episode,steps,score,coins,crates,bombs,reward,epsilon,killed_self,survived,states_visited
1,18,0,0,3,2,-8.38,0.9995,1,0,9
2,13,0,0,2,1,-9.13,0.999,1,0,14
3,9,0,0,3,1,-6.09,0.9986,1,0,14
4,6,0,0,4,1,-5.81,0.9981,1,0,18
5,11,0,0,1,1,-5.96,0.9976,1,0,19
6,33,0,0,3,1,-14.03,0.9971,1,0,19
7,6,0,0,3,1,-5.71,0.9967,1,0,19
8,18,0,0,2,1,-8.73,0.9962,1,0,20
9,11,0,0,2,1,-8.06,0.9957,1,0,20
10,7,0,0,2,1,-6.07,0.9952,1,0,20
11,5,0,0,3,1,-5.65,0.9948,1,0,20
12,9,0,0,3,1,-6.29,0.9943,1,0,20
13,6,0,0,4,1,-5.86,0.9938,1,0,20
14,5,0,0,3,1,-6.15,0.9933,1,0,20
15,20,0,0,2,1,-9.7,0.9929,1,0,20
16,8,0,0,2,1,-6.08,0.9924,1,0,23
17,15,0,0,3,1,-7.75,0.9919,1,0,23
18,9,0,0,2,1,-6.09,0.9915,1,0,23
19,7,0,0,3,1,-6.17,0.991,1,0,25
20,8,0,0,3,1,-6.23,0.9905,1,0,26
21,6,0,0,4,1,-5.46,0.99,1,0,26
22,10,0,0,2,1,-7.5,0.9896,1,0,26
23,18,0,0,4,1,-7.73,0.9891,1,0,27
24,9,0,0,3,1,-7.24,0.9886,1,0,27
25,6,0,0,2,1,-6.46,0.9881,1,0,27
26,13,0,0,3,1,-8.73,0.9877,1,0,27
27,8,0,0,2,1,-6.58,0.9872,1,0,27
28,6,0,0,4,1,-4.96,0.9867,1,0,27
29,6,0,0,2,1,-5.41,0.9862,1,0,27
30,19,0,0,6,2,-8.59,0.9858,1,0,28
31,11,0,0,2,1,-8.91,0.9853,1,0,28
32,9,0,0,2,1,-6.39,0.9848,1,0,28
33,6,0,0,1,1,-5.41,0.9843,1,0,28
34,6,0,0,3,1,-6.06,0.9839,1,0,28
35,6,0,0,3,1,-5.71,0.9834,1,0,28
36,7,0,0,5,1,-4.62,0.9829,1,0,31
37,6,0,0,3,1,-5.71,0.9824,1,0,31
38,5,0,0,2,1,-5.5,0.9819,1,0,31
39,10,0,0,2,1,-7.1,0.9815,1,0,31
40,12,0,0,3,1,-7.27,0.981,1,0,31
41,6,0,0,2,1,-5.51,0.9805,1,0,31
42,9,0,0,1,1,-7.39,0.98,1,0,31
43,8,0,0,3,1,-6.13,0.9796,1,0,31
44,9,0,0,1,1,-6.89,0.9791,1,0,31
45,7,0,0,2,1,-6.02,0.9786,1,0,33
46,5,0,0,3,1,-5.2,0.9781,1,0,33
47,10,0,0,1,1,-7.45,0.9777,1,0,33
48,6,0,0,3,1,-6.16,0.9772,1,0,33
49,27,0,0,4,1,-11.22,0.9767,1,0,33
50,15,0,0,3,1,-8.5,0.9762,1,0,33
51,7,0,0,4,1,-5.82,0.9758,1,0,33
52,6,0,0,4,1,-5.26,0.9753,1,0,33
53,43,0,0,6,2,-13.93,0.9748,1,0,34
54,5,0,0,3,1,-4.75,0.9744,1,0,34
55,10,0,0,3,1,-5.8,0.9739,1,0,34
56,10,0,0,2,1,-7.1,0.9734,1,0,34
57,8,0,0,3,1,-6.73,0.9729,1,0,34
58,6,0,0,4,1,-5.86,0.9725,1,0,34
59,25,0,0,6,2,-11.2,0.972,1,0,34
60,5,0,0,3,1,-6.05,0.9715,1,0,34
61,5,0,0,2,1,-5.5,0.971,1,0,34
62,7,0,0,2,1,-6.52,0.9706,1,0,34
63,11,0,0,5,1,-7.11,0.9701,1,0,34
64,5,0,0,2,1,-5.95,0.9696,1,0,34
65,26,0,0,4,2,-9.31,0.9691,1,0,36
66,5,0,0,2,1,-5.05,0.9687,1,0,36
67,22,0,0,3,2,-9.97,0.9682,1,0,36
68,15,0,0,4,1,-6.55,0.9677,1,0,36
69,6,0,0,1,1,-6.31,0.9672,1,0,36
70,6,0,0,3,1,-6.16,0.9667,1,0,36
71,11,0,0,3,1,-5.86,0.9663,1,0,36
72,6,0,0,2,1,-6.01,0.9658,1,0,36
73,15,0,0,4,1,-8.05,0.9653,1,0,36
74,5,0,0,2,1,-5.5,0.9648,1,0,36
75,5,0,0,3,1,-5.2,0.9644,1,0,36
76,24,0,0,5,2,-9.89,0.9639,1,0,37
77,5,0,0,4,1,-5.85,0.9634,1,0,37
78,5,0,0,1,1,-6.25,0.9629,1,0,37
79,5,0,0,4,1,-5.3,0.9625,1,0,37
80,11,0,0,4,1,-5.96,0.962,1,0,37
81,10,0,0,1,1,-6.95,0.9615,1,0,37
82,9,0,0,4,1,-6.29,0.961,1,0,37
83,10,0,0,2,1,-6.1,0.9606,1,0,37
84,14,0,0,2,1,-7.59,0.9601,1,0,39
85,22,0,0,2,2,-9.67,0.9596,1,0,39
86,16,0,0,4,1,-8.06,0.9591,1,0,39
87,15,0,0,2,1,-8.1,0.9587,1,0,39
88,10,0,0,3,1,-7.25,0.9582,1,0,39
89,8,0,0,3,1,-5.78,0.9577,1,0,39
90,7,0,0,3,1,-6.22,0.9573,1,0,39
91,9,0,0,3,1,-5.39,0.9568,1,0,39
92,8,0,0,1,1,-7.28,0.9563,1,0,39
93,12,0,0,2,1,-6.22,0.9558,1,0,39
94,12,0,0,2,1,-7.47,0.9554,1,0,41
95,7,0,0,2,1,-6.52,0.9549,1,0,41
96,7,0,0,2,1,-5.87,0.9544,1,0,41
97,5,0,0,4,1,-5.35,0.9539,1,0,41
98,6,0,0,1,1,-4.96,0.9535,1,0,41
99,9,0,0,3,1,-6.24,0.953,1,0,41
100,6,0,0,2,1,-5.56,0.9525,1,0,41
101,9,0,0,2,1,-7.54,0.952,1,0,41
102,20,0,0,3,1,-9.95,0.9516,1,0,41
103,8,0,0,3,1,-6.53,0.9511,1,0,41
104,15,0,0,3,1,-7.0,0.9506,1,0,41
105,16,0,0,3,1,-7.31,0.9501,1,0,41
106,8,0,0,2,1,-6.53,0.9496,1,0,41
107,11,0,0,3,1,-6.76,0.9492,1,0,41
108,5,0,0,4,1,-5.35,0.9487,1,0,41
109,5,0,0,3,1,-5.2,0.9482,1,0,41
110,5,0,0,3,1,-5.2,0.9477,1,0,41
111,16,0,0,3,1,-9.71,0.9473,1,0,41
112,16,0,0,2,1,-7.26,0.9468,1,0,41
113,5,0,0,3,1,-5.15,0.9463,1,0,41
114,7,0,0,3,1,-6.22,0.9458,1,0,41
115,10,0,0,3,1,-7.2,0.9454,1,0,41
116,10,0,0,4,1,-3.95,0.9449,1,0,43
117,14,0,0,3,1,-7.34,0.9444,1,0,43
118,5,0,0,3,1,-5.65,0.9439,1,0,43
119,7,0,0,3,1,-6.67,0.9435,1,0,43
120,21,0,0,6,1,-7.96,0.943,1,0,43
121,10,0,0,4,1,-6.45,0.9425,1,0,43
122,7,0,0,3,1,-5.67,0.9421,1,0,43
123,5,0,0,4,1,-4.45,0.9416,1,0,43
124,14,0,0,3,1,-7.84,0.9411,1,0,43
125,5,0,0,3,1,-5.65,0.9406,1,0,43
126,7,0,0,1,1,-5.87,0.9402,1,0,43
127,13,0,0,3,1,-7.28,0.9397,1,0,43
128,9,0,0,5,1,-4.59,0.9392,1,0,43
129,5,0,0,4,1,-5.35,0.9387,1,0,43
130,21,0,0,4,1,-7.16,0.9383,1,0,43
131,7,0,0,3,1,-5.72,0.9378,1,0,43
132,6,0,0,1,1,-6.31,0.9373,1,0,43
133,18,0,0,3,1,-8.33,0.9368,1,0,43
134,11,0,0,3,1,-7.26,0.9364,1,0,43
135,7,0,0,2,1,-6.52,0.9359,1,0,43
136,9,0,0,2,1,-6.54,0.9354,1,0,43
137,12,0,0,3,1,-7.82,0.9349,1,0,43
138,36,0,0,3,1,-12.76,0.9345,1,0,43
139,11,0,0,3,1,-8.21,0.934,1,0,43
140,8,0,0,4,1,-4.98,0.9335,1,0,43
141,9,0,0,3,1,-7.74,0.933,1,0,43
142,5,0,0,1,1,-5.8,0.9325,1,0,43
143,10,0,0,2,1,-6.1,0.9321,1,0,43
144,5,0,0,4,1,-5.3,0.9316,1,0,43
145,7,0,0,2,1,-5.97,0.9311,1,0,43
146,11,0,0,3,1,-5.91,0.9306,1,0,43
147,16,0,0,2,1,-7.11,0.9302,1,0,43
148,14,0,0,2,1,-7.14,0.9297,1,0,43
149,5,0,0,3,1,-5.7,0.9292,1,0,43
150,5,0,0,4,1,-5.25,0.9287,1,0,43
151,8,0,0,3,1,-5.73,0.9283,1,0,43
152,13,0,0,2,1,-7.68,0.9278,1,0,44
153,5,0,0,0,1,-5.6,0.9273,1,0,44
154,6,0,0,2,1,-5.51,0.9268,1,0,44
155,6,0,0,2,1,-6.51,0.9264,1,0,44
156,11,0,0,1,1,-7.36,0.9259,1,0,44
157,10,0,0,3,1,-5.8,0.9254,1,0,44
158,24,0,0,3,1,-9.64,0.925,1,0,44
159,5,0,0,2,1,-4.45,0.9245,1,0,45
160,6,0,0,3,1,-5.61,0.924,1,0,45
161,7,0,0,3,1,-5.22,0.9235,1,0,45
162,18,0,0,3,1,-7.88,0.9231,1,0,45
163,10,0,0,4,1,-6.9,0.9226,1,0,45
164,10,0,0,2,1,-7.4,0.9221,1,0,45
165,5,0,0,2,1,-5.95,0.9216,1,0,45
166,8,0,0,5,1,-5.63,0.9212,1,0,45
167,5,0,0,2,1,-5.0,0.9207,1,0,45
168,8,0,0,3,1,-5.73,0.9202,1,0,45
169,5,0,0,3,1,-5.2,0.9197,1,0,45
170,13,0,0,2,1,-7.33,0.9193,1,0,45
171,5,0,0,2,1,-6.45,0.9188,1,0,45
172,5,0,0,3,1,-5.2,0.9183,1,0,45
173,6,0,0,3,1,-5.71,0.9178,1,0,45
174,14,0,0,3,1,-7.89,0.9173,1,0,45
175,19,0,0,2,1,-8.84,0.9169,1,0,47
176,9,0,0,4,1,-5.84,0.9164,1,0,47
177,6,0,0,4,1,-5.41,0.9159,1,0,47
178,5,0,0,3,1,-5.6,0.9154,1,0,47
179,7,0,0,3,1,-5.32,0.915,1,0,47
180,8,0,0,3,1,-6.73,0.9145,1,0,47
181,7,0,0,1,1,-5.97,0.914,1,0,47
182,9,0,0,4,1,-5.49,0.9135,1,0,47
183,18,0,0,4,1,-8.53,0.9131,1,0,48
184,11,0,0,4,1,-6.96,0.9126,1,0,48
185,6,0,0,2,1,-5.86,0.9121,1,0,48
186,13,0,0,2,1,-6.18,0.9116,1,0,48
187,6,0,0,3,1,-5.71,0.9112,1,0,48
188,7,0,0,3,1,-5.72,0.9107,1,0,48
189,12,0,0,3,1,-6.87,0.9102,1,0,48
190,5,0,0,2,1,-5.95,0.9098,1,0,48
191,6,0,0,2,1,-5.06,0.9093,1,0,48
192,17,0,0,2,1,-7.77,0.9088,1,0,48
193,7,0,0,3,1,-6.22,0.9083,1,0,48
194,9,0,0,2,1,-6.54,0.9079,1,0,48
195,5,0,0,0,1,-5.65,0.9074,1,0,48
196,9,0,0,2,1,-5.69,0.9069,1,0,48
197,6,0,0,2,1,-5.51,0.9064,1,0,48
198,8,0,0,4,1,-6.43,0.906,1,0,48
199,5,0,0,4,1,-4.9,0.9055,1,0,48
200,9,0,0,2,1,-6.04,0.905,1,0,48
201,7,0,0,3,1,-6.17,0.9045,1,0,48
202,15,0,0,3,1,-7.85,0.9041,1,0,48
203,6,0,0,4,1,-5.41,0.9036,1,0,48
204,5,0,0,4,1,-5.3,0.9031,1,0,48
205,12,0,0,3,1,-7.77,0.9026,1,0,48
206,10,0,0,4,1,-6.45,0.9022,1,0,48
207,9,0,0,3,1,-7.19,0.9017,1,0,48
208,8,0,0,4,1,-5.98,0.9012,1,0,48
209,12,0,0,2,1,-8.07,0.9007,1,0,48
210,5,0,0,2,1,-5.95,0.9002,1,0,48
211,8,0,0,2,1,-6.53,0.8998,1,0,48
212,8,0,0,3,1,-6.28,0.8993,1,0,48
213,7,0,0,1,1,-6.82,0.8988,1,0,48
214,5,0,0,4,1,-5.25,0.8983,1,0,48
215,5,0,0,4,1,-4.45,0.8979,1,0,48
216,5,0,0,3,1,-5.2,0.8974,1,0,48
217,32,0,0,2,1,-10.72,0.8969,1,0,48
218,11,0,0,4,1,-7.46,0.8964,1,0,48
219,8,0,0,4,1,-5.43,0.896,1,0,48
220,10,0,0,2,1,-7.55,0.8955,1,0,48
221,15,0,0,2,1,-7.15,0.895,1,0,48
222,19,0,0,3,1,-9.89,0.8945,1,0,48
223,23,0,0,2,1,-9.83,0.8941,1,0,48
224,13,0,0,3,1,-6.33,0.8936,1,0,48
225,5,0,0,4,1,-5.35,0.8931,1,0,48
226,6,0,0,4,1,-4.31,0.8926,1,0,48
227,28,0,0,3,1,-11.13,0.8922,1,0,48
228,8,0,0,4,1,-5.88,0.8917,1,0,48
229,11,0,0,4,1,-6.06,0.8912,1,0,48
230,5,0,0,3,1,-4.7,0.8908,1,0,48
231,5,0,0,3,1,-5.1,0.8903,1,0,48
232,8,0,0,3,1,-6.23,0.8898,1,0,48
233,5,0,0,3,1,-6.05,0.8893,1,0,48
234,17,0,0,6,1,-7.02,0.8889,1,0,48
235,9,0,0,4,1,-6.39,0.8884,1,0,48
236,8,0,0,2,1,-6.03,0.8879,1,0,48
237,7,0,0,1,1,-6.77,0.8874,1,0,48
238,29,0,0,6,3,-9.59,0.887,1,0,49
239,13,0,0,3,1,-7.28,0.8865,1,0,49
240,13,0,0,3,1,-7.38,0.886,1,0,49
241,6,0,0,3,1,-5.96,0.8855,1,0,49
242,17,0,0,6,1,-6.37,0.8851,1,0,49
243,8,0,0,1,1,-6.88,0.8846,1,0,49
244,15,0,0,4,1,-6.1,0.8841,1,0,49
245,20,0,0,2,1,-11.95,0.8836,1,0,49
246,15,0,0,3,1,-9.2,0.8831,1,0,49
247,15,0,0,3,1,-6.85,0.8827,1,0,49
248,7,0,0,4,1,-5.42,0.8822,1,0,49
249,6,0,0,2,1,-5.56,0.8817,1,0,49
250,5,0,0,4,1,-4.9,0.8812,1,0,49
251,5,0,0,3,1,-5.15,0.8808,1,0,49
252,6,0,0,2,1,-5.51,0.8803,1,0,49
253,5,0,0,3,1,-6.05,0.8798,1,0,49
254,5,0,0,2,1,-4.45,0.8793,1,0,50
255,7,0,0,4,1,-5.27,0.8789,1,0,50
256,6,0,0,3,1,-6.21,0.8784,1,0,50
257,7,0,0,3,1,-6.57,0.8779,1,0,50
258,19,0,0,3,1,-9.49,0.8775,1,0,50
259,14,0,0,1,1,-7.99,0.877,1,0,50
260,9,0,0,3,1,-5.24,0.8765,1,0,50
261,6,0,0,4,1,-5.86,0.876,1,0,50
262,10,0,0,2,1,-5.9,0.8756,1,0,50
263,8,0,0,2,1,-7.03,0.8751,1,0,50
264,5,0,0,4,1,-5.25,0.8746,1,0,50
265,13,0,0,3,1,-6.43,0.8741,1,0,50
266,6,0,0,4,1,-4.96,0.8737,1,0,50
267,7,0,0,3,1,-6.22,0.8732,1,0,50
268,16,0,0,4,1,-8.51,0.8727,1,0,50
269,18,0,0,2,1,-8.38,0.8722,1,0,50
270,9,0,0,2,1,-7.04,0.8718,1,0,50
271,7,0,0,4,1,-5.27,0.8713,1,0,50
272,8,0,0,4,1,-5.43,0.8708,1,0,50
273,9,0,0,2,1,-5.64,0.8703,1,0,50
274,7,0,0,4,1,-5.92,0.8699,1,0,50
275,5,0,0,4,1,-5.35,0.8694,1,0,50
276,6,0,0,3,1,-6.16,0.8689,1,0,50
277,6,0,0,3,1,-5.61,0.8684,1,0,50
278,15,0,0,3,1,-8.4,0.8679,1,0,50
279,6,0,0,2,1,-6.01,0.8675,1,0,50
280,10,0,0,1,1,-7.85,0.867,1,0,50
281,11,0,0,1,1,-8.36,0.8665,1,0,50
282,8,0,0,3,1,-7.18,0.866,1,0,50
283,5,0,0,3,1,-4.3,0.8656,1,0,50
284,13,0,0,3,1,-7.18,0.8651,1,0,50
285,7,0,0,2,1,-6.02,0.8646,1,0,50
286,8,0,0,3,1,-6.08,0.8641,1,0,50
287,26,0,0,3,1,-9.26,0.8637,1,0,50
288,6,0,0,3,1,-5.21,0.8632,1,0,50
289,17,0,0,6,1,-7.52,0.8627,1,0,50
290,8,0,0,2,1,-5.98,0.8622,1,0,50
291,17,0,0,6,1,-7.07,0.8618,1,0,50
292,7,0,0,3,1,-5.32,0.8613,1,0,50
293,5,0,0,2,1,-5.05,0.8608,1,0,50
294,8,0,0,3,1,-6.18,0.8603,1,0,50
295,5,0,0,3,1,-5.55,0.8599,1,0,50
296,5,0,0,4,1,-5.85,0.8594,1,0,50
297,10,0,0,2,1,-7.5,0.8589,1,0,50
298,16,0,0,4,2,-7.11,0.8585,1,0,50
299,9,0,0,3,1,-6.79,0.858,1,0,50
300,6,0,0,3,1,-5.66,0.8575,1,0,50
301,12,0,0,2,1,-6.82,0.857,1,0,50
302,8,0,0,3,1,-6.23,0.8566,1,0,50
303,14,0,0,3,1,-8.29,0.8561,1,0,50
304,15,0,0,0,1,-8.3,0.8556,1,0,50
305,5,0,0,1,1,-6.3,0.8551,1,0,50
306,8,0,0,3,1,-6.28,0.8547,1,0,50
307,14,0,0,3,1,-8.44,0.8542,1,0,50
308,7,0,0,2,1,-6.52,0.8537,1,0,50
309,6,0,0,3,1,-5.71,0.8532,1,0,50
310,6,0,0,3,1,-6.06,0.8528,1,0,50
311,5,0,0,4,1,-5.25,0.8523,1,0,50
312,12,0,0,2,1,-7.17,0.8518,1,0,50
313,5,0,0,3,1,-4.15,0.8513,1,0,50
314,14,0,0,3,1,-5.29,0.8508,1,0,50
315,8,0,0,3,1,-6.73,0.8504,1,0,50
316,16,0,0,3,1,-9.86,0.8499,1,0,50
317,17,0,0,3,1,-6.97,0.8494,1,0,50
318,14,0,0,4,1,-8.39,0.8489,1,0,50
319,7,0,0,3,1,-5.82,0.8485,1,0,50
320,9,0,0,3,1,-6.69,0.848,1,0,50
321,8,0,0,4,1,-4.08,0.8475,1,0,50
322,11,0,0,2,1,-6.26,0.847,1,0,50
323,18,0,0,3,1,-8.38,0.8466,1,0,50
324,5,0,0,4,1,-4.9,0.8461,1,0,50
325,8,0,0,4,1,-5.53,0.8456,1,0,50
326,5,0,0,4,1,-4.9,0.8452,1,0,50
327,9,0,0,3,1,-5.39,0.8447,1,0,50
328,22,0,0,3,1,-8.07,0.8442,1,0,50
329,8,0,0,2,1,-7.53,0.8437,1,0,50
330,17,0,0,2,1,-7.82,0.8433,1,0,50
331,24,0,0,3,2,-8.04,0.8428,1,0,50
332,17,0,0,3,2,-8.07,0.8423,1,0,50
333,8,0,0,2,1,-5.08,0.8418,1,0,50
334,10,0,0,3,1,-8.25,0.8414,1,0,50
335,6,0,0,3,1,-5.71,0.8409,1,0,50
336,7,0,0,3,1,-6.17,0.8404,1,0,50
337,18,0,0,4,2,-7.98,0.8399,1,0,53
338,8,0,0,2,1,-7.03,0.8395,1,0,53
339,5,0,0,3,1,-5.2,0.839,1,0,53
340,16,0,0,1,1,-9.06,0.8385,1,0,53
341,10,0,0,3,1,-7.65,0.838,1,0,53
342,9,0,0,4,1,-4.94,0.8376,1,0,53
343,6,0,0,2,1,-5.06,0.8371,1,0,53
344,6,0,0,2,1,-5.61,0.8366,1,0,53
345,13,0,0,3,1,-7.33,0.8361,1,0,53
346,15,0,0,5,1,-7.15,0.8357,1,0,55
347,6,0,0,3,1,-6.16,0.8352,1,0,55
348,5,0,0,4,1,-4.9,0.8347,1,0,55
349,5,0,0,2,1,-5.85,0.8342,1,0,55
350,11,0,0,2,1,-6.66,0.8337,1,0,55
351,5,0,0,4,1,-4.8,0.8333,1,0,55
352,22,0,0,6,2,-8.97,0.8328,1,0,57
353,7,0,0,4,1,-4.92,0.8323,1,0,57
354,5,0,0,4,1,-4.9,0.8318,1,0,57
355,16,0,0,3,1,-10.36,0.8314,1,0,57
356,10,0,0,3,1,-6.25,0.8309,1,0,57
357,11,0,0,3,1,-7.76,0.8304,1,0,57
358,22,0,0,4,1,-9.02,0.8299,1,0,57
359,5,0,0,4,1,-4.9,0.8295,1,0,57
360,11,0,0,1,1,-7.46,0.829,1,0,57
361,7,0,0,2,1,-5.57,0.8285,1,0,57
362,5,0,0,4,1,-5.25,0.828,1,0,57
363,7,0,0,3,1,-6.12,0.8276,1,0,57
364,9,0,0,3,1,-7.24,0.8271,1,0,57
365,12,0,0,2,1,-6.87,0.8266,1,0,57
366,10,0,0,3,1,-7.6,0.8262,1,0,57
367,5,0,0,4,1,-4.9,0.8257,1,0,57
368,5,0,0,2,1,-5.55,0.8252,1,0,57
369,8,0,0,3,1,-5.23,0.8247,1,0,57
370,6,0,0,3,1,-5.71,0.8243,1,0,57
371,12,0,0,2,1,-7.97,0.8238,1,0,57
372,5,0,0,2,1,-5.05,0.8233,1,0,57
373,5,0,0,3,1,-5.65,0.8228,1,0,57
374,23,0,0,4,1,-8.23,0.8224,1,0,57
375,6,0,0,2,1,-5.86,0.8219,1,0,57
376,39,1,1,5,3,-11.14,0.8214,1,0,57
377,5,0,0,2,1,-5.95,0.8209,1,0,57
378,12,0,0,6,1,-7.37,0.8205,1,0,57
379,6,0,0,3,1,-6.16,0.82,1,0,57
380,6,0,0,3,1,-5.06,0.8195,1,0,57
381,8,0,0,2,1,-6.98,0.819,1,0,57
382,7,0,0,2,1,-5.57,0.8185,1,0,57
383,9,0,0,6,1,-5.84,0.8181,1,0,57
384,6,0,0,3,1,-5.26,0.8176,1,0,57
385,6,0,0,3,1,-5.56,0.8171,1,0,57
386,10,0,0,6,1,-5.4,0.8166,1,0,57
387,10,0,0,1,1,-6.85,0.8162,1,0,57
388,5,0,0,4,1,-4.9,0.8157,1,0,57
389,10,0,0,3,1,-7.7,0.8152,1,0,57
390,15,0,0,5,2,-7.25,0.8147,1,0,57
391,12,0,0,3,1,-5.87,0.8143,1,0,57
392,23,0,0,5,2,-6.78,0.8138,1,0,58
393,12,0,0,2,1,-6.67,0.8133,1,0,58
394,24,0,0,9,2,-7.14,0.8128,1,0,58
395,6,0,0,3,1,-5.61,0.8124,1,0,58
396,8,0,0,3,1,-6.73,0.8119,1,0,58
397,7,0,0,3,1,-5.22,0.8114,1,0,58
398,6,0,0,2,1,-4.51,0.811,1,0,58
399,8,0,0,3,1,-6.68,0.8105,1,0,58
400,7,0,0,3,1,-4.72,0.81,1,0,58
401,11,0,0,6,1,-4.91,0.8095,1,0,58
402,12,0,0,2,1,-7.12,0.8091,1,0,58
403,7,0,0,3,1,-6.22,0.8086,1,0,58
404,6,0,0,1,1,-6.76,0.8081,1,0,58
405,8,0,0,3,1,-6.73,0.8076,1,0,58
406,9,0,0,1,1,-7.29,0.8072,1,0,58
407,9,0,0,3,1,-7.24,0.8067,1,0,58
408,53,0,0,5,2,-14.28,0.8062,1,0,58
409,15,0,0,3,1,-6.95,0.8057,1,0,58
410,6,0,0,2,1,-6.01,0.8053,1,0,58
411,5,0,0,3,1,-5.7,0.8048,1,0,58
412,7,0,0,3,1,-5.22,0.8043,1,0,58
413,19,0,0,3,1,-9.49,0.8038,1,0,58
414,20,0,0,5,1,-7.15,0.8034,1,0,58
415,6,0,0,3,1,-6.16,0.8029,1,0,58
416,13,0,0,4,1,-7.43,0.8024,1,0,58
417,25,0,0,5,2,-9.95,0.8019,1,0,58
418,7,0,0,4,1,-5.02,0.8014,1,0,58
419,34,0,0,2,1,-12.19,0.801,1,0,58
420,9,0,0,2,1,-5.64,0.8005,1,0,58
421,7,0,0,2,1,-6.42,0.8,1,0,58
422,5,0,0,2,1,-5.05,0.7995,1,0,58
423,5,0,0,2,1,-4.5,0.7991,1,0,58
424,5,0,0,3,1,-5.7,0.7986,1,0,58
425,12,0,0,2,1,-5.17,0.7981,1,0,58
426,6,0,0,3,1,-6.16,0.7976,1,0,58
427,5,0,0,3,1,-4.65,0.7972,1,0,58
428,7,0,0,2,1,-5.97,0.7967,1,0,58
429,5,0,0,3,1,-5.2,0.7962,1,0,58
430,9,0,0,2,1,-6.09,0.7957,1,0,58
431,6,0,0,3,1,-4.81,0.7953,1,0,58
432,15,0,0,3,1,-9.85,0.7948,1,0,58
433,14,0,0,3,1,-9.24,0.7943,1,0,58
434,5,0,0,4,1,-4.9,0.7938,1,0,58
435,15,0,0,3,1,-6.95,0.7934,1,0,58
436,7,0,0,1,1,-5.92,0.7929,1,0,58
437,10,0,0,2,1,-6.05,0.7924,1,0,58
438,5,0,0,4,1,-5.4,0.792,1,0,58
439,6,0,0,3,1,-5.21,0.7915,1,0,58
440,11,0,0,3,1,-5.91,0.791,1,0,58
441,7,0,0,4,1,-6.42,0.7905,1,0,58
442,9,0,0,3,1,-7.24,0.7901,1,0,58
443,5,0,0,4,1,-4.45,0.7896,1,0,58
444,10,0,0,4,1,-5.9,0.7891,1,0,58
445,10,0,0,2,1,-7.05,0.7886,1,0,58
446,5,0,0,2,1,-5.55,0.7882,1,0,58
447,15,0,0,3,1,-7.45,0.7877,1,0,58
448,8,0,0,4,1,-6.33,0.7872,1,0,58
449,6,0,0,4,1,-5.76,0.7867,1,0,58
450,7,0,0,3,1,-5.32,0.7863,1,0,58
451,5,0,0,3,1,-4.7,0.7858,1,0,58
452,6,0,0,2,1,-6.01,0.7853,1,0,58
453,5,0,0,4,1,-5.25,0.7848,1,0,58
454,5,0,0,3,1,-5.65,0.7843,1,0,58
455,7,0,0,4,1,-6.37,0.7839,1,0,58
456,5,0,0,4,1,-4.9,0.7834,1,0,58
457,5,0,0,4,1,-5.35,0.7829,1,0,58
458,8,0,0,3,1,-6.73,0.7824,1,0,58
459,8,0,0,4,1,-5.98,0.782,1,0,58
460,6,0,0,3,1,-4.56,0.7815,1,0,58
461,5,0,0,3,1,-5.65,0.781,1,0,58
462,7,0,0,3,1,-4.87,0.7805,1,0,58
463,7,0,0,2,1,-6.07,0.7801,1,0,58
464,5,0,0,3,1,-5.2,0.7796,1,0,58
465,5,0,0,2,1,-5.5,0.7791,1,0,58
466,9,0,0,4,1,-5.39,0.7787,1,0,58
467,12,0,0,4,1,-7.02,0.7782,1,0,58
468,7,0,0,3,1,-6.22,0.7777,1,0,58
469,8,0,0,4,1,-5.88,0.7772,1,0,58
470,14,0,0,3,1,-6.89,0.7768,1,0,58
471,5,0,0,4,1,-5.35,0.7763,1,0,58
472,7,0,0,4,1,-6.27,0.7758,1,0,58
473,5,0,0,4,1,-5.85,0.7753,1,0,58
474,17,0,1,5,2,-7.07,0.7749,1,0,58
475,5,0,0,1,1,-5.85,0.7744,1,0,58
476,24,0,0,6,2,-8.59,0.7739,1,0,58
477,5,0,0,4,1,-4.8,0.7734,1,0,58
478,9,0,0,3,1,-6.64,0.773,1,0,58
479,6,0,0,1,1,-6.76,0.7725,1,0,58
480,5,0,0,4,1,-5.35,0.772,1,0,58
481,8,0,0,2,1,-6.48,0.7715,1,0,58
482,10,0,0,3,1,-6.3,0.7711,1,0,58
483,13,0,0,4,1,-6.98,0.7706,1,0,58
484,10,0,0,4,1,-6.45,0.7701,1,0,58
485,10,0,0,2,1,-6.15,0.7696,1,0,58
486,6,0,0,1,1,-5.81,0.7692,1,0,58
487,5,0,0,3,1,-5.2,0.7687,1,0,58
488,6,0,0,2,1,-6.46,0.7682,1,0,58
489,7,0,0,2,1,-6.52,0.7677,1,0,58
490,7,0,0,4,1,-5.47,0.7672,1,0,58
491,10,0,0,3,1,-6.3,0.7668,1,0,58
492,14,0,0,1,1,-8.44,0.7663,1,0,58
493,8,0,0,3,1,-6.68,0.7658,1,0,58
494,20,0,0,3,1,-7.05,0.7653,1,0,58
495,5,0,0,4,1,-4.45,0.7649,1,0,58
496,9,0,0,1,1,-6.44,0.7644,1,0,58
497,7,0,0,1,1,-6.32,0.7639,1,0,58
498,12,0,0,1,1,-8.47,0.7634,1,0,58
499,6,0,0,2,1,-5.96,0.763,1,0,58
500,11,0,0,3,1,-6.36,0.7625,1,0,58
501,6,0,0,3,1,-5.26,0.762,1,0,58
502,9,0,0,3,1,-5.24,0.7615,1,0,58
503,11,0,0,3,1,-6.76,0.7611,1,0,58
504,5,0,0,3,1,-5.1,0.7606,1,0,58
505,5,0,0,4,1,-4.45,0.7601,1,0,58
506,5,0,0,4,1,-5.25,0.7597,1,0,58
507,7,0,0,3,1,-5.72,0.7592,1,0,58
508,8,0,0,4,1,-5.88,0.7587,1,0,58
509,5,0,0,3,1,-5.05,0.7582,1,0,58
510,6,0,0,2,1,-6.36,0.7578,1,0,58
511,5,0,0,2,1,-5.4,0.7573,1,0,58
512,5,0,0,4,1,-4.8,0.7568,1,0,58
513,10,0,0,4,1,-6.55,0.7563,1,0,58
514,6,0,0,3,1,-5.71,0.7559,1,0,58
515,15,0,0,4,1,-7.65,0.7554,1,0,58
516,5,0,0,4,1,-4.9,0.7549,1,0,58
517,24,0,0,4,1,-9.04,0.7544,1,0,58
518,5,0,0,2,1,-5.5,0.754,1,0,58
519,8,0,0,2,1,-5.58,0.7535,1,0,58
520,11,0,0,2,1,-6.11,0.753,1,0,58
521,5,0,0,2,1,-5.55,0.7525,1,0,58
522,5,0,0,4,1,-4.9,0.752,1,0,58
523,5,0,0,3,1,-5.25,0.7516,1,0,58
524,14,0,0,4,1,-5.59,0.7511,1,0,58
525,5,0,0,1,1,-5.3,0.7506,1,0,58
526,8,0,0,3,1,-5.83,0.7501,1,0,58
527,7,0,0,3,1,-6.27,0.7497,1,0,58
528,5,0,0,4,1,-5.35,0.7492,1,0,58
529,9,0,0,2,1,-6.49,0.7487,1,0,58
530,8,0,0,2,1,-6.03,0.7483,1,0,58
531,5,0,0,4,1,-4.9,0.7478,1,0,58
532,5,0,0,3,1,-4.7,0.7473,1,0,58
533,10,0,0,2,1,-5.15,0.7468,1,0,58
534,7,0,0,4,1,-5.47,0.7464,1,0,58
535,7,0,0,0,1,-6.17,0.7459,1,0,58
536,9,0,0,4,1,-5.49,0.7454,1,0,58
537,5,0,0,4,1,-4.9,0.7449,1,0,58
538,5,0,0,3,1,-5.1,0.7445,1,0,58
539,7,0,0,3,1,-4.77,0.744,1,0,58
540,8,0,0,3,1,-5.73,0.7435,1,0,58
541,13,0,0,4,1,-6.58,0.743,1,0,58
542,6,0,0,2,1,-5.56,0.7426,1,0,58
543,10,0,0,4,1,-5.6,0.7421,1,0,58
544,10,0,0,3,1,-6.75,0.7416,1,0,58
545,5,0,0,3,1,-4.75,0.7411,1,0,58
546,5,0,0,3,1,-4.75,0.7407,1,0,58
547,5,0,0,3,1,-5.45,0.7402,1,0,58
548,5,0,0,3,1,-5.15,0.7397,1,0,58
549,8,0,0,3,1,-5.88,0.7392,1,0,58
550,12,0,0,4,1,-6.82,0.7388,1,0,58
551,6,0,0,4,1,-5.86,0.7383,1,0,58
552,46,0,0,1,2,-14.76,0.7378,1,0,58
553,20,0,0,2,1,-8.3,0.7373,1,0,58
554,5,0,0,3,1,-5.2,0.7369,1,0,58
555,5,0,0,4,1,-4.45,0.7364,1,0,58
556,5,0,0,1,1,-6.25,0.7359,1,0,58
557,6,0,0,2,1,-4.71,0.7354,1,0,58
558,5,0,0,2,1,-5.5,0.7349,1,0,58
559,6,0,0,2,1,-6.51,0.7345,1,0,58
560,5,0,0,4,1,-5.35,0.734,1,0,58
561,7,0,0,1,1,-6.32,0.7335,1,0,58
562,19,0,0,3,1,-8.59,0.733,1,0,58
563,5,0,0,4,1,-4.9,0.7326,1,0,58
564,20,0,0,3,1,-8.55,0.7321,1,0,58
565,7,0,0,4,1,-4.82,0.7316,1,0,58
566,9,0,0,3,1,-6.74,0.7311,1,0,58
567,6,0,0,3,1,-5.61,0.7307,1,0,58
568,5,0,0,4,1,-4.9,0.7302,1,0,58
569,6,0,0,3,1,-5.61,0.7297,1,0,58
570,12,0,0,3,1,-7.32,0.7292,1,0,58
571,8,0,0,3,1,-6.68,0.7288,1,0,58
572,5,0,0,3,1,-4.75,0.7283,1,0,58
573,7,0,0,3,1,-5.67,0.7278,1,0,58
574,5,0,0,2,1,-5.0,0.7274,1,0,58
575,8,0,0,3,1,-5.73,0.7269,1,0,58
576,5,0,0,4,1,-5.35,0.7264,1,0,58
577,10,0,0,1,1,-6.85,0.7259,1,0,58
578,10,0,0,3,1,-5.45,0.7255,1,0,58
579,9,0,0,4,1,-5.84,0.725,1,0,58
580,10,0,0,2,1,-7.05,0.7245,1,0,58
581,6,0,0,4,1,-4.96,0.724,1,0,58
582,7,0,0,4,1,-6.17,0.7236,1,0,58
583,8,0,0,4,1,-4.98,0.7231,1,0,59
584,23,0,0,2,1,-8.98,0.7226,1,0,59
585,8,0,0,2,1,-6.13,0.7221,1,0,59
586,7,0,0,2,1,-6.02,0.7217,1,0,59
587,5,0,0,2,1,-5.1,0.7212,1,0,59
588,7,0,0,4,1,-6.37,0.7207,1,0,59
589,15,0,0,3,1,-7.4,0.7202,1,0,59
590,8,0,0,4,1,-4.98,0.7198,1,0,59
591,7,0,0,2,1,-6.02,0.7193,1,0,60
592,12,0,0,4,1,-6.37,0.7188,1,0,60
593,13,0,0,4,1,-6.08,0.7183,1,0,60
594,13,0,0,5,1,-6.18,0.7179,1,0,60
595,42,0,0,6,2,-12.77,0.7174,1,0,60
596,46,0,0,2,1,-12.11,0.7169,1,0,60
597,11,0,0,3,1,-6.81,0.7164,1,0,60
598,21,0,0,4,1,-6.71,0.716,1,0,60
599,15,0,0,1,1,-5.95,0.7155,1,0,60
600,18,0,0,4,1,-8.58,0.715,1,0,60
601,5,0,0,3,1,-5.25,0.7145,1,0,60
602,6,0,0,2,1,-6.01,0.7141,1,0,60
603,6,0,0,2,1,-5.01,0.7136,1,0,60
604,5,0,0,3,1,-5.15,0.7131,1,0,60
605,5,0,0,1,1,-5.35,0.7126,1,0,60
606,5,0,0,4,1,-5.25,0.7122,1,0,60
607,14,0,0,4,1,-6.14,0.7117,1,0,60
608,5,0,0,2,1,-5.5,0.7112,1,0,60
609,5,0,0,3,1,-5.65,0.7107,1,0,60
610,5,0,0,4,1,-4.9,0.7103,1,0,60
611,8,0,0,3,1,-5.83,0.7098,1,0,60
612,19,0,0,3,2,-6.59,0.7093,1,0,60
613,20,0,0,2,1,-7.65,0.7088,1,0,60
614,16,0,0,3,1,-7.61,0.7084,1,0,60
615,5,0,0,4,1,-5.15,0.7079,1,0,60
616,14,0,0,2,1,-7.59,0.7074,1,0,60
617,6,0,0,3,1,-5.16,0.7069,1,0,60
618,5,0,0,4,1,-4.9,0.7065,1,0,60
619,5,0,0,3,1,-4.3,0.706,1,0,60
620,5,0,0,3,1,-5.2,0.7055,1,0,60
621,5,0,0,2,1,-4.95,0.705,1,0,60
622,8,0,0,3,1,-5.73,0.7046,1,0,60
623,15,0,0,4,1,-7.1,0.7041,1,0,60
624,5,0,0,2,1,-6.45,0.7036,1,0,60
625,5,0,0,1,1,-6.25,0.7031,1,0,60
626,8,0,0,2,1,-5.08,0.7026,1,0,60
627,5,0,0,3,1,-4.75,0.7022,1,0,60
628,7,0,0,2,1,-6.02,0.7017,1,0,60
629,6,0,0,3,1,-5.71,0.7012,1,0,60
630,10,0,0,4,1,-5.8,0.7007,1,0,60
631,8,0,0,4,1,-4.53,0.7003,1,0,60
632,6,0,0,4,1,-4.51,0.6998,1,0,60
633,5,0,0,3,1,-5.2,0.6993,1,0,60
634,7,0,0,4,1,-4.92,0.6988,1,0,60
635,9,0,0,3,1,-6.69,0.6984,1,0,60
636,22,0,0,2,1,-9.77,0.6979,1,0,60
637,5,0,0,3,1,-5.65,0.6974,1,0,60
638,6,0,0,4,1,-4.96,0.6969,1,0,60
639,5,0,0,3,1,-5.65,0.6965,1,0,60
640,6,0,0,3,1,-5.16,0.696,1,0,60
641,5,0,0,4,1,-5.3,0.6955,1,0,60
642,5,0,0,2,1,-5.95,0.695,1,0,60
643,5,0,0,3,1,-5.65,0.6946,1,0,60
644,5,0,0,2,1,-5.05,0.6941,1,0,60
645,12,0,0,3,1,-5.82,0.6936,1,0,60
646,5,0,0,3,1,-4.75,0.6931,1,0,60
647,5,0,0,3,1,-5.65,0.6927,1,0,60
648,5,0,0,4,1,-4.45,0.6922,1,0,60
649,5,0,0,4,1,-4.9,0.6917,1,0,60
650,5,0,0,3,1,-5.15,0.6913,1,0,60
651,5,0,0,3,1,-5.2,0.6908,1,0,60
652,5,0,0,3,1,-4.75,0.6903,1,0,60
653,5,0,0,3,1,-5.7,0.6898,1,0,60
654,5,0,0,4,1,-5.4,0.6894,1,0,60
655,6,0,0,3,1,-5.66,0.6889,1,0,60
656,6,0,0,3,1,-5.11,0.6884,1,0,60
657,6,0,0,4,1,-5.41,0.6879,1,0,60
658,5,0,0,3,1,-4.75,0.6875,1,0,60
659,12,0,0,2,1,-5.72,0.687,1,0,60
660,5,0,0,3,1,-5.2,0.6865,1,0,60
661,7,0,0,4,1,-4.57,0.686,1,0,60
662,11,0,0,3,1,-8.26,0.6855,1,0,60
663,12,0,0,2,1,-5.72,0.6851,1,0,60
664,6,0,0,2,1,-5.96,0.6846,1,0,60
665,16,0,0,3,1,-7.91,0.6841,1,0,60
666,5,0,0,3,1,-5.2,0.6836,1,0,60
667,5,0,0,4,1,-4.45,0.6832,1,0,60
668,5,0,0,4,1,-4.45,0.6827,1,0,60
669,5,0,0,3,1,-4.65,0.6822,1,0,60
670,5,0,0,1,1,-4.8,0.6818,1,0,60
671,6,0,0,4,1,-4.51,0.6813,1,0,60
672,9,0,0,2,1,-6.54,0.6808,1,0,60
673,6,0,0,2,1,-5.41,0.6803,1,0,60
674,10,0,0,3,1,-6.3,0.6799,1,0,60
675,6,0,0,4,1,-5.41,0.6794,1,0,60
676,6,0,0,3,1,-4.66,0.6789,1,0,60
677,5,0,0,3,1,-5.65,0.6784,1,0,60
678,10,0,0,3,1,-6.3,0.678,1,0,60
679,5,0,0,0,1,-5.65,0.6775,1,0,60
680,10,0,0,2,1,-6.1,0.677,1,0,60
681,6,0,0,2,1,-5.96,0.6765,1,0,60
682,8,0,0,3,1,-4.83,0.6761,1,0,60
683,6,0,0,1,1,-5.86,0.6756,1,0,60
684,7,0,0,3,1,-6.17,0.6751,1,0,60
685,5,0,0,3,1,-4.75,0.6746,1,0,60
686,11,0,0,4,1,-5.61,0.6742,1,0,60
687,5,0,0,4,1,-4.0,0.6737,1,0,60
688,5,0,0,3,1,-5.15,0.6732,1,0,60
689,5,0,0,3,1,-5.25,0.6727,1,0,60
690,5,0,0,4,1,-4.9,0.6723,1,0,60
691,5,0,0,3,1,-5.65,0.6718,1,0,60
692,8,0,0,2,1,-5.58,0.6713,1,0,60
693,5,0,0,2,1,-5.05,0.6708,1,0,60
694,8,0,0,3,1,-4.88,0.6704,1,0,60
695,11,0,0,3,1,-6.36,0.6699,1,0,60
696,6,0,0,3,1,-5.21,0.6694,1,0,60
697,10,0,0,4,1,-5.55,0.6689,1,0,60
698,7,0,0,3,1,-6.27,0.6684,1,0,60
699,8,0,0,4,1,-5.33,0.668,1,0,60
700,9,0,0,4,1,-4.99,0.6675,1,0,60
701,36,0,0,6,2,-8.01,0.667,1,0,60
702,5,0,0,3,1,-5.55,0.6665,1,0,60
703,8,0,0,4,1,-4.88,0.6661,1,0,60
704,5,0,0,2,1,-5.95,0.6656,1,0,60
705,21,0,0,4,2,-9.16,0.6651,1,0,60
706,20,0,0,2,1,-7.2,0.6646,1,0,60
707,6,0,0,3,1,-5.11,0.6642,1,0,60
708,24,0,0,3,1,-9.34,0.6637,1,0,60
709,18,0,0,4,1,-6.03,0.6632,1,0,60
710,9,0,0,1,1,-5.34,0.6627,1,0,60
711,13,0,0,1,1,-6.93,0.6623,1,0,60
712,10,0,0,3,1,-5.75,0.6618,1,0,60
713,13,0,0,4,1,-5.43,0.6613,1,0,60
714,5,0,0,3,1,-4.75,0.6609,1,0,60
715,7,0,0,1,1,-5.42,0.6604,1,0,60
716,5,0,0,3,1,-5.2,0.6599,1,0,60
717,5,0,0,2,1,-5.5,0.6594,1,0,60
718,5,0,0,4,1,-5.35,0.659,1,0,60
719,16,0,0,2,1,-7.16,0.6585,1,0,60
720,16,0,0,3,1,-7.36,0.658,1,0,60
721,7,0,0,3,1,-5.32,0.6575,1,0,60
722,14,0,0,2,1,-7.64,0.6571,1,0,60
723,15,0,0,2,1,-6.2,0.6566,1,0,60
724,7,0,0,6,1,-4.77,0.6561,1,0,60
725,5,0,0,4,1,-5.25,0.6556,1,0,60
726,5,0,0,3,1,-5.2,0.6552,1,0,60
727,5,0,0,3,1,-5.2,0.6547,1,0,60
728,6,0,0,2,1,-5.96,0.6542,1,0,60
729,9,0,0,4,1,-3.94,0.6537,1,0,60
730,8,0,0,2,1,-5.13,0.6532,1,0,60
731,8,0,0,4,1,-5.33,0.6528,1,0,60
732,9,0,0,3,1,-6.34,0.6523,1,0,60
733,5,0,0,4,1,-4.45,0.6518,1,0,60
734,5,0,0,3,1,-5.25,0.6514,1,0,60
735,11,0,0,2,1,-6.11,0.6509,1,0,60
736,14,0,0,2,1,-7.14,0.6504,1,0,60
737,6,0,0,3,1,-5.76,0.6499,1,0,60
738,5,0,0,3,1,-4.75,0.6495,1,0,60
739,5,0,0,2,1,-5.5,0.649,1,0,60
740,5,0,0,3,1,-4.75,0.6485,1,0,60
741,20,0,0,1,1,-7.95,0.648,1,0,60
742,22,0,0,3,1,-9.92,0.6476,1,0,60
743,5,0,0,3,1,-4.75,0.6471,1,0,60
744,5,0,0,3,1,-5.25,0.6466,1,0,60
745,6,0,0,4,1,-4.76,0.6461,1,0,60
746,5,0,0,4,1,-5.25,0.6457,1,0,60
747,5,0,0,4,1,-4.35,0.6452,1,0,60
748,17,0,0,3,1,-8.92,0.6447,1,0,60
749,6,0,0,2,1,-5.06,0.6442,1,0,60
750,5,0,0,3,1,-5.2,0.6438,1,0,60
751,6,0,0,4,1,-4.96,0.6433,1,0,60
752,9,0,0,0,1,-6.79,0.6428,1,0,60
753,9,0,0,4,1,-5.04,0.6423,1,0,60
754,9,0,0,1,1,-7.34,0.6419,1,0,60
755,23,0,0,5,1,-7.18,0.6414,1,0,60
756,5,0,0,4,1,-4.5,0.6409,1,0,60
757,6,0,0,4,1,-5.01,0.6404,1,0,60
758,7,0,0,4,1,-4.92,0.64,1,0,60
759,5,0,0,3,1,-4.3,0.6395,1,0,60
760,6,0,0,2,1,-6.36,0.639,1,0,60
761,5,0,0,2,1,-5.4,0.6385,1,0,60
762,5,0,0,4,1,-4.9,0.6381,1,0,60
763,8,0,0,3,1,-5.43,0.6376,1,0,60
764,5,0,0,3,1,-4.75,0.6371,1,0,60
765,9,0,0,2,1,-6.64,0.6366,1,0,60
766,5,0,0,4,1,-4.9,0.6361,1,0,60
767,8,0,0,3,1,-5.83,0.6357,1,0,60
768,5,0,0,3,1,-4.3,0.6352,1,0,60
769,7,0,0,3,1,-5.77,0.6347,1,0,60
770,5,0,0,3,1,-4.7,0.6342,1,0,60
771,5,0,0,2,1,-5.55,0.6338,1,0,60
772,8,0,0,4,1,-4.48,0.6333,1,0,60
773,5,0,0,3,1,-4.8,0.6328,1,0,60
774,5,0,0,4,1,-4.3,0.6323,1,0,60
775,5,0,0,2,1,-4.6,0.6319,1,0,60
776,8,0,0,3,1,-5.28,0.6314,1,0,60
777,6,0,0,3,1,-5.31,0.6309,1,0,60
778,6,0,0,2,1,-5.91,0.6304,1,0,60
779,5,0,0,3,1,-5.7,0.63,1,0,60
780,5,0,0,3,1,-4.8,0.6295,1,0,60
781,9,0,0,4,1,-4.59,0.629,1,0,60
782,7,0,0,1,1,-6.37,0.6285,1,0,60
783,5,0,0,2,1,-6.0,0.6281,1,0,60
784,5,0,0,4,1,-4.5,0.6276,1,0,60
785,5,0,0,4,1,-5.25,0.6271,1,0,60
786,8,0,0,4,1,-4.88,0.6266,1,0,60
787,8,0,0,4,1,-4.53,0.6262,1,0,60
788,5,0,0,1,1,-5.4,0.6257,1,0,60
789,5,0,0,3,1,-5.7,0.6252,1,0,60
790,6,0,0,3,1,-5.26,0.6248,1,0,60
791,5,0,0,4,1,-4.9,0.6243,1,0,60
792,5,0,0,3,1,-4.7,0.6238,1,0,60
793,7,0,0,4,1,-5.37,0.6233,1,0,60
794,5,0,0,4,1,-4.45,0.6229,1,0,60
795,6,0,0,3,1,-6.16,0.6224,1,0,60
796,7,0,0,3,1,-5.22,0.6219,1,0,60
797,5,0,0,4,1,-4.9,0.6214,1,0,60
798,8,0,0,2,1,-6.03,0.621,1,0,60
799,5,0,0,2,1,-5.5,0.6205,1,0,60
800,9,0,0,4,1,-5.49,0.62,1,0,60
801,8,0,0,4,1,-5.43,0.6195,1,0,60
802,5,0,0,3,1,-4.65,0.619,1,0,60
803,5,0,0,4,1,-4.0,0.6186,1,0,60
804,10,0,0,4,1,-5.55,0.6181,1,0,60
805,15,0,0,1,1,-7.55,0.6176,1,0,60
806,6,0,0,1,1,-5.86,0.6171,1,0,60
807,9,0,0,3,1,-4.89,0.6167,1,0,60
808,5,0,0,3,1,-4.75,0.6162,1,0,60
809,5,0,0,4,1,-4.9,0.6157,1,0,60
810,5,0,0,2,1,-5.5,0.6153,1,0,60
811,5,0,0,3,1,-4.75,0.6148,1,0,60
812,8,0,0,4,1,-5.23,0.6143,1,0,60
813,5,0,0,3,1,-5.2,0.6138,1,0,60
814,6,0,0,3,1,-5.66,0.6134,1,0,60
815,7,0,0,2,1,-6.07,0.6129,1,0,60
816,5,0,0,4,1,-4.9,0.6124,1,0,60
817,5,0,0,2,1,-5.95,0.6119,1,0,60
818,6,0,0,4,1,-4.06,0.6115,1,0,60
819,5,0,0,1,1,-5.8,0.611,1,0,60
820,5,0,0,4,1,-5.4,0.6105,1,0,60
821,9,0,0,3,1,-5.54,0.61,1,0,60
822,9,0,0,5,1,-5.59,0.6096,1,0,60
823,7,0,0,4,1,-4.97,0.6091,1,0,60
824,5,0,0,3,1,-5.25,0.6086,1,0,60
825,5,0,0,3,1,-4.65,0.6081,1,0,60
826,5,0,0,3,1,-5.2,0.6077,1,0,60
827,8,0,0,2,1,-4.73,0.6072,1,0,60
828,9,0,0,3,1,-6.39,0.6067,1,0,60
829,11,0,0,4,1,-5.51,0.6062,1,0,60
830,5,0,0,3,1,-5.65,0.6058,1,0,60
831,5,0,0,4,1,-4.95,0.6053,1,0,60
832,9,0,0,4,1,-4.24,0.6048,1,0,60
833,17,0,0,3,1,-5.92,0.6043,1,0,60
834,11,0,0,3,1,-5.76,0.6038,1,0,60
835,8,0,0,3,1,-4.83,0.6034,1,0,60
836,10,0,0,3,1,-5.4,0.6029,1,0,60
837,7,0,0,2,1,-6.47,0.6024,1,0,60
838,5,0,0,4,1,-4.9,0.6019,1,0,60
839,5,0,0,1,1,-5.35,0.6015,1,0,60
840,8,0,0,4,1,-5.68,0.601,1,0,60
841,5,0,0,4,1,-5.35,0.6005,1,0,60
842,5,0,0,2,1,-5.5,0.6,1,0,60
843,7,0,0,4,1,-4.87,0.5996,1,0,60
844,5,0,0,2,1,-4.55,0.5991,1,0,60
845,5,0,0,3,1,-5.7,0.5986,1,0,60
846,6,0,0,4,1,-4.96,0.5981,1,0,60
847,5,0,0,4,1,-4.95,0.5977,1,0,60
848,6,0,0,4,1,-4.96,0.5972,1,0,60
849,6,0,0,2,1,-5.11,0.5967,1,0,60
850,6,0,0,3,1,-5.26,0.5962,1,0,60
851,6,0,0,4,1,-4.96,0.5958,1,0,60
852,6,0,0,3,1,-5.26,0.5953,1,0,60
853,5,0,0,4,1,-4.45,0.5948,1,0,60
854,5,0,0,3,1,-5.1,0.5944,1,0,60
855,6,0,0,1,1,-5.86,0.5939,1,0,60
856,5,0,0,3,1,-5.65,0.5934,1,0,60
857,5,0,0,4,1,-3.9,0.5929,1,0,60
858,5,0,0,2,1,-5.4,0.5925,1,0,60
859,5,0,0,1,1,-5.65,0.592,1,0,60
860,5,0,0,2,1,-5.05,0.5915,1,0,60
861,7,0,0,3,1,-6.07,0.591,1,0,60
862,6,0,0,3,1,-5.76,0.5906,1,0,60
863,8,0,0,3,1,-5.33,0.5901,1,0,60
864,7,0,0,2,1,-4.72,0.5896,1,0,60
865,12,0,0,3,1,-4.42,0.5891,1,0,60
866,6,0,0,2,1,-5.91,0.5887,1,0,60
867,5,0,0,4,1,-4.95,0.5882,1,0,60
868,5,0,0,3,1,-4.75,0.5877,1,0,60
869,8,0,0,2,1,-6.58,0.5872,1,0,60
870,5,0,0,4,1,-4.05,0.5867,1,0,60
871,7,0,0,3,1,-6.22,0.5863,1,0,60
872,5,0,0,4,1,-4.4,0.5858,1,0,60
873,23,0,0,3,1,-7.53,0.5853,1,0,60
874,5,0,0,2,1,-5.85,0.5849,1,0,60
875,6,0,0,3,1,-4.86,0.5844,1,0,60
876,5,0,0,3,1,-4.2,0.5839,1,0,60
877,10,0,0,3,1,-5.25,0.5834,1,0,60
878,5,0,0,4,1,-4.45,0.583,1,0,60
879,8,0,0,2,1,-6.08,0.5825,1,0,60
880,5,0,0,3,1,-4.95,0.582,1,0,60
881,5,0,0,4,1,-5.35,0.5815,1,0,60
882,6,0,0,2,1,-5.11,0.5811,1,0,60
883,7,0,0,3,1,-5.32,0.5806,1,0,60
884,8,0,0,4,1,-5.48,0.5801,1,0,60
885,5,0,0,2,1,-5.55,0.5796,1,0,60
886,15,0,0,3,1,-5.85,0.5792,1,0,60
887,5,0,0,2,1,-5.1,0.5787,1,0,60
888,5,0,0,2,1,-4.6,0.5782,1,0,60
889,5,0,0,3,1,-5.25,0.5777,1,0,60
890,6,0,0,2,1,-5.56,0.5773,1,0,60
891,5,0,0,3,1,-4.3,0.5768,1,0,60
892,5,0,0,1,1,-6.25,0.5763,1,0,60
893,5,0,0,2,1,-5.55,0.5758,1,0,60
894,22,0,0,4,1,-7.22,0.5754,1,0,60
895,10,0,0,4,1,-7.4,0.5749,1,0,60
896,16,0,0,2,1,-7.16,0.5744,1,0,60
897,22,0,0,3,1,-7.62,0.5739,1,0,60
898,7,0,0,3,1,-5.32,0.5735,1,0,60
899,5,0,0,4,1,-4.0,0.573,1,0,60
900,5,0,0,3,1,-5.1,0.5725,1,0,60
901,5,0,0,3,1,-5.2,0.572,1,0,60
902,7,0,0,3,1,-6.12,0.5716,1,0,60
903,5,0,0,4,1,-4.9,0.5711,1,0,60
904,5,0,0,4,1,-4.4,0.5706,1,0,60
905,5,0,0,4,1,-4.35,0.5701,1,0,60
906,5,0,0,2,1,-4.6,0.5696,1,0,60
907,5,0,0,2,1,-5.05,0.5692,1,0,60
908,5,0,0,2,1,-4.9,0.5687,1,0,60
909,7,0,0,1,1,-5.92,0.5682,1,0,60
910,5,0,0,3,1,-4.75,0.5677,1,0,60
911,6,0,0,2,1,-5.01,0.5673,1,0,61
912,5,0,0,2,1,-5.5,0.5668,1,0,61
913,5,0,0,2,1,-5.5,0.5663,1,0,61
914,5,0,0,3,1,-5.65,0.5658,1,0,61
915,5,0,0,3,1,-4.75,0.5654,1,0,61
916,7,0,0,2,1,-5.12,0.5649,1,0,61
917,10,0,0,2,1,-7.6,0.5644,1,0,61
918,6,0,0,4,1,-4.96,0.5639,1,0,61
919,7,0,0,4,1,-4.57,0.5635,1,0,61
920,5,0,0,4,1,-5.3,0.563,1,0,61
921,5,0,0,3,1,-5.25,0.5625,1,0,61
922,5,0,0,4,1,-4.9,0.562,1,0,61
923,5,0,0,3,1,-5.15,0.5616,1,0,61
924,6,0,0,3,1,-5.71,0.5611,1,0,61
925,5,0,0,3,1,-4.75,0.5606,1,0,61
926,5,0,0,3,1,-4.3,0.5601,1,0,61
927,7,0,0,3,1,-5.32,0.5597,1,0,61
928,5,0,0,2,1,-5.5,0.5592,1,0,61
929,5,0,0,3,1,-4.7,0.5587,1,0,61
930,9,0,0,2,1,-5.54,0.5583,1,0,61
931,7,0,0,2,1,-6.52,0.5578,1,0,61
932,6,0,0,3,1,-5.31,0.5573,1,0,61
933,5,0,0,4,1,-4.35,0.5568,1,0,61
934,6,0,0,1,1,-6.31,0.5564,1,0,61
935,5,0,0,1,1,-5.35,0.5559,1,0,61
936,5,0,0,3,1,-4.3,0.5554,1,0,61
937,5,0,0,4,1,-4.95,0.5549,1,0,61
938,5,0,0,4,1,-4.45,0.5545,1,0,61
939,9,0,0,3,1,-6.79,0.554,1,0,61
940,5,0,0,3,1,-4.65,0.5535,1,0,61
941,5,0,0,2,1,-5.45,0.553,1,0,61
942,5,0,0,4,1,-4.95,0.5526,1,0,61
943,5,0,0,2,1,-5.4,0.5521,1,0,61
944,9,0,0,3,1,-5.34,0.5516,1,0,61
945,5,0,0,4,1,-4.8,0.5511,1,0,61
946,5,0,0,3,1,-4.8,0.5507,1,0,61
947,5,0,0,4,1,-4.8,0.5502,1,0,61
948,8,0,0,3,1,-6.23,0.5497,1,0,61
949,8,0,0,6,1,-5.28,0.5492,1,0,61
950,6,0,0,3,1,-5.56,0.5488,1,0,61
951,5,0,0,3,1,-5.2,0.5483,1,0,61
952,5,0,0,2,1,-5.45,0.5478,1,0,61
953,6,0,0,1,1,-6.31,0.5473,1,0,61
954,6,0,0,4,1,-5.41,0.5469,1,0,61
955,6,0,0,3,1,-4.66,0.5464,1,0,61
956,7,0,0,4,1,-4.57,0.5459,1,0,61
957,5,0,0,4,1,-4.9,0.5454,1,0,61
958,6,0,0,2,1,-6.01,0.545,1,0,61
959,5,0,0,4,1,-4.9,0.5445,1,0,61
960,10,0,0,3,1,-5.7,0.544,1,0,61
961,13,0,0,6,2,-6.88,0.5435,1,0,61
962,5,0,0,3,1,-4.75,0.5431,1,0,61
963,5,0,0,4,1,-4.35,0.5426,1,0,61
964,5,0,0,2,1,-5.5,0.5421,1,0,61
965,6,0,0,3,1,-5.26,0.5416,1,0,61
966,9,0,0,2,1,-5.54,0.5412,1,0,61
967,5,0,0,4,1,-4.9,0.5407,1,0,61
968,6,0,0,3,1,-5.26,0.5402,1,0,61
969,11,0,0,3,1,-6.31,0.5397,1,0,61
970,5,0,0,3,1,-5.2,0.5393,1,0,61
971,5,0,0,4,1,-4.5,0.5388,1,0,61
972,9,0,0,4,1,-4.94,0.5383,1,0,61
973,5,0,0,2,1,-5.55,0.5378,1,0,61
974,5,0,0,3,1,-5.65,0.5373,1,0,61
975,23,0,0,5,2,-7.28,0.5369,1,0,61
976,10,0,0,4,1,-5.25,0.5364,1,0,61
977,5,0,0,3,1,-4.3,0.5359,1,0,61
978,5,0,0,2,1,-4.5,0.5354,1,0,61
979,5,0,0,2,1,-5.5,0.535,1,0,61
980,6,0,0,2,1,-5.96,0.5345,1,0,61
981,7,0,0,4,1,-4.47,0.534,1,0,61
982,5,0,0,4,1,-4.0,0.5335,1,0,61
983,8,0,0,3,1,-4.83,0.5331,1,0,61
984,5,0,0,4,1,-4.45,0.5326,1,0,61
985,7,0,0,3,1,-5.72,0.5321,1,0,61
986,5,0,0,2,1,-5.95,0.5316,1,0,61
987,5,0,0,2,1,-5.5,0.5312,1,0,61
988,6,0,0,3,1,-5.26,0.5307,1,0,61
989,6,0,0,3,1,-4.36,0.5302,1,0,61
990,9,0,0,3,1,-4.44,0.5297,1,0,61
991,5,0,0,4,1,-4.9,0.5293,1,0,61
992,5,0,0,3,1,-4.2,0.5288,1,0,61
993,5,0,0,3,1,-4.3,0.5283,1,0,61
994,7,0,0,3,1,-6.02,0.5279,1,0,61
995,5,0,0,2,1,-5.05,0.5274,1,0,61
996,5,0,0,2,1,-5.4,0.5269,1,0,61
997,5,0,0,2,1,-5.1,0.5264,1,0,61
998,7,0,0,2,1,-5.57,0.526,1,0,61
999,5,0,0,3,1,-4.75,0.5255,1,0,61
1000,5,0,0,2,1,-5.95,0.525,1,0,61
1001,11,0,0,3,1,-6.81,0.5245,1,0,61
1002,6,0,0,4,1,-5.41,0.5241,1,0,61
1003,5,0,0,3,1,-4.3,0.5236,1,0,61
1004,6,0,0,3,1,-5.76,0.5231,1,0,61
1005,5,0,0,3,1,-5.25,0.5226,1,0,61
1006,22,0,0,5,1,-7.37,0.5222,1,0,61
1007,8,0,0,3,1,-5.83,0.5217,1,0,61
1008,7,0,0,3,1,-5.32,0.5212,1,0,61
1009,10,0,0,1,1,-6.4,0.5207,1,0,61
1010,5,0,0,3,1,-5.65,0.5203,1,0,61
1011,5,0,0,2,1,-5.5,0.5198,1,0,61
1012,17,0,0,3,1,-4.87,0.5193,1,0,61
1013,8,0,0,3,1,-4.78,0.5188,1,0,61
1014,12,0,0,3,1,-7.77,0.5184,1,0,61
1015,23,0,0,2,1,-7.98,0.5179,1,0,61
1016,6,0,0,3,1,-5.71,0.5174,1,0,61
1017,5,0,0,3,1,-4.75,0.5169,1,0,61
1018,9,0,0,3,1,-5.79,0.5165,1,0,61
1019,7,0,0,4,1,-3.92,0.516,1,0,61
1020,5,0,0,3,1,-4.8,0.5155,1,0,61
1021,5,0,0,3,1,-4.7,0.515,1,0,61
1022,5,0,0,2,1,-5.95,0.5146,1,0,61
1023,6,0,0,2,1,-6.01,0.5141,1,0,61
1024,6,0,0,3,1,-5.26,0.5136,1,0,61
1025,5,0,0,3,1,-5.1,0.5131,1,0,61
1026,5,0,0,4,1,-3.9,0.5127,1,0,61
1027,5,0,0,4,1,-4.9,0.5122,1,0,61
1028,5,0,0,4,1,-3.8,0.5117,1,0,61
1029,22,0,0,5,1,-7.92,0.5112,1,0,61
1030,5,0,0,3,1,-4.65,0.5108,1,0,61
1031,5,0,0,2,1,-5.95,0.5103,1,0,61
1032,8,0,0,2,1,-6.58,0.5098,1,0,61
1033,5,0,0,1,1,-5.8,0.5093,1,0,61
1034,5,0,0,4,1,-4.4,0.5089,1,0,61
1035,5,0,0,3,1,-4.3,0.5084,1,0,61
1036,5,0,0,1,1,-6.25,0.5079,1,0,61
1037,5,0,0,3,1,-5.2,0.5074,1,0,61
1038,7,0,0,3,1,-5.72,0.507,1,0,61
1039,7,0,0,3,1,-4.67,0.5065,1,0,61
1040,8,0,0,4,1,-4.53,0.506,1,0,61
1041,15,0,0,1,2,-6.85,0.5055,1,0,61
1042,7,0,0,3,1,-4.77,0.505,1,0,61
1043,6,0,0,4,1,-5.41,0.5046,1,0,61
1044,5,0,0,2,1,-5.1,0.5041,1,0,61
1045,5,0,0,4,1,-4.35,0.5036,1,0,61
1046,5,0,0,4,1,-4.45,0.5031,1,0,61
1047,5,0,0,3,1,-4.3,0.5027,1,0,61
1048,5,0,0,3,1,-4.65,0.5022,1,0,61
1049,6,0,0,1,1,-5.86,0.5017,1,0,61
1050,5,0,0,2,1,-4.45,0.5012,1,0,61
1051,5,0,0,4,1,-4.45,0.5008,1,0,61
1052,5,0,0,2,1,-5.35,0.5003,1,0,61
1053,8,0,0,3,1,-5.78,0.4998,1,0,61
1054,5,0,0,4,1,-4.35,0.4993,1,0,61
1055,5,0,0,2,1,-4.9,0.4989,1,0,61
1056,5,0,0,3,1,-5.25,0.4984,1,0,61
1057,5,0,0,2,1,-5.05,0.4979,1,0,61
1058,5,0,0,4,1,-4.45,0.4974,1,0,61
1059,8,0,0,1,1,-7.78,0.497,1,0,61
1060,5,0,0,3,1,-4.75,0.4965,1,0,61
1061,6,0,0,4,1,-4.51,0.496,1,0,61
1062,5,0,0,2,1,-5.55,0.4956,1,0,61
1063,6,0,0,3,1,-5.61,0.4951,1,0,61
1064,5,0,0,4,1,-4.8,0.4946,1,0,61
1065,6,0,0,3,1,-4.81,0.4941,1,0,61
1066,8,0,0,3,1,-5.83,0.4937,1,0,61
1067,5,0,0,1,1,-5.25,0.4932,1,0,61
1068,5,0,0,4,1,-4.0,0.4927,1,0,61
1069,5,0,0,4,1,-3.9,0.4922,1,0,61
1070,5,0,0,4,1,-4.0,0.4918,1,0,61
1071,7,0,0,1,1,-6.27,0.4913,1,0,61
1072,5,0,0,1,1,-4.9,0.4908,1,0,61
1073,5,0,0,2,1,-5.05,0.4903,1,0,61
1074,5,0,0,4,1,-5.35,0.4899,1,0,61
1075,6,0,0,4,1,-4.96,0.4894,1,0,61
1076,6,0,0,4,1,-4.51,0.4889,1,0,61
1077,7,0,0,3,1,-5.77,0.4884,1,0,61
1078,5,0,0,3,1,-4.8,0.4879,1,0,61
1079,8,0,0,3,1,-5.28,0.4875,1,0,61
1080,10,0,0,3,1,-6.1,0.487,1,0,61
1081,5,0,0,4,1,-4.5,0.4865,1,0,61
1082,5,0,0,2,1,-5.5,0.486,1,0,61
1083,5,0,0,2,1,-4.6,0.4856,1,0,61
1084,5,0,0,3,1,-5.2,0.4851,1,0,61
1085,5,0,0,4,1,-4.35,0.4846,1,0,61
1086,5,0,0,4,1,-4.0,0.4841,1,0,61
1087,6,0,0,4,1,-3.96,0.4837,1,0,61
1088,5,0,0,4,1,-4.45,0.4832,1,0,61
1089,8,0,0,3,1,-5.28,0.4827,1,0,61
1090,5,0,0,3,1,-5.2,0.4822,1,0,61
1091,9,0,0,2,1,-6.09,0.4818,1,0,61
1092,5,0,0,4,1,-4.45,0.4813,1,0,61
1093,15,0,0,4,2,-6.5,0.4808,1,0,61
1094,10,0,0,3,1,-6.3,0.4803,1,0,61
1095,5,0,0,1,1,-5.4,0.4799,1,0,61
1096,5,0,0,1,1,-5.35,0.4794,1,0,61
1097,5,0,0,3,1,-4.65,0.4789,1,0,61
1098,5,0,0,4,1,-4.45,0.4784,1,0,61
1099,5,0,0,3,1,-4.75,0.478,1,0,61
1100,5,0,0,3,1,-4.75,0.4775,1,0,61
1101,5,0,0,4,1,-4.45,0.477,1,0,61
1102,11,0,0,2,1,-5.21,0.4766,1,0,61
1103,7,0,0,4,1,-4.82,0.4761,1,0,61
1104,5,0,0,4,1,-4.9,0.4756,1,0,61
1105,5,0,0,3,1,-4.55,0.4751,1,0,61
1106,5,0,0,3,1,-4.75,0.4747,1,0,61
1107,5,0,0,3,1,-4.25,0.4742,1,0,61
1108,5,0,0,3,1,-5.25,0.4737,1,0,61
1109,7,0,0,3,1,-6.67,0.4732,1,0,61
1110,7,0,0,4,1,-5.07,0.4728,1,0,61
1111,7,0,0,3,1,-5.77,0.4723,1,0,61
1112,5,0,0,4,1,-4.45,0.4718,1,0,61
1113,6,0,0,3,1,-5.71,0.4713,1,0,61
1114,5,0,0,3,1,-4.3,0.4708,1,0,61
1115,5,0,0,2,1,-5.55,0.4704,1,0,61
1116,5,0,0,2,1,-4.6,0.4699,1,0,61
1117,6,0,0,4,1,-4.41,0.4694,1,0,61
1118,5,0,0,4,1,-4.0,0.4689,1,0,61
1119,5,0,0,3,1,-4.75,0.4685,1,0,61
1120,5,0,0,3,1,-4.75,0.468,1,0,61
1121,5,0,0,3,1,-5.2,0.4675,1,0,61
1122,5,0,0,3,1,-4.75,0.467,1,0,61
1123,5,0,0,3,1,-5.15,0.4666,1,0,61
1124,7,0,0,4,1,-4.92,0.4661,1,0,61
1125,5,0,0,3,1,-5.2,0.4656,1,0,61
1126,5,0,0,2,1,-5.0,0.4652,1,0,61
1127,5,0,0,3,1,-4.75,0.4647,1,0,61
1128,5,0,0,3,1,-4.3,0.4642,1,0,61
1129,5,0,0,3,1,-4.8,0.4637,1,0,61
1130,5,0,0,3,1,-5.2,0.4633,1,0,61
1131,5,0,0,4,1,-4.5,0.4628,1,0,61
1132,5,0,0,3,1,-4.65,0.4623,1,0,61
1133,7,0,0,2,1,-6.07,0.4618,1,0,61
1134,5,0,0,2,1,-5.05,0.4614,1,0,61
1135,5,0,0,2,1,-5.9,0.4609,1,0,61
1136,6,0,0,4,1,-4.96,0.4604,1,0,61
1137,5,0,0,4,1,-4.7,0.4599,1,0,61
1138,5,0,0,4,1,-4.0,0.4595,1,0,61
1139,5,0,0,3,1,-4.2,0.459,1,0,61
1140,5,0,0,4,1,-4.45,0.4585,1,0,61
1141,5,0,0,4,1,-4.35,0.458,1,0,61
1142,5,0,0,3,1,-5.25,0.4576,1,0,61
1143,5,0,0,4,1,-4.0,0.4571,1,0,61
1144,7,0,0,4,1,-4.92,0.4566,1,0,61
1145,6,0,0,2,1,-4.56,0.4561,1,0,61
1146,5,0,0,4,1,-4.0,0.4557,1,0,61
1147,5,0,0,3,1,-5.2,0.4552,1,0,61
1148,8,0,0,4,1,-5.83,0.4547,1,0,61
1149,6,0,0,4,1,-5.46,0.4542,1,0,61
1150,5,0,0,3,1,-4.3,0.4538,1,0,61
1151,7,0,0,2,1,-6.07,0.4533,1,0,61
1152,5,0,0,4,1,-4.0,0.4528,1,0,61
1153,5,0,0,2,1,-4.95,0.4523,1,0,61
1154,5,0,0,3,1,-4.3,0.4519,1,0,61
1155,6,0,0,2,1,-6.01,0.4514,1,0,61
1156,6,0,0,4,1,-5.41,0.4509,1,0,61
1157,5,0,0,3,1,-5.2,0.4504,1,0,61
1158,8,0,0,3,1,-5.28,0.45,1,0,61
1159,5,0,0,2,1,-5.05,0.4495,1,0,61
1160,7,0,0,2,1,-6.02,0.449,1,0,61
1161,5,0,0,4,1,-4.45,0.4485,1,0,61
1162,5,0,0,3,1,-5.2,0.4481,1,0,61
1163,5,0,0,2,1,-5.55,0.4476,1,0,61
1164,7,0,0,3,1,-5.37,0.4471,1,0,61
1165,5,0,0,4,1,-3.85,0.4466,1,0,61
1166,5,0,0,3,1,-5.1,0.4462,1,0,61
1167,6,0,0,3,1,-5.26,0.4457,1,0,61
1168,5,0,0,2,1,-5.45,0.4452,1,0,61
1169,6,0,0,3,1,-4.36,0.4447,1,0,61
1170,9,0,0,4,1,-5.94,0.4443,1,0,61
1171,5,0,0,2,1,-5.5,0.4438,1,0,61
1172,5,0,0,3,1,-5.65,0.4433,1,0,61
1173,6,0,0,3,1,-4.81,0.4428,1,0,61
1174,6,0,0,2,1,-5.16,0.4424,1,0,61
1175,5,0,0,2,1,-5.4,0.4419,1,0,61
1176,5,0,0,3,1,-5.15,0.4414,1,0,61
1177,5,0,0,3,1,-5.15,0.4409,1,0,61
1178,6,0,0,4,1,-4.51,0.4405,1,0,61
1179,7,0,0,2,1,-6.57,0.44,1,0,61
1180,6,0,0,3,1,-4.36,0.4395,1,0,61
1181,5,0,0,3,1,-5.2,0.439,1,0,61
1182,9,0,0,3,1,-5.74,0.4386,1,0,61
1183,8,0,0,2,1,-6.03,0.4381,1,0,61
1184,5,0,0,4,1,-4.05,0.4376,1,0,61
1185,5,0,0,4,1,-4.8,0.4371,1,0,61
1186,8,0,0,3,1,-5.38,0.4367,1,0,61
1187,6,0,0,2,1,-5.06,0.4362,1,0,61
1188,6,0,0,4,1,-4.96,0.4357,1,0,61
1189,5,0,0,3,1,-4.75,0.4352,1,0,61
1190,5,0,0,3,1,-4.2,0.4348,1,0,61
1191,5,0,0,2,1,-5.0,0.4343,1,0,61
1192,5,0,0,3,1,-4.75,0.4338,1,0,61
1193,6,0,0,3,1,-6.16,0.4333,1,0,61
1194,6,0,0,3,1,-5.26,0.4329,1,0,61
1195,5,0,0,4,1,-3.9,0.4324,1,0,61
1196,6,0,0,3,1,-5.71,0.4319,1,0,61
1197,7,0,0,4,1,-4.37,0.4314,1,0,61
1198,10,0,0,3,1,-5.75,0.431,1,0,61
1199,5,0,0,2,1,-5.05,0.4305,1,0,61
1200,5,0,0,3,1,-4.75,0.43,1,0,61
1201,5,0,0,2,1,-5.05,0.4295,1,0,61
1202,5,0,0,3,1,-4.75,0.4291,1,0,61
1203,5,0,0,2,1,-4.9,0.4286,1,0,61
1204,7,0,0,4,1,-4.02,0.4281,1,0,61
1205,5,0,0,3,1,-4.8,0.4276,1,0,61
1206,5,0,0,3,1,-4.8,0.4272,1,0,61
1207,7,0,0,4,1,-5.37,0.4267,1,0,61
1208,5,0,0,4,1,-4.45,0.4262,1,0,61
1209,5,0,0,2,1,-4.5,0.4257,1,0,61
1210,6,0,0,1,1,-6.31,0.4253,1,0,61
1211,5,0,0,4,1,-4.8,0.4248,1,0,61
1212,5,0,0,3,1,-4.3,0.4243,1,0,61
1213,5,0,0,2,1,-5.4,0.4238,1,0,61
1214,5,0,0,2,1,-5.1,0.4234,1,0,61
1215,5,0,0,4,1,-4.45,0.4229,1,0,61
1216,5,0,0,2,1,-6.45,0.4224,1,0,61
1217,5,0,0,4,1,-4.45,0.4219,1,0,61
1218,9,0,0,4,1,-4.49,0.4214,1,0,61
1219,7,0,0,3,1,-5.32,0.421,1,0,61
1220,5,0,0,3,1,-5.2,0.4205,1,0,61
1221,7,0,0,1,1,-6.37,0.42,1,0,61
1222,34,0,0,4,1,-13.09,0.4196,1,0,61
1223,6,0,0,4,1,-4.86,0.4191,1,0,61
1224,6,0,0,3,1,-4.81,0.4186,1,0,61
1225,5,0,0,4,1,-4.0,0.4181,1,0,61
1226,5,0,0,3,1,-5.65,0.4177,1,0,61
1227,5,0,0,4,1,-4.0,0.4172,1,0,61
1228,5,0,0,4,1,-4.9,0.4167,1,0,61
1229,6,0,0,4,1,-5.01,0.4162,1,0,61
1230,5,0,0,3,1,-4.75,0.4158,1,0,61
1231,5,0,0,4,1,-4.0,0.4153,1,0,61
1232,5,0,0,4,1,-4.45,0.4148,1,0,61
1233,6,0,0,4,1,-4.41,0.4143,1,0,61
1234,5,0,0,3,1,-4.75,0.4139,1,0,61
1235,9,0,0,0,1,-6.69,0.4134,1,0,62
1236,5,0,0,1,1,-5.8,0.4129,1,0,62
1237,6,0,0,2,1,-5.56,0.4124,1,0,62
1238,6,0,0,4,1,-4.51,0.412,1,0,62
1239,11,0,0,4,1,-4.51,0.4115,1,0,62
1240,5,0,0,2,1,-5.05,0.411,1,0,62
1241,5,0,0,3,1,-5.2,0.4105,1,0,62
1242,7,0,0,3,1,-4.32,0.4101,1,0,62
1243,11,0,0,3,1,-5.36,0.4096,1,0,62
1244,5,0,0,4,1,-4.95,0.4091,1,0,62
1245,5,0,0,3,1,-4.3,0.4086,1,0,62
1246,5,0,0,4,1,-4.45,0.4082,1,0,62
1247,5,0,0,1,1,-4.9,0.4077,1,0,62
1248,7,0,0,2,1,-6.07,0.4072,1,0,62
1249,5,0,0,4,1,-3.9,0.4067,1,0,62
1250,6,0,0,3,1,-4.81,0.4062,1,0,62
1251,8,0,0,4,1,-4.98,0.4058,1,0,62
1252,5,0,0,3,1,-4.3,0.4053,1,0,62
1253,6,0,0,3,1,-5.26,0.4048,1,0,62
1254,5,0,0,3,1,-4.75,0.4043,1,0,62
1255,5,0,0,4,1,-4.45,0.4039,1,0,62
1256,6,0,0,3,1,-4.81,0.4034,1,0,62
1257,6,0,0,4,1,-4.51,0.4029,1,0,62
1258,5,0,0,2,1,-5.05,0.4024,1,0,62
1259,6,0,0,3,1,-5.26,0.402,1,0,62
1260,5,0,0,1,1,-4.9,0.4015,1,0,62
1261,7,0,0,2,1,-5.02,0.401,1,0,62
1262,5,0,0,3,1,-5.25,0.4006,1,0,62
1263,6,0,0,4,1,-5.41,0.4001,1,0,62
1264,5,0,0,2,1,-5.05,0.3996,1,0,62
1265,6,0,0,2,1,-5.61,0.3991,1,0,62
1266,5,0,0,2,1,-5.1,0.3987,1,0,62
1267,9,0,0,4,1,-3.94,0.3982,1,0,62
1268,5,0,0,3,1,-4.75,0.3977,1,0,62
1269,5,0,0,4,1,-4.9,0.3972,1,0,62
1270,5,0,0,3,1,-4.2,0.3968,1,0,62
1271,5,0,0,4,1,-4.45,0.3963,1,0,62
1272,13,0,0,4,1,-5.63,0.3958,1,0,62
1273,5,0,0,2,1,-5.05,0.3953,1,0,62
1274,5,0,0,3,1,-4.3,0.3949,1,0,62
1275,5,0,0,4,1,-5.35,0.3944,1,0,62
1276,5,0,0,3,1,-5.55,0.3939,1,0,62
1277,6,0,0,4,1,-4.96,0.3934,1,0,62
1278,5,0,0,2,1,-4.6,0.393,1,0,62
1279,5,0,0,2,1,-4.45,0.3925,1,0,62
1280,28,0,0,3,1,-9.78,0.392,1,0,62
1281,5,0,0,4,1,-4.95,0.3915,1,0,62
1282,5,0,0,3,1,-5.1,0.3911,1,0,62
1283,5,0,0,4,1,-4.9,0.3906,1,0,62
1284,5,0,0,1,1,-5.35,0.3901,1,0,62
1285,6,0,0,3,1,-5.26,0.3896,1,0,62
1286,5,0,0,2,1,-5.45,0.3891,1,0,62
1287,5,0,0,4,1,-5.35,0.3887,1,0,62
1288,5,0,0,2,1,-5.55,0.3882,1,0,62
1289,6,0,0,3,1,-5.21,0.3877,1,0,62
1290,15,0,0,3,1,-4.2,0.3872,1,0,62
1291,29,0,0,3,1,-5.64,0.3868,1,0,62
1292,6,0,0,4,1,-4.96,0.3863,1,0,62
1293,10,0,0,3,1,-5.95,0.3858,1,0,62
1294,6,0,0,4,1,-4.96,0.3853,1,0,62
1295,5,0,0,3,1,-4.75,0.3849,1,0,62
1296,6,0,0,4,1,-4.41,0.3844,1,0,62
1297,5,0,0,2,1,-4.6,0.3839,1,0,62
1298,5,0,0,2,1,-5.95,0.3834,1,0,62
1299,6,0,0,2,1,-5.86,0.383,1,0,62
1300,6,0,0,2,1,-4.61,0.3825,1,0,62
1301,9,0,0,3,1,-5.79,0.382,1,0,62
1302,5,0,0,4,1,-4.45,0.3816,1,0,62
1303,8,0,0,2,1,-5.03,0.3811,1,0,62
1304,5,0,0,2,1,-4.45,0.3806,1,0,62
1305,5,0,0,1,1,-5.35,0.3801,1,0,62
1306,5,0,0,2,1,-5.5,0.3797,1,0,62
1307,9,0,0,3,1,-5.79,0.3792,1,0,62
1308,6,0,0,2,1,-5.56,0.3787,1,0,62
1309,5,0,0,4,1,-4.45,0.3782,1,0,62
1310,6,0,0,3,1,-5.26,0.3778,1,0,62
1311,5,0,0,3,1,-4.3,0.3773,1,0,62
1312,6,0,0,1,1,-6.26,0.3768,1,0,62
1313,5,0,0,3,1,-5.65,0.3763,1,0,62
1314,5,0,0,2,1,-4.5,0.3759,1,0,62
1315,8,0,0,4,1,-5.53,0.3754,1,0,62
1316,5,0,0,3,1,-5.2,0.3749,1,0,62
1317,7,0,0,4,1,-4.02,0.3744,1,0,62
1318,5,0,0,2,1,-5.5,0.374,1,0,62
1319,14,0,0,3,1,-7.24,0.3735,1,0,62
1320,10,0,0,2,1,-5.55,0.373,1,0,62
1321,5,0,0,2,1,-5.5,0.3725,1,0,62
1322,5,0,0,3,1,-4.3,0.372,1,0,62
1323,5,0,0,3,1,-4.3,0.3716,1,0,62
1324,5,0,0,4,1,-4.0,0.3711,1,0,62
1325,5,0,0,3,1,-4.2,0.3706,1,0,62
1326,8,0,0,2,1,-5.23,0.3701,1,0,62
1327,7,0,0,3,1,-4.82,0.3697,1,0,62
1328,5,0,0,3,1,-4.75,0.3692,1,0,62
1329,5,0,0,3,1,-4.3,0.3687,1,0,62
1330,9,0,0,4,1,-6.54,0.3682,1,0,62
1331,5,0,0,3,1,-5.25,0.3678,1,0,62
1332,7,0,0,2,1,-5.52,0.3673,1,0,62
1333,6,0,0,4,1,-4.41,0.3668,1,0,62
1334,5,0,0,3,1,-4.2,0.3663,1,0,62
1335,5,0,0,3,1,-4.2,0.3659,1,0,62
1336,9,0,0,2,1,-5.89,0.3654,1,0,62
1337,5,0,0,3,1,-4.3,0.3649,1,0,62
1338,6,0,0,4,1,-4.51,0.3644,1,0,62
1339,5,0,0,2,1,-4.6,0.364,1,0,62
1340,5,0,0,3,1,-4.2,0.3635,1,0,62
1341,5,0,0,1,1,-5.25,0.363,1,0,62
1342,5,0,0,3,1,-4.75,0.3626,1,0,62
1343,5,0,0,2,1,-4.6,0.3621,1,0,62
1344,5,0,0,4,1,-4.5,0.3616,1,0,62
1345,5,0,0,2,1,-5.55,0.3611,1,0,62
1346,5,0,0,2,1,-4.95,0.3607,1,0,62
1347,5,0,0,3,1,-4.35,0.3602,1,0,62
1348,5,0,0,1,1,-5.75,0.3597,1,0,62
1349,5,0,0,3,1,-5.25,0.3592,1,0,62
1350,5,0,0,3,1,-5.15,0.3588,1,0,62
1351,5,0,0,4,1,-4.5,0.3583,1,0,62
1352,6,0,0,3,1,-5.26,0.3578,1,0,62
1353,5,0,0,4,1,-4.45,0.3573,1,0,62
1354,6,0,0,4,1,-4.01,0.3569,1,0,62
1355,5,0,0,3,1,-4.75,0.3564,1,0,62
1356,8,0,0,3,1,-4.83,0.3559,1,0,62
1357,5,0,0,2,1,-5.0,0.3554,1,0,62
1358,10,0,0,2,1,-5.55,0.3549,1,0,62
1359,5,0,0,4,1,-4.5,0.3545,1,0,62
1360,6,0,0,2,1,-5.16,0.354,1,0,62
1361,5,0,0,2,1,-5.1,0.3535,1,0,62
1362,5,0,0,2,1,-4.65,0.353,1,0,62
1363,5,0,0,4,1,-4.0,0.3526,1,0,62
1364,5,0,0,1,1,-5.85,0.3521,1,0,62
1365,5,0,0,3,1,-4.3,0.3516,1,0,62
1366,6,0,0,2,1,-6.01,0.3511,1,0,62
1367,6,0,0,4,1,-4.56,0.3507,1,0,62
1368,5,0,0,3,1,-4.8,0.3502,1,0,62
1369,5,0,0,3,1,-5.2,0.3497,1,0,62
1370,5,0,0,4,1,-4.5,0.3492,1,0,62
1371,5,0,0,3,1,-4.3,0.3488,1,0,62
1372,5,0,0,2,1,-4.6,0.3483,1,0,62
1373,6,0,0,4,1,-5.01,0.3478,1,0,62
1374,7,0,0,4,1,-4.47,0.3473,1,0,62
1375,7,0,0,3,1,-4.32,0.3469,1,0,62
1376,6,0,0,1,1,-5.81,0.3464,1,0,62
1377,5,0,0,2,1,-4.6,0.3459,1,0,62
1378,5,0,0,4,1,-4.45,0.3455,1,0,62
1379,5,0,0,2,1,-5.05,0.345,1,0,62
1380,5,0,0,3,1,-4.8,0.3445,1,0,62
1381,5,0,0,3,1,-4.65,0.344,1,0,62
1382,7,0,0,4,1,-4.47,0.3436,1,0,62
1383,5,0,0,2,1,-4.95,0.3431,1,0,62
1384,5,0,0,3,1,-5.2,0.3426,1,0,62
1385,5,0,0,3,1,-5.1,0.3421,1,0,62
1386,6,0,0,3,1,-4.81,0.3417,1,0,62
1387,5,0,0,2,1,-5.1,0.3412,1,0,62
1388,5,0,0,3,1,-4.3,0.3407,1,0,62
1389,5,0,0,2,1,-5.05,0.3402,1,0,62
1390,5,0,0,3,1,-4.65,0.3398,1,0,62
1391,5,0,0,3,1,-4.65,0.3393,1,0,62
1392,5,0,0,4,1,-4.25,0.3388,1,0,62
1393,5,0,0,4,1,-4.45,0.3383,1,0,62
1394,7,0,0,2,1,-6.07,0.3379,1,0,62
1395,5,0,0,3,1,-5.2,0.3374,1,0,62
1396,6,0,0,4,1,-5.36,0.3369,1,0,62
1397,6,0,0,2,1,-5.11,0.3364,1,0,62
1398,6,0,0,2,1,-5.11,0.336,1,0,62
1399,5,0,0,1,1,-5.75,0.3355,1,0,62
1400,5,0,0,4,1,-4.0,0.335,1,0,62
1401,6,0,0,4,1,-4.96,0.3345,1,0,62
1402,5,0,0,4,1,-4.45,0.3341,1,0,62
1403,5,0,0,2,1,-5.5,0.3336,1,0,62
1404,5,0,0,2,1,-5.05,0.3331,1,0,62
1405,5,0,0,4,1,-4.45,0.3326,1,0,62
1406,7,0,0,2,1,-4.62,0.3322,1,0,62
1407,5,0,0,3,1,-4.3,0.3317,1,0,62
1408,5,0,0,4,1,-4.0,0.3312,1,0,62
1409,5,0,0,3,1,-5.2,0.3307,1,0,62
1410,5,0,0,4,1,-4.45,0.3303,1,0,62
1411,5,0,0,4,1,-4.0,0.3298,1,0,62
1412,5,0,0,3,1,-5.65,0.3293,1,0,62
1413,8,0,0,4,1,-5.93,0.3288,1,0,62
1414,7,0,0,4,1,-4.27,0.3284,1,0,62
1415,5,0,0,3,1,-4.3,0.3279,1,0,62
1416,9,0,0,1,1,-5.89,0.3274,1,0,62
1417,5,0,0,2,1,-4.6,0.3269,1,0,62
1418,5,0,0,2,1,-5.5,0.3265,1,0,62
1419,20,0,0,3,1,-5.5,0.326,1,0,62
1420,7,0,0,0,1,-5.77,0.3255,1,0,62
1421,5,0,0,4,1,-3.9,0.325,1,0,62
1422,5,0,0,4,1,-4.95,0.3246,1,0,62
1423,5,0,0,3,1,-4.75,0.3241,1,0,62
1424,6,0,0,3,1,-4.26,0.3236,1,0,62
1425,5,0,0,3,1,-4.65,0.3231,1,0,62
1426,5,0,0,3,1,-4.3,0.3227,1,0,62
1427,5,0,0,4,1,-4.45,0.3222,1,0,62
1428,5,0,0,2,1,-5.55,0.3217,1,0,62
1429,5,0,0,3,1,-4.75,0.3212,1,0,62
1430,5,0,0,3,1,-4.65,0.3208,1,0,62
1431,5,0,0,4,1,-4.45,0.3203,1,0,62
1432,5,0,0,3,1,-5.2,0.3198,1,0,62
1433,5,0,0,2,1,-5.1,0.3193,1,0,62
1434,5,0,0,4,1,-3.9,0.3189,1,0,62
1435,7,0,0,4,1,-4.07,0.3184,1,0,62
1436,5,0,0,2,1,-4.6,0.3179,1,0,62
1437,5,0,0,3,1,-5.1,0.3174,1,0,62
1438,5,0,0,3,1,-4.75,0.317,1,0,62
1439,5,0,0,2,1,-5.05,0.3165,1,0,62
1440,5,0,0,3,1,-5.1,0.316,1,0,62
1441,5,0,0,3,1,-4.2,0.3155,1,0,62
1442,5,0,0,3,1,-4.3,0.3151,1,0,62
1443,5,0,0,3,1,-5.2,0.3146,1,0,62
1444,5,0,0,3,1,-5.2,0.3141,1,0,62
1445,5,0,0,2,1,-5.5,0.3136,1,0,62
1446,5,0,0,2,1,-5.05,0.3132,1,0,62
1447,5,0,0,3,1,-5.25,0.3127,1,0,62
1448,5,0,0,4,1,-4.8,0.3122,1,0,62
1449,6,0,0,2,1,-5.11,0.3117,1,0,62
1450,5,0,0,3,1,-4.7,0.3113,1,0,62
1451,5,0,0,3,1,-4.25,0.3108,1,0,62
1452,5,0,0,4,1,-4.4,0.3103,1,0,62
1453,5,0,0,4,1,-4.05,0.3098,1,0,62
1454,5,0,0,3,1,-4.75,0.3094,1,0,62
1455,5,0,0,2,1,-4.55,0.3089,1,0,62
1456,5,0,0,2,1,-5.1,0.3084,1,0,62
1457,5,0,0,2,1,-4.65,0.3079,1,0,62
1458,5,0,0,4,1,-4.45,0.3075,1,0,62
1459,5,0,0,4,1,-5.3,0.307,1,0,62
1460,5,0,0,2,1,-4.65,0.3065,1,0,62
1461,5,0,0,4,1,-4.0,0.306,1,0,62
1462,5,0,0,3,1,-4.3,0.3056,1,0,62
1463,5,0,0,2,1,-5.05,0.3051,1,0,62
1464,6,0,0,4,1,-5.91,0.3046,1,0,62
1465,5,0,0,4,1,-4.4,0.3041,1,0,62
1466,6,0,0,3,1,-5.21,0.3037,1,0,62
1467,5,0,0,3,1,-4.7,0.3032,1,0,62
1468,6,0,0,2,1,-5.06,0.3027,1,0,62
1469,6,0,0,2,1,-5.16,0.3022,1,0,62
1470,5,0,0,2,1,-5.5,0.3018,1,0,62
1471,5,0,0,3,1,-4.2,0.3013,1,0,62
1472,5,0,0,4,1,-4.0,0.3008,1,0,62
1473,5,0,0,3,1,-4.35,0.3003,1,0,62
1474,5,0,0,3,1,-4.3,0.2999,1,0,62
1475,5,0,0,2,1,-5.5,0.2994,1,0,62
1476,5,0,0,3,1,-4.3,0.2989,1,0,62
1477,5,0,0,3,1,-4.75,0.2984,1,0,62
1478,5,0,0,4,1,-4.05,0.298,1,0,62
1479,7,0,0,3,1,-4.72,0.2975,1,0,62
1480,5,0,0,2,1,-5.1,0.297,1,0,62
1481,5,0,0,2,1,-5.1,0.2965,1,0,62
1482,6,0,0,4,1,-4.06,0.2961,1,0,62
1483,7,0,0,3,1,-4.32,0.2956,1,0,62
1484,5,0,0,4,1,-4.0,0.2951,1,0,62
1485,5,0,0,3,1,-4.25,0.2946,1,0,62
1486,5,0,0,3,1,-4.3,0.2942,1,0,62
1487,5,0,0,3,1,-5.2,0.2937,1,0,62
1488,6,0,0,3,1,-4.76,0.2932,1,0,62
1489,5,0,0,3,1,-4.3,0.2927,1,0,62
1490,5,0,0,4,1,-4.35,0.2923,1,0,62
1491,5,0,0,4,1,-4.45,0.2918,1,0,62
1492,5,0,0,4,1,-4.0,0.2913,1,0,62
1493,5,0,0,3,1,-5.2,0.2908,1,0,62
1494,5,0,0,2,1,-5.05,0.2903,1,0,62
1495,5,0,0,4,1,-4.45,0.2899,1,0,62
1496,5,0,0,4,1,-3.9,0.2894,1,0,62
1497,5,0,0,3,1,-4.75,0.2889,1,0,62
1498,6,0,0,3,1,-5.26,0.2884,1,0,62
1499,6,0,0,2,1,-5.11,0.288,1,0,62
1500,5,0,0,3,1,-4.75,0.2875,1,0,62
1501,5,0,0,4,1,-4.05,0.287,1,0,62
1502,5,0,0,4,1,-4.8,0.2866,1,0,62
1503,5,0,0,3,1,-5.2,0.2861,1,0,62
1504,7,0,0,3,1,-4.32,0.2856,1,0,62
1505,5,0,0,1,1,-5.35,0.2851,1,0,62
1506,6,0,0,2,1,-4.51,0.2847,1,0,62
1507,5,0,0,3,1,-4.8,0.2842,1,0,62
1508,5,0,0,3,1,-4.3,0.2837,1,0,62
1509,5,0,0,3,1,-4.75,0.2832,1,0,62
1510,5,0,0,3,1,-4.8,0.2828,1,0,62
1511,5,0,0,3,1,-4.3,0.2823,1,0,62
1512,6,0,0,2,1,-5.51,0.2818,1,0,62
1513,7,0,0,4,1,-4.92,0.2813,1,0,62
1514,5,0,0,1,1,-4.85,0.2809,1,0,62
1515,5,0,0,3,1,-5.65,0.2804,1,0,62
1516,6,0,0,2,1,-5.56,0.2799,1,0,62
1517,5,0,0,2,1,-4.6,0.2794,1,0,62
1518,5,0,0,3,1,-4.35,0.279,1,0,62
1519,5,0,0,3,1,-4.55,0.2785,1,0,62
1520,9,0,0,3,1,-4.69,0.278,1,0,62
1521,5,0,0,4,1,-4.5,0.2775,1,0,62
1522,5,0,0,2,1,-4.65,0.2771,1,0,62
1523,7,0,0,3,1,-4.27,0.2766,1,0,62
1524,5,0,0,2,1,-5.55,0.2761,1,0,62
1525,5,0,0,3,1,-4.2,0.2756,1,0,62
1526,5,0,0,4,1,-3.9,0.2752,1,0,62
1527,5,0,0,3,1,-4.3,0.2747,1,0,62
1528,5,0,0,2,1,-5.05,0.2742,1,0,62
1529,5,0,0,4,1,-4.9,0.2737,1,0,62
1530,9,0,0,4,1,-4.59,0.2732,1,0,62
1531,5,0,0,2,1,-4.95,0.2728,1,0,62
1532,5,0,0,2,1,-5.55,0.2723,1,0,62
1533,8,0,0,3,1,-5.28,0.2718,1,0,62
1534,5,0,0,4,1,-3.9,0.2713,1,0,62
1535,9,0,0,3,1,-4.34,0.2709,1,0,62
1536,5,0,0,3,1,-4.3,0.2704,1,0,62
1537,6,0,0,3,1,-5.26,0.2699,1,0,62
1538,5,0,0,4,1,-4.4,0.2694,1,0,62
1539,6,0,0,3,1,-4.66,0.269,1,0,62
1540,7,0,0,3,1,-4.32,0.2685,1,0,62
1541,5,0,0,3,1,-4.75,0.268,1,0,62
1542,7,0,0,4,1,-4.02,0.2676,1,0,62
1543,5,0,0,4,1,-4.0,0.2671,1,0,62
1544,5,0,0,2,1,-4.6,0.2666,1,0,62
1545,5,0,0,3,1,-4.75,0.2661,1,0,62
1546,5,0,0,3,1,-4.3,0.2657,1,0,62
1547,5,0,0,4,1,-3.9,0.2652,1,0,62
1548,5,0,0,3,1,-4.3,0.2647,1,0,62
1549,5,0,0,4,1,-4.9,0.2642,1,0,62
1550,5,0,0,3,1,-4.75,0.2638,1,0,62
1551,5,0,0,3,1,-4.3,0.2633,1,0,62
1552,8,0,0,3,1,-5.83,0.2628,1,0,62
1553,5,0,0,2,1,-4.6,0.2623,1,0,62
1554,5,0,0,3,1,-4.2,0.2619,1,0,62
1555,5,0,0,3,1,-4.3,0.2614,1,0,62
1556,5,0,0,3,1,-4.75,0.2609,1,0,62
1557,6,0,0,1,1,-6.81,0.2604,1,0,62
1558,6,0,0,3,1,-4.81,0.26,1,0,62
1559,7,0,0,4,1,-4.47,0.2595,1,0,62
1560,5,0,0,3,1,-4.3,0.259,1,0,62
1561,5,0,0,3,1,-4.3,0.2585,1,0,62
1562,5,0,0,4,1,-4.45,0.2581,1,0,62
1563,5,0,0,3,1,-4.3,0.2576,1,0,62
1564,7,0,0,3,1,-4.87,0.2571,1,0,62
1565,5,0,0,3,1,-4.75,0.2566,1,0,62
1566,5,0,0,4,1,-4.0,0.2561,1,0,62
1567,5,0,0,3,1,-4.75,0.2557,1,0,62
1568,5,0,0,3,1,-5.2,0.2552,1,0,62
1569,5,0,0,3,1,-4.75,0.2547,1,0,62
1570,5,0,0,3,1,-4.3,0.2542,1,0,62
1571,5,0,0,3,1,-4.3,0.2538,1,0,62
1572,6,0,0,3,1,-5.26,0.2533,1,0,62
1573,5,0,0,3,1,-4.3,0.2528,1,0,62
1574,7,0,0,4,1,-4.52,0.2523,1,0,62
1575,5,0,0,2,1,-5.4,0.2519,1,0,62
1576,5,0,0,2,1,-5.05,0.2514,1,0,62
1577,5,0,0,4,1,-4.35,0.2509,1,0,62
1578,6,0,0,3,1,-5.71,0.2504,1,0,62
1579,5,0,0,3,1,-4.2,0.25,1,0,62
1580,5,0,0,4,1,-4.45,0.2495,1,0,62
1581,5,0,0,3,1,-4.3,0.249,1,0,62
1582,5,0,0,4,1,-4.0,0.2486,1,0,62
1583,5,0,0,4,1,-4.45,0.2481,1,0,62
1584,7,0,0,3,1,-4.32,0.2476,1,0,62
1585,5,0,0,3,1,-4.3,0.2471,1,0,62
1586,5,0,0,4,1,-4.45,0.2467,1,0,62
1587,5,0,0,3,1,-5.2,0.2462,1,0,62
1588,5,0,0,4,1,-4.45,0.2457,1,0,62
1589,5,0,0,3,1,-4.3,0.2452,1,0,62
1590,5,0,0,3,1,-4.3,0.2448,1,0,62
1591,5,0,0,3,1,-4.75,0.2443,1,0,62
1592,5,0,0,3,1,-4.3,0.2438,1,0,62
1593,5,0,0,4,1,-4.0,0.2433,1,0,62
1594,5,0,0,1,1,-4.9,0.2429,1,0,62
1595,6,0,0,2,1,-5.56,0.2424,1,0,62
1596,5,0,0,3,1,-4.3,0.2419,1,0,62
1597,5,0,0,4,1,-4.0,0.2414,1,0,62
1598,5,0,0,4,1,-4.85,0.2409,1,0,62
1599,6,0,0,3,1,-4.81,0.2405,1,0,62
1600,5,0,0,4,1,-4.45,0.24,1,0,62
1601,5,0,0,1,1,-4.9,0.2395,1,0,62
1602,5,0,0,3,1,-4.7,0.239,1,0,62
1603,5,0,0,3,1,-4.8,0.2386,1,0,62
1604,5,0,0,4,1,-4.45,0.2381,1,0,62
1605,5,0,0,2,1,-6.0,0.2376,1,0,62
1606,15,0,0,1,1,-5.95,0.2371,1,0,62
1607,6,0,0,3,1,-5.26,0.2367,1,0,62
1608,5,0,0,4,1,-4.0,0.2362,1,0,62
1609,7,0,0,3,1,-4.77,0.2357,1,0,62
1610,5,0,0,4,1,-4.0,0.2352,1,0,62
1611,5,0,0,3,1,-4.25,0.2348,1,0,62
1612,5,0,0,3,1,-4.3,0.2343,1,0,62
1613,5,0,0,4,1,-4.35,0.2338,1,0,62
1614,5,0,0,4,1,-3.95,0.2333,1,0,62
1615,5,0,0,4,1,-4.35,0.2329,1,0,62
1616,5,0,0,2,1,-4.6,0.2324,1,0,62
1617,6,0,0,2,1,-5.11,0.2319,1,0,62
1618,5,0,0,4,1,-4.0,0.2314,1,0,62
1619,5,0,0,4,1,-4.0,0.231,1,0,62
1620,6,0,0,3,1,-5.71,0.2305,1,0,62
1621,5,0,0,2,1,-4.45,0.23,1,0,62
1622,5,0,0,1,1,-5.35,0.2296,1,0,62
1623,6,0,0,3,1,-4.71,0.2291,1,0,62
1624,5,0,0,3,1,-4.7,0.2286,1,0,62
1625,5,0,0,4,1,-3.9,0.2281,1,0,62
1626,5,0,0,4,1,-4.0,0.2277,1,0,62
1627,5,0,0,3,1,-5.2,0.2272,1,0,62
1628,5,0,0,3,1,-4.75,0.2267,1,0,62
1629,5,0,0,3,1,-4.2,0.2262,1,0,62
1630,5,0,0,3,1,-4.2,0.2258,1,0,62
1631,5,0,0,2,1,-4.95,0.2253,1,0,62
1632,5,0,0,4,1,-4.0,0.2248,1,0,62
1633,5,0,0,3,1,-4.65,0.2243,1,0,62
1634,6,0,0,4,1,-4.51,0.2239,1,0,62
1635,5,0,0,2,1,-4.65,0.2234,1,0,62
1636,5,0,0,3,1,-4.75,0.2229,1,0,62
1637,5,0,0,4,1,-4.45,0.2224,1,0,62
1638,5,0,0,3,1,-4.75,0.222,1,0,62
1639,6,0,0,4,1,-4.96,0.2215,1,0,62
1640,5,0,0,3,1,-4.65,0.221,1,0,62
1641,5,0,0,4,1,-4.0,0.2205,1,0,62
1642,5,0,0,4,1,-3.9,0.2201,1,0,62
1643,6,0,0,4,1,-3.96,0.2196,1,0,62
1644,5,0,0,3,1,-4.25,0.2191,1,0,62
1645,5,0,0,4,1,-4.0,0.2186,1,0,62
1646,5,0,0,3,1,-4.75,0.2182,1,0,62
1647,5,0,0,4,1,-4.0,0.2177,1,0,62
1648,5,0,0,3,1,-4.75,0.2172,1,0,62
1649,9,0,0,4,1,-4.59,0.2167,1,0,62
1650,5,0,0,1,1,-5.35,0.2163,1,0,62
1651,5,0,0,3,1,-4.3,0.2158,1,0,62
1652,5,0,0,3,1,-4.25,0.2153,1,0,62
1653,5,0,0,3,1,-4.75,0.2148,1,0,62
1654,5,0,0,3,1,-4.35,0.2144,1,0,62
1655,5,0,0,2,1,-5.05,0.2139,1,0,62
1656,5,0,0,3,1,-5.25,0.2134,1,0,62
1657,5,0,0,3,1,-4.75,0.2129,1,0,62
1658,5,0,0,3,1,-4.65,0.2125,1,0,62
1659,6,0,0,3,1,-5.21,0.212,1,0,62
1660,5,0,0,4,1,-4.0,0.2115,1,0,62
1661,11,0,0,1,1,-5.91,0.211,1,0,62
1662,5,0,0,3,1,-4.25,0.2106,1,0,62
1663,5,0,0,4,1,-3.9,0.2101,1,0,62
1664,5,0,0,3,1,-4.0,0.2096,1,0,62
1665,5,0,0,1,1,-4.9,0.2091,1,0,62
1666,5,0,0,3,1,-5.25,0.2087,1,0,62
1667,5,0,0,3,1,-4.2,0.2082,1,0,62
1668,5,0,0,2,1,-4.6,0.2077,1,0,62
1669,5,0,0,3,1,-5.0,0.2072,1,0,62
1670,5,0,0,3,1,-4.3,0.2068,1,0,62
1671,5,0,0,3,1,-4.7,0.2063,1,0,62
1672,5,0,0,3,1,-4.3,0.2058,1,0,62
1673,5,0,0,2,1,-5.5,0.2053,1,0,62
1674,5,0,0,3,1,-4.25,0.2049,1,0,62
1675,5,0,0,4,1,-4.0,0.2044,1,0,62
1676,5,0,0,3,1,-4.3,0.2039,1,0,62
1677,5,0,0,4,1,-4.5,0.2034,1,0,62
1678,5,0,0,4,1,-4.0,0.203,1,0,62
1679,5,0,0,4,1,-4.45,0.2025,1,0,62
1680,5,0,0,2,1,-4.6,0.202,1,0,62
1681,5,0,0,4,1,-4.95,0.2015,1,0,62
1682,5,0,0,3,1,-4.7,0.2011,1,0,62
1683,5,0,0,4,1,-4.0,0.2006,1,0,62
1684,17,0,0,4,2,-4.72,0.2001,1,0,63
1685,5,0,0,3,1,-5.7,0.1996,1,0,63
1686,5,0,0,3,1,-4.75,0.1992,1,0,63
1687,6,0,0,4,1,-4.41,0.1987,1,0,63
1688,5,0,0,4,1,-4.35,0.1982,1,0,63
1689,8,0,0,1,1,-4.98,0.1977,1,0,63
1690,5,0,0,3,1,-4.25,0.1973,1,0,63
1691,5,0,0,3,1,-4.75,0.1968,1,0,63
1692,5,0,0,3,1,-4.3,0.1963,1,0,63
1693,5,0,0,4,1,-4.45,0.1958,1,0,63
1694,9,0,0,3,1,-4.79,0.1954,1,0,63
1695,7,0,0,4,1,-4.47,0.1949,1,0,63
1696,5,0,0,2,1,-5.5,0.1944,1,0,63
1697,5,0,0,4,1,-4.0,0.1939,1,0,63
1698,5,0,0,3,1,-4.75,0.1935,1,0,63
1699,5,0,0,2,1,-4.45,0.193,1,0,63
1700,5,0,0,2,1,-4.55,0.1925,1,0,63
1701,5,0,0,2,1,-5.0,0.192,1,0,63
1702,5,0,0,4,1,-4.0,0.1916,1,0,63
1703,5,0,0,4,1,-4.45,0.1911,1,0,63
1704,5,0,0,3,1,-5.25,0.1906,1,0,63
1705,5,0,0,4,1,-4.35,0.1901,1,0,63
1706,5,0,0,2,1,-4.45,0.1897,1,0,63
1707,5,0,0,4,1,-4.9,0.1892,1,0,63
1708,5,0,0,1,1,-5.35,0.1887,1,0,63
1709,28,0,0,3,1,-5.03,0.1882,1,0,63
1710,7,0,0,1,1,-4.87,0.1878,1,0,63
1711,6,0,0,2,1,-5.46,0.1873,1,0,63
1712,18,0,0,2,1,-5.23,0.1868,1,0,63
1713,5,0,0,2,1,-5.45,0.1863,1,0,63
1714,5,0,0,2,1,-4.65,0.1859,1,0,63
1715,6,0,0,3,1,-4.81,0.1854,1,0,63
1716,5,0,0,4,1,-4.45,0.1849,1,0,63
1717,5,0,0,2,1,-4.6,0.1844,1,0,63
1718,5,0,0,3,1,-4.3,0.184,1,0,63
1719,5,0,0,3,1,-4.3,0.1835,1,0,63
1720,5,0,0,4,1,-3.9,0.183,1,0,63
1721,5,0,0,3,1,-4.65,0.1825,1,0,63
1722,5,0,0,3,1,-4.3,0.1821,1,0,63
1723,5,0,0,3,1,-4.3,0.1816,1,0,63
1724,5,0,0,3,1,-4.8,0.1811,1,0,63
1725,6,0,0,2,1,-5.96,0.1806,1,0,63
1726,5,0,0,3,1,-4.3,0.1802,1,0,63
1727,6,0,0,2,1,-5.11,0.1797,1,0,63
1728,7,0,0,3,1,-4.32,0.1792,1,0,63
1729,5,0,0,3,1,-4.3,0.1787,1,0,63
1730,5,0,0,3,1,-4.7,0.1783,1,0,63
1731,5,0,0,3,1,-4.35,0.1778,1,0,63
1732,5,0,0,3,1,-4.65,0.1773,1,0,63
1733,5,0,0,4,1,-4.45,0.1768,1,0,63
1734,5,0,0,2,1,-4.95,0.1764,1,0,63
1735,6,0,0,2,1,-5.16,0.1759,1,0,63
1736,5,0,0,4,1,-4.45,0.1754,1,0,63
1737,6,0,0,3,1,-4.81,0.1749,1,0,63
1738,5,0,0,3,1,-4.2,0.1744,1,0,63
1739,5,0,0,3,1,-4.75,0.174,1,0,63
1740,5,0,0,3,1,-4.3,0.1735,1,0,63
1741,5,0,0,3,1,-4.2,0.173,1,0,63
1742,5,0,0,3,1,-4.75,0.1726,1,0,63
1743,5,0,0,2,1,-4.6,0.1721,1,0,63
1744,5,0,0,2,1,-4.5,0.1716,1,0,63
1745,5,0,0,3,1,-5.1,0.1711,1,0,63
1746,5,0,0,3,1,-4.3,0.1707,1,0,63
1747,5,0,0,3,1,-4.3,0.1702,1,0,63
1748,5,0,0,3,1,-4.75,0.1697,1,0,63
1749,5,0,0,2,1,-5.05,0.1692,1,0,63
1750,5,0,0,3,1,-4.3,0.1688,1,0,63
1751,5,0,0,2,1,-4.6,0.1683,1,0,63
1752,6,0,0,2,1,-5.11,0.1678,1,0,63
1753,7,0,0,2,1,-5.17,0.1673,1,0,63
1754,5,0,0,2,1,-4.6,0.1669,1,0,63
1755,5,0,0,3,1,-4.3,0.1664,1,0,63
1756,5,0,0,4,1,-4.0,0.1659,1,0,63
1757,7,0,0,3,1,-4.22,0.1654,1,0,63
1758,7,0,0,4,1,-4.02,0.165,1,0,63
1759,5,0,0,3,1,-4.3,0.1645,1,0,63
1760,5,0,0,4,1,-4.0,0.164,1,0,63
1761,5,0,0,3,1,-4.3,0.1635,1,0,63
1762,5,0,0,3,1,-5.2,0.1631,1,0,63
1763,5,0,0,3,1,-4.3,0.1626,1,0,63
1764,5,0,0,4,1,-4.45,0.1621,1,0,63
1765,5,0,0,4,1,-3.9,0.1616,1,0,63
1766,5,0,0,2,1,-4.95,0.1612,1,0,63
1767,5,0,0,4,1,-4.35,0.1607,1,0,63
1768,5,0,0,3,1,-5.25,0.1602,1,0,63
1769,6,0,0,4,1,-4.51,0.1597,1,0,63
1770,6,0,0,3,1,-4.71,0.1593,1,0,63
1771,5,0,0,3,1,-4.65,0.1588,1,0,63
1772,5,0,0,3,1,-5.2,0.1583,1,0,63
1773,6,0,0,3,1,-4.81,0.1578,1,0,63
1774,6,0,0,2,1,-5.11,0.1573,1,0,63
1775,5,0,0,4,1,-4.0,0.1569,1,0,63
1776,5,0,0,3,1,-4.75,0.1564,1,0,63
1777,5,0,0,4,1,-4.0,0.1559,1,0,63
1778,5,0,0,3,1,-4.75,0.1554,1,0,63
1779,5,0,0,2,1,-4.6,0.155,1,0,63
1780,5,0,0,3,1,-4.3,0.1545,1,0,63
1781,5,0,0,3,1,-4.3,0.154,1,0,63
1782,5,0,0,4,1,-4.45,0.1536,1,0,63
1783,5,0,0,4,1,-4.0,0.1531,1,0,63
1784,5,0,0,3,1,-4.3,0.1526,1,0,63
1785,5,0,0,3,1,-4.3,0.1521,1,0,63
1786,5,0,0,4,1,-3.9,0.1517,1,0,63
1787,6,0,0,3,1,-4.71,0.1512,1,0,63
1788,5,0,0,4,1,-4.0,0.1507,1,0,63
1789,5,0,0,3,1,-4.3,0.1502,1,0,63
1790,5,0,0,3,1,-4.3,0.1498,1,0,63
1791,5,0,0,4,1,-4.0,0.1493,1,0,63
1792,8,0,0,3,1,-4.58,0.1488,1,0,63
1793,5,0,0,4,1,-3.9,0.1483,1,0,63
1794,5,0,0,2,1,-4.6,0.1479,1,0,63
1795,5,0,0,3,1,-4.3,0.1474,1,0,63
1796,5,0,0,3,1,-4.75,0.1469,1,0,63
1797,5,0,0,3,1,-4.75,0.1464,1,0,63
1798,5,0,0,4,1,-4.0,0.146,1,0,63
1799,5,0,0,4,1,-4.35,0.1455,1,0,63
1800,5,0,0,3,1,-5.2,0.145,1,0,63
1801,6,0,0,4,1,-4.51,0.1445,1,0,63
1802,5,0,0,2,1,-5.05,0.1441,1,0,63
1803,5,0,0,4,1,-4.0,0.1436,1,0,63
1804,5,0,0,2,1,-5.05,0.1431,1,0,63
1805,5,0,0,3,1,-4.3,0.1426,1,0,63
1806,5,0,0,2,1,-4.6,0.1421,1,0,63
1807,5,0,0,4,1,-4.45,0.1417,1,0,63
1808,5,0,0,3,1,-4.25,0.1412,1,0,63
1809,5,0,0,1,1,-5.35,0.1407,1,0,63
1810,5,0,0,3,1,-4.3,0.1402,1,0,63
1811,5,0,0,1,1,-5.25,0.1398,1,0,63
1812,6,0,0,2,1,-4.96,0.1393,1,0,63
1813,5,0,0,3,1,-4.3,0.1388,1,0,63
1814,5,0,0,2,1,-5.05,0.1383,1,0,63
1815,5,0,0,4,1,-4.0,0.1379,1,0,63
1816,5,0,0,2,1,-4.6,0.1374,1,0,63
1817,5,0,0,3,1,-4.3,0.1369,1,0,63
1818,5,0,0,4,1,-4.0,0.1364,1,0,63
1819,5,0,0,2,1,-4.5,0.136,1,0,63
1820,5,0,0,3,1,-4.3,0.1355,1,0,63
1821,5,0,0,3,1,-4.3,0.135,1,0,63
1822,5,0,0,3,1,-4.65,0.1346,1,0,63
1823,5,0,0,3,1,-4.3,0.1341,1,0,63
1824,5,0,0,3,1,-4.3,0.1336,1,0,63
1825,5,0,0,4,1,-4.45,0.1331,1,0,63
1826,5,0,0,3,1,-4.3,0.1327,1,0,63
1827,5,0,0,4,1,-4.0,0.1322,1,0,63
1828,5,0,0,3,1,-4.75,0.1317,1,0,63
1829,5,0,0,2,1,-4.6,0.1312,1,0,63
1830,5,0,0,2,1,-5.05,0.1308,1,0,63
1831,5,0,0,1,1,-5.3,0.1303,1,0,63
1832,5,0,0,4,1,-4.35,0.1298,1,0,63
1833,5,0,0,2,1,-5.05,0.1293,1,0,63
1834,5,0,0,3,1,-4.8,0.1289,1,0,63
1835,5,0,0,3,1,-5.2,0.1284,1,0,63
1836,5,0,0,3,1,-4.65,0.1279,1,0,63
1837,5,0,0,3,1,-5.2,0.1274,1,0,63
1838,15,0,0,4,1,-6.0,0.127,1,0,63
1839,5,0,0,3,1,-4.75,0.1265,1,0,63
1840,5,0,0,4,1,-4.0,0.126,1,0,63
1841,5,0,0,3,1,-4.3,0.1255,1,0,63
1842,5,0,0,4,1,-4.35,0.125,1,0,63
1843,5,0,0,3,1,-4.3,0.1246,1,0,63
1844,5,0,0,3,1,-4.75,0.1241,1,0,63
1845,5,0,0,0,1,-5.7,0.1236,1,0,63
1846,5,0,0,3,1,-4.75,0.1231,1,0,63
1847,5,0,0,4,1,-4.0,0.1227,1,0,63
1848,5,0,0,3,1,-4.75,0.1222,1,0,63
1849,7,0,0,3,1,-4.77,0.1217,1,0,63
1850,5,0,0,4,1,-4.0,0.1212,1,0,63
1851,5,0,0,4,1,-4.0,0.1208,1,0,63
1852,5,0,0,4,1,-3.9,0.1203,1,0,63
1853,6,0,0,2,1,-4.96,0.1198,1,0,63
1854,5,0,0,4,1,-4.35,0.1193,1,0,63
1855,5,0,0,2,1,-4.45,0.1189,1,0,63
1856,5,0,0,4,1,-4.45,0.1184,1,0,63
1857,5,0,0,2,1,-4.6,0.1179,1,0,63
1858,5,0,0,4,1,-4.0,0.1174,1,0,63
1859,5,0,0,3,1,-4.7,0.117,1,0,63
1860,5,0,0,4,1,-4.0,0.1165,1,0,63
1861,5,0,0,3,1,-4.75,0.116,1,0,63
1862,5,0,0,4,1,-4.0,0.1156,1,0,63
1863,5,0,0,3,1,-4.3,0.1151,1,0,63
1864,5,0,0,3,1,-4.3,0.1146,1,0,63
1865,5,0,0,3,1,-4.3,0.1141,1,0,63
1866,5,0,0,4,1,-3.8,0.1137,1,0,63
1867,5,0,0,4,1,-4.0,0.1132,1,0,63
1868,5,0,0,3,1,-5.15,0.1127,1,0,63
1869,5,0,0,4,1,-4.0,0.1122,1,0,63
1870,5,0,0,3,1,-4.75,0.1118,1,0,63
1871,5,0,0,4,1,-4.0,0.1113,1,0,63
1872,5,0,0,3,1,-4.3,0.1108,1,0,63
1873,6,0,0,3,1,-4.21,0.1103,1,0,63
1874,5,0,0,2,1,-4.6,0.1099,1,0,63
1875,5,0,0,4,1,-4.0,0.1094,1,0,63
1876,5,0,0,4,1,-4.45,0.1089,1,0,63
1877,5,0,0,2,1,-4.5,0.1084,1,0,63
1878,5,0,0,1,1,-5.35,0.108,1,0,63
1879,5,0,0,3,1,-4.3,0.1075,1,0,63
1880,5,0,0,2,1,-4.6,0.107,1,0,63
1881,5,0,0,4,1,-4.45,0.1065,1,0,63
1882,5,0,0,4,1,-4.0,0.1061,1,0,63
1883,5,0,0,3,1,-4.75,0.1056,1,0,63
1884,5,0,0,3,1,-4.2,0.1051,1,0,63
1885,5,0,0,4,1,-4.0,0.1046,1,0,63
1886,5,0,0,4,1,-4.0,0.1042,1,0,63
1887,5,0,0,3,1,-4.3,0.1037,1,0,63
1888,6,0,0,4,1,-4.41,0.1032,1,0,63
1889,5,0,0,1,1,-5.35,0.1027,1,0,63
1890,5,0,0,3,1,-4.3,0.1023,1,0,63
1891,5,0,0,3,1,-4.8,0.1018,1,0,63
1892,5,0,0,3,1,-4.25,0.1013,1,0,63
1893,5,0,0,1,1,-4.9,0.1008,1,0,63
1894,5,0,0,3,1,-4.65,0.1004,1,0,63
1895,5,0,0,3,1,-4.25,0.0999,1,0,63
1896,5,0,0,4,1,-3.9,0.0994,1,0,63
1897,5,0,0,3,1,-4.3,0.0989,1,0,63
1898,5,0,0,4,1,-4.0,0.0985,1,0,63
1899,6,0,0,2,1,-4.61,0.098,1,0,63
1900,5,0,0,1,1,-5.3,0.0975,1,0,63
1901,5,0,0,2,1,-4.95,0.097,1,0,63
1902,5,0,0,1,1,-5.35,0.0966,1,0,63
1903,5,0,0,3,1,-4.25,0.0961,1,0,63
1904,5,0,0,3,1,-4.3,0.0956,1,0,63
1905,5,0,0,4,1,-4.0,0.0951,1,0,63
1906,5,0,0,2,1,-4.55,0.0947,1,0,63
1907,5,0,0,2,1,-4.6,0.0942,1,0,63
1908,5,0,0,4,1,-3.9,0.0937,1,0,63
1909,5,0,0,2,1,-4.6,0.0932,1,0,63
1910,5,0,0,3,1,-4.25,0.0928,1,0,63
1911,5,0,0,1,1,-4.85,0.0923,1,0,63
1912,5,0,0,3,1,-5.2,0.0918,1,0,63
1913,5,0,0,4,1,-3.9,0.0913,1,0,63
1914,7,0,0,4,1,-4.02,0.0909,1,0,63
1915,5,0,0,3,1,-4.3,0.0904,1,0,63
1916,5,0,0,4,1,-3.9,0.0899,1,0,63
1917,5,0,0,1,1,-4.85,0.0894,1,0,63
1918,5,0,0,3,1,-5.15,0.089,1,0,63
1919,5,0,0,3,1,-4.75,0.0885,1,0,63
1920,5,0,0,3,1,-4.2,0.088,1,0,63
1921,5,0,0,3,1,-4.3,0.0875,1,0,63
1922,6,0,0,2,1,-5.11,0.0871,1,0,63
1923,5,0,0,4,1,-4.0,0.0866,1,0,63
1924,5,0,0,4,1,-4.0,0.0861,1,0,63
1925,5,0,0,4,1,-3.9,0.0856,1,0,63
1926,5,0,0,2,1,-5.05,0.0852,1,0,63
1927,6,0,0,2,1,-5.11,0.0847,1,0,63
1928,6,0,0,4,1,-4.51,0.0842,1,0,63
1929,5,0,0,3,1,-4.3,0.0837,1,0,63
1930,5,0,0,3,1,-5.05,0.0833,1,0,63
1931,5,0,0,3,1,-4.2,0.0828,1,0,63
1932,5,0,0,2,1,-5.05,0.0823,1,0,63
1933,5,0,0,3,1,-4.75,0.0818,1,0,63
1934,5,0,0,4,1,-3.9,0.0814,1,0,63
1935,5,0,0,1,1,-4.9,0.0809,1,0,63
1936,5,0,0,3,1,-4.25,0.0804,1,0,63
1937,5,0,0,2,1,-4.6,0.0799,1,0,63
1938,5,0,0,4,1,-4.45,0.0795,1,0,63
1939,5,0,0,3,1,-4.3,0.079,1,0,63
1940,5,0,0,4,1,-4.0,0.0785,1,0,63
1941,5,0,0,2,1,-5.05,0.078,1,0,63
1942,5,0,0,2,1,-4.55,0.0776,1,0,63
1943,5,0,0,3,1,-4.3,0.0771,1,0,63
1944,5,0,0,3,1,-5.05,0.0766,1,0,63
1945,5,0,0,4,1,-4.45,0.0761,1,0,63
1946,5,0,0,4,1,-4.45,0.0757,1,0,63
1947,5,0,0,3,1,-4.3,0.0752,1,0,63
1948,5,0,0,3,1,-4.2,0.0747,1,0,63
1949,5,0,0,1,1,-4.85,0.0742,1,0,63
1950,5,0,0,3,1,-4.75,0.0738,1,0,63
1951,5,0,0,2,1,-5.5,0.0733,1,0,63
1952,5,0,0,4,1,-3.8,0.0728,1,0,63
1953,5,0,0,4,1,-4.45,0.0723,1,0,63
1954,5,0,0,2,1,-4.45,0.0719,1,0,63
1955,5,0,0,3,1,-4.3,0.0714,1,0,63
1956,5,0,0,3,1,-4.3,0.0709,1,0,63
1957,5,0,0,4,1,-3.9,0.0704,1,0,63
1958,5,0,0,4,1,-3.9,0.07,1,0,63
1959,5,0,0,3,1,-4.3,0.0695,1,0,63
1960,5,0,0,3,1,-4.3,0.069,1,0,63
1961,5,0,0,3,1,-4.2,0.0685,1,0,63
1962,6,0,0,3,1,-4.56,0.0681,1,0,63
1963,5,0,0,2,1,-5.0,0.0676,1,0,63
1964,5,0,0,3,1,-4.3,0.0671,1,0,63
1965,5,0,0,1,1,-4.85,0.0666,1,0,63
1966,6,0,0,4,1,-4.31,0.0662,1,0,63
1967,5,0,0,4,1,-4.0,0.0657,1,0,63
1968,5,0,0,4,1,-4.0,0.0652,1,0,63
1969,5,0,0,3,1,-4.75,0.0647,1,0,63
1970,5,0,0,4,1,-4.0,0.0643,1,0,63
1971,5,0,0,3,1,-4.75,0.0638,1,0,63
1972,5,0,0,4,1,-4.0,0.0633,1,0,63
1973,5,0,0,3,1,-4.3,0.0628,1,0,63
1974,5,0,0,4,1,-4.0,0.0624,1,0,63
1975,5,0,0,3,1,-4.3,0.0619,1,0,63
1976,6,0,0,3,1,-4.71,0.0614,1,0,63
1977,5,0,0,4,1,-3.9,0.0609,1,0,63
1978,5,0,0,4,1,-4.45,0.0605,1,0,63
1979,5,0,0,3,1,-4.3,0.06,1,0,63
1980,7,0,0,3,1,-4.77,0.0595,1,0,63
1981,5,0,0,3,1,-4.2,0.059,1,0,63
1982,5,0,0,4,1,-4.0,0.0586,1,0,63
1983,5,0,0,3,1,-4.3,0.0581,1,0,63
1984,5,0,0,3,1,-4.3,0.0576,1,0,63
1985,5,0,0,3,1,-4.3,0.0571,1,0,63
1986,5,0,0,4,1,-4.0,0.0567,1,0,63
1987,5,0,0,4,1,-4.0,0.0562,1,0,63
1988,5,0,0,4,1,-3.9,0.0557,1,0,63
1989,5,0,0,3,1,-4.3,0.0552,1,0,63
1990,5,0,0,2,1,-4.6,0.0548,1,0,63
1991,5,0,0,4,1,-4.0,0.0543,1,0,63
1992,5,0,0,4,1,-4.0,0.0538,1,0,63
1993,5,0,0,3,1,-4.3,0.0533,1,0,63
1994,5,0,0,3,1,-4.3,0.0529,1,0,63
1995,5,0,0,4,1,-4.0,0.0524,1,0,63
1996,5,0,0,4,1,-4.0,0.0519,1,0,63
1997,5,0,0,4,1,-4.0,0.0514,1,0,63
1998,5,0,0,4,1,-4.0,0.051,1,0,63
1999,5,0,0,3,1,-4.3,0.0505,1,0,63
2000,5,0,0,2,1,-4.6,0.05,1,0,63
2001,5,0,0,4,1,-4.0,0.05,1,0,63
2002,5,0,0,4,1,-4.0,0.05,1,0,63
2003,5,0,0,2,1,-4.6,0.05,1,0,63
2004,5,0,0,2,1,-4.6,0.05,1,0,63
2005,7,0,0,3,1,-4.32,0.05,1,0,63
2006,5,0,0,4,1,-4.45,0.05,1,0,63
2007,5,0,0,3,1,-4.75,0.05,1,0,63
2008,5,0,0,3,1,-4.2,0.05,1,0,63
2009,5,0,0,3,1,-4.3,0.05,1,0,63
2010,5,0,0,3,1,-4.3,0.05,1,0,63
2011,5,0,0,4,1,-4.35,0.05,1,0,63
2012,5,0,0,2,1,-4.6,0.05,1,0,63
2013,5,0,0,2,1,-4.6,0.05,1,0,63
2014,5,0,0,3,1,-4.3,0.05,1,0,63
2015,5,0,0,2,1,-4.6,0.05,1,0,63
2016,5,0,0,4,1,-4.0,0.05,1,0,63
2017,5,0,0,4,1,-4.0,0.05,1,0,63
2018,5,0,0,3,1,-4.2,0.05,1,0,63
2019,5,0,0,2,1,-5.0,0.05,1,0,63
2020,5,0,0,4,1,-4.0,0.05,1,0,63
2021,5,0,0,2,1,-4.6,0.05,1,0,63
2022,5,0,0,2,1,-5.05,0.05,1,0,63
2023,5,0,0,4,1,-4.45,0.05,1,0,63
2024,5,0,0,3,1,-4.2,0.05,1,0,63
2025,5,0,0,2,1,-5.5,0.05,1,0,63
2026,5,0,0,2,1,-4.6,0.05,1,0,63
2027,5,0,0,2,1,-4.6,0.05,1,0,63
2028,5,0,0,4,1,-4.0,0.05,1,0,63
2029,5,0,0,3,1,-4.3,0.05,1,0,63
2030,5,0,0,3,1,-4.2,0.05,1,0,63
2031,5,0,0,2,1,-4.6,0.05,1,0,63
2032,5,0,0,3,1,-4.3,0.05,1,0,63
2033,5,0,0,2,1,-4.6,0.05,1,0,63
2034,5,0,0,4,1,-3.9,0.05,1,0,63
2035,5,0,0,3,1,-4.2,0.05,1,0,63
2036,5,0,0,3,1,-4.2,0.05,1,0,63
2037,5,0,0,3,1,-4.3,0.05,1,0,63
2038,5,0,0,4,1,-3.9,0.05,1,0,63
2039,5,0,0,2,1,-4.6,0.05,1,0,63
2040,5,0,0,4,1,-3.9,0.05,1,0,63
2041,5,0,0,4,1,-4.0,0.05,1,0,63
2042,5,0,0,2,1,-4.6,0.05,1,0,63
2043,5,0,0,4,1,-4.0,0.05,1,0,63
2044,5,0,0,3,1,-4.3,0.05,1,0,63
2045,5,0,0,2,1,-4.6,0.05,1,0,63
2046,5,0,0,3,1,-4.2,0.05,1,0,63
2047,5,0,0,2,1,-5.0,0.05,1,0,63
2048,5,0,0,3,1,-4.3,0.05,1,0,63
2049,5,0,0,2,1,-4.5,0.05,1,0,63
2050,5,0,0,4,1,-4.0,0.05,1,0,63
2051,5,0,0,3,1,-4.3,0.05,1,0,63
2052,5,0,0,3,1,-4.3,0.05,1,0,63
2053,5,0,0,3,1,-4.3,0.05,1,0,63
2054,5,0,0,2,1,-4.6,0.05,1,0,63
2055,5,0,0,3,1,-4.75,0.05,1,0,63
2056,5,0,0,3,1,-4.3,0.05,1,0,63
2057,5,0,0,4,1,-4.45,0.05,1,0,63
2058,5,0,0,4,1,-4.0,0.05,1,0,63
2059,5,0,0,3,1,-4.3,0.05,1,0,63
2060,5,0,0,2,1,-4.6,0.05,1,0,63
2061,5,0,0,2,1,-4.6,0.05,1,0,63
2062,5,0,0,2,1,-4.6,0.05,1,0,63
2063,5,0,0,2,1,-4.6,0.05,1,0,63
2064,5,0,0,3,1,-4.3,0.05,1,0,63
2065,5,0,0,3,1,-4.3,0.05,1,0,63
2066,5,0,0,4,1,-4.45,0.05,1,0,63
2067,5,0,0,3,1,-4.3,0.05,1,0,63
2068,5,0,0,3,1,-4.3,0.05,1,0,63
2069,5,0,0,3,1,-4.2,0.05,1,0,63
2070,5,0,0,4,1,-4.0,0.05,1,0,63
2071,5,0,0,3,1,-4.3,0.05,1,0,63
2072,5,0,0,3,1,-4.3,0.05,1,0,63
2073,5,0,0,2,1,-4.6,0.05,1,0,63
2074,5,0,0,1,1,-4.9,0.05,1,0,63
2075,5,0,0,3,1,-4.3,0.05,1,0,63
2076,5,0,0,2,1,-4.6,0.05,1,0,63
2077,5,0,0,3,1,-4.3,0.05,1,0,63
2078,5,0,0,2,1,-4.6,0.05,1,0,63
2079,5,0,0,4,1,-3.9,0.05,1,0,63
2080,5,0,0,2,1,-4.6,0.05,1,0,63
2081,5,0,0,4,1,-4.0,0.05,1,0,63
2082,5,0,0,4,1,-4.45,0.05,1,0,63
2083,5,0,0,2,1,-4.5,0.05,1,0,63
2084,5,0,0,2,1,-4.6,0.05,1,0,63
2085,5,0,0,2,1,-4.6,0.05,1,0,63
2086,5,0,0,3,1,-4.3,0.05,1,0,63
2087,5,0,0,4,1,-4.0,0.05,1,0,63
2088,5,0,0,4,1,-4.0,0.05,1,0,63
2089,5,0,0,4,1,-4.0,0.05,1,0,63
2090,5,0,0,2,1,-4.6,0.05,1,0,63
2091,5,0,0,4,1,-4.45,0.05,1,0,63
2092,5,0,0,4,1,-4.45,0.05,1,0,63
2093,5,0,0,3,1,-4.3,0.05,1,0,63
2094,5,0,0,4,1,-3.9,0.05,1,0,63
2095,5,0,0,4,1,-4.0,0.05,1,0,63
2096,5,0,0,3,1,-4.65,0.05,1,0,63
2097,5,0,0,2,1,-4.5,0.05,1,0,63
2098,5,0,0,3,1,-5.2,0.05,1,0,63
2099,5,0,0,2,1,-4.6,0.05,1,0,63
2100,5,0,0,3,1,-4.75,0.05,1,0,63
2101,5,0,0,2,1,-5.05,0.05,1,0,63
2102,5,0,0,3,1,-4.75,0.05,1,0,63
2103,5,0,0,2,1,-4.6,0.05,1,0,63
2104,5,0,0,2,1,-4.6,0.05,1,0,63
2105,5,0,0,4,1,-4.0,0.05,1,0,63
2106,5,0,0,3,1,-4.3,0.05,1,0,63
2107,5,0,0,3,1,-4.3,0.05,1,0,63
2108,5,0,0,4,1,-4.45,0.05,1,0,63
2109,5,0,0,3,1,-4.3,0.05,1,0,63
2110,5,0,0,2,1,-4.5,0.05,1,0,63
2111,5,0,0,2,1,-4.6,0.05,1,0,63
2112,5,0,0,4,1,-3.9,0.05,1,0,63
2113,5,0,0,2,1,-5.05,0.05,1,0,63
2114,5,0,0,1,1,-4.9,0.05,1,0,63
2115,5,0,0,3,1,-4.3,0.05,1,0,63
2116,5,0,0,3,1,-4.2,0.05,1,0,63
2117,5,0,0,3,1,-4.3,0.05,1,0,63
2118,5,0,0,4,1,-3.9,0.05,1,0,63
2119,5,0,0,3,1,-4.3,0.05,1,0,63
2120,5,0,0,4,1,-4.0,0.05,1,0,63
2121,5,0,0,3,1,-4.3,0.05,1,0,63
2122,5,0,0,2,1,-4.5,0.05,1,0,63
2123,5,0,0,4,1,-3.9,0.05,1,0,63
2124,5,0,0,3,1,-4.3,0.05,1,0,63
2125,5,0,0,4,1,-4.45,0.05,1,0,63
2126,5,0,0,4,1,-4.0,0.05,1,0,63
2127,5,0,0,4,1,-4.0,0.05,1,0,63
2128,5,0,0,4,1,-3.9,0.05,1,0,63
2129,5,0,0,3,1,-4.3,0.05,1,0,63
2130,5,0,0,2,1,-4.6,0.05,1,0,63
2131,5,0,0,3,1,-4.3,0.05,1,0,63
2132,5,0,0,3,1,-4.3,0.05,1,0,63
2133,5,0,0,2,1,-4.6,0.05,1,0,63
2134,5,0,0,3,1,-4.3,0.05,1,0,63
2135,5,0,0,4,1,-4.0,0.05,1,0,63
2136,5,0,0,3,1,-4.3,0.05,1,0,63
2137,5,0,0,2,1,-4.6,0.05,1,0,63
2138,5,0,0,3,1,-4.3,0.05,1,0,63
2139,5,0,0,4,1,-4.0,0.05,1,0,63
2140,5,0,0,3,1,-4.3,0.05,1,0,63
2141,5,0,0,4,1,-4.0,0.05,1,0,63
2142,5,0,0,3,1,-4.3,0.05,1,0,63
2143,5,0,0,2,1,-4.6,0.05,1,0,63
2144,5,0,0,3,1,-4.2,0.05,1,0,63
2145,5,0,0,4,1,-4.0,0.05,1,0,63
2146,5,0,0,4,1,-3.9,0.05,1,0,63
2147,5,0,0,3,1,-4.3,0.05,1,0,63
2148,5,0,0,3,1,-4.2,0.05,1,0,63
2149,5,0,0,4,1,-4.0,0.05,1,0,63
2150,5,0,0,2,1,-5.05,0.05,1,0,63
2151,5,0,0,4,1,-4.0,0.05,1,0,63
2152,5,0,0,3,1,-4.1,0.05,1,0,63
2153,5,0,0,4,1,-4.0,0.05,1,0,63
2154,5,0,0,3,1,-4.3,0.05,1,0,63
2155,5,0,0,4,1,-4.0,0.05,1,0,63
2156,5,0,0,2,1,-4.6,0.05,1,0,63
2157,5,0,0,3,1,-4.75,0.05,1,0,63
2158,5,0,0,4,1,-3.9,0.05,1,0,63
2159,5,0,0,3,1,-4.65,0.05,1,0,63
2160,5,0,0,4,1,-4.0,0.05,1,0,63
2161,5,0,0,3,1,-4.2,0.05,1,0,63
2162,5,0,0,2,1,-4.6,0.05,1,0,63
2163,5,0,0,4,1,-4.0,0.05,1,0,63
2164,5,0,0,3,1,-4.3,0.05,1,0,63
2165,5,0,0,4,1,-4.0,0.05,1,0,63
2166,5,0,0,3,1,-4.75,0.05,1,0,63
2167,5,0,0,4,1,-3.8,0.05,1,0,63
2168,5,0,0,2,1,-4.5,0.05,1,0,63
2169,5,0,0,2,1,-5.05,0.05,1,0,63
2170,5,0,0,2,1,-4.6,0.05,1,0,63
2171,5,0,0,4,1,-4.0,0.05,1,0,63
2172,5,0,0,0,1,-5.2,0.05,1,0,63
2173,5,0,0,4,1,-4.0,0.05,1,0,63
2174,5,0,0,4,1,-3.9,0.05,1,0,63
2175,5,0,0,4,1,-4.0,0.05,1,0,63
2176,5,0,0,2,1,-4.6,0.05,1,0,63
2177,5,0,0,4,1,-3.9,0.05,1,0,63
2178,5,0,0,1,1,-4.9,0.05,1,0,63
2179,5,0,0,3,1,-4.3,0.05,1,0,63
2180,5,0,0,2,1,-4.6,0.05,1,0,63
2181,5,0,0,2,1,-4.55,0.05,1,0,63
2182,5,0,0,3,1,-4.3,0.05,1,0,63
2183,5,0,0,4,1,-4.45,0.05,1,0,63
2184,5,0,0,1,1,-4.85,0.05,1,0,63
2185,5,0,0,4,1,-3.8,0.05,1,0,63
2186,5,0,0,4,1,-4.0,0.05,1,0,63
2187,5,0,0,3,1,-4.3,0.05,1,0,63
2188,5,0,0,4,1,-4.0,0.05,1,0,63
2189,5,0,0,4,1,-4.0,0.05,1,0,63
2190,5,0,0,1,1,-4.9,0.05,1,0,63
2191,5,0,0,3,1,-4.3,0.05,1,0,63
2192,5,0,0,2,1,-4.6,0.05,1,0,63
2193,5,0,0,2,1,-4.6,0.05,1,0,63
2194,5,0,0,2,1,-4.6,0.05,1,0,63
2195,5,0,0,2,1,-4.5,0.05,1,0,63
2196,5,0,0,3,1,-4.3,0.05,1,0,63
2197,5,0,0,2,1,-4.6,0.05,1,0,63
2198,5,0,0,3,1,-4.3,0.05,1,0,63
2199,5,0,0,2,1,-4.6,0.05,1,0,63
2200,5,0,0,4,1,-4.0,0.05,1,0,63
2201,5,0,0,4,1,-4.0,0.05,1,0,63
2202,5,0,0,3,1,-4.3,0.05,1,0,63
2203,5,0,0,2,1,-4.6,0.05,1,0,63
2204,5,0,0,3,1,-4.3,0.05,1,0,63
2205,5,0,0,3,1,-4.3,0.05,1,0,63
2206,5,0,0,4,1,-4.0,0.05,1,0,63
2207,5,0,0,2,1,-4.6,0.05,1,0,63
2208,5,0,0,3,1,-4.2,0.05,1,0,63
2209,5,0,0,3,1,-4.2,0.05,1,0,63
2210,5,0,0,3,1,-4.2,0.05,1,0,63
2211,5,0,0,3,1,-4.75,0.05,1,0,63
2212,5,0,0,3,1,-4.3,0.05,1,0,63
2213,5,0,0,3,1,-4.3,0.05,1,0,63
2214,5,0,0,4,1,-4.0,0.05,1,0,63
2215,5,0,0,4,1,-4.0,0.05,1,0,63
2216,5,0,0,3,1,-4.75,0.05,1,0,63
2217,5,0,0,4,1,-4.0,0.05,1,0,63
2218,5,0,0,2,1,-4.6,0.05,1,0,63
2219,5,0,0,4,1,-4.0,0.05,1,0,63
2220,5,0,0,3,1,-4.75,0.05,1,0,63
2221,5,0,0,2,1,-4.6,0.05,1,0,63
2222,5,0,0,2,1,-4.6,0.05,1,0,63
2223,5,0,0,2,1,-4.6,0.05,1,0,63
2224,5,0,0,2,1,-4.6,0.05,1,0,63
2225,5,0,0,4,1,-3.9,0.05,1,0,63
2226,5,0,0,4,1,-4.0,0.05,1,0,63
2227,5,0,0,4,1,-4.0,0.05,1,0,63
2228,5,0,0,2,1,-5.05,0.05,1,0,63
2229,5,0,0,3,1,-4.3,0.05,1,0,63
2230,5,0,0,3,1,-4.3,0.05,1,0,63
2231,5,0,0,2,1,-4.6,0.05,1,0,63
2232,7,0,0,4,1,-4.02,0.05,1,0,63
2233,5,0,0,3,1,-4.3,0.05,1,0,63
2234,5,0,0,3,1,-4.3,0.05,1,0,63
2235,5,0,0,4,1,-4.0,0.05,1,0,63
2236,5,0,0,3,1,-4.2,0.05,1,0,63
2237,5,0,0,4,1,-4.0,0.05,1,0,63
2238,5,0,0,2,1,-5.45,0.05,1,0,63
2239,5,0,0,4,1,-4.0,0.05,1,0,63
2240,5,0,0,4,1,-4.0,0.05,1,0,63
2241,5,0,0,2,1,-4.6,0.05,1,0,63
2242,5,0,0,3,1,-4.3,0.05,1,0,63
2243,5,0,0,3,1,-4.3,0.05,1,0,63
2244,5,0,0,2,1,-4.5,0.05,1,0,63
2245,5,0,0,4,1,-4.35,0.05,1,0,63
2246,5,0,0,4,1,-4.0,0.05,1,0,63
2247,5,0,0,2,1,-4.6,0.05,1,0,63
2248,5,0,0,3,1,-4.2,0.05,1,0,63
2249,5,0,0,4,1,-4.0,0.05,1,0,63
2250,5,0,0,4,1,-4.0,0.05,1,0,63
2251,5,0,0,2,1,-4.5,0.05,1,0,63
2252,5,0,0,2,1,-4.6,0.05,1,0,63
2253,5,0,0,4,1,-3.9,0.05,1,0,63
2254,5,0,0,4,1,-4.0,0.05,1,0,63
2255,5,0,0,4,1,-4.0,0.05,1,0,63
2256,5,0,0,4,1,-4.0,0.05,1,0,63
2257,5,0,0,2,1,-5.05,0.05,1,0,63
2258,5,0,0,3,1,-4.3,0.05,1,0,63
2259,5,0,0,3,1,-4.2,0.05,1,0,63
2260,5,0,0,4,1,-3.9,0.05,1,0,63
2261,5,0,0,4,1,-3.9,0.05,1,0,63
2262,5,0,0,4,1,-4.0,0.05,1,0,63
2263,5,0,0,3,1,-4.3,0.05,1,0,63
2264,5,0,0,3,1,-4.3,0.05,1,0,63
2265,5,0,0,3,1,-4.3,0.05,1,0,63
2266,5,0,0,3,1,-4.75,0.05,1,0,63
2267,5,0,0,3,1,-4.3,0.05,1,0,63
2268,5,0,0,4,1,-4.0,0.05,1,0,63
2269,5,0,0,3,1,-4.3,0.05,1,0,63
2270,5,0,0,3,1,-4.3,0.05,1,0,63
2271,5,0,0,3,1,-4.3,0.05,1,0,63
2272,5,0,0,1,1,-5.35,0.05,1,0,63
2273,5,0,0,3,1,-4.3,0.05,1,0,63
2274,5,0,0,3,1,-4.2,0.05,1,0,63
2275,5,0,0,3,1,-4.75,0.05,1,0,63
2276,5,0,0,3,1,-4.75,0.05,1,0,63
2277,5,0,0,2,1,-4.6,0.05,1,0,63
2278,5,0,0,3,1,-4.3,0.05,1,0,63
2279,5,0,0,3,1,-4.3,0.05,1,0,63
2280,5,0,0,3,1,-4.65,0.05,1,0,63
2281,5,0,0,0,1,-5.2,0.05,1,0,63
2282,5,0,0,3,1,-4.3,0.05,1,0,63
2283,5,0,0,4,1,-4.0,0.05,1,0,63
2284,5,0,0,1,1,-4.9,0.05,1,0,63
2285,5,0,0,3,1,-4.3,0.05,1,0,63
2286,5,0,0,3,1,-4.3,0.05,1,0,63
2287,5,0,0,3,1,-4.75,0.05,1,0,63
2288,5,0,0,1,1,-4.9,0.05,1,0,63
2289,5,0,0,3,1,-4.3,0.05,1,0,63
2290,5,0,0,0,1,-5.2,0.05,1,0,63
2291,5,0,0,3,1,-4.3,0.05,1,0,63
2292,5,0,0,4,1,-3.9,0.05,1,0,63
2293,5,0,0,4,1,-4.0,0.05,1,0,63
2294,5,0,0,4,1,-4.0,0.05,1,0,63
2295,5,0,0,4,1,-4.0,0.05,1,0,63
2296,5,0,0,3,1,-4.25,0.05,1,0,63
2297,5,0,0,4,1,-4.0,0.05,1,0,63
2298,5,0,0,2,1,-4.6,0.05,1,0,63
2299,5,0,0,3,1,-4.3,0.05,1,0,63
2300,5,0,0,1,1,-4.85,0.05,1,0,63
2301,5,0,0,2,1,-4.45,0.05,1,0,63
2302,5,0,0,3,1,-4.3,0.05,1,0,63
2303,5,0,0,4,1,-4.0,0.05,1,0,63
2304,5,0,0,2,1,-4.6,0.05,1,0,63
2305,5,0,0,4,1,-3.9,0.05,1,0,63
2306,5,0,0,4,1,-4.0,0.05,1,0,63
2307,5,0,0,2,1,-4.95,0.05,1,0,63
2308,5,0,0,3,1,-4.2,0.05,1,0,63
2309,7,0,0,2,1,-4.57,0.05,1,0,63
2310,5,0,0,3,1,-4.3,0.05,1,0,63
2311,5,0,0,4,1,-4.0,0.05,1,0,63
2312,5,0,0,3,1,-4.05,0.05,1,0,63
2313,5,0,0,4,1,-4.0,0.05,1,0,63
2314,5,0,0,2,1,-4.6,0.05,1,0,63
2315,5,0,0,4,1,-3.9,0.05,1,0,63
2316,7,0,0,2,1,-4.57,0.05,1,0,63
2317,5,0,0,4,1,-3.8,0.05,1,0,63
2318,5,0,0,3,1,-4.25,0.05,1,0,63
2319,6,0,0,1,1,-4.91,0.05,1,0,63
2320,5,0,0,3,1,-4.65,0.05,1,0,63
2321,5,0,0,3,1,-4.3,0.05,1,0,63
2322,5,0,0,3,1,-4.3,0.05,1,0,63
2323,5,0,0,2,1,-5.0,0.05,1,0,63
2324,5,0,0,4,1,-4.0,0.05,1,0,63
2325,5,0,0,3,1,-4.25,0.05,1,0,63
2326,5,0,0,3,1,-4.3,0.05,1,0,63
2327,5,0,0,3,1,-4.3,0.05,1,0,63
2328,5,0,0,3,1,-4.2,0.05,1,0,63
2329,5,0,0,1,1,-4.85,0.05,1,0,63
2330,5,0,0,3,1,-4.3,0.05,1,0,63
2331,5,0,0,3,1,-4.15,0.05,1,0,63
2332,5,0,0,3,1,-4.3,0.05,1,0,63
2333,5,0,0,3,1,-4.25,0.05,1,0,63
2334,5,0,0,2,1,-4.55,0.05,1,0,63
2335,5,0,0,3,1,-4.3,0.05,1,0,63
2336,5,0,0,3,1,-4.3,0.05,1,0,63
2337,5,0,0,2,1,-4.95,0.05,1,0,63
2338,5,0,0,4,1,-4.0,0.05,1,0,63
2339,5,0,0,3,1,-4.3,0.05,1,0,63
2340,5,0,0,3,1,-4.25,0.05,1,0,63
2341,5,0,0,3,1,-4.15,0.05,1,0,63
2342,5,0,0,4,1,-4.0,0.05,1,0,63
2343,5,0,0,3,1,-4.3,0.05,1,0,63
2344,7,0,0,3,1,-4.32,0.05,1,0,63
2345,5,0,0,2,1,-5.05,0.05,1,0,63
2346,5,0,0,2,1,-5.05,0.05,1,0,63
2347,6,0,0,1,1,-4.91,0.05,1,0,63
2348,5,0,0,4,1,-4.0,0.05,1,0,63
2349,5,0,0,4,1,-4.45,0.05,1,0,63
2350,5,0,0,1,1,-4.85,0.05,1,0,63
2351,5,0,0,3,1,-4.75,0.05,1,0,63
2352,5,0,0,2,1,-4.95,0.05,1,0,63
2353,5,0,0,4,1,-4.0,0.05,1,0,63
2354,5,0,0,2,1,-5.0,0.05,1,0,63
2355,5,0,0,3,1,-4.3,0.05,1,0,63
2356,5,0,0,2,1,-4.55,0.05,1,0,63
2357,5,0,0,2,1,-4.6,0.05,1,0,63
2358,5,0,0,4,1,-4.0,0.05,1,0,63
2359,5,0,0,2,1,-5.05,0.05,1,0,63
2360,5,0,0,2,1,-4.55,0.05,1,0,63
2361,5,0,0,4,1,-4.0,0.05,1,0,63
2362,5,0,0,4,1,-4.35,0.05,1,0,63
2363,5,0,0,4,1,-4.0,0.05,1,0,63
2364,5,0,0,1,1,-4.85,0.05,1,0,63
2365,5,0,0,3,1,-4.3,0.05,1,0,63
2366,5,0,0,2,1,-5.0,0.05,1,0,63
2367,5,0,0,2,1,-4.45,0.05,1,0,63
2368,5,0,0,3,1,-4.25,0.05,1,0,63
2369,5,0,0,3,1,-4.3,0.05,1,0,63
2370,5,0,0,3,1,-4.15,0.05,1,0,63
2371,5,0,0,4,1,-4.0,0.05,1,0,63
2372,5,0,0,4,1,-4.0,0.05,1,0,63
2373,5,0,0,3,1,-4.75,0.05,1,0,63
2374,5,0,0,3,1,-4.25,0.05,1,0,63
2375,5,0,0,3,1,-4.25,0.05,1,0,63
2376,5,0,0,3,1,-4.3,0.05,1,0,63
2377,5,0,0,4,1,-4.0,0.05,1,0,63
2378,5,0,0,2,1,-5.0,0.05,1,0,63
2379,5,0,0,3,1,-4.3,0.05,1,0,63
2380,5,0,0,2,1,-5.05,0.05,1,0,63
2381,5,0,0,2,1,-4.6,0.05,1,0,63
2382,5,0,0,3,1,-4.2,0.05,1,0,63
2383,5,0,0,4,1,-4.35,0.05,1,0,63
2384,5,0,0,4,1,-4.35,0.05,1,0,63
2385,5,0,0,2,1,-4.6,0.05,1,0,63
2386,5,0,0,4,1,-3.9,0.05,1,0,63
2387,5,0,0,4,1,-3.9,0.05,1,0,63
2388,5,0,0,2,1,-4.45,0.05,1,0,63
2389,5,0,0,2,1,-4.55,0.05,1,0,63
2390,5,0,0,4,1,-4.0,0.05,1,0,63
2391,5,0,0,2,1,-5.05,0.05,1,0,63
2392,5,0,0,4,1,-4.0,0.05,1,0,63
2393,5,0,0,3,1,-4.75,0.05,1,0,63
2394,5,0,0,4,1,-4.0,0.05,1,0,63
2395,5,0,0,3,1,-4.25,0.05,1,0,63
2396,5,0,0,4,1,-4.0,0.05,1,0,63
2397,5,0,0,4,1,-4.0,0.05,1,0,63
2398,5,0,0,3,1,-4.3,0.05,1,0,63
2399,5,0,0,2,1,-4.6,0.05,1,0,63
2400,5,0,0,2,1,-4.55,0.05,1,0,63
2401,5,0,0,2,1,-4.5,0.05,1,0,63
2402,5,0,0,2,1,-5.0,0.05,1,0,63
2403,5,0,0,3,1,-4.3,0.05,1,0,63
2404,5,0,0,3,1,-4.1,0.05,1,0,63
2405,5,0,0,3,1,-4.15,0.05,1,0,63
2406,5,0,0,3,1,-4.75,0.05,1,0,63
2407,7,0,0,2,1,-4.52,0.05,1,0,63
2408,5,0,0,2,1,-4.55,0.05,1,0,63
2409,5,0,0,4,1,-3.9,0.05,1,0,63
2410,5,0,0,4,1,-4.0,0.05,1,0,63
2411,5,0,0,4,1,-4.0,0.05,1,0,63
2412,5,0,0,4,1,-4.0,0.05,1,0,63
2413,5,0,0,3,1,-4.3,0.05,1,0,63
2414,6,0,0,4,1,-4.41,0.05,1,0,63
2415,5,0,0,3,1,-4.25,0.05,1,0,63
2416,5,0,0,4,1,-4.0,0.05,1,0,63
2417,5,0,0,2,1,-4.55,0.05,1,0,63
2418,5,0,0,3,1,-4.3,0.05,1,0,63
2419,5,0,0,3,1,-4.25,0.05,1,0,63
2420,5,0,0,3,1,-4.3,0.05,1,0,63
2421,5,0,0,3,1,-4.3,0.05,1,0,63
2422,5,0,0,3,1,-4.2,0.05,1,0,63
2423,5,0,0,1,1,-4.75,0.05,1,0,63
2424,6,0,0,3,1,-4.31,0.05,1,0,63
2425,5,0,0,2,1,-4.55,0.05,1,0,63
2426,5,0,0,3,1,-4.25,0.05,1,0,63
2427,5,0,0,4,1,-3.9,0.05,1,0,63
2428,5,0,0,3,1,-4.3,0.05,1,0,63
2429,5,0,0,4,1,-4.0,0.05,1,0,63
2430,5,0,0,2,1,-5.05,0.05,1,0,63
2431,5,0,0,3,1,-4.3,0.05,1,0,63
2432,5,0,0,2,1,-5.05,0.05,1,0,63
2433,5,0,0,3,1,-4.25,0.05,1,0,63
2434,5,0,0,3,1,-4.3,0.05,1,0,63
2435,5,0,0,3,1,-4.2,0.05,1,0,63
2436,5,0,0,3,1,-4.75,0.05,1,0,63
2437,5,0,0,3,1,-4.3,0.05,1,0,63
2438,5,0,0,4,1,-4.9,0.05,1,0,63
2439,5,0,0,3,1,-4.3,0.05,1,0,63
2440,5,0,0,2,1,-4.55,0.05,1,0,63
2441,5,0,0,4,1,-4.0,0.05,1,0,63
2442,5,0,0,3,1,-4.3,0.05,1,0,63
2443,5,0,0,4,1,-4.0,0.05,1,0,63
2444,5,0,0,3,1,-4.3,0.05,1,0,63
2445,5,0,0,2,1,-5.05,0.05,1,0,63
2446,5,0,0,3,1,-4.3,0.05,1,0,63
2447,5,0,0,3,1,-4.15,0.05,1,0,63
2448,5,0,0,3,1,-4.3,0.05,1,0,63
2449,5,0,0,4,1,-4.0,0.05,1,0,63
2450,5,0,0,4,1,-4.0,0.05,1,0,63
2451,5,0,0,3,1,-4.3,0.05,1,0,63
2452,5,0,0,3,1,-4.25,0.05,1,0,63
2453,5,0,0,3,1,-4.25,0.05,1,0,63
2454,5,0,0,4,1,-4.0,0.05,1,0,63
2455,5,0,0,3,1,-4.2,0.05,1,0,63
2456,5,0,0,3,1,-4.3,0.05,1,0,63
2457,5,0,0,4,1,-4.0,0.05,1,0,63
2458,5,0,0,4,1,-4.45,0.05,1,0,63
2459,5,0,0,2,1,-4.6,0.05,1,0,63
2460,5,0,0,4,1,-4.0,0.05,1,0,63
2461,5,0,0,3,1,-4.3,0.05,1,0,63
2462,5,0,0,4,1,-3.9,0.05,1,0,63
2463,5,0,0,3,1,-4.3,0.05,1,0,63
2464,6,0,0,2,1,-4.56,0.05,1,0,63
2465,5,0,0,3,1,-4.75,0.05,1,0,63
2466,5,0,0,2,1,-5.05,0.05,1,0,63
2467,5,0,0,2,1,-4.55,0.05,1,0,63
2468,5,0,0,2,1,-4.55,0.05,1,0,63
2469,5,0,0,3,1,-4.3,0.05,1,0,63
2470,5,0,0,4,1,-4.0,0.05,1,0,63
2471,5,0,0,3,1,-4.3,0.05,1,0,63
2472,5,0,0,3,1,-4.3,0.05,1,0,63
2473,5,0,0,4,1,-3.9,0.05,1,0,63
2474,6,0,0,3,1,-4.26,0.05,1,0,63
2475,5,0,0,4,1,-4.0,0.05,1,0,63
2476,5,0,0,4,1,-4.0,0.05,1,0,63
2477,5,0,0,3,1,-4.3,0.05,1,0,63
2478,5,0,0,4,1,-3.9,0.05,1,0,63
2479,5,0,0,3,1,-4.3,0.05,1,0,63
2480,5,0,0,2,1,-4.55,0.05,1,0,63
2481,5,0,0,1,1,-4.9,0.05,1,0,63
2482,5,0,0,3,1,-4.3,0.05,1,0,63
2483,5,0,0,4,1,-4.0,0.05,1,0,63
2484,5,0,0,2,1,-4.6,0.05,1,0,63
2485,5,0,0,4,1,-4.0,0.05,1,0,63
2486,5,0,0,4,1,-4.0,0.05,1,0,63
2487,5,0,0,3,1,-4.25,0.05,1,0,63
2488,5,0,0,3,1,-4.75,0.05,1,0,63
2489,5,0,0,2,1,-4.45,0.05,1,0,63
2490,5,0,0,2,1,-4.6,0.05,1,0,63
2491,5,0,0,2,1,-4.6,0.05,1,0,63
2492,5,0,0,3,1,-4.25,0.05,1,0,63
2493,5,0,0,4,1,-4.0,0.05,1,0,63
2494,5,0,0,2,1,-5.05,0.05,1,0,63
2495,5,0,0,4,1,-4.0,0.05,1,0,63
2496,5,0,0,2,1,-4.6,0.05,1,0,63
2497,5,0,0,4,1,-3.9,0.05,1,0,63
2498,5,0,0,1,1,-4.85,0.05,1,0,63
2499,5,0,0,4,1,-3.9,0.05,1,0,63
2500,5,0,0,3,1,-4.3,0.05,1,0,63
2501,5,0,0,3,1,-4.6,0.05,1,0,63
2502,5,0,0,3,1,-4.3,0.05,1,0,63
2503,5,0,0,4,1,-4.0,0.05,1,0,63
2504,5,0,0,4,1,-4.0,0.05,1,0,63
2505,5,0,0,4,1,-4.0,0.05,1,0,63
2506,5,0,0,2,1,-4.55,0.05,1,0,63
2507,5,0,0,3,1,-4.15,0.05,1,0,63
2508,5,0,0,4,1,-4.0,0.05,1,0,63
2509,5,0,0,3,1,-4.25,0.05,1,0,63
2510,5,0,0,4,1,-4.0,0.05,1,0,63
2511,5,0,0,2,1,-4.6,0.05,1,0,63
2512,5,0,0,4,1,-4.35,0.05,1,0,63
2513,5,0,0,3,1,-4.3,0.05,1,0,63
2514,5,0,0,2,1,-4.6,0.05,1,0,63
2515,5,0,0,3,1,-4.3,0.05,1,0,63
2516,5,0,0,4,1,-4.0,0.05,1,0,63
2517,5,0,0,3,1,-4.1,0.05,1,0,63
2518,5,0,0,4,1,-4.0,0.05,1,0,63
2519,5,0,0,3,1,-4.3,0.05,1,0,63
2520,5,0,0,3,1,-4.7,0.05,1,0,63
2521,5,0,0,3,1,-4.25,0.05,1,0,63
2522,5,0,0,2,1,-5.05,0.05,1,0,63
2523,5,0,0,1,1,-4.85,0.05,1,0,63
2524,5,0,0,2,1,-5.0,0.05,1,0,63
2525,5,0,0,4,1,-4.0,0.05,1,0,63
2526,5,0,0,3,1,-4.3,0.05,1,0,63
2527,5,0,0,2,1,-5.05,0.05,1,0,63
2528,5,0,0,3,1,-4.25,0.05,1,0,63
2529,5,0,0,4,1,-3.9,0.05,1,0,63
2530,5,0,0,3,1,-4.2,0.05,1,0,63
2531,5,0,0,3,1,-4.75,0.05,1,0,63
2532,5,0,0,3,1,-4.3,0.05,1,0,63
2533,5,0,0,3,1,-4.3,0.05,1,0,63
2534,5,0,0,3,1,-4.3,0.05,1,0,63
2535,5,0,0,3,1,-4.25,0.05,1,0,63
2536,7,0,0,2,1,-5.12,0.05,1,0,63
2537,5,0,0,3,1,-4.25,0.05,1,0,63
2538,5,0,0,4,1,-3.9,0.05,1,0,63
2539,5,0,0,2,1,-4.6,0.05,1,0,63
2540,5,0,0,3,1,-5.15,0.05,1,0,63
2541,5,0,0,3,1,-4.3,0.05,1,0,63
2542,5,0,0,3,1,-4.3,0.05,1,0,63
2543,5,0,0,3,1,-4.3,0.05,1,0,63
2544,5,0,0,4,1,-3.9,0.05,1,0,63
2545,5,0,0,4,1,-4.0,0.05,1,0,63
2546,5,0,0,1,1,-4.8,0.05,1,0,63
2547,5,0,0,4,1,-3.8,0.05,1,0,63
2548,5,0,0,3,1,-4.7,0.05,1,0,63
2549,5,0,0,3,1,-4.3,0.05,1,0,63
2550,5,0,0,4,1,-4.0,0.05,1,0,63
2551,5,0,0,4,1,-4.0,0.05,1,0,63
2552,5,0,0,4,1,-4.0,0.05,1,0,63
2553,5,0,0,4,1,-4.0,0.05,1,0,63
2554,5,0,0,2,1,-4.6,0.05,1,0,63
2555,5,0,0,3,1,-4.3,0.05,1,0,63
2556,5,0,0,3,1,-4.25,0.05,1,0,63
2557,5,0,0,2,1,-4.6,0.05,1,0,63
2558,5,0,0,3,1,-4.3,0.05,1,0,63
2559,5,0,0,3,1,-4.2,0.05,1,0,63
2560,5,0,0,3,1,-4.25,0.05,1,0,63
2561,5,0,0,2,1,-4.55,0.05,1,0,63
2562,5,0,0,3,1,-4.3,0.05,1,0,63
2563,5,0,0,2,1,-4.6,0.05,1,0,63
2564,5,0,0,2,1,-4.6,0.05,1,0,63
2565,5,0,0,4,1,-4.35,0.05,1,0,63
2566,5,0,0,4,1,-4.0,0.05,1,0,63
2567,5,0,0,3,1,-4.3,0.05,1,0,63
2568,5,0,0,2,1,-4.6,0.05,1,0,63
2569,5,0,0,2,1,-4.55,0.05,1,0,63
2570,5,0,0,3,1,-4.3,0.05,1,0,63
2571,5,0,0,3,1,-4.3,0.05,1,0,63
2572,5,0,0,2,1,-4.6,0.05,1,0,63
2573,5,0,0,2,1,-4.55,0.05,1,0,63
2574,6,0,0,3,1,-4.81,0.05,1,0,63
2575,9,0,0,4,1,-3.94,0.05,1,0,63
2576,5,0,0,2,1,-4.55,0.05,1,0,63
2577,5,0,0,3,1,-4.2,0.05,1,0,63
2578,5,0,0,2,1,-4.6,0.05,1,0,63
2579,5,0,0,3,1,-4.75,0.05,1,0,63
2580,5,0,0,4,1,-3.9,0.05,1,0,63
2581,5,0,0,3,1,-4.25,0.05,1,0,63
2582,5,0,0,4,1,-4.0,0.05,1,0,63
2583,5,0,0,3,1,-4.3,0.05,1,0,63
2584,5,0,0,3,1,-4.25,0.05,1,0,63
2585,5,0,0,4,1,-4.0,0.05,1,0,63
2586,5,0,0,3,1,-4.3,0.05,1,0,63
2587,5,0,0,3,1,-4.75,0.05,1,0,63
2588,5,0,0,3,1,-4.25,0.05,1,0,63
2589,5,0,0,4,1,-3.9,0.05,1,0,63
2590,5,0,0,3,1,-4.3,0.05,1,0,63
2591,5,0,0,4,1,-4.0,0.05,1,0,63
2592,5,0,0,4,1,-4.35,0.05,1,0,63
2593,5,0,0,3,1,-4.3,0.05,1,0,63
2594,5,0,0,2,1,-4.6,0.05,1,0,63
2595,5,0,0,2,1,-4.6,0.05,1,0,63
2596,5,0,0,3,1,-4.3,0.05,1,0,63
2597,5,0,0,2,1,-4.55,0.05,1,0,63
2598,5,0,0,1,1,-4.85,0.05,1,0,63
2599,5,0,0,3,1,-4.75,0.05,1,0,63
2600,5,0,0,2,1,-4.55,0.05,1,0,63
2601,5,0,0,3,1,-4.3,0.05,1,0,63
2602,5,0,0,4,1,-4.0,0.05,1,0,63
2603,5,0,0,3,1,-4.3,0.05,1,0,63
2604,5,0,0,3,1,-4.3,0.05,1,0,63
2605,5,0,0,2,1,-5.0,0.05,1,0,63
2606,5,0,0,3,1,-4.2,0.05,1,0,63
2607,5,0,0,4,1,-3.8,0.05,1,0,63
2608,5,0,0,4,1,-3.9,0.05,1,0,63
2609,7,0,0,4,1,-4.47,0.05,1,0,63
2610,5,0,0,3,1,-4.3,0.05,1,0,63
2611,5,0,0,3,1,-4.3,0.05,1,0,63
2612,5,0,0,4,1,-4.0,0.05,1,0,63
2613,5,0,0,3,1,-4.3,0.05,1,0,63
2614,5,0,0,3,1,-4.3,0.05,1,0,63
2615,5,0,0,3,1,-4.3,0.05,1,0,63
2616,5,0,0,4,1,-4.0,0.05,1,0,63
2617,5,0,0,2,1,-5.05,0.05,1,0,63
2618,5,0,0,4,1,-4.0,0.05,1,0,63
2619,5,0,0,2,1,-4.55,0.05,1,0,63
2620,5,0,0,0,1,-5.15,0.05,1,0,63
2621,5,0,0,2,1,-4.55,0.05,1,0,63
2622,5,0,0,2,1,-4.6,0.05,1,0,63
2623,5,0,0,2,1,-4.6,0.05,1,0,63
2624,5,0,0,3,1,-4.25,0.05,1,0,63
2625,5,0,0,2,1,-4.6,0.05,1,0,63
2626,5,0,0,4,1,-4.0,0.05,1,0,63
2627,5,0,0,2,1,-4.6,0.05,1,0,63
2628,5,0,0,3,1,-4.2,0.05,1,0,63
2629,5,0,0,4,1,-4.45,0.05,1,0,63
2630,5,0,0,4,1,-4.0,0.05,1,0,63
2631,5,0,0,3,1,-4.25,0.05,1,0,63
2632,5,0,0,3,1,-4.3,0.05,1,0,63
2633,5,0,0,3,1,-4.3,0.05,1,0,63
2634,5,0,0,4,1,-4.9,0.05,1,0,63
2635,5,0,0,2,1,-4.55,0.05,1,0,63
2636,5,0,0,4,1,-4.0,0.05,1,0,63
2637,5,0,0,3,1,-4.3,0.05,1,0,63
2638,5,0,0,2,1,-4.5,0.05,1,0,63
2639,5,0,0,2,1,-5.0,0.05,1,0,63
2640,5,0,0,4,1,-4.0,0.05,1,0,63
2641,5,0,0,4,1,-4.0,0.05,1,0,63
2642,5,0,0,3,1,-4.25,0.05,1,0,63
2643,5,0,0,3,1,-4.5,0.05,1,0,63
2644,5,0,0,4,1,-4.35,0.05,1,0,63
2645,5,0,0,4,1,-4.0,0.05,1,0,63
2646,5,0,0,2,1,-4.6,0.05,1,0,63
2647,5,0,0,4,1,-3.9,0.05,1,0,63
2648,5,0,0,4,1,-4.45,0.05,1,0,63
2649,5,0,0,3,1,-4.3,0.05,1,0,63
2650,5,0,0,4,1,-4.0,0.05,1,0,63
2651,5,0,0,4,1,-4.0,0.05,1,0,63
2652,5,0,0,3,1,-4.3,0.05,1,0,63
2653,5,0,0,4,1,-4.0,0.05,1,0,63
2654,5,0,0,3,1,-4.75,0.05,1,0,63
2655,5,0,0,4,1,-4.0,0.05,1,0,63
2656,5,0,0,2,1,-4.6,0.05,1,0,63
2657,5,0,0,2,1,-4.55,0.05,1,0,63
2658,5,0,0,4,1,-4.0,0.05,1,0,63
2659,5,0,0,3,1,-4.3,0.05,1,0,63
2660,5,0,0,4,1,-4.0,0.05,1,0,63
2661,5,0,0,3,1,-4.65,0.05,1,0,63
2662,5,0,0,3,1,-4.15,0.05,1,0,63
2663,5,0,0,4,1,-3.9,0.05,1,0,63
2664,5,0,0,4,1,-4.0,0.05,1,0,63
2665,5,0,0,3,1,-4.3,0.05,1,0,63
2666,5,0,0,3,1,-4.3,0.05,1,0,63
2667,5,0,0,3,1,-4.25,0.05,1,0,63
2668,5,0,0,4,1,-3.9,0.05,1,0,63
2669,5,0,0,4,1,-4.0,0.05,1,0,63
2670,5,0,0,4,1,-4.0,0.05,1,0,63
2671,5,0,0,4,1,-4.0,0.05,1,0,63
2672,7,0,0,3,1,-4.32,0.05,1,0,63
2673,5,0,0,2,1,-4.55,0.05,1,0,63
2674,5,0,0,4,1,-3.9,0.05,1,0,63
2675,5,0,0,3,1,-4.3,0.05,1,0,63
2676,5,0,0,3,1,-4.3,0.05,1,0,63
2677,5,0,0,4,1,-4.0,0.05,1,0,63
2678,6,0,0,3,1,-4.36,0.05,1,0,63
2679,5,0,0,2,1,-4.6,0.05,1,0,63
2680,5,0,0,2,1,-4.6,0.05,1,0,63
2681,5,0,0,2,1,-5.5,0.05,1,0,63
2682,5,0,0,0,1,-5.6,0.05,1,0,63
2683,5,0,0,2,1,-4.55,0.05,1,0,63
2684,5,0,0,4,1,-4.0,0.05,1,0,63
2685,5,0,0,2,1,-4.55,0.05,1,0,63
2686,5,0,0,3,1,-4.3,0.05,1,0,63
2687,5,0,0,2,1,-4.55,0.05,1,0,63
2688,5,0,0,4,1,-4.45,0.05,1,0,63
2689,5,0,0,2,1,-4.6,0.05,1,0,63
2690,6,0,0,4,1,-4.51,0.05,1,0,63
2691,5,0,0,4,1,-4.0,0.05,1,0,63
2692,5,0,0,3,1,-4.3,0.05,1,0,63
2693,5,0,0,3,1,-4.2,0.05,1,0,63
2694,5,0,0,3,1,-4.75,0.05,1,0,63
2695,5,0,0,1,1,-4.85,0.05,1,0,63
2696,5,0,0,3,1,-4.3,0.05,1,0,63
2697,5,0,0,3,1,-4.3,0.05,1,0,63
2698,5,0,0,2,1,-4.6,0.05,1,0,63
2699,5,0,0,4,1,-4.0,0.05,1,0,63
2700,5,0,0,4,1,-4.0,0.05,1,0,63
2701,5,0,0,4,1,-4.0,0.05,1,0,63
2702,5,0,0,3,1,-4.3,0.05,1,0,63
2703,5,0,0,2,1,-4.55,0.05,1,0,63
2704,5,0,0,3,1,-4.2,0.05,1,0,63
2705,5,0,0,3,1,-4.3,0.05,1,0,63
2706,5,0,0,4,1,-4.0,0.05,1,0,63
2707,5,0,0,4,1,-3.9,0.05,1,0,63
2708,5,0,0,4,1,-4.0,0.05,1,0,63
2709,5,0,0,4,1,-4.0,0.05,1,0,63
2710,5,0,0,3,1,-4.3,0.05,1,0,63
2711,5,0,0,4,1,-4.0,0.05,1,0,63
2712,5,0,0,3,1,-4.75,0.05,1,0,63
2713,5,0,0,3,1,-4.25,0.05,1,0,63
2714,5,0,0,4,1,-4.45,0.05,1,0,63
2715,5,0,0,2,1,-4.6,0.05,1,0,63
2716,5,0,0,4,1,-4.0,0.05,1,0,63
2717,5,0,0,3,1,-4.2,0.05,1,0,63
2718,5,0,0,3,1,-4.25,0.05,1,0,63
2719,5,0,0,4,1,-4.0,0.05,1,0,63
2720,5,0,0,4,1,-3.9,0.05,1,0,63
2721,5,0,0,3,1,-4.3,0.05,1,0,63
2722,5,0,0,1,1,-5.2,0.05,1,0,63
2723,5,0,0,3,1,-4.3,0.05,1,0,63
2724,5,0,0,3,1,-4.15,0.05,1,0,63
2725,5,0,0,3,1,-4.15,0.05,1,0,63
2726,5,0,0,2,1,-4.55,0.05,1,0,63
2727,5,0,0,2,1,-4.6,0.05,1,0,63
2728,5,0,0,2,1,-4.45,0.05,1,0,63
2729,5,0,0,3,1,-4.3,0.05,1,0,63
2730,5,0,0,4,1,-3.9,0.05,1,0,63
2731,6,0,0,2,1,-5.01,0.05,1,0,63
2732,5,0,0,3,1,-4.25,0.05,1,0,63
2733,5,0,0,2,1,-4.6,0.05,1,0,63
2734,5,0,0,2,1,-4.95,0.05,1,0,63
2735,5,0,0,3,1,-4.3,0.05,1,0,63
2736,5,0,0,1,1,-4.85,0.05,1,0,63
2737,5,0,0,4,1,-3.9,0.05,1,0,63
2738,5,0,0,3,1,-4.3,0.05,1,0,63
2739,5,0,0,3,1,-4.3,0.05,1,0,63
2740,5,0,0,3,1,-4.3,0.05,1,0,63
2741,5,0,0,3,1,-4.75,0.05,1,0,63
2742,5,0,0,2,1,-4.55,0.05,1,0,63
2743,5,0,0,4,1,-4.0,0.05,1,0,63
2744,5,0,0,3,1,-4.3,0.05,1,0,63
2745,5,0,0,3,1,-4.3,0.05,1,0,63
2746,5,0,0,1,1,-4.85,0.05,1,0,63
2747,5,0,0,2,1,-4.45,0.05,1,0,63
2748,5,0,0,3,1,-4.1,0.05,1,0,63
2749,5,0,0,2,1,-5.05,0.05,1,0,63
2750,5,0,0,3,1,-4.75,0.05,1,0,63
2751,5,0,0,3,1,-4.25,0.05,1,0,63
2752,5,0,0,2,1,-5.0,0.05,1,0,63
2753,5,0,0,4,1,-4.0,0.05,1,0,63
2754,5,0,0,3,1,-4.2,0.05,1,0,63
2755,5,0,0,3,1,-4.2,0.05,1,0,63
2756,5,0,0,1,1,-4.85,0.05,1,0,63
2757,5,0,0,3,1,-4.75,0.05,1,0,63
2758,5,0,0,2,1,-4.5,0.05,1,0,63
2759,5,0,0,4,1,-4.45,0.05,1,0,63
2760,5,0,0,3,1,-4.7,0.05,1,0,63
2761,5,0,0,2,1,-4.6,0.05,1,0,63
2762,5,0,0,3,1,-4.3,0.05,1,0,63
2763,5,0,0,3,1,-4.3,0.05,1,0,63
2764,5,0,0,3,1,-4.2,0.05,1,0,63
2765,5,0,0,3,1,-4.3,0.05,1,0,63
2766,5,0,0,2,1,-4.55,0.05,1,0,63
2767,5,0,0,2,1,-4.6,0.05,1,0,63
2768,5,0,0,3,1,-4.25,0.05,1,0,63
2769,5,0,0,4,1,-4.0,0.05,1,0,63
2770,5,0,0,4,1,-4.0,0.05,1,0,63
2771,5,0,0,3,1,-4.75,0.05,1,0,63
2772,5,0,0,3,1,-4.3,0.05,1,0,63
2773,5,0,0,1,1,-5.3,0.05,1,0,63
2774,5,0,0,3,1,-4.2,0.05,1,0,63
2775,5,0,0,4,1,-4.0,0.05,1,0,63
2776,7,0,0,4,1,-4.02,0.05,1,0,63
2777,5,0,0,2,1,-4.95,0.05,1,0,63
2778,5,0,0,1,1,-4.85,0.05,1,0,63
2779,5,0,0,2,1,-4.55,0.05,1,0,63
2780,5,0,0,3,1,-4.75,0.05,1,0,63
2781,5,0,0,3,1,-4.3,0.05,1,0,63
2782,5,0,0,3,1,-4.3,0.05,1,0,63
2783,5,0,0,1,1,-4.85,0.05,1,0,63
2784,5,0,0,2,1,-4.6,0.05,1,0,63
2785,5,0,0,3,1,-4.25,0.05,1,0,63
2786,5,0,0,1,1,-4.85,0.05,1,0,63
2787,5,0,0,4,1,-4.0,0.05,1,0,63
2788,5,0,0,3,1,-4.3,0.05,1,0,63
2789,5,0,0,3,1,-4.2,0.05,1,0,63
2790,5,0,0,4,1,-4.0,0.05,1,0,63
2791,5,0,0,4,1,-3.9,0.05,1,0,63
2792,5,0,0,3,1,-4.15,0.05,1,0,63
2793,5,0,0,4,1,-3.8,0.05,1,0,63
2794,5,0,0,2,1,-4.6,0.05,1,0,63
2795,5,0,0,2,1,-4.6,0.05,1,0,63
2796,5,0,0,2,1,-4.55,0.05,1,0,63
2797,5,0,0,4,1,-3.9,0.05,1,0,63
2798,5,0,0,3,1,-4.25,0.05,1,0,63
2799,5,0,0,2,1,-4.55,0.05,1,0,63
2800,5,0,0,3,1,-4.3,0.05,1,0,63
2801,5,0,0,4,1,-3.9,0.05,1,0,63
2802,5,0,0,3,1,-4.25,0.05,1,0,63
2803,5,0,0,4,1,-4.0,0.05,1,0,63
2804,5,0,0,4,1,-3.9,0.05,1,0,63
2805,5,0,0,4,1,-4.45,0.05,1,0,63
2806,5,0,0,3,1,-4.75,0.05,1,0,63
2807,5,0,0,3,1,-4.3,0.05,1,0,63
2808,5,0,0,3,1,-4.3,0.05,1,0,63
2809,5,0,0,2,1,-4.6,0.05,1,0,63
2810,5,0,0,4,1,-4.0,0.05,1,0,63
2811,5,0,0,3,1,-4.25,0.05,1,0,63
2812,5,0,0,3,1,-4.3,0.05,1,0,63
2813,5,0,0,4,1,-3.8,0.05,1,0,63
2814,5,0,0,4,1,-4.0,0.05,1,0,63
2815,5,0,0,3,1,-4.75,0.05,1,0,63
2816,5,0,0,3,1,-4.3,0.05,1,0,63
2817,5,0,0,4,1,-4.0,0.05,1,0,63
2818,5,0,0,2,1,-5.05,0.05,1,0,63
2819,5,0,0,3,1,-4.3,0.05,1,0,63
2820,5,0,0,3,1,-4.3,0.05,1,0,63
2821,6,0,0,4,1,-4.41,0.05,1,0,63
2822,5,0,0,3,1,-4.25,0.05,1,0,63
2823,5,0,0,3,1,-4.75,0.05,1,0,63
2824,5,0,0,3,1,-4.7,0.05,1,0,63
2825,5,0,0,3,1,-4.25,0.05,1,0,63
2826,5,0,0,3,1,-4.3,0.05,1,0,63
2827,5,0,0,4,1,-4.0,0.05,1,0,63
2828,5,0,0,4,1,-4.0,0.05,1,0,63
2829,5,0,0,4,1,-4.9,0.05,1,0,63
2830,5,0,0,3,1,-4.3,0.05,1,0,63
2831,5,0,0,4,1,-3.9,0.05,1,0,63
2832,5,0,0,2,1,-4.45,0.05,1,0,63
2833,5,0,0,4,1,-3.9,0.05,1,0,63
2834,5,0,0,2,1,-4.55,0.05,1,0,63
2835,5,0,0,4,1,-4.0,0.05,1,0,63
2836,5,0,0,3,1,-4.3,0.05,1,0,63
2837,5,0,0,4,1,-4.0,0.05,1,0,63
2838,5,0,0,4,1,-3.9,0.05,1,0,63
2839,5,0,0,3,1,-4.3,0.05,1,0,63
2840,5,0,0,4,1,-4.0,0.05,1,0,63
2841,5,0,0,2,1,-4.5,0.05,1,0,63
2842,5,0,0,4,1,-4.0,0.05,1,0,63
2843,5,0,0,3,1,-4.65,0.05,1,0,63
2844,5,0,0,3,1,-4.05,0.05,1,0,63
2845,5,0,0,3,1,-4.3,0.05,1,0,63
2846,5,0,0,4,1,-4.0,0.05,1,0,63
2847,5,0,0,4,1,-4.0,0.05,1,0,63
2848,5,0,0,4,1,-4.0,0.05,1,0,63
2849,5,0,0,3,1,-4.3,0.05,1,0,63
2850,5,0,0,2,1,-4.55,0.05,1,0,63
2851,5,0,0,4,1,-4.0,0.05,1,0,63
2852,5,0,0,3,1,-4.15,0.05,1,0,63
2853,5,0,0,2,1,-4.6,0.05,1,0,63
2854,5,0,0,2,1,-4.5,0.05,1,0,63
2855,5,0,0,3,1,-4.3,0.05,1,0,63
2856,7,0,0,3,1,-4.22,0.05,1,0,63
2857,5,0,0,2,1,-4.6,0.05,1,0,63
2858,5,0,0,3,1,-4.3,0.05,1,0,63
2859,5,0,0,4,1,-3.8,0.05,1,0,63
2860,5,0,0,2,1,-4.45,0.05,1,0,63
2861,5,0,0,3,1,-4.2,0.05,1,0,63
2862,5,0,0,3,1,-4.75,0.05,1,0,63
2863,5,0,0,4,1,-4.0,0.05,1,0,63
2864,5,0,0,3,1,-4.2,0.05,1,0,63
2865,5,0,0,3,1,-4.2,0.05,1,0,63
2866,5,0,0,3,1,-4.3,0.05,1,0,63
2867,5,0,0,4,1,-4.0,0.05,1,0,63
2868,7,0,0,2,1,-4.62,0.05,1,0,63
2869,5,0,0,4,1,-4.0,0.05,1,0,63
2870,5,0,0,3,1,-4.25,0.05,1,0,63
2871,5,0,0,3,1,-4.3,0.05,1,0,63
2872,5,0,0,3,1,-4.2,0.05,1,0,63
2873,5,0,0,2,1,-4.6,0.05,1,0,63
2874,5,0,0,3,1,-4.3,0.05,1,0,63
2875,5,0,0,4,1,-4.0,0.05,1,0,63
2876,5,0,0,3,1,-4.15,0.05,1,0,63
2877,5,0,0,1,1,-4.85,0.05,1,0,63
2878,5,0,0,3,1,-4.25,0.05,1,0,63
2879,5,0,0,3,1,-4.3,0.05,1,0,63
2880,5,0,0,4,1,-4.0,0.05,1,0,63
2881,5,0,0,2,1,-5.05,0.05,1,0,63
2882,5,0,0,4,1,-4.0,0.05,1,0,63
2883,5,0,0,2,1,-4.55,0.05,1,0,63
2884,6,0,0,3,1,-4.66,0.05,1,0,63
2885,5,0,0,2,1,-4.55,0.05,1,0,63
2886,5,0,0,2,1,-4.6,0.05,1,0,63
2887,5,0,0,3,1,-4.3,0.05,1,0,63
2888,5,0,0,4,1,-4.0,0.05,1,0,63
2889,5,0,0,3,1,-4.65,0.05,1,0,63
2890,5,0,0,2,1,-4.55,0.05,1,0,63
2891,5,0,0,4,1,-4.0,0.05,1,0,63
2892,5,0,0,3,1,-4.2,0.05,1,0,63
2893,5,0,0,4,1,-4.0,0.05,1,0,63
2894,5,0,0,3,1,-4.2,0.05,1,0,63
2895,5,0,0,4,1,-4.0,0.05,1,0,63
2896,5,0,0,4,1,-4.0,0.05,1,0,63
2897,5,0,0,2,1,-4.6,0.05,1,0,63
2898,5,0,0,2,1,-4.55,0.05,1,0,63
2899,5,0,0,4,1,-4.0,0.05,1,0,63
2900,5,0,0,3,1,-4.15,0.05,1,0,63
2901,5,0,0,3,1,-4.3,0.05,1,0,63
2902,5,0,0,1,1,-4.85,0.05,1,0,63
2903,6,0,0,3,1,-4.36,0.05,1,0,63
2904,5,0,0,2,1,-4.55,0.05,1,0,63
2905,5,0,0,1,1,-4.85,0.05,1,0,63
2906,5,0,0,3,1,-4.2,0.05,1,0,63
2907,5,0,0,3,1,-4.25,0.05,1,0,63
2908,5,0,0,1,1,-4.85,0.05,1,0,63
2909,5,0,0,4,1,-4.0,0.05,1,0,63
2910,5,0,0,2,1,-5.05,0.05,1,0,63
2911,5,0,0,2,1,-4.55,0.05,1,0,63
2912,5,0,0,4,1,-4.0,0.05,1,0,63
2913,5,0,0,1,1,-4.85,0.05,1,0,63
2914,5,0,0,4,1,-3.9,0.05,1,0,63
2915,5,0,0,3,1,-4.15,0.05,1,0,63
2916,5,0,0,3,1,-4.3,0.05,1,0,63
2917,5,0,0,3,1,-4.15,0.05,1,0,63
2918,5,0,0,3,1,-4.3,0.05,1,0,63
2919,5,0,0,4,1,-3.9,0.05,1,0,63
2920,5,0,0,4,1,-4.35,0.05,1,0,63
2921,5,0,0,4,1,-4.0,0.05,1,0,63
2922,5,0,0,3,1,-4.75,0.05,1,0,63
2923,5,0,0,4,1,-4.45,0.05,1,0,63
2924,5,0,0,4,1,-4.0,0.05,1,0,63
2925,5,0,0,4,1,-4.35,0.05,1,0,63
2926,5,0,0,4,1,-4.0,0.05,1,0,63
2927,5,0,0,4,1,-3.9,0.05,1,0,63
2928,5,0,0,4,1,-3.9,0.05,1,0,63
2929,5,0,0,2,1,-4.6,0.05,1,0,63
2930,5,0,0,4,1,-4.0,0.05,1,0,63
2931,5,0,0,2,1,-4.6,0.05,1,0,63
2932,5,0,0,3,1,-5.2,0.05,1,0,63
2933,5,0,0,3,1,-4.2,0.05,1,0,63
2934,5,0,0,4,1,-3.9,0.05,1,0,63
2935,5,0,0,3,1,-4.25,0.05,1,0,63
2936,5,0,0,3,1,-4.25,0.05,1,0,63
2937,6,0,0,3,1,-4.81,0.05,1,0,63
2938,5,0,0,4,1,-4.0,0.05,1,0,63
2939,5,0,0,3,1,-4.3,0.05,1,0,63
2940,5,0,0,4,1,-4.45,0.05,1,0,63
2941,5,0,0,3,1,-4.2,0.05,1,0,63
2942,5,0,0,2,1,-4.55,0.05,1,0,63
2943,5,0,0,3,1,-4.75,0.05,1,0,63
2944,5,0,0,3,1,-4.25,0.05,1,0,63
2945,5,0,0,4,1,-4.0,0.05,1,0,63
2946,5,0,0,3,1,-4.3,0.05,1,0,63
2947,5,0,0,2,1,-4.55,0.05,1,0,63
2948,5,0,0,4,1,-4.0,0.05,1,0,63
2949,5,0,0,3,1,-4.2,0.05,1,0,63
2950,5,0,0,3,1,-4.15,0.05,1,0,63
2951,5,0,0,2,1,-4.55,0.05,1,0,63
2952,5,0,0,2,1,-4.55,0.05,1,0,63
2953,5,0,0,3,1,-4.75,0.05,1,0,63
2954,5,0,0,3,1,-4.3,0.05,1,0,63
2955,5,0,0,3,1,-4.3,0.05,1,0,63
2956,5,0,0,3,1,-4.3,0.05,1,0,63
2957,5,0,0,2,1,-4.55,0.05,1,0,63
2958,5,0,0,3,1,-4.3,0.05,1,0,63
2959,6,0,0,2,1,-5.56,0.05,1,0,63
2960,5,0,0,3,1,-4.3,0.05,1,0,63
2961,5,0,0,3,1,-4.3,0.05,1,0,63
2962,5,0,0,3,1,-4.25,0.05,1,0,63
2963,5,0,0,3,1,-4.15,0.05,1,0,63
2964,5,0,0,4,1,-4.0,0.05,1,0,63
2965,5,0,0,4,1,-4.0,0.05,1,0,63
2966,5,0,0,3,1,-4.3,0.05,1,0,63
2967,5,0,0,3,1,-4.3,0.05,1,0,63
2968,5,0,0,3,1,-4.3,0.05,1,0,63
2969,5,0,0,2,1,-4.55,0.05,1,0,63
2970,5,0,0,3,1,-4.25,0.05,1,0,63
2971,5,0,0,3,1,-4.1,0.05,1,0,63
2972,5,0,0,3,1,-4.3,0.05,1,0,63
2973,5,0,0,4,1,-4.0,0.05,1,0,63
2974,5,0,0,4,1,-3.9,0.05,1,0,63
2975,5,0,0,1,1,-4.9,0.05,1,0,63
2976,5,0,0,4,1,-4.0,0.05,1,0,63
2977,5,0,0,4,1,-4.0,0.05,1,0,63
2978,5,0,0,3,1,-4.25,0.05,1,0,63
2979,5,0,0,3,1,-4.3,0.05,1,0,63
2980,5,0,0,2,1,-5.05,0.05,1,0,63
2981,5,0,0,4,1,-4.0,0.05,1,0,63
2982,6,0,0,4,1,-4.41,0.05,1,0,63
2983,5,0,0,4,1,-4.0,0.05,1,0,63
2984,5,0,0,3,1,-4.3,0.05,1,0,63
2985,5,0,0,3,1,-4.2,0.05,1,0,63
2986,5,0,0,2,1,-4.55,0.05,1,0,63
2987,5,0,0,3,1,-4.3,0.05,1,0,63
2988,5,0,0,4,1,-4.0,0.05,1,0,63
2989,5,0,0,2,1,-5.45,0.05,1,0,63
2990,5,0,0,3,1,-4.15,0.05,1,0,63
2991,5,0,0,4,1,-4.0,0.05,1,0,63
2992,5,0,0,3,1,-4.3,0.05,1,0,63
2993,5,0,0,2,1,-4.45,0.05,1,0,63
2994,5,0,0,4,1,-4.45,0.05,1,0,63
2995,5,0,0,3,1,-4.3,0.05,1,0,63
2996,5,0,0,4,1,-4.0,0.05,1,0,63
2997,5,0,0,3,1,-4.3,0.05,1,0,63
2998,5,0,0,4,1,-4.0,0.05,1,0,63
2999,5,0,0,3,1,-4.3,0.05,1,0,63
3000,5,0,0,4,1,-3.9,0.05,1,0,63
3001,5,0,0,4,1,-3.9,0.05,1,0,63
3002,5,0,0,2,1,-4.45,0.05,1,0,63
3003,5,0,0,3,1,-4.25,0.05,1,0,63
3004,5,0,0,3,1,-4.3,0.05,1,0,63
3005,5,0,0,3,1,-4.15,0.05,1,0,63
3006,5,0,0,3,1,-4.75,0.05,1,0,63
3007,5,0,0,3,1,-4.2,0.05,1,0,63
3008,5,0,0,3,1,-4.7,0.05,1,0,63
3009,5,0,0,3,1,-4.3,0.05,1,0,63
3010,5,0,0,4,1,-4.0,0.05,1,0,63
3011,5,0,0,4,1,-4.0,0.05,1,0,63
3012,5,0,0,3,1,-4.3,0.05,1,0,63
3013,5,0,0,3,1,-4.3,0.05,1,0,63
3014,5,0,0,4,1,-4.45,0.05,1,0,63
3015,5,0,0,3,1,-4.75,0.05,1,0,63
3016,7,0,0,3,1,-4.32,0.05,1,0,63
3017,5,0,0,4,1,-4.0,0.05,1,0,63
3018,5,0,0,3,1,-4.3,0.05,1,0,63
3019,5,0,0,1,1,-4.9,0.05,1,0,63
3020,5,0,0,2,1,-4.55,0.05,1,0,63
3021,5,0,0,1,1,-4.85,0.05,1,0,63
3022,5,0,0,4,1,-4.0,0.05,1,0,63
3023,5,0,0,2,1,-4.55,0.05,1,0,63
3024,5,0,0,3,1,-4.2,0.05,1,0,63
3025,5,0,0,3,1,-4.3,0.05,1,0,63
3026,5,0,0,4,1,-4.0,0.05,1,0,63
3027,5,0,0,3,1,-4.2,0.05,1,0,63
3028,5,0,0,4,1,-4.0,0.05,1,0,63
3029,5,0,0,2,1,-4.55,0.05,1,0,63
3030,5,0,0,3,1,-4.3,0.05,1,0,63
3031,5,0,0,4,1,-4.0,0.05,1,0,63
3032,5,0,0,3,1,-4.15,0.05,1,0,63
3033,5,0,0,4,1,-4.0,0.05,1,0,63
3034,5,0,0,3,1,-4.3,0.05,1,0,63
3035,5,0,0,3,1,-4.15,0.05,1,0,63
3036,5,0,0,4,1,-3.9,0.05,1,0,63
3037,5,0,0,3,1,-4.65,0.05,1,0,63
3038,5,0,0,4,1,-4.0,0.05,1,0,63
3039,5,0,0,4,1,-4.0,0.05,1,0,63
3040,5,0,0,3,1,-4.25,0.05,1,0,63
3041,5,0,0,3,1,-4.25,0.05,1,0,63
3042,5,0,0,3,1,-4.2,0.05,1,0,63
3043,5,0,0,2,1,-4.55,0.05,1,0,63
3044,5,0,0,3,1,-4.2,0.05,1,0,63
3045,5,0,0,3,1,-4.2,0.05,1,0,63
3046,5,0,0,1,1,-4.85,0.05,1,0,63
3047,5,0,0,2,1,-4.6,0.05,1,0,63
3048,5,0,0,4,1,-4.0,0.05,1,0,63
3049,5,0,0,3,1,-4.3,0.05,1,0,63
3050,5,0,0,4,1,-4.0,0.05,1,0,63
3051,5,0,0,2,1,-4.55,0.05,1,0,63
3052,5,0,0,4,1,-4.0,0.05,1,0,63
3053,5,0,0,2,1,-4.6,0.05,1,0,63
3054,5,0,0,3,1,-4.3,0.05,1,0,63
3055,5,0,0,3,1,-4.3,0.05,1,0,63
3056,5,0,0,3,1,-4.3,0.05,1,0,63
3057,5,0,0,4,1,-3.9,0.05,1,0,63
3058,5,0,0,3,1,-4.25,0.05,1,0,63
3059,5,0,0,2,1,-4.6,0.05,1,0,63
3060,5,0,0,3,1,-4.3,0.05,1,0,63
3061,5,0,0,2,1,-4.6,0.05,1,0,63
3062,5,0,0,2,1,-4.55,0.05,1,0,63
3063,5,0,0,4,1,-3.9,0.05,1,0,63
3064,5,0,0,3,1,-4.3,0.05,1,0,63
3065,5,0,0,3,1,-4.3,0.05,1,0,63
3066,5,0,0,3,1,-4.3,0.05,1,0,63
3067,5,0,0,3,1,-4.25,0.05,1,0,63
3068,5,0,0,1,1,-4.85,0.05,1,0,63
3069,5,0,0,3,1,-4.3,0.05,1,0,63
3070,5,0,0,3,1,-4.25,0.05,1,0,63
3071,5,0,0,1,1,-4.9,0.05,1,0,63
3072,5,0,0,3,1,-4.3,0.05,1,0,63
3073,5,0,0,2,1,-4.5,0.05,1,0,63
3074,5,0,0,3,1,-4.2,0.05,1,0,63
3075,5,0,0,3,1,-4.3,0.05,1,0,63
3076,6,0,0,3,1,-4.36,0.05,1,0,63
3077,5,0,0,2,1,-5.05,0.05,1,0,63
3078,5,0,0,4,1,-4.45,0.05,1,0,63
3079,5,0,0,3,1,-4.2,0.05,1,0,63
3080,5,0,0,2,1,-4.6,0.05,1,0,63
3081,5,0,0,3,1,-4.3,0.05,1,0,63
3082,5,0,0,3,1,-5.2,0.05,1,0,63
3083,5,0,0,3,1,-4.75,0.05,1,0,63
3084,5,0,0,4,1,-3.9,0.05,1,0,63
3085,5,0,0,4,1,-3.9,0.05,1,0,63
3086,5,0,0,4,1,-4.0,0.05,1,0,63
3087,5,0,0,2,1,-4.55,0.05,1,0,63
3088,5,0,0,3,1,-4.3,0.05,1,0,63
3089,5,0,0,3,1,-4.75,0.05,1,0,63
3090,5,0,0,2,1,-4.6,0.05,1,0,63
3091,5,0,0,3,1,-4.3,0.05,1,0,63
3092,5,0,0,3,1,-4.65,0.05,1,0,63
3093,5,0,0,4,1,-4.0,0.05,1,0,63
3094,5,0,0,3,1,-4.3,0.05,1,0,63
3095,5,0,0,3,1,-4.75,0.05,1,0,63
3096,5,0,0,4,1,-4.45,0.05,1,0,63
3097,5,0,0,1,1,-5.35,0.05,1,0,63
3098,5,0,0,4,1,-4.0,0.05,1,0,63
3099,7,0,0,2,1,-4.52,0.05,1,0,63
3100,5,0,0,3,1,-4.3,0.05,1,0,63
3101,5,0,0,3,1,-4.2,0.05,1,0,63
3102,5,0,0,4,1,-4.0,0.05,1,0,63
3103,5,0,0,4,1,-4.0,0.05,1,0,63
3104,5,0,0,3,1,-4.3,0.05,1,0,63
3105,5,0,0,3,1,-4.3,0.05,1,0,63
3106,5,0,0,4,1,-4.0,0.05,1,0,63
3107,5,0,0,4,1,-4.0,0.05,1,0,63
3108,5,0,0,4,1,-3.9,0.05,1,0,63
3109,5,0,0,2,1,-4.9,0.05,1,0,63
3110,5,0,0,3,1,-4.25,0.05,1,0,63
3111,5,0,0,3,1,-4.3,0.05,1,0,63
3112,5,0,0,3,1,-4.25,0.05,1,0,63
3113,5,0,0,2,1,-4.6,0.05,1,0,63
3114,5,0,0,3,1,-4.25,0.05,1,0,63
3115,6,0,0,2,1,-4.61,0.05,1,0,63
3116,6,0,0,4,1,-3.96,0.05,1,0,63
3117,5,0,0,4,1,-4.0,0.05,1,0,63
3118,5,0,0,2,1,-5.05,0.05,1,0,63
3119,5,0,0,2,1,-4.45,0.05,1,0,63
3120,7,0,0,4,1,-4.02,0.05,1,0,63
3121,5,0,0,3,1,-4.3,0.05,1,0,63
3122,5,0,0,2,1,-4.55,0.05,1,0,63
3123,5,0,0,4,1,-4.0,0.05,1,0,63
3124,5,0,0,4,1,-4.0,0.05,1,0,63
3125,5,0,0,2,1,-4.45,0.05,1,0,63
3126,5,0,0,3,1,-4.3,0.05,1,0,63
3127,5,0,0,4,1,-3.9,0.05,1,0,63
3128,5,0,0,2,1,-4.55,0.05,1,0,63
3129,5,0,0,3,1,-4.3,0.05,1,0,63
3130,5,0,0,3,1,-4.3,0.05,1,0,63
3131,5,0,0,3,1,-4.3,0.05,1,0,63
3132,5,0,0,4,1,-4.0,0.05,1,0,63
3133,5,0,0,3,1,-4.25,0.05,1,0,63
3134,5,0,0,2,1,-4.6,0.05,1,0,63
3135,5,0,0,3,1,-4.2,0.05,1,0,63
3136,5,0,0,2,1,-4.55,0.05,1,0,63
3137,5,0,0,2,1,-4.55,0.05,1,0,63
3138,5,0,0,2,1,-4.5,0.05,1,0,63
3139,5,0,0,2,1,-4.6,0.05,1,0,63
3140,5,0,0,3,1,-4.3,0.05,1,0,63
3141,5,0,0,3,1,-4.3,0.05,1,0,63
3142,5,0,0,3,1,-4.25,0.05,1,0,63
3143,5,0,0,4,1,-4.0,0.05,1,0,63
3144,5,0,0,3,1,-4.3,0.05,1,0,63
3145,5,0,0,3,1,-4.3,0.05,1,0,63
3146,5,0,0,1,1,-4.9,0.05,1,0,63
3147,5,0,0,4,1,-3.9,0.05,1,0,63
3148,5,0,0,4,1,-3.8,0.05,1,0,63
3149,5,0,0,2,1,-5.05,0.05,1,0,63
3150,5,0,0,2,1,-4.55,0.05,1,0,63
3151,5,0,0,2,1,-4.55,0.05,1,0,63
3152,5,0,0,2,1,-4.5,0.05,1,0,63
3153,5,0,0,2,1,-4.6,0.05,1,0,63
3154,5,0,0,3,1,-4.2,0.05,1,0,63
3155,5,0,0,4,1,-3.9,0.05,1,0,63
3156,5,0,0,4,1,-4.45,0.05,1,0,63
3157,5,0,0,4,1,-4.0,0.05,1,0,63
3158,5,0,0,3,1,-4.3,0.05,1,0,63
3159,5,0,0,3,1,-4.25,0.05,1,0,63
3160,5,0,0,4,1,-4.0,0.05,1,0,63
3161,5,0,0,4,1,-4.45,0.05,1,0,63
3162,5,0,0,4,1,-4.0,0.05,1,0,63
3163,5,0,0,3,1,-4.25,0.05,1,0,63
3164,5,0,0,3,1,-4.3,0.05,1,0,63
3165,5,0,0,4,1,-4.0,0.05,1,0,63
3166,5,0,0,1,1,-4.85,0.05,1,0,63
3167,5,0,0,2,1,-4.45,0.05,1,0,63
3168,5,0,0,3,1,-4.25,0.05,1,0,63
3169,5,0,0,3,1,-4.7,0.05,1,0,63
3170,5,0,0,4,1,-4.0,0.05,1,0,63
3171,6,0,0,0,1,-5.21,0.05,1,0,63
3172,5,0,0,3,1,-4.3,0.05,1,0,63
3173,5,0,0,3,1,-4.15,0.05,1,0,63
3174,5,0,0,3,1,-4.1,0.05,1,0,63
3175,5,0,0,4,1,-3.9,0.05,1,0,63
3176,5,0,0,4,1,-3.9,0.05,1,0,63
3177,5,0,0,4,1,-4.0,0.05,1,0,63
3178,5,0,0,4,1,-4.0,0.05,1,0,63
3179,5,0,0,4,1,-4.0,0.05,1,0,63
3180,5,0,0,2,1,-4.6,0.05,1,0,63
3181,5,0,0,4,1,-4.45,0.05,1,0,63
3182,5,0,0,4,1,-4.35,0.05,1,0,63
3183,5,0,0,3,1,-4.75,0.05,1,0,63
3184,5,0,0,4,1,-3.9,0.05,1,0,63
3185,5,0,0,2,1,-4.55,0.05,1,0,63
3186,5,0,0,2,1,-4.55,0.05,1,0,63
3187,5,0,0,1,1,-4.85,0.05,1,0,63
3188,5,0,0,2,1,-4.6,0.05,1,0,63
3189,5,0,0,4,1,-4.0,0.05,1,0,63
3190,5,0,0,4,1,-3.9,0.05,1,0,63
3191,5,0,0,2,1,-4.5,0.05,1,0,63
3192,5,0,0,2,1,-4.55,0.05,1,0,63
3193,5,0,0,2,1,-4.5,0.05,1,0,63
3194,5,0,0,4,1,-4.0,0.05,1,0,63
3195,6,0,0,4,1,-4.51,0.05,1,0,63
3196,5,0,0,4,1,-4.45,0.05,1,0,63
3197,5,0,0,3,1,-4.3,0.05,1,0,63
3198,5,0,0,2,1,-4.6,0.05,1,0,63
3199,5,0,0,4,1,-3.9,0.05,1,0,63
3200,5,0,0,3,1,-4.1,0.05,1,0,63
3201,5,0,0,3,1,-4.3,0.05,1,0,63
3202,5,0,0,2,1,-4.55,0.05,1,0,63
3203,5,0,0,3,1,-4.55,0.05,1,0,63
3204,5,0,0,4,1,-4.0,0.05,1,0,63
3205,5,0,0,4,1,-4.45,0.05,1,0,63
3206,5,0,0,3,1,-4.3,0.05,1,0,63
3207,5,0,0,4,1,-4.0,0.05,1,0,63
3208,5,0,0,3,1,-4.3,0.05,1,0,63
3209,5,0,0,3,1,-4.2,0.05,1,0,63
3210,5,0,0,4,1,-4.0,0.05,1,0,63
3211,5,0,0,3,1,-4.2,0.05,1,0,63
3212,5,0,0,4,1,-4.45,0.05,1,0,63
3213,7,0,0,4,1,-3.92,0.05,1,0,63
3214,5,0,0,2,1,-4.55,0.05,1,0,63
3215,5,0,0,1,1,-4.85,0.05,1,0,63
3216,5,0,0,3,1,-4.25,0.05,1,0,63
3217,5,0,0,4,1,-4.0,0.05,1,0,63
3218,5,0,0,4,1,-4.0,0.05,1,0,63
3219,5,0,0,2,1,-4.45,0.05,1,0,63
3220,5,0,0,3,1,-4.3,0.05,1,0,63
3221,5,0,0,3,1,-4.2,0.05,1,0,63
3222,5,0,0,2,1,-4.55,0.05,1,0,63
3223,5,0,0,1,1,-4.85,0.05,1,0,63
3224,5,0,0,1,1,-4.85,0.05,1,0,63
3225,5,0,0,3,1,-4.3,0.05,1,0,63
3226,5,0,0,3,1,-4.15,0.05,1,0,63
3227,5,0,0,3,1,-4.3,0.05,1,0,63
3228,5,0,0,3,1,-4.3,0.05,1,0,63
3229,5,0,0,3,1,-4.3,0.05,1,0,63
3230,5,0,0,3,1,-4.7,0.05,1,0,63
3231,5,0,0,4,1,-4.0,0.05,1,0,63
3232,5,0,0,2,1,-4.55,0.05,1,0,63
3233,5,0,0,3,1,-4.25,0.05,1,0,63
3234,5,0,0,4,1,-4.0,0.05,1,0,63
3235,5,0,0,4,1,-4.0,0.05,1,0,63
3236,5,0,0,4,1,-3.9,0.05,1,0,63
3237,5,0,0,1,1,-4.85,0.05,1,0,63
3238,5,0,0,3,1,-4.25,0.05,1,0,63
3239,5,0,0,4,1,-4.0,0.05,1,0,63
3240,5,0,0,2,1,-4.6,0.05,1,0,63
3241,5,0,0,4,1,-4.0,0.05,1,0,63
3242,5,0,0,4,1,-4.0,0.05,1,0,63
3243,5,0,0,4,1,-4.0,0.05,1,0,63
3244,7,0,0,4,1,-4.02,0.05,1,0,63
3245,5,0,0,3,1,-4.75,0.05,1,0,63
3246,5,0,0,4,1,-3.9,0.05,1,0,63
3247,5,0,0,3,1,-4.3,0.05,1,0,63
3248,5,0,0,2,1,-5.0,0.05,1,0,63
3249,5,0,0,3,1,-4.15,0.05,1,0,63
3250,5,0,0,4,1,-4.0,0.05,1,0,63
3251,5,0,0,2,1,-4.55,0.05,1,0,63
3252,5,0,0,4,1,-3.9,0.05,1,0,63
3253,5,0,0,3,1,-4.15,0.05,1,0,63
3254,5,0,0,2,1,-4.6,0.05,1,0,63
3255,6,0,0,2,1,-5.11,0.05,1,0,63
3256,5,0,0,3,1,-4.3,0.05,1,0,63
3257,5,0,0,3,1,-4.25,0.05,1,0,63
3258,5,0,0,3,1,-4.3,0.05,1,0,63
3259,5,0,0,3,1,-4.3,0.05,1,0,63
3260,5,0,0,4,1,-4.0,0.05,1,0,63
3261,5,0,0,2,1,-4.4,0.05,1,0,63
3262,5,0,0,4,1,-4.0,0.05,1,0,63
3263,5,0,0,2,1,-4.6,0.05,1,0,63
3264,5,0,0,4,1,-3.8,0.05,1,0,63
3265,5,0,0,2,1,-4.6,0.05,1,0,63
3266,5,0,0,3,1,-4.3,0.05,1,0,63
3267,5,0,0,2,1,-5.05,0.05,1,0,63
3268,6,0,0,1,1,-4.91,0.05,1,0,63
3269,5,0,0,3,1,-4.3,0.05,1,0,63
3270,5,0,0,4,1,-3.9,0.05,1,0,63
3271,5,0,0,3,1,-4.65,0.05,1,0,63
3272,5,0,0,2,1,-4.55,0.05,1,0,63
3273,5,0,0,3,1,-4.3,0.05,1,0,63
3274,5,0,0,4,1,-4.0,0.05,1,0,63
3275,5,0,0,4,1,-4.0,0.05,1,0,63
3276,5,0,0,3,1,-4.3,0.05,1,0,63
3277,5,0,0,3,1,-4.2,0.05,1,0,63
3278,5,0,0,3,1,-4.15,0.05,1,0,63
3279,5,0,0,3,1,-4.3,0.05,1,0,63
3280,5,0,0,2,1,-4.5,0.05,1,0,63
3281,5,0,0,3,1,-4.3,0.05,1,0,63
3282,5,0,0,4,1,-4.0,0.05,1,0,63
3283,5,0,0,3,1,-4.3,0.05,1,0,63
3284,5,0,0,4,1,-4.0,0.05,1,0,63
3285,5,0,0,3,1,-4.2,0.05,1,0,63
3286,5,0,0,3,1,-4.3,0.05,1,0,63
3287,5,0,0,4,1,-3.8,0.05,1,0,63
3288,6,0,0,2,1,-5.06,0.05,1,0,63
3289,5,0,0,2,1,-4.55,0.05,1,0,63
3290,5,0,0,3,1,-4.3,0.05,1,0,63
3291,6,0,0,3,1,-4.81,0.05,1,0,63
3292,5,0,0,4,1,-4.45,0.05,1,0,63
3293,5,0,0,3,1,-4.2,0.05,1,0,63
3294,5,0,0,3,1,-4.15,0.05,1,0,63
3295,5,0,0,3,1,-4.3,0.05,1,0,63
3296,6,0,0,2,1,-5.56,0.05,1,0,63
3297,5,0,0,4,1,-3.9,0.05,1,0,63
3298,5,0,0,3,1,-4.3,0.05,1,0,63
3299,5,0,0,3,1,-4.3,0.05,1,0,63
3300,5,0,0,2,1,-4.45,0.05,1,0,63
3301,5,0,0,2,1,-4.95,0.05,1,0,63
3302,5,0,0,4,1,-3.9,0.05,1,0,63
3303,5,0,0,3,1,-4.3,0.05,1,0,63
3304,5,0,0,3,1,-4.2,0.05,1,0,63
3305,5,0,0,4,1,-4.0,0.05,1,0,63
3306,5,0,0,4,1,-4.0,0.05,1,0,63
3307,5,0,0,4,1,-4.0,0.05,1,0,63
3308,7,0,0,2,1,-4.62,0.05,1,0,63
3309,5,0,0,2,1,-4.5,0.05,1,0,63
3310,5,0,0,3,1,-4.3,0.05,1,0,63
3311,5,0,0,4,1,-4.0,0.05,1,0,63
3312,5,0,0,4,1,-4.0,0.05,1,0,63
3313,5,0,0,2,1,-5.05,0.05,1,0,63
3314,5,0,0,4,1,-4.0,0.05,1,0,63
3315,5,0,0,4,1,-3.9,0.05,1,0,63
3316,5,0,0,3,1,-4.2,0.05,1,0,63
3317,5,0,0,1,1,-5.35,0.05,1,0,63
3318,5,0,0,4,1,-4.0,0.05,1,0,63
3319,5,0,0,1,1,-4.85,0.05,1,0,63
3320,5,0,0,4,1,-3.9,0.05,1,0,63
3321,5,0,0,3,1,-4.3,0.05,1,0,63
3322,5,0,0,3,1,-4.3,0.05,1,0,63
3323,5,0,0,3,1,-4.3,0.05,1,0,63
3324,5,0,0,3,1,-4.3,0.05,1,0,63
3325,5,0,0,3,1,-4.25,0.05,1,0,63
3326,5,0,0,2,1,-4.45,0.05,1,0,63
3327,5,0,0,1,1,-4.85,0.05,1,0,63
3328,5,0,0,3,1,-4.3,0.05,1,0,63
3329,5,0,0,3,1,-4.25,0.05,1,0,63
3330,5,0,0,2,1,-4.5,0.05,1,0,63
3331,5,0,0,3,1,-4.2,0.05,1,0,63
3332,5,0,0,3,1,-4.3,0.05,1,0,63
3333,5,0,0,4,1,-3.9,0.05,1,0,63
3334,5,0,0,3,1,-4.3,0.05,1,0,63
3335,5,0,0,2,1,-4.55,0.05,1,0,63
3336,5,0,0,3,1,-4.3,0.05,1,0,63
3337,5,0,0,3,1,-4.3,0.05,1,0,63
3338,5,0,0,2,1,-5.05,0.05,1,0,63
3339,5,0,0,4,1,-3.9,0.05,1,0,63
3340,5,0,0,4,1,-4.0,0.05,1,0,63
3341,5,0,0,2,1,-5.05,0.05,1,0,63
3342,5,0,0,3,1,-4.25,0.05,1,0,63
3343,5,0,0,2,1,-4.55,0.05,1,0,63
3344,5,0,0,2,1,-4.55,0.05,1,0,63
3345,5,0,0,4,1,-4.0,0.05,1,0,63
3346,5,0,0,3,1,-4.3,0.05,1,0,63
3347,5,0,0,2,1,-4.6,0.05,1,0,63
3348,5,0,0,3,1,-4.3,0.05,1,0,63
3349,5,0,0,4,1,-4.45,0.05,1,0,63
3350,5,0,0,3,1,-4.3,0.05,1,0,63
3351,5,0,0,2,1,-5.0,0.05,1,0,63
3352,5,0,0,4,1,-4.0,0.05,1,0,63
3353,5,0,0,4,1,-4.0,0.05,1,0,63
3354,5,0,0,2,1,-4.6,0.05,1,0,63
3355,5,0,0,3,1,-4.3,0.05,1,0,63
3356,5,0,0,3,1,-4.25,0.05,1,0,63
3357,5,0,0,4,1,-4.0,0.05,1,0,63
3358,5,0,0,3,1,-4.65,0.05,1,0,63
3359,5,0,0,2,1,-5.0,0.05,1,0,63
3360,5,0,0,2,1,-5.0,0.05,1,0,63
3361,5,0,0,3,1,-4.3,0.05,1,0,63
3362,5,0,0,2,1,-4.6,0.05,1,0,63
3363,5,0,0,3,1,-4.2,0.05,1,0,63
3364,5,0,0,3,1,-4.3,0.05,1,0,63
3365,5,0,0,3,1,-4.7,0.05,1,0,63
3366,5,0,0,4,1,-4.0,0.05,1,0,63
3367,5,0,0,4,1,-4.0,0.05,1,0,63
3368,5,0,0,4,1,-4.0,0.05,1,0,63
3369,5,0,0,3,1,-4.3,0.05,1,0,63
3370,5,0,0,3,1,-4.2,0.05,1,0,63
3371,5,0,0,3,1,-4.75,0.05,1,0,63
3372,5,0,0,2,1,-4.6,0.05,1,0,63
3373,5,0,0,4,1,-4.0,0.05,1,0,63
3374,5,0,0,3,1,-4.3,0.05,1,0,63
3375,5,0,0,3,1,-4.3,0.05,1,0,63
3376,5,0,0,3,1,-4.3,0.05,1,0,63
3377,5,0,0,3,1,-4.3,0.05,1,0,63
3378,5,0,0,3,1,-4.3,0.05,1,0,63
3379,5,0,0,3,1,-4.3,0.05,1,0,63
3380,5,0,0,3,1,-4.25,0.05,1,0,63
3381,5,0,0,2,1,-4.55,0.05,1,0,63
3382,5,0,0,2,1,-4.6,0.05,1,0,63
3383,5,0,0,3,1,-4.55,0.05,1,0,63
3384,5,0,0,2,1,-4.6,0.05,1,0,63
3385,5,0,0,4,1,-3.9,0.05,1,0,63
3386,5,0,0,3,1,-4.25,0.05,1,0,63
3387,5,0,0,3,1,-4.3,0.05,1,0,63
3388,5,0,0,3,1,-4.25,0.05,1,0,63
3389,5,0,0,2,1,-4.55,0.05,1,0,63
3390,5,0,0,4,1,-4.0,0.05,1,0,63
3391,5,0,0,1,1,-4.85,0.05,1,0,63
3392,5,0,0,2,1,-4.6,0.05,1,0,63
3393,6,0,0,3,1,-4.71,0.05,1,0,63
3394,5,0,0,3,1,-4.25,0.05,1,0,63
3395,5,0,0,4,1,-4.0,0.05,1,0,63
3396,5,0,0,4,1,-4.0,0.05,1,0,63
3397,5,0,0,3,1,-4.2,0.05,1,0,63
3398,5,0,0,4,1,-4.0,0.05,1,0,63
3399,5,0,0,2,1,-4.6,0.05,1,0,63
3400,5,0,0,2,1,-4.6,0.05,1,0,63
3401,5,0,0,3,1,-4.3,0.05,1,0,63
3402,5,0,0,2,1,-4.6,0.05,1,0,63
3403,5,0,0,2,1,-5.05,0.05,1,0,63
3404,5,0,0,3,1,-4.3,0.05,1,0,63
3405,5,0,0,2,1,-4.6,0.05,1,0,63
3406,5,0,0,2,1,-4.55,0.05,1,0,63
3407,5,0,0,2,1,-4.6,0.05,1,0,63
3408,5,0,0,1,1,-4.9,0.05,1,0,63
3409,7,0,0,4,1,-4.02,0.05,1,0,63
3410,5,0,0,2,1,-5.05,0.05,1,0,63
3411,128,0,0,3,1,-5.48,0.05,1,0,63
3412,137,0,0,0,0,-8.52,0.05,0,0,66
3413,94,0,0,4,1,-5.39,0.05,1,0,66
3414,52,0,0,4,1,-4.87,0.05,1,0,66
3415,95,0,0,0,0,-7.0,0.05,0,0,66
3416,38,0,0,3,1,-10.88,0.05,1,0,68
3417,104,0,0,2,1,-6.59,0.05,1,0,68
3418,64,0,0,1,1,-6.89,0.05,1,0,68
3419,77,0,0,2,1,-7.27,0.05,1,0,68
3420,13,0,0,3,1,-4.38,0.05,1,0,68
3421,59,0,0,0,1,-6.69,0.05,0,0,68
3422,107,0,0,4,1,-8.02,0.05,1,0,68
3423,14,0,0,2,1,-4.69,0.05,1,0,68
3424,14,0,0,1,1,-5.44,0.05,1,0,68
3425,31,0,0,2,1,-5.31,0.05,1,0,68
3426,64,0,0,1,1,-6.49,0.05,1,0,68
3427,16,0,0,2,1,-5.21,0.05,1,0,68
3428,5,0,0,3,1,-4.25,0.05,1,0,68
3429,5,0,0,2,1,-4.55,0.05,1,0,68
3430,5,0,0,4,1,-4.45,0.05,1,0,68
3431,5,0,0,4,1,-4.0,0.05,1,0,68
3432,5,0,0,2,1,-4.55,0.05,1,0,68
3433,5,0,0,2,1,-4.55,0.05,1,0,68
3434,5,0,0,4,1,-4.0,0.05,1,0,68
3435,5,0,0,4,1,-4.0,0.05,1,0,68
3436,5,0,0,4,1,-3.9,0.05,1,0,68
3437,5,0,0,3,1,-4.3,0.05,1,0,68
3438,5,0,0,1,1,-4.85,0.05,1,0,68
3439,5,0,0,3,1,-4.3,0.05,1,0,68
3440,5,0,0,3,1,-4.65,0.05,1,0,68
3441,5,0,0,4,1,-4.45,0.05,1,0,68
3442,5,0,0,4,1,-4.0,0.05,1,0,68
3443,5,0,0,2,1,-4.55,0.05,1,0,68
3444,5,0,0,3,1,-4.3,0.05,1,0,68
3445,5,0,0,3,1,-4.75,0.05,1,0,68
3446,7,0,0,4,1,-4.02,0.05,1,0,68
3447,5,0,0,3,1,-4.3,0.05,1,0,68
3448,5,0,0,3,1,-4.3,0.05,1,0,68
3449,5,0,0,1,1,-4.9,0.05,1,0,68
3450,5,0,0,3,1,-4.3,0.05,1,0,68
3451,5,0,0,3,1,-4.3,0.05,1,0,68
3452,5,0,0,3,1,-4.3,0.05,1,0,68
3453,5,0,0,3,1,-4.2,0.05,1,0,68
3454,5,0,0,4,1,-4.0,0.05,1,0,68
3455,5,0,0,4,1,-4.0,0.05,1,0,68
3456,5,0,0,4,1,-4.0,0.05,1,0,68
3457,5,0,0,3,1,-4.3,0.05,1,0,68
3458,5,0,0,3,1,-4.75,0.05,1,0,68
3459,5,0,0,4,1,-4.0,0.05,1,0,68
3460,5,0,0,3,1,-4.75,0.05,1,0,68
3461,5,0,0,3,1,-4.75,0.05,1,0,68
3462,5,0,0,4,1,-4.0,0.05,1,0,68
3463,5,0,0,1,1,-5.35,0.05,1,0,68
3464,7,0,0,4,1,-4.02,0.05,1,0,68
3465,5,0,0,3,1,-4.75,0.05,1,0,68
3466,5,0,0,4,1,-4.0,0.05,1,0,68
3467,5,0,0,4,1,-3.9,0.05,1,0,68
3468,5,0,0,1,1,-4.85,0.05,1,0,68
3469,5,0,0,3,1,-4.25,0.05,1,0,68
3470,5,0,0,3,1,-4.25,0.05,1,0,68
3471,5,0,0,2,1,-4.55,0.05,1,0,68
3472,5,0,0,3,1,-4.15,0.05,1,0,68
3473,5,0,0,4,1,-3.9,0.05,1,0,68
3474,5,0,0,3,1,-4.25,0.05,1,0,68
3475,5,0,0,3,1,-4.25,0.05,1,0,68
3476,5,0,0,3,1,-4.25,0.05,1,0,68
3477,5,0,0,0,1,-5.15,0.05,1,0,68
3478,5,0,0,2,1,-4.9,0.05,1,0,68
3479,5,0,0,4,1,-4.0,0.05,1,0,68
3480,5,0,0,4,1,-4.0,0.05,1,0,68
3481,5,0,0,3,1,-4.3,0.05,1,0,68
3482,5,0,0,3,1,-4.3,0.05,1,0,68
3483,5,0,0,4,1,-4.0,0.05,1,0,68
3484,5,0,0,3,1,-4.3,0.05,1,0,68
3485,5,0,0,4,1,-4.0,0.05,1,0,68
3486,5,0,0,3,1,-4.75,0.05,1,0,68
3487,5,0,0,3,1,-4.3,0.05,1,0,68
3488,5,0,0,3,1,-4.3,0.05,1,0,68
3489,5,0,0,3,1,-4.65,0.05,1,0,68
3490,5,0,0,3,1,-4.2,0.05,1,0,68
3491,5,0,0,3,1,-4.3,0.05,1,0,68
3492,5,0,0,4,1,-3.9,0.05,1,0,68
3493,5,0,0,4,1,-4.0,0.05,1,0,68
3494,5,0,0,3,1,-4.15,0.05,1,0,68
3495,6,0,0,3,1,-4.76,0.05,1,0,68
3496,6,0,0,4,1,-3.86,0.05,1,0,68
3497,5,0,0,2,1,-4.6,0.05,1,0,68
3498,5,0,0,4,1,-3.9,0.05,1,0,68
3499,5,0,0,3,1,-4.3,0.05,1,0,68
3500,5,0,0,3,1,-4.3,0.05,1,0,68
3501,5,0,0,3,1,-4.3,0.05,1,0,68
3502,5,0,0,4,1,-3.8,0.05,1,0,68
3503,5,0,0,1,1,-5.3,0.05,1,0,68
3504,5,0,0,2,1,-4.6,0.05,1,0,68
3505,5,0,0,2,1,-4.55,0.05,1,0,68
3506,5,0,0,3,1,-4.2,0.05,1,0,68
3507,5,0,0,2,1,-5.05,0.05,1,0,68
3508,5,0,0,3,1,-4.25,0.05,1,0,68
3509,5,0,0,4,1,-4.0,0.05,1,0,68
3510,5,0,0,2,1,-4.55,0.05,1,0,68
3511,5,0,0,4,1,-4.0,0.05,1,0,68
3512,5,0,0,4,1,-4.45,0.05,1,0,68
3513,5,0,0,3,1,-4.3,0.05,1,0,68
3514,6,0,0,4,1,-3.96,0.05,1,0,68
3515,5,0,0,3,1,-4.25,0.05,1,0,68
3516,5,0,0,3,1,-4.3,0.05,1,0,68
3517,5,0,0,3,1,-4.1,0.05,1,0,68
3518,5,0,0,2,1,-4.55,0.05,1,0,68
3519,5,0,0,4,1,-4.0,0.05,1,0,68
3520,5,0,0,4,1,-4.0,0.05,1,0,68
3521,5,0,0,4,1,-4.0,0.05,1,0,68
3522,5,0,0,2,1,-5.0,0.05,1,0,68
3523,5,0,0,3,1,-4.2,0.05,1,0,68
3524,5,0,0,2,1,-4.55,0.05,1,0,68
3525,5,0,0,4,1,-3.9,0.05,1,0,68
3526,5,0,0,3,1,-4.25,0.05,1,0,68
3527,5,0,0,4,1,-4.0,0.05,1,0,68
3528,5,0,0,4,1,-4.0,0.05,1,0,68
3529,6,0,0,3,1,-4.81,0.05,1,0,68
3530,5,0,0,2,1,-4.6,0.05,1,0,68
3531,5,0,0,4,1,-3.9,0.05,1,0,68
3532,5,0,0,3,1,-4.3,0.05,1,0,68
3533,5,0,0,2,1,-4.6,0.05,1,0,68
3534,6,0,0,3,1,-4.31,0.05,1,0,68
3535,5,0,0,2,1,-4.55,0.05,1,0,68
3536,5,0,0,2,1,-4.55,0.05,1,0,68
3537,5,0,0,3,1,-4.3,0.05,1,0,68
3538,5,0,0,3,1,-4.3,0.05,1,0,68
3539,5,0,0,3,1,-4.3,0.05,1,0,68
3540,5,0,0,3,1,-4.3,0.05,1,0,68
3541,5,0,0,3,1,-4.3,0.05,1,0,68
3542,5,0,0,3,1,-4.75,0.05,1,0,68
3543,5,0,0,4,1,-4.0,0.05,1,0,68
3544,5,0,0,2,1,-4.6,0.05,1,0,68
3545,5,0,0,3,1,-4.2,0.05,1,0,68
3546,5,0,0,3,1,-4.3,0.05,1,0,68
3547,5,0,0,4,1,-4.35,0.05,1,0,68
3548,5,0,0,2,1,-4.55,0.05,1,0,68
3549,5,0,0,3,1,-4.3,0.05,1,0,68
3550,5,0,0,1,1,-4.85,0.05,1,0,68
3551,5,0,0,3,1,-4.3,0.05,1,0,68
3552,5,0,0,2,1,-4.6,0.05,1,0,68
3553,5,0,0,4,1,-3.9,0.05,1,0,68
3554,5,0,0,4,1,-4.45,0.05,1,0,68
3555,5,0,0,4,1,-4.0,0.05,1,0,68
3556,5,0,0,3,1,-4.3,0.05,1,0,68
3557,5,0,0,4,1,-4.35,0.05,1,0,68
3558,5,0,0,4,1,-4.0,0.05,1,0,68
3559,5,0,0,3,1,-4.3,0.05,1,0,68
3560,5,0,0,3,1,-4.75,0.05,1,0,68
3561,5,0,0,4,1,-4.45,0.05,1,0,68
3562,5,0,0,3,1,-4.7,0.05,1,0,68
3563,5,0,0,4,1,-4.0,0.05,1,0,68
3564,5,0,0,4,1,-4.0,0.05,1,0,68
3565,5,0,0,3,1,-4.75,0.05,1,0,68
3566,5,0,0,3,1,-4.15,0.05,1,0,68
3567,5,0,0,4,1,-4.25,0.05,1,0,68
3568,5,0,0,2,1,-4.55,0.05,1,0,68
3569,5,0,0,2,1,-4.6,0.05,1,0,68
3570,5,0,0,3,1,-4.3,0.05,1,0,68
3571,5,0,0,3,1,-4.3,0.05,1,0,68
3572,5,0,0,3,1,-4.2,0.05,1,0,68
3573,5,0,0,3,1,-4.75,0.05,1,0,68
3574,5,0,0,2,1,-4.6,0.05,1,0,68
3575,5,0,0,2,1,-4.6,0.05,1,0,68
3576,5,0,0,3,1,-4.3,0.05,1,0,68
3577,5,0,0,3,1,-4.2,0.05,1,0,68
3578,5,0,0,2,1,-4.55,0.05,1,0,68
3579,5,0,0,1,1,-5.75,0.05,1,0,68
3580,5,0,0,2,1,-4.6,0.05,1,0,68
3581,6,0,0,2,1,-4.61,0.05,1,0,68
3582,5,0,0,4,1,-4.0,0.05,1,0,68
3583,5,0,0,3,1,-4.3,0.05,1,0,68
3584,5,0,0,3,1,-4.3,0.05,1,0,68
3585,5,0,0,3,1,-4.3,0.05,1,0,68
3586,5,0,0,3,1,-4.3,0.05,1,0,68
3587,5,0,0,4,1,-4.0,0.05,1,0,68
3588,5,0,0,3,1,-4.2,0.05,1,0,68
3589,5,0,0,3,1,-4.25,0.05,1,0,68
3590,5,0,0,3,1,-4.2,0.05,1,0,68
3591,5,0,0,1,1,-4.85,0.05,1,0,68
3592,5,0,0,4,1,-4.45,0.05,1,0,68
3593,5,0,0,3,1,-4.25,0.05,1,0,68
3594,5,0,0,3,1,-4.2,0.05,1,0,68
3595,5,0,0,1,1,-4.75,0.05,1,0,68
3596,5,0,0,4,1,-4.0,0.05,1,0,68
3597,5,0,0,1,1,-4.9,0.05,1,0,68
3598,5,0,0,2,1,-4.6,0.05,1,0,68
3599,5,0,0,2,1,-4.6,0.05,1,0,68
3600,7,0,0,3,1,-4.32,0.05,1,0,68
3601,5,0,0,3,1,-4.3,0.05,1,0,68
3602,5,0,0,2,1,-4.55,0.05,1,0,68
3603,5,0,0,2,1,-4.55,0.05,1,0,68
3604,5,0,0,3,1,-4.3,0.05,1,0,68
3605,5,0,0,3,1,-4.75,0.05,1,0,68
3606,5,0,0,2,1,-4.6,0.05,1,0,68
3607,5,0,0,2,1,-4.55,0.05,1,0,68
3608,5,0,0,3,1,-4.2,0.05,1,0,68
3609,5,0,0,2,1,-4.55,0.05,1,0,68
3610,5,0,0,2,1,-4.6,0.05,1,0,68
3611,41,0,0,2,1,-5.46,0.05,1,0,68
3612,5,0,0,2,1,-4.6,0.05,1,0,68
3613,5,0,0,3,1,-4.3,0.05,1,0,68
3614,5,0,0,3,1,-4.3,0.05,1,0,68
3615,5,0,0,4,1,-4.0,0.05,1,0,68
3616,5,0,0,1,1,-5.35,0.05,1,0,68
3617,5,0,0,2,1,-4.55,0.05,1,0,68
3618,5,0,0,2,1,-4.55,0.05,1,0,68
3619,5,0,0,3,1,-4.15,0.05,1,0,68
3620,5,0,0,3,1,-4.3,0.05,1,0,68
3621,5,0,0,2,1,-4.6,0.05,1,0,68
3622,5,0,0,2,1,-4.6,0.05,1,0,68
3623,7,0,0,3,1,-4.32,0.05,1,0,68
3624,50,0,0,0,0,-5.5,0.05,0,0,68
3625,5,0,0,4,1,-4.45,0.05,1,0,68
3626,5,0,0,2,1,-4.6,0.05,1,0,68
3627,5,0,0,4,1,-4.0,0.05,1,0,68
3628,5,0,0,4,1,-4.0,0.05,1,0,68
3629,5,0,0,3,1,-4.2,0.05,1,0,68
3630,5,0,0,3,1,-4.3,0.05,1,0,68
3631,5,0,0,4,1,-4.0,0.05,1,0,68
3632,5,0,0,2,1,-4.55,0.05,1,0,68
3633,5,0,0,4,1,-4.0,0.05,1,0,68
3634,5,0,0,4,1,-3.9,0.05,1,0,68
3635,5,0,0,3,1,-4.3,0.05,1,0,68
3636,5,0,0,3,1,-4.3,0.05,1,0,68
3637,5,0,0,3,1,-4.3,0.05,1,0,68
3638,5,0,0,2,1,-4.55,0.05,1,0,68
3639,5,0,0,2,1,-4.55,0.05,1,0,68
3640,5,0,0,2,1,-4.55,0.05,1,0,68
3641,5,0,0,4,1,-4.0,0.05,1,0,68
3642,5,0,0,4,1,-3.9,0.05,1,0,68
3643,5,0,0,4,1,-3.9,0.05,1,0,68
3644,5,0,0,4,1,-4.0,0.05,1,0,68
3645,5,0,0,4,1,-4.0,0.05,1,0,68
3646,5,0,0,2,1,-5.05,0.05,1,0,68
3647,5,0,0,4,1,-4.0,0.05,1,0,68
3648,5,0,0,3,1,-4.3,0.05,1,0,68
3649,5,0,0,3,1,-4.3,0.05,1,0,68
3650,5,0,0,4,1,-4.0,0.05,1,0,68
3651,5,0,0,2,1,-4.6,0.05,1,0,68
3652,5,0,0,3,1,-4.15,0.05,1,0,68
3653,5,0,0,3,1,-4.3,0.05,1,0,68
3654,5,0,0,4,1,-4.0,0.05,1,0,68
3655,5,0,0,3,1,-4.75,0.05,1,0,68
3656,5,0,0,3,1,-4.3,0.05,1,0,68
3657,5,0,0,2,1,-4.6,0.05,1,0,68
3658,5,0,0,2,1,-4.6,0.05,1,0,68
3659,5,0,0,4,1,-3.9,0.05,1,0,68
3660,5,0,0,4,1,-4.0,0.05,1,0,68
3661,5,0,0,4,1,-4.45,0.05,1,0,68
3662,5,0,0,4,1,-4.0,0.05,1,0,68
3663,5,0,0,3,1,-4.3,0.05,1,0,68
3664,5,0,0,4,1,-4.0,0.05,1,0,68
3665,5,0,0,4,1,-4.0,0.05,1,0,68
3666,5,0,0,3,1,-4.3,0.05,1,0,68
3667,5,0,0,3,1,-4.3,0.05,1,0,68
3668,5,0,0,4,1,-4.0,0.05,1,0,68
3669,5,0,0,2,1,-4.55,0.05,1,0,68
3670,5,0,0,3,1,-4.3,0.05,1,0,68
3671,5,0,0,4,1,-4.0,0.05,1,0,68
3672,5,0,0,3,1,-4.25,0.05,1,0,68
3673,6,0,0,2,1,-5.56,0.05,1,0,68
3674,5,0,0,2,1,-4.6,0.05,1,0,68
3675,5,0,0,3,1,-4.2,0.05,1,0,68
3676,5,0,0,3,1,-4.3,0.05,1,0,68
3677,7,0,0,3,1,-4.27,0.05,1,0,68
3678,5,0,0,4,1,-4.0,0.05,1,0,68
3679,6,0,0,3,1,-4.81,0.05,1,0,68
3680,5,0,0,4,1,-4.0,0.05,1,0,68
3681,5,0,0,3,1,-4.3,0.05,1,0,68
3682,5,0,0,4,1,-3.9,0.05,1,0,68
3683,5,0,0,3,1,-4.3,0.05,1,0,68
3684,5,0,0,2,1,-4.55,0.05,1,0,68
3685,5,0,0,2,1,-4.95,0.05,1,0,68
3686,5,0,0,2,1,-5.05,0.05,1,0,68
3687,5,0,0,3,1,-4.25,0.05,1,0,68
3688,5,0,0,2,1,-5.05,0.05,1,0,68
3689,5,0,0,4,1,-4.0,0.05,1,0,68
3690,5,0,0,2,1,-4.5,0.05,1,0,68
3691,5,0,0,2,1,-4.6,0.05,1,0,68
3692,5,0,0,2,1,-4.45,0.05,1,0,68
3693,5,0,0,4,1,-4.0,0.05,1,0,68
3694,5,0,0,4,1,-3.9,0.05,1,0,68
3695,5,0,0,3,1,-4.25,0.05,1,0,68
3696,5,0,0,3,1,-4.3,0.05,1,0,68
3697,5,0,0,2,1,-4.35,0.05,1,0,68
3698,5,0,0,3,1,-4.3,0.05,1,0,68
3699,5,0,0,4,1,-4.0,0.05,1,0,68
3700,5,0,0,4,1,-4.0,0.05,1,0,68
3701,5,0,0,3,1,-4.3,0.05,1,0,68
3702,5,0,0,2,1,-4.6,0.05,1,0,68
3703,5,0,0,4,1,-4.0,0.05,1,0,68
3704,5,0,0,4,1,-4.0,0.05,1,0,68
3705,5,0,0,4,1,-4.0,0.05,1,0,68
3706,5,0,0,4,1,-4.0,0.05,1,0,68
3707,5,0,0,4,1,-4.0,0.05,1,0,68
3708,5,0,0,4,1,-4.0,0.05,1,0,68
3709,5,0,0,2,1,-4.45,0.05,1,0,68
3710,5,0,0,2,1,-4.6,0.05,1,0,68
3711,5,0,0,4,1,-3.9,0.05,1,0,68
3712,5,0,0,2,1,-4.6,0.05,1,0,68
3713,5,0,0,3,1,-4.3,0.05,1,0,68
3714,5,0,0,4,1,-4.45,0.05,1,0,68
3715,5,0,0,4,1,-3.9,0.05,1,0,68
3716,5,0,0,2,1,-4.55,0.05,1,0,68
3717,5,0,0,4,1,-4.0,0.05,1,0,68
3718,5,0,0,4,1,-4.0,0.05,1,0,68
3719,7,0,0,3,1,-4.32,0.05,1,0,68
3720,5,0,0,3,1,-4.3,0.05,1,0,68
3721,5,0,0,3,1,-4.3,0.05,1,0,68
3722,5,0,0,4,1,-3.9,0.05,1,0,68
3723,5,0,0,4,1,-4.0,0.05,1,0,68
3724,5,0,0,3,1,-4.3,0.05,1,0,68
3725,5,0,0,4,1,-3.8,0.05,1,0,68
3726,5,0,0,3,1,-4.3,0.05,1,0,68
3727,5,0,0,4,1,-4.0,0.05,1,0,68
3728,5,0,0,4,1,-4.0,0.05,1,0,68
3729,5,0,0,3,1,-4.3,0.05,1,0,68
3730,5,0,0,3,1,-4.25,0.05,1,0,68
3731,5,0,0,3,1,-4.25,0.05,1,0,68
3732,5,0,0,3,1,-4.25,0.05,1,0,68
3733,5,0,0,4,1,-3.9,0.05,1,0,68
3734,5,0,0,3,1,-4.2,0.05,1,0,68
3735,5,0,0,4,1,-3.9,0.05,1,0,68
3736,5,0,0,3,1,-4.7,0.05,1,0,68
3737,5,0,0,2,1,-4.55,0.05,1,0,68
3738,5,0,0,3,1,-4.25,0.05,1,0,68
3739,5,0,0,3,1,-4.3,0.05,1,0,68
3740,5,0,0,2,1,-4.45,0.05,1,0,68
3741,5,0,0,4,1,-4.0,0.05,1,0,68
3742,6,0,0,3,1,-4.81,0.05,1,0,68
3743,5,0,0,4,1,-3.8,0.05,1,0,68
3744,5,0,0,2,1,-4.6,0.05,1,0,68
3745,5,0,0,2,1,-4.55,0.05,1,0,68
3746,5,0,0,1,1,-4.85,0.05,1,0,68
3747,5,0,0,3,1,-4.3,0.05,1,0,68
3748,5,0,0,2,1,-5.5,0.05,1,0,68
3749,5,0,0,2,1,-4.6,0.05,1,0,68
3750,5,0,0,2,1,-4.55,0.05,1,0,68
3751,5,0,0,2,1,-4.55,0.05,1,0,68
3752,5,0,0,3,1,-4.3,0.05,1,0,68
3753,5,0,0,4,1,-4.0,0.05,1,0,68
3754,5,0,0,4,1,-3.9,0.05,1,0,68
3755,5,0,0,4,1,-4.0,0.05,1,0,68
3756,5,0,0,3,1,-4.3,0.05,1,0,68
3757,5,0,0,3,1,-4.3,0.05,1,0,68
3758,5,0,0,3,1,-4.2,0.05,1,0,68
3759,5,0,0,3,1,-4.3,0.05,1,0,68
3760,5,0,0,4,1,-4.0,0.05,1,0,68
3761,5,0,0,2,1,-4.5,0.05,1,0,68
3762,5,0,0,3,1,-4.3,0.05,1,0,68
3763,5,0,0,3,1,-4.2,0.05,1,0,68
3764,23,0,0,4,1,-4.78,0.05,1,0,68
3765,28,0,0,2,1,-4.83,0.05,1,0,68
3766,49,0,0,4,1,-5.44,0.05,1,0,68
3767,12,0,0,3,1,-4.87,0.05,1,0,68
3768,5,0,0,2,1,-4.55,0.05,1,0,68
3769,5,0,0,4,1,-4.45,0.05,1,0,68
3770,5,0,0,1,1,-4.85,0.05,1,0,68
3771,5,0,0,3,1,-5.2,0.05,1,0,68
3772,5,0,0,4,1,-4.45,0.05,1,0,68
3773,5,0,0,2,1,-4.6,0.05,1,0,68
3774,5,0,0,3,1,-4.7,0.05,1,0,68
3775,5,0,0,4,1,-4.0,0.05,1,0,68
3776,5,0,0,4,1,-4.0,0.05,1,0,68
3777,5,0,0,2,1,-5.0,0.05,1,0,68
3778,5,0,0,2,1,-4.55,0.05,1,0,68
3779,5,0,0,3,1,-4.3,0.05,1,0,68
3780,5,0,0,4,1,-4.0,0.05,1,0,68
3781,5,0,0,3,1,-4.3,0.05,1,0,68
3782,5,0,0,4,1,-4.0,0.05,1,0,68
3783,7,0,0,3,1,-4.22,0.05,1,0,68
3784,5,0,0,2,1,-4.6,0.05,1,0,68
3785,5,0,0,2,1,-4.6,0.05,1,0,68
3786,5,0,0,4,1,-3.9,0.05,1,0,68
3787,7,0,0,1,1,-4.87,0.05,1,0,68
3788,5,0,0,3,1,-4.3,0.05,1,0,68
3789,5,0,0,2,1,-4.6,0.05,1,0,68
3790,5,0,0,3,1,-4.3,0.05,1,0,68
3791,5,0,0,4,1,-4.0,0.05,1,0,68
3792,5,0,0,3,1,-4.75,0.05,1,0,68
3793,5,0,0,2,1,-5.05,0.05,1,0,68
3794,5,0,0,3,1,-4.25,0.05,1,0,68
3795,5,0,0,3,1,-4.2,0.05,1,0,68
3796,5,0,0,4,1,-4.0,0.05,1,0,68
3797,5,0,0,4,1,-4.0,0.05,1,0,68
3798,5,0,0,3,1,-4.75,0.05,1,0,68
3799,5,0,0,3,1,-4.3,0.05,1,0,68
3800,5,0,0,3,1,-4.25,0.05,1,0,68
3801,5,0,0,2,1,-4.45,0.05,1,0,68
3802,5,0,0,3,1,-4.3,0.05,1,0,68
3803,5,0,0,3,1,-4.3,0.05,1,0,68
3804,5,0,0,3,1,-4.3,0.05,1,0,68
3805,5,0,0,1,1,-4.85,0.05,1,0,68
3806,5,0,0,4,1,-4.0,0.05,1,0,68
3807,5,0,0,4,1,-4.0,0.05,1,0,68
3808,5,0,0,4,1,-4.0,0.05,1,0,68
3809,5,0,0,3,1,-4.3,0.05,1,0,68
3810,5,0,0,3,1,-4.3,0.05,1,0,68
3811,5,0,0,3,1,-4.3,0.05,1,0,68
3812,5,0,0,4,1,-4.0,0.05,1,0,68
3813,5,0,0,4,1,-4.0,0.05,1,0,68
3814,5,0,0,2,1,-4.5,0.05,1,0,68
3815,5,0,0,1,1,-4.85,0.05,1,0,68
3816,5,0,0,4,1,-4.0,0.05,1,0,68
3817,5,0,0,3,1,-4.2,0.05,1,0,68
3818,5,0,0,4,1,-4.0,0.05,1,0,68
3819,5,0,0,2,1,-4.6,0.05,1,0,68
3820,5,0,0,2,1,-4.6,0.05,1,0,68
3821,5,0,0,3,1,-4.25,0.05,1,0,68
3822,5,0,0,3,1,-4.25,0.05,1,0,68
3823,5,0,0,2,1,-4.6,0.05,1,0,68
3824,5,0,0,3,1,-4.3,0.05,1,0,68
3825,5,0,0,2,1,-4.55,0.05,1,0,68
3826,5,0,0,2,1,-4.55,0.05,1,0,68
3827,5,0,0,3,1,-4.3,0.05,1,0,68
3828,5,0,0,2,1,-4.55,0.05,1,0,68
3829,5,0,0,2,1,-4.55,0.05,1,0,68
3830,5,0,0,4,1,-4.0,0.05,1,0,68
3831,5,0,0,2,1,-4.95,0.05,1,0,68
3832,5,0,0,4,1,-4.0,0.05,1,0,68
3833,6,0,0,3,1,-4.71,0.05,1,0,68
3834,5,0,0,1,1,-5.2,0.05,1,0,68
3835,5,0,0,4,1,-4.0,0.05,1,0,68
3836,5,0,0,4,1,-4.0,0.05,1,0,68
3837,5,0,0,3,1,-4.3,0.05,1,0,68
3838,5,0,0,4,1,-4.25,0.05,1,0,68
3839,5,0,0,3,1,-4.3,0.05,1,0,68
3840,5,0,0,3,1,-4.3,0.05,1,0,68
3841,5,0,0,4,1,-3.9,0.05,1,0,68
3842,5,0,0,4,1,-3.8,0.05,1,0,68
3843,5,0,0,3,1,-4.3,0.05,1,0,68
3844,5,0,0,2,1,-4.5,0.05,1,0,68
3845,5,0,0,4,1,-4.0,0.05,1,0,68
3846,5,0,0,3,1,-4.3,0.05,1,0,68
3847,5,0,0,3,1,-4.25,0.05,1,0,68
3848,6,0,0,4,1,-4.51,0.05,1,0,68
3849,5,0,0,4,1,-4.0,0.05,1,0,68
3850,5,0,0,2,1,-4.55,0.05,1,0,68
3851,5,0,0,2,1,-4.6,0.05,1,0,68
3852,5,0,0,3,1,-4.3,0.05,1,0,68
3853,5,0,0,4,1,-4.0,0.05,1,0,68
3854,5,0,0,3,1,-4.1,0.05,1,0,68
3855,5,0,0,4,1,-4.0,0.05,1,0,68
3856,5,0,0,2,1,-4.6,0.05,1,0,68
3857,5,0,0,4,1,-4.0,0.05,1,0,68
3858,5,0,0,3,1,-4.2,0.05,1,0,68
3859,5,0,0,3,1,-4.3,0.05,1,0,68
3860,5,0,0,4,1,-4.0,0.05,1,0,68
3861,5,0,0,4,1,-4.0,0.05,1,0,68
3862,5,0,0,4,1,-4.0,0.05,1,0,68
3863,7,0,0,3,1,-4.32,0.05,1,0,68
3864,5,0,0,2,1,-4.55,0.05,1,0,68
3865,5,0,0,4,1,-3.9,0.05,1,0,68
3866,5,0,0,4,1,-4.0,0.05,1,0,68
3867,5,0,0,4,1,-3.9,0.05,1,0,68
3868,5,0,0,4,1,-4.45,0.05,1,0,68
3869,5,0,0,2,1,-5.05,0.05,1,0,68
3870,5,0,0,3,1,-4.3,0.05,1,0,68
3871,5,0,0,3,1,-4.25,0.05,1,0,68
3872,5,0,0,4,1,-3.9,0.05,1,0,68
3873,5,0,0,4,1,-3.9,0.05,1,0,68
3874,5,0,0,0,1,-5.6,0.05,1,0,68
3875,5,0,0,4,1,-4.45,0.05,1,0,68
3876,5,0,0,0,1,-5.15,0.05,1,0,68
3877,5,0,0,4,1,-4.0,0.05,1,0,68
3878,5,0,0,2,1,-4.55,0.05,1,0,68
3879,5,0,0,4,1,-3.9,0.05,1,0,68
3880,5,0,0,4,1,-4.0,0.05,1,0,68
3881,5,0,0,3,1,-4.25,0.05,1,0,68
3882,5,0,0,4,1,-4.0,0.05,1,0,68
3883,5,0,0,4,1,-3.9,0.05,1,0,68
3884,5,0,0,3,1,-4.3,0.05,1,0,68
3885,5,0,0,4,1,-4.0,0.05,1,0,68
3886,6,0,0,2,1,-5.06,0.05,1,0,68
3887,5,0,0,4,1,-4.0,0.05,1,0,68
3888,5,0,0,3,1,-4.3,0.05,1,0,68
3889,5,0,0,4,1,-4.0,0.05,1,0,68
3890,5,0,0,3,1,-4.25,0.05,1,0,68
3891,5,0,0,3,1,-4.3,0.05,1,0,68
3892,5,0,0,3,1,-4.75,0.05,1,0,68
3893,5,0,0,1,1,-4.85,0.05,1,0,68
3894,5,0,0,3,1,-4.3,0.05,1,0,68
3895,5,0,0,2,1,-5.05,0.05,1,0,68
3896,5,0,0,2,1,-4.55,0.05,1,0,68
3897,5,0,0,3,1,-4.3,0.05,1,0,68
3898,5,0,0,4,1,-4.0,0.05,1,0,68
3899,5,0,0,3,1,-4.3,0.05,1,0,68
3900,5,0,0,3,1,-4.2,0.05,1,0,68
3901,5,0,0,2,1,-4.45,0.05,1,0,68
3902,5,0,0,2,1,-4.6,0.05,1,0,68
3903,5,0,0,2,1,-4.55,0.05,1,0,68
3904,5,0,0,3,1,-4.3,0.05,1,0,68
3905,5,0,0,4,1,-4.0,0.05,1,0,68
3906,5,0,0,4,1,-4.0,0.05,1,0,68
3907,5,0,0,2,1,-5.05,0.05,1,0,68
3908,5,0,0,3,1,-4.25,0.05,1,0,68
3909,5,0,0,4,1,-4.0,0.05,1,0,68
3910,5,0,0,2,1,-4.6,0.05,1,0,68
3911,5,0,0,0,1,-5.15,0.05,1,0,68
3912,5,0,0,2,1,-4.55,0.05,1,0,68
3913,5,0,0,4,1,-3.9,0.05,1,0,68
3914,5,0,0,2,1,-4.6,0.05,1,0,68
3915,5,0,0,4,1,-4.0,0.05,1,0,68
3916,5,0,0,4,1,-3.9,0.05,1,0,68
3917,5,0,0,4,1,-3.9,0.05,1,0,68
3918,5,0,0,2,1,-4.6,0.05,1,0,68
3919,5,0,0,2,1,-4.6,0.05,1,0,68
3920,5,0,0,3,1,-4.25,0.05,1,0,68
3921,5,0,0,4,1,-4.45,0.05,1,0,68
3922,5,0,0,3,1,-4.2,0.05,1,0,68
3923,5,0,0,2,1,-4.55,0.05,1,0,68
3924,5,0,0,1,1,-4.85,0.05,1,0,68
3925,5,0,0,2,1,-4.55,0.05,1,0,68
3926,5,0,0,3,1,-4.2,0.05,1,0,68
3927,5,0,0,2,1,-4.45,0.05,1,0,68
3928,5,0,0,3,1,-4.2,0.05,1,0,68
3929,5,0,0,4,1,-3.9,0.05,1,0,68
3930,5,0,0,4,1,-4.45,0.05,1,0,68
3931,5,0,0,2,1,-4.6,0.05,1,0,68
3932,5,0,0,3,1,-4.3,0.05,1,0,68
3933,5,0,0,4,1,-4.0,0.05,1,0,68
3934,5,0,0,3,1,-4.75,0.05,1,0,68
3935,5,0,0,3,1,-4.65,0.05,1,0,68
3936,5,0,0,2,1,-5.05,0.05,1,0,68
3937,5,0,0,3,1,-4.3,0.05,1,0,68
3938,5,0,0,3,1,-4.3,0.05,1,0,68
3939,5,0,0,3,1,-4.3,0.05,1,0,68
3940,5,0,0,3,1,-4.2,0.05,1,0,68
3941,5,0,0,2,1,-4.55,0.05,1,0,68
3942,5,0,0,4,1,-4.0,0.05,1,0,68
3943,5,0,0,3,1,-4.2,0.05,1,0,68
3944,5,0,0,3,1,-4.2,0.05,1,0,68
3945,5,0,0,3,1,-4.3,0.05,1,0,68
3946,5,0,0,3,1,-4.25,0.05,1,0,68
3947,5,0,0,3,1,-4.3,0.05,1,0,68
3948,7,0,0,3,1,-4.32,0.05,1,0,68
3949,5,0,0,4,1,-4.0,0.05,1,0,68
3950,5,0,0,4,1,-4.0,0.05,1,0,68
3951,5,0,0,4,1,-4.0,0.05,1,0,68
3952,5,0,0,3,1,-4.3,0.05,1,0,68
3953,5,0,0,4,1,-4.0,0.05,1,0,68
3954,5,0,0,3,1,-4.2,0.05,1,0,68
3955,5,0,0,4,1,-3.9,0.05,1,0,68
3956,5,0,0,3,1,-4.3,0.05,1,0,68
3957,5,0,0,2,1,-5.05,0.05,1,0,68
3958,5,0,0,2,1,-4.6,0.05,1,0,68
3959,5,0,0,3,1,-4.3,0.05,1,0,68
3960,5,0,0,2,1,-4.55,0.05,1,0,68
3961,5,0,0,3,1,-4.3,0.05,1,0,68
3962,5,0,0,3,1,-4.3,0.05,1,0,68
3963,5,0,0,4,1,-4.0,0.05,1,0,68
3964,5,0,0,4,1,-4.0,0.05,1,0,68
3965,7,0,0,3,1,-4.77,0.05,1,0,68
3966,7,0,0,3,1,-4.32,0.05,1,0,68
3967,5,0,0,1,1,-4.85,0.05,1,0,68
3968,5,0,0,2,1,-4.55,0.05,1,0,68
3969,5,0,0,2,1,-4.55,0.05,1,0,68
3970,5,0,0,2,1,-5.05,0.05,1,0,68
3971,5,0,0,2,1,-4.6,0.05,1,0,68
3972,5,0,0,4,1,-4.0,0.05,1,0,68
3973,5,0,0,2,1,-4.55,0.05,1,0,68
3974,5,0,0,3,1,-4.3,0.05,1,0,68
3975,5,0,0,3,1,-4.25,0.05,1,0,68
3976,5,0,0,4,1,-3.9,0.05,1,0,68
3977,5,0,0,2,1,-4.55,0.05,1,0,68
3978,5,0,0,2,1,-4.6,0.05,1,0,68
3979,5,0,0,3,1,-4.3,0.05,1,0,68
3980,5,0,0,2,1,-4.6,0.05,1,0,68
3981,5,0,0,2,1,-4.55,0.05,1,0,68
3982,5,0,0,3,1,-4.2,0.05,1,0,68
3983,5,0,0,3,1,-4.3,0.05,1,0,68
3984,5,0,0,4,1,-4.0,0.05,1,0,68
3985,5,0,0,1,1,-5.3,0.05,1,0,68
3986,5,0,0,4,1,-4.0,0.05,1,0,68
3987,5,0,0,4,1,-4.0,0.05,1,0,68
3988,5,0,0,3,1,-4.25,0.05,1,0,68
3989,5,0,0,3,1,-4.25,0.05,1,0,68
3990,5,0,0,4,1,-4.0,0.05,1,0,68
3991,6,0,0,3,1,-4.81,0.05,1,0,68
3992,5,0,0,4,1,-4.0,0.05,1,0,68
3993,5,0,0,4,1,-4.0,0.05,1,0,68
3994,5,0,0,3,1,-4.3,0.05,1,0,68
3995,5,0,0,3,1,-4.3,0.05,1,0,68
3996,5,0,0,3,1,-4.05,0.05,1,0,68
3997,7,0,0,3,1,-4.32,0.05,1,0,68
3998,5,0,0,2,1,-4.55,0.05,1,0,68
3999,5,0,0,4,1,-3.9,0.05,1,0,68
4000,5,0,0,3,1,-4.3,0.05,1,0,68
4001,5,0,0,3,1,-4.2,0.05,1,0,68
4002,5,0,0,3,1,-4.25,0.05,1,0,68
4003,5,0,0,3,1,-4.65,0.05,1,0,68
4004,5,0,0,3,1,-4.3,0.05,1,0,68
4005,5,0,0,3,1,-4.3,0.05,1,0,68
4006,5,0,0,3,1,-4.25,0.05,1,0,68
4007,5,0,0,1,1,-4.9,0.05,1,0,68
4008,5,0,0,4,1,-3.8,0.05,1,0,68
4009,5,0,0,3,1,-4.3,0.05,1,0,68
4010,5,0,0,4,1,-4.0,0.05,1,0,68
4011,5,0,0,4,1,-3.9,0.05,1,0,68
4012,5,0,0,3,1,-4.7,0.05,1,0,68
4013,5,0,0,3,1,-4.75,0.05,1,0,68
4014,5,0,0,4,1,-4.0,0.05,1,0,68
4015,5,0,0,3,1,-4.3,0.05,1,0,68
4016,5,0,0,3,1,-4.3,0.05,1,0,68
4017,5,0,0,4,1,-4.0,0.05,1,0,68
4018,5,0,0,4,1,-4.0,0.05,1,0,68
4019,5,0,0,4,1,-4.45,0.05,1,0,68
4020,5,0,0,2,1,-4.55,0.05,1,0,68
4021,5,0,0,4,1,-4.0,0.05,1,0,68
4022,5,0,0,4,1,-4.0,0.05,1,0,68
4023,5,0,0,4,1,-4.0,0.05,1,0,68
4024,5,0,0,3,1,-4.3,0.05,1,0,68
4025,5,0,0,3,1,-5.1,0.05,1,0,68
4026,5,0,0,3,1,-4.25,0.05,1,0,68
4027,5,0,0,2,1,-4.6,0.05,1,0,68
4028,5,0,0,3,1,-4.3,0.05,1,0,68
4029,5,0,0,2,1,-4.6,0.05,1,0,68
4030,5,0,0,3,1,-4.3,0.05,1,0,68
4031,5,0,0,4,1,-4.0,0.05,1,0,68
4032,5,0,0,3,1,-4.25,0.05,1,0,68
4033,5,0,0,3,1,-4.15,0.05,1,0,68
4034,6,0,0,4,1,-4.51,0.05,1,0,68
4035,5,0,0,3,1,-4.2,0.05,1,0,68
4036,5,0,0,4,1,-4.0,0.05,1,0,68
4037,5,0,0,3,1,-4.3,0.05,1,0,68
4038,5,0,0,2,1,-5.0,0.05,1,0,68
4039,5,0,0,3,1,-4.3,0.05,1,0,68
4040,5,0,0,2,1,-4.6,0.05,1,0,68
4041,6,0,0,3,1,-5.26,0.05,1,0,68
4042,5,0,0,3,1,-4.3,0.05,1,0,68
4043,5,0,0,4,1,-3.9,0.05,1,0,68
4044,5,0,0,3,1,-4.3,0.05,1,0,68
4045,5,0,0,4,1,-4.0,0.05,1,0,68
4046,5,0,0,4,1,-4.0,0.05,1,0,68
4047,5,0,0,4,1,-4.0,0.05,1,0,68
4048,5,0,0,4,1,-3.9,0.05,1,0,68
4049,5,0,0,2,1,-4.55,0.05,1,0,68
4050,6,0,0,2,1,-4.96,0.05,1,0,68
4051,5,0,0,2,1,-4.45,0.05,1,0,68
4052,5,0,0,4,1,-3.9,0.05,1,0,68
4053,5,0,0,1,1,-5.3,0.05,1,0,68
4054,5,0,0,3,1,-4.3,0.05,1,0,68
4055,5,0,0,3,1,-4.3,0.05,1,0,68
4056,5,0,0,2,1,-4.6,0.05,1,0,68
4057,5,0,0,2,1,-5.0,0.05,1,0,68
4058,5,0,0,3,1,-4.15,0.05,1,0,68
4059,5,0,0,3,1,-4.2,0.05,1,0,68
4060,5,0,0,4,1,-4.45,0.05,1,0,68
4061,5,0,0,3,1,-4.3,0.05,1,0,68
4062,5,0,0,3,1,-4.75,0.05,1,0,68
4063,5,0,0,4,1,-4.0,0.05,1,0,68
4064,5,0,0,4,1,-4.45,0.05,1,0,68
4065,5,0,0,4,1,-4.0,0.05,1,0,68
4066,5,0,0,2,1,-4.6,0.05,1,0,68
4067,5,0,0,3,1,-4.25,0.05,1,0,68
4068,5,0,0,4,1,-4.0,0.05,1,0,68
4069,5,0,0,3,1,-4.25,0.05,1,0,68
4070,5,0,0,4,1,-4.0,0.05,1,0,68
4071,5,0,0,4,1,-4.0,0.05,1,0,68
4072,5,0,0,3,1,-4.3,0.05,1,0,68
4073,5,0,0,2,1,-4.55,0.05,1,0,68
4074,5,0,0,4,1,-4.0,0.05,1,0,68
4075,5,0,0,3,1,-4.3,0.05,1,0,68
4076,6,0,0,4,1,-4.51,0.05,1,0,68
4077,5,0,0,3,1,-4.25,0.05,1,0,68
4078,5,0,0,2,1,-4.45,0.05,1,0,68
4079,5,0,0,3,1,-4.3,0.05,1,0,68
4080,5,0,0,2,1,-4.55,0.05,1,0,68
4081,5,0,0,4,1,-4.45,0.05,1,0,68
4082,5,0,0,3,1,-4.3,0.05,1,0,68
4083,5,0,0,4,1,-4.0,0.05,1,0,68
4084,5,0,0,4,1,-4.0,0.05,1,0,68
4085,5,0,0,4,1,-4.0,0.05,1,0,68
4086,5,0,0,2,1,-4.6,0.05,1,0,68
4087,5,0,0,4,1,-4.0,0.05,1,0,68
4088,5,0,0,4,1,-3.9,0.05,1,0,68
4089,6,0,0,3,1,-4.81,0.05,1,0,68
4090,5,0,0,4,1,-4.0,0.05,1,0,68
4091,5,0,0,2,1,-5.05,0.05,1,0,68
4092,5,0,0,4,1,-3.9,0.05,1,0,68
4093,5,0,0,4,1,-4.0,0.05,1,0,68
4094,5,0,0,4,1,-4.0,0.05,1,0,68
4095,5,0,0,4,1,-4.0,0.05,1,0,68
4096,5,0,0,4,1,-4.0,0.05,1,0,68
4097,5,0,0,4,1,-4.0,0.05,1,0,68
4098,5,0,0,4,1,-4.45,0.05,1,0,68
4099,5,0,0,3,1,-4.25,0.05,1,0,68
4100,5,0,0,2,1,-4.6,0.05,1,0,68
4101,5,0,0,4,1,-4.45,0.05,1,0,68
4102,5,0,0,3,1,-4.25,0.05,1,0,68
4103,5,0,0,2,1,-4.6,0.05,1,0,68
4104,5,0,0,3,1,-4.3,0.05,1,0,68
4105,5,0,0,1,1,-4.85,0.05,1,0,68
4106,5,0,0,4,1,-4.0,0.05,1,0,68
4107,5,0,0,3,1,-4.2,0.05,1,0,68
4108,5,0,0,3,1,-4.3,0.05,1,0,68
4109,5,0,0,3,1,-4.25,0.05,1,0,68
4110,5,0,0,3,1,-4.15,0.05,1,0,68
4111,5,0,0,3,1,-4.25,0.05,1,0,68
4112,5,0,0,4,1,-4.0,0.05,1,0,68
4113,5,0,0,3,1,-4.3,0.05,1,0,68
4114,5,0,0,3,1,-4.3,0.05,1,0,68
4115,5,0,0,3,1,-4.3,0.05,1,0,68
4116,5,0,0,2,1,-5.0,0.05,1,0,68
4117,5,0,0,2,1,-4.55,0.05,1,0,68
4118,5,0,0,4,1,-4.0,0.05,1,0,68
4119,5,0,0,1,1,-5.3,0.05,1,0,68
4120,5,0,0,4,1,-3.9,0.05,1,0,68
4121,5,0,0,3,1,-4.2,0.05,1,0,68
4122,5,0,0,4,1,-3.9,0.05,1,0,68
4123,5,0,0,1,1,-5.2,0.05,1,0,68
4124,5,0,0,3,1,-4.25,0.05,1,0,68
4125,5,0,0,4,1,-3.9,0.05,1,0,68
4126,5,0,0,4,1,-3.9,0.05,1,0,68
4127,6,0,0,4,1,-4.06,0.05,1,0,68
4128,5,0,0,3,1,-4.25,0.05,1,0,68
4129,5,0,0,2,1,-4.45,0.05,1,0,68
4130,5,0,0,4,1,-4.0,0.05,1,0,68
4131,5,0,0,2,1,-4.6,0.05,1,0,68
4132,5,0,0,3,1,-4.3,0.05,1,0,68
4133,5,0,0,2,1,-4.55,0.05,1,0,68
4134,5,0,0,3,1,-4.3,0.05,1,0,68
4135,5,0,0,3,1,-4.65,0.05,1,0,68
4136,5,0,0,3,1,-4.3,0.05,1,0,68
4137,6,0,0,3,1,-4.31,0.05,1,0,68
4138,5,0,0,3,1,-4.25,0.05,1,0,68
4139,5,0,0,3,1,-4.65,0.05,1,0,68
4140,5,0,0,3,1,-4.25,0.05,1,0,68
4141,5,0,0,4,1,-4.0,0.05,1,0,68
4142,5,0,0,3,1,-4.25,0.05,1,0,68
4143,5,0,0,3,1,-4.2,0.05,1,0,68
4144,5,0,0,3,1,-4.3,0.05,1,0,68
4145,5,0,0,3,1,-4.75,0.05,1,0,68
4146,5,0,0,2,1,-5.55,0.05,1,0,68
4147,5,0,0,3,1,-4.2,0.05,1,0,68
4148,5,0,0,4,1,-4.0,0.05,1,0,68
4149,5,0,0,4,1,-4.0,0.05,1,0,68
4150,5,0,0,2,1,-4.9,0.05,1,0,68
4151,5,0,0,1,1,-4.85,0.05,1,0,68
4152,5,0,0,3,1,-4.3,0.05,1,0,68
4153,5,0,0,2,1,-4.55,0.05,1,0,68
4154,5,0,0,3,1,-4.25,0.05,1,0,68
4155,5,0,0,3,1,-4.3,0.05,1,0,68
4156,5,0,0,3,1,-4.3,0.05,1,0,68
4157,5,0,0,3,1,-4.3,0.05,1,0,68
4158,5,0,0,3,1,-4.15,0.05,1,0,68
4159,5,0,0,3,1,-4.2,0.05,1,0,68
4160,5,0,0,3,1,-4.15,0.05,1,0,68
4161,5,0,0,2,1,-4.45,0.05,1,0,68
4162,5,0,0,3,1,-4.75,0.05,1,0,68
4163,5,0,0,2,1,-4.6,0.05,1,0,68
4164,5,0,0,3,1,-4.75,0.05,1,0,68
4165,5,0,0,3,1,-4.75,0.05,1,0,68
4166,5,0,0,3,1,-4.3,0.05,1,0,68
4167,5,0,0,4,1,-4.0,0.05,1,0,68
4168,5,0,0,2,1,-4.6,0.05,1,0,68
4169,5,0,0,3,1,-4.3,0.05,1,0,68
4170,5,0,0,2,1,-4.6,0.05,1,0,68
4171,5,0,0,2,1,-4.6,0.05,1,0,68
4172,5,0,0,4,1,-4.0,0.05,1,0,68
4173,5,0,0,4,1,-4.0,0.05,1,0,68
4174,5,0,0,3,1,-4.3,0.05,1,0,68
4175,5,0,0,3,1,-4.3,0.05,1,0,68
4176,5,0,0,3,1,-4.3,0.05,1,0,68
4177,5,0,0,4,1,-3.9,0.05,1,0,68
4178,5,0,0,2,1,-4.55,0.05,1,0,68
4179,5,0,0,3,1,-4.25,0.05,1,0,68
4180,5,0,0,3,1,-4.25,0.05,1,0,68
4181,5,0,0,3,1,-4.25,0.05,1,0,68
4182,5,0,0,4,1,-3.9,0.05,1,0,68
4183,5,0,0,2,1,-4.45,0.05,1,0,68
4184,5,0,0,3,1,-4.3,0.05,1,0,68
4185,5,0,0,3,1,-4.3,0.05,1,0,68
4186,5,0,0,2,1,-4.6,0.05,1,0,68
4187,5,0,0,3,1,-4.3,0.05,1,0,68
4188,5,0,0,3,1,-4.3,0.05,1,0,68
4189,5,0,0,3,1,-4.3,0.05,1,0,68
4190,5,0,0,4,1,-4.0,0.05,1,0,68
4191,5,0,0,2,1,-4.55,0.05,1,0,68
4192,5,0,0,2,1,-4.6,0.05,1,0,68
4193,5,0,0,4,1,-4.0,0.05,1,0,68
4194,6,0,0,4,1,-4.51,0.05,1,0,68
4195,5,0,0,4,1,-4.0,0.05,1,0,68
4196,5,0,0,4,1,-3.9,0.05,1,0,68
4197,5,0,0,4,1,-4.0,0.05,1,0,68
4198,5,0,0,3,1,-4.3,0.05,1,0,68
4199,5,0,0,3,1,-4.3,0.05,1,0,68
4200,5,0,0,3,1,-4.3,0.05,1,0,68
4201,5,0,0,3,1,-4.3,0.05,1,0,68
4202,5,0,0,2,1,-4.45,0.05,1,0,68
4203,5,0,0,4,1,-4.0,0.05,1,0,68
4204,5,0,0,4,1,-4.0,0.05,1,0,68
4205,5,0,0,2,1,-4.55,0.05,1,0,68
4206,5,0,0,4,1,-4.0,0.05,1,0,68
4207,5,0,0,3,1,-4.25,0.05,1,0,68
4208,5,0,0,1,1,-5.3,0.05,1,0,68
4209,5,0,0,3,1,-4.3,0.05,1,0,68
4210,5,0,0,2,1,-4.55,0.05,1,0,68
4211,5,0,0,3,1,-4.3,0.05,1,0,68
4212,5,0,0,1,1,-4.85,0.05,1,0,68
4213,5,0,0,1,1,-4.85,0.05,1,0,68
4214,5,0,0,4,1,-4.0,0.05,1,0,68
4215,5,0,0,2,1,-4.55,0.05,1,0,68
4216,5,0,0,3,1,-4.3,0.05,1,0,68
4217,5,0,0,3,1,-4.3,0.05,1,0,68
4218,5,0,0,3,1,-4.3,0.05,1,0,68
4219,5,0,0,3,1,-4.3,0.05,1,0,68
4220,5,0,0,3,1,-4.3,0.05,1,0,68
4221,5,0,0,3,1,-4.3,0.05,1,0,68
4222,5,0,0,3,1,-4.3,0.05,1,0,68
4223,5,0,0,4,1,-4.45,0.05,1,0,68
4224,5,0,0,3,1,-4.25,0.05,1,0,68
4225,5,0,0,2,1,-4.6,0.05,1,0,68
4226,5,0,0,4,1,-4.0,0.05,1,0,68
4227,5,0,0,3,1,-4.25,0.05,1,0,68
4228,5,0,0,4,1,-4.0,0.05,1,0,68
4229,5,0,0,2,1,-4.6,0.05,1,0,68
4230,5,0,0,4,1,-3.9,0.05,1,0,68
4231,5,0,0,4,1,-4.0,0.05,1,0,68
4232,5,0,0,2,1,-5.0,0.05,1,0,68
4233,5,0,0,2,1,-4.6,0.05,1,0,68
4234,5,0,0,4,1,-3.9,0.05,1,0,68
4235,8,0,0,3,1,-4.38,0.05,1,0,68
4236,5,0,0,3,1,-4.3,0.05,1,0,68
4237,5,0,0,3,1,-4.15,0.05,1,0,68
4238,5,0,0,3,1,-4.3,0.05,1,0,68
4239,5,0,0,2,1,-5.05,0.05,1,0,68
4240,5,0,0,2,1,-4.55,0.05,1,0,68
4241,5,0,0,4,1,-4.0,0.05,1,0,68
4242,5,0,0,4,1,-3.9,0.05,1,0,68
4243,5,0,0,4,1,-4.25,0.05,1,0,68
4244,8,0,0,3,1,-4.28,0.05,1,0,68
4245,6,0,0,2,1,-4.66,0.05,1,0,68
4246,5,0,0,3,1,-4.25,0.05,1,0,68
4247,5,0,0,4,1,-4.0,0.05,1,0,68
4248,5,0,0,3,1,-4.25,0.05,1,0,68
4249,5,0,0,3,1,-4.3,0.05,1,0,68
4250,5,0,0,2,1,-4.6,0.05,1,0,68
4251,5,0,0,3,1,-4.75,0.05,1,0,68
4252,5,0,0,3,1,-4.2,0.05,1,0,68
4253,5,0,0,3,1,-4.3,0.05,1,0,68
4254,5,0,0,2,1,-4.6,0.05,1,0,68
4255,5,0,0,1,1,-4.85,0.05,1,0,68
4256,5,0,0,1,1,-4.85,0.05,1,0,68
4257,5,0,0,2,1,-4.55,0.05,1,0,68
4258,5,0,0,3,1,-4.65,0.05,1,0,68
4259,5,0,0,4,1,-3.9,0.05,1,0,68
4260,5,0,0,2,1,-4.55,0.05,1,0,68
4261,5,0,0,2,1,-4.55,0.05,1,0,68
4262,5,0,0,4,1,-4.0,0.05,1,0,68
4263,5,0,0,3,1,-4.3,0.05,1,0,68
4264,5,0,0,3,1,-4.2,0.05,1,0,68
4265,5,0,0,3,1,-4.25,0.05,1,0,68
4266,5,0,0,4,1,-4.45,0.05,1,0,68
4267,5,0,0,3,1,-4.3,0.05,1,0,68
4268,5,0,0,3,1,-4.65,0.05,1,0,68
4269,5,0,0,3,1,-4.3,0.05,1,0,68
4270,5,0,0,3,1,-4.2,0.05,1,0,68
4271,5,0,0,2,1,-4.55,0.05,1,0,68
4272,6,0,0,2,1,-5.11,0.05,1,0,68
4273,5,0,0,3,1,-4.3,0.05,1,0,68
4274,5,0,0,3,1,-4.25,0.05,1,0,68
4275,5,0,0,3,1,-4.3,0.05,1,0,68
4276,5,0,0,3,1,-4.25,0.05,1,0,68
4277,5,0,0,2,1,-4.55,0.05,1,0,68
4278,5,0,0,3,1,-4.1,0.05,1,0,68
4279,5,0,0,3,1,-4.25,0.05,1,0,68
4280,5,0,0,3,1,-4.3,0.05,1,0,68
4281,5,0,0,2,1,-4.6,0.05,1,0,68
4282,5,0,0,3,1,-4.3,0.05,1,0,68
4283,5,0,0,2,1,-4.6,0.05,1,0,68
4284,5,0,0,4,1,-4.45,0.05,1,0,68
4285,5,0,0,3,1,-4.3,0.05,1,0,68
4286,5,0,0,3,1,-4.3,0.05,1,0,68
4287,5,0,0,2,1,-4.55,0.05,1,0,68
4288,5,0,0,2,1,-4.6,0.05,1,0,68
4289,5,0,0,4,1,-3.9,0.05,1,0,68
4290,5,0,0,4,1,-4.0,0.05,1,0,68
4291,7,0,0,2,1,-4.52,0.05,1,0,68
4292,5,0,0,3,1,-4.2,0.05,1,0,68
4293,5,0,0,3,1,-4.65,0.05,1,0,68
4294,5,0,0,1,1,-5.35,0.05,1,0,68
4295,5,0,0,3,1,-4.2,0.05,1,0,68
4296,5,0,0,3,1,-4.3,0.05,1,0,68
4297,5,0,0,4,1,-4.0,0.05,1,0,68
4298,5,0,0,4,1,-4.45,0.05,1,0,68
4299,5,0,0,4,1,-3.9,0.05,1,0,68
4300,5,0,0,4,1,-4.0,0.05,1,0,68
4301,5,0,0,1,1,-4.9,0.05,1,0,68
4302,5,0,0,4,1,-4.0,0.05,1,0,68
4303,5,0,0,2,1,-4.6,0.05,1,0,68
4304,5,0,0,2,1,-4.6,0.05,1,0,68
4305,5,0,0,1,1,-4.9,0.05,1,0,68
4306,5,0,0,3,1,-4.25,0.05,1,0,68
4307,5,0,0,2,1,-4.55,0.05,1,0,68
4308,5,0,0,3,1,-4.25,0.05,1,0,68
4309,5,0,0,4,1,-3.9,0.05,1,0,68
4310,5,0,0,4,1,-3.9,0.05,1,0,68
4311,5,0,0,4,1,-4.0,0.05,1,0,68
4312,5,0,0,2,1,-4.55,0.05,1,0,68
4313,5,0,0,4,1,-4.0,0.05,1,0,68
4314,5,0,0,4,1,-4.0,0.05,1,0,68
4315,5,0,0,2,1,-4.6,0.05,1,0,68
4316,5,0,0,4,1,-4.0,0.05,1,0,68
4317,7,0,0,2,1,-4.62,0.05,1,0,68
4318,5,0,0,3,1,-4.25,0.05,1,0,68
4319,5,0,0,3,1,-4.25,0.05,1,0,68
4320,5,0,0,2,1,-4.55,0.05,1,0,68
4321,5,0,0,3,1,-4.3,0.05,1,0,68
4322,5,0,0,3,1,-4.1,0.05,1,0,68
4323,5,0,0,3,1,-4.25,0.05,1,0,68
4324,5,0,0,4,1,-3.9,0.05,1,0,68
4325,5,0,0,4,1,-4.45,0.05,1,0,68
4326,5,0,0,3,1,-4.75,0.05,1,0,68
4327,5,0,0,3,1,-4.75,0.05,1,0,68
4328,5,0,0,4,1,-4.0,0.05,1,0,68
4329,5,0,0,4,1,-3.9,0.05,1,0,68
4330,5,0,0,1,1,-4.85,0.05,1,0,68
4331,5,0,0,4,1,-4.0,0.05,1,0,68
4332,5,0,0,4,1,-4.0,0.05,1,0,68
4333,5,0,0,4,1,-4.0,0.05,1,0,68
4334,5,0,0,2,1,-4.6,0.05,1,0,68
4335,5,0,0,4,1,-4.0,0.05,1,0,68
4336,5,0,0,2,1,-4.95,0.05,1,0,68
4337,5,0,0,3,1,-4.25,0.05,1,0,68
4338,5,0,0,2,1,-4.5,0.05,1,0,68
4339,5,0,0,4,1,-4.0,0.05,1,0,68
4340,5,0,0,2,1,-4.4,0.05,1,0,68
4341,5,0,0,2,1,-4.55,0.05,1,0,68
4342,5,0,0,4,1,-4.0,0.05,1,0,68
4343,5,0,0,4,1,-4.35,0.05,1,0,68
4344,5,0,0,4,1,-4.45,0.05,1,0,68
4345,5,0,0,3,1,-4.7,0.05,1,0,68
4346,5,0,0,4,1,-4.0,0.05,1,0,68
4347,5,0,0,3,1,-4.25,0.05,1,0,68
4348,5,0,0,4,1,-4.0,0.05,1,0,68
4349,5,0,0,3,1,-4.2,0.05,1,0,68
4350,5,0,0,2,1,-4.55,0.05,1,0,68
4351,5,0,0,2,1,-4.55,0.05,1,0,68
4352,5,0,0,3,1,-4.7,0.05,1,0,68
4353,5,0,0,3,1,-4.2,0.05,1,0,68
4354,5,0,0,2,1,-4.45,0.05,1,0,68
4355,5,0,0,4,1,-3.9,0.05,1,0,68
4356,5,0,0,3,1,-4.25,0.05,1,0,68
4357,5,0,0,3,1,-4.3,0.05,1,0,68
4358,5,0,0,4,1,-4.0,0.05,1,0,68
4359,5,0,0,4,1,-4.0,0.05,1,0,68
4360,5,0,0,4,1,-4.0,0.05,1,0,68
4361,5,0,0,2,1,-4.55,0.05,1,0,68
4362,5,0,0,1,1,-4.8,0.05,1,0,68
4363,5,0,0,3,1,-4.25,0.05,1,0,68
4364,6,0,0,3,1,-4.26,0.05,1,0,68
4365,6,0,0,2,1,-4.61,0.05,1,0,68
4366,5,0,0,3,1,-4.2,0.05,1,0,68
4367,5,0,0,4,1,-4.0,0.05,1,0,68
4368,5,0,0,3,1,-4.25,0.05,1,0,68
4369,5,0,0,4,1,-4.45,0.05,1,0,68
4370,5,0,0,3,1,-4.3,0.05,1,0,68
4371,5,0,0,4,1,-4.0,0.05,1,0,68
4372,6,0,0,2,1,-4.61,0.05,1,0,68
4373,5,0,0,3,1,-4.3,0.05,1,0,68
4374,5,0,0,3,1,-4.3,0.05,1,0,68
4375,5,0,0,3,1,-4.3,0.05,1,0,68
4376,5,0,0,4,1,-4.0,0.05,1,0,68
4377,5,0,0,2,1,-4.55,0.05,1,0,68
4378,5,0,0,3,1,-4.25,0.05,1,0,68
4379,5,0,0,3,1,-4.25,0.05,1,0,68
4380,5,0,0,1,1,-4.85,0.05,1,0,68
4381,5,0,0,4,1,-4.0,0.05,1,0,68
4382,5,0,0,4,1,-4.0,0.05,1,0,68
4383,5,0,0,4,1,-4.0,0.05,1,0,68
4384,5,0,0,4,1,-4.0,0.05,1,0,68
4385,5,0,0,3,1,-4.25,0.05,1,0,68
4386,5,0,0,4,1,-3.9,0.05,1,0,68
4387,5,0,0,3,1,-4.2,0.05,1,0,68
4388,5,0,0,3,1,-4.3,0.05,1,0,68
4389,5,0,0,3,1,-4.2,0.05,1,0,68
4390,5,0,0,3,1,-4.3,0.05,1,0,68
4391,5,0,0,2,1,-4.55,0.05,1,0,68
4392,5,0,0,1,1,-4.85,0.05,1,0,68
4393,5,0,0,3,1,-4.25,0.05,1,0,68
4394,5,0,0,3,1,-4.3,0.05,1,0,68
4395,5,0,0,2,1,-5.0,0.05,1,0,68
4396,5,0,0,2,1,-4.55,0.05,1,0,68
4397,5,0,0,3,1,-4.25,0.05,1,0,68
4398,6,0,0,2,1,-5.06,0.05,1,0,68
4399,5,0,0,3,1,-4.3,0.05,1,0,68
4400,5,0,0,3,1,-4.25,0.05,1,0,68
4401,5,0,0,2,1,-5.5,0.05,1,0,68
4402,5,0,0,4,1,-3.8,0.05,1,0,68
4403,5,0,0,3,1,-4.25,0.05,1,0,68
4404,5,0,0,4,1,-4.0,0.05,1,0,68
4405,5,0,0,3,1,-4.3,0.05,1,0,68
4406,5,0,0,3,1,-4.3,0.05,1,0,68
4407,5,0,0,3,1,-4.3,0.05,1,0,68
4408,5,0,0,4,1,-4.45,0.05,1,0,68
4409,5,0,0,4,1,-3.9,0.05,1,0,68
4410,5,0,0,3,1,-4.3,0.05,1,0,68
4411,5,0,0,3,1,-4.3,0.05,1,0,68
4412,5,0,0,3,1,-4.75,0.05,1,0,68
4413,5,0,0,3,1,-4.25,0.05,1,0,68
4414,5,0,0,1,1,-4.85,0.05,1,0,68
4415,5,0,0,3,1,-4.3,0.05,1,0,68
4416,5,0,0,3,1,-4.3,0.05,1,0,68
4417,5,0,0,4,1,-3.9,0.05,1,0,68
4418,5,0,0,2,1,-4.55,0.05,1,0,68
4419,6,0,0,3,1,-5.26,0.05,1,0,68
4420,5,0,0,4,1,-4.0,0.05,1,0,68
4421,5,0,0,3,1,-4.3,0.05,1,0,68
4422,5,0,0,3,1,-4.2,0.05,1,0,68
4423,5,0,0,3,1,-4.2,0.05,1,0,68
4424,5,0,0,2,1,-4.5,0.05,1,0,68
4425,5,0,0,1,1,-4.9,0.05,1,0,68
4426,5,0,0,1,1,-4.9,0.05,1,0,68
4427,5,0,0,3,1,-4.3,0.05,1,0,68
4428,5,0,0,3,1,-4.3,0.05,1,0,68
4429,5,0,0,4,1,-4.0,0.05,1,0,68
4430,7,0,0,3,1,-4.22,0.05,1,0,68
4431,5,0,0,3,1,-4.75,0.05,1,0,68
4432,5,0,0,3,1,-4.3,0.05,1,0,68
4433,5,0,0,4,1,-4.35,0.05,1,0,68
4434,5,0,0,3,1,-4.3,0.05,1,0,68
4435,5,0,0,3,1,-4.3,0.05,1,0,68
4436,5,0,0,4,1,-4.0,0.05,1,0,68
4437,5,0,0,4,1,-4.0,0.05,1,0,68
4438,5,0,0,3,1,-4.3,0.05,1,0,68
4439,5,0,0,4,1,-4.0,0.05,1,0,68
4440,5,0,0,3,1,-4.3,0.05,1,0,68
4441,5,0,0,3,1,-4.3,0.05,1,0,68
4442,5,0,0,3,1,-4.25,0.05,1,0,68
4443,5,0,0,4,1,-4.0,0.05,1,0,68
4444,5,0,0,3,1,-4.3,0.05,1,0,68
4445,5,0,0,2,1,-4.55,0.05,1,0,68
4446,5,0,0,2,1,-4.45,0.05,1,0,68
4447,5,0,0,4,1,-3.9,0.05,1,0,68
4448,7,0,0,3,1,-4.32,0.05,1,0,68
4449,5,0,0,4,1,-4.0,0.05,1,0,68
4450,5,0,0,3,1,-4.3,0.05,1,0,68
4451,5,0,0,2,1,-4.6,0.05,1,0,68
4452,5,0,0,4,1,-4.0,0.05,1,0,68
4453,5,0,0,4,1,-3.9,0.05,1,0,68
4454,5,0,0,3,1,-4.3,0.05,1,0,68
4455,5,0,0,1,1,-4.85,0.05,1,0,68
4456,5,0,0,4,1,-4.0,0.05,1,0,68
4457,5,0,0,2,1,-4.5,0.05,1,0,68
4458,5,0,0,3,1,-4.3,0.05,1,0,68
4459,7,0,0,3,1,-4.32,0.05,1,0,68
4460,5,0,0,2,1,-4.6,0.05,1,0,68
4461,5,0,0,4,1,-4.45,0.05,1,0,68
4462,5,0,0,4,1,-4.45,0.05,1,0,68
4463,5,0,0,2,1,-4.45,0.05,1,0,68
4464,5,0,0,2,1,-4.5,0.05,1,0,68
4465,5,0,0,4,1,-4.0,0.05,1,0,68
4466,5,0,0,3,1,-4.3,0.05,1,0,68
4467,5,0,0,2,1,-4.55,0.05,1,0,68
4468,5,0,0,4,1,-4.0,0.05,1,0,68
4469,5,0,0,2,1,-5.0,0.05,1,0,68
4470,7,0,0,4,1,-4.02,0.05,1,0,68
4471,5,0,0,4,1,-4.35,0.05,1,0,68
4472,5,0,0,1,1,-4.9,0.05,1,0,68
4473,5,0,0,3,1,-4.3,0.05,1,0,68
4474,5,0,0,2,1,-5.05,0.05,1,0,68
4475,5,0,0,2,1,-4.5,0.05,1,0,68
4476,5,0,0,3,1,-4.15,0.05,1,0,68
4477,5,0,0,4,1,-4.0,0.05,1,0,68
4478,7,0,0,3,1,-4.32,0.05,1,0,68
4479,5,0,0,3,1,-4.15,0.05,1,0,68
4480,5,0,0,1,1,-4.85,0.05,1,0,68
4481,5,0,0,3,1,-4.75,0.05,1,0,68
4482,5,0,0,4,1,-4.0,0.05,1,0,68
4483,5,0,0,3,1,-4.3,0.05,1,0,68
4484,5,0,0,4,1,-4.0,0.05,1,0,68
4485,5,0,0,1,1,-4.75,0.05,1,0,68
4486,5,0,0,4,1,-3.9,0.05,1,0,68
4487,5,0,0,1,1,-4.85,0.05,1,0,68
4488,5,0,0,4,1,-4.0,0.05,1,0,68
4489,5,0,0,3,1,-4.1,0.05,1,0,68
4490,5,0,0,2,1,-5.0,0.05,1,0,68
4491,5,0,0,3,1,-4.2,0.05,1,0,68
4492,5,0,0,4,1,-4.0,0.05,1,0,68
4493,5,0,0,1,1,-4.9,0.05,1,0,68
4494,5,0,0,4,1,-4.0,0.05,1,0,68
4495,5,0,0,3,1,-4.3,0.05,1,0,68
4496,5,0,0,3,1,-4.3,0.05,1,0,68
4497,5,0,0,3,1,-4.15,0.05,1,0,68
4498,5,0,0,4,1,-4.0,0.05,1,0,68
4499,5,0,0,4,1,-3.9,0.05,1,0,68
4500,5,0,0,2,1,-4.55,0.05,1,0,68
4501,5,0,0,2,1,-4.6,0.05,1,0,68
4502,5,0,0,4,1,-4.0,0.05,1,0,68
4503,5,0,0,4,1,-4.0,0.05,1,0,68
4504,5,0,0,3,1,-4.3,0.05,1,0,68
4505,5,0,0,3,1,-4.2,0.05,1,0,68
4506,5,0,0,3,1,-4.3,0.05,1,0,68
4507,5,0,0,3,1,-4.3,0.05,1,0,68
4508,5,0,0,2,1,-4.55,0.05,1,0,68
4509,5,0,0,3,1,-4.75,0.05,1,0,68
4510,5,0,0,2,1,-4.55,0.05,1,0,68
4511,5,0,0,3,1,-4.3,0.05,1,0,68
4512,5,0,0,3,1,-4.25,0.05,1,0,68
4513,5,0,0,3,1,-4.3,0.05,1,0,68
4514,5,0,0,4,1,-4.0,0.05,1,0,68
4515,5,0,0,3,1,-4.3,0.05,1,0,68
4516,5,0,0,3,1,-4.3,0.05,1,0,68
4517,5,0,0,3,1,-4.3,0.05,1,0,68
4518,5,0,0,3,1,-4.3,0.05,1,0,68
4519,5,0,0,3,1,-4.25,0.05,1,0,68
4520,5,0,0,4,1,-4.0,0.05,1,0,68
4521,5,0,0,4,1,-3.9,0.05,1,0,68
4522,5,0,0,4,1,-4.0,0.05,1,0,68
4523,5,0,0,3,1,-4.3,0.05,1,0,68
4524,5,0,0,4,1,-4.0,0.05,1,0,68
4525,5,0,0,4,1,-4.0,0.05,1,0,68
4526,5,0,0,3,1,-4.25,0.05,1,0,68
4527,5,0,0,4,1,-4.0,0.05,1,0,68
4528,5,0,0,3,1,-4.3,0.05,1,0,68
4529,5,0,0,3,1,-4.3,0.05,1,0,68
4530,5,0,0,3,1,-4.25,0.05,1,0,68
4531,5,0,0,4,1,-4.0,0.05,1,0,68
4532,5,0,0,3,1,-4.3,0.05,1,0,68
4533,5,0,0,4,1,-4.0,0.05,1,0,68
4534,5,0,0,4,1,-4.0,0.05,1,0,68
4535,5,0,0,2,1,-4.55,0.05,1,0,68
4536,5,0,0,4,1,-3.9,0.05,1,0,68
4537,5,0,0,3,1,-4.3,0.05,1,0,68
4538,5,0,0,2,1,-5.05,0.05,1,0,68
4539,5,0,0,4,1,-4.0,0.05,1,0,68
4540,5,0,0,3,1,-4.3,0.05,1,0,68
4541,5,0,0,3,1,-4.3,0.05,1,0,68
4542,5,0,0,3,1,-4.3,0.05,1,0,68
4543,5,0,0,2,1,-5.0,0.05,1,0,68
4544,5,0,0,2,1,-4.55,0.05,1,0,68
4545,5,0,0,1,1,-4.85,0.05,1,0,68
4546,5,0,0,4,1,-4.0,0.05,1,0,68
4547,5,0,0,3,1,-4.3,0.05,1,0,68
4548,5,0,0,4,1,-4.0,0.05,1,0,68
4549,5,0,0,2,1,-4.55,0.05,1,0,68
4550,5,0,0,3,1,-4.3,0.05,1,0,68
4551,5,0,0,2,1,-4.6,0.05,1,0,68
4552,5,0,0,2,1,-4.45,0.05,1,0,68
4553,6,0,0,2,1,-4.66,0.05,1,0,68
4554,5,0,0,3,1,-4.25,0.05,1,0,68
4555,5,0,0,3,1,-4.2,0.05,1,0,68
4556,5,0,0,3,1,-4.2,0.05,1,0,68
4557,5,0,0,4,1,-4.0,0.05,1,0,68
4558,5,0,0,4,1,-4.0,0.05,1,0,68
4559,5,0,0,3,1,-4.2,0.05,1,0,68
4560,5,0,0,2,1,-5.05,0.05,1,0,68
4561,5,0,0,2,1,-4.6,0.05,1,0,68
4562,5,0,0,4,1,-3.9,0.05,1,0,68
4563,5,0,0,2,1,-4.6,0.05,1,0,68
4564,5,0,0,4,1,-4.0,0.05,1,0,68
4565,5,0,0,2,1,-4.6,0.05,1,0,68
4566,5,0,0,2,1,-4.55,0.05,1,0,68
4567,5,0,0,3,1,-4.3,0.05,1,0,68
4568,5,0,0,3,1,-4.3,0.05,1,0,68
4569,5,0,0,4,1,-4.0,0.05,1,0,68
4570,5,0,0,4,1,-4.0,0.05,1,0,68
4571,5,0,0,3,1,-4.3,0.05,1,0,68
4572,5,0,0,3,1,-4.15,0.05,1,0,68
4573,5,0,0,3,1,-4.25,0.05,1,0,68
4574,5,0,0,3,1,-4.3,0.05,1,0,68
4575,5,0,0,3,1,-4.3,0.05,1,0,68
4576,5,0,0,3,1,-4.3,0.05,1,0,68
4577,5,0,0,3,1,-4.25,0.05,1,0,68
4578,5,0,0,2,1,-4.55,0.05,1,0,68
4579,5,0,0,3,1,-4.3,0.05,1,0,68
4580,5,0,0,3,1,-4.2,0.05,1,0,68
4581,5,0,0,3,1,-4.25,0.05,1,0,68
4582,5,0,0,4,1,-3.9,0.05,1,0,68
4583,5,0,0,3,1,-4.25,0.05,1,0,68
4584,5,0,0,4,1,-4.0,0.05,1,0,68
4585,5,0,0,4,1,-3.9,0.05,1,0,68
4586,5,0,0,3,1,-4.3,0.05,1,0,68
4587,5,0,0,2,1,-5.05,0.05,1,0,68
4588,5,0,0,1,1,-4.85,0.05,1,0,68
4589,5,0,0,3,1,-4.15,0.05,1,0,68
4590,5,0,0,3,1,-4.75,0.05,1,0,68
4591,5,0,0,1,1,-4.9,0.05,1,0,68
4592,5,0,0,3,1,-4.3,0.05,1,0,68
4593,5,0,0,4,1,-4.0,0.05,1,0,68
4594,5,0,0,3,1,-4.3,0.05,1,0,68
4595,5,0,0,4,1,-4.0,0.05,1,0,68
4596,5,0,0,3,1,-4.3,0.05,1,0,68
4597,5,0,0,3,1,-4.2,0.05,1,0,68
4598,5,0,0,3,1,-4.3,0.05,1,0,68
4599,5,0,0,3,1,-4.75,0.05,1,0,68
4600,6,0,0,4,1,-4.06,0.05,1,0,68
4601,5,0,0,4,1,-4.0,0.05,1,0,68
4602,5,0,0,3,1,-4.3,0.05,1,0,68
4603,5,0,0,2,1,-4.55,0.05,1,0,68
4604,5,0,0,3,1,-4.65,0.05,1,0,68
4605,5,0,0,4,1,-4.8,0.05,1,0,68
4606,5,0,0,3,1,-4.3,0.05,1,0,68
4607,5,0,0,4,1,-4.0,0.05,1,0,68
4608,5,0,0,2,1,-4.6,0.05,1,0,68
4609,5,0,0,3,1,-4.75,0.05,1,0,68
4610,5,0,0,3,1,-4.3,0.05,1,0,68
4611,5,0,0,1,1,-4.9,0.05,1,0,68
4612,5,0,0,3,1,-4.25,0.05,1,0,68
4613,5,0,0,1,1,-4.85,0.05,1,0,68
4614,5,0,0,2,1,-4.55,0.05,1,0,68
4615,5,0,0,2,1,-5.05,0.05,1,0,68
4616,5,0,0,4,1,-4.0,0.05,1,0,68
4617,5,0,0,3,1,-4.2,0.05,1,0,68
4618,6,0,0,3,1,-4.66,0.05,1,0,68
4619,5,0,0,3,1,-4.3,0.05,1,0,68
4620,5,0,0,2,1,-4.5,0.05,1,0,68
4621,5,0,0,3,1,-4.25,0.05,1,0,68
4622,5,0,0,3,1,-4.3,0.05,1,0,68
4623,5,0,0,4,1,-4.0,0.05,1,0,68
4624,5,0,0,3,1,-4.2,0.05,1,0,68
4625,5,0,0,3,1,-4.2,0.05,1,0,68
4626,5,0,0,4,1,-4.0,0.05,1,0,68
4627,6,0,0,3,1,-4.81,0.05,1,0,68
4628,5,0,0,4,1,-3.9,0.05,1,0,68
4629,7,0,0,4,1,-3.92,0.05,1,0,68
4630,5,0,0,4,1,-4.0,0.05,1,0,68
4631,5,0,0,3,1,-4.3,0.05,1,0,68
4632,5,0,0,2,1,-4.55,0.05,1,0,68
4633,5,0,0,3,1,-4.2,0.05,1,0,68
4634,5,0,0,4,1,-4.0,0.05,1,0,68
4635,5,0,0,4,1,-4.0,0.05,1,0,68
4636,5,0,0,2,1,-4.55,0.05,1,0,68
4637,5,0,0,2,1,-4.6,0.05,1,0,68
4638,5,0,0,3,1,-4.2,0.05,1,0,68
4639,5,0,0,4,1,-4.0,0.05,1,0,68
4640,5,0,0,4,1,-4.0,0.05,1,0,68
4641,5,0,0,4,1,-4.45,0.05,1,0,68
4642,5,0,0,3,1,-4.3,0.05,1,0,68
4643,5,0,0,3,1,-4.3,0.05,1,0,68
4644,5,0,0,3,1,-4.3,0.05,1,0,68
4645,5,0,0,4,1,-4.35,0.05,1,0,68
4646,5,0,0,2,1,-4.55,0.05,1,0,68
4647,5,0,0,4,1,-4.0,0.05,1,0,68
4648,5,0,0,4,1,-4.45,0.05,1,0,68
4649,5,0,0,4,1,-3.9,0.05,1,0,68
4650,5,0,0,3,1,-4.25,0.05,1,0,68
4651,5,0,0,4,1,-4.0,0.05,1,0,68
4652,5,0,0,3,1,-4.75,0.05,1,0,68
4653,5,0,0,4,1,-4.0,0.05,1,0,68
4654,5,0,0,4,1,-4.0,0.05,1,0,68
4655,5,0,0,3,1,-4.2,0.05,1,0,68
4656,5,0,0,3,1,-4.65,0.05,1,0,68
4657,5,0,0,4,1,-4.0,0.05,1,0,68
4658,5,0,0,4,1,-3.9,0.05,1,0,68
4659,5,0,0,2,1,-4.55,0.05,1,0,68
4660,5,0,0,4,1,-4.0,0.05,1,0,68
4661,5,0,0,4,1,-3.9,0.05,1,0,68
4662,5,0,0,4,1,-4.0,0.05,1,0,68
4663,5,0,0,4,1,-4.0,0.05,1,0,68
4664,5,0,0,2,1,-4.45,0.05,1,0,68
4665,5,0,0,3,1,-4.3,0.05,1,0,68
4666,6,0,0,4,1,-4.51,0.05,1,0,68
4667,5,0,0,3,1,-4.2,0.05,1,0,68
4668,5,0,0,4,1,-4.45,0.05,1,0,68
4669,5,0,0,4,1,-4.0,0.05,1,0,68
4670,5,0,0,3,1,-4.3,0.05,1,0,68
4671,5,0,0,3,1,-4.3,0.05,1,0,68
4672,5,0,0,3,1,-4.3,0.05,1,0,68
4673,5,0,0,2,1,-4.6,0.05,1,0,68
4674,5,0,0,3,1,-4.3,0.05,1,0,68
4675,5,0,0,3,1,-4.3,0.05,1,0,68
4676,5,0,0,3,1,-4.3,0.05,1,0,68
4677,5,0,0,4,1,-4.0,0.05,1,0,68
4678,5,0,0,4,1,-4.0,0.05,1,0,68
4679,5,0,0,4,1,-3.9,0.05,1,0,68
4680,5,0,0,2,1,-4.6,0.05,1,0,68
4681,5,0,0,2,1,-4.55,0.05,1,0,68
4682,5,0,0,3,1,-4.3,0.05,1,0,68
4683,5,0,0,4,1,-4.0,0.05,1,0,68
4684,5,0,0,3,1,-4.15,0.05,1,0,68
4685,5,0,0,1,1,-4.85,0.05,1,0,68
4686,5,0,0,3,1,-4.3,0.05,1,0,68
4687,5,0,0,4,1,-3.9,0.05,1,0,68
4688,5,0,0,3,1,-4.25,0.05,1,0,68
4689,5,0,0,4,1,-4.0,0.05,1,0,68
4690,5,0,0,2,1,-4.6,0.05,1,0,68
4691,5,0,0,4,1,-4.0,0.05,1,0,68
4692,5,0,0,4,1,-4.0,0.05,1,0,68
4693,5,0,0,1,1,-4.9,0.05,1,0,68
4694,5,0,0,4,1,-4.0,0.05,1,0,68
4695,5,0,0,2,1,-4.55,0.05,1,0,68
4696,5,0,0,3,1,-4.3,0.05,1,0,68
4697,5,0,0,2,1,-5.0,0.05,1,0,68
4698,5,0,0,3,1,-4.2,0.05,1,0,68
4699,5,0,0,3,1,-4.25,0.05,1,0,68
4700,5,0,0,4,1,-4.0,0.05,1,0,68
4701,5,0,0,2,1,-5.0,0.05,1,0,68
4702,5,0,0,3,1,-4.3,0.05,1,0,68
4703,5,0,0,4,1,-4.0,0.05,1,0,68
4704,5,0,0,3,1,-4.25,0.05,1,0,68
4705,5,0,0,3,1,-4.3,0.05,1,0,68
4706,5,0,0,4,1,-4.0,0.05,1,0,68
4707,5,0,0,4,1,-4.0,0.05,1,0,68
4708,5,0,0,3,1,-4.3,0.05,1,0,68
4709,5,0,0,4,1,-4.0,0.05,1,0,68
4710,5,0,0,2,1,-4.5,0.05,1,0,68
4711,5,0,0,4,1,-4.0,0.05,1,0,68
4712,5,0,0,3,1,-4.3,0.05,1,0,68
4713,5,0,0,3,1,-4.3,0.05,1,0,68
4714,5,0,0,1,1,-5.3,0.05,1,0,68
4715,6,0,0,3,1,-4.21,0.05,1,0,68
4716,5,0,0,2,1,-4.6,0.05,1,0,68
4717,5,0,0,3,1,-4.7,0.05,1,0,68
4718,5,0,0,2,1,-4.55,0.05,1,0,68
4719,5,0,0,4,1,-3.9,0.05,1,0,68
4720,5,0,0,2,1,-4.5,0.05,1,0,68
4721,5,0,0,2,1,-4.6,0.05,1,0,68
4722,5,0,0,2,1,-4.55,0.05,1,0,68
4723,7,0,0,2,1,-5.07,0.05,1,0,68
4724,5,0,0,3,1,-4.2,0.05,1,0,68
4725,5,0,0,3,1,-4.25,0.05,1,0,68
4726,5,0,0,3,1,-4.3,0.05,1,0,68
4727,5,0,0,4,1,-4.45,0.05,1,0,68
4728,5,0,0,3,1,-4.3,0.05,1,0,68
4729,5,0,0,3,1,-4.3,0.05,1,0,68
4730,5,0,0,2,1,-4.6,0.05,1,0,68
4731,5,0,0,3,1,-4.3,0.05,1,0,68
4732,5,0,0,2,1,-4.55,0.05,1,0,68
4733,5,0,0,2,1,-4.5,0.05,1,0,68
4734,5,0,0,4,1,-3.9,0.05,1,0,68
4735,5,0,0,4,1,-4.0,0.05,1,0,68
4736,5,0,0,4,1,-3.8,0.05,1,0,68
4737,5,0,0,2,1,-4.5,0.05,1,0,68
4738,5,0,0,4,1,-4.0,0.05,1,0,68
4739,5,0,0,1,1,-4.9,0.05,1,0,68
4740,5,0,0,4,1,-4.0,0.05,1,0,68
4741,5,0,0,3,1,-4.3,0.05,1,0,68
4742,5,0,0,3,1,-4.3,0.05,1,0,68
4743,5,0,0,3,1,-4.15,0.05,1,0,68
4744,5,0,0,2,1,-4.55,0.05,1,0,68
4745,5,0,0,2,1,-4.55,0.05,1,0,68
4746,5,0,0,3,1,-4.3,0.05,1,0,68
4747,5,0,0,3,1,-4.25,0.05,1,0,68
4748,5,0,0,2,1,-4.5,0.05,1,0,68
4749,5,0,0,3,1,-4.3,0.05,1,0,68
4750,5,0,0,4,1,-4.0,0.05,1,0,68
4751,5,0,0,3,1,-4.25,0.05,1,0,68
4752,5,0,0,4,1,-4.0,0.05,1,0,68
4753,5,0,0,2,1,-4.55,0.05,1,0,68
4754,5,0,0,4,1,-3.9,0.05,1,0,68
4755,5,0,0,2,1,-4.45,0.05,1,0,68
4756,5,0,0,4,1,-3.9,0.05,1,0,68
4757,5,0,0,4,1,-4.0,0.05,1,0,68
4758,5,0,0,4,1,-4.0,0.05,1,0,68
4759,5,0,0,3,1,-4.3,0.05,1,0,68
4760,5,0,0,4,1,-4.0,0.05,1,0,68
4761,5,0,0,4,1,-4.0,0.05,1,0,68
4762,5,0,0,3,1,-4.3,0.05,1,0,68
4763,5,0,0,3,1,-4.75,0.05,1,0,68
4764,5,0,0,3,1,-4.3,0.05,1,0,68
4765,5,0,0,3,1,-4.25,0.05,1,0,68
4766,5,0,0,3,1,-4.15,0.05,1,0,68
4767,5,0,0,3,1,-4.25,0.05,1,0,68
4768,5,0,0,3,1,-4.75,0.05,1,0,68
4769,5,0,0,3,1,-4.3,0.05,1,0,68
4770,5,0,0,3,1,-4.3,0.05,1,0,68
4771,5,0,0,3,1,-4.3,0.05,1,0,68
4772,5,0,0,3,1,-4.3,0.05,1,0,68
4773,5,0,0,4,1,-4.0,0.05,1,0,68
4774,5,0,0,3,1,-4.3,0.05,1,0,68
4775,5,0,0,3,1,-4.25,0.05,1,0,68
4776,5,0,0,3,1,-4.25,0.05,1,0,68
4777,5,0,0,4,1,-4.0,0.05,1,0,68
4778,6,0,0,3,1,-4.36,0.05,1,0,68
4779,5,0,0,3,1,-4.75,0.05,1,0,68
4780,5,0,0,3,1,-4.3,0.05,1,0,68
4781,5,0,0,1,1,-4.85,0.05,1,0,68
4782,5,0,0,4,1,-4.0,0.05,1,0,68
4783,5,0,0,1,1,-4.9,0.05,1,0,68
4784,5,0,0,3,1,-4.3,0.05,1,0,68
4785,5,0,0,2,1,-5.0,0.05,1,0,68
4786,5,0,0,3,1,-4.2,0.05,1,0,68
4787,5,0,0,3,1,-4.3,0.05,1,0,68
4788,5,0,0,3,1,-4.3,0.05,1,0,68
4789,5,0,0,2,1,-4.55,0.05,1,0,68
4790,5,0,0,3,1,-4.3,0.05,1,0,68
4791,5,0,0,1,1,-4.85,0.05,1,0,68
4792,5,0,0,4,1,-4.0,0.05,1,0,68
4793,5,0,0,4,1,-4.0,0.05,1,0,68
4794,5,0,0,4,1,-4.0,0.05,1,0,68
4795,5,0,0,3,1,-4.15,0.05,1,0,68
4796,5,0,0,4,1,-4.0,0.05,1,0,68
4797,5,0,0,3,1,-4.2,0.05,1,0,68
4798,5,0,0,2,1,-4.55,0.05,1,0,68
4799,5,0,0,3,1,-4.3,0.05,1,0,68
4800,5,0,0,4,1,-3.9,0.05,1,0,68
4801,5,0,0,3,1,-4.3,0.05,1,0,68
4802,5,0,0,4,1,-3.9,0.05,1,0,68
4803,5,0,0,2,1,-5.0,0.05,1,0,68
4804,5,0,0,4,1,-4.0,0.05,1,0,68
4805,5,0,0,4,1,-4.0,0.05,1,0,68
4806,5,0,0,2,1,-4.45,0.05,1,0,68
4807,5,0,0,2,1,-4.55,0.05,1,0,68
4808,5,0,0,2,1,-4.5,0.05,1,0,68
4809,5,0,0,3,1,-4.3,0.05,1,0,68
4810,5,0,0,3,1,-4.3,0.05,1,0,68
4811,5,0,0,4,1,-4.45,0.05,1,0,68
4812,5,0,0,3,1,-4.2,0.05,1,0,68
4813,5,0,0,1,1,-4.9,0.05,1,0,68
4814,5,0,0,3,1,-4.25,0.05,1,0,68
4815,5,0,0,4,1,-4.0,0.05,1,0,68
4816,5,0,0,4,1,-3.9,0.05,1,0,68
4817,5,0,0,3,1,-4.3,0.05,1,0,68
4818,5,0,0,3,1,-4.25,0.05,1,0,68
4819,5,0,0,2,1,-4.6,0.05,1,0,68
4820,5,0,0,3,1,-4.25,0.05,1,0,68
4821,5,0,0,4,1,-4.0,0.05,1,0,68
4822,5,0,0,4,1,-4.0,0.05,1,0,68
4823,5,0,0,4,1,-3.9,0.05,1,0,68
4824,5,0,0,3,1,-4.3,0.05,1,0,68
4825,5,0,0,3,1,-4.3,0.05,1,0,68
4826,5,0,0,2,1,-4.55,0.05,1,0,68
4827,5,0,0,3,1,-4.3,0.05,1,0,68
4828,5,0,0,4,1,-4.0,0.05,1,0,68
4829,5,0,0,1,1,-4.85,0.05,1,0,68
4830,5,0,0,4,1,-3.9,0.05,1,0,68
4831,5,0,0,1,1,-4.85,0.05,1,0,68
4832,5,0,0,3,1,-4.25,0.05,1,0,68
4833,5,0,0,2,1,-4.35,0.05,1,0,68
4834,5,0,0,3,1,-4.3,0.05,1,0,68
4835,5,0,0,2,1,-4.6,0.05,1,0,68
4836,5,0,0,3,1,-4.3,0.05,1,0,68
4837,5,0,0,3,1,-4.25,0.05,1,0,68
4838,5,0,0,3,1,-4.3,0.05,1,0,68
4839,5,0,0,1,1,-5.35,0.05,1,0,68
4840,5,0,0,2,1,-4.5,0.05,1,0,68
4841,5,0,0,2,1,-4.5,0.05,1,0,68
4842,5,0,0,2,1,-4.6,0.05,1,0,68
4843,5,0,0,3,1,-4.25,0.05,1,0,68
4844,5,0,0,3,1,-4.3,0.05,1,0,68
4845,5,0,0,3,1,-4.3,0.05,1,0,68
4846,5,0,0,1,1,-4.85,0.05,1,0,68
4847,5,0,0,3,1,-4.3,0.05,1,0,68
4848,5,0,0,1,1,-4.85,0.05,1,0,68
4849,5,0,0,3,1,-4.25,0.05,1,0,68
4850,5,0,0,3,1,-4.3,0.05,1,0,68
4851,5,0,0,2,1,-4.45,0.05,1,0,68
4852,5,0,0,3,1,-4.2,0.05,1,0,68
4853,5,0,0,2,1,-4.55,0.05,1,0,68
4854,5,0,0,2,1,-4.6,0.05,1,0,68
4855,5,0,0,4,1,-4.0,0.05,1,0,68
4856,5,0,0,3,1,-4.3,0.05,1,0,68
4857,5,0,0,2,1,-4.5,0.05,1,0,68
4858,5,0,0,3,1,-4.3,0.05,1,0,68
4859,5,0,0,1,1,-4.9,0.05,1,0,68
4860,8,0,0,2,1,-5.03,0.05,1,0,68
4861,5,0,0,1,1,-4.75,0.05,1,0,68
4862,5,0,0,4,1,-4.0,0.05,1,0,68
4863,5,0,0,4,1,-4.45,0.05,1,0,68
4864,5,0,0,2,1,-4.55,0.05,1,0,68
4865,5,0,0,2,1,-4.6,0.05,1,0,68
4866,5,0,0,4,1,-4.0,0.05,1,0,68
4867,5,0,0,2,1,-4.6,0.05,1,0,68
4868,5,0,0,3,1,-4.65,0.05,1,0,68
4869,5,0,0,3,1,-4.25,0.05,1,0,68
4870,5,0,0,3,1,-4.3,0.05,1,0,68
4871,5,0,0,2,1,-4.6,0.05,1,0,68
4872,5,0,0,2,1,-4.6,0.05,1,0,68
4873,5,0,0,2,1,-4.6,0.05,1,0,68
4874,5,0,0,3,1,-4.3,0.05,1,0,68
4875,5,0,0,2,1,-4.55,0.05,1,0,68
4876,5,0,0,3,1,-4.15,0.05,1,0,68
4877,5,0,0,3,1,-4.3,0.05,1,0,68
4878,5,0,0,3,1,-4.3,0.05,1,0,68
4879,5,0,0,1,1,-4.85,0.05,1,0,68
4880,5,0,0,2,1,-4.6,0.05,1,0,68
4881,5,0,0,3,1,-4.2,0.05,1,0,68
4882,5,0,0,3,1,-4.3,0.05,1,0,68
4883,5,0,0,3,1,-4.3,0.05,1,0,68
4884,5,0,0,4,1,-4.0,0.05,1,0,68
4885,5,0,0,4,1,-3.9,0.05,1,0,68
4886,5,0,0,2,1,-4.6,0.05,1,0,68
4887,5,0,0,4,1,-4.0,0.05,1,0,68
4888,5,0,0,1,1,-4.85,0.05,1,0,68
4889,5,0,0,3,1,-4.3,0.05,1,0,68
4890,5,0,0,3,1,-4.3,0.05,1,0,68
4891,5,0,0,2,1,-4.6,0.05,1,0,68
4892,5,0,0,3,1,-4.3,0.05,1,0,68
4893,5,0,0,2,1,-4.6,0.05,1,0,68
4894,5,0,0,3,1,-4.25,0.05,1,0,68
4895,5,0,0,4,1,-4.45,0.05,1,0,68
4896,5,0,0,4,1,-4.0,0.05,1,0,68
4897,5,0,0,3,1,-4.3,0.05,1,0,68
4898,5,0,0,3,1,-4.75,0.05,1,0,68
4899,5,0,0,4,1,-4.0,0.05,1,0,68
4900,5,0,0,4,1,-4.0,0.05,1,0,68
4901,5,0,0,4,1,-4.0,0.05,1,0,68
4902,5,0,0,3,1,-4.3,0.05,1,0,68
4903,5,0,0,4,1,-4.45,0.05,1,0,68
4904,5,0,0,4,1,-4.0,0.05,1,0,68
4905,5,0,0,3,1,-4.25,0.05,1,0,68
4906,5,0,0,4,1,-4.35,0.05,1,0,68
4907,5,0,0,3,1,-4.3,0.05,1,0,68
4908,5,0,0,4,1,-4.45,0.05,1,0,68
4909,6,0,0,4,1,-4.06,0.05,1,0,68
4910,5,0,0,4,1,-4.0,0.05,1,0,68
4911,5,0,0,1,1,-4.85,0.05,1,0,68
4912,5,0,0,3,1,-4.2,0.05,1,0,68
4913,5,0,0,3,1,-4.2,0.05,1,0,68
4914,5,0,0,2,1,-4.55,0.05,1,0,68
4915,5,0,0,4,1,-4.0,0.05,1,0,68
4916,7,0,0,2,1,-5.02,0.05,1,0,68
4917,5,0,0,4,1,-4.0,0.05,1,0,68
4918,5,0,0,2,1,-4.5,0.05,1,0,68
4919,5,0,0,4,1,-3.9,0.05,1,0,68
4920,5,0,0,3,1,-4.3,0.05,1,0,68
4921,5,0,0,3,1,-4.2,0.05,1,0,68
4922,5,0,0,3,1,-4.3,0.05,1,0,68
4923,5,0,0,1,1,-5.75,0.05,1,0,68
4924,5,0,0,2,1,-4.45,0.05,1,0,68
4925,5,0,0,4,1,-4.0,0.05,1,0,68
4926,5,0,0,3,1,-4.3,0.05,1,0,68
4927,5,0,0,3,1,-4.3,0.05,1,0,68
4928,5,0,0,4,1,-4.0,0.05,1,0,68
4929,5,0,0,3,1,-4.75,0.05,1,0,68
4930,5,0,0,3,1,-5.2,0.05,1,0,68
4931,5,0,0,3,1,-4.3,0.05,1,0,68
4932,5,0,0,2,1,-4.45,0.05,1,0,68
4933,5,0,0,3,1,-4.2,0.05,1,0,68
4934,5,0,0,3,1,-4.3,0.05,1,0,68
4935,5,0,0,3,1,-4.75,0.05,1,0,68
4936,5,0,0,3,1,-4.25,0.05,1,0,68
4937,5,0,0,3,1,-4.3,0.05,1,0,68
4938,5,0,0,3,1,-4.3,0.05,1,0,68
4939,5,0,0,4,1,-4.0,0.05,1,0,68
4940,5,0,0,2,1,-4.55,0.05,1,0,68
4941,5,0,0,3,1,-4.25,0.05,1,0,68
4942,5,0,0,2,1,-4.55,0.05,1,0,68
4943,5,0,0,3,1,-4.25,0.05,1,0,68
4944,5,0,0,3,1,-4.25,0.05,1,0,68
4945,5,0,0,3,1,-4.25,0.05,1,0,68
4946,7,0,0,4,1,-4.47,0.05,1,0,68
4947,5,0,0,3,1,-4.25,0.05,1,0,68
4948,5,0,0,4,1,-4.0,0.05,1,0,68
4949,5,0,0,2,1,-5.05,0.05,1,0,68
4950,5,0,0,4,1,-3.9,0.05,1,0,68
4951,5,0,0,3,1,-4.75,0.05,1,0,68
4952,5,0,0,3,1,-4.25,0.05,1,0,68
4953,5,0,0,3,1,-4.3,0.05,1,0,68
4954,5,0,0,2,1,-4.55,0.05,1,0,68
4955,5,0,0,4,1,-4.0,0.05,1,0,68
4956,5,0,0,3,1,-4.3,0.05,1,0,68
4957,5,0,0,4,1,-4.0,0.05,1,0,68
4958,5,0,0,2,1,-4.55,0.05,1,0,68
4959,5,0,0,3,1,-4.25,0.05,1,0,68
4960,5,0,0,4,1,-4.35,0.05,1,0,68
4961,5,0,0,3,1,-4.2,0.05,1,0,68
4962,5,0,0,4,1,-4.0,0.05,1,0,68
4963,5,0,0,4,1,-4.35,0.05,1,0,68
4964,5,0,0,4,1,-3.9,0.05,1,0,68
4965,5,0,0,3,1,-4.3,0.05,1,0,68
4966,5,0,0,3,1,-4.3,0.05,1,0,68
4967,5,0,0,4,1,-3.9,0.05,1,0,68
4968,5,0,0,2,1,-4.55,0.05,1,0,68
4969,5,0,0,3,1,-4.25,0.05,1,0,68
4970,5,0,0,4,1,-4.0,0.05,1,0,68
4971,5,0,0,3,1,-4.3,0.05,1,0,68
4972,5,0,0,3,1,-4.2,0.05,1,0,68
4973,5,0,0,3,1,-4.3,0.05,1,0,68
4974,5,0,0,2,1,-5.0,0.05,1,0,68
4975,5,0,0,1,1,-4.85,0.05,1,0,68
4976,5,0,0,3,1,-4.2,0.05,1,0,68
4977,5,0,0,4,1,-4.0,0.05,1,0,68
4978,5,0,0,4,1,-4.0,0.05,1,0,68
4979,5,0,0,4,1,-4.0,0.05,1,0,68
4980,5,0,0,2,1,-4.55,0.05,1,0,68
4981,5,0,0,3,1,-4.3,0.05,1,0,68
4982,5,0,0,3,1,-4.25,0.05,1,0,68
4983,5,0,0,3,1,-4.3,0.05,1,0,68
4984,5,0,0,3,1,-4.3,0.05,1,0,68
4985,5,0,0,4,1,-3.9,0.05,1,0,68
4986,5,0,0,3,1,-4.2,0.05,1,0,68
4987,5,0,0,2,1,-4.6,0.05,1,0,68
4988,5,0,0,4,1,-4.0,0.05,1,0,68
4989,5,0,0,4,1,-4.0,0.05,1,0,68
4990,5,0,0,4,1,-4.0,0.05,1,0,68
4991,5,0,0,2,1,-4.55,0.05,1,0,68
4992,5,0,0,3,1,-4.25,0.05,1,0,68
4993,5,0,0,2,1,-4.55,0.05,1,0,68
4994,5,0,0,3,1,-4.75,0.05,1,0,68
4995,5,0,0,4,1,-4.0,0.05,1,0,68
4996,5,0,0,3,1,-4.7,0.05,1,0,68
4997,5,0,0,4,1,-4.0,0.05,1,0,68
4998,5,0,0,3,1,-4.25,0.05,1,0,68
4999,5,0,0,3,1,-4.2,0.05,1,0,68
5000,5,0,0,1,1,-4.85,0.05,1,0,68
5001,5,0,0,2,1,-4.5,0.05,1,0,68
5002,5,0,0,4,1,-4.0,0.05,1,0,68
5003,5,0,0,3,1,-4.75,0.05,1,0,68
5004,5,0,0,2,1,-4.6,0.05,1,0,68
5005,5,0,0,4,1,-4.45,0.05,1,0,68
5006,5,0,0,1,1,-4.85,0.05,1,0,68
5007,5,0,0,4,1,-3.9,0.05,1,0,68
5008,7,0,0,3,1,-4.22,0.05,1,0,68
5009,5,0,0,2,1,-4.6,0.05,1,0,68
5010,5,0,0,3,1,-4.3,0.05,1,0,68
5011,5,0,0,3,1,-4.3,0.05,1,0,68
5012,5,0,0,3,1,-4.75,0.05,1,0,68
5013,5,0,0,2,1,-4.6,0.05,1,0,68
5014,5,0,0,4,1,-4.0,0.05,1,0,68
5015,5,0,0,4,1,-4.0,0.05,1,0,68
5016,5,0,0,4,1,-3.9,0.05,1,0,68
5017,5,0,0,2,1,-4.6,0.05,1,0,68
5018,5,0,0,4,1,-4.0,0.05,1,0,68
5019,5,0,0,3,1,-4.3,0.05,1,0,68
5020,5,0,0,3,1,-4.3,0.05,1,0,68
5021,5,0,0,3,1,-4.3,0.05,1,0,68
5022,5,0,0,3,1,-4.3,0.05,1,0,68
5023,5,0,0,2,1,-4.6,0.05,1,0,68
5024,5,0,0,4,1,-4.0,0.05,1,0,68
5025,5,0,0,4,1,-4.0,0.05,1,0,68
5026,5,0,0,4,1,-4.0,0.05,1,0,68
5027,5,0,0,4,1,-3.9,0.05,1,0,68
5028,5,0,0,2,1,-4.6,0.05,1,0,68
5029,7,0,0,2,1,-4.62,0.05,1,0,68
5030,5,0,0,3,1,-4.3,0.05,1,0,68
5031,5,0,0,4,1,-4.0,0.05,1,0,68
5032,7,0,0,1,1,-4.92,0.05,1,0,68
5033,5,0,0,4,1,-4.35,0.05,1,0,68
5034,5,0,0,4,1,-3.9,0.05,1,0,68
5035,5,0,0,3,1,-4.75,0.05,1,0,68
5036,5,0,0,4,1,-4.0,0.05,1,0,68
5037,5,0,0,3,1,-4.3,0.05,1,0,68
5038,5,0,0,4,1,-4.0,0.05,1,0,68
5039,5,0,0,3,1,-4.3,0.05,1,0,68
5040,5,0,0,3,1,-4.3,0.05,1,0,68
5041,5,0,0,2,1,-4.6,0.05,1,0,68
5042,5,0,0,2,1,-5.0,0.05,1,0,68
5043,5,0,0,2,1,-5.0,0.05,1,0,68
5044,5,0,0,4,1,-4.0,0.05,1,0,68
5045,5,0,0,4,1,-4.0,0.05,1,0,68
5046,5,0,0,3,1,-4.3,0.05,1,0,68
5047,5,0,0,3,1,-4.3,0.05,1,0,68
5048,5,0,0,3,1,-4.2,0.05,1,0,68
5049,5,0,0,4,1,-3.9,0.05,1,0,68
5050,5,0,0,3,1,-4.3,0.05,1,0,68
5051,5,0,0,3,1,-4.3,0.05,1,0,68
5052,5,0,0,3,1,-4.3,0.05,1,0,68
5053,5,0,0,3,1,-4.3,0.05,1,0,68
5054,5,0,0,3,1,-4.2,0.05,1,0,68
5055,5,0,0,4,1,-4.0,0.05,1,0,68
5056,5,0,0,3,1,-4.3,0.05,1,0,68
5057,5,0,0,3,1,-4.3,0.05,1,0,68
5058,5,0,0,3,1,-4.3,0.05,1,0,68
5059,5,0,0,4,1,-4.0,0.05,1,0,68
5060,5,0,0,2,1,-4.6,0.05,1,0,68
5061,5,0,0,3,1,-4.2,0.05,1,0,68
5062,5,0,0,4,1,-4.0,0.05,1,0,68
5063,5,0,0,4,1,-4.0,0.05,1,0,68
5064,5,0,0,2,1,-5.05,0.05,1,0,68
5065,7,0,0,4,1,-4.02,0.05,1,0,68
5066,5,0,0,4,1,-4.0,0.05,1,0,68
5067,5,0,0,4,1,-4.0,0.05,1,0,68
5068,5,0,0,3,1,-4.75,0.05,1,0,68
5069,5,0,0,2,1,-4.6,0.05,1,0,68
5070,5,0,0,4,1,-4.45,0.05,1,0,68
5071,5,0,0,3,1,-4.65,0.05,1,0,68
5072,5,0,0,3,1,-4.3,0.05,1,0,68
5073,5,0,0,3,1,-4.3,0.05,1,0,68
5074,5,0,0,4,1,-3.9,0.05,1,0,68
5075,5,0,0,4,1,-4.0,0.05,1,0,68
5076,5,0,0,3,1,-4.3,0.05,1,0,68
5077,5,0,0,4,1,-4.0,0.05,1,0,68
5078,5,0,0,3,1,-4.3,0.05,1,0,68
5079,6,0,0,4,1,-3.96,0.05,1,0,68
5080,5,0,0,4,1,-4.0,0.05,1,0,68
5081,6,0,0,3,1,-4.81,0.05,1,0,68
5082,5,0,0,3,1,-4.3,0.05,1,0,68
5083,5,0,0,3,1,-4.3,0.05,1,0,68
5084,5,0,0,4,1,-4.0,0.05,1,0,68
5085,5,0,0,3,1,-4.25,0.05,1,0,68
5086,5,0,0,2,1,-4.55,0.05,1,0,68
5087,5,0,0,3,1,-4.2,0.05,1,0,68
5088,5,0,0,1,1,-4.9,0.05,1,0,68
5089,5,0,0,2,1,-4.45,0.05,1,0,68
5090,5,0,0,3,1,-4.3,0.05,1,0,68
5091,5,0,0,4,1,-4.0,0.05,1,0,68
5092,5,0,0,2,1,-4.55,0.05,1,0,68
5093,5,0,0,3,1,-4.3,0.05,1,0,68
5094,5,0,0,2,1,-4.6,0.05,1,0,68
5095,5,0,0,3,1,-4.3,0.05,1,0,68
5096,5,0,0,2,1,-4.6,0.05,1,0,68
5097,5,0,0,3,1,-4.3,0.05,1,0,68
5098,5,0,0,1,1,-4.85,0.05,1,0,68
5099,7,0,0,4,1,-4.02,0.05,1,0,68
5100,5,0,0,3,1,-4.3,0.05,1,0,68
5101,7,0,0,4,1,-4.92,0.05,1,0,68
5102,5,0,0,2,1,-4.5,0.05,1,0,68
5103,5,0,0,4,1,-4.0,0.05,1,0,68
5104,5,0,0,3,1,-4.3,0.05,1,0,68
5105,5,0,0,2,1,-5.0,0.05,1,0,68
5106,5,0,0,3,1,-4.3,0.05,1,0,68
5107,5,0,0,3,1,-4.3,0.05,1,0,68
5108,5,0,0,1,1,-4.85,0.05,1,0,68
5109,5,0,0,4,1,-4.0,0.05,1,0,68
5110,5,0,0,3,1,-4.15,0.05,1,0,68
5111,6,0,0,3,1,-4.81,0.05,1,0,68
5112,5,0,0,3,1,-4.3,0.05,1,0,68
5113,5,0,0,3,1,-4.75,0.05,1,0,68
5114,5,0,0,4,1,-4.0,0.05,1,0,68
5115,5,0,0,4,1,-3.8,0.05,1,0,68
5116,5,0,0,3,1,-4.25,0.05,1,0,68
5117,5,0,0,3,1,-4.75,0.05,1,0,68
5118,5,0,0,3,1,-4.3,0.05,1,0,68
5119,5,0,0,4,1,-4.0,0.05,1,0,68
5120,5,0,0,4,1,-4.0,0.05,1,0,68
5121,5,0,0,2,1,-5.0,0.05,1,0,68
5122,5,0,0,3,1,-4.25,0.05,1,0,68
5123,5,0,0,4,1,-3.9,0.05,1,0,68
5124,5,0,0,3,1,-4.2,0.05,1,0,68
5125,5,0,0,3,1,-4.3,0.05,1,0,68
5126,5,0,0,3,1,-4.25,0.05,1,0,68
5127,5,0,0,3,1,-4.25,0.05,1,0,68
5128,5,0,0,4,1,-3.9,0.05,1,0,68
5129,5,0,0,4,1,-4.0,0.05,1,0,68
5130,5,0,0,4,1,-4.0,0.05,1,0,68
5131,5,0,0,1,1,-4.85,0.05,1,0,68
5132,5,0,0,1,1,-4.85,0.05,1,0,68
5133,5,0,0,2,1,-4.9,0.05,1,0,68
5134,5,0,0,4,1,-4.0,0.05,1,0,68
5135,5,0,0,3,1,-4.25,0.05,1,0,68
5136,6,0,0,3,1,-4.81,0.05,1,0,68
5137,5,0,0,2,1,-4.55,0.05,1,0,68
5138,5,0,0,3,1,-4.15,0.05,1,0,68
5139,5,0,0,3,1,-4.3,0.05,1,0,68
5140,5,0,0,1,1,-4.85,0.05,1,0,68
5141,5,0,0,3,1,-4.3,0.05,1,0,68
5142,5,0,0,4,1,-3.9,0.05,1,0,68
5143,5,0,0,3,1,-4.3,0.05,1,0,68
5144,5,0,0,1,1,-4.85,0.05,1,0,68
5145,5,0,0,4,1,-4.0,0.05,1,0,68
5146,5,0,0,2,1,-4.95,0.05,1,0,68
5147,5,0,0,2,1,-4.55,0.05,1,0,68
5148,5,0,0,2,1,-4.45,0.05,1,0,68
5149,6,0,0,4,1,-4.86,0.05,1,0,68
5150,5,0,0,3,1,-4.3,0.05,1,0,68
5151,5,0,0,1,1,-4.9,0.05,1,0,68
5152,5,0,0,4,1,-4.0,0.05,1,0,68
5153,5,0,0,4,1,-4.45,0.05,1,0,68
5154,5,0,0,3,1,-4.25,0.05,1,0,68
5155,5,0,0,3,1,-4.25,0.05,1,0,68
5156,5,0,0,3,1,-4.3,0.05,1,0,68
5157,5,0,0,3,1,-4.3,0.05,1,0,68
5158,5,0,0,3,1,-4.25,0.05,1,0,68
5159,5,0,0,4,1,-4.0,0.05,1,0,68
5160,5,0,0,4,1,-4.0,0.05,1,0,68
5161,5,0,0,4,1,-4.0,0.05,1,0,68
5162,7,0,0,3,1,-4.27,0.05,1,0,68
5163,5,0,0,4,1,-4.0,0.05,1,0,68
5164,6,0,0,4,1,-4.51,0.05,1,0,68
5165,5,0,0,3,1,-4.75,0.05,1,0,68
5166,5,0,0,4,1,-4.0,0.05,1,0,68
5167,5,0,0,2,1,-4.55,0.05,1,0,68
5168,5,0,0,4,1,-4.0,0.05,1,0,68
5169,5,0,0,2,1,-4.55,0.05,1,0,68
5170,5,0,0,3,1,-4.2,0.05,1,0,68
5171,5,0,0,3,1,-4.25,0.05,1,0,68
5172,5,0,0,3,1,-4.25,0.05,1,0,68
5173,5,0,0,3,1,-4.2,0.05,1,0,68
5174,5,0,0,4,1,-4.0,0.05,1,0,68
5175,5,0,0,3,1,-4.2,0.05,1,0,68
5176,5,0,0,4,1,-3.9,0.05,1,0,68
5177,5,0,0,4,1,-4.0,0.05,1,0,68
5178,5,0,0,3,1,-4.7,0.05,1,0,68
5179,5,0,0,2,1,-4.55,0.05,1,0,68
5180,5,0,0,2,1,-5.0,0.05,1,0,68
5181,5,0,0,2,1,-4.55,0.05,1,0,68
5182,5,0,0,3,1,-4.3,0.05,1,0,68
5183,5,0,0,2,1,-4.6,0.05,1,0,68
5184,5,0,0,4,1,-4.0,0.05,1,0,68
5185,5,0,0,1,1,-4.85,0.05,1,0,68
5186,5,0,0,3,1,-4.2,0.05,1,0,68
5187,5,0,0,3,1,-4.25,0.05,1,0,68
5188,5,0,0,3,1,-4.25,0.05,1,0,68
5189,5,0,0,4,1,-4.0,0.05,1,0,68
5190,5,0,0,4,1,-4.0,0.05,1,0,68
5191,6,0,0,2,1,-5.06,0.05,1,0,68
5192,5,0,0,4,1,-4.0,0.05,1,0,68
5193,7,0,0,4,1,-4.02,0.05,1,0,68
5194,5,0,0,3,1,-4.3,0.05,1,0,68
5195,5,0,0,2,1,-4.9,0.05,1,0,68
5196,5,0,0,3,1,-4.3,0.05,1,0,68
5197,5,0,0,4,1,-4.0,0.05,1,0,68
5198,5,0,0,4,1,-4.0,0.05,1,0,68
5199,5,0,0,3,1,-4.75,0.05,1,0,68
5200,5,0,0,3,1,-4.25,0.05,1,0,68
5201,5,0,0,4,1,-4.0,0.05,1,0,68
5202,5,0,0,3,1,-4.3,0.05,1,0,68
5203,5,0,0,3,1,-4.25,0.05,1,0,68
5204,5,0,0,2,1,-4.55,0.05,1,0,68
5205,5,0,0,3,1,-4.3,0.05,1,0,68
5206,5,0,0,3,1,-4.3,0.05,1,0,68
5207,5,0,0,2,1,-4.55,0.05,1,0,68
5208,5,0,0,4,1,-3.9,0.05,1,0,68
5209,5,0,0,3,1,-4.3,0.05,1,0,68
5210,5,0,0,2,1,-4.45,0.05,1,0,68
5211,5,0,0,4,1,-4.0,0.05,1,0,68
5212,5,0,0,4,1,-3.8,0.05,1,0,68
5213,5,0,0,2,1,-4.55,0.05,1,0,68
5214,5,0,0,2,1,-4.55,0.05,1,0,68
5215,5,0,0,4,1,-4.45,0.05,1,0,68
5216,5,0,0,2,1,-4.45,0.05,1,0,68
5217,5,0,0,3,1,-4.15,0.05,1,0,68
5218,5,0,0,4,1,-4.0,0.05,1,0,68
5219,5,0,0,3,1,-4.3,0.05,1,0,68
5220,5,0,0,2,1,-4.55,0.05,1,0,68
5221,5,0,0,4,1,-3.9,0.05,1,0,68
5222,5,0,0,3,1,-4.65,0.05,1,0,68
5223,5,0,0,3,1,-4.3,0.05,1,0,68
5224,5,0,0,3,1,-4.3,0.05,1,0,68
5225,5,0,0,4,1,-4.45,0.05,1,0,68
5226,5,0,0,3,1,-4.25,0.05,1,0,68
5227,5,0,0,4,1,-4.0,0.05,1,0,68
5228,5,0,0,1,1,-4.85,0.05,1,0,68
5229,5,0,0,3,1,-4.15,0.05,1,0,68
5230,5,0,0,2,1,-5.0,0.05,1,0,68
5231,5,0,0,4,1,-4.0,0.05,1,0,68
5232,5,0,0,2,1,-4.55,0.05,1,0,68
5233,5,0,0,2,1,-4.55,0.05,1,0,68
5234,5,0,0,2,1,-4.55,0.05,1,0,68
5235,5,0,0,4,1,-4.0,0.05,1,0,68
5236,5,0,0,3,1,-4.75,0.05,1,0,68
5237,5,0,0,3,1,-4.75,0.05,1,0,68
5238,5,0,0,4,1,-4.0,0.05,1,0,68
5239,5,0,0,4,1,-4.0,0.05,1,0,68
5240,5,0,0,2,1,-4.6,0.05,1,0,68
5241,5,0,0,2,1,-5.05,0.05,1,0,68
5242,5,0,0,3,1,-4.25,0.05,1,0,68
5243,5,0,0,4,1,-4.45,0.05,1,0,68
5244,5,0,0,2,1,-5.0,0.05,1,0,68
5245,5,0,0,3,1,-4.3,0.05,1,0,68
5246,5,0,0,3,1,-4.25,0.05,1,0,68
5247,5,0,0,4,1,-4.0,0.05,1,0,68
5248,5,0,0,4,1,-3.9,0.05,1,0,68
5249,5,0,0,3,1,-4.2,0.05,1,0,68
5250,5,0,0,4,1,-4.0,0.05,1,0,68
5251,5,0,0,4,1,-4.0,0.05,1,0,68
5252,5,0,0,3,1,-4.25,0.05,1,0,68
5253,5,0,0,3,1,-4.3,0.05,1,0,68
5254,5,0,0,2,1,-4.6,0.05,1,0,68
5255,5,0,0,3,1,-4.15,0.05,1,0,68
5256,5,0,0,2,1,-4.55,0.05,1,0,68
5257,5,0,0,3,1,-4.25,0.05,1,0,68
5258,5,0,0,4,1,-4.0,0.05,1,0,68
5259,5,0,0,2,1,-4.45,0.05,1,0,68
5260,5,0,0,2,1,-4.5,0.05,1,0,68
5261,5,0,0,3,1,-4.3,0.05,1,0,68
5262,5,0,0,3,1,-4.25,0.05,1,0,68
5263,5,0,0,3,1,-4.75,0.05,1,0,68
5264,5,0,0,4,1,-4.0,0.05,1,0,68
5265,5,0,0,3,1,-4.3,0.05,1,0,68
5266,5,0,0,3,1,-4.3,0.05,1,0,68
5267,5,0,0,1,1,-4.85,0.05,1,0,68
5268,5,0,0,3,1,-4.2,0.05,1,0,68
5269,5,0,0,2,1,-4.55,0.05,1,0,68
5270,5,0,0,4,1,-4.0,0.05,1,0,68
5271,5,0,0,3,1,-4.3,0.05,1,0,68
5272,5,0,0,4,1,-4.0,0.05,1,0,68
5273,5,0,0,3,1,-4.3,0.05,1,0,68
5274,5,0,0,3,1,-4.3,0.05,1,0,68
5275,5,0,0,3,1,-4.7,0.05,1,0,68
5276,5,0,0,2,1,-4.55,0.05,1,0,68
5277,5,0,0,4,1,-3.9,0.05,1,0,68
5278,6,0,0,4,1,-4.51,0.05,1,0,68
5279,5,0,0,3,1,-4.25,0.05,1,0,68
5280,5,0,0,2,1,-4.6,0.05,1,0,68
5281,5,0,0,3,1,-4.75,0.05,1,0,68
5282,5,0,0,4,1,-4.0,0.05,1,0,68
5283,5,0,0,2,1,-4.55,0.05,1,0,68
5284,5,0,0,4,1,-4.0,0.05,1,0,68
5285,5,0,0,3,1,-4.25,0.05,1,0,68
5286,5,0,0,3,1,-4.75,0.05,1,0,68
5287,6,0,0,3,1,-4.71,0.05,1,0,68
5288,5,0,0,3,1,-4.2,0.05,1,0,68
5289,5,0,0,2,1,-4.55,0.05,1,0,68
5290,5,0,0,2,1,-4.55,0.05,1,0,68
5291,5,0,0,3,1,-4.25,0.05,1,0,68
5292,5,0,0,3,1,-4.3,0.05,1,0,68
5293,5,0,0,3,1,-4.25,0.05,1,0,68
5294,5,0,0,4,1,-4.0,0.05,1,0,68
5295,5,0,0,3,1,-4.25,0.05,1,0,68
5296,5,0,0,2,1,-5.05,0.05,1,0,68
5297,5,0,0,2,1,-4.55,0.05,1,0,68
5298,5,0,0,3,1,-4.75,0.05,1,0,68
5299,7,0,0,4,1,-3.92,0.05,1,0,68
5300,5,0,0,3,1,-4.3,0.05,1,0,68
5301,5,0,0,3,1,-4.15,0.05,1,0,68
5302,5,0,0,4,1,-4.45,0.05,1,0,68
5303,5,0,0,4,1,-4.0,0.05,1,0,68
5304,5,0,0,4,1,-3.9,0.05,1,0,68
5305,5,0,0,3,1,-4.1,0.05,1,0,68
5306,5,0,0,4,1,-4.0,0.05,1,0,68
5307,5,0,0,4,1,-4.0,0.05,1,0,68
5308,5,0,0,4,1,-3.9,0.05,1,0,68
5309,5,0,0,2,1,-4.55,0.05,1,0,68
5310,5,0,0,1,1,-4.85,0.05,1,0,68
5311,6,0,0,1,1,-5.36,0.05,1,0,68
5312,5,0,0,2,1,-4.55,0.05,1,0,68
5313,5,0,0,3,1,-4.6,0.05,1,0,68
5314,5,0,0,4,1,-4.0,0.05,1,0,68
5315,5,0,0,3,1,-4.25,0.05,1,0,68
5316,5,0,0,2,1,-4.55,0.05,1,0,68
5317,5,0,0,3,1,-4.25,0.05,1,0,68
5318,5,0,0,3,1,-4.3,0.05,1,0,68
5319,5,0,0,2,1,-4.6,0.05,1,0,68
5320,5,0,0,3,1,-4.2,0.05,1,0,68
5321,5,0,0,3,1,-4.25,0.05,1,0,68
5322,6,0,0,2,1,-4.96,0.05,1,0,68
5323,5,0,0,3,1,-4.25,0.05,1,0,68
5324,5,0,0,3,1,-4.3,0.05,1,0,68
5325,7,0,0,2,1,-4.57,0.05,1,0,68
5326,5,0,0,3,1,-4.2,0.05,1,0,68
5327,5,0,0,3,1,-4.75,0.05,1,0,68
5328,5,0,0,4,1,-3.9,0.05,1,0,68
5329,5,0,0,1,1,-4.85,0.05,1,0,68
5330,5,0,0,2,1,-4.55,0.05,1,0,68
5331,7,0,0,4,1,-4.02,0.05,1,0,68
5332,5,0,0,4,1,-4.0,0.05,1,0,68
5333,5,0,0,4,1,-3.9,0.05,1,0,68
5334,5,0,0,2,1,-5.0,0.05,1,0,68
5335,5,0,0,2,1,-4.55,0.05,1,0,68
5336,5,0,0,3,1,-4.7,0.05,1,0,68
5337,5,0,0,3,1,-4.3,0.05,1,0,68
5338,5,0,0,4,1,-3.9,0.05,1,0,68
5339,5,0,0,3,1,-4.25,0.05,1,0,68
5340,5,0,0,2,1,-5.0,0.05,1,0,68
5341,5,0,0,2,1,-4.55,0.05,1,0,68
5342,5,0,0,1,1,-4.85,0.05,1,0,68
5343,25,0,0,3,1,-5.45,0.05,1,0,68
5344,5,0,0,1,1,-4.85,0.05,1,0,68
5345,6,0,0,2,1,-5.11,0.05,1,0,68
5346,5,0,0,4,1,-3.9,0.05,1,0,68
5347,6,0,0,3,1,-4.81,0.05,1,0,68
5348,5,0,0,4,1,-4.0,0.05,1,0,68
5349,5,0,0,3,1,-4.3,0.05,1,0,68
5350,5,0,0,3,1,-4.3,0.05,1,0,68
5351,5,0,0,4,1,-4.0,0.05,1,0,68
5352,5,0,0,4,1,-3.9,0.05,1,0,68
5353,5,0,0,4,1,-4.0,0.05,1,0,68
5354,5,0,0,2,1,-4.6,0.05,1,0,68
5355,5,0,0,3,1,-4.65,0.05,1,0,68
5356,5,0,0,2,1,-5.0,0.05,1,0,68
5357,5,0,0,4,1,-4.0,0.05,1,0,68
5358,5,0,0,4,1,-4.0,0.05,1,0,68
5359,5,0,0,3,1,-4.3,0.05,1,0,68
5360,5,0,0,4,1,-4.0,0.05,1,0,68
5361,5,0,0,1,1,-5.3,0.05,1,0,68
5362,5,0,0,2,1,-4.6,0.05,1,0,68
5363,5,0,0,4,1,-4.0,0.05,1,0,68
5364,5,0,0,3,1,-4.75,0.05,1,0,68
5365,5,0,0,4,1,-4.0,0.05,1,0,68
5366,5,0,0,3,1,-4.2,0.05,1,0,68
5367,5,0,0,2,1,-4.6,0.05,1,0,68
5368,5,0,0,4,1,-3.8,0.05,1,0,68
5369,5,0,0,3,1,-4.3,0.05,1,0,68
5370,5,0,0,2,1,-4.6,0.05,1,0,68
5371,5,0,0,2,1,-5.05,0.05,1,0,68
5372,5,0,0,2,1,-4.6,0.05,1,0,68
5373,5,0,0,4,1,-4.0,0.05,1,0,68
5374,5,0,0,4,1,-3.9,0.05,1,0,68
5375,5,0,0,3,1,-4.25,0.05,1,0,68
5376,5,0,0,4,1,-4.0,0.05,1,0,68
5377,5,0,0,4,1,-3.9,0.05,1,0,68
5378,5,0,0,4,1,-3.9,0.05,1,0,68
5379,5,0,0,3,1,-4.15,0.05,1,0,68
5380,5,0,0,3,1,-4.25,0.05,1,0,68
5381,5,0,0,4,1,-4.0,0.05,1,0,68
5382,5,0,0,3,1,-4.25,0.05,1,0,68
5383,5,0,0,2,1,-4.45,0.05,1,0,68
5384,5,0,0,4,1,-3.9,0.05,1,0,68
5385,5,0,0,3,1,-4.3,0.05,1,0,68
5386,5,0,0,3,1,-4.3,0.05,1,0,68
5387,5,0,0,4,1,-4.0,0.05,1,0,68
5388,5,0,0,4,1,-4.0,0.05,1,0,68
5389,5,0,0,4,1,-4.0,0.05,1,0,68
5390,5,0,0,4,1,-4.45,0.05,1,0,68
5391,5,0,0,4,1,-4.0,0.05,1,0,68
5392,5,0,0,4,1,-4.0,0.05,1,0,68
5393,5,0,0,2,1,-5.0,0.05,1,0,68
5394,5,0,0,3,1,-5.05,0.05,1,0,68
5395,5,0,0,4,1,-3.8,0.05,1,0,68
5396,5,0,0,4,1,-4.0,0.05,1,0,68
5397,5,0,0,4,1,-4.0,0.05,1,0,68
5398,5,0,0,2,1,-5.5,0.05,1,0,68
5399,5,0,0,3,1,-4.15,0.05,1,0,68
5400,5,0,0,4,1,-3.9,0.05,1,0,68
5401,5,0,0,3,1,-4.15,0.05,1,0,68
5402,5,0,0,2,1,-4.55,0.05,1,0,68
5403,7,0,0,2,1,-4.57,0.05,1,0,68
5404,5,0,0,4,1,-4.0,0.05,1,0,68
5405,5,0,0,2,1,-4.55,0.05,1,0,68
5406,5,0,0,2,1,-4.6,0.05,1,0,68
5407,5,0,0,4,1,-4.0,0.05,1,0,68
5408,5,0,0,2,1,-4.55,0.05,1,0,68
5409,5,0,0,3,1,-4.25,0.05,1,0,68
5410,5,0,0,3,1,-4.3,0.05,1,0,68
5411,5,0,0,4,1,-3.9,0.05,1,0,68
5412,5,0,0,3,1,-4.25,0.05,1,0,68
5413,5,0,0,4,1,-4.0,0.05,1,0,68
5414,5,0,0,3,1,-4.3,0.05,1,0,68
5415,5,0,0,3,1,-4.15,0.05,1,0,68
5416,5,0,0,4,1,-4.0,0.05,1,0,68
5417,5,0,0,3,1,-4.25,0.05,1,0,68
5418,5,0,0,3,1,-4.3,0.05,1,0,68
5419,5,0,0,4,1,-4.0,0.05,1,0,68
5420,5,0,0,3,1,-4.3,0.05,1,0,68
5421,5,0,0,3,1,-4.25,0.05,1,0,68
5422,5,0,0,3,1,-4.3,0.05,1,0,68
5423,5,0,0,4,1,-4.0,0.05,1,0,68
5424,5,0,0,2,1,-4.55,0.05,1,0,68
5425,5,0,0,4,1,-3.9,0.05,1,0,68
5426,5,0,0,3,1,-4.25,0.05,1,0,68
5427,5,0,0,4,1,-4.45,0.05,1,0,68
5428,5,0,0,3,1,-4.3,0.05,1,0,68
5429,5,0,0,3,1,-4.25,0.05,1,0,68
5430,5,0,0,3,1,-4.25,0.05,1,0,68
5431,5,0,0,1,1,-4.9,0.05,1,0,68
5432,5,0,0,3,1,-5.2,0.05,1,0,68
5433,5,0,0,4,1,-4.0,0.05,1,0,68
5434,6,0,0,3,1,-4.81,0.05,1,0,68
5435,5,0,0,3,1,-4.75,0.05,1,0,68
5436,5,0,0,3,1,-4.2,0.05,1,0,68
5437,5,0,0,3,1,-4.25,0.05,1,0,68
5438,5,0,0,2,1,-4.55,0.05,1,0,68
5439,5,0,0,4,1,-4.0,0.05,1,0,68
5440,5,0,0,2,1,-4.45,0.05,1,0,68
5441,5,0,0,4,1,-4.0,0.05,1,0,68
5442,5,0,0,3,1,-4.3,0.05,1,0,68
5443,5,0,0,2,1,-4.45,0.05,1,0,68
5444,5,0,0,4,1,-4.0,0.05,1,0,68
5445,5,0,0,4,1,-3.8,0.05,1,0,68
5446,5,0,0,3,1,-4.25,0.05,1,0,68
5447,5,0,0,3,1,-4.7,0.05,1,0,68
5448,5,0,0,3,1,-4.25,0.05,1,0,68
5449,5,0,0,3,1,-4.75,0.05,1,0,68
5450,5,0,0,3,1,-4.3,0.05,1,0,68
5451,5,0,0,3,1,-4.3,0.05,1,0,68
5452,5,0,0,4,1,-4.0,0.05,1,0,68
5453,5,0,0,3,1,-4.25,0.05,1,0,68
5454,5,0,0,4,1,-3.9,0.05,1,0,68
5455,5,0,0,3,1,-4.7,0.05,1,0,68
5456,5,0,0,4,1,-3.9,0.05,1,0,68
5457,5,0,0,3,1,-4.3,0.05,1,0,68
5458,5,0,0,3,1,-4.25,0.05,1,0,68
5459,5,0,0,4,1,-4.0,0.05,1,0,68
5460,5,0,0,3,1,-4.2,0.05,1,0,68
5461,5,0,0,3,1,-4.25,0.05,1,0,68
5462,5,0,0,4,1,-3.9,0.05,1,0,68
5463,5,0,0,3,1,-4.25,0.05,1,0,68
5464,5,0,0,3,1,-4.3,0.05,1,0,68
5465,5,0,0,3,1,-4.2,0.05,1,0,68
5466,5,0,0,3,1,-4.3,0.05,1,0,68
5467,5,0,0,3,1,-4.25,0.05,1,0,68
5468,5,0,0,3,1,-4.25,0.05,1,0,68
5469,5,0,0,3,1,-4.3,0.05,1,0,68
5470,5,0,0,2,1,-4.45,0.05,1,0,68
5471,5,0,0,3,1,-4.25,0.05,1,0,68
5472,5,0,0,4,1,-3.9,0.05,1,0,68
5473,5,0,0,2,1,-4.55,0.05,1,0,68
5474,5,0,0,4,1,-3.9,0.05,1,0,68
5475,5,0,0,4,1,-3.9,0.05,1,0,68
5476,5,0,0,3,1,-4.3,0.05,1,0,68
5477,5,0,0,3,1,-4.3,0.05,1,0,68
5478,5,0,0,4,1,-4.0,0.05,1,0,68
5479,5,0,0,3,1,-4.15,0.05,1,0,68
5480,5,0,0,4,1,-4.0,0.05,1,0,68
5481,5,0,0,4,1,-4.35,0.05,1,0,68
5482,5,0,0,2,1,-4.55,0.05,1,0,68
5483,5,0,0,3,1,-4.7,0.05,1,0,68
5484,5,0,0,4,1,-4.0,0.05,1,0,68
5485,5,0,0,3,1,-4.25,0.05,1,0,68
5486,5,0,0,3,1,-4.1,0.05,1,0,68
5487,5,0,0,2,1,-4.6,0.05,1,0,68
5488,5,0,0,3,1,-4.3,0.05,1,0,68
5489,5,0,0,2,1,-4.55,0.05,1,0,68
5490,5,0,0,3,1,-4.3,0.05,1,0,68
5491,5,0,0,3,1,-4.3,0.05,1,0,68
5492,5,0,0,4,1,-4.0,0.05,1,0,68
5493,5,0,0,2,1,-4.6,0.05,1,0,68
5494,5,0,0,4,1,-4.0,0.05,1,0,68
5495,5,0,0,3,1,-4.25,0.05,1,0,68
5496,5,0,0,3,1,-4.25,0.05,1,0,68
5497,5,0,0,2,1,-4.9,0.05,1,0,68
5498,5,0,0,3,1,-4.25,0.05,1,0,68
5499,5,0,0,4,1,-4.45,0.05,1,0,68
5500,5,0,0,2,1,-4.55,0.05,1,0,68
5501,5,0,0,4,1,-4.0,0.05,1,0,68
5502,5,0,0,4,1,-3.8,0.05,1,0,68
5503,5,0,0,3,1,-4.3,0.05,1,0,68
5504,5,0,0,2,1,-4.55,0.05,1,0,68
5505,7,0,0,2,1,-4.57,0.05,1,0,68
5506,5,0,0,4,1,-4.0,0.05,1,0,68
5507,5,0,0,3,1,-4.25,0.05,1,0,68
5508,5,0,0,2,1,-4.6,0.05,1,0,68
5509,5,0,0,4,1,-3.9,0.05,1,0,68
5510,5,0,0,3,1,-4.25,0.05,1,0,68
5511,5,0,0,3,1,-4.25,0.05,1,0,68
5512,5,0,0,1,1,-4.75,0.05,1,0,68
5513,5,0,0,1,1,-4.85,0.05,1,0,68
5514,5,0,0,3,1,-4.25,0.05,1,0,68
5515,5,0,0,3,1,-4.3,0.05,1,0,68
5516,5,0,0,3,1,-4.3,0.05,1,0,68
5517,5,0,0,4,1,-3.9,0.05,1,0,68
5518,5,0,0,3,1,-4.3,0.05,1,0,68
5519,5,0,0,4,1,-4.0,0.05,1,0,68
5520,5,0,0,2,1,-4.55,0.05,1,0,68
5521,5,0,0,3,1,-4.3,0.05,1,0,68
5522,5,0,0,2,1,-4.55,0.05,1,0,68
5523,5,0,0,2,1,-4.55,0.05,1,0,68
5524,5,0,0,2,1,-4.6,0.05,1,0,68
5525,6,0,0,3,1,-4.81,0.05,1,0,68
5526,5,0,0,3,1,-4.25,0.05,1,0,68
5527,5,0,0,2,1,-4.55,0.05,1,0,68
5528,5,0,0,4,1,-4.0,0.05,1,0,68
5529,5,0,0,3,1,-4.25,0.05,1,0,68
5530,5,0,0,4,1,-4.0,0.05,1,0,68
5531,5,0,0,2,1,-4.55,0.05,1,0,68
5532,5,0,0,2,1,-4.45,0.05,1,0,68
5533,5,0,0,4,1,-4.0,0.05,1,0,68
5534,5,0,0,4,1,-4.0,0.05,1,0,68
5535,5,0,0,4,1,-4.0,0.05,1,0,68
5536,5,0,0,3,1,-4.25,0.05,1,0,68
5537,5,0,0,2,1,-4.55,0.05,1,0,68
5538,5,0,0,3,1,-4.3,0.05,1,0,68
5539,5,0,0,2,1,-4.55,0.05,1,0,68
5540,5,0,0,2,1,-4.55,0.05,1,0,68
5541,5,0,0,4,1,-4.0,0.05,1,0,68
5542,5,0,0,4,1,-4.45,0.05,1,0,68
5543,5,0,0,2,1,-4.55,0.05,1,0,68
5544,5,0,0,2,1,-4.45,0.05,1,0,68
5545,5,0,0,3,1,-4.75,0.05,1,0,68
5546,5,0,0,3,1,-4.2,0.05,1,0,68
5547,5,0,0,4,1,-4.45,0.05,1,0,68
5548,5,0,0,3,1,-4.2,0.05,1,0,68
5549,5,0,0,4,1,-4.0,0.05,1,0,68
5550,5,0,0,1,1,-4.8,0.05,1,0,68
5551,5,0,0,4,1,-4.45,0.05,1,0,68
5552,5,0,0,4,1,-4.0,0.05,1,0,68
5553,5,0,0,3,1,-4.75,0.05,1,0,68
5554,5,0,0,4,1,-4.0,0.05,1,0,68
5555,5,0,0,4,1,-3.9,0.05,1,0,68
5556,5,0,0,4,1,-4.0,0.05,1,0,68
5557,5,0,0,3,1,-4.25,0.05,1,0,68
5558,5,0,0,4,1,-3.9,0.05,1,0,68
5559,5,0,0,2,1,-4.55,0.05,1,0,68
5560,5,0,0,3,1,-4.25,0.05,1,0,68
5561,5,0,0,4,1,-4.0,0.05,1,0,68
5562,5,0,0,3,1,-4.25,0.05,1,0,68
5563,5,0,0,3,1,-4.25,0.05,1,0,68
5564,5,0,0,3,1,-4.3,0.05,1,0,68
5565,5,0,0,3,1,-4.25,0.05,1,0,68
5566,5,0,0,3,1,-4.3,0.05,1,0,68
5567,5,0,0,3,1,-4.25,0.05,1,0,68
5568,5,0,0,3,1,-4.25,0.05,1,0,68
5569,5,0,0,2,1,-4.6,0.05,1,0,68
5570,5,0,0,2,1,-5.05,0.05,1,0,68
5571,5,0,0,3,1,-4.15,0.05,1,0,68
5572,5,0,0,3,1,-4.3,0.05,1,0,68
5573,5,0,0,4,1,-3.9,0.05,1,0,68
5574,5,0,0,4,1,-4.0,0.05,1,0,68
5575,5,0,0,3,1,-4.3,0.05,1,0,68
5576,5,0,0,4,1,-4.0,0.05,1,0,68
5577,5,0,0,4,1,-4.0,0.05,1,0,68
5578,5,0,0,2,1,-4.55,0.05,1,0,68
5579,5,0,0,4,1,-4.0,0.05,1,0,68
5580,5,0,0,2,1,-4.55,0.05,1,0,68
5581,5,0,0,3,1,-4.3,0.05,1,0,68
5582,5,0,0,4,1,-3.9,0.05,1,0,68
5583,5,0,0,4,1,-4.0,0.05,1,0,68
5584,5,0,0,3,1,-4.2,0.05,1,0,68
5585,5,0,0,3,1,-4.3,0.05,1,0,68
5586,5,0,0,3,1,-4.3,0.05,1,0,68
5587,5,0,0,4,1,-4.45,0.05,1,0,68
5588,5,0,0,3,1,-4.25,0.05,1,0,68
5589,5,0,0,4,1,-3.9,0.05,1,0,68
5590,5,0,0,3,1,-4.2,0.05,1,0,68
5591,5,0,0,3,1,-4.25,0.05,1,0,68
5592,5,0,0,2,1,-4.55,0.05,1,0,68
5593,5,0,0,1,1,-4.85,0.05,1,0,68
5594,5,0,0,4,1,-3.9,0.05,1,0,68
5595,5,0,0,3,1,-4.15,0.05,1,0,68
5596,5,0,0,2,1,-4.55,0.05,1,0,68
5597,5,0,0,3,1,-4.25,0.05,1,0,68
5598,5,0,0,4,1,-4.0,0.05,1,0,68
5599,5,0,0,3,1,-4.25,0.05,1,0,68
5600,5,0,0,4,1,-3.9,0.05,1,0,68
5601,5,0,0,4,1,-4.0,0.05,1,0,68
5602,5,0,0,4,1,-4.0,0.05,1,0,68
5603,5,0,0,4,1,-4.0,0.05,1,0,68
5604,5,0,0,3,1,-4.2,0.05,1,0,68
5605,5,0,0,4,1,-4.0,0.05,1,0,68
5606,5,0,0,3,1,-4.3,0.05,1,0,68
5607,5,0,0,3,1,-4.7,0.05,1,0,68
5608,5,0,0,4,1,-4.0,0.05,1,0,68
5609,5,0,0,3,1,-4.3,0.05,1,0,68
5610,5,0,0,3,1,-4.2,0.05,1,0,68
5611,5,0,0,4,1,-4.35,0.05,1,0,68
5612,5,0,0,4,1,-4.0,0.05,1,0,68
5613,5,0,0,3,1,-4.3,0.05,1,0,68
5614,5,0,0,2,1,-4.55,0.05,1,0,68
5615,5,0,0,3,1,-4.25,0.05,1,0,68
5616,5,0,0,4,1,-4.0,0.05,1,0,68
5617,5,0,0,3,1,-4.25,0.05,1,0,68
5618,5,0,0,2,1,-5.0,0.05,1,0,68
5619,5,0,0,3,1,-4.25,0.05,1,0,68
5620,5,0,0,3,1,-4.3,0.05,1,0,68
5621,5,0,0,3,1,-4.25,0.05,1,0,68
5622,5,0,0,3,1,-4.15,0.05,1,0,68
5623,5,0,0,3,1,-4.2,0.05,1,0,68
5624,5,0,0,2,1,-5.0,0.05,1,0,68
5625,5,0,0,3,1,-4.15,0.05,1,0,68
5626,5,0,0,2,1,-4.55,0.05,1,0,68
5627,5,0,0,3,1,-4.3,0.05,1,0,68
5628,5,0,0,3,1,-4.3,0.05,1,0,68
5629,5,0,0,3,1,-4.3,0.05,1,0,68
5630,5,0,0,4,1,-3.9,0.05,1,0,68
5631,5,0,0,4,1,-4.0,0.05,1,0,68
5632,5,0,0,3,1,-4.25,0.05,1,0,68
5633,5,0,0,3,1,-4.2,0.05,1,0,68
5634,5,0,0,2,1,-4.55,0.05,1,0,68
5635,5,0,0,2,1,-4.55,0.05,1,0,68
5636,5,0,0,4,1,-4.0,0.05,1,0,68
5637,5,0,0,2,1,-4.55,0.05,1,0,68
5638,5,0,0,4,1,-4.0,0.05,1,0,68
5639,5,0,0,3,1,-4.15,0.05,1,0,68
5640,5,0,0,3,1,-4.3,0.05,1,0,68
5641,5,0,0,2,1,-5.0,0.05,1,0,68
5642,5,0,0,1,1,-4.85,0.05,1,0,68
5643,5,0,0,3,1,-4.3,0.05,1,0,68
5644,5,0,0,3,1,-4.2,0.05,1,0,68
5645,5,0,0,2,1,-5.05,0.05,1,0,68
5646,7,0,0,4,1,-4.02,0.05,1,0,68
5647,7,0,0,2,1,-4.57,0.05,1,0,68
5648,5,0,0,3,1,-4.25,0.05,1,0,68
5649,5,0,0,4,1,-3.8,0.05,1,0,68
5650,5,0,0,4,1,-4.0,0.05,1,0,68
5651,5,0,0,3,1,-4.3,0.05,1,0,68
5652,5,0,0,2,1,-5.0,0.05,1,0,68
5653,5,0,0,4,1,-4.0,0.05,1,0,68
5654,5,0,0,2,1,-4.6,0.05,1,0,68
5655,5,0,0,4,1,-4.0,0.05,1,0,68
5656,5,0,0,4,1,-4.0,0.05,1,0,68
5657,5,0,0,3,1,-4.3,0.05,1,0,68
5658,5,0,0,4,1,-3.8,0.05,1,0,68
5659,5,0,0,4,1,-4.0,0.05,1,0,68
5660,5,0,0,1,1,-5.3,0.05,1,0,68
5661,5,0,0,2,1,-4.45,0.05,1,0,68
5662,5,0,0,4,1,-4.0,0.05,1,0,68
5663,5,0,0,4,1,-4.0,0.05,1,0,68
5664,5,0,0,4,1,-4.0,0.05,1,0,68
5665,5,0,0,4,1,-4.0,0.05,1,0,68
5666,5,0,0,4,1,-4.0,0.05,1,0,68
5667,5,0,0,3,1,-4.3,0.05,1,0,68
5668,5,0,0,3,1,-4.3,0.05,1,0,68
5669,5,0,0,4,1,-4.0,0.05,1,0,68
5670,5,0,0,1,1,-4.85,0.05,1,0,68
5671,5,0,0,2,1,-4.55,0.05,1,0,68
5672,5,0,0,2,1,-5.0,0.05,1,0,68
5673,5,0,0,4,1,-4.45,0.05,1,0,68
5674,5,0,0,4,1,-3.9,0.05,1,0,68
5675,5,0,0,3,1,-4.25,0.05,1,0,68
5676,5,0,0,3,1,-4.3,0.05,1,0,68
5677,5,0,0,4,1,-3.9,0.05,1,0,68
5678,5,0,0,3,1,-4.2,0.05,1,0,68
5679,5,0,0,3,1,-4.1,0.05,1,0,68
5680,5,0,0,4,1,-3.8,0.05,1,0,68
5681,5,0,0,2,1,-4.55,0.05,1,0,68
5682,5,0,0,3,1,-4.15,0.05,1,0,68
5683,5,0,0,4,1,-4.0,0.05,1,0,68
5684,5,0,0,3,1,-4.2,0.05,1,0,68
5685,5,0,0,4,1,-4.0,0.05,1,0,68
5686,5,0,0,3,1,-4.75,0.05,1,0,68
5687,5,0,0,3,1,-4.65,0.05,1,0,68
5688,5,0,0,3,1,-4.3,0.05,1,0,68
5689,5,0,0,2,1,-4.55,0.05,1,0,68
5690,5,0,0,4,1,-4.35,0.05,1,0,68
5691,5,0,0,3,1,-4.3,0.05,1,0,68
5692,5,0,0,3,1,-4.25,0.05,1,0,68
5693,5,0,0,3,1,-4.15,0.05,1,0,68
5694,5,0,0,2,1,-4.55,0.05,1,0,68
5695,5,0,0,4,1,-4.45,0.05,1,0,68
5696,5,0,0,3,1,-4.75,0.05,1,0,68
5697,5,0,0,2,1,-4.55,0.05,1,0,68
5698,5,0,0,3,1,-4.25,0.05,1,0,68
5699,5,0,0,4,1,-3.9,0.05,1,0,68
5700,5,0,0,2,1,-4.55,0.05,1,0,68
5701,5,0,0,2,1,-4.55,0.05,1,0,68
5702,5,0,0,4,1,-4.0,0.05,1,0,68
5703,5,0,0,3,1,-4.25,0.05,1,0,68
5704,5,0,0,4,1,-4.45,0.05,1,0,68
5705,5,0,0,2,1,-4.55,0.05,1,0,68
5706,5,0,0,2,1,-4.55,0.05,1,0,68
5707,5,0,0,2,1,-4.6,0.05,1,0,68
5708,5,0,0,4,1,-3.9,0.05,1,0,68
5709,5,0,0,4,1,-4.0,0.05,1,0,68
5710,5,0,0,3,1,-4.3,0.05,1,0,68
5711,5,0,0,3,1,-4.25,0.05,1,0,68
5712,5,0,0,4,1,-4.0,0.05,1,0,68
5713,5,0,0,4,1,-4.0,0.05,1,0,68
5714,5,0,0,3,1,-4.2,0.05,1,0,68
5715,5,0,0,2,1,-4.45,0.05,1,0,68
5716,5,0,0,3,1,-4.25,0.05,1,0,68
5717,5,0,0,2,1,-4.55,0.05,1,0,68
5718,5,0,0,2,1,-4.6,0.05,1,0,68
5719,5,0,0,4,1,-4.0,0.05,1,0,68
5720,5,0,0,3,1,-4.3,0.05,1,0,68
5721,5,0,0,2,1,-4.55,0.05,1,0,68
5722,5,0,0,3,1,-4.2,0.05,1,0,68
5723,5,0,0,2,1,-4.45,0.05,1,0,68
5724,5,0,0,2,1,-4.55,0.05,1,0,68
5725,5,0,0,1,1,-5.2,0.05,1,0,68
5726,5,0,0,3,1,-4.3,0.05,1,0,68
5727,5,0,0,3,1,-4.25,0.05,1,0,68
5728,5,0,0,4,1,-4.0,0.05,1,0,68
5729,5,0,0,4,1,-3.9,0.05,1,0,68
5730,5,0,0,3,1,-4.3,0.05,1,0,68
5731,5,0,0,4,1,-3.9,0.05,1,0,68
5732,5,0,0,3,1,-4.25,0.05,1,0,68
5733,5,0,0,3,1,-4.3,0.05,1,0,68
5734,5,0,0,2,1,-4.55,0.05,1,0,68
5735,5,0,0,4,1,-4.0,0.05,1,0,68
5736,5,0,0,4,1,-4.0,0.05,1,0,68
5737,5,0,0,3,1,-4.2,0.05,1,0,68
5738,5,0,0,3,1,-4.25,0.05,1,0,68
5739,5,0,0,2,1,-4.55,0.05,1,0,68
5740,5,0,0,3,1,-4.5,0.05,1,0,68
5741,5,0,0,4,1,-4.45,0.05,1,0,68
5742,5,0,0,3,1,-4.3,0.05,1,0,68
5743,5,0,0,1,1,-5.2,0.05,1,0,68
5744,7,0,0,3,1,-4.77,0.05,1,0,68
5745,5,0,0,3,1,-4.25,0.05,1,0,68
5746,5,0,0,1,1,-4.85,0.05,1,0,68
5747,5,0,0,4,1,-4.0,0.05,1,0,68
5748,5,0,0,4,1,-3.9,0.05,1,0,68
5749,5,0,0,4,1,-4.0,0.05,1,0,68
5750,5,0,0,3,1,-4.65,0.05,1,0,68
5751,5,0,0,4,1,-4.0,0.05,1,0,68
5752,5,0,0,2,1,-4.55,0.05,1,0,68
5753,5,0,0,2,1,-4.55,0.05,1,0,68
5754,5,0,0,2,1,-4.6,0.05,1,0,68
5755,5,0,0,3,1,-4.25,0.05,1,0,68
5756,5,0,0,4,1,-4.0,0.05,1,0,68
5757,5,0,0,3,1,-4.25,0.05,1,0,68
5758,5,0,0,1,1,-4.85,0.05,1,0,68
5759,5,0,0,3,1,-4.25,0.05,1,0,68
5760,5,0,0,4,1,-4.0,0.05,1,0,68
5761,5,0,0,3,1,-4.25,0.05,1,0,68
5762,5,0,0,3,1,-4.3,0.05,1,0,68
5763,5,0,0,3,1,-4.3,0.05,1,0,68
5764,5,0,0,3,1,-4.3,0.05,1,0,68
5765,5,0,0,4,1,-3.9,0.05,1,0,68
5766,5,0,0,1,1,-4.85,0.05,1,0,68
5767,5,0,0,3,1,-4.25,0.05,1,0,68
5768,5,0,0,3,1,-4.15,0.05,1,0,68
5769,5,0,0,3,1,-4.7,0.05,1,0,68
5770,5,0,0,2,1,-4.55,0.05,1,0,68
5771,5,0,0,4,1,-4.0,0.05,1,0,68
5772,5,0,0,4,1,-4.0,0.05,1,0,68
5773,5,0,0,3,1,-4.3,0.05,1,0,68
5774,5,0,0,4,1,-4.0,0.05,1,0,68
5775,6,0,0,3,1,-4.61,0.05,1,0,68
5776,5,0,0,3,1,-4.3,0.05,1,0,68
5777,5,0,0,3,1,-4.3,0.05,1,0,68
5778,5,0,0,4,1,-3.9,0.05,1,0,68
5779,5,0,0,3,1,-4.3,0.05,1,0,68
5780,5,0,0,3,1,-4.3,0.05,1,0,68
5781,5,0,0,4,1,-4.0,0.05,1,0,68
5782,5,0,0,3,1,-4.25,0.05,1,0,68
5783,5,0,0,4,1,-4.0,0.05,1,0,68
5784,5,0,0,3,1,-4.75,0.05,1,0,68
5785,5,0,0,3,1,-4.75,0.05,1,0,68
5786,5,0,0,3,1,-4.25,0.05,1,0,68
5787,5,0,0,4,1,-3.9,0.05,1,0,68
5788,5,0,0,4,1,-4.0,0.05,1,0,68
5789,5,0,0,3,1,-4.6,0.05,1,0,68
5790,5,0,0,3,1,-4.75,0.05,1,0,68
5791,5,0,0,4,1,-4.9,0.05,1,0,68
5792,5,0,0,4,1,-4.0,0.05,1,0,68
5793,5,0,0,3,1,-4.2,0.05,1,0,68
5794,6,0,0,1,1,-5.81,0.05,1,0,68
5795,5,0,0,3,1,-4.25,0.05,1,0,68
5796,5,0,0,4,1,-4.0,0.05,1,0,68
5797,5,0,0,2,1,-5.05,0.05,1,0,68
5798,5,0,0,2,1,-4.5,0.05,1,0,68
5799,6,0,0,4,1,-4.41,0.05,1,0,68
5800,5,0,0,3,1,-4.25,0.05,1,0,68
5801,5,0,0,3,1,-4.3,0.05,1,0,68
5802,5,0,0,4,1,-4.0,0.05,1,0,68
5803,5,0,0,4,1,-3.9,0.05,1,0,68
5804,5,0,0,4,1,-4.0,0.05,1,0,68
5805,5,0,0,4,1,-4.0,0.05,1,0,68
5806,5,0,0,3,1,-4.2,0.05,1,0,68
5807,5,0,0,3,1,-4.3,0.05,1,0,68
5808,5,0,0,4,1,-4.0,0.05,1,0,68
5809,5,0,0,2,1,-4.45,0.05,1,0,68
5810,5,0,0,4,1,-4.0,0.05,1,0,68
5811,5,0,0,3,1,-4.3,0.05,1,0,68
5812,5,0,0,4,1,-4.0,0.05,1,0,68
5813,5,0,0,3,1,-4.3,0.05,1,0,68
5814,5,0,0,2,1,-4.55,0.05,1,0,68
5815,7,0,0,3,1,-4.62,0.05,1,0,68
5816,5,0,0,3,1,-4.25,0.05,1,0,68
5817,5,0,0,3,1,-4.3,0.05,1,0,68
5818,5,0,0,3,1,-4.25,0.05,1,0,68
5819,5,0,0,2,1,-4.55,0.05,1,0,68
5820,5,0,0,4,1,-3.9,0.05,1,0,68
5821,5,0,0,3,1,-4.2,0.05,1,0,68
5822,5,0,0,3,1,-4.3,0.05,1,0,68
5823,5,0,0,2,1,-5.05,0.05,1,0,68
5824,5,0,0,3,1,-4.2,0.05,1,0,68
5825,5,0,0,4,1,-4.45,0.05,1,0,68
5826,5,0,0,2,1,-4.55,0.05,1,0,68
5827,5,0,0,2,1,-4.55,0.05,1,0,68
5828,5,0,0,4,1,-4.0,0.05,1,0,68
5829,5,0,0,3,1,-4.25,0.05,1,0,68
5830,5,0,0,3,1,-4.15,0.05,1,0,68
5831,5,0,0,3,1,-4.25,0.05,1,0,68
5832,5,0,0,4,1,-4.45,0.05,1,0,68
5833,5,0,0,3,1,-4.25,0.05,1,0,68
5834,5,0,0,2,1,-4.45,0.05,1,0,68
5835,5,0,0,4,1,-3.8,0.05,1,0,68
5836,5,0,0,4,1,-4.0,0.05,1,0,68
5837,5,0,0,2,1,-4.55,0.05,1,0,68
5838,5,0,0,3,1,-4.25,0.05,1,0,68
5839,5,0,0,4,1,-4.0,0.05,1,0,68
5840,5,0,0,2,1,-4.55,0.05,1,0,68
5841,5,0,0,2,1,-4.55,0.05,1,0,68
5842,5,0,0,3,1,-4.25,0.05,1,0,68
5843,5,0,0,2,1,-4.55,0.05,1,0,68
5844,5,0,0,1,1,-4.85,0.05,1,0,68
5845,5,0,0,1,1,-4.85,0.05,1,0,68
5846,5,0,0,4,1,-4.0,0.05,1,0,68
5847,5,0,0,3,1,-4.25,0.05,1,0,68
5848,5,0,0,3,1,-4.25,0.05,1,0,68
5849,5,0,0,3,1,-4.25,0.05,1,0,68
5850,5,0,0,4,1,-4.0,0.05,1,0,68
5851,5,0,0,3,1,-4.75,0.05,1,0,68
5852,5,0,0,3,1,-4.75,0.05,1,0,68
5853,5,0,0,3,1,-4.3,0.05,1,0,68
5854,6,0,0,4,1,-4.51,0.05,1,0,68
5855,5,0,0,3,1,-4.15,0.05,1,0,68
5856,5,0,0,4,1,-3.9,0.05,1,0,68
5857,5,0,0,3,1,-4.2,0.05,1,0,68
5858,5,0,0,3,1,-4.3,0.05,1,0,68
5859,5,0,0,3,1,-4.25,0.05,1,0,68
5860,5,0,0,3,1,-4.3,0.05,1,0,68
5861,5,0,0,3,1,-4.3,0.05,1,0,68
5862,5,0,0,3,1,-4.75,0.05,1,0,68
5863,5,0,0,2,1,-4.55,0.05,1,0,68
5864,5,0,0,2,1,-4.6,0.05,1,0,68
5865,5,0,0,4,1,-3.8,0.05,1,0,68
5866,5,0,0,3,1,-4.25,0.05,1,0,68
5867,5,0,0,3,1,-4.25,0.05,1,0,68
5868,7,0,0,2,1,-4.62,0.05,1,0,68
5869,5,0,0,4,1,-4.0,0.05,1,0,68
5870,5,0,0,1,1,-4.85,0.05,1,0,68
5871,5,0,0,3,1,-4.2,0.05,1,0,68
5872,5,0,0,2,1,-4.6,0.05,1,0,68
5873,5,0,0,4,1,-4.0,0.05,1,0,68
5874,5,0,0,4,1,-3.9,0.05,1,0,68
5875,5,0,0,4,1,-4.0,0.05,1,0,68
5876,5,0,0,4,1,-4.45,0.05,1,0,68
5877,5,0,0,2,1,-5.0,0.05,1,0,68
5878,5,0,0,3,1,-4.75,0.05,1,0,68
5879,5,0,0,2,1,-5.05,0.05,1,0,68
5880,5,0,0,3,1,-4.3,0.05,1,0,68
5881,5,0,0,3,1,-4.3,0.05,1,0,68
5882,5,0,0,4,1,-4.0,0.05,1,0,68
5883,5,0,0,2,1,-4.55,0.05,1,0,68
5884,5,0,0,4,1,-4.0,0.05,1,0,68
5885,7,0,0,2,1,-5.02,0.05,1,0,68
5886,5,0,0,2,1,-4.55,0.05,1,0,68
5887,5,0,0,2,1,-4.55,0.05,1,0,68
5888,5,0,0,3,1,-4.75,0.05,1,0,68
5889,5,0,0,2,1,-4.55,0.05,1,0,68
5890,5,0,0,4,1,-4.0,0.05,1,0,68
5891,5,0,0,4,1,-4.0,0.05,1,0,68
5892,5,0,0,4,1,-4.0,0.05,1,0,68
5893,5,0,0,3,1,-4.2,0.05,1,0,68
5894,5,0,0,4,1,-3.9,0.05,1,0,68
5895,5,0,0,1,1,-4.85,0.05,1,0,68
5896,5,0,0,2,1,-4.55,0.05,1,0,68
5897,5,0,0,3,1,-4.3,0.05,1,0,68
5898,5,0,0,3,1,-4.2,0.05,1,0,68
5899,5,0,0,4,1,-3.9,0.05,1,0,68
5900,5,0,0,4,1,-3.9,0.05,1,0,68
5901,5,0,0,2,1,-4.55,0.05,1,0,68
5902,5,0,0,4,1,-4.35,0.05,1,0,68
5903,5,0,0,4,1,-4.0,0.05,1,0,68
5904,5,0,0,4,1,-3.9,0.05,1,0,68
5905,5,0,0,3,1,-4.3,0.05,1,0,68
5906,5,0,0,3,1,-4.25,0.05,1,0,68
5907,6,0,0,3,1,-5.26,0.05,1,0,68
5908,5,0,0,4,1,-4.45,0.05,1,0,68
5909,5,0,0,4,1,-4.0,0.05,1,0,68
5910,5,0,0,4,1,-4.0,0.05,1,0,68
5911,5,0,0,3,1,-4.25,0.05,1,0,68
5912,5,0,0,3,1,-4.15,0.05,1,0,68
5913,5,0,0,3,1,-4.3,0.05,1,0,68
5914,5,0,0,3,1,-4.25,0.05,1,0,68
5915,5,0,0,3,1,-4.3,0.05,1,0,68
5916,5,0,0,1,1,-4.85,0.05,1,0,68
5917,5,0,0,3,1,-4.25,0.05,1,0,68
5918,5,0,0,3,1,-4.2,0.05,1,0,68
5919,5,0,0,2,1,-4.55,0.05,1,0,68
5920,5,0,0,3,1,-4.25,0.05,1,0,68
5921,5,0,0,3,1,-4.3,0.05,1,0,68
5922,5,0,0,4,1,-4.45,0.05,1,0,68
5923,5,0,0,4,1,-4.0,0.05,1,0,68
5924,5,0,0,2,1,-4.55,0.05,1,0,68
5925,5,0,0,4,1,-4.0,0.05,1,0,68
5926,5,0,0,4,1,-3.9,0.05,1,0,68
5927,5,0,0,4,1,-4.0,0.05,1,0,68
5928,5,0,0,3,1,-4.25,0.05,1,0,68
5929,5,0,0,4,1,-4.0,0.05,1,0,68
5930,5,0,0,3,1,-4.3,0.05,1,0,68
5931,6,0,0,4,1,-4.06,0.05,1,0,68
5932,5,0,0,4,1,-4.0,0.05,1,0,68
5933,5,0,0,3,1,-4.3,0.05,1,0,68
5934,5,0,0,2,1,-5.0,0.05,1,0,68
5935,5,0,0,3,1,-4.3,0.05,1,0,68
5936,5,0,0,2,1,-4.55,0.05,1,0,68
5937,5,0,0,3,1,-4.25,0.05,1,0,68
5938,5,0,0,3,1,-4.3,0.05,1,0,68
5939,5,0,0,4,1,-4.0,0.05,1,0,68
5940,6,0,0,4,1,-4.51,0.05,1,0,68
5941,5,0,0,4,1,-4.0,0.05,1,0,68
5942,5,0,0,1,1,-4.75,0.05,1,0,68
5943,6,0,0,3,1,-4.76,0.05,1,0,68
5944,5,0,0,3,1,-4.75,0.05,1,0,68
5945,5,0,0,3,1,-4.3,0.05,1,0,68
5946,5,0,0,4,1,-4.0,0.05,1,0,68
5947,5,0,0,4,1,-4.0,0.05,1,0,68
5948,5,0,0,3,1,-4.75,0.05,1,0,68
5949,5,0,0,4,1,-4.0,0.05,1,0,68
5950,5,0,0,4,1,-3.8,0.05,1,0,68
5951,5,0,0,4,1,-4.0,0.05,1,0,68
5952,5,0,0,4,1,-4.0,0.05,1,0,68
5953,5,0,0,3,1,-4.3,0.05,1,0,68
5954,5,0,0,3,1,-4.3,0.05,1,0,68
5955,5,0,0,3,1,-4.3,0.05,1,0,68
5956,5,0,0,3,1,-4.3,0.05,1,0,68
5957,5,0,0,4,1,-4.45,0.05,1,0,68
5958,5,0,0,4,1,-3.9,0.05,1,0,68
5959,5,0,0,1,1,-4.85,0.05,1,0,68
5960,5,0,0,2,1,-4.55,0.05,1,0,68
5961,5,0,0,4,1,-4.35,0.05,1,0,68
5962,5,0,0,4,1,-4.9,0.05,1,0,68
5963,5,0,0,3,1,-4.15,0.05,1,0,68
5964,5,0,0,4,1,-4.45,0.05,1,0,68
5965,5,0,0,2,1,-4.45,0.05,1,0,68
5966,5,0,0,1,1,-4.85,0.05,1,0,68
5967,5,0,0,4,1,-4.0,0.05,1,0,68
5968,5,0,0,2,1,-4.55,0.05,1,0,68
5969,5,0,0,2,1,-4.55,0.05,1,0,68
5970,6,0,0,4,1,-4.51,0.05,1,0,68
5971,5,0,0,3,1,-4.2,0.05,1,0,68
5972,5,0,0,4,1,-4.0,0.05,1,0,68
5973,5,0,0,2,1,-4.55,0.05,1,0,68
5974,7,0,0,2,1,-4.47,0.05,1,0,68
5975,5,0,0,2,1,-5.05,0.05,1,0,68
5976,5,0,0,4,1,-3.9,0.05,1,0,68
5977,5,0,0,3,1,-4.3,0.05,1,0,68
5978,5,0,0,2,1,-4.55,0.05,1,0,68
5979,5,0,0,4,1,-4.0,0.05,1,0,68
5980,5,0,0,2,1,-4.6,0.05,1,0,68
5981,5,0,0,4,1,-4.0,0.05,1,0,68
5982,5,0,0,2,1,-4.55,0.05,1,0,68
5983,5,0,0,3,1,-4.3,0.05,1,0,68
5984,5,0,0,4,1,-4.45,0.05,1,0,68
5985,5,0,0,1,1,-4.85,0.05,1,0,68
5986,5,0,0,2,1,-4.55,0.05,1,0,68
5987,5,0,0,2,1,-4.6,0.05,1,0,68
5988,5,0,0,3,1,-4.3,0.05,1,0,68
5989,5,0,0,3,1,-4.3,0.05,1,0,68
5990,5,0,0,3,1,-4.3,0.05,1,0,68
5991,5,0,0,4,1,-4.35,0.05,1,0,68
5992,5,0,0,1,1,-4.85,0.05,1,0,68
5993,5,0,0,2,1,-4.6,0.05,1,0,68
5994,5,0,0,3,1,-4.2,0.05,1,0,68
5995,5,0,0,3,1,-4.3,0.05,1,0,68
5996,5,0,0,3,1,-4.25,0.05,1,0,68
5997,5,0,0,4,1,-4.0,0.05,1,0,68
5998,5,0,0,3,1,-4.3,0.05,1,0,68
5999,5,0,0,3,1,-4.3,0.05,1,0,68
6000,5,0,0,3,1,-4.3,0.05,1,0,68
