episode,steps,score,coins,crates,bombs,reward,epsilon,killed_self,survived,states_visited
1,21,0,0,4,1,-8.36,0.9995,1,0,6
2,9,0,0,3,1,-5.74,0.999,1,0,10
3,11,0,0,3,1,-5.76,0.9986,1,0,13
4,6,0,0,4,1,-5.41,0.9981,1,0,14
5,6,0,0,4,1,-5.86,0.9976,1,0,14
6,7,0,0,2,1,-6.07,0.9971,1,0,14
7,26,0,0,2,2,-9.51,0.9967,1,0,18
8,9,0,0,3,1,-6.74,0.9962,1,0,20
9,12,0,0,2,1,-7.12,0.9957,1,0,23
10,7,0,0,2,1,-6.52,0.9952,1,0,23
11,7,0,0,2,1,-5.12,0.9948,1,0,23
12,7,0,0,2,1,-5.12,0.9943,1,0,23
13,19,0,0,1,1,-8.54,0.9938,1,0,23
14,7,0,0,3,1,-5.27,0.9933,1,0,23
15,14,0,0,4,1,-6.04,0.9929,1,0,23
16,7,0,0,3,1,-5.77,0.9924,1,0,23
17,10,0,0,3,1,-6.8,0.9919,1,0,23
18,7,0,0,3,1,-6.22,0.9915,1,0,23
19,7,0,0,2,1,-6.37,0.991,1,0,24
20,10,0,0,2,1,-7.95,0.9905,1,0,24
21,11,0,0,3,1,-7.31,0.99,1,0,24
22,13,0,0,3,1,-6.88,0.9896,1,0,24
23,7,0,0,3,1,-6.67,0.9891,1,0,24
24,9,0,0,6,1,-5.34,0.9886,1,0,25
25,9,0,0,2,1,-7.04,0.9881,1,0,28
26,5,0,0,3,1,-5.15,0.9877,1,0,28
27,5,0,0,1,1,-5.75,0.9872,1,0,28
28,14,0,0,2,1,-7.74,0.9867,1,0,28
29,10,0,0,2,1,-6.2,0.9862,1,0,28
30,10,0,0,2,1,-6.1,0.9858,1,0,30
31,5,0,0,4,1,-4.9,0.9853,1,0,30
32,14,0,0,3,1,-9.34,0.9848,1,0,30
33,13,0,0,5,1,-6.83,0.9843,1,0,30
34,8,0,0,2,1,-6.93,0.9839,1,0,30
35,11,0,0,2,1,-7.66,0.9834,1,0,30
36,6,0,0,3,1,-5.71,0.9829,1,0,30
37,5,0,0,3,1,-5.65,0.9824,1,0,30
38,5,0,0,4,1,-5.35,0.9819,1,0,30
39,11,0,0,1,1,-7.46,0.9815,1,0,30
40,9,0,0,3,1,-5.69,0.981,1,0,30
41,6,0,0,2,1,-5.56,0.9805,1,0,30
42,6,0,0,3,1,-6.16,0.98,1,0,30
43,7,0,0,4,1,-5.92,0.9796,1,0,30
44,12,0,0,4,1,-7.47,0.9791,1,0,30
45,12,0,0,4,1,-7.87,0.9786,1,0,30
46,8,0,0,3,1,-5.68,0.9781,1,0,31
47,12,0,0,3,1,-7.77,0.9777,1,0,31
48,5,0,0,2,1,-5.85,0.9772,1,0,31
49,5,0,0,3,1,-5.7,0.9767,1,0,31
50,5,0,0,3,1,-5.15,0.9762,1,0,31
51,32,0,0,2,1,-14.97,0.9758,1,0,31
52,11,0,0,3,1,-7.26,0.9753,1,0,31
53,8,0,0,2,1,-5.43,0.9748,1,0,31
54,11,0,0,1,1,-7.41,0.9744,1,0,31
55,5,0,0,2,1,-5.95,0.9739,1,0,31
56,5,0,0,4,1,-4.35,0.9734,1,0,31
57,8,0,0,1,1,-6.83,0.9729,1,0,31
58,10,0,0,3,1,-5.95,0.9725,1,0,31
59,18,0,0,5,2,-7.73,0.972,1,0,31
60,8,0,0,3,1,-6.28,0.9715,1,0,31
61,5,0,0,3,1,-5.2,0.971,1,0,31
62,25,0,0,5,3,-9.9,0.9706,1,0,32
63,6,0,0,4,1,-5.86,0.9701,1,0,32
64,5,0,0,3,1,-5.2,0.9696,1,0,32
65,20,0,0,3,1,-7.95,0.9691,1,0,32
66,5,0,0,2,1,-5.95,0.9687,1,0,32
67,6,0,0,3,1,-5.16,0.9682,1,0,32
68,8,0,0,4,1,-5.08,0.9677,1,0,32
69,22,0,0,4,2,-9.27,0.9672,1,0,32
70,6,0,0,2,1,-6.46,0.9667,1,0,32
71,5,0,0,3,1,-5.65,0.9663,1,0,32
72,6,0,0,4,1,-5.31,0.9658,1,0,32
73,6,0,0,2,1,-6.36,0.9653,1,0,32
74,8,0,0,2,1,-6.03,0.9648,1,0,32
75,9,0,0,1,1,-7.84,0.9644,1,0,33
76,13,0,0,2,1,-7.63,0.9639,1,0,33
77,10,0,0,2,1,-7.1,0.9634,1,0,33
78,6,0,0,3,1,-6.16,0.9629,1,0,33
79,8,0,0,1,1,-7.28,0.9625,1,0,33
80,6,0,0,4,1,-5.31,0.962,1,0,33
81,6,0,0,1,1,-6.26,0.9615,1,0,35
82,5,0,0,4,1,-5.35,0.961,1,0,35
83,6,0,0,3,1,-5.16,0.9606,1,0,35
84,5,0,0,4,1,-5.35,0.9601,1,0,35
85,8,0,0,1,1,-6.83,0.9596,1,0,35
86,6,0,0,3,1,-6.16,0.9591,1,0,35
87,5,0,0,4,1,-5.4,0.9587,1,0,35
88,7,0,0,2,1,-6.52,0.9582,1,0,35
89,5,0,0,2,1,-5.95,0.9577,1,0,35
90,5,0,0,4,1,-4.9,0.9573,1,0,35
91,13,0,0,5,1,-7.23,0.9568,1,0,35
92,5,0,0,4,1,-4.9,0.9563,1,0,35
93,19,0,0,3,1,-8.79,0.9558,1,0,35
94,11,0,0,3,1,-7.31,0.9554,1,0,35
95,22,0,0,3,1,-10.97,0.9549,1,0,35
96,8,0,0,3,1,-6.73,0.9544,1,0,35
97,7,0,0,3,1,-5.17,0.9539,1,0,35
98,10,0,0,4,1,-5.9,0.9535,1,0,35
99,5,0,0,3,1,-5.2,0.953,1,0,35
100,14,0,0,2,1,-7.69,0.9525,1,0,38
101,7,0,0,2,1,-6.02,0.952,1,0,38
102,15,0,0,3,1,-7.45,0.9516,1,0,38
103,5,0,0,1,1,-6.25,0.9511,1,0,38
104,5,0,0,2,1,-5.0,0.9506,1,0,39
105,5,0,0,2,1,-6.45,0.9501,1,0,39
106,5,0,0,3,1,-6.15,0.9496,1,0,39
107,8,0,0,2,1,-5.98,0.9492,1,0,39
108,5,0,0,2,1,-5.4,0.9487,1,0,39
109,6,0,0,3,1,-5.66,0.9482,1,0,39
110,30,0,0,4,2,-12.75,0.9477,1,0,39
111,14,0,0,5,2,-5.74,0.9473,1,0,42
112,19,0,0,5,2,-8.84,0.9468,1,0,42
113,7,0,0,2,1,-5.02,0.9463,1,0,42
114,6,0,0,2,1,-5.51,0.9458,1,0,43
115,5,0,0,3,1,-5.2,0.9454,1,0,43
116,6,0,0,3,1,-6.06,0.9449,1,0,43
117,8,0,0,3,1,-6.18,0.9444,1,0,43
118,9,0,0,3,1,-5.44,0.9439,1,0,43
119,7,0,0,2,1,-6.02,0.9435,1,0,43
120,7,0,0,2,1,-6.02,0.943,1,0,43
121,6,0,0,3,1,-5.16,0.9425,1,0,43
122,5,0,0,3,1,-5.25,0.9421,1,0,43
123,6,0,0,3,1,-5.26,0.9416,1,0,43
124,8,0,0,2,1,-5.88,0.9411,1,0,43
125,8,0,0,3,1,-6.73,0.9406,1,0,43
126,16,0,0,2,1,-8.21,0.9402,1,0,43
127,6,0,0,2,1,-5.51,0.9397,1,0,43
128,6,0,0,2,1,-5.56,0.9392,1,0,43
129,6,0,0,2,1,-6.46,0.9387,1,0,43
130,7,0,0,3,1,-5.77,0.9383,1,0,43
131,10,0,0,4,1,-6.9,0.9378,1,0,45
132,24,0,0,2,1,-8.94,0.9373,1,0,45
133,13,0,0,4,1,-6.53,0.9368,1,0,45
134,7,0,0,4,1,-5.92,0.9364,1,0,45
135,13,0,0,2,1,-6.68,0.9359,1,0,45
136,5,0,0,3,1,-5.2,0.9354,1,0,45
137,31,0,0,4,2,-12.36,0.9349,1,0,45
138,12,0,0,3,1,-6.72,0.9345,1,0,45
139,7,0,0,4,1,-5.47,0.934,1,0,45
140,11,0,0,3,1,-8.26,0.9335,1,0,45
141,14,0,0,2,1,-8.19,0.933,1,0,45
142,19,0,0,3,1,-10.94,0.9325,1,0,45
143,6,0,0,4,1,-5.41,0.9321,1,0,45
144,11,0,0,3,1,-7.61,0.9316,1,0,45
145,5,0,0,4,1,-5.35,0.9311,1,0,45
146,8,0,0,3,1,-5.78,0.9306,1,0,45
147,7,0,0,3,1,-5.17,0.9302,1,0,45
148,6,0,0,1,1,-5.81,0.9297,1,0,45
149,6,0,0,3,1,-6.21,0.9292,1,0,45
150,11,0,0,3,1,-6.71,0.9287,1,0,45
151,8,0,0,3,1,-6.23,0.9283,1,0,45
152,8,0,0,1,1,-6.83,0.9278,1,0,45
153,19,0,0,3,2,-7.79,0.9273,1,0,45
154,11,0,0,2,1,-7.11,0.9268,1,0,45
155,5,0,0,4,1,-4.45,0.9264,1,0,45
156,5,0,0,3,1,-5.65,0.9259,1,0,45
157,7,0,0,2,1,-6.02,0.9254,1,0,45
158,5,0,0,4,1,-4.9,0.925,1,0,45
159,16,0,0,3,1,-9.81,0.9245,1,0,45
160,14,0,0,3,1,-8.74,0.924,1,0,45
161,11,0,0,4,1,-7.36,0.9235,1,0,45
162,24,0,1,2,2,-9.19,0.9231,1,0,49
163,6,0,0,4,1,-4.96,0.9226,1,0,49
164,13,0,0,2,1,-7.68,0.9221,1,0,49
165,20,0,0,3,2,-7.85,0.9216,1,0,49
166,18,0,0,2,1,-8.73,0.9212,1,0,49
167,5,0,0,3,1,-5.65,0.9207,1,0,49
168,5,0,0,3,1,-5.55,0.9202,1,0,49
169,10,0,0,4,1,-7.45,0.9197,1,0,49
170,5,0,0,3,1,-4.75,0.9193,1,0,49
171,8,0,0,1,1,-6.88,0.9188,1,0,49
172,5,0,0,3,1,-5.65,0.9183,1,0,49
173,12,0,0,3,1,-7.27,0.9178,1,0,49
174,6,0,0,3,1,-5.71,0.9173,1,0,49
175,8,0,0,1,1,-7.78,0.9169,1,0,49
176,9,0,0,3,1,-6.74,0.9164,1,0,49
177,8,0,0,2,1,-6.93,0.9159,1,0,49
178,5,0,0,2,1,-5.95,0.9154,1,0,49
179,17,0,0,3,1,-7.82,0.915,1,0,49
180,10,0,0,3,1,-6.8,0.9145,1,0,49
181,10,0,0,3,1,-7.75,0.914,1,0,49
182,8,0,0,1,1,-6.88,0.9135,1,0,49
183,6,0,0,3,1,-6.16,0.9131,1,0,49
184,5,0,0,2,1,-5.95,0.9126,1,0,49
185,45,0,0,4,2,-15.8,0.9121,1,0,49
186,8,0,0,3,1,-6.73,0.9116,1,0,49
187,5,0,0,1,1,-5.35,0.9112,1,0,49
188,14,0,0,5,2,-6.69,0.9107,1,0,49
189,9,0,0,4,1,-5.89,0.9102,1,0,49
190,17,0,0,3,1,-8.37,0.9098,1,0,49
191,8,0,0,3,1,-7.18,0.9093,1,0,49
192,6,0,0,4,1,-5.86,0.9088,1,0,49
193,13,0,0,3,1,-6.93,0.9083,1,0,49
194,5,0,0,3,1,-5.7,0.9079,1,0,49
195,17,0,0,3,1,-7.92,0.9074,1,0,49
196,5,0,0,1,1,-6.25,0.9069,1,0,49
197,7,0,0,3,1,-6.22,0.9064,1,0,49
198,8,0,0,3,1,-5.23,0.906,1,0,49
199,5,0,0,4,1,-5.35,0.9055,1,0,49
200,9,0,0,1,1,-7.84,0.905,1,0,49
201,8,0,0,2,1,-7.03,0.9045,1,0,49
202,7,0,0,2,1,-6.97,0.9041,1,0,49
203,8,0,0,4,1,-5.03,0.9036,1,0,49
204,10,0,0,6,1,-5.35,0.9031,1,0,49
205,5,0,0,3,1,-5.2,0.9026,1,0,49
206,7,0,0,2,1,-6.37,0.9022,1,0,49
207,8,0,0,2,1,-5.63,0.9017,1,0,49
208,12,0,0,2,1,-9.02,0.9012,1,0,49
209,13,0,0,1,1,-7.48,0.9007,1,0,49
210,9,0,0,3,1,-6.34,0.9002,1,0,49
211,6,0,0,2,1,-5.96,0.8998,1,0,49
212,11,0,0,2,1,-6.61,0.8993,1,0,49
213,12,0,0,4,1,-5.67,0.8988,1,0,49
214,22,0,0,7,3,-8.42,0.8983,1,0,52
215,6,0,0,3,1,-4.81,0.8979,1,0,52
216,16,0,0,2,1,-6.81,0.8974,1,0,52
217,10,0,0,4,1,-5.5,0.8969,1,0,52
218,6,0,0,3,1,-4.36,0.8964,1,0,52
219,9,0,0,2,1,-6.49,0.896,1,0,52
220,8,0,0,3,1,-5.68,0.8955,1,0,52
221,9,0,0,1,1,-7.34,0.895,1,0,52
222,8,0,0,3,1,-6.73,0.8945,1,0,52
223,7,0,0,2,1,-5.92,0.8941,1,0,52
224,10,0,0,3,1,-5.7,0.8936,1,0,52
225,15,0,0,2,1,-7.05,0.8931,1,0,52
226,8,0,0,3,1,-6.73,0.8926,1,0,52
227,5,0,0,2,1,-5.95,0.8922,1,0,52
228,7,0,0,2,1,-6.97,0.8917,1,0,52
229,9,0,0,4,1,-6.79,0.8912,1,0,52
230,5,0,0,4,1,-5.35,0.8908,1,0,52
231,5,0,0,2,1,-6.0,0.8903,1,0,52
232,9,0,0,3,1,-6.24,0.8898,1,0,52
233,14,0,0,3,1,-8.69,0.8893,1,0,52
234,6,0,0,3,1,-5.21,0.8889,1,0,52
235,5,0,0,3,1,-4.75,0.8884,1,0,52
236,5,0,0,4,1,-4.9,0.8879,1,0,52
237,13,0,0,4,1,-5.98,0.8874,1,0,54
238,7,0,0,2,1,-5.02,0.887,1,0,54
239,5,0,0,4,1,-4.8,0.8865,1,0,54
240,5,0,0,2,1,-5.0,0.886,1,0,55
241,5,0,0,1,1,-5.3,0.8855,1,0,55
242,6,0,0,3,1,-6.06,0.8851,1,0,55
243,7,0,0,3,1,-5.72,0.8846,1,0,55
244,20,0,0,3,1,-10.0,0.8841,1,0,55
245,6,0,0,3,1,-6.06,0.8836,1,0,55
246,6,0,0,4,1,-5.86,0.8831,1,0,55
247,6,0,0,2,1,-5.51,0.8827,1,0,55
248,5,0,0,2,1,-6.0,0.8822,1,0,55
249,11,0,0,3,1,-6.91,0.8817,1,0,55
250,5,0,0,3,1,-5.2,0.8812,1,0,55
251,7,0,0,3,1,-5.77,0.8808,1,0,55
252,5,0,0,3,1,-4.75,0.8803,1,0,55
253,11,0,0,2,1,-7.61,0.8798,1,0,55
254,10,0,0,3,1,-6.25,0.8793,1,0,55
255,23,0,0,5,2,-9.48,0.8789,1,0,55
256,8,0,0,3,1,-5.23,0.8784,1,0,55
257,7,0,0,3,1,-6.17,0.8779,1,0,55
258,5,0,0,3,1,-4.8,0.8775,1,0,55
259,6,0,0,3,1,-6.66,0.877,1,0,55
260,9,0,0,2,1,-5.54,0.8765,1,0,55
261,12,0,0,1,1,-7.87,0.876,1,0,55
262,12,0,0,3,1,-6.72,0.8756,1,0,55
263,6,0,0,3,1,-4.86,0.8751,1,0,55
264,6,0,0,2,1,-5.96,0.8746,1,0,55
265,8,0,0,3,1,-6.73,0.8741,1,0,55
266,8,0,0,4,1,-5.58,0.8737,1,0,55
267,6,0,0,1,1,-5.86,0.8732,1,0,55
268,5,0,0,2,1,-5.5,0.8727,1,0,55
269,11,0,0,3,1,-6.76,0.8722,1,0,55
270,11,0,0,3,1,-8.26,0.8718,1,0,55
271,5,0,0,3,1,-5.65,0.8713,1,0,55
272,9,0,0,2,1,-6.94,0.8708,1,0,55
273,5,0,0,4,1,-4.9,0.8703,1,0,55
274,7,0,0,2,1,-6.07,0.8699,1,0,55
275,18,0,0,6,2,-8.98,0.8694,1,0,55
276,5,0,0,2,1,-5.5,0.8689,1,0,55
277,8,0,0,2,1,-6.08,0.8684,1,0,55
278,23,0,0,5,2,-6.98,0.8679,1,0,55
279,7,0,0,3,1,-6.22,0.8675,1,0,55
280,34,0,0,1,2,-12.04,0.867,1,0,55
281,9,0,0,3,1,-7.24,0.8665,1,0,55
282,5,0,0,2,1,-5.95,0.866,1,0,55
283,5,0,0,3,1,-5.65,0.8656,1,0,55
284,9,0,0,2,1,-5.69,0.8651,1,0,55
285,8,0,0,2,1,-6.53,0.8646,1,0,55
286,8,0,0,2,1,-6.58,0.8641,1,0,55
287,8,0,0,1,1,-5.78,0.8637,1,0,57
288,5,0,0,4,1,-5.35,0.8632,1,0,57
289,11,0,0,2,1,-7.56,0.8627,1,0,57
290,17,0,0,5,2,-8.67,0.8622,1,0,57
291,8,0,0,3,1,-7.18,0.8618,1,0,57
292,51,0,0,8,3,-13.41,0.8613,1,0,57
293,5,0,0,1,1,-5.8,0.8608,1,0,57
294,5,0,0,3,1,-4.75,0.8603,1,0,57
295,14,0,0,3,1,-8.69,0.8599,1,0,57
296,25,0,0,7,2,-9.85,0.8594,1,0,57
297,14,0,0,6,1,-5.54,0.8589,1,0,57
298,6,0,0,2,1,-5.51,0.8585,1,0,57
299,17,0,0,1,1,-8.07,0.858,1,0,57
300,8,0,0,3,1,-5.33,0.8575,1,0,57
301,34,0,0,5,3,-11.49,0.857,1,0,62
302,7,0,0,3,1,-6.12,0.8566,1,0,62
303,7,0,0,3,1,-5.32,0.8561,1,0,62
304,6,0,0,2,1,-6.01,0.8556,1,0,62
305,5,0,0,4,1,-5.25,0.8551,1,0,62
306,14,0,0,3,1,-7.39,0.8547,1,0,62
307,10,0,0,3,1,-7.25,0.8542,1,0,62
308,9,0,0,3,1,-6.19,0.8537,1,0,62
309,8,0,0,1,1,-5.83,0.8532,1,0,62
310,9,0,0,2,1,-6.49,0.8528,1,0,62
311,9,0,0,2,1,-6.64,0.8523,1,0,62
312,13,0,0,3,1,-6.43,0.8518,1,0,62
313,29,0,0,6,3,-10.14,0.8513,1,0,62
314,23,0,0,3,1,-12.78,0.8508,1,0,62
315,11,0,0,3,1,-6.41,0.8504,1,0,62
316,5,0,0,3,1,-5.65,0.8499,1,0,62
317,7,0,0,3,1,-5.77,0.8494,1,0,62
318,5,0,0,1,1,-5.35,0.8489,1,0,62
319,13,0,0,2,1,-7.23,0.8485,1,0,62
320,12,0,0,2,1,-5.57,0.848,1,0,62
321,10,0,0,2,1,-7.1,0.8475,1,0,62
322,8,0,0,3,1,-5.83,0.847,1,0,62
323,9,0,0,2,1,-5.59,0.8466,1,0,62
324,7,0,0,1,1,-6.27,0.8461,1,0,62
325,11,0,0,3,1,-8.21,0.8456,1,0,62
326,25,0,0,7,2,-7.85,0.8452,1,0,62
327,7,0,0,3,1,-6.17,0.8447,1,0,62
328,8,0,0,3,1,-5.68,0.8442,1,0,62
329,27,0,0,2,3,-9.32,0.8437,1,0,62
330,16,0,0,6,1,-6.81,0.8433,1,0,62
331,10,0,0,3,1,-5.4,0.8428,1,0,62
332,9,0,0,1,1,-5.99,0.8423,1,0,62
333,10,0,0,3,1,-7.25,0.8418,1,0,62
334,12,0,0,3,1,-5.97,0.8414,1,0,62
335,32,0,0,7,3,-10.57,0.8409,1,0,62
336,7,0,0,3,1,-5.72,0.8404,1,0,62
337,8,0,0,3,1,-5.68,0.8399,1,0,62
338,8,0,0,2,1,-6.58,0.8395,1,0,62
339,11,0,0,1,1,-6.96,0.839,1,0,62
340,7,0,0,3,1,-5.72,0.8385,1,0,62
341,10,0,0,2,1,-7.1,0.838,1,0,62
342,15,0,0,5,2,-7.75,0.8376,1,0,62
343,21,0,0,2,1,-8.21,0.8371,1,0,62
344,21,0,0,6,2,-7.11,0.8366,1,0,62
345,12,0,0,3,1,-7.12,0.8361,1,0,62
346,7,0,0,1,1,-5.87,0.8357,1,0,62
347,11,0,0,5,1,-5.26,0.8352,1,0,62
348,18,0,0,4,2,-8.53,0.8347,1,0,62
349,22,0,0,1,1,-10.22,0.8342,1,0,62
350,6,0,0,4,1,-5.86,0.8337,1,0,62
351,12,0,0,4,1,-7.87,0.8333,1,0,64
352,6,0,0,3,1,-5.71,0.8328,1,0,64
353,20,0,0,7,2,-6.6,0.8323,1,0,64
354,15,0,0,4,1,-7.15,0.8318,1,0,64
355,21,0,0,2,1,-8.76,0.8314,1,0,64
356,8,0,0,2,1,-6.98,0.8309,1,0,64
357,6,0,0,3,1,-5.11,0.8304,1,0,64
358,7,0,0,3,1,-6.22,0.8299,1,0,64
359,7,0,0,3,1,-4.87,0.8295,1,0,64
360,12,0,0,3,1,-6.37,0.829,1,0,64
361,14,0,0,5,1,-6.74,0.8285,1,0,64
362,7,0,0,1,1,-6.82,0.828,1,0,64
363,20,0,0,3,1,-10.05,0.8276,1,0,64
364,7,0,0,4,1,-4.32,0.8271,1,0,64
365,11,0,0,5,1,-6.26,0.8266,1,0,64
366,5,0,0,4,1,-4.45,0.8262,1,0,64
367,8,0,0,2,1,-6.53,0.8257,1,0,64
368,5,0,0,3,1,-6.15,0.8252,1,0,64
369,13,0,0,2,1,-6.18,0.8247,1,0,64
370,12,0,0,2,1,-7.12,0.8243,1,0,64
371,8,0,0,3,1,-5.33,0.8238,1,0,64
372,6,0,0,3,1,-6.16,0.8233,1,0,64
373,6,0,0,3,1,-6.16,0.8228,1,0,64
374,18,0,0,3,1,-9.48,0.8224,1,0,64
375,7,0,0,2,1,-6.97,0.8219,1,0,64
376,9,0,0,2,1,-7.49,0.8214,1,0,64
377,7,0,0,3,1,-5.77,0.8209,1,0,64
378,9,0,0,3,1,-6.19,0.8205,1,0,64
379,6,0,0,3,1,-5.56,0.82,1,0,64
380,20,0,0,5,2,-10.3,0.8195,1,0,64
381,5,0,0,3,1,-5.2,0.819,1,0,64
382,6,0,0,3,1,-6.16,0.8185,1,0,64
383,7,0,0,3,1,-6.22,0.8181,1,0,64
384,7,0,0,3,1,-5.72,0.8176,1,0,64
385,7,0,0,1,1,-5.87,0.8171,1,0,64
386,5,0,0,2,1,-5.1,0.8166,1,0,64
387,21,0,0,1,1,-10.51,0.8162,1,0,64
388,8,0,0,3,1,-7.18,0.8157,1,0,64
389,9,0,0,3,1,-7.69,0.8152,1,0,64
390,6,0,0,2,1,-6.01,0.8147,1,0,64
391,13,0,0,2,1,-5.68,0.8143,1,0,64
392,6,0,0,4,1,-5.46,0.8138,1,0,64
393,5,0,0,4,1,-5.35,0.8133,1,0,64
394,27,0,0,6,3,-8.27,0.8128,1,0,64
395,5,0,0,3,1,-5.1,0.8124,1,0,64
396,24,0,0,2,1,-9.89,0.8119,1,0,64
397,6,0,0,2,1,-5.41,0.8114,1,0,64
398,5,0,0,1,1,-5.8,0.811,1,0,64
399,15,0,0,3,1,-7.0,0.8105,1,0,64
400,13,0,0,2,1,-7.08,0.81,1,0,64
401,9,0,0,3,1,-5.29,0.8095,1,0,64
402,7,0,0,2,1,-6.52,0.8091,1,0,64
403,5,0,0,4,1,-5.35,0.8086,1,0,64
404,8,0,0,3,1,-6.58,0.8081,1,0,64
405,11,0,0,3,1,-6.61,0.8076,1,0,64
406,6,0,0,3,1,-5.66,0.8072,1,0,64
407,11,0,0,2,1,-8.01,0.8067,1,0,64
408,7,0,0,2,1,-7.02,0.8062,1,0,64
409,6,0,0,2,1,-4.86,0.8057,1,0,64
410,11,0,0,2,1,-8.06,0.8053,1,0,64
411,9,0,0,2,1,-4.99,0.8048,1,0,64
412,12,0,0,3,1,-7.17,0.8043,1,0,64
413,5,0,0,4,1,-4.9,0.8038,1,0,64
414,14,0,0,2,1,-7.14,0.8034,1,0,64
415,6,0,0,3,1,-5.71,0.8029,1,0,64
416,5,0,0,1,1,-5.8,0.8024,1,0,64
417,12,0,0,3,1,-7.37,0.8019,1,0,64
418,6,0,0,3,1,-5.71,0.8014,1,0,64
419,7,0,0,3,1,-6.62,0.801,1,0,64
420,11,0,0,6,1,-4.61,0.8005,1,0,64
421,14,0,0,5,2,-7.14,0.8,1,0,64
422,5,0,0,4,1,-4.45,0.7995,1,0,64
423,11,0,0,3,1,-4.86,0.7991,1,0,64
424,8,0,0,3,1,-5.68,0.7986,1,0,64
425,22,0,0,9,3,-6.82,0.7981,1,0,65
426,8,0,0,3,1,-5.78,0.7976,1,0,65
427,30,0,0,7,2,-7.95,0.7972,1,0,65
428,6,0,0,1,1,-6.26,0.7967,1,0,65
429,5,0,0,1,1,-5.25,0.7962,1,0,65
430,18,0,0,5,2,-9.63,0.7957,1,0,65
431,17,0,0,4,2,-7.17,0.7953,1,0,65
432,8,0,0,2,1,-6.53,0.7948,1,0,65
433,12,0,0,3,1,-5.37,0.7943,1,0,65
434,11,0,0,6,1,-5.41,0.7938,1,0,65
435,16,0,0,5,2,-7.26,0.7934,1,0,65
436,34,0,0,5,2,-7.89,0.7929,1,0,65
437,10,0,0,5,1,-5.7,0.7924,1,0,65
438,6,0,0,3,1,-5.71,0.792,1,0,65
439,14,0,0,2,1,-9.14,0.7915,1,0,65
440,12,0,0,4,1,-6.37,0.791,1,0,65
441,8,0,0,3,1,-5.28,0.7905,1,0,65
442,6,0,0,3,1,-5.21,0.7901,1,0,65
443,7,0,0,3,1,-5.12,0.7896,1,0,65
444,6,0,0,3,1,-6.06,0.7891,1,0,65
445,7,0,0,3,1,-5.77,0.7886,1,0,65
446,5,0,0,2,1,-5.5,0.7882,1,0,65
447,9,0,0,3,1,-5.19,0.7877,1,0,65
448,9,0,0,2,1,-4.69,0.7872,1,0,65
449,19,0,0,2,1,-9.69,0.7867,1,0,65
450,33,0,0,1,3,-12.23,0.7863,1,0,65
451,14,0,0,4,2,-6.04,0.7858,1,0,66
452,8,0,0,3,1,-6.68,0.7853,1,0,66
453,10,0,0,1,1,-7.4,0.7848,1,0,66
454,11,0,0,4,1,-6.51,0.7843,1,0,66
455,8,0,0,3,1,-6.18,0.7839,1,0,66
456,10,0,0,4,1,-6.45,0.7834,1,0,66
457,8,0,0,1,1,-6.38,0.7829,1,0,66
458,20,0,0,5,2,-9.35,0.7824,1,0,66
459,12,0,0,4,1,-6.97,0.782,1,0,66
460,13,0,0,2,1,-6.08,0.7815,1,0,66
461,22,0,0,4,2,-7.32,0.781,1,0,66
462,7,0,0,2,1,-6.02,0.7805,1,0,66
463,26,1,1,5,2,-5.46,0.7801,1,0,68
464,5,0,0,2,1,-5.95,0.7796,1,0,68
465,8,0,0,3,1,-5.78,0.7791,1,0,68
466,10,0,0,3,1,-5.35,0.7787,1,0,68
467,7,0,0,3,1,-5.77,0.7782,1,0,68
468,6,0,0,1,1,-6.26,0.7777,1,0,68
469,6,0,0,2,1,-5.51,0.7772,1,0,68
470,8,0,0,3,1,-5.68,0.7768,1,0,68
471,6,0,0,1,1,-5.71,0.7763,1,0,68
472,9,0,0,3,1,-5.69,0.7758,1,0,68
473,19,0,0,2,1,-7.34,0.7753,1,0,68
474,7,0,0,4,1,-5.82,0.7749,1,0,68
475,12,0,0,2,1,-7.12,0.7744,1,0,68
476,12,0,0,6,1,-5.37,0.7739,1,0,68
477,13,0,0,5,1,-5.08,0.7734,1,0,68
478,9,0,0,6,1,-5.64,0.773,1,0,68
479,6,0,0,2,1,-5.46,0.7725,1,0,68
480,12,0,0,5,1,-6.32,0.772,1,0,68
481,7,0,0,3,1,-6.67,0.7715,1,0,68
482,9,0,0,0,1,-7.64,0.7711,1,0,68
483,13,0,0,5,1,-6.23,0.7706,1,0,68
484,8,0,0,3,1,-5.83,0.7701,1,0,68
485,5,0,0,3,1,-5.65,0.7696,1,0,68
486,8,0,0,3,1,-6.23,0.7692,1,0,68
487,6,0,0,3,1,-5.71,0.7687,1,0,68
488,16,0,0,5,2,-5.36,0.7682,1,0,69
489,6,0,0,3,1,-5.26,0.7677,1,0,69
490,33,0,0,4,2,-11.38,0.7672,1,0,69
491,13,0,0,2,1,-7.58,0.7668,1,0,69
492,5,0,0,2,1,-4.5,0.7663,1,0,69
493,5,0,0,4,1,-4.45,0.7658,1,0,69
494,8,0,0,2,1,-6.53,0.7653,1,0,69
495,14,0,0,6,1,-5.84,0.7649,1,0,69
496,21,0,0,6,2,-7.06,0.7644,1,0,69
497,29,0,0,9,3,-8.94,0.7639,1,0,69
498,7,0,0,2,1,-6.02,0.7634,1,0,69
499,8,0,0,5,1,-5.13,0.763,1,0,69
500,5,0,0,2,1,-6.45,0.7625,1,0,69
501,19,0,0,6,2,-6.49,0.762,1,0,69
502,5,0,0,3,1,-6.15,0.7615,1,0,69
503,6,0,0,1,1,-6.31,0.7611,1,0,69
504,35,0,0,7,3,-10.55,0.7606,1,0,69
505,28,0,0,6,3,-7.68,0.7601,1,0,69
506,5,0,0,3,1,-4.8,0.7597,1,0,69
507,7,0,0,3,1,-5.77,0.7592,1,0,69
508,6,0,0,2,1,-4.96,0.7587,1,0,69
509,9,0,0,6,1,-5.84,0.7582,1,0,69
510,18,0,0,6,2,-7.43,0.7578,1,0,69
511,6,0,0,1,1,-5.81,0.7573,1,0,71
512,6,0,0,3,1,-5.66,0.7568,1,0,71
513,7,0,0,0,1,-7.12,0.7563,1,0,71
514,19,0,0,4,2,-7.69,0.7559,1,0,71
515,7,0,0,2,1,-6.52,0.7554,1,0,71
516,9,0,0,3,1,-8.19,0.7549,1,0,71
517,6,0,0,2,1,-5.96,0.7544,1,0,71
518,32,0,0,10,3,-8.42,0.754,1,0,71
519,16,0,0,3,1,-8.91,0.7535,1,0,71
520,19,0,0,3,1,-9.34,0.753,1,0,71
521,9,0,0,1,1,-6.44,0.7525,1,0,71
522,5,0,0,2,1,-4.5,0.752,1,0,71
523,34,1,1,8,3,-9.09,0.7516,1,0,72
524,8,0,0,3,1,-5.83,0.7511,1,0,72
525,7,0,0,2,1,-6.02,0.7506,1,0,72
526,7,0,0,2,1,-5.57,0.7501,1,0,72
527,8,0,0,3,1,-5.78,0.7497,1,0,72
528,6,0,0,2,1,-6.51,0.7492,1,0,72
529,8,0,0,2,1,-6.48,0.7487,1,0,72
530,6,0,0,3,1,-5.71,0.7483,1,0,72
531,9,0,0,5,1,-5.09,0.7478,1,0,72
532,16,0,0,5,2,-5.81,0.7473,1,0,72
533,6,0,0,3,1,-4.76,0.7468,1,0,72
534,6,0,0,2,1,-5.51,0.7464,1,0,72
535,10,0,0,2,1,-8.5,0.7459,1,0,72
536,9,0,0,2,1,-5.59,0.7454,1,0,72
537,6,0,0,3,1,-6.16,0.7449,1,0,72
538,9,0,0,2,1,-7.04,0.7445,1,0,72
539,10,0,0,1,1,-6.25,0.744,1,0,72
540,5,0,0,4,1,-4.95,0.7435,1,0,72
541,12,0,0,3,1,-8.32,0.743,1,0,72
542,18,0,0,6,2,-8.43,0.7426,1,0,72
543,17,0,0,9,2,-5.62,0.7421,1,0,72
544,9,0,0,2,1,-7.04,0.7416,1,0,72
545,12,0,0,2,1,-6.37,0.7411,1,0,72
546,12,0,0,2,1,-6.57,0.7407,1,0,72
547,17,0,0,5,1,-7.87,0.7402,1,0,72
548,13,0,0,2,1,-8.68,0.7397,1,0,72
549,13,0,0,3,1,-7.33,0.7392,1,0,72
550,9,0,0,3,1,-6.14,0.7388,1,0,72
551,6,0,0,1,1,-6.31,0.7383,1,0,72
552,9,0,0,3,1,-5.64,0.7378,1,0,72
553,17,0,0,3,1,-7.52,0.7373,1,0,72
554,12,0,0,1,1,-7.02,0.7369,1,0,72
555,7,0,0,2,1,-6.02,0.7364,1,0,72
556,7,0,0,1,1,-5.87,0.7359,1,0,72
557,9,0,0,3,1,-5.84,0.7354,1,0,72
558,8,0,0,3,1,-5.38,0.7349,1,0,72
559,5,0,0,3,1,-5.55,0.7345,1,0,72
560,7,0,0,3,1,-5.17,0.734,1,0,72
561,28,0,0,10,3,-7.03,0.7335,1,0,72
562,14,0,0,8,2,-4.24,0.733,1,0,72
563,11,0,0,2,1,-6.66,0.7326,1,0,72
564,10,0,0,3,1,-7.25,0.7321,1,0,72
565,5,0,0,4,1,-4.9,0.7316,1,0,72
566,10,0,0,2,1,-6.55,0.7311,1,0,72
567,5,0,0,3,1,-5.2,0.7307,1,0,72
568,16,0,0,7,2,-7.36,0.7302,1,0,72
569,10,0,0,5,1,-5.5,0.7297,1,0,72
570,13,0,0,3,1,-7.28,0.7292,1,0,72
571,7,0,0,3,1,-6.17,0.7288,1,0,72
572,5,0,0,4,1,-5.35,0.7283,1,0,72
573,16,0,0,5,2,-6.26,0.7278,1,0,72
574,21,0,0,6,2,-8.11,0.7274,1,0,72
575,7,0,0,2,1,-4.57,0.7269,1,0,72
576,6,0,0,3,1,-5.66,0.7264,1,0,72
577,9,0,0,3,1,-6.79,0.7259,1,0,72
578,7,0,0,3,1,-6.17,0.7255,1,0,72
579,9,0,0,2,1,-7.09,0.725,1,0,72
580,7,0,0,2,1,-4.57,0.7245,1,0,72
581,18,0,0,5,1,-8.78,0.724,1,0,72
582,5,0,0,4,1,-5.25,0.7236,1,0,72
583,28,0,0,7,3,-9.18,0.7231,1,0,74
584,6,0,0,3,1,-5.21,0.7226,1,0,74
585,13,0,0,3,1,-7.93,0.7221,1,0,74
586,5,0,0,3,1,-5.7,0.7217,1,0,74
587,16,0,0,3,1,-5.81,0.7212,1,0,74
588,7,0,0,1,1,-5.87,0.7207,1,0,74
589,7,0,0,3,1,-5.27,0.7202,1,0,74
590,13,0,0,8,2,-3.83,0.7198,1,0,74
591,6,0,0,2,1,-5.51,0.7193,1,0,74
592,7,0,0,2,1,-5.47,0.7188,1,0,74
593,6,0,0,3,1,-4.76,0.7183,1,0,74
594,14,0,0,6,2,-6.44,0.7179,1,0,74
595,7,0,0,2,1,-6.52,0.7174,1,0,74
596,10,0,0,6,1,-6.7,0.7169,1,0,74
597,7,0,0,3,1,-5.17,0.7164,1,0,74
598,5,0,0,4,1,-5.35,0.716,1,0,74
599,33,0,0,3,3,-11.18,0.7155,1,0,74
600,6,0,0,3,1,-5.71,0.715,1,0,74
601,11,0,0,3,1,-6.81,0.7145,1,0,74
602,19,0,0,5,1,-5.94,0.7141,1,0,74
603,10,0,0,1,1,-7.35,0.7136,1,0,74
604,8,0,0,3,1,-5.78,0.7131,1,0,74
605,5,0,0,3,1,-5.2,0.7126,1,0,74
606,19,0,0,3,2,-7.84,0.7122,1,0,74
607,5,0,0,1,1,-6.25,0.7117,1,0,74
608,28,0,0,5,2,-8.08,0.7112,1,0,74
609,15,0,0,2,1,-8.1,0.7107,1,0,74
610,5,0,0,2,1,-6.0,0.7103,1,0,74
611,8,0,0,2,1,-6.53,0.7098,1,0,74
612,6,0,0,3,1,-5.66,0.7093,1,0,74
613,18,0,0,6,2,-5.63,0.7088,1,0,74
614,9,0,0,2,1,-6.64,0.7084,1,0,74
615,8,0,0,2,1,-6.58,0.7079,1,0,74
616,16,0,0,2,1,-6.71,0.7074,1,0,74
617,7,0,0,3,1,-5.27,0.7069,1,0,74
618,6,0,0,3,1,-5.21,0.7065,1,0,74
619,36,0,0,8,3,-11.71,0.706,1,0,74
620,5,0,0,3,1,-5.7,0.7055,1,0,74
621,6,0,0,0,1,-5.71,0.705,1,0,74
622,5,0,0,3,1,-5.7,0.7046,1,0,74
623,15,0,0,5,2,-6.7,0.7041,1,0,74
624,9,0,0,3,1,-6.19,0.7036,1,0,74
625,8,0,0,3,1,-6.23,0.7031,1,0,74
626,14,0,0,6,2,-5.89,0.7026,1,0,74
627,12,0,0,2,1,-7.12,0.7022,1,0,74
628,7,0,0,3,1,-6.22,0.7017,1,0,74
629,22,0,0,4,2,-7.67,0.7012,1,0,74
630,6,0,0,1,1,-6.31,0.7007,1,0,74
631,5,0,0,2,1,-5.95,0.7003,1,0,74
632,17,0,0,5,2,-7.72,0.6998,1,0,74
633,23,0,0,6,2,-9.63,0.6993,1,0,74
634,32,0,0,4,3,-12.82,0.6988,1,0,74
635,7,0,0,2,1,-6.02,0.6984,1,0,74
636,9,0,0,3,1,-6.29,0.6979,1,0,74
637,6,0,0,3,1,-5.21,0.6974,1,0,74
638,6,0,0,2,1,-5.41,0.6969,1,0,74
639,18,0,0,5,1,-7.78,0.6965,1,0,74
640,7,0,0,3,1,-5.72,0.696,1,0,74
641,6,0,0,2,1,-5.51,0.6955,1,0,74
642,10,0,0,5,1,-5.0,0.695,1,0,74
643,5,0,0,3,1,-5.55,0.6946,1,0,74
644,9,0,0,3,1,-6.74,0.6941,1,0,74
645,6,0,0,2,1,-5.51,0.6936,1,0,74
646,7,0,0,3,1,-6.17,0.6931,1,0,74
647,5,0,0,3,1,-5.2,0.6927,1,0,74
648,5,0,0,3,1,-5.55,0.6922,1,0,74
649,10,0,0,2,1,-6.7,0.6917,1,0,74
650,6,0,0,2,1,-5.96,0.6913,1,0,74
651,6,0,0,2,1,-5.06,0.6908,1,0,74
652,7,0,0,3,1,-4.82,0.6903,1,0,74
653,8,0,0,5,1,-4.68,0.6898,1,0,74
654,20,0,0,8,2,-6.4,0.6894,1,0,74
655,7,0,0,2,1,-5.92,0.6889,1,0,74
656,6,0,0,2,1,-5.96,0.6884,1,0,74
657,7,0,0,3,1,-5.72,0.6879,1,0,74
658,13,0,0,8,2,-4.38,0.6875,1,0,74
659,10,0,0,3,1,-6.75,0.687,1,0,74
660,15,0,0,4,2,-7.5,0.6865,1,0,74
661,15,0,0,5,2,-6.8,0.686,1,0,74
662,6,0,0,2,1,-5.56,0.6855,1,0,74
663,12,0,0,3,1,-6.82,0.6851,1,0,74
664,32,0,0,7,3,-8.42,0.6846,1,0,74
665,9,0,0,3,1,-6.29,0.6841,1,0,74
666,6,0,0,2,1,-6.01,0.6836,1,0,74
667,6,0,0,3,1,-5.26,0.6832,1,0,74
668,16,0,0,3,2,-8.86,0.6827,1,0,74
669,12,0,0,4,1,-6.07,0.6822,1,0,74
670,7,0,0,3,1,-6.57,0.6818,1,0,74
671,10,0,0,6,1,-4.75,0.6813,1,0,74
672,7,0,0,3,1,-5.22,0.6808,1,0,74
673,6,0,0,3,1,-5.26,0.6803,1,0,74
674,9,0,0,3,1,-4.79,0.6799,1,0,74
675,17,0,0,5,2,-6.72,0.6794,1,0,74
676,12,0,0,2,1,-6.62,0.6789,1,0,74
677,9,0,0,3,1,-5.79,0.6784,1,0,74
678,6,0,0,3,1,-4.76,0.678,1,0,74
679,5,0,0,4,1,-5.75,0.6775,1,0,74
680,6,0,0,2,1,-5.11,0.677,1,0,74
681,6,0,0,3,1,-5.21,0.6765,1,0,74
682,7,0,0,2,1,-6.47,0.6761,1,0,74
683,19,0,0,5,1,-7.24,0.6756,1,0,74
684,6,0,0,1,1,-6.76,0.6751,1,0,74
685,13,0,0,4,1,-5.98,0.6746,1,0,74
686,10,0,0,3,1,-6.2,0.6742,1,0,74
687,10,0,0,3,1,-5.3,0.6737,1,0,74
688,12,0,0,3,1,-5.82,0.6732,1,0,74
689,5,0,0,4,1,-4.9,0.6727,1,0,74
690,6,0,0,3,1,-5.21,0.6723,1,0,74
691,13,0,0,8,2,-3.23,0.6718,1,0,74
692,32,0,0,9,3,-8.27,0.6713,1,0,74
693,7,0,0,4,1,-5.92,0.6708,1,0,74
694,6,0,0,2,1,-6.46,0.6704,1,0,74
695,5,0,0,3,1,-5.55,0.6699,1,0,74
696,6,0,0,3,1,-5.66,0.6694,1,0,74
697,9,0,0,3,1,-6.29,0.6689,1,0,74
698,9,0,0,2,1,-6.04,0.6684,1,0,74
699,6,0,0,4,1,-5.86,0.668,1,0,74
700,18,0,0,6,2,-7.03,0.6675,1,0,74
701,7,0,0,2,1,-5.47,0.667,1,0,74
702,9,0,0,2,1,-6.59,0.6665,1,0,74
703,11,0,0,5,1,-5.21,0.6661,1,0,74
704,8,0,0,3,1,-5.78,0.6656,1,0,74
705,11,0,0,3,1,-6.11,0.6651,1,0,74
706,10,0,0,5,1,-5.95,0.6646,1,0,74
707,7,0,0,3,1,-4.82,0.6642,1,0,74
708,20,0,0,5,2,-7.35,0.6637,1,0,74
709,7,0,0,3,1,-5.72,0.6632,1,0,74
710,9,0,0,3,1,-5.74,0.6627,1,0,74
711,6,0,0,4,1,-5.86,0.6623,1,0,74
712,10,0,0,5,1,-5.2,0.6618,1,0,74
713,6,0,0,3,1,-5.71,0.6613,1,0,74
714,6,0,0,2,1,-6.36,0.6609,1,0,74
715,36,0,0,6,3,-10.66,0.6604,1,0,74
716,5,0,0,2,1,-5.5,0.6599,1,0,74
717,7,0,0,4,1,-4.97,0.6594,1,0,74
718,5,0,0,3,1,-5.1,0.659,1,0,74
719,15,0,0,5,2,-7.7,0.6585,1,0,74
720,7,0,0,3,1,-5.77,0.658,1,0,74
721,14,0,0,5,2,-6.19,0.6575,1,0,74
722,6,0,0,2,1,-5.56,0.6571,1,0,74
723,24,0,0,5,2,-9.74,0.6566,1,0,74
724,6,0,0,3,1,-5.21,0.6561,1,0,74
725,16,0,0,6,2,-5.91,0.6556,1,0,74
726,44,0,0,7,3,-12.14,0.6552,1,0,75
727,22,0,0,6,3,-7.07,0.6547,1,0,75
728,6,0,0,2,1,-5.51,0.6542,1,0,75
729,26,0,0,6,2,-8.61,0.6537,1,0,75
730,6,0,0,3,1,-4.81,0.6532,1,0,75
731,7,0,0,2,1,-5.57,0.6528,1,0,75
732,6,0,0,2,1,-5.06,0.6523,1,0,75
733,14,0,0,7,2,-5.09,0.6518,1,0,75
734,14,0,0,8,2,-5.34,0.6514,1,0,75
735,5,0,0,1,1,-6.25,0.6509,1,0,75
736,7,0,0,2,1,-5.87,0.6504,1,0,75
737,13,0,0,2,1,-6.73,0.6499,1,0,75
738,14,0,0,5,2,-6.19,0.6495,1,0,75
739,29,0,0,8,2,-6.44,0.649,1,0,75
740,8,0,0,4,1,-5.88,0.6485,1,0,75
741,26,1,1,4,3,-8.06,0.648,1,0,76
742,9,0,0,2,1,-7.04,0.6476,1,0,76
743,8,0,0,3,1,-6.68,0.6471,1,0,76
744,6,0,0,2,1,-5.51,0.6466,1,0,76
745,19,0,0,7,2,-5.69,0.6461,1,0,76
746,9,0,0,3,1,-6.79,0.6457,1,0,76
747,5,0,0,4,1,-4.9,0.6452,1,0,76
748,6,0,0,1,1,-5.81,0.6447,1,0,76
749,6,0,0,2,1,-5.41,0.6442,1,0,76
750,9,0,0,6,1,-4.79,0.6438,1,0,76
751,5,0,0,3,1,-5.2,0.6433,1,0,76
752,7,0,0,2,1,-5.57,0.6428,1,0,76
753,5,0,0,4,1,-4.8,0.6423,1,0,76
754,7,0,0,2,1,-6.02,0.6419,1,0,76
755,7,0,0,3,1,-6.17,0.6414,1,0,76
756,17,0,0,4,2,-7.62,0.6409,1,0,76
757,10,0,0,3,1,-6.35,0.6404,1,0,76
758,6,0,0,2,1,-5.96,0.64,1,0,76
759,8,0,0,1,1,-5.88,0.6395,1,0,76
760,12,0,0,2,1,-7.12,0.639,1,0,76
761,10,0,0,4,1,-6.9,0.6385,1,0,76
762,13,0,0,5,1,-6.93,0.6381,1,0,76
763,9,0,0,3,1,-6.74,0.6376,1,0,76
764,5,0,0,3,1,-5.2,0.6371,1,0,76
765,7,0,0,2,1,-5.47,0.6366,1,0,76
766,16,0,0,4,2,-6.16,0.6361,1,0,76
767,12,0,0,3,1,-8.72,0.6357,1,0,76
768,13,0,0,5,2,-6.23,0.6352,1,0,76
769,23,0,0,8,3,-7.08,0.6347,1,0,76
770,13,0,0,4,1,-7.48,0.6342,1,0,76
771,6,0,0,1,1,-6.26,0.6338,1,0,76
772,8,0,0,3,1,-5.18,0.6333,1,0,76
773,9,0,0,3,1,-6.19,0.6328,1,0,76
774,14,0,0,6,2,-5.99,0.6323,1,0,76
775,9,0,0,3,1,-6.69,0.6319,1,0,76
776,10,0,0,3,1,-6.7,0.6314,1,0,76
777,18,0,0,4,2,-6.18,0.6309,1,0,76
778,5,0,0,2,1,-5.05,0.6304,1,0,76
779,7,0,0,3,1,-4.82,0.63,1,0,76
780,7,0,0,3,1,-4.82,0.6295,1,0,76
781,23,0,0,9,3,-6.13,0.629,1,0,76
782,5,0,0,3,1,-4.55,0.6285,1,0,76
783,14,0,0,7,2,-5.69,0.6281,1,0,76
784,6,0,0,1,1,-5.71,0.6276,1,0,76
785,15,0,0,2,1,-7.2,0.6271,1,0,76
786,6,0,0,3,1,-4.76,0.6266,1,0,76
787,27,1,1,11,3,-5.97,0.6262,1,0,76
788,22,0,0,8,3,-5.97,0.6257,1,0,76
789,20,0,0,7,2,-4.8,0.6252,1,0,76
790,7,0,0,4,1,-4.42,0.6248,1,0,76
791,7,0,0,3,1,-5.72,0.6243,1,0,76
792,7,0,0,3,1,-4.62,0.6238,1,0,76
793,7,0,0,3,1,-5.72,0.6233,1,0,76
794,15,0,0,3,2,-7.35,0.6229,1,0,76
795,9,0,0,2,1,-6.94,0.6224,1,0,76
796,6,0,0,2,1,-5.06,0.6219,1,0,76
797,6,0,0,2,1,-4.96,0.6214,1,0,76
798,7,0,0,3,1,-5.72,0.621,1,0,76
799,6,0,0,3,1,-5.66,0.6205,1,0,76
800,5,0,0,3,1,-5.2,0.62,1,0,76
801,15,0,0,5,2,-5.35,0.6195,1,0,76
802,17,0,0,6,2,-6.62,0.619,1,0,76
803,15,0,0,5,2,-6.55,0.6186,1,0,76
804,6,0,0,4,1,-5.46,0.6181,1,0,76
805,6,0,0,3,1,-5.21,0.6176,1,0,76
806,6,0,0,2,1,-5.56,0.6171,1,0,76
807,6,0,0,1,1,-5.81,0.6167,1,0,76
808,10,0,0,4,1,-5.55,0.6162,1,0,76
809,6,0,0,3,1,-5.21,0.6157,1,0,76
810,8,0,0,2,1,-5.58,0.6153,1,0,76
811,5,0,0,4,1,-4.45,0.6148,1,0,76
812,6,0,0,1,1,-4.76,0.6143,1,0,76
813,8,0,0,3,1,-7.13,0.6138,1,0,76
814,5,0,0,3,1,-4.65,0.6134,1,0,76
815,30,0,0,5,2,-7.5,0.6129,1,0,76
816,16,0,0,6,2,-7.01,0.6124,1,0,76
817,40,0,0,5,4,-9.35,0.6119,1,0,76
818,8,0,0,2,1,-5.48,0.6115,1,0,76
819,13,0,0,7,2,-3.83,0.611,1,0,76
820,8,0,0,4,1,-6.33,0.6105,1,0,76
821,8,0,0,2,1,-6.98,0.61,1,0,76
822,7,0,0,2,1,-4.67,0.6096,1,0,76
823,7,0,0,2,1,-5.57,0.6091,1,0,76
824,14,0,0,5,2,-7.59,0.6086,1,0,76
825,7,0,0,4,1,-5.42,0.6081,1,0,76
826,6,0,0,2,1,-5.06,0.6077,1,0,76
827,22,0,0,9,3,-5.57,0.6072,1,0,76
828,7,0,0,3,1,-5.17,0.6067,1,0,76
829,6,0,0,1,1,-6.76,0.6062,1,0,76
830,8,0,0,5,1,-4.68,0.6058,1,0,76
831,6,0,0,1,1,-5.31,0.6053,1,0,76
832,6,0,0,2,1,-5.51,0.6048,1,0,76
833,8,0,0,2,1,-6.08,0.6043,1,0,76
834,29,0,0,5,2,-9.54,0.6038,1,0,76
835,7,0,0,2,1,-6.02,0.6034,1,0,76
836,9,0,0,3,1,-6.29,0.6029,1,0,76
837,18,0,0,5,2,-7.38,0.6024,1,0,76
838,14,0,0,8,2,-6.14,0.6019,1,0,76
839,11,0,0,1,1,-6.86,0.6015,1,0,76
840,6,0,0,2,1,-6.01,0.601,1,0,76
841,6,0,0,2,1,-4.96,0.6005,1,0,76
842,7,0,0,3,1,-5.27,0.6,1,0,76
843,13,0,0,7,2,-5.43,0.5996,1,0,76
844,5,0,0,3,1,-5.2,0.5991,1,0,76
845,5,0,0,2,1,-5.45,0.5986,1,0,76
846,14,0,0,4,1,-6.44,0.5981,1,0,76
847,9,0,0,5,1,-4.59,0.5977,1,0,76
848,10,0,0,2,1,-7.05,0.5972,1,0,76
849,11,0,0,2,1,-6.16,0.5967,1,0,76
850,8,0,0,3,1,-5.33,0.5962,1,0,76
851,13,0,0,2,1,-7.23,0.5958,1,0,76
852,13,0,0,4,2,-5.43,0.5953,1,0,77
853,8,0,0,4,1,-5.78,0.5948,1,0,77
854,9,0,0,2,1,-6.59,0.5944,1,0,77
855,5,0,0,3,1,-4.75,0.5939,1,0,77
856,6,0,0,1,1,-5.36,0.5934,1,0,77
857,5,0,0,3,1,-5.2,0.5929,1,0,77
858,8,0,0,2,1,-6.53,0.5925,1,0,77
859,30,0,0,1,1,-8.65,0.592,1,0,77
860,7,0,0,3,1,-5.17,0.5915,1,0,77
861,7,0,0,3,1,-5.77,0.591,1,0,77
862,28,0,0,7,3,-6.98,0.5906,1,0,77
863,6,0,0,3,1,-5.21,0.5901,1,0,77
864,7,0,0,2,1,-5.57,0.5896,1,0,77
865,7,0,0,2,1,-5.12,0.5891,1,0,77
866,8,0,0,5,1,-5.13,0.5887,1,0,77
867,62,0,0,5,3,-14.87,0.5882,1,0,77
868,12,0,0,2,1,-5.57,0.5877,1,0,77
869,5,0,0,3,1,-5.7,0.5872,1,0,77
870,31,0,0,8,3,-7.76,0.5867,1,0,77
871,6,0,0,3,1,-4.76,0.5863,1,0,77
872,9,0,0,6,1,-4.94,0.5858,1,0,77
873,5,0,0,3,1,-5.65,0.5853,1,0,77
874,15,0,0,4,2,-7.55,0.5849,1,0,77
875,7,0,0,2,1,-6.47,0.5844,1,0,77
876,6,0,0,3,1,-6.16,0.5839,1,0,77
877,7,0,0,3,1,-6.17,0.5834,1,0,77
878,15,0,0,4,2,-8.0,0.583,1,0,77
879,10,0,0,3,1,-6.7,0.5825,1,0,77
880,16,0,0,6,2,-6.86,0.582,1,0,77
881,7,0,0,2,1,-5.47,0.5815,1,0,77
882,25,0,0,6,2,-9.9,0.5811,1,0,77
883,8,0,0,6,1,-4.38,0.5806,1,0,77
884,7,0,0,3,1,-5.27,0.5801,1,0,77
885,6,0,0,2,1,-5.96,0.5796,1,0,77
886,5,0,0,4,1,-4.8,0.5792,1,0,77
887,8,0,0,2,1,-5.63,0.5787,1,0,77
888,10,0,0,2,1,-8.0,0.5782,1,0,77
889,5,0,0,3,1,-4.75,0.5777,1,0,77
890,8,0,0,3,1,-6.68,0.5773,1,0,77
891,14,0,0,2,1,-7.64,0.5768,1,0,77
892,11,0,0,4,1,-6.96,0.5763,1,0,77
893,12,0,0,5,1,-5.72,0.5758,1,0,77
894,8,0,0,3,1,-4.78,0.5754,1,0,77
895,20,0,0,8,2,-5.95,0.5749,1,0,77
896,5,0,0,4,1,-4.95,0.5744,1,0,77
897,14,0,0,6,2,-5.44,0.5739,1,0,77
898,6,0,0,3,1,-4.76,0.5735,1,0,77
899,18,0,0,5,2,-7.33,0.573,1,0,77
900,15,0,0,3,2,-6.85,0.5725,1,0,77
901,5,0,0,4,1,-4.9,0.572,1,0,77
902,15,0,0,5,2,-5.35,0.5716,1,0,77
903,6,0,0,4,1,-4.86,0.5711,1,0,77
904,6,0,0,3,1,-5.16,0.5706,1,0,77
905,7,0,0,2,1,-5.47,0.5701,1,0,77
906,7,0,0,4,1,-6.37,0.5696,1,0,77
907,9,0,0,2,1,-6.54,0.5692,1,0,77
908,13,0,0,7,2,-5.18,0.5687,1,0,77
909,7,0,0,3,1,-5.72,0.5682,1,0,77
910,8,0,0,2,1,-6.13,0.5677,1,0,77
911,6,0,0,2,1,-4.61,0.5673,1,0,77
912,13,0,0,6,2,-6.43,0.5668,1,0,77
913,10,0,0,3,1,-7.6,0.5663,1,0,77
914,15,0,0,6,2,-7.0,0.5658,1,0,77
915,14,0,0,6,2,-5.09,0.5654,1,0,77
916,6,0,0,3,1,-4.76,0.5649,1,0,77
917,6,0,0,4,1,-5.86,0.5644,1,0,77
918,8,0,0,2,1,-6.58,0.5639,1,0,77
919,15,0,0,3,1,-7.75,0.5635,1,0,77
920,16,0,0,6,2,-6.06,0.563,1,0,77
921,5,0,0,3,1,-5.2,0.5625,1,0,77
922,23,0,0,11,3,-5.08,0.562,1,0,77
923,5,0,0,1,1,-5.8,0.5616,1,0,77
924,68,1,1,8,6,-9.58,0.5611,1,0,77
925,15,0,0,4,2,-6.0,0.5606,1,0,77
926,9,0,0,3,1,-4.79,0.5601,1,0,77
927,6,0,0,2,1,-6.46,0.5597,1,0,77
928,9,0,0,4,1,-5.39,0.5592,1,0,77
929,36,0,0,8,3,-8.76,0.5587,1,0,77
930,28,1,1,6,3,-6.18,0.5583,1,0,77
931,10,0,0,2,1,-7.1,0.5578,1,0,77
932,5,0,0,3,1,-5.2,0.5573,1,0,77
933,5,0,0,3,1,-6.05,0.5568,1,0,77
934,14,0,0,6,2,-6.44,0.5564,1,0,77
935,6,0,0,2,1,-5.06,0.5559,1,0,77
936,5,0,0,4,1,-4.9,0.5554,1,0,77
937,9,0,0,3,1,-6.29,0.5549,1,0,77
938,9,0,0,4,1,-5.94,0.5545,1,0,77
939,6,0,0,2,1,-5.51,0.554,1,0,77
940,6,0,0,3,1,-4.66,0.5535,1,0,77
941,30,0,0,9,3,-8.8,0.553,1,0,77
942,7,0,0,3,1,-5.72,0.5526,1,0,77
943,6,0,0,4,1,-4.91,0.5521,1,0,77
944,6,0,0,2,1,-5.51,0.5516,1,0,77
945,7,0,0,3,1,-6.22,0.5511,1,0,77
946,7,0,0,3,1,-5.72,0.5507,1,0,77
947,7,0,0,5,1,-4.97,0.5502,1,0,77
948,18,0,0,5,2,-7.78,0.5497,1,0,77
949,67,0,0,11,4,-11.62,0.5492,1,0,77
950,7,0,0,6,1,-4.12,0.5488,1,0,77
951,19,0,0,6,2,-8.44,0.5483,1,0,77
952,7,0,0,3,1,-5.27,0.5478,1,0,77
953,37,0,0,5,2,-8.52,0.5473,1,0,77
954,18,0,0,6,2,-6.18,0.5469,1,0,77
955,6,0,0,2,1,-5.51,0.5464,1,0,77
956,7,0,0,2,1,-5.92,0.5459,1,0,77
957,13,0,0,5,2,-6.23,0.5454,1,0,77
958,6,0,0,3,1,-6.16,0.545,1,0,77
959,10,0,0,2,1,-8.0,0.5445,1,0,77
960,6,0,0,3,1,-5.71,0.544,1,0,77
961,13,0,0,3,1,-6.88,0.5435,1,0,77
962,17,0,0,4,2,-6.22,0.5431,1,0,77
963,27,0,0,8,3,-7.52,0.5426,1,0,78
964,15,0,0,3,1,-7.9,0.5421,1,0,78
965,6,0,0,2,1,-5.51,0.5416,1,0,78
966,14,0,0,5,2,-6.29,0.5412,1,0,78
967,8,0,0,3,1,-5.33,0.5407,1,0,78
968,6,0,0,3,1,-5.21,0.5402,1,0,78
969,5,0,0,3,1,-5.65,0.5397,1,0,78
970,7,0,0,3,1,-5.62,0.5393,1,0,78
971,7,0,0,2,1,-5.47,0.5388,1,0,78
972,8,0,0,2,1,-6.08,0.5383,1,0,78
973,18,0,0,5,2,-6.23,0.5378,1,0,79
974,58,0,0,12,4,-9.33,0.5373,1,0,79
975,36,0,0,11,3,-5.56,0.5369,1,0,80
976,12,0,0,2,1,-6.22,0.5364,1,0,80
977,7,0,0,3,1,-5.52,0.5359,1,0,80
978,9,0,0,4,1,-4.14,0.5354,1,0,80
979,16,0,0,6,2,-6.36,0.535,1,0,80
980,6,0,0,3,1,-6.16,0.5345,1,0,80
981,5,0,0,2,1,-4.6,0.534,1,0,80
982,5,0,0,4,1,-4.45,0.5335,1,0,80
983,7,0,0,2,1,-5.57,0.5331,1,0,80
984,6,0,0,3,1,-5.21,0.5326,1,0,80
985,6,0,0,3,1,-5.71,0.5321,1,0,80
986,9,0,0,5,1,-5.09,0.5316,1,0,80
987,55,0,0,5,3,-11.9,0.5312,0,0,81
988,7,0,0,3,1,-5.27,0.5307,1,0,81
989,34,0,0,5,3,-9.44,0.5302,1,0,81
990,14,0,0,6,2,-5.79,0.5297,1,0,81
991,16,0,0,10,2,-4.11,0.5293,1,0,81
992,5,0,0,3,1,-5.2,0.5288,1,0,81
993,7,0,0,3,1,-5.27,0.5283,1,0,81
994,9,0,0,2,1,-6.59,0.5279,1,0,81
995,24,0,0,6,3,-6.94,0.5274,1,0,85
996,6,0,0,2,1,-5.41,0.5269,1,0,85
997,5,0,0,4,1,-4.9,0.5264,1,0,85
998,5,0,0,4,1,-4.45,0.526,1,0,85
999,10,0,0,2,1,-5.65,0.5255,1,0,85
1000,7,0,0,3,1,-4.77,0.525,1,0,85
1001,7,0,0,6,1,-3.32,0.5245,1,0,85
1002,20,0,0,7,2,-8.6,0.5241,1,0,85
1003,11,0,0,3,1,-6.31,0.5236,1,0,85
1004,7,0,0,3,1,-5.27,0.5231,1,0,85
1005,5,0,0,2,1,-4.95,0.5226,1,0,85
1006,91,0,0,9,4,-13.16,0.5222,1,0,85
1007,7,0,0,3,1,-6.17,0.5217,1,0,85
1008,7,0,0,2,1,-6.02,0.5212,1,0,85
1009,8,0,0,3,1,-5.33,0.5207,1,0,85
1010,8,0,0,5,1,-3.73,0.5203,1,0,85
1011,6,0,0,3,1,-5.21,0.5198,1,0,85
1012,5,0,0,3,1,-5.7,0.5193,1,0,85
1013,16,0,0,6,2,-7.01,0.5188,1,0,85
1014,6,0,0,2,1,-5.41,0.5184,1,0,85
1015,13,0,0,8,2,-4.28,0.5179,1,0,85
1016,14,0,0,3,2,-7.34,0.5174,1,0,85
1017,6,0,0,3,1,-4.76,0.5169,1,0,85
1018,13,0,0,6,2,-6.68,0.5165,1,0,85
1019,10,0,0,2,1,-6.9,0.516,1,0,85
1020,15,0,0,6,2,-5.5,0.5155,1,0,85
1021,6,0,0,2,1,-5.06,0.515,1,0,85
1022,7,0,0,3,1,-4.82,0.5146,1,0,85
1023,7,0,0,3,1,-5.17,0.5141,1,0,85
1024,17,0,0,9,2,-3.72,0.5136,1,0,85
1025,10,0,0,3,1,-5.6,0.5131,1,0,85
1026,6,0,0,2,1,-5.51,0.5127,1,0,85
1027,15,0,0,6,2,-5.65,0.5122,1,0,85
1028,6,0,0,3,1,-5.66,0.5117,1,0,85
1029,13,0,0,6,2,-5.48,0.5112,1,0,85
1030,14,0,0,7,2,-5.64,0.5108,1,0,85
1031,5,0,0,4,1,-5.25,0.5103,1,0,85
1032,14,0,0,7,2,-6.09,0.5098,1,0,85
1033,7,0,0,3,1,-4.17,0.5093,1,0,85
1034,7,0,0,3,1,-5.27,0.5089,1,0,85
1035,6,0,0,2,1,-5.51,0.5084,1,0,85
1036,6,0,0,3,1,-5.71,0.5079,1,0,85
1037,9,0,0,2,1,-5.59,0.5074,1,0,85
1038,7,0,0,2,1,-6.02,0.507,1,0,85
1039,24,0,0,10,3,-5.94,0.5065,1,0,85
1040,21,0,0,8,3,-6.41,0.506,1,0,85
1041,7,0,0,3,1,-5.27,0.5055,1,0,85
1042,6,0,0,3,1,-5.56,0.505,1,0,85
1043,14,0,0,6,2,-6.49,0.5046,1,0,85
1044,7,0,0,2,1,-5.12,0.5041,1,0,85
1045,8,0,0,2,1,-5.18,0.5036,1,0,85
1046,5,0,0,4,1,-4.7,0.5031,1,0,85
1047,6,0,0,2,1,-5.01,0.5027,1,0,85
1048,8,0,0,2,1,-5.08,0.5022,1,0,85
1049,16,0,0,4,2,-7.06,0.5017,1,0,85
1050,5,0,0,4,1,-4.9,0.5012,1,0,85
1051,9,0,0,2,1,-6.04,0.5008,1,0,85
1052,6,0,0,3,1,-5.21,0.5003,1,0,85
1053,84,0,0,9,5,-13.99,0.4998,1,0,85
1054,22,0,0,8,3,-4.52,0.4993,1,0,85
1055,6,0,0,2,1,-5.51,0.4989,1,0,85
1056,39,1,1,5,4,-8.54,0.4984,1,0,85
1057,66,0,0,11,5,-10.81,0.4979,1,0,85
1058,5,0,0,4,1,-4.4,0.4974,1,0,85
1059,32,0,0,12,4,-5.42,0.497,1,0,85
1060,15,0,0,8,2,-5.2,0.4965,1,0,85
1061,7,0,0,3,1,-5.17,0.496,1,0,85
1062,5,0,0,3,1,-5.2,0.4956,1,0,85
1063,6,0,0,2,1,-6.46,0.4951,1,0,85
1064,13,0,0,5,2,-5.33,0.4946,1,0,85
1065,16,0,0,6,2,-5.56,0.4941,1,0,85
1066,26,0,0,7,3,-6.41,0.4937,1,0,85
1067,18,0,0,2,1,-7.83,0.4932,1,0,85
1068,16,0,0,5,2,-3.96,0.4927,1,0,85
1069,12,0,0,2,1,-6.07,0.4922,1,0,85
1070,13,0,0,8,2,-5.53,0.4918,1,0,85
1071,31,0,0,3,2,-8.71,0.4913,1,0,85
1072,7,0,0,2,1,-5.62,0.4908,1,0,85
1073,26,0,0,10,3,-5.86,0.4903,1,0,85
1074,8,0,0,2,1,-5.08,0.4899,1,0,85
1075,5,0,0,3,1,-5.25,0.4894,1,0,85
1076,7,0,0,2,1,-6.02,0.4889,1,0,85
1077,10,0,0,3,1,-6.25,0.4884,1,0,85
1078,8,0,0,3,1,-5.78,0.4879,1,0,85
1079,15,0,0,6,2,-4.2,0.4875,1,0,85
1080,39,0,0,10,4,-5.09,0.487,1,0,85
1081,6,0,0,3,1,-4.31,0.4865,1,0,85
1082,6,0,0,2,1,-5.51,0.486,1,0,85
1083,7,0,0,1,1,-6.77,0.4856,1,0,85
1084,7,0,0,2,1,-6.47,0.4851,1,0,85
1085,6,0,0,1,1,-5.36,0.4846,1,0,85
1086,6,0,0,3,1,-5.71,0.4841,1,0,85
1087,10,0,0,3,1,-5.7,0.4837,1,0,85
1088,7,0,0,2,1,-5.02,0.4832,1,0,85
1089,20,0,0,7,3,-7.05,0.4827,1,0,85
1090,16,0,0,6,2,-6.86,0.4822,1,0,85
1091,25,0,0,4,3,-7.7,0.4818,1,0,85
1092,6,0,0,3,1,-5.11,0.4813,1,0,85
1093,15,0,0,5,2,-6.75,0.4808,1,0,85
1094,5,0,0,3,1,-5.2,0.4803,1,0,85
1095,6,0,0,2,1,-4.61,0.4799,1,0,85
1096,21,0,0,5,2,-8.31,0.4794,1,0,85
1097,7,0,0,2,1,-5.57,0.4789,1,0,85
1098,28,0,0,6,3,-7.63,0.4784,1,0,85
1099,5,0,0,3,1,-5.2,0.478,1,0,85
1100,20,0,0,8,3,-5.45,0.4775,1,0,86
1101,8,0,0,3,1,-6.23,0.477,1,0,86
1102,8,0,0,4,1,-5.88,0.4766,1,0,86
1103,10,0,0,6,1,-4.5,0.4761,1,0,86
1104,21,0,0,3,2,-9.46,0.4756,1,0,86
1105,6,0,0,3,1,-5.26,0.4751,1,0,86
1106,50,1,1,7,3,-7.6,0.4747,1,0,86
1107,9,0,0,2,1,-6.14,0.4742,1,0,86
1108,7,0,0,6,1,-3.32,0.4737,1,0,86
1109,13,0,0,6,2,-5.98,0.4732,1,0,86
1110,27,1,1,10,3,-5.32,0.4728,1,0,86
1111,7,0,0,2,1,-5.52,0.4723,1,0,86
1112,6,0,0,2,1,-5.51,0.4718,1,0,86
1113,7,0,0,3,1,-5.72,0.4713,1,0,86
1114,61,1,1,16,5,-9.51,0.4708,1,0,86
1115,53,0,0,8,3,-8.13,0.4704,1,0,86
1116,6,0,0,3,1,-4.81,0.4699,1,0,86
1117,7,0,0,3,1,-5.27,0.4694,1,0,86
1118,38,1,1,9,3,-6.88,0.4689,1,0,86
1119,6,0,0,3,1,-5.71,0.4685,1,0,86
1120,7,0,0,2,1,-5.57,0.468,1,0,86
1121,41,0,0,7,4,-9.61,0.4675,1,0,86
1122,7,0,0,3,1,-4.82,0.467,1,0,86
1123,6,0,0,2,1,-5.06,0.4666,1,0,86
1124,8,0,0,3,1,-5.78,0.4661,1,0,86
1125,6,0,0,3,1,-5.21,0.4656,1,0,86
1126,15,0,0,5,2,-5.9,0.4652,1,0,86
1127,13,0,0,3,1,-6.33,0.4647,1,0,86
1128,14,0,0,5,2,-6.74,0.4642,1,0,86
1129,9,0,0,3,1,-5.74,0.4637,1,0,86
1130,8,0,0,3,1,-5.13,0.4633,1,0,86
1131,22,0,0,7,2,-5.32,0.4628,1,0,86
1132,6,0,0,2,1,-5.41,0.4623,1,0,86
1133,8,0,0,3,1,-4.33,0.4618,1,0,86
1134,13,0,0,5,2,-5.73,0.4614,1,0,86
1135,37,1,1,12,4,-6.92,0.4609,1,0,86
1136,7,0,0,2,1,-5.57,0.4604,1,0,86
1137,7,0,0,3,1,-5.72,0.4599,1,0,86
1138,6,0,0,3,1,-5.21,0.4595,1,0,86
1139,6,0,0,3,1,-5.21,0.459,1,0,86
1140,26,1,1,7,3,-5.21,0.4585,1,0,86
1141,7,0,0,3,1,-5.17,0.458,1,0,86
1142,8,0,0,5,1,-4.13,0.4576,1,0,86
1143,7,0,0,3,1,-4.72,0.4571,1,0,86
1144,17,0,0,4,2,-6.57,0.4566,1,0,86
1145,7,0,0,2,1,-4.67,0.4561,1,0,86
1146,7,0,0,1,1,-5.42,0.4557,1,0,86
1147,14,0,0,8,2,-4.24,0.4552,1,0,86
1148,15,0,0,5,2,-7.75,0.4547,1,0,86
1149,36,0,0,5,3,-7.31,0.4542,1,0,86
1150,13,0,0,6,2,-5.48,0.4538,1,0,86
1151,34,0,0,12,4,-3.99,0.4533,1,0,89
1152,18,0,0,4,2,-8.08,0.4528,1,0,89
1153,6,0,0,1,1,-5.36,0.4523,1,0,89
1154,11,0,0,2,1,-5.66,0.4519,1,0,89
1155,8,0,0,3,1,-6.23,0.4514,1,0,89
1156,17,0,0,9,2,-6.12,0.4509,1,0,89
1157,9,0,0,3,1,-6.74,0.4504,1,0,89
1158,14,0,0,4,2,-6.04,0.45,1,0,89
1159,13,0,0,8,2,-4.33,0.4495,1,0,89
1160,8,0,0,3,1,-5.78,0.449,1,0,89
1161,15,0,0,5,2,-6.25,0.4485,1,0,89
1162,6,0,0,2,1,-4.96,0.4481,1,0,89
1163,23,1,1,10,3,-5.13,0.4476,1,0,89
1164,16,0,0,5,2,-7.31,0.4471,1,0,89
1165,7,0,0,3,1,-4.82,0.4466,1,0,89
1166,6,0,0,3,1,-5.66,0.4462,1,0,89
1167,9,0,0,2,1,-5.59,0.4457,1,0,89
1168,8,0,0,6,1,-4.83,0.4452,1,0,89
1169,5,0,0,3,1,-5.6,0.4447,1,0,89
1170,23,0,0,8,3,-6.43,0.4443,1,0,89
1171,15,0,0,6,2,-6.05,0.4438,1,0,89
1172,5,0,0,2,1,-5.5,0.4433,1,0,89
1173,6,0,0,2,1,-4.96,0.4428,1,0,89
1174,21,0,0,5,2,-5.96,0.4424,1,0,89
1175,6,0,0,3,1,-4.81,0.4419,1,0,89
1176,6,0,0,3,1,-4.76,0.4414,1,0,89
1177,25,1,1,9,3,-5.6,0.4409,1,0,89
1178,74,0,0,11,6,-9.04,0.4405,1,0,92
1179,16,0,0,9,2,-4.61,0.44,1,0,92
1180,7,0,0,2,1,-4.67,0.4395,1,0,92
1181,5,0,0,2,1,-5.45,0.439,1,0,92
1182,47,0,0,7,3,-9.82,0.4386,1,0,92
1183,9,0,0,3,1,-5.29,0.4381,1,0,92
1184,6,0,0,1,1,-5.36,0.4376,1,0,92
1185,9,0,0,3,1,-5.84,0.4371,1,0,92
1186,17,0,0,7,2,-6.67,0.4367,1,0,92
1187,6,0,0,2,1,-5.56,0.4362,1,0,92
1188,7,0,0,3,1,-5.67,0.4357,1,0,92
1189,5,0,0,4,1,-5.35,0.4352,1,0,92
1190,6,0,0,3,1,-5.66,0.4348,1,0,92
1191,7,0,0,3,1,-5.27,0.4343,1,0,92
1192,8,0,0,3,1,-6.23,0.4338,1,0,92
1193,8,0,0,2,1,-6.08,0.4333,1,0,92
1194,6,0,0,3,1,-4.76,0.4329,1,0,92
1195,6,0,0,3,1,-5.21,0.4324,1,0,92
1196,21,0,0,7,3,-7.21,0.4319,1,0,92
1197,38,0,0,9,3,-6.23,0.4314,1,0,92
1198,6,0,0,2,1,-6.01,0.431,1,0,92
1199,17,0,0,5,2,-6.82,0.4305,1,0,92
1200,21,0,0,5,2,-6.51,0.43,1,0,92
1201,5,0,0,3,1,-4.2,0.4295,1,0,92
1202,5,0,0,3,1,-5.7,0.4291,1,0,92
1203,32,0,0,12,4,-5.87,0.4286,1,0,92
1204,15,0,0,6,2,-4.45,0.4281,1,0,92
1205,7,0,0,3,1,-6.07,0.4276,1,0,92
1206,8,0,0,3,1,-5.33,0.4272,1,0,92
1207,5,0,0,4,1,-4.35,0.4267,1,0,92
1208,58,0,0,15,5,-5.88,0.4262,1,0,92
1209,8,0,0,5,1,-4.58,0.4257,1,0,92
1210,5,0,0,3,1,-5.2,0.4253,1,0,92
1211,21,0,0,4,2,-8.51,0.4248,1,0,92
1212,16,0,0,6,2,-6.91,0.4243,1,0,92
1213,36,0,0,8,3,-4.51,0.4238,1,0,93
1214,7,0,0,1,1,-6.32,0.4234,1,0,93
1215,6,0,0,3,1,-5.21,0.4229,1,0,93
1216,6,0,0,3,1,-5.66,0.4224,1,0,93
1217,7,0,0,2,1,-6.52,0.4219,1,0,93
1218,14,0,0,8,2,-2.99,0.4214,1,0,93
1219,31,0,0,9,3,-6.86,0.421,1,0,93
1220,5,0,0,2,1,-5.4,0.4205,1,0,93
1221,8,0,0,3,1,-6.23,0.42,1,0,93
1222,14,0,0,6,2,-3.54,0.4196,1,0,93
1223,7,0,0,2,1,-5.57,0.4191,1,0,93
1224,50,0,0,10,2,-7.7,0.4186,1,0,94
1225,16,0,0,5,2,-6.76,0.4181,1,0,94
1226,30,0,0,6,3,-8.4,0.4177,1,0,94
1227,16,0,0,8,2,-5.66,0.4172,1,0,94
1228,15,0,0,4,2,-5.8,0.4167,1,0,94
1229,7,0,0,2,1,-6.02,0.4162,1,0,94
1230,11,0,0,2,1,-6.16,0.4158,1,0,94
1231,15,0,0,8,2,-6.35,0.4153,1,0,94
1232,13,0,0,8,2,-3.78,0.4148,1,0,94
1233,11,0,0,3,1,-5.81,0.4143,1,0,94
1234,49,0,0,8,3,-6.69,0.4139,1,0,94
1235,30,0,0,8,4,-6.05,0.4134,1,0,95
1236,17,0,0,6,2,-6.57,0.4129,1,0,95
1237,6,0,0,3,1,-5.71,0.4124,1,0,95
1238,63,0,0,8,3,-9.03,0.412,1,0,98
1239,60,0,0,8,3,-12.9,0.4115,1,0,99
1240,6,0,0,2,1,-5.96,0.411,1,0,99
1241,13,0,0,5,2,-6.23,0.4105,1,0,99
1242,9,0,0,3,1,-5.84,0.4101,1,0,99
1243,27,0,0,7,3,-7.47,0.4096,1,0,99
1244,8,0,0,2,1,-6.08,0.4091,1,0,99
1245,6,0,0,3,1,-4.66,0.4086,1,0,99
1246,48,0,0,10,4,-8.68,0.4082,1,0,99
1247,26,0,0,4,2,-6.16,0.4077,1,0,99
1248,8,0,0,3,1,-6.13,0.4072,1,0,99
1249,28,0,0,9,4,-7.13,0.4067,1,0,99
1250,5,0,0,3,1,-4.75,0.4062,1,0,99
1251,25,0,0,9,3,-5.6,0.4058,1,0,99
1252,13,0,0,6,2,-5.03,0.4053,1,0,99
1253,8,0,0,5,1,-5.08,0.4048,1,0,99
1254,5,0,0,4,1,-4.45,0.4043,1,0,99
1255,32,0,0,7,4,-8.42,0.4039,1,0,99
1256,13,0,0,5,2,-5.78,0.4034,1,0,99
1257,39,0,0,6,3,-7.39,0.4029,1,0,99
1258,18,0,0,6,2,-6.48,0.4024,1,0,99
1259,14,0,0,4,2,-6.49,0.402,1,0,99
1260,6,0,0,2,1,-5.51,0.4015,1,0,99
1261,6,0,0,3,1,-4.76,0.401,1,0,99
1262,6,0,0,2,1,-5.51,0.4006,1,0,99
1263,8,0,0,6,1,-3.83,0.4001,1,0,99
1264,14,0,0,6,2,-5.44,0.3996,1,0,99
1265,5,0,0,3,1,-5.2,0.3991,1,0,99
1266,13,0,0,7,2,-4.08,0.3987,1,0,99
1267,23,0,0,13,3,-4.43,0.3982,1,0,100
1268,6,0,0,3,1,-5.66,0.3977,1,0,100
1269,8,0,0,3,1,-5.68,0.3972,1,0,100
1270,32,1,1,6,3,-6.22,0.3968,1,0,100
1271,6,0,0,2,1,-5.06,0.3963,1,0,100
1272,6,0,0,2,1,-5.51,0.3958,1,0,100
1273,14,0,0,4,2,-6.49,0.3953,1,0,100
1274,6,0,0,3,1,-4.76,0.3949,1,0,100
1275,5,0,0,4,1,-5.25,0.3944,1,0,100
1276,7,0,0,3,1,-6.12,0.3939,1,0,100
1277,6,0,0,3,1,-4.66,0.3934,1,0,100
1278,9,0,0,3,1,-5.74,0.393,1,0,100
1279,6,0,0,3,1,-5.21,0.3925,1,0,100
1280,6,0,0,3,1,-4.76,0.392,1,0,100
1281,5,0,0,3,1,-5.2,0.3915,1,0,100
1282,13,0,0,4,2,-6.53,0.3911,1,0,100
1283,9,0,0,3,1,-5.29,0.3906,1,0,100
1284,23,1,1,8,3,-3.88,0.3901,1,0,100
1285,5,0,0,3,1,-5.15,0.3896,1,0,100
1286,13,0,0,5,2,-6.23,0.3891,1,0,100
1287,5,0,0,4,1,-4.45,0.3887,1,0,100
1288,48,0,0,15,4,-4.18,0.3882,1,0,100
1289,26,0,0,9,3,-4.81,0.3877,1,0,100
1290,6,0,0,3,1,-4.76,0.3872,1,0,100
1291,5,0,0,4,1,-5.35,0.3868,1,0,100
1292,32,0,0,10,3,-5.17,0.3863,1,0,100
1293,101,0,0,6,5,-9.71,0.3858,1,0,100
1294,5,0,0,3,1,-4.75,0.3853,1,0,100
1295,31,0,0,7,4,-6.46,0.3849,1,0,101
1296,7,0,0,3,1,-4.37,0.3844,1,0,101
1297,5,0,0,0,1,-5.6,0.3839,1,0,101
1298,16,0,0,8,2,-4.81,0.3834,1,0,101
1299,14,0,0,6,2,-5.54,0.383,1,0,101
1300,57,0,0,7,4,-9.27,0.3825,1,0,102
1301,13,0,0,8,2,-3.78,0.382,1,0,102
1302,43,0,0,10,3,-7.28,0.3816,1,0,102
1303,6,0,0,2,1,-5.51,0.3811,1,0,102
1304,49,1,1,12,5,-6.94,0.3806,1,0,102
1305,23,0,0,8,2,-5.73,0.3801,1,0,102
1306,7,0,0,3,1,-5.72,0.3797,1,0,102
1307,10,0,0,3,1,-5.7,0.3792,1,0,102
1308,15,0,0,6,2,-5.05,0.3787,1,0,102
1309,6,0,0,2,1,-5.51,0.3782,1,0,102
1310,37,1,1,13,4,-3.32,0.3778,1,0,103
1311,7,0,0,6,1,-3.87,0.3773,1,0,103
1312,8,0,0,2,1,-6.53,0.3768,1,0,103
1313,6,0,0,1,1,-5.36,0.3763,1,0,103
1314,5,0,0,2,1,-5.95,0.3759,1,0,103
1315,18,0,0,8,2,-5.03,0.3754,1,0,103
1316,14,0,0,8,2,-4.79,0.3749,1,0,103
1317,15,0,0,4,2,-4.65,0.3744,1,0,103
1318,14,0,0,6,2,-6.44,0.374,1,0,103
1319,39,0,0,10,3,-5.59,0.3735,1,0,105
1320,6,0,0,3,1,-4.76,0.373,1,0,105
1321,35,0,0,13,4,-6.85,0.3725,1,0,105
1322,5,0,0,2,1,-5.05,0.372,1,0,105
1323,23,0,0,5,3,-6.88,0.3716,1,0,105
1324,14,0,0,5,2,-6.24,0.3711,1,0,105
1325,17,0,0,4,2,-6.72,0.3706,1,0,105
1326,7,0,0,4,1,-4.82,0.3701,1,0,105
1327,10,0,0,4,1,-5.35,0.3697,1,0,105
1328,41,0,0,11,3,-3.96,0.3692,1,0,105
1329,9,0,0,3,1,-5.74,0.3687,1,0,105
1330,22,0,0,5,3,-5.87,0.3682,1,0,105
1331,6,0,0,3,1,-5.26,0.3678,1,0,105
1332,21,0,0,7,3,-5.66,0.3673,1,0,105
1333,6,0,0,3,1,-4.76,0.3668,1,0,105
1334,7,0,0,5,1,-5.47,0.3663,1,0,105
1335,6,0,0,3,1,-6.21,0.3659,1,0,105
1336,15,0,0,7,2,-5.55,0.3654,1,0,105
1337,17,0,0,5,2,-6.62,0.3649,1,0,105
1338,7,0,0,2,1,-4.57,0.3644,1,0,105
1339,33,0,0,4,2,-7.43,0.364,1,0,105
1340,6,0,0,2,1,-5.41,0.3635,1,0,105
1341,22,0,0,7,3,-7.27,0.363,1,0,105
1342,13,0,0,9,2,-3.58,0.3626,1,0,105
1343,14,0,0,5,2,-6.29,0.3621,1,0,105
1344,8,0,0,2,1,-5.63,0.3616,1,0,105
1345,202,0,0,6,10,-25.17,0.3611,1,0,113
1346,11,0,0,3,1,-4.76,0.3607,1,0,113
1347,10,0,0,2,1,-7.0,0.3602,1,0,113
1348,6,0,0,3,1,-5.21,0.3597,1,0,113
1349,13,0,0,6,2,-5.88,0.3592,1,0,113
1350,23,0,0,7,3,-5.48,0.3588,1,0,113
1351,6,0,0,3,1,-4.76,0.3583,1,0,113
1352,38,0,0,12,5,-5.23,0.3578,1,0,113
1353,8,0,0,2,1,-5.63,0.3573,1,0,113
1354,6,0,0,3,1,-4.76,0.3569,1,0,113
1355,7,0,0,1,1,-5.42,0.3564,1,0,113
1356,43,0,0,14,5,-4.53,0.3559,1,0,113
1357,13,0,0,6,2,-5.93,0.3554,1,0,113
1358,9,0,0,2,1,-5.49,0.3549,1,0,113
1359,15,0,0,7,2,-6.15,0.3545,1,0,113
1360,41,0,0,10,5,-7.36,0.354,1,0,117
1361,5,0,0,3,1,-5.65,0.3535,1,0,117
1362,9,0,0,2,1,-6.14,0.353,1,0,117
1363,11,0,0,3,1,-6.21,0.3526,1,0,117
1364,28,0,0,15,4,-3.08,0.3521,1,0,117
1365,10,0,0,4,1,-4.5,0.3516,1,0,117
1366,7,0,0,3,1,-5.27,0.3511,1,0,117
1367,11,0,0,5,1,-4.76,0.3507,1,0,117
1368,17,0,0,5,2,-5.47,0.3502,1,0,117
1369,6,0,0,3,1,-5.26,0.3497,1,0,117
1370,22,0,0,8,3,-5.42,0.3492,1,0,117
1371,6,0,0,3,1,-5.21,0.3488,1,0,117
1372,80,1,1,11,6,-11.05,0.3483,1,0,117
1373,55,1,1,15,5,-6.4,0.3478,1,0,117
1374,9,0,0,3,1,-5.39,0.3473,1,0,117
1375,9,0,0,3,1,-4.74,0.3469,1,0,117
1376,33,1,1,14,4,-4.33,0.3464,1,0,117
1377,55,0,0,6,3,-9.45,0.3459,1,0,117
1378,20,0,0,7,2,-5.3,0.3455,1,0,117
1379,6,0,0,2,1,-5.51,0.345,1,0,117
1380,6,0,0,2,1,-5.06,0.3445,1,0,117
1381,16,0,0,6,2,-6.56,0.344,1,0,117
1382,14,0,0,7,2,-4.74,0.3436,1,0,117
1383,45,0,0,12,5,-7.4,0.3431,1,0,117
1384,16,0,0,6,2,-4.91,0.3426,1,0,117
1385,15,0,0,5,1,-3.95,0.3421,1,0,117
1386,6,0,0,2,1,-5.51,0.3417,1,0,117
1387,6,0,0,2,1,-5.51,0.3412,1,0,117
1388,37,1,1,9,3,-6.17,0.3407,1,0,117
1389,9,0,0,3,1,-5.84,0.3402,1,0,117
1390,30,0,0,12,3,-5.6,0.3398,1,0,117
1391,38,0,0,5,3,-8.18,0.3393,1,0,117
1392,34,0,0,10,3,-6.79,0.3388,1,0,117
1393,16,0,0,5,1,-6.31,0.3383,1,0,117
1394,19,0,0,6,2,-5.24,0.3379,1,0,117
1395,54,0,0,10,3,-8.59,0.3374,1,0,117
1396,51,0,0,9,3,-9.81,0.3369,1,0,117
1397,21,0,0,10,3,-5.31,0.3364,1,0,117
1398,10,0,0,2,1,-5.75,0.336,1,0,117
1399,23,0,0,9,3,-5.83,0.3355,1,0,117
1400,71,0,0,7,3,-11.36,0.335,1,0,118
1401,6,0,0,3,1,-4.21,0.3345,1,0,118
1402,5,0,0,3,1,-5.2,0.3341,1,0,118
1403,40,0,0,12,3,-6.05,0.3336,1,0,119
1404,6,0,0,2,1,-5.61,0.3331,1,0,119
1405,24,0,0,5,3,-6.09,0.3326,1,0,119
1406,9,0,0,2,1,-5.69,0.3322,1,0,119
1407,21,0,0,8,3,-4.51,0.3317,1,0,119
1408,7,0,0,3,1,-6.67,0.3312,1,0,119
1409,30,0,0,9,2,-4.95,0.3307,1,0,119
1410,9,0,0,6,1,-4.39,0.3303,1,0,119
1411,28,0,0,9,3,-5.73,0.3298,1,0,119
1412,6,0,0,3,1,-5.21,0.3293,1,0,119
1413,69,0,0,18,5,-8.29,0.3288,1,0,120
1414,24,0,0,5,3,-7.34,0.3284,1,0,120
1415,71,1,1,15,6,-5.66,0.3279,1,0,120
1416,52,0,0,14,6,-7.47,0.3274,1,0,120
1417,5,0,0,2,1,-5.5,0.3269,1,0,120
1418,31,0,0,8,3,-4.56,0.3265,1,0,120
1419,28,0,0,7,3,-6.33,0.326,1,0,120
1420,25,1,1,12,3,-2.05,0.3255,1,0,120
1421,49,0,0,6,2,-5.74,0.325,1,0,120
1422,27,0,0,6,3,-7.27,0.3246,1,0,120
1423,40,0,0,10,4,-5.9,0.3241,1,0,120
1424,21,0,0,7,3,-5.26,0.3236,1,0,120
1425,27,0,0,11,3,-6.97,0.3231,1,0,120
1426,15,0,0,7,2,-4.55,0.3227,1,0,120
1427,5,0,0,4,1,-5.25,0.3222,1,0,120
1428,47,0,0,8,4,-6.37,0.3217,1,0,120
1429,55,0,0,8,3,-8.35,0.3212,1,0,120
1430,6,0,0,3,1,-4.21,0.3208,1,0,120
1431,50,0,0,8,3,-7.7,0.3203,1,0,120
1432,42,0,0,9,3,-5.72,0.3198,1,0,120
1433,9,0,0,5,1,-4.14,0.3193,1,0,120
1434,50,0,0,6,3,-6.6,0.3189,1,0,120
1435,14,0,0,4,2,-6.49,0.3184,1,0,120
1436,48,0,0,7,4,-8.08,0.3179,1,0,120
1437,13,0,0,5,2,-5.23,0.3174,1,0,120
1438,6,0,0,2,1,-5.51,0.317,1,0,120
1439,8,0,0,2,1,-5.03,0.3165,1,0,120
1440,23,0,0,10,3,-4.28,0.316,1,0,120
1441,37,0,0,8,3,-8.52,0.3155,1,0,120
1442,28,0,0,9,3,-4.23,0.3151,1,0,120
1443,15,0,0,6,2,-4.95,0.3146,1,0,120
1444,7,0,0,5,1,-3.62,0.3141,1,0,120
1445,28,0,0,8,3,-6.73,0.3136,1,0,120
1446,10,0,0,3,1,-6.25,0.3132,1,0,120
1447,28,0,0,10,4,-6.38,0.3127,1,0,120
1448,22,0,0,5,2,-5.22,0.3122,1,0,120
1449,44,1,1,9,3,-4.64,0.3117,1,0,120
1450,27,0,0,8,4,-7.42,0.3113,1,0,120
1451,21,0,0,10,3,-5.76,0.3108,1,0,120
1452,14,0,0,6,2,-5.44,0.3103,1,0,120
1453,31,1,1,10,4,-3.81,0.3098,1,0,120
1454,8,0,0,6,1,-3.23,0.3094,1,0,120
1455,14,0,0,6,2,-5.54,0.3089,1,0,120
1456,14,0,0,8,2,-5.69,0.3084,1,0,120
1457,13,0,0,4,2,-5.43,0.3079,1,0,120
1458,120,1,1,12,6,-9.0,0.3075,0,0,120
1459,139,0,0,19,8,-10.14,0.307,0,0,122
1460,46,0,0,8,3,-8.06,0.3065,1,0,122
1461,107,0,0,12,6,-9.92,0.306,1,0,124
1462,10,0,0,3,1,-5.3,0.3056,1,0,124
1463,6,0,0,3,1,-5.21,0.3051,1,0,124
1464,62,1,1,18,6,-6.32,0.3046,1,0,124
1465,6,0,0,3,1,-5.11,0.3041,1,0,124
1466,8,0,0,3,1,-5.33,0.3037,1,0,124
1467,47,1,1,11,3,-5.27,0.3032,1,0,124
1468,24,0,0,11,3,-4.44,0.3027,1,0,124
1469,6,0,0,2,1,-5.41,0.3022,1,0,124
1470,39,0,0,7,4,-8.39,0.3018,1,0,125
1471,6,0,0,4,1,-4.51,0.3013,1,0,125
1472,15,0,0,5,2,-5.7,0.3008,1,0,125
1473,37,1,1,12,4,-4.32,0.3003,1,0,125
1474,69,0,0,14,5,-6.79,0.2999,1,0,125
1475,47,0,0,10,3,-6.67,0.2994,1,0,125
1476,34,1,1,7,3,-4.89,0.2989,1,0,125
1477,72,0,0,18,5,-3.72,0.2984,1,0,125
1478,8,0,0,3,1,-5.78,0.298,1,0,125
1479,10,0,0,5,1,-5.1,0.2975,1,0,125
1480,13,0,0,6,2,-5.53,0.297,1,0,125
1481,13,0,0,5,2,-7.03,0.2965,1,0,125
1482,13,0,0,8,2,-4.23,0.2961,1,0,125
1483,7,0,0,2,1,-5.62,0.2956,1,0,125
1484,34,0,0,13,5,-5.69,0.2951,1,0,125
1485,28,0,0,11,4,-6.18,0.2946,1,0,125
1486,8,0,0,3,1,-4.88,0.2942,1,0,125
1487,31,0,0,8,4,-6.16,0.2937,1,0,125
1488,6,0,0,2,1,-5.06,0.2932,1,0,125
1489,15,0,0,7,2,-6.1,0.2927,1,0,125
1490,7,0,0,3,1,-4.37,0.2923,1,0,125
1491,22,0,0,13,3,-3.42,0.2918,1,0,125
1492,38,0,0,10,4,-6.58,0.2913,1,0,125
1493,69,0,0,12,5,-6.89,0.2908,1,0,125
1494,37,1,1,16,6,-2.22,0.2903,0,0,126
1495,40,0,0,8,5,-5.25,0.2899,1,0,126
1496,56,0,0,18,6,-3.21,0.2894,1,0,126
1497,5,0,0,3,1,-5.2,0.2889,1,0,126
1498,7,0,0,3,1,-4.27,0.2884,1,0,126
1499,15,0,0,4,2,-7.1,0.288,1,0,126
1500,115,0,0,11,7,-10.5,0.2875,0,0,128
1501,39,2,2,11,4,-3.24,0.287,1,0,128
1502,73,1,1,17,8,-5.43,0.2866,1,0,130
1503,98,0,0,0,1,-14.88,0.2861,0,0,132
1504,6,0,0,3,1,-5.21,0.2856,1,0,132
1505,9,0,0,5,1,-4.64,0.2851,1,0,132
1506,13,0,0,6,2,-5.88,0.2847,1,0,132
1507,13,0,0,3,2,-5.93,0.2842,1,0,132
1508,7,0,0,3,1,-6.67,0.2837,1,0,132
1509,33,0,0,9,4,-5.83,0.2832,1,0,134
1510,40,0,0,12,5,-8.15,0.2828,1,0,134
1511,6,0,0,2,1,-5.41,0.2823,1,0,134
1512,5,0,0,4,1,-4.8,0.2818,1,0,134
1513,6,0,0,3,1,-5.21,0.2813,1,0,134
1514,13,0,0,5,2,-5.78,0.2809,1,0,134
1515,90,1,1,25,9,-9.35,0.2804,1,0,134
1516,15,0,0,4,2,-6.65,0.2799,1,0,134
1517,116,0,0,12,5,-10.26,0.2794,1,0,136
1518,70,0,0,17,8,-8.2,0.279,1,0,136
1519,6,0,0,3,1,-4.76,0.2785,1,0,136
1520,15,0,0,6,2,-5.45,0.278,1,0,136
1521,26,0,0,7,3,-4.96,0.2775,1,0,136
1522,13,0,0,5,2,-6.23,0.2771,1,0,136
1523,22,0,0,6,2,-6.07,0.2766,1,0,136
1524,14,0,0,8,2,-4.34,0.2761,1,0,136
1525,94,1,1,16,7,-8.39,0.2756,1,0,137
1526,7,0,0,3,1,-5.77,0.2752,1,0,137
1527,6,0,0,3,1,-5.11,0.2747,1,0,137
1528,13,0,0,7,2,-4.23,0.2742,1,0,137
1529,21,0,0,8,3,-4.51,0.2737,1,0,137
1530,28,0,0,10,4,-4.58,0.2732,1,0,137
1531,18,0,0,6,2,-5.48,0.2728,1,0,137
1532,15,0,0,6,2,-5.95,0.2723,1,0,137
1533,27,0,0,12,4,-4.07,0.2718,1,0,137
1534,8,0,0,3,1,-4.78,0.2713,1,0,137
1535,13,0,0,7,2,-5.13,0.2709,1,0,137
1536,35,0,0,3,2,-8.6,0.2704,1,0,137
1537,45,0,0,4,3,-8.35,0.2699,1,0,137
1538,8,0,0,3,1,-5.33,0.2694,1,0,137
1539,8,0,0,3,1,-6.03,0.269,1,0,137
1540,132,0,0,23,12,-8.67,0.2685,1,0,139
1541,82,1,1,18,7,-3.67,0.268,1,0,139
1542,7,0,0,2,1,-5.12,0.2676,1,0,139
1543,39,0,0,16,5,-3.64,0.2671,1,0,139
1544,8,0,0,3,1,-4.78,0.2666,1,0,139
1545,14,0,0,8,2,-3.94,0.2661,1,0,139
1546,13,0,0,6,2,-4.73,0.2657,1,0,139
1547,6,0,0,3,1,-4.76,0.2652,1,0,139
1548,9,0,0,2,1,-5.59,0.2647,1,0,139
1549,5,0,0,3,1,-4.75,0.2642,1,0,139
1550,43,0,0,12,5,-6.13,0.2638,1,0,139
1551,14,0,0,4,2,-4.59,0.2633,1,0,139
1552,7,0,0,1,1,-5.32,0.2628,1,0,139
1553,21,0,0,9,3,-6.21,0.2623,1,0,139
1554,46,0,0,10,4,-6.26,0.2619,1,0,139
1555,33,2,2,10,4,-3.53,0.2614,1,0,139
1556,22,0,0,10,3,-4.87,0.2609,1,0,139
1557,43,1,1,10,3,-5.03,0.2604,1,0,139
1558,154,0,0,7,8,-14.94,0.26,0,0,140
1559,6,0,0,2,1,-5.01,0.2595,1,0,140
1560,100,0,0,8,4,-6.55,0.259,1,0,140
1561,13,0,0,8,2,-4.33,0.2585,1,0,140
1562,13,0,0,4,2,-6.58,0.2581,1,0,140
1563,37,0,0,8,3,-5.97,0.2576,1,0,142
1564,6,0,0,2,1,-5.51,0.2571,1,0,142
1565,36,0,0,12,3,-3.46,0.2566,1,0,142
1566,32,0,0,8,3,-5.17,0.2561,1,0,142
1567,7,0,0,3,1,-4.27,0.2557,1,0,142
1568,39,0,0,12,4,-6.19,0.2552,1,0,142
1569,13,0,0,5,2,-5.23,0.2547,1,0,142
1570,7,0,0,2,1,-5.62,0.2542,1,0,142
1571,13,0,0,4,2,-6.08,0.2538,1,0,142
1572,27,0,0,9,3,-5.57,0.2533,1,0,143
1573,54,0,0,16,4,-5.49,0.2528,1,0,143
1574,5,0,0,4,1,-4.45,0.2523,1,0,143
1575,28,0,0,10,3,-5.83,0.2519,1,0,143
1576,32,0,0,8,3,-5.67,0.2514,0,0,143
1577,7,0,0,2,1,-5.12,0.2509,1,0,143
1578,6,0,0,2,1,-5.06,0.2504,1,0,143
1579,8,0,0,6,1,-3.88,0.25,1,0,143
1580,5,0,0,3,1,-4.75,0.2495,1,0,143
1581,26,0,0,9,3,-5.16,0.249,1,0,143
1582,13,0,0,7,2,-4.18,0.2486,1,0,143
1583,17,0,0,9,2,-5.07,0.2481,1,0,143
1584,13,0,0,5,2,-6.28,0.2476,1,0,143
1585,14,0,0,3,2,-5.44,0.2471,1,0,143
1586,17,0,0,8,2,-4.37,0.2467,1,0,143
1587,21,0,0,9,3,-6.06,0.2462,1,0,143
1588,8,0,0,6,1,-4.13,0.2457,1,0,143
1589,42,1,1,18,5,-2.77,0.2452,1,0,143
1590,33,1,1,9,3,-5.48,0.2448,1,0,143
1591,81,1,1,24,8,-1.81,0.2443,1,0,145
1592,34,0,0,14,4,-4.64,0.2438,1,0,145
1593,6,0,0,2,1,-5.06,0.2433,1,0,145
1594,5,0,0,3,1,-4.75,0.2429,1,0,145
1595,13,0,0,6,2,-5.48,0.2424,1,0,145
1596,24,0,0,7,3,-5.54,0.2419,1,0,145
1597,9,0,0,2,1,-6.04,0.2414,1,0,145
1598,48,0,0,15,4,-4.68,0.2409,1,0,145
1599,7,0,0,3,1,-4.27,0.2405,1,0,145
1600,61,0,0,10,4,-8.81,0.24,1,0,145
1601,57,0,0,18,7,-8.57,0.2395,1,0,145
1602,52,0,0,8,3,-6.12,0.239,1,0,145
1603,52,0,0,19,6,-3.02,0.2386,1,0,145
1604,40,0,0,10,4,-5.25,0.2381,1,0,145
1605,39,0,0,16,5,-1.89,0.2376,1,0,145
1606,61,0,0,17,6,-4.36,0.2371,1,0,145
1607,74,0,0,7,5,-8.44,0.2367,1,0,145
1608,7,0,0,4,1,-4.92,0.2362,1,0,145
1609,15,0,0,3,2,-6.4,0.2357,1,0,145
1610,21,0,0,9,3,-5.21,0.2352,1,0,145
1611,31,1,1,16,4,-4.46,0.2348,1,0,145
1612,34,0,0,11,3,-5.14,0.2343,1,0,145
1613,7,0,0,2,1,-5.57,0.2338,1,0,145
1614,34,0,0,10,4,-4.99,0.2333,1,0,145
1615,30,0,0,12,4,-5.0,0.2329,1,0,145
1616,7,0,0,3,1,-4.72,0.2324,1,0,145
1617,89,0,0,15,6,-9.54,0.2319,0,0,146
1618,82,0,0,30,7,-2.17,0.2314,1,0,148
1619,329,2,2,29,15,-13.84,0.231,1,0,153
1620,44,1,1,11,5,-5.09,0.2305,1,0,153
1621,44,0,0,23,5,-1.54,0.23,1,0,153
1622,31,0,0,11,4,-4.36,0.2296,1,0,153
1623,95,0,0,16,8,-7.0,0.2291,1,0,153
1624,79,0,0,17,6,-5.74,0.2286,1,0,154
1625,7,0,0,1,1,-4.87,0.2281,1,0,154
1626,30,0,0,12,4,-4.8,0.2277,1,0,154
1627,7,0,0,1,1,-6.32,0.2272,1,0,154
1628,140,0,0,17,8,-9.75,0.2267,1,0,154
1629,119,6,1,12,8,-0.69,0.2262,1,0,157
1630,22,1,1,8,3,-5.37,0.2258,1,0,157
1631,82,3,3,20,7,-2.47,0.2253,1,0,157
1632,71,1,1,25,9,-7.36,0.2248,1,0,162
1633,164,3,3,28,10,-2.39,0.2243,1,0,163
1634,111,1,1,15,6,-4.36,0.2239,1,0,163
1635,59,1,1,21,8,-5.34,0.2234,1,0,164
1636,13,0,0,5,2,-5.33,0.2229,1,0,164
1637,14,0,0,7,2,-3.69,0.2224,1,0,164
1638,28,0,0,9,4,-6.78,0.222,1,0,164
1639,21,0,0,9,3,-5.66,0.2215,1,0,164
1640,12,0,0,5,1,-5.12,0.221,1,0,164
1641,5,0,0,3,1,-6.15,0.2205,1,0,164
1642,35,0,0,14,5,-7.25,0.2201,1,0,164
1643,105,1,1,18,8,-5.6,0.2196,0,0,164
1644,81,1,1,19,9,-2.66,0.2191,1,0,164
1645,7,0,0,4,1,-4.92,0.2186,1,0,164
1646,176,2,2,22,11,-11.41,0.2182,0,0,168
1647,49,1,1,13,5,-5.69,0.2177,1,0,168
1648,34,0,0,12,5,-5.64,0.2172,1,0,168
1649,38,0,0,14,5,-7.38,0.2167,1,0,168
1650,33,0,0,14,4,-4.43,0.2163,1,0,168
1651,77,1,1,26,9,-4.07,0.2158,1,0,169
1652,53,0,0,8,5,-7.48,0.2153,0,0,169
1653,28,1,1,13,4,-2.33,0.2148,1,0,169
1654,7,0,0,3,1,-5.72,0.2144,1,0,169
1655,14,0,0,6,2,-4.99,0.2139,1,0,169
1656,49,2,2,18,7,-3.64,0.2134,1,0,169
1657,70,0,0,8,4,-8.7,0.2129,1,0,169
1658,54,0,0,15,6,-4.94,0.2125,1,0,170
1659,126,0,0,16,7,-6.36,0.212,0,0,171
1660,23,0,0,10,3,-4.28,0.2115,1,0,171
1661,36,0,0,15,5,-3.51,0.211,1,0,171
1662,84,1,1,19,9,-5.14,0.2106,1,0,171
1663,13,0,0,5,2,-5.68,0.2101,1,0,171
1664,39,1,1,13,5,-5.94,0.2096,1,0,171
1665,28,0,0,15,4,-3.93,0.2091,1,0,171
1666,52,1,1,12,5,-4.32,0.2087,1,0,173
1667,6,0,0,2,1,-4.51,0.2082,1,0,173
1668,13,0,0,6,2,-6.38,0.2077,1,0,173
1669,20,0,0,10,3,-3.5,0.2072,1,0,173
1670,13,0,0,4,2,-5.63,0.2068,1,0,173
1671,27,0,0,12,4,-5.27,0.2063,1,0,173
1672,38,2,2,13,5,-3.58,0.2058,1,0,173
1673,158,2,2,19,11,-3.53,0.2053,1,0,174
1674,78,1,1,22,9,-8.63,0.2049,1,0,175
1675,6,0,0,3,1,-4.76,0.2044,1,0,175
1676,6,0,0,3,1,-5.56,0.2039,1,0,175
1677,14,0,0,9,2,-5.29,0.2034,1,0,175
1678,22,0,0,6,3,-6.12,0.203,1,0,175
1679,143,1,1,19,9,-9.38,0.2025,1,0,175
1680,64,0,0,15,5,-4.09,0.202,1,0,176
1681,77,1,1,17,7,-8.47,0.2015,0,0,177
1682,45,1,1,18,6,-2.65,0.2011,1,0,177
1683,88,1,1,16,6,-5.63,0.2006,1,0,177
1684,7,0,0,4,1,-5.82,0.2001,1,0,177
1685,5,0,0,3,1,-4.75,0.1996,1,0,177
1686,220,5,0,33,15,-5.55,0.1992,1,0,182
1687,21,0,0,8,3,-5.46,0.1987,1,0,182
1688,16,0,0,11,2,-1.96,0.1982,1,0,182
1689,6,0,0,1,1,-6.26,0.1977,1,0,182
1690,23,0,0,14,3,-3.98,0.1973,1,0,182
1691,148,3,3,27,11,0.42,0.1968,0,0,182
1692,15,0,0,6,2,-5.85,0.1963,1,0,182
1693,45,1,1,21,5,-2.75,0.1958,1,0,183
1694,6,0,0,3,1,-4.21,0.1954,1,0,183
1695,8,0,0,4,1,-4.98,0.1949,1,0,183
1696,6,0,0,1,1,-5.36,0.1944,1,0,183
1697,132,0,0,18,8,-9.07,0.1939,1,0,183
1698,175,1,1,21,9,-7.6,0.1935,0,0,184
1699,44,0,0,14,6,-7.39,0.193,1,0,184
1700,288,1,1,28,15,-11.78,0.1925,0,0,184
1701,5,0,0,4,1,-4.35,0.192,1,0,184
1702,6,0,0,1,1,-5.26,0.1916,1,0,184
1703,39,0,0,13,4,-4.84,0.1911,1,0,186
1704,27,2,2,11,3,-4.27,0.1906,1,0,186
1705,48,0,0,14,7,-7.28,0.1901,1,0,186
1706,31,0,0,5,2,-7.11,0.1897,1,0,186
1707,40,1,1,14,5,-7.3,0.1892,1,0,186
1708,35,0,0,11,5,-6.2,0.1887,1,0,186
1709,146,1,1,18,9,-8.96,0.1882,1,0,186
1710,82,0,0,24,9,-6.37,0.1878,1,0,186
1711,43,2,2,18,6,-1.93,0.1873,1,0,186
1712,5,0,0,2,1,-5.0,0.1868,1,0,186
1713,74,0,0,17,8,-7.19,0.1863,1,0,186
1714,48,1,1,20,7,-2.83,0.1859,1,0,186
1715,104,1,1,27,11,-4.29,0.1854,1,0,186
1716,91,0,0,17,6,-6.61,0.1849,0,0,186
1717,14,0,0,6,2,-4.99,0.1844,1,0,186
1718,26,1,1,10,3,-3.96,0.184,1,0,186
1719,20,0,0,10,3,-3.9,0.1835,1,0,186
1720,5,0,0,3,1,-4.3,0.183,1,0,186
1721,7,0,0,5,1,-3.47,0.1825,1,0,186
1722,7,0,0,2,1,-4.47,0.1821,1,0,186
1723,7,0,0,2,1,-4.57,0.1816,1,0,186
1724,85,0,0,9,4,-8.4,0.1811,1,0,186
1725,80,2,2,26,8,0.25,0.1806,1,0,186
1726,25,0,0,10,3,-5.4,0.1802,1,0,186
1727,29,0,0,11,4,-4.69,0.1797,1,0,186
1728,47,0,0,14,6,-4.17,0.1792,1,0,186
1729,28,0,0,8,3,-5.63,0.1787,1,0,187
1730,20,1,1,9,3,-4.5,0.1783,1,0,187
1731,8,0,0,3,1,-4.78,0.1778,1,0,187
1732,202,1,1,27,14,-8.97,0.1773,1,0,189
1733,81,1,1,8,3,-6.26,0.1768,1,0,190
1734,16,0,0,5,2,-6.11,0.1764,1,0,190
1735,120,3,3,25,9,-1.65,0.1759,1,0,192
1736,6,0,0,2,1,-5.51,0.1754,1,0,192
1737,7,0,0,3,1,-5.22,0.1749,1,0,192
1738,70,0,0,15,5,-7.85,0.1744,1,0,192
1739,44,1,1,13,4,-2.64,0.174,1,0,192
1740,29,0,0,10,4,-4.09,0.1735,1,0,192
1741,149,0,0,20,8,-8.49,0.173,1,0,192
1742,8,0,0,5,1,-4.18,0.1726,1,0,192
1743,14,0,0,7,2,-4.04,0.1721,1,0,192
1744,47,0,0,15,5,-3.67,0.1716,0,0,193
1745,24,0,0,10,3,-4.29,0.1711,1,0,193
1746,265,0,0,19,10,-13.8,0.1707,1,0,193
1747,14,0,0,4,2,-6.59,0.1702,1,0,193
1748,44,2,2,19,6,-1.74,0.1697,1,0,193
1749,272,1,1,33,16,-10.42,0.1692,1,0,194
1750,17,0,0,6,2,-6.42,0.1688,1,0,194
1751,22,0,0,10,3,-5.22,0.1683,1,0,194
1752,61,0,0,18,6,-4.01,0.1678,1,0,195
1753,41,0,0,17,5,-4.61,0.1673,1,0,195
1754,118,2,2,25,11,-3.48,0.1669,1,0,195
1755,61,0,0,6,3,-8.11,0.1664,0,0,195
1756,38,1,1,16,5,-3.63,0.1659,1,0,195
1757,51,1,1,16,7,-5.41,0.1654,1,0,195
1758,8,0,0,3,1,-5.28,0.165,1,0,195
1759,54,0,0,16,6,-5.69,0.1645,1,0,195
1760,6,0,0,3,1,-5.21,0.164,1,0,195
1761,36,0,0,12,5,-3.96,0.1635,1,0,195
1762,116,2,2,30,11,-2.46,0.1631,0,0,196
1763,37,0,0,8,4,-6.67,0.1626,1,0,196
1764,102,0,0,18,8,-6.62,0.1621,1,0,196
1765,161,1,1,25,12,-3.81,0.1616,0,0,197
1766,7,0,0,1,1,-5.32,0.1612,1,0,197
1767,107,2,2,30,11,-1.42,0.1607,1,0,197
1768,117,0,0,16,7,-8.12,0.1602,1,0,197
1769,47,1,1,14,6,-7.32,0.1597,1,0,197
1770,197,1,1,28,13,-7.37,0.1593,1,0,198
1771,371,1,1,21,10,-11.46,0.1588,0,0,199
1772,29,1,1,13,4,-1.39,0.1583,1,0,199
1773,35,0,0,10,5,-5.55,0.1578,1,0,199
1774,70,0,0,19,9,-6.8,0.1573,1,0,199
1775,20,0,0,10,3,-3.65,0.1569,1,0,199
1776,53,0,0,23,7,-2.48,0.1564,1,0,199
1777,17,0,0,8,2,-4.82,0.1559,1,0,199
1778,14,0,0,6,2,-4.89,0.1554,1,0,199
1779,35,1,1,12,5,-3.3,0.155,1,0,199
1780,28,0,0,11,4,-3.63,0.1545,1,0,199
1781,93,0,0,23,10,-5.68,0.154,0,0,201
1782,22,0,0,10,3,-4.42,0.1536,1,0,201
1783,13,0,0,5,2,-5.73,0.1531,1,0,201
1784,113,0,0,21,8,-6.43,0.1526,1,0,201
1785,13,0,0,7,2,-4.18,0.1521,1,0,201
1786,119,1,1,25,10,-3.04,0.1517,0,0,202
1787,23,0,0,11,3,-2.83,0.1512,1,0,202
1788,13,0,0,5,2,-5.23,0.1507,1,0,202
1789,152,2,2,19,8,-7.32,0.1502,0,0,202
1790,68,1,1,25,9,-4.58,0.1498,1,0,202
1791,51,1,1,17,6,-2.76,0.1493,1,0,202
1792,84,0,0,11,3,-4.44,0.1488,0,0,202
1793,13,0,0,4,2,-5.08,0.1483,1,0,202
1794,28,0,0,15,4,-2.58,0.1479,1,0,202
1795,14,0,0,5,2,-5.39,0.1474,1,0,202
1796,81,1,1,22,8,-2.26,0.1469,1,0,202
1797,23,0,0,10,3,-4.13,0.1464,1,0,202
1798,74,0,0,19,9,-6.09,0.146,0,0,204
1799,20,0,0,7,3,-5.75,0.1455,1,0,204
1800,28,0,0,10,4,-5.38,0.145,1,0,204
1801,69,0,0,12,4,-6.09,0.1445,1,0,204
1802,45,1,1,24,6,-1.3,0.1441,1,0,204
1803,71,1,1,25,8,-3.01,0.1436,1,0,205
1804,13,0,0,4,2,-5.98,0.1431,1,0,205
1805,21,1,1,9,3,-4.01,0.1426,1,0,205
1806,14,0,0,8,2,-3.29,0.1421,1,0,205
1807,13,0,0,4,2,-5.33,0.1417,1,0,205
1808,124,2,2,18,12,-7.69,0.1412,1,0,205
1809,20,0,0,10,3,-3.3,0.1407,1,0,205
1810,103,1,1,21,8,-5.38,0.1402,1,0,205
1811,102,2,2,35,12,2.98,0.1398,1,0,205
1812,115,0,0,13,7,-9.2,0.1393,1,0,205
1813,45,0,0,18,6,-3.3,0.1388,1,0,205
1814,264,1,1,26,13,-11.54,0.1383,0,0,206
1815,44,0,0,15,5,-4.99,0.1379,1,0,206
1816,13,0,0,9,2,-3.58,0.1374,1,0,206
1817,30,0,0,10,4,-5.65,0.1369,1,0,206
1818,22,0,0,7,3,-5.72,0.1364,1,0,206
1819,288,0,0,14,12,-13.58,0.136,1,0,206
1820,7,0,0,2,1,-4.57,0.1355,1,0,206
1821,275,1,1,19,11,-9.05,0.135,1,0,206
1822,29,0,0,9,4,-5.29,0.1346,1,0,206
1823,77,0,0,16,5,-4.67,0.1341,1,0,207
1824,36,1,1,15,5,-1.91,0.1336,1,0,207
1825,39,0,0,13,5,-4.69,0.1331,1,0,207
1826,13,0,0,7,2,-4.73,0.1327,1,0,207
1827,123,0,0,24,10,-4.73,0.1322,1,0,207
1828,20,2,2,11,3,-1.25,0.1317,1,0,208
1829,34,0,0,12,5,-5.99,0.1312,1,0,208
1830,321,0,0,18,12,-15.21,0.1308,1,0,210
1831,23,0,0,11,3,-3.63,0.1303,1,0,210
1832,53,2,2,17,6,-4.03,0.1298,1,0,210
1833,74,3,3,24,9,-1.39,0.1293,0,0,210
1834,21,0,0,10,3,-4.91,0.1289,1,0,210
1835,151,0,0,17,8,-5.61,0.1284,1,0,210
1836,96,0,0,24,12,-10.31,0.1279,1,0,210
1837,70,2,2,19,5,-1.15,0.1274,0,0,210
1838,126,1,1,25,8,-3.61,0.127,1,0,210
1839,35,0,0,11,5,-5.65,0.1265,1,0,210
1840,9,0,0,5,1,-4.14,0.126,1,0,210
1841,28,0,0,14,4,-2.48,0.1255,1,0,210
1842,44,1,1,17,5,-2.34,0.125,1,0,210
1843,59,0,0,26,8,-5.04,0.1246,1,0,211
1844,27,1,1,11,4,-5.42,0.1241,1,0,211
1845,6,0,0,2,1,-4.96,0.1236,1,0,211
1846,53,0,0,19,7,-4.48,0.1231,0,0,212
1847,22,0,0,8,3,-5.07,0.1227,1,0,212
1848,26,0,0,11,3,-4.01,0.1222,1,0,212
1849,84,0,0,17,6,-4.49,0.1217,0,0,212
1850,30,0,0,12,4,-4.9,0.1212,1,0,212
1851,48,0,0,13,4,-4.73,0.1208,1,0,212
1852,33,1,1,12,4,-3.78,0.1203,1,0,212
1853,28,1,1,11,4,-1.98,0.1198,1,0,212
1854,14,0,0,5,2,-4.84,0.1193,1,0,212
1855,79,2,2,18,7,-2.54,0.1189,1,0,212
1856,37,0,0,16,5,-2.67,0.1184,1,0,212
1857,319,5,0,25,21,-17.79,0.1179,1,0,215
1858,42,0,0,14,6,-6.57,0.1174,1,0,215
1859,13,0,0,6,2,-3.88,0.117,1,0,215
1860,13,0,0,7,2,-4.58,0.1165,1,0,215
1861,70,1,1,20,7,-4.9,0.116,1,0,215
1862,144,2,2,27,14,-7.24,0.1156,1,0,215
1863,6,0,0,3,1,-4.21,0.1151,1,0,215
1864,5,0,0,4,1,-4.45,0.1146,1,0,215
1865,63,1,1,26,8,-2.48,0.1141,0,0,215
1866,228,1,1,12,5,-8.18,0.1137,0,0,215
1867,21,0,0,10,3,-3.01,0.1132,1,0,215
1868,101,2,2,22,9,-3.56,0.1127,1,0,215
1869,48,0,0,17,6,-3.78,0.1122,1,0,215
1870,28,0,0,10,4,-5.13,0.1118,1,0,215
1871,5,0,0,3,1,-4.75,0.1113,1,0,215
1872,57,0,0,16,6,-2.57,0.1108,0,0,216
1873,110,0,0,21,9,-3.7,0.1103,0,0,216
1874,101,2,2,28,9,-0.96,0.1099,0,0,216
1875,180,3,3,32,12,-2.55,0.1094,0,0,216
1876,197,1,1,29,14,-4.92,0.1089,0,0,216
1877,58,1,1,18,8,-5.73,0.1084,1,0,216
1878,17,0,0,8,2,-4.27,0.108,1,0,216
1879,104,1,1,16,5,-2.29,0.1075,0,0,216
1880,20,0,0,9,3,-4.25,0.107,1,0,216
1881,61,0,0,12,4,-4.16,0.1065,1,0,216
1882,91,1,1,18,9,-4.86,0.1061,1,0,216
1883,70,3,3,25,9,-1.15,0.1056,1,0,218
1884,36,0,0,12,5,-5.51,0.1051,1,0,218
1885,72,1,1,23,7,-0.62,0.1046,1,0,218
1886,117,2,2,24,9,-1.42,0.1042,1,0,218
1887,20,0,0,9,3,-6.0,0.1037,1,0,218
1888,97,2,2,19,7,-2.52,0.1032,0,0,218
1889,57,2,2,20,8,-1.97,0.1027,1,0,218
1890,65,0,0,24,8,-4.9,0.1023,1,0,219
1891,40,0,0,14,5,-4.45,0.1018,1,0,220
1892,400,0,0,25,16,-9.55,0.1013,0,1,221
1893,13,0,0,6,2,-4.98,0.1008,1,0,221
1894,87,1,1,23,8,-3.92,0.1004,1,0,221
1895,6,0,0,2,1,-4.51,0.0999,1,0,221
1896,67,1,1,30,9,-0.42,0.0994,0,0,221
1897,118,0,0,39,14,1.77,0.0989,1,0,221
1898,138,0,0,29,13,-5.38,0.0985,1,0,221
1899,144,0,0,39,15,-0.14,0.098,1,0,222
1900,97,7,2,36,13,1.68,0.0975,1,0,222
1901,37,0,0,13,5,-5.62,0.097,1,0,222
1902,103,2,2,40,13,3.12,0.0966,1,0,222
1903,57,0,0,24,8,-3.47,0.0961,1,0,222
1904,82,1,1,33,11,-1.87,0.0956,1,0,222
1905,7,0,0,4,1,-4.37,0.0951,1,0,222
1906,92,3,3,30,10,1.63,0.0947,1,0,222
1907,28,0,0,13,4,-3.93,0.0942,1,0,222
1908,44,0,0,21,6,-5.44,0.0937,1,0,222
1909,45,0,0,13,6,-7.75,0.0932,1,0,222
1910,27,0,0,15,4,-4.12,0.0928,1,0,222
1911,60,1,1,23,8,-3.8,0.0923,1,0,222
1912,27,0,0,13,4,-3.22,0.0918,1,0,222
1913,100,1,1,27,11,-4.35,0.0913,0,0,223
1914,28,0,0,11,4,-6.38,0.0909,1,0,223
1915,136,3,3,39,13,-2.46,0.0904,0,0,223
1916,20,1,1,9,3,-5.0,0.0899,1,0,223
1917,13,0,0,5,2,-7.13,0.0894,1,0,223
1918,180,2,2,34,19,-5.65,0.089,1,0,224
1919,66,3,3,22,9,-2.36,0.0885,1,0,224
1920,119,2,2,43,14,0.36,0.088,1,0,224
1921,70,1,1,23,9,-2.9,0.0875,1,0,224
1922,90,3,3,34,12,1.0,0.0871,0,0,224
1923,142,2,2,37,17,-1.97,0.0866,0,0,224
1924,76,2,2,34,11,-2.56,0.0861,1,0,224
1925,62,0,0,23,8,-7.87,0.0856,1,0,224
1926,145,8,3,51,18,8.2,0.0852,1,0,224
1927,83,5,5,41,10,7.37,0.0847,1,0,224
1928,120,0,0,20,9,-8.2,0.0842,1,0,224
1929,83,0,0,30,11,-2.33,0.0837,1,0,224
1930,124,0,0,39,15,-5.19,0.0833,1,0,224
1931,20,0,0,9,3,-6.05,0.0828,1,0,224
1932,119,1,1,33,14,-6.19,0.0823,1,0,224
1933,80,1,1,30,10,-1.4,0.0818,1,0,224
1934,20,0,0,6,3,-6.1,0.0814,1,0,224
1935,68,1,1,36,9,-1.13,0.0809,1,0,224
1936,160,3,3,36,18,-1.25,0.0804,1,0,224
1937,55,0,0,21,7,-4.2,0.0799,1,0,224
1938,45,1,1,19,6,-5.35,0.0795,1,0,224
1939,48,0,0,16,7,-7.48,0.079,1,0,224
1940,20,0,0,9,3,-5.0,0.0785,1,0,224
1941,63,2,2,22,9,-3.38,0.078,1,0,224
1942,185,2,2,41,21,-7.45,0.0776,0,0,226
1943,151,3,3,39,18,1.14,0.0771,1,0,226
1944,49,0,0,17,7,-8.04,0.0766,1,0,226
1945,266,3,3,56,22,-2.06,0.0761,1,0,226
1946,59,0,0,23,8,-5.19,0.0757,1,0,226
1947,163,2,2,32,15,-1.73,0.0752,1,0,228
1948,28,0,0,12,4,-5.88,0.0747,1,0,228
1949,35,1,1,16,5,-1.45,0.0742,1,0,228
1950,64,1,1,22,9,-4.54,0.0738,1,0,228
1951,6,0,0,3,1,-4.11,0.0733,1,0,228
1952,179,0,0,40,17,-2.39,0.0728,1,0,228
1953,109,1,1,27,9,-5.49,0.0723,0,0,230
1954,73,0,0,32,10,0.02,0.0719,1,0,230
1955,72,2,2,26,9,-4.62,0.0714,0,0,230
1956,79,0,0,19,8,-5.24,0.0709,1,0,230
1957,34,0,0,13,5,-5.99,0.0704,1,0,230
1958,163,0,0,36,15,-7.68,0.07,0,0,231
1959,28,2,2,16,4,-0.73,0.0695,1,0,231
1960,64,0,0,18,7,-4.74,0.069,0,0,231
1961,64,1,1,22,9,-4.34,0.0685,1,0,231
1962,13,0,0,6,2,-5.83,0.0681,1,0,231
1963,181,1,1,39,17,-7.66,0.0676,1,0,233
1964,70,2,2,26,10,-3.9,0.0671,1,0,233
1965,58,2,2,26,7,2.47,0.0666,1,0,233
1966,108,1,1,32,13,-0.88,0.0662,1,0,233
1967,13,0,0,7,2,-4.53,0.0657,1,0,233
1968,52,0,0,18,7,-5.02,0.0652,1,0,233
1969,191,2,2,48,18,-0.76,0.0647,0,0,235
1970,260,1,1,36,21,-17.3,0.0643,1,0,236
1971,5,0,0,3,1,-4.65,0.0638,1,0,236
1972,172,2,2,40,16,-2.97,0.0633,1,0,236
1973,137,2,2,33,14,-3.07,0.0628,1,0,236
1974,45,0,0,22,6,-2.7,0.0624,1,0,236
1975,131,1,1,40,14,-2.71,0.0619,1,0,236
1976,159,1,1,39,17,-3.49,0.0614,1,0,236
1977,185,4,4,38,16,-5.45,0.0609,1,0,238
1978,120,0,0,34,13,-3.6,0.0605,1,0,239
1979,148,1,1,50,16,-1.18,0.06,0,0,239
1980,66,0,0,23,8,-5.41,0.0595,1,0,239
1981,76,0,0,30,11,-1.91,0.059,0,0,239
1982,108,1,1,35,13,-5.18,0.0586,0,0,239
1983,34,1,1,12,4,-5.69,0.0581,0,0,239
1984,20,0,0,9,3,-4.95,0.0576,1,0,239
1985,249,2,2,45,23,-10.44,0.0571,1,0,242
1986,35,1,1,13,5,-5.45,0.0567,1,0,242
1987,34,0,0,14,5,-6.19,0.0562,1,0,242
1988,76,0,0,33,10,-0.46,0.0557,1,0,242
1989,107,2,2,33,13,0.13,0.0552,1,0,243
1990,207,7,2,52,23,3.08,0.0548,1,0,243
1991,43,1,1,19,6,-3.98,0.0543,1,0,243
1992,240,4,4,50,26,-11.25,0.0538,1,0,243
1993,41,0,0,18,6,-5.41,0.0533,1,0,243
1994,139,1,1,48,15,-2.14,0.0529,0,0,244
1995,66,0,0,26,9,-3.31,0.0524,1,0,244
1996,113,1,1,33,13,-6.13,0.0519,1,0,244
1997,175,2,2,45,21,-1.8,0.0514,0,0,244
1998,168,2,2,45,20,1.17,0.051,1,0,245
1999,121,2,2,39,14,-0.96,0.0505,1,0,245
2000,83,1,1,25,10,-4.83,0.05,0,0,245
2001,195,4,4,40,17,-1.1,0.05,0,0,245
2002,97,0,0,20,7,-4.17,0.05,0,0,245
2003,29,0,0,14,4,-2.54,0.05,1,0,245
2004,121,1,1,24,9,-6.16,0.05,0,0,245
2005,104,0,0,25,9,-5.39,0.05,0,0,245
2006,179,1,1,36,11,-1.59,0.05,1,0,245
2007,49,0,0,17,7,-4.39,0.05,0,0,246
2008,191,1,1,24,10,-4.31,0.05,0,0,246
2009,163,1,1,44,18,-5.13,0.05,1,0,248
2010,64,1,1,22,9,-2.99,0.05,0,0,248
2011,54,2,2,25,7,-4.24,0.05,1,0,248
2012,83,2,2,38,11,0.27,0.05,0,0,252
2013,167,0,0,48,20,-3.27,0.05,0,0,252
2014,185,4,4,39,17,0.2,0.05,1,0,252
2015,53,2,2,19,7,-2.73,0.05,1,0,252
2016,163,2,2,42,20,-2.13,0.05,1,0,254
2017,55,2,2,28,8,1.15,0.05,0,0,254
2018,137,1,1,49,17,-4.87,0.05,1,0,254
2019,226,3,3,49,20,-3.21,0.05,1,0,255
2020,276,1,1,34,28,-25.41,0.05,1,0,255
2021,20,0,0,11,3,-3.85,0.05,1,0,255
2022,36,0,0,11,5,-6.61,0.05,1,0,255
2023,64,1,1,26,9,-3.44,0.05,1,0,255
2024,206,2,2,44,18,2.24,0.05,1,0,255
2025,104,5,0,31,13,0.71,0.05,1,0,255
2026,73,1,1,36,9,-0.68,0.05,1,0,255
2027,114,2,2,35,13,-0.94,0.05,1,0,255
2028,80,1,1,26,10,-5.8,0.05,0,0,255
2029,168,2,2,38,18,-3.93,0.05,1,0,255
2030,90,3,3,31,12,-0.2,0.05,1,0,255
2031,260,1,1,38,27,-8.2,0.05,0,0,256
2032,72,1,1,27,10,-3.57,0.05,1,0,256
2033,227,6,6,40,21,-4.42,0.05,0,0,257
2034,32,1,1,13,4,-1.97,0.05,1,0,257
2035,235,1,1,38,22,-11.35,0.05,0,0,257
2036,13,0,0,7,2,-6.43,0.05,1,0,257
2037,70,2,2,23,10,-7.2,0.05,1,0,257
2038,76,1,1,33,10,-0.26,0.05,1,0,257
2039,71,1,1,28,10,-1.71,0.05,0,0,257
2040,158,4,4,34,16,-2.63,0.05,0,0,258
2041,73,1,1,27,10,-3.13,0.05,1,0,258
2042,79,3,3,27,10,0.61,0.05,1,0,258
2043,30,0,0,14,4,-2.7,0.05,1,0,258
2044,135,2,2,43,13,2.65,0.05,1,0,258
2045,113,3,3,34,13,-1.23,0.05,1,0,258
2046,90,2,2,34,12,-0.2,0.05,0,0,259
2047,29,0,0,15,4,-2.34,0.05,1,0,259
2048,206,5,0,39,19,-0.56,0.05,1,0,259
2049,118,0,0,45,15,-3.78,0.05,1,0,259
2050,49,0,0,19,6,-6.09,0.05,1,0,259
2051,121,1,1,32,12,-4.76,0.05,0,0,259
2052,39,0,0,13,5,-4.69,0.05,1,0,259
2053,192,0,0,12,4,-8.92,0.05,1,0,259
2054,251,2,2,23,10,-4.26,0.05,1,0,259
2055,87,0,0,7,2,-6.82,0.05,0,0,259
2056,114,0,0,6,3,-4.79,0.05,1,0,259
2057,217,0,0,17,7,-8.47,0.05,1,0,259
2058,228,0,0,17,11,-9.83,0.05,0,0,259
2059,21,0,0,10,3,-3.86,0.05,1,0,259
2060,20,0,0,9,3,-4.15,0.05,1,0,259
2061,21,1,1,9,3,-3.46,0.05,1,0,259
2062,28,1,1,10,4,-3.83,0.05,1,0,259
2063,21,0,0,10,3,-3.61,0.05,1,0,259
2064,119,1,1,8,3,-4.29,0.05,1,0,259
2065,183,0,0,8,3,-7.53,0.05,1,0,259
2066,61,0,0,25,8,-3.56,0.05,1,0,259
2067,130,1,1,15,6,-4.95,0.05,0,0,259
2068,106,0,0,10,2,-5.11,0.05,1,0,259
2069,21,0,0,11,3,-4.36,0.05,1,0,259
2070,20,0,0,13,3,-3.2,0.05,1,0,259
2071,20,0,0,9,3,-3.95,0.05,1,0,259
2072,28,0,0,10,4,-4.28,0.05,1,0,259
2073,20,0,0,9,3,-4.0,0.05,1,0,259
2074,20,0,0,10,3,-3.65,0.05,1,0,259
2075,21,0,0,10,3,-4.16,0.05,1,0,259
2076,313,1,1,19,14,-13.63,0.05,1,0,259
2077,8,0,0,3,1,-4.68,0.05,1,0,259
2078,144,0,0,6,5,-7.94,0.05,1,0,259
2079,20,0,0,9,3,-3.55,0.05,1,0,259
2080,21,1,1,12,3,-2.56,0.05,1,0,259
2081,21,0,0,9,3,-5.56,0.05,1,0,259
2082,270,1,1,9,4,-7.15,0.05,0,0,259
2083,20,1,1,12,3,-2.1,0.05,1,0,259
2084,400,0,0,19,13,-16.1,0.05,0,1,259
2085,7,0,0,3,1,-4.72,0.05,1,0,259
2086,22,0,0,11,3,-3.92,0.05,1,0,259
2087,146,1,1,9,4,-4.26,0.05,0,0,259
2088,82,1,1,36,11,2.28,0.05,1,0,259
2089,58,0,0,18,8,-6.18,0.05,1,0,259
2090,84,1,1,35,11,2.66,0.05,1,0,259
2091,42,2,2,18,6,0.43,0.05,1,0,259
2092,24,0,0,12,3,-3.24,0.05,1,0,259
2093,53,1,1,23,7,-0.53,0.05,1,0,259
2094,147,3,3,32,17,1.18,0.05,0,0,260
2095,83,2,2,32,10,1.32,0.05,1,0,260
2096,52,2,2,25,7,2.43,0.05,1,0,261
2097,216,3,3,45,20,1.24,0.05,0,0,261
2098,75,0,0,28,10,-2.9,0.05,1,0,261
2099,128,1,1,43,14,1.12,0.05,0,0,261
2100,29,1,1,8,4,-4.89,0.05,1,0,261
2101,71,2,2,27,10,-2.86,0.05,1,0,261
2102,66,1,1,20,7,-1.11,0.05,1,0,261
2103,208,3,3,40,21,-3.03,0.05,1,0,261
2104,83,2,2,36,11,0.07,0.05,1,0,261
2105,52,1,1,19,7,-2.17,0.05,1,0,261
2106,123,0,0,33,14,-4.58,0.05,1,0,261
2107,27,0,0,11,4,-4.22,0.05,1,0,261
2108,91,3,3,39,12,3.54,0.05,0,0,262
2109,28,0,0,11,4,-4.28,0.05,1,0,262
2110,60,0,0,27,8,-1.85,0.05,1,0,262
2111,20,0,0,12,3,-3.3,0.05,1,0,262
2112,146,2,2,45,17,4.99,0.05,1,0,262
2113,75,2,2,31,10,-2.2,0.05,0,0,262
2114,81,1,1,29,10,1.54,0.05,1,0,262
2115,42,0,0,20,6,-2.32,0.05,1,0,262
2116,20,0,0,9,3,-4.65,0.05,1,0,262
2117,118,0,0,30,13,-1.93,0.05,1,0,264
2118,139,5,5,42,18,6.36,0.05,0,0,265
2119,135,2,2,44,16,3.7,0.05,1,0,265
2120,81,2,2,26,9,0.14,0.05,1,0,265
2121,29,1,1,10,4,-3.84,0.05,1,0,265
2122,294,0,0,36,27,-19.49,0.05,1,0,265
2123,13,0,0,3,2,-5.33,0.05,1,0,265
2124,6,0,0,2,1,-4.41,0.05,1,0,265
2125,243,1,1,48,26,-6.93,0.05,1,0,265
2126,43,1,1,15,6,-2.53,0.05,1,0,265
2127,201,0,0,39,24,-9.46,0.05,1,0,267
2128,142,2,2,35,16,-3.62,0.05,1,0,268
2129,168,0,0,42,18,2.07,0.05,1,0,268
2130,82,0,0,31,10,-3.47,0.05,1,0,268
2131,14,0,0,5,2,-5.29,0.05,1,0,268
2132,59,0,0,23,8,-1.29,0.05,1,0,268
2133,17,0,0,6,2,-4.47,0.05,1,0,268
2134,53,0,0,21,7,-1.63,0.05,1,0,268
2135,20,0,0,7,3,-6.2,0.05,1,0,268
2136,7,0,0,1,1,-4.87,0.05,1,0,268
2137,144,3,3,35,15,1.86,0.05,0,0,268
2138,81,2,2,29,10,-1.11,0.05,1,0,268
2139,55,1,1,25,7,0.3,0.05,1,0,268
2140,72,1,1,28,10,-0.07,0.05,1,0,268
2141,89,2,2,33,11,1.91,0.05,1,0,268
2142,218,1,1,54,28,-3.98,0.05,1,0,269
2143,164,3,3,32,18,-0.89,0.05,0,0,269
2144,70,2,2,31,9,2.0,0.05,1,0,269
2145,137,2,2,31,15,2.88,0.05,1,0,269
2146,13,0,0,8,2,-3.33,0.05,1,0,269
2147,110,2,2,36,13,-0.2,0.05,1,0,269
2148,53,1,1,19,7,-5.08,0.05,1,0,269
2149,92,4,4,35,12,3.43,0.05,1,0,269
2150,192,3,3,43,18,4.28,0.05,0,0,271
2151,20,0,0,10,3,-4.05,0.05,1,0,271
2152,248,3,3,40,24,-11.63,0.05,0,0,272
2153,116,1,1,35,13,-1.86,0.05,1,0,273
2154,34,1,1,15,5,-2.54,0.05,1,0,273
2155,22,0,0,9,3,-4.67,0.05,1,0,273
2156,103,2,2,35,11,0.42,0.05,1,0,273
2157,35,1,1,15,5,-2.2,0.05,1,0,273
2158,143,3,3,35,17,-1.28,0.05,1,0,273
2159,237,9,4,44,27,-0.47,0.05,1,0,273
2160,65,1,1,26,9,-0.7,0.05,1,0,273
2161,51,0,0,22,7,-3.76,0.05,1,0,273
2162,77,1,1,26,10,0.03,0.05,1,0,273
2163,21,0,0,7,3,-5.76,0.05,1,0,273
2164,120,3,3,34,12,1.4,0.05,1,0,274
2165,53,0,0,15,7,-4.88,0.05,1,0,275
2166,20,0,0,9,3,-4.75,0.05,1,0,275
2167,112,0,0,33,12,-1.72,0.05,1,0,275
2168,20,1,1,8,3,-2.5,0.05,1,0,275
2169,66,3,3,20,8,-1.01,0.05,0,0,275
2170,43,0,0,20,5,-0.98,0.05,1,0,275
2171,27,0,0,12,4,-3.92,0.05,1,0,275
2172,122,1,1,32,11,-1.67,0.05,0,0,275
2173,36,1,1,18,5,-2.06,0.05,1,0,275
2174,120,1,1,40,16,-0.95,0.05,1,0,275
2175,63,0,0,29,8,-0.38,0.05,1,0,275
2176,50,0,0,24,7,-1.2,0.05,1,0,275
2177,99,1,1,30,11,-3.49,0.05,1,0,275
2178,114,2,2,35,14,-0.79,0.05,1,0,275
2179,107,1,1,33,13,0.23,0.05,1,0,275
2180,56,1,1,15,7,-2.51,0.05,1,0,275
2181,95,1,1,28,10,-2.15,0.05,1,0,275
2182,20,1,1,9,3,-3.65,0.05,1,0,275
2183,295,4,4,52,33,-19.9,0.05,0,0,277
2184,163,2,2,36,18,-5.98,0.05,1,0,277
2185,235,2,2,39,23,-10.45,0.05,1,0,277
2186,150,2,2,54,18,3.95,0.05,1,0,277
2187,97,3,3,32,12,3.08,0.05,1,0,277
2188,71,3,3,31,10,-0.96,0.05,1,0,277
2189,49,0,0,16,7,-6.24,0.05,1,0,277
2190,247,2,2,51,29,-4.02,0.05,1,0,277
2191,107,2,2,32,13,-0.22,0.05,1,0,277
2192,35,0,0,15,5,-3.8,0.05,1,0,277
2193,95,1,1,34,11,2.9,0.05,1,0,277
2194,110,2,2,35,12,0.1,0.05,1,0,277
2195,117,2,2,32,14,1.33,0.05,1,0,277
2196,213,1,1,35,19,-5.98,0.05,0,0,278
2197,20,0,0,11,3,-3.05,0.05,1,0,278
2198,79,3,3,40,11,4.21,0.05,1,0,278
2199,317,3,3,35,33,-18.77,0.05,1,0,279
2200,53,1,1,25,7,0.72,0.05,1,0,279
2201,14,0,0,8,2,-4.89,0.05,1,0,279
2202,67,0,0,19,9,-2.32,0.05,0,0,280
2203,83,0,0,31,11,0.77,0.05,1,0,280
2204,53,0,0,25,7,-0.63,0.05,1,0,280
2205,28,0,0,9,4,-3.78,0.05,1,0,280
2206,80,2,2,28,10,1.8,0.05,1,0,280
2207,76,0,0,29,10,-0.26,0.05,1,0,280
2208,83,2,2,31,9,2.92,0.05,1,0,280
2209,43,1,1,19,6,-1.43,0.05,1,0,280
2210,85,0,0,34,11,-1.75,0.05,1,0,280
2211,77,0,0,28,10,-1.92,0.05,1,0,280
2212,28,0,0,15,4,-3.48,0.05,1,0,280
2213,137,1,1,39,16,-1.12,0.05,1,0,280
2214,191,3,3,46,22,-0.61,0.05,1,0,280
2215,82,2,2,27,11,-1.62,0.05,1,0,280
2216,107,0,0,35,14,0.38,0.05,1,0,280
2217,104,2,2,47,13,6.26,0.05,1,0,280
2218,14,0,0,6,2,-3.99,0.05,1,0,280
2219,232,1,1,51,25,-1.27,0.05,0,1,280
2220,63,0,0,27,8,0.32,0.05,1,0,280
2221,95,2,2,34,12,1.35,0.05,1,0,280
2222,81,2,2,26,10,-0.41,0.05,1,0,280
2223,106,2,2,27,12,-0.86,0.05,0,0,280
2224,106,1,1,36,14,-1.71,0.05,1,0,280
2225,112,7,2,27,11,3.63,0.05,1,0,280
2226,120,1,1,44,14,1.9,0.05,1,0,280
2227,400,4,4,52,46,-16.25,0.05,0,1,280
2228,219,5,5,43,25,-3.74,0.05,1,0,280
2229,87,8,3,35,11,7.38,0.05,1,0,280
2230,20,0,0,7,3,-6.3,0.05,1,0,280
2231,98,2,2,36,13,1.27,0.05,1,0,280
2232,110,6,1,32,14,4.05,0.05,1,0,280
2233,76,3,3,29,11,-1.76,0.05,1,0,280
2234,60,1,1,18,8,-4.35,0.05,0,0,280
2235,152,1,1,37,16,-1.67,0.05,1,0,280
2236,14,0,0,5,2,-4.74,0.05,1,0,280
2237,96,2,2,27,12,-0.91,0.05,1,0,280
2238,14,0,0,5,2,-5.34,0.05,1,0,280
2239,58,1,1,19,8,-3.53,0.05,1,0,280
2240,59,1,1,26,8,-0.54,0.05,1,0,280
2241,88,6,1,33,12,3.42,0.05,1,0,280
2242,170,2,2,40,18,1.7,0.05,0,0,280
2243,34,0,0,16,5,-4.04,0.05,1,0,280
2244,88,5,0,31,11,2.92,0.05,1,0,280
2245,174,1,1,40,18,1.01,0.05,1,0,280
2246,137,5,5,42,14,4.68,0.05,0,0,280
2247,100,1,1,19,9,-3.45,0.05,1,0,280
2248,351,2,2,52,42,-12.16,0.05,1,0,280
2249,229,2,2,41,24,-5.19,0.05,1,0,281
2250,275,1,1,44,25,-5.7,0.05,1,0,281
2251,198,2,2,51,18,-1.33,0.05,1,0,281
2252,118,1,1,38,13,1.67,0.05,1,0,281
2253,157,2,2,37,16,-3.27,0.05,1,0,281
2254,6,0,0,2,1,-4.41,0.05,1,0,281
2255,20,0,0,9,3,-4.3,0.05,1,0,281
2256,96,1,1,32,12,0.19,0.05,1,0,281
2257,88,5,0,30,12,0.22,0.05,1,0,281
2258,230,4,4,39,24,-8.25,0.05,1,0,282
2259,51,0,0,19,7,-4.01,0.05,1,0,282
2260,63,0,0,25,8,-1.88,0.05,1,0,282
2261,14,0,0,5,2,-5.29,0.05,1,0,282
2262,57,0,0,25,8,-1.37,0.05,1,0,282
2263,109,1,1,38,13,-0.74,0.05,0,0,282
2264,52,0,0,21,7,-1.22,0.05,1,0,282
2265,69,2,2,25,9,-0.19,0.05,0,0,282
2266,98,3,3,30,11,0.52,0.05,1,0,282
2267,158,5,0,39,17,2.32,0.05,1,0,282
2268,35,2,2,14,5,-3.1,0.05,1,0,282
2269,57,0,0,18,8,-4.67,0.05,1,0,282
2270,69,1,1,31,9,1.41,0.05,1,0,282
2271,31,0,0,17,4,-2.21,0.05,1,0,282
2272,51,1,1,28,7,2.24,0.05,1,0,282
2273,113,2,2,37,14,1.97,0.05,1,0,282
2274,43,2,2,18,6,-1.28,0.05,1,0,282
2275,112,2,2,36,12,1.58,0.05,1,0,282
2276,88,2,2,27,11,1.22,0.05,1,0,282
2277,60,2,2,27,8,-0.1,0.05,1,0,282
2278,168,1,1,47,18,1.07,0.05,1,0,282
2279,107,1,1,27,12,-0.92,0.05,0,0,282
2280,21,1,1,9,3,-2.96,0.05,1,0,282
2281,21,0,0,9,3,-4.16,0.05,1,0,282
2282,229,3,3,47,27,-9.89,0.05,1,0,282
2283,7,0,0,5,1,-4.02,0.05,1,0,282
2284,81,0,0,31,11,-2.26,0.05,1,0,282
2285,7,0,0,3,1,-4.17,0.05,1,0,282
2286,52,0,0,16,7,-3.97,0.05,1,0,282
2287,79,2,2,31,10,0.31,0.05,0,0,282
2288,50,1,1,20,7,-1.35,0.05,1,0,282
2289,28,0,0,15,4,-2.48,0.05,1,0,282
2290,135,2,2,31,15,-0.4,0.05,0,0,284
2291,68,0,0,24,9,-1.53,0.05,1,0,284
2292,58,1,1,19,8,-1.68,0.05,1,0,284
2293,106,1,1,31,13,-2.51,0.05,1,0,284
2294,157,0,0,50,18,0.43,0.05,1,0,284
2295,158,3,3,34,18,-1.98,0.05,0,0,284
2296,60,1,1,23,8,-2.75,0.05,1,0,284
2297,139,0,0,34,13,-2.54,0.05,1,0,284
2298,142,2,2,31,14,-0.47,0.05,1,0,284
2299,27,0,0,12,4,-3.92,0.05,1,0,284
2300,142,3,3,37,18,-2.52,0.05,1,0,284
2301,28,0,0,12,4,-4.33,0.05,1,0,284
2302,175,1,1,31,20,-8.95,0.05,1,0,284
2303,364,2,2,39,25,-13.69,0.05,1,0,284
2304,164,4,4,41,19,4.66,0.05,1,0,284
2305,37,0,0,15,5,-3.72,0.05,1,0,284
2306,6,0,0,3,1,-4.21,0.05,1,0,284
2307,67,1,1,26,9,0.28,0.05,1,0,284
2308,188,4,4,39,18,-3.98,0.05,1,0,284
2309,30,0,0,10,4,-4.6,0.05,1,0,284
2310,82,1,1,27,10,-0.47,0.05,1,0,284
2311,161,2,2,45,18,-0.21,0.05,1,0,284
2312,13,0,0,4,2,-5.53,0.05,1,0,284
2313,205,1,1,44,21,0.7,0.05,0,0,284
2314,20,0,0,9,3,-4.2,0.05,1,0,284
2315,14,0,0,5,2,-5.19,0.05,1,0,284
2316,134,1,1,33,15,-1.99,0.05,0,0,284
2317,35,0,0,17,5,-2.15,0.05,1,0,284
2318,14,0,0,9,2,-3.49,0.05,1,0,284
2319,74,1,1,30,10,1.31,0.05,1,0,284
2320,95,1,1,34,12,-1.0,0.05,1,0,284
2321,7,0,0,3,1,-4.27,0.05,1,0,284
2322,89,0,0,32,11,-0.24,0.05,0,0,284
2323,67,1,1,18,7,2.63,0.05,1,0,284
2324,29,0,0,16,4,-2.29,0.05,1,0,284
2325,27,0,0,10,4,-4.42,0.05,1,0,284
2326,192,3,3,43,19,0.83,0.05,1,0,285
2327,108,7,2,39,14,9.47,0.05,1,0,285
2328,58,3,3,22,8,-0.03,0.05,1,0,285
2329,49,2,2,19,7,-1.64,0.05,1,0,285
2330,181,2,2,34,15,-1.86,0.05,1,0,285
2331,60,1,1,27,8,-0.85,0.05,1,0,285
2332,102,4,4,42,13,4.38,0.05,1,0,285
2333,180,6,6,41,20,-1.9,0.05,1,0,285
2334,198,1,1,35,17,-7.23,0.05,1,0,285
2335,48,2,2,19,6,0.12,0.05,1,0,285
2336,5,0,0,2,1,-5.05,0.05,1,0,285
2337,66,4,4,26,9,3.09,0.05,1,0,285
2338,199,2,2,55,21,5.26,0.05,0,0,285
2339,61,0,0,23,8,-4.26,0.05,1,0,285
2340,88,1,1,35,11,-0.08,0.05,1,0,285
2341,238,2,2,52,25,-3.73,0.05,1,0,285
2342,125,3,3,39,14,4.55,0.05,1,0,285
2343,15,0,0,5,2,-4.9,0.05,1,0,285
2344,222,1,1,43,22,-3.77,0.05,1,0,285
2345,94,1,1,24,12,-5.24,0.05,1,0,287
2346,250,6,7,78,29,13.8,0.05,0,1,287
2347,141,2,2,47,17,2.94,0.05,1,0,287
2348,266,2,2,39,26,-15.56,0.05,1,0,287
2349,102,5,0,31,12,2.38,0.05,1,0,287
2350,78,1,1,26,10,-1.53,0.05,1,0,287
2351,107,1,1,36,12,2.43,0.05,1,0,287
2352,70,0,0,27,10,-3.35,0.05,1,0,287
2353,128,1,1,46,15,1.17,0.05,1,0,287
2354,129,6,1,34,15,3.96,0.05,1,0,287
2355,29,0,0,16,4,-1.44,0.05,1,0,287
2356,64,0,0,22,8,-2.24,0.05,1,0,287
2357,342,6,1,33,38,-27.17,0.05,1,0,287
2358,58,1,1,28,8,-1.38,0.05,1,0,287
2359,82,1,1,31,11,-1.07,0.05,0,0,287
2360,132,1,1,42,14,-2.42,0.05,0,0,287
2361,58,0,0,23,8,-2.33,0.05,1,0,287
2362,47,1,1,17,6,-1.72,0.05,1,0,287
2363,21,0,0,12,3,-2.16,0.05,1,0,287
2364,96,1,1,34,13,-0.41,0.05,1,0,287
2365,147,3,3,47,16,2.73,0.05,1,0,287
2366,51,1,1,25,7,-0.71,0.05,1,0,287
2367,130,2,2,47,15,4.9,0.05,1,0,287
2368,103,1,1,26,12,-2.48,0.05,1,0,287
2369,173,3,3,45,20,3.47,0.05,1,0,287
2370,167,2,2,46,20,0.18,0.05,1,0,287
2371,45,1,1,22,6,-0.6,0.05,1,0,287
2372,94,0,0,25,10,-6.89,0.05,1,0,287
2373,151,3,3,33,17,-1.86,0.05,1,0,287
2374,76,1,1,31,10,-2.46,0.05,1,0,287
2375,145,2,2,42,15,-2.05,0.05,0,0,287
2376,217,2,2,41,21,3.28,0.05,0,1,287
2377,217,10,5,47,23,5.08,0.05,1,0,288
2378,42,2,2,20,6,-0.92,0.05,1,0,288
2379,146,3,3,31,13,0.19,0.05,0,0,288
2380,166,4,4,37,16,-1.31,0.05,1,0,288
2381,204,3,3,39,23,-3.94,0.05,1,0,288
2382,216,1,1,47,20,-2.21,0.05,1,0,288
2383,126,4,4,33,15,2.14,0.05,1,0,288
2384,268,4,4,48,29,-9.63,0.05,1,0,288
2385,195,1,1,38,18,-1.3,0.05,1,0,289
2386,226,2,2,30,22,-18.61,0.05,1,0,289
2387,202,1,1,50,21,-0.62,0.05,1,0,289
2388,86,2,2,25,11,-0.51,0.05,0,0,289
2389,194,1,1,40,18,-1.84,0.05,0,0,289
2390,45,1,1,24,6,0.45,0.05,1,0,289
2391,335,3,3,44,40,-24.7,0.05,1,0,289
2392,231,3,3,47,24,-4.01,0.05,1,0,289
2393,51,0,0,17,7,-2.91,0.05,1,0,289
2394,266,2,2,48,27,-3.11,0.05,0,0,289
2395,21,0,0,13,3,-1.96,0.05,1,0,289
2396,201,0,0,40,19,-7.11,0.05,1,0,289
2397,6,0,0,3,1,-4.21,0.05,1,0,289
2398,85,1,1,31,11,-0.9,0.05,1,0,289
2399,197,0,0,39,19,-2.42,0.05,0,0,289
2400,67,2,2,23,8,1.43,0.05,1,0,289
2401,94,0,0,27,12,-2.24,0.05,1,0,289
2402,83,1,1,28,10,-2.53,0.05,1,0,289
2403,147,0,0,32,16,-6.62,0.05,1,0,289
2404,254,3,3,42,29,-7.49,0.05,1,0,289
2405,147,0,0,46,17,-0.82,0.05,0,0,289
2406,139,2,2,46,17,1.81,0.05,0,0,289
2407,184,3,3,37,18,-2.44,0.05,1,0,290
2408,95,2,2,34,12,0.8,0.05,1,0,290
2409,106,1,1,31,14,0.34,0.05,1,0,290
2410,207,3,3,50,22,0.08,0.05,0,0,290
2411,107,1,1,26,11,-3.67,0.05,1,0,290
2412,197,2,2,42,24,-7.12,0.05,1,0,290
2413,267,3,3,40,29,-15.62,0.05,1,0,290
2414,65,0,0,18,9,-3.2,0.05,1,0,290
2415,69,0,0,27,9,-1.69,0.05,1,0,290
2416,46,1,1,19,5,-1.01,0.05,0,0,290
2417,81,1,1,30,11,-2.61,0.05,1,0,290
2418,96,1,1,34,11,-0.06,0.05,1,0,290
2419,14,0,0,6,2,-5.44,0.05,1,0,290
2420,66,1,1,25,9,-0.41,0.05,1,0,290
2421,51,1,1,21,7,-1.46,0.05,1,0,290
2422,241,2,2,42,24,-12.56,0.05,1,0,291
2423,231,2,2,49,19,-0.91,0.05,1,0,291
2424,78,0,0,20,7,-2.83,0.05,0,0,292
2425,43,1,1,19,6,-1.33,0.05,1,0,292
2426,129,2,2,40,15,3.36,0.05,1,0,292
2427,93,2,2,36,12,1.97,0.05,1,0,292
2428,308,3,3,38,30,-22.53,0.05,1,0,293
2429,104,2,2,31,11,0.26,0.05,0,0,293
2430,92,0,0,33,11,0.03,0.05,0,0,294
2431,143,2,2,34,15,-1.38,0.05,1,0,294
2432,96,2,2,26,11,0.59,0.05,1,0,294
2433,84,0,0,24,9,-6.34,0.05,0,0,294
2434,56,1,1,29,7,2.84,0.05,1,0,294
2435,46,0,0,16,6,-4.31,0.05,1,0,295
2436,20,1,1,9,3,-3.55,0.05,1,0,295
2437,134,1,1,43,16,-0.19,0.05,1,0,295
2438,134,0,0,42,16,1.36,0.05,1,0,295
2439,67,1,1,23,9,-2.57,0.05,1,0,295
2440,53,0,0,26,7,0.02,0.05,1,0,295
2441,67,0,0,26,9,-3.47,0.05,1,0,295
2442,50,1,1,23,7,-0.2,0.05,1,0,295
2443,207,2,2,43,22,-3.87,0.05,1,0,295
2444,72,1,1,31,10,-0.52,0.05,1,0,295
2445,79,0,0,27,10,-2.39,0.05,0,0,295
2446,35,0,0,17,5,-3.55,0.05,1,0,295
2447,59,0,0,23,8,-1.89,0.05,1,0,295
2448,148,2,2,33,15,-0.88,0.05,1,0,295
2449,30,0,0,12,4,-3.9,0.05,1,0,295
2450,111,0,0,33,13,-2.86,0.05,1,0,295
2451,93,4,4,38,12,5.32,0.05,1,0,295
2452,91,0,0,37,12,2.99,0.05,1,0,295
2453,199,1,1,48,21,3.51,0.05,0,0,295
2454,87,2,2,30,11,2.18,0.05,1,0,295
2455,73,1,1,25,9,-2.63,0.05,1,0,295
2456,81,1,1,27,9,-0.01,0.05,1,0,295
2457,151,2,2,43,17,1.84,0.05,1,0,295
2458,148,2,2,44,18,0.37,0.05,1,0,295
2459,265,3,3,45,33,-13.05,0.05,1,0,295
2460,14,0,0,6,2,-3.99,0.05,1,0,295
2461,203,2,2,51,23,0.27,0.05,1,0,295
2462,44,1,1,17,6,-1.19,0.05,1,0,295
2463,81,0,0,36,11,0.59,0.05,0,0,295
2464,84,2,2,32,11,-0.64,0.05,1,0,295
2465,20,0,0,9,3,-5.2,0.05,1,0,295
2466,49,0,0,21,7,-3.59,0.05,1,0,295
2467,6,0,0,3,1,-4.21,0.05,1,0,295
2468,67,1,1,31,9,2.78,0.05,1,0,295
2469,135,0,0,35,15,0.35,0.05,1,0,295
2470,78,0,0,31,10,-0.08,0.05,1,0,295
2471,139,0,0,44,15,-0.79,0.05,1,0,295
2472,65,3,3,19,8,-0.05,0.05,1,0,295
2473,64,2,2,17,8,-0.09,0.05,1,0,295
2474,71,1,1,27,9,-0.81,0.05,1,0,295
2475,21,0,0,7,3,-4.91,0.05,1,0,295
2476,263,1,1,37,28,-23.23,0.05,1,0,295
2477,51,1,1,23,7,-2.36,0.05,1,0,295
2478,161,0,0,39,16,-3.36,0.05,1,0,295
2479,96,3,3,34,12,5.04,0.05,1,0,295
2480,59,0,0,26,8,-1.24,0.05,1,0,295
2481,67,1,1,25,9,-0.57,0.05,0,0,295
2482,96,1,1,36,12,0.49,0.05,0,0,295
2483,279,2,2,51,37,-23.34,0.05,1,0,295
2484,5,0,0,3,1,-4.3,0.05,1,0,295
2485,46,0,0,23,6,-1.66,0.05,0,0,295
2486,131,2,2,55,17,6.89,0.05,1,0,295
2487,98,0,0,29,10,-3.98,0.05,0,0,295
2488,57,2,2,21,7,0.63,0.05,1,0,295
2489,60,0,0,20,8,-3.6,0.05,1,0,295
2490,75,1,1,28,10,-0.9,0.05,1,0,295
2491,70,1,1,32,9,1.15,0.05,1,0,295
2492,79,2,2,26,10,-0.44,0.05,1,0,295
2493,14,0,0,9,2,-2.99,0.05,1,0,295
2494,144,2,2,31,16,0.26,0.05,0,0,295
2495,42,0,0,18,6,-2.87,0.05,1,0,295
2496,142,1,1,31,13,-2.82,0.05,1,0,296
2497,143,2,2,40,15,2.17,0.05,1,0,296
2498,185,8,3,41,16,6.95,0.05,1,0,296
2499,44,0,0,17,6,-3.09,0.05,1,0,296
2500,153,2,2,35,17,-2.98,0.05,0,0,296
2501,72,1,1,21,7,-3.82,0.05,1,0,296
2502,100,2,2,35,13,1.05,0.05,1,0,296
2503,141,2,2,43,17,3.34,0.05,1,0,296
2504,163,2,2,40,19,-2.13,0.05,1,0,296
2505,36,1,1,15,5,-3.16,0.05,1,0,296
2506,177,3,3,40,20,-3.72,0.05,1,0,296
2507,21,0,0,10,3,-3.41,0.05,1,0,296
2508,143,4,4,44,16,7.52,0.05,1,0,296
2509,153,1,1,37,17,-0.43,0.05,0,0,296
2510,149,3,3,39,15,-0.84,0.05,1,0,296
2511,89,2,2,25,10,-0.74,0.05,0,0,296
2512,41,0,0,16,6,-5.96,0.05,1,0,296
2513,58,1,1,34,8,3.52,0.05,1,0,296
2514,14,0,0,9,2,-3.99,0.05,1,0,296
2515,21,0,0,9,3,-4.06,0.05,1,0,296
2516,114,4,4,33,13,1.61,0.05,0,0,296
2517,54,1,1,18,7,-3.99,0.05,1,0,296
2518,60,1,1,20,7,-2.85,0.05,0,0,296
2519,14,0,0,6,2,-5.44,0.05,1,0,296
2520,109,3,3,44,12,5.61,0.05,1,0,296
2521,64,1,1,24,9,-3.44,0.05,1,0,296
2522,93,1,1,33,11,-1.48,0.05,0,0,296
2523,5,0,0,3,1,-4.75,0.05,1,0,296
2524,58,0,0,23,8,-2.98,0.05,1,0,296
2525,129,1,1,43,15,2.76,0.05,1,0,296
2526,209,9,4,37,20,-1.34,0.05,1,0,296
2527,60,0,0,25,8,-0.75,0.05,1,0,296
2528,261,2,2,35,29,-20.31,0.05,1,0,296
2529,130,3,3,40,12,-1.75,0.05,0,0,296
2530,116,1,1,36,15,-5.21,0.05,1,0,296
2531,101,0,0,34,13,-4.16,0.05,1,0,296
2532,273,1,1,49,27,-11.18,0.05,0,0,296
2533,7,0,0,4,1,-3.87,0.05,1,0,296
2534,50,1,1,21,7,-1.65,0.05,1,0,296
2535,210,2,2,43,24,-9.4,0.05,1,0,296
2536,212,0,0,29,25,-22.17,0.05,1,0,296
2537,115,2,2,35,14,-2.65,0.05,1,0,296
2538,253,9,4,40,34,-17.58,0.05,1,0,296
2539,191,8,3,38,22,-4.51,0.05,1,0,296
2540,188,0,0,38,18,-7.03,0.05,1,0,296
2541,47,3,3,21,6,2.78,0.05,1,0,296
2542,146,1,1,38,17,-3.91,0.05,1,0,296
2543,122,2,2,37,14,2.48,0.05,1,0,296
2544,232,0,0,43,25,-10.52,0.05,0,0,297
2545,131,1,1,43,17,-2.71,0.05,1,0,297
2546,74,5,5,27,9,3.96,0.05,1,0,297
2547,127,0,0,41,15,-1.12,0.05,1,0,297
2548,57,2,2,12,6,-2.92,0.05,0,0,297
2549,106,1,1,42,13,6.59,0.05,1,0,297
2550,65,2,2,25,8,-1.4,0.05,1,0,297
2551,28,0,0,12,4,-3.88,0.05,1,0,297
2552,23,0,0,9,3,-3.03,0.05,0,0,297
2553,190,0,0,42,20,-6.6,0.05,1,0,298
2554,28,0,0,14,4,-2.43,0.05,1,0,298
2555,20,0,0,9,3,-4.15,0.05,1,0,298
2556,51,1,1,20,7,-1.81,0.05,1,0,298
2557,54,0,0,18,7,-1.94,0.05,0,0,298
2558,20,0,0,9,3,-4.1,0.05,1,0,298
2559,167,0,0,36,16,-4.42,0.05,0,0,298
2560,165,3,3,39,17,1.35,0.05,1,0,298
2561,241,7,2,45,26,-2.91,0.05,1,0,298
2562,194,1,1,45,20,-1.34,0.05,1,0,298
2563,142,3,3,35,14,0.13,0.05,1,0,298
2564,7,0,0,3,1,-4.27,0.05,1,0,298
2565,136,2,2,42,17,1.04,0.05,1,0,298
2566,158,1,1,43,17,-1.68,0.05,1,0,298
2567,61,1,1,23,8,-2.11,0.05,1,0,298
2568,28,0,0,10,4,-4.93,0.05,1,0,298
2569,85,1,1,24,10,-2.45,0.05,1,0,298
2570,89,2,2,35,11,2.66,0.05,1,0,298
2571,79,0,0,28,10,-1.19,0.05,0,0,298
2572,29,1,1,13,4,-2.89,0.05,1,0,298
2573,118,2,2,38,14,0.17,0.05,1,0,298
2574,146,1,1,52,17,4.49,0.05,0,0,298
2575,71,1,1,29,9,-3.11,0.05,1,0,298
2576,267,1,1,41,30,-15.57,0.05,1,0,299
2577,80,1,1,23,11,-4.8,0.05,1,0,299
2578,81,1,1,28,10,-1.41,0.05,1,0,299
2579,269,2,2,46,33,-13.74,0.05,1,0,299
2580,145,2,2,49,17,3.2,0.05,1,0,299
2581,20,0,0,6,3,-5.2,0.05,1,0,299
2582,70,1,1,30,9,0.6,0.05,1,0,299
2583,5,0,0,3,1,-5.65,0.05,1,0,299
2584,78,3,3,28,10,-0.48,0.05,1,0,299
2585,190,1,1,47,22,-7.5,0.05,1,0,299
2586,28,0,0,12,4,-4.33,0.05,1,0,299
2587,54,0,0,17,7,-3.74,0.05,0,0,300
2588,122,2,2,35,13,1.73,0.05,1,0,301
2589,46,0,0,22,6,-1.06,0.05,1,0,301
2590,45,1,1,18,6,-1.8,0.05,1,0,301
2591,27,0,0,14,4,-3.92,0.05,1,0,301
2592,142,3,3,41,16,1.43,0.05,1,0,301
2593,82,1,1,34,11,0.98,0.05,1,0,301
2594,78,1,1,29,10,-0.63,0.05,1,0,301
2595,337,5,5,50,26,-8.67,0.05,1,0,301
2596,74,3,3,21,10,-1.34,0.05,1,0,301
2597,154,3,3,34,17,0.86,0.05,1,0,301
2598,13,0,0,6,2,-4.93,0.05,1,0,301
2599,185,2,2,39,18,-1.9,0.05,1,0,301
2600,174,3,3,36,19,-0.14,0.05,1,0,301
2601,94,2,2,28,11,-0.34,0.05,1,0,302
2602,28,0,0,11,4,-4.63,0.05,1,0,302
2603,148,6,1,41,18,5.02,0.05,1,0,302
2604,137,2,2,42,16,-0.27,0.05,1,0,302
2605,59,0,0,28,8,-0.44,0.05,1,0,302
2606,59,0,0,20,8,-2.14,0.05,0,0,302
2607,5,0,0,4,1,-4.9,0.05,1,0,302
2608,69,2,2,27,9,1.76,0.05,1,0,302
2609,168,1,1,43,19,-0.73,0.05,1,0,302
2610,96,2,2,37,12,2.24,0.05,1,0,302
2611,190,1,1,52,20,0.1,0.05,1,0,302
2612,74,3,3,37,9,5.41,0.05,1,0,302
2613,100,0,0,36,12,2.05,0.05,1,0,302
2614,123,1,1,36,15,-1.48,0.05,1,0,302
2615,60,1,1,18,8,-1.95,0.05,1,0,302
2616,50,0,0,22,7,-2.3,0.05,1,0,302
2617,338,5,5,56,24,-2.23,0.05,1,0,302
2618,99,0,0,29,12,-3.74,0.05,0,0,302
2619,373,4,4,38,21,-10.33,0.05,1,0,302
2620,42,0,0,24,6,-2.12,0.05,1,0,302
2621,197,8,3,42,20,2.13,0.05,1,0,302
2622,102,2,2,34,12,0.58,0.05,1,0,303
2623,97,1,1,45,12,4.08,0.05,1,0,303
2624,35,0,0,15,5,-3.05,0.05,1,0,303
2625,36,0,0,19,5,-1.96,0.05,1,0,303
2626,126,2,2,42,13,5.44,0.05,1,0,303
2627,88,3,3,32,11,1.42,0.05,1,0,303
2628,124,2,2,43,13,3.61,0.05,0,0,303
2629,85,0,0,31,11,0.3,0.05,1,0,303
2630,141,1,1,38,17,-1.76,0.05,1,0,304
2631,153,1,1,42,18,2.12,0.05,0,0,304
2632,138,1,1,40,15,-2.33,0.05,1,0,304
2633,181,2,2,44,20,-0.66,0.05,1,0,304
2634,108,2,2,37,14,2.77,0.05,1,0,304
2635,117,1,1,48,14,5.68,0.05,1,0,304
2636,146,3,3,50,17,3.89,0.05,1,0,304
2637,65,1,1,22,7,-0.7,0.05,1,0,304
2638,95,0,0,36,13,-2.7,0.05,0,0,304
2639,263,3,3,44,21,-2.93,0.05,1,0,304
2640,151,1,1,31,14,-3.06,0.05,0,0,304
2641,61,1,1,28,8,1.04,0.05,1,0,304
2642,53,1,1,22,7,-0.28,0.05,1,0,304
2643,158,0,0,29,16,-6.53,0.05,1,0,304
2644,93,3,3,37,11,1.92,0.05,1,0,304
2645,78,2,2,36,10,3.97,0.05,0,0,304
2646,86,4,4,33,11,3.84,0.05,1,0,304
2647,20,0,0,7,3,-5.35,0.05,1,0,304
2648,39,0,0,15,5,-3.19,0.05,1,0,304
2649,63,2,2,25,9,-0.98,0.05,0,0,304
2650,126,2,2,38,15,1.49,0.05,0,0,304
2651,61,0,0,25,8,-0.41,0.05,1,0,304
2652,231,1,1,50,25,-5.51,0.05,1,0,304
2653,124,2,2,34,15,0.86,0.05,1,0,304
2654,58,3,3,26,7,1.12,0.05,1,0,304
2655,75,0,0,27,10,-1.2,0.05,1,0,304
2656,143,8,3,45,16,8.97,0.05,0,0,304
2657,20,0,0,9,3,-4.6,0.05,1,0,304
2658,20,0,0,9,3,-3.65,0.05,1,0,304
2659,35,0,0,16,5,-3.9,0.05,1,0,304
2660,128,2,2,30,15,-2.08,0.05,1,0,304
2661,14,0,0,8,2,-3.29,0.05,1,0,304
2662,50,1,1,28,7,0.05,0.05,1,0,304
2663,13,0,0,6,2,-4.48,0.05,1,0,304
2664,167,1,1,36,17,0.03,0.05,1,0,304
2665,119,2,2,38,14,0.66,0.05,1,0,304
2666,94,4,4,35,11,3.76,0.05,1,0,304
2667,29,0,0,12,4,-2.94,0.05,1,0,304
2668,400,1,1,46,21,-6.1,0.05,0,1,304
2669,13,0,0,5,2,-4.23,0.05,1,0,304
2670,329,2,2,41,25,-9.24,0.05,1,0,304
2671,221,8,3,42,19,1.19,0.05,1,0,304
2672,14,0,0,11,2,-2.74,0.05,1,0,304
2673,140,0,0,31,13,-3.2,0.05,0,0,304
2674,139,0,0,45,17,0.31,0.05,1,0,304
2675,121,2,2,37,14,3.44,0.05,1,0,304
2676,58,1,1,28,8,-0.13,0.05,1,0,304
2677,134,2,2,29,15,-0.84,0.05,1,0,304
2678,173,7,2,43,20,7.27,0.05,1,0,304
2679,52,0,0,22,7,-2.67,0.05,1,0,304
2680,90,0,0,35,11,-1.0,0.05,1,0,304
2681,51,0,0,18,7,-2.96,0.05,1,0,304
2682,27,0,0,10,4,-5.07,0.05,1,0,304
2683,13,0,0,2,2,-5.68,0.05,1,0,304
2684,7,0,0,3,1,-4.27,0.05,1,0,304
2685,21,0,0,13,3,-2.01,0.05,1,0,304
2686,62,1,1,22,7,-1.47,0.05,0,0,304
2687,38,0,0,15,5,-3.23,0.05,1,0,304
2688,178,6,6,49,16,8.27,0.05,1,0,304
2689,92,2,2,29,11,0.48,0.05,1,0,304
2690,67,2,2,23,8,-1.12,0.05,1,0,304
2691,197,1,1,34,18,-7.47,0.05,1,0,304
2692,116,7,2,49,12,10.14,0.05,0,0,304
2693,6,0,0,1,1,-4.81,0.05,1,0,304
2694,34,0,0,13,5,-5.09,0.05,1,0,304
2695,14,0,0,6,2,-4.54,0.05,1,0,304
2696,13,0,0,7,2,-3.63,0.05,1,0,304
2697,172,3,3,43,18,-2.07,0.05,0,0,304
2698,20,0,0,9,3,-4.65,0.05,1,0,304
2699,132,8,3,46,15,10.03,0.05,1,0,304
2700,58,1,1,21,8,-3.23,0.05,1,0,304
2701,27,0,0,15,4,-3.32,0.05,1,0,304
2702,83,1,1,27,11,0.12,0.05,1,0,304
2703,61,2,2,25,8,1.54,0.05,1,0,304
2704,99,1,1,37,13,0.61,0.05,1,0,304
2705,58,0,0,26,8,-1.03,0.05,1,0,304
2706,51,0,0,21,7,-2.16,0.05,1,0,304
2707,399,2,2,36,21,-14.39,0.05,1,0,304
2708,80,2,2,30,11,0.85,0.05,1,0,304
2709,48,1,1,17,6,-2.88,0.05,1,0,304
2710,89,1,1,33,11,-0.04,0.05,1,0,304
2711,72,3,3,27,9,1.38,0.05,1,0,304
2712,157,2,2,39,18,-0.72,0.05,1,0,304
2713,85,2,2,38,12,0.55,0.05,1,0,304
2714,62,2,2,22,8,-1.67,0.05,0,0,304
2715,51,0,0,23,7,-2.51,0.05,1,0,304
2716,124,1,1,38,14,1.71,0.05,0,0,304
2717,386,3,3,41,32,-17.31,0.05,1,0,304
2718,168,0,0,43,18,-0.63,0.05,1,0,304
2719,22,0,0,14,3,-2.22,0.05,1,0,304
2720,172,1,1,40,16,1.38,0.05,0,0,304
2721,46,1,1,15,6,-2.51,0.05,1,0,304
2722,85,1,1,26,9,-3.45,0.05,1,0,304
2723,177,3,3,46,19,1.98,0.05,1,0,304
2724,35,0,0,17,5,-2.55,0.05,1,0,304
2725,163,1,1,38,18,-1.33,0.05,1,0,305
2726,246,6,1,42,26,-5.51,0.05,1,0,305
2727,51,1,1,18,7,-1.51,0.05,1,0,305
2728,31,1,1,13,4,-1.11,0.05,1,0,305
2729,206,2,2,53,19,4.54,0.05,1,0,305
2730,395,3,3,47,40,-24.25,0.05,1,0,305
2731,39,1,1,15,5,-1.34,0.05,1,0,305
2732,20,0,0,7,3,-5.3,0.05,1,0,305
2733,82,1,1,28,10,-0.47,0.05,1,0,305
2734,22,0,0,7,3,-6.72,0.05,1,0,305
2735,13,0,0,8,2,-4.33,0.05,1,0,305
2736,28,0,0,13,4,-3.63,0.05,1,0,305
2737,28,0,0,16,4,-2.13,0.05,1,0,305
2738,21,0,0,10,3,-4.41,0.05,1,0,305
2739,72,3,3,33,10,2.38,0.05,1,0,305
2740,5,0,0,4,1,-4.35,0.05,1,0,305
2741,207,9,4,53,22,10.38,0.05,0,1,305
2742,70,1,1,17,8,-3.05,0.05,1,0,305
2743,7,0,0,2,1,-4.57,0.05,1,0,305
2744,168,1,1,39,17,-0.88,0.05,1,0,305
2745,84,1,1,25,10,-1.74,0.05,1,0,305
2746,70,2,2,23,9,0.05,0.05,1,0,305
2747,129,2,2,32,12,0.06,0.05,0,0,305
2748,13,0,0,4,2,-5.43,0.05,1,0,305
2749,21,0,0,10,3,-3.51,0.05,1,0,305
2750,255,2,2,45,23,-5.65,0.05,1,0,305
2751,298,1,1,50,33,-11.13,0.05,1,0,305
2752,182,1,1,34,15,-2.47,0.05,1,0,305
2753,90,2,2,36,11,1.55,0.05,1,0,305
2754,88,3,3,42,12,3.62,0.05,1,0,305
2755,68,0,0,25,9,-1.73,0.05,1,0,305
2756,161,1,1,47,19,2.69,0.05,1,0,305
2757,159,3,3,47,18,5.96,0.05,1,0,305
2758,99,0,0,37,13,0.61,0.05,1,0,305
2759,42,0,0,16,6,-4.47,0.05,1,0,305
2760,59,2,2,24,8,-1.19,0.05,1,0,305
2761,123,2,2,27,13,-4.33,0.05,1,0,306
2762,181,2,2,38,18,-1.46,0.05,1,0,306
2763,13,0,0,6,2,-4.38,0.05,1,0,306
2764,28,1,1,14,4,-0.63,0.05,1,0,306
2765,53,0,0,31,7,2.97,0.05,1,0,306
2766,101,0,0,38,13,0.89,0.05,1,0,306
2767,13,0,0,8,2,-3.33,0.05,1,0,306
2768,88,0,0,34,11,-0.78,0.05,1,0,306
2769,138,2,2,43,14,3.57,0.05,1,0,306
2770,92,1,1,32,11,1.13,0.05,1,0,306
2771,149,6,1,43,18,6.96,0.05,1,0,306
2772,74,1,1,37,10,4.16,0.05,1,0,306
2773,140,0,0,50,18,-1.65,0.05,1,0,306
2774,48,1,1,19,6,-0.98,0.05,1,0,306
2775,22,0,0,13,3,-2.52,0.05,1,0,306
2776,99,1,1,33,12,0.01,0.05,1,0,306
2777,122,1,1,35,14,-0.42,0.05,1,0,306
2778,183,4,4,50,19,5.82,0.05,1,0,306
2779,38,1,1,22,5,0.72,0.05,1,0,306
2780,89,1,1,23,11,-4.59,0.05,1,0,306
2781,200,0,0,41,18,-7.2,0.05,1,0,306
2782,52,0,0,16,7,-3.12,0.05,0,0,306
2783,48,0,0,23,7,-3.58,0.05,1,0,306
2784,56,1,1,25,7,0.09,0.05,1,0,306
2785,45,0,0,20,6,-1.1,0.05,1,0,306
2786,78,0,0,24,10,-3.53,0.05,1,0,306
2787,194,2,2,48,21,1.56,0.05,1,0,306
2788,191,6,1,48,20,6.84,0.05,1,0,307
2789,78,0,0,24,10,-1.93,0.05,1,0,307
2790,400,3,3,48,29,-7.75,0.05,0,1,307
2791,50,2,2,19,7,-2.9,0.05,1,0,307
2792,20,0,0,10,3,-3.95,0.05,1,0,307
2793,106,2,2,37,13,1.49,0.05,0,0,307
2794,79,0,0,29,9,-0.84,0.05,1,0,307
2795,133,5,5,36,14,3.72,0.05,1,0,307
2796,27,1,1,13,4,-2.87,0.05,1,0,307
2797,20,0,0,7,3,-4.8,0.05,1,0,307
2798,276,1,1,39,18,-7.91,0.05,1,0,307
2799,34,0,0,15,5,-3.64,0.05,1,0,307
2800,278,0,0,43,31,-11.23,0.05,1,0,307
2801,106,1,1,28,13,-2.11,0.05,1,0,307
2802,50,1,1,17,6,-3.65,0.05,1,0,307
2803,21,0,0,8,3,-3.06,0.05,1,0,307
2804,6,0,0,1,1,-4.81,0.05,1,0,307
2805,137,2,2,41,15,0.33,0.05,1,0,307
2806,72,1,1,22,7,-1.02,0.05,0,0,307
2807,83,1,1,27,9,-1.48,0.05,0,0,307
2808,83,1,1,31,11,-0.48,0.05,1,0,307
2809,71,2,2,38,10,2.24,0.05,1,0,307
2810,104,3,3,29,13,4.31,0.05,1,0,307
2811,132,0,0,39,14,-1.62,0.05,1,0,307
2812,204,7,2,35,20,1.31,0.05,1,0,307
2813,181,3,3,45,17,1.24,0.05,1,0,307
2814,109,0,0,32,12,-2.54,0.05,0,0,308
2815,186,5,5,40,18,3.19,0.05,1,0,308
2816,400,4,4,42,27,-9.95,0.05,0,1,308
2817,78,1,1,30,10,-0.08,0.05,0,0,308
2818,51,1,1,20,7,-2.81,0.05,1,0,308
2819,51,1,1,18,7,-1.96,0.05,0,0,308
2820,367,1,1,42,29,-13.37,0.05,1,0,308
2821,51,0,0,21,7,-1.21,0.05,1,0,308
2822,13,0,0,6,2,-4.48,0.05,1,0,308
2823,42,0,0,17,6,-3.52,0.05,1,0,308
2824,60,1,1,18,8,-1.95,0.05,0,0,308
2825,232,2,2,37,20,-3.97,0.05,1,0,308
2826,13,0,0,7,2,-3.68,0.05,1,0,308
2827,72,1,1,22,9,-1.02,0.05,0,0,308
2828,20,0,0,8,3,-4.45,0.05,1,0,308
2829,66,1,1,20,9,-2.66,0.05,1,0,308
2830,209,2,2,44,22,-1.94,0.05,1,0,308
2831,196,3,3,45,18,-0.46,0.05,1,0,308
2832,87,2,2,29,11,1.38,0.05,1,0,308
2833,59,0,0,23,8,-3.14,0.05,1,0,308
2834,52,1,1,20,7,-0.77,0.05,1,0,308
2835,167,4,4,45,19,2.23,0.05,1,0,308
2836,28,0,0,12,4,-3.33,0.05,1,0,308
2837,55,1,1,24,7,0.45,0.05,1,0,308
2838,49,2,2,20,6,0.46,0.05,1,0,308
2839,46,1,1,25,6,1.39,0.05,1,0,308
2840,258,2,2,42,21,-7.38,0.05,1,0,308
2841,36,1,1,15,5,-2.56,0.05,1,0,308
2842,231,2,2,37,23,-5.41,0.05,1,0,308
2843,124,2,2,40,15,1.66,0.05,0,0,308
2844,128,4,4,37,15,3.47,0.05,1,0,308
2845,35,1,1,12,5,-3.85,0.05,1,0,308
2846,33,0,0,14,4,-1.43,0.05,1,0,308
2847,103,3,3,32,13,-1.38,0.05,1,0,308
2848,56,1,1,23,7,0.34,0.05,1,0,308
2849,66,0,0,27,9,-1.91,0.05,1,0,308
2850,52,0,0,21,7,-4.12,0.05,1,0,308
2851,50,0,0,21,7,-3.2,0.05,1,0,308
2852,142,2,2,30,15,-0.07,0.05,1,0,308
2853,170,1,1,43,21,-5.1,0.05,1,0,308
2854,90,2,2,32,12,1.85,0.05,1,0,308
2855,21,0,0,8,3,-3.46,0.05,1,0,308
2856,193,2,2,54,21,7.67,0.05,0,1,308
2857,92,1,1,29,11,0.73,0.05,1,0,308
2858,381,2,2,40,23,-14.56,0.05,1,0,308
2859,83,2,2,32,11,2.57,0.05,1,0,308
2860,47,4,4,23,6,2.98,0.05,1,0,308
2861,116,3,3,35,14,1.14,0.05,1,0,308
2862,38,0,0,15,5,-4.13,0.05,1,0,308
2863,21,0,0,11,3,-5.11,0.05,1,0,308
2864,107,1,1,34,14,-2.07,0.05,1,0,308
2865,67,0,0,24,9,-2.37,0.05,1,0,308
2866,5,0,0,3,1,-5.65,0.05,1,0,308
2867,143,1,1,31,15,-1.83,0.05,1,0,308
2868,137,2,2,38,14,2.48,0.05,1,0,308
2869,173,1,1,36,15,-2.68,0.05,0,0,308
2870,28,0,0,11,4,-3.18,0.05,1,0,308
2871,58,1,1,37,8,3.02,0.05,1,0,308
2872,28,0,0,11,4,-3.03,0.05,1,0,308
2873,197,2,2,51,20,1.63,0.05,1,0,308
2874,62,1,1,27,7,1.23,0.05,1,0,308
2875,28,0,0,14,4,-2.13,0.05,1,0,308
2876,5,0,0,4,1,-4.35,0.05,1,0,308
2877,368,13,3,41,35,-2.48,0.05,1,0,308
2878,96,2,2,17,7,-5.91,0.05,1,0,308
2879,210,2,2,57,23,2.65,0.05,0,0,308
2880,400,3,3,40,25,-4.65,0.05,0,1,308
2881,67,1,1,23,9,-3.27,0.05,1,0,308
2882,21,0,0,10,3,-3.91,0.05,1,0,308
2883,52,0,0,21,7,-1.02,0.05,1,0,308
2884,277,1,1,39,18,-7.82,0.05,1,0,308
2885,7,0,0,2,1,-4.57,0.05,1,0,308
2886,73,1,1,30,10,0.27,0.05,1,0,308
2887,168,2,2,38,15,1.07,0.05,0,0,308
2888,214,2,2,46,18,-3.59,0.05,1,0,308
2889,155,2,2,42,17,2.45,0.05,1,0,308
2890,166,1,1,41,19,-0.86,0.05,1,0,308
2891,58,0,0,24,8,-2.33,0.05,1,0,308
2892,253,3,3,42,19,-3.98,0.05,1,0,308
2893,70,1,1,30,9,-1.05,0.05,1,0,308
2894,182,2,2,53,21,4.38,0.05,1,0,308
2895,21,0,0,9,3,-4.71,0.05,1,0,308
2896,71,2,2,33,9,2.99,0.05,1,0,308
2897,76,1,1,31,10,2.89,0.05,0,0,308
2898,28,0,0,13,4,-3.03,0.05,1,0,308
2899,51,2,2,20,7,-0.61,0.05,1,0,308
2900,158,1,1,33,16,-2.78,0.05,1,0,308
2901,172,6,1,38,17,3.28,0.05,1,0,308
2902,37,0,0,14,5,-2.62,0.05,1,0,308
2903,177,6,1,36,17,4.13,0.05,1,0,309
2904,176,2,2,34,18,-1.11,0.05,1,0,309
2905,35,0,0,13,5,-4.15,0.05,1,0,309
2906,82,0,0,31,10,-0.92,0.05,1,0,309
2907,170,4,4,36,15,0.15,0.05,1,0,309
2908,72,3,3,23,9,-0.17,0.05,1,0,309
2909,7,0,0,3,1,-4.72,0.05,1,0,309
2910,67,1,1,36,9,3.93,0.05,1,0,309
2911,64,0,0,23,8,-1.69,0.05,1,0,309
2912,63,2,2,35,9,1.32,0.05,1,0,309
2913,35,1,1,14,5,-2.15,0.05,1,0,309
2914,212,9,4,50,22,10.33,0.05,1,0,309
2915,106,2,2,16,5,-2.31,0.05,1,0,309
2916,66,1,1,28,9,0.34,0.05,1,0,309
2917,43,1,1,18,6,-1.18,0.05,1,0,309
2918,120,1,1,29,12,-3.1,0.05,1,0,309
2919,52,6,1,14,5,3.43,0.05,1,0,309
2920,56,0,0,14,3,-2.56,0.05,0,0,311
2921,13,0,0,4,2,-3.98,0.05,1,0,311
2922,186,2,2,33,12,0.39,0.05,0,0,311
2923,129,0,0,40,16,1.61,0.05,1,0,311
2924,95,2,2,30,12,-1.35,0.05,0,0,311
2925,82,2,2,26,10,1.63,0.05,0,0,311
2926,38,1,1,17,5,-0.53,0.05,1,0,311
2927,149,2,2,42,18,2.61,0.05,1,0,311
2928,124,1,1,44,15,0.61,0.05,1,0,311
2929,164,4,4,43,18,4.21,0.05,1,0,311
2930,155,9,4,33,17,5.45,0.05,1,0,311
2931,5,0,0,2,1,-5.05,0.05,1,0,311
2932,21,0,0,9,3,-3.66,0.05,1,0,311
2933,202,1,1,41,18,-1.12,0.05,1,0,311
2934,118,1,1,30,13,-2.93,0.05,1,0,311
2935,375,2,2,39,29,-15.8,0.05,1,0,311
2936,75,1,1,33,10,1.8,0.05,1,0,311
2937,146,4,4,47,17,6.64,0.05,0,0,311
2938,7,0,0,3,1,-4.27,0.05,1,0,311
2939,201,3,3,41,17,0.24,0.05,1,0,311
2940,38,1,1,16,5,-2.28,0.05,1,0,311
2941,197,5,0,35,20,0.08,0.05,0,0,311
2942,81,1,1,28,10,-1.31,0.05,1,0,311
2943,43,0,0,18,6,-2.28,0.05,1,0,311
2944,28,0,0,8,4,-4.73,0.05,1,0,311
2945,80,0,0,29,11,-2.4,0.05,1,0,311
2946,212,3,3,48,18,0.38,0.05,0,0,312
2947,52,0,0,16,6,-4.92,0.05,0,0,312
2948,37,0,0,16,5,-3.27,0.05,1,0,312
2949,85,1,1,29,11,-2.6,0.05,1,0,312
2950,244,1,1,45,19,-2.74,0.05,1,0,312
2951,87,0,0,21,11,-3.42,0.05,0,0,312
2952,93,1,1,36,12,0.97,0.05,0,0,312
2953,72,1,1,29,10,-2.17,0.05,1,0,312
2954,75,2,2,25,8,0.7,0.05,0,0,312
2955,28,0,0,11,4,-3.63,0.05,1,0,312
2956,78,0,0,24,10,-4.18,0.05,1,0,312
2957,20,0,0,10,3,-3.7,0.05,1,0,312
2958,132,6,6,37,16,4.33,0.05,1,0,312
2959,205,6,1,51,21,1.6,0.05,1,0,312
2960,22,0,0,8,3,-6.07,0.05,1,0,312
2961,209,1,1,46,22,-2.29,0.05,1,0,312
2962,198,2,2,52,20,5.02,0.05,1,0,312
2963,138,5,0,44,16,3.72,0.05,1,0,312
2964,90,2,2,23,10,-0.75,0.05,1,0,312
2965,66,3,3,24,9,0.94,0.05,1,0,312
2966,78,0,0,27,8,-1.38,0.05,1,0,312
2967,79,0,0,30,10,-1.34,0.05,1,0,312
2968,75,0,0,21,8,-5.55,0.05,1,0,312
2969,80,2,2,25,10,-3.3,0.05,0,0,312
2970,95,2,2,31,12,0.8,0.05,1,0,312
2971,68,2,2,23,9,1.07,0.05,1,0,312
2972,111,5,0,34,11,3.04,0.05,0,0,312
2973,244,2,2,52,25,-4.04,0.05,1,0,312
2974,80,0,0,26,10,-0.5,0.05,0,0,312
2975,52,0,0,23,7,-0.52,0.05,1,0,312
2976,21,0,0,6,3,-5.16,0.05,1,0,312
2977,190,3,3,37,21,-5.1,0.05,1,0,312
2978,94,2,2,37,11,1.36,0.05,1,0,312
2979,21,0,0,13,3,-2.86,0.05,1,0,312
2980,101,1,1,35,13,-1.46,0.05,1,0,312
2981,64,1,1,24,8,-3.24,0.05,1,0,312
2982,36,0,0,11,5,-4.66,0.05,1,0,312
2983,63,1,1,24,8,-0.93,0.05,1,0,312
2984,202,2,2,40,19,-0.22,0.05,1,0,312
2985,119,2,2,33,13,0.46,0.05,0,0,312
2986,75,2,2,28,10,1.2,0.05,1,0,312
2987,13,0,0,6,2,-4.43,0.05,1,0,312
2988,127,4,4,35,12,2.33,0.05,0,0,312
2989,54,3,3,19,6,0.61,0.05,1,0,312
2990,102,3,3,36,13,1.28,0.05,1,0,312
2991,114,0,0,34,13,-0.79,0.05,0,0,312
2992,83,1,1,33,10,0.87,0.05,1,0,313
2993,115,0,0,43,15,-1.95,0.05,1,0,313
2994,175,4,4,47,21,2.7,0.05,1,0,313
2995,56,0,0,25,7,-1.21,0.05,0,0,313
2996,73,1,1,29,9,5.52,0.05,1,0,313
2997,6,0,0,2,1,-4.86,0.05,1,0,313
2998,56,1,1,20,8,-3.96,0.05,1,0,313
2999,64,1,1,28,9,0.36,0.05,1,0,313
3000,7,0,0,2,1,-4.57,0.05,1,0,313
3001,97,1,1,30,12,-1.17,0.05,1,0,313
3002,271,6,1,27,23,-10.16,0.05,1,0,313
3003,67,0,0,26,9,-1.72,0.05,1,0,313
3004,81,1,1,33,9,1.34,0.05,1,0,313
3005,400,2,2,34,17,-11.8,0.05,0,1,313
3006,62,0,0,26,8,-2.22,0.05,1,0,313
3007,56,1,1,17,8,-6.36,0.05,0,0,313
3008,94,1,1,35,12,0.51,0.05,0,0,313
3009,30,1,1,17,4,-0.1,0.05,1,0,313
3010,70,2,2,24,8,1.65,0.05,0,0,313
3011,22,0,0,13,3,-2.92,0.05,1,0,313
3012,400,3,3,39,21,-6.95,0.05,0,1,313
3013,111,2,2,41,14,4.99,0.05,1,0,313
3014,321,1,1,46,18,-11.46,0.05,1,0,313
3015,58,0,0,25,8,-1.83,0.05,1,0,313
3016,116,1,1,26,10,-2.96,0.05,0,0,313
3017,55,2,2,18,7,-1.25,0.05,1,0,313
3018,171,2,2,37,18,-0.16,0.05,1,0,313
3019,106,0,0,28,12,-4.81,0.05,1,0,313
3020,59,1,1,20,8,-2.19,0.05,1,0,313
3021,88,0,0,25,9,-3.03,0.05,1,0,313
3022,312,3,3,42,22,-11.22,0.05,1,0,313
3023,21,1,1,12,3,-2.66,0.05,1,0,313
3024,195,3,3,41,19,-4.1,0.05,0,0,314
3025,219,0,0,29,17,-9.74,0.05,0,0,314
3026,89,0,0,30,11,-0.74,0.05,0,0,314
3027,99,1,1,33,12,-0.44,0.05,1,0,314
3028,114,2,2,45,15,5.46,0.05,1,0,314
3029,218,3,3,34,18,-2.38,0.05,0,0,314
3030,255,3,3,37,20,-10.25,0.05,1,0,314
3031,146,1,1,38,17,1.39,0.05,0,0,314
3032,13,0,0,5,2,-5.23,0.05,1,0,314
3033,155,3,3,45,17,1.95,0.05,1,0,314
3034,37,1,1,19,5,0.78,0.05,1,0,314
3035,41,0,0,15,6,-5.86,0.05,1,0,314
3036,83,2,2,34,11,3.62,0.05,1,0,314
3037,69,1,1,30,9,0.86,0.05,1,0,314
3038,42,1,1,21,6,-1.27,0.05,1,0,314
3039,106,1,1,31,13,-0.76,0.05,0,0,314
3040,44,0,0,18,6,-0.84,0.05,1,0,314
3041,13,0,0,6,2,-4.48,0.05,1,0,314
3042,7,0,0,4,1,-4.37,0.05,1,0,314
3043,185,1,1,46,15,-1.6,0.05,0,0,314
3044,123,3,3,45,14,2.67,0.05,0,0,315
3045,39,0,0,18,5,-4.29,0.05,1,0,315
3046,158,2,2,33,16,-1.58,0.05,1,0,315
3047,5,0,0,4,1,-5.3,0.05,1,0,315
3048,150,2,2,48,17,3.15,0.05,1,0,315
3049,123,2,2,38,14,-0.38,0.05,1,0,315
3050,35,0,0,14,5,-3.5,0.05,1,0,315
3051,37,1,1,18,5,-1.22,0.05,1,0,315
3052,49,0,0,23,7,-3.59,0.05,1,0,315
3053,66,1,1,23,8,2.79,0.05,1,0,315
3054,20,0,0,10,3,-3.25,0.05,1,0,315
3055,39,1,1,16,5,-1.79,0.05,0,0,315
3056,66,1,1,29,9,0.89,0.05,1,0,315
3057,20,0,0,8,3,-4.35,0.05,1,0,315
3058,50,0,0,17,6,-3.8,0.05,0,0,315
3059,230,4,4,49,19,-2.5,0.05,1,0,315
3060,51,0,0,21,7,-1.66,0.05,1,0,315
3061,400,4,4,43,23,-5.0,0.05,0,1,316
3062,93,8,3,31,11,5.97,0.05,1,0,316
3063,46,1,1,21,6,-1.26,0.05,1,0,316
3064,61,1,1,17,8,-4.21,0.05,1,0,316
3065,372,8,3,43,23,-3.77,0.05,0,1,316
3066,49,0,0,27,7,-2.24,0.05,1,0,316
3067,345,2,2,49,21,-5.5,0.05,1,0,316
3068,39,2,2,20,5,-0.09,0.05,0,0,316
3069,189,0,0,40,16,-2.79,0.05,0,0,317
3070,84,0,0,36,11,0.56,0.05,1,0,317
3071,148,3,3,45,17,4.27,0.05,1,0,317
3072,29,0,0,13,4,-4.04,0.05,1,0,317
3073,137,1,1,38,16,0.18,0.05,1,0,317
3074,336,3,3,25,18,-16.56,0.05,1,0,317
3075,7,0,0,2,1,-4.57,0.05,1,0,317
3076,169,1,1,43,18,1.36,0.05,1,0,317
3077,59,2,2,29,8,2.56,0.05,1,0,317
3078,21,0,0,10,3,-3.86,0.05,1,0,317
3079,123,0,0,42,15,1.87,0.05,1,0,317
3080,295,3,3,50,24,-2.9,0.05,1,0,317
3081,290,0,0,38,18,-16.15,0.05,1,0,317
3082,101,4,4,41,13,9.94,0.05,1,0,317
3083,150,1,1,31,15,-5.75,0.05,1,0,317
3084,146,1,1,37,17,-1.66,0.05,0,0,317
3085,76,1,1,24,9,-2.66,0.05,1,0,317
3086,35,0,0,14,5,-4.95,0.05,1,0,317
3087,122,2,2,39,14,5.13,0.05,0,0,317
3088,79,2,2,31,10,-1.24,0.05,1,0,317
3089,41,0,0,17,6,-4.91,0.05,1,0,317
3090,142,3,3,34,13,0.43,0.05,0,0,317
3091,386,0,0,44,24,-12.16,0.05,1,0,317
3092,76,1,1,34,10,1.19,0.05,1,0,317
3093,71,1,1,26,9,-0.46,0.05,1,0,317
3094,76,2,2,26,10,1.04,0.05,1,0,317
3095,64,2,2,30,9,1.11,0.05,1,0,317
3096,6,0,0,1,1,-4.81,0.05,1,0,317
3097,122,3,3,39,14,3.08,0.05,1,0,317
3098,133,4,4,41,15,4.87,0.05,1,0,317
3099,66,0,0,36,9,0.54,0.05,1,0,317
3100,46,0,0,19,6,-4.41,0.05,1,0,317
3101,54,0,0,15,6,-4.89,0.05,0,0,317
3102,279,4,4,50,21,0.86,0.05,1,0,317
3103,138,0,0,38,16,-1.83,0.05,0,0,317
3104,158,1,1,42,18,-0.38,0.05,1,0,317
3105,43,1,1,17,6,-1.48,0.05,1,0,317
3106,66,3,3,30,9,3.59,0.05,1,0,317
3107,309,1,1,45,25,-11.59,0.05,1,0,317
3108,44,1,1,17,6,-2.24,0.05,1,0,317
3109,149,2,2,43,16,3.31,0.05,0,0,317
3110,109,1,1,29,14,-1.09,0.05,1,0,317
3111,100,6,1,34,11,8.1,0.05,1,0,317
3112,275,1,1,43,30,-9.7,0.05,1,0,317
3113,75,0,0,31,10,-1.45,0.05,1,0,317
3114,77,3,3,28,10,-0.62,0.05,0,0,317
3115,21,0,0,12,3,-2.41,0.05,1,0,317
3116,135,2,2,46,17,4.3,0.05,1,0,317
3117,42,0,0,16,6,-4.42,0.05,1,0,317
3118,13,0,0,8,2,-4.28,0.05,1,0,317
3119,14,0,0,10,2,-2.69,0.05,1,0,317
3120,218,1,1,57,25,-2.43,0.05,1,0,317
3121,189,1,1,46,16,-0.54,0.05,1,0,317
3122,187,2,2,42,18,0.43,0.05,1,0,317
3123,247,1,1,53,23,-0.37,0.05,0,1,317
3124,35,0,0,17,5,-3.5,0.05,1,0,317
3125,221,7,2,45,22,5.04,0.05,1,0,317
3126,78,0,0,33,10,1.07,0.05,1,0,317
3127,76,0,0,28,10,0.24,0.05,1,0,317
3128,102,2,2,30,12,-0.57,0.05,0,0,317
3129,29,0,0,12,4,-4.94,0.05,1,0,317
3130,400,4,4,48,22,-4.8,0.05,0,1,317
3131,151,7,2,31,16,0.39,0.05,1,0,317
3132,152,1,1,43,16,1.03,0.05,1,0,317
3133,262,4,4,48,21,-1.87,0.05,1,0,317
3134,50,0,0,15,7,-3.95,0.05,1,0,317
3135,97,3,3,42,13,3.63,0.05,1,0,317
3136,45,0,0,18,6,-0.5,0.05,1,0,317
3137,34,0,0,14,5,-3.84,0.05,1,0,317
3138,29,0,0,15,4,-2.94,0.05,1,0,317
3139,81,1,1,32,11,-0.06,0.05,1,0,317
3140,28,0,0,12,4,-3.88,0.05,1,0,317
3141,367,1,1,46,38,-12.57,0.05,1,0,317
3142,61,1,1,23,8,-1.71,0.05,1,0,317
3143,61,0,0,20,8,-2.96,0.05,1,0,317
3144,146,2,2,26,16,-3.56,0.05,0,0,317
3145,383,0,0,55,24,-8.88,0.05,1,0,317
3146,80,1,1,30,9,2.05,0.05,1,0,317
3147,35,0,0,16,5,-3.75,0.05,1,0,317
3148,86,1,1,27,11,-4.01,0.05,1,0,317
3149,46,0,0,18,6,-2.36,0.05,1,0,317
3150,58,1,1,24,7,0.37,0.05,1,0,317
3151,66,1,1,30,9,0.64,0.05,1,0,317
3152,400,3,3,40,43,-11.25,0.05,0,1,317
3153,400,7,2,45,27,-2.3,0.05,0,1,317
3154,69,2,2,24,9,-0.34,0.05,1,0,317
3155,38,0,0,17,5,-4.43,0.05,1,0,317
3156,182,2,2,42,19,-0.87,0.05,1,0,317
3157,52,0,0,24,7,-2.42,0.05,1,0,317
3158,28,0,0,9,4,-6.33,0.05,1,0,317
3159,364,5,5,60,43,-4.44,0.05,1,0,317
3160,49,1,1,19,7,-3.34,0.05,1,0,317
3161,83,0,0,31,10,1.57,0.05,1,0,317
3162,118,1,1,30,12,-3.08,0.05,0,0,317
3163,97,4,4,29,11,1.98,0.05,0,0,317
3164,99,1,1,22,9,-4.34,0.05,0,0,317
3165,90,2,2,32,12,-0.75,0.05,1,0,317
3166,153,2,2,44,17,-0.68,0.05,0,0,317
3167,168,2,2,41,20,0.82,0.05,1,0,317
3168,59,0,0,23,8,-1.49,0.05,1,0,317
3169,106,3,3,43,14,5.54,0.05,1,0,317
3170,37,0,0,12,5,-3.52,0.05,1,0,317
3171,83,4,4,34,11,5.92,0.05,1,0,317
3172,21,0,0,8,3,-5.01,0.05,1,0,317
3173,242,2,2,43,25,-2.12,0.05,1,0,317
3174,130,2,2,38,14,2.4,0.05,1,0,317
3175,63,1,1,21,8,-1.13,0.05,0,0,317
3176,260,2,2,40,20,-6.4,0.05,1,0,317
3177,101,1,1,24,9,-4.41,0.05,1,0,317
3178,125,4,4,31,12,0.15,0.05,0,0,317
3179,13,0,0,5,2,-6.13,0.05,1,0,317
3180,65,0,0,22,9,-3.4,0.05,1,0,317
3181,97,5,0,32,13,1.23,0.05,1,0,317
3182,67,2,2,32,9,1.13,0.05,1,0,317
3183,37,0,0,16,5,-1.87,0.05,1,0,317
3184,82,1,1,32,11,-0.32,0.05,1,0,317
3185,20,0,0,9,3,-4.75,0.05,1,0,317
3186,36,0,0,14,5,-3.51,0.05,1,0,317
3187,59,1,1,27,8,-0.89,0.05,1,0,317
3188,135,0,0,37,15,-0.3,0.05,1,0,317
3189,372,4,4,36,34,-13.02,0.05,1,0,317
3190,117,2,2,36,13,5.13,0.05,1,0,317
3191,104,1,1,33,11,-0.54,0.05,1,0,317
3192,157,4,4,39,16,-1.02,0.05,1,0,317
3193,57,0,0,21,8,-3.87,0.05,1,0,317
3194,64,2,2,25,9,-1.14,0.05,1,0,317
3195,65,0,0,19,9,-2.8,0.05,0,0,317
3196,141,3,3,40,15,2.54,0.05,1,0,317
3197,163,2,2,46,18,2.17,0.05,0,0,318
3198,48,1,1,20,6,-0.33,0.05,1,0,318
3199,31,0,0,17,4,-1.91,0.05,1,0,318
3200,145,1,1,39,17,0.0,0.05,1,0,318
3201,91,0,0,30,12,-4.21,0.05,1,0,318
3202,21,0,0,7,3,-4.86,0.05,1,0,318
3203,101,1,1,27,11,-1.51,0.05,0,0,318
3204,81,0,0,25,11,-1.91,0.05,1,0,318
3205,43,0,0,15,6,-4.83,0.05,1,0,318
3206,50,0,0,23,7,-2.3,0.05,1,0,318
3207,246,3,3,40,21,-3.36,0.05,1,0,318
3208,58,0,0,30,8,0.02,0.05,1,0,318
3209,6,0,0,1,1,-4.81,0.05,1,0,318
3210,57,0,0,26,8,-3.32,0.05,1,0,318
3211,125,1,1,34,14,-0.05,0.05,0,0,318
3212,119,6,1,35,14,6.56,0.05,0,0,318
3213,143,2,2,36,16,0.27,0.05,1,0,318
3214,106,0,0,45,14,1.59,0.05,1,0,318
3215,312,7,2,32,31,-8.77,0.05,1,0,318
3216,308,9,4,52,33,-3.53,0.05,1,0,318
3217,136,4,4,36,16,6.39,0.05,1,0,318
3218,122,2,2,30,14,0.03,0.05,0,0,318
3219,27,1,1,11,4,-4.92,0.05,1,0,318
3220,7,0,0,3,1,-4.27,0.05,1,0,318
3221,53,0,0,23,7,-1.83,0.05,0,0,318
3222,178,6,1,48,19,9.87,0.05,1,0,318
3223,138,1,1,49,16,3.02,0.05,1,0,318
3224,20,0,0,11,3,-3.6,0.05,1,0,318
3225,85,2,2,33,10,2.15,0.05,1,0,318
3226,108,0,0,33,13,-0.93,0.05,1,0,318
3227,58,2,2,21,7,-0.03,0.05,1,0,318
3228,23,0,0,10,3,-3.33,0.05,1,0,318
3229,400,4,4,50,36,-4.45,0.05,0,1,318
3230,22,0,0,7,3,-5.52,0.05,1,0,318
3231,103,1,1,39,14,-1.08,0.05,1,0,318
3232,35,0,0,17,5,-4.35,0.05,1,0,318
3233,27,1,1,13,4,-1.57,0.05,1,0,318
3234,162,2,2,42,19,1.88,0.05,1,0,318
3235,400,1,1,55,23,-2.65,0.05,0,1,318
3236,77,2,2,29,10,2.23,0.05,1,0,318
3237,58,3,3,21,8,1.22,0.05,1,0,318
3238,104,1,1,30,12,-1.19,0.05,1,0,318
3239,69,0,0,24,9,-3.44,0.05,1,0,318
3240,136,2,2,30,11,-3.26,0.05,1,0,318
3241,159,4,4,40,16,5.16,0.05,1,0,318
3242,65,3,3,36,9,4.8,0.05,1,0,318
3243,151,0,0,43,15,0.04,0.05,1,0,318
3244,7,0,0,3,1,-4.27,0.05,1,0,318
3245,79,0,0,29,10,-2.54,0.05,1,0,318
3246,70,1,1,25,9,-1.0,0.05,1,0,318
3247,400,2,2,49,24,-6.75,0.05,0,1,318
3248,59,1,1,20,8,-1.99,0.05,0,0,318
3249,232,3,3,43,26,-3.12,0.05,1,0,318
3250,77,0,0,30,10,-1.32,0.05,1,0,318
3251,316,1,1,37,22,-10.71,0.05,1,0,318
3252,170,2,2,53,20,5.85,0.05,1,0,318
3253,178,0,0,38,17,-1.13,0.05,1,0,318
3254,56,1,1,20,8,-3.91,0.05,1,0,318
3255,113,1,1,30,11,-5.28,0.05,1,0,318
3256,20,0,0,6,3,-6.1,0.05,1,0,318
3257,86,0,0,30,11,0.49,0.05,1,0,318
3258,79,2,2,30,10,1.21,0.05,1,0,318
3259,49,0,0,18,7,-5.04,0.05,1,0,318
3260,127,2,2,32,15,-1.07,0.05,1,0,318
3261,400,2,2,37,24,-10.65,0.05,0,1,318
3262,71,0,0,27,8,-3.46,0.05,1,0,318
3263,23,0,0,10,3,-3.88,0.05,1,0,318
3264,64,0,0,21,9,-5.59,0.05,0,0,318
3265,137,2,2,39,16,3.48,0.05,1,0,318
3266,105,2,2,31,13,1.2,0.05,1,0,318
3267,218,7,2,45,22,9.87,0.05,0,1,318
3268,52,1,1,19,6,-1.07,0.05,0,0,318
3269,91,0,0,27,11,-1.41,0.05,0,0,318
3270,103,5,5,28,12,3.02,0.05,1,0,318
3271,13,0,0,6,2,-4.48,0.05,1,0,318
3272,5,0,0,2,1,-5.0,0.05,1,0,318
3273,202,8,3,33,21,1.28,0.05,0,0,318
3274,136,1,1,28,13,-3.31,0.05,1,0,318
3275,306,3,3,39,26,-6.16,0.05,1,0,320
3276,211,3,3,39,15,4.49,0.05,0,1,320
3277,70,1,1,26,9,0.3,0.05,1,0,320
3278,400,1,1,37,22,-9.05,0.05,0,1,320
3279,13,0,0,8,2,-3.23,0.05,1,0,320
3280,162,3,3,46,17,3.83,0.05,1,0,320
3281,37,1,1,13,5,-2.77,0.05,1,0,320
3282,304,13,3,48,29,9.76,0.05,0,1,320
3283,104,1,1,28,12,-2.24,0.05,1,0,320
3284,27,0,0,10,4,-4.42,0.05,1,0,320
3285,164,3,3,42,18,0.91,0.05,0,0,320
3286,103,2,2,37,13,1.57,0.05,1,0,320
3287,65,0,0,24,9,-6.5,0.05,0,0,320
3288,47,0,0,13,6,-4.42,0.05,1,0,320
3289,127,1,1,37,15,-0.47,0.05,1,0,320
3290,161,8,3,48,18,11.84,0.05,1,0,320
3291,144,3,3,38,15,-0.44,0.05,0,0,320
3292,239,10,5,43,24,6.41,0.05,1,0,320
3293,93,3,3,31,12,-0.98,0.05,0,0,320
3294,7,0,0,3,1,-4.17,0.05,1,0,320
3295,389,3,3,48,36,-12.94,0.05,1,0,320
3296,140,5,5,40,15,10.1,0.05,1,0,320
3297,41,1,1,15,6,-6.11,0.05,1,0,320
3298,69,2,2,25,9,1.46,0.05,1,0,320
3299,91,1,1,26,10,-2.51,0.05,1,0,320
3300,400,10,5,36,25,-0.7,0.05,0,1,320
3301,80,3,3,28,10,2.4,0.05,1,0,320
3302,27,0,0,10,4,-5.07,0.05,1,0,320
3303,222,9,4,47,26,7.53,0.05,1,0,320
3304,241,10,5,40,23,3.34,0.05,1,0,320
3305,215,3,3,45,20,1.15,0.05,1,0,320
3306,28,0,0,12,4,-5.98,0.05,1,0,320
3307,7,0,0,3,1,-4.27,0.05,1,0,320
3308,178,2,2,44,18,0.07,0.05,1,0,320
3309,178,2,2,45,19,-0.48,0.05,1,0,320
3310,115,1,1,44,14,1.15,0.05,1,0,320
3311,50,1,1,24,7,0.45,0.05,1,0,320
3312,377,2,2,42,40,-11.42,0.05,1,0,321
3313,15,0,0,6,2,-5.5,0.05,1,0,321
3314,184,0,0,36,18,-8.09,0.05,1,0,321
3315,61,1,1,25,8,-0.31,0.05,1,0,321
3316,152,2,2,44,17,4.58,0.05,0,0,321
3317,88,2,2,31,11,-0.18,0.05,0,0,321
3318,126,1,1,35,14,-2.21,0.05,0,0,321
3319,264,3,3,48,29,-5.74,0.05,0,0,321
3320,76,1,1,24,10,-2.41,0.05,0,0,321
3321,14,0,0,10,2,-2.69,0.05,1,0,321
3322,7,0,0,3,1,-4.17,0.05,1,0,321
3323,176,6,1,43,18,5.89,0.05,1,0,321
3324,60,1,1,25,8,-0.85,0.05,1,0,321
3325,240,3,3,38,18,-0.5,0.05,1,0,321
3326,107,2,2,36,13,2.78,0.05,1,0,321
3327,205,2,2,50,20,1.85,0.05,1,0,321
3328,229,2,2,47,19,-0.64,0.05,1,0,321
3329,275,3,3,38,20,-8.4,0.05,1,0,321
3330,175,3,3,41,16,3.6,0.05,1,0,321
3331,103,2,2,27,11,1.77,0.05,1,0,321
3332,95,1,1,34,11,-0.75,0.05,1,0,321
3333,65,1,1,37,9,4.1,0.05,1,0,321
3334,192,3,3,35,17,0.33,0.05,1,0,321
3335,102,4,4,39,11,3.03,0.05,1,0,321
3336,132,2,2,30,14,-0.92,0.05,1,0,321
3337,157,3,3,47,18,5.23,0.05,1,0,321
3338,20,0,0,9,3,-5.2,0.05,1,0,321
3339,102,2,2,41,12,1.53,0.05,1,0,321
3340,133,1,1,40,16,0.57,0.05,1,0,321
3341,50,0,0,16,6,-4.1,0.05,0,0,321
3342,42,0,0,15,6,-3.57,0.05,0,0,321
3343,103,2,2,37,13,0.72,0.05,1,0,321
3344,101,2,2,31,12,0.74,0.05,1,0,321
3345,116,4,4,42,14,3.44,0.05,1,0,321
3346,122,2,2,37,14,2.93,0.05,1,0,321
3347,117,3,3,37,13,1.53,0.05,1,0,321
3348,13,0,0,6,2,-4.38,0.05,1,0,321
3349,167,2,2,45,18,4.68,0.05,0,0,321
3350,110,6,1,33,13,5.0,0.05,1,0,321
3351,21,0,0,15,3,-0.81,0.05,1,0,321
3352,41,0,0,18,5,-3.46,0.05,1,0,321
3353,56,1,1,24,7,-1.66,0.05,0,0,321
3354,58,0,0,20,8,-3.08,0.05,1,0,321
3355,400,4,4,60,25,0.75,0.05,0,1,321
3356,129,1,1,39,15,-0.19,0.05,1,0,321
3357,21,0,0,14,3,-3.01,0.05,1,0,321
3358,52,0,0,20,7,-3.72,0.05,1,0,321
3359,237,6,1,44,22,9.08,0.05,0,1,321
3360,110,2,2,30,12,-2.35,0.05,1,0,322
3361,71,0,0,31,10,-1.81,0.05,0,0,322
3362,13,0,0,9,2,-3.48,0.05,1,0,322
3363,120,3,3,35,13,0.85,0.05,1,0,322
3364,97,2,2,28,12,-1.67,0.05,1,0,322
3365,137,2,2,42,18,2.38,0.05,0,0,322
3366,97,7,2,40,11,9.28,0.05,1,0,322
3367,20,0,0,8,3,-4.6,0.05,1,0,322
3368,6,0,0,2,1,-4.51,0.05,1,0,322
3369,99,1,1,36,11,1.51,0.05,0,0,322
3370,44,0,0,14,6,-4.14,0.05,1,0,322
3371,28,0,0,13,4,-2.98,0.05,1,0,322
3372,70,1,1,32,9,0.2,0.05,1,0,322
3373,213,8,3,41,23,4.97,0.05,1,0,322
3374,85,1,1,22,10,-4.2,0.05,1,0,322
3375,51,0,0,21,7,-3.01,0.05,1,0,322
3376,108,2,2,41,13,2.22,0.05,1,0,322
3377,6,0,0,3,1,-4.11,0.05,1,0,322
3378,292,2,2,40,26,-5.12,0.05,0,0,322
3379,56,0,0,22,8,-2.41,0.05,1,0,322
3380,58,0,0,23,8,-0.63,0.05,1,0,322
3381,138,2,2,39,15,-1.88,0.05,0,0,322
3382,43,1,1,20,6,-2.13,0.05,1,0,322
3383,80,0,0,27,10,-2.1,0.05,1,0,322
3384,27,0,0,11,4,-3.22,0.05,1,0,322
3385,97,3,3,36,12,6.03,0.05,1,0,322
3386,159,2,2,52,16,4.36,0.05,1,0,322
3387,78,0,0,24,9,-3.03,0.05,0,0,322
3388,59,1,1,23,7,0.01,0.05,1,0,322
3389,59,2,2,21,8,-0.34,0.05,1,0,322
3390,142,2,2,32,15,1.33,0.05,0,0,322
3391,35,0,0,16,5,-4.4,0.05,1,0,322
3392,75,0,0,28,9,-1.75,0.05,1,0,322
3393,400,2,2,34,23,-12.1,0.05,0,1,322
3394,69,0,0,21,9,-5.69,0.05,1,0,322
3395,67,0,0,26,9,-1.57,0.05,1,0,322
3396,300,2,2,39,24,-7.7,0.05,1,0,322
3397,63,2,2,22,9,-2.28,0.05,1,0,322
3398,74,0,0,24,10,-5.64,0.05,1,0,322
3399,80,1,1,33,10,0.45,0.05,1,0,322
3400,66,0,0,24,8,-1.41,0.05,1,0,322
3401,225,1,1,46,21,0.0,0.05,1,0,322
3402,89,0,0,29,10,-2.64,0.05,1,0,322
3403,35,0,0,9,5,-6.05,0.05,1,0,322
3404,237,2,2,38,23,-3.07,0.05,1,0,322
3405,28,0,0,12,4,-4.43,0.05,1,0,322
3406,252,2,2,38,20,-6.32,0.05,1,0,322
3407,81,1,1,31,11,-0.46,0.05,1,0,322
3408,132,0,0,31,13,-2.52,0.05,0,0,322
3409,102,2,2,30,11,-0.27,0.05,1,0,322
3410,13,0,0,6,2,-5.93,0.05,1,0,322
3411,155,0,0,34,15,-4.7,0.05,0,0,322
3412,144,2,2,37,14,0.16,0.05,1,0,322
3413,20,0,0,9,3,-3.55,0.05,1,0,322
3414,144,2,2,40,14,2.91,0.05,1,0,322
3415,129,2,2,30,16,-1.39,0.05,0,0,322
3416,133,0,0,35,15,-2.63,0.05,0,0,322
3417,232,2,2,53,20,1.53,0.05,1,0,322
3418,46,0,0,17,6,-3.01,0.05,0,0,322
3419,69,3,3,28,8,3.11,0.05,1,0,322
3420,36,0,0,14,5,-3.51,0.05,1,0,322
3421,13,0,0,8,2,-3.33,0.05,1,0,322
3422,400,0,0,37,23,-11.35,0.05,0,1,322
3423,279,7,2,49,19,-1.09,0.05,1,0,322
3424,106,2,2,36,13,2.64,0.05,1,0,322
3425,57,0,0,23,8,-1.77,0.05,1,0,322
3426,44,1,1,16,6,-0.74,0.05,1,0,322
3427,372,10,5,58,38,8.78,0.05,0,1,322
3428,50,0,0,17,7,-6.35,0.05,1,0,322
3429,45,1,1,21,6,-0.55,0.05,1,0,322
3430,76,0,0,32,10,-0.56,0.05,1,0,322
3431,57,1,1,28,8,1.13,0.05,1,0,322
3432,78,2,2,33,10,1.72,0.05,1,0,322
3433,148,4,4,31,14,1.32,0.05,1,0,322
3434,198,8,3,40,20,5.77,0.05,1,0,322
3435,66,0,0,25,8,-1.66,0.05,0,0,322
3436,36,0,0,17,5,-3.56,0.05,1,0,322
3437,65,0,0,21,9,-7.85,0.05,0,0,322
3438,35,0,0,20,5,-1.55,0.05,1,0,322
3439,114,1,1,38,12,2.21,0.05,1,0,322
3440,183,3,3,48,20,1.72,0.05,0,0,322
3441,21,0,0,7,3,-4.21,0.05,1,0,322
3442,69,2,2,23,9,0.66,0.05,0,0,322
3443,7,0,0,2,1,-4.57,0.05,1,0,322
3444,72,2,2,28,9,0.58,0.05,0,0,322
3445,90,3,3,34,11,5.05,0.05,1,0,322
3446,50,2,2,19,7,-0.3,0.05,1,0,322
3447,37,0,0,13,5,-4.82,0.05,1,0,322
3448,119,3,3,34,14,3.86,0.05,1,0,322
3449,28,0,0,9,4,-5.78,0.05,1,0,322
3450,355,1,1,36,32,-15.2,0.05,1,0,322
3451,51,0,0,21,7,-1.56,0.05,1,0,322
3452,14,0,0,4,2,-4.64,0.05,1,0,322
3453,51,3,3,25,7,2.09,0.05,1,0,322
3454,105,7,2,35,13,5.05,0.05,1,0,322
3455,84,1,1,25,11,-0.34,0.05,1,0,322
3456,206,3,3,34,20,-1.81,0.05,1,0,322
3457,28,1,1,14,4,-2.53,0.05,1,0,322
3458,147,2,2,39,15,0.08,0.05,1,0,322
3459,35,0,0,15,5,-3.4,0.05,1,0,322
3460,91,1,1,28,11,-2.11,0.05,1,0,322
3461,85,2,2,42,12,4.45,0.05,1,0,322
3462,177,3,3,51,20,1.13,0.05,1,0,322
3463,43,0,0,17,6,-4.03,0.05,0,0,322
3464,28,0,0,11,4,-5.28,0.05,1,0,322
3465,35,0,0,13,5,-4.65,0.05,1,0,322
3466,59,0,0,22,8,-2.09,0.05,1,0,322
3467,73,0,0,28,10,-0.78,0.05,1,0,322
3468,44,0,0,20,6,-1.74,0.05,1,0,322
3469,172,1,1,41,18,0.58,0.05,0,0,322
3470,35,1,1,15,5,-2.55,0.05,1,0,322
3471,51,0,0,20,7,-2.91,0.05,1,0,322
3472,76,3,3,26,10,0.49,0.05,1,0,322
3473,214,8,3,32,17,2.26,0.05,0,0,322
3474,80,1,1,23,10,-1.3,0.05,1,0,322
3475,121,2,2,46,14,5.49,0.05,1,0,322
3476,36,0,0,14,5,-3.41,0.05,1,0,322
3477,43,1,1,26,6,1.12,0.05,1,0,322
3478,77,2,2,36,10,2.63,0.05,1,0,322
3479,8,0,0,3,1,-4.23,0.05,1,0,322
3480,84,1,1,28,9,0.21,0.05,0,0,324
3481,21,0,0,9,3,-5.26,0.05,1,0,324
3482,44,0,0,17,6,-5.89,0.05,1,0,324
3483,29,0,0,13,4,-3.99,0.05,1,0,324
3484,103,1,1,35,12,2.02,0.05,1,0,324
3485,28,0,0,11,4,-5.23,0.05,1,0,324
3486,139,3,3,44,18,3.61,0.05,1,0,324
3487,400,3,3,30,22,-12.1,0.05,0,1,324
3488,159,1,1,32,13,-0.84,0.05,1,0,324
3489,172,2,2,35,18,-2.47,0.05,1,0,324
3490,52,2,2,19,7,-4.52,0.05,1,0,324
3491,175,0,0,43,16,-0.5,0.05,0,0,325
3492,96,3,3,29,11,1.49,0.05,0,0,325
3493,52,1,1,21,7,-0.47,0.05,1,0,325
3494,57,2,2,28,8,0.58,0.05,1,0,325
3495,127,1,1,49,16,2.33,0.05,1,0,325
3496,124,2,2,38,14,1.66,0.05,0,0,325
3497,52,0,0,20,7,-1.47,0.05,1,0,325
3498,30,0,0,12,4,-5.4,0.05,1,0,325
3499,21,1,1,7,3,-5.11,0.05,1,0,325
3500,200,5,5,51,22,6.15,0.05,1,0,325
3501,152,3,3,44,18,3.78,0.05,0,0,326
3502,82,1,1,33,10,1.23,0.05,1,0,326
3503,85,1,1,31,10,1.75,0.05,1,0,326
3504,13,0,0,7,2,-3.63,0.05,1,0,326
3505,44,2,2,21,6,-1.19,0.05,1,0,326
3506,400,7,2,45,26,-0.0,0.05,0,1,326
3507,7,0,0,6,1,-3.27,0.05,1,0,326
3508,6,0,0,3,1,-4.21,0.05,1,0,326
3509,240,1,1,29,23,-10.35,0.05,1,0,326
3510,118,2,2,34,12,2.62,0.05,0,0,326
3511,84,2,2,31,10,1.01,0.05,1,0,326
3512,118,2,2,34,12,-0.88,0.05,0,0,326
3513,167,1,1,36,17,-1.07,0.05,0,0,327
3514,215,2,2,45,19,8.55,0.05,0,1,327
3515,20,0,0,12,3,-3.1,0.05,1,0,327
3516,21,0,0,10,3,-4.41,0.05,1,0,327
3517,106,0,0,46,14,5.44,0.05,1,0,327
3518,58,0,0,22,7,-2.78,0.05,1,0,327
3519,384,4,4,45,25,-9.94,0.05,1,0,327
3520,27,0,0,12,4,-3.92,0.05,1,0,327
3521,42,0,0,17,6,-3.62,0.05,1,0,327
3522,137,0,0,41,16,0.78,0.05,1,0,327
3523,241,3,3,41,23,-3.26,0.05,1,0,327
3524,184,4,4,46,21,1.36,0.05,1,0,327
3525,75,2,2,34,10,1.1,0.05,1,0,327
3526,21,0,0,7,3,-4.86,0.05,1,0,327
3527,56,0,0,24,7,-0.46,0.05,1,0,327
3528,76,0,0,33,10,0.79,0.05,1,0,327
3529,298,4,4,24,14,-11.93,0.05,1,0,327
3530,99,1,1,42,12,6.06,0.05,1,0,327
3531,79,0,0,30,10,-0.24,0.05,1,0,327
3532,50,0,0,17,7,-3.65,0.05,1,0,327
3533,34,0,0,16,5,-3.14,0.05,1,0,327
3534,51,0,0,20,7,-2.91,0.05,1,0,327
3535,187,0,0,44,21,-3.87,0.05,1,0,327
3536,236,0,0,34,21,-10.16,0.05,0,0,327
3537,74,1,1,25,10,-1.49,0.05,1,0,328
3538,99,2,2,41,12,3.81,0.05,0,0,328
3539,55,2,2,19,7,-0.6,0.05,1,0,328
3540,134,3,3,49,17,5.26,0.05,0,0,328
3541,114,2,2,33,13,2.86,0.05,1,0,328
3542,400,1,1,48,20,-4.1,0.05,0,1,329
3543,276,3,3,40,20,-7.21,0.05,1,0,329
3544,259,8,3,41,27,2.91,0.05,1,0,329
3545,66,0,0,21,9,-3.06,0.05,1,0,329
3546,204,3,3,45,19,1.51,0.05,0,0,329
3547,44,1,1,21,6,0.71,0.05,1,0,329
3548,45,0,0,16,6,-2.0,0.05,1,0,329
3549,353,3,3,41,22,-15.23,0.05,1,0,329
3550,75,4,4,33,10,7.55,0.05,1,0,329
3551,27,0,0,13,4,-3.67,0.05,1,0,329
3552,181,2,2,50,19,3.74,0.05,1,0,330
3553,345,2,2,42,35,-9.7,0.05,1,0,330
3554,147,3,3,40,15,3.23,0.05,1,0,330
3555,197,4,4,43,19,-1.22,0.05,1,0,331
3556,360,2,2,54,24,-8.55,0.05,1,0,331
3557,50,1,1,18,7,-3.45,0.05,1,0,331
3558,7,0,0,3,1,-4.27,0.05,1,0,331
3559,21,0,0,7,3,-4.86,0.05,1,0,331
3560,21,0,0,7,3,-5.31,0.05,1,0,331
3561,66,1,1,23,9,-2.31,0.05,1,0,331
3562,338,3,3,30,36,-10.08,0.05,1,0,331
3563,59,0,0,25,8,-3.94,0.05,1,0,331
3564,73,2,2,18,8,-2.18,0.05,1,0,331
3565,99,2,2,38,12,4.06,0.05,1,0,331
3566,158,8,3,43,16,7.17,0.05,0,0,331
3567,35,1,1,15,5,-2.35,0.05,1,0,331
3568,109,1,1,31,12,-0.34,0.05,1,0,332
3569,119,6,1,34,15,4.86,0.05,1,0,332
3570,6,0,0,3,1,-4.66,0.05,1,0,332
3571,75,0,0,26,10,-2.75,0.05,1,0,332
3572,147,0,0,39,17,4.93,0.05,0,0,333
3573,345,3,3,45,19,-10.7,0.05,1,0,333
3574,13,0,0,7,2,-3.63,0.05,1,0,333
3575,269,2,2,35,19,-7.44,0.05,1,0,333
3576,66,0,0,26,9,-1.31,0.05,1,0,333
3577,23,0,0,10,3,-3.33,0.05,1,0,333
3578,115,1,1,46,15,2.65,0.05,1,0,333
3579,36,0,0,14,5,-4.01,0.05,1,0,333
3580,64,0,0,21,8,-1.84,0.05,1,0,333
3581,62,0,0,24,8,-2.72,0.05,1,0,333
3582,36,1,1,14,5,-3.36,0.05,1,0,333
3583,68,2,2,25,8,0.62,0.05,1,0,333
3584,61,0,0,27,8,-0.81,0.05,1,0,333
3585,42,0,0,16,6,-5.92,0.05,1,0,333
3586,13,0,0,3,2,-4.73,0.05,1,0,333
3587,21,0,0,9,3,-3.71,0.05,1,0,333
3588,61,2,2,26,8,-0.51,0.05,1,0,333
3589,45,0,0,19,6,-2.65,0.05,1,0,333
3590,146,1,1,42,17,-0.66,0.05,1,0,333
3591,195,2,2,51,22,2.1,0.05,1,0,333
3592,71,1,1,25,9,-0.66,0.05,1,0,333
3593,102,1,1,38,11,0.03,0.05,1,0,333
3594,118,3,3,35,14,1.02,0.05,1,0,333
3595,201,3,3,41,17,1.29,0.05,1,0,333
3596,153,1,1,41,14,1.27,0.05,1,0,333
3597,160,5,0,36,16,2.65,0.05,0,0,333
3598,41,0,0,16,6,-4.01,0.05,1,0,333
3599,158,1,1,43,17,1.17,0.05,1,0,333
3600,32,0,0,13,5,-2.72,0.05,0,0,333
3601,100,2,2,37,12,1.7,0.05,1,0,333
3602,36,0,0,16,5,-2.26,0.05,1,0,333
3603,35,0,0,13,5,-3.8,0.05,1,0,333
3604,181,0,0,35,19,-6.11,0.05,1,0,333
3605,81,2,2,40,11,3.34,0.05,1,0,333
3606,36,1,1,21,5,-0.46,0.05,1,0,333
3607,145,1,1,36,16,-1.25,0.05,1,0,333
3608,400,3,3,47,31,-10.95,0.05,0,1,335
3609,145,5,5,42,16,4.15,0.05,1,0,335
3610,115,1,1,38,14,-1.05,0.05,1,0,335
3611,87,3,3,27,10,4.48,0.05,1,0,335
3612,47,1,1,18,6,-1.82,0.05,1,0,335
3613,77,3,3,29,10,0.98,0.05,1,0,335
3614,153,2,2,37,17,2.57,0.05,0,0,335
3615,7,0,0,6,1,-3.17,0.05,1,0,335
3616,400,2,2,48,25,-9.3,0.05,0,1,336
3617,223,4,4,39,24,-4.68,0.05,1,0,336
3618,283,3,3,38,22,-8.58,0.05,1,0,336
3619,96,2,2,35,11,3.19,0.05,1,0,336
3620,112,2,2,30,12,-1.07,0.05,1,0,336
3621,273,6,1,50,25,1.32,0.05,1,0,336
3622,110,4,4,47,14,7.6,0.05,1,0,336
3623,64,0,0,31,9,-4.04,0.05,1,0,336
3624,103,2,2,36,11,4.12,0.05,0,0,336
3625,76,2,2,23,10,-3.61,0.05,0,0,336
3626,55,1,1,23,7,-2.75,0.05,1,0,336
3627,44,1,1,17,6,-1.94,0.05,1,0,336
3628,155,1,1,47,19,0.65,0.05,1,0,336
3629,400,1,1,52,24,-6.25,0.05,0,1,336
3630,77,2,2,39,10,4.18,0.05,1,0,336
3631,36,1,1,20,5,0.04,0.05,1,0,336
3632,83,1,1,25,10,0.47,0.05,1,0,336
3633,66,3,3,33,9,2.19,0.05,1,0,336
3634,262,3,3,47,29,-2.52,0.05,1,0,336
3635,126,2,2,37,14,1.09,0.05,1,0,336
3636,13,0,0,7,2,-3.78,0.05,1,0,336
3637,52,1,1,20,7,-2.82,0.05,1,0,336
3638,28,0,0,13,4,-5.13,0.05,1,0,336
3639,97,0,0,25,11,-2.17,0.05,0,0,336
3640,291,2,2,41,19,-9.91,0.05,1,0,336
3641,64,6,1,26,8,6.51,0.05,1,0,336
3642,67,1,1,26,9,-2.87,0.05,1,0,336
3643,28,0,0,13,4,-4.58,0.05,1,0,336
3644,158,1,1,56,18,4.07,0.05,0,0,337
3645,76,2,2,32,10,0.29,0.05,1,0,337
3646,53,0,0,22,7,-1.83,0.05,1,0,337
3647,199,8,3,40,20,4.31,0.05,1,0,337
3648,7,0,0,4,1,-3.87,0.05,1,0,337
3649,31,0,0,15,4,-1.96,0.05,1,0,337
3650,91,1,1,27,10,-1.01,0.05,1,0,337
3651,51,1,1,23,7,-1.31,0.05,1,0,337
3652,94,0,0,32,12,-1.09,0.05,1,0,337
3653,142,6,6,34,13,3.18,0.05,1,0,337
3654,20,0,0,9,3,-3.55,0.05,1,0,337
3655,29,0,0,15,4,-2.39,0.05,1,0,337
3656,216,8,3,40,22,2.64,0.05,1,0,337
3657,56,0,0,22,7,-2.46,0.05,1,0,337
3658,74,2,2,31,9,1.26,0.05,0,0,338
3659,75,2,2,30,9,3.55,0.05,1,0,338
3660,83,3,3,28,11,2.27,0.05,1,0,338
3661,141,4,4,43,16,4.59,0.05,1,0,338
3662,20,0,0,7,3,-5.3,0.05,1,0,338
3663,400,2,2,42,22,-11.15,0.05,0,1,338
3664,254,1,1,42,23,-5.69,0.05,0,0,338
3665,114,1,1,33,13,0.06,0.05,0,0,338
3666,68,1,1,31,9,0.72,0.05,1,0,338
3667,6,0,0,3,1,-4.11,0.05,1,0,338
3668,45,0,0,16,6,-3.55,0.05,1,0,338
3669,80,1,1,28,10,-1.65,0.05,1,0,338
3670,129,1,1,37,15,1.01,0.05,1,0,338
3671,157,2,2,48,20,3.43,0.05,1,0,338
3672,106,2,2,38,13,0.54,0.05,1,0,338
3673,327,1,1,46,34,-11.62,0.05,1,0,338
3674,165,1,1,35,17,-4.45,0.05,1,0,338
3675,332,2,2,43,27,-6.52,0.05,1,0,338
3676,85,2,2,31,11,-0.8,0.05,1,0,338
3677,223,2,2,39,21,-4.03,0.05,1,0,338
3678,168,4,4,47,17,4.87,0.05,1,0,338
3679,36,0,0,15,5,-3.66,0.05,1,0,338
3680,400,2,2,42,23,-9.25,0.05,0,1,338
3681,23,0,0,10,3,-3.43,0.05,1,0,338
3682,195,4,4,43,18,2.8,0.05,1,0,338
3683,119,0,0,44,15,-0.79,0.05,1,0,338
3684,190,5,5,46,20,6.1,0.05,1,0,338
3685,189,1,1,31,17,-4.34,0.05,1,0,338
3686,153,0,0,41,17,-0.08,0.05,1,0,338
3687,82,1,1,29,10,0.03,0.05,1,0,338
3688,85,1,1,27,11,-1.15,0.05,1,0,338
3689,209,1,1,45,20,-3.69,0.05,1,0,338
3690,400,0,0,54,26,-7.75,0.05,0,1,338
3691,70,1,1,28,9,-1.3,0.05,0,0,338
3692,66,0,0,27,9,-1.41,0.05,1,0,338
3693,66,1,1,29,9,0.39,0.05,1,0,338
3694,62,1,1,25,8,-0.27,0.05,1,0,338
3695,120,2,2,33,14,-0.95,0.05,1,0,338
3696,198,9,4,47,18,8.67,0.05,1,0,338
3697,58,1,1,20,8,-2.58,0.05,1,0,338
3698,20,0,0,9,3,-4.25,0.05,1,0,338
3699,174,1,1,51,16,3.66,0.05,1,0,338
3700,144,1,1,38,15,3.21,0.05,1,0,338
3701,7,0,0,3,1,-4.27,0.05,1,0,338
3702,113,2,2,39,13,-0.88,0.05,1,0,338
3703,20,0,0,10,3,-2.9,0.05,1,0,338
3704,47,1,1,16,6,-1.47,0.05,1,0,338
3705,250,3,3,48,26,-4.1,0.05,1,0,338
3706,45,0,0,19,6,-1.45,0.05,1,0,338
3707,93,1,1,35,10,-0.68,0.05,0,0,338
3708,50,0,0,20,7,-2.4,0.05,0,0,338
3709,119,1,1,36,14,-0.99,0.05,1,0,338
3710,48,0,1,17,7,-5.88,0.05,1,0,338
3711,269,1,1,43,26,-6.39,0.05,1,0,338
3712,81,1,1,33,11,-1.46,0.05,1,0,338
3713,82,1,1,34,11,-1.57,0.05,0,0,339
3714,192,2,2,45,19,-0.62,0.05,1,0,339
3715,187,1,1,48,20,-3.37,0.05,0,0,339
3716,121,1,1,35,14,0.44,0.05,0,0,339
3717,73,2,2,30,10,-0.13,0.05,1,0,339
3718,27,0,0,13,4,-4.12,0.05,1,0,339
3719,143,1,1,37,13,0.82,0.05,1,0,339
3720,187,0,0,30,17,-9.92,0.05,1,0,339
3721,82,4,4,28,11,-2.12,0.05,1,0,339
3722,40,0,0,18,5,-1.35,0.05,1,0,339
3723,56,2,2,20,7,-0.81,0.05,1,0,339
3724,306,5,5,48,32,-5.96,0.05,1,0,339
3725,102,3,3,38,13,0.93,0.05,1,0,339
3726,27,1,1,10,4,-4.17,0.05,1,0,339
3727,35,0,0,13,5,-3.75,0.05,1,0,339
3728,13,0,0,5,2,-3.68,0.05,1,0,339
3729,70,2,2,24,9,0.25,0.05,1,0,339
3730,75,1,1,33,10,2.8,0.05,1,0,339
3731,145,0,0,37,13,-1.0,0.05,0,0,339
3732,87,2,2,40,11,1.18,0.05,1,0,339
3733,305,2,2,42,20,-9.0,0.05,1,0,339
3734,24,0,0,11,3,-3.59,0.05,1,0,339
3735,215,9,4,40,23,4.1,0.05,1,0,339
3736,133,9,4,42,16,9.27,0.05,1,0,339
3737,122,2,2,31,14,0.93,0.05,0,0,339
3738,105,1,1,36,14,0.6,0.05,1,0,339
3739,80,1,1,23,10,-2.95,0.05,1,0,339
3740,114,2,2,42,13,3.96,0.05,1,0,339
3741,7,0,0,2,1,-4.47,0.05,1,0,339
3742,233,1,1,55,26,1.22,0.05,1,0,339
3743,400,3,3,46,21,-5.05,0.05,0,1,339
3744,20,1,1,10,3,-3.2,0.05,1,0,339
3745,92,3,3,29,10,-0.57,0.05,1,0,339
3746,68,2,2,30,9,1.07,0.05,1,0,339
3747,157,1,1,35,19,-3.72,0.05,1,0,339
3748,51,0,0,17,7,-2.56,0.05,1,0,339
3749,400,8,3,47,49,-5.6,0.05,0,1,339
3750,120,4,4,40,14,3.8,0.05,1,0,339
3751,46,0,0,17,6,-2.21,0.05,1,0,339
3752,7,0,0,3,1,-4.72,0.05,1,0,339
3753,13,0,0,7,2,-4.63,0.05,1,0,339
3754,207,3,3,40,19,-0.47,0.05,1,0,339
3755,124,1,1,39,14,0.66,0.05,1,0,339
3756,248,2,2,46,27,-1.23,0.05,1,0,339
3757,85,0,0,28,11,-2.4,0.05,0,0,339
3758,103,2,2,41,13,5.17,0.05,1,0,339
3759,96,3,3,34,11,3.54,0.05,1,0,339
3760,29,1,1,9,4,-5.64,0.05,1,0,339
3761,142,5,5,36,14,2.73,0.05,1,0,339
3762,20,0,0,8,3,-5.05,0.05,1,0,339
3763,87,2,2,26,11,-1.12,0.05,0,0,339
3764,184,1,1,38,17,-1.09,0.05,1,0,339
3765,89,3,3,33,12,2.56,0.05,1,0,339
3766,149,4,4,40,17,1.91,0.05,1,0,339
3767,258,7,2,45,27,4.57,0.05,0,1,339
3768,51,2,2,22,7,-1.16,0.05,1,0,339
3769,70,1,1,23,8,-3.95,0.05,1,0,339
3770,43,0,0,22,6,-2.58,0.05,1,0,339
3771,75,0,0,28,10,-0.9,0.05,1,0,339
3772,7,0,0,2,1,-4.57,0.05,1,0,339
3773,324,3,3,48,25,-6.14,0.05,1,0,339
3774,243,5,5,45,20,2.17,0.05,1,0,339
3775,53,1,1,24,7,0.47,0.05,1,0,339
3776,400,1,1,43,32,-10.15,0.05,0,1,339
3777,74,4,4,31,10,0.71,0.05,1,0,339
3778,160,2,2,48,17,0.95,0.05,1,0,339
3779,13,0,0,7,2,-3.63,0.05,1,0,339
3780,196,0,0,49,22,0.69,0.05,1,0,339
3781,68,2,2,30,9,-0.93,0.05,1,0,339
3782,174,1,1,45,18,0.01,0.05,1,0,339
3783,145,2,2,29,15,-4.25,0.05,0,0,339
3784,20,1,1,11,3,-2.95,0.05,1,0,339
3785,79,5,0,27,10,3.21,0.05,1,0,339
3786,143,1,1,37,15,-4.88,0.05,1,0,339
3787,36,0,0,19,5,-1.91,0.05,1,0,339
3788,38,0,0,23,5,0.27,0.05,1,0,339
3789,186,1,1,50,19,-3.71,0.05,1,0,339
3790,65,0,0,22,9,-3.0,0.05,0,0,339
3791,13,0,0,6,2,-4.98,0.05,1,0,339
3792,13,0,0,7,2,-4.43,0.05,1,0,339
3793,285,1,1,33,21,-9.85,0.05,1,0,339
3794,42,0,0,15,6,-3.12,0.05,0,0,339
3795,67,1,1,23,9,-1.07,0.05,1,0,339
3796,124,0,0,29,13,-3.74,0.05,0,0,339
3797,61,2,2,28,8,2.64,0.05,1,0,339
3798,176,9,4,43,20,6.99,0.05,1,0,339
3799,6,0,0,2,1,-4.51,0.05,1,0,339
3800,74,7,2,31,10,3.81,0.05,1,0,339
3801,22,0,0,13,3,-1.87,0.05,1,0,339
3802,43,0,0,19,6,-3.73,0.05,1,0,339
3803,50,1,1,21,7,-1.0,0.05,1,0,339
3804,6,0,0,3,1,-4.21,0.05,1,0,339
3805,14,0,0,5,2,-5.29,0.05,1,0,339
3806,329,2,2,45,29,-16.04,0.05,1,0,339
3807,61,2,2,25,8,0.64,0.05,1,0,339
3808,13,0,0,7,2,-4.13,0.05,1,0,339
3809,129,2,2,35,16,1.01,0.05,1,0,339
3810,34,0,0,15,5,-4.64,0.05,1,0,339
3811,14,0,0,9,2,-3.34,0.05,1,0,339
3812,6,0,0,3,1,-4.21,0.05,1,0,339
3813,400,1,1,34,28,-14.05,0.05,0,1,339
3814,241,3,3,42,25,-5.66,0.05,1,0,339
3815,29,0,0,14,4,-1.94,0.05,1,0,339
3816,296,2,2,42,20,-7.96,0.05,1,0,339
3817,21,0,0,10,3,-3.96,0.05,1,0,339
3818,287,1,1,37,24,-6.97,0.05,1,0,339
3819,61,0,0,23,8,-3.51,0.05,1,0,339
3820,206,2,2,51,21,2.99,0.05,1,0,339
3821,28,0,0,10,4,-3.43,0.05,1,0,339
3822,69,1,1,26,8,-0.04,0.05,0,0,339
3823,104,1,1,30,13,-5.64,0.05,1,0,339
3824,121,1,1,31,15,-3.46,0.05,0,0,339
3825,88,2,2,37,11,4.42,0.05,1,0,339
3826,400,4,4,40,25,-9.95,0.05,0,1,339
3827,43,0,0,19,6,-1.58,0.05,1,0,339
3828,356,0,0,41,28,-18.06,0.05,1,0,339
3829,400,2,2,59,45,-4.0,0.05,0,1,339
3830,224,11,1,34,22,3.51,0.05,0,0,339
3831,110,8,3,44,14,10.15,0.05,0,0,339
3832,185,8,3,38,21,6.95,0.05,1,0,339
3833,56,0,0,29,8,-1.86,0.05,1,0,339
3834,20,0,0,10,3,-3.25,0.05,1,0,339
3835,73,0,0,33,10,-0.73,0.05,1,0,339
3836,203,3,3,41,21,8.12,0.05,0,1,339
3837,119,2,2,30,14,-0.19,0.05,1,0,339
3838,20,0,0,10,3,-4.45,0.05,1,0,339
3839,250,2,2,38,21,-6.05,0.05,1,0,339
3840,35,0,0,17,5,-2.45,0.05,1,0,339
3841,147,3,3,38,16,0.93,0.05,1,0,339
3842,102,1,1,29,12,-1.77,0.05,0,0,339
3843,83,2,2,25,10,-0.03,0.05,1,0,339
3844,61,3,3,23,8,1.24,0.05,1,0,339
3845,138,3,3,38,17,0.27,0.05,0,0,339
3846,52,0,0,22,7,-2.02,0.05,0,0,340
3847,125,1,1,37,13,0.8,0.05,1,0,340
3848,85,1,1,25,10,-2.35,0.05,1,0,340
3849,375,3,3,38,34,-10.3,0.05,1,0,340
3850,53,0,0,18,7,-3.08,0.05,1,0,340
3851,166,2,2,34,17,-2.16,0.05,1,0,340
3852,43,0,0,17,6,-4.48,0.05,0,0,340
3853,115,0,0,40,14,-0.1,0.05,1,0,340
3854,111,0,0,35,13,-0.06,0.05,1,0,340
3855,400,1,1,30,18,-11.5,0.05,0,1,340
3856,85,2,2,27,10,-0.15,0.05,1,0,340
3857,6,0,0,3,1,-4.21,0.05,1,0,340
3858,91,1,1,30,11,0.39,0.05,1,0,340
3859,206,0,0,39,17,-5.16,0.05,1,0,340
3860,158,3,3,53,19,6.17,0.05,1,0,340
3861,400,1,1,42,21,-11.75,0.05,0,1,340
3862,182,6,1,44,20,2.03,0.05,1,0,340
3863,96,1,1,36,12,2.24,0.05,1,0,340
3864,73,1,1,30,10,0.67,0.05,1,0,340
3865,56,2,2,19,8,-2.96,0.05,1,0,340
3866,77,2,2,33,10,1.83,0.05,1,0,340
3867,47,1,1,22,6,0.98,0.05,1,0,340
3868,162,2,2,31,15,-2.12,0.05,1,0,340
3869,84,2,2,31,10,1.71,0.05,1,0,340
3870,274,5,0,44,25,-6.24,0.05,1,0,340
3871,149,2,2,36,15,2.01,0.05,0,0,340
3872,70,0,0,27,9,-1.15,0.05,1,0,340
3873,22,0,0,11,3,-2.32,0.05,1,0,340
3874,116,2,2,40,14,3.44,0.05,1,0,340
3875,127,6,6,40,13,9.18,0.05,1,0,340
3876,29,0,0,12,4,-2.34,0.05,1,0,340
3877,319,7,2,32,37,-12.34,0.05,1,0,340
3878,77,1,1,26,9,5.48,0.05,1,0,340
3879,197,3,3,46,20,2.43,0.05,1,0,340
3880,5,0,0,3,1,-4.7,0.05,1,0,340
3881,143,4,4,46,16,5.42,0.05,1,0,340
3882,14,0,0,5,2,-4.74,0.05,1,0,340
3883,28,0,0,11,4,-5.68,0.05,1,0,340
3884,174,1,1,52,21,-0.44,0.05,1,0,340
3885,80,1,1,22,9,-3.05,0.05,1,0,340
3886,142,1,1,44,16,3.18,0.05,0,0,340
3887,130,4,4,40,16,2.7,0.05,1,0,340
3888,400,2,2,46,23,-5.5,0.05,0,1,340
3889,92,1,1,25,12,-3.87,0.05,0,0,340
3890,90,2,2,28,12,0.0,0.05,1,0,340
3891,137,5,5,37,15,2.18,0.05,1,0,340
3892,146,2,2,39,14,1.64,0.05,0,0,340
3893,90,2,2,46,12,2.95,0.05,1,0,340
3894,129,0,0,38,15,-1.49,0.05,1,0,340
3895,141,2,2,39,16,3.19,0.05,0,0,340
3896,71,1,1,25,8,-1.16,0.05,0,0,340
3897,208,1,1,37,17,2.52,0.05,0,1,340
3898,69,1,1,23,9,-1.24,0.05,1,0,340
3899,236,1,1,40,16,-9.11,0.05,1,0,340
3900,106,1,1,38,14,-0.96,0.05,1,0,340
3901,106,0,0,41,13,2.94,0.05,1,0,340
3902,180,0,0,35,19,-4.95,0.05,0,0,340
3903,273,0,0,44,18,-6.63,0.05,1,0,340
3904,20,0,0,10,3,-3.8,0.05,1,0,340
3905,29,0,0,7,4,-5.39,0.05,1,0,340
3906,121,1,1,46,14,4.19,0.05,1,0,340
3907,20,0,0,8,3,-4.9,0.05,1,0,340
3908,101,5,0,38,11,5.69,0.05,0,0,340
3909,290,3,3,41,25,-2.75,0.05,1,0,340
3910,52,0,0,17,7,-1.77,0.05,1,0,340
3911,21,0,0,10,3,-3.86,0.05,1,0,340
3912,175,2,2,48,19,0.3,0.05,0,0,340
3913,49,1,1,22,7,-0.54,0.05,1,0,340
3914,61,0,0,27,8,-1.66,0.05,1,0,340
3915,235,4,4,56,23,2.85,0.05,1,0,340
3916,109,5,5,39,14,7.56,0.05,1,0,340
3917,34,0,0,15,5,-4.09,0.05,1,0,340
3918,51,1,1,22,7,-1.11,0.05,0,0,340
3919,400,2,2,29,23,-19.3,0.05,0,1,340
3920,20,0,0,8,3,-4.95,0.05,1,0,340
3921,41,0,0,14,6,-5.16,0.05,1,0,340
3922,77,0,0,29,9,1.28,0.05,0,0,340
3923,64,1,1,34,8,2.01,0.05,1,0,340
3924,83,1,1,28,11,0.07,0.05,1,0,340
3925,79,2,2,32,11,1.06,0.05,1,0,340
3926,6,0,0,2,1,-4.51,0.05,1,0,340
3927,14,0,0,5,2,-4.84,0.05,1,0,340
3928,186,0,0,47,21,-2.66,0.05,1,0,340
3929,131,1,1,43,16,2.84,0.05,1,0,340
3930,68,2,2,22,9,-2.83,0.05,1,0,340
3931,52,1,1,26,7,0.58,0.05,1,0,340
3932,400,5,5,35,24,-10.1,0.05,0,1,340
3933,137,1,1,38,15,-3.67,0.05,1,0,340
3934,74,2,2,29,10,-0.29,0.05,1,0,340
3935,81,3,3,31,10,2.69,0.05,1,0,340
3936,162,0,0,46,17,0.13,0.05,1,0,340
3937,28,0,0,12,4,-3.43,0.05,1,0,340
3938,15,0,0,6,2,-4.4,0.05,1,0,340
3939,295,7,2,49,34,4.3,0.05,0,1,340
3940,400,4,4,44,28,-6.05,0.05,0,1,340
3941,48,0,0,20,6,-0.73,0.05,1,0,340
3942,21,0,0,9,3,-3.21,0.05,1,0,340
3943,28,0,0,11,4,-3.18,0.05,1,0,340
3944,35,1,1,16,5,-2.45,0.05,1,0,340
3945,400,8,3,40,41,-2.3,0.05,0,1,340
3946,45,0,0,17,6,-2.15,0.05,1,0,340
3947,178,2,2,41,18,5.92,0.05,0,1,340
3948,85,3,3,36,11,2.95,0.05,1,0,340
3949,400,4,4,39,15,-7.95,0.05,0,1,340
3950,362,2,2,49,38,-6.12,0.05,1,0,340
3951,20,1,1,8,3,-4.75,0.05,1,0,340
3952,400,3,3,42,29,-9.05,0.05,0,1,340
3953,13,0,0,5,2,-4.68,0.05,1,0,340
3954,20,0,0,10,3,-3.75,0.05,1,0,340
3955,216,2,2,51,22,1.44,0.05,1,0,340
3956,157,2,2,56,18,6.33,0.05,1,0,340
3957,270,4,4,50,29,4.0,0.05,1,0,340
3958,313,12,2,42,31,8.82,0.05,0,1,340
3959,71,0,0,27,9,-1.46,0.05,1,0,340
3960,74,0,0,29,10,-0.19,0.05,0,0,340
3961,115,1,1,34,13,-2.1,0.05,1,0,340
3962,400,3,3,53,21,-1.45,0.05,0,1,340
3963,333,5,0,38,31,-8.18,0.05,1,0,340
3964,80,0,0,29,10,-0.5,0.05,0,0,340
3965,13,0,0,4,2,-5.53,0.05,1,0,340
3966,353,1,1,41,22,-11.43,0.05,1,0,340
3967,85,1,1,26,10,-2.75,0.05,1,0,340
3968,74,1,1,22,10,-1.64,0.05,1,0,340
3969,21,1,1,11,3,-1.91,0.05,1,0,340
3970,135,3,3,37,14,2.15,0.05,0,0,340
3971,74,1,1,31,10,2.21,0.05,1,0,340
3972,118,0,0,32,14,-0.78,0.05,1,0,341
3973,101,5,0,43,13,3.39,0.05,1,0,341
3974,22,0,0,9,3,-4.07,0.05,1,0,341
3975,177,2,2,47,20,2.08,0.05,1,0,341
3976,21,0,0,8,3,-4.91,0.05,1,0,341
3977,246,2,2,43,23,-1.71,0.05,1,0,341
3978,338,3,3,26,24,-14.93,0.05,1,0,341
3979,178,3,3,50,19,3.17,0.05,0,0,341
3980,122,1,1,32,15,-3.47,0.05,1,0,341
3981,163,3,3,48,18,4.77,0.05,1,0,341
3982,263,3,3,38,26,-4.33,0.05,1,0,341
3983,94,1,1,34,12,1.51,0.05,1,0,341
3984,163,3,3,45,16,10.72,0.05,0,1,341
3985,80,1,1,28,10,-1.35,0.05,1,0,341
3986,28,0,0,14,4,-2.23,0.05,1,0,341
3987,48,2,2,21,6,-1.73,0.05,1,0,341
3988,7,0,0,3,1,-4.27,0.05,1,0,341
3989,6,0,0,3,1,-4.21,0.05,1,0,341
3990,58,0,0,24,8,-1.43,0.05,1,0,341
3991,85,4,4,32,11,3.1,0.05,0,0,343
3992,102,1,1,37,13,-1.12,0.05,1,0,343
3993,30,0,0,14,4,-2.8,0.05,1,0,343
3994,152,7,2,39,17,4.88,0.05,0,0,343
3995,114,2,2,30,13,0.41,0.05,1,0,343
3996,78,0,0,28,10,-3.78,0.05,1,0,343
3997,400,1,1,40,23,-10.25,0.05,0,1,343
3998,211,0,0,36,24,-4.16,0.05,1,0,343
3999,166,1,1,53,19,1.94,0.05,0,0,343
4000,68,1,1,28,9,-0.03,0.05,1,0,343
4001,20,0,0,9,3,-4.0,0.05,1,0,343
4002,325,3,3,37,15,-13.8,0.05,1,0,343
4003,199,6,6,51,21,6.46,0.05,1,0,343
4004,82,0,0,30,11,-4.57,0.05,0,0,343
4005,76,7,2,30,10,4.49,0.05,0,0,343
4006,51,0,0,18,7,-3.06,0.05,1,0,343
4007,159,3,3,33,16,3.11,0.05,1,0,343
4008,43,0,0,19,6,-3.13,0.05,1,0,343
4009,235,2,2,49,24,0.5,0.05,1,0,343
4010,69,1,1,32,9,0.56,0.05,1,0,343
4011,165,3,3,37,18,0.35,0.05,1,0,343
4012,43,1,1,17,6,-0.83,0.05,1,0,343
4013,117,2,2,37,12,1.93,0.05,1,0,343
4014,58,5,5,21,7,3.22,0.05,0,0,343
4015,56,2,2,24,7,1.09,0.05,1,0,343
4016,94,2,2,33,11,-0.39,0.05,1,0,343
4017,174,3,3,44,17,0.36,0.05,1,0,343
4018,135,2,2,38,16,3.85,0.05,1,0,343
4019,21,0,0,8,3,-5.11,0.05,1,0,343
4020,61,2,2,25,8,0.04,0.05,1,0,343
4021,22,0,0,11,3,-4.22,0.05,1,0,343
4022,192,7,2,51,20,8.63,0.05,1,0,343
4023,128,1,1,34,12,-0.68,0.05,0,0,343
4024,400,1,1,48,24,-7.9,0.05,0,1,343
4025,255,0,0,36,21,-9.25,0.05,1,0,343
4026,30,0,0,13,4,-3.05,0.05,1,0,343
4027,5,0,0,3,1,-4.2,0.05,1,0,343
4028,67,1,1,35,9,1.83,0.05,1,0,343
4029,400,1,1,37,22,-13.35,0.05,0,1,343
4030,176,1,1,44,20,-2.76,0.05,0,0,343
4031,64,2,2,24,8,-1.29,0.05,1,0,343
4032,174,1,1,35,16,-2.44,0.05,0,0,343
4033,20,0,0,9,3,-4.55,0.05,1,0,343
4034,139,2,2,47,17,2.96,0.05,1,0,343
4035,122,2,2,31,12,-2.97,0.05,1,0,343
4036,44,1,1,22,6,1.51,0.05,1,0,343
4037,6,0,0,0,1,-5.11,0.05,1,0,343
4038,59,1,1,18,8,-2.14,0.05,1,0,343
4039,88,1,1,22,10,-2.88,0.05,1,0,343
4040,75,6,1,32,10,6.1,0.05,1,0,343
4041,50,1,1,20,7,-3.15,0.05,1,0,343
4042,42,2,2,15,6,-1.97,0.05,1,0,343
4043,113,1,1,32,13,-1.18,0.05,1,0,343
4044,74,3,3,26,10,-0.49,0.05,0,0,343
4045,6,0,0,3,1,-4.11,0.05,1,0,343
4046,63,0,0,28,8,-0.73,0.05,1,0,343
4047,87,4,4,37,12,3.53,0.05,1,0,343
4048,126,4,4,50,14,8.59,0.05,1,0,343
4049,101,1,1,31,12,-0.81,0.05,1,0,343
4050,110,1,1,37,13,3.0,0.05,1,0,343
4051,264,3,3,44,23,-6.34,0.05,1,0,343
4052,117,2,2,41,14,1.53,0.05,1,0,343
4053,22,0,0,10,3,-5.37,0.05,1,0,343
4054,237,3,3,51,21,-0.87,0.05,1,0,343
4055,400,3,3,34,25,-11.25,0.05,0,1,343
4056,20,0,0,9,3,-5.0,0.05,1,0,343
4057,13,0,0,8,2,-3.68,0.05,1,0,343
4058,164,4,4,49,18,5.56,0.05,1,0,343
4059,53,1,1,22,7,-1.68,0.05,1,0,343
4060,66,0,0,26,8,-0.51,0.05,1,0,343
4061,200,0,0,34,17,-3.95,0.05,1,0,343
4062,137,4,4,46,16,3.88,0.05,1,0,343
4063,35,0,0,15,5,-4.1,0.05,1,0,343
4064,38,0,0,21,5,-0.83,0.05,1,0,343
4065,51,0,0,19,7,-2.96,0.05,1,0,343
4066,400,1,1,35,21,-9.5,0.05,0,1,343
4067,52,0,0,20,7,-1.22,0.05,1,0,343
4068,87,2,2,26,11,-0.42,0.05,1,0,343
4069,21,0,0,12,3,-2.21,0.05,1,0,343
4070,210,1,1,51,20,-1.9,0.05,1,0,343
4071,91,0,0,30,12,-2.91,0.05,1,0,343
4072,43,2,2,28,6,2.47,0.05,1,0,343
4073,21,0,0,11,3,-3.16,0.05,1,0,343
4074,192,5,5,46,19,11.88,0.05,0,1,343
4075,74,0,0,27,10,-2.74,0.05,1,0,343
4076,28,1,1,10,4,-3.38,0.05,1,0,343
4077,252,1,1,50,27,-3.37,0.05,1,0,343
4078,198,1,1,51,22,1.77,0.05,1,0,343
4079,60,1,1,19,8,-3.2,0.05,1,0,343
4080,116,2,2,42,15,2.79,0.05,1,0,343
4081,20,0,0,9,3,-5.1,0.05,1,0,343
4082,156,3,3,50,17,5.44,0.05,1,0,343
4083,194,2,2,41,20,0.91,0.05,1,0,343
4084,42,2,2,20,6,-1.77,0.05,1,0,343
4085,88,2,2,24,10,-2.13,0.05,0,0,343
4086,109,1,1,32,12,0.26,0.05,0,0,344
4087,136,0,0,29,11,-4.51,0.05,1,0,344
4088,82,4,4,34,10,4.73,0.05,1,0,344
4089,53,1,1,20,7,-4.33,0.05,1,0,344
4090,21,0,0,8,3,-4.11,0.05,1,0,344
4091,93,3,3,31,12,1.47,0.05,1,0,344
4092,20,0,0,11,3,-3.05,0.05,1,0,344
4093,75,0,0,36,10,0.7,0.05,1,0,344
4094,87,1,1,30,11,-2.22,0.05,1,0,344
4095,63,1,1,29,8,0.37,0.05,1,0,344
4096,129,4,4,45,16,6.16,0.05,0,0,344
4097,186,1,1,43,17,-0.11,0.05,1,0,344
4098,95,2,2,33,12,1.9,0.05,1,0,344
4099,165,3,3,42,18,1.55,0.05,0,0,344
4100,177,1,1,42,18,0.23,0.05,0,0,344
4101,44,0,0,20,6,-0.89,0.05,1,0,344
4102,220,8,3,52,24,9.3,0.05,1,0,344
4103,54,0,0,25,7,5.56,0.05,1,0,344
4104,103,3,3,38,13,0.17,0.05,1,0,344
4105,294,3,3,36,26,-14.39,0.05,1,0,345
4106,120,3,3,42,14,4.45,0.05,1,0,345
4107,315,1,1,44,20,-6.55,0.05,1,0,345
4108,135,0,0,42,17,0.05,0.05,1,0,345
4109,134,1,1,35,15,-2.24,0.05,1,0,345
4110,78,0,0,30,9,-0.28,0.05,1,0,345
4111,129,5,5,41,15,7.16,0.05,1,0,345
4112,79,2,2,38,10,2.41,0.05,1,0,345
4113,74,1,1,26,9,-1.64,0.05,1,0,345
4114,28,1,1,8,4,-4.08,0.05,1,0,345
4115,95,3,3,30,12,0.25,0.05,0,0,345
4116,64,0,0,24,9,-4.39,0.05,1,0,345
4117,283,1,1,35,19,-11.38,0.05,1,0,345
4118,84,0,0,22,10,-4.19,0.05,1,0,345
4119,170,7,2,40,19,7.55,0.05,1,0,345
4120,87,1,1,30,9,-0.42,0.05,1,0,345
4121,74,2,2,27,10,-1.89,0.05,1,0,345
4122,400,4,4,42,20,-7.8,0.05,0,1,345
4123,162,1,1,41,17,-0.57,0.05,1,0,345
4124,86,3,3,28,11,-1.41,0.05,0,0,345
4125,97,3,3,34,12,1.58,0.05,1,0,345
4126,113,1,1,47,15,3.37,0.05,1,0,345
4127,65,1,1,25,9,-0.55,0.05,0,0,345
4128,52,0,0,20,7,-3.47,0.05,1,0,345
4129,148,7,2,34,14,8.12,0.05,1,0,345
4130,28,0,0,11,4,-3.13,0.05,1,0,345
4131,102,0,0,41,13,3.43,0.05,1,0,345
4132,21,0,0,10,3,-3.66,0.05,1,0,345
4133,78,2,2,27,10,-0.38,0.05,1,0,345
4134,229,1,1,38,18,-5.94,0.05,1,0,345
4135,107,3,3,35,12,2.13,0.05,1,0,345
4136,28,0,0,12,4,-3.43,0.05,1,0,345
4137,114,0,0,37,14,-0.44,0.05,0,0,345
4138,27,0,0,10,4,-4.12,0.05,1,0,345
4139,107,0,0,41,14,0.83,0.05,1,0,345
4140,259,4,4,36,18,-4.24,0.05,1,0,345
4141,360,2,2,42,28,-14.9,0.05,1,0,345
4142,43,1,1,19,6,-0.93,0.05,1,0,345
4143,13,0,0,8,2,-3.58,0.05,1,0,345
4144,81,1,1,27,11,-1.51,0.05,1,0,345
4145,90,1,1,38,12,3.15,0.05,1,0,345
4146,107,2,2,39,14,3.53,0.05,0,0,345
4147,110,1,1,26,11,-1.85,0.05,0,0,345
4148,183,5,5,47,17,7.62,0.05,0,0,345
4149,116,2,2,38,14,2.94,0.05,1,0,345
4150,110,1,1,41,13,3.0,0.05,1,0,345
4151,206,2,2,42,20,1.39,0.05,1,0,345
4152,70,2,2,23,9,-0.7,0.05,1,0,345
4153,67,3,3,25,9,-0.27,0.05,1,0,345
4154,138,6,1,44,17,6.92,0.05,1,0,345
4155,65,1,1,29,8,0.8,0.05,1,0,345
4156,13,0,0,6,2,-3.98,0.05,1,0,345
4157,107,1,1,26,13,-5.57,0.05,0,0,345
4158,253,2,2,48,23,-7.63,0.05,1,0,345
4159,61,2,2,16,6,-3.86,0.05,0,0,345
4160,14,0,0,7,2,-3.59,0.05,1,0,345
4161,77,2,2,26,9,0.78,0.05,1,0,345
4162,265,2,2,49,29,-4.95,0.05,1,0,345
4163,63,2,2,30,8,1.82,0.05,1,0,345
4164,27,0,0,14,4,-2.87,0.05,1,0,345
4165,60,0,0,26,8,-0.1,0.05,1,0,345
4166,192,6,1,42,19,5.58,0.05,1,0,345
4167,14,0,0,5,2,-5.29,0.05,1,0,345
4168,100,2,2,36,13,1.85,0.05,1,0,345
4169,44,1,1,18,6,-0.74,0.05,1,0,345
4170,75,3,3,25,9,2.0,0.05,1,0,345
4171,156,1,1,44,17,3.19,0.05,1,0,345
4172,44,2,2,18,6,-0.09,0.05,1,0,345
4173,83,2,2,34,11,0.22,0.05,1,0,345
4174,400,3,3,43,22,-9.35,0.05,0,1,345
4175,78,1,1,38,10,2.82,0.05,1,0,345
4176,54,2,2,22,7,1.36,0.05,1,0,345
4177,20,0,0,9,3,-5.1,0.05,1,0,345
4178,55,0,0,27,7,0.65,0.05,1,0,345
4179,7,0,0,2,1,-4.57,0.05,1,0,345
4180,82,2,2,31,11,1.48,0.05,1,0,345
4181,72,1,1,20,10,-2.62,0.05,0,0,345
4182,75,1,1,29,10,-0.45,0.05,1,0,345
4183,129,2,2,39,15,1.71,0.05,1,0,345
4184,27,0,0,10,4,-4.42,0.05,1,0,345
4185,96,2,2,31,12,-1.81,0.05,1,0,345
4186,196,3,3,35,18,-1.21,0.05,1,0,345
4187,156,2,2,33,14,-1.06,0.05,0,0,345
4188,36,1,1,16,5,-3.11,0.05,1,0,345
4189,81,3,3,28,10,0.89,0.05,0,0,345
4190,35,0,0,18,5,-3.05,0.05,1,0,345
4191,202,2,2,38,18,-0.12,0.05,1,0,345
4192,309,0,0,44,24,-9.44,0.05,1,0,345
4193,52,1,1,19,7,-1.67,0.05,1,0,345
4194,186,2,2,46,18,7.44,0.05,0,1,345
4195,270,7,2,38,25,2.6,0.05,0,1,345
4196,61,2,2,23,8,0.04,0.05,1,0,345
4197,13,0,0,5,2,-4.68,0.05,1,0,345
4198,258,5,5,35,24,-2.73,0.05,1,0,345
4199,78,1,1,30,10,-1.08,0.05,1,0,345
4200,214,3,3,38,19,5.36,0.05,0,1,345
4201,14,0,0,8,2,-3.39,0.05,1,0,345
4202,43,1,1,23,6,-0.28,0.05,1,0,345
4203,28,0,0,11,4,-4.18,0.05,1,0,345
4204,104,2,2,36,13,3.76,0.05,1,0,345
4205,30,0,0,10,4,-3.05,0.05,1,0,345
4206,171,2,2,10,5,-5.21,0.05,1,0,345
4207,63,0,0,25,9,-3.78,0.05,1,0,345
4208,103,1,1,34,13,0.12,0.05,0,0,345
4209,44,0,0,15,6,-3.49,0.05,1,0,345
4210,84,2,2,29,10,5.16,0.05,1,0,345
4211,118,0,0,34,12,-1.18,0.05,1,0,345
4212,21,0,0,9,3,-4.26,0.05,1,0,345
4213,36,1,1,16,5,-2.16,0.05,1,0,345
4214,58,0,0,23,8,-1.68,0.05,1,0,345
4215,337,1,1,38,38,-13.72,0.05,1,0,345
4216,75,1,1,29,10,1.1,0.05,1,0,345
4217,49,0,0,21,7,-3.44,0.05,1,0,345
4218,42,0,0,17,6,-3.72,0.05,1,0,345
4219,151,2,2,46,17,1.44,0.05,1,0,345
4220,27,1,1,11,4,-4.52,0.05,1,0,345
4221,400,2,2,38,17,-13.75,0.05,0,1,345
4222,78,3,3,28,10,3.42,0.05,1,0,345
4223,118,1,1,41,13,-0.58,0.05,1,0,345
4224,75,0,0,24,7,-3.8,0.05,1,0,345
4225,229,3,3,52,22,-0.34,0.05,1,0,345
4226,29,0,0,14,4,-3.14,0.05,1,0,345
4227,60,1,1,25,8,-1.4,0.05,1,0,345
4228,348,0,0,27,22,-10.23,0.05,1,0,345
4229,78,3,3,26,10,2.57,0.05,1,0,345
4230,22,2,2,10,3,-1.77,0.05,1,0,345
4231,245,1,1,42,24,-3.65,0.05,1,0,345
4232,50,1,1,24,7,1.6,0.05,1,0,345
4233,60,0,0,21,8,-3.9,0.05,0,0,345
4234,209,4,4,44,20,1.21,0.05,1,0,345
4235,71,0,0,26,9,-0.96,0.05,1,0,345
4236,217,6,6,54,22,5.93,0.05,1,0,345
4237,250,0,0,38,19,-7.5,0.05,1,0,345
4238,29,0,0,11,4,-3.24,0.05,1,0,345
4239,218,1,1,45,22,-1.68,0.05,0,0,345
4240,367,1,1,53,25,-9.87,0.05,1,0,345
4241,52,2,2,22,7,0.58,0.05,1,0,345
4242,171,6,6,51,19,6.34,0.05,1,0,345
4243,191,1,1,42,20,-2.11,0.05,1,0,345
4244,201,0,0,18,11,-5.26,0.05,1,0,345
4245,181,1,1,35,17,-4.46,0.05,0,0,345
4246,177,3,3,21,10,-2.82,0.05,0,0,345
4247,100,1,1,24,8,-1.5,0.05,1,0,345
4248,114,0,0,23,8,-4.44,0.05,0,0,345
4249,69,1,1,31,9,2.36,0.05,1,0,345
4250,93,2,2,32,12,1.47,0.05,1,0,345
4251,306,4,4,40,28,-4.96,0.05,1,0,345
4252,115,1,1,23,7,-2.05,0.05,1,0,345
4253,100,0,0,27,11,-3.35,0.05,1,0,345
4254,400,1,1,32,17,-8.3,0.05,0,1,345
4255,20,0,0,9,3,-4.1,0.05,1,0,345
4256,21,0,0,12,3,-2.31,0.05,1,0,345
4257,383,3,3,40,18,-10.73,0.05,1,0,345
4258,210,1,1,38,19,-4.95,0.05,1,0,345
4259,6,0,0,3,1,-4.66,0.05,1,0,345
4260,244,5,0,43,19,6.46,0.05,0,1,345
4261,400,2,2,48,27,-5.15,0.05,0,1,345
4262,108,2,2,34,14,0.52,0.05,0,0,345
4263,142,0,0,40,15,-0.42,0.05,1,0,345
4264,198,1,1,49,19,8.97,0.05,0,1,345
4265,104,4,4,36,12,4.36,0.05,1,0,345
4266,36,0,0,13,5,-3.71,0.05,1,0,345
4267,6,0,0,3,1,-4.21,0.05,1,0,345
4268,28,0,0,12,4,-3.53,0.05,1,0,345
4269,58,1,1,26,8,-0.98,0.05,1,0,345
4270,306,2,2,37,20,-6.26,0.05,1,0,345
4271,263,9,4,50,29,4.27,0.05,1,0,345
4272,179,3,3,42,17,4.16,0.05,0,0,345
4273,52,1,1,19,7,-1.22,0.05,1,0,345
4274,139,7,2,49,17,5.21,0.05,1,0,345
4275,400,3,3,32,22,-13.3,0.05,0,1,346
4276,23,0,0,13,3,-1.73,0.05,1,0,346
4277,64,0,0,22,8,-4.14,0.05,1,0,346
4278,103,2,2,26,13,-1.08,0.05,1,0,346
4279,36,1,1,17,5,-1.46,0.05,1,0,346
4280,61,1,1,21,8,-1.51,0.05,1,0,346
4281,92,0,0,31,11,-3.12,0.05,1,0,346
4282,65,1,1,27,9,-0.4,0.05,1,0,346
4283,46,0,0,14,6,-4.11,0.05,1,0,346
4284,237,4,4,44,20,3.23,0.05,1,0,346
4285,400,2,2,35,25,-11.65,0.05,0,1,346
4286,193,2,2,36,19,-2.63,0.05,1,0,346
4287,118,2,2,30,14,-1.28,0.05,1,0,346
4288,20,0,0,8,3,-4.85,0.05,1,0,346
4289,79,0,0,25,9,-3.19,0.05,0,0,346
4290,34,1,1,12,5,-5.39,0.05,1,0,346
4291,180,6,6,53,19,9.65,0.05,1,0,346
4292,74,2,2,20,9,-0.74,0.05,1,0,346
4293,138,7,2,51,17,7.77,0.05,1,0,346
4294,34,0,0,13,5,-4.34,0.05,1,0,346
4295,311,4,4,42,25,-6.26,0.05,1,0,346
4296,159,1,1,33,14,-2.79,0.05,0,0,346
4297,56,0,0,21,8,-6.31,0.05,1,0,346
4298,29,0,0,10,4,-4.34,0.05,1,0,346
4299,124,0,0,33,14,-2.54,0.05,0,0,346
4300,67,0,0,26,9,-1.27,0.05,1,0,346
4301,43,0,0,19,6,-3.18,0.05,1,0,346
4302,115,3,3,33,12,-0.7,0.05,1,0,346
4303,71,1,1,18,8,-3.56,0.05,1,0,346
4304,102,1,1,31,12,-0.97,0.05,0,0,346
4305,89,8,3,38,11,8.81,0.05,1,0,346
4306,225,8,3,46,20,6.2,0.05,1,0,346
4307,81,3,3,28,11,1.29,0.05,1,0,346
4308,64,1,1,24,9,-1.94,0.05,1,0,346
4309,51,3,3,17,7,-0.01,0.05,1,0,346
4310,212,1,1,45,24,-5.87,0.05,1,0,346
4311,161,2,2,39,15,1.09,0.05,0,0,346
4312,146,2,2,44,16,-0.76,0.05,1,0,346
4313,20,1,1,8,3,-3.3,0.05,1,0,346
4314,57,0,0,20,8,-4.67,0.05,1,0,346
4315,71,2,2,28,9,2.14,0.05,1,0,346
4316,266,4,4,38,28,-6.21,0.05,1,0,346
4317,329,2,2,38,31,-5.14,0.05,0,1,347
4318,77,1,1,34,10,0.48,0.05,1,0,347
4319,42,0,0,19,6,-4.02,0.05,1,0,347
4320,400,5,5,37,21,-7.35,0.05,0,1,347
4321,42,0,0,15,6,-3.87,0.05,1,0,347
4322,21,0,0,6,3,-5.16,0.05,1,0,347
4323,239,1,1,53,26,-5.39,0.05,1,0,347
4324,74,0,0,37,10,1.31,0.05,1,0,347
4325,75,2,2,27,9,1.95,0.05,0,0,347
4326,39,1,1,13,5,-3.69,0.05,1,0,347
4327,51,0,0,27,7,-1.51,0.05,1,0,347
4328,240,7,2,44,21,2.9,0.05,1,0,347
4329,121,2,2,38,14,-0.26,0.05,0,0,347
4330,35,0,0,18,5,-2.3,0.05,1,0,347
4331,227,2,2,30,18,-4.52,0.05,1,0,347
4332,20,0,0,9,3,-5.1,0.05,1,0,347
4333,37,0,0,14,5,-3.37,0.05,1,0,347
4334,20,0,0,9,3,-4.75,0.05,1,0,347
4335,147,3,3,36,14,2.23,0.05,1,0,347
4336,44,0,0,22,6,-1.09,0.05,1,0,347
4337,89,0,0,32,12,0.26,0.05,1,0,347
4338,114,1,1,33,14,0.81,0.05,0,0,347
4339,63,1,1,21,9,-4.18,0.05,1,0,347
4340,77,1,1,32,10,0.03,0.05,1,0,347
4341,229,1,1,39,20,-0.89,0.05,1,0,347
4342,35,0,0,14,5,-3.7,0.05,1,0,347
4343,334,0,0,32,19,-14.79,0.05,1,0,347
4344,76,1,1,29,10,-0.41,0.05,1,0,347
4345,28,1,1,14,4,-1.58,0.05,1,0,347
4346,311,8,3,47,21,-2.86,0.05,1,0,348
4347,20,0,0,5,3,-5.45,0.05,1,0,348
4348,44,0,0,20,6,-1.34,0.05,1,0,348
4349,75,0,0,24,9,-2.35,0.05,0,0,348
4350,29,0,0,11,4,-4.79,0.05,1,0,348
4351,126,0,0,32,13,0.69,0.05,1,0,348
4352,130,1,1,33,14,-1.95,0.05,1,0,348
4353,35,0,0,12,5,-4.3,0.05,1,0,348
4354,20,0,0,9,3,-4.1,0.05,1,0,348
4355,146,7,2,40,13,6.99,0.05,0,0,348
4356,76,1,1,29,10,1.09,0.05,0,0,348
4357,164,0,0,45,18,-0.34,0.05,0,0,348
4358,33,0,0,10,5,-5.18,0.05,0,0,348
4359,44,0,0,18,6,-2.34,0.05,1,0,348
4360,36,0,0,10,5,-5.16,0.05,1,0,348
4361,375,4,4,48,25,-8.2,0.05,1,0,348
4362,60,2,2,25,8,6.1,0.05,1,0,348
4363,92,1,1,36,12,0.93,0.05,1,0,348
4364,310,3,3,44,31,-8.8,0.05,1,0,348
4365,41,0,0,21,5,-1.11,0.05,1,0,348
4366,170,2,2,47,15,2.5,0.05,1,0,348
4367,251,2,2,32,21,-14.26,0.05,1,0,348
4368,177,2,2,48,18,4.68,0.05,1,0,348
4369,382,3,3,33,21,-13.37,0.05,1,0,348
4370,188,5,5,43,17,3.62,0.05,0,0,348
4371,175,3,3,44,20,-6.25,0.05,1,0,349
4372,92,3,3,27,10,2.78,0.05,0,0,349
4373,108,10,5,41,13,10.52,0.05,1,0,349
4374,43,1,1,18,6,-2.03,0.05,1,0,349
4375,69,0,0,25,9,-2.59,0.05,1,0,349
4376,259,1,1,41,25,-6.59,0.05,0,0,349
4377,336,3,3,44,23,-9.21,0.05,1,0,349
4378,178,2,2,46,17,4.87,0.05,1,0,349
4379,58,1,1,20,7,-0.83,0.05,1,0,349
4380,102,1,1,31,12,0.13,0.05,1,0,349
4381,132,1,1,35,16,-4.02,0.05,0,0,349
4382,143,5,5,40,17,2.87,0.05,1,0,349
4383,400,4,4,36,27,-5.8,0.05,0,1,349
4384,42,1,1,18,6,-1.02,0.05,1,0,349
4385,110,1,1,46,15,-0.75,0.05,1,0,349
4386,89,1,1,31,10,-0.79,0.05,0,0,349
4387,21,0,0,9,3,-3.76,0.05,1,0,349
4388,110,1,1,37,14,-0.95,0.05,1,0,349
4389,146,1,1,30,14,-2.41,0.05,0,0,349
4390,20,0,0,10,3,-4.8,0.05,1,0,349
4391,35,1,1,15,5,-3.1,0.05,1,0,349
4392,243,2,2,41,22,-2.98,0.05,1,0,350
4393,85,1,1,38,12,-1.35,0.05,1,0,350
4394,140,0,0,38,16,-2.8,0.05,1,0,350
4395,7,0,0,3,1,-4.27,0.05,1,0,350
4396,201,7,7,42,18,4.79,0.05,1,0,350
4397,258,3,3,48,25,-0.13,0.05,1,0,350
4398,31,1,1,12,4,-2.46,0.05,1,0,350
4399,14,0,0,5,2,-5.09,0.05,1,0,350
4400,150,2,2,47,16,3.7,0.05,0,0,350
4401,28,1,1,10,4,-4.28,0.05,1,0,350
4402,215,6,1,31,24,-1.95,0.05,1,0,350
4403,78,0,0,27,10,-0.93,0.05,1,0,350
4404,260,2,2,43,23,-4.55,0.05,1,0,350
4405,52,0,0,26,7,-0.62,0.05,1,0,350
4406,52,1,1,22,7,-0.77,0.05,1,0,350
4407,5,0,0,1,1,-5.75,0.05,1,0,350
4408,5,0,0,2,1,-5.0,0.05,1,0,350
4409,22,0,0,13,3,-2.82,0.05,1,0,350
4410,72,0,0,30,9,-0.97,0.05,0,0,350
4411,68,1,1,22,9,-1.53,0.05,1,0,350
4412,29,1,1,13,4,-2.09,0.05,1,0,350
4413,161,2,2,49,18,3.24,0.05,1,0,350
4414,21,0,0,9,3,-5.51,0.05,1,0,350
4415,226,2,2,35,22,0.24,0.05,0,1,350
4416,182,1,1,41,16,1.58,0.05,1,0,350
4417,15,0,0,11,2,-2.35,0.05,1,0,350
4418,91,1,1,37,11,-0.46,0.05,1,0,350
4419,305,7,2,40,22,-6.35,0.05,1,0,350
4420,113,2,2,33,13,0.62,0.05,1,0,350
4421,83,0,0,39,11,2.47,0.05,1,0,350
4422,221,2,2,32,15,-7.26,0.05,1,0,350
4423,98,2,2,32,12,-1.23,0.05,1,0,350
4424,27,1,1,13,4,-3.52,0.05,1,0,350
4425,400,3,3,42,23,-8.55,0.05,0,1,350
4426,400,3,3,40,25,-12.1,0.05,0,1,350
4427,56,0,0,27,7,0.74,0.05,1,0,350
4428,51,0,0,28,7,0.34,0.05,1,0,350
4429,117,2,2,41,15,2.33,0.05,1,0,350
4430,86,0,0,27,10,-3.21,0.05,0,0,350
4431,70,0,0,32,10,-4.7,0.05,1,0,350
4432,182,1,1,42,19,-0.97,0.05,1,0,350
4433,35,0,0,19,5,-1.1,0.05,1,0,350
4434,68,2,2,20,8,-1.88,0.05,1,0,350
4435,81,0,0,34,10,0.04,0.05,1,0,350
4436,42,2,2,21,6,0.73,0.05,1,0,350
4437,119,4,4,31,14,0.61,0.05,0,0,350
4438,56,1,1,18,7,-1.86,0.05,0,0,350
4439,368,3,3,35,20,-12.03,0.05,1,0,350
4440,111,2,2,32,14,0.24,0.05,1,0,350
4441,185,2,2,34,19,-2.15,0.05,1,0,350
4442,241,3,3,50,19,1.84,0.05,1,0,350
4443,247,8,3,44,23,0.63,0.05,1,0,350
4444,318,3,3,32,22,-10.23,0.05,1,0,350
4445,400,2,2,43,25,-8.15,0.05,0,1,350
4446,44,0,0,23,6,-1.79,0.05,1,0,350
4447,345,3,3,45,27,-7.95,0.05,1,0,350
4448,21,0,0,11,3,-3.11,0.05,1,0,350
4449,98,3,3,27,12,1.62,0.05,0,0,350
4450,169,3,3,39,14,-0.74,0.05,1,0,350
4451,77,6,1,34,9,5.48,0.05,0,0,350
4452,45,0,0,15,7,-5.95,0.05,0,0,350
4453,34,0,0,12,5,-4.54,0.05,1,0,350
4454,123,1,1,37,13,2.47,0.05,1,0,350
4455,57,0,0,20,8,-6.72,0.05,1,0,350
4456,88,2,2,33,10,1.82,0.05,1,0,350
4457,30,0,0,17,4,-3.3,0.05,1,0,350
4458,284,2,2,28,28,-11.09,0.05,1,0,350
4459,74,1,1,22,9,-1.94,0.05,1,0,350
4460,43,1,1,20,6,0.42,0.05,1,0,350
4461,202,4,4,44,21,-2.92,0.05,1,0,350
4462,45,0,0,15,6,-2.8,0.05,0,0,351
4463,114,5,5,39,13,4.51,0.05,1,0,351
4464,198,2,2,46,22,-1.33,0.05,1,0,351
4465,90,1,1,29,11,-0.35,0.05,1,0,351
4466,136,0,0,45,16,0.89,0.05,1,0,351
4467,78,1,1,29,9,-1.98,0.05,1,0,351
4468,89,2,2,26,10,-0.44,0.05,1,0,351
4469,36,0,0,20,5,-1.81,0.05,1,0,351
4470,355,2,2,41,29,-13.1,0.05,1,0,351
4471,366,3,3,40,21,-13.01,0.05,1,0,351
4472,54,0,0,25,7,0.16,0.05,0,0,351
4473,193,4,4,48,19,5.77,0.05,0,0,351
4474,339,2,2,36,23,-16.44,0.05,1,0,351
4475,36,0,0,10,5,-6.11,0.05,1,0,351
4476,188,3,3,44,19,-1.63,0.05,1,0,351
4477,154,3,3,34,17,0.96,0.05,1,0,351
4478,204,2,2,52,21,3.56,0.05,0,0,351
4479,13,0,0,5,2,-4.78,0.05,1,0,351
4480,279,3,3,42,19,-4.74,0.05,1,0,351
4481,14,0,0,6,2,-4.54,0.05,1,0,351
4482,60,2,2,23,8,0.55,0.05,1,0,351
4483,13,0,0,7,2,-4.23,0.05,1,0,351
4484,79,2,2,29,10,2.61,0.05,1,0,351
4485,105,2,2,38,14,3.7,0.05,0,0,351
4486,35,1,1,15,5,-3.4,0.05,1,0,351
4487,138,2,2,33,14,-3.13,0.05,1,0,351
4488,106,1,1,31,12,-0.51,0.05,1,0,351
4489,59,1,1,19,8,-2.34,0.05,0,0,351
4490,36,0,0,12,5,-5.56,0.05,1,0,351
4491,126,2,2,37,14,2.84,0.05,0,0,351
4492,20,0,0,7,3,-5.85,0.05,1,0,351
4493,93,2,2,44,12,3.72,0.05,1,0,351
4494,71,4,4,36,9,3.39,0.05,0,0,351
4495,299,2,2,43,31,0.46,0.05,0,1,351
4496,79,2,2,27,10,-0.54,0.05,1,0,351
4497,70,2,2,26,9,-0.35,0.05,1,0,351
4498,20,2,2,8,3,-2.3,0.05,1,0,351
4499,69,1,1,21,9,-5.39,0.05,0,0,351
4500,42,0,0,17,6,-2.67,0.05,1,0,351
4501,400,8,3,50,40,-0.75,0.05,0,1,351
4502,102,1,1,32,12,-1.72,0.05,0,0,351
4503,82,3,3,27,10,0.48,0.05,1,0,351
4504,221,4,4,41,20,0.69,0.05,1,0,351
4505,400,3,3,40,20,-5.3,0.05,0,1,351
4506,83,1,1,23,11,-4.98,0.05,1,0,351
4507,254,2,2,40,25,1.41,0.05,0,1,351
4508,140,2,2,33,15,0.7,0.05,1,0,351
4509,115,0,0,26,13,-2.9,0.05,0,0,351
4510,99,0,0,34,13,-2.54,0.05,1,0,351
4511,20,0,0,7,3,-5.35,0.05,1,0,351
4512,6,0,0,3,1,-4.11,0.05,1,0,351
4513,100,2,2,38,12,1.5,0.05,0,0,351
4514,58,0,0,23,8,-1.23,0.05,1,0,351
4515,103,1,1,41,13,3.67,0.05,1,0,351
4516,73,1,1,25,10,-0.68,0.05,0,0,351
4517,118,7,2,32,14,4.92,0.05,1,0,351
4518,162,0,0,52,19,1.18,0.05,1,0,351
4519,32,0,0,15,4,-1.97,0.05,1,0,351
4520,6,0,0,3,1,-4.21,0.05,1,0,351
4521,51,1,1,24,7,-1.01,0.05,1,0,351
4522,226,6,1,32,21,-3.96,0.05,0,0,351
4523,144,2,2,40,15,-0.44,0.05,1,0,351
4524,62,0,0,22,8,-0.67,0.05,1,0,351
4525,124,0,0,29,13,-4.44,0.05,0,0,351
4526,252,2,2,44,24,-0.32,0.05,1,0,351
4527,90,1,1,33,11,-0.5,0.05,1,0,351
4528,95,1,1,29,12,-0.9,0.05,0,0,351
4529,5,0,0,3,1,-4.2,0.05,1,0,351
4530,356,3,3,44,28,-5.26,0.05,1,0,351
4531,269,6,1,43,23,-0.54,0.05,0,0,351
4532,48,1,1,16,6,-3.43,0.05,1,0,351
4533,138,3,3,50,15,5.57,0.05,1,0,351
4534,109,3,3,35,13,3.11,0.05,1,0,351
4535,36,0,0,15,5,-3.16,0.05,1,0,351
4536,55,0,0,23,7,-1.05,0.05,0,0,351
4537,53,1,1,20,7,-3.73,0.05,1,0,351
4538,112,3,3,39,15,3.43,0.05,1,0,351
4539,89,0,0,29,11,-1.64,0.05,1,0,351
4540,121,1,1,29,14,-1.81,0.05,0,0,351
4541,27,1,1,13,4,-2.42,0.05,1,0,351
4542,96,2,2,31,13,1.34,0.05,1,0,351
4543,36,0,0,18,5,-2.76,0.05,1,0,351
4544,400,2,2,36,17,-10.7,0.05,0,1,351
4545,349,2,2,38,33,-4.39,0.05,0,1,351
4546,115,3,3,38,14,4.6,0.05,1,0,351
4547,400,3,3,45,22,-8.65,0.05,0,1,351
4548,41,0,0,16,6,-4.01,0.05,1,0,351
4549,20,1,1,8,3,-3.15,0.05,1,0,351
4550,77,1,1,27,10,-1.67,0.05,1,0,351
4551,29,0,0,11,4,-2.74,0.05,1,0,351
4552,400,3,3,38,25,-9.5,0.05,0,1,351
4553,233,3,3,38,25,-4.03,0.05,1,0,351
4554,172,3,3,48,18,2.93,0.05,0,0,351
4555,45,0,0,19,6,-2.55,0.05,1,0,351
4556,190,3,3,49,22,2.5,0.05,1,0,351
4557,178,0,0,37,18,-2.68,0.05,1,0,351
4558,368,3,3,51,25,-10.68,0.05,1,0,351
4559,83,0,0,30,11,-0.43,0.05,0,0,351
4560,166,3,3,39,18,2.39,0.05,1,0,351
4561,118,2,2,35,13,0.37,0.05,1,0,351
4562,179,2,2,53,20,6.61,0.05,1,0,351
4563,138,7,2,37,15,7.42,0.05,1,0,351
4564,7,0,0,5,1,-4.17,0.05,1,0,351
4565,400,4,4,30,18,-11.65,0.05,0,1,351
4566,182,5,5,45,21,8.78,0.05,0,1,351
4567,20,1,1,9,3,-3.65,0.05,1,0,351
4568,105,3,3,29,11,-1.25,0.05,1,0,351
4569,61,1,1,16,6,-2.11,0.05,0,0,351
4570,111,1,1,40,13,1.49,0.05,0,0,351
4571,129,3,3,36,16,-0.09,0.05,1,0,351
4572,80,1,1,25,11,-1.2,0.05,0,0,351
4573,400,2,2,33,19,-11.5,0.05,0,1,351
4574,66,2,2,28,8,0.79,0.05,1,0,351
4575,87,1,1,29,12,-0.77,0.05,1,0,351
4576,22,0,0,12,3,-3.72,0.05,1,0,351
4577,306,4,4,57,32,-0.56,0.05,1,0,351
4578,105,1,1,28,12,-2.75,0.05,1,0,351
4579,14,0,0,5,2,-5.19,0.05,1,0,351
4580,174,2,2,54,19,5.81,0.05,1,0,351
4581,44,0,0,16,6,-4.34,0.05,1,0,351
4582,31,0,0,11,4,-4.56,0.05,1,0,351
4583,108,3,3,32,12,-0.23,0.05,1,0,351
4584,28,0,0,10,4,-4.03,0.05,1,0,351
4585,76,0,0,36,10,1.54,0.05,1,0,351
4586,22,0,0,9,3,-4.67,0.05,1,0,351
4587,65,0,0,28,8,-2.15,0.05,1,0,351
4588,94,2,2,27,10,-3.14,0.05,1,0,351
4589,181,3,3,34,18,5.69,0.05,0,1,351
4590,42,0,0,15,6,-3.77,0.05,1,0,351
4591,41,0,0,19,6,-4.26,0.05,1,0,351
4592,78,2,2,29,10,1.17,0.05,0,0,352
4593,86,0,0,40,11,2.39,0.05,1,0,352
4594,248,2,2,45,24,-3.43,0.05,1,0,352
4595,84,1,1,31,11,1.06,0.05,1,0,352
4596,51,2,2,22,7,0.54,0.05,1,0,352
4597,313,7,2,38,31,-1.28,0.05,1,0,352
4598,135,1,1,41,14,1.75,0.05,1,0,352
4599,102,0,0,33,11,-3.77,0.05,1,0,352
4600,334,1,1,38,24,-13.74,0.05,1,0,352
4601,50,1,1,24,7,-1.6,0.05,1,0,352
4602,55,0,0,23,7,-1.15,0.05,1,0,352
4603,400,2,2,35,19,-10.6,0.05,0,1,352
4604,117,1,1,39,13,1.98,0.05,0,0,352
4605,81,2,2,34,10,1.59,0.05,1,0,352
4606,252,3,3,44,19,-0.97,0.05,1,0,352
4607,57,1,1,24,7,-3.82,0.05,1,0,352
4608,205,3,3,34,20,3.3,0.05,0,1,352
4609,21,1,1,13,3,-0.91,0.05,1,0,352
4610,123,1,1,25,9,-2.33,0.05,0,0,352
4611,112,1,1,30,10,-1.77,0.05,0,0,352
4612,173,2,2,37,18,-2.13,0.05,0,0,352
4613,59,2,2,27,8,2.81,0.05,1,0,352
4614,221,7,2,49,25,5.14,0.05,1,0,352
4615,353,3,3,49,31,-9.58,0.05,1,0,352
4616,164,1,1,28,16,-3.64,0.05,1,0,352
4617,44,1,1,18,6,-2.69,0.05,1,0,352
4618,305,2,2,50,23,-7.3,0.05,1,0,352
4619,106,3,3,34,13,1.79,0.05,1,0,352
4620,110,2,2,27,12,0.05,0.05,1,0,352
4621,151,4,4,38,16,2.24,0.05,1,0,352
4622,181,2,2,47,18,3.24,0.05,1,0,352
4623,67,0,0,29,9,0.08,0.05,1,0,352
4624,7,0,0,1,1,-5.32,0.05,1,0,352
4625,35,0,0,12,5,-4.6,0.05,1,0,352
4626,323,8,3,48,35,0.67,0.05,1,0,352
4627,400,2,2,37,20,-9.8,0.05,0,1,352
4628,188,1,1,41,18,-0.23,0.05,0,0,352
4629,34,0,0,19,5,-2.79,0.05,1,0,352
4630,35,0,0,11,5,-5.35,0.05,1,0,352
4631,62,1,1,26,8,-0.57,0.05,0,0,352
4632,78,0,0,26,11,-2.63,0.05,0,0,352
4633,44,0,0,19,6,-2.69,0.05,1,0,352
4634,60,0,0,26,8,-0.85,0.05,1,0,352
4635,5,0,0,2,1,-4.45,0.05,1,0,352
4636,58,0,0,23,8,-3.78,0.05,0,0,352
4637,60,2,2,30,8,1.75,0.05,1,0,352
4638,126,3,3,38,13,2.59,0.05,1,0,352
4639,317,1,1,40,26,-11.12,0.05,1,0,352
4640,142,1,1,42,13,2.23,0.05,0,0,352
4641,53,3,3,22,7,0.07,0.05,1,0,352
4642,35,0,0,15,5,-3.75,0.05,1,0,352
4643,28,0,0,14,4,-2.53,0.05,1,0,352
4644,240,3,3,37,25,-11.1,0.05,1,0,352
4645,36,0,0,12,5,-4.61,0.05,1,0,352
4646,118,8,3,39,14,7.47,0.05,1,0,352
4647,400,13,3,34,38,1.65,0.05,0,1,352
4648,207,4,4,52,20,11.43,0.05,0,1,352
4649,112,3,3,35,11,1.98,0.05,0,0,352
4650,22,0,0,8,3,-4.67,0.05,1,0,352
4651,28,0,0,11,4,-6.13,0.05,1,0,352
4652,143,2,2,45,16,2.32,0.05,1,0,352
4653,400,3,3,48,25,-3.65,0.05,0,1,352
4654,49,0,0,21,7,-4.64,0.05,1,0,352
4655,59,1,1,26,8,-1.19,0.05,1,0,352
4656,51,0,0,29,7,-1.66,0.05,1,0,352
4657,319,4,4,39,26,-9.79,0.05,1,0,352
4658,55,1,1,21,7,-3.45,0.05,1,0,352
4659,20,0,0,8,3,-4.5,0.05,1,0,352
4660,185,3,3,35,19,0.9,0.05,0,0,352
4661,400,2,2,50,42,-5.8,0.05,0,1,352
4662,76,2,2,30,10,0.24,0.05,1,0,352
4663,400,3,3,43,26,-8.35,0.05,0,1,352
4664,201,5,5,59,23,8.44,0.05,0,0,352
4665,97,1,1,33,12,-3.67,0.05,1,0,352
4666,104,5,5,34,12,5.46,0.05,1,0,352
4667,46,0,0,19,6,-1.51,0.05,1,0,352
4668,105,2,2,39,13,0.9,0.05,1,0,352
4669,85,2,2,32,11,1.35,0.05,0,0,352
4670,194,10,5,57,22,14.21,0.05,1,0,352
4671,272,3,3,29,16,-5.62,0.05,1,0,352
4672,42,0,0,16,6,-4.17,0.05,1,0,352
4673,334,3,3,50,32,-6.94,0.05,1,0,353
4674,235,6,1,59,25,3.7,0.05,1,0,353
4675,117,1,1,42,15,1.43,0.05,1,0,353
4676,124,3,3,30,14,1.21,0.05,1,0,353
4677,194,1,1,36,18,-4.54,0.05,1,0,353
4678,37,0,0,14,5,-3.57,0.05,1,0,353
4679,265,5,0,46,29,-0.8,0.05,1,0,353
4680,148,2,2,40,16,-0.63,0.05,1,0,354
4681,276,0,0,56,27,-3.01,0.05,1,0,354
4682,278,2,2,36,19,-6.73,0.05,1,0,354
4683,234,8,3,52,25,7.91,0.05,0,0,354
4684,6,0,0,2,1,-4.51,0.05,1,0,354
4685,146,2,2,34,17,1.84,0.05,1,0,354
4686,121,1,1,43,15,1.99,0.05,1,0,354
4687,8,0,0,6,1,-3.68,0.05,1,0,354
4688,43,1,1,19,6,-1.33,0.05,1,0,354
4689,13,0,0,7,2,-3.78,0.05,1,0,354
4690,168,3,3,30,15,-2.58,0.05,1,0,354
4691,89,0,0,36,11,1.56,0.05,0,0,354
4692,81,2,2,33,11,2.44,0.05,1,0,354
4693,81,1,1,28,10,-0.31,0.05,1,0,354
4694,56,0,0,21,8,-3.71,0.05,1,0,354
4695,51,0,0,20,7,-3.51,0.05,1,0,354
4696,58,0,0,27,8,-0.78,0.05,0,0,354
4697,192,3,3,39,20,1.08,0.05,1,0,354
4698,109,2,2,42,14,1.86,0.05,1,0,354
4699,68,1,1,24,8,0.67,0.05,1,0,354
4700,14,0,0,8,2,-3.39,0.05,1,0,354
4701,35,1,1,17,5,-0.9,0.05,1,0,354
4702,36,0,0,14,5,-3.86,0.05,1,0,354
4703,34,0,0,13,5,-4.14,0.05,1,0,354
4704,90,2,2,31,10,-1.1,0.05,1,0,354
4705,29,0,0,12,4,-3.89,0.05,1,0,354
4706,180,3,3,42,18,2.1,0.05,1,0,354
4707,153,2,2,37,15,1.22,0.05,0,0,354
4708,74,2,2,26,9,0.71,0.05,1,0,354
4709,143,4,4,35,15,3.12,0.05,1,0,354
4710,118,3,3,38,14,0.82,0.05,1,0,354
4711,20,0,0,9,3,-4.55,0.05,1,0,354
4712,363,2,2,42,20,-8.68,0.05,1,0,354
4713,192,3,3,48,20,4.23,0.05,1,0,354
4714,171,1,1,51,19,4.84,0.05,1,0,354
4715,211,2,2,40,19,0.59,0.05,1,0,354
4716,72,2,2,24,9,-0.42,0.05,0,0,354
4717,73,1,1,26,9,0.57,0.05,1,0,354
4718,148,5,5,37,15,3.82,0.05,0,0,354
4719,27,0,0,13,4,-4.07,0.05,1,0,354
4720,69,1,1,24,8,-0.19,0.05,1,0,354
4721,99,0,0,22,12,-3.69,0.05,1,0,354
4722,22,1,1,11,3,-1.52,0.05,1,0,354
4723,95,0,0,27,12,-2.4,0.05,1,0,354
4724,84,1,1,31,11,0.11,0.05,1,0,354
4725,13,0,0,7,2,-4.58,0.05,1,0,354
4726,77,1,1,28,10,-1.52,0.05,1,0,354
4727,67,0,0,22,8,-1.62,0.05,1,0,354
4728,44,1,1,22,6,0.41,0.05,1,0,354
4729,121,1,1,43,15,-0.31,0.05,1,0,354
4730,28,1,1,12,4,-3.43,0.05,1,0,354
4731,58,0,0,22,8,-2.93,0.05,1,0,354
4732,14,0,0,7,2,-4.69,0.05,1,0,354
4733,133,2,2,42,15,4.67,0.05,0,0,354
4734,253,7,2,46,26,8.52,0.05,0,1,354
4735,20,0,0,11,3,-3.6,0.05,1,0,354
4736,77,0,0,29,9,-1.62,0.05,0,0,354
4737,20,0,0,8,3,-5.05,0.05,1,0,354
4738,66,2,2,34,9,2.39,0.05,1,0,354
4739,29,0,0,12,4,-2.94,0.05,1,0,354
4740,154,2,2,48,17,4.11,0.05,1,0,354
4741,13,0,0,5,2,-5.13,0.05,1,0,354
4742,107,2,2,35,13,3.68,0.05,0,0,355
4743,44,0,0,19,6,-2.14,0.05,1,0,355
4744,88,2,2,39,11,2.37,0.05,1,0,355
4745,296,2,2,42,24,-3.76,0.05,1,0,355
4746,400,4,4,40,17,1.65,0.05,0,1,355
4747,27,0,0,13,4,-4.07,0.05,1,0,355
4748,72,0,0,19,6,-4.77,0.05,1,0,355
4749,64,3,3,19,8,0.01,0.05,1,0,355
4750,15,0,0,9,2,-3.05,0.05,1,0,355
4751,400,2,2,38,18,-3.45,0.05,0,1,355
4752,400,2,2,30,17,-7.1,0.05,0,1,355
4753,137,1,1,31,12,-3.17,0.05,1,0,355
4754,233,6,1,38,20,1.87,0.05,1,0,355
4755,98,9,4,35,12,10.42,0.05,1,0,355
4756,86,1,1,31,9,1.99,0.05,1,0,355
4757,64,1,1,19,8,-4.89,0.05,1,0,355
4758,115,3,3,37,13,5.4,0.05,1,0,355
4759,36,0,0,15,5,-3.56,0.05,1,0,355
4760,30,0,0,12,4,-4.5,0.05,1,0,355
4761,72,0,0,24,9,-3.32,0.05,1,0,355
4762,65,1,1,25,9,-3.1,0.05,1,0,355
4763,90,0,0,32,11,-1.5,0.05,1,0,355
4764,134,1,1,42,16,1.01,0.05,1,0,355
4765,34,0,0,15,5,-3.09,0.05,1,0,355
4766,123,5,5,42,14,8.42,0.05,1,0,355
4767,326,1,1,48,33,-6.56,0.05,0,0,355
4768,38,0,0,12,5,-3.68,0.05,1,0,355
4769,198,3,3,38,18,0.82,0.05,1,0,355
4770,63,0,0,24,8,-2.98,0.05,1,0,355
4771,56,1,1,17,8,-3.31,0.05,0,0,355
4772,20,0,0,7,3,-4.75,0.05,1,0,355
4773,107,0,0,36,11,1.48,0.05,0,0,355
4774,102,0,0,36,12,-1.02,0.05,1,0,355
4775,78,1,1,29,10,0.42,0.05,1,0,355
4776,43,0,0,18,6,-2.08,0.05,1,0,355
4777,117,4,4,45,15,5.93,0.05,0,0,355
4778,52,1,1,18,7,-2.07,0.05,1,0,355
4779,214,1,1,41,18,-2.99,0.05,1,0,355
4780,167,0,0,44,17,0.73,0.05,1,0,355
4781,76,0,0,26,10,-0.11,0.05,1,0,355
4782,400,1,1,46,22,-9.1,0.05,0,1,355
4783,153,1,1,44,16,2.82,0.05,1,0,355
4784,20,0,0,9,3,-4.65,0.05,1,0,355
4785,125,1,1,32,11,-1.6,0.05,1,0,355
4786,96,2,2,30,12,-0.26,0.05,1,0,355
4787,194,5,0,37,19,2.96,0.05,1,0,355
4788,63,0,0,25,8,-2.18,0.05,1,0,355
4789,140,0,0,44,17,-0.6,0.05,1,0,355
4790,160,1,1,42,17,-1.75,0.05,1,0,355
4791,67,6,1,29,9,3.68,0.05,1,0,355
4792,286,2,2,44,27,-5.16,0.05,0,0,355
4793,50,0,0,24,7,-1.65,0.05,1,0,355
4794,400,1,1,48,22,-7.15,0.05,0,1,355
4795,176,1,1,49,17,2.24,0.05,1,0,355
4796,296,2,2,37,21,-8.71,0.05,1,0,355
4797,147,3,3,47,17,7.18,0.05,0,0,355
4798,96,3,3,34,11,2.34,0.05,1,0,355
4799,157,7,2,41,15,8.58,0.05,0,0,355
4800,244,2,2,44,26,-3.39,0.05,1,0,355
4801,163,4,4,34,15,1.97,0.05,1,0,355
4802,13,0,0,7,2,-3.73,0.05,1,0,355
4803,68,1,1,27,8,1.47,0.05,0,0,356
4804,43,0,0,13,6,-4.63,0.05,1,0,356
4805,30,0,0,17,4,-2.3,0.05,1,0,356
4806,14,0,0,4,2,-5.14,0.05,1,0,356
4807,175,1,1,48,19,4.3,0.05,1,0,356
4808,66,1,1,22,8,-2.46,0.05,1,0,356
4809,108,1,1,35,13,0.87,0.05,1,0,356
4810,132,2,2,36,14,-2.12,0.05,0,0,356
4811,203,2,2,48,21,1.67,0.05,1,0,356
4812,62,0,0,22,9,-6.42,0.05,0,0,356
4813,13,0,0,7,2,-4.18,0.05,1,0,356
4814,20,0,0,9,3,-4.25,0.05,1,0,356
4815,239,0,0,51,21,-1.49,0.05,1,0,356
4816,61,3,3,27,8,3.54,0.05,1,0,356
4817,138,1,1,32,15,-1.58,0.05,0,0,356
4818,175,4,4,39,19,3.8,0.05,1,0,356
4819,181,11,6,40,20,8.89,0.05,1,0,356
4820,43,1,1,19,6,-0.98,0.05,1,0,356
4821,125,1,1,36,15,-0.2,0.05,1,0,356
4822,142,1,1,33,15,-0.57,0.05,0,0,356
4823,98,1,1,22,10,-3.03,0.05,0,0,356
4824,13,0,0,6,2,-3.93,0.05,1,0,356
4825,13,0,0,9,2,-3.58,0.05,1,0,356
4826,231,0,0,45,22,-2.26,0.05,1,0,356
4827,13,0,0,8,2,-4.23,0.05,1,0,356
4828,400,7,2,44,24,-3.45,0.05,0,1,356
4829,37,1,1,18,5,-1.97,0.05,1,0,356
4830,186,2,2,49,18,1.09,0.05,0,0,356
4831,42,1,1,20,6,-1.22,0.05,1,0,356
4832,227,7,2,49,25,7.78,0.05,1,0,356
4833,13,0,0,8,2,-3.23,0.05,1,0,356
4834,400,1,1,50,42,-5.6,0.05,0,1,356
4835,59,0,0,28,8,0.26,0.05,1,0,356
4836,182,1,1,39,18,-1.02,0.05,1,0,356
4837,20,1,1,10,3,-2.8,0.05,1,0,356
4838,21,0,0,7,3,-5.76,0.05,1,0,356
4839,310,10,5,43,31,9.1,0.05,0,1,356
4840,20,0,0,8,3,-4.9,0.05,1,0,356
4841,52,1,1,20,7,-1.42,0.05,1,0,356
4842,185,2,2,46,21,-3.7,0.05,1,0,356
4843,49,1,1,17,7,-4.74,0.05,1,0,356
4844,64,1,1,31,9,0.91,0.05,1,0,356
4845,380,2,2,38,18,-13.55,0.05,1,0,356
4846,228,13,3,29,19,3.32,0.05,1,0,356
4847,176,4,4,37,17,2.19,0.05,1,0,356
4848,54,2,2,23,7,-0.84,0.05,1,0,356
4849,305,2,2,37,22,-8.1,0.05,1,0,356
4850,193,1,1,39,19,-4.83,0.05,1,0,356
4851,20,0,0,7,3,-4.8,0.05,1,0,356
4852,226,3,3,41,23,-3.61,0.05,1,0,356
4853,82,0,0,25,11,-6.87,0.05,1,0,356
4854,60,0,0,27,8,0.6,0.05,1,0,356
4855,133,3,3,40,15,2.32,0.05,1,0,356
4856,376,3,3,41,24,-12.86,0.05,1,0,356
4857,114,1,1,21,7,-4.74,0.05,1,0,356
4858,92,1,1,26,10,0.18,0.05,1,0,356
4859,89,2,2,22,9,-2.94,0.05,0,0,356
4860,67,2,2,17,6,0.38,0.05,1,0,356
4861,131,1,1,19,7,-4.36,0.05,1,0,356
4862,115,2,2,39,13,2.15,0.05,0,0,356
4863,400,3,3,38,23,-10.6,0.05,0,1,356
4864,195,2,2,38,20,0.25,0.05,1,0,356
4865,91,1,1,36,12,2.79,0.05,1,0,356
4866,209,3,3,57,22,4.56,0.05,1,0,356
4867,118,1,1,34,13,4.22,0.05,1,0,356
4868,30,0,0,15,4,-2.55,0.05,1,0,356
4869,350,1,1,47,32,-8.95,0.05,1,0,356
4870,115,1,1,34,15,-3.5,0.05,0,0,356
4871,119,2,2,34,12,0.76,0.05,0,0,356
4872,283,7,2,36,26,-1.83,0.05,1,0,356
4873,259,4,4,34,26,-1.59,0.05,1,0,356
4874,392,2,2,34,19,-17.92,0.05,1,0,356
4875,13,0,0,7,2,-3.63,0.05,1,0,356
4876,151,2,2,43,15,3.84,0.05,1,0,356
4877,147,4,4,37,16,2.88,0.05,1,0,356
4878,44,0,0,17,6,-2.64,0.05,1,0,356
4879,142,1,1,32,15,-2.22,0.05,1,0,357
4880,88,1,1,32,11,-0.18,0.05,0,0,357
4881,27,0,0,12,4,-3.87,0.05,1,0,357
4882,32,0,0,16,5,-3.72,0.05,0,0,357
4883,103,1,1,33,12,0.57,0.05,1,0,357
4884,104,1,1,33,12,-1.14,0.05,1,0,357
4885,127,3,3,36,16,1.88,0.05,1,0,357
4886,367,2,2,38,37,-11.92,0.05,1,0,357
4887,140,1,1,44,16,5.55,0.05,1,0,357
4888,139,4,4,38,15,2.46,0.05,1,0,357
4889,311,2,2,50,33,0.04,0.05,1,0,357
4890,236,7,2,44,25,3.29,0.05,1,0,357
4891,20,0,0,10,3,-3.25,0.05,1,0,357
4892,130,1,1,34,15,-1.4,0.05,1,0,357
4893,52,0,0,18,7,-3.37,0.05,1,0,357
4894,76,1,1,29,9,-1.51,0.05,0,0,357
4895,5,0,0,4,1,-3.9,0.05,1,0,357
4896,222,2,2,45,22,1.93,0.05,1,0,357
4897,8,0,0,2,1,-4.63,0.05,1,0,357
4898,155,1,1,42,15,2.15,0.05,1,0,357
4899,86,2,2,36,11,4.59,0.05,1,0,357
4900,169,2,2,44,19,0.51,0.05,1,0,357
4901,400,1,1,41,18,-14.9,0.05,0,1,357
4902,117,4,4,40,12,5.08,0.05,1,0,357
4903,56,3,3,22,8,-1.51,0.05,1,0,357
4904,67,0,0,24,9,-4.52,0.05,1,0,357
4905,100,2,2,32,13,1.0,0.05,1,0,357
4906,35,0,0,16,5,-2.85,0.05,1,0,357
4907,105,1,1,40,13,1.1,0.05,1,0,357
4908,45,1,1,18,6,-0.75,0.05,1,0,357
4909,213,8,3,49,24,9.27,0.05,1,0,357
4910,44,2,2,21,6,0.61,0.05,1,0,357
4911,65,1,1,27,9,-1.45,0.05,1,0,357
4912,68,1,1,29,9,0.12,0.05,1,0,357
4913,112,1,1,43,13,2.43,0.05,1,0,357
4914,128,1,1,42,15,3.52,0.05,1,0,357
4915,62,0,0,24,8,-1.47,0.05,1,0,357
4916,79,1,1,32,10,1.26,0.05,1,0,357
4917,13,0,0,7,2,-4.08,0.05,1,0,357
4918,204,1,1,27,17,-5.94,0.05,0,0,357
4919,51,0,0,24,7,-0.91,0.05,1,0,357
4920,207,2,2,40,19,-1.47,0.05,1,0,357
4921,92,4,4,33,12,4.23,0.05,0,0,357
4922,400,4,4,38,23,-4.8,0.05,0,1,357
4923,400,0,0,34,20,-11.25,0.05,0,1,357
4924,14,0,0,4,2,-5.14,0.05,1,0,357
4925,88,0,0,29,11,-3.18,0.05,1,0,357
4926,28,0,0,13,4,-2.48,0.05,1,0,357
4927,13,0,0,9,2,-3.48,0.05,1,0,357
4928,158,2,2,50,18,3.82,0.05,1,0,357
4929,84,0,0,28,11,-1.54,0.05,1,0,357
4930,184,2,2,48,17,3.36,0.05,0,0,357
4931,121,0,0,32,13,-3.56,0.05,1,0,357
4932,28,1,1,12,4,-2.78,0.05,1,0,357
4933,151,8,3,43,17,9.74,0.05,1,0,357
4934,29,1,1,13,4,-2.89,0.05,1,0,357
4935,138,8,3,37,15,8.07,0.05,0,0,357
4936,141,3,3,37,17,2.54,0.05,1,0,357
4937,111,1,1,36,11,-0.61,0.05,1,0,357
4938,400,2,2,37,23,-14.15,0.05,0,1,358
4939,60,1,1,29,8,1.35,0.05,1,0,358
4940,145,2,2,36,16,0.6,0.05,1,0,358
4941,6,0,0,3,1,-4.01,0.05,1,0,358
4942,39,0,0,17,5,-1.64,0.05,1,0,358
4943,13,0,0,7,2,-4.08,0.05,1,0,358
4944,28,0,0,14,4,-2.78,0.05,1,0,358
4945,238,3,3,47,22,1.27,0.05,0,0,358
4946,112,1,1,40,14,-2.37,0.05,1,0,358
4947,110,3,3,36,14,2.05,0.05,0,0,358
4948,84,1,1,27,10,-1.24,0.05,1,0,358
4949,20,1,1,8,3,-4.85,0.05,1,0,358
4950,283,2,2,54,24,-1.58,0.05,1,0,358
4951,76,1,1,25,10,-1.56,0.05,0,0,358
4952,219,8,4,57,24,19.51,0.05,0,1,358
4953,114,2,2,31,12,0.51,0.05,1,0,358
4954,125,0,0,37,12,-0.95,0.05,1,0,358
4955,92,3,3,36,13,-0.17,0.05,1,0,358
4956,400,9,4,46,22,1.25,0.05,0,1,358
4957,38,0,0,17,5,-2.28,0.05,1,0,358
4958,168,10,5,29,14,4.27,0.05,0,0,358
4959,185,4,4,39,18,0.6,0.05,0,0,358
4960,45,1,1,21,6,0.7,0.05,1,0,358
4961,187,2,2,49,18,0.13,0.05,1,0,358
4962,100,3,3,28,12,0.2,0.05,1,0,358
4963,205,0,0,37,19,-4.4,0.05,1,0,358
4964,20,0,0,8,3,-4.55,0.05,1,0,358
4965,163,2,2,47,17,3.47,0.05,1,0,358
4966,34,0,0,16,5,-3.84,0.05,1,0,358
4967,140,2,2,34,14,1.35,0.05,0,0,358
4968,109,3,3,34,14,1.76,0.05,1,0,358
4969,136,5,0,36,14,2.54,0.05,1,0,358
4970,96,3,3,39,12,4.39,0.05,1,0,358
4971,227,3,3,45,18,1.83,0.05,1,0,359
4972,369,1,1,33,22,-17.69,0.05,1,0,359
4973,150,6,6,47,16,8.05,0.05,1,0,359
4974,38,2,2,18,5,-0.83,0.05,1,0,359
4975,93,0,0,27,12,-2.38,0.05,0,0,359
4976,66,2,2,27,9,1.79,0.05,1,0,359
4977,158,4,4,41,14,3.27,0.05,0,0,359
4978,400,1,1,53,24,-12.75,0.05,0,1,359
4979,206,2,2,51,22,1.39,0.05,0,0,359
4980,175,4,4,40,20,9.45,0.05,0,1,359
4981,394,3,3,43,30,-14.59,0.05,1,0,359
4982,94,0,0,25,8,-4.34,0.05,0,0,359
4983,272,3,3,42,25,-4.37,0.05,1,0,359
4984,387,2,2,41,25,-14.87,0.05,1,0,359
4985,181,1,1,48,18,1.59,0.05,0,0,359
4986,121,2,2,42,14,3.39,0.05,1,0,359
4987,93,1,1,34,12,1.37,0.05,1,0,359
4988,114,2,2,39,13,4.16,0.05,1,0,359
4989,295,1,1,47,21,-3.4,0.05,1,0,359
4990,68,1,1,26,9,-0.68,0.05,1,0,359
4991,27,0,0,12,4,-3.92,0.05,1,0,359
4992,27,0,0,11,4,-4.67,0.05,1,0,359
4993,101,3,3,36,12,2.99,0.05,1,0,359
4994,6,0,0,2,1,-4.41,0.05,1,0,359
4995,28,0,0,12,4,-4.88,0.05,1,0,359
4996,65,2,2,26,9,-0.25,0.05,1,0,359
4997,63,0,0,24,8,-1.33,0.05,1,0,359
4998,107,3,3,44,13,3.63,0.05,1,0,359
4999,44,0,0,17,6,-3.14,0.05,1,0,359
5000,76,0,0,26,9,-4.26,0.05,0,0,359
5001,13,0,0,9,2,-3.13,0.05,1,0,359
5002,49,0,0,26,7,-1.59,0.05,1,0,359
5003,67,1,1,25,8,0.38,0.05,1,0,359
5004,20,0,0,8,3,-4.95,0.05,1,0,359
5005,71,1,1,22,10,-3.31,0.05,1,0,359
5006,126,6,1,43,15,5.54,0.05,1,0,359
5007,65,0,0,27,9,-1.5,0.05,1,0,359
5008,326,5,5,36,28,-5.16,0.05,1,0,359
5009,204,3,3,46,20,2.16,0.05,1,0,359
5010,298,1,1,42,23,-8.88,0.05,1,0,359
5011,127,4,4,42,14,4.63,0.05,1,0,359
5012,104,0,0,38,13,0.06,0.05,1,0,359
5013,83,1,1,26,10,-1.93,0.05,1,0,360
5014,138,5,5,33,13,3.82,0.05,1,0,360
5015,27,2,2,10,4,-3.77,0.05,1,0,360
5016,194,4,4,51,21,5.11,0.05,0,0,360
5017,27,0,0,12,4,-4.47,0.05,1,0,360
5018,155,4,4,48,19,2.25,0.05,0,0,360
5019,89,1,1,33,12,0.56,0.05,0,0,360
5020,43,0,0,18,6,-3.18,0.05,1,0,360
5021,93,3,3,35,11,2.07,0.05,1,0,360
5022,64,1,1,25,9,-2.49,0.05,1,0,360
5023,20,0,0,9,3,-5.1,0.05,1,0,360
5024,95,1,1,39,13,1.4,0.05,0,0,360
5025,400,5,5,34,23,-8.2,0.05,0,1,360
5026,105,2,2,35,13,0.95,0.05,1,0,360
5027,158,3,3,42,18,0.37,0.05,1,0,360
5028,69,0,0,23,9,-5.29,0.05,1,0,360
5029,13,0,0,7,2,-4.08,0.05,1,0,360
5030,37,0,0,22,5,-2.27,0.05,1,0,360
5031,257,1,1,42,21,-4.17,0.05,0,0,360
5032,194,2,2,41,21,1.21,0.05,1,0,360
5033,197,8,3,52,20,9.13,0.05,1,0,360
5034,20,0,0,10,3,-4.9,0.05,1,0,360
5035,400,1,1,41,24,-9.05,0.05,0,1,360
5036,8,0,0,5,1,-3.63,0.05,1,0,360
5037,319,2,2,39,32,-7.49,0.05,1,0,360
5038,275,6,1,51,29,2.95,0.05,1,0,360
5039,78,2,2,30,10,-0.23,0.05,0,0,360
5040,90,2,2,40,11,4.3,0.05,0,0,360
5041,251,3,3,38,21,-1.86,0.05,1,0,360
5042,100,1,1,28,10,-1.75,0.05,1,0,360
5043,78,0,0,28,10,-1.48,0.05,1,0,360
5044,74,1,1,26,10,-0.14,0.05,1,0,360
5045,84,2,2,27,11,-1.64,0.05,1,0,360
5046,65,0,0,30,8,-0.55,0.05,1,0,360
5047,118,3,3,38,14,5.72,0.05,1,0,360
5048,50,0,0,27,7,-1.2,0.05,1,0,360
5049,71,0,0,32,10,0.19,0.05,0,0,360
5050,56,0,0,22,7,-2.21,0.05,1,0,360
5051,91,1,1,34,12,-0.71,0.05,1,0,360
5052,324,1,1,47,25,-6.14,0.05,1,0,360
5053,62,0,0,22,9,-6.82,0.05,1,0,360
5054,116,1,1,32,11,1.54,0.05,1,0,360
5055,192,3,3,47,19,-0.62,0.05,1,0,360
5056,184,2,2,47,19,3.41,0.05,1,0,360
5057,166,1,1,35,17,-3.71,0.05,1,0,360
5058,57,0,0,20,8,-3.27,0.05,0,0,360
5059,36,0,0,13,5,-3.26,0.05,1,0,360
5060,86,2,2,36,11,3.89,0.05,1,0,360
5061,135,11,6,47,16,10.3,0.05,0,0,360
5062,27,0,0,8,4,-4.77,0.05,1,0,360
5063,122,1,1,42,14,2.83,0.05,0,0,360
5064,105,6,6,32,12,6.85,0.05,1,0,360
5065,70,0,0,24,9,-1.4,0.05,1,0,360
5066,262,4,4,39,24,-5.12,0.05,1,0,360
5067,137,0,0,38,16,1.33,0.05,0,0,360
5068,114,4,4,44,14,7.61,0.05,1,0,360
5069,70,1,1,27,9,-0.45,0.05,1,0,360
5070,70,1,1,23,9,-3.3,0.05,1,0,360
5071,149,2,2,38,16,-1.69,0.05,0,0,360
5072,89,1,1,23,11,-1.49,0.05,0,0,360
5073,215,5,5,46,20,2.8,0.05,1,0,360
5074,285,8,3,54,31,3.7,0.05,1,0,360
5075,56,1,1,25,8,-2.46,0.05,1,0,360
5076,29,0,0,15,4,-3.04,0.05,1,0,360
5077,176,1,1,40,18,1.04,0.05,1,0,360
5078,43,0,0,18,6,-3.83,0.05,1,0,360
5079,221,4,4,49,23,0.74,0.05,1,0,360
5080,119,1,1,36,15,-2.19,0.05,1,0,360
5081,250,7,7,46,24,1.3,0.05,1,0,360
5082,358,8,3,41,23,-3.58,0.05,1,0,360
5083,97,2,2,32,12,0.73,0.05,1,0,360
5084,186,1,1,42,18,-3.21,0.05,1,0,360
5085,229,4,4,35,22,1.96,0.05,1,0,360
5086,81,2,2,32,11,1.84,0.05,1,0,360
5087,20,0,0,8,3,-4.55,0.05,1,0,360
5088,141,2,2,47,16,4.29,0.05,1,0,360
5089,21,0,0,9,3,-4.16,0.05,1,0,360
5090,5,0,0,4,1,-4.45,0.05,1,0,360
5091,61,1,1,28,8,0.54,0.05,1,0,360
5092,43,2,2,21,6,-0.98,0.05,1,0,360
5093,201,1,1,34,18,-3.71,0.05,1,0,360
5094,89,2,2,30,10,3.21,0.05,0,0,360
5095,23,0,0,13,3,-2.23,0.05,1,0,360
5096,13,0,0,6,2,-4.48,0.05,1,0,360
5097,28,0,0,7,4,-6.43,0.05,1,0,360
5098,199,4,4,46,21,2.56,0.05,1,0,360
5099,37,2,2,19,5,1.43,0.05,1,0,360
5100,44,1,1,21,6,0.06,0.05,1,0,360
5101,88,2,2,30,12,0.92,0.05,0,0,360
5102,21,0,0,10,3,-3.41,0.05,1,0,360
5103,66,1,1,33,9,-0.51,0.05,1,0,360
5104,58,1,1,30,8,1.22,0.05,1,0,360
5105,108,2,2,34,13,-1.13,0.05,1,0,360
5106,327,1,1,36,31,-10.87,0.05,1,0,360
5107,36,1,1,17,5,-0.36,0.05,1,0,360
5108,39,1,1,18,5,-0.64,0.05,1,0,360
5109,117,0,0,35,13,-1.57,0.05,1,0,360
5110,29,0,0,17,4,-1.79,0.05,1,0,360
5111,287,3,3,44,23,-3.62,0.05,1,0,360
5112,400,5,5,48,23,-1.9,0.05,0,1,360
5113,400,2,2,43,18,-8.35,0.05,0,1,360
5114,280,3,3,40,26,-2.15,0.05,1,0,360
5115,70,1,1,28,8,1.3,0.05,1,0,360
5116,235,2,2,43,24,-1.45,0.05,1,0,360
5117,181,1,1,29,15,-2.66,0.05,1,0,360
5118,72,0,0,18,8,-5.42,0.05,0,0,360
5119,101,1,1,33,13,-2.56,0.05,0,0,360
5120,76,1,1,24,9,-1.41,0.05,0,0,362
5121,184,3,3,50,18,4.81,0.05,1,0,362
5122,73,1,1,36,10,0.57,0.05,1,0,362
5123,303,3,3,37,19,-9.53,0.05,1,0,362
5124,99,1,1,36,12,1.26,0.05,0,0,362
5125,90,2,2,32,10,-0.45,0.05,1,0,362
5126,61,1,1,31,8,0.99,0.05,1,0,362
5127,122,8,3,33,12,5.38,0.05,1,0,362
5128,35,0,0,15,5,-4.65,0.05,1,0,362
5129,112,1,1,44,14,4.03,0.05,1,0,362
5130,67,3,3,27,9,2.13,0.05,0,0,362
5131,136,2,2,36,16,-1.26,0.05,0,0,362
5132,66,1,1,21,8,-0.71,0.05,1,0,362
5133,20,0,0,10,3,-3.95,0.05,1,0,362
5134,73,1,1,26,10,-2.53,0.05,1,0,362
5135,80,1,1,23,8,-1.05,0.05,1,0,362
5136,107,3,3,29,12,0.28,0.05,0,0,362
5137,176,4,4,44,20,1.74,0.05,1,0,362
5138,400,2,2,43,24,-7.6,0.05,0,1,362
5139,310,2,2,41,28,-10.5,0.05,1,0,362
5140,51,0,0,18,7,-3.86,0.05,1,0,362
5141,121,1,1,42,15,0.34,0.05,1,0,362
5142,20,0,0,10,3,-3.8,0.05,1,0,362
5143,21,0,0,8,3,-4.56,0.05,1,0,362
5144,307,2,2,54,34,-3.57,0.05,1,0,362
5145,47,3,3,17,6,-0.77,0.05,1,0,362
5146,108,2,2,27,12,-2.23,0.05,1,0,362
5147,400,2,2,37,21,-9.15,0.05,0,1,362
5148,288,3,3,55,26,0.92,0.05,1,0,362
5149,27,0,0,13,4,-3.32,0.05,1,0,362
5150,400,1,1,42,27,-8.65,0.05,0,1,362
5151,400,2,2,37,21,-10.95,0.05,0,1,362
5152,202,2,2,36,19,-1.62,0.05,1,0,362
5153,176,8,3,45,20,8.59,0.05,1,0,362
5154,127,2,2,35,14,-2.67,0.05,1,0,362
5155,94,2,3,31,11,1.81,0.05,0,0,362
5156,71,0,0,30,9,-0.16,0.05,1,0,362
5157,205,3,3,37,17,-0.75,0.05,1,0,362
5158,20,0,0,9,3,-4.3,0.05,1,0,362
5159,51,0,0,18,7,-3.41,0.05,1,0,362
5160,66,1,1,19,8,-2.41,0.05,1,0,362
5161,400,2,2,36,26,-9.3,0.05,0,1,362
5162,62,10,5,22,8,8.18,0.05,1,0,363
5163,13,0,0,7,2,-3.53,0.05,1,0,363
5164,6,0,0,3,1,-4.21,0.05,1,0,363
5165,53,2,2,28,7,1.72,0.05,1,0,363
5166,192,4,4,56,22,5.13,0.05,1,0,363
5167,27,0,0,12,4,-5.37,0.05,1,0,363
5168,111,3,3,32,13,2.64,0.05,1,0,363
5169,45,0,0,17,6,-3.5,0.05,1,0,363
5170,111,2,2,39,13,2.29,0.05,1,0,363
5171,20,0,0,9,3,-3.65,0.05,1,0,363
5172,22,0,0,13,3,-3.07,0.05,1,0,363
5173,246,5,5,30,21,-6.96,0.05,1,0,363
5174,44,0,0,16,6,-4.39,0.05,1,0,363
5175,170,5,5,48,20,4.35,0.05,1,0,363
5176,271,7,2,51,27,2.94,0.05,1,0,363
5177,75,2,2,25,9,-0.65,0.05,1,0,363
5178,55,1,1,23,7,-0.5,0.05,1,0,363
5179,400,2,2,48,22,-6.7,0.05,0,1,363
5180,149,6,1,40,16,4.41,0.05,1,0,363
5181,178,3,3,42,19,-0.83,0.05,0,0,363
5182,83,2,2,31,10,2.42,0.05,1,0,363
5183,28,0,0,11,4,-3.18,0.05,1,0,363
5184,66,1,1,25,9,-5.71,0.05,1,0,363
5185,400,3,3,49,23,-2.6,0.05,0,1,363
5186,7,0,0,3,1,-4.17,0.05,1,0,363
5187,127,2,2,31,13,-2.97,0.05,1,0,363
5188,174,2,2,47,18,1.06,0.05,1,0,363
5189,308,3,3,39,24,-9.33,0.05,1,0,363
5190,13,0,0,7,2,-3.73,0.05,1,0,363
5191,208,2,2,38,22,-2.73,0.05,1,0,363
5192,13,0,0,6,2,-4.03,0.05,1,0,363
5193,27,0,0,10,4,-5.97,0.05,1,0,363
5194,109,1,1,39,14,-0.39,0.05,1,0,363
5195,125,2,2,31,15,-0.95,0.05,1,0,363
5196,237,2,2,59,25,4.28,0.05,1,0,363
5197,29,0,0,13,4,-3.09,0.05,1,0,363
5198,158,3,3,39,16,1.42,0.05,1,0,363
5199,124,2,2,37,15,0.91,0.05,1,0,363
5200,400,3,3,47,33,-2.55,0.05,0,1,363
5201,256,2,2,46,27,-0.36,0.05,1,0,363
5202,187,1,1,41,19,2.08,0.05,1,0,363
5203,52,0,0,21,7,-3.22,0.05,1,0,363
5204,128,2,2,38,14,3.07,0.05,1,0,363
5205,37,0,0,18,5,-0.82,0.05,1,0,363
5206,75,1,1,21,10,-2.8,0.05,0,0,363
5207,400,2,2,46,26,-3.25,0.05,0,1,363
5208,182,7,2,45,19,3.43,0.05,1,0,363
5209,157,2,2,58,20,5.38,0.05,1,0,363
5210,7,0,0,1,1,-4.87,0.05,1,0,363
5211,138,2,2,47,15,2.62,0.05,0,0,363
5212,37,0,0,12,5,-4.52,0.05,1,0,363
5213,7,0,0,3,1,-4.27,0.05,1,0,363
5214,56,0,0,18,8,-4.46,0.05,1,0,363
5215,243,3,3,42,21,-0.38,0.05,1,0,363
5216,67,0,0,30,9,0.58,0.05,1,0,363
5217,45,1,1,20,6,-0.15,0.05,1,0,363
5218,115,3,3,30,13,0.35,0.05,1,0,363
5219,29,0,0,12,4,-3.39,0.05,1,0,363
5220,189,2,2,51,22,1.66,0.05,1,0,363
5221,56,1,1,17,7,-4.26,0.05,1,0,363
5222,29,0,0,12,4,-2.84,0.05,1,0,363
5223,245,2,2,58,23,1.7,0.05,1,0,363
5224,400,6,6,47,25,-1.85,0.05,0,1,363
5225,133,1,1,41,14,3.12,0.05,1,0,363
5226,172,0,0,43,16,-3.02,0.05,1,0,363
5227,20,0,0,11,3,-3.5,0.05,1,0,363
5228,93,0,0,38,12,1.47,0.05,1,0,363
5229,13,0,0,7,2,-4.18,0.05,1,0,363
5230,91,2,2,40,12,4.64,0.05,1,0,363
5231,260,0,0,42,20,-9.4,0.05,1,0,363
5232,72,1,1,23,9,-4.32,0.05,1,0,363
5233,14,0,0,6,2,-3.99,0.05,1,0,363
5234,99,2,2,29,13,-2.29,0.05,1,0,363
5235,28,0,0,11,4,-4.63,0.05,1,0,363
5236,126,1,1,37,13,0.09,0.05,0,0,363
5237,86,1,1,29,11,-0.11,0.05,1,0,363
5238,116,1,1,41,14,2.74,0.05,1,0,363
5239,44,0,0,15,6,-2.89,0.05,1,0,363
5240,400,2,2,37,23,-10.2,0.05,0,1,363
5241,94,2,2,32,12,-3.49,0.05,1,0,363
5242,29,0,0,11,4,-3.24,0.05,1,0,363
5243,400,2,2,43,23,-10.3,0.05,0,1,363
5244,90,4,4,27,12,3.1,0.05,1,0,363
5245,200,3,3,43,23,-1.55,0.05,1,0,363
5246,35,1,1,13,5,-3.15,0.05,1,0,363
5247,294,3,3,45,32,-7.44,0.05,1,0,363
5248,93,2,2,27,10,-0.88,0.05,1,0,363
5249,37,2,2,14,5,-0.62,0.05,1,0,363
5250,61,1,1,21,7,-2.86,0.05,0,0,363
5251,292,4,4,54,22,-1.02,0.05,1,0,363
5252,59,2,2,22,8,0.11,0.05,1,0,363
5253,116,1,1,16,6,-3.21,0.05,1,0,363
5254,139,1,1,17,6,-2.99,0.05,0,0,363
5255,207,2,2,33,17,-5.32,0.05,1,0,363
5256,42,1,1,14,6,-2.02,0.05,0,0,363
5257,119,3,3,31,13,3.36,0.05,1,0,364
5258,199,2,2,41,18,-0.84,0.05,1,0,364
5259,34,0,0,14,5,-4.54,0.05,1,0,364
5260,76,0,0,30,10,-3.41,0.05,1,0,364
5261,65,1,1,29,9,-2.9,0.05,1,0,364
5262,215,4,4,40,22,-0.9,0.05,1,0,364
5263,52,1,1,22,7,-1.52,0.05,1,0,364
5264,66,1,1,28,9,0.24,0.05,1,0,364
5265,58,0,0,26,8,0.02,0.05,1,0,364
5266,191,1,1,30,18,-3.06,0.05,1,0,364
5267,123,1,1,34,12,-0.78,0.05,1,0,364
5268,197,1,1,35,22,-4.52,0.05,1,0,364
5269,77,2,2,22,9,-1.12,0.05,0,0,364
5270,43,0,0,18,6,-2.98,0.05,1,0,364
5271,64,3,3,30,8,4.26,0.05,1,0,364
5272,57,1,1,27,8,0.38,0.05,1,0,364
5273,143,6,6,37,16,6.67,0.05,1,0,364
5274,49,1,1,20,7,-1.39,0.05,1,0,364
5275,218,3,3,48,24,3.02,0.05,1,0,364
5276,62,3,3,32,8,1.38,0.05,1,0,364
5277,27,1,1,12,4,-3.17,0.05,1,0,364
5278,245,4,4,43,25,-2.3,0.05,1,0,364
5279,55,2,2,19,7,-0.5,0.05,1,0,364
5280,51,1,1,22,7,-4.11,0.05,1,0,364
5281,187,2,2,37,20,1.03,0.05,1,0,364
5282,14,0,0,7,2,-3.69,0.05,1,0,364
5283,196,1,1,47,21,-1.21,0.05,1,0,364
5284,400,3,3,43,26,-6.45,0.05,0,1,364
5285,28,0,0,13,4,-3.63,0.05,1,0,364
5286,89,3,3,36,10,4.81,0.05,1,0,364
5287,340,7,2,55,32,7.6,0.05,0,1,364
5288,27,0,0,12,4,-3.87,0.05,1,0,364
5289,306,1,1,41,28,-4.66,0.05,1,0,364
5290,185,8,4,38,18,13.2,0.05,0,1,364
5291,108,2,2,36,13,1.27,0.05,1,0,364
5292,51,0,0,20,7,-2.36,0.05,1,0,364
5293,35,0,0,14,5,-4.5,0.05,1,0,364
5294,239,2,2,44,20,-2.39,0.05,1,0,365
5295,156,4,4,44,16,4.24,0.05,1,0,365
5296,27,0,0,12,4,-3.47,0.05,1,0,365
5297,142,2,2,44,17,0.13,0.05,1,0,365
5298,45,1,1,20,6,-0.6,0.05,1,0,365
5299,217,3,3,49,21,1.03,0.05,1,0,365
5300,115,0,0,40,14,-1.9,0.05,1,0,365
5301,122,3,3,43,15,6.03,0.05,0,0,365
5302,89,2,2,35,11,1.01,0.05,1,0,365
5303,44,0,0,21,6,-2.14,0.05,1,0,365
5304,215,10,5,40,19,6.3,0.05,1,0,365
5305,7,0,0,5,1,-4.12,0.05,1,0,365
5306,13,0,0,7,2,-4.03,0.05,1,0,365
5307,13,0,0,4,2,-5.08,0.05,1,0,365
5308,108,1,1,29,11,-0.93,0.05,1,0,365
5309,42,0,0,17,6,-3.22,0.05,1,0,365
5310,87,2,2,30,11,-0.97,0.05,1,0,365
5311,14,0,0,6,2,-4.54,0.05,1,0,365
5312,107,2,2,27,11,-2.12,0.05,1,0,365
5313,220,2,2,39,20,-3.45,0.05,1,0,365
5314,167,4,4,49,16,5.83,0.05,1,0,365
5315,400,2,2,48,16,-9.1,0.05,0,1,365
5316,293,2,2,41,23,-6.23,0.05,1,0,365
5317,15,0,0,9,2,-2.4,0.05,1,0,365
5318,107,0,0,32,13,0.83,0.05,1,0,366
5319,97,0,0,33,11,-1.22,0.05,1,0,366
5320,13,0,0,5,2,-4.68,0.05,1,0,366
5321,220,4,4,49,20,6.15,0.05,0,0,366
5322,81,1,1,31,10,0.24,0.05,1,0,366
5323,72,2,2,30,9,3.58,0.05,1,0,366
5324,186,4,4,44,18,4.74,0.05,0,0,366
5325,132,1,1,41,14,-0.77,0.05,1,0,366
5326,46,0,0,22,6,0.29,0.05,1,0,366
5327,99,0,0,41,13,2.81,0.05,1,0,366
5328,62,2,2,23,8,-0.02,0.05,1,0,366
5329,132,1,1,36,14,0.13,0.05,0,0,366
5330,65,1,1,22,9,-1.95,0.05,1,0,366
5331,136,2,2,43,17,1.79,0.05,0,0,366
5332,56,3,3,25,8,2.84,0.05,1,0,366
5333,177,3,3,35,18,-1.12,0.05,0,0,367
5334,233,2,2,47,20,0.42,0.05,0,0,367
5335,36,1,1,15,5,-2.51,0.05,1,0,367
5336,50,1,1,20,7,-2.8,0.05,1,0,367
5337,107,6,1,27,13,1.63,0.05,1,0,367
5338,94,3,3,33,10,3.21,0.05,0,0,367
5339,41,1,1,16,5,-1.81,0.05,0,0,367
5340,82,0,0,32,10,-1.37,0.05,1,0,367
5341,20,0,0,8,3,-5.05,0.05,1,0,367
5342,230,4,4,54,23,7.25,0.05,1,0,367
5343,68,3,3,24,8,2.67,0.05,1,0,367
5344,13,0,0,8,2,-3.68,0.05,1,0,367
5345,113,2,2,29,13,-0.38,0.05,1,0,367
5346,72,1,1,32,9,2.23,0.05,1,0,367
5347,212,1,1,45,23,-1.62,0.05,1,0,367
5348,27,0,0,9,4,-5.32,0.05,1,0,367
5349,21,0,0,11,3,-3.01,0.05,1,0,367
5350,24,0,0,11,3,-3.04,0.05,1,0,367
5351,91,2,2,33,11,1.69,0.05,1,0,367
5352,209,3,3,49,21,2.01,0.05,0,0,367
5353,98,1,1,29,12,-1.78,0.05,1,0,367
5354,6,0,0,2,1,-4.51,0.05,1,0,367
5355,339,3,3,48,26,-5.09,0.05,0,0,367
5356,227,7,2,47,21,1.58,0.05,1,0,367
5357,210,4,4,42,24,3.15,0.05,1,0,367
5358,173,4,4,46,19,8.62,0.05,1,0,367
5359,400,2,2,45,26,-4.75,0.05,0,1,367
5360,67,1,1,25,9,-0.82,0.05,1,0,367
5361,89,0,0,34,12,-0.89,0.05,1,0,367
5362,14,0,0,7,2,-4.14,0.05,1,0,367
5363,20,0,0,7,3,-5.35,0.05,1,0,367
5364,400,2,2,36,19,-11.25,0.05,0,1,367
5365,109,2,2,45,14,5.86,0.05,1,0,367
5366,120,1,1,41,15,1.5,0.05,1,0,367
5367,42,1,1,23,6,-1.42,0.05,1,0,367
5368,28,0,0,12,4,-3.23,0.05,1,0,367
5369,49,1,1,18,7,-1.74,0.05,1,0,367
5370,35,0,0,15,5,-4.1,0.05,1,0,367
5371,29,1,1,11,4,-3.59,0.05,1,0,367
5372,92,2,2,40,12,1.98,0.05,1,0,367
5373,198,2,2,39,19,-2.13,0.05,1,0,367
5374,175,1,1,43,18,-0.8,0.05,0,0,367
5375,299,1,1,54,26,-3.89,0.05,0,0,367
5376,52,0,0,24,7,-1.02,0.05,1,0,367
5377,131,1,1,35,13,-3.41,0.05,1,0,367
5378,179,0,0,47,17,2.01,0.05,0,0,367
5379,124,2,2,36,15,-0.99,0.05,1,0,367
5380,400,1,1,32,21,-12.75,0.05,0,1,367
5381,53,0,0,27,7,1.02,0.05,1,0,367
5382,210,2,2,42,22,-1.25,0.05,1,0,367
5383,101,3,3,41,14,5.29,0.05,1,0,367
5384,73,2,2,30,10,-1.63,0.05,1,0,367
5385,27,0,0,10,4,-4.57,0.05,1,0,367
5386,342,5,5,45,23,-4.67,0.05,1,0,367
5387,20,0,0,10,3,-3.2,0.05,1,0,367
5388,110,1,1,37,14,-2.9,0.05,1,0,367
5389,99,0,0,39,13,-1.24,0.05,1,0,367
5390,7,0,0,5,1,-4.02,0.05,1,0,367
5391,44,0,0,20,6,-2.29,0.05,1,0,367
5392,140,0,0,37,16,-2.45,0.05,1,0,367
5393,102,2,2,27,12,-2.32,0.05,1,0,367
5394,206,8,3,48,22,3.89,0.05,1,0,367
5395,71,2,2,25,9,-0.86,0.05,1,0,367
5396,191,3,3,39,17,-4.11,0.05,0,0,367
5397,400,1,1,37,20,-8.4,0.05,0,1,367
5398,183,1,1,41,18,-3.93,0.05,1,0,367
5399,78,1,1,30,11,-2.13,0.05,1,0,367
5400,43,1,1,16,6,-1.03,0.05,1,0,367
5401,51,0,0,26,7,-0.46,0.05,1,0,367
5402,14,0,0,7,2,-3.69,0.05,1,0,367
5403,14,0,0,6,2,-4.04,0.05,1,0,367
5404,191,6,1,37,15,10.79,0.05,0,1,367
5405,13,0,0,7,2,-4.08,0.05,1,0,367
5406,393,9,4,41,20,-7.23,0.05,1,0,367
5407,102,1,1,39,12,1.63,0.05,1,0,367
5408,21,0,0,10,3,-5.41,0.05,1,0,367
5409,36,0,0,17,5,-1.51,0.05,1,0,367
5410,67,2,2,24,9,-0.57,0.05,1,0,367
5411,35,0,0,14,5,-4.5,0.05,1,0,367
5412,127,1,1,27,14,-3.62,0.05,1,0,367
5413,178,3,3,36,20,1.47,0.05,1,0,367
5414,27,0,0,10,4,-5.07,0.05,1,0,367
5415,27,1,1,11,4,-4.32,0.05,1,0,367
5416,84,1,1,25,10,-1.74,0.05,1,0,367
5417,58,0,0,22,8,-3.53,0.05,1,0,367
5418,27,0,0,11,4,-4.77,0.05,1,0,367
5419,53,0,0,26,7,-0.38,0.05,1,0,367
5420,58,2,2,21,7,-1.33,0.05,0,0,367
5421,169,2,2,47,18,2.66,0.05,1,0,367
5422,119,2,2,36,14,0.66,0.05,1,0,367
5423,400,0,0,48,21,-5.75,0.05,0,1,367
5424,13,0,0,7,2,-4.18,0.05,1,0,367
5425,395,0,0,40,31,-18.15,0.05,1,0,367
5426,185,3,3,57,20,7.5,0.05,1,0,367
5427,96,0,0,42,13,1.59,0.05,0,0,367
5428,5,0,0,3,1,-4.7,0.05,1,0,367
5429,37,1,1,13,5,-4.57,0.05,1,0,367
5430,115,1,1,26,11,-1.95,0.05,0,0,367
5431,43,0,0,22,6,-1.23,0.05,1,0,367
5432,120,0,0,33,13,-2.75,0.05,0,0,367
5433,212,3,3,40,21,-2.02,0.05,1,0,367
5434,72,2,2,33,10,1.48,0.05,1,0,367
5435,400,2,2,44,23,-7.1,0.05,0,1,367
5436,105,7,2,37,13,5.65,0.05,1,0,367
5437,82,1,1,28,10,-2.82,0.05,1,0,367
5438,299,4,4,43,20,-2.44,0.05,1,0,367
5439,69,0,0,29,9,1.06,0.05,1,0,367
5440,37,0,0,14,5,-2.82,0.05,1,0,367
5441,190,2,2,39,18,-0.2,0.05,1,0,367
5442,208,2,2,38,18,-2.13,0.05,1,0,367
5443,59,1,1,17,8,-3.29,0.05,1,0,367
5444,54,1,1,19,7,-0.09,0.05,1,0,367
5445,142,1,1,42,17,-1.92,0.05,1,0,367
5446,13,0,0,9,2,-3.93,0.05,1,0,367
5447,20,1,1,10,3,-2.15,0.05,1,0,367
5448,81,2,2,30,11,0.89,0.05,1,0,367
5449,94,3,3,24,9,0.26,0.05,0,0,367
5450,78,0,0,28,10,-2.93,0.05,1,0,367
5451,96,0,0,35,12,1.04,0.05,1,0,367
5452,55,1,1,23,7,-0.6,0.05,1,0,367
5453,162,5,5,46,19,2.53,0.05,1,0,367
5454,99,1,1,29,13,-0.89,0.05,1,0,367
5455,233,0,0,50,22,-5.43,0.05,1,0,367
5456,287,2,2,46,22,-8.57,0.05,1,0,367
5457,63,0,0,28,8,0.37,0.05,1,0,367
5458,82,1,1,29,10,-0.52,0.05,1,0,367
5459,53,0,0,21,7,-2.08,0.05,1,0,367
5460,342,2,2,40,25,-10.92,0.05,1,0,367
5461,28,0,0,13,4,-3.08,0.05,1,0,367
5462,35,0,0,13,5,-3.75,0.05,1,0,367
5463,62,1,1,20,8,-1.02,0.05,0,0,367
5464,78,3,3,29,10,2.27,0.05,1,0,367
5465,392,1,1,33,20,-17.02,0.05,1,0,367
5466,6,0,0,2,1,-4.51,0.05,1,0,367
5467,21,0,0,9,3,-4.76,0.05,1,0,367
5468,98,2,2,38,12,2.77,0.05,1,0,367
5469,127,7,2,37,15,5.48,0.05,1,0,367
5470,65,0,0,23,9,-1.15,0.05,1,0,367
5471,39,0,0,14,5,-4.44,0.05,1,0,367
5472,400,1,1,43,22,-7.95,0.05,0,1,367
5473,156,0,0,41,17,0.34,0.05,1,0,367
5474,21,0,0,12,3,-2.21,0.05,1,0,367
5475,400,7,2,40,26,-5.35,0.05,0,1,367
5476,63,0,0,22,8,-3.98,0.05,1,0,367
5477,91,2,2,26,11,-1.06,0.05,0,0,367
5478,400,2,2,38,19,-6.25,0.05,0,1,367
5479,91,3,3,34,10,3.24,0.05,1,0,367
5480,94,4,4,37,11,2.81,0.05,1,0,367
5481,31,0,0,13,4,-2.66,0.05,1,0,367
5482,14,0,0,9,2,-3.04,0.05,1,0,367
5483,108,3,3,37,12,3.17,0.05,0,0,367
5484,33,1,1,12,5,-3.83,0.05,0,0,367
5485,400,2,2,51,24,-8.95,0.05,0,1,367
5486,198,2,2,53,22,2.97,0.05,1,0,367
5487,47,1,1,20,6,0.28,0.05,1,0,367
5488,36,1,1,12,5,-2.91,0.05,1,0,367
5489,100,0,0,31,12,0.05,0.05,1,0,367
5490,214,3,3,45,21,1.96,0.05,1,0,367
5491,5,0,0,4,1,-4.0,0.05,1,0,367
5492,149,3,3,35,17,1.16,0.05,0,0,367
5493,191,2,2,44,21,2.19,0.05,1,0,367
5494,162,2,2,38,15,-0.17,0.05,1,0,367
5495,80,3,3,27,11,-1.5,0.05,1,0,367
5496,216,2,2,41,20,-0.96,0.05,1,0,367
5497,35,1,1,15,5,-2.75,0.05,1,0,367
5498,162,2,2,51,19,4.23,0.05,1,0,367
5499,22,0,0,8,3,-4.22,0.05,1,0,367
5500,42,1,1,14,6,-4.97,0.05,1,0,367
5501,98,0,0,35,12,-1.38,0.05,1,0,367
5502,128,4,4,37,15,1.87,0.05,1,0,367
5503,188,1,1,38,20,-0.33,0.05,1,0,367
5504,13,0,0,8,2,-4.38,0.05,1,0,367
5505,14,0,0,6,2,-4.99,0.05,1,0,367
5506,108,2,2,22,11,-2.88,0.05,0,0,367
5507,73,0,0,32,10,0.97,0.05,1,0,367
5508,14,0,0,6,2,-3.89,0.05,1,0,367
5509,60,2,2,25,8,1.15,0.05,1,0,367
5510,22,2,2,10,3,-3.02,0.05,1,0,367
5511,71,1,1,22,9,-4.31,0.05,0,0,367
5512,173,1,1,46,20,3.47,0.05,1,0,367
5513,286,3,3,44,27,-4.16,0.05,1,0,367
5514,66,0,0,23,9,-2.31,0.05,1,0,367
5515,400,2,2,38,21,-13.4,0.05,0,1,367
5516,82,1,1,33,10,0.08,0.05,1,0,367
5517,152,2,2,34,17,0.83,0.05,0,0,367
5518,152,2,2,43,17,3.33,0.05,1,0,367
5519,50,1,1,31,7,-0.3,0.05,1,0,367
5520,164,2,2,37,16,0.76,0.05,1,0,367
5521,203,1,1,52,22,1.02,0.05,1,0,367
5522,15,0,0,6,2,-3.95,0.05,1,0,367
5523,161,2,2,43,18,2.74,0.05,1,0,367
5524,78,1,1,25,10,-1.53,0.05,1,0,367
5525,237,4,4,43,24,-1.27,0.05,1,0,367
5526,42,0,0,15,6,-5.77,0.05,1,0,367
5527,191,8,3,46,18,5.99,0.05,1,0,367
5528,22,0,0,11,3,-3.62,0.05,1,0,367
5529,164,4,4,33,16,2.31,0.05,1,0,367
5530,206,2,2,36,18,-4.96,0.05,1,0,367
5531,82,2,2,34,11,2.73,0.05,1,0,367
5532,46,1,1,22,6,1.14,0.05,1,0,367
5533,71,2,2,27,9,0.64,0.05,0,0,367
5534,57,2,2,27,8,0.88,0.05,1,0,367
5535,36,1,1,13,5,-4.16,0.05,1,0,367
5536,44,1,1,17,6,-1.19,0.05,1,0,367
5537,141,1,1,39,17,1.54,0.05,0,0,367
5538,167,2,2,36,13,-1.37,0.05,1,0,367
5539,51,0,0,20,7,-2.56,0.05,1,0,367
5540,204,0,0,39,18,-4.34,0.05,1,0,367
5541,111,4,4,37,13,5.59,0.05,1,0,367
5542,58,1,1,25,8,-1.83,0.05,1,0,367
5543,88,0,0,32,12,-1.83,0.05,1,0,367
5544,293,3,3,39,31,-5.33,0.05,1,0,367
5545,77,2,2,29,10,0.03,0.05,1,0,367
5546,187,2,2,33,18,-1.02,0.05,1,0,367
5547,13,0,0,7,2,-4.53,0.05,1,0,367
5548,210,6,1,32,22,-2.95,0.05,1,0,367
5549,66,0,0,22,9,-6.46,0.05,1,0,367
5550,27,0,0,11,4,-4.77,0.05,1,0,367
5551,159,3,3,42,19,1.76,0.05,1,0,367
5552,20,0,0,10,3,-2.8,0.05,1,0,367
5553,72,1,1,26,9,-2.72,0.05,0,0,367
5554,167,2,2,37,17,-0.62,0.05,1,0,367
5555,327,2,2,36,20,-8.12,0.05,1,0,367
5556,142,2,2,30,15,-3.62,0.05,1,0,367
5557,134,2,2,41,15,2.06,0.05,1,0,367
5558,155,2,2,37,16,-0.9,0.05,0,0,367
5559,60,6,1,19,8,1.65,0.05,1,0,367
5560,261,6,1,48,26,0.04,0.05,1,0,367
5561,112,1,1,43,15,-1.37,0.05,1,0,367
5562,67,1,1,35,8,2.98,0.05,1,0,367
5563,303,2,2,44,25,-9.98,0.05,1,0,367
5564,5,0,0,4,1,-4.0,0.05,1,0,367
5565,41,1,1,19,6,-4.76,0.05,1,0,367
5566,144,1,1,39,17,-2.34,0.05,1,0,367
5567,278,2,2,39,19,-8.58,0.05,1,0,367
5568,154,1,1,48,17,1.56,0.05,1,0,367
5569,63,1,1,25,8,-1.03,0.05,1,0,367
5570,13,0,0,6,2,-4.38,0.05,1,0,367
5571,241,1,1,46,22,-1.11,0.05,1,0,367
5572,104,0,0,35,12,1.31,0.05,1,0,367
5573,400,3,3,51,28,-6.55,0.05,0,1,367
5574,43,0,0,13,6,-6.13,0.05,1,0,367
5575,21,0,0,8,3,-4.41,0.05,1,0,367
5576,72,2,2,20,10,-2.37,0.05,0,0,367
5577,400,1,1,33,19,-11.7,0.05,0,1,367
5578,53,3,3,20,7,0.92,0.05,1,0,367
5579,74,1,1,30,9,-0.49,0.05,1,0,367
5580,218,4,4,53,21,2.72,0.05,1,0,367
5581,26,0,0,10,3,-5.41,0.05,1,0,367
5582,59,2,2,20,8,-2.79,0.05,1,0,367
5583,400,3,3,36,22,-11.6,0.05,0,1,367
5584,112,2,2,35,11,3.43,0.05,0,0,367
5585,53,1,1,23,6,-2.48,0.05,0,0,367
5586,65,3,3,27,8,2.4,0.05,1,0,367
5587,43,0,0,18,6,-2.93,0.05,1,0,367
5588,350,1,1,45,21,-10.65,0.05,1,0,367
5589,177,3,3,42,17,2.03,0.05,1,0,367
5590,130,2,2,32,14,2.25,0.05,1,0,367
5591,39,1,1,14,5,-1.69,0.05,1,0,367
5592,59,2,2,29,8,1.46,0.05,1,0,367
5593,81,2,2,28,10,0.19,0.05,1,0,367
5594,20,0,0,10,3,-3.8,0.05,1,0,367
5595,77,1,1,31,10,0.58,0.05,1,0,367
5596,400,3,3,58,28,-4.7,0.05,0,1,367
5597,30,0,0,9,4,1.25,0.05,1,0,367
5598,108,1,1,34,13,-2.98,0.05,1,0,367
5599,70,1,1,27,9,0.4,0.05,1,0,367
5600,137,2,2,47,14,5.43,0.05,1,0,367
5601,111,1,1,37,13,1.74,0.05,1,0,367
5602,143,0,0,46,16,2.17,0.05,1,0,367
5603,129,1,1,41,16,-0.14,0.05,1,0,367
5604,290,3,3,35,20,-9.8,0.05,1,0,367
5605,83,1,1,28,10,-1.73,0.05,1,0,367
5606,98,3,3,36,11,4.37,0.05,1,0,367
5607,91,0,0,27,10,-0.61,0.05,1,0,367
5608,200,3,3,56,20,5.3,0.05,1,0,367
5609,342,0,0,40,20,-9.87,0.05,1,0,367
5610,171,3,3,43,20,1.89,0.05,1,0,367
5611,50,1,1,16,6,-1.6,0.05,0,0,367
5612,215,2,2,44,21,-0.45,0.05,1,0,367
5613,137,2,2,33,14,-0.92,0.05,1,0,367
5614,126,2,2,39,15,0.84,0.05,1,0,367
5615,400,8,3,45,25,-0.85,0.05,0,1,367
5616,259,16,6,54,29,15.71,0.05,0,1,367
5617,176,2,2,49,19,4.44,0.05,1,0,367
5618,194,2,2,39,20,-0.44,0.05,1,0,367
5619,13,0,0,8,2,-3.33,0.05,1,0,367
5620,82,2,2,30,10,0.43,0.05,1,0,367
5621,104,2,2,38,11,1.96,0.05,0,0,367
5622,180,2,2,39,18,-0.5,0.05,1,0,367
5623,206,2,2,53,20,0.99,0.05,1,0,367
5624,284,2,2,47,21,-1.69,0.05,1,0,367
5625,164,2,2,30,16,-3.04,0.05,1,0,367
5626,237,4,4,54,25,1.48,0.05,1,0,367
5627,280,3,3,46,26,5.75,0.05,0,1,367
5628,89,1,1,39,12,2.06,0.05,1,0,367
5629,123,2,2,35,14,0.87,0.05,0,0,367
5630,77,2,2,28,10,1.28,0.05,1,0,367
5631,51,0,0,18,7,-5.96,0.05,1,0,367
5632,43,0,0,19,6,-4.43,0.05,1,0,367
5633,84,2,2,34,10,5.06,0.05,1,0,367
5634,49,2,2,20,7,-1.04,0.05,1,0,367
5635,71,0,0,32,9,-0.51,0.05,1,0,367
5636,189,0,0,42,19,-3.94,0.05,1,0,367
5637,81,2,2,32,10,3.99,0.05,1,0,367
5638,68,0,0,25,9,-3.53,0.05,1,0,367
5639,77,5,0,27,9,2.28,0.05,1,0,367
5640,121,1,1,32,12,-5.16,0.05,1,0,367
5641,90,1,1,27,11,-0.25,0.05,0,0,367
5642,152,2,2,40,16,0.53,0.05,1,0,367
5643,21,0,0,11,3,-3.01,0.05,1,0,367
5644,62,1,1,22,8,-2.62,0.05,1,0,367
5645,121,2,2,28,11,-2.61,0.05,1,0,367
5646,209,3,3,53,24,3.96,0.05,1,0,367
5647,82,1,1,30,10,-0.22,0.05,0,0,367
5648,107,7,2,45,13,6.13,0.05,1,0,367
5649,138,0,0,40,16,0.27,0.05,1,0,367
5650,195,5,5,49,19,7.8,0.05,1,0,367
5651,272,7,2,44,27,2.38,0.05,1,0,367
5652,94,1,1,31,12,-0.19,0.05,1,0,367
5653,27,0,0,9,4,-4.72,0.05,1,0,367
5654,20,0,0,9,3,-4.55,0.05,1,0,367
5655,54,1,1,22,7,-0.24,0.05,1,0,367
5656,36,1,1,16,5,-1.21,0.05,1,0,367
5657,169,2,2,33,19,-5.44,0.05,1,0,367
5658,28,1,1,16,4,-0.98,0.05,1,0,367
5659,292,0,0,46,22,-6.67,0.05,1,0,367
5660,44,0,0,17,6,-2.74,0.05,1,0,367
5661,61,0,0,30,8,1.14,0.05,1,0,367
5662,50,0,0,23,7,-2.65,0.05,1,0,367
5663,65,0,0,24,9,-1.9,0.05,1,0,367
5664,116,2,2,35,14,2.49,0.05,1,0,367
5665,239,0,0,46,25,-2.24,0.05,1,0,367
5666,77,0,0,26,10,-1.97,0.05,1,0,367
5667,281,8,3,46,29,3.64,0.05,1,0,367
5668,63,0,0,23,8,-3.18,0.05,1,0,367
5669,82,2,2,32,9,1.03,0.05,1,0,367
5670,13,0,0,6,2,-3.93,0.05,1,0,367
5671,43,0,0,15,6,-3.83,0.05,1,0,367
5672,40,1,1,17,5,-1.0,0.05,1,0,367
5673,91,1,1,30,11,-1.86,0.05,1,0,367
5674,181,1,1,35,18,-2.71,0.05,1,0,367
5675,400,0,0,40,18,-7.45,0.05,0,1,367
5676,167,1,1,47,19,1.53,0.05,1,0,367
5677,39,0,0,14,5,-3.29,0.05,1,0,367
5678,121,3,3,32,13,1.14,0.05,1,0,367
5679,71,0,0,21,9,-6.06,0.05,1,0,367
5680,133,4,4,40,16,2.27,0.05,1,0,367
5681,62,1,1,28,8,-0.12,0.05,1,0,367
5682,156,1,1,51,19,0.74,0.05,1,0,367
5683,20,1,1,9,3,-5.0,0.05,1,0,367
5684,21,0,0,10,3,-4.76,0.05,1,0,367
5685,400,3,3,44,19,-5.0,0.05,0,1,367
5686,169,8,3,57,21,8.26,0.05,1,0,367
5687,152,6,1,49,17,9.83,0.05,1,0,367
5688,58,0,0,19,7,-2.53,0.05,1,0,367
5689,191,3,3,40,20,-0.61,0.05,0,0,367
5690,51,0,0,18,7,-4.31,0.05,1,0,367
5691,80,1,1,35,10,1.75,0.05,0,0,367
5692,266,8,3,45,24,7.49,0.05,0,1,367
5693,119,2,2,39,14,3.26,0.05,1,0,367
5694,345,1,1,35,22,-16.1,0.05,1,0,367
5695,62,2,2,20,7,-0.87,0.05,0,0,367
5696,60,1,1,18,8,-2.55,0.05,1,0,367
5697,7,0,0,3,1,-4.17,0.05,1,0,367
5698,21,0,0,12,3,-4.71,0.05,1,0,367
5699,53,0,0,19,7,-2.68,0.05,1,0,367
5700,126,4,4,40,15,0.09,0.05,1,0,367
5701,127,6,6,47,13,10.03,0.05,0,0,367
5702,57,2,2,23,8,0.68,0.05,1,0,367
5703,35,0,0,12,4,-4.1,0.05,0,0,367
5704,249,3,3,50,23,0.11,0.05,1,0,367
5705,348,2,2,42,19,-11.03,0.05,1,0,367
5706,35,0,0,10,5,-6.15,0.05,1,0,368
5707,27,0,0,10,4,-4.52,0.05,1,0,368
5708,21,0,0,13,3,-1.86,0.05,1,0,368
5709,20,0,0,10,3,-3.9,0.05,1,0,368
5710,109,3,3,34,12,1.91,0.05,1,0,368
5711,53,1,1,17,7,-2.83,0.05,1,0,368
5712,180,0,0,34,18,-2.8,0.05,1,0,368
5713,23,1,1,12,3,-2.23,0.05,1,0,368
5714,147,1,1,38,16,0.98,0.05,1,0,368
5715,179,4,4,45,19,6.26,0.05,0,0,368
5716,113,0,0,41,14,-1.98,0.05,0,0,368
5717,150,2,2,32,17,-2.0,0.05,1,0,368
5718,130,1,1,38,17,-0.75,0.05,1,0,368
5719,59,1,1,29,8,2.31,0.05,1,0,368
5720,56,0,0,19,7,-3.31,0.05,1,0,368
5721,281,3,3,51,28,1.69,0.05,1,0,368
5722,183,1,1,37,19,-5.08,0.05,1,0,368
5723,400,1,1,41,46,-12.25,0.05,0,1,368
5724,375,4,4,40,23,-11.85,0.05,1,0,368
5725,158,3,3,38,17,1.07,0.05,1,0,368
5726,15,0,0,9,2,-3.05,0.05,1,0,368
5727,168,3,3,48,20,4.27,0.05,1,0,368
5728,29,1,1,13,4,-1.99,0.05,1,0,368
5729,47,1,1,16,6,-3.82,0.05,1,0,368
5730,164,7,2,37,17,6.61,0.05,1,0,368
5731,42,0,0,20,6,-3.77,0.05,1,0,368
5732,82,1,1,29,11,0.78,0.05,1,0,368
5733,113,2,2,46,14,5.87,0.05,1,0,368
5734,144,3,3,38,17,3.16,0.05,1,0,368
5735,199,5,5,43,20,0.31,0.05,1,0,368
5736,143,1,1,39,16,1.62,0.05,1,0,368
5737,59,0,0,20,7,-1.99,0.05,1,0,368
5738,194,0,0,41,19,-1.94,0.05,1,0,368
5739,44,0,0,22,6,-0.14,0.05,1,0,368
5740,400,3,3,42,20,-7.25,0.05,0,1,368
5741,155,3,3,36,18,-1.7,0.05,1,0,368
5742,87,1,1,35,11,3.98,0.05,1,0,368
5743,210,4,4,47,21,5.8,0.05,1,0,368
5744,29,0,0,15,4,-2.94,0.05,1,0,368
5745,381,3,3,43,21,-15.66,0.05,1,0,368
5746,210,3,3,41,20,1.65,0.05,0,0,368
5747,159,2,2,48,17,0.91,0.05,1,0,368
5748,117,0,0,30,14,-3.62,0.05,0,0,368
5749,83,3,3,24,9,0.42,0.05,1,0,368
5750,122,1,1,51,16,5.58,0.05,1,0,368
5751,56,0,0,27,8,-3.31,0.05,1,0,368
5752,400,6,1,56,29,-1.85,0.05,0,1,368
5753,22,0,0,13,3,-2.87,0.05,1,0,368
5754,27,0,0,11,4,-4.32,0.05,1,0,368
5755,183,3,3,41,18,3.27,0.05,1,0,368
5756,58,1,1,18,8,-2.43,0.05,1,0,368
5757,65,1,1,25,9,-2.9,0.05,1,0,368
5758,117,2,2,35,13,-0.02,0.05,1,0,368
5759,148,5,5,43,17,3.22,0.05,1,0,368
5760,5,0,0,3,1,-4.3,0.05,1,0,368
5761,122,1,1,31,11,-2.02,0.05,0,0,368
5762,209,2,2,52,20,1.36,0.05,1,0,368
5763,154,3,3,45,15,4.76,0.05,1,0,368
5764,6,0,0,2,1,-4.41,0.05,1,0,368
5765,79,0,0,25,10,-1.64,0.05,1,0,368
5766,59,1,1,28,8,-0.54,0.05,1,0,368
5767,5,0,0,3,1,-4.3,0.05,1,0,368
5768,91,1,1,30,11,0.69,0.05,1,0,368
5769,125,2,2,46,16,5.1,0.05,1,0,368
5770,91,1,1,24,9,-3.01,0.05,1,0,368
5771,262,9,4,48,27,10.98,0.05,0,1,368
5772,400,0,0,48,23,-7.05,0.05,0,1,368
5773,21,0,0,5,3,-5.36,0.05,1,0,368
5774,28,0,0,11,4,-3.68,0.05,1,0,368
5775,111,2,2,33,13,-0.16,0.05,1,0,368
5776,148,0,0,34,15,-2.03,0.05,0,0,368
5777,220,6,1,40,22,-2.9,0.05,0,0,368
5778,15,0,0,5,2,-4.95,0.05,1,0,368
5779,27,0,0,12,4,-4.47,0.05,1,0,368
5780,210,6,1,51,23,1.45,0.05,1,0,368
5781,35,0,0,11,5,-4.5,0.05,1,0,368
5782,59,1,1,26,8,0.51,0.05,1,0,368
5783,66,2,2,26,9,-0.01,0.05,1,0,368
5784,312,3,3,39,22,-7.12,0.05,1,0,368
5785,197,2,2,48,22,5.98,0.05,0,1,368
5786,193,5,0,41,21,-0.58,0.05,1,0,368
5787,304,2,2,38,20,-9.94,0.05,1,0,368
5788,188,3,3,44,19,2.37,0.05,1,0,368
5789,51,2,2,28,7,3.79,0.05,1,0,368
5790,41,1,1,15,6,-4.16,0.05,1,0,368
5791,361,3,3,42,24,-8.96,0.05,1,0,368
5792,170,3,3,39,19,0.75,0.05,0,0,368
5793,204,4,4,45,21,2.66,0.05,1,0,368
5794,46,0,0,16,5,-2.01,0.05,1,0,368
5795,14,0,0,6,2,-4.54,0.05,1,0,368
5796,146,2,2,40,15,4.34,0.05,1,0,368
5797,100,1,1,31,12,1.8,0.05,1,0,368
5798,161,1,1,45,18,-0.06,0.05,1,0,368
5799,21,0,0,14,3,-2.01,0.05,1,0,368
5800,175,4,4,52,18,5.9,0.05,0,0,368
5801,125,1,1,30,14,-0.9,0.05,0,0,368
5802,128,3,3,46,14,4.12,0.05,1,0,368
5803,126,6,1,48,16,8.39,0.05,1,0,368
5804,70,4,4,25,8,1.8,0.05,1,0,368
5805,21,0,0,10,3,-3.31,0.05,1,0,368
5806,152,1,1,41,16,1.53,0.05,1,0,368
5807,234,3,3,39,29,-12.39,0.05,1,0,368
5808,109,5,5,30,13,4.46,0.05,1,0,368
5809,62,0,0,27,8,-1.72,0.05,1,0,368
5810,283,3,3,50,29,-9.93,0.05,1,0,368
5811,34,0,0,13,5,-3.69,0.05,1,0,368
5812,211,1,1,46,27,-8.11,0.05,1,0,368
5813,20,0,0,6,3,-5.55,0.05,1,0,368
5814,262,3,3,43,27,-8.47,0.05,1,0,368
5815,184,3,3,49,20,1.61,0.05,1,0,368
5816,88,1,1,34,11,0.92,0.05,1,0,368
5817,202,3,3,37,23,-6.47,0.05,1,0,368
5818,49,2,2,18,7,-1.14,0.05,1,0,368
5819,70,2,2,35,9,-0.6,0.05,0,0,368
5820,110,1,1,39,13,-0.4,0.05,1,0,368
5821,55,0,0,22,7,-2.85,0.05,1,0,368
5822,105,9,4,31,12,5.5,0.05,1,0,368
5823,126,2,2,35,13,2.79,0.05,0,0,368
5824,400,2,2,39,28,-11.8,0.05,0,1,368
5825,58,0,0,21,8,-5.23,0.05,1,0,368
5826,400,0,0,40,26,-18.2,0.05,0,1,368
5827,92,1,1,27,11,-3.22,0.05,1,0,368
5828,191,2,2,37,18,-3.86,0.05,1,0,368
5829,29,1,1,14,4,-2.29,0.05,1,0,368
5830,37,1,1,18,5,-0.97,0.05,1,0,368
5831,95,0,0,31,10,0.15,0.05,1,0,368
5832,68,1,1,21,9,-1.28,0.05,1,0,368
5833,97,1,1,35,13,-4.47,0.05,1,0,368
5834,28,0,0,15,4,-2.93,0.05,1,0,368
5835,146,2,2,34,14,2.24,0.05,1,0,368
5836,14,0,0,8,2,-3.19,0.05,1,0,368
5837,138,0,0,24,11,-2.58,0.05,0,0,368
5838,400,1,1,42,22,-7.75,0.05,0,1,368
5839,182,5,0,43,17,4.68,0.05,1,0,368
5840,35,0,0,12,5,-6.3,0.05,1,0,368
5841,49,2,2,20,7,-0.09,0.05,1,0,368
5842,219,6,1,41,23,0.06,0.05,1,0,368
5843,28,1,1,13,4,-1.43,0.05,1,0,368
5844,171,2,2,37,17,-4.51,0.05,0,0,368
5845,34,2,2,16,5,-1.64,0.05,1,0,368
5846,44,1,1,22,6,0.41,0.05,1,0,368
5847,47,0,0,19,6,-3.67,0.05,1,0,368
5848,317,1,1,43,28,-10.27,0.05,1,0,368
5849,75,0,0,26,10,-1.55,0.05,0,0,368
5850,98,2,2,35,12,2.57,0.05,1,0,368
5851,321,2,2,34,32,-10.16,0.05,1,0,368
5852,73,2,2,23,9,-0.43,0.05,1,0,368
5853,91,2,2,28,11,-0.51,0.05,1,0,368
5854,303,1,1,40,33,-8.18,0.05,1,0,368
5855,78,2,2,29,10,-0.48,0.05,1,0,368
5856,153,1,1,41,16,1.22,0.05,1,0,368
5857,16,0,0,6,2,-4.91,0.05,1,0,368
5858,187,1,1,43,16,-0.87,0.05,1,0,368
5859,124,7,2,48,16,7.26,0.05,1,0,368
5860,44,2,2,19,6,-1.74,0.05,1,0,368
5861,400,1,1,53,20,-5.55,0.05,0,1,368
5862,5,0,0,3,1,-4.25,0.05,1,0,368
5863,177,5,0,46,19,2.68,0.05,1,0,368
5864,188,2,2,38,16,-1.13,0.05,1,0,368
5865,54,0,0,20,7,-3.29,0.05,1,0,368
5866,7,0,0,5,1,-3.57,0.05,1,0,368
5867,240,2,2,47,24,-2.7,0.05,1,0,368
5868,85,0,0,8,4,-4.75,0.05,1,0,368
5869,76,1,1,24,8,-2.96,0.05,0,0,368
5870,247,3,3,28,15,-4.42,0.05,1,0,368
5871,400,0,0,20,9,-5.7,0.05,0,1,368
5872,83,3,3,24,8,0.77,0.05,0,0,368
5873,64,3,3,28,9,1.71,0.05,1,0,368
5874,34,0,0,16,5,-2.94,0.05,1,0,368
5875,334,0,0,48,28,-11.84,0.05,1,0,368
5876,59,1,1,26,8,0.51,0.05,1,0,368
5877,62,1,1,27,8,-0.17,0.05,1,0,368
5878,125,5,5,33,16,-1.0,0.05,1,0,368
5879,51,0,0,22,7,-2.16,0.05,1,0,368
5880,35,1,1,15,5,-2.85,0.05,1,0,368
5881,108,0,0,26,12,-2.43,0.05,1,0,368
5882,158,4,4,35,16,4.52,0.05,1,0,368
5883,153,2,2,44,17,4.67,0.05,1,0,368
5884,112,9,4,38,12,9.43,0.05,0,0,368
5885,48,0,0,20,7,-5.38,0.05,1,0,368
5886,126,9,4,31,14,4.34,0.05,1,0,368
5887,400,1,1,48,26,-7.95,0.05,0,1,368
5888,5,0,0,3,1,-4.7,0.05,1,0,368
5889,43,0,0,20,6,-2.48,0.05,1,0,368
5890,96,2,2,32,12,2.64,0.05,1,0,368
5891,322,5,5,43,18,-5.87,0.05,1,0,368
5892,21,0,0,7,3,-5.31,0.05,1,0,368
5893,37,0,0,15,5,-3.62,0.05,1,0,368
5894,208,8,3,32,19,4.97,0.05,1,0,368
5895,308,16,1,46,32,8.92,0.05,1,0,368
5896,28,0,0,12,4,-3.28,0.05,1,0,368
5897,162,1,1,39,16,-1.17,0.05,0,0,368
5898,400,4,4,40,25,-11.5,0.05,0,1,368
5899,173,8,3,40,18,4.42,0.05,1,0,368
5900,70,0,0,30,10,-2.55,0.05,1,0,368
5901,400,2,2,38,22,-14.5,0.05,0,1,368
5902,167,3,3,38,17,1.53,0.05,1,0,368
5903,195,2,2,47,21,-0.75,0.05,1,0,368
5904,43,0,0,20,6,-2.38,0.05,1,0,368
5905,338,1,1,33,25,-11.58,0.05,1,0,368
5906,20,0,0,12,3,-2.15,0.05,1,0,368
5907,150,2,2,31,15,-0.7,0.05,1,0,368
5908,64,0,0,23,8,-0.89,0.05,1,0,368
5909,152,2,2,37,16,-0.57,0.05,1,0,368
5910,200,3,3,42,19,0.4,0.05,1,0,368
5911,109,3,3,39,14,3.16,0.05,1,0,368
5912,14,0,0,5,2,-4.84,0.05,1,0,368
5913,190,2,2,32,17,-4.4,0.05,1,0,368
5914,155,2,2,38,17,0.5,0.05,1,0,368
5915,56,2,2,28,8,1.29,0.05,1,0,368
5916,161,3,3,42,17,3.74,0.05,0,0,368
5917,95,1,1,34,10,1.8,0.05,1,0,368
5918,155,2,2,51,19,5.4,0.05,1,0,368
5919,55,5,0,20,7,1.0,0.05,1,0,368
5920,72,1,1,35,9,3.53,0.05,1,0,368
5921,106,2,2,35,12,-0.36,0.05,1,0,368
5922,289,0,0,30,19,-13.94,0.05,1,0,368
5923,51,0,0,21,7,-0.71,0.05,1,0,368
5924,174,1,1,41,21,-1.74,0.05,1,0,368
5925,67,3,3,34,8,3.63,0.05,1,0,368
5926,151,0,0,40,18,-2.36,0.05,1,0,368
5927,400,4,4,51,19,-3.3,0.05,0,1,368
5928,225,3,3,38,17,-1.35,0.05,1,0,368
5929,102,1,1,27,12,-2.87,0.05,1,0,368
5930,64,1,1,29,8,0.81,0.05,1,0,368
5931,20,0,0,8,3,-5.4,0.05,1,0,368
5932,107,2,2,42,13,2.63,0.05,0,0,368
5933,104,2,2,37,12,4.76,0.05,1,0,368
5934,43,0,0,15,6,1.22,0.05,1,0,368
5935,363,2,2,34,22,-14.58,0.05,1,0,368
5936,305,3,3,42,33,-5.05,0.05,1,0,368
5937,37,2,2,13,5,-3.82,0.05,1,0,368
5938,146,1,1,28,17,-3.96,0.05,1,0,368
5939,300,0,0,39,22,-11.3,0.05,1,0,368
5940,68,1,1,26,9,-1.68,0.05,1,0,368
5941,400,0,0,39,20,-13.6,0.05,0,1,368
5942,164,3,3,39,17,-0.69,0.05,1,0,368
5943,316,1,1,32,26,-15.21,0.05,1,0,368
5944,76,0,0,25,9,-0.76,0.05,1,0,368
5945,137,0,0,37,16,-0.22,0.05,1,0,368
5946,233,3,3,50,27,1.17,0.05,1,0,368
5947,67,4,4,28,9,4.28,0.05,1,0,368
5948,50,0,0,26,7,-0.1,0.05,1,0,368
5949,328,1,1,57,23,-6.38,0.05,1,0,368
5950,99,3,3,39,13,2.96,0.05,0,0,368
5951,74,0,0,22,9,-5.49,0.05,0,0,369
5952,79,0,0,28,10,0.51,0.05,1,0,369
5953,115,0,0,39,14,-2.0,0.05,1,0,369
5954,30,0,0,12,4,-4.35,0.05,1,0,369
5955,248,6,1,35,22,-1.38,0.05,1,0,369
5956,47,0,0,19,6,-1.02,0.05,1,0,369
5957,6,0,0,3,1,-4.21,0.05,1,0,369
5958,169,2,2,44,17,0.26,0.05,0,0,369
5959,224,1,1,43,21,-2.64,0.05,1,0,369
5960,108,1,1,33,13,0.37,0.05,1,0,369
5961,36,0,0,16,5,-2.91,0.05,1,0,369
5962,400,4,4,40,19,-10.0,0.05,0,1,369
5963,189,8,8,29,18,2.01,0.05,0,0,369
5964,88,2,2,31,11,-1.73,0.05,1,0,369
5965,180,3,3,35,17,0.85,0.05,1,0,369
5966,69,1,1,21,8,-2.59,0.05,1,0,369
5967,79,0,0,29,10,-2.34,0.05,1,0,369
5968,400,4,4,46,23,-6.45,0.05,0,1,369
5969,173,3,3,42,18,1.32,0.05,1,0,369
5970,106,2,2,36,13,0.69,0.05,1,0,369
5971,400,1,1,37,20,-12.8,0.05,0,1,369
5972,27,0,0,10,4,-5.42,0.05,1,0,369
5973,71,0,0,26,9,-0.66,0.05,1,0,369
5974,122,4,4,42,14,5.48,0.05,1,0,369
5975,213,3,3,50,24,0.42,0.05,1,0,369
5976,115,0,0,36,14,-0.15,0.05,1,0,369
5977,153,3,3,39,17,3.27,0.05,1,0,369
5978,189,2,2,51,21,3.56,0.05,1,0,369
5979,27,0,0,12,4,-3.82,0.05,1,0,369
5980,20,1,1,12,3,-1.65,0.05,1,0,369
5981,195,3,3,45,23,2.05,0.05,1,0,369
5982,76,0,0,25,10,-2.66,0.05,1,0,369
5983,20,0,0,11,3,-3.6,0.05,1,0,369
5984,73,0,0,23,9,-2.43,0.05,1,0,369
5985,156,3,3,51,19,5.39,0.05,1,0,369
5986,57,2,2,24,8,1.03,0.05,1,0,369
5987,157,2,2,33,17,-1.87,0.05,1,0,369
5988,51,0,0,23,7,-0.41,0.05,1,0,369
5989,76,1,1,21,8,-4.46,0.05,0,0,369
5990,210,1,1,45,21,-2.85,0.05,1,0,369
5991,85,1,1,34,12,-2.8,0.05,1,0,369
5992,215,9,4,50,22,4.85,0.05,1,0,369
5993,400,0,0,32,23,-15.9,0.05,0,1,369
5994,89,3,3,34,11,3.56,0.05,1,0,369
5995,20,0,0,9,3,-4.65,0.05,1,0,369
5996,142,1,1,35,15,-0.47,0.05,1,0,369
5997,65,1,1,21,8,-3.25,0.05,0,0,369
5998,100,7,2,33,12,9.15,0.05,0,0,369
5999,55,0,0,27,7,0.8,0.05,1,0,369
6000,69,2,2,25,9,-0.49,0.05,0,0,369
