episode,steps,score,coins,crates,bombs,reward,epsilon,killed_self,survived,states_visited
1,7,0,0,3,1,-5.12,0.9995,1,0,6
2,8,0,0,2,1,-6.43,0.999,1,0,10
3,6,0,0,3,1,-6.16,0.9986,1,0,11
4,11,0,0,2,1,-8.51,0.9981,1,0,11
5,5,0,0,4,1,-4.8,0.9976,1,0,13
6,36,0,0,2,2,-13.51,0.9971,1,0,18
7,5,0,0,4,1,-5.4,0.9967,1,0,19
8,11,0,0,2,1,-7.11,0.9962,1,0,19
9,13,0,0,3,1,-8.73,0.9957,1,0,20
10,10,0,0,2,1,-8.0,0.9952,1,0,20
11,14,0,0,4,1,-8.49,0.9948,1,0,20
12,12,0,0,3,1,-6.82,0.9943,1,0,20
13,7,0,0,3,1,-6.57,0.9938,1,0,20
14,5,0,0,4,1,-5.35,0.9933,1,0,20
15,10,0,0,3,1,-6.7,0.9929,1,0,21
16,6,0,0,4,1,-4.96,0.9924,1,0,21
17,9,0,0,3,1,-5.89,0.9919,1,0,21
18,15,0,0,3,1,-8.3,0.9915,1,0,21
19,7,0,0,3,1,-6.67,0.991,1,0,21
20,11,0,0,3,1,-7.71,0.9905,1,0,21
21,14,0,0,5,1,-8.24,0.99,1,0,22
22,6,0,0,4,1,-4.86,0.9896,1,0,22
23,11,0,0,4,1,-5.41,0.9891,1,0,27
24,13,0,0,4,1,-5.98,0.9886,1,0,27
25,7,0,0,3,1,-6.62,0.9881,1,0,27
26,5,0,0,4,1,-4.8,0.9877,1,0,27
27,6,0,0,3,1,-5.71,0.9872,1,0,27
28,12,0,0,3,1,-6.77,0.9867,1,0,27
29,22,0,0,2,1,-11.72,0.9862,1,0,27
30,14,0,0,2,1,-7.29,0.9858,1,0,27
31,6,0,0,3,1,-6.06,0.9853,1,0,27
32,15,0,0,5,1,-7.7,0.9848,1,0,28
33,10,0,0,2,1,-6.45,0.9843,1,0,28
34,18,0,0,3,1,-9.48,0.9839,1,0,28
35,10,0,0,2,1,-7.55,0.9834,1,0,28
36,36,0,0,3,2,-17.16,0.9829,1,0,30
37,9,0,0,1,1,-7.34,0.9824,1,0,30
38,5,0,0,4,1,-4.9,0.9819,1,0,30
39,5,0,0,4,1,-5.85,0.9815,1,0,30
40,14,0,0,3,1,-8.34,0.981,1,0,30
41,5,0,0,3,1,-5.15,0.9805,1,0,31
42,8,0,0,2,1,-6.08,0.98,1,0,31
43,8,0,0,3,1,-5.73,0.9796,1,0,31
44,5,0,0,3,1,-5.2,0.9791,1,0,31
45,15,0,0,2,1,-8.15,0.9786,1,0,31
46,6,0,0,4,1,-5.31,0.9781,1,0,31
47,12,0,0,2,1,-8.02,0.9777,1,0,31
48,5,0,0,2,1,-5.45,0.9772,1,0,31
49,8,0,0,3,1,-6.23,0.9767,1,0,31
50,5,0,0,3,1,-4.75,0.9762,1,0,31
51,8,0,0,3,1,-7.18,0.9758,1,0,31
52,9,0,0,3,1,-6.74,0.9753,1,0,31
53,5,0,0,3,1,-5.55,0.9748,1,0,31
54,13,0,0,3,1,-8.23,0.9744,1,0,31
55,17,0,0,2,1,-9.32,0.9739,1,0,31
56,5,0,0,2,1,-5.85,0.9734,1,0,31
57,6,0,0,4,1,-5.46,0.9729,1,0,31
58,16,0,0,2,1,-10.61,0.9725,1,0,31
59,9,0,0,1,1,-6.34,0.972,1,0,32
60,6,0,0,2,1,-4.96,0.9715,1,0,32
61,10,0,0,3,1,-7.25,0.971,1,0,32
62,6,0,0,3,1,-5.76,0.9706,1,0,32
63,15,0,0,2,1,-9.25,0.9701,1,0,32
64,6,0,0,2,1,-5.11,0.9696,1,0,32
65,7,0,0,2,1,-5.57,0.9691,1,0,32
66,23,0,0,3,1,-10.08,0.9687,1,0,32
67,5,0,0,3,1,-5.6,0.9682,1,0,32
68,7,0,0,4,1,-6.37,0.9677,1,0,32
69,7,0,0,4,1,-5.92,0.9672,1,0,32
70,12,0,0,3,1,-8.22,0.9667,1,0,32
71,12,0,0,3,1,-6.87,0.9663,1,0,32
72,14,0,0,2,1,-8.14,0.9658,1,0,32
73,8,0,0,2,1,-6.03,0.9653,1,0,32
74,10,0,0,3,1,-6.15,0.9648,1,0,32
75,7,0,0,4,1,-6.37,0.9644,1,0,32
76,5,0,0,4,1,-5.35,0.9639,1,0,32
77,5,0,0,2,1,-6.0,0.9634,1,0,32
78,7,0,0,3,1,-7.17,0.9629,1,0,32
79,7,0,0,3,1,-5.22,0.9625,1,0,32
80,5,0,0,3,1,-5.1,0.962,1,0,32
81,7,0,0,3,1,-6.67,0.9615,1,0,32
82,13,0,0,3,1,-8.28,0.961,1,0,32
83,5,0,0,2,1,-5.95,0.9606,1,0,32
84,9,0,0,3,1,-7.69,0.9601,1,0,32
85,5,0,0,3,1,-5.65,0.9596,1,0,32
86,10,0,0,2,1,-8.5,0.9591,1,0,32
87,8,0,0,3,1,-6.73,0.9587,1,0,32
88,5,0,0,3,1,-6.15,0.9582,1,0,32
89,6,0,0,1,1,-6.31,0.9577,1,0,32
90,10,0,0,2,1,-7.55,0.9573,1,0,32
91,18,0,0,4,2,-7.98,0.9568,1,0,35
92,5,0,0,2,1,-5.5,0.9563,1,0,35
93,14,0,0,2,1,-8.14,0.9558,1,0,35
94,5,0,0,1,1,-4.8,0.9554,1,0,35
95,6,0,0,1,1,-5.81,0.9549,1,0,35
96,7,0,0,2,1,-6.47,0.9544,1,0,35
97,30,0,0,3,2,-12.5,0.9539,1,0,36
98,21,0,0,3,1,-9.51,0.9535,1,0,36
99,6,0,0,3,1,-5.16,0.953,1,0,36
100,7,0,0,1,1,-6.32,0.9525,1,0,36
101,9,0,0,1,1,-5.89,0.952,1,0,36
102,5,0,0,3,1,-4.6,0.9516,1,0,36
103,6,0,0,4,1,-5.46,0.9511,1,0,36
104,10,0,0,3,1,-6.85,0.9506,1,0,36
105,14,0,0,3,1,-7.84,0.9501,1,0,37
106,8,0,0,2,1,-6.58,0.9496,1,0,38
107,9,0,0,2,1,-7.49,0.9492,1,0,38
108,6,0,0,1,1,-5.36,0.9487,1,0,38
109,6,0,0,3,1,-5.71,0.9482,1,0,38
110,6,0,0,2,1,-6.46,0.9477,1,0,38
111,16,0,0,3,1,-7.91,0.9473,1,0,38
112,7,0,0,3,1,-6.17,0.9468,1,0,38
113,5,0,0,1,1,-6.25,0.9463,1,0,39
114,10,0,0,2,1,-7.6,0.9458,1,0,39
115,15,0,0,4,2,-7.5,0.9454,1,0,39
116,19,0,0,3,1,-10.79,0.9449,1,0,39
117,5,0,0,1,1,-5.8,0.9444,1,0,39
118,18,0,0,2,1,-8.18,0.9439,1,0,39
119,7,0,0,3,1,-5.72,0.9435,1,0,39
120,6,0,0,3,1,-6.16,0.943,1,0,39
121,10,0,0,3,1,-6.7,0.9425,1,0,39
122,10,0,0,2,1,-5.1,0.9421,1,0,39
123,10,0,0,3,1,-7.3,0.9416,1,0,39
124,6,0,0,3,1,-6.16,0.9411,1,0,39
125,8,0,0,4,1,-5.33,0.9406,1,0,39
126,6,0,0,2,1,-6.51,0.9402,1,0,39
127,9,0,0,3,1,-5.39,0.9397,1,0,39
128,21,0,0,1,1,-9.16,0.9392,1,0,39
129,8,0,0,3,1,-5.33,0.9387,1,0,39
130,8,0,0,3,1,-6.73,0.9383,1,0,39
131,9,0,0,1,1,-6.34,0.9378,1,0,39
132,15,0,0,4,1,-8.5,0.9373,1,0,39
133,5,0,0,4,1,-5.4,0.9368,1,0,39
134,5,0,0,3,1,-5.65,0.9364,1,0,39
135,7,0,0,3,1,-6.17,0.9359,1,0,39
136,5,0,0,2,1,-5.95,0.9354,1,0,39
137,8,0,0,3,1,-5.23,0.9349,1,0,39
138,14,0,0,3,1,-8.79,0.9345,1,0,39
139,9,0,0,2,1,-6.09,0.934,1,0,39
140,9,0,0,3,1,-6.34,0.9335,1,0,39
141,14,0,0,4,1,-7.14,0.933,1,0,39
142,9,0,0,1,1,-6.89,0.9325,1,0,39
143,15,0,0,4,1,-8.0,0.9321,1,0,39
144,11,0,0,5,1,-6.66,0.9316,1,0,42
145,29,0,0,3,1,-12.29,0.9311,1,0,42
146,7,0,0,4,1,-5.82,0.9306,1,0,42
147,8,0,0,3,1,-5.68,0.9302,1,0,42
148,16,0,0,1,2,-8.41,0.9297,1,0,42
149,5,0,0,3,1,-5.55,0.9292,1,0,42
150,8,0,0,2,1,-6.93,0.9287,1,0,42
151,5,0,0,2,1,-5.5,0.9283,1,0,42
152,7,0,0,3,1,-5.17,0.9278,1,0,42
153,7,0,0,3,1,-6.67,0.9273,1,0,42
154,5,0,0,4,1,-4.9,0.9268,1,0,42
155,6,0,0,2,1,-5.06,0.9264,1,0,42
156,6,0,0,2,1,-6.46,0.9259,1,0,42
157,5,0,0,4,1,-5.25,0.9254,1,0,42
158,6,0,0,3,1,-5.71,0.925,1,0,42
159,7,0,0,2,1,-5.47,0.9245,1,0,42
160,9,0,0,2,1,-6.94,0.924,1,0,43
161,7,0,0,3,1,-6.22,0.9235,1,0,43
162,9,0,0,5,1,-5.54,0.9231,1,0,43
163,6,0,0,1,1,-4.86,0.9226,1,0,44
164,10,0,0,1,1,-7.3,0.9221,1,0,44
165,5,0,0,2,1,-6.45,0.9216,1,0,44
166,6,0,0,4,1,-5.41,0.9212,1,0,44
167,18,0,0,1,1,-7.73,0.9207,1,0,44
168,6,0,0,2,1,-6.01,0.9202,1,0,44
169,7,0,0,3,1,-6.12,0.9197,1,0,44
170,7,0,0,3,1,-4.72,0.9193,1,0,44
171,17,0,0,3,2,-8.87,0.9188,1,0,44
172,15,0,0,4,2,-7.55,0.9183,1,0,44
173,6,0,0,3,1,-6.16,0.9178,1,0,44
174,5,0,0,4,1,-4.9,0.9173,1,0,44
175,21,0,0,2,1,-11.71,0.9169,1,0,44
176,11,0,0,2,1,-7.56,0.9164,1,0,44
177,5,0,0,2,1,-5.5,0.9159,1,0,44
178,11,0,0,2,1,-7.01,0.9154,1,0,44
179,14,0,0,2,1,-8.59,0.915,1,0,44
180,7,0,0,1,1,-6.82,0.9145,1,0,44
181,7,0,0,4,1,-5.82,0.914,1,0,44
182,5,0,0,3,1,-5.7,0.9135,1,0,44
183,5,0,0,4,1,-5.25,0.9131,1,0,44
184,5,0,0,3,1,-5.65,0.9126,1,0,44
185,5,0,0,4,1,-5.85,0.9121,1,0,44
186,10,0,0,2,1,-6.5,0.9116,1,0,44
187,5,0,0,3,1,-5.65,0.9112,1,0,44
188,7,0,0,2,1,-6.07,0.9107,1,0,44
189,6,0,0,3,1,-4.86,0.9102,1,0,44
190,7,0,0,3,1,-5.72,0.9098,1,0,44
191,6,0,0,3,1,-5.71,0.9093,1,0,44
192,11,0,0,4,1,-6.41,0.9088,1,0,44
193,6,0,0,3,1,-6.16,0.9083,1,0,44
194,5,0,0,3,1,-5.7,0.9079,1,0,44
195,8,0,0,3,1,-5.23,0.9074,1,0,44
196,5,0,0,4,1,-5.25,0.9069,1,0,44
197,13,0,0,2,1,-6.18,0.9064,1,0,44
198,13,0,0,3,2,-6.38,0.906,1,0,44
199,9,0,0,2,1,-7.09,0.9055,1,0,44
200,5,0,0,3,1,-5.65,0.905,1,0,44
201,11,0,0,3,1,-6.21,0.9045,1,0,44
202,18,0,0,3,1,-8.93,0.9041,1,0,44
203,6,0,0,2,1,-5.51,0.9036,1,0,44
204,5,0,0,4,1,-5.35,0.9031,1,0,44
205,14,0,0,3,1,-7.74,0.9026,1,0,44
206,22,0,0,10,3,-6.87,0.9022,1,0,45
207,35,0,0,4,1,-10.8,0.9017,1,0,45
208,7,0,0,3,1,-6.17,0.9012,1,0,45
209,8,0,0,2,1,-7.03,0.9007,1,0,45
210,9,0,0,6,1,-5.29,0.9002,1,0,45
211,5,0,0,2,1,-5.85,0.8998,1,0,45
212,8,0,0,3,1,-5.28,0.8993,1,0,45
213,5,0,0,4,1,-5.35,0.8988,1,0,45
214,12,0,0,1,1,-8.47,0.8983,1,0,45
215,7,0,0,2,1,-6.52,0.8979,1,0,45
216,6,0,0,2,1,-6.01,0.8974,1,0,45
217,6,0,0,4,1,-5.41,0.8969,1,0,45
218,5,0,0,3,1,-5.55,0.8964,1,0,45
219,10,0,0,3,1,-6.85,0.896,1,0,45
220,8,0,0,3,1,-6.68,0.8955,1,0,45
221,14,0,0,2,1,-8.64,0.895,1,0,45
222,5,0,0,3,1,-4.75,0.8945,1,0,45
223,5,0,0,4,1,-5.35,0.8941,1,0,45
224,6,0,0,3,1,-5.71,0.8936,1,0,45
225,5,0,0,3,1,-6.15,0.8931,1,0,45
226,5,0,0,3,1,-5.1,0.8926,1,0,45
227,5,0,0,4,1,-4.85,0.8922,1,0,45
228,25,0,0,5,3,-8.95,0.8917,1,0,45
229,18,0,0,6,2,-8.48,0.8912,1,0,45
230,12,0,0,2,1,-7.47,0.8908,1,0,45
231,25,1,1,4,2,-7.15,0.8903,1,0,47
232,8,0,0,5,1,-5.13,0.8898,1,0,48
233,6,0,0,3,1,-4.76,0.8893,1,0,48
234,12,0,0,2,1,-7.27,0.8889,1,0,48
235,5,0,0,3,1,-5.2,0.8884,1,0,48
236,5,0,0,2,1,-5.5,0.8879,1,0,48
237,5,0,0,4,1,-5.35,0.8874,1,0,48
238,7,0,0,2,1,-6.52,0.887,1,0,48
239,10,0,0,3,1,-6.3,0.8865,1,0,48
240,11,0,0,2,1,-7.11,0.886,1,0,48
241,10,0,0,3,1,-6.65,0.8855,1,0,48
242,20,0,0,6,2,-6.35,0.8851,1,0,49
243,5,0,0,3,1,-5.65,0.8846,1,0,49
244,7,0,0,3,1,-5.67,0.8841,1,0,49
245,8,0,0,1,1,-6.88,0.8836,1,0,49
246,5,0,0,2,1,-6.35,0.8831,1,0,49
247,6,0,0,4,1,-5.31,0.8827,1,0,49
248,11,0,0,3,1,-6.21,0.8822,1,0,49
249,16,0,0,4,1,-7.61,0.8817,1,0,49
250,5,0,0,2,1,-5.45,0.8812,1,0,49
251,7,0,0,4,1,-5.47,0.8808,1,0,49
252,11,0,0,3,1,-6.71,0.8803,1,0,49
253,7,0,0,2,1,-5.57,0.8798,1,0,49
254,11,0,0,2,1,-7.91,0.8793,1,0,49
255,16,0,0,4,2,-6.66,0.8789,1,0,49
256,5,0,0,4,1,-5.3,0.8784,1,0,49
257,6,0,0,1,1,-5.86,0.8779,1,0,49
258,6,0,0,4,1,-5.41,0.8775,1,0,49
259,6,0,0,3,1,-5.61,0.877,1,0,49
260,6,0,0,3,1,-5.26,0.8765,1,0,49
261,6,0,0,3,1,-6.06,0.876,1,0,49
262,7,0,0,2,1,-5.57,0.8756,1,0,49
263,6,0,0,4,1,-5.41,0.8751,1,0,49
264,11,0,0,1,1,-6.91,0.8746,1,0,50
265,11,0,0,3,1,-7.36,0.8741,1,0,50
266,5,0,0,3,1,-5.2,0.8737,1,0,50
267,5,0,0,3,1,-5.55,0.8732,1,0,50
268,5,0,0,4,1,-5.35,0.8727,1,0,50
269,6,0,0,3,1,-6.16,0.8722,1,0,50
270,6,0,0,4,1,-5.46,0.8718,1,0,50
271,18,0,0,3,1,-9.48,0.8713,1,0,50
272,7,0,0,3,1,-6.67,0.8708,1,0,50
273,7,0,0,2,1,-6.02,0.8703,1,0,50
274,8,0,0,4,1,-4.43,0.8699,1,0,50
275,6,0,0,4,1,-6.36,0.8694,1,0,50
276,10,0,0,2,1,-6.55,0.8689,1,0,50
277,8,0,0,2,1,-6.13,0.8684,1,0,50
278,6,0,0,2,1,-6.01,0.8679,1,0,50
279,16,0,0,2,1,-7.61,0.8675,1,0,50
280,5,0,0,2,1,-4.5,0.867,1,0,50
281,5,0,0,4,1,-4.9,0.8665,1,0,50
282,10,0,0,0,1,-8.6,0.866,1,0,50
283,17,0,0,1,1,-8.97,0.8656,1,0,50
284,8,0,0,1,1,-6.38,0.8651,1,0,50
285,5,0,0,3,1,-5.15,0.8646,1,0,50
286,13,0,0,3,1,-8.23,0.8641,1,0,50
287,14,0,0,5,1,-7.69,0.8637,1,0,50
288,5,0,0,2,1,-5.55,0.8632,1,0,50
289,41,0,0,6,2,-10.91,0.8627,1,0,51
290,6,0,0,3,1,-6.16,0.8622,1,0,51
291,6,0,0,3,1,-5.66,0.8618,1,0,51
292,5,0,0,2,1,-6.35,0.8613,1,0,51
293,10,0,0,4,1,-6.45,0.8608,1,0,51
294,10,0,0,2,1,-7.1,0.8603,1,0,51
295,7,0,0,3,1,-4.82,0.8599,1,0,51
296,22,0,0,5,2,-6.87,0.8594,1,0,52
297,6,0,0,3,1,-5.06,0.8589,1,0,52
298,7,0,0,3,1,-6.22,0.8585,1,0,52
299,23,0,0,4,2,-9.23,0.858,1,0,52
300,14,0,0,3,1,-7.44,0.8575,1,0,52
301,6,0,0,3,1,-5.61,0.857,1,0,52
302,18,0,0,4,2,-7.63,0.8566,1,0,52
303,7,0,0,3,1,-5.77,0.8561,1,0,52
304,5,0,0,3,1,-5.2,0.8556,1,0,52
305,8,0,0,4,1,-4.43,0.8551,1,0,52
306,9,0,0,2,1,-7.04,0.8547,1,0,52
307,8,0,0,3,1,-6.23,0.8542,1,0,52
308,7,0,0,2,1,-6.52,0.8537,1,0,52
309,5,0,0,3,1,-4.65,0.8532,1,0,52
310,6,0,0,3,1,-5.71,0.8528,1,0,52
311,7,0,0,2,1,-5.97,0.8523,1,0,52
312,6,0,0,0,1,-6.11,0.8518,1,0,52
313,7,0,0,3,1,-6.22,0.8513,1,0,52
314,11,0,0,2,1,-7.06,0.8508,1,0,52
315,7,0,0,3,1,-6.57,0.8504,1,0,52
316,8,0,0,2,1,-6.58,0.8499,1,0,52
317,9,0,0,2,1,-7.04,0.8494,1,0,52
318,7,0,0,3,1,-5.22,0.8489,1,0,52
319,7,0,0,3,1,-5.17,0.8485,1,0,52
320,9,0,0,4,1,-4.89,0.848,1,0,52
321,8,0,0,3,1,-6.73,0.8475,1,0,52
322,7,0,0,3,1,-6.62,0.847,1,0,52
323,6,0,0,1,1,-6.26,0.8466,1,0,52
324,7,0,0,3,1,-6.22,0.8461,1,0,52
325,9,0,0,4,1,-5.84,0.8456,1,0,52
326,5,0,0,2,1,-5.0,0.8452,1,0,52
327,7,0,0,3,1,-5.67,0.8447,1,0,52
328,5,0,0,2,1,-5.35,0.8442,1,0,52
329,19,0,0,4,1,-9.19,0.8437,1,0,52
330,12,0,0,5,1,-7.67,0.8433,1,0,52
331,6,0,0,3,1,-5.26,0.8428,1,0,52
332,7,0,0,2,1,-6.02,0.8423,1,0,52
333,8,0,0,4,1,-4.93,0.8418,1,0,52
334,17,0,0,4,1,-9.02,0.8414,1,0,52
335,27,0,0,8,3,-8.62,0.8409,1,0,53
336,9,0,0,2,1,-6.54,0.8404,1,0,53
337,9,0,0,5,1,-4.64,0.8399,1,0,53
338,14,0,0,5,2,-7.19,0.8395,1,0,53
339,9,0,0,2,1,-6.59,0.839,1,0,53
340,6,0,0,3,1,-4.81,0.8385,1,0,53
341,5,0,0,3,1,-5.2,0.838,1,0,53
342,12,0,0,2,1,-6.57,0.8376,1,0,53
343,5,0,0,3,1,-5.2,0.8371,1,0,53
344,9,0,0,2,1,-7.99,0.8366,1,0,53
345,6,0,0,3,1,-5.26,0.8361,1,0,53
346,6,0,0,0,1,-6.11,0.8357,1,0,53
347,10,0,0,1,1,-6.3,0.8352,1,0,53
348,9,0,0,4,1,-5.94,0.8347,1,0,53
349,15,0,0,5,2,-7.65,0.8342,1,0,53
350,8,0,0,2,1,-6.98,0.8337,1,0,53
351,7,0,0,2,1,-5.52,0.8333,1,0,53
352,6,0,0,0,1,-6.56,0.8328,1,0,53
353,7,0,0,2,1,-6.07,0.8323,1,0,53
354,6,0,0,2,1,-5.96,0.8318,1,0,53
355,7,0,0,2,1,-6.52,0.8314,1,0,53
356,26,0,0,5,2,-10.81,0.8309,1,0,53
357,7,0,0,3,1,-6.12,0.8304,1,0,53
358,8,0,0,3,1,-6.23,0.8299,1,0,53
359,7,0,0,1,1,-5.32,0.8295,1,0,53
360,18,0,0,2,1,-7.68,0.829,1,0,53
361,6,0,0,4,1,-4.86,0.8285,1,0,53
362,13,0,0,3,1,-7.23,0.828,1,0,53
363,9,0,0,3,1,-6.79,0.8276,1,0,53
364,33,0,0,8,4,-9.68,0.8271,1,0,53
365,14,0,0,3,1,-7.64,0.8266,1,0,53
366,5,0,0,4,1,-4.9,0.8262,1,0,53
367,6,0,0,3,1,-5.61,0.8257,1,0,53
368,5,0,0,4,1,-4.9,0.8252,1,0,53
369,10,0,0,3,1,-6.25,0.8247,1,0,53
370,7,0,0,3,1,-5.72,0.8243,1,0,53
371,10,0,0,2,1,-7.0,0.8238,1,0,53
372,12,0,0,2,1,-6.12,0.8233,1,0,53
373,14,0,0,3,1,-7.94,0.8228,1,0,53
374,6,0,0,3,1,-5.66,0.8224,1,0,53
375,5,0,0,3,1,-5.2,0.8219,1,0,53
376,12,0,0,3,1,-8.32,0.8214,1,0,53
377,8,0,0,4,1,-6.48,0.8209,1,0,53
378,7,0,0,1,1,-6.77,0.8205,1,0,53
379,16,0,0,9,2,-5.11,0.82,1,0,53
380,8,0,0,1,1,-6.33,0.8195,1,0,53
381,6,0,0,2,1,-5.96,0.819,1,0,53
382,18,0,0,6,2,-8.78,0.8185,1,0,53
383,33,0,0,7,3,-8.48,0.8181,1,0,53
384,7,0,0,3,1,-6.17,0.8176,1,0,53
385,10,0,0,4,1,-6.45,0.8171,1,0,53
386,8,0,0,3,1,-6.28,0.8166,1,0,53
387,6,0,0,4,1,-4.51,0.8162,1,0,53
388,8,0,0,2,1,-6.53,0.8157,1,0,53
389,7,0,0,3,1,-6.67,0.8152,1,0,53
390,10,0,0,4,1,-5.1,0.8147,1,0,53
391,15,0,0,3,1,-8.4,0.8143,1,0,53
392,17,0,0,4,2,-9.07,0.8138,1,0,53
393,5,0,0,3,1,-4.8,0.8133,1,0,53
394,5,0,0,3,1,-5.65,0.8128,1,0,53
395,5,0,0,3,1,-5.65,0.8124,1,0,53
396,11,0,0,2,1,-5.76,0.8119,1,0,53
397,27,0,0,6,2,-8.22,0.8114,1,0,53
398,21,0,0,4,2,-9.16,0.811,1,0,53
399,8,0,0,3,1,-6.28,0.8105,1,0,53
400,6,0,0,4,1,-5.76,0.81,1,0,53
401,19,0,0,5,2,-6.89,0.8095,1,0,53
402,10,0,0,2,1,-6.65,0.8091,1,0,53
403,9,0,0,2,1,-6.64,0.8086,1,0,53
404,7,0,0,5,1,-5.02,0.8081,1,0,53
405,5,0,0,3,1,-5.2,0.8076,1,0,53
406,8,0,0,3,1,-6.28,0.8072,1,0,53
407,6,0,0,3,1,-5.71,0.8067,1,0,53
408,11,0,0,4,1,-5.66,0.8062,1,0,53
409,6,0,0,3,1,-5.71,0.8057,1,0,53
410,13,0,0,3,1,-7.33,0.8053,1,0,53
411,5,0,0,4,1,-4.8,0.8048,1,0,53
412,17,0,0,2,1,-7.32,0.8043,1,0,53
413,7,0,0,2,1,-6.02,0.8038,1,0,53
414,41,1,1,7,3,-12.56,0.8034,1,0,53
415,7,0,0,2,1,-6.07,0.8029,1,0,53
416,5,0,0,4,1,-5.85,0.8024,1,0,53
417,6,0,0,3,1,-6.16,0.8019,1,0,53
418,17,0,0,3,1,-8.47,0.8014,1,0,53
419,10,0,0,2,1,-6.5,0.801,1,0,53
420,5,0,0,3,1,-5.65,0.8005,1,0,53
421,7,0,0,2,1,-6.02,0.8,1,0,53
422,7,0,0,6,1,-4.62,0.7995,1,0,53
423,9,0,0,3,1,-7.69,0.7991,1,0,53
424,8,0,0,3,1,-5.68,0.7986,1,0,53
425,7,0,0,4,1,-5.47,0.7981,1,0,53
426,16,0,0,3,1,-8.81,0.7976,1,0,53
427,6,0,0,4,1,-4.51,0.7972,1,0,53
428,10,0,0,3,1,-7.25,0.7967,1,0,53
429,5,0,0,1,1,-6.25,0.7962,1,0,53
430,7,0,0,2,1,-6.52,0.7957,1,0,53
431,9,0,0,2,1,-5.94,0.7953,1,0,53
432,8,0,0,2,1,-7.98,0.7948,1,0,53
433,16,0,0,2,1,-8.66,0.7943,1,0,53
434,8,0,0,2,1,-6.03,0.7938,1,0,53
435,17,0,0,4,2,-9.02,0.7934,1,0,53
436,6,0,0,2,1,-4.86,0.7929,1,0,53
437,22,0,0,5,2,-8.47,0.7924,1,0,53
438,8,0,0,5,1,-5.13,0.792,1,0,53
439,22,0,0,6,2,-8.72,0.7915,1,0,53
440,7,0,0,2,1,-6.97,0.791,1,0,53
441,14,0,0,6,2,-6.89,0.7905,1,0,53
442,12,0,0,2,1,-7.12,0.7901,1,0,53
443,5,0,0,3,1,-5.2,0.7896,1,0,53
444,10,0,0,1,1,-7.4,0.7891,1,0,53
445,5,0,0,3,1,-5.2,0.7886,1,0,53
446,10,0,0,2,1,-7.5,0.7882,1,0,53
447,11,0,0,3,1,-5.86,0.7877,1,0,53
448,6,0,0,2,1,-6.01,0.7872,1,0,53
449,12,0,0,1,1,-6.42,0.7867,1,0,53
450,6,0,0,2,1,-6.01,0.7863,1,0,53
451,11,0,0,4,1,-6.06,0.7858,1,0,53
452,8,0,0,2,1,-5.08,0.7853,1,0,53
453,6,0,0,3,1,-5.71,0.7848,1,0,53
454,7,0,0,3,1,-5.62,0.7843,1,0,53
455,7,0,0,3,1,-6.67,0.7839,1,0,53
456,8,0,0,3,1,-6.23,0.7834,1,0,53
457,11,0,0,2,1,-6.01,0.7829,1,0,53
458,32,0,0,4,2,-10.32,0.7824,1,0,53
459,10,0,0,3,1,-5.85,0.782,1,0,53
460,7,0,0,3,1,-5.77,0.7815,1,0,53
461,10,0,0,3,1,-6.25,0.781,1,0,53
462,20,0,0,3,1,-10.0,0.7805,1,0,53
463,6,0,0,2,1,-5.96,0.7801,1,0,53
464,5,0,0,2,1,-4.45,0.7796,1,0,54
465,11,0,0,3,1,-7.36,0.7791,1,0,54
466,7,0,0,3,1,-4.82,0.7787,1,0,54
467,5,0,0,3,1,-4.65,0.7782,1,0,54
468,5,0,0,4,1,-5.35,0.7777,1,0,54
469,6,0,0,3,1,-5.26,0.7772,1,0,54
470,9,0,0,1,1,-6.34,0.7768,1,0,54
471,6,0,0,3,1,-5.21,0.7763,1,0,54
472,7,0,0,3,1,-5.62,0.7758,1,0,54
473,7,0,0,2,1,-5.47,0.7753,1,0,54
474,16,0,0,3,1,-7.31,0.7749,1,0,54
475,5,0,0,2,1,-5.5,0.7744,1,0,54
476,6,0,0,3,1,-4.66,0.7739,1,0,54
477,6,0,0,2,1,-5.41,0.7734,1,0,54
478,9,0,0,2,1,-5.59,0.773,1,0,54
479,7,0,0,2,1,-5.47,0.7725,1,0,54
480,5,0,0,3,1,-4.75,0.772,1,0,54
481,16,0,0,4,2,-7.66,0.7715,1,0,54
482,5,0,0,4,1,-4.45,0.7711,1,0,54
483,13,0,0,5,2,-6.13,0.7706,1,0,54
484,6,0,0,3,1,-5.26,0.7701,1,0,54
485,5,0,0,3,1,-4.75,0.7696,1,0,54
486,6,0,0,2,1,-5.61,0.7692,1,0,54
487,15,0,0,2,1,-7.75,0.7687,1,0,54
488,6,0,0,2,1,-6.01,0.7682,1,0,54
489,21,0,0,5,2,-7.16,0.7677,1,0,54
490,10,0,0,3,1,-6.8,0.7672,1,0,54
491,7,0,0,3,1,-5.27,0.7668,1,0,54
492,8,0,0,2,1,-5.08,0.7663,1,0,54
493,8,0,0,2,1,-6.08,0.7658,1,0,54
494,14,0,0,4,2,-7.89,0.7653,1,0,54
495,10,0,0,3,1,-6.8,0.7649,1,0,54
496,6,0,0,1,1,-6.76,0.7644,1,0,54
497,15,0,0,4,1,-6.2,0.7639,1,0,54
498,12,0,0,1,1,-7.42,0.7634,1,0,54
499,15,0,0,5,2,-7.65,0.763,1,0,54
500,8,0,0,3,1,-5.33,0.7625,1,0,54
501,12,0,0,2,1,-7.12,0.762,1,0,54
502,7,0,0,3,1,-5.77,0.7615,1,0,54
503,8,0,0,3,1,-5.83,0.7611,1,0,54
504,15,0,0,2,1,-6.65,0.7606,1,0,54
505,6,0,0,3,1,-6.06,0.7601,1,0,54
506,6,0,0,2,1,-5.96,0.7597,1,0,54
507,5,0,0,3,1,-5.7,0.7592,1,0,54
508,11,0,0,2,1,-5.61,0.7587,1,0,54
509,6,0,0,2,1,-5.56,0.7582,1,0,54
510,8,0,0,2,1,-6.58,0.7578,1,0,54
511,15,0,0,5,2,-4.9,0.7573,1,0,54
512,6,0,0,3,1,-5.21,0.7568,1,0,54
513,11,0,0,2,1,-5.76,0.7563,1,0,54
514,28,0,0,9,3,-8.73,0.7559,1,0,54
515,7,0,0,3,1,-5.67,0.7554,1,0,54
516,5,0,0,3,1,-4.75,0.7549,1,0,54
517,11,0,0,3,1,-6.66,0.7544,1,0,54
518,7,0,0,3,1,-5.22,0.754,1,0,54
519,11,0,0,3,1,-7.26,0.7535,1,0,54
520,6,0,0,3,1,-5.66,0.753,1,0,54
521,6,0,0,2,1,-5.96,0.7525,1,0,54
522,14,0,0,6,2,-6.79,0.752,1,0,56
523,6,0,0,3,1,-6.11,0.7516,1,0,56
524,7,0,0,2,1,-6.52,0.7511,1,0,56
525,17,0,0,1,1,-8.07,0.7506,1,0,56
526,7,0,0,3,1,-4.72,0.7501,1,0,56
527,7,0,0,2,1,-5.02,0.7497,1,0,56
528,5,0,0,4,1,-5.35,0.7492,1,0,56
529,8,0,0,2,1,-7.03,0.7487,1,0,56
530,8,0,0,3,1,-6.28,0.7483,1,0,56
531,7,0,0,2,1,-6.02,0.7478,1,0,56
532,9,0,0,3,1,-5.74,0.7473,1,0,56
533,5,0,0,3,1,-4.75,0.7468,1,0,56
534,6,0,0,3,1,-5.61,0.7464,1,0,56
535,6,0,0,2,1,-5.96,0.7459,1,0,56
536,23,0,0,4,2,-10.58,0.7454,1,0,56
537,7,0,0,2,1,-6.52,0.7449,1,0,56
538,7,0,0,1,1,-6.82,0.7445,1,0,56
539,7,0,0,4,1,-5.37,0.744,1,0,56
540,29,0,0,5,3,-9.04,0.7435,1,0,56
541,18,0,0,6,2,-6.58,0.743,1,0,57
542,5,0,0,4,1,-4.9,0.7426,1,0,57
543,8,0,0,2,1,-6.53,0.7421,1,0,57
544,6,0,0,3,1,-5.26,0.7416,1,0,57
545,8,0,0,5,1,-4.63,0.7411,1,0,57
546,15,0,0,3,2,-7.9,0.7407,1,0,57
547,7,0,0,3,1,-5.62,0.7402,1,0,57
548,6,0,0,1,1,-5.81,0.7397,1,0,57
549,13,0,0,3,1,-8.83,0.7392,1,0,57
550,45,0,0,6,3,-14.95,0.7388,1,0,59
551,27,0,0,6,3,-7.22,0.7383,1,0,59
552,9,0,0,3,1,-6.09,0.7378,1,0,59
553,6,0,0,3,1,-6.16,0.7373,1,0,59
554,7,0,0,3,1,-5.72,0.7369,1,0,59
555,6,0,0,3,1,-5.21,0.7364,1,0,59
556,6,0,0,2,1,-5.41,0.7359,1,0,59
557,25,0,0,5,3,-8.4,0.7354,1,0,59
558,5,0,0,4,1,-5.4,0.7349,1,0,59
559,6,0,0,3,1,-5.61,0.7345,1,0,59
560,6,0,0,3,1,-4.76,0.734,1,0,59
561,10,0,0,2,1,-6.65,0.7335,1,0,59
562,8,0,0,3,1,-5.78,0.733,1,0,59
563,7,0,0,2,1,-6.07,0.7326,1,0,59
564,7,0,0,3,1,-5.77,0.7321,1,0,59
565,7,0,0,2,1,-5.07,0.7316,1,0,62
566,9,0,0,4,1,-5.49,0.7311,1,0,62
567,8,0,0,2,1,-6.43,0.7307,1,0,64
568,30,0,0,7,3,-8.85,0.7302,1,0,64
569,8,0,0,2,1,-7.03,0.7297,1,0,64
570,6,0,0,3,1,-6.06,0.7292,1,0,64
571,11,0,0,3,1,-6.31,0.7288,1,0,64
572,14,0,0,3,1,-8.34,0.7283,1,0,64
573,7,0,0,3,1,-5.27,0.7278,1,0,64
574,6,0,0,3,1,-5.61,0.7274,1,0,64
575,11,0,0,3,1,-6.81,0.7269,1,0,64
576,5,0,0,4,1,-5.4,0.7264,1,0,64
577,9,0,0,4,1,-5.49,0.7259,1,0,64
578,9,0,0,4,1,-6.39,0.7255,1,0,64
579,21,0,0,9,2,-6.71,0.725,1,0,64
580,11,0,0,4,1,-7.01,0.7245,1,0,64
581,32,0,0,7,3,-8.57,0.724,1,0,65
582,23,0,0,2,2,-8.33,0.7236,1,0,65
583,5,0,0,2,1,-5.05,0.7231,1,0,65
584,14,0,0,6,2,-5.89,0.7226,1,0,65
585,8,0,0,3,1,-5.73,0.7221,1,0,65
586,15,0,0,9,2,-5.95,0.7217,1,0,65
587,6,0,0,2,1,-5.51,0.7212,1,0,65
588,14,0,0,1,1,-8.84,0.7207,1,0,65
589,16,0,0,5,2,-7.31,0.7202,1,0,65
590,9,0,0,2,1,-7.54,0.7198,1,0,65
591,11,0,0,3,1,-7.36,0.7193,1,0,65
592,11,0,0,3,1,-7.26,0.7188,1,0,65
593,20,0,0,9,2,-7.0,0.7183,1,0,65
594,5,0,0,3,1,-5.1,0.7179,1,0,65
595,14,0,0,3,1,-7.39,0.7174,1,0,65
596,7,0,0,5,1,-4.97,0.7169,1,0,65
597,12,0,0,2,1,-7.52,0.7164,1,0,65
598,9,0,0,2,1,-6.94,0.716,1,0,65
599,26,0,0,10,3,-7.36,0.7155,1,0,65
600,15,0,0,3,1,-7.45,0.715,1,0,65
601,5,0,0,1,1,-5.8,0.7145,1,0,65
602,45,0,0,10,3,-11.05,0.7141,1,0,65
603,9,0,0,2,1,-5.59,0.7136,1,0,65
604,15,0,0,6,2,-5.25,0.7131,1,0,65
605,22,0,0,0,1,-8.27,0.7126,1,0,66
606,6,0,0,3,1,-5.66,0.7122,1,0,66
607,11,0,0,3,1,-5.86,0.7117,1,0,66
608,53,0,0,8,4,-13.28,0.7112,1,0,66
609,6,0,0,3,1,-5.21,0.7107,1,0,66
610,6,0,0,3,1,-5.71,0.7103,1,0,66
611,7,0,0,3,1,-5.22,0.7098,1,0,66
612,10,0,0,3,1,-6.85,0.7093,1,0,66
613,7,0,0,2,1,-5.12,0.7088,1,0,66
614,11,0,0,2,1,-7.96,0.7084,1,0,66
615,10,0,0,3,1,-6.35,0.7079,1,0,66
616,8,0,0,3,1,-6.28,0.7074,1,0,66
617,5,0,0,3,1,-4.75,0.7069,1,0,66
618,5,0,0,3,1,-5.2,0.7065,1,0,66
619,34,0,0,6,3,-9.74,0.706,1,0,66
620,7,0,0,2,1,-6.02,0.7055,1,0,66
621,6,0,0,1,1,-6.31,0.705,1,0,66
622,54,0,0,11,3,-10.59,0.7046,1,0,66
623,6,0,0,3,1,-5.66,0.7041,1,0,66
624,12,0,0,3,1,-7.37,0.7036,1,0,66
625,16,0,0,5,2,-7.36,0.7031,1,0,66
626,7,0,0,3,1,-6.72,0.7026,1,0,66
627,6,0,0,1,1,-5.81,0.7022,1,0,66
628,8,0,0,3,1,-6.28,0.7017,1,0,66
629,34,0,0,7,3,-9.84,0.7012,1,0,66
630,14,0,0,3,1,-7.84,0.7007,1,0,66
631,17,0,0,6,2,-7.42,0.7003,1,0,66
632,8,0,0,2,1,-5.63,0.6998,1,0,66
633,12,0,0,2,1,-7.47,0.6993,1,0,66
634,7,0,0,3,1,-5.82,0.6988,1,0,66
635,9,0,0,4,1,-5.49,0.6984,1,0,66
636,7,0,0,3,1,-6.67,0.6979,1,0,66
637,9,0,0,4,1,-5.99,0.6974,1,0,67
638,6,0,0,3,1,-5.21,0.6969,1,0,67
639,9,0,0,2,1,-5.99,0.6965,1,0,67
640,16,0,0,5,2,-6.31,0.696,1,0,67
641,15,0,0,5,2,-6.8,0.6955,1,0,67
642,5,0,0,4,1,-4.0,0.695,1,0,67
643,13,0,0,7,2,-5.53,0.6946,1,0,67
644,7,0,0,3,1,-5.72,0.6941,1,0,67
645,7,0,0,4,1,-5.37,0.6936,1,0,67
646,10,0,0,3,1,-6.35,0.6931,1,0,67
647,20,0,0,3,1,-7.35,0.6927,1,0,67
648,10,0,0,4,1,-5.55,0.6922,1,0,67
649,9,0,0,3,1,-6.24,0.6917,1,0,67
650,8,0,0,3,1,-5.33,0.6913,1,0,67
651,14,0,0,1,1,-6.44,0.6908,1,0,67
652,6,0,0,3,1,-5.21,0.6903,1,0,67
653,7,0,0,3,1,-6.12,0.6898,1,0,67
654,13,0,0,5,2,-5.68,0.6894,1,0,67
655,9,0,0,3,1,-7.24,0.6889,1,0,67
656,10,0,0,6,1,-5.7,0.6884,1,0,67
657,25,0,0,2,2,-9.15,0.6879,1,0,67
658,8,0,0,3,1,-5.23,0.6875,1,0,67
659,8,0,0,2,1,-6.98,0.687,1,0,67
660,7,0,0,4,1,-5.82,0.6865,1,0,67
661,6,0,0,3,1,-5.66,0.686,1,0,67
662,6,0,0,2,1,-6.01,0.6855,1,0,67
663,16,0,0,7,2,-5.56,0.6851,1,0,67
664,12,0,0,2,1,-6.67,0.6846,1,0,67
665,19,0,0,4,2,-8.14,0.6841,1,0,67
666,11,0,0,3,1,-7.36,0.6836,1,0,67
667,11,0,0,3,1,-7.31,0.6832,1,0,67
668,35,0,0,10,3,-9.15,0.6827,1,0,67
669,7,0,0,2,1,-4.67,0.6822,1,0,67
670,11,0,0,6,1,-5.01,0.6818,1,0,67
671,6,0,0,3,1,-5.16,0.6813,1,0,67
672,9,0,0,1,1,-6.49,0.6808,1,0,67
673,6,0,0,2,1,-5.06,0.6803,1,0,67
674,10,0,0,3,1,-6.7,0.6799,1,0,67
675,14,0,0,6,2,-6.79,0.6794,1,0,67
676,7,0,0,3,1,-6.17,0.6789,1,0,67
677,6,0,0,4,1,-5.86,0.6784,1,0,67
678,6,0,0,3,1,-5.56,0.678,1,0,67
679,22,0,0,8,2,-6.42,0.6775,1,0,67
680,10,0,0,4,1,-5.1,0.677,1,0,67
681,5,0,0,4,1,-4.4,0.6765,1,0,67
682,7,0,0,3,1,-5.72,0.6761,1,0,67
683,27,0,0,5,2,-8.47,0.6756,1,0,67
684,5,0,0,3,1,-5.1,0.6751,1,0,67
685,12,0,0,3,1,-7.77,0.6746,1,0,67
686,8,0,0,3,1,-6.23,0.6742,1,0,67
687,6,0,0,3,1,-5.26,0.6737,1,0,67
688,10,0,0,3,1,-6.8,0.6732,1,0,67
689,14,0,0,4,2,-5.89,0.6727,1,0,67
690,9,0,0,3,1,-5.29,0.6723,1,0,67
691,40,0,0,14,4,-9.0,0.6718,1,0,67
692,8,0,0,3,1,-5.23,0.6713,1,0,67
693,27,0,0,7,3,-9.37,0.6708,1,0,67
694,7,0,0,2,1,-6.87,0.6704,1,0,67
695,6,0,0,2,1,-5.41,0.6699,1,0,67
696,15,0,0,6,2,-6.0,0.6694,1,0,67
697,11,0,0,2,1,-6.06,0.6689,1,0,67
698,16,0,0,6,2,-7.01,0.6684,1,0,67
699,5,0,0,2,1,-5.05,0.668,1,0,67
700,24,0,0,6,3,-8.04,0.6675,1,0,67
701,8,0,0,3,1,-6.23,0.667,1,0,67
702,6,0,0,2,1,-5.96,0.6665,1,0,67
703,14,0,0,4,2,-6.44,0.6661,1,0,67
704,16,0,0,6,2,-6.46,0.6656,1,0,67
705,8,0,0,3,1,-6.28,0.6651,1,0,67
706,6,0,0,2,1,-6.01,0.6646,1,0,67
707,7,0,0,3,1,-4.72,0.6642,1,0,67
708,10,0,0,3,1,-6.3,0.6637,1,0,67
709,6,0,0,2,1,-6.36,0.6632,1,0,67
710,8,0,0,2,1,-6.53,0.6627,1,0,67
711,8,0,0,3,1,-5.08,0.6623,1,0,67
712,5,0,0,3,1,-5.6,0.6618,1,0,67
713,6,0,0,2,1,-6.01,0.6613,1,0,67
714,6,0,0,3,1,-5.21,0.6609,1,0,67
715,5,0,0,2,1,-5.45,0.6604,1,0,67
716,13,0,0,5,2,-5.78,0.6599,1,0,67
717,5,0,0,3,1,-5.2,0.6594,1,0,67
718,13,0,0,5,2,-5.38,0.659,1,0,67
719,8,0,0,3,1,-6.68,0.6585,1,0,67
720,10,0,0,3,1,-5.8,0.658,1,0,67
721,12,0,0,2,1,-7.92,0.6575,1,0,67
722,9,0,0,3,1,-6.19,0.6571,1,0,67
723,14,0,0,3,2,-7.34,0.6566,1,0,67
724,21,0,0,8,3,-5.91,0.6561,1,0,67
725,6,0,0,2,1,-6.01,0.6556,1,0,67
726,10,0,0,5,1,-7.0,0.6552,1,0,67
727,14,0,0,5,2,-6.14,0.6547,1,0,67
728,5,0,0,4,1,-4.9,0.6542,1,0,67
729,5,0,0,4,1,-5.3,0.6537,1,0,67
730,7,0,0,2,1,-6.02,0.6532,1,0,67
731,18,0,0,1,1,-7.48,0.6528,1,0,67
732,14,0,0,6,2,-5.59,0.6523,1,0,67
733,15,0,0,6,2,-6.0,0.6518,1,0,67
734,6,0,0,2,1,-5.56,0.6514,1,0,67
735,20,0,0,4,1,-9.5,0.6509,1,0,67
736,6,0,0,2,1,-5.96,0.6504,1,0,67
737,13,0,0,5,2,-6.28,0.6499,1,0,67
738,8,0,0,3,1,-6.73,0.6495,1,0,67
739,13,0,0,6,1,-5.53,0.649,1,0,67
740,6,0,0,2,1,-5.46,0.6485,1,0,67
741,6,0,0,3,1,-4.66,0.648,1,0,67
742,5,0,0,3,1,-5.65,0.6476,1,0,67
743,6,0,0,3,1,-4.21,0.6471,1,0,67
744,5,0,0,2,1,-4.5,0.6466,1,0,67
745,12,0,0,5,1,-5.72,0.6461,1,0,67
746,6,0,0,4,1,-5.41,0.6457,1,0,67
747,6,0,0,2,1,-5.41,0.6452,1,0,67
748,9,0,0,3,1,-6.29,0.6447,1,0,67
749,9,0,0,3,1,-4.84,0.6442,1,0,67
750,5,0,0,4,1,-4.95,0.6438,1,0,67
751,9,0,0,3,1,-5.84,0.6433,1,0,67
752,35,0,0,9,3,-10.4,0.6428,1,0,67
753,5,0,0,2,1,-6.0,0.6423,1,0,67
754,10,0,0,2,1,-5.65,0.6419,1,0,67
755,13,0,0,5,1,-6.58,0.6414,1,0,67
756,8,0,0,3,1,-6.23,0.6409,1,0,67
757,17,0,0,8,2,-4.97,0.6404,1,0,67
758,16,0,0,7,2,-7.06,0.64,1,0,67
759,6,0,0,2,1,-5.56,0.6395,1,0,67
760,5,0,0,4,1,-4.5,0.639,1,0,67
761,13,0,0,6,2,-5.53,0.6385,1,0,67
762,7,0,0,2,1,-6.37,0.6381,1,0,67
763,11,0,0,3,1,-6.31,0.6376,1,0,67
764,14,0,0,4,2,-5.14,0.6371,1,0,67
765,5,0,0,4,1,-4.45,0.6366,1,0,67
766,13,0,0,6,2,-5.03,0.6361,1,0,67
767,7,0,0,2,1,-5.52,0.6357,1,0,67
768,8,0,0,3,1,-5.83,0.6352,1,0,67
769,7,0,0,4,1,-5.47,0.6347,1,0,67
770,18,0,0,2,2,-7.33,0.6342,1,0,67
771,29,0,0,9,3,-9.09,0.6338,1,0,68
772,28,0,0,5,2,-10.38,0.6333,1,0,68
773,13,0,0,7,2,-4.58,0.6328,1,0,68
774,7,0,0,3,1,-5.77,0.6323,1,0,68
775,8,0,0,3,1,-5.78,0.6319,1,0,68
776,18,0,0,5,2,-9.08,0.6314,1,0,68
777,10,0,0,3,1,-6.85,0.6309,1,0,68
778,14,0,0,6,2,-6.34,0.6304,1,0,68
779,9,0,0,3,1,-6.29,0.63,1,0,68
780,15,0,0,5,2,-6.8,0.6295,1,0,68
781,7,0,0,3,1,-4.72,0.629,1,0,68
782,28,0,0,9,3,-8.03,0.6285,1,0,68
783,7,0,0,2,1,-6.02,0.6281,1,0,68
784,7,0,0,3,1,-6.07,0.6276,1,0,68
785,6,0,0,2,1,-5.51,0.6271,1,0,68
786,5,0,0,3,1,-5.65,0.6266,1,0,68
787,6,0,0,3,1,-4.76,0.6262,1,0,68
788,12,0,0,3,1,-7.32,0.6257,1,0,68
789,8,0,0,3,1,-5.68,0.6252,1,0,68
790,5,0,0,2,1,-5.35,0.6248,1,0,68
791,16,0,0,8,2,-6.36,0.6243,1,0,68
792,14,0,0,4,1,-7.04,0.6238,1,0,68
793,16,0,0,6,1,-5.96,0.6233,1,0,68
794,5,0,0,4,1,-4.35,0.6229,1,0,68
795,5,0,0,4,1,-5.85,0.6224,1,0,68
796,7,0,0,2,1,-5.47,0.6219,1,0,68
797,6,0,0,2,1,-6.01,0.6214,1,0,68
798,8,0,0,4,1,-4.98,0.621,1,0,68
799,16,0,0,6,2,-6.56,0.6205,1,0,68
800,8,0,0,3,1,-5.33,0.62,1,0,68
801,29,1,1,16,3,-1.99,0.6195,1,0,71
802,7,0,0,3,1,-6.07,0.619,1,0,71
803,9,0,0,6,1,-4.39,0.6186,1,0,71
804,7,0,0,3,1,-6.22,0.6181,1,0,71
805,7,0,0,3,1,-5.62,0.6176,1,0,71
806,35,0,0,5,4,-9.15,0.6171,1,0,71
807,27,0,0,10,3,-5.42,0.6167,1,0,71
808,16,0,0,0,1,-8.76,0.6162,1,0,71
809,8,0,0,2,1,-6.08,0.6157,1,0,71
810,10,0,0,2,1,-8.05,0.6153,1,0,71
811,6,0,0,3,1,-5.66,0.6148,1,0,71
812,8,0,0,3,1,-4.88,0.6143,1,0,71
813,14,0,0,7,2,-4.64,0.6138,1,0,71
814,9,0,0,5,1,-4.24,0.6134,1,0,71
815,8,0,0,3,1,-4.68,0.6129,1,0,71
816,9,0,0,2,1,-7.09,0.6124,1,0,71
817,6,0,0,3,1,-5.21,0.6119,1,0,71
818,7,0,0,3,1,-5.22,0.6115,1,0,71
819,19,0,0,6,2,-6.44,0.611,1,0,71
820,13,0,0,4,2,-5.98,0.6105,1,0,71
821,9,0,0,5,1,-5.64,0.61,1,0,71
822,6,0,0,3,1,-5.21,0.6096,1,0,71
823,38,0,0,5,3,-10.58,0.6091,1,0,71
824,7,0,0,5,1,-4.97,0.6086,1,0,71
825,30,0,0,10,3,-10.0,0.6081,1,0,71
826,5,0,0,3,1,-5.1,0.6077,1,0,71
827,5,0,0,3,1,-5.65,0.6072,1,0,71
828,13,0,0,3,1,-7.48,0.6067,1,0,71
829,5,0,0,3,1,-4.65,0.6062,1,0,71
830,7,0,0,3,1,-6.22,0.6058,1,0,71
831,5,0,0,3,1,-4.55,0.6053,1,0,71
832,8,0,0,3,1,-6.13,0.6048,1,0,71
833,24,1,1,3,2,-7.49,0.6043,1,0,71
834,17,0,0,3,2,-5.52,0.6038,1,0,71
835,14,0,0,9,2,-3.59,0.6034,1,0,71
836,16,0,0,6,2,-6.81,0.6029,1,0,71
837,12,0,0,4,1,-7.37,0.6024,1,0,71
838,15,0,0,6,2,-6.4,0.6019,1,0,71
839,18,0,0,5,2,-6.78,0.6015,1,0,71
840,5,0,0,4,1,-4.9,0.601,1,0,71
841,8,0,0,2,1,-6.98,0.6005,1,0,71
842,5,0,0,2,1,-4.95,0.6,1,0,71
843,17,0,0,7,2,-6.92,0.5996,1,0,71
844,13,0,0,4,2,-6.08,0.5991,1,0,71
845,16,0,0,4,1,-7.06,0.5986,1,0,71
846,7,0,0,3,1,-5.72,0.5981,1,0,71
847,18,0,0,5,2,-6.23,0.5977,1,0,71
848,6,0,0,2,1,-5.96,0.5972,1,0,71
849,6,0,0,3,1,-5.16,0.5967,1,0,71
850,7,0,0,3,1,-5.32,0.5962,1,0,71
851,30,1,1,9,4,-6.5,0.5958,1,0,73
852,37,0,0,7,3,-9.17,0.5953,1,0,73
853,5,0,0,2,1,-4.95,0.5948,1,0,73
854,12,0,0,3,1,-6.72,0.5944,1,0,73
855,11,0,0,4,1,-5.51,0.5939,1,0,73
856,13,0,0,6,2,-6.88,0.5934,1,0,73
857,16,0,0,9,2,-5.66,0.5929,1,0,73
858,18,0,0,5,2,-8.38,0.5925,1,0,73
859,14,0,0,4,1,-5.44,0.592,1,0,73
860,6,0,0,3,1,-5.66,0.5915,1,0,73
861,7,0,0,2,1,-6.02,0.591,1,0,73
862,7,0,0,2,1,-5.37,0.5906,1,0,73
863,5,0,0,3,1,-5.2,0.5901,1,0,73
864,7,0,0,3,1,-4.27,0.5896,1,0,73
865,7,0,0,3,1,-4.72,0.5891,1,0,73
866,9,0,0,3,1,-5.29,0.5887,1,0,73
867,5,0,0,2,1,-6.0,0.5882,1,0,73
868,8,0,0,3,1,-5.83,0.5877,1,0,73
869,30,0,0,10,3,-7.55,0.5872,1,0,73
870,6,0,0,3,1,-5.26,0.5867,1,0,73
871,5,0,0,3,1,-5.65,0.5863,1,0,73
872,8,0,0,4,1,-5.53,0.5858,1,0,73
873,6,0,0,3,1,-5.21,0.5853,1,0,73
874,8,0,0,2,1,-6.08,0.5849,1,0,73
875,5,0,0,4,1,-4.35,0.5844,1,0,73
876,14,0,0,4,2,-6.59,0.5839,1,0,73
877,6,0,0,3,1,-5.21,0.5834,1,0,73
878,10,0,0,1,1,-6.4,0.583,1,0,73
879,8,0,0,3,1,-5.78,0.5825,1,0,73
880,6,0,0,2,1,-6.01,0.582,1,0,73
881,6,0,0,3,1,-5.21,0.5815,1,0,73
882,18,0,0,3,2,-8.83,0.5811,1,0,73
883,31,0,0,7,2,-7.96,0.5806,1,0,73
884,7,0,0,2,1,-6.37,0.5801,1,0,73
885,7,0,0,5,1,-4.07,0.5796,1,0,73
886,22,0,0,7,2,-7.77,0.5792,1,0,73
887,7,0,0,3,1,-6.17,0.5787,1,0,73
888,6,0,0,2,1,-5.51,0.5782,1,0,73
889,25,0,0,5,3,-7.55,0.5777,1,0,73
890,14,0,0,5,2,-6.74,0.5773,1,0,73
891,16,0,0,8,2,-5.46,0.5768,1,0,73
892,13,0,0,7,2,-4.23,0.5763,1,0,73
893,17,0,0,5,2,-5.82,0.5758,1,0,73
894,6,0,0,3,1,-5.71,0.5754,1,0,73
895,5,0,0,2,1,-5.05,0.5749,1,0,73
896,14,0,0,4,2,-7.04,0.5744,1,0,73
897,8,0,0,2,1,-6.53,0.5739,1,0,73
898,5,0,0,4,1,-5.25,0.5735,1,0,73
899,5,0,0,2,1,-5.45,0.573,1,0,73
900,16,0,0,6,2,-6.71,0.5725,1,0,73
901,29,0,0,13,3,-6.09,0.572,1,0,74
902,8,0,0,3,1,-6.23,0.5716,1,0,74
903,15,0,0,6,2,-6.05,0.5711,1,0,74
904,6,0,0,2,1,-5.06,0.5706,1,0,74
905,9,0,0,5,1,-5.69,0.5701,1,0,74
906,9,0,0,1,1,-6.34,0.5696,1,0,74
907,8,0,0,2,1,-6.43,0.5692,1,0,74
908,12,0,0,2,1,-6.22,0.5687,1,0,74
909,11,0,0,3,1,-5.76,0.5682,1,0,74
910,5,0,0,2,1,-4.95,0.5677,1,0,74
911,13,0,0,2,1,-6.28,0.5673,1,0,74
912,5,0,0,4,1,-4.8,0.5668,1,0,74
913,15,0,0,9,2,-4.45,0.5663,1,0,74
914,6,0,0,3,1,-5.26,0.5658,1,0,74
915,9,0,0,2,1,-5.69,0.5654,1,0,74
916,5,0,0,3,1,-4.75,0.5649,1,0,74
917,6,0,0,3,1,-5.16,0.5644,1,0,74
918,6,0,0,2,1,-4.96,0.5639,1,0,74
919,10,0,0,5,1,-4.65,0.5635,1,0,74
920,6,0,0,4,1,-5.41,0.563,1,0,74
921,10,0,0,3,1,-5.35,0.5625,1,0,74
922,8,0,0,3,1,-5.23,0.562,1,0,74
923,43,0,0,9,4,-10.48,0.5616,1,0,74
924,17,0,0,6,2,-7.92,0.5611,1,0,74
925,23,0,0,5,3,-6.03,0.5606,1,0,74
926,10,0,0,3,1,-7.6,0.5601,1,0,74
927,7,0,0,5,1,-4.67,0.5597,1,0,74
928,5,0,0,3,1,-4.75,0.5592,1,0,74
929,5,0,0,3,1,-5.2,0.5587,1,0,74
930,9,0,0,3,1,-6.19,0.5583,1,0,74
931,7,0,0,3,1,-5.27,0.5578,1,0,74
932,8,0,0,6,1,-4.83,0.5573,1,0,74
933,40,0,0,9,3,-9.15,0.5568,1,0,74
934,10,0,0,5,1,-5.7,0.5564,1,0,74
935,5,0,0,2,1,-5.5,0.5559,1,0,74
936,10,0,0,3,1,-6.4,0.5554,1,0,74
937,75,0,0,4,5,-11.5,0.5549,1,0,74
938,5,0,0,4,1,-4.9,0.5545,1,0,74
939,21,0,0,4,2,-10.16,0.554,1,0,74
940,7,0,0,2,1,-6.02,0.5535,1,0,74
941,14,0,0,6,2,-5.94,0.553,1,0,74
942,25,0,0,7,3,-6.5,0.5526,1,0,74
943,21,0,0,5,2,-5.91,0.5521,1,0,74
944,10,0,0,2,1,-6.65,0.5516,1,0,74
945,7,0,0,2,1,-5.62,0.5511,1,0,74
946,15,0,0,6,2,-6.45,0.5507,1,0,74
947,9,0,0,2,1,-6.49,0.5502,1,0,74
948,14,0,0,4,2,-6.14,0.5497,1,0,74
949,8,0,0,3,1,-7.03,0.5492,1,0,74
950,23,0,0,9,3,-7.13,0.5488,1,0,74
951,16,0,0,3,1,-7.51,0.5483,1,0,74
952,5,0,0,1,1,-5.75,0.5478,1,0,74
953,29,0,0,5,3,-6.94,0.5473,1,0,74
954,6,0,0,2,1,-5.06,0.5469,1,0,74
955,5,0,0,4,1,-4.0,0.5464,1,0,74
956,24,0,0,11,3,-5.59,0.5459,1,0,74
957,6,0,0,2,1,-5.51,0.5454,1,0,74
958,37,0,0,13,4,-5.52,0.545,1,0,74
959,13,0,0,5,2,-5.73,0.5445,1,0,74
960,26,0,0,7,3,-7.76,0.544,1,0,74
961,16,0,0,7,2,-5.21,0.5435,1,0,74
962,6,0,0,2,1,-5.41,0.5431,1,0,74
963,9,0,0,3,1,-4.84,0.5426,1,0,74
964,25,1,1,8,3,-5.95,0.5421,1,0,75
965,7,0,0,2,1,-5.62,0.5416,1,0,75
966,7,0,0,3,1,-5.27,0.5412,1,0,75
967,16,0,0,3,1,-7.76,0.5407,1,0,75
968,6,0,0,3,1,-5.11,0.5402,1,0,75
969,8,0,0,2,1,-6.53,0.5397,1,0,75
970,7,0,0,2,1,-5.57,0.5393,1,0,75
971,13,0,0,8,2,-4.38,0.5388,1,0,75
972,9,0,0,3,1,-6.79,0.5383,1,0,75
973,6,0,0,3,1,-5.21,0.5378,1,0,75
974,7,0,0,3,1,-5.67,0.5373,1,0,75
975,11,0,0,2,1,-7.61,0.5369,1,0,75
976,53,0,0,11,4,-8.08,0.5364,1,0,75
977,7,0,0,3,1,-5.77,0.5359,1,0,75
978,8,0,0,3,1,-5.78,0.5354,1,0,75
979,6,0,0,4,1,-4.86,0.535,1,0,75
980,7,0,0,3,1,-5.72,0.5345,1,0,75
981,8,0,0,2,1,-6.58,0.534,1,0,75
982,11,0,0,2,1,-6.06,0.5335,1,0,75
983,9,0,0,2,1,-5.59,0.5331,1,0,75
984,35,0,0,10,3,-6.25,0.5326,1,0,75
985,17,0,0,5,2,-7.27,0.5321,1,0,75
986,6,0,0,3,1,-4.76,0.5316,1,0,75
987,9,0,0,3,1,-6.64,0.5312,1,0,75
988,17,0,0,7,2,-7.17,0.5307,1,0,75
989,14,0,0,4,2,-5.54,0.5302,1,0,75
990,12,0,0,3,1,-6.27,0.5297,1,0,75
991,40,0,0,8,3,-7.1,0.5293,1,0,76
992,17,0,0,4,2,-7.17,0.5288,1,0,76
993,17,0,0,9,2,-5.47,0.5283,1,0,76
994,16,0,0,5,2,-7.76,0.5279,1,0,76
995,15,0,0,6,2,-6.4,0.5274,1,0,76
996,8,0,0,3,1,-5.78,0.5269,1,0,76
997,10,0,0,2,1,-6.0,0.5264,1,0,76
998,52,0,0,14,5,-7.17,0.526,1,0,77
999,6,0,0,4,1,-5.41,0.5255,1,0,77
1000,7,0,0,3,1,-5.27,0.525,1,0,77
1001,9,0,0,2,1,-6.14,0.5245,1,0,77
1002,5,0,0,3,1,-5.65,0.5241,1,0,77
1003,7,0,0,2,1,-6.47,0.5236,1,0,77
1004,7,0,0,3,1,-5.27,0.5231,1,0,77
1005,17,0,0,4,2,-6.22,0.5226,1,0,77
1006,6,0,0,2,1,-5.06,0.5222,1,0,77
1007,5,0,0,4,1,-5.25,0.5217,1,0,77
1008,6,0,0,3,1,-5.71,0.5212,1,0,77
1009,6,0,0,3,1,-5.66,0.5207,1,0,77
1010,8,0,0,5,1,-4.98,0.5203,1,0,77
1011,5,0,0,3,1,-4.8,0.5198,1,0,77
1012,13,0,0,6,1,-6.48,0.5193,1,0,77
1013,6,0,0,2,1,-5.51,0.5188,1,0,77
1014,24,0,0,11,3,-5.34,0.5184,1,0,77
1015,6,0,0,2,1,-6.46,0.5179,1,0,77
1016,19,0,0,8,2,-6.54,0.5174,1,0,77
1017,6,0,0,3,1,-4.76,0.5169,1,0,77
1018,16,0,0,4,2,-7.06,0.5165,1,0,77
1019,8,0,0,3,1,-6.23,0.516,1,0,77
1020,7,0,0,3,1,-5.72,0.5155,1,0,77
1021,10,0,0,3,1,-5.8,0.515,1,0,77
1022,8,0,0,4,1,-4.53,0.5146,1,0,77
1023,10,0,0,2,1,-7.1,0.5141,1,0,77
1024,21,0,0,4,2,-7.41,0.5136,1,0,77
1025,17,0,0,3,1,-4.97,0.5131,1,0,77
1026,10,0,0,2,1,-6.5,0.5127,1,0,77
1027,27,1,1,8,3,-7.42,0.5122,1,0,77
1028,5,0,0,3,1,-5.1,0.5117,1,0,77
1029,16,0,0,4,2,-5.66,0.5112,1,0,77
1030,25,0,0,2,1,-7.8,0.5108,1,0,77
1031,7,0,0,2,1,-5.02,0.5103,1,0,77
1032,5,0,0,3,1,-4.65,0.5098,1,0,77
1033,27,0,0,4,2,-9.97,0.5093,1,0,77
1034,9,0,0,2,1,-6.54,0.5089,1,0,77
1035,5,0,0,4,1,-4.8,0.5084,1,0,77
1036,11,0,0,1,1,-8.81,0.5079,1,0,77
1037,14,0,0,6,2,-5.89,0.5074,1,0,77
1038,26,0,0,9,3,-5.81,0.507,1,0,77
1039,13,0,0,4,2,-7.03,0.5065,1,0,77
1040,8,0,0,1,1,-5.83,0.506,1,0,77
1041,14,0,0,7,2,-5.09,0.5055,1,0,77
1042,5,0,0,3,1,-5.2,0.505,1,0,77
1043,14,0,0,4,2,-6.59,0.5046,1,0,77
1044,26,0,0,12,3,-7.26,0.5041,1,0,77
1045,9,0,0,2,1,-6.14,0.5036,1,0,77
1046,5,0,0,4,1,-4.95,0.5031,1,0,77
1047,5,0,0,3,1,-5.2,0.5027,1,0,77
1048,13,0,0,6,2,-5.78,0.5022,1,0,77
1049,10,0,0,2,1,-6.65,0.5017,1,0,77
1050,14,0,0,8,2,-5.74,0.5012,1,0,77
1051,33,0,0,9,3,-5.78,0.5008,1,0,77
1052,13,0,0,6,2,-6.38,0.5003,1,0,77
1053,21,0,0,11,3,-4.86,0.4998,1,0,77
1054,31,0,0,4,2,-7.61,0.4993,1,0,77
1055,8,0,0,2,1,-6.08,0.4989,1,0,77
1056,12,0,0,3,1,-5.27,0.4984,1,0,77
1057,24,0,0,9,3,-4.49,0.4979,1,0,78
1058,5,0,0,2,1,-5.05,0.4974,1,0,78
1059,14,0,0,5,2,-6.29,0.497,1,0,78
1060,7,0,0,3,1,-5.72,0.4965,1,0,78
1061,6,0,0,3,1,-5.21,0.496,1,0,78
1062,25,1,1,11,3,-5.5,0.4956,1,0,78
1063,9,0,0,3,1,-6.74,0.4951,1,0,78
1064,13,0,0,6,2,-5.03,0.4946,1,0,78
1065,6,0,0,3,1,-5.56,0.4941,1,0,78
1066,6,0,0,2,1,-6.01,0.4937,1,0,78
1067,18,0,0,5,1,-6.73,0.4932,1,0,78
1068,59,0,0,9,4,-7.49,0.4927,1,0,79
1069,6,0,0,2,1,-5.41,0.4922,1,0,79
1070,6,0,0,3,1,-5.66,0.4918,1,0,79
1071,8,0,0,2,1,-5.08,0.4913,1,0,79
1072,6,0,0,2,1,-5.41,0.4908,1,0,79
1073,40,1,1,12,5,-5.6,0.4903,1,0,79
1074,5,0,0,3,1,-5.2,0.4899,1,0,79
1075,28,0,0,8,3,-5.48,0.4894,1,0,79
1076,6,0,0,2,1,-5.96,0.4889,1,0,79
1077,6,0,0,2,1,-5.51,0.4884,1,0,79
1078,58,0,0,7,4,-11.63,0.4879,1,0,79
1079,10,0,0,3,1,-7.25,0.4875,1,0,79
1080,8,0,0,2,1,-5.98,0.487,1,0,79
1081,34,0,0,8,3,-8.09,0.4865,1,0,81
1082,5,0,0,2,1,-6.0,0.486,1,0,81
1083,26,0,0,2,2,-8.41,0.4856,1,0,81
1084,7,0,0,2,1,-5.57,0.4851,1,0,81
1085,6,0,0,3,1,-4.76,0.4846,1,0,81
1086,14,0,0,8,2,-3.94,0.4841,1,0,81
1087,5,0,0,4,1,-4.95,0.4837,1,0,81
1088,6,0,0,2,1,-5.06,0.4832,1,0,81
1089,5,0,0,4,1,-4.9,0.4827,1,0,81
1090,9,0,0,2,1,-6.04,0.4822,1,0,81
1091,7,0,0,1,1,-5.32,0.4818,1,0,81
1092,6,0,0,2,1,-5.06,0.4813,1,0,81
1093,9,0,0,3,1,-6.19,0.4808,1,0,81
1094,24,0,0,8,3,-7.44,0.4803,1,0,81
1095,6,0,0,3,1,-4.56,0.4799,1,0,81
1096,19,0,0,2,2,-5.44,0.4794,1,0,81
1097,52,0,0,8,4,-11.02,0.4789,1,0,82
1098,7,0,0,1,1,-5.87,0.4784,1,0,82
1099,7,0,0,3,1,-5.27,0.478,1,0,82
1100,6,0,0,3,1,-5.21,0.4775,1,0,82
1101,13,0,0,8,2,-3.23,0.477,1,0,82
1102,17,0,0,6,2,-6.07,0.4766,1,0,82
1103,15,0,0,8,2,-4.9,0.4761,1,0,82
1104,7,0,0,2,1,-5.57,0.4756,1,0,82
1105,31,0,0,5,3,-6.01,0.4751,1,0,82
1106,13,0,0,7,2,-5.13,0.4747,1,0,82
1107,6,0,0,3,1,-4.66,0.4742,1,0,82
1108,16,0,0,8,2,-4.91,0.4737,1,0,82
1109,41,0,0,14,4,-5.56,0.4732,1,0,82
1110,7,0,0,2,1,-5.02,0.4728,1,0,82
1111,6,0,0,3,1,-4.31,0.4723,1,0,82
1112,26,0,0,11,3,-4.46,0.4718,1,0,82
1113,7,0,0,3,1,-5.62,0.4713,1,0,82
1114,24,0,0,7,2,-6.19,0.4708,1,0,82
1115,37,0,0,5,2,-10.32,0.4704,1,0,82
1116,6,0,0,2,1,-4.96,0.4699,1,0,82
1117,12,0,0,3,1,-6.17,0.4694,1,0,82
1118,8,0,0,3,1,-5.78,0.4689,1,0,82
1119,22,0,0,5,2,-6.52,0.4685,1,0,82
1120,22,0,0,8,3,-5.97,0.468,1,0,82
1121,7,0,0,2,1,-6.07,0.4675,1,0,82
1122,6,0,0,4,1,-5.31,0.467,1,0,82
1123,16,0,0,6,2,-6.11,0.4666,1,0,82
1124,6,0,0,3,1,-4.76,0.4661,1,0,82
1125,22,0,0,9,2,-5.72,0.4656,1,0,82
1126,5,0,0,3,1,-5.2,0.4652,1,0,82
1127,8,0,0,1,1,-6.88,0.4647,1,0,82
1128,5,0,0,4,1,-5.35,0.4642,1,0,82
1129,14,0,0,5,2,-6.74,0.4637,1,0,82
1130,6,0,0,3,1,-5.26,0.4633,1,0,82
1131,16,0,0,6,2,-5.56,0.4628,1,0,82
1132,25,0,0,8,3,-6.15,0.4623,1,0,82
1133,21,0,0,6,2,-6.01,0.4618,1,0,82
1134,5,0,0,4,1,-3.9,0.4614,1,0,82
1135,20,0,0,8,3,-4.95,0.4609,1,0,82
1136,11,0,0,6,1,-4.41,0.4604,1,0,82
1137,83,0,0,11,6,-12.53,0.4599,1,0,82
1138,6,0,0,2,1,-5.76,0.4595,1,0,82
1139,23,0,0,3,2,-6.93,0.459,1,0,82
1140,6,0,0,2,1,-5.06,0.4585,1,0,82
1141,92,0,0,6,3,-14.52,0.458,1,0,82
1142,25,0,0,7,2,-7.75,0.4576,1,0,82
1143,9,0,0,3,1,-5.84,0.4571,1,0,82
1144,15,0,0,6,2,-7.45,0.4566,1,0,82
1145,45,0,0,7,3,-8.75,0.4561,1,0,82
1146,6,0,0,2,1,-5.51,0.4557,1,0,82
1147,20,0,0,8,3,-5.1,0.4552,1,0,82
1148,6,0,0,3,1,-5.21,0.4547,1,0,82
1149,5,0,0,4,1,-4.85,0.4542,1,0,82
1150,91,0,0,17,7,-7.86,0.4538,1,0,84
1151,14,0,0,6,2,-4.99,0.4533,1,0,84
1152,26,0,0,8,3,-7.91,0.4528,1,0,84
1153,23,0,0,8,3,-6.08,0.4523,1,0,84
1154,20,0,0,7,2,-5.7,0.4519,1,0,84
1155,8,0,0,1,1,-5.53,0.4514,1,0,84
1156,14,0,0,4,2,-5.59,0.4509,1,0,84
1157,7,0,0,5,1,-4.17,0.4504,1,0,84
1158,16,0,0,8,2,-5.91,0.45,1,0,84
1159,16,0,0,7,2,-5.66,0.4495,1,0,84
1160,15,0,0,6,2,-4.95,0.449,1,0,84
1161,13,0,0,8,2,-5.28,0.4485,1,0,84
1162,6,0,0,3,1,-5.11,0.4481,1,0,84
1163,6,0,0,3,1,-4.66,0.4476,1,0,84
1164,15,0,0,4,2,-6.1,0.4471,1,0,84
1165,18,0,0,9,2,-5.58,0.4466,1,0,84
1166,20,0,0,6,2,-7.0,0.4462,1,0,84
1167,59,0,0,5,4,-9.89,0.4457,1,0,84
1168,44,0,0,12,3,-7.94,0.4452,1,0,84
1169,13,0,0,4,2,-4.93,0.4447,1,0,84
1170,8,0,0,3,1,-5.33,0.4443,1,0,84
1171,8,0,0,4,1,-4.93,0.4438,1,0,84
1172,19,0,0,4,2,-6.69,0.4433,1,0,84
1173,14,0,0,9,2,-4.29,0.4428,1,0,84
1174,8,0,0,3,1,-5.33,0.4424,1,0,84
1175,21,0,0,10,3,-4.86,0.4419,1,0,84
1176,13,0,0,4,2,-6.08,0.4414,1,0,84
1177,5,0,0,4,1,-5.25,0.4409,1,0,84
1178,45,0,0,11,4,-6.4,0.4405,1,0,84
1179,15,0,0,6,2,-6.45,0.44,1,0,84
1180,8,0,0,3,1,-5.23,0.4395,1,0,84
1181,15,0,0,7,2,-5.3,0.439,1,0,84
1182,18,0,0,6,2,-6.68,0.4386,1,0,84
1183,8,0,0,3,1,-5.23,0.4381,1,0,84
1184,7,0,0,3,1,-5.62,0.4376,1,0,84
1185,16,0,0,5,2,-7.26,0.4371,1,0,84
1186,8,0,0,3,1,-5.68,0.4367,1,0,84
1187,6,0,0,2,1,-5.36,0.4362,1,0,84
1188,8,0,0,3,1,-5.68,0.4357,1,0,84
1189,22,0,0,10,3,-5.72,0.4352,1,0,84
1190,5,0,0,3,1,-5.2,0.4348,1,0,84
1191,6,0,0,2,1,-5.06,0.4343,1,0,84
1192,41,0,0,8,4,-7.16,0.4338,1,0,88
1193,9,0,0,1,1,-7.29,0.4333,1,0,88
1194,7,0,0,2,1,-5.57,0.4329,1,0,88
1195,6,0,0,2,1,-4.86,0.4324,1,0,88
1196,15,0,0,2,2,-7.25,0.4319,1,0,88
1197,18,0,0,6,2,-5.58,0.4314,1,0,88
1198,11,0,0,1,1,-6.01,0.431,1,0,88
1199,17,0,0,7,2,-5.62,0.4305,1,0,88
1200,28,0,0,9,4,-7.33,0.43,1,0,88
1201,39,0,0,10,4,-5.34,0.4295,1,0,89
1202,17,0,0,7,2,-4.67,0.4291,1,0,89
1203,8,0,0,3,1,-5.13,0.4286,1,0,89
1204,16,0,0,9,2,-3.51,0.4281,1,0,89
1205,31,0,0,6,3,-8.71,0.4276,1,0,89
1206,5,0,0,4,1,-4.35,0.4272,1,0,89
1207,9,0,0,3,1,-5.84,0.4267,1,0,89
1208,17,0,0,2,1,-5.97,0.4262,1,0,89
1209,14,0,0,4,2,-6.49,0.4257,1,0,89
1210,16,0,0,4,2,-6.56,0.4253,1,0,89
1211,5,0,0,3,1,-4.75,0.4248,1,0,89
1212,18,0,0,7,2,-5.23,0.4243,1,0,89
1213,7,0,0,5,1,-4.42,0.4238,1,0,89
1214,6,0,0,3,1,-4.21,0.4234,1,0,89
1215,6,0,0,3,1,-4.31,0.4229,1,0,89
1216,14,0,0,4,2,-6.59,0.4224,1,0,89
1217,18,0,0,6,2,-6.13,0.4219,1,0,89
1218,7,0,0,2,1,-6.02,0.4214,1,0,89
1219,7,0,0,3,1,-5.27,0.421,1,0,89
1220,20,1,1,6,3,-4.45,0.4205,1,0,90
1221,14,0,0,6,1,-5.89,0.42,1,0,90
1222,170,1,1,14,9,-12.75,0.4196,1,0,92
1223,40,0,0,9,3,-7.15,0.4191,1,0,92
1224,17,0,0,5,2,-6.82,0.4186,1,0,92
1225,21,0,0,8,3,-5.21,0.4181,1,0,93
1226,6,0,0,2,1,-5.41,0.4177,1,0,93
1227,16,0,0,9,2,-3.46,0.4172,1,0,93
1228,10,0,0,2,1,-5.9,0.4167,1,0,93
1229,7,0,0,4,1,-6.87,0.4162,1,0,93
1230,6,0,0,3,1,-5.01,0.4158,1,0,93
1231,6,0,0,2,1,-5.96,0.4153,1,0,93
1232,18,0,0,5,2,-6.88,0.4148,1,0,93
1233,18,0,0,8,2,-4.88,0.4143,1,0,93
1234,6,0,0,2,1,-5.06,0.4139,1,0,93
1235,5,0,0,4,1,-4.05,0.4134,1,0,93
1236,6,0,0,4,1,-5.41,0.4129,1,0,93
1237,6,0,0,4,1,-5.31,0.4124,1,0,93
1238,24,0,0,6,2,-9.64,0.412,1,0,93
1239,5,0,0,3,1,-5.1,0.4115,1,0,93
1240,7,0,0,2,1,-5.57,0.411,1,0,93
1241,33,0,0,9,3,-5.48,0.4105,1,0,93
1242,14,0,0,8,2,-5.34,0.4101,1,0,93
1243,15,0,0,3,2,-7.35,0.4096,1,0,93
1244,5,0,0,4,1,-4.45,0.4091,1,0,93
1245,8,0,0,2,1,-5.08,0.4086,1,0,93
1246,13,0,0,9,2,-5.03,0.4082,1,0,93
1247,6,0,0,3,1,-5.66,0.4077,1,0,93
1248,100,0,0,15,6,-9.65,0.4072,1,0,93
1249,9,0,0,3,1,-6.74,0.4067,1,0,93
1250,10,0,0,2,1,-5.1,0.4062,1,0,93
1251,13,0,0,4,2,-6.53,0.4058,1,0,93
1252,14,0,0,6,2,-4.54,0.4053,1,0,93
1253,40,0,0,13,4,-4.15,0.4048,1,0,93
1254,29,0,0,10,3,-4.89,0.4043,1,0,93
1255,5,0,0,3,1,-4.7,0.4039,1,0,93
1256,11,0,0,3,1,-7.31,0.4034,1,0,93
1257,6,0,0,1,1,-4.91,0.4029,1,0,93
1258,7,0,0,3,1,-5.72,0.4024,1,0,93
1259,6,0,0,3,1,-5.21,0.402,1,0,93
1260,13,0,0,8,2,-3.88,0.4015,1,0,93
1261,7,0,0,4,1,-4.92,0.401,1,0,93
1262,6,0,0,3,1,-4.76,0.4006,1,0,93
1263,6,0,0,3,1,-5.21,0.4001,1,0,93
1264,16,0,0,4,2,-8.51,0.3996,1,0,93
1265,7,0,0,1,1,-5.32,0.3991,1,0,93
1266,7,0,0,2,1,-5.12,0.3987,1,0,93
1267,14,0,0,7,2,-6.09,0.3982,1,0,93
1268,21,1,1,8,3,-2.91,0.3977,1,0,93
1269,6,0,0,2,1,-6.51,0.3972,1,0,93
1270,14,0,0,5,2,-5.74,0.3968,1,0,93
1271,7,0,0,3,1,-4.72,0.3963,1,0,93
1272,6,0,0,3,1,-5.21,0.3958,1,0,93
1273,13,0,0,9,2,-3.53,0.3953,1,0,93
1274,13,0,0,8,2,-3.33,0.3949,1,0,93
1275,34,0,0,5,3,-8.44,0.3944,1,0,93
1276,21,0,0,10,2,-3.91,0.3939,1,0,93
1277,11,0,0,2,1,-5.51,0.3934,1,0,93
1278,57,0,0,12,5,-6.17,0.393,1,0,93
1279,32,0,0,9,3,-6.72,0.3925,1,0,93
1280,27,0,0,9,2,-6.52,0.392,1,0,93
1281,41,0,0,10,3,-8.66,0.3915,1,0,93
1282,8,0,0,3,1,-4.83,0.3911,1,0,93
1283,8,0,0,3,1,-4.78,0.3906,1,0,93
1284,17,0,0,5,1,-6.57,0.3901,1,0,93
1285,39,0,0,16,4,-5.19,0.3896,1,0,96
1286,29,1,1,6,3,-5.74,0.3891,1,0,98
1287,52,0,0,6,2,-8.52,0.3887,1,0,98
1288,183,0,0,19,10,-13.48,0.3882,1,0,103
1289,19,0,0,6,2,-6.19,0.3877,1,0,103
1290,6,0,0,3,1,-5.21,0.3872,1,0,103
1291,96,0,0,13,5,-13.51,0.3868,1,0,103
1292,50,2,2,17,5,-5.1,0.3863,1,0,105
1293,6,0,0,4,1,-4.51,0.3858,1,0,105
1294,24,1,1,11,3,-3.49,0.3853,1,0,105
1295,6,0,0,2,1,-6.06,0.3849,1,0,105
1296,25,0,0,10,3,-3.95,0.3844,1,0,105
1297,27,0,0,8,3,-7.17,0.3839,1,0,105
1298,15,0,0,2,1,-6.2,0.3834,1,0,105
1299,12,0,0,4,1,-6.12,0.383,1,0,105
1300,84,0,0,12,5,-7.34,0.3825,1,0,107
1301,25,1,1,7,3,-5.75,0.382,1,0,107
1302,7,0,0,5,1,-4.52,0.3816,1,0,107
1303,5,0,0,3,1,-5.65,0.3811,1,0,107
1304,13,0,0,9,2,-3.48,0.3806,1,0,107
1305,8,0,0,4,1,-5.08,0.3801,1,0,107
1306,9,0,0,6,1,-4.79,0.3797,1,0,107
1307,14,0,0,2,1,-4.49,0.3792,1,0,107
1308,15,0,0,4,2,-7.45,0.3787,1,0,107
1309,42,0,0,6,3,-8.67,0.3782,1,0,107
1310,5,0,0,3,1,-4.6,0.3778,1,0,107
1311,37,0,0,10,3,-5.92,0.3773,1,0,107
1312,20,0,0,7,2,-5.95,0.3768,1,0,107
1313,14,0,0,8,2,-4.84,0.3763,1,0,107
1314,39,0,0,10,3,-6.59,0.3759,1,0,107
1315,127,1,1,13,8,-12.27,0.3754,1,0,107
1316,40,0,0,10,4,-6.7,0.3749,1,0,107
1317,13,0,0,8,2,-3.78,0.3744,1,0,107
1318,23,0,0,6,2,-7.63,0.374,1,0,107
1319,5,0,0,2,1,-5.5,0.3735,1,0,107
1320,7,0,0,3,1,-4.27,0.373,1,0,107
1321,6,0,0,3,1,-5.21,0.3725,1,0,107
1322,14,0,0,4,2,-6.49,0.372,1,0,107
1323,23,0,0,10,3,-6.98,0.3716,1,0,107
1324,13,0,0,8,2,-4.63,0.3711,1,0,107
1325,15,0,0,6,2,-5.5,0.3706,1,0,107
1326,101,0,0,18,7,-10.76,0.3701,1,0,107
1327,6,0,0,2,1,-5.06,0.3697,1,0,107
1328,6,0,0,3,1,-4.66,0.3692,1,0,107
1329,15,0,0,3,2,-5.85,0.3687,1,0,107
1330,31,0,0,7,4,-5.91,0.3682,1,0,107
1331,6,0,0,3,1,-5.66,0.3678,1,0,107
1332,15,0,0,7,2,-7.45,0.3673,1,0,107
1333,37,0,0,7,3,-7.57,0.3668,1,0,107
1334,58,0,0,13,6,-8.98,0.3663,1,0,107
1335,41,0,0,10,3,-5.26,0.3659,1,0,107
1336,8,0,0,3,1,-5.78,0.3654,1,0,107
1337,73,0,0,15,5,-9.03,0.3649,1,0,107
1338,31,0,0,12,4,-6.41,0.3644,1,0,107
1339,5,0,0,2,1,-5.35,0.364,1,0,107
1340,25,0,0,7,3,-7.05,0.3635,1,0,107
1341,9,0,0,3,1,-5.74,0.363,1,0,107
1342,10,0,0,4,1,-6.0,0.3626,1,0,107
1343,38,0,0,7,3,-7.98,0.3621,1,0,107
1344,13,0,0,5,2,-6.58,0.3616,1,0,107
1345,7,0,0,2,1,-5.02,0.3611,1,0,107
1346,9,0,0,2,1,-5.49,0.3607,1,0,107
1347,15,0,0,5,2,-6.2,0.3602,1,0,107
1348,13,0,0,8,2,-5.53,0.3597,1,0,107
1349,48,0,0,12,4,-5.58,0.3592,1,0,107
1350,17,0,0,8,2,-4.77,0.3588,1,0,107
1351,48,0,0,15,5,-5.63,0.3583,1,0,107
1352,14,0,0,5,2,-5.74,0.3578,1,0,107
1353,5,0,0,4,1,-4.9,0.3573,1,0,107
1354,23,0,0,8,3,-5.38,0.3569,1,0,107
1355,25,1,1,11,3,-2.95,0.3564,1,0,107
1356,6,0,0,3,1,-5.21,0.3559,1,0,107
1357,18,0,0,5,2,-6.78,0.3554,1,0,107
1358,5,0,0,2,1,-5.05,0.3549,1,0,107
1359,30,0,0,5,3,-7.8,0.3545,1,0,107
1360,181,1,1,11,4,-8.51,0.354,1,0,108
1361,48,0,0,8,4,-7.28,0.3535,1,0,108
1362,21,0,0,9,3,-6.66,0.353,1,0,108
1363,55,0,0,6,3,-9.0,0.3526,1,0,108
1364,6,0,0,2,1,-5.51,0.3521,1,0,108
1365,120,0,0,16,7,-10.3,0.3516,1,0,108
1366,29,0,0,6,3,-7.64,0.3511,1,0,108
1367,6,0,0,2,1,-5.51,0.3507,1,0,108
1368,31,0,0,1,2,-6.61,0.3502,1,0,108
1369,5,0,0,2,1,-5.1,0.3497,1,0,108
1370,6,0,0,3,1,-5.21,0.3492,1,0,108
1371,37,0,0,3,2,-10.07,0.3488,1,0,108
1372,13,0,0,8,2,-4.83,0.3483,1,0,108
1373,20,0,0,10,3,-4.3,0.3478,1,0,108
1374,81,0,0,20,6,-8.86,0.3473,1,0,108
1375,107,0,0,14,9,-9.12,0.3469,1,0,109
1376,27,0,0,11,4,-5.27,0.3464,1,0,109
1377,23,0,0,5,3,-6.93,0.3459,1,0,109
1378,30,0,0,7,4,-6.95,0.3455,1,0,109
1379,7,0,0,3,1,-4.82,0.345,1,0,109
1380,110,0,0,22,9,-9.15,0.3445,1,0,110
1381,66,1,1,24,8,-4.26,0.344,1,0,111
1382,23,0,0,9,3,-5.73,0.3436,1,0,111
1383,13,0,0,6,2,-5.48,0.3431,1,0,111
1384,39,0,0,8,3,-6.89,0.3426,1,0,111
1385,22,0,0,9,3,-3.82,0.3421,1,0,111
1386,6,0,0,3,1,-5.66,0.3417,1,0,111
1387,6,0,0,1,1,-5.36,0.3412,1,0,111
1388,21,0,0,11,3,-4.86,0.3407,1,0,111
1389,7,0,0,2,1,-4.57,0.3402,1,0,111
1390,20,0,0,10,3,-5.35,0.3398,1,0,111
1391,21,0,0,8,3,-5.46,0.3393,1,0,111
1392,44,1,1,14,4,-4.74,0.3388,1,0,111
1393,14,0,0,6,2,-4.54,0.3383,1,0,111
1394,18,0,0,3,2,-6.93,0.3379,1,0,111
1395,13,0,0,7,2,-5.58,0.3374,1,0,111
1396,13,0,0,6,2,-4.98,0.3369,1,0,111
1397,43,0,0,10,3,-5.78,0.3364,1,0,111
1398,27,0,0,13,4,-5.67,0.336,1,0,111
1399,113,0,0,16,7,-11.43,0.3355,1,0,112
1400,22,0,0,9,3,-5.07,0.335,1,0,112
1401,9,0,0,2,1,-5.54,0.3345,1,0,112
1402,13,0,0,5,2,-5.78,0.3341,1,0,112
1403,7,0,0,3,1,-5.27,0.3336,1,0,112
1404,7,0,0,2,1,-5.12,0.3331,1,0,112
1405,27,0,0,11,4,-4.67,0.3326,1,0,112
1406,44,1,1,9,3,-6.99,0.3322,1,0,112
1407,14,0,0,6,2,-4.09,0.3317,1,0,112
1408,14,0,0,5,2,-4.19,0.3312,1,0,112
1409,7,0,0,3,1,-4.27,0.3307,1,0,112
1410,31,0,0,11,3,-5.16,0.3303,1,0,112
1411,7,0,0,3,1,-5.27,0.3298,1,0,112
1412,13,0,0,5,2,-4.88,0.3293,1,0,112
1413,30,0,0,9,4,-6.9,0.3288,1,0,112
1414,42,0,0,16,5,-5.02,0.3284,1,0,112
1415,8,0,0,3,1,-5.23,0.3279,1,0,112
1416,6,0,0,2,1,-4.61,0.3274,1,0,112
1417,5,0,0,3,1,-4.75,0.3269,1,0,112
1418,7,0,0,2,1,-4.97,0.3265,1,0,112
1419,5,0,0,3,1,-5.7,0.326,1,0,112
1420,22,1,1,10,3,-4.82,0.3255,1,0,112
1421,17,0,0,4,2,-7.67,0.325,1,0,112
1422,108,2,2,30,9,-5.68,0.3246,1,0,112
1423,78,0,0,15,5,-9.58,0.3241,1,0,112
1424,6,0,0,3,1,-5.21,0.3236,1,0,112
1425,146,1,1,13,6,-12.86,0.3231,1,0,112
1426,43,0,0,10,6,-9.18,0.3227,1,0,112
1427,35,0,0,5,2,-5.1,0.3222,1,0,112
1428,15,0,0,4,2,-8.45,0.3217,1,0,112
1429,46,0,0,9,4,-6.11,0.3212,1,0,112
1430,6,0,0,3,1,-5.66,0.3208,1,0,112
1431,19,0,0,5,2,-6.29,0.3203,1,0,112
1432,8,0,0,3,1,-6.68,0.3198,1,0,112
1433,6,0,0,2,1,-5.51,0.3193,1,0,112
1434,23,0,0,8,3,-5.13,0.3189,1,0,112
1435,11,0,0,3,1,-5.31,0.3184,1,0,112
1436,6,0,0,3,1,-4.66,0.3179,1,0,112
1437,21,0,0,10,3,-4.36,0.3174,1,0,112
1438,28,0,0,8,3,-6.68,0.317,1,0,112
1439,6,0,0,3,1,-4.76,0.3165,1,0,112
1440,13,0,0,8,2,-4.33,0.316,1,0,112
1441,12,0,0,5,1,-4.27,0.3155,1,0,112
1442,29,0,0,6,3,-6.69,0.3151,1,0,112
1443,38,0,0,12,4,-6.98,0.3146,1,0,112
1444,27,0,0,10,3,-4.82,0.3141,1,0,112
1445,24,1,1,8,3,-3.89,0.3136,1,0,112
1446,31,1,1,9,3,-5.71,0.3132,1,0,112
1447,130,1,1,14,8,-9.25,0.3127,1,0,112
1448,19,0,0,7,2,-6.04,0.3122,1,0,112
1449,8,0,0,6,1,-3.93,0.3117,1,0,112
1450,7,0,0,2,1,-6.02,0.3113,1,0,112
1451,14,0,0,5,2,-6.74,0.3108,1,0,112
1452,16,0,0,5,2,-5.51,0.3103,1,0,112
1453,7,0,0,3,1,-4.82,0.3098,1,0,112
1454,16,0,0,6,2,-6.11,0.3094,1,0,112
1455,6,0,0,2,1,-5.61,0.3089,1,0,112
1456,37,0,0,19,5,-3.92,0.3084,1,0,112
1457,98,0,0,17,6,-5.78,0.3079,1,0,113
1458,71,0,0,10,6,-8.91,0.3075,1,0,113
1459,34,0,0,9,3,-7.24,0.307,1,0,113
1460,14,0,0,7,2,-4.09,0.3065,1,0,113
1461,23,0,0,9,3,-5.13,0.306,1,0,113
1462,23,0,0,9,3,-5.18,0.3056,1,0,113
1463,6,0,0,3,1,-4.31,0.3051,1,0,113
1464,24,0,0,12,3,-5.24,0.3046,1,0,113
1465,6,0,0,3,1,-4.31,0.3041,1,0,113
1466,6,0,0,3,1,-4.76,0.3037,1,0,113
1467,6,0,0,3,1,-5.21,0.3032,1,0,113
1468,59,0,0,12,4,-6.04,0.3027,1,0,114
1469,5,0,0,4,1,-4.9,0.3022,1,0,114
1470,23,0,0,7,3,-5.83,0.3018,1,0,114
1471,101,0,0,14,4,-9.61,0.3013,1,0,114
1472,7,0,0,2,1,-4.57,0.3008,1,0,114
1473,6,0,0,3,1,-5.11,0.3003,1,0,114
1474,39,0,0,10,3,-5.14,0.2999,1,0,114
1475,6,0,0,2,1,-4.96,0.2994,1,0,114
1476,110,0,0,15,7,-8.55,0.2989,1,0,114
1477,6,0,0,2,1,-5.51,0.2984,1,0,114
1478,5,0,0,4,1,-4.9,0.298,1,0,114
1479,36,0,0,10,4,-8.06,0.2975,1,0,114
1480,18,0,0,8,2,-4.93,0.297,1,0,114
1481,26,0,0,5,2,-6.21,0.2965,1,0,114
1482,10,0,0,4,1,-5.0,0.2961,1,0,114
1483,5,0,0,2,1,-5.5,0.2956,1,0,114
1484,23,0,0,9,3,-6.58,0.2951,1,0,114
1485,35,2,2,9,4,-4.55,0.2946,1,0,114
1486,13,0,0,7,2,-4.03,0.2942,1,0,114
1487,21,0,0,9,3,-6.61,0.2937,1,0,114
1488,24,0,0,10,3,-6.49,0.2932,1,0,114
1489,21,0,0,8,3,-6.51,0.2927,1,0,114
1490,30,0,0,11,4,-3.75,0.2923,1,0,114
1491,35,1,1,12,3,-3.85,0.2918,1,0,114
1492,13,0,0,4,2,-5.63,0.2913,1,0,114
1493,14,0,0,5,2,-5.29,0.2908,1,0,114
1494,16,0,0,9,2,-5.11,0.2903,1,0,114
1495,24,0,0,9,3,-5.19,0.2899,1,0,114
1496,6,0,0,2,1,-5.06,0.2894,1,0,114
1497,32,0,0,12,4,-5.77,0.2889,1,0,114
1498,23,0,0,9,3,-3.73,0.2884,1,0,114
1499,23,0,0,6,3,-7.18,0.288,1,0,114
1500,27,0,0,10,4,-6.42,0.2875,1,0,114
1501,20,0,0,8,3,-5.45,0.287,1,0,114
1502,164,0,0,23,8,-8.69,0.2866,1,0,114
1503,5,0,0,2,1,-5.4,0.2861,1,0,114
1504,42,0,0,17,6,-8.02,0.2856,1,0,114
1505,35,0,0,3,2,-9.5,0.2851,1,0,114
1506,9,0,0,3,1,-5.19,0.2847,1,0,114
1507,35,0,0,12,3,-3.5,0.2842,1,0,114
1508,75,0,0,19,6,-5.35,0.2837,1,0,116
1509,7,0,0,3,1,-5.27,0.2832,1,0,116
1510,13,0,0,4,2,-4.58,0.2828,1,0,116
1511,41,1,1,11,3,-4.16,0.2823,1,0,116
1512,41,1,1,11,4,-4.31,0.2818,1,0,116
1513,7,0,0,3,1,-5.27,0.2813,1,0,116
1514,59,0,0,15,6,-7.09,0.2809,1,0,116
1515,16,0,0,3,2,-4.81,0.2804,1,0,116
1516,20,0,0,4,2,-7.45,0.2799,1,0,116
1517,6,0,0,2,1,-5.06,0.2794,1,0,116
1518,7,0,0,6,1,-3.37,0.279,1,0,116
1519,6,0,0,3,1,-4.31,0.2785,1,0,116
1520,70,0,0,7,4,-6.45,0.278,1,0,116
1521,6,0,0,3,1,-4.76,0.2775,1,0,116
1522,16,0,0,8,2,-4.41,0.2771,1,0,116
1523,26,0,0,8,3,-4.66,0.2766,1,0,116
1524,16,0,0,7,2,-5.21,0.2761,1,0,116
1525,39,0,0,10,3,-4.89,0.2756,1,0,116
1526,56,0,0,11,4,-4.96,0.2752,1,0,116
1527,5,0,0,4,1,-4.45,0.2747,1,0,116
1528,6,0,0,3,1,-5.21,0.2742,1,0,116
1529,18,0,0,7,2,-6.58,0.2737,1,0,116
1530,131,0,0,15,8,-10.21,0.2732,1,0,117
1531,68,1,1,13,5,-7.33,0.2728,1,0,117
1532,17,0,0,4,2,-7.12,0.2723,1,0,117
1533,7,0,0,2,1,-5.57,0.2718,1,0,117
1534,31,0,0,9,3,-4.86,0.2713,1,0,117
1535,6,0,0,1,1,-5.36,0.2709,1,0,117
1536,6,0,0,3,1,-4.76,0.2704,1,0,117
1537,6,0,0,2,1,-4.61,0.2699,1,0,117
1538,97,3,3,24,9,-4.32,0.2694,1,0,117
1539,59,0,0,22,6,-3.69,0.269,1,0,118
1540,26,0,0,7,3,-5.61,0.2685,1,0,118
1541,10,0,0,5,1,-4.65,0.268,1,0,118
1542,19,0,0,6,2,-5.39,0.2676,1,0,118
1543,14,0,0,9,2,-4.04,0.2671,1,0,118
1544,24,0,0,10,3,-5.89,0.2666,1,0,118
1545,14,0,0,7,2,-4.74,0.2661,1,0,118
1546,6,0,0,3,1,-4.76,0.2657,1,0,118
1547,111,0,0,9,6,-10.31,0.2652,1,0,118
1548,69,1,1,6,2,-7.09,0.2647,1,0,118
1549,23,0,0,11,3,-4.98,0.2642,1,0,118
1550,28,0,0,12,4,-5.63,0.2638,1,0,118
1551,97,0,0,14,6,-8.42,0.2633,1,0,118
1552,38,0,0,12,4,-4.73,0.2628,1,0,119
1553,6,0,0,2,1,-5.06,0.2623,1,0,119
1554,5,0,0,3,1,-5.1,0.2619,1,0,119
1555,61,0,0,19,6,-4.71,0.2614,1,0,119
1556,6,0,0,2,1,-4.61,0.2609,1,0,119
1557,35,0,0,11,3,-4.5,0.2604,1,0,119
1558,14,0,0,5,2,-5.84,0.26,1,0,119
1559,43,1,1,6,6,-7.28,0.2595,1,0,119
1560,5,0,0,3,1,-5.2,0.259,1,0,119
1561,6,0,0,2,1,-5.06,0.2585,1,0,119
1562,24,0,0,7,3,-3.84,0.2581,1,0,119
1563,8,0,0,3,1,-5.03,0.2576,1,0,119
1564,26,0,0,11,3,-4.21,0.2571,1,0,119
1565,15,0,0,6,2,-5.4,0.2566,1,0,119
1566,6,0,0,3,1,-5.21,0.2561,1,0,119
1567,74,1,1,19,5,-5.74,0.2557,1,0,119
1568,188,2,2,25,10,-6.68,0.2552,1,0,120
1569,14,0,0,8,2,-4.24,0.2547,1,0,120
1570,27,0,0,9,3,-5.12,0.2542,1,0,120
1571,78,0,0,22,7,-4.63,0.2538,1,0,120
1572,82,2,2,16,6,-3.12,0.2533,1,0,120
1573,202,1,1,12,5,-11.47,0.2528,1,0,120
1574,6,0,0,2,1,-5.96,0.2523,1,0,120
1575,14,0,0,5,2,-6.29,0.2519,1,0,120
1576,7,0,0,4,1,-4.42,0.2514,1,0,120
1577,13,0,0,4,2,-6.08,0.2509,1,0,120
1578,149,0,0,16,10,-10.49,0.2504,1,0,120
1579,37,0,0,18,5,-4.77,0.25,1,0,120
1580,21,1,1,8,3,-4.21,0.2495,1,0,120
1581,118,1,1,37,10,-1.13,0.249,1,0,121
1582,117,0,0,28,11,-10.67,0.2486,1,0,123
1583,29,0,0,10,4,-6.39,0.2481,1,0,123
1584,6,0,0,3,1,-4.66,0.2476,1,0,123
1585,23,0,0,10,3,-5.33,0.2471,1,0,123
1586,50,0,0,11,4,-5.6,0.2467,1,0,123
1587,43,0,0,10,4,-5.78,0.2462,1,0,123
1588,15,0,0,7,2,-4.2,0.2457,1,0,123
1589,283,2,2,41,21,-10.73,0.2452,1,0,125
1590,46,0,0,11,5,-5.41,0.2448,1,0,125
1591,65,0,0,16,5,-5.6,0.2443,1,0,125
1592,22,0,0,8,3,-4.52,0.2438,1,0,125
1593,34,0,0,11,4,-4.94,0.2433,1,0,125
1594,5,0,0,4,1,-5.3,0.2429,1,0,125
1595,12,0,0,3,1,-5.72,0.2424,1,0,125
1596,20,0,0,8,3,-4.95,0.2419,1,0,125
1597,20,0,0,9,3,-4.65,0.2414,1,0,125
1598,13,0,0,5,2,-6.23,0.2409,1,0,125
1599,31,1,1,13,4,-5.51,0.2405,1,0,125
1600,9,0,0,4,1,-4.54,0.24,1,0,125
1601,6,0,0,2,1,-4.61,0.2395,1,0,125
1602,44,0,0,14,5,-6.34,0.239,1,0,125
1603,31,1,1,14,4,-2.26,0.2386,1,0,125
1604,20,0,0,10,3,-4.25,0.2381,1,0,125
1605,27,0,0,10,4,-6.32,0.2376,1,0,125
1606,21,0,0,9,3,-5.06,0.2371,1,0,125
1607,43,0,0,12,5,-5.13,0.2367,1,0,125
1608,7,0,0,5,1,-3.67,0.2362,1,0,125
1609,6,0,0,3,1,-4.66,0.2357,1,0,125
1610,7,0,0,4,1,-4.47,0.2352,1,0,125
1611,37,0,0,12,4,-3.47,0.2348,1,0,125
1612,27,0,0,11,4,-5.67,0.2343,1,0,125
1613,21,0,0,9,3,-5.16,0.2338,1,0,125
1614,34,0,0,10,2,-3.84,0.2333,1,0,125
1615,7,0,0,3,1,-4.27,0.2329,1,0,125
1616,68,0,0,12,6,-7.33,0.2324,1,0,125
1617,41,0,0,4,2,-9.41,0.2319,1,0,125
1618,23,1,1,8,3,-4.48,0.2314,1,0,125
1619,6,0,0,2,1,-5.51,0.231,1,0,125
1620,21,0,0,8,3,-5.46,0.2305,1,0,125
1621,24,0,0,6,3,-5.24,0.23,1,0,125
1622,8,0,0,3,1,-5.68,0.2296,1,0,125
1623,20,0,0,8,3,-6.3,0.2291,1,0,125
1624,14,0,0,6,2,-5.99,0.2286,1,0,125
1625,7,0,0,5,1,-4.52,0.2281,1,0,125
1626,27,0,0,11,4,-5.62,0.2277,1,0,125
1627,18,0,0,5,2,-5.88,0.2272,1,0,125
1628,23,1,1,11,3,-2.93,0.2267,1,0,125
1629,13,0,0,4,2,-6.08,0.2262,1,0,125
1630,8,0,0,2,1,-5.98,0.2258,1,0,125
1631,23,0,0,7,3,-4.78,0.2253,1,0,125
1632,89,2,2,29,9,-3.44,0.2248,1,0,125
1633,25,0,0,7,2,-6.3,0.2243,1,0,125
1634,9,0,0,7,1,-3.09,0.2239,1,0,125
1635,21,0,0,9,3,-6.56,0.2234,1,0,125
1636,6,0,0,2,1,-5.06,0.2229,1,0,125
1637,151,1,1,31,10,-5.56,0.2224,1,0,125
1638,67,0,0,17,7,-6.97,0.222,1,0,125
1639,13,0,0,5,2,-5.78,0.2215,1,0,125
1640,20,0,0,7,3,-6.15,0.221,1,0,125
1641,121,1,1,19,8,-9.61,0.2205,1,0,125
1642,59,0,0,12,4,-5.24,0.2201,1,0,125
1643,57,0,0,18,5,-4.87,0.2196,1,0,125
1644,51,0,0,8,4,-7.46,0.2191,1,0,125
1645,14,0,0,9,2,-3.59,0.2186,1,0,125
1646,21,0,0,10,3,-4.21,0.2182,1,0,125
1647,6,0,0,2,1,-5.41,0.2177,1,0,125
1648,62,0,0,10,3,-5.82,0.2172,1,0,125
1649,9,0,0,6,1,-4.84,0.2167,1,0,125
1650,7,0,0,4,1,-3.97,0.2163,1,0,125
1651,17,0,0,9,2,-4.82,0.2158,1,0,125
1652,24,0,0,6,3,-6.14,0.2153,1,0,125
1653,5,0,0,4,1,-5.85,0.2148,1,0,125
1654,14,0,0,7,2,-4.59,0.2144,1,0,125
1655,50,1,1,16,5,-2.95,0.2139,1,0,125
1656,8,0,0,4,1,-3.93,0.2134,1,0,125
1657,23,0,0,8,3,-4.38,0.2129,1,0,125
1658,8,0,0,2,1,-4.98,0.2125,1,0,125
1659,14,0,0,5,2,-6.29,0.212,1,0,125
1660,24,1,1,10,3,-3.79,0.2115,1,0,125
1661,17,0,0,5,2,-7.17,0.211,1,0,125
1662,33,0,0,9,3,-4.78,0.2106,1,0,125
1663,9,0,0,3,1,-5.29,0.2101,1,0,125
1664,53,1,1,25,6,-2.38,0.2096,1,0,126
1665,17,0,0,5,2,-6.37,0.2091,1,0,126
1666,25,0,0,9,3,-4.3,0.2087,1,0,126
1667,21,0,0,9,3,-3.66,0.2082,1,0,126
1668,89,1,1,7,3,-8.59,0.2077,1,0,126
1669,7,0,0,3,1,-5.27,0.2072,1,0,126
1670,59,1,1,17,6,-2.49,0.2068,1,0,126
1671,6,0,0,2,1,-5.51,0.2063,1,0,126
1672,14,0,0,6,2,-5.54,0.2058,1,0,126
1673,13,0,0,8,2,-3.88,0.2053,1,0,126
1674,28,0,0,11,3,-4.08,0.2049,1,0,126
1675,13,0,0,5,2,-5.68,0.2044,1,0,126
1676,7,0,0,3,1,-5.17,0.2039,1,0,126
1677,10,0,0,3,1,-4.75,0.2034,1,0,126
1678,6,0,0,2,1,-5.06,0.203,1,0,126
1679,22,0,0,7,3,-5.22,0.2025,1,0,126
1680,15,0,0,7,2,-5.1,0.202,1,0,126
1681,6,0,0,3,1,-4.76,0.2015,1,0,126
1682,23,0,0,10,3,-3.83,0.2011,1,0,126
1683,40,0,0,13,4,-4.7,0.2006,1,0,126
1684,42,0,0,9,3,-5.97,0.2001,1,0,126
1685,29,0,0,12,3,-4.34,0.1996,1,0,126
1686,17,0,0,5,2,-5.22,0.1992,1,0,126
1687,22,1,1,9,3,-2.52,0.1987,1,0,126
1688,66,0,0,16,6,-5.81,0.1982,1,0,126
1689,6,0,0,2,1,-5.51,0.1977,1,0,126
1690,13,0,0,8,2,-3.88,0.1973,1,0,126
1691,15,0,0,6,2,-5.85,0.1968,1,0,126
1692,6,0,0,2,1,-5.51,0.1963,1,0,126
1693,21,0,0,8,3,-5.46,0.1958,1,0,127
1694,6,0,0,3,1,-4.66,0.1954,1,0,127
1695,20,0,0,10,3,-4.35,0.1949,1,0,127
1696,14,0,0,5,2,-5.29,0.1944,1,0,127
1697,23,0,0,10,3,-4.33,0.1939,1,0,127
1698,38,0,0,17,5,-3.98,0.1935,1,0,128
1699,15,0,0,8,2,-3.7,0.193,1,0,128
1700,14,0,0,8,2,-4.39,0.1925,1,0,128
1701,7,0,0,2,1,-5.57,0.192,1,0,128
1702,6,0,0,3,1,-4.76,0.1916,1,0,128
1703,13,0,0,6,2,-5.03,0.1911,1,0,128
1704,28,0,0,11,4,-5.63,0.1906,1,0,128
1705,75,0,0,16,5,-6.5,0.1901,1,0,128
1706,29,0,0,13,4,-4.44,0.1897,1,0,128
1707,13,0,0,5,2,-5.33,0.1892,1,0,128
1708,272,1,1,42,14,-1.77,0.1887,1,0,130
1709,19,0,0,6,2,-5.54,0.1882,1,0,130
1710,7,0,0,6,1,-3.82,0.1878,1,0,130
1711,6,0,0,3,1,-4.66,0.1873,1,0,130
1712,13,0,0,7,2,-5.98,0.1868,1,0,130
1713,14,0,0,3,2,-6.44,0.1863,1,0,130
1714,35,0,0,13,5,-6.2,0.1859,1,0,130
1715,6,0,0,3,1,-5.21,0.1854,1,0,130
1716,23,0,0,6,3,-5.58,0.1849,1,0,130
1717,5,0,0,2,1,-4.95,0.1844,1,0,130
1718,6,0,0,3,1,-4.31,0.184,1,0,130
1719,7,0,0,5,1,-3.52,0.1835,1,0,130
1720,15,0,0,7,2,-4.2,0.183,1,0,130
1721,6,0,0,3,1,-4.66,0.1825,1,0,130
1722,6,0,0,1,1,-5.36,0.1821,1,0,130
1723,13,0,0,4,2,-6.08,0.1816,1,0,130
1724,13,0,0,6,2,-4.98,0.1811,1,0,130
1725,78,1,1,23,7,-4.58,0.1806,1,0,130
1726,24,0,0,8,3,-5.09,0.1802,1,0,130
1727,21,0,0,8,3,-4.56,0.1797,1,0,130
1728,6,0,0,3,1,-4.76,0.1792,1,0,130
1729,15,0,0,6,2,-6.85,0.1787,1,0,130
1730,7,0,0,5,1,-4.07,0.1783,1,0,130
1731,22,0,0,5,2,-5.32,0.1778,1,0,130
1732,26,0,0,3,2,-6.01,0.1773,1,0,130
1733,168,1,1,36,10,-2.63,0.1768,1,0,131
1734,137,2,2,24,9,-4.92,0.1764,1,0,131
1735,174,1,1,30,11,-7.39,0.1759,1,0,131
1736,7,0,0,3,1,-5.27,0.1754,1,0,131
1737,13,0,0,8,2,-3.88,0.1749,1,0,131
1738,17,0,0,7,2,-4.77,0.1744,1,0,131
1739,13,0,0,4,2,-6.08,0.174,1,0,131
1740,31,1,1,13,4,-2.06,0.1735,1,0,131
1741,20,0,0,10,3,-4.4,0.173,1,0,131
1742,15,0,0,6,2,-6.05,0.1726,1,0,131
1743,20,0,0,9,3,-4.1,0.1721,1,0,131
1744,20,0,0,6,3,-5.2,0.1716,1,0,131
1745,28,0,0,12,4,-4.93,0.1711,1,0,131
1746,14,0,0,5,2,-4.29,0.1707,1,0,131
1747,54,0,0,20,6,-3.34,0.1702,1,0,131
1748,105,0,0,22,6,-3.45,0.1697,1,0,131
1749,13,0,0,9,2,-3.58,0.1692,1,0,131
1750,31,0,0,8,4,-6.36,0.1688,1,0,131
1751,7,0,0,1,1,-5.32,0.1683,1,0,131
1752,6,0,0,3,1,-5.16,0.1678,1,0,131
1753,13,0,0,7,2,-4.58,0.1673,1,0,131
1754,13,0,0,6,2,-4.58,0.1669,1,0,131
1755,13,0,0,5,2,-5.78,0.1664,1,0,131
1756,33,0,0,11,4,-6.28,0.1659,1,0,131
1757,13,0,0,6,2,-4.98,0.1654,1,0,131
1758,14,0,0,5,2,-4.64,0.165,1,0,131
1759,49,1,1,14,6,-5.44,0.1645,1,0,131
1760,13,0,0,9,2,-3.48,0.164,1,0,131
1761,21,0,0,10,3,-4.76,0.1635,1,0,131
1762,14,0,0,7,2,-5.64,0.1631,1,0,131
1763,87,0,0,28,10,-1.82,0.1626,1,0,131
1764,7,0,0,2,1,-5.47,0.1621,1,0,131
1765,121,0,0,23,7,-7.76,0.1616,1,0,131
1766,5,0,0,3,1,-5.2,0.1612,1,0,131
1767,28,0,0,14,4,-4.18,0.1607,1,0,131
1768,5,0,0,3,1,-4.2,0.1602,1,0,131
1769,22,0,0,9,3,-6.02,0.1597,1,0,131
1770,7,0,0,3,1,-4.72,0.1593,1,0,131
1771,7,0,0,4,1,-4.42,0.1588,1,0,131
1772,21,0,0,7,3,-6.21,0.1583,1,0,131
1773,112,1,1,31,10,-2.22,0.1578,1,0,131
1774,13,0,0,6,2,-5.83,0.1573,1,0,131
1775,14,0,0,5,2,-5.39,0.1569,1,0,131
1776,16,0,0,2,2,-6.76,0.1564,1,0,131
1777,13,0,0,6,2,-3.88,0.1559,1,0,131
1778,15,0,0,6,2,-5.85,0.1554,1,0,131
1779,22,0,0,9,3,-5.67,0.155,1,0,131
1780,27,0,0,10,4,-5.52,0.1545,1,0,131
1781,23,0,0,9,3,-4.63,0.154,1,0,131
1782,5,0,0,4,1,-4.35,0.1536,1,0,131
1783,20,0,0,8,3,-5.4,0.1531,1,0,131
1784,93,2,2,26,7,-0.58,0.1526,1,0,131
1785,57,0,0,21,6,-3.27,0.1521,1,0,131
1786,13,0,0,3,2,-5.93,0.1517,1,0,131
1787,17,0,0,6,2,-5.07,0.1512,1,0,131
1788,37,0,0,16,5,-4.97,0.1507,1,0,131
1789,13,0,0,4,2,-4.08,0.1502,1,0,131
1790,83,0,0,33,10,-3.03,0.1498,1,0,131
1791,57,0,0,16,4,-4.02,0.1493,1,0,131
1792,106,2,2,40,11,0.44,0.1488,1,0,131
1793,6,0,0,3,1,-4.76,0.1483,1,0,131
1794,31,0,0,12,4,-4.86,0.1479,1,0,131
1795,7,0,0,3,1,-5.27,0.1474,1,0,131
1796,178,1,1,25,11,-5.93,0.1469,1,0,131
1797,88,0,0,32,10,-1.98,0.1464,1,0,131
1798,77,1,1,19,7,-2.22,0.146,1,0,131
1799,13,0,0,5,2,-4.88,0.1455,1,0,131
1800,20,1,1,9,3,-4.1,0.145,1,0,131
1801,29,0,0,13,4,-5.44,0.1445,1,0,131
1802,104,1,1,26,10,-4.19,0.1441,1,0,131
1803,6,0,0,2,1,-4.61,0.1436,1,0,131
1804,33,0,0,14,4,-5.33,0.1431,1,0,131
1805,155,0,0,36,14,-5.05,0.1426,1,0,131
1806,295,1,1,18,11,-9.9,0.1421,1,0,131
1807,70,1,1,32,8,1.4,0.1417,1,0,131
1808,252,0,0,14,6,-11.47,0.1412,1,0,131
1809,81,1,1,13,6,-4.41,0.1407,1,0,131
1810,27,0,0,12,4,-5.82,0.1402,1,0,132
1811,89,0,0,16,5,-4.59,0.1398,1,0,132
1812,27,1,1,10,3,-1.87,0.1393,1,0,132
1813,6,0,0,2,1,-5.51,0.1388,1,0,132
1814,219,2,2,37,12,-1.49,0.1383,1,0,132
1815,15,0,0,5,2,-5.7,0.1379,1,0,132
1816,29,0,0,10,4,-4.94,0.1374,1,0,132
1817,23,0,0,7,3,-5.78,0.1369,1,0,132
1818,15,0,0,9,2,-3.6,0.1364,1,0,132
1819,77,0,0,17,6,-2.82,0.136,1,0,132
1820,172,1,1,32,11,-3.07,0.1355,1,0,132
1821,38,1,1,12,5,-3.93,0.135,1,0,132
1822,27,0,0,11,4,-4.27,0.1346,1,0,132
1823,21,0,0,8,3,-6.01,0.1341,1,0,132
1824,77,1,1,19,7,-3.82,0.1336,1,0,132
1825,7,0,0,2,1,-5.57,0.1331,1,0,132
1826,129,0,0,25,8,-4.04,0.1327,1,0,132
1827,28,1,1,11,4,-3.53,0.1322,1,0,132
1828,15,0,0,7,2,-4.75,0.1317,1,0,132
1829,42,1,2,8,5,-7.02,0.1312,1,0,135
1830,13,0,0,8,2,-3.43,0.1308,1,0,135
1831,7,0,0,3,1,-5.57,0.1303,1,0,135
1832,37,0,0,14,5,-3.47,0.1298,1,0,135
1833,219,1,1,36,14,-6.49,0.1293,1,0,135
1834,62,0,0,22,7,-2.27,0.1289,1,0,135
1835,20,0,0,9,3,-4.2,0.1284,1,0,135
1836,6,0,0,2,1,-5.06,0.1279,1,0,135
1837,20,0,0,9,3,-5.15,0.1274,1,0,135
1838,6,0,0,3,1,-4.31,0.127,1,0,135
1839,231,1,1,37,14,-5.96,0.1265,1,0,135
1840,267,2,2,27,10,-4.22,0.126,1,0,135
1841,14,0,0,8,2,-3.84,0.1255,1,0,135
1842,286,2,2,26,13,-6.76,0.125,1,0,135
1843,20,0,0,10,3,-4.8,0.1246,1,0,135
1844,6,0,0,3,1,-4.76,0.1241,1,0,135
1845,31,0,0,17,4,-2.71,0.1236,1,0,135
1846,22,0,0,8,3,-4.57,0.1231,1,0,135
1847,35,0,0,14,5,-3.5,0.1227,1,0,135
1848,9,0,0,2,1,-5.49,0.1222,1,0,135
1849,44,0,0,18,6,-6.84,0.1217,1,0,135
1850,317,0,0,31,9,-5.87,0.1212,1,0,135
1851,35,0,0,14,5,-4.7,0.1208,1,0,135
1852,14,0,0,5,2,-5.39,0.1203,1,0,135
1853,59,1,1,19,7,-3.64,0.1198,1,0,135
1854,14,0,0,8,2,-4.19,0.1193,1,0,135
1855,20,0,0,10,3,-4.25,0.1189,1,0,135
1856,34,0,0,13,5,-5.59,0.1184,1,0,135
1857,40,1,1,16,5,-2.65,0.1179,1,0,135
1858,45,1,1,19,6,-0.05,0.1174,1,0,135
1859,6,0,0,2,1,-4.61,0.117,1,0,135
1860,104,1,1,24,8,-3.14,0.1165,1,0,135
1861,60,0,0,12,5,-4.9,0.116,1,0,135
1862,7,0,0,4,1,-4.42,0.1156,1,0,135
1863,6,0,0,3,1,-5.21,0.1151,1,0,135
1864,13,0,0,6,2,-5.48,0.1146,1,0,135
1865,92,0,0,22,7,-3.37,0.1141,1,0,135
1866,122,2,2,29,10,0.08,0.1137,1,0,135
1867,6,0,0,3,1,-4.76,0.1132,1,0,135
1868,29,0,0,10,4,-3.64,0.1127,1,0,135
1869,20,0,0,7,3,-5.35,0.1122,1,0,135
1870,6,0,0,2,1,-5.06,0.1118,1,0,135
1871,228,1,1,74,22,7.27,0.1113,1,0,135
1872,13,0,0,7,2,-4.58,0.1108,1,0,135
1873,27,0,0,16,4,-4.62,0.1103,1,0,135
1874,6,0,0,3,1,-4.76,0.1099,1,0,135
1875,6,0,0,3,1,-4.66,0.1094,1,0,135
1876,38,1,1,17,5,-2.08,0.1089,1,0,135
1877,28,0,0,12,4,-4.08,0.1084,1,0,135
1878,14,0,0,5,2,-5.19,0.108,1,0,135
1879,192,0,0,47,15,-1.92,0.1075,1,0,136
1880,13,0,0,9,2,-3.38,0.107,1,0,136
1881,7,0,0,4,1,-4.37,0.1065,1,0,136
1882,35,1,1,13,5,-4.05,0.1061,1,0,137
1883,30,0,0,13,4,-3.15,0.1056,1,0,137
1884,20,0,0,8,3,-4.95,0.1051,1,0,137
1885,43,0,0,16,6,-3.88,0.1046,1,0,137
1886,20,0,0,8,3,-5.5,0.1042,1,0,137
1887,185,3,3,43,14,0.6,0.1037,1,0,137
1888,224,2,2,54,15,4.21,0.1032,1,0,137
1889,29,0,0,10,4,-5.99,0.1027,1,0,137
1890,6,0,0,3,1,-4.76,0.1023,1,0,137
1891,215,2,2,40,12,0.4,0.1018,1,0,137
1892,217,1,1,34,11,-3.12,0.1013,1,0,137
1893,30,0,0,15,4,-3.5,0.1008,1,0,137
1894,400,1,1,52,22,0.45,0.1004,0,1,137
1895,62,0,0,23,6,-1.92,0.0999,1,0,137
1896,33,0,0,11,4,-5.38,0.0994,1,0,137
1897,59,2,2,29,8,-0.14,0.0989,1,0,137
1898,116,2,2,18,5,-0.66,0.0985,1,0,137
1899,225,2,2,51,15,0.4,0.098,1,0,137
1900,5,0,0,4,1,-4.45,0.0975,1,0,137
1901,20,0,0,11,3,-4.4,0.097,1,0,137
1902,15,0,0,8,2,-3.5,0.0966,1,0,137
1903,46,0,0,22,6,0.69,0.0961,1,0,137
1904,400,3,3,79,30,6.5,0.0956,0,1,137
1905,62,1,1,28,8,-1.32,0.0951,1,0,137
1906,96,2,2,40,12,1.19,0.0947,1,0,137
1907,63,0,0,26,8,-1.83,0.0942,1,0,137
1908,42,1,1,20,6,-1.62,0.0937,1,0,137
1909,13,0,0,6,2,-4.48,0.0932,1,0,137
1910,20,0,0,7,3,-5.35,0.0928,1,0,137
1911,70,0,0,32,9,-0.05,0.0923,1,0,137
1912,39,0,0,18,5,-2.89,0.0918,1,0,137
1913,54,0,0,18,6,-3.89,0.0913,1,0,137
1914,188,1,1,41,14,-0.28,0.0909,1,0,137
1915,22,0,0,13,3,-2.52,0.0904,1,0,137
1916,37,0,0,15,5,-3.97,0.0899,1,0,137
1917,35,0,0,16,5,-3.8,0.0894,1,0,137
1918,20,0,0,8,3,-5.4,0.089,1,0,137
1919,129,0,0,55,17,0.96,0.0885,1,0,137
1920,35,0,0,16,5,-3.65,0.088,1,0,137
1921,22,1,1,9,3,-3.12,0.0875,1,0,137
1922,6,0,0,2,1,-5.06,0.0871,1,0,137
1923,121,0,0,40,12,1.19,0.0866,1,0,137
1924,13,0,0,5,2,-4.78,0.0861,1,0,137
1925,20,0,0,8,3,-5.0,0.0856,1,0,137
1926,122,1,1,45,13,2.68,0.0852,1,0,137
1927,27,0,0,11,4,-4.32,0.0847,1,0,137
1928,6,0,0,2,1,-5.06,0.0842,1,0,137
1929,21,1,1,11,3,-2.46,0.0837,1,0,137
1930,118,3,3,27,7,1.87,0.0833,1,0,137
1931,72,0,0,16,5,-4.12,0.0828,1,0,137
1932,37,0,0,16,5,-1.87,0.0823,1,0,137
1933,124,6,6,64,15,14.01,0.0818,1,0,137
1934,29,0,0,12,4,-3.89,0.0814,1,0,137
1935,22,0,0,9,3,-5.32,0.0809,1,0,137
1936,13,0,0,7,2,-4.08,0.0804,1,0,137
1937,64,1,1,35,8,3.66,0.0799,1,0,137
1938,73,1,1,30,10,-0.03,0.0795,1,0,137
1939,86,0,0,51,12,2.49,0.079,1,0,137
1940,6,0,0,3,1,-4.76,0.0785,1,0,137
1941,77,0,0,35,10,0.58,0.078,1,0,137
1942,13,0,0,5,2,-5.68,0.0776,1,0,137
1943,39,0,0,16,5,-2.49,0.0771,1,0,137
1944,153,3,3,71,19,10.27,0.0766,1,0,137
1945,139,2,2,29,7,0.96,0.0761,1,0,137
1946,13,0,0,7,2,-4.53,0.0757,1,0,137
1947,5,0,0,3,1,-4.65,0.0752,1,0,137
1948,13,0,0,6,2,-4.88,0.0747,1,0,137
1949,13,0,0,5,2,-5.33,0.0742,1,0,137
1950,38,0,0,16,5,-4.83,0.0738,1,0,137
1951,301,1,1,38,12,-0.76,0.0733,1,0,137
1952,276,2,2,25,8,-3.76,0.0728,1,0,137
1953,38,0,0,14,5,-2.98,0.0723,1,0,137
1954,108,2,2,46,14,3.42,0.0719,1,0,137
1955,400,2,2,40,10,0.6,0.0714,0,1,137
1956,24,0,0,10,3,-4.94,0.0709,1,0,137
1957,267,0,0,33,9,-5.82,0.0704,1,0,137
1958,400,1,1,52,14,6.75,0.07,0,1,137
1959,79,1,1,25,8,-2.89,0.0695,1,0,137
1960,193,2,2,36,11,-2.53,0.069,1,0,137
1961,39,1,1,15,5,-3.09,0.0685,1,0,137
1962,13,0,0,8,2,-3.88,0.0681,1,0,137
1963,280,2,2,44,15,0.45,0.0676,1,0,137
1964,27,0,0,11,4,-5.32,0.0671,1,0,137
1965,35,0,0,16,5,-3.5,0.0666,1,0,137
1966,27,0,0,12,4,-4.37,0.0662,1,0,137
1967,27,0,0,9,4,-4.92,0.0657,1,0,137
1968,13,0,0,6,2,-5.48,0.0652,1,0,137
1969,399,3,3,54,15,0.91,0.0647,1,0,137
1970,8,0,0,6,1,-3.88,0.0643,1,0,137
1971,7,0,0,4,1,-4.32,0.0638,1,0,137
1972,400,5,5,67,21,10.85,0.0633,0,1,137
1973,20,0,0,9,3,-6.1,0.0628,1,0,137
1974,6,0,0,2,1,-5.06,0.0624,1,0,137
1975,151,1,1,32,9,0.19,0.0619,1,0,137
1976,20,0,0,9,3,-4.75,0.0614,1,0,137
1977,22,0,0,10,3,-5.37,0.0609,1,0,137
1978,7,0,0,5,1,-4.12,0.0605,1,0,137
1979,400,0,0,33,12,-1.0,0.06,0,1,137
1980,22,0,0,10,3,-3.82,0.0595,1,0,137
1981,22,0,0,13,3,-1.97,0.059,1,0,137
1982,400,3,3,62,16,8.95,0.0586,0,1,138
1983,400,2,2,25,8,1.45,0.0581,0,1,138
1984,45,1,1,22,6,-0.45,0.0576,1,0,138
1985,34,0,0,13,4,-3.84,0.0571,1,0,138
1986,22,0,0,8,3,-5.57,0.0567,1,0,138
1987,30,0,0,14,4,-1.8,0.0562,1,0,138
1988,20,0,0,8,3,-4.05,0.0557,1,0,138
1989,86,0,0,25,9,-3.01,0.0552,1,0,138
1990,400,1,1,53,17,4.5,0.0548,0,1,138
1991,388,2,2,49,16,0.72,0.0543,1,0,138
1992,5,0,0,4,1,-4.45,0.0538,1,0,138
1993,66,2,2,30,8,1.59,0.0533,1,0,138
1994,59,1,1,29,7,0.86,0.0529,1,0,138
1995,68,1,1,23,8,-2.33,0.0524,1,0,138
1996,28,0,0,12,4,-3.43,0.0519,1,0,138
1997,133,3,3,51,17,3.57,0.0514,1,0,138
1998,35,1,1,12,5,-3.75,0.051,1,0,138
1999,112,3,3,50,15,5.08,0.0505,1,0,138
2000,20,0,0,8,3,-5.0,0.05,1,0,138
2001,20,0,0,9,3,-4.75,0.05,1,0,138
2002,27,0,0,12,4,-3.97,0.05,1,0,138
2003,15,0,0,7,2,-4.2,0.05,1,0,138
2004,6,0,0,3,1,-4.76,0.05,1,0,138
2005,28,0,0,9,4,-4.43,0.05,1,0,138
2006,37,0,0,14,5,-4.47,0.05,1,0,138
2007,58,1,1,26,8,-1.13,0.05,1,0,138
2008,29,1,1,14,4,-2.24,0.05,1,0,138
2009,67,0,0,29,9,-1.12,0.05,1,0,138
2010,57,0,0,24,8,-1.22,0.05,1,0,138
2011,61,0,0,14,5,-4.71,0.05,1,0,138
2012,30,0,0,13,4,-4.05,0.05,1,0,138
2013,193,5,5,75,24,9.47,0.05,1,0,138
2014,70,2,2,27,9,-0.45,0.05,1,0,138
2015,400,6,6,86,26,16.4,0.05,0,1,138
2016,59,1,1,24,8,-2.59,0.05,1,0,138
2017,400,2,2,37,12,1.7,0.05,0,1,138
2018,400,1,1,78,23,8.55,0.05,0,1,138
2019,20,0,0,9,3,-4.35,0.05,1,0,138
2020,232,2,2,33,12,-1.67,0.05,1,0,138
2021,97,1,1,41,13,0.08,0.05,1,0,138
2022,118,4,4,55,16,5.97,0.05,1,0,138
2023,60,1,1,35,8,3.2,0.05,1,0,138
2024,138,3,3,51,19,1.37,0.05,1,0,138
2025,152,2,2,33,11,0.78,0.05,1,0,138
2026,42,2,2,16,6,-1.42,0.05,1,0,138
2027,200,0,0,31,9,-1.95,0.05,1,0,138
2028,400,1,1,30,10,1.7,0.05,0,1,138
2029,106,0,0,27,9,-2.56,0.05,1,0,138
2030,5,0,0,4,1,-4.4,0.05,1,0,138
2031,27,0,0,9,4,-5.87,0.05,1,0,138
2032,400,2,2,58,19,5.65,0.05,0,1,138
2033,232,0,0,19,8,-4.27,0.05,1,0,138
2034,6,0,0,3,1,-4.66,0.05,1,0,138
2035,67,0,0,13,4,-3.57,0.05,1,0,138
2036,13,0,0,7,2,-4.13,0.05,1,0,138
2037,20,0,0,7,3,-5.35,0.05,1,0,138
2038,309,1,1,15,6,-6.99,0.05,1,0,138
2039,131,3,3,55,16,6.39,0.05,1,0,139
2040,400,4,4,28,9,5.5,0.05,0,1,139
2041,58,1,1,26,8,-1.48,0.05,1,0,139
2042,400,1,1,39,12,3.85,0.05,0,1,139
2043,20,0,0,6,3,-5.2,0.05,1,0,139
2044,317,5,5,47,16,2.88,0.05,1,0,139
2045,97,2,2,21,7,-1.47,0.05,1,0,139
2046,137,4,4,40,12,2.93,0.05,1,0,139
2047,217,1,1,52,13,2.78,0.05,1,0,139
2048,400,1,1,32,14,-3.25,0.05,0,1,139
2049,7,0,0,2,1,-5.02,0.05,1,0,139
2050,400,1,1,29,13,-1.1,0.05,0,1,139
2051,263,2,2,57,18,5.02,0.05,1,0,139
2052,70,2,2,24,8,-0.55,0.05,1,0,139
2053,44,0,0,18,6,-1.89,0.05,1,0,139
2054,400,4,4,52,18,9.75,0.05,0,1,139
2055,20,0,0,10,3,-4.25,0.05,1,0,139
2056,74,1,1,33,10,-0.74,0.05,1,0,139
2057,142,4,4,53,18,5.23,0.05,1,0,139
2058,13,0,0,4,2,-4.58,0.05,1,0,139
2059,400,2,2,65,24,5.6,0.05,0,1,139
2060,400,0,0,13,5,-4.45,0.05,0,1,139
2061,20,0,0,7,3,-4.35,0.05,1,0,139
2062,146,3,3,66,19,9.69,0.05,1,0,139
2063,73,1,1,29,10,-3.18,0.05,1,0,139
2064,82,0,0,36,11,1.58,0.05,1,0,139
2065,29,0,0,13,4,-3.54,0.05,1,0,139
2066,21,0,0,10,3,-3.41,0.05,1,0,139
2067,82,1,1,40,11,3.73,0.05,1,0,139
2068,20,0,0,7,3,-4.8,0.05,1,0,139
2069,55,2,2,22,8,-3.65,0.05,1,0,139
2070,182,5,5,68,22,8.98,0.05,1,0,140
2071,76,1,1,39,10,4.39,0.05,1,0,140
2072,127,5,5,56,16,8.33,0.05,1,0,140
2073,135,4,4,68,18,9.0,0.05,1,0,140
2074,83,1,1,33,11,0.67,0.05,1,0,140
2075,111,1,1,43,14,3.99,0.05,1,0,140
2076,274,8,8,114,34,26.71,0.05,1,0,140
2077,5,0,0,2,1,-5.45,0.05,1,0,140
2078,97,1,1,49,13,7.43,0.05,1,0,140
2079,207,5,5,93,26,20.93,0.05,1,0,140
2080,38,0,0,17,5,-2.63,0.05,1,0,140
2081,142,4,4,60,18,5.08,0.05,1,0,140
2082,20,1,1,7,3,-4.7,0.05,1,0,140
2083,61,0,0,27,8,-1.06,0.05,1,0,140
2084,14,0,0,9,2,-3.34,0.05,1,0,140
2085,100,3,3,47,13,3.8,0.05,1,0,140
2086,40,0,0,20,5,-0.65,0.05,1,0,140
2087,66,1,1,33,9,1.19,0.05,1,0,140
2088,47,1,1,22,6,-0.12,0.05,1,0,140
2089,49,0,0,19,6,-2.14,0.05,1,0,140
2090,28,0,0,16,4,-2.68,0.05,1,0,140
2091,13,0,0,8,2,-3.43,0.05,1,0,140
2092,13,0,0,9,2,-3.58,0.05,1,0,140
2093,378,8,9,118,40,28.17,0.05,0,1,140
2094,28,0,0,14,4,-3.18,0.05,1,0,140
2095,66,1,1,28,9,0.69,0.05,1,0,140
2096,134,4,4,61,17,8.21,0.05,1,0,140
2097,111,1,1,49,14,4.04,0.05,1,0,140
2098,195,1,1,71,24,5.3,0.05,1,0,140
2099,52,2,2,19,7,-0.62,0.05,1,0,140
2100,43,1,1,19,6,-0.78,0.05,1,0,140
2101,51,2,2,20,7,-1.11,0.05,1,0,140
2102,20,0,0,9,3,-4.0,0.05,1,0,140
2103,28,0,0,13,4,-3.03,0.05,1,0,140
2104,188,6,6,64,20,9.72,0.05,1,0,140
2105,14,0,0,6,2,-4.54,0.05,1,0,140
2106,213,4,4,89,27,14.87,0.05,1,0,140
2107,13,0,0,8,2,-3.88,0.05,1,0,140
2108,288,5,5,114,35,15.42,0.05,1,0,140
2109,58,0,0,24,8,-3.53,0.05,1,0,140
2110,153,5,5,64,19,8.32,0.05,1,0,140
2111,46,2,2,20,6,-0.16,0.05,1,0,140
2112,28,0,0,11,4,-4.28,0.05,1,0,140
2113,20,0,0,9,3,-4.2,0.05,1,0,140
2114,267,5,5,102,31,17.68,0.05,1,0,140
2115,99,0,0,54,13,7.11,0.05,1,0,140
2116,284,9,9,117,35,24.91,0.05,1,0,140
2117,20,0,0,8,3,-5.05,0.05,1,0,140
2118,13,0,0,5,2,-4.88,0.05,1,0,140
2119,114,1,1,49,15,2.71,0.05,1,0,140
2120,20,1,1,10,3,-3.2,0.05,1,0,140
2121,23,0,0,7,3,-5.23,0.05,1,0,140
2122,134,4,4,55,18,5.21,0.05,1,0,140
2123,143,5,5,61,18,9.77,0.05,1,0,140
2124,20,0,0,10,3,-4.35,0.05,1,0,140
2125,368,7,7,124,42,22.72,0.05,1,0,140
2126,109,1,1,52,15,5.21,0.05,1,0,140
2127,188,6,6,79,24,11.42,0.05,1,0,140
2128,157,4,4,81,20,13.13,0.05,1,0,140
2129,233,4,4,90,30,7.97,0.05,1,0,140
2130,6,0,0,3,1,-5.21,0.05,1,0,140
2131,5,0,0,4,1,-4.0,0.05,1,0,140
2132,67,0,0,32,9,0.33,0.05,1,0,140
2133,51,1,1,23,7,-0.86,0.05,1,0,140
2134,14,0,0,8,2,-3.74,0.05,1,0,140
2135,15,0,0,4,2,-5.55,0.05,1,0,140
2136,50,1,1,23,7,-1.65,0.05,1,0,140
2137,61,0,0,32,8,1.84,0.05,1,0,140
2138,72,1,1,29,9,1.73,0.05,1,0,140
2139,20,0,0,8,3,-5.4,0.05,1,0,140
2140,27,0,0,11,4,-3.72,0.05,1,0,140
2141,335,8,9,123,38,27.7,0.05,0,1,140
2142,13,0,0,8,2,-3.78,0.05,1,0,140
2143,79,0,0,33,11,-2.64,0.05,1,0,140
2144,326,5,5,101,32,12.74,0.05,1,0,140
2145,20,0,0,12,3,-2.75,0.05,1,0,140
2146,165,5,5,69,21,8.95,0.05,1,0,140
2147,173,1,1,24,8,-4.38,0.05,1,0,140
2148,50,0,0,24,7,-2.0,0.05,1,0,140
2149,6,0,0,3,1,-4.76,0.05,1,0,140
2150,46,0,0,18,6,-2.31,0.05,1,0,140
2151,27,0,0,16,4,-3.17,0.05,1,0,140
2152,7,0,0,3,1,-4.27,0.05,1,0,140
2153,278,7,7,116,35,19.32,0.05,1,0,140
2154,66,2,2,27,9,-0.46,0.05,1,0,140
2155,400,3,3,88,26,15.5,0.05,0,1,140
2156,55,1,1,12,5,-4.25,0.05,1,0,140
2157,21,0,0,8,3,-5.46,0.05,1,0,140
2158,107,2,2,54,14,4.78,0.05,1,0,140
2159,112,0,0,41,14,3.03,0.05,1,0,140
2160,37,0,0,13,5,-4.22,0.05,1,0,140
2161,20,0,0,8,3,-5.05,0.05,1,0,140
2162,121,5,5,64,16,10.39,0.05,1,0,140
2163,53,0,0,27,7,-2.63,0.05,1,0,140
2164,136,3,3,57,17,7.54,0.05,1,0,140
2165,400,9,9,124,46,25.6,0.05,0,1,140
2166,340,9,9,118,41,22.45,0.05,1,0,141
2167,23,0,0,15,3,-2.23,0.05,1,0,141
2168,151,3,3,64,18,10.34,0.05,1,0,141
2169,85,1,1,48,12,4.2,0.05,1,0,141
2170,317,2,2,112,38,16.33,0.05,1,0,141
2171,109,2,2,44,14,2.96,0.05,1,0,141
2172,102,0,0,40,13,1.53,0.05,1,0,141
2173,93,2,2,49,12,6.72,0.05,1,0,141
2174,51,0,0,20,7,-2.21,0.05,1,0,141
2175,69,1,1,30,9,1.76,0.05,1,0,141
2176,60,1,1,23,8,-1.65,0.05,1,0,141
2177,54,0,0,25,7,-0.04,0.05,1,0,141
2178,254,7,7,96,30,14.81,0.05,1,0,141
2179,51,1,1,26,7,0.54,0.05,1,0,141
2180,13,0,0,8,2,-3.38,0.05,1,0,141
2181,384,8,9,118,43,24.06,0.05,0,1,141
2182,101,4,4,45,13,6.19,0.05,1,0,141
2183,5,0,0,4,1,-4.9,0.05,1,0,141
2184,36,0,0,15,5,-3.81,0.05,1,0,141
2185,164,4,4,69,19,11.96,0.05,1,0,141
2186,45,0,0,20,6,-2.1,0.05,1,0,141
2187,69,2,2,31,9,2.81,0.05,1,0,141
2188,148,1,1,62,19,6.12,0.05,1,0,141
2189,102,3,3,52,13,6.78,0.05,1,0,141
2190,108,3,3,31,10,-0.13,0.05,1,0,141
2191,249,3,3,102,33,9.86,0.05,1,0,141
2192,77,3,3,38,9,4.23,0.05,1,0,141
2193,35,0,0,16,5,-2.9,0.05,1,0,141
2194,36,0,0,14,5,-3.51,0.05,1,0,141
2195,99,1,1,45,13,2.71,0.05,1,0,141
2196,20,0,0,6,3,-6.1,0.05,1,0,141
2197,13,0,0,4,2,-5.63,0.05,1,0,141
2198,83,3,3,34,11,1.12,0.05,1,0,141
2199,35,0,0,16,5,-3.35,0.05,1,0,141
2200,78,1,1,28,10,-0.93,0.05,1,0,141
2201,131,2,2,64,17,7.29,0.05,1,0,141
2202,27,0,0,8,4,-4.97,0.05,1,0,141
2203,89,1,1,46,12,5.86,0.05,1,0,141
2204,142,3,3,59,17,9.08,0.05,1,0,141
2205,81,0,0,38,11,2.19,0.05,1,0,141
2206,48,1,1,26,6,1.22,0.05,1,0,141
2207,27,0,0,10,4,-5.07,0.05,1,0,141
2208,28,0,0,15,4,-2.28,0.05,1,0,141
2209,13,0,0,4,2,-5.08,0.05,1,0,141
2210,82,0,0,35,10,1.23,0.05,1,0,141
2211,136,3,3,60,17,7.29,0.05,1,0,141
2212,6,0,0,2,1,-5.06,0.05,1,0,141
2213,6,0,0,2,1,-4.51,0.05,1,0,141
2214,27,0,0,15,4,-4.37,0.05,1,0,141
2215,44,0,0,17,6,-3.54,0.05,1,0,141
2216,77,2,2,30,10,1.23,0.05,1,0,141
2217,8,0,0,3,1,-4.18,0.05,1,0,141
2218,7,0,0,3,1,-4.17,0.05,1,0,141
2219,208,4,4,92,26,15.47,0.05,1,0,141
2220,114,2,2,40,14,1.56,0.05,1,0,141
2221,27,0,0,12,4,-4.27,0.05,1,0,141
2222,6,0,0,3,1,-4.76,0.05,1,0,141
2223,6,0,0,3,1,-4.76,0.05,1,0,141
2224,181,3,3,74,23,7.74,0.05,1,0,141
2225,35,0,0,17,5,-3.0,0.05,1,0,141
2226,93,2,2,40,12,2.37,0.05,1,0,141
2227,61,1,1,35,8,3.44,0.05,1,0,141
2228,57,2,2,25,8,-0.37,0.05,1,0,141
2229,39,0,0,16,5,-3.09,0.05,1,0,141
2230,153,3,3,71,19,10.97,0.05,1,0,141
2231,13,0,0,7,2,-4.18,0.05,1,0,141
2232,21,0,0,10,3,-3.96,0.05,1,0,141
2233,13,0,0,6,2,-3.98,0.05,1,0,141
2234,15,0,0,6,2,-5.0,0.05,1,0,141
2235,129,1,1,55,17,2.36,0.05,1,0,141
2236,37,1,1,15,5,-2.07,0.05,1,0,141
2237,125,2,2,45,16,2.95,0.05,1,0,141
2238,126,2,2,54,16,6.84,0.05,1,0,141
2239,31,1,1,16,4,-0.31,0.05,1,0,141
2240,105,3,3,49,14,5.35,0.05,1,0,141
2241,134,0,0,27,8,-5.14,0.05,1,0,141
2242,21,0,0,9,3,-3.76,0.05,1,0,141
2243,7,0,0,4,1,-4.42,0.05,1,0,141
2244,29,0,0,10,4,-3.64,0.05,1,0,141
2245,78,0,0,29,10,-0.33,0.05,1,0,141
2246,59,1,1,30,8,0.01,0.05,1,0,141
2247,45,0,0,21,6,-2.15,0.05,1,0,141
2248,39,1,1,19,5,-0.19,0.05,1,0,141
2249,13,0,0,6,2,-4.93,0.05,1,0,141
2250,79,2,2,33,10,1.31,0.05,1,0,141
2251,14,0,0,6,2,-4.54,0.05,1,0,141
2252,96,1,1,43,13,1.84,0.05,1,0,141
2253,6,0,0,2,1,-5.06,0.05,1,0,141
2254,54,0,0,22,7,-2.39,0.05,1,0,141
2255,52,0,0,20,7,-1.97,0.05,1,0,141
2256,29,1,1,16,4,-1.99,0.05,1,0,141
2257,104,1,1,47,14,2.66,0.05,1,0,141
2258,49,0,0,26,7,-1.89,0.05,1,0,141
2259,5,0,0,3,1,-4.3,0.05,1,0,141
2260,7,0,0,2,1,-4.47,0.05,1,0,141
2261,21,0,0,13,3,-2.41,0.05,1,0,141
2262,67,1,1,31,9,0.78,0.05,1,0,141
2263,28,0,0,11,4,-4.28,0.05,1,0,141
2264,128,2,2,52,17,4.02,0.05,1,0,141
2265,50,2,2,24,6,0.9,0.05,1,0,141
2266,63,0,0,33,9,-0.83,0.05,1,0,141
2267,57,0,0,22,8,-4.57,0.05,1,0,141
2268,34,0,0,15,5,-4.54,0.05,1,0,141
2269,125,2,2,56,16,7.9,0.05,1,0,141
2270,170,2,2,76,22,10.85,0.05,1,0,141
2271,27,0,0,8,4,-4.72,0.05,1,0,141
2272,141,4,4,64,18,8.59,0.05,1,0,141
2273,38,0,0,20,5,-0.78,0.05,1,0,141
2274,114,1,1,53,14,4.86,0.05,1,0,141
2275,224,5,5,104,28,14.66,0.05,1,0,141
2276,13,0,0,5,2,-5.33,0.05,1,0,141
2277,230,3,3,86,29,12.4,0.05,1,0,141
2278,91,2,2,40,12,2.49,0.05,1,0,141
2279,30,0,0,10,4,-4.0,0.05,1,0,141
2280,135,3,3,60,17,8.95,0.05,1,0,141
2281,56,3,3,27,8,-0.26,0.05,1,0,141
2282,27,0,0,11,4,-4.57,0.05,1,0,141
2283,60,1,1,29,8,0.65,0.05,1,0,141
2284,27,0,0,12,4,-4.37,0.05,1,0,141
2285,60,0,0,27,8,1.05,0.05,1,0,141
2286,163,5,5,72,21,8.97,0.05,1,0,141
2287,134,3,3,60,17,7.96,0.05,1,0,141
2288,66,1,1,30,9,0.09,0.05,1,0,141
2289,60,1,1,30,8,0.4,0.05,1,0,141
2290,6,0,0,3,1,-4.76,0.05,1,0,141
2291,27,0,0,10,4,-4.97,0.05,1,0,141
2292,6,0,0,3,1,-4.76,0.05,1,0,141
2293,50,0,0,19,7,-2.95,0.05,1,0,141
2294,132,3,3,59,17,6.98,0.05,1,0,141
2295,203,3,3,79,24,12.97,0.05,1,0,141
2296,135,4,4,63,17,11.8,0.05,1,0,141
2297,239,3,3,99,29,18.11,0.05,1,0,141
2298,20,0,0,8,3,-5.5,0.05,1,0,141
2299,38,0,0,14,5,-3.93,0.05,1,0,141
2300,155,3,3,75,20,10.25,0.05,1,0,141
2301,69,0,0,27,9,-2.89,0.05,1,0,141
2302,110,4,4,52,14,11.05,0.05,1,0,141
2303,155,4,4,49,15,4.0,0.05,1,0,141
2304,50,0,0,23,7,-1.4,0.05,1,0,141
2305,44,0,0,22,6,-1.84,0.05,1,0,141
2306,79,1,1,39,11,0.41,0.05,1,0,141
2307,13,0,0,5,2,-5.33,0.05,1,0,141
2308,71,2,2,29,9,2.24,0.05,1,0,141
2309,20,0,0,11,3,-3.4,0.05,1,0,141
2310,155,1,1,63,20,5.2,0.05,1,0,141
2311,342,9,9,115,40,17.48,0.05,1,0,141
2312,186,4,4,80,22,13.94,0.05,1,0,141
2313,161,4,4,68,20,9.64,0.05,1,0,141
2314,6,0,0,3,1,-4.76,0.05,1,0,141
2315,13,0,0,3,2,-5.93,0.05,1,0,141
2316,37,0,0,17,5,-2.72,0.05,1,0,141
2317,237,6,6,99,29,18.58,0.05,1,0,141
2318,205,4,4,91,27,11.9,0.05,1,0,142
2319,125,1,1,56,17,5.6,0.05,1,0,142
2320,92,3,3,44,12,6.83,0.05,1,0,142
2321,41,0,0,16,6,-5.16,0.05,1,0,142
2322,105,3,3,53,13,5.65,0.05,1,0,142
2323,71,1,1,33,9,-0.16,0.05,1,0,142
2324,37,1,1,15,5,-2.07,0.05,1,0,142
2325,58,1,1,28,8,-1.43,0.05,1,0,142
2326,27,0,0,14,4,-3.22,0.05,1,0,142
2327,6,0,0,3,1,-4.76,0.05,1,0,142
2328,132,3,3,68,17,12.58,0.05,1,0,142
2329,5,0,0,1,1,-6.25,0.05,1,0,142
2330,13,0,0,7,2,-4.23,0.05,1,0,142
2331,61,1,1,30,8,1.59,0.05,1,0,142
2332,88,2,2,37,12,1.27,0.05,1,0,142
2333,348,8,9,116,41,25.22,0.05,0,1,142
2334,34,0,0,16,5,-3.89,0.05,1,0,142
2335,141,1,1,55,18,6.54,0.05,1,0,142
2336,57,2,2,28,7,3.58,0.05,1,0,142
2337,51,1,1,24,7,-1.11,0.05,1,0,142
2338,82,1,1,23,7,-2.72,0.05,1,0,142
2339,44,0,0,18,6,-2.89,0.05,1,0,142
2340,142,2,2,68,18,11.43,0.05,1,0,142
2341,42,0,0,16,6,-5.57,0.05,1,0,142
2342,52,1,1,18,7,-4.47,0.05,1,0,142
2343,142,2,2,73,18,10.73,0.05,1,0,142
2344,276,8,8,98,34,12.39,0.05,1,0,142
2345,65,1,1,26,9,-1.85,0.05,1,0,142
2346,400,4,4,44,13,0.8,0.05,0,1,142
2347,35,0,0,18,5,-2.25,0.05,1,0,142
2348,13,0,0,6,2,-4.93,0.05,1,0,142
2349,271,7,7,113,34,14.39,0.05,1,0,142
2350,137,2,2,67,18,9.63,0.05,1,0,142
2351,133,5,5,68,16,12.12,0.05,1,0,142
2352,65,2,2,32,9,2.05,0.05,1,0,142
2353,85,0,0,36,11,1.9,0.05,1,0,142
2354,20,0,0,6,3,-6.05,0.05,1,0,142
2355,29,0,0,13,4,-3.69,0.05,1,0,142
2356,59,0,0,33,8,0.76,0.05,1,0,142
2357,167,5,5,69,21,9.13,0.05,1,0,142
2358,152,5,5,57,17,7.43,0.05,1,0,142
2359,13,0,0,4,2,-5.58,0.05,1,0,142
2360,131,1,1,49,16,3.34,0.05,1,0,142
2361,79,3,3,29,10,1.86,0.05,1,0,142
2362,20,0,0,8,3,-4.95,0.05,1,0,142
2363,29,0,0,12,4,-3.99,0.05,1,0,142
2364,8,0,0,2,1,-5.53,0.05,1,0,142
2365,125,2,2,70,17,6.55,0.05,1,0,142
2366,20,1,1,9,3,-4.1,0.05,1,0,142
2367,20,0,0,9,3,-3.7,0.05,1,0,142
2368,67,1,1,30,9,-0.07,0.05,1,0,142
2369,60,3,3,28,8,2.65,0.05,1,0,142
2370,53,1,1,26,7,-0.98,0.05,1,0,142
2371,13,0,0,8,2,-4.38,0.05,1,0,142
2372,22,0,0,12,3,-2.77,0.05,1,0,142
2373,53,0,0,26,7,-0.88,0.05,1,0,142
2374,220,5,5,94,29,14.15,0.05,1,0,142
2375,52,0,0,21,7,-4.22,0.05,1,0,142
2376,105,2,2,43,13,1.5,0.05,1,0,142
2377,72,1,1,37,10,1.33,0.05,1,0,142
2378,104,4,4,49,14,6.46,0.05,1,0,142
2379,56,1,1,29,7,2.29,0.05,1,0,142
2380,59,2,2,34,8,3.16,0.05,1,0,142
2381,31,1,1,14,4,-1.21,0.05,1,0,142
2382,75,0,0,39,10,3.45,0.05,1,0,142
2383,106,0,0,48,14,2.59,0.05,1,0,142
2384,112,2,2,52,15,4.43,0.05,1,0,142
2385,6,0,0,3,1,-4.76,0.05,1,0,142
2386,36,0,0,13,5,-4.81,0.05,1,0,142
2387,56,0,0,24,7,-0.46,0.05,1,0,142
2388,43,1,1,19,6,-3.33,0.05,1,0,142
2389,105,1,1,62,14,6.7,0.05,1,0,142
2390,348,8,9,120,40,23.97,0.05,0,1,142
2391,79,0,0,33,10,0.41,0.05,1,0,142
2392,46,0,0,21,6,-1.51,0.05,1,0,142
2393,191,4,4,85,25,14.74,0.05,1,0,142
2394,93,0,0,41,12,2.17,0.05,1,0,142
2395,69,0,0,32,9,-1.04,0.05,1,0,142
2396,58,0,0,24,8,-3.38,0.05,1,0,142
2397,134,1,1,59,17,5.96,0.05,1,0,142
2398,335,8,9,128,39,29.5,0.05,0,1,142
2399,28,0,0,11,4,-4.28,0.05,1,0,142
2400,74,0,0,33,10,-1.34,0.05,1,0,142
2401,52,0,0,22,7,-1.77,0.05,1,0,142
2402,127,3,3,63,17,9.73,0.05,1,0,142
2403,93,1,1,44,12,2.02,0.05,1,0,142
2404,316,6,6,123,39,21.79,0.05,1,0,142
2405,59,0,0,21,8,-4.19,0.05,1,0,142
2406,27,0,0,11,4,-4.72,0.05,1,0,142
2407,172,2,2,42,12,0.23,0.05,1,0,142
2408,122,1,1,59,16,6.23,0.05,1,0,142
2409,55,1,1,27,7,0.3,0.05,1,0,142
2410,21,0,0,11,3,-3.66,0.05,1,0,142
2411,90,0,0,52,12,3.1,0.05,1,0,142
2412,120,3,3,56,16,9.0,0.05,1,0,142
2413,144,3,3,62,18,8.51,0.05,1,0,142
2414,27,0,0,13,4,-3.52,0.05,1,0,142
2415,118,3,3,52,16,2.57,0.05,1,0,142
2416,27,0,0,11,4,-4.32,0.05,1,0,142
2417,20,0,0,10,3,-4.2,0.05,1,0,142
2418,13,0,0,3,2,-5.83,0.05,1,0,142
2419,6,0,0,2,1,-5.06,0.05,1,0,142
2420,20,1,1,9,3,-3.2,0.05,1,0,142
2421,27,1,1,11,4,-3.92,0.05,1,0,142
2422,87,0,0,33,12,-2.67,0.05,1,0,142
2423,80,2,2,44,11,5.65,0.05,1,0,142
2424,140,3,3,71,18,11.1,0.05,1,0,142
2425,231,1,1,98,30,4.84,0.05,1,0,143
2426,137,2,2,56,18,6.88,0.05,1,0,143
2427,226,4,4,99,30,11.34,0.05,1,0,143
2428,80,1,1,38,11,-0.5,0.05,1,0,143
2429,400,6,6,105,32,24.5,0.05,0,1,143
2430,77,1,1,40,10,4.33,0.05,1,0,143
2431,28,1,1,16,4,-1.58,0.05,1,0,143
2432,28,0,0,11,4,-3.63,0.05,1,0,143
2433,79,1,1,30,10,-0.64,0.05,1,0,143
2434,37,2,2,12,5,-2.32,0.05,1,0,143
2435,287,3,3,47,17,2.28,0.05,1,0,143
2436,287,7,7,118,34,23.08,0.05,1,0,143
2437,63,1,1,35,9,-0.03,0.05,1,0,143
2438,134,3,3,58,17,8.71,0.05,1,0,143
2439,38,0,0,13,5,-4.93,0.05,1,0,143
2440,84,3,3,34,11,1.06,0.05,1,0,143
2441,106,3,3,46,14,5.84,0.05,1,0,143
2442,109,3,3,56,15,6.71,0.05,1,0,143
2443,16,0,0,4,2,-5.06,0.05,1,0,143
2444,23,1,1,13,3,-2.43,0.05,1,0,143
2445,6,0,0,2,1,-5.06,0.05,1,0,143
2446,13,0,0,9,2,-2.88,0.05,1,0,143
2447,109,1,1,49,14,6.26,0.05,1,0,143
2448,112,1,1,48,15,1.08,0.05,1,0,143
2449,119,2,2,51,16,3.66,0.05,1,0,143
2450,60,0,0,24,8,-2.0,0.05,1,0,143
2451,35,0,0,18,5,-3.5,0.05,1,0,143
2452,71,2,2,23,9,-0.21,0.05,1,0,143
2453,7,0,0,4,1,-4.42,0.05,1,0,143
2454,105,4,4,55,14,11.05,0.05,1,0,143
2455,31,0,0,14,4,-2.36,0.05,1,0,143
2456,45,2,2,21,6,1.65,0.05,1,0,143
2457,214,4,4,88,26,11.61,0.05,1,0,143
2458,28,0,0,14,4,-3.33,0.05,1,0,143
2459,42,0,0,17,6,-3.62,0.05,1,0,143
2460,167,3,3,83,22,11.38,0.05,1,0,143
2461,48,0,0,19,6,-3.63,0.05,1,0,143
2462,30,0,0,13,4,-3.2,0.05,1,0,143
2463,20,0,0,8,3,-4.5,0.05,1,0,143
2464,27,0,0,9,4,-6.37,0.05,1,0,143
2465,117,0,0,53,16,0.38,0.05,1,0,143
2466,92,1,1,45,12,6.53,0.05,1,0,143
2467,41,0,0,16,6,-5.96,0.05,1,0,143
2468,131,0,0,67,17,9.74,0.05,1,0,143
2469,107,1,1,48,14,5.13,0.05,1,0,143
2470,66,1,1,25,8,0.34,0.05,1,0,143
2471,31,0,0,13,4,-2.76,0.05,1,0,143
2472,261,5,5,104,30,18.09,0.05,1,0,143
2473,69,2,2,27,9,1.66,0.05,1,0,143
2474,140,2,2,67,18,11.5,0.05,1,0,143
2475,5,0,0,4,1,-4.45,0.05,1,0,143
2476,63,1,1,29,9,-3.23,0.05,1,0,143
2477,139,3,3,56,18,4.46,0.05,1,0,143
2478,165,3,3,65,22,5.4,0.05,1,0,143
2479,67,1,1,36,9,3.03,0.05,1,0,143
2480,13,0,0,6,2,-4.58,0.05,1,0,143
2481,157,4,4,76,20,16.18,0.05,1,0,143
2482,114,2,2,47,15,2.86,0.05,1,0,143
2483,6,0,0,3,1,-4.76,0.05,1,0,143
2484,78,2,2,34,10,1.67,0.05,1,0,143
2485,21,0,0,11,3,-2.61,0.05,1,0,143
2486,20,0,0,8,3,-5.5,0.05,1,0,143
2487,20,0,0,8,3,-5.0,0.05,1,0,143
2488,77,2,2,39,11,0.98,0.05,1,0,143
2489,368,7,7,119,39,15.92,0.05,1,0,143
2490,38,1,1,24,5,0.87,0.05,1,0,143
2491,36,0,0,16,5,-3.71,0.05,1,0,143
2492,57,1,1,25,8,-1.42,0.05,1,0,143
2493,13,0,0,8,2,-3.78,0.05,1,0,143
2494,112,3,3,57,15,7.38,0.05,1,0,143
2495,98,3,3,42,12,4.77,0.05,1,0,143
2496,174,3,3,40,12,1.36,0.05,1,0,143
2497,155,2,2,72,20,8.55,0.05,1,0,143
2498,80,0,0,30,10,-1.05,0.05,1,0,143
2499,39,0,0,17,5,-2.24,0.05,1,0,143
2500,94,1,1,46,12,4.91,0.05,1,0,143
2501,45,0,0,24,6,0.95,0.05,1,0,143
2502,104,1,1,42,14,-0.29,0.05,1,0,143
2503,20,0,0,10,3,-3.8,0.05,1,0,143
2504,64,1,1,28,8,0.76,0.05,1,0,143
2505,312,8,8,115,39,18.88,0.05,1,0,143
2506,20,0,0,8,3,-4.6,0.05,1,0,143
2507,41,0,0,17,6,-3.31,0.05,1,0,143
2508,53,1,1,26,7,-1.48,0.05,1,0,143
2509,61,0,0,25,8,-1.96,0.05,1,0,143
2510,176,4,4,74,23,9.04,0.05,1,0,143
2511,66,0,0,26,9,0.19,0.05,1,0,143
2512,81,2,2,36,11,2.14,0.05,1,0,143
2513,35,0,0,15,5,-3.7,0.05,1,0,143
2514,105,2,2,51,13,9.8,0.05,1,0,143
2515,87,0,0,42,11,2.78,0.05,1,0,143
2516,388,9,9,131,45,26.97,0.05,0,1,144
2517,6,0,0,3,1,-4.31,0.05,1,0,144
2518,6,0,0,3,1,-5.76,0.05,1,0,144
2519,35,0,0,14,5,-3.55,0.05,1,0,144
2520,52,0,0,28,7,-0.52,0.05,1,0,144
2521,20,0,0,9,3,-4.75,0.05,1,0,144
2522,68,1,1,31,9,2.27,0.05,1,0,144
2523,14,0,0,6,2,-5.99,0.05,1,0,144
2524,6,0,0,3,1,-4.76,0.05,1,0,144
2525,27,0,0,11,4,-4.67,0.05,1,0,144
2526,59,1,1,25,8,-2.44,0.05,1,0,144
2527,114,2,2,50,15,5.71,0.05,1,0,144
2528,106,1,1,48,14,4.19,0.05,1,0,144
2529,36,0,0,19,5,-1.46,0.05,1,0,144
2530,28,1,1,11,4,-3.43,0.05,1,0,144
2531,6,0,0,3,1,-4.31,0.05,1,0,144
2532,21,0,0,9,3,-4.61,0.05,1,0,144
2533,201,5,5,98,26,18.44,0.05,1,0,144
2534,5,0,0,4,1,-4.0,0.05,1,0,144
2535,84,1,1,27,11,-3.74,0.05,1,0,144
2536,47,0,0,17,6,-4.37,0.05,1,0,144
2537,368,9,9,124,41,25.82,0.05,1,0,144
2538,27,1,1,10,4,-4.37,0.05,1,0,144
2539,13,0,0,4,2,-5.58,0.05,1,0,144
2540,94,1,1,43,12,5.41,0.05,1,0,144
2541,7,0,0,6,1,-3.82,0.05,1,0,144
2542,151,2,2,63,19,6.89,0.05,1,0,144
2543,115,1,1,58,15,5.2,0.05,1,0,144
2544,140,4,4,55,17,6.2,0.05,1,0,144
2545,21,0,0,9,3,-3.66,0.05,1,0,144
2546,35,1,1,14,5,-3.05,0.05,1,0,144
2547,400,8,9,123,45,26.9,0.05,0,1,144
2548,113,2,2,35,12,0.12,0.05,1,0,144
2549,60,0,0,23,8,-2.75,0.05,1,0,146
2550,37,0,0,14,5,-4.02,0.05,1,0,146
2551,6,0,0,2,1,-4.61,0.05,1,0,146
2552,62,0,0,29,8,-0.82,0.05,1,0,146
2553,31,0,0,15,4,-1.21,0.05,1,0,146
2554,115,2,2,25,8,-1.1,0.05,1,0,146
2555,100,5,5,38,11,6.7,0.05,1,0,146
2556,45,2,2,22,6,-0.35,0.05,1,0,146
2557,145,2,2,69,19,4.3,0.05,1,0,146
2558,28,0,0,14,4,-3.43,0.05,1,0,146
2559,15,0,0,4,2,-5.2,0.05,1,0,146
2560,97,2,2,34,12,0.68,0.05,1,0,146
2561,28,0,0,10,4,-4.93,0.05,1,0,146
2562,261,6,6,102,33,14.09,0.05,1,0,146
2563,39,1,1,20,5,0.06,0.05,1,0,146
2564,131,2,2,55,17,4.39,0.05,1,0,146
2565,20,0,0,10,3,-4.0,0.05,1,0,146
2566,58,1,1,23,8,-2.68,0.05,1,0,146
2567,151,2,2,64,20,3.29,0.05,1,0,146
2568,60,0,0,30,8,1.0,0.05,1,0,146
2569,56,0,0,22,8,-2.91,0.05,1,0,146
2570,75,1,1,34,10,2.35,0.05,1,0,146
2571,157,3,3,62,19,6.23,0.05,1,0,146
2572,50,1,1,15,7,-3.25,0.05,1,0,146
2573,68,1,1,31,9,1.67,0.05,1,0,146
2574,13,0,0,8,2,-3.68,0.05,1,0,146
2575,155,4,4,68,20,7.25,0.05,1,0,146
2576,78,0,0,37,11,0.27,0.05,1,0,146
2577,49,1,1,22,7,-1.54,0.05,1,0,146
2578,35,0,0,15,5,-4.05,0.05,1,0,146
2579,24,0,0,9,3,-4.24,0.05,1,0,146
2580,20,0,0,10,3,-3.8,0.05,1,0,146
2581,108,3,3,46,14,5.22,0.05,1,0,146
2582,117,1,1,44,15,1.13,0.05,1,0,146
2583,13,0,0,9,2,-3.48,0.05,1,0,146
2584,49,1,1,25,6,0.81,0.05,1,0,146
2585,71,1,1,32,9,1.34,0.05,1,0,146
2586,85,0,0,37,11,1.1,0.05,1,0,146
2587,22,0,0,8,3,-5.07,0.05,1,0,146
2588,72,2,2,34,9,3.58,0.05,1,0,146
2589,6,0,0,2,1,-5.06,0.05,1,0,146
2590,6,0,0,3,1,-4.31,0.05,1,0,146
2591,21,0,0,9,3,-5.16,0.05,1,0,146
2592,37,1,1,21,5,0.28,0.05,1,0,146
2593,20,0,0,10,3,-3.55,0.05,1,0,146
2594,369,9,9,115,43,22.76,0.05,0,1,146
2595,154,4,4,73,20,10.61,0.05,1,0,146
2596,6,0,0,3,1,-5.21,0.05,1,0,146
2597,157,4,4,67,21,7.38,0.05,1,0,146
2598,27,0,0,11,4,-5.12,0.05,1,0,146
2599,105,2,2,49,14,5.65,0.05,1,0,146
2600,6,0,0,2,1,-5.06,0.05,1,0,146
2601,253,7,7,102,31,20.47,0.05,1,0,146
2602,279,5,5,106,34,15.31,0.05,1,0,146
2603,77,1,1,32,10,1.38,0.05,1,0,146
2604,154,2,2,74,20,11.91,0.05,1,0,146
2605,40,0,0,18,5,-2.95,0.05,1,0,146
2606,26,1,1,9,3,-2.11,0.05,1,0,146
2607,140,2,2,63,18,8.35,0.05,1,0,146
2608,22,0,0,8,3,-5.62,0.05,1,0,146
2609,20,0,0,8,3,-4.95,0.05,1,0,146
2610,50,0,0,19,7,-3.85,0.05,1,0,146
2611,20,0,0,8,3,-4.6,0.05,1,0,146
2612,48,0,0,20,6,-1.23,0.05,1,0,146
2613,93,2,2,32,12,0.72,0.05,1,0,146
2614,13,0,0,6,2,-4.48,0.05,1,0,146
2615,79,0,0,40,11,0.56,0.05,1,0,146
2616,99,1,1,41,13,1.91,0.05,1,0,146
2617,6,0,0,3,1,-4.76,0.05,1,0,146
2618,27,0,0,13,4,-3.67,0.05,1,0,146
2619,27,0,0,10,4,-4.42,0.05,1,0,146
2620,13,0,0,7,2,-3.53,0.05,1,0,146
2621,34,1,1,11,5,-3.69,0.05,1,0,146
2622,77,0,0,42,10,3.48,0.05,1,0,146
2623,120,3,3,58,15,7.85,0.05,1,0,146
2624,20,0,0,9,3,-4.75,0.05,1,0,146
2625,6,0,0,3,1,-4.76,0.05,1,0,146
2626,68,2,2,28,9,0.47,0.05,1,0,146
2627,13,0,0,6,2,-5.03,0.05,1,0,146
2628,303,4,4,57,19,5.02,0.05,1,0,146
2629,31,0,0,14,4,-2.41,0.05,1,0,146
2630,96,1,1,39,13,1.19,0.05,1,0,146
2631,180,4,4,72,21,9.85,0.05,1,0,146
2632,35,0,0,14,5,-4.0,0.05,1,0,146
2633,7,0,0,4,1,-4.92,0.05,1,0,146
2634,21,0,0,11,3,-2.71,0.05,1,0,146
2635,76,0,0,33,10,0.04,0.05,1,0,146
2636,147,1,1,54,19,2.48,0.05,1,0,146
2637,127,0,0,10,4,-5.37,0.05,1,0,146
2638,63,1,1,32,9,0.77,0.05,1,0,146
2639,6,0,0,3,1,-5.21,0.05,1,0,146
2640,14,0,0,9,2,-3.79,0.05,1,0,146
2641,142,2,2,52,19,0.23,0.05,1,0,146
2642,86,4,4,39,11,2.99,0.05,1,0,146
2643,7,0,0,3,1,-4.27,0.05,1,0,146
2644,245,2,2,43,16,-1.5,0.05,1,0,146
2645,46,0,0,21,6,-1.51,0.05,1,0,146
2646,170,1,1,73,22,6.2,0.05,1,0,146
2647,46,0,0,21,6,-1.01,0.05,1,0,146
2648,20,0,0,11,3,-3.45,0.05,1,0,146
2649,70,0,0,26,9,-0.5,0.05,1,0,146
2650,76,2,2,38,10,2.89,0.05,1,0,146
2651,27,1,1,10,4,-4.42,0.05,1,0,146
2652,118,2,2,21,7,-2.18,0.05,1,0,146
2653,113,2,2,49,15,4.17,0.05,1,0,146
2654,179,3,3,83,23,14.41,0.05,1,0,146
2655,80,2,2,33,11,1.8,0.05,1,0,146
2656,14,0,0,8,2,-3.49,0.05,1,0,146
2657,51,0,0,22,7,-2.31,0.05,1,0,146
2658,27,0,0,15,4,-3.57,0.05,1,0,146
2659,98,0,0,56,13,3.22,0.05,1,0,146
2660,20,0,0,8,3,-4.6,0.05,1,0,146
2661,90,2,2,43,11,4.5,0.05,1,0,146
2662,166,4,4,67,21,9.24,0.05,1,0,146
2663,90,1,1,39,12,0.85,0.05,1,0,146
2664,5,0,0,3,1,-5.2,0.05,1,0,146
2665,108,1,1,52,14,4.02,0.05,1,0,146
2666,71,2,2,31,9,1.14,0.05,1,0,146
2667,76,1,1,37,10,3.99,0.05,1,0,146
2668,52,1,1,28,7,2.03,0.05,1,0,146
2669,106,1,1,52,14,3.79,0.05,1,0,146
2670,314,4,4,112,38,13.96,0.05,1,0,146
2671,13,0,0,8,2,-4.28,0.05,1,0,146
2672,98,3,3,44,13,1.77,0.05,1,0,146
2673,20,0,0,10,3,-3.8,0.05,1,0,146
2674,45,0,0,20,6,-2.0,0.05,1,0,146
2675,88,2,2,52,12,7.62,0.05,1,0,146
2676,50,1,1,22,7,-2.15,0.05,1,0,146
2677,267,6,6,71,23,11.33,0.05,1,0,146
2678,83,0,0,46,11,5.52,0.05,1,0,146
2679,52,0,0,21,7,-2.47,0.05,1,0,146
2680,45,2,2,23,6,0.4,0.05,1,0,146
2681,6,0,0,3,1,-4.31,0.05,1,0,146
2682,27,1,1,9,4,-4.82,0.05,1,0,146
2683,37,1,1,15,5,-2.17,0.05,1,0,146
2684,27,0,0,11,4,-4.77,0.05,1,0,146
2685,21,0,0,8,3,-4.11,0.05,1,0,146
2686,46,1,1,19,6,-1.11,0.05,1,0,146
2687,21,0,0,12,3,-2.81,0.05,1,0,146
2688,64,1,1,29,9,-1.39,0.05,1,0,146
2689,70,0,0,27,9,-2.65,0.05,1,0,146
2690,27,0,0,13,4,-3.72,0.05,1,0,146
2691,66,0,0,27,9,-0.11,0.05,1,0,146
2692,334,7,7,101,39,14.11,0.05,1,0,146
2693,7,0,0,6,1,-3.32,0.05,1,0,146
2694,21,0,0,11,3,-3.61,0.05,1,0,146
2695,21,0,0,11,3,-3.11,0.05,1,0,146
2696,274,7,7,112,35,20.71,0.05,1,0,146
2697,99,1,1,43,12,4.81,0.05,1,0,146
2698,110,3,3,52,13,8.65,0.05,1,0,146
2699,67,0,0,32,9,1.63,0.05,1,0,146
2700,27,1,1,12,4,-3.27,0.05,1,0,146
2701,38,0,0,18,5,-3.33,0.05,1,0,146
2702,163,3,3,73,22,8.67,0.05,1,0,146
2703,106,2,2,44,13,3.54,0.05,1,0,146
2704,322,8,8,113,36,24.63,0.05,1,0,146
2705,355,9,9,121,43,20.6,0.05,1,0,147
2706,7,0,0,3,1,-4.27,0.05,1,0,147
2707,39,0,0,20,5,-1.29,0.05,1,0,147
2708,88,0,0,33,11,0.92,0.05,1,0,147
2709,5,0,0,3,1,-4.75,0.05,1,0,147
2710,101,3,3,43,12,5.84,0.05,1,0,147
2711,81,2,2,27,6,2.19,0.05,1,0,147
2712,106,2,2,46,14,2.94,0.05,1,0,147
2713,348,5,5,108,33,13.32,0.05,1,0,147
2714,70,1,1,28,9,-0.25,0.05,1,0,147
2715,159,3,3,57,20,6.61,0.05,1,0,147
2716,70,0,0,27,9,-1.55,0.05,1,0,147
2717,8,0,0,3,1,-4.78,0.05,1,0,147
2718,235,8,8,94,28,14.3,0.05,1,0,147
2719,93,0,0,46,12,2.72,0.05,1,0,147
2720,28,0,0,16,4,-2.78,0.05,1,0,147
2721,13,0,0,6,2,-5.03,0.05,1,0,147
2722,77,1,1,41,10,2.93,0.05,1,0,147
2723,20,0,0,7,3,-5.3,0.05,1,0,147
2724,79,1,1,38,11,1.91,0.05,1,0,147
2725,105,0,0,43,14,2.0,0.05,1,0,147
2726,131,1,1,68,17,9.69,0.05,1,0,147
2727,107,1,1,50,14,3.13,0.05,1,0,147
2728,20,0,0,7,3,-5.25,0.05,1,0,147
2729,65,1,1,27,9,0.05,0.05,1,0,147
2730,101,1,1,43,13,3.34,0.05,1,0,147
2731,300,5,5,115,36,16.7,0.05,1,0,147
2732,81,1,1,29,10,0.34,0.05,1,0,147
2733,73,0,0,43,10,2.67,0.05,1,0,147
2734,225,6,6,87,28,11.9,0.05,1,0,147
2735,222,4,4,79,28,5.93,0.05,1,0,147
2736,43,0,0,17,6,-4.28,0.05,1,0,147
2737,222,6,6,92,27,15.48,0.05,1,0,147
2738,13,0,0,8,2,-3.88,0.05,1,0,147
2739,123,1,1,55,16,7.27,0.05,1,0,147
2740,140,2,2,58,18,4.1,0.05,1,0,147
2741,134,3,3,57,17,5.31,0.05,1,0,147
2742,109,3,3,47,14,4.96,0.05,1,0,147
2743,28,2,2,15,4,0.37,0.05,1,0,147
2744,6,0,0,3,1,-4.66,0.05,1,0,147
2745,27,0,0,11,4,-3.92,0.05,1,0,147
2746,164,5,5,80,20,15.56,0.05,1,0,147
2747,13,0,0,4,2,-5.63,0.05,1,0,147
2748,30,0,0,16,4,-1.65,0.05,1,0,147
2749,20,0,0,10,3,-3.4,0.05,1,0,147
2750,142,1,1,65,19,7.33,0.05,1,0,147
2751,88,1,1,40,12,0.12,0.05,1,0,147
2752,221,8,8,94,27,17.84,0.05,1,0,147
2753,20,0,0,8,3,-4.55,0.05,1,0,147
2754,91,2,2,35,12,0.29,0.05,1,0,147
2755,312,8,9,119,37,28.48,0.05,0,1,147
2756,155,1,1,62,20,4.2,0.05,1,0,147
2757,6,0,0,2,1,-5.06,0.05,1,0,147
2758,241,8,8,87,29,15.94,0.05,1,0,147
2759,13,0,0,6,2,-5.03,0.05,1,0,147
2760,152,3,3,66,18,10.43,0.05,1,0,147
2761,95,2,2,53,12,8.1,0.05,1,0,147
2762,97,2,2,29,10,-1.22,0.05,1,0,147
2763,72,2,2,30,9,3.43,0.05,1,0,147
2764,43,1,1,19,6,-1.28,0.05,1,0,147
2765,110,2,2,38,14,0.75,0.05,1,0,147
2766,83,3,3,38,11,2.67,0.05,1,0,147
2767,68,1,1,30,9,-0.03,0.05,1,0,147
2768,59,1,1,22,8,-3.99,0.05,1,0,147
2769,117,2,2,52,14,6.73,0.05,1,0,147
2770,38,0,0,14,5,-3.08,0.05,1,0,147
2771,193,2,2,86,23,15.92,0.05,1,0,147
2772,46,0,0,24,6,0.69,0.05,1,0,147
2773,27,0,0,11,4,-4.37,0.05,1,0,147
2774,35,1,1,20,5,-0.5,0.05,1,0,147
2775,100,3,3,46,13,4.85,0.05,1,0,147
2776,13,0,0,8,2,-3.78,0.05,1,0,147
2777,68,1,1,28,9,-2.43,0.05,1,0,147
2778,133,3,3,58,16,6.82,0.05,1,0,147
2779,53,0,0,24,7,-2.23,0.05,1,0,147
2780,89,0,0,40,11,1.36,0.05,1,0,147
2781,90,0,0,48,12,2.5,0.05,1,0,147
2782,177,2,2,30,9,-1.32,0.05,1,0,147
2783,66,0,0,29,9,-0.86,0.05,1,0,147
2784,50,0,0,20,7,-2.4,0.05,1,0,147
2785,73,2,2,33,10,-1.13,0.05,1,0,147
2786,115,3,3,55,15,6.1,0.05,1,0,147
2787,69,0,0,31,9,-1.09,0.05,1,0,147
2788,189,2,2,73,23,11.46,0.05,1,0,147
2789,361,8,9,125,41,25.89,0.05,0,1,147
2790,5,0,0,4,1,-4.45,0.05,1,0,147
2791,20,0,0,9,3,-3.9,0.05,1,0,147
2792,27,0,0,11,4,-4.32,0.05,1,0,147
2793,42,0,0,18,5,-2.22,0.05,1,0,147
2794,341,9,9,118,38,28.49,0.05,0,1,147
2795,99,1,1,42,12,2.21,0.05,1,0,147
2796,61,1,1,27,8,1.29,0.05,1,0,147
2797,120,3,3,52,15,5.25,0.05,1,0,147
2798,23,0,0,12,3,-1.88,0.05,1,0,147
2799,114,3,3,46,15,4.81,0.05,1,0,147
2800,288,8,8,115,35,23.47,0.05,1,0,147
2801,14,0,0,6,2,-4.54,0.05,1,0,147
2802,20,0,0,9,3,-4.75,0.05,1,0,147
2803,41,0,0,19,6,-4.31,0.05,1,0,147
2804,79,0,0,28,10,-3.34,0.05,1,0,147
2805,116,4,4,41,14,1.49,0.05,1,0,147
2806,52,1,1,24,7,-0.17,0.05,1,0,147
2807,60,1,1,38,8,4.65,0.05,1,0,147
2808,59,0,0,28,8,-1.19,0.05,1,0,147
2809,20,0,0,9,3,-4.8,0.05,1,0,147
2810,20,0,0,8,3,-4.6,0.05,1,0,147
2811,20,0,0,10,3,-3.95,0.05,1,0,147
2812,93,0,0,45,12,3.77,0.05,1,0,147
2813,400,3,3,70,18,6.55,0.05,0,1,147
2814,97,3,3,37,13,-1.22,0.05,1,0,147
2815,56,2,2,27,8,-1.61,0.05,1,0,147
2816,72,1,1,38,10,1.68,0.05,1,0,147
2817,50,1,1,27,7,0.2,0.05,1,0,147
2818,134,2,2,55,17,6.81,0.05,1,0,147
2819,13,0,0,4,2,-5.63,0.05,1,0,147
2820,161,5,5,64,21,9.14,0.05,1,0,147
2821,42,0,0,17,6,-2.62,0.05,1,0,147
2822,20,0,0,8,3,-4.95,0.05,1,0,147
2823,6,0,0,2,1,-5.06,0.05,1,0,147
2824,28,1,1,9,4,-3.78,0.05,1,0,147
2825,127,3,3,55,16,6.43,0.05,1,0,147
2826,13,0,0,6,2,-3.93,0.05,1,0,147
2827,88,2,2,42,12,2.47,0.05,1,0,147
2828,164,2,2,81,22,11.01,0.05,1,0,147
2829,183,4,4,70,23,11.12,0.05,1,0,147
2830,6,0,0,2,1,-4.61,0.05,1,0,147
2831,14,0,0,5,2,-4.84,0.05,1,0,147
2832,400,8,8,121,44,20.95,0.05,0,1,147
2833,53,2,2,21,7,-0.68,0.05,1,0,147
2834,60,0,0,28,8,0.25,0.05,1,0,147
2835,120,2,2,35,10,2.2,0.05,1,0,147
2836,125,3,3,49,16,5.5,0.05,1,0,147
2837,6,0,0,3,1,-4.76,0.05,1,0,147
2838,125,2,2,45,15,3.85,0.05,1,0,147
2839,400,9,9,121,38,25.0,0.05,0,1,147
2840,136,3,3,60,18,5.49,0.05,1,0,147
2841,66,1,1,30,9,-2.01,0.05,1,0,147
2842,28,0,0,14,4,-2.23,0.05,1,0,147
2843,36,1,1,15,5,-2.01,0.05,1,0,147
2844,42,1,1,13,6,-2.12,0.05,1,0,147
2845,21,0,0,13,3,-2.46,0.05,1,0,147
2846,45,0,0,23,6,-0.5,0.05,1,0,147
2847,134,2,2,58,18,4.26,0.05,1,0,148
2848,85,0,0,36,11,0.95,0.05,1,0,148
2849,111,2,2,56,14,7.84,0.05,1,0,148
2850,6,0,0,2,1,-4.61,0.05,1,0,148
2851,28,1,1,11,4,-3.98,0.05,1,0,148
2852,124,3,3,56,16,5.81,0.05,1,0,148
2853,68,1,1,38,9,5.02,0.05,1,0,148
2854,78,2,2,31,10,1.12,0.05,1,0,148
2855,81,0,0,38,11,2.49,0.05,1,0,148
2856,59,2,2,28,8,1.51,0.05,1,0,148
2857,36,0,0,15,5,-3.56,0.05,1,0,148
2858,38,0,0,16,5,-2.53,0.05,1,0,148
2859,81,1,1,38,11,2.59,0.05,1,0,148
2860,220,3,3,91,27,14.4,0.05,1,0,148
2861,28,1,1,13,4,-3.63,0.05,1,0,148
2862,69,1,1,25,9,-1.19,0.05,1,0,148
2863,93,3,3,34,12,1.97,0.05,1,0,148
2864,7,0,0,5,1,-4.12,0.05,1,0,148
2865,51,1,1,24,7,0.54,0.05,1,0,148
2866,68,1,1,34,8,4.12,0.05,1,0,148
2867,122,3,3,52,15,6.98,0.05,1,0,148
2868,111,2,2,56,14,9.64,0.05,1,0,148
2869,393,8,9,119,44,21.97,0.05,0,1,148
2870,107,2,2,44,14,2.03,0.05,1,0,148
2871,106,4,4,51,13,9.84,0.05,1,0,148
2872,13,0,0,5,2,-5.33,0.05,1,0,148
2873,119,2,2,52,14,6.66,0.05,1,0,148
2874,20,0,0,9,3,-4.8,0.05,1,0,148
2875,37,0,0,16,5,-2.82,0.05,1,0,148
2876,81,2,2,33,10,3.24,0.05,1,0,148
2877,73,0,0,30,10,1.22,0.05,1,0,148
2878,27,0,0,11,4,-5.62,0.05,1,0,148
2879,140,1,1,61,18,4.75,0.05,1,0,148
2880,68,1,1,31,9,0.77,0.05,1,0,148
2881,74,1,1,31,10,0.11,0.05,1,0,148
2882,30,0,0,16,4,-1.85,0.05,1,0,148
2883,78,1,1,35,10,2.97,0.05,1,0,148
2884,185,6,6,72,24,8.3,0.05,1,0,148
2885,77,1,1,44,10,4.88,0.05,1,0,148
2886,13,0,0,9,2,-3.53,0.05,1,0,148
2887,67,3,3,27,7,2.93,0.05,1,0,148
2888,56,1,1,25,7,-0.46,0.05,1,0,148
2889,20,0,0,11,3,-3.55,0.05,1,0,148
2890,20,0,0,9,3,-4.15,0.05,1,0,148
2891,78,0,0,29,10,-2.08,0.05,1,0,148
2892,216,3,3,96,28,12.34,0.05,1,0,148
2893,130,1,1,64,17,7.3,0.05,1,0,148
2894,35,0,0,16,5,-3.35,0.05,1,0,148
2895,135,5,5,53,17,9.85,0.05,1,0,148
2896,20,0,0,10,3,-4.35,0.05,1,0,148
2897,71,0,0,30,10,-2.36,0.05,1,0,148
2898,66,0,0,36,9,0.34,0.05,1,0,148
2899,13,0,0,5,2,-5.33,0.05,1,0,148
2900,77,1,1,33,10,0.08,0.05,1,0,148
2901,400,5,5,103,34,18.5,0.05,0,1,148
2902,29,1,1,14,4,-1.64,0.05,1,0,148
2903,46,0,0,18,6,-3.61,0.05,1,0,148
2904,20,0,0,8,3,-5.05,0.05,1,0,148
2905,141,3,3,65,18,8.99,0.05,1,0,148
2906,23,0,0,9,3,-4.73,0.05,1,0,148
2907,7,0,0,3,1,-4.27,0.05,1,0,148
2908,13,0,0,8,2,-4.38,0.05,1,0,148
2909,13,0,0,8,2,-3.28,0.05,1,0,148
2910,13,0,0,7,2,-4.03,0.05,1,0,148
2911,93,0,0,34,12,0.02,0.05,1,0,148
2912,70,3,3,27,9,1.2,0.05,1,0,148
2913,91,2,2,55,12,8.49,0.05,1,0,148
2914,132,1,1,62,16,7.53,0.05,1,0,148
2915,210,0,0,28,8,-5.1,0.05,1,0,148
2916,400,6,6,105,36,17.0,0.05,0,1,148
2917,14,0,0,5,2,-5.29,0.05,1,0,148
2918,203,7,7,85,26,15.47,0.05,1,0,148
2919,134,1,1,63,18,6.71,0.05,1,0,148
2920,21,0,0,9,3,-4.66,0.05,1,0,148
2921,76,1,1,32,10,0.44,0.05,1,0,148
2922,41,0,0,19,6,-4.71,0.05,1,0,148
2923,36,1,1,13,5,-2.11,0.05,1,0,148
2924,58,1,1,31,8,1.82,0.05,1,0,148
2925,13,0,0,7,2,-3.73,0.05,1,0,148
2926,44,1,1,25,6,1.36,0.05,1,0,148
2927,37,0,0,17,5,-2.07,0.05,1,0,148
2928,13,0,0,7,2,-3.78,0.05,1,0,148
2929,60,0,0,26,8,-3.9,0.05,1,0,148
2930,37,1,1,19,5,0.18,0.05,1,0,148
2931,45,1,1,20,6,-0.4,0.05,1,0,148
2932,13,0,0,6,2,-4.93,0.05,1,0,148
2933,169,3,3,55,16,7.11,0.05,1,0,148
2934,99,0,0,39,13,1.66,0.05,1,0,148
2935,176,4,4,70,21,6.89,0.05,1,0,148
2936,86,0,0,37,11,-2.46,0.05,1,0,148
2937,5,0,0,3,1,-5.1,0.05,1,0,148
2938,41,1,1,20,6,-2.71,0.05,1,0,148
2939,6,0,0,3,1,-4.76,0.05,1,0,148
2940,294,7,7,115,36,22.11,0.05,1,0,148
2941,45,0,0,21,6,-2.1,0.05,1,0,148
2942,224,2,2,90,28,12.21,0.05,1,0,148
2943,21,0,0,13,3,-2.91,0.05,1,0,148
2944,29,1,1,12,4,-1.79,0.05,1,0,148
2945,20,0,0,11,3,-3.55,0.05,1,0,148
2946,144,1,1,56,18,4.96,0.05,1,0,148
2947,13,0,0,8,2,-3.38,0.05,1,0,148
2948,6,0,0,3,1,-4.76,0.05,1,0,148
2949,123,5,5,57,16,7.82,0.05,1,0,148
2950,68,0,0,27,9,-1.08,0.05,1,0,148
2951,13,0,0,8,2,-3.28,0.05,1,0,148
2952,6,0,0,3,1,-4.76,0.05,1,0,148
2953,81,0,0,30,11,-1.51,0.05,1,0,148
2954,80,1,1,40,11,2.35,0.05,1,0,148
2955,140,1,1,57,18,3.95,0.05,1,0,148
2956,20,0,0,9,3,-4.25,0.05,1,0,148
2957,77,1,1,34,10,0.83,0.05,1,0,148
2958,35,1,1,17,5,-2.95,0.05,1,0,148
2959,73,1,1,31,10,-1.33,0.05,1,0,148
2960,49,0,0,24,7,-0.64,0.05,1,0,148
2961,223,3,3,84,25,10.47,0.05,1,0,148
2962,93,1,1,35,12,-2.63,0.05,1,0,148
2963,60,2,2,27,8,2.8,0.05,1,0,148
2964,21,0,0,9,3,-4.26,0.05,1,0,148
2965,20,0,0,8,3,-5.1,0.05,1,0,148
2966,51,1,1,23,7,0.39,0.05,1,0,148
2967,66,1,1,27,9,-1.96,0.05,1,0,148
2968,53,2,2,28,7,0.92,0.05,1,0,148
2969,6,0,0,2,1,-5.06,0.05,1,0,148
2970,27,0,0,8,4,-6.42,0.05,1,0,148
2971,6,0,0,3,1,-4.76,0.05,1,0,148
2972,80,1,1,42,11,2.9,0.05,1,0,148
2973,40,0,0,18,5,-0.55,0.05,1,0,148
2974,66,4,4,35,9,3.89,0.05,1,0,148
2975,73,1,1,38,10,0.37,0.05,1,0,148
2976,28,0,0,8,4,-4.98,0.05,1,0,148
2977,72,2,2,26,9,0.23,0.05,1,0,149
2978,43,0,0,22,6,-1.68,0.05,1,0,149
2979,6,0,0,2,1,-5.06,0.05,1,0,149
2980,7,0,0,5,1,-4.17,0.05,1,0,149
2981,91,0,0,34,12,-2.81,0.05,1,0,149
2982,92,1,1,44,12,3.83,0.05,1,0,149
2983,250,5,5,108,31,19.55,0.05,1,0,149
2984,108,1,1,50,14,3.37,0.05,1,0,149
2985,6,0,0,2,1,-5.06,0.05,1,0,149
2986,29,0,0,12,4,-3.44,0.05,1,0,149
2987,63,2,2,19,8,-1.58,0.05,1,0,149
2988,28,0,0,14,4,-3.33,0.05,1,0,149
2989,250,8,8,104,31,21.6,0.05,1,0,149
2990,20,0,0,6,3,-5.0,0.05,1,0,149
2991,110,1,1,45,14,1.6,0.05,1,0,149
2992,20,0,0,9,3,-4.25,0.05,1,0,149
2993,6,0,0,3,1,-4.66,0.05,1,0,149
2994,14,0,0,9,2,-3.69,0.05,1,0,149
2995,114,5,5,62,15,11.16,0.05,1,0,149
2996,171,3,3,84,22,13.69,0.05,1,0,149
2997,27,0,0,8,4,-5.72,0.05,1,0,149
2998,95,1,1,44,12,3.05,0.05,1,0,149
2999,145,3,3,67,19,9.6,0.05,1,0,149
3000,108,1,1,43,14,3.52,0.05,1,0,149
3001,14,0,0,6,2,-5.44,0.05,1,0,149
3002,55,0,0,22,7,-1.95,0.05,1,0,149
3003,6,0,0,2,1,-5.51,0.05,1,0,149
3004,144,2,2,71,19,10.96,0.05,1,0,149
3005,131,3,3,51,17,4.14,0.05,1,0,149
3006,89,3,3,43,12,3.86,0.05,1,0,149
3007,113,0,0,46,15,1.42,0.05,1,0,149
3008,66,2,2,28,8,1.49,0.05,1,0,149
3009,140,3,3,55,18,4.25,0.05,1,0,149
3010,20,0,0,9,3,-5.0,0.05,1,0,149
3011,180,3,3,73,23,9.0,0.05,1,0,149
3012,121,1,1,44,16,-1.16,0.05,1,0,149
3013,20,0,0,9,3,-4.45,0.05,1,0,149
3014,105,1,1,25,7,-0.7,0.05,1,0,149
3015,100,0,0,22,6,-2.75,0.05,1,0,149
3016,196,5,5,81,24,12.74,0.05,1,0,149
3017,13,0,0,5,2,-5.23,0.05,1,0,149
3018,57,2,2,31,8,-0.22,0.05,1,0,149
3019,83,1,1,36,11,0.52,0.05,1,0,149
3020,275,6,6,90,33,15.35,0.05,1,0,149
3021,68,0,0,10,4,-5.33,0.05,1,0,149
3022,60,1,1,32,8,1.3,0.05,1,0,149
3023,45,1,1,19,6,-1.35,0.05,1,0,149
3024,53,2,2,27,7,1.87,0.05,1,0,149
3025,32,1,1,16,4,-1.52,0.05,1,0,149
3026,305,8,8,114,35,22.85,0.05,1,0,149
3027,28,0,0,14,4,-3.38,0.05,1,0,149
3028,35,0,0,18,5,-2.1,0.05,1,0,149
3029,34,0,0,12,5,-6.49,0.05,1,0,149
3030,190,5,5,90,25,14.35,0.05,1,0,149
3031,83,3,3,49,11,9.12,0.05,1,0,149
3032,35,0,0,19,5,-0.7,0.05,1,0,149
3033,20,0,0,7,3,-5.6,0.05,1,0,149
3034,92,2,2,46,12,5.88,0.05,1,0,149
3035,124,3,3,60,16,9.21,0.05,1,0,149
3036,129,0,0,57,17,5.16,0.05,1,0,149
3037,350,8,8,115,40,15.9,0.05,1,0,149
3038,258,4,4,39,14,0.02,0.05,1,0,149
3039,44,0,0,18,6,-2.79,0.05,1,0,149
3040,81,1,1,32,10,1.69,0.05,1,0,149
3041,20,0,0,8,3,-5.05,0.05,1,0,149
3042,49,0,0,22,6,-2.69,0.05,1,0,149
3043,151,3,3,73,20,7.49,0.05,1,0,149
3044,72,0,0,28,10,-1.92,0.05,1,0,149
3045,50,0,0,22,7,-4.8,0.05,1,0,149
3046,76,0,0,34,10,1.64,0.05,1,0,149
3047,61,2,2,33,8,1.64,0.05,1,0,149
3048,256,8,8,106,32,17.74,0.05,1,0,149
3049,36,0,0,14,5,-4.86,0.05,1,0,149
3050,13,0,0,7,2,-3.78,0.05,1,0,149
3051,20,0,0,7,3,-5.1,0.05,1,0,149
3052,71,1,1,31,9,0.69,0.05,1,0,149
3053,7,0,0,5,1,-4.52,0.05,1,0,149
3054,13,0,0,6,2,-5.38,0.05,1,0,149
3055,339,8,9,130,41,30.26,0.05,0,1,149
3056,27,0,0,13,4,-3.72,0.05,1,0,149
3057,27,0,0,10,4,-4.52,0.05,1,0,149
3058,14,0,0,4,2,-5.59,0.05,1,0,149
3059,35,0,0,15,5,-4.0,0.05,1,0,149
3060,22,0,0,12,3,-2.77,0.05,1,0,149
3061,41,1,1,15,6,-4.76,0.05,1,0,149
3062,28,0,0,10,4,-4.18,0.05,1,0,149
3063,176,6,6,76,23,12.89,0.05,1,0,149
3064,35,0,0,18,5,-3.65,0.05,1,0,149
3065,129,2,2,56,17,4.91,0.05,1,0,149
3066,187,3,3,78,25,9.28,0.05,1,0,149
3067,91,2,2,40,12,2.79,0.05,1,0,149
3068,20,0,0,10,3,-3.85,0.05,1,0,149
3069,21,0,0,10,3,-4.96,0.05,1,0,149
3070,6,0,0,2,1,-5.06,0.05,1,0,149
3071,59,0,0,27,8,-3.44,0.05,1,0,149
3072,100,1,1,44,13,4.75,0.05,1,0,149
3073,195,3,3,53,16,3.45,0.05,1,0,149
3074,244,7,7,97,30,18.36,0.05,1,0,149
3075,142,4,4,69,19,8.43,0.05,1,0,149
3076,112,1,1,52,15,5.03,0.05,1,0,149
3077,65,1,1,29,8,-1.2,0.05,1,0,149
3078,20,0,0,10,3,-4.25,0.05,1,0,149
3079,35,0,0,15,5,-3.65,0.05,1,0,149
3080,57,2,2,23,8,-0.27,0.05,1,0,149
3081,35,2,2,13,5,-3.55,0.05,1,0,149
3082,117,3,3,59,16,7.18,0.05,1,0,149
3083,13,0,0,8,2,-4.33,0.05,1,0,149
3084,50,0,0,21,7,-3.9,0.05,1,0,149
3085,130,2,2,51,16,3.05,0.05,1,0,149
3086,36,0,0,15,5,-3.21,0.05,1,0,149
3087,116,2,2,61,15,9.59,0.05,1,0,149
3088,75,3,3,30,10,2.9,0.05,1,0,149
3089,155,2,2,65,20,8.3,0.05,1,0,149
3090,14,0,0,8,2,-3.84,0.05,1,0,149
3091,215,0,0,11,5,-7.25,0.05,1,0,149
3092,45,0,0,20,6,-1.4,0.05,1,0,149
3093,63,0,0,26,8,0.17,0.05,1,0,149
3094,28,0,0,9,4,-4.33,0.05,1,0,149
3095,71,2,2,30,10,-1.51,0.05,1,0,149
3096,274,8,8,120,35,22.06,0.05,1,0,149
3097,20,0,0,10,3,-3.9,0.05,1,0,149
3098,108,2,2,37,13,0.82,0.05,1,0,149
3099,58,1,1,25,8,-0.53,0.05,1,0,149
3100,13,0,0,5,2,-4.78,0.05,1,0,149
3101,142,3,3,56,18,2.23,0.05,1,0,149
3102,123,0,0,54,16,1.02,0.05,1,0,149
3103,20,0,0,9,3,-4.3,0.05,1,0,149
3104,43,0,0,17,6,-3.08,0.05,1,0,149
3105,153,2,2,66,19,7.97,0.05,1,0,149
3106,160,4,4,72,20,13.15,0.05,1,0,149
3107,13,0,0,9,2,-3.03,0.05,1,0,149
3108,29,0,0,13,4,-4.19,0.05,1,0,149
3109,132,2,2,63,17,9.53,0.05,1,0,149
3110,46,0,0,23,6,-0.61,0.05,1,0,149
3111,43,1,1,17,6,-1.98,0.05,1,0,149
3112,252,6,6,109,32,19.43,0.05,1,0,149
3113,38,0,0,17,5,-2.63,0.05,1,0,149
3114,153,2,2,69,19,10.32,0.05,1,0,149
3115,124,2,2,49,16,5.11,0.05,1,0,149
3116,352,9,9,133,43,27.13,0.05,0,1,149
3117,20,0,0,10,3,-4.35,0.05,1,0,149
3118,97,1,1,43,13,1.78,0.05,1,0,149
3119,20,1,1,10,3,-3.0,0.05,1,0,149
3120,236,4,4,103,30,15.54,0.05,1,0,149
3121,41,1,1,24,5,0.54,0.05,1,0,149
3122,260,7,7,100,33,15.6,0.05,1,0,149
3123,59,0,0,24,8,-2.49,0.05,1,0,149
3124,35,0,0,13,5,-3.65,0.05,1,0,149
3125,28,0,0,13,4,-3.83,0.05,1,0,149
3126,151,3,3,66,20,5.99,0.05,1,0,149
3127,56,1,1,25,7,0.09,0.05,1,0,149
3128,35,1,1,14,5,-2.25,0.05,1,0,149
3129,69,2,2,32,9,2.81,0.05,1,0,149
3130,13,0,0,9,2,-3.48,0.05,1,0,149
3131,37,0,0,17,5,-2.67,0.05,1,0,149
3132,68,2,2,25,9,-0.13,0.05,1,0,149
3133,50,0,0,22,7,-3.05,0.05,1,0,149
3134,50,0,0,22,7,-1.8,0.05,1,0,149
3135,130,2,2,43,13,0.75,0.05,1,0,149
3136,341,8,8,116,40,18.39,0.05,1,0,149
3137,8,0,0,3,1,-4.23,0.05,1,0,149
3138,59,0,0,25,8,0.11,0.05,1,0,149
3139,88,1,1,37,12,-1.43,0.05,1,0,149
3140,189,4,4,83,25,11.46,0.05,1,0,149
3141,42,0,0,21,6,-2.42,0.05,1,0,149
3142,13,0,0,8,2,-3.28,0.05,1,0,149
3143,43,0,0,14,6,-3.13,0.05,1,0,149
3144,13,0,0,8,2,-4.18,0.05,1,0,149
3145,44,0,0,18,6,-3.04,0.05,1,0,149
3146,5,0,0,4,1,-5.2,0.05,1,0,149
3147,71,1,1,26,9,-0.41,0.05,1,0,149
3148,142,0,0,56,19,1.18,0.05,1,0,149
3149,137,2,2,52,17,3.93,0.05,1,0,149
3150,195,4,4,80,23,9.1,0.05,1,0,149
3151,58,0,0,24,8,-1.93,0.05,1,0,149
3152,20,0,0,8,3,-4.4,0.05,1,0,149
3153,21,0,0,9,3,-4.71,0.05,1,0,149
3154,20,0,0,9,3,-5.0,0.05,1,0,149
3155,27,0,0,11,4,-4.52,0.05,1,0,149
3156,42,0,0,21,6,-1.02,0.05,1,0,149
3157,49,0,0,24,7,-1.14,0.05,1,0,149
3158,160,1,1,79,21,10.7,0.05,1,0,149
3159,112,2,2,50,14,5.78,0.05,1,0,149
3160,140,1,1,57,17,5.0,0.05,1,0,149
3161,140,0,0,56,18,4.1,0.05,1,0,149
3162,39,0,0,16,5,-2.39,0.05,1,0,149
3163,377,8,9,128,46,24.48,0.05,0,1,149
3164,6,0,0,2,1,-5.06,0.05,1,0,149
3165,28,1,1,10,4,-3.93,0.05,1,0,149
3166,70,1,1,28,9,-2.0,0.05,1,0,149
3167,42,1,1,18,6,-2.47,0.05,1,0,149
3168,61,0,0,26,8,-0.41,0.05,1,0,149
3169,101,1,1,41,13,1.59,0.05,1,0,149
3170,80,0,0,43,11,1.4,0.05,1,0,149
3171,128,2,2,58,17,4.12,0.05,1,0,149
3172,91,0,0,36,12,-1.26,0.05,1,0,149
3173,207,6,6,76,24,9.63,0.05,1,0,149
3174,7,0,0,2,1,-4.52,0.05,1,0,149
3175,13,0,0,8,2,-4.33,0.05,1,0,149
3176,13,0,0,5,2,-5.78,0.05,1,0,149
3177,83,3,3,41,11,5.42,0.05,1,0,149
3178,46,1,1,20,6,-0.91,0.05,1,0,149
3179,80,1,1,32,10,0.65,0.05,1,0,149
3180,232,5,5,101,30,16.48,0.05,1,0,149
3181,106,3,3,53,14,8.09,0.05,1,0,149
3182,27,0,0,12,4,-4.37,0.05,1,0,149
3183,132,0,0,62,17,7.68,0.05,1,0,149
3184,70,2,2,32,9,2.95,0.05,1,0,149
3185,38,2,2,15,5,-1.48,0.05,1,0,149
3186,400,5,5,100,33,13.7,0.05,0,1,149
3187,35,0,0,18,5,-3.05,0.05,1,0,149
3188,13,0,0,8,2,-3.43,0.05,1,0,149
3189,30,0,0,13,4,-3.15,0.05,1,0,149
3190,44,0,0,19,6,-3.19,0.05,1,0,149
3191,135,2,2,50,15,0.65,0.05,1,0,149
3192,77,2,2,32,10,1.23,0.05,1,0,149
3193,203,5,5,83,26,11.77,0.05,1,0,149
3194,34,1,1,15,5,-2.44,0.05,1,0,149
3195,56,3,3,25,7,1.44,0.05,1,0,149
3196,44,1,1,22,6,-0.94,0.05,1,0,149
3197,112,1,1,54,15,5.38,0.05,1,0,149
3198,56,2,2,21,7,-1.06,0.05,1,0,149
3199,266,3,3,77,21,9.69,0.05,1,0,149
3200,13,0,0,4,2,-5.63,0.05,1,0,149
3201,143,3,3,66,19,11.42,0.05,1,0,149
3202,38,1,1,21,5,0.82,0.05,1,0,149
3203,153,4,4,69,19,10.47,0.05,1,0,149
3204,94,0,0,48,13,2.91,0.05,1,0,149
3205,7,0,0,5,1,-3.57,0.05,1,0,149
3206,5,0,0,3,1,-4.75,0.05,1,0,149
3207,79,0,0,33,10,2.51,0.05,1,0,149
3208,41,1,1,20,6,-3.21,0.05,1,0,149
3209,13,0,0,8,2,-3.78,0.05,1,0,149
3210,13,0,0,5,2,-5.33,0.05,1,0,149
3211,128,2,2,61,16,7.72,0.05,1,0,149
3212,27,0,0,12,4,-4.02,0.05,1,0,149
3213,56,0,0,25,8,-2.56,0.05,1,0,149
3214,31,0,0,17,4,-1.91,0.05,1,0,149
3215,94,1,1,47,12,6.21,0.05,1,0,149
3216,27,0,0,11,4,-4.17,0.05,1,0,149
3217,37,2,2,18,5,0.58,0.05,1,0,149
3218,183,3,3,81,23,10.77,0.05,1,0,149
3219,75,1,1,32,10,0.15,0.05,1,0,149
3220,7,0,0,3,1,-5.17,0.05,1,0,149
3221,67,2,2,24,9,-1.77,0.05,1,0,149
3222,20,0,0,8,3,-4.95,0.05,1,0,149
3223,142,1,1,67,18,9.53,0.05,1,0,149
3224,45,0,0,18,6,-2.55,0.05,1,0,149
3225,22,0,0,9,3,-4.82,0.05,1,0,149
3226,22,0,0,15,3,-1.42,0.05,1,0,149
3227,43,1,1,17,6,-2.53,0.05,1,0,149
3228,375,9,9,116,42,16.65,0.05,1,0,150
3229,38,0,0,16,5,-1.43,0.05,1,0,150
3230,30,0,0,16,4,-2.3,0.05,1,0,150
3231,13,0,0,4,2,-5.63,0.05,1,0,150
3232,164,2,2,69,21,6.86,0.05,1,0,150
3233,6,0,0,3,1,-4.66,0.05,1,0,150
3234,51,1,1,21,7,-1.66,0.05,1,0,150
3235,6,0,0,2,1,-4.61,0.05,1,0,150
3236,65,1,1,27,9,-2.5,0.05,1,0,150
3237,6,0,0,3,1,-4.66,0.05,1,0,150
3238,94,0,0,44,13,2.16,0.05,1,0,150
3239,49,0,0,20,7,-2.34,0.05,1,0,150
3240,28,0,0,16,4,-1.78,0.05,1,0,150
3241,79,3,3,28,10,0.46,0.05,1,0,150
3242,67,0,0,29,9,-1.37,0.05,1,0,150
3243,59,0,0,27,8,-2.94,0.05,1,0,150
3244,14,0,0,8,2,-3.84,0.05,1,0,150
3245,203,4,4,98,27,12.87,0.05,1,0,150
3246,21,0,0,12,3,-2.81,0.05,1,0,150
3247,73,0,0,39,10,1.67,0.05,1,0,150
3248,63,1,1,31,8,0.42,0.05,1,0,150
3249,28,0,0,12,4,-3.03,0.05,1,0,150
3250,76,2,2,38,10,1.84,0.05,1,0,150
3251,37,0,0,15,5,-4.02,0.05,1,0,150
3252,195,4,4,83,25,12.6,0.05,1,0,150
3253,52,1,1,21,7,-1.97,0.05,1,0,150
3254,38,0,0,20,5,-0.13,0.05,1,0,150
3255,13,0,0,5,2,-3.73,0.05,1,0,150
3256,65,0,0,25,8,-0.7,0.05,1,0,150
3257,20,0,0,7,3,-5.05,0.05,1,0,150
3258,79,0,0,37,10,2.81,0.05,1,0,150
3259,70,2,2,25,9,-1.5,0.05,1,0,150
3260,52,2,2,27,7,1.53,0.05,1,0,150
3261,114,3,3,51,15,7.06,0.05,1,0,150
3262,97,1,1,47,13,2.03,0.05,1,0,150
3263,193,5,5,78,25,9.32,0.05,1,0,150
3264,318,8,8,119,38,19.02,0.05,1,0,150
3265,36,1,1,15,5,-2.66,0.05,1,0,150
3266,94,2,2,44,12,5.16,0.05,1,0,150
3267,36,0,0,11,5,-5.86,0.05,1,0,150
3268,35,0,0,16,5,-3.3,0.05,1,0,150
3269,20,0,0,4,3,-6.25,0.05,1,0,150
3270,7,0,0,3,1,-4.27,0.05,1,0,150
3271,27,0,0,11,4,-4.77,0.05,1,0,150
3272,57,0,0,28,8,-2.12,0.05,1,0,150
3273,30,0,0,13,4,-3.6,0.05,1,0,150
3274,64,1,1,29,9,-2.84,0.05,1,0,150
3275,84,0,0,37,11,0.21,0.05,1,0,150
3276,110,1,1,49,15,0.1,0.05,1,0,150
3277,295,7,7,111,35,16.55,0.05,1,0,150
3278,59,1,1,26,8,0.36,0.05,1,0,150
3279,20,1,1,8,3,-3.45,0.05,1,0,150
3280,115,5,5,56,15,9.05,0.05,1,0,150
3281,45,0,0,19,6,-2.2,0.05,1,0,150
3282,237,5,5,100,31,14.83,0.05,1,0,150
3283,20,0,0,10,3,-4.45,0.05,1,0,150
3284,252,8,8,91,27,16.58,0.05,1,0,150
3285,53,0,0,23,7,-2.08,0.05,1,0,150
3286,106,0,0,47,13,3.79,0.05,1,0,150
3287,120,2,2,54,15,5.3,0.05,1,0,150
3288,205,4,4,84,26,9.8,0.05,1,0,150
3289,81,1,1,36,10,2.89,0.05,1,0,150
3290,42,0,0,17,6,-2.62,0.05,1,0,150
3291,36,1,1,16,5,-3.16,0.05,1,0,150
3292,207,3,3,88,26,9.28,0.05,1,0,150
3293,38,0,0,18,5,-1.93,0.05,1,0,150
3294,13,0,0,7,2,-4.08,0.05,1,0,150
3295,35,1,1,14,5,-3.6,0.05,1,0,150
3296,13,0,0,5,2,-5.33,0.05,1,0,150
3297,123,3,3,62,16,10.12,0.05,1,0,150
3298,159,2,2,33,11,-1.69,0.05,1,0,150
3299,122,2,2,64,17,6.93,0.05,1,0,150
3300,118,2,2,58,16,5.72,0.05,1,0,150
3301,6,0,0,2,1,-5.06,0.05,1,0,150
3302,106,2,2,44,13,3.24,0.05,1,0,150
3303,28,0,0,12,4,-3.48,0.05,1,0,150
3304,6,0,0,3,1,-4.76,0.05,1,0,150
3305,21,0,0,14,3,-2.11,0.05,1,0,150
3306,6,0,0,3,1,-4.76,0.05,1,0,150
3307,92,1,1,40,12,0.78,0.05,1,0,150
3308,400,4,4,83,28,9.3,0.05,0,1,150
3309,14,0,0,8,2,-3.39,0.05,1,0,150
3310,171,3,3,53,15,5.79,0.05,1,0,150
3311,288,7,7,115,35,25.22,0.05,1,0,150
3312,38,0,0,19,5,-3.03,0.05,1,0,150
3313,20,0,0,9,3,-4.65,0.05,1,0,150
3314,13,0,0,6,2,-4.88,0.05,1,0,150
3315,71,3,3,33,9,4.09,0.05,1,0,150
3316,165,6,6,66,20,9.25,0.05,1,0,150
3317,108,1,1,48,14,4.57,0.05,1,0,150
3318,228,4,4,91,27,14.32,0.05,1,0,150
3319,13,0,0,8,2,-3.43,0.05,1,0,150
3320,49,2,2,22,7,-0.44,0.05,1,0,150
3321,139,4,4,54,18,8.11,0.05,1,0,150
3322,58,2,2,30,8,2.82,0.05,1,0,150
3323,13,0,0,5,2,-5.33,0.05,1,0,150
3324,58,1,1,23,8,-1.58,0.05,1,0,150
3325,286,8,8,117,33,22.69,0.05,1,0,150
3326,20,0,0,7,3,-5.3,0.05,1,0,150
3327,99,0,0,40,13,2.46,0.05,1,0,150
3328,76,0,0,36,10,0.04,0.05,1,0,150
3329,86,0,0,33,11,-3.06,0.05,1,0,150
3330,61,1,1,9,5,-4.51,0.05,1,0,150
3331,22,0,0,9,3,-3.07,0.05,1,0,150
3332,117,5,5,48,15,5.53,0.05,1,0,150
3333,85,2,2,32,11,1.1,0.05,1,0,150
3334,8,0,0,4,1,-3.83,0.05,1,0,150
3335,69,0,0,34,9,1.11,0.05,1,0,150
3336,94,3,3,37,12,1.96,0.05,1,0,150
3337,35,0,0,14,5,-3.3,0.05,1,0,150
3338,13,0,0,5,2,-5.23,0.05,1,0,150
3339,35,0,0,12,5,-4.55,0.05,1,0,150
3340,81,3,3,42,11,2.59,0.05,1,0,150
3341,302,3,3,52,15,3.28,0.05,1,0,150
3342,20,0,0,10,3,-3.4,0.05,1,0,150
3343,186,4,4,65,22,5.24,0.05,1,0,150
3344,301,6,6,115,37,17.89,0.05,1,0,150
3345,99,1,1,21,7,-1.79,0.05,1,0,150
3346,158,4,4,56,18,7.27,0.05,1,0,150
3347,41,1,1,13,5,-3.36,0.05,1,0,150
3348,149,1,1,66,20,5.81,0.05,1,0,150
3349,184,2,2,67,20,7.91,0.05,1,0,150
3350,191,5,5,77,23,11.39,0.05,1,0,150
3351,137,2,2,19,7,-4.82,0.05,1,0,150
3352,118,3,3,58,15,7.82,0.05,1,0,150
3353,305,5,5,116,38,14.65,0.05,1,0,150
3354,108,3,3,50,14,7.67,0.05,1,0,150
3355,90,2,2,43,11,6.05,0.05,1,0,150
3356,156,2,2,71,20,10.59,0.05,1,0,150
3357,125,2,2,52,16,5.1,0.05,1,0,150
3358,42,0,0,18,6,-3.67,0.05,1,0,150
3359,96,0,0,37,12,0.44,0.05,1,0,150
3360,91,1,1,49,12,4.74,0.05,1,0,150
3361,42,0,0,17,6,-3.52,0.05,1,0,150
3362,36,2,2,20,5,0.59,0.05,1,0,150
3363,20,0,0,8,3,-4.95,0.05,1,0,150
3364,66,0,0,35,9,2.79,0.05,1,0,150
3365,282,8,8,109,34,19.73,0.05,1,0,150
3366,38,0,0,15,5,-3.33,0.05,1,0,150
3367,6,0,0,3,1,-4.66,0.05,1,0,150
3368,72,0,0,29,10,-1.97,0.05,1,0,150
3369,27,0,0,13,4,-3.72,0.05,1,0,150
3370,5,0,0,3,1,-4.3,0.05,1,0,150
3371,135,1,1,63,18,5.75,0.05,1,0,150
3372,399,4,4,53,17,3.86,0.05,1,0,150
3373,100,0,0,49,13,4.0,0.05,1,0,150
3374,137,1,1,66,17,9.83,0.05,1,0,150
3375,165,4,4,67,19,8.2,0.05,1,0,150
3376,60,1,1,30,8,2.1,0.05,1,0,150
3377,80,3,3,34,10,2.8,0.05,1,0,150
3378,38,0,0,22,5,0.57,0.05,1,0,150
3379,133,2,2,53,16,3.02,0.05,1,0,150
3380,20,0,0,10,3,-4.45,0.05,1,0,150
3381,213,4,4,92,27,10.87,0.05,1,0,150
3382,35,0,0,16,5,-2.9,0.05,1,0,150
3383,85,2,2,39,11,2.5,0.05,1,0,150
3384,106,0,0,54,14,3.29,0.05,1,0,150
3385,13,0,0,8,2,-3.33,0.05,1,0,150
3386,20,1,1,8,3,-3.4,0.05,1,0,150
3387,20,0,0,7,3,-4.9,0.05,1,0,150
3388,27,0,0,12,4,-3.97,0.05,1,0,150
3389,79,3,3,40,10,3.96,0.05,1,0,150
3390,20,0,0,10,3,-3.7,0.05,1,0,150
3391,138,3,3,65,17,9.82,0.05,1,0,150
3392,400,8,8,119,38,22.95,0.05,0,1,150
3393,154,4,4,76,20,11.31,0.05,1,0,150
3394,44,1,1,23,6,-1.19,0.05,1,0,150
3395,28,0,0,17,4,-1.48,0.05,1,0,150
3396,152,5,5,64,19,7.88,0.05,1,0,150
3397,37,0,0,15,5,-2.97,0.05,1,0,150
3398,20,0,0,7,3,-4.8,0.05,1,0,150
3399,55,2,2,24,7,1.2,0.05,1,0,150
3400,38,0,0,12,5,-2.43,0.05,1,0,150
3401,66,3,3,32,9,2.84,0.05,1,0,150
3402,28,0,0,10,4,-5.18,0.05,1,0,150
3403,111,2,2,52,14,7.29,0.05,1,0,150
3404,106,2,2,50,14,2.79,0.05,1,0,150
3405,82,1,1,36,11,0.73,0.05,1,0,150
3406,86,2,2,34,11,0.34,0.05,1,0,150
3407,59,0,0,28,8,1.31,0.05,1,0,150
3408,41,0,0,20,6,-3.41,0.05,1,0,150
3409,47,2,2,22,6,0.73,0.05,1,0,150
3410,108,1,1,25,10,-2.53,0.05,1,0,150
3411,28,0,0,14,4,-3.23,0.05,1,0,150
3412,51,1,1,29,7,1.39,0.05,1,0,150
3413,62,1,1,25,8,0.53,0.05,1,0,150
3414,87,1,1,39,12,-0.07,0.05,1,0,150
3415,136,2,2,68,17,9.59,0.05,1,0,150
3416,220,5,5,85,28,10.1,0.05,1,0,150
3417,14,0,0,6,2,-5.79,0.05,1,0,150
3418,6,0,0,3,1,-4.31,0.05,1,0,150
3419,44,0,0,24,6,-0.04,0.05,1,0,150
3420,59,1,1,28,8,0.01,0.05,1,0,150
3421,335,8,8,125,39,20.6,0.05,1,0,150
3422,6,0,0,1,1,-5.36,0.05,1,0,150
3423,292,5,5,112,37,16.23,0.05,1,0,150
3424,20,0,0,9,3,-4.65,0.05,1,0,150
3425,92,1,1,42,12,3.93,0.05,1,0,150
3426,222,6,6,90,26,14.43,0.05,1,0,150
3427,59,1,1,30,8,2.66,0.05,1,0,150
3428,39,0,0,20,5,-0.64,0.05,1,0,150
3429,45,0,0,20,6,-2.45,0.05,1,0,150
3430,21,0,0,12,3,-2.86,0.05,1,0,150
3431,97,0,0,56,13,6.43,0.05,1,0,150
3432,53,0,0,20,7,-3.48,0.05,1,0,150
3433,75,2,2,23,8,-0.1,0.05,1,0,150
3434,55,0,0,20,8,-4.0,0.05,1,0,150
3435,257,7,7,114,32,19.13,0.05,1,0,150
3436,6,0,0,3,1,-4.76,0.05,1,0,150
3437,81,0,0,38,11,-1.76,0.05,1,0,150
3438,27,0,0,12,4,-3.42,0.05,1,0,150
3439,101,1,1,50,14,4.49,0.05,1,0,150
3440,44,2,2,23,6,-0.29,0.05,1,0,150
3441,44,0,0,16,6,-3.19,0.05,1,0,150
3442,21,0,0,9,3,-3.76,0.05,1,0,150
3443,7,0,0,2,1,-5.47,0.05,1,0,150
3444,13,0,0,5,2,-5.78,0.05,1,0,150
3445,27,1,1,10,4,-3.77,0.05,1,0,150
3446,30,0,0,17,4,-1.3,0.05,1,0,150
3447,78,2,2,46,10,6.37,0.05,1,0,150
3448,63,1,1,34,8,3.57,0.05,1,0,150
3449,37,1,1,19,5,-1.02,0.05,1,0,150
3450,100,2,2,43,13,5.05,0.05,1,0,150
3451,80,2,2,39,11,3.7,0.05,1,0,150
3452,83,2,2,39,11,2.32,0.05,1,0,150
3453,44,1,1,18,6,-2.69,0.05,1,0,150
3454,134,3,3,54,17,7.46,0.05,1,0,150
3455,14,0,0,2,2,-5.74,0.05,1,0,150
3456,49,0,0,23,7,-1.89,0.05,1,0,150
3457,13,0,0,8,2,-3.58,0.05,1,0,150
3458,34,0,0,13,5,-4.79,0.05,1,0,150
3459,113,1,1,40,11,3.42,0.05,1,0,150
3460,37,0,0,16,5,-3.37,0.05,1,0,150
3461,400,5,5,100,37,17.05,0.05,0,1,150
3462,144,3,3,70,19,10.11,0.05,1,0,150
3463,28,0,0,13,4,-3.58,0.05,1,0,150
3464,52,0,0,21,7,-3.57,0.05,1,0,150
3465,74,1,1,37,10,3.91,0.05,1,0,150
3466,40,0,0,17,5,-2.0,0.05,1,0,150
3467,57,1,1,31,8,0.13,0.05,1,0,150
3468,22,0,0,9,3,-4.57,0.05,1,0,150
3469,273,4,4,116,34,18.97,0.05,1,0,150
3470,75,1,1,23,7,-0.7,0.05,1,0,150
3471,37,0,0,16,5,-3.87,0.05,1,0,150
3472,94,1,1,36,12,2.81,0.05,1,0,150
3473,290,7,7,108,35,18.85,0.05,1,0,150
3474,354,8,8,118,40,19.71,0.05,1,0,150
3475,235,3,3,90,29,12.55,0.05,1,0,150
3476,13,0,0,8,2,-3.88,0.05,1,0,150
3477,13,0,0,6,2,-4.48,0.05,1,0,150
3478,21,0,0,10,3,-3.31,0.05,1,0,150
3479,27,0,0,11,4,-5.12,0.05,1,0,150
3480,36,0,0,17,5,-3.51,0.05,1,0,150
3481,29,0,0,10,4,-5.49,0.05,1,0,150
3482,50,0,0,21,7,-2.1,0.05,1,0,150
3483,21,1,1,9,3,-2.96,0.05,1,0,150
3484,28,0,0,15,4,-3.08,0.05,1,0,150
3485,106,2,2,31,11,0.94,0.05,1,0,150
3486,75,0,0,33,10,-1.05,0.05,1,0,150
3487,20,0,0,10,3,-4.4,0.05,1,0,150
3488,266,5,5,101,30,16.49,0.05,1,0,150
3489,380,7,7,133,43,23.55,0.05,1,0,150
3490,68,0,0,28,9,-1.98,0.05,1,0,150
3491,28,1,1,13,4,-2.58,0.05,1,0,150
3492,14,0,0,8,2,-4.29,0.05,1,0,150
3493,14,0,0,5,2,-4.84,0.05,1,0,150
3494,20,0,0,8,3,-5.05,0.05,1,0,150
3495,28,0,0,11,4,-4.83,0.05,1,0,150
3496,318,9,9,112,39,20.52,0.05,1,0,150
3497,127,4,4,49,15,7.58,0.05,1,0,150
3498,61,2,2,25,8,-0.36,0.05,1,0,150
3499,60,0,0,33,8,3.0,0.05,1,0,150
3500,153,3,3,56,19,4.12,0.05,1,0,150
3501,6,0,0,3,1,-4.31,0.05,1,0,150
3502,6,0,0,3,1,-4.76,0.05,1,0,150
3503,21,0,0,8,3,-4.56,0.05,1,0,150
3504,82,1,1,36,11,1.18,0.05,1,0,150
3505,400,7,7,85,30,14.9,0.05,0,1,150
3506,377,9,9,126,43,27.18,0.05,0,1,150
3507,28,0,0,16,4,-2.18,0.05,1,0,150
3508,20,1,1,10,3,-3.15,0.05,1,0,150
3509,237,6,6,89,30,12.43,0.05,1,0,150
3510,62,0,0,28,8,0.18,0.05,1,0,150
3511,181,3,3,86,24,12.04,0.05,1,0,150
3512,56,0,0,21,8,-4.66,0.05,1,0,150
3513,400,7,7,104,34,23.15,0.05,0,1,150
3514,117,3,3,48,15,4.63,0.05,1,0,150
3515,91,2,2,49,12,5.19,0.05,1,0,150
3516,21,0,0,7,3,-4.41,0.05,1,0,150
3517,152,0,0,69,19,5.98,0.05,1,0,150
3518,13,0,0,7,2,-4.18,0.05,1,0,150
3519,58,1,1,24,8,-2.83,0.05,1,0,150
3520,252,8,8,106,32,15.83,0.05,1,0,150
3521,253,6,6,101,31,19.42,0.05,1,0,150
3522,186,4,4,87,24,13.69,0.05,1,0,150
3523,29,0,0,8,4,-5.24,0.05,1,0,150
3524,212,6,6,91,27,13.88,0.05,1,0,150
3525,272,7,7,95,33,14.33,0.05,1,0,150
3526,53,1,1,23,7,0.62,0.05,1,0,150
3527,79,0,0,34,10,0.31,0.05,1,0,150
3528,14,0,0,8,2,-4.29,0.05,1,0,150
3529,227,4,4,91,29,10.28,0.05,1,0,150
3530,355,9,9,119,41,24.9,0.05,0,1,150
3531,61,1,1,31,8,1.19,0.05,1,0,150
3532,13,0,0,8,2,-3.78,0.05,1,0,150
3533,68,1,1,36,9,3.67,0.05,1,0,150
3534,13,0,0,8,2,-3.33,0.05,1,0,150
3535,87,0,0,32,11,-1.62,0.05,1,0,150
3536,43,0,0,18,6,-5.83,0.05,1,0,150
3537,44,1,1,24,6,-0.79,0.05,1,0,150
3538,44,0,0,25,6,-1.09,0.05,1,0,150
3539,13,0,0,7,2,-3.53,0.05,1,0,150
3540,14,0,0,6,2,-4.99,0.05,1,0,150
3541,72,0,0,35,10,-0.47,0.05,1,0,150
3542,21,0,0,8,3,-4.01,0.05,1,0,150
3543,168,4,4,67,21,9.57,0.05,1,0,150
3544,20,0,0,9,3,-4.75,0.05,1,0,150
3545,28,0,0,14,4,-2.88,0.05,1,0,150
3546,70,0,0,27,9,-0.6,0.05,1,0,150
3547,27,1,1,7,4,-4.87,0.05,1,0,150
3548,65,0,0,29,9,-1.35,0.05,1,0,150
3549,20,0,0,11,3,-3.05,0.05,1,0,150
3550,103,3,3,47,13,5.97,0.05,1,0,150
3551,29,0,0,11,4,-3.84,0.05,1,0,150
3552,7,0,0,3,1,-4.82,0.05,1,0,150
3553,43,0,0,23,6,-1.33,0.05,1,0,150
3554,146,3,3,63,19,7.44,0.05,1,0,150
3555,52,1,1,23,7,-0.67,0.05,1,0,150
3556,6,0,0,3,1,-4.76,0.05,1,0,150
3557,21,1,1,11,3,-2.06,0.05,1,0,150
3558,5,0,0,3,1,-5.25,0.05,1,0,150
3559,77,3,3,36,10,4.38,0.05,1,0,150
3560,20,0,0,8,3,-4.0,0.05,1,0,150
3561,144,2,2,61,19,5.41,0.05,1,0,150
3562,56,1,1,22,8,-2.61,0.05,1,0,150
3563,340,9,9,123,40,26.95,0.05,0,1,150
3564,371,5,5,96,30,11.94,0.05,1,0,150
3565,94,3,3,45,12,4.41,0.05,1,0,150
3566,108,2,2,41,14,2.62,0.05,1,0,150
3567,7,0,0,3,1,-4.27,0.05,1,0,150
3568,64,1,1,22,9,-3.39,0.05,1,0,150
3569,20,0,0,7,3,-5.6,0.05,1,0,150
3570,92,3,3,42,12,5.38,0.05,1,0,150
3571,21,0,0,13,3,-2.41,0.05,1,0,150
3572,7,0,0,3,1,-4.72,0.05,1,0,150
3573,34,3,3,13,5,-1.84,0.05,1,0,150
3574,400,8,8,123,43,25.1,0.05,0,1,150
3575,280,7,7,101,36,14.2,0.05,1,0,150
3576,21,0,0,10,3,-3.01,0.05,1,0,150
3577,107,1,1,52,14,4.78,0.05,1,0,150
3578,262,9,9,100,32,20.08,0.05,1,0,150
3579,242,4,4,111,31,15.83,0.05,1,0,150
3580,69,0,0,32,9,1.31,0.05,1,0,150
3581,263,4,4,111,31,18.37,0.05,1,0,150
3582,70,1,1,34,9,3.6,0.05,1,0,150
3583,391,9,9,126,45,18.49,0.05,1,0,152
3584,62,0,0,27,8,-0.62,0.05,1,0,152
3585,64,0,0,32,8,1.46,0.05,1,0,152
3586,57,0,0,25,7,-1.12,0.05,1,0,152
3587,101,1,1,48,13,4.84,0.05,1,0,152
3588,70,1,1,29,9,0.75,0.05,1,0,152
3589,200,3,3,77,25,10.0,0.05,1,0,152
3590,37,0,0,16,5,-3.42,0.05,1,0,152
3591,69,2,2,37,9,3.96,0.05,1,0,152
3592,28,0,0,13,4,-3.18,0.05,1,0,152
3593,223,5,5,91,28,14.02,0.05,1,0,152
3594,20,0,0,7,3,-5.25,0.05,1,0,152
3595,13,0,0,6,2,-5.03,0.05,1,0,152
3596,145,4,4,56,18,6.25,0.05,1,0,152
3597,203,6,6,89,26,13.42,0.05,1,0,152
3598,70,1,1,31,9,2.25,0.05,1,0,152
3599,14,0,0,9,2,-3.04,0.05,1,0,152
3600,6,0,0,1,1,-5.36,0.05,1,0,152
3601,13,0,0,8,2,-3.88,0.05,1,0,152
3602,27,0,0,12,4,-4.37,0.05,1,0,152
3603,42,0,0,25,6,-0.67,0.05,1,0,152
3604,14,0,0,6,2,-4.54,0.05,1,0,152
3605,115,0,0,21,9,-3.8,0.05,1,0,152
3606,38,0,0,14,5,-3.48,0.05,1,0,152
3607,43,0,0,20,6,-2.23,0.05,1,0,152
3608,61,0,0,25,8,-1.51,0.05,1,0,152
3609,52,2,2,21,6,0.78,0.05,1,0,152
3610,121,2,2,58,16,5.34,0.05,1,0,152
3611,375,9,9,131,45,23.95,0.05,0,1,152
3612,30,0,0,14,4,-1.85,0.05,1,0,152
3613,22,1,1,14,3,-1.07,0.05,1,0,152
3614,67,2,2,35,9,3.08,0.05,1,0,152
3615,154,3,3,73,20,11.56,0.05,1,0,152
3616,69,1,1,29,9,1.31,0.05,1,0,152
3617,183,0,0,42,15,-3.13,0.05,1,0,152
3618,20,0,0,9,3,-4.3,0.05,1,0,152
3619,13,0,0,6,2,-4.38,0.05,1,0,152
3620,14,0,0,5,2,-4.84,0.05,1,0,152
3621,158,3,3,73,20,8.47,0.05,1,0,152
3622,86,1,1,48,12,3.09,0.05,1,0,152
3623,78,3,3,34,11,-1.03,0.05,1,0,152
3624,27,0,0,9,4,-4.92,0.05,1,0,152
3625,185,4,4,74,23,9.25,0.05,1,0,152
3626,318,3,3,48,15,-1.83,0.05,1,0,152
3627,54,0,0,24,7,-0.64,0.05,1,0,152
3628,127,1,1,69,17,6.68,0.05,1,0,152
3629,188,5,5,70,23,12.27,0.05,1,0,152
3630,20,0,0,9,3,-4.65,0.05,1,0,152
3631,22,0,0,12,3,-2.82,0.05,1,0,152
3632,20,0,0,8,3,-4.5,0.05,1,0,152
3633,79,2,2,31,11,0.61,0.05,1,0,152
3634,28,0,0,9,4,-4.78,0.05,1,0,152
3635,226,4,4,87,28,12.64,0.05,1,0,152
3636,91,3,3,40,12,2.24,0.05,1,0,152
3637,20,0,0,11,3,-3.45,0.05,1,0,152
3638,105,3,3,52,14,7.7,0.05,1,0,152
3639,21,0,0,11,3,-4.16,0.05,1,0,152
3640,20,0,0,9,3,-4.6,0.05,1,0,152
3641,55,1,1,21,7,-1.0,0.05,1,0,152
3642,20,0,0,9,3,-4.75,0.05,1,0,152
3643,6,0,0,2,1,-5.06,0.05,1,0,152
3644,74,0,0,32,10,0.21,0.05,1,0,152
3645,66,1,1,35,9,1.49,0.05,1,0,152
3646,89,1,1,43,12,3.56,0.05,1,0,152
3647,130,4,4,55,17,6.2,0.05,1,0,152
3648,400,8,8,115,40,22.55,0.05,0,1,152
3649,42,1,1,18,6,-2.22,0.05,1,0,152
3650,28,0,0,11,4,-4.73,0.05,1,0,152
3651,200,3,3,68,20,7.0,0.05,1,0,152
3652,211,2,2,30,9,-0.41,0.05,1,0,152
3653,308,5,5,83,22,15.77,0.05,1,0,152
3654,105,3,3,43,14,3.35,0.05,1,0,152
3655,380,8,8,123,42,22.2,0.05,1,0,152
3656,20,0,0,10,3,-4.4,0.05,1,0,152
3657,13,0,0,4,2,-6.08,0.05,1,0,152
3658,198,3,3,81,25,9.92,0.05,1,0,152
3659,125,2,2,53,16,5.15,0.05,1,0,152
3660,295,4,4,111,35,19.9,0.05,1,0,152
3661,44,0,0,22,6,-1.79,0.05,1,0,152
3662,220,4,4,89,27,13.4,0.05,1,0,152
3663,58,0,0,23,8,-1.63,0.05,1,0,152
3664,20,0,0,10,3,-4.25,0.05,1,0,152
3665,21,0,0,8,3,-4.36,0.05,1,0,152
3666,29,0,0,13,4,-3.14,0.05,1,0,152
3667,116,0,0,20,5,-3.36,0.05,1,0,152
3668,14,0,0,7,2,-3.59,0.05,1,0,152
3669,28,0,0,14,4,-3.73,0.05,1,0,152
3670,20,1,1,9,3,-3.0,0.05,1,0,152
3671,78,2,2,41,10,4.07,0.05,1,0,152
3672,366,9,9,124,42,28.69,0.05,0,1,152
3673,50,1,1,21,7,-2.55,0.05,1,0,152
3674,211,1,1,10,5,-7.31,0.05,1,0,152
3675,76,2,2,41,10,4.69,0.05,1,0,152
3676,6,0,0,2,1,-5.06,0.05,1,0,152
3677,20,0,0,8,3,-5.5,0.05,1,0,152
3678,73,2,2,32,10,0.07,0.05,1,0,152
3679,30,1,1,14,4,-2.2,0.05,1,0,152
3680,28,0,0,12,4,-4.48,0.05,1,0,152
3681,106,0,0,45,14,0.84,0.05,1,0,152
3682,374,8,9,120,44,24.71,0.05,0,1,152
3683,58,1,1,28,8,-2.13,0.05,1,0,152
3684,60,0,0,23,8,-2.65,0.05,1,0,152
3685,260,8,8,112,31,23.15,0.05,1,0,152
3686,91,1,1,49,13,-1.81,0.05,1,0,152
3687,37,1,1,15,5,-3.52,0.05,1,0,152
3688,140,1,1,61,17,6.9,0.05,1,0,152
3689,361,8,9,120,39,30.44,0.05,0,1,152
3690,7,0,0,2,1,-4.57,0.05,1,0,152
3691,29,0,0,16,4,-2.49,0.05,1,0,152
3692,27,1,1,9,4,-4.37,0.05,1,0,152
3693,16,0,0,6,2,-4.46,0.05,1,0,152
3694,400,7,7,115,41,18.7,0.05,0,1,152
3695,116,3,3,45,14,5.29,0.05,1,0,152
3696,151,2,2,72,19,12.24,0.05,1,0,152
3697,28,0,0,13,4,-4.28,0.05,1,0,152
3698,7,0,0,2,1,-4.57,0.05,1,0,152
3699,52,0,0,21,7,-1.02,0.05,1,0,152
3700,165,3,3,75,21,10.95,0.05,1,0,152
3701,20,0,0,10,3,-5.8,0.05,1,0,152
3702,342,8,9,122,38,29.88,0.05,0,1,152
3703,13,0,0,4,2,-5.63,0.05,1,0,152
3704,58,2,2,25,8,0.72,0.05,1,0,152
3705,114,2,2,49,15,5.51,0.05,1,0,152
3706,20,0,0,6,3,-5.15,0.05,1,0,152
3707,55,2,2,23,7,1.1,0.05,1,0,152
3708,105,2,2,51,14,3.6,0.05,1,0,152
3709,70,3,3,27,9,1.15,0.05,1,0,152
3710,81,1,2,40,11,3.34,0.05,1,0,152
3711,43,1,1,15,6,-0.98,0.05,1,0,152
3712,37,0,0,13,5,-3.67,0.05,1,0,152
3713,46,2,2,22,6,0.49,0.05,1,0,152
3714,312,7,7,111,38,18.23,0.05,1,0,152
3715,207,3,3,62,22,6.93,0.05,1,0,152
3716,43,1,1,20,6,-1.58,0.05,1,0,152
3717,27,0,0,11,4,-4.67,0.05,1,0,152
3718,158,4,4,76,20,14.07,0.05,1,0,152
3719,22,0,0,15,3,-1.62,0.05,1,0,152
3720,227,5,5,82,27,14.03,0.05,1,0,152
3721,13,0,0,7,2,-3.63,0.05,1,0,152
3722,376,7,7,101,33,14.39,0.05,1,0,152
3723,13,0,0,5,2,-4.88,0.05,1,0,152
3724,20,0,0,7,3,-5.15,0.05,1,0,152
3725,21,1,1,12,3,-2.21,0.05,1,0,152
3726,13,0,0,6,2,-4.93,0.05,1,0,152
3727,43,0,0,15,6,-2.33,0.05,1,0,152
3728,165,3,3,74,21,6.6,0.05,1,0,152
3729,91,0,0,31,12,-1.71,0.05,1,0,152
3730,28,0,0,14,4,-3.28,0.05,1,0,152
3731,103,3,3,50,13,6.22,0.05,1,0,152
3732,6,0,0,2,1,-4.61,0.05,1,0,152
3733,13,0,0,6,2,-4.93,0.05,1,0,152
3734,132,3,3,46,16,3.88,0.05,1,0,152
3735,274,6,6,100,31,14.76,0.05,1,0,152
3736,186,6,6,88,24,14.09,0.05,1,0,152
3737,204,6,6,76,26,13.71,0.05,1,0,152
3738,223,1,1,37,11,-0.78,0.05,1,0,152
3739,156,5,5,62,18,12.89,0.05,1,0,152
3740,143,3,3,61,19,7.27,0.05,1,0,152
3741,20,0,0,10,3,-3.45,0.05,1,0,152
3742,28,0,0,10,4,-4.93,0.05,1,0,152
3743,8,0,0,4,1,-4.48,0.05,1,0,152
3744,400,3,3,110,34,20.5,0.05,0,1,152
3745,192,3,3,83,25,9.83,0.05,1,0,152
3746,13,0,0,7,2,-4.18,0.05,1,0,152
3747,134,1,1,59,17,6.81,0.05,1,0,152
3748,37,0,0,14,5,-3.52,0.05,1,0,152
3749,14,0,0,5,2,-5.84,0.05,1,0,152
3750,168,3,3,73,20,10.02,0.05,1,0,152
3751,66,2,2,34,9,2.34,0.05,1,0,152
3752,20,0,0,7,3,-5.7,0.05,1,0,152
3753,166,4,4,74,20,11.39,0.05,1,0,152
3754,219,4,4,100,28,15.86,0.05,1,0,152
3755,13,0,0,8,2,-3.88,0.05,1,0,152
3756,97,1,1,46,13,4.33,0.05,1,0,152
3757,49,0,0,23,7,-1.54,0.05,1,0,152
3758,400,7,7,122,41,25.65,0.05,0,1,152
3759,5,0,0,4,1,-4.35,0.05,1,0,152
3760,58,1,1,22,7,-2.23,0.05,1,0,152
3761,6,0,0,3,1,-4.76,0.05,1,0,152
3762,13,0,0,8,2,-3.88,0.05,1,0,152
3763,139,2,2,38,13,1.36,0.05,1,0,152
3764,21,0,0,9,3,-5.16,0.05,1,0,152
3765,69,1,1,29,9,1.61,0.05,1,0,152
3766,58,1,1,25,8,-0.23,0.05,1,0,152
3767,129,4,4,61,18,5.71,0.05,1,0,152
3768,190,3,3,77,20,14.15,0.05,1,0,152
3769,20,0,0,9,3,-4.75,0.05,1,0,152
3770,20,0,0,8,3,-4.8,0.05,1,0,152
3771,28,0,0,14,4,-2.18,0.05,1,0,152
3772,67,0,0,35,9,1.53,0.05,1,0,152
3773,28,0,0,14,4,-3.18,0.05,1,0,152
3774,132,5,5,70,18,9.93,0.05,1,0,152
3775,128,1,1,58,17,6.57,0.05,1,0,152
3776,20,0,0,10,3,-4.35,0.05,1,0,152
3777,50,0,0,22,7,-1.25,0.05,1,0,152
3778,136,1,1,54,17,3.14,0.05,1,0,152
3779,100,1,1,44,13,2.65,0.05,1,0,152
3780,36,0,0,20,5,-1.56,0.05,1,0,152
3781,104,1,1,38,10,2.01,0.05,1,0,152
3782,182,5,5,84,22,15.08,0.05,1,0,152
3783,22,0,0,12,3,-2.77,0.05,1,0,152
3784,69,1,1,30,9,0.91,0.05,1,0,152
3785,27,0,0,13,4,-3.62,0.05,1,0,152
3786,86,0,0,36,11,2.19,0.05,1,0,152
3787,139,4,4,55,18,6.36,0.05,1,0,152
3788,192,4,4,85,24,14.48,0.05,1,0,152
3789,92,2,2,23,8,-1.72,0.05,1,0,152
3790,96,3,3,54,13,7.44,0.05,1,0,152
3791,58,0,0,35,8,1.27,0.05,1,0,152
3792,28,1,1,11,4,-3.08,0.05,1,0,152
3793,56,3,3,30,7,3.39,0.05,1,0,152
3794,28,0,0,15,4,-2.38,0.05,1,0,152
3795,129,2,2,53,17,3.01,0.05,1,0,152
3796,95,1,1,37,12,2.0,0.05,1,0,152
3797,120,2,2,55,15,5.85,0.05,1,0,152
3798,200,4,4,80,24,13.1,0.05,1,0,152
3799,136,1,1,55,19,0.99,0.05,1,0,152
3800,69,0,0,32,9,0.41,0.05,1,0,152
3801,7,0,0,3,1,-5.27,0.05,1,0,152
3802,186,6,6,82,23,15.74,0.05,1,0,152
3803,44,0,0,18,6,-3.39,0.05,1,0,152
3804,13,0,0,8,2,-3.78,0.05,1,0,152
3805,195,7,7,77,24,13.45,0.05,1,0,152
3806,109,3,3,50,14,5.66,0.05,1,0,152
3807,98,1,1,41,12,2.92,0.05,1,0,152
3808,6,0,0,3,1,-4.31,0.05,1,0,152
3809,50,1,1,25,7,-1.3,0.05,1,0,152
3810,135,1,1,60,17,8.15,0.05,1,0,152
3811,353,8,9,121,39,28.32,0.05,0,1,152
3812,37,0,0,17,5,-3.27,0.05,1,0,152
3813,350,9,9,115,40,24.7,0.05,0,1,152
3814,50,0,0,24,7,-1.3,0.05,1,0,152
3815,400,8,8,121,39,25.7,0.05,0,1,152
3816,6,0,0,2,1,-4.96,0.05,1,0,152
3817,308,9,9,103,32,23.07,0.05,1,0,152
3818,239,5,5,99,31,10.91,0.05,1,0,152
3819,27,0,0,11,4,-4.77,0.05,1,0,152
3820,207,3,3,89,26,13.03,0.05,1,0,152
3821,58,0,0,23,8,-1.83,0.05,1,0,152
3822,20,1,1,8,3,-2.9,0.05,1,0,152
3823,353,8,9,117,44,22.92,0.05,0,1,152
3824,294,8,8,116,36,19.76,0.05,1,0,152
3825,28,0,0,15,4,-2.98,0.05,1,0,152
3826,271,6,6,101,31,19.29,0.05,1,0,152
3827,6,0,0,3,1,-4.31,0.05,1,0,152
3828,36,0,0,13,5,-3.76,0.05,1,0,152
3829,31,0,0,12,4,-3.91,0.05,1,0,152
3830,151,1,1,67,19,9.04,0.05,1,0,152
3831,71,1,1,29,9,2.14,0.05,1,0,152
3832,148,4,4,53,18,3.92,0.05,1,0,152
3833,126,0,0,14,6,-6.81,0.05,1,0,152
3834,141,3,3,56,18,2.49,0.05,1,0,152
3835,20,0,0,8,3,-5.75,0.05,1,0,152
3836,13,0,0,5,2,-4.88,0.05,1,0,152
3837,228,4,4,78,25,13.62,0.05,1,0,152
3838,23,0,0,12,3,-3.63,0.05,1,0,152
3839,83,1,1,29,11,-1.98,0.05,1,0,152
3840,50,1,1,20,7,-3.4,0.05,1,0,152
3841,70,0,0,35,9,0.7,0.05,1,0,152
3842,95,2,2,43,12,6.15,0.05,1,0,152
3843,13,0,0,6,2,-4.03,0.05,1,0,152
3844,40,0,0,16,5,-3.55,0.05,1,0,152
3845,142,2,2,65,19,4.18,0.05,1,0,152
3846,368,8,9,121,44,23.82,0.05,0,1,152
3847,31,0,0,16,4,-1.71,0.05,1,0,152
3848,20,0,0,9,3,-4.2,0.05,1,0,152
3849,400,4,4,92,28,17.55,0.05,0,1,152
3850,145,3,3,71,19,10.05,0.05,1,0,152
3851,37,0,0,14,5,-3.67,0.05,1,0,152
3852,125,3,3,52,16,3.25,0.05,1,0,152
3853,224,4,4,83,28,11.46,0.05,1,0,152
3854,22,0,0,9,3,-5.02,0.05,1,0,152
3855,82,0,0,34,11,-0.27,0.05,1,0,152
3856,147,4,4,71,19,11.13,0.05,1,0,152
3857,27,0,0,11,4,-4.57,0.05,1,0,152
3858,29,0,0,11,4,-4.79,0.05,1,0,152
3859,28,0,0,16,4,-3.03,0.05,1,0,152
3860,20,0,0,9,3,-4.65,0.05,1,0,152
3861,21,0,0,9,3,-4.11,0.05,1,0,152
3862,46,0,0,17,6,-4.21,0.05,1,0,152
3863,27,0,0,14,4,-3.87,0.05,1,0,152
3864,251,7,7,59,18,8.44,0.05,1,0,152
3865,20,0,0,8,3,-4.05,0.05,1,0,152
3866,113,2,2,50,15,3.22,0.05,1,0,152
3867,44,1,1,18,6,-2.79,0.05,1,0,152
3868,353,9,9,126,41,29.02,0.05,0,1,152
3869,102,2,2,47,13,5.33,0.05,1,0,152
3870,92,0,0,45,12,5.23,0.05,1,0,152
3871,28,1,1,9,4,-4.68,0.05,1,0,152
3872,363,8,9,112,39,23.92,0.05,0,1,152
3873,357,8,8,117,43,21.33,0.05,1,0,152
3874,202,3,3,82,26,10.93,0.05,1,0,152
3875,241,5,5,97,30,13.84,0.05,1,0,152
3876,29,0,0,11,4,-3.79,0.05,1,0,152
3877,13,0,0,7,2,-4.08,0.05,1,0,152
3878,64,0,0,27,8,-0.14,0.05,1,0,152
3879,5,0,0,4,1,-3.9,0.05,1,0,152
3880,235,7,7,89,28,11.7,0.05,1,0,152
3881,400,9,9,123,47,29.8,0.05,0,1,152
3882,189,3,3,54,19,6.36,0.05,1,0,152
3883,14,0,0,5,2,-5.29,0.05,1,0,152
3884,20,0,0,9,3,-4.55,0.05,1,0,152
3885,147,3,3,65,19,5.98,0.05,1,0,152
3886,53,2,2,22,7,-0.68,0.05,1,0,152
3887,21,0,0,7,3,-5.31,0.05,1,0,152
3888,149,4,4,61,19,7.41,0.05,1,0,152
3889,43,0,0,25,6,-0.68,0.05,1,0,152
3890,157,5,5,74,20,15.43,0.05,1,0,152
3891,138,3,3,64,18,9.77,0.05,1,0,152
3892,43,0,0,17,6,-3.08,0.05,1,0,152
3893,15,0,0,7,2,-4.2,0.05,1,0,152
3894,54,3,3,25,7,1.66,0.05,1,0,152
3895,13,0,0,5,2,-4.78,0.05,1,0,152
3896,67,0,0,24,8,-1.87,0.05,1,0,152
3897,400,9,9,116,42,28.1,0.05,0,1,152
3898,84,2,2,48,11,5.51,0.05,1,0,152
3899,21,1,1,13,3,-1.31,0.05,1,0,152
3900,106,1,1,49,14,3.54,0.05,1,0,152
3901,13,0,0,8,2,-3.78,0.05,1,0,152
3902,200,3,3,90,27,3.65,0.05,1,0,152
3903,13,0,0,8,2,-3.88,0.05,1,0,152
3904,161,3,3,69,21,8.84,0.05,1,0,152
3905,136,4,4,62,18,7.69,0.05,1,0,152
3906,6,0,0,2,1,-5.06,0.05,1,0,152
3907,68,2,2,30,9,-0.98,0.05,1,0,152
3908,6,0,0,3,1,-4.76,0.05,1,0,152
3909,135,2,2,56,17,6.5,0.05,1,0,152
3910,83,1,1,41,11,3.47,0.05,1,0,152
3911,138,1,1,32,9,-0.38,0.05,1,0,152
3912,6,0,0,3,1,-4.76,0.05,1,0,152
3913,316,5,5,59,18,6.04,0.05,1,0,152
3914,59,0,0,28,8,-1.64,0.05,1,0,152
3915,35,1,1,16,5,-2.7,0.05,1,0,152
3916,327,8,9,114,38,25.93,0.05,0,1,152
3917,51,0,0,20,7,-3.76,0.05,1,0,152
3918,13,0,0,5,2,-5.23,0.05,1,0,152
3919,233,4,4,69,26,6.67,0.05,1,0,152
3920,14,0,0,8,2,-4.29,0.05,1,0,152
3921,345,8,9,115,40,24.05,0.05,0,1,152
3922,255,4,4,98,32,15.15,0.05,1,0,152
3923,116,0,0,14,5,-6.21,0.05,1,0,152
3924,164,5,5,62,20,7.26,0.05,1,0,152
3925,125,2,2,60,16,8.65,0.05,1,0,152
3926,73,1,1,39,10,2.47,0.05,1,0,152
3927,87,1,1,39,11,3.93,0.05,1,0,152
3928,27,1,1,10,4,-4.32,0.05,1,0,152
3929,13,0,0,7,2,-3.58,0.05,1,0,152
3930,133,3,3,65,17,10.57,0.05,1,0,152
3931,172,6,6,63,22,10.28,0.05,1,0,152
3932,94,2,2,46,12,4.86,0.05,1,0,152
3933,56,0,0,22,7,-1.76,0.05,1,0,152
3934,38,0,0,20,5,-1.58,0.05,1,0,152
3935,23,0,0,9,3,-6.53,0.05,1,0,152
3936,23,0,0,9,3,-4.63,0.05,1,0,152
3937,20,0,0,8,3,-5.05,0.05,1,0,152
3938,201,2,2,91,27,7.99,0.05,1,0,152
3939,214,4,4,87,27,12.76,0.05,1,0,152
3940,13,0,0,8,2,-3.88,0.05,1,0,152
3941,82,2,2,41,11,4.58,0.05,1,0,152
3942,37,0,0,21,5,-0.82,0.05,1,0,152
3943,290,8,8,112,33,21.65,0.05,1,0,152
3944,197,4,4,79,25,11.93,0.05,1,0,152
3945,101,2,2,46,13,3.64,0.05,1,0,152
3946,28,0,0,13,4,-3.63,0.05,1,0,152
3947,104,0,0,53,14,4.21,0.05,1,0,152
3948,83,2,2,36,11,0.97,0.05,1,0,152
3949,177,3,3,71,22,9.18,0.05,1,0,152
3950,27,0,0,13,4,-3.62,0.05,1,0,152
3951,27,1,1,12,4,-3.27,0.05,1,0,152
3952,88,2,2,41,12,2.57,0.05,1,0,152
3953,325,9,9,114,40,20.85,0.05,1,0,152
3954,27,1,1,8,4,-3.52,0.05,1,0,152
3955,80,0,0,43,11,2.55,0.05,1,0,152
3956,51,0,0,22,7,-1.96,0.05,1,0,152
3957,20,0,0,7,3,-5.3,0.05,1,0,152
3958,83,3,3,36,11,3.12,0.05,1,0,152
3959,96,3,3,42,12,3.79,0.05,1,0,152
3960,69,3,3,32,9,3.46,0.05,1,0,152
3961,67,1,1,31,9,1.23,0.05,1,0,152
3962,59,1,1,24,8,-1.29,0.05,1,0,152
3963,78,1,1,31,10,1.02,0.05,1,0,152
3964,175,2,2,78,23,8.45,0.05,1,0,152
3965,20,0,0,8,3,-4.6,0.05,1,0,152
3966,129,2,2,56,17,7.46,0.05,1,0,152
3967,146,2,2,60,17,6.89,0.05,1,0,152
3968,85,0,0,37,11,-0.9,0.05,1,0,152
3969,52,1,1,23,7,-0.32,0.05,1,0,152
3970,258,6,6,99,31,17.82,0.05,1,0,152
3971,66,2,2,33,9,2.24,0.05,1,0,152
3972,174,6,6,71,21,14.21,0.05,1,0,152
3973,13,0,0,5,2,-5.78,0.05,1,0,152
3974,35,0,0,17,5,-2.65,0.05,1,0,152
3975,84,2,2,32,10,3.01,0.05,1,0,152
3976,109,2,2,29,10,-2.64,0.05,1,0,152
3977,66,0,0,29,9,-0.76,0.05,1,0,152
3978,116,1,1,54,15,5.44,0.05,1,0,152
3979,120,1,1,53,15,6.7,0.05,1,0,152
3980,99,3,3,49,13,7.31,0.05,1,0,152
3981,13,0,0,6,2,-5.03,0.05,1,0,152
3982,13,0,0,5,2,-5.33,0.05,1,0,152
3983,83,3,3,41,10,6.32,0.05,1,0,152
3984,28,1,1,13,4,-2.28,0.05,1,0,152
3985,44,1,1,19,6,-2.04,0.05,1,0,152
3986,54,1,1,20,7,-1.69,0.05,1,0,152
3987,137,1,1,57,18,2.53,0.05,1,0,152
3988,228,3,3,98,30,6.17,0.05,1,0,152
3989,100,1,1,49,13,6.35,0.05,1,0,152
3990,51,1,1,23,7,-1.06,0.05,1,0,152
3991,374,9,9,120,41,24.71,0.05,0,1,152
3992,131,4,4,50,16,5.59,0.05,1,0,152
3993,6,0,0,3,1,-4.21,0.05,1,0,152
3994,53,0,0,20,7,-4.73,0.05,1,0,152
3995,59,2,2,28,8,1.01,0.05,1,0,152
3996,110,3,3,55,14,9.4,0.05,1,0,152
3997,34,0,0,19,5,-3.14,0.05,1,0,152
3998,272,5,5,105,33,17.33,0.05,1,0,152
3999,27,0,0,12,4,-4.37,0.05,1,0,152
4000,60,1,1,27,8,-0.45,0.05,1,0,152
4001,126,1,1,17,6,-3.01,0.05,1,0,152
4002,83,0,0,38,11,0.17,0.05,1,0,152
4003,169,2,2,77,20,11.91,0.05,1,0,152
4004,219,3,3,84,26,14.31,0.05,1,0,152
4005,35,0,0,14,5,-3.4,0.05,1,0,152
4006,63,1,1,27,9,-3.43,0.05,1,0,152
4007,400,4,4,89,32,14.3,0.05,0,1,152
4008,50,1,1,24,7,0.15,0.05,1,0,152
4009,77,0,0,30,10,0.58,0.05,1,0,152
4010,200,3,3,92,27,9.45,0.05,1,0,152
4011,54,1,1,19,7,-1.79,0.05,1,0,152
4012,303,3,3,83,32,4.87,0.05,1,0,152
4013,107,1,1,45,14,2.23,0.05,1,0,152
4014,146,3,3,61,19,8.99,0.05,1,0,152
4015,365,9,9,109,42,19.2,0.05,1,0,152
4016,53,1,1,20,7,-1.88,0.05,1,0,152
4017,111,3,3,50,15,3.34,0.05,1,0,152
4018,13,0,0,5,2,-5.78,0.05,1,0,152
4019,173,2,2,83,23,13.27,0.05,1,0,152
4020,191,3,3,87,24,14.39,0.05,1,0,152
4021,6,0,0,3,1,-4.76,0.05,1,0,152
4022,78,1,1,32,10,1.52,0.05,1,0,152
4023,134,2,2,67,17,8.56,0.05,1,0,152
4024,13,0,0,6,2,-4.93,0.05,1,0,152
4025,27,0,0,13,4,-3.57,0.05,1,0,152
4026,104,2,2,38,13,-0.39,0.05,1,0,152
4027,37,0,0,13,5,-3.67,0.05,1,0,152
4028,6,0,0,3,1,-4.66,0.05,1,0,152
4029,127,1,1,30,10,-1.17,0.05,1,0,152
4030,20,0,0,9,3,-4.65,0.05,1,0,152
4031,27,0,0,11,4,-4.32,0.05,1,0,152
4032,74,1,1,37,10,1.56,0.05,1,0,152
4033,52,0,0,21,7,-2.62,0.05,1,0,152
4034,21,0,0,12,3,-2.26,0.05,1,0,152
4035,21,0,0,10,3,-3.71,0.05,1,0,152
4036,61,1,1,28,8,0.94,0.05,1,0,152
4037,73,1,1,35,10,0.32,0.05,1,0,152
4038,58,0,0,28,8,-0.03,0.05,1,0,152
4039,95,1,1,37,12,2.05,0.05,1,0,152
4040,30,0,0,10,4,-4.6,0.05,1,0,152
4041,31,0,0,14,4,-3.36,0.05,1,0,152
4042,43,1,1,18,6,-1.73,0.05,1,0,152
4043,377,9,9,124,40,29.73,0.05,0,1,152
4044,50,0,0,26,7,-1.6,0.05,1,0,152
4045,156,3,3,80,21,9.19,0.05,1,0,152
4046,242,4,4,97,29,14.53,0.05,1,0,152
4047,13,0,0,6,2,-5.03,0.05,1,0,152
4048,106,1,1,45,14,2.14,0.05,1,0,152
4049,20,0,0,8,3,-4.45,0.05,1,0,152
4050,77,0,0,33,10,-0.77,0.05,1,0,152
4051,372,8,9,118,42,26.43,0.05,0,1,152
4052,50,0,0,22,7,-4.25,0.05,1,0,152
4053,50,0,0,19,7,-5.35,0.05,1,0,152
4054,360,8,9,130,40,29.95,0.05,0,1,152
4055,159,2,2,67,20,5.41,0.05,1,0,152
4056,37,0,0,15,5,-3.67,0.05,1,0,152
4057,13,0,0,5,2,-5.23,0.05,1,0,152
4058,127,3,3,49,16,5.88,0.05,1,0,152
4059,67,0,0,30,9,-3.82,0.05,1,0,152
4060,400,5,5,64,23,5.85,0.05,0,1,152
4061,6,0,0,2,1,-5.06,0.05,1,0,152
4062,186,4,4,72,21,10.14,0.05,1,0,152
4063,5,0,0,4,1,-4.9,0.05,1,0,152
4064,116,1,1,49,16,0.39,0.05,1,0,152
4065,91,2,2,41,12,1.09,0.05,1,0,152
4066,103,2,2,47,13,3.87,0.05,1,0,152
4067,60,0,0,26,8,-1.55,0.05,1,0,152
4068,29,1,1,12,4,-3.64,0.05,1,0,152
4069,174,5,5,80,21,16.31,0.05,1,0,152
4070,95,2,2,49,13,4.6,0.05,1,0,152
4071,42,2,2,22,6,-0.72,0.05,1,0,152
4072,192,1,1,83,24,7.33,0.05,1,0,152
4073,6,0,0,3,1,-4.66,0.05,1,0,152
4074,252,5,5,100,31,16.28,0.05,1,0,152
4075,61,0,0,31,8,1.34,0.05,1,0,152
4076,400,8,8,115,36,25.95,0.05,0,1,152
4077,108,0,0,6,3,-6.18,0.05,1,0,152
4078,334,7,7,120,40,23.21,0.05,1,0,152
4079,203,4,4,88,26,14.32,0.05,1,0,152
4080,390,8,9,119,43,23.1,0.05,0,1,152
4081,262,6,6,104,32,13.93,0.05,1,0,152
4082,13,0,0,4,2,-6.08,0.05,1,0,152
4083,5,0,0,4,1,-4.9,0.05,1,0,152
4084,58,1,1,26,8,-0.48,0.05,1,0,152
4085,27,0,0,12,4,-4.27,0.05,1,0,152
4086,27,0,0,11,4,-4.17,0.05,1,0,152
4087,27,0,0,12,4,-4.27,0.05,1,0,152
4088,315,6,6,120,39,19.7,0.05,1,0,152
4089,79,0,0,38,10,1.61,0.05,1,0,152
4090,158,5,5,64,21,5.17,0.05,1,0,153
4091,20,0,0,10,3,-4.7,0.05,1,0,153
4092,254,8,8,95,31,15.91,0.05,1,0,153
4093,132,2,2,53,17,4.18,0.05,1,0,153
4094,133,1,1,57,17,3.97,0.05,1,0,153
4095,363,9,9,127,42,26.12,0.05,1,0,153
4096,13,0,0,4,2,-5.63,0.05,1,0,153
4097,102,3,3,37,13,2.48,0.05,1,0,153
4098,104,0,0,43,13,1.21,0.05,1,0,153
4099,38,0,0,17,5,-2.88,0.05,1,0,153
4100,81,1,1,37,11,1.79,0.05,1,0,153
4101,13,0,0,5,2,-5.33,0.05,1,0,153
4102,162,4,4,69,20,10.68,0.05,1,0,153
4103,22,0,0,13,3,-2.42,0.05,1,0,153
4104,118,2,2,53,15,2.77,0.05,1,0,153
4105,27,0,0,9,4,-5.37,0.05,1,0,153
4106,85,1,1,32,9,1.2,0.05,1,0,153
4107,58,0,0,25,8,-3.48,0.05,1,0,153
4108,251,5,5,97,30,15.14,0.05,1,0,153
4109,273,5,5,102,32,16.52,0.05,1,0,153
4110,95,3,3,40,13,1.3,0.05,1,0,153
4111,111,1,1,55,15,3.99,0.05,1,0,153
4112,89,0,0,44,12,2.41,0.05,1,0,153
4113,68,0,0,28,9,-0.68,0.05,1,0,153
4114,133,4,4,67,16,12.87,0.05,1,0,153
4115,112,1,1,44,15,1.43,0.05,1,0,153
4116,63,0,0,28,8,-0.43,0.05,1,0,153
4117,150,1,1,65,19,8.05,0.05,1,0,153
4118,23,0,0,13,3,-2.58,0.05,1,0,153
4119,110,1,1,48,14,5.7,0.05,1,0,153
4120,75,0,0,11,3,-3.45,0.05,1,0,153
4121,7,0,0,3,1,-4.27,0.05,1,0,153
4122,39,2,2,16,5,-0.99,0.05,1,0,153
4123,13,0,0,5,2,-4.33,0.05,1,0,153
4124,20,0,0,12,3,-3.3,0.05,1,0,153
4125,29,1,1,15,4,-1.24,0.05,1,0,153
4126,115,2,2,49,15,3.9,0.05,1,0,153
4127,21,0,0,10,3,-3.21,0.05,1,0,153
4128,189,7,7,88,25,13.16,0.05,1,0,153
4129,151,3,3,64,19,9.89,0.05,1,0,153
4130,92,3,3,37,12,2.88,0.05,1,0,153
4131,83,2,2,40,11,3.22,0.05,1,0,153
4132,125,3,3,55,16,6.0,0.05,1,0,153
4133,20,0,0,9,3,-4.75,0.05,1,0,153
4134,46,0,0,20,6,-0.36,0.05,1,0,153
4135,191,3,3,79,24,11.29,0.05,1,0,153
4136,101,2,2,39,13,2.14,0.05,1,0,153
4137,75,1,1,28,10,-4.25,0.05,1,0,153
4138,7,0,0,3,1,-4.27,0.05,1,0,153
4139,20,0,0,10,3,-3.9,0.05,1,0,153
4140,36,1,1,18,5,-1.71,0.05,1,0,153
4141,95,1,1,44,13,0.2,0.05,1,0,153
4142,106,3,3,49,13,6.19,0.05,1,0,153
4143,60,1,1,28,8,0.95,0.05,1,0,153
4144,20,0,0,6,3,-6.1,0.05,1,0,153
4145,88,3,3,34,11,2.62,0.05,1,0,153
4146,192,4,4,80,23,12.13,0.05,1,0,153
4147,13,0,0,8,2,-3.88,0.05,1,0,153
4148,28,0,0,12,4,-3.53,0.05,1,0,153
4149,6,0,0,3,1,-4.76,0.05,1,0,153
4150,82,1,1,31,10,0.08,0.05,1,0,153
4151,28,0,0,11,4,-4.28,0.05,1,0,153
4152,88,0,0,40,12,1.27,0.05,1,0,153
4153,37,0,0,17,5,-2.02,0.05,1,0,153
4154,27,0,0,13,4,-3.72,0.05,1,0,153
4155,22,0,0,11,3,-3.32,0.05,1,0,153
4156,20,0,0,8,3,-5.05,0.05,1,0,153
4157,100,4,4,40,13,3.7,0.05,1,0,153
4158,85,2,2,37,11,4.0,0.05,1,0,153
4159,7,0,0,4,1,-4.42,0.05,1,0,153
4160,102,2,2,46,13,1.68,0.05,1,0,153
4161,160,4,4,46,15,5.25,0.05,1,0,153
4162,13,0,0,7,2,-4.18,0.05,1,0,153
4163,21,0,0,10,3,-2.96,0.05,1,0,153
4164,145,3,3,68,19,9.55,0.05,1,0,153
4165,339,9,9,122,39,29.31,0.05,0,1,153
4166,127,2,2,49,15,4.83,0.05,1,0,153
4167,166,6,6,65,21,9.14,0.05,1,0,153
4168,114,1,1,56,15,5.46,0.05,1,0,153
4169,110,4,4,62,14,11.75,0.05,1,0,153
4170,34,0,0,17,5,-3.39,0.05,1,0,153
4171,45,0,0,20,6,-0.45,0.05,1,0,153
4172,120,2,2,62,16,7.8,0.05,1,0,153
4173,13,0,0,5,2,-5.78,0.05,1,0,153
4174,6,0,0,2,1,-5.06,0.05,1,0,153
4175,27,0,0,12,4,-4.32,0.05,1,0,153
4176,6,0,0,2,1,-4.61,0.05,1,0,153
4177,37,0,0,16,5,-2.72,0.05,1,0,153
4178,105,3,3,50,13,5.55,0.05,1,0,153
4179,43,2,2,22,6,0.27,0.05,1,0,153
4180,125,3,3,53,16,6.65,0.05,1,0,153
4181,242,4,4,98,28,18.83,0.05,1,0,153
4182,86,1,1,20,7,-1.21,0.05,1,0,153
4183,161,4,4,70,20,8.29,0.05,1,0,153
4184,146,2,2,61,19,6.99,0.05,1,0,153
4185,147,1,1,63,19,4.23,0.05,1,0,153
4186,21,0,0,13,3,-2.01,0.05,1,0,153
4187,366,9,9,133,44,23.39,0.05,1,0,153
4188,5,0,0,2,1,-4.35,0.05,1,0,153
4189,129,1,1,56,17,4.61,0.05,1,0,153
4190,67,1,1,24,9,-3.52,0.05,1,0,153
4191,245,3,3,99,30,12.5,0.05,1,0,153
4192,81,2,2,42,11,4.69,0.05,1,0,153
4193,69,2,2,19,7,-2.14,0.05,1,0,153
4194,84,2,2,38,11,3.96,0.05,1,0,153
4195,6,0,0,2,1,-5.06,0.05,1,0,153
4196,13,0,0,9,2,-3.48,0.05,1,0,153
4197,14,0,0,5,2,-4.84,0.05,1,0,153
4198,36,1,1,14,5,-3.36,0.05,1,0,153
4199,21,0,0,12,3,-2.66,0.05,1,0,153
4200,13,0,0,5,2,-4.68,0.05,1,0,153
4201,7,0,0,5,1,-3.67,0.05,1,0,153
4202,282,6,6,104,34,17.08,0.05,1,0,153
4203,364,8,9,119,42,28.41,0.05,0,1,153
4204,307,6,6,115,38,16.43,0.05,1,0,153
4205,124,2,2,53,16,5.76,0.05,1,0,153
4206,36,0,0,18,5,-2.21,0.05,1,0,153
4207,7,0,0,5,1,-4.12,0.05,1,0,153
4208,90,0,0,36,12,-1.0,0.05,1,0,153
4209,177,1,1,52,17,4.28,0.05,1,0,153
4210,21,0,0,13,3,-2.41,0.05,1,0,153
4211,168,3,3,77,23,6.62,0.05,1,0,153
4212,132,3,3,61,17,5.53,0.05,1,0,153
4213,368,9,9,126,42,27.27,0.05,0,1,153
4214,36,0,0,16,5,-3.71,0.05,1,0,153
4215,99,1,1,43,13,2.81,0.05,1,0,153
4216,6,0,0,2,1,-4.96,0.05,1,0,153
4217,233,3,3,91,28,12.32,0.05,1,0,153
4218,65,0,0,23,8,-2.0,0.05,1,0,153
4219,400,4,4,100,35,14.75,0.05,0,1,153
4220,27,0,0,14,4,-3.32,0.05,1,0,153
4221,116,2,2,57,15,6.64,0.05,1,0,153
4222,94,1,1,50,12,5.36,0.05,1,0,153
4223,239,8,8,94,29,15.31,0.05,1,0,153
4224,83,2,2,30,11,-0.98,0.05,1,0,153
4225,69,1,1,31,9,-0.39,0.05,1,0,153
4226,290,7,7,114,36,19.0,0.05,1,0,153
4227,85,2,2,38,11,3.55,0.05,1,0,153
4228,52,2,2,19,7,-1.22,0.05,1,0,153
4229,128,3,3,68,17,11.32,0.05,1,0,153
4230,291,7,7,102,35,18.39,0.05,1,0,153
4231,57,0,0,24,8,-1.27,0.05,1,0,153
4232,27,0,0,11,4,-4.42,0.05,1,0,153
4233,400,4,5,84,25,17.2,0.05,0,1,153
4234,98,2,2,33,9,2.27,0.05,1,0,153
4235,20,0,0,7,3,-5.35,0.05,1,0,153
4236,215,4,4,75,26,7.05,0.05,1,0,153
4237,32,0,0,14,4,-3.27,0.05,1,0,153
4238,136,2,2,62,19,5.49,0.05,1,0,153
4239,189,4,4,85,24,14.46,0.05,1,0,153
4240,248,3,3,103,31,16.97,0.05,1,0,153
4241,251,6,6,107,31,21.14,0.05,1,0,153
4242,28,0,0,11,4,-4.68,0.05,1,0,153
4243,20,0,0,6,3,-5.2,0.05,1,0,153
4244,101,3,3,43,13,2.44,0.05,1,0,153
4245,343,7,7,125,41,22.82,0.05,1,0,153
4246,68,2,2,29,9,2.22,0.05,1,0,153
4247,29,1,1,9,4,-4.64,0.05,1,0,153
4248,68,2,2,25,8,0.27,0.05,1,0,153
4249,43,1,1,19,6,-0.63,0.05,1,0,153
4250,52,0,0,24,7,-1.22,0.05,1,0,153
4251,191,1,1,27,10,-2.56,0.05,1,0,153
4252,139,1,1,57,18,4.21,0.05,1,0,153
4253,392,5,5,100,31,14.83,0.05,1,0,153
4254,127,0,0,49,17,0.88,0.05,1,0,153
4255,231,5,5,90,29,11.79,0.05,1,0,153
4256,73,3,3,31,10,1.87,0.05,1,0,153
4257,112,3,3,59,14,9.28,0.05,1,0,153
4258,388,8,9,120,42,25.87,0.05,0,1,153
4259,50,0,0,20,7,-3.2,0.05,1,0,153
4260,192,4,4,87,25,14.43,0.05,1,0,153
4261,61,3,3,31,8,1.64,0.05,1,0,153
4262,132,3,3,59,16,8.88,0.05,1,0,153
4263,142,3,3,62,17,9.48,0.05,1,0,153
4264,87,2,2,33,11,-0.92,0.05,1,0,153
4265,354,9,9,123,42,29.36,0.05,0,1,153
4266,28,0,0,15,4,-2.58,0.05,1,0,153
4267,84,0,0,31,11,-2.64,0.05,1,0,153
4268,267,5,5,100,32,20.68,0.05,1,0,153
4269,37,0,0,16,5,-3.77,0.05,1,0,153
4270,335,9,9,121,39,30.4,0.05,0,1,153
4271,20,1,1,9,3,-3.5,0.05,1,0,153
4272,44,1,1,15,6,-3.74,0.05,1,0,153
4273,13,0,0,9,2,-3.58,0.05,1,0,153
4274,74,0,0,35,10,1.91,0.05,1,0,153
4275,147,2,2,59,18,5.38,0.05,1,0,153
4276,46,0,0,22,6,-0.61,0.05,1,0,153
4277,124,2,2,56,16,5.41,0.05,1,0,153
4278,91,1,1,43,12,0.54,0.05,1,0,153
4279,13,0,0,3,2,-6.38,0.05,1,0,153
4280,42,1,1,20,6,-1.72,0.05,1,0,153
4281,154,3,3,77,20,11.71,0.05,1,0,153
4282,5,0,0,3,1,-4.75,0.05,1,0,153
4283,13,0,0,9,2,-2.93,0.05,1,0,153
4284,113,2,2,48,15,4.12,0.05,1,0,153
4285,6,0,0,2,1,-5.06,0.05,1,0,153
4286,340,9,9,118,39,23.25,0.05,0,1,153
4287,13,0,0,7,2,-4.18,0.05,1,0,153
4288,5,0,0,4,1,-4.0,0.05,1,0,153
4289,166,0,0,78,22,5.79,0.05,1,0,153
4290,187,6,6,74,24,10.13,0.05,1,0,153
4291,86,3,3,42,11,7.39,0.05,1,0,153
4292,156,6,6,66,20,12.69,0.05,1,0,153
4293,21,0,0,10,3,-2.96,0.05,1,0,153
4294,58,0,0,21,8,-4.68,0.05,1,0,153
4295,72,2,2,33,10,-0.22,0.05,1,0,153
4296,66,2,2,27,9,0.29,0.05,1,0,153
4297,59,1,1,25,8,-1.54,0.05,1,0,153
4298,90,0,0,37,12,-0.25,0.05,1,0,153
4299,102,2,2,16,7,-4.32,0.05,1,0,153
4300,131,2,2,51,17,3.09,0.05,1,0,153
4301,199,2,2,52,16,3.21,0.05,1,0,153
4302,13,0,0,4,2,-5.63,0.05,1,0,153
4303,62,1,1,29,8,0.78,0.05,1,0,153
4304,143,1,1,66,18,6.02,0.05,1,0,153
4305,6,0,0,3,1,-4.66,0.05,1,0,153
4306,28,0,0,10,4,-5.68,0.05,1,0,153
4307,191,5,5,65,23,9.34,0.05,1,0,153
4308,62,0,0,25,8,-0.82,0.05,1,0,153
4309,63,0,0,28,8,0.32,0.05,1,0,153
4310,128,2,2,46,16,2.42,0.05,1,0,153
4311,134,3,3,58,17,7.71,0.05,1,0,153
4312,53,1,1,19,7,-1.68,0.05,1,0,153
4313,78,1,1,36,11,-0.88,0.05,1,0,153
4314,166,6,6,62,19,11.04,0.05,1,0,153
4315,48,2,2,19,6,-0.58,0.05,1,0,153
4316,55,2,2,27,7,2.7,0.05,1,0,153
4317,192,4,4,65,22,5.93,0.05,1,0,153
4318,20,0,0,9,3,-4.75,0.05,1,0,153
4319,207,1,1,34,12,-1.47,0.05,1,0,153
4320,215,5,5,95,26,16.85,0.05,1,0,153
4321,69,0,0,30,9,-0.39,0.05,1,0,153
4322,13,0,0,9,2,-3.83,0.05,1,0,153
4323,20,0,0,9,3,-5.0,0.05,1,0,153
4324,266,5,5,88,32,12.79,0.05,1,0,153
4325,36,0,0,18,5,-2.11,0.05,1,0,153
4326,56,1,1,24,8,-3.21,0.05,1,0,153
4327,29,0,0,14,4,-2.09,0.05,1,0,153
4328,36,1,1,18,5,-2.06,0.05,1,0,153
4329,105,2,2,49,13,6.0,0.05,1,0,153
4330,238,4,4,75,25,9.97,0.05,1,0,153
4331,13,0,0,5,2,-4.88,0.05,1,0,153
4332,92,2,2,38,12,2.43,0.05,1,0,153
4333,36,0,0,18,5,-1.76,0.05,1,0,153
4334,34,0,0,15,5,-4.09,0.05,1,0,153
4335,53,0,0,22,7,-1.88,0.05,1,0,153
4336,6,0,0,3,1,-4.76,0.05,1,0,153
4337,91,1,1,35,11,2.54,0.05,1,0,153
4338,7,0,0,6,1,-4.32,0.05,1,0,153
4339,221,4,4,80,27,9.44,0.05,1,0,153
4340,21,0,0,12,3,-3.26,0.05,1,0,153
4341,66,3,3,30,8,4.79,0.05,1,0,153
4342,334,8,9,115,38,28.41,0.05,0,1,153
4343,363,9,9,114,41,26.27,0.05,0,1,154
4344,41,0,0,18,6,-4.36,0.05,1,0,154
4345,23,0,0,12,3,-2.23,0.05,1,0,154
4346,21,0,0,13,3,-1.81,0.05,1,0,154
4347,248,5,5,100,32,12.02,0.05,1,0,154
4348,353,2,2,72,23,6.42,0.05,1,0,154
4349,21,1,1,10,3,-2.86,0.05,1,0,154
4350,21,1,1,11,3,-1.41,0.05,1,0,154
4351,69,1,1,18,6,-3.09,0.05,1,0,154
4352,21,0,0,9,3,-4.16,0.05,1,0,154
4353,41,0,0,20,6,-3.81,0.05,1,0,154
4354,189,3,3,83,24,11.96,0.05,1,0,154
4355,373,5,5,74,24,4.07,0.05,1,0,154
4356,293,6,6,118,36,20.22,0.05,1,0,154
4357,330,6,6,121,40,18.65,0.05,1,0,154
4358,91,3,3,35,12,1.69,0.05,1,0,154
4359,73,1,1,34,10,0.92,0.05,1,0,154
4360,286,8,8,106,33,19.89,0.05,1,0,154
4361,98,0,0,51,14,-1.28,0.05,1,0,154
4362,362,9,9,126,40,28.83,0.05,0,1,154
4363,27,0,0,16,4,-3.07,0.05,1,0,154
4364,28,0,0,11,4,-3.23,0.05,1,0,154
4365,198,5,5,84,25,15.17,0.05,1,0,154
4366,50,1,1,22,7,-1.7,0.05,1,0,154
4367,123,4,4,54,15,9.02,0.05,1,0,154
4368,143,3,3,62,19,5.82,0.05,1,0,154
4369,93,1,1,38,13,-1.98,0.05,1,0,154
4370,21,1,1,8,3,-3.91,0.05,1,0,154
4371,62,1,1,25,9,-4.72,0.05,1,0,154
4372,99,1,1,45,14,-2.49,0.05,1,0,154
4373,97,2,2,41,12,2.93,0.05,1,0,154
4374,20,0,0,8,3,-4.05,0.05,1,0,154
4375,82,2,2,41,10,6.33,0.05,1,0,154
4376,59,0,0,28,8,-1.29,0.05,1,0,154
4377,35,0,0,15,5,-3.2,0.05,1,0,154
4378,265,5,5,92,32,14.4,0.05,1,0,154
4379,109,3,3,50,14,6.21,0.05,1,0,154
4380,156,2,2,57,19,5.24,0.05,1,0,154
4381,36,0,0,17,5,-2.41,0.05,1,0,154
4382,108,4,4,46,14,6.62,0.05,1,0,154
4383,63,2,2,30,8,2.62,0.05,1,0,154
4384,207,3,3,87,24,9.28,0.05,1,0,154
4385,27,0,0,11,4,-4.32,0.05,1,0,154
4386,13,0,0,8,2,-4.33,0.05,1,0,154
4387,55,1,1,23,7,-0.9,0.05,1,0,154
4388,61,0,0,22,8,-2.46,0.05,1,0,154
4389,193,6,6,63,21,8.82,0.05,1,0,154
4390,261,7,7,104,31,16.74,0.05,1,0,154
4391,199,2,2,33,11,-0.94,0.05,1,0,154
4392,232,5,5,96,27,16.88,0.05,1,0,154
4393,20,0,0,8,3,-4.45,0.05,1,0,154
4394,88,3,3,40,11,5.62,0.05,1,0,154
4395,131,5,5,71,18,11.69,0.05,1,0,154
4396,58,1,1,20,7,0.52,0.05,1,0,154
4397,132,1,1,57,18,2.43,0.05,1,0,154
4398,261,5,5,88,32,12.54,0.05,1,0,154
4399,111,2,2,44,14,1.99,0.05,1,0,154
4400,35,0,0,13,5,-5.2,0.05,1,0,154
4401,35,0,0,12,5,-5.85,0.05,1,0,154
4402,126,1,1,59,18,-3.06,0.05,1,0,154
4403,92,2,2,39,12,2.28,0.05,1,0,154
4404,61,1,1,20,8,-1.46,0.05,1,0,154
4405,198,5,5,69,25,5.42,0.05,1,0,154
4406,64,1,1,32,9,0.81,0.05,1,0,154
4407,27,0,0,9,4,-6.17,0.05,1,0,154
4408,400,7,7,116,37,19.65,0.05,0,1,154
4409,61,0,0,34,8,1.59,0.05,1,0,154
4410,74,1,1,39,10,3.06,0.05,1,0,154
4411,44,1,1,18,6,-0.39,0.05,1,0,154
4412,144,4,4,64,18,10.51,0.05,1,0,154
4413,65,0,0,30,9,-0.75,0.05,1,0,154
4414,94,0,0,48,13,2.86,0.05,1,0,154
4415,13,0,0,6,2,-3.93,0.05,1,0,154
4416,36,0,0,24,5,0.64,0.05,1,0,154
4417,6,0,0,2,1,-4.61,0.05,1,0,154
4418,53,2,2,20,7,0.32,0.05,1,0,154
4419,291,5,5,106,35,15.74,0.05,1,0,154
4420,158,2,2,67,20,7.62,0.05,1,0,154
4421,21,0,0,11,3,-2.56,0.05,1,0,154
4422,275,2,2,62,16,3.45,0.05,1,0,154
4423,223,3,3,88,27,6.72,0.05,1,0,154
4424,64,2,2,33,8,3.21,0.05,1,0,154
4425,42,0,0,20,6,-1.72,0.05,1,0,154
4426,195,6,6,69,23,11.95,0.05,1,0,154
4427,28,0,0,14,4,-2.63,0.05,1,0,154
4428,13,0,0,6,2,-4.48,0.05,1,0,154
4429,65,1,1,25,9,-3.1,0.05,1,0,154
4430,28,0,0,10,4,-5.48,0.05,1,0,154
4431,6,0,0,3,1,-4.21,0.05,1,0,154
4432,39,1,1,20,5,0.11,0.05,1,0,154
4433,109,2,2,52,14,8.01,0.05,1,0,154
4434,13,0,0,5,2,-5.23,0.05,1,0,154
4435,74,1,1,35,10,1.11,0.05,1,0,154
4436,20,0,0,9,3,-4.7,0.05,1,0,154
4437,364,2,2,97,31,11.31,0.05,1,0,154
4438,113,2,2,52,14,6.17,0.05,1,0,154
4439,400,6,6,86,30,13.45,0.05,0,1,154
4440,32,0,0,15,4,-2.17,0.05,1,0,154
4441,169,3,3,68,17,8.16,0.05,1,0,154
4442,13,0,0,7,2,-4.08,0.05,1,0,154
4443,72,1,1,33,9,1.93,0.05,1,0,154
4444,21,0,0,9,3,-4.61,0.05,1,0,154
4445,13,0,0,5,2,-4.88,0.05,1,0,154
4446,86,1,1,38,11,0.74,0.05,1,0,154
4447,271,3,3,114,35,12.69,0.05,1,0,154
4448,67,1,1,36,9,3.38,0.05,1,0,154
4449,7,0,0,1,1,-4.87,0.05,1,0,154
4450,88,3,3,42,11,6.87,0.05,1,0,154
4451,211,8,8,91,28,14.64,0.05,1,0,154
4452,29,0,0,14,4,-2.79,0.05,1,0,154
4453,21,0,0,12,3,-2.71,0.05,1,0,154
4454,61,2,2,28,8,1.09,0.05,1,0,154
4455,400,7,7,101,32,20.05,0.05,0,1,154
4456,126,2,2,51,13,5.14,0.05,1,0,154
4457,116,3,3,31,10,-0.31,0.05,1,0,154
4458,42,0,0,22,6,-1.57,0.05,1,0,154
4459,20,0,0,10,3,-3.45,0.05,1,0,154
4460,79,0,0,38,11,0.01,0.05,1,0,154
4461,51,0,0,26,7,-1.21,0.05,1,0,154
4462,51,0,0,20,7,-4.56,0.05,1,0,154
4463,92,1,1,32,12,-1.87,0.05,1,0,154
4464,22,1,1,10,3,-2.97,0.05,1,0,154
4465,45,0,0,18,6,-1.35,0.05,1,0,154
4466,371,9,9,121,41,24.49,0.05,1,0,157
4467,21,0,0,10,3,-3.31,0.05,1,0,157
4468,93,2,2,45,12,4.47,0.05,1,0,157
4469,31,1,1,14,4,-1.96,0.05,1,0,157
4470,63,0,0,25,9,-3.38,0.05,1,0,157
4471,217,3,3,100,29,12.98,0.05,1,0,157
4472,20,0,0,9,3,-4.55,0.05,1,0,157
4473,7,0,0,1,1,-4.87,0.05,1,0,157
4474,306,9,9,119,35,27.29,0.05,1,0,157
4475,44,3,3,22,6,1.36,0.05,1,0,157
4476,5,0,0,2,1,-4.5,0.05,1,0,157
4477,6,0,0,3,1,-5.21,0.05,1,0,157
4478,169,2,2,62,21,5.46,0.05,1,0,157
4479,72,2,2,34,10,-0.27,0.05,1,0,157
4480,46,1,1,15,6,-3.81,0.05,1,0,157
4481,53,0,0,18,7,-4.03,0.05,1,0,157
4482,147,1,1,53,19,1.68,0.05,1,0,157
4483,70,0,0,32,9,-0.25,0.05,1,0,157
4484,66,0,0,29,9,-0.86,0.05,1,0,157
4485,14,0,0,9,2,-3.44,0.05,1,0,157
4486,20,1,1,9,3,-3.05,0.05,1,0,157
4487,30,0,0,13,4,-4.7,0.05,1,0,157
4488,68,1,1,28,9,0.27,0.05,1,0,157
4489,143,4,4,69,17,9.52,0.05,1,0,157
4490,87,1,1,35,11,1.68,0.05,1,0,157
4491,20,0,0,10,3,-4.45,0.05,1,0,157
4492,20,0,0,8,3,-4.5,0.05,1,0,157
4493,343,9,9,121,40,32.62,0.05,0,1,157
4494,199,3,3,94,25,15.81,0.05,1,0,157
4495,191,3,3,94,26,11.49,0.05,1,0,157
4496,129,2,2,62,17,8.56,0.05,1,0,157
4497,13,0,0,6,2,-4.38,0.05,1,0,157
4498,44,0,0,17,6,-2.19,0.05,1,0,157
4499,184,4,4,85,24,14.16,0.05,1,0,157
4500,27,0,0,10,4,-4.97,0.05,1,0,157
4501,54,0,0,30,7,1.36,0.05,1,0,157
4502,58,0,0,24,8,-1.58,0.05,1,0,157
4503,20,0,0,8,3,-4.8,0.05,1,0,157
4504,138,0,0,56,15,6.02,0.05,1,0,157
4505,282,6,6,107,35,16.38,0.05,1,0,157
4506,127,3,3,52,16,1.83,0.05,1,0,157
4507,6,0,0,3,1,-4.66,0.05,1,0,157
4508,7,0,0,4,1,-4.42,0.05,1,0,157
4509,69,1,1,31,9,-0.14,0.05,1,0,157
4510,355,8,9,119,40,24.1,0.05,0,1,157
4511,84,1,1,44,12,0.01,0.05,1,0,157
4512,68,2,2,29,9,-0.68,0.05,1,0,157
4513,191,2,2,85,24,12.04,0.05,1,0,157
4514,340,5,5,104,33,10.45,0.05,1,0,157
4515,22,0,0,7,3,-5.37,0.05,1,0,157
4516,168,2,2,82,22,10.82,0.05,1,0,157
4517,21,0,0,9,3,-4.66,0.05,1,0,157
4518,53,1,1,17,7,-3.28,0.05,1,0,157
4519,60,2,2,29,8,1.55,0.05,1,0,157
4520,28,1,1,12,4,-3.03,0.05,1,0,157
4521,36,0,0,15,5,-4.11,0.05,1,0,157
4522,43,0,0,21,6,-1.73,0.05,1,0,157
4523,400,7,7,107,38,20.0,0.05,0,1,157
4524,65,1,1,31,9,-0.55,0.05,1,0,157
4525,91,1,1,39,12,3.24,0.05,1,0,157
4526,191,4,4,62,19,5.19,0.05,1,0,157
4527,174,3,3,84,23,10.31,0.05,1,0,157
4528,27,0,0,12,4,-3.47,0.05,1,0,157
4529,36,0,0,15,5,-3.96,0.05,1,0,157
4530,159,1,1,67,21,5.96,0.05,1,0,157
4531,164,3,3,80,20,14.86,0.05,1,0,157
4532,13,0,0,8,2,-4.33,0.05,1,0,157
4533,42,0,0,21,6,-1.87,0.05,1,0,157
4534,275,2,2,27,8,-2.35,0.05,1,0,157
4535,13,0,0,5,2,-4.68,0.05,1,0,157
4536,82,3,3,40,11,4.58,0.05,1,0,157
4537,13,0,0,6,2,-4.93,0.05,1,0,157
4538,84,0,0,41,11,2.71,0.05,1,0,157
4539,377,8,9,116,44,22.88,0.05,0,1,157
4540,66,1,1,27,8,0.94,0.05,1,0,157
4541,42,1,1,16,6,-5.82,0.05,1,0,157
4542,185,5,5,75,22,13.9,0.05,1,0,157
4543,155,2,2,64,19,8.5,0.05,1,0,157
4544,74,0,0,36,9,1.51,0.05,1,0,157
4545,87,0,0,36,12,-3.87,0.05,1,0,157
4546,132,3,3,57,17,4.33,0.05,1,0,157
4547,20,0,0,6,3,-5.65,0.05,1,0,157
4548,28,1,1,13,4,-2.53,0.05,1,0,157
4549,400,9,9,118,40,24.05,0.05,0,1,157
4550,130,3,3,58,16,9.15,0.05,1,0,157
4551,62,0,0,22,8,-3.07,0.05,1,0,157
4552,122,5,5,54,15,8.38,0.05,1,0,157
4553,13,0,0,8,2,-3.68,0.05,1,0,157
4554,65,1,1,34,8,5.2,0.05,1,0,157
4555,343,8,8,120,40,19.92,0.05,1,0,157
4556,21,0,0,6,3,-5.11,0.05,1,0,157
4557,195,0,0,31,11,-4.55,0.05,1,0,157
4558,334,8,9,123,36,29.51,0.05,0,1,157
4559,400,8,8,130,42,28.7,0.05,0,1,157
4560,13,0,0,8,2,-3.78,0.05,1,0,157
4561,13,0,0,8,2,-3.38,0.05,1,0,157
4562,75,3,3,29,9,2.75,0.05,1,0,157
4563,13,0,0,7,2,-4.13,0.05,1,0,157
4564,44,2,2,22,6,1.01,0.05,1,0,157
4565,20,0,0,7,3,-4.9,0.05,1,0,157
4566,352,8,9,123,42,24.83,0.05,0,1,157
4567,299,6,6,108,35,18.06,0.05,1,0,157
4568,27,0,0,15,4,-3.32,0.05,1,0,157
4569,53,1,1,24,7,-0.53,0.05,1,0,157
4570,233,3,3,89,28,11.37,0.05,1,0,157
4571,107,2,2,40,11,2.93,0.05,1,0,157
4572,76,2,2,29,10,0.54,0.05,1,0,157
4573,47,2,2,26,6,2.18,0.05,1,0,157
4574,88,0,0,33,11,0.17,0.05,1,0,157
4575,270,5,5,104,32,17.15,0.05,1,0,157
4576,185,4,4,82,23,11.95,0.05,1,0,157
4577,60,1,1,24,8,-0.35,0.05,1,0,157
4578,35,0,0,15,5,-5.15,0.05,1,0,157
4579,13,0,0,7,2,-3.73,0.05,1,0,157
4580,27,0,0,11,4,-4.77,0.05,1,0,157
4581,58,2,2,25,8,0.37,0.05,1,0,157
4582,172,4,4,70,21,10.68,0.05,1,0,157
4583,14,0,0,7,2,-4.14,0.05,1,0,157
4584,247,0,0,31,13,-6.37,0.05,1,0,157
4585,60,0,0,33,8,0.8,0.05,1,0,157
4586,20,1,1,10,3,-2.35,0.05,1,0,157
4587,330,8,9,125,38,32.75,0.05,0,1,157
4588,37,0,0,17,5,-3.02,0.05,1,0,157
4589,20,0,0,10,3,-3.9,0.05,1,0,157
4590,41,0,0,19,5,-2.11,0.05,1,0,157
4591,42,0,0,20,6,-3.07,0.05,1,0,157
4592,22,0,0,12,3,-2.67,0.05,1,0,157
4593,73,2,2,32,10,1.62,0.05,1,0,157
4594,21,0,0,7,3,-4.76,0.05,1,0,157
4595,86,2,2,37,11,2.84,0.05,1,0,157
4596,29,0,0,11,4,-5.49,0.05,1,0,157
4597,20,0,0,9,3,-4.65,0.05,1,0,157
4598,196,5,5,76,24,13.49,0.05,1,0,157
4599,60,0,0,26,8,-2.2,0.05,1,0,157
4600,102,0,1,18,7,-5.22,0.05,1,0,157
4601,66,1,1,26,9,-0.06,0.05,1,0,157
4602,107,2,2,40,12,2.48,0.05,1,0,157
4603,170,3,3,66,22,8.2,0.05,1,0,157
4604,15,0,0,6,2,-4.85,0.05,1,0,157
4605,93,1,1,42,12,0.57,0.05,1,0,157
4606,141,1,1,62,18,7.49,0.05,1,0,157
4607,164,3,3,81,22,7.76,0.05,1,0,157
4608,21,0,0,9,3,-5.56,0.05,1,0,157
4609,158,1,1,67,20,7.67,0.05,1,0,157
4610,78,0,0,34,9,2.02,0.05,1,0,157
4611,52,0,0,19,7,-3.27,0.05,1,0,157
4612,36,1,1,15,5,-2.21,0.05,1,0,157
4613,43,0,0,19,6,-2.08,0.05,1,0,157
4614,14,0,0,5,2,-4.84,0.05,1,0,157
4615,220,4,4,94,28,13.9,0.05,1,0,157
4616,161,1,1,66,21,4.44,0.05,1,0,157
4617,248,8,8,98,28,19.77,0.05,1,0,157
4618,30,0,0,12,4,-3.55,0.05,1,0,157
4619,7,0,0,3,1,-4.22,0.05,1,0,157
4620,119,3,3,56,16,6.66,0.05,1,0,157
4621,13,0,0,8,2,-3.88,0.05,1,0,157
4622,13,0,0,7,2,-3.73,0.05,1,0,157
4623,223,4,4,65,16,8.62,0.05,1,0,157
4624,76,1,1,33,10,1.59,0.05,1,0,157
4625,20,0,0,11,3,-3.5,0.05,1,0,157
4626,144,2,2,57,18,7.21,0.05,1,0,157
4627,20,0,0,7,3,-6.15,0.05,1,0,157
4628,67,2,2,30,9,2.13,0.05,1,0,157
4629,367,9,9,118,42,29.38,0.05,0,1,157
4630,43,3,3,25,6,2.12,0.05,1,0,157
4631,93,1,1,47,12,5.47,0.05,1,0,157
4632,168,2,2,76,22,9.47,0.05,1,0,157
4633,36,0,0,16,5,-2.81,0.05,1,0,157
4634,25,0,0,14,3,-2.55,0.05,1,0,157
4635,255,7,7,103,28,20.55,0.05,1,0,157
4636,99,1,1,42,13,2.86,0.05,1,0,157
4637,58,1,1,26,8,-1.68,0.05,1,0,157
4638,84,3,3,39,11,5.26,0.05,1,0,157
4639,13,0,0,4,2,-5.18,0.05,1,0,157
4640,90,2,2,45,11,6.9,0.05,1,0,157
4641,20,0,0,7,3,-5.35,0.05,1,0,157
4642,45,0,0,23,6,-1.4,0.05,1,0,157
4643,13,0,0,5,2,-4.88,0.05,1,0,157
4644,120,3,3,44,15,6.05,0.05,1,0,157
4645,205,5,5,87,27,7.4,0.05,1,0,157
4646,20,0,0,10,3,-4.9,0.05,1,0,157
4647,28,0,0,9,4,-4.88,0.05,1,0,157
4648,63,0,0,26,8,-0.78,0.05,1,0,157
4649,229,5,5,100,29,15.91,0.05,1,0,157
4650,170,4,4,78,22,9.05,0.05,1,0,157
4651,61,0,0,24,7,0.29,0.05,1,0,157
4652,20,0,0,9,3,-4.15,0.05,1,0,157
4653,69,1,1,28,9,-0.29,0.05,1,0,157
4654,61,0,0,23,8,-0.71,0.05,1,0,157
4655,6,0,0,3,1,-4.66,0.05,1,0,157
4656,126,2,2,28,10,-2.26,0.05,1,0,157
4657,8,0,0,3,1,-4.78,0.05,1,0,157
4658,109,3,3,54,14,7.76,0.05,1,0,157
4659,6,0,0,2,1,-4.61,0.05,1,0,157
4660,359,7,7,107,37,14.76,0.05,1,0,157
4661,61,0,0,28,8,0.79,0.05,1,0,157
4662,99,3,3,47,13,5.71,0.05,1,0,157
4663,28,0,0,11,4,-4.03,0.05,1,0,157
4664,29,0,0,10,4,-5.19,0.05,1,0,157
4665,13,0,0,8,2,-3.68,0.05,1,0,157
4666,20,0,0,9,3,-4.1,0.05,1,0,157
4667,258,6,6,99,31,16.92,0.05,1,0,157
4668,30,0,0,14,4,-1.7,0.05,1,0,157
4669,40,0,0,21,5,-0.5,0.05,1,0,157
4670,28,0,0,11,4,-3.38,0.05,1,0,157
4671,77,2,2,35,10,2.38,0.05,1,0,157
4672,21,0,0,10,3,-4.41,0.05,1,0,157
4673,191,2,2,75,23,8.04,0.05,1,0,157
4674,295,7,7,106,34,23.15,0.05,1,0,157
4675,190,6,6,75,23,14.05,0.05,1,0,157
4676,27,0,0,12,4,-4.47,0.05,1,0,157
4677,64,0,0,29,8,-0.99,0.05,1,0,157
4678,13,0,0,8,2,-4.33,0.05,1,0,157
4679,204,4,4,78,24,12.56,0.05,1,0,157
4680,347,9,9,120,39,29.58,0.05,0,1,157
4681,154,3,3,63,19,9.46,0.05,1,0,158
4682,352,8,9,117,41,25.93,0.05,0,1,158
4683,20,0,0,7,3,-5.8,0.05,1,0,158
4684,79,1,1,19,6,-3.34,0.05,1,0,158
4685,166,4,4,62,20,9.69,0.05,1,0,158
4686,62,0,0,31,8,0.73,0.05,1,0,158
4687,15,0,0,5,2,-4.7,0.05,1,0,158
4688,101,1,1,44,13,4.04,0.05,1,0,158
4689,6,0,0,2,1,-4.61,0.05,1,0,158
4690,34,1,1,23,5,-0.39,0.05,1,0,158
4691,125,3,3,63,16,7.85,0.05,1,0,158
4692,138,2,2,65,18,5.27,0.05,1,0,158
4693,160,3,3,82,22,8.35,0.05,1,0,158
4694,106,0,0,49,14,1.29,0.05,1,0,158
4695,13,0,0,6,2,-4.58,0.05,1,0,158
4696,160,1,1,69,20,9.35,0.05,1,0,158
4697,13,0,0,8,2,-3.23,0.05,1,0,158
4698,21,0,0,11,3,-3.11,0.05,1,0,158
4699,108,2,2,47,14,5.72,0.05,1,0,158
4700,7,0,0,3,1,-5.22,0.05,1,0,158
4701,6,0,0,2,1,-4.96,0.05,1,0,158
4702,214,6,6,92,27,16.16,0.05,1,0,158
4703,66,0,0,28,9,-1.16,0.05,1,0,158
4704,188,4,4,80,24,10.77,0.05,1,0,158
4705,84,1,1,41,11,4.11,0.05,1,0,158
4706,96,2,2,43,13,0.49,0.05,1,0,158
4707,20,0,0,8,3,-5.5,0.05,1,0,158
4708,343,9,9,120,40,25.97,0.05,0,1,158
4709,244,5,5,97,28,15.11,0.05,1,0,158
4710,111,3,4,54,15,5.94,0.05,1,0,158
4711,37,1,1,17,5,-1.42,0.05,1,0,158
4712,46,0,0,17,6,-3.26,0.05,1,0,158
4713,323,7,7,119,37,18.17,0.05,1,0,158
4714,43,1,1,23,6,0.82,0.05,1,0,158
4715,267,5,5,90,33,11.03,0.05,1,0,158
4716,73,1,1,31,9,1.72,0.05,1,0,158
4717,13,0,0,4,2,-5.53,0.05,1,0,158
4718,72,2,2,42,9,6.03,0.05,1,0,158
4719,14,0,0,6,2,-4.89,0.05,1,0,158
4720,154,2,2,65,19,8.86,0.05,1,0,158
4721,88,2,2,41,12,3.02,0.05,1,0,158
4722,59,0,0,28,8,-2.19,0.05,1,0,158
4723,21,0,0,10,3,-5.76,0.05,1,0,158
4724,385,8,9,124,44,30.15,0.05,0,1,158
4725,93,1,1,46,12,1.32,0.05,1,0,158
4726,249,6,6,98,31,18.36,0.05,1,0,158
4727,60,1,1,24,8,-1.4,0.05,1,0,158
4728,268,3,3,110,32,18.27,0.05,1,0,158
4729,36,0,0,21,5,-1.31,0.05,1,0,158
4730,156,2,2,83,21,12.24,0.05,1,0,158
4731,27,1,1,11,4,-3.62,0.05,1,0,158
4732,400,3,3,103,32,21.35,0.05,0,1,158
4733,52,1,1,20,7,-2.32,0.05,1,0,158
4734,34,0,0,18,5,-3.54,0.05,1,0,158
4735,300,5,5,110,37,13.55,0.05,1,0,158
4736,21,0,0,9,3,-4.21,0.05,1,0,158
4737,13,0,0,7,2,-4.53,0.05,1,0,158
4738,56,0,0,22,8,-3.91,0.05,1,0,158
4739,20,0,0,9,3,-4.7,0.05,1,0,158
4740,37,0,0,18,5,-2.27,0.05,1,0,158
4741,144,2,2,51,18,6.81,0.05,1,0,158
4742,76,0,0,8,3,-4.96,0.05,1,0,158
4743,101,1,1,42,13,3.09,0.05,1,0,158
4744,87,2,2,37,11,2.28,0.05,1,0,158
4745,106,4,4,45,14,4.69,0.05,1,0,158
4746,43,1,1,23,6,-1.23,0.05,1,0,158
4747,229,7,7,88,28,17.51,0.05,1,0,158
4748,123,2,2,57,16,6.62,0.05,1,0,158
4749,20,0,0,12,3,-3.75,0.05,1,0,158
4750,13,0,0,6,2,-4.28,0.05,1,0,158
4751,169,2,2,66,21,6.21,0.05,1,0,158
4752,93,1,1,52,13,3.22,0.05,1,0,158
4753,43,1,1,20,6,-1.13,0.05,1,0,158
4754,43,0,0,22,6,-1.68,0.05,1,0,158
4755,7,0,0,3,1,-4.27,0.05,1,0,158
4756,104,1,1,52,14,5.31,0.05,1,0,158
4757,177,4,4,86,22,16.23,0.05,1,0,158
4758,185,2,2,35,10,-2.1,0.05,1,0,158
4759,58,1,1,22,8,-2.48,0.05,1,0,158
4760,35,0,0,13,5,-4.3,0.05,1,0,158
4761,178,3,3,73,22,10.92,0.05,1,0,158
4762,50,0,0,24,7,-1.1,0.05,1,0,158
4763,71,1,1,35,9,2.69,0.05,1,0,158
4764,20,0,0,9,3,-4.2,0.05,1,0,158
4765,52,1,1,29,7,1.38,0.05,1,0,158
4766,134,1,1,36,12,-2.04,0.05,1,0,158
4767,99,2,2,53,13,5.01,0.05,1,0,158
4768,13,0,0,7,2,-3.73,0.05,1,0,158
4769,211,3,3,85,25,13.14,0.05,1,0,158
4770,27,0,0,11,4,-4.27,0.05,1,0,158
4771,29,0,0,15,4,-2.64,0.05,1,0,158
4772,22,0,0,7,3,-4.92,0.05,1,0,158
4773,83,1,1,40,11,1.97,0.05,1,0,158
4774,165,1,1,70,22,6.2,0.05,1,0,158
4775,36,0,0,16,5,-2.36,0.05,1,0,158
4776,42,0,0,19,6,-2.72,0.05,1,0,158
4777,212,4,4,83,26,10.58,0.05,1,0,158
4778,91,1,1,42,11,6.34,0.05,1,0,158
4779,21,0,0,9,3,-3.81,0.05,1,0,158
4780,355,8,8,113,39,16.0,0.05,1,0,158
4781,174,5,5,76,22,11.26,0.05,1,0,158
4782,94,1,1,35,12,-2.94,0.05,1,0,158
4783,95,2,2,37,12,3.15,0.05,1,0,158
4784,30,0,0,13,4,-4.2,0.05,1,0,158
4785,21,0,0,10,3,-3.31,0.05,1,0,158
4786,21,0,0,10,3,-3.96,0.05,1,0,158
4787,6,0,0,3,1,-4.76,0.05,1,0,158
4788,53,0,0,23,7,-2.03,0.05,1,0,158
4789,69,0,0,35,9,1.26,0.05,1,0,158
4790,59,0,0,10,3,-3.64,0.05,1,0,158
4791,103,4,4,46,14,5.87,0.05,1,0,158
4792,82,1,1,43,11,1.98,0.05,1,0,158
4793,74,1,1,26,10,0.11,0.05,1,0,158
4794,171,4,4,79,22,13.89,0.05,1,0,158
4795,109,1,1,40,14,1.21,0.05,1,0,158
4796,96,2,2,39,12,3.24,0.05,1,0,158
4797,296,5,5,106,31,15.54,0.05,1,0,158
4798,89,3,3,31,11,1.46,0.05,1,0,158
4799,63,1,1,32,8,2.47,0.05,1,0,158
4800,51,1,1,23,7,-0.01,0.05,1,0,158
4801,111,1,1,64,15,6.59,0.05,1,0,158
4802,71,0,0,37,9,3.54,0.05,1,0,158
4803,124,4,4,54,16,9.31,0.05,1,0,158
4804,13,0,0,5,2,-4.88,0.05,1,0,158
4805,218,5,5,84,26,13.32,0.05,1,0,158
4806,50,1,1,24,7,0.45,0.05,1,0,158
4807,59,1,1,31,8,2.66,0.05,1,0,158
4808,400,8,8,121,38,26.65,0.05,0,1,158
4809,158,2,2,67,20,6.47,0.05,1,0,158
4810,400,0,0,42,14,-1.4,0.05,0,1,158
4811,217,2,2,49,16,2.33,0.05,1,0,158
4812,162,2,2,65,20,5.98,0.05,1,0,158
4813,61,2,2,32,8,2.34,0.05,1,0,158
4814,52,1,1,25,7,-0.07,0.05,1,0,158
4815,174,3,3,77,23,7.81,0.05,1,0,158
4816,62,2,2,26,8,-0.37,0.05,1,0,158
4817,132,2,2,51,16,5.38,0.05,1,0,158
4818,7,0,0,3,1,-5.72,0.05,1,0,158
4819,45,1,1,22,6,-1.15,0.05,1,0,158
4820,155,3,3,63,20,5.4,0.05,1,0,158
4821,160,4,4,74,21,9.3,0.05,1,0,158
4822,62,2,2,23,8,-1.12,0.05,1,0,158
4823,162,4,4,75,21,11.78,0.05,1,0,158
4824,58,0,0,27,7,-0.63,0.05,1,0,158
4825,73,0,0,31,10,-0.58,0.05,1,0,158
4826,383,8,8,129,45,19.72,0.05,1,0,158
4827,29,0,0,13,4,-3.14,0.05,1,0,158
4828,13,0,0,5,2,-5.78,0.05,1,0,158
4829,43,0,0,20,6,-1.23,0.05,1,0,158
4830,20,0,0,6,3,-5.1,0.05,1,0,158
4831,7,0,0,5,1,-4.12,0.05,1,0,158
4832,36,2,2,20,5,0.59,0.05,1,0,158
4833,76,0,0,34,10,1.49,0.05,1,0,158
4834,5,0,0,3,1,-4.3,0.05,1,0,158
4835,66,0,0,31,9,-0.31,0.05,1,0,158
4836,150,2,2,65,19,7.4,0.05,1,0,158
4837,22,0,0,10,3,-2.77,0.05,1,0,158
4838,6,0,0,3,1,-4.76,0.05,1,0,158
4839,43,0,0,18,6,-3.13,0.05,1,0,158
4840,79,1,1,29,10,1.46,0.05,1,0,158
4841,80,2,2,32,11,1.85,0.05,1,0,158
4842,13,0,0,7,2,-4.18,0.05,1,0,158
4843,23,0,0,14,3,-1.78,0.05,1,0,158
4844,21,1,1,9,3,-2.51,0.05,1,0,158
4845,158,3,3,66,20,7.62,0.05,1,0,158
4846,6,0,0,3,1,-4.31,0.05,1,0,158
4847,112,2,2,54,15,4.08,0.05,1,0,158
4848,27,0,0,14,4,-3.27,0.05,1,0,158
4849,237,7,7,88,28,14.63,0.05,1,0,158
4850,135,2,2,44,13,3.85,0.05,1,0,158
4851,35,1,1,17,5,-1.05,0.05,1,0,158
4852,76,1,1,30,10,0.84,0.05,1,0,158
4853,13,0,0,9,2,-3.58,0.05,1,0,158
4854,173,3,3,75,22,12.02,0.05,1,0,158
4855,13,0,0,6,2,-5.03,0.05,1,0,158
4856,119,3,3,57,14,9.61,0.05,1,0,158
4857,43,1,1,18,6,-1.63,0.05,1,0,158
4858,41,0,0,17,6,-4.76,0.05,1,0,158
4859,63,2,2,24,8,0.42,0.05,1,0,158
4860,400,9,9,119,46,24.75,0.05,0,1,158
4861,21,0,0,9,3,-4.06,0.05,1,0,158
4862,399,8,9,128,41,27.36,0.05,0,1,158
4863,140,3,3,52,18,6.05,0.05,1,0,158
4864,239,6,6,58,20,8.06,0.05,1,0,158
4865,47,0,0,19,6,-2.27,0.05,1,0,158
4866,14,0,0,6,2,-4.44,0.05,1,0,158
4867,36,0,0,14,5,-4.91,0.05,1,0,158
4868,7,0,0,6,1,-3.72,0.05,1,0,158
4869,28,0,0,13,4,-3.03,0.05,1,0,158
4870,103,0,0,60,13,7.52,0.05,1,0,158
4871,29,0,0,9,4,-5.84,0.05,1,0,158
4872,6,0,0,2,1,-5.06,0.05,1,0,158
4873,20,0,0,9,3,-4.65,0.05,1,0,158
4874,304,9,9,117,37,21.61,0.05,1,0,158
4875,20,0,0,9,3,-4.75,0.05,1,0,158
4876,63,1,1,30,8,0.12,0.05,1,0,158
4877,29,0,0,11,4,-4.24,0.05,1,0,158
4878,36,0,0,13,5,-4.71,0.05,1,0,158
4879,123,4,4,54,17,5.92,0.05,1,0,158
4880,199,3,3,83,24,13.31,0.05,1,0,158
4881,93,1,1,37,12,-0.43,0.05,1,0,158
4882,147,4,4,57,18,6.08,0.05,1,0,158
4883,24,0,0,8,3,-5.09,0.05,1,0,158
4884,63,2,2,25,8,1.52,0.05,1,0,158
4885,60,0,0,23,8,-3.45,0.05,1,0,158
4886,343,9,9,121,41,20.07,0.05,1,0,158
4887,6,0,0,2,1,-4.96,0.05,1,0,158
4888,71,3,3,32,9,1.44,0.05,1,0,158
4889,7,0,0,4,1,-3.97,0.05,1,0,158
4890,157,3,3,64,20,3.43,0.05,1,0,158
4891,83,1,1,39,11,1.47,0.05,1,0,158
4892,21,0,0,9,3,-4.26,0.05,1,0,158
4893,23,0,0,10,3,-3.43,0.05,1,0,158
4894,20,0,0,9,3,-5.55,0.05,1,0,158
4895,53,1,1,30,7,0.67,0.05,1,0,158
4896,6,0,0,3,1,-4.66,0.05,1,0,158
4897,373,4,4,74,20,10.47,0.05,1,0,158
4898,87,0,0,39,12,-0.37,0.05,1,0,158
4899,49,1,1,25,7,-0.49,0.05,1,0,158
4900,91,2,2,40,12,2.39,0.05,1,0,158
4901,59,0,0,24,8,-1.99,0.05,1,0,158
4902,13,0,0,7,2,-4.08,0.05,1,0,158
4903,176,2,2,65,23,0.59,0.05,1,0,158
4904,20,0,0,8,3,-4.6,0.05,1,0,158
4905,264,5,5,102,31,19.01,0.05,1,0,158
4906,41,1,1,18,6,-3.91,0.05,1,0,158
4907,20,0,0,10,3,-4.25,0.05,1,0,158
4908,58,1,1,26,7,1.27,0.05,1,0,158
4909,27,0,0,11,4,-4.72,0.05,1,0,158
4910,14,0,0,10,2,-3.69,0.05,1,0,158
4911,83,0,0,36,11,-1.18,0.05,1,0,158
4912,54,0,0,21,7,-3.79,0.05,1,0,158
4913,68,1,1,29,9,0.22,0.05,1,0,158
4914,108,1,1,20,8,-4.88,0.05,1,0,158
4915,42,0,0,17,6,-1.72,0.05,1,0,158
4916,69,3,3,26,8,2.06,0.05,1,0,158
4917,144,3,3,61,18,6.26,0.05,1,0,158
4918,61,0,0,25,7,0.49,0.05,1,0,158
4919,50,1,1,22,7,-1.05,0.05,1,0,158
4920,400,7,7,117,36,25.1,0.05,0,1,158
4921,13,0,0,8,2,-3.78,0.05,1,0,158
4922,34,1,1,14,5,-2.29,0.05,1,0,158
4923,84,1,1,38,11,2.86,0.05,1,0,158
4924,87,1,1,30,12,-4.67,0.05,1,0,158
4925,6,0,0,3,1,-4.76,0.05,1,0,158
4926,205,5,5,78,24,12.1,0.05,1,0,158
4927,6,0,0,3,1,-4.66,0.05,1,0,158
4928,13,0,0,4,2,-5.63,0.05,1,0,158
4929,91,3,3,35,12,1.59,0.05,1,0,158
4930,108,2,2,45,14,2.37,0.05,1,0,158
4931,64,0,0,26,9,-2.74,0.05,1,0,158
4932,68,3,3,30,9,2.72,0.05,1,0,158
4933,149,1,1,60,19,4.21,0.05,1,0,158
4934,5,0,0,3,1,-4.1,0.05,1,0,158
4935,69,2,2,30,9,2.11,0.05,1,0,158
4936,20,1,1,9,3,-3.0,0.05,1,0,158
4937,159,3,3,79,21,11.21,0.05,1,0,158
4938,44,0,0,19,6,-2.84,0.05,1,0,158
4939,35,0,0,13,5,-3.75,0.05,1,0,158
4940,43,1,1,21,6,0.07,0.05,1,0,158
4941,14,0,0,9,2,-3.64,0.05,1,0,158
4942,37,1,1,10,5,-5.57,0.05,1,0,158
4943,42,1,1,18,6,-2.22,0.05,1,0,158
4944,191,7,7,83,23,16.04,0.05,1,0,158
4945,134,2,2,62,18,6.31,0.05,1,0,158
4946,292,9,9,105,33,20.28,0.05,1,0,158
4947,36,1,1,14,5,-3.41,0.05,1,0,158
4948,20,0,0,8,3,-4.85,0.05,1,0,158
4949,121,3,3,22,8,-1.66,0.05,1,0,158
4950,21,0,0,11,3,-3.11,0.05,1,0,158
4951,6,0,0,3,1,-4.31,0.05,1,0,158
4952,21,0,0,9,3,-4.21,0.05,1,0,158
4953,97,2,2,39,13,-0.27,0.05,1,0,158
4954,109,0,0,45,14,1.71,0.05,1,0,158
4955,336,9,9,119,40,29.79,0.05,0,1,158
4956,13,0,0,6,2,-4.03,0.05,1,0,158
4957,39,0,0,22,5,-0.89,0.05,1,0,158
4958,27,0,0,13,4,-4.07,0.05,1,0,158
4959,72,2,2,32,9,2.83,0.05,1,0,158
4960,43,0,0,23,6,-0.23,0.05,1,0,158
4961,21,0,0,9,3,-4.06,0.05,1,0,158
4962,88,2,2,34,11,4.62,0.05,1,0,158
4963,90,1,1,44,12,2.9,0.05,1,0,158
4964,28,0,0,12,4,-4.48,0.05,1,0,158
4965,159,3,3,48,14,4.21,0.05,1,0,158
4966,46,1,1,18,6,-1.46,0.05,1,0,158
4967,20,0,0,8,3,-5.05,0.05,1,0,158
4968,100,0,0,45,13,3.3,0.05,1,0,158
4969,210,2,2,25,7,-0.4,0.05,1,0,158
4970,6,0,0,3,1,-4.76,0.05,1,0,158
4971,92,3,3,39,12,3.48,0.05,1,0,158
4972,363,9,9,127,38,33.97,0.05,0,1,158
4973,88,3,3,40,12,3.72,0.05,1,0,158
4974,29,0,0,11,4,-3.69,0.05,1,0,158
4975,6,0,0,3,1,-4.76,0.05,1,0,158
4976,75,0,0,30,10,-0.45,0.05,1,0,158
4977,151,3,3,63,19,7.59,0.05,1,0,158
4978,44,1,1,20,6,-1.19,0.05,1,0,158
4979,45,0,0,20,6,-3.25,0.05,1,0,158
4980,31,0,0,14,4,-2.81,0.05,1,0,158
4981,51,0,0,25,7,-1.86,0.05,1,0,158
4982,72,0,0,34,10,1.68,0.05,1,0,158
4983,110,2,2,28,9,-2.7,0.05,1,0,158
4984,22,0,0,12,3,-2.37,0.05,1,0,158
4985,20,0,0,9,3,-4.0,0.05,1,0,158
4986,249,4,4,103,31,13.26,0.05,1,0,158
4987,30,0,0,13,4,-4.25,0.05,1,0,158
4988,53,1,1,22,7,-0.53,0.05,1,0,158
4989,59,0,0,28,8,-1.29,0.05,1,0,158
4990,199,3,3,93,25,14.16,0.05,1,0,158
4991,100,1,1,38,13,1.2,0.05,1,0,158
4992,113,0,0,39,13,0.42,0.05,1,0,158
4993,54,0,0,19,7,-3.29,0.05,1,0,158
4994,167,3,3,68,21,8.43,0.05,1,0,158
4995,183,3,3,83,23,12.62,0.05,1,0,158
4996,20,1,1,9,3,-3.1,0.05,1,0,158
4997,398,9,9,121,45,22.92,0.05,0,1,158
4998,364,8,9,123,42,28.36,0.05,0,1,158
4999,50,1,1,20,7,-2.3,0.05,1,0,158
5000,58,1,1,25,8,-1.73,0.05,1,0,158
5001,82,3,3,36,11,1.68,0.05,1,0,158
5002,133,4,4,57,17,7.37,0.05,1,0,158
5003,86,0,0,35,11,1.54,0.05,1,0,158
5004,102,2,2,35,13,0.38,0.05,1,0,158
5005,79,1,1,34,10,1.86,0.05,1,0,158
5006,13,0,0,6,2,-4.48,0.05,1,0,158
5007,20,0,0,9,3,-4.75,0.05,1,0,158
5008,67,1,1,29,9,-0.52,0.05,1,0,158
5009,24,0,0,12,3,-2.34,0.05,1,0,158
5010,114,4,4,63,15,9.91,0.05,1,0,158
5011,60,2,2,29,8,1.55,0.05,1,0,158
5012,229,4,4,91,28,16.51,0.05,1,0,158
5013,122,3,3,50,15,5.98,0.05,1,0,158
5014,31,0,0,13,4,-3.21,0.05,1,0,158
5015,174,2,2,74,23,3.71,0.05,1,0,158
5016,90,2,2,44,12,2.35,0.05,1,0,158
5017,141,3,3,62,18,7.94,0.05,1,0,158
5018,95,0,0,43,13,1.15,0.05,1,0,158
5019,146,2,2,41,12,2.39,0.05,1,0,158
5020,229,5,5,96,28,17.91,0.05,1,0,158
5021,28,0,0,15,4,-2.58,0.05,1,0,158
5022,13,0,0,8,2,-3.88,0.05,1,0,158
5023,170,2,2,74,22,7.5,0.05,1,0,158
5024,237,4,4,90,29,14.53,0.05,1,0,158
5025,138,3,3,52,16,3.97,0.05,1,0,158
5026,249,4,4,75,26,5.71,0.05,1,0,158
5027,36,0,0,18,5,-1.91,0.05,1,0,158
5028,108,1,1,38,13,0.87,0.05,1,0,158
5029,218,5,5,77,24,10.57,0.05,1,0,158
5030,150,3,3,58,19,7.55,0.05,1,0,158
5031,20,0,0,8,3,-4.6,0.05,1,0,158
5032,157,1,1,72,19,8.93,0.05,1,0,158
5033,124,2,2,59,16,5.81,0.05,1,0,158
5034,13,0,0,8,2,-3.88,0.05,1,0,158
5035,83,0,0,41,11,3.97,0.05,1,0,158
5036,88,0,0,35,11,0.27,0.05,1,0,158
5037,7,0,0,2,1,-4.57,0.05,1,0,158
5038,20,0,0,9,3,-4.3,0.05,1,0,158
5039,131,1,1,59,17,9.04,0.05,1,0,158
5040,200,3,3,75,25,7.75,0.05,1,0,158
5041,14,0,0,9,2,-3.09,0.05,1,0,158
5042,92,0,0,45,12,1.58,0.05,1,0,158
5043,169,3,3,77,21,9.81,0.05,1,0,158
5044,125,2,2,58,16,6.7,0.05,1,0,158
5045,277,4,4,94,29,11.58,0.05,1,0,158
5046,58,0,0,26,8,-1.33,0.05,1,0,158
5047,6,0,0,3,1,-4.76,0.05,1,0,158
5048,48,0,0,19,6,-1.63,0.05,1,0,158
5049,32,1,1,15,4,-3.37,0.05,1,0,158
5050,20,0,0,9,3,-4.0,0.05,1,0,158
5051,104,2,2,40,13,4.16,0.05,1,0,158
5052,158,3,3,71,19,10.62,0.05,1,0,158
5053,13,0,0,4,2,-5.63,0.05,1,0,158
5054,115,5,5,54,14,9.75,0.05,1,0,158
5055,20,0,0,11,3,-3.6,0.05,1,0,158
5056,391,9,9,122,40,21.79,0.05,1,0,158
5057,104,2,2,39,13,4.16,0.05,1,0,158
5058,262,2,2,104,32,16.13,0.05,1,0,158
5059,20,0,0,8,3,-5.4,0.05,1,0,158
5060,44,0,0,20,6,-2.29,0.05,1,0,158
5061,118,1,1,57,15,7.17,0.05,1,0,158
5062,109,2,2,60,14,11.11,0.05,1,0,158
5063,83,2,2,39,11,3.12,0.05,1,0,158
5064,28,0,0,12,4,-4.88,0.05,1,0,158
5065,111,2,2,50,14,6.44,0.05,1,0,158
5066,208,8,8,81,26,17.97,0.05,1,0,158
5067,27,0,0,10,4,-4.77,0.05,1,0,158
5068,74,2,2,29,9,2.11,0.05,1,0,158
5069,213,3,3,63,21,4.12,0.05,1,0,158
5070,20,0,0,10,3,-4.25,0.05,1,0,158
5071,194,3,3,81,24,12.96,0.05,1,0,158
5072,137,1,1,60,18,7.23,0.05,1,0,158
5073,259,8,8,111,34,19.66,0.05,1,0,158
5074,185,4,4,72,22,10.0,0.05,1,0,158
5075,49,1,1,23,6,0.21,0.05,1,0,158
5076,6,0,0,3,1,-4.76,0.05,1,0,158
5077,35,1,1,14,5,-3.7,0.05,1,0,158
5078,28,0,0,11,4,-5.18,0.05,1,0,158
5079,41,0,0,14,6,-4.01,0.05,1,0,158
5080,130,0,0,48,17,-1.05,0.05,1,0,158
5081,137,1,1,64,18,3.03,0.05,1,0,158
5082,108,1,1,33,13,-1.03,0.05,1,0,158
5083,20,0,0,7,3,-5.25,0.05,1,0,158
5084,90,0,0,34,12,-1.9,0.05,1,0,158
5085,6,0,0,2,1,-5.06,0.05,1,0,158
5086,99,2,2,47,14,1.91,0.05,1,0,158
5087,86,0,0,39,11,1.29,0.05,1,0,158
5088,108,2,2,45,14,3.12,0.05,1,0,158
5089,36,0,0,14,5,-4.51,0.05,1,0,158
5090,75,0,0,38,10,0.95,0.05,1,0,158
5091,42,1,1,18,6,-3.87,0.05,1,0,158
5092,82,2,2,45,11,7.83,0.05,1,0,158
5093,105,3,3,43,13,4.0,0.05,1,0,158
5094,384,8,9,127,45,29.26,0.05,0,1,158
5095,141,1,1,50,17,1.89,0.05,1,0,158
5096,181,2,2,78,23,9.39,0.05,1,0,158
5097,173,5,5,73,22,9.82,0.05,1,0,158
5098,14,0,0,7,2,-4.59,0.05,1,0,158
5099,41,0,0,19,6,-4.61,0.05,1,0,158
5100,13,0,0,7,2,-4.18,0.05,1,0,158
5101,62,0,0,21,8,-0.87,0.05,1,0,158
5102,13,0,0,6,2,-5.03,0.05,1,0,158
5103,66,2,2,34,8,4.89,0.05,1,0,158
5104,131,3,3,55,17,5.04,0.05,1,0,158
5105,20,0,0,8,3,-4.6,0.05,1,0,158
5106,22,0,0,9,3,-4.77,0.05,1,0,158
5107,157,4,4,77,21,13.28,0.05,1,0,158
5108,120,1,1,61,15,7.9,0.05,1,0,158
5109,60,2,2,27,8,2.5,0.05,1,0,158
5110,69,1,1,31,9,0.31,0.05,1,0,158
5111,114,2,2,59,15,8.01,0.05,1,0,158
5112,76,0,0,33,10,-0.71,0.05,1,0,158
5113,27,0,0,11,4,-5.02,0.05,1,0,158
5114,21,0,0,8,3,-5.01,0.05,1,0,158
5115,21,0,0,9,3,-6.06,0.05,1,0,158
5116,206,2,2,76,26,9.24,0.05,1,0,158
5117,268,6,6,102,34,13.17,0.05,1,0,158
5118,81,1,1,40,10,4.29,0.05,1,0,158
5119,278,7,7,102,30,21.37,0.05,1,0,158
5120,68,3,3,27,9,0.82,0.05,1,0,158
5121,79,0,0,31,10,-1.29,0.05,1,0,158
5122,55,2,2,25,7,1.2,0.05,1,0,158
5123,54,0,0,23,7,-0.89,0.05,1,0,158
5124,36,0,0,17,5,-2.61,0.05,1,0,158
5125,121,2,2,46,15,1.94,0.05,1,0,158
5126,74,1,1,27,10,-1.24,0.05,1,0,158
5127,28,0,0,10,4,-5.58,0.05,1,0,158
5128,73,2,2,29,10,0.67,0.05,1,0,158
5129,134,4,4,55,17,6.71,0.05,1,0,158
5130,338,8,9,126,39,31.92,0.05,0,1,158
5131,30,0,0,11,4,-3.85,0.05,1,0,158
5132,29,0,0,13,4,-3.59,0.05,1,0,158
5133,212,7,7,81,25,12.93,0.05,1,0,158
5134,37,0,0,14,5,-3.37,0.05,1,0,158
5135,6,0,0,3,1,-4.76,0.05,1,0,158
5136,21,0,0,9,3,-4.51,0.05,1,0,158
5137,246,7,7,85,30,11.59,0.05,1,0,158
5138,59,2,2,25,8,-0.64,0.05,1,0,158
5139,47,0,0,24,6,0.58,0.05,1,0,158
5140,196,3,3,72,25,7.44,0.05,1,0,158
5141,20,1,1,10,3,-2.1,0.05,1,0,158
5142,6,0,0,3,1,-4.76,0.05,1,0,158
5143,172,2,2,66,21,9.13,0.05,1,0,158
5144,173,5,5,76,22,13.67,0.05,1,0,158
5145,86,1,1,40,12,-0.11,0.05,1,0,158
5146,62,1,1,34,9,-1.92,0.05,1,0,158
5147,20,0,0,9,3,-4.65,0.05,1,0,158
5148,49,0,0,24,7,-1.19,0.05,1,0,158
5149,20,0,0,9,3,-3.75,0.05,1,0,158
5150,13,0,0,7,2,-4.13,0.05,1,0,158
5151,20,0,0,7,3,-4.8,0.05,1,0,158
5152,93,1,1,42,12,4.22,0.05,1,0,158
5153,6,0,0,3,1,-4.76,0.05,1,0,158
5154,7,0,0,3,1,-4.27,0.05,1,0,158
5155,130,2,2,64,17,8.7,0.05,1,0,158
5156,52,1,1,24,7,1.13,0.05,1,0,158
5157,6,0,0,1,1,-5.36,0.05,1,0,158
5158,48,2,2,19,7,-2.98,0.05,1,0,158
5159,400,6,6,90,33,18.55,0.05,0,1,158
5160,20,0,0,8,3,-5.05,0.05,1,0,158
5161,13,0,0,6,2,-5.33,0.05,1,0,158
5162,6,0,0,3,1,-4.66,0.05,1,0,158
5163,120,3,3,47,16,4.2,0.05,1,0,158
5164,54,0,0,22,7,-1.74,0.05,1,0,158
5165,344,8,9,126,40,28.36,0.05,0,1,158
5166,85,1,1,36,11,2.5,0.05,1,0,158
5167,29,0,0,10,4,-5.54,0.05,1,0,158
5168,90,1,1,20,7,-4.7,0.05,1,0,158
5169,27,0,0,11,4,-4.27,0.05,1,0,158
5170,79,1,1,23,8,-0.24,0.05,1,0,158
5171,362,8,8,119,42,25.48,0.05,1,0,158
5172,20,0,0,9,3,-5.2,0.05,1,0,158
5173,84,2,2,9,5,-4.79,0.05,1,0,158
5174,28,0,0,11,4,-4.73,0.05,1,0,158
5175,61,1,1,22,8,-1.91,0.05,1,0,158
5176,66,0,0,29,9,-0.31,0.05,1,0,158
5177,33,0,0,16,4,-3.23,0.05,1,0,158
5178,29,0,0,12,4,-2.89,0.05,1,0,158
5179,63,2,2,26,8,2.27,0.05,1,0,158
5180,15,0,0,8,2,-3.25,0.05,1,0,158
5181,22,0,0,9,3,-3.97,0.05,1,0,158
5182,20,0,0,11,3,-3.6,0.05,1,0,158
5183,44,0,0,22,6,-1.59,0.05,1,0,158
5184,236,5,5,88,29,13.89,0.05,1,0,158
5185,27,0,0,12,4,-3.42,0.05,1,0,158
5186,260,3,3,90,29,11.85,0.05,1,0,158
5187,94,1,1,40,12,3.11,0.05,1,0,158
5188,66,1,1,23,8,-0.16,0.05,1,0,158
5189,42,0,0,18,6,-4.77,0.05,1,0,158
5190,237,4,4,91,28,14.88,0.05,1,0,158
5191,51,1,1,21,7,-1.16,0.05,1,0,158
5192,45,1,1,22,6,-0.45,0.05,1,0,158
5193,103,1,1,51,14,5.67,0.05,1,0,158
5194,369,8,9,109,41,21.81,0.05,0,1,158
5195,63,0,0,29,8,-0.38,0.05,1,0,158
5196,35,1,1,16,5,-2.65,0.05,1,0,158
5197,20,0,0,6,3,-5.65,0.05,1,0,158
5198,222,5,5,81,26,12.63,0.05,1,0,158
5199,239,6,6,97,28,17.91,0.05,1,0,158
5200,87,2,2,45,11,6.93,0.05,1,0,158
5201,28,1,1,11,4,-2.98,0.05,1,0,158
5202,389,9,9,123,45,28.21,0.05,0,1,158
5203,115,2,2,42,15,0.5,0.05,1,0,158
5204,280,8,8,114,34,19.2,0.05,1,0,158
5205,20,0,0,9,3,-3.65,0.05,1,0,158
5206,92,2,2,38,12,2.58,0.05,1,0,158
5207,13,0,0,5,2,-5.78,0.05,1,0,158
5208,312,9,9,124,38,23.68,0.05,1,0,158
5209,201,3,3,75,24,9.79,0.05,1,0,158
5210,357,9,9,121,42,21.18,0.05,1,0,158
5211,31,0,0,11,4,-3.31,0.05,1,0,158
5212,21,0,0,9,3,-3.61,0.05,1,0,158
5213,91,1,1,30,10,0.59,0.05,1,0,158
5214,20,1,1,9,3,-3.6,0.05,1,0,158
5215,53,0,0,23,7,-1.13,0.05,1,0,158
5216,27,0,0,11,4,-4.77,0.05,1,0,158
5217,71,3,3,27,9,1.54,0.05,1,0,158
5218,203,1,1,93,26,10.12,0.05,1,0,158
5219,60,1,1,28,8,0.35,0.05,1,0,158
5220,56,0,0,26,8,-1.66,0.05,1,0,158
5221,302,5,5,110,31,16.38,0.05,1,0,158
5222,92,1,1,45,12,3.38,0.05,1,0,158
5223,400,9,9,117,40,26.1,0.05,0,1,159
5224,70,1,1,23,9,-1.7,0.05,1,0,159
5225,23,0,0,11,3,-2.58,0.05,1,0,159
5226,31,1,1,13,4,-1.41,0.05,1,0,159
5227,151,1,1,73,20,8.94,0.05,1,0,159
5228,22,0,0,10,3,-3.92,0.05,1,0,159
5229,88,1,1,49,12,3.27,0.05,1,0,159
5230,109,1,1,36,10,2.31,0.05,1,0,159
5231,400,2,2,74,24,10.95,0.05,0,1,159
5232,98,1,1,50,13,5.97,0.05,1,0,159
5233,13,0,0,5,2,-5.23,0.05,1,0,159
5234,223,8,8,95,29,18.02,0.05,1,0,159
5235,67,0,0,29,9,0.63,0.05,1,0,159
5236,145,4,4,56,17,5.75,0.05,1,0,159
5237,138,0,0,10,5,-7.08,0.05,1,0,159
5238,117,2,2,49,15,4.43,0.05,1,0,159
5239,372,8,9,113,43,23.23,0.05,0,1,159
5240,132,1,1,66,17,7.33,0.05,1,0,159
5241,49,0,0,21,7,-2.99,0.05,1,0,159
5242,13,0,0,7,2,-3.98,0.05,1,0,159
5243,132,2,2,47,17,1.13,0.05,1,0,159
5244,35,0,0,16,5,-3.35,0.05,1,0,159
5245,346,8,8,124,41,21.29,0.05,1,0,159
5246,166,1,1,66,21,3.19,0.05,1,0,159
5247,269,4,4,105,33,15.26,0.05,1,0,159
5248,61,0,0,28,8,-0.31,0.05,1,0,159
5249,14,0,0,5,2,-5.39,0.05,1,0,159
5250,21,0,0,10,3,-3.91,0.05,1,0,159
5251,96,4,4,47,12,9.44,0.05,1,0,159
5252,20,0,0,10,3,-3.75,0.05,1,0,159
5253,109,1,1,49,14,6.01,0.05,1,0,159
5254,100,0,0,51,13,7.2,0.05,1,0,159
5255,161,3,3,73,20,10.14,0.05,1,0,159
5256,5,0,0,4,1,-4.0,0.05,1,0,159
5257,20,0,0,9,3,-4.2,0.05,1,0,159
5258,107,2,2,47,14,4.53,0.05,1,0,159
5259,56,0,0,23,8,-4.21,0.05,1,0,159
5260,93,1,1,10,4,-4.48,0.05,1,0,159
5261,52,0,0,22,7,-0.87,0.05,1,0,159
5262,20,0,0,9,3,-5.2,0.05,1,0,159
5263,36,0,0,12,5,-5.91,0.05,1,0,159
5264,362,9,9,126,41,29.48,0.05,0,1,159
5265,125,2,2,61,16,8.45,0.05,1,0,159
5266,135,0,0,55,17,3.3,0.05,1,0,159
5267,44,1,1,21,6,-0.34,0.05,1,0,159
5268,93,3,3,42,12,5.02,0.05,1,0,159
5269,388,8,9,124,44,28.57,0.05,0,1,159
5270,75,1,1,28,10,-0.85,0.05,1,0,159
5271,27,0,0,11,4,-4.77,0.05,1,0,159
5272,138,1,1,34,10,-0.13,0.05,1,0,159
5273,42,0,0,15,6,-5.42,0.05,1,0,159
5274,6,0,0,1,1,-4.91,0.05,1,0,159
5275,30,0,0,15,4,-2.6,0.05,1,0,159
5276,116,1,1,49,15,4.69,0.05,1,0,159
5277,137,4,4,61,17,8.48,0.05,1,0,159
5278,263,3,3,63,21,4.97,0.05,1,0,159
5279,27,0,0,9,4,-5.42,0.05,1,0,159
5280,89,0,0,43,11,3.71,0.05,1,0,159
5281,27,0,0,11,4,-5.22,0.05,1,0,159
5282,84,0,0,37,11,-1.89,0.05,1,0,159
5283,141,1,1,66,18,7.59,0.05,1,0,159
5284,78,1,1,29,10,0.02,0.05,1,0,159
5285,113,0,0,57,15,3.97,0.05,1,0,159
5286,146,3,3,64,19,9.49,0.05,1,0,159
5287,28,0,0,14,4,-2.78,0.05,1,0,159
5288,7,0,0,2,1,-4.57,0.05,1,0,159
5289,374,8,9,125,40,29.26,0.05,0,1,159
5290,115,3,3,55,15,6.8,0.05,1,0,159
5291,400,5,5,66,21,12.65,0.05,0,1,159
5292,117,2,2,44,14,4.33,0.05,1,0,159
5293,76,1,1,35,10,1.39,0.05,1,0,159
5294,235,4,4,90,30,10.35,0.05,1,0,159
5295,48,0,0,19,7,-5.68,0.05,1,0,159
5296,34,1,1,16,5,-3.09,0.05,1,0,159
5297,216,4,4,92,26,14.99,0.05,1,0,159
5298,62,2,2,29,9,0.33,0.05,1,0,159
5299,106,3,3,43,14,4.69,0.05,1,0,159
5300,211,3,3,80,26,9.64,0.05,1,0,159
5301,28,0,0,13,4,-3.63,0.05,1,0,159
5302,28,0,0,14,4,-2.43,0.05,1,0,159
5303,136,2,2,38,11,1.44,0.05,1,0,159
5304,36,0,0,14,5,-2.91,0.05,1,0,159
5305,192,3,3,76,25,9.73,0.05,1,0,159
5306,14,0,0,8,2,-3.84,0.05,1,0,159
5307,168,4,4,74,22,11.92,0.05,1,0,159
5308,358,7,7,126,44,22.72,0.05,1,0,159
5309,61,1,1,25,8,-0.21,0.05,1,0,159
5310,44,1,1,20,6,-1.79,0.05,1,0,159
5311,6,0,0,1,1,-5.81,0.05,1,0,159
5312,62,0,0,27,8,-0.07,0.05,1,0,159
5313,160,4,4,61,19,8.65,0.05,1,0,159
5314,28,1,1,15,4,-1.63,0.05,1,0,159
5315,28,1,1,9,4,-4.38,0.05,1,0,159
5316,361,7,7,131,44,21.64,0.05,1,0,159
5317,5,0,0,3,1,-4.2,0.05,1,0,159
5318,63,0,0,32,8,3.22,0.05,1,0,159
5319,15,0,0,7,2,-4.0,0.05,1,0,159
5320,235,5,5,99,29,14.5,0.05,1,0,159
5321,13,0,0,5,2,-4.88,0.05,1,0,159
5322,65,1,1,32,8,1.75,0.05,1,0,159
5323,35,0,0,15,5,-3.1,0.05,1,0,159
5324,59,2,2,28,8,2.76,0.05,1,0,159
5325,30,0,0,7,4,-4.9,0.05,1,0,159
5326,51,1,1,25,7,-0.86,0.05,1,0,159
5327,69,0,0,32,10,-3.44,0.05,1,0,159
5328,126,3,3,58,16,8.29,0.05,1,0,159
5329,376,9,9,125,44,24.99,0.05,0,1,159
5330,13,0,0,7,2,-4.18,0.05,1,0,159
5331,100,1,1,42,13,1.4,0.05,1,0,159
5332,13,0,0,7,2,-4.18,0.05,1,0,159
5333,99,1,1,46,12,3.66,0.05,1,0,159
5334,49,1,1,21,6,-1.39,0.05,1,0,159
5335,6,0,0,3,1,-4.76,0.05,1,0,159
5336,96,2,2,49,13,5.49,0.05,1,0,159
5337,162,4,4,64,20,10.38,0.05,1,0,159
5338,103,2,2,47,13,6.62,0.05,1,0,159
5339,182,5,5,76,23,10.53,0.05,1,0,159
5340,6,0,0,3,1,-4.21,0.05,1,0,159
5341,151,2,2,66,20,7.64,0.05,1,0,159
5342,30,1,1,16,4,-0.65,0.05,1,0,159
5343,28,0,0,14,4,-2.88,0.05,1,0,159
5344,381,9,9,134,45,29.34,0.05,0,1,159
5345,20,0,0,10,3,-4.75,0.05,1,0,159
5346,222,6,6,80,27,14.63,0.05,1,0,159
5347,27,0,0,13,4,-4.07,0.05,1,0,159
5348,78,1,1,31,10,-1.48,0.05,1,0,159
5349,75,1,1,31,10,1.45,0.05,1,0,159
5350,69,0,0,32,9,-1.39,0.05,1,0,159
5351,6,0,0,3,1,-4.66,0.05,1,0,159
5352,39,2,2,17,5,0.36,0.05,1,0,159
5353,35,0,0,16,5,-3.7,0.05,1,0,159
5354,186,1,1,80,24,7.69,0.05,1,0,159
5355,127,3,3,53,16,6.83,0.05,1,0,159
5356,91,1,1,39,12,0.69,0.05,1,0,159
5357,43,1,1,19,6,-1.03,0.05,1,0,159
5358,296,7,7,104,36,17.39,0.05,1,0,159
5359,256,6,6,95,31,18.29,0.05,1,0,159
5360,28,0,0,9,4,-4.43,0.05,1,0,159
5361,74,2,2,35,9,2.06,0.05,1,0,159
5362,38,0,0,16,5,-3.88,0.05,1,0,159
5363,370,8,9,128,43,23.75,0.05,0,1,159
5364,132,0,0,56,16,5.73,0.05,1,0,159
5365,346,8,9,129,39,32.34,0.05,0,1,159
5366,261,4,4,91,31,11.09,0.05,1,0,159
5367,38,0,0,13,5,-4.38,0.05,1,0,159
5368,290,6,6,106,35,12.95,0.05,1,0,159
5369,142,1,1,50,18,2.78,0.05,1,0,159
5370,164,4,4,68,21,10.26,0.05,1,0,159
5371,92,1,1,35,12,1.73,0.05,1,0,159
5372,27,0,0,9,4,-5.42,0.05,1,0,159
5373,366,9,9,118,43,24.49,0.05,0,1,159
5374,20,0,0,6,3,-4.65,0.05,1,0,159
5375,238,6,6,93,29,12.97,0.05,1,0,159
5376,71,1,1,29,9,0.94,0.05,1,0,159
5377,6,0,0,3,1,-4.76,0.05,1,0,159
5378,169,5,5,70,22,10.36,0.05,1,0,159
5379,35,1,1,14,5,-4.3,0.05,1,0,159
5380,160,2,2,76,20,10.35,0.05,1,0,159
5381,6,0,0,3,1,-4.76,0.05,1,0,159
5382,81,1,1,36,11,2.54,0.05,1,0,159
5383,88,1,1,42,12,1.57,0.05,1,0,159
5384,173,4,4,73,23,9.32,0.05,1,0,159
5385,102,1,1,49,13,5.73,0.05,1,0,159
5386,125,2,2,55,16,7.6,0.05,1,0,159
5387,68,1,1,30,9,1.62,0.05,1,0,159
5388,219,7,7,95,27,17.41,0.05,1,0,159
5389,20,1,1,11,3,-2.45,0.05,1,0,159
5390,36,0,0,14,5,-2.96,0.05,1,0,159
5391,20,0,0,11,3,-3.55,0.05,1,0,159
5392,41,0,0,19,6,-4.11,0.05,1,0,159
5393,96,1,1,47,13,2.09,0.05,1,0,159
5394,6,0,0,3,1,-5.66,0.05,1,0,159
5395,23,0,0,14,3,-3.53,0.05,1,0,159
5396,28,0,0,11,4,-4.33,0.05,1,0,159
5397,187,4,4,77,23,13.83,0.05,1,0,159
5398,6,0,0,2,1,-5.06,0.05,1,0,159
5399,43,1,1,20,6,-1.43,0.05,1,0,159
5400,13,0,0,6,2,-4.93,0.05,1,0,159
5401,247,7,7,102,32,14.88,0.05,1,0,159
5402,35,2,2,17,5,-1.1,0.05,1,0,159
5403,78,2,2,34,10,3.17,0.05,1,0,159
5404,20,0,0,10,3,-3.9,0.05,1,0,159
5405,29,0,0,13,4,-3.29,0.05,1,0,159
5406,13,0,0,8,2,-4.38,0.05,1,0,159
5407,27,0,0,9,4,-5.17,0.05,1,0,159
5408,190,5,5,81,24,10.65,0.05,1,0,159
5409,340,9,9,114,40,18.85,0.05,1,0,159
5410,21,0,0,8,3,-5.11,0.05,1,0,159
5411,104,1,1,51,14,4.16,0.05,1,0,159
5412,86,4,4,38,11,5.99,0.05,1,0,159
5413,73,0,0,32,10,-2.18,0.05,1,0,159
5414,60,1,1,30,8,2.05,0.05,1,0,159
5415,29,0,0,12,4,-4.39,0.05,1,0,159
5416,124,3,3,51,16,4.51,0.05,1,0,159
5417,191,3,3,76,22,12.69,0.05,1,0,159
5418,160,3,3,76,21,9.0,0.05,1,0,159
5419,14,0,0,5,2,-4.39,0.05,1,0,159
5420,103,4,4,43,13,8.02,0.05,1,0,159
5421,90,2,2,35,12,3.4,0.05,1,0,159
5422,67,1,1,31,9,0.33,0.05,1,0,159
5423,13,0,0,9,2,-3.53,0.05,1,0,159
5424,42,0,0,16,6,-4.37,0.05,1,0,159
5425,42,0,0,22,6,-2.22,0.05,1,0,159
5426,156,3,3,70,20,10.14,0.05,1,0,159
5427,98,5,5,38,12,5.07,0.05,1,0,159
5428,14,0,0,6,2,-4.89,0.05,1,0,159
5429,14,0,0,5,2,-4.29,0.05,1,0,159
5430,177,4,4,73,21,11.38,0.05,1,0,159
5431,271,6,6,107,33,14.29,0.05,1,0,159
5432,27,0,0,10,4,-4.82,0.05,1,0,159
5433,63,2,2,26,8,1.77,0.05,1,0,159
5434,137,4,4,60,18,9.13,0.05,1,0,159
5435,47,1,1,22,6,-0.27,0.05,1,0,159
5436,45,0,0,19,6,-2.6,0.05,1,0,159
5437,375,8,9,116,44,20.35,0.05,0,1,159
5438,178,1,1,79,22,13.17,0.05,1,0,159
5439,199,3,3,85,25,14.21,0.05,1,0,159
5440,22,0,0,10,3,-2.92,0.05,1,0,159
5441,321,8,8,112,37,20.64,0.05,1,0,159
5442,84,2,2,34,11,1.96,0.05,1,0,159
5443,70,4,4,30,9,2.2,0.05,1,0,159
5444,262,6,6,101,32,15.48,0.05,1,0,159
5445,20,0,0,8,3,-4.6,0.05,1,0,159
5446,7,0,0,2,1,-5.47,0.05,1,0,159
5447,99,2,2,39,12,1.66,0.05,1,0,159
5448,122,5,5,62,16,12.68,0.05,1,0,159
5449,173,4,4,64,21,5.97,0.05,1,0,159
5450,86,0,0,36,11,2.44,0.05,1,0,159
5451,215,6,6,90,27,11.9,0.05,1,0,159
5452,67,2,2,32,9,2.13,0.05,1,0,159
5453,13,0,0,7,2,-4.18,0.05,1,0,159
5454,14,0,0,6,2,-5.44,0.05,1,0,159
5455,6,0,0,3,1,-4.76,0.05,1,0,159
5456,7,0,0,5,1,-4.12,0.05,1,0,159
5457,20,0,0,9,3,-4.7,0.05,1,0,159
5458,74,3,3,40,10,4.56,0.05,1,0,159
5459,241,4,4,95,29,18.19,0.05,1,0,159
5460,72,2,2,31,9,1.83,0.05,1,0,159
5461,147,4,4,70,19,11.83,0.05,1,0,159
5462,20,0,0,8,3,-4.9,0.05,1,0,159
5463,28,1,1,9,4,-3.73,0.05,1,0,159
5464,355,8,9,119,39,30.7,0.05,0,1,159
5465,284,8,8,104,33,22.66,0.05,1,0,159
5466,37,0,0,16,5,-3.02,0.05,1,0,159
5467,13,0,0,6,2,-4.53,0.05,1,0,159
5468,24,0,0,12,3,-2.19,0.05,1,0,159
5469,32,1,1,16,4,-1.47,0.05,1,0,159
5470,6,0,0,2,1,-5.06,0.05,1,0,159
5471,168,2,2,67,21,4.82,0.05,1,0,159
5472,125,2,2,47,16,3.5,0.05,1,0,159
5473,7,0,0,5,1,-4.12,0.05,1,0,159
5474,27,0,0,8,4,-6.47,0.05,1,0,159
5475,43,0,0,18,6,-1.98,0.05,1,0,159
5476,376,9,9,125,43,27.74,0.05,0,1,159
5477,89,0,0,45,12,0.46,0.05,1,0,159
5478,95,3,3,44,12,4.85,0.05,1,0,159
5479,28,0,0,11,4,-3.78,0.05,1,0,159
5480,13,0,0,5,2,-5.23,0.05,1,0,159
5481,132,1,1,65,18,8.03,0.05,1,0,159
5482,238,4,4,94,29,16.37,0.05,1,0,159
5483,47,1,1,17,6,-2.72,0.05,1,0,159
5484,20,0,0,7,3,-5.4,0.05,1,0,159
5485,29,1,1,14,4,-2.34,0.05,1,0,159
5486,48,0,0,20,7,-3.53,0.05,1,0,159
5487,7,0,0,4,1,-4.47,0.05,1,0,159
5488,22,0,0,8,3,-4.57,0.05,1,0,159
5489,42,1,1,18,6,-1.82,0.05,1,0,159
5490,13,0,0,5,2,-5.78,0.05,1,0,159
5491,66,2,2,32,9,2.39,0.05,1,0,159
5492,71,1,1,31,9,2.54,0.05,1,0,159
5493,135,4,4,55,16,8.9,0.05,1,0,159
5494,6,0,0,2,1,-5.06,0.05,1,0,159
5495,28,0,0,11,4,-5.23,0.05,1,0,159
5496,212,6,6,95,27,15.73,0.05,1,0,159
5497,196,6,6,70,23,10.44,0.05,1,0,159
5498,54,3,3,18,7,-0.79,0.05,1,0,159
5499,268,6,6,100,32,15.92,0.05,1,0,159
5500,55,0,0,23,8,-2.8,0.05,1,0,159
5501,251,4,4,108,31,20.59,0.05,1,0,159
5502,20,1,1,8,3,-4.85,0.05,1,0,159
5503,168,2,2,83,22,14.37,0.05,1,0,159
5504,20,0,0,8,3,-5.0,0.05,1,0,159
5505,39,1,1,17,5,-2.54,0.05,1,0,159
5506,6,0,0,3,1,-4.76,0.05,1,0,159
5507,13,0,0,9,2,-3.63,0.05,1,0,159
5508,277,7,7,106,34,18.83,0.05,1,0,159
5509,6,0,0,2,1,-5.06,0.05,1,0,159
5510,49,0,0,21,7,-1.99,0.05,1,0,159
5511,13,0,0,5,2,-5.33,0.05,1,0,159
5512,157,0,0,65,19,7.28,0.05,1,0,159
5513,5,0,0,4,1,-4.0,0.05,1,0,159
5514,43,0,0,20,6,-2.28,0.05,1,0,159
5515,22,1,1,12,3,-2.32,0.05,1,0,159
5516,6,0,0,2,1,-5.06,0.05,1,0,159
5517,68,3,3,25,8,1.32,0.05,1,0,159
5518,14,0,0,7,2,-3.54,0.05,1,0,159
5519,51,0,0,22,7,-3.76,0.05,1,0,159
5520,64,0,0,31,9,-1.34,0.05,1,0,159
5521,137,3,3,66,17,10.28,0.05,1,0,159
5522,8,0,0,6,1,-4.28,0.05,1,0,159
5523,7,0,0,3,1,-4.27,0.05,1,0,159
5524,28,0,0,12,4,-2.93,0.05,1,0,159
5525,49,0,0,23,7,-1.44,0.05,1,0,159
5526,20,0,0,8,3,-4.4,0.05,1,0,159
5527,105,1,1,44,13,4.2,0.05,1,0,159
5528,22,0,0,13,3,-2.42,0.05,1,0,159
5529,375,9,9,115,42,19.6,0.05,0,1,159
5530,109,1,1,45,13,6.21,0.05,1,0,159
5531,76,0,0,34,10,0.34,0.05,1,0,159
5532,6,0,0,3,1,-4.76,0.05,1,0,159
5533,30,0,0,13,4,-3.75,0.05,1,0,159
5534,197,4,4,79,24,11.23,0.05,1,0,159
5535,20,0,0,9,3,-3.75,0.05,1,0,159
5536,13,0,0,6,2,-5.38,0.05,1,0,159
5537,60,1,1,29,8,1.3,0.05,1,0,159
5538,28,0,0,11,4,-4.18,0.05,1,0,159
5539,164,2,2,68,22,3.16,0.05,1,0,159
5540,28,1,1,10,4,-3.53,0.05,1,0,159
5541,62,1,1,29,8,1.18,0.05,1,0,159
5542,113,3,3,46,14,4.87,0.05,1,0,159
5543,15,0,0,9,2,-4.05,0.05,1,0,159
5544,22,0,0,9,3,-3.77,0.05,1,0,159
5545,51,0,0,22,7,-2.36,0.05,1,0,159
5546,268,7,7,105,32,18.87,0.05,1,0,159
5547,49,1,1,23,7,-0.89,0.05,1,0,159
5548,13,0,0,8,2,-3.38,0.05,1,0,159
5549,106,2,2,49,13,3.74,0.05,1,0,159
5550,29,0,0,18,4,-1.09,0.05,1,0,159
5551,20,1,1,5,3,-4.35,0.05,1,0,159
5552,168,4,4,76,21,12.22,0.05,1,0,159
5553,25,0,0,10,3,-4.3,0.05,1,0,159
5554,15,0,0,8,2,-3.45,0.05,1,0,159
5555,21,1,1,14,3,-1.61,0.05,1,0,159
5556,110,3,3,49,14,7.05,0.05,1,0,159
5557,400,8,8,74,24,15.15,0.05,0,1,159
5558,13,0,0,6,2,-4.08,0.05,1,0,159
5559,244,1,1,29,9,-1.59,0.05,1,0,159
5560,13,0,0,8,2,-3.83,0.05,1,0,159
5561,279,2,2,22,8,-3.44,0.05,1,0,159
5562,13,0,0,6,2,-4.53,0.05,1,0,159
5563,400,1,1,61,20,8.75,0.05,0,1,159
5564,217,4,4,90,26,14.48,0.05,1,0,159
5565,100,3,3,43,13,3.95,0.05,1,0,159
5566,49,0,0,25,7,-3.34,0.05,1,0,159
5567,54,3,3,18,7,-2.09,0.05,1,0,159
5568,38,0,0,15,5,-3.73,0.05,1,0,159
5569,344,4,4,85,28,13.11,0.05,1,0,159
5570,64,1,1,30,8,2.56,0.05,1,0,159
5571,27,0,0,10,4,-5.62,0.05,1,0,159
5572,72,1,1,23,9,-3.52,0.05,1,0,159
5573,85,1,1,36,11,2.45,0.05,1,0,159
5574,16,0,0,4,2,-5.16,0.05,1,0,159
5575,141,3,3,60,17,7.49,0.05,1,0,159
5576,58,0,0,27,8,-1.58,0.05,1,0,159
5577,400,4,4,47,13,7.65,0.05,0,1,159
5578,6,0,0,3,1,-4.31,0.05,1,0,159
5579,108,2,2,43,13,3.42,0.05,1,0,159
5580,13,0,0,5,2,-5.33,0.05,1,0,159
5581,28,0,0,12,4,-5.23,0.05,1,0,159
5582,163,3,3,77,21,9.62,0.05,1,0,159
5583,13,0,0,7,2,-3.68,0.05,1,0,159
5584,70,1,1,34,9,1.65,0.05,1,0,159
5585,266,4,4,77,24,10.74,0.05,1,0,159
5586,158,3,3,61,19,5.27,0.05,1,0,159
5587,63,2,2,28,8,1.92,0.05,1,0,159
5588,400,7,7,113,33,23.6,0.05,0,1,159
5589,198,1,1,39,12,0.52,0.05,1,0,159
5590,29,1,1,13,4,-2.94,0.05,1,0,159
5591,138,2,2,48,17,-0.08,0.05,1,0,159
5592,13,0,0,9,2,-3.58,0.05,1,0,159
5593,20,1,1,8,3,-3.6,0.05,1,0,159
5594,160,1,1,47,16,-0.5,0.05,1,0,159
5595,400,4,4,77,22,16.0,0.05,0,1,159
5596,236,3,3,74,23,8.54,0.05,1,0,159
5597,98,1,1,32,12,-1.28,0.05,1,0,159
5598,20,0,0,6,3,-5.1,0.05,1,0,159
5599,6,0,0,3,1,-4.66,0.05,1,0,159
5600,263,5,5,95,32,9.12,0.05,1,0,159
5601,21,0,0,8,3,-5.06,0.05,1,0,159
5602,54,0,0,25,7,-0.44,0.05,1,0,159
5603,43,0,0,18,6,-2.33,0.05,1,0,159
5604,367,6,6,110,38,14.13,0.05,1,0,159
5605,110,1,1,49,14,4.65,0.05,1,0,159
5606,69,2,2,30,9,2.06,0.05,1,0,159
5607,68,1,1,22,9,-2.58,0.05,1,0,159
5608,105,1,1,53,13,5.4,0.05,1,0,159
5609,20,0,0,12,3,-3.25,0.05,1,0,159
5610,142,3,3,69,18,11.73,0.05,1,0,159
5611,27,1,1,11,4,-3.52,0.05,1,0,159
5612,37,1,1,17,5,-0.52,0.05,1,0,159
5613,79,1,1,36,10,1.31,0.05,1,0,159
5614,20,0,0,7,3,-5.3,0.05,1,0,159
5615,21,1,1,10,3,-2.36,0.05,1,0,159
5616,20,0,0,8,3,-5.45,0.05,1,0,159
5617,6,0,0,3,1,-4.76,0.05,1,0,159
5618,13,0,0,4,2,-5.18,0.05,1,0,159
5619,109,2,2,53,14,5.96,0.05,1,0,159
5620,20,0,0,9,3,-4.25,0.05,1,0,159
5621,335,9,9,119,38,27.6,0.05,0,1,159
5622,28,0,0,14,4,-2.28,0.05,1,0,159
5623,91,1,1,45,12,4.59,0.05,1,0,159
5624,337,8,9,120,39,25.13,0.05,0,1,159
5625,251,4,4,97,30,17.34,0.05,1,0,159
5626,335,7,7,124,40,19.55,0.05,1,0,159
5627,86,1,1,34,11,-0.51,0.05,1,0,159
5628,13,0,0,7,2,-3.68,0.05,1,0,159
5629,38,0,0,18,5,-2.18,0.05,1,0,159
5630,224,6,6,83,28,7.66,0.05,1,0,159
5631,147,4,4,63,18,9.08,0.05,1,0,159
5632,87,0,0,48,12,3.28,0.05,1,0,159
5633,50,0,0,23,7,-3.1,0.05,1,0,159
5634,96,1,1,40,12,1.94,0.05,1,0,159
5635,28,0,0,11,4,-4.78,0.05,1,0,159
5636,113,1,1,52,15,3.52,0.05,1,0,159
5637,232,7,7,89,28,15.43,0.05,1,0,159
5638,62,2,2,32,8,3.68,0.05,1,0,159
5639,38,0,0,16,5,-2.33,0.05,1,0,159
5640,62,0,0,24,8,-1.22,0.05,1,0,159
5641,196,3,3,90,26,11.79,0.05,1,0,159
5642,71,2,2,32,9,2.24,0.05,1,0,159
5643,124,2,2,56,16,6.26,0.05,1,0,159
5644,29,0,0,12,4,-4.04,0.05,1,0,159
5645,98,4,4,44,12,7.27,0.05,1,0,159
5646,121,1,1,48,15,2.34,0.05,1,0,159
5647,76,2,2,35,10,3.14,0.05,1,0,159
5648,118,3,3,57,16,7.32,0.05,1,0,159
5649,51,0,0,27,7,-1.16,0.05,1,0,159
5650,22,1,1,12,3,-2.82,0.05,1,0,159
5651,95,2,2,43,12,4.6,0.05,1,0,159
5652,91,1,1,39,12,1.24,0.05,1,0,159
5653,351,9,9,117,41,25.34,0.05,0,1,160
5654,38,1,1,21,5,0.52,0.05,1,0,160
5655,357,9,9,126,41,29.23,0.05,0,1,160
5656,81,2,2,49,11,7.49,0.05,1,0,160
5657,13,0,0,6,2,-4.08,0.05,1,0,160
5658,125,3,3,55,16,6.0,0.05,1,0,160
5659,13,0,0,4,2,-5.53,0.05,1,0,160
5660,7,0,0,4,1,-4.42,0.05,1,0,160
5661,35,0,0,13,5,-4.35,0.05,1,0,160
5662,368,9,9,121,42,29.07,0.05,0,1,160
5663,241,8,8,102,31,17.69,0.05,1,0,160
5664,112,0,0,58,15,6.43,0.05,1,0,160
5665,186,4,4,75,22,12.59,0.05,1,0,160
5666,226,4,4,102,29,15.74,0.05,1,0,160
5667,20,0,0,7,3,-4.9,0.05,1,0,160
5668,130,1,1,49,17,1.15,0.05,1,0,160
5669,20,0,0,6,3,-5.65,0.05,1,0,160
5670,216,3,3,96,28,16.69,0.05,1,0,160
5671,22,1,1,14,3,-1.17,0.05,1,0,160
5672,152,5,5,73,20,8.38,0.05,1,0,160
5673,21,0,0,8,3,-4.06,0.05,1,0,160
5674,104,3,3,46,13,7.36,0.05,1,0,160
5675,198,5,5,79,25,11.22,0.05,1,0,160
5676,192,4,4,91,25,14.33,0.05,1,0,160
5677,35,1,1,15,5,-3.6,0.05,1,0,160
5678,85,1,1,36,11,1.55,0.05,1,0,160
5679,28,0,0,17,4,-2.28,0.05,1,0,160
5680,218,6,6,88,27,18.37,0.05,1,0,160
5681,22,0,0,10,3,-3.52,0.05,1,0,160
5682,62,1,1,26,8,-0.67,0.05,1,0,160
5683,138,2,2,54,18,3.72,0.05,1,0,160
5684,83,0,0,33,11,-0.63,0.05,1,0,160
5685,13,0,0,5,2,-5.33,0.05,1,0,160
5686,69,0,0,29,9,0.06,0.05,1,0,160
5687,154,2,2,74,20,12.86,0.05,1,0,160
5688,73,0,0,26,10,-1.23,0.05,1,0,160
5689,58,2,2,25,8,1.02,0.05,1,0,160
5690,178,5,5,75,23,9.47,0.05,1,0,160
5691,163,3,3,70,20,8.22,0.05,1,0,160
5692,21,0,0,12,3,-2.26,0.05,1,0,160
5693,71,2,2,25,9,0.99,0.05,1,0,160
5694,7,0,0,3,1,-4.27,0.05,1,0,160
5695,58,0,0,25,8,-1.48,0.05,1,0,160
5696,397,9,9,129,47,29.13,0.05,0,1,160
5697,167,3,3,82,22,11.73,0.05,1,0,160
5698,233,6,6,90,29,13.17,0.05,1,0,160
5699,211,4,4,101,27,18.64,0.05,1,0,160
5700,340,9,9,118,38,33.35,0.05,0,1,160
5701,153,2,2,68,19,9.12,0.05,1,0,160
5702,14,0,0,6,2,-4.04,0.05,1,0,160
5703,93,1,1,42,12,4.92,0.05,1,0,160
5704,23,1,1,12,3,-1.53,0.05,1,0,160
5705,28,1,1,12,4,-2.43,0.05,1,0,160
5706,29,1,1,16,4,-1.59,0.05,1,0,160
5707,245,2,2,90,31,6.55,0.05,1,0,160
5708,235,3,3,93,29,15.35,0.05,1,0,160
5709,55,0,0,24,7,-0.8,0.05,1,0,160
5710,32,0,0,16,4,-1.77,0.05,1,0,160
5711,168,2,2,65,21,7.27,0.05,1,0,160
5712,87,1,1,38,11,0.78,0.05,1,0,160
5713,170,1,1,82,22,10.45,0.05,1,0,160
5714,14,0,0,6,2,-4.04,0.05,1,0,160
5715,234,6,6,92,29,15.11,0.05,1,0,160
5716,7,0,0,5,1,-4.12,0.05,1,0,160
5717,380,9,9,117,46,22.6,0.05,0,1,160
5718,93,1,1,36,12,1.22,0.05,1,0,160
5719,205,6,6,102,26,20.95,0.05,1,0,160
5720,6,0,0,3,1,-4.76,0.05,1,0,160
5721,364,9,9,120,41,31.81,0.05,0,1,160
5722,71,2,2,37,9,4.59,0.05,1,0,160
5723,48,1,1,19,7,-3.18,0.05,1,0,160
5724,21,0,0,10,3,-4.41,0.05,1,0,160
5725,241,3,3,100,30,16.49,0.05,1,0,160
5726,5,0,0,3,1,-4.3,0.05,1,0,160
5727,29,0,0,12,4,-2.94,0.05,1,0,160
5728,38,1,1,19,5,-0.58,0.05,1,0,160
5729,13,0,0,5,2,-5.78,0.05,1,0,160
5730,335,9,9,120,39,27.45,0.05,0,1,160
5731,20,0,0,8,3,-4.5,0.05,1,0,160
5732,72,0,0,24,10,-5.72,0.05,1,0,160
5733,161,5,5,73,20,11.79,0.05,1,0,160
5734,20,0,0,9,3,-4.7,0.05,1,0,160
5735,61,2,2,35,8,4.94,0.05,1,0,160
5736,53,3,3,24,7,-0.08,0.05,1,0,160
5737,113,1,1,46,14,3.87,0.05,1,0,160
5738,76,2,2,29,10,-0.06,0.05,1,0,160
5739,150,3,3,55,18,5.1,0.05,1,0,160
5740,20,0,0,8,3,-5.05,0.05,1,0,160
5741,40,0,0,16,5,-1.95,0.05,1,0,160
5742,34,0,0,10,5,-6.64,0.05,1,0,160
5743,20,0,0,10,3,-3.9,0.05,1,0,160
5744,84,2,2,40,11,5.31,0.05,1,0,160
5745,7,0,0,5,1,-4.17,0.05,1,0,160
5746,115,3,3,54,15,5.25,0.05,1,0,160
5747,304,9,9,116,38,21.31,0.05,1,0,160
5748,7,0,0,4,1,-4.47,0.05,1,0,160
5749,88,0,0,36,12,-5.03,0.05,1,0,160
5750,6,0,0,3,1,-4.76,0.05,1,0,160
5751,130,4,4,60,17,7.6,0.05,1,0,160
5752,88,1,1,34,11,1.72,0.05,1,0,160
5753,193,3,3,74,24,5.07,0.05,1,0,160
5754,104,2,2,44,14,1.06,0.05,1,0,160
5755,13,0,0,6,2,-5.03,0.05,1,0,160
5756,20,0,0,8,3,-4.6,0.05,1,0,160
5757,14,0,0,7,2,-3.59,0.05,1,0,160
5758,94,0,0,42,12,2.01,0.05,1,0,160
5759,333,7,7,113,40,17.97,0.05,1,0,160
5760,49,0,0,20,7,-2.59,0.05,1,0,160
5761,141,0,0,60,18,3.29,0.05,1,0,160
5762,73,3,3,27,9,0.47,0.05,1,0,160
5763,56,3,3,25,7,2.39,0.05,1,0,160
5764,6,0,0,2,1,-5.06,0.05,1,0,160
5765,36,1,1,15,5,-1.86,0.05,1,0,160
5766,41,0,0,18,6,-3.86,0.05,1,0,160
5767,239,5,5,102,30,15.36,0.05,1,0,160
5768,27,0,0,10,4,-5.02,0.05,1,0,160
5769,183,3,3,70,23,10.12,0.05,1,0,160
5770,79,2,2,36,10,4.81,0.05,1,0,160
5771,22,0,0,10,3,-3.27,0.05,1,0,160
5772,6,0,0,3,1,-4.76,0.05,1,0,160
5773,51,2,2,24,7,0.54,0.05,1,0,160
5774,27,0,0,16,4,-2.52,0.05,1,0,160
5775,63,1,1,30,8,3.22,0.05,1,0,160
5776,150,5,5,76,20,13.6,0.05,1,0,160
5777,204,4,4,88,27,9.06,0.05,1,0,160
5778,46,1,1,24,6,0.64,0.05,1,0,160
5779,63,2,2,20,8,-1.43,0.05,1,0,160
5780,5,0,0,3,1,-4.3,0.05,1,0,160
5781,78,1,1,35,10,2.07,0.05,1,0,160
5782,218,4,4,89,27,11.77,0.05,1,0,160
5783,107,2,2,54,14,6.08,0.05,1,0,160
5784,259,4,4,94,31,14.76,0.05,1,0,160
5785,21,1,1,11,3,-2.06,0.05,1,0,160
5786,28,0,0,15,4,-2.58,0.05,1,0,160
5787,326,8,9,122,38,28.99,0.05,0,1,160
5788,158,2,2,67,22,2.42,0.05,1,0,160
5789,77,3,3,37,10,4.93,0.05,1,0,160
5790,112,2,2,48,15,3.68,0.05,1,0,160
5791,13,0,0,6,2,-4.48,0.05,1,0,160
5792,124,1,1,62,17,6.56,0.05,1,0,160
5793,251,5,5,95,32,14.69,0.05,1,0,160
5794,92,2,2,41,12,4.93,0.05,1,0,160
5795,90,2,2,46,12,5.55,0.05,1,0,160
5796,82,1,1,40,11,1.23,0.05,1,0,160
5797,20,1,1,8,3,-4.0,0.05,1,0,160
5798,32,1,1,13,4,-2.22,0.05,1,0,160
5799,35,0,0,16,5,-3.0,0.05,1,0,160
5800,203,4,4,86,24,17.47,0.05,1,0,160
5801,20,0,0,7,3,-5.7,0.05,1,0,160
5802,394,8,9,134,44,30.66,0.05,0,1,160
5803,6,0,0,3,1,-4.76,0.05,1,0,160
5804,150,2,2,64,19,9.3,0.05,1,0,160
5805,256,7,7,96,30,17.19,0.05,1,0,160
5806,13,0,0,5,2,-5.23,0.05,1,0,160
5807,287,4,4,110,35,18.88,0.05,1,0,160
5808,313,8,8,100,38,14.82,0.05,1,0,160
5809,342,9,9,125,40,32.88,0.05,0,1,160
5810,281,6,6,112,34,17.89,0.05,1,0,160
5811,98,2,2,39,12,1.07,0.05,1,0,160
5812,51,0,0,17,6,-2.91,0.05,1,0,160
5813,92,1,1,43,12,2.58,0.05,1,0,160
5814,139,4,4,63,17,10.41,0.05,1,0,160
5815,28,1,1,15,4,-1.73,0.05,1,0,160
5816,28,0,0,15,4,-3.33,0.05,1,0,160
5817,20,1,1,10,3,-3.4,0.05,1,0,160
5818,201,3,3,88,25,13.44,0.05,1,0,160
5819,105,1,1,41,13,2.95,0.05,1,0,160
5820,242,6,6,108,30,19.93,0.05,1,0,160
5821,153,4,4,64,19,10.97,0.05,1,0,160
5822,21,0,0,11,3,-3.71,0.05,1,0,160
5823,7,0,0,2,1,-5.47,0.05,1,0,160
5824,27,0,0,12,4,-4.42,0.05,1,0,160
5825,55,2,2,23,7,-0.35,0.05,1,0,160
5826,148,3,3,62,20,3.72,0.05,1,0,160
5827,21,0,0,9,3,-4.11,0.05,1,0,160
5828,120,3,3,63,16,8.65,0.05,1,0,160
5829,137,1,1,62,19,0.33,0.05,1,0,160
5830,43,1,1,27,6,1.47,0.05,1,0,160
5831,99,2,2,39,12,4.16,0.05,1,0,160
5832,20,1,1,8,3,-3.35,0.05,1,0,160
5833,222,5,5,103,29,17.33,0.05,1,0,160
5834,6,0,0,2,1,-5.06,0.05,1,0,160
5835,61,3,3,25,8,0.59,0.05,1,0,160
5836,49,0,0,20,7,-4.24,0.05,1,0,160
5837,44,0,0,22,6,-1.64,0.05,1,0,160
5838,199,2,2,75,24,8.16,0.05,1,0,160
5839,21,0,0,9,3,-4.71,0.05,1,0,160
5840,6,0,0,3,1,-4.76,0.05,1,0,160
5841,307,8,8,115,37,15.33,0.05,1,0,160
5842,154,3,3,64,20,7.21,0.05,1,0,160
5843,129,0,0,50,16,-0.74,0.05,1,0,160
5844,47,0,0,20,6,-0.22,0.05,1,0,160
5845,21,0,0,5,3,-5.46,0.05,1,0,160
5846,49,0,0,20,7,-2.54,0.05,1,0,160
5847,13,0,0,8,2,-3.83,0.05,1,0,160
5848,7,0,0,2,1,-5.02,0.05,1,0,160
5849,21,0,0,7,3,-5.41,0.05,1,0,160
5850,106,1,1,56,14,4.94,0.05,1,0,160
5851,184,4,4,70,23,5.81,0.05,1,0,160
5852,13,0,0,6,2,-4.03,0.05,1,0,160
5853,37,0,0,15,5,-2.92,0.05,1,0,160
5854,71,0,0,31,10,-1.56,0.05,1,0,160
5855,13,0,0,6,2,-4.88,0.05,1,0,160
5856,100,2,2,42,14,-0.7,0.05,1,0,160
5857,13,0,0,5,2,-4.83,0.05,1,0,160
5858,112,4,4,47,14,8.98,0.05,1,0,160
5859,27,0,0,11,4,-4.07,0.05,1,0,160
5860,161,3,3,71,20,9.04,0.05,1,0,160
5861,80,2,2,42,11,2.9,0.05,1,0,160
5862,82,2,2,44,11,5.88,0.05,1,0,160
5863,380,9,9,122,44,24.4,0.05,0,1,160
5864,43,1,1,20,6,-1.98,0.05,1,0,160
5865,120,2,2,55,15,6.5,0.05,1,0,160
5866,120,2,2,48,16,3.6,0.05,1,0,160
5867,13,0,0,4,2,-5.18,0.05,1,0,160
5868,146,3,3,65,19,7.44,0.05,1,0,160
5869,42,2,2,20,6,-1.02,0.05,1,0,160
5870,45,2,2,20,6,-0.55,0.05,1,0,160
5871,13,0,0,6,2,-4.93,0.05,1,0,160
5872,37,0,0,20,5,-0.52,0.05,1,0,160
5873,5,0,0,3,1,-4.3,0.05,1,0,160
5874,118,3,3,52,15,7.42,0.05,1,0,160
5875,6,0,0,1,1,-5.36,0.05,1,0,160
5876,27,0,0,10,4,-5.12,0.05,1,0,160
5877,67,0,0,29,9,0.43,0.05,1,0,160
5878,13,0,0,6,2,-4.78,0.05,1,0,160
5879,31,0,0,12,4,-4.96,0.05,1,0,160
5880,49,0,0,22,7,-1.34,0.05,1,0,160
5881,117,1,1,49,15,3.23,0.05,1,0,160
5882,113,1,1,55,15,3.62,0.05,1,0,160
5883,58,1,1,24,7,0.27,0.05,1,0,160
5884,367,8,9,119,40,25.53,0.05,0,1,160
5885,70,1,1,31,9,-0.4,0.05,1,0,160
5886,52,1,1,26,7,-1.02,0.05,1,0,160
5887,70,1,1,28,9,-1.15,0.05,1,0,160
5888,14,0,0,8,2,-3.99,0.05,1,0,160
5889,223,6,6,82,27,12.52,0.05,1,0,160
5890,199,5,5,83,25,14.91,0.05,1,0,160
5891,120,1,1,61,16,6.8,0.05,1,0,160
5892,58,2,2,27,8,-0.18,0.05,1,0,160
5893,219,8,8,87,27,17.31,0.05,1,0,160
5894,183,6,6,76,23,11.02,0.05,1,0,160
5895,38,0,0,14,5,-3.53,0.05,1,0,160
5896,178,3,3,67,22,8.22,0.05,1,0,160
5897,88,2,2,39,12,2.72,0.05,1,0,160
5898,58,0,0,25,8,-2.48,0.05,1,0,160
5899,309,4,4,116,38,20.51,0.05,1,0,160
5900,179,3,3,75,23,8.91,0.05,1,0,160
5901,78,1,1,28,10,-0.78,0.05,1,0,160
5902,206,5,5,81,24,16.39,0.05,1,0,160
5903,7,0,0,4,1,-4.27,0.05,1,0,160
5904,97,1,1,49,13,4.48,0.05,1,0,160
5905,39,0,0,17,5,-2.64,0.05,1,0,160
5906,141,4,4,47,17,3.54,0.05,1,0,160
5907,40,1,1,21,5,1.25,0.05,1,0,160
5908,13,0,0,7,2,-4.23,0.05,1,0,160
5909,104,2,2,46,14,4.26,0.05,1,0,160
5910,205,5,5,82,24,12.5,0.05,1,0,160
5911,56,1,1,20,8,-4.11,0.05,1,0,160
5912,20,0,0,7,3,-5.2,0.05,1,0,160
5913,174,4,4,69,21,9.56,0.05,1,0,160
5914,164,5,5,73,20,15.91,0.05,1,0,160
5915,44,0,0,17,6,-2.89,0.05,1,0,160
5916,28,0,0,12,4,-4.53,0.05,1,0,160
5917,66,1,1,24,9,-1.51,0.05,1,0,160
5918,34,0,0,15,5,-3.79,0.05,1,0,160
5919,93,2,2,42,12,4.67,0.05,1,0,160
5920,133,2,2,61,17,5.12,0.05,1,0,160
5921,34,1,1,13,5,-3.44,0.05,1,0,160
5922,112,1,1,59,15,9.43,0.05,1,0,160
5923,84,2,2,36,11,-0.04,0.05,1,0,160
5924,6,0,0,3,1,-4.76,0.05,1,0,160
5925,61,4,4,28,8,3.24,0.05,1,0,160
5926,20,0,0,10,3,-3.6,0.05,1,0,160
5927,51,1,1,22,7,-1.16,0.05,1,0,160
5928,93,1,1,38,13,-1.23,0.05,1,0,160
5929,34,0,0,16,5,-3.29,0.05,1,0,160
5930,216,5,5,89,26,17.39,0.05,1,0,160
5931,108,3,3,57,14,9.57,0.05,1,0,160
5932,23,0,0,14,3,-1.68,0.05,1,0,160
5933,13,0,0,9,2,-3.63,0.05,1,0,160
5934,116,1,1,54,15,3.84,0.05,1,0,160
5935,28,1,1,15,4,-1.93,0.05,1,0,160
5936,60,2,2,32,8,1.35,0.05,1,0,160
5937,110,1,1,47,14,3.7,0.05,1,0,160
5938,206,6,6,79,24,12.39,0.05,1,0,160
5939,27,1,1,10,4,-3.92,0.05,1,0,160
5940,29,0,0,13,4,-3.09,0.05,1,0,160
5941,6,0,0,2,1,-5.06,0.05,1,0,160
5942,55,1,1,23,7,0.45,0.05,1,0,160
5943,21,0,0,9,3,-3.26,0.05,1,0,160
5944,65,0,0,31,9,0.0,0.05,1,0,160
5945,124,3,3,59,16,7.51,0.05,1,0,160
5946,13,0,0,3,2,-5.48,0.05,1,0,160
5947,28,0,0,15,4,-2.48,0.05,1,0,160
5948,82,1,1,34,11,0.68,0.05,1,0,160
5949,21,0,0,9,3,-4.26,0.05,1,0,160
5950,65,3,3,26,9,-0.55,0.05,1,0,160
5951,117,4,4,47,15,8.53,0.05,1,0,160
5952,229,5,5,107,28,22.31,0.05,1,0,160
5953,7,0,0,3,1,-4.27,0.05,1,0,160
5954,123,3,3,55,16,6.67,0.05,1,0,160
5955,7,0,0,3,1,-4.17,0.05,1,0,160
5956,110,2,2,46,15,3.75,0.05,1,0,160
5957,69,0,0,26,9,-1.54,0.05,1,0,160
5958,128,0,0,57,17,4.17,0.05,1,0,160
5959,51,0,0,24,6,0.29,0.05,1,0,160
5960,182,4,4,75,24,8.13,0.05,1,0,160
5961,200,4,4,80,25,12.55,0.05,1,0,160
5962,20,0,0,8,3,-5.05,0.05,1,0,160
5963,20,1,1,7,3,-3.8,0.05,1,0,160
5964,6,0,0,3,1,-4.76,0.05,1,0,160
5965,42,1,1,21,6,-0.97,0.05,1,0,160
5966,124,2,2,63,17,7.16,0.05,1,0,160
5967,21,0,0,12,3,-2.81,0.05,1,0,160
5968,76,0,0,28,10,-3.21,0.05,1,0,160
5969,64,1,1,28,9,0.21,0.05,1,0,160
5970,69,2,2,36,9,4.51,0.05,1,0,160
5971,108,3,3,50,14,6.92,0.05,1,0,160
5972,179,2,2,71,22,7.61,0.05,1,0,160
5973,91,0,0,39,12,1.79,0.05,1,0,160
5974,20,1,1,8,3,-3.45,0.05,1,0,160
5975,400,9,9,119,47,24.3,0.05,0,1,160
5976,13,0,0,6,2,-4.43,0.05,1,0,160
5977,353,6,6,128,42,23.07,0.05,1,0,160
5978,14,0,0,4,2,-5.14,0.05,1,0,160
5979,37,0,0,17,5,-2.12,0.05,1,0,160
5980,50,0,0,23,7,-1.1,0.05,1,0,160
5981,132,3,3,61,18,7.43,0.05,1,0,160
5982,13,0,0,5,2,-4.88,0.05,1,0,160
5983,38,0,0,18,5,-1.38,0.05,1,0,160
5984,192,6,6,77,24,9.68,0.05,1,0,160
5985,6,0,0,2,1,-5.51,0.05,1,0,160
5986,29,0,0,10,4,-4.19,0.05,1,0,160
5987,30,0,0,11,4,-5.3,0.05,1,0,160
5988,29,0,0,12,4,-3.94,0.05,1,0,160
5989,20,0,0,11,3,-3.2,0.05,1,0,160
5990,28,0,0,10,4,-5.93,0.05,1,0,160
5991,20,0,0,10,3,-4.75,0.05,1,0,160
5992,27,0,0,13,4,-3.77,0.05,1,0,160
5993,200,2,2,84,24,13.2,0.05,1,0,160
5994,77,2,2,40,10,4.68,0.05,1,0,160
5995,14,0,0,7,2,-4.24,0.05,1,0,160
5996,225,5,5,83,27,8.1,0.05,1,0,160
5997,28,0,0,13,4,-3.18,0.05,1,0,160
5998,116,3,3,63,15,9.39,0.05,1,0,160
5999,27,0,0,11,4,-5.27,0.05,1,0,160
6000,231,6,6,97,30,15.49,0.05,1,0,160
