episode,steps,score,coins,crates,bombs,reward,epsilon,killed_self,survived,states_visited
1,19,0,0,2,1,-7.39,0.9995,1,0,6
2,6,0,0,2,1,-6.46,0.999,1,0,11
3,15,0,0,2,1,-8.1,0.9986,1,0,14
4,15,0,0,2,1,-7.7,0.9981,1,0,21
5,8,0,0,2,1,-6.08,0.9976,1,0,26
6,6,0,0,3,1,-5.71,0.9971,1,0,28
7,7,0,0,2,1,-6.52,0.9967,1,0,33
8,9,0,0,2,1,-6.49,0.9962,1,0,38
9,8,0,0,2,1,-6.08,0.9957,1,0,42
10,8,0,0,1,1,-6.38,0.9952,1,0,42
11,5,0,0,4,1,-5.25,0.9948,1,0,44
12,5,0,0,3,1,-5.65,0.9943,1,0,44
13,10,0,0,3,1,-6.35,0.9938,1,0,49
14,13,0,0,4,1,-7.08,0.9933,1,0,50
15,6,0,0,3,1,-5.26,0.9929,1,0,54
16,14,0,0,3,2,-7.69,0.9924,1,0,56
17,8,0,0,4,1,-5.88,0.9919,1,0,62
18,12,0,0,2,1,-7.67,0.9915,1,0,63
19,5,0,0,2,1,-5.05,0.991,1,0,67
20,5,0,0,1,1,-5.75,0.9905,1,0,67
21,9,0,0,1,1,-6.44,0.99,1,0,70
22,14,0,0,2,1,-8.19,0.9896,1,0,71
23,6,0,0,2,1,-5.51,0.9891,1,0,72
24,28,0,0,2,2,-11.38,0.9886,1,0,73
25,9,0,0,3,1,-7.19,0.9881,1,0,74
26,11,0,0,2,1,-7.06,0.9877,1,0,79
27,28,0,0,4,3,-11.63,0.9872,1,0,87
28,8,0,0,3,1,-5.73,0.9867,1,0,92
29,15,0,0,2,1,-8.15,0.9862,1,0,93
30,6,0,0,1,1,-6.76,0.9858,1,0,94
31,15,0,0,3,1,-8.3,0.9853,1,0,94
32,11,0,0,2,1,-6.16,0.9848,1,0,94
33,6,0,0,2,1,-5.56,0.9843,1,0,95
34,17,0,0,1,1,-7.07,0.9839,1,0,97
35,15,0,0,4,1,-7.2,0.9834,1,0,98
36,10,0,0,3,1,-6.3,0.9829,1,0,98
37,9,0,0,3,1,-6.29,0.9824,1,0,98
38,5,0,0,1,1,-5.8,0.9819,1,0,102
39,23,0,0,3,1,-9.13,0.9815,1,0,103
40,8,0,0,1,1,-6.33,0.981,1,0,106
41,7,0,0,2,1,-5.02,0.9805,1,0,106
42,6,0,0,3,1,-6.16,0.98,1,0,106
43,9,0,0,3,1,-6.24,0.9796,1,0,106
44,12,0,0,3,1,-7.37,0.9791,1,0,106
45,5,0,0,2,1,-5.5,0.9786,1,0,106
46,9,0,0,3,1,-6.74,0.9781,1,0,106
47,6,0,0,4,1,-5.41,0.9777,1,0,108
48,9,0,0,2,1,-6.14,0.9772,1,0,108
49,6,0,0,3,1,-5.26,0.9767,1,0,108
50,7,0,0,3,1,-6.22,0.9762,1,0,109
51,5,0,0,4,1,-5.25,0.9758,1,0,109
52,12,0,0,5,1,-7.57,0.9753,1,0,111
53,16,0,0,2,1,-9.21,0.9748,1,0,111
54,23,0,0,2,1,-8.73,0.9744,1,0,112
55,20,0,0,3,1,-10.8,0.9739,1,0,112
56,5,0,0,3,1,-5.65,0.9734,1,0,112
57,6,0,0,4,1,-5.41,0.9729,1,0,112
58,6,0,0,3,1,-6.16,0.9725,1,0,112
59,7,0,0,2,1,-6.47,0.972,1,0,112
60,6,0,0,1,1,-6.26,0.9715,1,0,112
61,9,0,0,2,1,-7.04,0.971,1,0,112
62,5,0,0,2,1,-5.85,0.9706,1,0,112
63,7,0,0,1,1,-5.77,0.9701,1,0,112
64,10,0,0,3,1,-6.8,0.9696,1,0,113
65,12,0,0,2,1,-7.42,0.9691,1,0,113
66,8,0,0,3,1,-6.68,0.9687,1,0,113
67,11,0,0,1,1,-6.46,0.9682,1,0,113
68,5,0,0,4,1,-5.35,0.9677,1,0,113
69,6,0,0,2,1,-5.96,0.9672,1,0,115
70,8,0,0,2,1,-6.98,0.9667,1,0,115
71,9,0,0,3,1,-6.19,0.9663,1,0,115
72,11,0,0,3,1,-6.36,0.9658,1,0,115
73,6,0,0,4,1,-5.41,0.9653,1,0,115
74,9,0,0,2,1,-7.09,0.9648,1,0,115
75,8,0,0,3,1,-6.28,0.9644,1,0,115
76,12,0,0,3,1,-8.12,0.9639,1,0,116
77,5,0,0,3,1,-5.65,0.9634,1,0,116
78,7,0,0,1,1,-6.87,0.9629,1,0,117
79,17,0,0,6,2,-6.42,0.9625,1,0,117
80,6,0,0,3,1,-5.66,0.962,1,0,117
81,5,0,0,3,1,-5.65,0.9615,1,0,117
82,9,0,0,2,1,-7.04,0.961,1,0,117
83,5,0,0,2,1,-5.95,0.9606,1,0,117
84,5,0,0,4,1,-4.95,0.9601,1,0,117
85,12,0,0,3,1,-7.87,0.9596,1,0,117
86,5,0,0,2,1,-5.95,0.9591,1,0,118
87,13,0,0,3,1,-7.28,0.9587,1,0,119
88,10,0,0,2,1,-7.05,0.9582,1,0,119
89,11,0,0,2,1,-7.11,0.9577,1,0,119
90,5,0,0,2,1,-5.5,0.9573,1,0,119
91,18,0,0,5,2,-6.33,0.9568,1,0,122
92,7,0,0,4,1,-5.37,0.9563,1,0,122
93,11,0,0,3,1,-6.41,0.9558,1,0,122
94,6,0,0,4,1,-5.91,0.9554,1,0,122
95,5,0,0,3,1,-5.2,0.9549,1,0,122
96,11,0,0,1,1,-6.36,0.9544,1,0,122
97,7,0,0,3,1,-5.17,0.9539,1,0,122
98,8,0,0,3,1,-5.58,0.9535,1,0,122
99,8,0,0,2,1,-5.63,0.953,1,0,122
100,5,0,0,2,1,-5.5,0.9525,1,0,122
101,9,0,0,3,1,-5.84,0.952,1,0,122
102,19,0,0,4,1,-7.04,0.9516,1,0,122
103,6,0,0,4,1,-5.41,0.9511,1,0,122
104,5,0,0,1,1,-5.65,0.9506,1,0,125
105,10,0,0,3,1,-7.2,0.9501,1,0,125
106,10,0,0,3,1,-7.1,0.9496,1,0,125
107,6,0,0,3,1,-6.16,0.9492,1,0,125
108,6,0,0,2,1,-5.56,0.9487,1,0,125
109,5,0,0,4,1,-4.9,0.9482,1,0,125
110,19,1,1,4,2,-6.59,0.9477,1,0,126
111,10,0,0,3,1,-6.75,0.9473,1,0,126
112,7,0,0,3,1,-5.22,0.9468,1,0,126
113,7,0,0,4,1,-6.37,0.9463,1,0,126
114,11,0,0,1,1,-7.31,0.9458,1,0,126
115,6,0,0,3,1,-5.66,0.9454,1,0,126
116,8,0,0,3,1,-6.18,0.9449,1,0,126
117,16,0,0,2,1,-7.61,0.9444,1,0,127
118,6,0,0,4,1,-4.96,0.9439,1,0,127
119,6,0,0,3,1,-5.16,0.9435,1,0,127
120,8,0,0,2,1,-7.08,0.943,1,0,127
121,32,0,0,5,3,-9.92,0.9425,1,0,129
122,11,0,0,1,1,-6.81,0.9421,1,0,129
123,17,0,0,6,2,-5.62,0.9416,1,0,129
124,24,0,0,5,2,-8.19,0.9411,1,0,129
125,9,0,0,3,1,-6.34,0.9406,1,0,129
126,7,0,0,3,1,-5.32,0.9402,1,0,129
127,12,0,0,3,1,-7.42,0.9397,1,0,129
128,8,0,0,4,1,-6.88,0.9392,1,0,129
129,5,0,0,4,1,-5.4,0.9387,1,0,129
130,5,0,0,4,1,-5.85,0.9383,1,0,129
131,10,0,0,3,1,-6.3,0.9378,1,0,129
132,10,0,0,4,1,-7.35,0.9373,1,0,129
133,5,0,0,4,1,-5.35,0.9368,1,0,129
134,5,0,0,3,1,-4.7,0.9364,1,0,129
135,9,0,0,4,1,-6.49,0.9359,1,0,129
136,13,0,0,3,1,-7.18,0.9354,1,0,129
137,5,0,0,4,1,-4.9,0.9349,1,0,129
138,5,0,0,3,1,-6.15,0.9345,1,0,129
139,6,0,0,3,1,-6.16,0.934,1,0,129
140,24,0,0,5,2,-9.89,0.9335,1,0,131
141,5,0,0,3,1,-5.2,0.933,1,0,131
142,8,0,0,2,1,-7.48,0.9325,1,0,131
143,9,0,0,2,1,-5.59,0.9321,1,0,131
144,10,0,0,3,1,-6.2,0.9316,1,0,131
145,8,0,0,4,1,-4.53,0.9311,1,0,131
146,6,0,0,1,1,-4.91,0.9306,1,0,131
147,7,0,0,2,1,-6.02,0.9302,1,0,131
148,10,0,0,3,1,-5.25,0.9297,1,0,131
149,25,0,0,6,3,-8.2,0.9292,1,0,132
150,9,0,0,3,1,-6.24,0.9287,1,0,132
151,18,0,0,5,2,-7.38,0.9283,1,0,133
152,5,0,0,2,1,-5.5,0.9278,1,0,133
153,13,0,0,4,2,-6.53,0.9273,1,0,134
154,9,0,0,3,1,-5.24,0.9268,1,0,134
155,5,0,0,3,1,-4.8,0.9264,1,0,134
156,16,0,0,1,1,-9.11,0.9259,1,0,134
157,6,0,0,3,1,-5.71,0.9254,1,0,134
158,7,0,0,3,1,-6.22,0.925,1,0,134
159,7,0,0,3,1,-6.67,0.9245,1,0,134
160,32,0,0,2,1,-9.22,0.924,1,0,134
161,5,0,0,3,1,-6.05,0.9235,1,0,134
162,8,0,0,2,1,-6.48,0.9231,1,0,134
163,7,0,0,3,1,-5.72,0.9226,1,0,134
164,10,0,0,1,1,-7.3,0.9221,1,0,134
165,8,0,0,3,1,-5.28,0.9216,1,0,134
166,5,0,0,3,1,-5.65,0.9212,1,0,134
167,5,0,0,3,1,-5.2,0.9207,1,0,134
168,13,0,0,4,2,-6.08,0.9202,1,0,134
169,15,0,0,3,1,-8.3,0.9197,1,0,134
170,5,0,0,3,1,-5.65,0.9193,1,0,134
171,29,0,0,5,2,-10.29,0.9188,1,0,134
172,6,0,0,0,1,-6.61,0.9183,1,0,134
173,6,0,0,4,1,-5.86,0.9178,1,0,134
174,12,0,0,3,1,-7.32,0.9173,1,0,134
175,18,0,0,4,2,-8.18,0.9169,1,0,134
176,5,0,0,3,1,-5.7,0.9164,1,0,134
177,5,0,0,3,1,-5.2,0.9159,1,0,134
178,10,0,0,3,1,-7.75,0.9154,1,0,134
179,21,0,0,4,2,-9.21,0.915,1,0,134
180,5,0,0,3,1,-5.65,0.9145,1,0,134
181,5,0,0,4,1,-5.4,0.914,1,0,134
182,8,0,0,3,1,-5.28,0.9135,1,0,134
183,14,0,0,5,2,-6.24,0.9131,1,0,135
184,21,0,0,2,1,-8.36,0.9126,1,0,135
185,5,0,0,4,1,-4.9,0.9121,1,0,135
186,6,0,0,3,1,-5.31,0.9116,1,0,135
187,17,0,0,6,2,-6.97,0.9112,1,0,135
188,9,0,0,3,1,-5.74,0.9107,1,0,135
189,8,0,0,5,1,-5.13,0.9102,1,0,135
190,7,0,0,4,1,-5.27,0.9098,1,0,135
191,5,0,0,4,1,-5.4,0.9093,1,0,135
192,7,0,0,3,1,-5.27,0.9088,1,0,135
193,7,0,0,3,1,-5.77,0.9083,1,0,135
194,5,0,0,2,1,-5.55,0.9079,1,0,135
195,6,0,0,3,1,-5.76,0.9074,1,0,135
196,26,0,0,8,2,-7.66,0.9069,1,0,137
197,19,0,0,3,1,-9.44,0.9064,1,0,137
198,7,0,0,3,1,-5.32,0.906,1,0,137
199,5,0,0,3,1,-5.55,0.9055,1,0,137
200,7,0,0,2,1,-5.52,0.905,1,0,137
201,5,0,0,2,1,-6.45,0.9045,1,0,137
202,7,0,0,3,1,-6.22,0.9041,1,0,137
203,8,0,0,3,1,-5.38,0.9036,1,0,137
204,5,0,0,3,1,-5.65,0.9031,1,0,137
205,5,0,0,3,1,-5.2,0.9026,1,0,137
206,8,0,0,2,1,-6.03,0.9022,1,0,137
207,11,0,0,6,1,-4.71,0.9017,1,0,138
208,7,0,0,3,1,-5.82,0.9012,1,0,138
209,6,0,0,4,1,-5.86,0.9007,1,0,138
210,11,0,0,3,1,-5.66,0.9002,1,0,138
211,6,0,0,4,1,-5.86,0.8998,1,0,138
212,5,0,0,2,1,-5.5,0.8993,1,0,138
213,6,0,0,1,1,-6.26,0.8988,1,0,138
214,13,0,0,3,1,-6.88,0.8983,1,0,140
215,11,0,0,3,1,-7.36,0.8979,1,0,140
216,12,0,0,1,1,-7.92,0.8974,1,0,140
217,5,0,0,3,1,-4.75,0.8969,1,0,140
218,20,0,0,4,2,-9.7,0.8964,1,0,140
219,5,0,0,2,1,-5.95,0.896,1,0,140
220,24,0,0,5,2,-9.14,0.8955,1,0,140
221,6,0,0,2,1,-5.96,0.895,1,0,140
222,5,0,0,2,1,-5.05,0.8945,1,0,140
223,13,0,0,3,1,-7.38,0.8941,1,0,140
224,8,0,0,4,1,-5.53,0.8936,1,0,140
225,8,0,0,3,1,-6.28,0.8931,1,0,140
226,5,0,0,2,1,-5.95,0.8926,1,0,140
227,14,0,0,9,2,-5.89,0.8922,1,0,140
228,5,0,0,4,1,-5.25,0.8917,1,0,140
229,7,0,0,3,1,-6.57,0.8912,1,0,140
230,5,0,0,2,1,-5.95,0.8908,1,0,140
231,10,0,0,3,1,-7.25,0.8903,1,0,140
232,5,0,0,3,1,-5.1,0.8898,1,0,141
233,14,0,0,3,2,-7.84,0.8893,1,0,141
234,8,0,0,3,1,-5.78,0.8889,1,0,141
235,14,0,0,5,2,-7.69,0.8884,1,0,141
236,5,0,0,3,1,-5.55,0.8879,1,0,142
237,5,0,0,3,1,-5.15,0.8874,1,0,142
238,8,0,0,3,1,-5.33,0.887,1,0,142
239,5,0,0,2,1,-5.9,0.8865,1,0,142
240,12,0,0,2,1,-7.07,0.886,1,0,142
241,12,0,0,1,1,-7.02,0.8855,1,0,142
242,15,0,0,6,2,-6.9,0.8851,1,0,142
243,5,0,0,4,1,-5.35,0.8846,1,0,142
244,7,0,0,2,1,-5.57,0.8841,1,0,142
245,6,0,0,3,1,-6.16,0.8836,1,0,142
246,26,0,0,6,3,-9.26,0.8831,1,0,142
247,6,0,0,4,1,-5.86,0.8827,1,0,142
248,7,0,0,5,1,-4.12,0.8822,1,0,144
249,9,0,0,0,1,-8.59,0.8817,1,0,144
250,11,0,0,2,1,-6.61,0.8812,1,0,144
251,7,0,0,4,1,-5.02,0.8808,1,0,144
252,17,0,0,2,1,-8.77,0.8803,1,0,144
253,5,0,0,2,1,-5.5,0.8798,1,0,144
254,6,0,0,4,1,-5.41,0.8793,1,0,144
255,19,0,0,3,1,-9.14,0.8789,1,0,144
256,8,0,0,1,1,-6.43,0.8784,1,0,144
257,6,0,0,3,1,-5.71,0.8779,1,0,144
258,14,0,0,6,2,-5.89,0.8775,1,0,144
259,20,0,0,5,2,-9.4,0.877,1,0,144
260,6,0,0,3,1,-5.16,0.8765,1,0,144
261,8,0,0,5,1,-4.88,0.876,1,0,145
262,8,0,0,3,1,-5.58,0.8756,1,0,145
263,13,0,0,1,1,-8.98,0.8751,1,0,145
264,13,0,0,5,2,-6.63,0.8746,1,0,145
265,10,0,0,3,1,-5.25,0.8741,1,0,145
266,7,0,0,1,1,-7.27,0.8737,1,0,145
267,6,0,0,1,1,-5.86,0.8732,1,0,145
268,5,0,0,4,1,-4.9,0.8727,1,0,145
269,6,0,0,4,1,-5.41,0.8722,1,0,145
270,5,0,0,4,1,-5.35,0.8718,1,0,145
271,5,0,0,3,1,-5.65,0.8713,1,0,145
272,5,0,0,4,1,-4.9,0.8708,1,0,145
273,5,0,0,4,1,-5.35,0.8703,1,0,145
274,17,0,0,5,2,-7.22,0.8699,1,0,147
275,6,0,0,3,1,-5.66,0.8694,1,0,147
276,5,0,0,4,1,-5.4,0.8689,1,0,147
277,30,0,0,2,2,-13.35,0.8684,1,0,149
278,6,0,0,4,1,-5.91,0.8679,1,0,149
279,5,0,0,4,1,-4.45,0.8675,1,0,149
280,5,0,0,3,1,-5.55,0.867,1,0,149
281,35,0,0,4,3,-10.8,0.8665,1,0,149
282,11,0,0,1,1,-6.91,0.866,1,0,149
283,6,0,0,3,1,-5.31,0.8656,1,0,149
284,5,0,0,3,1,-5.65,0.8651,1,0,149
285,5,0,0,2,1,-5.35,0.8646,1,0,149
286,5,0,0,4,1,-5.75,0.8641,1,0,149
287,5,0,0,3,1,-5.2,0.8637,1,0,149
288,5,0,0,3,1,-5.2,0.8632,1,0,149
289,5,0,0,3,1,-6.05,0.8627,1,0,149
290,5,0,0,3,1,-5.2,0.8622,1,0,149
291,7,0,0,2,1,-5.62,0.8618,1,0,149
292,16,0,0,7,2,-6.06,0.8613,1,0,150
293,7,0,0,2,1,-5.57,0.8608,1,0,150
294,5,0,0,2,1,-5.4,0.8603,1,0,150
295,5,0,0,2,1,-5.95,0.8599,1,0,150
296,5,0,0,1,1,-4.9,0.8594,1,0,150
297,16,0,0,6,2,-6.96,0.8589,1,0,150
298,7,0,0,2,1,-6.02,0.8585,1,0,150
299,6,0,0,3,1,-5.71,0.858,1,0,150
300,11,0,0,3,1,-8.11,0.8575,1,0,150
301,11,0,0,2,1,-6.11,0.857,1,0,150
302,7,0,0,3,1,-6.22,0.8566,1,0,150
303,11,0,0,2,1,-6.11,0.8561,1,0,150
304,5,0,0,3,1,-4.75,0.8556,1,0,150
305,6,0,0,1,1,-5.76,0.8551,1,0,150
306,8,0,0,2,1,-5.08,0.8547,1,0,150
307,5,0,0,3,1,-5.65,0.8542,1,0,150
308,29,0,0,5,3,-9.84,0.8537,1,0,151
309,6,0,0,3,1,-6.21,0.8532,1,0,151
310,5,0,0,4,1,-4.9,0.8528,1,0,151
311,9,0,0,6,1,-4.24,0.8523,1,0,151
312,5,0,0,4,1,-4.35,0.8518,1,0,151
313,6,0,0,4,1,-5.41,0.8513,1,0,151
314,5,0,0,3,1,-5.55,0.8508,1,0,151
315,6,0,0,2,1,-5.91,0.8504,1,0,151
316,6,0,0,4,1,-4.46,0.8499,1,0,151
317,19,0,0,2,1,-8.79,0.8494,1,0,152
318,17,0,0,3,2,-8.37,0.8489,1,0,152
319,6,0,0,2,1,-6.46,0.8485,1,0,152
320,21,0,0,2,2,-11.26,0.848,1,0,152
321,6,0,0,2,1,-5.91,0.8475,1,0,152
322,5,0,0,3,1,-5.2,0.847,1,0,153
323,5,0,0,3,1,-4.75,0.8466,1,0,153
324,5,0,0,2,1,-5.95,0.8461,1,0,153
325,29,0,0,7,3,-8.74,0.8456,1,0,154
326,7,0,0,4,1,-6.27,0.8452,1,0,154
327,7,0,0,3,1,-5.22,0.8447,1,0,154
328,5,0,0,3,1,-5.65,0.8442,1,0,154
329,5,0,0,3,1,-5.2,0.8437,1,0,154
330,5,0,0,4,1,-4.9,0.8433,1,0,154
331,7,0,0,2,1,-5.02,0.8428,1,0,154
332,12,0,0,3,1,-5.42,0.8423,1,0,154
333,5,0,0,3,1,-5.2,0.8418,1,0,154
334,7,0,0,3,1,-5.17,0.8414,1,0,154
335,33,1,1,7,3,-9.28,0.8409,1,0,155
336,5,0,0,2,1,-5.5,0.8404,1,0,155
337,37,0,0,4,3,-11.02,0.8399,1,0,155
338,5,0,0,2,1,-5.5,0.8395,1,0,155
339,32,0,0,7,3,-8.67,0.839,1,0,158
340,6,0,0,2,1,-5.51,0.8385,1,0,158
341,6,0,0,4,1,-4.96,0.838,1,0,158
342,5,0,0,4,1,-4.9,0.8376,1,0,158
343,12,0,0,2,1,-8.07,0.8371,1,0,158
344,5,0,0,4,1,-5.35,0.8366,1,0,158
345,5,0,0,4,1,-5.35,0.8361,1,0,158
346,10,0,0,2,1,-4.9,0.8357,1,0,158
347,8,0,0,2,1,-5.98,0.8352,1,0,158
348,15,0,0,3,2,-5.4,0.8347,1,0,158
349,19,0,0,5,2,-7.94,0.8342,1,0,158
350,21,0,0,4,2,-6.71,0.8337,1,0,159
351,15,0,0,2,2,-8.1,0.8333,1,0,159
352,5,0,0,3,1,-5.2,0.8328,1,0,159
353,18,0,0,5,2,-7.83,0.8323,1,0,159
354,6,0,0,2,1,-6.06,0.8318,1,0,159
355,27,0,0,6,3,-6.07,0.8314,1,0,163
356,18,0,0,8,2,-5.28,0.8309,1,0,164
357,20,0,0,4,2,-8.65,0.8304,1,0,164
358,5,0,0,2,1,-6.45,0.8299,1,0,164
359,8,0,0,5,1,-5.98,0.8295,1,0,165
360,6,0,0,2,1,-6.46,0.829,1,0,165
361,5,0,0,4,1,-4.35,0.8285,1,0,165
362,20,0,0,2,1,-9.25,0.828,1,0,165
363,5,0,0,2,1,-5.4,0.8276,1,0,165
364,24,0,0,9,3,-7.29,0.8271,1,0,165
365,18,0,0,5,2,-9.73,0.8266,1,0,165
366,5,0,0,4,1,-5.35,0.8262,1,0,165
367,6,0,0,3,1,-5.26,0.8257,1,0,165
368,10,0,0,6,1,-4.95,0.8252,1,0,165
369,6,0,0,2,1,-5.91,0.8247,1,0,165
370,5,0,0,4,1,-4.9,0.8243,1,0,165
371,5,0,0,3,1,-4.25,0.8238,1,0,165
372,6,0,0,2,1,-6.01,0.8233,1,0,165
373,9,0,0,3,1,-5.74,0.8228,1,0,165
374,8,0,0,2,1,-6.13,0.8224,1,0,165
375,5,0,0,3,1,-4.75,0.8219,1,0,165
376,5,0,0,4,1,-5.35,0.8214,1,0,165
377,17,0,0,8,2,-5.92,0.8209,1,0,166
378,11,0,0,2,1,-7.06,0.8205,1,0,168
379,8,0,0,4,1,-5.88,0.82,1,0,168
380,6,0,0,3,1,-5.66,0.8195,1,0,168
381,23,0,0,5,2,-8.93,0.819,1,0,168
382,8,0,0,1,1,-6.38,0.8185,1,0,168
383,5,0,0,3,1,-4.75,0.8181,1,0,168
384,6,0,0,2,1,-6.96,0.8176,1,0,168
385,5,0,0,4,1,-4.9,0.8171,1,0,168
386,23,0,0,4,3,-9.13,0.8166,1,0,168
387,5,0,0,3,1,-5.7,0.8162,1,0,168
388,5,0,0,4,1,-4.45,0.8157,1,0,168
389,5,0,0,4,1,-4.85,0.8152,1,0,168
390,5,0,0,4,1,-4.9,0.8147,1,0,168
391,19,0,0,3,2,-7.39,0.8143,1,0,170
392,36,0,0,8,3,-11.36,0.8138,1,0,170
393,15,0,0,5,2,-8.05,0.8133,1,0,170
394,7,0,0,4,1,-5.37,0.8128,1,0,171
395,14,0,0,6,2,-5.44,0.8124,1,0,173
396,5,0,0,4,1,-4.8,0.8119,1,0,173
397,5,0,0,3,1,-4.75,0.8114,1,0,173
398,5,0,0,4,1,-5.2,0.811,1,0,173
399,5,0,0,4,1,-5.85,0.8105,1,0,173
400,7,0,0,2,1,-6.52,0.81,1,0,173
401,5,0,0,4,1,-4.95,0.8095,1,0,173
402,8,0,0,4,1,-5.88,0.8091,1,0,173
403,10,0,0,4,1,-5.1,0.8086,1,0,173
404,18,0,0,4,2,-7.73,0.8081,1,0,174
405,7,0,0,4,1,-4.92,0.8076,1,0,174
406,5,0,0,4,1,-5.85,0.8072,1,0,174
407,5,0,0,3,1,-5.7,0.8067,1,0,174
408,5,0,0,3,1,-5.2,0.8062,1,0,174
409,7,0,0,2,1,-5.57,0.8057,1,0,174
410,24,0,0,5,3,-7.84,0.8053,1,0,175
411,9,0,0,6,1,-5.34,0.8048,1,0,175
412,5,0,0,4,1,-5.4,0.8043,1,0,175
413,9,0,0,3,1,-6.84,0.8038,1,0,175
414,57,0,0,8,4,-13.02,0.8034,1,0,182
415,20,0,0,5,2,-6.95,0.8029,1,0,184
416,5,0,0,3,1,-5.2,0.8024,1,0,184
417,17,0,0,4,2,-6.32,0.8019,1,0,184
418,47,0,0,7,3,-12.77,0.8014,1,0,185
419,20,0,0,3,2,-7.95,0.801,1,0,185
420,6,0,0,3,1,-5.21,0.8005,1,0,185
421,8,0,0,3,1,-5.78,0.8,1,0,185
422,11,0,0,2,1,-7.11,0.7995,1,0,185
423,5,0,0,3,1,-5.25,0.7991,1,0,185
424,20,0,0,3,1,-8.5,0.7986,1,0,185
425,11,0,0,4,1,-6.51,0.7981,1,0,185
426,8,0,0,3,1,-6.68,0.7976,1,0,185
427,18,0,0,6,2,-6.93,0.7972,1,0,186
428,5,0,0,1,1,-5.3,0.7967,1,0,186
429,9,0,0,4,1,-7.44,0.7962,1,0,186
430,16,0,0,6,2,-6.51,0.7957,1,0,186
431,9,0,0,3,1,-5.19,0.7953,1,0,186
432,20,0,0,4,2,-8.1,0.7948,1,0,186
433,5,0,0,3,1,-4.8,0.7943,1,0,186
434,10,0,0,2,1,-6.6,0.7938,1,0,186
435,7,0,0,5,1,-4.62,0.7934,1,0,189
436,30,0,0,9,4,-7.65,0.7929,1,0,189
437,7,0,0,2,1,-4.57,0.7924,1,0,189
438,5,0,0,4,1,-5.25,0.792,1,0,189
439,5,0,0,3,1,-5.15,0.7915,1,0,189
440,8,0,0,4,1,-5.08,0.791,1,0,189
441,36,0,0,8,4,-11.21,0.7905,1,0,190
442,5,0,0,3,1,-5.65,0.7901,1,0,190
443,6,0,0,3,1,-5.26,0.7896,1,0,190
444,5,0,0,3,1,-4.75,0.7891,1,0,190
445,19,0,0,6,2,-8.49,0.7886,1,0,190
446,6,0,0,2,1,-5.56,0.7882,1,0,191
447,10,0,0,4,1,-6.0,0.7877,1,0,191
448,5,0,0,4,1,-4.45,0.7872,1,0,191
449,8,0,0,4,1,-5.88,0.7867,1,0,191
450,16,0,0,6,2,-5.36,0.7863,1,0,191
451,5,0,0,3,1,-5.1,0.7858,1,0,191
452,29,0,0,9,4,-7.24,0.7853,1,0,192
453,5,0,0,3,1,-5.55,0.7848,1,0,192
454,5,0,0,4,1,-5.4,0.7843,1,0,192
455,5,0,0,3,1,-5.2,0.7839,1,0,192
456,8,0,0,2,1,-6.13,0.7834,1,0,192
457,5,0,0,3,1,-4.8,0.7829,1,0,192
458,7,0,0,2,1,-6.52,0.7824,1,0,192
459,6,0,0,4,1,-5.31,0.782,1,0,192
460,6,0,0,4,1,-5.41,0.7815,1,0,192
461,5,0,0,4,1,-4.95,0.781,1,0,192
462,9,0,0,6,1,-4.24,0.7805,1,0,193
463,5,0,0,2,1,-5.1,0.7801,1,0,193
464,9,0,0,2,1,-6.09,0.7796,1,0,193
465,5,0,0,2,1,-5.55,0.7791,1,0,193
466,7,0,0,1,1,-5.92,0.7787,1,0,193
467,5,0,0,4,1,-5.4,0.7782,1,0,193
468,14,0,0,5,2,-6.69,0.7777,1,0,193
469,5,0,0,3,1,-5.65,0.7772,1,0,193
470,12,0,0,2,1,-6.17,0.7768,1,0,193
471,7,0,0,1,1,-4.77,0.7763,1,0,194
472,5,0,0,3,1,-5.2,0.7758,1,0,194
473,6,0,0,3,1,-5.26,0.7753,1,0,194
474,5,0,0,3,1,-5.25,0.7749,1,0,194
475,6,0,0,3,1,-6.16,0.7744,1,0,194
476,5,0,0,3,1,-5.2,0.7739,1,0,194
477,5,0,0,3,1,-5.65,0.7734,1,0,194
478,6,0,0,3,1,-5.56,0.773,1,0,194
479,5,0,0,2,1,-5.5,0.7725,1,0,194
480,34,0,0,5,3,-11.99,0.772,1,0,196
481,7,0,0,3,1,-5.67,0.7715,1,0,196
482,9,0,0,2,1,-7.54,0.7711,1,0,196
483,5,0,0,4,1,-4.9,0.7706,1,0,196
484,5,0,0,4,1,-5.35,0.7701,1,0,196
485,8,0,0,5,1,-5.13,0.7696,1,0,196
486,5,0,0,3,1,-5.7,0.7692,1,0,196
487,7,0,0,3,1,-5.72,0.7687,1,0,196
488,37,0,0,10,4,-9.47,0.7682,1,0,196
489,10,0,0,2,1,-5.3,0.7677,1,0,196
490,5,0,0,2,1,-5.45,0.7672,1,0,196
491,5,0,0,2,1,-6.45,0.7668,1,0,196
492,5,0,0,2,1,-4.6,0.7663,1,0,196
493,5,0,0,3,1,-5.2,0.7658,1,0,196
494,5,0,0,3,1,-5.1,0.7653,1,0,196
495,8,0,0,3,1,-5.38,0.7649,1,0,196
496,5,0,0,2,1,-6.45,0.7644,1,0,196
497,21,0,0,7,3,-5.76,0.7639,1,0,198
498,21,0,0,4,2,-8.71,0.7634,1,0,201
499,6,0,0,3,1,-5.76,0.763,1,0,201
500,5,0,0,4,1,-4.5,0.7625,1,0,201
501,7,0,0,2,1,-5.07,0.762,1,0,201
502,5,0,0,2,1,-5.05,0.7615,1,0,201
503,5,0,0,3,1,-5.2,0.7611,1,0,201
504,5,0,0,4,1,-5.25,0.7606,1,0,201
505,5,0,0,4,1,-4.9,0.7601,1,0,201
506,5,0,0,4,1,-4.45,0.7597,1,0,201
507,26,0,0,7,3,-8.36,0.7592,1,0,203
508,19,0,0,6,2,-7.04,0.7587,1,0,203
509,6,0,0,1,1,-5.76,0.7582,1,0,203
510,37,0,0,7,4,-8.27,0.7578,1,0,205
511,5,0,0,4,1,-5.4,0.7573,1,0,205
512,8,0,0,3,1,-6.28,0.7568,1,0,206
513,13,0,0,4,2,-6.03,0.7563,1,0,206
514,22,0,0,6,3,-7.12,0.7559,1,0,207
515,18,0,0,4,2,-7.68,0.7554,1,0,207
516,8,0,0,3,1,-5.23,0.7549,1,0,207
517,12,0,0,6,1,-5.07,0.7544,1,0,207
518,5,0,0,3,1,-4.7,0.754,1,0,207
519,8,0,0,2,1,-6.03,0.7535,1,0,207
520,5,0,0,3,1,-5.2,0.753,1,0,207
521,27,0,0,5,2,-7.37,0.7525,1,0,207
522,7,0,0,2,1,-5.02,0.752,1,0,207
523,5,0,0,2,1,-5.85,0.7516,1,0,207
524,5,0,0,4,1,-5.85,0.7511,1,0,207
525,7,0,0,3,1,-5.82,0.7506,1,0,207
526,23,0,0,4,2,-7.98,0.7501,1,0,207
527,7,0,0,2,1,-6.57,0.7497,1,0,207
528,26,0,0,5,2,-10.06,0.7492,1,0,208
529,7,0,0,3,1,-6.12,0.7487,1,0,208
530,7,0,0,5,1,-4.57,0.7483,1,0,208
531,40,0,0,9,4,-10.85,0.7478,1,0,208
532,5,0,0,4,1,-4.8,0.7473,1,0,208
533,27,0,0,9,3,-6.02,0.7468,1,0,210
534,15,0,0,4,2,-8.5,0.7464,1,0,210
535,40,0,0,6,3,-11.1,0.7459,1,0,210
536,5,0,0,3,1,-6.15,0.7454,1,0,210
537,6,0,0,2,1,-6.46,0.7449,1,0,210
538,19,0,0,6,2,-6.49,0.7445,1,0,210
539,9,0,0,4,1,-4.94,0.744,1,0,210
540,5,0,0,2,1,-5.1,0.7435,1,0,210
541,6,0,0,3,1,-5.71,0.743,1,0,210
542,18,0,0,4,2,-6.28,0.7426,1,0,212
543,8,0,0,2,1,-5.08,0.7421,1,0,212
544,6,0,0,3,1,-5.21,0.7416,1,0,212
545,5,0,0,3,1,-4.65,0.7411,1,0,212
546,5,0,0,3,1,-4.75,0.7407,1,0,212
547,5,0,0,3,1,-5.2,0.7402,1,0,212
548,8,0,0,2,1,-5.53,0.7397,1,0,212
549,5,0,0,1,1,-5.85,0.7392,1,0,212
550,20,0,0,5,2,-6.6,0.7388,1,0,212
551,5,0,0,2,1,-5.95,0.7383,1,0,212
552,48,0,0,5,4,-8.73,0.7378,1,0,212
553,5,0,0,2,1,-5.05,0.7373,1,0,212
554,16,0,0,5,2,-7.71,0.7369,1,0,212
555,20,0,0,7,3,-6.6,0.7364,1,0,214
556,9,0,0,3,1,-6.29,0.7359,1,0,214
557,5,0,0,2,1,-5.95,0.7354,1,0,214
558,29,1,1,9,3,-5.99,0.7349,1,0,215
559,5,0,0,2,1,-5.5,0.7345,1,0,215
560,28,0,0,10,3,-6.03,0.734,1,0,215
561,6,0,0,4,1,-5.76,0.7335,1,0,215
562,21,1,1,9,3,-4.96,0.733,1,0,215
563,5,0,0,2,1,-5.0,0.7326,1,0,215
564,21,0,0,2,2,-7.26,0.7321,1,0,216
565,14,0,0,3,1,-6.99,0.7316,1,0,216
566,8,0,0,6,1,-5.23,0.7311,1,0,216
567,6,0,0,2,1,-5.41,0.7307,1,0,216
568,13,0,0,2,2,-6.58,0.7302,1,0,216
569,5,0,0,2,1,-5.95,0.7297,1,0,216
570,38,0,0,4,2,-9.98,0.7292,1,0,217
571,9,0,0,3,1,-5.84,0.7288,1,0,217
572,7,0,0,3,1,-4.82,0.7283,1,0,217
573,5,0,0,4,1,-4.9,0.7278,1,0,217
574,6,0,0,4,1,-5.31,0.7274,1,0,217
575,8,0,0,3,1,-6.28,0.7269,1,0,217
576,5,0,0,3,1,-5.2,0.7264,1,0,217
577,26,0,0,5,3,-8.46,0.7259,1,0,218
578,5,0,0,2,1,-6.45,0.7255,1,0,218
579,5,0,0,2,1,-4.95,0.725,1,0,218
580,6,0,0,4,1,-4.96,0.7245,1,0,218
581,21,0,0,3,2,-8.46,0.724,1,0,218
582,20,0,0,3,2,-6.95,0.7236,1,0,218
583,26,0,0,8,3,-7.61,0.7231,1,0,219
584,9,0,0,6,1,-5.24,0.7226,1,0,219
585,29,0,0,9,3,-7.79,0.7221,1,0,223
586,14,0,0,6,2,-5.44,0.7217,1,0,223
587,7,0,0,3,1,-4.72,0.7212,1,0,223
588,15,0,0,4,2,-6.5,0.7207,1,0,223
589,25,0,0,4,3,-8.25,0.7202,1,0,223
590,5,0,0,3,1,-4.7,0.7198,1,0,223
591,7,0,0,2,1,-5.52,0.7193,1,0,224
592,7,0,0,4,1,-5.32,0.7188,1,0,224
593,14,0,0,6,2,-5.84,0.7183,1,0,224
594,5,0,0,2,1,-5.45,0.7179,1,0,224
595,5,0,0,3,1,-4.75,0.7174,1,0,224
596,12,0,0,2,1,-6.67,0.7169,1,0,224
597,36,0,0,9,3,-9.16,0.7164,1,0,224
598,5,0,0,4,1,-4.45,0.716,1,0,224
599,5,0,0,1,1,-5.75,0.7155,1,0,224
600,6,0,0,4,1,-4.06,0.715,1,0,224
601,24,0,0,8,3,-7.49,0.7145,1,0,224
602,5,0,0,3,1,-4.0,0.7141,1,0,224
603,6,0,0,3,1,-5.76,0.7136,1,0,224
604,25,0,0,8,3,-6.0,0.7131,1,0,225
605,17,0,0,6,2,-7.42,0.7126,1,0,225
606,5,0,0,2,1,-5.55,0.7122,1,0,225
607,35,0,0,10,4,-9.9,0.7117,1,0,230
608,8,0,0,3,1,-5.38,0.7112,1,0,230
609,25,0,0,5,2,-6.5,0.7107,1,0,230
610,35,0,0,13,4,-4.3,0.7103,1,0,231
611,5,0,0,2,1,-5.95,0.7098,1,0,231
612,5,0,0,3,1,-5.55,0.7093,1,0,231
613,7,0,0,5,1,-4.07,0.7088,1,0,231
614,23,0,0,6,3,-7.08,0.7084,1,0,231
615,5,0,0,4,1,-4.95,0.7079,1,0,231
616,17,0,0,3,2,-8.42,0.7074,1,0,231
617,6,0,0,2,1,-6.01,0.7069,1,0,231
618,6,0,0,2,1,-5.51,0.7065,1,0,231
619,9,0,0,3,1,-5.79,0.706,1,0,231
620,5,0,0,2,1,-6.0,0.7055,1,0,231
621,53,0,0,12,6,-9.28,0.705,1,0,233
622,24,0,0,7,3,-7.79,0.7046,1,0,233
623,40,0,0,7,4,-7.7,0.7041,1,0,233
624,35,0,0,11,4,-7.85,0.7036,1,0,233
625,11,0,0,3,1,-6.26,0.7031,1,0,233
626,10,0,0,3,1,-4.7,0.7026,1,0,233
627,9,0,0,2,1,-6.54,0.7022,1,0,233
628,5,0,0,4,1,-4.9,0.7017,1,0,233
629,6,0,0,3,1,-6.21,0.7012,1,0,233
630,5,0,0,3,1,-4.3,0.7007,1,0,233
631,5,0,0,2,1,-5.05,0.7003,1,0,233
632,5,0,0,2,1,-5.05,0.6998,1,0,233
633,17,0,0,5,2,-8.32,0.6993,1,0,233
634,23,0,0,9,3,-6.33,0.6988,1,0,234
635,5,0,0,3,1,-4.75,0.6984,1,0,234
636,5,0,0,3,1,-5.65,0.6979,1,0,234
637,14,0,0,7,2,-6.54,0.6974,1,0,234
638,58,1,1,10,4,-8.58,0.6969,1,0,236
639,5,0,0,1,1,-5.35,0.6965,1,0,236
640,5,0,0,2,1,-5.85,0.696,1,0,236
641,22,0,0,5,2,-8.82,0.6955,1,0,236
642,5,0,0,4,1,-4.95,0.695,1,0,236
643,8,0,0,4,1,-4.98,0.6946,1,0,236
644,7,0,0,4,1,-4.97,0.6941,1,0,236
645,5,0,0,2,1,-5.5,0.6936,1,0,236
646,5,0,0,2,1,-5.05,0.6931,1,0,236
647,30,0,0,5,3,-8.75,0.6927,1,0,236
648,6,0,0,3,1,-5.21,0.6922,1,0,236
649,7,0,0,4,1,-6.32,0.6917,1,0,236
650,5,0,0,3,1,-5.1,0.6913,1,0,236
651,5,0,0,3,1,-5.7,0.6908,1,0,236
652,6,0,0,3,1,-5.66,0.6903,1,0,236
653,6,0,0,2,1,-5.51,0.6898,1,0,236
654,16,0,0,8,2,-5.76,0.6894,1,0,236
655,5,0,0,2,1,-5.55,0.6889,1,0,236
656,6,0,0,3,1,-4.71,0.6884,1,0,236
657,7,0,0,3,1,-4.87,0.6879,1,0,236
658,5,0,0,3,1,-5.2,0.6875,1,0,236
659,14,0,0,6,2,-5.54,0.687,1,0,236
660,12,0,0,3,1,-5.82,0.6865,1,0,236
661,6,0,0,3,1,-5.76,0.686,1,0,236
662,6,0,0,3,1,-5.21,0.6855,1,0,236
663,6,0,0,2,1,-6.06,0.6851,1,0,236
664,5,0,0,3,1,-4.3,0.6846,1,0,236
665,17,0,0,5,2,-7.77,0.6841,1,0,236
666,5,0,0,2,1,-5.85,0.6836,1,0,236
667,5,0,0,4,1,-4.95,0.6832,1,0,236
668,18,0,0,4,2,-7.68,0.6827,1,0,236
669,6,0,0,4,1,-4.51,0.6822,1,0,236
670,8,0,0,4,1,-5.88,0.6818,1,0,236
671,15,0,0,6,2,-5.6,0.6813,1,0,236
672,11,0,0,6,1,-5.36,0.6808,1,0,236
673,8,0,0,2,1,-5.53,0.6803,1,0,236
674,9,0,0,2,1,-5.14,0.6799,1,0,236
675,5,0,0,3,1,-4.65,0.6794,1,0,236
676,6,0,0,4,1,-4.96,0.6789,1,0,236
677,25,0,0,7,3,-7.4,0.6784,1,0,239
678,6,0,0,3,1,-5.26,0.678,1,0,239
679,29,0,0,11,3,-8.19,0.6775,1,0,239
680,14,0,0,5,2,-5.29,0.677,1,0,239
681,5,0,0,3,1,-5.25,0.6765,1,0,239
682,5,0,0,3,1,-5.65,0.6761,1,0,239
683,7,0,0,2,1,-5.97,0.6756,1,0,239
684,27,0,0,7,3,-8.72,0.6751,1,0,240
685,6,0,0,2,1,-5.51,0.6746,1,0,240
686,7,0,0,2,1,-4.47,0.6742,1,0,240
687,16,0,0,2,2,-6.31,0.6737,1,0,240
688,21,0,0,11,3,-4.86,0.6732,1,0,240
689,40,0,0,7,4,-9.15,0.6727,1,0,240
690,7,0,0,2,1,-5.17,0.6723,1,0,240
691,5,0,0,4,1,-4.9,0.6718,1,0,240
692,8,0,0,5,1,-4.23,0.6713,1,0,240
693,7,0,0,3,1,-6.22,0.6708,1,0,240
694,22,0,0,11,3,-4.37,0.6704,1,0,241
695,9,0,0,2,1,-5.74,0.6699,1,0,241
696,5,0,0,3,1,-4.65,0.6694,1,0,241
697,5,0,0,4,1,-4.9,0.6689,1,0,241
698,34,0,0,4,3,-10.84,0.6684,1,0,243
699,16,0,0,8,2,-4.81,0.668,1,0,243
700,5,0,0,4,1,-4.9,0.6675,1,0,243
701,23,0,0,6,2,-8.48,0.667,1,0,243
702,5,0,0,4,1,-4.95,0.6665,1,0,243
703,66,0,0,6,4,-11.46,0.6661,1,0,243
704,5,0,0,3,1,-5.2,0.6656,1,0,243
705,5,0,0,4,1,-5.35,0.6651,1,0,243
706,8,0,0,6,1,-4.33,0.6646,1,0,243
707,6,0,0,2,1,-5.51,0.6642,1,0,243
708,22,0,0,5,3,-6.42,0.6637,1,0,243
709,14,0,0,6,2,-4.54,0.6632,1,0,243
710,24,0,0,7,3,-6.39,0.6627,1,0,243
711,5,0,0,3,1,-5.25,0.6623,1,0,243
712,7,0,0,3,1,-4.87,0.6618,1,0,243
713,10,0,0,1,1,-6.85,0.6613,1,0,243
714,37,0,0,7,4,-8.52,0.6609,1,0,243
715,5,0,0,2,1,-6.0,0.6604,1,0,243
716,7,0,0,2,1,-5.62,0.6599,1,0,243
717,7,0,0,3,1,-4.32,0.6594,1,0,244
718,6,0,0,3,1,-5.21,0.659,1,0,244
719,6,0,0,4,1,-4.06,0.6585,1,0,244
720,5,0,0,4,1,-4.8,0.658,1,0,244
721,15,0,0,5,2,-6.3,0.6575,1,0,244
722,9,0,0,3,1,-5.29,0.6571,1,0,244
723,6,0,0,3,1,-4.81,0.6566,1,0,244
724,33,0,0,10,3,-8.68,0.6561,1,0,244
725,11,0,0,3,1,-6.36,0.6556,1,0,244
726,6,0,0,3,1,-6.16,0.6552,1,0,244
727,5,0,0,3,1,-5.2,0.6547,1,0,244
728,5,0,0,3,1,-5.1,0.6542,1,0,244
729,8,0,0,5,1,-4.63,0.6537,1,0,244
730,23,0,0,9,3,-4.78,0.6532,1,0,244
731,20,0,0,6,2,-7.4,0.6528,1,0,245
732,5,0,0,4,1,-5.4,0.6523,1,0,245
733,8,0,0,2,1,-6.58,0.6518,1,0,245
734,12,0,0,5,1,-5.72,0.6514,1,0,245
735,5,0,0,3,1,-4.8,0.6509,1,0,245
736,39,0,0,10,3,-8.79,0.6504,1,0,245
737,10,0,0,5,1,-5.55,0.6499,1,0,245
738,5,0,0,2,1,-4.9,0.6495,1,0,245
739,5,0,0,2,1,-4.5,0.649,1,0,247
740,6,0,0,2,1,-5.56,0.6485,1,0,247
741,5,0,0,4,1,-4.45,0.648,1,0,247
742,9,0,0,3,1,-4.84,0.6476,1,0,247
743,36,0,0,5,3,-7.16,0.6471,1,0,248
744,8,0,0,3,1,-5.88,0.6466,1,0,248
745,9,0,0,3,1,-4.84,0.6461,1,0,248
746,5,0,0,4,1,-5.85,0.6457,1,0,248
747,12,0,0,4,1,-5.12,0.6452,1,0,248
748,50,0,0,11,4,-11.35,0.6447,1,0,248
749,7,0,0,3,1,-4.82,0.6442,1,0,248
750,5,0,0,3,1,-5.15,0.6438,1,0,248
751,5,0,0,1,1,-5.85,0.6433,1,0,248
752,7,0,0,6,1,-3.82,0.6428,1,0,248
753,13,0,0,5,2,-4.28,0.6423,1,0,248
754,27,0,0,10,3,-5.97,0.6419,1,0,248
755,5,0,0,3,1,-5.65,0.6414,1,0,248
756,26,0,0,10,3,-5.11,0.6409,1,0,248
757,30,0,0,4,3,-6.6,0.6404,1,0,248
758,31,0,0,6,4,-5.76,0.64,1,0,248
759,50,0,0,10,5,-10.7,0.6395,1,0,255
760,41,0,0,8,4,-8.36,0.639,1,0,256
761,49,0,0,19,5,-8.49,0.6385,1,0,258
762,7,0,0,4,1,-5.97,0.6381,1,0,258
763,25,0,0,5,3,-7.95,0.6376,1,0,259
764,28,0,0,6,3,-7.03,0.6371,1,0,259
765,21,0,0,6,2,-7.76,0.6366,1,0,259
766,40,0,0,10,4,-6.8,0.6361,1,0,266
767,5,0,0,1,1,-4.9,0.6357,1,0,266
768,9,0,0,5,1,-4.64,0.6352,1,0,266
769,9,0,0,5,1,-5.69,0.6347,1,0,266
770,9,0,0,1,1,-5.84,0.6342,1,0,267
771,42,0,0,3,4,-11.07,0.6338,1,0,267
772,29,0,0,3,3,-9.34,0.6333,1,0,267
773,5,0,0,4,1,-4.9,0.6328,1,0,267
774,24,0,0,5,3,-6.44,0.6323,1,0,267
775,13,0,0,9,2,-3.48,0.6319,1,0,267
776,26,0,0,9,3,-6.46,0.6314,1,0,268
777,5,0,0,4,1,-4.45,0.6309,1,0,268
778,13,0,0,5,2,-6.63,0.6304,1,0,268
779,42,0,0,11,4,-7.72,0.63,1,0,269
780,26,0,0,6,3,-6.81,0.6295,1,0,269
781,26,0,0,5,3,-9.91,0.629,1,0,269
782,16,0,0,2,1,-7.71,0.6285,1,0,273
783,10,0,0,5,1,-4.3,0.6281,1,0,273
784,25,0,0,6,3,-8.1,0.6276,1,0,273
785,32,0,0,6,3,-7.72,0.6271,1,0,275
786,9,0,0,2,1,-6.14,0.6266,1,0,275
787,5,0,0,1,1,-5.7,0.6262,1,0,275
788,14,0,0,4,2,-6.99,0.6257,1,0,275
789,5,0,0,4,1,-4.35,0.6252,1,0,275
790,6,0,0,2,1,-6.51,0.6248,1,0,275
791,12,0,0,3,1,-5.82,0.6243,1,0,275
792,42,0,0,9,4,-8.62,0.6238,1,0,275
793,37,0,0,7,4,-8.12,0.6233,1,0,275
794,30,0,0,12,3,-5.35,0.6229,1,0,275
795,55,0,0,7,4,-13.4,0.6224,1,0,276
796,6,0,0,3,1,-5.21,0.6219,1,0,276
797,6,0,0,3,1,-4.76,0.6214,1,0,276
798,8,0,0,6,1,-5.33,0.621,1,0,276
799,14,0,0,4,2,-7.04,0.6205,1,0,276
800,19,0,0,5,2,-6.44,0.62,1,0,277
801,26,0,0,8,3,-7.31,0.6195,1,0,277
802,27,0,0,9,4,-6.17,0.619,1,0,277
803,5,0,0,3,1,-5.7,0.6186,1,0,277
804,14,0,0,9,2,-4.54,0.6181,1,0,277
805,33,0,0,5,3,-6.58,0.6176,1,0,277
806,28,0,0,10,4,-6.48,0.6171,1,0,277
807,40,1,1,9,4,-6.55,0.6167,1,0,278
808,39,0,0,6,3,-9.54,0.6162,1,0,278
809,10,0,0,3,1,-4.35,0.6157,1,0,278
810,45,0,0,10,3,-11.25,0.6153,1,0,279
811,38,0,0,10,4,-8.28,0.6148,1,0,280
812,15,0,0,4,2,-6.1,0.6143,1,0,283
813,5,0,0,3,1,-4.55,0.6138,1,0,284
814,46,0,0,12,4,-10.31,0.6134,1,0,284
815,24,1,1,9,3,-3.99,0.6129,1,0,284
816,5,0,0,2,1,-5.0,0.6124,1,0,285
817,20,0,0,5,3,-7.2,0.6119,1,0,285
818,6,0,0,3,1,-6.16,0.6115,1,0,285
819,5,0,0,4,1,-4.4,0.611,1,0,285
820,7,0,0,2,1,-6.07,0.6105,1,0,285
821,6,0,0,2,1,-4.51,0.61,1,0,285
822,70,0,0,5,4,-16.4,0.6096,1,0,286
823,5,0,0,3,1,-4.2,0.6091,1,0,286
824,10,0,0,3,1,-5.35,0.6086,1,0,286
825,16,0,0,6,2,-6.91,0.6081,1,0,286
826,15,0,0,5,2,-5.35,0.6077,1,0,286
827,31,0,0,12,4,-5.86,0.6072,1,0,286
828,31,0,0,13,4,-5.31,0.6067,1,0,286
829,22,0,0,6,3,-8.02,0.6062,1,0,286
830,24,0,0,8,3,-6.14,0.6058,1,0,286
831,5,0,0,3,1,-5.25,0.6053,1,0,286
832,5,0,0,3,1,-4.15,0.6048,1,0,286
833,28,0,0,7,3,-5.33,0.6043,1,0,286
834,9,0,0,6,1,-4.34,0.6038,1,0,286
835,47,0,0,6,3,-9.62,0.6034,1,0,286
836,33,0,0,9,3,-6.18,0.6029,1,0,286
837,5,0,0,3,1,-5.1,0.6024,1,0,286
838,9,0,0,6,1,-5.29,0.6019,1,0,286
839,13,0,0,5,2,-6.28,0.6015,1,0,286
840,15,0,0,3,2,-7.75,0.601,1,0,286
841,23,0,0,8,3,-6.48,0.6005,1,0,286
842,9,0,0,4,1,-5.44,0.6,1,0,286
843,15,0,0,5,1,-3.65,0.5996,1,0,286
844,18,0,0,3,1,-5.98,0.5991,1,0,286
845,10,0,0,5,1,-6.5,0.5986,1,0,286
846,44,1,1,8,5,-11.04,0.5981,1,0,286
847,23,0,0,8,3,-6.98,0.5977,1,0,286
848,7,0,0,2,1,-5.17,0.5972,1,0,286
849,7,0,0,3,1,-5.82,0.5967,1,0,286
850,26,1,1,9,3,-4.11,0.5962,1,0,287
851,51,0,0,8,4,-9.36,0.5958,1,0,287
852,11,0,0,5,1,-4.86,0.5953,1,0,287
853,7,0,0,3,1,-5.72,0.5948,1,0,287
854,15,0,0,5,2,-7.25,0.5944,1,0,287
855,6,0,0,2,1,-5.56,0.5939,1,0,287
856,5,0,0,3,1,-5.15,0.5934,1,0,287
857,21,0,0,8,3,-5.91,0.5929,1,0,287
858,5,0,0,4,1,-4.8,0.5925,1,0,287
859,7,0,0,2,1,-6.07,0.592,1,0,287
860,5,0,0,2,1,-6.0,0.5915,1,0,287
861,5,0,0,3,1,-4.75,0.591,1,0,287
862,7,0,0,2,1,-5.92,0.5906,1,0,287
863,38,1,1,11,4,-6.33,0.5901,1,0,287
864,7,0,0,5,1,-4.97,0.5896,1,0,287
865,12,0,0,2,1,-7.62,0.5891,1,0,287
866,14,0,0,6,2,-5.89,0.5887,1,0,287
867,6,0,0,2,1,-5.56,0.5882,1,0,287
868,27,1,1,9,3,-5.62,0.5877,1,0,287
869,10,0,0,3,1,-4.85,0.5872,1,0,287
870,5,0,0,2,1,-4.5,0.5867,1,0,287
871,7,0,0,3,1,-5.72,0.5863,1,0,287
872,41,0,0,8,4,-7.41,0.5858,1,0,287
873,30,0,0,5,3,-8.95,0.5853,1,0,287
874,7,0,0,4,1,-4.42,0.5849,1,0,287
875,15,0,0,5,2,-6.25,0.5844,1,0,287
876,6,0,0,4,1,-4.51,0.5839,1,0,287
877,8,0,0,4,1,-5.38,0.5834,1,0,287
878,10,0,0,2,1,-6.1,0.583,1,0,287
879,23,0,0,9,3,-5.13,0.5825,1,0,287
880,34,0,0,13,3,-4.44,0.582,1,0,287
881,30,0,0,9,4,-5.8,0.5815,1,0,287
882,12,0,0,5,1,-4.72,0.5811,1,0,287
883,6,0,0,2,1,-5.96,0.5806,1,0,287
884,13,0,0,5,2,-6.58,0.5801,1,0,287
885,35,0,0,8,4,-9.7,0.5796,1,0,287
886,39,0,0,14,4,-7.19,0.5792,1,0,287
887,16,0,0,4,2,-7.21,0.5787,1,0,287
888,7,0,0,3,1,-5.07,0.5782,1,0,287
889,30,0,0,9,3,-6.45,0.5777,1,0,287
890,21,0,0,3,3,-7.96,0.5773,1,0,287
891,7,0,0,2,1,-4.57,0.5768,1,0,287
892,14,0,0,6,2,-6.29,0.5763,1,0,287
893,5,0,0,3,1,-4.75,0.5758,1,0,287
894,38,0,0,14,5,-6.83,0.5754,1,0,287
895,41,0,0,7,3,-7.56,0.5749,1,0,287
896,17,0,0,9,2,-5.57,0.5744,1,0,287
897,5,0,0,3,1,-5.1,0.5739,1,0,287
898,5,0,0,2,1,-6.0,0.5735,1,0,287
899,16,0,0,8,2,-4.46,0.573,1,0,287
900,6,0,0,3,1,-4.76,0.5725,1,0,287
901,5,0,0,2,1,-5.4,0.572,1,0,287
902,5,0,0,4,1,-5.4,0.5716,1,0,287
903,10,0,0,5,1,-6.15,0.5711,1,0,287
904,30,0,0,8,3,-7.95,0.5706,1,0,287
905,25,0,0,7,3,-5.35,0.5701,1,0,287
906,35,0,0,10,4,-7.6,0.5696,1,0,287
907,17,0,0,4,2,-6.02,0.5692,1,0,287
908,7,0,0,4,1,-5.37,0.5687,1,0,287
909,7,0,0,2,1,-5.57,0.5682,1,0,287
910,5,0,0,2,1,-5.95,0.5677,1,0,287
911,45,1,1,20,6,-7.55,0.5673,1,0,293
912,16,0,0,6,2,-5.36,0.5668,1,0,293
913,36,0,0,5,3,-6.16,0.5663,1,0,293
914,5,0,0,3,1,-5.2,0.5658,1,0,293
915,26,0,0,10,3,-5.11,0.5654,1,0,293
916,5,0,0,2,1,-4.95,0.5649,1,0,293
917,5,0,0,3,1,-4.7,0.5644,1,0,293
918,46,0,0,9,5,-7.96,0.5639,1,0,293
919,13,0,0,5,1,-5.78,0.5635,1,0,293
920,13,0,0,6,1,-5.03,0.563,1,0,293
921,5,0,0,3,1,-5.65,0.5625,1,0,293
922,13,0,0,5,2,-6.13,0.562,1,0,293
923,6,0,0,3,1,-4.66,0.5616,1,0,293
924,39,0,0,9,4,-6.49,0.5611,1,0,293
925,5,0,0,4,1,-4.95,0.5606,1,0,293
926,20,0,0,7,3,-5.7,0.5601,1,0,293
927,14,0,0,5,2,-6.79,0.5597,1,0,293
928,5,0,0,2,1,-5.05,0.5592,1,0,293
929,16,0,0,4,1,-5.46,0.5587,1,0,293
930,46,0,0,8,5,-10.46,0.5583,1,0,293
931,21,0,0,6,2,-7.01,0.5578,1,0,293
932,5,0,0,3,1,-5.65,0.5573,1,0,293
933,11,0,0,3,1,-4.81,0.5568,1,0,293
934,7,0,0,3,1,-5.17,0.5564,1,0,293
935,22,0,0,10,3,-6.22,0.5559,1,0,293
936,30,0,0,9,4,-5.35,0.5554,1,0,293
937,12,0,0,6,1,-4.92,0.5549,1,0,293
938,34,0,0,8,3,-6.99,0.5545,1,0,294
939,28,0,0,11,3,-7.18,0.554,1,0,294
940,7,0,0,6,1,-4.32,0.5535,1,0,294
941,41,0,0,6,3,-7.66,0.553,1,0,294
942,40,0,0,6,4,-8.15,0.5526,1,0,294
943,15,0,0,4,1,-6.05,0.5521,1,0,294
944,5,0,0,2,1,-4.95,0.5516,1,0,295
945,20,0,0,11,3,-4.85,0.5511,1,0,295
946,45,0,0,11,4,-9.0,0.5507,1,0,295
947,32,0,0,10,3,-6.72,0.5502,1,0,295
948,26,0,0,5,3,-7.91,0.5497,1,0,295
949,6,0,0,2,1,-4.96,0.5492,1,0,295
950,30,0,0,14,4,-6.3,0.5488,1,0,295
951,13,0,0,5,2,-5.23,0.5483,1,0,295
952,17,0,0,4,2,-6.12,0.5478,1,0,297
953,25,0,0,10,3,-3.1,0.5473,1,0,297
954,24,0,0,5,2,-5.89,0.5469,1,0,297
955,47,0,0,10,5,-6.67,0.5464,1,0,298
956,29,0,0,6,3,-7.09,0.5459,1,0,298
957,15,0,0,7,2,-5.65,0.5454,1,0,298
958,10,0,0,4,1,-5.3,0.545,1,0,298
959,56,0,0,14,6,-8.01,0.5445,1,0,299
960,30,0,0,12,4,-5.35,0.544,1,0,299
961,6,0,0,2,1,-5.86,0.5435,1,0,300
962,24,0,0,9,3,-5.24,0.5431,1,0,300
963,8,0,0,4,1,-5.43,0.5426,1,0,300
964,5,0,0,3,1,-4.7,0.5421,1,0,300
965,8,0,0,2,1,-5.08,0.5416,1,0,300
966,22,0,0,8,3,-5.07,0.5412,1,0,300
967,5,0,0,2,1,-5.5,0.5407,1,0,300
968,31,0,0,8,4,-7.21,0.5402,1,0,300
969,15,0,0,7,2,-5.2,0.5397,1,0,300
970,9,0,0,2,1,-6.04,0.5393,1,0,300
971,7,0,0,4,1,-3.87,0.5388,1,0,300
972,6,0,0,3,1,-5.71,0.5383,1,0,300
973,14,0,0,8,2,-4.84,0.5378,1,0,300
974,23,0,0,11,3,-6.93,0.5373,1,0,300
975,13,0,0,1,1,-6.93,0.5369,1,0,300
976,27,0,0,8,3,-5.77,0.5364,1,0,300
977,13,0,0,7,2,-4.63,0.5359,1,0,300
978,6,0,0,2,1,-5.51,0.5354,1,0,300
979,13,0,0,5,2,-5.23,0.535,1,0,300
980,14,0,0,6,2,-6.39,0.5345,1,0,300
981,17,0,0,4,2,-6.62,0.534,1,0,300
982,8,0,0,4,1,-5.78,0.5335,1,0,300
983,9,0,0,2,1,-7.04,0.5331,1,0,300
984,6,0,0,3,1,-5.21,0.5326,1,0,300
985,7,0,0,3,1,-6.62,0.5321,1,0,300
986,26,0,0,9,3,-5.71,0.5316,1,0,300
987,33,1,1,7,3,-7.68,0.5312,1,0,300
988,23,1,1,12,3,-3.13,0.5307,1,0,300
989,54,0,0,8,4,-7.64,0.5302,1,0,300
990,26,0,0,7,3,-6.66,0.5297,1,0,300
991,35,0,0,8,3,-4.75,0.5293,1,0,300
992,15,0,0,4,2,-6.55,0.5288,1,0,300
993,23,0,0,7,3,-8.28,0.5283,1,0,300
994,5,0,0,3,1,-5.65,0.5279,1,0,300
995,38,1,1,10,4,-7.33,0.5274,1,0,300
996,22,0,0,9,3,-4.12,0.5269,1,0,300
997,6,0,0,0,1,-5.56,0.5264,1,0,300
998,5,0,0,2,1,-5.5,0.526,1,0,300
999,7,0,0,3,1,-5.27,0.5255,1,0,300
1000,6,0,0,3,1,-5.21,0.525,1,0,300
1001,17,0,0,6,2,-6.52,0.5245,1,0,300
1002,9,0,0,4,1,-5.49,0.5241,1,0,300
1003,38,0,0,6,3,-7.83,0.5236,1,0,300
1004,14,0,0,5,2,-6.19,0.5231,1,0,300
1005,5,0,0,3,1,-4.65,0.5226,1,0,300
1006,18,0,0,6,2,-5.68,0.5222,1,0,300
1007,13,0,0,6,2,-5.83,0.5217,1,0,300
1008,28,0,0,5,3,-5.93,0.5212,1,0,300
1009,15,0,0,5,2,-6.65,0.5207,1,0,300
1010,5,0,0,2,1,-5.45,0.5203,1,0,300
1011,21,0,0,6,3,-7.46,0.5198,1,0,300
1012,14,0,0,4,2,-6.19,0.5193,1,0,300
1013,7,0,0,4,1,-4.92,0.5188,1,0,300
1014,28,1,1,8,3,-5.98,0.5184,1,0,300
1015,67,0,0,8,6,-16.02,0.5179,1,0,300
1016,5,0,0,2,1,-4.45,0.5174,1,0,300
1017,15,0,0,5,2,-5.2,0.5169,1,0,300
1018,5,0,0,4,1,-4.5,0.5165,1,0,300
1019,26,0,0,10,3,-6.46,0.516,1,0,300
1020,5,0,0,2,1,-4.4,0.5155,1,0,300
1021,21,0,0,5,3,-5.96,0.515,1,0,300
1022,5,0,0,4,1,-4.9,0.5146,1,0,300
1023,22,0,0,9,3,-4.32,0.5141,1,0,300
1024,40,0,0,7,4,-7.65,0.5136,1,0,300
1025,16,0,0,6,2,-7.46,0.5131,1,0,300
1026,24,0,0,10,3,-4.89,0.5127,1,0,301
1027,40,0,0,12,5,-6.25,0.5122,1,0,301
1028,6,0,0,3,1,-6.21,0.5117,1,0,301
1029,7,0,0,6,1,-3.82,0.5112,1,0,301
1030,27,0,0,8,3,-6.87,0.5108,1,0,304
1031,15,0,0,7,2,-4.65,0.5103,1,0,304
1032,42,0,0,10,5,-11.52,0.5098,1,0,304
1033,39,0,0,9,5,-7.09,0.5093,1,0,304
1034,5,0,0,1,1,-6.3,0.5089,1,0,304
1035,54,0,0,5,3,-8.59,0.5084,1,0,304
1036,30,1,1,8,3,-5.65,0.5079,1,0,304
1037,25,0,0,12,3,-5.45,0.5074,1,0,304
1038,15,0,0,6,2,-6.55,0.507,1,0,304
1039,16,0,0,9,2,-5.61,0.5065,1,0,304
1040,50,1,1,8,4,-8.85,0.506,1,0,304
1041,13,0,0,8,2,-5.23,0.5055,1,0,304
1042,13,0,0,6,2,-6.28,0.505,1,0,304
1043,19,0,0,9,2,-6.64,0.5046,1,0,304
1044,5,0,0,3,1,-6.15,0.5041,1,0,304
1045,24,0,0,5,3,-5.84,0.5036,1,0,304
1046,5,0,0,3,1,-5.65,0.5031,1,0,304
1047,37,0,0,6,3,-9.17,0.5027,1,0,304
1048,6,0,0,2,1,-5.46,0.5022,1,0,304
1049,5,0,0,3,1,-5.2,0.5017,1,0,304
1050,59,0,0,10,4,-10.04,0.5012,1,0,304
1051,70,0,0,8,3,-9.65,0.5008,1,0,304
1052,11,0,0,3,1,-5.76,0.5003,1,0,304
1053,31,0,0,9,4,-6.81,0.4998,1,0,304
1054,37,0,0,6,3,-9.37,0.4993,1,0,304
1055,5,0,0,3,1,-5.15,0.4989,1,0,304
1056,5,0,0,3,1,-5.15,0.4984,1,0,304
1057,33,0,0,9,3,-6.33,0.4979,1,0,304
1058,22,0,0,8,3,-5.37,0.4974,1,0,304
1059,16,0,0,7,2,-6.21,0.497,1,0,304
1060,78,0,0,5,4,-11.73,0.4965,1,0,304
1061,9,0,0,5,1,-5.19,0.496,1,0,304
1062,47,0,0,16,6,-5.67,0.4956,1,0,305
1063,24,1,1,7,3,-5.29,0.4951,1,0,305
1064,6,0,0,3,1,-5.71,0.4946,1,0,305
1065,5,0,0,3,1,-5.15,0.4941,1,0,305
1066,43,0,0,7,3,-8.28,0.4937,1,0,305
1067,24,0,0,9,3,-6.24,0.4932,1,0,305
1068,22,0,0,3,2,-7.52,0.4927,1,0,305
1069,6,0,0,1,1,-5.81,0.4922,1,0,305
1070,10,0,0,3,1,-6.85,0.4918,1,0,305
1071,23,1,1,12,3,-2.73,0.4913,1,0,305
1072,5,0,0,3,1,-4.75,0.4908,1,0,305
1073,15,0,0,6,2,-6.45,0.4903,1,0,305
1074,5,0,0,2,1,-4.6,0.4899,1,0,305
1075,26,0,0,8,3,-5.01,0.4894,1,0,305
1076,30,0,0,6,3,-7.35,0.4889,1,0,305
1077,39,1,1,9,4,-5.39,0.4884,1,0,306
1078,23,0,0,11,3,-5.03,0.4879,1,0,306
1079,16,0,0,3,2,-6.41,0.4875,1,0,306
1080,8,0,0,5,1,-4.03,0.487,1,0,306
1081,14,0,0,8,2,-5.34,0.4865,1,0,306
1082,13,0,0,8,2,-3.78,0.486,1,0,306
1083,24,1,1,11,3,-3.54,0.4856,1,0,306
1084,16,0,0,5,2,-7.36,0.4851,1,0,306
1085,6,0,0,2,1,-6.46,0.4846,1,0,306
1086,5,0,0,2,1,-5.3,0.4841,1,0,306
1087,5,0,0,4,1,-4.4,0.4837,1,0,306
1088,7,0,0,6,1,-4.77,0.4832,1,0,306
1089,21,0,0,9,3,-5.61,0.4827,1,0,306
1090,51,0,0,9,4,-7.06,0.4822,1,0,308
1091,5,0,0,2,1,-4.55,0.4818,1,0,308
1092,38,0,0,11,5,-6.78,0.4813,1,0,308
1093,29,0,0,10,3,-7.89,0.4808,1,0,308
1094,14,0,0,8,2,-5.14,0.4803,1,0,308
1095,15,0,0,7,2,-5.7,0.4799,1,0,308
1096,6,0,0,1,1,-5.36,0.4794,1,0,308
1097,22,0,0,9,3,-6.87,0.4789,1,0,308
1098,25,0,0,9,3,-7.75,0.4784,1,0,308
1099,32,0,0,8,4,-7.22,0.478,1,0,308
1100,15,0,0,6,2,-5.65,0.4775,1,0,308
1101,48,0,0,11,6,-6.08,0.477,1,0,309
1102,23,0,0,10,3,-5.43,0.4766,1,0,309
1103,9,0,0,4,1,-5.94,0.4761,1,0,309
1104,9,0,0,6,1,-4.89,0.4756,1,0,309
1105,15,0,0,9,2,-4.4,0.4751,1,0,309
1106,5,0,0,4,1,-4.95,0.4747,1,0,309
1107,40,0,0,8,4,-7.85,0.4742,1,0,309
1108,9,0,0,6,1,-3.34,0.4737,1,0,309
1109,6,0,0,3,1,-4.71,0.4732,1,0,309
1110,26,2,2,11,3,-3.41,0.4728,1,0,311
1111,30,0,0,4,3,-7.8,0.4723,1,0,311
1112,21,0,0,9,3,-6.06,0.4718,1,0,311
1113,5,0,0,1,1,-5.25,0.4713,1,0,311
1114,22,0,0,7,3,-4.62,0.4708,1,0,312
1115,57,0,0,14,6,-5.22,0.4704,1,0,317
1116,23,1,1,6,3,-5.48,0.4699,1,0,317
1117,13,0,0,6,2,-4.48,0.4694,1,0,317
1118,5,0,0,3,1,-5.7,0.4689,1,0,317
1119,5,0,0,3,1,-4.75,0.4685,1,0,317
1120,33,0,0,13,3,-4.63,0.468,1,0,317
1121,5,0,0,1,1,-4.8,0.4675,1,0,317
1122,63,0,0,13,5,-7.43,0.467,1,0,317
1123,8,0,0,6,1,-4.38,0.4666,1,0,317
1124,13,0,0,5,1,-5.68,0.4661,1,0,317
1125,159,0,0,12,10,-14.34,0.4656,1,0,317
1126,5,0,0,2,1,-5.45,0.4652,1,0,317
1127,32,0,0,12,4,-4.82,0.4647,1,0,317
1128,18,0,0,7,2,-6.18,0.4642,1,0,317
1129,41,2,2,18,5,-3.46,0.4637,1,0,319
1130,34,0,0,8,3,-6.19,0.4633,1,0,319
1131,7,0,0,1,1,-6.37,0.4628,1,0,319
1132,24,0,0,9,3,-4.79,0.4623,1,0,319
1133,50,0,0,12,5,-7.65,0.4618,1,0,323
1134,6,0,0,2,1,-6.01,0.4614,1,0,323
1135,7,0,0,4,1,-4.92,0.4609,1,0,323
1136,6,0,0,2,1,-5.41,0.4604,1,0,323
1137,14,0,0,6,2,-5.44,0.4599,1,0,323
1138,5,0,0,1,1,-5.25,0.4595,1,0,323
1139,5,0,0,3,1,-5.65,0.459,1,0,323
1140,6,0,0,3,1,-5.26,0.4585,1,0,323
1141,41,0,0,11,5,-10.36,0.458,1,0,323
1142,27,0,0,11,3,-5.57,0.4576,1,0,323
1143,23,0,0,7,3,-5.33,0.4571,1,0,323
1144,5,0,0,3,1,-5.1,0.4566,1,0,323
1145,49,0,0,15,6,-5.24,0.4561,1,0,324
1146,5,0,0,3,1,-5.6,0.4557,1,0,324
1147,5,0,0,3,1,-4.1,0.4552,1,0,324
1148,21,0,0,8,3,-6.71,0.4547,1,0,324
1149,47,0,0,12,6,-7.77,0.4542,1,0,324
1150,30,0,0,7,3,-6.95,0.4538,1,0,324
1151,43,0,0,10,5,-6.13,0.4533,1,0,324
1152,31,0,0,7,3,-6.46,0.4528,1,0,324
1153,7,0,0,3,1,-4.72,0.4523,1,0,324
1154,13,0,0,6,2,-5.38,0.4519,1,0,324
1155,42,1,1,7,4,-8.52,0.4514,1,0,324
1156,14,0,0,5,2,-4.79,0.4509,1,0,324
1157,5,0,0,3,1,-4.8,0.4504,1,0,324
1158,6,0,0,3,1,-5.26,0.45,1,0,324
1159,6,0,0,3,1,-5.61,0.4495,1,0,324
1160,6,0,0,1,1,-6.31,0.449,1,0,324
1161,33,0,0,7,4,-8.48,0.4485,1,0,324
1162,33,1,1,13,4,-2.43,0.4481,1,0,324
1163,5,0,0,3,1,-4.75,0.4476,1,0,324
1164,5,0,0,2,1,-5.4,0.4471,1,0,324
1165,23,0,0,8,3,-6.58,0.4466,1,0,324
1166,33,0,0,12,3,-6.93,0.4462,1,0,327
1167,20,0,0,10,3,-3.85,0.4457,1,0,327
1168,23,0,0,9,3,-5.68,0.4452,1,0,327
1169,14,0,0,8,2,-4.69,0.4447,1,0,327
1170,14,0,0,4,2,-7.04,0.4443,1,0,327
1171,38,0,0,9,3,-6.38,0.4438,1,0,327
1172,25,0,0,8,3,-6.9,0.4433,1,0,327
1173,5,0,0,3,1,-4.7,0.4428,1,0,327
1174,9,0,0,6,1,-4.79,0.4424,1,0,327
1175,137,0,0,16,10,-12.82,0.4419,1,0,328
1176,82,0,0,12,7,-7.42,0.4414,1,0,328
1177,9,0,0,6,1,-3.94,0.4409,1,0,328
1178,14,0,0,8,2,-4.34,0.4405,1,0,328
1179,40,0,0,11,4,-5.0,0.44,1,0,328
1180,15,0,0,6,2,-6.55,0.4395,1,0,328
1181,5,0,0,3,1,-4.65,0.439,1,0,328
1182,23,0,0,11,3,-4.13,0.4386,1,0,328
1183,29,0,0,6,3,-7.19,0.4381,1,0,328
1184,16,0,0,2,1,-5.11,0.4376,1,0,328
1185,46,2,2,8,4,-5.31,0.4371,1,0,328
1186,34,0,0,12,4,-6.09,0.4367,1,0,328
1187,38,0,0,15,5,-4.68,0.4362,1,0,328
1188,6,0,0,2,1,-5.56,0.4357,1,0,328
1189,7,0,0,4,1,-4.82,0.4352,1,0,328
1190,23,0,0,9,3,-4.58,0.4348,1,0,328
1191,56,0,0,19,6,-5.06,0.4343,1,0,330
1192,9,0,0,3,1,-4.94,0.4338,1,0,330
1193,6,0,0,2,1,-5.61,0.4333,1,0,330
1194,5,0,0,3,1,-5.1,0.4329,1,0,330
1195,5,0,0,2,1,-4.5,0.4324,1,0,330
1196,23,0,0,5,3,-6.13,0.4319,1,0,330
1197,31,0,0,11,3,-5.86,0.4314,1,0,330
1198,29,1,1,10,3,-6.59,0.431,1,0,330
1199,25,0,0,8,3,-5.7,0.4305,1,0,330
1200,23,0,0,9,2,-5.13,0.43,1,0,330
1201,23,1,1,9,3,-5.08,0.4295,1,0,330
1202,5,0,0,3,1,-4.65,0.4291,1,0,330
1203,35,0,0,9,4,-7.95,0.4286,1,0,330
1204,48,1,1,14,6,-6.23,0.4281,1,0,331
1205,83,1,1,12,5,-8.18,0.4276,1,0,331
1206,24,0,0,13,3,-3.89,0.4272,1,0,331
1207,26,0,0,8,3,-5.56,0.4267,1,0,331
1208,13,0,0,5,2,-6.98,0.4262,1,0,331
1209,39,1,1,9,4,-4.94,0.4257,1,0,331
1210,10,0,0,2,1,-4.6,0.4253,1,0,331
1211,17,0,0,4,2,-7.12,0.4248,1,0,331
1212,6,0,0,3,1,-6.66,0.4243,1,0,331
1213,5,0,0,2,1,-5.45,0.4238,1,0,331
1214,7,0,0,3,1,-5.27,0.4234,1,0,331
1215,22,0,0,11,3,-4.47,0.4229,1,0,331
1216,5,0,0,1,1,-5.3,0.4224,1,0,331
1217,24,0,0,8,3,-6.59,0.4219,1,0,331
1218,9,0,0,5,1,-4.14,0.4214,1,0,331
1219,41,1,1,16,5,-3.81,0.421,1,0,334
1220,27,0,0,6,3,-7.12,0.4205,1,0,334
1221,5,0,0,3,1,-4.2,0.42,1,0,334
1222,45,0,0,12,4,-6.2,0.4196,1,0,335
1223,13,0,0,6,2,-5.03,0.4191,1,0,335
1224,9,0,0,3,1,-5.34,0.4186,1,0,335
1225,22,0,0,10,3,-4.87,0.4181,1,0,335
1226,49,0,0,12,5,-7.04,0.4177,1,0,336
1227,42,0,0,9,3,-7.02,0.4172,1,0,336
1228,5,0,0,1,1,-5.8,0.4167,1,0,336
1229,7,0,0,5,1,-5.07,0.4162,1,0,336
1230,5,0,0,3,1,-4.75,0.4158,1,0,336
1231,60,0,0,5,3,-9.5,0.4153,1,0,336
1232,6,0,0,3,1,-5.26,0.4148,1,0,336
1233,37,0,0,8,2,-4.22,0.4143,1,0,336
1234,22,0,0,7,3,-6.82,0.4139,1,0,338
1235,24,0,0,8,3,-6.59,0.4134,1,0,339
1236,13,0,0,5,2,-5.73,0.4129,1,0,339
1237,63,0,0,15,7,-8.68,0.4124,1,0,339
1238,13,0,0,5,2,-4.78,0.412,1,0,339
1239,39,0,0,13,5,-5.44,0.4115,1,0,339
1240,95,0,0,10,9,-8.45,0.411,1,0,339
1241,5,0,0,4,1,-4.0,0.4105,1,0,339
1242,32,0,0,8,3,-5.52,0.4101,1,0,339
1243,5,0,0,4,1,-4.35,0.4096,1,0,339
1244,105,0,0,7,5,-10.3,0.4091,1,0,339
1245,7,0,0,5,1,-4.07,0.4086,1,0,339
1246,11,0,0,4,1,-5.96,0.4082,1,0,339
1247,9,0,0,5,1,-4.74,0.4077,1,0,339
1248,64,0,0,6,4,-10.54,0.4072,1,0,339
1249,25,0,0,6,3,-5.55,0.4067,1,0,339
1250,14,0,0,5,2,-6.34,0.4062,1,0,339
1251,32,0,0,8,4,-5.27,0.4058,1,0,339
1252,27,0,0,9,3,-5.17,0.4053,1,0,339
1253,22,0,0,10,3,-3.52,0.4048,1,0,339
1254,6,0,0,3,1,-4.21,0.4043,1,0,339
1255,5,0,0,4,1,-4.45,0.4039,1,0,339
1256,29,0,0,9,3,-6.19,0.4034,1,0,339
1257,27,0,0,12,3,-3.72,0.4029,1,0,339
1258,26,1,1,10,3,-4.76,0.4024,1,0,339
1259,7,0,0,3,1,-6.22,0.402,1,0,339
1260,61,0,0,13,4,-7.86,0.4015,1,0,339
1261,27,0,0,6,2,-4.52,0.401,1,0,339
1262,6,0,0,2,1,-5.11,0.4006,1,0,339
1263,42,0,0,15,5,-5.22,0.4001,1,0,339
1264,26,0,0,11,3,-5.71,0.3996,1,0,339
1265,26,0,0,8,3,-6.46,0.3991,1,0,339
1266,27,0,0,11,3,-6.22,0.3987,1,0,339
1267,42,0,0,8,3,-7.17,0.3982,1,0,339
1268,24,0,0,10,3,-5.44,0.3977,1,0,339
1269,21,1,1,11,3,-2.96,0.3972,1,0,339
1270,13,0,0,5,2,-7.53,0.3968,1,0,339
1271,15,0,0,7,2,-5.1,0.3963,1,0,339
1272,32,1,1,7,3,-4.72,0.3958,1,0,340
1273,17,0,0,6,2,-5.42,0.3953,1,0,340
1274,23,0,0,8,3,-5.43,0.3949,1,0,340
1275,13,0,0,6,2,-4.53,0.3944,1,0,340
1276,60,0,0,8,3,-10.85,0.3939,1,0,340
1277,22,0,0,10,3,-5.47,0.3934,1,0,340
1278,30,0,0,10,4,-6.75,0.393,1,0,340
1279,23,0,0,7,3,-6.23,0.3925,1,0,340
1280,59,1,1,11,5,-6.79,0.392,1,0,340
1281,23,0,0,11,3,-5.03,0.3915,1,0,340
1282,6,0,0,2,1,-6.06,0.3911,1,0,340
1283,27,0,0,8,3,-6.57,0.3906,1,0,341
1284,50,0,0,14,5,-7.5,0.3901,1,0,341
1285,14,0,0,6,2,-4.49,0.3896,1,0,341
1286,26,0,0,7,3,-6.91,0.3891,1,0,341
1287,53,0,0,13,6,-7.23,0.3887,1,0,341
1288,21,0,0,5,3,-5.56,0.3882,1,0,341
1289,14,0,0,5,2,-5.79,0.3877,1,0,341
1290,9,0,0,5,1,-5.19,0.3872,1,0,341
1291,31,0,0,5,3,-9.51,0.3868,1,0,341
1292,25,0,0,5,3,-5.85,0.3863,1,0,341
1293,24,0,0,10,3,-5.79,0.3858,1,0,341
1294,21,0,0,15,3,-3.11,0.3853,1,0,341
1295,6,0,0,3,1,-4.66,0.3849,1,0,341
1296,90,0,0,23,9,-7.35,0.3844,1,0,345
1297,150,1,1,13,10,-10.6,0.3839,1,0,346
1298,51,0,0,12,3,-5.96,0.3834,1,0,348
1299,26,0,0,9,3,-5.86,0.383,1,0,348
1300,20,0,0,6,3,-5.1,0.3825,1,0,348
1301,27,0,0,9,3,-5.77,0.382,1,0,348
1302,15,0,0,9,2,-4.0,0.3816,1,0,348
1303,31,0,0,5,3,-6.56,0.3811,1,0,348
1304,39,0,0,8,3,-6.79,0.3806,1,0,350
1305,22,0,0,10,3,-4.92,0.3801,1,0,350
1306,8,0,0,6,1,-3.43,0.3797,1,0,350
1307,6,0,0,3,1,-5.61,0.3792,1,0,350
1308,15,0,0,8,2,-5.15,0.3787,1,0,350
1309,7,0,0,3,1,-5.72,0.3782,1,0,350
1310,23,0,0,5,3,-6.48,0.3778,1,0,350
1311,26,0,0,11,3,-4.26,0.3773,1,0,350
1312,20,0,0,3,1,-5.2,0.3768,1,0,350
1313,69,0,0,9,6,-8.39,0.3763,1,0,350
1314,56,0,0,11,6,-7.31,0.3759,1,0,350
1315,24,0,0,10,3,-4.89,0.3754,1,0,350
1316,45,0,0,10,5,-5.6,0.3749,1,0,357
1317,28,1,1,10,3,-3.38,0.3744,1,0,357
1318,13,0,0,6,2,-4.93,0.374,1,0,357
1319,13,0,0,5,2,-6.18,0.3735,1,0,357
1320,8,0,0,1,1,-6.28,0.373,1,0,357
1321,52,0,0,8,6,-7.92,0.3725,1,0,360
1322,88,1,1,9,4,-8.48,0.372,1,0,362
1323,13,0,0,5,2,-5.23,0.3716,1,0,362
1324,23,0,0,7,3,-5.38,0.3711,1,0,362
1325,75,0,0,8,4,-7.2,0.3706,1,0,362
1326,23,0,0,9,3,-3.68,0.3701,1,0,362
1327,7,0,0,3,1,-5.67,0.3697,1,0,364
1328,34,0,0,8,3,-3.79,0.3692,1,0,364
1329,53,0,0,5,3,-8.58,0.3687,1,0,364
1330,45,0,0,6,4,-5.35,0.3682,1,0,365
1331,38,0,0,10,3,-5.03,0.3678,1,0,366
1332,89,1,1,12,6,-9.64,0.3673,1,0,366
1333,100,0,0,15,7,-7.4,0.3668,1,0,367
1334,13,0,0,1,1,-6.38,0.3663,1,0,367
1335,25,0,0,7,3,-5.75,0.3659,1,0,367
1336,31,1,1,7,4,-5.51,0.3654,1,0,370
1337,10,0,0,4,1,-5.5,0.3649,1,0,370
1338,34,0,0,13,4,-3.99,0.3644,1,0,370
1339,55,0,0,20,4,-5.3,0.364,1,0,371
1340,28,0,0,9,3,-5.83,0.3635,1,0,371
1341,47,0,0,7,4,-6.82,0.363,1,0,371
1342,6,0,0,4,1,-5.01,0.3626,1,0,371
1343,22,0,0,11,3,-4.57,0.3621,1,0,371
1344,8,0,0,6,1,-4.33,0.3616,1,0,371
1345,45,1,1,5,3,-8.1,0.3611,1,0,371
1346,34,0,0,13,4,-3.29,0.3607,1,0,371
1347,7,0,0,5,1,-4.67,0.3602,1,0,371
1348,56,0,0,11,4,-7.11,0.3597,1,0,371
1349,20,0,0,8,3,-4.9,0.3592,1,0,371
1350,36,0,0,7,4,-7.56,0.3588,1,0,371
1351,5,0,0,3,1,-5.2,0.3583,1,0,371
1352,25,1,1,8,3,-6.85,0.3578,1,0,371
1353,40,1,1,14,4,-3.75,0.3573,1,0,371
1354,14,0,0,6,2,-4.99,0.3569,1,0,371
1355,36,0,0,11,3,-4.51,0.3564,1,0,371
1356,73,0,0,14,5,-9.03,0.3559,1,0,371
1357,27,0,0,6,3,-6.77,0.3554,1,0,371
1358,14,0,0,7,2,-4.64,0.3549,1,0,371
1359,35,0,0,11,4,-5.2,0.3545,1,0,371
1360,13,0,0,5,2,-5.13,0.354,1,0,371
1361,25,0,0,6,3,-7.75,0.3535,1,0,371
1362,40,0,0,10,4,-6.0,0.353,1,0,372
1363,28,0,0,9,3,-7.88,0.3526,1,0,372
1364,37,0,0,12,5,-6.42,0.3521,1,0,372
1365,22,0,0,7,3,-5.77,0.3516,1,0,372
1366,6,0,0,3,1,-5.71,0.3511,1,0,372
1367,22,0,0,10,3,-4.82,0.3507,1,0,372
1368,22,0,0,9,3,-3.67,0.3502,1,0,372
1369,21,0,0,9,3,-4.71,0.3497,1,0,372
1370,28,0,0,10,3,-5.08,0.3492,1,0,372
1371,6,0,0,2,1,-4.96,0.3488,1,0,372
1372,93,0,0,9,5,-10.18,0.3483,1,0,372
1373,74,0,0,22,7,-4.84,0.3478,1,0,376
1374,27,0,0,10,3,-4.82,0.3473,1,0,376
1375,23,0,0,8,3,-6.08,0.3469,1,0,376
1376,5,0,0,3,1,-4.15,0.3464,1,0,376
1377,42,0,0,10,5,-5.97,0.3459,1,0,376
1378,89,0,0,13,7,-5.99,0.3455,1,0,376
1379,20,0,0,4,2,-6.55,0.345,1,0,376
1380,7,0,0,6,1,-4.32,0.3445,1,0,376
1381,21,0,0,8,3,-6.01,0.344,1,0,376
1382,15,0,0,7,2,-4.6,0.3436,1,0,376
1383,23,0,0,11,3,-5.18,0.3431,1,0,376
1384,13,0,0,4,2,-4.53,0.3426,1,0,376
1385,35,0,0,10,4,-6.6,0.3421,1,0,376
1386,21,0,0,9,3,-6.11,0.3417,1,0,376
1387,25,0,0,11,3,-4.25,0.3412,1,0,376
1388,29,0,0,13,3,-2.84,0.3407,1,0,376
1389,54,0,0,6,3,-7.29,0.3402,1,0,376
1390,7,0,0,3,1,-5.07,0.3398,1,0,376
1391,16,0,0,8,2,-4.81,0.3393,1,0,376
1392,31,0,0,11,4,-4.71,0.3388,1,0,378
1393,10,0,0,4,1,-5.4,0.3383,1,0,379
1394,14,0,0,6,2,-3.99,0.3379,1,0,380
1395,29,1,1,12,4,-4.34,0.3374,1,0,380
1396,65,0,0,13,5,-8.3,0.3369,1,0,380
1397,91,0,0,8,5,-10.46,0.3364,1,0,381
1398,25,1,1,9,3,-3.75,0.336,1,0,381
1399,26,0,0,9,3,-5.71,0.3355,1,0,381
1400,14,0,0,5,2,-4.79,0.335,1,0,381
1401,29,0,0,9,4,-8.29,0.3345,1,0,381
1402,13,0,0,5,2,-5.68,0.3341,1,0,381
1403,38,0,0,14,5,-6.08,0.3336,1,0,381
1404,28,0,0,6,3,-5.73,0.3331,1,0,381
1405,48,0,0,10,5,-5.48,0.3326,1,0,383
1406,30,1,1,10,3,-2.85,0.3322,1,0,383
1407,30,0,0,6,4,-7.85,0.3317,1,0,383
1408,46,0,0,12,4,-6.36,0.3312,1,0,383
1409,52,0,0,9,5,-7.47,0.3307,1,0,387
1410,42,0,0,9,4,-6.92,0.3303,1,0,387
1411,26,0,0,9,3,-4.81,0.3298,1,0,387
1412,6,0,0,3,1,-4.76,0.3293,1,0,387
1413,22,1,1,8,3,-4.87,0.3288,1,0,387
1414,58,1,1,15,5,-6.38,0.3284,1,0,390
1415,52,0,0,16,6,-5.67,0.3279,1,0,390
1416,62,0,0,16,5,-3.47,0.3274,1,0,391
1417,51,0,0,9,4,-8.11,0.3269,1,0,391
1418,7,0,0,6,1,-4.22,0.3265,1,0,391
1419,28,0,0,12,3,-3.93,0.326,1,0,391
1420,5,0,0,3,1,-5.7,0.3255,1,0,391
1421,22,0,0,11,3,-4.62,0.325,1,0,391
1422,104,1,1,14,8,-6.24,0.3246,1,0,394
1423,28,1,1,14,4,-2.78,0.3241,1,0,394
1424,62,1,1,13,6,-6.32,0.3236,1,0,394
1425,8,0,0,3,1,-4.23,0.3231,1,0,394
1426,24,0,0,11,3,-5.64,0.3227,1,0,394
1427,23,1,1,10,3,-3.08,0.3222,1,0,394
1428,85,1,1,19,7,-5.4,0.3217,1,0,397
1429,20,0,0,6,3,-6.0,0.3212,1,0,397
1430,79,1,1,13,6,-7.74,0.3208,1,0,397
1431,14,0,0,8,2,-4.39,0.3203,1,0,397
1432,24,0,0,10,3,-4.29,0.3198,1,0,397
1433,22,0,0,7,3,-6.27,0.3193,1,0,397
1434,21,0,0,10,3,-5.21,0.3189,1,0,397
1435,28,0,0,8,3,-6.43,0.3184,1,0,397
1436,40,0,0,12,5,-6.05,0.3179,1,0,397
1437,13,0,0,8,2,-4.83,0.3174,1,0,397
1438,25,0,0,8,3,-5.7,0.317,1,0,397
1439,39,1,1,16,5,-4.79,0.3165,1,0,397
1440,79,0,0,9,5,-7.59,0.316,1,0,397
1441,23,0,0,8,3,-5.13,0.3155,1,0,397
1442,22,0,0,6,3,-6.42,0.3151,1,0,400
1443,70,1,1,12,6,-5.85,0.3146,1,0,401
1444,24,0,0,9,3,-4.74,0.3141,1,0,401
1445,45,0,0,6,3,-6.55,0.3136,1,0,401
1446,5,0,0,2,1,-6.45,0.3132,1,0,401
1447,88,0,0,9,8,-9.43,0.3127,1,0,401
1448,55,2,2,15,6,-4.0,0.3122,1,0,401
1449,48,1,1,21,6,-5.63,0.3117,1,0,401
1450,5,0,0,3,1,-4.75,0.3113,1,0,401
1451,30,0,0,7,3,-5.4,0.3108,1,0,401
1452,21,1,1,9,3,-3.61,0.3103,1,0,401
1453,24,0,0,8,3,-4.64,0.3098,1,0,401
1454,8,0,0,6,1,-4.68,0.3094,1,0,401
1455,7,0,0,4,1,-4.87,0.3089,1,0,401
1456,57,0,0,9,3,-8.12,0.3084,1,0,401
1457,167,0,0,14,13,-14.12,0.3079,1,0,402
1458,47,0,0,15,6,-5.52,0.3075,1,0,402
1459,5,0,0,2,1,-5.9,0.307,1,0,402
1460,85,0,0,9,3,-9.05,0.3065,1,0,402
1461,5,0,0,3,1,-4.3,0.306,1,0,402
1462,13,0,0,4,2,-6.98,0.3056,1,0,402
1463,22,0,0,11,3,-5.12,0.3051,1,0,402
1464,40,0,0,7,3,-7.95,0.3046,1,0,402
1465,65,1,1,16,4,-5.35,0.3041,1,0,402
1466,23,0,0,7,3,-6.83,0.3037,1,0,402
1467,17,0,0,5,2,-7.82,0.3032,1,0,402
1468,22,0,0,8,3,-5.42,0.3027,1,0,402
1469,48,0,0,9,4,-6.18,0.3022,1,0,402
1470,21,0,0,7,3,-5.56,0.3018,1,0,402
1471,85,0,0,16,7,-7.25,0.3013,1,0,402
1472,13,0,0,6,2,-5.03,0.3008,1,0,402
1473,5,0,0,2,1,-5.35,0.3003,1,0,402
1474,36,1,1,9,4,-4.46,0.2999,1,0,402
1475,30,1,1,15,4,-2.8,0.2994,1,0,402
1476,13,0,0,6,2,-5.53,0.2989,1,0,402
1477,30,0,0,8,4,-5.75,0.2984,1,0,403
1478,13,0,0,4,2,-5.88,0.298,1,0,403
1479,43,0,0,6,3,-6.53,0.2975,1,0,403
1480,63,0,0,10,6,-9.13,0.297,1,0,403
1481,47,0,0,12,5,-4.87,0.2965,1,0,403
1482,24,2,2,7,3,-2.74,0.2961,1,0,403
1483,15,0,0,5,2,-5.6,0.2956,1,0,403
1484,15,0,0,6,2,-5.6,0.2951,1,0,403
1485,32,0,0,8,3,-5.02,0.2946,1,0,403
1486,37,0,0,11,5,-6.17,0.2942,1,0,404
1487,37,0,0,13,5,-4.97,0.2937,1,0,404
1488,21,0,0,4,3,-6.31,0.2932,1,0,404
1489,118,1,1,24,11,-5.38,0.2927,1,0,406
1490,24,0,0,9,3,-4.64,0.2923,1,0,406
1491,13,0,0,2,1,-5.13,0.2918,1,0,406
1492,14,0,0,9,2,-3.69,0.2913,1,0,406
1493,62,0,0,15,6,-7.22,0.2908,1,0,406
1494,78,0,0,9,3,-7.33,0.2903,1,0,406
1495,25,0,0,5,2,-4.95,0.2899,1,0,406
1496,20,0,0,8,3,-6.45,0.2894,1,0,406
1497,12,0,0,4,1,-5.52,0.2889,1,0,406
1498,22,0,0,9,3,-3.72,0.2884,1,0,406
1499,13,0,0,4,2,-5.08,0.288,1,0,406
1500,38,0,0,10,4,-5.58,0.2875,1,0,406
1501,23,0,0,11,3,-4.58,0.287,1,0,406
1502,16,0,0,8,2,-4.41,0.2866,1,0,406
1503,41,1,1,11,4,-4.76,0.2861,1,0,406
1504,169,1,1,32,10,-8.04,0.2856,1,0,408
1505,37,1,1,10,4,-5.02,0.2851,1,0,408
1506,5,0,0,2,1,-5.45,0.2847,1,0,408
1507,43,0,0,10,4,-5.23,0.2842,1,0,408
1508,22,1,1,12,3,-3.02,0.2837,1,0,408
1509,30,0,0,7,3,-5.35,0.2832,1,0,408
1510,21,1,1,9,3,-4.41,0.2828,1,0,409
1511,14,0,0,8,2,-5.69,0.2823,1,0,409
1512,112,0,0,11,4,-6.52,0.2818,1,0,409
1513,43,1,1,17,5,-3.53,0.2813,1,0,414
1514,5,0,0,3,1,-5.25,0.2809,1,0,414
1515,69,0,0,12,7,-5.24,0.2804,1,0,414
1516,8,0,0,6,1,-4.38,0.2799,1,0,414
1517,25,1,1,12,3,-3.8,0.2794,1,0,414
1518,86,1,1,13,6,-7.36,0.279,1,0,414
1519,42,0,0,8,4,-9.82,0.2785,1,0,414
1520,77,0,0,16,6,-6.57,0.278,1,0,414
1521,15,0,0,6,2,-6.1,0.2775,1,0,414
1522,68,0,0,5,4,-9.03,0.2771,1,0,414
1523,72,0,0,24,7,-6.67,0.2766,1,0,414
1524,44,0,0,16,5,-4.44,0.2761,1,0,414
1525,189,0,0,17,11,-10.99,0.2756,1,0,414
1526,32,1,1,15,4,-2.92,0.2752,1,0,414
1527,45,0,0,13,4,-3.65,0.2747,1,0,414
1528,35,0,0,11,4,-3.9,0.2742,1,0,414
1529,5,0,0,1,1,-5.75,0.2737,1,0,414
1530,63,0,0,9,5,-8.18,0.2732,1,0,414
1531,67,0,0,14,4,-6.17,0.2728,1,0,414
1532,28,1,1,10,4,-5.98,0.2723,1,0,414
1533,7,0,0,4,1,-3.92,0.2718,1,0,414
1534,61,0,0,23,7,-5.11,0.2713,1,0,414
1535,30,0,0,13,4,-4.2,0.2709,1,0,414
1536,13,0,0,4,2,-6.08,0.2704,1,0,414
1537,58,0,0,9,5,-5.78,0.2699,1,0,414
1538,26,0,0,7,3,-7.16,0.2694,1,0,414
1539,31,0,0,8,3,-6.26,0.269,1,0,414
1540,14,0,0,5,2,-4.84,0.2685,1,0,414
1541,29,1,1,8,3,-6.09,0.268,1,0,416
1542,31,1,1,11,4,-4.01,0.2676,1,0,416
1543,20,0,0,5,3,-7.3,0.2671,1,0,416
1544,24,0,0,11,3,-3.74,0.2666,1,0,416
1545,116,0,0,19,10,-9.51,0.2661,1,0,417
1546,24,0,0,7,2,-4.64,0.2657,1,0,417
1547,28,0,0,6,3,-5.83,0.2652,1,0,417
1548,34,0,0,11,3,-5.29,0.2647,1,0,417
1549,5,0,0,4,1,-4.0,0.2642,1,0,417
1550,5,0,0,4,1,-4.0,0.2638,1,0,417
1551,70,0,0,13,6,-7.05,0.2633,1,0,417
1552,54,1,1,7,3,-6.04,0.2628,1,0,419
1553,74,1,1,16,5,-3.94,0.2623,1,0,419
1554,21,0,0,11,3,-5.06,0.2619,1,0,419
1555,5,0,0,2,1,-5.1,0.2614,1,0,419
1556,28,0,0,12,4,-3.93,0.2609,1,0,419
1557,149,0,0,15,7,-9.59,0.2604,1,0,423
1558,52,0,0,15,5,-3.92,0.26,1,0,423
1559,41,0,0,7,4,-5.41,0.2595,1,0,423
1560,16,0,0,6,2,-6.51,0.259,1,0,423
1561,46,0,0,8,5,-8.06,0.2585,1,0,423
1562,44,0,0,14,5,-3.14,0.2581,1,0,423
1563,14,0,0,6,2,-5.49,0.2576,1,0,423
1564,25,0,0,11,3,-3.75,0.2571,1,0,423
1565,34,0,0,8,4,-6.34,0.2566,1,0,423
1566,6,0,0,3,1,-6.06,0.2561,1,0,423
1567,110,1,1,27,8,-3.55,0.2557,1,0,423
1568,26,0,0,12,3,-4.51,0.2552,1,0,423
1569,88,0,0,20,6,-6.73,0.2547,1,0,423
1570,393,1,1,27,38,-19.23,0.2542,1,0,428
1571,23,0,0,7,3,-5.23,0.2538,1,0,428
1572,37,0,0,11,5,-7.52,0.2533,1,0,428
1573,103,0,0,12,5,-5.98,0.2528,1,0,428
1574,76,1,1,12,9,-6.16,0.2523,1,0,429
1575,37,1,1,12,5,-3.52,0.2519,1,0,429
1576,31,1,1,8,3,-4.21,0.2514,1,0,429
1577,22,0,0,5,3,-5.87,0.2509,1,0,429
1578,21,1,1,6,3,-4.36,0.2504,1,0,429
1579,22,0,0,8,3,-4.62,0.25,1,0,429
1580,92,0,0,18,8,-7.57,0.2495,1,0,429
1581,22,0,0,11,3,-4.52,0.249,1,0,429
1582,25,0,0,8,3,-4.9,0.2486,1,0,429
1583,26,0,0,3,1,-5.91,0.2481,1,0,429
1584,70,0,0,16,6,-8.1,0.2476,1,0,429
1585,5,0,0,3,1,-4.25,0.2471,1,0,429
1586,61,0,0,20,6,-3.56,0.2467,1,0,429
1587,81,1,1,13,6,-7.21,0.2462,1,0,429
1588,38,0,0,13,5,-5.78,0.2457,1,0,429
1589,5,0,0,2,1,-4.55,0.2452,1,0,429
1590,126,0,0,13,7,-9.61,0.2448,1,0,429
1591,9,0,0,5,1,-5.19,0.2443,1,0,429
1592,77,0,0,15,7,-7.22,0.2438,1,0,431
1593,32,0,0,12,4,-5.92,0.2433,1,0,431
1594,5,0,0,1,1,-5.25,0.2429,1,0,431
1595,14,0,0,8,2,-4.19,0.2424,1,0,432
1596,5,0,0,3,1,-4.65,0.2419,1,0,432
1597,41,1,1,15,5,-1.61,0.2414,1,0,433
1598,36,0,0,12,4,-4.71,0.2409,1,0,433
1599,24,0,0,10,3,-5.49,0.2405,1,0,433
1600,33,0,0,13,4,-4.13,0.24,1,0,434
1601,54,0,0,11,5,-7.19,0.2395,1,0,435
1602,43,0,0,7,3,-6.58,0.239,1,0,435
1603,125,0,0,14,5,-8.0,0.2386,1,0,437
1604,92,1,1,15,8,-6.87,0.2381,1,0,437
1605,13,0,0,9,2,-4.08,0.2376,1,0,437
1606,283,0,0,29,22,-15.13,0.2371,1,0,437
1607,49,0,0,8,3,-6.39,0.2367,1,0,437
1608,26,0,0,11,3,-3.21,0.2362,1,0,437
1609,23,0,0,7,3,-5.23,0.2357,1,0,437
1610,28,0,0,8,2,-4.53,0.2352,1,0,437
1611,40,0,0,11,5,-7.7,0.2348,1,0,437
1612,28,0,0,9,3,-6.28,0.2343,1,0,437
1613,43,0,0,10,5,-6.28,0.2338,1,0,437
1614,6,0,0,2,1,-5.01,0.2333,1,0,437
1615,12,0,0,3,1,-4.27,0.2329,1,0,437
1616,16,0,0,9,2,-4.11,0.2324,1,0,437
1617,34,0,0,11,4,-3.79,0.2319,1,0,437
1618,17,0,0,7,2,-4.82,0.2314,1,0,437
1619,40,0,0,10,3,-6.1,0.231,1,0,437
1620,172,1,1,16,13,-8.77,0.2305,1,0,437
1621,6,0,0,3,1,-4.31,0.23,1,0,437
1622,25,0,0,12,3,-3.2,0.2296,1,0,437
1623,66,0,0,5,3,-8.96,0.2291,1,0,437
1624,5,0,0,3,1,-5.65,0.2286,1,0,437
1625,58,0,0,11,4,-6.63,0.2281,1,0,437
1626,22,0,0,8,3,-6.47,0.2277,1,0,437
1627,140,0,0,10,3,-7.4,0.2272,1,0,437
1628,38,0,0,13,5,-3.98,0.2267,1,0,437
1629,30,0,0,9,3,-4.3,0.2262,1,0,437
1630,44,0,0,8,4,-7.29,0.2258,1,0,437
1631,7,0,0,5,1,-4.67,0.2253,1,0,437
1632,5,0,0,3,1,-4.15,0.2248,1,0,437
1633,88,0,0,13,6,-5.88,0.2243,1,0,437
1634,57,0,0,13,3,-6.67,0.2239,1,0,437
1635,10,0,0,4,1,-5.5,0.2234,1,0,437
1636,76,0,0,9,4,-6.01,0.2229,1,0,437
1637,35,0,0,8,3,-7.1,0.2224,1,0,437
1638,91,1,1,16,8,-3.66,0.222,1,0,437
1639,44,1,1,11,4,-4.24,0.2215,1,0,437
1640,14,0,0,9,2,-5.04,0.221,1,0,437
1641,69,0,0,13,5,-10.19,0.2205,1,0,437
1642,164,0,0,25,11,-6.64,0.2201,1,0,437
1643,5,0,0,4,1,-5.85,0.2196,1,0,437
1644,101,0,0,21,8,-3.41,0.2191,1,0,439
1645,9,0,0,2,1,-4.94,0.2186,1,0,439
1646,151,0,0,9,5,-11.26,0.2182,1,0,439
1647,24,0,0,10,3,-5.49,0.2177,1,0,439
1648,7,0,0,6,1,-4.32,0.2172,1,0,439
1649,20,0,0,9,3,-4.45,0.2167,1,0,439
1650,30,0,0,11,3,-4.65,0.2163,1,0,439
1651,14,0,0,6,2,-4.99,0.2158,1,0,439
1652,5,0,0,3,1,-4.7,0.2153,1,0,439
1653,17,0,0,4,2,-6.47,0.2148,1,0,439
1654,20,0,0,6,3,-6.55,0.2144,1,0,439
1655,69,1,1,13,6,-5.44,0.2139,1,0,440
1656,27,0,0,6,3,-4.92,0.2134,1,0,440
1657,9,0,0,3,1,-4.79,0.2129,1,0,440
1658,183,0,0,10,6,-12.93,0.2125,1,0,441
1659,70,1,1,21,6,-2.75,0.212,1,0,442
1660,14,0,0,8,2,-4.24,0.2115,1,0,442
1661,250,0,0,17,21,-14.7,0.211,1,0,443
1662,23,0,0,13,3,-3.38,0.2106,1,0,443
1663,37,0,0,9,3,-3.82,0.2101,1,0,443
1664,20,1,1,8,3,-4.55,0.2096,1,0,445
1665,269,0,0,33,27,-16.39,0.2091,1,0,449
1666,159,0,0,11,9,-12.79,0.2087,1,0,449
1667,79,0,0,22,5,-2.44,0.2082,1,0,450
1668,34,0,0,11,4,-4.74,0.2077,1,0,450
1669,38,0,0,11,5,-8.33,0.2072,1,0,450
1670,101,1,1,15,6,-7.56,0.2068,1,0,450
1671,21,0,0,8,3,-4.06,0.2063,1,0,450
1672,85,0,0,6,5,-8.65,0.2058,1,0,450
1673,13,0,0,9,2,-3.83,0.2053,1,0,450
1674,115,0,0,18,6,-6.85,0.2049,1,0,450
1675,59,1,1,7,3,-5.44,0.2044,1,0,450
1676,6,0,0,2,1,-5.56,0.2039,1,0,450
1677,266,0,0,21,12,-7.26,0.2034,1,0,450
1678,255,1,1,28,15,-10.2,0.203,1,0,458
1679,30,0,0,11,4,-6.5,0.2025,1,0,459
1680,5,0,0,3,1,-5.15,0.202,1,0,459
1681,14,0,0,10,2,-3.64,0.2015,1,0,459
1682,133,0,0,22,9,-7.58,0.2011,1,0,460
1683,70,1,1,21,7,-3.3,0.2006,1,0,462
1684,23,0,0,8,3,-5.63,0.2001,1,0,462
1685,79,1,1,17,6,-2.19,0.1996,1,0,463
1686,400,1,1,16,18,-11.55,0.1992,0,1,464
1687,13,0,0,8,2,-5.33,0.1987,1,0,464
1688,44,0,0,5,4,-8.09,0.1982,1,0,464
1689,5,0,0,4,1,-4.8,0.1977,1,0,464
1690,129,1,1,13,6,-9.54,0.1973,1,0,464
1691,40,0,0,15,5,-1.75,0.1968,1,0,466
1692,20,0,1,10,3,-5.15,0.1963,1,0,466
1693,111,1,1,14,8,-4.86,0.1958,1,0,466
1694,23,0,0,9,3,-5.93,0.1954,1,0,466
1695,96,0,0,7,3,-8.01,0.1949,1,0,466
1696,68,1,1,12,7,-7.53,0.1944,1,0,466
1697,89,0,0,13,5,-7.24,0.1939,1,0,466
1698,13,0,0,8,2,-4.68,0.1935,1,0,467
1699,30,0,0,14,4,-5.2,0.193,1,0,467
1700,221,0,0,22,14,-10.11,0.1925,1,0,467
1701,400,3,3,39,26,-3.5,0.192,0,1,468
1702,7,0,0,3,1,-4.27,0.1916,1,0,468
1703,146,0,0,35,11,-5.26,0.1911,1,0,468
1704,108,0,0,11,4,-6.48,0.1906,1,0,468
1705,53,0,0,10,4,-4.78,0.1901,1,0,468
1706,5,0,0,2,1,-4.95,0.1897,1,0,468
1707,145,1,1,23,11,-6.8,0.1892,1,0,468
1708,23,0,0,7,3,-4.83,0.1887,1,0,468
1709,6,0,0,3,1,-5.21,0.1882,1,0,468
1710,34,0,0,11,4,-6.24,0.1878,1,0,468
1711,24,0,0,6,2,-5.94,0.1873,1,0,468
1712,75,0,0,10,10,-8.05,0.1868,1,0,468
1713,177,0,0,13,6,-9.87,0.1863,1,0,468
1714,33,0,0,11,3,-2.98,0.1859,1,0,470
1715,94,0,0,20,9,-4.64,0.1854,1,0,470
1716,29,0,0,10,4,-5.39,0.1849,1,0,470
1717,7,0,0,5,1,-3.47,0.1844,1,0,470
1718,177,1,1,18,7,-5.82,0.184,1,0,470
1719,36,1,1,13,4,-3.91,0.1835,1,0,470
1720,124,1,1,30,9,-2.64,0.183,1,0,472
1721,142,1,1,12,6,-8.97,0.1825,1,0,472
1722,56,0,0,15,6,-3.06,0.1821,1,0,473
1723,21,1,1,9,3,-3.46,0.1816,1,0,473
1724,98,1,1,17,6,-4.98,0.1811,1,0,474
1725,249,0,0,36,13,-5.29,0.1806,1,0,474
1726,90,0,0,10,5,-7.15,0.1802,1,0,474
1727,6,0,0,3,1,-4.21,0.1797,1,0,474
1728,118,0,0,15,6,-8.18,0.1792,1,0,474
1729,101,1,1,9,3,-5.76,0.1787,1,0,474
1730,20,0,0,8,3,-4.75,0.1783,1,0,474
1731,24,0,0,8,3,-5.94,0.1778,1,0,474
1732,65,0,0,14,5,-6.5,0.1773,1,0,474
1733,21,0,0,7,3,-6.46,0.1768,1,0,474
1734,13,0,0,4,2,-6.43,0.1764,1,0,474
1735,98,1,1,17,6,-4.33,0.1759,1,0,474
1736,34,0,0,9,3,-6.74,0.1754,1,0,474
1737,97,0,0,11,5,-6.92,0.1749,1,0,474
1738,5,0,0,3,1,-4.2,0.1744,1,0,474
1739,28,0,0,10,4,-6.38,0.174,1,0,474
1740,21,0,0,10,3,-5.61,0.1735,1,0,474
1741,55,0,0,19,6,-4.85,0.173,1,0,474
1742,21,0,0,8,3,-5.81,0.1726,1,0,475
1743,372,4,4,33,19,-10.17,0.1721,1,0,477
1744,58,0,0,12,4,-6.18,0.1716,1,0,477
1745,14,0,0,4,2,-5.99,0.1711,1,0,477
1746,36,0,0,11,3,-6.01,0.1707,1,0,477
1747,42,0,0,10,4,-5.12,0.1702,1,0,477
1748,35,0,0,12,4,-6.55,0.1697,1,0,477
1749,162,1,1,39,12,0.63,0.1692,1,0,478
1750,86,0,0,18,6,-1.81,0.1688,1,0,478
1751,91,0,0,17,6,-7.86,0.1683,1,0,481
1752,17,0,0,3,1,-4.87,0.1678,1,0,481
1753,11,0,0,6,1,-5.31,0.1673,1,0,481
1754,241,0,0,27,17,-12.66,0.1669,1,0,483
1755,56,0,0,13,4,-3.41,0.1664,1,0,483
1756,64,0,0,13,5,-5.59,0.1659,1,0,483
1757,32,0,0,8,3,-5.22,0.1654,1,0,483
1758,39,0,0,7,3,-6.94,0.165,1,0,483
1759,25,0,0,6,3,-7.5,0.1645,1,0,483
1760,64,1,1,12,4,-3.89,0.164,1,0,483
1761,49,0,0,6,3,-8.54,0.1635,1,0,483
1762,61,1,1,10,4,-4.76,0.1631,1,0,483
1763,14,0,0,8,2,-4.29,0.1626,1,0,483
1764,74,0,0,17,7,-6.49,0.1621,1,0,483
1765,48,0,0,12,4,-6.18,0.1616,1,0,483
1766,46,1,1,14,5,-3.81,0.1612,1,0,483
1767,62,1,1,12,7,-5.02,0.1607,1,0,483
1768,36,1,1,7,3,-5.81,0.1602,1,0,483
1769,33,0,0,13,4,-4.08,0.1597,1,0,483
1770,145,1,1,16,7,-9.3,0.1593,1,0,483
1771,179,1,1,26,12,-2.79,0.1588,1,0,483
1772,20,0,0,8,3,-4.1,0.1583,1,0,483
1773,7,0,0,3,1,-5.27,0.1578,1,0,483
1774,57,0,0,13,4,-5.32,0.1573,1,0,483
1775,14,0,0,6,2,-4.44,0.1569,1,0,483
1776,79,0,0,34,9,-1.94,0.1564,1,0,483
1777,42,0,0,9,3,-5.52,0.1559,1,0,485
1778,123,1,1,21,7,-3.13,0.1554,1,0,485
1779,142,0,0,32,16,-5.92,0.155,1,0,485
1780,400,1,1,16,44,-15.55,0.1545,0,1,485
1781,14,0,0,7,2,-5.09,0.154,1,0,485
1782,251,1,1,27,10,-7.21,0.1536,1,0,486
1783,100,0,0,15,7,-6.3,0.1531,1,0,486
1784,137,0,0,13,5,-9.17,0.1526,1,0,486
1785,30,0,0,5,1,-4.55,0.1521,1,0,486
1786,62,0,0,18,5,-4.52,0.1517,1,0,486
1787,78,0,0,17,5,-2.48,0.1512,1,0,486
1788,65,0,0,22,5,-0.65,0.1507,1,0,486
1789,187,0,0,13,8,-8.32,0.1502,1,0,486
1790,7,0,0,2,1,-4.57,0.1498,1,0,486
1791,384,1,1,37,20,-11.04,0.1493,1,0,486
1792,128,0,0,25,8,-5.23,0.1488,1,0,486
1793,55,0,0,13,5,-6.05,0.1483,1,0,486
1794,22,0,0,8,2,-3.17,0.1479,1,0,486
1795,104,0,0,10,6,-8.49,0.1474,1,0,486
1796,89,0,0,5,3,-7.49,0.1469,1,0,488
1797,70,0,0,21,8,-4.9,0.1464,1,0,488
1798,20,0,0,9,3,-6.65,0.146,1,0,488
1799,400,2,2,28,14,-0.1,0.1455,0,1,488
1800,110,3,3,34,12,4.1,0.145,1,0,488
1801,33,0,0,13,4,-4.68,0.1445,1,0,488
1802,60,1,1,10,4,-5.2,0.1441,1,0,488
1803,6,0,0,2,1,-5.11,0.1436,1,0,488
1804,15,0,0,9,2,-3.95,0.1431,1,0,490
1805,20,0,0,10,3,-6.1,0.1426,1,0,490
1806,20,0,0,10,3,-4.75,0.1421,1,0,490
1807,30,0,0,14,4,-3.7,0.1417,1,0,490
1808,47,0,0,17,5,-3.52,0.1412,1,0,491
1809,400,1,1,36,15,-3.35,0.1407,0,1,491
1810,137,0,0,26,7,-3.87,0.1402,1,0,491
1811,215,2,2,46,13,2.3,0.1398,1,0,491
1812,45,0,0,15,4,-4.1,0.1393,1,0,491
1813,400,1,1,47,16,1.65,0.1388,0,1,492
1814,33,0,0,13,4,-4.63,0.1383,1,0,492
1815,27,0,0,10,4,-5.07,0.1379,1,0,492
1816,102,0,0,21,8,-4.77,0.1374,1,0,492
1817,31,1,1,9,3,-3.16,0.1369,1,0,492
1818,205,2,2,28,10,-2.65,0.1364,1,0,493
1819,50,0,0,20,7,-3.9,0.136,1,0,493
1820,28,0,0,9,4,-4.83,0.1355,1,0,493
1821,13,0,0,9,2,-4.38,0.135,1,0,493
1822,61,0,0,18,6,-4.51,0.1346,1,0,493
1823,34,0,0,9,3,-5.54,0.1341,1,0,493
1824,179,2,2,24,9,-3.59,0.1336,1,0,493
1825,20,0,0,8,3,-5.35,0.1331,1,0,493
1826,115,0,0,27,10,-6.1,0.1327,1,0,495
1827,29,1,1,13,4,-3.94,0.1322,1,0,495
1828,28,0,0,14,4,-5.08,0.1317,1,0,495
1829,101,0,0,21,8,-5.51,0.1312,1,0,495
1830,75,0,0,12,5,-5.25,0.1308,1,0,495
1831,222,1,1,26,9,-5.02,0.1303,1,0,495
1832,102,0,0,24,6,-3.62,0.1298,1,0,495
1833,313,2,2,40,15,-6.13,0.1293,1,0,498
1834,32,0,0,8,3,-6.07,0.1289,1,0,498
1835,43,0,0,6,3,-6.33,0.1284,1,0,499
1836,35,0,0,8,3,-5.55,0.1279,1,0,499
1837,109,0,0,16,7,-6.79,0.1274,1,0,499
1838,124,0,0,23,9,-3.44,0.127,1,0,499
1839,43,0,0,12,5,-6.53,0.1265,1,0,500
1840,13,0,0,6,2,-4.28,0.126,1,0,500
1841,400,1,1,32,23,-6.9,0.1255,0,1,500
1842,21,0,0,7,3,-5.66,0.125,1,0,500
1843,161,2,2,35,12,-4.36,0.1246,1,0,500
1844,91,1,1,15,6,-5.56,0.1241,1,0,500
1845,78,0,0,14,4,-5.23,0.1236,1,0,500
1846,43,0,0,11,5,-6.28,0.1231,1,0,501
1847,25,0,0,9,3,-5.3,0.1227,1,0,501
1848,400,1,1,44,17,-0.2,0.1222,0,1,501
1849,58,0,0,25,7,-3.13,0.1217,1,0,504
1850,198,0,0,16,12,-8.88,0.1212,1,0,505
1851,142,0,0,21,7,-5.37,0.1208,1,0,505
1852,220,0,0,20,7,-7.2,0.1203,1,0,506
1853,30,0,0,15,4,-3.55,0.1198,1,0,506
1854,35,0,0,9,4,-4.95,0.1193,1,0,506
1855,29,0,0,8,3,-5.44,0.1189,1,0,506
1856,22,0,0,8,3,-5.42,0.1184,1,0,506
1857,72,0,0,18,6,-4.42,0.1179,1,0,506
1858,59,1,1,27,8,0.86,0.1174,1,0,506
1859,132,1,1,18,8,-3.67,0.117,1,0,506
1860,400,1,1,63,27,3.4,0.1165,0,1,510
1861,84,0,0,25,7,-3.39,0.116,1,0,510
1862,133,0,0,29,8,-0.93,0.1156,1,0,511
1863,20,0,0,8,3,-5.3,0.1151,1,0,511
1864,28,0,0,12,4,-3.93,0.1146,1,0,511
1865,21,0,0,9,3,-4.36,0.1141,1,0,511
1866,400,0,0,28,14,-7.85,0.1137,0,1,511
1867,372,2,2,31,17,-9.02,0.1132,1,0,511
1868,28,1,1,10,4,-3.63,0.1127,1,0,511
1869,35,0,0,9,4,-4.8,0.1122,1,0,511
1870,400,1,1,45,25,-0.9,0.1118,0,1,513
1871,57,0,0,13,5,-6.27,0.1113,1,0,514
1872,130,0,0,15,18,-10.0,0.1108,1,0,514
1873,163,2,2,17,21,-11.98,0.1103,1,0,514
1874,93,0,0,13,6,-6.63,0.1099,1,0,514
1875,22,1,1,13,3,-2.77,0.1094,1,0,514
1876,66,1,1,16,6,-4.61,0.1089,1,0,514
1877,70,1,1,19,6,-3.3,0.1084,1,0,516
1878,8,0,0,3,1,-5.18,0.108,1,0,516
1879,400,4,4,62,20,3.85,0.1075,0,1,516
1880,348,1,1,34,14,-9.23,0.107,1,0,516
1881,113,0,0,14,5,-6.78,0.1065,1,0,516
1882,147,2,2,20,6,-4.72,0.1061,1,0,516
1883,118,1,1,18,7,-5.68,0.1056,1,0,516
1884,43,0,0,12,4,-5.63,0.1051,1,0,516
1885,21,0,0,5,3,-5.41,0.1046,1,0,516
1886,400,3,3,48,22,-1.45,0.1042,0,1,516
1887,175,0,0,27,10,-2.8,0.1037,1,0,516
1888,111,0,0,17,6,-3.96,0.1032,1,0,516
1889,97,1,1,23,8,-2.42,0.1027,1,0,516
1890,92,1,1,8,5,-7.12,0.1023,1,0,518
1891,400,3,3,42,18,-1.05,0.1018,0,1,518
1892,48,0,0,17,6,-3.48,0.1013,1,0,519
1893,81,0,0,20,7,-3.26,0.1008,1,0,520
1894,20,0,0,9,3,-5.6,0.1004,1,0,520
1895,20,0,0,9,3,-4.6,0.0999,1,0,520
1896,13,0,0,9,2,-5.43,0.0994,1,0,520
1897,400,2,2,22,15,-2.65,0.0989,0,1,520
1898,174,1,1,20,8,-5.49,0.0985,1,0,523
1899,14,0,0,5,2,-4.84,0.098,1,0,523
1900,56,0,0,24,8,-2.26,0.0975,1,0,523
1901,108,0,0,16,7,-6.58,0.097,1,0,523
1902,42,0,0,18,6,-4.87,0.0966,1,0,523
1903,400,1,1,47,45,-7.7,0.0961,0,1,524
1904,39,0,0,13,5,-7.89,0.0956,1,0,524
1905,400,0,0,18,32,-12.8,0.0951,0,1,524
1906,138,1,1,36,11,-0.98,0.0947,1,0,525
1907,235,0,0,19,11,-9.0,0.0942,1,0,526
1908,236,0,0,15,8,-8.96,0.0937,1,0,526
1909,400,3,3,50,22,-0.8,0.0932,0,1,527
1910,102,1,1,36,12,1.73,0.0928,1,0,527
1911,400,0,0,22,15,-5.25,0.0923,0,1,527
1912,400,2,2,33,18,2.1,0.0918,0,1,527
1913,106,0,0,34,11,-1.66,0.0913,1,0,527
1914,75,0,0,19,5,-2.75,0.0909,1,0,527
1915,400,2,2,52,15,5.2,0.0904,0,1,527
1916,224,0,0,18,8,-11.74,0.0899,1,0,529
1917,59,0,0,21,7,-3.64,0.0894,1,0,529
1918,125,0,0,30,11,-1.5,0.089,1,0,530
1919,400,2,2,56,23,1.25,0.0885,0,1,530
1920,131,1,1,8,3,-5.01,0.088,1,0,530
1921,171,1,1,21,13,-5.86,0.0875,1,0,532
1922,111,0,0,23,9,-9.51,0.0871,1,0,532
1923,88,0,0,38,12,-3.58,0.0866,1,0,532
1924,148,1,1,20,10,-3.58,0.0861,1,0,532
1925,30,1,1,11,4,-3.5,0.0856,1,0,532
1926,95,1,1,30,9,-4.55,0.0852,1,0,532
1927,76,0,0,16,6,-5.41,0.0847,1,0,532
1928,54,0,0,25,7,-2.49,0.0842,1,0,532
1929,400,3,3,37,16,2.55,0.0837,0,1,532
1930,20,0,0,8,3,-5.4,0.0833,1,0,532
1931,282,1,1,43,19,-3.12,0.0828,1,0,532
1932,13,0,0,6,2,-4.83,0.0823,1,0,532
1933,68,0,0,35,8,-0.78,0.0818,1,0,533
1934,130,1,1,18,7,-3.85,0.0814,1,0,533
1935,122,4,4,36,12,2.03,0.0809,1,0,533
1936,180,1,1,27,12,-1.95,0.0804,1,0,533
1937,312,2,2,26,15,-5.52,0.0799,1,0,534
1938,215,0,0,34,11,-3.5,0.0795,1,0,534
1939,400,2,2,33,11,2.5,0.079,0,1,534
1940,248,3,3,54,19,1.97,0.0785,1,0,535
1941,400,1,1,26,16,-4.1,0.078,0,1,535
1942,182,1,1,31,12,-6.42,0.0776,1,0,536
1943,330,2,2,39,26,-5.35,0.0771,1,0,536
1944,400,0,0,20,37,-16.9,0.0766,0,1,536
1945,400,1,1,35,16,1.45,0.0761,0,1,536
1946,400,2,2,33,16,-3.65,0.0757,0,1,536
1947,400,2,2,45,16,1.1,0.0752,0,1,536
1948,226,0,0,19,6,-7.01,0.0747,1,0,536
1949,400,1,1,19,13,-5.6,0.0742,0,1,536
1950,400,6,6,47,23,2.2,0.0738,0,1,536
1951,400,0,0,24,14,-4.1,0.0733,0,1,537
1952,154,0,0,57,17,-4.44,0.0728,1,0,537
1953,400,2,2,50,20,-1.7,0.0723,0,1,537
1954,351,2,2,48,22,-2.46,0.0719,1,0,538
1955,42,1,1,21,6,-2.67,0.0714,1,0,538
1956,256,2,2,48,14,2.19,0.0709,1,0,538
1957,194,1,1,17,8,-6.19,0.0704,1,0,538
1958,189,1,1,25,9,-2.54,0.07,1,0,538
1959,268,1,1,15,27,-9.53,0.0695,1,0,538
1960,400,1,1,13,19,-11.9,0.069,0,1,538
1961,400,0,0,19,24,-16.35,0.0685,0,1,538
1962,400,0,0,20,24,-8.9,0.0681,0,1,538
1963,158,0,0,20,6,-7.18,0.0676,1,0,538
1964,172,0,0,35,17,-9.72,0.0671,1,0,538
1965,21,0,0,13,3,-3.36,0.0666,1,0,538
1966,400,1,1,28,13,-3.95,0.0662,0,1,538
1967,400,0,0,20,11,-4.95,0.0657,0,1,538
1968,202,2,2,45,15,-0.12,0.0652,1,0,539
1969,400,1,1,36,35,-8.4,0.0647,0,1,539
1970,400,0,0,28,12,-7.3,0.0643,0,1,539
1971,96,0,0,11,4,-6.86,0.0638,1,0,539
1972,190,0,0,16,7,-6.55,0.0633,1,0,539
1973,67,0,0,32,8,0.48,0.0628,1,0,540
1974,59,0,0,12,4,-6.24,0.0624,1,0,540
1975,400,2,2,41,14,0.0,0.0619,0,1,540
1976,400,0,0,41,25,-4.85,0.0614,0,1,540
1977,366,1,1,38,29,-7.41,0.0609,1,0,540
1978,5,0,0,3,1,-4.7,0.0605,1,0,540
1979,400,4,4,52,37,-0.85,0.06,0,1,542
1980,84,1,1,8,12,-7.14,0.0595,1,0,542
1981,224,1,1,15,11,-11.64,0.059,1,0,542
1982,5,0,0,3,1,-4.2,0.0586,1,0,542
1983,400,2,2,21,14,-4.1,0.0581,0,1,542
1984,330,0,0,28,10,-9.7,0.0576,1,0,542
1985,68,0,0,15,6,-6.23,0.0571,1,0,542
1986,81,1,1,20,9,-5.81,0.0567,1,0,542
1987,27,0,0,9,4,-5.82,0.0562,1,0,542
1988,180,0,0,18,7,-8.35,0.0557,1,0,542
1989,27,1,1,14,4,-3.57,0.0552,1,0,542
1990,22,0,0,9,3,-3.82,0.0548,1,0,542
1991,30,0,0,11,3,-5.85,0.0543,1,0,542
1992,13,0,0,5,2,-6.13,0.0538,1,0,542
1993,13,0,0,7,2,-5.93,0.0533,1,0,542
1994,39,1,1,10,3,-3.19,0.0529,1,0,542
1995,20,0,0,8,3,-4.8,0.0524,1,0,542
1996,189,0,0,27,10,-6.54,0.0519,1,0,542
1997,400,1,1,31,11,-4.35,0.0514,0,1,542
1998,26,0,0,8,3,-6.46,0.051,1,0,542
1999,43,0,0,10,3,-4.23,0.0505,1,0,542
2000,54,1,1,12,5,-3.44,0.05,1,0,542
2001,13,0,0,7,2,-6.08,0.05,1,0,542
2002,142,2,2,15,7,-2.42,0.05,1,0,542
2003,400,1,1,20,13,-3.2,0.05,0,1,542
2004,28,1,1,10,4,-5.93,0.05,1,0,542
2005,400,2,2,45,21,1.45,0.05,0,1,542
2006,400,1,1,21,18,-8.0,0.05,0,1,542
2007,400,3,3,37,14,-0.55,0.05,0,1,543
2008,13,0,0,8,2,-5.68,0.05,1,0,543
2009,272,1,1,7,4,-6.32,0.05,1,0,543
2010,400,0,0,30,10,1.05,0.05,0,1,543
2011,400,2,2,27,11,-2.0,0.05,0,1,543
2012,400,3,3,45,13,6.3,0.05,0,1,543
2013,127,1,1,34,9,-0.02,0.05,1,0,543
2014,400,1,1,19,12,-3.55,0.05,0,1,543
2015,400,0,0,22,8,-4.7,0.05,0,1,543
2016,400,1,1,23,9,-1.85,0.05,0,1,543
2017,210,1,1,16,5,-4.95,0.05,1,0,543
2018,305,1,1,14,7,-7.15,0.05,1,0,543
2019,120,0,0,3,1,-6.45,0.05,1,0,543
2020,72,1,1,20,7,-3.77,0.05,1,0,543
2021,15,0,0,5,2,-4.9,0.05,1,0,543
2022,108,2,2,31,10,-1.08,0.05,1,0,543
2023,400,1,1,51,19,2.95,0.05,0,1,544
2024,400,0,0,20,9,-5.8,0.05,0,1,544
2025,400,1,1,23,12,-5.55,0.05,0,1,544
2026,73,0,0,12,4,-6.68,0.05,1,0,544
2027,148,1,1,14,4,-6.38,0.05,1,0,544
2028,34,0,0,15,4,-5.09,0.05,1,0,544
2029,36,0,0,3,2,-5.46,0.05,1,0,544
2030,125,0,0,27,7,-2.4,0.05,1,0,544
2031,49,0,0,16,7,-6.84,0.05,1,0,544
2032,83,0,0,13,4,-6.58,0.05,1,0,544
2033,298,2,2,31,21,-7.33,0.05,1,0,544
2034,400,3,3,52,16,5.8,0.05,0,1,544
2035,138,0,0,21,8,-6.78,0.05,1,0,544
2036,76,1,1,20,7,-2.56,0.05,1,0,544
2037,42,0,0,15,5,-5.02,0.05,1,0,544
2038,23,0,0,10,3,-4.28,0.05,1,0,544
2039,65,0,0,11,4,-6.55,0.05,1,0,544
2040,400,0,0,14,11,-6.45,0.05,0,1,544
2041,400,0,0,20,12,-7.45,0.05,0,1,544
2042,69,0,0,5,2,-5.69,0.05,1,0,544
2043,102,3,3,43,11,4.93,0.05,1,0,544
2044,318,3,3,47,16,0.52,0.05,1,0,544
2045,218,2,2,44,13,1.17,0.05,1,0,544
2046,313,1,1,51,14,-0.93,0.05,1,0,544
2047,400,1,1,24,17,-6.25,0.05,0,1,544
2048,346,2,2,44,15,-3.21,0.05,1,0,544
2049,400,1,1,24,16,-6.4,0.05,0,1,544
2050,400,0,0,19,10,-4.25,0.05,0,1,544
2051,8,0,0,2,1,-5.98,0.05,1,0,544
2052,400,3,3,44,15,7.5,0.05,0,1,544
2053,20,0,0,7,3,-5.45,0.05,1,0,544
2054,293,0,0,26,10,-5.53,0.05,1,0,544
2055,27,0,0,9,4,-7.22,0.05,1,0,544
2056,184,2,2,25,13,-4.69,0.05,1,0,544
2057,400,2,2,40,15,0.8,0.05,0,1,544
2058,5,0,0,3,1,-4.7,0.05,1,0,544
2059,400,2,2,43,14,1.7,0.05,0,1,544
2060,55,0,0,20,5,-2.05,0.05,1,0,544
2061,400,1,1,45,15,4.7,0.05,0,1,544
2062,27,1,1,10,4,-5.42,0.05,1,0,544
2063,299,0,0,14,11,-10.49,0.05,1,0,544
2064,400,2,2,34,15,-1.55,0.05,0,1,544
2065,7,0,0,5,1,-3.62,0.05,1,0,544
2066,371,2,2,46,22,-4.11,0.05,1,0,544
2067,400,1,1,32,16,-3.1,0.05,0,1,544
2068,400,1,1,46,14,3.7,0.05,0,1,544
2069,117,0,0,10,3,-8.27,0.05,1,0,544
2070,400,3,3,69,20,8.8,0.05,0,1,544
2071,354,4,4,46,17,0.31,0.05,1,0,544
2072,102,0,0,9,6,-9.52,0.05,1,0,544
2073,388,1,1,22,13,-11.13,0.05,1,0,544
2074,49,1,1,10,3,-1.94,0.05,1,0,544
2075,41,0,0,13,4,-5.61,0.05,1,0,544
2076,400,4,4,49,15,7.4,0.05,0,1,544
2077,5,0,0,4,1,-3.9,0.05,1,0,544
2078,400,2,2,15,6,-0.3,0.05,0,1,544
2079,400,3,3,43,26,1.2,0.05,0,1,544
2080,400,1,1,19,33,-15.95,0.05,0,1,544
2081,7,0,0,3,1,-4.17,0.05,1,0,544
2082,129,3,3,26,11,-0.79,0.05,1,0,544
2083,400,5,5,59,24,6.7,0.05,0,1,544
2084,34,0,0,14,5,-3.79,0.05,1,0,544
2085,400,3,3,56,21,4.35,0.05,0,1,544
2086,22,0,0,10,3,-3.17,0.05,1,0,544
2087,400,4,4,42,16,0.8,0.05,0,1,545
2088,13,0,0,7,2,-4.58,0.05,1,0,545
2089,27,0,0,11,4,-6.67,0.05,1,0,545
2090,36,1,1,17,5,-3.31,0.05,1,0,545
2091,101,1,1,18,5,-3.76,0.05,1,0,545
2092,34,0,0,15,4,-3.44,0.05,1,0,545
2093,400,1,1,26,11,-1.15,0.05,0,1,545
2094,20,0,0,8,3,-5.9,0.05,1,0,545
2095,120,3,3,31,11,-0.75,0.05,1,0,545
2096,28,1,1,16,4,-1.93,0.05,1,0,545
2097,128,0,0,13,4,-6.68,0.05,1,0,545
2098,65,1,1,16,7,-2.45,0.05,1,0,545
2099,400,0,0,11,12,-11.0,0.05,0,1,545
2100,50,0,0,12,4,-5.0,0.05,1,0,545
2101,191,2,2,52,13,3.74,0.05,1,0,545
2102,235,0,0,22,7,-7.45,0.05,1,0,545
2103,207,0,0,9,4,-8.27,0.05,1,0,545
2104,67,0,0,13,5,-3.97,0.05,1,0,545
2105,27,0,0,12,4,-4.42,0.05,1,0,545
2106,27,0,0,8,4,-7.07,0.05,1,0,545
2107,358,1,1,53,18,-0.93,0.05,1,0,548
2108,46,1,1,8,4,-4.51,0.05,1,0,548
2109,20,0,0,5,3,-6.85,0.05,1,0,548
2110,400,3,3,31,14,-1.2,0.05,0,1,548
2111,109,0,0,12,8,-7.84,0.05,1,0,548
2112,94,1,1,12,3,-2.94,0.05,1,0,548
2113,5,0,0,3,1,-4.7,0.05,1,0,548
2114,400,0,0,13,9,-6.35,0.05,0,1,548
2115,14,0,0,9,2,-4.44,0.05,1,0,548
2116,381,1,1,52,18,-2.81,0.05,1,0,548
2117,70,0,0,9,3,-5.5,0.05,1,0,548
2118,5,0,0,2,1,-4.55,0.05,1,0,548
2119,400,1,1,49,25,-2.5,0.05,0,1,548
2120,374,3,3,58,18,1.11,0.05,1,0,548
2121,102,1,1,13,5,-4.27,0.05,1,0,548
2122,328,3,3,47,41,0.02,0.05,1,0,548
2123,212,3,3,52,15,5.98,0.05,1,0,548
2124,400,3,3,43,21,1.45,0.05,0,1,548
2125,304,3,3,54,18,2.31,0.05,1,0,548
2126,136,0,1,8,4,-9.06,0.05,1,0,548
2127,207,2,2,15,7,-7.17,0.05,1,0,548
2128,400,2,2,14,9,-6.55,0.05,0,1,548
2129,28,0,0,13,4,-5.08,0.05,1,0,549
2130,48,1,1,21,6,-1.03,0.05,1,0,549
2131,114,1,1,10,4,-4.59,0.05,1,0,549
2132,153,1,1,13,5,-4.68,0.05,1,0,549
2133,296,6,6,52,23,1.94,0.05,1,0,549
2134,400,0,0,11,7,-4.0,0.05,0,1,549
2135,109,0,0,11,4,-6.19,0.05,1,0,549
2136,400,0,0,16,12,-9.35,0.05,0,1,549
2137,400,2,2,39,18,-2.25,0.05,0,1,549
2138,331,3,3,48,24,-0.71,0.05,1,0,549
2139,400,4,4,61,25,4.3,0.05,0,1,549
2140,73,0,0,9,4,-6.33,0.05,1,0,549
2141,61,2,2,21,8,-2.31,0.05,1,0,549
2142,28,0,0,15,4,-3.28,0.05,1,0,549
2143,20,0,0,9,3,-5.6,0.05,1,0,549
2144,144,2,2,15,17,-7.99,0.05,1,0,549
2145,22,0,0,5,2,-5.17,0.05,1,0,549
2146,400,2,2,14,15,-8.45,0.05,0,1,551
2147,400,3,3,75,27,7.85,0.05,0,1,551
2148,27,0,0,15,4,-5.37,0.05,1,0,551
2149,29,0,0,12,4,-5.34,0.05,1,0,551
2150,400,3,3,42,17,0.8,0.05,0,1,551
2151,29,0,0,11,4,-4.74,0.05,1,0,551
2152,22,0,0,8,3,-5.12,0.05,1,0,551
2153,28,1,1,11,4,-3.48,0.05,1,0,551
2154,400,3,3,34,15,2.55,0.05,0,1,551
2155,97,0,0,10,5,-5.72,0.05,1,0,551
2156,20,0,0,7,3,-7.05,0.05,1,0,551
2157,189,1,1,28,11,-5.39,0.05,1,0,551
2158,400,0,0,17,8,-4.9,0.05,0,1,551
2159,5,0,0,2,1,-5.05,0.05,1,0,551
2160,40,0,0,14,5,-5.05,0.05,1,0,551
2161,109,1,1,17,7,-5.04,0.05,1,0,551
2162,97,2,2,31,13,-3.62,0.05,1,0,551
2163,13,0,0,5,2,-6.13,0.05,1,0,551
2164,22,1,1,10,3,-3.77,0.05,1,0,551
2165,96,1,1,44,12,0.49,0.05,1,0,551
2166,285,0,0,13,8,-11.3,0.05,1,0,551
2167,52,2,2,29,7,2.13,0.05,1,0,551
2168,400,0,0,32,11,-1.75,0.05,0,1,551
2169,400,2,2,35,19,2.55,0.05,0,1,551
2170,400,0,0,7,7,-9.15,0.05,0,1,551
2171,400,2,2,34,43,-12.8,0.05,0,1,551
2172,27,2,2,14,4,-1.42,0.05,1,0,551
2173,175,1,1,15,4,-5.4,0.05,1,0,551
2174,29,0,0,12,4,-4.29,0.05,1,0,551
2175,37,1,1,15,5,-2.87,0.05,1,0,551
2176,400,4,4,57,20,5.05,0.05,0,1,551
2177,27,1,1,11,4,-4.67,0.05,1,0,551
2178,21,0,0,9,3,-4.96,0.05,1,0,551
2179,400,1,1,35,16,-3.55,0.05,0,1,551
2180,29,0,0,11,4,-4.54,0.05,1,0,551
2181,181,1,1,21,7,-4.76,0.05,1,0,551
2182,288,3,3,54,18,3.27,0.05,1,0,551
2183,30,0,0,14,4,-4.5,0.05,1,0,551
2184,28,0,0,14,4,-4.93,0.05,1,0,551
2185,7,0,0,3,1,-4.27,0.05,1,0,551
2186,318,1,1,13,6,-9.53,0.05,1,0,551
2187,400,0,0,22,8,-3.05,0.05,0,1,551
2188,159,3,3,46,14,1.76,0.05,1,0,551
2189,285,4,4,37,20,-1.1,0.05,1,0,551
2190,229,2,2,27,13,-2.54,0.05,1,0,551
2191,106,0,0,52,14,2.89,0.05,1,0,551
2192,29,0,0,12,4,-5.09,0.05,1,0,551
2193,400,1,1,42,20,-1.7,0.05,0,1,551
2194,127,0,0,18,6,-6.77,0.05,1,0,551
2195,5,0,0,3,1,-4.2,0.05,1,0,551
2196,38,2,2,8,3,-3.93,0.05,1,0,551
2197,112,1,1,30,8,1.08,0.05,1,0,551
2198,15,0,0,7,2,-5.1,0.05,1,0,551
2199,31,0,0,14,4,-4.71,0.05,1,0,551
2200,30,0,0,14,4,-3.45,0.05,1,0,551
2201,354,3,3,52,22,-1.14,0.05,1,0,551
2202,32,0,0,11,4,-3.67,0.05,1,0,551
2203,54,0,0,16,7,-5.69,0.05,1,0,552
2204,29,0,0,10,4,-6.04,0.05,1,0,552
2205,79,1,1,37,11,0.51,0.05,1,0,552
2206,48,0,0,17,7,-5.98,0.05,1,0,553
2207,344,3,3,48,22,-3.59,0.05,1,0,553
2208,400,0,0,9,13,-7.45,0.05,0,1,553
2209,400,3,3,34,18,-3.5,0.05,0,1,553
2210,400,0,0,16,11,-5.45,0.05,0,1,553
2211,400,1,1,47,14,-1.9,0.05,0,1,553
2212,79,2,2,41,11,0.31,0.05,1,0,553
2213,6,0,0,3,1,-5.66,0.05,1,0,553
2214,400,2,2,51,18,6.95,0.05,0,1,553
2215,240,0,0,23,7,-8.8,0.05,1,0,555
2216,48,2,2,17,7,-2.88,0.05,1,0,555
2217,400,1,1,40,16,1.55,0.05,0,1,555
2218,44,0,0,17,6,-5.24,0.05,1,0,555
2219,141,0,0,36,10,-2.41,0.05,1,0,556
2220,43,0,0,22,6,-2.78,0.05,1,0,556
2221,72,2,2,31,9,-0.27,0.05,1,0,556
2222,57,0,0,17,8,-6.62,0.05,1,0,556
2223,28,0,0,13,4,-5.53,0.05,1,0,556
2224,29,0,0,12,4,-4.04,0.05,1,0,556
2225,392,3,3,59,19,2.53,0.05,1,0,557
2226,351,4,4,44,20,-3.71,0.05,1,0,558
2227,155,1,1,37,15,-5.45,0.05,1,0,558
2228,233,0,0,33,11,-4.78,0.05,1,0,558
2229,52,1,1,19,7,-4.37,0.05,1,0,558
2230,29,0,0,7,4,-6.74,0.05,1,0,558
2231,400,2,2,36,13,-0.9,0.05,0,1,558
2232,5,0,0,2,1,-5.05,0.05,1,0,558
2233,27,0,0,11,4,-5.67,0.05,1,0,558
2234,28,0,0,15,4,-4.28,0.05,1,0,558
2235,5,0,0,3,1,-4.75,0.05,1,0,558
2236,400,1,1,19,8,-0.8,0.05,0,1,558
2237,168,0,0,13,5,-6.33,0.05,1,0,558
2238,268,1,1,41,18,-4.33,0.05,1,0,559
2239,149,2,2,18,5,-4.09,0.05,1,0,559
2240,34,0,0,12,4,-4.24,0.05,1,0,559
2241,400,1,1,13,9,-6.5,0.05,0,1,559
2242,31,1,1,18,4,-0.36,0.05,1,0,559
2243,13,0,0,6,2,-4.78,0.05,1,0,559
2244,100,2,2,32,10,-1.55,0.05,1,0,559
2245,5,0,0,2,1,-6.0,0.05,1,0,559
2246,187,1,1,22,9,-4.62,0.05,1,0,559
2247,285,0,0,34,9,-4.9,0.05,1,0,560
2248,166,0,0,15,7,-4.91,0.05,1,0,560
2249,29,1,1,11,4,-4.49,0.05,1,0,560
2250,21,0,0,9,3,-4.21,0.05,1,0,560
2251,14,0,0,8,2,-4.29,0.05,1,0,560
2252,59,0,0,12,4,-4.24,0.05,1,0,560
2253,400,2,2,50,20,-2.0,0.05,0,1,560
2254,400,4,4,37,15,2.65,0.05,0,1,560
2255,284,1,1,32,10,-7.09,0.05,1,0,560
2256,5,0,0,4,1,-4.9,0.05,1,0,560
2257,101,0,0,8,4,-7.21,0.05,1,0,560
2258,249,1,1,46,14,-0.69,0.05,1,0,560
2259,400,1,1,51,15,-0.05,0.05,0,1,560
2260,400,3,3,59,25,1.45,0.05,0,1,560
2261,400,4,4,40,25,-0.55,0.05,0,1,560
2262,400,1,1,28,42,-26.85,0.05,0,1,560
2263,400,0,0,35,17,-6.1,0.05,0,1,560
2264,400,5,5,57,17,4.9,0.05,0,1,560
2265,400,1,1,44,18,2.35,0.05,0,1,560
2266,188,1,1,48,14,2.17,0.05,1,0,560
2267,212,3,3,42,18,-1.67,0.05,1,0,560
2268,80,2,2,35,10,1.3,0.05,1,0,560
2269,166,1,1,27,9,-2.06,0.05,1,0,560
2270,400,1,1,47,18,2.65,0.05,0,1,560
2271,400,1,1,25,14,-1.05,0.05,0,1,560
2272,400,1,1,40,18,1.05,0.05,0,1,560
2273,310,0,0,40,30,-8.65,0.05,1,0,560
2274,168,1,1,21,7,-2.03,0.05,1,0,560
2275,96,1,1,41,13,0.14,0.05,1,0,560
2276,5,0,0,2,1,-5.45,0.05,1,0,560
2277,5,0,0,3,1,-4.6,0.05,1,0,560
2278,400,2,2,39,19,-2.5,0.05,0,1,560
2279,374,2,2,43,18,-2.29,0.05,1,0,560
2280,328,3,3,45,23,0.22,0.05,1,0,560
2281,400,1,1,37,17,-5.4,0.05,0,1,560
2282,400,2,2,23,27,-13.3,0.05,0,1,560
2283,104,0,0,9,3,-6.34,0.05,1,0,560
2284,400,1,1,38,22,-3.55,0.05,0,1,560
2285,127,1,1,29,9,-3.92,0.05,1,0,560
2286,263,4,4,50,16,1.67,0.05,1,0,560
2287,40,1,1,9,6,-5.85,0.05,1,0,560
2288,5,0,0,1,1,-5.35,0.05,1,0,560
2289,191,3,3,24,14,-2.86,0.05,1,0,560
2290,400,2,2,42,41,-4.55,0.05,0,1,560
2291,5,0,0,2,1,-5.55,0.05,1,0,560
2292,400,0,0,56,16,0.55,0.05,0,1,560
2293,400,4,4,50,30,-1.4,0.05,0,1,560
2294,13,0,0,4,2,-5.58,0.05,1,0,560
2295,400,1,1,28,13,-3.1,0.05,0,1,560
2296,243,3,3,66,20,2.27,0.05,1,0,560
2297,400,3,3,45,17,4.9,0.05,0,1,560
2298,31,1,1,14,4,-2.71,0.05,1,0,560
2299,5,0,0,4,1,-4.45,0.05,1,0,560
2300,362,2,2,50,22,-5.42,0.05,1,0,560
2301,184,3,3,48,18,-3.39,0.05,1,0,560
2302,400,2,2,46,13,6.5,0.05,0,1,560
2303,400,2,2,40,16,2.45,0.05,0,1,560
2304,5,0,0,2,1,-5.0,0.05,1,0,560
2305,5,0,0,3,1,-4.65,0.05,1,0,560
2306,5,0,0,3,1,-6.15,0.05,1,0,560
2307,400,0,0,12,8,-3.8,0.05,0,1,560
2308,400,4,4,48,23,1.1,0.05,0,1,560
2309,400,0,0,11,8,-5.85,0.05,0,1,560
2310,234,0,0,14,4,-8.94,0.05,1,0,560
2311,400,1,1,35,13,2.3,0.05,0,1,560
2312,400,1,1,38,21,0.75,0.05,0,1,560
2313,400,4,4,44,20,-0.2,0.05,0,1,560
2314,5,0,0,2,1,-5.05,0.05,1,0,560
2315,400,2,2,47,21,2.05,0.05,0,1,560
2316,5,0,0,3,1,-5.25,0.05,1,0,560
2317,400,1,1,30,35,-0.05,0.05,0,1,560
2318,400,1,1,23,15,-7.25,0.05,0,1,560
2319,99,1,1,16,7,-6.79,0.05,1,0,560
2320,13,0,0,4,2,-5.83,0.05,1,0,560
2321,300,0,0,13,4,-9.55,0.05,1,0,560
2322,13,0,0,8,2,-3.83,0.05,1,0,560
2323,5,0,0,3,1,-5.25,0.05,1,0,560
2324,399,0,0,15,13,-10.84,0.05,1,0,560
2325,123,1,1,15,7,-3.23,0.05,1,0,560
2326,189,1,1,40,11,-1.04,0.05,1,0,560
2327,192,0,0,39,15,-6.02,0.05,1,0,560
2328,13,0,0,7,2,-5.08,0.05,1,0,560
2329,5,0,0,3,1,-4.15,0.05,1,0,560
2330,400,0,0,13,7,-6.1,0.05,0,1,560
2331,400,1,1,18,15,-7.6,0.05,0,1,560
2332,400,3,3,44,17,2.7,0.05,0,1,560
2333,23,0,0,9,3,-6.03,0.05,1,0,560
2334,400,1,1,35,20,-7.4,0.05,0,1,560
2335,117,1,1,21,7,-3.57,0.05,1,0,560
2336,319,0,0,24,7,-3.39,0.05,1,0,560
2337,35,0,0,17,5,-6.0,0.05,1,0,560
2338,400,4,4,49,17,7.35,0.05,0,1,560
2339,400,4,4,60,19,9.75,0.05,0,1,560
2340,400,4,4,75,32,5.9,0.05,0,1,560
2341,5,0,0,4,1,-4.85,0.05,1,0,560
2342,5,0,0,3,1,-5.2,0.05,1,0,560
2343,77,0,0,12,4,-5.92,0.05,1,0,560
2344,400,1,1,40,16,-0.25,0.05,0,1,560
2345,400,2,2,52,21,2.65,0.05,0,1,560
2346,65,1,1,19,7,-1.4,0.05,1,0,560
2347,400,2,2,28,20,-4.15,0.05,0,1,560
2348,400,5,5,58,22,11.45,0.05,0,1,560
2349,6,0,0,1,1,-5.91,0.05,1,0,560
2350,27,0,0,13,4,-4.87,0.05,1,0,560
2351,400,3,3,58,20,4.2,0.05,0,1,560
2352,5,0,0,3,1,-5.65,0.05,1,0,560
2353,55,1,1,22,7,-0.4,0.05,1,0,560
2354,400,1,1,55,20,1.4,0.05,0,1,560
2355,400,1,1,37,18,-3.1,0.05,0,1,560
2356,400,1,1,28,9,0.15,0.05,0,1,560
2357,400,1,1,46,17,-2.25,0.05,0,1,560
2358,36,1,1,15,5,-4.76,0.05,1,0,560
2359,400,2,2,49,19,6.25,0.05,0,1,560
2360,43,1,1,27,6,-1.43,0.05,1,0,560
2361,400,1,1,48,15,0.0,0.05,0,1,560
2362,400,0,0,20,8,-4.7,0.05,0,1,560
2363,328,3,3,40,15,-3.63,0.05,1,0,560
2364,400,0,0,38,13,-5.55,0.05,1,0,560
2365,74,1,1,15,4,-1.89,0.05,1,0,560
2366,400,2,2,40,23,-1.8,0.05,0,1,560
2367,5,0,0,3,1,-5.25,0.05,1,0,560
2368,28,0,0,16,4,-3.13,0.05,1,0,560
2369,400,0,0,35,27,-2.45,0.05,0,1,560
2370,400,4,4,74,30,12.8,0.05,0,1,560
2371,35,0,0,14,5,-5.8,0.05,1,0,560
2372,5,0,0,4,1,-5.85,0.05,1,0,560
2373,215,2,2,42,18,-1.1,0.05,1,0,560
2374,22,0,0,10,3,-4.82,0.05,1,0,560
2375,400,3,3,34,16,3.6,0.05,0,1,560
2376,22,0,0,13,3,-2.87,0.05,1,0,560
2377,82,1,1,17,8,-5.97,0.05,1,0,560
2378,5,0,0,4,1,-5.4,0.05,1,0,560
2379,5,0,0,4,1,-4.0,0.05,1,0,560
2380,5,0,0,3,1,-4.65,0.05,1,0,560
2381,5,0,0,2,1,-5.5,0.05,1,0,560
2382,400,3,3,50,31,-3.0,0.05,0,1,560
2383,41,0,0,17,6,-5.81,0.05,1,0,560
2384,309,0,0,25,18,-13.34,0.05,1,0,560
2385,400,2,2,35,15,-1.35,0.05,0,1,560
2386,400,2,2,37,13,5.6,0.05,0,1,560
2387,400,3,3,24,7,1.75,0.05,0,1,560
2388,400,4,4,42,24,1.5,0.05,0,1,560
2389,400,2,2,49,23,1.15,0.05,0,1,560
2390,400,1,1,54,23,0.6,0.05,0,1,560
2391,400,1,1,30,15,0.4,0.05,0,1,560
2392,400,7,7,69,28,7.45,0.05,0,1,560
2393,400,3,3,45,19,4.25,0.05,0,1,560
2394,400,1,1,36,26,-2.05,0.05,0,1,560
2395,36,0,0,16,5,-5.51,0.05,1,0,560
2396,400,2,2,42,28,-0.5,0.05,0,1,560
2397,400,5,5,65,18,8.95,0.05,0,1,560
2398,400,1,1,35,12,0.25,0.05,0,1,560
2399,400,2,2,29,17,-2.3,0.05,0,1,560
2400,400,1,1,62,21,-1.0,0.05,0,1,560
2401,400,2,2,46,20,5.0,0.05,0,1,560
2402,132,0,0,29,10,-3.12,0.05,1,0,560
2403,400,2,2,65,22,7.9,0.05,0,1,560
2404,104,2,2,30,9,-0.64,0.05,1,0,561
2405,400,0,0,21,57,-24.85,0.05,0,1,561
2406,400,4,4,65,27,1.55,0.05,0,1,561
2407,288,1,1,15,7,-10.63,0.05,1,0,561
2408,400,0,0,9,4,-3.5,0.05,0,1,561
2409,400,2,2,58,20,8.25,0.05,0,1,561
2410,400,1,1,36,17,-0.55,0.05,0,1,561
2411,400,6,6,62,19,12.95,0.05,0,1,561
2412,400,2,2,33,13,2.35,0.05,0,1,561
2413,13,0,0,7,2,-5.63,0.05,1,0,561
2414,400,1,1,32,17,-1.6,0.05,0,1,561
2415,15,0,0,8,2,-3.7,0.05,1,0,561
2416,5,0,0,4,1,-4.0,0.05,1,0,561
2417,400,2,2,48,21,1.3,0.05,0,1,561
2418,271,1,1,34,17,-2.86,0.05,1,0,561
2419,400,2,2,69,21,5.6,0.05,0,1,561
2420,222,0,0,19,19,-7.82,0.05,1,0,561
2421,37,0,0,16,5,-4.67,0.05,1,0,561
2422,400,1,1,20,8,-6.15,0.05,0,1,561
2423,42,0,0,19,6,-4.82,0.05,1,0,562
2424,46,2,2,8,3,-2.61,0.05,1,0,562
2425,400,2,2,38,13,1.1,0.05,0,1,562
2426,400,3,3,62,36,9.7,0.05,0,1,562
2427,5,0,0,4,1,-4.0,0.05,1,0,562
2428,48,0,0,20,7,-5.98,0.05,1,0,562
2429,5,0,0,3,1,-6.15,0.05,1,0,562
2430,39,0,0,9,4,-6.84,0.05,1,0,562
2431,117,0,0,24,12,-7.57,0.05,1,0,562
2432,400,2,2,39,11,2.55,0.05,0,1,562
2433,63,0,0,14,9,-8.78,0.05,1,0,562
2434,130,1,1,28,8,-0.85,0.05,1,0,562
2435,77,2,2,27,11,-5.82,0.05,1,0,562
2436,5,0,0,4,1,-4.9,0.05,1,0,562
2437,295,2,2,47,17,-1.6,0.05,1,0,562
2438,109,2,2,60,15,5.51,0.05,1,0,562
2439,27,0,0,10,4,-4.62,0.05,1,0,562
2440,5,0,0,2,1,-4.95,0.05,1,0,562
2441,400,3,3,18,52,-12.05,0.05,1,0,562
2442,400,2,2,27,15,-6.1,0.05,0,1,562
2443,400,2,2,61,27,2.0,0.05,0,1,562
2444,169,2,2,23,12,-5.94,0.05,1,0,562
2445,29,0,0,10,4,-5.94,0.05,1,0,562
2446,110,0,0,25,15,-10.25,0.05,1,0,562
2447,400,1,1,28,28,-9.0,0.05,0,1,562
2448,238,1,1,37,20,-8.63,0.05,1,0,562
2449,342,1,1,44,23,-9.97,0.05,1,0,562
2450,400,3,3,26,30,-18.95,0.05,0,1,562
2451,294,0,0,24,24,-16.89,0.05,1,0,562
2452,237,1,1,46,21,0.78,0.05,1,0,562
2453,293,1,1,45,18,-10.98,0.05,1,0,563
2454,5,0,0,3,1,-6.15,0.05,1,0,563
2455,5,0,0,2,1,-5.85,0.05,1,0,563
2456,5,0,0,4,1,-4.0,0.05,1,0,563
2457,398,3,3,37,16,-8.28,0.05,1,0,563
2458,121,0,0,34,15,-6.16,0.05,1,0,563
2459,37,1,1,18,5,-2.17,0.05,1,0,563
2460,400,2,2,36,22,-10.3,0.05,0,1,563
2461,56,0,0,12,4,-5.61,0.05,1,0,563
2462,400,0,0,60,22,-1.75,0.05,0,1,563
2463,5,0,0,3,1,-4.3,0.05,1,0,563
2464,400,4,4,48,30,1.45,0.05,0,1,563
2465,27,0,0,15,4,-4.07,0.05,1,0,565
2466,27,0,0,11,4,-7.07,0.05,1,0,565
2467,67,0,0,10,4,-6.27,0.05,1,0,565
2468,228,2,2,47,16,-1.63,0.05,1,0,565
2469,400,1,1,38,11,2.65,0.05,0,1,565
2470,400,2,2,41,14,2.2,0.05,0,1,565
2471,400,1,1,43,20,-2.9,0.05,0,1,565
2472,400,2,2,44,25,-3.6,0.05,0,1,565
2473,400,3,3,41,12,3.45,0.05,0,1,565
2474,113,0,0,11,3,-4.93,0.05,1,0,565
2475,400,1,1,45,21,-5.55,0.05,1,0,565
2476,400,2,2,49,19,0.5,0.05,0,1,565
2477,400,2,2,36,20,4.4,0.05,0,1,565
2478,400,3,3,77,23,8.0,0.05,0,1,565
2479,400,2,2,47,20,6.05,0.05,0,1,565
2480,400,2,2,28,13,2.9,0.05,0,1,565
2481,87,0,0,21,7,-5.12,0.05,1,0,565
2482,400,0,0,32,22,-12.35,0.05,0,1,565
2483,97,1,1,31,13,-8.17,0.05,1,0,565
2484,5,0,0,3,1,-4.7,0.05,1,0,565
2485,141,0,0,12,4,-7.06,0.05,1,0,565
2486,41,0,0,15,6,-4.81,0.05,1,0,565
2487,48,0,0,10,4,-6.63,0.05,1,0,565
2488,30,0,0,9,4,-6.25,0.05,1,0,565
2489,7,0,0,4,1,-4.47,0.05,1,0,565
2490,219,0,0,20,8,-6.39,0.05,1,0,565
2491,20,0,0,13,3,-3.15,0.05,1,0,565
2492,160,0,0,4,3,-6.55,0.05,1,0,565
2493,400,0,0,53,19,3.0,0.05,0,1,565
2494,400,2,2,28,11,-0.75,0.05,0,1,565
2495,400,1,1,37,18,-4.0,0.05,0,1,565
2496,5,0,0,1,1,-5.3,0.05,1,0,565
2497,116,0,0,11,5,-7.46,0.05,1,0,565
2498,400,0,0,38,19,-3.0,0.05,0,1,565
2499,400,3,3,41,50,-15.35,0.05,0,1,565
2500,59,0,0,8,4,-6.34,0.05,1,0,565
2501,5,0,0,3,1,-4.65,0.05,1,0,565
2502,55,0,0,19,8,-4.75,0.05,1,0,565
2503,25,1,1,7,3,-3.15,0.05,1,0,565
2504,126,1,1,9,5,-5.01,0.05,1,0,565
2505,400,2,2,40,32,-7.9,0.05,0,1,565
2506,5,0,0,2,1,-5.0,0.05,1,0,565
2507,94,2,2,34,12,0.31,0.05,1,0,565
2508,313,3,3,23,9,-5.33,0.05,1,0,565
2509,106,0,0,19,7,-5.51,0.05,1,0,565
2510,75,0,0,15,6,-6.2,0.05,1,0,565
2511,64,0,0,8,2,-4.79,0.05,1,0,565
2512,154,0,0,10,3,-5.59,0.05,1,0,565
2513,27,1,1,11,4,-4.52,0.05,1,0,565
2514,400,2,2,26,9,-0.45,0.05,0,1,565
2515,41,0,0,14,5,-3.76,0.05,1,0,565
2516,99,0,0,47,13,-1.34,0.05,1,0,565
2517,5,0,0,3,1,-5.25,0.05,1,0,565
2518,400,0,0,26,11,-4.4,0.05,0,1,565
2519,400,0,0,37,27,-8.05,0.05,0,1,565
2520,400,4,4,66,19,10.1,0.05,0,1,565
2521,14,0,0,6,2,-5.84,0.05,1,0,565
2522,400,2,2,42,44,-12.65,0.05,0,1,565
2523,37,0,0,11,5,-8.17,0.05,1,0,565
2524,400,2,2,20,9,-2.3,0.05,0,1,565
2525,400,4,4,36,13,4.4,0.05,0,1,565
2526,198,1,1,12,5,-8.58,0.05,1,0,565
2527,59,0,0,17,6,-2.54,0.05,1,0,565
2528,400,3,3,30,12,-1.15,0.05,0,1,565
2529,35,0,0,14,5,-4.8,0.05,1,0,565
2530,5,0,0,3,1,-4.25,0.05,1,0,565
2531,210,0,0,11,3,-6.85,0.05,1,0,565
2532,33,0,0,16,5,-5.03,0.05,1,0,565
2533,231,0,0,20,6,-5.31,0.05,1,0,565
2534,36,0,0,11,5,-7.11,0.05,1,0,565
2535,197,0,0,26,11,-6.47,0.05,1,0,565
2536,56,0,0,8,3,-4.86,0.05,1,0,565
2537,109,1,1,26,8,-2.49,0.05,1,0,565
2538,265,0,0,8,4,-8.15,0.05,1,0,565
2539,122,0,0,11,4,-7.12,0.05,1,0,565
2540,108,1,1,12,3,-3.38,0.05,1,0,565
2541,400,3,3,51,19,6.5,0.05,0,1,565
2542,61,0,0,9,3,-6.31,0.05,1,0,565
2543,211,2,2,14,5,-4.31,0.05,1,0,565
2544,147,0,0,13,4,-4.62,0.05,1,0,565
2545,60,1,1,12,3,-1.9,0.05,1,0,565
2546,84,0,0,21,7,-4.34,0.05,1,0,565
2547,97,0,0,12,5,-6.97,0.05,1,0,565
2548,5,0,0,2,1,-4.95,0.05,1,0,565
2549,44,0,0,8,3,-4.74,0.05,1,0,565
2550,197,0,0,8,4,-8.67,0.05,1,0,565
2551,400,0,0,35,10,-0.4,0.05,0,1,565
2552,400,3,3,49,15,3.3,0.05,0,1,565
2553,13,0,0,6,2,-5.73,0.05,1,0,565
2554,57,0,0,11,3,-6.27,0.05,1,0,565
2555,66,0,0,7,3,-5.21,0.05,1,0,565
2556,46,0,0,10,4,-3.51,0.05,1,0,565
2557,400,3,3,35,11,2.6,0.05,0,1,565
2558,5,0,0,2,1,-5.5,0.05,1,0,565
2559,400,1,1,18,20,-4.85,0.05,0,1,565
2560,400,0,0,15,6,-4.3,0.05,0,1,565
2561,308,0,0,20,7,-7.83,0.05,1,0,565
2562,38,0,0,21,5,-3.03,0.05,1,0,565
2563,5,0,0,3,1,-4.25,0.05,1,0,565
2564,5,0,0,3,1,-4.7,0.05,1,0,565
2565,400,0,0,21,9,-2.1,0.05,0,1,565
2566,178,0,0,21,21,-5.43,0.05,1,0,565
2567,198,1,1,21,7,-7.03,0.05,1,0,565
2568,25,1,1,11,3,-4.15,0.05,1,0,565
2569,5,0,0,2,1,-5.55,0.05,1,0,565
2570,55,2,2,17,7,-3.95,0.05,1,0,565
2571,242,0,0,11,3,-8.17,0.05,1,0,565
2572,31,0,0,10,4,-5.96,0.05,1,0,566
2573,5,0,0,2,1,-5.0,0.05,1,0,566
2574,21,0,0,11,3,-4.06,0.05,1,0,566
2575,23,1,1,12,3,-3.28,0.05,1,0,566
2576,159,1,1,8,4,-4.94,0.05,1,0,566
2577,221,1,1,21,12,-9.71,0.05,1,0,566
2578,39,0,0,10,4,-5.99,0.05,1,0,566
2579,5,0,0,4,1,-4.0,0.05,1,0,566
2580,57,2,2,23,7,-1.47,0.05,1,0,566
2581,23,0,0,11,3,-4.03,0.05,1,0,566
2582,5,0,0,4,1,-4.8,0.05,1,0,566
2583,107,1,1,10,5,-6.72,0.05,1,0,566
2584,5,0,0,2,1,-5.05,0.05,1,0,566
2585,304,0,0,21,9,-5.49,0.05,1,0,566
2586,378,0,0,13,7,-10.38,0.05,1,0,566
2587,47,0,0,6,3,-6.32,0.05,1,0,566
2588,5,0,0,4,1,-4.9,0.05,1,0,566
2589,170,1,1,18,5,-5.9,0.05,1,0,566
2590,71,0,0,13,4,-4.16,0.05,1,0,566
2591,400,6,6,49,16,11.1,0.05,0,1,566
2592,29,0,0,10,4,-4.44,0.05,1,0,566
2593,400,1,1,29,12,-0.05,0.05,0,1,566
2594,206,2,2,30,8,0.04,0.05,1,0,566
2595,400,1,1,39,14,5.7,0.05,0,1,566
2596,73,0,0,35,10,-4.13,0.05,1,0,566
2597,389,1,1,51,16,-5.64,0.05,1,0,567
2598,400,2,2,32,15,-6.7,0.05,0,1,567
2599,5,0,0,3,1,-4.55,0.05,1,0,567
2600,400,1,1,41,16,1.1,0.05,0,1,567
2601,53,1,1,20,6,-1.68,0.05,1,0,567
2602,400,6,6,61,17,11.5,0.05,0,1,567
2603,400,3,3,49,27,4.2,0.05,0,1,567
2604,287,3,3,67,26,-2.52,0.05,1,0,567
2605,23,0,0,10,3,-5.93,0.05,1,0,567
2606,28,0,0,11,4,-4.48,0.05,1,0,567
2607,22,0,0,14,3,-3.42,0.05,1,0,567
2608,113,1,1,15,4,-2.43,0.05,1,0,567
2609,400,0,0,17,15,-6.15,0.05,0,1,567
2610,400,0,0,15,26,-11.8,0.05,0,1,567
2611,41,1,1,18,6,-3.61,0.05,1,0,567
2612,141,1,1,33,18,-5.46,0.05,1,0,567
2613,248,0,0,23,17,-8.13,0.05,1,0,567
2614,5,0,0,1,1,-5.85,0.05,1,0,567
2615,6,0,0,4,1,-4.06,0.05,1,0,567
2616,146,1,1,30,8,-2.61,0.05,1,0,567
2617,68,3,3,36,9,2.97,0.05,1,0,567
2618,41,0,0,20,6,-5.06,0.05,1,0,567
2619,400,2,2,47,12,7.95,0.05,0,1,567
2620,27,0,0,11,4,-5.52,0.05,1,0,567
2621,145,1,1,44,13,0.25,0.05,1,0,567
2622,400,1,1,31,13,-1.8,0.05,0,1,567
2623,41,1,1,21,6,-3.61,0.05,1,0,567
2624,111,2,2,32,15,-3.71,0.05,1,0,567
2625,20,0,0,12,3,-4.2,0.05,1,0,567
2626,63,0,0,20,9,-6.98,0.05,1,0,567
2627,400,3,3,35,25,-7.95,0.05,0,1,567
2628,5,0,0,3,1,-4.75,0.05,1,0,567
2629,400,3,3,52,16,9.0,0.05,0,1,567
2630,20,0,0,11,3,-4.05,0.05,1,0,567
2631,96,2,2,13,5,-4.06,0.05,1,0,567
2632,103,4,4,37,14,0.57,0.05,1,0,567
2633,28,0,0,13,4,-3.98,0.05,1,0,567
2634,93,1,1,21,7,-2.98,0.05,1,0,567
2635,400,3,3,42,19,-2.25,0.05,0,1,567
2636,5,0,0,2,1,-5.5,0.05,1,0,567
2637,400,0,0,20,20,-7.9,0.05,0,1,567
2638,199,0,0,16,6,-6.39,0.05,1,0,567
2639,400,4,4,40,13,6.55,0.05,0,1,567
2640,48,0,0,14,7,-7.28,0.05,1,0,567
2641,5,0,0,3,1,-5.65,0.05,1,0,567
2642,400,1,1,82,29,5.9,0.05,0,1,567
2643,400,1,1,23,25,-7.65,0.05,0,1,567
2644,400,4,4,56,19,2.15,0.05,0,1,567
2645,102,0,0,21,8,-5.47,0.05,1,0,568
2646,197,3,3,48,13,4.33,0.05,1,0,568
2647,400,1,1,32,15,-3.55,0.05,0,1,568
2648,57,0,0,26,7,-3.02,0.05,1,0,568
2649,400,1,1,54,18,3.55,0.05,0,1,568
2650,400,0,0,38,12,-0.1,0.05,0,1,568
2651,400,4,4,61,17,9.65,0.05,0,1,568
2652,255,0,0,8,5,-7.85,0.05,1,0,568
2653,41,0,0,15,6,-5.76,0.05,1,0,568
2654,400,3,3,40,17,-5.6,0.05,0,1,568
2655,20,0,0,12,3,-3.65,0.05,1,0,568
2656,400,4,4,63,22,11.9,0.05,0,1,568
2657,62,0,0,13,4,-6.27,0.05,1,0,570
2658,400,4,4,62,33,4.45,0.05,0,1,570
2659,5,0,0,3,1,-5.15,0.05,1,0,570
2660,112,2,2,42,14,-0.92,0.05,1,0,570
2661,21,0,0,7,3,-6.66,0.05,1,0,570
2662,383,4,4,46,41,-12.48,0.05,1,0,570
2663,400,3,3,33,33,-10.1,0.05,0,1,570
2664,400,6,6,99,51,2.55,0.05,0,1,570
2665,400,1,1,26,39,-11.5,0.05,0,1,570
2666,400,4,4,47,19,0.1,0.05,0,1,570
2667,400,3,3,48,14,2.65,0.05,0,1,570
2668,5,0,0,3,1,-4.2,0.05,1,0,570
2669,400,2,2,60,22,0.5,0.05,0,1,570
2670,400,3,3,38,13,3.5,0.05,0,1,570
2671,5,0,0,4,1,-5.25,0.05,1,0,570
2672,400,4,4,81,29,4.45,0.05,0,1,570
2673,162,1,1,45,13,-1.12,0.05,1,0,570
2674,63,1,1,27,8,-3.68,0.05,1,0,570
2675,400,0,0,5,16,-12.75,0.05,0,1,570
2676,400,2,2,36,32,-5.2,0.05,0,1,570
2677,400,0,0,12,11,-8.2,0.05,0,1,570
2678,400,0,0,27,10,-3.55,0.05,0,1,570
2679,7,0,0,2,1,-4.57,0.05,1,0,570
2680,400,1,1,23,22,-3.1,0.05,0,1,570
2681,20,0,0,11,3,-4.55,0.05,1,0,570
2682,51,0,0,6,3,-8.41,0.05,1,0,570
2683,20,1,1,9,3,-3.8,0.05,1,0,570
2684,22,0,0,8,3,-6.57,0.05,1,0,570
2685,229,0,0,11,5,-7.24,0.05,1,0,570
2686,36,0,0,11,4,-3.61,0.05,1,0,570
2687,106,1,1,15,14,-8.91,0.05,1,0,570
2688,400,1,1,9,7,-3.1,0.05,0,1,570
2689,20,0,0,5,3,-6.85,0.05,1,0,570
2690,87,0,0,10,3,-5.97,0.05,1,0,570
2691,32,0,0,14,4,-2.77,0.05,1,0,570
2692,14,0,0,6,2,-4.39,0.05,1,0,570
2693,101,0,0,10,3,-5.06,0.05,1,0,570
2694,22,0,0,13,3,-3.77,0.05,1,0,570
2695,400,0,0,38,12,-0.55,0.05,0,1,570
2696,30,0,0,12,4,-5.3,0.05,1,0,570
2697,14,0,0,6,2,-4.44,0.05,1,0,570
2698,29,0,0,11,4,-4.49,0.05,1,0,570
2699,156,0,0,24,13,-7.66,0.05,1,0,570
2700,5,0,0,3,1,-4.2,0.05,1,0,570
2701,400,0,0,10,5,-3.75,0.05,0,1,570
2702,24,0,0,8,3,-5.94,0.05,1,0,570
2703,24,0,0,15,3,-4.19,0.05,1,0,570
2704,22,0,0,12,3,-3.62,0.05,1,0,570
2705,400,2,2,53,19,1.05,0.05,0,1,570
2706,5,0,0,2,1,-5.0,0.05,1,0,570
2707,400,1,1,23,15,-7.5,0.05,0,1,570
2708,41,1,1,13,3,-4.46,0.05,1,0,570
2709,5,0,0,2,1,-5.4,0.05,1,0,570
2710,395,3,3,22,16,-8.0,0.05,1,0,571
2711,20,1,1,7,3,-3.1,0.05,1,0,571
2712,119,0,0,19,11,-9.14,0.05,1,0,571
2713,400,0,0,5,6,-6.8,0.05,0,1,571
2714,20,0,0,13,3,-3.85,0.05,1,0,571
2715,20,0,0,11,3,-4.45,0.05,1,0,571
2716,400,1,1,21,9,-5.1,0.05,0,1,571
2717,47,0,0,11,4,-3.32,0.05,1,0,572
2718,400,1,1,18,9,-5.2,0.05,0,1,572
2719,400,2,2,39,14,4.6,0.05,0,1,572
2720,400,2,2,32,13,-2.95,0.05,0,1,572
2721,157,0,0,18,6,-4.87,0.05,1,0,572
2722,128,0,0,34,10,-5.28,0.05,1,0,572
2723,29,0,0,12,4,-4.79,0.05,1,0,572
2724,400,4,4,45,19,3.05,0.05,0,1,572
2725,252,2,2,50,16,-3.42,0.05,1,0,572
2726,28,0,0,13,4,-4.43,0.05,1,0,572
2727,400,1,1,43,17,2.05,0.05,0,1,572
2728,311,2,2,40,23,-5.96,0.05,1,0,572
2729,399,1,1,48,22,-6.29,0.05,1,0,572
2730,245,1,1,39,13,-3.85,0.05,1,0,572
2731,21,0,0,10,3,-5.36,0.05,1,0,572
2732,20,0,0,8,3,-6.45,0.05,1,0,572
2733,138,3,3,47,15,-0.88,0.05,1,0,572
2734,22,0,0,12,3,-5.17,0.05,1,0,572
2735,20,0,0,10,3,-3.75,0.05,1,0,572
2736,14,0,0,4,2,-6.94,0.05,1,0,572
2737,400,5,5,35,22,1.8,0.05,0,1,572
2738,5,0,0,2,1,-4.95,0.05,1,0,572
2739,400,4,4,80,25,14.0,0.05,0,1,572
2740,21,0,0,8,3,-4.91,0.05,1,0,572
2741,117,3,3,39,13,4.03,0.05,1,0,572
2742,400,2,2,25,10,0.85,0.05,0,1,572
2743,400,3,3,39,14,1.8,0.05,0,1,573
2744,400,4,4,52,21,5.2,0.05,0,1,573
2745,400,2,2,41,17,-1.15,0.05,0,1,573
2746,228,2,2,32,12,-3.08,0.05,1,0,574
2747,5,0,0,2,1,-6.0,0.05,1,0,574
2748,5,0,0,3,1,-4.75,0.05,1,0,574
2749,400,1,1,24,23,-8.8,0.05,0,1,574
2750,400,1,1,42,22,-5.05,0.05,0,1,574
2751,108,1,1,24,7,-1.98,0.05,1,0,574
2752,62,0,0,19,6,-7.32,0.05,1,0,574
2753,400,0,0,13,15,-8.7,0.05,0,1,574
2754,400,0,0,23,15,-3.6,0.05,0,1,574
2755,400,1,1,23,18,-8.55,0.05,0,1,574
2756,400,1,1,36,24,-7.05,0.05,0,1,574
2757,5,0,0,3,1,-5.7,0.05,1,0,574
2758,400,5,5,40,18,6.65,0.05,0,1,574
2759,187,0,0,33,10,-5.32,0.05,1,0,574
2760,60,1,1,19,5,-3.65,0.05,1,0,574
2761,43,0,0,9,3,-5.33,0.05,1,0,574
2762,160,0,0,9,4,-6.55,0.05,1,0,574
2763,280,2,2,29,11,-4.1,0.05,1,0,574
2764,15,0,0,6,2,-5.5,0.05,1,0,574
2765,5,0,0,4,1,-5.75,0.05,1,0,574
2766,158,1,1,37,22,-4.63,0.05,1,0,574
2767,36,0,0,11,3,-4.76,0.05,1,0,574
2768,30,0,0,9,3,-4.2,0.05,1,0,574
2769,384,1,1,54,17,-3.14,0.05,1,0,574
2770,400,2,2,29,15,-4.2,0.05,0,1,574
2771,86,0,0,31,7,-0.51,0.05,1,0,574
2772,400,0,0,34,16,-4.65,0.05,0,1,574
2773,5,0,0,3,1,-5.2,0.05,1,0,574
2774,126,0,0,17,7,-10.31,0.05,1,0,574
2775,73,0,0,13,6,-6.38,0.05,1,0,574
2776,52,1,1,16,7,-4.72,0.05,1,0,574
2777,5,0,0,3,1,-5.2,0.05,1,0,574
2778,21,0,0,9,3,-4.61,0.05,1,0,574
2779,35,0,0,19,5,-2.75,0.05,1,0,574
2780,400,1,1,19,12,-4.9,0.05,0,1,574
2781,20,1,1,7,3,-4.7,0.05,1,0,574
2782,111,0,0,18,7,-3.81,0.05,1,0,575
2783,210,1,1,31,12,-4.7,0.05,1,0,575
2784,23,0,0,11,3,-4.13,0.05,1,0,575
2785,54,2,2,21,7,0.06,0.05,1,0,575
2786,26,0,0,9,3,-5.01,0.05,1,0,575
2787,257,1,1,23,7,-2.27,0.05,1,0,575
2788,400,0,0,55,23,-0.85,0.05,0,1,575
2789,45,1,1,17,6,-5.4,0.05,1,0,575
2790,5,0,0,3,1,-4.75,0.05,1,0,575
2791,400,1,1,22,9,-0.0,0.05,0,1,575
2792,400,3,3,36,17,-1.35,0.05,0,1,575
2793,63,1,1,22,9,-7.23,0.05,1,0,575
2794,400,4,4,92,31,10.0,0.05,0,1,575
2795,20,0,0,8,3,-5.5,0.05,1,0,575
2796,5,0,0,3,1,-5.5,0.05,1,0,575
2797,42,1,1,19,6,-3.72,0.05,1,0,575
2798,5,0,0,3,1,-4.3,0.05,1,0,575
2799,400,2,2,53,24,-1.2,0.05,0,1,575
2800,400,4,4,46,18,1.05,0.05,0,1,575
2801,400,1,1,44,22,-5.45,0.05,0,1,575
2802,400,0,0,15,6,-4.25,0.05,0,1,575
2803,400,1,1,35,18,-3.4,0.05,0,1,575
2804,400,1,1,22,15,0.3,0.05,0,1,575
2805,400,6,6,88,30,12.95,0.05,0,1,575
2806,400,1,1,29,15,-1.1,0.05,0,1,575
2807,400,2,2,80,32,-1.4,0.05,0,1,575
2808,400,2,2,37,17,-1.3,0.05,0,1,575
2809,13,0,0,6,2,-4.93,0.05,1,0,575
2810,257,2,2,23,8,-4.12,0.05,1,0,575
2811,28,0,0,10,4,-5.03,0.05,1,0,575
2812,44,0,0,10,4,-4.64,0.05,1,0,575
2813,110,1,1,11,4,-4.8,0.05,1,0,575
2814,230,1,1,18,12,-6.7,0.05,1,0,575
2815,400,6,6,100,37,6.3,0.05,0,1,575
2816,13,0,0,6,2,-5.73,0.05,1,0,575
2817,90,0,0,25,7,-4.6,0.05,1,0,575
2818,50,0,0,12,4,-5.1,0.05,1,0,575
2819,204,1,1,58,15,0.81,0.05,1,0,575
2820,111,0,0,26,10,-10.31,0.05,1,0,575
2821,172,1,1,29,9,-5.72,0.05,1,0,575
2822,400,0,0,38,14,0.05,0.05,0,1,575
2823,27,0,0,10,4,-5.42,0.05,1,0,575
2824,14,0,0,8,2,-5.14,0.05,1,0,575
2825,400,0,0,29,14,-3.8,0.05,0,1,575
2826,14,0,0,5,2,-6.14,0.05,1,0,575
2827,400,0,0,25,12,-5.25,0.05,0,1,575
2828,400,1,1,35,16,-1.2,0.05,0,1,575
2829,133,2,2,42,13,-1.28,0.05,1,0,575
2830,14,0,0,3,2,-5.34,0.05,1,0,575
2831,400,0,0,17,7,-5.15,0.05,0,1,575
2832,400,1,1,44,14,1.75,0.05,0,1,575
2833,400,0,0,26,8,-1.9,0.05,0,1,575
2834,114,3,3,40,10,1.06,0.05,1,0,575
2835,400,2,2,43,14,1.65,0.05,0,1,575
2836,400,3,3,72,24,4.6,0.05,0,1,575
2837,400,1,1,35,15,-2.9,0.05,0,1,575
2838,400,2,2,34,17,0.6,0.05,0,1,575
2839,400,3,3,47,21,5.1,0.05,0,1,575
2840,400,2,2,43,29,-1.15,0.05,0,1,575
2841,400,2,2,68,21,5.7,0.05,0,1,575
2842,400,3,3,69,31,-1.5,0.05,0,1,576
2843,400,3,3,40,30,-0.85,0.05,0,1,576
2844,166,2,2,27,11,-2.26,0.05,1,0,576
2845,7,0,0,4,1,-5.37,0.05,1,0,576
2846,65,1,1,18,7,-3.75,0.05,1,0,576
2847,400,0,0,21,8,-5.25,0.05,0,1,576
2848,400,3,3,63,24,3.7,0.05,0,1,576
2849,34,0,0,13,5,-5.84,0.05,1,0,576
2850,317,1,1,48,18,-8.97,0.05,1,0,576
2851,279,2,2,41,26,-10.69,0.05,1,0,576
2852,400,2,2,54,17,3.6,0.05,0,1,576
2853,157,1,1,22,8,-3.72,0.05,1,0,576
2854,219,0,0,33,13,-5.14,0.05,1,0,576
2855,400,4,4,80,46,7.95,0.05,0,1,576
2856,316,3,3,79,31,-4.51,0.05,1,0,577
2857,400,4,4,63,49,-14.05,0.05,0,1,577
2858,81,0,0,28,9,-5.01,0.05,1,0,577
2859,400,2,2,46,16,5.1,0.05,0,1,577
2860,400,1,1,41,18,-3.15,0.05,0,1,577
2861,400,2,2,33,16,-3.5,0.05,0,1,577
2862,400,2,2,45,18,0.95,0.05,0,1,577
2863,400,2,2,29,10,2.85,0.05,0,1,577
2864,400,3,3,32,9,2.7,0.05,0,1,577
2865,265,0,0,37,11,-2.25,0.05,1,0,577
2866,400,2,2,59,22,1.3,0.05,0,1,577
2867,400,4,4,60,49,-15.45,0.05,0,1,577
2868,400,1,1,35,20,-4.6,0.05,0,1,577
2869,93,0,0,20,13,-7.08,0.05,1,0,577
2870,272,2,2,35,16,-12.52,0.05,1,0,577
2871,38,1,1,10,4,-4.83,0.05,1,0,577
2872,400,2,2,36,17,-1.3,0.05,0,1,577
2873,400,2,2,57,22,8.65,0.05,0,1,577
2874,400,1,1,26,10,-0.25,0.05,0,1,577
2875,282,2,2,26,8,-1.07,0.05,1,0,577
2876,400,0,0,31,13,-2.85,0.05,0,1,577
2877,400,1,1,60,20,8.35,0.05,0,1,577
2878,21,0,0,12,3,-4.16,0.05,1,0,577
2879,400,1,1,32,25,-5.9,0.05,0,1,577
2880,5,0,0,3,1,-5.6,0.05,1,0,577
2881,400,4,4,38,29,-2.9,0.05,0,1,577
2882,400,3,3,46,33,-8.4,0.05,0,1,577
2883,5,0,0,2,1,-5.0,0.05,1,0,577
2884,400,4,4,42,23,-0.45,0.05,0,1,577
2885,400,0,0,33,20,-8.85,0.05,0,1,577
2886,400,2,2,17,13,-6.0,0.05,0,1,577
2887,20,0,0,7,3,-5.75,0.05,1,0,577
2888,400,2,2,29,10,-1.9,0.05,0,1,577
2889,400,6,6,65,24,10.7,0.05,0,1,577
2890,400,2,2,35,17,-0.85,0.05,0,1,577
2891,400,4,4,48,39,-4.75,0.05,0,1,577
2892,13,0,0,6,2,-5.83,0.05,1,0,577
2893,400,3,3,40,40,-4.5,0.05,0,1,577
2894,400,2,2,37,21,0.1,0.05,0,1,577
2895,400,2,2,45,22,-1.65,0.05,0,1,577
2896,400,3,3,47,24,0.0,0.05,0,1,577
2897,191,1,1,47,16,-6.41,0.05,1,0,577
2898,400,1,1,39,12,2.7,0.05,0,1,577
2899,114,0,0,36,13,-0.89,0.05,1,0,577
2900,35,0,0,14,5,-4.8,0.05,1,0,577
2901,400,3,3,48,22,-1.05,0.05,0,1,577
2902,83,0,0,17,7,-7.03,0.05,1,0,577
2903,5,0,0,3,1,-5.7,0.05,1,0,577
2904,20,0,0,8,3,-6.0,0.05,1,0,577
2905,5,0,0,3,1,-4.7,0.05,1,0,577
2906,78,0,0,12,11,-5.83,0.05,1,0,577
2907,43,1,1,10,4,-6.43,0.05,1,0,577
2908,20,0,0,8,3,-6.35,0.05,1,0,577
2909,400,1,1,18,7,-1.6,0.05,0,1,577
2910,226,1,1,22,25,-14.06,0.05,1,0,577
2911,97,0,0,9,4,-6.97,0.05,1,0,577
2912,34,0,0,8,5,-8.09,0.05,1,0,577
2913,13,0,0,6,2,-5.43,0.05,1,0,577
2914,400,1,1,27,11,-3.15,0.05,0,1,577
2915,400,1,1,48,27,-3.6,0.05,0,1,577
2916,400,3,3,53,28,-2.1,0.05,0,1,577
2917,14,0,0,9,2,-3.99,0.05,1,0,577
2918,313,2,2,37,15,-6.43,0.05,1,0,577
2919,102,0,0,14,7,-7.17,0.05,1,0,578
2920,23,0,0,8,3,-4.38,0.05,1,0,579
2921,157,1,1,16,5,-6.92,0.05,1,0,579
2922,106,0,0,4,2,-6.51,0.05,1,0,579
2923,59,1,1,12,5,-4.59,0.05,1,0,579
2924,59,0,0,12,3,-4.14,0.05,1,0,579
2925,129,0,0,12,3,-4.29,0.05,1,0,579
2926,400,0,0,24,9,-2.6,0.05,0,1,579
2927,400,1,1,35,17,-0.3,0.05,0,1,579
2928,26,0,0,5,3,-6.31,0.05,1,0,579
2929,400,0,0,8,4,-6.65,0.05,0,1,579
2930,98,0,0,9,4,-6.48,0.05,1,0,579
2931,5,0,0,3,1,-4.75,0.05,1,0,579
2932,19,0,0,8,3,-5.94,0.05,1,0,579
2933,72,0,0,12,5,-4.72,0.05,1,0,579
2934,7,0,0,5,1,-5.07,0.05,1,0,579
2935,36,1,1,13,5,-4.11,0.05,1,0,579
2936,65,0,0,25,8,-3.4,0.05,1,0,579
2937,324,3,3,44,12,4.21,0.05,1,0,579
2938,400,2,2,49,22,-2.15,0.05,0,1,579
2939,400,3,3,45,22,4.9,0.05,0,1,579
2940,58,0,0,25,8,-2.73,0.05,1,0,579
2941,30,0,0,10,4,-5.4,0.05,1,0,579
2942,400,0,0,17,14,-11.6,0.05,0,1,579
2943,400,0,0,19,16,-9.65,0.05,0,1,579
2944,41,1,1,13,6,-5.11,0.05,1,0,579
2945,400,4,4,41,18,2.15,0.05,0,1,579
2946,27,0,0,10,4,-6.42,0.05,1,0,579
2947,400,2,2,36,20,-3.25,0.05,0,1,579
2948,400,2,2,43,20,0.4,0.05,0,1,579
2949,5,0,0,4,1,-4.9,0.05,1,0,579
2950,41,0,0,14,6,-7.06,0.05,1,0,579
2951,318,5,5,51,24,1.62,0.05,1,0,579
2952,131,1,1,30,12,-3.36,0.05,1,0,579
2953,400,1,1,22,20,-4.3,0.05,0,1,579
2954,5,0,0,4,1,-5.4,0.05,1,0,579
2955,27,0,0,10,4,-6.47,0.05,1,0,579
2956,400,1,1,45,17,1.65,0.05,0,1,579
2957,27,1,1,9,4,-4.62,0.05,1,0,579
2958,27,0,0,9,4,-6.27,0.05,1,0,579
2959,5,0,0,1,1,-6.3,0.05,1,0,579
2960,29,0,0,12,4,-4.24,0.05,1,0,579
2961,201,1,1,28,12,-6.81,0.05,1,0,579
2962,400,1,1,23,17,-4.05,0.05,0,1,579
2963,400,1,1,47,32,-6.45,0.05,0,1,579
2964,400,2,2,37,16,3.05,0.05,0,1,579
2965,5,0,0,3,1,-4.2,0.05,1,0,579
2966,400,3,3,42,15,2.0,0.05,0,1,579
2967,50,1,1,21,7,-2.15,0.05,1,0,579
2968,400,1,1,41,20,0.15,0.05,0,1,579
2969,45,1,1,18,6,-2.75,0.05,1,0,579
2970,64,1,1,23,8,-3.44,0.05,1,0,579
2971,5,0,0,4,1,-4.45,0.05,1,0,579
2972,400,3,3,44,25,1.3,0.05,0,1,579
2973,399,3,3,60,22,0.16,0.05,1,0,579
2974,400,1,1,40,20,-1.0,0.05,0,1,579
2975,400,3,3,46,18,2.85,0.05,0,1,579
2976,157,0,0,33,12,-2.97,0.05,1,0,579
2977,51,0,0,22,7,-2.26,0.05,1,0,579
2978,400,2,2,28,10,0.75,0.05,0,1,579
2979,23,0,0,6,3,-6.68,0.05,1,0,579
2980,160,4,4,31,16,-4.6,0.05,1,0,579
2981,74,1,1,16,10,-4.69,0.05,1,0,579
2982,74,1,1,33,10,-0.19,0.05,1,0,579
2983,400,3,3,39,17,4.1,0.05,0,1,579
2984,400,2,2,27,22,-7.05,0.05,0,1,579
2985,400,1,1,26,15,-2.75,0.05,0,1,579
2986,5,0,0,2,1,-4.5,0.05,1,0,579
2987,198,2,2,39,13,-1.53,0.05,1,0,579
2988,400,3,3,42,40,-6.1,0.05,0,1,579
2989,400,5,5,45,23,2.4,0.05,0,1,579
2990,400,1,1,33,21,-10.4,0.05,0,1,579
2991,400,0,0,40,18,-1.2,0.05,0,1,579
2992,400,1,1,22,10,-4.3,0.05,0,1,579
2993,400,4,4,44,22,2.05,0.05,0,1,579
2994,89,1,1,22,7,-3.34,0.05,1,0,579
2995,400,2,2,47,22,-0.3,0.05,0,1,579
2996,142,2,2,38,12,1.03,0.05,1,0,579
2997,207,2,2,36,12,-2.02,0.05,1,0,579
2998,400,3,3,15,9,-2.25,0.05,0,1,579
2999,337,2,2,42,32,-12.42,0.05,1,0,579
3000,153,0,0,19,4,-3.08,0.05,1,0,579
3001,5,0,0,3,1,-5.65,0.05,1,0,579
3002,400,1,1,44,22,-4.05,0.05,0,1,579
3003,64,2,2,24,9,-2.59,0.05,1,0,579
3004,400,1,1,31,20,-6.0,0.05,0,1,579
3005,181,0,0,9,7,-10.16,0.05,1,0,579
3006,400,3,3,33,17,0.25,0.05,0,1,579
3007,34,1,1,13,5,-4.99,0.05,1,0,579
3008,14,0,0,7,2,-4.59,0.05,1,0,579
3009,400,1,1,26,11,-5.5,0.05,0,1,580
3010,400,2,2,28,10,0.0,0.05,0,1,580
3011,400,2,2,54,17,6.5,0.05,0,1,580
3012,196,2,2,36,13,-4.11,0.05,1,0,580
3013,400,1,1,48,19,5.15,0.05,0,1,580
3014,400,2,2,55,21,3.7,0.05,0,1,580
3015,74,1,1,25,9,-1.49,0.05,1,0,580
3016,400,4,4,53,21,7.9,0.05,0,1,580
3017,400,0,0,42,15,-0.4,0.05,0,1,580
3018,400,3,3,44,23,-3.6,0.05,0,1,580
3019,400,2,2,33,13,3.75,0.05,0,1,580
3020,400,2,2,44,22,-2.15,0.05,0,1,580
3021,400,3,3,42,16,4.65,0.05,0,1,580
3022,20,0,0,9,3,-5.5,0.05,1,0,580
3023,400,2,2,49,21,3.4,0.05,0,1,580
3024,35,0,0,14,5,-5.25,0.05,1,0,580
3025,400,2,2,36,27,-4.85,0.05,0,1,580
3026,400,1,1,36,17,-2.15,0.05,0,1,580
3027,400,1,1,49,16,1.95,0.05,0,1,580
3028,400,1,1,36,11,0.25,0.05,0,1,580
3029,49,0,0,17,6,-3.04,0.05,1,0,580
3030,5,0,0,4,1,-4.25,0.05,1,0,580
3031,21,1,1,9,3,-4.16,0.05,1,0,580
3032,118,0,0,33,11,-2.08,0.05,1,0,580
3033,400,2,2,44,16,3.55,0.05,0,1,580
3034,277,1,1,37,19,-6.27,0.05,1,0,580
3035,121,0,0,19,10,-9.01,0.05,1,0,580
3036,400,1,1,45,19,-0.2,0.05,0,1,580
3037,7,0,0,3,1,-6.17,0.05,1,0,580
3038,70,3,3,33,10,2.0,0.05,1,0,580
3039,5,0,0,3,1,-5.2,0.05,1,0,580
3040,400,4,4,48,19,2.7,0.05,0,1,580
3041,62,1,1,18,8,-3.32,0.05,1,0,580
3042,5,0,0,4,1,-4.45,0.05,1,0,580
3043,21,0,0,8,3,-5.81,0.05,1,0,580
3044,400,0,0,22,10,-2.3,0.05,0,1,580
3045,5,0,0,2,1,-6.0,0.05,1,0,580
3046,400,2,2,55,24,3.15,0.05,0,1,580
3047,400,4,4,47,20,4.6,0.05,0,1,580
3048,400,0,0,30,13,-3.9,0.05,0,1,580
3049,400,0,0,28,17,-3.9,0.05,0,1,580
3050,400,1,1,33,15,-3.2,0.05,0,1,580
3051,400,4,4,32,14,3.15,0.05,0,1,580
3052,400,1,1,8,28,-16.75,0.05,0,1,580
3053,5,0,0,3,1,-6.15,0.05,1,0,580
3054,5,0,0,4,1,-4.9,0.05,1,0,580
3055,51,1,1,22,7,-2.46,0.05,1,0,580
3056,400,0,0,9,15,-14.25,0.05,0,1,580
3057,14,0,0,10,2,-4.19,0.05,1,0,580
3058,400,0,0,29,40,-14.95,0.05,0,1,580
3059,400,1,1,33,13,0.35,0.05,0,1,580
3060,120,0,0,12,4,-5.2,0.05,1,0,580
3061,400,2,2,37,13,0.2,0.05,0,1,580
3062,32,1,1,12,4,-3.52,0.05,1,0,580
3063,400,0,0,27,9,-2.25,0.05,0,1,580
3064,5,0,0,4,1,-4.0,0.05,1,0,580
3065,5,0,0,3,1,-5.25,0.05,1,0,580
3066,283,3,3,27,10,-0.93,0.05,1,0,580
3067,93,0,0,7,4,-6.08,0.05,1,0,580
3068,400,1,1,20,10,-2.7,0.05,0,1,580
3069,400,2,2,38,17,-6.25,0.05,0,1,580
3070,400,0,0,20,10,-4.95,0.05,0,1,580
3071,303,1,1,42,21,-4.63,0.05,1,0,580
3072,400,2,2,43,33,-4.7,0.05,0,1,580
3073,400,4,4,49,31,-9.85,0.05,0,1,580
3074,400,0,0,38,23,-10.15,0.05,0,1,580
3075,379,1,1,37,14,-6.74,0.05,1,0,580
3076,5,0,0,4,1,-4.45,0.05,1,0,580
3077,29,1,1,10,4,-4.34,0.05,1,0,580
3078,400,0,0,36,19,-2.8,0.05,0,1,580
3079,400,1,1,27,19,-4.25,0.05,0,1,580
3080,136,0,0,23,14,-7.56,0.05,1,0,581
3081,27,0,0,9,4,-6.27,0.05,1,0,581
3082,48,0,0,13,7,-7.03,0.05,1,0,581
3083,400,5,5,97,44,6.5,0.05,0,1,582
3084,260,4,4,51,27,-1.9,0.05,1,0,582
3085,217,2,2,32,13,-4.37,0.05,1,0,583
3086,55,4,4,24,8,0.25,0.05,1,0,583
3087,400,0,0,28,57,-23.25,0.05,0,1,583
3088,305,2,2,50,43,-25.25,0.05,1,0,583
3089,8,0,0,3,1,-4.48,0.05,1,0,583
3090,400,3,3,42,17,0.85,0.05,0,1,583
3091,400,1,1,34,23,-4.1,0.05,0,1,583
3092,43,0,0,9,4,-5.93,0.05,1,0,583
3093,400,3,3,71,41,2.2,0.05,0,1,583
3094,400,4,4,59,24,9.75,0.05,0,1,583
3095,400,1,1,38,16,-2.25,0.05,0,1,583
3096,400,1,1,33,15,-5.2,0.05,0,1,583
3097,5,0,0,4,1,-5.4,0.05,1,0,583
3098,400,4,4,40,16,4.35,0.05,0,1,583
3099,400,3,3,54,22,-0.45,0.05,0,1,583
3100,400,5,5,58,20,10.9,0.05,0,1,583
3101,400,1,1,26,10,-3.5,0.05,0,1,583
3102,400,6,6,72,27,10.55,0.05,0,1,583
3103,5,0,0,1,1,-5.8,0.05,1,0,583
3104,400,1,1,33,18,-1.75,0.05,0,1,583
3105,391,1,1,43,19,-8.61,0.05,1,0,583
3106,349,0,0,16,46,-25.74,0.05,1,0,583
3107,400,0,0,24,14,-7.1,0.05,0,1,583
3108,5,0,0,2,1,-5.0,0.05,1,0,583
3109,400,6,6,99,35,14.65,0.05,0,1,583
3110,400,2,2,52,23,-0.1,0.05,0,1,583
3111,400,4,4,65,23,6.05,0.05,0,1,583
3112,90,4,4,45,12,5.05,0.05,1,0,583
3113,5,0,0,3,1,-4.75,0.05,1,0,583
3114,400,4,4,51,21,-0.55,0.05,0,1,583
3115,165,1,1,31,11,-4.2,0.05,1,0,583
3116,400,4,4,52,22,2.85,0.05,0,1,583
3117,400,3,3,65,27,5.45,0.05,0,1,583
3118,400,2,2,65,19,5.65,0.05,0,1,583
3119,343,2,2,40,12,-2.33,0.05,1,0,583
3120,367,3,3,46,17,-0.07,0.05,1,0,583
3121,264,3,3,24,12,-4.84,0.05,1,0,583
3122,84,2,2,22,9,-3.99,0.05,1,0,583
3123,400,2,2,26,19,-2.8,0.05,0,1,583
3124,400,0,0,48,23,-3.45,0.05,0,1,583
3125,276,0,0,11,4,-9.06,0.05,1,0,583
3126,93,0,0,33,9,-2.88,0.05,1,0,583
3127,400,4,4,53,28,3.2,0.05,0,1,583
3128,53,2,2,19,7,-1.88,0.05,1,0,583
3129,128,0,0,29,13,-6.33,0.05,1,0,583
3130,234,2,2,41,18,-2.34,0.05,1,0,583
3131,400,1,1,43,16,1.1,0.05,0,1,583
3132,400,2,2,33,19,-0.95,0.05,0,1,583
3133,41,1,1,21,6,-4.16,0.05,1,0,583
3134,125,0,0,39,10,0.95,0.05,1,0,583
3135,367,2,2,41,13,0.28,0.05,1,0,583
3136,400,5,5,49,18,6.6,0.05,0,1,583
3137,65,3,3,22,9,-1.95,0.05,1,0,583
3138,81,1,1,16,6,-5.61,0.05,1,0,583
3139,400,1,1,35,15,-1.55,0.05,0,1,583
3140,7,0,0,6,1,-3.22,0.05,1,0,583
3141,5,0,0,4,1,-5.35,0.05,1,0,583
3142,400,0,0,16,6,-2.6,0.05,0,1,583
3143,5,0,0,3,1,-5.15,0.05,1,0,583
3144,400,1,1,18,10,-5.25,0.05,0,1,583
3145,400,1,1,44,19,-3.1,0.05,0,1,583
3146,5,0,0,4,1,-4.45,0.05,1,0,583
3147,5,0,0,4,1,-4.8,0.05,1,0,583
3148,95,2,2,32,13,-1.0,0.05,1,0,583
3149,400,4,4,43,19,3.05,0.05,0,1,583
3150,400,4,4,64,21,7.9,0.05,0,1,583
3151,240,0,0,25,10,-4.5,0.05,1,0,584
3152,400,3,3,58,20,5.35,0.05,0,1,584
3153,400,5,5,43,15,1.8,0.05,0,1,584
3154,213,1,1,14,14,-11.38,0.05,1,0,584
3155,356,1,1,44,15,-2.41,0.05,1,0,584
3156,119,2,2,41,14,2.41,0.05,1,0,584
3157,28,0,0,11,4,-5.18,0.05,1,0,584
3158,20,0,0,6,3,-6.1,0.05,1,0,584
3159,400,4,4,29,13,2.15,0.05,0,1,584
3160,400,2,2,36,14,0.6,0.05,0,1,584
3161,264,0,0,29,10,-5.74,0.05,1,0,584
3162,27,0,0,11,4,-5.67,0.05,1,0,584
3163,129,0,0,12,4,-6.39,0.05,1,0,584
3164,322,5,5,55,21,3.33,0.05,1,0,584
3165,27,0,0,9,4,-4.92,0.05,1,0,584
3166,400,3,3,69,22,5.6,0.05,0,1,584
3167,400,4,4,67,19,7.9,0.05,0,1,584
3168,400,1,1,44,16,-2.7,0.05,0,1,584
3169,5,0,0,4,1,-4.9,0.05,1,0,584
3170,400,1,1,37,13,-1.35,0.05,0,1,584
3171,75,0,0,28,10,-3.1,0.05,1,0,584
3172,114,4,4,41,15,5.01,0.05,1,0,584
3173,400,1,1,63,20,2.6,0.05,0,1,584
3174,183,1,1,23,7,-4.78,0.05,1,0,584
3175,327,2,2,50,17,0.53,0.05,1,0,584
3176,400,5,5,47,20,4.65,0.05,0,1,584
3177,148,0,0,32,11,-3.68,0.05,1,0,584
3178,150,0,0,11,4,-8.3,0.05,1,0,584
3179,253,2,2,52,19,-0.38,0.05,1,0,584
3180,400,3,3,44,16,4.25,0.05,0,1,584
3181,115,1,1,12,4,-5.15,0.05,1,0,584
3182,400,3,3,50,24,0.45,0.05,0,1,584
3183,400,3,3,56,19,6.35,0.05,0,1,584
3184,400,0,0,35,12,-4.35,0.05,0,1,584
3185,400,3,3,36,13,3.9,0.05,0,1,584
3186,400,2,2,53,21,-0.6,0.05,0,1,584
3187,400,1,1,42,13,0.25,0.05,0,1,584
3188,348,0,0,16,35,-23.38,0.05,1,0,584
3189,400,3,3,40,13,5.0,0.05,0,1,584
3190,78,1,1,34,11,-1.93,0.05,1,0,585
3191,27,1,1,10,4,-4.82,0.05,1,0,585
3192,27,1,1,11,4,-2.82,0.05,1,0,585
3193,400,0,0,32,12,-0.25,0.05,0,1,585
3194,400,0,0,21,11,-4.0,0.05,0,1,585
3195,400,0,0,19,14,-10.45,0.05,0,1,585
3196,400,1,1,31,25,-10.9,0.05,0,1,585
3197,318,2,2,40,23,-11.53,0.05,1,0,585
3198,72,0,0,9,4,-6.52,0.05,1,0,585
3199,5,0,0,3,1,-5.25,0.05,1,0,585
3200,400,1,1,41,17,-3.65,0.05,0,1,585
3201,70,0,0,34,10,-4.3,0.05,1,0,585
3202,28,0,0,7,4,-7.23,0.05,1,0,585
3203,27,1,1,8,4,-5.82,0.05,1,0,585
3204,400,1,1,40,29,-9.2,0.05,0,1,585
3205,400,1,1,15,10,-6.85,0.05,0,1,585
3206,27,0,0,9,4,-6.17,0.05,1,0,585
3207,400,1,1,32,12,0.2,0.05,0,1,585
3208,400,2,2,44,17,2.8,0.05,0,1,585
3209,400,0,0,39,14,-2.4,0.05,0,1,585
3210,400,4,4,36,17,3.6,0.05,0,1,585
3211,400,3,3,50,16,8.3,0.05,0,1,585
3212,5,0,0,3,1,-5.15,0.05,1,0,585
3213,400,3,3,47,23,1.1,0.05,0,1,585
3214,5,0,0,3,1,-5.1,0.05,1,0,585
3215,400,2,2,29,12,-1.85,0.05,0,1,585
3216,5,0,0,3,1,-4.7,0.05,1,0,585
3217,400,2,2,50,19,2.9,0.05,0,1,585
3218,400,5,5,57,20,7.25,0.05,0,1,586
3219,400,3,3,32,19,-4.05,0.05,0,1,586
3220,31,0,0,13,4,-5.11,0.05,1,0,586
3221,400,3,3,36,11,3.3,0.05,0,1,586
3222,150,0,0,24,8,-3.9,0.05,1,0,586
3223,400,1,1,33,11,-1.25,0.05,0,1,586
3224,5,0,0,3,1,-5.2,0.05,1,0,586
3225,55,1,1,21,7,-3.05,0.05,1,0,586
3226,400,2,2,42,21,-3.2,0.05,0,1,586
3227,400,3,3,55,18,3.0,0.05,0,1,586
3228,243,3,3,47,13,2.37,0.05,1,0,586
3229,267,3,3,55,19,-1.17,0.05,1,0,586
3230,22,0,0,9,3,-4.67,0.05,1,0,586
3231,400,5,5,81,30,7.6,0.05,0,1,586
3232,400,2,2,53,24,-1.1,0.05,0,1,586
3233,400,3,3,47,17,3.8,0.05,0,1,586
3234,400,2,2,31,16,-1.6,0.05,0,1,586
3235,400,7,7,59,28,10.35,0.05,0,1,586
3236,5,0,0,4,1,-4.0,0.05,1,0,586
3237,400,4,4,46,16,6.25,0.05,0,1,586
3238,14,0,0,5,2,-4.84,0.05,1,0,586
3239,43,0,0,19,6,-2.98,0.05,1,0,586
3240,400,1,1,49,27,-6.8,0.05,0,1,586
3241,52,0,0,18,6,-3.97,0.05,1,0,586
3242,400,0,0,37,17,-1.15,0.05,0,1,586
3243,400,0,0,46,20,-3.5,0.05,0,1,586
3244,400,2,2,47,17,5.5,0.05,0,1,586
3245,326,1,1,39,21,-6.11,0.05,1,0,586
3246,400,4,4,67,21,10.9,0.05,0,1,586
3247,400,2,2,46,26,-2.25,0.05,0,1,586
3248,400,1,1,41,13,-0.55,0.05,0,1,586
3249,400,2,2,36,11,4.0,0.05,0,1,586
3250,400,4,4,54,26,5.35,0.05,0,1,586
3251,400,3,3,56,20,6.35,0.05,0,1,586
3252,97,2,2,33,13,-2.97,0.05,1,0,586
3253,242,5,5,60,29,3.28,0.05,1,0,586
3254,326,4,4,48,23,1.44,0.05,1,0,586
3255,378,2,2,49,28,-10.33,0.05,1,0,586
3256,27,0,0,14,4,-4.42,0.05,1,0,586
3257,400,3,3,41,18,6.45,0.05,0,1,586
3258,159,4,4,53,19,2.26,0.05,1,0,586
3259,400,2,2,47,28,-1.8,0.05,0,1,586
3260,27,2,2,12,4,-3.97,0.05,1,0,586
3261,400,2,2,55,21,2.6,0.05,0,1,586
3262,400,3,3,47,18,-3.25,0.05,0,1,586
3263,400,2,2,58,51,-14.65,0.05,0,1,586
3264,400,4,4,79,28,4.05,0.05,0,1,586
3265,400,4,4,51,24,4.95,0.05,0,1,586
3266,400,3,3,46,18,3.4,0.05,0,1,586
3267,125,2,2,42,17,-4.35,0.05,1,0,586
3268,400,4,4,59,39,-4.15,0.05,0,1,586
3269,27,0,0,11,4,-4.67,0.05,1,0,586
3270,137,2,2,30,12,-5.27,0.05,1,0,586
3271,400,3,3,50,17,7.85,0.05,0,1,586
3272,400,3,3,59,17,6.35,0.05,0,1,586
3273,400,3,3,64,22,10.6,0.05,0,1,586
3274,400,0,0,72,20,4.85,0.05,0,1,586
3275,14,0,0,7,2,-4.09,0.05,1,0,586
3276,400,3,3,49,20,2.5,0.05,0,1,586
3277,93,1,1,37,12,-0.73,0.05,1,0,586
3278,400,4,4,42,20,7.05,0.05,0,1,586
3279,400,0,0,60,25,-1.25,0.05,0,1,586
3280,400,0,0,43,32,-12.95,0.05,0,1,586
3281,400,5,5,66,25,6.4,0.05,0,1,586
3282,42,1,1,19,6,-3.82,0.05,1,0,586
3283,400,2,2,50,14,2.85,0.05,0,1,586
3284,217,3,3,71,23,5.28,0.05,1,0,586
3285,51,0,0,21,7,-5.26,0.05,1,0,586
3286,15,0,0,9,2,-3.4,0.05,1,0,586
3287,42,0,0,16,6,-6.52,0.05,1,0,586
3288,381,1,1,41,23,-2.56,0.05,1,0,586
3289,400,3,3,74,24,8.25,0.05,0,1,586
3290,160,4,4,54,17,4.5,0.05,1,0,586
3291,400,0,0,14,5,-3.25,0.05,0,1,586
3292,261,2,2,49,13,3.89,0.05,1,0,586
3293,400,4,4,71,31,2.5,0.05,0,1,587
3294,392,3,3,52,29,-5.67,0.05,1,0,587
3295,77,1,1,29,11,-7.92,0.05,1,0,587
3296,400,6,6,102,37,13.95,0.05,0,1,587
3297,400,4,4,78,27,9.55,0.05,0,1,587
3298,215,0,0,33,14,-6.05,0.05,1,0,587
3299,400,1,1,43,26,-1.95,0.05,0,1,587
3300,259,1,1,46,22,-6.59,0.05,1,0,587
3301,41,2,2,14,6,-3.76,0.05,1,0,588
3302,13,0,0,7,2,-4.58,0.05,1,0,588
3303,400,1,1,14,31,-9.55,0.05,0,1,588
3304,400,3,3,40,36,-9.25,0.05,0,1,588
3305,400,3,3,54,16,8.9,0.05,0,1,588
3306,400,2,2,37,55,-23.35,0.05,0,1,588
3307,37,0,0,13,5,-2.77,0.05,1,0,588
3308,400,0,0,13,25,-18.4,0.05,0,1,588
3309,51,1,1,26,7,-2.71,0.05,1,0,588
3310,5,0,0,3,1,-5.2,0.05,1,0,588
3311,400,3,3,38,26,-5.05,0.05,0,1,588
3312,400,5,5,50,46,-8.9,0.05,0,1,588
3313,400,2,2,83,25,7.55,0.05,0,1,588
3314,400,3,3,32,23,-3.3,0.05,0,1,588
3315,66,2,2,29,9,0.09,0.05,1,0,588
3316,78,0,0,32,11,-4.73,0.05,1,0,589
3317,400,2,2,60,30,-4.25,0.05,0,1,589
3318,5,0,0,2,1,-4.95,0.05,1,0,589
3319,400,4,4,48,37,-3.0,0.05,0,1,589
3320,400,2,2,29,23,-7.4,0.05,0,1,589
3321,400,2,2,44,17,-0.3,0.05,0,1,589
3322,400,3,3,79,29,5.75,0.05,0,1,589
3323,400,2,2,35,25,-9.5,0.05,0,1,589
3324,293,0,0,39,25,-9.08,0.05,1,0,589
3325,400,1,1,59,22,3.35,0.05,0,1,589
3326,400,2,2,44,20,-0.1,0.05,0,1,589
3327,80,2,2,29,11,-1.9,0.05,1,0,589
3328,5,0,0,4,1,-4.45,0.05,1,0,589
3329,215,0,0,34,11,-2.55,0.05,1,0,589
3330,400,5,5,56,36,-2.15,0.05,0,1,589
3331,400,0,0,29,11,-1.1,0.05,0,1,589
3332,387,5,5,63,41,-3.77,0.05,1,0,589
3333,400,3,3,56,30,-0.45,0.05,0,1,589
3334,43,1,1,18,6,-4.03,0.05,1,0,589
3335,400,5,5,86,28,10.6,0.05,0,1,589
3336,400,3,3,53,30,5.15,0.05,0,1,589
3337,340,2,2,34,12,-3.7,0.05,1,0,589
3338,400,0,0,46,26,-1.75,0.05,0,1,589
3339,400,2,2,38,13,0.8,0.05,0,1,589
3340,400,5,5,88,31,8.55,0.05,0,1,589
3341,22,0,0,10,3,-3.97,0.05,1,0,589
3342,400,6,6,61,21,10.4,0.05,0,1,589
3343,400,2,2,35,13,1.75,0.05,0,1,589
3344,87,0,0,31,12,-4.87,0.05,1,0,589
3345,400,1,1,34,40,-14.3,0.05,0,1,589
3346,21,0,0,6,3,-6.06,0.05,1,0,589
3347,400,1,1,15,53,-26.6,0.05,0,1,589
3348,400,3,3,38,31,-2.35,0.05,0,1,589
3349,186,2,2,67,25,-6.26,0.05,1,0,589
3350,247,6,6,69,20,7.83,0.05,1,0,589
3351,400,1,1,49,22,-0.7,0.05,0,1,589
3352,74,2,2,31,10,-1.54,0.05,1,0,589
3353,99,2,2,50,14,0.96,0.05,1,0,589
3354,400,4,4,66,25,1.95,0.05,0,1,589
3355,400,4,4,42,11,9.45,0.05,0,1,589
3356,400,3,3,59,23,7.0,0.05,0,1,589
3357,400,1,1,34,21,-7.6,0.05,0,1,589
3358,400,4,4,45,24,-0.55,0.05,0,1,589
3359,400,7,7,52,15,10.9,0.05,0,1,589
3360,400,3,3,43,13,2.7,0.05,0,1,590
3361,5,0,0,4,1,-5.4,0.05,1,0,590
3362,400,3,3,75,26,5.9,0.05,0,1,590
3363,372,3,3,53,20,-1.97,0.05,1,0,590
3364,400,6,6,61,26,1.25,0.05,0,1,590
3365,400,3,3,48,23,2.9,0.05,0,1,590
3366,400,3,3,32,16,0.6,0.05,0,1,590
3367,400,1,1,68,21,4.75,0.05,0,1,590
3368,278,2,2,55,18,-4.13,0.05,1,0,590
3369,41,2,2,11,6,-4.11,0.05,1,0,590
3370,20,0,0,10,3,-5.35,0.05,1,0,590
3371,5,0,0,3,1,-5.15,0.05,1,0,590
3372,400,3,3,74,28,7.3,0.05,0,1,590
3373,5,0,0,2,1,-5.05,0.05,1,0,590
3374,5,0,0,4,1,-5.4,0.05,1,0,590
3375,400,3,3,50,25,0.95,0.05,0,1,590
3376,400,0,0,29,13,-3.6,0.05,0,1,590
3377,400,3,3,53,28,4.5,0.05,0,1,591
3378,289,2,2,64,21,-0.09,0.05,1,0,591
3379,400,1,1,25,8,-0.65,0.05,0,1,591
3380,400,1,1,47,17,1.85,0.05,0,1,591
3381,155,1,1,24,8,-2.15,0.05,1,0,591
3382,400,6,6,93,35,8.65,0.05,0,1,591
3383,400,5,5,52,19,3.65,0.05,0,1,591
3384,400,0,0,42,15,-5.55,0.05,0,1,591
3385,5,0,0,3,1,-5.65,0.05,1,0,591
3386,400,2,2,54,19,5.6,0.05,0,1,591
3387,400,1,1,29,12,-1.45,0.05,0,1,591
3388,400,1,1,25,9,-1.3,0.05,0,1,591
3389,400,2,2,47,15,3.45,0.05,0,1,591
3390,400,2,2,77,28,5.45,0.05,0,1,591
3391,349,0,0,21,37,-20.54,0.05,1,0,591
3392,217,4,4,78,24,4.68,0.05,1,0,591
3393,400,2,2,52,21,0.25,0.05,0,1,591
3394,400,2,2,51,19,7.5,0.05,0,1,591
3395,27,0,0,12,4,-4.27,0.05,1,0,591
3396,400,3,3,63,26,-0.85,0.05,0,1,591
3397,400,1,1,22,14,-4.35,0.05,0,1,591
3398,20,0,0,6,3,-6.1,0.05,1,0,591
3399,400,0,0,42,19,-2.15,0.05,0,1,591
3400,14,0,0,7,2,-4.04,0.05,1,0,591
3401,22,0,0,11,3,-4.12,0.05,1,0,591
3402,400,4,4,80,36,4.65,0.05,0,1,591
3403,400,4,4,39,37,-4.85,0.05,0,1,591
3404,400,4,4,66,26,3.65,0.05,0,1,591
3405,231,0,0,21,9,-8.36,0.05,1,0,591
3406,400,4,4,43,24,2.45,0.05,0,1,591
3407,5,0,0,3,1,-4.75,0.05,1,0,591
3408,260,3,3,67,23,7.15,0.05,1,0,591
3409,400,1,1,36,24,-4.75,0.05,0,1,591
3410,400,3,3,47,18,3.0,0.05,0,1,591
3411,400,0,0,25,44,-4.6,0.05,0,1,591
3412,21,0,0,9,3,-4.06,0.05,1,0,591
3413,400,5,5,99,32,15.55,0.05,0,1,591
3414,35,0,0,12,5,-6.4,0.05,1,0,591
3415,368,1,1,26,20,-11.48,0.05,1,0,591
3416,400,3,3,36,55,-18.05,0.05,0,1,591
3417,5,0,0,4,1,-4.45,0.05,1,0,591
3418,400,6,6,57,17,10.25,0.05,0,1,591
3419,393,1,1,32,33,-10.23,0.05,1,0,591
3420,400,2,2,45,41,-12.05,0.05,0,1,591
3421,400,4,4,55,29,7.1,0.05,0,1,591
3422,400,6,6,91,38,7.75,0.05,0,1,591
3423,345,4,4,49,40,-0.95,0.05,1,0,591
3424,400,5,5,49,37,6.45,0.05,0,1,591
3425,157,1,1,32,16,-2.02,0.05,1,0,591
3426,400,1,1,22,9,-3.7,0.05,0,1,591
3427,400,4,4,40,48,1.1,0.05,0,1,591
3428,20,0,0,7,3,-6.3,0.05,1,0,591
3429,400,2,2,27,17,0.35,0.05,0,1,591
3430,351,1,1,46,40,-8.26,0.05,1,0,591
3431,400,4,4,59,31,2.8,0.05,0,1,591
3432,400,0,0,37,38,-5.05,0.05,0,1,591
3433,400,1,1,27,16,-1.4,0.05,0,1,591
3434,20,0,0,9,3,-6.05,0.05,1,0,591
3435,400,6,6,67,26,9.05,0.05,0,1,591
3436,400,2,2,41,25,2.6,0.05,0,1,591
3437,98,2,2,43,12,2.02,0.05,1,0,591
3438,400,5,5,53,47,7.05,0.05,0,1,591
3439,136,1,1,38,19,-6.51,0.05,1,0,591
3440,20,0,0,9,3,-5.6,0.05,1,0,591
3441,400,2,2,48,30,0.95,0.05,0,1,591
3442,400,4,4,45,21,3.8,0.05,0,1,591
3443,400,2,2,25,44,-18.1,0.05,0,1,591
3444,400,6,6,87,31,7.75,0.05,0,1,591
3445,400,6,6,75,27,10.35,0.05,0,1,591
3446,207,6,6,88,25,15.08,0.05,1,0,591
3447,136,2,2,45,12,1.74,0.05,1,0,591
3448,400,3,3,51,22,1.45,0.05,0,1,591
3449,400,1,1,51,19,0.85,0.05,0,1,591
3450,400,3,3,83,23,14.75,0.05,0,1,591
3451,173,2,2,51,17,2.72,0.05,1,0,591
3452,400,4,4,54,20,1.45,0.05,0,1,591
3453,400,1,1,24,9,-0.85,0.05,0,1,591
3454,400,4,4,103,31,15.7,0.05,0,1,591
3455,400,3,3,77,28,9.55,0.05,0,1,591
3456,103,0,0,15,6,-7.73,0.05,1,0,591
3457,380,0,0,56,20,-7.55,0.05,1,0,591
3458,400,1,1,55,22,-1.85,0.05,0,1,591
3459,90,3,3,41,13,-1.65,0.05,1,0,591
3460,400,8,8,80,32,12.7,0.05,0,1,591
3461,400,3,3,76,26,11.7,0.05,0,1,591
3462,400,5,5,70,25,11.65,0.05,0,1,591
3463,329,4,4,70,27,-3.09,0.05,1,0,592
3464,400,7,7,63,22,11.2,0.05,0,1,592
3465,400,6,6,67,22,7.6,0.05,0,1,592
3466,394,9,9,126,44,25.21,0.05,0,1,594
3467,202,1,1,18,10,-9.27,0.05,1,0,594
3468,400,2,2,50,20,-2.2,0.05,0,1,594
3469,328,3,3,68,22,-1.08,0.05,1,0,594
3470,400,7,7,118,46,20.45,0.05,0,1,594
3471,400,1,1,37,13,-1.05,0.05,0,1,594
3472,58,2,2,26,8,-1.08,0.05,1,0,594
3473,378,9,9,121,41,31.02,0.05,0,1,595
3474,400,4,4,57,20,4.05,0.05,0,1,595
3475,400,9,9,120,41,31.05,0.05,0,1,596
3476,349,9,9,118,39,22.81,0.05,0,1,596
3477,400,3,3,39,39,0.45,0.05,0,1,596
3478,82,1,1,31,11,-4.07,0.05,1,0,596
3479,45,2,2,24,6,0.75,0.05,1,0,596
3480,400,5,5,121,40,19.8,0.05,0,1,597
3481,356,2,2,71,26,6.84,0.05,1,0,597
3482,81,1,1,37,11,0.44,0.05,1,0,597
3483,43,0,0,23,6,-2.53,0.05,1,0,597
3484,21,0,0,12,3,-3.71,0.05,1,0,597
3485,400,4,4,52,43,-5.2,0.05,0,1,597
3486,5,0,0,3,1,-5.25,0.05,1,0,597
3487,400,1,1,88,29,4.4,0.05,0,1,597
3488,354,9,9,122,40,22.81,0.05,1,0,598
3489,400,2,2,55,24,0.45,0.05,0,1,598
3490,400,6,6,97,32,11.0,0.05,0,1,598
3491,400,5,5,118,45,13.55,0.05,0,1,598
3492,400,4,4,97,30,18.85,0.05,0,1,598
3493,36,0,0,16,5,-3.61,0.05,1,0,598
3494,391,9,9,124,46,21.59,0.05,0,1,598
3495,400,2,2,72,26,7.65,0.05,0,1,598
3496,400,3,3,56,36,-2.5,0.05,0,1,598
3497,394,5,5,121,45,13.01,0.05,1,0,598
3498,341,2,2,59,21,-6.86,0.05,1,0,598
3499,400,5,5,99,34,13.0,0.05,0,1,598
3500,299,7,7,95,34,10.76,0.05,1,0,598
3501,400,9,9,120,44,24.8,0.05,0,1,598
3502,343,3,3,72,23,2.02,0.05,1,0,598
3503,374,8,9,126,43,25.76,0.05,0,1,598
3504,56,1,1,31,8,-0.11,0.05,1,0,598
3505,400,7,7,116,45,16.85,0.05,0,1,598
3506,400,7,7,63,23,8.95,0.05,0,1,598
3507,400,2,2,47,49,-3.45,0.05,0,1,598
3508,7,0,0,2,1,-4.57,0.05,1,0,598
3509,400,3,3,45,20,3.55,0.05,0,1,598
3510,324,4,4,48,35,-5.89,0.05,1,0,598
3511,400,3,3,75,33,1.7,0.05,0,1,598
3512,400,4,4,48,37,3.35,0.05,0,1,598
3513,379,3,3,56,47,0.76,0.05,1,0,598
3514,243,5,5,98,28,9.92,0.05,1,0,598
3515,98,2,2,44,13,0.07,0.05,1,0,598
3516,400,2,2,54,22,1.2,0.05,0,1,598
3517,119,1,1,56,14,1.66,0.05,1,0,598
3518,400,2,2,52,18,2.1,0.05,0,1,598
3519,400,6,6,51,24,7.55,0.05,0,1,598
3520,400,8,8,118,46,27.35,0.05,0,1,598
3521,389,5,5,90,45,3.41,0.05,1,0,598
3522,235,0,0,19,11,-9.4,0.05,1,0,598
3523,363,7,7,128,43,24.22,0.05,1,0,599
3524,400,8,8,102,44,8.05,0.05,0,1,599
3525,137,0,0,18,7,-5.92,0.05,1,0,599
3526,208,0,0,36,12,-7.13,0.05,1,0,599
3527,400,4,4,62,25,4.4,0.05,0,1,599
3528,121,2,2,28,12,-1.76,0.05,1,0,599
3529,396,9,9,119,47,22.29,0.05,0,1,599
3530,82,0,0,42,11,0.38,0.05,1,0,599
3531,400,2,2,35,13,1.25,0.05,0,1,599
3532,400,4,4,80,51,5.45,0.05,0,1,599
3533,130,3,3,44,18,-1.05,0.05,1,0,599
3534,400,8,8,110,35,20.4,0.05,0,1,599
3535,377,9,9,124,43,25.88,0.05,0,1,599
3536,20,0,0,10,3,-5.6,0.05,1,0,599
3537,400,1,1,22,55,-22.0,0.05,0,1,599
3538,400,6,6,79,32,8.0,0.05,0,1,599
3539,378,9,9,134,43,20.82,0.05,1,0,599
3540,400,8,8,109,40,18.9,0.05,0,1,599
3541,392,8,9,116,46,23.83,0.05,0,1,599
3542,400,3,3,65,23,3.8,0.05,0,1,599
3543,400,3,3,95,35,7.8,0.05,0,1,599
3544,400,3,3,41,16,4.2,0.05,0,1,599
3545,400,8,8,105,37,17.35,0.05,0,1,599
3546,127,1,1,53,17,-0.77,0.05,1,0,599
3547,400,9,9,112,46,25.1,0.05,0,1,599
3548,391,9,9,120,45,26.14,0.05,0,1,602
3549,400,4,4,70,23,9.5,0.05,0,1,602
3550,151,5,5,62,19,8.94,0.05,1,0,602
3551,340,9,9,119,39,28.7,0.05,0,1,602
3552,400,4,4,53,20,5.4,0.05,0,1,602
3553,400,1,1,35,12,-0.7,0.05,0,1,602
3554,400,1,1,54,18,2.2,0.05,0,1,602
3555,274,5,5,96,33,6.21,0.05,1,0,602
3556,353,9,9,115,40,22.82,0.05,1,0,603
3557,400,5,5,61,20,4.45,0.05,0,1,603
3558,320,2,2,64,24,-0.4,0.05,1,0,603
3559,71,3,3,25,9,-1.81,0.05,1,0,603
3560,400,0,0,13,5,-5.1,0.05,0,1,603
3561,400,9,9,122,47,22.65,0.05,0,1,603
3562,304,3,3,36,13,-2.84,0.05,1,0,603
3563,261,3,3,110,32,15.44,0.05,1,0,603
3564,203,2,2,78,21,3.02,0.05,1,0,603
3565,106,0,0,49,15,-3.46,0.05,1,0,603
3566,400,0,0,46,18,0.9,0.05,0,1,603
3567,400,3,3,48,18,3.8,0.05,0,1,603
3568,400,1,1,32,10,-2.3,0.05,0,1,603
3569,400,5,5,88,28,10.5,0.05,0,1,603
3570,400,9,9,129,46,25.8,0.05,0,1,603
3571,44,1,1,20,6,-1.09,0.05,1,0,603
3572,400,5,5,72,21,11.75,0.05,0,1,603
3573,400,2,2,45,15,1.1,0.05,0,1,603
3574,310,4,4,56,21,-4.35,0.05,1,0,604
3575,349,9,9,120,39,24.66,0.05,1,0,604
3576,400,2,2,51,20,3.1,0.05,0,1,604
3577,43,0,0,12,6,-6.33,0.05,1,0,606
3578,257,4,4,90,31,5.63,0.05,1,0,606
3579,215,4,4,75,25,5.85,0.05,1,0,606
3580,400,6,6,83,33,3.9,0.05,0,1,606
3581,400,5,5,67,25,5.15,0.05,0,1,606
3582,400,6,6,78,23,13.6,0.05,0,1,606
3583,261,1,1,13,16,-9.31,0.05,1,0,606
3584,400,8,8,118,48,15.0,0.05,0,1,606
3585,48,1,1,25,7,-0.78,0.05,1,0,606
3586,400,4,4,109,43,12.0,0.05,0,1,606
3587,400,3,3,58,44,3.6,0.05,0,1,606
3588,63,1,1,23,8,-4.88,0.05,1,0,606
3589,398,9,9,127,45,22.57,0.05,0,1,606
3590,89,1,1,36,12,-2.44,0.05,1,0,606
3591,382,8,9,115,43,19.48,0.05,0,1,606
3592,400,7,7,98,36,19.7,0.05,0,1,606
3593,400,3,3,71,24,8.15,0.05,0,1,606
3594,400,2,2,45,18,0.8,0.05,0,1,606
3595,400,6,6,89,30,12.4,0.05,0,1,606
3596,13,0,0,5,2,-6.18,0.05,1,0,606
3597,76,1,1,38,10,1.04,0.05,1,0,606
3598,400,5,5,65,34,-0.2,0.05,0,1,606
3599,400,2,2,36,35,-9.85,0.05,0,1,606
3600,400,0,0,25,15,-5.85,0.05,0,1,606
3601,380,9,9,125,44,23.2,0.05,0,1,606
3602,334,3,3,73,25,0.91,0.05,1,0,606
3603,106,1,1,37,12,-0.06,0.05,1,0,606
3604,400,3,3,68,41,8.1,0.05,0,1,606
3605,20,0,0,8,3,-4.9,0.05,1,0,606
3606,400,8,8,105,41,18.1,0.05,0,1,606
3607,400,4,4,61,49,6.25,0.05,0,1,606
3608,354,9,9,111,41,23.16,0.05,0,1,606
3609,400,2,2,43,17,-3.2,0.05,0,1,606
3610,400,0,0,40,36,-4.5,0.05,0,1,606
3611,391,8,9,130,45,19.14,0.05,0,1,606
3612,400,2,2,57,21,5.85,0.05,0,1,606
3613,400,8,8,121,42,20.2,0.05,0,1,606
3614,363,9,9,118,42,22.97,0.05,0,1,606
3615,371,9,9,115,43,24.94,0.05,0,1,606
3616,397,9,9,122,44,28.03,0.05,0,1,606
3617,400,9,9,119,44,20.6,0.05,0,1,606
3618,400,5,5,80,30,8.1,0.05,0,1,606
3619,391,3,3,55,36,-14.01,0.05,1,0,606
3620,400,8,8,117,46,9.9,0.05,0,1,606
3621,367,8,9,116,43,22.83,0.05,0,1,606
3622,400,3,3,59,48,-3.25,0.05,0,1,606
3623,346,8,8,110,41,13.84,0.05,1,0,606
3624,400,2,2,57,22,6.1,0.05,0,1,606
3625,400,2,2,21,14,-2.1,0.05,0,1,606
3626,400,3,3,34,37,-18.25,0.05,0,1,606
3627,400,6,6,105,35,20.1,0.05,0,1,606
3628,400,3,3,82,34,1.5,0.05,0,1,606
3629,400,9,9,124,46,23.3,0.05,0,1,606
3630,400,7,7,112,46,18.7,0.05,0,1,606
3631,92,1,1,37,13,-3.32,0.05,1,0,606
3632,13,0,0,8,2,-5.68,0.05,1,0,606
3633,400,8,8,114,45,20.75,0.05,0,1,606
3634,372,9,9,122,44,24.13,0.05,0,1,606
3635,400,8,8,119,47,19.75,0.05,0,1,606
3636,358,7,7,117,41,20.17,0.05,1,0,606
3637,144,2,2,61,19,-2.64,0.05,1,0,606
3638,400,1,1,43,28,-3.2,0.05,0,1,606
3639,400,3,3,48,50,1.25,0.05,0,1,606
3640,400,4,4,63,41,8.75,0.05,0,1,606
3641,400,1,1,40,18,-2.85,0.05,0,1,606
3642,295,4,4,76,22,7.1,0.05,1,0,606
3643,76,0,0,34,11,-3.51,0.05,1,0,606
3644,398,8,8,119,46,16.97,0.05,1,0,606
3645,400,8,8,129,45,25.6,0.05,0,1,606
3646,400,3,3,83,29,10.65,0.05,0,1,606
3647,92,3,3,43,13,1.18,0.05,1,0,606
3648,400,1,1,63,32,-5.65,0.05,0,1,606
3649,400,4,4,42,45,3.05,0.05,0,1,606
3650,85,1,1,41,12,-2.55,0.05,1,0,606
3651,400,9,9,126,47,23.75,0.05,0,1,606
3652,387,8,9,123,44,25.43,0.05,0,1,606
3653,400,2,2,46,34,-0.15,0.05,0,1,606
3654,71,0,0,34,10,-3.81,0.05,1,0,606
3655,400,4,4,64,20,4.05,0.05,0,1,606
3656,34,1,1,20,5,-2.24,0.05,1,0,606
3657,400,1,1,59,30,0.45,0.05,0,1,606
3658,400,7,7,106,33,18.8,0.05,0,1,606
3659,400,9,9,123,36,23.65,0.05,0,1,606
3660,5,0,0,4,1,-4.9,0.05,1,0,606
3661,400,4,4,52,22,5.1,0.05,0,1,606
3662,400,9,9,126,48,21.2,0.05,0,1,606
3663,362,9,9,130,41,30.23,0.05,0,1,606
3664,400,2,2,82,28,7.05,0.05,0,1,606
3665,20,0,0,9,3,-5.15,0.05,1,0,606
3666,41,0,0,18,6,-5.21,0.05,1,0,606
3667,62,1,1,27,9,-6.37,0.05,1,0,606
3668,98,0,0,32,10,-6.63,0.05,1,0,606
3669,119,3,3,54,16,0.91,0.05,1,0,606
3670,400,2,2,62,42,2.45,0.05,0,1,606
3671,400,6,6,97,38,9.8,0.05,0,1,606
3672,349,9,9,112,40,24.16,0.05,0,1,606
3673,400,8,8,131,42,32.35,0.05,0,1,606
3674,389,9,9,126,42,27.21,0.05,0,1,606
3675,107,4,4,50,15,1.88,0.05,1,0,606
3676,400,9,9,128,46,25.1,0.05,0,1,606
3677,400,6,6,92,37,12.8,0.05,0,1,606
3678,80,1,1,31,11,-2.05,0.05,1,0,606
3679,368,8,9,129,43,21.47,0.05,0,1,606
3680,400,2,2,50,46,-13.2,0.05,0,1,606
3681,400,2,2,47,41,2.2,0.05,0,1,606
3682,400,2,2,35,23,0.55,0.05,0,1,606
3683,400,6,6,70,36,11.7,0.05,0,1,606
3684,138,2,2,50,17,-1.08,0.05,1,0,606
3685,22,0,0,8,3,-5.97,0.05,1,0,606
3686,88,0,0,24,10,-7.98,0.05,1,0,606
3687,314,9,9,112,37,18.41,0.05,1,0,606
3688,81,1,1,38,11,-0.31,0.05,1,0,606
3689,400,8,8,112,39,18.1,0.05,0,1,606
3690,267,0,0,45,19,-6.32,0.05,1,0,606
3691,267,4,4,80,32,3.63,0.05,1,0,606
3692,256,0,0,23,32,-18.16,0.05,1,0,606
3693,34,0,0,14,5,-5.34,0.05,1,0,606
3694,400,6,6,100,37,14.3,0.05,0,1,606
3695,400,3,3,59,37,-0.25,0.05,0,1,606
3696,389,8,9,121,44,25.21,0.05,0,1,606
3697,382,9,9,130,44,25.88,0.05,0,1,606
3698,390,9,9,116,44,22.95,0.05,0,1,606
3699,48,0,0,17,7,-4.18,0.05,1,0,606
3700,388,8,9,120,43,25.72,0.05,0,1,606
3701,238,5,5,88,28,7.97,0.05,1,0,606
3702,400,4,4,63,48,8.6,0.05,0,1,607
3703,48,0,0,20,7,-6.13,0.05,1,0,607
3704,400,1,1,40,56,-21.45,0.05,0,1,607
3705,49,1,1,20,7,-4.39,0.05,1,0,607
3706,223,1,1,57,18,2.62,0.05,1,0,607
3707,371,8,9,128,43,26.64,0.05,0,1,607
3708,311,4,4,45,22,4.39,0.05,1,0,607
3709,400,3,3,59,21,6.95,0.05,0,1,607
3710,400,3,3,57,33,7.4,0.05,0,1,607
3711,388,8,9,125,46,21.77,0.05,0,1,607
3712,115,2,2,54,16,0.1,0.05,1,0,608
3713,400,7,7,120,46,17.1,0.05,0,1,608
3714,400,9,9,121,48,15.2,0.05,0,1,608
3715,289,5,5,99,35,13.26,0.05,1,0,608
3716,345,9,9,117,39,26.65,0.05,0,1,608
3717,400,8,8,117,46,22.5,0.05,0,1,608
3718,340,8,9,129,41,25.95,0.05,0,1,608
3719,400,9,9,119,46,22.05,0.05,0,1,608
3720,400,8,8,114,40,19.05,0.05,0,1,608
3721,75,2,2,32,10,1.85,0.05,1,0,608
3722,68,0,0,34,9,-0.43,0.05,1,0,608
3723,400,8,8,123,46,28.05,0.05,0,1,608
3724,219,4,4,95,29,5.36,0.05,1,0,608
3725,381,9,9,123,44,26.49,0.05,0,1,608
3726,400,6,6,82,35,10.15,0.05,0,1,608
3727,400,2,2,51,18,-2.95,0.05,0,1,608
3728,400,8,9,116,43,23.2,0.05,0,1,609
3729,213,5,5,80,27,9.47,0.05,1,0,609
3730,400,2,2,36,16,1.45,0.05,0,1,609
3731,49,1,1,23,7,-3.09,0.05,1,0,609
3732,400,7,7,116,46,17.65,0.05,0,1,609
3733,75,0,0,18,8,-6.4,0.05,1,0,609
3734,400,7,7,120,42,24.4,0.05,0,1,609
3735,400,6,6,89,30,12.55,0.05,0,1,610
3736,63,0,0,22,8,-4.98,0.05,1,0,610
3737,400,6,6,124,45,15.4,0.05,0,1,610
3738,396,9,9,125,48,17.49,0.05,0,1,610
3739,59,1,1,31,8,-0.64,0.05,1,0,610
3740,400,9,9,128,46,27.4,0.05,0,1,610
3741,400,3,3,55,25,2.1,0.05,0,1,610
3742,400,3,3,56,23,2.1,0.05,0,1,610
3743,350,9,9,108,40,19.9,0.05,0,1,610
3744,374,8,9,114,44,23.46,0.05,0,1,610
3745,342,9,9,117,40,23.33,0.05,0,1,611
3746,400,3,3,31,25,0.15,0.05,0,1,611
3747,226,3,3,68,24,3.69,0.05,1,0,611
3748,400,2,2,40,12,3.05,0.05,0,1,611
3749,400,2,2,43,19,4.85,0.05,0,1,611
3750,400,0,0,67,44,-4.05,0.05,0,1,611
3751,400,1,1,38,35,-5.8,0.05,0,1,611
3752,170,0,0,13,13,-3.65,0.05,1,0,611
3753,400,9,9,113,38,23.3,0.05,0,1,611
3754,360,9,9,124,42,23.85,0.05,0,1,611
3755,366,4,4,55,34,-1.91,0.05,1,0,611
3756,103,0,0,34,12,-6.53,0.05,1,0,611
3757,185,4,4,73,22,9.0,0.05,1,0,611
3758,244,2,2,58,22,-0.94,0.05,1,0,611
3759,400,4,4,46,17,5.55,0.05,0,1,611
3760,374,8,9,127,43,23.46,0.05,0,1,611
3761,59,1,1,20,8,-4.19,0.05,1,0,611
3762,400,8,8,129,47,15.95,0.05,0,1,611
3763,400,8,8,108,34,18.2,0.05,0,1,611
3764,400,3,3,65,29,8.2,0.05,0,1,611
3765,400,1,1,20,12,-1.2,0.05,0,1,611
3766,400,0,0,19,40,-7.55,0.05,0,1,611
3767,232,0,0,22,32,-18.02,0.05,1,0,611
3768,400,7,7,95,45,16.7,0.05,0,1,611
3769,357,8,9,120,40,29.53,0.05,0,1,611
3770,63,1,1,32,9,-0.08,0.05,1,0,611
3771,371,8,9,117,43,23.49,0.05,0,1,611
3772,400,3,3,37,42,-5.95,0.05,0,1,611
3773,400,4,4,85,50,12.5,0.05,0,1,611
3774,400,9,9,113,45,24.2,0.05,0,1,611
3775,400,9,9,113,43,25.15,0.05,0,1,611
3776,400,9,9,115,44,24.05,0.05,0,1,611
3777,400,2,2,56,51,2.0,0.05,0,1,611
3778,400,7,7,124,44,22.8,0.05,0,1,611
3779,400,6,6,103,38,10.85,0.05,0,1,611
3780,400,9,9,121,43,24.4,0.05,0,1,611
3781,400,9,9,126,47,21.2,0.05,0,1,611
3782,400,9,9,125,45,20.9,0.05,0,1,611
3783,400,5,5,110,37,16.4,0.05,0,1,611
3784,400,6,6,114,44,17.0,0.05,0,1,611
3785,400,4,4,77,34,2.8,0.05,0,1,611
3786,400,0,0,49,20,-2.65,0.05,0,1,611
3787,385,0,0,15,38,-12.25,0.05,1,0,611
3788,71,2,2,37,10,-0.46,0.05,1,0,611
3789,400,1,1,45,30,0.3,0.05,0,1,611
3790,400,9,9,115,43,23.0,0.05,0,1,611
3791,393,8,9,125,44,18.62,0.05,0,1,611
3792,140,0,0,16,7,-5.0,0.05,1,0,611
3793,400,3,3,46,42,1.25,0.05,0,1,611
3794,397,9,9,121,44,22.43,0.05,0,1,611
3795,82,0,0,41,12,-1.02,0.05,1,0,611
3796,400,8,8,106,44,18.3,0.05,0,1,611
3797,400,9,9,130,43,28.6,0.05,0,1,611
3798,400,1,1,73,28,2.05,0.05,0,1,611
3799,400,8,8,124,45,24.1,0.05,0,1,611
3800,20,0,0,8,3,-6.25,0.05,1,0,611
3801,400,6,6,104,40,12.75,0.05,0,1,611
3802,400,2,2,37,32,-4.8,0.05,0,1,611
3803,284,2,2,76,23,-0.04,0.05,1,0,611
3804,400,7,7,112,38,17.3,0.05,0,1,611
3805,400,2,2,60,24,1.7,0.05,0,1,611
3806,400,5,5,104,36,16.7,0.05,0,1,611
3807,400,4,4,56,31,7.85,0.05,0,1,611
3808,270,4,4,57,19,4.15,0.05,1,0,611
3809,400,2,2,43,45,-2.05,0.05,0,1,611
3810,124,0,0,16,17,-4.79,0.05,1,0,611
3811,400,4,4,69,27,8.95,0.05,0,1,611
3812,215,4,4,80,26,9.85,0.05,1,0,611
3813,400,9,9,121,43,27.35,0.05,0,1,611
3814,400,4,4,77,51,5.1,0.05,0,1,611
3815,400,9,9,123,45,18.9,0.05,0,1,611
3816,400,9,9,131,45,27.2,0.05,0,1,611
3817,64,1,1,15,9,-4.29,0.05,1,0,611
3818,300,2,2,30,26,-7.05,0.05,1,0,611
3819,89,0,0,14,11,-5.39,0.05,1,0,611
3820,400,4,4,57,27,4.2,0.05,0,1,611
3821,373,6,6,117,43,15.32,0.05,1,0,611
3822,159,4,4,66,19,5.91,0.05,1,0,611
3823,71,1,1,29,10,-5.46,0.05,1,0,611
3824,400,2,2,45,55,-14.65,0.05,0,1,611
3825,400,2,2,38,46,-1.15,0.05,0,1,611
3826,137,3,3,60,18,3.63,0.05,1,0,611
3827,90,1,1,48,13,0.6,0.05,1,0,611
3828,400,9,9,121,43,27.5,0.05,0,1,611
3829,400,9,9,125,47,18.05,0.05,0,1,611
3830,400,8,8,111,41,26.15,0.05,0,1,611
3831,22,0,0,9,3,-5.17,0.05,1,0,611
3832,400,9,9,114,43,22.85,0.05,0,1,611
3833,400,1,1,34,47,-13.75,0.05,0,1,611
3834,400,4,4,56,28,2.65,0.05,0,1,611
3835,400,7,7,108,42,18.7,0.05,0,1,611
3836,264,2,2,82,31,0.91,0.05,1,0,611
3837,92,1,1,44,13,-3.87,0.05,1,0,611
3838,400,5,5,80,30,10.15,0.05,0,1,611
3839,400,4,4,89,43,9.45,0.05,0,1,611
3840,200,3,3,63,25,0.5,0.05,1,0,611
3841,368,7,7,106,42,11.12,0.05,1,0,611
3842,282,5,5,89,30,12.18,0.05,1,0,611
3843,400,4,4,72,25,9.25,0.05,0,1,611
3844,400,9,9,120,44,20.6,0.05,0,1,611
3845,400,2,2,50,25,2.0,0.05,0,1,611
3846,400,6,6,103,38,14.25,0.05,0,1,611
3847,400,1,1,65,47,-3.9,0.05,0,1,611
3848,400,7,7,102,38,17.65,0.05,0,1,611
3849,400,7,7,112,44,21.35,0.05,0,1,611
3850,400,6,6,91,36,19.35,0.05,0,1,611
3851,400,8,8,113,43,19.0,0.05,0,1,611
3852,400,7,7,128,46,22.35,0.05,0,1,611
3853,400,3,3,61,19,9.55,0.05,0,1,611
3854,400,3,3,71,31,4.2,0.05,0,1,611
3855,400,3,3,77,33,4.35,0.05,0,1,611
3856,400,3,3,81,38,4.0,0.05,0,1,611
3857,400,2,2,106,36,11.05,0.05,0,1,611
3858,400,8,8,119,44,23.5,0.05,0,1,611
3859,400,8,8,109,41,23.35,0.05,0,1,611
3860,73,0,0,15,7,-3.53,0.05,1,0,611
3861,400,6,6,99,46,9.9,0.05,0,1,611
3862,97,1,1,40,14,-1.82,0.05,1,0,611
3863,400,3,3,64,18,9.35,0.05,0,1,611
3864,211,4,4,75,29,-0.21,0.05,1,0,611
3865,400,7,7,114,45,13.7,0.05,0,1,611
3866,400,4,4,61,26,1.45,0.05,0,1,611
3867,400,3,3,63,28,-0.15,0.05,0,1,611
3868,204,6,6,68,25,6.31,0.05,1,0,611
3869,400,9,9,126,45,23.6,0.05,0,1,612
3870,400,7,7,120,46,18.8,0.05,0,1,612
3871,400,8,8,115,42,25.2,0.05,0,1,612
3872,400,9,9,123,42,31.6,0.05,0,1,612
3873,400,9,9,104,41,24.0,0.05,0,1,612
3874,400,6,6,117,44,20.65,0.05,0,1,612
3875,400,2,2,30,16,-3.3,0.05,0,1,612
3876,400,2,2,49,45,7.15,0.05,0,1,612
3877,118,0,0,29,10,-2.63,0.05,1,0,612
3878,127,2,2,56,17,1.48,0.05,1,0,612
3879,90,0,0,33,13,-4.45,0.05,1,0,612
3880,400,6,6,85,44,2.85,0.05,0,1,612
3881,147,4,4,57,18,6.83,0.05,1,0,612
3882,400,8,8,110,37,26.35,0.05,0,1,612
3883,400,9,9,129,46,24.0,0.05,0,1,612
3884,378,9,9,118,41,20.67,0.05,0,1,613
3885,400,5,5,77,35,12.75,0.05,0,1,613
3886,400,1,1,63,25,3.15,0.05,0,1,613
3887,313,6,6,101,35,10.52,0.05,1,0,613
3888,400,3,3,60,47,0.5,0.05,0,1,613
3889,400,2,2,35,18,1.65,0.05,0,1,613
3890,143,4,4,38,18,-1.33,0.05,1,0,613
3891,400,0,0,47,45,-8.95,0.05,0,1,613
3892,400,5,5,100,46,6.95,0.05,0,1,613
3893,400,5,5,92,35,9.55,0.05,0,1,613
3894,400,1,1,30,21,-3.15,0.05,0,1,613
3895,400,5,5,97,36,17.75,0.05,0,1,613
3896,400,6,6,89,36,9.2,0.05,0,1,613
3897,400,4,4,48,48,-10.95,0.05,0,1,613
3898,80,2,2,42,11,3.35,0.05,1,0,613
3899,400,7,7,119,43,22.15,0.05,0,1,613
3900,400,8,8,119,44,24.0,0.05,0,1,613
3901,390,8,9,125,43,26.15,0.05,0,1,613
3902,53,0,0,23,7,-3.63,0.05,1,0,613
3903,400,4,4,65,22,5.4,0.05,0,1,613
3904,400,1,1,27,50,-1.55,0.05,0,1,613
3905,85,0,0,39,12,-2.7,0.05,1,0,613
3906,400,6,6,99,44,7.85,0.05,0,1,613
3907,400,7,7,112,40,25.75,0.05,0,1,613
3908,400,2,2,46,49,-0.45,0.05,0,1,613
3909,176,2,2,29,17,-5.16,0.05,1,0,613
3910,34,1,1,15,5,-2.19,0.05,1,0,613
3911,400,4,4,49,42,5.6,0.05,0,1,613
3912,400,5,5,98,35,19.25,0.05,0,1,613
3913,400,8,8,129,45,20.7,0.05,0,1,613
3914,303,3,3,64,24,-0.48,0.05,1,0,613
3915,400,2,2,39,20,-5.1,0.05,0,1,613
3916,400,0,0,33,16,-3.05,0.05,0,1,613
3917,67,2,2,26,9,-3.17,0.05,1,0,613
3918,400,3,3,47,56,-15.7,0.05,0,1,613
3919,254,1,1,15,14,-7.44,0.05,1,0,613
3920,400,8,8,112,45,20.7,0.05,0,1,613
3921,212,6,6,69,28,3.48,0.05,1,0,613
3922,400,9,9,106,44,19.5,0.05,0,1,613
3923,400,8,8,120,46,17.85,0.05,0,1,613
3924,89,4,4,41,12,2.46,0.05,1,0,613
3925,400,4,4,76,35,2.95,0.05,0,1,613
3926,400,2,2,26,17,-4.95,0.05,0,1,613
3927,400,5,5,99,39,7.55,0.05,0,1,613
3928,400,9,9,127,45,21.95,0.05,0,1,613
3929,400,9,9,126,42,31.35,0.05,0,1,613
3930,400,9,9,121,44,26.8,0.05,0,1,613
3931,400,6,6,111,40,17.05,0.05,0,1,613
3932,400,5,5,69,21,10.0,0.05,0,1,613
3933,400,2,2,30,12,3.1,0.05,0,1,613
3934,340,2,2,80,27,-0.05,0.05,1,0,613
3935,400,9,9,123,43,29.5,0.05,0,1,613
3936,400,7,7,111,40,17.7,0.05,0,1,613
3937,64,0,0,34,9,-1.19,0.05,1,0,613
3938,400,8,8,123,44,30.95,0.05,0,1,613
3939,400,7,7,102,38,11.3,0.05,0,1,613
3940,400,5,5,79,29,14.8,0.05,0,1,613
3941,400,4,4,76,27,4.65,0.05,0,1,613
3942,400,1,1,28,9,-2.55,0.05,0,1,613
3943,400,1,1,42,14,0.8,0.05,0,1,613
3944,400,0,0,29,14,-2.8,0.05,0,1,613
3945,332,6,6,100,37,10.03,0.05,1,0,613
3946,400,9,9,117,45,17.1,0.05,0,1,613
3947,377,9,9,116,41,26.83,0.05,0,1,613
3948,400,8,8,114,43,19.55,0.05,0,1,613
3949,400,3,3,82,30,7.75,0.05,0,1,613
3950,400,6,6,73,40,6.5,0.05,0,1,613
3951,400,0,0,45,16,-1.3,0.05,0,1,613
3952,355,9,9,122,39,23.7,0.05,0,1,613
3953,400,0,0,16,49,-13.5,0.05,0,1,613
3954,370,3,3,49,24,-3.75,0.05,1,0,613
3955,227,4,4,66,27,5.13,0.05,1,0,613
3956,396,9,9,126,46,24.54,0.05,0,1,613
3957,400,8,8,124,45,24.2,0.05,0,1,613
3958,354,9,9,120,40,20.21,0.05,1,0,613
3959,400,4,4,66,38,-1.75,0.05,0,1,613
3960,400,0,0,24,37,-16.15,0.05,0,1,613
3961,400,5,5,62,42,11.25,0.05,0,1,613
3962,400,2,2,54,18,3.7,0.05,0,1,613
3963,400,3,3,77,26,5.0,0.05,0,1,613
3964,400,6,6,124,46,17.1,0.05,0,1,613
3965,400,1,1,58,39,-6.1,0.05,0,1,613
3966,76,1,1,34,10,-1.31,0.05,1,0,613
3967,400,4,4,100,41,9.25,0.05,0,1,613
3968,121,2,2,46,16,2.14,0.05,1,0,613
3969,400,7,7,115,44,20.7,0.05,0,1,613
3970,400,9,9,123,46,19.45,0.05,0,1,613
3971,400,8,8,120,45,21.2,0.05,0,1,613
3972,400,2,2,55,22,0.6,0.05,0,1,613
3973,400,6,6,71,50,9.95,0.05,0,1,613
3974,400,5,5,64,33,5.15,0.05,0,1,613
3975,400,1,1,17,56,-27.7,0.05,0,1,613
3976,400,4,4,24,13,0.9,0.05,0,1,613
3977,317,5,5,63,21,2.83,0.05,1,0,613
3978,51,3,3,27,7,0.84,0.05,1,0,613
3979,182,1,1,30,18,-6.02,0.05,1,0,613
3980,400,9,9,121,35,28.3,0.05,0,1,613
3981,400,9,9,113,45,24.3,0.05,0,1,613
3982,400,1,1,34,22,-3.45,0.05,0,1,613
3983,116,1,1,32,16,-4.21,0.05,1,0,613
3984,400,1,1,44,21,-5.05,0.05,0,1,613
3985,400,8,8,116,47,16.1,0.05,0,1,613
3986,384,8,9,120,41,29.31,0.05,0,1,613
3987,400,8,8,115,42,26.3,0.05,0,1,613
3988,400,0,0,29,27,-1.25,0.05,0,1,613
3989,400,5,5,67,24,8.8,0.05,0,1,613
3990,400,6,6,109,42,15.15,0.05,0,1,613
3991,400,6,6,74,25,9.65,0.05,0,1,613
3992,65,1,1,26,9,-6.8,0.05,1,0,613
3993,400,8,8,120,48,20.5,0.05,0,1,613
3994,276,3,3,70,25,-1.11,0.05,1,0,613
3995,400,2,2,41,18,0.35,0.05,0,1,613
3996,400,4,4,97,39,10.65,0.05,0,1,613
3997,400,2,2,53,30,1.85,0.05,0,1,613
3998,400,8,8,115,45,22.15,0.05,0,1,613
3999,400,8,8,120,45,19.75,0.05,0,1,613
4000,131,1,1,28,11,-6.06,0.05,1,0,613
4001,77,2,2,29,10,-0.57,0.05,1,0,613
4002,400,6,6,97,39,16.05,0.05,0,1,613
4003,400,7,7,99,35,21.5,0.05,0,1,613
4004,400,5,5,49,51,-13.85,0.05,0,1,613
4005,400,1,1,45,44,0.2,0.05,0,1,613
4006,400,8,8,122,46,22.5,0.05,0,1,613
4007,400,9,9,122,46,23.75,0.05,0,1,614
4008,400,8,8,114,44,23.45,0.05,0,1,614
4009,397,8,9,124,47,21.03,0.05,0,1,614
4010,101,1,1,49,14,0.54,0.05,1,0,614
4011,400,3,3,55,32,3.7,0.05,0,1,614
4012,400,7,7,103,39,12.45,0.05,0,1,614
4013,252,0,0,19,12,-8.97,0.05,1,0,614
4014,293,6,6,101,34,11.77,0.05,1,0,614
4015,400,6,6,79,31,9.65,0.05,0,1,614
4016,400,9,9,117,44,27.25,0.05,0,1,614
4017,400,9,9,118,45,22.65,0.05,0,1,614
4018,400,7,7,119,44,21.45,0.05,0,1,614
4019,400,1,1,33,51,-0.7,0.05,0,1,614
4020,400,2,2,52,21,-0.5,0.05,0,1,614
4021,400,0,0,12,54,-9.6,0.05,0,1,614
4022,400,5,5,67,25,8.35,0.05,0,1,614
4023,400,9,9,124,43,26.35,0.05,0,1,614
4024,400,0,0,13,33,-11.8,0.05,0,1,614
4025,400,6,6,102,37,20.1,0.05,0,1,614
4026,84,0,0,40,11,-0.84,0.05,1,0,614
4027,400,5,5,103,40,12.9,0.05,0,1,614
4028,400,1,1,59,31,-3.45,0.05,0,1,614
4029,400,7,7,116,46,17.4,0.05,0,1,614
4030,400,2,2,52,24,1.5,0.05,0,1,614
4031,400,6,6,115,45,17.1,0.05,0,1,614
4032,400,5,5,75,42,10.1,0.05,0,1,614
4033,400,8,8,118,44,21.9,0.05,0,1,614
4034,400,5,5,86,34,11.3,0.05,0,1,614
4035,400,8,8,113,44,15.25,0.05,0,1,614
4036,400,9,9,124,45,22.05,0.05,0,1,614
4037,400,1,1,20,31,-11.0,0.05,0,1,614
4038,184,3,3,74,25,-2.29,0.05,1,0,614
4039,400,7,7,118,44,20.6,0.05,0,1,614
4040,93,1,1,43,13,-1.43,0.05,1,0,614
4041,386,2,2,35,42,-9.01,0.05,1,0,614
4042,400,8,8,116,43,20.35,0.05,0,1,614
4043,71,2,2,32,10,-2.01,0.05,1,0,614
4044,400,9,9,108,43,20.4,0.05,0,1,614
4045,42,1,1,14,6,-3.77,0.05,1,0,614
4046,400,1,1,45,20,0.2,0.05,0,1,614
4047,400,9,9,109,45,21.05,0.05,0,1,614
4048,400,9,9,125,40,26.95,0.05,0,1,614
4049,400,6,6,107,36,22.1,0.05,0,1,614
4050,400,8,8,121,40,28.6,0.05,0,1,614
4051,361,5,5,56,38,-0.11,0.05,1,0,614
4052,400,8,8,123,44,23.95,0.05,0,1,614
4053,400,9,9,118,44,24.3,0.05,0,1,614
4054,400,0,0,19,55,-22.85,0.05,0,1,614
4055,400,7,7,108,38,17.95,0.05,0,1,614
4056,400,6,6,122,42,20.9,0.05,0,1,614
4057,400,5,5,79,32,6.35,0.05,0,1,614
4058,400,3,3,110,46,13.8,0.05,0,1,614
4059,263,4,4,79,27,2.92,0.05,1,0,614
4060,400,8,8,113,43,22.5,0.05,0,1,614
4061,400,2,2,54,21,-1.7,0.05,0,1,614
4062,400,9,9,114,43,27.6,0.05,0,1,614
4063,400,6,6,113,45,19.85,0.05,0,1,614
4064,400,3,3,44,22,2.65,0.05,0,1,614
4065,400,2,2,64,31,4.6,0.05,0,1,614
4066,277,6,6,88,32,8.93,0.05,1,0,614
4067,227,5,5,71,27,6.43,0.05,1,0,614
4068,400,9,9,115,43,21.7,0.05,0,1,614
4069,400,6,6,111,46,13.9,0.05,0,1,614
4070,400,4,4,78,32,-0.2,0.05,0,1,614
4071,400,4,4,70,23,8.55,0.05,0,1,614
4072,387,9,9,112,42,21.28,0.05,0,1,614
4073,400,1,1,43,21,0.3,0.05,0,1,614
4074,400,8,8,118,45,20.85,0.05,0,1,614
4075,353,4,4,66,33,4.32,0.05,1,0,614
4076,222,0,0,42,31,-10.42,0.05,1,0,614
4077,400,4,4,59,28,3.6,0.05,0,1,614
4078,400,0,0,23,53,-24.35,0.05,0,1,614
4079,400,7,7,116,36,19.9,0.05,0,1,614
4080,384,9,9,124,43,23.76,0.05,0,1,614
4081,307,5,5,53,39,3.23,0.05,1,0,615
4082,400,1,1,41,37,-11.05,0.05,0,1,615
4083,400,4,4,75,31,10.05,0.05,0,1,615
4084,400,6,6,92,41,8.05,0.05,0,1,615
4085,49,0,0,15,7,-7.69,0.05,1,0,615
4086,5,0,0,3,1,-6.15,0.05,1,0,615
4087,400,9,9,119,43,26.4,0.05,0,1,615
4088,382,9,9,116,40,20.83,0.05,0,1,615
4089,400,5,5,88,30,8.65,0.05,0,1,615
4090,400,4,4,65,22,6.6,0.05,0,1,615
4091,400,2,3,45,19,1.4,0.05,0,1,615
4092,364,6,6,119,40,15.61,0.05,1,0,615
4093,400,8,8,115,44,17.95,0.05,0,1,615
4094,400,1,1,27,12,-1.3,0.05,0,1,615
4095,400,5,5,76,37,1.1,0.05,0,1,615
4096,400,4,4,65,25,1.95,0.05,0,1,615
4097,400,9,9,120,44,23.25,0.05,0,1,615
4098,400,7,7,120,44,22.9,0.05,0,1,615
4099,400,9,9,128,43,28.35,0.05,0,1,615
4100,400,3,3,64,18,5.05,0.05,0,1,615
4101,400,2,2,43,39,-10.55,0.05,0,1,615
4102,400,8,8,123,45,28.8,0.05,0,1,615
4103,400,8,8,127,45,26.45,0.05,0,1,615
4104,400,8,8,119,41,27.9,0.05,0,1,615
4105,400,8,8,117,44,24.65,0.05,0,1,615
4106,400,4,4,41,45,-0.3,0.05,0,1,615
4107,183,5,5,56,24,2.57,0.05,1,0,615
4108,400,8,8,113,42,20.8,0.05,0,1,615
4109,400,5,5,94,32,11.2,0.05,0,1,615
4110,400,7,7,77,26,13.6,0.05,0,1,616
4111,27,1,1,11,4,-5.27,0.05,1,0,616
4112,400,9,9,120,41,23.95,0.05,0,1,616
4113,400,4,4,74,52,6.15,0.05,0,1,616
4114,400,8,8,116,43,23.45,0.05,0,1,616
4115,400,5,5,65,47,8.85,0.05,0,1,616
4116,113,0,0,34,15,-8.48,0.05,1,0,616
4117,58,0,0,22,8,-5.43,0.05,1,0,616
4118,5,0,0,3,1,-6.15,0.05,1,0,616
4119,400,2,2,54,39,-14.5,0.05,0,1,616
4120,400,6,6,103,41,11.0,0.05,0,1,616
4121,400,4,4,45,34,-5.45,0.05,0,1,616
4122,400,1,1,71,35,-1.65,0.05,0,1,616
4123,400,7,7,80,30,12.25,0.05,0,1,616
4124,400,9,9,121,45,23.4,0.05,0,1,616
4125,400,0,0,15,43,-5.05,0.05,0,1,616
4126,400,9,9,116,44,25.65,0.05,0,1,616
4127,400,2,2,26,13,-3.75,0.05,0,1,616
4128,400,1,1,53,46,-1.25,0.05,0,1,616
4129,400,9,9,113,46,17.3,0.05,0,1,616
4130,400,9,9,117,42,27.6,0.05,0,1,616
4131,400,7,7,113,40,19.65,0.05,0,1,616
4132,400,9,9,130,44,26.95,0.05,0,1,616
4133,400,3,3,46,34,2.55,0.05,0,1,616
4134,400,5,5,67,32,9.35,0.05,0,1,616
4135,400,7,7,83,38,7.55,0.05,0,1,616
4136,400,2,2,47,37,-0.2,0.05,0,1,616
4137,400,8,8,118,44,21.45,0.05,0,1,616
4138,400,9,9,120,45,22.9,0.05,0,1,616
4139,400,5,5,73,46,9.35,0.05,0,1,616
4140,400,0,0,14,53,-5.65,0.05,0,1,616
4141,400,2,2,27,53,-8.45,0.05,0,1,616
4142,400,3,3,50,21,-0.1,0.05,0,1,616
4143,400,2,2,54,37,-13.3,0.05,0,1,616
4144,400,1,1,45,56,-17.65,0.05,0,1,616
4145,400,7,7,115,45,19.25,0.05,0,1,616
4146,400,9,9,112,43,20.95,0.05,0,1,616
4147,400,2,2,71,37,3.8,0.05,0,1,616
4148,400,2,2,50,29,0.85,0.05,0,1,616
4149,400,8,8,120,43,22.85,0.05,0,1,616
4150,400,1,1,54,44,1.4,0.05,0,1,616
4151,399,8,9,121,45,19.01,0.05,0,1,616
4152,62,0,0,24,9,-6.07,0.05,1,0,616
4153,400,5,5,85,31,11.9,0.05,0,1,616
4154,400,9,9,122,45,24.15,0.05,0,1,616
4155,87,0,0,28,12,-5.12,0.05,1,0,616
4156,400,8,8,104,43,22.65,0.05,0,1,616
4157,400,2,2,68,28,1.2,0.05,0,1,616
4158,385,5,5,85,31,2.2,0.05,1,0,616
4159,400,7,7,93,35,10.8,0.05,0,1,616
4160,371,3,3,67,44,0.74,0.05,1,0,616
4161,400,4,4,74,28,6.1,0.05,0,1,616
4162,383,0,0,11,8,-7.88,0.05,1,0,616
4163,400,8,8,113,47,16.25,0.05,0,1,616
4164,400,8,8,119,44,24.75,0.05,0,1,616
4165,400,9,9,118,43,24.1,0.05,0,1,616
4166,22,0,0,13,3,-3.87,0.05,1,0,616
4167,391,9,9,127,42,30.54,0.05,0,1,616
4168,400,1,1,42,22,-2.75,0.05,0,1,616
4169,400,6,6,89,44,15.15,0.05,0,1,616
4170,400,5,5,61,28,2.75,0.05,0,1,616
4171,400,6,6,64,28,4.7,0.05,0,1,616
4172,22,1,1,7,3,-4.62,0.05,1,0,616
4173,262,4,4,70,20,6.93,0.05,1,0,616
4174,21,0,0,12,3,-4.26,0.05,1,0,616
4175,400,0,0,29,38,-4.6,0.05,0,1,616
4176,400,1,1,39,19,-6.25,0.05,0,1,616
4177,400,9,9,122,44,24.0,0.05,0,1,616
4178,400,7,7,124,45,19.7,0.05,0,1,616
4179,400,9,9,117,46,20.45,0.05,0,1,616
4180,400,4,4,76,29,9.75,0.05,0,1,616
4181,400,9,9,120,44,19.9,0.05,0,1,616
4182,60,0,0,17,6,-4.65,0.05,1,0,616
4183,79,1,1,40,11,-2.09,0.05,1,0,616
4184,400,2,2,69,29,7.9,0.05,0,1,616
4185,400,6,6,115,46,12.45,0.05,0,1,616
4186,399,9,9,129,45,25.71,0.05,0,1,616
4187,400,4,4,74,34,4.8,0.05,0,1,616
4188,400,7,7,123,44,17.45,0.05,0,1,616
4189,400,8,8,109,46,18.1,0.05,0,1,616
4190,393,9,9,128,43,27.27,0.05,0,1,616
4191,380,1,1,36,14,-6.55,0.05,1,0,616
4192,29,0,0,12,4,-5.24,0.05,1,0,616
4193,14,0,0,6,2,-5.24,0.05,1,0,616
4194,129,0,0,49,18,-1.24,0.05,1,0,616
4195,182,3,3,45,18,-1.12,0.05,1,0,616
4196,400,7,7,86,45,3.5,0.05,0,1,616
4197,101,1,1,52,14,0.54,0.05,1,0,616
4198,400,8,8,109,43,22.6,0.05,0,1,616
4199,400,1,1,62,45,-0.5,0.05,0,1,616
4200,21,0,0,8,3,-5.41,0.05,1,0,616
4201,70,0,0,34,10,-3.95,0.05,1,0,616
4202,400,6,6,94,36,10.3,0.05,0,1,616
4203,377,9,9,131,43,18.03,0.05,0,1,616
4204,400,2,2,57,30,-0.65,0.05,0,1,616
4205,400,9,9,121,42,27.85,0.05,0,1,616
4206,397,9,9,124,43,27.48,0.05,0,1,616
4207,400,3,3,61,37,4.15,0.05,0,1,616
4208,400,7,7,117,44,22.25,0.05,0,1,616
4209,400,9,9,124,44,25.45,0.05,0,1,616
4210,400,4,4,98,33,13.2,0.05,0,1,616
4211,400,7,7,90,34,14.7,0.05,0,1,616
4212,400,4,4,60,27,3.6,0.05,0,1,616
4213,400,3,3,59,22,5.25,0.05,0,1,616
4214,400,6,6,77,23,14.6,0.05,0,1,616
4215,400,6,6,76,27,15.0,0.05,0,1,616
4216,400,7,7,98,35,16.3,0.05,0,1,616
4217,400,1,1,50,45,1.75,0.05,0,1,616
4218,400,3,3,70,29,0.5,0.05,0,1,616
4219,332,8,8,111,39,15.43,0.05,1,0,616
4220,400,3,3,84,37,4.35,0.05,0,1,616
4221,400,9,9,117,46,20.4,0.05,0,1,616
4222,400,2,2,45,51,1.1,0.05,0,1,616
4223,400,8,8,123,45,25.15,0.05,0,1,616
4224,400,2,2,68,25,6.3,0.05,0,1,616
4225,400,1,1,36,22,1.05,0.05,0,1,616
4226,350,6,6,122,39,16.3,0.05,1,0,616
4227,400,9,9,119,45,20.1,0.05,0,1,616
4228,400,3,3,46,42,-9.85,0.05,0,1,616
4229,400,6,6,76,53,-2.45,0.05,0,1,616
4230,400,1,1,49,45,-2.9,0.05,0,1,616
4231,400,9,9,113,52,17.2,0.05,0,1,616
4232,400,3,3,52,51,0.6,0.05,0,1,616
4233,400,9,9,128,43,25.85,0.05,0,1,616
4234,400,9,9,124,46,26.1,0.05,0,1,616
4235,400,4,4,60,29,10.3,0.05,0,1,616
4236,400,8,8,126,45,24.75,0.05,0,1,616
4237,400,9,9,128,45,26.8,0.05,0,1,616
4238,255,9,9,97,29,20.35,0.05,1,0,616
4239,400,9,9,111,45,21.25,0.05,0,1,616
4240,400,4,4,40,30,-2.15,0.05,0,1,616
4241,400,1,1,64,42,1.8,0.05,0,1,616
4242,400,3,3,50,24,4.5,0.05,0,1,616
4243,400,9,9,122,46,20.4,0.05,0,1,616
4244,400,2,2,40,28,1.8,0.05,0,1,616
4245,87,1,1,35,12,-3.92,0.05,1,0,616
4246,174,1,1,29,12,-5.89,0.05,1,0,616
4247,400,7,7,113,45,18.3,0.05,0,1,616
4248,400,5,5,57,21,8.25,0.05,0,1,616
4249,400,9,9,117,46,22.3,0.05,0,1,616
4250,400,7,8,120,46,19.75,0.05,0,1,616
4251,400,2,2,46,42,0.15,0.05,0,1,616
4252,5,0,0,1,1,-5.85,0.05,1,0,616
4253,400,8,8,105,45,16.9,0.05,0,1,616
4254,400,8,9,120,44,20.3,0.05,0,1,616
4255,400,8,8,123,42,25.75,0.05,0,1,616
4256,131,0,0,15,18,-5.81,0.05,1,0,616
4257,385,9,9,129,42,28.55,0.05,0,1,616
4258,400,2,2,47,49,-12.35,0.05,0,1,616
4259,389,9,9,117,44,22.71,0.05,0,1,616
4260,400,9,9,114,46,20.7,0.05,0,1,616
4261,400,8,8,102,38,15.75,0.05,0,1,616
4262,400,4,4,33,29,-6.35,0.05,0,1,616
4263,400,1,1,28,12,-0.25,0.05,0,1,616
4264,400,6,6,79,27,11.35,0.05,0,1,616
4265,400,7,7,88,29,12.6,0.05,0,1,616
4266,400,3,3,44,46,4.6,0.05,0,1,616
4267,190,3,3,70,24,0.7,0.05,1,0,616
4268,400,3,3,49,19,5.85,0.05,0,1,616
4269,400,0,0,16,24,-8.85,0.05,0,1,616
4270,400,8,8,119,43,17.25,0.05,0,1,616
4271,400,5,5,78,25,9.05,0.05,0,1,616
4272,400,3,3,35,35,-1.0,0.05,0,1,616
4273,248,5,5,62,24,4.27,0.05,1,0,616
4274,400,8,8,108,38,21.05,0.05,0,1,616
4275,386,9,9,124,41,19.29,0.05,1,0,616
4276,400,5,5,65,27,5.4,0.05,0,1,616
4277,400,5,5,61,21,12.45,0.05,0,1,616
4278,50,1,1,22,7,-3.5,0.05,1,0,616
4279,400,8,8,119,44,25.2,0.05,0,1,616
4280,400,8,8,104,37,23.5,0.05,0,1,616
4281,400,8,8,127,44,21.3,0.05,0,1,616
4282,400,4,4,47,51,-6.2,0.05,0,1,616
4283,384,9,9,117,40,31.36,0.05,0,1,616
4284,400,7,7,109,45,17.0,0.05,0,1,616
4285,400,2,2,38,13,0.9,0.05,0,1,616
4286,400,8,8,112,43,22.05,0.05,0,1,616
4287,400,0,0,50,41,-5.8,0.05,0,1,616
4288,400,9,9,112,45,25.65,0.05,0,1,616
4289,43,0,0,20,6,-5.38,0.05,1,0,616
4290,400,7,7,114,43,24.3,0.05,0,1,616
4291,400,8,8,108,39,23.65,0.05,0,1,616
4292,400,8,8,113,43,27.95,0.05,0,1,616
4293,400,9,9,113,44,25.7,0.05,0,1,616
4294,400,7,7,106,33,22.6,0.05,0,1,616
4295,387,9,9,119,41,23.98,0.05,0,1,616
4296,400,5,5,51,16,8.9,0.05,0,1,616
4297,400,0,0,48,14,4.65,0.05,0,1,616
4298,400,8,8,121,45,23.75,0.05,0,1,616
4299,400,9,9,111,43,21.75,0.05,0,1,616
4300,400,4,4,71,24,10.65,0.05,0,1,616
4301,126,3,3,46,16,2.74,0.05,1,0,616
4302,400,4,4,81,28,9.3,0.05,0,1,616
4303,400,1,1,45,16,2.15,0.05,0,1,616
4304,400,4,4,64,24,11.65,0.05,0,1,616
4305,400,7,7,94,30,14.1,0.05,0,1,616
4306,400,4,4,65,18,10.6,0.05,0,1,616
4307,400,5,5,83,27,10.45,0.05,0,1,616
4308,400,9,9,110,40,22.25,0.05,0,1,616
4309,400,9,9,119,43,29.7,0.05,0,1,616
4310,400,9,9,122,45,28.25,0.05,0,1,616
4311,400,3,3,55,22,5.4,0.05,0,1,616
4312,5,0,0,2,1,-4.6,0.05,1,0,616
4313,394,9,9,114,40,27.61,0.05,0,1,616
4314,400,3,3,86,28,12.95,0.05,0,1,616
4315,400,6,6,127,44,21.7,0.05,0,1,616
4316,67,1,1,32,9,0.88,0.05,1,0,616
4317,400,5,5,116,45,26.8,0.05,0,1,616
4318,400,6,6,105,40,13.9,0.05,0,1,616
4319,194,3,3,44,13,5.36,0.05,1,0,616
4320,400,6,6,117,45,19.85,0.05,0,1,616
4321,400,5,5,99,39,12.35,0.05,0,1,616
4322,400,6,6,115,47,18.9,0.05,0,1,616
4323,57,0,0,17,8,-7.67,0.05,1,0,616
4324,67,1,1,23,9,-0.77,0.05,1,0,616
4325,100,4,4,40,13,3.25,0.05,1,0,616
4326,400,9,9,122,46,26.1,0.05,0,1,616
4327,354,6,6,89,36,10.06,0.05,1,0,616
4328,400,8,8,115,43,30.45,0.05,0,1,616
4329,400,8,8,116,40,20.5,0.05,0,1,616
4330,400,2,2,53,18,7.45,0.05,0,1,616
4331,400,8,8,116,44,20.95,0.05,0,1,616
4332,400,6,6,113,37,23.65,0.05,0,1,616
4333,400,7,7,107,39,20.3,0.05,0,1,616
4334,372,8,9,122,42,24.08,0.05,0,1,616
4335,400,9,9,122,46,19.85,0.05,0,1,616
4336,400,9,9,123,45,22.2,0.05,0,1,616
4337,359,8,8,116,42,18.76,0.05,1,0,616
4338,400,7,7,116,45,21.3,0.05,0,1,616
4339,397,9,9,121,45,23.83,0.05,0,1,616
4340,400,8,8,120,43,29.05,0.05,0,1,616
4341,400,9,9,127,45,26.95,0.05,0,1,616
4342,400,4,4,117,41,21.35,0.05,0,1,616
4343,228,5,5,80,27,11.42,0.05,1,0,616
4344,400,8,8,118,45,28.85,0.05,0,1,616
4345,400,0,0,32,12,-1.05,0.05,0,1,616
4346,21,0,0,7,3,-5.31,0.05,1,0,616
4347,400,7,7,106,44,22.8,0.05,0,1,616
4348,400,8,8,126,46,24.8,0.05,0,1,616
4349,400,9,9,129,45,29.5,0.05,0,1,616
4350,400,2,2,52,21,1.85,0.05,0,1,616
4351,27,0,0,14,4,-5.02,0.05,1,0,616
4352,400,0,0,56,18,4.65,0.05,0,1,616
4353,400,9,9,119,44,22.15,0.05,0,1,616
4354,400,8,8,113,44,24.95,0.05,0,1,616
4355,400,9,9,118,45,23.55,0.05,0,1,616
4356,400,4,4,62,24,7.4,0.05,0,1,616
4357,400,3,3,60,21,9.35,0.05,0,1,616
4358,400,1,1,40,12,3.95,0.05,0,1,616
4359,400,9,9,119,46,24.5,0.05,0,1,616
4360,400,8,8,124,43,29.05,0.05,0,1,616
4361,400,6,6,71,22,11.05,0.05,0,1,616
4362,400,1,1,49,18,1.2,0.05,0,1,616
4363,400,3,3,66,20,12.65,0.05,0,1,616
4364,400,7,7,107,45,17.9,0.05,0,1,616
4365,79,0,0,30,11,-4.99,0.05,1,0,616
4366,400,4,4,90,32,14.95,0.05,0,1,616
4367,400,4,4,90,37,9.2,0.05,0,1,616
4368,400,3,3,71,43,5.15,0.05,0,1,616
4369,400,2,2,68,24,7.65,0.05,0,1,616
4370,67,2,2,36,9,-0.12,0.05,1,0,616
4371,400,7,7,106,45,21.9,0.05,0,1,616
4372,400,3,3,75,26,10.55,0.05,0,1,616
4373,400,4,4,75,28,9.85,0.05,0,1,616
4374,400,2,2,65,23,3.35,0.05,0,1,616
4375,400,8,8,116,44,23.3,0.05,0,1,616
4376,400,7,7,113,45,20.0,0.05,0,1,616
4377,400,1,1,24,7,0.85,0.05,0,1,616
4378,400,8,8,114,42,28.15,0.05,0,1,616
4379,398,9,9,108,43,22.62,0.05,0,1,616
4380,388,9,9,121,42,21.32,0.05,0,1,616
4381,236,4,4,88,29,8.14,0.05,1,0,616
4382,400,3,3,72,25,14.35,0.05,0,1,616
4383,400,7,7,120,41,25.15,0.05,0,1,616
4384,400,9,9,126,44,23.65,0.05,0,1,616
4385,394,9,9,122,44,28.81,0.05,0,1,616
4386,400,7,7,95,34,16.05,0.05,0,1,616
4387,400,9,9,114,44,23.4,0.05,0,1,616
4388,400,9,9,126,42,27.75,0.05,0,1,616
4389,397,9,9,118,46,21.98,0.05,0,1,616
4390,400,9,9,115,40,25.95,0.05,0,1,616
4391,400,9,9,121,43,27.7,0.05,0,1,616
4392,246,6,6,59,22,6.54,0.05,1,0,616
4393,400,8,9,107,36,21.6,0.05,0,1,616
4394,400,6,6,121,42,24.35,0.05,0,1,616
4395,400,3,3,48,17,7.7,0.05,0,1,616
4396,391,9,9,118,45,20.84,0.05,0,1,616
4397,400,8,8,98,35,20.35,0.05,0,1,616
4398,400,9,9,118,41,25.3,0.05,0,1,616
4399,400,5,5,96,38,10.2,0.05,0,1,616
4400,400,8,8,122,43,23.3,0.05,0,1,616
4401,400,2,2,76,28,5.25,0.05,0,1,616
4402,400,9,9,112,43,25.15,0.05,0,1,616
4403,400,9,9,101,41,17.5,0.05,0,1,616
4404,400,6,6,81,36,15.0,0.05,0,1,616
4405,400,7,7,113,44,22.4,0.05,0,1,616
4406,124,3,3,44,15,5.11,0.05,1,0,616
4407,400,7,7,112,38,20.75,0.05,0,1,616
4408,123,1,1,45,16,0.77,0.05,1,0,616
4409,400,5,5,117,42,18.6,0.05,0,1,616
4410,28,1,1,12,4,-5.48,0.05,1,0,616
4411,400,9,9,120,44,29.8,0.05,0,1,616
4412,287,6,6,102,33,15.98,0.05,1,0,616
4413,400,5,5,69,47,12.25,0.05,0,1,616
4414,332,0,0,40,12,-1.67,0.05,1,0,616
4415,400,1,1,43,18,3.25,0.05,0,1,616
4416,400,7,7,109,45,19.25,0.05,0,1,616
4417,400,8,8,122,44,24.9,0.05,0,1,616
4418,400,1,1,51,16,4.4,0.05,0,1,616
4419,400,2,2,65,22,7.95,0.05,0,1,616
4420,400,4,4,56,20,10.7,0.05,0,1,616
4421,400,7,7,104,34,20.7,0.05,0,1,616
4422,400,7,7,104,42,18.35,0.05,0,1,616
4423,400,8,8,110,39,23.25,0.05,0,1,616
4424,400,3,3,46,23,5.75,0.05,0,1,616
4425,400,7,7,105,39,26.25,0.05,0,1,616
4426,400,8,8,112,45,24.6,0.05,0,1,616
4427,400,8,8,99,47,17.7,0.05,0,1,616
4428,400,5,5,86,29,13.95,0.05,0,1,616
4429,400,7,7,67,27,12.85,0.05,0,1,616
4430,38,1,1,17,5,-3.33,0.05,1,0,616
4431,400,9,9,114,44,26.8,0.05,0,1,616
4432,400,9,9,116,43,25.2,0.05,0,1,616
4433,400,8,9,114,43,25.05,0.05,0,1,616
4434,400,8,8,117,44,18.25,0.05,0,1,616
4435,400,9,9,121,45,29.3,0.05,0,1,616
4436,400,7,7,118,43,22.85,0.05,0,1,616
4437,389,9,9,122,43,25.26,0.05,0,1,616
4438,400,8,8,106,39,23.4,0.05,0,1,616
4439,400,5,5,101,35,19.2,0.05,0,1,616
4440,400,5,5,113,39,19.1,0.05,0,1,616
4441,400,6,6,97,34,20.9,0.05,0,1,616
4442,400,9,9,118,45,23.2,0.05,0,1,616
4443,400,0,0,20,7,-3.05,0.05,0,1,616
4444,400,5,5,82,29,9.9,0.05,0,1,616
4445,400,9,9,123,45,26.05,0.05,0,1,616
4446,400,5,5,106,40,16.5,0.05,0,1,616
4447,161,6,6,70,21,11.29,0.05,1,0,616
4448,400,9,9,112,39,25.1,0.05,0,1,616
4449,400,9,9,119,41,18.7,0.05,0,1,616
4450,400,3,3,59,27,2.0,0.05,0,1,616
4451,156,2,2,37,12,-0.56,0.05,1,0,616
4452,400,3,3,75,24,10.05,0.05,0,1,616
4453,375,8,9,116,41,25.5,0.05,0,1,616
4454,400,6,6,74,27,12.45,0.05,0,1,616
4455,400,9,9,118,43,27.9,0.05,0,1,616
4456,400,4,4,84,30,12.8,0.05,0,1,616
4457,73,1,1,34,10,-1.98,0.05,1,0,616
4458,400,8,8,113,45,24.5,0.05,0,1,616
4459,400,9,9,110,42,19.9,0.05,0,1,616
4460,400,3,3,54,23,1.35,0.05,0,1,616
4461,400,3,3,70,28,4.7,0.05,0,1,616
4462,366,9,9,116,41,23.94,0.05,0,1,616
4463,400,2,2,67,22,8.6,0.05,0,1,616
4464,286,5,5,64,22,1.49,0.05,1,0,616
4465,355,8,9,118,39,26.85,0.05,0,1,616
4466,400,2,2,53,17,9.8,0.05,0,1,616
4467,400,9,9,128,45,23.5,0.05,0,1,616
4468,400,2,2,49,16,4.0,0.05,0,1,616
4469,400,7,7,121,44,26.05,0.05,0,1,616
4470,400,2,2,66,22,9.75,0.05,0,1,616
4471,400,8,8,121,45,22.3,0.05,0,1,616
4472,59,1,1,24,8,-2.29,0.05,1,0,616
4473,400,2,2,54,24,6.25,0.05,0,1,616
4474,400,3,3,79,28,13.1,0.05,0,1,616
4475,400,4,4,58,26,6.7,0.05,0,1,616
4476,400,4,4,76,26,15.65,0.05,0,1,616
4477,400,9,9,125,41,27.75,0.05,0,1,616
4478,400,7,7,126,46,20.45,0.05,0,1,616
4479,400,0,0,41,43,-11.5,0.05,0,1,616
4480,400,4,4,66,35,1.8,0.05,0,1,616
4481,400,7,7,121,40,21.7,0.05,0,1,616
4482,400,6,6,112,45,15.0,0.05,0,1,616
4483,400,9,9,121,43,20.3,0.05,0,1,616
4484,400,9,9,118,44,28.9,0.05,0,1,616
4485,400,9,9,124,46,22.45,0.05,0,1,616
4486,400,4,4,53,18,2.25,0.05,0,1,616
4487,400,4,4,78,32,7.95,0.05,0,1,616
4488,400,8,8,104,40,20.8,0.05,0,1,616
4489,400,8,8,122,43,27.25,0.05,0,1,617
4490,400,4,4,84,32,12.05,0.05,0,1,617
4491,400,6,6,114,44,19.0,0.05,0,1,617
4492,400,7,7,124,40,22.95,0.05,0,1,617
4493,400,7,7,117,42,23.75,0.05,0,1,617
4494,400,6,6,100,38,13.75,0.05,0,1,617
4495,400,3,3,60,24,6.15,0.05,0,1,617
4496,400,9,9,114,39,26.55,0.05,0,1,617
4497,400,4,4,67,21,8.95,0.05,0,1,617
4498,400,0,0,29,12,-0.45,0.05,0,1,617
4499,400,8,8,129,46,21.45,0.05,0,1,617
4500,400,8,8,109,44,21.6,0.05,0,1,617
4501,400,5,5,76,30,10.65,0.05,0,1,617
4502,400,9,9,124,44,30.05,0.05,0,1,617
4503,373,8,9,108,44,19.12,0.05,0,1,617
4504,400,8,8,124,44,25.7,0.05,0,1,617
4505,400,6,6,110,38,19.8,0.05,0,1,617
4506,400,7,7,118,44,23.3,0.05,0,1,617
4507,400,8,8,113,44,24.6,0.05,0,1,617
4508,400,9,9,113,44,24.45,0.05,0,1,617
4509,400,9,9,113,44,23.15,0.05,0,1,617
4510,400,4,4,77,24,13.15,0.05,0,1,617
4511,400,4,4,62,24,10.8,0.05,0,1,617
4512,400,8,8,114,45,16.2,0.05,0,1,617
4513,400,6,6,113,45,15.65,0.05,0,1,617
4514,159,1,1,23,9,-3.89,0.05,1,0,617
4515,395,9,9,111,42,22.25,0.05,0,1,617
4516,400,9,9,120,42,30.0,0.05,0,1,617
4517,400,9,9,100,43,24.4,0.05,0,1,617
4518,400,6,6,105,36,22.9,0.05,0,1,617
4519,400,9,9,126,45,25.35,0.05,0,1,617
4520,400,8,8,103,37,19.95,0.05,0,1,617
4521,400,9,9,127,44,29.85,0.05,0,1,617
4522,400,6,6,115,44,21.65,0.05,0,1,617
4523,400,2,2,44,17,5.6,0.05,0,1,617
4524,400,9,9,121,46,17.95,0.05,0,1,617
4525,400,5,5,68,25,12.35,0.05,0,1,617
4526,400,5,5,93,35,15.3,0.05,0,1,617
4527,382,8,9,125,44,22.93,0.05,0,1,617
4528,400,2,2,51,16,6.1,0.05,0,1,617
4529,400,7,7,120,43,25.8,0.05,0,1,617
4530,400,1,1,54,16,3.4,0.05,0,1,617
4531,400,6,6,99,39,17.05,0.05,0,1,617
4532,400,9,9,121,42,29.45,0.05,0,1,617
4533,102,1,1,38,14,1.73,0.05,1,0,617
4534,385,8,9,126,43,24.25,0.05,0,1,617
4535,49,0,0,26,7,-3.24,0.05,1,0,617
4536,365,6,6,84,30,8.6,0.05,1,0,617
4537,400,7,7,103,44,12.5,0.05,0,1,617
4538,53,0,0,19,7,-4.43,0.05,1,0,617
4539,400,2,2,48,18,0.85,0.05,0,1,617
4540,400,5,5,104,37,8.8,0.05,0,1,617
4541,264,4,4,76,27,3.41,0.05,1,0,617
4542,378,8,9,117,43,25.87,0.05,0,1,617
4543,400,4,4,80,27,10.7,0.05,0,1,617
4544,400,9,9,118,46,18.65,0.05,0,1,617
4545,400,7,7,114,42,20.9,0.05,0,1,617
4546,400,4,4,90,34,9.8,0.05,0,1,617
4547,400,9,9,123,44,31.35,0.05,0,1,617
4548,400,1,1,35,13,-2.6,0.05,0,1,617
4549,400,3,3,52,23,3.6,0.05,0,1,617
4550,400,8,8,110,41,25.5,0.05,0,1,617
4551,400,6,6,90,30,15.2,0.05,0,1,617
4552,391,8,9,113,43,23.34,0.05,0,1,617
4553,400,4,4,63,32,4.95,0.05,0,1,617
4554,400,5,5,90,34,16.15,0.05,0,1,617
4555,400,7,7,113,43,26.1,0.05,0,1,617
4556,400,7,7,80,29,17.4,0.05,0,1,617
4557,400,2,2,23,8,0.75,0.05,0,1,617
4558,400,5,5,96,32,18.35,0.05,0,1,617
4559,400,7,7,109,43,24.5,0.05,0,1,617
4560,400,5,5,112,34,23.1,0.05,0,1,617
4561,358,9,9,127,39,27.37,0.05,0,1,617
4562,400,7,7,110,43,23.5,0.05,0,1,617
4563,400,7,7,122,44,23.75,0.05,0,1,617
4564,400,7,7,104,38,22.45,0.05,0,1,617
4565,400,8,8,105,40,18.3,0.05,0,1,617
4566,400,9,9,118,44,23.2,0.05,0,1,617
4567,400,6,6,95,33,18.55,0.05,0,1,617
4568,400,0,0,51,17,2.45,0.05,0,1,617
4569,400,4,4,78,28,11.4,0.05,0,1,617
4570,146,4,4,53,16,3.54,0.05,1,0,617
4571,400,7,7,80,29,15.5,0.05,0,1,617
4572,400,6,6,88,32,12.35,0.05,0,1,617
4573,400,1,1,31,12,0.45,0.05,0,1,617
4574,146,1,1,55,19,-1.11,0.05,1,0,617
4575,400,6,6,72,30,8.95,0.05,0,1,617
4576,400,6,6,99,32,22.65,0.05,0,1,617
4577,400,6,6,102,42,15.35,0.05,0,1,617
4578,400,9,9,114,41,30.1,0.05,0,1,617
4579,400,4,4,99,37,13.2,0.05,0,1,617
4580,400,8,8,110,40,23.45,0.05,0,1,617
4581,389,8,9,122,41,27.71,0.05,0,1,617
4582,400,9,9,112,41,21.4,0.05,0,1,617
4583,400,5,5,91,29,14.6,0.05,0,1,617
4584,394,9,9,129,44,29.11,0.05,0,1,617
4585,400,5,5,60,27,2.9,0.05,0,1,617
4586,400,8,8,115,46,22.2,0.05,0,1,617
4587,400,8,8,113,46,23.0,0.05,0,1,617
4588,400,6,6,112,42,19.0,0.05,0,1,617
4589,397,9,9,124,44,28.58,0.05,0,1,617
4590,400,5,5,45,16,4.7,0.05,0,1,617
4591,400,9,9,130,46,26.45,0.05,0,1,617
4592,400,9,9,108,42,22.85,0.05,0,1,617
4593,400,5,5,93,39,20.2,0.05,0,1,617
4594,400,2,2,45,16,3.0,0.05,0,1,617
4595,392,9,9,114,43,24.48,0.05,0,1,617
4596,400,8,8,114,43,22.55,0.05,0,1,617
4597,400,9,9,113,37,27.65,0.05,0,1,617
4598,391,8,9,118,45,21.44,0.05,0,1,617
4599,400,7,7,99,38,20.15,0.05,0,1,617
4600,397,9,9,121,45,17.28,0.05,0,1,617
4601,400,3,3,36,12,3.35,0.05,0,1,617
4602,400,8,8,115,41,30.45,0.05,0,1,617
4603,35,2,2,20,5,-1.6,0.05,1,0,617
4604,400,6,6,88,31,15.0,0.05,0,1,617
4605,400,8,8,114,45,24.15,0.05,0,1,617
4606,400,6,6,99,39,18.7,0.05,0,1,617
4607,400,5,5,44,18,4.05,0.05,0,1,617
4608,400,2,2,35,13,3.25,0.05,0,1,617
4609,248,4,4,64,34,-0.28,0.05,1,0,617
4610,159,1,1,54,22,-2.29,0.05,1,0,617
4611,400,6,7,118,42,23.05,0.05,0,1,617
4612,400,7,7,122,44,25.7,0.05,0,1,617
4613,400,8,8,102,37,20.5,0.05,0,1,617
4614,400,2,2,71,31,10.55,0.05,0,1,617
4615,400,4,4,117,37,20.55,0.05,0,1,617
4616,400,6,6,105,35,21.25,0.05,0,1,617
4617,400,9,9,121,44,28.4,0.05,0,1,617
4618,400,7,7,110,40,18.2,0.05,0,1,617
4619,397,8,9,127,44,31.83,0.05,0,1,617
4620,400,5,5,108,43,17.3,0.05,0,1,617
4621,400,8,8,109,36,24.5,0.05,0,1,617
4622,400,7,7,115,45,26.55,0.05,0,1,617
4623,400,9,9,121,47,22.75,0.05,0,1,617
4624,400,7,7,122,47,23.9,0.05,0,1,617
4625,400,9,9,117,43,28.5,0.05,0,1,617
4626,400,7,7,91,30,17.65,0.05,0,1,617
4627,5,0,0,2,1,-5.45,0.05,1,0,617
4628,400,3,3,59,21,6.4,0.05,0,1,617
4629,400,6,6,115,42,19.8,0.05,0,1,617
4630,400,7,7,93,34,19.9,0.05,0,1,617
4631,400,9,9,107,40,23.95,0.05,0,1,617
4632,400,9,9,113,42,30.15,0.05,0,1,617
4633,400,8,8,126,46,27.45,0.05,0,1,617
4634,400,7,7,108,45,21.75,0.05,0,1,617
4635,400,6,6,111,38,19.95,0.05,0,1,617
4636,400,9,9,118,48,17.75,0.05,0,1,617
4637,400,8,8,119,40,27.1,0.05,0,1,617
4638,400,7,7,106,42,25.55,0.05,0,1,617
4639,400,6,6,94,34,16.5,0.05,0,1,617
4640,400,6,6,104,34,12.7,0.05,0,1,617
4641,400,5,5,62,20,9.7,0.05,0,1,617
4642,400,9,9,119,39,23.35,0.05,0,1,617
4643,213,1,1,32,11,-5.28,0.05,1,0,617
4644,400,6,6,107,33,24.3,0.05,0,1,617
4645,400,2,2,51,21,5.9,0.05,0,1,617
4646,400,4,4,98,33,10.8,0.05,0,1,617
4647,400,5,5,78,26,13.3,0.05,0,1,617
4648,400,1,1,54,21,0.75,0.05,0,1,617
4649,400,6,6,119,44,25.65,0.05,0,1,617
4650,13,0,0,5,2,-6.23,0.05,1,0,617
4651,400,4,5,115,40,12.25,0.05,0,1,617
4652,400,6,6,107,44,24.7,0.05,0,1,617
4653,400,7,7,116,41,27.9,0.05,0,1,617
4654,400,7,7,112,44,20.55,0.05,0,1,617
4655,400,5,5,91,29,18.85,0.05,0,1,617
4656,76,2,2,29,10,0.29,0.05,1,0,617
4657,400,9,9,124,44,27.3,0.05,0,1,617
4658,400,9,9,122,43,30.95,0.05,0,1,617
4659,39,0,0,17,5,-3.44,0.05,1,0,617
4660,400,9,9,113,37,25.3,0.05,0,1,617
4661,400,9,9,129,42,31.8,0.05,0,1,617
4662,400,8,8,119,44,22.5,0.05,0,1,617
4663,400,5,5,108,43,10.7,0.05,0,1,617
4664,400,8,8,109,45,25.15,0.05,0,1,617
4665,400,7,7,107,35,29.15,0.05,0,1,617
4666,208,4,4,86,26,8.07,0.05,1,0,617
4667,400,7,7,106,40,17.7,0.05,0,1,617
4668,400,6,6,85,26,14.9,0.05,0,1,617
4669,400,4,4,67,23,7.45,0.05,0,1,617
4670,400,2,2,66,24,9.85,0.05,0,1,617
4671,400,0,0,33,16,1.35,0.05,0,1,617
4672,400,1,1,39,32,-1.9,0.05,0,1,617
4673,400,6,6,75,33,6.75,0.05,0,1,617
4674,400,8,8,111,43,15.25,0.05,0,1,617
4675,400,7,7,102,34,18.45,0.05,0,1,617
4676,400,6,6,68,23,9.5,0.05,0,1,617
4677,400,9,9,107,47,21.05,0.05,0,1,617
4678,363,8,8,111,40,19.97,0.05,1,0,617
4679,400,7,7,97,34,21.3,0.05,0,1,617
4680,400,7,7,106,44,25.6,0.05,0,1,617
4681,400,3,3,70,28,0.45,0.05,0,1,617
4682,400,5,5,55,19,7.85,0.05,0,1,617
4683,400,5,5,65,23,8.45,0.05,0,1,617
4684,400,2,2,82,31,7.05,0.05,0,1,617
4685,400,6,6,55,22,9.65,0.05,0,1,617
4686,400,3,3,68,29,4.15,0.05,0,1,617
4687,400,1,1,60,21,2.4,0.05,0,1,617
4688,400,0,0,0,0,-4.25,0.05,0,1,617
4689,400,3,3,67,23,8.2,0.05,0,1,617
4690,400,6,6,75,27,12.55,0.05,0,1,617
4691,157,1,1,33,12,-1.97,0.05,1,0,619
4692,400,8,8,100,32,25.75,0.05,0,1,619
4693,400,5,5,62,25,8.4,0.05,0,1,619
4694,400,3,3,56,19,8.35,0.05,0,1,619
4695,400,6,6,103,41,24.45,0.05,0,1,619
4696,400,9,9,107,47,18.1,0.05,0,1,619
4697,400,5,5,119,43,15.8,0.05,0,1,619
4698,400,9,9,115,44,26.2,0.05,0,1,619
4699,400,9,9,124,43,31.7,0.05,0,1,619
4700,400,8,8,114,44,21.2,0.05,0,1,619
4701,400,8,8,122,45,22.15,0.05,0,1,619
4702,400,2,2,56,20,3.25,0.05,0,1,619
4703,400,8,9,121,45,24.05,0.05,0,1,619
4704,400,8,8,117,41,20.45,0.05,0,1,619
4705,400,9,9,117,40,24.25,0.05,0,1,619
4706,400,9,9,120,45,28.55,0.05,0,1,619
4707,400,7,7,74,30,10.45,0.05,0,1,619
4708,400,0,0,28,10,-0.9,0.05,0,1,619
4709,400,8,8,127,46,25.05,0.05,0,1,619
4710,400,8,8,106,39,21.5,0.05,0,1,619
4711,400,6,6,96,29,21.15,0.05,0,1,619
4712,400,5,5,122,46,22.9,0.05,0,1,619
4713,400,1,1,50,15,6.85,0.05,0,1,619
4714,400,6,6,112,45,17.85,0.05,0,1,619
4715,400,3,3,105,39,12.25,0.05,0,1,619
4716,400,9,9,119,45,23.65,0.05,0,1,619
4717,400,5,5,102,38,16.3,0.05,0,1,619
4718,400,8,8,110,36,25.45,0.05,0,1,619
4719,400,9,9,117,43,28.05,0.05,0,1,619
4720,8,0,0,3,1,-4.73,0.05,1,0,619
4721,400,7,7,116,41,23.3,0.05,0,1,619
4722,400,1,1,45,15,2.85,0.05,0,1,619
4723,400,7,7,121,45,26.35,0.05,0,1,619
4724,400,8,8,120,44,28.55,0.05,0,1,619
4725,400,3,3,65,21,7.7,0.05,0,1,619
4726,400,7,7,112,44,20.65,0.05,0,1,619
4727,400,9,9,119,43,31.05,0.05,0,1,619
4728,400,7,7,110,38,22.7,0.05,0,1,619
4729,395,8,9,123,43,23.2,0.05,0,1,619
4730,400,2,2,61,27,4.15,0.05,0,1,619
4731,400,9,9,110,43,22.55,0.05,0,1,619
4732,400,9,9,110,44,26.35,0.05,0,1,619
4733,400,0,0,37,13,0.6,0.05,0,1,619
4734,399,8,9,117,43,24.66,0.05,0,1,619
4735,400,4,4,65,18,9.95,0.05,0,1,619
4736,400,7,7,114,40,19.4,0.05,0,1,619
4737,400,5,5,97,33,18.5,0.05,0,1,619
4738,400,9,9,121,43,26.7,0.05,0,1,619
4739,400,9,9,124,44,22.0,0.05,0,1,619
4740,400,9,9,114,46,24.2,0.05,0,1,619
4741,400,8,8,104,31,27.3,0.05,0,1,619
4742,368,9,9,115,43,25.57,0.05,0,1,619
4743,400,1,1,58,22,7.45,0.05,0,1,619
4744,400,9,9,117,38,29.9,0.05,0,1,619
4745,400,8,8,114,37,23.4,0.05,0,1,619
4746,400,3,3,62,20,9.15,0.05,0,1,619
4747,108,3,3,39,15,3.32,0.05,1,0,619
4748,379,9,9,122,43,19.96,0.05,0,1,619
4749,400,6,6,115,45,25.55,0.05,0,1,619
4750,400,9,9,119,45,26.65,0.05,0,1,619
4751,400,9,9,123,41,30.35,0.05,0,1,619
4752,400,8,8,86,29,20.55,0.05,0,1,619
4753,400,1,1,82,27,7.45,0.05,0,1,619
4754,400,7,7,117,43,25.3,0.05,0,1,619
4755,400,9,9,122,45,24.85,0.05,0,1,619
4756,380,9,9,133,44,19.95,0.05,0,1,619
4757,400,9,9,121,41,22.95,0.05,0,1,619
4758,400,9,9,121,43,23.3,0.05,0,1,619
4759,400,3,3,45,41,5.35,0.05,0,1,619
4760,400,3,3,80,29,13.65,0.05,0,1,619
4761,400,3,3,94,37,6.35,0.05,0,1,619
4762,400,6,6,95,35,13.85,0.05,0,1,619
4763,400,5,5,65,22,10.0,0.05,0,1,619
4764,400,9,9,123,47,23.85,0.05,0,1,619
4765,377,9,9,121,43,21.58,0.05,0,1,619
4766,397,9,9,117,45,27.23,0.05,0,1,619
4767,400,7,7,95,32,21.15,0.05,0,1,619
4768,400,5,5,94,29,14.65,0.05,0,1,619
4769,400,9,9,135,44,28.55,0.05,0,1,619
4770,400,8,8,126,41,22.0,0.05,0,1,619
4771,400,7,7,99,36,18.75,0.05,0,1,619
4772,400,6,6,98,36,20.85,0.05,0,1,619
4773,400,7,7,114,43,24.85,0.05,0,1,619
4774,284,2,2,37,15,-2.39,0.05,1,0,619
4775,370,9,9,115,41,25.3,0.05,0,1,619
4776,400,6,6,97,31,16.3,0.05,0,1,619
4777,367,9,9,130,40,30.08,0.05,0,1,619
4778,238,3,3,58,21,1.62,0.05,1,0,619
4779,400,8,8,122,44,27.15,0.05,0,1,619
4780,400,4,4,92,28,16.2,0.05,0,1,619
4781,400,7,7,119,46,24.1,0.05,0,1,619
4782,397,9,9,122,42,24.18,0.05,0,1,619
4783,400,4,4,73,28,7.8,0.05,0,1,619
4784,400,5,5,111,36,17.6,0.05,0,1,619
4785,380,9,9,125,43,26.35,0.05,0,1,619
4786,400,8,8,68,24,12.25,0.05,0,1,619
4787,396,9,9,123,43,27.24,0.05,0,1,619
4788,400,6,6,102,31,21.6,0.05,0,1,619
4789,400,2,2,65,22,2.05,0.05,0,1,619
4790,400,8,8,105,42,23.6,0.05,0,1,619
4791,400,9,9,118,45,25.3,0.05,0,1,619
4792,400,8,8,113,38,21.05,0.05,0,1,619
4793,400,6,6,108,37,25.55,0.05,0,1,619
4794,400,3,3,71,27,8.3,0.05,0,1,619
4795,14,0,0,8,2,-4.29,0.05,1,0,619
4796,400,3,4,83,29,11.35,0.05,0,1,619
4797,400,9,9,111,42,28.35,0.05,0,1,619
4798,400,9,9,93,35,15.35,0.05,0,1,619
4799,400,9,9,123,45,28.45,0.05,0,1,619
4800,400,4,4,83,31,4.35,0.05,0,1,619
4801,400,8,8,108,38,15.8,0.05,0,1,619
4802,400,6,6,118,43,21.05,0.05,0,1,619
4803,400,4,4,103,33,23.75,0.05,0,1,619
4804,72,0,0,24,10,-4.32,0.05,1,0,619
4805,400,6,6,110,37,14.35,0.05,0,1,619
4806,400,5,5,57,20,12.35,0.05,0,1,619
4807,400,8,8,111,38,23.65,0.05,0,1,619
4808,400,7,7,105,35,24.7,0.05,0,1,619
4809,400,6,6,108,37,25.3,0.05,0,1,619
4810,400,5,5,105,36,20.3,0.05,0,1,619
4811,400,7,7,104,36,20.7,0.05,0,1,619
4812,400,2,2,43,16,1.25,0.05,0,1,619
4813,400,8,8,109,37,19.6,0.05,0,1,619
4814,400,7,7,116,45,25.65,0.05,0,1,619
4815,400,5,5,87,30,14.1,0.05,0,1,619
4816,400,1,1,42,15,-1.7,0.05,0,1,619
4817,400,7,7,74,28,11.4,0.05,0,1,619
4818,400,2,2,70,22,11.25,0.05,0,1,619
4819,8,0,0,5,1,-3.63,0.05,1,0,619
4820,400,5,5,85,44,9.9,0.05,0,1,619
4821,400,6,6,101,39,18.2,0.05,0,1,619
4822,400,8,8,123,40,29.95,0.05,0,1,619
4823,386,9,9,129,45,23.64,0.05,0,1,619
4824,400,9,9,113,42,18.6,0.05,0,1,619
4825,392,9,9,110,42,19.83,0.05,0,1,619
4826,400,9,9,130,46,29.05,0.05,0,1,619
4827,400,8,8,89,26,18.15,0.05,0,1,619
4828,400,4,4,60,20,9.2,0.05,0,1,619
4829,400,4,4,57,20,6.9,0.05,0,1,619
4830,400,2,2,47,17,3.05,0.05,0,1,619
4831,400,6,6,104,36,20.1,0.05,0,1,619
4832,400,8,8,125,43,24.9,0.05,0,1,619
4833,400,8,8,113,36,22.65,0.05,0,1,619
4834,400,5,5,103,37,19.0,0.05,0,1,619
4835,400,8,8,122,43,22.0,0.05,0,1,619
4836,400,5,5,80,29,13.7,0.05,0,1,619
4837,400,1,1,64,21,8.8,0.05,0,1,619
4838,342,9,9,118,40,22.73,0.05,0,1,619
4839,400,8,8,129,42,27.6,0.05,0,1,619
4840,400,6,6,112,41,16.95,0.05,0,1,619
4841,377,8,9,116,39,26.83,0.05,0,1,619
4842,400,4,4,64,20,10.95,0.05,0,1,619
4843,400,8,8,99,35,22.85,0.05,0,1,619
4844,400,6,6,90,29,16.3,0.05,0,1,619
4845,400,8,8,85,34,17.45,0.05,0,1,619
4846,400,8,8,127,45,25.5,0.05,0,1,619
4847,400,1,1,51,27,-2.6,0.05,0,1,619
4848,400,7,7,85,29,20.35,0.05,0,1,619
4849,400,8,8,122,41,24.85,0.05,0,1,619
4850,400,5,5,102,34,18.85,0.05,0,1,619
4851,400,4,4,81,31,10.65,0.05,0,1,619
4852,400,8,8,127,42,30.85,0.05,0,1,619
4853,400,2,2,44,16,0.4,0.05,0,1,619
4854,400,7,7,108,35,20.15,0.05,0,1,619
4855,400,5,5,68,27,9.55,0.05,0,1,619
4856,400,9,9,116,35,30.05,0.05,0,1,619
4857,400,6,6,88,27,19.1,0.05,0,1,619
4858,400,1,1,56,20,7.5,0.05,0,1,619
4859,400,7,7,94,35,18.1,0.05,0,1,619
4860,400,9,9,113,38,24.75,0.05,0,1,619
4861,400,9,9,119,43,28.85,0.05,0,1,619
4862,400,7,7,115,42,25.4,0.05,0,1,619
4863,400,6,6,88,30,20.75,0.05,0,1,619
4864,400,4,4,98,36,11.8,0.05,0,1,619
4865,400,8,8,106,40,18.05,0.05,0,1,619
4866,400,5,5,86,27,15.35,0.05,0,1,619
4867,400,3,3,62,28,5.1,0.05,0,1,619
4868,400,2,2,54,17,4.35,0.05,0,1,619
4869,8,0,0,1,1,-5.83,0.05,1,0,619
4870,400,6,6,84,27,12.5,0.05,0,1,619
4871,400,4,4,83,29,8.85,0.05,0,1,619
4872,400,9,9,126,44,24.6,0.05,0,1,619
4873,400,4,4,54,15,8.45,0.05,0,1,619
4874,400,9,9,122,49,16.25,0.05,0,1,619
4875,400,2,2,92,28,13.05,0.05,0,1,619
4876,400,6,6,74,25,15.1,0.05,0,1,619
4877,400,6,6,101,36,18.0,0.05,0,1,619
4878,400,7,7,102,34,21.8,0.05,0,1,619
4879,400,2,2,55,27,2.45,0.05,0,1,619
4880,400,7,7,81,31,11.05,0.05,0,1,619
4881,400,3,3,98,33,16.2,0.05,0,1,619
4882,400,9,9,100,37,20.6,0.05,0,1,619
4883,400,6,6,84,29,12.2,0.05,0,1,619
4884,400,7,7,94,31,22.4,0.05,0,1,619
4885,400,4,4,78,43,11.6,0.05,0,1,619
4886,400,4,4,90,39,10.8,0.05,0,1,619
4887,400,4,4,74,26,7.4,0.05,0,1,619
4888,400,1,1,48,50,-9.35,0.05,0,1,619
4889,400,6,6,67,43,-4.85,0.05,0,1,619
4890,55,0,0,21,8,-4.95,0.05,1,0,619
4891,400,7,7,121,47,19.9,0.05,0,1,619
4892,400,5,5,76,23,6.3,0.05,0,1,619
4893,400,6,6,102,37,17.35,0.05,0,1,619
4894,400,8,8,97,31,23.2,0.05,0,1,619
4895,400,6,6,81,28,12.0,0.05,0,1,619
4896,400,3,3,55,23,2.15,0.05,0,1,619
4897,399,8,9,130,46,27.76,0.05,0,1,619
4898,400,7,7,114,44,22.5,0.05,0,1,619
4899,400,9,9,113,44,22.95,0.05,0,1,619
4900,400,1,1,50,19,1.7,0.05,0,1,619
4901,400,5,5,65,21,9.2,0.05,0,1,619
4902,400,8,8,113,43,25.65,0.05,0,1,619
4903,400,2,2,70,25,6.45,0.05,0,1,619
4904,400,7,7,95,34,16.75,0.05,0,1,619
4905,400,2,2,55,17,9.7,0.05,0,1,619
4906,400,9,9,121,42,24.55,0.05,0,1,619
4907,400,6,6,106,35,18.05,0.05,0,1,619
4908,20,0,0,10,3,-4.4,0.05,1,0,619
4909,400,6,6,99,36,19.3,0.05,0,1,619
4910,400,9,9,117,40,30.7,0.05,0,1,619
4911,400,6,6,90,31,17.35,0.05,0,1,619
4912,400,2,2,54,15,9.7,0.05,0,1,619
4913,400,2,2,53,19,3.95,0.05,0,1,619
4914,400,7,7,108,39,21.2,0.05,0,1,619
4915,400,4,4,74,32,8.2,0.05,0,1,619
4916,400,3,3,59,21,9.45,0.05,0,1,619
4917,400,3,3,91,35,5.7,0.05,0,1,619
4918,400,6,6,121,38,17.7,0.05,0,1,619
4919,400,6,6,74,29,11.75,0.05,0,1,619
4920,400,6,6,108,40,17.35,0.05,0,1,619
4921,400,9,9,132,45,29.1,0.05,0,1,619
4922,400,7,7,125,42,26.65,0.05,0,1,619
4923,400,7,7,117,43,24.15,0.05,0,1,619
4924,56,1,1,25,8,-1.16,0.05,1,0,619
4925,400,6,6,105,45,16.05,0.05,0,1,619
4926,400,8,8,74,27,14.2,0.05,0,1,619
4927,400,6,6,108,39,19.65,0.05,0,1,619
4928,364,4,4,77,29,7.26,0.05,1,0,619
4929,400,6,6,78,29,15.8,0.05,0,1,619
4930,400,3,3,39,32,1.9,0.05,0,1,619
4931,292,3,3,57,28,-3.32,0.05,1,0,619
4932,400,4,4,71,33,9.8,0.05,0,1,619
4933,400,3,3,51,16,8.15,0.05,0,1,619
4934,400,6,6,96,45,7.4,0.05,0,1,619
4935,400,2,2,47,19,0.4,0.05,0,1,619
4936,400,7,8,119,44,24.4,0.05,0,1,619
4937,400,5,5,83,28,9.05,0.05,0,1,619
4938,400,6,6,86,35,15.25,0.05,0,1,619
4939,400,3,3,81,27,13.95,0.05,0,1,619
4940,400,2,2,51,16,9.6,0.05,0,1,619
4941,400,7,7,105,35,21.85,0.05,0,1,619
4942,400,5,5,91,37,17.25,0.05,0,1,619
4943,400,6,6,92,33,16.6,0.05,0,1,619
4944,400,3,3,75,30,7.45,0.05,0,1,619
4945,400,5,5,95,36,19.85,0.05,0,1,619
4946,400,5,5,92,33,14.75,0.05,0,1,619
4947,400,6,6,94,32,19.45,0.05,0,1,619
4948,400,9,9,95,31,22.25,0.05,0,1,619
4949,400,8,9,122,45,26.35,0.05,0,1,619
4950,400,6,6,86,26,19.65,0.05,0,1,619
4951,400,4,4,51,26,1.15,0.05,0,1,619
4952,400,9,9,108,39,26.2,0.05,0,1,619
4953,400,9,9,126,43,24.75,0.05,0,1,619
4954,400,8,8,118,42,25.35,0.05,0,1,619
4955,400,0,0,29,13,-2.65,0.05,0,1,619
4956,400,3,3,74,32,10.35,0.05,0,1,619
4957,400,4,4,73,29,2.95,0.05,0,1,619
4958,400,8,8,98,39,18.6,0.05,0,1,619
4959,400,8,8,113,42,22.35,0.05,0,1,619
4960,400,8,8,115,43,27.75,0.05,0,1,619
4961,400,8,8,119,41,23.55,0.05,0,1,619
4962,400,7,7,107,42,20.65,0.05,0,1,619
4963,400,4,4,87,39,11.95,0.05,0,1,619
4964,400,6,6,57,32,3.1,0.05,0,1,619
4965,400,0,0,5,4,-6.35,0.05,0,1,619
4966,400,5,5,87,40,0.7,0.05,0,1,619
4967,400,8,8,100,52,7.5,0.05,0,1,619
4968,400,0,0,32,11,-2.35,0.05,0,1,619
4969,400,4,4,85,26,16.85,0.05,0,1,619
4970,400,6,6,58,22,11.05,0.05,0,1,619
4971,400,4,4,44,14,3.9,0.05,0,1,619
4972,400,8,8,114,42,23.3,0.05,0,1,619
4973,400,3,3,43,16,7.1,0.05,0,1,619
4974,28,0,0,11,4,-5.03,0.05,1,0,619
4975,400,8,8,127,46,28.15,0.05,0,1,619
4976,363,3,3,81,29,6.37,0.05,1,0,619
4977,400,7,7,102,34,23.75,0.05,0,1,619
4978,400,8,8,98,34,17.35,0.05,0,1,619
4979,400,5,5,98,37,13.75,0.05,0,1,619
4980,400,2,2,47,25,-2.15,0.05,0,1,619
4981,400,5,5,88,34,10.75,0.05,0,1,619
4982,400,6,6,106,39,13.55,0.05,0,1,619
4983,400,8,8,103,36,22.9,0.05,0,1,619
4984,400,2,2,56,28,3.1,0.05,0,1,619
4985,400,3,3,73,30,4.5,0.05,0,1,619
4986,400,1,1,47,14,-1.1,0.05,0,1,619
4987,400,2,2,89,30,7.2,0.05,0,1,619
4988,376,9,9,114,39,21.29,0.05,0,1,619
4989,400,6,6,92,41,18.75,0.05,0,1,619
4990,400,1,1,45,50,1.6,0.05,0,1,619
4991,400,1,1,40,43,5.1,0.05,0,1,619
4992,400,2,2,39,48,-0.05,0.05,0,1,619
4993,400,5,5,77,44,10.4,0.05,0,1,619
4994,400,5,5,88,34,10.75,0.05,0,1,619
4995,400,6,6,72,31,10.5,0.05,0,1,619
4996,400,5,5,78,52,-4.0,0.05,0,1,619
4997,400,1,1,40,47,0.35,0.05,0,1,619
4998,400,6,6,69,49,8.4,0.05,0,1,619
4999,400,1,1,45,31,2.2,0.05,0,1,619
5000,400,1,1,52,20,1.4,0.05,0,1,619
5001,400,4,4,70,49,8.05,0.05,0,1,619
5002,400,0,0,42,31,1.45,0.05,0,1,619
5003,400,8,8,81,50,11.35,0.05,0,1,619
5004,400,6,6,94,40,12.5,0.05,0,1,619
5005,400,1,1,36,40,-0.15,0.05,0,1,619
5006,400,5,5,46,49,5.25,0.05,0,1,619
5007,400,1,1,25,46,-1.15,0.05,0,1,619
5008,400,2,2,50,37,5.45,0.05,0,1,619
5009,400,5,5,50,46,5.7,0.05,0,1,619
5010,400,1,1,44,50,-4.8,0.05,0,1,619
5011,400,3,3,51,52,-4.9,0.05,0,1,619
5012,400,5,5,79,55,-5.55,0.05,0,1,619
5013,338,3,3,43,18,-1.33,0.05,1,0,619
5014,400,5,5,73,26,11.1,0.05,0,1,619
5015,400,6,6,101,50,8.45,0.05,0,1,619
5016,400,6,6,72,32,10.35,0.05,0,1,619
5017,400,8,8,106,44,25.55,0.05,0,1,619
5018,400,5,5,89,30,13.35,0.05,0,1,619
5019,400,7,7,89,37,15.0,0.05,0,1,619
5020,400,4,4,64,30,6.9,0.05,0,1,619
5021,87,1,1,42,12,0.93,0.05,1,0,619
5022,400,8,8,96,47,10.0,0.05,0,1,619
5023,66,0,0,29,9,-2.36,0.05,1,0,619
5024,400,4,4,67,34,7.35,0.05,0,1,619
5025,400,3,3,86,40,3.5,0.05,0,1,619
5026,400,7,7,89,41,11.6,0.05,0,1,619
5027,400,1,1,44,55,-11.8,0.05,0,1,619
5028,400,5,5,78,40,-1.0,0.05,0,1,619
5029,360,7,7,77,38,0.85,0.05,1,0,619
5030,400,9,9,128,45,28.1,0.05,0,1,619
5031,400,0,0,40,11,1.35,0.05,0,1,619
5032,400,5,5,77,31,6.75,0.05,0,1,619
5033,400,9,9,119,45,26.1,0.05,0,1,619
5034,400,6,6,94,39,14.45,0.05,0,1,619
5035,400,2,2,47,17,3.1,0.05,0,1,619
5036,400,8,8,116,38,26.7,0.05,0,1,619
5037,400,6,6,94,45,19.05,0.05,0,1,619
5038,400,0,0,25,8,-0.15,0.05,0,1,619
5039,400,0,0,38,48,-4.15,0.05,0,1,619
5040,116,1,1,30,15,-2.11,0.05,1,0,619
5041,400,3,3,66,24,8.1,0.05,0,1,619
5042,400,4,4,68,45,5.0,0.05,0,1,619
5043,400,1,1,50,16,5.75,0.05,0,1,619
5044,400,8,8,99,35,17.0,0.05,0,1,619
5045,400,5,5,70,36,5.75,0.05,0,1,619
5046,400,6,6,80,28,15.8,0.05,0,1,619
5047,400,6,6,99,31,20.75,0.05,0,1,619
5048,375,9,9,124,43,29.15,0.05,0,1,619
5049,400,6,6,70,40,4.7,0.05,0,1,619
5050,400,5,5,73,25,16.0,0.05,0,1,619
5051,231,2,2,51,19,-3.11,0.05,1,0,619
5052,400,3,3,83,35,4.6,0.05,0,1,619
5053,400,7,7,96,43,15.95,0.05,0,1,619
5054,400,3,3,63,19,11.95,0.05,0,1,619
5055,400,7,7,113,40,21.8,0.05,0,1,619
5056,400,8,8,103,45,16.6,0.05,0,1,619
5057,400,5,5,92,40,11.3,0.05,0,1,619
5058,400,8,8,113,41,25.7,0.05,0,1,619
5059,400,4,4,80,29,13.3,0.05,0,1,619
5060,400,8,8,90,31,12.5,0.05,0,1,619
5061,400,7,7,92,27,22.4,0.05,0,1,619
5062,373,8,9,120,41,27.77,0.05,0,1,619
5063,400,6,6,72,42,3.25,0.05,0,1,619
5064,400,9,9,118,49,20.05,0.05,0,1,619
5065,400,7,7,104,48,15.2,0.05,0,1,619
5066,400,6,6,97,43,11.3,0.05,0,1,619
5067,400,8,8,97,32,25.15,0.05,0,1,619
5068,400,5,5,106,40,11.85,0.05,0,1,619
5069,400,5,5,87,29,14.95,0.05,0,1,619
5070,400,2,2,75,26,14.1,0.05,0,1,619
5071,400,4,4,56,27,8.6,0.05,0,1,619
5072,400,2,2,20,7,-1.45,0.05,0,1,619
5073,400,6,6,78,47,1.9,0.05,0,1,619
5074,400,2,2,70,35,4.85,0.05,0,1,619
5075,400,3,3,108,40,14.65,0.05,0,1,619
5076,400,0,0,36,57,-15.85,0.05,0,1,619
5077,400,9,9,114,44,23.55,0.05,0,1,619
5078,400,7,7,106,39,21.55,0.05,0,1,619
5079,400,3,3,61,23,8.95,0.05,0,1,619
5080,400,4,4,49,19,10.15,0.05,0,1,619
5081,400,4,4,43,20,3.15,0.05,0,1,619
5082,400,8,8,81,46,6.35,0.05,0,1,620
5083,400,5,5,61,47,-7.5,0.05,0,1,620
5084,400,6,6,82,29,16.8,0.05,0,1,620
5085,400,7,7,83,32,15.7,0.05,0,1,620
5086,400,3,3,78,20,8.1,0.05,0,1,620
5087,400,6,6,81,30,10.8,0.05,0,1,620
5088,400,2,2,56,13,6.15,0.05,0,1,620
5089,400,3,3,46,20,5.3,0.05,0,1,620
5090,400,3,3,53,19,4.85,0.05,0,1,620
5091,400,5,5,85,28,17.8,0.05,0,1,620
5092,400,3,3,78,27,2.45,0.05,0,1,620
5093,400,4,4,66,24,3.45,0.05,0,1,620
5094,400,6,6,86,34,5.55,0.05,0,1,620
5095,400,8,8,73,28,5.5,0.05,0,1,620
5096,400,1,1,64,20,5.8,0.05,0,1,620
5097,126,3,3,40,13,1.39,0.05,1,0,620
5098,400,8,8,109,38,25.0,0.05,0,1,620
5099,400,1,1,53,24,-0.8,0.05,0,1,620
5100,400,5,5,93,34,14.2,0.05,0,1,620
5101,400,4,4,102,37,16.95,0.05,0,1,620
5102,400,8,8,99,41,17.25,0.05,0,1,620
5103,400,9,9,99,36,23.7,0.05,0,1,620
5104,400,7,7,115,41,22.7,0.05,0,1,620
5105,400,6,6,82,29,13.4,0.05,0,1,620
5106,400,8,8,109,42,17.8,0.05,0,1,620
5107,400,6,6,74,27,12.1,0.05,0,1,620
5108,400,5,5,88,27,13.1,0.05,0,1,620
5109,391,9,9,122,45,22.09,0.05,0,1,620
5110,400,8,8,131,43,27.85,0.05,0,1,620
5111,400,4,4,89,32,15.5,0.05,0,1,620
5112,400,5,5,88,41,7.35,0.05,0,1,620
5113,400,5,5,110,40,16.2,0.05,0,1,620
5114,400,6,6,96,31,14.7,0.05,0,1,620
5115,400,3,3,63,23,1.0,0.05,0,1,620
5116,400,6,6,90,29,20.3,0.05,0,1,620
5117,400,6,6,103,35,18.5,0.05,0,1,620
5118,400,5,5,93,29,12.45,0.05,0,1,620
5119,400,4,4,48,15,5.1,0.05,0,1,620
5120,400,6,6,94,37,12.4,0.05,0,1,620
5121,400,8,8,113,37,25.8,0.05,0,1,620
5122,400,5,5,42,13,6.2,0.05,0,1,620
5123,400,3,3,108,39,10.4,0.05,0,1,620
5124,400,5,5,61,25,5.4,0.05,0,1,620
5125,400,1,1,43,13,2.85,0.05,0,1,620
5126,400,7,7,83,43,14.35,0.05,0,1,620
5127,400,5,5,86,29,12.05,0.05,0,1,620
5128,258,3,3,69,22,4.67,0.05,1,0,620
5129,400,7,7,129,40,28.0,0.05,0,1,620
5130,400,5,5,118,41,15.25,0.05,0,1,620
5131,400,7,7,107,40,18.1,0.05,0,1,620
5132,400,5,5,106,38,10.15,0.05,0,1,620
5133,400,7,7,98,40,9.6,0.05,0,1,620
5134,400,6,6,66,25,10.5,0.05,0,1,620
5135,400,4,4,72,27,10.3,0.05,0,1,620
5136,400,6,6,85,34,18.0,0.05,0,1,620
5137,400,4,4,64,20,15.15,0.05,0,1,620
5138,400,1,1,57,30,0.65,0.05,0,1,620
5139,400,2,2,69,28,5.4,0.05,0,1,620
5140,400,8,8,119,39,27.0,0.05,0,1,620
5141,400,8,8,84,36,14.65,0.05,0,1,620
5142,400,5,5,104,38,15.9,0.05,0,1,620
5143,400,8,8,100,39,18.2,0.05,0,1,620
5144,400,9,9,109,44,22.75,0.05,0,1,620
5145,400,0,0,44,45,-2.9,0.05,0,1,620
5146,400,3,3,62,20,6.6,0.05,0,1,620
5147,392,5,5,77,29,0.18,0.05,1,0,620
5148,400,2,2,34,17,-2.1,0.05,0,1,620
5149,400,3,3,47,47,1.9,0.05,0,1,620
5150,400,4,4,79,42,1.15,0.05,0,1,620
5151,400,7,7,74,36,6.2,0.05,0,1,620
5152,400,1,1,60,19,2.9,0.05,0,1,620
5153,400,2,2,46,15,0.1,0.05,0,1,620
5154,400,2,2,53,48,3.8,0.05,0,1,620
5155,400,0,0,26,10,-3.75,0.05,0,1,620
5156,400,4,4,45,17,6.1,0.05,0,1,620
5157,400,4,4,71,23,8.95,0.05,0,1,620
5158,400,2,2,47,41,2.5,0.05,0,1,620
5159,400,6,6,59,20,10.75,0.05,0,1,620
5160,65,1,1,25,9,-3.8,0.05,1,0,620
5161,111,2,2,31,13,-4.26,0.05,1,0,620
5162,400,3,3,45,51,4.6,0.05,0,1,620
5163,400,3,3,45,17,1.2,0.05,0,1,620
5164,77,0,0,21,9,-3.67,0.05,1,0,620
5165,400,2,2,56,23,5.55,0.05,0,1,620
5166,400,5,5,89,48,5.2,0.05,0,1,620
5167,400,1,1,43,35,-0.3,0.05,0,1,620
5168,400,1,1,70,44,-1.2,0.05,0,1,620
5169,400,1,1,41,37,-5.75,0.05,0,1,620
5170,400,2,2,34,21,-2.4,0.05,0,1,620
5171,400,4,4,45,49,-4.7,0.05,0,1,620
5172,400,1,1,41,47,0.3,0.05,0,1,620
5173,400,0,0,52,17,-0.9,0.05,0,1,620
5174,400,2,2,76,46,0.9,0.05,0,1,620
5175,400,5,5,65,49,9.4,0.05,0,1,620
5176,400,1,1,41,47,0.45,0.05,0,1,620
5177,400,2,2,36,52,-13.35,0.05,0,1,620
5178,400,2,2,52,22,1.05,0.05,0,1,620
5179,400,1,1,36,27,-1.75,0.05,0,1,620
5180,400,2,2,37,52,-1.05,0.05,0,1,620
5181,400,3,3,63,25,3.0,0.05,0,1,620
5182,400,4,4,71,27,7.0,0.05,0,1,620
5183,400,6,6,107,45,2.95,0.05,0,1,620
5184,358,1,1,56,18,-2.18,0.05,1,0,620
5185,400,0,0,16,6,-5.05,0.05,0,1,620
5186,400,1,1,47,47,3.95,0.05,0,1,620
5187,400,7,7,88,34,15.8,0.05,0,1,620
5188,400,7,7,56,41,4.45,0.05,0,1,620
5189,400,1,1,40,15,1.65,0.05,0,1,620
5190,400,7,7,58,48,3.0,0.05,0,1,620
5191,400,0,0,41,48,-6.2,0.05,0,1,620
5192,400,5,5,68,41,8.35,0.05,0,1,620
5193,400,4,4,58,38,5.25,0.05,0,1,620
5194,400,1,1,45,51,0.8,0.05,0,1,620
5195,400,3,3,45,53,3.7,0.05,0,1,620
5196,400,2,2,43,52,0.75,0.05,0,1,620
5197,400,1,1,42,52,-2.35,0.05,0,1,620
5198,400,1,1,60,40,-1.6,0.05,0,1,620
5199,400,5,5,59,24,12.25,0.05,0,1,620
5200,400,1,1,34,47,-2.2,0.05,0,1,620
5201,400,4,4,62,21,10.7,0.05,0,1,620
5202,120,1,1,31,15,-8.9,0.05,1,0,620
5203,400,1,1,31,9,-1.6,0.05,0,1,620
5204,400,7,7,115,45,12.0,0.05,0,1,620
5205,400,1,1,44,17,7.3,0.05,0,1,620
5206,202,1,1,24,9,-6.02,0.05,1,0,620
5207,400,2,2,37,13,4.05,0.05,0,1,620
5208,382,9,9,118,44,21.98,0.05,0,1,620
5209,400,8,8,124,38,23.05,0.05,0,1,620
5210,400,5,5,91,32,13.3,0.05,0,1,620
5211,400,5,5,80,21,9.2,0.05,0,1,620
5212,388,9,9,115,46,16.87,0.05,0,1,620
5213,400,6,6,85,30,10.95,0.05,0,1,620
5214,108,3,3,38,15,-0.18,0.05,1,0,620
5215,400,2,2,32,12,-1.6,0.05,0,1,620
5216,400,3,3,46,19,-1.15,0.05,0,1,620
5217,400,5,5,86,32,15.3,0.05,0,1,620
5218,400,7,7,108,37,19.05,0.05,0,1,620
5219,400,3,3,76,35,4.4,0.05,0,1,620
5220,400,2,2,48,30,-2.85,0.05,0,1,620
5221,400,7,7,86,41,11.0,0.05,0,1,620
5222,400,7,7,121,43,26.45,0.05,0,1,620
5223,400,7,7,72,27,12.8,0.05,0,1,620
5224,400,1,1,53,37,3.35,0.05,0,1,620
5225,400,2,2,59,42,-5.2,0.05,0,1,620
5226,400,4,4,88,36,9.5,0.05,0,1,620
5227,400,8,8,118,42,25.3,0.05,0,1,620
5228,400,4,4,75,23,11.75,0.05,0,1,620
5229,400,9,9,127,45,31.0,0.05,0,1,620
5230,400,3,3,75,33,8.05,0.05,0,1,620
5231,400,4,4,95,35,10.7,0.05,0,1,620
5232,329,1,1,62,24,-0.59,0.05,1,0,620
5233,400,5,5,91,32,16.65,0.05,0,1,620
5234,400,8,8,87,36,13.6,0.05,0,1,620
5235,400,1,1,58,19,5.15,0.05,0,1,620
5236,400,8,8,83,31,9.75,0.05,0,1,620
5237,400,6,6,84,28,16.05,0.05,0,1,620
5238,400,8,8,109,36,25.95,0.05,0,1,620
5239,400,6,6,118,38,22.05,0.05,0,1,620
5240,352,8,9,120,43,21.93,0.05,0,1,620
5241,400,7,7,96,32,13.75,0.05,0,1,620
5242,400,3,3,59,19,7.05,0.05,0,1,620
5243,400,8,8,119,41,26.85,0.05,0,1,620
5244,400,6,6,84,35,9.35,0.05,0,1,620
5245,400,9,9,112,34,23.1,0.05,0,1,620
5246,400,8,8,97,34,14.75,0.05,0,1,620
5247,400,1,1,59,21,-2.35,0.05,0,1,620
5248,400,6,6,86,47,4.75,0.05,0,1,620
5249,400,7,7,86,33,9.75,0.05,0,1,620
5250,400,4,4,71,37,6.9,0.05,0,1,620
5251,400,6,6,99,42,8.45,0.05,0,1,620
5252,400,2,2,55,28,2.75,0.05,0,1,620
5253,400,4,4,58,23,3.4,0.05,0,1,620
5254,400,5,5,110,38,14.55,0.05,0,1,620
5255,400,4,4,109,37,7.3,0.05,0,1,620
5256,400,8,8,106,34,18.2,0.05,0,1,620
5257,400,3,3,57,17,6.1,0.05,0,1,620
5258,400,5,5,115,40,21.35,0.05,0,1,620
5259,400,5,5,88,31,13.55,0.05,0,1,620
5260,257,1,2,36,12,-1.47,0.05,1,0,620
5261,400,5,5,77,28,12.45,0.05,0,1,620
5262,400,7,7,103,35,15.2,0.05,0,1,620
5263,400,6,6,69,26,9.45,0.05,0,1,620
5264,400,2,2,52,18,0.85,0.05,0,1,620
5265,204,4,4,53,22,-1.74,0.05,1,0,620
5266,400,0,0,11,3,-3.1,0.05,0,1,620
5267,400,8,8,120,42,29.3,0.05,0,1,620
5268,400,8,8,121,45,21.9,0.05,0,1,620
5269,138,2,2,52,17,4.22,0.05,1,0,620
5270,400,3,3,59,17,8.05,0.05,0,1,620
5271,400,8,8,114,41,17.85,0.05,0,1,620
5272,400,2,2,56,20,6.8,0.05,0,1,620
5273,400,8,8,132,44,23.95,0.05,0,1,620
5274,400,7,7,101,32,17.85,0.05,0,1,620
5275,400,6,6,90,30,16.2,0.05,0,1,620
5276,400,2,2,55,21,7.65,0.05,0,1,620
5277,400,3,3,54,19,5.95,0.05,0,1,620
5278,400,6,6,103,34,17.8,0.05,0,1,620
5279,400,4,4,78,28,9.1,0.05,0,1,620
5280,400,7,7,96,36,12.25,0.05,0,1,620
5281,400,8,9,122,43,22.45,0.05,0,1,620
5282,400,8,8,104,37,21.4,0.05,0,1,620
5283,400,7,7,83,38,10.1,0.05,0,1,620
5284,400,2,2,58,20,6.85,0.05,0,1,620
5285,400,5,5,82,26,13.5,0.05,0,1,620
5286,400,4,4,102,41,13.6,0.05,0,1,620
5287,400,0,0,17,6,-5.3,0.05,0,1,620
5288,400,7,7,83,32,13.9,0.05,0,1,620
5289,400,8,8,103,41,12.4,0.05,0,1,620
5290,400,6,6,104,38,20.1,0.05,0,1,620
5291,400,7,7,117,45,20.65,0.05,0,1,620
5292,400,9,9,120,42,28.45,0.05,0,1,620
5293,400,8,8,110,45,26.45,0.05,0,1,620
5294,400,6,6,92,31,13.1,0.05,0,1,620
5295,400,6,6,107,40,19.9,0.05,0,1,620
5296,400,6,6,94,31,17.5,0.05,0,1,620
5297,400,5,5,75,23,14.3,0.05,0,1,620
5298,400,8,8,121,39,28.6,0.05,0,1,620
5299,400,5,5,78,42,6.65,0.05,0,1,620
5300,400,7,7,116,39,27.9,0.05,0,1,620
5301,400,6,6,101,36,11.1,0.05,0,1,620
5302,400,5,5,70,24,11.05,0.05,0,1,620
5303,400,5,5,112,42,16.3,0.05,0,1,620
5304,400,9,9,99,49,13.85,0.05,0,1,620
5305,400,9,9,123,42,24.95,0.05,0,1,620
5306,400,2,2,65,33,6.6,0.05,0,1,620
5307,400,4,4,77,27,9.05,0.05,0,1,620
5308,144,1,1,36,14,-1.69,0.05,1,0,620
5309,400,7,7,104,38,20.6,0.05,0,1,620
5310,400,8,8,101,48,9.6,0.05,0,1,620
5311,400,3,3,73,24,9.4,0.05,0,1,620
5312,400,9,9,103,39,20.3,0.05,0,1,620
5313,193,4,4,66,22,6.37,0.05,1,0,620
5314,400,1,1,53,36,1.65,0.05,0,1,620
5315,400,5,5,80,32,9.9,0.05,0,1,620
5316,400,9,9,112,40,22.4,0.05,0,1,620
5317,400,6,6,117,43,20.35,0.05,0,1,620
5318,400,6,6,111,38,21.9,0.05,0,1,620
5319,400,6,6,88,29,16.85,0.05,0,1,620
5320,400,4,4,70,25,5.95,0.05,0,1,620
5321,400,9,9,118,42,25.05,0.05,0,1,620
5322,400,8,8,101,30,25.7,0.05,0,1,620
5323,400,6,6,76,26,11.0,0.05,0,1,620
5324,400,8,8,105,38,24.75,0.05,0,1,620
5325,400,6,6,92,31,16.45,0.05,0,1,620
5326,400,3,3,89,30,15.25,0.05,0,1,620
5327,400,6,6,85,29,12.4,0.05,0,1,620
5328,400,4,4,58,26,6.2,0.05,0,1,620
5329,400,7,7,101,36,21.15,0.05,0,1,620
5330,400,9,9,123,45,25.0,0.05,0,1,620
5331,393,9,9,115,45,20.62,0.05,0,1,620
5332,400,7,7,123,46,24.45,0.05,0,1,620
5333,400,9,9,121,38,24.8,0.05,0,1,620
5334,400,7,7,84,27,12.75,0.05,0,1,620
5335,400,9,9,125,46,18.7,0.05,0,1,620
5336,400,7,7,97,36,14.05,0.05,0,1,620
5337,400,8,8,131,42,21.15,0.05,0,1,620
5338,400,5,5,97,34,18.25,0.05,0,1,620
5339,400,8,8,123,44,30.4,0.05,0,1,620
5340,379,9,9,131,44,24.11,0.05,0,1,620
5341,400,4,4,89,27,14.2,0.05,0,1,620
5342,400,8,8,121,42,27.15,0.05,0,1,620
5343,400,7,7,96,36,12.05,0.05,0,1,620
5344,400,8,8,128,42,27.55,0.05,0,1,620
5345,396,9,9,119,44,25.09,0.05,0,1,620
5346,400,8,8,127,40,28.4,0.05,0,1,620
5347,396,9,9,122,44,29.09,0.05,0,1,620
5348,400,6,6,123,41,19.6,0.05,0,1,620
5349,400,9,9,112,41,31.3,0.05,0,1,620
5350,373,9,9,116,42,27.37,0.05,0,1,620
5351,400,8,8,105,38,24.5,0.05,0,1,620
5352,106,4,4,55,14,6.99,0.05,1,0,620
5353,399,9,9,126,43,30.96,0.05,0,1,620
5354,400,6,6,110,39,17.25,0.05,0,1,620
5355,400,5,5,97,40,11.8,0.05,0,1,620
5356,400,7,7,118,40,22.4,0.05,0,1,620
5357,400,7,7,122,40,28.55,0.05,0,1,620
5358,400,8,8,117,42,23.35,0.05,0,1,620
5359,400,9,9,125,45,22.15,0.05,0,1,620
5360,392,9,9,125,46,16.43,0.05,0,1,620
5361,400,9,9,117,46,23.95,0.05,0,1,620
5362,380,8,9,124,44,26.75,0.05,0,1,620
5363,400,7,7,97,30,12.1,0.05,0,1,620
5364,400,3,3,92,26,15.2,0.05,0,1,620
5365,400,7,7,124,46,15.9,0.05,0,1,620
5366,400,6,6,102,37,12.35,0.05,0,1,620
5367,400,8,8,125,43,29.7,0.05,0,1,620
5368,400,9,9,123,43,27.95,0.05,0,1,620
5369,400,4,4,58,30,3.05,0.05,0,1,620
5370,307,8,8,107,37,11.63,0.05,1,0,620
5371,400,6,6,112,34,24.75,0.05,0,1,620
5372,400,3,3,56,29,5.6,0.05,0,1,620
5373,400,6,6,103,35,20.5,0.05,0,1,620
5374,363,8,9,125,41,27.22,0.05,0,1,620
5375,400,9,9,130,45,28.15,0.05,0,1,620
5376,337,8,9,124,41,27.98,0.05,0,1,620
5377,400,2,2,68,37,3.25,0.05,0,1,620
5378,400,6,6,83,41,20.5,0.05,0,1,620
5379,400,6,6,106,33,19.05,0.05,0,1,620
5380,400,8,9,123,40,29.5,0.05,0,1,620
5381,400,5,6,91,29,18.4,0.05,0,1,620
5382,400,6,6,101,38,19.95,0.05,0,1,620
5383,400,1,1,66,24,5.8,0.05,0,1,620
5384,400,7,7,106,37,20.9,0.05,0,1,620
5385,400,3,3,86,31,8.7,0.05,0,1,620
5386,385,9,9,116,43,28.3,0.05,0,1,620
5387,386,9,9,117,43,30.29,0.05,0,1,620
5388,400,8,8,116,42,24.95,0.05,0,1,620
5389,400,4,4,68,24,10.95,0.05,0,1,620
5390,400,9,9,112,35,19.7,0.05,0,1,620
5391,400,4,4,82,28,11.65,0.05,0,1,620
5392,400,5,5,109,34,11.2,0.05,0,1,620
5393,400,7,7,108,38,27.85,0.05,0,1,620
5394,400,2,2,57,28,2.85,0.05,0,1,620
5395,400,3,3,76,23,10.3,0.05,0,1,620
5396,400,9,9,121,44,29.65,0.05,0,1,620
5397,400,5,5,92,35,14.85,0.05,0,1,620
5398,400,9,9,103,33,21.9,0.05,0,1,620
5399,400,2,2,73,41,7.0,0.05,0,1,620
5400,379,8,9,134,45,21.21,0.05,0,1,620
5401,400,9,9,121,42,27.4,0.05,0,1,620
5402,400,8,8,109,39,28.0,0.05,0,1,620
5403,400,8,8,115,43,26.15,0.05,0,1,620
5404,400,6,6,71,41,-0.65,0.05,0,1,620
5405,400,6,6,110,40,20.3,0.05,0,1,620
5406,400,8,8,115,45,19.95,0.05,0,1,620
5407,400,9,9,119,44,27.25,0.05,0,1,620
5408,400,4,4,64,33,-2.15,0.05,0,1,620
5409,400,4,4,84,30,8.15,0.05,0,1,620
5410,400,7,7,99,35,15.4,0.05,0,1,620
5411,368,9,9,121,43,22.72,0.05,0,1,620
5412,400,6,6,82,31,13.85,0.05,0,1,620
5413,400,7,7,118,43,27.0,0.05,0,1,620
5414,400,9,9,105,39,22.7,0.05,0,1,620
5415,400,8,8,94,33,21.1,0.05,0,1,620
5416,400,7,7,102,44,15.3,0.05,0,1,620
5417,400,3,3,74,26,7.15,0.05,0,1,620
5418,386,9,9,118,42,22.59,0.05,0,1,620
5419,397,8,9,124,46,21.53,0.05,0,1,620
5420,400,8,8,84,32,16.8,0.05,0,1,620
5421,400,7,7,91,40,7.2,0.05,0,1,620
5422,397,8,9,130,45,25.48,0.05,0,1,620
5423,400,6,6,95,32,15.75,0.05,0,1,620
5424,400,6,6,91,34,18.95,0.05,0,1,620
5425,400,8,8,122,47,23.0,0.05,0,1,620
5426,400,8,8,113,47,23.3,0.05,0,1,620
5427,400,8,8,111,37,16.6,0.05,0,1,620
5428,400,8,8,113,38,14.95,0.05,0,1,620
5429,400,4,4,82,28,10.6,0.05,0,1,620
5430,400,6,6,94,29,16.45,0.05,0,1,620
5431,400,7,7,109,33,17.65,0.05,0,1,620
5432,400,7,7,81,28,14.95,0.05,0,1,620
5433,400,7,7,125,47,19.5,0.05,0,1,620
5434,400,8,8,117,44,25.15,0.05,0,1,620
5435,400,4,4,69,19,8.35,0.05,0,1,620
5436,400,7,8,109,45,19.65,0.05,0,1,620
5437,400,7,7,122,43,27.0,0.05,0,1,620
5438,400,5,5,88,41,10.6,0.05,0,1,620
5439,400,8,8,100,38,25.5,0.05,0,1,620
5440,400,3,3,83,36,2.2,0.05,0,1,620
5441,5,0,0,2,1,-5.95,0.05,1,0,620
5442,400,5,5,98,31,14.45,0.05,0,1,620
5443,400,9,9,118,45,25.65,0.05,0,1,620
5444,400,5,5,95,27,16.05,0.05,0,1,620
5445,400,6,6,77,34,14.4,0.05,0,1,620
5446,400,4,4,55,27,2.9,0.05,0,1,620
5447,400,8,8,105,39,16.2,0.05,0,1,620
5448,400,9,9,119,45,23.5,0.05,0,1,620
5449,400,6,6,123,43,15.3,0.05,0,1,620
5450,400,5,5,91,37,9.8,0.05,0,1,620
5451,8,0,0,4,1,-5.03,0.05,1,0,620
5452,400,8,8,112,37,25.1,0.05,0,1,620
5453,400,4,4,49,21,5.9,0.05,0,1,620
5454,400,8,8,106,34,22.7,0.05,0,1,620
5455,400,8,8,99,32,23.0,0.05,0,1,620
5456,400,7,7,101,39,16.55,0.05,0,1,620
5457,400,8,8,118,38,21.7,0.05,0,1,620
5458,252,6,6,70,29,5.33,0.05,1,0,620
5459,400,6,6,105,43,19.2,0.05,0,1,620
5460,400,4,4,58,17,9.5,0.05,0,1,620
5461,400,1,1,68,39,-1.7,0.05,0,1,620
5462,400,5,5,90,25,12.7,0.05,0,1,620
5463,400,9,9,117,44,26.7,0.05,0,1,620
5464,400,6,6,76,27,11.9,0.05,0,1,620
5465,400,7,7,94,36,14.95,0.05,0,1,620
5466,227,0,0,38,12,-5.92,0.05,1,0,620
5467,400,7,7,105,44,23.35,0.05,0,1,620
5468,400,4,4,101,35,18.0,0.05,0,1,620
5469,400,6,6,78,31,15.7,0.05,0,1,620
5470,400,7,7,104,42,20.75,0.05,0,1,620
5471,400,4,4,74,27,9.3,0.05,0,1,620
5472,400,5,5,116,42,21.0,0.05,0,1,620
5473,353,9,9,122,41,22.22,0.05,0,1,620
5474,400,0,0,0,0,-4.9,0.05,0,1,620
5475,400,8,8,130,45,28.8,0.05,0,1,620
5476,370,8,9,122,39,29.55,0.05,0,1,620
5477,356,9,9,115,43,15.74,0.05,0,1,620
5478,400,9,9,123,44,29.9,0.05,0,1,620
5479,400,4,4,100,38,13.8,0.05,0,1,620
5480,400,9,9,118,38,24.9,0.05,0,1,620
5481,400,6,6,109,38,17.6,0.05,0,1,620
5482,400,8,8,122,42,27.85,0.05,0,1,620
5483,400,7,7,104,35,16.5,0.05,0,1,620
5484,369,9,9,126,41,31.41,0.05,0,1,620
5485,400,6,6,99,42,12.95,0.05,0,1,620
5486,400,8,8,124,46,25.6,0.05,0,1,620
5487,400,4,4,106,33,25.0,0.05,0,1,620
5488,387,9,9,136,42,31.23,0.05,0,1,620
5489,400,8,8,97,39,20.9,0.05,0,1,620
5490,400,7,7,117,42,15.85,0.05,0,1,620
5491,400,7,7,110,41,18.85,0.05,0,1,620
5492,400,5,5,101,35,18.9,0.05,0,1,620
5493,400,6,6,89,32,18.15,0.05,0,1,620
5494,390,9,9,116,43,23.1,0.05,0,1,620
5495,400,5,5,63,24,8.5,0.05,0,1,620
5496,400,9,9,121,43,24.25,0.05,0,1,620
5497,386,9,9,122,41,30.59,0.05,0,1,620
5498,400,8,8,116,42,24.55,0.05,0,1,620
5499,400,4,4,78,34,3.4,0.05,0,1,620
5500,400,5,5,96,35,18.65,0.05,0,1,620
5501,376,9,9,114,41,26.74,0.05,0,1,620
5502,380,9,9,120,42,28.1,0.05,0,1,620
5503,400,8,8,118,39,29.25,0.05,0,1,620
5504,109,2,2,38,11,0.31,0.05,1,0,620
5505,366,8,9,119,42,23.49,0.05,0,1,620
5506,400,2,2,38,17,0.05,0.05,0,1,620
5507,400,4,4,92,38,11.85,0.05,0,1,620
5508,13,0,0,5,2,-5.68,0.05,1,0,620
5509,400,6,6,83,32,11.4,0.05,0,1,620
5510,400,2,2,91,30,12.45,0.05,0,1,620
5511,400,0,0,16,5,-4.75,0.05,0,1,620
5512,400,8,8,126,45,24.6,0.05,0,1,620
5513,400,5,5,86,34,8.55,0.05,0,1,620
5514,400,6,6,64,22,4.45,0.05,0,1,620
5515,400,6,6,99,37,16.9,0.05,0,1,620
5516,400,7,7,96,33,15.45,0.05,0,1,620
5517,398,9,9,125,43,25.07,0.05,0,1,620
5518,400,8,8,122,42,21.6,0.05,0,1,620
5519,400,8,8,103,39,14.4,0.05,0,1,620
5520,366,9,9,117,40,26.24,0.05,0,1,620
5521,400,5,5,80,27,12.5,0.05,0,1,620
5522,208,3,3,82,26,10.62,0.05,1,0,620
5523,382,9,9,132,43,34.08,0.05,0,1,620
5524,370,9,9,118,41,26.45,0.05,0,1,620
5525,400,7,7,91,39,10.0,0.05,0,1,620
5526,400,7,7,91,44,19.55,0.05,0,1,620
5527,400,8,8,115,44,20.25,0.05,0,1,620
5528,400,5,5,54,19,3.2,0.05,0,1,620
5529,400,9,9,123,42,28.3,0.05,0,1,620
5530,400,5,5,69,26,9.9,0.05,0,1,620
5531,346,8,9,122,38,27.09,0.05,0,1,620
5532,400,4,4,100,37,15.4,0.05,0,1,620
5533,400,3,3,92,49,-4.55,0.05,0,1,620
5534,400,9,9,118,43,21.15,0.05,0,1,620
5535,127,2,2,65,17,5.18,0.05,1,0,620
5536,400,6,6,111,38,18.95,0.05,0,1,620
5537,400,5,5,94,33,11.4,0.05,0,1,620
5538,400,7,7,110,34,18.8,0.05,0,1,620
5539,400,9,9,109,38,20.65,0.05,0,1,620
5540,363,9,9,120,41,28.27,0.05,0,1,620
5541,400,8,8,94,40,14.3,0.05,0,1,620
5542,400,9,9,118,44,23.35,0.05,0,1,620
5543,400,8,8,116,43,25.85,0.05,0,1,620
5544,400,5,5,78,27,12.15,0.05,0,1,620
5545,397,9,9,115,42,24.28,0.05,0,1,620
5546,400,2,2,60,16,4.0,0.05,0,1,620
5547,400,5,5,93,31,13.5,0.05,0,1,620
5548,400,6,6,101,36,12.45,0.05,0,1,620
5549,400,6,6,110,47,11.0,0.05,0,1,620
5550,400,5,5,103,32,17.2,0.05,0,1,620
5551,400,7,7,94,34,11.05,0.05,0,1,620
5552,400,7,7,90,29,15.75,0.05,0,1,620
5553,400,7,7,95,44,16.4,0.05,0,1,620
5554,400,1,1,70,25,4.2,0.05,0,1,620
5555,400,7,7,113,39,25.25,0.05,0,1,620
5556,400,6,6,117,43,23.5,0.05,0,1,620
5557,400,8,8,118,40,26.15,0.05,0,1,620
5558,400,5,5,98,33,17.15,0.05,0,1,620
5559,400,4,4,82,29,8.7,0.05,0,1,620
5560,400,7,7,99,33,24.15,0.05,0,1,620
5561,400,7,7,115,35,20.4,0.05,0,1,620
5562,400,8,8,122,43,12.05,0.05,0,1,620
5563,400,9,9,120,44,25.4,0.05,0,1,620
5564,400,2,2,47,22,-0.9,0.05,0,1,620
5565,400,5,5,105,40,21.6,0.05,0,1,620
5566,400,7,7,118,45,23.6,0.05,0,1,620
5567,400,6,6,91,33,16.5,0.05,0,1,620
5568,400,7,7,100,35,18.0,0.05,0,1,620
5569,400,5,5,113,37,21.0,0.05,0,1,620
5570,400,9,9,106,43,19.35,0.05,0,1,620
5571,400,6,6,118,40,24.5,0.05,0,1,620
5572,400,7,7,115,42,24.0,0.05,0,1,620
5573,400,5,5,87,32,15.9,0.05,0,1,620
5574,400,4,4,105,36,13.5,0.05,0,1,620
5575,400,5,5,78,26,13.6,0.05,0,1,620
5576,400,9,9,112,39,19.65,0.05,0,1,620
5577,400,3,3,76,26,10.4,0.05,0,1,620
5578,377,9,9,117,41,28.48,0.05,0,1,620
5579,400,8,8,116,46,22.75,0.05,0,1,620
5580,400,7,7,113,47,30.5,0.05,0,1,620
5581,400,3,3,51,48,3.25,0.05,0,1,620
5582,400,4,4,56,30,2.85,0.05,0,1,620
5583,400,4,4,84,46,12.3,0.05,0,1,620
5584,400,1,1,38,47,-2.35,0.05,0,1,620
5585,400,1,1,78,31,5.45,0.05,0,1,620
5586,400,8,8,108,43,17.15,0.05,0,1,620
5587,400,3,3,43,39,-0.25,0.05,0,1,620
5588,400,4,4,86,34,15.0,0.05,0,1,620
5589,400,2,2,43,42,0.8,0.05,0,1,620
5590,400,3,3,92,43,12.8,0.05,0,1,620
5591,400,7,7,108,36,15.9,0.05,0,1,620
5592,400,2,2,42,47,-0.1,0.05,0,1,620
5593,400,2,2,43,42,-4.85,0.05,0,1,620
5594,400,5,5,69,39,6.75,0.05,0,1,620
5595,400,2,2,36,46,0.45,0.05,0,1,620
5596,400,0,0,26,46,-7.5,0.05,0,1,620
5597,400,5,5,77,47,12.55,0.05,0,1,620
5598,400,3,3,47,45,6.2,0.05,0,1,620
5599,204,2,2,50,26,1.46,0.05,1,0,620
5600,400,8,8,88,49,6.35,0.05,0,1,620
5601,400,5,5,106,45,11.05,0.05,0,1,620
5602,400,5,5,76,29,11.7,0.05,0,1,620
5603,400,3,3,47,46,2.25,0.05,0,1,620
5604,400,3,3,39,38,1.6,0.05,0,1,620
5605,400,6,6,68,42,9.55,0.05,0,1,620
5606,400,2,2,39,47,-5.75,0.05,0,1,620
5607,400,3,3,38,12,4.05,0.05,0,1,620
5608,400,7,7,105,41,10.35,0.05,0,1,620
5609,400,4,4,54,47,5.95,0.05,0,1,620
5610,400,5,5,90,42,10.75,0.05,0,1,620
5611,400,3,3,49,47,6.7,0.05,0,1,620
5612,400,7,7,96,38,12.85,0.05,0,1,620
5613,400,5,5,94,28,13.25,0.05,0,1,620
5614,400,6,6,81,44,9.85,0.05,0,1,620
5615,400,5,5,92,44,4.2,0.05,0,1,620
5616,400,8,8,88,39,16.6,0.05,0,1,620
5617,400,3,3,46,40,4.3,0.05,0,1,620
5618,400,3,3,46,49,-2.25,0.05,0,1,620
5619,400,0,0,78,26,6.7,0.05,0,1,620
5620,400,3,3,35,17,-0.1,0.05,0,1,620
5621,400,6,6,76,29,12.45,0.05,0,1,620
5622,400,7,7,102,36,21.0,0.05,0,1,620
5623,400,8,8,109,42,23.95,0.05,0,1,620
5624,400,7,7,117,41,24.6,0.05,0,1,620
5625,400,6,6,109,41,15.4,0.05,0,1,620
5626,400,6,6,92,38,11.8,0.05,0,1,620
5627,400,6,6,77,36,8.3,0.05,0,1,620
5628,400,5,5,82,35,13.1,0.05,0,1,620
5629,400,7,7,103,37,19.5,0.05,0,1,620
5630,400,5,5,86,26,13.75,0.05,0,1,620
5631,400,6,6,112,38,17.55,0.05,0,1,620
5632,400,9,9,108,40,20.3,0.05,0,1,620
5633,160,3,3,54,20,1.6,0.05,1,0,620
5634,400,8,8,126,43,29.9,0.05,0,1,620
5635,384,8,9,127,43,27.56,0.05,0,1,620
5636,364,9,9,125,40,26.56,0.05,0,1,620
5637,400,3,3,107,43,18.5,0.05,0,1,620
5638,400,7,7,120,38,26.5,0.05,0,1,620
5639,400,8,8,129,43,31.45,0.05,0,1,620
5640,400,8,8,107,39,22.4,0.05,0,1,620
5641,400,8,8,110,44,19.0,0.05,0,1,620
5642,400,6,6,99,39,13.55,0.05,0,1,620
5643,400,6,6,120,44,22.65,0.05,0,1,620
5644,400,1,1,40,11,0.7,0.05,0,1,620
5645,400,5,5,83,31,11.1,0.05,0,1,620
5646,400,6,6,74,34,13.4,0.05,0,1,620
5647,400,8,8,112,38,19.45,0.05,0,1,620
5648,400,8,8,95,31,17.05,0.05,0,1,620
5649,400,6,6,68,27,10.6,0.05,0,1,620
5650,400,2,2,62,19,3.85,0.05,0,1,620
5651,28,0,0,15,4,-4.13,0.05,1,0,620
5652,400,4,4,104,41,13.2,0.05,0,1,620
5653,400,7,7,99,33,16.2,0.05,0,1,620
5654,114,3,3,50,14,3.31,0.05,1,0,620
5655,400,3,3,51,16,6.9,0.05,0,1,620
5656,354,9,9,126,39,33.06,0.05,0,1,620
5657,400,3,3,51,17,3.65,0.05,0,1,620
5658,400,7,7,122,47,17.8,0.05,0,1,620
5659,214,5,5,79,26,12.21,0.05,1,0,620
5660,400,7,7,77,34,16.15,0.05,0,1,620
5661,400,9,9,121,44,22.35,0.05,0,1,620
5662,400,5,5,80,31,12.75,0.05,0,1,620
5663,393,8,9,124,43,32.87,0.05,0,1,620
5664,400,6,6,65,24,11.6,0.05,0,1,620
5665,400,6,6,103,38,21.15,0.05,0,1,620
5666,370,9,9,123,40,27.35,0.05,0,1,620
5667,400,8,8,101,35,15.05,0.05,0,1,620
5668,400,5,5,92,34,13.5,0.05,0,1,620
5669,399,6,6,85,29,7.41,0.05,1,0,620
5670,400,2,2,30,8,5.85,0.05,0,1,620
5671,400,5,5,112,35,21.85,0.05,0,1,620
5672,400,3,3,91,32,7.35,0.05,0,1,620
5673,400,5,5,87,29,13.25,0.05,0,1,620
5674,400,7,7,102,32,24.15,0.05,0,1,620
5675,400,9,9,117,45,24.35,0.05,0,1,620
5676,400,6,6,102,37,17.25,0.05,0,1,620
5677,400,5,5,67,20,11.2,0.05,0,1,620
5678,387,8,9,128,45,29.33,0.05,0,1,620
5679,400,3,3,45,14,7.0,0.05,0,1,620
5680,400,9,9,128,45,25.25,0.05,0,1,620
5681,400,4,4,80,28,8.1,0.05,0,1,620
5682,400,6,6,128,45,24.25,0.05,0,1,620
5683,400,6,6,82,27,13.0,0.05,0,1,620
5684,400,9,9,114,43,23.55,0.05,0,1,620
5685,380,8,9,119,43,28.35,0.05,0,1,620
5686,400,6,6,91,31,21.3,0.05,0,1,620
5687,400,8,8,123,48,17.95,0.05,0,1,620
5688,400,8,8,130,47,24.7,0.05,0,1,620
5689,400,8,8,102,47,12.25,0.05,0,1,620
5690,400,5,5,93,34,20.7,0.05,0,1,620
5691,400,6,6,99,46,10.55,0.05,0,1,620
5692,400,7,7,92,30,22.85,0.05,0,1,620
5693,396,8,9,125,46,18.14,0.05,0,1,620
5694,400,9,9,121,46,21.1,0.05,0,1,620
5695,400,5,5,92,48,-1.05,0.05,0,1,620
5696,400,9,9,118,46,24.55,0.05,0,1,620
5697,400,9,9,119,44,23.15,0.05,0,1,620
5698,386,9,9,126,42,33.94,0.05,0,1,620
5699,400,6,6,101,33,13.2,0.05,0,1,620
5700,400,8,8,117,46,21.75,0.05,0,1,620
5701,400,1,1,59,15,1.8,0.05,0,1,620
5702,400,9,9,118,43,27.95,0.05,0,1,620
5703,400,9,9,117,38,23.55,0.05,0,1,620
5704,400,8,8,105,43,24.7,0.05,0,1,620
5705,400,8,8,130,44,19.65,0.05,0,1,620
5706,400,7,7,123,46,23.9,0.05,0,1,620
5707,400,5,5,96,31,15.35,0.05,0,1,620
5708,80,2,2,25,11,-4.35,0.05,1,0,620
5709,400,9,9,122,45,23.0,0.05,0,1,620
5710,400,8,8,122,47,24.3,0.05,0,1,620
5711,400,5,5,72,22,12.25,0.05,0,1,620
5712,400,7,7,104,32,19.5,0.05,0,1,620
5713,400,8,8,106,34,22.6,0.05,0,1,620
5714,400,4,4,91,30,12.5,0.05,0,1,620
5715,400,1,1,59,27,0.05,0.05,0,1,620
5716,357,9,9,121,40,29.68,0.05,0,1,620
5717,400,2,2,53,16,7.65,0.05,0,1,620
5718,358,9,9,123,39,31.17,0.05,0,1,620
5719,400,6,6,86,28,16.35,0.05,0,1,620
5720,400,8,8,90,32,20.0,0.05,0,1,620
5721,400,5,5,93,34,10.95,0.05,0,1,620
5722,400,2,2,87,29,7.8,0.05,0,1,620
5723,203,6,6,76,24,11.17,0.05,1,0,620
5724,400,0,0,34,13,0.6,0.05,0,1,620
5725,400,6,6,107,40,19.15,0.05,0,1,620
5726,400,6,6,104,37,16.1,0.05,0,1,620
5727,400,5,5,121,46,19.75,0.05,0,1,620
5728,400,9,9,118,45,25.6,0.05,0,1,620
5729,400,4,4,68,22,12.25,0.05,0,1,620
5730,345,8,9,121,38,32.0,0.05,0,1,620
5731,400,8,8,112,36,26.7,0.05,0,1,620
5732,400,5,5,98,34,18.9,0.05,0,1,620
5733,377,8,9,118,42,26.83,0.05,0,1,620
5734,400,6,6,108,38,16.95,0.05,0,1,620
5735,400,7,7,70,25,12.15,0.05,0,1,620
5736,400,6,6,92,33,18.35,0.05,0,1,620
5737,51,0,0,23,7,-5.21,0.05,1,0,620
5738,400,7,7,106,49,9.05,0.05,0,1,620
5739,400,8,8,109,45,15.65,0.05,0,1,620
5740,400,5,5,102,48,13.65,0.05,0,1,620
5741,400,7,7,104,45,18.4,0.05,0,1,620
5742,400,8,8,115,46,26.25,0.05,0,1,620
5743,88,1,1,30,12,-5.08,0.05,1,0,620
5744,381,9,9,129,43,27.74,0.05,0,1,620
5745,400,7,7,103,45,20.3,0.05,0,1,620
5746,306,4,4,77,35,4.94,0.05,1,0,620
5747,400,7,7,114,47,24.65,0.05,0,1,620
5748,400,8,8,110,44,25.6,0.05,0,1,620
5749,400,6,6,101,47,12.65,0.05,0,1,620
5750,400,8,8,108,46,18.75,0.05,0,1,620
5751,400,7,7,100,46,13.95,0.05,0,1,620
5752,400,9,9,122,45,28.15,0.05,0,1,620
5753,400,8,8,117,48,22.1,0.05,0,1,620
5754,400,7,7,115,46,26.5,0.05,0,1,620
5755,400,8,8,104,47,18.65,0.05,0,1,620
5756,400,7,7,115,47,16.75,0.05,0,1,620
5757,400,5,5,68,30,6.05,0.05,0,1,620
5758,400,7,7,108,46,14.75,0.05,0,1,620
5759,400,6,6,108,46,15.0,0.05,0,1,620
5760,400,9,9,125,46,24.8,0.05,0,1,620
5761,380,8,9,133,42,32.7,0.05,0,1,620
5762,400,7,7,108,47,16.8,0.05,0,1,620
5763,400,5,5,95,48,6.9,0.05,0,1,620
5764,387,8,9,126,44,23.98,0.05,0,1,620
5765,400,9,9,122,45,24.55,0.05,0,1,620
5766,400,4,4,93,45,8.35,0.05,0,1,620
5767,400,6,6,82,34,13.2,0.05,0,1,620
5768,400,7,7,108,46,19.9,0.05,0,1,620
5769,400,9,9,104,47,18.6,0.05,0,1,620
5770,221,5,5,81,28,8.04,0.05,1,0,620
5771,400,7,7,103,48,15.05,0.05,0,1,620
5772,400,9,9,125,45,23.1,0.05,0,1,620
5773,400,8,8,105,46,15.9,0.05,0,1,620
5774,400,7,7,102,49,9.5,0.05,0,1,620
5775,400,8,8,122,46,24.35,0.05,0,1,620
5776,400,8,8,107,46,18.35,0.05,0,1,620
5777,400,6,6,87,37,9.35,0.05,0,1,620
5778,400,1,1,44,16,1.65,0.05,0,1,620
5779,400,9,9,104,46,11.85,0.05,0,1,620
5780,378,9,9,123,43,30.67,0.05,0,1,621
5781,400,9,9,121,48,20.7,0.05,0,1,621
5782,400,5,5,53,20,6.0,0.05,0,1,621
5783,400,7,7,123,46,23.3,0.05,0,1,621
5784,400,8,8,101,46,13.65,0.05,0,1,621
5785,400,8,8,109,44,16.75,0.05,0,1,621
5786,400,9,9,119,44,21.0,0.05,0,1,621
5787,400,5,5,97,47,11.9,0.05,0,1,621
5788,400,7,7,118,49,16.9,0.05,0,1,621
5789,400,9,9,125,47,22.2,0.05,0,1,621
5790,400,3,3,40,16,2.8,0.05,0,1,621
5791,400,1,1,47,18,2.45,0.05,0,1,621
5792,400,7,7,117,46,23.25,0.05,0,1,621
5793,400,7,7,103,47,12.0,0.05,0,1,621
5794,400,8,8,118,47,17.45,0.05,0,1,621
5795,265,4,4,88,32,8.6,0.05,1,0,621
5796,22,1,1,9,3,-5.07,0.05,1,0,621
5797,400,9,9,124,48,22.9,0.05,0,1,621
5798,400,9,9,117,45,25.8,0.05,0,1,621
5799,367,9,9,125,39,32.78,0.05,0,1,621
5800,400,8,8,118,47,19.85,0.05,0,1,621
5801,400,2,2,50,17,2.55,0.05,0,1,621
5802,400,9,9,112,46,21.3,0.05,0,1,621
5803,390,9,9,130,43,26.35,0.05,0,1,621
5804,400,8,8,118,48,23.15,0.05,0,1,621
5805,364,9,9,129,40,33.21,0.05,0,1,621
5806,400,8,8,114,46,18.85,0.05,0,1,621
5807,393,7,7,90,45,5.57,0.05,1,0,621
5808,400,9,9,113,40,21.55,0.05,0,1,621
5809,400,8,8,103,40,27.1,0.05,0,1,621
5810,400,8,8,111,46,18.65,0.05,0,1,621
5811,400,7,7,127,46,25.9,0.05,0,1,621
5812,400,7,7,103,47,16.5,0.05,0,1,621
5813,400,8,8,109,47,13.2,0.05,0,1,621
5814,400,7,7,105,36,16.85,0.05,0,1,621
5815,396,9,9,123,47,17.34,0.05,0,1,621
5816,400,9,9,122,46,22.7,0.05,0,1,621
5817,400,9,9,117,45,25.9,0.05,0,1,621
5818,400,7,7,110,45,21.25,0.05,0,1,621
5819,387,8,9,127,43,27.73,0.05,0,1,621
5820,400,8,8,117,48,25.3,0.05,0,1,621
5821,400,6,6,105,46,19.5,0.05,0,1,621
5822,374,9,9,124,41,32.71,0.05,0,1,621
5823,55,1,1,29,8,-2.0,0.05,1,0,621
5824,162,1,1,64,19,7.68,0.05,1,0,621
5825,400,7,7,119,49,11.9,0.05,0,1,621
5826,400,7,7,122,46,15.2,0.05,0,1,621
5827,400,8,8,104,44,22.75,0.05,0,1,621
5828,400,6,6,113,49,13.7,0.05,0,1,621
5829,400,9,9,108,46,19.85,0.05,0,1,621
5830,380,8,9,121,44,25.75,0.05,0,1,621
5831,400,9,9,117,50,12.5,0.05,0,1,621
5832,400,6,6,113,46,13.0,0.05,0,1,621
5833,400,9,9,107,43,22.9,0.05,0,1,621
5834,400,8,8,111,44,22.95,0.05,0,1,621
5835,400,5,5,110,48,8.75,0.05,0,1,621
5836,400,9,9,123,46,19.65,0.05,0,1,621
5837,400,7,8,109,46,17.0,0.05,0,1,621
5838,400,9,9,106,46,21.9,0.05,0,1,621
5839,400,9,9,104,46,18.8,0.05,0,1,621
5840,390,9,9,120,44,24.85,0.05,0,1,621
5841,400,5,5,108,34,19.1,0.05,0,1,621
5842,400,7,7,129,47,21.45,0.05,0,1,621
5843,400,7,7,112,45,21.2,0.05,0,1,621
5844,400,9,9,106,45,16.75,0.05,0,1,621
5845,400,8,8,121,44,24.55,0.05,0,1,621
5846,400,7,7,117,47,19.95,0.05,0,1,621
5847,383,9,9,115,42,27.72,0.05,0,1,621
5848,383,9,9,122,43,23.77,0.05,0,1,621
5849,400,9,9,110,46,24.0,0.05,0,1,621
5850,400,7,7,104,46,16.3,0.05,0,1,621
5851,400,8,8,104,45,15.1,0.05,0,1,621
5852,399,8,9,125,44,26.46,0.05,0,1,621
5853,400,6,6,114,47,14.65,0.05,0,1,621
5854,400,7,7,97,47,9.7,0.05,0,1,621
5855,400,7,7,113,46,20.7,0.05,0,1,621
5856,42,0,0,11,6,-6.92,0.05,1,0,621
5857,400,8,8,118,44,13.15,0.05,0,1,621
5858,400,9,9,131,44,32.2,0.05,0,1,621
5859,400,9,9,115,45,21.75,0.05,0,1,621
5860,400,4,4,107,46,9.75,0.05,0,1,621
5861,391,9,9,117,43,26.29,0.05,0,1,621
5862,400,7,7,113,48,13.3,0.05,0,1,621
5863,400,7,7,99,45,14.35,0.05,0,1,621
5864,400,8,8,126,47,21.0,0.05,0,1,621
5865,382,9,9,126,45,19.58,0.05,0,1,621
5866,400,6,6,108,46,13.4,0.05,0,1,621
5867,400,9,9,118,43,23.3,0.05,0,1,621
5868,365,8,9,130,40,34.15,0.05,0,1,621
5869,400,3,3,95,37,8.7,0.05,0,1,621
5870,400,6,6,115,47,16.35,0.05,0,1,621
5871,400,7,7,99,39,14.45,0.05,0,1,621
5872,400,3,3,69,21,5.7,0.05,0,1,621
5873,400,5,5,82,23,15.0,0.05,0,1,621
5874,400,2,2,45,13,3.5,0.05,0,1,621
5875,160,4,4,62,21,6.95,0.05,1,0,621
5876,400,8,8,87,31,18.85,0.05,0,1,621
5877,400,6,6,81,25,12.3,0.05,0,1,621
5878,400,6,6,74,22,11.25,0.05,0,1,621
5879,400,5,5,82,29,16.3,0.05,0,1,621
5880,400,9,9,117,48,19.6,0.05,0,1,621
5881,400,8,8,124,44,29.3,0.05,0,1,621
5882,400,5,5,105,39,14.9,0.05,0,1,621
5883,367,9,9,116,41,29.33,0.05,0,1,621
5884,400,2,2,58,17,7.1,0.05,0,1,621
5885,400,5,5,81,33,11.45,0.05,0,1,621
5886,82,2,2,36,11,1.43,0.05,1,0,621
5887,400,8,8,104,47,14.2,0.05,0,1,621
5888,400,4,4,102,47,10.5,0.05,0,1,621
5889,400,9,9,119,44,25.45,0.05,0,1,621
5890,400,9,9,113,45,13.7,0.05,0,1,621
5891,400,8,8,115,47,23.1,0.05,0,1,621
5892,400,6,6,100,39,18.55,0.05,0,1,621
5893,400,7,7,111,47,21.3,0.05,0,1,621
5894,400,9,9,126,46,27.7,0.05,0,1,621
5895,400,8,8,101,38,17.65,0.05,0,1,621
5896,287,9,9,110,34,16.03,0.05,1,0,621
5897,400,2,2,45,19,2.95,0.05,0,1,621
5898,400,8,9,115,46,20.5,0.05,0,1,621
5899,400,7,7,111,46,13.9,0.05,0,1,621
5900,396,9,9,132,45,32.99,0.05,0,1,621
5901,400,7,7,123,44,25.9,0.05,0,1,621
5902,375,9,9,119,42,21.85,0.05,0,1,621
5903,396,9,9,127,42,31.34,0.05,0,1,621
5904,400,9,9,114,45,26.4,0.05,0,1,621
5905,392,9,9,119,44,26.78,0.05,0,1,621
5906,400,9,9,123,49,20.0,0.05,0,1,621
5907,400,8,8,112,46,20.55,0.05,0,1,621
5908,400,8,8,104,47,14.2,0.05,0,1,621
5909,400,9,9,115,43,22.55,0.05,0,1,621
5910,400,8,8,105,48,14.5,0.05,0,1,621
5911,400,7,7,119,45,26.55,0.05,0,1,621
5912,400,8,8,119,48,17.85,0.05,0,1,621
5913,400,4,4,110,33,12.15,0.05,0,1,621
5914,378,9,9,123,43,27.02,0.05,0,1,621
5915,400,8,8,114,45,19.1,0.05,0,1,621
5916,400,9,9,97,46,16.85,0.05,0,1,621
5917,66,0,0,27,9,-2.66,0.05,1,0,621
5918,93,3,3,33,11,2.62,0.05,1,0,621
5919,400,6,6,114,47,18.75,0.05,0,1,621
5920,400,7,7,95,37,17.55,0.05,0,1,621
5921,400,8,8,123,48,18.8,0.05,0,1,621
5922,400,1,1,32,12,-0.15,0.05,0,1,621
5923,400,4,4,113,45,18.6,0.05,0,1,621
5924,400,6,6,67,32,5.4,0.05,0,1,621
5925,400,9,9,114,46,16.15,0.05,0,1,621
5926,400,6,6,114,50,15.25,0.05,0,1,621
5927,400,7,7,112,45,22.95,0.05,0,1,621
5928,400,8,8,127,45,22.85,0.05,0,1,621
5929,400,9,9,117,44,22.75,0.05,0,1,621
5930,400,8,8,112,45,18.95,0.05,0,1,621
5931,362,9,9,125,41,30.68,0.05,0,1,621
5932,400,6,6,113,46,15.45,0.05,0,1,621
5933,356,8,9,131,41,30.84,0.05,0,1,621
5934,399,9,9,115,43,23.41,0.05,0,1,621
5935,400,7,7,127,46,22.75,0.05,0,1,621
5936,400,9,9,117,45,22.1,0.05,0,1,621
5937,400,8,8,124,39,27.4,0.05,0,1,621
5938,400,8,8,104,46,14.9,0.05,0,1,621
5939,400,6,6,89,46,7.3,0.05,0,1,621
5940,400,9,9,115,48,20.95,0.05,0,1,621
5941,389,9,9,117,45,20.61,0.05,0,1,621
5942,162,3,3,52,21,-0.42,0.05,1,0,621
5943,400,8,8,126,45,29.15,0.05,0,1,621
5944,259,5,5,93,31,12.66,0.05,1,0,621
5945,400,8,8,114,46,16.2,0.05,0,1,621
5946,400,9,9,107,46,21.1,0.05,0,1,621
5947,400,5,5,96,46,14.2,0.05,0,1,621
5948,400,7,7,109,46,17.2,0.05,0,1,621
5949,400,7,7,77,42,16.3,0.05,0,1,621
5950,400,9,9,112,46,25.0,0.05,0,1,621
5951,400,9,9,116,47,19.3,0.05,0,1,621
5952,400,7,7,109,40,19.6,0.05,0,1,621
5953,400,3,3,54,25,3.85,0.05,0,1,621
5954,400,1,1,31,11,1.55,0.05,0,1,621
5955,400,7,7,93,46,12.85,0.05,0,1,621
5956,400,8,8,113,46,16.7,0.05,0,1,621
5957,400,7,7,101,47,18.5,0.05,0,1,621
5958,400,6,6,107,47,10.05,0.05,0,1,621
5959,400,7,7,112,48,9.8,0.05,0,1,621
5960,400,2,2,43,18,0.4,0.05,0,1,621
5961,400,8,8,108,45,17.65,0.05,0,1,621
5962,400,5,5,96,48,10.5,0.05,0,1,621
5963,400,6,6,105,44,12.8,0.05,0,1,621
5964,400,8,8,105,47,15.15,0.05,0,1,621
5965,400,8,8,93,45,10.25,0.05,0,1,621
5966,400,7,7,114,38,27.5,0.05,0,1,621
5967,400,7,7,110,46,19.05,0.05,0,1,621
5968,400,9,9,117,42,26.3,0.05,0,1,621
5969,400,6,6,102,38,16.65,0.05,0,1,621
5970,400,7,8,102,46,12.75,0.05,0,1,621
5971,400,1,1,47,21,-0.55,0.05,0,1,621
5972,400,8,8,120,47,18.15,0.05,0,1,621
5973,400,4,4,88,42,3.8,0.05,0,1,621
5974,400,7,7,101,46,17.2,0.05,0,1,621
5975,400,7,7,118,42,21.2,0.05,0,1,621
5976,151,2,2,62,20,4.04,0.05,1,0,621
5977,400,6,6,105,47,17.3,0.05,0,1,621
5978,400,9,9,109,47,17.45,0.05,0,1,621
5979,400,6,6,102,47,15.3,0.05,0,1,621
5980,230,4,4,82,28,8.45,0.05,1,0,621
5981,400,2,2,38,14,2.95,0.05,0,1,621
5982,377,9,9,117,41,28.98,0.05,0,1,621
5983,400,8,8,121,47,19.0,0.05,0,1,621
5984,217,4,4,88,27,10.98,0.05,1,0,621
5985,400,9,9,112,45,23.35,0.05,0,1,621
5986,400,8,8,106,46,17.3,0.05,0,1,621
5987,400,9,9,111,42,18.55,0.05,0,1,621
5988,400,6,6,118,44,23.6,0.05,0,1,621
5989,383,9,9,112,45,17.42,0.05,0,1,621
5990,179,6,6,73,22,9.91,0.05,1,0,621
5991,400,8,8,121,47,20.65,0.05,0,1,621
5992,400,8,8,115,44,25.5,0.05,0,1,621
5993,400,8,8,108,46,18.55,0.05,0,1,621
5994,400,8,8,95,45,17.0,0.05,0,1,621
5995,400,3,3,47,25,1.45,0.05,0,1,621
5996,400,9,9,112,47,19.35,0.05,0,1,621
5997,63,0,0,24,9,-6.18,0.05,1,0,621
5998,400,9,9,104,47,20.15,0.05,0,1,621
5999,351,9,9,110,39,27.39,0.05,0,1,621
6000,400,5,5,86,32,7.1,0.05,0,1,621
6001,400,7,7,102,45,24.5,0.05,0,1,621
6002,400,5,5,109,47,16.75,0.05,0,1,621
6003,400,8,8,117,46,17.0,0.05,0,1,621
6004,400,8,8,119,44,24.95,0.05,0,1,621
6005,400,8,8,95,39,17.35,0.05,0,1,621
6006,400,7,7,121,48,16.75,0.05,0,1,621
6007,400,8,8,122,48,17.6,0.05,0,1,621
6008,400,6,6,96,42,12.7,0.05,0,1,621
6009,400,7,7,103,45,17.35,0.05,0,1,621
6010,400,7,7,118,47,18.05,0.05,0,1,621
6011,400,7,7,107,45,19.1,0.05,0,1,621
6012,400,7,7,115,41,25.95,0.05,0,1,621
6013,400,6,6,107,46,16.85,0.05,0,1,621
6014,372,9,9,120,42,25.13,0.05,0,1,621
6015,400,8,8,110,45,21.55,0.05,0,1,621
6016,400,6,6,104,39,19.95,0.05,0,1,621
6017,400,1,1,30,10,-1.75,0.05,0,1,621
6018,400,9,9,118,47,19.15,0.05,0,1,621
6019,400,6,6,120,47,18.7,0.05,0,1,621
6020,400,7,7,108,46,20.0,0.05,0,1,621
6021,400,6,6,110,49,10.7,0.05,0,1,621
6022,400,2,2,51,20,2.05,0.05,0,1,621
6023,400,7,7,115,48,18.45,0.05,0,1,621
6024,400,7,7,106,38,21.55,0.05,0,1,621
6025,400,9,9,96,45,16.7,0.05,0,1,621
6026,400,7,7,108,48,15.7,0.05,0,1,621
6027,400,5,6,100,44,4.95,0.05,0,1,621
6028,400,9,9,126,44,26.15,0.05,0,1,621
6029,400,5,5,101,46,18.9,0.05,0,1,621
6030,400,9,9,109,47,18.5,0.05,0,1,621
6031,400,8,8,113,46,21.25,0.05,0,1,621
6032,400,8,8,115,48,22.4,0.05,0,1,621
6033,400,6,6,102,48,15.9,0.05,0,1,621
6034,400,7,7,106,45,16.15,0.05,0,1,621
6035,400,9,9,108,46,22.35,0.05,0,1,621
6036,400,7,7,102,48,16.8,0.05,0,1,621
6037,400,6,6,119,45,21.2,0.05,0,1,621
6038,400,1,1,51,20,-0.4,0.05,0,1,621
6039,400,8,8,114,45,26.0,0.05,0,1,621
6040,397,8,9,125,44,24.43,0.05,0,1,621
6041,356,9,9,114,41,28.44,0.05,0,1,621
6042,400,5,5,110,47,16.05,0.05,0,1,621
6043,400,4,4,47,14,4.55,0.05,0,1,621
6044,400,7,7,125,41,25.95,0.05,0,1,621
6045,373,9,9,123,41,25.57,0.05,0,1,621
6046,400,8,8,119,49,14.85,0.05,0,1,621
6047,400,7,7,93,47,12.8,0.05,0,1,621
6048,400,6,6,103,42,12.45,0.05,0,1,621
6049,400,9,9,109,46,16.35,0.05,0,1,621
6050,400,8,8,107,47,19.95,0.05,0,1,621
6051,400,9,9,124,42,23.15,0.05,0,1,621
6052,400,8,8,127,47,22.75,0.05,0,1,621
6053,400,8,8,98,48,10.9,0.05,0,1,621
6054,400,9,9,111,46,18.4,0.05,0,1,621
6055,400,9,9,104,48,17.25,0.05,0,1,621
6056,400,6,6,122,48,15.65,0.05,0,1,621
6057,400,7,7,123,46,23.85,0.05,0,1,621
6058,400,5,5,92,48,11.45,0.05,0,1,621
6059,400,8,8,109,42,16.55,0.05,0,1,621
6060,387,9,9,116,44,21.18,0.05,0,1,621
6061,400,9,9,128,46,21.85,0.05,0,1,621
6062,400,4,4,68,26,1.1,0.05,0,1,621
6063,377,8,9,125,44,17.73,0.05,0,1,621
6064,400,8,8,110,46,16.1,0.05,0,1,621
6065,400,9,9,129,48,29.6,0.05,0,1,621
6066,400,9,9,117,51,13.85,0.05,0,1,621
6067,400,9,9,119,46,22.5,0.05,0,1,621
6068,400,5,5,110,48,19.7,0.05,0,1,621
6069,400,5,5,85,42,6.1,0.05,0,1,621
6070,400,6,6,100,45,11.35,0.05,0,1,621
6071,400,6,6,119,47,18.25,0.05,0,1,621
6072,357,8,9,117,39,26.83,0.05,0,1,621
6073,400,9,9,124,46,26.25,0.05,0,1,621
6074,400,7,7,108,46,22.2,0.05,0,1,621
6075,400,6,6,104,45,18.35,0.05,0,1,621
6076,400,7,7,107,48,18.25,0.05,0,1,621
6077,400,9,9,125,47,21.4,0.05,0,1,621
6078,400,7,7,123,44,17.45,0.05,0,1,621
6079,400,7,7,99,40,13.75,0.05,0,1,621
6080,384,8,8,121,44,18.06,0.05,1,0,621
6081,400,6,6,125,43,24.6,0.05,0,1,621
6082,400,8,8,106,46,19.35,0.05,0,1,621
6083,373,9,9,120,42,27.17,0.05,0,1,621
6084,400,6,6,92,35,12.95,0.05,0,1,621
6085,400,2,2,47,16,6.3,0.05,0,1,621
6086,400,8,8,115,46,22.85,0.05,0,1,621
6087,369,9,9,124,42,23.31,0.05,0,1,621
6088,400,9,9,121,47,18.85,0.05,0,1,621
6089,400,6,6,99,47,8.3,0.05,0,1,621
6090,390,9,9,127,45,25.0,0.05,0,1,621
6091,400,7,7,115,45,17.5,0.05,0,1,621
6092,400,9,9,113,46,20.3,0.05,0,1,621
6093,387,9,9,119,46,17.13,0.05,1,0,621
6094,400,9,9,119,46,21.9,0.05,0,1,621
6095,400,9,9,124,46,24.9,0.05,0,1,621
6096,102,1,1,37,12,-1.17,0.05,1,0,621
6097,400,8,8,118,49,18.05,0.05,0,1,621
6098,400,8,8,120,49,18.15,0.05,0,1,621
6099,400,8,8,109,46,17.15,0.05,0,1,621
6100,400,9,9,112,48,16.6,0.05,0,1,621
6101,400,7,7,123,44,20.05,0.05,0,1,621
6102,400,8,8,106,44,20.5,0.05,0,1,621
6103,363,9,9,124,42,24.57,0.05,0,1,621
6104,400,9,9,106,47,11.75,0.05,0,1,621
6105,400,7,7,112,41,20.95,0.05,0,1,621
6106,400,9,9,124,46,24.45,0.05,0,1,621
6107,400,6,7,105,39,16.25,0.05,0,1,621
6108,400,9,9,122,44,25.95,0.05,0,1,621
6109,400,9,9,102,42,14.05,0.05,0,1,621
6110,400,5,5,108,48,10.25,0.05,0,1,621
6111,400,6,6,93,46,16.15,0.05,0,1,621
6112,400,9,9,124,46,22.2,0.05,0,1,621
6113,400,7,7,82,40,9.95,0.05,0,1,621
6114,400,5,5,99,48,10.55,0.05,0,1,621
6115,93,3,3,33,12,1.17,0.05,1,0,621
6116,400,9,9,121,47,20.75,0.05,0,1,621
6117,400,9,9,112,49,14.2,0.05,0,1,621
6118,400,7,7,120,50,13.85,0.05,0,1,621
6119,400,8,8,110,46,18.25,0.05,0,1,621
6120,400,2,2,32,12,3.2,0.05,0,1,621
6121,400,8,8,108,45,13.95,0.05,0,1,621
6122,400,8,8,113,48,15.3,0.05,0,1,621
6123,370,9,9,124,42,33.5,0.05,0,1,621
6124,400,7,7,124,46,25.25,0.05,0,1,621
6125,400,9,9,126,44,26.75,0.05,0,1,621
6126,400,1,1,53,17,2.2,0.05,0,1,621
6127,400,6,6,93,35,6.6,0.05,0,1,621
6128,400,8,9,125,45,22.75,0.05,0,1,621
6129,400,9,9,110,45,18.3,0.05,0,1,621
6130,400,8,8,114,47,17.15,0.05,0,1,621
6131,347,8,9,120,41,21.93,0.05,0,1,621
6132,400,9,9,121,46,22.45,0.05,0,1,621
6133,400,5,5,47,17,6.55,0.05,0,1,621
6134,400,7,7,107,45,20.5,0.05,0,1,621
6135,400,8,8,114,47,18.4,0.05,0,1,621
6136,400,9,9,115,48,21.55,0.05,0,1,621
6137,366,8,9,128,44,20.39,0.05,0,1,621
6138,400,9,9,119,42,20.35,0.05,0,1,621
6139,400,8,8,124,46,22.85,0.05,0,1,621
6140,400,8,8,118,47,15.25,0.05,0,1,621
6141,400,6,6,127,41,23.85,0.05,0,1,621
6142,359,8,9,126,37,32.96,0.05,0,1,621
6143,400,8,8,116,50,16.25,0.05,0,1,621
6144,400,7,8,117,49,16.15,0.05,0,1,621
6145,400,3,3,69,20,11.35,0.05,0,1,621
6146,400,7,7,118,39,26.7,0.05,0,1,621
6147,378,9,9,123,43,25.82,0.05,0,1,621
6148,400,5,5,66,22,14.9,0.05,0,1,621
6149,400,9,9,124,45,23.4,0.05,0,1,621
6150,299,8,8,116,36,19.11,0.05,1,0,621
6151,400,9,9,106,36,26.45,0.05,0,1,621
6152,400,9,9,124,47,20.7,0.05,0,1,621
6153,365,8,9,131,41,33.0,0.05,0,1,621
6154,400,4,4,80,26,16.15,0.05,0,1,621
6155,379,9,9,126,45,29.56,0.05,0,1,621
6156,365,8,9,127,42,23.35,0.05,0,1,621
6157,139,0,0,51,19,0.66,0.05,1,0,621
6158,389,9,9,120,42,24.61,0.05,0,1,621
6159,400,3,3,77,27,11.4,0.05,0,1,621
6160,400,9,9,120,43,24.15,0.05,0,1,621
6161,398,9,9,131,45,21.52,0.05,0,1,621
6162,400,7,7,114,38,25.0,0.05,0,1,621
6163,400,8,8,125,46,23.15,0.05,0,1,621
6164,373,8,9,120,42,23.77,0.05,0,1,621
6165,392,9,9,138,43,31.63,0.05,0,1,621
6166,400,7,7,110,50,11.85,0.05,0,1,621
6167,400,4,4,80,25,18.3,0.05,0,1,621
6168,375,9,9,113,45,15.5,0.05,0,1,621
6169,380,9,9,120,43,25.15,0.05,0,1,621
6170,400,8,8,124,47,21.6,0.05,0,1,621
6171,400,8,8,115,46,23.0,0.05,0,1,621
6172,393,8,9,125,46,23.72,0.05,0,1,621
6173,400,7,7,119,48,22.45,0.05,0,1,621
6174,385,9,9,119,43,23.5,0.05,0,1,621
6175,400,9,9,116,50,20.5,0.05,0,1,621
6176,384,9,9,136,44,26.76,0.05,0,1,621
6177,400,8,8,109,36,24.35,0.05,0,1,621
6178,361,9,9,115,42,23.19,0.05,0,1,621
6179,400,8,8,117,43,18.8,0.05,0,1,621
6180,393,8,9,130,44,26.87,0.05,0,1,621
6181,400,7,7,104,46,14.55,0.05,0,1,621
6182,398,9,9,124,43,31.37,0.05,0,1,621
6183,397,9,9,124,46,24.53,0.05,0,1,621
6184,371,8,9,125,42,25.69,0.05,0,1,621
6185,400,8,8,116,44,21.9,0.05,0,1,621
6186,400,9,9,118,45,22.0,0.05,0,1,621
6187,400,1,1,32,14,-1.55,0.05,0,1,621
6188,384,8,9,119,42,23.21,0.05,0,1,621
6189,400,8,8,127,44,30.25,0.05,0,1,621
6190,400,6,6,109,44,20.3,0.05,0,1,621
6191,400,9,9,131,44,31.0,0.05,0,1,621
6192,400,8,8,121,49,19.3,0.05,0,1,621
6193,365,9,9,118,44,14.45,0.05,1,0,621
6194,400,5,5,113,47,13.85,0.05,0,1,621
6195,379,8,9,122,42,24.61,0.05,0,1,621
6196,400,7,7,108,41,13.5,0.05,0,1,621
6197,400,9,9,116,45,21.9,0.05,0,1,621
6198,400,8,8,121,45,22.45,0.05,0,1,621
6199,400,6,6,100,47,11.3,0.05,0,1,621
6200,386,8,9,125,43,25.19,0.05,0,1,621
6201,400,9,9,132,46,29.25,0.05,0,1,621
6202,400,6,6,94,40,15.85,0.05,0,1,621
6203,382,9,9,122,45,27.03,0.05,0,1,621
6204,381,9,9,120,45,22.84,0.05,0,1,621
6205,35,0,0,19,5,-3.1,0.05,1,0,621
6206,400,8,8,121,43,22.85,0.05,0,1,621
6207,400,6,6,108,47,14.65,0.05,0,1,621
6208,400,7,7,118,50,11.5,0.05,0,1,621
6209,394,9,9,128,48,14.86,0.05,1,0,622
6210,400,7,7,116,46,17.85,0.05,0,1,622
6211,381,9,9,111,43,18.59,0.05,0,1,622
6212,400,3,3,96,31,10.7,0.05,0,1,622
6213,400,0,0,28,15,-9.0,0.05,0,1,622
6214,400,9,9,129,45,23.75,0.05,0,1,622
6215,400,8,8,115,40,25.4,0.05,0,1,622
6216,400,6,6,104,47,8.85,0.05,0,1,622
6217,400,7,7,105,46,16.05,0.05,0,1,622
6218,362,9,9,115,41,25.03,0.05,0,1,622
6219,400,1,1,35,12,0.75,0.05,0,1,622
6220,400,7,7,121,49,14.15,0.05,0,1,622
6221,400,9,9,116,47,22.4,0.05,0,1,622
6222,400,9,9,118,48,22.35,0.05,0,1,622
6223,400,7,7,107,48,10.85,0.05,0,1,622
6224,400,7,7,106,46,18.0,0.05,0,1,622
6225,400,8,8,110,47,20.8,0.05,0,1,622
6226,400,8,8,121,46,18.1,0.05,0,1,622
6227,400,3,3,85,31,3.85,0.05,0,1,622
6228,400,7,7,106,47,16.4,0.05,0,1,622
6229,400,7,7,112,46,23.25,0.05,0,1,622
6230,369,9,9,112,41,21.21,0.05,0,1,622
6231,400,9,9,104,45,12.35,0.05,0,1,622
6232,400,0,0,60,23,1.1,0.05,0,1,622
6233,400,7,7,117,44,24.55,0.05,0,1,622
6234,400,5,5,87,33,13.1,0.05,0,1,622
6235,366,9,9,124,44,27.64,0.05,0,1,622
6236,400,6,6,75,22,19.45,0.05,0,1,622
6237,369,8,9,120,41,26.16,0.05,0,1,622
6238,400,8,8,115,46,21.9,0.05,0,1,622
6239,366,9,9,125,42,23.09,0.05,0,1,622
6240,377,8,9,123,42,22.38,0.05,0,1,622
6241,400,9,9,120,48,25.95,0.05,0,1,622
6242,364,9,9,120,42,24.66,0.05,0,1,622
6243,352,8,9,115,40,26.48,0.05,0,1,622
6244,400,9,9,122,41,24.2,0.05,0,1,622
6245,400,8,8,119,48,19.8,0.05,0,1,622
6246,400,3,3,51,19,2.4,0.05,0,1,622
6247,375,9,9,133,43,27.8,0.05,0,1,622
6248,372,8,9,122,41,22.38,0.05,0,1,622
6249,199,5,5,76,25,14.46,0.05,1,0,622
6250,360,9,9,127,39,27.55,0.05,0,1,622
6251,257,6,6,93,31,15.13,0.05,1,0,622
6252,400,2,2,43,24,-3.7,0.05,0,1,622
6253,322,9,9,114,39,26.38,0.05,0,1,622
6254,400,9,9,114,47,19.4,0.05,0,1,622
6255,396,9,9,120,45,26.39,0.05,0,1,622
6256,400,9,9,116,45,22.1,0.05,0,1,622
6257,400,7,7,103,41,14.7,0.05,0,1,622
6258,400,9,9,126,42,25.8,0.05,0,1,622
6259,400,8,8,123,45,17.65,0.05,0,1,622
6260,400,9,9,126,47,27.55,0.05,0,1,622
6261,388,8,9,130,46,27.77,0.05,0,1,622
6262,400,9,9,123,44,29.25,0.05,0,1,622
6263,391,9,9,125,47,23.39,0.05,0,1,622
6264,400,3,3,46,17,0.45,0.05,0,1,622
6265,400,8,8,109,46,15.95,0.05,0,1,622
6266,400,9,9,122,46,25.15,0.05,0,1,622
6267,151,5,5,58,18,8.99,0.05,1,0,622
6268,400,9,9,119,39,28.55,0.05,0,1,622
6269,400,7,8,104,44,21.9,0.05,0,1,622
6270,297,8,8,111,35,20.98,0.05,1,0,622
6271,400,8,8,125,47,25.85,0.05,0,1,622
6272,400,8,8,108,46,18.9,0.05,0,1,622
6273,388,9,9,124,47,24.67,0.05,0,1,622
6274,392,8,9,120,41,26.33,0.05,0,1,622
6275,183,4,4,76,23,10.92,0.05,1,0,622
6276,400,8,8,127,46,22.25,0.05,0,1,622
6277,400,6,6,96,47,15.4,0.05,0,1,622
6278,27,0,0,9,4,-6.27,0.05,1,0,622
6279,384,9,9,116,46,21.31,0.05,0,1,622
6280,352,9,9,115,39,26.68,0.05,0,1,622
6281,400,7,7,106,46,14.3,0.05,0,1,622
6282,400,9,9,115,46,23.65,0.05,0,1,622
6283,400,9,9,115,46,21.35,0.05,0,1,622
6284,246,6,6,88,31,5.89,0.05,1,0,622
6285,385,8,9,107,44,21.45,0.05,0,1,622
6286,400,8,8,118,47,21.6,0.05,0,1,622
6287,400,6,6,96,43,10.75,0.05,0,1,622
6288,400,8,8,117,48,19.8,0.05,0,1,622
6289,370,8,9,131,42,29.75,0.05,0,1,622
6290,154,3,3,65,19,5.61,0.05,1,0,622
6291,187,4,4,78,25,6.53,0.05,1,0,622
6292,400,8,8,124,45,26.35,0.05,0,1,622
6293,400,8,8,106,46,15.6,0.05,0,1,622
6294,400,6,6,110,48,12.55,0.05,0,1,622
6295,400,8,8,118,49,19.65,0.05,0,1,622
6296,400,8,8,103,49,16.2,0.05,0,1,622
6297,400,7,7,97,46,12.0,0.05,0,1,622
6298,400,8,8,130,46,25.75,0.05,0,1,622
6299,400,6,6,112,45,21.5,0.05,0,1,622
6300,113,0,0,43,14,0.67,0.05,1,0,622
6301,400,5,5,70,25,12.25,0.05,0,1,622
6302,400,8,8,125,45,28.3,0.05,0,1,622
6303,400,9,9,123,47,26.55,0.05,0,1,622
6304,400,4,4,73,33,5.65,0.05,0,1,622
6305,400,9,9,108,42,23.7,0.05,0,1,622
6306,369,8,9,119,42,27.71,0.05,0,1,622
6307,400,8,8,125,40,30.15,0.05,0,1,622
6308,400,9,9,116,45,25.35,0.05,0,1,622
6309,400,8,8,133,45,32.95,0.05,0,1,622
6310,390,9,9,121,44,19.85,0.05,0,1,622
6311,400,9,9,127,47,26.55,0.05,0,1,622
6312,400,7,7,115,46,26.7,0.05,0,1,622
6313,356,9,9,118,40,19.94,0.05,1,0,622
6314,359,8,9,127,41,29.11,0.05,0,1,622
6315,400,6,6,106,34,22.2,0.05,0,1,622
6316,400,9,9,120,45,25.6,0.05,0,1,622
6317,400,8,8,104,45,21.35,0.05,0,1,622
6318,326,8,9,114,42,23.54,0.05,0,1,622
6319,400,9,9,114,45,19.8,0.05,0,1,622
6320,327,6,6,107,38,15.38,0.05,1,0,622
6321,343,6,6,116,39,17.87,0.05,1,0,622
6322,389,8,9,126,42,27.86,0.05,0,1,622
6323,400,2,2,28,12,-2.6,0.05,0,1,622
6324,400,8,8,110,37,22.75,0.05,0,1,622
6325,400,7,7,106,46,19.35,0.05,0,1,622
6326,400,8,8,117,47,19.65,0.05,0,1,622
6327,400,9,9,113,43,25.3,0.05,0,1,622
6328,400,7,7,109,47,17.9,0.05,0,1,622
6329,400,7,7,98,44,18.1,0.05,0,1,622
6330,400,9,9,123,44,30.65,0.05,0,1,622
6331,400,9,9,118,35,30.75,0.05,0,1,622
6332,378,9,9,122,42,28.37,0.05,0,1,622
6333,400,3,3,48,32,-8.85,0.05,0,1,622
6334,400,6,6,97,48,12.85,0.05,0,1,622
6335,400,8,8,114,38,19.65,0.05,0,1,622
6336,400,9,9,116,45,18.95,0.05,0,1,622
6337,400,7,7,105,47,12.8,0.05,0,1,622
6338,400,7,7,102,36,19.65,0.05,0,1,622
6339,400,9,9,122,41,27.5,0.05,0,1,622
6340,400,8,8,125,44,30.85,0.05,0,1,622
6341,400,8,8,102,36,22.95,0.05,0,1,622
6342,400,8,8,108,47,21.1,0.05,0,1,622
6343,391,9,9,119,44,22.59,0.05,0,1,623
6344,400,9,9,111,46,23.1,0.05,0,1,623
6345,400,7,7,104,47,20.2,0.05,0,1,623
6346,400,7,7,113,46,19.05,0.05,0,1,623
6347,400,5,5,103,48,12.9,0.05,0,1,623
6348,400,8,8,129,45,26.5,0.05,0,1,623
6349,400,7,7,110,43,15.55,0.05,0,1,623
6350,400,7,7,117,45,19.75,0.05,0,1,623
6351,159,4,4,78,21,6.11,0.05,1,0,623
6352,400,9,9,117,50,16.6,0.05,0,1,623
6353,379,9,9,129,44,23.41,0.05,0,1,623
6354,400,7,7,98,41,15.95,0.05,0,1,623
6355,392,9,9,130,46,26.28,0.05,0,1,623
6356,400,5,5,123,41,24.6,0.05,0,1,623
6357,400,9,9,121,42,27.75,0.05,0,1,623
6358,400,4,4,83,30,14.1,0.05,0,1,623
6359,400,1,1,29,9,-0.75,0.05,0,1,623
6360,400,6,6,101,41,10.9,0.05,0,1,623
6361,383,9,9,124,44,25.42,0.05,0,1,623
6362,400,7,7,112,39,26.1,0.05,0,1,623
6363,400,7,7,121,49,17.6,0.05,0,1,623
6364,400,7,7,122,47,17.75,0.05,0,1,623
6365,400,2,2,60,19,6.45,0.05,0,1,623
6366,84,2,2,33,11,-1.04,0.05,1,0,623
6367,398,8,9,118,48,15.87,0.05,0,1,623
6368,400,8,8,105,39,18.4,0.05,0,1,623
6369,400,5,5,100,31,22.35,0.05,0,1,623
6370,400,9,9,122,46,20.95,0.05,0,1,623
6371,400,9,9,118,45,21.1,0.05,0,1,623
6372,400,8,8,127,47,21.95,0.05,0,1,623
6373,400,6,6,91,32,21.15,0.05,0,1,623
6374,388,9,9,118,45,26.87,0.05,0,1,623
6375,400,8,8,106,42,11.8,0.05,0,1,623
6376,400,8,8,104,50,17.85,0.05,0,1,623
6377,400,8,8,105,35,20.2,0.05,0,1,623
6378,400,9,9,128,45,28.15,0.05,0,1,623
6379,400,9,9,109,46,19.9,0.05,0,1,623
6380,400,8,8,118,39,32.15,0.05,0,1,623
6381,400,8,8,119,47,20.8,0.05,0,1,623
6382,313,9,9,116,35,26.17,0.05,0,1,623
6383,377,8,9,120,41,24.33,0.05,0,1,623
6384,391,8,9,113,42,27.69,0.05,0,1,623
6385,400,9,9,114,47,18.0,0.05,0,1,623
6386,397,8,9,117,45,20.43,0.05,0,1,623
6387,400,8,8,105,38,21.8,0.05,0,1,623
6388,293,6,6,95,35,7.22,0.05,1,0,623
6389,400,4,4,65,22,1.8,0.05,0,1,623
6390,400,8,8,119,37,21.65,0.05,0,1,623
6391,400,7,7,125,47,29.7,0.05,0,1,623
6392,400,9,9,123,44,29.15,0.05,0,1,623
6393,400,9,9,126,44,26.65,0.05,0,1,623
6394,400,8,8,113,46,24.85,0.05,0,1,623
6395,365,9,9,129,40,30.85,0.05,0,1,623
6396,400,5,5,105,45,11.25,0.05,0,1,623
6397,400,3,3,71,33,1.5,0.05,0,1,623
6398,400,8,8,113,45,26.7,0.05,0,1,623
6399,400,8,8,140,49,25.55,0.05,0,1,623
6400,367,9,9,117,41,20.43,0.05,0,1,623
6401,400,8,8,103,45,25.4,0.05,0,1,623
6402,400,7,7,105,39,22.55,0.05,0,1,623
6403,370,9,9,122,45,23.35,0.05,0,1,623
6404,400,9,9,118,45,24.25,0.05,0,1,623
6405,379,9,9,127,44,21.81,0.05,0,1,623
6406,396,9,9,117,46,13.74,0.05,1,0,624
6407,281,6,6,102,34,10.94,0.05,1,0,624
6408,400,9,9,113,47,20.7,0.05,0,1,624
6409,218,3,3,78,26,6.77,0.05,1,0,624
6410,400,8,8,114,37,26.95,0.05,0,1,624
6411,384,9,9,124,42,25.46,0.05,0,1,624
6412,400,9,9,119,49,22.95,0.05,0,1,624
6413,363,8,8,114,41,19.27,0.05,1,0,625
6414,364,9,9,118,42,26.26,0.05,0,1,625
6415,400,6,6,102,47,14.8,0.05,0,1,625
6416,379,9,9,127,43,26.11,0.05,0,1,625
6417,400,8,8,117,46,21.5,0.05,0,1,625
6418,400,9,9,125,47,23.3,0.05,0,1,625
6419,265,6,6,107,32,19.05,0.05,1,0,625
6420,389,8,9,123,43,28.36,0.05,0,1,625
6421,400,8,8,124,47,22.7,0.05,0,1,625
6422,400,6,6,105,45,20.65,0.05,0,1,625
6423,400,5,5,59,47,6.75,0.05,0,1,625
6424,400,8,8,91,47,14.9,0.05,0,1,625
6425,400,5,5,64,48,3.05,0.05,0,1,625
6426,400,2,2,56,48,4.25,0.05,0,1,625
6427,400,6,6,95,46,10.9,0.05,0,1,625
6428,400,0,0,32,16,-6.4,0.05,0,1,625
6429,400,7,7,100,43,17.9,0.05,0,1,625
6430,400,6,6,111,43,17.55,0.05,0,1,625
6431,400,9,9,114,47,28.8,0.05,0,1,625
6432,400,8,8,113,46,19.95,0.05,0,1,625
6433,400,7,7,101,46,18.8,0.05,0,1,625
6434,400,9,9,123,42,27.9,0.05,0,1,625
6435,400,2,2,37,12,-0.35,0.05,0,1,625
6436,400,6,6,90,47,15.65,0.05,0,1,625
6437,400,6,6,103,37,14.7,0.05,0,1,625
6438,400,9,9,117,47,24.3,0.05,0,1,625
6439,400,9,9,122,44,34.0,0.05,0,1,625
6440,393,9,9,122,44,25.42,0.05,0,1,625
6441,400,9,9,114,47,22.4,0.05,0,1,625
6442,376,9,9,123,42,28.54,0.05,0,1,625
6443,400,9,9,123,47,24.45,0.05,0,1,625
6444,400,9,9,123,47,21.25,0.05,0,1,625
6445,400,9,9,119,46,24.8,0.05,0,1,625
6446,385,9,9,124,45,21.2,0.05,0,1,625
6447,400,7,7,123,46,24.05,0.05,0,1,625
6448,400,7,7,111,48,18.5,0.05,0,1,625
6449,360,9,9,125,42,30.1,0.05,0,1,625
6450,400,7,7,121,47,21.0,0.05,0,1,625
6451,400,9,9,125,45,27.5,0.05,0,1,625
6452,379,8,9,123,44,23.06,0.05,0,1,625
6453,400,9,9,110,46,23.65,0.05,0,1,625
6454,400,1,1,34,23,-9.8,0.05,0,1,625
6455,400,9,9,123,51,19.6,0.05,0,1,625
6456,400,9,9,121,46,24.75,0.05,0,1,625
6457,386,9,9,119,44,20.14,0.05,0,1,625
6458,400,4,4,73,32,6.05,0.05,0,1,625
6459,400,9,9,118,39,28.95,0.05,0,1,625
6460,371,9,9,115,44,14.09,0.05,1,0,626
6461,400,6,6,97,45,11.95,0.05,0,1,626
6462,362,8,9,126,41,31.08,0.05,0,1,626
6463,400,9,9,123,47,19.35,0.05,0,1,626
6464,400,0,0,16,6,-3.1,0.05,0,1,626
6465,400,7,7,112,42,23.95,0.05,0,1,626
6466,400,7,7,109,39,20.4,0.05,0,1,626
6467,400,8,8,118,48,15.85,0.05,0,1,626
6468,400,8,8,95,44,16.95,0.05,0,1,626
6469,400,8,8,118,45,24.2,0.05,0,1,626
6470,400,6,6,107,46,19.05,0.05,0,1,626
6471,400,8,8,108,45,25.85,0.05,0,1,626
6472,355,9,9,123,39,32.55,0.05,0,1,626
6473,400,5,5,97,40,11.0,0.05,0,1,626
6474,375,9,9,115,43,22.4,0.05,0,1,626
6475,375,9,9,112,43,23.3,0.05,0,1,626
6476,400,5,5,67,25,9.7,0.05,0,1,626
6477,387,9,9,118,44,28.03,0.05,0,1,626
6478,400,8,8,117,45,21.95,0.05,0,1,626
6479,367,8,9,115,39,22.23,0.05,0,1,626
6480,400,7,7,89,37,14.4,0.05,0,1,626
6481,379,8,9,122,45,21.06,0.05,0,1,626
6482,400,4,4,56,20,6.1,0.05,0,1,626
6483,400,6,6,85,39,6.55,0.05,0,1,626
6484,350,9,9,127,40,28.25,0.05,0,1,626
6485,400,8,8,110,47,25.85,0.05,0,1,626
6486,400,9,9,122,46,24.25,0.05,0,1,626
6487,400,8,8,118,45,23.0,0.05,0,1,626
6488,368,9,9,124,43,22.97,0.05,0,1,626
6489,392,9,9,116,44,24.33,0.05,0,1,626
6490,400,1,1,60,27,-3.05,0.05,0,1,626
6491,394,9,9,127,45,27.11,0.05,0,1,626
6492,375,9,9,113,42,23.75,0.05,0,1,626
6493,400,8,8,124,47,23.7,0.05,0,1,626
6494,386,9,9,121,43,25.19,0.05,0,1,626
6495,400,8,8,125,44,27.8,0.05,0,1,626
6496,400,9,9,124,46,27.05,0.05,0,1,626
6497,372,9,9,125,42,30.63,0.05,0,1,626
6498,400,8,8,126,46,19.8,0.05,0,1,626
6499,400,9,9,120,46,25.15,0.05,0,1,626
6500,400,2,2,48,22,-3.4,0.05,0,1,626
6501,379,9,9,113,45,20.11,0.05,0,1,626
6502,400,6,6,126,45,20.1,0.05,0,1,626
6503,400,8,8,108,47,16.95,0.05,0,1,626
6504,400,8,8,115,47,22.9,0.05,0,1,626
6505,400,9,9,125,44,24.05,0.05,0,1,626
6506,400,3,3,61,21,2.25,0.05,0,1,626
6507,400,6,6,116,46,21.65,0.05,0,1,626
6508,400,8,8,112,45,19.15,0.05,0,1,626
6509,400,1,1,40,14,-3.7,0.05,0,1,626
6510,400,8,8,122,47,27.4,0.05,0,1,626
6511,400,4,4,63,24,10.55,0.05,0,1,626
6512,400,8,8,109,47,22.5,0.05,0,1,626
6513,400,9,9,122,46,22.1,0.05,0,1,626
6514,400,9,9,120,43,23.4,0.05,0,1,626
6515,400,6,6,101,43,18.8,0.05,0,1,626
6516,400,9,9,104,42,18.65,0.05,0,1,626
6517,400,9,9,126,43,28.85,0.05,0,1,626
6518,400,9,9,127,44,28.75,0.05,0,1,626
6519,400,8,8,120,43,22.95,0.05,0,1,626
6520,392,9,9,126,41,33.03,0.05,0,1,626
6521,181,5,5,61,22,8.09,0.05,1,0,626
6522,399,8,9,128,48,24.11,0.05,0,1,626
6523,344,9,9,119,39,28.41,0.05,0,1,626
6524,400,6,6,114,45,19.4,0.05,0,1,626
6525,400,8,8,131,46,25.25,0.05,0,1,626
6526,400,9,9,128,47,28.2,0.05,0,1,626
6527,400,6,6,104,47,14.6,0.05,0,1,626
6528,400,9,9,124,45,24.65,0.05,0,1,626
6529,361,8,9,126,40,27.94,0.05,0,1,626
6530,400,6,6,97,31,17.5,0.05,0,1,626
6531,400,9,9,129,45,28.4,0.05,0,1,626
6532,388,9,9,128,42,31.72,0.05,0,1,626
6533,400,7,7,92,37,12.85,0.05,0,1,626
6534,373,9,9,124,43,24.67,0.05,0,1,626
6535,392,9,9,124,44,26.03,0.05,0,1,626
6536,400,9,9,97,47,17.3,0.05,0,1,626
6537,380,8,9,120,44,24.8,0.05,0,1,626
6538,380,9,9,110,45,17.1,0.05,0,1,626
6539,400,6,6,103,44,19.25,0.05,0,1,626
6540,360,9,9,121,40,29.0,0.05,0,1,626
6541,400,9,9,119,42,27.1,0.05,0,1,626
6542,393,9,9,124,45,24.02,0.05,0,1,626
6543,400,9,9,121,48,27.45,0.05,0,1,626
6544,400,7,7,105,48,21.25,0.05,0,1,626
6545,400,7,8,114,37,25.85,0.05,0,1,626
6546,400,9,9,122,40,26.5,0.05,0,1,626
6547,400,8,8,129,47,23.55,0.05,0,1,626
6548,393,9,9,124,46,24.42,0.05,0,1,626
6549,81,0,0,35,11,-3.86,0.05,1,0,626
6550,371,9,9,124,41,32.09,0.05,0,1,626
6551,400,8,8,109,44,24.75,0.05,0,1,626
6552,390,9,9,120,44,29.85,0.05,0,1,626
6553,400,9,9,112,47,19.6,0.05,0,1,626
6554,400,5,5,94,41,10.05,0.05,0,1,626
6555,400,9,9,113,47,15.0,0.05,0,1,626
6556,400,9,9,123,47,24.75,0.05,0,1,626
6557,400,9,9,129,46,29.25,0.05,0,1,626
6558,400,8,8,118,47,26.7,0.05,0,1,626
6559,388,9,9,133,44,25.82,0.05,0,1,626
6560,400,8,8,99,46,15.45,0.05,0,1,626
6561,400,9,9,113,41,25.65,0.05,0,1,626
6562,400,9,9,123,44,31.15,0.05,0,1,626
6563,400,8,8,115,45,22.9,0.05,0,1,626
6564,400,0,0,46,17,-5.6,0.05,0,1,626
6565,400,9,9,125,45,27.0,0.05,0,1,626
6566,400,6,6,87,34,10.2,0.05,0,1,626
6567,400,8,8,110,44,19.05,0.05,0,1,626
6568,400,8,8,117,50,14.75,0.05,0,1,626
6569,400,3,3,38,16,-0.1,0.05,0,1,626
6570,400,9,9,122,45,29.8,0.05,0,1,626
6571,400,9,9,112,47,23.3,0.05,0,1,626
6572,366,9,9,121,43,21.34,0.05,0,1,626
6573,384,8,9,124,43,28.81,0.05,0,1,626
6574,400,7,8,92,36,13.7,0.05,0,1,626
6575,400,9,9,119,46,21.8,0.05,0,1,626
6576,400,9,9,124,44,26.0,0.05,0,1,626
6577,400,8,8,108,39,19.55,0.05,0,1,626
6578,400,8,8,115,49,22.9,0.05,0,1,626
6579,400,5,5,79,36,3.2,0.05,0,1,626
6580,400,8,8,115,46,24.8,0.05,0,1,626
6581,400,8,8,133,43,21.3,0.05,0,1,626
6582,400,9,9,114,46,22.0,0.05,0,1,626
6583,393,8,9,121,44,30.12,0.05,0,1,626
6584,381,8,9,112,41,18.99,0.05,0,1,626
6585,400,9,9,125,45,24.0,0.05,0,1,626
6586,400,6,6,110,50,19.45,0.05,0,1,626
6587,399,9,9,120,45,25.36,0.05,0,1,628
6588,400,2,2,33,10,3.4,0.05,0,1,628
6589,382,8,9,131,43,29.33,0.05,0,1,628
6590,386,8,9,125,42,30.04,0.05,0,1,628
6591,400,3,3,89,36,11.55,0.05,0,1,628
6592,347,9,9,122,41,26.08,0.05,0,1,628
6593,371,9,9,115,42,26.59,0.05,0,1,628
6594,400,8,8,127,48,29.7,0.05,0,1,628
6595,400,9,9,125,48,22.6,0.05,0,1,628
6596,400,6,6,116,46,15.55,0.05,0,1,628
6597,400,8,8,124,48,20.55,0.05,0,1,628
6598,400,8,8,117,46,22.5,0.05,0,1,628
6599,400,9,9,125,43,24.5,0.05,0,1,628
6600,224,5,5,92,27,15.96,0.05,1,0,628
6601,396,9,9,121,47,25.29,0.05,0,1,628
6602,400,9,9,122,45,27.75,0.05,0,1,628
6603,389,9,9,116,43,24.46,0.05,0,1,628
6604,400,9,9,116,48,18.05,0.05,0,1,628
6605,345,9,9,118,37,29.35,0.05,0,1,628
6606,400,6,6,108,35,21.6,0.05,0,1,628
6607,400,8,8,122,46,22.85,0.05,0,1,628
6608,400,8,8,124,46,20.05,0.05,0,1,628
6609,400,7,7,116,47,14.7,0.05,0,1,628
6610,400,8,8,115,48,21.4,0.05,0,1,628
6611,400,9,9,121,48,20.2,0.05,0,1,628
6612,400,0,0,29,10,-3.0,0.05,0,1,628
6613,376,9,9,119,43,20.34,0.05,0,1,628
6614,400,7,7,107,47,19.4,0.05,0,1,628
6615,400,9,9,114,48,16.3,0.05,0,1,628
6616,397,9,9,124,46,21.18,0.05,0,1,628
6617,379,9,9,126,42,28.51,0.05,0,1,628
6618,400,7,7,116,49,20.55,0.05,0,1,628
6619,400,8,8,121,47,22.15,0.05,0,1,628
6620,374,8,9,123,42,30.96,0.05,0,1,628
6621,400,7,7,112,46,19.15,0.05,0,1,628
6622,400,8,8,112,47,20.0,0.05,0,1,628
6623,371,8,9,120,40,31.89,0.05,0,1,628
6624,374,9,9,127,41,32.31,0.05,0,1,628
6625,400,8,8,118,43,25.7,0.05,0,1,628
6626,400,7,7,105,39,22.5,0.05,0,1,628
6627,357,9,9,118,41,23.93,0.05,0,1,628
6628,400,6,6,100,42,14.55,0.05,0,1,628
6629,400,1,1,51,17,3.15,0.05,0,1,628
6630,381,8,9,131,43,32.09,0.05,0,1,628
6631,400,9,9,116,46,24.7,0.05,0,1,628
6632,398,8,9,119,46,25.87,0.05,0,1,628
6633,400,0,0,12,4,-1.6,0.05,0,1,628
6634,400,7,7,130,47,24.15,0.05,0,1,628
6635,400,8,8,135,44,26.2,0.05,0,1,628
6636,400,8,8,121,47,25.35,0.05,0,1,628
6637,400,8,8,101,46,20.25,0.05,0,1,628
6638,350,8,9,123,40,29.05,0.05,0,1,628
6639,400,7,7,113,46,19.7,0.05,0,1,628
6640,385,9,9,117,43,23.75,0.05,0,1,628
6641,400,7,7,108,46,15.65,0.05,0,1,628
6642,400,7,7,105,45,20.3,0.05,0,1,628
6643,386,9,9,122,43,25.74,0.05,0,1,628
6644,324,1,1,57,24,-7.24,0.05,1,0,628
6645,400,7,7,120,47,21.25,0.05,0,1,628
6646,391,9,9,129,44,29.94,0.05,0,1,628
6647,369,8,9,123,42,24.21,0.05,0,1,628
6648,400,9,9,122,47,20.45,0.05,0,1,628
6649,383,9,9,109,44,16.92,0.05,0,1,628
6650,351,8,9,121,40,30.74,0.05,0,1,628
6651,400,8,8,111,47,23.1,0.05,0,1,628
6652,400,8,8,114,48,19.3,0.05,0,1,628
6653,400,8,8,129,46,25.45,0.05,0,1,628
6654,368,9,9,124,43,26.52,0.05,0,1,628
6655,361,9,9,106,40,19.99,0.05,0,1,628
6656,400,7,7,102,48,16.5,0.05,0,1,628
6657,400,9,9,113,47,20.0,0.05,0,1,628
6658,400,8,8,116,47,22.45,0.05,0,1,628
6659,400,7,7,82,34,14.6,0.05,0,1,628
6660,400,8,8,116,45,25.7,0.05,0,1,628
6661,400,8,8,114,44,27.15,0.05,0,1,628
6662,344,9,9,121,38,29.16,0.05,0,1,628
6663,400,5,5,95,37,17.1,0.05,0,1,628
6664,400,4,4,81,33,6.4,0.05,0,1,628
6665,400,6,6,122,46,25.25,0.05,0,1,628
6666,393,8,9,116,45,20.02,0.05,0,1,628
6667,381,9,9,125,42,23.74,0.05,1,0,628
6668,400,8,8,125,44,26.4,0.05,0,1,628
6669,400,4,4,86,33,14.0,0.05,0,1,628
6670,400,8,8,120,46,23.75,0.05,0,1,628
6671,400,7,8,128,47,21.1,0.05,0,1,628
6672,400,9,9,129,44,35.8,0.05,0,1,628
6673,400,9,9,98,45,24.05,0.05,0,1,628
6674,400,4,4,65,46,6.3,0.05,0,1,628
6675,53,1,1,21,7,-3.73,0.05,1,0,628
6676,400,9,9,111,51,8.25,0.05,0,1,628
6677,400,9,9,120,45,26.15,0.05,0,1,628
6678,400,7,7,95,32,18.75,0.05,0,1,628
6679,370,9,9,127,42,30.25,0.05,0,1,628
6680,384,9,9,118,42,24.36,0.05,0,1,628
6681,400,5,5,89,37,4.4,0.05,0,1,628
6682,400,7,7,87,32,14.15,0.05,0,1,628
6683,384,8,9,120,42,26.86,0.05,0,1,628
6684,400,8,8,107,49,17.2,0.05,0,1,628
6685,400,6,6,72,25,12.05,0.05,0,1,628
6686,400,8,8,122,47,21.6,0.05,0,1,628
6687,400,7,7,106,44,15.0,0.05,0,1,628
6688,383,9,9,123,42,27.02,0.05,0,1,628
6689,400,7,7,127,43,27.05,0.05,0,1,628
6690,356,9,9,110,41,23.24,0.05,0,1,628
6691,388,9,9,124,44,31.97,0.05,0,1,628
6692,400,7,7,132,50,20.35,0.05,0,1,628
6693,400,2,2,51,19,1.65,0.05,0,1,628
6694,400,9,9,140,47,29.3,0.05,0,1,628
6695,396,9,9,125,44,30.44,0.05,0,1,628
6696,400,7,7,117,45,21.9,0.05,0,1,628
6697,400,9,9,106,45,19.9,0.05,0,1,628
6698,400,8,8,102,45,17.55,0.05,0,1,628
6699,400,8,8,116,51,17.4,0.05,0,1,628
6700,366,9,9,118,40,23.39,0.05,0,1,628
6701,400,6,6,87,25,16.55,0.05,0,1,628
6702,400,5,5,115,46,10.8,0.05,0,1,628
6703,385,9,9,128,44,27.35,0.05,0,1,628
6704,400,9,9,125,48,17.8,0.05,0,1,628
6705,400,9,9,120,46,24.05,0.05,0,1,628
6706,400,7,7,119,45,22.5,0.05,0,1,628
6707,400,7,8,112,45,25.95,0.05,0,1,628
6708,390,8,9,126,43,27.45,0.05,0,1,628
6709,188,3,3,78,24,7.27,0.05,1,0,628
6710,400,8,8,110,47,16.65,0.05,0,1,628
6711,400,0,0,26,11,-3.45,0.05,0,1,628
6712,400,9,9,116,44,27.35,0.05,0,1,628
6713,400,4,4,98,40,10.15,0.05,0,1,628
6714,400,9,9,117,51,11.35,0.05,0,1,628
6715,400,9,9,123,47,24.2,0.05,0,1,628
6716,400,6,6,101,47,16.7,0.05,0,1,628
6717,368,8,9,117,42,24.27,0.05,0,1,628
6718,380,9,9,123,41,28.45,0.05,0,1,628
6719,399,9,9,124,45,28.96,0.05,0,1,628
6720,400,6,6,104,44,23.9,0.05,0,1,628
6721,400,7,7,116,47,18.9,0.05,0,1,628
6722,400,9,9,120,40,24.2,0.05,0,1,628
6723,400,7,7,116,46,23.9,0.05,0,1,628
6724,392,9,9,126,46,22.48,0.05,0,1,628
6725,400,9,9,123,48,17.2,0.05,0,1,628
6726,392,9,9,128,43,32.58,0.05,0,1,628
6727,400,8,8,109,45,26.7,0.05,0,1,628
6728,400,7,7,122,45,22.25,0.05,0,1,628
6729,377,8,9,125,40,31.08,0.05,0,1,628
6730,400,9,9,126,46,26.5,0.05,0,1,628
6731,400,5,5,96,37,15.0,0.05,0,1,628
6732,400,9,9,122,46,26.4,0.05,0,1,628
6733,63,2,2,28,8,1.37,0.05,1,0,628
6734,400,6,6,111,45,20.5,0.05,0,1,628
6735,400,9,9,124,47,26.5,0.05,0,1,628
6736,400,3,3,76,26,12.9,0.05,0,1,628
6737,400,7,7,111,33,27.1,0.05,0,1,628
6738,400,9,9,126,46,32.0,0.05,0,1,628
6739,400,9,9,116,47,22.95,0.05,0,1,628
6740,364,9,9,120,40,31.11,0.05,0,1,628
6741,400,9,9,106,46,23.85,0.05,0,1,628
6742,400,8,8,119,47,20.7,0.05,0,1,628
6743,369,9,9,117,43,26.21,0.05,0,1,628
6744,400,1,1,57,23,0.65,0.05,0,1,628
6745,400,6,6,112,50,15.5,0.05,0,1,628
6746,400,8,8,118,47,24.6,0.05,0,1,628
6747,400,2,2,53,16,8.75,0.05,0,1,628
6748,400,2,2,46,18,2.0,0.05,0,1,628
6749,400,5,5,98,42,11.0,0.05,0,1,628
6750,382,9,9,130,43,29.63,0.05,0,1,628
6751,124,3,3,47,16,3.36,0.05,1,0,628
6752,379,9,9,122,44,26.61,0.05,0,1,628
6753,388,9,9,121,44,26.92,0.05,0,1,628
6754,400,6,6,113,42,17.6,0.05,0,1,628
6755,351,9,9,123,39,31.54,0.05,0,1,628
6756,400,8,8,124,44,29.3,0.05,0,1,628
6757,400,4,4,66,30,5.0,0.05,0,1,628
6758,400,7,7,123,46,18.3,0.05,0,1,628
6759,382,8,9,127,46,27.93,0.05,0,1,628
6760,390,9,9,122,44,29.85,0.05,0,1,628
6761,400,9,9,129,46,28.65,0.05,0,1,628
6762,400,9,9,114,48,22.35,0.05,0,1,628
6763,397,9,9,121,47,22.18,0.05,0,1,628
6764,400,8,8,103,41,16.55,0.05,0,1,628
6765,370,5,5,53,20,1.45,0.05,1,0,628
6766,369,9,9,124,42,30.96,0.05,0,1,628
6767,400,8,8,114,46,28.35,0.05,0,1,628
6768,400,9,9,126,48,24.0,0.05,0,1,628
6769,400,8,8,115,44,22.9,0.05,0,1,628
6770,400,6,6,91,31,16.25,0.05,0,1,628
6771,384,9,9,120,42,29.91,0.05,0,1,628
6772,400,8,8,117,48,26.4,0.05,0,1,628
6773,400,9,9,121,45,25.65,0.05,0,1,628
6774,384,9,9,121,45,26.81,0.05,0,1,628
6775,400,6,6,116,48,18.45,0.05,0,1,628
6776,360,8,9,116,41,20.15,0.05,0,1,628
6777,400,6,7,92,30,15.55,0.05,0,1,628
6778,400,9,9,122,42,28.8,0.05,0,1,628
6779,400,7,7,88,41,10.25,0.05,0,1,628
6780,400,8,8,123,44,31.8,0.05,0,1,628
6781,400,8,8,124,44,23.45,0.05,0,1,628
6782,400,6,6,110,42,19.85,0.05,0,1,628
6783,400,5,5,88,27,17.65,0.05,0,1,628
6784,400,5,5,67,26,12.45,0.05,0,1,628
6785,400,0,0,42,14,3.05,0.05,0,1,628
6786,400,7,7,121,50,20.0,0.05,0,1,628
6787,354,9,9,117,39,28.61,0.05,0,1,628
6788,400,9,9,117,46,23.2,0.05,0,1,628
6789,126,4,4,57,17,7.04,0.05,1,0,628
6790,382,8,9,120,43,29.08,0.05,0,1,628
6791,400,9,9,112,50,16.05,0.05,0,1,628
6792,400,7,7,120,47,15.4,0.05,0,1,628
6793,400,8,8,124,44,28.85,0.05,0,1,628
6794,371,9,9,119,42,26.19,0.05,0,1,628
6795,400,9,9,113,46,25.0,0.05,0,1,628
6796,366,9,9,116,43,22.34,0.05,0,1,628
6797,400,9,9,126,43,29.35,0.05,0,1,628
6798,400,6,6,114,47,23.15,0.05,0,1,628
6799,372,9,9,127,41,33.18,0.05,0,1,628
6800,400,8,8,112,46,21.3,0.05,0,1,628
6801,400,8,8,128,48,26.85,0.05,0,1,628
6802,400,3,3,35,19,-1.7,0.05,0,1,628
6803,400,8,8,115,46,23.45,0.05,0,1,628
6804,395,8,9,127,45,32.9,0.05,0,1,628
6805,400,8,8,106,45,25.2,0.05,0,1,628
6806,400,8,8,124,49,23.3,0.05,0,1,628
6807,400,8,8,117,46,17.95,0.05,0,1,628
6808,400,7,7,110,47,17.65,0.05,0,1,628
6809,400,7,7,117,46,24.7,0.05,0,1,628
6810,400,7,7,118,48,14.05,0.05,0,1,628
6811,400,9,9,127,49,24.55,0.05,0,1,628
6812,400,9,9,133,46,26.65,0.05,0,1,628
6813,400,9,9,106,47,25.35,0.05,0,1,628
6814,400,9,9,121,46,25.2,0.05,0,1,628
6815,398,9,9,110,45,16.47,0.05,0,1,628
6816,400,8,8,126,44,31.9,0.05,0,1,628
6817,400,8,8,129,42,30.05,0.05,0,1,628
6818,400,0,0,36,14,-3.45,0.05,0,1,628
6819,400,5,5,115,46,20.0,0.05,0,1,628
6820,400,5,5,80,52,-1.65,0.05,0,1,628
6821,397,9,9,119,44,25.58,0.05,0,1,628
6822,400,9,9,128,46,34.0,0.05,0,1,628
6823,400,9,9,113,45,30.25,0.05,0,1,628
6824,399,9,9,127,44,27.66,0.05,0,1,628
6825,400,7,7,111,33,26.2,0.05,0,1,628
6826,400,6,6,93,53,3.0,0.05,0,1,628
6827,400,8,8,116,47,24.3,0.05,0,1,628
6828,400,3,3,46,19,-2.8,0.05,0,1,628
6829,382,9,9,123,43,31.98,0.05,0,1,628
6830,375,9,9,120,42,28.15,0.05,0,1,628
6831,400,9,9,121,47,23.5,0.05,0,1,628
6832,400,7,7,109,46,19.65,0.05,0,1,628
6833,390,9,9,117,45,22.7,0.05,0,1,628
6834,390,9,9,126,44,28.7,0.05,0,1,628
6835,390,9,9,122,44,25.75,0.05,0,1,628
6836,400,8,8,111,47,20.05,0.05,0,1,628
6837,400,2,2,73,29,5.45,0.05,0,1,628
6838,400,8,8,130,45,27.7,0.05,0,1,628
6839,400,6,6,94,34,23.25,0.05,0,1,628
6840,368,9,9,126,41,33.52,0.05,0,1,628
6841,371,8,9,126,45,24.89,0.05,0,1,628
6842,400,7,7,111,45,23.95,0.05,0,1,628
6843,366,9,9,111,42,22.24,0.05,0,1,628
6844,400,9,9,124,46,25.8,0.05,0,1,628
6845,400,1,1,70,21,6.6,0.05,0,1,628
6846,400,9,9,116,39,28.45,0.05,0,1,628
6847,400,9,9,115,44,26.45,0.05,0,1,628
6848,400,8,8,89,46,17.8,0.05,0,1,628
6849,400,4,4,96,30,11.4,0.05,0,1,628
6850,400,8,8,122,46,29.8,0.05,0,1,628
6851,400,6,6,102,50,10.9,0.05,0,1,628
6852,400,7,7,105,35,25.5,0.05,0,1,628
6853,400,9,9,113,43,25.4,0.05,0,1,628
6854,400,8,8,114,50,21.35,0.05,0,1,628
6855,400,7,7,85,28,17.75,0.05,0,1,628
6856,400,9,9,119,48,25.5,0.05,0,1,628
6857,393,9,9,135,44,31.52,0.05,0,1,628
6858,384,8,9,121,45,26.36,0.05,0,1,628
6859,400,8,8,124,48,22.1,0.05,0,1,628
6860,400,8,8,115,46,17.45,0.05,0,1,628
6861,389,9,9,122,45,26.96,0.05,0,1,628
6862,400,9,9,114,46,26.05,0.05,0,1,628
6863,353,9,9,119,40,26.27,0.05,0,1,628
6864,400,3,3,80,33,3.2,0.05,0,1,628
6865,352,9,9,123,41,27.38,0.05,1,0,629
6866,400,5,5,77,25,15.4,0.05,0,1,629
6867,400,8,8,117,40,27.5,0.05,0,1,629
6868,364,9,9,114,41,26.51,0.05,0,1,629
6869,400,5,5,108,45,21.25,0.05,0,1,629
6870,400,9,9,118,47,23.2,0.05,0,1,629
6871,400,9,9,124,43,30.2,0.05,0,1,629
6872,397,8,9,137,46,31.43,0.05,0,1,629
6873,384,9,9,121,43,28.06,0.05,0,1,629
6874,386,9,9,126,44,30.64,0.05,0,1,629
6875,384,9,9,128,44,29.36,0.05,0,1,629
6876,362,8,9,123,41,27.88,0.05,0,1,629
6877,400,8,8,126,47,25.25,0.05,0,1,629
6878,400,3,3,61,25,1.65,0.05,0,1,629
6879,365,8,9,119,41,27.3,0.05,0,1,629
6880,393,9,9,121,44,29.17,0.05,0,1,629
6881,400,8,8,122,45,28.0,0.05,0,1,629
6882,400,7,7,113,45,21.85,0.05,0,1,629
6883,400,7,8,119,43,21.55,0.05,0,1,629
6884,391,9,9,121,44,30.19,0.05,0,1,629
6885,400,8,8,111,48,20.25,0.05,0,1,629
6886,400,9,9,128,46,31.4,0.05,0,1,629
6887,380,9,9,117,43,27.6,0.05,0,1,629
6888,400,6,6,112,47,22.7,0.05,0,1,629
6889,400,8,8,121,45,29.45,0.05,0,1,629
6890,349,9,9,127,40,29.91,0.05,0,1,629
6891,400,8,8,111,46,24.6,0.05,0,1,629
6892,400,7,7,117,48,16.75,0.05,0,1,629
6893,399,9,9,128,45,30.86,0.05,0,1,629
6894,400,9,9,128,47,28.8,0.05,0,1,629
6895,400,0,0,25,11,-3.9,0.05,0,1,629
6896,400,8,8,120,48,18.2,0.05,0,1,629
6897,400,1,1,53,25,-5.35,0.05,0,1,629
6898,400,9,9,126,45,30.85,0.05,0,1,629
6899,400,8,8,108,47,21.15,0.05,0,1,629
6900,376,9,9,123,42,28.74,0.05,0,1,629
6901,400,9,9,119,44,30.85,0.05,0,1,629
6902,400,4,4,53,19,11.25,0.05,0,1,629
6903,400,1,1,34,12,-0.2,0.05,0,1,629
6904,400,9,9,129,46,28.5,0.05,0,1,629
6905,400,2,2,73,27,11.15,0.05,0,1,629
6906,400,9,9,117,46,26.2,0.05,0,1,629
6907,380,8,9,117,44,27.35,0.05,0,1,629
6908,400,9,9,127,48,31.6,0.05,0,1,629
6909,400,7,7,119,45,27.8,0.05,0,1,629
6910,400,9,9,124,45,24.15,0.05,0,1,629
6911,400,5,5,74,26,13.95,0.05,0,1,629
6912,325,9,9,114,37,26.85,0.05,0,1,629
6913,400,9,9,132,45,36.35,0.05,0,1,629
6914,400,5,5,85,22,19.4,0.05,0,1,629
6915,400,6,6,109,35,18.5,0.05,0,1,629
6916,400,7,7,113,45,21.25,0.05,0,1,629
6917,304,6,6,117,37,20.11,0.05,1,0,629
6918,400,9,9,115,46,24.35,0.05,0,1,629
6919,400,9,9,133,44,25.8,0.05,0,1,629
6920,400,9,9,117,41,33.0,0.05,0,1,629
6921,400,8,8,104,47,17.8,0.05,0,1,629
6922,392,9,9,123,45,29.68,0.05,0,1,629
6923,400,7,7,119,48,23.65,0.05,0,1,629
6924,372,9,9,121,42,27.98,0.05,0,1,629
6925,400,9,9,127,44,32.75,0.05,0,1,629
6926,400,2,2,66,28,0.1,0.05,0,1,629
6927,231,4,4,81,29,7.84,0.05,1,0,629
6928,400,9,9,94,36,18.6,0.05,0,1,629
6929,400,4,4,75,53,4.55,0.05,0,1,629
6930,400,5,5,92,51,0.9,0.05,0,1,629
6931,394,9,9,133,45,29.01,0.05,0,1,629
6932,400,9,9,120,45,30.1,0.05,0,1,629
6933,400,6,6,92,27,20.9,0.05,0,1,629
6934,381,9,9,126,44,31.99,0.05,0,1,629
6935,394,9,9,122,44,30.11,0.05,0,1,629
6936,400,9,9,115,47,26.05,0.05,0,1,629
6937,400,9,9,118,43,29.55,0.05,0,1,629
6938,388,9,9,120,42,30.72,0.05,0,1,629
6939,400,8,8,114,40,25.3,0.05,0,1,629
6940,400,7,7,118,50,19.55,0.05,0,1,629
6941,400,6,6,103,36,15.7,0.05,0,1,629
6942,400,5,5,96,30,21.15,0.05,0,1,629
6943,400,9,9,120,42,27.9,0.05,0,1,629
6944,400,8,8,116,40,27.4,0.05,0,1,629
6945,400,8,8,115,42,29.2,0.05,0,1,629
6946,400,8,8,120,46,23.25,0.05,0,1,629
6947,400,9,9,105,36,24.4,0.05,0,1,629
6948,400,7,7,111,48,23.35,0.05,0,1,629
6949,400,3,3,47,17,1.4,0.05,0,1,629
6950,400,3,3,61,56,-9.55,0.05,0,1,629
6951,184,2,2,72,24,4.11,0.05,1,0,629
6952,400,8,8,127,42,28.8,0.05,0,1,629
6953,385,9,9,123,44,30.25,0.05,0,1,629
6954,398,8,9,119,48,18.92,0.05,0,1,629
6955,400,9,9,117,45,28.0,0.05,0,1,629
6956,400,9,9,117,38,28.55,0.05,0,1,629
6957,400,8,8,121,45,25.75,0.05,0,1,629
6958,400,8,8,76,24,21.85,0.05,0,1,629
6959,392,9,9,123,44,23.13,0.05,0,1,629
6960,396,9,9,129,45,28.04,0.05,0,1,629
6961,374,9,9,123,45,22.66,0.05,0,1,629
6962,400,6,6,89,27,17.25,0.05,0,1,629
6963,400,8,8,125,45,28.85,0.05,0,1,629
6964,400,8,9,117,47,20.55,0.05,0,1,629
6965,400,9,9,127,44,27.25,0.05,0,1,629
6966,364,9,9,126,39,32.36,0.05,0,1,629
6967,400,6,6,89,29,17.85,0.05,0,1,629
6968,394,8,9,129,43,32.61,0.05,0,1,629
6969,400,8,8,119,44,23.7,0.05,0,1,629
6970,400,7,7,124,45,26.9,0.05,0,1,629
6971,387,8,9,120,41,34.53,0.05,0,1,629
6972,398,9,9,133,44,32.52,0.05,0,1,629
6973,400,9,9,120,43,32.9,0.05,0,1,629
6974,233,6,6,77,28,12.17,0.05,1,0,629
6975,400,9,9,131,47,25.25,0.05,0,1,629
6976,400,5,5,108,43,12.75,0.05,0,1,629
6977,400,9,9,122,48,23.35,0.05,0,1,629
6978,400,8,8,122,47,20.65,0.05,0,1,629
6979,400,9,9,106,47,24.9,0.05,0,1,629
6980,400,0,0,39,16,-2.65,0.05,0,1,629
6981,242,0,0,17,6,-6.17,0.05,1,0,629
6982,400,8,8,125,44,31.5,0.05,0,1,629
6983,400,9,9,115,42,31.0,0.05,0,1,629
6984,354,9,9,125,42,27.81,0.05,0,1,629
6985,377,9,9,123,41,31.68,0.05,0,1,629
6986,400,9,9,131,44,29.7,0.05,0,1,629
6987,386,9,9,137,42,35.94,0.05,0,1,629
6988,376,9,9,126,43,27.69,0.05,0,1,629
6989,400,6,6,89,34,15.1,0.05,0,1,629
6990,400,6,6,98,37,13.55,0.05,0,1,629
6991,400,4,4,120,45,23.2,0.05,0,1,629
6992,400,7,7,100,38,20.05,0.05,0,1,629
6993,369,8,9,126,41,32.01,0.05,0,1,629
6994,400,8,8,124,45,24.75,0.05,0,1,629
6995,400,8,8,119,45,25.25,0.05,0,1,629
6996,398,8,9,121,46,24.02,0.05,0,1,629
6997,382,8,9,124,43,32.28,0.05,0,1,629
6998,400,7,7,97,43,13.7,0.05,0,1,629
6999,400,8,8,118,45,21.9,0.05,0,1,629
7000,400,9,9,122,48,20.95,0.05,0,1,629
7001,400,8,8,122,44,28.15,0.05,0,1,629
7002,400,8,8,118,46,26.55,0.05,0,1,629
7003,400,8,8,116,45,27.1,0.05,0,1,629
7004,392,8,9,130,43,29.53,0.05,0,1,629
7005,370,9,9,126,42,30.15,0.05,0,1,629
7006,400,9,9,108,45,25.85,0.05,0,1,629
7007,400,8,8,120,43,26.6,0.05,0,1,629
7008,380,9,9,131,44,28.2,0.05,0,1,629
7009,400,7,7,107,45,23.65,0.05,0,1,629
7010,392,8,9,129,43,29.68,0.05,0,1,629
7011,189,4,4,74,22,12.41,0.05,1,0,629
7012,400,7,7,115,39,23.5,0.05,0,1,629
7013,400,9,9,110,48,22.2,0.05,0,1,629
7014,400,9,9,113,46,24.95,0.05,0,1,629
7015,400,8,8,115,46,23.5,0.05,0,1,629
7016,400,8,8,124,49,23.95,0.05,0,1,629
7017,400,6,6,96,43,11.45,0.05,0,1,629
7018,400,8,8,115,41,23.35,0.05,0,1,629
7019,400,7,7,119,47,20.6,0.05,0,1,629
7020,400,8,8,130,44,28.0,0.05,0,1,629
7021,400,9,9,126,47,31.0,0.05,0,1,629
7022,400,8,8,121,47,27.4,0.05,0,1,629
7023,400,9,9,117,42,26.35,0.05,0,1,629
7024,391,9,9,117,46,22.19,0.05,0,1,629
7025,380,9,9,112,43,26.0,0.05,0,1,629
7026,400,6,6,121,49,21.9,0.05,0,1,629
7027,400,8,8,115,42,21.1,0.05,0,1,629
7028,400,9,9,120,44,30.1,0.05,0,1,629
7029,400,4,4,75,31,9.1,0.05,0,1,629
7030,400,9,9,118,45,24.8,0.05,0,1,629
7031,400,9,9,128,45,29.45,0.05,0,1,629
7032,348,7,7,117,40,20.02,0.05,1,0,629
7033,400,6,6,100,42,14.35,0.05,0,1,629
7034,400,6,6,126,48,18.75,0.05,0,1,629
7035,400,9,9,100,46,24.55,0.05,0,1,630
7036,400,0,0,22,6,-3.35,0.05,0,1,630
7037,386,9,9,120,44,24.09,0.05,0,1,630
7038,400,5,5,98,45,16.4,0.05,0,1,630
7039,387,9,9,122,43,29.73,0.05,0,1,630
7040,400,7,7,101,38,19.7,0.05,0,1,630
7041,385,9,9,120,43,29.65,0.05,0,1,630
7042,387,9,9,126,42,30.58,0.05,0,1,630
7043,400,6,6,120,47,19.95,0.05,0,1,630
7044,400,3,3,39,34,-7.95,0.05,0,1,630
7045,400,8,8,117,48,23.35,0.05,0,1,630
7046,377,9,9,122,45,24.03,0.05,0,1,630
7047,400,8,8,128,47,24.15,0.05,0,1,630
7048,382,9,9,120,43,26.73,0.05,0,1,630
7049,400,3,3,54,14,8.5,0.05,0,1,630
7050,395,9,9,123,41,25.9,0.05,0,1,630
7051,400,4,4,51,23,0.3,0.05,0,1,630
7052,362,8,9,132,39,36.93,0.05,0,1,630
7053,400,8,8,112,48,25.6,0.05,0,1,630
7054,400,6,6,106,48,20.05,0.05,0,1,630
7055,400,8,8,122,49,23.3,0.05,0,1,630
7056,400,8,8,127,45,30.1,0.05,0,1,630
7057,400,9,9,120,46,29.1,0.05,0,1,630
7058,400,6,6,103,47,16.5,0.05,0,1,630
7059,400,6,6,95,32,13.45,0.05,0,1,630
7060,393,9,9,125,44,27.67,0.05,0,1,630
7061,400,9,9,116,46,23.8,0.05,0,1,630
7062,384,9,9,118,47,21.96,0.05,0,1,630
7063,400,8,8,116,46,26.45,0.05,0,1,630
7064,400,5,5,76,26,12.65,0.05,0,1,630
7065,400,5,5,92,31,17.25,0.05,0,1,630
7066,351,9,9,125,43,27.09,0.05,0,1,630
7067,400,7,7,116,46,26.65,0.05,0,1,630
7068,400,9,9,125,48,27.95,0.05,0,1,630
7069,400,9,9,121,48,26.95,0.05,0,1,630
7070,400,8,8,120,46,21.85,0.05,0,1,630
7071,400,9,9,123,43,35.8,0.05,0,1,630
7072,399,9,9,121,44,25.21,0.05,0,1,630
7073,389,8,9,123,43,28.96,0.05,0,1,630
7074,400,9,9,123,47,25.35,0.05,0,1,630
7075,365,8,9,117,39,31.35,0.05,0,1,630
7076,59,1,1,23,8,-0.84,0.05,1,0,630
7077,400,5,5,105,49,14.2,0.05,0,1,630
7078,400,9,9,136,45,28.25,0.05,0,1,630
7079,400,9,9,121,46,27.0,0.05,0,1,630
7080,400,9,9,123,48,24.8,0.05,0,1,630
7081,400,5,5,99,32,21.5,0.05,0,1,630
7082,400,3,3,77,36,2.6,0.05,0,1,630
7083,400,8,8,124,48,19.7,0.05,0,1,630
7084,400,9,9,118,45,24.6,0.05,0,1,630
7085,400,9,9,117,46,25.55,0.05,0,1,630
7086,400,8,8,126,45,26.9,0.05,0,1,630
7087,400,8,8,113,40,29.75,0.05,0,1,630
7088,400,8,8,116,46,27.25,0.05,0,1,630
7089,384,9,9,127,47,23.36,0.05,0,1,630
7090,392,8,9,119,45,23.98,0.05,0,1,630
7091,364,9,9,116,39,26.86,0.05,0,1,630
7092,400,7,7,120,48,25.25,0.05,0,1,630
7093,378,9,9,117,43,25.77,0.05,0,1,630
7094,400,7,7,121,40,25.4,0.05,0,1,630
7095,400,8,8,115,40,30.8,0.05,0,1,630
7096,400,9,9,121,45,30.25,0.05,0,1,630
7097,377,9,9,122,41,30.98,0.05,0,1,630
7098,343,9,9,123,40,28.22,0.05,0,1,630
7099,390,9,9,126,46,32.0,0.05,0,1,630
7100,400,8,8,123,44,27.15,0.05,0,1,630
7101,369,9,9,117,42,26.51,0.05,0,1,630
7102,377,8,9,114,45,21.23,0.05,0,1,630
7103,400,8,8,114,43,18.7,0.05,0,1,630
7104,400,4,4,81,31,8.15,0.05,0,1,630
7105,387,9,9,116,45,20.73,0.05,0,1,630
7106,400,8,8,107,41,24.95,0.05,0,1,630
7107,388,9,9,120,44,26.82,0.05,0,1,630
7108,400,7,7,114,39,25.0,0.05,0,1,630
7109,400,3,3,49,16,3.5,0.05,0,1,630
7110,400,7,7,114,46,19.8,0.05,0,1,630
7111,400,9,9,119,47,25.75,0.05,0,1,630
7112,400,9,9,115,45,25.35,0.05,0,1,630
7113,400,8,8,126,44,29.55,0.05,0,1,630
7114,400,8,8,112,46,22.15,0.05,0,1,630
7115,400,7,7,103,46,20.3,0.05,0,1,630
7116,359,9,9,126,40,29.86,0.05,0,1,630
7117,400,5,5,116,45,20.95,0.05,0,1,630
7118,400,5,5,50,21,5.7,0.05,0,1,630
7119,400,8,8,120,42,27.15,0.05,0,1,630
7120,400,7,7,119,45,16.0,0.05,0,1,630
7121,400,7,7,111,50,19.65,0.05,0,1,630
7122,366,9,9,127,42,33.14,0.05,0,1,630
7123,400,9,9,108,45,26.7,0.05,0,1,630
7124,400,9,9,124,47,23.15,0.05,0,1,630
7125,400,7,7,70,28,11.3,0.05,0,1,630
7126,400,9,9,122,46,20.85,0.05,0,1,630
7127,400,9,9,124,46,25.4,0.05,0,1,630
7128,400,6,6,118,47,24.1,0.05,0,1,630
7129,400,9,9,123,46,27.05,0.05,0,1,630
7130,343,9,9,126,38,32.22,0.05,0,1,630
7131,400,3,3,74,27,5.85,0.05,0,1,630
7132,356,9,9,131,39,31.44,0.05,0,1,630
7133,400,6,6,125,47,24.75,0.05,0,1,630
7134,400,5,5,106,44,13.25,0.05,0,1,630
7135,400,9,9,121,45,24.75,0.05,0,1,630
7136,386,9,9,120,44,22.29,0.05,0,1,630
7137,383,9,9,123,44,24.52,0.05,0,1,630
7138,400,8,8,127,48,21.3,0.05,0,1,630
7139,400,8,8,114,48,22.75,0.05,0,1,630
7140,377,8,9,117,42,27.68,0.05,0,1,630
7141,380,9,9,121,44,24.0,0.05,0,1,630
7142,369,8,9,119,41,28.66,0.05,0,1,630
7143,400,1,1,25,14,-3.0,0.05,0,1,630
7144,396,9,9,119,47,19.04,0.05,0,1,630
7145,395,9,9,120,45,27.6,0.05,0,1,630
7146,400,9,9,115,45,26.1,0.05,0,1,630
7147,400,7,7,121,47,23.65,0.05,0,1,630
7148,400,9,9,120,46,26.4,0.05,0,1,630
7149,400,8,8,114,45,22.55,0.05,0,1,630
7150,400,9,9,121,45,28.3,0.05,0,1,630
7151,400,9,9,123,45,33.7,0.05,0,1,630
7152,400,9,9,126,48,24.7,0.05,0,1,630
7153,380,9,9,117,42,25.8,0.05,0,1,630
7154,400,1,1,69,28,-1.15,0.05,0,1,630
7155,368,9,9,108,40,26.77,0.05,0,1,630
7156,364,9,9,122,41,30.21,0.05,0,1,630
7157,400,7,7,112,47,19.2,0.05,0,1,630
7158,400,9,9,132,46,28.65,0.05,0,1,630
7159,400,9,9,117,45,26.45,0.05,0,1,630
7160,400,7,7,97,31,18.95,0.05,0,1,630
7161,400,8,8,129,47,30.0,0.05,0,1,630
7162,394,9,9,135,47,28.76,0.05,0,1,630
7163,390,8,9,127,42,27.45,0.05,0,1,630
7164,400,7,7,116,44,28.25,0.05,0,1,630
7165,400,3,3,115,48,18.7,0.05,0,1,630
7166,400,9,9,122,46,23.75,0.05,0,1,630
7167,400,7,7,103,45,23.95,0.05,0,1,630
7168,400,8,8,120,47,27.65,0.05,0,1,630
7169,400,7,7,121,46,22.9,0.05,0,1,630
7170,395,9,9,117,43,31.9,0.05,0,1,630
7171,400,8,8,99,47,19.85,0.05,0,1,630
7172,400,8,8,122,45,26.0,0.05,0,1,630
7173,398,9,9,125,43,30.52,0.05,0,1,630
7174,354,9,9,131,44,33.21,0.05,0,1,630
7175,286,5,5,105,32,21.49,0.05,1,0,630
7176,400,2,2,36,16,-0.8,0.05,0,1,630
7177,400,9,9,110,46,24.95,0.05,0,1,630
7178,400,8,8,124,46,28.65,0.05,0,1,630
7179,400,9,9,127,42,34.35,0.05,0,1,630
7180,400,8,8,121,45,27.4,0.05,0,1,630
7181,400,7,7,117,48,23.05,0.05,0,1,630
7182,400,7,7,105,45,21.5,0.05,0,1,630
7183,400,9,9,127,43,28.5,0.05,0,1,630
7184,400,8,8,111,41,22.1,0.05,0,1,630
7185,400,9,9,114,39,24.3,0.05,0,1,630
7186,400,8,8,103,43,20.0,0.05,0,1,630
7187,355,8,9,129,39,33.05,0.05,0,1,630
7188,400,2,2,62,20,8.85,0.05,0,1,630
7189,400,7,7,108,48,22.25,0.05,0,1,630
7190,363,9,9,121,42,25.22,0.05,0,1,630
7191,383,9,9,126,43,31.22,0.05,0,1,630
7192,400,8,8,114,47,26.2,0.05,0,1,630
7193,400,9,9,129,45,33.4,0.05,0,1,630
7194,400,9,9,120,50,20.8,0.05,0,1,630
7195,359,9,9,125,41,28.41,0.05,0,1,630
7196,400,1,1,75,29,4.5,0.05,0,1,630
7197,367,9,9,119,42,22.78,0.05,0,1,630
7198,400,7,7,108,36,22.35,0.05,0,1,630
7199,400,8,8,112,47,17.5,0.05,0,1,630
7200,400,7,7,87,30,17.95,0.05,0,1,630
7201,374,9,9,119,43,25.81,0.05,0,1,630
7202,400,7,7,114,48,22.1,0.05,0,1,630
7203,400,8,8,126,45,25.65,0.05,0,1,630
7204,400,1,1,46,17,-0.2,0.05,0,1,630
7205,400,8,8,130,44,24.65,0.05,0,1,630
7206,351,9,9,122,41,24.34,0.05,1,0,631
7207,400,9,9,116,46,22.95,0.05,0,1,631
7208,400,8,8,118,49,22.35,0.05,0,1,631
7209,400,1,1,65,24,4.9,0.05,0,1,631
7210,393,9,9,129,45,33.27,0.05,0,1,631
7211,400,8,8,92,45,15.45,0.05,0,1,631
7212,400,9,9,119,43,26.8,0.05,0,1,631
7213,400,9,9,115,45,25.4,0.05,0,1,631
7214,400,5,5,115,47,21.9,0.05,0,1,631
7215,400,9,9,131,48,25.15,0.05,0,1,631
7216,400,9,9,113,46,24.75,0.05,0,1,631
7217,370,8,9,124,42,27.2,0.05,0,1,631
7218,373,8,9,127,41,34.12,0.05,0,1,631
7219,400,4,4,74,32,4.6,0.05,0,1,631
7220,400,8,8,120,47,24.0,0.05,0,1,631
7221,400,7,7,108,48,16.8,0.05,0,1,631
7222,387,8,9,126,43,29.43,0.05,0,1,631
7223,400,8,8,123,46,27.15,0.05,0,1,631
7224,400,8,8,123,49,24.65,0.05,0,1,631
7225,400,3,3,82,27,17.95,0.05,0,1,631
7226,380,8,9,121,40,31.45,0.05,0,1,631
7227,400,8,8,119,44,19.25,0.05,0,1,631
7228,388,9,9,126,42,28.07,0.05,0,1,631
7229,370,9,9,124,44,28.75,0.05,0,1,631
7230,388,8,9,117,43,28.92,0.05,0,1,631
7231,400,8,8,120,46,25.85,0.05,0,1,631
7232,400,8,8,113,43,27.05,0.05,0,1,631
7233,400,8,8,113,48,20.25,0.05,0,1,631
7234,400,7,7,125,45,25.75,0.05,0,1,631
7235,385,9,9,117,42,28.3,0.05,0,1,631
7236,393,9,9,132,49,25.57,0.05,0,1,631
7237,400,8,8,122,44,30.15,0.05,0,1,631
7238,400,8,8,108,46,19.5,0.05,0,1,631
7239,400,8,8,115,46,20.25,0.05,0,1,631
7240,376,9,9,123,44,25.14,0.05,0,1,631
7241,378,9,9,127,41,32.22,0.05,0,1,631
7242,400,6,6,72,27,13.1,0.05,0,1,631
7243,400,9,9,112,46,25.75,0.05,0,1,631
7244,392,8,9,118,45,24.28,0.05,0,1,631
7245,400,7,7,95,46,21.1,0.05,0,1,631
7246,362,9,9,125,42,24.88,0.05,0,1,631
7247,400,1,1,42,15,-0.85,0.05,0,1,631
7248,360,8,9,121,40,28.05,0.05,0,1,631
7249,400,9,9,115,44,25.1,0.05,0,1,631
7250,366,9,9,116,42,26.94,0.05,0,1,631
7251,400,9,9,117,46,21.15,0.05,1,0,632
7252,370,8,9,118,41,28.9,0.05,0,1,632
7253,400,5,5,94,38,8.65,0.05,0,1,632
7254,400,6,6,104,41,14.1,0.05,0,1,632
7255,400,7,7,129,47,26.0,0.05,0,1,632
7256,400,9,9,133,44,28.95,0.05,0,1,632
7257,381,9,9,129,42,31.74,0.05,0,1,632
7258,400,8,8,122,45,27.1,0.05,0,1,632
7259,400,8,8,125,47,25.7,0.05,0,1,632
7260,400,9,9,122,48,22.65,0.05,0,1,632
7261,400,9,9,127,45,29.85,0.05,0,1,632
7262,339,8,9,122,38,32.41,0.05,0,1,632
7263,393,9,9,119,45,27.72,0.05,0,1,632
7264,400,8,8,128,45,28.5,0.05,0,1,632
7265,359,9,9,127,40,30.41,0.05,0,1,632
7266,397,9,9,125,44,28.83,0.05,0,1,632
7267,361,8,9,125,39,30.79,0.05,0,1,632
7268,383,8,9,121,43,26.57,0.05,0,1,632
7269,400,8,8,120,47,21.35,0.05,0,1,632
7270,398,8,9,126,44,26.22,0.05,0,1,632
7271,362,9,9,127,44,26.38,0.05,0,1,632
7272,267,8,8,105,32,21.58,0.05,1,0,632
7273,400,3,3,69,24,6.0,0.05,0,1,632
7274,400,9,9,127,46,30.55,0.05,0,1,632
7275,400,8,8,121,48,18.8,0.05,0,1,632
7276,350,8,9,124,37,32.25,0.05,0,1,632
7277,400,8,8,111,50,19.25,0.05,0,1,632
7278,400,6,6,111,45,23.25,0.05,0,1,632
7279,386,8,9,120,43,27.69,0.05,0,1,632
7280,400,8,8,119,45,24.5,0.05,0,1,632
7281,373,9,9,126,41,33.12,0.05,0,1,632
7282,400,9,9,129,46,29.4,0.05,0,1,632
7283,400,8,8,121,41,26.8,0.05,0,1,632
7284,400,9,9,125,47,23.05,0.05,0,1,632
7285,376,8,9,123,42,29.34,0.05,0,1,632
7286,400,7,7,112,46,21.85,0.05,0,1,632
7287,400,9,9,113,49,22.3,0.05,0,1,632
7288,28,1,1,12,4,-3.68,0.05,1,0,632
7289,400,6,7,132,44,33.3,0.05,0,1,632
7290,400,8,8,115,48,15.7,0.05,0,1,632
7291,397,9,9,121,44,29.43,0.05,0,1,632
7292,400,9,9,115,48,25.7,0.05,0,1,632
7293,400,7,7,112,46,25.45,0.05,0,1,632
7294,373,8,9,128,42,30.87,0.05,0,1,632
7295,400,9,9,125,41,26.6,0.05,0,1,632
7296,400,7,7,124,45,22.15,0.05,0,1,632
7297,400,4,4,83,32,7.75,0.05,0,1,632
7298,400,9,9,111,46,25.3,0.05,0,1,632
7299,400,8,8,125,50,15.9,0.05,0,1,632
7300,400,9,9,119,45,28.5,0.05,0,1,632
7301,400,9,9,129,45,31.5,0.05,0,1,632
7302,400,9,9,99,43,20.15,0.05,0,1,632
7303,381,9,9,118,44,26.94,0.05,0,1,632
7304,400,8,8,125,46,27.3,0.05,0,1,632
7305,400,6,6,122,46,22.5,0.05,0,1,632
7306,388,9,9,112,42,24.77,0.05,0,1,632
7307,376,8,9,123,43,26.44,0.05,0,1,632
7308,358,9,9,110,40,27.02,0.05,0,1,632
7309,400,9,9,122,47,20.75,0.05,0,1,632
7310,400,9,9,128,42,28.7,0.05,0,1,632
7311,400,9,9,118,45,26.2,0.05,0,1,632
7312,400,5,5,112,47,22.95,0.05,0,1,632
7313,400,8,8,123,46,26.2,0.05,0,1,632
7314,400,8,8,114,44,26.7,0.05,0,1,632
7315,400,5,5,68,23,4.25,0.05,0,1,632
7316,400,4,4,75,28,7.5,0.05,0,1,632
7317,400,1,1,29,13,-5.5,0.05,0,1,632
7318,400,8,8,115,46,22.2,0.05,0,1,632
7319,366,8,9,126,40,29.79,0.05,0,1,632
7320,400,9,9,117,46,24.3,0.05,0,1,632
7321,368,8,9,112,38,27.77,0.05,0,1,632
7322,400,6,6,84,26,16.15,0.05,0,1,632
7323,378,9,9,121,43,27.52,0.05,0,1,632
7324,366,9,9,114,43,23.19,0.05,0,1,632
7325,400,8,8,108,46,24.75,0.05,0,1,632
7326,362,9,9,117,41,28.13,0.05,0,1,632
7327,400,5,5,75,28,10.55,0.05,0,1,632
7328,400,2,2,91,35,4.85,0.05,0,1,632
7329,400,9,9,125,48,24.85,0.05,0,1,632
7330,400,9,9,108,44,28.3,0.05,0,1,632
7331,400,3,3,46,17,3.7,0.05,0,1,632
7332,400,9,9,123,46,23.35,0.05,0,1,632
7333,400,4,4,44,13,5.8,0.05,0,1,632
7334,385,9,9,126,46,24.6,0.05,0,1,632
7335,397,9,9,128,46,28.58,0.05,0,1,632
7336,400,8,8,130,46,31.35,0.05,0,1,632
7337,385,9,9,124,45,27.6,0.05,0,1,632
7338,400,8,8,120,45,25.1,0.05,0,1,632
7339,371,8,9,116,41,23.79,0.05,0,1,632
7340,400,8,8,122,46,29.55,0.05,0,1,632
7341,387,8,9,122,47,25.03,0.05,0,1,632
7342,391,8,9,119,45,24.44,0.05,0,1,632
7343,400,2,2,44,25,-4.95,0.05,0,1,632
7344,400,8,8,102,47,17.15,0.05,0,1,632
7345,385,9,9,125,43,26.9,0.05,0,1,632
7346,400,8,8,73,53,0.65,0.05,0,1,632
7347,400,7,7,108,48,24.1,0.05,0,1,632
7348,400,8,9,102,34,20.05,0.05,0,1,632
7349,400,9,9,124,48,22.2,0.05,0,1,632
7350,400,4,4,48,27,0.3,0.05,0,1,632
7351,400,3,3,93,31,17.25,0.05,0,1,632
7352,400,9,9,114,47,28.8,0.05,0,1,632
7353,368,9,9,129,43,26.97,0.05,0,1,632
7354,392,9,9,123,44,24.28,0.05,0,1,632
7355,400,9,9,110,48,20.85,0.05,0,1,632
7356,400,3,3,83,34,1.3,0.05,0,1,632
7357,400,8,8,122,44,25.65,0.05,0,1,632
7358,400,7,7,128,45,32.85,0.05,0,1,632
7359,400,8,8,122,48,24.6,0.05,0,1,632
7360,400,0,0,0,0,-4.85,0.05,0,1,632
7361,400,9,9,122,51,20.85,0.05,0,1,632
7362,400,7,7,113,47,22.75,0.05,0,1,632
7363,400,7,7,107,48,21.4,0.05,0,1,632
7364,365,9,9,119,39,32.55,0.05,0,1,632
7365,400,7,7,123,46,22.25,0.05,0,1,632
7366,400,6,6,126,47,23.3,0.05,0,1,632
7367,370,8,9,122,41,30.65,0.05,0,1,632
7368,400,9,9,125,46,31.5,0.05,0,1,632
7369,400,9,9,123,42,29.2,0.05,0,1,632
7370,376,9,9,122,42,28.24,0.05,0,1,632
7371,400,9,9,117,48,20.1,0.05,0,1,632
7372,400,7,8,119,43,21.2,0.05,0,1,632
7373,394,9,9,126,46,26.71,0.05,0,1,632
7374,395,9,9,121,45,27.05,0.05,0,1,632
7375,400,7,7,129,49,27.15,0.05,0,1,632
7376,365,9,9,118,43,25.25,0.05,0,1,632
7377,400,2,2,41,22,-4.7,0.05,0,1,632
7378,382,9,9,123,44,24.58,0.05,0,1,632
7379,400,8,8,109,46,24.05,0.05,0,1,632
7380,359,8,9,127,41,27.51,0.05,0,1,632
7381,400,8,8,105,49,22.5,0.05,0,1,632
7382,317,9,9,114,39,19.53,0.05,1,0,633
7383,400,2,2,74,33,5.85,0.05,0,1,633
7384,366,9,9,124,41,30.74,0.05,0,1,633
7385,400,0,0,23,7,-3.0,0.05,0,1,633
7386,400,9,9,128,46,30.3,0.05,0,1,633
7387,380,8,9,125,42,30.4,0.05,0,1,633
7388,380,8,9,127,43,32.85,0.05,0,1,633
7389,388,9,9,125,43,27.17,0.05,0,1,633
7390,400,7,7,102,46,18.5,0.05,0,1,633
7391,400,4,4,78,31,7.05,0.05,0,1,633
7392,400,8,8,126,46,29.0,0.05,0,1,633
7393,328,9,9,123,39,23.82,0.05,0,1,633
7394,400,6,6,120,46,24.7,0.05,0,1,633
7395,400,8,8,118,51,20.05,0.05,0,1,633
7396,369,9,9,122,42,25.66,0.05,0,1,633
7397,400,8,8,94,47,19.1,0.05,0,1,633
7398,400,5,5,101,47,15.25,0.05,0,1,633
7399,400,5,5,48,12,10.15,0.05,0,1,633
7400,400,7,8,114,47,17.2,0.05,0,1,633
7401,400,1,1,31,13,-1.75,0.05,0,1,633
7402,375,9,9,125,42,29.1,0.05,0,1,633
7403,400,9,9,111,48,22.65,0.05,0,1,633
7404,400,8,8,126,47,26.95,0.05,0,1,633
7405,400,9,9,123,48,22.9,0.05,0,1,633
7406,400,7,7,107,45,16.8,0.05,0,1,633
7407,389,8,9,120,40,33.91,0.05,0,1,633
7408,400,8,8,110,46,24.35,0.05,0,1,633
7409,394,9,9,130,46,29.26,0.05,0,1,633
7410,400,9,9,119,45,31.5,0.05,0,1,633
7411,350,9,9,106,41,17.8,0.05,1,0,633
7412,400,8,8,104,44,21.45,0.05,0,1,633
7413,400,9,9,128,46,30.85,0.05,0,1,633
7414,400,8,8,120,45,28.1,0.05,0,1,633
7415,400,7,7,109,47,22.9,0.05,0,1,633
7416,400,4,4,86,27,17.75,0.05,0,1,633
7417,400,8,8,125,46,28.35,0.05,0,1,633
7418,400,6,6,93,30,19.75,0.05,0,1,633
7419,400,8,8,115,40,23.15,0.05,0,1,633
7420,400,9,9,112,45,21.2,0.05,0,1,633
7421,400,7,7,105,47,21.05,0.05,0,1,633
7422,369,9,9,125,40,30.81,0.05,0,1,633
7423,400,8,8,123,46,22.8,0.05,0,1,633
7424,400,8,8,111,47,15.85,0.05,0,1,633
7425,400,9,9,123,48,23.2,0.05,0,1,633
7426,400,8,8,109,45,22.85,0.05,0,1,633
7427,367,8,9,121,40,28.43,0.05,0,1,633
7428,393,9,9,119,45,27.17,0.05,0,1,633
7429,400,9,9,117,45,30.0,0.05,0,1,633
7430,388,8,9,124,43,30.07,0.05,0,1,633
7431,400,9,9,117,45,28.25,0.05,0,1,633
7432,400,9,9,110,46,26.1,0.05,0,1,633
7433,400,9,9,112,46,23.05,0.05,0,1,633
7434,388,9,9,125,44,30.52,0.05,0,1,633
7435,400,8,8,126,47,28.05,0.05,0,1,633
7436,385,9,9,121,44,29.2,0.05,0,1,633
7437,400,5,5,100,33,20.85,0.05,0,1,633
7438,400,6,6,116,45,29.25,0.05,0,1,633
7439,367,9,9,127,43,25.58,0.05,0,1,633
7440,400,6,6,96,46,17.45,0.05,0,1,633
7441,400,8,8,118,47,22.45,0.05,0,1,633
7442,399,9,9,115,45,27.01,0.05,0,1,633
7443,400,9,9,119,49,26.3,0.05,0,1,633
7444,367,8,9,114,40,30.43,0.05,0,1,633
7445,346,9,9,123,38,30.49,0.05,0,1,633
7446,343,9,9,112,39,26.77,0.05,0,1,633
7447,400,8,8,115,45,23.15,0.05,0,1,633
7448,392,9,9,126,44,31.78,0.05,0,1,633
7449,382,9,9,123,44,28.83,0.05,0,1,633
7450,400,4,4,94,30,15.6,0.05,0,1,633
7451,400,9,9,125,45,18.7,0.05,0,1,633
7452,400,9,9,117,43,27.45,0.05,0,1,633
7453,400,9,9,108,45,25.3,0.05,0,1,633
7454,390,8,9,123,46,33.95,0.05,0,1,633
7455,400,5,5,105,40,19.15,0.05,0,1,633
7456,400,8,8,126,45,30.95,0.05,0,1,633
7457,400,9,9,115,49,22.9,0.05,0,1,633
7458,400,7,7,110,46,21.8,0.05,0,1,633
7459,105,2,2,49,15,0.4,0.05,1,0,633
7460,400,3,3,52,15,6.5,0.05,0,1,633
7461,384,9,9,134,43,33.01,0.05,0,1,633
7462,365,9,9,124,41,31.15,0.05,0,1,633
7463,400,7,7,124,43,28.25,0.05,0,1,633
7464,400,9,9,125,46,28.85,0.05,0,1,633
7465,399,8,9,116,45,23.76,0.05,0,1,633
7466,400,8,8,121,45,25.75,0.05,0,1,633
7467,400,9,9,107,48,20.45,0.05,0,1,633
7468,400,5,5,103,39,22.45,0.05,0,1,633
7469,400,6,6,107,38,22.6,0.05,0,1,633
7470,400,9,9,123,45,28.0,0.05,0,1,633
7471,400,7,7,115,38,19.7,0.05,0,1,633
7472,378,9,9,119,43,28.17,0.05,0,1,633
7473,400,7,7,110,45,14.9,0.05,0,1,633
7474,382,8,9,124,44,30.68,0.05,0,1,633
7475,400,7,7,124,46,19.15,0.05,0,1,633
7476,400,9,9,125,46,30.1,0.05,0,1,633
7477,400,9,9,127,47,19.75,0.05,0,1,633
7478,400,6,6,107,47,24.1,0.05,0,1,633
7479,400,9,9,106,46,22.55,0.05,0,1,633
7480,400,9,9,122,47,25.8,0.05,0,1,633
7481,400,7,7,89,39,14.0,0.05,0,1,633
7482,400,0,0,30,9,-1.2,0.05,0,1,633
7483,400,9,9,116,48,25.2,0.05,0,1,633
7484,29,0,0,12,4,-4.39,0.05,1,0,633
7485,400,5,5,58,19,10.4,0.05,0,1,633
7486,365,8,9,119,40,28.4,0.05,0,1,633
7487,378,9,9,118,44,24.67,0.05,0,1,633
7488,400,6,6,104,43,17.15,0.05,0,1,633
7489,400,8,8,115,46,22.6,0.05,0,1,633
7490,400,2,2,37,17,-1.25,0.05,0,1,633
7491,400,5,5,124,46,18.4,0.05,0,1,633
7492,400,6,6,105,39,16.7,0.05,0,1,633
7493,400,8,8,118,46,26.5,0.05,0,1,633
7494,400,0,0,30,12,-1.75,0.05,0,1,633
7495,400,9,9,111,48,11.05,0.05,0,1,633
7496,400,7,7,104,45,17.85,0.05,0,1,633
7497,400,9,9,117,45,25.65,0.05,0,1,633
7498,363,9,9,122,40,33.52,0.05,0,1,633
7499,400,9,9,115,45,25.65,0.05,0,1,633
7500,393,8,9,132,46,28.27,0.05,0,1,633
7501,381,8,9,124,45,22.09,0.05,0,1,633
7502,366,9,9,128,40,31.94,0.05,0,1,633
7503,368,8,9,117,41,26.57,0.05,0,1,633
7504,400,7,7,97,37,16.85,0.05,0,1,633
7505,400,6,6,122,45,18.8,0.05,0,1,633
7506,400,8,8,110,47,21.45,0.05,0,1,633
7507,400,1,1,9,3,-1.4,0.05,0,1,633
7508,400,3,3,38,14,-0.05,0.05,0,1,633
7509,400,9,9,113,45,21.15,0.05,0,1,633
7510,400,5,5,103,48,17.0,0.05,0,1,633
7511,389,9,9,125,44,31.21,0.05,0,1,633
7512,400,5,5,101,46,19.95,0.05,0,1,633
7513,400,8,8,112,44,25.5,0.05,0,1,633
7514,400,9,9,126,46,29.25,0.05,0,1,633
7515,400,8,8,115,45,27.8,0.05,0,1,633
7516,400,8,8,127,46,28.8,0.05,0,1,633
7517,400,9,9,115,46,25.8,0.05,0,1,633
7518,382,9,9,126,43,27.23,0.05,0,1,633
7519,400,9,9,118,48,25.1,0.05,0,1,633
7520,388,9,9,130,43,32.92,0.05,0,1,633
7521,378,8,9,124,44,24.97,0.05,0,1,633
7522,375,8,9,115,43,28.55,0.05,0,1,633
7523,400,8,8,123,46,26.45,0.05,0,1,633
7524,400,9,9,118,47,24.8,0.05,0,1,633
7525,400,7,7,110,49,18.85,0.05,0,1,633
7526,248,5,5,90,30,9.27,0.05,1,0,633
7527,392,8,9,118,43,26.58,0.05,0,1,633
7528,400,9,9,122,45,27.2,0.05,0,1,633
7529,400,8,8,121,44,28.6,0.05,0,1,633
7530,348,8,9,118,41,22.87,0.05,0,1,633
7531,400,7,7,121,42,25.6,0.05,0,1,633
7532,400,7,7,114,40,25.4,0.05,0,1,633
7533,400,9,9,111,46,21.25,0.05,0,1,633
7534,400,8,8,125,46,25.95,0.05,0,1,633
7535,400,7,7,122,46,27.65,0.05,0,1,633
7536,400,8,8,109,46,21.85,0.05,0,1,633
7537,400,0,0,28,33,-15.75,0.05,0,1,633
7538,400,4,4,77,55,-7.9,0.05,0,1,633
7539,400,7,7,101,52,6.0,0.05,0,1,633
7540,400,9,9,126,45,30.05,0.05,0,1,633
7541,400,9,9,123,48,28.5,0.05,0,1,633
7542,400,2,2,73,31,4.75,0.05,0,1,633
7543,400,7,7,113,51,17.4,0.05,0,1,633
7544,400,8,8,114,50,15.65,0.05,0,1,633
7545,400,6,6,116,50,17.1,0.05,0,1,633
7546,400,8,8,115,53,16.75,0.05,0,1,633
7547,400,4,4,55,57,-14.95,0.05,0,1,633
7548,388,9,9,122,45,26.72,0.05,0,1,633
7549,400,4,4,99,42,5.55,0.05,0,1,633
7550,387,9,9,117,43,24.58,0.05,0,1,633
7551,400,9,9,127,47,31.1,0.05,0,1,633
7552,393,9,9,115,45,26.02,0.05,0,1,633
7553,400,7,7,98,46,16.7,0.05,0,1,633
7554,383,9,9,128,44,31.92,0.05,0,1,633
7555,387,8,9,125,45,26.68,0.05,0,1,633
7556,384,9,9,123,44,30.56,0.05,0,1,633
7557,342,9,9,125,39,31.98,0.05,0,1,633
7558,400,8,8,124,48,25.9,0.05,0,1,633
7559,400,0,0,44,18,-1.25,0.05,0,1,633
7560,400,9,9,117,49,28.3,0.05,0,1,633
7561,400,2,2,47,57,-10.05,0.05,0,1,633
7562,400,0,0,38,57,-25.6,0.05,0,1,633
7563,400,6,6,113,49,16.1,0.05,0,1,633
7564,400,6,6,118,50,11.7,0.05,0,1,633
7565,400,6,6,92,37,13.55,0.05,0,1,633
7566,400,9,9,116,40,30.95,0.05,0,1,633
7567,400,9,9,111,38,29.5,0.05,0,1,633
7568,400,9,9,119,41,31.55,0.05,0,1,633
7569,388,9,9,118,43,24.87,0.05,0,1,633
7570,400,8,8,117,39,32.05,0.05,0,1,633
7571,400,4,4,99,34,11.65,0.05,0,1,633
7572,400,9,9,119,49,26.5,0.05,0,1,633
7573,400,9,9,123,44,28.15,0.05,0,1,633
7574,400,7,7,118,46,22.75,0.05,0,1,633
7575,400,6,6,93,39,11.9,0.05,0,1,633
7576,230,5,5,84,27,11.5,0.05,1,0,633
7577,400,8,9,125,45,25.6,0.05,0,1,633
7578,380,8,9,121,41,34.05,0.05,0,1,633
7579,362,8,9,123,41,29.48,0.05,0,1,633
7580,400,9,9,122,47,25.95,0.05,0,1,633
7581,400,7,7,109,39,20.65,0.05,0,1,633
7582,400,8,8,123,39,30.6,0.05,0,1,633
7583,400,7,7,112,45,20.95,0.05,0,1,633
7584,400,3,3,87,49,7.7,0.05,0,1,633
7585,374,8,9,119,42,24.91,0.05,0,1,633
7586,400,9,9,117,45,27.7,0.05,0,1,633
7587,398,8,9,130,48,26.57,0.05,0,1,633
7588,394,9,9,119,46,27.66,0.05,0,1,633
7589,400,9,9,126,46,28.3,0.05,0,1,633
7590,400,8,8,104,39,15.4,0.05,0,1,633
7591,392,9,9,118,44,23.83,0.05,0,1,633
7592,400,8,8,131,48,27.5,0.05,0,1,633
7593,365,9,9,121,41,31.25,0.05,0,1,633
7594,400,5,5,113,40,23.45,0.05,0,1,633
7595,400,8,8,117,45,27.0,0.05,0,1,633
7596,339,9,9,119,42,26.86,0.05,0,1,633
7597,400,7,7,112,48,21.4,0.05,0,1,633
7598,400,7,7,108,45,20.9,0.05,0,1,633
7599,400,8,8,125,46,27.2,0.05,0,1,633
7600,400,7,7,121,53,24.5,0.05,0,1,633
7601,400,0,0,38,56,-13.1,0.05,0,1,633
7602,400,8,8,110,46,24.05,0.05,0,1,633
7603,400,7,7,110,37,25.4,0.05,0,1,633
7604,400,8,8,114,48,20.15,0.05,0,1,633
7605,351,9,9,130,40,35.69,0.05,0,1,633
7606,400,9,9,118,46,21.6,0.05,0,1,633
7607,400,9,9,137,46,33.85,0.05,0,1,633
7608,400,8,8,120,46,25.75,0.05,0,1,633
7609,35,1,1,10,5,-5.35,0.05,1,0,633
7610,246,5,5,93,30,15.59,0.05,1,0,633
7611,396,9,9,115,45,22.89,0.05,0,1,633
7612,400,6,6,110,39,13.5,0.05,0,1,633
7613,400,8,8,107,45,26.75,0.05,0,1,633
7614,400,8,8,97,38,22.1,0.05,0,1,633
7615,400,9,9,110,45,28.5,0.05,0,1,633
7616,400,7,7,115,45,26.15,0.05,0,1,633
7617,400,5,5,111,48,20.3,0.05,0,1,633
7618,400,6,6,97,31,18.65,0.05,0,1,633
7619,389,9,9,125,43,28.66,0.05,0,1,633
7620,391,9,9,127,41,33.14,0.05,0,1,633
7621,375,9,9,118,42,27.15,0.05,0,1,633
7622,400,7,7,124,47,26.1,0.05,0,1,633
7623,400,9,9,105,46,24.7,0.05,0,1,633
7624,400,4,4,64,24,5.5,0.05,0,1,633
7625,400,9,9,123,48,25.8,0.05,0,1,633
7626,400,7,7,118,46,24.75,0.05,0,1,633
7627,397,8,9,123,43,34.63,0.05,0,1,633
7628,393,8,9,122,44,19.72,0.05,0,1,633
7629,399,9,9,122,46,26.61,0.05,0,1,633
7630,400,8,8,112,44,26.85,0.05,0,1,633
7631,400,9,9,118,45,25.4,0.05,0,1,633
7632,398,9,9,128,43,30.22,0.05,0,1,633
7633,356,9,9,119,43,26.79,0.05,0,1,633
7634,364,8,9,116,41,26.86,0.05,0,1,633
7635,358,9,9,120,42,29.92,0.05,0,1,633
7636,400,9,9,102,48,27.6,0.05,0,1,633
7637,400,9,9,123,47,21.85,0.05,0,1,633
7638,376,9,9,129,41,32.04,0.05,0,1,633
7639,389,9,9,118,42,24.96,0.05,0,1,633
7640,400,7,7,107,49,17.45,0.05,0,1,633
7641,400,3,3,82,32,9.1,0.05,0,1,633
7642,400,8,8,86,42,11.0,0.05,0,1,633
7643,400,7,7,118,50,16.9,0.05,0,1,633
7644,400,0,0,45,14,2.3,0.05,0,1,633
7645,375,9,9,118,44,24.1,0.05,0,1,633
7646,87,2,2,36,11,3.38,0.05,1,0,633
7647,400,4,4,107,35,19.55,0.05,0,1,633
7648,390,8,9,129,45,28.6,0.05,0,1,633
7649,396,9,9,117,42,27.29,0.05,0,1,633
7650,400,8,8,110,42,17.85,0.05,0,1,633
7651,400,9,9,124,49,27.4,0.05,0,1,633
7652,379,8,9,127,44,31.86,0.05,0,1,633
7653,394,8,9,123,48,23.66,0.05,0,1,633
7654,400,9,9,126,45,29.8,0.05,0,1,633
7655,74,1,1,27,10,-1.29,0.05,1,0,633
7656,400,3,3,56,24,2.7,0.05,0,1,633
7657,398,8,9,127,50,20.07,0.05,0,1,633
7658,374,8,9,118,43,28.66,0.05,0,1,633
7659,400,2,2,88,51,5.15,0.05,0,1,633
7660,386,9,9,133,45,32.09,0.05,0,1,633
7661,400,9,9,129,50,28.65,0.05,0,1,633
7662,335,8,9,110,37,26.15,0.05,0,1,633
7663,388,9,9,119,46,30.17,0.05,0,1,633
7664,400,5,5,100,47,13.8,0.05,0,1,633
7665,400,5,5,91,30,16.15,0.05,0,1,633
7666,396,9,9,120,46,27.74,0.05,0,1,633
7667,400,6,6,110,48,22.75,0.05,0,1,633
7668,400,7,7,117,48,17.7,0.05,0,1,633
7669,400,9,9,124,48,23.3,0.05,0,1,633
7670,400,9,9,99,47,19.15,0.05,0,1,633
7671,400,3,3,51,37,0.35,0.05,0,1,633
7672,400,5,5,73,54,-8.55,0.05,0,1,633
7673,400,8,8,115,47,23.25,0.05,0,1,633
7674,352,8,9,130,44,27.58,0.05,0,1,633
7675,390,9,9,125,45,29.95,0.05,0,1,633
7676,400,8,8,122,46,28.95,0.05,0,1,633
7677,368,9,9,125,40,31.62,0.05,0,1,633
7678,400,6,6,110,52,15.8,0.05,0,1,633
7679,391,8,9,120,44,27.99,0.05,0,1,633
7680,345,9,9,120,40,26.5,0.05,0,1,633
7681,343,8,9,118,39,27.17,0.05,0,1,633
7682,386,9,9,116,47,21.99,0.05,0,1,633
7683,356,8,9,124,42,29.54,0.05,0,1,633
7684,400,9,9,103,46,27.35,0.05,0,1,633
7685,325,9,9,117,35,29.25,0.05,1,0,633
7686,400,9,9,126,47,25.05,0.05,0,1,633
7687,226,4,4,90,28,12.24,0.05,1,0,633
7688,400,6,6,108,47,17.4,0.05,0,1,633
7689,357,8,9,122,40,32.08,0.05,0,1,633
7690,397,9,9,116,49,27.63,0.05,0,1,633
7691,380,9,9,123,44,29.25,0.05,0,1,633
7692,400,9,9,124,45,31.85,0.05,0,1,633
7693,400,8,8,122,49,22.8,0.05,0,1,633
7694,381,9,9,125,41,25.84,0.05,1,0,633
7695,400,5,5,71,54,7.4,0.05,0,1,633
7696,400,9,9,108,39,23.7,0.05,0,1,633
7697,400,9,9,115,47,22.9,0.05,0,1,633
7698,375,9,9,124,45,27.95,0.05,0,1,633
7699,400,7,7,112,46,23.6,0.05,0,1,633
7700,379,9,9,118,44,26.21,0.05,0,1,633
7701,400,9,9,120,47,29.75,0.05,0,1,633
7702,400,9,9,123,44,24.9,0.05,0,1,633
7703,400,8,8,120,48,25.05,0.05,0,1,633
7704,347,8,9,127,41,28.83,0.05,0,1,633
7705,390,9,9,126,43,28.9,0.05,0,1,633
7706,364,9,9,124,43,29.31,0.05,0,1,633
7707,383,8,9,125,43,30.52,0.05,0,1,633
7708,364,8,9,121,41,26.11,0.05,0,1,633
7709,400,7,8,119,46,28.25,0.05,0,1,633
7710,400,8,8,118,48,23.7,0.05,0,1,633
7711,355,8,9,121,40,28.85,0.05,0,1,633
7712,362,9,9,129,41,32.83,0.05,0,1,633
7713,394,8,9,125,45,28.71,0.05,0,1,633
7714,400,8,8,116,47,25.1,0.05,0,1,633
7715,400,9,9,119,44,27.7,0.05,0,1,633
7716,330,9,9,122,39,25.45,0.05,0,1,633
7717,373,9,9,128,42,34.22,0.05,0,1,634
7718,371,8,9,118,46,19.14,0.05,0,1,634
7719,400,4,4,87,38,11.45,0.05,0,1,634
7720,398,8,9,130,46,27.62,0.05,0,1,634
7721,392,9,9,122,47,23.73,0.05,0,1,634
7722,400,8,8,123,45,32.1,0.05,0,1,634
7723,381,8,9,118,43,26.19,0.05,0,1,634
7724,397,8,9,131,46,26.98,0.05,0,1,634
7725,346,9,9,112,40,30.19,0.05,0,1,634
7726,394,9,9,123,43,31.21,0.05,0,1,634
7727,371,8,9,123,43,27.49,0.05,0,1,634
7728,400,8,8,130,48,27.35,0.05,0,1,634
7729,400,8,8,115,45,21.25,0.05,0,1,634
7730,400,2,2,37,56,-13.95,0.05,0,1,634
7731,400,8,8,115,40,26.8,0.05,0,1,634
7732,400,3,3,85,35,4.35,0.05,0,1,634
7733,400,6,6,113,48,18.85,0.05,0,1,634
7734,400,5,5,73,54,6.4,0.05,0,1,634
7735,400,8,8,106,47,26.25,0.05,0,1,634
7736,357,8,9,129,39,33.43,0.05,0,1,634
7737,336,9,9,123,39,26.14,0.05,0,1,634
7738,400,9,9,126,47,28.25,0.05,0,1,634
7739,383,9,9,114,44,19.42,0.05,0,1,634
7740,400,6,6,101,39,18.1,0.05,0,1,634
7741,363,9,9,125,44,21.42,0.05,0,1,634
7742,400,7,7,126,44,27.75,0.05,0,1,634
7743,400,9,9,110,45,28.7,0.05,0,1,634
7744,400,7,7,120,43,14.25,0.05,0,1,634
7745,381,8,9,125,44,28.84,0.05,0,1,634
7746,400,7,7,109,47,18.95,0.05,0,1,634
7747,400,8,8,109,45,16.8,0.05,0,1,634
7748,400,7,7,117,47,25.3,0.05,0,1,634
7749,400,9,9,131,49,25.75,0.05,0,1,634
7750,370,9,9,120,42,28.7,0.05,0,1,634
7751,400,8,8,119,49,24.55,0.05,0,1,634
7752,400,8,8,110,44,20.5,0.05,0,1,634
7753,400,6,6,111,47,21.8,0.05,0,1,634
7754,400,8,8,117,38,24.6,0.05,0,1,634
7755,385,9,9,127,44,29.75,0.05,0,1,634
7756,398,9,9,123,47,25.67,0.05,0,1,634
7757,120,3,3,65,15,12.7,0.05,1,0,634
7758,364,9,9,114,41,24.61,0.05,0,1,634
7759,400,9,9,114,50,25.65,0.05,0,1,634
7760,384,9,9,125,44,31.11,0.05,0,1,634
7761,400,5,5,71,31,6.25,0.05,0,1,634
7762,400,9,9,133,46,33.55,0.05,0,1,634
7763,400,7,7,114,48,21.1,0.05,0,1,634
7764,400,9,9,117,47,21.6,0.05,0,1,634
7765,400,8,8,127,42,34.0,0.05,0,1,634
7766,400,5,5,110,40,16.6,0.05,0,1,634
7767,400,9,9,118,49,25.35,0.05,0,1,634
7768,400,9,9,121,44,28.05,0.05,0,1,634
7769,400,7,7,109,49,21.25,0.05,0,1,634
7770,400,1,1,37,13,-1.9,0.05,0,1,634
7771,387,9,9,120,43,26.48,0.05,0,1,634
7772,381,9,9,113,47,23.14,0.05,0,1,634
7773,400,1,1,56,18,3.35,0.05,0,1,634
7774,400,8,8,117,48,22.55,0.05,0,1,634
7775,400,9,9,125,49,19.9,0.05,0,1,634
7776,353,9,9,123,42,27.22,0.05,0,1,634
7777,399,9,9,122,45,25.46,0.05,0,1,634
7778,384,9,9,130,46,25.96,0.05,0,1,634
7779,351,8,9,113,38,28.94,0.05,0,1,634
7780,363,8,9,119,41,29.62,0.05,0,1,634
7781,400,6,6,128,48,24.75,0.05,0,1,634
7782,400,8,8,123,41,25.55,0.05,0,1,634
7783,372,8,9,125,42,28.33,0.05,0,1,634
7784,400,9,9,123,45,24.2,0.05,0,1,634
7785,400,9,9,127,48,28.25,0.05,0,1,634
7786,371,9,9,120,42,20.64,0.05,1,0,634
7787,388,9,9,119,44,24.17,0.05,0,1,634
7788,400,9,9,116,48,25.8,0.05,0,1,634
7789,400,9,9,126,45,30.35,0.05,0,1,634
7790,400,5,5,76,53,7.45,0.05,0,1,634
7791,400,9,9,137,46,27.5,0.05,0,1,634
7792,400,9,9,128,47,28.3,0.05,0,1,634
7793,393,9,9,128,44,30.27,0.05,0,1,634
7794,367,9,9,127,42,29.08,0.05,0,1,634
7795,377,8,9,116,43,25.53,0.05,0,1,634
7796,188,6,6,75,22,12.92,0.05,1,0,634
7797,272,8,8,90,34,10.33,0.05,1,0,634
7798,348,8,9,112,37,29.87,0.05,0,1,634
7799,398,9,9,121,48,27.77,0.05,0,1,634
7800,400,9,9,125,48,31.8,0.05,0,1,634
7801,124,1,1,35,17,-2.64,0.05,1,0,634
7802,400,5,5,87,30,17.15,0.05,0,1,634
7803,400,0,0,10,3,-3.6,0.05,0,1,634
7804,343,8,9,117,40,27.42,0.05,0,1,634
7805,400,8,8,132,46,31.0,0.05,0,1,634
7806,400,0,0,20,6,-4.4,0.05,0,1,634
7807,366,8,9,123,43,19.39,0.05,0,1,634
7808,400,8,8,130,47,26.15,0.05,0,1,634
7809,397,9,9,125,46,29.83,0.05,0,1,634
7810,391,9,9,129,44,31.69,0.05,0,1,634
7811,366,9,9,122,42,24.44,0.05,0,1,634
7812,342,9,9,124,39,33.58,0.05,0,1,635
7813,400,8,8,118,46,27.15,0.05,0,1,635
7814,400,6,6,86,30,15.05,0.05,0,1,635
7815,390,9,9,117,47,24.0,0.05,0,1,635
7816,400,8,8,121,46,28.4,0.05,0,1,635
7817,396,9,9,120,46,22.39,0.05,0,1,635
7818,379,9,9,112,41,25.46,0.05,0,1,635
7819,347,9,9,126,41,30.83,0.05,0,1,635
7820,400,9,9,136,48,29.95,0.05,0,1,635
7821,400,6,6,122,46,26.9,0.05,0,1,635
7822,400,8,8,107,48,21.75,0.05,0,1,635
7823,390,9,9,122,43,24.8,0.05,0,1,635
7824,400,5,5,56,22,9.45,0.05,0,1,635
7825,400,7,7,122,47,22.4,0.05,0,1,635
7826,400,8,8,116,46,26.7,0.05,0,1,635
7827,400,9,9,117,47,23.9,0.05,0,1,635
7828,354,9,9,115,40,31.71,0.05,0,1,635
7829,400,8,8,119,44,22.45,0.05,0,1,635
7830,400,7,7,114,37,28.1,0.05,0,1,635
7831,400,3,3,94,38,11.85,0.05,0,1,635
7832,374,9,9,123,43,30.21,0.05,0,1,635
7833,400,5,5,100,39,14.3,0.05,0,1,635
7834,400,2,2,24,39,-14.55,0.05,0,1,635
7835,400,3,3,29,57,-7.7,0.05,0,1,635
7836,400,9,9,118,46,25.4,0.05,0,1,635
7837,400,8,8,105,46,22.7,0.05,0,1,635
7838,400,8,8,104,46,24.65,0.05,0,1,635
7839,400,7,7,108,47,20.35,0.05,0,1,635
7840,378,9,9,126,45,29.37,0.05,0,1,635
7841,400,8,8,116,49,15.65,0.05,0,1,635
7842,392,9,9,117,46,24.88,0.05,0,1,635
7843,400,7,7,98,49,12.55,0.05,0,1,635
7844,400,2,2,67,54,-3.55,0.05,0,1,635
7845,400,9,9,122,49,23.8,0.05,0,1,635
7846,400,3,3,88,27,13.9,0.05,0,1,635
7847,400,9,9,122,45,27.15,0.05,0,1,635
7848,400,8,8,112,46,24.35,0.05,0,1,635
7849,400,9,9,117,49,22.5,0.05,0,1,635
7850,400,9,9,122,47,29.05,0.05,0,1,635
7851,400,6,6,107,48,21.8,0.05,0,1,635
7852,374,8,9,131,45,30.06,0.05,0,1,635
7853,370,8,9,124,39,30.9,0.05,0,1,635
7854,400,5,5,46,19,3.05,0.05,0,1,635
7855,400,8,8,109,39,20.85,0.05,0,1,635
7856,400,7,7,115,46,23.05,0.05,0,1,635
7857,400,8,8,121,44,26.7,0.05,0,1,635
7858,380,9,9,124,42,32.35,0.05,0,1,635
7859,349,8,9,116,40,24.56,0.05,0,1,635
7860,400,7,7,117,41,24.9,0.05,0,1,635
7861,366,8,9,123,43,25.44,0.05,0,1,635
7862,356,9,9,108,39,27.84,0.05,0,1,635
7863,400,5,5,65,20,15.1,0.05,0,1,635
7864,400,8,8,103,37,21.65,0.05,0,1,635
7865,368,9,9,121,42,22.22,0.05,0,1,635
7866,400,8,8,107,47,21.05,0.05,0,1,635
7867,400,3,3,50,14,4.6,0.05,0,1,635
7868,347,8,9,114,39,29.38,0.05,0,1,635
7869,394,9,9,130,49,24.81,0.05,0,1,635
7870,400,5,5,99,45,14.35,0.05,0,1,635
7871,371,9,9,122,41,29.19,0.05,0,1,635
7872,382,8,9,118,46,22.93,0.05,0,1,635
7873,400,2,2,44,23,-4.35,0.05,0,1,635
7874,371,9,9,123,42,34.29,0.05,0,1,635
7875,399,9,9,120,40,30.56,0.05,0,1,635
7876,400,6,6,94,50,17.8,0.05,0,1,635
7877,400,3,3,58,55,-6.1,0.05,0,1,635
7878,400,4,4,80,48,9.65,0.05,0,1,635
7879,400,6,6,90,52,5.45,0.05,0,1,635
7880,400,2,2,77,55,-14.2,0.05,0,1,635
7881,400,1,1,39,14,2.8,0.05,0,1,635
7882,400,5,5,104,49,18.15,0.05,0,1,635
7883,400,9,9,75,25,19.2,0.05,0,1,635
7884,400,8,8,126,47,20.55,0.05,0,1,635
7885,350,9,9,130,42,34.9,0.05,0,1,635
7886,400,9,9,118,48,23.2,0.05,0,1,635
7887,384,9,9,128,45,27.46,0.05,0,1,635
7888,400,9,9,118,45,28.5,0.05,0,1,635
7889,400,9,9,125,45,28.55,0.05,0,1,635
7890,400,8,8,114,46,24.25,0.05,0,1,635
7891,400,3,3,63,31,0.45,0.05,0,1,635
7892,400,7,7,118,50,16.65,0.05,0,1,635
7893,400,1,1,18,7,-4.95,0.05,0,1,635
7894,272,5,5,102,33,16.53,0.05,1,0,635
7895,400,8,8,108,47,18.3,0.05,0,1,635
7896,400,2,2,39,13,4.1,0.05,0,1,635
7897,391,9,9,125,45,30.69,0.05,0,1,635
7898,400,1,1,37,13,-0.15,0.05,0,1,635
7899,346,9,9,115,39,28.39,0.05,0,1,635
7900,400,6,6,129,49,21.4,0.05,0,1,635
7901,394,8,9,124,43,34.41,0.05,0,1,635
7902,400,8,8,105,47,18.65,0.05,0,1,635
7903,400,8,9,115,45,28.8,0.05,0,1,635
7904,400,1,1,11,3,-0.95,0.05,0,1,635
7905,374,9,9,121,43,23.06,0.05,1,0,635
7906,400,0,0,56,19,5.45,0.05,0,1,635
7907,400,6,6,109,47,17.2,0.05,0,1,635
7908,400,3,3,54,48,6.55,0.05,0,1,635
7909,400,5,5,67,49,4.6,0.05,0,1,635
7910,384,9,9,112,45,23.06,0.05,0,1,635
7911,400,6,6,118,51,20.4,0.05,0,1,635
7912,376,8,9,118,44,26.69,0.05,0,1,635
7913,378,9,9,120,41,29.57,0.05,0,1,635
7914,400,8,8,133,47,27.9,0.05,0,1,635
7915,372,8,9,121,42,31.53,0.05,0,1,635
7916,368,9,9,124,42,24.82,0.05,0,1,635
7917,400,6,6,104,33,23.35,0.05,0,1,635
7918,400,9,9,120,47,28.2,0.05,0,1,635
7919,400,6,7,112,47,26.25,0.05,0,1,635
7920,400,8,8,125,48,23.5,0.05,0,1,635
7921,400,9,9,127,46,33.05,0.05,0,1,635
7922,400,9,9,123,45,24.4,0.05,0,1,635
7923,400,8,8,113,44,23.7,0.05,0,1,635
7924,400,9,9,106,49,14.3,0.05,0,1,635
7925,400,7,8,118,48,21.4,0.05,0,1,635
7926,370,8,9,127,42,32.0,0.05,0,1,635
7927,400,8,9,112,42,23.8,0.05,0,1,635
7928,400,8,8,115,48,23.35,0.05,0,1,635
7929,400,0,0,35,11,-1.3,0.05,0,1,635
7930,400,7,7,95,46,18.95,0.05,0,1,635
7931,400,8,8,123,46,31.0,0.05,0,1,635
7932,400,9,9,111,48,24.25,0.05,0,1,635
7933,400,9,9,118,46,19.7,0.05,0,1,635
7934,400,8,8,121,43,20.95,0.05,0,1,635
7935,351,9,9,130,41,29.74,0.05,0,1,635
7936,400,9,9,118,48,28.0,0.05,0,1,635
7937,400,4,4,52,23,2.05,0.05,0,1,635
7938,400,9,9,119,45,16.7,0.05,0,1,635
7939,400,7,7,97,48,16.9,0.05,0,1,635
7940,400,8,8,110,46,18.9,0.05,0,1,635
7941,400,7,7,120,45,26.65,0.05,0,1,635
7942,400,3,3,78,33,9.95,0.05,0,1,635
7943,400,8,8,123,46,26.2,0.05,0,1,635
7944,400,5,5,83,31,8.85,0.05,0,1,635
7945,400,7,7,123,46,22.15,0.05,0,1,635
7946,400,9,9,118,48,26.85,0.05,0,1,635
7947,397,9,9,126,47,28.03,0.05,0,1,635
7948,400,9,9,114,49,19.4,0.05,0,1,635
7949,400,6,6,100,35,20.25,0.05,0,1,635
7950,400,3,3,54,57,-4.85,0.05,0,1,635
7951,362,9,9,131,43,29.93,0.05,0,1,635
7952,385,8,9,125,42,31.25,0.05,0,1,635
7953,400,9,9,117,45,28.15,0.05,0,1,635
7954,293,8,8,114,36,18.32,0.05,1,0,635
7955,400,5,5,74,53,2.95,0.05,0,1,635
7956,400,7,7,100,35,19.75,0.05,0,1,635
7957,400,9,9,112,45,27.5,0.05,0,1,635
7958,384,8,9,129,44,29.51,0.05,0,1,635
7959,400,9,9,104,46,23.15,0.05,0,1,635
7960,400,4,4,59,20,11.7,0.05,0,1,635
7961,337,8,9,124,37,33.33,0.05,0,1,635
7962,400,8,8,115,42,27.35,0.05,0,1,635
7963,400,6,6,114,44,20.5,0.05,0,1,635
7964,400,8,8,115,46,18.75,0.05,0,1,635
7965,400,9,9,122,47,24.45,0.05,0,1,635
7966,368,8,9,116,42,26.72,0.05,0,1,635
7967,398,8,9,128,49,23.37,0.05,0,1,635
7968,364,9,9,126,41,33.51,0.05,0,1,635
7969,400,3,3,46,18,6.55,0.05,0,1,635
7970,374,9,9,120,42,22.11,0.05,1,0,636
7971,397,9,9,128,47,23.93,0.05,0,1,636
7972,357,8,9,118,38,32.28,0.05,0,1,636
7973,400,7,7,112,48,22.8,0.05,0,1,636
7974,400,9,9,128,41,32.4,0.05,0,1,636
7975,400,6,6,108,42,22.2,0.05,0,1,636
7976,400,8,8,108,46,25.45,0.05,0,1,636
7977,389,8,9,125,43,36.46,0.05,0,1,636
7978,400,9,9,108,38,26.8,0.05,0,1,636
7979,367,9,9,121,42,28.73,0.05,0,1,636
7980,400,2,2,44,13,4.4,0.05,0,1,636
7981,400,7,7,124,50,21.5,0.05,0,1,636
7982,400,8,8,118,46,31.5,0.05,0,1,636
7983,361,8,9,121,41,31.99,0.05,0,1,636
7984,400,9,9,129,48,32.4,0.05,0,1,636
7985,400,9,9,133,45,34.85,0.05,0,1,636
7986,400,7,7,120,47,22.35,0.05,0,1,636
7987,381,8,9,122,41,30.44,0.05,0,1,636
7988,369,8,9,122,44,27.26,0.05,0,1,636
7989,400,9,9,110,44,26.65,0.05,0,1,636
7990,400,5,5,107,46,18.35,0.05,0,1,636
7991,396,9,9,120,44,25.14,0.05,0,1,636
7992,400,9,9,114,44,29.25,0.05,0,1,636
7993,400,7,7,110,47,24.85,0.05,0,1,636
7994,355,8,8,122,41,22.6,0.05,1,0,637
7995,400,8,8,121,47,25.2,0.05,0,1,637
7996,400,9,9,126,41,32.2,0.05,0,1,637
7997,397,9,9,129,45,27.93,0.05,0,1,637
7998,400,9,9,111,50,23.8,0.05,0,1,637
7999,400,1,1,31,23,-7.35,0.05,0,1,637
8000,384,9,9,130,45,30.11,0.05,0,1,637
8001,400,9,9,106,46,25.7,0.05,0,1,637
8002,400,8,8,119,46,26.0,0.05,0,1,637
8003,400,2,2,39,17,-1.05,0.05,0,1,637
8004,400,7,7,116,47,27.65,0.05,0,1,637
8005,400,9,9,133,45,30.1,0.05,0,1,637
8006,393,9,9,124,43,33.27,0.05,0,1,637
8007,400,8,8,106,48,19.9,0.05,0,1,637
8008,400,8,8,114,46,26.95,0.05,0,1,637
8009,376,9,9,125,42,29.94,0.05,0,1,637
8010,400,0,0,25,13,-8.0,0.05,0,1,637
8011,400,6,6,95,49,17.5,0.05,0,1,637
8012,331,8,9,118,39,25.49,0.05,0,1,637
8013,400,6,6,78,36,8.15,0.05,0,1,637
8014,400,8,8,129,48,25.05,0.05,0,1,637
8015,400,8,8,128,47,27.7,0.05,0,1,637
8016,388,9,9,123,43,31.77,0.05,0,1,637
8017,400,9,9,122,46,25.4,0.05,0,1,637
8018,400,2,2,65,23,5.1,0.05,0,1,637
8019,376,8,9,120,45,28.04,0.05,0,1,637
8020,400,8,8,120,48,24.75,0.05,0,1,637
8021,365,9,9,114,42,26.75,0.05,0,1,637
8022,400,3,3,70,54,-2.75,0.05,0,1,637
8023,400,5,5,76,48,12.05,0.05,0,1,637
8024,400,6,6,91,48,18.5,0.05,0,1,637
8025,400,9,9,118,46,22.25,0.05,0,1,637
8026,400,1,1,24,8,-1.55,0.05,0,1,637
8027,400,9,9,118,45,28.85,0.05,0,1,637
8028,400,8,8,124,43,26.0,0.05,0,1,637
8029,161,0,0,58,20,4.79,0.05,1,0,637
8030,400,7,7,89,32,16.0,0.05,0,1,637
8031,375,9,9,118,43,26.3,0.05,0,1,637
8032,384,8,9,126,45,29.36,0.05,0,1,637
8033,400,9,9,127,38,31.45,0.05,0,1,637
8034,230,5,5,88,28,13.0,0.05,1,0,637
8035,400,8,8,101,49,22.45,0.05,0,1,637
8036,335,9,9,121,38,32.2,0.05,0,1,637
8037,397,9,9,127,45,28.48,0.05,0,1,637
8038,343,8,9,120,40,26.77,0.05,0,1,637
8039,400,7,7,114,48,24.85,0.05,0,1,637
8040,400,6,6,90,33,19.15,0.05,0,1,637
8041,384,9,9,124,45,25.86,0.05,0,1,637
8042,395,8,9,110,46,31.9,0.05,0,1,637
8043,380,9,9,125,44,29.6,0.05,0,1,637
8044,367,9,9,119,42,29.18,0.05,0,1,637
8045,400,9,9,126,46,32.9,0.05,0,1,637
8046,356,8,8,121,42,26.94,0.05,1,0,637
8047,400,8,8,124,45,31.35,0.05,0,1,637
8048,400,8,8,91,48,14.75,0.05,0,1,637
8049,400,9,9,111,47,24.0,0.05,0,1,637
8050,400,9,9,109,47,22.8,0.05,0,1,637
8051,394,9,9,127,46,29.61,0.05,0,1,637
8052,400,8,8,115,48,20.1,0.05,0,1,637
8053,400,4,4,77,33,5.85,0.05,0,1,637
8054,400,8,8,105,46,19.45,0.05,0,1,637
8055,380,9,9,120,43,29.8,0.05,0,1,637
8056,400,9,9,126,48,29.9,0.05,0,1,637
8057,400,6,6,108,48,18.7,0.05,0,1,637
8058,400,9,9,121,52,11.95,0.05,0,1,637
8059,400,2,2,39,15,-0.55,0.05,0,1,637
8060,400,8,8,117,47,21.65,0.05,0,1,637
8061,400,7,7,122,47,24.8,0.05,0,1,637
8062,400,7,7,120,48,15.75,0.05,0,1,637
8063,400,3,3,87,31,10.4,0.05,0,1,637
8064,400,9,9,124,47,28.6,0.05,0,1,637
8065,400,0,0,17,9,-6.4,0.05,0,1,637
8066,400,8,8,107,47,19.45,0.05,0,1,637
8067,381,8,9,121,43,27.49,0.05,0,1,637
8068,400,8,8,125,49,23.9,0.05,0,1,637
8069,400,7,7,101,49,16.8,0.05,0,1,637
8070,400,0,0,34,57,-24.25,0.05,0,1,637
8071,400,3,3,63,48,0.6,0.05,0,1,637
8072,400,5,5,79,51,-1.5,0.05,0,1,637
8073,400,8,8,110,52,13.4,0.05,0,1,637
8074,400,7,7,110,51,9.7,0.05,0,1,637
8075,400,9,9,106,48,16.55,0.05,0,1,637
8076,63,1,1,27,9,-1.93,0.05,1,0,637
8077,400,4,4,85,53,0.55,0.05,0,1,637
8078,400,8,8,120,47,20.75,0.05,0,1,637
8079,400,8,8,114,48,24.95,0.05,0,1,637
8080,400,7,7,113,45,18.5,0.05,0,1,637
8081,400,9,9,123,43,29.15,0.05,0,1,637
8082,400,9,9,121,47,27.9,0.05,0,1,637
8083,400,9,9,106,47,17.35,0.05,0,1,637
8084,400,7,7,79,33,14.1,0.05,0,1,637
8085,361,9,9,126,43,28.39,0.05,0,1,637
8086,386,9,9,122,44,28.09,0.05,0,1,637
8087,400,5,5,97,50,14.35,0.05,0,1,637
8088,400,8,8,113,48,23.7,0.05,0,1,637
8089,400,2,2,57,55,-9.25,0.05,0,1,637
8090,400,8,8,129,47,30.75,0.05,0,1,637
8091,400,9,9,127,44,31.65,0.05,0,1,637
8092,400,9,9,116,44,29.85,0.05,0,1,637
8093,400,7,7,120,45,25.45,0.05,0,1,637
8094,152,2,2,58,19,5.13,0.05,1,0,637
8095,400,9,9,129,45,30.75,0.05,0,1,637
8096,400,8,8,127,44,29.35,0.05,0,1,637
8097,400,9,9,108,44,24.95,0.05,0,1,637
8098,400,5,5,63,53,2.45,0.05,0,1,637
8099,400,9,9,116,48,27.6,0.05,0,1,637
8100,400,8,8,119,45,25.35,0.05,0,1,637
8101,400,9,9,126,47,33.35,0.05,0,1,637
8102,400,9,9,119,48,20.6,0.05,0,1,637
8103,400,4,4,46,20,7.55,0.05,0,1,637
8104,400,6,6,122,42,26.2,0.05,0,1,637
8105,384,8,9,130,43,36.26,0.05,0,1,637
8106,396,9,9,119,47,23.89,0.05,0,1,637
8107,400,8,8,126,46,31.1,0.05,0,1,637
8108,400,9,9,113,42,28.35,0.05,0,1,637
8109,392,9,9,119,45,27.68,0.05,0,1,637
8110,400,7,7,98,46,19.9,0.05,0,1,637
8111,400,4,4,87,53,5.35,0.05,0,1,637
8112,400,0,0,20,57,-30.25,0.05,0,1,637
8113,400,7,7,104,52,12.4,0.05,0,1,637
8114,35,1,1,9,5,-5.7,0.05,1,0,637
8115,393,9,9,129,44,36.82,0.05,0,1,637
8116,391,8,9,125,44,32.34,0.05,0,1,637
8117,396,9,9,128,44,35.74,0.05,0,1,637
8118,400,3,3,99,49,14.75,0.05,0,1,637
8119,400,9,9,125,45,31.75,0.05,0,1,637
8120,400,8,8,126,44,29.7,0.05,0,1,637
8121,357,9,9,114,40,30.43,0.05,0,1,637
8122,400,8,8,109,49,17.9,0.05,0,1,637
8123,400,4,4,73,53,3.45,0.05,0,1,637
8124,386,9,9,128,47,25.44,0.05,0,1,637
8125,400,4,4,67,24,11.5,0.05,0,1,637
8126,384,8,9,123,44,29.41,0.05,0,1,637
8127,400,8,8,107,47,15.25,0.05,0,1,637
8128,400,0,0,14,8,-6.75,0.05,0,1,637
8129,400,5,5,96,52,14.35,0.05,0,1,637
8130,378,9,9,124,43,27.02,0.05,0,1,637
8131,400,3,3,66,21,8.55,0.05,0,1,637
8132,38,2,2,14,5,-0.68,0.05,1,0,637
8133,400,8,8,126,46,29.15,0.05,0,1,637
8134,400,8,8,112,43,28.8,0.05,0,1,637
8135,400,8,8,115,47,25.9,0.05,0,1,637
8136,400,8,8,117,47,25.0,0.05,0,1,637
8137,346,9,9,118,40,26.99,0.05,0,1,637
8138,400,7,7,109,49,23.35,0.05,0,1,637
8139,400,6,6,67,23,17.75,0.05,0,1,637
8140,400,8,8,122,48,21.8,0.05,0,1,637
8141,400,9,9,128,46,27.15,0.05,0,1,637
8142,343,9,9,121,41,25.42,0.05,0,1,637
8143,400,7,7,120,49,25.75,0.05,0,1,637
8144,360,8,9,116,42,31.45,0.05,0,1,637
8145,384,9,9,135,45,35.71,0.05,0,1,637
8146,380,8,9,129,46,28.1,0.05,0,1,637
8147,356,9,9,108,41,18.09,0.05,0,1,637
8148,400,8,8,125,48,26.85,0.05,0,1,637
8149,395,9,9,130,47,23.25,0.05,0,1,637
8150,400,8,8,105,44,24.15,0.05,0,1,637
8151,400,7,7,123,48,24.8,0.05,0,1,637
8152,400,7,7,121,45,27.5,0.05,0,1,637
8153,384,8,9,110,42,29.36,0.05,0,1,637
8154,72,0,0,29,10,-1.87,0.05,1,0,637
8155,400,6,6,113,48,22.2,0.05,0,1,637
8156,394,9,9,115,45,22.71,0.05,0,1,637
8157,400,3,3,66,20,5.6,0.05,0,1,637
8158,347,9,9,129,40,34.33,0.05,0,1,637
8159,400,9,9,123,47,22.9,0.05,0,1,637
8160,400,5,5,86,30,12.65,0.05,0,1,637
8161,361,9,9,117,41,28.24,0.05,0,1,637
8162,400,2,2,81,23,15.15,0.05,0,1,637
8163,395,8,9,125,46,32.7,0.05,0,1,637
8164,400,4,4,68,29,5.15,0.05,0,1,637
8165,400,9,9,122,45,30.05,0.05,0,1,637
8166,396,9,9,126,43,33.54,0.05,0,1,637
8167,389,9,9,118,41,30.26,0.05,0,1,637
8168,400,8,8,99,47,22.1,0.05,0,1,637
8169,378,9,9,130,43,34.67,0.05,0,1,637
8170,400,8,8,106,49,21.65,0.05,0,1,637
8171,400,3,3,43,56,-7.25,0.05,0,1,637
8172,400,9,9,109,44,27.95,0.05,0,1,637
8173,400,8,8,112,47,25.85,0.05,0,1,637
8174,400,9,9,122,38,29.8,0.05,0,1,637
8175,400,1,1,58,16,4.55,0.05,0,1,637
8176,400,2,2,54,16,9.9,0.05,0,1,637
8177,400,9,9,127,45,28.7,0.05,0,1,637
8178,400,9,9,121,45,28.8,0.05,0,1,637
8179,400,2,2,63,56,-3.2,0.05,0,1,637
8180,399,9,9,122,44,29.21,0.05,0,1,637
8181,359,9,9,112,42,22.11,0.05,0,1,637
8182,373,9,9,113,42,29.37,0.05,0,1,637
8183,361,8,9,123,41,34.24,0.05,0,1,637
8184,400,9,9,117,46,30.4,0.05,0,1,637
8185,376,9,9,118,42,32.14,0.05,0,1,637
8186,400,9,9,127,44,30.75,0.05,0,1,637
8187,365,9,9,132,40,34.15,0.05,0,1,637
8188,400,2,2,30,14,-0.65,0.05,0,1,637
8189,400,4,4,55,17,12.45,0.05,0,1,637
8190,400,8,9,135,45,34.65,0.05,0,1,637
8191,400,2,2,66,54,-5.6,0.05,0,1,637
8192,400,2,2,45,56,-6.75,0.05,0,1,637
8193,400,0,0,21,15,-4.9,0.05,0,1,637
8194,391,8,9,128,45,31.19,0.05,0,1,637
8195,400,9,9,121,47,27.35,0.05,0,1,637
8196,396,9,9,138,47,30.74,0.05,0,1,637
8197,357,9,9,120,42,28.98,0.05,0,1,637
8198,400,7,7,110,44,15.75,0.05,0,1,637
8199,400,7,7,104,46,18.0,0.05,0,1,637
8200,400,9,9,116,47,26.15,0.05,0,1,637
8201,400,0,0,35,17,-3.1,0.05,0,1,637
8202,400,5,5,75,55,1.0,0.05,0,1,637
8203,400,2,2,46,16,-0.6,0.05,0,1,637
8204,400,8,8,118,39,28.6,0.05,0,1,637
8205,400,9,9,104,49,21.0,0.05,0,1,637
8206,400,9,9,123,48,32.0,0.05,0,1,637
8207,400,9,9,128,44,32.5,0.05,0,1,637
8208,400,3,3,52,19,2.3,0.05,0,1,637
8209,400,9,9,138,46,32.45,0.05,0,1,637
8210,400,0,0,11,3,-3.7,0.05,0,1,637
8211,400,6,6,107,48,24.0,0.05,0,1,637
8212,400,9,9,117,51,20.15,0.05,0,1,637
8213,400,7,7,116,49,22.7,0.05,0,1,637
8214,360,8,9,122,41,29.15,0.05,0,1,637
8215,381,9,9,138,44,33.84,0.05,0,1,637
8216,400,4,4,91,34,9.3,0.05,0,1,637
8217,400,9,9,130,44,34.6,0.05,0,1,637
8218,400,3,3,70,21,10.45,0.05,0,1,637
8219,400,9,9,113,48,22.5,0.05,0,1,637
8220,376,9,9,128,42,31.14,0.05,0,1,637
8221,400,3,3,57,55,-1.4,0.05,0,1,637
8222,373,9,9,135,43,32.87,0.05,0,1,637
8223,400,9,9,123,41,33.4,0.05,0,1,637
8224,396,8,9,118,46,22.99,0.05,0,1,637
8225,394,8,9,133,45,27.76,0.05,0,1,637
8226,387,8,9,133,46,30.68,0.05,0,1,637
8227,400,9,9,112,48,21.2,0.05,0,1,637
8228,400,9,9,114,47,23.4,0.05,0,1,637
8229,400,8,8,124,47,21.45,0.05,0,1,637
8230,400,7,7,97,48,15.35,0.05,0,1,637
8231,356,8,9,121,41,28.49,0.05,0,1,637
8232,400,6,6,96,41,11.0,0.05,0,1,637
8233,400,6,6,97,35,16.4,0.05,0,1,637
8234,396,9,9,122,46,26.14,0.05,0,1,637
8235,400,5,5,120,49,19.2,0.05,0,1,637
8236,400,9,9,117,50,21.45,0.05,0,1,637
8237,400,9,9,127,48,30.85,0.05,0,1,637
8238,400,1,1,23,32,-12.85,0.05,0,1,637
8239,400,7,7,105,49,12.5,0.05,0,1,637
8240,397,9,9,126,45,32.48,0.05,0,1,637
8241,400,8,9,128,45,33.65,0.05,0,1,637
8242,400,4,4,88,45,4.6,0.05,0,1,637
8243,400,9,9,124,46,24.5,0.05,0,1,637
8244,374,9,9,130,43,32.61,0.05,0,1,637
8245,387,8,9,123,44,31.73,0.05,0,1,637
8246,400,3,3,68,54,0.75,0.05,0,1,637
8247,400,7,7,121,47,29.65,0.05,0,1,637
8248,354,8,9,123,39,33.66,0.05,0,1,637
8249,400,9,9,116,44,29.55,0.05,0,1,637
8250,367,9,9,120,42,30.03,0.05,0,1,637
8251,400,9,9,127,47,30.8,0.05,0,1,637
8252,400,7,7,120,44,23.4,0.05,0,1,637
8253,400,0,0,32,24,-8.8,0.05,0,1,637
8254,400,8,8,105,53,20.3,0.05,0,1,637
8255,400,2,2,39,47,-6.55,0.05,0,1,637
8256,400,2,2,39,56,-16.15,0.05,0,1,637
8257,400,4,4,94,53,1.25,0.05,0,1,637
8258,400,8,8,126,49,18.05,0.05,0,1,637
8259,400,5,5,91,53,4.15,0.05,0,1,637
8260,400,4,4,86,51,-0.8,0.05,0,1,637
8261,400,2,2,42,28,-5.55,0.05,0,1,637
8262,400,7,7,119,48,25.15,0.05,0,1,637
8263,400,3,3,64,53,-2.35,0.05,0,1,637
8264,400,9,9,119,48,23.35,0.05,0,1,637
8265,400,5,5,106,51,18.2,0.05,0,1,637
8266,400,5,5,96,33,17.3,0.05,0,1,637
8267,392,8,9,131,45,27.53,0.05,0,1,637
8268,398,9,9,122,45,30.82,0.05,0,1,637
8269,350,8,9,121,39,31.3,0.05,0,1,637
8270,382,8,9,123,42,32.43,0.05,0,1,637
8271,400,8,8,120,44,26.5,0.05,0,1,637
8272,400,9,9,119,49,26.75,0.05,0,1,637
8273,400,9,9,120,49,26.65,0.05,0,1,637
8274,400,8,8,113,45,20.45,0.05,0,1,637
8275,400,0,0,21,23,-10.6,0.05,0,1,637
8276,400,3,3,68,20,12.6,0.05,0,1,637
8277,384,9,9,120,45,24.56,0.05,0,1,637
8278,400,2,2,49,33,-5.15,0.05,0,1,637
8279,400,8,8,123,47,26.4,0.05,0,1,637
8280,400,8,8,133,47,27.75,0.05,0,1,637
8281,380,9,9,130,43,32.85,0.05,0,1,637
8282,400,7,7,127,48,25.65,0.05,0,1,637
8283,396,8,9,122,45,29.54,0.05,0,1,637
8284,400,9,9,118,48,25.1,0.05,0,1,637
8285,400,9,9,125,48,30.95,0.05,0,1,637
8286,332,9,9,116,38,30.63,0.05,0,1,637
8287,400,7,7,106,49,18.6,0.05,0,1,637
8288,400,6,6,100,36,13.55,0.05,0,1,637
8289,398,9,9,122,46,31.17,0.05,0,1,637
8290,400,9,9,120,49,22.95,0.05,0,1,637
8291,382,9,9,118,45,22.83,0.05,0,1,637
8292,400,2,2,23,11,-1.05,0.05,0,1,637
8293,366,8,9,116,42,24.94,0.05,0,1,637
8294,384,8,9,130,44,33.41,0.05,0,1,637
8295,400,8,8,124,46,28.9,0.05,0,1,637
8296,400,8,8,119,48,23.45,0.05,0,1,637
8297,400,9,9,122,44,29.7,0.05,0,1,637
8298,400,8,8,122,46,25.0,0.05,0,1,637
8299,400,3,3,42,17,5.65,0.05,0,1,637
8300,360,9,9,121,40,29.2,0.05,0,1,637
8301,400,9,9,105,48,19.35,0.05,0,1,637
8302,400,7,7,119,45,29.25,0.05,0,1,637
8303,400,3,3,32,23,-5.2,0.05,0,1,637
8304,400,8,8,99,42,16.35,0.05,0,1,637
8305,374,8,9,124,44,28.01,0.05,0,1,637
8306,400,9,9,128,46,27.65,0.05,0,1,637
8307,400,9,9,121,48,25.2,0.05,0,1,637
8308,400,2,2,58,24,0.45,0.05,0,1,637
8309,361,8,9,117,40,27.24,0.05,0,1,637
8310,400,0,0,32,9,-2.7,0.05,0,1,637
8311,400,9,9,121,46,21.2,0.05,0,1,637
8312,391,9,9,128,44,29.59,0.05,0,1,637
8313,400,7,7,110,46,16.85,0.05,0,1,637
8314,371,9,9,130,44,25.99,0.05,0,1,637
8315,400,1,1,68,27,6.3,0.05,0,1,637
8316,400,7,7,126,48,25.3,0.05,0,1,637
8317,400,0,0,10,4,-3.85,0.05,0,1,637
8318,400,9,9,111,48,21.5,0.05,0,1,637
8319,400,9,9,113,47,24.7,0.05,0,1,637
8320,393,9,9,121,48,24.47,0.05,0,1,637
8321,400,3,3,47,55,-3.95,0.05,0,1,637
8322,400,8,8,118,41,28.85,0.05,0,1,637
8323,377,9,9,114,44,28.98,0.05,0,1,637
8324,391,9,9,119,46,25.39,0.05,0,1,637
8325,400,6,6,106,46,16.15,0.05,0,1,637
8326,400,1,1,35,18,-1.95,0.05,0,1,637
8327,384,9,9,136,42,38.16,0.05,0,1,637
8328,377,9,9,134,41,34.98,0.05,0,1,637
8329,400,9,9,114,47,20.2,0.05,0,1,637
8330,400,6,6,96,35,12.45,0.05,0,1,637
8331,400,4,4,85,31,6.9,0.05,0,1,637
8332,400,6,6,84,33,12.65,0.05,0,1,637
8333,400,2,2,45,56,-7.15,0.05,0,1,637
8334,372,9,9,130,44,27.08,0.05,0,1,637
8335,400,7,7,105,37,22.35,0.05,0,1,637
8336,400,8,8,117,50,17.75,0.05,0,1,637
8337,400,7,7,126,44,26.4,0.05,0,1,637
8338,385,9,9,115,44,26.75,0.05,0,1,637
8339,379,9,9,118,43,26.16,0.05,0,1,637
8340,400,8,8,116,48,20.85,0.05,0,1,637
8341,400,9,9,125,48,26.8,0.05,0,1,637
8342,394,9,9,126,46,27.06,0.05,0,1,637
8343,400,8,8,121,46,29.75,0.05,0,1,637
8344,400,8,8,110,47,23.55,0.05,0,1,637
8345,400,3,3,49,45,5.55,0.05,0,1,637
8346,400,3,4,83,47,8.8,0.05,0,1,637
8347,400,3,3,58,49,-1.25,0.05,0,1,637
8348,400,7,7,91,33,14.3,0.05,0,1,637
8349,400,1,1,31,56,-23.9,0.05,0,1,637
8350,400,2,2,55,56,-13.15,0.05,0,1,637
8351,371,9,9,128,41,35.29,0.05,0,1,637
8352,400,7,7,98,47,21.4,0.05,0,1,637
8353,349,8,9,121,40,31.31,0.05,0,1,637
8354,400,4,4,58,22,3.75,0.05,0,1,637
8355,400,4,4,84,32,13.85,0.05,0,1,637
8356,400,6,6,129,46,23.3,0.05,0,1,637
8357,379,9,9,117,42,29.11,0.05,0,1,637
8358,400,1,1,32,18,-2.95,0.05,0,1,637
8359,400,0,0,39,15,-8.45,0.05,0,1,637
8360,400,2,2,83,46,11.75,0.05,0,1,637
8361,400,3,3,70,50,-16.45,0.05,0,1,637
8362,400,3,3,40,53,-13.7,0.05,0,1,637
8363,400,2,2,66,55,-8.0,0.05,0,1,637
8364,400,8,8,118,51,12.7,0.05,0,1,637
8365,387,9,9,120,44,28.13,0.05,0,1,637
8366,398,9,9,131,49,23.97,0.05,0,1,637
8367,391,9,9,124,45,26.59,0.05,0,1,637
8368,400,8,8,127,45,29.6,0.05,0,1,637
8369,365,8,9,116,41,29.35,0.05,0,1,637
8370,355,9,9,123,40,28.35,0.05,0,1,637
8371,400,8,8,116,47,25.2,0.05,0,1,637
8372,375,8,9,120,43,29.15,0.05,0,1,637
8373,370,9,9,122,42,29.1,0.05,0,1,637
8374,400,9,9,119,47,23.9,0.05,0,1,637
8375,400,9,9,121,45,29.65,0.05,0,1,637
8376,400,9,9,117,46,25.05,0.05,0,1,637
8377,388,9,9,127,44,33.07,0.05,0,1,637
8378,400,2,2,50,24,1.05,0.05,0,1,637
8379,379,9,9,129,43,30.81,0.05,0,1,637
8380,400,9,9,119,50,18.3,0.05,0,1,637
8381,400,7,7,97,46,20.4,0.05,0,1,637
8382,359,8,9,117,40,27.41,0.05,0,1,637
8383,400,9,9,112,46,22.9,0.05,0,1,637
8384,400,9,9,109,47,18.55,0.05,0,1,637
8385,368,9,9,115,40,30.97,0.05,0,1,637
8386,383,9,9,114,43,27.32,0.05,0,1,637
8387,400,9,9,113,44,25.25,0.05,0,1,637
8388,384,8,9,125,44,28.71,0.05,0,1,637
8389,400,7,7,117,50,20.9,0.05,0,1,637
8390,400,8,8,124,45,31.5,0.05,0,1,637
8391,400,8,8,124,46,26.2,0.05,0,1,637
8392,376,9,9,116,42,28.19,0.05,0,1,637
8393,387,9,9,125,46,30.88,0.05,0,1,637
8394,400,7,7,100,38,19.25,0.05,0,1,637
8395,400,7,7,102,35,25.3,0.05,0,1,637
8396,400,1,1,59,19,8.0,0.05,0,1,637
8397,400,1,1,27,16,-2.7,0.05,0,1,637
8398,373,9,9,131,43,31.32,0.05,0,1,637
8399,400,9,9,111,47,18.5,0.05,0,1,637
8400,368,9,9,126,42,30.27,0.05,0,1,637
8401,398,9,9,118,43,29.57,0.05,0,1,637
8402,400,9,9,116,47,26.2,0.05,0,1,637
8403,400,8,8,115,47,23.95,0.05,0,1,637
8404,400,4,4,72,27,10.1,0.05,0,1,637
8405,400,7,7,111,46,25.2,0.05,0,1,637
8406,394,9,9,123,45,24.21,0.05,0,1,637
8407,400,8,8,114,42,24.45,0.05,0,1,637
8408,400,8,9,114,45,26.7,0.05,0,1,637
8409,400,7,7,122,49,24.35,0.05,0,1,637
8410,363,9,9,126,41,35.12,0.05,0,1,637
8411,392,9,9,117,46,22.68,0.05,0,1,637
8412,400,9,9,127,47,31.7,0.05,0,1,637
8413,400,8,8,110,44,21.95,0.05,0,1,637
8414,400,7,7,122,38,27.4,0.05,0,1,637
8415,400,8,8,121,46,26.05,0.05,0,1,637
8416,400,3,3,73,25,12.95,0.05,0,1,637
8417,400,9,9,116,44,26.95,0.05,0,1,637
8418,395,9,9,135,46,26.55,0.05,1,0,637
8419,400,8,8,124,42,30.45,0.05,0,1,637
8420,400,9,9,126,46,26.65,0.05,0,1,637
8421,400,8,8,121,49,17.5,0.05,0,1,637
8422,400,6,6,107,35,20.0,0.05,0,1,637
8423,370,8,9,113,39,28.8,0.05,0,1,637
8424,400,8,8,114,44,21.7,0.05,0,1,637
8425,400,6,6,100,40,14.85,0.05,0,1,637
8426,400,9,9,103,47,22.1,0.05,0,1,637
8427,400,8,8,123,44,28.65,0.05,0,1,637
8428,400,8,8,124,46,32.75,0.05,0,1,637
8429,400,6,6,99,39,12.95,0.05,0,1,637
8430,400,9,9,117,45,25.35,0.05,0,1,637
8431,400,9,9,108,48,24.75,0.05,0,1,637
8432,341,9,9,122,40,30.49,0.05,0,1,637
8433,379,9,9,125,42,28.86,0.05,0,1,637
8434,400,8,8,105,47,20.55,0.05,0,1,637
8435,377,9,9,121,42,31.83,0.05,0,1,637
8436,400,9,9,119,49,23.0,0.05,0,1,637
8437,369,8,9,123,43,30.71,0.05,0,1,637
8438,376,9,9,123,44,28.29,0.05,0,1,637
8439,400,9,9,126,49,22.55,0.05,0,1,637
8440,400,6,6,96,30,21.15,0.05,0,1,637
8441,400,7,7,107,49,18.75,0.05,0,1,637
8442,397,9,9,124,48,28.23,0.05,0,1,637
8443,397,8,9,123,45,28.53,0.05,0,1,637
8444,400,2,2,49,43,-2.0,0.05,0,1,637
8445,400,8,8,115,52,18.15,0.05,0,1,637
8446,400,2,2,70,55,-8.35,0.05,0,1,637
8447,400,4,4,55,55,-6.8,0.05,0,1,637
8448,380,9,9,118,44,27.9,0.05,0,1,637
8449,400,9,9,120,48,25.15,0.05,0,1,637
8450,380,9,9,125,42,32.35,0.05,0,1,637
8451,358,8,9,121,40,31.47,0.05,0,1,637
8452,400,8,8,121,43,28.75,0.05,0,1,637
8453,375,9,9,120,42,25.75,0.05,0,1,637
8454,400,9,9,113,43,26.4,0.05,0,1,637
8455,400,9,9,129,48,26.25,0.05,0,1,637
8456,400,4,4,69,55,2.5,0.05,0,1,637
8457,400,9,9,123,46,26.8,0.05,0,1,637
8458,400,8,8,113,48,20.8,0.05,0,1,637
8459,400,7,7,108,47,15.05,0.05,0,1,637
8460,388,8,9,121,44,29.17,0.05,0,1,637
8461,210,3,3,84,26,13.55,0.05,1,0,637
8462,400,1,1,39,10,0.95,0.05,0,1,637
8463,400,8,8,104,47,20.15,0.05,0,1,637
8464,375,9,9,129,43,29.6,0.05,0,1,637
8465,400,9,9,120,45,26.25,0.05,0,1,637
8466,376,9,9,118,41,30.89,0.05,0,1,637
8467,383,9,9,133,43,34.27,0.05,0,1,637
8468,378,9,9,122,48,23.82,0.05,0,1,637
8469,400,9,9,113,46,22.3,0.05,0,1,637
8470,400,7,7,102,37,20.2,0.05,0,1,637
8471,355,9,9,122,43,23.45,0.05,0,1,637
8472,400,6,7,110,46,19.7,0.05,0,1,637
8473,400,2,2,40,19,-1.75,0.05,0,1,637
8474,400,0,0,7,2,-5.55,0.05,0,1,637
8475,400,4,4,81,37,3.45,0.05,0,1,637
8476,373,9,9,118,45,25.22,0.05,0,1,637
8477,400,9,9,116,45,29.85,0.05,0,1,637
8478,396,9,9,128,45,27.79,0.05,0,1,637
8479,400,8,8,128,49,23.45,0.05,0,1,637
8480,400,3,3,70,54,-4.5,0.05,0,1,637
8481,400,7,7,121,47,22.95,0.05,0,1,637
8482,378,8,9,126,43,28.82,0.05,0,1,637
8483,378,9,9,115,46,22.42,0.05,0,1,637
8484,400,7,7,111,42,20.9,0.05,0,1,637
8485,400,5,5,102,49,18.6,0.05,0,1,637
8486,400,3,3,38,37,-13.1,0.05,0,1,637
8487,394,8,9,118,46,22.56,0.05,0,1,637
8488,374,8,9,118,41,30.46,0.05,0,1,637
8489,369,9,9,128,42,32.51,0.05,0,1,637
8490,400,8,8,111,48,22.05,0.05,0,1,637
8491,391,9,9,116,43,30.54,0.05,0,1,637
8492,361,9,9,120,42,30.34,0.05,0,1,637
8493,375,8,9,124,42,28.75,0.05,0,1,637
8494,388,8,9,118,43,23.07,0.05,0,1,637
8495,28,0,0,13,4,-2.58,0.05,1,0,637
8496,382,9,9,119,44,28.13,0.05,0,1,637
8497,391,8,9,128,45,33.74,0.05,0,1,637
8498,381,9,9,118,41,33.34,0.05,0,1,637
8499,400,9,9,132,48,28.0,0.05,0,1,637
8500,400,1,1,31,57,-12.0,0.05,0,1,637
8501,400,6,6,88,33,12.85,0.05,0,1,637
8502,400,9,9,124,43,26.25,0.05,0,1,637
8503,393,9,9,130,44,30.67,0.05,0,1,637
8504,130,2,2,40,18,-0.95,0.05,1,0,637
8505,400,8,8,112,48,22.5,0.05,0,1,637
8506,358,9,9,125,42,26.72,0.05,0,1,637
8507,383,9,9,121,42,31.02,0.05,0,1,637
8508,283,6,6,97,35,11.97,0.05,1,0,637
8509,400,7,7,125,45,30.15,0.05,0,1,637
8510,396,9,9,125,45,31.49,0.05,0,1,637
8511,400,5,5,75,54,5.55,0.05,0,1,637
8512,400,6,6,97,46,11.65,0.05,0,1,637
8513,374,8,9,121,45,25.26,0.05,0,1,637
8514,400,7,7,98,47,18.65,0.05,0,1,637
8515,400,6,6,116,38,28.4,0.05,0,1,637
8516,383,9,9,110,45,22.12,0.05,0,1,637
8517,400,5,5,100,51,14.45,0.05,0,1,637
8518,400,8,8,120,42,27.75,0.05,0,1,637
8519,400,8,8,122,49,28.7,0.05,0,1,637
8520,400,7,7,107,52,14.6,0.05,0,1,637
8521,381,8,9,125,46,27.69,0.05,0,1,637
8522,400,8,8,129,45,32.25,0.05,0,1,637
8523,400,6,6,108,47,21.9,0.05,0,1,637
8524,400,6,6,95,51,13.4,0.05,0,1,637
8525,391,8,9,122,46,26.04,0.05,0,1,637
8526,400,8,8,116,47,23.75,0.05,0,1,637
8527,345,9,9,117,43,27.55,0.05,0,1,637
8528,399,8,9,128,46,26.46,0.05,0,1,637
8529,386,8,9,121,47,25.94,0.05,0,1,637
8530,395,9,9,120,46,26.4,0.05,0,1,637
8531,387,9,9,123,43,26.23,0.05,0,1,637
8532,371,9,9,115,42,30.24,0.05,0,1,637
8533,400,7,7,108,48,19.65,0.05,0,1,637
8534,400,9,9,114,46,23.15,0.05,0,1,637
8535,355,9,9,118,42,27.95,0.05,0,1,637
8536,400,8,8,109,48,20.2,0.05,0,1,637
8537,400,0,0,49,17,1.0,0.05,0,1,637
8538,400,5,5,52,34,6.1,0.05,0,1,637
8539,400,5,5,68,50,-2.6,0.05,0,1,637
8540,20,1,1,9,3,-3.4,0.05,1,0,637
8541,400,3,3,52,55,-12.2,0.05,0,1,637
8542,400,2,2,39,55,-17.95,0.05,0,1,637
8543,400,4,4,102,39,10.0,0.05,0,1,637
8544,400,5,5,90,39,9.9,0.05,0,1,637
8545,400,3,3,64,52,-1.95,0.05,0,1,637
8546,388,9,9,128,45,29.57,0.05,0,1,637
8547,400,2,2,43,15,3.35,0.05,0,1,637
8548,400,8,8,110,43,23.15,0.05,0,1,637
8549,400,2,2,49,25,-0.3,0.05,0,1,637
8550,400,5,5,47,56,-3.85,0.05,0,1,637
8551,380,9,9,119,44,25.95,0.05,0,1,637
8552,400,8,8,96,32,23.3,0.05,0,1,637
8553,388,8,9,131,45,31.57,0.05,0,1,637
8554,400,3,3,57,23,6.0,0.05,0,1,637
8555,400,5,5,75,31,6.25,0.05,0,1,637
8556,400,8,8,92,47,15.9,0.05,0,1,637
8557,400,8,8,125,45,26.85,0.05,0,1,637
8558,354,9,9,131,41,34.26,0.05,0,1,637
8559,396,9,9,122,44,32.29,0.05,0,1,637
8560,400,9,9,118,40,27.8,0.05,0,1,637
8561,344,8,9,109,38,30.41,0.05,0,1,637
8562,400,2,2,46,41,-6.8,0.05,0,1,637
8563,400,8,8,121,46,26.7,0.05,0,1,637
8564,386,9,9,123,43,33.19,0.05,0,1,637
8565,395,8,9,127,46,25.9,0.05,0,1,637
8566,400,9,9,124,45,32.2,0.05,0,1,637
8567,400,9,9,127,48,26.4,0.05,0,1,637
8568,400,8,8,96,40,13.5,0.05,0,1,637
8569,383,8,9,120,44,25.12,0.05,0,1,637
8570,400,8,8,125,48,26.9,0.05,0,1,637
8571,400,7,7,106,51,17.65,0.05,0,1,637
8572,400,7,7,107,49,16.6,0.05,0,1,637
8573,400,2,2,80,32,8.35,0.05,0,1,637
8574,358,9,9,118,42,28.07,0.05,0,1,637
8575,400,7,7,103,36,21.95,0.05,0,1,637
8576,400,9,9,124,46,31.35,0.05,0,1,637
8577,400,8,8,124,49,25.0,0.05,0,1,637
8578,400,9,9,110,47,22.75,0.05,0,1,637
8579,35,0,0,10,5,-5.5,0.05,1,0,637
8580,400,3,3,85,47,12.7,0.05,0,1,637
8581,400,1,1,35,55,-23.3,0.05,0,1,637
8582,400,4,4,76,53,-7.4,0.05,0,1,637
8583,400,8,8,122,44,27.55,0.05,0,1,637
8584,397,8,9,125,47,25.58,0.05,0,1,637
8585,371,8,9,118,43,26.19,0.05,0,1,637
8586,400,9,9,122,47,24.6,0.05,0,1,637
8587,400,9,9,123,47,25.1,0.05,0,1,637
8588,400,3,3,93,30,15.75,0.05,0,1,637
8589,351,9,9,118,41,28.29,0.05,0,1,637
8590,355,8,9,120,42,29.1,0.05,0,1,637
8591,392,8,9,126,45,27.38,0.05,0,1,637
8592,388,9,9,111,42,27.42,0.05,0,1,637
8593,386,9,9,119,43,32.99,0.05,0,1,637
8594,400,9,9,111,45,19.25,0.05,0,1,637
8595,400,4,4,57,17,7.8,0.05,0,1,637
8596,400,7,7,108,47,23.6,0.05,0,1,637
8597,398,9,9,127,44,29.57,0.05,0,1,637
8598,400,6,6,107,36,21.45,0.05,0,1,637
8599,336,9,9,124,37,33.04,0.05,0,1,637
8600,390,9,9,124,47,24.65,0.05,0,1,637
8601,400,7,7,106,51,13.05,0.05,0,1,637
8602,400,9,9,124,44,34.25,0.05,0,1,637
8603,400,2,2,21,7,-0.7,0.05,0,1,637
8604,400,8,8,128,47,28.2,0.05,0,1,637
8605,400,8,8,121,42,28.55,0.05,0,1,637
8606,400,0,0,20,6,-2.4,0.05,0,1,637
8607,384,9,9,117,42,28.66,0.05,0,1,637
8608,400,8,8,112,45,21.0,0.05,0,1,637
8609,400,8,8,130,45,27.25,0.05,0,1,637
8610,400,6,6,89,50,12.65,0.05,0,1,637
8611,400,8,8,112,48,16.7,0.05,0,1,637
8612,385,9,9,117,43,29.35,0.05,0,1,637
8613,400,4,4,62,56,-0.3,0.05,0,1,637
8614,400,9,9,116,47,23.45,0.05,0,1,637
8615,400,8,8,119,46,28.2,0.05,0,1,637
8616,374,8,9,122,41,34.71,0.05,0,1,637
8617,364,9,9,114,41,26.36,0.05,0,1,637
8618,400,9,9,120,48,30.1,0.05,0,1,637
8619,379,9,9,116,44,26.96,0.05,0,1,637
8620,400,8,8,116,45,27.2,0.05,0,1,637
8621,400,9,9,104,38,23.45,0.05,0,1,637
8622,365,8,9,117,41,28.8,0.05,0,1,637
8623,395,9,9,127,43,34.45,0.05,0,1,637
8624,400,7,7,108,49,20.3,0.05,0,1,637
8625,378,9,9,118,43,28.67,0.05,0,1,637
8626,400,3,3,54,18,6.9,0.05,0,1,637
8627,400,7,7,125,45,28.7,0.05,0,1,637
8628,400,6,6,114,47,24.55,0.05,0,1,637
8629,373,8,9,123,41,33.77,0.05,0,1,637
8630,400,7,7,103,34,22.15,0.05,0,1,637
8631,400,6,6,97,49,17.9,0.05,0,1,637
8632,384,9,9,111,45,26.41,0.05,0,1,637
8633,400,9,9,116,46,28.2,0.05,0,1,637
8634,380,9,9,123,44,28.75,0.05,0,1,637
8635,355,9,9,110,42,24.2,0.05,0,1,637
8636,373,8,9,123,42,30.77,0.05,0,1,637
8637,400,8,8,117,43,27.1,0.05,0,1,637
8638,400,9,9,124,48,28.05,0.05,0,1,637
8639,400,8,8,124,44,30.9,0.05,0,1,637
8640,394,8,9,124,45,30.46,0.05,0,1,637
8641,400,1,1,29,29,-11.7,0.05,0,1,637
8642,396,9,9,129,44,29.59,0.05,0,1,637
8643,363,8,9,124,41,33.62,0.05,0,1,637
8644,400,7,7,89,48,17.7,0.05,0,1,637
8645,380,8,9,119,43,26.15,0.05,0,1,637
8646,369,9,9,124,42,30.21,0.05,0,1,637
8647,400,7,7,98,37,20.6,0.05,0,1,637
8648,400,9,9,132,45,32.5,0.05,0,1,637
8649,400,8,8,128,46,31.15,0.05,0,1,637
8650,400,6,6,118,51,16.4,0.05,0,1,637
8651,400,9,9,125,46,28.85,0.05,0,1,637
8652,400,9,9,124,44,30.75,0.05,0,1,637
8653,363,8,9,124,41,32.97,0.05,0,1,637
8654,38,0,0,13,5,-4.13,0.05,1,0,637
8655,400,4,4,116,51,18.1,0.05,0,1,637
8656,400,6,6,116,48,16.1,0.05,0,1,637
8657,399,9,9,114,47,23.91,0.05,0,1,637
8658,400,8,8,120,45,28.0,0.05,0,1,637
8659,400,9,9,118,46,29.6,0.05,0,1,637
8660,400,8,8,115,48,22.6,0.05,0,1,637
8661,389,9,9,123,46,24.66,0.05,0,1,637
8662,400,9,9,128,46,34.3,0.05,0,1,637
8663,400,5,5,93,43,13.05,0.05,0,1,637
8664,400,7,7,118,48,24.0,0.05,0,1,637
8665,399,9,9,129,47,30.36,0.05,0,1,637
8666,400,6,6,80,46,3.9,0.05,0,1,637
8667,400,8,8,123,44,29.85,0.05,0,1,637
8668,400,3,3,85,39,6.2,0.05,0,1,637
8669,400,7,7,97,51,19.3,0.05,0,1,637
8670,400,1,1,44,42,-13.35,0.05,0,1,637
8671,400,5,5,79,35,9.1,0.05,0,1,637
8672,400,3,3,70,54,-7.2,0.05,0,1,637
8673,360,9,9,127,40,33.45,0.05,0,1,637
8674,400,3,3,36,40,-10.6,0.05,0,1,637
8675,400,8,8,127,48,28.0,0.05,0,1,637
8676,296,7,7,119,34,24.29,0.05,1,0,637
8677,400,7,8,120,47,23.9,0.05,0,1,637
8678,384,8,9,119,44,28.21,0.05,0,1,637
8679,400,6,6,117,38,24.8,0.05,0,1,637
8680,400,4,4,83,53,1.55,0.05,0,1,637
8681,368,8,9,126,43,26.87,0.05,0,1,637
8682,400,8,8,123,49,23.25,0.05,0,1,637
8683,386,9,9,115,47,25.54,0.05,0,1,637
8684,400,9,9,126,48,26.9,0.05,0,1,637
8685,400,2,2,23,10,-2.45,0.05,0,1,637
8686,400,4,4,66,28,2.75,0.05,0,1,637
8687,400,4,4,88,38,13.95,0.05,0,1,637
8688,400,1,1,61,54,-14.8,0.05,0,1,637
8689,400,4,4,50,48,-1.25,0.05,0,1,637
8690,400,4,4,62,54,-7.7,0.05,0,1,637
8691,400,3,3,47,50,-1.6,0.05,0,1,637
8692,400,3,3,42,56,-19.2,0.05,0,1,637
8693,400,5,5,89,51,3.35,0.05,0,1,637
8694,388,9,9,135,45,32.22,0.05,0,1,637
8695,387,8,9,116,42,30.18,0.05,0,1,637
8696,400,7,7,101,45,21.95,0.05,0,1,637
8697,400,9,9,128,44,30.25,0.05,0,1,637
8698,360,8,9,122,44,25.45,0.05,0,1,637
8699,371,9,9,130,41,32.74,0.05,0,1,637
8700,400,9,9,130,45,26.0,0.05,0,1,637
8701,400,9,9,116,46,26.55,0.05,0,1,637
8702,381,9,9,121,45,22.24,0.05,0,1,637
8703,400,8,8,117,46,25.15,0.05,0,1,637
8704,400,5,5,73,53,2.55,0.05,0,1,637
8705,379,9,9,128,43,33.01,0.05,0,1,637
8706,400,4,4,41,13,5.05,0.05,0,1,637
8707,400,9,9,128,49,25.35,0.05,0,1,637
8708,400,9,9,115,42,25.4,0.05,0,1,637
8709,370,9,9,121,43,30.25,0.05,0,1,637
8710,400,5,5,89,29,17.9,0.05,0,1,637
8711,400,9,9,122,49,25.35,0.05,0,1,637
8712,400,8,8,107,47,18.55,0.05,0,1,637
8713,400,5,5,90,49,17.45,0.05,0,1,637
8714,400,3,3,121,49,21.5,0.05,0,1,637
8715,400,9,9,123,47,29.9,0.05,0,1,637
8716,400,8,8,117,49,24.4,0.05,0,1,637
8717,400,8,8,133,44,33.3,0.05,0,1,637
8718,400,7,7,112,47,24.35,0.05,0,1,637
8719,400,8,8,115,47,23.15,0.05,0,1,637
8720,400,9,9,110,47,21.8,0.05,0,1,637
8721,372,9,9,119,45,23.28,0.05,0,1,637
8722,367,8,9,124,41,32.88,0.05,0,1,637
8723,97,3,3,43,13,3.58,0.05,1,0,637
8724,353,9,9,122,42,26.42,0.05,0,1,637
8725,400,8,8,101,48,25.4,0.05,0,1,637
8726,400,5,5,109,41,16.8,0.05,0,1,637
8727,362,9,9,124,40,34.43,0.05,0,1,637
8728,400,0,0,20,6,-3.2,0.05,0,1,637
8729,384,8,9,120,42,31.76,0.05,0,1,637
8730,400,5,5,92,33,18.5,0.05,0,1,637
8731,400,9,9,121,46,29.25,0.05,0,1,637
8732,343,9,9,119,40,28.37,0.05,0,1,637
8733,373,9,9,121,42,29.02,0.05,0,1,637
8734,400,7,7,98,46,19.8,0.05,0,1,637
8735,400,7,7,118,41,23.6,0.05,0,1,637
8736,384,9,9,129,42,33.46,0.05,0,1,637
8737,400,6,6,100,52,16.1,0.05,0,1,637
8738,399,9,9,125,46,23.46,0.05,0,1,637
8739,400,5,5,90,29,17.65,0.05,0,1,637
8740,388,9,9,125,46,28.32,0.05,0,1,637
8741,400,9,9,115,45,25.3,0.05,0,1,637
8742,400,8,8,118,49,22.95,0.05,0,1,637
8743,396,9,9,120,42,29.79,0.05,0,1,637
8744,378,8,9,130,42,34.32,0.05,0,1,637
8745,400,7,7,119,46,17.45,0.05,0,1,637
8746,387,9,9,120,44,31.78,0.05,0,1,637
8747,395,8,9,130,47,29.15,0.05,0,1,637
8748,400,8,8,117,49,25.65,0.05,0,1,637
8749,391,8,9,127,44,31.24,0.05,0,1,637
8750,400,3,3,33,9,1.95,0.05,0,1,637
8751,400,7,7,118,49,17.5,0.05,0,1,637
8752,356,8,9,115,40,32.74,0.05,0,1,637
8753,400,9,9,118,48,20.1,0.05,0,1,637
8754,400,8,8,122,48,23.35,0.05,0,1,637
8755,399,9,9,132,44,34.36,0.05,0,1,637
8756,400,4,4,69,21,14.15,0.05,0,1,637
8757,400,5,5,80,25,14.4,0.05,0,1,637
8758,400,5,5,106,47,12.65,0.05,0,1,637
8759,400,9,9,121,47,23.3,0.05,0,1,637
8760,397,8,9,129,47,28.28,0.05,0,1,637
8761,400,8,8,117,48,22.5,0.05,0,1,637
8762,400,7,8,126,47,23.9,0.05,0,1,637
8763,400,8,8,109,38,22.5,0.05,0,1,637
8764,400,9,9,108,45,16.65,0.05,0,1,637
8765,400,9,9,104,47,23.4,0.05,0,1,637
8766,400,5,5,77,26,18.7,0.05,0,1,637
8767,400,9,9,120,47,27.85,0.05,0,1,637
8768,398,9,9,121,45,28.57,0.05,0,1,637
8769,56,0,0,27,8,-2.21,0.05,1,0,637
8770,400,5,5,88,54,11.1,0.05,0,1,637
8771,366,9,9,116,41,32.64,0.05,0,1,637
8772,400,8,8,88,49,16.3,0.05,0,1,637
8773,377,8,9,121,41,28.78,0.05,0,1,637
8774,376,9,9,124,42,34.64,0.05,0,1,637
8775,394,9,9,124,45,25.06,0.05,0,1,637
8776,400,9,9,127,42,31.35,0.05,0,1,637
8777,391,9,9,123,44,33.69,0.05,0,1,637
8778,369,8,9,118,40,29.46,0.05,0,1,637
8779,378,9,9,119,45,23.82,0.05,0,1,637
8780,400,2,2,37,21,-3.85,0.05,0,1,637
8781,400,3,3,72,25,10.15,0.05,0,1,637
8782,398,9,9,122,43,33.62,0.05,0,1,637
8783,362,8,9,119,40,32.28,0.05,0,1,637
8784,378,8,9,128,45,25.17,0.05,0,1,637
8785,388,9,9,121,44,29.77,0.05,0,1,637
8786,400,2,2,57,55,-2.75,0.05,0,1,637
8787,400,9,9,128,45,31.5,0.05,0,1,637
8788,400,5,5,84,50,12.0,0.05,0,1,637
8789,400,9,9,122,49,25.15,0.05,0,1,637
8790,400,0,0,51,24,1.5,0.05,0,1,637
8791,400,3,3,61,22,4.9,0.05,0,1,637
8792,400,8,8,102,48,20.95,0.05,0,1,637
8793,383,8,9,122,41,30.72,0.05,0,1,637
8794,115,2,2,62,16,6.7,0.05,1,0,638
8795,400,8,8,134,44,32.9,0.05,0,1,638
8796,400,5,5,34,16,3.4,0.05,0,1,638
8797,400,4,4,60,20,8.35,0.05,0,1,638
8798,400,5,5,109,48,19.25,0.05,0,1,638
8799,400,8,8,120,48,21.55,0.05,0,1,638
8800,390,9,9,122,44,27.35,0.05,0,1,638
8801,386,8,9,124,47,21.84,0.05,0,1,638
8802,400,8,8,113,41,23.25,0.05,0,1,638
8803,400,9,9,127,46,26.95,0.05,0,1,638
8804,373,9,9,121,42,31.12,0.05,0,1,638
8805,389,8,9,126,46,25.66,0.05,0,1,638
8806,395,8,9,130,49,28.65,0.05,0,1,638
8807,375,9,9,111,43,26.95,0.05,0,1,638
8808,400,9,9,134,47,27.75,0.05,0,1,638
8809,400,8,8,126,46,26.7,0.05,0,1,638
8810,218,9,9,85,27,16.27,0.05,1,0,638
8811,400,6,6,93,49,17.4,0.05,0,1,638
8812,356,8,9,117,44,23.79,0.05,0,1,638
8813,400,8,8,122,44,29.2,0.05,0,1,638
8814,400,4,4,57,19,11.25,0.05,0,1,638
8815,400,3,3,84,47,10.65,0.05,0,1,638
8816,400,1,1,23,9,-6.05,0.05,0,1,638
8817,400,8,8,129,45,29.6,0.05,0,1,638
8818,400,8,8,110,34,32.1,0.05,0,1,638
8819,400,8,8,127,39,27.55,0.05,0,1,638
8820,400,9,9,123,45,29.75,0.05,0,1,638
8821,400,8,8,115,47,26.85,0.05,0,1,638
8822,400,7,7,115,48,20.3,0.05,0,1,638
8823,400,9,9,123,44,29.9,0.05,0,1,638
8824,400,9,9,119,43,32.75,0.05,0,1,638
8825,400,7,7,122,42,26.1,0.05,0,1,638
8826,400,2,2,83,37,5.95,0.05,0,1,638
8827,395,9,9,122,45,26.75,0.05,0,1,638
8828,383,8,9,118,44,21.92,0.05,0,1,638
8829,172,5,5,73,21,13.73,0.05,1,0,638
8830,400,9,9,110,43,20.45,0.05,0,1,638
8831,133,4,4,52,16,8.92,0.05,1,0,638
8832,354,9,9,125,40,31.91,0.05,0,1,638
8833,400,1,1,32,56,-10.6,0.05,0,1,638
8834,388,9,9,123,44,29.92,0.05,0,1,638
8835,400,8,8,121,47,25.6,0.05,0,1,638
8836,389,9,9,124,42,30.21,0.05,0,1,638
8837,370,9,9,129,44,27.15,0.05,0,1,638
8838,229,3,3,70,29,2.56,0.05,1,0,638
8839,376,9,9,124,43,33.64,0.05,0,1,639
8840,363,9,9,123,45,24.57,0.05,0,1,639
8841,400,4,4,91,51,9.05,0.05,0,1,639
8842,400,9,9,125,49,21.8,0.05,0,1,639
8843,397,9,9,132,45,32.88,0.05,0,1,639
8844,400,1,1,41,19,0.75,0.05,0,1,639
8845,400,9,9,117,45,29.4,0.05,0,1,639
8846,400,7,7,125,50,14.15,0.05,0,1,639
8847,400,8,8,124,44,31.0,0.05,0,1,639
8848,400,8,8,111,48,15.95,0.05,0,1,639
8849,390,8,9,118,45,25.6,0.05,0,1,639
8850,400,7,7,125,51,18.25,0.05,0,1,639
8851,400,3,3,72,23,7.7,0.05,0,1,639
8852,400,3,3,86,31,9.6,0.05,0,1,639
8853,400,8,8,125,48,28.7,0.05,0,1,639
8854,400,6,6,115,48,20.7,0.05,0,1,639
8855,400,6,6,108,39,25.15,0.05,0,1,639
8856,394,9,9,121,45,29.21,0.05,0,1,639
8857,400,9,9,117,46,27.1,0.05,0,1,639
8858,400,6,6,108,47,23.85,0.05,0,1,639
8859,380,8,9,118,42,30.3,0.05,0,1,639
8860,400,8,8,121,48,22.3,0.05,0,1,639
8861,369,9,9,130,43,32.91,0.05,0,1,639
8862,387,9,9,121,44,26.78,0.05,0,1,639
8863,80,1,1,31,11,-2.35,0.05,1,0,639
8864,365,9,9,124,42,27.45,0.05,0,1,639
8865,382,8,9,115,41,32.43,0.05,0,1,639
8866,400,0,0,26,14,-5.6,0.05,0,1,639
8867,400,8,8,108,49,19.4,0.05,0,1,639
8868,400,9,9,135,44,32.7,0.05,0,1,639
8869,400,7,7,129,44,33.05,0.05,0,1,639
8870,368,9,9,114,43,26.27,0.05,0,1,639
8871,400,7,7,117,47,26.9,0.05,0,1,639
8872,374,9,9,118,44,22.31,0.05,0,1,639
8873,400,7,7,126,48,22.6,0.05,0,1,639
8874,400,9,9,120,44,29.45,0.05,0,1,639
8875,391,9,9,130,44,34.14,0.05,0,1,639
8876,400,9,9,132,47,31.45,0.05,0,1,639
8877,400,7,7,127,45,27.85,0.05,0,1,639
8878,371,8,9,122,44,26.79,0.05,0,1,639
8879,400,8,8,112,46,28.65,0.05,0,1,639
8880,363,9,9,127,43,32.02,0.05,0,1,639
8881,400,8,8,114,47,23.05,0.05,0,1,639
8882,400,7,7,118,46,24.9,0.05,0,1,639
8883,392,9,9,118,45,25.78,0.05,0,1,639
8884,400,5,6,110,49,18.1,0.05,0,1,639
8885,400,1,1,40,44,-16.3,0.05,0,1,639
8886,400,8,8,121,47,21.2,0.05,0,1,639
8887,390,9,9,133,44,31.2,0.05,0,1,639
8888,400,0,0,43,56,-10.1,0.05,0,1,639
8889,374,9,9,124,42,34.66,0.05,0,1,639
8890,400,8,8,113,47,25.9,0.05,0,1,639
8891,400,3,3,57,23,8.3,0.05,0,1,639
8892,400,9,9,118,48,23.7,0.05,0,1,639
8893,356,9,9,110,40,32.14,0.05,0,1,639
8894,400,7,7,106,42,24.35,0.05,0,1,639
8895,400,9,9,132,44,32.25,0.05,0,1,639
8896,400,6,6,102,37,19.65,0.05,0,1,639
8897,400,8,8,122,44,23.75,0.05,0,1,639
8898,400,2,2,35,17,-0.9,0.05,0,1,639
8899,400,9,9,114,42,31.65,0.05,0,1,639
8900,400,7,7,118,49,15.65,0.05,0,1,639
8901,400,7,7,107,47,25.2,0.05,0,1,639
8902,382,9,9,124,43,28.08,0.05,0,1,639
8903,359,8,9,123,41,28.56,0.05,0,1,639
8904,312,5,5,100,38,15.03,0.05,1,0,639
8905,400,9,9,121,48,28.0,0.05,0,1,639
8906,400,6,7,88,31,18.1,0.05,0,1,639
8907,376,8,9,123,42,28.64,0.05,0,1,639
8908,400,3,3,64,54,0.0,0.05,0,1,639
8909,400,8,8,110,46,24.25,0.05,0,1,639
8910,400,9,9,117,43,30.6,0.05,0,1,639
8911,400,5,5,99,32,22.5,0.05,0,1,639
8912,329,8,9,105,37,27.16,0.05,0,1,639
8913,398,8,9,123,43,32.87,0.05,0,1,639
8914,400,8,8,118,45,29.45,0.05,0,1,639
8915,375,9,9,118,42,30.15,0.05,0,1,639
8916,370,8,9,128,40,33.8,0.05,0,1,639
8917,400,9,9,121,45,29.5,0.05,0,1,639
8918,400,7,7,78,31,14.9,0.05,0,1,639
8919,400,9,9,128,49,29.8,0.05,0,1,639
8920,400,9,9,122,45,25.45,0.05,0,1,639
8921,400,9,9,121,45,26.9,0.05,0,1,639
8922,400,9,9,114,46,23.55,0.05,0,1,639
8923,393,8,9,121,45,31.57,0.05,0,1,639
8924,391,8,9,122,43,30.49,0.05,0,1,639
8925,400,9,9,122,40,29.55,0.05,0,1,639
8926,400,8,8,106,45,20.75,0.05,0,1,639
8927,400,9,9,125,50,25.7,0.05,0,1,639
8928,379,9,9,125,41,29.71,0.05,0,1,639
8929,400,8,8,101,47,17.15,0.05,0,1,639
8930,370,9,9,125,41,26.0,0.05,1,0,640
8931,400,0,0,44,23,-3.75,0.05,0,1,640
8932,400,9,9,128,48,23.55,0.05,0,1,640
8933,400,9,9,127,48,26.75,0.05,0,1,640
8934,400,5,5,79,31,14.15,0.05,0,1,640
8935,397,9,9,116,46,27.43,0.05,0,1,640
8936,400,3,3,47,52,-13.65,0.05,0,1,640
8937,400,6,6,77,54,-3.25,0.05,0,1,640
8938,400,5,5,71,52,1.6,0.05,0,1,640
8939,400,4,4,50,56,-17.85,0.05,0,1,640
8940,374,8,9,121,43,25.66,0.05,0,1,640
8941,400,6,6,99,46,14.95,0.05,0,1,640
8942,400,9,9,122,47,24.55,0.05,0,1,640
8943,387,9,9,123,45,31.68,0.05,0,1,640
8944,400,7,7,95,49,17.75,0.05,0,1,640
8945,400,5,5,97,34,14.55,0.05,0,1,640
8946,400,5,5,78,53,0.65,0.05,0,1,640
8947,400,8,8,114,39,24.15,0.05,0,1,640
8948,400,6,6,112,35,26.25,0.05,0,1,640
8949,400,9,9,128,45,28.2,0.05,0,1,640
8950,362,9,9,117,40,27.88,0.05,0,1,641
8951,400,7,7,101,48,18.1,0.05,0,1,641
8952,380,9,9,117,43,23.65,0.05,0,1,641
8953,400,9,9,118,45,26.3,0.05,0,1,641
8954,400,8,8,121,45,26.65,0.05,0,1,641
8955,400,9,9,114,47,21.6,0.05,0,1,641
8956,400,7,7,120,42,27.55,0.05,0,1,641
8957,400,2,2,26,9,-2.75,0.05,0,1,641
8958,400,1,1,42,56,-8.55,0.05,0,1,641
8959,400,6,6,98,36,19.9,0.05,0,1,641
8960,400,8,8,124,45,28.55,0.05,0,1,641
8961,372,8,9,117,42,30.98,0.05,0,1,641
8962,400,3,3,38,34,-8.45,0.05,0,1,641
8963,400,3,3,43,47,-1.05,0.05,0,1,641
8964,400,6,6,73,52,1.0,0.05,0,1,641
8965,400,3,3,78,52,-4.1,0.05,0,1,641
8966,400,7,7,114,49,19.35,0.05,0,1,641
8967,400,9,9,115,49,22.65,0.05,0,1,641
8968,400,4,4,83,35,9.3,0.05,0,1,641
8969,400,8,8,112,48,20.15,0.05,0,1,641
8970,384,8,9,122,46,27.96,0.05,0,1,641
8971,400,5,5,83,39,10.15,0.05,0,1,641
8972,398,9,9,123,44,28.52,0.05,0,1,641
8973,399,9,9,128,44,31.01,0.05,0,1,641
8974,389,8,9,123,43,30.76,0.05,0,1,641
8975,400,8,8,112,38,25.6,0.05,0,1,641
8976,400,6,6,115,38,24.5,0.05,0,1,641
8977,400,8,8,112,48,18.6,0.05,0,1,641
8978,400,3,3,59,44,0.85,0.05,0,1,641
8979,400,5,5,61,54,-4.15,0.05,0,1,641
8980,400,3,3,46,54,-14.5,0.05,0,1,641
8981,400,5,5,86,47,5.65,0.05,0,1,641
8982,387,8,9,119,41,32.93,0.05,0,1,641
8983,336,8,9,116,40,25.49,0.05,0,1,641
8984,381,9,9,120,44,26.94,0.05,0,1,641
8985,400,3,3,47,27,-0.65,0.05,0,1,641
8986,400,9,9,118,45,26.9,0.05,0,1,641
8987,362,9,9,119,42,25.28,0.05,0,1,641
8988,400,8,8,120,43,28.8,0.05,0,1,641
8989,400,8,8,120,45,31.5,0.05,0,1,641
8990,377,9,9,123,42,33.93,0.05,0,1,641
8991,388,9,9,128,43,34.67,0.05,0,1,641
8992,400,8,8,122,47,24.15,0.05,0,1,641
8993,400,9,9,131,46,33.6,0.05,0,1,641
8994,400,8,8,107,45,28.0,0.05,0,1,641
8995,372,9,9,127,42,29.63,0.05,0,1,641
8996,400,7,7,67,32,7.05,0.05,0,1,641
8997,393,9,9,122,42,35.02,0.05,0,1,641
8998,400,9,9,109,47,22.2,0.05,0,1,641
8999,400,5,5,73,55,2.45,0.05,0,1,641
9000,400,9,9,103,47,18.85,0.05,0,1,641
9001,400,9,9,117,46,26.45,0.05,0,1,641
9002,400,8,8,123,45,28.85,0.05,0,1,641
9003,400,2,2,42,15,2.45,0.05,0,1,641
9004,400,7,7,86,50,15.95,0.05,0,1,641
9005,400,1,1,28,26,-10.5,0.05,0,1,641
9006,379,9,9,112,42,26.86,0.05,1,0,641
9007,377,9,9,123,42,33.63,0.05,0,1,641
9008,400,8,8,122,47,24.75,0.05,0,1,641
9009,400,8,8,116,47,25.65,0.05,0,1,641
9010,400,9,9,119,44,29.85,0.05,0,1,641
9011,400,4,4,96,48,18.0,0.05,0,1,641
9012,400,9,9,120,50,24.35,0.05,0,1,641
9013,361,9,9,116,44,23.74,0.05,0,1,641
9014,368,8,9,126,42,32.27,0.05,0,1,641
9015,400,7,7,115,46,18.5,0.05,0,1,641
9016,400,8,8,121,46,26.35,0.05,0,1,641
9017,400,5,5,85,32,12.1,0.05,0,1,641
9018,135,1,1,51,18,-1.55,0.05,1,0,641
9019,400,6,6,84,51,5.1,0.05,0,1,641
9020,382,9,9,125,44,29.63,0.05,0,1,641
9021,400,8,8,118,42,28.45,0.05,0,1,641
9022,378,9,9,125,42,30.87,0.05,0,1,641
9023,371,9,9,120,43,25.54,0.05,0,1,641
9024,400,6,6,100,44,24.9,0.05,0,1,641
9025,383,8,9,117,42,29.17,0.05,0,1,641
9026,399,9,9,133,45,28.91,0.05,0,1,641
9027,394,9,9,129,45,23.66,0.05,0,1,641
9028,394,9,9,127,46,30.11,0.05,0,1,641
9029,400,9,9,103,47,20.8,0.05,0,1,641
9030,400,8,8,115,47,23.1,0.05,0,1,641
9031,330,9,9,116,40,25.7,0.05,0,1,641
9032,374,9,9,123,44,27.71,0.05,0,1,641
9033,400,9,9,133,46,31.4,0.05,0,1,641
9034,394,9,9,117,46,22.01,0.05,0,1,641
9035,400,7,7,108,39,21.15,0.05,0,1,641
9036,393,9,9,120,44,32.67,0.05,0,1,641
9037,400,7,7,118,47,26.3,0.05,0,1,641
9038,380,8,9,125,44,24.85,0.05,0,1,641
9039,397,9,9,129,45,30.93,0.05,0,1,641
9040,400,9,9,118,47,29.45,0.05,0,1,641
9041,400,9,9,124,49,22.8,0.05,0,1,641
9042,400,8,8,117,48,24.6,0.05,0,1,641
9043,400,8,8,111,48,14.7,0.05,0,1,641
9044,373,9,9,121,42,31.17,0.05,0,1,641
9045,400,7,7,105,49,27.35,0.05,0,1,641
9046,400,4,4,96,28,17.45,0.05,0,1,641
9047,400,8,8,108,50,20.7,0.05,0,1,641
9048,388,8,9,116,47,23.67,0.05,0,1,641
9049,400,1,1,34,19,-4.85,0.05,0,1,641
9050,400,9,9,124,46,28.8,0.05,0,1,641
9051,377,9,9,115,44,25.58,0.05,0,1,641
9052,399,9,9,122,44,31.66,0.05,0,1,641
9053,400,1,1,40,21,-7.8,0.05,0,1,641
9054,400,9,9,122,46,29.15,0.05,0,1,641
9055,386,8,9,119,43,28.24,0.05,0,1,641
9056,400,2,2,39,36,-0.7,0.05,0,1,641
9057,400,2,2,49,55,-12.9,0.05,0,1,641
9058,400,2,2,54,54,-15.65,0.05,0,1,641
9059,400,8,8,126,36,31.7,0.05,0,1,641
9060,396,9,9,129,44,31.54,0.05,0,1,641
9061,252,5,5,94,30,17.08,0.05,1,0,641
9062,400,8,8,123,46,27.6,0.05,0,1,641
9063,400,6,6,111,38,22.75,0.05,0,1,641
9064,400,1,1,22,10,1.25,0.05,0,1,641
9065,372,8,9,119,43,26.73,0.05,0,1,641
9066,334,9,9,114,39,28.06,0.05,0,1,641
9067,400,9,9,128,48,19.95,0.05,0,1,641
9068,400,8,8,122,43,28.65,0.05,0,1,641
9069,400,3,3,87,28,14.4,0.05,0,1,641
9070,388,8,9,121,43,29.92,0.05,0,1,641
9071,378,9,9,119,43,30.42,0.05,0,1,641
9072,396,9,9,123,44,29.04,0.05,0,1,641
9073,389,9,9,134,44,35.11,0.05,0,1,641
9074,395,9,9,130,44,31.9,0.05,0,1,641
9075,400,1,1,53,15,7.3,0.05,0,1,641
9076,400,5,5,105,44,16.9,0.05,0,1,641
9077,400,5,5,100,34,15.25,0.05,0,1,641
9078,334,9,9,119,37,31.41,0.05,0,1,641
9079,385,9,9,123,45,22.6,0.05,0,1,641
9080,400,9,9,120,48,26.7,0.05,0,1,641
9081,400,2,2,63,55,-11.35,0.05,0,1,641
9082,400,8,8,121,40,28.0,0.05,0,1,641
9083,400,0,0,20,27,-13.3,0.05,0,1,641
9084,400,9,9,117,43,24.9,0.05,0,1,641
9085,400,9,9,129,47,33.45,0.05,0,1,641
9086,400,9,9,112,49,18.15,0.05,0,1,641
9087,384,8,9,118,43,26.01,0.05,0,1,641
9088,400,9,9,131,45,33.35,0.05,0,1,641
9089,389,9,9,121,42,36.56,0.05,0,1,641
9090,396,9,9,126,45,32.69,0.05,0,1,641
9091,400,9,9,126,45,27.2,0.05,0,1,641
9092,400,9,9,125,45,26.95,0.05,0,1,641
9093,363,8,9,121,40,32.17,0.05,0,1,641
9094,400,9,9,119,48,24.9,0.05,0,1,641
9095,400,9,9,117,49,23.1,0.05,0,1,641
9096,400,9,9,125,45,29.1,0.05,0,1,641
9097,400,8,8,112,48,27.3,0.05,0,1,641
9098,400,9,9,115,47,25.9,0.05,0,1,641
9099,392,8,9,126,45,29.98,0.05,0,1,641
9100,400,5,5,88,34,11.05,0.05,0,1,641
9101,400,9,9,113,43,22.35,0.05,0,1,641
9102,400,4,4,61,27,6.9,0.05,0,1,641
9103,382,8,9,122,43,28.58,0.05,0,1,641
9104,210,6,6,75,26,11.55,0.05,1,0,641
9105,365,9,9,120,41,30.15,0.05,0,1,641
9106,400,9,9,125,43,29.4,0.05,0,1,641
9107,400,3,3,93,35,18.45,0.05,0,1,641
9108,400,2,2,54,23,6.2,0.05,0,1,641
9109,400,2,2,18,11,-0.15,0.05,0,1,641
9110,400,9,9,117,47,28.2,0.05,0,1,641
9111,387,9,9,112,45,21.43,0.05,0,1,641
9112,400,8,8,120,50,18.7,0.05,0,1,641
9113,400,6,6,107,35,22.85,0.05,0,1,641
9114,400,8,8,125,49,20.6,0.05,0,1,641
9115,400,8,8,121,49,20.7,0.05,0,1,641
9116,344,9,9,116,37,32.26,0.05,0,1,641
9117,398,9,9,121,45,28.72,0.05,0,1,641
9118,391,9,9,119,45,27.99,0.05,0,1,641
9119,392,9,9,118,46,25.13,0.05,0,1,642
9120,400,8,9,125,44,30.05,0.05,0,1,642
9121,372,9,9,123,42,31.23,0.05,0,1,642
9122,400,0,0,21,10,-6.15,0.05,0,1,642
9123,400,3,3,44,42,-0.8,0.05,0,1,642
9124,400,2,2,81,48,-6.1,0.05,0,1,642
9125,400,5,5,108,37,19.55,0.05,0,1,642
9126,28,0,0,11,4,-3.68,0.05,1,0,642
9127,400,8,8,123,46,29.6,0.05,0,1,642
9128,400,6,6,100,39,19.3,0.05,0,1,642
9129,361,9,9,109,43,17.54,0.05,0,1,642
9130,400,5,5,93,52,7.05,0.05,0,1,642
9131,370,8,9,124,42,28.6,0.05,0,1,642
9132,400,9,9,122,44,30.7,0.05,0,1,642
9133,376,9,9,120,41,32.69,0.05,0,1,642
9134,400,1,1,85,54,3.4,0.05,0,1,642
9135,400,3,3,66,36,2.55,0.05,0,1,642
9136,400,7,7,118,49,16.15,0.05,0,1,642
9137,400,9,9,125,44,28.95,0.05,0,1,642
9138,400,6,7,82,51,15.65,0.05,0,1,642
9139,397,9,9,113,46,26.53,0.05,0,1,642
9140,222,3,3,89,27,13.53,0.05,1,0,642
9141,396,9,9,127,46,28.39,0.05,0,1,642
9142,400,9,9,125,44,30.05,0.05,0,1,643
9143,400,0,0,22,31,-14.7,0.05,0,1,643
9144,400,8,8,102,49,21.25,0.05,0,1,643
9145,400,3,3,59,48,8.2,0.05,0,1,643
9146,400,1,1,39,12,2.35,0.05,0,1,644
9147,22,1,1,11,3,-2.42,0.05,1,0,644
9148,400,9,9,125,42,34.05,0.05,0,1,644
9149,400,8,8,123,44,24.05,0.05,0,1,644
9150,382,9,9,116,43,22.58,0.05,0,1,644
9151,400,5,5,95,32,17.0,0.05,0,1,644
9152,400,7,7,92,48,19.8,0.05,0,1,644
9153,390,9,9,130,46,28.95,0.05,0,1,644
9154,400,1,1,31,10,-3.65,0.05,0,1,644
9155,400,5,5,39,13,7.25,0.05,0,1,644
9156,365,9,9,118,42,26.65,0.05,0,1,644
9157,376,8,9,121,44,25.14,0.05,0,1,644
9158,386,8,9,123,43,29.14,0.05,0,1,644
9159,352,9,9,124,43,27.58,0.05,0,1,644
9160,400,9,9,122,46,28.75,0.05,0,1,644
9161,365,8,9,130,42,29.95,0.05,0,1,644
9162,400,8,8,121,45,31.6,0.05,0,1,644
9163,384,9,9,119,43,25.91,0.05,0,1,644
9164,400,0,0,60,48,4.95,0.05,0,1,644
9165,364,9,9,115,39,28.11,0.05,0,1,644
9166,357,8,9,115,40,29.13,0.05,0,1,644
9167,400,9,9,129,47,28.25,0.05,0,1,644
9168,400,8,8,134,44,32.7,0.05,0,1,644
9169,380,9,9,131,42,33.7,0.05,0,1,644
9170,400,3,3,47,11,6.85,0.05,0,1,644
9171,400,0,0,20,5,-0.75,0.05,0,1,644
9172,350,9,9,122,40,29.7,0.05,0,1,644
9173,400,8,8,118,41,27.35,0.05,0,1,644
9174,400,8,8,114,49,28.35,0.05,0,1,644
9175,400,7,7,113,43,23.4,0.05,0,1,644
9176,86,1,1,34,12,-4.26,0.05,1,0,644
9177,400,9,9,125,46,24.7,0.05,0,1,644
9178,400,8,8,126,36,33.5,0.05,0,1,644
9179,400,3,3,83,27,11.8,0.05,0,1,644
9180,400,9,9,114,45,22.1,0.05,0,1,644
9181,382,9,9,128,44,33.23,0.05,0,1,644
9182,400,3,3,42,16,2.3,0.05,0,1,644
9183,400,9,9,126,48,29.3,0.05,0,1,644
9184,400,4,4,118,39,24.5,0.05,0,1,644
9185,351,8,9,121,38,29.94,0.05,0,1,644
9186,370,9,9,136,45,29.0,0.05,0,1,644
9187,400,7,7,113,50,21.65,0.05,0,1,644
9188,400,9,9,117,46,26.0,0.05,0,1,644
9189,15,0,0,6,2,-5.15,0.05,1,0,644
9190,400,9,9,112,48,20.15,0.05,0,1,644
9191,400,5,5,95,34,13.95,0.05,0,1,644
9192,400,8,8,117,46,21.4,0.05,0,1,644
9193,400,8,8,125,48,25.55,0.05,0,1,644
9194,400,8,8,113,45,21.95,0.05,0,1,644
9195,400,8,8,123,44,24.9,0.05,0,1,644
9196,365,9,9,118,42,30.65,0.05,0,1,644
9197,400,6,6,116,50,12.8,0.05,0,1,644
9198,400,8,8,101,44,17.7,0.05,0,1,644
9199,400,7,7,114,42,26.45,0.05,0,1,644
9200,367,9,9,120,43,27.38,0.05,0,1,644
9201,400,8,8,136,43,36.3,0.05,0,1,644
9202,381,9,9,128,44,29.04,0.05,0,1,644
9203,400,9,9,117,46,26.65,0.05,0,1,644
9204,400,8,8,122,50,23.1,0.05,0,1,644
9205,400,8,8,114,49,17.0,0.05,0,1,644
9206,373,9,9,120,41,28.42,0.05,0,1,644
9207,367,9,9,131,46,29.38,0.05,0,1,644
9208,400,1,1,43,26,-3.15,0.05,0,1,644
9209,400,2,2,23,13,-3.55,0.05,0,1,644
9210,400,8,8,98,51,16.25,0.05,0,1,644
9211,400,7,7,115,47,19.7,0.05,0,1,644
9212,400,4,4,88,32,16.85,0.05,0,1,644
9213,373,9,9,113,43,24.27,0.05,0,1,644
9214,400,6,7,129,44,32.45,0.05,0,1,644
9215,400,8,8,132,46,33.3,0.05,0,1,644
9216,400,5,5,85,29,15.35,0.05,0,1,644
9217,400,4,4,55,20,5.65,0.05,0,1,644
9218,400,8,8,102,41,23.95,0.05,0,1,644
9219,400,8,8,113,47,16.4,0.05,0,1,644
9220,400,9,9,117,47,28.7,0.05,0,1,644
9221,383,9,9,127,44,32.97,0.05,0,1,644
9222,337,8,9,123,40,34.03,0.05,0,1,644
9223,400,8,8,118,45,24.45,0.05,0,1,644
9224,400,8,8,134,44,34.4,0.05,0,1,644
9225,400,8,8,115,49,24.25,0.05,0,1,644
9226,400,9,9,127,44,31.8,0.05,0,1,644
9227,400,8,9,131,45,29.8,0.05,0,1,644
9228,400,1,1,37,37,-14.3,0.05,0,1,644
9229,400,9,9,123,46,32.65,0.05,0,1,644
9230,400,8,8,127,46,30.7,0.05,0,1,644
9231,399,8,9,126,49,23.86,0.05,0,1,644
9232,400,9,9,114,49,21.3,0.05,0,1,644
9233,400,3,3,32,40,-16.65,0.05,0,1,644
9234,400,5,5,53,32,0.4,0.05,0,1,644
9235,394,8,9,122,46,27.56,0.05,0,1,644
9236,400,7,7,113,47,20.75,0.05,0,1,644
9237,400,6,6,120,48,22.8,0.05,0,1,644
9238,400,9,9,127,45,28.55,0.05,0,1,644
9239,400,9,9,114,42,26.5,0.05,0,1,644
9240,400,7,7,101,47,11.65,0.05,0,1,644
9241,383,9,9,117,42,30.87,0.05,0,1,644
9242,400,9,9,131,47,27.35,0.05,0,1,644
9243,400,8,8,127,38,34.55,0.05,0,1,644
9244,400,5,5,82,53,5.05,0.05,0,1,644
9245,390,9,9,132,47,27.95,0.05,0,1,644
9246,400,9,9,127,47,29.25,0.05,0,1,644
9247,400,8,8,115,50,14.95,0.05,0,1,644
9248,400,1,1,56,25,-0.8,0.05,0,1,644
9249,400,8,8,130,45,27.95,0.05,0,1,644
9250,385,9,9,124,43,35.45,0.05,0,1,644
9251,400,5,5,104,41,14.25,0.05,0,1,644
9252,72,0,0,33,10,-0.47,0.05,1,0,644
9253,400,7,7,115,43,24.6,0.05,0,1,644
9254,400,8,8,104,46,22.75,0.05,0,1,644
9255,359,9,9,119,40,34.51,0.05,0,1,644
9256,371,8,9,124,40,33.84,0.05,0,1,644
9257,400,9,9,123,44,31.9,0.05,0,1,644
9258,400,7,7,98,47,21.1,0.05,0,1,644
9259,379,8,9,112,41,29.51,0.05,0,1,644
9260,400,6,6,106,48,18.05,0.05,0,1,644
9261,50,0,0,20,7,-3.55,0.05,1,0,644
9262,367,8,9,126,44,28.38,0.05,0,1,644
9263,400,0,0,21,17,-5.8,0.05,0,1,644
9264,400,5,5,106,47,18.05,0.05,0,1,644
9265,400,8,8,122,40,27.7,0.05,0,1,644
9266,366,9,9,121,41,28.39,0.05,0,1,644
9267,400,3,3,63,21,10.6,0.05,0,1,644
9268,400,3,3,58,24,3.6,0.05,0,1,644
9269,400,7,7,111,37,24.55,0.05,0,1,644
9270,366,6,6,94,33,9.99,0.05,1,0,644
9271,400,1,1,58,40,5.4,0.05,0,1,644
9272,400,3,3,75,33,3.85,0.05,0,1,644
9273,400,8,8,109,42,20.7,0.05,0,1,644
9274,400,1,1,42,37,-10.6,0.05,0,1,644
9275,400,5,5,90,30,15.25,0.05,0,1,644
9276,400,4,4,57,48,4.1,0.05,0,1,644
9277,400,3,3,41,45,5.1,0.05,0,1,644
9278,400,0,0,36,15,-1.2,0.05,0,1,644
9279,400,6,6,91,52,-0.15,0.05,0,1,644
9280,91,2,2,37,11,3.14,0.05,1,0,644
9281,400,8,8,121,48,27.2,0.05,0,1,644
9282,375,8,9,121,44,28.0,0.05,0,1,644
9283,400,7,7,95,44,13.6,0.05,0,1,644
9284,400,8,8,117,46,23.7,0.05,0,1,644
9285,400,7,7,121,40,27.1,0.05,0,1,644
9286,310,6,6,105,38,12.0,0.05,1,0,644
9287,400,8,8,119,45,24.95,0.05,0,1,644
9288,400,8,8,126,46,26.9,0.05,0,1,644
9289,400,9,9,121,38,30.8,0.05,0,1,644
9290,390,9,9,122,47,25.25,0.05,0,1,644
9291,389,9,9,126,44,31.21,0.05,0,1,644
9292,382,9,9,116,44,27.28,0.05,0,1,644
9293,400,3,3,97,30,20.5,0.05,0,1,644
9294,400,7,7,108,47,17.15,0.05,0,1,644
9295,400,8,8,137,43,32.1,0.05,0,1,644
9296,400,9,9,122,47,29.45,0.05,0,1,644
9297,400,9,9,134,45,35.2,0.05,0,1,644
9298,400,9,9,126,44,34.85,0.05,0,1,644
9299,400,7,7,115,50,13.15,0.05,0,1,644
9300,395,9,9,116,45,25.5,0.05,0,1,644
9301,321,8,9,119,38,28.94,0.05,0,1,644
9302,339,9,9,115,40,24.71,0.05,0,1,644
9303,400,9,9,116,49,22.2,0.05,0,1,644
9304,355,9,9,115,39,28.1,0.05,0,1,644
9305,400,3,3,69,29,5.7,0.05,0,1,644
9306,400,3,3,96,40,12.1,0.05,0,1,644
9307,382,9,9,120,44,25.48,0.05,0,1,644
9308,400,3,4,90,52,10.4,0.05,0,1,644
9309,400,9,9,117,48,19.55,0.05,0,1,644
9310,356,8,9,127,44,26.79,0.05,0,1,644
9311,400,8,8,99,39,16.4,0.05,0,1,644
9312,400,8,8,133,44,29.45,0.05,0,1,644
9313,400,8,8,102,49,19.05,0.05,0,1,644
9314,400,7,7,101,47,20.95,0.05,0,1,644
9315,337,8,9,114,38,29.43,0.05,0,1,644
9316,400,7,7,123,46,26.9,0.05,0,1,644
9317,389,9,9,128,44,30.41,0.05,0,1,644
9318,376,9,9,123,44,28.49,0.05,0,1,644
9319,400,3,3,115,40,19.55,0.05,0,1,644
9320,400,7,7,85,29,16.15,0.05,0,1,644
9321,400,3,3,42,16,3.6,0.05,0,1,644
9322,369,8,9,119,42,29.36,0.05,0,1,644
9323,400,9,9,126,46,31.1,0.05,0,1,644
9324,400,4,4,40,18,3.1,0.05,0,1,644
9325,383,9,9,122,45,27.82,0.05,0,1,644
9326,389,9,9,118,44,26.76,0.05,0,1,644
9327,400,9,9,123,45,29.45,0.05,0,1,644
9328,400,9,9,115,47,25.05,0.05,0,1,644
9329,362,9,9,120,41,29.58,0.05,0,1,644
9330,400,8,8,130,40,34.0,0.05,0,1,644
9331,400,7,7,121,46,27.7,0.05,0,1,644
9332,400,7,7,103,47,15.05,0.05,0,1,644
9333,386,9,9,120,43,27.39,0.05,0,1,644
9334,388,8,9,119,44,29.02,0.05,0,1,644
9335,400,2,2,42,17,0.1,0.05,0,1,644
9336,400,2,2,52,55,-4.85,0.05,0,1,644
9337,400,7,7,111,47,18.65,0.05,0,1,644
9338,400,8,8,117,50,18.6,0.05,0,1,644
9339,400,6,6,107,49,18.75,0.05,0,1,644
9340,400,1,1,42,14,4.75,0.05,0,1,644
9341,400,8,8,119,48,24.0,0.05,0,1,644
9342,375,9,9,130,42,35.3,0.05,0,1,644
9343,400,8,8,125,48,23.3,0.05,0,1,644
9344,400,9,9,128,44,34.05,0.05,0,1,644
9345,400,7,7,107,41,14.95,0.05,0,1,644
9346,395,8,9,121,46,28.55,0.05,0,1,644
9347,400,8,8,105,50,20.3,0.05,0,1,644
9348,400,6,6,91,29,21.55,0.05,0,1,644
9349,400,9,9,110,45,25.75,0.05,0,1,644
9350,400,6,6,116,46,27.1,0.05,0,1,644
9351,22,2,2,9,3,-1.47,0.05,1,0,644
9352,398,8,9,123,46,32.77,0.05,0,1,644
9353,400,9,9,111,47,23.95,0.05,0,1,644
9354,400,7,7,117,36,28.75,0.05,0,1,644
9355,367,8,9,124,45,27.88,0.05,0,1,644
9356,398,8,9,128,46,28.67,0.05,0,1,644
9357,400,3,3,126,45,16.5,0.05,0,1,644
9358,385,8,9,115,45,27.05,0.05,0,1,644
9359,400,7,8,110,45,22.65,0.05,0,1,644
9360,386,9,9,118,44,28.04,0.05,0,1,644
9361,390,9,9,122,44,29.7,0.05,0,1,644
9362,392,8,9,127,43,27.23,0.05,0,1,644
9363,400,8,8,117,45,24.8,0.05,0,1,644
9364,400,6,6,110,45,21.55,0.05,0,1,644
9365,400,7,7,106,48,13.6,0.05,0,1,644
9366,400,8,8,121,40,29.95,0.05,0,1,644
9367,400,9,9,122,50,22.3,0.05,0,1,644
9368,400,9,9,120,48,28.0,0.05,0,1,644
9369,372,8,9,130,42,34.58,0.05,0,1,644
9370,400,3,3,44,56,-6.65,0.05,0,1,644
9371,400,7,7,114,49,22.2,0.05,0,1,644
9372,400,4,4,48,16,5.75,0.05,0,1,644
9373,387,9,9,118,44,23.48,0.05,0,1,644
9374,386,8,9,122,45,27.64,0.05,0,1,644
9375,366,8,9,115,43,22.84,0.05,0,1,644
9376,400,7,7,111,46,14.8,0.05,0,1,644
9377,400,9,9,116,43,25.85,0.05,0,1,644
9378,387,8,9,118,43,32.33,0.05,0,1,644
9379,400,5,5,52,17,6.55,0.05,0,1,644
9380,400,8,8,125,47,25.95,0.05,0,1,644
9381,384,9,9,119,43,32.91,0.05,0,1,644
9382,400,8,8,122,46,28.8,0.05,0,1,644
9383,382,9,9,118,43,29.23,0.05,0,1,644
9384,400,7,7,129,46,29.0,0.05,0,1,644
9385,400,8,8,125,48,28.1,0.05,0,1,644
9386,400,0,0,41,13,1.55,0.05,0,1,644
9387,81,4,4,36,10,3.19,0.05,1,0,644
9388,400,6,6,93,32,16.3,0.05,0,1,644
9389,400,9,9,123,46,22.1,0.05,0,1,644
9390,400,4,4,76,55,-3.35,0.05,0,1,644
9391,400,8,8,112,46,24.9,0.05,0,1,644
9392,400,4,4,47,50,5.5,0.05,0,1,644
9393,400,5,5,74,50,8.9,0.05,0,1,644
9394,400,3,3,52,49,3.2,0.05,0,1,645
9395,400,8,8,103,52,18.95,0.05,0,1,645
9396,400,1,1,42,49,2.0,0.05,0,1,645
9397,400,5,5,58,48,9.35,0.05,0,1,645
9398,400,7,7,102,48,18.7,0.05,0,1,645
9399,400,3,3,81,50,10.3,0.05,0,1,645
9400,400,5,5,56,50,7.4,0.05,0,1,645
9401,400,3,3,60,46,8.75,0.05,0,1,645
9402,400,4,4,84,50,12.6,0.05,0,1,645
9403,400,7,7,89,52,1.6,0.05,0,1,645
9404,400,9,9,113,48,27.75,0.05,0,1,645
9405,400,7,7,110,39,27.8,0.05,0,1,645
9406,400,3,3,58,18,9.95,0.05,0,1,645
9407,400,5,5,87,35,8.35,0.05,0,1,645
9408,399,9,9,129,46,30.41,0.05,0,1,645
9409,400,3,3,61,55,-5.1,0.05,0,1,645
9410,400,6,6,101,47,17.2,0.05,0,1,645
9411,358,8,9,125,42,29.82,0.05,0,1,645
9412,400,2,2,66,19,12.05,0.05,0,1,645
9413,388,9,9,131,45,33.62,0.05,0,1,645
9414,400,5,5,92,51,15.3,0.05,0,1,645
9415,393,9,9,137,45,33.27,0.05,0,1,645
9416,400,7,7,119,39,24.1,0.05,0,1,645
9417,400,6,6,118,49,17.45,0.05,0,1,645
9418,400,7,7,115,43,23.95,0.05,0,1,645
9419,400,6,6,86,33,9.45,0.05,0,1,645
9420,400,4,4,107,49,18.35,0.05,0,1,645
9421,400,8,8,84,32,11.75,0.05,0,1,645
9422,200,3,3,55,19,5.9,0.05,1,0,645
9423,400,6,6,68,26,14.55,0.05,0,1,645
9424,400,7,7,116,39,25.1,0.05,0,1,645
9425,400,9,9,119,46,26.5,0.05,0,1,645
9426,395,9,9,126,43,31.95,0.05,0,1,645
9427,367,8,9,114,42,25.33,0.05,0,1,645
9428,344,8,9,112,41,23.11,0.05,0,1,645
9429,400,3,3,35,13,3.4,0.05,0,1,645
9430,400,2,2,24,8,0.6,0.05,0,1,645
9431,400,7,7,102,47,18.4,0.05,0,1,645
9432,400,1,1,58,55,-2.65,0.05,0,1,645
9433,400,8,8,105,38,20.8,0.05,0,1,645
9434,382,8,9,127,43,32.03,0.05,0,1,645
9435,400,8,8,117,44,28.65,0.05,0,1,645
9436,400,7,7,104,36,24.25,0.05,0,1,645
9437,390,9,9,115,44,25.85,0.05,0,1,645
9438,377,9,9,125,44,30.83,0.05,0,1,645
9439,400,0,0,47,21,-1.55,0.05,0,1,645
9440,400,8,8,102,45,24.75,0.05,0,1,645
9441,400,7,7,116,44,24.9,0.05,0,1,645
9442,400,8,8,118,47,23.8,0.05,0,1,645
9443,400,7,7,124,43,19.85,0.05,0,1,645
9444,400,9,9,126,48,27.3,0.05,0,1,645
9445,400,8,8,129,46,32.6,0.05,0,1,645
9446,400,8,8,123,47,20.8,0.05,0,1,645
9447,376,9,9,126,43,29.19,0.05,0,1,645
9448,400,9,9,123,46,26.5,0.05,0,1,645
9449,400,7,7,127,47,26.9,0.05,0,1,645
9450,396,8,9,122,43,31.59,0.05,0,1,645
9451,366,8,9,124,42,30.14,0.05,0,1,645
9452,373,9,9,121,42,28.17,0.05,0,1,645
9453,400,3,3,61,36,3.2,0.05,0,1,645
9454,400,8,8,128,47,21.8,0.05,0,1,645
9455,400,9,9,123,47,26.85,0.05,0,1,645
9456,400,8,8,113,45,25.9,0.05,0,1,645
9457,394,9,9,119,45,31.26,0.05,0,1,645
9458,366,9,9,115,42,26.64,0.05,0,1,645
9459,400,9,9,127,44,34.45,0.05,0,1,645
9460,249,5,5,98,29,14.26,0.05,1,0,645
9461,400,8,8,108,50,18.45,0.05,0,1,645
9462,400,9,9,131,44,35.55,0.05,0,1,645
9463,387,9,9,117,43,30.68,0.05,0,1,645
9464,400,7,7,132,47,23.45,0.05,0,1,645
9465,400,7,7,105,36,22.15,0.05,0,1,645
9466,400,8,8,120,40,31.25,0.05,0,1,645
9467,400,3,3,82,51,4.9,0.05,0,1,645
9468,400,8,8,107,48,12.75,0.05,0,1,645
9469,400,9,9,120,45,29.1,0.05,0,1,645
9470,377,8,9,114,43,25.88,0.05,0,1,645
9471,400,7,7,112,50,16.9,0.05,0,1,645
9472,400,4,4,52,39,-2.8,0.05,0,1,645
9473,400,9,9,115,46,24.2,0.05,0,1,645
9474,400,9,9,121,47,30.5,0.05,0,1,645
9475,391,9,9,124,45,29.79,0.05,0,1,645
9476,400,3,3,56,50,-3.5,0.05,0,1,645
9477,400,4,4,60,54,-4.45,0.05,0,1,645
9478,400,3,3,42,56,-20.1,0.05,0,1,645
9479,400,1,1,61,24,2.1,0.05,0,1,645
9480,400,2,2,51,50,-6.85,0.05,0,1,645
9481,400,4,4,88,52,-8.9,0.05,0,1,645
9482,400,1,1,51,15,7.9,0.05,0,1,645
9483,400,8,8,113,47,24.9,0.05,0,1,645
9484,397,9,9,106,49,16.88,0.05,0,1,645
9485,352,9,9,132,40,32.13,0.05,0,1,645
9486,400,7,7,101,37,20.9,0.05,0,1,645
9487,400,7,7,111,49,23.45,0.05,0,1,645
9488,365,9,9,120,43,23.2,0.05,0,1,645
9489,400,7,7,117,40,23.85,0.05,0,1,645
9490,400,9,9,95,36,18.95,0.05,0,1,645
9491,400,9,9,113,48,23.4,0.05,0,1,645
9492,400,9,9,122,45,29.65,0.05,0,1,645
9493,400,6,6,114,42,23.3,0.05,0,1,645
9494,378,9,9,117,42,29.72,0.05,0,1,645
9495,385,9,9,121,43,35.1,0.05,0,1,645
9496,400,7,7,115,48,16.3,0.05,0,1,645
9497,400,3,3,84,32,7.35,0.05,0,1,645
9498,400,0,0,29,50,-21.8,0.05,0,1,645
9499,373,9,9,116,43,24.27,0.05,0,1,645
9500,400,9,9,100,47,18.9,0.05,0,1,645
9501,400,9,9,122,47,27.05,0.05,0,1,645
9502,400,8,8,97,32,25.45,0.05,0,1,645
9503,400,0,0,28,26,-8.95,0.05,0,1,645
9504,396,9,9,131,46,29.39,0.05,0,1,645
9505,400,3,3,44,19,3.85,0.05,0,1,645
9506,400,7,7,112,48,17.6,0.05,0,1,645
9507,400,9,9,118,48,21.9,0.05,0,1,645
9508,400,5,5,65,49,0.35,0.05,0,1,645
9509,400,3,3,72,52,-2.2,0.05,0,1,645
9510,400,3,3,22,56,-25.5,0.05,0,1,645
9511,400,3,3,48,50,-2.35,0.05,0,1,645
9512,400,6,6,93,49,17.1,0.05,0,1,645
9513,400,6,6,67,49,12.15,0.05,0,1,645
9514,400,7,7,108,48,13.85,0.05,0,1,645
9515,400,4,4,68,24,8.5,0.05,0,1,645
9516,400,2,2,51,50,1.9,0.05,0,1,645
9517,400,3,3,70,49,10.9,0.05,0,1,645
9518,400,4,4,52,48,8.65,0.05,0,1,645
9519,400,7,7,95,35,16.2,0.05,0,1,645
9520,400,3,3,50,47,7.95,0.05,0,1,645
9521,400,4,4,47,49,7.45,0.05,0,1,645
9522,400,2,2,54,48,4.6,0.05,0,1,645
9523,400,0,0,39,15,-0.9,0.05,0,1,645
9524,400,0,0,37,49,-4.35,0.05,0,1,645
9525,400,9,9,114,47,24.4,0.05,0,1,645
9526,400,2,2,31,48,2.9,0.05,0,1,645
9527,400,7,7,106,51,13.4,0.05,0,1,645
9528,400,7,7,103,49,16.9,0.05,0,1,645
9529,400,9,9,120,47,29.35,0.05,0,1,645
9530,400,9,9,122,47,25.0,0.05,0,1,645
9531,398,8,9,118,46,27.02,0.05,0,1,645
9532,400,3,3,78,46,4.75,0.05,0,1,645
9533,387,8,9,113,43,25.18,0.05,0,1,645
9534,400,9,9,118,42,25.5,0.05,0,1,645
9535,400,8,8,109,45,21.15,0.05,0,1,645
9536,400,8,8,120,47,30.4,0.05,0,1,645
9537,400,9,9,120,46,28.85,0.05,0,1,645
9538,400,6,6,99,34,24.1,0.05,0,1,645
9539,400,8,8,117,35,26.9,0.05,0,1,645
9540,400,9,9,119,44,28.15,0.05,0,1,645
9541,383,9,9,123,42,29.82,0.05,0,1,645
9542,400,4,4,64,22,13.3,0.05,0,1,645
9543,400,0,0,31,11,-3.65,0.05,0,1,645
9544,400,7,7,122,50,22.25,0.05,0,1,645
9545,400,8,8,122,50,17.65,0.05,0,1,645
9546,348,9,9,124,39,30.27,0.05,0,1,645
9547,394,9,9,125,43,26.71,0.05,0,1,645
9548,400,8,8,126,48,21.3,0.05,0,1,645
9549,369,9,9,122,41,31.01,0.05,0,1,645
9550,400,8,8,118,46,26.8,0.05,0,1,645
9551,400,8,8,130,47,30.45,0.05,0,1,645
9552,400,9,9,122,48,21.3,0.05,0,1,645
9553,400,9,9,126,42,30.0,0.05,0,1,645
9554,400,8,8,114,46,28.9,0.05,0,1,645
9555,123,3,3,48,17,2.52,0.05,1,0,645
9556,361,9,9,117,42,30.54,0.05,0,1,645
9557,400,2,2,30,39,-14.65,0.05,0,1,645
9558,342,9,9,114,38,30.08,0.05,0,1,645
9559,367,9,9,123,43,32.63,0.05,0,1,645
9560,371,8,9,125,41,33.29,0.05,0,1,645
9561,371,9,9,121,43,28.29,0.05,0,1,645
9562,372,8,9,123,40,33.83,0.05,0,1,645
9563,35,0,0,18,5,-1.1,0.05,1,0,645
9564,400,8,8,132,45,33.6,0.05,0,1,645
9565,393,8,9,121,44,30.77,0.05,0,1,645
9566,386,8,9,124,41,32.24,0.05,0,1,645
9567,400,8,8,129,44,30.95,0.05,0,1,645
9568,378,9,9,117,42,29.07,0.05,0,1,645
9569,358,8,9,112,40,27.52,0.05,0,1,645
9570,400,8,8,114,47,24.35,0.05,0,1,645
9571,400,7,7,92,45,20.05,0.05,0,1,645
9572,400,9,9,120,48,23.3,0.05,0,1,645
9573,378,9,9,117,42,29.87,0.05,0,1,645
9574,342,9,9,119,40,26.23,0.05,0,1,645
9575,400,8,8,117,49,21.75,0.05,0,1,645
9576,396,9,9,124,43,31.39,0.05,0,1,645
9577,400,4,4,55,33,3.2,0.05,0,1,645
9578,400,7,7,110,48,16.95,0.05,0,1,645
9579,400,9,9,121,48,23.3,0.05,0,1,645
9580,400,6,6,116,46,25.65,0.05,0,1,645
9581,400,0,0,26,24,-9.75,0.05,0,1,645
9582,400,3,3,66,22,7.1,0.05,0,1,645
9583,400,6,6,116,41,25.1,0.05,0,1,645
9584,400,2,2,22,45,-18.85,0.05,0,1,645
9585,375,8,9,120,43,27.2,0.05,0,1,645
9586,400,7,7,109,47,26.2,0.05,0,1,645
9587,400,9,9,122,40,28.45,0.05,0,1,645
9588,276,7,7,95,33,16.89,0.05,1,0,645
9589,400,5,5,119,47,24.75,0.05,0,1,645
9590,400,8,8,120,47,31.95,0.05,0,1,645
9591,400,8,8,125,38,29.55,0.05,0,1,645
9592,400,8,8,116,47,29.05,0.05,0,1,645
9593,400,1,1,34,20,-6.7,0.05,0,1,645
9594,400,9,9,124,45,30.05,0.05,0,1,645
9595,400,8,8,120,46,21.15,0.05,0,1,645
9596,400,3,3,65,33,0.8,0.05,0,1,645
9597,400,9,9,116,45,29.4,0.05,0,1,645
9598,371,9,9,128,42,30.39,0.05,0,1,645
9599,355,9,9,123,41,32.25,0.05,0,1,645
9600,400,7,7,115,43,22.8,0.05,0,1,645
9601,386,9,9,124,44,28.49,0.05,0,1,645
9602,400,4,4,81,31,9.55,0.05,0,1,645
9603,396,8,9,124,45,29.94,0.05,0,1,645
9604,350,8,9,123,40,33.25,0.05,0,1,645
9605,400,9,9,128,48,25.0,0.05,0,1,645
9606,400,9,9,122,43,33.65,0.05,0,1,645
9607,400,3,3,110,42,16.85,0.05,0,1,645
9608,400,8,8,126,44,30.05,0.05,0,1,645
9609,372,9,9,117,43,24.53,0.05,0,1,645
9610,400,8,8,118,47,23.9,0.05,0,1,645
9611,400,9,9,124,49,31.1,0.05,0,1,645
9612,400,6,6,112,48,19.2,0.05,0,1,645
9613,388,9,9,126,42,28.22,0.05,0,1,645
9614,391,8,9,116,47,25.49,0.05,0,1,645
9615,400,9,9,118,41,30.25,0.05,0,1,645
9616,400,9,9,128,48,24.95,0.05,0,1,645
9617,372,9,9,122,43,28.53,0.05,0,1,645
9618,400,8,8,100,47,20.3,0.05,0,1,645
9619,382,9,9,112,46,19.48,0.05,0,1,645
9620,400,9,9,131,50,28.65,0.05,0,1,645
9621,400,6,6,100,41,17.95,0.05,0,1,645
9622,357,9,9,119,41,26.73,0.05,0,1,645
9623,400,8,8,121,47,26.55,0.05,0,1,645
9624,400,9,9,120,45,28.1,0.05,0,1,645
9625,400,7,7,113,46,20.1,0.05,0,1,645
9626,400,8,8,113,47,22.65,0.05,0,1,645
9627,400,5,5,115,37,16.45,0.05,0,1,645
9628,267,5,5,83,32,12.78,0.05,1,0,645
9629,400,7,7,131,50,21.35,0.05,0,1,645
9630,400,1,1,46,34,-12.0,0.05,0,1,645
9631,400,9,9,122,49,25.95,0.05,0,1,645
9632,399,9,9,134,46,36.16,0.05,0,1,645
9633,400,7,7,124,46,29.6,0.05,0,1,645
9634,400,1,1,23,12,-2.95,0.05,0,1,645
9635,400,8,8,102,48,17.4,0.05,0,1,645
9636,400,2,2,42,13,4.35,0.05,0,1,645
9637,399,9,9,128,48,27.06,0.05,0,1,645
9638,377,9,9,116,43,30.43,0.05,0,1,645
9639,400,4,4,85,36,10.7,0.05,0,1,645
9640,400,8,8,119,46,28.65,0.05,0,1,645
9641,400,1,1,52,17,6.4,0.05,0,1,645
9642,400,9,9,134,45,29.85,0.05,0,1,645
9643,400,8,8,120,45,31.85,0.05,0,1,645
9644,382,9,9,127,42,30.23,0.05,0,1,645
9645,400,9,9,130,45,32.05,0.05,0,1,645
9646,361,9,9,118,43,27.74,0.05,0,1,645
9647,336,9,9,115,37,29.04,0.05,0,1,645
9648,385,9,9,119,46,27.15,0.05,0,1,645
9649,355,9,9,122,40,31.4,0.05,0,1,645
9650,400,9,9,118,44,27.65,0.05,0,1,645
9651,400,9,9,122,47,27.65,0.05,0,1,645
9652,400,8,8,123,47,25.45,0.05,0,1,645
9653,400,3,3,34,21,-0.9,0.05,0,1,645
9654,400,6,6,97,40,15.25,0.05,0,1,645
9655,400,2,2,42,25,-2.35,0.05,0,1,645
9656,400,2,2,64,20,12.3,0.05,0,1,645
9657,396,8,9,123,46,27.29,0.05,0,1,645
9658,400,9,9,121,48,25.3,0.05,0,1,645
9659,400,7,7,120,47,27.9,0.05,0,1,645
9660,383,9,9,119,42,30.02,0.05,0,1,645
9661,400,7,7,108,44,23.45,0.05,0,1,645
9662,400,9,9,116,49,23.6,0.05,0,1,645
9663,400,9,9,117,46,23.45,0.05,0,1,645
9664,400,9,9,128,46,31.05,0.05,0,1,645
9665,400,8,8,128,45,28.8,0.05,0,1,645
9666,366,9,9,118,42,28.54,0.05,0,1,645
9667,400,9,9,117,48,25.55,0.05,0,1,645
9668,400,4,4,95,46,13.7,0.05,0,1,645
9669,400,8,8,118,48,22.0,0.05,0,1,645
9670,400,7,7,119,45,25.2,0.05,0,1,645
9671,400,5,5,98,31,22.8,0.05,0,1,645
9672,400,9,9,117,40,30.2,0.05,0,1,645
9673,399,9,9,129,46,31.26,0.05,0,1,645
9674,400,8,8,117,44,25.3,0.05,0,1,645
9675,400,0,0,38,38,-15.4,0.05,0,1,645
9676,400,5,5,106,46,20.55,0.05,0,1,645
9677,400,4,4,47,48,-4.3,0.05,0,1,645
9678,400,2,2,36,56,-20.8,0.05,0,1,645
9679,400,1,1,39,55,-19.8,0.05,0,1,645
9680,385,8,9,123,42,28.4,0.05,0,1,645
9681,400,8,8,114,42,27.05,0.05,0,1,645
9682,393,9,9,120,48,22.82,0.05,0,1,645
9683,400,8,8,129,43,35.5,0.05,0,1,645
9684,388,8,9,126,40,33.32,0.05,0,1,645
9685,400,6,6,89,31,22.55,0.05,0,1,645
9686,389,9,9,119,45,28.36,0.05,0,1,645
9687,400,8,8,124,47,26.35,0.05,0,1,645
9688,400,9,9,118,48,22.2,0.05,0,1,645
9689,370,9,9,117,42,29.15,0.05,0,1,645
9690,400,8,8,113,36,21.1,0.05,0,1,645
9691,400,7,7,103,47,20.0,0.05,0,1,645
9692,400,9,9,121,46,30.65,0.05,0,1,645
9693,373,9,9,120,41,29.37,0.05,0,1,645
9694,400,8,8,129,45,32.2,0.05,0,1,645
9695,400,8,8,118,49,20.2,0.05,0,1,645
9696,400,9,9,122,47,24.3,0.05,0,1,645
9697,400,5,5,100,40,19.25,0.05,0,1,645
9698,400,8,8,120,49,20.45,0.05,0,1,645
9699,400,9,9,115,47,25.05,0.05,0,1,645
9700,387,8,9,125,42,29.83,0.05,0,1,645
9701,400,8,8,126,45,34.05,0.05,0,1,645
9702,400,9,9,122,48,17.9,0.05,0,1,645
9703,400,9,9,117,46,28.0,0.05,0,1,645
9704,400,7,7,122,48,22.35,0.05,0,1,645
9705,400,7,7,120,45,26.7,0.05,0,1,645
9706,400,8,8,116,42,28.65,0.05,0,1,645
9707,396,9,9,126,46,25.99,0.05,0,1,645
9708,357,8,9,121,40,33.48,0.05,0,1,645
9709,400,9,9,118,47,19.7,0.05,0,1,645
9710,400,5,5,115,44,19.95,0.05,0,1,645
9711,400,9,9,122,46,25.7,0.05,0,1,645
9712,375,8,9,116,45,20.75,0.05,0,1,645
9713,380,9,9,128,44,28.35,0.05,0,1,645
9714,386,9,9,120,43,31.39,0.05,0,1,645
9715,391,9,9,127,45,30.29,0.05,0,1,645
9716,149,5,5,57,19,8.71,0.05,1,0,645
9717,400,7,7,124,46,23.55,0.05,0,1,645
9718,400,8,8,114,46,21.55,0.05,0,1,645
9719,385,9,9,128,45,28.4,0.05,0,1,645
9720,49,1,1,18,7,-4.09,0.05,1,0,645
9721,371,9,9,113,44,26.34,0.05,0,1,645
9722,400,8,8,100,45,19.2,0.05,0,1,645
9723,121,1,1,46,15,4.49,0.05,1,0,645
9724,398,8,9,124,46,28.87,0.05,0,1,645
9725,397,9,9,136,47,27.13,0.05,0,1,645
9726,372,9,9,122,43,26.88,0.05,0,1,645
9727,400,4,4,86,35,8.8,0.05,0,1,645
9728,400,1,1,57,25,3.3,0.05,0,1,645
9729,400,0,0,41,37,-13.3,0.05,0,1,645
9730,342,8,9,111,38,31.48,0.05,0,1,645
9731,400,8,8,117,39,25.15,0.05,0,1,645
9732,400,8,8,126,46,24.6,0.05,0,1,645
9733,400,5,5,78,26,16.05,0.05,0,1,645
9734,400,2,2,38,13,6.25,0.05,0,1,645
9735,131,1,1,54,16,6.19,0.05,1,0,645
9736,400,7,7,106,49,18.35,0.05,0,1,645
9737,394,9,9,127,44,28.91,0.05,0,1,645
9738,400,9,9,122,47,26.1,0.05,0,1,645
9739,371,8,9,124,43,29.29,0.05,0,1,645
9740,333,8,9,115,39,29.17,0.05,0,1,645
9741,400,8,8,114,48,16.9,0.05,0,1,645
9742,353,9,9,121,43,28.02,0.05,0,1,645
9743,372,9,9,108,42,26.23,0.05,0,1,645
9744,400,6,6,64,30,9.8,0.05,0,1,645
9745,400,7,7,119,48,17.7,0.05,0,1,645
9746,377,9,9,116,42,27.83,0.05,0,1,645
9747,400,6,6,107,48,18.05,0.05,0,1,645
9748,400,9,9,113,50,17.25,0.05,0,1,645
9749,400,7,7,109,46,24.1,0.05,0,1,645
9750,390,8,9,126,43,32.85,0.05,0,1,645
9751,375,8,9,117,45,26.7,0.05,0,1,645
9752,400,1,1,37,15,1.8,0.05,0,1,645
9753,400,3,3,67,47,9.45,0.05,0,1,645
9754,400,6,6,97,46,19.1,0.05,0,1,645
9755,400,5,5,77,37,5.05,0.05,0,1,645
9756,400,8,8,104,46,19.35,0.05,0,1,645
9757,381,9,9,127,43,35.24,0.05,0,1,645
9758,400,9,9,117,37,26.2,0.05,0,1,645
9759,377,9,9,126,43,35.58,0.05,0,1,645
9760,358,9,9,122,41,33.52,0.05,0,1,645
9761,400,9,9,126,47,29.5,0.05,0,1,645
9762,400,1,1,56,21,5.05,0.05,0,1,645
9763,400,6,6,96,46,19.5,0.05,0,1,645
9764,400,8,8,92,54,11.55,0.05,0,1,645
9765,400,4,4,79,51,-8.55,0.05,0,1,645
9766,400,4,4,98,33,16.2,0.05,0,1,645
9767,400,5,5,76,24,15.85,0.05,0,1,645
9768,356,9,9,117,40,26.59,0.05,0,1,645
9769,400,5,5,116,47,18.35,0.05,0,1,645
9770,400,9,9,126,48,25.5,0.05,0,1,645
9771,400,3,3,41,47,0.5,0.05,0,1,645
9772,400,5,5,102,51,11.5,0.05,0,1,645
9773,29,0,0,12,4,-3.39,0.05,1,0,645
9774,400,2,2,40,56,-21.45,0.05,0,1,645
9775,400,4,4,87,50,-0.95,0.05,0,1,645
9776,400,5,5,95,34,16.85,0.05,0,1,645
9777,400,8,8,120,48,17.45,0.05,0,1,645
9778,400,8,8,112,45,21.65,0.05,0,1,645
9779,400,9,9,120,40,30.65,0.05,0,1,645
9780,400,2,2,39,16,-0.45,0.05,0,1,645
9781,388,9,9,123,43,29.42,0.05,0,1,646
9782,400,2,2,32,14,-3.05,0.05,0,1,646
9783,400,8,8,108,46,26.95,0.05,0,1,646
9784,400,8,8,128,44,29.85,0.05,0,1,646
9785,380,9,9,122,41,34.7,0.05,0,1,646
9786,400,6,6,122,42,24.0,0.05,0,1,646
9787,400,6,6,101,45,12.05,0.05,0,1,646
9788,400,5,5,105,33,18.1,0.05,0,1,646
9789,400,5,5,107,48,14.05,0.05,0,1,646
9790,400,7,7,95,32,22.05,0.05,0,1,646
9791,400,7,7,118,47,25.3,0.05,0,1,646
9792,400,8,8,122,43,27.75,0.05,0,1,646
9793,400,8,8,109,50,25.6,0.05,0,1,646
9794,366,8,9,121,41,34.49,0.05,0,1,646
9795,399,9,9,123,44,30.41,0.05,0,1,646
9796,400,2,2,40,14,4.75,0.05,0,1,646
9797,400,8,8,105,48,16.75,0.05,0,1,646
9798,400,8,8,121,46,25.8,0.05,0,1,646
9799,357,9,9,119,41,28.03,0.05,0,1,646
9800,400,8,8,113,39,26.15,0.05,0,1,646
9801,400,3,3,48,38,-10.0,0.05,0,1,646
9802,394,9,9,115,43,27.81,0.05,0,1,646
9803,352,8,9,124,39,32.13,0.05,0,1,646
9804,400,9,9,127,48,27.15,0.05,0,1,646
9805,400,8,8,124,45,28.85,0.05,0,1,646
9806,398,9,9,125,43,32.47,0.05,0,1,646
9807,400,5,5,111,34,26.55,0.05,0,1,646
9808,400,9,9,123,42,30.55,0.05,0,1,646
9809,70,1,1,33,9,0.0,0.05,1,0,646
9810,393,9,9,129,43,29.87,0.05,0,1,646
9811,375,9,9,124,42,34.35,0.05,0,1,646
9812,392,9,9,123,44,31.78,0.05,0,1,646
9813,400,7,7,113,43,23.05,0.05,0,1,646
9814,400,5,5,80,24,19.45,0.05,0,1,646
9815,345,9,9,118,39,28.8,0.05,0,1,646
9816,388,9,9,118,46,21.62,0.05,0,1,646
9817,85,2,2,45,11,4.65,0.05,1,0,646
9818,400,5,5,89,29,17.55,0.05,0,1,646
9819,400,9,9,122,45,28.55,0.05,0,1,646
9820,400,9,9,120,47,26.7,0.05,0,1,646
9821,372,9,9,128,41,31.48,0.05,0,1,646
9822,213,7,7,76,27,14.67,0.05,1,0,646
9823,400,1,1,32,11,-1.35,0.05,0,1,646
9824,400,3,3,46,23,-0.5,0.05,0,1,646
9825,400,9,9,129,47,28.4,0.05,0,1,646
9826,400,9,9,129,47,28.85,0.05,0,1,646
9827,400,5,5,101,46,17.8,0.05,0,1,646
9828,400,1,1,34,15,0.25,0.05,0,1,646
9829,380,8,9,127,44,27.05,0.05,0,1,646
9830,400,8,8,108,48,22.0,0.05,0,1,646
9831,400,9,9,134,44,32.65,0.05,0,1,646
9832,400,7,7,101,47,19.0,0.05,0,1,646
9833,400,7,7,109,47,18.2,0.05,0,1,646
9834,398,9,9,121,45,26.72,0.05,0,1,646
9835,400,6,6,112,37,18.7,0.05,0,1,646
9836,400,3,3,72,25,13.65,0.05,0,1,646
9837,400,8,8,129,45,32.4,0.05,0,1,646
9838,400,5,5,47,46,-10.1,0.05,0,1,646
9839,400,9,9,123,38,32.05,0.05,0,1,646
9840,400,7,7,110,41,26.4,0.05,0,1,646
9841,400,9,9,118,42,28.05,0.05,0,1,646
9842,333,9,9,116,39,29.82,0.05,0,1,646
9843,400,8,8,115,46,26.45,0.05,0,1,646
9844,69,1,1,26,9,-2.04,0.05,1,0,646
9845,400,8,8,105,37,22.8,0.05,0,1,646
9846,400,9,9,123,45,27.0,0.05,0,1,646
9847,400,7,7,127,46,26.6,0.05,0,1,646
9848,400,4,4,89,32,17.15,0.05,0,1,646
9849,400,9,9,118,47,27.05,0.05,0,1,646
9850,369,8,9,123,43,28.76,0.05,0,1,646
9851,400,8,8,117,45,24.2,0.05,0,1,646
9852,400,2,2,41,13,1.55,0.05,0,1,646
9853,398,9,9,127,46,31.52,0.05,0,1,646
9854,400,9,9,115,42,30.55,0.05,0,1,646
9855,386,8,9,120,45,28.74,0.05,0,1,646
9856,400,8,8,131,46,29.25,0.05,0,1,646
9857,357,9,9,130,42,31.33,0.05,0,1,646
9858,400,4,4,53,20,3.6,0.05,0,1,646
9859,385,9,9,119,44,29.9,0.05,0,1,646
9860,400,8,8,110,47,23.4,0.05,0,1,646
9861,400,7,7,128,46,27.45,0.05,0,1,646
9862,400,9,9,108,47,19.25,0.05,0,1,646
9863,400,7,7,102,42,18.6,0.05,0,1,646
9864,400,9,9,131,47,30.1,0.05,0,1,646
9865,400,9,9,117,45,24.7,0.05,0,1,646
9866,400,8,9,130,45,27.05,0.05,0,1,646
9867,400,9,9,122,46,30.65,0.05,0,1,646
9868,381,8,9,129,43,32.99,0.05,0,1,646
9869,400,8,8,117,46,23.85,0.05,0,1,646
9870,400,8,8,125,48,27.2,0.05,0,1,646
9871,400,8,8,92,46,20.25,0.05,0,1,646
9872,400,9,9,122,46,27.7,0.05,0,1,646
9873,400,8,8,120,46,25.95,0.05,0,1,646
9874,353,9,9,118,39,33.67,0.05,0,1,646
9875,379,8,9,128,42,30.96,0.05,0,1,646
9876,375,8,9,125,43,32.25,0.05,0,1,646
9877,400,5,5,111,40,17.8,0.05,0,1,646
9878,400,9,9,117,44,22.7,0.05,0,1,646
9879,400,8,8,102,48,16.05,0.05,0,1,646
9880,359,8,9,125,40,36.41,0.05,0,1,646
9881,392,9,9,122,46,28.48,0.05,0,1,646
9882,400,9,9,132,44,34.15,0.05,0,1,646
9883,390,9,9,130,42,35.4,0.05,0,1,646
9884,400,9,9,124,47,22.7,0.05,0,1,646
9885,400,4,4,37,16,0.85,0.05,0,1,646
9886,394,8,9,124,45,33.36,0.05,0,1,646
9887,400,8,8,101,46,23.7,0.05,0,1,646
9888,400,3,3,49,56,-16.95,0.05,0,1,646
9889,400,7,7,99,48,6.1,0.05,0,1,646
9890,400,9,9,115,47,25.2,0.05,0,1,646
9891,341,8,9,108,38,30.54,0.05,0,1,646
9892,400,9,9,125,45,28.55,0.05,0,1,646
9893,400,9,9,115,40,29.1,0.05,0,1,646
9894,400,8,8,134,46,30.3,0.05,0,1,646
9895,394,9,9,118,47,26.46,0.05,0,1,646
9896,35,0,0,13,5,-5.05,0.05,1,0,646
9897,400,7,7,118,48,21.55,0.05,0,1,646
9898,400,7,7,126,44,32.1,0.05,0,1,646
9899,394,8,9,120,46,28.66,0.05,0,1,646
9900,333,9,9,117,38,29.32,0.05,0,1,646
9901,400,2,2,63,20,3.05,0.05,0,1,646
9902,400,8,8,118,47,23.1,0.05,0,1,646
9903,383,9,9,126,44,29.87,0.05,0,1,646
9904,386,9,9,115,43,28.99,0.05,0,1,646
9905,400,8,8,122,44,20.05,0.05,0,1,646
9906,380,9,9,131,45,24.7,0.05,0,1,646
9907,400,9,9,127,50,22.8,0.05,0,1,646
9908,400,8,8,107,45,21.5,0.05,0,1,646
9909,400,7,7,110,45,23.85,0.05,0,1,646
9910,360,9,9,130,46,25.0,0.05,0,1,646
9911,389,9,9,127,44,30.71,0.05,0,1,646
9912,400,5,5,104,43,13.6,0.05,0,1,646
9913,395,9,9,123,45,30.65,0.05,0,1,646
9914,400,8,8,109,46,25.6,0.05,0,1,646
9915,358,9,9,112,42,24.07,0.05,0,1,646
9916,400,9,9,122,41,29.05,0.05,0,1,646
9917,400,3,3,53,20,2.05,0.05,0,1,646
9918,400,2,2,49,20,0.4,0.05,0,1,646
9919,377,8,9,118,43,29.13,0.05,0,1,646
9920,394,9,9,127,46,26.21,0.05,0,1,646
9921,388,8,9,127,43,30.77,0.05,0,1,646
9922,400,8,8,121,47,25.6,0.05,0,1,646
9923,389,9,9,121,47,22.71,0.05,0,1,646
9924,389,9,9,114,41,27.66,0.05,0,1,646
9925,361,9,9,126,41,33.44,0.05,0,1,646
9926,384,8,9,125,43,30.61,0.05,0,1,646
9927,393,9,9,118,46,22.52,0.05,0,1,646
9928,387,9,9,127,44,26.68,0.05,0,1,646
9929,360,8,9,123,44,22.4,0.05,0,1,646
9930,400,9,9,122,47,28.5,0.05,0,1,646
9931,347,8,9,130,41,32.18,0.05,0,1,646
9932,400,2,2,52,15,3.85,0.05,0,1,646
9933,389,9,9,128,44,33.11,0.05,0,1,646
9934,400,5,5,53,22,3.5,0.05,0,1,646
9935,400,6,6,90,30,21.65,0.05,0,1,646
9936,400,5,5,54,20,3.65,0.05,0,1,646
9937,400,8,8,118,47,22.9,0.05,0,1,646
9938,400,6,6,105,36,21.8,0.05,0,1,646
9939,284,5,5,101,34,16.01,0.05,1,0,646
9940,400,3,3,31,9,0.55,0.05,0,1,646
9941,349,8,9,118,37,32.41,0.05,0,1,646
9942,400,3,3,44,24,-2.05,0.05,0,1,646
9943,400,0,0,26,52,-26.5,0.05,0,1,646
9944,400,7,7,120,46,21.15,0.05,0,1,646
9945,365,9,9,124,43,24.0,0.05,0,1,646
9946,400,9,9,120,47,27.65,0.05,0,1,646
9947,382,8,9,116,43,28.23,0.05,0,1,646
9948,400,8,8,118,42,20.1,0.05,0,1,646
9949,400,5,5,81,47,12.8,0.05,0,1,646
9950,400,9,9,89,47,21.25,0.05,0,1,646
9951,400,2,2,63,49,0.65,0.05,0,1,646
9952,400,3,3,47,55,-16.35,0.05,0,1,646
9953,400,0,0,29,47,-8.95,0.05,0,1,646
9954,400,0,0,24,54,-30.55,0.05,0,1,646
9955,400,6,6,62,56,-9.55,0.05,0,1,646
9956,400,2,2,47,56,-18.5,0.05,0,1,646
9957,400,1,1,20,56,-26.75,0.05,0,1,646
9958,400,9,9,121,46,25.95,0.05,0,1,646
9959,372,9,9,128,43,34.03,0.05,0,1,646
9960,400,8,8,125,45,28.85,0.05,0,1,646
9961,377,9,9,124,42,28.63,0.05,0,1,646
9962,400,9,9,116,50,21.5,0.05,0,1,646
9963,400,2,2,73,31,8.45,0.05,0,1,646
9964,400,8,8,117,47,23.05,0.05,0,1,646
9965,372,8,9,122,40,33.08,0.05,0,1,646
9966,400,1,1,29,12,-2.55,0.05,0,1,646
9967,400,9,9,120,46,29.9,0.05,0,1,646
9968,390,9,9,125,45,27.5,0.05,0,1,646
9969,150,4,4,55,20,1.3,0.05,1,0,646
9970,335,8,9,116,39,29.0,0.05,0,1,646
9971,400,8,8,123,47,28.4,0.05,0,1,646
9972,347,9,9,105,38,26.78,0.05,0,1,646
9973,369,8,9,104,42,18.91,0.05,0,1,646
9974,400,9,9,126,45,27.7,0.05,0,1,646
9975,393,8,9,126,45,25.87,0.05,0,1,646
9976,400,7,7,103,47,18.8,0.05,0,1,646
9977,400,7,7,109,50,19.3,0.05,0,1,646
9978,216,5,5,77,25,12.59,0.05,1,0,646
9979,400,9,9,117,46,27.25,0.05,0,1,646
9980,389,8,9,116,44,25.81,0.05,0,1,646
9981,400,9,9,121,47,28.1,0.05,0,1,646
9982,376,8,9,123,43,30.44,0.05,0,1,646
9983,396,8,9,126,45,28.99,0.05,0,1,646
9984,400,7,7,116,40,23.9,0.05,0,1,646
9985,400,3,3,46,16,6.5,0.05,0,1,646
9986,387,9,9,135,46,31.23,0.05,0,1,646
9987,389,8,9,121,45,30.46,0.05,0,1,646
9988,377,9,9,121,42,32.23,0.05,0,1,646
9989,400,4,4,56,21,8.75,0.05,0,1,646
9990,383,9,9,132,42,37.47,0.05,0,1,646
9991,379,9,9,123,47,24.41,0.05,0,1,646
9992,383,8,9,125,43,32.02,0.05,0,1,646
9993,400,2,2,20,7,-1.35,0.05,0,1,646
9994,400,6,6,113,36,22.85,0.05,0,1,646
9995,372,9,9,127,42,33.68,0.05,0,1,646
9996,384,8,9,121,41,31.36,0.05,0,1,646
9997,400,8,8,124,43,33.4,0.05,0,1,646
9998,400,3,3,67,21,11.15,0.05,0,1,646
9999,400,3,3,28,13,0.0,0.05,0,1,646
10000,400,8,8,124,46,26.8,0.05,0,1,646
10001,400,5,5,87,33,13.2,0.05,0,1,646
10002,400,9,9,103,47,17.55,0.05,0,1,646
10003,368,9,9,115,41,28.32,0.05,0,1,646
10004,400,9,9,118,46,17.8,0.05,0,1,646
10005,400,9,9,129,47,29.2,0.05,0,1,646
10006,400,9,9,123,46,29.0,0.05,0,1,646
10007,400,8,8,121,47,27.85,0.05,0,1,646
10008,400,0,0,25,23,-11.6,0.05,0,1,646
10009,374,9,9,124,46,25.81,0.05,0,1,646
10010,400,8,8,110,45,23.7,0.05,0,1,646
10011,400,7,7,119,40,29.1,0.05,0,1,646
10012,383,9,9,120,46,26.37,0.05,0,1,646
10013,400,9,9,120,49,25.35,0.05,0,1,646
10014,400,6,6,99,36,16.4,0.05,0,1,646
10015,400,2,2,54,43,-0.5,0.05,0,1,646
10016,400,1,1,23,56,-25.35,0.05,0,1,646
10017,400,6,6,66,50,-8.4,0.05,0,1,646
10018,62,0,0,31,9,-1.17,0.05,1,0,646
10019,400,6,6,70,25,11.55,0.05,0,1,646
10020,400,3,3,45,28,1.1,0.05,0,1,646
10021,400,7,7,104,48,17.05,0.05,0,1,646
10022,400,3,3,43,56,-20.8,0.05,0,1,646
10023,400,9,9,112,47,23.1,0.05,0,1,646
10024,400,8,8,127,43,32.8,0.05,0,1,646
10025,377,8,9,130,44,32.18,0.05,0,1,646
10026,400,9,9,117,47,26.2,0.05,0,1,646
10027,365,9,9,125,41,31.7,0.05,0,1,646
10028,392,9,9,129,43,33.38,0.05,0,1,646
10029,400,9,9,128,50,27.95,0.05,0,1,646
10030,400,7,7,111,46,22.05,0.05,0,1,646
10031,374,8,9,127,45,30.26,0.05,0,1,646
10032,400,1,1,38,13,2.3,0.05,0,1,646
10033,400,5,5,93,36,9.5,0.05,0,1,646
10034,400,7,7,117,47,24.2,0.05,0,1,646
10035,368,9,9,118,42,29.32,0.05,0,1,646
10036,400,8,8,121,49,19.25,0.05,0,1,646
10037,400,8,8,122,46,26.65,0.05,0,1,646
10038,393,8,9,132,43,35.52,0.05,0,1,646
10039,400,5,5,71,25,11.2,0.05,0,1,646
10040,400,9,9,130,48,25.6,0.05,0,1,646
10041,391,8,9,134,44,34.24,0.05,0,1,646
10042,399,9,9,126,45,29.81,0.05,0,1,646
10043,400,7,7,105,36,24.5,0.05,0,1,646
10044,400,9,9,117,46,23.95,0.05,0,1,646
10045,400,8,8,104,47,19.5,0.05,0,1,646
10046,376,8,9,120,41,33.29,0.05,0,1,646
10047,357,9,9,131,41,32.58,0.05,0,1,646
10048,400,0,0,17,9,-4.95,0.05,0,1,646
10049,400,7,7,111,42,25.9,0.05,0,1,646
10050,400,3,3,50,17,7.9,0.05,0,1,646
10051,400,9,9,117,48,27.0,0.05,0,1,646
10052,372,9,9,122,43,25.58,0.05,0,1,646
10053,400,8,8,119,49,25.05,0.05,0,1,646
10054,400,9,9,120,43,30.9,0.05,0,1,646
10055,397,9,9,122,45,31.43,0.05,0,1,646
10056,375,8,9,123,44,31.05,0.05,0,1,646
10057,400,4,4,97,48,11.55,0.05,0,1,646
10058,400,3,3,65,42,-1.05,0.05,0,1,646
10059,400,1,1,71,53,-11.8,0.05,0,1,646
10060,400,7,8,117,44,27.35,0.05,0,1,646
10061,400,4,4,71,26,13.05,0.05,0,1,646
10062,400,4,4,75,27,14.7,0.05,0,1,646
10063,400,4,4,49,24,7.25,0.05,0,1,646
10064,400,5,5,78,31,9.1,0.05,0,1,646
10065,400,5,5,67,26,4.8,0.05,0,1,646
10066,400,9,9,127,46,29.7,0.05,0,1,646
10067,400,6,6,109,47,21.75,0.05,0,1,646
10068,399,8,9,122,45,31.36,0.05,0,1,646
10069,347,9,9,120,38,29.83,0.05,0,1,646
10070,400,1,1,43,20,1.5,0.05,0,1,646
10071,377,9,9,122,43,29.13,0.05,0,1,646
10072,386,9,9,124,41,31.24,0.05,0,1,646
10073,368,8,9,124,40,35.42,0.05,0,1,646
10074,400,4,4,83,29,12.25,0.05,0,1,646
10075,400,7,7,87,52,7.5,0.05,0,1,646
10076,400,8,8,110,49,11.65,0.05,0,1,646
10077,400,7,7,99,39,20.65,0.05,0,1,646
10078,361,8,9,129,43,29.89,0.05,0,1,646
10079,377,8,9,122,44,28.08,0.05,0,1,646
10080,400,6,6,83,34,12.4,0.05,0,1,646
10081,400,9,9,117,46,24.2,0.05,0,1,646
10082,388,8,9,125,42,31.82,0.05,0,1,646
10083,400,0,0,32,33,-8.35,0.05,0,1,646
10084,400,2,2,54,55,-13.9,0.05,0,1,646
10085,400,5,5,108,48,13.8,0.05,0,1,646
10086,393,8,9,113,43,28.17,0.05,0,1,646
10087,400,8,8,115,45,22.3,0.05,0,1,646
10088,373,9,9,115,41,31.57,0.05,0,1,646
10089,400,1,1,53,29,-3.1,0.05,0,1,646
10090,400,0,0,15,30,-15.0,0.05,0,1,646
10091,400,6,6,120,48,24.5,0.05,0,1,646
10092,400,9,9,119,45,27.7,0.05,0,1,646
10093,364,9,9,113,42,23.61,0.05,0,1,646
10094,347,8,9,115,40,30.58,0.05,0,1,646
10095,400,7,7,63,45,15.25,0.05,0,1,646
10096,400,2,2,46,48,4.35,0.05,0,1,646
10097,400,7,7,108,49,11.85,0.05,0,1,646
10098,400,0,0,44,48,1.55,0.05,0,1,646
10099,400,5,5,110,42,14.95,0.05,0,1,646
10100,400,8,8,107,49,17.25,0.05,0,1,646
10101,400,8,8,99,53,1.85,0.05,0,1,646
10102,400,6,6,65,49,6.25,0.05,0,1,646
10103,400,0,0,31,45,-0.1,0.05,0,1,646
10104,400,0,0,48,48,1.4,0.05,0,1,646
10105,400,2,2,54,56,-24.45,0.05,0,1,646
10106,400,8,8,121,47,27.65,0.05,0,1,646
10107,400,9,9,129,45,32.3,0.05,0,1,646
10108,382,9,9,128,43,28.28,0.05,0,1,646
10109,400,8,8,103,46,22.8,0.05,0,1,646
10110,400,3,3,41,14,3.5,0.05,0,1,646
10111,400,9,9,120,46,28.15,0.05,0,1,646
10112,400,9,9,130,47,24.55,0.05,0,1,646
10113,400,8,8,122,38,26.95,0.05,0,1,646
10114,400,9,9,119,45,22.25,0.05,0,1,646
10115,400,8,8,121,45,29.8,0.05,0,1,646
10116,400,7,7,98,43,15.55,0.05,0,1,646
10117,396,9,9,114,45,24.64,0.05,0,1,646
10118,375,8,9,119,42,28.95,0.05,0,1,646
10119,388,9,9,121,44,27.42,0.05,0,1,646
10120,400,8,8,120,42,29.95,0.05,0,1,646
10121,383,8,9,117,43,25.22,0.05,0,1,646
10122,392,9,9,130,44,31.53,0.05,0,1,646
10123,400,7,7,111,49,19.5,0.05,0,1,646
10124,400,8,8,126,47,25.65,0.05,0,1,646
10125,400,8,8,119,46,26.45,0.05,0,1,646
10126,400,5,5,78,26,14.9,0.05,0,1,646
10127,368,9,9,124,42,28.37,0.05,0,1,646
10128,399,9,9,128,42,34.56,0.05,0,1,646
10129,400,7,7,107,38,17.65,0.05,0,1,646
10130,368,8,9,127,41,32.92,0.05,0,1,646
10131,398,9,9,117,46,26.52,0.05,0,1,646
10132,388,8,9,117,44,28.97,0.05,0,1,646
10133,365,9,9,121,42,29.5,0.05,0,1,646
10134,365,9,9,121,41,28.15,0.05,0,1,646
10135,381,8,9,121,44,30.59,0.05,0,1,646
10136,400,2,2,56,24,1.5,0.05,0,1,646
10137,373,8,9,124,44,28.77,0.05,0,1,646
10138,399,9,9,134,46,30.51,0.05,0,1,646
10139,400,7,7,114,46,26.5,0.05,0,1,646
10140,374,8,9,131,42,37.31,0.05,0,1,646
10141,386,9,9,120,44,28.14,0.05,0,1,646
10142,400,2,2,32,14,1.1,0.05,0,1,646
10143,400,8,8,126,46,28.3,0.05,0,1,646
10144,369,9,9,131,41,35.46,0.05,0,1,646
10145,400,9,9,127,47,30.0,0.05,0,1,646
10146,400,7,7,103,49,19.55,0.05,0,1,646
10147,400,9,9,123,49,28.45,0.05,0,1,646
10148,400,8,8,118,49,19.5,0.05,0,1,646
10149,400,4,4,92,50,9.25,0.05,0,1,646
10150,400,8,8,111,46,22.35,0.05,0,1,646
10151,400,9,9,118,45,31.8,0.05,0,1,646
10152,400,5,5,54,19,8.25,0.05,0,1,646
10153,400,4,4,93,30,19.0,0.05,0,1,646
10154,358,9,9,126,39,32.87,0.05,0,1,646
10155,400,9,9,124,48,23.25,0.05,0,1,646
10156,400,3,3,56,24,4.15,0.05,0,1,646
10157,385,9,9,122,43,31.75,0.05,0,1,646
10158,369,9,9,123,40,30.11,0.05,0,1,646
10159,400,6,6,93,30,19.9,0.05,0,1,646
10160,383,9,9,125,41,29.62,0.05,0,1,646
10161,400,4,4,90,32,13.55,0.05,0,1,646
10162,389,8,9,129,45,23.21,0.05,0,1,646
10163,400,3,3,36,38,-7.65,0.05,0,1,646
10164,277,6,6,94,33,10.83,0.05,1,0,646
10165,400,7,7,107,47,20.1,0.05,0,1,646
10166,400,7,7,118,44,24.4,0.05,0,1,646
10167,396,8,9,123,44,27.24,0.05,0,1,646
10168,400,8,8,113,45,22.0,0.05,0,1,646
10169,379,8,9,118,43,25.66,0.05,0,1,646
10170,400,5,5,120,42,13.55,0.05,0,1,646
10171,400,1,1,44,16,-1.05,0.05,0,1,646
10172,400,8,9,120,44,30.0,0.05,0,1,646
10173,400,9,9,112,49,21.6,0.05,0,1,646
10174,400,8,9,118,43,28.85,0.05,0,1,646
10175,400,5,5,93,35,13.45,0.05,0,1,646
10176,400,8,8,127,41,30.15,0.05,0,1,646
10177,359,8,9,115,41,30.01,0.05,0,1,646
10178,400,9,9,124,44,29.65,0.05,0,1,646
10179,400,1,1,29,25,-3.75,0.05,0,1,646
10180,400,8,8,117,48,23.95,0.05,0,1,646
10181,400,8,8,118,40,24.85,0.05,0,1,646
10182,400,3,3,53,18,7.65,0.05,0,1,646
10183,345,9,9,121,41,31.05,0.05,0,1,646
10184,344,9,9,110,39,29.01,0.05,0,1,646
10185,400,2,2,29,10,-0.6,0.05,0,1,646
10186,395,9,9,119,44,28.8,0.05,0,1,646
10187,392,9,9,120,44,29.73,0.05,0,1,646
10188,400,6,6,102,34,16.65,0.05,0,1,646
10189,392,8,9,124,47,23.58,0.05,0,1,646
10190,388,9,9,128,44,32.07,0.05,0,1,646
10191,388,9,9,120,42,30.22,0.05,0,1,646
10192,360,9,9,125,41,33.25,0.05,0,1,646
10193,365,8,9,117,42,23.9,0.05,0,1,646
10194,400,6,6,100,42,19.85,0.05,0,1,646
10195,400,7,7,80,53,6.25,0.05,0,1,646
10196,362,9,9,119,42,29.83,0.05,0,1,646
10197,400,1,1,51,20,3.95,0.05,0,1,646
10198,356,9,9,112,42,26.19,0.05,0,1,646
10199,400,4,4,82,31,12.7,0.05,0,1,646
10200,400,8,8,125,44,30.6,0.05,0,1,646
10201,400,4,4,69,28,11.05,0.05,0,1,646
10202,400,8,8,120,45,30.1,0.05,0,1,646
10203,400,8,8,111,37,27.15,0.05,0,1,646
10204,384,9,9,124,42,29.56,0.05,0,1,646
10205,379,8,9,126,43,29.36,0.05,0,1,646
10206,389,9,9,122,44,23.46,0.05,0,1,646
10207,351,9,9,117,40,30.34,0.05,0,1,646
10208,400,8,8,125,45,31.4,0.05,0,1,646
10209,400,5,5,93,35,13.85,0.05,0,1,646
10210,386,8,9,129,44,28.64,0.05,0,1,646
10211,400,7,7,112,44,23.1,0.05,0,1,646
10212,400,7,7,113,47,22.0,0.05,0,1,646
10213,400,9,9,124,45,32.45,0.05,0,1,646
10214,400,7,7,117,43,26.85,0.05,0,1,646
10215,400,7,7,106,36,23.1,0.05,0,1,646
10216,400,1,1,35,19,-0.6,0.05,0,1,646
10217,400,6,6,96,46,19.6,0.05,0,1,646
10218,400,2,2,58,57,-20.6,0.05,0,1,646
10219,400,3,3,49,56,-14.85,0.05,0,1,646
10220,400,6,6,96,51,10.05,0.05,0,1,646
10221,76,2,2,24,10,-1.21,0.05,1,0,646
10222,400,4,4,79,50,-4.5,0.05,0,1,646
10223,400,8,8,118,46,28.15,0.05,0,1,646
10224,378,9,9,127,42,31.82,0.05,0,1,646
10225,387,9,9,120,42,31.88,0.05,0,1,646
10226,400,8,8,130,45,31.45,0.05,0,1,646
10227,400,5,5,106,49,15.85,0.05,0,1,646
10228,400,2,2,44,15,3.65,0.05,0,1,646
10229,400,8,8,126,48,26.25,0.05,0,1,646
10230,364,8,9,133,40,35.41,0.05,0,1,646
10231,400,4,4,101,48,13.75,0.05,0,1,646
10232,400,1,1,35,57,-26.85,0.05,0,1,646
10233,400,6,6,113,47,19.5,0.05,0,1,646
10234,352,8,9,114,38,33.63,0.05,0,1,646
10235,356,9,9,128,40,35.14,0.05,0,1,646
10236,400,6,6,103,35,19.15,0.05,0,1,646
10237,400,8,8,123,45,25.2,0.05,0,1,646
10238,375,8,9,125,44,28.8,0.05,0,1,646
10239,400,7,7,105,46,20.75,0.05,0,1,646
10240,400,8,8,110,48,18.4,0.05,0,1,646
10241,400,2,2,25,11,-2.45,0.05,0,1,646
10242,400,0,0,11,3,-3.65,0.05,0,1,646
10243,400,4,4,66,22,8.7,0.05,0,1,646
10244,400,4,4,65,25,8.7,0.05,0,1,646
10245,400,2,2,79,47,12.3,0.05,0,1,646
10246,400,1,1,43,57,-22.5,0.05,0,1,646
10247,400,7,7,117,48,20.5,0.05,0,1,646
10248,390,8,9,124,45,30.3,0.05,0,1,646
10249,400,7,7,113,49,19.7,0.05,0,1,646
10250,400,7,7,131,47,31.1,0.05,0,1,646
10251,369,9,9,123,41,34.96,0.05,0,1,646
10252,393,8,9,125,44,33.02,0.05,0,1,646
10253,400,8,9,121,47,21.95,0.05,0,1,646
10254,400,5,5,105,44,18.45,0.05,0,1,646
10255,384,9,9,129,44,30.96,0.05,0,1,646
10256,400,9,9,124,46,30.4,0.05,0,1,646
10257,400,2,2,33,28,-8.05,0.05,0,1,646
10258,400,6,6,94,35,12.7,0.05,0,1,646
10259,400,7,7,117,46,25.85,0.05,0,1,646
10260,391,8,9,119,47,21.04,0.05,0,1,646
10261,380,9,9,120,46,23.25,0.05,0,1,646
10262,400,8,8,114,48,21.65,0.05,0,1,646
10263,400,2,2,27,14,-3.55,0.05,0,1,646
10264,358,9,9,126,42,29.92,0.05,0,1,646
10265,400,4,4,101,35,16.2,0.05,0,1,646
10266,390,8,9,117,46,25.65,0.05,0,1,646
10267,366,9,9,116,41,29.39,0.05,0,1,646
10268,400,9,9,115,42,22.25,0.05,0,1,646
10269,400,8,8,120,46,24.6,0.05,0,1,646
10270,400,9,9,118,44,31.25,0.05,0,1,646
10271,400,8,8,127,48,24.85,0.05,0,1,646
10272,400,8,8,123,47,27.85,0.05,0,1,646
10273,400,9,9,124,47,25.5,0.05,0,1,646
10274,400,4,4,70,24,11.25,0.05,0,1,646
10275,400,0,0,27,9,-4.05,0.05,0,1,646
10276,398,9,9,114,43,25.67,0.05,0,1,646
10277,370,8,9,126,42,28.05,0.05,0,1,646
10278,395,8,9,124,45,23.8,0.05,0,1,646
10279,400,6,6,112,48,14.65,0.05,0,1,646
10280,400,9,9,117,41,26.25,0.05,0,1,646
10281,400,9,9,126,45,31.1,0.05,0,1,646
10282,400,9,9,110,49,21.75,0.05,0,1,646
10283,378,8,9,117,43,29.27,0.05,0,1,646
10284,400,9,9,119,43,31.25,0.05,0,1,646
10285,400,9,9,129,45,35.2,0.05,0,1,646
10286,400,7,7,111,37,22.4,0.05,0,1,646
10287,400,1,1,37,22,-2.9,0.05,0,1,646
10288,400,8,8,127,37,32.35,0.05,0,1,646
10289,400,8,8,112,45,25.2,0.05,0,1,646
10290,400,9,9,120,48,27.2,0.05,0,1,646
10291,389,9,9,128,50,21.06,0.05,0,1,646
10292,13,0,0,6,2,-5.33,0.05,1,0,646
10293,400,7,7,109,41,18.65,0.05,0,1,646
10294,400,0,0,23,7,-1.8,0.05,0,1,646
10295,400,8,8,118,44,28.6,0.05,0,1,646
10296,400,8,8,123,46,24.0,0.05,0,1,646
10297,400,8,8,122,41,29.0,0.05,0,1,646
10298,388,9,9,116,46,15.92,0.05,1,0,646
10299,400,5,5,96,49,14.1,0.05,0,1,646
10300,382,9,9,124,44,29.78,0.05,0,1,646
10301,400,9,9,114,41,26.95,0.05,0,1,646
10302,400,7,7,107,48,25.05,0.05,0,1,646
10303,400,1,1,42,28,2.2,0.05,0,1,646
10304,400,3,3,61,48,0.25,0.05,0,1,646
10305,400,0,0,31,57,-28.6,0.05,0,1,646
10306,400,3,3,53,56,-15.25,0.05,0,1,646
10307,400,9,9,123,46,26.0,0.05,0,1,646
10308,400,0,0,37,14,-1.45,0.05,0,1,646
10309,400,9,9,122,46,24.8,0.05,0,1,646
10310,400,0,0,30,11,0.1,0.05,0,1,646
10311,400,6,6,104,44,10.05,0.05,0,1,646
10312,400,8,8,107,38,23.15,0.05,0,1,646
10313,349,8,9,129,38,32.01,0.05,0,1,646
10314,400,4,5,78,33,16.55,0.05,0,1,646
10315,387,9,9,120,43,25.98,0.05,0,1,646
10316,400,8,8,122,37,30.3,0.05,0,1,646
10317,350,9,9,120,40,30.4,0.05,0,1,646
10318,400,7,7,109,50,22.9,0.05,0,1,646
10319,400,6,6,75,31,12.55,0.05,0,1,646
10320,400,9,9,126,42,31.9,0.05,0,1,646
10321,400,7,7,117,48,24.45,0.05,0,1,646
10322,400,6,6,120,46,25.0,0.05,0,1,646
10323,400,9,9,119,48,28.45,0.05,0,1,646
10324,400,9,9,116,47,21.3,0.05,0,1,646
10325,400,9,9,123,43,30.25,0.05,0,1,646
10326,363,9,9,123,40,32.72,0.05,0,1,646
10327,396,9,9,116,44,30.14,0.05,0,1,646
10328,398,8,9,114,48,21.37,0.05,0,1,646
10329,400,4,4,72,29,11.35,0.05,0,1,646
10330,400,9,9,131,45,33.1,0.05,0,1,646
10331,400,7,7,120,39,27.5,0.05,0,1,646
10332,400,4,4,44,39,0.9,0.05,0,1,646
10333,400,3,3,43,51,-19.5,0.05,0,1,646
10334,400,9,9,121,44,27.4,0.05,0,1,646
10335,400,8,8,99,47,19.35,0.05,0,1,646
10336,392,9,9,122,44,32.63,0.05,0,1,646
10337,400,9,9,111,38,29.5,0.05,0,1,646
10338,327,9,9,118,39,28.93,0.05,0,1,646
10339,400,7,7,120,46,22.15,0.05,0,1,646
10340,400,9,9,122,46,29.9,0.05,0,1,646
10341,400,8,8,102,48,21.0,0.05,0,1,646
10342,400,3,3,45,48,4.5,0.05,0,1,646
10343,400,5,5,109,52,9.75,0.05,0,1,646
10344,400,4,4,66,49,8.6,0.05,0,1,646
10345,400,6,6,84,56,-8.6,0.05,0,1,646
10346,324,8,9,113,37,32.31,0.05,0,1,646
10347,400,5,5,65,24,13.45,0.05,0,1,646
10348,380,8,9,119,45,23.35,0.05,0,1,646
10349,370,9,9,125,45,28.55,0.05,0,1,646
10350,390,9,9,120,42,30.65,0.05,0,1,646
10351,400,8,8,120,45,25.55,0.05,0,1,646
10352,400,9,9,129,45,32.5,0.05,0,1,646
10353,400,7,7,114,46,17.05,0.05,0,1,646
10354,398,9,9,134,46,30.67,0.05,0,1,646
10355,400,8,8,117,46,23.45,0.05,0,1,646
10356,376,8,9,130,43,30.74,0.05,0,1,646
10357,400,1,1,35,19,-0.9,0.05,0,1,646
10358,112,2,2,48,15,2.93,0.05,1,0,646
10359,379,8,9,123,48,25.71,0.05,0,1,646
10360,395,9,9,132,46,25.1,0.05,0,1,646
10361,400,3,3,52,17,7.8,0.05,0,1,646
10362,400,9,9,127,47,28.0,0.05,0,1,646
10363,400,8,8,122,47,26.65,0.05,0,1,646
10364,400,9,9,123,45,29.5,0.05,0,1,646
10365,400,6,6,125,45,29.85,0.05,0,1,646
10366,400,8,8,117,46,22.75,0.05,0,1,646
10367,374,9,9,132,43,27.31,0.05,1,0,646
10368,381,9,9,122,41,35.09,0.05,0,1,646
10369,400,8,8,104,45,24.25,0.05,0,1,646
10370,366,9,9,116,43,20.29,0.05,0,1,646
10371,400,7,7,109,48,19.05,0.05,0,1,646
10372,400,8,8,120,48,20.65,0.05,0,1,646
10373,199,5,5,67,25,6.46,0.05,1,0,646
10374,336,8,8,115,40,23.04,0.05,1,0,646
10375,366,9,9,123,41,29.54,0.05,0,1,646
10376,230,6,6,86,29,13.25,0.05,1,0,646
10377,400,8,8,121,46,25.25,0.05,0,1,646
10378,400,7,7,103,40,23.15,0.05,0,1,646
10379,390,8,9,118,44,26.8,0.05,0,1,646
10380,400,8,8,122,46,27.05,0.05,0,1,646
10381,400,9,9,113,46,25.7,0.05,0,1,646
10382,400,9,9,103,38,27.55,0.05,0,1,646
10383,390,8,9,124,43,29.9,0.05,0,1,646
10384,386,9,9,122,45,28.14,0.05,0,1,646
10385,400,8,8,117,47,22.95,0.05,0,1,646
10386,400,5,5,117,40,26.4,0.05,0,1,646
10387,392,9,9,127,45,28.38,0.05,0,1,646
10388,400,9,9,120,47,24.7,0.05,0,1,646
10389,400,5,5,64,27,6.25,0.05,0,1,646
10390,400,1,1,33,24,-5.9,0.05,0,1,646
10391,400,9,9,125,46,27.35,0.05,0,1,646
10392,400,8,8,117,49,21.25,0.05,0,1,646
10393,400,7,7,116,48,18.25,0.05,0,1,646
10394,400,5,5,113,37,24.25,0.05,0,1,646
10395,400,7,7,116,49,15.8,0.05,0,1,646
10396,400,8,8,105,47,19.85,0.05,0,1,646
10397,396,9,9,118,43,27.79,0.05,0,1,646
10398,400,9,9,126,48,26.7,0.05,0,1,646
10399,381,9,9,120,44,23.19,0.05,0,1,646
10400,400,7,7,81,32,8.95,0.05,0,1,646
10401,400,8,8,120,49,18.5,0.05,0,1,646
10402,400,4,4,65,22,8.9,0.05,0,1,646
10403,390,8,9,128,48,24.45,0.05,0,1,646
10404,400,1,1,35,39,-14.5,0.05,0,1,646
10405,388,9,9,126,42,31.47,0.05,0,1,646
10406,359,9,9,121,42,29.26,0.05,0,1,646
10407,400,6,6,112,48,24.7,0.05,0,1,646
10408,400,9,9,132,45,32.65,0.05,0,1,646
10409,400,2,2,54,15,9.6,0.05,0,1,646
10410,385,9,9,127,44,29.0,0.05,0,1,646
10411,400,3,3,82,30,10.8,0.05,0,1,646
10412,359,9,9,119,41,30.71,0.05,0,1,646
10413,400,9,9,122,47,26.05,0.05,0,1,646
10414,334,9,9,116,35,33.66,0.05,0,1,646
10415,400,9,9,121,47,25.85,0.05,0,1,646
10416,394,9,9,127,46,26.01,0.05,0,1,646
10417,369,8,9,115,42,19.26,0.05,0,1,646
10418,360,9,9,130,43,33.9,0.05,0,1,646
10419,400,6,6,126,46,26.4,0.05,0,1,646
10420,399,8,9,131,43,34.26,0.05,0,1,646
10421,369,9,9,111,42,27.26,0.05,0,1,646
10422,352,9,9,118,39,30.48,0.05,0,1,646
10423,400,8,8,124,44,28.3,0.05,0,1,646
10424,360,8,9,126,40,31.05,0.05,0,1,646
10425,400,8,8,115,48,23.95,0.05,0,1,646
10426,400,7,7,98,35,22.4,0.05,0,1,646
10427,400,8,8,106,39,19.05,0.05,0,1,646
10428,399,8,9,122,43,31.01,0.05,0,1,646
10429,400,9,9,121,42,31.15,0.05,0,1,646
10430,364,9,9,120,45,23.36,0.05,0,1,646
10431,400,8,8,130,47,24.55,0.05,0,1,646
10432,400,9,9,125,41,27.7,0.05,0,1,646
10433,400,6,6,108,48,22.15,0.05,0,1,646
10434,400,8,8,124,46,25.95,0.05,0,1,646
10435,400,8,8,125,44,26.35,0.05,0,1,646
10436,373,9,9,129,43,29.22,0.05,0,1,646
10437,351,9,9,109,40,24.04,0.05,0,1,646
10438,378,8,9,120,42,21.62,0.05,0,1,646
10439,400,8,8,102,43,17.4,0.05,0,1,646
10440,380,9,9,127,44,34.95,0.05,0,1,646
10441,400,5,5,95,47,8.2,0.05,0,1,646
10442,400,7,7,122,45,26.9,0.05,0,1,646
10443,373,9,9,120,45,24.22,0.05,0,1,646
10444,400,9,9,126,46,33.5,0.05,0,1,646
10445,400,6,6,102,47,20.15,0.05,0,1,646
10446,400,8,8,112,47,23.35,0.05,0,1,646
10447,400,7,7,101,44,10.95,0.05,0,1,646
10448,400,5,5,111,45,23.0,0.05,0,1,646
10449,400,0,0,28,39,-16.9,0.05,0,1,646
10450,400,9,9,117,47,27.95,0.05,0,1,646
10451,400,8,8,99,51,13.9,0.05,0,1,646
10452,400,6,6,115,48,22.45,0.05,0,1,646
10453,400,9,9,128,46,28.25,0.05,0,1,646
10454,400,8,8,136,48,33.05,0.05,0,1,646
10455,400,7,7,123,43,24.15,0.05,0,1,646
10456,400,9,9,125,45,27.25,0.05,0,1,646
10457,400,8,8,122,42,28.65,0.05,0,1,646
10458,400,9,9,118,45,27.2,0.05,0,1,646
10459,400,5,5,76,24,15.1,0.05,0,1,646
10460,400,2,2,30,25,-7.8,0.05,0,1,646
10461,390,9,9,123,45,24.4,0.05,0,1,646
10462,400,1,1,48,23,0.65,0.05,0,1,646
10463,400,6,6,103,50,9.7,0.05,0,1,646
10464,400,8,8,116,47,26.65,0.05,0,1,646
10465,400,9,9,133,49,25.3,0.05,0,1,646
10466,400,2,2,38,16,0.7,0.05,0,1,646
10467,400,4,4,69,46,8.65,0.05,0,1,646
10468,400,4,4,79,50,4.9,0.05,0,1,646
10469,400,7,7,103,33,19.55,0.05,0,1,646
10470,400,2,2,21,56,-26.8,0.05,0,1,646
10471,400,6,6,87,52,0.8,0.05,0,1,646
10472,394,8,9,132,45,30.36,0.05,0,1,646
10473,342,7,7,111,39,20.53,0.05,1,0,646
10474,400,6,6,89,27,16.5,0.05,0,1,646
10475,400,2,2,109,44,16.15,0.05,0,1,646
10476,400,7,7,110,47,20.1,0.05,0,1,646
10477,400,6,6,97,48,11.35,0.05,0,1,646
10478,390,8,9,121,41,32.95,0.05,0,1,646
10479,400,7,7,112,46,21.3,0.05,0,1,646
10480,400,8,8,110,45,20.25,0.05,0,1,646
10481,359,8,9,121,41,27.41,0.05,0,1,646
10482,400,9,9,119,48,27.05,0.05,0,1,646
10483,400,5,5,78,32,8.75,0.05,0,1,646
10484,400,6,6,115,46,23.3,0.05,0,1,646
10485,382,9,9,119,45,25.93,0.05,0,1,646
10486,400,6,6,103,45,22.25,0.05,0,1,646
10487,400,8,8,121,45,25.2,0.05,0,1,646
10488,400,7,7,102,47,16.8,0.05,0,1,646
10489,400,7,7,109,37,23.75,0.05,0,1,646
10490,400,7,7,95,48,13.65,0.05,0,1,646
10491,400,7,7,113,49,18.45,0.05,0,1,646
10492,400,9,9,113,50,19.25,0.05,0,1,647
10493,393,8,9,118,43,30.77,0.05,0,1,647
10494,374,8,9,128,41,34.66,0.05,0,1,647
10495,400,3,3,31,23,-8.1,0.05,0,1,647
10496,400,3,3,41,49,-6.55,0.05,0,1,647
10497,400,8,8,119,46,20.95,0.05,0,1,647
10498,400,9,9,127,45,27.35,0.05,0,1,647
10499,382,9,9,119,43,25.88,0.05,0,1,647
10500,400,1,1,51,16,6.5,0.05,0,1,647
10501,375,8,9,119,44,29.75,0.05,0,1,647
10502,400,8,8,126,50,24.35,0.05,0,1,647
10503,400,8,8,109,45,26.15,0.05,0,1,647
10504,396,8,9,116,44,29.14,0.05,0,1,647
10505,400,9,9,121,48,27.6,0.05,0,1,647
10506,388,9,9,117,45,22.62,0.05,0,1,647
10507,400,9,9,123,46,27.85,0.05,0,1,647
10508,400,6,6,119,49,18.4,0.05,0,1,647
10509,377,9,9,116,44,24.23,0.05,0,1,647
10510,400,3,3,57,21,6.55,0.05,0,1,647
10511,400,9,9,119,46,29.25,0.05,0,1,647
10512,400,3,3,60,28,5.65,0.05,0,1,647
10513,400,7,7,104,46,26.15,0.05,0,1,647
10514,379,9,9,131,44,31.31,0.05,0,1,647
10515,400,6,6,86,47,8.1,0.05,0,1,647
10516,400,3,3,44,16,3.2,0.05,0,1,647
10517,400,5,5,100,48,18.15,0.05,0,1,647
10518,400,3,3,44,30,-5.25,0.05,0,1,647
10519,379,8,9,126,44,26.86,0.05,0,1,647
10520,400,7,7,108,46,21.25,0.05,0,1,647
10521,391,9,9,133,44,35.99,0.05,0,1,647
10522,400,8,8,113,46,22.75,0.05,0,1,647
10523,373,9,9,134,44,29.87,0.05,0,1,647
10524,400,9,9,114,47,22.7,0.05,0,1,647
10525,400,9,9,122,45,28.9,0.05,0,1,647
10526,362,8,9,113,41,26.13,0.05,0,1,647
10527,351,8,9,125,40,33.24,0.05,0,1,647
10528,369,9,9,123,43,26.16,0.05,0,1,647
10529,400,5,5,90,31,15.25,0.05,0,1,647
10530,400,2,2,51,28,4.4,0.05,0,1,647
10531,400,4,4,82,50,-3.7,0.05,0,1,647
10532,400,2,2,30,57,-28.75,0.05,0,1,647
10533,400,6,6,92,53,-0.35,0.05,0,1,647
10534,400,9,9,125,46,27.85,0.05,0,1,647
10535,400,8,8,122,46,24.85,0.05,0,1,647
10536,400,8,8,125,45,21.5,0.05,0,1,647
10537,400,9,9,107,47,19.55,0.05,0,1,647
10538,400,9,9,120,45,27.2,0.05,0,1,647
10539,55,1,1,19,6,-2.95,0.05,1,0,647
10540,400,8,8,112,42,18.55,0.05,0,1,647
10541,370,9,9,123,42,32.2,0.05,0,1,647
10542,400,9,9,129,45,27.6,0.05,0,1,647
10543,400,8,8,114,50,15.7,0.05,0,1,647
10544,400,9,9,113,45,24.05,0.05,0,1,647
10545,400,9,9,132,47,30.25,0.05,0,1,647
10546,400,8,8,123,46,25.0,0.05,0,1,647
10547,400,9,9,119,46,25.0,0.05,0,1,647
10548,400,1,1,35,12,-2.55,0.05,0,1,647
10549,400,9,9,122,46,26.55,0.05,0,1,647
10550,400,8,8,129,46,28.95,0.05,0,1,647
10551,379,8,9,123,43,33.06,0.05,0,1,647
10552,400,3,3,42,12,8.7,0.05,0,1,647
10553,388,8,9,131,44,33.72,0.05,0,1,647
10554,400,9,9,122,47,30.9,0.05,0,1,647
10555,364,9,9,123,41,29.61,0.05,0,1,647
10556,375,9,9,125,41,32.6,0.05,0,1,647
10557,400,9,9,118,49,22.4,0.05,0,1,647
10558,389,8,9,114,45,27.21,0.05,0,1,647
10559,400,6,6,106,37,15.1,0.05,0,1,647
10560,366,8,9,121,42,29.94,0.05,0,1,647
10561,384,9,9,134,45,28.91,0.05,0,1,647
10562,400,7,7,96,38,17.85,0.05,0,1,647
10563,341,9,9,116,38,29.29,0.05,0,1,647
10564,400,9,9,119,45,23.4,0.05,0,1,647
10565,390,8,9,123,44,32.85,0.05,0,1,647
10566,374,9,9,121,44,31.56,0.05,0,1,647
10567,400,6,6,113,38,26.1,0.05,0,1,647
10568,400,9,9,122,45,27.15,0.05,0,1,647
10569,400,7,7,104,31,25.05,0.05,0,1,647
10570,364,9,9,118,41,27.41,0.05,0,1,647
10571,400,8,8,92,35,13.65,0.05,0,1,647
10572,352,9,9,124,39,33.93,0.05,0,1,647
10573,321,9,9,118,37,31.34,0.05,0,1,647
10574,400,8,9,124,46,29.85,0.05,0,1,647
10575,400,4,4,75,33,11.45,0.05,0,1,647
10576,400,9,9,118,43,25.1,0.05,0,1,647
10577,400,7,7,113,40,19.4,0.05,0,1,647
10578,400,9,9,119,47,27.0,0.05,0,1,647
10579,399,9,9,126,49,20.66,0.05,0,1,647
10580,400,9,9,131,43,32.1,0.05,0,1,647
10581,400,8,8,122,43,28.15,0.05,0,1,647
10582,325,8,8,106,38,17.3,0.05,1,0,647
10583,343,9,9,113,41,21.07,0.05,0,1,647
10584,377,9,9,116,42,28.23,0.05,0,1,647
10585,382,9,9,127,42,31.38,0.05,0,1,647
10586,400,4,4,37,36,-3.05,0.05,0,1,647
10587,386,9,9,118,45,26.94,0.05,0,1,647
10588,383,9,9,120,43,32.67,0.05,0,1,647
10589,400,6,6,114,49,16.7,0.05,0,1,647
10590,400,2,2,70,32,-2.1,0.05,0,1,647
10591,366,9,9,118,41,28.44,0.05,0,1,647
10592,380,8,9,131,43,31.6,0.05,0,1,647
10593,400,8,8,105,49,21.6,0.05,0,1,647
10594,385,9,9,130,45,29.7,0.05,0,1,647
10595,400,7,7,83,30,18.35,0.05,0,1,647
10596,400,7,7,112,39,18.6,0.05,0,1,647
10597,400,5,5,36,31,-4.45,0.05,0,1,647
10598,400,0,0,28,9,-3.45,0.05,0,1,647
10599,386,9,9,122,42,28.84,0.05,0,1,647
10600,397,9,9,120,48,20.48,0.05,0,1,647
10601,400,9,9,111,45,20.35,0.05,0,1,647
10602,400,1,1,62,25,2.5,0.05,0,1,647
10603,400,9,9,125,49,23.15,0.05,0,1,647
10604,400,7,7,118,42,26.05,0.05,0,1,647
10605,370,9,9,119,40,31.2,0.05,0,1,647
10606,400,9,9,125,47,29.15,0.05,0,1,647
10607,400,6,6,118,48,21.7,0.05,0,1,647
10608,382,9,9,121,45,23.58,0.05,0,1,647
10609,400,3,3,89,35,9.25,0.05,0,1,647
10610,400,6,6,104,47,19.5,0.05,0,1,647
10611,400,2,2,36,48,-2.2,0.05,0,1,647
10612,400,3,3,39,47,-30.45,0.05,0,1,647
10613,400,6,6,98,50,11.3,0.05,0,1,647
10614,400,5,5,86,51,-6.5,0.05,0,1,647
10615,400,1,1,51,48,-20.95,0.05,0,1,647
10616,400,5,5,71,47,7.9,0.05,0,1,647
10617,400,4,4,57,47,3.25,0.05,0,1,647
10618,400,2,2,29,57,-20.65,0.05,0,1,647
10619,400,4,4,57,52,-4.9,0.05,0,1,647
10620,400,3,3,53,45,1.6,0.05,0,1,647
10621,400,2,2,38,56,-20.4,0.05,0,1,647
10622,400,5,5,68,42,6.65,0.05,0,1,647
10623,400,2,2,36,56,-19.45,0.05,0,1,647
10624,400,5,5,62,55,-8.25,0.05,0,1,647
10625,400,4,4,37,49,-12.75,0.05,0,1,647
10626,400,5,5,96,47,11.85,0.05,0,1,647
10627,400,8,8,112,46,18.65,0.05,0,1,647
10628,400,9,9,121,48,24.55,0.05,0,1,647
10629,398,9,9,131,44,31.77,0.05,0,1,647
10630,395,8,9,123,43,29.45,0.05,0,1,647
10631,400,9,9,125,45,30.95,0.05,0,1,647
10632,385,9,9,125,43,27.55,0.05,0,1,647
10633,400,6,6,116,43,24.85,0.05,0,1,647
10634,400,8,8,121,49,17.15,0.05,0,1,647
10635,400,9,9,116,39,34.55,0.05,0,1,647
10636,400,1,1,29,9,0.2,0.05,0,1,647
10637,373,8,9,116,43,27.32,0.05,0,1,647
10638,400,9,9,122,45,25.0,0.05,0,1,647
10639,400,8,8,121,42,27.05,0.05,0,1,647
10640,400,8,8,114,44,26.75,0.05,0,1,647
10641,400,7,7,119,46,25.1,0.05,0,1,647
10642,400,7,7,106,49,26.1,0.05,0,1,647
10643,400,7,7,111,34,28.5,0.05,0,1,647
10644,400,9,9,113,43,26.8,0.05,0,1,647
10645,376,8,9,121,43,29.99,0.05,0,1,647
10646,376,8,9,123,42,32.19,0.05,0,1,647
10647,400,1,1,27,15,-1.55,0.05,0,1,647
10648,400,8,8,121,49,20.45,0.05,0,1,647
10649,400,9,9,118,44,30.05,0.05,0,1,647
10650,400,7,7,129,47,25.65,0.05,0,1,647
10651,382,9,9,116,42,29.58,0.05,0,1,647
10652,386,8,9,126,42,32.49,0.05,0,1,647
10653,400,7,7,110,47,19.15,0.05,0,1,647
10654,400,9,9,126,49,25.3,0.05,0,1,647
10655,400,9,9,123,46,27.95,0.05,0,1,647
10656,400,9,9,117,46,27.75,0.05,0,1,647
10657,400,8,8,131,43,32.5,0.05,0,1,647
10658,356,8,9,110,39,30.59,0.05,0,1,647
10659,400,8,8,127,46,29.9,0.05,0,1,647
10660,400,7,7,111,47,21.4,0.05,0,1,647
10661,355,9,9,118,38,31.55,0.05,0,1,647
10662,385,9,9,124,43,32.2,0.05,0,1,647
10663,381,9,9,128,43,34.54,0.05,0,1,647
10664,375,9,9,129,44,30.8,0.05,0,1,647
10665,400,8,8,136,46,31.4,0.05,0,1,647
10666,400,2,2,50,16,4.8,0.05,0,1,647
10667,400,7,7,117,47,22.95,0.05,0,1,647
10668,400,9,9,127,43,30.0,0.05,0,1,647
10669,375,9,9,126,42,27.0,0.05,0,1,647
10670,376,8,9,113,43,26.99,0.05,0,1,647
10671,400,8,8,116,48,24.2,0.05,0,1,647
10672,400,7,7,119,44,22.7,0.05,0,1,647
10673,400,6,6,108,39,21.95,0.05,0,1,647
10674,400,4,4,57,25,5.1,0.05,0,1,647
10675,389,9,9,123,42,33.96,0.05,0,1,647
10676,400,1,1,46,21,-0.15,0.05,0,1,647
10677,400,9,9,119,46,26.05,0.05,0,1,647
10678,400,9,9,125,45,30.5,0.05,0,1,647
10679,380,9,9,125,42,32.05,0.05,0,1,647
10680,400,9,9,127,44,29.4,0.05,0,1,647
10681,388,9,9,121,45,26.52,0.05,0,1,647
10682,400,9,9,116,44,21.85,0.05,0,1,647
10683,388,8,9,123,45,29.92,0.05,0,1,647
10684,400,6,7,112,47,23.9,0.05,0,1,647
10685,400,9,9,120,47,23.05,0.05,0,1,647
10686,295,7,7,109,36,23.2,0.05,1,0,647
10687,400,1,1,30,15,-2.0,0.05,0,1,647
10688,400,2,2,72,18,13.95,0.05,0,1,647
10689,400,1,1,64,45,4.45,0.05,0,1,647
10690,400,1,1,38,46,-4.25,0.05,0,1,647
10691,400,2,2,36,47,-2.35,0.05,0,1,647
10692,400,5,5,78,51,-3.05,0.05,0,1,647
10693,400,4,4,76,47,-3.8,0.05,0,1,647
10694,350,8,9,121,40,31.05,0.05,0,1,647
10695,339,8,9,118,41,26.26,0.05,0,1,647
10696,400,2,2,58,29,0.7,0.05,0,1,647
10697,345,8,9,122,42,26.6,0.05,0,1,647
10698,400,2,2,74,36,5.05,0.05,0,1,647
10699,400,8,8,116,46,23.25,0.05,0,1,647
10700,382,9,9,129,44,28.28,0.05,0,1,647
10701,387,9,9,121,44,31.08,0.05,0,1,647
10702,361,9,9,126,42,30.29,0.05,0,1,647
10703,400,8,8,123,47,28.35,0.05,0,1,647
10704,384,9,9,125,44,32.86,0.05,0,1,647
10705,400,8,8,104,34,26.1,0.05,0,1,647
10706,400,8,8,135,47,29.45,0.05,0,1,647
10707,400,9,9,128,46,32.4,0.05,0,1,647
10708,397,9,9,128,44,31.38,0.05,0,1,647
10709,381,9,9,123,44,31.14,0.05,0,1,647
10710,400,6,6,131,47,23.6,0.05,0,1,647
10711,400,9,9,128,44,32.15,0.05,0,1,647
10712,378,9,9,129,43,32.42,0.05,0,1,647
10713,400,2,2,87,39,4.65,0.05,0,1,647
10714,400,9,9,121,46,30.95,0.05,0,1,647
10715,400,1,1,28,30,-8.35,0.05,0,1,647
10716,400,7,7,114,47,22.5,0.05,0,1,647
10717,380,9,9,120,45,25.1,0.05,0,1,647
10718,400,8,8,111,42,24.75,0.05,0,1,647
10719,400,5,5,114,41,21.65,0.05,0,1,647
10720,344,9,9,118,40,28.66,0.05,0,1,647
10721,69,1,1,25,9,-2.09,0.05,1,0,647
10722,400,9,9,124,44,26.65,0.05,0,1,647
10723,400,9,9,112,49,16.45,0.05,0,1,647
10724,358,8,9,127,41,29.92,0.05,0,1,647
10725,400,9,9,107,47,19.0,0.05,0,1,647
10726,400,8,8,116,50,18.75,0.05,0,1,647
10727,346,9,9,115,42,25.39,0.05,0,1,647
10728,400,9,9,120,45,24.85,0.05,0,1,647
10729,394,9,9,116,44,31.41,0.05,0,1,647
10730,400,8,8,133,41,31.15,0.05,0,1,647
10731,400,7,7,121,39,25.65,0.05,0,1,647
10732,400,9,9,115,40,26.1,0.05,0,1,647
10733,400,9,9,119,45,25.15,0.05,0,1,647
10734,400,6,7,125,44,29.15,0.05,0,1,647
10735,374,9,9,117,41,32.61,0.05,0,1,647
10736,400,9,9,122,46,27.5,0.05,0,1,647
10737,400,8,8,115,46,23.7,0.05,0,1,647
10738,400,7,7,124,47,26.05,0.05,0,1,647
10739,400,2,2,46,19,2.25,0.05,0,1,647
10740,365,9,9,127,42,32.25,0.05,0,1,647
10741,400,6,6,93,33,15.85,0.05,0,1,647
10742,382,9,9,122,44,26.93,0.05,0,1,647
10743,400,6,6,92,31,18.75,0.05,0,1,647
10744,400,7,7,114,47,16.85,0.05,0,1,647
10745,377,9,9,126,45,29.78,0.05,0,1,647
10746,400,3,3,48,18,5.8,0.05,0,1,647
10747,400,8,8,97,37,19.2,0.05,0,1,647
10748,400,0,0,30,35,-12.8,0.05,0,1,647
10749,398,9,9,121,45,31.27,0.05,0,1,647
10750,389,9,9,110,46,23.66,0.05,0,1,647
10751,400,8,8,129,45,30.7,0.05,0,1,647
10752,400,9,9,118,47,23.15,0.05,0,1,647
10753,400,8,8,115,48,22.85,0.05,0,1,647
10754,400,9,9,127,46,25.8,0.05,0,1,647
10755,351,9,9,126,40,32.74,0.05,0,1,647
10756,400,4,4,66,21,12.8,0.05,0,1,647
10757,356,9,9,120,40,26.54,0.05,0,1,647
10758,400,7,7,117,42,19.8,0.05,0,1,647
10759,400,8,8,118,43,27.45,0.05,0,1,647
10760,386,8,9,108,42,22.54,0.05,0,1,647
10761,400,5,5,82,26,16.4,0.05,0,1,647
10762,400,9,9,120,44,28.1,0.05,0,1,647
10763,400,9,9,119,42,29.9,0.05,0,1,647
10764,400,3,3,65,26,4.7,0.05,0,1,647
10765,366,9,9,126,43,30.39,0.05,0,1,647
10766,367,9,9,112,43,27.28,0.05,0,1,647
10767,400,8,8,128,45,28.5,0.05,0,1,647
10768,400,7,7,130,43,28.2,0.05,0,1,647
10769,400,9,9,123,48,26.65,0.05,0,1,647
10770,400,9,9,100,34,22.2,0.05,0,1,647
10771,380,9,9,123,42,29.6,0.05,0,1,647
10772,400,7,7,120,38,27.4,0.05,0,1,647
10773,400,2,2,73,23,13.9,0.05,0,1,647
10774,391,9,9,126,44,29.04,0.05,0,1,647
10775,400,4,4,91,29,15.65,0.05,0,1,647
10776,378,9,9,135,43,33.52,0.05,0,1,647
10777,400,9,9,116,48,22.25,0.05,0,1,647
10778,400,8,8,123,47,27.6,0.05,0,1,647
10779,400,9,9,125,43,28.15,0.05,0,1,647
10780,400,9,9,122,44,28.6,0.05,0,1,647
10781,400,8,8,116,44,26.5,0.05,0,1,647
10782,346,8,9,114,40,30.54,0.05,0,1,647
10783,400,9,9,114,41,26.75,0.05,0,1,647
10784,356,8,9,125,41,32.44,0.05,0,1,647
10785,400,5,5,99,36,15.35,0.05,0,1,647
10786,376,8,9,125,43,28.14,0.05,0,1,647
10787,400,2,2,51,21,1.0,0.05,0,1,647
10788,337,8,9,131,40,33.73,0.05,0,1,647
10789,400,8,8,73,24,16.2,0.05,0,1,647
10790,395,9,9,122,45,31.2,0.05,0,1,647
10791,400,1,1,37,40,-12.65,0.05,0,1,647
10792,400,8,8,109,38,20.85,0.05,0,1,647
10793,400,9,9,122,47,24.55,0.05,0,1,647
10794,349,9,9,121,39,33.21,0.05,0,1,647
10795,80,2,2,37,10,3.35,0.05,1,0,647
10796,374,8,9,133,47,27.16,0.05,0,1,647
10797,339,9,9,123,40,29.26,0.05,0,1,647
10798,400,9,9,115,45,26.45,0.05,0,1,647
10799,400,8,8,109,47,19.4,0.05,0,1,647
10800,400,8,8,117,48,26.6,0.05,0,1,647
10801,400,7,7,114,47,22.4,0.05,0,1,647
10802,400,9,9,124,46,25.0,0.05,0,1,647
10803,400,4,4,86,36,10.8,0.05,0,1,647
10804,400,8,8,129,49,25.3,0.05,0,1,647
10805,400,1,1,57,27,2.8,0.05,0,1,647
10806,400,6,6,96,50,3.8,0.05,0,1,647
10807,388,9,9,133,44,34.32,0.05,0,1,647
10808,379,9,9,122,42,29.01,0.05,0,1,647
10809,392,8,9,138,44,35.68,0.05,0,1,647
10810,400,6,6,105,43,13.7,0.05,0,1,647
10811,382,8,9,127,44,28.03,0.05,0,1,647
10812,178,1,1,70,22,8.12,0.05,1,0,647
10813,400,9,9,122,46,27.0,0.05,0,1,647
10814,344,8,9,117,39,27.01,0.05,0,1,647
10815,400,8,8,123,50,18.85,0.05,0,1,647
10816,361,9,9,121,42,25.94,0.05,0,1,647
10817,400,5,5,77,30,13.15,0.05,0,1,647
10818,381,9,9,115,42,25.04,0.05,0,1,647
10819,400,8,8,126,45,28.5,0.05,0,1,647
10820,400,8,8,126,48,24.35,0.05,0,1,647
10821,400,8,8,124,45,30.3,0.05,0,1,647
10822,400,5,5,94,40,11.45,0.05,0,1,647
10823,351,8,9,118,38,33.44,0.05,0,1,647
10824,400,9,9,119,47,22.5,0.05,0,1,647
10825,400,9,9,120,42,17.95,0.05,0,1,647
10826,385,8,9,128,43,30.15,0.05,0,1,647
10827,392,9,9,125,43,33.83,0.05,0,1,647
10828,400,8,9,117,47,27.75,0.05,0,1,647
10829,379,9,9,119,43,30.86,0.05,0,1,647
10830,400,9,9,115,47,18.25,0.05,0,1,647
10831,392,9,9,125,45,30.23,0.05,0,1,647
10832,400,4,4,75,25,12.5,0.05,0,1,647
10833,400,8,8,122,47,28.9,0.05,0,1,647
10834,400,9,9,106,47,24.95,0.05,0,1,647
10835,400,9,9,118,45,25.8,0.05,0,1,647
10836,400,7,7,117,45,29.05,0.05,0,1,647
10837,400,7,7,96,45,20.8,0.05,0,1,647
10838,400,9,9,119,48,24.65,0.05,0,1,647
10839,400,9,9,130,48,30.05,0.05,0,1,647
10840,400,9,9,119,44,28.8,0.05,0,1,647
10841,400,9,9,114,46,19.35,0.05,0,1,647
10842,397,8,9,132,45,30.28,0.05,0,1,647
10843,400,7,7,109,47,19.95,0.05,0,1,647
10844,400,4,4,44,42,-8.6,0.05,0,1,647
10845,400,7,7,99,54,9.55,0.05,0,1,647
10846,400,2,2,39,45,-14.5,0.05,0,1,647
10847,400,8,8,94,38,16.7,0.05,0,1,647
10848,400,9,9,116,48,24.55,0.05,0,1,647
10849,400,7,7,107,49,16.6,0.05,0,1,647
10850,400,9,9,128,46,19.85,0.05,0,1,647
10851,378,9,9,116,42,29.57,0.05,0,1,647
10852,400,5,5,85,28,20.25,0.05,0,1,647
10853,400,8,8,126,47,23.35,0.05,0,1,647
10854,400,9,9,127,46,27.75,0.05,0,1,647
10855,400,5,5,74,29,13.7,0.05,0,1,647
10856,400,9,9,117,44,27.85,0.05,0,1,647
10857,400,3,3,62,24,3.95,0.05,0,1,647
10858,365,9,9,134,41,32.4,0.05,0,1,647
10859,400,9,9,120,45,28.15,0.05,0,1,647
10860,400,7,7,116,47,25.15,0.05,0,1,647
10861,400,7,7,111,46,24.1,0.05,0,1,647
10862,400,7,7,116,45,20.95,0.05,0,1,647
10863,400,9,9,130,45,28.85,0.05,0,1,647
10864,381,8,9,120,43,28.84,0.05,0,1,647
10865,348,9,9,110,39,28.07,0.05,0,1,647
10866,379,9,9,116,43,25.71,0.05,0,1,647
10867,366,8,9,107,41,26.79,0.05,0,1,647
10868,343,8,9,119,38,31.67,0.05,0,1,647
10869,400,2,2,46,37,-4.2,0.05,0,1,647
10870,357,9,9,125,42,23.53,0.05,1,0,649
10871,378,8,9,124,45,26.47,0.05,0,1,649
10872,400,9,9,119,47,24.6,0.05,0,1,649
10873,398,9,9,124,46,27.82,0.05,0,1,649
10874,400,2,2,27,18,-7.25,0.05,0,1,649
10875,400,2,2,40,49,1.45,0.05,0,1,649
10876,400,5,5,92,48,18.45,0.05,0,1,649
10877,400,6,6,74,26,12.0,0.05,0,1,649
10878,400,6,6,91,53,1.55,0.05,0,1,649
10879,400,6,6,98,51,-1.25,0.05,0,1,649
10880,400,9,9,126,47,29.25,0.05,0,1,649
10881,400,6,6,105,34,25.15,0.05,0,1,649
10882,400,9,9,121,44,28.35,0.05,0,1,649
10883,400,3,3,40,13,7.05,0.05,0,1,649
10884,386,8,9,120,44,26.74,0.05,0,1,649
10885,400,7,7,96,47,19.65,0.05,0,1,649
10886,392,9,9,130,42,31.38,0.05,0,1,649
10887,400,5,5,87,46,15.9,0.05,0,1,649
10888,400,9,9,101,47,11.8,0.05,0,1,649
10889,400,8,8,116,46,22.75,0.05,0,1,649
10890,379,8,9,121,43,28.31,0.05,0,1,649
10891,400,7,7,128,43,26.25,0.05,0,1,649
10892,392,9,9,129,45,30.93,0.05,0,1,649
10893,400,9,9,120,45,26.45,0.05,0,1,649
10894,400,8,8,123,45,26.1,0.05,0,1,649
10895,362,9,9,120,41,26.28,0.05,0,1,649
10896,371,9,9,122,41,30.54,0.05,0,1,649
10897,98,3,3,43,13,2.67,0.05,1,0,649
10898,400,7,7,114,48,23.1,0.05,0,1,649
10899,382,9,9,114,43,27.33,0.05,0,1,649
10900,392,9,9,127,46,29.23,0.05,0,1,649
10901,400,9,9,100,45,21.8,0.05,0,1,649
10902,380,8,9,122,45,25.5,0.05,0,1,649
10903,400,9,9,117,48,25.9,0.05,0,1,649
10904,400,9,9,106,39,24.0,0.05,0,1,649
10905,400,4,4,61,21,9.15,0.05,0,1,649
10906,356,8,9,114,41,30.29,0.05,0,1,649
10907,400,0,0,31,9,-1.35,0.05,0,1,649
10908,400,2,2,49,15,4.2,0.05,0,1,649
10909,351,8,9,124,40,28.74,0.05,0,1,649
10910,400,8,8,123,40,27.9,0.05,0,1,649
10911,362,9,9,124,40,30.73,0.05,0,1,649
10912,400,9,9,110,45,26.75,0.05,0,1,649
10913,400,8,8,130,47,30.35,0.05,0,1,649
10914,400,6,6,101,34,21.75,0.05,0,1,649
10915,400,1,1,20,35,-16.35,0.05,0,1,649
10916,400,9,9,118,52,15.75,0.05,0,1,649
10917,400,8,8,121,49,26.1,0.05,0,1,649
10918,400,0,0,10,3,-3.7,0.05,0,1,649
10919,382,9,9,118,42,25.83,0.05,0,1,649
10920,337,8,9,123,38,33.08,0.05,0,1,649
10921,400,9,9,100,47,18.3,0.05,0,1,649
10922,400,9,9,130,45,31.6,0.05,0,1,649
10923,366,8,9,121,41,30.74,0.05,0,1,649
10924,293,7,7,104,35,21.52,0.05,1,0,649
10925,400,8,8,105,47,22.65,0.05,0,1,649
10926,400,5,5,87,37,14.0,0.05,0,1,649
10927,348,8,9,119,39,31.87,0.05,0,1,649
10928,366,8,9,126,43,27.84,0.05,0,1,649
10929,370,8,9,120,42,29.3,0.05,0,1,649
10930,388,9,9,132,44,30.52,0.05,0,1,649
10931,400,1,1,35,30,-7.5,0.05,0,1,649
10932,400,7,7,115,48,19.75,0.05,0,1,649
10933,400,0,0,27,8,-0.05,0.05,0,1,649
10934,400,7,7,111,37,24.65,0.05,0,1,649
10935,400,8,8,122,46,27.7,0.05,0,1,649
10936,400,8,8,121,42,24.65,0.05,0,1,649
10937,400,3,3,47,19,1.7,0.05,0,1,649
10938,400,6,6,101,34,22.9,0.05,0,1,649
10939,400,9,9,109,36,27.65,0.05,0,1,649
10940,400,6,6,89,34,10.3,0.05,0,1,649
10941,400,3,3,93,49,10.9,0.05,0,1,649
10942,400,8,8,102,46,17.25,0.05,0,1,649
10943,400,4,4,36,56,-21.1,0.05,0,1,649
10944,400,2,2,58,54,-13.45,0.05,0,1,649
10945,400,0,0,28,57,-31.55,0.05,0,1,649
10946,400,0,0,37,14,-0.5,0.05,0,1,649
10947,367,8,9,122,42,27.93,0.05,0,1,649
10948,400,9,9,130,51,24.25,0.05,0,1,649
10949,400,9,9,131,45,29.65,0.05,0,1,649
10950,397,9,9,130,46,30.28,0.05,0,1,649
10951,400,6,7,110,46,19.45,0.05,0,1,649
10952,400,9,9,113,49,15.6,0.05,0,1,649
10953,400,1,1,42,14,2.7,0.05,0,1,649
10954,377,9,9,127,44,27.68,0.05,0,1,649
10955,400,9,9,131,45,34.25,0.05,0,1,649
10956,400,9,9,117,46,24.7,0.05,0,1,649
10957,396,9,9,134,44,29.44,0.05,0,1,649
10958,400,9,9,130,47,29.25,0.05,0,1,649
10959,400,9,9,129,44,32.05,0.05,0,1,649
10960,400,7,7,97,45,18.2,0.05,0,1,649
10961,358,9,9,121,43,25.17,0.05,0,1,649
10962,396,8,9,121,45,27.49,0.05,0,1,649
10963,400,7,7,119,44,26.7,0.05,0,1,649
10964,388,9,9,123,43,31.27,0.05,0,1,649
10965,395,9,9,114,45,24.9,0.05,0,1,649
10966,400,8,8,119,44,29.1,0.05,0,1,649
10967,400,6,7,114,46,18.2,0.05,0,1,649
10968,400,8,8,124,43,24.65,0.05,0,1,649
10969,400,9,9,126,49,28.0,0.05,0,1,649
10970,400,8,8,119,44,27.35,0.05,0,1,649
10971,400,0,0,34,11,-3.35,0.05,0,1,649
10972,399,8,9,123,46,29.31,0.05,0,1,649
10973,400,2,2,21,7,-1.25,0.05,0,1,649
10974,400,8,8,113,43,25.5,0.05,0,1,649
10975,400,8,8,123,44,28.65,0.05,0,1,649
10976,400,8,8,115,45,26.95,0.05,0,1,649
10977,400,8,8,118,46,25.65,0.05,0,1,649
10978,400,8,8,125,43,27.35,0.05,0,1,649
10979,55,0,0,27,8,-2.9,0.05,1,0,649
10980,400,7,7,115,48,19.45,0.05,0,1,649
10981,400,9,9,128,45,29.2,0.05,0,1,649
10982,400,0,0,17,20,-12.9,0.05,0,1,649
10983,196,1,1,80,26,6.19,0.05,1,0,649
10984,400,8,8,114,50,17.75,0.05,0,1,649
10985,400,7,7,117,46,29.4,0.05,0,1,649
10986,400,7,7,118,47,24.25,0.05,0,1,649
10987,400,8,8,123,38,32.8,0.05,0,1,649
10988,373,9,9,118,45,25.07,0.05,0,1,649
10989,400,9,9,128,44,29.4,0.05,0,1,649
10990,371,8,9,119,44,24.34,0.05,0,1,649
10991,400,4,4,46,17,6.3,0.05,0,1,649
10992,400,9,9,123,46,28.75,0.05,0,1,649
10993,400,6,6,132,41,32.55,0.05,0,1,649
10994,393,9,9,120,44,26.22,0.05,0,1,649
10995,367,9,9,133,43,31.88,0.05,0,1,649
10996,400,8,8,115,39,25.6,0.05,0,1,649
10997,370,8,9,123,44,30.0,0.05,0,1,649
10998,400,8,8,128,41,33.8,0.05,0,1,649
10999,87,4,4,35,11,4.63,0.05,1,0,649
11000,394,8,9,118,43,27.26,0.05,0,1,649
11001,364,9,9,117,42,31.66,0.05,0,1,649
11002,400,8,8,107,46,18.7,0.05,0,1,649
11003,400,7,7,104,46,18.85,0.05,0,1,649
11004,371,9,9,120,41,29.49,0.05,0,1,649
11005,400,6,6,121,48,23.95,0.05,0,1,649
11006,400,8,8,113,45,20.6,0.05,0,1,649
11007,356,8,9,119,42,29.14,0.05,0,1,649
11008,383,9,9,123,45,24.27,0.05,0,1,649
11009,379,8,9,112,43,22.46,0.05,0,1,649
11010,400,6,6,77,26,15.95,0.05,0,1,649
11011,400,9,9,127,46,31.55,0.05,0,1,649
11012,369,8,9,136,44,33.16,0.05,0,1,649
11013,400,5,5,99,40,21.45,0.05,0,1,649
11014,400,6,6,112,46,19.55,0.05,0,1,649
11015,393,9,9,133,47,29.92,0.05,0,1,649
11016,400,7,7,100,49,10.45,0.05,0,1,649
11017,400,8,8,116,49,21.6,0.05,0,1,649
11018,400,7,7,120,47,25.2,0.05,0,1,649
11019,400,8,8,112,46,24.65,0.05,0,1,649
11020,400,9,9,131,46,31.05,0.05,0,1,649
11021,366,9,9,119,41,30.84,0.05,0,1,649
11022,400,7,7,104,49,17.95,0.05,0,1,649
11023,400,5,5,86,32,14.6,0.05,0,1,649
11024,400,8,8,96,47,18.6,0.05,0,1,649
11025,400,7,7,108,47,19.55,0.05,0,1,649
11026,362,9,9,127,40,33.53,0.05,0,1,649
11027,365,8,9,127,42,32.7,0.05,0,1,649
11028,400,9,9,135,44,32.95,0.05,0,1,649
11029,400,1,1,34,12,-2.35,0.05,0,1,649
11030,400,8,8,121,44,28.25,0.05,0,1,649
11031,400,2,2,84,30,12.35,0.05,0,1,649
11032,400,8,8,125,45,29.0,0.05,0,1,649
11033,400,9,9,123,47,27.95,0.05,0,1,649
11034,400,8,8,119,44,23.4,0.05,0,1,649
11035,400,3,3,60,21,3.7,0.05,0,1,649
11036,400,9,9,122,48,24.4,0.05,0,1,649
11037,400,4,4,75,32,8.7,0.05,0,1,649
11038,380,8,9,117,43,30.5,0.05,0,1,649
11039,374,9,9,117,41,30.16,0.05,0,1,649
11040,400,6,6,107,48,12.85,0.05,0,1,649
11041,400,9,9,118,46,26.95,0.05,0,1,649
11042,400,3,3,78,26,12.85,0.05,0,1,649
11043,369,8,9,120,43,29.06,0.05,0,1,649
11044,400,8,8,122,50,24.0,0.05,0,1,649
11045,400,5,5,78,34,11.7,0.05,0,1,649
11046,400,8,8,111,48,23.45,0.05,0,1,649
11047,356,9,9,116,39,28.79,0.05,0,1,649
11048,360,9,9,126,42,28.7,0.05,0,1,649
11049,389,9,9,123,44,31.71,0.05,0,1,649
11050,378,9,9,130,43,32.92,0.05,0,1,649
11051,400,5,5,55,37,0.3,0.05,0,1,649
11052,400,7,7,122,46,27.45,0.05,0,1,649
11053,400,8,8,123,48,28.15,0.05,0,1,649
11054,400,9,9,121,48,25.5,0.05,0,1,649
11055,384,9,9,126,43,29.56,0.05,0,1,649
11056,400,9,9,119,45,24.55,0.05,0,1,649
11057,398,9,9,127,45,32.52,0.05,0,1,649
11058,386,9,9,121,45,28.44,0.05,0,1,649
11059,400,9,9,118,45,30.15,0.05,0,1,649
11060,361,9,9,116,42,28.09,0.05,0,1,649
11061,400,6,6,93,34,9.5,0.05,0,1,649
11062,400,8,8,126,45,31.75,0.05,0,1,649
11063,392,8,9,139,47,30.58,0.05,0,1,649
11064,400,8,8,122,48,23.0,0.05,0,1,649
11065,383,8,9,116,45,21.82,0.05,0,1,649
11066,400,5,5,101,35,17.7,0.05,0,1,649
11067,400,9,9,114,44,23.45,0.05,0,1,649
11068,400,8,8,121,45,29.5,0.05,0,1,649
11069,388,9,9,116,45,24.57,0.05,0,1,649
11070,390,9,9,128,45,29.65,0.05,0,1,649
11071,400,9,9,115,46,25.3,0.05,0,1,649
11072,400,4,4,65,27,8.35,0.05,0,1,649
11073,400,6,6,86,33,13.4,0.05,0,1,649
11074,400,9,9,118,44,30.5,0.05,0,1,649
11075,400,7,7,120,41,27.65,0.05,0,1,649
11076,400,8,8,112,48,17.35,0.05,0,1,649
11077,400,8,8,116,39,26.25,0.05,0,1,649
11078,400,9,9,130,46,28.95,0.05,0,1,649
11079,387,8,9,120,46,26.53,0.05,0,1,649
11080,400,9,9,120,45,28.25,0.05,0,1,649
11081,390,9,9,126,44,29.15,0.05,0,1,649
11082,380,9,9,119,42,26.4,0.05,0,1,649
11083,400,9,9,128,51,19.6,0.05,0,1,649
11084,400,9,9,135,45,33.85,0.05,0,1,649
11085,400,2,2,36,20,-1.8,0.05,0,1,649
11086,385,9,9,127,44,30.0,0.05,0,1,649
11087,400,9,9,128,44,36.1,0.05,0,1,649
11088,400,3,3,93,38,8.75,0.05,0,1,649
11089,390,9,9,130,43,34.45,0.05,0,1,649
11090,361,8,9,124,39,36.44,0.05,0,1,649
11091,400,9,9,121,39,33.25,0.05,0,1,649
11092,400,6,6,90,49,15.05,0.05,0,1,649
11093,400,1,1,34,57,-28.7,0.05,0,1,649
11094,400,4,4,83,53,-4.55,0.05,0,1,649
11095,400,9,9,112,47,22.65,0.05,0,1,649
11096,400,7,7,112,42,25.85,0.05,0,1,649
11097,389,9,9,117,44,25.76,0.05,0,1,649
11098,371,9,9,116,42,31.99,0.05,0,1,649
11099,400,9,9,121,46,30.5,0.05,0,1,649
11100,400,8,8,118,48,17.95,0.05,0,1,649
11101,392,9,9,126,45,27.68,0.05,0,1,649
11102,400,4,4,71,24,9.2,0.05,0,1,649
11103,400,3,3,58,17,10.85,0.05,0,1,649
11104,400,3,3,74,26,8.0,0.05,0,1,649
11105,400,2,2,26,14,-2.2,0.05,0,1,649
11106,361,9,9,122,42,27.59,0.05,0,1,649
11107,377,9,9,132,46,28.48,0.05,0,1,649
11108,400,8,8,118,43,27.85,0.05,0,1,649
11109,400,8,8,108,41,20.25,0.05,0,1,649
11110,385,8,9,119,42,28.55,0.05,0,1,649
11111,370,9,9,136,42,35.5,0.05,0,1,649
11112,400,7,7,121,42,23.5,0.05,0,1,649
11113,400,9,9,119,46,27.6,0.05,0,1,649
11114,378,9,9,119,43,25.12,0.05,0,1,649
11115,387,8,9,123,44,27.18,0.05,0,1,649
11116,400,5,5,102,47,17.8,0.05,0,1,649
11117,400,9,9,121,45,29.85,0.05,0,1,649
11118,400,7,7,111,50,20.75,0.05,0,1,649
11119,400,8,8,119,47,24.45,0.05,0,1,649
11120,389,9,9,122,44,23.81,0.05,1,0,649
11121,400,9,9,121,46,30.8,0.05,0,1,649
11122,400,9,9,119,48,29.55,0.05,0,1,649
11123,400,7,8,109,44,25.4,0.05,0,1,649
11124,400,8,8,122,44,25.15,0.05,0,1,649
11125,400,9,9,121,45,32.6,0.05,0,1,649
11126,400,6,6,115,47,23.85,0.05,0,1,649
11127,395,8,9,128,45,33.6,0.05,0,1,649
11128,400,8,8,90,33,19.2,0.05,0,1,649
11129,389,9,9,127,43,34.31,0.05,0,1,649
11130,400,9,9,122,46,28.65,0.05,0,1,649
11131,400,4,4,94,30,15.0,0.05,0,1,649
11132,400,5,5,80,23,18.65,0.05,0,1,649
11133,400,6,6,116,48,17.2,0.05,0,1,649
11134,382,8,9,127,45,24.53,0.05,0,1,649
11135,382,9,9,126,44,30.83,0.05,0,1,649
11136,400,2,2,53,20,3.75,0.05,0,1,649
11137,400,9,9,103,46,20.4,0.05,0,1,649
11138,400,8,8,111,44,24.85,0.05,0,1,649
11139,400,6,6,101,46,8.45,0.05,0,1,649
11140,364,9,9,131,42,31.21,0.05,0,1,649
11141,358,8,9,123,40,32.57,0.05,0,1,649
11142,400,5,5,119,47,18.4,0.05,0,1,649
11143,400,9,9,116,42,29.6,0.05,0,1,649
11144,400,1,1,45,47,-4.35,0.05,0,1,649
11145,400,3,3,71,49,-9.95,0.05,0,1,649
11146,400,9,9,116,44,29.25,0.05,0,1,649
11147,400,7,7,125,46,29.55,0.05,0,1,649
11148,400,8,8,122,43,26.8,0.05,0,1,649
11149,393,9,9,124,46,25.42,0.05,0,1,649
11150,400,5,5,95,32,18.4,0.05,0,1,649
11151,400,8,8,123,45,22.1,0.05,0,1,649
11152,400,7,7,109,35,22.45,0.05,0,1,649
11153,400,7,7,92,33,20.4,0.05,0,1,649
11154,375,6,6,111,44,16.35,0.05,1,0,649
11155,400,9,9,125,47,30.35,0.05,0,1,649
11156,400,9,9,123,45,31.25,0.05,0,1,649
11157,336,9,9,124,39,33.14,0.05,0,1,649
11158,373,8,9,124,40,34.17,0.05,0,1,649
11159,396,9,9,120,47,26.34,0.05,0,1,649
11160,377,9,9,122,44,27.58,0.05,0,1,649
11161,380,8,9,123,44,26.35,0.05,0,1,649
11162,358,9,9,124,42,30.87,0.05,0,1,649
11163,367,9,9,126,41,34.88,0.05,0,1,649
11164,400,7,7,120,46,26.1,0.05,0,1,649
11165,400,6,6,99,38,15.4,0.05,0,1,649
11166,391,9,9,123,44,30.94,0.05,0,1,649
11167,400,8,8,122,47,24.45,0.05,0,1,649
11168,382,9,9,122,42,34.88,0.05,0,1,649
11169,359,9,9,129,42,30.66,0.05,0,1,649
11170,386,8,9,126,46,27.24,0.05,0,1,649
11171,400,9,9,126,45,30.55,0.05,0,1,649
11172,382,9,9,120,42,31.03,0.05,0,1,649
11173,400,7,7,112,47,20.45,0.05,0,1,649
11174,400,2,2,57,22,3.95,0.05,0,1,649
11175,400,8,8,116,44,24.8,0.05,0,1,649
11176,400,9,9,114,46,26.65,0.05,0,1,649
11177,400,8,8,127,46,29.1,0.05,0,1,649
11178,400,8,8,122,49,19.45,0.05,0,1,649
11179,400,9,9,127,45,35.0,0.05,0,1,649
11180,400,8,8,126,43,28.9,0.05,0,1,649
11181,400,7,7,109,39,18.7,0.05,0,1,649
11182,400,8,8,94,46,19.6,0.05,0,1,649
11183,400,5,5,107,39,23.4,0.05,0,1,649
11184,400,5,5,123,47,16.1,0.05,0,1,649
11185,400,8,8,123,47,29.15,0.05,0,1,649
11186,400,9,9,126,45,32.35,0.05,0,1,649
11187,400,9,9,130,46,28.0,0.05,0,1,649
11188,400,7,7,114,36,30.1,0.05,0,1,649
11189,400,8,8,116,49,27.8,0.05,0,1,649
11190,394,8,9,114,38,28.86,0.05,0,1,649
11191,376,9,9,120,42,34.09,0.05,0,1,649
11192,384,8,9,126,41,33.31,0.05,0,1,649
11193,400,6,6,113,41,21.2,0.05,0,1,649
11194,400,8,8,128,47,29.3,0.05,0,1,649
11195,400,8,8,119,48,16.5,0.05,0,1,649
11196,400,4,4,63,28,3.6,0.05,0,1,649
11197,400,7,7,117,39,26.35,0.05,0,1,649
11198,400,9,9,128,50,24.8,0.05,0,1,649
11199,400,8,8,106,46,24.6,0.05,0,1,649
11200,399,9,9,124,44,33.81,0.05,0,1,649
11201,400,8,8,114,48,18.75,0.05,0,1,649
11202,396,9,9,125,45,28.04,0.05,0,1,649
11203,170,6,6,66,21,12.45,0.05,1,0,649
11204,400,8,8,109,44,23.35,0.05,0,1,649
11205,400,9,9,125,44,33.45,0.05,0,1,649
11206,400,2,2,58,33,4.75,0.05,0,1,649
11207,400,5,5,79,50,-4.15,0.05,0,1,649
11208,358,9,9,124,41,30.87,0.05,0,1,649
11209,394,8,9,124,43,35.41,0.05,0,1,649
11210,400,8,8,121,52,22.1,0.05,0,1,649
11211,362,9,9,126,44,28.43,0.05,0,1,649
11212,400,8,8,109,47,20.3,0.05,0,1,649
11213,400,8,9,119,44,36.45,0.05,0,1,649
11214,382,8,9,113,42,28.13,0.05,0,1,649
11215,400,5,5,78,24,14.15,0.05,0,1,649
11216,400,5,5,110,48,19.0,0.05,0,1,649
11217,392,9,9,117,43,30.63,0.05,0,1,649
11218,400,3,3,44,14,3.0,0.05,0,1,649
11219,391,9,9,120,45,25.59,0.05,0,1,649
11220,400,8,8,115,47,24.45,0.05,0,1,649
11221,390,9,9,124,44,27.1,0.05,0,1,649
11222,383,9,9,125,43,28.37,0.05,0,1,649
11223,400,0,0,36,15,-0.15,0.05,0,1,649
11224,400,9,9,120,47,27.1,0.05,0,1,649
11225,400,9,9,128,49,23.65,0.05,0,1,649
11226,376,9,9,114,45,24.19,0.05,0,1,649
11227,400,8,8,115,50,19.2,0.05,0,1,649
11228,397,8,9,123,46,32.68,0.05,0,1,649
11229,44,0,0,15,6,-4.59,0.05,1,0,649
11230,400,7,7,108,48,19.5,0.05,0,1,649
11231,400,3,3,55,20,5.5,0.05,0,1,649
11232,400,5,5,120,48,16.75,0.05,0,1,649
11233,400,9,9,106,45,26.95,0.05,0,1,649
11234,400,6,6,115,47,18.05,0.05,0,1,649
11235,400,5,5,105,47,16.8,0.05,0,1,649
11236,400,9,9,130,46,31.65,0.05,0,1,649
11237,400,7,7,117,47,20.15,0.05,0,1,649
11238,400,1,1,68,27,5.25,0.05,0,1,649
11239,362,9,9,115,40,32.63,0.05,0,1,649
11240,400,9,9,113,44,28.25,0.05,0,1,649
11241,400,8,8,119,47,20.8,0.05,0,1,649
11242,400,8,8,109,47,21.45,0.05,0,1,649
11243,400,9,9,105,47,20.9,0.05,0,1,649
11244,400,7,7,112,35,24.15,0.05,0,1,649
11245,400,8,8,107,37,26.5,0.05,0,1,649
11246,385,9,9,132,44,30.65,0.05,0,1,649
11247,386,9,9,129,42,35.29,0.05,0,1,649
11248,400,4,4,119,35,27.05,0.05,0,1,649
11249,400,9,9,111,48,21.65,0.05,0,1,649
11250,353,9,9,117,42,26.12,0.05,0,1,649
11251,400,8,8,116,45,24.0,0.05,0,1,649
11252,400,5,5,79,40,8.4,0.05,0,1,649
11253,400,1,1,21,7,-1.35,0.05,0,1,649
11254,400,8,8,106,47,20.05,0.05,0,1,649
11255,400,7,7,114,45,24.95,0.05,0,1,649
11256,400,4,4,64,45,1.85,0.05,0,1,649
11257,400,7,7,115,48,18.65,0.05,0,1,649
11258,334,8,9,129,39,28.96,0.05,0,1,649
11259,380,9,9,125,42,30.0,0.05,0,1,649
11260,400,0,0,26,14,-2.65,0.05,0,1,649
11261,400,7,7,108,47,18.15,0.05,0,1,649
11262,400,8,8,104,46,18.1,0.05,0,1,649
11263,400,8,8,120,47,23.2,0.05,0,1,649
11264,378,9,9,119,43,33.22,0.05,0,1,649
11265,400,8,8,118,44,26.15,0.05,0,1,649
11266,400,9,9,116,44,29.0,0.05,0,1,649
11267,388,9,9,136,46,34.32,0.05,0,1,649
11268,400,7,7,108,42,19.5,0.05,0,1,649
11269,400,6,6,119,41,22.05,0.05,0,1,649
11270,400,9,9,118,48,19.1,0.05,0,1,649
11271,400,1,1,26,7,0.65,0.05,0,1,649
11272,400,3,3,46,55,-17.55,0.05,0,1,649
11273,400,5,5,77,26,15.1,0.05,0,1,649
11274,400,4,4,85,46,15.8,0.05,0,1,649
11275,400,5,5,72,52,2.0,0.05,0,1,649
11276,400,1,1,33,55,-24.25,0.05,0,1,649
11277,400,8,8,122,50,23.15,0.05,0,1,649
11278,400,7,7,110,52,13.05,0.05,0,1,649
11279,400,2,2,36,55,-20.2,0.05,0,1,649
11280,400,3,3,57,47,-0.45,0.05,0,1,649
11281,400,2,2,34,54,-19.1,0.05,0,1,649
11282,400,5,5,61,49,-13.2,0.05,0,1,649
11283,377,9,9,129,41,34.98,0.05,0,1,649
11284,400,9,9,128,46,33.55,0.05,0,1,649
11285,390,9,9,124,46,22.05,0.05,0,1,649
11286,374,8,9,128,41,30.56,0.05,0,1,649
11287,369,8,9,120,42,27.71,0.05,0,1,649
11288,400,1,1,33,11,0.05,0.05,0,1,649
11289,395,8,9,121,48,17.25,0.05,0,1,649
11290,400,5,5,83,44,13.9,0.05,0,1,649
11291,400,6,6,115,47,18.4,0.05,0,1,649
11292,400,0,0,37,57,-25.95,0.05,0,1,649
11293,400,9,9,113,48,18.45,0.05,0,1,649
11294,400,9,9,120,47,26.1,0.05,0,1,649
11295,400,0,0,35,16,-3.55,0.05,0,1,649
11296,400,9,9,120,47,27.15,0.05,0,1,649
11297,400,9,9,120,44,27.75,0.05,0,1,649
11298,363,9,9,125,41,32.77,0.05,0,1,649
11299,400,5,5,98,34,13.55,0.05,0,1,649
11300,400,8,8,123,39,29.95,0.05,0,1,649
11301,400,2,2,49,36,-0.45,0.05,0,1,649
11302,400,2,2,47,55,-17.7,0.05,0,1,649
11303,400,4,4,49,39,-1.15,0.05,0,1,649
11304,400,7,7,103,47,16.6,0.05,0,1,649
11305,400,9,9,121,48,26.8,0.05,0,1,649
11306,400,3,3,38,14,2.7,0.05,0,1,649
11307,400,9,9,127,45,32.95,0.05,0,1,649
11308,400,5,5,114,43,17.3,0.05,0,1,649
11309,382,8,9,121,42,31.78,0.05,0,1,649
11310,400,9,9,122,49,23.7,0.05,0,1,649
11311,356,9,9,110,39,28.14,0.05,0,1,649
11312,392,9,9,126,46,25.03,0.05,0,1,649
11313,372,8,9,132,42,32.28,0.05,0,1,649
11314,400,6,6,88,33,15.4,0.05,0,1,649
11315,165,4,4,62,20,10.55,0.05,1,0,649
11316,400,8,8,122,42,33.25,0.05,0,1,649
11317,372,9,9,121,42,30.88,0.05,0,1,649
11318,400,6,6,122,50,18.6,0.05,0,1,649
11319,400,8,8,115,45,20.65,0.05,0,1,649
11320,335,8,9,115,36,33.35,0.05,0,1,649
11321,400,9,9,113,47,23.95,0.05,0,1,649
11322,400,6,6,100,37,17.35,0.05,0,1,649
11323,366,9,9,110,41,21.69,0.05,0,1,649
11324,399,9,9,117,44,29.41,0.05,0,1,649
11325,400,1,1,61,36,0.95,0.05,0,1,649
11326,400,3,3,49,48,-1.45,0.05,0,1,649
11327,400,6,6,69,53,-5.4,0.05,0,1,649
11328,400,2,2,56,54,-13.7,0.05,0,1,649
11329,400,4,4,86,54,1.6,0.05,0,1,649
11330,400,5,5,102,40,17.75,0.05,0,1,649
11331,400,8,8,115,46,19.95,0.05,0,1,649
11332,400,5,5,84,43,7.6,0.05,0,1,649
11333,400,8,8,130,46,28.15,0.05,0,1,649
11334,362,8,9,118,40,33.88,0.05,0,1,649
11335,400,8,8,125,40,29.4,0.05,0,1,649
11336,400,8,8,123,49,25.2,0.05,0,1,649
11337,400,8,8,117,45,27.8,0.05,0,1,649
11338,389,9,9,122,45,30.61,0.05,0,1,649
11339,398,9,9,130,46,27.77,0.05,0,1,649
11340,400,9,9,117,46,27.0,0.05,0,1,649
11341,400,2,2,36,20,-3.4,0.05,0,1,649
11342,377,9,9,128,41,37.08,0.05,0,1,649
11343,370,9,9,128,44,29.2,0.05,0,1,649
11344,400,9,9,120,46,26.0,0.05,0,1,649
11345,400,3,3,55,44,4.2,0.05,0,1,649
11346,400,5,5,76,55,-3.55,0.05,0,1,649
11347,400,2,2,70,54,-13.6,0.05,0,1,649
11348,400,8,8,113,47,24.1,0.05,0,1,649
11349,380,8,9,125,42,30.15,0.05,0,1,649
11350,400,9,9,121,45,25.4,0.05,0,1,649
11351,400,6,6,97,48,10.7,0.05,0,1,649
11352,400,9,9,109,39,24.05,0.05,0,1,649
11353,400,8,8,121,45,27.55,0.05,0,1,649
11354,400,5,5,94,37,16.3,0.05,0,1,649
11355,400,9,9,123,46,30.1,0.05,0,1,649
11356,400,9,9,123,45,34.0,0.05,0,1,649
11357,400,6,6,111,45,22.65,0.05,0,1,649
11358,400,8,8,132,47,29.4,0.05,0,1,649
11359,398,9,9,124,46,26.82,0.05,0,1,649
11360,372,9,9,118,44,22.88,0.05,0,1,649
11361,384,8,9,118,41,31.51,0.05,0,1,649
11362,400,8,8,122,48,24.8,0.05,0,1,649
11363,395,8,9,133,41,37.9,0.05,0,1,649
11364,400,9,9,127,46,29.2,0.05,0,1,649
11365,400,9,9,111,47,28.05,0.05,0,1,649
11366,400,9,9,109,46,22.8,0.05,0,1,649
11367,369,9,9,123,41,31.06,0.05,0,1,649
11368,400,6,6,100,32,28.4,0.05,0,1,649
11369,400,8,8,120,46,27.9,0.05,0,1,649
11370,400,7,8,118,41,22.2,0.05,0,1,649
11371,400,6,6,115,49,17.3,0.05,0,1,649
11372,400,9,9,131,46,29.4,0.05,0,1,649
11373,384,9,9,122,41,32.16,0.05,0,1,649
11374,400,7,7,99,46,17.25,0.05,0,1,649
11375,372,9,9,131,42,30.43,0.05,0,1,649
11376,368,8,9,132,45,22.57,0.05,0,1,649
11377,400,3,3,43,15,1.9,0.05,0,1,649
11378,400,3,3,72,40,4.5,0.05,0,1,649
11379,396,9,9,123,42,29.49,0.05,0,1,649
11380,373,8,9,121,41,25.57,0.05,0,1,649
11381,400,9,9,109,48,25.1,0.05,0,1,649
11382,400,1,1,38,13,-2.7,0.05,0,1,649
11383,381,9,9,114,42,29.19,0.05,0,1,649
11384,400,7,7,108,40,19.7,0.05,0,1,649
11385,400,2,2,69,24,7.7,0.05,0,1,649
11386,400,9,9,125,44,29.95,0.05,0,1,649
11387,166,5,5,61,21,4.24,0.05,1,0,649
11388,393,9,9,125,43,32.22,0.05,0,1,649
11389,400,2,2,49,46,-1.2,0.05,0,1,649
11390,400,3,3,31,56,-24.35,0.05,0,1,649
11391,400,6,6,100,49,9.8,0.05,0,1,649
11392,400,7,7,93,53,-1.25,0.05,0,1,649
11393,378,9,9,128,43,33.67,0.05,0,1,649
11394,400,7,7,124,45,26.05,0.05,0,1,649
11395,399,9,9,119,45,26.31,0.05,0,1,649
11396,382,9,9,114,44,22.23,0.05,0,1,649
11397,400,8,8,110,48,21.1,0.05,0,1,649
11398,390,9,9,126,45,31.05,0.05,0,1,649
11399,400,9,9,118,44,20.35,0.05,0,1,649
11400,400,9,9,113,46,24.0,0.05,0,1,649
11401,400,8,8,119,48,21.95,0.05,0,1,649
11402,398,9,9,131,42,33.42,0.05,0,1,649
11403,400,8,8,117,45,25.55,0.05,0,1,649
11404,400,2,2,78,37,8.9,0.05,0,1,649
11405,371,9,9,124,41,32.54,0.05,0,1,649
11406,400,9,9,125,45,28.85,0.05,0,1,649
11407,400,8,9,119,45,30.2,0.05,0,1,649
11408,365,9,9,114,41,28.95,0.05,0,1,649
11409,378,9,9,117,42,30.72,0.05,0,1,649
11410,398,9,9,117,43,31.82,0.05,0,1,649
11411,392,9,9,123,46,28.18,0.05,0,1,649
11412,400,7,7,109,48,19.65,0.05,0,1,649
11413,355,9,9,124,40,33.85,0.05,0,1,649
11414,400,8,8,114,42,27.55,0.05,0,1,649
11415,400,5,5,102,39,11.45,0.05,0,1,649
11416,400,9,9,119,45,27.8,0.05,0,1,649
11417,400,8,8,115,41,28.2,0.05,0,1,649
11418,400,9,9,121,47,27.75,0.05,0,1,649
11419,373,8,9,123,42,29.52,0.05,0,1,649
11420,400,7,7,100,47,14.3,0.05,0,1,649
11421,400,8,8,119,48,25.9,0.05,0,1,649
11422,400,5,5,104,37,22.35,0.05,0,1,649
11423,400,9,9,115,47,20.9,0.05,0,1,649
11424,400,0,0,9,3,-3.0,0.05,0,1,649
11425,400,9,9,123,46,29.05,0.05,0,1,649
11426,397,8,9,133,47,28.88,0.05,0,1,649
11427,400,5,5,78,28,10.15,0.05,0,1,649
11428,400,0,0,34,11,-1.1,0.05,0,1,649
11429,370,9,9,125,42,29.55,0.05,0,1,649
11430,382,9,9,121,45,27.58,0.05,0,1,649
11431,400,7,7,123,44,26.95,0.05,0,1,649
11432,359,9,9,128,41,31.61,0.05,0,1,649
11433,400,9,9,127,47,33.0,0.05,0,1,649
11434,400,6,6,85,36,7.6,0.05,0,1,649
11435,400,9,9,117,46,24.6,0.05,0,1,649
11436,400,9,9,122,47,27.6,0.05,0,1,649
11437,400,9,9,123,39,29.2,0.05,0,1,649
11438,400,5,5,76,22,15.25,0.05,0,1,649
11439,400,8,8,128,48,24.9,0.05,0,1,649
11440,348,9,9,118,41,31.47,0.05,0,1,649
11441,337,8,9,121,39,27.73,0.05,0,1,649
11442,376,9,9,120,44,28.04,0.05,0,1,649
11443,379,9,9,128,44,31.81,0.05,0,1,649
11444,400,9,9,117,43,27.85,0.05,0,1,649
11445,356,9,9,122,41,29.14,0.05,0,1,649
11446,400,8,8,130,47,27.45,0.05,0,1,649
11447,345,9,9,117,37,30.25,0.05,0,1,649
11448,382,8,9,124,42,33.73,0.05,0,1,649
11449,400,5,5,74,33,12.5,0.05,0,1,649
11450,368,9,9,125,43,29.92,0.05,0,1,649
11451,400,6,6,114,44,21.15,0.05,0,1,649
11452,400,6,6,109,45,19.0,0.05,0,1,649
11453,400,9,9,122,43,33.0,0.05,0,1,649
11454,400,9,9,123,45,29.2,0.05,0,1,649
11455,400,9,9,114,47,24.5,0.05,0,1,649
11456,400,8,8,120,50,20.65,0.05,0,1,649
11457,400,8,8,96,41,16.65,0.05,0,1,649
11458,400,9,9,126,45,36.05,0.05,0,1,649
11459,400,5,5,86,27,16.35,0.05,0,1,649
11460,400,7,7,110,46,21.85,0.05,0,1,649
11461,400,7,7,126,47,27.7,0.05,0,1,649
11462,400,8,8,111,50,16.8,0.05,0,1,649
11463,387,8,9,112,44,22.28,0.05,0,1,649
11464,400,8,8,109,35,29.75,0.05,0,1,649
11465,380,8,9,119,42,27.7,0.05,0,1,649
11466,400,9,9,122,45,29.4,0.05,0,1,649
11467,376,9,9,123,41,32.39,0.05,0,1,649
11468,385,9,9,127,44,33.75,0.05,0,1,649
11469,400,8,8,117,47,24.35,0.05,0,1,649
11470,342,8,8,112,39,25.73,0.05,1,0,650
11471,400,8,8,128,45,30.55,0.05,0,1,650
11472,389,9,9,129,43,32.01,0.05,0,1,650
11473,344,8,9,121,40,32.16,0.05,0,1,650
11474,400,7,7,125,49,25.15,0.05,0,1,650
11475,382,9,9,126,43,34.88,0.05,0,1,650
11476,400,9,9,119,47,24.5,0.05,0,1,650
11477,400,7,7,76,36,14.2,0.05,0,1,650
11478,400,7,7,125,49,16.95,0.05,0,1,650
11479,373,9,9,121,44,30.02,0.05,0,1,650
11480,400,6,6,117,46,19.75,0.05,0,1,650
11481,356,9,9,120,40,27.24,0.05,0,1,650
11482,365,8,9,120,42,27.2,0.05,0,1,650
11483,362,9,9,123,41,30.98,0.05,0,1,650
11484,400,4,4,51,17,6.5,0.05,0,1,650
11485,400,9,9,117,38,30.05,0.05,0,1,650
11486,377,9,9,125,45,29.33,0.05,0,1,650
11487,400,9,9,113,49,19.55,0.05,0,1,650
11488,382,9,9,125,44,29.23,0.05,0,1,650
11489,400,6,6,107,46,21.75,0.05,0,1,650
11490,400,1,1,14,5,-3.55,0.05,0,1,650
11491,400,9,9,115,46,24.9,0.05,0,1,650
11492,400,9,9,123,46,26.0,0.05,0,1,650
11493,400,8,8,111,49,18.75,0.05,0,1,650
11494,391,8,9,120,45,25.94,0.05,0,1,650
11495,394,8,9,135,45,35.61,0.05,0,1,650
11496,366,9,9,115,41,26.09,0.05,0,1,650
11497,400,9,9,109,48,24.0,0.05,0,1,650
11498,400,6,6,111,37,20.75,0.05,0,1,650
11499,400,3,3,41,16,3.3,0.05,0,1,650
11500,371,9,9,134,43,33.49,0.05,0,1,650
11501,400,1,1,36,24,-3.75,0.05,0,1,650
11502,400,8,8,130,44,34.7,0.05,0,1,650
11503,365,9,9,125,43,29.3,0.05,0,1,650
11504,357,8,8,111,40,24.58,0.05,1,0,650
11505,400,5,5,97,33,11.45,0.05,0,1,650
11506,400,1,1,20,6,-1.8,0.05,0,1,650
11507,375,8,9,117,45,21.3,0.05,0,1,650
11508,399,8,9,129,46,30.71,0.05,0,1,650
11509,400,3,3,69,28,6.2,0.05,0,1,650
11510,400,8,8,117,45,28.4,0.05,0,1,650
11511,400,8,8,119,43,23.15,0.05,0,1,650
11512,386,8,9,129,47,22.19,0.05,0,1,650
11513,400,9,9,123,45,26.75,0.05,0,1,650
11514,400,7,7,110,38,24.05,0.05,0,1,650
11515,400,8,8,113,49,20.4,0.05,0,1,650
11516,400,8,8,119,38,27.1,0.05,0,1,650
11517,400,5,5,107,34,16.3,0.05,0,1,650
11518,388,9,9,115,47,25.02,0.05,0,1,650
11519,400,3,3,39,15,0.95,0.05,0,1,650
11520,400,8,8,106,45,24.8,0.05,0,1,650
11521,400,8,8,122,46,25.25,0.05,0,1,650
11522,400,6,6,111,35,24.7,0.05,0,1,650
11523,400,9,9,117,42,26.5,0.05,0,1,650
11524,400,8,8,119,44,26.0,0.05,0,1,650
11525,400,6,6,78,28,13.9,0.05,0,1,650
11526,400,5,5,117,40,21.45,0.05,0,1,650
11527,400,8,8,112,48,23.05,0.05,0,1,650
11528,400,9,9,131,40,32.15,0.05,0,1,650
11529,132,2,2,49,17,1.13,0.05,1,0,650
11530,400,7,7,121,49,25.95,0.05,0,1,650
11531,400,7,7,119,41,28.75,0.05,0,1,650
11532,400,9,9,102,45,29.9,0.05,0,1,650
11533,387,8,9,123,46,27.08,0.05,0,1,650
11534,400,8,8,103,35,20.1,0.05,0,1,650
11535,400,1,1,19,7,-3.7,0.05,0,1,650
11536,400,9,9,125,45,30.75,0.05,0,1,650
11537,400,6,6,113,49,21.9,0.05,0,1,650
11538,400,7,7,122,47,22.45,0.05,0,1,650
11539,400,3,3,59,24,5.7,0.05,0,1,650
11540,400,9,9,120,45,32.3,0.05,0,1,650
11541,387,9,9,129,45,32.63,0.05,0,1,650
11542,400,8,8,134,46,32.3,0.05,0,1,650
11543,373,8,9,125,42,33.17,0.05,0,1,650
11544,400,6,6,109,35,21.55,0.05,0,1,650
11545,400,9,9,114,47,25.7,0.05,0,1,650
11546,400,8,8,130,43,32.5,0.05,0,1,650
11547,347,8,9,118,39,32.98,0.05,0,1,650
11548,400,8,8,100,40,18.05,0.05,0,1,650
11549,347,9,9,129,39,32.48,0.05,0,1,650
11550,400,9,9,127,47,27.35,0.05,0,1,650
11551,400,9,9,114,44,26.45,0.05,0,1,650
11552,384,9,9,127,43,33.21,0.05,0,1,650
11553,357,9,9,121,40,31.68,0.05,0,1,650
11554,400,8,8,118,47,19.3,0.05,0,1,650
11555,400,9,9,126,46,24.05,0.05,0,1,650
11556,365,9,9,122,42,29.95,0.05,0,1,650
11557,376,9,9,122,42,31.04,0.05,0,1,650
11558,400,4,4,40,29,-2.85,0.05,0,1,650
11559,365,8,9,115,40,31.85,0.05,0,1,650
11560,400,9,9,126,44,31.95,0.05,0,1,650
11561,400,9,9,120,44,25.0,0.05,0,1,650
11562,394,8,9,122,45,25.36,0.05,0,1,650
11563,63,0,0,27,9,-5.18,0.05,1,0,650
11564,400,8,8,113,47,23.05,0.05,0,1,650
11565,305,4,4,113,36,21.5,0.05,1,0,650
11566,400,0,0,16,23,-12.45,0.05,0,1,650
11567,95,3,3,36,12,2.9,0.05,1,0,650
11568,400,9,9,125,48,19.2,0.05,0,1,650
11569,400,8,8,117,37,32.05,0.05,0,1,650
11570,400,7,7,96,35,19.95,0.05,0,1,650
11571,400,6,6,108,43,11.95,0.05,0,1,650
11572,400,7,7,86,47,17.5,0.05,0,1,650
11573,400,2,2,45,48,1.65,0.05,0,1,650
11574,400,4,4,59,49,8.5,0.05,0,1,650
11575,400,6,6,60,46,12.55,0.05,0,1,650
11576,400,2,2,45,47,5.7,0.05,0,1,650
11577,400,3,3,45,49,1.75,0.05,0,1,650
11578,400,0,0,36,57,-32.65,0.05,0,1,650
11579,400,5,5,106,50,4.4,0.05,0,1,650
11580,400,8,8,127,50,16.7,0.05,0,1,650
11581,400,9,9,132,46,29.25,0.05,0,1,650
11582,376,9,9,126,44,27.39,0.05,0,1,650
11583,345,9,9,120,39,31.4,0.05,0,1,650
11584,400,9,9,122,43,29.3,0.05,0,1,650
11585,220,2,2,74,28,3.7,0.05,1,0,650
11586,400,7,7,128,48,23.65,0.05,0,1,650
11587,400,3,3,54,19,4.5,0.05,0,1,650
11588,400,9,9,114,45,25.8,0.05,0,1,650
11589,395,8,9,135,43,35.85,0.05,0,1,650
11590,400,8,8,113,44,24.95,0.05,0,1,650
11591,400,9,9,121,42,25.5,0.05,0,1,650
11592,400,8,8,123,46,26.75,0.05,0,1,650
11593,400,9,9,119,46,25.95,0.05,0,1,650
11594,400,4,4,63,26,7.1,0.05,0,1,650
11595,400,8,8,123,49,24.0,0.05,0,1,650
11596,400,8,8,127,46,27.75,0.05,0,1,650
11597,400,6,6,107,49,19.8,0.05,0,1,650
11598,400,8,8,122,48,25.5,0.05,0,1,650
11599,400,7,7,99,47,18.8,0.05,0,1,650
11600,400,6,6,101,46,22.1,0.05,0,1,650
11601,400,7,7,109,46,16.0,0.05,0,1,650
11602,400,7,7,84,35,15.85,0.05,0,1,650
11603,400,1,1,30,48,-20.65,0.05,0,1,650
11604,400,8,8,110,35,27.1,0.05,0,1,650
11605,400,9,9,112,46,23.5,0.05,0,1,650
11606,400,8,8,124,48,23.7,0.05,0,1,650
11607,400,7,7,116,46,23.75,0.05,0,1,650
11608,400,9,9,126,46,31.2,0.05,0,1,650
11609,393,9,9,117,46,24.27,0.05,0,1,650
11610,397,8,9,131,48,25.93,0.05,0,1,650
11611,400,8,8,125,45,33.55,0.05,0,1,650
11612,394,9,9,124,45,28.36,0.05,0,1,650
11613,400,9,9,128,41,36.45,0.05,0,1,650
11614,385,8,9,125,43,33.9,0.05,0,1,650
11615,400,1,1,29,14,-2.9,0.05,0,1,650
11616,400,9,9,125,46,30.85,0.05,0,1,650
11617,400,8,8,124,50,20.4,0.05,0,1,650
11618,357,8,9,126,40,32.78,0.05,0,1,650
11619,400,3,3,62,24,4.15,0.05,0,1,650
11620,400,7,7,81,24,18.75,0.05,0,1,650
11621,400,8,8,118,46,24.65,0.05,0,1,650
11622,400,9,9,126,47,28.85,0.05,0,1,650
11623,376,9,9,121,41,34.84,0.05,0,1,650
11624,377,9,9,137,42,35.58,0.05,0,1,650
11625,386,9,9,128,44,34.29,0.05,0,1,650
11626,400,8,8,119,50,19.75,0.05,0,1,650
11627,400,8,8,104,47,20.3,0.05,0,1,650
11628,400,8,8,120,44,27.9,0.05,0,1,650
11629,400,7,7,104,37,17.45,0.05,0,1,650
11630,400,7,7,123,46,23.75,0.05,0,1,650
11631,400,7,7,123,44,21.8,0.05,0,1,650
11632,400,9,9,122,46,26.3,0.05,0,1,650
11633,400,8,8,119,48,23.65,0.05,0,1,650
11634,400,8,8,122,40,26.65,0.05,0,1,650
11635,400,8,8,129,45,27.3,0.05,0,1,650
11636,400,8,8,107,43,21.5,0.05,0,1,650
11637,400,9,9,122,46,24.9,0.05,0,1,650
11638,399,9,9,123,46,28.16,0.05,0,1,650
11639,400,9,9,122,40,35.35,0.05,0,1,650
11640,400,9,9,117,48,25.15,0.05,0,1,650
11641,377,8,9,119,44,30.28,0.05,0,1,650
11642,400,2,2,43,15,0.0,0.05,0,1,650
11643,400,0,0,44,14,1.8,0.05,0,1,650
11644,400,9,9,133,50,30.2,0.05,0,1,650
11645,400,2,2,41,16,1.65,0.05,0,1,650
11646,400,6,6,110,44,18.7,0.05,0,1,650
11647,400,9,9,112,45,24.85,0.05,0,1,650
11648,400,7,7,113,42,23.75,0.05,0,1,650
11649,400,8,8,104,39,20.15,0.05,0,1,650
11650,400,5,5,96,49,6.75,0.05,0,1,650
11651,400,6,6,65,49,2.8,0.05,0,1,650
11652,400,6,6,100,49,4.85,0.05,0,1,650
11653,374,9,9,127,42,35.71,0.05,0,1,650
11654,400,4,4,68,22,9.45,0.05,0,1,650
11655,400,9,9,117,47,28.2,0.05,0,1,650
11656,394,9,9,118,46,27.66,0.05,0,1,650
11657,400,7,7,119,47,23.6,0.05,0,1,650
11658,400,7,7,127,47,18.9,0.05,0,1,650
11659,400,8,8,102,46,25.2,0.05,0,1,650
11660,400,2,2,28,22,-5.9,0.05,0,1,650
11661,400,9,9,123,48,22.35,0.05,0,1,650
11662,381,9,9,118,43,33.54,0.05,0,1,650
11663,400,7,7,118,44,26.6,0.05,0,1,650
11664,385,9,9,117,43,23.5,0.05,0,1,650
11665,400,8,8,116,42,21.55,0.05,0,1,650
11666,400,1,1,39,19,1.3,0.05,0,1,650
11667,400,4,4,89,44,4.45,0.05,0,1,650
11668,353,8,9,122,39,33.37,0.05,0,1,650
11669,400,9,9,131,48,28.35,0.05,0,1,650
11670,375,8,9,121,43,27.2,0.05,0,1,650
11671,400,6,6,127,46,31.85,0.05,0,1,650
11672,400,6,6,98,35,18.4,0.05,0,1,650
11673,400,8,8,108,44,22.9,0.05,0,1,650
11674,400,6,6,89,46,15.3,0.05,0,1,650
11675,400,8,8,123,47,23.2,0.05,0,1,650
11676,400,8,8,115,35,27.1,0.05,0,1,650
11677,400,4,4,60,18,11.1,0.05,0,1,650
11678,386,9,9,129,45,28.29,0.05,0,1,650
11679,400,9,9,111,45,25.0,0.05,0,1,650
11680,400,9,9,116,45,26.6,0.05,0,1,650
11681,400,5,5,69,20,10.45,0.05,0,1,650
11682,375,8,9,125,42,29.4,0.05,0,1,650
11683,380,9,9,128,43,29.5,0.05,0,1,650
11684,400,2,2,45,13,2.7,0.05,0,1,650
11685,400,0,0,26,9,-3.05,0.05,0,1,650
11686,400,8,8,119,44,28.5,0.05,0,1,650
11687,400,7,7,99,47,17.0,0.05,0,1,650
11688,350,9,9,122,41,28.45,0.05,0,1,650
11689,365,9,9,128,42,31.85,0.05,0,1,650
11690,336,9,9,124,41,30.99,0.05,0,1,650
11691,400,4,4,78,24,15.05,0.05,0,1,650
11692,400,6,6,80,39,9.7,0.05,0,1,650
11693,388,8,9,132,45,31.77,0.05,0,1,650
11694,400,8,9,131,45,29.2,0.05,0,1,650
11695,337,9,9,116,40,25.23,0.05,0,1,650
11696,388,9,9,116,45,27.27,0.05,0,1,650
11697,400,9,9,121,48,25.2,0.05,0,1,650
11698,400,9,9,118,47,23.05,0.05,0,1,650
11699,400,6,6,118,43,25.45,0.05,0,1,650
11700,400,0,0,44,29,-9.3,0.05,0,1,650
11701,400,8,8,109,49,19.5,0.05,0,1,650
11702,400,8,8,121,45,24.55,0.05,0,1,650
11703,400,9,9,119,46,24.7,0.05,0,1,650
11704,400,7,7,114,47,24.2,0.05,0,1,650
11705,400,6,6,109,37,22.7,0.05,0,1,650
11706,386,9,9,119,46,23.29,0.05,0,1,650
11707,400,8,8,118,47,26.9,0.05,0,1,650
11708,400,9,9,112,45,24.35,0.05,0,1,650
11709,400,1,1,31,17,-1.4,0.05,0,1,650
11710,400,9,9,111,46,23.85,0.05,0,1,650
11711,400,8,8,119,49,20.85,0.05,0,1,650
11712,400,5,5,113,44,21.25,0.05,0,1,650
11713,400,7,7,103,48,19.2,0.05,0,1,650
11714,400,3,3,55,53,-4.75,0.05,0,1,650
11715,400,3,3,41,47,-28.15,0.05,0,1,650
11716,400,1,1,43,56,-20.45,0.05,0,1,650
11717,400,1,1,45,55,-21.2,0.05,0,1,650
11718,400,6,6,92,50,9.25,0.05,0,1,650
11719,400,3,3,31,55,-24.1,0.05,0,1,650
11720,400,6,6,52,55,-12.05,0.05,0,1,650
11721,51,2,2,16,7,-1.71,0.05,1,0,650
11722,400,3,3,90,53,-3.55,0.05,0,1,650
11723,371,9,9,115,41,32.09,0.05,0,1,650
11724,346,9,9,122,40,28.54,0.05,0,1,650
11725,400,9,9,119,43,26.3,0.05,0,1,650
11726,35,2,2,12,5,-2.6,0.05,1,0,650
11727,359,8,9,125,39,34.86,0.05,0,1,650
11728,400,9,9,125,44,33.85,0.05,0,1,650
11729,400,8,8,117,47,21.05,0.05,0,1,650
11730,400,9,9,124,47,27.55,0.05,0,1,650
11731,400,8,8,131,46,24.1,0.05,0,1,650
11732,363,9,9,118,40,29.67,0.05,0,1,650
11733,351,9,9,116,39,28.44,0.05,0,1,650
11734,400,9,9,113,45,25.9,0.05,0,1,650
11735,400,9,9,122,45,26.0,0.05,0,1,650
11736,400,6,6,108,47,17.55,0.05,0,1,650
11737,400,4,4,38,14,3.95,0.05,0,1,651
11738,400,9,9,130,44,28.7,0.05,0,1,651
11739,400,8,8,132,47,32.9,0.05,0,1,651
11740,400,9,9,125,47,22.2,0.05,0,1,651
11741,400,3,3,47,26,1.4,0.05,0,1,651
11742,400,1,1,38,41,-14.3,0.05,0,1,651
11743,368,9,9,122,42,32.42,0.05,0,1,651
11744,400,3,3,21,9,-0.5,0.05,0,1,651
11745,400,8,8,120,40,27.45,0.05,0,1,651
11746,400,2,2,56,18,7.45,0.05,0,1,651
11747,400,9,9,107,45,15.7,0.05,0,1,651
11748,400,9,9,123,48,23.3,0.05,0,1,651
11749,400,9,9,127,45,31.3,0.05,0,1,651
11750,400,6,6,96,49,14.95,0.05,0,1,651
11751,372,9,9,127,43,32.83,0.05,0,1,651
11752,400,6,6,111,48,21.0,0.05,0,1,651
11753,400,9,9,121,50,22.45,0.05,0,1,651
11754,376,9,9,123,41,30.14,0.05,0,1,651
11755,400,6,6,105,46,19.5,0.05,0,1,651
11756,390,8,9,127,45,29.6,0.05,0,1,651
11757,400,5,5,113,35,19.65,0.05,0,1,651
11758,400,9,9,122,45,26.9,0.05,0,1,651
11759,358,8,9,115,39,25.67,0.05,0,1,651
11760,400,1,1,23,9,-4.65,0.05,0,1,651
11761,400,6,6,125,43,23.2,0.05,0,1,651
11762,400,6,6,97,33,20.05,0.05,0,1,651
11763,400,9,9,125,49,24.95,0.05,0,1,651
11764,400,6,6,114,45,24.15,0.05,0,1,651
11765,380,9,9,125,42,29.15,0.05,0,1,651
11766,359,8,9,126,41,29.91,0.05,0,1,651
11767,400,9,9,113,48,22.4,0.05,0,1,651
11768,365,9,9,121,40,34.3,0.05,0,1,651
11769,400,4,4,78,22,19.35,0.05,0,1,651
11770,400,9,9,119,49,27.25,0.05,0,1,651
11771,382,9,9,117,43,22.08,0.05,0,1,651
11772,102,4,4,44,12,6.08,0.05,1,0,651
11773,340,9,9,127,37,37.45,0.05,0,1,651
11774,400,8,8,83,31,16.4,0.05,0,1,651
11775,400,8,8,106,47,20.65,0.05,0,1,651
11776,388,9,9,124,44,29.87,0.05,0,1,651
11777,400,8,8,129,46,27.75,0.05,0,1,651
11778,400,5,5,82,32,12.7,0.05,0,1,651
11779,400,0,0,18,6,-4.8,0.05,0,1,651
11780,400,1,1,50,23,1.15,0.05,0,1,651
11781,400,9,9,126,45,31.05,0.05,0,1,651
11782,400,9,9,129,49,29.45,0.05,0,1,651
11783,400,2,2,65,36,0.4,0.05,0,1,651
11784,354,8,9,127,41,27.76,0.05,0,1,651
11785,376,8,9,121,42,29.24,0.05,0,1,651
11786,382,9,9,126,44,28.23,0.05,0,1,651
11787,400,9,9,115,46,19.15,0.05,0,1,651
11788,400,5,5,96,39,15.95,0.05,0,1,651
11789,400,9,9,117,46,23.55,0.05,0,1,651
11790,400,5,5,70,24,14.65,0.05,0,1,651
11791,359,9,9,123,41,30.96,0.05,0,1,651
11792,386,8,9,119,46,23.99,0.05,0,1,651
11793,400,3,3,47,39,-6.05,0.05,0,1,651
11794,400,6,6,50,47,1.35,0.05,0,1,651
11795,400,5,5,71,52,-13.3,0.05,0,1,651
11796,399,8,9,125,45,31.06,0.05,0,1,651
11797,377,6,6,110,45,14.68,0.05,1,0,651
11798,359,8,9,114,41,22.41,0.05,0,1,651
11799,375,8,9,123,42,27.05,0.05,0,1,651
11800,373,9,9,125,44,30.82,0.05,0,1,651
11801,400,7,7,114,45,22.75,0.05,0,1,651
11802,390,9,9,122,44,33.35,0.05,0,1,651
11803,363,9,9,119,41,31.17,0.05,0,1,651
11804,395,9,9,132,46,29.95,0.05,0,1,651
11805,353,9,9,121,40,30.37,0.05,0,1,651
11806,400,1,1,33,14,-3.1,0.05,0,1,651
11807,398,9,9,124,44,28.52,0.05,0,1,651
11808,342,9,9,112,39,23.38,0.05,1,0,651
11809,385,8,9,125,44,28.2,0.05,0,1,651
11810,400,7,7,119,43,29.65,0.05,0,1,651
11811,354,8,9,121,42,27.56,0.05,0,1,651
11812,400,8,8,118,49,17.9,0.05,0,1,651
11813,400,6,6,114,37,23.8,0.05,0,1,651
11814,351,8,9,120,40,27.14,0.05,0,1,651
11815,351,8,9,120,41,27.54,0.05,0,1,651
11816,400,8,8,113,48,25.25,0.05,0,1,651
11817,342,8,9,119,38,30.63,0.05,0,1,651
11818,400,4,4,53,21,3.45,0.05,0,1,651
11819,400,1,1,40,43,-11.85,0.05,0,1,651
11820,397,9,9,124,47,28.88,0.05,0,1,651
11821,351,9,9,123,41,27.14,0.05,0,1,651
11822,384,9,9,114,42,28.91,0.05,0,1,651
11823,400,9,9,127,45,34.15,0.05,0,1,651
11824,400,9,9,124,46,26.15,0.05,0,1,651
11825,400,6,6,117,48,18.25,0.05,0,1,651
11826,400,1,1,44,14,3.85,0.05,0,1,651
11827,400,4,4,73,29,10.1,0.05,0,1,651
11828,384,9,9,121,42,31.11,0.05,0,1,651
11829,400,7,7,109,47,18.35,0.05,0,1,651
11830,359,8,9,128,40,34.56,0.05,0,1,651
11831,400,7,7,110,46,18.1,0.05,0,1,651
11832,400,8,8,125,47,24.9,0.05,0,1,651
11833,385,8,9,130,44,30.15,0.05,0,1,651
11834,352,9,9,126,40,35.13,0.05,0,1,651
11835,370,9,9,121,41,27.95,0.05,0,1,651
11836,400,2,2,42,21,1.0,0.05,0,1,651
11837,391,9,9,120,46,27.09,0.05,0,1,651
11838,400,9,9,122,42,27.55,0.05,0,1,651
11839,400,8,8,127,47,23.4,0.05,0,1,651
11840,400,9,9,132,46,33.2,0.05,0,1,651
11841,373,9,9,127,40,34.92,0.05,0,1,651
11842,362,9,9,129,41,28.63,0.05,0,1,651
11843,400,8,8,126,48,24.35,0.05,0,1,651
11844,389,9,9,125,45,30.21,0.05,0,1,651
11845,400,2,2,38,14,-1.85,0.05,0,1,651
11846,400,0,0,9,3,-3.85,0.05,0,1,651
11847,379,8,9,118,43,28.01,0.05,0,1,651
11848,400,7,7,108,39,20.5,0.05,0,1,651
11849,372,9,9,115,42,28.08,0.05,0,1,651
11850,400,2,2,20,7,-0.15,0.05,0,1,651
11851,400,9,9,117,44,29.3,0.05,0,1,651
11852,373,9,9,129,43,36.02,0.05,0,1,651
11853,400,6,6,111,39,27.35,0.05,0,1,651
11854,400,8,8,111,44,17.1,0.05,0,1,651
11855,400,8,8,112,46,24.45,0.05,0,1,651
11856,388,9,9,125,45,26.42,0.05,0,1,651
11857,400,6,6,99,38,17.3,0.05,0,1,651
11858,400,9,9,125,46,32.15,0.05,0,1,651
11859,362,8,9,124,41,30.58,0.05,0,1,651
11860,400,6,6,104,39,15.55,0.05,0,1,651
11861,395,8,9,132,46,29.0,0.05,0,1,651
11862,400,9,9,108,47,21.95,0.05,0,1,651
11863,400,7,7,115,48,16.65,0.05,0,1,651
11864,370,9,9,122,42,28.3,0.05,0,1,651
11865,400,5,5,29,11,-0.45,0.05,0,1,651
11866,390,8,9,118,43,24.05,0.05,0,1,651
11867,400,9,9,116,48,26.65,0.05,0,1,651
11868,391,8,9,118,43,31.34,0.05,0,1,651
11869,400,2,2,80,32,8.25,0.05,0,1,651
11870,400,9,9,123,46,26.7,0.05,0,1,651
11871,400,9,9,120,48,23.2,0.05,0,1,651
11872,400,9,9,116,47,24.7,0.05,0,1,651
11873,380,8,9,121,45,24.15,0.05,0,1,651
11874,400,3,3,47,35,1.65,0.05,0,1,651
11875,400,1,1,42,54,-23.3,0.05,0,1,651
11876,400,4,4,58,47,-5.85,0.05,0,1,651
11877,400,9,9,122,41,34.5,0.05,0,1,651
11878,383,9,9,117,44,27.62,0.05,0,1,651
11879,400,6,6,97,46,20.75,0.05,0,1,651
11880,373,8,9,118,42,22.22,0.05,0,1,651
11881,400,6,6,92,32,10.35,0.05,0,1,651
11882,379,9,9,129,44,31.31,0.05,0,1,651
11883,390,9,9,119,45,23.7,0.05,0,1,651
11884,400,5,5,79,25,15.4,0.05,0,1,651
11885,400,5,5,84,47,13.4,0.05,0,1,651
11886,400,6,6,96,46,18.6,0.05,0,1,651
11887,400,9,9,128,47,27.2,0.05,0,1,651
11888,400,8,9,115,43,25.95,0.05,0,1,651
11889,400,1,1,23,6,-3.05,0.05,0,1,651
11890,400,4,4,89,47,11.7,0.05,0,1,651
11891,97,3,3,45,12,7.28,0.05,1,0,651
11892,400,6,6,82,29,12.05,0.05,0,1,651
11893,400,8,8,127,46,32.1,0.05,0,1,651
11894,400,9,9,122,40,26.25,0.05,0,1,651
11895,400,7,7,123,46,27.05,0.05,0,1,651
11896,400,1,1,29,15,-4.35,0.05,0,1,651
11897,400,8,8,103,36,20.55,0.05,0,1,651
11898,388,9,9,129,45,31.22,0.05,0,1,651
11899,369,8,9,110,40,27.21,0.05,0,1,651
11900,400,8,8,96,41,21.65,0.05,0,1,651
11901,400,7,7,90,28,20.25,0.05,0,1,651
11902,400,2,2,40,30,-3.8,0.05,0,1,651
11903,378,9,9,126,43,29.82,0.05,0,1,651
11904,400,9,9,119,41,26.5,0.05,0,1,651
11905,371,9,9,126,44,29.99,0.05,0,1,651
11906,374,8,9,123,43,31.96,0.05,0,1,651
11907,400,8,8,120,46,23.4,0.05,0,1,651
11908,369,8,9,122,42,25.46,0.05,0,1,651
11909,400,7,7,122,41,28.25,0.05,0,1,651
11910,400,9,9,108,47,21.35,0.05,0,1,651
11911,400,9,9,96,38,17.8,0.05,0,1,651
11912,400,4,4,73,23,13.1,0.05,0,1,651
11913,400,8,8,92,48,17.65,0.05,0,1,651
11914,386,9,9,124,44,30.39,0.05,0,1,651
11915,400,8,8,131,47,30.75,0.05,0,1,651
11916,372,9,9,120,42,32.68,0.05,0,1,651
11917,400,8,8,119,40,26.05,0.05,0,1,651
11918,400,8,8,126,47,27.75,0.05,0,1,651
11919,400,8,8,128,48,28.85,0.05,0,1,651
11920,400,9,9,115,45,26.05,0.05,0,1,651
11921,400,3,3,46,25,1.1,0.05,0,1,651
11922,400,7,7,112,41,27.15,0.05,0,1,651
11923,119,1,1,46,15,4.71,0.05,1,0,651
11924,391,8,9,127,43,33.49,0.05,0,1,651
11925,400,8,8,106,46,18.95,0.05,0,1,651
11926,400,2,2,59,20,7.95,0.05,0,1,651
11927,400,8,8,123,46,22.2,0.05,0,1,651
11928,362,9,9,130,41,33.03,0.05,0,1,651
11929,400,9,9,127,44,30.7,0.05,0,1,651
11930,400,8,8,111,46,26.45,0.05,0,1,651
11931,356,8,9,121,42,26.74,0.05,0,1,651
11932,400,9,9,122,44,30.65,0.05,0,1,651
11933,400,9,9,118,46,27.0,0.05,0,1,651
11934,377,9,9,122,44,27.38,0.05,0,1,651
11935,400,9,9,125,46,25.65,0.05,0,1,651
11936,400,1,1,42,16,1.2,0.05,0,1,651
11937,373,9,9,123,43,27.57,0.05,0,1,651
11938,400,9,9,123,40,32.0,0.05,0,1,651
11939,363,8,9,117,41,30.67,0.05,0,1,651
11940,400,9,9,116,50,15.9,0.05,0,1,651
11941,400,9,9,129,42,32.8,0.05,0,1,651
11942,400,9,9,126,47,25.1,0.05,0,1,651
11943,400,2,2,39,49,-14.75,0.05,0,1,651
11944,385,8,9,116,45,21.75,0.05,0,1,651
11945,400,7,7,114,36,28.95,0.05,0,1,651
11946,400,5,5,80,37,0.35,0.05,0,1,651
11947,400,5,5,53,55,-10.3,0.05,0,1,651
11948,400,5,5,100,46,6.5,0.05,0,1,651
11949,372,8,9,117,41,29.63,0.05,0,1,651
11950,400,7,7,114,48,21.6,0.05,0,1,651
11951,400,6,6,89,45,13.3,0.05,0,1,651
11952,400,9,9,122,44,26.8,0.05,0,1,651
11953,216,5,5,79,26,11.19,0.05,1,0,651
11954,400,5,5,77,24,16.45,0.05,0,1,651
11955,358,9,9,118,41,28.52,0.05,0,1,651
11956,346,9,9,118,40,28.39,0.05,0,1,651
11957,400,6,6,107,45,20.4,0.05,0,1,651
11958,400,8,8,119,46,25.05,0.05,0,1,651
11959,388,8,9,125,45,28.37,0.05,0,1,651
11960,400,8,8,111,46,20.15,0.05,0,1,651
11961,337,9,9,121,38,30.48,0.05,0,1,651
11962,400,9,9,123,45,30.45,0.05,0,1,651
11963,400,9,9,130,44,32.8,0.05,0,1,651
11964,400,4,4,78,32,8.8,0.05,0,1,651
11965,400,5,5,117,46,23.35,0.05,0,1,651
11966,400,3,3,48,56,-15.6,0.05,0,1,651
11967,400,6,6,104,47,10.6,0.05,0,1,651
11968,400,9,9,132,44,33.15,0.05,0,1,651
11969,384,9,9,119,48,21.91,0.05,0,1,651
11970,400,9,9,117,44,33.25,0.05,0,1,651
11971,327,9,9,128,40,26.98,0.05,0,1,651
11972,339,8,9,120,40,29.61,0.05,0,1,651
11973,392,8,9,123,46,21.18,0.05,0,1,651
11974,335,9,9,111,37,33.1,0.05,0,1,651
11975,400,9,9,117,42,28.95,0.05,0,1,651
11976,370,8,9,125,41,33.15,0.05,0,1,651
11977,400,8,8,109,42,17.35,0.05,0,1,651
11978,400,9,9,126,39,24.75,0.05,0,1,651
11979,379,9,9,118,44,26.21,0.05,0,1,651
11980,399,9,9,120,45,26.06,0.05,0,1,651
11981,384,8,9,117,41,30.11,0.05,0,1,651
11982,395,8,9,123,46,23.95,0.05,0,1,651
11983,345,9,9,123,40,26.8,0.05,0,1,651
11984,400,4,4,71,22,14.35,0.05,0,1,651
11985,400,5,5,56,15,6.7,0.05,0,1,651
11986,400,5,5,89,52,4.85,0.05,0,1,651
11987,400,9,9,115,46,24.6,0.05,0,1,651
11988,400,9,9,108,47,26.9,0.05,0,1,651
11989,400,9,9,130,48,28.9,0.05,0,1,651
11990,367,9,9,129,42,31.33,0.05,0,1,651
11991,400,5,5,90,33,14.15,0.05,0,1,651
11992,400,7,7,122,49,18.75,0.05,0,1,651
11993,400,2,2,25,20,-7.2,0.05,0,1,651
11994,400,8,8,119,46,22.8,0.05,0,1,651
11995,350,9,9,119,39,26.05,0.05,0,1,651
11996,400,7,7,126,50,20.15,0.05,0,1,651
11997,400,9,9,109,46,27.1,0.05,0,1,651
11998,400,7,7,106,45,19.8,0.05,0,1,651
11999,349,9,9,123,42,30.81,0.05,0,1,651
12000,400,7,7,122,37,31.0,0.05,0,1,651
