episode,steps,score,coins,crates,bombs,reward,epsilon,killed_self,survived,weight_norm
1,400,12,12,0,0,2.15,0.9995,0,1,0.0246
2,400,13,13,0,0,3.05,0.999,0,1,0.0494
3,400,22,22,0,0,11.6,0.9986,0,1,0.0929
4,400,14,14,0,0,4.7,0.9981,0,1,0.1289
5,400,17,17,0,0,7.0,0.9976,0,1,0.1766
6,400,11,11,0,0,1.3,0.9971,0,1,0.2071
7,400,29,29,0,0,18.85,0.9967,0,1,0.2683
8,400,27,27,0,0,17.2,0.9962,0,1,0.3319
9,400,25,25,0,0,15.35,0.9957,0,1,0.3921
10,400,19,19,0,0,9.75,0.9952,0,1,0.4438
11,400,20,21,0,0,10.9,0.9948,0,1,0.4996
12,400,17,17,0,0,7.4,0.9943,0,1,0.5486
13,400,26,26,0,0,16.25,0.9938,0,1,0.6154
14,400,23,23,0,0,13.5,0.9933,0,1,0.6764
15,400,24,24,0,0,13.9,0.9929,0,1,0.7412
16,400,16,16,0,0,6.8,0.9924,0,1,0.7885
17,400,23,23,0,0,12.5,0.9919,0,1,0.8476
18,400,19,19,0,0,9.8,0.9915,0,1,0.8968
19,400,24,25,0,0,15.05,0.991,0,1,0.9614
20,400,25,25,0,0,15.45,0.9905,0,1,1.0212
21,400,25,25,0,0,15.7,0.99,0,1,1.0843
22,400,20,20,0,0,9.85,0.9896,0,1,1.1467
23,400,20,20,0,0,10.5,0.9891,0,1,1.2069
24,400,22,22,0,0,11.1,0.9886,0,1,1.2623
25,400,21,22,0,0,12.25,0.9881,0,1,1.3145
26,400,10,10,0,0,0.7,0.9877,0,1,1.3515
27,400,20,20,0,0,10.7,0.9872,0,1,1.4006
28,400,21,21,0,0,11.9,0.9867,0,1,1.4515
29,400,20,20,0,0,10.15,0.9862,0,1,1.5082
30,400,23,23,0,0,12.65,0.9858,0,1,1.5703
31,400,26,26,0,0,16.85,0.9853,0,1,1.6337
32,400,16,16,0,0,5.15,0.9848,0,1,1.6858
33,400,21,21,0,0,11.6,0.9843,0,1,1.7402
34,400,22,22,0,0,13.1,0.9839,0,1,1.7901
35,400,16,16,0,0,5.7,0.9834,0,1,1.8373
36,400,30,31,0,0,21.55,0.9829,0,1,1.9063
37,400,19,19,0,0,9.35,0.9824,0,1,1.9604
38,400,27,28,0,0,17.9,0.9819,0,1,2.0204
39,400,23,23,0,0,13.25,0.9815,0,1,2.0747
40,400,25,25,0,0,15.05,0.981,0,1,2.139
41,400,28,28,0,0,18.15,0.9805,0,1,2.1983
42,400,25,25,0,0,16.0,0.98,0,1,2.2639
43,400,22,22,0,0,12.25,0.9796,0,1,2.3166
44,400,29,29,0,0,19.65,0.9791,0,1,2.3832
45,400,22,22,0,0,12.95,0.9786,0,1,2.4394
46,400,25,25,0,0,16.2,0.9781,0,1,2.4964
47,400,17,17,0,0,6.45,0.9777,0,1,2.5441
48,400,19,19,0,0,9.75,0.9772,0,1,2.5864
49,400,14,14,0,0,4.55,0.9767,0,1,2.6251
50,400,14,14,0,0,5.0,0.9762,0,1,2.6687
51,400,27,27,0,0,17.85,0.9758,0,1,2.725
52,400,25,25,0,0,14.85,0.9753,0,1,2.7746
53,400,21,21,0,0,10.9,0.9748,0,1,2.8198
54,400,19,19,0,0,8.55,0.9744,0,1,2.8572
55,400,20,20,0,0,10.45,0.9739,0,1,2.9012
56,400,11,11,0,0,2.0,0.9734,0,1,2.9357
57,400,19,19,0,0,10.05,0.9729,0,1,2.9743
58,400,29,29,0,0,19.8,0.9725,0,1,3.0275
59,400,12,12,0,0,2.0,0.972,0,1,3.0615
60,400,21,21,0,0,11.25,0.9715,0,1,3.1001
61,400,21,21,0,0,11.1,0.971,0,1,3.1466
62,400,28,28,0,0,18.45,0.9706,0,1,3.1967
63,400,25,25,0,0,15.1,0.9701,0,1,3.2563
64,400,17,17,0,0,6.9,0.9696,0,1,3.2974
65,400,25,25,0,0,15.65,0.9691,0,1,3.3475
66,400,25,25,0,0,16.4,0.9687,0,1,3.4033
67,400,24,24,0,0,14.35,0.9682,0,1,3.4645
68,400,21,21,0,0,11.8,0.9677,0,1,3.5187
69,400,16,16,0,0,6.3,0.9672,0,1,3.5579
70,400,29,29,0,0,20.1,0.9667,0,1,3.6107
71,400,20,20,0,0,10.7,0.9663,0,1,3.6603
72,400,19,19,0,0,9.7,0.9658,0,1,3.7037
73,400,23,23,0,0,13.5,0.9653,0,1,3.7456
74,400,21,21,0,0,11.9,0.9648,0,1,3.7909
75,400,32,32,0,0,21.95,0.9644,0,1,3.8549
76,400,13,13,0,0,4.05,0.9639,0,1,3.894
77,400,27,27,0,0,17.3,0.9634,0,1,3.9447
78,400,24,24,0,0,13.95,0.9629,0,1,4.0
79,400,38,38,0,0,28.85,0.9625,0,1,4.0715
80,400,25,25,0,0,15.7,0.962,0,1,4.1363
81,400,22,22,0,0,12.8,0.9615,0,1,4.1948
82,400,13,13,0,0,3.5,0.961,0,1,4.227
83,400,26,26,0,0,16.45,0.9606,0,1,4.2888
84,400,26,26,0,0,15.95,0.9601,0,1,4.3407
85,400,17,17,0,0,8.35,0.9596,0,1,4.3894
86,400,19,19,0,0,9.1,0.9591,0,1,4.4341
87,400,16,16,0,0,6.45,0.9587,0,1,4.4809
88,400,28,28,0,0,19.5,0.9582,0,1,4.5375
89,400,19,19,0,0,9.5,0.9577,0,1,4.5795
90,400,26,26,0,0,16.55,0.9573,0,1,4.6155
91,400,27,27,0,0,17.2,0.9568,0,1,4.6716
92,400,26,26,0,0,16.2,0.9563,0,1,4.7205
93,400,30,30,0,0,21.0,0.9558,0,1,4.7739
94,400,35,35,0,0,26.0,0.9554,0,1,4.8376
95,400,13,13,0,0,3.85,0.9549,0,1,4.8853
96,400,20,20,0,0,10.35,0.9544,0,1,4.9298
97,400,22,22,0,0,12.8,0.9539,0,1,4.9779
98,400,34,34,0,0,24.45,0.9535,0,1,5.0408
99,400,29,29,0,0,19.95,0.953,0,1,5.107
100,400,31,31,0,0,21.85,0.9525,0,1,5.1703
101,400,26,26,0,0,17.15,0.952,0,1,5.2293
102,400,26,26,0,0,16.4,0.9516,0,1,5.2897
103,400,28,28,0,0,17.8,0.9511,0,1,5.3447
104,400,31,31,0,0,22.05,0.9506,0,1,5.4079
105,400,29,29,0,0,19.25,0.9501,0,1,5.4686
106,400,33,33,0,0,23.4,0.9496,0,1,5.5348
107,400,18,19,0,0,8.85,0.9492,0,1,5.5766
108,400,18,18,0,0,9.3,0.9487,0,1,5.6172
109,400,17,17,0,0,7.5,0.9482,0,1,5.6436
110,400,25,25,0,0,16.15,0.9477,0,1,5.6933
111,400,30,30,0,0,19.9,0.9473,0,1,5.752
112,400,24,24,0,0,14.35,0.9468,0,1,5.8096
113,400,25,25,0,0,15.5,0.9463,0,1,5.8695
114,400,20,20,0,0,10.25,0.9458,0,1,5.9247
115,400,30,30,0,0,20.35,0.9454,0,1,5.9769
116,400,20,20,0,0,10.7,0.9449,0,1,6.0174
117,400,21,21,0,0,11.35,0.9444,0,1,6.0617
118,400,29,29,0,0,19.0,0.9439,0,1,6.1116
119,400,30,31,0,0,22.3,0.9435,0,1,6.1575
120,400,26,26,0,0,16.55,0.943,0,1,6.1994
121,400,30,31,0,0,21.9,0.9425,0,1,6.2569
122,400,34,34,0,0,24.95,0.9421,0,1,6.3105
123,400,25,26,0,0,16.9,0.9416,0,1,6.371
124,400,27,27,0,0,17.8,0.9411,0,1,6.417
125,400,23,23,0,0,13.35,0.9406,0,1,6.4726
126,400,24,24,0,0,15.0,0.9402,0,1,6.5246
127,400,25,25,0,0,16.1,0.9397,0,1,6.5727
128,400,22,22,0,0,12.85,0.9392,0,1,6.6087
129,400,24,24,0,0,15.2,0.9387,0,1,6.6624
130,400,23,23,0,0,13.75,0.9383,0,1,6.6985
131,400,19,19,0,0,10.25,0.9378,0,1,6.7323
132,400,20,20,0,0,11.0,0.9373,0,1,6.7619
133,400,30,30,0,0,21.0,0.9368,0,1,6.8164
134,400,19,19,0,0,10.5,0.9364,0,1,6.8549
135,400,28,28,0,0,18.65,0.9359,0,1,6.9124
136,400,29,29,0,0,19.35,0.9354,0,1,6.9687
137,400,36,36,0,0,27.65,0.9349,0,1,7.0349
138,400,22,22,0,0,13.0,0.9345,0,1,7.0806
139,400,32,32,0,0,22.65,0.934,0,1,7.1431
140,400,25,25,0,0,15.25,0.9335,0,1,7.204
141,400,27,27,0,0,17.15,0.933,0,1,7.2686
142,400,17,17,0,0,7.2,0.9325,0,1,7.3167
143,400,32,32,0,0,22.35,0.9321,0,1,7.3718
144,400,25,25,0,0,15.6,0.9316,0,1,7.4172
145,400,31,31,0,0,22.15,0.9311,0,1,7.4818
146,400,33,33,0,0,24.05,0.9306,0,1,7.5376
147,400,18,18,0,0,8.4,0.9302,0,1,7.586
148,400,26,26,0,0,17.15,0.9297,0,1,7.6388
149,400,25,25,0,0,15.85,0.9292,0,1,7.6805
150,400,26,26,0,0,16.85,0.9287,0,1,7.7209
151,400,29,29,0,0,19.55,0.9283,0,1,7.7656
152,400,29,29,0,0,19.45,0.9278,0,1,7.8225
153,400,22,22,0,0,13.25,0.9273,0,1,7.8744
154,400,32,32,0,0,22.55,0.9268,0,1,7.9358
155,400,29,29,0,0,20.25,0.9264,0,1,7.9951
156,400,26,26,0,0,17.4,0.9259,0,1,8.0475
157,400,24,24,0,0,14.65,0.9254,0,1,8.098
158,400,33,33,0,0,24.15,0.925,0,1,8.1532
159,400,21,21,0,0,11.6,0.9245,0,1,8.198
160,400,37,37,0,0,28.15,0.924,0,1,8.2627
161,400,29,29,0,0,20.45,0.9235,0,1,8.3123
162,400,33,33,0,0,23.75,0.9231,0,1,8.3749
163,400,26,26,0,0,16.35,0.9226,0,1,8.43
164,400,32,32,0,0,22.4,0.9221,0,1,8.4885
165,400,31,31,0,0,21.8,0.9216,0,1,8.5506
166,400,24,24,0,0,14.85,0.9212,0,1,8.5982
167,400,25,25,0,0,15.0,0.9207,0,1,8.6391
168,400,34,34,0,0,24.55,0.9202,0,1,8.6948
169,400,14,14,0,0,4.5,0.9197,0,1,8.7291
170,400,32,32,0,0,21.7,0.9193,0,1,8.7782
171,400,28,28,0,0,18.5,0.9188,0,1,8.8358
172,400,29,29,0,0,20.55,0.9183,0,1,8.8973
173,400,26,26,0,0,17.5,0.9178,0,1,8.9413
174,400,28,28,0,0,18.7,0.9173,0,1,8.9842
175,400,30,30,0,0,21.15,0.9169,0,1,9.029
176,400,25,25,0,0,15.7,0.9164,0,1,9.0802
177,400,20,20,0,0,11.15,0.9159,0,1,9.1208
178,400,30,30,0,0,21.1,0.9154,0,1,9.1667
179,400,24,24,0,0,15.1,0.915,0,1,9.213
180,400,35,35,0,0,25.5,0.9145,0,1,9.2748
181,400,26,26,0,0,16.7,0.914,0,1,9.3185
182,400,31,31,0,0,22.1,0.9135,0,1,9.3647
183,400,31,31,0,0,21.4,0.9131,0,1,9.4175
184,400,28,28,0,0,19.85,0.9126,0,1,9.4609
185,400,20,20,0,0,10.5,0.9121,0,1,9.4971
186,400,28,28,0,0,18.55,0.9116,0,1,9.5342
187,400,32,33,0,0,24.15,0.9112,0,1,9.5681
188,400,26,26,0,0,16.9,0.9107,0,1,9.5976
189,400,32,32,0,0,22.75,0.9102,0,1,9.6398
190,400,39,39,0,0,29.75,0.9098,0,1,9.6947
191,400,29,29,0,0,20.1,0.9093,0,1,9.7366
192,400,25,25,0,0,16.15,0.9088,0,1,9.7736
193,400,40,40,0,0,30.65,0.9083,0,1,9.8349
194,400,25,25,0,0,16.2,0.9079,0,1,9.8912
195,400,20,20,0,0,10.75,0.9074,0,1,9.9201
196,400,36,36,0,0,26.1,0.9069,0,1,9.9663
197,400,23,23,0,0,14.0,0.9064,0,1,9.9996
198,400,28,28,0,0,18.8,0.906,0,1,10.0473
199,400,29,29,0,0,19.65,0.9055,0,1,10.0834
200,400,24,24,0,0,14.55,0.905,0,1,10.1271
201,400,32,32,0,0,22.8,0.9045,0,1,10.1812
202,400,35,35,0,0,26.1,0.9041,0,1,10.2273
203,400,27,27,0,0,17.8,0.9036,0,1,10.2612
204,400,26,26,0,0,17.6,0.9031,0,1,10.3
205,400,26,26,0,0,17.3,0.9026,0,1,10.3407
206,400,29,29,0,0,20.25,0.9022,0,1,10.3911
207,400,31,31,0,0,22.05,0.9017,0,1,10.4413
208,400,35,35,0,0,26.5,0.9012,0,1,10.48
209,400,20,21,0,0,11.4,0.9007,0,1,10.5168
210,400,36,36,0,0,27.0,0.9002,0,1,10.5625
211,400,22,22,0,0,12.75,0.8998,0,1,10.5943
212,400,19,19,0,0,9.9,0.8993,0,1,10.6232
213,400,25,25,0,0,15.6,0.8988,0,1,10.646
214,400,34,35,0,0,26.75,0.8983,0,1,10.6852
215,400,15,15,0,0,6.05,0.8979,0,1,10.7085
216,400,35,35,0,0,26.6,0.8974,0,1,10.747
217,400,27,27,0,0,17.5,0.8969,0,1,10.7749
218,400,22,22,0,0,13.1,0.8964,0,1,10.7939
219,400,26,26,0,0,16.85,0.896,0,1,10.829
220,400,30,30,0,0,20.45,0.8955,0,1,10.8723
221,400,29,29,0,0,20.45,0.895,0,1,10.9088
222,400,34,34,0,0,25.0,0.8945,0,1,10.9558
223,400,24,24,0,0,14.55,0.8941,0,1,10.9952
224,400,34,34,0,0,25.2,0.8936,0,1,11.0423
225,400,34,34,0,0,23.85,0.8931,0,1,11.0885
226,400,34,34,0,0,25.2,0.8926,0,1,11.1453
227,400,22,22,0,0,13.25,0.8922,0,1,11.1811
228,400,25,25,0,0,15.95,0.8917,0,1,11.2178
229,400,33,33,0,0,24.2,0.8912,0,1,11.2614
230,400,40,40,0,0,31.2,0.8908,0,1,11.3166
231,400,27,27,0,0,18.35,0.8903,0,1,11.3534
232,400,30,30,0,0,20.85,0.8898,0,1,11.3974
233,400,29,29,0,0,19.5,0.8893,0,1,11.4408
234,400,34,34,0,0,24.25,0.8889,0,1,11.4774
235,400,19,19,0,0,10.0,0.8884,0,1,11.5112
236,400,34,34,0,0,25.55,0.8879,0,1,11.5581
237,400,25,25,0,0,15.55,0.8874,0,1,11.5872
238,400,31,31,0,0,22.45,0.887,0,1,11.6224
239,400,39,39,0,0,31.05,0.8865,0,1,11.6678
240,400,30,30,0,0,21.05,0.886,0,1,11.7181
241,400,36,36,0,0,27.15,0.8855,0,1,11.7682
242,400,24,24,0,0,14.2,0.8851,0,1,11.8131
243,400,19,19,0,0,9.9,0.8846,0,1,11.836
244,400,38,38,0,0,28.75,0.8841,0,1,11.8765
245,400,25,25,0,0,15.9,0.8836,0,1,11.9084
246,400,35,35,0,0,26.3,0.8831,0,1,11.9516
247,400,32,32,0,0,23.2,0.8827,0,1,11.999
248,400,21,21,0,0,11.45,0.8822,0,1,12.0237
249,400,32,32,0,0,22.5,0.8817,0,1,12.0656
250,400,23,23,0,0,14.0,0.8812,0,1,12.0904
251,400,28,28,0,0,18.95,0.8808,0,1,12.1302
252,400,29,29,0,0,19.45,0.8803,0,1,12.1719
253,400,28,28,0,0,18.95,0.8798,0,1,12.2152
254,400,30,30,0,0,20.5,0.8793,0,1,12.2547
255,400,22,22,0,0,12.9,0.8789,0,1,12.2751
256,400,31,31,0,0,21.6,0.8784,0,1,12.3128
257,400,40,40,0,0,30.95,0.8779,0,1,12.3588
258,400,42,42,0,0,33.1,0.8775,0,1,12.4063
259,400,24,24,0,0,14.3,0.877,0,1,12.4372
260,400,34,34,0,0,24.3,0.8765,0,1,12.4693
261,400,36,36,0,0,27.2,0.876,0,1,12.5173
262,400,29,29,0,0,19.75,0.8756,0,1,12.5497
263,400,41,41,0,0,32.65,0.8751,0,1,12.5959
264,400,22,23,0,0,13.55,0.8746,0,1,12.6317
265,400,26,26,0,0,17.15,0.8741,0,1,12.6565
266,400,38,38,0,0,29.6,0.8737,0,1,12.6976
267,400,35,35,0,0,25.35,0.8732,0,1,12.7234
268,400,32,33,0,0,24.05,0.8727,0,1,12.7487
269,400,27,27,0,0,18.3,0.8722,0,1,12.7704
270,400,24,24,0,0,15.85,0.8718,0,1,12.7774
271,400,20,20,0,0,11.0,0.8713,0,1,12.7871
272,400,35,35,0,0,26.3,0.8708,0,1,12.8211
273,400,28,28,0,0,19.25,0.8703,0,1,12.8555
274,400,35,35,0,0,26.0,0.8699,0,1,12.8941
275,400,32,32,0,0,22.75,0.8694,0,1,12.9413
276,400,34,34,0,0,25.55,0.8689,0,1,12.9856
277,400,33,33,0,0,24.05,0.8684,0,1,13.0379
278,400,29,29,0,0,20.65,0.8679,0,1,13.0776
279,400,36,36,0,0,27.15,0.8675,0,1,13.1193
280,400,26,26,0,0,16.45,0.867,0,1,13.1599
281,400,40,40,0,0,31.3,0.8665,0,1,13.2099
282,400,38,38,0,0,30.0,0.866,0,1,13.2461
283,400,39,39,0,0,30.85,0.8656,0,1,13.2947
284,400,30,31,0,0,21.75,0.8651,0,1,13.3414
285,400,39,39,0,0,31.2,0.8646,0,1,13.3835
286,400,30,30,0,0,20.6,0.8641,0,1,13.4129
287,400,33,34,0,0,25.2,0.8637,0,1,13.4586
288,400,34,35,0,0,25.85,0.8632,0,1,13.4859
289,400,42,42,0,0,33.15,0.8627,0,1,13.5231
290,400,38,38,0,0,28.75,0.8622,0,1,13.557
291,400,35,35,0,0,26.15,0.8618,0,1,13.59
292,400,22,23,0,0,13.55,0.8613,0,1,13.6049
293,400,19,20,0,0,10.45,0.8608,0,1,13.6121
294,400,30,30,0,0,20.6,0.8603,0,1,13.6395
295,400,25,25,0,0,15.95,0.8599,0,1,13.6549
296,400,41,41,0,0,32.15,0.8594,0,1,13.6904
297,400,35,35,0,0,25.5,0.8589,0,1,13.7221
298,400,30,30,0,0,20.65,0.8585,0,1,13.7619
299,400,40,40,0,0,31.0,0.858,0,1,13.8144
300,400,29,29,0,0,20.2,0.8575,0,1,13.85
301,400,38,38,0,0,28.15,0.857,0,1,13.8814
302,400,26,26,0,0,16.95,0.8566,0,1,13.9066
303,400,39,39,0,0,30.15,0.8561,0,1,13.9546
304,400,33,33,0,0,23.85,0.8556,0,1,13.9941
305,400,32,32,0,0,23.45,0.8551,0,1,14.0292
306,400,36,36,0,0,27.6,0.8547,0,1,14.0687
307,400,33,33,0,0,23.95,0.8542,0,1,14.0953
308,400,32,32,0,0,23.35,0.8537,0,1,14.1312
309,400,35,35,0,0,26.6,0.8532,0,1,14.1737
310,400,32,32,0,0,22.45,0.8528,0,1,14.2137
311,400,35,35,0,0,26.15,0.8523,0,1,14.254
312,400,33,33,0,0,24.25,0.8518,0,1,14.2924
313,400,27,27,0,0,17.35,0.8513,0,1,14.318
314,400,33,33,0,0,23.4,0.8508,0,1,14.3485
315,400,25,25,0,0,15.85,0.8504,0,1,14.3647
316,400,33,33,0,0,23.3,0.8499,0,1,14.3997
317,400,31,31,0,0,21.9,0.8494,0,1,14.4372
318,400,22,22,0,0,12.85,0.8489,0,1,14.4653
319,400,38,38,0,0,29.15,0.8485,0,1,14.502
320,400,28,28,0,0,18.95,0.848,0,1,14.5428
321,400,28,28,0,0,19.15,0.8475,0,1,14.564
322,400,38,38,0,0,29.4,0.847,0,1,14.6015
323,400,37,37,0,0,28.65,0.8466,0,1,14.6468
324,400,38,38,0,0,29.0,0.8461,0,1,14.6896
325,400,27,27,0,0,18.3,0.8456,0,1,14.7293
326,400,35,35,0,0,26.1,0.8452,0,1,14.7615
327,400,26,26,0,0,16.55,0.8447,0,1,14.7843
328,400,32,32,0,0,22.85,0.8442,0,1,14.8152
329,400,32,32,0,0,25.0,0.8437,0,1,14.8512
330,400,42,42,0,0,33.95,0.8433,0,1,14.8876
331,400,37,38,0,0,29.85,0.8428,0,1,14.9293
332,400,33,33,0,0,24.95,0.8423,0,1,14.9664
333,400,28,28,0,0,19.15,0.8418,0,1,14.99
334,400,37,37,0,0,27.9,0.8414,0,1,15.0263
335,400,44,44,0,0,35.2,0.8409,0,1,15.0732
336,400,34,34,0,0,25.15,0.8404,0,1,15.1096
337,400,36,36,0,0,27.85,0.8399,0,1,15.1509
338,400,28,28,0,0,18.35,0.8395,0,1,15.1777
339,400,26,26,0,0,16.8,0.839,0,1,15.2093
340,400,38,38,0,0,28.25,0.8385,0,1,15.2397
341,400,39,39,0,0,30.3,0.838,0,1,15.2835
342,400,33,33,0,0,23.75,0.8376,0,1,15.3121
343,400,34,34,0,0,25.3,0.8371,0,1,15.3481
344,400,42,42,0,0,33.65,0.8366,0,1,15.3957
345,400,35,35,0,0,26.2,0.8361,0,1,15.4461
346,400,45,45,0,0,37.05,0.8357,0,1,15.4868
347,400,38,38,0,0,28.75,0.8352,0,1,15.5406
348,400,36,36,0,0,28.6,0.8347,0,1,15.5983
349,400,40,40,0,0,32.0,0.8342,0,1,15.636
350,400,39,39,0,0,29.9,0.8337,0,1,15.6892
351,400,42,42,0,0,32.75,0.8333,0,1,15.7304
352,400,30,30,0,0,21.75,0.8328,0,1,15.7714
353,400,42,42,0,0,33.15,0.8323,0,1,15.8197
354,400,41,41,0,0,31.4,0.8318,0,1,15.8752
355,400,37,37,0,0,28.5,0.8314,0,1,15.9148
356,400,37,37,0,0,28.05,0.8309,0,1,15.9554
357,400,33,33,0,0,24.0,0.8304,0,1,15.9983
358,400,33,33,0,0,24.65,0.8299,0,1,16.0363
359,400,45,45,0,0,36.5,0.8295,0,1,16.0876
360,400,31,31,0,0,21.1,0.829,0,1,16.1134
361,400,33,33,0,0,24.05,0.8285,0,1,16.1499
362,400,32,32,0,0,23.85,0.828,0,1,16.1916
363,400,35,35,0,0,26.3,0.8276,0,1,16.2393
364,400,24,24,0,0,15.0,0.8271,0,1,16.2616
365,400,35,35,0,0,26.9,0.8266,0,1,16.2975
366,400,36,36,0,0,26.6,0.8262,0,1,16.3316
367,400,40,40,0,0,31.2,0.8257,0,1,16.3555
368,400,42,42,0,0,33.8,0.8252,0,1,16.3964
369,400,31,31,0,0,22.65,0.8247,0,1,16.4348
370,400,37,37,0,0,27.9,0.8243,0,1,16.4705
371,400,39,39,0,0,29.85,0.8238,0,1,16.5034
372,400,37,37,0,0,28.45,0.8233,0,1,16.5343
373,400,35,35,0,0,26.8,0.8228,0,1,16.5735
374,400,40,40,0,0,31.65,0.8224,0,1,16.6239
375,400,34,34,0,0,24.8,0.8219,0,1,16.6682
376,400,43,43,0,0,34.5,0.8214,0,1,16.7206
377,400,43,43,0,0,34.35,0.8209,0,1,16.763
378,400,29,29,0,0,20.15,0.8205,0,1,16.7751
379,400,43,43,0,0,34.65,0.82,0,1,16.8002
380,400,39,39,0,0,30.2,0.8195,0,1,16.839
381,400,41,41,0,0,32.1,0.819,0,1,16.8807
382,400,41,41,0,0,32.6,0.8185,0,1,16.9224
383,400,30,30,0,0,21.45,0.8181,0,1,16.9433
384,400,38,38,0,0,29.15,0.8176,0,1,16.9719
385,400,42,42,0,0,33.45,0.8171,0,1,17.0057
386,400,28,28,0,0,19.7,0.8166,0,1,17.0245
387,400,37,37,0,0,27.95,0.8162,0,1,17.0638
388,400,49,49,0,0,40.25,0.8157,0,1,17.0965
389,400,38,38,0,0,29.65,0.8152,0,1,17.1304
390,400,38,39,0,0,30.95,0.8147,0,1,17.1532
391,400,24,24,0,0,15.45,0.8143,0,1,17.1601
392,400,40,40,0,0,31.35,0.8138,0,1,17.1913
393,400,40,40,0,0,31.25,0.8133,0,1,17.2309
394,400,41,41,0,0,32.7,0.8128,0,1,17.2689
395,400,42,42,0,0,33.15,0.8124,0,1,17.311
396,400,33,34,0,0,24.75,0.8119,0,1,17.3505
397,400,42,42,0,0,33.5,0.8114,0,1,17.3955
398,400,30,30,0,0,20.8,0.811,0,1,17.4287
399,400,45,45,0,0,36.3,0.8105,0,1,17.4615
400,400,37,38,0,0,29.25,0.81,0,1,17.4933
401,400,40,40,0,0,30.7,0.8095,0,1,17.5393
402,400,38,38,0,0,28.9,0.8091,0,1,17.584
403,400,44,44,0,0,35.05,0.8086,0,1,17.64
404,400,43,43,0,0,34.15,0.8081,0,1,17.6848
405,400,35,35,0,0,25.35,0.8076,0,1,17.7011
406,400,37,38,0,0,28.95,0.8072,0,1,17.7316
407,400,35,35,0,0,26.5,0.8067,0,1,17.7552
408,400,31,31,0,0,22.25,0.8062,0,1,17.7847
409,400,37,37,0,0,28.55,0.8057,0,1,17.811
410,400,26,26,0,0,16.75,0.8053,0,1,17.8223
411,400,38,38,0,0,29.4,0.8048,0,1,17.8569
412,400,45,45,0,0,36.45,0.8043,0,1,17.8918
413,400,38,38,0,0,28.3,0.8038,0,1,17.9333
414,400,34,35,0,0,26.05,0.8034,0,1,17.9644
415,400,39,39,0,0,30.85,0.8029,0,1,17.9928
416,400,41,41,0,0,32.1,0.8024,0,1,18.0344
417,400,38,38,0,0,29.45,0.8019,0,1,18.0567
418,400,36,36,0,0,27.45,0.8014,0,1,18.0783
419,400,39,39,0,0,30.65,0.801,0,1,18.1
420,400,37,37,0,0,28.25,0.8005,0,1,18.1325
421,400,46,46,0,0,37.35,0.8,0,1,18.1638
422,400,31,31,0,0,22.6,0.7995,0,1,18.1942
423,400,36,36,0,0,27.6,0.7991,0,1,18.2284
424,400,40,40,0,0,31.45,0.7986,0,1,18.267
425,400,35,35,0,0,25.95,0.7981,0,1,18.2931
426,400,35,35,0,0,27.35,0.7976,0,1,18.3089
427,400,44,44,0,0,35.55,0.7972,0,1,18.3348
428,400,35,35,0,0,26.4,0.7967,0,1,18.3613
429,400,23,23,0,0,14.05,0.7962,0,1,18.3589
430,400,39,39,0,0,30.35,0.7957,0,1,18.383
431,400,40,40,0,0,31.2,0.7953,0,1,18.4107
432,400,43,43,0,0,34.5,0.7948,0,1,18.4464
433,400,32,32,0,0,23.7,0.7943,0,1,18.4673
434,400,37,37,0,0,28.6,0.7938,0,1,18.484
435,400,35,35,0,0,26.7,0.7934,0,1,18.5117
436,400,28,28,0,0,19.1,0.7929,0,1,18.5193
437,400,44,44,0,0,35.55,0.7924,0,1,18.5387
438,400,31,32,0,0,23.8,0.792,0,1,18.55
439,400,42,42,0,0,33.75,0.7915,0,1,18.5582
440,400,18,18,0,0,9.4,0.791,0,1,18.5618
441,400,47,48,0,0,39.65,0.7905,0,1,18.585
442,400,49,49,0,0,39.8,0.7901,0,1,18.6034
443,400,36,36,0,0,27.1,0.7896,0,1,18.6311
444,400,29,29,0,0,19.85,0.7891,0,1,18.6459
445,400,29,29,0,0,21.15,0.7886,0,1,18.6575
446,400,44,44,0,0,35.95,0.7882,0,1,18.6802
447,400,41,41,0,0,32.4,0.7877,0,1,18.7206
448,400,32,32,0,0,24.0,0.7872,0,1,18.7363
449,400,39,40,0,0,31.25,0.7867,0,1,18.752
450,400,37,37,0,0,28.0,0.7863,0,1,18.7733
451,400,40,40,0,0,30.65,0.7858,0,1,18.7953
452,400,36,36,0,0,27.8,0.7853,0,1,18.8151
453,400,41,41,0,0,32.25,0.7848,0,1,18.8483
454,400,41,41,0,0,32.0,0.7843,0,1,18.8877
455,400,37,37,0,0,28.5,0.7839,0,1,18.9247
456,400,44,44,0,0,36.0,0.7834,0,1,18.9628
457,400,40,40,0,0,31.95,0.7829,0,1,19.0118
458,400,44,44,0,0,35.55,0.7824,0,1,19.0618
459,400,47,48,0,0,40.2,0.782,0,1,19.0999
460,400,39,39,0,0,30.3,0.7815,0,1,19.1326
461,400,44,44,0,0,36.0,0.781,0,1,19.1755
462,400,40,40,0,0,30.5,0.7805,0,1,19.2028
463,400,34,34,0,0,25.95,0.7801,0,1,19.2092
464,400,33,33,0,0,24.4,0.7796,0,1,19.2261
465,400,33,33,0,0,24.3,0.7791,0,1,19.224
466,400,35,35,0,0,25.55,0.7787,0,1,19.242
467,400,39,39,0,0,30.65,0.7782,0,1,19.2676
468,400,38,38,0,0,30.0,0.7777,0,1,19.3009
469,400,45,45,0,0,36.7,0.7772,0,1,19.3253
470,400,44,44,0,0,35.5,0.7768,0,1,19.3578
471,400,42,42,0,0,33.5,0.7763,0,1,19.3767
472,400,41,41,0,0,32.95,0.7758,0,1,19.3989
473,400,47,47,0,0,38.4,0.7753,0,1,19.432
474,400,42,42,0,0,33.55,0.7749,0,1,19.4542
475,400,42,42,0,0,33.15,0.7744,0,1,19.4763
476,400,44,44,0,0,35.6,0.7739,0,1,19.5099
477,400,41,41,0,0,33.0,0.7734,0,1,19.5324
478,400,44,44,0,0,35.35,0.773,0,1,19.5682
479,400,44,44,0,0,35.4,0.7725,0,1,19.5987
480,400,31,31,0,0,21.9,0.772,0,1,19.6087
481,400,38,38,0,0,29.7,0.7715,0,1,19.636
482,400,42,42,0,0,33.4,0.7711,0,1,19.6588
483,400,42,42,0,0,33.95,0.7706,0,1,19.6755
484,400,35,35,0,0,26.3,0.7701,0,1,19.6917
485,400,45,45,0,0,36.5,0.7696,0,1,19.7293
486,400,48,48,0,0,40.4,0.7692,0,1,19.7718
487,400,39,39,0,0,30.8,0.7687,0,1,19.8072
488,400,35,35,0,0,25.65,0.7682,0,1,19.8423
489,400,42,42,0,0,33.2,0.7677,0,1,19.8725
490,400,43,43,0,0,34.9,0.7672,0,1,19.8877
491,400,41,41,0,0,32.45,0.7668,0,1,19.9165
492,400,41,41,0,0,32.6,0.7663,0,1,19.9443
493,400,39,39,0,0,30.55,0.7658,0,1,19.9608
494,400,41,41,0,0,32.55,0.7653,0,1,19.9784
495,400,45,45,0,0,36.35,0.7649,0,1,20.0015
496,400,42,42,0,0,33.8,0.7644,0,1,20.0308
497,400,40,40,0,0,31.15,0.7639,0,1,20.0452
498,400,39,40,0,0,32.4,0.7634,0,1,20.0737
499,400,47,47,0,0,38.4,0.763,0,1,20.0956
500,400,39,39,0,0,30.9,0.7625,0,1,20.1233
501,400,46,46,0,0,37.3,0.762,0,1,20.1558
502,400,44,44,0,0,35.35,0.7615,0,1,20.1715
503,400,45,45,0,0,37.3,0.7611,0,1,20.1944
504,400,43,43,0,0,33.65,0.7606,0,1,20.2079
505,400,43,43,0,0,35.2,0.7601,0,1,20.2383
506,400,39,39,0,0,30.2,0.7597,0,1,20.2541
507,400,34,34,0,0,25.25,0.7592,0,1,20.2533
508,400,44,44,0,0,35.7,0.7587,0,1,20.2732
509,400,32,32,0,0,23.6,0.7582,0,1,20.2864
510,400,41,41,0,0,32.8,0.7578,0,1,20.3071
511,400,33,33,0,0,24.65,0.7573,0,1,20.3248
512,400,41,41,0,0,33.15,0.7568,0,1,20.3416
513,400,49,49,0,0,40.55,0.7563,0,1,20.3672
514,400,49,49,0,0,41.35,0.7559,0,1,20.4008
515,398,49,50,0,0,42.07,0.7554,0,1,20.4395
516,400,33,33,0,0,25.3,0.7549,0,1,20.4653
517,400,46,46,0,0,37.55,0.7544,0,1,20.495
518,400,47,47,0,0,38.45,0.754,0,1,20.5199
519,400,46,47,0,0,38.35,0.7535,0,1,20.5487
520,400,35,35,0,0,26.3,0.753,0,1,20.5602
521,400,47,47,0,0,38.55,0.7525,0,1,20.5864
522,400,42,42,0,0,33.4,0.752,0,1,20.6185
523,400,39,39,0,0,30.8,0.7516,0,1,20.6571
524,400,38,38,0,0,29.45,0.7511,0,1,20.6686
525,400,42,42,0,0,33.9,0.7506,0,1,20.6874
526,400,47,47,0,0,38.85,0.7501,0,1,20.7234
527,400,40,40,0,0,31.45,0.7497,0,1,20.7454
528,361,49,50,0,0,42.04,0.7492,0,1,20.7792
529,400,20,20,0,0,11.35,0.7487,0,1,20.7736
530,400,45,45,0,0,36.95,0.7483,0,1,20.7952
531,400,35,35,0,0,26.25,0.7478,0,1,20.8138
532,400,42,42,0,0,33.75,0.7473,0,1,20.8423
533,400,37,37,0,0,27.9,0.7468,0,1,20.866
534,400,41,41,0,0,32.35,0.7464,0,1,20.8794
535,400,48,48,0,0,39.7,0.7459,0,1,20.9014
536,400,40,40,0,0,31.1,0.7454,0,1,20.9255
537,400,36,37,0,0,28.7,0.7449,0,1,20.9377
538,400,41,41,0,0,32.1,0.7445,0,1,20.9461
539,400,40,40,0,0,31.1,0.744,0,1,20.9596
540,400,39,39,0,0,30.6,0.7435,0,1,20.9845
541,400,41,41,0,0,32.55,0.743,0,1,20.9983
542,400,36,36,0,0,27.05,0.7426,0,1,21.009
543,400,42,42,0,0,33.5,0.7421,0,1,21.0323
544,400,46,46,0,0,37.1,0.7416,0,1,21.0532
545,400,40,40,0,0,31.95,0.7411,0,1,21.0817
546,389,49,50,0,0,42.56,0.7407,0,1,21.1194
547,400,41,41,0,0,32.4,0.7402,0,1,21.1479
548,400,42,42,0,0,33.7,0.7397,0,1,21.1695
549,400,45,45,0,0,35.7,0.7392,0,1,21.1874
550,400,47,47,0,0,39.15,0.7388,0,1,21.206
551,400,44,45,0,0,36.45,0.7383,0,1,21.2429
552,400,46,46,0,0,37.85,0.7378,0,1,21.2666
553,400,49,49,0,0,39.9,0.7373,0,1,21.3067
554,400,47,47,0,0,39.2,0.7369,0,1,21.3406
555,400,47,47,0,0,38.6,0.7364,0,1,21.3792
556,400,49,49,0,0,41.0,0.7359,0,1,21.4212
557,400,46,46,0,0,38.65,0.7354,0,1,21.4508
558,400,45,45,0,0,36.7,0.7349,0,1,21.4726
559,355,49,50,0,0,43.0,0.7345,0,1,21.5064
560,400,48,48,0,0,39.75,0.734,0,1,21.5264
561,400,46,46,0,0,36.7,0.7335,0,1,21.5532
562,400,46,46,0,0,37.85,0.733,0,1,21.5849
563,400,43,43,0,0,33.35,0.7326,0,1,21.599
564,400,41,41,0,0,33.35,0.7321,0,1,21.6267
565,400,48,48,0,0,40.0,0.7316,0,1,21.6583
566,400,49,49,0,0,41.7,0.7311,0,1,21.6923
567,400,46,46,0,0,37.95,0.7307,0,1,21.7284
568,400,44,44,0,0,36.2,0.7302,0,1,21.7647
569,400,43,43,0,0,34.2,0.7297,0,1,21.7871
570,400,39,39,0,0,30.7,0.7292,0,1,21.7962
571,400,40,41,0,0,31.75,0.7288,0,1,21.8086
572,400,29,29,0,0,21.0,0.7283,0,1,21.8098
573,400,32,32,0,0,22.8,0.7278,0,1,21.8084
574,400,49,49,0,0,41.3,0.7274,0,1,21.8334
575,400,42,42,0,0,34.25,0.7269,0,1,21.8635
576,400,45,45,0,0,36.9,0.7264,0,1,21.8944
577,400,42,42,0,0,33.55,0.7259,0,1,21.9179
578,395,49,50,0,0,42.35,0.7255,0,1,21.9484
579,400,45,45,0,0,37.15,0.725,0,1,21.961
580,400,49,50,0,0,42.05,0.7245,0,1,21.9727
581,400,48,48,0,0,39.65,0.724,0,1,21.9881
582,400,41,41,0,0,32.45,0.7236,0,1,22.0151
583,400,41,41,0,0,32.8,0.7231,0,1,22.0376
584,400,45,45,0,0,36.2,0.7226,0,1,22.0482
585,400,48,48,0,0,39.9,0.7221,0,1,22.0685
586,350,49,50,0,0,43.15,0.7217,0,1,22.088
587,400,45,45,0,0,37.5,0.7212,0,1,22.1174
588,400,49,49,0,0,40.1,0.7207,0,1,22.1512
589,400,46,46,0,0,38.4,0.7202,0,1,22.1832
590,400,45,45,0,0,36.9,0.7198,0,1,22.2177
591,400,48,48,0,0,39.7,0.7193,0,1,22.2478
592,400,40,40,0,0,31.2,0.7188,0,1,22.2667
593,400,47,47,0,0,39.3,0.7183,0,1,22.2919
594,400,42,42,0,0,33.7,0.7179,0,1,22.3172
595,316,49,50,0,0,43.69,0.7174,0,1,22.3262
596,400,45,45,0,0,36.15,0.7169,0,1,22.3411
597,400,49,49,0,0,41.8,0.7164,0,1,22.365
598,400,46,46,0,0,37.6,0.716,0,1,22.3939
599,400,44,44,0,0,35.8,0.7155,0,1,22.4076
600,400,49,49,0,0,41.45,0.715,0,1,22.43
601,400,47,47,0,0,38.55,0.7145,0,1,22.4511
602,298,49,50,0,0,43.62,0.7141,0,1,22.474
603,400,46,46,0,0,38.3,0.7136,0,1,22.4882
604,400,45,46,0,0,37.65,0.7131,0,1,22.5029
605,400,46,46,0,0,37.7,0.7126,0,1,22.5035
606,400,48,48,0,0,39.5,0.7122,0,1,22.5161
607,400,45,46,0,0,38.2,0.7117,0,1,22.5359
608,400,49,49,0,0,41.35,0.7112,0,1,22.5443
609,400,48,49,0,0,40.8,0.7107,0,1,22.57
610,352,49,50,0,0,43.03,0.7103,0,1,22.5798
611,400,36,36,0,0,28.0,0.7098,0,1,22.5865
612,366,49,50,0,0,42.44,0.7093,0,1,22.6019
613,400,43,43,0,0,35.05,0.7088,0,1,22.6097
614,400,46,46,0,0,37.45,0.7084,0,1,22.6144
615,400,47,47,0,0,38.8,0.7079,0,1,22.6385
616,360,49,50,0,0,42.85,0.7074,0,1,22.6566
617,400,48,48,0,0,40.25,0.7069,0,1,22.6623
618,400,30,30,0,0,21.7,0.7065,0,1,22.6719
619,400,48,48,0,0,40.1,0.706,0,1,22.6781
620,400,46,46,0,0,37.4,0.7055,0,1,22.695
621,354,49,50,0,0,43.36,0.705,0,1,22.7219
622,395,49,50,0,0,41.75,0.7046,0,1,22.7423
623,400,46,47,0,0,39.2,0.7041,0,1,22.7548
624,400,44,44,0,0,36.15,0.7036,0,1,22.7688
625,400,46,46,0,0,37.3,0.7031,0,1,22.778
626,400,45,45,0,0,37.05,0.7026,0,1,22.7901
627,400,47,47,0,0,39.6,0.7022,0,1,22.8008
628,400,45,46,0,0,38.15,0.7017,0,1,22.8226
629,400,45,45,0,0,35.95,0.7012,0,1,22.833
630,400,46,46,0,0,37.85,0.7007,0,1,22.8481
631,400,42,42,0,0,33.8,0.7003,0,1,22.8685
632,400,49,49,0,0,41.05,0.6998,0,1,22.8954
633,400,46,46,0,0,37.65,0.6993,0,1,22.9153
634,400,48,48,0,0,39.75,0.6988,0,1,22.945
635,400,49,49,0,0,40.95,0.6984,0,1,22.9697
636,349,49,50,0,0,43.21,0.6979,0,1,22.9942
637,400,47,48,0,0,39.75,0.6974,0,1,23.0274
638,400,47,47,0,0,38.95,0.6969,0,1,23.0415
639,400,49,49,0,0,41.6,0.6965,0,1,23.0688
640,400,33,33,0,0,25.15,0.696,0,1,23.0805
641,400,42,42,0,0,33.65,0.6955,0,1,23.0994
642,400,47,47,0,0,38.9,0.695,0,1,23.1206
643,400,49,49,0,0,41.35,0.6946,0,1,23.1547
644,400,45,45,0,0,37.15,0.6941,0,1,23.1665
645,400,48,48,0,0,39.7,0.6936,0,1,23.1906
646,400,47,47,0,0,38.85,0.6931,0,1,23.2006
647,400,45,45,0,0,37.15,0.6927,0,1,23.2096
648,400,46,46,0,0,38.75,0.6922,0,1,23.2192
649,400,49,49,0,0,41.0,0.6917,0,1,23.2324
650,400,49,49,0,0,41.05,0.6913,0,1,23.2593
651,400,47,47,0,0,39.45,0.6908,0,1,23.2791
652,372,49,50,0,0,42.03,0.6903,0,1,23.3085
653,400,44,44,0,0,35.7,0.6898,0,1,23.3214
654,384,49,50,0,0,42.81,0.6894,0,1,23.3481
655,376,49,50,0,0,42.49,0.6889,0,1,23.3592
656,392,49,50,0,0,41.33,0.6884,0,1,23.3762
657,400,48,48,0,0,39.5,0.6879,0,1,23.3881
658,400,48,48,0,0,38.9,0.6875,0,1,23.4
659,380,49,50,0,0,42.4,0.687,0,1,23.4142
660,400,42,42,0,0,33.85,0.6865,0,1,23.4255
661,400,49,49,0,0,41.1,0.686,0,1,23.4369
662,400,33,33,0,0,24.2,0.6855,0,1,23.4318
663,400,47,47,0,0,38.7,0.6851,0,1,23.4433
664,336,49,50,0,0,43.39,0.6846,0,1,23.4534
665,400,49,49,0,0,40.75,0.6841,0,1,23.4758
666,400,48,48,0,0,39.6,0.6836,0,1,23.4943
667,400,46,46,0,0,37.45,0.6832,0,1,23.5016
668,350,49,50,0,0,43.0,0.6827,0,1,23.5231
669,400,47,47,0,0,39.85,0.6822,0,1,23.5314
670,400,44,44,0,0,35.45,0.6818,0,1,23.5381
671,292,49,50,0,0,44.23,0.6813,0,1,23.5474
672,400,42,42,0,0,34.45,0.6808,0,1,23.5505
673,344,49,50,0,0,43.56,0.6803,0,1,23.5698
674,400,43,43,0,0,35.05,0.6799,0,1,23.573
675,400,48,48,0,0,40.4,0.6794,0,1,23.5823
676,400,44,44,0,0,35.8,0.6789,0,1,23.5881
677,400,35,35,0,0,26.1,0.6784,0,1,23.5819
678,400,30,30,0,0,21.1,0.678,0,1,23.5713
679,400,40,40,0,0,31.6,0.6775,0,1,23.5682
680,400,35,35,0,0,26.45,0.677,0,1,23.5557
681,400,39,39,0,0,29.9,0.6765,0,1,23.5547
682,400,44,44,0,0,35.45,0.6761,0,1,23.5519
683,400,49,49,0,0,40.3,0.6756,0,1,23.5569
684,400,49,49,0,0,41.0,0.6751,0,1,23.5692
685,400,45,45,0,0,36.35,0.6746,0,1,23.5902
686,309,49,50,0,0,43.96,0.6742,0,1,23.6068
687,400,45,45,0,0,38.05,0.6737,0,1,23.608
688,333,49,50,0,0,43.72,0.6732,0,1,23.6201
689,400,49,49,0,0,41.45,0.6727,0,1,23.6335
690,400,49,49,0,0,41.75,0.6723,0,1,23.6505
691,400,48,48,0,0,39.4,0.6718,0,1,23.6765
692,306,49,50,0,0,43.84,0.6713,0,1,23.6968
693,302,49,50,0,0,44.73,0.6708,0,1,23.7084
694,400,45,45,0,0,37.35,0.6704,0,1,23.707
695,356,49,50,0,0,43.59,0.6699,0,1,23.7097
696,400,46,46,0,0,38.35,0.6694,0,1,23.7053
697,400,39,39,0,0,30.8,0.6689,0,1,23.7006
698,400,49,49,0,0,40.15,0.6684,0,1,23.7094
699,400,43,43,0,0,33.75,0.668,0,1,23.7043
700,400,47,47,0,0,38.55,0.6675,0,1,23.7063
701,400,45,45,0,0,35.55,0.667,0,1,23.7094
702,388,49,50,0,0,42.57,0.6665,0,1,23.7267
703,400,49,49,0,0,39.85,0.6661,0,1,23.7263
704,390,49,50,0,0,42.85,0.6656,0,1,23.7311
705,400,49,49,0,0,41.1,0.6651,0,1,23.735
706,397,49,50,0,0,41.93,0.6646,0,1,23.7438
707,369,49,50,0,0,42.46,0.6642,0,1,23.7488
708,400,39,39,0,0,30.3,0.6637,0,1,23.7435
709,400,44,44,0,0,36.85,0.6632,0,1,23.7399
710,400,48,48,0,0,39.95,0.6627,0,1,23.7453
711,400,48,48,0,0,39.5,0.6623,0,1,23.7664
712,390,49,50,0,0,41.35,0.6618,0,1,23.7815
713,400,44,44,0,0,35.15,0.6613,0,1,23.803
714,375,49,50,0,0,42.85,0.6609,0,1,23.8223
715,388,49,50,0,0,42.87,0.6604,0,1,23.8395
716,400,42,42,0,0,32.85,0.6599,0,1,23.8263
717,400,47,47,0,0,38.25,0.6594,0,1,23.8342
718,390,49,50,0,0,41.8,0.659,0,1,23.857
719,400,48,49,0,0,41.1,0.6585,0,1,23.8804
720,400,45,45,0,0,36.6,0.658,0,1,23.8909
721,325,49,50,0,0,43.25,0.6575,0,1,23.896
722,400,46,46,0,0,36.9,0.6571,0,1,23.9138
723,400,48,48,0,0,39.6,0.6566,0,1,23.9285
724,400,49,49,0,0,41.35,0.6561,0,1,23.938
725,307,49,50,0,0,43.78,0.6556,0,1,23.9564
726,384,49,50,0,0,42.61,0.6552,0,1,23.9616
727,400,46,46,0,0,38.25,0.6547,0,1,23.9692
728,394,49,50,0,0,42.56,0.6542,0,1,23.9871
729,377,49,50,0,0,42.83,0.6537,0,1,23.9967
730,400,40,40,0,0,30.8,0.6532,0,1,23.9864
731,400,45,45,0,0,37.95,0.6528,0,1,23.9876
732,365,49,50,0,0,43.25,0.6523,0,1,24.0039
733,400,33,33,0,0,24.8,0.6518,0,1,24.0026
734,316,49,50,0,0,43.89,0.6514,0,1,24.0172
735,341,49,50,0,0,43.44,0.6509,0,1,24.0273
736,400,47,47,0,0,39.15,0.6504,0,1,24.032
737,400,47,47,0,0,39.35,0.6499,0,1,24.0382
738,400,48,48,0,0,41.1,0.6495,0,1,24.0498
739,400,49,49,0,0,40.15,0.649,0,1,24.0599
740,400,46,46,0,0,38.0,0.6485,0,1,24.0895
741,400,49,49,0,0,40.8,0.648,0,1,24.1011
742,266,49,50,0,0,45.14,0.6476,0,1,24.1229
743,381,49,50,0,0,42.29,0.6471,0,1,24.1299
744,400,49,49,0,0,40.3,0.6466,0,1,24.1347
745,400,46,46,0,0,38.35,0.6461,0,1,24.1492
746,400,47,47,0,0,39.9,0.6457,0,1,24.1645
747,360,49,50,0,0,43.35,0.6452,0,1,24.1727
748,400,47,47,0,0,39.15,0.6447,0,1,24.1926
749,383,49,50,0,0,42.87,0.6442,0,1,24.2008
750,398,49,50,0,0,42.47,0.6438,0,1,24.216
751,400,42,42,0,0,34.0,0.6433,0,1,24.2123
752,285,49,50,0,0,44.8,0.6428,0,1,24.2257
753,384,49,50,0,0,43.41,0.6423,0,1,24.2245
754,395,49,50,0,0,41.65,0.6419,0,1,24.2211
755,372,49,50,0,0,42.33,0.6414,0,1,24.2211
756,314,49,50,0,0,44.11,0.6409,0,1,24.2258
757,382,49,50,0,0,43.08,0.6404,0,1,24.2341
758,400,48,48,0,0,39.4,0.64,0,1,24.2297
759,400,49,49,0,0,40.45,0.6395,0,1,24.2365
760,355,49,50,0,0,43.4,0.639,0,1,24.2531
761,347,49,50,0,0,43.13,0.6385,0,1,24.2488
762,400,48,48,0,0,39.45,0.6381,0,1,24.2494
763,400,48,48,0,0,39.45,0.6376,0,1,24.2515
764,286,49,50,0,0,44.79,0.6371,0,1,24.261
765,400,46,46,0,0,38.25,0.6366,0,1,24.2576
766,400,43,43,0,0,35.9,0.6361,0,1,24.2623
767,400,45,45,0,0,37.35,0.6357,0,1,24.2667
768,400,48,48,0,0,40.45,0.6352,0,1,24.2706
769,390,49,50,0,0,41.25,0.6347,0,1,24.2702
770,400,49,49,0,0,40.0,0.6342,0,1,24.2725
771,281,49,50,0,0,45.14,0.6338,0,1,24.2855
772,400,49,49,0,0,40.85,0.6333,0,1,24.2775
773,400,45,45,0,0,36.3,0.6328,0,1,24.2843
774,243,49,50,0,0,45.77,0.6323,0,1,24.2915
775,400,47,47,0,0,39.45,0.6319,0,1,24.3
776,307,49,50,0,0,44.03,0.6314,0,1,24.3048
777,376,49,50,0,0,42.59,0.6309,0,1,24.3064
778,400,49,49,0,0,40.85,0.6304,0,1,24.3058
779,321,49,50,0,0,43.89,0.63,0,1,24.3086
780,400,48,48,0,0,40.35,0.6295,0,1,24.311
781,400,44,44,0,0,34.75,0.629,0,1,24.3209
782,400,49,49,0,0,41.35,0.6285,0,1,24.3211
783,255,49,50,0,0,45.55,0.6281,0,1,24.3197
784,355,49,50,0,0,42.55,0.6276,0,1,24.3352
785,310,49,50,0,0,43.25,0.6271,0,1,24.3417
786,400,43,43,0,0,34.7,0.6266,0,1,24.352
787,400,47,47,0,0,39.45,0.6262,0,1,24.3532
788,379,49,50,0,0,42.26,0.6257,0,1,24.3616
789,400,42,43,0,0,34.55,0.6252,0,1,24.3663
790,400,35,35,0,0,26.25,0.6248,0,1,24.3585
791,400,49,49,0,0,40.8,0.6243,0,1,24.3662
792,322,49,50,0,0,44.13,0.6238,0,1,24.378
793,331,49,50,0,0,43.59,0.6233,0,1,24.3881
794,400,49,49,0,0,40.15,0.6229,0,1,24.379
795,345,49,50,0,0,43.45,0.6224,0,1,24.3839
796,400,49,49,0,0,40.9,0.6219,0,1,24.3884
797,400,49,49,0,0,39.8,0.6214,0,1,24.3918
798,400,49,49,0,0,41.45,0.621,0,1,24.4027
799,298,49,50,0,0,44.72,0.6205,0,1,24.4233
800,400,44,44,0,0,36.1,0.62,0,1,24.4354
801,381,49,50,0,0,42.99,0.6195,0,1,24.4456
802,400,47,47,0,0,39.8,0.619,0,1,24.4428
803,400,47,47,0,0,38.5,0.6186,0,1,24.4539
804,400,47,47,0,0,39.4,0.6181,0,1,24.4533
805,380,49,50,0,0,42.65,0.6176,0,1,24.4696
806,400,49,49,0,0,42.45,0.6171,0,1,24.46
807,400,48,48,0,0,40.45,0.6167,0,1,24.462
808,400,49,49,0,0,41.45,0.6162,0,1,24.4613
809,400,49,49,0,0,41.2,0.6157,0,1,24.4747
810,370,49,50,0,0,43.45,0.6153,0,1,24.4724
811,400,45,45,0,0,37.5,0.6148,0,1,24.4767
812,400,49,49,0,0,40.15,0.6143,0,1,24.485
813,352,49,50,0,0,42.58,0.6138,0,1,24.4986
814,377,49,50,0,0,42.03,0.6134,0,1,24.5056
815,309,49,50,0,0,44.36,0.6129,0,1,24.5127
816,374,49,50,0,0,43.61,0.6124,0,1,24.5062
817,326,49,50,0,0,43.59,0.6119,0,1,24.5034
818,350,49,50,0,0,43.15,0.6115,0,1,24.4943
819,400,49,49,0,0,41.7,0.611,0,1,24.5014
820,400,46,46,0,0,37.25,0.6105,0,1,24.4855
821,400,49,49,0,0,40.85,0.61,0,1,24.4894
822,360,49,50,0,0,43.45,0.6096,0,1,24.4907
823,400,48,48,0,0,40.6,0.6091,0,1,24.4953
824,400,37,37,0,0,29.4,0.6086,0,1,24.4852
825,313,49,50,0,0,44.02,0.6081,0,1,24.4977
826,338,49,50,0,0,43.02,0.6077,0,1,24.5042
827,400,49,49,0,0,41.15,0.6072,0,1,24.502
828,359,49,50,0,0,43.06,0.6067,0,1,24.506
829,350,49,50,0,0,44.05,0.6062,0,1,24.5073
830,400,48,48,0,0,40.3,0.6058,0,1,24.5065
831,400,46,46,0,0,38.25,0.6053,0,1,24.5003
832,344,49,50,0,0,43.86,0.6048,0,1,24.5036
833,400,47,47,0,0,39.45,0.6043,0,1,24.4939
834,279,49,50,0,0,44.91,0.6038,0,1,24.4976
835,267,49,50,0,0,44.73,0.6034,0,1,24.4973
836,323,49,50,0,0,43.77,0.6029,0,1,24.5046
837,246,49,50,0,0,45.19,0.6024,0,1,24.5058
838,400,45,45,0,0,36.75,0.6019,0,1,24.4995
839,400,46,46,0,0,38.3,0.6015,0,1,24.5041
840,400,41,41,0,0,32.25,0.601,0,1,24.4844
841,400,45,45,0,0,36.2,0.6005,0,1,24.4861
842,400,42,42,0,0,33.95,0.6,0,1,24.4847
843,400,40,40,0,0,31.7,0.5996,0,1,24.4767
844,400,49,49,0,0,40.0,0.5991,0,1,24.4764
845,345,49,50,0,0,44.45,0.5986,0,1,24.4784
846,296,49,50,0,0,44.99,0.5981,0,1,24.4911
847,301,49,50,0,0,44.79,0.5977,0,1,24.5002
848,306,49,50,0,0,44.94,0.5972,0,1,24.5079
849,400,49,49,0,0,41.35,0.5967,0,1,24.5077
850,367,49,50,0,0,42.93,0.5962,0,1,24.5055
851,292,49,50,0,0,44.33,0.5958,0,1,24.5092
852,313,49,50,0,0,44.02,0.5953,0,1,24.5213
853,308,49,50,0,0,44.47,0.5948,0,1,24.5168
854,281,49,50,0,0,44.89,0.5944,0,1,24.521
855,400,45,45,0,0,36.45,0.5939,0,1,24.5119
856,400,48,48,0,0,39.55,0.5934,0,1,24.4987
857,290,49,50,0,0,44.85,0.5929,0,1,24.5025
858,400,44,44,0,0,35.45,0.5925,0,1,24.4931
859,400,49,49,0,0,42.15,0.592,0,1,24.4824
860,400,49,49,0,0,41.25,0.5915,0,1,24.4827
861,226,49,50,0,0,45.99,0.591,0,1,24.4852
862,400,49,49,0,0,40.3,0.5906,0,1,24.4866
863,400,48,48,0,0,39.9,0.5901,0,1,24.4959
864,311,49,50,0,0,44.89,0.5896,0,1,24.5013
865,254,49,50,0,0,46.21,0.5891,0,1,24.5052
866,308,49,50,0,0,44.67,0.5887,0,1,24.5079
867,372,49,50,0,0,42.98,0.5882,0,1,24.5089
868,400,43,43,0,0,36.1,0.5877,0,1,24.4991
869,293,49,50,0,0,45.02,0.5872,0,1,24.5068
870,271,49,50,0,0,45.49,0.5867,0,1,24.5057
871,318,49,50,0,0,44.02,0.5863,0,1,24.5117
872,400,48,48,0,0,39.85,0.5858,0,1,24.4953
873,305,49,50,0,0,43.05,0.5853,0,1,24.4938
874,400,49,49,0,0,40.6,0.5849,0,1,24.5
875,400,49,49,0,0,40.5,0.5844,0,1,24.4989
876,400,49,49,0,0,40.85,0.5839,0,1,24.5006
877,291,49,50,0,0,44.29,0.5834,0,1,24.5027
878,328,49,50,0,0,43.42,0.583,0,1,24.5154
879,323,49,50,0,0,43.87,0.5825,0,1,24.5105
880,345,49,50,0,0,43.6,0.582,0,1,24.5157
881,306,49,50,0,0,43.89,0.5815,0,1,24.519
882,310,49,50,0,0,44.35,0.5811,0,1,24.5158
883,400,46,46,0,0,37.2,0.5806,0,1,24.5104
884,400,49,49,0,0,39.35,0.5801,0,1,24.4973
885,253,49,50,0,0,45.17,0.5796,0,1,24.4963
886,322,49,50,0,0,43.93,0.5792,0,1,24.5044
887,349,49,50,0,0,42.86,0.5787,0,1,24.5107
888,395,49,50,0,0,42.15,0.5782,0,1,24.5105
889,345,49,50,0,0,43.9,0.5777,0,1,24.5088
890,380,49,50,0,0,42.85,0.5773,0,1,24.4959
891,400,48,48,0,0,40.0,0.5768,0,1,24.4977
892,400,48,48,0,0,40.95,0.5763,0,1,24.4893
893,336,49,50,0,0,43.59,0.5758,0,1,24.4854
894,302,49,50,0,0,44.03,0.5754,0,1,24.4805
895,295,49,50,0,0,44.5,0.5749,0,1,24.4932
896,287,49,50,0,0,45.53,0.5744,0,1,24.5033
897,319,49,50,0,0,43.11,0.5739,0,1,24.4985
898,400,46,46,0,0,37.4,0.5735,0,1,24.4966
899,321,49,50,0,0,43.79,0.573,0,1,24.4986
900,400,49,50,0,0,41.85,0.5725,0,1,24.5051
901,311,49,50,0,0,42.64,0.572,0,1,24.5065
902,290,49,50,0,0,44.65,0.5716,0,1,24.5025
903,376,49,50,0,0,44.09,0.5711,0,1,24.5081
904,294,49,50,0,0,45.11,0.5706,0,1,24.5051
905,400,45,45,0,0,37.1,0.5701,0,1,24.5009
906,320,49,50,0,0,44.15,0.5696,0,1,24.4965
907,244,49,50,0,0,45.51,0.5692,0,1,24.4975
908,368,49,50,0,0,43.42,0.5687,0,1,24.4983
909,400,43,43,0,0,34.85,0.5682,0,1,24.4878
910,246,49,50,0,0,45.94,0.5677,0,1,24.4968
911,400,45,45,0,0,38.6,0.5673,0,1,24.4959
912,328,49,50,0,0,44.12,0.5668,0,1,24.5103
913,298,49,50,0,0,44.17,0.5663,0,1,24.5177
914,287,49,50,0,0,44.83,0.5658,0,1,24.514
915,400,49,49,0,0,41.4,0.5654,0,1,24.5069
916,396,49,50,0,0,42.24,0.5649,0,1,24.5125
917,400,47,47,0,0,37.7,0.5644,0,1,24.5107
918,288,49,50,0,0,44.47,0.5639,0,1,24.5062
919,278,49,50,0,0,45.57,0.5635,0,1,24.5001
920,262,49,50,0,0,45.03,0.563,0,1,24.4979
921,400,29,29,0,0,21.45,0.5625,0,1,24.4809
922,290,49,50,0,0,44.3,0.562,0,1,24.4818
923,400,49,49,0,0,41.65,0.5616,0,1,24.4597
924,400,43,43,0,0,35.05,0.5611,0,1,24.4522
925,248,49,50,0,0,45.87,0.5606,0,1,24.45
926,400,46,46,0,0,38.5,0.5601,0,1,24.4599
927,388,49,50,0,0,42.82,0.5597,0,1,24.4577
928,400,49,49,0,0,41.7,0.5592,0,1,24.457
929,318,49,50,0,0,44.87,0.5587,0,1,24.4504
930,400,49,49,0,0,40.85,0.5583,0,1,24.4437
931,272,49,50,0,0,45.03,0.5578,0,1,24.4451
932,306,49,50,0,0,44.09,0.5573,0,1,24.4544
933,317,49,50,0,0,44.23,0.5568,0,1,24.4446
934,294,49,50,0,0,44.36,0.5564,0,1,24.4554
935,296,49,50,0,0,43.64,0.5559,0,1,24.4586
936,318,49,50,0,0,44.17,0.5554,0,1,24.459
937,297,49,50,0,0,44.93,0.5549,0,1,24.452
938,283,49,50,0,0,45.37,0.5545,0,1,24.4473
939,400,48,48,0,0,40.1,0.554,0,1,24.4391
940,400,49,49,0,0,42.0,0.5535,0,1,24.4439
941,196,49,50,0,0,46.89,0.553,0,1,24.4383
942,400,49,49,0,0,42.7,0.5526,0,1,24.4443
943,347,49,50,0,0,43.43,0.5521,0,1,24.4369
944,400,35,35,0,0,26.45,0.5516,0,1,24.4217
945,318,49,50,0,0,44.37,0.5511,0,1,24.4241
946,256,49,50,0,0,44.99,0.5507,0,1,24.4178
947,280,49,50,0,0,44.5,0.5502,0,1,24.4223
948,317,49,50,0,0,44.03,0.5497,0,1,24.4127
949,379,49,50,0,0,42.76,0.5492,0,1,24.4152
950,400,49,49,0,0,38.9,0.5488,0,1,24.4022
951,250,49,50,0,0,46.25,0.5483,0,1,24.4074
952,400,48,48,0,0,40.15,0.5478,0,1,24.4062
953,263,49,50,0,0,45.37,0.5473,0,1,24.4063
954,317,49,50,0,0,44.58,0.5469,0,1,24.4095
955,316,49,50,0,0,44.79,0.5464,0,1,24.4064
956,321,49,50,0,0,44.19,0.5459,0,1,24.4055
957,382,49,50,0,0,43.23,0.5454,0,1,24.4022
958,400,48,48,0,0,39.75,0.545,0,1,24.3932
959,294,49,50,0,0,44.81,0.5445,0,1,24.3927
960,400,48,48,0,0,40.6,0.544,0,1,24.3934
961,400,48,48,0,0,41.0,0.5435,0,1,24.4003
962,400,49,49,0,0,41.4,0.5431,0,1,24.3984
963,280,49,50,0,0,45.25,0.5426,0,1,24.4002
964,337,49,50,0,0,44.03,0.5421,0,1,24.3971
965,400,48,48,0,0,40.5,0.5416,0,1,24.3895
966,400,49,49,0,0,41.9,0.5412,0,1,24.3949
967,252,49,50,0,0,45.63,0.5407,0,1,24.4021
968,238,49,50,0,0,45.67,0.5402,0,1,24.3979
969,400,48,48,0,0,37.8,0.5397,0,1,24.3881
970,241,49,50,0,0,45.54,0.5393,0,1,24.3986
971,310,49,50,0,0,44.4,0.5388,0,1,24.4026
972,360,49,50,0,0,42.85,0.5383,0,1,24.4005
973,400,49,49,0,0,40.45,0.5378,0,1,24.3948
974,264,49,50,0,0,45.51,0.5373,0,1,24.3984
975,288,49,50,0,0,44.57,0.5369,0,1,24.4009
976,400,46,46,0,0,38.9,0.5364,0,1,24.3992
977,333,49,50,0,0,44.57,0.5359,0,1,24.4092
978,268,49,50,0,0,45.27,0.5354,0,1,24.4153
979,270,49,50,0,0,44.9,0.535,0,1,24.4201
980,269,49,50,0,0,45.41,0.5345,0,1,24.4211
981,298,49,50,0,0,45.17,0.534,0,1,24.422
982,363,49,50,0,0,43.82,0.5335,0,1,24.4187
983,275,49,50,0,0,45.2,0.5331,0,1,24.4205
984,254,49,50,0,0,45.76,0.5326,0,1,24.4179
985,400,47,47,0,0,39.45,0.5321,0,1,24.3984
986,226,49,50,0,0,46.29,0.5316,0,1,24.405
987,244,49,50,0,0,46.11,0.5312,0,1,24.4099
988,225,49,50,0,0,45.45,0.5307,0,1,24.4061
989,400,49,49,0,0,40.0,0.5302,0,1,24.3958
990,281,49,50,0,0,45.19,0.5297,0,1,24.4026
991,269,49,50,0,0,45.31,0.5293,0,1,24.4094
992,263,49,50,0,0,45.17,0.5288,0,1,24.4045
993,284,49,50,0,0,43.91,0.5283,0,1,24.4009
994,233,49,50,0,0,45.97,0.5279,0,1,24.4092
995,247,49,50,0,0,45.83,0.5274,0,1,24.4151
996,270,49,50,0,0,45.3,0.5269,0,1,24.4195
997,320,49,50,0,0,43.85,0.5264,0,1,24.4187
998,400,47,47,0,0,39.05,0.526,0,1,24.403
999,293,49,50,0,0,44.67,0.5255,0,1,24.4051
1000,400,41,41,0,0,33.95,0.525,0,1,24.3868
1001,400,49,49,0,0,41.6,0.5245,0,1,24.3852
1002,354,49,50,0,0,43.86,0.5241,0,1,24.3809
1003,400,49,49,0,0,39.1,0.5236,0,1,24.3727
1004,400,46,46,0,0,39.0,0.5231,0,1,24.3648
1005,400,45,45,0,0,37.7,0.5226,0,1,24.3521
1006,287,49,50,0,0,44.33,0.5222,0,1,24.3529
1007,224,49,50,0,0,46.31,0.5217,0,1,24.3578
1008,258,49,50,0,0,45.67,0.5212,0,1,24.3601
1009,321,49,50,0,0,43.74,0.5207,0,1,24.3657
1010,400,49,50,0,0,42.05,0.5203,0,1,24.3631
1011,400,49,49,0,0,41.7,0.5198,0,1,24.355
1012,400,49,49,0,0,41.65,0.5193,0,1,24.3539
1013,232,49,50,0,0,46.48,0.5188,0,1,24.3642
1014,400,43,43,0,0,36.75,0.5184,0,1,24.352
1015,322,49,50,0,0,44.38,0.5179,0,1,24.3623
1016,287,49,50,0,0,45.08,0.5174,0,1,24.3672
1017,400,45,45,0,0,37.85,0.5169,0,1,24.3532
1018,328,49,50,0,0,44.47,0.5165,0,1,24.3511
1019,400,39,39,0,0,32.45,0.516,0,1,24.3363
1020,400,48,48,0,0,41.3,0.5155,0,1,24.3346
1021,264,49,50,0,0,45.51,0.515,0,1,24.3321
1022,239,49,50,0,0,45.56,0.5146,0,1,24.3423
1023,243,49,50,0,0,45.97,0.5141,0,1,24.3507
1024,275,49,50,0,0,44.35,0.5136,0,1,24.3464
1025,360,49,50,0,0,42.85,0.5131,0,1,24.3427
1026,383,49,50,0,0,43.87,0.5127,0,1,24.3402
1027,319,49,50,0,0,43.81,0.5122,0,1,24.3377
1028,344,49,50,0,0,43.01,0.5117,0,1,24.3397
1029,289,49,50,0,0,44.61,0.5112,0,1,24.3362
1030,284,49,50,0,0,44.91,0.5108,0,1,24.3375
1031,350,49,50,0,0,43.1,0.5103,0,1,24.3459
1032,241,49,50,0,0,45.89,0.5098,0,1,24.3443
1033,342,49,50,0,0,42.88,0.5093,0,1,24.3478
1034,400,34,34,0,0,26.65,0.5089,0,1,24.3362
1035,400,49,49,0,0,41.4,0.5084,0,1,24.3304
1036,228,49,50,0,0,46.22,0.5079,0,1,24.3381
1037,283,49,50,0,0,44.67,0.5074,0,1,24.3359
1038,233,49,50,0,0,45.82,0.507,0,1,24.3439
1039,258,49,50,0,0,45.57,0.5065,0,1,24.34
1040,299,49,50,0,0,44.81,0.506,0,1,24.343
1041,271,49,50,0,0,45.29,0.5055,0,1,24.3438
1042,286,49,50,0,0,43.89,0.505,0,1,24.341
1043,254,49,50,0,0,45.71,0.5046,0,1,24.3422
1044,400,49,49,0,0,40.85,0.5041,0,1,24.3186
1045,335,49,50,0,0,43.85,0.5036,0,1,24.3121
1046,313,49,50,0,0,43.62,0.5031,0,1,24.3143
1047,381,49,50,0,0,42.29,0.5027,0,1,24.3034
1048,252,49,50,0,0,45.88,0.5022,0,1,24.3092
1049,221,49,50,0,0,46.29,0.5017,0,1,24.3122
1050,400,49,49,0,0,41.6,0.5012,0,1,24.3024
1051,257,49,50,0,0,45.68,0.5008,0,1,24.3062
1052,400,49,49,0,0,41.8,0.5003,0,1,24.3033
1053,400,41,41,0,0,33.55,0.4998,0,1,24.2895
1054,206,49,50,0,0,46.64,0.4993,0,1,24.2983
1055,317,49,50,0,0,44.33,0.4989,0,1,24.2998
1056,327,49,50,0,0,44.13,0.4984,0,1,24.304
1057,308,49,50,0,0,44.77,0.4979,0,1,24.3031
1058,266,49,50,0,0,45.09,0.4974,0,1,24.3034
1059,291,49,50,0,0,44.99,0.497,0,1,24.2927
1060,324,49,50,0,0,43.71,0.4965,0,1,24.2857
1061,338,49,50,0,0,43.57,0.496,0,1,24.283
1062,230,49,50,0,0,46.25,0.4956,0,1,24.28
1063,400,49,49,0,0,40.75,0.4951,0,1,24.2744
1064,313,49,50,0,0,43.72,0.4946,0,1,24.2827
1065,280,49,50,0,0,45.0,0.4941,0,1,24.29
1066,271,49,50,0,0,44.99,0.4937,0,1,24.2919
1067,343,49,50,0,0,43.77,0.4932,0,1,24.2909
1068,363,49,50,0,0,43.57,0.4927,0,1,24.2845
1069,400,41,41,0,0,34.45,0.4922,0,1,24.2687
1070,273,49,50,0,0,45.72,0.4918,0,1,24.2675
1071,400,37,37,0,0,30.2,0.4913,0,1,24.2556
1072,400,36,36,0,0,28.95,0.4908,0,1,24.2393
1073,400,49,49,0,0,40.25,0.4903,0,1,24.2212
1074,281,49,50,0,0,43.99,0.4899,0,1,24.2243
1075,287,49,50,0,0,43.93,0.4894,0,1,24.2132
1076,322,49,50,0,0,44.28,0.4889,0,1,24.2246
1077,307,49,50,0,0,44.23,0.4884,0,1,24.2208
1078,400,48,48,0,0,40.45,0.4879,0,1,24.2169
1079,274,49,50,0,0,45.81,0.4875,0,1,24.2106
1080,296,49,50,0,0,44.49,0.487,0,1,24.223
1081,335,49,50,0,0,44.65,0.4865,0,1,24.2182
1082,332,49,50,0,0,44.63,0.486,0,1,24.2151
1083,393,49,50,0,0,43.07,0.4856,0,1,24.2097
1084,319,49,50,0,0,44.91,0.4851,0,1,24.2099
1085,331,49,50,0,0,44.29,0.4846,0,1,24.2086
1086,347,49,50,0,0,43.23,0.4841,0,1,24.2058
1087,375,49,50,0,0,42.95,0.4837,0,1,24.2019
1088,400,46,46,0,0,38.35,0.4832,0,1,24.1946
1089,265,49,50,0,0,45.2,0.4827,0,1,24.2021
1090,400,43,43,0,0,36.15,0.4822,0,1,24.1901
1091,334,49,50,0,0,43.96,0.4818,0,1,24.1912
1092,324,49,50,0,0,44.66,0.4813,0,1,24.191
1093,400,47,47,0,0,39.3,0.4808,0,1,24.1846
1094,283,49,50,0,0,44.52,0.4803,0,1,24.1881
1095,247,49,50,0,0,45.93,0.4799,0,1,24.1924
1096,281,49,50,0,0,45.69,0.4794,0,1,24.1881
1097,277,49,50,0,0,45.78,0.4789,0,1,24.1922
1098,285,49,50,0,0,45.0,0.4784,0,1,24.1918
1099,261,49,50,0,0,45.64,0.478,0,1,24.1941
1100,400,48,48,0,0,38.2,0.4775,0,1,24.1847
1101,220,49,50,0,0,45.85,0.477,0,1,24.1829
1102,276,49,50,0,0,45.69,0.4766,0,1,24.1888
1103,214,49,50,0,0,46.46,0.4761,0,1,24.1963
1104,255,49,50,0,0,45.45,0.4756,0,1,24.1906
1105,253,49,50,0,0,45.02,0.4751,0,1,24.196
1106,365,49,50,0,0,41.85,0.4747,0,1,24.1947
1107,223,49,50,0,0,46.52,0.4742,0,1,24.1981
1108,256,49,50,0,0,45.59,0.4737,0,1,24.1999
1109,252,49,50,0,0,45.88,0.4732,0,1,24.2003
1110,306,49,50,0,0,43.69,0.4728,0,1,24.1874
1111,240,49,50,0,0,45.7,0.4723,0,1,24.1929
1112,234,49,50,0,0,46.51,0.4718,0,1,24.1867
1113,281,49,50,0,0,45.29,0.4713,0,1,24.1891
1114,400,39,39,0,0,30.3,0.4708,0,1,24.1717
1115,213,49,50,0,0,46.32,0.4704,0,1,24.1766
1116,285,49,50,0,0,45.65,0.4699,0,1,24.172
1117,400,47,47,0,0,40.1,0.4694,0,1,24.1615
1118,400,34,34,0,0,26.6,0.4689,0,1,24.143
1119,327,49,50,0,0,43.48,0.4685,0,1,24.1391
1120,217,49,50,0,0,46.03,0.468,0,1,24.1419
1121,400,49,49,0,0,39.4,0.4675,0,1,24.1257
1122,240,49,50,0,0,45.85,0.467,0,1,24.1299
1123,264,49,50,0,0,45.11,0.4666,0,1,24.1227
1124,294,49,50,0,0,44.66,0.4661,0,1,24.1271
1125,267,49,50,0,0,45.68,0.4656,0,1,24.1299
1126,232,49,50,0,0,45.83,0.4652,0,1,24.1244
1127,400,49,49,0,0,40.65,0.4647,0,1,24.1107
1128,238,49,50,0,0,46.07,0.4642,0,1,24.1179
1129,307,49,50,0,0,44.93,0.4637,0,1,24.1088
1130,400,49,49,0,0,41.9,0.4633,0,1,24.1052
1131,235,49,50,0,0,46.5,0.4628,0,1,24.1096
1132,218,49,50,0,0,46.82,0.4623,0,1,24.1135
1133,243,49,50,0,0,45.97,0.4618,0,1,24.1061
1134,400,47,47,0,0,39.4,0.4614,0,1,24.0996
1135,216,49,50,0,0,46.59,0.4609,0,1,24.0965
1136,224,49,50,0,0,46.31,0.4604,0,1,24.0962
1137,269,49,50,0,0,45.31,0.4599,0,1,24.0981
1138,400,32,32,0,0,25.3,0.4595,0,1,24.0879
1139,239,49,50,0,0,46.51,0.459,0,1,24.0858
1140,308,49,50,0,0,43.52,0.4585,0,1,24.0921
1141,235,49,50,0,0,45.55,0.458,0,1,24.0945
1142,263,49,50,0,0,45.32,0.4576,0,1,24.0995
1143,241,49,50,0,0,46.34,0.4571,0,1,24.1046
1144,350,49,50,0,0,42.35,0.4566,0,1,24.1016
1145,268,49,50,0,0,45.77,0.4561,0,1,24.0953
1146,251,49,50,0,0,45.19,0.4557,0,1,24.0972
1147,233,49,50,0,0,46.22,0.4552,0,1,24.1005
1148,223,49,50,0,0,46.37,0.4547,0,1,24.1019
1149,400,48,48,0,0,39.8,0.4542,0,1,24.0887
1150,221,49,50,0,0,46.44,0.4538,0,1,24.0931
1151,213,49,50,0,0,46.87,0.4533,0,1,24.0877
1152,227,49,50,0,0,46.23,0.4528,0,1,24.083
1153,257,49,50,0,0,46.23,0.4523,0,1,24.0803
1154,359,49,50,0,0,43.21,0.4519,0,1,24.0784
1155,288,49,50,0,0,45.62,0.4514,0,1,24.081
1156,319,49,50,0,0,42.81,0.4509,0,1,24.0691
1157,235,49,50,0,0,45.95,0.4504,0,1,24.0641
1158,342,49,50,0,0,44.18,0.45,0,1,24.0669
1159,400,42,42,0,0,35.2,0.4495,0,1,24.0589
1160,257,49,50,0,0,45.73,0.449,0,1,24.0678
1161,185,49,50,0,0,47.1,0.4485,0,1,24.0743
1162,243,49,50,0,0,45.97,0.4481,0,1,24.0676
1163,246,49,50,0,0,44.84,0.4476,0,1,24.0672
1164,203,49,50,0,0,46.87,0.4471,0,1,24.071
1165,236,49,50,0,0,46.49,0.4466,0,1,24.0654
1166,230,49,50,0,0,46.75,0.4462,0,1,24.0584
1167,292,49,50,0,0,45.53,0.4457,0,1,24.0627
1168,273,49,50,0,0,45.17,0.4452,0,1,24.0575
1169,228,49,50,0,0,46.07,0.4447,0,1,24.0533
1170,244,49,50,0,0,45.51,0.4443,0,1,24.0572
1171,286,49,50,0,0,44.79,0.4438,0,1,24.057
1172,242,49,50,0,0,46.13,0.4433,0,1,24.0516
1173,243,49,50,0,0,46.37,0.4428,0,1,24.0476
1174,328,49,50,0,0,43.87,0.4424,0,1,24.0448
1175,400,47,47,0,0,37.55,0.4419,0,1,24.0312
1176,226,49,50,0,0,46.09,0.4414,0,1,24.0277
1177,257,49,50,0,0,45.93,0.4409,0,1,24.0255
1178,283,49,50,0,0,45.37,0.4405,0,1,24.0196
1179,400,27,27,0,0,20.95,0.44,0,1,24.0055
1180,400,46,46,0,0,39.25,0.4395,0,1,23.9873
1181,278,49,50,0,0,45.27,0.439,0,1,23.9815
1182,234,49,50,0,0,45.41,0.4386,0,1,23.9778
1183,316,49,50,0,0,43.39,0.4381,0,1,23.9656
1184,348,49,50,0,0,44.07,0.4376,0,1,23.9602
1185,390,49,50,0,0,43.65,0.4371,0,1,23.951
1186,261,49,50,0,0,44.49,0.4367,0,1,23.9443
1187,400,35,35,0,0,28.7,0.4362,0,1,23.932
1188,211,49,50,0,0,46.44,0.4357,0,1,23.9379
1189,400,49,49,0,0,38.45,0.4352,0,1,23.9256
1190,236,49,50,0,0,46.39,0.4348,0,1,23.9199
1191,400,49,49,0,0,42.0,0.4343,0,1,23.9207
1192,225,49,50,0,0,46.25,0.4338,0,1,23.9157
1193,239,49,50,0,0,46.11,0.4333,0,1,23.9137
1194,252,49,50,0,0,45.93,0.4329,0,1,23.912
1195,400,42,42,0,0,35.7,0.4324,0,1,23.9082
1196,274,49,50,0,0,45.91,0.4319,0,1,23.9008
1197,241,49,50,0,0,45.84,0.4314,0,1,23.904
1198,204,49,50,0,0,46.91,0.431,0,1,23.8996
1199,400,38,38,0,0,29.3,0.4305,0,1,23.8799
1200,334,49,50,0,0,45.01,0.43,0,1,23.8665
1201,357,49,50,0,0,44.33,0.4295,0,1,23.8631
1202,400,49,49,0,0,42.85,0.4291,0,1,23.8556
1203,221,49,50,0,0,46.19,0.4286,0,1,23.8537
1204,278,49,50,0,0,44.67,0.4281,0,1,23.8578
1205,294,49,50,0,0,44.41,0.4276,0,1,23.8531
1206,248,49,50,0,0,45.02,0.4272,0,1,23.8603
1207,182,49,50,0,0,47.03,0.4267,0,1,23.8662
1208,270,49,50,0,0,45.65,0.4262,0,1,23.8622
1209,265,49,50,0,0,45.05,0.4257,0,1,23.8565
1210,287,49,50,0,0,44.83,0.4253,0,1,23.8582
1211,248,49,50,0,0,45.97,0.4248,0,1,23.8619
1212,196,49,50,0,0,46.79,0.4243,0,1,23.8588
1213,209,49,50,0,0,46.46,0.4238,0,1,23.864
1214,400,49,49,0,0,41.8,0.4234,0,1,23.8489
1215,223,49,50,0,0,46.42,0.4229,0,1,23.8549
1216,218,49,50,0,0,46.57,0.4224,0,1,23.8507
1217,271,49,50,0,0,45.29,0.4219,0,1,23.8441
1218,310,49,50,0,0,44.4,0.4214,0,1,23.8506
1219,237,49,50,0,0,45.83,0.421,0,1,23.8467
1220,212,49,50,0,0,46.83,0.4205,0,1,23.8445
1221,236,49,50,0,0,45.94,0.42,0,1,23.8523
1222,285,49,50,0,0,45.15,0.4196,0,1,23.8527
1223,367,49,50,0,0,41.03,0.4191,0,1,23.8472
1224,296,49,50,0,0,45.39,0.4186,0,1,23.8371
1225,400,48,48,0,0,40.35,0.4181,0,1,23.8173
1226,295,49,50,0,0,45.7,0.4177,0,1,23.8227
1227,308,49,50,0,0,44.77,0.4172,0,1,23.8151
1228,400,47,47,0,0,40.1,0.4167,0,1,23.811
1229,260,49,50,0,0,45.85,0.4162,0,1,23.8038
1230,324,49,50,0,0,43.61,0.4158,0,1,23.7924
1231,211,49,50,0,0,46.79,0.4153,0,1,23.7968
1232,400,49,49,0,0,41.05,0.4148,0,1,23.7905
1233,266,49,50,0,0,45.94,0.4143,0,1,23.7917
1234,400,47,47,0,0,38.0,0.4139,0,1,23.7791
1235,195,49,50,0,0,46.65,0.4134,0,1,23.7762
1236,228,49,50,0,0,45.97,0.4129,0,1,23.7849
1237,196,49,50,0,0,46.59,0.4124,0,1,23.7904
1238,235,49,50,0,0,46.4,0.412,0,1,23.795
1239,226,49,50,0,0,46.49,0.4115,0,1,23.7977
1240,400,48,48,0,0,41.55,0.411,0,1,23.777
1241,240,49,50,0,0,46.45,0.4105,0,1,23.7696
1242,264,49,50,0,0,45.91,0.4101,0,1,23.7663
1243,339,49,50,0,0,44.31,0.4096,0,1,23.759
1244,349,49,50,0,0,44.26,0.4091,0,1,23.7623
1245,348,49,50,0,0,44.57,0.4086,0,1,23.7615
1246,327,49,50,0,0,44.83,0.4082,0,1,23.7597
1247,321,49,50,0,0,45.14,0.4077,0,1,23.7557
1248,227,49,50,0,0,46.23,0.4072,0,1,23.757
1249,336,49,50,0,0,42.89,0.4067,0,1,23.7525
1250,194,49,50,0,0,46.91,0.4062,0,1,23.7545
1251,400,48,48,0,0,40.05,0.4058,0,1,23.7406
1252,313,49,50,0,0,45.22,0.4053,0,1,23.742
1253,210,49,50,0,0,46.95,0.4048,0,1,23.7432
1254,400,43,43,0,0,36.3,0.4043,0,1,23.7392
1255,400,25,25,0,0,18.45,0.4039,0,1,23.7164
1256,208,49,50,0,0,47.02,0.4034,0,1,23.7183
1257,400,45,45,0,0,38.85,0.4029,0,1,23.6978
1258,339,49,50,0,0,43.66,0.4024,0,1,23.6928
1259,357,49,50,0,0,41.48,0.402,0,1,23.6845
1260,243,49,50,0,0,46.12,0.4015,0,1,23.6879
1261,400,47,47,0,0,40.25,0.401,0,1,23.6655
1262,232,49,50,0,0,46.38,0.4006,0,1,23.6676
1263,257,49,50,0,0,45.53,0.4001,0,1,23.6633
1264,227,49,50,0,0,46.58,0.3996,0,1,23.6688
1265,358,49,50,0,0,43.87,0.3991,0,1,23.6591
1266,286,49,50,0,0,44.09,0.3987,0,1,23.6513
1267,194,49,50,0,0,47.01,0.3982,0,1,23.6482
1268,231,49,50,0,0,46.24,0.3977,0,1,23.6561
1269,300,49,50,0,0,44.55,0.3972,0,1,23.6571
1270,400,48,48,0,0,40.0,0.3968,0,1,23.6446
1271,341,49,50,0,0,44.59,0.3963,0,1,23.6387
1272,228,49,50,0,0,46.47,0.3958,0,1,23.6452
1273,219,49,50,0,0,46.76,0.3953,0,1,23.6519
1274,244,49,50,0,0,45.91,0.3949,0,1,23.6468
1275,223,49,50,0,0,46.27,0.3944,0,1,23.6453
1276,301,49,50,0,0,44.99,0.3939,0,1,23.6355
1277,231,49,50,0,0,46.49,0.3934,0,1,23.6313
1278,218,49,50,0,0,46.52,0.393,0,1,23.6375
1279,174,49,50,0,0,47.21,0.3925,0,1,23.6434
1280,400,49,49,0,0,43.0,0.392,0,1,23.6382
1281,262,49,50,0,0,45.38,0.3915,0,1,23.6419
1282,183,49,50,0,0,47.62,0.3911,0,1,23.6447
1283,203,49,50,0,0,47.07,0.3906,0,1,23.6483
1284,400,46,46,0,0,38.35,0.3901,0,1,23.6254
1285,281,49,50,0,0,45.39,0.3896,0,1,23.6254
1286,400,46,46,0,0,37.8,0.3891,0,1,23.612
1287,224,49,50,0,0,46.41,0.3887,0,1,23.6147
1288,205,49,50,0,0,46.9,0.3882,0,1,23.6187
1289,239,49,50,0,0,45.81,0.3877,0,1,23.6208
1290,199,49,50,0,0,46.96,0.3872,0,1,23.6279
1291,252,49,50,0,0,45.93,0.3868,0,1,23.6227
1292,206,49,50,0,0,46.39,0.3863,0,1,23.626
1293,242,49,50,0,0,46.03,0.3858,0,1,23.6294
1294,244,49,50,0,0,44.91,0.3853,0,1,23.6263
1295,256,49,50,0,0,46.24,0.3849,0,1,23.6279
1296,282,49,50,0,0,45.23,0.3844,0,1,23.6281
1297,400,49,49,0,0,42.6,0.3839,0,1,23.617
1298,400,43,43,0,0,36.8,0.3834,0,1,23.608
1299,400,38,38,0,0,30.95,0.383,0,1,23.588
1300,400,46,46,0,0,39.65,0.3825,0,1,23.5699
1301,280,49,50,0,0,44.7,0.382,0,1,23.5689
1302,400,37,37,0,0,30.45,0.3816,0,1,23.5461
1303,199,49,50,0,0,47.21,0.3811,0,1,23.5486
1304,195,49,50,0,0,47.55,0.3806,0,1,23.5505
1305,400,49,49,0,0,40.3,0.3801,0,1,23.538
1306,242,49,50,0,0,46.13,0.3797,0,1,23.5403
1307,195,49,50,0,0,47.15,0.3792,0,1,23.5362
1308,261,49,50,0,0,45.34,0.3787,0,1,23.5383
1309,209,49,50,0,0,47.11,0.3782,0,1,23.5336
1310,195,49,50,0,0,47.25,0.3778,0,1,23.537
1311,216,49,50,0,0,46.94,0.3773,0,1,23.5422
1312,209,49,50,0,0,46.71,0.3768,0,1,23.5466
1313,205,49,50,0,0,46.7,0.3763,0,1,23.5476
1314,258,49,50,0,0,44.62,0.3759,0,1,23.5456
1315,282,49,50,0,0,46.43,0.3754,0,1,23.5431
1316,400,41,41,0,0,33.9,0.3749,0,1,23.5275
1317,191,49,50,0,0,47.19,0.3744,0,1,23.5309
1318,263,49,50,0,0,45.97,0.374,0,1,23.5224
1319,350,49,50,0,0,44.95,0.3735,0,1,23.5086
1320,247,49,50,0,0,46.43,0.373,0,1,23.5121
1321,356,49,50,0,0,44.39,0.3725,0,1,23.5014
1322,400,49,49,0,0,43.0,0.372,0,1,23.4935
1323,174,49,50,0,0,47.46,0.3716,0,1,23.4988
1324,247,49,50,0,0,45.58,0.3711,0,1,23.5033
1325,208,49,50,0,0,46.97,0.3706,0,1,23.5073
1326,188,49,50,0,0,47.57,0.3701,0,1,23.5105
1327,400,49,49,0,0,42.6,0.3697,0,1,23.5026
1328,394,49,50,0,0,44.06,0.3692,0,1,23.4965
1329,400,48,48,0,0,41.35,0.3687,0,1,23.4813
1330,400,49,49,0,0,42.6,0.3682,0,1,23.4703
1331,315,49,50,0,0,45.25,0.3678,0,1,23.4699
1332,400,43,43,0,0,36.3,0.3673,0,1,23.4654
1333,400,40,40,0,0,33.8,0.3668,0,1,23.4489
1334,400,42,42,0,0,35.35,0.3663,0,1,23.4351
1335,400,38,38,0,0,31.55,0.3659,0,1,23.4153
1336,197,49,50,0,0,47.03,0.3654,0,1,23.4101
1337,220,49,50,0,0,46.55,0.3649,0,1,23.4124
1338,234,49,50,0,0,45.11,0.3644,0,1,23.4041
1339,319,49,50,0,0,42.31,0.364,0,1,23.4012
1340,230,49,50,0,0,46.35,0.3635,0,1,23.4037
1341,181,49,50,0,0,46.84,0.363,0,1,23.4086
1342,313,49,50,0,0,43.77,0.3626,0,1,23.407
1343,186,49,50,0,0,47.29,0.3621,0,1,23.4097
1344,219,49,50,0,0,46.81,0.3616,0,1,23.4097
1345,400,33,33,0,0,26.55,0.3611,0,1,23.396
1346,400,38,38,0,0,31.4,0.3607,0,1,23.3864
1347,387,49,50,0,0,43.93,0.3602,0,1,23.3668
1348,400,42,42,0,0,35.15,0.3597,0,1,23.353
1349,400,42,42,0,0,35.25,0.3592,0,1,23.3437
1350,205,49,50,0,0,47.15,0.3588,0,1,23.3407
1351,226,49,50,0,0,46.24,0.3583,0,1,23.3442
1352,203,49,50,0,0,47.07,0.3578,0,1,23.3484
1353,203,49,50,0,0,46.67,0.3573,0,1,23.3458
1354,205,49,50,0,0,46.95,0.3569,0,1,23.3426
1355,349,49,50,0,0,44.31,0.3564,0,1,23.342
1356,400,43,43,0,0,35.55,0.3559,0,1,23.3335
1357,400,48,48,0,0,42.0,0.3554,0,1,23.3297
1358,400,46,46,0,0,39.6,0.3549,0,1,23.3127
1359,400,48,48,0,0,41.85,0.3545,0,1,23.2984
1360,400,43,43,0,0,36.85,0.354,0,1,23.2856
1361,400,38,38,0,0,31.1,0.3535,0,1,23.2787
1362,400,39,39,0,0,32.9,0.353,0,1,23.2688
1363,400,33,33,0,0,27.35,0.3526,0,1,23.2453
1364,400,33,33,0,0,26.65,0.3521,0,1,23.2239
1365,400,32,32,0,0,22.95,0.3516,0,1,23.1985
1366,279,49,50,0,0,44.41,0.3511,0,1,23.1977
1367,400,38,38,0,0,31.7,0.3507,0,1,23.1814
1368,400,44,44,0,0,38.0,0.3502,0,1,23.1749
1369,400,42,42,0,0,35.45,0.3497,0,1,23.1503
1370,400,41,41,0,0,34.85,0.3492,0,1,23.1292
1371,400,49,50,0,0,42.85,0.3488,0,1,23.115
1372,400,41,41,0,0,33.3,0.3483,0,1,23.1028
1373,165,49,50,0,0,47.6,0.3478,0,1,23.1073
1374,178,49,50,0,0,47.32,0.3473,0,1,23.1109
1375,210,49,50,0,0,46.6,0.3469,0,1,23.1156
1376,204,49,50,0,0,47.61,0.3464,0,1,23.1176
1377,180,49,50,0,0,47.1,0.3459,0,1,23.1223
1378,226,49,50,0,0,46.29,0.3455,0,1,23.1223
1379,281,49,50,0,0,45.24,0.345,0,1,23.1218
1380,400,49,49,0,0,40.05,0.3445,0,1,23.1077
1381,229,49,50,0,0,47.11,0.344,0,1,23.0992
1382,186,49,50,0,0,47.29,0.3436,0,1,23.0974
1383,216,49,50,0,0,46.69,0.3431,0,1,23.1033
1384,352,49,50,0,0,45.03,0.3426,0,1,23.0916
1385,400,44,44,0,0,37.8,0.3421,0,1,23.0888
1386,195,49,50,0,0,46.95,0.3417,0,1,23.083
1387,234,49,50,0,0,46.21,0.3412,0,1,23.0779
1388,241,49,50,0,0,46.44,0.3407,0,1,23.0844
1389,311,49,50,0,0,45.84,0.3402,0,1,23.0834
1390,338,49,50,0,0,45.27,0.3398,0,1,23.0797
1391,183,49,50,0,0,47.02,0.3393,0,1,23.0833
1392,187,49,50,0,0,46.73,0.3388,0,1,23.0801
1393,214,49,50,0,0,46.81,0.3383,0,1,23.0761
1394,186,49,50,0,0,47.24,0.3379,0,1,23.0823
1395,323,49,50,0,0,42.87,0.3374,0,1,23.0792
1396,193,49,50,0,0,46.87,0.3369,0,1,23.0756
1397,211,49,50,0,0,46.99,0.3364,0,1,23.0725
1398,400,37,37,0,0,31.2,0.336,0,1,23.0606
1399,208,49,50,0,0,46.37,0.3355,0,1,23.065
1400,400,49,49,0,0,43.1,0.335,0,1,23.0578
1401,400,44,44,0,0,38.5,0.3345,0,1,23.0434
1402,326,49,50,0,0,44.69,0.3341,0,1,23.0391
1403,400,46,46,0,0,40.4,0.3336,0,1,23.0304
1404,400,41,41,0,0,34.6,0.3331,0,1,23.0172
1405,400,40,40,0,0,31.4,0.3326,0,1,22.994
1406,400,49,49,0,0,43.4,0.3322,0,1,22.9782
1407,205,49,50,0,0,46.85,0.3317,0,1,22.9751
1408,179,49,50,0,0,47.21,0.3312,0,1,22.9728
1409,191,49,50,0,0,47.39,0.3307,0,1,22.9709
1410,211,49,50,0,0,46.84,0.3303,0,1,22.9772
1411,163,49,50,0,0,47.72,0.3298,0,1,22.9835
1412,203,49,50,0,0,47.12,0.3293,0,1,22.9876
1413,189,49,50,0,0,47.41,0.3288,0,1,22.9835
1414,269,49,50,0,0,46.46,0.3284,0,1,22.9849
1415,186,49,50,0,0,47.09,0.3279,0,1,22.9818
1416,206,49,50,0,0,46.79,0.3274,0,1,22.9873
1417,227,49,50,0,0,46.78,0.3269,0,1,22.9896
1418,207,49,50,0,0,47.18,0.3265,0,1,22.9916
1419,226,49,50,0,0,46.59,0.326,0,1,22.9836
1420,319,49,50,0,0,45.26,0.3255,0,1,22.9807
1421,324,49,50,0,0,45.21,0.325,0,1,22.9683
1422,187,49,50,0,0,46.93,0.3246,0,1,22.9744
1423,175,49,50,0,0,47.75,0.3241,0,1,22.9679
1424,294,49,50,0,0,45.81,0.3236,0,1,22.9689
1425,339,49,50,0,0,44.71,0.3231,0,1,22.961
1426,291,49,50,0,0,45.54,0.3227,0,1,22.9643
1427,400,49,49,0,0,41.95,0.3222,0,1,22.9489
1428,226,49,50,0,0,46.39,0.3217,0,1,22.9446
1429,326,49,50,0,0,44.74,0.3212,0,1,22.9433
1430,270,49,50,0,0,46.15,0.3208,0,1,22.9389
1431,354,49,50,0,0,44.81,0.3203,0,1,22.9308
1432,371,49,50,0,0,44.19,0.3198,0,1,22.9184
1433,256,49,50,0,0,46.39,0.3193,0,1,22.9149
1434,320,49,50,0,0,44.95,0.3189,0,1,22.9066
1435,248,49,50,0,0,46.77,0.3184,0,1,22.9055
1436,253,49,50,0,0,45.97,0.3179,0,1,22.9087
1437,270,49,50,0,0,45.8,0.3174,0,1,22.9121
1438,340,49,50,0,0,44.75,0.317,0,1,22.9004
1439,400,48,48,0,0,40.35,0.3165,0,1,22.8947
1440,372,49,50,0,0,44.53,0.316,0,1,22.8843
1441,379,49,50,0,0,44.16,0.3155,0,1,22.8812
1442,400,49,49,0,0,40.75,0.3151,0,1,22.8689
1443,250,49,50,0,0,45.3,0.3146,0,1,22.8701
1444,345,49,50,0,0,43.7,0.3141,0,1,22.8707
1445,256,49,50,0,0,45.64,0.3136,0,1,22.8727
1446,271,49,50,0,0,44.69,0.3132,0,1,22.8704
1447,341,49,50,0,0,43.49,0.3127,0,1,22.8675
1448,371,49,50,0,0,41.94,0.3122,0,1,22.8577
1449,149,49,50,0,0,48.01,0.3117,0,1,22.8607
1450,198,49,50,0,0,47.07,0.3113,0,1,22.8628
1451,248,49,50,0,0,46.67,0.3108,0,1,22.8622
1452,177,49,50,0,0,47.23,0.3103,0,1,22.8574
1453,154,49,50,0,0,47.96,0.3098,0,1,22.8623
1454,199,49,50,0,0,47.11,0.3094,0,1,22.857
1455,350,49,50,0,0,44.4,0.3089,0,1,22.857
1456,239,49,50,0,0,46.41,0.3084,0,1,22.8509
1457,200,49,50,0,0,47.25,0.3079,0,1,22.8481
1458,162,49,50,0,0,47.93,0.3075,0,1,22.853
1459,180,49,50,0,0,47.35,0.307,0,1,22.8494
1460,184,49,50,0,0,47.51,0.3065,0,1,22.8484
1461,377,49,50,0,0,44.68,0.306,0,1,22.8486
1462,400,49,49,0,0,40.2,0.3056,0,1,22.8374
1463,207,49,50,0,0,47.18,0.3051,0,1,22.8414
1464,260,49,50,0,0,45.85,0.3046,0,1,22.8396
1465,198,49,50,0,0,47.17,0.3041,0,1,22.8354
1466,153,49,50,0,0,47.77,0.3037,0,1,22.8338
1467,400,49,49,0,0,42.1,0.3032,0,1,22.8246
1468,186,49,50,0,0,47.29,0.3027,0,1,22.8273
1469,190,49,50,0,0,47.5,0.3022,0,1,22.8295
1470,294,49,50,0,0,45.51,0.3018,0,1,22.8187
1471,232,49,50,0,0,46.83,0.3013,0,1,22.8123
1472,343,49,50,0,0,43.77,0.3008,0,1,22.7979
1473,227,49,50,0,0,46.28,0.3003,0,1,22.8051
1474,400,47,48,0,0,41.35,0.2999,0,1,22.7873
1475,170,49,50,0,0,47.65,0.2994,0,1,22.793
1476,180,49,50,0,0,47.35,0.2989,0,1,22.7996
1477,170,49,50,0,0,47.55,0.2984,0,1,22.8044
1478,174,49,50,0,0,47.56,0.298,0,1,22.8081
1479,202,49,50,0,0,46.88,0.2975,0,1,22.8106
1480,175,49,50,0,0,47.3,0.297,0,1,22.8135
1481,255,49,50,0,0,46.25,0.2965,0,1,22.8115
1482,400,42,42,0,0,36.25,0.2961,0,1,22.7949
1483,176,49,50,0,0,47.29,0.2956,0,1,22.7905
1484,179,49,50,0,0,47.26,0.2951,0,1,22.7965
1485,180,49,50,0,0,47.55,0.2946,0,1,22.7919
1486,220,49,50,0,0,47.1,0.2942,0,1,22.7971
1487,400,48,48,0,0,41.1,0.2937,0,1,22.782
1488,174,49,50,0,0,47.41,0.2932,0,1,22.7799
1489,154,49,50,0,0,47.71,0.2927,0,1,22.7804
1490,186,49,50,0,0,47.29,0.2923,0,1,22.7865
1491,199,49,50,0,0,47.01,0.2918,0,1,22.7907
1492,143,49,50,0,0,48.27,0.2913,0,1,22.787
1493,160,49,50,0,0,47.8,0.2908,0,1,22.7955
1494,148,49,50,0,0,47.97,0.2903,0,1,22.8003
1495,222,49,50,0,0,46.48,0.2899,0,1,22.804
1496,190,49,50,0,0,47.35,0.2894,0,1,22.8003
1497,187,49,50,0,0,47.28,0.2889,0,1,22.8053
1498,331,49,50,0,0,44.84,0.2884,0,1,22.7988
1499,183,49,50,0,0,47.37,0.288,0,1,22.8025
1500,167,49,50,0,0,47.63,0.2875,0,1,22.7977
1501,178,49,50,0,0,47.82,0.287,0,1,22.8024
1502,193,49,50,0,0,47.17,0.2866,0,1,22.8053
1503,143,49,50,0,0,48.17,0.2861,0,1,22.8009
1504,307,49,50,0,0,45.98,0.2856,0,1,22.801
1505,231,49,50,0,0,46.89,0.2851,0,1,22.7948
1506,152,49,50,0,0,48.08,0.2847,0,1,22.8
1507,315,49,50,0,0,45.75,0.2842,0,1,22.7982
1508,165,49,50,0,0,47.7,0.2837,0,1,22.8018
1509,196,49,50,0,0,47.24,0.2832,0,1,22.8056
1510,167,49,50,0,0,47.68,0.2828,0,1,22.8097
1511,152,49,50,0,0,47.83,0.2823,0,1,22.8136
1512,184,49,50,0,0,47.51,0.2818,0,1,22.8095
1513,179,49,50,0,0,47.51,0.2813,0,1,22.8068
1514,188,49,50,0,0,47.37,0.2809,0,1,22.8116
1515,164,49,50,0,0,47.71,0.2804,0,1,22.8096
1516,156,49,50,0,0,47.99,0.2799,0,1,22.8162
1517,233,49,50,0,0,46.42,0.2794,0,1,22.817
1518,156,49,50,0,0,47.84,0.279,0,1,22.8218
1519,237,49,50,0,0,46.23,0.2785,0,1,22.8116
1520,171,49,50,0,0,47.69,0.278,0,1,22.8105
1521,179,49,50,0,0,47.76,0.2775,0,1,22.8165
1522,166,49,50,0,0,47.54,0.2771,0,1,22.8222
1523,162,49,50,0,0,47.78,0.2766,0,1,22.8268
1524,158,49,50,0,0,48.12,0.2761,0,1,22.8318
1525,149,49,50,0,0,48.21,0.2756,0,1,22.8344
1526,158,49,50,0,0,47.97,0.2752,0,1,22.8307
1527,173,49,50,0,0,47.92,0.2747,0,1,22.8352
1528,185,49,50,0,0,47.35,0.2742,0,1,22.8319
1529,202,49,50,0,0,47.03,0.2737,0,1,22.8287
1530,270,49,50,0,0,46.0,0.2732,0,1,22.8291
1531,180,49,50,0,0,47.25,0.2728,0,1,22.8271
1532,167,49,50,0,0,47.73,0.2723,0,1,22.8261
1533,217,49,50,0,0,46.73,0.2718,0,1,22.8321
1534,161,49,50,0,0,47.59,0.2713,0,1,22.8311
1535,379,49,50,0,0,44.71,0.2709,0,1,22.8157
1536,209,49,50,0,0,46.61,0.2704,0,1,22.8189
1537,205,49,50,0,0,47.05,0.2699,0,1,22.8212
1538,191,49,50,0,0,47.09,0.2694,0,1,22.8143
1539,170,49,50,0,0,47.65,0.269,0,1,22.8132
1540,156,49,50,0,0,47.79,0.2685,0,1,22.8202
1541,244,49,50,0,0,45.46,0.268,0,1,22.8242
1542,233,49,50,0,0,46.57,0.2676,0,1,22.8164
1543,337,49,50,0,0,45.28,0.2671,0,1,22.8171
1544,219,49,50,0,0,47.01,0.2666,0,1,22.8128
1545,195,49,50,0,0,46.25,0.2661,0,1,22.8067
1546,302,49,50,0,0,45.98,0.2657,0,1,22.807
1547,400,46,46,0,0,39.9,0.2652,0,1,22.7956
1548,174,49,50,0,0,47.71,0.2647,0,1,22.8007
1549,174,49,50,0,0,47.81,0.2642,0,1,22.7975
1550,195,49,50,0,0,47.05,0.2638,0,1,22.8023
1551,172,49,50,0,0,47.43,0.2633,0,1,22.808
1552,180,49,50,0,0,47.5,0.2628,0,1,22.8127
1553,180,49,50,0,0,47.65,0.2623,0,1,22.8098
1554,160,49,50,0,0,47.7,0.2619,0,1,22.8164
1555,160,49,50,0,0,47.95,0.2614,0,1,22.813
1556,214,49,50,0,0,47.21,0.2609,0,1,22.8172
1557,174,49,50,0,0,47.36,0.2604,0,1,22.8227
1558,179,49,50,0,0,47.81,0.26,0,1,22.8281
1559,184,49,50,0,0,47.51,0.2595,0,1,22.8248
1560,164,49,50,0,0,47.71,0.259,0,1,22.8232
1561,168,49,50,0,0,47.47,0.2585,0,1,22.8296
1562,183,49,50,0,0,47.37,0.2581,0,1,22.8275
1563,326,49,50,0,0,45.49,0.2576,0,1,22.8201
1564,269,49,50,0,0,46.51,0.2571,0,1,22.8132
1565,159,49,50,0,0,47.96,0.2566,0,1,22.822
1566,175,49,50,0,0,47.35,0.2561,0,1,22.8201
1567,274,49,50,0,0,45.76,0.2557,0,1,22.8209
1568,152,49,50,0,0,48.13,0.2552,0,1,22.8262
1569,156,49,50,0,0,47.94,0.2547,0,1,22.8311
1570,182,49,50,0,0,47.43,0.2542,0,1,22.8277
1571,181,49,50,0,0,47.64,0.2538,0,1,22.8333
1572,219,49,50,0,0,46.46,0.2533,0,1,22.8351
1573,230,49,50,0,0,46.95,0.2528,0,1,22.8279
1574,149,49,50,0,0,47.96,0.2523,0,1,22.8342
1575,220,49,50,0,0,46.6,0.2519,0,1,22.8375
1576,181,49,50,0,0,47.59,0.2514,0,1,22.8406
1577,299,49,50,0,0,46.16,0.2509,0,1,22.8387
1578,400,47,47,0,0,41.7,0.2504,0,1,22.8313
1579,400,46,46,0,0,40.4,0.25,0,1,22.8117
1580,189,49,50,0,0,47.41,0.2495,0,1,22.807
1581,155,49,50,0,0,47.95,0.249,0,1,22.805
1582,176,49,50,0,0,47.69,0.2486,0,1,22.8109
1583,267,49,50,0,0,46.43,0.2481,0,1,22.8109
1584,261,49,50,0,0,46.39,0.2476,0,1,22.803
1585,169,49,50,0,0,47.71,0.2471,0,1,22.7985
1586,400,47,47,0,0,41.55,0.2467,0,1,22.7869
1587,173,49,50,0,0,47.57,0.2462,0,1,22.7864
1588,187,49,50,0,0,47.68,0.2457,0,1,22.7929
1589,161,49,50,0,0,47.69,0.2452,0,1,22.7998
1590,172,49,50,0,0,47.68,0.2448,0,1,22.8044
1591,147,49,50,0,0,48.23,0.2443,0,1,22.7983
1592,171,49,50,0,0,47.69,0.2438,0,1,22.7976
1593,189,49,50,0,0,47.46,0.2433,0,1,22.8029
1594,145,49,50,0,0,48.3,0.2429,0,1,22.8095
1595,170,49,50,0,0,47.35,0.2424,0,1,22.8045
1596,332,49,50,0,0,45.63,0.2419,0,1,22.7965
1597,231,49,50,0,0,46.79,0.2414,0,1,22.7949
1598,249,49,50,0,0,46.71,0.2409,0,1,22.7913
1599,223,49,50,0,0,47.17,0.2405,0,1,22.7954
1600,172,49,50,0,0,47.88,0.24,0,1,22.8014
1601,181,49,50,0,0,47.14,0.2395,0,1,22.8048
1602,153,49,50,0,0,47.97,0.239,0,1,22.8026
1603,209,49,50,0,0,46.56,0.2386,0,1,22.8057
1604,183,49,50,0,0,47.77,0.2381,0,1,22.81
1605,155,49,50,0,0,48.15,0.2376,0,1,22.8072
1606,139,49,50,0,0,48.21,0.2371,0,1,22.8071
1607,298,49,50,0,0,45.97,0.2367,0,1,22.7993
1608,289,49,50,0,0,45.91,0.2362,0,1,22.7947
1609,400,33,33,0,0,27.85,0.2357,0,1,22.7745
1610,182,49,50,0,0,46.73,0.2352,0,1,22.7725
1611,298,49,50,0,0,45.72,0.2348,0,1,22.7736
1612,142,49,50,0,0,47.98,0.2343,0,1,22.7796
1613,160,49,50,0,0,47.75,0.2338,0,1,22.7849
1614,400,49,49,0,0,39.5,0.2333,0,1,22.7669
1615,145,49,50,0,0,48.4,0.2329,0,1,22.7725
1616,232,49,50,0,0,47.03,0.2324,0,1,22.774
1617,184,49,50,0,0,47.41,0.2319,0,1,22.7708
1618,138,49,50,0,0,48.12,0.2314,0,1,22.7769
1619,165,49,50,0,0,47.9,0.231,0,1,22.7813
1620,153,49,50,0,0,47.52,0.2305,0,1,22.7873
1621,150,49,50,0,0,48.05,0.23,0,1,22.7861
1622,157,49,50,0,0,48.23,0.2296,0,1,22.7812
1623,173,49,50,0,0,47.72,0.2291,0,1,22.7851
1624,166,49,50,0,0,47.39,0.2286,0,1,22.7899
1625,142,49,50,0,0,48.18,0.2281,0,1,22.7949
1626,152,49,50,0,0,47.93,0.2277,0,1,22.7899
1627,198,49,50,0,0,47.37,0.2272,0,1,22.7889
1628,212,49,50,0,0,47.23,0.2267,0,1,22.7827
1629,256,49,50,0,0,46.84,0.2262,0,1,22.7861
1630,284,49,50,0,0,46.01,0.2258,0,1,22.7797
1631,327,49,50,0,0,45.63,0.2253,0,1,22.772
1632,210,49,50,0,0,46.95,0.2248,0,1,22.7768
1633,208,49,50,0,0,47.02,0.2243,0,1,22.7815
1634,159,49,50,0,0,48.01,0.2239,0,1,22.7777
1635,294,49,50,0,0,45.91,0.2234,0,1,22.7732
1636,400,46,46,0,0,40.8,0.2229,0,1,22.7707
1637,169,49,50,0,0,47.51,0.2224,0,1,22.7748
1638,338,49,50,0,0,43.47,0.222,0,1,22.7629
1639,188,49,50,0,0,47.27,0.2215,0,1,22.7688
1640,295,49,50,0,0,44.95,0.221,0,1,22.7556
1641,369,49,50,0,0,45.41,0.2205,0,1,22.745
1642,284,49,50,0,0,46.26,0.2201,0,1,22.7451
1643,183,49,50,0,0,47.37,0.2196,0,1,22.7496
1644,147,49,50,0,0,48.23,0.2191,0,1,22.7479
1645,146,49,50,0,0,48.29,0.2186,0,1,22.7456
1646,141,49,50,0,0,48.14,0.2182,0,1,22.752
1647,149,49,50,0,0,48.16,0.2177,0,1,22.7586
1648,197,49,50,0,0,46.83,0.2172,0,1,22.7548
1649,182,49,50,0,0,47.73,0.2167,0,1,22.7607
1650,154,49,50,0,0,48.06,0.2163,0,1,22.7665
1651,178,49,50,0,0,47.47,0.2158,0,1,22.761
1652,167,49,50,0,0,48.03,0.2153,0,1,22.7587
1653,174,49,50,0,0,47.71,0.2148,0,1,22.7587
1654,232,49,50,0,0,47.13,0.2144,0,1,22.7626
1655,129,49,50,0,0,48.36,0.2139,0,1,22.7692
1656,168,49,50,0,0,47.77,0.2134,0,1,22.7668
1657,169,49,50,0,0,47.71,0.2129,0,1,22.7639
1658,188,49,50,0,0,47.77,0.2125,0,1,22.7616
1659,354,49,50,0,0,45.51,0.212,0,1,22.7555
1660,228,49,50,0,0,47.17,0.2115,0,1,22.7535
1661,400,45,45,0,0,40.0,0.211,0,1,22.7495
1662,400,49,49,0,0,40.6,0.2106,0,1,22.7398
1663,145,49,50,0,0,48.1,0.2101,0,1,22.7451
1664,143,49,50,0,0,47.97,0.2096,0,1,22.745
1665,148,49,50,0,0,48.07,0.2091,0,1,22.7517
1666,193,49,50,0,0,47.52,0.2087,0,1,22.7549
1667,171,49,50,0,0,47.39,0.2082,0,1,22.7505
1668,136,49,50,0,0,48.34,0.2077,0,1,22.756
1669,154,49,50,0,0,48.01,0.2072,0,1,22.7494
1670,150,49,50,0,0,48.0,0.2068,0,1,22.755
1671,128,49,50,0,0,48.42,0.2063,0,1,22.7612
1672,167,49,50,0,0,48.03,0.2058,0,1,22.7635
1673,400,49,49,0,0,41.45,0.2053,0,1,22.7468
1674,150,49,50,0,0,47.9,0.2049,0,1,22.7527
1675,174,49,50,0,0,47.91,0.2044,0,1,22.7453
1676,171,49,50,0,0,47.89,0.2039,0,1,22.7422
1677,332,49,50,0,0,45.93,0.2034,0,1,22.7423
1678,156,49,50,0,0,48.14,0.203,0,1,22.7479
1679,154,49,50,0,0,48.21,0.2025,0,1,22.7519
1680,156,49,50,0,0,47.94,0.202,0,1,22.757
1681,172,49,50,0,0,47.63,0.2015,0,1,22.7536
1682,240,49,50,0,0,46.85,0.2011,0,1,22.7476
1683,294,49,50,0,0,46.26,0.2006,0,1,22.7483
1684,166,49,50,0,0,47.74,0.2001,0,1,22.754
1685,172,49,50,0,0,47.63,0.1996,0,1,22.751
1686,151,49,50,0,0,48.19,0.1992,0,1,22.7496
1687,146,49,50,0,0,48.29,0.1987,0,1,22.7499
1688,220,49,50,0,0,47.55,0.1982,0,1,22.7467
1689,391,49,50,0,0,45.09,0.1977,0,1,22.7369
1690,210,49,50,0,0,47.35,0.1973,0,1,22.7415
1691,160,49,50,0,0,47.9,0.1968,0,1,22.7468
1692,173,49,50,0,0,47.87,0.1963,0,1,22.7444
1693,302,49,50,0,0,46.38,0.1958,0,1,22.7421
1694,372,49,50,0,0,43.53,0.1954,0,1,22.7232
1695,189,49,50,0,0,47.76,0.1949,0,1,22.7268
1696,147,49,50,0,0,47.98,0.1944,0,1,22.7316
1697,197,49,50,0,0,47.48,0.1939,0,1,22.7346
1698,143,49,50,0,0,48.17,0.1935,0,1,22.7385
1699,156,49,50,0,0,48.19,0.193,0,1,22.7358
1700,152,49,50,0,0,47.93,0.1925,0,1,22.7343
1701,151,49,50,0,0,48.14,0.192,0,1,22.7404
1702,145,49,50,0,0,48.2,0.1916,0,1,22.7454
1703,233,49,50,0,0,47.27,0.1911,0,1,22.7345
1704,361,49,50,0,0,44.99,0.1906,0,1,22.7255
1705,150,49,50,0,0,48.2,0.1901,0,1,22.73
1706,160,49,50,0,0,48.05,0.1897,0,1,22.7256
1707,400,39,39,0,0,34.2,0.1892,0,1,22.7196
1708,174,49,50,0,0,47.51,0.1887,0,1,22.7232
1709,157,49,50,0,0,48.13,0.1882,0,1,22.7208
1710,257,49,50,0,0,45.78,0.1878,0,1,22.7199
1711,163,49,50,0,0,47.97,0.1873,0,1,22.7165
1712,153,49,50,0,0,48.07,0.1868,0,1,22.7152
1713,156,49,50,0,0,48.09,0.1863,0,1,22.7218
1714,134,49,50,0,0,48.41,0.1859,0,1,22.7217
1715,180,49,50,0,0,46.45,0.1854,0,1,22.7182
1716,175,49,50,0,0,47.75,0.1849,0,1,22.7246
1717,128,49,50,0,0,48.47,0.1844,0,1,22.7302
1718,143,49,50,0,0,48.27,0.184,0,1,22.734
1719,155,49,50,0,0,48.0,0.1835,0,1,22.7396
1720,278,49,50,0,0,46.77,0.183,0,1,22.7344
1721,178,49,50,0,0,47.67,0.1825,0,1,22.7367
1722,178,49,50,0,0,47.87,0.1821,0,1,22.7321
1723,143,49,50,0,0,48.22,0.1816,0,1,22.7376
1724,165,49,50,0,0,48.05,0.1811,0,1,22.7391
1725,165,49,50,0,0,47.85,0.1806,0,1,22.7366
1726,400,49,49,0,0,42.4,0.1802,0,1,22.7256
1727,154,49,50,0,0,48.01,0.1797,0,1,22.7229
1728,150,49,50,0,0,48.15,0.1792,0,1,22.7291
1729,220,49,50,0,0,46.85,0.1787,0,1,22.7285
1730,243,49,50,0,0,46.47,0.1783,0,1,22.7303
1731,400,37,37,0,0,31.8,0.1778,0,1,22.72
1732,400,34,34,0,0,28.7,0.1773,0,1,22.7014
1733,268,49,50,0,0,46.67,0.1768,0,1,22.6895
1734,181,49,50,0,0,46.29,0.1764,0,1,22.6904
1735,162,49,50,0,0,47.88,0.1759,0,1,22.6949
1736,153,49,50,0,0,48.02,0.1754,0,1,22.698
1737,157,49,50,0,0,48.13,0.1749,0,1,22.6902
1738,188,49,50,0,0,47.12,0.1744,0,1,22.6921
1739,147,49,50,0,0,47.93,0.174,0,1,22.6872
1740,166,49,50,0,0,47.99,0.1735,0,1,22.6844
1741,400,34,34,0,0,28.7,0.173,0,1,22.6785
1742,400,47,47,0,0,40.8,0.1726,0,1,22.6664
1743,150,49,50,0,0,48.0,0.1721,0,1,22.6713
1744,148,49,50,0,0,47.97,0.1716,0,1,22.6743
1745,134,49,50,0,0,48.41,0.1711,0,1,22.6714
1746,137,49,50,0,0,48.18,0.1707,0,1,22.6777
1747,137,49,50,0,0,48.38,0.1702,0,1,22.6831
1748,133,49,50,0,0,48.42,0.1697,0,1,22.6874
1749,156,49,50,0,0,47.89,0.1692,0,1,22.6812
1750,132,49,50,0,0,48.63,0.1688,0,1,22.681
1751,144,49,50,0,0,48.36,0.1683,0,1,22.6865
1752,157,49,50,0,0,48.03,0.1678,0,1,22.6839
1753,154,49,50,0,0,47.86,0.1673,0,1,22.6904
1754,160,49,50,0,0,47.95,0.1669,0,1,22.6902
1755,134,49,50,0,0,48.21,0.1664,0,1,22.6903
1756,141,49,50,0,0,48.19,0.1659,0,1,22.6907
1757,190,49,50,0,0,47.45,0.1654,0,1,22.6878
1758,278,49,50,0,0,46.72,0.165,0,1,22.6913
1759,147,49,50,0,0,48.18,0.1645,0,1,22.6976
1760,145,49,50,0,0,48.15,0.164,0,1,22.6966
1761,162,49,50,0,0,47.73,0.1635,0,1,22.7009
1762,146,49,50,0,0,48.44,0.1631,0,1,22.7068
1763,156,49,50,0,0,47.89,0.1626,0,1,22.712
1764,171,49,50,0,0,47.79,0.1621,0,1,22.7156
1765,147,49,50,0,0,48.28,0.1616,0,1,22.7199
1766,156,49,50,0,0,48.14,0.1612,0,1,22.7239
1767,155,49,50,0,0,48.35,0.1607,0,1,22.7193
1768,136,49,50,0,0,48.39,0.1602,0,1,22.7231
1769,160,49,50,0,0,47.85,0.1597,0,1,22.7267
1770,138,49,50,0,0,48.32,0.1593,0,1,22.731
1771,202,49,50,0,0,47.53,0.1588,0,1,22.7321
1772,138,49,50,0,0,48.32,0.1583,0,1,22.7359
1773,288,49,50,0,0,46.07,0.1578,0,1,22.7327
1774,339,49,50,0,0,45.71,0.1573,0,1,22.7193
1775,140,49,50,0,0,48.4,0.1569,0,1,22.7237
1776,164,49,50,0,0,47.91,0.1564,0,1,22.7257
1777,128,49,50,0,0,48.57,0.1559,0,1,22.728
1778,166,49,50,0,0,48.04,0.1554,0,1,22.7312
1779,176,49,50,0,0,47.89,0.155,0,1,22.7325
1780,400,28,28,0,0,23.1,0.1545,0,1,22.7152
1781,400,49,49,0,0,40.0,0.154,0,1,22.7045
1782,400,37,37,0,0,32.15,0.1536,0,1,22.6883
1783,400,42,42,0,0,37.4,0.1531,0,1,22.6785
1784,400,36,36,0,0,31.15,0.1526,0,1,22.6549
1785,400,44,44,0,0,39.15,0.1521,0,1,22.6387
1786,157,49,50,0,0,48.18,0.1517,0,1,22.6421
1787,148,49,50,0,0,48.32,0.1512,0,1,22.6446
1788,400,49,49,0,0,42.55,0.1507,0,1,22.6285
1789,135,49,50,0,0,48.45,0.1502,0,1,22.624
1790,143,49,50,0,0,48.27,0.1498,0,1,22.6278
1791,156,49,50,0,0,48.29,0.1493,0,1,22.6316
1792,176,49,50,0,0,47.89,0.1488,0,1,22.6346
1793,142,49,50,0,0,48.13,0.1483,0,1,22.6327
1794,141,49,50,0,0,48.19,0.1479,0,1,22.6389
1795,134,49,50,0,0,48.41,0.1474,0,1,22.6434
1796,151,49,50,0,0,48.39,0.1469,0,1,22.6413
1797,152,49,50,0,0,48.23,0.1464,0,1,22.6455
1798,144,49,50,0,0,48.41,0.146,0,1,22.6419
1799,163,49,50,0,0,47.92,0.1455,0,1,22.6481
1800,134,49,50,0,0,48.36,0.145,0,1,22.653
1801,176,49,50,0,0,47.94,0.1445,0,1,22.6571
1802,153,49,50,0,0,48.07,0.1441,0,1,22.6548
1803,119,49,50,0,0,48.81,0.1436,0,1,22.6591
1804,142,49,50,0,0,48.08,0.1431,0,1,22.6647
1805,140,49,50,0,0,48.3,0.1426,0,1,22.6691
1806,130,49,50,0,0,48.55,0.1421,0,1,22.6723
1807,150,49,50,0,0,48.1,0.1417,0,1,22.6778
1808,152,49,50,0,0,47.98,0.1412,0,1,22.6811
1809,132,49,50,0,0,48.38,0.1407,0,1,22.6849
1810,150,49,50,0,0,48.35,0.1402,0,1,22.6805
1811,154,49,50,0,0,48.21,0.1398,0,1,22.6842
1812,262,49,50,0,0,47.13,0.1393,0,1,22.6775
1813,146,49,50,0,0,48.24,0.1388,0,1,22.684
1814,149,49,50,0,0,48.21,0.1383,0,1,22.6814
1815,151,49,50,0,0,48.39,0.1379,0,1,22.6779
1816,152,49,50,0,0,48.18,0.1374,0,1,22.6826
1817,184,49,50,0,0,47.71,0.1369,0,1,22.6806
1818,139,49,50,0,0,48.46,0.1364,0,1,22.6863
1819,134,49,50,0,0,48.16,0.136,0,1,22.693
1820,160,49,50,0,0,47.75,0.1355,0,1,22.6914
1821,146,49,50,0,0,48.34,0.135,0,1,22.6969
1822,139,49,50,0,0,48.16,0.1346,0,1,22.7029
1823,123,49,50,0,0,48.57,0.1341,0,1,22.7004
1824,160,49,50,0,0,47.85,0.1336,0,1,22.7068
1825,129,49,50,0,0,48.51,0.1331,0,1,22.706
1826,151,49,50,0,0,48.24,0.1327,0,1,22.7125
1827,148,49,50,0,0,48.27,0.1322,0,1,22.7099
1828,125,49,50,0,0,48.65,0.1317,0,1,22.7092
1829,136,49,50,0,0,48.39,0.1312,0,1,22.7158
1830,158,49,50,0,0,48.17,0.1308,0,1,22.7216
1831,294,49,50,0,0,46.36,0.1303,0,1,22.7215
1832,137,49,50,0,0,48.53,0.1298,0,1,22.7181
1833,175,49,50,0,0,47.95,0.1293,0,1,22.7211
1834,130,49,50,0,0,48.35,0.1289,0,1,22.7171
1835,159,49,50,0,0,48.06,0.1284,0,1,22.7215
1836,134,49,50,0,0,48.51,0.1279,0,1,22.7164
1837,145,49,50,0,0,48.3,0.1274,0,1,22.7216
1838,135,49,50,0,0,48.45,0.127,0,1,22.718
1839,247,49,50,0,0,47.03,0.1265,0,1,22.7099
1840,217,49,50,0,0,47.53,0.126,0,1,22.7149
1841,400,15,15,0,0,10.1,0.1255,0,1,22.7026
1842,364,49,50,0,0,45.61,0.125,0,1,22.6907
1843,186,49,50,0,0,47.79,0.1246,0,1,22.6862
1844,147,49,50,0,0,48.53,0.1241,0,1,22.681
1845,400,46,46,0,0,41.35,0.1236,0,1,22.6718
1846,372,49,50,0,0,45.63,0.1231,0,1,22.6684
1847,146,49,50,0,0,48.39,0.1227,0,1,22.6663
1848,208,49,50,0,0,47.57,0.1222,0,1,22.6622
1849,137,49,50,0,0,48.23,0.1217,0,1,22.6614
1850,133,49,50,0,0,48.42,0.1212,0,1,22.6684
1851,138,49,50,0,0,48.42,0.1208,0,1,22.6744
1852,141,49,50,0,0,48.29,0.1203,0,1,22.6723
1853,151,49,50,0,0,48.39,0.1198,0,1,22.6788
1854,149,49,50,0,0,48.31,0.1193,0,1,22.6837
1855,216,49,50,0,0,44.74,0.1189,0,1,22.6825
1856,142,49,50,0,0,48.48,0.1184,0,1,22.6876
1857,277,49,50,0,0,46.78,0.1179,0,1,22.6848
1858,131,49,50,0,0,48.44,0.1174,0,1,22.6897
1859,155,49,50,0,0,48.05,0.117,0,1,22.6928
1860,136,49,50,0,0,48.44,0.1165,0,1,22.6953
1861,144,49,50,0,0,48.41,0.116,0,1,22.691
1862,145,49,50,0,0,48.15,0.1156,0,1,22.695
1863,139,49,50,0,0,48.41,0.1151,0,1,22.6922
1864,151,49,50,0,0,48.19,0.1146,0,1,22.6893
1865,359,49,50,0,0,44.51,0.1141,0,1,22.6829
1866,240,49,50,0,0,47.15,0.1137,0,1,22.6837
1867,139,49,50,0,0,48.41,0.1132,0,1,22.678
1868,128,49,50,0,0,48.57,0.1127,0,1,22.6833
1869,156,49,50,0,0,48.14,0.1122,0,1,22.687
1870,172,49,50,0,0,47.98,0.1118,0,1,22.6903
1871,145,49,50,0,0,48.35,0.1113,0,1,22.6873
1872,128,49,50,0,0,48.57,0.1108,0,1,22.6823
1873,126,49,50,0,0,48.69,0.1103,0,1,22.6884
1874,121,49,50,0,0,48.59,0.1099,0,1,22.6943
1875,128,49,50,0,0,48.57,0.1094,0,1,22.6985
1876,146,49,50,0,0,48.34,0.1089,0,1,22.7025
1877,147,49,50,0,0,48.38,0.1084,0,1,22.7061
1878,146,49,50,0,0,48.24,0.108,0,1,22.7093
1879,136,49,50,0,0,48.64,0.1075,0,1,22.7113
1880,142,49,50,0,0,48.38,0.107,0,1,22.7145
1881,153,49,50,0,0,48.32,0.1065,0,1,22.7185
1882,123,49,50,0,0,48.77,0.1061,0,1,22.715
1883,135,49,50,0,0,48.4,0.1056,0,1,22.7208
1884,138,49,50,0,0,48.42,0.1051,0,1,22.7257
1885,145,49,50,0,0,48.4,0.1046,0,1,22.7301
1886,183,49,50,0,0,47.87,0.1042,0,1,22.7308
1887,168,49,50,0,0,48.12,0.1037,0,1,22.7313
1888,290,49,50,0,0,46.8,0.1032,0,1,22.7285
1889,268,49,50,0,0,46.72,0.1027,0,1,22.7254
1890,396,49,50,0,0,45.39,0.1023,0,1,22.7069
1891,264,49,50,0,0,46.91,0.1018,0,1,22.7035
1892,135,49,50,0,0,48.45,0.1013,0,1,22.6995
1893,161,49,50,0,0,48.19,0.1008,0,1,22.6973
1894,221,49,50,0,0,47.39,0.1004,0,1,22.6982
1895,139,49,50,0,0,48.31,0.0999,0,1,22.6954
1896,155,49,50,0,0,47.5,0.0994,0,1,22.6992
1897,131,49,50,0,0,48.59,0.0989,0,1,22.704
1898,189,49,50,0,0,46.41,0.0985,0,1,22.6986
1899,117,49,50,0,0,48.73,0.098,0,1,22.6955
1900,125,49,50,0,0,48.65,0.0975,0,1,22.7008
1901,128,49,50,0,0,48.47,0.097,0,1,22.7003
1902,145,49,50,0,0,48.35,0.0966,0,1,22.7003
1903,158,49,50,0,0,48.17,0.0961,0,1,22.6961
1904,138,49,50,0,0,48.42,0.0956,0,1,22.7037
1905,143,49,50,0,0,48.47,0.0951,0,1,22.7098
1906,145,49,50,0,0,48.45,0.0947,0,1,22.7151
1907,121,49,50,0,0,48.59,0.0942,0,1,22.7154
1908,144,49,50,0,0,48.41,0.0937,0,1,22.7205
1909,154,49,50,0,0,48.26,0.0932,0,1,22.726
1910,134,49,50,0,0,48.61,0.0928,0,1,22.7291
1911,147,49,50,0,0,48.28,0.0923,0,1,22.7327
1912,131,49,50,0,0,48.69,0.0918,0,1,22.7304
1913,141,49,50,0,0,48.39,0.0913,0,1,22.7287
1914,107,49,50,0,0,48.88,0.0909,0,1,22.7347
1915,129,49,50,0,0,48.61,0.0904,0,1,22.7398
1916,152,49,50,0,0,48.13,0.0899,0,1,22.7432
1917,148,49,50,0,0,48.27,0.0894,0,1,22.74
1918,139,49,50,0,0,48.36,0.089,0,1,22.7442
1919,134,49,50,0,0,48.51,0.0885,0,1,22.7494
1920,400,45,45,0,0,40.65,0.088,0,1,22.7343
1921,135,49,50,0,0,48.25,0.0875,0,1,22.7387
1922,126,49,50,0,0,48.54,0.0871,0,1,22.744
1923,155,49,50,0,0,48.25,0.0866,0,1,22.7465
1924,161,49,50,0,0,47.99,0.0861,0,1,22.7439
1925,400,49,49,0,0,44.55,0.0856,0,1,22.7315
1926,132,49,50,0,0,48.53,0.0852,0,1,22.7291
1927,139,49,50,0,0,48.51,0.0847,0,1,22.7276
1928,220,49,50,0,0,45.95,0.0842,0,1,22.7218
1929,120,49,50,0,0,48.65,0.0837,0,1,22.7212
1930,151,49,50,0,0,48.24,0.0833,0,1,22.728
1931,130,49,50,0,0,48.55,0.0828,0,1,22.7333
1932,142,49,50,0,0,48.43,0.0823,0,1,22.7379
1933,235,49,50,0,0,47.15,0.0818,0,1,22.7382
1934,129,49,50,0,0,48.51,0.0814,0,1,22.7353
1935,128,49,50,0,0,48.47,0.0809,0,1,22.7343
1936,144,49,50,0,0,48.51,0.0804,0,1,22.7334
1937,135,49,50,0,0,48.4,0.0799,0,1,22.7404
1938,121,49,50,0,0,48.64,0.0795,0,1,22.7481
1939,116,49,50,0,0,48.79,0.079,0,1,22.7532
1940,189,49,50,0,0,47.71,0.0785,0,1,22.7535
1941,130,49,50,0,0,48.65,0.078,0,1,22.7517
1942,400,46,46,0,0,41.65,0.0776,0,1,22.7373
1943,137,49,50,0,0,48.43,0.0771,0,1,22.7419
1944,129,49,50,0,0,48.61,0.0766,0,1,22.7367
1945,136,49,50,0,0,48.54,0.0761,0,1,22.7426
1946,134,49,50,0,0,48.46,0.0757,0,1,22.7466
1947,180,49,50,0,0,47.95,0.0752,0,1,22.7389
1948,197,49,50,0,0,47.68,0.0747,0,1,22.7417
1949,128,49,50,0,0,48.47,0.0742,0,1,22.7449
1950,133,49,50,0,0,48.37,0.0738,0,1,22.7397
1951,117,49,50,0,0,48.73,0.0733,0,1,22.7438
1952,199,49,50,0,0,47.86,0.0728,0,1,22.7453
1953,149,49,50,0,0,48.41,0.0723,0,1,22.7395
1954,400,30,30,0,0,25.6,0.0719,0,1,22.7302
1955,400,36,36,0,0,31.55,0.0714,0,1,22.7093
1956,400,39,39,0,0,34.65,0.0709,0,1,22.6939
1957,169,49,50,0,0,46.41,0.0704,0,1,22.6943
1958,127,49,50,0,0,48.63,0.07,0,1,22.6917
1959,165,49,50,0,0,46.4,0.0695,0,1,22.6937
1960,139,49,50,0,0,48.46,0.069,0,1,22.698
1961,133,49,50,0,0,48.62,0.0685,0,1,22.7003
1962,122,49,50,0,0,48.53,0.0681,0,1,22.6981
1963,151,49,50,0,0,48.24,0.0676,0,1,22.7012
1964,139,49,50,0,0,48.51,0.0671,0,1,22.7
1965,213,49,50,0,0,45.97,0.0666,0,1,22.7004
1966,118,49,50,0,0,48.67,0.0662,0,1,22.7046
1967,127,49,50,0,0,48.68,0.0657,0,1,22.7092
1968,123,49,50,0,0,48.72,0.0652,0,1,22.7147
1969,135,49,50,0,0,48.55,0.0647,0,1,22.7181
1970,117,49,50,0,0,48.73,0.0643,0,1,22.7226
1971,139,49,50,0,0,48.36,0.0638,0,1,22.7264
1972,126,49,50,0,0,48.69,0.0633,0,1,22.7276
1973,124,49,50,0,0,48.71,0.0628,0,1,22.7242
1974,138,49,50,0,0,48.57,0.0624,0,1,22.7284
1975,123,49,50,0,0,48.62,0.0619,0,1,22.733
1976,400,43,43,0,0,38.75,0.0614,0,1,22.7212
1977,130,49,50,0,0,48.65,0.0609,0,1,22.7171
1978,131,49,50,0,0,48.59,0.0605,0,1,22.7218
1979,116,49,50,0,0,48.69,0.06,0,1,22.7201
1980,141,49,50,0,0,48.39,0.0595,0,1,22.716
1981,135,49,50,0,0,48.35,0.059,0,1,22.716
1982,134,49,50,0,0,48.41,0.0586,0,1,22.7214
1983,137,49,50,0,0,48.43,0.0581,0,1,22.7158
1984,129,49,50,0,0,48.66,0.0576,0,1,22.7216
1985,128,49,50,0,0,48.57,0.0571,0,1,22.7265
1986,147,49,50,0,0,47.93,0.0567,0,1,22.7298
1987,138,49,50,0,0,48.62,0.0562,0,1,22.7331
1988,130,49,50,0,0,48.55,0.0557,0,1,22.7369
1989,188,49,50,0,0,45.47,0.0552,0,1,22.7364
1990,121,49,50,0,0,48.74,0.0548,0,1,22.7403
1991,119,49,50,0,0,48.71,0.0543,0,1,22.744
1992,127,49,50,0,0,48.73,0.0538,0,1,22.7403
1993,129,49,50,0,0,48.61,0.0533,0,1,22.7349
1994,123,49,50,0,0,48.67,0.0529,0,1,22.7327
1995,123,49,50,0,0,48.67,0.0524,0,1,22.732
1996,121,49,50,0,0,48.69,0.0519,0,1,22.7377
1997,137,49,50,0,0,48.43,0.0514,0,1,22.7433
1998,124,49,50,0,0,48.76,0.051,0,1,22.7484
1999,140,49,50,0,0,48.45,0.0505,0,1,22.7458
2000,125,49,50,0,0,48.75,0.05,0,1,22.7456
2001,127,49,50,0,0,48.73,0.05,0,1,22.7464
2002,142,49,50,0,0,48.53,0.05,0,1,22.7441
2003,128,49,50,0,0,48.57,0.05,0,1,22.7511
2004,125,49,50,0,0,48.7,0.05,0,1,22.7576
2005,115,49,50,0,0,48.85,0.05,0,1,22.7573
2006,144,49,50,0,0,48.46,0.05,0,1,22.7634
2007,132,49,50,0,0,48.63,0.05,0,1,22.7683
2008,142,49,50,0,0,48.43,0.05,0,1,22.7727
2009,126,49,50,0,0,48.59,0.05,0,1,22.7701
2010,116,49,50,0,0,48.79,0.05,0,1,22.7751
2011,125,49,50,0,0,48.65,0.05,0,1,22.7741
2012,127,49,50,0,0,48.73,0.05,0,1,22.7742
2013,132,49,50,0,0,48.63,0.05,0,1,22.7804
2014,135,49,50,0,0,48.55,0.05,0,1,22.7867
2015,131,49,50,0,0,48.64,0.05,0,1,22.7914
2016,135,49,50,0,0,48.55,0.05,0,1,22.7949
2017,400,29,29,0,0,24.8,0.05,0,1,22.7889
2018,400,28,28,0,0,23.85,0.05,0,1,22.7661
2019,400,40,40,0,0,35.55,0.05,0,1,22.7503
2020,129,49,50,0,0,48.61,0.05,0,1,22.7447
2021,116,49,50,0,0,48.84,0.05,0,1,22.7477
2022,139,49,50,0,0,48.61,0.05,0,1,22.7497
2023,400,44,44,0,0,39.8,0.05,0,1,22.7464
2024,400,38,38,0,0,33.7,0.05,0,1,22.7378
2025,400,7,7,0,0,2.75,0.05,0,1,22.7176
2026,400,12,12,0,0,7.7,0.05,0,1,22.6911
2027,400,3,3,0,0,-4.05,0.05,0,1,22.6576
2028,400,3,3,0,0,-5.3,0.05,0,1,22.6244
2029,400,12,12,0,0,6.7,0.05,0,1,22.5926
2030,400,6,6,0,0,-1.55,0.05,0,1,22.5624
2031,400,3,3,0,0,-1.35,0.05,0,1,22.5239
2032,400,31,31,0,0,26.75,0.05,0,1,22.5073
2033,400,44,44,0,0,31.35,0.05,0,1,22.4854
2034,138,49,50,0,0,48.52,0.05,0,1,22.4871
2035,400,49,49,0,0,44.6,0.05,0,1,22.4688
2036,117,49,50,0,0,48.83,0.05,0,1,22.4647
2037,127,49,50,0,0,48.58,0.05,0,1,22.4688
2038,130,49,50,0,0,48.65,0.05,0,1,22.4671
2039,158,49,50,0,0,47.37,0.05,0,1,22.4703
2040,131,49,50,0,0,48.49,0.05,0,1,22.4693
2041,123,49,50,0,0,48.62,0.05,0,1,22.4748
2042,125,49,50,0,0,48.7,0.05,0,1,22.4792
2043,139,49,50,0,0,48.61,0.05,0,1,22.4765
2044,132,49,50,0,0,48.63,0.05,0,1,22.4759
2045,163,49,50,0,0,47.67,0.05,0,1,22.4798
2046,138,49,50,0,0,48.57,0.05,0,1,22.4748
2047,129,49,50,0,0,48.61,0.05,0,1,22.4718
2048,161,49,50,0,0,46.79,0.05,0,1,22.475
2049,136,49,50,0,0,48.49,0.05,0,1,22.4697
2050,172,49,50,0,0,48.23,0.05,0,1,22.4741
2051,132,49,50,0,0,48.63,0.05,0,1,22.4786
2052,136,49,50,0,0,48.44,0.05,0,1,22.484
2053,120,49,50,0,0,48.7,0.05,0,1,22.4898
2054,141,49,50,0,0,48.44,0.05,0,1,22.4933
2055,115,49,50,0,0,48.7,0.05,0,1,22.4981
2056,139,49,50,0,0,48.61,0.05,0,1,22.5011
2057,119,49,50,0,0,48.66,0.05,0,1,22.5056
2058,119,49,50,0,0,48.71,0.05,0,1,22.5093
2059,131,49,50,0,0,48.49,0.05,0,1,22.5064
2060,126,49,50,0,0,48.69,0.05,0,1,22.503
2061,120,49,50,0,0,48.75,0.05,0,1,22.4972
2062,135,49,50,0,0,48.45,0.05,0,1,22.496
2063,127,49,50,0,0,48.73,0.05,0,1,22.5019
2064,137,49,50,0,0,48.38,0.05,0,1,22.509
2065,128,49,50,0,0,48.67,0.05,0,1,22.5123
2066,115,49,50,0,0,48.7,0.05,0,1,22.5178
2067,127,49,50,0,0,48.58,0.05,0,1,22.524
2068,117,49,50,0,0,48.73,0.05,0,1,22.5221
2069,135,49,50,0,0,48.6,0.05,0,1,22.5266
2070,141,49,50,0,0,48.49,0.05,0,1,22.521
2071,120,49,50,0,0,48.8,0.05,0,1,22.5258
2072,126,49,50,0,0,48.69,0.05,0,1,22.5299
2073,124,49,50,0,0,48.71,0.05,0,1,22.5238
2074,118,49,50,0,0,48.67,0.05,0,1,22.5287
2075,139,49,50,0,0,48.61,0.05,0,1,22.5326
2076,128,49,50,0,0,48.67,0.05,0,1,22.5373
2077,142,49,50,0,0,48.48,0.05,0,1,22.5413
2078,131,49,50,0,0,48.59,0.05,0,1,22.5369
2079,138,49,50,0,0,48.42,0.05,0,1,22.5418
2080,138,49,50,0,0,48.42,0.05,0,1,22.5481
2081,114,49,50,0,0,48.76,0.05,0,1,22.5522
2082,126,49,50,0,0,48.59,0.05,0,1,22.5557
2083,135,49,50,0,0,48.55,0.05,0,1,22.5584
2084,120,49,50,0,0,48.75,0.05,0,1,22.5618
2085,122,49,50,0,0,48.73,0.05,0,1,22.5601
2086,126,49,50,0,0,48.64,0.05,0,1,22.5654
2087,128,49,50,0,0,48.62,0.05,0,1,22.5695
2088,120,49,50,0,0,48.75,0.05,0,1,22.5735
2089,144,49,50,0,0,48.46,0.05,0,1,22.5766
2090,142,49,50,0,0,48.53,0.05,0,1,22.5742
2091,124,49,50,0,0,48.66,0.05,0,1,22.5793
2092,137,49,50,0,0,48.43,0.05,0,1,22.5751
2093,138,49,50,0,0,48.47,0.05,0,1,22.5786
2094,130,49,50,0,0,48.65,0.05,0,1,22.5768
2095,139,49,50,0,0,48.61,0.05,0,1,22.5811
2096,128,49,50,0,0,48.67,0.05,0,1,22.5859
2097,134,49,50,0,0,48.61,0.05,0,1,22.5819
2098,137,49,50,0,0,48.58,0.05,0,1,22.5867
2099,123,49,50,0,0,48.67,0.05,0,1,22.5859
2100,137,49,50,0,0,48.43,0.05,0,1,22.5831
2101,135,49,50,0,0,48.55,0.05,0,1,22.5887
2102,137,49,50,0,0,48.53,0.05,0,1,22.5937
2103,117,49,50,0,0,48.73,0.05,0,1,22.5921
2104,142,49,50,0,0,48.43,0.05,0,1,22.5915
2105,129,49,50,0,0,48.46,0.05,0,1,22.599
2106,126,49,50,0,0,48.59,0.05,0,1,22.5989
2107,143,49,50,0,0,48.47,0.05,0,1,22.5975
2108,121,49,50,0,0,48.74,0.05,0,1,22.6046
2109,131,49,50,0,0,48.59,0.05,0,1,22.6104
2110,151,49,50,0,0,48.39,0.05,0,1,22.6163
2111,125,49,50,0,0,48.75,0.05,0,1,22.6212
2112,131,49,50,0,0,48.59,0.05,0,1,22.6265
2113,120,49,50,0,0,48.7,0.05,0,1,22.6323
2114,130,49,50,0,0,48.55,0.05,0,1,22.6356
2115,137,49,50,0,0,48.53,0.05,0,1,22.6393
2116,128,49,50,0,0,48.62,0.05,0,1,22.6424
2117,137,49,50,0,0,48.53,0.05,0,1,22.6365
2118,119,49,50,0,0,48.71,0.05,0,1,22.6398
2119,126,49,50,0,0,48.64,0.05,0,1,22.6429
2120,135,49,50,0,0,48.5,0.05,0,1,22.6478
2121,121,49,50,0,0,48.79,0.05,0,1,22.6502
2122,151,49,50,0,0,48.49,0.05,0,1,22.6516
2123,129,49,50,0,0,48.71,0.05,0,1,22.6541
2124,120,49,50,0,0,48.7,0.05,0,1,22.6583
2125,118,49,50,0,0,48.67,0.05,0,1,22.6564
2126,125,49,50,0,0,48.75,0.05,0,1,22.6595
2127,122,49,50,0,0,48.73,0.05,0,1,22.6578
2128,122,49,50,0,0,48.73,0.05,0,1,22.6622
2129,147,49,50,0,0,48.38,0.05,0,1,22.668
2130,123,49,50,0,0,48.67,0.05,0,1,22.6714
2131,127,49,50,0,0,48.68,0.05,0,1,22.676
2132,134,49,50,0,0,48.66,0.05,0,1,22.6797
2133,273,49,50,0,0,46.97,0.05,0,1,22.6749
2134,137,49,50,0,0,48.58,0.05,0,1,22.6785
2135,127,49,50,0,0,48.68,0.05,0,1,22.6817
2136,148,49,50,0,0,48.37,0.05,0,1,22.6846
2137,400,17,17,0,0,12.7,0.05,0,1,22.6767
2138,400,15,15,0,0,10.8,0.05,0,1,22.6609
2139,400,21,21,0,0,16.6,0.05,0,1,22.6442
2140,400,34,34,0,0,29.85,0.05,0,1,22.6201
2141,400,23,23,0,0,18.45,0.05,0,1,22.5992
2142,400,8,8,0,0,3.75,0.05,0,1,22.5788
2143,400,25,25,0,0,20.8,0.05,0,1,22.5609
2144,400,17,17,0,0,12.65,0.05,0,1,22.5351
2145,400,1,1,0,0,-3.35,0.05,0,1,22.4993
2146,400,46,46,0,0,35.35,0.05,0,1,22.4745
2147,304,49,50,0,0,42.81,0.05,0,1,22.4605
2148,132,49,50,0,0,48.63,0.05,0,1,22.4558
2149,132,49,50,0,0,48.63,0.05,0,1,22.4591
2150,130,49,50,0,0,48.55,0.05,0,1,22.4628
2151,116,49,50,0,0,48.79,0.05,0,1,22.4595
2152,129,49,50,0,0,48.71,0.05,0,1,22.4538
2153,133,49,50,0,0,48.42,0.05,0,1,22.4583
2154,225,49,50,0,0,46.6,0.05,0,1,22.4591
2155,130,49,50,0,0,48.5,0.05,0,1,22.4631
2156,118,49,50,0,0,48.82,0.05,0,1,22.4664
2157,317,49,50,0,0,46.58,0.05,0,1,22.4651
2158,142,49,50,0,0,48.23,0.05,0,1,22.4675
2159,125,49,50,0,0,48.75,0.05,0,1,22.4649
2160,131,49,50,0,0,48.54,0.05,0,1,22.4682
2161,124,49,50,0,0,48.61,0.05,0,1,22.4656
2162,155,49,50,0,0,47.45,0.05,0,1,22.4613
2163,129,49,50,0,0,48.66,0.05,0,1,22.4657
2164,258,49,50,0,0,44.37,0.05,0,1,22.4606
2165,125,49,50,0,0,48.65,0.05,0,1,22.4639
2166,124,49,50,0,0,48.76,0.05,0,1,22.4691
2167,137,49,50,0,0,48.53,0.05,0,1,22.4639
2168,124,49,50,0,0,48.71,0.05,0,1,22.4681
2169,135,49,50,0,0,48.5,0.05,0,1,22.4708
2170,147,49,50,0,0,48.33,0.05,0,1,22.4647
2171,245,49,50,0,0,47.2,0.05,0,1,22.4659
2172,138,49,50,0,0,48.57,0.05,0,1,22.4691
2173,132,49,50,0,0,48.68,0.05,0,1,22.4723
2174,167,49,50,0,0,48.33,0.05,0,1,22.4736
2175,117,49,50,0,0,48.73,0.05,0,1,22.4715
2176,173,49,50,0,0,48.12,0.05,0,1,22.4743
2177,180,49,50,0,0,48.0,0.05,0,1,22.4775
2178,141,49,50,0,0,48.39,0.05,0,1,22.4745
2179,348,49,50,0,0,44.92,0.05,0,1,22.4669
2180,122,49,50,0,0,48.73,0.05,0,1,22.4656
2181,126,49,50,0,0,48.54,0.05,0,1,22.4713
2182,128,49,50,0,0,48.52,0.05,0,1,22.4766
2183,196,49,50,0,0,47.94,0.05,0,1,22.4784
2184,114,49,50,0,0,48.86,0.05,0,1,22.4823
2185,112,49,50,0,0,48.83,0.05,0,1,22.4848
2186,146,49,50,0,0,48.39,0.05,0,1,22.4864
2187,124,49,50,0,0,48.66,0.05,0,1,22.4902
2188,400,47,47,0,0,42.75,0.05,0,1,22.4696
2189,136,49,50,0,0,48.64,0.05,0,1,22.472
2190,218,49,50,0,0,47.67,0.05,0,1,22.472
2191,400,49,49,0,0,44.8,0.05,0,1,22.4646
2192,134,49,50,0,0,48.61,0.05,0,1,22.4668
2193,132,49,50,0,0,48.63,0.05,0,1,22.4695
2194,129,49,50,0,0,48.66,0.05,0,1,22.4721
2195,134,49,50,0,0,48.56,0.05,0,1,22.4737
2196,358,49,50,0,0,46.27,0.05,0,1,22.4591
2197,245,49,50,0,0,47.3,0.05,0,1,22.4586
2198,139,49,50,0,0,48.61,0.05,0,1,22.452
2199,138,49,50,0,0,48.57,0.05,0,1,22.4557
2200,117,49,50,0,0,48.83,0.05,0,1,22.459
2201,121,49,50,0,0,48.74,0.05,0,1,22.4625
2202,186,49,50,0,0,48.09,0.05,0,1,22.4643
2203,131,49,50,0,0,48.64,0.05,0,1,22.4679
2204,120,49,50,0,0,48.7,0.05,0,1,22.4719
2205,165,49,50,0,0,48.35,0.05,0,1,22.4721
2206,135,49,50,0,0,48.6,0.05,0,1,22.4745
2207,127,49,50,0,0,48.68,0.05,0,1,22.4768
2208,139,49,50,0,0,48.46,0.05,0,1,22.478
2209,105,49,50,0,0,48.85,0.05,0,1,22.4754
2210,121,49,50,0,0,48.69,0.05,0,1,22.4789
2211,127,49,50,0,0,48.63,0.05,0,1,22.4774
2212,258,49,50,0,0,46.07,0.05,0,1,22.4645
2213,121,49,50,0,0,48.79,0.05,0,1,22.4631
2214,139,49,50,0,0,48.41,0.05,0,1,22.4625
2215,123,49,50,0,0,48.67,0.05,0,1,22.4623
2216,138,49,50,0,0,48.57,0.05,0,1,22.4624
2217,114,49,50,0,0,48.81,0.05,0,1,22.4631
2218,131,49,50,0,0,48.54,0.05,0,1,22.4707
2219,139,49,50,0,0,48.51,0.05,0,1,22.4768
2220,132,49,50,0,0,48.53,0.05,0,1,22.4818
2221,137,49,50,0,0,48.43,0.05,0,1,22.4806
2222,124,49,50,0,0,48.61,0.05,0,1,22.48
2223,323,49,50,0,0,45.97,0.05,0,1,22.467
2224,141,49,50,0,0,48.44,0.05,0,1,22.473
2225,118,49,50,0,0,48.62,0.05,0,1,22.4783
2226,140,49,50,0,0,48.6,0.05,0,1,22.4838
2227,218,49,50,0,0,47.07,0.05,0,1,22.4846
2228,130,49,50,0,0,48.55,0.05,0,1,22.4823
2229,126,49,50,0,0,48.59,0.05,0,1,22.4767
2230,136,49,50,0,0,48.59,0.05,0,1,22.4772
2231,123,49,50,0,0,48.72,0.05,0,1,22.4842
2232,139,49,50,0,0,48.41,0.05,0,1,22.4838
2233,138,49,50,0,0,48.52,0.05,0,1,22.4894
2234,113,49,50,0,0,48.87,0.05,0,1,22.4943
2235,129,49,50,0,0,48.66,0.05,0,1,22.4997
2236,131,49,50,0,0,48.49,0.05,0,1,22.5044
2237,133,49,50,0,0,48.67,0.05,0,1,22.5083
2238,120,49,50,0,0,48.75,0.05,0,1,22.5124
2239,133,49,50,0,0,48.62,0.05,0,1,22.5167
2240,139,49,50,0,0,48.56,0.05,0,1,22.5205
2241,123,49,50,0,0,48.67,0.05,0,1,22.5232
2242,123,49,50,0,0,48.42,0.05,0,1,22.528
2243,113,49,50,0,0,48.82,0.05,0,1,22.5319
2244,130,49,50,0,0,48.65,0.05,0,1,22.5283
2245,138,49,50,0,0,48.52,0.05,0,1,22.5316
2246,129,49,50,0,0,48.71,0.05,0,1,22.5295
2247,143,49,50,0,0,48.52,0.05,0,1,22.533
2248,121,49,50,0,0,48.69,0.05,0,1,22.5286
2249,137,49,50,0,0,48.53,0.05,0,1,22.5325
2250,124,49,50,0,0,48.76,0.05,0,1,22.5367
2251,140,49,50,0,0,48.35,0.05,0,1,22.5401
2252,128,49,50,0,0,48.57,0.05,0,1,22.5374
2253,152,49,50,0,0,48.33,0.05,0,1,22.5359
2254,131,49,50,0,0,48.69,0.05,0,1,22.5398
2255,120,49,50,0,0,48.65,0.05,0,1,22.5361
2256,134,49,50,0,0,48.51,0.05,0,1,22.5403
2257,135,49,50,0,0,48.65,0.05,0,1,22.5451
2258,141,49,50,0,0,48.29,0.05,0,1,22.5443
2259,133,49,50,0,0,48.52,0.05,0,1,22.5495
2260,148,49,50,0,0,48.27,0.05,0,1,22.5539
2261,124,49,50,0,0,48.71,0.05,0,1,22.5493
2262,129,49,50,0,0,48.46,0.05,0,1,22.5542
2263,129,49,50,0,0,48.71,0.05,0,1,22.5527
2264,127,49,50,0,0,48.58,0.05,0,1,22.558
2265,108,49,50,0,0,48.77,0.05,0,1,22.5584
2266,132,49,50,0,0,48.63,0.05,0,1,22.5628
2267,137,49,50,0,0,48.53,0.05,0,1,22.5681
2268,150,49,50,0,0,48.35,0.05,0,1,22.5663
2269,132,49,50,0,0,48.58,0.05,0,1,22.5712
2270,136,49,50,0,0,48.49,0.05,0,1,22.5752
2271,121,49,50,0,0,48.69,0.05,0,1,22.5794
2272,128,49,50,0,0,48.57,0.05,0,1,22.5784
2273,133,49,50,0,0,48.67,0.05,0,1,22.5758
2274,136,49,50,0,0,48.49,0.05,0,1,22.5816
2275,139,49,50,0,0,48.36,0.05,0,1,22.5868
2276,114,49,50,0,0,48.81,0.05,0,1,22.5817
2277,127,49,50,0,0,48.68,0.05,0,1,22.5872
2278,127,49,50,0,0,48.53,0.05,0,1,22.5915
2279,122,49,50,0,0,48.68,0.05,0,1,22.597
2280,129,49,50,0,0,48.61,0.05,0,1,22.5946
2281,141,49,50,0,0,48.59,0.05,0,1,22.5971
2282,135,49,50,0,0,48.6,0.05,0,1,22.601
2283,120,49,50,0,0,48.75,0.05,0,1,22.6043
2284,121,49,50,0,0,48.79,0.05,0,1,22.6027
2285,146,49,50,0,0,48.44,0.05,0,1,22.6065
2286,135,49,50,0,0,48.55,0.05,0,1,22.6105
2287,124,49,50,0,0,48.66,0.05,0,1,22.6153
2288,129,49,50,0,0,48.71,0.05,0,1,22.6127
2289,124,49,50,0,0,48.71,0.05,0,1,22.6117
2290,129,49,50,0,0,48.61,0.05,0,1,22.6081
2291,119,49,50,0,0,48.76,0.05,0,1,22.6139
2292,140,49,50,0,0,48.55,0.05,0,1,22.6184
2293,125,49,50,0,0,48.75,0.05,0,1,22.616
2294,145,49,50,0,0,48.4,0.05,0,1,22.6213
2295,120,49,50,0,0,48.7,0.05,0,1,22.6269
2296,125,49,50,0,0,48.7,0.05,0,1,22.6312
2297,139,49,50,0,0,48.41,0.05,0,1,22.6348
2298,136,49,50,0,0,48.59,0.05,0,1,22.6319
2299,126,49,50,0,0,48.49,0.05,0,1,22.6279
2300,132,49,50,0,0,48.68,0.05,0,1,22.6319
2301,137,49,50,0,0,48.53,0.05,0,1,22.6356
2302,120,49,50,0,0,48.7,0.05,0,1,22.6401
2303,147,49,50,0,0,48.43,0.05,0,1,22.6434
2304,142,49,50,0,0,48.28,0.05,0,1,22.647
2305,125,49,50,0,0,48.75,0.05,0,1,22.6445
2306,143,49,50,0,0,48.52,0.05,0,1,22.6492
2307,135,49,50,0,0,48.55,0.05,0,1,22.6521
2308,122,49,50,0,0,48.68,0.05,0,1,22.6561
2309,133,49,50,0,0,48.67,0.05,0,1,22.6529
2310,132,49,50,0,0,48.58,0.05,0,1,22.6596
2311,127,49,50,0,0,48.73,0.05,0,1,22.6578
2312,129,49,50,0,0,48.61,0.05,0,1,22.6639
2313,132,49,50,0,0,48.53,0.05,0,1,22.6677
2314,133,49,50,0,0,48.67,0.05,0,1,22.6624
2315,140,49,50,0,0,48.5,0.05,0,1,22.6665
2316,134,49,50,0,0,48.66,0.05,0,1,22.6698
2317,122,49,50,0,0,48.68,0.05,0,1,22.6735
2318,130,49,50,0,0,48.7,0.05,0,1,22.6775
2319,118,49,50,0,0,48.82,0.05,0,1,22.6813
2320,130,49,50,0,0,48.6,0.05,0,1,22.6858
2321,140,49,50,0,0,48.55,0.05,0,1,22.687
2322,135,49,50,0,0,48.55,0.05,0,1,22.6837
2323,140,49,50,0,0,48.55,0.05,0,1,22.6871
2324,129,49,50,0,0,48.61,0.05,0,1,22.6847
2325,128,49,50,0,0,48.62,0.05,0,1,22.6896
2326,114,49,50,0,0,48.81,0.05,0,1,22.6938
2327,132,49,50,0,0,48.63,0.05,0,1,22.6905
2328,130,49,50,0,0,48.65,0.05,0,1,22.6894
2329,145,49,50,0,0,48.5,0.05,0,1,22.6943
2330,138,49,50,0,0,48.47,0.05,0,1,22.6927
2331,140,49,50,0,0,48.45,0.05,0,1,22.6971
2332,124,49,50,0,0,48.71,0.05,0,1,22.6923
2333,116,49,50,0,0,48.84,0.05,0,1,22.6974
2334,133,49,50,0,0,48.57,0.05,0,1,22.6962
2335,135,49,50,0,0,48.65,0.05,0,1,22.696
2336,126,49,50,0,0,48.49,0.05,0,1,22.7034
2337,121,49,50,0,0,48.79,0.05,0,1,22.7028
2338,122,49,50,0,0,48.73,0.05,0,1,22.7043
2339,400,48,48,0,0,43.6,0.05,0,1,22.7027
2340,211,49,50,0,0,47.74,0.05,0,1,22.7046
2341,130,49,50,0,0,48.55,0.05,0,1,22.6993
2342,137,49,50,0,0,48.58,0.05,0,1,22.7038
2343,126,49,50,0,0,48.64,0.05,0,1,22.7081
2344,127,49,50,0,0,48.63,0.05,0,1,22.7028
2345,132,49,50,0,0,48.63,0.05,0,1,22.7026
2346,122,49,50,0,0,48.73,0.05,0,1,22.7073
2347,134,49,50,0,0,48.56,0.05,0,1,22.7131
2348,142,49,50,0,0,48.43,0.05,0,1,22.7162
2349,115,49,50,0,0,48.85,0.05,0,1,22.7153
2350,140,49,50,0,0,48.55,0.05,0,1,22.7134
2351,136,49,50,0,0,48.59,0.05,0,1,22.7176
2352,134,49,50,0,0,48.56,0.05,0,1,22.7234
2353,142,49,50,0,0,48.53,0.05,0,1,22.7217
2354,134,49,50,0,0,48.61,0.05,0,1,22.727
2355,145,49,50,0,0,48.4,0.05,0,1,22.7322
2356,138,49,50,0,0,48.57,0.05,0,1,22.7363
2357,143,49,50,0,0,48.47,0.05,0,1,22.7318
2358,125,49,50,0,0,48.75,0.05,0,1,22.7342
2359,132,49,50,0,0,48.53,0.05,0,1,22.7314
2360,121,49,50,0,0,48.69,0.05,0,1,22.7301
2361,127,49,50,0,0,48.63,0.05,0,1,22.7353
2362,134,49,50,0,0,48.66,0.05,0,1,22.74
2363,127,49,50,0,0,48.63,0.05,0,1,22.7378
2364,142,49,50,0,0,48.53,0.05,0,1,22.7415
2365,147,49,50,0,0,48.43,0.05,0,1,22.7459
2366,148,49,50,0,0,48.37,0.05,0,1,22.7407
2367,134,49,50,0,0,48.61,0.05,0,1,22.7402
2368,124,49,50,0,0,48.66,0.05,0,1,22.7456
2369,140,49,50,0,0,48.45,0.05,0,1,22.7412
2370,136,49,50,0,0,48.34,0.05,0,1,22.748
2371,126,49,50,0,0,48.59,0.05,0,1,22.7472
2372,120,49,50,0,0,48.7,0.05,0,1,22.7542
2373,137,49,50,0,0,48.58,0.05,0,1,22.7594
2374,136,49,50,0,0,48.29,0.05,0,1,22.7655
2375,151,49,50,0,0,48.49,0.05,0,1,22.7682
2376,126,49,50,0,0,48.69,0.05,0,1,22.7708
2377,139,49,50,0,0,48.61,0.05,0,1,22.7739
2378,139,49,50,0,0,48.56,0.05,0,1,22.7758
2379,143,49,50,0,0,48.52,0.05,0,1,22.7795
2380,135,49,50,0,0,48.55,0.05,0,1,22.774
2381,127,49,50,0,0,48.68,0.05,0,1,22.7773
2382,137,49,50,0,0,48.53,0.05,0,1,22.776
2383,121,49,50,0,0,48.69,0.05,0,1,22.7708
2384,116,49,50,0,0,48.79,0.05,0,1,22.7699
2385,122,49,50,0,0,48.68,0.05,0,1,22.7748
2386,132,49,50,0,0,48.63,0.05,0,1,22.7694
2387,256,49,50,0,0,47.34,0.05,0,1,22.7726
2388,125,49,50,0,0,48.65,0.05,0,1,22.7769
2389,146,49,50,0,0,48.44,0.05,0,1,22.7801
2390,134,49,50,0,0,48.51,0.05,0,1,22.7797
2391,142,49,50,0,0,48.28,0.05,0,1,22.7859
2392,118,49,50,0,0,48.77,0.05,0,1,22.7852
2393,130,49,50,0,0,48.7,0.05,0,1,22.7906
2394,126,49,50,0,0,48.59,0.05,0,1,22.786
2395,134,49,50,0,0,48.61,0.05,0,1,22.7911
2396,123,49,50,0,0,48.67,0.05,0,1,22.789
2397,130,49,50,0,0,48.6,0.05,0,1,22.7945
2398,139,49,50,0,0,48.41,0.05,0,1,22.7996
2399,121,49,50,0,0,48.69,0.05,0,1,22.7988
2400,129,49,50,0,0,48.66,0.05,0,1,22.805
2401,126,49,50,0,0,48.69,0.05,0,1,22.8095
2402,129,49,50,0,0,48.61,0.05,0,1,22.8097
2403,137,49,50,0,0,48.63,0.05,0,1,22.809
2404,141,49,50,0,0,48.44,0.05,0,1,22.8142
2405,124,49,50,0,0,48.76,0.05,0,1,22.8197
2406,118,49,50,0,0,48.67,0.05,0,1,22.8194
2407,124,49,50,0,0,48.71,0.05,0,1,22.8188
2408,144,49,50,0,0,48.51,0.05,0,1,22.8147
2409,129,49,50,0,0,48.61,0.05,0,1,22.8152
2410,131,49,50,0,0,48.69,0.05,0,1,22.8209
2411,137,49,50,0,0,48.53,0.05,0,1,22.8208
2412,140,49,50,0,0,48.45,0.05,0,1,22.8226
2413,143,49,50,0,0,48.42,0.05,0,1,22.8296
2414,134,49,50,0,0,48.51,0.05,0,1,22.8256
2415,124,49,50,0,0,48.71,0.05,0,1,22.8267
2416,124,49,50,0,0,48.71,0.05,0,1,22.8279
2417,122,49,50,0,0,48.78,0.05,0,1,22.8347
2418,116,49,50,0,0,48.79,0.05,0,1,22.834
2419,130,49,50,0,0,48.7,0.05,0,1,22.8403
2420,132,49,50,0,0,48.58,0.05,0,1,22.8453
2421,141,49,50,0,0,48.54,0.05,0,1,22.8518
2422,121,49,50,0,0,48.74,0.05,0,1,22.856
2423,133,49,50,0,0,48.67,0.05,0,1,22.8597
2424,144,49,50,0,0,48.51,0.05,0,1,22.8573
2425,119,49,50,0,0,48.71,0.05,0,1,22.8531
2426,124,49,50,0,0,48.71,0.05,0,1,22.8494
2427,280,49,50,0,0,46.85,0.05,0,1,22.8456
2428,166,49,50,0,0,48.24,0.05,0,1,22.8529
2429,123,49,50,0,0,48.67,0.05,0,1,22.8583
2430,136,49,50,0,0,48.54,0.05,0,1,22.8629
2431,133,49,50,0,0,48.62,0.05,0,1,22.8685
2432,157,49,50,0,0,48.33,0.05,0,1,22.8726
2433,135,49,50,0,0,48.5,0.05,0,1,22.8756
2434,152,49,50,0,0,48.33,0.05,0,1,22.87
2435,133,49,50,0,0,48.57,0.05,0,1,22.865
2436,400,41,41,0,0,36.6,0.05,0,1,22.8571
2437,357,49,50,0,0,46.13,0.05,0,1,22.8499
2438,249,49,50,0,0,47.26,0.05,0,1,22.8521
2439,126,49,50,0,0,48.69,0.05,0,1,22.8563
2440,119,49,50,0,0,48.71,0.05,0,1,22.8552
2441,135,49,50,0,0,48.6,0.05,0,1,22.8609
2442,142,49,50,0,0,48.58,0.05,0,1,22.8653
2443,143,49,50,0,0,48.57,0.05,0,1,22.8674
2444,125,49,50,0,0,48.65,0.05,0,1,22.8672
2445,138,49,50,0,0,48.57,0.05,0,1,22.87
2446,118,49,50,0,0,48.77,0.05,0,1,22.8686
2447,126,49,50,0,0,48.69,0.05,0,1,22.8677
2448,136,49,50,0,0,48.59,0.05,0,1,22.8667
2449,131,49,50,0,0,48.49,0.05,0,1,22.872
2450,116,49,50,0,0,48.69,0.05,0,1,22.8765
2451,144,49,50,0,0,48.56,0.05,0,1,22.8802
2452,122,49,50,0,0,48.73,0.05,0,1,22.885
2453,134,49,50,0,0,48.66,0.05,0,1,22.8881
2454,113,49,50,0,0,48.77,0.05,0,1,22.884
2455,129,49,50,0,0,48.61,0.05,0,1,22.8881
2456,121,49,50,0,0,48.69,0.05,0,1,22.8929
2457,131,49,50,0,0,48.64,0.05,0,1,22.8959
2458,136,49,50,0,0,48.49,0.05,0,1,22.899
2459,141,49,50,0,0,48.59,0.05,0,1,22.9015
2460,132,49,50,0,0,48.68,0.05,0,1,22.9053
2461,141,49,50,0,0,48.39,0.05,0,1,22.9087
2462,133,49,50,0,0,48.57,0.05,0,1,22.9058
2463,129,49,50,0,0,48.51,0.05,0,1,22.9052
2464,128,49,50,0,0,48.67,0.05,0,1,22.9048
2465,136,49,50,0,0,48.54,0.05,0,1,22.9103
2466,126,49,50,0,0,48.74,0.05,0,1,22.9153
2467,134,49,50,0,0,48.46,0.05,0,1,22.9187
2468,125,49,50,0,0,48.7,0.05,0,1,22.9229
2469,118,49,50,0,0,48.77,0.05,0,1,22.9211
2470,144,49,50,0,0,48.36,0.05,0,1,22.9253
2471,129,49,50,0,0,48.61,0.05,0,1,22.9228
2472,134,49,50,0,0,48.56,0.05,0,1,22.9278
2473,140,49,50,0,0,48.55,0.05,0,1,22.9201
2474,130,49,50,0,0,48.6,0.05,0,1,22.9259
2475,134,49,50,0,0,48.61,0.05,0,1,22.9292
2476,122,49,50,0,0,48.73,0.05,0,1,22.9267
2477,147,49,50,0,0,48.48,0.05,0,1,22.9311
2478,141,49,50,0,0,48.59,0.05,0,1,22.9353
2479,161,49,50,0,0,48.19,0.05,0,1,22.9387
2480,143,49,50,0,0,48.47,0.05,0,1,22.9361
2481,131,49,50,0,0,48.69,0.05,0,1,22.9392
2482,131,49,50,0,0,48.69,0.05,0,1,22.9331
2483,131,49,50,0,0,48.64,0.05,0,1,22.9376
2484,121,49,50,0,0,48.69,0.05,0,1,22.9412
2485,134,49,50,0,0,48.66,0.05,0,1,22.9441
2486,139,49,50,0,0,48.46,0.05,0,1,22.9486
2487,121,49,50,0,0,48.74,0.05,0,1,22.9527
2488,137,49,50,0,0,48.53,0.05,0,1,22.9465
2489,132,49,50,0,0,48.48,0.05,0,1,22.9511
2490,133,49,50,0,0,48.62,0.05,0,1,22.9535
2491,150,49,50,0,0,48.35,0.05,0,1,22.9512
2492,127,49,50,0,0,48.68,0.05,0,1,22.9556
2493,124,49,50,0,0,48.76,0.05,0,1,22.9597
2494,138,49,50,0,0,48.57,0.05,0,1,22.9562
2495,136,49,50,0,0,48.49,0.05,0,1,22.9546
2496,131,49,50,0,0,48.44,0.05,0,1,22.9608
2497,133,49,50,0,0,48.62,0.05,0,1,22.9649
2498,143,49,50,0,0,48.52,0.05,0,1,22.9691
2499,119,49,50,0,0,48.81,0.05,0,1,22.9675
2500,139,49,50,0,0,48.51,0.05,0,1,22.9661
2501,146,49,50,0,0,48.49,0.05,0,1,22.9645
2502,136,49,50,0,0,48.54,0.05,0,1,22.9708
2503,132,49,50,0,0,48.58,0.05,0,1,22.9769
2504,142,49,50,0,0,48.53,0.05,0,1,22.9712
2505,120,49,50,0,0,48.65,0.05,0,1,22.9758
2506,129,49,50,0,0,48.66,0.05,0,1,22.9794
2507,130,49,50,0,0,48.65,0.05,0,1,22.9734
2508,127,49,50,0,0,48.68,0.05,0,1,22.9783
2509,123,49,50,0,0,48.77,0.05,0,1,22.977
2510,138,49,50,0,0,48.42,0.05,0,1,22.9824
2511,123,49,50,0,0,48.47,0.05,0,1,22.9818
2512,121,49,50,0,0,48.74,0.05,0,1,22.988
2513,132,49,50,0,0,48.58,0.05,0,1,22.9926
2514,123,49,50,0,0,48.67,0.05,0,1,22.988
2515,123,49,50,0,0,48.77,0.05,0,1,22.983
2516,217,49,50,0,0,47.63,0.05,0,1,22.9812
2517,121,49,50,0,0,48.79,0.05,0,1,22.9864
2518,133,49,50,0,0,48.62,0.05,0,1,22.9921
2519,118,49,50,0,0,48.82,0.05,0,1,22.996
2520,120,49,50,0,0,48.8,0.05,0,1,23.0007
2521,131,49,50,0,0,48.59,0.05,0,1,23.0054
2522,141,49,50,0,0,48.54,0.05,0,1,23.0082
2523,119,49,50,0,0,48.71,0.05,0,1,23.0028
2524,126,49,50,0,0,48.69,0.05,0,1,23.0009
2525,139,49,50,0,0,48.61,0.05,0,1,22.9963
2526,394,49,50,0,0,45.81,0.05,0,1,22.9951
2527,143,49,50,0,0,48.57,0.05,0,1,22.9941
2528,124,49,50,0,0,48.56,0.05,0,1,22.9993
2529,140,49,50,0,0,48.55,0.05,0,1,23.0029
2530,127,49,50,0,0,48.68,0.05,0,1,23.0078
2531,122,49,50,0,0,48.58,0.05,0,1,23.0113
2532,111,49,50,0,0,48.89,0.05,0,1,23.0144
2533,128,49,50,0,0,48.72,0.05,0,1,23.0179
2534,140,49,50,0,0,48.25,0.05,0,1,23.0215
2535,126,49,50,0,0,48.64,0.05,0,1,23.0243
2536,132,49,50,0,0,48.53,0.05,0,1,23.021
2537,139,49,50,0,0,48.56,0.05,0,1,23.0258
2538,131,49,50,0,0,48.59,0.05,0,1,23.0293
2539,122,49,50,0,0,48.73,0.05,0,1,23.0321
2540,140,49,50,0,0,48.45,0.05,0,1,23.0353
2541,131,49,50,0,0,48.54,0.05,0,1,23.0395
2542,125,49,50,0,0,48.75,0.05,0,1,23.0321
2543,157,49,50,0,0,48.38,0.05,0,1,23.0365
2544,120,49,50,0,0,48.75,0.05,0,1,23.0396
2545,127,49,50,0,0,48.48,0.05,0,1,23.0434
2546,153,49,50,0,0,48.37,0.05,0,1,23.0409
2547,134,49,50,0,0,48.56,0.05,0,1,23.0447
2548,133,49,50,0,0,48.67,0.05,0,1,23.0428
2549,126,49,50,0,0,48.64,0.05,0,1,23.0471
2550,134,49,50,0,0,48.61,0.05,0,1,23.0502
2551,124,49,50,0,0,48.66,0.05,0,1,23.0545
2552,135,49,50,0,0,48.45,0.05,0,1,23.0493
2553,130,49,50,0,0,48.6,0.05,0,1,23.0534
2554,130,49,50,0,0,48.65,0.05,0,1,23.0573
2555,129,49,50,0,0,48.66,0.05,0,1,23.061
2556,134,49,50,0,0,48.61,0.05,0,1,23.0635
2557,126,49,50,0,0,48.69,0.05,0,1,23.0656
2558,120,49,50,0,0,48.7,0.05,0,1,23.0688
2559,132,49,50,0,0,48.43,0.05,0,1,23.0717
2560,121,49,50,0,0,48.74,0.05,0,1,23.0734
2561,150,49,50,0,0,48.4,0.05,0,1,23.0755
2562,144,49,50,0,0,48.36,0.05,0,1,23.0781
2563,129,49,50,0,0,48.61,0.05,0,1,23.0808
2564,125,49,50,0,0,48.6,0.05,0,1,23.0831
2565,136,49,50,0,0,48.49,0.05,0,1,23.0854
2566,129,49,50,0,0,48.61,0.05,0,1,23.079
2567,130,49,50,0,0,48.65,0.05,0,1,23.0767
2568,127,49,50,0,0,48.68,0.05,0,1,23.0802
2569,131,49,50,0,0,48.49,0.05,0,1,23.0838
2570,145,49,50,0,0,48.4,0.05,0,1,23.0859
2571,151,49,50,0,0,48.39,0.05,0,1,23.0875
2572,127,49,50,0,0,48.68,0.05,0,1,23.0898
2573,145,49,50,0,0,48.55,0.05,0,1,23.0922
2574,122,49,50,0,0,48.73,0.05,0,1,23.0862
2575,145,49,50,0,0,48.55,0.05,0,1,23.0894
2576,123,49,50,0,0,48.62,0.05,0,1,23.0928
2577,159,49,50,0,0,48.16,0.05,0,1,23.0981
2578,146,49,50,0,0,48.44,0.05,0,1,23.1004
2579,142,49,50,0,0,48.33,0.05,0,1,23.1018
2580,140,49,50,0,0,48.55,0.05,0,1,23.1048
2581,118,49,50,0,0,48.77,0.05,0,1,23.1024
2582,129,49,50,0,0,48.66,0.05,0,1,23.1064
2583,122,49,50,0,0,48.68,0.05,0,1,23.1102
2584,143,49,50,0,0,48.52,0.05,0,1,23.1138
2585,128,49,50,0,0,48.67,0.05,0,1,23.1125
2586,149,49,50,0,0,48.31,0.05,0,1,23.1107
2587,120,49,50,0,0,48.65,0.05,0,1,23.1155
2588,127,49,50,0,0,48.53,0.05,0,1,23.1108
2589,145,49,50,0,0,48.4,0.05,0,1,23.1166
2590,142,49,50,0,0,48.48,0.05,0,1,23.1209
2591,115,49,50,0,0,48.85,0.05,0,1,23.1246
2592,122,49,50,0,0,48.63,0.05,0,1,23.129
2593,119,49,50,0,0,48.81,0.05,0,1,23.1266
2594,132,49,50,0,0,48.53,0.05,0,1,23.1255
2595,128,49,50,0,0,48.67,0.05,0,1,23.1294
2596,122,49,50,0,0,48.73,0.05,0,1,23.1344
2597,140,49,50,0,0,48.45,0.05,0,1,23.1344
2598,138,49,50,0,0,48.57,0.05,0,1,23.1278
2599,104,49,50,0,0,48.86,0.05,0,1,23.1337
2600,136,49,50,0,0,48.59,0.05,0,1,23.1327
2601,135,49,50,0,0,48.55,0.05,0,1,23.1364
2602,123,49,50,0,0,48.77,0.05,0,1,23.1411
2603,125,49,50,0,0,48.75,0.05,0,1,23.1398
2604,144,49,50,0,0,48.51,0.05,0,1,23.1391
2605,141,49,50,0,0,48.49,0.05,0,1,23.1445
2606,124,49,50,0,0,48.71,0.05,0,1,23.139
2607,139,49,50,0,0,48.61,0.05,0,1,23.1345
2608,123,49,50,0,0,48.72,0.05,0,1,23.141
2609,130,49,50,0,0,48.55,0.05,0,1,23.1406
2610,132,49,50,0,0,48.58,0.05,0,1,23.1467
2611,123,49,50,0,0,48.72,0.05,0,1,23.1529
2612,131,49,50,0,0,48.44,0.05,0,1,23.1587
2613,135,49,50,0,0,48.5,0.05,0,1,23.1639
2614,141,49,50,0,0,48.39,0.05,0,1,23.1685
2615,129,49,50,0,0,48.61,0.05,0,1,23.1667
2616,126,49,50,0,0,48.74,0.05,0,1,23.1693
2617,140,49,50,0,0,48.45,0.05,0,1,23.1636
2618,116,49,50,0,0,48.84,0.05,0,1,23.1682
2619,128,49,50,0,0,48.67,0.05,0,1,23.1674
2620,141,49,50,0,0,48.39,0.05,0,1,23.167
2621,132,49,50,0,0,48.53,0.05,0,1,23.1668
2622,133,49,50,0,0,48.47,0.05,0,1,23.1722
2623,141,49,50,0,0,48.49,0.05,0,1,23.172
2624,131,49,50,0,0,48.59,0.05,0,1,23.1715
2625,126,49,50,0,0,48.69,0.05,0,1,23.1766
2626,129,49,50,0,0,48.66,0.05,0,1,23.1824
2627,123,49,50,0,0,48.72,0.05,0,1,23.1879
2628,126,49,50,0,0,48.69,0.05,0,1,23.1934
2629,120,49,50,0,0,48.75,0.05,0,1,23.1922
2630,134,49,50,0,0,48.46,0.05,0,1,23.1986
2631,135,49,50,0,0,48.55,0.05,0,1,23.1974
2632,124,49,50,0,0,48.71,0.05,0,1,23.2028
2633,144,49,50,0,0,48.56,0.05,0,1,23.2064
2634,116,49,50,0,0,48.69,0.05,0,1,23.2097
2635,138,49,50,0,0,48.52,0.05,0,1,23.2144
2636,131,49,50,0,0,48.59,0.05,0,1,23.2175
2637,125,49,50,0,0,48.75,0.05,0,1,23.2198
2638,130,49,50,0,0,48.65,0.05,0,1,23.2214
2639,127,49,50,0,0,48.68,0.05,0,1,23.224
2640,142,49,50,0,0,48.48,0.05,0,1,23.2257
2641,125,49,50,0,0,48.65,0.05,0,1,23.2235
2642,122,49,50,0,0,48.73,0.05,0,1,23.2172
2643,131,49,50,0,0,48.64,0.05,0,1,23.2222
2644,129,49,50,0,0,48.61,0.05,0,1,23.2163
2645,143,49,50,0,0,48.52,0.05,0,1,23.2202
2646,144,49,50,0,0,48.41,0.05,0,1,23.214
2647,162,49,50,0,0,48.28,0.05,0,1,23.2173
2648,138,49,50,0,0,48.62,0.05,0,1,23.221
2649,132,49,50,0,0,48.63,0.05,0,1,23.215
2650,124,49,50,0,0,48.71,0.05,0,1,23.2143
2651,140,49,50,0,0,48.55,0.05,0,1,23.2095
2652,132,49,50,0,0,48.43,0.05,0,1,23.2084
2653,134,49,50,0,0,48.61,0.05,0,1,23.2092
2654,133,49,50,0,0,48.42,0.05,0,1,23.2157
2655,120,49,50,0,0,48.8,0.05,0,1,23.2197
2656,140,49,50,0,0,48.5,0.05,0,1,23.2268
2657,129,49,50,0,0,48.61,0.05,0,1,23.2313
2658,128,49,50,0,0,48.62,0.05,0,1,23.2352
2659,137,49,50,0,0,48.48,0.05,0,1,23.2397
2660,124,49,50,0,0,48.71,0.05,0,1,23.2349
2661,128,49,50,0,0,48.57,0.05,0,1,23.2343
2662,122,49,50,0,0,48.73,0.05,0,1,23.2395
2663,137,49,50,0,0,48.48,0.05,0,1,23.2441
2664,127,49,50,0,0,48.58,0.05,0,1,23.2495
2665,145,49,50,0,0,48.45,0.05,0,1,23.253
2666,134,49,50,0,0,48.41,0.05,0,1,23.2562
2667,143,49,50,0,0,48.52,0.05,0,1,23.2591
2668,142,49,50,0,0,48.38,0.05,0,1,23.2632
2669,138,49,50,0,0,48.52,0.05,0,1,23.2675
2670,124,49,50,0,0,48.61,0.05,0,1,23.2704
2671,149,49,50,0,0,48.31,0.05,0,1,23.2678
2672,113,49,50,0,0,48.67,0.05,0,1,23.2675
2673,127,49,50,0,0,48.63,0.05,0,1,23.2659
2674,136,49,50,0,0,48.59,0.05,0,1,23.271
2675,143,49,50,0,0,48.37,0.05,0,1,23.2756
2676,132,49,50,0,0,48.43,0.05,0,1,23.275
2677,129,49,50,0,0,48.71,0.05,0,1,23.2793
2678,139,49,50,0,0,48.56,0.05,0,1,23.2849
2679,120,49,50,0,0,48.7,0.05,0,1,23.2885
2680,135,49,50,0,0,48.55,0.05,0,1,23.2919
2681,120,49,50,0,0,48.8,0.05,0,1,23.2952
2682,117,49,50,0,0,48.73,0.05,0,1,23.293
2683,136,49,50,0,0,48.64,0.05,0,1,23.2965
2684,131,49,50,0,0,48.59,0.05,0,1,23.3009
2685,114,49,50,0,0,48.71,0.05,0,1,23.299
2686,118,49,50,0,0,48.77,0.05,0,1,23.2978
2687,124,49,50,0,0,48.66,0.05,0,1,23.3026
2688,131,49,50,0,0,48.59,0.05,0,1,23.3013
2689,123,49,50,0,0,48.72,0.05,0,1,23.3058
2690,136,49,50,0,0,48.49,0.05,0,1,23.3054
2691,132,49,50,0,0,48.63,0.05,0,1,23.2993
2692,120,49,50,0,0,48.75,0.05,0,1,23.3038
2693,151,49,50,0,0,48.34,0.05,0,1,23.3088
2694,129,49,50,0,0,48.61,0.05,0,1,23.3075
2695,149,49,50,0,0,48.36,0.05,0,1,23.3105
2696,136,49,50,0,0,48.54,0.05,0,1,23.3138
2697,138,49,50,0,0,48.52,0.05,0,1,23.3179
2698,151,49,50,0,0,48.29,0.05,0,1,23.3216
2699,130,49,50,0,0,48.65,0.05,0,1,23.3194
2700,157,49,50,0,0,48.38,0.05,0,1,23.323
2701,127,49,50,0,0,48.73,0.05,0,1,23.3217
2702,140,49,50,0,0,48.5,0.05,0,1,23.3258
2703,132,49,50,0,0,48.63,0.05,0,1,23.32
2704,143,49,50,0,0,48.47,0.05,0,1,23.323
2705,149,49,50,0,0,48.31,0.05,0,1,23.3265
2706,130,49,50,0,0,48.7,0.05,0,1,23.3291
2707,134,49,50,0,0,48.56,0.05,0,1,23.3326
2708,131,49,50,0,0,48.59,0.05,0,1,23.3354
2709,129,49,50,0,0,48.66,0.05,0,1,23.3389
2710,140,49,50,0,0,48.5,0.05,0,1,23.3424
2711,138,49,50,0,0,48.37,0.05,0,1,23.3458
2712,116,49,50,0,0,48.69,0.05,0,1,23.3437
2713,129,49,50,0,0,48.61,0.05,0,1,23.3418
2714,136,49,50,0,0,48.54,0.05,0,1,23.3449
2715,130,49,50,0,0,48.65,0.05,0,1,23.3478
2716,139,49,50,0,0,48.51,0.05,0,1,23.346
2717,133,49,50,0,0,48.57,0.05,0,1,23.3446
2718,142,49,50,0,0,48.48,0.05,0,1,23.3491
2719,132,49,50,0,0,48.63,0.05,0,1,23.3518
2720,120,49,50,0,0,48.65,0.05,0,1,23.3501
2721,142,49,50,0,0,48.58,0.05,0,1,23.3553
2722,128,49,50,0,0,48.52,0.05,0,1,23.3597
2723,134,49,50,0,0,48.56,0.05,0,1,23.3643
2724,143,49,50,0,0,48.42,0.05,0,1,23.3672
2725,137,49,50,0,0,48.53,0.05,0,1,23.3694
2726,139,49,50,0,0,48.51,0.05,0,1,23.3715
2727,132,49,50,0,0,48.63,0.05,0,1,23.3735
2728,131,49,50,0,0,48.49,0.05,0,1,23.367
2729,120,49,50,0,0,48.6,0.05,0,1,23.3702
2730,140,49,50,0,0,48.55,0.05,0,1,23.3728
2731,135,49,50,0,0,48.45,0.05,0,1,23.3751
2732,130,49,50,0,0,48.5,0.05,0,1,23.3785
2733,132,49,50,0,0,48.48,0.05,0,1,23.3816
2734,132,49,50,0,0,48.48,0.05,0,1,23.3842
2735,142,49,50,0,0,48.48,0.05,0,1,23.3872
2736,130,49,50,0,0,48.65,0.05,0,1,23.3879
2737,142,49,50,0,0,48.48,0.05,0,1,23.3894
2738,128,49,50,0,0,48.67,0.05,0,1,23.3802
2739,140,49,50,0,0,48.45,0.05,0,1,23.3828
2740,125,49,50,0,0,48.75,0.05,0,1,23.3836
2741,135,49,50,0,0,48.6,0.05,0,1,23.3877
2742,122,49,50,0,0,48.73,0.05,0,1,23.39
2743,133,49,50,0,0,48.62,0.05,0,1,23.3921
2744,126,49,50,0,0,48.69,0.05,0,1,23.3896
2745,131,49,50,0,0,48.64,0.05,0,1,23.3938
2746,126,49,50,0,0,48.69,0.05,0,1,23.3967
2747,142,49,50,0,0,48.58,0.05,0,1,23.4007
2748,132,49,50,0,0,48.63,0.05,0,1,23.4021
2749,132,49,50,0,0,48.53,0.05,0,1,23.3988
2750,126,49,50,0,0,48.69,0.05,0,1,23.4032
2751,132,49,50,0,0,48.48,0.05,0,1,23.4063
2752,137,49,50,0,0,48.48,0.05,0,1,23.4088
2753,138,49,50,0,0,48.62,0.05,0,1,23.4122
2754,146,49,50,0,0,48.29,0.05,0,1,23.4039
2755,143,49,50,0,0,48.57,0.05,0,1,23.404
2756,152,49,50,0,0,48.43,0.05,0,1,23.4062
2757,138,49,50,0,0,48.57,0.05,0,1,23.4083
2758,124,49,50,0,0,48.71,0.05,0,1,23.4115
2759,141,49,50,0,0,48.39,0.05,0,1,23.4137
2760,143,49,50,0,0,48.57,0.05,0,1,23.4069
2761,143,49,50,0,0,48.57,0.05,0,1,23.4092
2762,138,49,50,0,0,48.57,0.05,0,1,23.4126
2763,125,49,50,0,0,48.75,0.05,0,1,23.4097
2764,124,49,50,0,0,48.66,0.05,0,1,23.4137
2765,114,49,50,0,0,48.81,0.05,0,1,23.4174
2766,125,49,50,0,0,48.75,0.05,0,1,23.4207
2767,136,49,50,0,0,48.59,0.05,0,1,23.4182
2768,136,49,50,0,0,48.59,0.05,0,1,23.412
2769,139,49,50,0,0,48.36,0.05,0,1,23.4163
2770,135,49,50,0,0,48.55,0.05,0,1,23.4145
2771,139,49,50,0,0,48.56,0.05,0,1,23.4187
2772,146,49,50,0,0,48.39,0.05,0,1,23.4171
2773,133,49,50,0,0,48.62,0.05,0,1,23.4224
2774,128,49,50,0,0,48.67,0.05,0,1,23.4262
2775,134,49,50,0,0,48.61,0.05,0,1,23.4231
2776,141,49,50,0,0,48.49,0.05,0,1,23.4267
2777,124,49,50,0,0,48.66,0.05,0,1,23.4317
2778,126,49,50,0,0,48.59,0.05,0,1,23.4312
2779,136,49,50,0,0,48.54,0.05,0,1,23.4362
2780,139,49,50,0,0,48.51,0.05,0,1,23.4401
2781,131,49,50,0,0,48.69,0.05,0,1,23.4345
2782,142,49,50,0,0,48.53,0.05,0,1,23.4383
2783,131,49,50,0,0,48.69,0.05,0,1,23.4371
2784,132,49,50,0,0,48.58,0.05,0,1,23.4428
2785,125,49,50,0,0,48.7,0.05,0,1,23.4477
2786,153,49,50,0,0,48.37,0.05,0,1,23.4515
2787,125,49,50,0,0,48.65,0.05,0,1,23.4544
2788,126,49,50,0,0,48.69,0.05,0,1,23.4523
2789,125,49,50,0,0,48.55,0.05,0,1,23.4518
2790,129,49,50,0,0,48.56,0.05,0,1,23.4568
2791,138,49,50,0,0,48.37,0.05,0,1,23.4563
2792,143,49,50,0,0,48.47,0.05,0,1,23.4602
2793,131,49,50,0,0,48.59,0.05,0,1,23.4546
2794,134,49,50,0,0,48.56,0.05,0,1,23.4592
2795,139,49,50,0,0,48.56,0.05,0,1,23.4625
2796,136,49,50,0,0,48.39,0.05,0,1,23.4579
2797,133,49,50,0,0,48.62,0.05,0,1,23.4621
2798,124,49,50,0,0,48.71,0.05,0,1,23.4562
2799,145,49,50,0,0,48.45,0.05,0,1,23.4495
2800,135,49,50,0,0,48.55,0.05,0,1,23.4482
2801,130,49,50,0,0,48.6,0.05,0,1,23.4532
2802,132,49,50,0,0,48.43,0.05,0,1,23.4588
2803,140,49,50,0,0,48.5,0.05,0,1,23.4637
2804,127,49,50,0,0,48.73,0.05,0,1,23.4575
2805,118,49,50,0,0,48.67,0.05,0,1,23.4576
2806,137,49,50,0,0,48.63,0.05,0,1,23.4619
2807,121,49,50,0,0,48.69,0.05,0,1,23.4684
2808,132,49,50,0,0,48.53,0.05,0,1,23.4643
2809,134,49,50,0,0,48.56,0.05,0,1,23.4686
2810,127,49,50,0,0,48.63,0.05,0,1,23.4735
2811,132,49,50,0,0,48.53,0.05,0,1,23.4774
2812,125,49,50,0,0,48.75,0.05,0,1,23.475
2813,132,49,50,0,0,48.63,0.05,0,1,23.4796
2814,157,49,50,0,0,48.23,0.05,0,1,23.483
2815,118,49,50,0,0,48.67,0.05,0,1,23.4833
2816,134,49,50,0,0,48.61,0.05,0,1,23.4872
2817,135,49,50,0,0,48.45,0.05,0,1,23.4869
2818,122,49,50,0,0,48.58,0.05,0,1,23.4923
2819,127,49,50,0,0,48.43,0.05,0,1,23.4932
2820,125,49,50,0,0,48.65,0.05,0,1,23.4895
2821,136,49,50,0,0,48.39,0.05,0,1,23.4945
2822,121,49,50,0,0,48.79,0.05,0,1,23.4985
2823,123,49,50,0,0,48.72,0.05,0,1,23.5048
2824,148,49,50,0,0,48.47,0.05,0,1,23.499
2825,121,49,50,0,0,48.79,0.05,0,1,23.4938
2826,125,49,50,0,0,48.75,0.05,0,1,23.4982
2827,135,49,50,0,0,48.55,0.05,0,1,23.5013
2828,125,49,50,0,0,48.65,0.05,0,1,23.495
2829,139,49,50,0,0,48.56,0.05,0,1,23.4992
2830,137,49,50,0,0,48.58,0.05,0,1,23.5026
2831,113,49,50,0,0,48.82,0.05,0,1,23.507
2832,150,49,50,0,0,48.4,0.05,0,1,23.5109
2833,111,49,50,0,0,48.89,0.05,0,1,23.515
2834,112,49,50,0,0,48.83,0.05,0,1,23.5079
2835,124,49,50,0,0,48.56,0.05,0,1,23.5123
2836,122,49,50,0,0,48.58,0.05,0,1,23.5178
2837,146,49,50,0,0,48.39,0.05,0,1,23.513
2838,124,49,50,0,0,48.71,0.05,0,1,23.5086
2839,384,49,50,0,0,45.81,0.05,0,1,23.5083
2840,154,49,50,0,0,48.31,0.05,0,1,23.5069
2841,154,49,50,0,0,48.46,0.05,0,1,23.5103
2842,133,49,50,0,0,48.67,0.05,0,1,23.5141
2843,115,49,50,0,0,48.75,0.05,0,1,23.5132
2844,121,49,50,0,0,48.79,0.05,0,1,23.5121
2845,130,49,50,0,0,48.45,0.05,0,1,23.5132
2846,159,49,50,0,0,48.16,0.05,0,1,23.5187
2847,123,49,50,0,0,48.67,0.05,0,1,23.5243
2848,139,49,50,0,0,48.36,0.05,0,1,23.5294
2849,129,49,50,0,0,48.56,0.05,0,1,23.5343
2850,136,49,50,0,0,48.39,0.05,0,1,23.5388
2851,142,49,50,0,0,48.48,0.05,0,1,23.5412
2852,120,49,50,0,0,48.7,0.05,0,1,23.545
2853,126,49,50,0,0,48.69,0.05,0,1,23.5423
2854,126,49,50,0,0,48.69,0.05,0,1,23.5454
2855,121,49,50,0,0,48.74,0.05,0,1,23.5499
2856,123,49,50,0,0,48.72,0.05,0,1,23.5531
2857,139,49,50,0,0,48.41,0.05,0,1,23.5567
2858,144,49,50,0,0,48.41,0.05,0,1,23.5594
2859,147,49,50,0,0,48.33,0.05,0,1,23.5536
2860,151,49,50,0,0,48.39,0.05,0,1,23.5525
2861,123,49,50,0,0,48.77,0.05,0,1,23.5561
2862,129,49,50,0,0,48.66,0.05,0,1,23.5609
2863,136,49,50,0,0,48.59,0.05,0,1,23.5631
2864,133,49,50,0,0,48.52,0.05,0,1,23.5664
2865,144,49,50,0,0,48.51,0.05,0,1,23.5603
2866,117,49,50,0,0,48.83,0.05,0,1,23.5626
2867,128,49,50,0,0,48.67,0.05,0,1,23.5663
2868,142,49,50,0,0,48.53,0.05,0,1,23.5653
2869,121,49,50,0,0,48.79,0.05,0,1,23.5648
2870,153,49,50,0,0,48.42,0.05,0,1,23.5693
2871,129,49,50,0,0,48.66,0.05,0,1,23.5739
2872,136,49,50,0,0,48.59,0.05,0,1,23.5726
2873,127,49,50,0,0,48.63,0.05,0,1,23.5774
2874,132,49,50,0,0,48.48,0.05,0,1,23.5834
2875,129,49,50,0,0,48.61,0.05,0,1,23.5865
2876,143,49,50,0,0,48.47,0.05,0,1,23.5851
2877,126,49,50,0,0,48.69,0.05,0,1,23.5832
2878,142,49,50,0,0,48.33,0.05,0,1,23.5876
2879,118,49,50,0,0,48.67,0.05,0,1,23.5864
2880,150,49,50,0,0,48.4,0.05,0,1,23.5905
2881,129,49,50,0,0,48.51,0.05,0,1,23.5892
2882,126,49,50,0,0,48.69,0.05,0,1,23.5883
2883,142,49,50,0,0,48.53,0.05,0,1,23.5924
2884,123,49,50,0,0,48.72,0.05,0,1,23.5965
2885,128,49,50,0,0,48.67,0.05,0,1,23.5999
2886,133,49,50,0,0,48.62,0.05,0,1,23.6032
2887,124,49,50,0,0,48.61,0.05,0,1,23.6021
2888,140,49,50,0,0,48.45,0.05,0,1,23.6044
2889,115,49,50,0,0,48.75,0.05,0,1,23.6047
2890,136,49,50,0,0,48.59,0.05,0,1,23.608
2891,140,49,50,0,0,48.55,0.05,0,1,23.6107
2892,124,49,50,0,0,48.66,0.05,0,1,23.615
2893,131,49,50,0,0,48.59,0.05,0,1,23.6175
2894,131,49,50,0,0,48.69,0.05,0,1,23.6195
2895,117,49,50,0,0,48.83,0.05,0,1,23.6171
2896,139,49,50,0,0,48.51,0.05,0,1,23.6201
2897,139,49,50,0,0,48.41,0.05,0,1,23.624
2898,128,49,50,0,0,48.67,0.05,0,1,23.6269
2899,265,49,50,0,0,47.1,0.05,0,1,23.6284
2900,400,25,25,0,0,20.3,0.05,0,1,23.6245
2901,400,26,26,0,0,21.55,0.05,0,1,23.604
2902,400,39,39,0,0,34.65,0.05,0,1,23.5904
2903,141,49,50,0,0,48.39,0.05,0,1,23.5898
2904,400,48,48,0,0,43.7,0.05,0,1,23.5885
2905,400,22,22,0,0,17.5,0.05,0,1,23.5791
2906,400,29,29,0,0,24.8,0.05,0,1,23.567
2907,400,39,39,0,0,34.85,0.05,0,1,23.5467
2908,400,37,37,0,0,32.85,0.05,0,1,23.5295
2909,400,36,36,0,0,31.65,0.05,0,1,23.512
2910,400,5,5,0,0,0.75,0.05,0,1,23.4863
2911,400,6,6,0,0,1.85,0.05,0,1,23.4573
2912,400,31,31,0,0,25.4,0.05,0,1,23.4481
2913,400,5,5,0,0,-2.6,0.05,0,1,23.418
2914,400,1,1,0,0,-4.15,0.05,0,1,23.3794
2915,400,3,3,0,0,-1.2,0.05,0,1,23.3514
2916,400,25,25,0,0,15.9,0.05,0,1,23.3275
2917,400,45,45,0,0,34.9,0.05,0,1,23.3159
2918,400,2,2,0,0,-2.3,0.05,0,1,23.302
2919,400,6,6,0,0,-1.3,0.05,0,1,23.2666
2920,400,34,34,0,0,22.7,0.05,0,1,23.2381
2921,138,49,50,0,0,47.92,0.05,0,1,23.238
2922,122,49,50,0,0,48.53,0.05,0,1,23.234
2923,400,47,47,0,0,37.15,0.05,0,1,23.2103
2924,400,47,47,0,0,42.7,0.05,0,1,23.1932
2925,400,46,46,0,0,39.0,0.05,0,1,23.1782
2926,131,49,50,0,0,48.49,0.05,0,1,23.1732
2927,128,49,50,0,0,48.67,0.05,0,1,23.17
2928,131,49,50,0,0,48.59,0.05,0,1,23.1652
2929,400,48,48,0,0,43.7,0.05,0,1,23.1614
2930,127,49,50,0,0,48.63,0.05,0,1,23.1593
2931,134,49,50,0,0,48.61,0.05,0,1,23.1611
2932,126,49,50,0,0,48.64,0.05,0,1,23.1643
2933,120,49,50,0,0,48.7,0.05,0,1,23.1684
2934,151,49,50,0,0,48.29,0.05,0,1,23.171
2935,125,49,50,0,0,48.7,0.05,0,1,23.1746
2936,134,49,50,0,0,48.51,0.05,0,1,23.1779
2937,126,49,50,0,0,48.54,0.05,0,1,23.1824
2938,144,49,50,0,0,48.51,0.05,0,1,23.1796
2939,212,49,50,0,0,47.03,0.05,0,1,23.1781
2940,113,49,50,0,0,48.77,0.05,0,1,23.1813
2941,136,49,50,0,0,48.49,0.05,0,1,23.1838
2942,119,49,50,0,0,48.81,0.05,0,1,23.1819
2943,142,49,50,0,0,48.43,0.05,0,1,23.184
2944,141,49,50,0,0,48.54,0.05,0,1,23.188
2945,127,49,50,0,0,48.73,0.05,0,1,23.1866
2946,400,48,48,0,0,41.65,0.05,0,1,23.1674
2947,125,49,50,0,0,48.65,0.05,0,1,23.1716
2948,136,49,50,0,0,48.54,0.05,0,1,23.1754
2949,137,49,50,0,0,48.53,0.05,0,1,23.1729
2950,132,49,50,0,0,48.58,0.05,0,1,23.1771
2951,130,49,50,0,0,48.6,0.05,0,1,23.18
2952,130,49,50,0,0,48.65,0.05,0,1,23.1739
2953,167,49,50,0,0,48.23,0.05,0,1,23.1674
2954,116,49,50,0,0,48.74,0.05,0,1,23.171
2955,124,49,50,0,0,48.71,0.05,0,1,23.1759
2956,130,49,50,0,0,48.55,0.05,0,1,23.1792
2957,134,49,50,0,0,48.61,0.05,0,1,23.1827
2958,307,49,50,0,0,46.73,0.05,0,1,23.1826
2959,115,49,50,0,0,48.75,0.05,0,1,23.1809
2960,119,49,50,0,0,48.81,0.05,0,1,23.1789
2961,143,49,50,0,0,48.52,0.05,0,1,23.183
2962,117,49,50,0,0,48.73,0.05,0,1,23.182
2963,400,44,44,0,0,39.75,0.05,0,1,23.1748
2964,124,49,50,0,0,48.76,0.05,0,1,23.1772
2965,139,49,50,0,0,48.41,0.05,0,1,23.1802
2966,124,49,50,0,0,48.61,0.05,0,1,23.1841
2967,178,49,50,0,0,45.92,0.05,0,1,23.1834
2968,114,49,50,0,0,48.81,0.05,0,1,23.1823
2969,118,49,50,0,0,48.77,0.05,0,1,23.1768
2970,133,49,50,0,0,48.52,0.05,0,1,23.1805
2971,133,49,50,0,0,48.52,0.05,0,1,23.1841
2972,153,49,50,0,0,48.37,0.05,0,1,23.1821
2973,143,49,50,0,0,48.57,0.05,0,1,23.1807
2974,144,49,50,0,0,48.51,0.05,0,1,23.185
2975,123,49,50,0,0,48.67,0.05,0,1,23.1802
2976,117,49,50,0,0,48.78,0.05,0,1,23.1845
2977,125,49,50,0,0,48.75,0.05,0,1,23.1881
2978,126,49,50,0,0,48.59,0.05,0,1,23.1869
2979,133,49,50,0,0,48.57,0.05,0,1,23.1853
2980,143,49,50,0,0,48.52,0.05,0,1,23.1905
2981,130,49,50,0,0,48.65,0.05,0,1,23.1861
2982,123,49,50,0,0,48.57,0.05,0,1,23.1817
2983,154,49,50,0,0,48.41,0.05,0,1,23.1861
2984,134,49,50,0,0,48.61,0.05,0,1,23.1822
2985,127,49,50,0,0,48.53,0.05,0,1,23.1876
2986,129,49,50,0,0,48.71,0.05,0,1,23.1817
2987,124,49,50,0,0,48.71,0.05,0,1,23.1809
2988,115,49,50,0,0,48.85,0.05,0,1,23.1768
2989,400,14,14,0,0,9.6,0.05,0,1,23.1689
2990,182,49,50,0,0,48.13,0.05,0,1,23.1703
2991,156,49,50,0,0,48.39,0.05,0,1,23.173
2992,134,49,50,0,0,48.56,0.05,0,1,23.1764
2993,131,49,50,0,0,48.64,0.05,0,1,23.1799
2994,135,49,50,0,0,48.5,0.05,0,1,23.1829
2995,139,49,50,0,0,48.61,0.05,0,1,23.1851
2996,131,49,50,0,0,48.59,0.05,0,1,23.1879
2997,129,49,50,0,0,48.61,0.05,0,1,23.1869
2998,125,49,50,0,0,48.65,0.05,0,1,23.1902
2999,133,49,50,0,0,48.57,0.05,0,1,23.1934
3000,120,49,50,0,0,48.75,0.05,0,1,23.1967
3001,123,49,50,0,0,48.72,0.05,0,1,23.1994
3002,120,49,50,0,0,48.75,0.05,0,1,23.2015
3003,133,49,50,0,0,48.62,0.05,0,1,23.2049
3004,400,37,37,0,0,32.65,0.05,0,1,23.1944
3005,135,49,50,0,0,48.55,0.05,0,1,23.1875
3006,188,49,50,0,0,46.32,0.05,0,1,23.1891
3007,400,47,47,0,0,42.45,0.05,0,1,23.1827
3008,138,49,50,0,0,48.47,0.05,0,1,23.1856
3009,166,49,50,0,0,48.29,0.05,0,1,23.1831
3010,151,49,50,0,0,47.89,0.05,0,1,23.1851
3011,122,49,50,0,0,48.68,0.05,0,1,23.1894
3012,121,49,50,0,0,48.59,0.05,0,1,23.1923
3013,143,49,50,0,0,48.57,0.05,0,1,23.1934
3014,138,49,50,0,0,48.47,0.05,0,1,23.1872
3015,135,49,50,0,0,48.45,0.05,0,1,23.1851
3016,114,49,50,0,0,48.76,0.05,0,1,23.189
3017,139,49,50,0,0,48.56,0.05,0,1,23.1923
3018,125,49,50,0,0,48.7,0.05,0,1,23.1953
3019,132,49,50,0,0,48.53,0.05,0,1,23.1939
3020,110,49,50,0,0,48.9,0.05,0,1,23.198
3021,130,49,50,0,0,48.7,0.05,0,1,23.2027
3022,160,49,50,0,0,47.6,0.05,0,1,23.2031
3023,137,49,50,0,0,48.53,0.05,0,1,23.2014
3024,126,49,50,0,0,48.69,0.05,0,1,23.1996
3025,134,49,50,0,0,48.56,0.05,0,1,23.2047
3026,138,49,50,0,0,48.52,0.05,0,1,23.2088
3027,125,49,50,0,0,48.7,0.05,0,1,23.2123
3028,129,49,50,0,0,48.61,0.05,0,1,23.2053
3029,131,49,50,0,0,48.59,0.05,0,1,23.2078
3030,136,49,50,0,0,48.44,0.05,0,1,23.2119
3031,169,49,50,0,0,48.16,0.05,0,1,23.215
3032,142,49,50,0,0,48.43,0.05,0,1,23.2166
3033,129,49,50,0,0,48.51,0.05,0,1,23.2144
3034,117,49,50,0,0,48.78,0.05,0,1,23.2183
3035,145,49,50,0,0,48.35,0.05,0,1,23.2163
3036,122,49,50,0,0,48.73,0.05,0,1,23.2203
3037,136,49,50,0,0,48.54,0.05,0,1,23.2248
3038,198,49,50,0,0,47.92,0.05,0,1,23.2285
3039,388,49,50,0,0,44.17,0.05,0,1,23.2126
3040,118,49,50,0,0,48.77,0.05,0,1,23.2113
3041,117,49,50,0,0,48.78,0.05,0,1,23.2157
3042,136,49,50,0,0,48.59,0.05,0,1,23.2142
3043,137,49,50,0,0,48.58,0.05,0,1,23.2182
3044,137,49,50,0,0,48.43,0.05,0,1,23.2159
3045,122,49,50,0,0,48.68,0.05,0,1,23.2203
3046,119,49,50,0,0,48.71,0.05,0,1,23.2246
3047,142,49,50,0,0,48.53,0.05,0,1,23.223
3048,124,49,50,0,0,48.66,0.05,0,1,23.2274
3049,132,49,50,0,0,48.53,0.05,0,1,23.2265
3050,142,49,50,0,0,48.43,0.05,0,1,23.2296
3051,127,49,50,0,0,48.63,0.05,0,1,23.2243
3052,131,49,50,0,0,48.54,0.05,0,1,23.2288
3053,131,49,50,0,0,48.69,0.05,0,1,23.2323
3054,112,49,50,0,0,48.83,0.05,0,1,23.2356
3055,128,49,50,0,0,48.67,0.05,0,1,23.2385
3056,138,49,50,0,0,48.57,0.05,0,1,23.2411
3057,228,49,50,0,0,47.62,0.05,0,1,23.2427
3058,129,49,50,0,0,48.56,0.05,0,1,23.2453
3059,123,49,50,0,0,48.72,0.05,0,1,23.2469
3060,154,49,50,0,0,48.41,0.05,0,1,23.2436
3061,140,49,50,0,0,48.5,0.05,0,1,23.2461
3062,134,49,50,0,0,48.56,0.05,0,1,23.2486
3063,118,49,50,0,0,48.77,0.05,0,1,23.2466
3064,122,49,50,0,0,48.73,0.05,0,1,23.2453
3065,131,49,50,0,0,48.59,0.05,0,1,23.2395
3066,128,49,50,0,0,48.57,0.05,0,1,23.2345
3067,160,49,50,0,0,48.35,0.05,0,1,23.2374
3068,114,49,50,0,0,48.81,0.05,0,1,23.242
3069,138,49,50,0,0,48.57,0.05,0,1,23.2451
3070,132,49,50,0,0,48.48,0.05,0,1,23.2493
3071,107,49,50,0,0,48.83,0.05,0,1,23.2536
3072,124,49,50,0,0,48.71,0.05,0,1,23.2518
3073,125,49,50,0,0,48.75,0.05,0,1,23.2543
3074,124,49,50,0,0,48.71,0.05,0,1,23.2536
3075,120,49,50,0,0,48.8,0.05,0,1,23.2591
3076,141,49,50,0,0,48.54,0.05,0,1,23.264
3077,138,49,50,0,0,48.52,0.05,0,1,23.2677
3078,126,49,50,0,0,48.59,0.05,0,1,23.2655
3079,135,49,50,0,0,48.45,0.05,0,1,23.2687
3080,125,49,50,0,0,48.65,0.05,0,1,23.2717
3081,161,49,50,0,0,48.34,0.05,0,1,23.2746
3082,145,49,50,0,0,48.45,0.05,0,1,23.2765
3083,235,49,50,0,0,47.55,0.05,0,1,23.2727
3084,379,49,50,0,0,45.91,0.05,0,1,23.2605
3085,127,49,50,0,0,48.63,0.05,0,1,23.2638
3086,181,49,50,0,0,47.59,0.05,0,1,23.2598
3087,139,49,50,0,0,48.51,0.05,0,1,23.2577
3088,134,49,50,0,0,48.51,0.05,0,1,23.2562
3089,130,49,50,0,0,48.5,0.05,0,1,23.2602
3090,114,49,50,0,0,48.71,0.05,0,1,23.2634
3091,135,49,50,0,0,48.6,0.05,0,1,23.2673
3092,123,49,50,0,0,48.62,0.05,0,1,23.2709
3093,113,49,50,0,0,48.87,0.05,0,1,23.2693
3094,134,49,50,0,0,48.61,0.05,0,1,23.2672
3095,136,49,50,0,0,48.64,0.05,0,1,23.2721
3096,133,49,50,0,0,48.57,0.05,0,1,23.2709
3097,113,49,50,0,0,48.87,0.05,0,1,23.2657
3098,141,49,50,0,0,48.54,0.05,0,1,23.2709
3099,372,49,50,0,0,44.73,0.05,0,1,23.2653
3100,143,49,50,0,0,48.47,0.05,0,1,23.2634
3101,139,49,50,0,0,48.56,0.05,0,1,23.2681
3102,275,49,50,0,0,46.7,0.05,0,1,23.2674
3103,133,49,50,0,0,48.62,0.05,0,1,23.2708
3104,114,49,50,0,0,48.71,0.05,0,1,23.2748
3105,119,49,50,0,0,48.81,0.05,0,1,23.2765
3106,229,49,50,0,0,47.31,0.05,0,1,23.2762
3107,127,49,50,0,0,48.68,0.05,0,1,23.278
3108,115,49,50,0,0,48.8,0.05,0,1,23.2801
3109,200,49,50,0,0,47.9,0.05,0,1,23.2794
3110,131,49,50,0,0,48.69,0.05,0,1,23.2765
3111,279,49,50,0,0,47.01,0.05,0,1,23.2751
3112,135,49,50,0,0,48.45,0.05,0,1,23.2771
3113,130,49,50,0,0,48.6,0.05,0,1,23.2789
3114,129,49,50,0,0,48.61,0.05,0,1,23.2753
3115,158,49,50,0,0,48.37,0.05,0,1,23.2718
3116,138,49,50,0,0,48.62,0.05,0,1,23.2746
3117,180,49,50,0,0,48.0,0.05,0,1,23.2755
3118,154,49,50,0,0,48.31,0.05,0,1,23.2727
3119,127,49,50,0,0,48.63,0.05,0,1,23.2713
3120,124,49,50,0,0,48.71,0.05,0,1,23.2658
3121,244,49,50,0,0,46.76,0.05,0,1,23.2645
3122,170,49,50,0,0,48.05,0.05,0,1,23.2666
3123,143,49,50,0,0,48.47,0.05,0,1,23.2696
3124,132,49,50,0,0,48.63,0.05,0,1,23.2683
3125,133,49,50,0,0,48.67,0.05,0,1,23.271
3126,165,49,50,0,0,48.15,0.05,0,1,23.2684
3127,116,49,50,0,0,48.79,0.05,0,1,23.2712
3128,142,49,50,0,0,48.43,0.05,0,1,23.2697
3129,156,49,50,0,0,48.19,0.05,0,1,23.2628
3130,400,49,49,0,0,43.85,0.05,0,1,23.2532
3131,132,49,50,0,0,48.63,0.05,0,1,23.2523
3132,131,49,50,0,0,48.49,0.05,0,1,23.2507
3133,292,49,50,0,0,44.53,0.05,0,1,23.2433
3134,132,49,50,0,0,48.58,0.05,0,1,23.2485
3135,138,49,50,0,0,48.57,0.05,0,1,23.2525
3136,136,49,50,0,0,48.49,0.05,0,1,23.2517
3137,125,49,50,0,0,48.7,0.05,0,1,23.2561
3138,400,49,49,0,0,43.0,0.05,0,1,23.2494
3139,140,49,50,0,0,48.45,0.05,0,1,23.2523
3140,128,49,50,0,0,48.62,0.05,0,1,23.2558
3141,123,49,50,0,0,48.67,0.05,0,1,23.2545
3142,126,49,50,0,0,48.64,0.05,0,1,23.2576
3143,130,49,50,0,0,48.6,0.05,0,1,23.2617
3144,120,49,50,0,0,48.75,0.05,0,1,23.2549
3145,124,49,50,0,0,48.71,0.05,0,1,23.2581
3146,127,49,50,0,0,48.68,0.05,0,1,23.2605
3147,126,49,50,0,0,48.64,0.05,0,1,23.2644
3148,124,49,50,0,0,48.71,0.05,0,1,23.2617
3149,128,49,50,0,0,48.52,0.05,0,1,23.2663
3150,268,49,50,0,0,46.27,0.05,0,1,23.264
3151,130,49,50,0,0,48.6,0.05,0,1,23.2668
3152,128,49,50,0,0,48.72,0.05,0,1,23.2695
3153,141,49,50,0,0,48.44,0.05,0,1,23.2717
3154,120,49,50,0,0,48.75,0.05,0,1,23.2738
3155,115,49,50,0,0,48.85,0.05,0,1,23.2664
3156,162,49,50,0,0,48.28,0.05,0,1,23.2682
3157,132,49,50,0,0,48.53,0.05,0,1,23.2714
3158,213,49,50,0,0,47.57,0.05,0,1,23.2724
3159,118,49,50,0,0,48.82,0.05,0,1,23.2741
3160,122,49,50,0,0,48.78,0.05,0,1,23.2759
3161,128,49,50,0,0,48.57,0.05,0,1,23.2787
3162,122,49,50,0,0,48.78,0.05,0,1,23.2799
3163,121,49,50,0,0,48.69,0.05,0,1,23.277
3164,137,49,50,0,0,48.63,0.05,0,1,23.2736
3165,134,49,50,0,0,48.61,0.05,0,1,23.2719
3166,126,49,50,0,0,48.59,0.05,0,1,23.2764
3167,227,49,50,0,0,47.48,0.05,0,1,23.2767
3168,131,49,50,0,0,48.64,0.05,0,1,23.28
3169,143,49,50,0,0,48.42,0.05,0,1,23.2819
3170,144,49,50,0,0,48.46,0.05,0,1,23.2855
3171,138,49,50,0,0,48.47,0.05,0,1,23.2836
3172,128,49,50,0,0,48.57,0.05,0,1,23.2825
3173,132,49,50,0,0,48.63,0.05,0,1,23.2855
3174,139,49,50,0,0,48.51,0.05,0,1,23.2886
3175,117,49,50,0,0,48.78,0.05,0,1,23.2918
3176,400,49,49,0,0,44.15,0.05,0,1,23.2766
3177,137,49,50,0,0,48.63,0.05,0,1,23.2782
3178,136,49,50,0,0,48.59,0.05,0,1,23.2751
3179,132,49,50,0,0,48.53,0.05,0,1,23.278
3180,140,49,50,0,0,48.55,0.05,0,1,23.2806
3181,132,49,50,0,0,48.63,0.05,0,1,23.2779
3182,133,49,50,0,0,48.57,0.05,0,1,23.2773
3183,128,49,50,0,0,48.67,0.05,0,1,23.2714
3184,115,49,50,0,0,48.85,0.05,0,1,23.2716
3185,400,46,46,0,0,39.2,0.05,0,1,23.2671
3186,129,49,50,0,0,48.51,0.05,0,1,23.2667
3187,121,49,50,0,0,48.69,0.05,0,1,23.2614
3188,120,49,50,0,0,48.75,0.05,0,1,23.2613
3189,122,49,50,0,0,48.68,0.05,0,1,23.267
3190,144,49,50,0,0,48.46,0.05,0,1,23.2704
3191,129,49,50,0,0,48.61,0.05,0,1,23.2693
3192,114,49,50,0,0,48.81,0.05,0,1,23.2648
3193,137,49,50,0,0,48.53,0.05,0,1,23.2648
3194,125,49,50,0,0,48.75,0.05,0,1,23.2642
3195,142,49,50,0,0,48.43,0.05,0,1,23.2657
3196,132,49,50,0,0,48.38,0.05,0,1,23.2717
3197,134,49,50,0,0,48.51,0.05,0,1,23.2759
3198,108,49,50,0,0,48.87,0.05,0,1,23.2771
3199,140,49,50,0,0,48.55,0.05,0,1,23.2831
3200,140,49,50,0,0,48.45,0.05,0,1,23.2828
3201,140,49,50,0,0,48.55,0.05,0,1,23.287
3202,133,49,50,0,0,48.62,0.05,0,1,23.2917
3203,245,49,50,0,0,47.25,0.05,0,1,23.2918
3204,123,49,50,0,0,48.77,0.05,0,1,23.2907
3205,123,49,50,0,0,48.62,0.05,0,1,23.2958
3206,138,49,50,0,0,48.57,0.05,0,1,23.2894
3207,115,49,50,0,0,48.65,0.05,0,1,23.2938
3208,127,49,50,0,0,48.68,0.05,0,1,23.2985
3209,132,49,50,0,0,48.53,0.05,0,1,23.3017
3210,131,49,50,0,0,48.64,0.05,0,1,23.3046
3211,151,49,50,0,0,48.29,0.05,0,1,23.3069
3212,128,49,50,0,0,48.67,0.05,0,1,23.3102
3213,131,49,50,0,0,48.59,0.05,0,1,23.308
3214,138,49,50,0,0,48.57,0.05,0,1,23.3106
3215,119,49,50,0,0,48.81,0.05,0,1,23.3128
3216,128,49,50,0,0,48.67,0.05,0,1,23.3151
3217,120,49,50,0,0,48.65,0.05,0,1,23.3132
3218,132,49,50,0,0,48.43,0.05,0,1,23.3159
3219,130,49,50,0,0,48.6,0.05,0,1,23.3192
3220,130,49,50,0,0,48.7,0.05,0,1,23.3224
3221,131,49,50,0,0,48.49,0.05,0,1,23.3218
3222,245,49,50,0,0,47.35,0.05,0,1,23.3174
3223,149,49,50,0,0,48.41,0.05,0,1,23.3214
3224,186,49,50,0,0,47.99,0.05,0,1,23.3184
3225,205,49,50,0,0,47.85,0.05,0,1,23.3191
3226,278,49,50,0,0,45.87,0.05,0,1,23.3072
3227,205,49,50,0,0,47.9,0.05,0,1,23.3089
3228,129,49,50,0,0,48.51,0.05,0,1,23.3076
3229,126,49,50,0,0,48.74,0.05,0,1,23.3112
3230,143,49,50,0,0,48.47,0.05,0,1,23.3145
3231,121,49,50,0,0,48.59,0.05,0,1,23.3082
3232,124,49,50,0,0,48.76,0.05,0,1,23.3114
3233,133,49,50,0,0,48.62,0.05,0,1,23.315
3234,132,49,50,0,0,48.68,0.05,0,1,23.3184
3235,124,49,50,0,0,48.61,0.05,0,1,23.3215
3236,121,49,50,0,0,48.69,0.05,0,1,23.3258
3237,137,49,50,0,0,48.58,0.05,0,1,23.3278
3238,131,49,50,0,0,48.59,0.05,0,1,23.3308
3239,117,49,50,0,0,48.78,0.05,0,1,23.3336
3240,142,49,50,0,0,48.53,0.05,0,1,23.3301
3241,140,49,50,0,0,48.6,0.05,0,1,23.3326
3242,139,49,50,0,0,48.56,0.05,0,1,23.3351
3243,140,49,50,0,0,48.55,0.05,0,1,23.3278
3244,127,49,50,0,0,48.73,0.05,0,1,23.3257
3245,133,49,50,0,0,48.57,0.05,0,1,23.3239
3246,134,49,50,0,0,48.61,0.05,0,1,23.3269
3247,112,49,50,0,0,48.78,0.05,0,1,23.3307
3248,134,49,50,0,0,48.61,0.05,0,1,23.3282
3249,144,49,50,0,0,48.51,0.05,0,1,23.3217
3250,138,49,50,0,0,48.57,0.05,0,1,23.3206
3251,131,49,50,0,0,48.69,0.05,0,1,23.3245
3252,129,49,50,0,0,48.71,0.05,0,1,23.3276
3253,125,49,50,0,0,48.7,0.05,0,1,23.3318
3254,124,49,50,0,0,48.71,0.05,0,1,23.3294
3255,125,49,50,0,0,48.65,0.05,0,1,23.3333
3256,133,49,50,0,0,48.57,0.05,0,1,23.3378
3257,127,49,50,0,0,48.68,0.05,0,1,23.3424
3258,133,49,50,0,0,48.47,0.05,0,1,23.341
3259,136,49,50,0,0,48.54,0.05,0,1,23.3457
3260,132,49,50,0,0,48.58,0.05,0,1,23.3501
3261,122,49,50,0,0,48.78,0.05,0,1,23.3535
3262,125,49,50,0,0,48.65,0.05,0,1,23.353
3263,120,49,50,0,0,48.75,0.05,0,1,23.3512
3264,130,49,50,0,0,48.65,0.05,0,1,23.3464
3265,114,49,50,0,0,48.81,0.05,0,1,23.3461
3266,133,49,50,0,0,48.47,0.05,0,1,23.3463
3267,141,49,50,0,0,48.49,0.05,0,1,23.3465
3268,155,49,50,0,0,47.65,0.05,0,1,23.3413
3269,123,49,50,0,0,48.77,0.05,0,1,23.3415
3270,111,49,50,0,0,48.89,0.05,0,1,23.3418
3271,138,49,50,0,0,48.52,0.05,0,1,23.3482
3272,126,49,50,0,0,48.69,0.05,0,1,23.3486
3273,134,49,50,0,0,48.61,0.05,0,1,23.3536
3274,126,49,50,0,0,48.59,0.05,0,1,23.3591
3275,138,49,50,0,0,48.57,0.05,0,1,23.3629
3276,128,49,50,0,0,48.67,0.05,0,1,23.3617
3277,146,49,50,0,0,48.44,0.05,0,1,23.3664
3278,128,49,50,0,0,48.67,0.05,0,1,23.3697
3279,115,49,50,0,0,48.75,0.05,0,1,23.3734
3280,148,49,50,0,0,48.32,0.05,0,1,23.3763
3281,134,49,50,0,0,48.61,0.05,0,1,23.3787
3282,137,49,50,0,0,48.43,0.05,0,1,23.3817
3283,162,49,50,0,0,48.28,0.05,0,1,23.3836
3284,136,49,50,0,0,48.59,0.05,0,1,23.3859
3285,127,49,50,0,0,48.68,0.05,0,1,23.388
3286,155,49,50,0,0,48.3,0.05,0,1,23.391
3287,124,49,50,0,0,48.71,0.05,0,1,23.3839
3288,116,49,50,0,0,48.79,0.05,0,1,23.3866
3289,269,49,50,0,0,47.26,0.05,0,1,23.3868
3290,159,49,50,0,0,48.26,0.05,0,1,23.3887
3291,121,49,50,0,0,48.69,0.05,0,1,23.3819
3292,400,46,46,0,0,41.65,0.05,0,1,23.3734
3293,131,49,50,0,0,48.64,0.05,0,1,23.376
3294,125,49,50,0,0,48.65,0.05,0,1,23.3693
3295,142,49,50,0,0,48.43,0.05,0,1,23.3672
3296,137,49,50,0,0,48.53,0.05,0,1,23.3704
3297,141,49,50,0,0,48.49,0.05,0,1,23.3729
3298,151,49,50,0,0,47.29,0.05,0,1,23.3743
3299,352,49,50,0,0,45.73,0.05,0,1,23.3686
3300,121,49,50,0,0,48.74,0.05,0,1,23.3717
3301,131,49,50,0,0,48.69,0.05,0,1,23.3739
3302,126,49,50,0,0,48.69,0.05,0,1,23.3736
3303,134,49,50,0,0,48.41,0.05,0,1,23.3738
3304,127,49,50,0,0,48.73,0.05,0,1,23.3732
3305,129,49,50,0,0,48.61,0.05,0,1,23.3733
3306,122,49,50,0,0,48.73,0.05,0,1,23.3784
3307,143,49,50,0,0,48.27,0.05,0,1,23.3832
3308,131,49,50,0,0,48.59,0.05,0,1,23.3819
3309,126,49,50,0,0,48.69,0.05,0,1,23.3761
3310,130,49,50,0,0,48.7,0.05,0,1,23.38
3311,124,49,50,0,0,48.71,0.05,0,1,23.3837
3312,122,49,50,0,0,48.73,0.05,0,1,23.3871
3313,150,49,50,0,0,48.4,0.05,0,1,23.39
3314,144,49,50,0,0,48.56,0.05,0,1,23.3928
3315,124,49,50,0,0,48.51,0.05,0,1,23.392
3316,109,49,50,0,0,48.91,0.05,0,1,23.396
3317,127,49,50,0,0,48.73,0.05,0,1,23.3957
3318,200,49,50,0,0,48.0,0.05,0,1,23.3973
3319,120,49,50,0,0,48.8,0.05,0,1,23.4013
3320,128,49,50,0,0,48.57,0.05,0,1,23.4052
3321,132,49,50,0,0,48.53,0.05,0,1,23.4041
3322,246,49,50,0,0,47.39,0.05,0,1,23.4
3323,131,49,50,0,0,48.69,0.05,0,1,23.3988
3324,138,49,50,0,0,48.52,0.05,0,1,23.4032
3325,228,49,50,0,0,47.62,0.05,0,1,23.4037
3326,131,49,50,0,0,48.59,0.05,0,1,23.4062
3327,114,49,50,0,0,48.71,0.05,0,1,23.41
3328,130,49,50,0,0,48.7,0.05,0,1,23.4123
3329,142,49,50,0,0,48.43,0.05,0,1,23.4052
3330,124,49,50,0,0,48.71,0.05,0,1,23.4084
3331,132,49,50,0,0,48.58,0.05,0,1,23.4107
3332,117,49,50,0,0,48.78,0.05,0,1,23.4144
3333,135,49,50,0,0,48.55,0.05,0,1,23.4167
3334,131,49,50,0,0,48.59,0.05,0,1,23.4183
3335,224,49,50,0,0,47.56,0.05,0,1,23.4195
3336,400,47,47,0,0,41.85,0.05,0,1,23.3974
3337,135,49,50,0,0,48.5,0.05,0,1,23.3998
3338,120,49,50,0,0,48.75,0.05,0,1,23.4032
3339,134,49,50,0,0,48.56,0.05,0,1,23.4057
3340,133,49,50,0,0,48.62,0.05,0,1,23.4088
3341,109,49,50,0,0,48.86,0.05,0,1,23.412
3342,119,49,50,0,0,48.76,0.05,0,1,23.4135
3343,148,49,50,0,0,48.22,0.05,0,1,23.4154
3344,130,49,50,0,0,48.65,0.05,0,1,23.4169
3345,244,49,50,0,0,47.36,0.05,0,1,23.415
3346,134,49,50,0,0,48.51,0.05,0,1,23.4168
3347,127,49,50,0,0,48.68,0.05,0,1,23.4188
3348,133,49,50,0,0,48.57,0.05,0,1,23.4117
3349,130,49,50,0,0,48.65,0.05,0,1,23.4131
3350,137,49,50,0,0,48.48,0.05,0,1,23.4144
3351,141,49,50,0,0,48.49,0.05,0,1,23.4117
3352,120,49,50,0,0,48.8,0.05,0,1,23.4141
3353,290,49,50,0,0,46.85,0.05,0,1,23.4128
3354,125,49,50,0,0,48.75,0.05,0,1,23.4107
3355,120,49,50,0,0,48.65,0.05,0,1,23.4143
3356,136,49,50,0,0,48.59,0.05,0,1,23.4118
3357,144,49,50,0,0,48.46,0.05,0,1,23.4152
3358,400,48,48,0,0,43.7,0.05,0,1,23.4123
3359,131,49,50,0,0,48.49,0.05,0,1,23.4102
3360,124,49,50,0,0,48.66,0.05,0,1,23.413
3361,116,49,50,0,0,48.74,0.05,0,1,23.4163
3362,135,49,50,0,0,48.45,0.05,0,1,23.4194
3363,400,49,49,0,0,44.7,0.05,0,1,23.4161
3364,354,49,50,0,0,46.26,0.05,0,1,23.4083
3365,201,49,50,0,0,47.84,0.05,0,1,23.405
3366,125,49,50,0,0,48.75,0.05,0,1,23.4018
3367,130,49,50,0,0,48.6,0.05,0,1,23.4047
3368,400,48,48,0,0,43.7,0.05,0,1,23.384
3369,124,49,50,0,0,48.61,0.05,0,1,23.3821
3370,130,49,50,0,0,48.65,0.05,0,1,23.38
3371,137,49,50,0,0,48.43,0.05,0,1,23.3797
3372,130,49,50,0,0,48.6,0.05,0,1,23.3836
3373,139,49,50,0,0,48.51,0.05,0,1,23.3873
3374,117,49,50,0,0,48.83,0.05,0,1,23.3816
3375,131,49,50,0,0,48.59,0.05,0,1,23.3851
3376,115,49,50,0,0,48.8,0.05,0,1,23.3896
3377,149,49,50,0,0,48.41,0.05,0,1,23.3921
3378,131,49,50,0,0,48.59,0.05,0,1,23.3864
3379,127,49,50,0,0,48.58,0.05,0,1,23.3911
3380,125,49,50,0,0,48.65,0.05,0,1,23.3866
3381,134,49,50,0,0,48.66,0.05,0,1,23.3891
3382,132,49,50,0,0,48.43,0.05,0,1,23.3877
3383,143,49,50,0,0,48.47,0.05,0,1,23.3873
3384,140,49,50,0,0,48.6,0.05,0,1,23.3917
3385,133,49,50,0,0,48.47,0.05,0,1,23.3918
3386,126,49,50,0,0,48.64,0.05,0,1,23.3969
3387,119,49,50,0,0,48.81,0.05,0,1,23.4017
3388,129,49,50,0,0,48.66,0.05,0,1,23.4062
3389,126,49,50,0,0,48.64,0.05,0,1,23.4102
3390,137,49,50,0,0,48.53,0.05,0,1,23.4123
3391,133,49,50,0,0,48.57,0.05,0,1,23.411
3392,269,49,50,0,0,47.21,0.05,0,1,23.4125
3393,130,49,50,0,0,48.55,0.05,0,1,23.4107
3394,115,49,50,0,0,48.85,0.05,0,1,23.4054
3395,138,49,50,0,0,48.47,0.05,0,1,23.4089
3396,144,49,50,0,0,48.51,0.05,0,1,23.4112
3397,133,49,50,0,0,48.52,0.05,0,1,23.4145
3398,136,49,50,0,0,48.54,0.05,0,1,23.4182
3399,119,49,50,0,0,48.81,0.05,0,1,23.4111
3400,133,49,50,0,0,48.57,0.05,0,1,23.4097
3401,135,49,50,0,0,48.4,0.05,0,1,23.4144
3402,118,49,50,0,0,48.77,0.05,0,1,23.4081
3403,131,49,50,0,0,48.64,0.05,0,1,23.4115
3404,148,49,50,0,0,48.47,0.05,0,1,23.4136
3405,118,49,50,0,0,48.72,0.05,0,1,23.4177
3406,135,49,50,0,0,48.5,0.05,0,1,23.4209
3407,127,49,50,0,0,48.63,0.05,0,1,23.4244
3408,140,49,50,0,0,48.6,0.05,0,1,23.4259
3409,146,49,50,0,0,48.49,0.05,0,1,23.4184
3410,134,49,50,0,0,48.41,0.05,0,1,23.4143
3411,400,44,44,0,0,39.55,0.05,0,1,23.4082
3412,284,49,50,0,0,46.96,0.05,0,1,23.4095
3413,142,49,50,0,0,48.33,0.05,0,1,23.4118
3414,117,49,50,0,0,48.78,0.05,0,1,23.4156
3415,400,48,48,0,0,40.05,0.05,0,1,23.4083
3416,149,49,50,0,0,48.51,0.05,0,1,23.4117
3417,128,49,50,0,0,48.67,0.05,0,1,23.4141
3418,134,49,50,0,0,48.51,0.05,0,1,23.4133
3419,136,49,50,0,0,48.44,0.05,0,1,23.4173
3420,125,49,50,0,0,48.65,0.05,0,1,23.4191
3421,131,49,50,0,0,48.59,0.05,0,1,23.4215
3422,112,49,50,0,0,48.73,0.05,0,1,23.4251
3423,150,49,50,0,0,48.1,0.05,0,1,23.4274
3424,199,49,50,0,0,47.31,0.05,0,1,23.4265
3425,142,49,50,0,0,48.58,0.05,0,1,23.4284
3426,142,49,50,0,0,48.23,0.05,0,1,23.4298
3427,400,48,48,0,0,42.15,0.05,0,1,23.4162
3428,134,49,50,0,0,48.51,0.05,0,1,23.4173
3429,131,49,50,0,0,48.69,0.05,0,1,23.4189
3430,129,49,50,0,0,48.71,0.05,0,1,23.4159
3431,116,49,50,0,0,48.79,0.05,0,1,23.4136
3432,135,49,50,0,0,48.55,0.05,0,1,23.4176
3433,138,49,50,0,0,48.52,0.05,0,1,23.4208
3434,137,49,50,0,0,48.58,0.05,0,1,23.4233
3435,131,49,50,0,0,48.59,0.05,0,1,23.4223
3436,144,49,50,0,0,48.41,0.05,0,1,23.426
3437,131,49,50,0,0,48.39,0.05,0,1,23.429
3438,118,49,50,0,0,48.77,0.05,0,1,23.4274
3439,163,49,50,0,0,47.07,0.05,0,1,23.4273
3440,126,49,50,0,0,48.74,0.05,0,1,23.43
3441,133,49,50,0,0,48.62,0.05,0,1,23.4325
3442,146,49,50,0,0,48.29,0.05,0,1,23.4311
3443,124,49,50,0,0,48.66,0.05,0,1,23.4347
3444,131,49,50,0,0,48.69,0.05,0,1,23.4367
3445,272,49,50,0,0,47.13,0.05,0,1,23.4376
3446,134,49,50,0,0,48.46,0.05,0,1,23.4407
3447,249,49,50,0,0,47.31,0.05,0,1,23.4366
3448,400,45,45,0,0,40.8,0.05,0,1,23.4337
3449,400,28,28,0,0,23.65,0.05,0,1,23.4192
3450,179,49,50,0,0,46.11,0.05,0,1,23.4123
3451,400,48,48,0,0,43.65,0.05,0,1,23.3973
3452,118,49,50,0,0,48.67,0.05,0,1,23.3949
3453,128,49,50,0,0,48.67,0.05,0,1,23.3971
3454,190,49,50,0,0,48.05,0.05,0,1,23.394
3455,400,46,46,0,0,39.05,0.05,0,1,23.3689
3456,168,49,50,0,0,47.92,0.05,0,1,23.3712
3457,400,49,49,0,0,42.15,0.05,0,1,23.3531
3458,129,49,50,0,0,48.61,0.05,0,1,23.3561
3459,127,49,50,0,0,48.58,0.05,0,1,23.3607
3460,114,49,50,0,0,48.86,0.05,0,1,23.3638
3461,273,49,50,0,0,46.92,0.05,0,1,23.3573
3462,142,49,50,0,0,48.53,0.05,0,1,23.3559
3463,116,49,50,0,0,48.79,0.05,0,1,23.3539
3464,134,49,50,0,0,48.51,0.05,0,1,23.3479
3465,117,49,50,0,0,48.68,0.05,0,1,23.3519
3466,111,49,50,0,0,48.89,0.05,0,1,23.3513
3467,133,49,50,0,0,48.52,0.05,0,1,23.3564
3468,128,49,50,0,0,48.67,0.05,0,1,23.3513
3469,126,49,50,0,0,48.69,0.05,0,1,23.3506
3470,128,49,50,0,0,48.62,0.05,0,1,23.3552
3471,131,49,50,0,0,48.69,0.05,0,1,23.3591
3472,125,49,50,0,0,48.6,0.05,0,1,23.3633
3473,126,49,50,0,0,48.69,0.05,0,1,23.3621
3474,117,49,50,0,0,48.78,0.05,0,1,23.3655
3475,139,49,50,0,0,48.56,0.05,0,1,23.3704
3476,133,49,50,0,0,48.62,0.05,0,1,23.3745
3477,123,49,50,0,0,48.77,0.05,0,1,23.3693
3478,137,49,50,0,0,48.53,0.05,0,1,23.3673
3479,126,49,50,0,0,48.74,0.05,0,1,23.373
3480,226,49,50,0,0,47.74,0.05,0,1,23.3733
3481,186,49,50,0,0,47.29,0.05,0,1,23.369
3482,400,48,48,0,0,42.45,0.05,0,1,23.3558
3483,124,49,50,0,0,48.71,0.05,0,1,23.3596
3484,134,49,50,0,0,48.61,0.05,0,1,23.3573
3485,190,49,50,0,0,45.15,0.05,0,1,23.3554
3486,130,49,50,0,0,48.65,0.05,0,1,23.3594
3487,131,49,50,0,0,48.54,0.05,0,1,23.3623
3488,122,49,50,0,0,48.68,0.05,0,1,23.3653
3489,159,49,50,0,0,48.31,0.05,0,1,23.3617
3490,131,49,50,0,0,48.59,0.05,0,1,23.3651
3491,141,49,50,0,0,48.49,0.05,0,1,23.3596
3492,144,49,50,0,0,48.51,0.05,0,1,23.3629
3493,131,49,50,0,0,48.64,0.05,0,1,23.3679
3494,138,49,50,0,0,48.62,0.05,0,1,23.3709
3495,122,49,50,0,0,48.68,0.05,0,1,23.375
3496,121,49,50,0,0,48.79,0.05,0,1,23.3781
3497,134,49,50,0,0,48.46,0.05,0,1,23.3813
3498,132,49,50,0,0,48.53,0.05,0,1,23.3792
3499,130,49,50,0,0,48.65,0.05,0,1,23.3823
3500,147,49,50,0,0,48.38,0.05,0,1,23.3855
3501,130,49,50,0,0,48.7,0.05,0,1,23.3884
3502,129,49,50,0,0,48.51,0.05,0,1,23.3877
3503,151,49,50,0,0,48.34,0.05,0,1,23.3908
3504,138,49,50,0,0,48.47,0.05,0,1,23.3933
3505,126,49,50,0,0,48.74,0.05,0,1,23.3951
3506,125,49,50,0,0,48.55,0.05,0,1,23.3974
3507,141,49,50,0,0,48.59,0.05,0,1,23.3989
3508,132,49,50,0,0,48.48,0.05,0,1,23.4031
3509,128,49,50,0,0,48.52,0.05,0,1,23.4072
3510,119,49,50,0,0,48.76,0.05,0,1,23.4094
3511,136,49,50,0,0,48.59,0.05,0,1,23.4113
3512,132,49,50,0,0,48.53,0.05,0,1,23.4097
3513,141,49,50,0,0,48.29,0.05,0,1,23.409
3514,146,49,50,0,0,48.34,0.05,0,1,23.4113
3515,123,49,50,0,0,48.77,0.05,0,1,23.4091
3516,392,49,50,0,0,44.38,0.05,0,1,23.4021
3517,123,49,50,0,0,48.77,0.05,0,1,23.4004
3518,126,49,50,0,0,48.59,0.05,0,1,23.4031
3519,145,49,50,0,0,48.45,0.05,0,1,23.4055
3520,296,49,50,0,0,45.94,0.05,0,1,23.4047
3521,131,49,50,0,0,48.59,0.05,0,1,23.4029
3522,125,49,50,0,0,48.65,0.05,0,1,23.3965
3523,130,49,50,0,0,48.55,0.05,0,1,23.3901
3524,122,49,50,0,0,48.63,0.05,0,1,23.3908
3525,122,49,50,0,0,48.78,0.05,0,1,23.3952
3526,133,49,50,0,0,48.57,0.05,0,1,23.3981
3527,128,49,50,0,0,48.67,0.05,0,1,23.4012
3528,129,49,50,0,0,48.56,0.05,0,1,23.4046
3529,121,49,50,0,0,48.79,0.05,0,1,23.4033
3530,130,49,50,0,0,48.5,0.05,0,1,23.4077
3531,124,49,50,0,0,48.76,0.05,0,1,23.4112
3532,149,49,50,0,0,48.51,0.05,0,1,23.4127
3533,135,49,50,0,0,48.55,0.05,0,1,23.4106
3534,136,49,50,0,0,48.49,0.05,0,1,23.4047
3535,129,49,50,0,0,48.71,0.05,0,1,23.4075
3536,117,49,50,0,0,48.83,0.05,0,1,23.4061
3537,122,49,50,0,0,48.73,0.05,0,1,23.4011
3538,121,49,50,0,0,48.74,0.05,0,1,23.4052
3539,131,49,50,0,0,48.69,0.05,0,1,23.4087
3540,123,49,50,0,0,48.77,0.05,0,1,23.4124
3541,129,49,50,0,0,48.66,0.05,0,1,23.4159
3542,121,49,50,0,0,48.69,0.05,0,1,23.4145
3543,143,49,50,0,0,48.47,0.05,0,1,23.414
3544,147,49,50,0,0,48.33,0.05,0,1,23.4138
3545,143,49,50,0,0,48.42,0.05,0,1,23.419
3546,115,49,50,0,0,48.8,0.05,0,1,23.4229
3547,122,49,50,0,0,48.78,0.05,0,1,23.4271
3548,287,49,50,0,0,46.93,0.05,0,1,23.4268
3549,136,49,50,0,0,48.59,0.05,0,1,23.4243
3550,135,49,50,0,0,48.35,0.05,0,1,23.4282
3551,151,49,50,0,0,48.39,0.05,0,1,23.4299
3552,138,49,50,0,0,48.47,0.05,0,1,23.4325
3553,116,49,50,0,0,48.79,0.05,0,1,23.4311
3554,130,49,50,0,0,48.65,0.05,0,1,23.4346
3555,115,49,50,0,0,48.75,0.05,0,1,23.4323
3556,142,49,50,0,0,48.58,0.05,0,1,23.4355
3557,116,49,50,0,0,48.69,0.05,0,1,23.4353
3558,112,49,50,0,0,48.83,0.05,0,1,23.4341
3559,327,49,50,0,0,46.23,0.05,0,1,23.4262
3560,338,49,50,0,0,45.57,0.05,0,1,23.4221
3561,125,49,50,0,0,48.7,0.05,0,1,23.4266
3562,125,49,50,0,0,48.65,0.05,0,1,23.425
3563,133,49,50,0,0,48.57,0.05,0,1,23.4195
3564,155,49,50,0,0,48.4,0.05,0,1,23.4228
3565,148,49,50,0,0,48.32,0.05,0,1,23.427
3566,135,49,50,0,0,48.6,0.05,0,1,23.4304
3567,128,49,50,0,0,48.57,0.05,0,1,23.4252
3568,400,46,46,0,0,41.4,0.05,0,1,23.4197
3569,131,49,50,0,0,48.59,0.05,0,1,23.4143
3570,143,49,50,0,0,48.32,0.05,0,1,23.4178
3571,400,49,49,0,0,42.1,0.05,0,1,23.4101
3572,135,49,50,0,0,48.6,0.05,0,1,23.4121
3573,141,49,50,0,0,48.49,0.05,0,1,23.4107
3574,137,49,50,0,0,48.53,0.05,0,1,23.4139
3575,124,49,50,0,0,48.71,0.05,0,1,23.4158
3576,124,49,50,0,0,48.61,0.05,0,1,23.4187
3577,141,49,50,0,0,48.49,0.05,0,1,23.4169
3578,134,49,50,0,0,48.56,0.05,0,1,23.4201
3579,127,49,50,0,0,48.53,0.05,0,1,23.419
3580,124,49,50,0,0,48.71,0.05,0,1,23.4184
3581,123,49,50,0,0,48.67,0.05,0,1,23.4225
3582,129,49,50,0,0,48.56,0.05,0,1,23.4257
3583,141,49,50,0,0,48.49,0.05,0,1,23.419
3584,139,49,50,0,0,48.46,0.05,0,1,23.4222
3585,139,49,50,0,0,48.51,0.05,0,1,23.4217
3586,125,49,50,0,0,48.75,0.05,0,1,23.4213
3587,117,49,50,0,0,48.68,0.05,0,1,23.4254
3588,130,49,50,0,0,48.65,0.05,0,1,23.4295
3589,132,49,50,0,0,48.53,0.05,0,1,23.4289
3590,140,49,50,0,0,48.45,0.05,0,1,23.4321
3591,127,49,50,0,0,48.63,0.05,0,1,23.4355
3592,138,49,50,0,0,48.52,0.05,0,1,23.4391
3593,129,49,50,0,0,48.66,0.05,0,1,23.4418
3594,148,49,50,0,0,47.97,0.05,0,1,23.4351
3595,153,49,50,0,0,48.42,0.05,0,1,23.4381
3596,135,49,50,0,0,48.6,0.05,0,1,23.4409
3597,134,49,50,0,0,48.41,0.05,0,1,23.4403
3598,219,49,50,0,0,47.56,0.05,0,1,23.4413
3599,138,49,50,0,0,48.57,0.05,0,1,23.4402
3600,127,49,50,0,0,48.68,0.05,0,1,23.4436
3601,115,49,50,0,0,48.85,0.05,0,1,23.4467
3602,158,49,50,0,0,48.02,0.05,0,1,23.4483
3603,145,49,50,0,0,48.25,0.05,0,1,23.4506
3604,130,49,50,0,0,48.6,0.05,0,1,23.4526
3605,122,49,50,0,0,48.73,0.05,0,1,23.4503
3606,149,49,50,0,0,48.21,0.05,0,1,23.448
3607,145,49,50,0,0,48.4,0.05,0,1,23.4519
3608,132,49,50,0,0,48.58,0.05,0,1,23.455
3609,138,49,50,0,0,48.52,0.05,0,1,23.4582
3610,400,48,48,0,0,42.6,0.05,0,1,23.443
3611,137,49,50,0,0,48.48,0.05,0,1,23.446
3612,125,49,50,0,0,48.7,0.05,0,1,23.4491
3613,130,49,50,0,0,48.65,0.05,0,1,23.4469
3614,240,49,50,0,0,46.75,0.05,0,1,23.4422
3615,129,49,50,0,0,48.71,0.05,0,1,23.4373
3616,246,49,50,0,0,47.34,0.05,0,1,23.4326
3617,120,49,50,0,0,48.75,0.05,0,1,23.4363
3618,148,49,50,0,0,48.52,0.05,0,1,23.4391
3619,123,49,50,0,0,48.67,0.05,0,1,23.4416
3620,141,49,50,0,0,48.54,0.05,0,1,23.4437
3621,131,49,50,0,0,48.59,0.05,0,1,23.4423
3622,126,49,50,0,0,48.64,0.05,0,1,23.4463
3623,313,49,50,0,0,46.52,0.05,0,1,23.4408
3624,400,49,49,0,0,42.65,0.05,0,1,23.432
3625,130,49,50,0,0,48.6,0.05,0,1,23.4357
3626,128,49,50,0,0,48.62,0.05,0,1,23.4386
3627,132,49,50,0,0,48.68,0.05,0,1,23.4414
3628,122,49,50,0,0,48.68,0.05,0,1,23.4445
3629,127,49,50,0,0,48.68,0.05,0,1,23.447
3630,119,49,50,0,0,48.71,0.05,0,1,23.449
3631,116,49,50,0,0,48.84,0.05,0,1,23.4509
3632,121,49,50,0,0,48.79,0.05,0,1,23.448
3633,124,49,50,0,0,48.71,0.05,0,1,23.4454
3634,130,49,50,0,0,48.55,0.05,0,1,23.4441
3635,127,49,50,0,0,48.63,0.05,0,1,23.4386
3636,383,49,50,0,0,44.02,0.05,0,1,23.4321
3637,121,49,50,0,0,48.79,0.05,0,1,23.4319
3638,136,49,50,0,0,48.49,0.05,0,1,23.4271
3639,124,49,50,0,0,48.71,0.05,0,1,23.426
3640,121,49,50,0,0,48.74,0.05,0,1,23.4296
3641,131,49,50,0,0,48.54,0.05,0,1,23.4337
3642,180,49,50,0,0,47.6,0.05,0,1,23.4359
3643,140,49,50,0,0,48.55,0.05,0,1,23.436
3644,142,49,50,0,0,48.58,0.05,0,1,23.4386
3645,134,49,50,0,0,48.56,0.05,0,1,23.4423
3646,127,49,50,0,0,48.68,0.05,0,1,23.4457
3647,172,49,50,0,0,48.23,0.05,0,1,23.4477
3648,145,49,50,0,0,48.45,0.05,0,1,23.4498
3649,138,49,50,0,0,48.57,0.05,0,1,23.4436
3650,136,49,50,0,0,48.49,0.05,0,1,23.4419
3651,135,49,50,0,0,48.55,0.05,0,1,23.4408
3652,130,49,50,0,0,48.65,0.05,0,1,23.446
3653,270,49,50,0,0,46.7,0.05,0,1,23.4454
3654,131,49,50,0,0,48.64,0.05,0,1,23.4491
3655,127,49,50,0,0,48.73,0.05,0,1,23.4516
3656,122,49,50,0,0,48.73,0.05,0,1,23.4544
3657,144,49,50,0,0,48.51,0.05,0,1,23.456
3658,126,49,50,0,0,48.69,0.05,0,1,23.4552
3659,137,49,50,0,0,48.58,0.05,0,1,23.4582
3660,122,49,50,0,0,48.73,0.05,0,1,23.4562
3661,400,49,49,0,0,44.7,0.05,0,1,23.4444
3662,122,49,50,0,0,48.73,0.05,0,1,23.4433
3663,144,49,50,0,0,48.46,0.05,0,1,23.4472
3664,127,49,50,0,0,48.58,0.05,0,1,23.4517
3665,139,49,50,0,0,48.46,0.05,0,1,23.455
3666,130,49,50,0,0,48.7,0.05,0,1,23.4572
3667,131,49,50,0,0,48.59,0.05,0,1,23.4511
3668,132,49,50,0,0,48.63,0.05,0,1,23.4543
3669,132,49,50,0,0,48.23,0.05,0,1,23.4513
3670,137,49,50,0,0,48.53,0.05,0,1,23.4501
3671,122,49,50,0,0,48.73,0.05,0,1,23.4539
3672,133,49,50,0,0,48.62,0.05,0,1,23.4577
3673,129,49,50,0,0,48.61,0.05,0,1,23.4567
3674,118,49,50,0,0,48.77,0.05,0,1,23.4602
3675,143,49,50,0,0,48.52,0.05,0,1,23.4621
3676,121,49,50,0,0,48.69,0.05,0,1,23.4636
3677,119,49,50,0,0,48.76,0.05,0,1,23.4667
3678,146,49,50,0,0,48.54,0.05,0,1,23.4693
3679,143,49,50,0,0,48.37,0.05,0,1,23.4627
3680,141,49,50,0,0,48.54,0.05,0,1,23.4654
3681,130,49,50,0,0,48.65,0.05,0,1,23.4675
3682,129,49,50,0,0,48.66,0.05,0,1,23.4698
3683,118,49,50,0,0,48.82,0.05,0,1,23.4725
3684,147,49,50,0,0,48.28,0.05,0,1,23.4757
3685,135,49,50,0,0,48.5,0.05,0,1,23.4777
3686,120,49,50,0,0,48.8,0.05,0,1,23.4791
3687,134,49,50,0,0,48.66,0.05,0,1,23.48
3688,139,49,50,0,0,48.51,0.05,0,1,23.4819
3689,294,49,50,0,0,45.06,0.05,0,1,23.4782
3690,127,49,50,0,0,48.48,0.05,0,1,23.4814
3691,168,49,50,0,0,47.37,0.05,0,1,23.4722
3692,122,49,50,0,0,48.68,0.05,0,1,23.475
3693,153,49,50,0,0,48.47,0.05,0,1,23.4755
3694,122,49,50,0,0,48.73,0.05,0,1,23.468
3695,128,49,50,0,0,48.67,0.05,0,1,23.4704
3696,129,49,50,0,0,48.61,0.05,0,1,23.4717
3697,131,49,50,0,0,48.59,0.05,0,1,23.471
3698,133,49,50,0,0,48.57,0.05,0,1,23.4729
3699,210,49,50,0,0,47.85,0.05,0,1,23.4726
3700,131,49,50,0,0,48.59,0.05,0,1,23.4665
3701,142,49,50,0,0,48.43,0.05,0,1,23.47
3702,171,49,50,0,0,48.04,0.05,0,1,23.4739
3703,131,49,50,0,0,48.64,0.05,0,1,23.4769
3704,130,49,50,0,0,48.6,0.05,0,1,23.4797
3705,146,49,50,0,0,48.39,0.05,0,1,23.4788
3706,170,49,50,0,0,48.25,0.05,0,1,23.4799
3707,113,49,50,0,0,48.87,0.05,0,1,23.478
3708,137,49,50,0,0,48.53,0.05,0,1,23.4803
3709,151,49,50,0,0,48.44,0.05,0,1,23.4835
3710,128,49,50,0,0,48.62,0.05,0,1,23.4874
3711,145,49,50,0,0,48.45,0.05,0,1,23.4849
3712,180,49,50,0,0,48.15,0.05,0,1,23.4867
3713,221,49,50,0,0,47.59,0.05,0,1,23.4872
3714,123,49,50,0,0,48.72,0.05,0,1,23.4898
3715,131,49,50,0,0,48.49,0.05,0,1,23.4835
3716,123,49,50,0,0,48.62,0.05,0,1,23.4868
3717,137,49,50,0,0,48.53,0.05,0,1,23.4852
3718,125,49,50,0,0,48.7,0.05,0,1,23.4892
3719,134,49,50,0,0,48.51,0.05,0,1,23.4884
3720,119,49,50,0,0,48.66,0.05,0,1,23.493
3721,280,49,50,0,0,46.85,0.05,0,1,23.4938
3722,209,49,50,0,0,47.61,0.05,0,1,23.4898
3723,120,49,50,0,0,48.8,0.05,0,1,23.4935
3724,126,49,50,0,0,48.59,0.05,0,1,23.4921
3725,119,49,50,0,0,48.71,0.05,0,1,23.4953
3726,131,49,50,0,0,48.59,0.05,0,1,23.4896
3727,148,49,50,0,0,48.42,0.05,0,1,23.4925
3728,148,49,50,0,0,48.37,0.05,0,1,23.4914
3729,139,49,50,0,0,48.36,0.05,0,1,23.4956
3730,118,49,50,0,0,48.77,0.05,0,1,23.4947
3731,127,49,50,0,0,48.63,0.05,0,1,23.4981
3732,108,49,50,0,0,48.87,0.05,0,1,23.5007
3733,128,49,50,0,0,48.62,0.05,0,1,23.5037
3734,400,49,49,0,0,43.4,0.05,0,1,23.4986
3735,117,49,50,0,0,48.83,0.05,0,1,23.4965
3736,144,49,50,0,0,48.51,0.05,0,1,23.4951
3737,134,49,50,0,0,48.66,0.05,0,1,23.4987
3738,111,49,50,0,0,48.89,0.05,0,1,23.5017
3739,126,49,50,0,0,48.74,0.05,0,1,23.5046
3740,125,49,50,0,0,48.7,0.05,0,1,23.5073
3741,187,49,50,0,0,48.03,0.05,0,1,23.5055
3742,178,49,50,0,0,47.72,0.05,0,1,23.5058
3743,134,49,50,0,0,48.51,0.05,0,1,23.5083
3744,123,49,50,0,0,48.77,0.05,0,1,23.5062
3745,119,49,50,0,0,48.81,0.05,0,1,23.5047
3746,123,49,50,0,0,48.57,0.05,0,1,23.5038
3747,125,49,50,0,0,48.7,0.05,0,1,23.5076
3748,125,49,50,0,0,48.6,0.05,0,1,23.5108
3749,123,49,50,0,0,48.67,0.05,0,1,23.5133
3750,319,49,50,0,0,44.76,0.05,0,1,23.5076
3751,131,49,50,0,0,48.59,0.05,0,1,23.5054
3752,131,49,50,0,0,48.64,0.05,0,1,23.5081
3753,128,49,50,0,0,48.67,0.05,0,1,23.5065
3754,133,49,50,0,0,48.62,0.05,0,1,23.5091
3755,131,49,50,0,0,48.54,0.05,0,1,23.5129
3756,117,49,50,0,0,48.78,0.05,0,1,23.5153
3757,129,49,50,0,0,48.66,0.05,0,1,23.5175
3758,139,49,50,0,0,48.41,0.05,0,1,23.5158
3759,138,49,50,0,0,48.47,0.05,0,1,23.5139
3760,139,49,50,0,0,48.36,0.05,0,1,23.5177
3761,125,49,50,0,0,48.75,0.05,0,1,23.5167
3762,108,49,50,0,0,48.87,0.05,0,1,23.5202
3763,126,49,50,0,0,48.69,0.05,0,1,23.515
3764,400,47,47,0,0,41.4,0.05,0,1,23.51
3765,118,49,50,0,0,48.77,0.05,0,1,23.513
3766,119,49,50,0,0,48.71,0.05,0,1,23.5109
3767,133,49,50,0,0,48.47,0.05,0,1,23.5145
3768,136,49,50,0,0,48.54,0.05,0,1,23.517
3769,400,49,49,0,0,43.05,0.05,0,1,23.4965
3770,114,49,50,0,0,48.81,0.05,0,1,23.4909
3771,120,49,50,0,0,48.8,0.05,0,1,23.4948
3772,131,49,50,0,0,48.69,0.05,0,1,23.4882
3773,150,49,50,0,0,48.4,0.05,0,1,23.4917
3774,134,49,50,0,0,48.61,0.05,0,1,23.4909
3775,120,49,50,0,0,48.8,0.05,0,1,23.494
3776,396,49,50,0,0,45.64,0.05,0,1,23.4925
3777,113,49,50,0,0,48.87,0.05,0,1,23.4864
3778,131,49,50,0,0,48.64,0.05,0,1,23.4904
3779,133,49,50,0,0,48.47,0.05,0,1,23.4894
3780,128,49,50,0,0,48.62,0.05,0,1,23.4925
3781,122,49,50,0,0,48.63,0.05,0,1,23.4869
3782,210,49,50,0,0,47.65,0.05,0,1,23.4849
3783,400,40,40,0,0,35.7,0.05,0,1,23.4807
3784,149,49,50,0,0,48.41,0.05,0,1,23.4824
3785,140,49,50,0,0,48.55,0.05,0,1,23.4822
3786,179,49,50,0,0,47.11,0.05,0,1,23.4786
3787,119,49,50,0,0,48.71,0.05,0,1,23.482
3788,148,49,50,0,0,48.37,0.05,0,1,23.4816
3789,131,49,50,0,0,48.69,0.05,0,1,23.4849
3790,126,49,50,0,0,48.59,0.05,0,1,23.4794
3791,146,49,50,0,0,48.44,0.05,0,1,23.4838
3792,123,49,50,0,0,48.67,0.05,0,1,23.4874
3793,136,49,50,0,0,48.59,0.05,0,1,23.486
3794,120,49,50,0,0,48.75,0.05,0,1,23.4864
3795,145,49,50,0,0,48.25,0.05,0,1,23.4865
3796,339,49,50,0,0,45.06,0.05,0,1,23.4842
3797,135,49,50,0,0,48.45,0.05,0,1,23.4882
3798,123,49,50,0,0,48.72,0.05,0,1,23.4918
3799,133,49,50,0,0,48.57,0.05,0,1,23.491
3800,400,46,46,0,0,39.45,0.05,0,1,23.4775
3801,127,49,50,0,0,48.68,0.05,0,1,23.4806
3802,130,49,50,0,0,48.7,0.05,0,1,23.484
3803,124,49,50,0,0,48.56,0.05,0,1,23.4886
3804,121,49,50,0,0,48.69,0.05,0,1,23.492
3805,130,49,50,0,0,48.55,0.05,0,1,23.4909
3806,122,49,50,0,0,48.73,0.05,0,1,23.484
3807,128,49,50,0,0,48.52,0.05,0,1,23.4882
3808,117,49,50,0,0,48.78,0.05,0,1,23.4914
3809,123,49,50,0,0,48.77,0.05,0,1,23.4899
3810,117,49,50,0,0,48.73,0.05,0,1,23.4932
3811,117,49,50,0,0,48.73,0.05,0,1,23.4972
3812,134,49,50,0,0,48.61,0.05,0,1,23.4958
3813,136,49,50,0,0,48.49,0.05,0,1,23.4989
3814,121,49,50,0,0,48.69,0.05,0,1,23.4932
3815,148,49,50,0,0,48.42,0.05,0,1,23.4978
3816,124,49,50,0,0,48.76,0.05,0,1,23.5005
3817,133,49,50,0,0,48.57,0.05,0,1,23.4993
3818,125,49,50,0,0,48.55,0.05,0,1,23.5035
3819,122,49,50,0,0,48.63,0.05,0,1,23.5077
3820,117,49,50,0,0,48.73,0.05,0,1,23.5068
3821,137,49,50,0,0,48.48,0.05,0,1,23.5113
3822,113,49,50,0,0,48.87,0.05,0,1,23.511
3823,126,49,50,0,0,48.69,0.05,0,1,23.5153
3824,152,49,50,0,0,48.33,0.05,0,1,23.5185
3825,130,49,50,0,0,48.7,0.05,0,1,23.5216
3826,116,49,50,0,0,48.74,0.05,0,1,23.5252
3827,157,49,50,0,0,46.98,0.05,0,1,23.5249
3828,113,49,50,0,0,48.87,0.05,0,1,23.527
3829,129,49,50,0,0,48.61,0.05,0,1,23.525
3830,133,49,50,0,0,48.57,0.05,0,1,23.5282
3831,121,49,50,0,0,48.79,0.05,0,1,23.5258
3832,119,49,50,0,0,48.76,0.05,0,1,23.5295
3833,139,49,50,0,0,48.41,0.05,0,1,23.533
3834,131,49,50,0,0,48.59,0.05,0,1,23.535
3835,131,49,50,0,0,48.69,0.05,0,1,23.5372
3836,133,49,50,0,0,48.52,0.05,0,1,23.54
3837,245,49,50,0,0,46.15,0.05,0,1,23.5393
3838,125,49,50,0,0,48.6,0.05,0,1,23.5412
3839,400,49,49,0,0,41.95,0.05,0,1,23.5275
3840,123,49,50,0,0,48.72,0.05,0,1,23.5296
3841,120,49,50,0,0,48.75,0.05,0,1,23.5225
3842,120,49,50,0,0,48.65,0.05,0,1,23.5212
3843,130,49,50,0,0,48.6,0.05,0,1,23.524
3844,121,49,50,0,0,48.69,0.05,0,1,23.5227
3845,119,49,50,0,0,48.81,0.05,0,1,23.525
3846,123,49,50,0,0,48.77,0.05,0,1,23.5244
3847,127,49,50,0,0,48.68,0.05,0,1,23.5284
3848,130,49,50,0,0,48.65,0.05,0,1,23.5267
3849,133,49,50,0,0,48.52,0.05,0,1,23.5305
3850,141,49,50,0,0,48.44,0.05,0,1,23.5332
3851,123,49,50,0,0,48.72,0.05,0,1,23.5359
3852,133,49,50,0,0,48.57,0.05,0,1,23.5382
3853,134,49,50,0,0,48.61,0.05,0,1,23.5314
3854,129,49,50,0,0,48.56,0.05,0,1,23.5344
3855,140,49,50,0,0,48.45,0.05,0,1,23.5333
3856,140,49,50,0,0,48.45,0.05,0,1,23.5288
3857,132,49,50,0,0,48.68,0.05,0,1,23.5318
3858,140,49,50,0,0,48.5,0.05,0,1,23.5358
3859,127,49,50,0,0,48.68,0.05,0,1,23.5386
3860,128,49,50,0,0,48.72,0.05,0,1,23.5402
3861,138,49,50,0,0,48.42,0.05,0,1,23.5441
3862,131,49,50,0,0,48.54,0.05,0,1,23.5475
3863,233,49,50,0,0,47.47,0.05,0,1,23.5485
3864,145,49,50,0,0,48.55,0.05,0,1,23.5491
3865,128,49,50,0,0,48.57,0.05,0,1,23.5508
3866,236,49,50,0,0,47.49,0.05,0,1,23.5461
3867,134,49,50,0,0,48.56,0.05,0,1,23.549
3868,111,49,50,0,0,48.84,0.05,0,1,23.5517
3869,143,49,50,0,0,48.47,0.05,0,1,23.5497
3870,125,49,50,0,0,48.65,0.05,0,1,23.5484
3871,121,49,50,0,0,48.69,0.05,0,1,23.5477
3872,124,49,50,0,0,48.76,0.05,0,1,23.5515
3873,117,49,50,0,0,48.83,0.05,0,1,23.5456
3874,139,49,50,0,0,48.46,0.05,0,1,23.5502
3875,141,49,50,0,0,48.49,0.05,0,1,23.554
3876,121,49,50,0,0,48.79,0.05,0,1,23.5568
3877,133,49,50,0,0,48.67,0.05,0,1,23.5554
3878,137,49,50,0,0,48.53,0.05,0,1,23.5577
3879,136,49,50,0,0,48.59,0.05,0,1,23.5606
3880,137,49,50,0,0,48.63,0.05,0,1,23.5626
3881,113,49,50,0,0,48.87,0.05,0,1,23.5603
3882,140,49,50,0,0,48.55,0.05,0,1,23.5625
3883,321,49,50,0,0,46.59,0.05,0,1,23.5612
3884,139,49,50,0,0,48.36,0.05,0,1,23.5652
3885,116,49,50,0,0,48.79,0.05,0,1,23.5666
3886,128,49,50,0,0,48.57,0.05,0,1,23.5592
3887,129,49,50,0,0,48.56,0.05,0,1,23.5624
3888,212,49,50,0,0,47.83,0.05,0,1,23.563
3889,126,49,50,0,0,48.69,0.05,0,1,23.5611
3890,117,49,50,0,0,48.73,0.05,0,1,23.5642
3891,109,49,50,0,0,48.91,0.05,0,1,23.5625
3892,123,49,50,0,0,48.77,0.05,0,1,23.562
3893,138,49,50,0,0,48.52,0.05,0,1,23.5648
3894,158,49,50,0,0,48.07,0.05,0,1,23.5644
3895,152,49,50,0,0,48.08,0.05,0,1,23.5688
3896,116,49,50,0,0,48.74,0.05,0,1,23.5734
3897,132,49,50,0,0,48.53,0.05,0,1,23.5762
3898,132,49,50,0,0,48.58,0.05,0,1,23.5801
3899,122,49,50,0,0,48.78,0.05,0,1,23.5831
3900,131,49,50,0,0,48.59,0.05,0,1,23.5804
3901,131,49,50,0,0,48.59,0.05,0,1,23.5839
3902,138,49,50,0,0,48.52,0.05,0,1,23.586
3903,130,49,50,0,0,48.7,0.05,0,1,23.5887
3904,196,49,50,0,0,47.84,0.05,0,1,23.5875
3905,130,49,50,0,0,48.7,0.05,0,1,23.5894
3906,124,49,50,0,0,48.56,0.05,0,1,23.5917
3907,133,49,50,0,0,48.57,0.05,0,1,23.5935
3908,127,49,50,0,0,48.63,0.05,0,1,23.5913
3909,139,49,50,0,0,48.61,0.05,0,1,23.5922
3910,129,49,50,0,0,48.56,0.05,0,1,23.5949
3911,125,49,50,0,0,48.55,0.05,0,1,23.5977
3912,143,49,50,0,0,48.37,0.05,0,1,23.5945
3913,131,49,50,0,0,48.69,0.05,0,1,23.5928
3914,146,49,50,0,0,48.39,0.05,0,1,23.5908
3915,131,49,50,0,0,48.54,0.05,0,1,23.5945
3916,125,49,50,0,0,48.7,0.05,0,1,23.5975
3917,129,49,50,0,0,48.71,0.05,0,1,23.5951
3918,400,49,49,0,0,44.75,0.05,0,1,23.5757
3919,130,49,50,0,0,48.55,0.05,0,1,23.5711
3920,139,49,50,0,0,48.36,0.05,0,1,23.5766
3921,155,49,50,0,0,48.3,0.05,0,1,23.5797
3922,128,49,50,0,0,48.72,0.05,0,1,23.583
3923,130,49,50,0,0,48.55,0.05,0,1,23.5765
3924,276,49,50,0,0,47.09,0.05,0,1,23.5714
3925,133,49,50,0,0,48.67,0.05,0,1,23.5708
3926,400,49,49,0,0,44.8,0.05,0,1,23.5699
3927,124,49,50,0,0,48.61,0.05,0,1,23.5697
3928,146,49,50,0,0,48.24,0.05,0,1,23.5738
3929,138,49,50,0,0,48.57,0.05,0,1,23.5732
3930,130,49,50,0,0,48.65,0.05,0,1,23.5767
3931,143,49,50,0,0,48.37,0.05,0,1,23.5766
3932,136,49,50,0,0,48.39,0.05,0,1,23.5804
3933,117,49,50,0,0,48.83,0.05,0,1,23.5837
3934,128,49,50,0,0,48.57,0.05,0,1,23.5826
3935,120,49,50,0,0,48.7,0.05,0,1,23.5858
3936,400,48,48,0,0,43.7,0.05,0,1,23.5732
3937,138,49,50,0,0,48.12,0.05,0,1,23.5758
3938,148,49,50,0,0,47.32,0.05,0,1,23.5776
3939,132,49,50,0,0,48.63,0.05,0,1,23.5756
3940,124,49,50,0,0,48.71,0.05,0,1,23.5786
3941,129,49,50,0,0,48.71,0.05,0,1,23.5809
3942,122,49,50,0,0,48.73,0.05,0,1,23.5836
3943,390,49,50,0,0,44.75,0.05,0,1,23.5812
3944,152,49,50,0,0,48.13,0.05,0,1,23.5786
3945,126,49,50,0,0,48.74,0.05,0,1,23.5822
3946,201,49,50,0,0,46.79,0.05,0,1,23.5815
3947,400,49,49,0,0,43.5,0.05,0,1,23.5732
3948,137,49,50,0,0,48.43,0.05,0,1,23.5749
3949,380,49,50,0,0,44.1,0.05,0,1,23.5636
3950,138,49,50,0,0,48.47,0.05,0,1,23.5643
3951,101,49,50,0,0,48.99,0.05,0,1,23.5663
3952,131,49,50,0,0,48.59,0.05,0,1,23.5642
3953,142,49,50,0,0,48.43,0.05,0,1,23.5628
3954,128,49,50,0,0,48.67,0.05,0,1,23.5651
3955,131,49,50,0,0,48.59,0.05,0,1,23.5677
3956,131,49,50,0,0,48.59,0.05,0,1,23.5655
3957,134,49,50,0,0,48.61,0.05,0,1,23.5643
3958,135,49,50,0,0,48.5,0.05,0,1,23.5679
3959,400,49,49,0,0,44.75,0.05,0,1,23.5609
3960,235,49,50,0,0,46.8,0.05,0,1,23.5592
3961,131,49,50,0,0,48.64,0.05,0,1,23.5617
3962,132,49,50,0,0,48.53,0.05,0,1,23.5639
3963,146,49,50,0,0,48.49,0.05,0,1,23.5622
3964,128,49,50,0,0,48.57,0.05,0,1,23.5652
3965,120,49,50,0,0,48.65,0.05,0,1,23.5641
3966,263,49,50,0,0,46.12,0.05,0,1,23.5619
3967,119,49,50,0,0,48.81,0.05,0,1,23.5608
3968,127,49,50,0,0,48.63,0.05,0,1,23.5598
3969,171,49,50,0,0,48.04,0.05,0,1,23.5619
3970,119,49,50,0,0,48.76,0.05,0,1,23.5656
3971,123,49,50,0,0,48.67,0.05,0,1,23.559
3972,144,49,50,0,0,48.41,0.05,0,1,23.5524
3973,137,49,50,0,0,48.53,0.05,0,1,23.5551
3974,186,49,50,0,0,47.59,0.05,0,1,23.5521
3975,141,49,50,0,0,48.44,0.05,0,1,23.5555
3976,400,46,46,0,0,39.7,0.05,0,1,23.5492
3977,307,49,50,0,0,45.68,0.05,0,1,23.5438
3978,131,49,50,0,0,48.44,0.05,0,1,23.5459
3979,134,49,50,0,0,48.61,0.05,0,1,23.5398
3980,143,49,50,0,0,48.42,0.05,0,1,23.5423
3981,124,49,50,0,0,48.61,0.05,0,1,23.5406
3982,124,49,50,0,0,48.71,0.05,0,1,23.5437
3983,130,49,50,0,0,48.6,0.05,0,1,23.5462
3984,124,49,50,0,0,48.71,0.05,0,1,23.5482
3985,118,49,50,0,0,48.77,0.05,0,1,23.5512
3986,163,49,50,0,0,47.62,0.05,0,1,23.5525
3987,141,49,50,0,0,48.44,0.05,0,1,23.5545
3988,150,49,50,0,0,48.35,0.05,0,1,23.553
3989,133,49,50,0,0,48.57,0.05,0,1,23.5511
3990,135,49,50,0,0,48.6,0.05,0,1,23.5536
3991,114,49,50,0,0,48.86,0.05,0,1,23.5573
3992,116,49,50,0,0,48.79,0.05,0,1,23.551
3993,123,49,50,0,0,48.77,0.05,0,1,23.5552
3994,127,49,50,0,0,48.53,0.05,0,1,23.5535
3995,136,49,50,0,0,48.59,0.05,0,1,23.5565
3996,140,49,50,0,0,48.45,0.05,0,1,23.5596
3997,133,49,50,0,0,48.62,0.05,0,1,23.5631
3998,135,49,50,0,0,48.55,0.05,0,1,23.5654
3999,141,49,50,0,0,48.54,0.05,0,1,23.5674
4000,131,49,50,0,0,48.69,0.05,0,1,23.5659
4001,145,49,50,0,0,48.45,0.05,0,1,23.5639
4002,138,49,50,0,0,48.57,0.05,0,1,23.5664
4003,291,49,50,0,0,45.34,0.05,0,1,23.5627
4004,219,49,50,0,0,47.56,0.05,0,1,23.5636
4005,128,49,50,0,0,48.67,0.05,0,1,23.5568
4006,126,49,50,0,0,48.69,0.05,0,1,23.56
4007,128,49,50,0,0,48.72,0.05,0,1,23.5627
4008,138,49,50,0,0,48.62,0.05,0,1,23.5643
4009,121,49,50,0,0,48.69,0.05,0,1,23.5676
4010,255,49,50,0,0,46.95,0.05,0,1,23.5585
4011,145,49,50,0,0,48.55,0.05,0,1,23.5576
4012,130,49,50,0,0,48.5,0.05,0,1,23.5626
4013,152,49,50,0,0,48.18,0.05,0,1,23.5668
4014,131,49,50,0,0,48.59,0.05,0,1,23.569
4015,161,49,50,0,0,47.99,0.05,0,1,23.5652
4016,121,49,50,0,0,48.79,0.05,0,1,23.563
4017,128,49,50,0,0,48.67,0.05,0,1,23.5661
4018,187,49,50,0,0,48.03,0.05,0,1,23.5674
4019,134,49,50,0,0,48.46,0.05,0,1,23.5729
4020,120,49,50,0,0,48.75,0.05,0,1,23.5716
4021,140,49,50,0,0,48.55,0.05,0,1,23.5761
4022,276,49,50,0,0,46.49,0.05,0,1,23.5644
4023,125,49,50,0,0,48.6,0.05,0,1,23.568
4024,124,49,50,0,0,48.61,0.05,0,1,23.5707
4025,138,49,50,0,0,48.57,0.05,0,1,23.5694
4026,126,49,50,0,0,48.74,0.05,0,1,23.5723
4027,121,49,50,0,0,48.74,0.05,0,1,23.5761
4028,122,49,50,0,0,48.73,0.05,0,1,23.5779
4029,400,43,43,0,0,37.0,0.05,0,1,23.5684
4030,133,49,50,0,0,48.57,0.05,0,1,23.5673
4031,121,49,50,0,0,48.74,0.05,0,1,23.5709
4032,130,49,50,0,0,48.6,0.05,0,1,23.5737
4033,400,49,49,0,0,43.3,0.05,0,1,23.5632
4034,131,49,50,0,0,48.64,0.05,0,1,23.5653
4035,132,49,50,0,0,48.43,0.05,0,1,23.563
4036,142,49,50,0,0,48.33,0.05,0,1,23.5654
4037,136,49,50,0,0,48.54,0.05,0,1,23.5684
4038,109,49,50,0,0,48.91,0.05,0,1,23.5667
4039,130,49,50,0,0,48.65,0.05,0,1,23.5699
4040,109,49,50,0,0,48.71,0.05,0,1,23.5638
4041,137,49,50,0,0,48.63,0.05,0,1,23.567
4042,130,49,50,0,0,48.55,0.05,0,1,23.5689
4043,127,49,50,0,0,48.53,0.05,0,1,23.5729
4044,136,49,50,0,0,48.34,0.05,0,1,23.5768
4045,116,49,50,0,0,48.79,0.05,0,1,23.5706
4046,129,49,50,0,0,48.46,0.05,0,1,23.5738
4047,131,49,50,0,0,48.69,0.05,0,1,23.5753
4048,136,49,50,0,0,48.44,0.05,0,1,23.5797
4049,140,49,50,0,0,48.55,0.05,0,1,23.572
4050,133,49,50,0,0,48.62,0.05,0,1,23.5757
4051,109,49,50,0,0,48.91,0.05,0,1,23.5692
4052,123,49,50,0,0,48.62,0.05,0,1,23.5739
4053,137,49,50,0,0,48.58,0.05,0,1,23.5768
4054,130,49,50,0,0,48.65,0.05,0,1,23.5703
4055,131,49,50,0,0,48.59,0.05,0,1,23.5686
4056,140,49,50,0,0,48.55,0.05,0,1,23.5711
4057,124,49,50,0,0,48.61,0.05,0,1,23.5649
4058,141,49,50,0,0,48.49,0.05,0,1,23.5643
4059,138,49,50,0,0,48.57,0.05,0,1,23.5685
4060,129,49,50,0,0,48.71,0.05,0,1,23.5623
4061,222,49,50,0,0,47.43,0.05,0,1,23.562
4062,138,49,50,0,0,48.52,0.05,0,1,23.5669
4063,141,49,50,0,0,48.49,0.05,0,1,23.5674
4064,122,49,50,0,0,48.78,0.05,0,1,23.57
4065,119,49,50,0,0,48.81,0.05,0,1,23.5731
4066,139,49,50,0,0,48.51,0.05,0,1,23.5696
4067,150,49,50,0,0,48.45,0.05,0,1,23.5685
4068,171,49,50,0,0,48.19,0.05,0,1,23.5672
4069,400,47,47,0,0,41.95,0.05,0,1,23.5604
4070,131,49,50,0,0,48.59,0.05,0,1,23.5604
4071,147,49,50,0,0,47.88,0.05,0,1,23.5646
4072,139,49,50,0,0,48.61,0.05,0,1,23.5646
4073,129,49,50,0,0,48.61,0.05,0,1,23.5605
4074,400,43,44,0,0,39.85,0.05,0,1,23.5546
4075,302,49,50,0,0,46.73,0.05,0,1,23.5513
4076,267,49,50,0,0,46.83,0.05,0,1,23.5486
4077,252,49,50,0,0,47.23,0.05,0,1,23.5459
4078,131,49,50,0,0,48.69,0.05,0,1,23.5499
4079,293,49,50,0,0,42.22,0.05,0,1,23.5452
4080,129,49,50,0,0,48.61,0.05,0,1,23.5455
4081,134,49,50,0,0,48.51,0.05,0,1,23.5499
4082,132,49,50,0,0,48.53,0.05,0,1,23.5518
4083,124,49,50,0,0,48.71,0.05,0,1,23.5562
4084,127,49,50,0,0,48.63,0.05,0,1,23.5598
4085,120,49,50,0,0,48.8,0.05,0,1,23.563
4086,119,49,50,0,0,48.81,0.05,0,1,23.5621
4087,116,49,50,0,0,48.79,0.05,0,1,23.5618
4088,118,49,50,0,0,48.77,0.05,0,1,23.5622
4089,123,49,50,0,0,48.67,0.05,0,1,23.5663
4090,140,49,50,0,0,48.55,0.05,0,1,23.5698
4091,123,49,50,0,0,48.67,0.05,0,1,23.5738
4092,148,49,50,0,0,48.32,0.05,0,1,23.5777
4093,188,49,50,0,0,45.92,0.05,0,1,23.5775
4094,126,49,50,0,0,48.69,0.05,0,1,23.5796
4095,119,49,50,0,0,48.71,0.05,0,1,23.5782
4096,174,49,50,0,0,48.11,0.05,0,1,23.5759
4097,128,49,50,0,0,48.67,0.05,0,1,23.5793
4098,119,49,50,0,0,48.61,0.05,0,1,23.5778
4099,120,49,50,0,0,48.7,0.05,0,1,23.5814
4100,112,49,50,0,0,48.83,0.05,0,1,23.5847
4101,184,49,50,0,0,48.11,0.05,0,1,23.5762
4102,136,49,50,0,0,48.59,0.05,0,1,23.5702
4103,199,49,50,0,0,47.91,0.05,0,1,23.572
4104,141,49,50,0,0,48.59,0.05,0,1,23.5718
4105,133,49,50,0,0,48.52,0.05,0,1,23.5757
4106,117,49,50,0,0,48.83,0.05,0,1,23.5793
4107,131,49,50,0,0,48.59,0.05,0,1,23.5826
4108,141,49,50,0,0,48.49,0.05,0,1,23.581
4109,117,49,50,0,0,48.83,0.05,0,1,23.5838
4110,141,49,50,0,0,48.54,0.05,0,1,23.5868
4111,126,49,50,0,0,48.69,0.05,0,1,23.5892
4112,140,49,50,0,0,48.4,0.05,0,1,23.5923
4113,117,49,50,0,0,48.83,0.05,0,1,23.5909
4114,336,49,50,0,0,45.59,0.05,0,1,23.5783
4115,145,49,50,0,0,48.35,0.05,0,1,23.5772
4116,137,49,50,0,0,48.53,0.05,0,1,23.571
4117,121,49,50,0,0,48.69,0.05,0,1,23.5703
4118,126,49,50,0,0,48.69,0.05,0,1,23.5703
4119,144,49,50,0,0,48.31,0.05,0,1,23.5665
4120,131,49,50,0,0,48.49,0.05,0,1,23.5618
4121,400,7,7,0,0,2.45,0.05,0,1,23.5525
4122,139,49,50,0,0,48.46,0.05,0,1,23.5565
4123,132,49,50,0,0,48.63,0.05,0,1,23.5557
4124,143,49,50,0,0,48.37,0.05,0,1,23.5612
4125,113,49,50,0,0,48.82,0.05,0,1,23.5649
4126,219,49,50,0,0,45.51,0.05,0,1,23.5541
4127,116,49,50,0,0,48.79,0.05,0,1,23.5539
4128,124,49,50,0,0,48.66,0.05,0,1,23.5589
4129,126,49,50,0,0,48.69,0.05,0,1,23.5628
4130,137,49,50,0,0,48.48,0.05,0,1,23.5672
4131,125,49,50,0,0,48.6,0.05,0,1,23.5708
4132,119,49,50,0,0,48.71,0.05,0,1,23.5737
4133,124,49,50,0,0,48.76,0.05,0,1,23.5777
4134,128,49,50,0,0,48.57,0.05,0,1,23.571
4135,134,49,50,0,0,48.61,0.05,0,1,23.5692
4136,129,49,50,0,0,48.66,0.05,0,1,23.5723
4137,139,49,50,0,0,48.51,0.05,0,1,23.5721
4138,133,49,50,0,0,48.52,0.05,0,1,23.5764
4139,129,49,50,0,0,48.56,0.05,0,1,23.5803
4140,113,49,50,0,0,48.82,0.05,0,1,23.584
4141,221,49,50,0,0,45.84,0.05,0,1,23.5828
4142,124,49,50,0,0,48.66,0.05,0,1,23.5868
4143,114,49,50,0,0,48.81,0.05,0,1,23.5889
4144,340,49,50,0,0,45.45,0.05,0,1,23.5779
4145,119,49,50,0,0,48.56,0.05,0,1,23.5821
4146,161,49,50,0,0,48.34,0.05,0,1,23.5845
4147,400,49,49,0,0,43.45,0.05,0,1,23.5672
4148,136,49,50,0,0,48.49,0.05,0,1,23.566
4149,132,49,50,0,0,48.53,0.05,0,1,23.5658
4150,142,49,50,0,0,48.43,0.05,0,1,23.5653
4151,126,49,50,0,0,48.69,0.05,0,1,23.569
4152,130,49,50,0,0,48.65,0.05,0,1,23.5688
4153,139,49,50,0,0,48.51,0.05,0,1,23.5688
4154,116,49,50,0,0,48.79,0.05,0,1,23.569
4155,137,49,50,0,0,48.63,0.05,0,1,23.5647
4156,116,49,50,0,0,48.79,0.05,0,1,23.5688
4157,128,49,50,0,0,48.72,0.05,0,1,23.5723
4158,139,49,50,0,0,48.51,0.05,0,1,23.5715
4159,400,49,49,0,0,44.6,0.05,0,1,23.5726
4160,131,49,50,0,0,48.69,0.05,0,1,23.5722
4161,155,49,50,0,0,48.4,0.05,0,1,23.5753
4162,400,48,48,0,0,43.6,0.05,0,1,23.5715
4163,122,49,50,0,0,48.73,0.05,0,1,23.5664
4164,128,49,50,0,0,48.67,0.05,0,1,23.5603
4165,120,49,50,0,0,48.7,0.05,0,1,23.5651
4166,131,49,50,0,0,48.69,0.05,0,1,23.5646
4167,118,49,50,0,0,48.77,0.05,0,1,23.5651
4168,135,49,50,0,0,48.45,0.05,0,1,23.5647
4169,117,49,50,0,0,48.73,0.05,0,1,23.5601
4170,400,45,45,0,0,40.7,0.05,0,1,23.5593
4171,128,49,50,0,0,48.67,0.05,0,1,23.5598
4172,316,49,50,0,0,46.69,0.05,0,1,23.5579
4173,393,49,50,0,0,43.72,0.05,0,1,23.5498
4174,110,49,50,0,0,48.8,0.05,0,1,23.5543
4175,273,49,50,0,0,47.22,0.05,0,1,23.5492
4176,175,49,50,0,0,48.2,0.05,0,1,23.5498
4177,140,49,50,0,0,48.35,0.05,0,1,23.5484
4178,135,49,50,0,0,48.55,0.05,0,1,23.5516
4179,125,49,50,0,0,48.75,0.05,0,1,23.5533
4180,124,49,50,0,0,48.61,0.05,0,1,23.5533
4181,135,49,50,0,0,48.55,0.05,0,1,23.5565
4182,124,49,50,0,0,48.61,0.05,0,1,23.5591
4183,126,49,50,0,0,48.64,0.05,0,1,23.5625
4184,125,49,50,0,0,48.65,0.05,0,1,23.5612
4185,113,49,50,0,0,48.87,0.05,0,1,23.564
4186,315,49,50,0,0,45.85,0.05,0,1,23.5612
4187,117,49,50,0,0,48.73,0.05,0,1,23.5607
4188,169,49,50,0,0,46.61,0.05,0,1,23.5513
4189,124,49,50,0,0,48.71,0.05,0,1,23.5541
4190,118,49,50,0,0,48.67,0.05,0,1,23.5535
4191,163,49,50,0,0,47.52,0.05,0,1,23.5555
4192,136,49,50,0,0,48.64,0.05,0,1,23.5581
4193,138,49,50,0,0,48.57,0.05,0,1,23.5606
4194,134,49,50,0,0,48.61,0.05,0,1,23.5597
4195,144,49,50,0,0,48.41,0.05,0,1,23.5584
4196,131,49,50,0,0,48.64,0.05,0,1,23.5608
4197,128,49,50,0,0,48.52,0.05,0,1,23.5648
4198,141,49,50,0,0,48.29,0.05,0,1,23.5686
4199,134,49,50,0,0,48.61,0.05,0,1,23.5669
4200,122,49,50,0,0,48.63,0.05,0,1,23.5674
4201,134,49,50,0,0,48.66,0.05,0,1,23.5705
4202,144,49,50,0,0,48.41,0.05,0,1,23.5741
4203,111,49,50,0,0,48.84,0.05,0,1,23.5776
4204,148,49,50,0,0,47.87,0.05,0,1,23.5797
4205,131,49,50,0,0,48.54,0.05,0,1,23.5828
4206,116,49,50,0,0,48.79,0.05,0,1,23.581
4207,126,49,50,0,0,48.74,0.05,0,1,23.585
4208,126,49,50,0,0,48.64,0.05,0,1,23.5885
4209,127,49,50,0,0,48.63,0.05,0,1,23.5821
4210,138,49,50,0,0,48.37,0.05,0,1,23.581
4211,149,49,50,0,0,48.01,0.05,0,1,23.5796
4212,128,49,50,0,0,48.67,0.05,0,1,23.5831
4213,128,49,50,0,0,48.67,0.05,0,1,23.5784
4214,133,49,50,0,0,48.57,0.05,0,1,23.5817
4215,136,49,50,0,0,48.54,0.05,0,1,23.585
4216,128,49,50,0,0,48.57,0.05,0,1,23.5847
4217,120,49,50,0,0,48.8,0.05,0,1,23.5889
4218,120,49,50,0,0,48.75,0.05,0,1,23.5891
4219,135,49,50,0,0,48.55,0.05,0,1,23.5884
4220,130,49,50,0,0,48.65,0.05,0,1,23.5917
4221,127,49,50,0,0,48.73,0.05,0,1,23.5914
4222,128,49,50,0,0,48.67,0.05,0,1,23.595
4223,127,49,50,0,0,48.63,0.05,0,1,23.5907
4224,145,49,50,0,0,48.25,0.05,0,1,23.5909
4225,133,49,50,0,0,48.62,0.05,0,1,23.595
4226,145,49,50,0,0,48.55,0.05,0,1,23.5883
4227,122,49,50,0,0,48.68,0.05,0,1,23.5927
4228,138,49,50,0,0,48.37,0.05,0,1,23.5929
4229,117,49,50,0,0,48.73,0.05,0,1,23.5934
4230,139,49,50,0,0,48.56,0.05,0,1,23.5982
4231,134,49,50,0,0,48.41,0.05,0,1,23.602
4232,116,49,50,0,0,48.69,0.05,0,1,23.6019
4233,134,49,50,0,0,48.61,0.05,0,1,23.6058
4234,120,49,50,0,0,48.75,0.05,0,1,23.6053
4235,116,49,50,0,0,48.74,0.05,0,1,23.6093
4236,304,49,50,0,0,45.91,0.05,0,1,23.5994
4237,123,49,50,0,0,48.62,0.05,0,1,23.6036
4238,129,49,50,0,0,48.61,0.05,0,1,23.6032
4239,129,49,50,0,0,48.61,0.05,0,1,23.5998
4240,277,49,50,0,0,46.08,0.05,0,1,23.5999
4241,125,49,50,0,0,48.7,0.05,0,1,23.6038
4242,137,49,50,0,0,48.53,0.05,0,1,23.6069
4243,130,49,50,0,0,48.6,0.05,0,1,23.6104
4244,121,49,50,0,0,48.74,0.05,0,1,23.6143
4245,400,48,48,0,0,41.9,0.05,0,1,23.6016
4246,123,49,50,0,0,48.57,0.05,0,1,23.6009
4247,113,49,50,0,0,48.87,0.05,0,1,23.6027
4248,123,49,50,0,0,48.67,0.05,0,1,23.6016
4249,122,49,50,0,0,48.73,0.05,0,1,23.6006
4250,128,49,50,0,0,48.47,0.05,0,1,23.6049
4251,137,49,50,0,0,48.58,0.05,0,1,23.6078
4252,130,49,50,0,0,48.65,0.05,0,1,23.6063
4253,124,49,50,0,0,48.71,0.05,0,1,23.6103
4254,133,49,50,0,0,48.57,0.05,0,1,23.6091
4255,139,49,50,0,0,48.61,0.05,0,1,23.6087
4256,136,49,50,0,0,48.54,0.05,0,1,23.6139
4257,141,49,50,0,0,48.49,0.05,0,1,23.6084
4258,133,49,50,0,0,48.57,0.05,0,1,23.6024
4259,121,49,50,0,0,48.69,0.05,0,1,23.602
4260,138,49,50,0,0,48.57,0.05,0,1,23.5983
4261,400,34,34,0,0,29.6,0.05,0,1,23.5953
4262,142,49,50,0,0,48.38,0.05,0,1,23.6
4263,132,49,50,0,0,48.53,0.05,0,1,23.5944
4264,400,44,44,0,0,39.8,0.05,0,1,23.5915
4265,329,49,50,0,0,46.41,0.05,0,1,23.5875
4266,130,49,50,0,0,48.65,0.05,0,1,23.5874
4267,139,49,50,0,0,48.56,0.05,0,1,23.5913
4268,139,49,50,0,0,48.51,0.05,0,1,23.5861
4269,400,31,31,0,0,26.65,0.05,0,1,23.5796
4270,177,49,50,0,0,45.43,0.05,0,1,23.579
4271,133,49,50,0,0,48.67,0.05,0,1,23.5818
4272,115,49,50,0,0,48.8,0.05,0,1,23.5858
4273,375,49,50,0,0,41.4,0.05,0,1,23.5758
4274,137,49,50,0,0,48.48,0.05,0,1,23.5785
4275,400,48,48,0,0,41.3,0.05,0,1,23.5704
4276,125,49,50,0,0,48.7,0.05,0,1,23.5741
4277,114,49,50,0,0,48.81,0.05,0,1,23.5724
4278,135,49,50,0,0,48.65,0.05,0,1,23.5708
4279,117,49,50,0,0,48.78,0.05,0,1,23.5743
4280,124,49,50,0,0,48.66,0.05,0,1,23.5787
4281,400,44,44,0,0,39.55,0.05,0,1,23.5603
4282,128,49,50,0,0,48.67,0.05,0,1,23.5599
4283,133,49,50,0,0,48.57,0.05,0,1,23.5636
4284,105,49,50,0,0,48.95,0.05,0,1,23.5574
4285,141,49,50,0,0,48.49,0.05,0,1,23.5606
4286,134,49,50,0,0,48.61,0.05,0,1,23.5635
4287,144,49,50,0,0,48.51,0.05,0,1,23.5659
4288,116,49,50,0,0,48.84,0.05,0,1,23.569
4289,128,49,50,0,0,48.62,0.05,0,1,23.5727
4290,127,49,50,0,0,48.63,0.05,0,1,23.5744
4291,139,49,50,0,0,48.41,0.05,0,1,23.576
4292,144,49,50,0,0,48.46,0.05,0,1,23.5789
4293,129,49,50,0,0,48.71,0.05,0,1,23.5769
4294,130,49,50,0,0,48.65,0.05,0,1,23.5787
4295,132,49,50,0,0,48.63,0.05,0,1,23.5813
4296,129,49,50,0,0,48.61,0.05,0,1,23.5803
4297,147,49,50,0,0,47.88,0.05,0,1,23.5836
4298,127,49,50,0,0,48.63,0.05,0,1,23.5777
4299,140,49,50,0,0,48.55,0.05,0,1,23.5805
4300,129,49,50,0,0,48.56,0.05,0,1,23.5832
4301,124,49,50,0,0,48.71,0.05,0,1,23.5781
4302,132,49,50,0,0,48.58,0.05,0,1,23.5823
4303,142,49,50,0,0,48.53,0.05,0,1,23.581
4304,121,49,50,0,0,48.69,0.05,0,1,23.5808
4305,164,49,50,0,0,47.26,0.05,0,1,23.5829
4306,134,49,50,0,0,48.51,0.05,0,1,23.5836
4307,135,49,50,0,0,48.55,0.05,0,1,23.5837
4308,132,49,50,0,0,48.58,0.05,0,1,23.5883
4309,120,49,50,0,0,48.75,0.05,0,1,23.591
4310,129,49,50,0,0,48.61,0.05,0,1,23.5945
4311,141,49,50,0,0,48.54,0.05,0,1,23.5976
4312,132,49,50,0,0,48.53,0.05,0,1,23.5963
4313,124,49,50,0,0,48.71,0.05,0,1,23.5993
4314,118,49,50,0,0,48.72,0.05,0,1,23.6031
4315,137,49,50,0,0,48.58,0.05,0,1,23.6057
4316,129,49,50,0,0,48.71,0.05,0,1,23.6087
4317,121,49,50,0,0,48.69,0.05,0,1,23.6015
4318,133,49,50,0,0,48.57,0.05,0,1,23.6014
4319,121,49,50,0,0,48.69,0.05,0,1,23.6006
4320,118,49,50,0,0,48.77,0.05,0,1,23.6036
4321,138,49,50,0,0,48.57,0.05,0,1,23.5973
4322,117,49,50,0,0,48.83,0.05,0,1,23.5925
4323,129,49,50,0,0,48.71,0.05,0,1,23.592
4324,130,49,50,0,0,48.65,0.05,0,1,23.5874
4325,400,41,41,0,0,36.7,0.05,0,1,23.5798
4326,400,32,32,0,0,27.6,0.05,0,1,23.5776
4327,124,49,50,0,0,48.71,0.05,0,1,23.5806
4328,154,49,50,0,0,48.21,0.05,0,1,23.5819
4329,150,49,50,0,0,48.4,0.05,0,1,23.5846
4330,145,49,50,0,0,48.55,0.05,0,1,23.5786
4331,229,49,50,0,0,47.61,0.05,0,1,23.5802
4332,182,49,50,0,0,45.63,0.05,0,1,23.5751
4333,124,49,50,0,0,48.71,0.05,0,1,23.5745
4334,111,49,50,0,0,48.89,0.05,0,1,23.5778
4335,145,49,50,0,0,48.45,0.05,0,1,23.5817
4336,144,49,50,0,0,48.46,0.05,0,1,23.5848
4337,140,49,50,0,0,48.15,0.05,0,1,23.5781
4338,111,49,50,0,0,48.79,0.05,0,1,23.5736
4339,152,49,50,0,0,48.38,0.05,0,1,23.5786
4340,400,48,48,0,0,43.75,0.05,0,1,23.5763
4341,199,49,50,0,0,45.21,0.05,0,1,23.5703
4342,146,49,50,0,0,48.44,0.05,0,1,23.5742
4343,160,49,50,0,0,48.3,0.05,0,1,23.5775
4344,120,49,50,0,0,48.7,0.05,0,1,23.5812
4345,138,49,50,0,0,48.47,0.05,0,1,23.5802
4346,125,49,50,0,0,48.6,0.05,0,1,23.5839
4347,149,49,50,0,0,47.81,0.05,0,1,23.5859
4348,135,49,50,0,0,48.45,0.05,0,1,23.5898
4349,129,49,50,0,0,48.51,0.05,0,1,23.5932
4350,133,49,50,0,0,48.67,0.05,0,1,23.5912
4351,113,49,50,0,0,48.77,0.05,0,1,23.5949
4352,129,49,50,0,0,48.61,0.05,0,1,23.5936
4353,116,49,50,0,0,48.79,0.05,0,1,23.5962
4354,143,49,50,0,0,48.47,0.05,0,1,23.5985
4355,133,49,50,0,0,48.57,0.05,0,1,23.602
4356,122,49,50,0,0,48.73,0.05,0,1,23.6044
4357,128,49,50,0,0,48.72,0.05,0,1,23.607
4358,201,49,50,0,0,47.79,0.05,0,1,23.6077
4359,157,49,50,0,0,48.28,0.05,0,1,23.6098
4360,123,49,50,0,0,48.57,0.05,0,1,23.6124
4361,126,49,50,0,0,48.74,0.05,0,1,23.6143
4362,141,49,50,0,0,48.49,0.05,0,1,23.6156
4363,135,49,50,0,0,48.55,0.05,0,1,23.6093
4364,122,49,50,0,0,48.78,0.05,0,1,23.6119
4365,108,49,50,0,0,48.92,0.05,0,1,23.6142
4366,196,49,50,0,0,47.39,0.05,0,1,23.6066
4367,121,49,50,0,0,48.79,0.05,0,1,23.6053
4368,125,49,50,0,0,48.75,0.05,0,1,23.608
4369,231,49,50,0,0,47.64,0.05,0,1,23.609
4370,126,49,50,0,0,48.59,0.05,0,1,23.611
4371,137,49,50,0,0,48.53,0.05,0,1,23.6093
4372,158,49,50,0,0,48.12,0.05,0,1,23.6121
4373,130,49,50,0,0,48.65,0.05,0,1,23.6143
4374,128,49,50,0,0,48.67,0.05,0,1,23.6088
4375,145,49,50,0,0,48.45,0.05,0,1,23.6013
4376,136,49,50,0,0,48.44,0.05,0,1,23.6049
4377,200,49,50,0,0,47.8,0.05,0,1,23.6066
4378,139,49,50,0,0,48.46,0.05,0,1,23.6097
4379,127,49,50,0,0,48.63,0.05,0,1,23.6033
4380,134,49,50,0,0,48.61,0.05,0,1,23.5984
4381,400,45,45,0,0,40.7,0.05,0,1,23.5973
4382,151,49,50,0,0,48.39,0.05,0,1,23.596
4383,209,49,50,0,0,47.71,0.05,0,1,23.5923
4384,120,49,50,0,0,48.75,0.05,0,1,23.5955
4385,133,49,50,0,0,48.57,0.05,0,1,23.5987
4386,142,49,50,0,0,48.43,0.05,0,1,23.5978
4387,128,49,50,0,0,48.62,0.05,0,1,23.6022
4388,134,49,50,0,0,48.46,0.05,0,1,23.6047
4389,142,49,50,0,0,48.43,0.05,0,1,23.5986
4390,197,49,50,0,0,46.83,0.05,0,1,23.5991
4391,138,49,50,0,0,48.42,0.05,0,1,23.6029
4392,141,49,50,0,0,48.29,0.05,0,1,23.6064
4393,131,49,50,0,0,48.59,0.05,0,1,23.6098
4394,127,49,50,0,0,48.63,0.05,0,1,23.6131
4395,400,49,49,0,0,41.8,0.05,0,1,23.6069
4396,127,49,50,0,0,48.53,0.05,0,1,23.606
4397,135,49,50,0,0,48.6,0.05,0,1,23.6083
4398,128,49,50,0,0,48.62,0.05,0,1,23.6116
4399,142,49,50,0,0,48.43,0.05,0,1,23.6135
4400,131,49,50,0,0,48.54,0.05,0,1,23.6167
4401,141,49,50,0,0,48.49,0.05,0,1,23.6151
4402,128,49,50,0,0,48.57,0.05,0,1,23.6102
4403,131,49,50,0,0,48.59,0.05,0,1,23.6038
4404,122,49,50,0,0,48.68,0.05,0,1,23.6075
4405,141,49,50,0,0,48.54,0.05,0,1,23.6099
4406,128,49,50,0,0,48.57,0.05,0,1,23.6133
4407,122,49,50,0,0,48.63,0.05,0,1,23.6125
4408,130,49,50,0,0,48.65,0.05,0,1,23.6144
4409,127,49,50,0,0,48.68,0.05,0,1,23.6177
4410,126,49,50,0,0,48.74,0.05,0,1,23.6204
4411,400,49,49,0,0,43.45,0.05,0,1,23.6102
4412,133,49,50,0,0,48.57,0.05,0,1,23.6132
4413,135,49,50,0,0,48.4,0.05,0,1,23.6161
4414,126,49,50,0,0,48.69,0.05,0,1,23.614
4415,131,49,50,0,0,48.54,0.05,0,1,23.6174
4416,134,49,50,0,0,48.56,0.05,0,1,23.6202
4417,135,49,50,0,0,48.45,0.05,0,1,23.6232
4418,173,49,50,0,0,48.17,0.05,0,1,23.616
4419,125,49,50,0,0,48.65,0.05,0,1,23.6184
4420,134,49,50,0,0,48.61,0.05,0,1,23.62
4421,160,49,50,0,0,48.05,0.05,0,1,23.6224
4422,184,49,50,0,0,48.11,0.05,0,1,23.6194
4423,251,49,50,0,0,47.39,0.05,0,1,23.6197
4424,138,49,50,0,0,48.57,0.05,0,1,23.6173
4425,145,49,50,0,0,48.4,0.05,0,1,23.6207
4426,133,49,50,0,0,48.62,0.05,0,1,23.6234
4427,134,49,50,0,0,48.61,0.05,0,1,23.6216
4428,130,49,50,0,0,48.65,0.05,0,1,23.6207
4429,400,47,47,0,0,42.6,0.05,0,1,23.6188
4430,127,49,50,0,0,48.63,0.05,0,1,23.6211
4431,149,49,50,0,0,48.46,0.05,0,1,23.6235
4432,134,49,50,0,0,48.61,0.05,0,1,23.6248
4433,119,49,50,0,0,48.81,0.05,0,1,23.6235
4434,135,49,50,0,0,48.5,0.05,0,1,23.6263
4435,120,49,50,0,0,48.65,0.05,0,1,23.6206
4436,215,49,50,0,0,47.45,0.05,0,1,23.6132
4437,130,49,50,0,0,48.7,0.05,0,1,23.6175
4438,187,49,50,0,0,48.13,0.05,0,1,23.615
4439,122,49,50,0,0,48.73,0.05,0,1,23.6183
4440,120,49,50,0,0,48.75,0.05,0,1,23.6182
4441,130,49,50,0,0,48.7,0.05,0,1,23.621
4442,126,49,50,0,0,48.69,0.05,0,1,23.6245
4443,133,49,50,0,0,48.57,0.05,0,1,23.6263
4444,138,49,50,0,0,48.37,0.05,0,1,23.6298
4445,135,49,50,0,0,48.5,0.05,0,1,23.6333
4446,121,49,50,0,0,48.79,0.05,0,1,23.6356
4447,263,49,50,0,0,47.17,0.05,0,1,23.6308
4448,131,49,50,0,0,48.59,0.05,0,1,23.6303
4449,139,49,50,0,0,48.51,0.05,0,1,23.6249
4450,130,49,50,0,0,48.55,0.05,0,1,23.6247
4451,125,49,50,0,0,48.55,0.05,0,1,23.6272
4452,146,49,50,0,0,48.39,0.05,0,1,23.6293
4453,288,49,50,0,0,45.77,0.05,0,1,23.6276
4454,143,49,50,0,0,48.47,0.05,0,1,23.6208
4455,131,49,50,0,0,48.54,0.05,0,1,23.6243
4456,121,49,50,0,0,48.79,0.05,0,1,23.6175
4457,129,49,50,0,0,48.61,0.05,0,1,23.6178
4458,135,49,50,0,0,48.55,0.05,0,1,23.6129
4459,131,49,50,0,0,48.64,0.05,0,1,23.6168
4460,400,45,45,0,0,40.65,0.05,0,1,23.6093
4461,126,49,50,0,0,48.59,0.05,0,1,23.6124
4462,130,49,50,0,0,48.65,0.05,0,1,23.6106
4463,122,49,50,0,0,48.73,0.05,0,1,23.6139
4464,128,49,50,0,0,48.72,0.05,0,1,23.6176
4465,124,49,50,0,0,48.71,0.05,0,1,23.6161
4466,126,49,50,0,0,48.69,0.05,0,1,23.6197
4467,179,49,50,0,0,46.76,0.05,0,1,23.6207
4468,130,49,50,0,0,48.65,0.05,0,1,23.6197
4469,191,49,50,0,0,45.54,0.05,0,1,23.6186
4470,400,49,49,0,0,44.15,0.05,0,1,23.6118
4471,140,49,50,0,0,48.35,0.05,0,1,23.6115
4472,126,49,50,0,0,48.59,0.05,0,1,23.6149
4473,121,49,50,0,0,48.69,0.05,0,1,23.6088
4474,127,49,50,0,0,48.63,0.05,0,1,23.6116
4475,143,49,50,0,0,48.27,0.05,0,1,23.6128
4476,120,49,50,0,0,48.75,0.05,0,1,23.6089
4477,142,49,50,0,0,48.58,0.05,0,1,23.6116
4478,123,49,50,0,0,48.77,0.05,0,1,23.6119
4479,142,49,50,0,0,48.58,0.05,0,1,23.6162
4480,128,49,50,0,0,48.57,0.05,0,1,23.6193
4481,145,49,50,0,0,48.35,0.05,0,1,23.6143
4482,164,49,50,0,0,47.16,0.05,0,1,23.6158
4483,137,49,50,0,0,48.43,0.05,0,1,23.6161
4484,136,49,50,0,0,48.54,0.05,0,1,23.6201
4485,123,49,50,0,0,48.52,0.05,0,1,23.6251
4486,134,49,50,0,0,48.56,0.05,0,1,23.6284
4487,138,49,50,0,0,48.52,0.05,0,1,23.6328
4488,141,49,50,0,0,48.34,0.05,0,1,23.6366
4489,130,49,50,0,0,48.45,0.05,0,1,23.6309
4490,126,49,50,0,0,48.74,0.05,0,1,23.6337
4491,133,49,50,0,0,48.47,0.05,0,1,23.6331
4492,115,49,50,0,0,48.65,0.05,0,1,23.6276
4493,127,49,50,0,0,48.63,0.05,0,1,23.631
4494,139,49,50,0,0,48.36,0.05,0,1,23.6349
4495,152,49,50,0,0,47.73,0.05,0,1,23.6284
4496,127,49,50,0,0,48.73,0.05,0,1,23.6311
4497,235,49,50,0,0,42.95,0.05,0,1,23.6244
4498,137,49,50,0,0,48.63,0.05,0,1,23.619
4499,382,49,50,0,0,45.93,0.05,0,1,23.6108
4500,400,24,24,0,0,19.8,0.05,0,1,23.6062
4501,400,47,47,0,0,42.55,0.05,0,1,23.6039
4502,246,49,50,0,0,47.39,0.05,0,1,23.6015
4503,137,49,50,0,0,48.48,0.05,0,1,23.6049
4504,147,49,50,0,0,48.08,0.05,0,1,23.6079
4505,123,49,50,0,0,48.77,0.05,0,1,23.6104
4506,210,49,50,0,0,46.05,0.05,0,1,23.6093
4507,122,49,50,0,0,48.68,0.05,0,1,23.6121
4508,131,49,50,0,0,48.69,0.05,0,1,23.6145
4509,122,49,50,0,0,48.63,0.05,0,1,23.6176
4510,118,49,50,0,0,48.67,0.05,0,1,23.6179
4511,127,49,50,0,0,48.63,0.05,0,1,23.6196
4512,178,49,50,0,0,48.17,0.05,0,1,23.6165
4513,141,49,50,0,0,48.39,0.05,0,1,23.6189
4514,120,49,50,0,0,48.65,0.05,0,1,23.6139
4515,127,49,50,0,0,48.63,0.05,0,1,23.6082
4516,122,49,50,0,0,48.68,0.05,0,1,23.6118
4517,123,49,50,0,0,48.67,0.05,0,1,23.6125
4518,125,49,50,0,0,48.65,0.05,0,1,23.6074
4519,400,9,9,0,0,4.65,0.05,0,1,23.5971
4520,112,49,50,0,0,48.83,0.05,0,1,23.5974
4521,137,49,50,0,0,48.48,0.05,0,1,23.6006
4522,136,49,50,0,0,48.49,0.05,0,1,23.6037
4523,125,49,50,0,0,48.65,0.05,0,1,23.6034
4524,122,49,50,0,0,48.78,0.05,0,1,23.6071
4525,121,49,50,0,0,48.79,0.05,0,1,23.6011
4526,200,49,50,0,0,47.85,0.05,0,1,23.5992
4527,135,49,50,0,0,48.6,0.05,0,1,23.6024
4528,150,49,50,0,0,48.25,0.05,0,1,23.6012
4529,134,49,50,0,0,48.61,0.05,0,1,23.5966
4530,400,40,41,0,0,36.95,0.05,0,1,23.5925
4531,372,49,50,0,0,46.13,0.05,0,1,23.5915
4532,120,49,50,0,0,48.7,0.05,0,1,23.5947
4533,125,49,50,0,0,48.7,0.05,0,1,23.5986
4534,127,49,50,0,0,48.68,0.05,0,1,23.602
4535,134,49,50,0,0,48.61,0.05,0,1,23.6022
4536,128,49,50,0,0,48.72,0.05,0,1,23.6059
4537,111,49,50,0,0,48.84,0.05,0,1,23.6099
4538,131,49,50,0,0,48.69,0.05,0,1,23.6119
4539,126,49,50,0,0,48.59,0.05,0,1,23.6115
4540,141,49,50,0,0,48.44,0.05,0,1,23.6141
4541,113,49,50,0,0,48.87,0.05,0,1,23.617
4542,123,49,50,0,0,48.72,0.05,0,1,23.6197
4543,127,49,50,0,0,48.53,0.05,0,1,23.6224
4544,117,49,50,0,0,48.83,0.05,0,1,23.6223
4545,269,49,50,0,0,45.31,0.05,0,1,23.616
4546,400,47,47,0,0,38.8,0.05,0,1,23.5975
4547,127,49,50,0,0,48.63,0.05,0,1,23.5968
4548,148,49,50,0,0,48.37,0.05,0,1,23.599
4549,133,49,50,0,0,48.57,0.05,0,1,23.5938
4550,126,49,50,0,0,48.64,0.05,0,1,23.5973
4551,274,49,50,0,0,42.76,0.05,0,1,23.5933
4552,122,49,50,0,0,48.73,0.05,0,1,23.5961
4553,127,49,50,0,0,48.68,0.05,0,1,23.5998
4554,168,49,50,0,0,48.22,0.05,0,1,23.6016
4555,137,49,50,0,0,48.53,0.05,0,1,23.5996
4556,178,49,50,0,0,46.82,0.05,0,1,23.6002
4557,131,49,50,0,0,48.69,0.05,0,1,23.5988
4558,400,49,49,0,0,42.55,0.05,0,1,23.5806
4559,127,49,50,0,0,48.63,0.05,0,1,23.5798
4560,124,49,50,0,0,48.66,0.05,0,1,23.5829
4561,119,49,50,0,0,48.66,0.05,0,1,23.5871
4562,127,49,50,0,0,48.73,0.05,0,1,23.5867
4563,124,49,50,0,0,48.61,0.05,0,1,23.5865
4564,132,49,50,0,0,48.48,0.05,0,1,23.5907
4565,151,49,50,0,0,48.49,0.05,0,1,23.592
4566,400,49,49,0,0,43.35,0.05,0,1,23.5732
4567,124,49,50,0,0,48.71,0.05,0,1,23.5721
4568,135,49,50,0,0,48.55,0.05,0,1,23.5668
4569,124,49,50,0,0,48.51,0.05,0,1,23.5674
4570,115,49,50,0,0,48.85,0.05,0,1,23.5678
4571,138,49,50,0,0,48.47,0.05,0,1,23.5685
4572,138,49,50,0,0,48.52,0.05,0,1,23.5725
4573,123,49,50,0,0,48.72,0.05,0,1,23.577
4574,142,49,50,0,0,48.43,0.05,0,1,23.5773
4575,116,49,50,0,0,48.74,0.05,0,1,23.5818
4576,135,49,50,0,0,48.6,0.05,0,1,23.5857
4577,124,49,50,0,0,48.71,0.05,0,1,23.5886
4578,122,49,50,0,0,48.73,0.05,0,1,23.5826
4579,119,49,50,0,0,48.76,0.05,0,1,23.5862
4580,130,49,50,0,0,48.55,0.05,0,1,23.5896
4581,132,49,50,0,0,48.63,0.05,0,1,23.5892
4582,120,49,50,0,0,48.75,0.05,0,1,23.5899
4583,118,49,50,0,0,48.77,0.05,0,1,23.5844
4584,148,49,50,0,0,48.42,0.05,0,1,23.5873
4585,152,49,50,0,0,48.33,0.05,0,1,23.5909
4586,139,49,50,0,0,48.61,0.05,0,1,23.5895
4587,131,49,50,0,0,48.59,0.05,0,1,23.5935
4588,133,49,50,0,0,48.52,0.05,0,1,23.597
4589,140,49,50,0,0,48.55,0.05,0,1,23.5961
4590,155,49,50,0,0,47.2,0.05,0,1,23.5985
4591,121,49,50,0,0,48.79,0.05,0,1,23.6015
4592,118,49,50,0,0,48.62,0.05,0,1,23.6061
4593,137,49,50,0,0,48.58,0.05,0,1,23.6088
4594,125,49,50,0,0,48.7,0.05,0,1,23.6118
4595,140,49,50,0,0,48.6,0.05,0,1,23.6137
4596,108,49,50,0,0,48.82,0.05,0,1,23.6162
4597,117,49,50,0,0,48.78,0.05,0,1,23.6186
4598,147,49,50,0,0,48.48,0.05,0,1,23.6219
4599,133,49,50,0,0,48.62,0.05,0,1,23.624
4600,136,49,50,0,0,48.44,0.05,0,1,23.6264
4601,129,49,50,0,0,48.66,0.05,0,1,23.6282
4602,124,49,50,0,0,48.76,0.05,0,1,23.6297
4603,121,49,50,0,0,48.74,0.05,0,1,23.6311
4604,143,49,50,0,0,48.57,0.05,0,1,23.633
4605,144,49,50,0,0,48.51,0.05,0,1,23.6253
4606,138,49,50,0,0,48.52,0.05,0,1,23.6279
4607,134,49,50,0,0,48.61,0.05,0,1,23.629
4608,130,49,50,0,0,48.7,0.05,0,1,23.63
4609,126,49,50,0,0,48.69,0.05,0,1,23.6322
4610,118,49,50,0,0,48.82,0.05,0,1,23.6343
4611,139,49,50,0,0,48.31,0.05,0,1,23.6336
4612,120,49,50,0,0,48.7,0.05,0,1,23.6349
4613,134,49,50,0,0,48.51,0.05,0,1,23.6345
4614,144,49,50,0,0,48.41,0.05,0,1,23.6367
4615,127,49,50,0,0,48.68,0.05,0,1,23.6384
4616,138,49,50,0,0,48.37,0.05,0,1,23.6407
4617,127,49,50,0,0,48.48,0.05,0,1,23.6434
4618,118,49,50,0,0,48.72,0.05,0,1,23.646
4619,139,49,50,0,0,48.61,0.05,0,1,23.6469
4620,120,49,50,0,0,48.75,0.05,0,1,23.6491
4621,158,49,50,0,0,48.32,0.05,0,1,23.6511
4622,132,49,50,0,0,48.68,0.05,0,1,23.6531
4623,125,49,50,0,0,48.55,0.05,0,1,23.6547
4624,123,49,50,0,0,48.67,0.05,0,1,23.6571
4625,144,49,50,0,0,48.31,0.05,0,1,23.6551
4626,116,49,50,0,0,48.69,0.05,0,1,23.6491
4627,142,49,50,0,0,48.53,0.05,0,1,23.6507
4628,153,49,50,0,0,48.27,0.05,0,1,23.6495
4629,140,49,50,0,0,48.5,0.05,0,1,23.6531
4630,147,49,50,0,0,48.33,0.05,0,1,23.6552
4631,133,49,50,0,0,48.47,0.05,0,1,23.6538
4632,116,49,50,0,0,48.74,0.05,0,1,23.6575
4633,123,49,50,0,0,48.72,0.05,0,1,23.6604
4634,121,49,50,0,0,48.74,0.05,0,1,23.6642
4635,128,49,50,0,0,48.72,0.05,0,1,23.6662
4636,124,49,50,0,0,48.61,0.05,0,1,23.6652
4637,130,49,50,0,0,48.55,0.05,0,1,23.6677
4638,124,49,50,0,0,48.71,0.05,0,1,23.6654
4639,144,49,50,0,0,48.36,0.05,0,1,23.6679
4640,122,49,50,0,0,48.73,0.05,0,1,23.6675
4641,124,49,50,0,0,48.61,0.05,0,1,23.6703
4642,129,49,50,0,0,48.51,0.05,0,1,23.67
4643,123,49,50,0,0,48.77,0.05,0,1,23.6686
4644,121,49,50,0,0,48.79,0.05,0,1,23.671
4645,123,49,50,0,0,48.77,0.05,0,1,23.6707
4646,114,49,50,0,0,48.81,0.05,0,1,23.6701
4647,212,49,50,0,0,47.73,0.05,0,1,23.6612
4648,115,49,50,0,0,48.85,0.05,0,1,23.6642
4649,133,49,50,0,0,48.52,0.05,0,1,23.6679
4650,164,49,50,0,0,47.61,0.05,0,1,23.6656
4651,120,49,50,0,0,48.75,0.05,0,1,23.6689
4652,144,49,50,0,0,48.41,0.05,0,1,23.6699
4653,117,49,50,0,0,48.83,0.05,0,1,23.6727
4654,127,49,50,0,0,48.73,0.05,0,1,23.6754
4655,121,49,50,0,0,48.74,0.05,0,1,23.6784
4656,131,49,50,0,0,48.49,0.05,0,1,23.6825
4657,125,49,50,0,0,48.75,0.05,0,1,23.6854
4658,135,49,50,0,0,48.6,0.05,0,1,23.6875
4659,128,49,50,0,0,48.57,0.05,0,1,23.6866
4660,117,49,50,0,0,48.63,0.05,0,1,23.6811
4661,135,49,50,0,0,48.55,0.05,0,1,23.6834
4662,147,49,50,0,0,48.33,0.05,0,1,23.6859
4663,131,49,50,0,0,48.54,0.05,0,1,23.6889
4664,133,49,50,0,0,48.47,0.05,0,1,23.6912
4665,134,49,50,0,0,48.61,0.05,0,1,23.6925
4666,123,49,50,0,0,48.67,0.05,0,1,23.6864
4667,138,49,50,0,0,48.52,0.05,0,1,23.6902
4668,126,49,50,0,0,48.59,0.05,0,1,23.6927
4669,146,49,50,0,0,48.39,0.05,0,1,23.6909
4670,131,49,50,0,0,48.44,0.05,0,1,23.6944
4671,138,49,50,0,0,48.47,0.05,0,1,23.6971
4672,123,49,50,0,0,48.72,0.05,0,1,23.6996
4673,121,49,50,0,0,48.69,0.05,0,1,23.6934
4674,135,49,50,0,0,48.6,0.05,0,1,23.6963
4675,128,49,50,0,0,48.57,0.05,0,1,23.699
4676,130,49,50,0,0,48.55,0.05,0,1,23.6926
4677,137,49,50,0,0,48.63,0.05,0,1,23.6856
4678,127,49,50,0,0,48.73,0.05,0,1,23.6881
4679,124,49,50,0,0,48.71,0.05,0,1,23.6878
4680,130,49,50,0,0,48.65,0.05,0,1,23.6872
4681,134,49,50,0,0,48.61,0.05,0,1,23.6876
4682,140,49,50,0,0,48.5,0.05,0,1,23.6916
4683,127,49,50,0,0,48.73,0.05,0,1,23.6955
4684,132,49,50,0,0,48.53,0.05,0,1,23.6985
4685,125,49,50,0,0,48.7,0.05,0,1,23.702
4686,125,49,50,0,0,48.7,0.05,0,1,23.7049
4687,133,49,50,0,0,48.52,0.05,0,1,23.7076
4688,129,49,50,0,0,48.61,0.05,0,1,23.7072
4689,400,49,49,0,0,44.5,0.05,0,1,23.7058
4690,130,49,50,0,0,48.6,0.05,0,1,23.7096
4691,131,49,50,0,0,48.59,0.05,0,1,23.7117
4692,137,49,50,0,0,48.43,0.05,0,1,23.7103
4693,122,49,50,0,0,48.78,0.05,0,1,23.7133
4694,133,49,50,0,0,48.32,0.05,0,1,23.717
4695,125,49,50,0,0,48.5,0.05,0,1,23.721
4696,126,49,50,0,0,48.59,0.05,0,1,23.7206
4697,190,49,50,0,0,45.25,0.05,0,1,23.7194
4698,118,49,50,0,0,48.67,0.05,0,1,23.7217
4699,122,49,50,0,0,48.78,0.05,0,1,23.7248
4700,138,49,50,0,0,48.57,0.05,0,1,23.7268
4701,272,49,50,0,0,46.93,0.05,0,1,23.7155
4702,135,49,50,0,0,48.6,0.05,0,1,23.7187
4703,400,49,49,0,0,44.05,0.05,0,1,23.7051
4704,179,49,50,0,0,45.51,0.05,0,1,23.6947
4705,143,49,50,0,0,48.47,0.05,0,1,23.6943
4706,128,49,50,0,0,48.67,0.05,0,1,23.6975
4707,129,49,50,0,0,48.61,0.05,0,1,23.6969
4708,138,49,50,0,0,48.57,0.05,0,1,23.6993
4709,132,49,50,0,0,48.63,0.05,0,1,23.6987
4710,123,49,50,0,0,48.67,0.05,0,1,23.6991
4711,128,49,50,0,0,48.72,0.05,0,1,23.7035
4712,136,49,50,0,0,48.54,0.05,0,1,23.7074
4713,119,49,50,0,0,48.71,0.05,0,1,23.7071
4714,125,49,50,0,0,48.6,0.05,0,1,23.7105
4715,145,49,50,0,0,48.55,0.05,0,1,23.7124
4716,136,49,50,0,0,48.49,0.05,0,1,23.707
4717,153,49,50,0,0,48.07,0.05,0,1,23.7096
4718,130,49,50,0,0,48.55,0.05,0,1,23.7121
4719,135,49,50,0,0,48.55,0.05,0,1,23.7108
4720,127,49,50,0,0,48.63,0.05,0,1,23.7101
4721,124,49,50,0,0,48.71,0.05,0,1,23.713
4722,125,49,50,0,0,48.65,0.05,0,1,23.7155
4723,136,49,50,0,0,48.59,0.05,0,1,23.7175
4724,143,49,50,0,0,48.52,0.05,0,1,23.7206
4725,137,49,50,0,0,48.53,0.05,0,1,23.7158
4726,163,49,50,0,0,47.02,0.05,0,1,23.7173
4727,137,49,50,0,0,48.53,0.05,0,1,23.7159
4728,117,49,50,0,0,48.83,0.05,0,1,23.7185
4729,136,49,50,0,0,48.59,0.05,0,1,23.7178
4730,129,49,50,0,0,48.61,0.05,0,1,23.7203
4731,131,49,50,0,0,48.69,0.05,0,1,23.7232
4732,130,49,50,0,0,48.55,0.05,0,1,23.7266
4733,138,49,50,0,0,48.42,0.05,0,1,23.7297
4734,120,49,50,0,0,48.75,0.05,0,1,23.7329
4735,124,49,50,0,0,48.71,0.05,0,1,23.7315
4736,139,49,50,0,0,48.51,0.05,0,1,23.7352
4737,141,49,50,0,0,48.54,0.05,0,1,23.738
4738,139,49,50,0,0,48.41,0.05,0,1,23.738
4739,135,49,50,0,0,48.55,0.05,0,1,23.7318
4740,119,49,50,0,0,48.81,0.05,0,1,23.7342
4741,133,49,50,0,0,48.52,0.05,0,1,23.7375
4742,131,49,50,0,0,48.64,0.05,0,1,23.74
4743,144,49,50,0,0,48.51,0.05,0,1,23.7334
4744,132,49,50,0,0,48.53,0.05,0,1,23.7357
4745,134,49,50,0,0,48.56,0.05,0,1,23.7378
4746,154,49,50,0,0,48.41,0.05,0,1,23.7363
4747,125,49,50,0,0,48.65,0.05,0,1,23.7405
4748,134,49,50,0,0,48.56,0.05,0,1,23.7432
4749,282,49,50,0,0,46.88,0.05,0,1,23.7442
4750,147,49,50,0,0,48.43,0.05,0,1,23.7451
4751,400,49,49,0,0,44.85,0.05,0,1,23.7348
4752,137,49,50,0,0,48.53,0.05,0,1,23.7283
4753,139,49,50,0,0,48.51,0.05,0,1,23.7311
4754,111,49,50,0,0,48.84,0.05,0,1,23.7344
4755,400,49,49,0,0,43.55,0.05,0,1,23.726
4756,143,49,50,0,0,48.37,0.05,0,1,23.725
4757,120,49,50,0,0,48.75,0.05,0,1,23.7285
4758,395,49,50,0,0,41.2,0.05,0,1,23.7233
4759,145,49,50,0,0,48.4,0.05,0,1,23.726
4760,127,49,50,0,0,48.53,0.05,0,1,23.7245
4761,128,49,50,0,0,48.62,0.05,0,1,23.7268
4762,135,49,50,0,0,48.5,0.05,0,1,23.7288
4763,400,49,49,0,0,44.6,0.05,0,1,23.7266
4764,132,49,50,0,0,48.53,0.05,0,1,23.7277
4765,123,49,50,0,0,48.77,0.05,0,1,23.7285
4766,147,49,50,0,0,48.43,0.05,0,1,23.7299
4767,125,49,50,0,0,48.7,0.05,0,1,23.7316
4768,145,49,50,0,0,48.05,0.05,0,1,23.7292
4769,125,49,50,0,0,48.75,0.05,0,1,23.7274
4770,128,49,50,0,0,48.62,0.05,0,1,23.7308
4771,120,49,50,0,0,48.7,0.05,0,1,23.7344
4772,132,49,50,0,0,48.58,0.05,0,1,23.7371
4773,138,49,50,0,0,48.52,0.05,0,1,23.7381
4774,138,49,50,0,0,48.42,0.05,0,1,23.7408
4775,295,49,50,0,0,46.6,0.05,0,1,23.7381
4776,129,49,50,0,0,48.71,0.05,0,1,23.7383
4777,288,49,50,0,0,46.97,0.05,0,1,23.734
4778,131,49,50,0,0,48.54,0.05,0,1,23.7362
4779,133,49,50,0,0,48.57,0.05,0,1,23.7376
4780,173,49,50,0,0,48.12,0.05,0,1,23.7393
4781,400,47,47,0,0,42.8,0.05,0,1,23.7292
4782,314,49,50,0,0,46.81,0.05,0,1,23.7274
4783,400,40,40,0,0,35.75,0.05,0,1,23.7158
4784,250,49,50,0,0,45.75,0.05,0,1,23.7107
4785,138,49,50,0,0,48.62,0.05,0,1,23.7123
4786,113,49,50,0,0,48.87,0.05,0,1,23.7041
4787,400,46,46,0,0,35.75,0.05,0,1,23.6833
4788,135,49,50,0,0,48.65,0.05,0,1,23.6814
4789,400,48,48,0,0,43.3,0.05,0,1,23.6736
4790,136,49,50,0,0,48.39,0.05,0,1,23.6667
4791,142,49,50,0,0,48.23,0.05,0,1,23.6601
4792,113,49,50,0,0,48.87,0.05,0,1,23.6635
4793,135,49,50,0,0,48.5,0.05,0,1,23.667
4794,125,49,50,0,0,48.6,0.05,0,1,23.67
4795,138,49,50,0,0,48.37,0.05,0,1,23.6644
4796,135,49,50,0,0,48.55,0.05,0,1,23.6587
4797,147,49,50,0,0,48.38,0.05,0,1,23.6629
4798,141,49,50,0,0,48.59,0.05,0,1,23.6661
4799,133,49,50,0,0,48.47,0.05,0,1,23.6603
4800,285,49,50,0,0,47.05,0.05,0,1,23.654
4801,400,44,44,0,0,39.55,0.05,0,1,23.649
4802,342,49,50,0,0,46.43,0.05,0,1,23.6487
4803,241,49,50,0,0,47.44,0.05,0,1,23.6502
4804,121,49,50,0,0,48.69,0.05,0,1,23.6448
4805,400,39,39,0,0,34.85,0.05,0,1,23.6414
4806,334,49,50,0,0,43.11,0.05,0,1,23.636
4807,261,49,50,0,0,43.74,0.05,0,1,23.6323
4808,125,49,50,0,0,48.7,0.05,0,1,23.6341
4809,132,49,50,0,0,48.53,0.05,0,1,23.6337
4810,121,49,50,0,0,48.74,0.05,0,1,23.6371
4811,141,49,50,0,0,48.54,0.05,0,1,23.6386
4812,120,49,50,0,0,48.65,0.05,0,1,23.6378
4813,144,49,50,0,0,48.46,0.05,0,1,23.6401
4814,136,49,50,0,0,48.44,0.05,0,1,23.6431
4815,115,49,50,0,0,48.85,0.05,0,1,23.646
4816,127,49,50,0,0,48.63,0.05,0,1,23.6446
4817,135,49,50,0,0,48.6,0.05,0,1,23.6481
4818,123,49,50,0,0,48.72,0.05,0,1,23.6508
4819,141,49,50,0,0,48.59,0.05,0,1,23.6517
4820,119,49,50,0,0,48.71,0.05,0,1,23.6514
4821,147,49,50,0,0,48.38,0.05,0,1,23.6542
4822,123,49,50,0,0,48.67,0.05,0,1,23.6526
4823,130,49,50,0,0,48.7,0.05,0,1,23.655
4824,120,49,50,0,0,48.75,0.05,0,1,23.6578
4825,142,49,50,0,0,48.48,0.05,0,1,23.6615
4826,135,49,50,0,0,48.45,0.05,0,1,23.6639
4827,125,49,50,0,0,48.55,0.05,0,1,23.664
4828,132,49,50,0,0,48.53,0.05,0,1,23.6673
4829,127,49,50,0,0,48.73,0.05,0,1,23.666
4830,352,49,50,0,0,43.93,0.05,0,1,23.6602
4831,130,49,50,0,0,48.55,0.05,0,1,23.6607
4832,400,47,47,0,0,42.45,0.05,0,1,23.6494
4833,137,49,50,0,0,48.53,0.05,0,1,23.6513
4834,285,49,50,0,0,45.0,0.05,0,1,23.647
4835,136,49,50,0,0,48.54,0.05,0,1,23.6498
4836,116,49,50,0,0,48.74,0.05,0,1,23.6527
4837,115,49,50,0,0,48.85,0.05,0,1,23.6516
4838,114,49,50,0,0,48.81,0.05,0,1,23.6543
4839,374,49,50,0,0,45.46,0.05,0,1,23.6504
4840,130,49,50,0,0,48.55,0.05,0,1,23.6533
4841,128,49,50,0,0,48.62,0.05,0,1,23.6556
4842,130,49,50,0,0,48.7,0.05,0,1,23.6578
4843,128,49,50,0,0,48.67,0.05,0,1,23.6592
4844,193,49,50,0,0,47.92,0.05,0,1,23.6585
4845,160,49,50,0,0,48.35,0.05,0,1,23.6566
4846,122,49,50,0,0,48.73,0.05,0,1,23.6553
4847,126,49,50,0,0,48.74,0.05,0,1,23.6579
4848,400,47,47,0,0,41.2,0.05,0,1,23.6411
4849,118,49,50,0,0,48.77,0.05,0,1,23.6436
4850,120,49,50,0,0,48.8,0.05,0,1,23.6462
4851,131,49,50,0,0,48.54,0.05,0,1,23.6478
4852,400,49,49,0,0,44.85,0.05,0,1,23.6342
4853,139,49,50,0,0,48.61,0.05,0,1,23.6355
4854,125,49,50,0,0,48.65,0.05,0,1,23.6339
4855,126,49,50,0,0,48.69,0.05,0,1,23.6287
4856,144,49,50,0,0,48.46,0.05,0,1,23.6314
4857,121,49,50,0,0,48.74,0.05,0,1,23.6344
4858,137,49,50,0,0,48.63,0.05,0,1,23.6365
4859,400,48,48,0,0,43.75,0.05,0,1,23.6276
4860,125,49,50,0,0,48.65,0.05,0,1,23.6266
4861,145,49,50,0,0,48.45,0.05,0,1,23.6255
4862,119,49,50,0,0,48.81,0.05,0,1,23.628
4863,127,49,50,0,0,48.68,0.05,0,1,23.6311
4864,133,49,50,0,0,48.67,0.05,0,1,23.6337
4865,130,49,50,0,0,48.6,0.05,0,1,23.6371
4866,121,49,50,0,0,48.74,0.05,0,1,23.6401
4867,123,49,50,0,0,48.77,0.05,0,1,23.642
4868,125,49,50,0,0,48.7,0.05,0,1,23.6449
4869,131,49,50,0,0,48.54,0.05,0,1,23.6474
4870,126,49,50,0,0,48.59,0.05,0,1,23.641
4871,133,49,50,0,0,48.52,0.05,0,1,23.6436
4872,137,49,50,0,0,48.53,0.05,0,1,23.6375
4873,135,49,50,0,0,48.6,0.05,0,1,23.6396
4874,124,49,50,0,0,48.71,0.05,0,1,23.6395
4875,121,49,50,0,0,48.69,0.05,0,1,23.6398
4876,134,49,50,0,0,48.61,0.05,0,1,23.6423
4877,121,49,50,0,0,48.69,0.05,0,1,23.6451
4878,128,49,50,0,0,48.57,0.05,0,1,23.6486
4879,129,49,50,0,0,48.51,0.05,0,1,23.6478
4880,127,49,50,0,0,48.68,0.05,0,1,23.651
4881,140,49,50,0,0,48.45,0.05,0,1,23.6509
4882,115,49,50,0,0,48.75,0.05,0,1,23.6506
4883,128,49,50,0,0,48.67,0.05,0,1,23.654
4884,120,49,50,0,0,48.75,0.05,0,1,23.657
4885,142,49,50,0,0,48.43,0.05,0,1,23.6514
4886,140,49,50,0,0,48.45,0.05,0,1,23.6546
4887,130,49,50,0,0,48.65,0.05,0,1,23.6566
4888,125,49,50,0,0,48.75,0.05,0,1,23.6564
4889,138,49,50,0,0,48.47,0.05,0,1,23.656
4890,116,49,50,0,0,48.79,0.05,0,1,23.6555
4891,140,49,50,0,0,48.55,0.05,0,1,23.6579
4892,127,49,50,0,0,48.73,0.05,0,1,23.6528
4893,132,49,50,0,0,48.53,0.05,0,1,23.656
4894,236,49,50,0,0,47.59,0.05,0,1,23.6586
4895,214,49,50,0,0,47.81,0.05,0,1,23.6602
4896,133,49,50,0,0,48.47,0.05,0,1,23.6598
4897,130,49,50,0,0,48.55,0.05,0,1,23.6602
4898,124,49,50,0,0,48.71,0.05,0,1,23.6625
4899,400,47,47,0,0,42.8,0.05,0,1,23.6614
4900,159,49,50,0,0,48.31,0.05,0,1,23.6541
4901,125,49,50,0,0,48.65,0.05,0,1,23.65
4902,272,49,50,0,0,47.18,0.05,0,1,23.652
4903,137,49,50,0,0,48.63,0.05,0,1,23.6457
4904,162,49,50,0,0,48.13,0.05,0,1,23.6474
4905,130,49,50,0,0,48.55,0.05,0,1,23.6508
4906,147,49,50,0,0,48.48,0.05,0,1,23.6528
4907,120,49,50,0,0,48.75,0.05,0,1,23.6522
4908,126,49,50,0,0,48.69,0.05,0,1,23.6527
4909,129,49,50,0,0,48.61,0.05,0,1,23.6524
4910,141,49,50,0,0,48.39,0.05,0,1,23.6531
4911,138,49,50,0,0,48.57,0.05,0,1,23.6481
4912,137,49,50,0,0,48.58,0.05,0,1,23.6528
4913,120,49,50,0,0,48.8,0.05,0,1,23.6568
4914,131,49,50,0,0,48.64,0.05,0,1,23.6609
4915,148,49,50,0,0,48.52,0.05,0,1,23.6635
4916,124,49,50,0,0,48.61,0.05,0,1,23.6633
4917,139,49,50,0,0,48.41,0.05,0,1,23.6574
4918,119,49,50,0,0,48.76,0.05,0,1,23.6607
4919,118,49,50,0,0,48.72,0.05,0,1,23.6639
4920,152,49,50,0,0,48.38,0.05,0,1,23.6671
4921,133,49,50,0,0,48.57,0.05,0,1,23.6695
4922,121,49,50,0,0,48.69,0.05,0,1,23.6688
4923,107,49,50,0,0,48.83,0.05,0,1,23.6638
4924,129,49,50,0,0,48.61,0.05,0,1,23.6666
4925,157,49,50,0,0,48.38,0.05,0,1,23.669
4926,137,49,50,0,0,48.58,0.05,0,1,23.6727
4927,280,49,50,0,0,46.05,0.05,0,1,23.6714
4928,127,49,50,0,0,48.73,0.05,0,1,23.6655
4929,123,49,50,0,0,48.72,0.05,0,1,23.6694
4930,127,49,50,0,0,48.53,0.05,0,1,23.669
4931,127,49,50,0,0,48.68,0.05,0,1,23.6729
4932,127,49,50,0,0,48.73,0.05,0,1,23.6763
4933,298,49,50,0,0,46.32,0.05,0,1,23.6751
4934,133,49,50,0,0,48.47,0.05,0,1,23.6779
4935,134,49,50,0,0,48.51,0.05,0,1,23.6805
4936,135,49,50,0,0,48.5,0.05,0,1,23.6832
4937,147,49,50,0,0,48.38,0.05,0,1,23.6848
4938,400,49,49,0,0,41.55,0.05,0,1,23.6693
4939,123,49,50,0,0,48.72,0.05,0,1,23.6718
4940,143,49,50,0,0,48.37,0.05,0,1,23.6705
4941,125,49,50,0,0,48.75,0.05,0,1,23.669
4942,117,49,50,0,0,48.73,0.05,0,1,23.6693
4943,132,49,50,0,0,48.63,0.05,0,1,23.668
4944,130,49,50,0,0,48.55,0.05,0,1,23.6634
4945,135,49,50,0,0,48.2,0.05,0,1,23.6669
4946,127,49,50,0,0,48.73,0.05,0,1,23.6613
4947,140,49,50,0,0,48.45,0.05,0,1,23.6618
4948,122,49,50,0,0,48.73,0.05,0,1,23.6657
4949,132,49,50,0,0,48.58,0.05,0,1,23.6693
4950,136,49,50,0,0,48.29,0.05,0,1,23.6742
4951,139,49,50,0,0,48.56,0.05,0,1,23.6771
4952,126,49,50,0,0,48.59,0.05,0,1,23.6774
4953,133,49,50,0,0,48.57,0.05,0,1,23.6721
4954,147,49,50,0,0,48.48,0.05,0,1,23.6754
4955,125,49,50,0,0,48.7,0.05,0,1,23.6794
4956,126,49,50,0,0,48.74,0.05,0,1,23.6835
4957,132,49,50,0,0,48.58,0.05,0,1,23.6864
4958,129,49,50,0,0,48.66,0.05,0,1,23.6893
4959,115,49,50,0,0,48.75,0.05,0,1,23.6835
4960,133,49,50,0,0,48.57,0.05,0,1,23.6857
4961,142,49,50,0,0,47.78,0.05,0,1,23.6873
4962,114,49,50,0,0,48.81,0.05,0,1,23.6895
4963,131,49,50,0,0,48.69,0.05,0,1,23.6829
4964,126,49,50,0,0,48.69,0.05,0,1,23.6826
4965,137,49,50,0,0,48.53,0.05,0,1,23.6772
4966,122,49,50,0,0,48.73,0.05,0,1,23.68
4967,142,49,50,0,0,48.53,0.05,0,1,23.6784
4968,130,49,50,0,0,48.65,0.05,0,1,23.6788
4969,112,49,50,0,0,48.73,0.05,0,1,23.6803
4970,137,49,50,0,0,48.53,0.05,0,1,23.6844
4971,144,49,50,0,0,48.41,0.05,0,1,23.6846
4972,126,49,50,0,0,48.69,0.05,0,1,23.6881
4973,138,49,50,0,0,48.42,0.05,0,1,23.6923
4974,125,49,50,0,0,48.65,0.05,0,1,23.6958
4975,132,49,50,0,0,48.53,0.05,0,1,23.6914
4976,130,49,50,0,0,48.55,0.05,0,1,23.6939
4977,125,49,50,0,0,48.75,0.05,0,1,23.6979
4978,114,49,50,0,0,48.81,0.05,0,1,23.7007
4979,121,49,50,0,0,48.69,0.05,0,1,23.7047
4980,121,49,50,0,0,48.79,0.05,0,1,23.7071
4981,142,49,50,0,0,48.43,0.05,0,1,23.7086
4982,129,49,50,0,0,48.71,0.05,0,1,23.7017
4983,266,49,50,0,0,46.24,0.05,0,1,23.7031
4984,123,49,50,0,0,48.67,0.05,0,1,23.7063
4985,131,49,50,0,0,48.59,0.05,0,1,23.7057
4986,121,49,50,0,0,48.74,0.05,0,1,23.7094
4987,137,49,50,0,0,48.58,0.05,0,1,23.7123
4988,135,49,50,0,0,48.55,0.05,0,1,23.714
4989,237,49,50,0,0,47.53,0.05,0,1,23.7148
4990,135,49,50,0,0,48.55,0.05,0,1,23.714
4991,293,49,50,0,0,46.97,0.05,0,1,23.7134
4992,129,49,50,0,0,48.51,0.05,0,1,23.7137
4993,133,49,50,0,0,48.57,0.05,0,1,23.716
4994,132,49,50,0,0,48.63,0.05,0,1,23.7148
4995,132,49,50,0,0,48.58,0.05,0,1,23.7181
4996,120,49,50,0,0,48.75,0.05,0,1,23.7173
4997,400,46,46,0,0,41.55,0.05,0,1,23.7098
4998,195,49,50,0,0,46.5,0.05,0,1,23.71
4999,140,49,50,0,0,48.6,0.05,0,1,23.7121
5000,137,49,50,0,0,48.43,0.05,0,1,23.7106
5001,136,49,50,0,0,48.54,0.05,0,1,23.7141
5002,131,49,50,0,0,48.59,0.05,0,1,23.709
5003,125,49,50,0,0,48.75,0.05,0,1,23.7079
5004,122,49,50,0,0,48.78,0.05,0,1,23.7109
5005,132,49,50,0,0,48.68,0.05,0,1,23.7141
5006,139,49,50,0,0,48.46,0.05,0,1,23.7174
5007,139,49,50,0,0,48.41,0.05,0,1,23.7119
5008,133,49,50,0,0,48.57,0.05,0,1,23.7147
5009,132,49,50,0,0,48.63,0.05,0,1,23.7138
5010,162,49,50,0,0,48.23,0.05,0,1,23.7171
5011,116,49,50,0,0,48.74,0.05,0,1,23.7197
5012,125,49,50,0,0,48.75,0.05,0,1,23.7221
5013,144,49,50,0,0,48.56,0.05,0,1,23.7245
5014,148,49,50,0,0,47.82,0.05,0,1,23.726
5015,164,49,50,0,0,47.56,0.05,0,1,23.7267
5016,125,49,50,0,0,48.65,0.05,0,1,23.7205
5017,118,49,50,0,0,48.82,0.05,0,1,23.7229
5018,130,49,50,0,0,48.6,0.05,0,1,23.7243
5019,123,49,50,0,0,48.57,0.05,0,1,23.7266
5020,123,49,50,0,0,48.67,0.05,0,1,23.7289
5021,141,49,50,0,0,48.44,0.05,0,1,23.7315
5022,143,49,50,0,0,47.97,0.05,0,1,23.7331
5023,139,49,50,0,0,48.41,0.05,0,1,23.7346
5024,129,49,50,0,0,48.66,0.05,0,1,23.7374
5025,289,49,50,0,0,46.81,0.05,0,1,23.7359
5026,124,49,50,0,0,48.71,0.05,0,1,23.7337
5027,125,49,50,0,0,48.75,0.05,0,1,23.7353
5028,133,49,50,0,0,48.42,0.05,0,1,23.7382
5029,127,49,50,0,0,48.63,0.05,0,1,23.7358
5030,131,49,50,0,0,48.69,0.05,0,1,23.7371
5031,143,49,50,0,0,48.52,0.05,0,1,23.7388
5032,125,49,50,0,0,48.65,0.05,0,1,23.7376
5033,119,49,50,0,0,48.76,0.05,0,1,23.7408
5034,123,49,50,0,0,48.67,0.05,0,1,23.7399
5035,137,49,50,0,0,48.58,0.05,0,1,23.7426
5036,126,49,50,0,0,48.64,0.05,0,1,23.7453
5037,145,49,50,0,0,48.45,0.05,0,1,23.7439
5038,278,49,50,0,0,46.97,0.05,0,1,23.7344
5039,117,49,50,0,0,48.63,0.05,0,1,23.7373
5040,132,49,50,0,0,48.53,0.05,0,1,23.7395
5041,128,49,50,0,0,48.67,0.05,0,1,23.7416
5042,114,49,50,0,0,48.86,0.05,0,1,23.7445
5043,400,47,47,0,0,42.7,0.05,0,1,23.7432
5044,144,49,50,0,0,48.46,0.05,0,1,23.7441
5045,123,49,50,0,0,48.77,0.05,0,1,23.7417
5046,124,49,50,0,0,48.76,0.05,0,1,23.744
5047,400,49,49,0,0,41.95,0.05,0,1,23.7233
5048,400,46,46,0,0,40.6,0.05,0,1,23.7092
5049,123,49,50,0,0,48.62,0.05,0,1,23.7116
5050,147,49,50,0,0,48.38,0.05,0,1,23.7146
5051,133,49,50,0,0,48.62,0.05,0,1,23.7176
5052,113,49,50,0,0,48.77,0.05,0,1,23.7198
5053,131,49,50,0,0,48.69,0.05,0,1,23.7171
5054,129,49,50,0,0,48.71,0.05,0,1,23.7192
5055,135,49,50,0,0,48.45,0.05,0,1,23.7182
5056,134,49,50,0,0,48.61,0.05,0,1,23.7177
5057,123,49,50,0,0,48.67,0.05,0,1,23.7207
5058,137,49,50,0,0,48.48,0.05,0,1,23.7235
5059,135,49,50,0,0,48.65,0.05,0,1,23.7232
5060,129,49,50,0,0,48.66,0.05,0,1,23.7249
5061,175,49,50,0,0,46.35,0.05,0,1,23.7242
5062,130,49,50,0,0,48.7,0.05,0,1,23.7271
5063,154,49,50,0,0,48.31,0.05,0,1,23.7298
5064,118,49,50,0,0,48.67,0.05,0,1,23.7292
5065,118,49,50,0,0,48.77,0.05,0,1,23.7288
5066,117,49,50,0,0,48.83,0.05,0,1,23.7281
5067,131,49,50,0,0,48.54,0.05,0,1,23.7328
5068,126,49,50,0,0,48.69,0.05,0,1,23.7275
5069,127,49,50,0,0,48.53,0.05,0,1,23.7308
5070,139,49,50,0,0,48.41,0.05,0,1,23.7333
5071,125,49,50,0,0,48.65,0.05,0,1,23.7367
5072,136,49,50,0,0,48.44,0.05,0,1,23.7387
5073,139,49,50,0,0,48.51,0.05,0,1,23.7323
5074,121,49,50,0,0,48.74,0.05,0,1,23.7357
5075,149,49,50,0,0,47.71,0.05,0,1,23.7364
5076,121,49,50,0,0,48.69,0.05,0,1,23.7391
5077,121,49,50,0,0,48.79,0.05,0,1,23.7375
5078,128,49,50,0,0,48.67,0.05,0,1,23.7398
5079,130,49,50,0,0,48.65,0.05,0,1,23.7423
5080,145,49,50,0,0,48.4,0.05,0,1,23.7448
5081,143,49,50,0,0,48.47,0.05,0,1,23.747
5082,110,49,50,0,0,48.9,0.05,0,1,23.7499
5083,139,49,50,0,0,48.51,0.05,0,1,23.7441
5084,133,49,50,0,0,48.57,0.05,0,1,23.7431
5085,119,49,50,0,0,48.81,0.05,0,1,23.7451
5086,128,49,50,0,0,48.67,0.05,0,1,23.7475
5087,139,49,50,0,0,48.46,0.05,0,1,23.7503
5088,128,49,50,0,0,48.47,0.05,0,1,23.7512
5089,123,49,50,0,0,48.67,0.05,0,1,23.7536
5090,124,49,50,0,0,48.71,0.05,0,1,23.7476
5091,118,49,50,0,0,48.77,0.05,0,1,23.7467
5092,122,49,50,0,0,48.68,0.05,0,1,23.7507
5093,121,49,50,0,0,48.74,0.05,0,1,23.7539
5094,174,49,50,0,0,47.21,0.05,0,1,23.7523
5095,139,49,50,0,0,48.36,0.05,0,1,23.7544
5096,142,49,50,0,0,48.58,0.05,0,1,23.7573
5097,135,49,50,0,0,48.45,0.05,0,1,23.7578
5098,142,49,50,0,0,48.23,0.05,0,1,23.7509
5099,130,49,50,0,0,48.55,0.05,0,1,23.7456
5100,126,49,50,0,0,48.64,0.05,0,1,23.7493
5101,135,49,50,0,0,48.65,0.05,0,1,23.7444
5102,138,49,50,0,0,48.47,0.05,0,1,23.7451
5103,133,49,50,0,0,48.52,0.05,0,1,23.7479
5104,126,49,50,0,0,48.69,0.05,0,1,23.7505
5105,139,49,50,0,0,48.51,0.05,0,1,23.7536
5106,135,49,50,0,0,48.55,0.05,0,1,23.7564
5107,196,49,50,0,0,47.89,0.05,0,1,23.7583
5108,138,49,50,0,0,48.57,0.05,0,1,23.7579
5109,141,49,50,0,0,48.54,0.05,0,1,23.762
5110,116,49,50,0,0,48.74,0.05,0,1,23.764
5111,144,49,50,0,0,48.36,0.05,0,1,23.767
5112,121,49,50,0,0,48.69,0.05,0,1,23.7662
5113,115,49,50,0,0,48.8,0.05,0,1,23.7695
5114,136,49,50,0,0,48.59,0.05,0,1,23.769
5115,130,49,50,0,0,48.55,0.05,0,1,23.7634
5116,126,49,50,0,0,48.69,0.05,0,1,23.766
5117,118,49,50,0,0,48.77,0.05,0,1,23.7654
5118,135,49,50,0,0,48.6,0.05,0,1,23.7684
5119,163,49,50,0,0,48.12,0.05,0,1,23.7702
5120,126,49,50,0,0,48.69,0.05,0,1,23.7738
5121,139,49,50,0,0,48.51,0.05,0,1,23.7671
5122,138,49,50,0,0,48.47,0.05,0,1,23.7675
5123,400,49,49,0,0,43.25,0.05,0,1,23.7641
5124,121,49,50,0,0,48.69,0.05,0,1,23.7643
5125,117,49,50,0,0,48.73,0.05,0,1,23.7595
5126,132,49,50,0,0,48.58,0.05,0,1,23.7634
5127,205,49,50,0,0,47.9,0.05,0,1,23.7665
5128,140,49,50,0,0,48.45,0.05,0,1,23.7694
5129,137,49,50,0,0,48.58,0.05,0,1,23.773
5130,201,49,50,0,0,47.89,0.05,0,1,23.7648
5131,115,49,50,0,0,48.8,0.05,0,1,23.7676
5132,145,49,50,0,0,48.4,0.05,0,1,23.77
5133,127,49,50,0,0,48.68,0.05,0,1,23.7729
5134,137,49,50,0,0,48.53,0.05,0,1,23.772
5135,131,49,50,0,0,48.49,0.05,0,1,23.7754
5136,125,49,50,0,0,48.65,0.05,0,1,23.7754
5137,132,49,50,0,0,48.58,0.05,0,1,23.7782
5138,400,49,49,0,0,44.55,0.05,0,1,23.7698
5139,128,49,50,0,0,48.72,0.05,0,1,23.7725
5140,333,49,50,0,0,43.27,0.05,0,1,23.7684
5141,122,49,50,0,0,48.68,0.05,0,1,23.7708
5142,111,49,50,0,0,48.84,0.05,0,1,23.7735
5143,130,49,50,0,0,48.65,0.05,0,1,23.772
5144,270,49,50,0,0,47.1,0.05,0,1,23.773
5145,186,49,50,0,0,46.49,0.05,0,1,23.7723
5146,137,49,50,0,0,48.08,0.05,0,1,23.7743
5147,128,49,50,0,0,48.67,0.05,0,1,23.768
5148,400,49,49,0,0,43.75,0.05,0,1,23.7562
5149,230,49,50,0,0,47.65,0.05,0,1,23.756
5150,141,49,50,0,0,48.54,0.05,0,1,23.758
5151,123,49,50,0,0,48.77,0.05,0,1,23.7508
5152,140,49,50,0,0,48.25,0.05,0,1,23.7536
5153,152,49,50,0,0,48.43,0.05,0,1,23.7556
5154,123,49,50,0,0,48.72,0.05,0,1,23.7576
5155,125,49,50,0,0,48.65,0.05,0,1,23.7604
5156,131,49,50,0,0,48.49,0.05,0,1,23.7631
5157,126,49,50,0,0,48.64,0.05,0,1,23.7648
5158,123,49,50,0,0,48.77,0.05,0,1,23.7629
5159,119,49,50,0,0,48.71,0.05,0,1,23.7568
5160,134,49,50,0,0,48.56,0.05,0,1,23.759
5161,130,49,50,0,0,48.65,0.05,0,1,23.7582
5162,138,49,50,0,0,48.57,0.05,0,1,23.7598
5163,131,49,50,0,0,48.59,0.05,0,1,23.759
5164,127,49,50,0,0,48.68,0.05,0,1,23.762
5165,136,49,50,0,0,48.49,0.05,0,1,23.7647
5166,141,49,50,0,0,48.49,0.05,0,1,23.7675
5167,146,49,50,0,0,48.44,0.05,0,1,23.7694
5168,139,49,50,0,0,48.56,0.05,0,1,23.7716
5169,143,49,50,0,0,48.42,0.05,0,1,23.774
5170,140,49,50,0,0,48.45,0.05,0,1,23.7755
5171,178,49,50,0,0,48.17,0.05,0,1,23.7764
5172,184,49,50,0,0,48.11,0.05,0,1,23.7699
5173,130,49,50,0,0,48.65,0.05,0,1,23.7713
5174,124,49,50,0,0,48.76,0.05,0,1,23.7739
5175,139,49,50,0,0,48.61,0.05,0,1,23.7752
5176,129,49,50,0,0,48.66,0.05,0,1,23.778
5177,313,49,50,0,0,46.77,0.05,0,1,23.774
5178,124,49,50,0,0,48.61,0.05,0,1,23.7759
5179,128,49,50,0,0,48.67,0.05,0,1,23.7747
5180,137,49,50,0,0,48.63,0.05,0,1,23.7726
5181,132,49,50,0,0,48.68,0.05,0,1,23.7755
5182,128,49,50,0,0,48.52,0.05,0,1,23.7787
5183,127,49,50,0,0,48.63,0.05,0,1,23.7807
5184,130,49,50,0,0,48.65,0.05,0,1,23.774
5185,140,49,50,0,0,48.55,0.05,0,1,23.7764
5186,136,49,50,0,0,48.44,0.05,0,1,23.7792
5187,138,49,50,0,0,48.47,0.05,0,1,23.7784
5188,127,49,50,0,0,48.73,0.05,0,1,23.7814
5189,118,49,50,0,0,48.67,0.05,0,1,23.7801
5190,126,49,50,0,0,48.69,0.05,0,1,23.7797
5191,127,49,50,0,0,48.58,0.05,0,1,23.7831
5192,187,49,50,0,0,48.03,0.05,0,1,23.7837
5193,400,49,49,0,0,44.5,0.05,0,1,23.7808
5194,124,49,50,0,0,48.66,0.05,0,1,23.7835
5195,131,49,50,0,0,48.59,0.05,0,1,23.786
5196,126,49,50,0,0,48.74,0.05,0,1,23.7887
5197,125,49,50,0,0,48.6,0.05,0,1,23.7911
5198,161,49,50,0,0,48.34,0.05,0,1,23.7916
5199,132,49,50,0,0,48.63,0.05,0,1,23.7893
5200,141,49,50,0,0,48.34,0.05,0,1,23.7919
5201,113,49,50,0,0,48.82,0.05,0,1,23.794
5202,119,49,50,0,0,48.81,0.05,0,1,23.7876
5203,128,49,50,0,0,48.57,0.05,0,1,23.7903
5204,128,49,50,0,0,48.52,0.05,0,1,23.7937
5205,232,49,50,0,0,47.53,0.05,0,1,23.7919
5206,129,49,50,0,0,48.61,0.05,0,1,23.7863
5207,124,49,50,0,0,48.71,0.05,0,1,23.7859
5208,139,49,50,0,0,48.51,0.05,0,1,23.7896
5209,131,49,50,0,0,48.64,0.05,0,1,23.7915
5210,135,49,50,0,0,48.45,0.05,0,1,23.7942
5211,137,49,50,0,0,48.53,0.05,0,1,23.7927
5212,113,49,50,0,0,48.87,0.05,0,1,23.7919
5213,136,49,50,0,0,48.59,0.05,0,1,23.791
5214,137,49,50,0,0,48.53,0.05,0,1,23.7943
5215,169,49,50,0,0,46.56,0.05,0,1,23.7938
5216,117,49,50,0,0,48.83,0.05,0,1,23.7965
5217,231,49,50,0,0,46.64,0.05,0,1,23.795
5218,149,49,50,0,0,48.41,0.05,0,1,23.7877
5219,130,49,50,0,0,48.6,0.05,0,1,23.7908
5220,130,49,50,0,0,48.65,0.05,0,1,23.7932
5221,143,49,50,0,0,48.37,0.05,0,1,23.7923
5222,135,49,50,0,0,48.5,0.05,0,1,23.795
5223,146,49,50,0,0,48.44,0.05,0,1,23.7973
5224,144,49,50,0,0,48.41,0.05,0,1,23.7914
5225,243,49,50,0,0,47.42,0.05,0,1,23.7926
5226,136,49,50,0,0,48.49,0.05,0,1,23.7951
5227,127,49,50,0,0,48.63,0.05,0,1,23.7971
5228,120,49,50,0,0,48.7,0.05,0,1,23.7998
5229,155,49,50,0,0,48.2,0.05,0,1,23.8016
5230,112,49,50,0,0,48.88,0.05,0,1,23.8036
5231,122,49,50,0,0,48.73,0.05,0,1,23.8026
5232,160,49,50,0,0,48.15,0.05,0,1,23.8043
5233,301,49,50,0,0,46.89,0.05,0,1,23.8039
5234,400,49,49,0,0,42.95,0.05,0,1,23.787
5235,131,49,50,0,0,48.64,0.05,0,1,23.7898
5236,119,49,50,0,0,48.76,0.05,0,1,23.7926
5237,133,49,50,0,0,48.62,0.05,0,1,23.7944
5238,141,49,50,0,0,48.54,0.05,0,1,23.7959
5239,128,49,50,0,0,48.57,0.05,0,1,23.798
5240,133,49,50,0,0,48.52,0.05,0,1,23.7991
5241,135,49,50,0,0,48.65,0.05,0,1,23.7968
5242,119,49,50,0,0,48.76,0.05,0,1,23.7991
5243,127,49,50,0,0,48.73,0.05,0,1,23.7974
5244,119,49,50,0,0,48.71,0.05,0,1,23.7968
5245,130,49,50,0,0,48.45,0.05,0,1,23.8
5246,118,49,50,0,0,48.82,0.05,0,1,23.8031
5247,131,49,50,0,0,48.54,0.05,0,1,23.8049
5248,124,49,50,0,0,48.71,0.05,0,1,23.7983
5249,133,49,50,0,0,48.47,0.05,0,1,23.7924
5250,129,49,50,0,0,48.66,0.05,0,1,23.7954
5251,131,49,50,0,0,48.69,0.05,0,1,23.798
5252,136,49,50,0,0,48.54,0.05,0,1,23.8007
5253,125,49,50,0,0,48.75,0.05,0,1,23.8022
5254,113,49,50,0,0,48.87,0.05,0,1,23.8011
5255,130,49,50,0,0,48.55,0.05,0,1,23.8006
5256,154,49,50,0,0,47.41,0.05,0,1,23.8013
5257,122,49,50,0,0,48.73,0.05,0,1,23.8007
5258,126,49,50,0,0,48.69,0.05,0,1,23.8033
5259,140,49,50,0,0,48.55,0.05,0,1,23.8053
5260,129,49,50,0,0,48.66,0.05,0,1,23.8081
5261,143,49,50,0,0,48.57,0.05,0,1,23.8066
5262,174,49,50,0,0,46.66,0.05,0,1,23.8067
5263,114,49,50,0,0,48.81,0.05,0,1,23.8062
5264,139,49,50,0,0,48.51,0.05,0,1,23.8057
5265,139,49,50,0,0,48.51,0.05,0,1,23.8063
5266,170,49,50,0,0,48.25,0.05,0,1,23.8084
5267,121,49,50,0,0,48.74,0.05,0,1,23.8116
5268,123,49,50,0,0,48.77,0.05,0,1,23.8107
5269,122,49,50,0,0,48.58,0.05,0,1,23.8142
5270,134,49,50,0,0,48.51,0.05,0,1,23.8173
5271,312,49,50,0,0,46.68,0.05,0,1,23.8125
5272,140,49,50,0,0,48.45,0.05,0,1,23.8143
5273,127,49,50,0,0,48.73,0.05,0,1,23.8165
5274,151,49,50,0,0,47.74,0.05,0,1,23.8178
5275,132,49,50,0,0,48.53,0.05,0,1,23.8173
5276,217,49,50,0,0,47.83,0.05,0,1,23.8193
5277,139,49,50,0,0,48.51,0.05,0,1,23.8217
5278,215,49,50,0,0,47.65,0.05,0,1,23.82
5279,142,49,50,0,0,48.43,0.05,0,1,23.8214
5280,365,49,50,0,0,45.95,0.05,0,1,23.8162
5281,400,40,40,0,0,35.8,0.05,0,1,23.8151
5282,400,21,22,0,0,17.65,0.05,0,1,23.8066
5283,400,12,12,0,0,7.6,0.05,0,1,23.798
5284,400,17,17,0,0,12.55,0.05,0,1,23.7806
5285,400,26,26,0,0,21.8,0.05,0,1,23.776
5286,400,24,24,0,0,19.75,0.05,0,1,23.7603
5287,261,49,50,0,0,45.09,0.05,0,1,23.7557
5288,400,46,47,0,0,42.75,0.05,0,1,23.7442
5289,400,46,46,0,0,41.25,0.05,0,1,23.7231
5290,122,49,50,0,0,48.63,0.05,0,1,23.7215
5291,161,49,50,0,0,47.74,0.05,0,1,23.7218
5292,143,49,50,0,0,48.47,0.05,0,1,23.7203
5293,130,49,50,0,0,48.65,0.05,0,1,23.7219
5294,400,38,38,0,0,28.05,0.05,0,1,23.6996
5295,400,42,42,0,0,37.45,0.05,0,1,23.6788
5296,129,49,50,0,0,48.61,0.05,0,1,23.6808
5297,400,47,47,0,0,42.65,0.05,0,1,23.6789
5298,124,49,50,0,0,48.46,0.05,0,1,23.6813
5299,400,44,44,0,0,35.1,0.05,0,1,23.6601
5300,158,49,50,0,0,47.07,0.05,0,1,23.6575
5301,170,49,50,0,0,46.15,0.05,0,1,23.6537
5302,125,49,50,0,0,48.75,0.05,0,1,23.6538
5303,140,49,50,0,0,48.45,0.05,0,1,23.6565
5304,124,49,50,0,0,48.66,0.05,0,1,23.6597
5305,141,49,50,0,0,48.49,0.05,0,1,23.6591
5306,133,49,50,0,0,48.57,0.05,0,1,23.6617
5307,119,49,50,0,0,48.76,0.05,0,1,23.665
5308,125,49,50,0,0,48.75,0.05,0,1,23.6669
5309,202,49,50,0,0,45.78,0.05,0,1,23.6657
5310,126,49,50,0,0,48.64,0.05,0,1,23.6683
5311,132,49,50,0,0,48.68,0.05,0,1,23.6707
5312,310,49,50,0,0,46.7,0.05,0,1,23.6702
5313,133,49,50,0,0,48.57,0.05,0,1,23.6688
5314,137,49,50,0,0,48.28,0.05,0,1,23.672
5315,132,49,50,0,0,48.63,0.05,0,1,23.6735
5316,126,49,50,0,0,48.59,0.05,0,1,23.6726
5317,130,49,50,0,0,48.6,0.05,0,1,23.6758
5318,139,49,50,0,0,48.51,0.05,0,1,23.6705
5319,147,49,50,0,0,48.18,0.05,0,1,23.6715
5320,129,49,50,0,0,48.61,0.05,0,1,23.6738
5321,110,49,50,0,0,48.8,0.05,0,1,23.6758
5322,121,49,50,0,0,48.79,0.05,0,1,23.675
5323,143,49,50,0,0,48.37,0.05,0,1,23.6772
5324,400,49,49,0,0,43.45,0.05,0,1,23.6657
5325,138,49,50,0,0,48.52,0.05,0,1,23.6679
5326,135,49,50,0,0,48.5,0.05,0,1,23.67
5327,144,49,50,0,0,48.56,0.05,0,1,23.6717
5328,142,49,50,0,0,48.48,0.05,0,1,23.6733
5329,122,49,50,0,0,48.63,0.05,0,1,23.6755
5330,115,49,50,0,0,48.8,0.05,0,1,23.6781
5331,126,49,50,0,0,48.64,0.05,0,1,23.6794
5332,121,49,50,0,0,48.79,0.05,0,1,23.6775
5333,126,49,50,0,0,48.69,0.05,0,1,23.6761
5334,224,49,50,0,0,47.66,0.05,0,1,23.6776
5335,118,49,50,0,0,48.47,0.05,0,1,23.6799
5336,126,49,50,0,0,48.59,0.05,0,1,23.6816
5337,127,49,50,0,0,48.73,0.05,0,1,23.6831
5338,127,49,50,0,0,48.63,0.05,0,1,23.6813
5339,210,49,50,0,0,47.35,0.05,0,1,23.6729
5340,121,49,50,0,0,48.74,0.05,0,1,23.6752
5341,114,49,50,0,0,48.81,0.05,0,1,23.6694
5342,140,49,50,0,0,48.5,0.05,0,1,23.6734
5343,127,49,50,0,0,48.73,0.05,0,1,23.6723
5344,203,49,50,0,0,45.42,0.05,0,1,23.6707
5345,132,49,50,0,0,48.53,0.05,0,1,23.6735
5346,124,49,50,0,0,48.66,0.05,0,1,23.6763
5347,132,49,50,0,0,48.58,0.05,0,1,23.679
5348,139,49,50,0,0,48.41,0.05,0,1,23.6809
5349,153,49,50,0,0,48.42,0.05,0,1,23.6826
5350,128,49,50,0,0,48.72,0.05,0,1,23.6845
5351,179,49,50,0,0,46.51,0.05,0,1,23.6833
5352,137,49,50,0,0,48.53,0.05,0,1,23.6839
5353,149,49,50,0,0,48.36,0.05,0,1,23.6866
5354,139,49,50,0,0,48.61,0.05,0,1,23.6844
5355,130,49,50,0,0,48.7,0.05,0,1,23.6861
5356,132,49,50,0,0,48.53,0.05,0,1,23.6806
5357,122,49,50,0,0,48.63,0.05,0,1,23.6831
5358,164,49,50,0,0,48.16,0.05,0,1,23.6852
5359,122,49,50,0,0,48.68,0.05,0,1,23.6876
5360,143,49,50,0,0,48.52,0.05,0,1,23.6904
5361,125,49,50,0,0,48.65,0.05,0,1,23.6891
5362,121,49,50,0,0,48.74,0.05,0,1,23.6909
5363,134,49,50,0,0,48.56,0.05,0,1,23.6934
5364,124,49,50,0,0,48.66,0.05,0,1,23.696
5365,122,49,50,0,0,48.73,0.05,0,1,23.6944
5366,113,49,50,0,0,48.77,0.05,0,1,23.6976
5367,139,49,50,0,0,48.51,0.05,0,1,23.6965
5368,138,49,50,0,0,48.47,0.05,0,1,23.6992
5369,124,49,50,0,0,48.71,0.05,0,1,23.7011
5370,136,49,50,0,0,48.54,0.05,0,1,23.7038
5371,123,49,50,0,0,48.57,0.05,0,1,23.703
5372,132,49,50,0,0,48.63,0.05,0,1,23.7053
5373,156,49,50,0,0,47.69,0.05,0,1,23.6967
5374,125,49,50,0,0,48.7,0.05,0,1,23.6991
5375,131,49,50,0,0,48.64,0.05,0,1,23.7017
5376,141,49,50,0,0,48.49,0.05,0,1,23.7
5377,122,49,50,0,0,48.63,0.05,0,1,23.7022
5378,136,49,50,0,0,48.54,0.05,0,1,23.7048
5379,133,49,50,0,0,48.62,0.05,0,1,23.7075
5380,136,49,50,0,0,48.59,0.05,0,1,23.7095
5381,140,49,50,0,0,48.45,0.05,0,1,23.7085
5382,124,49,50,0,0,48.51,0.05,0,1,23.7022
5383,147,49,50,0,0,48.08,0.05,0,1,23.7045
5384,126,49,50,0,0,48.54,0.05,0,1,23.7074
5385,125,49,50,0,0,48.7,0.05,0,1,23.7096
5386,134,49,50,0,0,48.51,0.05,0,1,23.7117
5387,125,49,50,0,0,48.7,0.05,0,1,23.7137
5388,156,49,50,0,0,48.44,0.05,0,1,23.7157
5389,131,49,50,0,0,48.64,0.05,0,1,23.7173
5390,130,49,50,0,0,48.65,0.05,0,1,23.7109
5391,133,49,50,0,0,48.67,0.05,0,1,23.7126
5392,137,49,50,0,0,48.63,0.05,0,1,23.7125
5393,140,49,50,0,0,48.55,0.05,0,1,23.7151
5394,107,49,50,0,0,48.83,0.05,0,1,23.7176
5395,111,49,50,0,0,48.79,0.05,0,1,23.7168
5396,137,49,50,0,0,48.58,0.05,0,1,23.7203
5397,128,49,50,0,0,48.57,0.05,0,1,23.7204
5398,122,49,50,0,0,48.73,0.05,0,1,23.7154
5399,129,49,50,0,0,48.61,0.05,0,1,23.7181
5400,109,49,50,0,0,48.81,0.05,0,1,23.7177
5401,126,49,50,0,0,48.64,0.05,0,1,23.7213
5402,156,49,50,0,0,48.34,0.05,0,1,23.7243
5403,129,49,50,0,0,48.56,0.05,0,1,23.7265
5404,127,49,50,0,0,48.63,0.05,0,1,23.7264
5405,126,49,50,0,0,48.59,0.05,0,1,23.7267
5406,132,49,50,0,0,48.53,0.05,0,1,23.7266
5407,118,49,50,0,0,48.62,0.05,0,1,23.7305
5408,121,49,50,0,0,48.64,0.05,0,1,23.7339
5409,130,49,50,0,0,48.65,0.05,0,1,23.7273
5410,342,49,50,0,0,42.83,0.05,0,1,23.7218
5411,115,49,50,0,0,48.85,0.05,0,1,23.7212
5412,131,49,50,0,0,48.59,0.05,0,1,23.7211
5413,131,49,50,0,0,48.69,0.05,0,1,23.7241
5414,222,49,50,0,0,47.08,0.05,0,1,23.7238
5415,140,49,50,0,0,48.5,0.05,0,1,23.7269
5416,342,49,50,0,0,46.43,0.05,0,1,23.7277
5417,133,49,50,0,0,48.67,0.05,0,1,23.7213
5418,122,49,50,0,0,48.73,0.05,0,1,23.7237
5419,136,49,50,0,0,48.44,0.05,0,1,23.7265
5420,123,49,50,0,0,48.72,0.05,0,1,23.729
5421,133,49,50,0,0,48.57,0.05,0,1,23.7304
5422,128,49,50,0,0,48.62,0.05,0,1,23.7326
5423,131,49,50,0,0,48.59,0.05,0,1,23.7319
5424,134,49,50,0,0,48.61,0.05,0,1,23.734
5425,156,49,50,0,0,48.39,0.05,0,1,23.7362
5426,166,49,50,0,0,48.19,0.05,0,1,23.7344
5427,270,49,50,0,0,47.15,0.05,0,1,23.7313
5428,122,49,50,0,0,48.78,0.05,0,1,23.7337
5429,383,49,50,0,0,44.17,0.05,0,1,23.727
5430,132,49,50,0,0,48.63,0.05,0,1,23.7258
5431,400,49,49,0,0,43.45,0.05,0,1,23.7102
5432,136,49,50,0,0,48.59,0.05,0,1,23.7044
5433,131,49,50,0,0,48.64,0.05,0,1,23.7078
5434,132,49,50,0,0,48.58,0.05,0,1,23.7108
5435,135,49,50,0,0,48.65,0.05,0,1,23.7093
5436,127,49,50,0,0,48.48,0.05,0,1,23.7129
5437,126,49,50,0,0,48.64,0.05,0,1,23.7152
5438,134,49,50,0,0,48.51,0.05,0,1,23.7092
5439,134,49,50,0,0,48.61,0.05,0,1,23.7124
5440,118,49,50,0,0,48.67,0.05,0,1,23.7123
5441,129,49,50,0,0,48.56,0.05,0,1,23.7162
5442,126,49,50,0,0,48.69,0.05,0,1,23.7153
5443,129,49,50,0,0,48.51,0.05,0,1,23.7183
5444,121,49,50,0,0,48.69,0.05,0,1,23.7208
5445,119,49,50,0,0,48.71,0.05,0,1,23.7208
5446,149,49,50,0,0,48.41,0.05,0,1,23.7208
5447,122,49,50,0,0,48.73,0.05,0,1,23.7154
5448,136,49,50,0,0,48.59,0.05,0,1,23.7152
5449,132,49,50,0,0,48.63,0.05,0,1,23.7184
5450,124,49,50,0,0,48.71,0.05,0,1,23.7182
5451,133,49,50,0,0,48.57,0.05,0,1,23.7185
5452,125,49,50,0,0,48.75,0.05,0,1,23.7177
5453,124,49,50,0,0,48.71,0.05,0,1,23.7209
5454,128,49,50,0,0,48.57,0.05,0,1,23.7151
5455,138,49,50,0,0,48.52,0.05,0,1,23.7192
5456,130,49,50,0,0,48.65,0.05,0,1,23.7194
5457,141,49,50,0,0,48.39,0.05,0,1,23.7147
5458,131,49,50,0,0,48.49,0.05,0,1,23.7156
5459,140,49,50,0,0,48.55,0.05,0,1,23.7154
5460,135,49,50,0,0,48.5,0.05,0,1,23.7201
5461,132,49,50,0,0,48.63,0.05,0,1,23.7145
5462,125,49,50,0,0,48.75,0.05,0,1,23.7154
5463,124,49,50,0,0,48.76,0.05,0,1,23.7185
5464,121,49,50,0,0,48.74,0.05,0,1,23.7223
5465,129,49,50,0,0,48.71,0.05,0,1,23.7224
5466,118,49,50,0,0,48.67,0.05,0,1,23.724
5467,130,49,50,0,0,48.65,0.05,0,1,23.7195
5468,131,49,50,0,0,48.69,0.05,0,1,23.7223
5469,127,49,50,0,0,48.63,0.05,0,1,23.7233
5470,138,49,50,0,0,48.47,0.05,0,1,23.7275
5471,118,49,50,0,0,48.82,0.05,0,1,23.7312
5472,128,49,50,0,0,48.72,0.05,0,1,23.7342
5473,126,49,50,0,0,48.64,0.05,0,1,23.7373
5474,143,49,50,0,0,48.57,0.05,0,1,23.736
5475,141,49,50,0,0,48.39,0.05,0,1,23.7306
5476,116,49,50,0,0,48.69,0.05,0,1,23.7312
5477,133,49,50,0,0,48.62,0.05,0,1,23.7346
5478,131,49,50,0,0,48.69,0.05,0,1,23.7343
5479,136,49,50,0,0,48.54,0.05,0,1,23.7384
5480,140,49,50,0,0,48.6,0.05,0,1,23.7416
5481,130,49,50,0,0,48.65,0.05,0,1,23.7444
5482,115,49,50,0,0,48.75,0.05,0,1,23.7396
5483,128,49,50,0,0,48.72,0.05,0,1,23.7431
5484,146,49,50,0,0,48.49,0.05,0,1,23.7456
5485,118,49,50,0,0,48.77,0.05,0,1,23.7464
5486,125,49,50,0,0,48.7,0.05,0,1,23.7502
5487,132,49,50,0,0,48.63,0.05,0,1,23.7492
5488,110,49,50,0,0,48.9,0.05,0,1,23.7527
5489,127,49,50,0,0,48.73,0.05,0,1,23.7524
5490,133,49,50,0,0,48.52,0.05,0,1,23.7559
5491,121,49,50,0,0,48.79,0.05,0,1,23.7586
5492,127,49,50,0,0,48.68,0.05,0,1,23.7617
5493,143,49,50,0,0,48.47,0.05,0,1,23.761
5494,124,49,50,0,0,48.71,0.05,0,1,23.7639
5495,141,49,50,0,0,48.34,0.05,0,1,23.7668
5496,118,49,50,0,0,48.77,0.05,0,1,23.7696
5497,130,49,50,0,0,48.7,0.05,0,1,23.7727
5498,136,49,50,0,0,48.54,0.05,0,1,23.7754
5499,131,49,50,0,0,48.69,0.05,0,1,23.7782
5500,123,49,50,0,0,48.77,0.05,0,1,23.7761
5501,344,49,50,0,0,45.91,0.05,0,1,23.7752
5502,133,49,50,0,0,48.67,0.05,0,1,23.7768
5503,125,49,50,0,0,48.7,0.05,0,1,23.7791
5504,128,49,50,0,0,48.72,0.05,0,1,23.7814
5505,135,49,50,0,0,48.55,0.05,0,1,23.7753
5506,132,49,50,0,0,48.68,0.05,0,1,23.7768
5507,400,46,46,0,0,41.7,0.05,0,1,23.7584
5508,127,49,50,0,0,48.68,0.05,0,1,23.7611
5509,124,49,50,0,0,48.66,0.05,0,1,23.7645
5510,150,49,50,0,0,48.1,0.05,0,1,23.7657
5511,128,49,50,0,0,48.72,0.05,0,1,23.7678
5512,141,49,50,0,0,47.79,0.05,0,1,23.7683
5513,132,49,50,0,0,48.63,0.05,0,1,23.77
5514,128,49,50,0,0,48.57,0.05,0,1,23.7722
5515,140,49,50,0,0,48.55,0.05,0,1,23.7716
5516,133,49,50,0,0,48.47,0.05,0,1,23.771
5517,141,49,50,0,0,48.39,0.05,0,1,23.7743
5518,126,49,50,0,0,48.74,0.05,0,1,23.7769
5519,145,49,50,0,0,48.55,0.05,0,1,23.779
5520,135,49,50,0,0,48.6,0.05,0,1,23.7814
5521,110,49,50,0,0,48.85,0.05,0,1,23.7807
5522,127,49,50,0,0,48.68,0.05,0,1,23.783
5523,120,49,50,0,0,48.8,0.05,0,1,23.7844
5524,138,49,50,0,0,48.37,0.05,0,1,23.7869
5525,127,49,50,0,0,48.68,0.05,0,1,23.789
5526,125,49,50,0,0,48.65,0.05,0,1,23.7884
5527,133,49,50,0,0,48.57,0.05,0,1,23.7897
5528,119,49,50,0,0,48.76,0.05,0,1,23.7919
5529,125,49,50,0,0,48.65,0.05,0,1,23.7906
5530,139,49,50,0,0,48.51,0.05,0,1,23.792
5531,114,49,50,0,0,48.86,0.05,0,1,23.795
5532,133,49,50,0,0,48.27,0.05,0,1,23.7961
5533,121,49,50,0,0,48.74,0.05,0,1,23.798
5534,136,49,50,0,0,48.54,0.05,0,1,23.7998
5535,129,49,50,0,0,48.71,0.05,0,1,23.7933
5536,328,49,50,0,0,45.07,0.05,0,1,23.7881
5537,135,49,50,0,0,48.35,0.05,0,1,23.7819
5538,137,49,50,0,0,48.43,0.05,0,1,23.7811
5539,154,49,50,0,0,48.31,0.05,0,1,23.7829
5540,132,49,50,0,0,48.53,0.05,0,1,23.7854
5541,113,49,50,0,0,48.87,0.05,0,1,23.7879
5542,131,49,50,0,0,48.59,0.05,0,1,23.7872
5543,143,49,50,0,0,48.52,0.05,0,1,23.79
5544,400,44,44,0,0,38.8,0.05,0,1,23.7875
5545,138,49,50,0,0,48.57,0.05,0,1,23.786
5546,131,49,50,0,0,48.59,0.05,0,1,23.7884
5547,128,49,50,0,0,48.57,0.05,0,1,23.7907
5548,127,49,50,0,0,48.68,0.05,0,1,23.7926
5549,133,49,50,0,0,48.57,0.05,0,1,23.7944
5550,130,49,50,0,0,48.65,0.05,0,1,23.7933
5551,142,49,50,0,0,48.48,0.05,0,1,23.7955
5552,124,49,50,0,0,48.66,0.05,0,1,23.7979
5553,135,49,50,0,0,48.6,0.05,0,1,23.8006
5554,123,49,50,0,0,48.67,0.05,0,1,23.8021
5555,128,49,50,0,0,48.57,0.05,0,1,23.8039
5556,129,49,50,0,0,48.66,0.05,0,1,23.807
5557,192,49,50,0,0,46.88,0.05,0,1,23.8055
5558,169,49,50,0,0,48.21,0.05,0,1,23.8022
5559,116,49,50,0,0,48.79,0.05,0,1,23.7961
5560,143,49,50,0,0,48.37,0.05,0,1,23.7988
5561,122,49,50,0,0,48.73,0.05,0,1,23.798
5562,143,49,50,0,0,48.32,0.05,0,1,23.8003
5563,143,49,50,0,0,48.47,0.05,0,1,23.7934
5564,111,49,50,0,0,48.79,0.05,0,1,23.7954
5565,121,49,50,0,0,48.69,0.05,0,1,23.7975
5566,128,49,50,0,0,48.67,0.05,0,1,23.7994
5567,145,49,50,0,0,48.45,0.05,0,1,23.8005
5568,131,49,50,0,0,48.59,0.05,0,1,23.8019
5569,126,49,50,0,0,48.74,0.05,0,1,23.8045
5570,127,49,50,0,0,48.63,0.05,0,1,23.8063
5571,272,49,50,0,0,47.08,0.05,0,1,23.8059
5572,138,49,50,0,0,48.52,0.05,0,1,23.8086
5573,123,49,50,0,0,48.62,0.05,0,1,23.8109
5574,134,49,50,0,0,48.61,0.05,0,1,23.8118
5575,120,49,50,0,0,48.75,0.05,0,1,23.8137
5576,127,49,50,0,0,48.73,0.05,0,1,23.8107
5577,127,49,50,0,0,48.58,0.05,0,1,23.8134
5578,400,49,49,0,0,42.8,0.05,0,1,23.7955
5579,116,49,50,0,0,48.69,0.05,0,1,23.7945
5580,110,49,50,0,0,48.85,0.05,0,1,23.7941
5581,136,49,50,0,0,48.59,0.05,0,1,23.7932
5582,115,49,50,0,0,48.85,0.05,0,1,23.796
5583,142,49,50,0,0,48.13,0.05,0,1,23.7987
5584,114,49,50,0,0,48.76,0.05,0,1,23.801
5585,129,49,50,0,0,48.61,0.05,0,1,23.8042
5586,140,49,50,0,0,48.4,0.05,0,1,23.807
5587,400,48,48,0,0,43.5,0.05,0,1,23.8062
5588,136,49,50,0,0,48.39,0.05,0,1,23.8078
5589,146,49,50,0,0,48.49,0.05,0,1,23.8088
5590,222,49,50,0,0,47.48,0.05,0,1,23.8093
5591,400,47,47,0,0,41.55,0.05,0,1,23.7977
5592,366,49,50,0,0,40.74,0.05,0,1,23.7899
5593,113,49,50,0,0,48.82,0.05,0,1,23.7914
5594,130,49,50,0,0,48.55,0.05,0,1,23.7897
5595,132,49,50,0,0,48.68,0.05,0,1,23.7923
5596,118,49,50,0,0,48.77,0.05,0,1,23.7935
5597,118,49,50,0,0,48.82,0.05,0,1,23.7953
5598,231,49,50,0,0,47.54,0.05,0,1,23.7952
5599,132,49,50,0,0,48.48,0.05,0,1,23.798
5600,139,49,50,0,0,48.56,0.05,0,1,23.7992
5601,400,46,46,0,0,40.1,0.05,0,1,23.7855
5602,389,49,50,0,0,44.56,0.05,0,1,23.7767
5603,400,49,49,0,0,43.55,0.05,0,1,23.7624
5604,126,49,50,0,0,48.74,0.05,0,1,23.7636
5605,129,49,50,0,0,48.61,0.05,0,1,23.7563
5606,210,49,50,0,0,44.45,0.05,0,1,23.745
5607,124,49,50,0,0,48.71,0.05,0,1,23.7473
5608,131,49,50,0,0,48.59,0.05,0,1,23.7465
5609,138,49,50,0,0,48.47,0.05,0,1,23.7452
5610,127,49,50,0,0,48.58,0.05,0,1,23.7487
5611,126,49,50,0,0,48.59,0.05,0,1,23.7512
5612,139,49,50,0,0,48.01,0.05,0,1,23.7526
5613,136,49,50,0,0,48.49,0.05,0,1,23.7551
5614,151,49,50,0,0,48.39,0.05,0,1,23.7572
5615,145,49,50,0,0,48.05,0.05,0,1,23.7558
5616,116,49,50,0,0,48.84,0.05,0,1,23.7583
5617,133,49,50,0,0,48.57,0.05,0,1,23.7602
5618,144,49,50,0,0,48.41,0.05,0,1,23.7632
5619,153,49,50,0,0,48.42,0.05,0,1,23.7649
5620,141,49,50,0,0,48.49,0.05,0,1,23.7669
5621,135,49,50,0,0,48.5,0.05,0,1,23.7693
5622,130,49,50,0,0,48.7,0.05,0,1,23.7711
5623,129,49,50,0,0,48.61,0.05,0,1,23.7729
5624,116,49,50,0,0,48.69,0.05,0,1,23.7745
5625,123,49,50,0,0,48.77,0.05,0,1,23.7732
5626,142,49,50,0,0,48.48,0.05,0,1,23.7761
5627,121,49,50,0,0,48.54,0.05,0,1,23.7794
5628,118,49,50,0,0,48.77,0.05,0,1,23.7774
5629,124,49,50,0,0,48.71,0.05,0,1,23.779
5630,131,49,50,0,0,48.59,0.05,0,1,23.7737
5631,132,49,50,0,0,48.53,0.05,0,1,23.7726
5632,137,49,50,0,0,48.53,0.05,0,1,23.7664
5633,137,49,50,0,0,48.48,0.05,0,1,23.7707
5634,127,49,50,0,0,48.63,0.05,0,1,23.7704
5635,123,49,50,0,0,48.67,0.05,0,1,23.7706
5636,124,49,50,0,0,48.71,0.05,0,1,23.7726
5637,133,49,50,0,0,48.57,0.05,0,1,23.7729
5638,121,49,50,0,0,48.69,0.05,0,1,23.7671
5639,222,49,50,0,0,44.28,0.05,0,1,23.7656
5640,125,49,50,0,0,48.6,0.05,0,1,23.7687
5641,129,49,50,0,0,48.66,0.05,0,1,23.7723
5642,152,49,50,0,0,48.43,0.05,0,1,23.7659
5643,127,49,50,0,0,48.68,0.05,0,1,23.7696
5644,123,49,50,0,0,48.62,0.05,0,1,23.7722
5645,117,49,50,0,0,48.78,0.05,0,1,23.7756
5646,114,49,50,0,0,48.81,0.05,0,1,23.7789
5647,133,49,50,0,0,48.62,0.05,0,1,23.7811
5648,116,49,50,0,0,48.69,0.05,0,1,23.7829
5649,134,49,50,0,0,48.61,0.05,0,1,23.7851
5650,148,49,50,0,0,48.37,0.05,0,1,23.7868
5651,141,49,50,0,0,48.59,0.05,0,1,23.7796
5652,115,49,50,0,0,48.85,0.05,0,1,23.773
5653,400,49,49,0,0,44.5,0.05,0,1,23.7746
5654,312,49,50,0,0,46.63,0.05,0,1,23.7739
5655,124,49,50,0,0,48.61,0.05,0,1,23.7674
5656,124,49,50,0,0,48.66,0.05,0,1,23.7702
5657,145,49,50,0,0,48.45,0.05,0,1,23.7716
5658,139,49,50,0,0,48.56,0.05,0,1,23.7733
5659,117,49,50,0,0,48.68,0.05,0,1,23.776
5660,207,49,50,0,0,47.78,0.05,0,1,23.7772
5661,128,49,50,0,0,48.57,0.05,0,1,23.7794
5662,139,49,50,0,0,48.61,0.05,0,1,23.7723
5663,134,49,50,0,0,48.56,0.05,0,1,23.7765
5664,127,49,50,0,0,48.63,0.05,0,1,23.7762
5665,266,49,50,0,0,47.19,0.05,0,1,23.7763
5666,142,49,50,0,0,48.33,0.05,0,1,23.7791
5667,125,49,50,0,0,48.65,0.05,0,1,23.7822
5668,134,49,50,0,0,48.61,0.05,0,1,23.7831
5669,137,49,50,0,0,48.58,0.05,0,1,23.7849
5670,124,49,50,0,0,48.76,0.05,0,1,23.7865
5671,123,49,50,0,0,48.77,0.05,0,1,23.7891
5672,147,49,50,0,0,48.53,0.05,0,1,23.7899
5673,117,49,50,0,0,48.73,0.05,0,1,23.7922
5674,112,49,50,0,0,48.73,0.05,0,1,23.7911
5675,141,49,50,0,0,48.49,0.05,0,1,23.7856
5676,123,49,50,0,0,48.67,0.05,0,1,23.7886
5677,120,49,50,0,0,48.75,0.05,0,1,23.7891
5678,131,49,50,0,0,48.69,0.05,0,1,23.7883
5679,142,49,50,0,0,48.48,0.05,0,1,23.7914
5680,137,49,50,0,0,48.63,0.05,0,1,23.7911
5681,136,49,50,0,0,48.49,0.05,0,1,23.7914
5682,211,49,50,0,0,46.34,0.05,0,1,23.7921
5683,132,49,50,0,0,48.58,0.05,0,1,23.7946
5684,130,49,50,0,0,48.65,0.05,0,1,23.7888
5685,127,49,50,0,0,48.63,0.05,0,1,23.7891
5686,125,49,50,0,0,48.75,0.05,0,1,23.7922
5687,132,49,50,0,0,48.63,0.05,0,1,23.7919
5688,124,49,50,0,0,48.76,0.05,0,1,23.7955
5689,128,49,50,0,0,48.52,0.05,0,1,23.7991
5690,148,49,50,0,0,48.27,0.05,0,1,23.8022
5691,140,49,50,0,0,48.4,0.05,0,1,23.8056
5692,124,49,50,0,0,48.71,0.05,0,1,23.805
5693,136,49,50,0,0,48.54,0.05,0,1,23.8084
5694,132,49,50,0,0,48.53,0.05,0,1,23.8107
5695,126,49,50,0,0,48.74,0.05,0,1,23.813
5696,121,49,50,0,0,48.79,0.05,0,1,23.812
5697,122,49,50,0,0,48.73,0.05,0,1,23.814
5698,132,49,50,0,0,48.68,0.05,0,1,23.8161
5699,118,49,50,0,0,48.72,0.05,0,1,23.818
5700,132,49,50,0,0,48.63,0.05,0,1,23.8194
5701,128,49,50,0,0,48.62,0.05,0,1,23.8215
5702,132,49,50,0,0,48.63,0.05,0,1,23.8238
5703,148,49,50,0,0,48.32,0.05,0,1,23.8264
5704,289,49,50,0,0,46.31,0.05,0,1,23.8142
5705,150,49,50,0,0,48.45,0.05,0,1,23.8153
5706,139,49,50,0,0,48.41,0.05,0,1,23.8098
5707,123,49,50,0,0,48.72,0.05,0,1,23.812
5708,149,49,50,0,0,48.41,0.05,0,1,23.8134
5709,230,49,50,0,0,47.5,0.05,0,1,23.8141
5710,132,49,50,0,0,48.58,0.05,0,1,23.817
5711,127,49,50,0,0,48.68,0.05,0,1,23.8183
5712,320,49,50,0,0,46.1,0.05,0,1,23.8157
5713,326,49,50,0,0,45.04,0.05,0,1,23.8106
5714,172,49,50,0,0,47.53,0.05,0,1,23.8022
5715,129,49,50,0,0,48.66,0.05,0,1,23.8049
5716,136,49,50,0,0,48.59,0.05,0,1,23.8031
5717,132,49,50,0,0,48.68,0.05,0,1,23.8052
5718,128,49,50,0,0,48.67,0.05,0,1,23.8041
5719,114,49,50,0,0,48.76,0.05,0,1,23.8069
5720,131,49,50,0,0,48.69,0.05,0,1,23.8016
5721,144,49,50,0,0,47.96,0.05,0,1,23.8034
5722,128,49,50,0,0,48.72,0.05,0,1,23.8056
5723,135,49,50,0,0,48.55,0.05,0,1,23.8079
5724,131,49,50,0,0,48.59,0.05,0,1,23.8102
5725,113,49,50,0,0,48.77,0.05,0,1,23.8108
5726,131,49,50,0,0,48.59,0.05,0,1,23.8106
5727,117,49,50,0,0,48.83,0.05,0,1,23.8108
5728,127,49,50,0,0,48.53,0.05,0,1,23.8137
5729,137,49,50,0,0,48.63,0.05,0,1,23.8138
5730,135,49,50,0,0,48.55,0.05,0,1,23.8165
5731,114,49,50,0,0,48.81,0.05,0,1,23.8159
5732,131,49,50,0,0,48.69,0.05,0,1,23.815
5733,126,49,50,0,0,48.59,0.05,0,1,23.818
5734,137,49,50,0,0,48.53,0.05,0,1,23.8179
5735,120,49,50,0,0,48.8,0.05,0,1,23.821
5736,128,49,50,0,0,48.62,0.05,0,1,23.8238
5737,133,49,50,0,0,48.57,0.05,0,1,23.8185
5738,301,49,50,0,0,46.89,0.05,0,1,23.8188
5739,123,49,50,0,0,48.72,0.05,0,1,23.8216
5740,148,49,50,0,0,48.37,0.05,0,1,23.8217
5741,122,49,50,0,0,48.78,0.05,0,1,23.8238
5742,124,49,50,0,0,48.76,0.05,0,1,23.8272
5743,129,49,50,0,0,48.71,0.05,0,1,23.8283
5744,399,49,50,0,0,45.31,0.05,0,1,23.8254
5745,115,49,50,0,0,48.75,0.05,0,1,23.8278
5746,138,49,50,0,0,48.47,0.05,0,1,23.8213
5747,186,49,50,0,0,46.79,0.05,0,1,23.8202
5748,129,49,50,0,0,48.66,0.05,0,1,23.8228
5749,131,49,50,0,0,48.64,0.05,0,1,23.8254
5750,123,49,50,0,0,48.77,0.05,0,1,23.8203
5751,130,49,50,0,0,48.7,0.05,0,1,23.8231
5752,136,49,50,0,0,48.54,0.05,0,1,23.8254
5753,127,49,50,0,0,48.68,0.05,0,1,23.8279
5754,124,49,50,0,0,48.61,0.05,0,1,23.8263
5755,400,44,45,0,0,40.75,0.05,0,1,23.8173
5756,130,49,50,0,0,48.5,0.05,0,1,23.8192
5757,142,49,50,0,0,48.53,0.05,0,1,23.8183
5758,120,49,50,0,0,48.8,0.05,0,1,23.821
5759,400,46,46,0,0,40.7,0.05,0,1,23.8111
5760,133,49,50,0,0,48.52,0.05,0,1,23.8134
5761,126,49,50,0,0,48.69,0.05,0,1,23.8124
5762,164,49,50,0,0,48.31,0.05,0,1,23.8124
5763,199,49,50,0,0,44.86,0.05,0,1,23.8106
5764,113,49,50,0,0,48.77,0.05,0,1,23.8141
5765,127,49,50,0,0,48.63,0.05,0,1,23.8163
5766,130,49,50,0,0,48.65,0.05,0,1,23.8178
5767,127,49,50,0,0,48.73,0.05,0,1,23.8166
5768,125,49,50,0,0,48.75,0.05,0,1,23.816
5769,124,49,50,0,0,48.61,0.05,0,1,23.8195
5770,182,49,50,0,0,48.08,0.05,0,1,23.8216
5771,117,49,50,0,0,48.73,0.05,0,1,23.8241
5772,135,49,50,0,0,48.65,0.05,0,1,23.8235
5773,121,49,50,0,0,48.74,0.05,0,1,23.8259
5774,325,49,50,0,0,45.95,0.05,0,1,23.819
5775,142,49,50,0,0,48.43,0.05,0,1,23.813
5776,133,49,50,0,0,48.47,0.05,0,1,23.8164
5777,130,49,50,0,0,48.65,0.05,0,1,23.8153
5778,400,48,48,0,0,41.15,0.05,0,1,23.8011
5779,305,49,50,0,0,46.7,0.05,0,1,23.8006
5780,121,49,50,0,0,48.54,0.05,0,1,23.8035
5781,124,49,50,0,0,48.71,0.05,0,1,23.8014
5782,126,49,50,0,0,48.69,0.05,0,1,23.7959
5783,168,49,50,0,0,48.07,0.05,0,1,23.796
5784,142,49,50,0,0,48.48,0.05,0,1,23.7993
5785,133,49,50,0,0,48.67,0.05,0,1,23.7931
5786,143,49,50,0,0,48.27,0.05,0,1,23.7927
5787,138,49,50,0,0,48.52,0.05,0,1,23.7961
5788,157,49,50,0,0,48.33,0.05,0,1,23.7959
5789,128,49,50,0,0,48.67,0.05,0,1,23.7982
5790,122,49,50,0,0,48.68,0.05,0,1,23.8017
5791,142,49,50,0,0,48.53,0.05,0,1,23.8013
5792,129,49,50,0,0,48.71,0.05,0,1,23.8011
5793,152,49,50,0,0,47.43,0.05,0,1,23.8013
5794,137,49,50,0,0,48.53,0.05,0,1,23.7961
5795,135,49,50,0,0,48.55,0.05,0,1,23.7972
5796,319,49,50,0,0,45.16,0.05,0,1,23.7952
5797,189,49,50,0,0,47.81,0.05,0,1,23.7896
5798,176,49,50,0,0,47.99,0.05,0,1,23.792
5799,113,49,50,0,0,48.77,0.05,0,1,23.7927
5800,128,49,50,0,0,48.72,0.05,0,1,23.7966
5801,124,49,50,0,0,48.61,0.05,0,1,23.7993
5802,132,49,50,0,0,48.63,0.05,0,1,23.7937
5803,147,49,50,0,0,48.33,0.05,0,1,23.7979
5804,157,49,50,0,0,48.38,0.05,0,1,23.8009
5805,117,49,50,0,0,48.63,0.05,0,1,23.8014
5806,136,49,50,0,0,48.54,0.05,0,1,23.8045
5807,243,49,50,0,0,47.37,0.05,0,1,23.8032
5808,118,49,50,0,0,48.77,0.05,0,1,23.7971
5809,132,49,50,0,0,48.63,0.05,0,1,23.7995
5810,113,49,50,0,0,48.77,0.05,0,1,23.7997
5811,128,49,50,0,0,48.67,0.05,0,1,23.7947
5812,125,49,50,0,0,48.75,0.05,0,1,23.7975
5813,125,49,50,0,0,48.7,0.05,0,1,23.8009
5814,137,49,50,0,0,48.48,0.05,0,1,23.8046
5815,128,49,50,0,0,48.57,0.05,0,1,23.8036
5816,125,49,50,0,0,48.75,0.05,0,1,23.8034
5817,131,49,50,0,0,48.64,0.05,0,1,23.8069
5818,142,49,50,0,0,48.53,0.05,0,1,23.8103
5819,144,49,50,0,0,48.46,0.05,0,1,23.8137
5820,182,49,50,0,0,48.03,0.05,0,1,23.8131
5821,129,49,50,0,0,48.71,0.05,0,1,23.8159
5822,129,49,50,0,0,48.71,0.05,0,1,23.8159
5823,124,49,50,0,0,48.66,0.05,0,1,23.8185
5824,116,49,50,0,0,48.79,0.05,0,1,23.8217
5825,132,49,50,0,0,48.58,0.05,0,1,23.8237
5826,123,49,50,0,0,48.77,0.05,0,1,23.8228
5827,116,49,50,0,0,48.84,0.05,0,1,23.8258
5828,127,49,50,0,0,48.63,0.05,0,1,23.8257
5829,113,49,50,0,0,48.87,0.05,0,1,23.8288
5830,139,49,50,0,0,48.56,0.05,0,1,23.8312
5831,141,49,50,0,0,48.49,0.05,0,1,23.8336
5832,120,49,50,0,0,48.75,0.05,0,1,23.8336
5833,134,49,50,0,0,48.61,0.05,0,1,23.8357
5834,137,49,50,0,0,48.53,0.05,0,1,23.8377
5835,137,49,50,0,0,48.53,0.05,0,1,23.8399
5836,118,49,50,0,0,48.82,0.05,0,1,23.8425
5837,400,47,47,0,0,40.0,0.05,0,1,23.8351
5838,133,49,50,0,0,48.57,0.05,0,1,23.8369
5839,139,49,50,0,0,48.51,0.05,0,1,23.8386
5840,130,49,50,0,0,48.7,0.05,0,1,23.8403
5841,123,49,50,0,0,48.62,0.05,0,1,23.8426
5842,146,49,50,0,0,48.49,0.05,0,1,23.8433
5843,130,49,50,0,0,48.6,0.05,0,1,23.8453
5844,134,49,50,0,0,48.61,0.05,0,1,23.8438
5845,334,49,50,0,0,46.31,0.05,0,1,23.8415
5846,400,49,49,0,0,44.75,0.05,0,1,23.8296
5847,400,48,48,0,0,40.8,0.05,0,1,23.8108
5848,330,49,50,0,0,45.45,0.05,0,1,23.8081
5849,362,49,50,0,0,46.13,0.05,0,1,23.8056
5850,118,49,50,0,0,48.77,0.05,0,1,23.8047
5851,400,47,47,0,0,40.05,0.05,0,1,23.7937
5852,122,49,50,0,0,48.78,0.05,0,1,23.7956
5853,118,49,50,0,0,48.77,0.05,0,1,23.7948
5854,129,49,50,0,0,48.66,0.05,0,1,23.7975
5855,130,49,50,0,0,48.65,0.05,0,1,23.7963
5856,146,49,50,0,0,48.44,0.05,0,1,23.7983
5857,139,49,50,0,0,48.31,0.05,0,1,23.8002
5858,137,49,50,0,0,48.53,0.05,0,1,23.7939
5859,118,49,50,0,0,48.77,0.05,0,1,23.7886
5860,143,49,50,0,0,48.47,0.05,0,1,23.7883
5861,123,49,50,0,0,48.72,0.05,0,1,23.7912
5862,129,49,50,0,0,48.46,0.05,0,1,23.7942
5863,121,49,50,0,0,48.74,0.05,0,1,23.7972
5864,124,49,50,0,0,48.61,0.05,0,1,23.7921
5865,133,49,50,0,0,48.62,0.05,0,1,23.7949
5866,119,49,50,0,0,48.71,0.05,0,1,23.7973
5867,135,49,50,0,0,48.45,0.05,0,1,23.797
5868,145,49,50,0,0,48.45,0.05,0,1,23.797
5869,132,49,50,0,0,48.63,0.05,0,1,23.7973
5870,132,49,50,0,0,48.63,0.05,0,1,23.7974
5871,129,49,50,0,0,48.71,0.05,0,1,23.8003
5872,126,49,50,0,0,48.74,0.05,0,1,23.8031
5873,124,49,50,0,0,48.76,0.05,0,1,23.8057
5874,139,49,50,0,0,48.41,0.05,0,1,23.8086
5875,131,49,50,0,0,48.59,0.05,0,1,23.8117
5876,139,49,50,0,0,48.51,0.05,0,1,23.8144
5877,131,49,50,0,0,48.59,0.05,0,1,23.8171
5878,126,49,50,0,0,48.69,0.05,0,1,23.8159
5879,135,49,50,0,0,48.55,0.05,0,1,23.8166
5880,125,49,50,0,0,48.75,0.05,0,1,23.8168
5881,131,49,50,0,0,48.59,0.05,0,1,23.8176
5882,147,49,50,0,0,48.48,0.05,0,1,23.8211
5883,118,49,50,0,0,48.77,0.05,0,1,23.8206
5884,400,44,44,0,0,35.95,0.05,0,1,23.8035
5885,126,49,50,0,0,48.59,0.05,0,1,23.8039
5886,123,49,50,0,0,48.72,0.05,0,1,23.8066
5887,138,49,50,0,0,48.52,0.05,0,1,23.8097
5888,221,49,50,0,0,47.44,0.05,0,1,23.8103
5889,139,49,50,0,0,48.51,0.05,0,1,23.805
5890,134,49,50,0,0,48.31,0.05,0,1,23.8072
5891,145,49,50,0,0,48.4,0.05,0,1,23.8103
5892,139,49,50,0,0,48.51,0.05,0,1,23.8038
5893,128,49,50,0,0,48.62,0.05,0,1,23.8068
5894,135,49,50,0,0,48.5,0.05,0,1,23.8098
5895,164,49,50,0,0,46.91,0.05,0,1,23.8097
5896,131,49,50,0,0,48.69,0.05,0,1,23.812
5897,128,49,50,0,0,48.67,0.05,0,1,23.8133
5898,150,49,50,0,0,47.9,0.05,0,1,23.8142
5899,129,49,50,0,0,48.71,0.05,0,1,23.8126
5900,133,49,50,0,0,48.62,0.05,0,1,23.8149
5901,131,49,50,0,0,48.59,0.05,0,1,23.817
5902,128,49,50,0,0,48.52,0.05,0,1,23.8199
5903,126,49,50,0,0,48.64,0.05,0,1,23.8224
5904,119,49,50,0,0,48.81,0.05,0,1,23.821
5905,132,49,50,0,0,48.68,0.05,0,1,23.8237
5906,283,49,50,0,0,46.37,0.05,0,1,23.8204
5907,400,46,46,0,0,41.75,0.05,0,1,23.8142
5908,124,49,50,0,0,48.56,0.05,0,1,23.8175
5909,134,49,50,0,0,48.56,0.05,0,1,23.8192
5910,126,49,50,0,0,48.69,0.05,0,1,23.8216
5911,135,49,50,0,0,48.55,0.05,0,1,23.8234
5912,132,49,50,0,0,48.63,0.05,0,1,23.8161
5913,125,49,50,0,0,48.75,0.05,0,1,23.8181
5914,124,49,50,0,0,48.71,0.05,0,1,23.8198
5915,134,49,50,0,0,48.61,0.05,0,1,23.8215
5916,141,49,50,0,0,48.49,0.05,0,1,23.8204
5917,118,49,50,0,0,48.77,0.05,0,1,23.8187
5918,168,49,50,0,0,46.27,0.05,0,1,23.8187
5919,120,49,50,0,0,48.75,0.05,0,1,23.8174
5920,118,49,50,0,0,48.62,0.05,0,1,23.8204
5921,139,49,50,0,0,48.41,0.05,0,1,23.8156
5922,138,49,50,0,0,48.42,0.05,0,1,23.8182
5923,125,49,50,0,0,48.65,0.05,0,1,23.8127
5924,145,49,50,0,0,48.45,0.05,0,1,23.8154
5925,118,49,50,0,0,48.82,0.05,0,1,23.8189
5926,123,49,50,0,0,48.72,0.05,0,1,23.8214
5927,152,49,50,0,0,47.43,0.05,0,1,23.8227
5928,121,49,50,0,0,48.69,0.05,0,1,23.8218
5929,149,49,50,0,0,48.46,0.05,0,1,23.8246
5930,130,49,50,0,0,48.55,0.05,0,1,23.8274
5931,114,49,50,0,0,48.81,0.05,0,1,23.8217
5932,128,49,50,0,0,48.67,0.05,0,1,23.8237
5933,132,49,50,0,0,48.53,0.05,0,1,23.8235
5934,146,49,50,0,0,48.19,0.05,0,1,23.8226
5935,136,49,50,0,0,48.59,0.05,0,1,23.8246
5936,125,49,50,0,0,48.65,0.05,0,1,23.8267
5937,120,49,50,0,0,48.8,0.05,0,1,23.8286
5938,119,49,50,0,0,48.76,0.05,0,1,23.8311
5939,122,49,50,0,0,48.63,0.05,0,1,23.8308
5940,161,49,50,0,0,47.64,0.05,0,1,23.832
5941,132,49,50,0,0,48.63,0.05,0,1,23.8254
5942,122,49,50,0,0,48.73,0.05,0,1,23.8211
5943,125,49,50,0,0,48.7,0.05,0,1,23.824
5944,145,49,50,0,0,48.4,0.05,0,1,23.8281
5945,126,49,50,0,0,48.59,0.05,0,1,23.8273
5946,123,49,50,0,0,48.72,0.05,0,1,23.8302
5947,120,49,50,0,0,48.8,0.05,0,1,23.834
5948,138,49,50,0,0,48.42,0.05,0,1,23.8374
5949,139,49,50,0,0,48.41,0.05,0,1,23.8366
5950,144,49,50,0,0,48.51,0.05,0,1,23.8394
5951,133,49,50,0,0,48.62,0.05,0,1,23.8417
5952,124,49,50,0,0,48.76,0.05,0,1,23.844
5953,134,49,50,0,0,48.61,0.05,0,1,23.8464
5954,117,49,50,0,0,48.83,0.05,0,1,23.8459
5955,125,49,50,0,0,48.7,0.05,0,1,23.8482
5956,131,49,50,0,0,48.59,0.05,0,1,23.8503
5957,155,49,50,0,0,48.25,0.05,0,1,23.8494
5958,119,49,50,0,0,48.76,0.05,0,1,23.8518
5959,130,49,50,0,0,48.65,0.05,0,1,23.8541
5960,129,49,50,0,0,48.61,0.05,0,1,23.848
5961,133,49,50,0,0,48.62,0.05,0,1,23.8504
5962,140,49,50,0,0,48.45,0.05,0,1,23.8516
5963,140,49,50,0,0,48.45,0.05,0,1,23.8503
5964,150,49,50,0,0,48.35,0.05,0,1,23.8516
5965,121,49,50,0,0,48.64,0.05,0,1,23.8549
5966,122,49,50,0,0,48.73,0.05,0,1,23.8572
5967,141,49,50,0,0,48.34,0.05,0,1,23.8593
5968,128,49,50,0,0,48.67,0.05,0,1,23.861
5969,175,49,50,0,0,47.65,0.05,0,1,23.8613
5970,121,49,50,0,0,48.79,0.05,0,1,23.8604
5971,145,49,50,0,0,48.45,0.05,0,1,23.8591
5972,139,49,50,0,0,48.51,0.05,0,1,23.8593
5973,127,49,50,0,0,48.68,0.05,0,1,23.8618
5974,114,49,50,0,0,48.81,0.05,0,1,23.8647
5975,121,49,50,0,0,48.79,0.05,0,1,23.8644
5976,126,49,50,0,0,48.74,0.05,0,1,23.8673
5977,153,49,50,0,0,48.37,0.05,0,1,23.8693
5978,143,49,50,0,0,48.57,0.05,0,1,23.8681
5979,134,49,50,0,0,48.41,0.05,0,1,23.8705
5980,133,49,50,0,0,48.67,0.05,0,1,23.872
5981,137,49,50,0,0,48.58,0.05,0,1,23.875
5982,130,49,50,0,0,48.6,0.05,0,1,23.8776
5983,145,49,50,0,0,48.3,0.05,0,1,23.88
5984,136,49,50,0,0,48.49,0.05,0,1,23.8744
5985,125,49,50,0,0,48.7,0.05,0,1,23.8767
5986,123,49,50,0,0,48.72,0.05,0,1,23.8794
5987,130,49,50,0,0,48.65,0.05,0,1,23.8783
5988,123,49,50,0,0,48.67,0.05,0,1,23.8781
5989,122,49,50,0,0,48.63,0.05,0,1,23.8779
5990,141,49,50,0,0,48.49,0.05,0,1,23.8801
5991,132,49,50,0,0,48.53,0.05,0,1,23.8829
5992,400,47,47,0,0,42.85,0.05,0,1,23.8778
5993,124,49,50,0,0,48.71,0.05,0,1,23.8793
5994,127,49,50,0,0,48.53,0.05,0,1,23.8794
5995,128,49,50,0,0,48.72,0.05,0,1,23.8814
5996,135,49,50,0,0,48.55,0.05,0,1,23.8835
5997,121,49,50,0,0,48.79,0.05,0,1,23.8777
5998,131,49,50,0,0,48.69,0.05,0,1,23.8793
5999,136,49,50,0,0,48.39,0.05,0,1,23.8819
6000,117,49,50,0,0,48.73,0.05,0,1,23.8807
