episode,steps,score,coins,crates,bombs,reward,epsilon,killed_self,survived,states_visited
1,20,0,0,7,3,-5.75,0.2998,1,0,176
2,18,0,0,5,2,-5.13,0.2997,1,0,176
3,31,0,0,16,4,-2.71,0.2995,1,0,176
4,22,0,0,12,3,-3.67,0.2993,1,0,176
5,38,1,1,17,5,-2.33,0.2992,1,0,176
6,6,0,0,1,1,-4.81,0.299,1,0,176
7,23,0,0,7,3,-6.43,0.2988,1,0,176
8,7,0,0,3,1,-5.07,0.2987,1,0,176
9,21,1,1,9,3,-3.11,0.2985,1,0,176
10,10,0,0,2,1,-5.65,0.2983,1,0,176
11,35,0,0,15,5,-5.0,0.2982,1,0,176
12,82,3,3,28,10,-2.97,0.298,1,0,176
13,32,0,0,12,4,-4.37,0.2978,1,0,176
14,25,0,0,10,3,-5.65,0.2977,1,0,176
15,7,0,0,1,1,-5.87,0.2975,1,0,176
16,48,1,1,20,6,-4.83,0.2973,1,0,176
17,42,0,0,19,6,-1.92,0.2972,1,0,176
18,14,0,0,6,2,-4.99,0.297,1,0,176
19,31,1,1,12,4,-3.31,0.2968,1,0,176
20,15,0,0,7,2,-5.2,0.2967,1,0,176
21,32,0,0,10,4,-6.17,0.2965,1,0,176
22,7,0,0,3,1,-4.12,0.2963,1,0,176
23,15,0,0,5,2,-5.6,0.2962,1,0,176
24,20,1,1,10,3,-4.1,0.296,1,0,176
25,22,0,0,10,3,-4.82,0.2958,1,0,176
26,25,0,0,8,3,-6.0,0.2957,1,0,176
27,37,1,1,11,5,-5.57,0.2955,1,0,176
28,7,0,0,2,1,-4.27,0.2953,1,0,176
29,7,0,0,4,1,-5.02,0.2952,1,0,176
30,21,0,0,11,3,-4.86,0.295,1,0,176
31,64,0,0,20,7,-6.54,0.2948,1,0,176
32,47,0,0,17,6,-5.07,0.2947,1,0,176
33,5,0,0,3,1,-4.3,0.2945,1,0,176
34,21,0,0,8,3,-6.41,0.2943,1,0,176
35,29,0,0,13,4,-3.94,0.2942,1,0,176
36,22,1,1,12,3,-2.12,0.294,1,0,176
37,28,1,1,10,4,-5.88,0.2938,1,0,176
38,28,0,0,12,4,-6.33,0.2937,1,0,176
39,28,0,0,15,4,-4.83,0.2935,1,0,176
40,58,2,2,21,8,-4.63,0.2933,1,0,176
41,18,0,0,8,2,-5.88,0.2932,1,0,176
42,41,0,0,15,6,-4.06,0.293,1,0,176
43,15,0,0,9,2,-4.5,0.2928,1,0,176
44,20,0,0,10,3,-7.0,0.2927,1,0,176
45,32,0,0,14,4,-5.32,0.2925,1,0,176
46,7,0,0,5,1,-4.07,0.2923,1,0,176
47,6,0,0,2,1,-5.51,0.2922,1,0,176
48,15,0,0,5,2,-7.65,0.292,1,0,176
49,50,2,2,24,7,0.6,0.2918,1,0,176
50,23,1,1,10,3,-3.83,0.2917,1,0,176
51,15,0,0,6,2,-5.05,0.2915,1,0,176
52,14,0,0,9,2,-5.49,0.2913,1,0,176
53,9,0,0,2,1,-5.49,0.2912,1,0,176
54,6,0,0,3,1,-4.76,0.291,1,0,176
55,5,0,0,3,1,-4.3,0.2908,1,0,176
56,7,0,0,3,1,-5.72,0.2907,1,0,176
57,40,0,0,18,5,-4.7,0.2905,1,0,176
58,5,0,0,1,1,-5.85,0.2903,1,0,176
59,43,0,0,17,6,-4.18,0.2902,1,0,176
60,7,0,0,5,1,-4.57,0.29,1,0,176
61,23,0,0,8,3,-5.38,0.2898,1,0,176
62,45,0,0,18,5,-2.3,0.2897,0,0,177
63,31,1,1,12,4,-3.81,0.2895,1,0,177
64,82,1,1,32,10,-0.22,0.2893,1,0,178
65,7,0,0,3,1,-5.22,0.2892,1,0,178
66,14,0,0,6,2,-5.99,0.289,1,0,178
67,18,0,0,7,2,-6.48,0.2888,1,0,178
68,31,0,0,11,4,-7.21,0.2887,1,0,178
69,29,0,0,12,4,-3.29,0.2885,1,0,178
70,21,0,0,9,3,-5.71,0.2883,1,0,178
71,22,0,0,8,3,-6.32,0.2882,1,0,178
72,57,0,0,25,7,-3.22,0.288,1,0,179
73,36,0,0,12,5,-7.41,0.2878,1,0,179
74,6,0,0,3,1,-5.21,0.2877,1,0,179
75,49,1,1,12,6,-5.14,0.2875,1,0,179
76,10,0,0,2,1,-6.55,0.2873,1,0,179
77,21,0,0,6,3,-6.61,0.2872,1,0,179
78,113,1,1,38,13,-3.08,0.287,1,0,180
79,18,0,0,4,2,-8.08,0.2868,1,0,180
80,20,0,0,8,3,-5.4,0.2867,1,0,180
81,41,1,1,16,5,-2.36,0.2865,1,0,180
82,21,0,0,10,3,-4.81,0.2863,1,0,180
83,7,0,0,3,1,-4.72,0.2862,1,0,180
84,37,1,1,14,5,-3.72,0.286,1,0,180
85,22,0,0,4,3,-6.72,0.2858,1,0,180
86,14,0,0,4,2,-6.04,0.2857,1,0,180
87,24,1,1,6,3,-5.69,0.2855,1,0,180
88,7,0,0,3,1,-4.72,0.2853,1,0,180
89,6,0,0,2,1,-5.51,0.2852,1,0,180
90,6,0,0,2,1,-5.06,0.285,1,0,180
91,23,0,0,11,3,-3.08,0.2848,1,0,180
92,31,0,0,14,4,-4.86,0.2847,1,0,180
93,7,0,0,3,1,-5.27,0.2845,1,0,180
94,8,0,0,4,1,-4.73,0.2843,1,0,180
95,40,0,0,20,5,-2.9,0.2842,1,0,180
96,39,0,0,19,5,-2.39,0.284,1,0,180
97,6,0,0,3,1,-5.21,0.2838,1,0,180
98,7,0,0,3,1,-4.72,0.2837,1,0,180
99,24,0,0,13,3,-2.44,0.2835,1,0,180
100,6,0,0,3,1,-4.76,0.2833,1,0,180
101,51,0,0,19,6,-6.06,0.2832,1,0,180
102,20,0,0,10,3,-4.7,0.283,1,0,180
103,8,0,0,3,1,-5.23,0.2828,1,0,180
104,28,0,0,13,4,-4.08,0.2827,1,0,180
105,15,0,0,6,2,-5.05,0.2825,1,0,180
106,23,0,0,9,3,-5.13,0.2823,1,0,180
107,20,0,0,11,3,-4.95,0.2822,1,0,180
108,54,0,0,23,7,-3.54,0.282,1,0,180
109,59,2,2,29,8,0.36,0.2818,1,0,180
110,30,0,0,12,4,-4.95,0.2817,1,0,180
111,7,0,0,6,1,-4.32,0.2815,1,0,180
112,6,0,0,3,1,-4.21,0.2813,1,0,180
113,41,0,0,19,5,-3.41,0.2812,1,0,180
114,20,0,0,6,3,-7.0,0.281,1,0,180
115,29,0,0,12,3,-3.44,0.2808,1,0,180
116,48,0,0,19,6,-5.13,0.2807,1,0,180
117,23,0,0,8,3,-5.98,0.2805,1,0,180
118,38,0,0,17,5,-4.98,0.2803,1,0,180
119,23,0,0,9,3,-5.18,0.2802,1,0,180
120,13,0,0,9,2,-4.38,0.28,1,0,180
121,44,1,1,18,6,-2.34,0.2798,1,0,180
122,29,0,0,13,4,-5.54,0.2797,1,0,180
123,6,0,0,3,1,-5.21,0.2795,1,0,180
124,87,3,3,31,10,-2.02,0.2793,1,0,180
125,60,0,0,20,7,-3.4,0.2792,1,0,180
126,14,0,0,5,2,-7.09,0.279,1,0,180
127,79,2,2,26,9,-3.69,0.2788,1,0,182
128,22,0,0,9,3,-4.82,0.2787,1,0,182
129,21,0,0,8,3,-6.26,0.2785,1,0,182
130,13,0,0,9,2,-4.38,0.2783,1,0,182
131,6,0,0,2,1,-5.51,0.2782,1,0,182
132,39,0,0,8,5,-8.74,0.278,1,0,182
133,78,3,3,31,9,0.47,0.2778,1,0,187
134,5,0,0,3,1,-4.7,0.2777,1,0,187
135,27,0,0,12,4,-4.97,0.2775,1,0,187
136,7,0,0,4,1,-4.87,0.2773,1,0,187
137,10,0,0,4,1,-4.5,0.2772,1,0,187
138,24,0,0,8,3,-5.09,0.277,1,0,187
139,12,0,0,9,2,-3.97,0.2768,1,0,187
140,73,1,1,22,9,-4.23,0.2767,1,0,187
141,18,0,0,6,2,-5.83,0.2765,1,0,187
142,14,0,0,4,2,-4.54,0.2763,1,0,187
143,48,0,0,18,6,-5.38,0.2762,1,0,187
144,38,0,0,18,5,-2.63,0.276,1,0,187
145,10,0,0,3,1,-5.7,0.2758,1,0,187
146,29,0,0,13,4,-3.94,0.2757,1,0,187
147,9,0,0,3,1,-4.64,0.2755,1,0,187
148,6,0,0,4,1,-5.41,0.2753,1,0,187
149,45,1,1,13,6,-6.7,0.2752,1,0,187
150,6,0,0,2,1,-5.06,0.275,1,0,187
151,37,0,0,11,5,-6.37,0.2748,1,0,187
152,38,0,0,17,5,-4.23,0.2747,1,0,187
153,20,0,0,8,3,-6.9,0.2745,1,0,187
154,5,0,0,4,1,-3.9,0.2743,1,0,187
155,5,0,0,3,1,-4.3,0.2742,1,0,187
156,23,0,0,6,3,-7.08,0.274,1,0,187
157,5,0,0,1,1,-4.9,0.2738,1,0,187
158,28,0,0,13,4,-4.83,0.2737,1,0,187
159,16,0,0,9,2,-4.11,0.2735,1,0,187
160,56,1,1,23,7,-1.81,0.2733,1,0,187
161,22,0,0,13,3,-2.07,0.2732,1,0,187
162,70,0,0,30,9,-1.2,0.273,1,0,187
163,21,0,0,8,3,-6.16,0.2728,1,0,187
164,87,0,0,32,11,-2.77,0.2727,1,0,187
165,21,0,0,7,3,-5.76,0.2725,1,0,187
166,27,0,0,13,4,-6.02,0.2723,1,0,187
167,28,0,0,12,3,-6.23,0.2722,1,0,187
168,14,0,0,5,2,-5.64,0.272,1,0,187
169,20,0,0,11,3,-4.75,0.2718,1,0,187
170,30,0,0,12,4,-4.95,0.2717,1,0,187
171,7,0,0,5,1,-4.57,0.2715,1,0,187
172,48,0,0,19,7,-5.98,0.2713,1,0,187
173,51,0,0,15,6,-4.36,0.2712,1,0,187
174,39,0,0,11,5,-6.14,0.271,1,0,187
175,13,0,0,5,2,-4.73,0.2708,1,0,187
176,22,0,0,6,3,-5.22,0.2707,1,0,187
177,6,0,0,3,1,-5.21,0.2705,1,0,187
178,29,0,0,11,4,-4.24,0.2703,1,0,187
179,55,0,0,27,7,-3.0,0.2702,1,0,187
180,24,0,0,7,3,-5.79,0.27,1,0,187
181,21,0,0,7,3,-5.21,0.2698,1,0,187
182,7,0,0,2,1,-5.02,0.2697,1,0,187
183,9,0,0,2,1,-5.94,0.2695,1,0,187
184,23,0,0,10,3,-3.83,0.2693,1,0,187
185,32,0,0,10,4,-6.92,0.2692,1,0,187
186,6,0,0,3,1,-5.11,0.269,1,0,187
187,6,0,0,3,1,-5.21,0.2688,1,0,187
188,7,0,0,3,1,-4.27,0.2687,1,0,187
189,72,1,1,23,9,-5.97,0.2685,1,0,187
190,23,1,1,9,3,-3.98,0.2683,1,0,187
191,7,0,0,3,1,-4.72,0.2682,1,0,187
192,46,3,3,24,6,-1.11,0.268,1,0,187
193,44,0,0,18,6,-4.34,0.2678,1,0,188
194,13,0,0,9,2,-3.48,0.2677,1,0,188
195,14,0,0,5,2,-4.84,0.2675,1,0,188
196,34,0,0,13,4,-3.89,0.2673,1,0,188
197,57,1,1,20,7,-5.87,0.2672,1,0,188
198,70,0,0,31,9,-6.25,0.267,1,0,188
199,21,0,0,8,3,-4.46,0.2668,1,0,188
200,77,1,1,21,8,-4.02,0.2667,1,0,188
201,6,0,0,3,1,-5.66,0.2665,1,0,188
202,13,0,0,7,2,-3.93,0.2663,1,0,188
203,53,0,0,25,7,-2.33,0.2662,1,0,188
204,6,0,0,3,1,-6.06,0.266,1,0,188
205,15,0,0,6,2,-6.4,0.2658,1,0,188
206,27,0,0,8,4,-6.57,0.2657,1,0,188
207,16,0,0,7,2,-7.16,0.2655,1,0,188
208,69,3,3,31,9,1.01,0.2653,1,0,188
209,52,1,1,24,7,-3.12,0.2652,1,0,188
210,105,1,1,35,11,-0.6,0.265,0,0,188
211,6,0,0,3,1,-5.21,0.2648,1,0,188
212,15,0,0,8,2,-3.25,0.2647,1,0,188
213,8,0,0,2,1,-6.98,0.2645,1,0,188
214,13,0,0,6,2,-5.48,0.2643,1,0,188
215,26,1,1,8,3,-4.16,0.2642,1,0,188
216,5,0,0,2,1,-5.5,0.264,1,0,188
217,30,0,0,16,4,-2.5,0.2638,1,0,188
218,7,0,0,5,1,-4.02,0.2637,1,0,188
219,8,0,0,2,1,-5.08,0.2635,1,0,188
220,38,0,0,12,5,-4.18,0.2633,1,0,188
221,6,0,0,2,1,-4.86,0.2632,1,0,188
222,13,0,0,8,2,-4.38,0.263,1,0,188
223,24,0,0,9,3,-5.09,0.2628,1,0,188
224,14,0,0,7,2,-4.64,0.2627,1,0,188
225,53,0,0,18,7,-8.08,0.2625,1,0,188
226,25,0,0,9,3,-6.55,0.2623,1,0,188
227,11,0,0,6,1,-4.86,0.2622,1,0,188
228,91,0,0,26,11,-6.01,0.262,1,0,188
229,5,0,0,3,1,-4.75,0.2618,1,0,188
230,81,1,1,33,10,-1.61,0.2617,1,0,188
231,41,0,0,14,5,-4.16,0.2615,1,0,188
232,13,0,0,6,2,-4.33,0.2613,1,0,188
233,13,0,0,8,2,-4.68,0.2612,1,0,188
234,40,0,0,14,5,-5.95,0.261,1,0,188
235,5,0,0,3,1,-4.2,0.2608,1,0,188
236,7,0,0,3,1,-4.27,0.2607,1,0,188
237,13,0,0,8,2,-5.23,0.2605,1,0,188
238,6,0,0,3,1,-5.21,0.2603,1,0,188
239,28,0,0,12,4,-4.88,0.2602,1,0,188
240,13,0,0,6,2,-5.38,0.26,1,0,188
241,73,1,1,25,10,-7.83,0.2598,1,0,188
242,23,0,0,11,3,-5.88,0.2597,1,0,188
243,5,0,0,3,1,-4.75,0.2595,1,0,188
244,20,0,0,8,3,-4.85,0.2593,1,0,188
245,14,0,0,5,2,-5.84,0.2592,1,0,188
246,6,0,0,3,1,-4.21,0.259,1,0,188
247,41,0,0,17,5,-3.91,0.2588,1,0,188
248,21,0,0,9,3,-6.06,0.2587,1,0,188
249,38,0,0,16,5,-4.88,0.2585,1,0,188
250,75,1,1,27,9,-2.6,0.2583,1,0,188
251,10,0,0,3,1,-6.15,0.2582,1,0,188
252,6,0,0,3,1,-5.21,0.258,1,0,188
253,28,2,2,13,4,-3.38,0.2578,1,0,188
254,8,0,0,5,1,-3.63,0.2577,1,0,188
255,38,0,0,10,5,-7.58,0.2575,1,0,188
256,37,0,0,13,4,-7.27,0.2573,1,0,190
257,13,0,0,8,2,-4.78,0.2572,1,0,190
258,15,0,0,6,2,-6.95,0.257,1,0,190
259,9,0,0,3,1,-4.54,0.2568,1,0,190
260,13,0,0,8,2,-5.23,0.2567,1,0,190
261,7,0,0,2,1,-5.02,0.2565,1,0,190
262,33,0,0,11,4,-5.73,0.2563,1,0,190
263,6,0,0,2,1,-5.06,0.2562,1,0,190
264,37,0,0,16,5,-5.32,0.256,1,0,190
265,20,0,0,9,3,-5.0,0.2558,1,0,190
266,16,0,0,6,2,-3.46,0.2557,1,0,190
267,6,0,0,3,1,-4.66,0.2555,1,0,190
268,13,0,0,6,2,-3.43,0.2553,1,0,190
269,21,0,0,7,3,-5.66,0.2552,1,0,190
270,79,0,0,27,9,-2.29,0.255,1,0,190
271,36,0,0,19,5,-3.26,0.2548,1,0,190
272,30,0,0,14,4,-4.8,0.2547,1,0,190
273,83,0,0,27,10,-3.08,0.2545,1,0,190
274,28,0,0,11,4,-6.98,0.2543,1,0,190
275,20,0,0,12,3,-3.8,0.2542,1,0,190
276,48,0,0,20,6,-4.78,0.254,1,0,190
277,7,0,0,2,1,-6.02,0.2538,1,0,190
278,15,0,0,6,2,-4.5,0.2537,1,0,190
279,21,0,0,8,3,-5.36,0.2535,1,0,190
280,6,0,0,3,1,-5.66,0.2533,1,0,190
281,35,0,0,15,4,-4.5,0.2532,1,0,190
282,49,0,0,23,7,-4.79,0.253,1,0,190
283,20,0,0,9,3,-5.2,0.2528,1,0,190
284,21,0,0,10,3,-5.16,0.2527,1,0,190
285,30,1,1,17,4,-1.65,0.2525,1,0,190
286,55,0,0,24,7,-4.55,0.2523,1,0,191
287,13,0,0,6,2,-4.83,0.2522,1,0,191
288,8,0,0,6,1,-4.78,0.252,1,0,191
289,36,0,0,14,4,-5.86,0.2518,1,0,191
290,27,0,0,9,4,-5.67,0.2517,1,0,193
291,16,0,0,5,2,-5.86,0.2515,1,0,193
292,63,1,1,21,7,-3.83,0.2513,0,0,193
293,20,0,0,8,3,-5.3,0.2512,1,0,193
294,62,0,0,22,8,-4.07,0.251,1,0,193
295,6,0,0,3,1,-4.66,0.2508,1,0,193
296,6,0,0,3,1,-4.56,0.2507,1,0,193
297,20,0,0,11,3,-3.6,0.2505,1,0,193
298,7,0,0,4,1,-4.32,0.2503,1,0,193
299,30,1,1,8,4,-6.0,0.2502,1,0,193
300,44,0,0,16,6,-5.29,0.25,1,0,193
301,7,0,0,2,1,-4.57,0.2498,1,0,193
302,23,0,0,9,3,-4.13,0.2497,1,0,193
303,20,0,0,10,3,-3.4,0.2495,1,0,193
304,42,0,0,19,5,-1.42,0.2493,1,0,193
305,21,1,1,6,3,-4.96,0.2492,1,0,193
306,28,0,0,13,4,-4.28,0.249,1,0,193
307,36,0,0,16,5,-5.66,0.2488,1,0,193
308,36,0,0,16,5,-3.91,0.2487,1,0,193
309,14,0,0,9,2,-3.54,0.2485,1,0,193
310,65,2,2,26,8,-1.0,0.2483,1,0,194
311,44,0,0,17,5,-3.99,0.2482,1,0,194
312,5,0,0,3,1,-4.15,0.248,1,0,194
313,67,0,0,24,8,-3.42,0.2478,1,0,195
314,13,0,0,5,2,-4.23,0.2477,1,0,195
315,14,0,0,9,2,-4.44,0.2475,1,0,195
316,14,0,0,7,2,-5.49,0.2473,1,0,195
317,6,0,0,2,1,-5.51,0.2472,1,0,195
318,21,0,0,10,3,-4.36,0.247,1,0,195
319,8,0,0,3,1,-5.23,0.2468,1,0,195
320,72,0,0,27,9,-1.62,0.2467,1,0,196
321,58,0,0,16,6,-3.68,0.2465,1,0,196
322,14,0,0,9,2,-3.54,0.2463,1,0,196
323,8,0,0,2,1,-5.53,0.2462,1,0,196
324,28,0,0,14,4,-4.18,0.246,1,0,196
325,21,0,0,7,3,-4.86,0.2458,1,0,196
326,52,2,2,22,6,0.48,0.2457,1,0,196
327,29,1,1,10,4,-4.44,0.2455,1,0,196
328,43,0,0,20,6,-2.33,0.2453,1,0,196
329,164,1,1,36,16,-7.44,0.2452,0,0,197
330,45,0,0,19,6,-2.9,0.245,1,0,197
331,23,0,0,11,3,-5.13,0.2448,1,0,197
332,43,0,0,19,5,-3.38,0.2447,1,0,197
333,20,0,0,9,3,-4.55,0.2445,1,0,197
334,13,0,0,7,2,-5.13,0.2443,1,0,197
335,22,0,0,8,3,-4.57,0.2442,1,0,197
336,44,0,0,15,5,-4.74,0.244,1,0,197
337,27,0,0,10,3,-5.97,0.2438,1,0,197
338,8,0,0,2,1,-5.08,0.2437,1,0,197
339,28,0,0,10,4,-5.98,0.2435,1,0,197
340,13,0,0,7,2,-3.63,0.2433,1,0,197
341,21,1,1,9,3,-4.46,0.2432,1,0,197
342,71,3,3,25,8,-0.31,0.243,1,0,197
343,18,0,0,4,2,-6.63,0.2428,1,0,197
344,5,0,0,4,1,-3.9,0.2427,1,0,197
345,21,0,0,9,3,-5.16,0.2425,1,0,197
346,32,0,0,11,4,-5.72,0.2423,1,0,197
347,40,0,0,15,5,-5.7,0.2422,1,0,197
348,57,2,2,22,7,-1.97,0.242,1,0,197
349,29,0,0,10,4,-4.04,0.2418,1,0,197
350,20,0,0,7,3,-4.75,0.2417,1,0,197
351,90,0,0,27,10,-7.9,0.2415,1,0,197
352,32,0,0,10,4,-6.52,0.2413,1,0,197
353,27,0,0,12,4,-4.32,0.2412,1,0,197
354,8,0,0,3,1,-5.23,0.241,1,0,197
355,38,0,0,14,5,-5.38,0.2408,1,0,197
356,56,2,2,23,7,0.19,0.2407,0,0,197
357,14,0,0,5,2,-5.74,0.2405,1,0,197
358,27,0,0,10,4,-6.07,0.2403,1,0,197
359,14,0,0,5,2,-5.19,0.2402,1,0,197
360,14,0,0,8,2,-3.74,0.24,1,0,197
361,6,0,0,2,1,-5.96,0.2398,1,0,197
362,36,0,0,11,4,-5.16,0.2397,1,0,197
363,31,0,0,14,4,-4.71,0.2395,1,0,197
364,43,0,0,15,5,-3.23,0.2393,1,0,197
365,85,2,2,25,9,-4.65,0.2392,1,0,197
366,23,0,0,7,3,-5.33,0.239,1,0,197
367,338,0,0,32,19,-27.63,0.2388,1,0,200
368,21,0,0,9,3,-4.26,0.2387,1,0,200
369,40,0,0,16,5,-1.95,0.2385,1,0,201
370,8,0,0,2,1,-5.63,0.2383,1,0,201
371,6,0,0,3,1,-5.66,0.2382,1,0,201
372,6,0,0,3,1,-4.11,0.238,1,0,201
373,30,1,1,12,4,-3.6,0.2378,1,0,201
374,51,1,1,17,7,-4.11,0.2377,1,0,201
375,27,0,0,14,3,-5.62,0.2375,1,0,201
376,73,0,0,26,8,-2.93,0.2373,1,0,202
377,14,0,0,4,2,-7.04,0.2372,1,0,202
378,22,1,1,8,3,-3.97,0.237,1,0,202
379,5,0,0,3,1,-4.75,0.2368,1,0,202
380,31,1,1,16,4,-2.01,0.2367,1,0,202
381,58,0,0,22,8,-1.58,0.2365,0,0,204
382,24,0,0,7,3,-6.79,0.2363,1,0,204
383,26,0,0,8,3,-5.06,0.2362,1,0,204
384,23,0,0,12,3,-3.73,0.236,1,0,204
385,31,0,0,16,4,-5.46,0.2358,1,0,204
386,67,1,1,32,9,-2.87,0.2357,1,0,204
387,35,1,1,11,5,-5.8,0.2355,1,0,204
388,6,0,0,3,1,-5.11,0.2353,1,0,204
389,20,0,0,10,3,-4.8,0.2352,1,0,204
390,61,1,1,23,7,-4.26,0.235,1,0,204
391,5,0,0,1,1,-4.7,0.2348,1,0,204
392,59,1,1,18,7,-2.74,0.2347,1,0,204
393,27,1,1,9,4,-3.77,0.2345,1,0,204
394,22,0,0,8,3,-5.52,0.2343,1,0,204
395,20,0,0,9,3,-4.1,0.2342,1,0,204
396,13,0,0,4,2,-5.13,0.234,1,0,204
397,33,0,0,11,4,-5.38,0.2338,1,0,204
398,43,0,0,19,6,-5.48,0.2337,1,0,204
399,6,0,0,3,1,-4.76,0.2335,1,0,204
400,15,0,0,5,2,-5.3,0.2333,1,0,204
401,54,0,0,19,6,-5.04,0.2332,1,0,204
402,52,0,0,19,6,-3.12,0.233,1,0,204
403,31,0,0,10,4,-5.06,0.2328,1,0,204
404,13,0,0,5,2,-6.23,0.2327,1,0,204
405,38,0,0,18,5,-2.03,0.2325,1,0,204
406,13,0,0,6,2,-4.38,0.2323,1,0,204
407,30,0,0,14,4,-4.3,0.2322,1,0,204
408,7,0,0,3,1,-5.72,0.232,1,0,204
409,157,0,0,36,17,-4.02,0.2318,1,0,204
410,100,1,1,33,10,-1.7,0.2317,1,0,204
411,20,0,0,9,3,-5.15,0.2315,1,0,204
412,21,0,0,11,3,-4.01,0.2313,1,0,204
413,13,0,0,7,2,-4.98,0.2312,1,0,204
414,89,0,0,29,10,-5.19,0.231,1,0,204
415,28,0,0,12,4,-4.93,0.2308,1,0,204
416,44,1,1,18,6,1.51,0.2307,1,0,204
417,29,0,0,13,4,-2.54,0.2305,1,0,204
418,16,0,0,5,2,-6.76,0.2303,1,0,204
419,33,0,0,12,4,-5.73,0.2302,0,0,205
420,13,0,0,7,2,-4.98,0.23,1,0,205
421,8,0,0,5,1,-4.13,0.2298,1,0,205
422,45,0,0,17,6,-5.15,0.2297,1,0,205
423,21,0,0,7,3,-6.31,0.2295,1,0,205
424,39,0,0,14,5,-3.49,0.2293,1,0,205
425,21,0,0,9,3,-3.76,0.2292,1,0,205
426,23,0,0,6,3,-6.18,0.229,1,0,205
427,7,0,0,3,1,-4.27,0.2288,1,0,205
428,22,0,0,8,3,-6.02,0.2287,1,0,205
429,13,0,0,6,2,-4.03,0.2285,1,0,205
430,35,0,0,16,5,-4.35,0.2283,1,0,205
431,56,0,0,13,7,-7.56,0.2282,1,0,205
432,14,0,0,6,2,-4.09,0.228,1,0,205
433,6,0,0,3,1,-5.21,0.2278,1,0,205
434,22,0,0,9,3,-3.67,0.2277,1,0,205
435,6,0,0,2,1,-5.51,0.2275,1,0,205
436,20,0,0,9,3,-5.45,0.2273,1,0,205
437,39,1,1,16,5,-2.34,0.2272,1,0,205
438,9,0,0,3,1,-4.74,0.227,1,0,205
439,50,0,0,13,6,-8.4,0.2268,1,0,205
440,13,0,0,5,2,-5.23,0.2267,1,0,205
441,20,0,0,8,3,-5.05,0.2265,1,0,205
442,31,1,1,15,4,-4.86,0.2263,1,0,205
443,6,0,0,2,1,-4.51,0.2262,1,0,205
444,27,0,0,9,4,-5.67,0.226,1,0,205
445,20,0,0,6,3,-6.6,0.2258,1,0,205
446,90,1,1,22,10,-4.35,0.2257,1,0,205
447,33,0,0,16,4,-3.23,0.2255,1,0,205
448,76,1,1,23,8,-3.11,0.2253,1,0,205
449,6,0,0,2,1,-4.51,0.2252,1,0,205
450,123,2,2,45,15,1.77,0.225,1,0,205
451,6,0,0,2,1,-5.51,0.2248,1,0,205
452,23,1,1,5,3,-3.78,0.2247,1,0,205
453,13,0,0,8,2,-3.33,0.2245,1,0,205
454,27,0,0,12,4,-4.77,0.2243,1,0,205
455,39,0,0,14,4,-2.99,0.2242,1,0,205
456,63,1,1,24,8,-5.03,0.224,1,0,205
457,57,0,0,31,8,-2.52,0.2238,1,0,205
458,112,0,0,23,10,-6.57,0.2237,0,0,205
459,7,0,0,3,1,-4.27,0.2235,1,0,205
460,7,0,0,2,1,-6.02,0.2233,1,0,205
461,13,0,0,5,2,-5.78,0.2232,1,0,205
462,6,0,0,2,1,-5.06,0.223,1,0,205
463,20,0,0,8,3,-3.5,0.2228,1,0,205
464,5,0,0,4,1,-3.9,0.2227,1,0,205
465,63,0,0,26,7,-2.33,0.2225,1,0,205
466,46,0,0,9,5,-6.01,0.2223,1,0,205
467,22,0,0,9,3,-3.22,0.2222,1,0,205
468,77,0,0,27,10,-2.67,0.222,1,0,205
469,6,0,0,3,1,-5.21,0.2218,1,0,205
470,14,0,0,6,2,-5.34,0.2217,1,0,205
471,6,0,0,2,1,-4.51,0.2215,1,0,205
472,74,1,1,15,6,-4.59,0.2213,1,0,205
473,44,0,0,18,6,-4.89,0.2212,1,0,205
474,17,0,0,10,2,-3.22,0.221,1,0,205
475,55,1,1,18,6,-5.3,0.2208,0,0,205
476,69,1,1,16,6,-6.09,0.2207,1,0,205
477,16,0,0,6,2,-4.36,0.2205,1,0,205
478,62,0,0,22,7,-3.52,0.2203,1,0,205
479,37,1,1,17,5,-2.92,0.2202,1,0,205
480,45,1,1,15,6,-5.0,0.22,1,0,205
481,31,0,0,12,3,-4.61,0.2198,1,0,205
482,21,0,0,8,3,-5.81,0.2197,1,0,205
483,58,0,0,12,5,-4.23,0.2195,1,0,205
484,29,0,0,14,4,-3.34,0.2193,1,0,205
485,13,0,0,5,2,-5.23,0.2192,1,0,205
486,5,0,0,3,1,-4.8,0.219,1,0,205
487,151,1,1,25,13,-6.81,0.2188,1,0,205
488,13,0,0,6,2,-3.83,0.2187,1,0,205
489,50,0,0,11,4,-5.85,0.2185,1,0,205
490,90,1,1,16,7,-6.6,0.2183,1,0,205
491,14,0,0,8,2,-5.74,0.2182,1,0,205
492,28,0,0,9,4,-5.73,0.218,1,0,205
493,69,1,1,30,8,-1.89,0.2178,1,0,205
494,90,1,1,23,9,-5.2,0.2177,1,0,205
495,36,1,1,16,5,-3.06,0.2175,1,0,205
496,35,0,0,11,4,-3.7,0.2173,1,0,205
497,59,0,0,18,7,-4.99,0.2172,1,0,205
498,13,0,0,6,2,-4.33,0.217,1,0,205
499,20,0,0,6,3,-6.55,0.2168,1,0,205
500,20,0,0,8,3,-4.5,0.2167,1,0,205
501,13,0,0,6,2,-4.93,0.2165,1,0,205
502,13,0,0,8,2,-3.93,0.2163,1,0,205
503,16,0,0,6,2,-5.11,0.2162,1,0,205
504,29,0,0,11,4,-6.19,0.216,1,0,205
505,73,5,0,31,10,3.32,0.2158,1,0,205
506,162,0,0,16,8,-9.47,0.2157,1,0,205
507,13,0,0,5,2,-3.68,0.2155,1,0,205
508,32,1,1,7,3,-5.37,0.2153,1,0,205
509,5,0,0,3,1,-4.1,0.2152,1,0,205
510,24,0,0,8,3,-5.54,0.215,1,0,205
511,56,0,0,17,7,-3.86,0.2148,1,0,205
512,15,0,0,7,2,-4.55,0.2147,1,0,205
513,29,0,0,12,4,-5.24,0.2145,1,0,205
514,40,0,0,13,4,-4.7,0.2143,1,0,205
515,213,0,0,25,13,-12.23,0.2142,1,0,205
516,60,0,0,7,3,-7.15,0.214,1,0,205
517,13,0,0,7,2,-4.63,0.2138,1,0,205
518,31,0,0,14,4,-6.76,0.2137,1,0,205
519,30,0,0,10,4,-3.3,0.2135,1,0,205
520,233,1,1,25,13,-7.53,0.2133,1,0,205
521,31,0,0,10,4,-5.51,0.2132,1,0,205
522,14,0,0,7,2,-4.04,0.213,1,0,205
523,13,0,0,3,2,-5.93,0.2128,1,0,205
524,63,2,2,24,8,-0.03,0.2127,1,0,205
525,22,1,1,11,3,-3.97,0.2125,1,0,205
526,64,0,0,25,7,-1.49,0.2123,1,0,205
527,28,0,0,13,4,-3.73,0.2122,1,0,205
528,75,0,0,32,10,1.1,0.212,1,0,205
529,5,0,0,2,1,-4.5,0.2118,1,0,205
530,14,0,0,3,2,-5.44,0.2117,1,0,205
531,21,0,0,10,3,-3.31,0.2115,1,0,205
532,7,0,0,5,1,-4.57,0.2113,1,0,205
533,29,0,0,10,4,-6.09,0.2112,1,0,205
534,26,0,0,7,3,-6.36,0.211,1,0,205
535,27,0,0,9,4,-3.72,0.2108,1,0,205
536,98,1,1,26,12,-4.48,0.2107,0,0,206
537,21,0,0,8,3,-5.86,0.2105,1,0,206
538,41,2,2,15,5,-4.21,0.2103,1,0,206
539,7,0,0,3,1,-4.17,0.2102,1,0,206
540,28,0,0,12,4,-4.43,0.21,1,0,206
541,13,0,0,6,2,-3.63,0.2098,1,0,206
542,20,0,0,10,3,-5.6,0.2097,1,0,206
543,106,3,3,37,12,0.74,0.2095,1,0,206
544,21,1,1,10,3,-2.66,0.2093,1,0,206
545,14,0,0,7,2,-3.94,0.2092,1,0,206
546,36,0,0,13,4,-4.11,0.209,1,0,206
547,5,0,0,3,1,-4.75,0.2088,1,0,206
548,27,0,0,12,4,-5.37,0.2087,1,0,206
549,60,0,0,16,8,-6.7,0.2085,1,0,206
550,22,0,0,13,3,-2.52,0.2083,1,0,206
551,126,2,2,36,13,-4.11,0.2082,1,0,207
552,23,0,0,12,3,-4.53,0.208,1,0,207
553,54,0,0,16,7,-7.59,0.2078,1,0,207
554,28,0,0,12,4,-3.78,0.2077,1,0,207
555,6,0,0,2,1,-5.51,0.2075,1,0,207
556,20,0,0,7,3,-5.3,0.2073,1,0,207
557,20,1,1,9,3,-3.6,0.2072,1,0,207
558,14,0,0,6,2,-6.79,0.207,1,0,207
559,36,0,0,19,5,-2.36,0.2068,1,0,207
560,23,0,0,9,3,-3.68,0.2067,1,0,207
561,40,1,1,10,5,-3.9,0.2065,1,0,207
562,30,0,0,16,4,-1.7,0.2063,1,0,207
563,46,2,2,20,6,-1.46,0.2062,1,0,207
564,29,0,0,10,4,-4.44,0.206,1,0,207
565,20,0,0,8,3,-4.5,0.2058,1,0,207
566,7,0,0,2,1,-4.57,0.2057,1,0,207
567,71,1,1,23,8,-3.31,0.2055,1,0,208
568,29,0,0,14,4,-3.79,0.2053,1,0,208
569,50,0,0,18,6,-5.9,0.2052,1,0,208
570,28,0,0,10,4,-6.23,0.205,1,0,208
571,72,2,2,24,7,-3.47,0.2048,0,0,209
572,7,0,0,3,1,-5.27,0.2047,1,0,209
573,37,0,0,17,5,-2.77,0.2045,1,0,209
574,57,1,1,24,8,-1.72,0.2043,1,0,209
575,25,1,1,12,3,-2.1,0.2042,1,0,209
576,13,0,0,8,2,-4.23,0.204,1,0,209
577,52,1,1,18,7,-5.72,0.2038,1,0,209
578,57,0,0,20,7,-3.57,0.2037,1,0,209
579,22,1,1,14,3,-0.57,0.2035,1,0,209
580,39,0,0,17,5,-3.59,0.2033,1,0,209
581,77,0,0,33,10,-0.22,0.2032,1,0,209
582,138,7,2,38,15,5.02,0.203,1,0,211
583,79,1,1,28,10,-2.34,0.2028,1,0,211
584,17,0,0,8,2,-4.72,0.2027,1,0,211
585,20,0,0,7,3,-6.25,0.2025,1,0,211
586,6,0,0,2,1,-5.06,0.2023,1,0,211
587,51,0,0,19,6,-3.51,0.2022,1,0,211
588,48,0,0,24,6,-1.93,0.202,1,0,211
589,21,0,0,9,3,-5.61,0.2018,1,0,211
590,21,0,0,10,3,-3.86,0.2017,1,0,211
591,74,2,2,30,9,0.11,0.2015,1,0,211
592,20,0,0,9,3,-5.1,0.2013,1,0,211
593,134,2,2,39,14,-2.79,0.2012,0,0,213
594,22,0,0,9,3,-5.72,0.201,1,0,213
595,7,0,0,3,1,-4.72,0.2008,1,0,213
596,16,0,0,8,2,-3.86,0.2007,1,0,213
597,33,0,0,9,4,-7.23,0.2005,1,0,213
598,91,2,2,33,12,-2.66,0.2003,1,0,213
599,13,0,0,5,2,-5.23,0.2002,1,0,213
600,72,0,0,18,7,-2.77,0.2,1,0,213
601,71,1,1,18,8,-5.11,0.1998,1,0,214
602,13,0,0,5,2,-6.13,0.1997,1,0,214
603,39,0,0,13,5,-5.79,0.1995,1,0,214
604,14,0,0,4,2,-6.59,0.1993,1,0,214
605,92,1,1,29,10,-4.32,0.1992,1,0,214
606,200,2,2,20,10,-7.6,0.199,0,0,214
607,95,2,2,22,9,-4.25,0.1988,0,0,215
608,23,1,1,9,3,-3.03,0.1987,1,0,215
609,61,1,1,19,8,-5.06,0.1985,1,0,215
610,17,0,0,7,2,-4.82,0.1983,1,0,215
611,82,1,1,17,6,-5.02,0.1982,1,0,215
612,46,0,0,17,6,-8.06,0.198,1,0,215
613,27,0,0,10,4,-5.92,0.1978,1,0,215
614,54,0,0,24,7,-4.29,0.1977,1,0,215
615,21,1,1,8,3,-4.16,0.1975,1,0,215
616,59,0,0,23,7,-3.04,0.1973,0,0,215
617,13,0,0,5,2,-4.68,0.1972,1,0,215
618,34,0,0,15,5,-3.99,0.197,1,0,215
619,52,0,0,20,6,-3.42,0.1968,1,0,215
620,52,0,0,27,7,-0.67,0.1967,1,0,215
621,21,0,0,9,3,-5.61,0.1965,1,0,215
622,5,0,0,4,1,-4.0,0.1963,1,0,215
623,48,2,2,27,7,-1.38,0.1962,1,0,215
624,6,0,0,3,1,-5.21,0.196,1,0,215
625,6,0,0,3,1,-4.66,0.1958,1,0,215
626,69,0,0,22,9,-8.94,0.1957,1,0,215
627,45,1,1,19,6,-3.25,0.1955,1,0,215
628,34,0,0,17,5,-5.94,0.1953,1,0,215
629,6,0,0,4,1,-4.96,0.1952,1,0,215
630,22,0,0,10,3,-4.82,0.195,1,0,215
631,21,1,1,7,3,-5.56,0.1948,1,0,215
632,20,0,0,8,3,-5.5,0.1947,1,0,215
633,71,0,0,25,9,-4.41,0.1945,1,0,215
634,20,0,0,11,3,-5.3,0.1943,1,0,215
635,53,1,1,19,7,-4.33,0.1942,1,0,215
636,21,0,0,14,3,-2.16,0.194,1,0,215
637,21,0,0,8,3,-5.96,0.1938,1,0,215
638,6,0,0,2,1,-5.06,0.1937,1,0,215
639,118,2,2,31,13,-4.88,0.1935,1,0,215
640,28,0,0,11,4,-5.63,0.1933,1,0,215
641,51,0,0,26,7,-2.81,0.1932,1,0,215
642,24,1,1,8,3,-4.39,0.193,1,0,215
643,30,0,0,12,4,-3.4,0.1928,1,0,215
644,5,0,0,4,1,-4.0,0.1927,1,0,215
645,15,0,0,6,2,-5.4,0.1925,1,0,215
646,28,0,0,8,4,-5.23,0.1923,1,0,215
647,5,0,0,3,1,-4.75,0.1922,1,0,215
648,43,0,0,17,6,-6.23,0.192,1,0,215
649,99,0,0,39,10,-3.54,0.1918,1,0,215
650,21,0,0,9,3,-5.61,0.1917,1,0,215
651,82,0,0,33,11,-1.62,0.1915,1,0,215
652,59,1,1,19,7,-4.59,0.1913,1,0,215
653,13,0,0,5,2,-5.03,0.1912,1,0,215
654,27,1,1,10,4,-4.32,0.191,1,0,215
655,41,2,2,19,6,-3.81,0.1908,1,0,215
656,21,0,0,11,3,-3.86,0.1907,1,0,215
657,175,3,3,45,18,-2.65,0.1905,0,0,216
658,64,1,1,15,8,-6.29,0.1903,0,0,217
659,7,0,0,3,1,-4.17,0.1902,1,0,217
660,14,0,0,5,2,-6.29,0.19,1,0,217
661,13,0,0,7,2,-4.68,0.1898,1,0,217
662,86,2,2,23,8,-2.16,0.1897,1,0,217
663,57,0,0,19,7,-4.32,0.1895,1,0,217
664,28,0,0,13,4,-3.93,0.1893,1,0,217
665,5,0,0,4,1,-4.45,0.1892,1,0,217
666,23,0,0,7,3,-5.93,0.189,1,0,217
667,35,1,1,14,5,-3.8,0.1888,1,0,217
668,20,0,0,8,3,-6.4,0.1887,1,0,217
669,22,0,0,11,3,-4.02,0.1885,1,0,217
670,22,0,0,9,3,-5.12,0.1883,1,0,217
671,7,0,0,3,1,-4.27,0.1882,1,0,217
672,38,1,1,14,5,-4.88,0.188,1,0,217
673,61,1,1,25,7,-2.11,0.1878,0,0,217
674,15,0,0,8,2,-4.5,0.1877,1,0,217
675,39,0,0,20,5,-1.59,0.1875,1,0,217
676,28,0,0,14,4,-3.23,0.1873,1,0,217
677,21,0,0,12,3,-2.61,0.1872,1,0,217
678,86,2,2,31,11,-1.66,0.187,0,0,217
679,72,0,0,32,9,-1.42,0.1868,1,0,217
680,31,1,1,14,4,-3.01,0.1867,1,0,217
681,20,0,0,9,3,-4.6,0.1865,1,0,217
682,27,0,0,15,4,-1.97,0.1863,1,0,217
683,32,0,0,9,4,-5.37,0.1862,1,0,217
684,57,1,1,17,7,-3.72,0.186,1,0,217
685,20,0,0,9,3,-5.1,0.1858,1,0,217
686,29,0,0,12,4,-6.09,0.1857,1,0,217
687,6,0,0,3,1,-5.56,0.1855,1,0,217
688,32,0,0,11,4,-4.62,0.1853,0,0,217
689,25,0,0,11,3,-4.05,0.1852,1,0,217
690,21,0,0,9,3,-5.61,0.185,1,0,217
691,14,0,0,9,2,-4.49,0.1848,1,0,217
692,160,2,2,27,13,-4.8,0.1847,0,0,218
693,30,0,0,12,4,-4.35,0.1845,1,0,218
694,60,2,2,22,8,-3.1,0.1843,1,0,218
695,90,0,0,22,11,-6.3,0.1842,1,0,218
696,20,1,1,8,3,-4.1,0.184,1,0,218
697,62,0,0,27,8,-2.77,0.1838,1,0,218
698,140,2,2,37,16,-0.7,0.1837,1,0,218
699,68,1,1,20,8,-4.78,0.1835,1,0,218
700,133,0,0,36,15,-6.03,0.1833,1,0,218
701,28,1,1,10,4,-3.93,0.1832,1,0,218
702,52,1,1,20,6,-3.32,0.183,1,0,219
703,43,0,0,19,6,-1.53,0.1828,1,0,219
704,28,0,0,12,4,-4.48,0.1827,1,0,219
705,23,1,1,10,3,-3.83,0.1825,1,0,219
706,115,2,2,31,14,-1.4,0.1823,1,0,219
707,17,0,0,4,2,-7.12,0.1822,1,0,219
708,55,1,1,20,7,-6.1,0.182,1,0,219
709,84,1,1,26,9,-2.04,0.1818,0,0,221
710,53,0,0,20,7,-1.68,0.1817,1,0,221
711,100,7,2,36,13,2.3,0.1815,1,0,221
712,7,0,0,1,1,-4.87,0.1813,1,0,221
713,22,0,0,9,3,-4.17,0.1812,1,0,221
714,35,0,0,11,5,-5.3,0.181,1,0,221
715,21,0,0,11,3,-5.06,0.1808,1,0,221
716,62,0,0,25,7,-1.57,0.1807,1,0,221
717,7,0,0,2,1,-4.92,0.1805,1,0,221
718,144,1,1,40,16,-6.34,0.1803,1,0,223
719,112,2,2,36,14,1.63,0.1802,1,0,223
720,120,0,0,37,13,-2.15,0.18,1,0,223
721,22,0,0,12,3,-4.22,0.1798,1,0,223
722,111,2,2,35,13,0.84,0.1797,1,0,223
723,41,0,0,17,5,-1.51,0.1795,1,0,223
724,46,0,0,17,6,-4.21,0.1793,1,0,223
725,28,0,0,11,4,-3.78,0.1792,1,0,223
726,157,2,2,43,16,1.03,0.179,1,0,225
727,24,1,1,8,3,-5.29,0.1788,1,0,225
728,12,0,0,6,2,-3.87,0.1787,1,0,225
729,89,0,0,45,12,0.11,0.1785,1,0,225
730,83,1,1,25,12,-6.33,0.1783,0,0,225
731,22,0,0,11,3,-4.12,0.1782,1,0,225
732,13,0,0,4,2,-6.53,0.178,1,0,225
733,6,0,0,2,1,-5.51,0.1778,1,0,225
734,28,0,0,16,4,-3.63,0.1777,1,0,225
735,20,0,0,8,3,-5.3,0.1775,1,0,225
736,20,0,0,7,3,-5.05,0.1773,1,0,225
737,45,1,1,20,6,-2.7,0.1772,1,0,225
738,119,1,1,37,16,-6.99,0.177,1,0,225
739,20,0,0,10,3,-4.35,0.1768,1,0,225
740,291,1,1,36,15,-24.56,0.1767,1,0,227
741,53,1,1,20,6,-2.38,0.1765,0,0,227
742,21,0,0,12,3,-3.26,0.1763,1,0,227
743,64,0,0,28,8,-1.54,0.1762,1,0,227
744,9,0,0,6,1,-4.29,0.176,1,0,227
745,6,0,0,3,1,-5.21,0.1758,1,0,227
746,14,0,0,6,2,-4.99,0.1757,1,0,227
747,70,1,1,28,9,-3.4,0.1755,1,0,227
748,6,0,0,3,1,-5.21,0.1753,1,0,227
749,72,2,2,30,9,0.73,0.1752,1,0,227
750,7,0,0,2,1,-4.57,0.175,1,0,227
751,5,0,0,4,1,-3.9,0.1748,1,0,227
752,23,0,0,10,3,-4.43,0.1747,1,0,227
753,46,1,1,15,6,-3.66,0.1745,1,0,227
754,43,0,0,20,6,-2.63,0.1743,1,0,227
755,27,0,0,9,4,-5.37,0.1742,1,0,227
756,20,0,0,9,3,-5.15,0.174,1,0,227
757,6,0,0,2,1,-4.51,0.1738,1,0,227
758,98,0,0,33,11,-1.08,0.1737,0,0,227
759,14,0,0,5,2,-6.74,0.1735,1,0,227
760,13,0,0,8,2,-4.28,0.1733,1,0,227
761,21,0,0,7,3,-4.41,0.1732,1,0,227
762,48,0,0,17,6,-5.33,0.173,1,0,227
763,92,1,1,23,11,-3.17,0.1728,1,0,227
764,13,0,0,6,2,-4.93,0.1727,1,0,227
765,77,1,1,34,10,-1.27,0.1725,1,0,229
766,44,1,1,19,6,-2.39,0.1723,1,0,229
767,14,0,0,8,2,-3.84,0.1722,1,0,229
768,23,0,0,7,3,-6.78,0.172,1,0,229
769,6,0,0,3,1,-5.66,0.1718,1,0,229
770,113,10,0,31,12,4.57,0.1717,1,0,229
771,8,0,0,6,1,-4.73,0.1715,1,0,229
772,85,1,1,27,10,-3.85,0.1713,1,0,229
773,20,0,0,8,3,-4.85,0.1712,1,0,229
774,56,0,0,27,8,-4.71,0.171,1,0,229
775,105,0,0,25,10,-4.45,0.1708,1,0,229
776,45,1,1,21,6,-1.65,0.1707,1,0,229
777,124,3,3,37,14,-1.24,0.1705,0,0,229
778,14,0,0,7,2,-5.14,0.1703,1,0,229
779,5,0,0,3,1,-4.7,0.1702,1,0,229
780,113,0,0,32,13,-1.73,0.17,1,0,230
781,137,2,2,41,15,2.23,0.1698,1,0,230
782,85,1,1,31,10,-2.6,0.1697,1,0,230
783,13,0,0,3,2,-5.28,0.1695,1,0,230
784,9,0,0,2,1,-6.04,0.1693,1,0,230
785,82,0,0,30,9,-4.22,0.1692,1,0,230
786,89,0,0,32,10,-2.74,0.169,1,0,231
787,50,0,0,19,6,-3.9,0.1688,1,0,231
788,30,0,0,15,4,-2.0,0.1687,1,0,231
789,44,0,0,19,6,-2.49,0.1685,1,0,231
790,28,0,0,10,4,-4.03,0.1683,1,0,231
791,20,0,0,10,3,-5.25,0.1682,1,0,231
792,34,0,0,13,5,-5.59,0.168,1,0,231
793,29,0,0,14,4,-2.99,0.1678,1,0,231
794,81,1,1,30,11,-1.16,0.1677,1,0,231
795,113,1,1,35,12,0.27,0.1675,1,0,231
796,46,1,1,15,6,-4.61,0.1673,1,0,231
797,22,0,0,9,3,-3.72,0.1672,1,0,231
798,40,0,0,14,5,-3.1,0.167,1,0,231
799,51,1,1,26,7,0.49,0.1668,1,0,231
800,22,0,0,12,3,-4.57,0.1667,1,0,231
801,36,0,0,20,5,-1.56,0.1665,1,0,231
802,120,1,1,34,11,-0.6,0.1663,1,0,231
803,21,0,0,8,3,-5.01,0.1662,1,0,231
804,46,0,0,14,6,-4.51,0.166,1,0,231
805,37,0,0,19,5,-3.12,0.1658,1,0,231
806,95,1,1,23,10,-3.45,0.1657,0,0,233
807,89,2,2,34,11,-4.99,0.1655,1,0,233
808,50,1,1,16,6,-2.95,0.1653,1,0,233
809,90,1,1,35,11,-0.45,0.1652,1,0,234
810,37,2,2,14,5,-4.57,0.165,1,0,234
811,41,1,1,19,6,-2.91,0.1648,1,0,234
812,22,0,0,9,3,-4.67,0.1647,1,0,234
813,15,0,0,9,2,-3.95,0.1645,1,0,234
814,23,0,0,13,3,-2.98,0.1643,1,0,234
815,67,0,0,28,9,-2.22,0.1642,1,0,234
816,62,0,0,23,8,-2.67,0.164,1,0,234
817,293,0,0,34,19,-14.78,0.1638,1,0,235
818,55,0,0,20,7,-4.4,0.1637,1,0,235
819,74,1,1,23,9,-2.99,0.1635,1,0,235
820,112,1,1,41,14,-1.32,0.1633,1,0,236
821,77,5,0,29,9,4.08,0.1632,1,0,236
822,82,1,1,27,11,-3.67,0.163,1,0,236
823,20,0,0,7,3,-5.15,0.1628,1,0,236
824,21,0,0,9,3,-5.01,0.1627,1,0,236
825,27,0,0,7,4,-6.72,0.1625,1,0,236
826,24,0,0,10,3,-5.44,0.1623,1,0,236
827,8,0,0,4,1,-3.93,0.1622,1,0,236
828,28,0,0,14,4,-4.13,0.162,1,0,236
829,74,1,1,23,9,-4.14,0.1618,1,0,236
830,29,0,0,11,4,-4.64,0.1617,1,0,236
831,27,1,1,12,4,-4.72,0.1615,1,0,236
832,51,0,0,17,6,-1.21,0.1613,1,0,236
833,13,0,0,6,2,-4.93,0.1612,1,0,236
834,94,2,2,40,12,-0.19,0.161,1,0,236
835,56,1,1,18,7,-2.86,0.1608,1,0,236
836,6,0,0,3,1,-5.21,0.1607,1,0,236
837,50,1,1,22,7,-2.55,0.1605,1,0,236
838,160,1,1,36,13,-3.75,0.1603,0,0,236
839,29,0,0,12,4,-4.94,0.1602,1,0,236
840,185,2,2,37,18,-3.9,0.16,0,0,236
841,41,0,0,18,5,-1.76,0.1598,1,0,236
842,21,0,0,11,3,-3.31,0.1597,1,0,236
843,128,2,2,37,14,-2.58,0.1595,1,0,236
844,39,0,0,21,5,-1.84,0.1593,1,0,236
845,46,0,0,17,6,-5.11,0.1592,1,0,236
846,13,0,0,8,2,-2.68,0.159,1,0,236
847,44,0,0,19,6,-4.49,0.1588,1,0,236
848,79,1,1,24,9,-2.69,0.1587,1,0,237
849,34,1,1,12,4,-3.39,0.1585,1,0,237
850,45,0,0,20,6,-0.8,0.1583,1,0,237
851,22,0,0,8,3,-5.37,0.1582,1,0,237
852,29,0,0,12,4,-3.94,0.158,1,0,237
853,70,0,0,21,8,-6.45,0.1578,0,0,238
854,21,1,1,10,3,-3.61,0.1577,1,0,238
855,77,2,2,24,8,-1.37,0.1575,1,0,238
856,22,0,0,8,3,-4.77,0.1573,1,0,238
857,14,0,0,8,2,-3.84,0.1572,1,0,238
858,86,0,0,33,11,-3.66,0.157,1,0,238
859,120,2,2,34,14,-1.05,0.1568,0,0,238
860,58,0,0,13,6,-4.38,0.1567,0,0,238
861,400,3,3,36,17,-12.1,0.1565,0,1,238
862,7,0,0,3,1,-4.72,0.1563,1,0,238
863,6,0,0,3,1,-4.21,0.1562,1,0,238
864,21,0,0,9,3,-5.46,0.156,1,0,238
865,15,0,0,7,2,-5.65,0.1558,1,0,238
866,20,0,0,7,3,-5.8,0.1557,1,0,238
867,21,0,0,8,3,-5.56,0.1555,1,0,238
868,6,0,0,3,1,-4.21,0.1553,1,0,238
869,51,2,2,25,6,1.24,0.1552,1,0,238
870,104,3,3,43,12,3.31,0.155,1,0,238
871,20,1,1,9,3,-4.5,0.1548,1,0,238
872,45,0,0,21,6,-2.9,0.1547,1,0,238
873,70,1,1,27,8,-1.85,0.1545,1,0,238
874,85,1,1,30,9,-5.75,0.1543,0,0,238
875,7,0,0,2,1,-5.57,0.1542,1,0,238
876,14,0,0,7,2,-4.49,0.154,1,0,238
877,5,0,0,3,1,-4.3,0.1538,1,0,238
878,79,2,2,28,8,-1.59,0.1537,0,0,242
879,28,1,1,12,4,-4.78,0.1535,1,0,242
880,14,0,0,5,2,-4.29,0.1533,1,0,242
881,5,0,0,4,1,-4.45,0.1532,1,0,242
882,28,0,0,11,4,-3.73,0.153,1,0,242
883,191,1,1,45,20,0.09,0.1528,1,0,242
884,28,0,0,12,4,-4.28,0.1527,1,0,242
885,104,0,0,45,13,-0.49,0.1525,1,0,242
886,66,0,0,25,9,-3.11,0.1523,0,0,243
887,45,1,1,16,6,-3.65,0.1522,1,0,243
888,70,2,2,23,9,-2.55,0.152,1,0,243
889,108,1,1,32,12,-1.98,0.1518,1,0,243
890,102,1,1,34,13,-6.17,0.1517,1,0,243
891,167,1,1,41,18,-0.47,0.1515,0,0,243
892,53,0,0,23,7,-2.18,0.1513,1,0,243
893,115,2,2,35,13,-0.7,0.1512,1,0,243
894,14,0,0,7,2,-4.04,0.151,1,0,243
895,97,2,2,32,12,-3.02,0.1508,1,0,243
896,104,1,1,33,12,-4.29,0.1507,0,0,243
897,30,0,0,17,4,-3.35,0.1505,1,0,243
898,27,0,0,11,4,-4.77,0.1503,1,0,243
899,28,0,0,11,4,-6.08,0.1502,1,0,243
900,6,0,0,3,1,-4.21,0.15,1,0,243
901,13,0,0,5,2,-4.13,0.1498,1,0,243
902,99,1,1,25,11,-5.74,0.1497,0,0,243
903,14,0,0,7,2,-3.24,0.1495,1,0,243
904,63,0,0,21,7,-1.63,0.1493,1,0,243
905,20,1,1,10,3,-4.25,0.1492,1,0,243
906,39,1,1,24,5,0.61,0.149,1,0,243
907,15,0,0,8,2,-4.35,0.1488,1,0,243
908,87,0,0,30,11,-4.82,0.1487,1,0,243
909,42,0,0,20,6,-6.17,0.1485,1,0,243
910,113,0,0,29,12,-3.88,0.1483,1,0,243
911,15,0,0,6,2,-4.5,0.1482,1,0,243
912,38,0,0,18,5,-1.68,0.148,1,0,243
913,38,0,0,17,5,-3.13,0.1478,1,0,243
914,93,1,1,32,11,-0.73,0.1477,1,0,243
915,135,2,2,39,13,1.9,0.1475,0,0,243
916,23,0,0,6,3,-6.98,0.1473,1,0,243
917,89,1,1,30,11,-2.19,0.1472,1,0,243
918,56,0,0,24,7,-2.51,0.147,1,0,243
919,13,0,0,7,2,-4.18,0.1468,1,0,243
920,62,0,0,22,8,-5.32,0.1467,1,0,243
921,13,0,0,6,2,-4.93,0.1465,1,0,243
922,27,0,0,13,4,-3.42,0.1463,1,0,243
923,8,0,0,5,1,-3.98,0.1462,1,0,243
924,27,0,0,11,4,-3.77,0.146,1,0,243
925,35,0,0,19,5,-3.3,0.1458,1,0,243
926,61,1,1,26,8,-0.76,0.1457,1,0,243
927,24,0,0,13,3,-3.99,0.1455,1,0,243
928,26,0,0,6,3,-6.16,0.1453,0,0,243
929,22,0,0,11,3,-3.57,0.1452,1,0,243
930,20,0,0,11,3,-3.6,0.145,1,0,243
931,55,0,0,21,7,-0.6,0.1448,1,0,243
932,13,0,0,7,2,-4.18,0.1447,1,0,243
933,61,0,0,21,8,-2.46,0.1445,1,0,243
934,55,1,1,22,7,-2.15,0.1443,1,0,243
935,23,0,0,13,3,-2.53,0.1442,1,0,243
936,14,0,0,5,2,-5.29,0.144,1,0,243
937,55,1,1,18,7,-4.9,0.1438,1,0,243
938,20,0,0,7,3,-5.7,0.1437,1,0,243
939,30,1,1,14,4,-2.1,0.1435,1,0,243
940,15,0,0,6,2,-3.8,0.1433,1,0,243
941,44,0,0,21,6,-4.89,0.1432,1,0,243
942,62,1,1,26,8,-2.47,0.143,1,0,243
943,37,1,1,17,5,-1.87,0.1428,1,0,243
944,47,0,0,18,5,-1.82,0.1427,0,0,243
945,202,1,1,36,15,-8.92,0.1425,0,0,244
946,28,0,0,15,4,-3.03,0.1423,1,0,244
947,29,0,0,14,4,-5.69,0.1422,1,0,244
948,16,0,0,8,2,-4.86,0.142,1,0,244
949,5,0,0,3,1,-4.3,0.1418,1,0,244
950,52,1,1,19,7,-2.97,0.1417,1,0,244
951,44,1,1,21,6,-2.64,0.1415,1,0,244
952,13,0,0,7,2,-4.18,0.1413,1,0,244
953,63,0,0,24,8,-1.38,0.1412,1,0,244
954,21,0,0,8,3,-6.01,0.141,1,0,244
955,7,0,0,3,1,-4.27,0.1408,1,0,244
956,30,0,0,9,4,-5.0,0.1407,1,0,244
957,21,0,0,11,3,-4.11,0.1405,1,0,244
958,12,0,0,4,2,-5.47,0.1403,1,0,244
959,53,1,1,20,7,-3.73,0.1402,1,0,244
960,128,1,1,33,14,-4.93,0.14,1,0,245
961,42,1,1,15,6,-2.57,0.1398,1,0,245
962,13,0,0,5,2,-6.23,0.1397,1,0,245
963,74,1,1,34,10,0.16,0.1395,1,0,245
964,30,0,0,10,4,-5.5,0.1393,1,0,245
965,6,0,0,3,1,-4.21,0.1392,1,0,245
966,84,0,0,34,11,-2.09,0.139,1,0,245
967,48,0,0,20,6,-3.13,0.1388,1,0,245
968,45,3,3,23,6,0.4,0.1387,1,0,245
969,14,0,0,6,2,-4.94,0.1385,1,0,245
970,69,1,1,29,9,-0.39,0.1383,1,0,245
971,21,0,0,5,3,-7.41,0.1382,1,0,245
972,223,2,2,46,19,-5.98,0.138,1,0,246
973,14,0,0,8,2,-4.19,0.1378,1,0,246
974,14,0,0,6,2,-4.04,0.1377,1,0,246
975,28,1,1,9,4,-4.08,0.1375,1,0,246
976,39,2,2,20,5,-1.74,0.1373,1,0,246
977,93,1,1,27,10,-0.38,0.1372,0,0,246
978,179,3,3,35,17,-5.74,0.137,0,0,246
979,50,0,0,16,6,-3.55,0.1368,1,0,246
980,35,0,0,17,5,-4.0,0.1367,1,0,246
981,6,0,0,2,1,-4.41,0.1365,1,0,246
982,36,0,0,16,5,-2.51,0.1363,1,0,246
983,149,2,2,37,16,-0.99,0.1362,0,0,246
984,21,0,0,11,3,-4.51,0.136,1,0,246
985,14,0,0,6,2,-4.09,0.1358,1,0,246
986,52,0,0,25,7,-1.32,0.1357,1,0,246
987,108,2,2,35,12,1.87,0.1355,0,0,247
988,27,0,0,13,4,-5.32,0.1353,1,0,247
989,152,1,1,36,16,-3.37,0.1352,1,0,247
990,38,0,0,15,5,-5.48,0.135,1,0,247
991,66,2,2,21,8,-1.06,0.1348,1,0,247
992,7,0,0,2,1,-4.57,0.1347,1,0,247
993,78,0,0,26,10,-2.03,0.1345,1,0,247
994,95,2,2,29,11,-2.45,0.1343,1,0,247
995,34,0,0,15,5,-3.49,0.1342,1,0,247
996,55,1,1,22,7,-4.45,0.134,1,0,247
997,28,0,0,12,4,-5.43,0.1338,1,0,247
998,46,0,0,13,6,-5.61,0.1337,1,0,247
999,29,0,0,13,4,-3.64,0.1335,1,0,247
1000,49,0,0,20,6,-3.84,0.1333,1,0,247
1001,37,1,1,14,5,-2.82,0.1332,1,0,247
1002,125,4,4,44,14,4.05,0.133,1,0,247
1003,92,1,1,39,12,0.73,0.1328,1,0,247
1004,29,0,0,9,4,-5.84,0.1327,1,0,247
1005,21,0,0,7,3,-4.66,0.1325,1,0,247
1006,51,1,1,18,6,-0.96,0.1323,1,0,247
1007,28,0,0,13,4,-4.58,0.1322,1,0,247
1008,28,0,0,11,4,-3.83,0.132,1,0,247
1009,21,0,0,9,3,-4.21,0.1318,1,0,247
1010,115,1,1,32,13,-5.1,0.1317,1,0,247
1011,20,1,1,8,3,-3.6,0.1315,1,0,247
1012,13,0,0,4,2,-5.08,0.1313,1,0,247
1013,84,2,2,34,12,0.41,0.1312,1,0,247
1014,70,3,3,18,8,-2.75,0.131,0,0,248
1015,94,2,2,27,10,-0.84,0.1308,1,0,248
1016,76,4,4,38,10,5.69,0.1307,1,0,248
1017,22,0,0,9,3,-4.72,0.1305,1,0,248
1018,32,0,0,12,4,-4.07,0.1303,1,0,248
1019,35,0,0,15,5,-4.95,0.1302,1,0,248
1020,48,1,1,16,6,-4.08,0.13,1,0,248
1021,20,0,0,9,3,-4.65,0.1298,1,0,248
1022,121,2,2,38,14,0.94,0.1297,1,0,249
1023,17,0,0,6,2,-5.17,0.1295,1,0,249
1024,48,0,0,18,7,-6.38,0.1293,1,0,249
1025,30,2,2,12,4,-4.25,0.1292,1,0,249
1026,5,0,0,4,1,-4.45,0.129,1,0,249
1027,144,0,0,39,14,-0.99,0.1288,0,0,249
1028,107,1,1,25,10,-2.67,0.1287,1,0,252
1029,85,1,1,25,9,-5.65,0.1285,1,0,252
1030,106,1,1,28,12,-3.71,0.1283,1,0,252
1031,49,1,1,22,7,-4.29,0.1282,1,0,252
1032,143,6,6,45,16,6.07,0.128,1,0,252
1033,14,0,0,9,2,-3.09,0.1278,1,0,252
1034,20,0,0,10,3,-4.8,0.1277,1,0,252
1035,69,1,1,18,9,-4.24,0.1275,0,0,252
1036,23,0,0,11,3,-3.53,0.1273,1,0,252
1037,95,6,1,35,12,5.05,0.1272,1,0,252
1038,76,1,1,26,9,-1.31,0.127,1,0,252
1039,21,0,0,14,3,-3.06,0.1268,1,0,252
1040,49,0,0,13,6,-3.84,0.1267,1,0,252
1041,90,0,0,30,12,-1.75,0.1265,1,0,252
1042,94,0,0,32,12,-2.64,0.1263,1,0,252
1043,212,0,0,30,16,-16.87,0.1262,0,0,253
1044,29,0,0,11,4,-3.59,0.126,1,0,253
1045,119,2,2,42,16,-0.59,0.1258,1,0,254
1046,355,3,3,32,15,-13.45,0.1257,1,0,254
1047,33,0,0,9,4,-5.38,0.1255,1,0,254
1048,29,0,0,16,4,-2.49,0.1253,1,0,254
1049,31,0,0,17,4,-1.06,0.1252,1,0,254
1050,27,0,0,12,4,-5.82,0.125,1,0,254
1051,20,1,1,9,3,-3.6,0.1248,1,0,254
1052,83,1,1,35,10,0.92,0.1247,1,0,254
1053,20,0,0,9,3,-4.55,0.1245,1,0,254
1054,85,2,2,29,11,0.0,0.1243,1,0,254
1055,94,0,0,35,12,-4.49,0.1242,1,0,255
1056,259,2,2,45,25,-6.74,0.124,1,0,256
1057,37,1,1,14,5,-3.27,0.1238,1,0,256
1058,78,1,1,28,10,-4.43,0.1237,1,0,256
1059,110,6,1,29,12,0.7,0.1235,1,0,256
1060,20,0,0,9,3,-4.2,0.1233,1,0,256
1061,6,0,0,3,1,-4.21,0.1232,1,0,256
1062,27,0,0,10,4,-5.07,0.123,1,0,256
1063,66,3,3,26,9,-0.36,0.1228,1,0,256
1064,87,1,1,30,11,-3.07,0.1227,0,0,256
1065,17,0,0,8,2,-3.97,0.1225,1,0,256
1066,20,0,0,7,3,-5.8,0.1223,1,0,256
1067,167,0,0,31,15,-6.82,0.1222,1,0,256
1068,218,2,2,28,15,-12.48,0.122,0,0,256
1069,54,0,0,18,7,-2.34,0.1218,1,0,256
1070,14,0,0,7,2,-4.04,0.1217,1,0,256
1071,21,0,0,12,3,-2.76,0.1215,1,0,256
1072,22,0,0,8,3,-5.47,0.1213,1,0,256
1073,31,0,0,9,4,-4.86,0.1212,1,0,256
1074,136,7,2,34,16,5.49,0.121,1,0,256
1075,6,0,0,2,1,-5.51,0.1208,1,0,256
1076,96,1,1,27,11,-2.86,0.1207,1,0,256
1077,59,0,0,26,8,0.26,0.1205,1,0,256
1078,20,0,0,9,3,-5.05,0.1203,1,0,256
1079,21,0,0,12,3,-3.71,0.1202,1,0,256
1080,128,3,3,45,14,4.92,0.12,1,0,256
1081,21,0,0,10,3,-4.71,0.1198,1,0,256
1082,77,0,0,25,10,-3.37,0.1197,1,0,256
1083,80,0,0,28,10,-3.55,0.1195,1,0,256
1084,27,0,0,10,4,-5.97,0.1193,1,0,256
1085,257,1,1,36,19,-11.67,0.1192,0,0,256
1086,84,1,1,33,11,-2.39,0.119,1,0,256
1087,92,0,0,30,11,-0.82,0.1188,1,0,256
1088,195,2,2,36,16,-7.85,0.1187,0,0,256
1089,6,0,0,3,1,-4.11,0.1185,1,0,256
1090,13,0,0,6,2,-4.43,0.1183,1,0,256
1091,90,1,1,32,11,-0.8,0.1182,1,0,256
1092,50,0,0,22,7,-4.3,0.118,1,0,256
1093,166,0,0,36,18,-6.56,0.1178,0,0,257
1094,81,1,1,32,10,1.89,0.1177,1,0,257
1095,31,0,0,10,4,-4.11,0.1175,1,0,257
1096,41,1,1,17,6,-4.26,0.1173,1,0,257
1097,6,0,0,3,1,-4.21,0.1172,1,0,257
1098,37,1,1,16,5,-2.67,0.117,1,0,257
1099,50,1,1,22,7,-0.6,0.1168,1,0,257
1100,40,1,1,15,5,-1.15,0.1167,1,0,257
1101,7,0,0,3,1,-4.27,0.1165,1,0,257
1102,397,2,2,42,20,-20.07,0.1163,1,0,257
1103,7,0,0,1,1,-4.87,0.1162,1,0,257
1104,6,0,0,3,1,-5.11,0.116,1,0,257
1105,22,0,0,11,3,-4.12,0.1158,1,0,257
1106,27,0,0,9,4,-4.87,0.1157,1,0,257
1107,55,0,0,28,8,-4.5,0.1155,1,0,257
1108,95,1,1,38,12,-1.25,0.1153,1,0,257
1109,48,1,1,13,5,-0.83,0.1152,0,0,257
1110,151,0,0,35,15,-3.71,0.115,1,0,257
1111,20,0,0,7,3,-5.25,0.1148,1,0,257
1112,27,2,2,13,4,-3.22,0.1147,1,0,257
1113,48,0,0,23,6,-0.88,0.1145,1,0,257
1114,29,0,0,13,4,-3.44,0.1143,1,0,257
1115,13,0,0,7,2,-4.08,0.1142,1,0,257
1116,65,0,0,27,9,-4.05,0.114,1,0,257
1117,98,3,3,29,12,-1.23,0.1138,1,0,257
1118,108,7,2,37,14,3.42,0.1137,0,0,257
1119,20,0,0,8,3,-4.0,0.1135,1,0,257
1120,129,1,1,40,14,2.31,0.1133,1,0,257
1121,13,0,0,5,2,-5.78,0.1132,1,0,257
1122,46,1,1,22,6,-0.51,0.113,1,0,257
1123,28,0,0,11,4,-3.88,0.1128,1,0,257
1124,39,0,0,16,5,-4.34,0.1127,1,0,257
1125,150,6,1,38,16,5.0,0.1125,1,0,257
1126,30,0,0,15,4,-3.0,0.1123,1,0,257
1127,16,0,0,5,2,-4.76,0.1122,1,0,257
1128,21,0,0,12,3,-2.41,0.112,1,0,257
1129,29,0,0,13,4,-2.99,0.1118,1,0,257
1130,97,0,0,33,13,-0.02,0.1117,0,0,258
1131,94,1,1,28,11,3.61,0.1115,1,0,258
1132,70,1,1,20,7,-1.95,0.1113,0,0,258
1133,37,1,1,14,5,-3.77,0.1112,1,0,258
1134,44,0,0,18,6,-3.94,0.111,1,0,258
1135,20,0,0,9,3,-4.05,0.1108,1,0,258
1136,28,0,0,13,4,-4.03,0.1107,1,0,258
1137,65,1,1,26,9,-0.5,0.1105,0,0,258
1138,23,0,0,10,3,-4.23,0.1103,1,0,258
1139,120,0,0,35,15,-2.1,0.1102,1,0,258
1140,28,0,0,11,4,-4.63,0.11,1,0,258
1141,130,1,1,32,14,-1.95,0.1098,1,0,258
1142,93,3,3,32,11,0.27,0.1097,0,0,258
1143,51,0,0,22,6,-3.16,0.1095,1,0,258
1144,87,3,3,25,10,-2.37,0.1093,1,0,258
1145,22,0,0,9,3,-4.47,0.1092,1,0,258
1146,5,0,0,4,1,-4.8,0.109,1,0,258
1147,14,0,0,6,2,-4.89,0.1088,1,0,258
1148,22,0,0,11,3,-4.47,0.1087,1,0,258
1149,69,1,1,26,9,-0.39,0.1085,0,0,260
1150,14,0,0,8,2,-3.39,0.1083,1,0,260
1151,27,2,2,16,4,-2.32,0.1082,1,0,260
1152,71,0,0,28,9,-0.31,0.108,1,0,260
1153,13,0,0,7,2,-4.13,0.1078,1,0,260
1154,97,1,1,26,12,-4.27,0.1077,1,0,260
1155,115,2,2,28,13,-2.6,0.1075,0,0,260
1156,59,1,1,19,6,-3.09,0.1073,0,0,260
1157,187,0,0,33,16,-7.27,0.1072,1,0,260
1158,116,1,1,31,12,-1.71,0.107,1,0,260
1159,97,2,2,32,12,-2.27,0.1068,1,0,260
1160,63,0,0,23,8,-1.98,0.1067,0,0,261
1161,61,1,1,20,8,-2.11,0.1065,1,0,261
1162,54,2,2,22,7,-2.64,0.1063,1,0,261
1163,62,1,1,19,8,-3.72,0.1062,1,0,261
1164,27,0,0,11,4,-5.17,0.106,1,0,261
1165,50,0,0,18,7,-5.55,0.1058,1,0,261
1166,7,0,0,2,1,-5.02,0.1057,1,0,261
1167,201,2,2,37,18,-7.06,0.1055,0,0,261
1168,49,1,1,19,7,-1.49,0.1053,0,0,261
1169,78,3,3,28,10,-1.23,0.1052,1,0,261
1170,57,0,0,27,7,0.28,0.105,1,0,261
1171,167,2,2,47,17,2.53,0.1048,1,0,261
1172,13,0,0,3,2,-5.38,0.1047,1,0,261
1173,32,1,1,15,4,-2.27,0.1045,1,0,261
1174,40,2,2,13,5,-1.4,0.1043,1,0,261
1175,66,1,1,23,8,-0.96,0.1042,1,0,261
1176,67,0,0,30,8,-0.47,0.104,1,0,261
1177,20,0,0,8,3,-5.5,0.1038,1,0,261
1178,114,2,2,38,13,-1.64,0.1037,0,0,261
1179,145,3,3,29,14,-1.65,0.1035,0,0,261
1180,20,0,0,11,3,-3.4,0.1033,1,0,261
1181,37,1,1,16,5,-1.62,0.1032,1,0,261
1182,13,0,0,8,2,-3.93,0.103,1,0,261
1183,123,5,0,34,13,4.47,0.1028,1,0,261
1184,90,0,0,26,10,-2.35,0.1027,1,0,261
1185,290,5,0,37,19,-17.5,0.1025,1,0,261
1186,121,4,4,27,11,-2.76,0.1023,1,0,261
1187,76,2,2,26,10,-1.26,0.1022,1,0,261
1188,20,1,1,10,3,-3.2,0.102,1,0,261
1189,62,1,1,27,8,-0.37,0.1018,1,0,261
1190,13,0,0,5,2,-5.23,0.1017,1,0,261
1191,6,0,0,3,1,-4.21,0.1015,1,0,261
1192,400,5,5,61,23,-40.8,0.1013,0,1,261
1193,60,0,0,21,7,-2.3,0.1012,1,0,261
1194,27,0,0,11,4,-4.67,0.101,1,0,261
1195,65,2,2,26,9,-4.45,0.1008,1,0,261
1196,20,0,0,8,3,-5.05,0.1007,1,0,261
1197,58,0,0,31,8,-1.13,0.1005,1,0,261
1198,182,3,3,35,15,-0.87,0.1003,0,0,261
1199,30,1,1,14,4,-3.4,0.1002,1,0,261
1200,36,0,0,15,5,-4.11,0.1,1,0,261
1201,92,2,2,36,11,0.93,0.0998,1,0,261
1202,18,0,0,4,2,-5.43,0.0997,1,0,261
1203,13,0,0,9,2,-3.73,0.0995,1,0,261
1204,44,0,0,17,6,-4.54,0.0993,1,0,261
1205,7,0,0,2,1,-4.57,0.0992,1,0,261
1206,118,1,1,31,12,-2.68,0.099,0,0,261
1207,20,0,0,10,3,-4.7,0.0988,1,0,261
1208,49,1,1,21,7,-3.79,0.0987,1,0,261
1209,68,2,2,21,8,-4.03,0.0985,1,0,261
1210,60,0,0,22,6,-4.05,0.0983,0,0,261
1211,13,0,0,9,2,-4.03,0.0982,1,0,261
1212,20,0,0,10,3,-4.8,0.098,1,0,261
1213,101,1,1,32,13,-2.11,0.0978,0,0,262
1214,66,2,2,27,9,-1.61,0.0977,1,0,262
1215,22,0,0,8,3,-6.32,0.0975,1,0,262
1216,21,0,0,11,3,-3.91,0.0973,1,0,262
1217,56,1,1,24,8,-1.11,0.0972,0,0,262
1218,71,1,1,22,8,-0.96,0.097,1,0,262
1219,15,0,0,10,2,-3.2,0.0968,1,0,262
1220,95,2,2,36,11,2.45,0.0967,1,0,262
1221,20,1,1,9,3,-3.85,0.0965,1,0,262
1222,155,1,1,42,15,-4.45,0.0963,0,0,262
1223,108,1,1,36,13,3.82,0.0962,0,0,263
1224,27,1,1,10,4,-3.47,0.096,1,0,263
1225,157,8,3,59,19,11.28,0.0958,1,0,263
1226,28,0,0,13,4,-3.08,0.0957,1,0,263
1227,20,0,0,7,3,-5.7,0.0955,1,0,263
1228,20,0,0,12,3,-3.5,0.0953,1,0,263
1229,45,0,0,20,6,-2.3,0.0952,1,0,263
1230,5,0,0,4,1,-3.9,0.095,1,0,263
1231,13,0,0,5,2,-4.78,0.0948,1,0,263
1232,84,0,0,29,9,-1.99,0.0947,1,0,263
1233,43,0,0,17,6,-3.58,0.0945,1,0,263
1234,59,1,1,25,8,0.21,0.0943,1,0,263
1235,28,1,1,11,4,-4.08,0.0942,1,0,263
1236,77,3,3,25,9,2.03,0.094,1,0,263
1237,78,0,0,32,11,-3.18,0.0938,1,0,263
1238,98,1,1,38,13,-0.08,0.0937,1,0,263
1239,27,0,0,9,4,-4.82,0.0935,1,0,263
1240,206,2,2,41,19,-1.46,0.0933,1,0,263
1241,24,0,0,10,3,-2.94,0.0932,1,0,263
1242,400,3,3,44,23,-5.95,0.093,0,1,263
1243,47,1,1,18,6,-3.87,0.0928,1,0,263
1244,59,2,2,22,8,-1.59,0.0927,1,0,263
1245,20,0,0,10,3,-4.4,0.0925,1,0,263
1246,34,1,1,13,5,-2.94,0.0923,1,0,263
1247,23,0,0,15,3,-2.38,0.0922,1,0,263
1248,110,3,3,33,13,1.8,0.092,1,0,263
1249,23,0,0,11,3,-3.28,0.0918,1,0,263
1250,51,0,0,23,7,-2.01,0.0917,1,0,263
1251,44,1,1,19,6,-1.29,0.0915,1,0,263
1252,81,2,2,35,10,2.69,0.0913,1,0,263
1253,60,0,0,23,8,-1.55,0.0912,1,0,263
1254,45,0,0,18,6,-3.3,0.091,1,0,263
1255,13,0,0,5,2,-4.78,0.0908,1,0,263
1256,77,1,1,24,10,-0.92,0.0907,1,0,263
1257,100,1,1,26,12,-6.1,0.0905,1,0,263
1258,52,0,0,18,7,-5.57,0.0903,1,0,263
1259,95,2,2,29,12,-2.7,0.0902,1,0,263
1260,108,2,2,28,11,-0.48,0.09,1,0,263
1261,84,2,2,29,9,-0.59,0.0898,0,0,263
1262,20,0,0,11,3,-3.05,0.0897,1,0,263
1263,126,1,1,34,11,-1.91,0.0895,1,0,263
1264,15,0,0,9,2,-3.95,0.0893,1,0,263
1265,210,3,3,43,19,-5.95,0.0892,1,0,263
1266,289,1,1,41,21,-22.99,0.089,0,0,263
1267,53,0,0,19,5,-2.68,0.0888,1,0,263
1268,35,0,0,13,5,-5.1,0.0887,1,0,263
1269,76,3,3,27,10,-0.96,0.0885,1,0,263
1270,20,0,0,9,3,-4.25,0.0883,1,0,263
1271,61,0,0,18,7,-3.26,0.0882,1,0,263
1272,45,2,2,20,6,-2.1,0.088,1,0,263
1273,153,0,0,34,14,-1.18,0.0878,1,0,263
1274,22,0,0,8,3,-4.42,0.0877,1,0,263
1275,82,1,1,26,10,0.13,0.0875,1,0,263
1276,65,0,0,26,8,-1.65,0.0873,1,0,263
1277,130,0,0,31,12,-6.05,0.0872,1,0,263
1278,153,2,2,41,14,2.82,0.087,1,0,263
1279,21,0,0,9,3,-3.71,0.0868,1,0,263
1280,44,1,1,19,6,-2.54,0.0867,1,0,263
1281,127,1,1,40,15,1.13,0.0865,1,0,263
1282,21,1,1,8,3,-3.81,0.0863,1,0,263
1283,89,0,0,19,6,-3.34,0.0862,1,0,264
1284,67,1,1,24,9,-2.27,0.086,1,0,264
1285,141,2,2,49,17,4.14,0.0858,1,0,264
1286,20,0,0,10,3,-4.9,0.0857,1,0,264
1287,13,0,0,7,2,-3.63,0.0855,1,0,264
1288,21,0,0,7,3,-5.21,0.0853,1,0,264
1289,169,7,2,36,17,3.76,0.0852,1,0,264
1290,6,0,0,3,1,-4.21,0.085,1,0,264
1291,67,1,1,27,10,-0.37,0.0848,0,0,264
1292,53,0,0,17,7,-4.73,0.0847,1,0,264
1293,173,3,3,35,13,-1.08,0.0845,0,0,264
1294,20,0,0,9,3,-4.15,0.0843,1,0,264
1295,101,1,1,38,14,-0.91,0.0842,1,0,264
1296,71,1,1,19,8,-6.56,0.084,0,0,264
1297,188,0,0,31,15,-3.43,0.0838,1,0,264
1298,151,0,0,45,16,0.39,0.0837,0,0,264
1299,128,2,2,30,13,0.37,0.0835,1,0,264
1300,57,0,0,20,8,-4.72,0.0833,1,0,264
1301,99,1,1,38,12,2.21,0.0832,1,0,264
1302,20,0,0,8,3,-5.05,0.083,1,0,264
1303,45,1,1,21,6,-1.25,0.0828,1,0,264
1304,125,3,3,35,13,1.35,0.0827,1,0,265
1305,21,0,0,9,3,-4.71,0.0825,1,0,265
1306,188,6,1,57,18,7.82,0.0823,1,0,265
1307,109,0,0,33,14,-4.94,0.0822,0,0,265
1308,295,2,2,36,21,-17.0,0.082,1,0,265
1309,28,0,0,12,4,-4.33,0.0818,1,0,265
1310,67,6,1,21,8,5.18,0.0817,0,0,265
1311,182,6,1,27,11,-0.42,0.0815,0,0,265
1312,400,2,2,45,20,-6.3,0.0813,0,1,265
1313,37,0,0,16,5,-2.32,0.0812,1,0,265
1314,28,1,1,11,4,-2.53,0.081,1,0,265
1315,52,0,0,22,7,-1.22,0.0808,1,0,265
1316,52,0,0,24,7,-2.57,0.0807,1,0,265
1317,88,2,2,23,6,1.02,0.0805,1,0,265
1318,69,0,0,32,9,0.86,0.0803,1,0,265
1319,52,1,1,15,6,-2.77,0.0802,1,0,265
1320,101,1,1,34,12,0.29,0.08,1,0,265
1321,36,0,0,15,5,-4.56,0.0798,1,0,265
1322,7,0,0,2,1,-4.57,0.0797,1,0,265
1323,46,0,0,19,6,-5.41,0.0795,1,0,265
1324,28,0,0,15,4,-1.98,0.0793,1,0,265
1325,124,3,3,37,14,-0.19,0.0792,0,0,265
1326,248,4,4,32,17,-0.53,0.079,1,0,265
1327,193,0,0,21,10,-6.93,0.0788,1,0,265
1328,81,0,0,15,5,-4.11,0.0787,1,0,265
1329,37,1,1,13,5,-4.57,0.0785,1,0,265
1330,20,0,0,9,3,-4.65,0.0783,1,0,265
1331,131,3,3,33,11,-1.11,0.0782,1,0,265
1332,5,0,0,3,1,-4.2,0.078,1,0,265
1333,20,0,0,9,3,-4.0,0.0778,1,0,265
1334,400,0,0,40,19,-21.1,0.0777,0,1,265
1335,46,0,0,19,6,-2.86,0.0775,1,0,265
1336,42,0,0,23,6,-0.17,0.0773,1,0,265
1337,130,0,0,38,15,-2.65,0.0772,1,0,265
1338,78,1,1,30,9,-0.28,0.077,1,0,265
1339,69,1,1,28,8,1.06,0.0768,1,0,265
1340,41,0,0,14,5,-4.16,0.0767,1,0,265
1341,91,2,2,29,10,1.29,0.0765,1,0,265
1342,73,0,0,26,10,-1.98,0.0763,1,0,265
1343,82,0,0,26,11,-4.22,0.0762,1,0,265
1344,31,1,1,12,4,-3.16,0.076,1,0,265
1345,256,10,5,45,19,-4.96,0.0758,0,0,265
1346,131,7,2,45,15,7.04,0.0757,1,0,265
1347,112,3,3,40,12,2.13,0.0755,1,0,265
1348,22,0,0,11,3,-3.02,0.0753,1,0,265
1349,137,2,2,29,12,-3.07,0.0752,1,0,265
1350,87,1,1,25,10,-0.82,0.075,1,0,265
1351,100,0,0,34,12,3.6,0.0748,1,0,265
1352,66,0,0,28,9,-2.41,0.0747,1,0,265
1353,77,3,3,28,11,-0.17,0.0745,1,0,265
1354,14,0,0,7,2,-4.54,0.0743,1,0,265
1355,73,1,1,30,10,-4.88,0.0742,1,0,265
1356,157,1,1,38,18,-0.92,0.074,1,0,265
1357,61,0,0,20,8,-4.01,0.0738,1,0,265
1358,171,4,4,50,18,4.44,0.0737,0,0,266
1359,85,2,2,32,11,0.9,0.0735,1,0,266
1360,122,0,0,37,14,4.68,0.0733,1,0,266
1361,110,1,1,35,13,0.4,0.0732,1,0,266
1362,28,1,1,14,4,-3.13,0.073,1,0,266
1363,400,7,2,51,23,0.35,0.0728,0,1,266
1364,30,0,0,9,4,-5.35,0.0727,1,0,266
1365,23,0,0,11,3,-2.93,0.0725,1,0,266
1366,47,1,1,22,6,0.83,0.0723,1,0,266
1367,114,2,2,31,11,0.46,0.0722,0,0,266
1368,16,0,0,9,2,-2.66,0.072,1,0,266
1369,15,0,0,7,2,-4.25,0.0718,1,0,266
1370,102,1,1,32,11,-0.42,0.0717,1,0,266
1371,359,7,2,40,21,-36.34,0.0715,0,0,266
1372,50,0,0,18,6,-3.3,0.0713,1,0,266
1373,80,1,1,23,9,-2.5,0.0712,1,0,266
1374,20,0,0,8,3,-4.95,0.071,1,0,266
1375,5,0,0,3,1,-4.3,0.0708,1,0,266
1376,150,1,1,41,15,-0.1,0.0707,0,0,267
1377,50,0,0,19,6,-4.2,0.0705,1,0,267
1378,49,0,0,22,7,-3.19,0.0703,1,0,267
1379,68,2,2,33,9,2.07,0.0702,1,0,267
1380,117,1,1,38,14,2.63,0.07,1,0,267
1381,7,0,0,4,1,-4.32,0.0698,1,0,267
1382,43,0,0,11,6,-6.28,0.0697,0,0,268
1383,5,0,0,4,1,-4.0,0.0695,1,0,268
1384,45,0,0,18,6,-4.2,0.0693,1,0,268
1385,90,2,2,28,11,-2.95,0.0692,0,0,268
1386,291,3,3,34,16,-30.16,0.069,0,0,269
1387,44,0,0,17,6,-4.64,0.0688,1,0,269
1388,117,2,2,35,14,2.23,0.0687,1,0,269
1389,140,1,1,40,16,1.35,0.0685,1,0,269
1390,93,0,0,39,11,2.27,0.0683,1,0,269
1391,65,1,1,23,9,-3.15,0.0682,1,0,269
1392,113,1,1,38,14,1.92,0.068,1,0,269
1393,13,0,0,7,2,-4.63,0.0678,1,0,269
1394,91,1,1,26,10,-4.86,0.0677,0,0,269
1395,400,2,2,32,18,-18.25,0.0675,0,1,269
1396,58,1,1,28,8,0.52,0.0673,0,0,269
1397,79,2,2,28,9,1.66,0.0672,1,0,269
1398,29,0,0,14,4,-2.79,0.067,1,0,269
1399,57,0,0,26,7,-0.52,0.0668,1,0,269
1400,133,1,1,28,12,-2.93,0.0667,1,0,269
1401,13,0,0,8,2,-4.23,0.0665,1,0,269
1402,60,0,0,26,8,-1.6,0.0663,1,0,269
1403,22,0,0,11,3,-3.67,0.0662,1,0,269
1404,28,1,1,16,4,-1.63,0.066,1,0,269
1405,74,1,1,31,10,-0.64,0.0658,0,0,269
1406,77,0,0,28,10,-1.57,0.0657,1,0,269
1407,344,3,3,30,18,-7.99,0.0655,1,0,269
1408,120,0,0,33,14,-2.45,0.0653,1,0,269
1409,154,4,4,42,16,4.01,0.0652,1,0,269
1410,114,2,2,34,11,-0.49,0.065,0,0,269
1411,69,1,1,15,5,-3.09,0.0648,1,0,269
1412,77,1,1,29,10,0.93,0.0647,1,0,269
1413,21,0,0,8,3,-6.01,0.0645,1,0,269
1414,133,2,2,33,14,-0.38,0.0643,1,0,269
1415,78,0,0,27,10,-3.23,0.0642,1,0,269
1416,50,1,1,18,6,-1.3,0.064,0,0,269
1417,123,3,3,31,13,0.47,0.0638,0,0,269
1418,58,0,0,28,8,-1.78,0.0637,1,0,269
1419,120,2,2,47,14,3.6,0.0635,1,0,269
1420,31,0,0,13,4,-4.16,0.0633,1,0,269
1421,322,0,0,35,16,-34.02,0.0632,1,0,271
1422,96,0,0,31,11,-2.96,0.063,0,0,272
1423,36,0,0,17,5,-1.41,0.0628,1,0,272
1424,22,0,0,9,3,-4.32,0.0627,1,0,272
1425,29,0,0,12,4,-3.19,0.0625,1,0,272
1426,186,0,0,23,10,-4.91,0.0623,0,0,272
1427,14,0,0,5,2,-4.29,0.0622,1,0,272
1428,384,1,1,38,20,-38.54,0.062,1,0,272
1429,29,0,0,12,4,-3.84,0.0618,1,0,272
1430,179,5,5,43,17,4.76,0.0617,0,0,272
1431,106,1,1,34,13,-1.51,0.0615,1,0,272
1432,61,0,0,27,8,-0.41,0.0613,1,0,272
1433,70,0,0,30,9,-0.75,0.0612,1,0,272
1434,258,2,2,52,24,-9.58,0.061,1,0,272
1435,6,0,0,3,1,-4.21,0.0608,1,0,272
1436,261,0,0,37,15,-10.81,0.0607,1,0,272
1437,42,1,1,19,6,-3.47,0.0605,1,0,272
1438,128,1,1,33,15,-4.73,0.0603,1,0,272
1439,44,1,1,22,6,-0.84,0.0602,1,0,272
1440,400,2,2,30,14,-10.05,0.06,0,1,272
1441,98,1,1,34,12,1.72,0.0598,1,0,272
1442,29,1,1,16,4,-0.39,0.0597,1,0,272
1443,105,1,1,32,12,-2.55,0.0595,0,0,272
1444,121,1,1,38,14,-0.56,0.0593,1,0,272
1445,83,1,1,29,10,-1.93,0.0592,1,0,272
1446,259,7,2,38,16,-0.79,0.059,1,0,272
1447,337,4,4,49,21,-24.07,0.0588,1,0,272
1448,61,0,0,28,8,-1.81,0.0587,1,0,272
1449,55,3,3,24,7,2.8,0.0585,1,0,272
1450,63,0,0,19,7,-4.23,0.0583,0,0,272
1451,67,0,0,19,8,-6.12,0.0582,1,0,272
1452,39,1,1,20,5,0.91,0.058,1,0,272
1453,90,1,1,26,12,-1.65,0.0578,0,0,272
1454,137,4,4,33,14,1.68,0.0577,1,0,272
1455,28,0,0,10,4,-3.43,0.0575,1,0,272
1456,172,1,1,39,15,-3.27,0.0573,1,0,272
1457,5,0,0,3,1,-4.3,0.0572,1,0,272
1458,76,2,2,31,9,1.34,0.057,1,0,273
1459,50,1,1,18,7,-3.05,0.0568,1,0,273
1460,47,0,0,23,6,-1.87,0.0567,1,0,273
1461,74,3,3,23,9,0.41,0.0565,1,0,273
1462,122,3,3,33,14,2.83,0.0563,1,0,273
1463,162,4,4,45,19,0.03,0.0562,1,0,273
1464,110,7,2,35,12,5.2,0.056,1,0,273
1465,400,1,1,43,28,-19.6,0.0558,0,1,273
1466,61,1,1,33,8,2.69,0.0557,1,0,273
1467,229,3,3,44,23,-3.44,0.0555,1,0,274
1468,207,1,1,34,19,-5.72,0.0553,0,0,274
1469,86,6,1,29,9,-0.01,0.0552,1,0,274
1470,206,1,1,44,18,-0.66,0.055,1,0,274
1471,106,2,2,26,11,-2.96,0.0548,0,0,274
1472,52,0,0,19,7,-2.72,0.0547,1,0,274
1473,50,0,0,22,7,-2.8,0.0545,1,0,274
1474,285,2,2,39,36,-22.7,0.0543,1,0,274
1475,53,0,0,17,7,-3.48,0.0542,1,0,274
1476,201,11,6,55,21,16.39,0.054,1,0,274
1477,139,1,1,41,13,1.16,0.0538,0,0,274
1478,88,2,2,26,11,-2.08,0.0537,1,0,274
1479,357,2,2,32,20,-9.92,0.0535,1,0,275
1480,48,0,0,17,7,-2.58,0.0533,0,0,275
1481,7,0,0,2,1,-4.57,0.0532,1,0,275
1482,149,3,3,56,17,6.36,0.053,1,0,275
1483,38,1,1,14,5,-3.33,0.0528,1,0,275
1484,85,2,2,35,11,1.75,0.0527,1,0,275
1485,52,0,0,22,7,-2.72,0.0525,1,0,275
1486,137,0,0,43,15,0.08,0.0523,1,0,275
1487,20,1,1,7,3,-3.15,0.0522,1,0,275
1488,70,1,1,28,9,-0.3,0.052,1,0,275
1489,110,0,0,34,13,-2.9,0.0518,1,0,275
1490,21,0,0,12,3,-2.26,0.0517,1,0,275
1491,27,0,0,12,4,-4.37,0.0515,1,0,275
1492,57,0,0,24,8,-1.37,0.0513,1,0,275
1493,128,4,4,37,13,2.72,0.0512,1,0,275
1494,181,6,1,39,19,-2.46,0.051,1,0,275
1495,400,1,1,36,33,-25.95,0.0508,0,1,275
1496,68,0,0,21,9,-4.38,0.0507,1,0,275
1497,359,2,2,45,24,-20.94,0.0505,1,0,275
1498,95,1,1,34,13,1.1,0.0503,0,0,275
1499,149,3,3,47,17,1.81,0.0502,1,0,275
1500,20,0,0,8,3,-5.0,0.05,1,0,275
1501,116,1,1,31,14,-1.56,0.05,1,0,275
1502,400,1,1,45,19,-50.7,0.05,0,1,275
1503,224,3,3,44,18,4.36,0.05,0,1,275
1504,112,1,1,38,15,0.43,0.05,1,0,275
1505,28,0,0,16,4,-2.08,0.05,1,0,275
1506,71,0,0,27,9,-1.66,0.05,1,0,275
1507,76,1,1,20,9,-4.46,0.05,1,0,275
1508,87,0,0,36,11,-1.02,0.05,1,0,275
1509,72,3,3,33,10,2.28,0.05,0,0,275
1510,101,9,4,41,12,9.59,0.05,0,0,275
1511,112,3,3,40,13,4.23,0.05,1,0,275
1512,131,1,1,37,14,-3.46,0.05,0,0,275
1513,146,2,2,41,16,0.44,0.05,0,0,275
1514,153,1,1,43,14,0.22,0.05,1,0,275
1515,20,0,0,10,3,-3.35,0.05,1,0,275
1516,27,0,0,11,4,-4.17,0.05,1,0,275
1517,31,0,0,14,4,-2.36,0.05,1,0,275
1518,81,0,0,25,9,-2.46,0.05,0,0,275
1519,222,9,4,37,21,-5.37,0.05,1,0,275
1520,79,1,1,30,10,1.26,0.05,1,0,275
1521,400,1,1,42,21,-19.25,0.05,0,1,276
1522,112,0,0,29,11,-2.82,0.05,0,0,276
1523,94,1,1,31,10,-0.39,0.05,0,0,276
1524,185,2,2,23,12,-2.25,0.05,1,0,276
1525,42,1,1,17,6,-1.47,0.05,1,0,276
1526,225,1,1,40,13,0.85,0.05,0,0,276
1527,400,2,2,31,24,-17.5,0.05,0,1,277
1528,190,3,3,40,16,-3.1,0.05,0,0,277
1529,68,0,0,17,6,-1.93,0.05,1,0,277
1530,400,0,0,28,16,-16.0,0.05,0,1,277
1531,69,2,2,22,9,-2.09,0.05,0,0,277
1532,79,2,2,27,10,0.41,0.05,1,0,277
1533,74,0,0,9,4,-4.84,0.05,1,0,277
1534,200,2,2,50,19,0.05,0.05,0,0,277
1535,42,1,1,22,6,-2.27,0.05,1,0,277
1536,82,1,1,29,10,-3.87,0.05,1,0,277
1537,159,2,2,47,17,2.01,0.05,1,0,277
1538,400,1,1,44,18,-32.6,0.05,0,1,277
1539,86,1,1,39,10,4.19,0.05,1,0,277
1540,36,0,0,12,5,-4.46,0.05,1,0,277
1541,232,2,2,22,11,-5.87,0.05,0,0,277
1542,77,1,1,27,9,-1.22,0.05,0,0,278
1543,332,1,1,24,13,-27.72,0.05,0,0,278
1544,89,1,1,31,10,2.01,0.05,1,0,278
1545,400,0,0,46,22,-16.55,0.05,0,1,278
1546,20,0,0,7,3,-5.1,0.05,1,0,278
1547,107,0,0,16,7,-6.17,0.05,1,0,278
1548,400,1,1,41,25,-12.2,0.05,0,1,278
1549,193,1,1,53,19,2.57,0.05,1,0,278
1550,20,0,0,11,3,-3.9,0.05,1,0,278
1551,111,2,2,32,13,-0.66,0.05,0,0,278
1552,98,2,2,29,11,-1.18,0.05,0,0,278
1553,22,1,1,12,3,-1.42,0.05,1,0,278
1554,400,1,1,57,22,3.5,0.05,0,1,278
1555,117,2,2,50,15,1.28,0.05,1,0,278
1556,134,0,0,31,14,-3.84,0.05,0,0,278
1557,43,0,0,4,3,-5.53,0.05,1,0,278
1558,20,0,0,9,3,-4.15,0.05,1,0,278
1559,67,1,1,26,8,0.43,0.05,0,0,278
1560,37,1,1,15,5,-2.52,0.05,1,0,278
1561,87,1,1,34,11,-1.17,0.05,0,0,278
1562,40,0,0,13,5,-6.4,0.05,1,0,278
1563,171,4,4,46,16,2.74,0.05,1,0,278
1564,220,3,3,50,18,1.45,0.05,1,0,278
1565,128,0,0,39,15,-2.38,0.05,1,0,278
1566,343,4,4,39,29,-23.53,0.05,1,0,278
1567,77,1,1,22,10,-2.22,0.05,1,0,278
1568,67,2,2,28,9,1.13,0.05,1,0,278
1569,13,0,0,9,2,-3.93,0.05,1,0,278
1570,78,2,2,21,10,-4.03,0.05,1,0,278
1571,179,3,3,32,18,-0.84,0.05,1,0,278
1572,66,0,0,22,8,-6.01,0.05,0,0,278
1573,81,1,1,24,9,-1.21,0.05,1,0,278
1574,55,1,1,25,7,-0.15,0.05,1,0,278
1575,82,1,1,23,10,-2.87,0.05,1,0,278
1576,151,0,0,36,18,-1.56,0.05,1,0,278
1577,77,1,1,25,10,-0.77,0.05,1,0,278
1578,96,2,2,38,11,4.44,0.05,1,0,278
1579,28,0,0,13,4,-2.93,0.05,1,0,278
1580,256,6,1,32,17,-2.71,0.05,0,0,278
1581,98,4,4,31,12,2.57,0.05,1,0,278
1582,92,4,4,32,12,3.93,0.05,1,0,278
1583,51,0,0,19,7,-4.11,0.05,1,0,278
1584,72,0,0,22,10,-3.62,0.05,0,0,278
1585,76,1,1,31,10,0.79,0.05,1,0,278
1586,193,4,4,43,21,-3.08,0.05,1,0,279
1587,45,2,2,22,6,-1.35,0.05,1,0,279
1588,115,2,2,49,15,4.6,0.05,0,0,279
1589,120,2,2,34,14,1.95,0.05,1,0,279
1590,85,1,1,27,9,-0.05,0.05,1,0,279
1591,138,1,1,39,17,0.02,0.05,0,0,279
1592,117,2,2,36,14,-0.07,0.05,1,0,279
1593,5,0,0,3,1,-4.15,0.05,1,0,279
1594,59,0,0,23,8,-2.04,0.05,1,0,279
1595,115,1,1,34,13,-2.3,0.05,0,0,279
1596,108,1,1,35,13,0.87,0.05,1,0,279
1597,68,0,0,26,8,-1.73,0.05,1,0,279
1598,310,1,1,43,23,-11.6,0.05,1,0,279
1599,147,2,2,45,17,2.23,0.05,1,0,279
1600,71,0,0,31,9,0.99,0.05,1,0,279
1601,74,2,2,20,8,0.11,0.05,0,0,280
1602,21,0,0,9,3,-3.66,0.05,1,0,280
1603,33,0,0,11,4,-3.73,0.05,1,0,280
1604,50,1,1,9,5,-4.95,0.05,1,0,280
1605,150,1,1,35,19,-2.95,0.05,0,0,280
1606,129,1,1,31,13,-0.04,0.05,1,0,280
1607,89,1,1,37,12,-0.59,0.05,0,0,280
1608,400,1,1,31,23,-20.0,0.05,0,1,280
1609,90,1,1,31,11,-3.7,0.05,1,0,280
1610,27,0,0,10,3,-3.27,0.05,1,0,280
1611,144,2,2,38,14,-0.74,0.05,0,0,280
1612,47,1,1,12,6,-4.57,0.05,1,0,280
1613,13,0,0,7,2,-4.58,0.05,1,0,280
1614,175,1,1,49,22,-7.0,0.05,1,0,280
1615,6,0,0,2,1,-4.51,0.05,1,0,280
1616,248,5,5,42,25,2.22,0.05,0,1,280
1617,82,0,0,31,11,-3.12,0.05,1,0,280
1618,77,1,1,22,10,-4.77,0.05,1,0,280
1619,138,0,0,11,5,-7.43,0.05,0,0,280
1620,53,0,0,22,7,-3.13,0.05,1,0,280
1621,75,1,1,27,8,0.55,0.05,1,0,280
1622,72,0,0,28,9,-0.47,0.05,1,0,280
1623,177,6,1,45,20,4.98,0.05,1,0,280
1624,86,0,0,34,11,-1.41,0.05,1,0,280
1625,322,7,2,42,29,-14.42,0.05,1,0,280
1626,21,0,0,10,3,-3.41,0.05,1,0,280
1627,144,2,2,40,15,1.71,0.05,0,0,280
1628,227,2,2,37,18,-5.92,0.05,1,0,280
1629,71,1,1,23,9,-1.71,0.05,1,0,280
1630,68,0,0,25,7,-2.98,0.05,1,0,280
1631,45,1,1,17,6,-2.5,0.05,1,0,280
1632,87,1,1,12,6,-4.07,0.05,1,0,280
1633,319,1,1,33,33,-33.49,0.05,0,0,281
1634,71,0,0,19,7,-3.61,0.05,0,0,281
1635,149,0,0,30,12,-3.14,0.05,1,0,281
1636,7,0,0,3,1,-4.17,0.05,1,0,281
1637,22,0,0,9,3,-4.22,0.05,1,0,281
1638,105,1,1,32,11,-1.05,0.05,1,0,281
1639,214,3,3,42,20,-7.44,0.05,1,0,281
1640,167,3,3,24,9,-2.57,0.05,0,0,282
1641,116,3,3,51,15,7.44,0.05,1,0,282
1642,162,0,0,25,13,-3.52,0.05,1,0,282
1643,104,0,0,30,12,-1.99,0.05,1,0,282
1644,185,1,1,34,15,-2.8,0.05,0,0,282
1645,42,0,0,17,5,-2.57,0.05,0,0,282
1646,124,1,1,21,9,-4.19,0.05,0,0,282
1647,400,6,1,44,44,-24.7,0.05,0,1,283
1648,22,0,0,9,3,-3.62,0.05,1,0,283
1649,289,0,0,21,12,-24.24,0.05,1,0,283
1650,119,1,1,29,11,-2.24,0.05,0,0,283
1651,50,0,0,25,7,-1.75,0.05,1,0,283
1652,218,0,0,37,14,-5.33,0.05,0,0,283
1653,362,5,5,44,20,-15.97,0.05,0,0,283
1654,120,0,0,37,13,-1.55,0.05,1,0,283
1655,20,0,0,7,3,-4.35,0.05,1,0,283
1656,135,3,3,36,13,2.25,0.05,1,0,283
1657,172,5,5,37,15,0.28,0.05,0,0,283
1658,74,0,0,22,8,-2.99,0.05,0,0,283
1659,201,1,1,51,21,2.04,0.05,0,0,283
1660,131,3,3,37,15,0.19,0.05,0,0,283
1661,91,4,4,22,12,-0.51,0.05,1,0,283
1662,232,2,2,32,16,-5.57,0.05,0,0,283
1663,77,1,1,31,10,-0.92,0.05,1,0,283
1664,20,0,0,6,3,-5.9,0.05,1,0,283
1665,46,0,0,18,6,-4.86,0.05,0,0,283
1666,47,0,0,22,6,-1.92,0.05,1,0,283
1667,197,10,5,48,19,14.28,0.05,0,1,283
1668,57,0,0,20,8,-3.47,0.05,0,0,283
1669,400,8,3,48,19,-4.55,0.05,0,1,283
1670,90,5,0,35,12,1.15,0.05,0,0,283
1671,174,3,3,40,20,2.76,0.05,1,0,283
1672,13,0,0,8,2,-3.78,0.05,1,0,283
1673,83,2,2,30,10,0.42,0.05,1,0,283
1674,109,1,1,36,13,-0.29,0.05,1,0,283
1675,92,0,0,35,12,-3.72,0.05,1,0,283
1676,113,0,0,36,14,-0.98,0.05,0,0,283
1677,42,0,0,14,5,-4.22,0.05,0,0,283
1678,92,0,0,29,11,-1.77,0.05,1,0,283
1679,20,1,1,10,3,-2.8,0.05,1,0,283
1680,29,0,0,13,4,-2.64,0.05,1,0,283
1681,400,2,2,42,31,-20.95,0.05,0,1,284
1682,27,0,0,10,4,-5.07,0.05,1,0,284
1683,103,0,0,35,12,-1.53,0.05,0,0,284
1684,20,0,0,10,3,-4.45,0.05,1,0,284
1685,135,0,0,44,16,-0.7,0.05,1,0,284
1686,153,5,0,38,16,4.12,0.05,1,0,284
1687,20,0,0,8,3,-4.4,0.05,1,0,284
1688,90,3,3,30,11,1.3,0.05,1,0,284
1689,29,0,0,14,4,-3.24,0.05,1,0,284
1690,28,0,0,13,4,-4.08,0.05,1,0,284
1691,154,4,4,48,19,3.41,0.05,1,0,284
1692,28,0,0,11,4,-4.18,0.05,1,0,284
1693,103,1,1,36,12,0.87,0.05,0,0,284
1694,43,1,1,20,6,-0.53,0.05,1,0,284
1695,28,0,0,15,4,-2.58,0.05,1,0,284
1696,13,0,0,7,2,-3.63,0.05,1,0,284
1697,20,0,0,8,3,-4.95,0.05,1,0,284
1698,15,0,0,9,2,-3.5,0.05,1,0,284
1699,96,1,1,31,12,-0.26,0.05,1,0,284
1700,349,2,2,50,37,-31.29,0.05,0,0,286
1701,156,7,2,42,18,5.84,0.05,1,0,286
1702,52,0,0,23,7,-1.22,0.05,1,0,286
1703,181,1,1,48,19,-1.71,0.05,1,0,286
1704,30,0,0,14,4,-3.45,0.05,1,0,286
1705,34,0,0,13,5,-4.29,0.05,0,0,286
1706,150,3,3,42,17,3.55,0.05,1,0,286
1707,85,1,1,33,11,2.65,0.05,0,0,286
1708,43,0,0,16,6,-3.88,0.05,1,0,286
1709,152,1,1,29,14,-3.92,0.05,1,0,286
1710,37,1,1,17,5,-1.27,0.05,1,0,286
1711,20,0,0,9,3,-4.75,0.05,1,0,286
1712,209,2,2,49,21,-3.14,0.05,1,0,286
1713,400,3,3,38,33,-22.25,0.05,0,1,286
1714,65,1,1,23,8,-0.7,0.05,1,0,286
1715,43,0,0,20,6,-1.63,0.05,1,0,286
1716,71,0,0,25,10,-3.16,0.05,1,0,286
1717,184,3,3,47,17,1.76,0.05,1,0,286
1718,148,1,1,42,17,2.57,0.05,1,0,286
1719,75,1,1,28,9,-1.45,0.05,0,0,286
1720,13,0,0,7,2,-3.58,0.05,1,0,286
1721,6,0,0,2,1,-4.51,0.05,1,0,286
1722,130,4,4,32,12,2.7,0.05,0,0,286
1723,91,2,2,33,11,1.94,0.05,1,0,286
1724,66,2,2,33,8,0.64,0.05,1,0,286
1725,62,1,1,23,8,-1.07,0.05,1,0,286
1726,70,3,3,24,9,-0.2,0.05,0,0,286
1727,28,0,0,12,4,-3.38,0.05,1,0,286
1728,186,2,2,39,15,-3.96,0.05,0,0,286
1729,42,1,1,18,6,-1.62,0.05,1,0,286
1730,52,1,1,27,7,0.63,0.05,1,0,286
1731,116,2,2,30,13,-1.61,0.05,0,0,286
1732,125,3,3,37,14,3.1,0.05,0,0,286
1733,77,0,0,31,10,0.73,0.05,1,0,286
1734,400,3,3,30,18,-13.05,0.05,0,1,286
1735,68,0,0,37,9,1.87,0.05,1,0,286
1736,85,1,1,29,10,-0.25,0.05,1,0,286
1737,6,0,0,3,1,-4.21,0.05,1,0,286
1738,42,0,0,20,6,-3.62,0.05,1,0,286
1739,7,0,0,4,1,-3.87,0.05,1,0,286
1740,126,0,0,45,15,3.59,0.05,0,0,286
1741,142,2,2,42,18,3.78,0.05,1,0,286
1742,54,0,0,21,7,-4.69,0.05,1,0,286
1743,78,0,0,33,11,-3.68,0.05,1,0,286
1744,20,0,0,8,3,-4.4,0.05,1,0,286
1745,125,0,0,42,16,1.55,0.05,1,0,286
1746,400,0,0,40,17,-21.1,0.05,0,1,286
1747,90,1,1,26,10,-2.4,0.05,1,0,286
1748,49,0,0,17,7,-5.24,0.05,1,0,286
1749,114,0,0,36,14,-4.09,0.05,1,0,286
1750,400,3,3,40,19,-5.45,0.05,0,1,286
1751,123,0,0,37,15,-1.63,0.05,1,0,286
1752,69,2,2,17,8,-1.94,0.05,1,0,286
1753,93,1,1,39,12,1.62,0.05,1,0,286
1754,217,3,3,42,19,-5.27,0.05,0,0,286
1755,342,1,1,42,20,-24.57,0.05,0,0,286
1756,133,4,4,39,13,4.12,0.05,0,0,286
1757,13,0,0,5,2,-5.78,0.05,1,0,286
1758,400,2,2,47,20,-26.1,0.05,0,1,286
1759,31,1,1,10,4,-5.01,0.05,1,0,286
1760,135,1,1,33,14,-1.2,0.05,1,0,286
1761,45,1,1,22,5,-0.4,0.05,0,0,286
1762,79,1,1,27,10,0.31,0.05,0,0,286
1763,74,1,1,30,10,-0.59,0.05,1,0,286
1764,296,6,1,44,22,-16.16,0.05,0,0,287
1765,6,0,0,3,1,-4.66,0.05,1,0,287
1766,91,3,3,37,11,3.99,0.05,1,0,287
1767,118,1,1,38,12,0.62,0.05,1,0,287
1768,125,1,1,38,14,1.7,0.05,1,0,287
1769,85,1,1,32,10,3.3,0.05,1,0,287
1770,28,0,0,11,4,-4.33,0.05,1,0,287
1771,150,3,3,34,15,1.3,0.05,1,0,287
1772,65,1,1,31,9,-1.1,0.05,1,0,287
1773,82,1,1,31,10,-1.27,0.05,1,0,287
1774,126,1,1,32,13,-1.21,0.05,1,0,287
1775,22,1,1,8,3,-4.87,0.05,1,0,287
1776,52,0,0,23,7,-2.87,0.05,1,0,287
1777,108,1,1,34,13,-0.98,0.05,1,0,287
1778,193,8,3,47,18,12.62,0.05,0,1,287
1779,170,0,0,44,17,1.3,0.05,1,0,287
1780,30,1,1,15,4,-1.4,0.05,1,0,287
1781,77,2,2,30,10,2.88,0.05,1,0,287
1782,105,0,0,40,13,1.35,0.05,1,0,287
1783,13,0,0,6,2,-5.38,0.05,1,0,287
1784,21,1,1,10,3,-1.76,0.05,1,0,287
1785,77,2,2,28,9,0.13,0.05,1,0,287
1786,118,1,1,33,13,-1.48,0.05,1,0,287
1787,30,0,0,12,4,-3.45,0.05,1,0,287
1788,68,0,0,22,9,-3.23,0.05,0,0,287
1789,52,1,1,23,7,0.28,0.05,1,0,287
1790,85,0,0,34,11,-0.15,0.05,1,0,287
1791,21,0,0,10,3,-3.81,0.05,1,0,287
1792,28,0,0,8,4,-5.53,0.05,1,0,287
1793,32,1,1,17,4,-0.87,0.05,1,0,287
1794,28,0,0,12,4,-3.53,0.05,1,0,287
1795,65,1,1,38,9,4.1,0.05,1,0,287
1796,22,1,1,6,3,-3.52,0.05,1,0,287
1797,44,1,1,20,5,0.46,0.05,1,0,287
1798,121,0,0,34,14,-1.86,0.05,1,0,287
1799,90,2,2,35,12,0.2,0.05,1,0,287
1800,400,1,1,28,15,-19.95,0.05,0,1,287
1801,22,0,0,11,3,-4.57,0.05,1,0,287
1802,6,0,0,3,1,-4.21,0.05,1,0,287
1803,400,1,1,41,19,-10.65,0.05,0,1,287
1804,102,0,0,30,12,-3.72,0.05,1,0,287
1805,36,0,0,18,5,-3.66,0.05,1,0,287
1806,44,0,0,19,6,-2.59,0.05,1,0,287
1807,65,0,0,35,9,-1.7,0.05,1,0,287
1808,37,1,1,15,5,-2.92,0.05,1,0,287
1809,79,0,0,26,11,-5.29,0.05,0,0,287
1810,23,0,0,9,3,-3.68,0.05,1,0,287
1811,85,0,0,30,10,-1.95,0.05,1,0,287
1812,400,1,1,49,19,-6.7,0.05,0,1,287
1813,51,0,0,27,7,-1.76,0.05,1,0,287
1814,31,0,0,12,4,-3.41,0.05,1,0,287
1815,103,1,1,34,11,-1.73,0.05,0,0,287
1816,20,0,0,10,3,-3.75,0.05,1,0,287
1817,296,3,3,38,17,-6.61,0.05,1,0,287
1818,95,1,1,32,11,-1.45,0.05,0,0,287
1819,45,1,1,15,6,-2.55,0.05,1,0,287
1820,179,7,2,37,16,4.56,0.05,0,0,287
1821,160,1,1,40,15,0.7,0.05,1,0,287
1822,400,1,1,52,18,-0.4,0.05,0,1,287
1823,27,1,1,16,4,-1.92,0.05,1,0,287
1824,54,0,0,15,6,-6.39,0.05,0,0,287
1825,21,0,0,10,3,-2.76,0.05,1,0,287
1826,201,0,0,41,17,-5.76,0.05,0,0,287
1827,6,0,0,3,1,-4.36,0.05,1,0,287
1828,53,0,0,26,7,-0.23,0.05,1,0,287
1829,29,0,0,13,4,-3.49,0.05,1,0,287
1830,400,3,3,40,25,-20.45,0.05,0,1,287
1831,27,0,0,11,4,-4.72,0.05,1,0,287
1832,71,0,0,25,10,-2.81,0.05,1,0,287
1833,16,0,0,8,2,-3.86,0.05,1,0,287
1834,156,3,3,40,14,-2.16,0.05,0,0,287
1835,93,0,0,25,11,-3.63,0.05,1,0,287
1836,104,4,4,30,12,0.21,0.05,0,0,287
1837,61,0,0,20,8,-4.91,0.05,1,0,287
1838,80,1,1,17,9,-3.2,0.05,1,0,287
1839,128,2,2,38,14,-0.93,0.05,0,0,287
1840,21,0,0,10,3,-3.51,0.05,1,0,287
1841,174,4,4,41,16,7.91,0.05,0,1,287
1842,69,0,0,25,9,-3.14,0.05,1,0,287
1843,82,0,0,28,10,0.13,0.05,1,0,287
1844,194,1,1,39,17,-4.79,0.05,0,0,287
1845,58,2,2,21,8,0.02,0.05,1,0,287
1846,23,1,1,8,3,-2.98,0.05,1,0,287
1847,88,1,1,24,8,-2.48,0.05,1,0,287
1848,70,0,0,21,9,-3.05,0.05,1,0,287
1849,48,0,0,15,6,-4.58,0.05,1,0,287
1850,25,0,0,8,3,-4.5,0.05,1,0,287
1851,27,1,1,8,4,-3.57,0.05,1,0,287
1852,145,4,4,39,14,5.5,0.05,1,0,287
1853,209,1,1,63,24,5.36,0.05,1,0,287
1854,52,1,1,23,7,-2.07,0.05,1,0,287
1855,44,1,1,13,5,-5.44,0.05,0,0,287
1856,400,1,1,46,21,-7.15,0.05,0,1,287
1857,7,0,0,3,1,-4.27,0.05,1,0,287
1858,167,8,3,33,17,2.33,0.05,1,0,287
1859,76,0,0,29,10,-3.81,0.05,0,0,287
1860,400,3,3,36,16,-2.5,0.05,0,1,287
1861,154,1,1,36,15,0.86,0.05,1,0,287
1862,35,0,0,16,5,-2.1,0.05,1,0,287
1863,49,1,1,21,6,-2.49,0.05,1,0,287
1864,35,0,0,14,5,-4.05,0.05,1,0,287
1865,21,0,0,10,3,-3.96,0.05,1,0,287
1866,133,0,0,34,15,0.67,0.05,1,0,287
1867,63,1,1,18,8,-5.28,0.05,1,0,287
1868,125,1,1,43,14,-0.75,0.05,1,0,287
1869,126,0,0,43,15,-1.31,0.05,0,0,288
1870,91,1,1,27,11,-3.26,0.05,0,0,288
1871,71,0,0,37,10,0.19,0.05,1,0,288
1872,87,1,1,31,11,0.13,0.05,1,0,288
1873,119,0,0,31,14,-5.64,0.05,0,0,288
1874,49,0,0,23,7,-2.89,0.05,1,0,288
1875,72,0,0,29,9,-0.27,0.05,1,0,288
1876,45,0,0,16,6,-3.65,0.05,1,0,288
1877,114,2,2,25,13,-1.64,0.05,1,0,288
1878,20,0,0,9,3,-4.6,0.05,1,0,288
1879,13,0,0,5,2,-3.78,0.05,1,0,288
1880,138,1,1,56,18,2.57,0.05,1,0,288
1881,36,0,0,12,5,-4.11,0.05,1,0,288
1882,95,1,1,32,11,-2.7,0.05,1,0,288
1883,68,0,0,26,9,3.62,0.05,1,0,288
1884,400,4,4,45,19,-3.6,0.05,0,1,288
1885,61,0,0,25,7,-0.86,0.05,1,0,288
1886,27,0,0,10,4,-5.02,0.05,1,0,288
1887,13,0,0,7,2,-5.08,0.05,1,0,288
1888,76,1,1,34,10,2.14,0.05,1,0,288
1889,199,3,3,56,21,5.86,0.05,1,0,288
1890,13,0,0,6,2,-4.53,0.05,1,0,288
1891,76,2,2,30,10,1.49,0.05,0,0,288
1892,88,0,0,38,12,-1.18,0.05,1,0,288
1893,93,1,1,26,12,-3.23,0.05,1,0,288
1894,101,0,0,34,12,-1.81,0.05,0,0,288
1895,142,4,4,42,16,2.23,0.05,1,0,288
1896,110,2,2,43,15,-2.55,0.05,1,0,288
1897,182,2,2,41,19,0.48,0.05,0,0,288
1898,60,0,0,26,8,-3.6,0.05,1,0,288
1899,239,2,2,55,25,-10.29,0.05,0,0,288
1900,65,0,0,20,7,-3.6,0.05,0,0,288
1901,21,0,0,6,3,-4.61,0.05,1,0,288
1902,50,1,1,17,6,-1.4,0.05,1,0,288
1903,27,0,0,12,4,-2.92,0.05,1,0,288
1904,51,1,1,24,7,-1.51,0.05,1,0,288
1905,23,0,0,10,3,-3.38,0.05,1,0,288
1906,23,0,0,12,3,-2.23,0.05,1,0,288
1907,350,10,0,46,39,-7.75,0.05,1,0,288
1908,6,0,0,2,1,-4.51,0.05,1,0,288
1909,201,0,0,50,20,0.04,0.05,1,0,288
1910,58,0,0,24,8,-1.33,0.05,1,0,288
1911,29,0,0,12,4,-4.19,0.05,1,0,288
1912,110,1,1,35,11,0.75,0.05,1,0,288
1913,96,1,1,36,12,-0.11,0.05,0,0,288
1914,252,3,3,36,28,-20.07,0.05,1,0,288
1915,400,3,3,32,33,-26.15,0.05,0,1,288
1916,71,0,0,27,9,-4.91,0.05,1,0,288
1917,84,1,1,36,10,-0.49,0.05,1,0,288
1918,142,0,0,22,12,-4.92,0.05,1,0,288
1919,400,7,2,53,23,-7.65,0.05,0,1,288
1920,32,1,1,10,4,-3.62,0.05,1,0,288
1921,219,2,2,55,24,-5.39,0.05,1,0,288
1922,157,3,3,54,18,6.53,0.05,1,0,288
1923,196,3,3,42,20,-3.46,0.05,0,0,288
1924,200,4,4,51,20,-2.35,0.05,0,0,289
1925,50,1,1,21,7,-2.0,0.05,1,0,289
1926,20,0,0,9,3,-4.7,0.05,1,0,289
1927,104,0,0,37,13,-0.39,0.05,1,0,289
1928,137,2,2,29,14,-5.32,0.05,1,0,289
1929,23,0,0,11,3,-3.78,0.05,1,0,289
1930,387,7,2,45,48,-20.87,0.05,0,1,289
1931,9,0,0,3,1,-4.19,0.05,1,0,289
1932,400,1,1,35,20,-32.3,0.05,0,1,289
1933,101,0,0,31,13,-4.31,0.05,0,0,290
1934,110,2,2,27,10,-1.75,0.05,0,0,290
1935,400,5,5,43,17,-8.25,0.05,0,1,290
1936,40,0,0,15,5,-2.9,0.05,1,0,290
1937,79,0,0,29,10,-1.24,0.05,1,0,290
1938,231,3,3,42,17,-5.61,0.05,0,0,290
1939,38,1,1,16,5,-2.78,0.05,1,0,290
1940,8,0,0,6,1,-3.88,0.05,1,0,290
1941,47,1,1,6,3,-5.27,0.05,1,0,290
1942,27,1,1,8,3,-2.92,0.05,1,0,290
1943,45,1,1,21,6,-0.35,0.05,1,0,290
1944,31,0,0,11,4,-4.36,0.05,1,0,290
1945,122,0,0,30,14,-1.77,0.05,0,0,290
1946,70,0,0,27,9,-2.15,0.05,1,0,290
1947,373,1,1,58,23,-29.48,0.05,0,0,290
1948,150,2,2,51,18,4.75,0.05,1,0,290
1949,145,3,3,29,13,-0.1,0.05,1,0,290
1950,64,1,1,23,8,0.36,0.05,1,0,290
1951,47,1,1,15,6,-2.72,0.05,1,0,290
1952,91,0,0,32,11,0.54,0.05,0,0,290
1953,21,0,0,11,3,-3.16,0.05,1,0,290
1954,108,1,1,37,13,1.97,0.05,0,0,290
1955,276,2,2,42,23,-9.71,0.05,0,0,290
1956,46,1,1,15,6,-2.16,0.05,1,0,290
1957,21,0,0,7,3,-3.41,0.05,1,0,290
1958,133,2,2,42,15,2.07,0.05,1,0,290
1959,50,2,2,20,7,-1.0,0.05,0,0,290
1960,400,2,2,50,19,-8.25,0.05,0,1,290
1961,27,0,0,10,4,-4.92,0.05,1,0,290
1962,31,0,0,14,4,-3.21,0.05,1,0,290
1963,400,2,2,43,19,-10.75,0.05,0,1,290
1964,46,0,0,17,6,-3.21,0.05,1,0,290
1965,116,2,2,36,12,1.34,0.05,1,0,290
1966,32,0,0,17,4,-1.32,0.05,1,0,290
1967,35,0,0,14,5,-4.25,0.05,1,0,290
1968,400,2,2,55,26,-11.5,0.05,0,1,290
1969,108,0,0,41,12,1.52,0.05,0,0,291
1970,400,2,2,45,17,-24.85,0.05,0,1,291
1971,400,4,4,41,19,-3.4,0.05,0,1,291
1972,104,0,0,28,11,-3.29,0.05,0,0,291
1973,50,2,2,25,7,-0.2,0.05,1,0,291
1974,57,0,0,33,8,0.53,0.05,1,0,291
1975,78,1,1,21,7,-5.48,0.05,0,0,291
1976,115,0,0,32,13,-4.0,0.05,1,0,291
1977,36,1,1,13,5,-4.01,0.05,1,0,291
1978,97,0,0,24,11,-4.42,0.05,0,0,291
1979,6,0,0,4,1,-4.06,0.05,1,0,291
1980,28,1,1,14,4,-2.58,0.05,1,0,291
1981,5,0,0,4,1,-4.0,0.05,1,0,291
1982,13,0,0,9,2,-3.13,0.05,1,0,291
1983,36,0,0,17,5,-2.46,0.05,1,0,291
1984,6,0,0,1,1,-4.81,0.05,1,0,291
1985,185,2,2,36,17,0.6,0.05,1,0,291
1986,153,5,5,42,17,5.12,0.05,1,0,291
1987,400,1,1,46,22,-11.9,0.05,0,1,291
1988,83,1,1,32,10,-2.83,0.05,1,0,291
1989,183,4,4,41,17,3.42,0.05,1,0,291
1990,35,1,1,15,5,-2.75,0.05,1,0,291
1991,47,0,0,23,6,-0.77,0.05,1,0,291
1992,62,1,1,27,8,-1.32,0.05,1,0,291
1993,81,1,1,38,11,1.99,0.05,1,0,291
1994,28,1,1,15,4,-2.83,0.05,1,0,291
1995,37,0,0,10,4,-4.42,0.05,0,0,291
1996,81,1,1,26,9,2.94,0.05,1,0,291
1997,96,1,1,41,12,3.19,0.05,1,0,291
1998,44,1,1,23,6,1.31,0.05,1,0,291
1999,28,1,1,15,4,-1.48,0.05,1,0,291
2000,27,1,1,10,3,-2.42,0.05,1,0,291
2001,21,0,0,12,3,-2.21,0.05,1,0,291
2002,29,0,0,10,3,-4.09,0.05,1,0,291
2003,170,1,1,33,14,-0.6,0.05,1,0,291
2004,46,0,0,15,5,-5.81,0.05,0,0,291
2005,14,0,0,4,1,-5.99,0.05,1,0,291
2006,35,0,0,13,4,-4.95,0.05,1,0,291
2007,35,0,0,12,5,-3.5,0.05,1,0,291
2008,72,0,0,33,10,0.23,0.05,0,0,291
2009,171,2,2,32,16,-2.41,0.05,0,0,291
2010,184,2,2,28,15,-10.04,0.05,0,0,291
2011,30,0,0,16,4,-2.6,0.05,1,0,291
2012,163,1,1,37,18,-3.58,0.05,0,0,291
2013,137,2,2,40,15,-0.37,0.05,1,0,291
2014,36,0,0,12,5,-4.81,0.05,1,0,291
2015,16,0,0,6,2,-4.61,0.05,1,0,291
2016,52,2,2,22,7,-0.07,0.05,1,0,291
2017,20,0,0,9,3,-4.6,0.05,1,0,291
2018,52,0,0,18,7,-4.12,0.05,0,0,291
2019,400,2,2,50,26,-10.3,0.05,0,1,291
2020,155,0,0,41,17,0.75,0.05,1,0,291
2021,7,0,0,3,1,-4.22,0.05,1,0,291
2022,131,1,1,42,15,-0.46,0.05,1,0,291
2023,400,1,1,44,19,-4.8,0.05,0,1,291
2024,27,0,0,10,4,-5.42,0.05,1,0,291
2025,74,0,0,24,9,-1.69,0.05,0,0,291
2026,118,2,2,39,15,0.92,0.05,1,0,291
2027,40,1,1,20,5,0.3,0.05,1,0,291
2028,167,5,5,42,17,5.68,0.05,0,0,291
2029,213,1,1,34,17,-2.93,0.05,1,0,291
2030,56,3,3,20,7,-0.56,0.05,0,0,291
2031,104,7,2,32,12,3.81,0.05,1,0,291
2032,283,7,2,47,21,-7.38,0.05,0,0,291
2033,66,0,0,24,9,-4.86,0.05,1,0,291
2034,61,0,0,21,8,-3.26,0.05,0,0,292
2035,60,3,3,25,8,2.65,0.05,1,0,292
2036,22,1,1,9,3,-4.07,0.05,1,0,292
2037,400,0,0,35,19,-12.75,0.05,0,1,292
2038,55,2,2,17,7,-2.0,0.05,1,0,292
2039,179,3,3,39,17,-1.19,0.05,0,0,292
2040,400,2,2,33,16,-12.5,0.05,0,1,292
2041,20,0,0,9,3,-5.55,0.05,1,0,292
2042,27,0,0,10,4,-5.42,0.05,1,0,292
2043,36,0,0,16,5,-3.41,0.05,1,0,292
2044,400,1,1,45,24,-14.25,0.05,0,1,292
2045,69,0,0,24,9,-1.79,0.05,1,0,292
2046,400,2,2,35,17,-15.9,0.05,0,1,292
2047,30,0,0,16,4,-1.6,0.05,1,0,292
2048,85,0,0,30,10,-3.6,0.05,0,0,292
2049,34,0,0,12,4,-4.14,0.05,1,0,292
2050,44,0,0,16,6,-4.54,0.05,1,0,292
2051,258,1,1,38,17,-13.68,0.05,0,0,292
2052,27,0,0,13,4,-2.92,0.05,1,0,292
2053,169,5,5,36,18,1.01,0.05,0,0,292
2054,34,0,0,13,5,-5.24,0.05,1,0,292
2055,92,2,2,35,12,1.73,0.05,1,0,292
2056,65,2,2,28,9,1.1,0.05,1,0,292
2057,193,3,3,39,16,-4.53,0.05,0,0,292
2058,109,0,0,38,14,0.86,0.05,1,0,292
2059,53,0,0,24,7,0.37,0.05,1,0,292
2060,72,1,1,33,9,3.13,0.05,0,0,292
2061,203,2,2,48,21,-0.63,0.05,1,0,292
2062,226,0,0,45,21,-5.41,0.05,1,0,292
2063,100,1,1,32,10,1.9,0.05,0,0,292
2064,111,1,1,41,14,0.64,0.05,1,0,292
2065,179,2,2,43,17,-5.44,0.05,0,0,292
2066,34,0,0,13,5,-3.79,0.05,1,0,292
2067,85,0,0,32,11,-1.95,0.05,1,0,292
2068,44,2,2,18,6,-0.59,0.05,1,0,292
2069,22,0,0,6,3,-4.42,0.05,1,0,292
2070,53,0,0,20,7,-2.63,0.05,1,0,292
2071,96,1,1,36,10,1.54,0.05,0,0,293
2072,103,1,1,27,11,-3.73,0.05,0,0,293
2073,130,3,3,35,14,1.55,0.05,1,0,293
2074,31,0,0,12,4,-5.51,0.05,1,0,293
2075,292,1,1,47,16,-41.17,0.05,0,0,293
2076,61,1,1,23,8,-2.56,0.05,1,0,293
2077,38,0,0,16,5,-3.33,0.05,1,0,293
2078,142,4,4,39,14,2.78,0.05,0,0,293
2079,88,3,3,28,10,-0.68,0.05,0,0,293
2080,147,3,3,37,16,2.98,0.05,1,0,293
2081,81,0,0,23,8,-3.21,0.05,0,0,293
2082,156,1,1,44,17,0.34,0.05,1,0,293
2083,28,0,0,12,4,-3.43,0.05,1,0,293
2084,22,0,0,9,3,-5.22,0.05,1,0,293
2085,28,1,1,14,4,-3.03,0.05,1,0,293
2086,56,0,0,29,7,0.44,0.05,1,0,293
2087,231,2,2,46,19,-7.31,0.05,1,0,293
2088,119,1,1,38,14,-2.74,0.05,0,0,293
2089,123,2,2,27,11,-1.13,0.05,0,0,293
2090,400,3,3,40,16,-13.65,0.05,0,1,294
2091,20,0,0,9,3,-4.2,0.05,1,0,294
2092,77,5,0,27,9,2.83,0.05,0,0,294
2093,86,1,1,29,11,-1.16,0.05,1,0,294
2094,76,0,0,28,9,-2.21,0.05,1,0,294
2095,47,1,1,16,6,-2.97,0.05,1,0,294
2096,400,2,2,35,19,-21.3,0.05,0,1,294
2097,75,1,1,30,10,-1.55,0.05,1,0,294
2098,13,0,0,7,2,-4.13,0.05,1,0,294
2099,28,0,0,12,4,-3.48,0.05,1,0,294
2100,29,0,0,14,4,-2.94,0.05,1,0,294
2101,27,0,0,11,4,-5.27,0.05,1,0,294
2102,181,1,1,33,18,-3.56,0.05,1,0,294
2103,400,2,2,36,22,-17.75,0.05,0,1,294
2104,400,3,3,57,36,-19.95,0.05,0,1,294
2105,27,0,0,11,4,-4.67,0.05,1,0,294
2106,85,2,2,35,11,0.85,0.05,1,0,294
2107,54,1,1,25,7,1.16,0.05,1,0,294
2108,219,2,2,39,23,-3.94,0.05,1,0,294
2109,69,1,1,24,8,-2.39,0.05,1,0,294
2110,62,1,1,27,8,0.28,0.05,1,0,294
2111,396,0,0,33,26,-24.71,0.05,1,0,294
2112,229,2,2,16,9,-7.24,0.05,1,0,294
2113,6,0,0,2,1,-4.51,0.05,1,0,294
2114,284,1,1,46,24,-10.94,0.05,1,0,294
2115,167,2,2,37,16,-3.67,0.05,0,0,294
2116,100,0,0,29,12,-3.15,0.05,0,0,294
2117,20,0,0,7,3,-4.85,0.05,1,0,294
2118,400,2,2,43,18,-9.0,0.05,0,1,294
2119,58,2,2,21,8,0.57,0.05,1,0,294
2120,50,0,0,21,7,-2.25,0.05,1,0,294
2121,400,2,2,41,19,-7.7,0.05,0,1,294
2122,45,0,0,22,6,-1.3,0.05,1,0,294
2123,175,3,3,43,17,2.45,0.05,1,0,294
2124,52,0,0,14,6,-4.67,0.05,0,0,294
2125,24,0,0,8,3,-4.59,0.05,1,0,294
2126,7,0,0,5,1,-3.62,0.05,1,0,294
2127,23,0,0,7,3,-4.38,0.05,1,0,294
2128,47,2,2,19,6,-1.37,0.05,1,0,294
2129,308,3,3,38,35,-21.18,0.05,1,0,294
2130,6,0,0,2,1,-4.51,0.05,1,0,294
2131,240,7,2,52,27,-0.4,0.05,1,0,294
2132,400,2,2,44,29,-18.2,0.05,0,1,294
2133,373,2,2,38,22,-13.23,0.05,1,0,294
2134,37,0,0,19,5,-2.42,0.05,1,0,294
2135,230,4,4,35,23,-12.9,0.05,1,0,294
2136,45,1,1,20,6,-3.5,0.05,1,0,294
2137,5,0,0,3,1,-4.1,0.05,1,0,294
2138,181,2,2,33,24,-5.26,0.05,1,0,294
2139,109,0,0,30,14,-4.89,0.05,0,0,294
2140,48,0,0,23,6,-0.78,0.05,1,0,294
2141,20,0,0,8,3,-4.85,0.05,1,0,294
2142,82,0,0,38,11,0.78,0.05,1,0,294
2143,13,0,0,9,2,-2.98,0.05,1,0,294
2144,129,4,4,38,14,4.21,0.05,1,0,294
2145,59,2,2,20,8,-2.39,0.05,1,0,294
2146,228,4,4,38,21,-10.53,0.05,1,0,294
2147,56,1,1,19,7,-3.36,0.05,1,0,294
2148,207,2,2,43,21,-2.62,0.05,1,0,294
2149,160,4,4,48,18,1.45,0.05,0,0,295
2150,171,1,1,34,16,-4.56,0.05,0,0,296
2151,119,2,2,32,11,-1.14,0.05,1,0,296
2152,5,0,0,4,1,-4.35,0.05,1,0,296
2153,21,1,1,7,3,-3.01,0.05,1,0,296
2154,27,0,0,9,4,-5.82,0.05,1,0,296
2155,77,0,0,26,9,-3.67,0.05,1,0,296
2156,72,2,2,25,9,-0.02,0.05,1,0,296
2157,103,2,2,37,12,2.67,0.05,1,0,296
2158,247,5,6,47,20,11.58,0.05,0,1,296
2159,43,1,1,17,6,-3.13,0.05,1,0,296
2160,400,2,2,31,30,-23.7,0.05,0,1,296
2161,305,0,0,52,22,-10.1,0.05,1,0,296
2162,23,0,0,13,3,-2.43,0.05,1,0,296
2163,35,0,0,16,5,-3.9,0.05,1,0,296
2164,13,0,0,5,2,-4.78,0.05,1,0,296
2165,124,1,1,41,16,-1.99,0.05,1,0,296
2166,256,4,4,53,28,-3.56,0.05,1,0,296
2167,136,0,0,9,4,-7.96,0.05,1,0,296
2168,278,4,4,42,35,-18.73,0.05,1,0,296
2169,45,0,0,19,5,-1.55,0.05,0,0,296
2170,143,4,4,39,15,3.37,0.05,0,0,296
2171,171,1,1,44,19,-0.41,0.05,1,0,296
2172,7,0,0,2,1,-4.47,0.05,1,0,296
2173,27,0,0,15,4,-3.22,0.05,1,0,296
2174,278,2,2,48,30,-19.68,0.05,1,0,296
2175,84,1,1,30,10,-0.89,0.05,1,0,296
2176,22,0,0,6,3,-5.12,0.05,1,0,296
2177,75,0,0,26,9,-1.2,0.05,1,0,296
2178,35,0,0,16,5,-3.0,0.05,1,0,296
2179,73,2,2,33,9,0.92,0.05,1,0,296
2180,134,2,2,38,13,0.81,0.05,1,0,296
2181,21,0,0,11,3,-2.96,0.05,1,0,296
2182,14,0,0,6,2,-4.89,0.05,1,0,296
2183,20,0,0,10,3,-3.9,0.05,1,0,296
2184,183,0,0,42,20,-8.33,0.05,1,0,296
2185,325,3,3,45,36,-18.8,0.05,1,0,296
2186,137,1,1,31,12,-1.97,0.05,1,0,296
2187,21,0,0,10,3,-2.81,0.05,1,0,296
2188,109,1,1,35,14,-0.54,0.05,1,0,296
2189,228,3,3,51,25,-0.33,0.05,1,0,296
2190,45,0,0,18,6,-2.5,0.05,1,0,296
2191,143,2,2,57,16,5.82,0.05,1,0,296
2192,57,1,1,23,8,-3.77,0.05,1,0,296
2193,194,6,1,50,21,6.41,0.05,1,0,296
2194,108,1,1,35,12,-0.43,0.05,0,0,296
2195,287,2,2,51,32,-15.62,0.05,1,0,296
2196,13,0,0,4,2,-5.98,0.05,1,0,296
2197,316,2,2,41,30,-16.11,0.05,1,0,296
2198,147,1,1,41,15,1.98,0.05,0,0,296
2199,163,2,2,42,17,3.07,0.05,0,0,296
2200,391,1,1,42,28,-22.01,0.05,1,0,296
2201,14,0,0,3,2,-5.79,0.05,1,0,296
2202,50,0,0,23,7,-2.25,0.05,1,0,296
2203,48,1,1,16,6,-3.03,0.05,1,0,296
2204,80,0,0,34,10,-0.4,0.05,1,0,296
2205,56,3,3,21,7,1.29,0.05,1,0,296
2206,36,0,0,15,5,-2.56,0.05,1,0,296
2207,6,0,0,3,1,-4.21,0.05,1,0,296
2208,153,3,3,39,15,1.92,0.05,0,0,296
2209,68,1,1,24,9,0.32,0.05,1,0,296
2210,77,1,1,30,10,0.33,0.05,1,0,296
2211,142,1,1,42,15,-2.17,0.05,0,0,296
2212,117,2,2,41,13,4.78,0.05,1,0,296
2213,36,0,0,16,5,-2.31,0.05,1,0,296
2214,400,4,4,41,41,-25.75,0.05,0,1,297
2215,46,0,0,17,6,-3.11,0.05,1,0,297
2216,66,0,0,32,9,-1.56,0.05,1,0,297
2217,36,0,0,12,5,-4.06,0.05,1,0,297
2218,152,2,2,37,17,0.68,0.05,1,0,297
2219,85,2,2,41,10,6.65,0.05,1,0,297
2220,301,3,3,46,33,-14.81,0.05,1,0,297
2221,88,2,2,35,11,3.67,0.05,1,0,297
2222,82,0,0,33,10,1.13,0.05,1,0,297
2223,52,1,1,19,7,-2.57,0.05,1,0,297
2224,400,1,1,33,16,-16.15,0.05,0,1,297
2225,64,0,0,24,9,-3.94,0.05,1,0,297
2226,263,2,2,50,28,-4.08,0.05,1,0,297
2227,57,1,1,21,8,-3.62,0.05,1,0,297
2228,66,0,0,23,8,-2.66,0.05,1,0,297
2229,95,2,2,31,11,1.0,0.05,0,0,297
2230,125,1,1,39,13,1.15,0.05,0,0,297
2231,20,0,0,7,3,-4.4,0.05,1,0,297
2232,36,1,1,17,5,-1.31,0.05,1,0,297
2233,130,3,3,41,14,-0.7,0.05,1,0,297
2234,132,1,1,30,14,-2.87,0.05,1,0,297
2235,326,2,2,47,34,-22.06,0.05,1,0,297
2236,271,3,3,40,26,-7.96,0.05,1,0,297
2237,143,2,2,40,15,1.17,0.05,0,0,297
2238,35,0,0,16,5,-3.75,0.05,1,0,297
2239,81,0,0,29,9,-2.11,0.05,0,0,297
2240,98,2,2,36,12,1.02,0.05,1,0,297
2241,43,0,0,18,6,-3.73,0.05,1,0,297
2242,16,0,0,7,2,-4.26,0.05,1,0,297
2243,20,0,0,9,3,-5.1,0.05,1,0,297
2244,95,1,1,31,12,-2.15,0.05,1,0,297
2245,191,4,4,45,20,0.64,0.05,0,0,297
2246,400,5,5,39,17,-6.6,0.05,0,1,297
2247,104,3,3,38,12,2.66,0.05,1,0,297
2248,45,1,1,21,6,-3.2,0.05,1,0,297
2249,13,0,0,5,2,-4.78,0.05,1,0,297
2250,36,0,0,19,5,-0.96,0.05,1,0,297
2251,84,0,0,28,11,-1.44,0.05,1,0,297
2252,77,2,2,27,10,-1.97,0.05,1,0,297
2253,202,2,2,52,21,-0.37,0.05,1,0,297
2254,266,3,3,41,27,-11.26,0.05,1,0,297
2255,94,0,0,41,13,1.16,0.05,1,0,297
2256,65,1,1,21,8,-1.25,0.05,1,0,297
2257,20,0,0,10,3,-4.4,0.05,1,0,297
2258,21,0,0,9,3,-4.56,0.05,1,0,297
2259,31,0,0,14,4,-2.96,0.05,1,0,297
2260,400,1,1,49,21,-10.7,0.05,0,1,297
2261,35,0,0,11,5,-5.75,0.05,1,0,297
2262,400,8,3,50,20,-1.75,0.05,0,1,297
2263,168,1,1,44,18,2.87,0.05,1,0,297
2264,49,2,2,24,6,0.51,0.05,0,0,297
2265,54,0,0,20,7,-3.54,0.05,1,0,297
2266,400,4,4,46,20,-5.5,0.05,0,1,297
2267,77,6,1,29,10,3.78,0.05,0,0,297
2268,102,2,2,38,13,1.63,0.05,1,0,297
2269,93,0,0,32,12,-2.88,0.05,1,0,297
2270,109,1,1,41,12,-0.24,0.05,0,0,297
2271,13,0,0,7,2,-4.08,0.05,1,0,297
2272,86,3,3,31,11,0.79,0.05,0,0,297
2273,131,0,0,34,12,-3.66,0.05,0,0,297
2274,58,1,1,22,8,-2.53,0.05,1,0,297
2275,40,0,0,19,5,-3.45,0.05,1,0,297
2276,44,1,1,11,3,-2.44,0.05,0,0,297
2277,42,0,0,14,4,-2.67,0.05,1,0,297
2278,60,0,0,24,8,-1.25,0.05,0,0,297
2279,119,0,0,39,14,-0.94,0.05,1,0,297
2280,82,5,5,28,10,2.93,0.05,1,0,297
2281,150,1,1,34,16,0.45,0.05,1,0,297
2282,400,0,0,32,17,-14.25,0.05,0,1,297
2283,278,2,2,41,18,-1.63,0.05,1,0,297
2284,400,1,1,43,24,-13.6,0.05,0,1,297
2285,6,0,0,3,1,-5.21,0.05,1,0,297
2286,51,0,0,25,7,-1.36,0.05,1,0,297
2287,400,2,2,42,20,-11.65,0.05,0,1,297
2288,56,0,0,24,8,-2.36,0.05,1,0,297
2289,14,0,0,7,2,-3.64,0.05,1,0,297
2290,78,3,3,31,10,3.02,0.05,1,0,297
2291,67,1,1,28,9,1.33,0.05,1,0,297
2292,89,1,1,38,12,1.66,0.05,1,0,297
2293,21,0,0,6,3,-4.66,0.05,1,0,297
2294,210,4,4,41,19,1.25,0.05,0,0,297
2295,7,0,0,2,1,-5.02,0.05,1,0,297
2296,150,1,1,29,14,-3.6,0.05,0,0,297
2297,28,1,1,12,4,-3.28,0.05,1,0,297
2298,29,0,0,10,3,-4.19,0.05,1,0,297
2299,15,0,0,6,2,-3.45,0.05,1,0,297
2300,101,2,2,26,11,-0.91,0.05,0,0,297
2301,156,1,1,37,15,-0.51,0.05,1,0,297
2302,147,2,2,20,10,-4.77,0.05,0,0,297
2303,36,0,0,10,5,-5.46,0.05,1,0,297
2304,115,2,2,42,14,4.3,0.05,1,0,297
2305,13,0,0,6,2,-4.53,0.05,1,0,297
2306,20,0,0,7,3,-4.75,0.05,1,0,297
2307,400,3,3,45,21,-7.15,0.05,0,1,297
2308,24,0,0,10,3,-4.44,0.05,1,0,297
2309,267,2,2,39,25,-12.47,0.05,0,0,297
2310,20,0,0,9,3,-4.6,0.05,1,0,297
2311,52,0,0,22,7,-1.27,0.05,1,0,297
2312,55,0,0,17,7,-5.05,0.05,1,0,297
2313,280,7,2,45,28,-4.8,0.05,1,0,297
2314,170,0,0,43,17,0.8,0.05,1,0,297
2315,134,4,4,43,15,5.91,0.05,1,0,297
2316,61,1,1,24,8,-1.51,0.05,1,0,297
2317,206,3,3,42,20,0.64,0.05,0,0,297
2318,164,3,3,52,17,6.01,0.05,1,0,297
2319,59,0,0,27,8,-3.09,0.05,1,0,297
2320,189,2,3,47,19,8.36,0.05,0,1,297
2321,400,3,3,39,22,-15.15,0.05,0,1,297
2322,230,5,5,48,25,-3.35,0.05,1,0,297
2323,119,0,0,35,14,-1.49,0.05,1,0,297
2324,48,1,1,18,6,-2.43,0.05,1,0,297
2325,61,1,1,17,8,-3.46,0.05,1,0,297
2326,83,1,1,31,10,-2.23,0.05,0,0,297
2327,61,0,0,22,8,-2.41,0.05,1,0,297
2328,61,1,1,21,8,-1.21,0.05,1,0,297
2329,138,0,0,28,13,-3.68,0.05,0,0,298
2330,148,1,1,39,15,-1.13,0.05,1,0,299
2331,400,2,2,39,19,-7.1,0.05,0,1,299
2332,109,1,1,31,13,-1.99,0.05,1,0,299
2333,95,2,2,19,8,-3.7,0.05,1,0,299
2334,125,1,1,21,9,-7.35,0.05,1,0,299
2335,400,1,1,43,18,-8.4,0.05,0,1,299
2336,21,0,0,11,3,-2.61,0.05,1,0,299
2337,400,2,2,38,21,-14.5,0.05,0,1,299
2338,155,0,0,35,15,-1.4,0.05,0,0,299
2339,212,3,3,53,22,3.93,0.05,1,0,299
2340,52,0,0,27,7,0.13,0.05,1,0,299
2341,49,1,1,16,6,-2.59,0.05,0,0,299
2342,400,2,2,50,22,-5.75,0.05,0,1,299
2343,96,1,1,44,12,3.84,0.05,1,0,299
2344,54,1,1,20,7,-3.24,0.05,1,0,299
2345,30,1,1,11,4,-3.6,0.05,1,0,299
2346,105,0,0,31,13,-2.45,0.05,1,0,301
2347,48,1,1,25,6,-0.33,0.05,1,0,301
2348,232,0,0,30,14,-9.32,0.05,0,0,301
2349,48,1,1,15,6,-2.78,0.05,1,0,301
2350,76,0,0,17,6,-3.71,0.05,0,0,301
2351,35,1,1,8,5,-3.25,0.05,1,0,301
2352,49,0,0,24,7,-1.14,0.05,1,0,301
2353,64,0,0,22,8,-2.99,0.05,1,0,301
2354,61,1,1,26,8,1.49,0.05,1,0,301
2355,29,0,0,15,4,-3.44,0.05,1,0,301
2356,82,0,0,28,11,-5.52,0.05,1,0,301
2357,325,2,2,43,18,-10.3,0.05,1,0,301
2358,188,2,2,34,15,0.17,0.05,1,0,301
2359,37,0,0,18,5,-3.12,0.05,1,0,301
2360,124,0,0,40,15,-2.79,0.05,0,0,302
2361,318,7,2,41,31,-9.48,0.05,1,0,302
2362,400,1,1,44,21,-12.75,0.05,0,1,302
2363,89,2,2,31,12,0.06,0.05,1,0,302
2364,28,0,0,10,4,-3.98,0.05,1,0,302
2365,70,2,2,25,9,2.0,0.05,1,0,302
2366,400,3,3,39,16,-6.5,0.05,0,1,302
2367,342,1,1,33,30,-18.07,0.05,1,0,302
2368,58,0,0,20,7,-2.98,0.05,1,0,302
2369,333,2,2,39,25,-15.38,0.05,1,0,302
2370,54,0,0,22,7,-2.74,0.05,1,0,302
2371,128,2,2,44,14,3.77,0.05,1,0,302
2372,312,3,3,38,24,-11.42,0.05,1,0,302
2373,305,1,1,53,32,-11.15,0.05,1,0,302
2374,115,0,0,29,10,-1.15,0.05,0,0,302
2375,21,0,0,8,3,-5.46,0.05,1,0,302
2376,92,1,1,35,11,2.78,0.05,1,0,302
2377,52,0,0,22,7,-0.67,0.05,1,0,302
2378,400,1,1,54,25,-4.3,0.05,0,1,302
2379,51,0,0,18,7,-6.31,0.05,1,0,302
2380,138,1,1,32,12,-3.38,0.05,1,0,302
2381,395,11,1,40,39,-22.75,0.05,1,0,302
2382,116,8,3,38,13,6.44,0.05,1,0,302
2383,400,5,5,42,18,-6.5,0.05,0,1,302
2384,110,0,0,33,12,-0.2,0.05,0,0,303
2385,286,1,1,47,20,-4.76,0.05,1,0,304
2386,51,0,0,21,7,-4.11,0.05,1,0,304
2387,21,0,0,11,3,-3.16,0.05,1,0,304
2388,135,0,0,27,12,-4.4,0.05,1,0,304
2389,20,0,0,8,3,-4.45,0.05,1,0,304
2390,60,0,0,21,8,-2.7,0.05,0,0,305
2391,62,1,1,24,8,-0.07,0.05,1,0,305
2392,45,0,0,20,6,-1.8,0.05,1,0,305
2393,43,0,0,22,6,-2.23,0.05,1,0,305
2394,61,0,0,24,8,-1.96,0.05,1,0,305
2395,79,2,2,23,9,-0.29,0.05,1,0,305
2396,80,2,2,29,10,-0.9,0.05,1,0,305
2397,36,0,0,10,5,-4.66,0.05,1,0,305
2398,93,1,1,23,11,-4.28,0.05,1,0,305
2399,53,0,0,18,7,-3.53,0.05,1,0,305
2400,99,0,0,31,13,-4.54,0.05,1,0,305
2401,52,0,0,24,7,-2.87,0.05,1,0,305
2402,46,1,1,16,6,-4.06,0.05,1,0,305
2403,43,1,1,19,6,-1.33,0.05,1,0,305
2404,231,1,1,33,21,-14.16,0.05,1,0,305
2405,117,0,0,39,13,-0.42,0.05,0,0,305
2406,99,0,0,31,10,-2.44,0.05,0,0,305
2407,265,7,2,48,27,-2.3,0.05,1,0,305
2408,206,1,1,53,23,-2.81,0.05,1,0,305
2409,73,1,1,21,9,-3.78,0.05,0,0,306
2410,47,0,0,17,6,-2.27,0.05,1,0,306
2411,96,2,2,30,12,-0.06,0.05,1,0,306
2412,81,2,2,32,10,-0.56,0.05,1,0,306
2413,96,2,2,30,11,-3.16,0.05,0,0,306
2414,64,2,2,28,9,0.36,0.05,1,0,306
2415,58,0,0,23,8,-3.63,0.05,1,0,306
2416,21,0,0,10,3,-2.91,0.05,1,0,306
2417,94,2,2,38,12,2.51,0.05,0,0,306
2418,107,2,2,35,13,1.23,0.05,1,0,306
2419,48,1,1,12,4,-2.48,0.05,1,0,306
2420,132,2,2,46,15,3.03,0.05,1,0,306
2421,64,1,1,24,9,-2.04,0.05,1,0,306
2422,43,1,1,16,6,-2.88,0.05,1,0,306
2423,39,0,0,20,5,-0.94,0.05,1,0,306
2424,150,3,3,32,15,0.9,0.05,0,0,306
2425,45,2,2,23,6,2.3,0.05,1,0,306
2426,36,2,2,15,5,-1.31,0.05,1,0,306
2427,35,0,0,10,4,-4.95,0.05,1,0,306
2428,253,2,2,48,24,-2.08,0.05,1,0,306
2429,400,2,2,35,19,-12.8,0.05,0,1,306
2430,256,0,0,34,28,-18.36,0.05,1,0,306
2431,21,0,0,10,3,-3.46,0.05,1,0,306
2432,139,5,0,37,14,2.46,0.05,1,0,306
2433,400,3,3,49,18,-4.45,0.05,0,1,306
2434,400,2,2,38,20,-9.65,0.05,0,1,306
2435,82,1,1,33,10,0.23,0.05,1,0,306
2436,86,2,2,24,9,0.24,0.05,1,0,306
2437,53,1,1,23,7,-1.08,0.05,1,0,306
2438,91,0,0,31,11,-0.21,0.05,1,0,306
2439,48,0,0,17,7,-5.53,0.05,1,0,306
2440,57,0,0,26,7,-1.12,0.05,1,0,306
2441,205,4,4,42,19,0.7,0.05,1,0,306
2442,68,1,1,27,9,-1.93,0.05,1,0,307
2443,400,1,1,34,18,-14.05,0.05,0,1,307
2444,42,1,1,17,5,-2.02,0.05,0,0,307
2445,56,0,0,21,8,-3.01,0.05,1,0,307
2446,6,0,0,2,1,-5.51,0.05,1,0,307
2447,72,1,1,23,7,-1.72,0.05,1,0,307
2448,56,1,1,22,8,-1.31,0.05,0,0,307
2449,21,1,1,9,3,-2.71,0.05,1,0,307
2450,104,1,1,22,8,-2.09,0.05,1,0,307
2451,154,1,1,25,13,-3.14,0.05,0,0,307
2452,36,1,1,11,5,-4.76,0.05,1,0,307
2453,132,0,0,41,14,0.53,0.05,1,0,307
2454,111,7,2,32,13,4.29,0.05,1,0,307
2455,272,8,3,47,25,-3.32,0.05,1,0,307
2456,52,0,0,15,6,-3.32,0.05,1,0,307
2457,6,0,0,3,1,-4.76,0.05,1,0,307
2458,6,0,0,3,1,-4.16,0.05,1,0,307
2459,177,0,0,33,17,-10.67,0.05,1,0,307
2460,63,2,2,22,7,0.77,0.05,1,0,307
2461,276,0,0,46,28,-9.96,0.05,1,0,307
2462,39,0,0,12,5,-5.14,0.05,1,0,307
2463,38,0,0,10,4,-4.18,0.05,1,0,307
2464,34,0,0,11,4,-5.34,0.05,1,0,307
2465,48,0,0,12,5,-4.68,0.05,1,0,307
2466,210,1,1,37,15,-1.55,0.05,0,0,307
2467,36,0,0,12,5,-5.06,0.05,1,0,307
2468,121,2,2,20,9,-0.11,0.05,1,0,307
2469,104,0,0,24,9,0.36,0.05,1,0,307
2470,28,0,0,16,4,-1.73,0.05,1,0,307
2471,43,0,0,17,6,-2.08,0.05,1,0,307
2472,88,0,0,35,12,-0.33,0.05,0,0,307
2473,100,1,1,35,13,0.75,0.05,1,0,307
2474,400,2,2,37,17,-12.3,0.05,0,1,307
2475,21,0,0,10,3,-2.81,0.05,1,0,307
2476,35,0,0,15,5,-4.0,0.05,1,0,307
2477,13,0,0,7,2,-5.03,0.05,1,0,307
2478,133,0,0,30,15,-5.08,0.05,1,0,307
2479,21,1,1,10,3,-2.06,0.05,1,0,307
2480,97,1,1,23,7,-1.07,0.05,1,0,307
2481,212,1,1,20,11,-6.52,0.05,1,0,307
2482,69,0,0,12,6,-6.89,0.05,1,0,307
2483,21,0,0,9,3,-3.76,0.05,1,0,307
2484,14,0,0,6,2,-4.54,0.05,1,0,307
2485,305,0,0,17,12,-15.25,0.05,1,0,307
2486,25,0,0,10,3,-3.25,0.05,1,0,307
2487,105,3,3,30,10,1.7,0.05,1,0,307
2488,178,2,2,31,14,-2.73,0.05,1,0,307
2489,154,3,3,34,12,0.11,0.05,1,0,307
2490,5,0,0,3,1,-4.15,0.05,1,0,307
2491,95,1,1,36,13,-2.25,0.05,0,0,307
2492,131,1,1,14,5,-4.11,0.05,0,0,307
2493,13,0,0,7,2,-4.53,0.05,1,0,307
2494,72,1,1,14,4,-3.97,0.05,1,0,307
2495,22,0,0,10,3,-4.32,0.05,1,0,307
2496,21,0,0,11,3,-3.06,0.05,1,0,307
2497,33,0,0,11,4,-3.48,0.05,1,0,307
2498,65,0,0,8,3,-4.95,0.05,1,0,307
2499,109,2,2,13,5,-1.74,0.05,1,0,307
2500,20,0,0,8,3,-4.45,0.05,1,0,307
2501,7,0,0,3,1,-4.27,0.05,1,0,307
2502,98,0,0,31,11,-3.48,0.05,0,0,308
2503,94,1,1,28,11,-2.84,0.05,1,0,308
2504,139,1,1,32,15,-6.04,0.05,1,0,308
2505,125,1,1,40,14,0.6,0.05,1,0,308
2506,22,0,0,10,3,-3.97,0.05,1,0,308
2507,151,2,2,44,18,3.44,0.05,1,0,308
2508,108,2,2,36,12,2.17,0.05,0,0,308
2509,81,0,0,27,10,-0.81,0.05,1,0,309
2510,60,1,1,27,8,-1.8,0.05,1,0,309
2511,381,5,5,60,22,-4.26,0.05,1,0,309
2512,171,2,2,49,18,-0.41,0.05,1,0,309
2513,75,2,2,29,9,2.25,0.05,1,0,309
2514,55,0,0,17,6,-3.35,0.05,0,0,309
2515,36,1,1,17,5,-3.36,0.05,1,0,309
2516,257,3,3,44,25,-7.72,0.05,1,0,309
2517,400,3,3,36,20,-10.2,0.05,0,1,309
2518,131,0,0,28,12,-5.61,0.05,1,0,310
2519,231,3,3,40,20,-5.96,0.05,0,0,310
2520,67,2,2,27,9,0.38,0.05,1,0,310
2521,79,0,0,17,6,-3.74,0.05,0,0,310
2522,21,0,0,12,3,-4.06,0.05,1,0,310
2523,142,2,2,19,10,-3.27,0.05,1,0,310
2524,105,0,0,31,13,-1.25,0.05,1,0,310
2525,109,1,1,25,9,-3.14,0.05,0,0,310
2526,58,0,0,24,8,-1.78,0.05,1,0,310
2527,7,0,0,2,1,-4.57,0.05,1,0,310
2528,400,1,1,53,19,-9.45,0.05,0,1,310
2529,65,1,1,28,9,-0.6,0.05,1,0,310
2530,400,1,1,35,14,-6.6,0.05,0,1,310
2531,126,1,1,54,16,3.59,0.05,1,0,310
2532,75,2,2,29,10,-0.8,0.05,1,0,310
2533,134,1,1,35,14,-3.54,0.05,0,0,311
2534,71,2,2,25,9,-0.91,0.05,1,0,311
2535,6,0,0,2,1,-4.51,0.05,1,0,311
2536,139,2,2,46,16,1.61,0.05,1,0,311
2537,129,3,3,47,16,4.16,0.05,1,0,311
2538,7,0,0,2,1,-4.62,0.05,1,0,311
2539,230,2,2,45,20,-6.2,0.05,1,0,311
2540,171,1,1,41,18,-3.36,0.05,1,0,311
2541,178,1,1,40,17,-7.13,0.05,1,0,311
2542,400,2,2,45,22,-10.45,0.05,0,1,311
2543,92,0,0,29,11,-3.62,0.05,1,0,311
2544,79,1,1,23,11,-3.34,0.05,0,0,311
2545,7,0,0,2,1,-4.57,0.05,1,0,311
2546,6,0,0,3,1,-4.76,0.05,1,0,311
2547,73,0,0,30,10,-3.58,0.05,1,0,311
2548,400,0,0,49,17,-12.25,0.05,0,1,311
2549,400,1,1,37,19,-13.25,0.05,0,1,311
2550,49,0,0,18,6,-2.39,0.05,1,0,311
2551,119,0,0,40,15,-3.29,0.05,1,0,311
2552,247,0,0,36,23,-17.22,0.05,1,0,311
2553,27,0,0,9,4,-5.17,0.05,1,0,311
2554,87,2,2,35,11,3.73,0.05,1,0,311
2555,76,1,1,34,10,1.74,0.05,1,0,311
2556,77,1,1,32,10,1.03,0.05,0,0,311
2557,400,1,1,42,19,-12.1,0.05,0,1,311
2558,20,1,1,11,3,-2.0,0.05,1,0,311
2559,159,2,2,29,12,-2.24,0.05,0,0,311
2560,142,2,2,41,16,2.73,0.05,1,0,311
2561,137,3,3,35,14,2.68,0.05,0,0,311
2562,124,0,0,33,14,-1.64,0.05,1,0,311
2563,141,1,1,37,15,-2.46,0.05,1,0,311
2564,57,0,0,20,8,-3.12,0.05,1,0,311
2565,152,3,3,47,17,2.58,0.05,1,0,311
2566,192,1,1,60,20,2.83,0.05,1,0,311
2567,80,2,2,35,11,1.25,0.05,1,0,311
2568,126,0,0,31,13,-5.61,0.05,0,0,311
2569,7,0,0,3,1,-4.27,0.05,1,0,311
2570,400,1,1,37,19,-12.95,0.05,0,1,311
2571,84,7,2,27,10,5.21,0.05,1,0,311
2572,21,0,0,10,3,-3.16,0.05,1,0,311
2573,90,1,1,28,11,-0.5,0.05,1,0,311
2574,43,0,0,20,6,-3.93,0.05,1,0,311
2575,191,1,1,40,18,-6.36,0.05,1,0,311
2576,7,0,0,3,1,-4.27,0.05,1,0,311
2577,98,0,0,43,13,1.37,0.05,1,0,311
2578,400,7,2,45,29,-15.45,0.05,0,1,311
2579,96,8,3,33,12,6.69,0.05,1,0,311
2580,146,1,1,34,14,-1.21,0.05,1,0,311
2581,91,1,1,33,11,5.24,0.05,1,0,311
2582,62,0,0,34,8,1.03,0.05,1,0,311
2583,221,6,1,43,22,-4.01,0.05,1,0,311
2584,6,0,0,3,1,-4.21,0.05,1,0,311
2585,400,3,3,38,17,-9.4,0.05,0,1,311
2586,189,7,7,48,20,6.61,0.05,1,0,311
2587,21,0,0,9,3,-4.26,0.05,1,0,311
2588,400,1,1,45,22,-10.15,0.05,0,1,312
2589,400,4,4,49,21,-7.45,0.05,0,1,312
2590,96,3,3,31,11,-2.11,0.05,1,0,312
2591,299,9,4,43,25,-9.29,0.05,0,0,313
2592,59,1,1,24,8,-0.64,0.05,1,0,313
2593,126,0,0,33,13,-3.71,0.05,1,0,313
2594,13,0,0,8,2,-3.93,0.05,1,0,313
2595,91,2,2,35,11,1.39,0.05,0,0,313
2596,34,0,0,16,5,-3.79,0.05,1,0,313
2597,51,1,1,21,7,-1.76,0.05,0,0,313
2598,21,0,0,9,3,-4.76,0.05,1,0,313
2599,139,1,1,37,14,-4.44,0.05,0,0,313
2600,126,1,1,36,14,-0.51,0.05,0,0,313
2601,94,3,3,37,12,2.36,0.05,1,0,313
2602,60,1,1,24,8,-2.7,0.05,1,0,313
2603,230,0,0,36,19,-13.8,0.05,0,0,313
2604,95,1,1,37,11,0.5,0.05,1,0,313
2605,288,2,2,54,31,-9.58,0.05,1,0,313
2606,258,3,3,41,20,-13.08,0.05,1,0,313
2607,23,1,1,12,3,-2.68,0.05,1,0,313
2608,6,0,0,3,1,-4.66,0.05,1,0,313
2609,23,0,0,9,3,-3.68,0.05,1,0,313
2610,118,1,1,27,9,-1.53,0.05,0,0,313
2611,73,5,0,22,7,2.02,0.05,1,0,313
2612,45,0,0,21,6,-1.55,0.05,1,0,313
2613,79,1,1,34,10,1.91,0.05,1,0,313
2614,169,3,3,43,19,4.41,0.05,1,0,313
2615,80,2,2,33,11,0.6,0.05,1,0,313
2616,5,0,0,3,1,-4.2,0.05,1,0,313
2617,59,0,0,20,7,-2.74,0.05,1,0,313
2618,50,0,0,17,7,-5.85,0.05,1,0,313
2619,400,2,2,43,21,-9.75,0.05,0,1,313
2620,60,5,0,27,8,5.0,0.05,1,0,313
2621,36,1,1,19,5,-0.31,0.05,1,0,313
2622,21,1,1,11,3,-2.51,0.05,1,0,313
2623,43,1,1,5,3,-4.48,0.05,1,0,313
2624,400,1,1,36,16,-9.75,0.05,0,1,313
2625,400,4,4,50,23,-5.5,0.05,0,1,313
2626,112,2,2,37,11,0.88,0.05,0,0,313
2627,400,2,2,44,19,-13.4,0.05,0,1,313
2628,400,3,3,35,32,-17.65,0.05,0,1,313
2629,34,1,1,13,5,-4.09,0.05,1,0,313
2630,30,0,0,11,4,-3.05,0.05,1,0,313
2631,36,0,0,9,4,-4.26,0.05,1,0,313
2632,5,0,0,2,1,-4.4,0.05,1,0,313
2633,21,0,0,13,3,-2.26,0.05,1,0,313
2634,23,0,0,9,3,-3.43,0.05,1,0,313
2635,83,0,0,23,11,-2.78,0.05,0,0,313
2636,91,0,0,28,11,-1.16,0.05,1,0,313
2637,69,0,0,28,9,0.21,0.05,1,0,313
2638,45,0,0,25,6,-0.45,0.05,1,0,313
2639,78,2,2,31,9,2.67,0.05,0,0,313
2640,319,3,3,37,23,-11.14,0.05,1,0,313
2641,20,0,0,7,3,-4.8,0.05,1,0,313
2642,148,1,1,46,16,1.27,0.05,1,0,313
2643,287,3,3,50,30,-16.57,0.05,0,0,313
2644,140,4,4,37,15,2.6,0.05,0,0,313
2645,54,0,0,20,7,-4.04,0.05,1,0,313
2646,20,0,0,9,3,-4.7,0.05,1,0,313
2647,268,8,3,46,28,-9.93,0.05,0,0,313
2648,27,2,2,10,4,-4.22,0.05,1,0,313
2649,85,1,1,31,11,-1.05,0.05,1,0,313
2650,154,3,3,44,18,1.31,0.05,1,0,313
2651,50,1,1,22,7,-1.6,0.05,1,0,313
2652,104,3,3,23,11,-2.19,0.05,1,0,313
2653,313,1,1,47,39,-31.58,0.05,1,0,313
2654,51,0,0,23,7,-2.51,0.05,1,0,313
2655,58,1,1,21,8,-2.23,0.05,1,0,313
2656,22,1,1,8,3,-4.82,0.05,1,0,313
2657,21,0,0,12,3,-2.86,0.05,1,0,313
2658,21,0,0,11,3,-3.16,0.05,1,0,313
2659,209,2,2,46,24,-0.89,0.05,0,0,313
2660,30,0,0,12,4,-3.75,0.05,1,0,313
2661,43,0,0,20,6,-2.68,0.05,1,0,313
2662,187,1,1,48,21,-4.37,0.05,1,0,313
2663,164,1,1,50,18,0.51,0.05,0,0,313
2664,400,2,2,45,36,-36.4,0.05,0,1,313
2665,128,4,4,38,13,-0.28,0.05,0,0,315
2666,122,3,3,35,12,0.78,0.05,0,0,316
2667,44,0,0,9,3,-5.49,0.05,1,0,316
2668,28,0,0,10,4,-4.53,0.05,1,0,316
2669,22,0,0,7,3,-5.17,0.05,1,0,316
2670,21,1,1,6,3,-5.41,0.05,1,0,316
2671,185,8,3,26,16,3.15,0.05,1,0,316
2672,215,0,0,30,12,-5.1,0.05,1,0,316
2673,400,2,2,47,18,-5.7,0.05,0,1,316
2674,28,0,0,15,4,-4.08,0.05,1,0,316
2675,90,2,2,31,11,1.85,0.05,1,0,316
2676,22,0,0,9,3,-4.57,0.05,1,0,316
2677,13,0,0,6,2,-3.33,0.05,1,0,316
2678,91,1,1,29,10,-1.86,0.05,1,0,316
2679,96,0,0,28,11,-5.41,0.05,1,0,316
2680,31,1,1,13,4,-2.46,0.05,1,0,316
2681,116,4,4,42,13,3.79,0.05,1,0,316
2682,21,0,0,10,3,-3.96,0.05,1,0,316
2683,23,0,0,7,3,-5.78,0.05,1,0,316
2684,100,3,3,32,12,2.3,0.05,0,0,316
2685,42,1,1,19,5,-1.37,0.05,1,0,316
2686,67,1,1,24,9,-0.32,0.05,1,0,316
2687,14,0,0,4,2,-6.04,0.05,1,0,316
2688,13,0,0,7,2,-4.18,0.05,1,0,316
2689,13,0,0,6,2,-4.48,0.05,1,0,316
2690,211,2,2,47,22,-2.21,0.05,1,0,316
2691,59,1,1,28,8,0.41,0.05,1,0,316
2692,31,0,0,12,4,-2.81,0.05,1,0,316
2693,39,0,0,11,5,-4.44,0.05,1,0,316
2694,73,2,2,27,10,-0.93,0.05,1,0,316
2695,158,2,2,31,14,-4.03,0.05,0,0,316
2696,75,0,0,25,8,-4.5,0.05,1,0,316
2697,17,0,0,3,2,-6.07,0.05,1,0,316
2698,35,0,0,18,5,-2.05,0.05,1,0,316
2699,102,0,0,38,12,-1.52,0.05,1,0,316
2700,147,6,1,36,14,4.48,0.05,1,0,316
2701,58,1,1,21,7,-1.98,0.05,1,0,316
2702,106,1,1,26,11,-2.11,0.05,1,0,316
2703,213,8,3,41,21,-1.28,0.05,0,0,316
2704,182,0,0,25,9,-5.97,0.05,1,0,316
2705,58,1,1,20,7,-1.43,0.05,1,0,316
2706,37,1,1,17,5,-2.37,0.05,1,0,316
2707,47,1,1,17,6,-0.92,0.05,1,0,316
2708,28,0,0,4,3,-5.33,0.05,1,0,316
2709,40,3,3,19,5,1.8,0.05,1,0,316
2710,213,0,0,42,21,-5.68,0.05,1,0,316
2711,72,2,2,12,4,-4.37,0.05,1,0,316
2712,31,0,0,12,4,-3.31,0.05,1,0,316
2713,59,0,0,24,7,-0.89,0.05,1,0,316
2714,51,2,2,21,7,0.09,0.05,1,0,316
2715,78,0,0,25,9,-2.43,0.05,1,0,316
2716,211,2,2,44,24,-5.81,0.05,1,0,316
2717,400,9,4,53,39,-11.15,0.05,0,1,316
2718,119,1,1,46,14,4.16,0.05,1,0,316
2719,400,0,0,40,20,-6.4,0.05,0,1,316
2720,106,0,0,35,13,-1.76,0.05,1,0,316
2721,182,2,2,39,18,-0.57,0.05,1,0,316
2722,77,1,1,29,10,0.28,0.05,1,0,316
2723,92,2,2,23,11,-3.02,0.05,1,0,316
2724,32,0,0,14,4,-3.72,0.05,0,0,316
2725,206,2,2,38,15,-8.56,0.05,0,0,316
2726,211,2,3,38,16,1.74,0.05,0,1,316
2727,88,1,1,31,9,0.87,0.05,1,0,316
2728,400,4,4,30,18,-7.4,0.05,0,1,316
2729,179,2,2,45,20,1.31,0.05,0,0,316
2730,188,2,2,45,20,0.87,0.05,1,0,316
2731,189,4,4,57,20,6.61,0.05,0,0,316
2732,135,3,3,32,13,-0.7,0.05,0,0,316
2733,13,0,0,4,2,-5.08,0.05,1,0,316
2734,201,1,1,47,16,-4.41,0.05,0,0,316
2735,62,1,1,23,8,-2.12,0.05,1,0,316
2736,61,0,0,29,8,-0.86,0.05,1,0,316
2737,400,6,1,47,19,-7.5,0.05,0,1,316
2738,400,4,4,50,25,-6.35,0.05,0,1,316
2739,87,2,2,38,12,-0.72,0.05,0,0,316
2740,44,1,1,20,6,-3.04,0.05,1,0,316
2741,100,3,3,29,11,1.15,0.05,1,0,316
2742,29,0,0,9,4,-6.39,0.05,1,0,316
2743,190,4,4,48,18,5.45,0.05,0,0,316
2744,156,1,1,36,15,-2.01,0.05,0,0,316
2745,50,2,2,17,7,-1.55,0.05,0,0,316
2746,157,3,3,38,14,1.63,0.05,1,0,316
2747,184,2,2,35,16,-4.44,0.05,0,0,316
2748,73,0,0,20,7,-5.68,0.05,0,0,316
2749,20,0,0,9,3,-4.6,0.05,1,0,316
2750,72,2,2,30,8,1.38,0.05,0,0,316
2751,32,0,0,16,4,-2.72,0.05,1,0,316
2752,6,0,0,2,1,-4.41,0.05,1,0,316
2753,141,1,1,38,14,-0.41,0.05,1,0,316
2754,55,0,0,24,7,-2.55,0.05,1,0,316
2755,41,0,0,16,6,-4.96,0.05,1,0,316
2756,47,0,0,17,6,-2.92,0.05,1,0,316
2757,400,2,2,31,38,-39.6,0.05,0,1,316
2758,64,2,2,19,7,-1.19,0.05,1,0,316
2759,79,3,3,27,10,0.56,0.05,1,0,316
2760,160,1,1,39,16,-0.45,0.05,1,0,316
2761,101,2,2,25,11,-5.11,0.05,1,0,316
2762,30,0,0,14,4,-3.75,0.05,1,0,316
2763,362,2,2,46,25,-25.82,0.05,1,0,316
2764,159,1,1,38,15,-2.09,0.05,1,0,316
2765,115,2,2,40,14,-0.9,0.05,1,0,316
2766,100,1,2,26,11,-3.1,0.05,0,0,317
2767,82,3,3,32,11,3.38,0.05,0,0,317
2768,29,0,0,11,4,-2.79,0.05,1,0,317
2769,67,0,0,25,9,-3.77,0.05,1,0,317
2770,75,2,2,27,9,2.15,0.05,0,0,317
2771,38,0,0,16,5,-3.28,0.05,1,0,317
2772,13,0,0,7,2,-3.98,0.05,1,0,317
2773,43,0,0,20,6,-1.73,0.05,1,0,317
2774,65,0,0,27,9,-2.5,0.05,1,0,317
2775,6,0,0,3,1,-4.21,0.05,1,0,317
2776,80,7,2,34,10,7.85,0.05,1,0,317
2777,53,0,0,19,7,-4.68,0.05,1,0,317
2778,44,1,1,16,6,-2.84,0.05,1,0,317
2779,400,0,0,37,16,-12.5,0.05,0,1,317
2780,93,2,2,31,12,1.02,0.05,1,0,317
2781,69,1,1,31,9,1.86,0.05,1,0,317
2782,400,1,1,35,16,-12.25,0.05,0,1,317
2783,229,11,6,48,22,15.66,0.05,0,1,317
2784,239,7,2,50,22,4.86,0.05,1,0,317
2785,50,2,2,24,7,-1.15,0.05,1,0,317
2786,400,2,2,36,15,-10.55,0.05,0,1,317
2787,75,1,1,32,10,0.95,0.05,1,0,317
2788,105,3,3,33,14,1.75,0.05,1,0,317
2789,92,2,2,23,9,-2.07,0.05,1,0,317
2790,15,0,0,3,2,-5.95,0.05,1,0,317
2791,88,1,1,23,9,-1.98,0.05,1,0,317
2792,78,2,2,16,8,-4.58,0.05,0,0,317
2793,148,0,0,30,14,-2.68,0.05,1,0,317
2794,84,1,1,42,11,1.71,0.05,1,0,317
2795,16,0,0,3,2,-5.46,0.05,1,0,317
2796,159,2,2,53,19,5.11,0.05,1,0,317
2797,44,1,1,23,5,0.76,0.05,0,0,317
2798,83,2,2,28,8,-0.23,0.05,0,0,317
2799,6,0,0,3,1,-4.21,0.05,1,0,317
2800,233,1,1,34,25,-23.18,0.05,1,0,317
2801,34,1,1,12,5,-3.44,0.05,1,0,317
2802,40,0,0,11,4,-4.85,0.05,0,0,317
2803,107,1,1,30,13,0.23,0.05,1,0,317
2804,20,1,1,10,3,-3.65,0.05,1,0,317
2805,22,2,2,11,3,-1.62,0.05,1,0,317
2806,35,0,0,14,5,-5.25,0.05,1,0,317
2807,89,2,2,28,11,-1.04,0.05,1,0,317
2808,13,0,0,8,2,-3.88,0.05,1,0,317
2809,126,0,0,45,16,1.54,0.05,1,0,317
2810,69,1,1,23,8,-4.09,0.05,1,0,317
2811,80,1,1,28,10,1.05,0.05,1,0,317
2812,80,0,0,26,8,-4.0,0.05,0,0,317
2813,172,3,3,39,17,0.13,0.05,0,0,317
2814,63,1,1,23,5,0.92,0.05,1,0,317
2815,28,1,1,14,4,-1.63,0.05,1,0,317
2816,39,0,0,14,5,-3.64,0.05,0,0,317
2817,100,5,0,34,13,3.4,0.05,1,0,317
2818,400,2,2,30,32,-25.15,0.05,0,1,317
2819,58,1,1,24,8,-2.43,0.05,1,0,317
2820,7,0,0,3,1,-4.17,0.05,1,0,317
2821,87,1,1,30,10,-1.87,0.05,1,0,317
2822,274,2,2,34,22,-13.14,0.05,1,0,317
2823,14,0,0,7,2,-5.14,0.05,1,0,317
2824,39,1,1,13,5,-3.64,0.05,1,0,317
2825,287,1,1,50,30,-10.07,0.05,1,0,317
2826,42,1,1,17,5,-1.82,0.05,1,0,317
2827,86,1,1,43,12,2.29,0.05,1,0,317
2828,7,0,0,4,1,-4.32,0.05,1,0,317
2829,400,1,1,36,19,-13.55,0.05,0,1,318
2830,95,2,2,40,13,2.1,0.05,1,0,318
2831,176,4,4,44,18,-0.06,0.05,1,0,318
2832,87,4,4,29,10,5.63,0.05,0,0,318
2833,373,1,1,60,41,-24.93,0.05,1,0,318
2834,75,0,0,27,10,0.85,0.05,1,0,318
2835,153,3,3,44,18,2.32,0.05,1,0,318
2836,68,1,1,26,9,-1.23,0.05,1,0,318
2837,59,0,0,24,7,-2.34,0.05,1,0,318
2838,81,1,1,37,10,3.24,0.05,1,0,318
2839,30,0,0,13,4,-3.55,0.05,1,0,318
2840,79,0,0,28,10,-2.84,0.05,1,0,318
2841,87,3,3,29,10,-0.57,0.05,1,0,318
2842,133,1,1,41,15,-0.68,0.05,1,0,318
2843,247,0,0,45,25,-7.77,0.05,1,0,318
2844,35,0,0,16,5,-4.25,0.05,1,0,318
2845,61,2,2,22,8,-2.06,0.05,1,0,318
2846,20,0,0,8,3,-4.45,0.05,1,0,318
2847,74,1,1,30,10,-0.94,0.05,1,0,318
2848,123,7,2,28,14,4.07,0.05,1,0,318
2849,73,1,1,25,8,-2.23,0.05,1,0,318
2850,400,0,0,35,18,-15.4,0.05,0,1,318
2851,16,0,0,2,2,-5.86,0.05,1,0,318
2852,121,1,1,34,13,-0.26,0.05,1,0,318
2853,46,0,0,20,5,-1.26,0.05,0,0,318
2854,6,0,0,3,1,-5.21,0.05,1,0,318
2855,400,6,1,54,20,-4.75,0.05,0,1,318
2856,130,1,1,29,14,-2.05,0.05,1,0,318
2857,79,2,2,27,10,0.16,0.05,1,0,318
2858,34,0,0,15,5,-4.99,0.05,1,0,318
2859,294,4,4,36,26,-16.99,0.05,1,0,318
2860,79,1,1,28,10,-2.49,0.05,1,0,318
2861,49,1,1,20,7,-1.39,0.05,1,0,318
2862,400,2,2,28,16,-15.1,0.05,0,1,318
2863,77,1,1,26,9,-0.82,0.05,1,0,318
2864,100,2,2,37,12,4.35,0.05,1,0,318
2865,79,2,2,33,10,2.41,0.05,1,0,318
2866,20,0,0,7,3,-5.35,0.05,1,0,318
2867,200,5,0,42,21,-3.8,0.05,1,0,318
2868,157,2,2,34,16,0.98,0.05,0,0,318
2869,104,2,2,37,14,-1.54,0.05,1,0,318
2870,20,1,1,10,3,-2.75,0.05,1,0,318
2871,146,8,3,44,18,4.69,0.05,0,0,318
2872,59,3,3,24,8,0.96,0.05,1,0,318
2873,178,3,3,40,17,-2.08,0.05,1,0,318
2874,226,0,0,11,5,-6.86,0.05,1,0,318
2875,128,2,2,39,16,0.87,0.05,0,0,319
2876,17,0,0,2,1,-4.57,0.05,1,0,319
2877,400,3,3,35,27,-18.25,0.05,0,1,319
2878,69,2,2,32,8,0.41,0.05,1,0,319
2879,22,0,0,13,3,-4.27,0.05,1,0,319
2880,285,2,2,45,27,-15.5,0.05,1,0,319
2881,194,5,0,37,14,2.46,0.05,1,0,319
2882,101,2,2,29,10,-0.41,0.05,0,0,319
2883,400,7,2,56,43,-8.3,0.05,0,1,319
2884,174,0,0,45,20,-2.94,0.05,0,0,319
2885,20,0,0,10,3,-4.45,0.05,1,0,319
2886,9,0,0,3,1,-4.24,0.05,1,0,319
2887,31,0,0,13,4,-2.71,0.05,1,0,319
2888,63,2,2,24,8,1.87,0.05,1,0,319
2889,70,0,0,24,9,-3.55,0.05,1,0,319
2890,242,0,0,37,22,-10.17,0.05,1,0,319
2891,71,0,0,27,8,-0.86,0.05,1,0,319
2892,178,2,2,36,16,-0.58,0.05,0,0,319
2893,94,2,2,37,12,-0.99,0.05,0,0,319
2894,400,3,3,40,17,-15.55,0.05,0,1,319
2895,88,0,0,22,9,-3.73,0.05,0,0,319
2896,277,1,1,50,27,-12.12,0.05,1,0,319
2897,49,1,1,23,6,-1.79,0.05,1,0,319
2898,269,8,3,47,27,-1.04,0.05,1,0,319
2899,400,2,2,38,34,-25.7,0.05,0,1,319
2900,116,6,1,35,12,2.64,0.05,1,0,319
2901,400,2,2,38,20,-8.35,0.05,0,1,319
2902,13,0,0,5,2,-4.78,0.05,1,0,319
2903,68,1,1,34,9,3.02,0.05,1,0,319
2904,125,7,2,27,12,3.2,0.05,1,0,319
2905,20,0,0,9,3,-5.55,0.05,1,0,319
2906,13,0,0,7,2,-3.78,0.05,1,0,319
2907,294,6,1,42,19,-10.84,0.05,0,0,319
2908,400,3,3,45,18,-8.75,0.05,0,1,319
2909,20,0,0,10,3,-3.45,0.05,1,0,319
2910,129,0,0,37,15,-1.19,0.05,1,0,319
2911,126,3,3,31,11,-1.26,0.05,0,0,319
2912,286,1,1,37,20,-14.31,0.05,1,0,319
2913,45,1,1,22,6,-1.9,0.05,0,0,319
2914,120,1,1,39,13,2.15,0.05,1,0,319
2915,189,0,0,35,16,-6.04,0.05,0,0,319
2916,58,2,2,26,8,-0.88,0.05,1,0,319
2917,400,1,1,34,19,-14.2,0.05,0,1,319
2918,14,0,0,5,2,-4.29,0.05,1,0,319
2919,29,0,0,14,4,-3.24,0.05,1,0,319
2920,59,0,0,21,8,-2.84,0.05,1,0,319
2921,50,0,0,24,7,-1.85,0.05,1,0,319
2922,272,4,4,42,15,-8.52,0.05,0,0,319
2923,400,1,1,41,16,-14.65,0.05,0,1,319
2924,23,0,0,10,3,-4.03,0.05,1,0,319
2925,102,0,0,28,12,-3.52,0.05,1,0,319
2926,400,2,2,45,18,-5.25,0.05,0,1,319
2927,81,0,0,28,10,-2.16,0.05,1,0,319
2928,80,3,3,26,10,-0.4,0.05,1,0,319
2929,35,0,0,14,5,-5.1,0.05,1,0,319
2930,63,1,1,26,8,-0.23,0.05,1,0,319
2931,20,0,0,8,3,-4.55,0.05,1,0,319
2932,149,2,2,43,17,1.16,0.05,1,0,319
2933,20,0,0,9,3,-4.05,0.05,1,0,319
2934,75,2,2,23,10,-1.55,0.05,1,0,319
2935,155,7,2,38,17,3.5,0.05,1,0,319
2936,13,0,0,6,2,-4.73,0.05,1,0,319
2937,13,0,0,4,2,-6.53,0.05,1,0,319
2938,166,0,0,39,14,-6.36,0.05,0,0,319
2939,127,1,1,34,13,-4.32,0.05,1,0,319
2940,76,0,0,28,10,-1.31,0.05,1,0,319
2941,400,1,1,45,19,-10.95,0.05,0,1,319
2942,28,0,0,12,4,-4.93,0.05,1,0,319
2943,51,1,1,16,6,-2.96,0.05,1,0,319
2944,125,2,2,41,14,-2.2,0.05,1,0,319
2945,77,0,0,35,10,-0.57,0.05,1,0,319
2946,155,1,1,54,18,5.7,0.05,1,0,319
2947,110,1,1,40,12,-1.55,0.05,1,0,319
2948,8,0,0,4,1,-3.83,0.05,1,0,319
2949,90,4,4,36,10,3.8,0.05,0,0,319
2950,114,1,1,27,11,-1.74,0.05,1,0,319
2951,7,0,0,3,1,-4.27,0.05,1,0,319
2952,400,4,4,25,12,-7.6,0.05,0,1,319
2953,65,1,1,22,8,0.5,0.05,0,0,319
2954,20,0,0,9,3,-4.75,0.05,1,0,319
2955,56,1,1,17,6,-3.86,0.05,1,0,319
2956,74,0,0,23,10,-6.29,0.05,1,0,319
2957,20,0,0,8,3,-3.5,0.05,1,0,319
2958,81,0,0,26,11,-5.16,0.05,1,0,319
2959,22,1,1,7,3,-4.57,0.05,1,0,319
2960,400,3,3,41,19,-9.4,0.05,0,1,319
2961,83,0,0,30,11,-3.33,0.05,1,0,319
2962,111,2,2,42,12,4.64,0.05,1,0,319
2963,35,1,1,12,5,-3.95,0.05,1,0,319
2964,400,1,1,42,19,-10.95,0.05,0,1,319
2965,75,0,0,29,10,-0.75,0.05,1,0,319
2966,20,0,0,9,3,-4.65,0.05,1,0,319
2967,22,0,0,8,3,-4.67,0.05,1,0,319
2968,246,8,3,41,19,-2.11,0.05,0,0,319
2969,400,5,5,53,21,0.4,0.05,0,1,319
2970,86,6,1,33,11,3.89,0.05,1,0,319
2971,116,2,2,37,13,0.69,0.05,0,0,319
2972,400,5,0,30,24,-7.6,0.05,0,1,319
2973,190,4,4,41,17,-0.7,0.05,1,0,319
2974,35,0,0,10,4,-4.35,0.05,1,0,319
2975,400,3,3,33,16,-7.1,0.05,0,1,319
2976,89,1,1,23,8,-4.34,0.05,1,0,319
2977,76,3,3,30,10,1.34,0.05,1,0,319
2978,7,0,0,2,1,-4.57,0.05,1,0,319
2979,239,2,2,46,18,-3.34,0.05,0,0,319
2980,278,5,5,46,21,-5.03,0.05,0,0,319
2981,48,0,0,24,6,-0.68,0.05,1,0,319
2982,39,1,1,13,5,-2.09,0.05,1,0,319
2983,147,2,2,39,16,0.43,0.05,0,0,320
2984,56,2,2,26,7,2.94,0.05,1,0,320
2985,278,2,2,34,19,-10.83,0.05,1,0,320
2986,98,1,1,28,12,-2.63,0.05,1,0,320
2987,27,0,0,11,4,-4.67,0.05,1,0,320
2988,229,5,5,50,20,5.76,0.05,0,0,320
2989,65,1,1,20,9,-2.5,0.05,1,0,320
2990,49,0,0,16,6,-5.49,0.05,1,0,320
2991,400,2,2,43,24,-35.65,0.05,0,1,320
2992,109,1,1,39,13,-0.14,0.05,1,0,320
2993,51,1,1,24,7,0.34,0.05,1,0,320
2994,77,2,2,31,10,0.73,0.05,1,0,320
2995,76,0,0,28,10,-1.56,0.05,1,0,320
2996,9,0,0,3,1,-4.29,0.05,1,0,320
2997,143,2,2,34,13,-1.73,0.05,0,0,320
2998,22,0,0,9,3,-4.82,0.05,1,0,320
2999,86,6,1,35,12,3.04,0.05,1,0,320
3000,80,2,2,25,7,1.75,0.05,1,0,320
3001,318,1,1,37,25,-25.43,0.05,1,0,320
3002,185,6,1,43,19,3.4,0.05,1,0,320
3003,13,0,0,8,2,-3.88,0.05,1,0,320
3004,41,2,2,17,5,0.19,0.05,1,0,320
3005,246,4,4,33,16,-7.36,0.05,1,0,320
3006,365,8,3,49,27,-9.55,0.05,1,0,320
3007,58,2,2,22,8,-0.58,0.05,1,0,320
3008,120,1,1,44,14,2.75,0.05,1,0,320
3009,400,2,2,47,26,-6.9,0.05,0,1,320
3010,154,3,3,32,14,-2.94,0.05,1,0,320
3011,29,0,0,13,4,-4.14,0.05,1,0,320
3012,29,0,0,10,4,-5.19,0.05,1,0,320
3013,130,1,1,34,12,-4.75,0.05,0,0,320
3014,82,0,0,28,9,-0.62,0.05,1,0,320
3015,104,2,2,31,10,-1.49,0.05,1,0,320
3016,51,1,1,17,6,-2.71,0.05,1,0,320
3017,62,1,1,15,7,-2.37,0.05,1,0,320
3018,162,2,2,37,17,0.13,0.05,1,0,320
3019,188,10,5,43,17,8.92,0.05,1,0,320
3020,29,0,0,14,4,-2.04,0.05,1,0,320
3021,39,0,0,18,5,-3.74,0.05,1,0,320
3022,64,0,0,5,3,-6.84,0.05,0,0,320
3023,400,0,0,39,32,-25.35,0.05,0,1,320
3024,171,2,2,42,17,1.69,0.05,1,0,320
3025,400,2,2,37,21,-12.6,0.05,0,1,320
3026,67,2,2,25,9,-1.67,0.05,1,0,320
3027,106,2,2,29,11,-1.26,0.05,1,0,320
3028,72,1,1,26,10,-0.22,0.05,1,0,320
3029,57,1,1,19,7,-0.82,0.05,1,0,320
3030,75,2,2,30,9,2.0,0.05,1,0,320
3031,209,1,1,51,22,0.61,0.05,1,0,320
3032,38,1,1,17,5,-1.43,0.05,1,0,320
3033,36,0,0,15,5,-3.71,0.05,1,0,320
3034,400,2,2,46,18,-9.85,0.05,0,1,320
3035,400,0,0,33,20,-18.95,0.05,0,1,320
3036,132,7,2,40,15,5.88,0.05,1,0,320
3037,161,3,3,29,14,-1.11,0.05,1,0,320
3038,72,1,1,32,10,0.13,0.05,1,0,320
3039,81,1,1,25,9,-0.61,0.05,1,0,320
3040,190,7,2,49,19,3.85,0.05,1,0,320
3041,62,0,0,23,8,-1.57,0.05,0,0,320
3042,107,1,1,35,13,2.33,0.05,1,0,320
3043,136,3,3,41,17,1.99,0.05,0,0,320
3044,135,0,0,49,16,2.7,0.05,1,0,320
3045,29,0,0,13,4,-3.09,0.05,1,0,320
3046,400,3,3,42,26,-13.65,0.05,0,1,320
3047,137,3,3,37,12,1.88,0.05,0,0,320
3048,70,1,1,27,9,1.25,0.05,1,0,320
3049,50,3,3,18,7,-1.1,0.05,1,0,320
3050,112,1,1,28,12,2.68,0.05,1,0,320
3051,6,0,0,3,1,-4.76,0.05,1,0,320
3052,38,1,1,12,5,-3.48,0.05,1,0,320
3053,52,0,0,24,7,0.13,0.05,1,0,320
3054,167,3,3,43,17,0.93,0.05,1,0,320
3055,96,0,0,32,12,-2.76,0.05,1,0,320
3056,106,0,0,30,10,-3.86,0.05,0,0,320
3057,115,1,1,32,13,-1.25,0.05,0,0,320
3058,144,1,1,28,11,-5.24,0.05,1,0,320
3059,40,0,0,13,5,-3.75,0.05,1,0,320
3060,76,1,1,29,10,0.19,0.05,0,0,320
3061,109,2,2,30,11,1.91,0.05,1,0,320
3062,74,6,1,28,9,5.76,0.05,1,0,320
3063,105,1,1,32,12,4.8,0.05,1,0,320
3064,64,3,3,20,6,-1.74,0.05,0,0,320
3065,400,3,3,43,21,-21.35,0.05,0,1,320
3066,61,1,1,23,8,-3.96,0.05,1,0,320
3067,172,1,1,44,17,-1.07,0.05,1,0,320
3068,50,0,0,24,7,-2.1,0.05,1,0,320
3069,6,0,0,3,1,-5.21,0.05,1,0,320
3070,400,2,2,31,18,-13.95,0.05,0,1,320
3071,353,1,1,37,18,-22.23,0.05,0,0,320
3072,75,0,0,30,10,-2.2,0.05,0,0,320
3073,99,6,1,32,11,4.21,0.05,1,0,320
3074,94,1,1,30,11,0.06,0.05,1,0,320
3075,8,0,0,2,1,-6.08,0.05,1,0,320
3076,400,3,3,40,17,-9.95,0.05,0,1,320
3077,90,2,2,38,12,-0.85,0.05,0,0,320
3078,157,2,2,29,16,-3.72,0.05,1,0,320
3079,169,1,1,37,15,-3.99,0.05,0,0,320
3080,14,0,0,7,2,-4.04,0.05,1,0,320
3081,179,1,1,36,14,-3.79,0.05,0,0,320
3082,59,0,0,17,5,-3.69,0.05,1,0,320
3083,33,0,0,13,4,-3.78,0.05,1,0,320
3084,150,2,2,22,11,-3.95,0.05,1,0,320
3085,75,0,0,34,10,1.35,0.05,1,0,320
3086,59,2,2,22,8,-1.24,0.05,1,0,320
3087,13,0,0,6,2,-3.98,0.05,1,0,320
3088,7,0,0,2,1,-5.02,0.05,1,0,320
3089,83,2,2,36,11,3.57,0.05,1,0,320
3090,60,0,0,20,6,-2.0,0.05,1,0,320
3091,81,2,2,24,8,-0.41,0.05,0,0,320
3092,13,0,0,9,2,-3.48,0.05,1,0,320
3093,254,3,3,30,14,-9.09,0.05,1,0,320
3094,146,0,0,43,16,-1.46,0.05,0,0,320
3095,51,0,0,20,7,-3.46,0.05,1,0,320
3096,58,1,1,16,5,-2.13,0.05,0,0,320
3097,55,0,0,18,7,-4.0,0.05,1,0,320
3098,23,0,0,7,3,-5.98,0.05,1,0,320
3099,22,0,0,10,3,-3.97,0.05,1,0,320
3100,82,0,0,29,11,-2.52,0.05,1,0,320
3101,61,1,1,31,8,-1.36,0.05,1,0,320
3102,80,0,0,29,11,-0.4,0.05,1,0,320
3103,100,4,4,37,11,1.95,0.05,1,0,320
3104,15,0,0,8,2,-3.25,0.05,1,0,320
3105,13,0,0,7,2,-4.53,0.05,1,0,320
3106,49,1,1,14,5,-3.59,0.05,0,0,320
3107,128,2,2,37,14,2.37,0.05,1,0,320
3108,20,0,0,9,3,-5.65,0.05,1,0,320
3109,142,1,1,49,16,5.23,0.05,0,0,320
3110,76,2,2,36,10,1.49,0.05,1,0,320
3111,103,2,2,28,12,1.07,0.05,1,0,320
3112,103,1,1,34,13,-1.88,0.05,1,0,320
3113,133,4,4,29,12,-1.83,0.05,0,0,321
3114,71,0,0,30,9,-0.31,0.05,0,0,321
3115,400,3,3,32,15,-11.85,0.05,0,1,321
3116,128,1,1,42,15,1.97,0.05,1,0,321
3117,230,1,1,39,20,-7.3,0.05,0,0,322
3118,101,3,3,31,11,-1.36,0.05,1,0,322
3119,129,2,2,31,14,-3.04,0.05,1,0,322
3120,46,0,0,9,4,-5.71,0.05,1,0,322
3121,125,1,1,36,14,-0.95,0.05,0,0,322
3122,198,2,2,45,17,-0.28,0.05,1,0,322
3123,78,0,0,27,10,-3.53,0.05,1,0,322
3124,21,0,0,10,3,-3.41,0.05,1,0,322
3125,66,1,1,26,9,-2.11,0.05,1,0,322
3126,113,3,3,31,12,-1.93,0.05,0,0,322
3127,38,0,0,15,5,-3.23,0.05,1,0,322
3128,47,0,0,21,6,0.13,0.05,1,0,322
3129,93,6,1,30,11,3.52,0.05,1,0,322
3130,86,1,1,31,10,-0.36,0.05,1,0,322
3131,53,1,1,22,7,0.02,0.05,0,0,322
3132,27,0,0,11,4,-4.67,0.05,1,0,322
3133,115,0,0,35,15,-0.55,0.05,1,0,322
3134,130,0,0,15,8,-6.8,0.05,1,0,322
3135,35,0,0,14,4,-3.55,0.05,1,0,322
3136,161,0,0,39,15,0.14,0.05,0,0,322
3137,107,0,0,34,12,-0.82,0.05,1,0,322
3138,45,2,2,16,6,-2.2,0.05,1,0,322
3139,141,4,4,32,13,0.74,0.05,0,0,322
3140,100,1,1,23,8,-4.15,0.05,1,0,322
3141,216,7,2,32,12,0.29,0.05,0,0,322
3142,400,1,1,48,19,-7.45,0.05,0,1,322
3143,124,2,2,32,15,-3.94,0.05,1,0,322
3144,5,0,0,4,1,-4.0,0.05,1,0,322
3145,20,0,0,10,3,-3.85,0.05,1,0,322
3146,85,0,0,26,10,-8.95,0.05,1,0,322
3147,64,2,2,18,9,-3.94,0.05,1,0,322
3148,14,0,0,7,2,-4.54,0.05,1,0,322
3149,253,2,2,26,22,-12.43,0.05,0,0,322
3150,59,1,1,21,8,-3.84,0.05,1,0,322
3151,66,0,0,26,8,-2.51,0.05,0,0,322
3152,43,0,0,13,5,-5.33,0.05,1,0,322
3153,106,7,2,31,12,5.34,0.05,0,0,322
3154,20,0,0,9,3,-4.55,0.05,1,0,322
3155,110,6,1,43,13,7.9,0.05,1,0,322
3156,62,2,2,22,8,-0.27,0.05,1,0,322
3157,36,1,1,13,5,-4.06,0.05,1,0,322
3158,28,0,0,13,4,-3.48,0.05,1,0,322
3159,400,3,3,49,20,-7.65,0.05,0,1,322
3160,186,1,1,46,19,-0.86,0.05,1,0,322
3161,24,0,0,6,2,-3.59,0.05,1,0,322
3162,132,1,1,52,17,2.58,0.05,1,0,322
3163,92,2,2,20,7,-4.17,0.05,1,0,322
3164,28,0,0,10,4,-4.93,0.05,1,0,322
3165,400,1,1,41,19,-9.9,0.05,0,1,322
3166,400,3,3,39,18,-9.9,0.05,0,1,322
3167,13,0,0,7,2,-4.13,0.05,1,0,322
3168,7,0,0,2,1,-4.57,0.05,1,0,322
3169,68,1,1,31,9,-0.98,0.05,1,0,322
3170,36,0,0,16,5,-2.26,0.05,1,0,322
3171,55,0,0,19,8,-8.0,0.05,1,0,322
3172,85,1,1,34,11,1.85,0.05,0,0,322
3173,22,0,0,13,3,-1.82,0.05,1,0,322
3174,77,0,0,32,9,-0.57,0.05,0,0,322
3175,224,2,2,48,19,-2.04,0.05,1,0,322
3176,37,0,0,13,5,-4.47,0.05,1,0,322
3177,94,2,2,28,9,-0.19,0.05,1,0,322
3178,138,0,0,26,12,-2.88,0.05,1,0,322
3179,78,1,1,32,10,0.52,0.05,1,0,322
3180,114,1,1,18,9,-5.59,0.05,1,0,322
3181,198,12,2,45,19,10.22,0.05,1,0,322
3182,67,2,2,18,7,-4.37,0.05,0,0,322
3183,69,1,1,25,9,0.06,0.05,1,0,322
3184,13,0,0,7,2,-5.08,0.05,1,0,322
3185,66,0,0,25,9,-4.66,0.05,1,0,322
3186,400,2,2,37,17,-9.65,0.05,0,1,322
3187,122,2,2,40,14,1.28,0.05,1,0,322
3188,400,3,3,32,17,-11.0,0.05,0,1,322
3189,78,1,1,26,10,-0.88,0.05,1,0,322
3190,21,1,1,9,3,-3.26,0.05,1,0,322
3191,93,0,0,26,9,-1.13,0.05,1,0,322
3192,163,4,4,39,17,0.87,0.05,1,0,322
3193,44,0,0,18,6,-3.94,0.05,1,0,322
3194,120,2,2,33,13,-0.05,0.05,0,0,322
3195,104,7,2,39,13,3.76,0.05,1,0,322
3196,144,2,2,32,12,-2.49,0.05,0,0,322
3197,400,6,1,47,20,-7.35,0.05,0,1,323
3198,138,3,3,35,13,1.12,0.05,0,0,323
3199,23,0,0,12,3,-3.43,0.05,1,0,323
3200,142,2,2,38,16,0.43,0.05,1,0,323
3201,400,4,4,38,16,-6.6,0.05,0,1,323
3202,14,0,0,10,2,-3.09,0.05,1,0,323
3203,400,0,0,35,18,-16.9,0.05,0,1,323
3204,126,3,3,39,12,1.04,0.05,1,0,323
3205,198,0,0,46,21,-2.53,0.05,1,0,323
3206,174,3,3,43,15,1.16,0.05,0,0,323
3207,14,0,0,5,2,-7.09,0.05,1,0,323
3208,29,0,0,12,4,-4.89,0.05,1,0,323
3209,6,0,0,3,1,-4.21,0.05,1,0,323
3210,39,0,0,19,5,-0.79,0.05,1,0,323
3211,29,0,0,12,4,-3.49,0.05,1,0,323
3212,51,1,1,24,7,-1.46,0.05,1,0,323
3213,62,0,0,25,8,0.38,0.05,1,0,323
3214,196,8,3,36,19,4.04,0.05,0,0,323
3215,21,0,0,8,3,-6.01,0.05,1,0,323
3216,38,0,0,17,5,-4.43,0.05,1,0,323
3217,61,1,1,34,8,1.84,0.05,1,0,323
3218,62,0,0,20,7,-4.77,0.05,0,0,323
3219,30,1,1,11,4,-2.55,0.05,1,0,323
3220,22,1,1,10,3,-3.12,0.05,1,0,323
3221,22,0,0,7,3,-4.87,0.05,1,0,323
3222,74,0,0,11,6,-5.64,0.05,0,0,323
3223,214,4,4,34,21,-4.54,0.05,1,0,323
3224,400,1,1,42,34,-18.7,0.05,0,1,323
3225,200,2,2,31,13,-0.2,0.05,1,0,323
3226,135,2,2,36,12,0.35,0.05,0,0,323
3227,400,5,5,37,22,-8.2,0.05,0,1,323
3228,400,1,1,37,18,-5.8,0.05,0,1,323
3229,400,1,1,52,24,-14.35,0.05,0,1,323
3230,241,3,3,37,21,-1.11,0.05,0,0,323
3231,400,2,2,44,36,-16.05,0.05,0,1,323
3232,124,3,3,41,14,2.91,0.05,1,0,323
3233,122,0,0,45,14,-1.67,0.05,0,0,323
3234,27,1,1,13,4,-3.37,0.05,1,0,323
3235,382,1,1,35,22,-72.62,0.05,0,0,324
3236,81,0,0,31,10,0.04,0.05,1,0,324
3237,36,1,1,11,5,-4.31,0.05,1,0,324
3238,29,1,1,11,4,-3.74,0.05,1,0,324
3239,115,1,1,31,14,-3.6,0.05,0,0,324
3240,400,1,1,39,21,-19.45,0.05,0,1,324
3241,124,2,2,32,13,0.26,0.05,1,0,324
3242,400,0,0,38,16,-8.7,0.05,0,1,324
3243,155,3,3,40,18,0.45,0.05,1,0,324
3244,21,0,0,12,3,-2.96,0.05,1,0,324
3245,36,1,1,11,5,-4.76,0.05,1,0,324
3246,222,7,2,45,19,4.28,0.05,1,0,324
3247,74,1,1,28,10,-0.24,0.05,1,0,324
3248,114,0,0,29,11,-0.64,0.05,0,0,324
3249,176,6,1,45,16,3.99,0.05,1,0,324
3250,261,2,2,43,26,-5.46,0.05,1,0,324
3251,64,0,0,14,5,-3.54,0.05,1,0,324
3252,106,1,1,49,14,3.79,0.05,1,0,324
3253,71,1,1,28,10,-3.31,0.05,1,0,324
3254,156,1,1,33,15,-3.46,0.05,1,0,324
3255,93,3,3,32,11,1.87,0.05,1,0,324
3256,22,0,0,12,3,-3.27,0.05,1,0,324
3257,400,2,2,36,30,-22.1,0.05,0,1,324
3258,135,1,1,36,16,-2.25,0.05,1,0,324
3259,53,2,2,25,7,0.77,0.05,1,0,324
3260,36,1,1,11,5,-4.16,0.05,1,0,324
3261,149,2,2,38,15,0.41,0.05,1,0,324
3262,20,1,1,9,3,-3.05,0.05,1,0,324
3263,44,0,0,19,6,-2.59,0.05,1,0,324
3264,66,1,1,28,8,1.04,0.05,1,0,324
3265,21,0,0,9,3,-3.71,0.05,1,0,324
3266,97,7,2,33,13,3.88,0.05,1,0,324
3267,79,0,0,30,10,-1.54,0.05,1,0,324
3268,67,1,1,24,9,-1.42,0.05,1,0,324
3269,22,0,0,7,3,-5.82,0.05,1,0,324
3270,134,2,2,44,16,1.76,0.05,1,0,324
3271,273,6,1,57,25,-1.58,0.05,1,0,324
3272,20,0,0,10,3,-3.0,0.05,1,0,324
3273,51,1,1,20,7,-1.26,0.05,1,0,324
3274,400,2,2,36,31,-23.65,0.05,0,1,324
3275,400,2,2,44,20,-8.55,0.05,0,1,324
3276,21,0,0,9,3,-4.51,0.05,1,0,324
3277,56,2,2,24,7,-0.86,0.05,0,0,324
3278,61,1,1,16,7,-3.21,0.05,1,0,324
3279,235,8,3,37,23,-0.95,0.05,0,0,324
3280,53,0,0,23,7,-0.03,0.05,1,0,324
3281,126,2,2,25,10,-2.31,0.05,0,0,324
3282,20,0,0,9,3,-4.6,0.05,1,0,324
3283,97,1,1,38,13,-0.17,0.05,1,0,324
3284,116,3,3,43,14,2.84,0.05,1,0,324
3285,51,0,0,15,7,-6.01,0.05,0,0,324
3286,25,0,0,12,3,-2.25,0.05,1,0,324
3287,173,0,0,3,2,-10.73,0.05,0,0,324
3288,13,0,0,6,2,-3.43,0.05,1,0,324
3289,133,2,2,30,13,-5.13,0.05,0,0,324
3290,400,2,2,40,23,-9.9,0.05,0,1,324
3291,56,0,0,24,8,-1.41,0.05,1,0,324
3292,86,0,0,25,10,-3.31,0.05,1,0,324
3293,94,1,1,24,11,-2.84,0.05,0,0,324
3294,40,1,1,16,5,-3.8,0.05,1,0,324
3295,6,0,0,3,1,-5.21,0.05,1,0,324
3296,24,0,0,10,3,-3.99,0.05,1,0,324
3297,400,8,3,46,22,-1.25,0.05,0,1,324
3298,89,3,3,30,12,-0.24,0.05,1,0,324
3299,80,1,1,32,10,0.25,0.05,1,0,324
3300,21,0,0,7,3,-4.36,0.05,1,0,324
3301,170,5,0,42,18,4.5,0.05,1,0,324
3302,45,1,1,16,6,-1.8,0.05,1,0,324
3303,236,1,1,34,20,-10.91,0.05,1,0,324
3304,293,6,6,38,29,-10.33,0.05,1,0,324
3305,68,1,1,18,9,-2.63,0.05,1,0,324
3306,41,2,2,14,5,-2.96,0.05,1,0,324
3307,117,1,1,49,15,1.98,0.05,1,0,324
3308,237,1,1,53,23,-7.17,0.05,1,0,324
3309,38,3,3,10,5,-3.23,0.05,1,0,324
3310,209,7,2,44,18,4.26,0.05,1,0,324
3311,49,3,3,20,6,1.21,0.05,1,0,324
3312,86,1,1,35,11,0.64,0.05,1,0,324
3313,28,1,1,15,4,-2.28,0.05,1,0,324
3314,72,2,2,32,9,1.63,0.05,1,0,324
3315,27,1,1,12,4,-5.17,0.05,1,0,324
3316,400,4,4,50,22,-4.0,0.05,0,1,324
3317,89,1,1,26,11,-2.14,0.05,1,0,324
3318,63,1,1,26,8,-1.73,0.05,1,0,324
3319,36,0,0,15,5,-3.66,0.05,1,0,324
3320,400,2,2,39,18,-8.05,0.05,0,1,324
3321,96,2,2,13,6,-5.11,0.05,0,0,324
3322,14,0,0,4,2,-5.14,0.05,1,0,324
3323,85,0,0,33,11,-0.35,0.05,1,0,324
3324,36,0,0,12,5,-4.96,0.05,1,0,324
3325,40,1,1,14,5,-3.9,0.05,1,0,324
3326,57,1,1,30,8,-0.32,0.05,1,0,324
3327,69,1,1,28,9,-1.89,0.05,1,0,324
3328,22,0,0,10,3,-3.17,0.05,1,0,324
3329,27,0,0,14,4,-3.67,0.05,1,0,324
3330,57,0,0,24,8,-2.62,0.05,1,0,324
3331,124,1,1,41,14,-0.54,0.05,1,0,324
3332,400,2,2,39,19,-12.8,0.05,0,1,324
3333,86,4,4,36,11,4.09,0.05,1,0,324
3334,69,2,2,26,9,-2.09,0.05,1,0,324
3335,170,4,4,51,18,4.55,0.05,1,0,324
3336,286,8,3,44,30,-7.76,0.05,1,0,324
3337,131,2,2,31,15,-2.81,0.05,1,0,324
3338,14,0,0,5,2,-5.29,0.05,1,0,324
3339,96,2,2,33,12,-1.01,0.05,0,0,324
3340,159,0,0,32,15,-2.99,0.05,1,0,324
3341,41,0,0,16,6,-5.76,0.05,1,0,324
3342,52,0,0,16,7,-4.17,0.05,1,0,324
3343,400,4,4,40,19,-8.5,0.05,0,1,324
3344,283,2,2,49,27,-6.53,0.05,1,0,324
3345,32,0,0,10,4,-5.02,0.05,1,0,324
3346,62,2,2,26,8,-1.87,0.05,0,0,324
3347,79,1,1,32,10,-0.99,0.05,1,0,324
3348,27,0,0,11,4,-6.92,0.05,1,0,324
3349,184,1,1,37,17,-7.64,0.05,1,0,325
3350,207,2,2,33,19,-6.92,0.05,1,0,325
3351,138,1,1,27,14,-3.28,0.05,1,0,325
3352,319,2,2,44,33,-16.49,0.05,1,0,325
3353,124,2,2,29,10,-0.74,0.05,1,0,325
3354,51,1,1,18,7,-3.31,0.05,1,0,325
3355,209,1,1,55,24,-3.39,0.05,1,0,325
3356,71,0,0,28,9,-0.96,0.05,1,0,325
3357,57,1,1,23,8,-0.47,0.05,1,0,325
3358,110,1,1,31,13,-3.55,0.05,1,0,325
3359,142,2,2,36,13,0.53,0.05,0,0,325
3360,30,0,0,11,4,-5.2,0.05,1,0,325
3361,95,2,2,25,8,-0.45,0.05,1,0,325
3362,53,1,1,22,7,0.32,0.05,1,0,325
3363,132,2,2,35,14,-0.72,0.05,1,0,325
3364,89,2,2,20,8,-6.49,0.05,0,0,325
3365,92,2,2,27,11,-0.87,0.05,1,0,325
3366,76,1,1,18,8,-4.76,0.05,0,0,325
3367,23,0,0,12,3,-2.68,0.05,1,0,325
3368,35,1,1,11,5,-3.25,0.05,1,0,325
3369,79,0,0,31,10,-3.79,0.05,1,0,325
3370,121,2,2,41,14,4.39,0.05,1,0,325
3371,107,3,3,33,12,1.98,0.05,0,0,325
3372,59,1,1,25,7,0.11,0.05,1,0,325
3373,24,0,0,11,3,-3.69,0.05,1,0,325
3374,49,0,0,10,3,-3.74,0.05,1,0,325
3375,126,2,2,36,14,0.84,0.05,1,0,326
3376,80,2,2,27,10,0.9,0.05,0,0,326
3377,92,3,3,32,11,1.68,0.05,1,0,326
3378,104,2,2,32,10,-1.89,0.05,0,0,326
3379,164,3,3,37,14,1.21,0.05,1,0,326
3380,14,0,0,8,2,-5.19,0.05,1,0,326
3381,34,0,0,12,5,-5.04,0.05,1,0,326
3382,20,0,0,11,3,-4.4,0.05,1,0,326
3383,400,3,3,41,19,-12.4,0.05,0,1,326
3384,68,1,1,23,9,-5.28,0.05,1,0,326
3385,86,0,0,18,9,-6.51,0.05,1,0,326
3386,73,0,0,30,9,-2.38,0.05,1,0,326
3387,37,0,0,15,5,-3.67,0.05,1,0,326
3388,54,1,1,21,7,-0.84,0.05,1,0,326
3389,14,0,0,5,2,-4.84,0.05,1,0,326
3390,64,0,0,28,9,-1.69,0.05,1,0,326
3391,40,1,1,16,5,-1.2,0.05,1,0,326
3392,20,0,0,9,3,-4.35,0.05,1,0,326
3393,94,1,1,25,11,-5.09,0.05,0,0,326
3394,85,0,0,39,11,1.8,0.05,0,0,326
3395,8,0,0,3,1,-4.78,0.05,1,0,326
3396,191,3,3,47,20,0.69,0.05,0,0,326
3397,69,1,1,27,9,-0.34,0.05,1,0,326
3398,29,1,1,11,4,-3.39,0.05,1,0,326
3399,386,5,5,53,40,-13.96,0.05,0,0,326
3400,38,1,1,12,5,-3.43,0.05,1,0,326
3401,400,0,0,27,15,-17.85,0.05,0,1,326
3402,25,1,1,9,3,-4.8,0.05,1,0,326
3403,400,7,2,34,19,-2.05,0.05,0,1,326
3404,88,1,1,24,11,-2.68,0.05,0,0,326
3405,8,0,0,2,1,-5.08,0.05,1,0,326
3406,80,0,0,23,11,-7.85,0.05,0,0,326
3407,65,1,1,29,8,0.25,0.05,1,0,326
3408,92,0,0,34,10,1.23,0.05,1,0,326
3409,14,0,0,4,2,-5.04,0.05,1,0,326
3410,118,3,3,36,12,2.62,0.05,0,0,326
3411,219,1,1,42,23,-7.94,0.05,1,0,326
3412,7,0,0,3,1,-4.17,0.05,1,0,326
3413,110,2,2,32,12,-1.3,0.05,0,0,326
3414,155,4,4,45,18,5.15,0.05,1,0,326
3415,75,0,0,35,10,-1.95,0.05,1,0,326
3416,59,3,3,26,7,0.31,0.05,1,0,326
3417,400,3,3,54,21,-4.55,0.05,0,1,326
3418,100,2,2,31,10,0.55,0.05,0,0,326
3419,30,0,0,12,4,-4.35,0.05,1,0,326
3420,400,2,2,43,22,-11.6,0.05,0,1,326
3421,14,0,0,5,2,-4.84,0.05,1,0,326
3422,97,1,1,35,12,1.53,0.05,1,0,326
3423,52,0,0,21,7,-2.12,0.05,1,0,326
3424,39,0,0,18,6,-3.09,0.05,0,0,327
3425,400,3,3,45,18,-8.7,0.05,0,1,327
3426,24,0,0,9,3,-3.64,0.05,1,0,327
3427,156,1,1,32,16,-4.26,0.05,1,0,327
3428,124,2,2,37,13,1.76,0.05,1,0,327
3429,400,1,1,53,21,-12.6,0.05,0,1,327
3430,21,0,0,9,3,-5.16,0.05,1,0,327
3431,224,1,1,45,19,-4.64,0.05,0,0,327
3432,89,1,1,37,12,-2.89,0.05,1,0,327
3433,46,0,0,25,6,-0.41,0.05,1,0,327
3434,214,1,1,42,19,-1.04,0.05,1,0,327
3435,240,3,3,44,21,-2.3,0.05,1,0,327
3436,90,2,2,35,11,1.75,0.05,1,0,327
3437,400,1,1,53,25,-7.35,0.05,0,1,327
3438,37,1,1,14,5,-2.42,0.05,1,0,327
3439,110,2,2,35,12,3.55,0.05,1,0,327
3440,208,4,4,50,20,4.67,0.05,0,0,327
3441,22,0,0,7,3,-5.32,0.05,1,0,327
3442,212,3,3,48,19,2.98,0.05,1,0,327
3443,96,1,1,33,12,-1.11,0.05,0,0,327
3444,400,3,3,39,24,-10.95,0.05,0,1,327
3445,113,2,2,38,12,0.92,0.05,1,0,327
3446,60,1,1,24,8,-2.1,0.05,1,0,327
3447,113,3,3,36,12,1.32,0.05,1,0,327
3448,179,3,3,28,14,-2.49,0.05,0,0,327
3449,73,4,4,23,9,-1.28,0.05,1,0,327
3450,37,0,0,19,5,-2.32,0.05,1,0,327
3451,41,1,1,15,6,-2.91,0.05,0,0,327
3452,28,2,2,10,3,-1.48,0.05,1,0,327
3453,22,0,0,8,3,-5.02,0.05,1,0,327
3454,106,0,0,26,7,-3.16,0.05,0,0,327
3455,30,0,0,13,4,-2.65,0.05,1,0,327
3456,26,0,0,9,3,-4.41,0.05,1,0,327
3457,23,0,0,9,3,-3.23,0.05,1,0,327
3458,26,1,1,15,3,-1.71,0.05,1,0,327
3459,87,7,2,29,11,5.23,0.05,1,0,327
3460,72,0,0,24,9,-2.32,0.05,1,0,327
3461,5,0,0,4,1,-3.9,0.05,1,0,327
3462,211,1,1,49,21,-2.86,0.05,0,0,327
3463,141,1,1,24,16,-5.66,0.05,1,0,327
3464,42,1,1,17,6,-1.87,0.05,1,0,327
3465,400,7,2,44,21,-4.6,0.05,0,1,327
3466,55,3,3,24,7,3.0,0.05,1,0,327
3467,93,1,1,33,12,-2.23,0.05,0,0,327
3468,42,0,0,11,6,-5.57,0.05,1,0,327
3469,21,1,1,12,3,-1.76,0.05,1,0,327
3470,21,0,0,11,3,-2.61,0.05,1,0,327
3471,21,1,1,11,3,-2.56,0.05,1,0,327
3472,23,0,0,10,3,-4.03,0.05,1,0,327
3473,76,0,0,8,3,-5.81,0.05,1,0,327
3474,109,2,2,33,13,1.76,0.05,1,0,327
3475,57,0,0,20,8,-4.02,0.05,1,0,327
3476,29,0,0,13,4,-3.04,0.05,1,0,327
3477,29,0,0,7,3,-5.54,0.05,1,0,327
3478,103,2,2,31,10,1.72,0.05,1,0,327
3479,106,7,2,35,13,5.34,0.05,1,0,327
3480,71,2,2,32,9,-0.21,0.05,1,0,327
3481,80,1,1,35,9,4.15,0.05,1,0,327
3482,15,0,0,7,2,-4.65,0.05,1,0,327
3483,171,1,1,33,16,-4.51,0.05,0,0,327
3484,23,0,0,10,3,-3.33,0.05,1,0,327
3485,85,1,1,30,9,-0.7,0.05,1,0,327
3486,70,0,0,23,9,-3.25,0.05,1,0,327
3487,7,0,0,3,1,-4.32,0.05,1,0,327
3488,105,1,1,34,12,-0.6,0.05,1,0,327
3489,129,6,1,34,12,5.16,0.05,1,0,327
3490,59,1,1,27,8,-0.49,0.05,1,0,327
3491,42,1,1,17,5,-1.57,0.05,1,0,327
3492,94,1,1,32,9,-0.44,0.05,0,0,327
3493,60,1,1,26,7,0.95,0.05,1,0,327
3494,265,1,1,50,22,-5.25,0.05,1,0,327
3495,27,0,0,12,4,-3.97,0.05,1,0,327
3496,400,1,1,42,18,-9.9,0.05,0,1,327
3497,73,2,2,31,9,1.37,0.05,0,0,327
3498,20,0,0,9,3,-5.1,0.05,1,0,327
3499,158,0,0,35,14,-2.08,0.05,1,0,327
3500,20,0,0,8,3,-5.05,0.05,1,0,327
3501,141,6,1,40,16,6.14,0.05,1,0,327
3502,58,2,2,23,7,0.07,0.05,1,0,327
3503,53,1,1,23,7,-1.83,0.05,0,0,327
3504,34,0,0,16,5,-2.89,0.05,1,0,327
3505,29,0,0,11,4,-5.29,0.05,1,0,327
3506,105,4,4,37,12,-0.25,0.05,0,0,327
3507,117,1,1,30,13,-2.72,0.05,0,0,327
3508,35,0,0,15,5,-2.95,0.05,1,0,327
3509,400,8,3,43,30,-13.1,0.05,0,1,327
3510,51,0,0,15,7,-4.96,0.05,1,0,327
3511,6,0,0,3,1,-4.21,0.05,1,0,327
3512,183,4,4,31,16,-2.98,0.05,0,0,327
3513,13,0,0,5,2,-4.13,0.05,1,0,327
3514,99,2,2,27,10,-0.79,0.05,1,0,327
3515,56,2,2,21,8,-3.91,0.05,1,0,327
3516,43,0,0,16,6,-5.68,0.05,1,0,327
3517,28,0,0,11,4,-3.83,0.05,1,0,327
3518,62,0,0,22,8,-2.52,0.05,1,0,327
3519,39,0,0,6,3,-5.89,0.05,1,0,327
3520,34,0,0,11,5,-6.84,0.05,1,0,327
3521,39,1,1,20,5,-1.34,0.05,1,0,327
3522,72,2,2,27,9,0.93,0.05,1,0,327
3523,36,1,1,14,5,-4.41,0.05,1,0,327
3524,88,1,1,33,11,0.02,0.05,1,0,327
3525,400,7,2,43,22,-2.55,0.05,0,1,327
3526,118,1,1,32,13,-0.38,0.05,1,0,327
3527,111,0,0,23,11,-1.16,0.05,0,0,327
3528,106,0,0,35,12,-1.26,0.05,1,0,327
3529,246,2,2,45,26,-2.71,0.05,1,0,327
3530,400,4,4,43,20,-4.35,0.05,0,1,327
3531,96,0,0,32,12,-1.86,0.05,1,0,327
3532,105,3,3,35,12,0.2,0.05,1,0,327
3533,185,3,3,45,17,5.2,0.05,1,0,327
3534,199,6,1,47,20,10.01,0.05,0,1,327
3535,197,3,3,52,23,-2.32,0.05,1,0,327
3536,13,0,0,6,2,-4.63,0.05,1,0,327
3537,60,0,0,27,8,-2.9,0.05,1,0,327
3538,91,0,0,39,11,0.39,0.05,0,0,327
3539,85,0,0,27,10,-3.4,0.05,1,0,327
3540,71,0,0,36,9,5.14,0.05,1,0,327
3541,34,0,0,13,5,-5.19,0.05,1,0,327
3542,35,1,1,13,5,-4.05,0.05,1,0,327
3543,54,0,0,16,7,-3.19,0.05,1,0,327
3544,112,1,1,33,13,-1.87,0.05,1,0,327
3545,28,0,0,14,4,-2.83,0.05,1,0,327
3546,350,4,4,50,35,-9.8,0.05,1,0,327
3547,133,7,2,40,16,10.92,0.05,1,0,327
3548,96,2,2,37,11,1.09,0.05,1,0,327
3549,7,0,0,6,1,-3.37,0.05,1,0,327
3550,159,8,3,32,13,6.11,0.05,0,0,327
3551,165,2,3,40,16,8.85,0.05,0,1,327
3552,118,2,2,30,13,-2.33,0.05,1,0,327
3553,400,2,2,43,22,-2.65,0.05,0,1,327
3554,67,0,0,32,9,0.43,0.05,1,0,327
3555,239,2,2,45,18,-0.99,0.05,1,0,327
3556,400,2,2,34,16,-10.85,0.05,0,1,327
3557,400,1,1,35,19,-12.65,0.05,0,1,327
3558,121,0,0,37,14,1.09,0.05,1,0,327
3559,161,2,2,47,16,4.54,0.05,0,0,327
3560,90,3,3,18,8,-2.4,0.05,1,0,327
3561,120,0,0,35,13,-4.05,0.05,1,0,327
3562,170,1,1,27,12,-2.55,0.05,0,0,327
3563,45,0,0,7,3,-5.05,0.05,1,0,327
3564,93,7,2,23,11,1.22,0.05,0,0,327
3565,24,0,0,11,3,-4.39,0.05,1,0,327
3566,95,7,2,28,12,2.5,0.05,1,0,327
3567,93,1,1,25,9,-0.93,0.05,1,0,327
3568,400,2,2,40,17,-9.85,0.05,0,1,327
3569,114,1,1,16,6,-3.49,0.05,1,0,327
3570,127,3,3,25,10,1.08,0.05,0,0,327
3571,96,2,2,28,11,-1.01,0.05,1,0,327
3572,121,0,0,29,13,-2.06,0.05,1,0,327
3573,20,0,0,10,3,-3.9,0.05,1,0,327
3574,164,0,0,38,17,1.56,0.05,0,1,327
3575,36,1,1,16,5,-1.31,0.05,1,0,327
3576,160,2,2,46,16,4.75,0.05,1,0,327
3577,23,0,0,10,3,-3.93,0.05,1,0,327
3578,140,6,1,39,15,5.4,0.05,1,0,327
3579,120,1,1,24,8,-2.3,0.05,0,0,327
3580,142,4,4,40,15,1.48,0.05,1,0,327
3581,6,0,0,3,1,-4.21,0.05,1,0,327
3582,60,0,0,24,8,-0.45,0.05,1,0,327
3583,106,2,2,24,10,-2.46,0.05,0,0,327
3584,114,2,2,32,11,-0.49,0.05,1,0,327
3585,61,1,1,24,8,-1.06,0.05,1,0,327
3586,13,0,0,5,2,-3.78,0.05,1,0,327
3587,25,0,0,10,3,-3.85,0.05,1,0,327
3588,57,2,2,26,7,-0.87,0.05,1,0,327
3589,113,1,1,33,13,-1.68,0.05,1,0,327
3590,114,2,2,44,14,3.86,0.05,1,0,327
3591,108,0,0,38,14,-0.93,0.05,1,0,327
3592,202,6,1,37,21,2.68,0.05,1,0,327
3593,9,0,0,4,1,-4.54,0.05,1,0,327
3594,237,1,1,43,27,-13.32,0.05,1,0,327
3595,81,4,4,22,10,1.39,0.05,1,0,327
3596,88,0,0,37,11,1.27,0.05,1,0,327
3597,278,2,2,42,33,-18.33,0.05,1,0,327
3598,7,0,0,2,1,-5.02,0.05,1,0,327
3599,36,0,0,11,5,-5.31,0.05,1,0,327
3600,64,2,2,23,9,-1.34,0.05,1,0,327
3601,74,1,1,27,8,-0.89,0.05,1,0,327
3602,134,0,0,34,14,-1.64,0.05,1,0,327
3603,199,1,1,45,24,-9.89,0.05,1,0,327
3604,190,2,2,48,20,-2.05,0.05,1,0,328
3605,170,3,3,45,20,0.3,0.05,1,0,328
3606,79,0,0,29,9,-3.94,0.05,1,0,328
3607,67,1,1,22,9,-4.12,0.05,0,0,328
3608,20,0,0,8,3,-5.5,0.05,1,0,328
3609,13,0,0,5,2,-4.68,0.05,1,0,328
3610,400,2,2,45,37,-27.8,0.05,0,1,328
3611,35,0,0,15,5,-4.0,0.05,1,0,328
3612,88,0,0,24,10,-4.63,0.05,1,0,328
3613,79,1,1,31,10,-1.14,0.05,1,0,328
3614,111,2,2,30,14,0.24,0.05,1,0,328
3615,13,0,0,8,2,-3.83,0.05,1,0,328
3616,28,0,0,12,4,-3.48,0.05,1,0,328
3617,69,2,2,20,9,-1.99,0.05,0,0,328
3618,400,2,2,44,22,-13.15,0.05,0,1,328
3619,153,2,2,46,17,5.22,0.05,1,0,328
3620,66,1,1,21,9,-2.91,0.05,1,0,328
3621,239,6,6,45,25,-0.14,0.05,1,0,328
3622,15,0,0,6,2,-4.05,0.05,1,0,328
3623,375,6,1,51,31,-9.7,0.05,1,0,328
3624,14,0,0,6,2,-4.34,0.05,1,0,328
3625,336,3,3,43,33,-13.51,0.05,1,0,328
3626,98,1,1,32,11,-0.48,0.05,0,0,328
3627,64,1,1,29,8,0.31,0.05,1,0,328
3628,65,1,1,20,7,-2.3,0.05,1,0,328
3629,109,4,4,27,12,-0.94,0.05,1,0,328
3630,131,1,1,47,15,1.89,0.05,1,0,328
3631,91,0,0,26,12,-5.26,0.05,0,0,328
3632,22,1,1,11,3,-3.42,0.05,1,0,328
3633,75,1,1,24,8,-2.55,0.05,1,0,328
3634,28,0,0,6,3,-4.73,0.05,1,0,328
3635,5,0,0,3,1,-4.25,0.05,1,0,328
3636,130,0,0,20,10,-6.2,0.05,1,0,328
3637,106,2,2,31,12,-1.06,0.05,1,0,328
3638,400,2,2,42,19,-11.5,0.05,0,1,328
3639,104,2,2,32,12,0.01,0.05,0,0,328
3640,137,7,2,45,17,9.63,0.05,1,0,328
3641,84,1,1,28,9,-4.84,0.05,0,0,328
3642,59,0,0,11,5,-5.34,0.05,1,0,328
3643,243,3,3,47,20,0.92,0.05,1,0,328
3644,136,2,2,38,13,3.04,0.05,0,0,328
3645,94,1,1,39,13,0.71,0.05,1,0,328
3646,75,0,0,31,10,-0.65,0.05,1,0,328
3647,37,1,1,14,5,-2.82,0.05,1,0,328
3648,36,0,0,14,5,-4.21,0.05,1,0,328
3649,21,0,0,8,3,-5.01,0.05,1,0,328
3650,219,0,0,45,23,-6.54,0.05,1,0,328
3651,86,1,1,24,8,-2.56,0.05,1,0,328
3652,38,0,0,19,5,-3.08,0.05,1,0,328
3653,97,0,0,31,10,0.13,0.05,1,0,328
3654,211,3,3,53,23,2.39,0.05,1,0,328
3655,400,1,1,26,19,-15.45,0.05,0,1,328
3656,71,1,1,26,10,0.54,0.05,1,0,328
3657,25,0,0,12,3,-2.1,0.05,1,0,328
3658,163,3,3,41,17,2.37,0.05,1,0,328
3659,253,2,2,34,24,-11.03,0.05,1,0,328
3660,97,2,2,37,12,-0.67,0.05,1,0,328
3661,105,0,0,33,12,-0.7,0.05,1,0,328
3662,232,7,2,38,17,0.98,0.05,1,0,328
3663,124,1,1,33,13,-2.74,0.05,1,0,328
3664,47,1,1,15,6,-3.12,0.05,1,0,328
3665,400,5,5,42,19,-6.75,0.05,0,1,328
3666,208,1,1,32,19,-3.58,0.05,1,0,328
3667,29,0,0,10,4,-4.64,0.05,1,0,328
3668,92,2,2,33,10,2.13,0.05,0,0,329
3669,400,2,2,45,18,-9.5,0.05,0,1,329
3670,20,0,0,11,3,-3.6,0.05,1,0,329
3671,13,0,0,8,2,-3.33,0.05,1,0,329
3672,94,3,3,33,11,-2.29,0.05,1,0,329
3673,99,0,0,30,12,-2.09,0.05,1,0,329
3674,28,0,0,12,4,-3.73,0.05,1,0,329
3675,154,2,2,42,16,1.86,0.05,0,0,329
3676,29,0,0,13,4,-2.54,0.05,1,0,329
3677,95,1,1,22,11,-4.15,0.05,1,0,329
3678,90,0,0,34,10,-1.2,0.05,1,0,329
3679,400,4,4,42,16,-8.35,0.05,0,1,329
3680,101,0,0,33,12,-0.56,0.05,1,0,329
3681,76,0,0,30,10,-0.56,0.05,1,0,329
3682,65,1,1,23,8,-4.5,0.05,1,0,329
3683,39,1,1,19,5,0.21,0.05,1,0,329
3684,13,0,0,7,2,-4.08,0.05,1,0,329
3685,94,0,0,24,10,-5.79,0.05,0,0,329
3686,29,0,0,13,4,-2.99,0.05,1,0,329
3687,189,1,1,47,16,2.71,0.05,1,0,329
3688,118,3,3,32,13,1.52,0.05,1,0,329
3689,400,1,1,35,18,-11.0,0.05,0,1,329
3690,44,1,1,22,6,-1.89,0.05,1,0,329
3691,128,1,1,35,13,-1.08,0.05,0,0,329
3692,23,0,0,10,3,-2.78,0.05,1,0,329
3693,400,3,3,31,17,-13.7,0.05,0,1,329
3694,14,0,0,6,2,-3.54,0.05,1,0,329
3695,22,0,0,11,3,-2.82,0.05,1,0,329
3696,150,3,3,33,14,2.2,0.05,0,0,329
3697,312,2,2,47,24,-8.52,0.05,1,0,329
3698,112,1,1,33,13,-0.77,0.05,1,0,329
3699,40,0,0,19,5,-1.75,0.05,1,0,329
3700,91,6,1,26,11,0.84,0.05,0,0,329
3701,75,2,2,26,9,-0.95,0.05,1,0,329
3702,162,1,1,46,19,3.88,0.05,1,0,329
3703,165,2,2,46,16,2.3,0.05,0,0,329
3704,117,1,1,36,14,0.48,0.05,1,0,329
3705,37,1,1,13,5,-3.52,0.05,1,0,329
3706,117,3,3,35,14,-0.57,0.05,1,0,329
3707,205,3,3,40,20,-0.4,0.05,1,0,330
3708,62,0,0,26,8,-1.22,0.05,1,0,330
3709,37,0,0,14,5,-5.12,0.05,1,0,330
3710,22,1,1,9,3,-3.97,0.05,1,0,330
3711,23,0,0,11,3,-3.08,0.05,1,0,330
3712,26,0,0,10,3,-2.91,0.05,1,0,330
3713,164,1,1,39,16,0.01,0.05,0,0,330
3714,205,1,1,51,20,2.15,0.05,1,0,330
3715,88,1,1,35,11,5.37,0.05,1,0,330
3716,38,0,0,14,5,-4.98,0.05,1,0,330
3717,51,0,0,17,7,-3.31,0.05,1,0,330
3718,219,6,1,49,22,4.56,0.05,1,0,330
3719,56,0,0,22,8,-4.06,0.05,1,0,330
3720,13,0,0,9,2,-3.48,0.05,1,0,330
3721,400,2,2,36,18,-13.0,0.05,0,1,330
3722,14,0,0,4,2,-5.49,0.05,1,0,330
3723,109,1,1,45,13,1.76,0.05,0,0,330
3724,65,0,0,29,9,0.1,0.05,1,0,330
3725,14,0,0,5,2,-4.29,0.05,1,0,330
3726,57,2,2,25,7,1.73,0.05,1,0,330
3727,62,1,1,23,8,-1.12,0.05,1,0,330
3728,57,1,1,19,7,-2.67,0.05,1,0,330
3729,400,2,2,40,16,-10.5,0.05,0,1,330
3730,71,2,2,29,9,0.24,0.05,1,0,330
3731,45,0,0,20,6,-3.25,0.05,1,0,330
3732,166,2,2,45,16,-1.61,0.05,1,0,331
3733,46,0,0,20,6,-2.86,0.05,1,0,331
3734,20,0,0,9,3,-4.2,0.05,1,0,331
3735,400,1,1,31,19,-15.65,0.05,0,1,331
3736,53,1,1,10,4,-3.18,0.05,1,0,331
3737,203,1,1,31,16,-7.68,0.05,1,0,331
3738,16,0,0,5,2,-5.41,0.05,1,0,331
3739,195,0,0,42,20,-5.55,0.05,1,0,331
3740,34,0,0,15,5,-3.54,0.05,1,0,331
3741,29,0,0,15,4,-2.04,0.05,1,0,331
3742,93,2,2,20,9,0.02,0.05,1,0,331
3743,14,0,0,5,2,-4.84,0.05,1,0,331
3744,141,3,3,30,16,-2.16,0.05,1,0,331
3745,324,1,1,44,41,-35.19,0.05,1,0,331
3746,111,3,3,36,13,-0.06,0.05,1,0,331
3747,308,4,4,34,19,-6.93,0.05,1,0,331
3748,112,1,1,45,15,-0.47,0.05,1,0,331
3749,58,0,0,25,8,-0.93,0.05,1,0,331
3750,88,2,2,38,11,1.37,0.05,1,0,331
3751,139,1,1,41,14,0.81,0.05,0,0,331
3752,263,9,4,46,27,0.22,0.05,1,0,331
3753,93,2,2,24,9,-0.48,0.05,1,0,331
3754,40,0,0,7,3,-5.45,0.05,1,0,331
3755,143,1,1,35,14,-0.33,0.05,1,0,331
3756,182,1,1,55,22,-2.32,0.05,1,0,331
3757,183,3,3,37,19,-4.08,0.05,0,0,331
3758,164,1,1,33,15,-3.54,0.05,1,0,331
3759,33,0,0,16,4,-3.83,0.05,0,0,332
3760,113,6,6,37,12,6.22,0.05,0,0,332
3761,85,2,2,36,11,-0.9,0.05,1,0,332
3762,37,2,2,14,5,-2.07,0.05,1,0,332
3763,179,0,0,38,15,-4.24,0.05,1,0,332
3764,36,1,1,15,5,-1.01,0.05,1,0,332
3765,230,6,1,41,22,-3.65,0.05,1,0,332
3766,118,0,0,40,13,0.72,0.05,1,0,332
3767,108,2,2,37,13,1.27,0.05,1,0,332
3768,262,3,3,56,28,-7.67,0.05,1,0,332
3769,400,2,2,38,35,-26.6,0.05,0,1,332
3770,22,0,0,6,3,-5.22,0.05,1,0,332
3771,93,3,3,23,7,-0.63,0.05,0,0,332
3772,213,8,3,31,22,-3.23,0.05,1,0,332
3773,84,1,1,29,11,-1.49,0.05,1,0,332
3774,73,2,2,28,9,-1.48,0.05,1,0,332
3775,22,0,0,12,3,-2.67,0.05,1,0,332
3776,13,0,0,7,2,-4.63,0.05,1,0,332
3777,46,0,0,20,6,-2.96,0.05,1,0,332
3778,400,1,1,47,20,-11.7,0.05,0,1,332
3779,400,3,3,52,19,-7.15,0.05,0,1,332
3780,369,9,4,50,36,-11.39,0.05,0,0,332
3781,50,0,0,21,7,-1.55,0.05,1,0,332
3782,400,0,0,44,17,-7.4,0.05,0,1,332
3783,14,0,0,8,2,-3.74,0.05,1,0,332
3784,121,0,0,33,12,-3.66,0.05,0,0,332
3785,400,3,3,37,16,-11.1,0.05,0,1,332
3786,128,2,2,35,12,-4.38,0.05,0,0,332
3787,85,2,2,29,11,-0.55,0.05,1,0,332
3788,137,1,1,33,14,-2.52,0.05,1,0,332
3789,108,0,0,29,13,-3.48,0.05,0,0,332
3790,165,4,4,46,16,6.4,0.05,1,0,332
3791,58,1,1,20,8,-1.88,0.05,0,0,332
3792,187,3,3,42,19,0.08,0.05,0,0,332
3793,199,3,3,40,21,-4.39,0.05,1,0,332
3794,185,4,4,41,19,2.05,0.05,1,0,332
3795,22,0,0,10,3,-4.37,0.05,1,0,332
3796,108,2,2,27,12,-4.33,0.05,0,0,332
3797,22,0,0,7,3,-4.37,0.05,1,0,332
3798,50,0,0,18,5,-1.8,0.05,1,0,332
3799,135,1,1,38,15,-0.65,0.05,1,0,332
3800,212,1,1,44,21,-0.72,0.05,1,0,332
3801,81,1,1,29,10,0.24,0.05,1,0,332
3802,140,2,2,36,13,-5.5,0.05,0,0,332
3803,90,1,1,30,9,0.65,0.05,0,0,332
3804,67,1,1,22,9,-2.02,0.05,1,0,332
3805,76,1,1,29,9,-1.31,0.05,1,0,332
3806,146,2,2,38,16,0.39,0.05,0,0,332
3807,208,5,5,46,24,-5.33,0.05,1,0,332
3808,148,1,1,47,17,0.67,0.05,1,0,332
3809,400,2,2,40,36,-34.8,0.05,0,1,332
3810,24,0,0,14,3,-1.69,0.05,1,0,332
3811,27,0,0,9,4,-4.62,0.05,1,0,332
3812,315,2,2,43,27,-10.15,0.05,1,0,332
3813,13,0,0,4,2,-6.53,0.05,1,0,332
3814,21,0,0,10,3,-3.96,0.05,1,0,332
3815,207,1,1,40,17,-2.57,0.05,1,0,332
3816,42,2,2,19,6,-3.27,0.05,1,0,332
3817,47,0,0,15,6,-4.87,0.05,0,0,332
3818,35,1,1,16,5,-1.2,0.05,1,0,332
3819,400,0,0,41,23,-13.5,0.05,0,1,332
3820,7,0,0,5,1,-4.12,0.05,1,0,332
3821,400,0,0,35,15,-11.3,0.05,0,1,332
3822,68,1,1,31,9,-1.23,0.05,1,0,332
3823,97,2,2,33,12,0.28,0.05,1,0,332
3824,118,0,0,32,13,-1.98,0.05,0,0,332
3825,153,4,4,44,14,6.12,0.05,0,0,332
3826,20,0,0,11,3,-3.1,0.05,1,0,332
3827,57,1,1,21,7,-2.02,0.05,0,0,332
3828,36,0,0,16,5,-3.91,0.05,1,0,332
3829,43,1,1,15,6,-2.48,0.05,1,0,332
3830,131,6,1,37,15,3.44,0.05,0,0,332
3831,148,0,0,42,16,-0.23,0.05,1,0,332
3832,29,1,1,17,4,-3.14,0.05,1,0,333
3833,21,0,0,9,3,-4.11,0.05,1,0,333
3834,214,3,3,49,23,-2.24,0.05,1,0,333
3835,212,2,2,37,16,-8.17,0.05,0,0,333
3836,179,2,2,38,16,-0.79,0.05,1,0,333
3837,107,1,1,30,12,-1.32,0.05,1,0,333
3838,167,3,3,47,18,0.78,0.05,1,0,333
3839,159,7,2,42,18,7.71,0.05,1,0,333
3840,56,1,1,25,7,-0.51,0.05,0,0,333
3841,138,2,2,30,13,-1.38,0.05,1,0,333
3842,400,7,7,44,32,-10.9,0.05,0,1,333
3843,70,0,0,17,6,-3.15,0.05,1,0,333
3844,64,0,0,23,8,-2.69,0.05,0,0,333
3845,193,2,2,45,21,0.47,0.05,1,0,333
3846,141,5,5,41,18,4.39,0.05,1,0,334
3847,13,0,0,5,2,-3.88,0.05,1,0,334
3848,65,1,1,9,3,-3.1,0.05,1,0,334
3849,130,0,0,21,11,-9.15,0.05,0,0,334
3850,121,3,3,25,10,0.49,0.05,1,0,334
3851,274,2,2,40,26,-5.19,0.05,1,0,334
3852,43,1,1,17,6,-2.93,0.05,1,0,334
3853,112,1,1,29,11,-1.52,0.05,1,0,334
3854,159,4,4,38,17,2.71,0.05,1,0,334
3855,20,0,0,10,3,-3.45,0.05,1,0,334
3856,13,0,0,8,2,-3.48,0.05,1,0,334
3857,101,0,0,13,5,-6.41,0.05,0,0,334
3858,106,0,0,26,12,-3.36,0.05,1,0,334
3859,142,3,3,38,15,2.98,0.05,1,0,334
3860,208,2,2,39,20,-7.48,0.05,1,0,334
3861,400,2,2,32,29,-24.05,0.05,0,1,334
3862,74,1,1,21,9,-2.89,0.05,1,0,334
3863,36,0,0,20,5,-2.36,0.05,1,0,334
3864,165,5,5,37,18,3.0,0.05,0,0,334
3865,92,0,0,37,12,-1.57,0.05,1,0,334
3866,14,0,0,8,2,-3.64,0.05,1,0,334
3867,21,0,0,9,3,-4.11,0.05,1,0,334
3868,24,0,0,13,3,-2.09,0.05,1,0,334
3869,5,0,0,4,1,-3.9,0.05,1,0,334
3870,43,0,0,16,4,-1.83,0.05,0,0,334
3871,68,0,0,21,8,-1.63,0.05,1,0,334
3872,73,1,1,20,8,-3.28,0.05,1,0,334
3873,23,0,0,8,3,-6.48,0.05,1,0,334
3874,31,0,0,11,4,-3.36,0.05,1,0,334
3875,22,0,0,8,3,-5.17,0.05,1,0,334
3876,44,0,0,19,6,-1.94,0.05,1,0,334
3877,181,4,4,42,19,1.39,0.05,1,0,334
3878,198,4,4,46,16,5.02,0.05,1,0,334
3879,400,4,4,61,33,-17.1,0.05,0,1,334
3880,102,6,1,32,12,4.43,0.05,1,0,334
3881,58,1,1,24,8,-0.83,0.05,1,0,334
3882,400,2,2,48,22,-8.9,0.05,0,1,334
3883,52,1,1,21,7,-1.12,0.05,1,0,334
3884,134,2,2,37,15,0.21,0.05,1,0,334
3885,72,1,1,31,9,0.48,0.05,1,0,334
3886,329,0,0,33,24,-22.09,0.05,1,0,334
3887,117,0,0,40,15,-4.72,0.05,0,0,334
3888,52,2,2,23,7,0.33,0.05,1,0,334
3889,151,2,2,37,18,-2.26,0.05,1,0,334
3890,131,1,1,37,16,-1.61,0.05,1,0,334
3891,62,1,2,24,8,0.58,0.05,1,0,334
3892,83,0,0,25,10,-3.18,0.05,1,0,334
3893,8,0,0,3,1,-4.13,0.05,1,0,334
3894,101,6,1,33,12,3.29,0.05,1,0,334
3895,42,0,0,17,6,-2.72,0.05,1,0,334
3896,73,2,2,27,9,1.12,0.05,1,0,334
3897,192,6,6,47,20,-1.12,0.05,1,0,334
3898,115,1,1,26,10,-5.5,0.05,1,0,334
3899,27,0,0,11,4,-5.02,0.05,1,0,334
3900,45,0,0,17,6,-4.75,0.05,1,0,334
3901,26,0,0,8,3,-4.01,0.05,1,0,334
3902,24,0,0,7,3,-5.39,0.05,1,0,334
3903,38,1,1,19,5,-1.43,0.05,1,0,334
3904,27,1,1,9,3,-3.87,0.05,1,0,334
3905,242,1,1,32,14,-2.12,0.05,1,0,334
3906,239,0,0,48,25,-11.64,0.05,1,0,334
3907,57,0,0,29,8,0.73,0.05,1,0,334
3908,8,0,0,3,1,-5.23,0.05,1,0,334
3909,27,0,0,9,4,-4.92,0.05,1,0,334
3910,22,0,0,11,3,-3.12,0.05,1,0,334
3911,400,3,3,41,19,-8.85,0.05,0,1,334
3912,138,2,2,40,16,-1.08,0.05,1,0,334
3913,21,0,0,10,3,-4.21,0.05,1,0,334
3914,16,0,0,7,2,-4.26,0.05,1,0,334
3915,53,1,1,20,7,-3.38,0.05,1,0,334
3916,38,0,0,13,5,-3.73,0.05,1,0,334
3917,23,0,0,5,3,-5.93,0.05,1,0,334
3918,6,0,0,3,1,-5.21,0.05,1,0,334
3919,74,2,2,31,10,0.11,0.05,0,0,334
3920,30,0,0,11,4,-2.75,0.05,1,0,334
3921,68,0,0,28,9,-1.18,0.05,1,0,334
3922,55,1,1,21,7,-1.2,0.05,0,0,334
3923,46,0,0,18,6,-1.61,0.05,1,0,334
3924,52,1,1,19,6,-3.97,0.05,0,0,334
3925,81,2,2,33,10,1.54,0.05,1,0,334
3926,48,1,1,17,6,-3.93,0.05,1,0,334
3927,123,1,1,33,12,-2.98,0.05,1,0,334
3928,82,1,1,39,10,1.33,0.05,0,0,334
3929,184,3,3,29,21,-2.54,0.05,1,0,334
3930,178,7,2,42,19,5.02,0.05,1,0,334
3931,88,3,3,39,12,5.37,0.05,1,0,334
3932,73,0,0,28,10,-2.98,0.05,0,0,334
3933,95,2,2,40,13,0.3,0.05,1,0,334
3934,400,7,7,48,19,-1.4,0.05,0,1,334
3935,80,1,1,26,10,-1.15,0.05,1,0,334
3936,51,2,2,17,6,0.89,0.05,1,0,334
3937,77,4,4,32,9,4.58,0.05,1,0,334
3938,89,2,2,23,7,0.81,0.05,1,0,334
3939,400,1,1,34,18,-7.7,0.05,0,1,334
3940,264,0,0,39,25,-14.74,0.05,1,0,334
3941,34,0,0,13,5,-4.59,0.05,1,0,334
3942,169,2,2,41,18,0.46,0.05,1,0,334
3943,79,0,0,26,10,-2.14,0.05,1,0,334
3944,121,0,0,34,15,-0.26,0.05,1,0,334
3945,159,3,3,39,15,1.11,0.05,1,0,334
3946,105,0,0,26,13,-3.7,0.05,1,0,334
3947,143,2,2,42,15,2.12,0.05,1,0,334
3948,20,0,0,8,3,-6.4,0.05,1,0,334
3949,165,3,3,34,18,-0.65,0.05,1,0,334
3950,73,2,2,21,7,-1.33,0.05,1,0,334
3951,74,0,0,23,9,-2.04,0.05,1,0,334
3952,76,2,2,24,8,-3.41,0.05,1,0,334
3953,124,2,2,42,15,-0.09,0.05,1,0,334
3954,82,0,0,23,9,-2.87,0.05,0,0,334
3955,96,1,1,35,11,2.19,0.05,1,0,334
3956,59,1,1,24,8,3.26,0.05,1,0,334
3957,58,3,3,22,8,-1.08,0.05,1,0,334
3958,113,0,0,30,11,-1.53,0.05,1,0,334
3959,21,0,0,10,3,-3.46,0.05,1,0,334
3960,51,0,0,21,7,-1.66,0.05,1,0,334
3961,400,0,0,30,16,-14.15,0.05,0,1,334
3962,400,0,0,41,19,-10.5,0.05,0,1,334
3963,13,0,0,8,2,-4.13,0.05,1,0,334
3964,212,3,3,48,20,6.13,0.05,0,1,334
3965,400,1,1,28,14,-9.4,0.05,0,1,334
3966,90,0,0,21,9,-4.6,0.05,1,0,334
3967,120,0,0,9,5,-5.55,0.05,1,0,334
3968,105,3,3,37,12,1.85,0.05,0,0,334
3969,128,1,1,16,7,-6.13,0.05,1,0,334
3970,56,1,1,15,6,-2.81,0.05,0,0,334
3971,106,2,2,35,12,0.04,0.05,0,0,334
3972,245,2,2,43,20,-1.5,0.05,1,0,334
3973,46,0,0,13,6,-4.41,0.05,1,0,334
3974,76,1,1,32,10,1.94,0.05,1,0,334
3975,60,1,1,27,8,0.75,0.05,1,0,334
3976,13,0,0,3,2,-5.38,0.05,1,0,334
3977,400,4,4,30,20,-14.95,0.05,0,1,334
3978,47,3,3,23,6,1.53,0.05,1,0,334
3979,55,0,0,20,7,-3.4,0.05,0,0,334
3980,66,1,1,22,8,-2.91,0.05,1,0,334
3981,97,1,1,38,12,-0.72,0.05,1,0,334
3982,111,2,2,38,13,-0.51,0.05,1,0,334
3983,318,1,1,28,37,-41.18,0.05,1,0,334
3984,233,2,2,44,18,2.47,0.05,1,0,334
3985,38,1,1,21,5,0.02,0.05,1,0,334
3986,172,2,2,37,19,-1.02,0.05,1,0,334
3987,35,0,0,14,5,-3.9,0.05,1,0,334
3988,43,0,0,27,6,-0.03,0.05,1,0,334
3989,99,7,2,32,10,7.56,0.05,0,0,334
3990,47,0,0,18,6,-4.47,0.05,1,0,334
3991,111,0,0,28,12,-1.61,0.05,1,0,334
3992,225,1,1,43,27,-17.7,0.05,1,0,334
3993,20,0,0,10,3,-3.9,0.05,1,0,334
3994,201,3,3,51,21,2.19,0.05,1,0,334
3995,35,0,0,12,5,-4.5,0.05,1,0,334
3996,173,2,2,37,19,-1.98,0.05,1,0,334
3997,296,3,3,50,28,-6.56,0.05,1,0,334
3998,61,1,1,30,8,0.44,0.05,1,0,334
3999,56,0,0,23,7,-2.81,0.05,1,0,334
4000,277,2,2,34,28,-19.72,0.05,1,0,334
4001,5,0,0,2,1,-4.55,0.05,1,0,334
4002,109,2,2,37,13,2.46,0.05,0,0,334
4003,6,0,0,1,1,-4.81,0.05,1,0,334
4004,400,2,2,39,20,-5.2,0.05,0,1,334
4005,126,0,0,35,15,-1.71,0.05,0,0,334
4006,169,4,4,34,12,3.21,0.05,0,0,334
4007,97,2,2,31,11,-2.02,0.05,0,0,334
4008,43,0,0,19,6,-1.53,0.05,1,0,334
4009,20,0,0,10,3,-3.9,0.05,1,0,334
4010,104,2,2,34,12,2.86,0.05,1,0,334
4011,64,6,1,27,8,2.61,0.05,0,0,334
4012,5,0,0,2,1,-4.55,0.05,1,0,334
4013,52,0,0,22,7,-4.17,0.05,1,0,334
4014,68,2,2,20,7,-0.93,0.05,0,0,334
4015,69,0,0,23,8,-2.24,0.05,0,0,334
4016,91,1,1,26,10,-2.11,0.05,0,0,334
4017,154,7,2,41,14,2.76,0.05,1,0,334
4018,58,0,0,19,8,-4.28,0.05,0,0,334
4019,168,5,5,25,15,-1.38,0.05,0,0,334
4020,63,0,0,26,8,-1.58,0.05,1,0,334
4021,400,0,0,44,18,-10.15,0.05,0,1,334
4022,119,1,1,15,5,-4.79,0.05,1,0,334
4023,103,0,0,23,10,-4.08,0.05,0,0,334
4024,36,0,0,14,5,-3.96,0.05,1,0,334
4025,109,0,0,23,10,-7.89,0.05,1,0,334
4026,84,2,2,36,10,2.71,0.05,1,0,334
4027,73,3,3,28,9,0.72,0.05,1,0,334
4028,89,3,3,37,12,3.06,0.05,1,0,334
4029,287,10,5,61,26,16.03,0.05,0,1,334
4030,309,1,1,41,31,-20.64,0.05,1,0,334
4031,64,0,0,15,6,-6.94,0.05,1,0,334
4032,400,3,3,56,25,-2.5,0.05,0,1,334
4033,72,0,0,27,9,-0.52,0.05,1,0,334
4034,165,5,5,38,17,-1.2,0.05,1,0,334
4035,21,0,0,11,3,-3.51,0.05,1,0,334
4036,87,2,2,17,7,-0.02,0.05,1,0,334
4037,21,0,0,12,3,-2.31,0.05,1,0,334
4038,27,0,0,6,3,-5.22,0.05,1,0,334
4039,400,0,0,36,18,-13.75,0.05,0,1,334
4040,400,1,1,39,16,-9.6,0.05,0,1,334
4041,13,0,0,4,2,-4.43,0.05,1,0,334
4042,148,2,2,49,16,3.77,0.05,1,0,334
4043,93,1,1,34,11,-2.58,0.05,1,0,334
4044,73,1,1,24,8,0.47,0.05,1,0,334
4045,21,0,0,10,3,-3.91,0.05,1,0,334
4046,46,0,0,12,5,-4.81,0.05,1,0,334
4047,198,3,3,43,20,-0.38,0.05,0,0,334
4048,75,2,2,30,10,0.75,0.05,1,0,334
4049,98,0,0,29,12,-3.33,0.05,1,0,334
4050,39,0,0,15,5,-3.64,0.05,1,0,334
4051,54,0,0,24,7,-0.69,0.05,1,0,334
4052,57,0,0,27,8,-3.42,0.05,1,0,334
4053,400,1,1,34,19,-10.7,0.05,0,1,334
4054,400,2,2,34,39,-23.6,0.05,0,1,334
4055,17,0,0,7,2,-4.22,0.05,1,0,334
4056,55,0,0,27,7,-1.1,0.05,1,0,334
4057,5,0,0,4,1,-4.0,0.05,1,0,334
4058,72,1,1,24,8,-0.47,0.05,1,0,334
4059,104,1,1,18,9,-4.54,0.05,1,0,334
4060,400,2,2,42,18,-14.7,0.05,0,1,335
4061,400,3,3,45,21,-7.9,0.05,0,1,335
4062,78,2,2,22,10,-0.53,0.05,1,0,335
4063,35,0,0,12,5,-5.4,0.05,1,0,335
4064,161,1,1,19,8,-3.86,0.05,1,0,335
4065,157,2,2,37,15,-3.42,0.05,0,0,335
4066,60,2,2,26,8,0.05,0.05,1,0,335
4067,109,3,3,33,12,-0.54,0.05,1,0,335
4068,400,9,4,47,19,0.8,0.05,0,1,335
4069,82,0,0,37,10,1.23,0.05,0,0,335
4070,400,5,0,34,20,-12.55,0.05,0,1,335
4071,104,1,1,31,12,-0.79,0.05,1,0,335
4072,240,1,1,38,20,-6.7,0.05,1,0,335
4073,114,8,3,32,14,5.46,0.05,0,0,335
4074,63,1,1,26,8,-1.18,0.05,1,0,335
4075,59,2,2,16,7,-0.59,0.05,1,0,335
4076,400,3,3,38,17,-7.65,0.05,0,1,335
4077,97,5,5,29,10,5.38,0.05,1,0,335
4078,28,0,0,12,4,-4.33,0.05,1,0,335
4079,260,3,3,38,24,-11.95,0.05,1,0,335
4080,124,2,2,37,12,3.16,0.05,1,0,335
4081,20,0,0,8,3,-4.5,0.05,1,0,335
4082,98,0,0,10,7,-8.43,0.05,1,0,335
4083,54,2,2,13,6,-2.29,0.05,1,0,335
4084,57,1,1,16,7,-4.52,0.05,1,0,335
4085,105,0,0,32,10,-5.7,0.05,0,0,335
4086,130,4,4,37,13,1.6,0.05,1,0,335
4087,54,0,0,21,7,-2.14,0.05,0,0,335
4088,84,0,0,35,11,0.56,0.05,1,0,335
4089,82,2,2,34,11,-0.82,0.05,1,0,335
4090,61,0,0,23,8,-5.46,0.05,1,0,335
4091,198,4,4,41,19,-1.28,0.05,1,0,335
4092,400,2,2,38,17,-8.8,0.05,0,1,335
4093,400,3,3,48,41,-17.4,0.05,0,1,335
4094,76,1,1,25,8,-3.86,0.05,1,0,335
4095,47,1,1,19,6,-3.47,0.05,1,0,335
4096,6,0,0,3,1,-4.21,0.05,1,0,335
4097,299,1,1,39,31,-22.89,0.05,1,0,335
4098,137,1,1,39,16,0.13,0.05,1,0,335
4099,37,0,0,14,5,-4.62,0.05,1,0,335
4100,68,0,0,29,9,-1.48,0.05,1,0,335
4101,75,0,0,24,9,-3.5,0.05,1,0,335
4102,400,4,4,49,23,-4.15,0.05,0,1,335
4103,35,0,0,15,5,-3.45,0.05,1,0,335
4104,104,2,2,36,13,-1.69,0.05,1,0,335
4105,83,2,2,29,10,-0.58,0.05,1,0,335
4106,55,1,1,18,7,-2.5,0.05,0,0,335
4107,115,1,1,36,13,0.25,0.05,1,0,335
4108,89,0,0,20,7,-4.69,0.05,1,0,335
4109,69,0,0,27,9,-2.19,0.05,0,0,335
4110,28,0,0,11,4,-6.08,0.05,1,0,335
4111,348,3,3,42,28,-17.93,0.05,1,0,335
4112,32,0,0,10,4,-4.07,0.05,1,0,335
4113,21,0,0,8,3,-4.06,0.05,1,0,335
4114,21,0,0,12,3,-2.86,0.05,1,0,335
4115,23,0,0,12,3,-2.33,0.05,1,0,335
4116,31,0,0,6,3,-4.91,0.05,1,0,335
4117,29,1,1,10,4,-2.34,0.05,1,0,335
4118,21,0,0,11,3,-3.06,0.05,1,0,335
4119,31,0,0,11,4,-3.36,0.05,1,0,335
4120,400,5,0,18,14,-10.45,0.05,0,1,335
4121,13,0,0,6,2,-4.48,0.05,1,0,335
4122,75,0,0,26,10,-1.45,0.05,1,0,335
4123,20,1,1,11,3,-2.35,0.05,1,0,335
4124,243,0,0,26,17,-9.48,0.05,1,0,335
4125,51,0,0,16,6,-3.76,0.05,1,0,335
4126,27,1,1,11,4,-4.12,0.05,1,0,335
4127,52,1,1,22,7,-1.07,0.05,1,0,335
4128,86,3,3,31,11,-0.36,0.05,1,0,335
4129,51,0,0,22,7,-4.26,0.05,1,0,335
4130,5,0,0,3,1,-4.3,0.05,1,0,335
4131,36,0,0,12,5,-4.46,0.05,1,0,335
4132,74,1,1,27,8,-1.04,0.05,0,0,335
4133,400,2,2,40,25,-5.7,0.05,0,1,335
4134,400,0,0,49,24,-13.35,0.05,0,1,335
4135,92,1,1,40,11,2.63,0.05,1,0,335
4136,115,3,3,35,12,3.95,0.05,1,0,335
4137,111,1,1,46,13,4.44,0.05,1,0,335
4138,20,0,0,10,3,-3.35,0.05,1,0,335
4139,50,0,0,16,7,-4.1,0.05,1,0,335
4140,72,3,3,34,10,2.28,0.05,1,0,335
4141,131,2,2,35,15,-0.51,0.05,1,0,335
4142,137,3,3,38,16,5.03,0.05,0,0,335
4143,400,2,2,37,16,-9.0,0.05,0,1,335
4144,30,2,2,12,4,-1.7,0.05,1,0,335
4145,42,1,1,20,6,-1.72,0.05,1,0,335
4146,90,3,3,22,8,-1.1,0.05,1,0,335
4147,129,8,3,29,11,4.91,0.05,1,0,335
4148,260,4,4,36,19,-8.7,0.05,1,0,335
4149,30,0,0,13,4,-3.2,0.05,1,0,335
4150,94,5,0,36,12,5.91,0.05,1,0,335
4151,29,0,0,14,4,-2.79,0.05,1,0,335
4152,61,2,2,21,8,-2.26,0.05,1,0,335
4153,6,0,0,3,1,-5.66,0.05,1,0,335
4154,81,1,1,34,10,-1.31,0.05,1,0,335
4155,400,1,1,27,15,-14.7,0.05,0,1,335
4156,233,0,0,41,20,-8.13,0.05,0,0,335
4157,32,1,1,12,4,-3.92,0.05,0,0,335
4158,60,1,1,16,8,-4.15,0.05,1,0,335
4159,22,1,1,7,3,-4.82,0.05,1,0,335
4160,54,2,2,16,5,-1.69,0.05,1,0,335
4161,90,0,0,30,11,-4.25,0.05,1,0,335
4162,162,3,3,26,12,-2.62,0.05,0,0,335
4163,400,1,1,34,19,-14.55,0.05,0,1,335
4164,181,1,1,36,17,-6.06,0.05,1,0,335
4165,293,3,3,43,32,-15.48,0.05,1,0,335
4166,37,1,1,15,5,-2.97,0.05,1,0,335
4167,21,0,0,12,3,-2.61,0.05,1,0,335
4168,95,0,0,22,8,-3.25,0.05,1,0,335
4169,46,1,1,22,6,-0.61,0.05,1,0,335
4170,185,3,3,39,18,0.3,0.05,1,0,335
4171,400,3,3,44,18,-8.5,0.05,0,1,335
4172,69,1,1,30,9,-0.49,0.05,1,0,335
4173,106,2,2,30,13,-3.61,0.05,0,0,335
4174,400,6,1,51,19,-0.4,0.05,0,1,335
4175,55,0,0,14,6,-7.4,0.05,0,0,335
4176,56,0,1,19,8,-2.66,0.05,0,0,335
4177,169,7,2,40,15,5.61,0.05,1,0,335
4178,56,2,2,20,8,-1.76,0.05,1,0,335
4179,111,2,2,23,12,-4.41,0.05,1,0,335
4180,22,0,0,9,3,-3.72,0.05,1,0,335
4181,36,0,0,19,5,-0.91,0.05,1,0,335
4182,236,1,1,40,22,-8.16,0.05,1,0,335
4183,400,0,0,41,19,-12.25,0.05,0,1,335
4184,238,3,3,45,19,-3.98,0.05,1,0,335
4185,139,2,2,40,16,1.06,0.05,1,0,335
4186,131,2,2,32,13,-0.81,0.05,1,0,335
4187,75,1,1,20,8,-3.05,0.05,1,0,335
4188,91,0,0,35,11,0.54,0.05,0,0,335
4189,79,0,0,25,9,-4.44,0.05,0,0,335
4190,24,0,0,10,3,-4.29,0.05,1,0,335
4191,110,1,1,34,12,0.25,0.05,0,0,335
4192,119,3,3,38,14,3.21,0.05,1,0,335
4193,14,0,0,9,2,-3.09,0.05,1,0,335
4194,273,3,3,36,26,-8.08,0.05,0,1,335
4195,60,1,1,25,8,0.6,0.05,1,0,335
4196,138,0,0,43,15,-0.78,0.05,0,0,335
4197,61,5,0,28,8,4.64,0.05,1,0,335
4198,182,0,0,45,17,1.18,0.05,1,0,335
4199,166,1,1,34,16,-2.51,0.05,1,0,335
4200,264,1,1,29,19,-12.69,0.05,1,0,336
4201,5,0,0,2,1,-4.45,0.05,1,0,336
4202,54,2,2,23,7,-0.24,0.05,1,0,336
4203,21,0,0,10,3,-3.41,0.05,1,0,336
4204,20,0,0,9,3,-4.55,0.05,1,0,336
4205,287,2,2,35,29,-12.27,0.05,0,0,336
4206,400,0,0,34,15,-13.0,0.05,0,1,336
4207,62,2,2,27,8,1.73,0.05,1,0,336
4208,5,0,0,4,1,-4.0,0.05,1,0,336
4209,192,7,2,32,18,3.58,0.05,0,0,336
4210,184,4,4,42,20,-1.54,0.05,1,0,336
4211,45,0,0,19,6,-4.45,0.05,1,0,336
4212,259,0,0,38,25,-14.49,0.05,1,0,336
4213,400,3,3,44,16,-5.25,0.05,0,1,336
4214,152,8,3,47,17,5.58,0.05,1,0,336
4215,95,0,0,25,11,-3.4,0.05,1,0,336
4216,228,3,3,31,20,-6.23,0.05,0,0,336
4217,179,3,3,39,16,-3.04,0.05,1,0,336
4218,112,3,3,37,14,0.58,0.05,0,0,336
4219,255,0,0,34,23,-16.85,0.05,1,0,336
4220,181,3,3,43,18,1.69,0.05,1,0,336
4221,79,1,1,31,10,1.71,0.05,1,0,336
4222,95,1,1,27,11,-1.95,0.05,0,0,336
4223,21,0,0,6,3,-5.16,0.05,1,0,336
4224,151,1,1,27,12,-5.41,0.05,0,0,336
4225,220,6,1,46,21,-0.2,0.05,1,0,336
4226,67,0,0,28,9,-1.32,0.05,0,0,336
4227,53,0,0,22,7,-4.63,0.05,1,0,336
4228,82,6,1,26,9,5.18,0.05,0,0,336
4229,65,2,2,26,9,-1.75,0.05,0,0,336
4230,105,1,1,44,13,-1.1,0.05,0,0,336
4231,14,0,0,6,2,-3.99,0.05,1,0,336
4232,20,2,2,11,3,-1.35,0.05,1,0,336
4233,70,1,1,15,5,-2.05,0.05,1,0,336
4234,22,1,1,12,3,-3.97,0.05,1,0,336
4235,228,2,2,41,18,-1.13,0.05,1,0,336
4236,88,3,3,37,11,2.02,0.05,1,0,336
4237,75,1,1,26,10,-0.35,0.05,1,0,336
4238,50,1,1,22,7,-1.1,0.05,1,0,336
4239,400,2,2,40,19,-10.7,0.05,0,1,336
4240,39,0,0,14,5,-4.14,0.05,0,0,336
4241,211,3,3,35,15,-5.96,0.05,1,0,336
4242,152,2,2,35,13,-1.42,0.05,0,0,336
4243,20,0,0,9,3,-4.75,0.05,1,0,336
4244,107,2,2,48,13,2.58,0.05,1,0,336
4245,163,2,2,36,18,-4.68,0.05,0,0,336
4246,58,0,0,20,8,-6.53,0.05,1,0,336
4247,116,1,1,33,12,-0.91,0.05,1,0,336
4248,81,0,0,33,10,1.64,0.05,1,0,336
4249,93,2,2,32,10,2.22,0.05,1,0,336
4250,39,0,0,15,5,-3.19,0.05,1,0,336
4251,38,0,0,19,5,-1.38,0.05,1,0,336
4252,6,0,0,3,1,-5.66,0.05,1,0,336
4253,171,2,2,47,19,-0.11,0.05,1,0,336
4254,28,0,0,11,4,-4.18,0.05,1,0,336
4255,68,0,0,24,9,-3.58,0.05,1,0,336
4256,93,3,3,32,12,-0.23,0.05,1,0,336
4257,79,2,2,32,11,1.76,0.05,0,0,336
4258,112,0,0,11,4,-6.52,0.05,1,0,336
4259,100,2,2,38,13,3.15,0.05,1,0,336
4260,99,2,2,33,11,0.96,0.05,1,0,336
4261,96,1,1,33,10,-0.11,0.05,0,0,336
4262,104,2,2,37,12,2.76,0.05,1,0,336
4263,65,0,0,22,8,-1.75,0.05,0,0,336
4264,14,0,0,6,2,-4.54,0.05,1,0,336
4265,400,2,2,45,20,-9.3,0.05,0,1,336
4266,111,2,2,43,12,6.29,0.05,1,0,336
4267,267,3,3,52,24,-5.62,0.05,1,0,336
4268,400,0,0,46,24,-12.15,0.05,0,1,336
4269,57,1,1,27,8,-2.27,0.05,1,0,336
4270,84,0,0,34,11,0.11,0.05,1,0,336
4271,29,1,1,11,4,-4.59,0.05,1,0,336
4272,23,0,0,8,3,-5.08,0.05,1,0,336
4273,82,0,0,24,7,-2.52,0.05,1,0,336
4274,88,0,0,34,10,-2.38,0.05,0,0,336
4275,76,1,1,24,8,0.79,0.05,1,0,336
4276,49,0,0,20,7,-1.84,0.05,0,0,336
4277,7,0,0,5,1,-4.47,0.05,1,0,336
4278,81,1,1,30,11,-2.06,0.05,1,0,336
4279,123,1,1,28,13,-1.78,0.05,1,0,336
4280,400,1,1,34,22,-13.7,0.05,0,1,336
4281,173,2,2,24,11,-0.98,0.05,1,0,336
4282,77,2,2,40,10,1.53,0.05,1,0,336
4283,44,1,1,18,6,-2.24,0.05,1,0,336
4284,71,0,0,28,10,-4.21,0.05,1,0,336
4285,88,2,2,40,11,4.32,0.05,0,0,336
4286,287,5,0,40,29,-11.97,0.05,1,0,336
4287,81,1,1,37,10,0.44,0.05,1,0,336
4288,6,0,0,2,1,-4.61,0.05,1,0,336
4289,344,7,2,47,34,-12.74,0.05,1,0,336
4290,124,3,3,37,15,0.66,0.05,1,0,336
4291,400,0,0,39,20,-14.15,0.05,0,1,336
4292,63,0,0,22,8,-2.58,0.05,1,0,336
4293,108,2,2,35,12,1.62,0.05,0,0,336
4294,99,1,1,38,11,0.21,0.05,1,0,336
4295,46,0,0,22,6,-1.56,0.05,1,0,336
4296,178,4,4,48,19,4.27,0.05,1,0,336
4297,400,3,3,40,14,-7.9,0.05,0,1,336
4298,99,0,0,27,9,-0.94,0.05,1,0,336
4299,81,1,1,26,9,-1.06,0.05,0,0,336
4300,108,0,0,34,12,-3.38,0.05,1,0,336
4301,27,0,0,12,4,-3.32,0.05,1,0,336
4302,263,2,2,34,25,-13.03,0.05,1,0,336
4303,54,0,0,25,7,-1.94,0.05,1,0,336
4304,44,0,0,18,6,-4.29,0.05,1,0,336
4305,27,0,0,9,4,-3.87,0.05,1,0,336
4306,157,2,2,35,14,-2.67,0.05,1,0,336
4307,75,5,0,31,9,4.75,0.05,1,0,336
4308,92,1,1,28,11,0.03,0.05,1,0,336
4309,62,0,0,18,8,-5.27,0.05,0,0,336
4310,100,0,0,33,12,-1.65,0.05,1,0,336
4311,21,1,1,10,3,-2.26,0.05,1,0,336
4312,5,0,0,4,1,-4.0,0.05,1,0,336
4313,52,0,0,7,3,-5.27,0.05,1,0,336
4314,160,1,1,39,15,-0.8,0.05,0,0,336
4315,400,2,2,39,22,-9.9,0.05,0,1,336
4316,192,0,0,37,19,-5.37,0.05,0,0,336
4317,237,3,3,37,23,-9.27,0.05,1,0,336
4318,163,1,1,30,15,-2.73,0.05,1,0,336
4319,400,1,1,38,18,-9.8,0.05,0,1,336
4320,96,0,0,34,11,0.04,0.05,1,0,336
4321,269,1,1,40,24,-10.49,0.05,1,0,336
4322,14,0,0,5,2,-4.64,0.05,1,0,336
4323,118,2,2,21,8,-2.28,0.05,1,0,336
4324,36,0,0,11,5,-4.26,0.05,1,0,336
4325,83,1,1,33,10,1.17,0.05,1,0,336
4326,107,0,0,34,13,-1.67,0.05,0,0,336
4327,221,5,0,36,23,-5.76,0.05,1,0,336
4328,61,0,0,24,8,-1.26,0.05,1,0,336
4329,21,0,0,12,3,-2.71,0.05,1,0,336
4330,50,0,0,22,7,-1.25,0.05,1,0,336
4331,56,0,0,22,7,-0.76,0.05,1,0,336
4332,76,0,0,30,10,-1.36,0.05,1,0,336
4333,6,0,0,2,1,-4.51,0.05,1,0,336
4334,107,1,2,25,12,-3.52,0.05,1,0,336
4335,153,1,1,38,15,-3.73,0.05,1,0,336
4336,75,1,1,34,10,-1.4,0.05,1,0,336
4337,22,0,0,12,3,-2.37,0.05,1,0,336
4338,25,0,0,12,3,-3.1,0.05,1,0,336
4339,243,3,3,56,24,3.02,0.05,1,0,336
4340,29,0,0,12,4,-3.29,0.05,1,0,336
4341,30,0,0,12,4,-3.45,0.05,1,0,336
4342,45,0,0,18,6,-1.25,0.05,1,0,336
4343,20,0,0,10,3,-3.9,0.05,1,0,336
4344,29,0,0,12,4,-2.94,0.05,1,0,336
4345,213,4,4,37,15,-0.63,0.05,1,0,336
4346,400,2,2,35,15,-10.75,0.05,0,1,336
4347,67,1,1,30,9,1.93,0.05,1,0,336
4348,106,2,2,33,12,0.79,0.05,0,0,336
4349,86,1,1,23,9,-2.71,0.05,0,0,336
4350,59,0,0,27,8,-1.29,0.05,1,0,336
4351,81,0,0,29,10,-3.06,0.05,1,0,336
4352,143,0,0,39,13,-2.23,0.05,0,0,336
4353,77,2,2,26,10,-1.02,0.05,0,0,336
4354,61,2,2,20,8,-1.31,0.05,1,0,336
4355,400,1,1,35,18,-11.85,0.05,0,1,336
4356,21,0,0,10,3,-4.41,0.05,1,0,336
4357,204,1,1,43,20,-4.64,0.05,1,0,336
4358,100,2,2,37,10,2.2,0.05,0,0,336
4359,102,2,2,35,11,0.13,0.05,1,0,336
4360,67,1,1,29,9,-1.37,0.05,1,0,336
4361,38,0,0,15,4,-2.73,0.05,0,0,336
4362,36,1,1,19,5,-1.06,0.05,1,0,336
4363,100,0,0,39,13,-1.2,0.05,1,0,336
4364,14,0,0,6,2,-4.54,0.05,1,0,336
4365,87,1,1,28,9,-3.52,0.05,1,0,336
4366,7,0,0,3,1,-4.72,0.05,1,0,336
4367,68,1,1,19,8,-4.43,0.05,0,0,336
4368,185,2,2,40,18,0.95,0.05,1,0,336
4369,209,4,4,34,18,-5.09,0.05,1,0,337
4370,142,2,2,46,16,1.38,0.05,1,0,337
4371,45,0,0,19,6,-2.05,0.05,1,0,337
4372,62,0,0,23,7,-0.22,0.05,0,0,337
4373,7,0,0,3,1,-4.27,0.05,1,0,337
4374,82,2,2,28,10,-0.47,0.05,1,0,337
4375,69,0,0,31,9,-0.14,0.05,1,0,337
4376,52,1,1,26,7,1.58,0.05,1,0,337
4377,57,0,0,22,8,-2.17,0.05,1,0,337
4378,182,3,3,45,19,0.18,0.05,1,0,337
4379,123,0,0,36,14,-1.38,0.05,1,0,337
4380,87,0,0,26,10,-4.07,0.05,1,0,337
4381,28,0,0,12,4,-3.48,0.05,1,0,337
4382,196,2,2,54,19,2.59,0.05,1,0,337
4383,129,1,1,35,16,-0.69,0.05,0,0,337
4384,400,3,3,50,21,-3.45,0.05,0,1,337
4385,164,3,3,43,16,3.36,0.05,1,0,337
4386,59,0,0,21,7,-2.94,0.05,1,0,337
4387,73,1,1,23,9,-1.33,0.05,1,0,337
4388,400,2,2,49,22,-6.65,0.05,0,1,337
4389,102,0,0,34,13,-1.07,0.05,1,0,337
4390,101,1,1,34,12,-0.41,0.05,1,0,337
4391,21,0,0,9,3,-3.76,0.05,1,0,337
4392,50,0,0,19,5,-1.5,0.05,1,0,337
4393,123,1,1,37,14,-1.53,0.05,1,0,337
4394,6,0,0,2,1,-4.51,0.05,1,0,337
4395,27,0,0,8,4,-5.52,0.05,1,0,337
4396,90,7,2,30,11,5.55,0.05,1,0,337
4397,62,1,1,18,8,-4.87,0.05,1,0,337
4398,112,6,1,25,12,1.58,0.05,1,0,337
4399,136,2,2,35,14,-0.91,0.05,0,0,337
4400,21,0,0,13,3,-2.41,0.05,1,0,337
4401,144,1,1,38,15,0.16,0.05,1,0,337
4402,104,3,3,38,12,3.06,0.05,0,0,337
4403,82,1,1,26,9,-1.42,0.05,1,0,337
4404,400,2,2,24,16,-15.15,0.05,0,1,337
4405,56,0,0,16,7,-5.76,0.05,1,0,337
4406,28,0,0,11,4,-3.73,0.05,1,0,337
4407,217,2,2,49,20,-0.07,0.05,1,0,337
4408,136,1,1,40,15,2.99,0.05,1,0,337
4409,36,0,0,14,5,-3.96,0.05,1,0,337
4410,114,0,0,35,14,0.21,0.05,0,0,337
4411,64,0,0,26,8,-2.44,0.05,1,0,337
4412,102,1,1,42,12,3.28,0.05,1,0,337
4413,400,2,2,38,18,-10.9,0.05,0,1,337
4414,367,3,3,42,37,-22.47,0.05,1,0,337
4415,129,0,0,45,15,1.96,0.05,1,0,337
4416,92,2,2,29,11,-0.67,0.05,0,0,337
4417,120,4,4,41,14,5.2,0.05,1,0,337
4418,116,4,4,32,13,3.49,0.05,1,0,337
4419,30,0,0,11,4,-4.35,0.05,1,0,337
4420,22,0,0,10,3,-3.87,0.05,1,0,337
4421,21,0,0,10,3,-3.46,0.05,1,0,337
4422,44,1,1,13,5,-3.89,0.05,1,0,337
4423,37,0,0,11,5,-6.47,0.05,1,0,337
4424,85,1,1,27,10,-0.75,0.05,1,0,337
4425,59,1,1,23,8,-0.54,0.05,1,0,337
4426,98,2,2,27,11,0.57,0.05,1,0,337
4427,139,1,1,47,14,10.16,0.05,1,0,337
4428,400,0,0,37,16,-13.65,0.05,0,1,337
4429,110,2,2,43,11,3.75,0.05,1,0,337
4430,28,0,0,8,4,-5.43,0.05,1,0,337
4431,250,1,1,33,24,-10.75,0.05,1,0,337
4432,400,3,3,47,20,-4.05,0.05,0,1,337
4433,31,0,0,12,4,-3.71,0.05,1,0,337
4434,192,1,1,40,18,-3.77,0.05,1,0,337
4435,58,2,2,21,8,-1.48,0.05,1,0,337
4436,6,0,0,2,1,-4.51,0.05,1,0,337
4437,36,0,0,13,5,-3.81,0.05,1,0,337
4438,119,2,2,30,13,-4.94,0.05,1,0,337
4439,45,0,0,17,6,-3.7,0.05,1,0,337
4440,71,1,1,30,9,0.79,0.05,1,0,337
4441,167,1,1,46,18,1.33,0.05,1,0,337
4442,27,0,0,11,4,-5.22,0.05,1,0,337
4443,158,1,1,43,15,-1.08,0.05,0,0,337
4444,245,1,1,48,23,-1.4,0.05,1,0,337
4445,52,0,0,24,7,-3.22,0.05,1,0,337
4446,119,0,0,32,13,-2.74,0.05,1,0,337
4447,59,1,1,22,8,-0.19,0.05,1,0,337
4448,36,0,0,13,5,-5.71,0.05,1,0,337
4449,27,0,0,12,4,-3.92,0.05,1,0,337
4450,66,1,1,25,8,-1.51,0.05,1,0,337
4451,168,1,1,42,19,-2.43,0.05,0,0,337
4452,14,0,0,8,2,-3.74,0.05,1,0,337
4453,51,0,0,23,7,-2.81,0.05,1,0,337
4454,310,1,1,47,29,-15.55,0.05,1,0,337
4455,29,0,0,10,4,-6.09,0.05,0,0,337
4456,255,2,2,45,29,-8.25,0.05,1,0,337
4457,217,3,3,38,19,-5.67,0.05,1,0,337
4458,148,2,2,42,17,0.97,0.05,0,0,337
4459,178,7,2,34,17,2.17,0.05,0,0,337
4460,400,3,3,46,21,-10.25,0.05,0,1,337
4461,13,0,0,6,2,-4.08,0.05,1,0,337
4462,300,8,3,42,29,-4.3,0.05,1,0,337
4463,28,0,0,14,4,-2.18,0.05,1,0,337
4464,153,3,3,52,18,3.57,0.05,0,0,337
4465,222,1,1,40,23,-7.12,0.05,1,0,337
4466,58,0,0,26,8,-2.63,0.05,0,0,337
4467,24,1,1,11,3,-3.59,0.05,1,0,337
4468,51,1,1,23,7,-0.96,0.05,1,0,337
4469,96,0,0,31,11,-1.81,0.05,1,0,337
4470,7,0,0,4,1,-4.02,0.05,1,0,337
4471,165,2,2,32,14,-1.75,0.05,0,0,337
4472,101,1,1,27,11,-1.16,0.05,1,0,337
4473,62,3,3,25,8,3.08,0.05,1,0,337
4474,209,2,2,35,14,-2.54,0.05,1,0,337
4475,78,2,2,33,9,2.12,0.05,1,0,337
4476,246,6,1,49,23,-2.16,0.05,1,0,337
4477,46,0,0,17,6,-3.26,0.05,1,0,337
4478,46,0,0,13,6,-5.91,0.05,0,0,337
4479,161,3,3,45,18,2.24,0.05,1,0,337
4480,28,1,1,11,4,-3.48,0.05,1,0,337
4481,44,0,0,15,6,-5.34,0.05,1,0,337
4482,110,0,0,33,12,-2.9,0.05,1,0,337
4483,22,0,0,13,3,-2.52,0.05,1,0,337
4484,400,4,4,32,19,-8.75,0.05,0,1,337
4485,51,1,1,18,6,-3.71,0.05,1,0,337
4486,87,1,1,36,11,-1.92,0.05,1,0,337
4487,140,9,4,41,16,8.65,0.05,0,0,337
4488,180,3,3,43,17,3.2,0.05,1,0,337
4489,72,0,0,26,9,-3.07,0.05,1,0,337
4490,400,6,6,45,16,-3.75,0.05,0,1,337
4491,51,0,0,14,7,-3.81,0.05,1,0,337
4492,122,2,2,39,15,1.48,0.05,1,0,337
4493,23,0,0,9,3,-4.08,0.05,1,0,337
4494,165,3,3,44,15,3.3,0.05,0,0,337
4495,99,2,2,35,12,1.06,0.05,1,0,337
4496,173,3,3,55,19,2.37,0.05,1,0,337
4497,7,0,0,4,1,-4.77,0.05,1,0,337
4498,84,1,1,27,11,-1.04,0.05,0,0,337
4499,78,1,1,29,10,0.92,0.05,1,0,337
4500,47,1,1,16,6,-2.07,0.05,1,0,337
4501,21,0,0,12,3,-2.21,0.05,1,0,337
4502,52,0,0,14,5,-3.02,0.05,1,0,337
4503,47,0,0,15,6,-4.42,0.05,1,0,337
4504,28,0,0,12,4,-3.38,0.05,1,0,337
4505,46,0,0,17,6,-4.31,0.05,1,0,337
4506,91,2,2,28,12,0.44,0.05,1,0,337
4507,81,1,1,26,10,0.09,0.05,1,0,337
4508,51,2,2,15,6,-4.26,0.05,0,0,337
4509,36,0,0,19,5,-0.81,0.05,1,0,337
4510,400,4,4,43,26,-4.95,0.05,0,1,337
4511,188,1,1,36,19,-3.28,0.05,1,0,337
4512,56,0,0,26,8,-1.11,0.05,1,0,337
4513,85,0,0,23,10,-3.8,0.05,0,0,337
4514,76,0,0,24,10,-4.36,0.05,1,0,337
4515,44,0,0,20,6,-1.74,0.05,1,0,337
4516,38,0,0,14,5,-3.43,0.05,1,0,337
4517,30,0,0,12,4,-3.7,0.05,1,0,337
4518,53,0,0,19,7,-2.28,0.05,1,0,337
4519,40,2,2,14,5,-2.3,0.05,1,0,337
4520,59,10,0,22,8,7.66,0.05,1,0,337
4521,28,0,0,10,4,-4.33,0.05,1,0,337
4522,228,3,3,36,25,-3.98,0.05,1,0,337
4523,77,5,0,23,10,-0.07,0.05,1,0,337
4524,87,1,1,15,4,-3.32,0.05,0,0,337
4525,36,0,0,13,5,-4.26,0.05,1,0,337
4526,231,1,1,37,22,-6.71,0.05,1,0,337
4527,45,0,0,18,6,-3.7,0.05,1,0,337
4528,400,6,6,55,24,1.05,0.05,0,1,337
4529,102,0,0,30,13,-2.87,0.05,1,0,337
4530,400,4,4,49,20,-2.1,0.05,0,1,337
4531,49,1,1,22,7,-0.99,0.05,1,0,337
4532,69,0,0,25,9,-1.89,0.05,1,0,337
4533,150,1,1,42,15,2.65,0.05,1,0,338
4534,359,6,6,48,31,-7.74,0.05,1,0,338
4535,87,1,1,32,11,-0.77,0.05,1,0,338
4536,22,0,0,6,3,-5.62,0.05,0,0,338
4537,110,1,1,23,9,-3.4,0.05,1,0,339
4538,49,0,0,21,7,-1.69,0.05,1,0,339
4539,400,0,0,25,20,-18.85,0.05,0,1,339
4540,100,1,1,34,12,1.05,0.05,0,0,339
4541,175,3,3,41,19,0.2,0.05,0,0,339
4542,141,1,1,42,15,-0.81,0.05,1,0,339
4543,215,3,3,39,18,-1.1,0.05,1,0,339
4544,96,3,3,37,13,1.19,0.05,1,0,339
4545,400,4,4,38,20,-6.45,0.05,0,1,339
4546,286,7,2,48,30,-5.86,0.05,1,0,339
4547,168,6,1,36,19,1.82,0.05,1,0,339
4548,13,0,0,3,2,-4.73,0.05,1,0,339
4549,88,7,2,29,11,5.52,0.05,1,0,339
4550,337,3,3,39,32,-15.67,0.05,1,0,339
4551,14,0,0,7,2,-3.14,0.05,1,0,339
4552,273,2,2,43,25,-7.98,0.05,1,0,339
4553,60,0,0,27,8,-2.35,0.05,1,0,339
4554,55,2,2,21,7,-0.95,0.05,1,0,339
4555,77,0,0,31,10,-1.32,0.05,1,0,339
4556,20,1,1,10,3,-3.7,0.05,1,0,339
4557,68,2,2,27,9,-2.18,0.05,0,0,339
4558,400,6,1,46,38,-10.3,0.05,0,1,339
4559,6,0,0,2,1,-4.61,0.05,1,0,339
4560,24,0,0,14,3,-3.29,0.05,1,0,339
4561,400,4,4,40,17,-8.15,0.05,0,1,339
4562,21,0,0,11,3,-3.16,0.05,1,0,339
4563,79,0,0,28,10,-1.09,0.05,0,0,339
4564,400,3,3,53,21,-3.8,0.05,0,1,339
4565,195,2,2,54,21,8.6,0.05,0,1,339
4566,76,0,0,22,10,-4.31,0.05,1,0,339
4567,241,0,0,54,22,-4.36,0.05,0,0,340
4568,27,0,0,13,4,-3.87,0.05,1,0,340
4569,42,0,0,19,6,-3.12,0.05,1,0,340
4570,400,2,2,40,20,-18.85,0.05,0,1,340
4571,49,1,1,17,7,-2.79,0.05,1,0,340
4572,292,1,1,49,22,-8.82,0.05,0,0,340
4573,61,0,0,28,8,-3.31,0.05,1,0,340
4574,80,1,1,26,9,0.65,0.05,1,0,340
4575,56,0,0,24,7,-1.41,0.05,1,0,340
4576,13,0,0,6,2,-4.03,0.05,1,0,340
4577,114,0,0,23,10,-6.49,0.05,0,0,340
4578,36,0,0,9,5,-5.36,0.05,1,0,340
4579,400,8,3,50,20,-1.05,0.05,0,1,340
4580,126,2,2,40,16,0.89,0.05,1,0,340
4581,62,6,1,27,8,3.23,0.05,1,0,340
4582,82,3,3,36,10,2.18,0.05,1,0,340
4583,50,1,1,20,7,-4.85,0.05,1,0,340
4584,60,0,0,18,7,-2.65,0.05,1,0,340
4585,44,0,0,11,3,-3.49,0.05,1,0,340
4586,104,7,2,31,10,4.76,0.05,1,0,340
4587,97,1,1,25,12,-2.07,0.05,1,0,340
4588,153,1,1,42,18,-3.83,0.05,1,0,340
4589,133,1,1,44,16,3.47,0.05,0,0,340
4590,270,2,2,47,23,-11.1,0.05,1,0,340
4591,400,3,3,44,19,-8.65,0.05,0,1,340
4592,50,1,1,22,7,-2.05,0.05,1,0,340
4593,53,1,1,22,7,-1.78,0.05,1,0,340
4594,72,2,2,33,10,1.03,0.05,1,0,340
4595,36,0,0,10,5,-5.16,0.05,1,0,340
4596,35,1,1,14,4,-3.75,0.05,0,0,340
4597,124,2,2,42,14,1.21,0.05,0,0,340
4598,59,0,0,23,8,3.46,0.05,1,0,340
4599,59,1,1,25,8,0.46,0.05,1,0,340
4600,274,2,2,49,30,-6.19,0.05,1,0,340
4601,83,0,0,34,11,1.27,0.05,1,0,340
4602,400,0,0,47,23,-11.0,0.05,0,1,340
4603,318,1,1,33,35,-19.98,0.05,1,0,340
4604,28,1,1,14,4,-3.08,0.05,1,0,340
4605,28,2,2,16,4,-0.18,0.05,1,0,340
4606,29,1,1,17,4,-2.29,0.05,1,0,340
4607,101,1,1,36,13,1.64,0.05,1,0,340
4608,51,4,4,23,7,1.24,0.05,1,0,340
4609,183,1,1,39,19,-5.63,0.05,0,0,340
4610,157,0,0,42,17,-2.82,0.05,0,0,340
4611,20,0,0,10,3,-4.8,0.05,1,0,340
4612,96,1,1,43,12,3.04,0.05,1,0,340
4613,256,0,0,48,24,-9.06,0.05,1,0,340
4614,72,1,1,25,8,-1.52,0.05,1,0,340
4615,159,0,0,36,17,-2.74,0.05,0,0,340
4616,86,1,1,28,11,-5.76,0.05,1,0,340
4617,5,0,0,4,1,-4.45,0.05,1,0,340
4618,57,0,0,21,8,-1.17,0.05,0,0,340
4619,30,0,0,9,4,-4.85,0.05,1,0,340
4620,39,1,1,16,5,-2.24,0.05,1,0,340
4621,203,3,3,58,23,3.12,0.05,1,0,340
4622,66,0,0,26,9,-3.46,0.05,1,0,340
4623,400,2,2,47,22,-9.55,0.05,0,1,340
4624,28,0,0,11,4,-3.68,0.05,1,0,340
4625,21,0,0,9,3,-4.16,0.05,1,0,340
4626,363,3,3,44,19,-6.03,0.05,1,0,340
4627,257,1,1,41,27,-8.07,0.05,0,0,340
4628,43,0,0,20,6,-2.23,0.05,1,0,340
4629,101,1,1,37,12,0.89,0.05,1,0,340
4630,122,1,1,35,13,-1.52,0.05,0,0,340
4631,70,1,1,29,9,1.0,0.05,1,0,340
4632,97,2,2,25,10,0.13,0.05,0,0,340
4633,102,1,1,39,12,1.53,0.05,1,0,340
4634,76,0,0,21,8,1.19,0.05,1,0,340
4635,49,1,1,18,6,-1.79,0.05,1,0,340
4636,5,0,0,4,1,-4.0,0.05,1,0,340
4637,49,0,0,19,6,-2.69,0.05,0,0,340
4638,34,0,0,13,5,-4.14,0.05,1,0,340
4639,81,1,1,23,9,-2.86,0.05,0,0,340
4640,400,3,3,45,17,0.9,0.05,0,1,340
4641,111,1,1,39,13,0.59,0.05,1,0,340
4642,89,2,2,34,12,-1.94,0.05,1,0,340
4643,22,1,1,10,3,-4.22,0.05,1,0,340
4644,45,1,1,17,6,-1.6,0.05,1,0,340
4645,27,0,0,9,4,-4.77,0.05,1,0,340
4646,32,0,0,15,4,-3.02,0.05,1,0,340
4647,253,0,0,40,26,-9.93,0.05,1,0,340
4648,224,0,0,34,23,-7.94,0.05,1,0,340
4649,68,2,2,22,8,-0.68,0.05,1,0,340
4650,100,1,1,36,10,2.3,0.05,1,0,340
4651,24,0,0,9,3,-4.79,0.05,1,0,340
4652,72,3,3,30,9,0.78,0.05,1,0,340
4653,400,7,2,48,21,-2.75,0.05,0,1,340
4654,18,0,0,7,2,-4.28,0.05,1,0,340
4655,37,0,0,15,5,-4.92,0.05,1,0,340
4656,95,1,1,30,12,-1.85,0.05,1,0,340
4657,124,1,1,40,15,0.46,0.05,1,0,340
4658,49,1,1,21,7,-5.19,0.05,1,0,340
4659,43,0,0,17,6,-4.23,0.05,1,0,340
4660,34,1,1,17,5,-2.29,0.05,1,0,340
4661,67,0,0,27,9,-0.17,0.05,1,0,340
4662,97,2,2,34,12,0.98,0.05,1,0,340
4663,58,1,1,29,8,-1.03,0.05,1,0,340
4664,58,0,0,26,8,-1.08,0.05,1,0,340
4665,169,3,3,55,19,7.21,0.05,1,0,340
4666,60,2,2,27,8,0.7,0.05,1,0,340
4667,34,0,0,14,4,-2.89,0.05,1,0,340
4668,400,5,5,57,30,0.7,0.05,0,1,340
4669,37,0,0,14,5,-3.92,0.05,1,0,340
4670,78,1,1,22,9,-3.18,0.05,0,0,340
4671,20,0,0,7,3,-5.3,0.05,1,0,340
4672,157,2,2,43,16,3.53,0.05,1,0,340
4673,110,1,1,39,14,1.85,0.05,1,0,340
4674,13,0,0,6,2,-3.93,0.05,1,0,340
4675,5,0,0,4,1,-4.0,0.05,1,0,340
4676,68,1,1,24,9,-1.48,0.05,1,0,340
4677,69,2,2,27,9,1.11,0.05,1,0,340
4678,28,1,1,10,4,-3.93,0.05,1,0,340
4679,49,0,0,20,7,-3.34,0.05,0,0,340
4680,105,2,2,43,13,2.15,0.05,1,0,340
4681,157,3,3,42,18,2.63,0.05,0,0,340
4682,118,3,3,35,13,2.77,0.05,1,0,340
4683,400,2,2,45,21,-10.5,0.05,0,1,340
4684,20,0,0,9,3,-4.1,0.05,1,0,340
4685,14,0,0,6,2,-4.54,0.05,1,0,340
4686,27,0,0,10,4,-4.07,0.05,1,0,340
4687,96,1,1,38,11,2.44,0.05,1,0,340
4688,400,3,3,52,19,-5.15,0.05,0,1,340
4689,21,1,1,12,3,-1.31,0.05,1,0,340
4690,102,0,0,27,10,-2.07,0.05,1,0,340
4691,250,1,1,47,26,-2.5,0.05,0,0,340
4692,285,1,1,49,30,-9.05,0.05,1,0,340
4693,147,0,0,41,15,-0.37,0.05,1,0,340
4694,136,1,1,37,15,-3.76,0.05,0,0,340
4695,28,0,0,11,4,-5.23,0.05,1,0,340
4696,183,1,1,33,16,-2.73,0.05,0,0,340
4697,349,3,3,32,37,-23.69,0.05,1,0,340
4698,37,1,1,12,4,-2.42,0.05,1,0,340
4699,302,1,1,22,15,-13.47,0.05,1,0,340
4700,232,2,2,43,16,0.28,0.05,1,0,340
4701,274,3,3,49,27,-7.39,0.05,1,0,340
4702,400,4,4,43,21,-10.35,0.05,0,1,340
4703,14,0,0,6,2,-4.44,0.05,1,0,340
4704,125,2,2,42,14,1.0,0.05,1,0,340
4705,52,1,1,19,7,-1.17,0.05,1,0,340
4706,24,0,0,11,3,-3.94,0.05,1,0,340
4707,86,2,2,35,11,0.74,0.05,1,0,340
4708,67,3,3,23,8,-0.92,0.05,1,0,340
4709,120,1,1,28,13,-5.1,0.05,1,0,340
4710,159,5,5,34,18,2.41,0.05,0,0,340
4711,20,0,0,11,3,-3.6,0.05,1,0,340
4712,87,1,1,34,10,0.83,0.05,1,0,340
4713,400,3,3,33,17,-10.0,0.05,0,1,340
4714,13,0,0,5,2,-5.13,0.05,1,0,340
4715,182,4,4,43,19,3.33,0.05,1,0,340
4716,185,2,2,42,15,0.65,0.05,0,0,340
4717,137,2,2,30,11,-0.57,0.05,0,0,340
4718,138,0,0,38,15,-0.58,0.05,1,0,340
4719,84,1,1,30,10,-0.14,0.05,0,0,340
4720,96,1,1,24,8,-0.56,0.05,1,0,340
4721,92,8,3,32,12,8.28,0.05,1,0,340
4722,21,0,0,14,3,-1.61,0.05,1,0,340
4723,400,1,1,37,17,-9.15,0.05,0,1,340
4724,159,1,1,45,17,2.51,0.05,1,0,340
4725,178,2,2,46,19,-1.83,0.05,0,0,340
4726,141,0,0,40,15,-0.81,0.05,0,0,340
4727,108,1,1,36,12,-0.38,0.05,1,0,340
4728,281,4,4,53,28,-2.76,0.05,1,0,340
4729,75,1,1,23,9,3.7,0.05,1,0,340
4730,54,0,0,16,7,-5.14,0.05,1,0,340
4731,242,1,1,61,23,1.23,0.05,1,0,340
4732,31,0,0,16,4,-2.76,0.05,1,0,340
4733,77,1,1,28,10,-1.82,0.05,0,0,340
4734,7,0,0,5,1,-3.57,0.05,1,0,340
4735,20,0,0,9,3,-4.2,0.05,1,0,340
4736,69,1,1,27,9,-1.64,0.05,1,0,340
4737,80,0,0,27,10,-3.3,0.05,1,0,340
4738,14,0,0,4,2,-5.14,0.05,1,0,340
4739,143,0,0,30,11,-6.08,0.05,0,0,340
4740,236,2,2,34,25,-15.76,0.05,0,0,340
4741,400,1,1,52,33,-16.75,0.05,0,1,340
4742,65,0,0,25,8,-1.85,0.05,1,0,340
4743,97,0,0,38,13,-1.52,0.05,1,0,340
4744,197,1,1,35,16,-1.87,0.05,1,0,341
4745,195,1,1,39,19,-2.3,0.05,1,0,341
4746,400,1,1,41,26,-11.7,0.05,0,1,341
4747,262,0,0,37,19,-6.97,0.05,1,0,341
4748,400,4,4,36,25,-4.25,0.05,0,1,341
4749,45,3,3,23,6,2.05,0.05,1,0,341
4750,91,1,1,27,11,-1.81,0.05,1,0,341
4751,153,7,2,37,17,6.47,0.05,1,0,341
4752,68,0,0,29,9,-2.23,0.05,1,0,341
4753,56,0,0,25,8,-3.46,0.05,1,0,341
4754,63,1,1,29,8,0.32,0.05,1,0,341
4755,20,0,0,10,3,-3.45,0.05,1,0,341
4756,58,0,0,28,8,-0.03,0.05,1,0,341
4757,400,1,1,55,32,-13.2,0.05,0,1,341
4758,92,1,1,38,12,1.18,0.05,1,0,341
4759,95,2,2,26,11,-2.7,0.05,0,0,341
4760,14,0,0,6,2,-4.44,0.05,1,0,341
4761,173,2,2,37,19,-1.53,0.05,1,0,341
4762,70,0,0,25,9,-2.75,0.05,0,0,341
4763,61,1,1,25,8,-1.46,0.05,1,0,341
4764,123,1,1,35,13,-2.33,0.05,0,0,341
4765,78,0,0,28,10,-1.53,0.05,1,0,341
4766,6,0,0,3,1,-4.66,0.05,1,0,341
4767,109,6,1,28,12,3.66,0.05,0,0,341
4768,117,0,0,29,13,-4.02,0.05,1,0,341
4769,108,1,1,38,12,-0.63,0.05,0,0,341
4770,37,0,0,14,5,-3.22,0.05,1,0,341
4771,153,2,2,36,17,-4.63,0.05,1,0,341
4772,27,0,0,11,4,-5.12,0.05,1,0,341
4773,400,2,2,30,16,-13.65,0.05,0,1,341
4774,161,2,2,45,16,2.84,0.05,1,0,341
4775,28,0,0,14,4,-2.68,0.05,1,0,341
4776,27,1,1,10,4,-3.87,0.05,1,0,341
4777,62,0,0,31,8,1.08,0.05,1,0,341
4778,134,1,1,39,15,-0.74,0.05,1,0,341
4779,400,2,2,35,15,-11.6,0.05,0,1,341
4780,65,1,1,26,8,0.55,0.05,1,0,341
4781,138,2,2,36,15,-1.43,0.05,1,0,341
4782,71,1,1,32,9,-1.41,0.05,1,0,341
4783,174,2,2,39,19,-1.29,0.05,1,0,341
4784,172,1,1,39,17,-4.42,0.05,0,0,342
4785,129,2,2,25,10,-0.89,0.05,1,0,342
4786,119,0,0,35,12,-2.99,0.05,1,0,342
4787,61,0,0,28,8,-0.66,0.05,1,0,342
4788,8,0,0,5,1,-4.53,0.05,1,0,342
4789,98,0,0,39,13,-1.38,0.05,1,0,342
4790,90,3,3,29,11,1.4,0.05,1,0,342
4791,45,1,1,18,6,-1.65,0.05,1,0,342
4792,183,2,2,41,21,1.02,0.05,1,0,342
4793,65,0,0,24,8,-2.45,0.05,1,0,342
4794,121,0,0,36,12,-1.71,0.05,1,0,342
4795,206,4,4,44,18,0.59,0.05,0,0,342
4796,43,1,1,16,6,-4.78,0.05,1,0,342
4797,25,0,0,10,3,-4.0,0.05,1,0,342
4798,192,3,3,41,19,1.18,0.05,1,0,342
4799,20,1,1,10,3,-3.8,0.05,1,0,342
4800,146,2,2,42,17,1.09,0.05,1,0,342
4801,48,0,0,25,7,-0.48,0.05,0,0,342
4802,400,2,2,44,19,-10.35,0.05,0,1,342
4803,63,1,1,16,6,-3.08,0.05,1,0,342
4804,400,2,2,31,38,-10.5,0.05,0,1,342
4805,60,0,0,19,8,-4.7,0.05,1,0,342
4806,114,1,1,32,15,-3.39,0.05,1,0,342
4807,44,0,0,17,6,-3.79,0.05,1,0,342
4808,41,1,1,16,6,-3.21,0.05,1,0,342
4809,96,1,1,34,11,0.44,0.05,1,0,342
4810,13,0,0,5,2,-4.78,0.05,1,0,342
4811,400,1,1,41,22,-16.45,0.05,0,1,342
4812,36,0,0,11,5,-4.41,0.05,1,0,342
4813,45,0,0,20,6,-2.0,0.05,1,0,342
4814,36,0,0,19,5,-1.71,0.05,1,0,342
4815,85,1,1,23,11,-3.65,0.05,1,0,342
4816,48,0,0,19,6,-4.23,0.05,1,0,342
4817,136,4,4,45,15,4.24,0.05,1,0,342
4818,162,3,3,27,18,-3.07,0.05,1,0,342
4819,28,0,0,9,4,-5.43,0.05,1,0,342
4820,130,3,3,36,12,2.65,0.05,1,0,342
4821,29,0,0,15,4,-3.09,0.05,1,0,342
4822,162,1,1,30,12,-3.27,0.05,1,0,342
4823,56,0,0,22,8,-4.76,0.05,1,0,342
4824,81,0,0,19,6,-2.91,0.05,1,0,342
4825,69,2,2,25,8,2.96,0.05,0,0,342
4826,400,4,4,41,20,-5.65,0.05,0,1,342
4827,190,8,3,48,21,5.75,0.05,0,0,342
4828,166,2,2,34,18,-1.06,0.05,0,0,342
4829,177,2,2,37,18,-6.07,0.05,0,0,342
4830,78,0,0,22,10,-4.78,0.05,0,0,342
4831,101,0,0,18,8,-5.41,0.05,0,0,342
4832,56,0,0,17,5,-2.11,0.05,1,0,342
4833,74,0,0,23,9,-1.89,0.05,1,0,342
4834,68,1,1,25,8,-1.83,0.05,1,0,342
4835,400,2,2,51,21,-7.25,0.05,0,1,342
4836,158,2,2,35,16,-3.58,0.05,1,0,342
4837,49,0,0,23,7,-1.89,0.05,1,0,342
4838,253,1,1,49,28,-15.08,0.05,1,0,342
4839,97,1,1,33,12,-1.62,0.05,1,0,342
4840,50,0,0,25,7,-0.9,0.05,1,0,342
4841,125,1,1,49,16,-1.55,0.05,1,0,342
4842,122,3,3,29,12,-1.07,0.05,1,0,342
4843,190,1,1,42,15,-0.6,0.05,1,0,342
4844,45,0,0,12,6,-4.75,0.05,1,0,342
4845,101,3,3,33,11,0.54,0.05,1,0,342
4846,124,8,3,38,14,6.81,0.05,1,0,342
4847,113,3,3,34,14,1.77,0.05,1,0,342
4848,189,2,2,31,20,-8.79,0.05,1,0,342
4849,58,0,0,26,8,-2.08,0.05,1,0,342
4850,126,0,0,42,16,-2.36,0.05,0,0,342
4851,120,2,2,37,14,2.95,0.05,1,0,342
4852,400,5,5,49,17,-3.8,0.05,0,1,342
4853,91,2,2,29,11,-2.51,0.05,1,0,342
4854,146,2,2,45,17,2.59,0.05,1,0,342
4855,89,2,2,25,12,-2.84,0.05,1,0,342
4856,97,1,1,34,12,0.63,0.05,1,0,342
4857,59,0,0,25,8,-3.79,0.05,1,0,342
4858,77,4,4,34,10,0.53,0.05,1,0,342
4859,20,0,0,12,3,-3.55,0.05,1,0,342
4860,63,1,1,28,8,1.07,0.05,1,0,342
4861,74,0,0,35,10,1.01,0.05,1,0,342
4862,39,0,0,18,5,-2.24,0.05,1,0,342
4863,400,2,2,36,17,-10.3,0.05,0,1,342
4864,116,0,0,42,13,5.69,0.05,1,0,342
4865,14,0,0,5,2,-4.84,0.05,1,0,342
4866,22,0,0,8,3,-4.57,0.05,1,0,342
4867,400,0,0,48,24,-15.95,0.05,0,1,342
4868,27,0,0,13,4,-4.52,0.05,1,0,342
4869,133,3,3,40,15,2.97,0.05,0,0,342
4870,30,0,0,12,4,-3.35,0.05,1,0,342
4871,89,2,2,33,9,0.51,0.05,1,0,342
4872,67,1,1,23,8,-1.02,0.05,0,0,342
4873,73,1,1,22,9,-3.08,0.05,1,0,342
4874,37,0,0,17,5,-2.47,0.05,1,0,342
4875,20,0,0,10,3,-3.35,0.05,1,0,342
4876,63,0,0,28,9,-3.28,0.05,1,0,342
4877,77,0,0,33,10,-0.37,0.05,0,0,342
4878,236,7,2,36,26,-2.51,0.05,1,0,342
4879,94,0,0,18,8,-4.64,0.05,0,0,342
4880,287,1,1,38,30,-14.97,0.05,1,0,342
4881,59,1,1,23,8,1.06,0.05,1,0,342
4882,115,1,1,37,15,-0.8,0.05,1,0,342
4883,82,0,0,33,11,0.28,0.05,1,0,342
4884,115,1,1,29,13,-2.25,0.05,0,0,342
4885,86,2,2,33,10,2.19,0.05,1,0,342
4886,111,2,2,33,13,-0.26,0.05,0,0,342
4887,162,1,1,34,16,-5.32,0.05,1,0,342
4888,400,2,2,32,17,-12.35,0.05,0,1,342
4889,367,2,2,48,39,-23.77,0.05,1,0,342
4890,78,1,1,27,9,-2.08,0.05,1,0,342
4891,81,1,1,29,11,-4.06,0.05,1,0,342
4892,86,2,2,31,10,2.24,0.05,0,0,342
4893,126,2,2,28,13,-3.16,0.05,1,0,342
4894,57,0,0,22,7,-2.67,0.05,1,0,342
4895,107,2,2,44,13,3.63,0.05,1,0,342
4896,56,0,0,23,7,-0.81,0.05,1,0,342
4897,140,4,4,37,15,0.15,0.05,1,0,342
4898,68,1,1,28,8,0.87,0.05,1,0,342
4899,83,1,1,30,10,0.77,0.05,1,0,342
4900,157,2,2,43,17,1.88,0.05,0,0,342
4901,51,0,0,20,7,-2.36,0.05,1,0,342
4902,180,2,2,38,19,-1.45,0.05,1,0,342
4903,127,1,1,42,15,1.23,0.05,1,0,342
4904,93,2,2,27,11,0.47,0.05,0,0,342
4905,103,0,0,28,11,-3.33,0.05,1,0,342
4906,27,0,0,11,4,-4.12,0.05,1,0,342
4907,400,3,3,49,23,-7.65,0.05,0,1,342
4908,124,3,3,36,15,1.01,0.05,1,0,342
4909,116,2,2,35,14,0.99,0.05,1,0,342
4910,97,1,1,26,12,-4.92,0.05,1,0,342
4911,13,0,0,6,2,-4.28,0.05,1,0,342
4912,133,1,1,34,16,-3.18,0.05,1,0,342
4913,220,2,2,32,25,-10.1,0.05,0,0,342
4914,82,1,1,37,11,0.98,0.05,1,0,342
4915,97,1,1,31,11,1.83,0.05,1,0,342
4916,165,2,2,45,20,-0.6,0.05,1,0,342
4917,101,1,1,28,12,-1.96,0.05,0,0,342
4918,48,0,0,21,7,-5.63,0.05,1,0,342
4919,103,3,3,34,12,-0.53,0.05,0,0,342
4920,22,0,0,8,3,-5.07,0.05,1,0,342
4921,47,1,1,15,5,-3.92,0.05,0,0,342
4922,93,2,2,26,11,-1.03,0.05,1,0,342
4923,80,1,1,23,9,-1.45,0.05,1,0,342
4924,60,0,0,25,8,-1.8,0.05,1,0,342
4925,145,0,0,40,17,1.4,0.05,1,0,342
4926,61,1,1,21,7,-0.76,0.05,1,0,342
4927,35,0,0,14,5,-2.9,0.05,1,0,342
4928,55,0,0,19,8,-5.3,0.05,1,0,342
4929,21,0,0,9,3,-3.61,0.05,1,0,342
4930,121,1,1,37,13,1.14,0.05,1,0,342
4931,57,0,0,22,8,-2.92,0.05,1,0,342
4932,230,8,3,33,22,-1.35,0.05,1,0,342
4933,83,2,2,30,9,0.12,0.05,1,0,342
4934,152,2,2,50,18,3.28,0.05,1,0,343
4935,13,0,0,8,2,-3.33,0.05,1,0,343
4936,7,0,0,3,1,-4.27,0.05,1,0,343
4937,80,4,4,29,10,5.7,0.05,1,0,343
4938,49,0,0,16,6,-3.69,0.05,0,0,343
4939,199,2,2,50,20,11.21,0.05,0,1,343
4940,120,0,0,49,15,2.65,0.05,1,0,343
4941,150,7,2,32,14,2.95,0.05,0,0,343
4942,140,6,1,43,15,4.55,0.05,1,0,343
4943,27,1,1,10,4,-2.87,0.05,1,0,343
4944,58,1,1,20,8,-0.58,0.05,0,0,343
4945,400,2,2,38,15,-9.95,0.05,0,1,343
4946,59,3,3,27,8,3.16,0.05,1,0,343
4947,50,1,1,25,7,-1.7,0.05,1,0,343
4948,50,0,0,22,7,-3.2,0.05,1,0,343
4949,36,1,1,12,5,-3.91,0.05,1,0,343
4950,106,4,4,26,11,-0.66,0.05,0,0,343
4951,400,1,1,23,14,-11.6,0.05,0,1,343
4952,163,2,2,43,18,0.22,0.05,1,0,343
4953,61,1,1,20,6,-1.91,0.05,0,0,343
4954,276,4,4,56,28,-9.96,0.05,1,0,343
4955,46,1,1,19,6,-0.61,0.05,1,0,343
4956,27,1,1,11,4,-4.47,0.05,1,0,343
4957,31,0,0,16,4,-2.61,0.05,1,0,343
4958,60,0,0,25,8,-1.95,0.05,1,0,343
4959,77,1,1,29,10,-0.92,0.05,0,0,343
4960,29,1,1,18,4,-1.29,0.05,1,0,343
4961,53,0,0,25,7,-2.43,0.05,1,0,343
4962,72,2,2,33,10,1.03,0.05,1,0,343
4963,6,0,0,3,1,-4.21,0.05,1,0,343
4964,60,0,0,23,8,-2.8,0.05,1,0,343
4965,400,2,2,50,20,-5.75,0.05,0,1,343
4966,77,2,2,32,11,0.43,0.05,1,0,343
4967,5,0,0,1,1,-4.9,0.05,1,0,343
4968,90,2,2,35,11,2.9,0.05,0,0,343
4969,62,0,0,27,8,-1.87,0.05,1,0,343
4970,61,1,1,28,8,-2.56,0.05,1,0,343
4971,400,2,2,38,37,-22.9,0.05,0,1,343
4972,191,11,1,42,19,7.69,0.05,1,0,343
4973,27,0,0,13,4,-4.12,0.05,1,0,343
4974,400,8,3,51,20,-0.95,0.05,0,1,343
4975,86,2,2,40,12,1.74,0.05,1,0,343
4976,61,2,2,20,8,-1.86,0.05,1,0,343
4977,67,1,1,25,8,-1.07,0.05,1,0,343
4978,27,1,1,12,4,-3.07,0.05,1,0,343
4979,400,3,3,32,18,-7.7,0.05,0,1,343
4980,76,1,1,29,10,-1.56,0.05,1,0,343
4981,20,0,0,7,3,-5.25,0.05,1,0,343
4982,67,1,1,26,9,-2.07,0.05,1,0,343
4983,159,2,2,35,17,-1.99,0.05,0,0,343
4984,154,1,1,37,16,-3.49,0.05,0,0,343
4985,59,1,1,26,8,-3.29,0.05,1,0,343
4986,15,0,0,8,2,-4.7,0.05,1,0,343
4987,24,0,0,10,3,-3.74,0.05,1,0,343
4988,31,0,0,7,3,-4.56,0.05,1,0,343
4989,37,0,0,11,5,-4.87,0.05,1,0,343
4990,6,0,0,3,1,-5.11,0.05,1,0,343
4991,107,2,2,19,8,-4.47,0.05,1,0,343
4992,40,0,0,14,5,-4.5,0.05,1,0,343
4993,64,3,3,31,8,2.16,0.05,1,0,343
4994,60,0,0,31,8,0.75,0.05,1,0,343
4995,29,0,0,11,4,-5.09,0.05,1,0,343
4996,124,1,1,39,15,-0.29,0.05,1,0,343
4997,400,2,2,45,24,-9.5,0.05,0,1,343
4998,96,0,0,29,12,-5.01,0.05,0,0,343
4999,20,0,0,8,3,-4.4,0.05,1,0,343
5000,400,1,1,38,17,-13.35,0.05,0,1,343
5001,33,1,1,13,4,-2.58,0.05,1,0,343
5002,400,3,3,39,20,-14.05,0.05,0,1,343
5003,120,2,2,43,14,3.8,0.05,1,0,343
5004,122,4,4,44,15,3.03,0.05,1,0,343
5005,66,0,0,28,9,-0.26,0.05,1,0,343
5006,23,0,0,11,3,-3.03,0.05,1,0,343
5007,83,7,2,25,10,4.32,0.05,0,0,343
5008,86,1,1,32,11,-0.11,0.05,0,0,343
5009,131,2,2,37,15,1.99,0.05,0,0,343
5010,249,1,1,39,21,-3.54,0.05,1,0,343
5011,185,2,2,37,19,-2.4,0.05,1,0,343
5012,65,0,0,25,7,0.25,0.05,1,0,343
5013,69,1,1,29,9,1.16,0.05,1,0,343
5014,281,1,1,31,25,-17.91,0.05,1,0,343
5015,35,2,2,12,5,-1.65,0.05,1,0,343
5016,23,1,1,9,3,-2.08,0.05,1,0,343
5017,152,2,2,22,14,-3.02,0.05,1,0,343
5018,75,1,1,29,9,-1.9,0.05,0,0,343
5019,160,3,3,26,14,-4.1,0.05,0,0,343
5020,14,0,0,7,2,-3.49,0.05,1,0,343
5021,140,3,3,30,14,-1.1,0.05,1,0,343
5022,400,4,4,44,20,-6.35,0.05,0,1,343
5023,400,3,3,43,27,-8.7,0.05,0,1,343
5024,28,0,0,11,4,-4.73,0.05,1,0,343
5025,88,1,1,34,10,1.72,0.05,1,0,343
5026,111,2,2,33,13,-0.51,0.05,1,0,343
5027,80,0,0,26,10,-2.65,0.05,1,0,343
5028,49,2,2,26,7,0.81,0.05,1,0,343
5029,400,2,2,49,20,-9.2,0.05,0,1,343
5030,45,1,1,22,6,-0.1,0.05,1,0,343
5031,78,1,1,34,10,2.67,0.05,0,0,343
5032,66,1,1,21,9,-5.76,0.05,1,0,343
5033,54,0,0,31,7,0.21,0.05,1,0,343
5034,44,0,0,18,6,-2.99,0.05,1,0,343
5035,243,2,2,34,22,-7.73,0.05,1,0,343
5036,122,2,2,33,14,1.53,0.05,0,0,343
5037,48,1,1,17,6,-2.13,0.05,1,0,343
5038,34,0,0,12,5,-3.94,0.05,1,0,343
5039,106,5,0,18,9,0.34,0.05,1,0,343
5040,8,0,0,6,1,-3.23,0.05,1,0,343
5041,99,1,1,29,11,0.06,0.05,1,0,343
5042,199,3,3,41,21,-3.69,0.05,1,0,343
5043,36,0,0,17,5,-2.86,0.05,1,0,343
5044,61,1,1,22,8,-0.76,0.05,1,0,343
5045,100,3,3,33,13,0.95,0.05,1,0,343
5046,133,1,1,34,15,-2.83,0.05,1,0,343
5047,70,1,1,22,9,-2.8,0.05,1,0,343
5048,400,0,0,49,25,-10.7,0.05,0,1,343
5049,52,1,1,24,7,-0.92,0.05,1,0,343
5050,75,0,0,29,9,0.0,0.05,0,0,343
5051,23,0,0,7,3,-4.33,0.05,1,0,343
5052,117,1,1,37,14,-5.87,0.05,1,0,343
5053,76,1,1,24,8,-1.11,0.05,1,0,343
5054,158,7,2,47,18,3.82,0.05,0,0,343
5055,95,1,1,35,11,-1.1,0.05,0,0,343
5056,27,0,0,10,4,-5.02,0.05,1,0,343
5057,14,0,0,4,2,-5.09,0.05,1,0,343
5058,28,0,0,13,4,-2.58,0.05,1,0,343
5059,207,3,3,31,16,-4.02,0.05,1,0,343
5060,35,1,1,9,5,-6.75,0.05,1,0,343
5061,139,2,2,41,18,-1.14,0.05,1,0,343
5062,22,0,0,11,3,-3.92,0.05,1,0,343
5063,23,0,0,10,3,-3.38,0.05,1,0,343
5064,253,2,2,34,24,-16.03,0.05,1,0,343
5065,63,2,2,23,8,-1.38,0.05,1,0,343
5066,53,2,2,18,7,-2.13,0.05,1,0,343
5067,172,8,3,40,18,5.03,0.05,0,0,343
5068,63,2,2,28,8,0.72,0.05,1,0,343
5069,275,2,2,40,23,-10.0,0.05,1,0,343
5070,95,0,0,27,11,-2.65,0.05,1,0,343
5071,330,2,2,59,34,-8.75,0.05,1,0,343
5072,400,1,1,58,45,-20.15,0.05,0,1,343
5073,400,4,4,38,16,-6.8,0.05,0,1,343
5074,53,0,0,20,7,-2.38,0.05,1,0,343
5075,400,3,3,37,14,-8.75,0.05,0,1,343
5076,87,1,1,32,11,-1.22,0.05,1,0,343
5077,53,0,0,19,7,-2.73,0.05,1,0,343
5078,176,3,3,47,19,-0.81,0.05,1,0,343
5079,35,0,0,18,5,-3.05,0.05,1,0,343
5080,68,1,1,26,8,-1.28,0.05,1,0,343
5081,287,1,1,26,21,-18.27,0.05,1,0,343
5082,27,0,0,9,4,-4.87,0.05,1,0,343
5083,100,1,1,32,12,-3.45,0.05,1,0,343
5084,223,2,2,31,20,-6.13,0.05,1,0,343
5085,42,1,1,14,6,-3.97,0.05,1,0,343
5086,265,2,2,43,27,-9.1,0.05,0,0,343
5087,35,0,0,12,5,-5.7,0.05,1,0,343
5088,36,0,1,15,5,-2.16,0.05,1,0,343
5089,134,1,1,34,14,-0.29,0.05,1,0,343
5090,30,0,0,15,4,-2.55,0.05,1,0,343
5091,400,0,0,34,19,-15.8,0.05,0,1,343
5092,123,1,1,40,15,-0.28,0.05,1,0,343
5093,23,0,0,11,3,-2.98,0.05,1,0,343
5094,134,3,3,35,15,3.71,0.05,1,0,343
5095,91,1,1,28,11,-2.36,0.05,1,0,343
5096,91,4,4,27,11,2.39,0.05,1,0,343
5097,28,0,0,14,4,-2.33,0.05,1,0,343
5098,49,2,2,22,7,0.46,0.05,1,0,343
5099,65,1,1,27,8,-2.15,0.05,1,0,343
5100,136,0,1,50,16,3.69,0.05,0,0,343
5101,52,1,1,17,7,-2.12,0.05,0,0,344
5102,31,0,0,13,4,-3.66,0.05,1,0,344
5103,65,1,1,24,8,-1.05,0.05,1,0,344
5104,21,0,0,9,3,-4.21,0.05,1,0,344
5105,65,3,3,15,6,-1.3,0.05,1,0,344
5106,126,4,4,44,15,5.39,0.05,1,0,344
5107,58,0,0,27,7,-0.43,0.05,1,0,344
5108,322,7,2,45,33,-5.82,0.05,1,0,344
5109,57,0,0,26,8,-1.12,0.05,1,0,344
5110,124,2,2,42,15,2.91,0.05,1,0,344
5111,400,1,1,33,21,-11.85,0.05,0,1,344
5112,400,3,3,40,25,-13.4,0.05,0,1,344
5113,21,0,0,10,3,-2.81,0.05,1,0,344
5114,41,0,0,17,6,-5.11,0.05,1,0,344
5115,305,8,3,48,34,-13.15,0.05,1,0,344
5116,62,0,0,26,8,0.73,0.05,1,0,344
5117,113,0,0,35,13,-1.53,0.05,1,0,344
5118,400,5,5,39,19,-2.8,0.05,0,1,344
5119,68,0,0,26,9,-1.58,0.05,1,0,344
5120,29,0,0,14,4,-3.59,0.05,1,0,344
5121,400,4,4,67,25,4.3,0.05,0,1,344
5122,210,2,2,31,21,-5.85,0.05,1,0,344
5123,116,4,4,33,13,0.99,0.05,1,0,344
5124,125,9,4,42,15,9.3,0.05,1,0,344
5125,65,0,0,26,8,-4.55,0.05,0,0,344
5126,218,3,3,41,23,-2.13,0.05,1,0,344
5127,88,1,1,37,12,-0.73,0.05,0,0,344
5128,14,0,0,8,2,-3.29,0.05,1,0,344
5129,178,0,0,40,16,-3.23,0.05,0,0,344
5130,400,5,5,31,16,-7.25,0.05,0,1,344
5131,175,2,2,53,19,2.9,0.05,0,0,344
5132,5,0,0,4,1,-4.0,0.05,1,0,344
5133,27,1,1,9,4,-4.72,0.05,1,0,344
5134,7,0,0,2,1,-4.57,0.05,1,0,344
5135,112,2,2,39,13,1.38,0.05,1,0,344
5136,400,0,0,32,17,-18.55,0.05,0,1,344
5137,42,0,0,23,6,-3.27,0.05,1,0,344
5138,262,2,2,43,27,-7.87,0.05,1,0,344
5139,28,0,0,14,4,-2.18,0.05,1,0,344
5140,147,1,1,52,17,1.53,0.05,1,0,344
5141,209,2,2,38,18,-2.34,0.05,1,0,344
5142,96,2,2,31,11,1.84,0.05,1,0,344
5143,335,2,2,44,36,-21.6,0.05,1,0,344
5144,254,1,1,41,24,-8.54,0.05,1,0,344
5145,118,1,1,32,12,-1.63,0.05,1,0,344
5146,66,1,1,27,9,-0.36,0.05,1,0,344
5147,275,6,1,56,30,-0.7,0.05,1,0,344
5148,139,0,0,38,16,-3.79,0.05,1,0,344
5149,44,0,0,16,6,-5.49,0.05,1,0,344
5150,37,0,0,19,5,-0.27,0.05,1,0,344
5151,64,0,0,28,7,-0.44,0.05,1,0,344
5152,400,0,0,50,22,-9.65,0.05,0,1,344
5153,75,1,1,27,9,0.1,0.05,0,0,344
5154,89,1,1,31,11,2.01,0.05,1,0,344
5155,79,2,2,27,10,0.51,0.05,1,0,344
5156,100,1,1,34,13,-1.95,0.05,1,0,344
5157,119,1,1,33,13,-1.64,0.05,1,0,344
5158,98,0,0,30,12,-4.28,0.05,1,0,344
5159,44,0,0,15,6,-2.94,0.05,1,0,344
5160,129,0,0,39,16,-1.59,0.05,1,0,344
5161,78,1,1,33,10,-3.28,0.05,1,0,344
5162,44,0,0,19,6,-3.64,0.05,1,0,344
5163,7,0,0,3,1,-4.17,0.05,1,0,344
5164,50,1,1,21,7,-3.5,0.05,1,0,344
5165,54,0,0,20,8,-3.34,0.05,0,0,344
5166,190,7,2,32,17,0.85,0.05,0,0,344
5167,60,2,2,21,8,-1.5,0.05,1,0,344
5168,162,2,2,47,20,3.23,0.05,1,0,344
5169,36,1,1,17,5,-2.01,0.05,1,0,344
5170,211,3,3,40,16,-0.16,0.05,0,0,344
5171,63,0,0,28,9,-0.18,0.05,1,0,344
5172,99,2,2,28,11,-2.49,0.05,0,0,344
5173,400,0,0,41,15,-11.5,0.05,0,1,344
5174,6,0,0,3,1,-4.21,0.05,1,0,344
5175,71,0,0,23,8,-3.26,0.05,0,0,344
5176,124,4,4,40,15,2.21,0.05,1,0,344
5177,55,0,0,17,7,-5.3,0.05,1,0,344
5178,44,0,0,15,6,-2.24,0.05,1,0,344
5179,113,5,0,37,14,2.22,0.05,1,0,345
5180,400,2,2,45,21,-12.85,0.05,0,1,345
5181,400,1,1,38,17,-13.95,0.05,0,1,345
5182,139,0,0,27,15,-6.29,0.05,1,0,345
5183,123,2,2,31,14,-2.38,0.05,0,0,345
5184,85,2,2,31,11,1.15,0.05,1,0,345
5185,98,1,1,41,13,0.97,0.05,1,0,345
5186,58,0,0,27,8,-0.43,0.05,1,0,345
5187,34,0,0,12,5,-4.09,0.05,1,0,345
5188,37,0,0,16,5,-2.72,0.05,1,0,345
5189,161,3,3,52,19,1.39,0.05,1,0,345
5190,23,0,0,10,3,-3.38,0.05,1,0,345
5191,58,0,0,21,8,-2.38,0.05,1,0,345
5192,106,2,2,33,12,0.24,0.05,0,0,345
5193,294,5,5,46,27,-7.74,0.05,1,0,345
5194,168,1,1,52,18,3.97,0.05,1,0,345
5195,103,3,3,37,12,5.37,0.05,1,0,345
5196,93,0,0,26,12,-5.68,0.05,1,0,345
5197,27,0,0,13,4,-2.87,0.05,1,0,345
5198,37,0,0,16,5,-3.32,0.05,1,0,345
5199,23,0,0,11,3,-3.08,0.05,1,0,345
5200,21,0,0,9,3,-4.01,0.05,1,0,345
5201,132,0,0,26,12,-2.77,0.05,1,0,345
5202,85,1,1,34,12,-4.1,0.05,1,0,345
5203,58,1,1,24,8,-2.03,0.05,1,0,345
5204,61,1,1,27,8,1.59,0.05,1,0,345
5205,13,0,0,4,2,-6.08,0.05,1,0,345
5206,79,3,3,30,9,2.01,0.05,1,0,345
5207,61,0,0,25,8,-1.36,0.05,1,0,345
5208,37,1,1,11,5,-4.27,0.05,1,0,345
5209,102,0,0,38,13,0.08,0.05,1,0,345
5210,103,0,0,34,13,-1.78,0.05,1,0,345
5211,250,7,2,38,25,-8.2,0.05,1,0,345
5212,400,4,4,38,22,-8.3,0.05,0,1,345
5213,99,2,2,38,12,3.41,0.05,1,0,345
5214,41,2,2,17,5,-1.86,0.05,1,0,345
5215,13,0,0,5,2,-5.33,0.05,1,0,345
5216,48,1,1,19,6,-1.98,0.05,1,0,345
5217,59,1,1,31,8,0.46,0.05,1,0,345
5218,84,1,1,32,10,0.26,0.05,0,0,345
5219,400,2,2,37,20,-9.0,0.05,0,1,345
5220,243,2,2,47,22,-6.38,0.05,0,0,345
5221,138,0,0,48,16,-1.33,0.05,0,0,345
5222,159,2,2,51,18,3.96,0.05,1,0,345
5223,169,2,2,53,19,4.51,0.05,1,0,345
5224,13,0,0,7,2,-3.63,0.05,1,0,345
5225,133,2,2,35,14,1.72,0.05,1,0,345
5226,229,2,2,31,24,-14.29,0.05,1,0,345
5227,126,1,1,39,15,1.54,0.05,1,0,345
5228,249,0,0,47,26,-9.24,0.05,1,0,345
5229,201,6,1,40,22,-0.96,0.05,1,0,345
5230,329,0,0,26,32,-21.94,0.05,1,0,345
5231,27,0,0,10,4,-4.97,0.05,1,0,345
5232,84,1,1,30,10,0.36,0.05,0,0,345
5233,68,1,1,25,9,-1.93,0.05,1,0,345
5234,77,1,1,33,11,-2.27,0.05,1,0,345
5235,20,0,0,10,3,-4.7,0.05,1,0,345
5236,98,1,1,33,12,-0.03,0.05,0,0,345
5237,263,2,2,44,20,-5.98,0.05,1,0,345
5238,54,0,0,21,7,-3.49,0.05,0,0,345
5239,103,0,0,35,13,-0.08,0.05,0,0,345
5240,80,0,0,34,11,1.05,0.05,1,0,345
5241,43,1,1,22,6,0.02,0.05,1,0,345
5242,50,1,1,23,7,-0.8,0.05,1,0,345
5243,27,0,0,10,4,-5.32,0.05,1,0,345
5244,77,1,1,30,9,-0.17,0.05,0,0,345
5245,127,1,1,39,14,1.78,0.05,1,0,345
5246,61,2,2,26,8,-0.06,0.05,1,0,345
5247,69,1,1,23,9,-4.09,0.05,0,0,345
5248,22,0,0,11,3,-4.07,0.05,1,0,345
5249,13,0,0,8,2,-3.33,0.05,1,0,345
5250,225,2,2,31,19,-7.8,0.05,1,0,345
5251,272,2,2,37,27,-19.82,0.05,1,0,345
5252,190,2,2,50,20,-2.75,0.05,1,0,345
5253,94,2,2,30,11,1.26,0.05,0,0,345
5254,44,0,0,15,6,-3.44,0.05,1,0,345
5255,133,0,0,47,15,-0.18,0.05,0,0,345
5256,400,2,2,36,22,-8.05,0.05,0,1,345
5257,69,1,1,30,9,1.11,0.05,1,0,345
5258,21,0,0,9,3,-4.06,0.05,1,0,345
5259,78,1,1,27,10,-2.28,0.05,0,0,345
5260,43,0,0,15,6,-6.43,0.05,1,0,345
5261,161,3,3,45,17,1.79,0.05,1,0,345
5262,98,2,2,35,13,0.62,0.05,1,0,345
5263,400,1,1,41,18,-12.0,0.05,0,1,345
5264,206,1,1,42,21,-1.36,0.05,0,0,345
5265,51,1,1,21,7,0.04,0.05,1,0,345
5266,241,4,4,42,24,-10.86,0.05,1,0,345
5267,142,0,0,46,17,-1.27,0.05,0,0,345
5268,75,2,2,26,10,0.2,0.05,1,0,345
5269,37,1,1,13,5,-3.17,0.05,1,0,345
5270,400,2,2,41,17,-13.1,0.05,0,1,345
5271,133,2,2,49,15,-0.68,0.05,1,0,345
5272,400,1,1,41,42,-26.0,0.05,0,1,345
5273,220,1,1,48,25,-9.3,0.05,1,0,345
5274,245,4,4,50,26,-1.8,0.05,1,0,345
5275,28,1,1,10,4,-5.73,0.05,1,0,345
5276,13,0,0,6,2,-3.48,0.05,1,0,345
5277,24,0,0,12,3,-2.84,0.05,1,0,345
5278,59,1,1,21,8,-4.39,0.05,0,0,345
5279,82,1,1,29,10,1.03,0.05,1,0,345
5280,61,1,1,25,8,-1.51,0.05,1,0,345
5281,29,0,0,13,4,-3.19,0.05,1,0,345
5282,105,1,1,35,13,0.3,0.05,1,0,345
5283,57,1,1,30,8,0.33,0.05,1,0,345
5284,292,8,3,48,26,-2.32,0.05,1,0,345
5285,20,0,0,10,3,-4.05,0.05,1,0,345
5286,36,1,1,14,5,-2.41,0.05,1,0,345
5287,27,0,0,11,4,-3.22,0.05,1,0,345
5288,83,1,1,30,9,-1.38,0.05,1,0,345
5289,156,3,3,42,15,1.74,0.05,0,0,345
5290,36,0,0,16,5,-3.36,0.05,1,0,345
5291,76,0,0,23,9,-2.31,0.05,1,0,345
5292,119,3,3,37,13,1.01,0.05,0,0,345
5293,94,2,2,31,11,0.46,0.05,1,0,345
5294,319,2,2,28,33,-25.09,0.05,1,0,345
5295,152,7,2,50,19,9.33,0.05,1,0,345
5296,51,1,1,25,7,-1.76,0.05,1,0,345
5297,155,1,1,29,17,-6.6,0.05,1,0,345
5298,89,3,3,38,11,3.56,0.05,1,0,345
5299,195,3,3,39,20,-7.35,0.05,1,0,345
5300,400,1,1,32,16,-17.0,0.05,0,1,346
5301,21,1,1,12,3,-2.51,0.05,1,0,346
5302,400,4,4,40,18,-6.25,0.05,0,1,346
5303,400,4,4,40,20,-4.7,0.05,0,1,346
5304,78,5,0,23,10,3.07,0.05,1,0,346
5305,400,5,5,31,17,-8.35,0.05,0,1,346
5306,103,1,1,30,13,-3.23,0.05,1,0,346
5307,39,0,0,19,5,-1.09,0.05,1,0,346
5308,15,0,0,4,2,-5.2,0.05,1,0,346
5309,50,7,2,14,5,2.55,0.05,1,0,346
5310,28,0,0,15,4,-1.98,0.05,1,0,346
5311,400,2,2,36,15,-10.85,0.05,0,1,346
5312,56,0,0,26,8,-0.71,0.05,1,0,346
5313,400,1,1,38,21,-12.45,0.05,0,1,346
5314,24,1,1,10,3,-4.24,0.05,1,0,346
5315,101,1,1,40,12,1.04,0.05,1,0,346
5316,35,0,0,15,5,-4.15,0.05,1,0,346
5317,88,1,1,28,10,-2.23,0.05,0,0,346
5318,37,0,0,13,5,-4.77,0.05,1,0,346
5319,400,1,1,36,14,-15.35,0.05,0,1,346
5320,216,3,3,50,22,-2.46,0.05,1,0,346
5321,400,2,2,33,18,-16.9,0.05,0,1,346
5322,48,0,0,16,6,-6.98,0.05,0,0,346
5323,302,3,3,48,22,-2.92,0.05,1,0,346
5324,55,1,1,21,7,-0.8,0.05,1,0,346
5325,76,3,3,32,10,4.09,0.05,1,0,346
5326,93,1,1,31,11,0.57,0.05,0,0,346
5327,6,0,0,2,1,-4.51,0.05,1,0,346
5328,246,0,0,44,25,-3.51,0.05,1,0,346
5329,29,0,0,16,4,-2.99,0.05,1,0,346
5330,53,2,2,24,7,1.57,0.05,1,0,346
5331,72,0,0,35,9,-0.77,0.05,1,0,346
5332,22,0,0,11,3,-3.07,0.05,1,0,346
5333,13,0,0,9,2,-3.23,0.05,1,0,346
5334,400,3,3,45,21,-7.1,0.05,0,1,346
5335,126,2,2,41,15,2.94,0.05,1,0,346
5336,27,0,0,14,4,-2.82,0.05,1,0,346
5337,108,3,3,36,12,1.12,0.05,1,0,346
5338,400,2,2,36,21,-13.35,0.05,0,1,346
5339,350,2,2,46,20,-6.35,0.05,1,0,346
5340,36,0,0,20,5,-1.06,0.05,1,0,346
5341,243,3,3,42,19,-4.03,0.05,1,0,346
5342,110,7,2,43,13,13.65,0.05,1,0,346
5343,86,2,2,24,10,-1.81,0.05,1,0,346
5344,400,2,2,40,18,-9.9,0.05,0,1,346
5345,75,0,0,27,10,-2.65,0.05,1,0,346
5346,85,2,2,35,11,-1.6,0.05,0,0,346
5347,162,2,2,43,17,2.98,0.05,1,0,346
5348,14,0,0,5,2,-4.84,0.05,1,0,346
5349,45,1,1,18,6,-1.75,0.05,1,0,346
5350,65,1,1,23,9,-4.15,0.05,1,0,346
5351,217,3,3,43,19,1.03,0.05,1,0,346
5352,190,9,4,51,19,6.85,0.05,1,0,346
5353,41,0,0,16,5,-3.26,0.05,1,0,346
5354,65,0,0,22,8,-5.45,0.05,0,0,346
5355,63,0,0,21,9,-4.58,0.05,0,0,346
5356,141,1,1,42,15,3.39,0.05,1,0,346
5357,400,1,1,43,19,-12.45,0.05,0,1,346
5358,66,1,1,31,9,1.99,0.05,1,0,346
5359,75,3,3,29,10,1.8,0.05,0,0,346
5360,5,0,0,4,1,-3.9,0.05,1,0,346
5361,40,0,0,15,5,-2.7,0.05,1,0,346
5362,77,0,0,28,9,-0.47,0.05,1,0,346
5363,97,1,1,31,11,0.53,0.05,1,0,346
5364,27,0,0,12,4,-3.92,0.05,1,0,346
5365,151,1,1,46,18,2.14,0.05,1,0,346
5366,38,0,0,14,5,-3.53,0.05,1,0,346
5367,28,0,0,12,4,-3.88,0.05,1,0,346
5368,90,0,0,32,11,-3.1,0.05,1,0,346
5369,151,0,0,45,18,2.69,0.05,1,0,346
5370,84,2,2,30,10,2.16,0.05,1,0,346
5371,20,0,0,7,3,-4.9,0.05,1,0,346
5372,46,1,1,16,7,-4.31,0.05,0,0,346
5373,52,3,3,18,7,0.18,0.05,1,0,346
5374,44,0,0,15,6,-2.74,0.05,1,0,346
5375,97,1,1,29,12,-2.72,0.05,1,0,346
5376,21,0,0,9,3,-3.96,0.05,1,0,346
5377,40,0,0,18,5,-2.15,0.05,1,0,346
5378,400,3,3,44,22,-11.55,0.05,0,1,346
5379,70,0,0,29,9,-3.15,0.05,1,0,346
5380,79,2,2,18,7,-5.34,0.05,1,0,346
5381,53,0,0,23,7,-3.48,0.05,1,0,346
5382,29,0,0,16,4,-1.64,0.05,1,0,346
5383,92,2,2,29,10,1.28,0.05,1,0,346
5384,87,0,0,29,11,-2.72,0.05,0,0,346
5385,13,0,0,9,2,-3.58,0.05,1,0,346
5386,171,2,2,25,14,-4.96,0.05,0,0,346
5387,27,0,0,13,4,-3.97,0.05,1,0,346
5388,14,0,0,4,2,-5.49,0.05,1,0,346
5389,22,0,0,6,3,-4.72,0.05,1,0,346
5390,20,1,1,9,3,-2.55,0.05,1,0,346
5391,23,0,0,11,3,-3.28,0.05,1,0,346
5392,70,0,0,19,6,-3.4,0.05,0,0,346
5393,39,1,1,19,5,-0.39,0.05,1,0,346
5394,32,0,1,15,4,-1.97,0.05,0,0,346
5395,28,0,0,12,4,-3.43,0.05,1,0,346
5396,400,2,2,38,23,-11.2,0.05,0,1,346
5397,96,1,1,36,11,1.99,0.05,1,0,346
5398,28,1,1,15,4,-2.33,0.05,1,0,346
5399,23,0,0,10,3,-3.88,0.05,1,0,346
5400,24,1,1,10,3,-2.79,0.05,1,0,346
5401,22,0,0,14,3,-1.67,0.05,1,0,346
5402,34,0,0,10,5,-3.69,0.05,1,0,346
5403,22,0,0,9,3,-3.62,0.05,1,0,346
5404,61,0,0,22,6,-2.06,0.05,0,0,346
5405,30,0,0,5,3,-5.05,0.05,1,0,346
5406,27,0,0,11,4,-3.27,0.05,1,0,346
5407,207,1,1,57,24,-1.82,0.05,1,0,346
5408,53,0,0,23,7,-2.78,0.05,1,0,346
5409,35,0,0,18,5,-2.15,0.05,1,0,346
5410,14,0,0,5,2,-4.64,0.05,1,0,346
5411,65,0,0,20,8,-2.2,0.05,1,0,346
5412,70,2,2,24,9,-0.65,0.05,1,0,346
5413,22,0,0,4,3,-6.27,0.05,1,0,346
5414,97,1,1,26,10,-2.47,0.05,1,0,346
5415,191,1,1,38,18,-4.71,0.05,1,0,346
5416,25,0,0,9,3,-4.15,0.05,1,0,346
5417,400,2,2,48,22,-6.55,0.05,0,1,346
5418,187,7,2,47,20,6.58,0.05,1,0,346
5419,57,0,0,30,8,1.58,0.05,1,0,346
5420,85,1,1,26,9,-2.25,0.05,1,0,346
5421,308,3,3,39,32,-14.88,0.05,1,0,346
5422,21,0,0,11,3,-3.46,0.05,1,0,346
5423,77,0,0,31,10,0.13,0.05,1,0,346
5424,21,0,0,9,3,-4.21,0.05,1,0,346
5425,81,1,1,19,8,-3.01,0.05,1,0,346
5426,25,0,0,6,3,-5.15,0.05,1,0,346
5427,127,1,1,45,15,2.88,0.05,1,0,346
5428,20,0,0,6,3,-5.0,0.05,1,0,346
5429,109,5,0,34,13,3.76,0.05,1,0,346
5430,112,5,5,38,14,2.48,0.05,1,0,346
5431,400,0,0,38,15,-9.95,0.05,0,1,346
5432,150,0,0,26,14,-6.05,0.05,1,0,346
5433,14,0,0,7,2,-4.04,0.05,1,0,346
5434,100,1,1,26,13,-2.75,0.05,1,0,346
5435,215,2,2,45,21,-1.85,0.05,0,0,346
5436,14,0,0,6,2,-4.44,0.05,1,0,346
5437,165,2,2,39,17,0.95,0.05,1,0,346
5438,400,4,4,44,17,-6.7,0.05,0,1,346
5439,127,1,1,42,15,-2.22,0.05,1,0,346
5440,29,2,2,10,4,-3.79,0.05,1,0,346
5441,241,3,3,40,22,-6.36,0.05,1,0,346
5442,27,1,1,12,4,-3.32,0.05,1,0,346
5443,127,1,1,46,16,-0.17,0.05,1,0,346
5444,28,0,0,12,4,-2.58,0.05,1,0,346
5445,85,1,1,34,11,0.35,0.05,1,0,346
5446,25,0,0,12,3,-2.25,0.05,1,0,346
5447,64,2,2,26,9,-2.59,0.05,0,0,346
5448,55,1,1,23,7,0.1,0.05,1,0,346
5449,128,1,1,33,10,-4.33,0.05,0,0,346
5450,56,0,0,20,7,-3.26,0.05,1,0,346
5451,77,2,2,28,9,-0.42,0.05,1,0,346
5452,120,3,3,37,12,0.45,0.05,0,0,346
5453,399,0,0,41,42,-30.24,0.05,1,0,346
5454,117,1,1,33,14,0.63,0.05,1,0,346
5455,95,1,1,24,11,-4.15,0.05,1,0,346
5456,82,0,0,13,5,-6.02,0.05,0,0,346
5457,82,0,0,28,10,-4.47,0.05,1,0,346
5458,14,0,0,9,2,-3.09,0.05,1,0,346
5459,171,1,1,40,16,-0.26,0.05,0,0,346
5460,54,0,0,23,7,-1.49,0.05,1,0,346
5461,145,2,2,33,16,1.05,0.05,1,0,346
5462,100,8,3,30,11,5.1,0.05,0,0,346
5463,103,1,1,27,9,-0.93,0.05,1,0,346
5464,13,0,0,8,2,-3.43,0.05,1,0,346
5465,37,1,1,10,3,-2.92,0.05,1,0,346
5466,110,0,0,36,12,1.2,0.05,1,0,346
5467,76,1,1,29,9,1.29,0.05,1,0,346
5468,55,0,0,26,7,-1.15,0.05,1,0,346
5469,71,2,2,24,9,0.69,0.05,1,0,346
5470,400,0,0,43,22,-11.8,0.05,0,1,346
5471,87,0,0,30,11,-2.87,0.05,1,0,346
5472,43,0,0,22,6,-1.28,0.05,1,0,346
5473,23,1,1,12,3,-1.68,0.05,1,0,346
5474,79,0,0,20,6,-3.14,0.05,1,0,346
5475,163,3,3,44,19,3.62,0.05,1,0,346
5476,65,0,0,24,9,-0.75,0.05,1,0,346
5477,15,0,0,8,2,-4.8,0.05,1,0,346
5478,400,3,3,38,19,-9.85,0.05,0,1,346
5479,99,2,2,36,12,3.56,0.05,1,0,346
5480,22,0,0,11,3,-3.02,0.05,1,0,346
5481,27,0,0,10,4,-4.62,0.05,1,0,346
5482,29,0,0,13,4,-4.54,0.05,1,0,346
5483,36,0,0,15,5,-2.56,0.05,1,0,346
5484,400,1,1,43,21,-10.35,0.05,0,1,346
5485,88,2,2,31,11,-0.93,0.05,1,0,346
5486,400,1,1,37,22,-16.85,0.05,0,1,346
5487,52,1,1,25,7,-1.12,0.05,1,0,346
5488,33,0,0,10,4,-5.03,0.05,1,0,346
5489,400,1,1,39,19,-13.75,0.05,0,1,346
5490,50,0,0,13,5,-5.4,0.05,0,0,346
5491,135,1,1,32,14,-1.05,0.05,0,0,346
5492,5,0,0,1,1,-4.8,0.05,1,0,346
5493,111,2,2,36,14,0.59,0.05,1,0,346
5494,76,1,1,34,10,1.39,0.05,1,0,346
5495,20,0,0,8,3,-4.85,0.05,1,0,346
5496,193,7,2,45,18,6.97,0.05,0,0,346
5497,166,3,3,29,17,-2.96,0.05,1,0,346
5498,62,2,2,25,8,1.43,0.05,1,0,346
5499,7,0,0,3,1,-4.27,0.05,1,0,346
5500,73,1,1,28,10,-0.33,0.05,1,0,346
5501,81,2,2,34,10,0.79,0.05,1,0,346
5502,27,0,0,10,4,-3.42,0.05,1,0,346
5503,106,4,4,33,12,2.64,0.05,1,0,346
5504,100,7,2,38,11,9.35,0.05,0,0,346
5505,400,3,3,36,19,-11.45,0.05,0,1,346
5506,6,0,0,3,1,-5.21,0.05,1,0,346
5507,118,0,0,44,15,0.37,0.05,1,0,346
5508,76,1,1,30,10,-4.36,0.05,1,0,346
5509,400,3,3,45,18,-3.2,0.05,0,1,346
5510,93,1,1,32,10,-1.28,0.05,1,0,346
5511,63,2,2,28,8,2.02,0.05,1,0,346
5512,400,1,1,48,22,-8.05,0.05,0,1,346
5513,38,0,0,19,5,-1.78,0.05,1,0,346
5514,20,0,0,9,3,-4.1,0.05,1,0,346
5515,115,4,4,37,12,-0.35,0.05,0,0,346
5516,97,2,2,29,11,-0.42,0.05,1,0,346
5517,187,7,2,53,22,6.13,0.05,1,0,346
5518,272,1,1,36,22,-11.57,0.05,1,0,346
5519,43,1,1,19,6,-1.88,0.05,1,0,346
5520,132,1,1,41,14,-0.82,0.05,1,0,346
5521,58,0,0,23,8,-2.53,0.05,1,0,346
5522,76,1,1,25,10,-2.11,0.05,0,0,346
5523,121,1,1,47,15,1.84,0.05,0,0,346
5524,21,0,0,8,3,-5.11,0.05,1,0,346
5525,45,0,0,18,6,-2.0,0.05,1,0,346
5526,108,1,1,39,12,0.22,0.05,1,0,346
5527,52,1,1,18,7,-2.82,0.05,1,0,346
5528,43,0,0,18,6,-2.93,0.05,1,0,346
5529,89,1,1,31,10,-1.14,0.05,1,0,346
5530,106,1,1,33,13,1.34,0.05,0,0,346
5531,57,0,0,25,8,-2.47,0.05,1,0,346
5532,100,0,0,23,12,-3.65,0.05,1,0,346
5533,67,0,0,32,9,-0.47,0.05,1,0,346
5534,65,2,2,28,8,1.75,0.05,1,0,346
5535,14,0,0,6,2,-4.54,0.05,1,0,346
5536,162,2,2,41,17,-1.52,0.05,1,0,346
5537,56,0,0,17,8,-3.66,0.05,1,0,346
5538,31,0,0,11,5,-5.36,0.05,0,0,346
5539,35,0,0,9,5,-5.55,0.05,1,0,346
5540,189,1,1,32,13,-4.79,0.05,1,0,346
5541,6,0,0,3,1,-4.76,0.05,1,0,346
5542,36,0,0,13,5,-3.81,0.05,1,0,346
5543,71,1,1,28,9,1.19,0.05,1,0,346
5544,87,2,2,29,10,-0.47,0.05,1,0,346
5545,70,0,0,27,9,-4.0,0.05,0,0,346
5546,400,3,3,34,17,-1.8,0.05,0,1,346
5547,143,6,1,38,15,3.92,0.05,1,0,346
5548,149,0,0,38,16,0.31,0.05,1,0,346
5549,129,0,0,44,16,0.61,0.05,1,0,346
5550,78,2,2,36,10,2.22,0.05,1,0,346
5551,20,0,0,11,3,-3.95,0.05,1,0,346
5552,62,2,2,28,8,1.68,0.05,1,0,346
5553,66,0,0,28,8,-0.46,0.05,1,0,346
5554,141,2,2,40,15,1.29,0.05,1,0,346
5555,175,1,1,45,20,-0.2,0.05,0,0,346
5556,156,2,2,30,15,-4.06,0.05,1,0,346
5557,68,1,1,20,7,-2.58,0.05,1,0,346
5558,144,2,2,44,16,0.41,0.05,1,0,346
5559,389,3,3,41,36,-21.19,0.05,1,0,346
5560,66,0,0,24,8,-4.61,0.05,1,0,346
5561,20,0,0,10,3,-3.8,0.05,1,0,346
5562,22,0,0,14,3,-3.27,0.05,1,0,346
5563,66,1,1,18,9,-4.61,0.05,1,0,346
5564,98,2,2,28,11,-2.03,0.05,1,0,346
5565,102,1,1,38,12,0.03,0.05,0,0,346
5566,203,1,1,42,18,-4.08,0.05,1,0,346
5567,16,0,0,5,2,-4.41,0.05,1,0,346
5568,34,0,0,16,4,-2.24,0.05,1,0,346
5569,206,1,1,35,16,-3.31,0.05,1,0,346
5570,35,0,0,15,5,-3.6,0.05,1,0,346
5571,122,1,1,45,15,0.43,0.05,0,0,346
5572,138,4,4,39,14,3.57,0.05,1,0,346
5573,36,0,0,24,5,-1.76,0.05,1,0,346
5574,41,0,0,18,6,-4.41,0.05,1,0,346
5575,71,1,1,23,9,-3.11,0.05,1,0,346
5576,22,0,0,10,3,-2.92,0.05,1,0,346
5577,84,0,0,27,10,-3.04,0.05,1,0,346
5578,27,0,0,11,4,-4.22,0.05,1,0,346
5579,22,0,0,10,3,-4.32,0.05,1,0,346
5580,55,1,1,23,7,-0.4,0.05,1,0,346
5581,21,0,0,11,3,-3.21,0.05,1,0,346
5582,210,0,0,42,21,-2.75,0.05,1,0,346
5583,400,2,2,32,15,-10.2,0.05,0,1,346
5584,27,0,0,11,4,-4.12,0.05,1,0,346
5585,7,0,0,3,1,-4.27,0.05,1,0,346
5586,22,0,0,9,3,-3.87,0.05,1,0,346
5587,52,0,0,20,7,-2.57,0.05,1,0,346
5588,127,3,3,42,13,4.63,0.05,1,0,346
5589,5,0,0,4,1,-4.95,0.05,1,0,346
5590,158,1,1,43,17,0.32,0.05,0,0,346
5591,15,0,0,7,2,-4.0,0.05,1,0,346
5592,35,0,0,15,5,-2.5,0.05,1,0,346
5593,58,1,1,20,8,-3.43,0.05,1,0,346
5594,101,1,1,33,13,-2.16,0.05,1,0,346
5595,62,0,0,27,8,-0.02,0.05,1,0,346
5596,22,0,0,12,3,-3.27,0.05,1,0,346
5597,69,2,2,28,9,0.61,0.05,0,0,346
5598,89,3,3,27,11,1.36,0.05,0,0,347
5599,27,0,0,12,4,-3.97,0.05,1,0,347
5600,77,1,1,30,10,-0.17,0.05,1,0,347
5601,111,1,1,31,12,-3.11,0.05,1,0,347
5602,68,3,3,33,9,3.17,0.05,1,0,347
5603,400,4,4,37,16,-7.8,0.05,0,1,347
5604,223,3,3,50,22,1.02,0.05,1,0,347
5605,21,0,0,11,3,-3.16,0.05,1,0,347
5606,102,1,1,30,12,-3.62,0.05,0,0,347
5607,30,0,0,14,4,-2.3,0.05,1,0,347
5608,239,2,2,45,20,-1.34,0.05,1,0,347
5609,135,0,0,37,16,-3.0,0.05,1,0,347
5610,170,4,4,50,18,7.85,0.05,0,0,347
5611,81,0,0,33,11,-2.41,0.05,0,0,347
5612,105,5,5,38,13,5.6,0.05,1,0,347
5613,96,1,1,24,8,-0.96,0.05,1,0,347
5614,27,1,1,13,4,-3.02,0.05,1,0,347
5615,36,0,0,12,5,-4.61,0.05,1,0,347
5616,21,0,0,10,3,-3.26,0.05,1,0,347
5617,189,0,0,24,11,-5.29,0.05,1,0,347
5618,13,0,0,4,2,-5.13,0.05,1,0,347
5619,100,2,2,40,12,1.5,0.05,0,0,347
5620,93,1,1,30,12,-0.78,0.05,1,0,347
5621,38,1,1,12,5,-3.48,0.05,1,0,347
5622,92,3,3,35,11,4.13,0.05,1,0,347
5623,126,2,2,32,14,0.89,0.05,1,0,347
5624,68,1,1,30,9,-1.23,0.05,1,0,347
5625,400,2,2,42,19,-9.55,0.05,0,1,347
5626,335,2,2,42,33,-11.15,0.05,1,0,347
5627,103,3,3,37,13,1.72,0.05,1,0,347
5628,79,2,2,27,10,-1.09,0.05,1,0,347
5629,32,1,1,14,4,-2.22,0.05,1,0,347
5630,157,8,3,33,14,4.93,0.05,0,0,347
5631,194,1,1,43,18,-1.59,0.05,1,0,347
5632,295,6,1,48,27,-6.3,0.05,1,0,347
5633,191,9,4,40,17,3.39,0.05,1,0,347
5634,400,3,3,48,21,-5.45,0.05,0,1,347
5635,108,3,3,32,12,3.02,0.05,1,0,347
5636,400,4,4,24,11,-10.7,0.05,0,1,347
5637,28,0,0,14,4,-3.28,0.05,1,0,347
5638,70,1,1,29,9,0.65,0.05,1,0,347
5639,195,0,0,35,13,-1.7,0.05,1,0,347
5640,357,0,0,32,19,-19.52,0.05,1,0,347
5641,65,0,0,19,7,-4.0,0.05,0,0,347
5642,147,2,2,34,15,-3.32,0.05,0,0,347
5643,13,0,0,6,2,-4.48,0.05,1,0,347
5644,292,6,1,45,32,-6.02,0.05,1,0,347
5645,400,2,2,32,15,-8.9,0.05,0,1,347
5646,13,0,0,6,2,-3.93,0.05,1,0,347
5647,38,0,0,14,5,-3.03,0.05,1,0,347
5648,32,0,0,11,4,-2.77,0.05,1,0,347
5649,45,0,0,19,6,-1.65,0.05,1,0,347
5650,400,1,1,48,18,-9.65,0.05,0,1,347
5651,20,0,0,11,3,-3.45,0.05,1,0,347
5652,70,0,0,25,9,-3.1,0.05,1,0,347
5653,116,4,4,36,13,4.94,0.05,1,0,347
5654,56,3,3,24,8,1.89,0.05,1,0,347
5655,83,0,0,28,10,-1.18,0.05,1,0,347
5656,31,0,0,12,4,-3.51,0.05,1,0,347
5657,72,0,0,28,9,-2.32,0.05,1,0,347
5658,86,3,3,30,10,2.84,0.05,0,0,347
5659,14,0,0,8,2,-3.74,0.05,1,0,347
5660,102,0,0,28,13,-5.72,0.05,1,0,347
5661,400,1,1,41,19,-10.3,0.05,0,1,347
5662,13,0,0,6,2,-4.48,0.05,1,0,347
5663,286,2,2,54,33,-9.01,0.05,1,0,347
5664,32,1,1,10,4,-2.52,0.05,1,0,347
5665,400,0,0,26,17,-19.85,0.05,0,1,347
5666,76,0,0,29,10,-1.46,0.05,1,0,347
5667,400,2,2,50,18,-6.0,0.05,0,1,347
5668,92,1,1,29,11,0.18,0.05,1,0,347
5669,204,1,1,34,21,-9.19,0.05,1,0,347
5670,65,2,2,28,8,-1.0,0.05,1,0,347
5671,124,1,1,23,11,-5.94,0.05,1,0,347
5672,269,3,3,57,28,-11.74,0.05,1,0,347
5673,5,0,0,4,1,-3.9,0.05,1,0,347
5674,400,3,3,36,31,-21.6,0.05,0,1,347
5675,86,1,1,28,10,0.49,0.05,0,0,347
5676,151,2,2,33,15,-1.26,0.05,0,0,347
5677,400,1,1,26,14,-16.05,0.05,0,1,347
5678,57,2,2,18,6,-1.02,0.05,1,0,347
5679,317,2,2,41,24,-15.52,0.05,1,0,347
5680,221,3,3,41,18,-2.41,0.05,1,0,347
5681,6,0,0,3,1,-5.21,0.05,1,0,347
5682,13,0,0,5,2,-4.68,0.05,1,0,347
5683,200,8,3,34,17,2.3,0.05,1,0,347
5684,85,4,4,29,9,5.4,0.05,1,0,347
5685,15,0,0,5,2,-4.15,0.05,1,0,347
5686,91,5,0,18,6,-0.51,0.05,0,0,347
5687,15,0,0,8,2,-3.9,0.05,1,0,347
5688,65,0,0,26,9,-4.65,0.05,1,0,347
5689,51,0,0,24,7,-1.51,0.05,1,0,347
5690,173,1,1,45,17,3.77,0.05,0,0,347
5691,400,1,1,39,21,-10.8,0.05,0,1,347
5692,189,1,1,40,21,-6.89,0.05,1,0,347
5693,110,3,3,30,12,0.85,0.05,1,0,347
5694,159,4,4,41,17,2.41,0.05,0,0,347
5695,55,2,2,23,8,-2.9,0.05,1,0,347
5696,59,2,2,21,8,-1.39,0.05,1,0,347
5697,96,1,1,32,11,-1.26,0.05,1,0,347
5698,57,1,1,28,8,-1.82,0.05,1,0,347
5699,37,0,0,14,5,-4.37,0.05,1,0,347
5700,400,3,3,48,24,-6.95,0.05,0,1,347
5701,151,3,3,43,17,3.39,0.05,0,0,347
5702,359,8,3,51,36,-3.24,0.05,0,0,347
5703,102,8,3,31,12,3.93,0.05,1,0,347
5704,13,0,0,7,2,-3.63,0.05,1,0,347
5705,13,0,0,5,2,-5.23,0.05,1,0,347
5706,20,0,0,9,3,-4.55,0.05,1,0,347
5707,60,0,0,21,8,-3.6,0.05,1,0,347
5708,400,3,3,47,17,-7.75,0.05,0,1,347
5709,42,0,0,19,6,-3.02,0.05,1,0,347
5710,202,6,1,50,21,10.58,0.05,0,1,347
5711,400,0,0,43,20,-12.9,0.05,0,1,347
5712,75,1,1,37,10,2.9,0.05,1,0,347
5713,27,0,0,9,4,-5.77,0.05,1,0,347
5714,122,8,3,36,14,6.98,0.05,0,0,347
5715,5,0,0,4,1,-4.0,0.05,1,0,347
5716,28,0,0,12,4,-3.33,0.05,1,0,347
5717,87,3,3,35,11,0.93,0.05,1,0,347
5718,400,5,5,49,15,-2.65,0.05,0,1,347
5719,45,1,1,17,6,-4.5,0.05,1,0,347
5720,80,2,2,34,10,3.15,0.05,1,0,347
5721,141,1,1,37,13,1.69,0.05,1,0,347
5722,57,0,0,25,8,-1.97,0.05,1,0,347
5723,161,0,0,45,18,0.59,0.05,1,0,347
5724,46,0,0,20,6,-4.81,0.05,1,0,347
5725,66,2,2,21,8,-2.21,0.05,1,0,347
5726,51,1,1,24,7,-1.31,0.05,1,0,347
5727,98,3,3,31,11,-0.93,0.05,1,0,347
5728,33,0,0,9,5,-6.43,0.05,0,0,347
5729,35,0,0,13,5,-4.25,0.05,1,0,347
5730,27,0,0,12,4,-3.62,0.05,1,0,347
5731,43,1,1,20,6,-0.58,0.05,1,0,347
5732,275,7,2,47,32,-15.1,0.05,1,0,347
5733,14,0,0,8,2,-3.74,0.05,1,0,347
5734,227,2,2,40,26,-10.62,0.05,1,0,347
5735,59,0,0,28,8,-0.54,0.05,1,0,347
5736,5,0,0,3,1,-4.3,0.05,1,0,347
5737,47,1,1,18,6,-1.22,0.05,1,0,347
5738,13,0,0,5,2,-4.28,0.05,1,0,347
5739,64,0,0,29,9,-2.09,0.05,1,0,347
5740,39,1,1,10,4,-4.04,0.05,0,0,347
5741,400,2,2,33,21,-15.65,0.05,0,1,347
5742,54,0,0,23,7,-1.54,0.05,1,0,347
5743,61,1,1,24,8,-1.36,0.05,1,0,347
5744,160,4,4,44,18,2.05,0.05,1,0,347
5745,28,1,1,11,4,-3.98,0.05,1,0,347
5746,41,0,0,15,5,-3.76,0.05,1,0,347
5747,221,3,3,39,19,-0.96,0.05,1,0,347
5748,132,0,0,47,15,0.48,0.05,0,0,347
5749,108,1,1,30,11,-4.73,0.05,1,0,347
5750,22,1,1,11,3,-2.57,0.05,1,0,347
5751,99,0,0,28,11,-5.69,0.05,1,0,347
5752,78,1,1,36,10,2.62,0.05,1,0,347
5753,400,1,1,29,22,-14.45,0.05,0,1,347
5754,66,0,0,24,8,-0.01,0.05,1,0,347
5755,400,0,0,42,31,-22.85,0.05,0,1,347
5756,96,2,2,39,11,2.74,0.05,1,0,347
5757,237,5,5,50,24,-2.07,0.05,1,0,347
5758,85,0,0,33,12,-2.6,0.05,0,0,347
5759,194,1,1,49,19,1.96,0.05,0,0,347
5760,252,1,1,46,23,-9.27,0.05,1,0,347
5761,177,0,0,35,12,-5.42,0.05,1,0,347
5762,400,1,1,39,24,-21.75,0.05,0,1,347
5763,115,2,2,39,13,0.95,0.05,0,0,347
5764,21,0,0,12,3,-3.46,0.05,1,0,347
5765,74,0,0,22,8,-2.09,0.05,1,0,347
5766,66,2,2,20,7,0.44,0.05,0,0,347
5767,299,2,2,34,37,-32.04,0.05,1,0,347
5768,28,0,0,12,4,-3.38,0.05,1,0,347
5769,8,0,0,4,1,-3.83,0.05,1,0,347
5770,199,0,0,40,20,-6.04,0.05,1,0,347
5771,102,3,3,29,11,-1.32,0.05,1,0,347
5772,148,1,1,46,15,-2.33,0.05,0,0,347
5773,91,3,3,29,10,0.94,0.05,1,0,347
5774,66,0,0,29,9,-0.06,0.05,0,0,347
5775,77,2,2,31,10,1.83,0.05,1,0,347
5776,165,1,1,38,19,-6.65,0.05,1,0,347
5777,49,0,0,21,7,-1.99,0.05,1,0,347
5778,218,2,2,48,22,-2.23,0.05,1,0,347
5779,101,1,1,36,11,0.24,0.05,1,0,347
5780,49,2,2,19,6,1.26,0.05,1,0,347
5781,190,4,4,34,18,-2.85,0.05,1,0,347
5782,35,0,0,16,5,-3.0,0.05,1,0,347
5783,205,2,2,36,17,1.1,0.05,0,0,347
5784,72,2,2,26,9,-1.67,0.05,1,0,347
5785,67,2,2,31,9,0.98,0.05,1,0,347
5786,259,0,0,26,15,-10.04,0.05,0,0,347
5787,90,0,0,32,11,0.1,0.05,1,0,347
5788,28,0,0,12,4,-4.88,0.05,1,0,347
5789,90,2,2,33,10,1.25,0.05,0,0,347
5790,93,0,0,35,11,-0.18,0.05,1,0,347
5791,135,4,4,38,15,4.25,0.05,0,0,347
5792,170,3,3,32,15,-2.45,0.05,1,0,347
5793,237,2,2,41,22,-2.77,0.05,1,0,347
5794,400,2,2,46,34,-27.15,0.05,0,1,347
5795,349,2,2,42,37,-18.94,0.05,1,0,347
5796,179,4,4,16,7,-1.39,0.05,1,0,347
5797,43,1,1,16,5,-2.73,0.05,0,0,347
5798,230,8,3,64,23,16.8,0.05,0,1,347
5799,140,1,1,41,14,-1.8,0.05,0,0,347
5800,108,2,2,34,12,1.57,0.05,0,0,347
5801,61,1,1,27,8,-0.31,0.05,1,0,347
5802,99,1,1,28,12,-2.14,0.05,0,0,347
5803,53,1,1,17,7,-5.18,0.05,1,0,347
5804,66,0,0,25,9,-2.21,0.05,1,0,347
5805,69,1,1,29,9,-0.44,0.05,1,0,347
5806,119,2,2,33,12,1.21,0.05,1,0,347
5807,13,0,0,8,2,-3.18,0.05,1,0,347
5808,49,0,0,20,6,-2.24,0.05,1,0,347
5809,64,2,2,30,8,1.71,0.05,0,0,347
5810,20,1,1,9,3,-2.95,0.05,1,0,347
5811,102,1,1,36,11,2.78,0.05,0,0,347
5812,20,1,1,9,3,-4.45,0.05,1,0,347
5813,125,0,0,35,13,-0.95,0.05,0,0,347
5814,29,0,0,14,4,-3.24,0.05,1,0,347
5815,54,3,3,25,7,2.56,0.05,1,0,347
5816,193,0,0,32,15,-10.18,0.05,0,0,347
5817,7,0,0,4,1,-3.97,0.05,1,0,347
5818,60,0,0,18,8,-5.25,0.05,0,0,347
5819,343,2,2,43,27,-17.83,0.05,1,0,347
5820,125,2,2,47,15,5.7,0.05,1,0,347
5821,28,1,1,11,4,-4.53,0.05,1,0,347
5822,222,10,5,44,24,8.23,0.05,1,0,347
5823,400,4,4,38,16,-8.4,0.05,0,1,347
5824,113,1,1,28,12,-1.43,0.05,0,0,347
5825,35,0,0,15,5,-3.65,0.05,1,0,347
5826,143,2,2,39,15,-1.03,0.05,0,0,347
5827,185,3,3,32,17,-3.95,0.05,1,0,347
5828,153,2,2,34,14,-3.53,0.05,0,0,347
5829,106,2,2,33,11,1.94,0.05,1,0,347
5830,128,2,2,43,16,3.92,0.05,1,0,347
5831,8,0,0,3,1,-4.78,0.05,1,0,347
5832,400,1,1,45,19,-7.15,0.05,0,1,347
5833,400,3,3,51,18,-2.45,0.05,0,1,347
5834,100,1,1,25,11,-3.7,0.05,1,0,347
5835,257,0,0,45,19,-4.47,0.05,1,0,347
5836,84,2,2,28,9,-3.04,0.05,0,0,347
5837,400,5,5,49,22,-4.8,0.05,0,1,347
5838,100,0,0,28,12,-3.6,0.05,1,0,347
5839,151,1,1,40,17,-2.16,0.05,0,0,347
5840,13,0,0,8,2,-3.33,0.05,1,0,347
5841,57,0,0,27,8,-0.77,0.05,1,0,347
5842,81,2,2,36,11,2.24,0.05,1,0,347
5843,72,1,1,25,8,-1.82,0.05,0,0,347
5844,176,1,1,33,17,-3.66,0.05,0,0,347
5845,20,0,0,10,3,-3.35,0.05,1,0,347
5846,38,1,1,21,5,0.72,0.05,1,0,347
5847,71,1,1,22,9,-2.21,0.05,1,0,347
5848,28,0,0,11,4,-4.28,0.05,1,0,347
5849,89,3,3,27,10,-0.19,0.05,1,0,347
5850,51,0,0,18,7,-4.66,0.05,1,0,347
5851,400,3,3,39,18,-9.8,0.05,0,1,347
5852,36,1,1,13,5,-4.41,0.05,1,0,347
5853,171,1,1,40,19,-2.71,0.05,1,0,347
5854,22,0,0,13,3,-2.77,0.05,1,0,347
5855,13,0,0,5,2,-4.23,0.05,1,0,347
5856,160,1,1,32,15,-1.65,0.05,1,0,347
5857,400,2,2,47,22,-11.75,0.05,0,1,347
5858,133,2,2,40,15,0.07,0.05,1,0,347
5859,62,2,2,30,8,2.13,0.05,1,0,347
5860,151,5,0,46,16,10.89,0.05,0,1,347
5861,400,4,4,36,17,-6.05,0.05,0,1,347
5862,97,2,2,30,12,0.53,0.05,1,0,347
5863,73,1,1,31,10,0.67,0.05,0,0,347
5864,400,1,1,48,24,-12.95,0.05,0,1,347
5865,400,5,0,43,23,-6.45,0.05,0,1,347
5866,275,1,1,51,24,-5.15,0.05,1,0,347
5867,123,3,3,39,13,0.52,0.05,1,0,347
5868,146,4,4,34,15,2.39,0.05,1,0,347
5869,304,0,0,33,17,-14.14,0.05,1,0,347
5870,119,2,2,32,13,-2.44,0.05,1,0,347
5871,57,0,0,26,8,-0.67,0.05,1,0,347
5872,60,1,1,27,8,1.1,0.05,1,0,347
5873,400,2,2,33,19,-14.55,0.05,0,1,347
5874,20,0,0,10,3,-3.4,0.05,1,0,347
5875,34,0,0,13,4,-4.29,0.05,1,0,347
5876,21,0,0,5,3,-6.36,0.05,1,0,347
5877,86,1,1,31,11,1.54,0.05,1,0,347
5878,116,2,2,37,14,-0.16,0.05,1,0,347
5879,400,3,3,44,21,-7.95,0.05,0,1,347
5880,28,0,0,12,4,-2.98,0.05,1,0,347
5881,65,0,0,27,9,-1.65,0.05,1,0,347
5882,191,2,2,49,19,4.39,0.05,1,0,347
5883,20,0,0,7,3,-5.8,0.05,1,0,347
5884,169,1,1,56,20,4.26,0.05,1,0,347
5885,80,2,2,32,10,1.6,0.05,1,0,347
5886,400,3,3,48,26,-7.35,0.05,0,1,347
5887,163,7,2,41,18,4.22,0.05,1,0,347
5888,50,0,0,22,7,-1.5,0.05,1,0,347
5889,129,2,2,33,14,-0.79,0.05,1,0,347
5890,41,0,0,13,6,-5.51,0.05,1,0,347
5891,141,1,1,28,12,-6.21,0.05,0,0,347
5892,43,0,0,15,6,-4.83,0.05,1,0,347
5893,127,2,2,39,13,2.53,0.05,0,0,347
5894,142,3,3,43,14,3.78,0.05,0,0,347
5895,66,1,1,28,8,-0.46,0.05,1,0,347
5896,52,0,0,25,7,-0.37,0.05,1,0,347
5897,87,1,1,39,11,1.13,0.05,1,0,347
5898,400,1,1,55,23,-7.4,0.05,0,1,347
5899,245,1,1,49,26,-3.3,0.05,1,0,347
5900,20,0,0,9,3,-4.15,0.05,1,0,347
5901,82,0,0,38,10,1.78,0.05,1,0,347
5902,68,2,2,26,9,0.97,0.05,1,0,347
5903,163,8,3,45,17,5.57,0.05,1,0,347
5904,29,0,0,14,4,-1.79,0.05,1,0,347
5905,99,1,1,30,11,-0.54,0.05,1,0,347
5906,58,0,0,19,8,-3.48,0.05,1,0,347
5907,400,2,2,60,25,-2.0,0.05,0,1,347
5908,63,0,0,28,8,0.42,0.05,1,0,347
5909,13,0,0,5,2,-4.23,0.05,1,0,347
5910,94,4,4,30,12,1.91,0.05,1,0,347
5911,108,1,1,32,14,0.42,0.05,1,0,347
5912,400,2,2,51,20,-5.5,0.05,0,1,347
5913,400,3,3,37,17,-5.85,0.05,0,1,347
5914,59,0,0,25,8,-0.59,0.05,1,0,347
5915,13,0,0,3,2,-5.68,0.05,1,0,347
5916,81,1,1,27,10,-0.86,0.05,1,0,347
5917,57,1,1,35,8,2.53,0.05,1,0,347
5918,98,3,3,33,11,2.57,0.05,0,0,347
5919,36,0,0,11,5,-6.26,0.05,1,0,347
5920,52,0,0,24,7,-1.67,0.05,1,0,347
5921,400,1,1,38,17,-11.25,0.05,0,1,347
5922,64,0,0,29,8,-1.84,0.05,1,0,347
5923,28,0,0,14,4,-2.43,0.05,1,0,347
5924,29,1,1,13,4,-2.59,0.05,1,0,347
5925,28,0,0,8,3,-4.58,0.05,1,0,347
5926,20,0,0,7,3,-5.25,0.05,1,0,347
5927,81,1,1,37,11,-1.16,0.05,1,0,347
5928,82,1,1,24,10,-0.02,0.05,1,0,347
5929,62,0,0,24,8,-2.42,0.05,1,0,347
5930,104,1,1,30,10,0.81,0.05,1,0,347
5931,157,8,3,36,15,6.53,0.05,1,0,347
5932,400,8,3,41,18,-5.55,0.05,0,1,347
5933,400,3,3,37,21,-13.65,0.05,0,1,347
5934,106,1,1,39,11,3.04,0.05,1,0,347
5935,7,0,0,3,1,-4.27,0.05,1,0,347
5936,163,1,1,37,17,-0.93,0.05,1,0,347
5937,21,0,0,8,3,-4.51,0.05,1,0,347
5938,7,0,0,3,1,-4.27,0.05,1,0,347
5939,216,5,5,46,21,-0.21,0.05,0,0,347
5940,155,4,4,34,15,0.15,0.05,1,0,347
5941,250,1,1,41,31,-18.4,0.05,1,0,347
5942,218,1,1,49,20,-3.03,0.05,1,0,347
5943,50,0,0,17,7,-3.7,0.05,1,0,347
5944,400,0,0,49,24,-15.95,0.05,0,1,347
5945,91,1,1,22,11,-5.16,0.05,1,0,347
5946,131,1,1,40,15,0.89,0.05,0,0,347
5947,36,1,1,13,5,-3.61,0.05,1,0,347
5948,74,1,1,31,10,-0.29,0.05,1,0,347
5949,28,0,0,14,4,-2.28,0.05,1,0,347
5950,14,0,0,7,2,-3.09,0.05,1,0,347
5951,34,0,0,13,5,-4.24,0.05,0,0,347
5952,400,3,3,41,22,-8.95,0.05,0,1,347
5953,6,0,0,2,1,-5.96,0.05,1,0,347
5954,221,1,1,36,22,-6.71,0.05,1,0,347
5955,400,1,1,40,17,-11.65,0.05,0,1,347
5956,27,0,0,11,4,-5.12,0.05,1,0,347
5957,205,1,1,36,22,-3.8,0.05,1,0,347
5958,252,5,5,42,27,-3.82,0.05,1,0,347
5959,103,1,1,28,13,-2.48,0.05,1,0,347
5960,66,1,1,22,7,-0.21,0.05,1,0,347
5961,210,3,3,37,19,-2.0,0.05,1,0,347
5962,400,2,2,41,22,-5.6,0.05,0,1,347
5963,52,1,1,24,7,-1.22,0.05,1,0,347
5964,127,3,3,45,15,6.68,0.05,1,0,347
5965,141,2,2,44,15,1.79,0.05,1,0,347
5966,53,0,0,17,7,-3.93,0.05,1,0,347
5967,400,4,4,39,17,-7.7,0.05,0,1,347
5968,68,2,2,26,9,0.32,0.05,1,0,347
5969,53,2,2,21,6,1.72,0.05,1,0,347
5970,400,1,1,41,17,-8.35,0.05,0,1,347
5971,73,2,2,27,9,-2.38,0.05,0,0,347
5972,400,6,1,44,17,1.25,0.05,0,1,347
5973,28,1,1,8,4,-4.93,0.05,1,0,347
5974,59,0,0,29,8,-0.94,0.05,1,0,347
5975,98,1,1,34,11,-3.43,0.05,1,0,347
5976,93,1,1,31,12,0.57,0.05,1,0,347
5977,84,0,0,32,10,0.86,0.05,1,0,347
5978,53,0,0,25,7,-1.73,0.05,1,0,347
5979,164,4,4,47,19,4.16,0.05,1,0,347
5980,52,1,1,21,7,-2.37,0.05,1,0,347
5981,60,1,1,25,9,-3.2,0.05,0,0,347
5982,20,0,0,10,3,-4.7,0.05,1,0,347
5983,58,2,2,23,8,0.47,0.05,1,0,347
5984,37,1,1,14,5,-2.92,0.05,1,0,347
5985,75,3,3,31,10,1.9,0.05,1,0,347
5986,29,0,0,15,4,-2.39,0.05,1,0,347
5987,100,8,3,35,12,6.7,0.05,1,0,347
5988,21,0,0,9,3,-3.41,0.05,1,0,347
5989,263,3,3,36,19,-3.43,0.05,1,0,347
5990,37,0,0,16,5,-3.02,0.05,1,0,347
5991,238,0,0,48,25,-4.88,0.05,1,0,347
5992,14,0,0,5,2,-4.84,0.05,1,0,347
5993,43,0,0,17,6,-4.08,0.05,1,0,347
5994,13,0,0,5,2,-4.23,0.05,1,0,347
5995,7,0,0,3,1,-4.27,0.05,1,0,347
5996,57,1,1,27,7,0.78,0.05,1,0,347
5997,400,1,1,39,17,-13.45,0.05,0,1,347
5998,72,1,1,32,10,0.03,0.05,1,0,347
5999,152,2,2,38,15,0.38,0.05,1,0,347
6000,400,2,2,52,19,-6.35,0.05,0,1,347
