round,steps,score,coins,crates,bombs,invalid,killed_self,got_killed,survived,epsilon,mean_abs_td,total_reward
1,14,0,0,4,2,3,1,1,0,0.25,0.30744,5.313
2,13,0,0,4,2,1,1,1,0,0.2499,2.30499,-10.988
3,14,0,0,3,2,0,1,1,0,0.2498,0.26491,6.076
4,6,0,0,3,1,2,1,1,0,0.2497,0.58902,-4.482
5,21,0,0,7,3,2,1,1,0,0.2496,0.67883,16.075
6,20,0,0,4,3,2,1,1,0,0.2495,0.43661,-13.405
7,7,0,0,3,1,0,1,1,0,0.2494,0.30081,-4.125
8,22,1,1,5,2,4,1,1,0,0.2493,1.03867,20.468
9,21,0,0,5,3,4,1,1,0,0.2492,0.94806,10.471
10,14,0,0,4,2,1,1,1,0,0.2491,0.38176,7.301
11,20,0,0,5,3,1,1,1,0,0.249,0.75153,-21.394
12,18,1,1,6,2,5,1,1,0,0.2489,0.81229,14.423
13,7,0,0,3,1,1,1,1,0,0.2488,1.56146,-18.264
14,20,0,0,9,3,3,1,1,0,0.2487,0.86124,-22.123
15,67,0,0,18,8,12,1,1,0,0.2486,0.6955,59.957
16,20,0,0,6,3,4,1,1,0,0.2485,1.61197,-11.658
17,14,0,0,4,2,4,1,1,0,0.2484,1.27955,-1.601
18,59,2,2,25,6,6,1,1,0,0.2483,0.4062,79.912
19,20,0,0,4,3,2,1,1,0,0.2482,0.5314,-12.983
20,5,0,0,2,1,1,1,1,0,0.2481,3.50067,-37.337
21,13,0,0,4,2,4,1,1,0,0.248,1.56435,-0.524
22,16,1,1,5,2,3,1,1,0,0.2479,1.32651,-27.681
23,40,0,0,11,5,6,1,1,0,0.2478,0.62248,35.042
24,41,0,0,12,5,5,1,1,0,0.2477,0.48115,1.819
25,21,0,0,4,3,7,1,1,0,0.2476,0.93864,7.612
26,16,1,1,6,2,5,1,1,0,0.2475,0.43673,10.202
27,14,0,0,3,2,3,1,1,0,0.2474,0.94112,4.322
28,62,0,0,12,7,7,1,1,0,0.2473,0.51269,64.397
29,5,0,0,2,1,3,1,1,0,0.2472,3.43507,-10.848
30,46,0,0,12,6,3,1,1,0,0.2471,0.4207,51.201
31,6,0,0,3,1,1,1,1,0,0.247,2.2257,-18.941
32,22,0,0,4,3,5,1,1,0,0.2469,1.4727,-1.145
33,66,3,3,20,8,3,1,1,0,0.2468,0.30904,88.03
34,5,0,0,1,1,1,1,1,0,0.2467,1.94416,-7.163
35,13,0,0,5,2,1,1,1,0,0.2466,0.45349,4.609
36,20,0,0,6,3,2,1,1,0,0.2465,0.92648,10.905
37,59,2,2,10,7,4,1,1,0,0.2464,0.49617,69.29
38,6,0,0,3,1,1,1,1,0,0.2463,0.33255,-4.956
39,91,2,2,25,9,7,1,1,0,0.2462,0.38235,91.789
40,5,0,0,2,1,2,1,1,0,0.2461,3.17504,-27.313
41,13,0,0,5,2,4,1,1,0,0.246,2.07517,-10.38
42,13,0,0,3,2,3,1,1,0,0.2459,0.51827,-10.572
43,21,1,1,7,2,2,1,1,0,0.2458,0.42115,7.355
44,7,0,0,3,1,3,1,1,0,0.2457,1.52077,-5.055
45,14,0,0,8,2,2,1,1,0,0.2456,0.47769,7.861
46,30,0,0,7,4,4,1,1,0,0.2455,0.31754,26.902
47,7,0,0,3,1,0,1,1,0,0.2454,0.23864,-3.22
48,34,0,0,8,5,3,1,1,0,0.2453,0.77496,24.584
49,6,0,0,1,1,1,1,1,0,0.2452,1.71399,-6.165
50,5,0,0,2,1,0,1,1,0,0.2451,0.31272,-6.659
51,35,0,0,6,5,2,1,1,0,0.245,0.73105,27.601
52,9,0,0,3,1,1,1,1,0,0.2449,0.20259,-2.12
53,6,0,0,3,1,0,1,1,0,0.2448,2.04586,-4.91
54,28,0,0,8,4,4,1,1,0,0.2447,0.82455,22.329
55,13,0,0,4,2,3,1,1,0,0.2446,1.25302,-1.404
56,13,0,0,4,2,5,1,1,0,0.2445,1.41243,-32.579
57,13,0,0,5,2,2,1,1,0,0.2444,2.19124,-8.66
58,25,1,1,6,3,6,1,1,0,0.2443,0.99711,-16.386
59,14,0,0,3,2,5,1,1,0,0.2442,2.02049,-10.057
60,13,0,0,3,2,2,1,1,0,0.2441,0.28129,3.909
61,5,0,0,3,1,1,1,1,0,0.244,1.25635,-53.957
62,6,0,0,2,1,3,1,1,0,0.2439,1.20829,-6.633
63,8,0,0,2,1,3,1,1,0,0.2438,0.16853,-4.445
64,24,0,0,7,3,5,1,1,0,0.2437,0.38801,16.983
65,39,2,2,16,4,7,1,1,0,0.2436,0.66758,46.442
66,21,0,0,10,3,3,1,1,0,0.2435,0.28455,19.363
67,19,1,1,5,2,1,1,1,0,0.2434,0.1742,17.802
68,20,0,0,6,3,4,1,1,0,0.2433,0.93706,6.835
69,14,0,0,3,2,4,1,1,0,0.2432,2.09856,-9.514
70,13,0,0,3,2,3,1,1,0,0.2431,1.36725,-23.314
71,25,1,1,7,3,3,1,1,0,0.243,0.17315,23.745
72,28,1,1,9,3,9,1,1,0,0.2429,0.22478,22.128
73,6,0,0,3,1,0,1,1,0,0.2428,0.22645,-4.428
74,5,0,0,2,1,1,1,1,0,0.2427,0.98665,-19.893
75,13,0,0,2,2,0,1,1,0,0.2426,1.86691,-10.027
76,13,0,0,3,2,2,1,1,0,0.2425,0.38048,-10.701
77,5,0,0,3,1,0,1,1,0,0.2424,3.67742,-10.055
78,13,0,0,4,2,1,1,1,0,0.2423,1.86387,-8.045
79,29,0,0,8,4,6,1,1,0,0.2422,0.93276,11.052
80,69,2,2,16,8,8,1,1,0,0.2421,0.39953,89.501
81,14,0,0,4,2,2,1,1,0,0.242,0.27427,3.765
82,13,0,0,3,2,2,1,1,0,0.2419,1.78179,-8.42
83,6,0,0,3,1,1,1,1,0,0.2418,0.23503,-4.888
84,7,0,0,2,1,4,1,1,0,0.2417,1.56862,-19.743
85,14,0,0,4,2,2,1,1,0,0.2416,0.2008,4.928
86,7,0,0,3,1,0,1,1,0,0.2415,0.22455,-3.002
87,15,0,0,5,2,4,1,1,0,0.2414,1.21782,1.857
88,21,0,0,8,3,1,1,1,0,0.2413,1.04629,14.627
89,51,1,1,10,6,3,0,1,0,0.2412,0.51935,64.392
90,20,0,0,4,3,2,1,1,0,0.2411,0.293,15.065
91,86,3,3,21,9,5,1,1,0,0.241,0.31471,90.949
92,22,0,0,9,3,3,1,1,0,0.2409,0.99697,14.109
93,17,0,0,5,2,2,1,1,0,0.2408,0.37993,8.954
94,31,1,1,8,4,2,1,1,0,0.2407,0.43261,34.091
95,30,0,0,6,4,7,1,1,0,0.2406,1.23242,10.262
96,86,2,2,21,10,4,1,1,0,0.2405,0.27459,116.704
97,14,0,0,4,2,1,1,1,0,0.2404,0.28593,5.093
98,14,0,0,3,2,2,1,1,0,0.2403,0.97523,-21.755
99,13,0,0,3,2,3,1,1,0,0.2402,0.50338,-9.754
100,14,0,0,5,2,0,1,1,0,0.2401,0.1672,7.322
101,121,1,1,23,14,12,1,1,0,0.24,0.45004,140.349
102,42,0,0,11,6,5,1,1,0,0.2399,0.54166,12.822
103,20,1,1,7,2,5,1,1,0,0.2398,0.27704,16.64
104,14,0,0,6,2,4,1,1,0,0.2397,0.26243,6.563
105,12,0,0,4,2,0,1,1,0,0.2396,1.14755,-34.866
106,37,0,0,11,5,3,1,1,0,0.2395,0.34156,38.539
107,33,1,1,7,4,3,1,1,0,0.2394,0.2901,38.329
108,15,0,0,5,2,2,1,1,0,0.2393,0.23455,7.314
109,6,0,0,3,1,1,1,1,0,0.2392,0.25106,-4.842
110,26,1,1,7,3,2,1,1,0,0.2391,0.4262,2.051
111,15,0,0,4,2,1,1,1,0,0.239,0.21238,7.679
112,36,1,1,10,5,2,1,1,0,0.2389,0.85677,25.886
113,40,1,1,15,5,1,1,1,0,0.2388,0.29026,46.459
114,6,0,0,3,1,1,1,1,0,0.2387,0.27736,-4.759
115,18,1,1,8,2,2,1,1,0,0.2386,0.8996,-21.552
116,26,1,1,12,3,5,1,1,0,0.2385,0.22895,31.056
117,6,0,0,3,1,1,1,1,0,0.2384,0.22119,-4.716
118,78,1,1,22,9,6,1,1,0,0.2383,0.27979,98.344
119,17,1,1,5,2,2,1,1,0,0.2382,0.17645,14.002
120,20,0,0,8,3,5,1,1,0,0.2381,0.81806,4.064
121,20,1,1,6,3,4,1,1,0,0.238,0.87293,1.293
122,13,0,0,3,2,1,1,1,0,0.2379,1.08719,-11.136
123,6,0,0,2,1,2,1,1,0,0.2378,1.78668,-19.733
124,14,0,0,3,2,4,1,1,0,0.2377,0.44233,4.905
125,6,0,0,2,1,2,1,1,0,0.2376,2.31243,-19.728
126,46,3,3,13,4,5,1,1,0,0.2375,0.33485,67.082
127,6,0,0,1,1,1,1,1,0,0.2374,0.36988,-4.946
128,66,0,0,14,7,6,0,1,0,0.2373,0.36117,79.037
129,13,0,0,4,2,1,1,1,0,0.2372,0.51355,5.67
130,16,0,0,3,2,1,1,1,0,0.2371,0.9855,-17.212
131,76,0,0,17,10,3,1,1,0,0.237,0.2957,93.1
132,12,0,0,5,2,3,1,1,0,0.2369,1.17743,-36.792
133,13,0,0,4,2,3,1,1,0,0.2368,0.28415,-10.481
134,15,0,0,7,2,2,1,1,0,0.2367,0.58614,6.714
135,5,0,0,3,1,2,1,1,0,0.2366,3.23463,-12.252
136,5,0,0,4,1,1,1,1,0,0.2365,1.26678,-53.611
137,21,0,0,5,3,1,1,1,0,0.2364,0.2817,16.65
138,22,0,0,8,3,3,1,1,0,0.2363,0.80233,8.463
139,42,0,0,9,6,4,1,1,0,0.2362,0.58346,22.5
140,6,0,0,2,1,1,1,1,0,0.2361,0.21883,-5.189
141,7,0,0,3,1,1,1,1,0,0.236,0.34242,-2.972
142,20,0,0,5,3,4,1,1,0,0.2359,0.96285,3.371
143,86,1,1,21,10,11,1,1,0,0.2358,0.62211,98.255
144,13,0,0,5,2,1,1,1,0,0.2357,0.23882,5.405
145,29,0,0,8,4,4,1,1,0,0.2356,0.49233,21.323
146,13,0,0,4,2,2,1,1,0,0.2355,1.71622,-7.911
147,15,0,0,5,2,2,1,1,0,0.2354,0.4678,-25.76
148,6,0,0,1,1,1,1,1,0,0.2353,0.26377,-5.768
149,5,0,0,2,1,1,1,1,0,0.2352,1.61162,-45.407
150,45,0,0,7,6,6,1,1,0,0.2351,0.6866,35.547
151,13,0,0,6,2,4,1,1,0,0.235,0.3078,5.682
152,20,0,0,6,3,1,1,1,0,0.2349,0.76089,17.742
153,14,0,0,4,2,2,1,1,0,0.2348,0.25882,6.249
154,23,0,0,8,3,4,1,1,0,0.2347,0.65661,-21.017
155,5,0,0,4,1,2,1,1,0,0.2346,3.51135,-28.299
156,5,0,0,2,1,1,1,1,0,0.2345,3.3245,-37.84
157,6,0,0,2,1,0,1,1,0,0.2344,0.22415,-5.813
158,24,0,0,7,3,3,1,1,0,0.2343,0.72537,13.016
159,41,1,1,7,4,7,1,1,0,0.2342,0.51554,42.857
160,30,0,0,10,4,4,1,1,0,0.2341,0.25657,30.997
161,6,0,0,3,1,2,1,1,0,0.234,0.32665,-4.623
162,18,1,1,9,2,3,1,1,0,0.2339,0.93734,-21.743
163,5,0,0,3,1,0,1,1,0,0.2338,2.32946,-11.829
164,37,1,1,8,4,6,1,1,0,0.2337,1.12769,19.35
165,20,0,0,4,3,4,1,1,0,0.2336,0.90583,7.329
166,14,0,0,5,2,5,1,1,0,0.2335,0.67697,-33.425
167,13,0,0,3,2,1,1,1,0,0.2334,0.44999,-8.533
168,33,1,1,10,4,6,1,1,0,0.2333,0.5209,2.462
169,6,0,0,3,1,2,1,1,0,0.2332,0.38342,-4.402
170,14,0,0,5,2,1,1,1,0,0.2331,0.39926,-8.484
171,20,0,0,4,3,3,1,1,0,0.233,1.07514,2.354
172,66,1,1,12,8,5,1,1,0,0.2329,0.33751,80.017
173,51,1,1,10,6,6,1,1,0,0.2328,0.23514,58.8
174,8,0,0,3,1,2,1,1,0,0.2327,0.36086,-2.732
175,6,0,0,1,1,0,1,1,0,0.2326,0.29148,-5.539
176,21,0,0,9,3,3,1,1,0,0.2325,0.79551,7.56
177,13,0,0,4,2,1,1,1,0,0.2324,0.24876,5.762
178,14,0,0,6,2,3,1,1,0,0.2323,1.35258,2.711
179,16,0,0,5,2,8,1,1,0,0.2322,1.16715,-2.944
180,20,0,0,6,3,3,1,1,0,0.2321,1.38073,-2.566
181,13,0,0,4,2,1,1,1,0,0.232,1.05262,-0.949
182,13,0,0,3,2,3,1,1,0,0.2319,1.48622,-9.966
183,6,0,0,3,1,3,1,1,0,0.2318,0.42797,-5.068
184,47,0,0,8,6,4,1,1,0,0.2317,0.23704,49.317
185,13,0,0,4,2,3,1,1,0,0.2316,1.25291,-6.947
186,48,0,0,16,6,7,1,1,0,0.2315,0.5412,18.883
187,28,1,1,11,3,0,1,1,0,0.2314,0.51286,35.454
188,50,0,0,12,6,6,1,1,0,0.2313,0.26895,54.971
189,13,0,0,1,2,3,1,1,0,0.2312,1.397,-6.927
190,13,0,0,4,2,2,1,1,0,0.2311,0.29523,-8.563
191,7,0,0,2,1,2,1,1,0,0.231,0.22902,-5.014
192,13,0,0,2,2,3,1,1,0,0.2309,1.29718,-7.196
193,56,1,1,14,7,6,1,1,0,0.2308,0.20241,64.908
194,15,0,0,4,2,3,1,1,0,0.2307,0.19453,5.077
195,81,1,1,25,9,10,1,1,0,0.2306,0.40887,98.814
196,20,0,0,5,3,4,1,1,0,0.2305,1.37973,-3.133
197,28,0,0,6,4,2,1,1,0,0.2304,0.23693,26.177
198,7,0,0,2,1,4,1,1,0,0.2303,1.11985,-5.682
199,23,0,0,9,3,6,1,1,0,0.2302,0.85404,1.936
200,23,0,0,6,3,2,1,1,0,0.2301,0.28188,19.252
201,16,0,0,4,2,2,1,1,0,0.23,0.37766,-6.651
202,5,0,0,4,1,2,1,1,0,0.2299,3.26269,-27.286
203,5,0,0,3,1,2,1,1,0,0.2298,3.29502,-28.362
204,20,0,0,5,3,0,1,1,0,0.2297,0.7123,1.356
205,6,0,0,1,1,1,1,1,0,0.2296,0.42153,-5.006
206,21,0,0,5,3,4,1,1,0,0.2295,0.49077,14.405
207,6,0,0,2,1,1,1,1,0,0.2294,0.2043,-5.34
208,5,0,0,3,1,3,1,1,0,0.2293,2.67563,-13.945
209,5,0,0,2,1,0,1,1,0,0.2292,1.97507,-13.481
210,63,1,1,20,7,7,1,1,0,0.2291,0.36377,38.901
211,13,0,0,4,2,2,1,1,0,0.229,0.68596,-34.565
212,21,0,0,3,3,1,1,1,0,0.2289,0.26437,15.459
213,13,0,0,5,2,4,1,1,0,0.2288,1.36697,-8.27
214,6,0,0,2,1,1,1,1,0,0.2287,0.23063,-5.345
215,14,0,0,5,2,5,1,1,0,0.2286,1.38016,-2.304
216,22,0,0,6,3,0,1,1,0,0.2285,0.28623,18.369
217,14,0,0,6,2,3,1,1,0,0.2284,0.22177,7.813
218,50,1,1,12,7,5,1,1,0,0.2283,0.26353,59.798
219,133,2,2,24,11,15,1,1,0,0.2282,0.37648,191.809
220,5,0,0,3,1,1,1,1,0,0.2281,1.30028,-44.957
221,40,2,2,9,4,4,1,1,0,0.228,0.17559,45.621
222,30,0,0,5,4,5,1,1,0,0.2279,0.36502,25.82
223,20,0,0,6,3,3,1,1,0,0.2278,1.52755,-1.135
224,13,0,0,4,2,3,1,1,0,0.2277,0.38949,-10.962
225,14,0,0,5,2,1,1,1,0,0.2276,0.21503,6.688
226,28,1,1,7,3,0,1,1,0,0.2275,0.38754,27.663
227,5,0,0,3,1,2,1,1,0,0.2274,3.09321,-30.149
228,13,0,0,3,2,2,1,1,0,0.2273,1.31738,-7.329
229,7,0,0,1,1,2,1,1,0,0.2272,0.29371,-4.503
230,28,0,0,4,4,1,1,1,0,0.2271,0.27705,24.738
231,13,0,0,3,2,3,1,1,0,0.227,1.28084,-8.195
232,5,0,0,2,1,3,1,1,0,0.2269,4.51805,-28.529
233,22,0,0,6,3,1,1,1,0,0.2268,0.29992,16.807
234,13,0,0,5,2,3,1,1,0,0.2267,1.27353,-6.411
235,6,0,0,3,1,2,1,1,0,0.2266,0.32395,-4.77
236,20,0,0,6,3,3,1,1,0,0.2265,0.52619,15.043
237,21,1,1,6,2,0,1,1,0,0.2264,0.18031,23.903
238,64,0,0,16,7,6,1,1,0,0.2263,0.32358,71.703
239,15,0,0,5,2,4,1,1,0,0.2262,1.10297,-6.474
240,36,0,0,8,5,5,1,1,0,0.2261,0.2951,23.207
241,7,0,0,3,1,1,1,1,0,0.226,0.231,-3.982
242,7,0,0,3,1,0,1,1,0,0.2259,0.20395,-2.527
243,17,1,1,4,2,2,1,1,0,0.2258,0.71215,0.149
244,21,0,0,3,3,0,1,1,0,0.2257,0.31531,16.762
245,5,0,0,2,1,2,1,1,0,0.2256,3.35075,-15.201
246,21,0,0,6,3,2,1,1,0,0.2255,0.23419,16.741
247,20,0,0,5,3,1,1,1,0,0.2254,1.17312,-1.012
248,13,0,0,5,2,2,1,1,0,0.2253,0.41839,-8.001
249,6,0,0,3,1,1,1,1,0,0.2252,0.23575,-4.873
250,36,2,2,10,4,2,1,1,0,0.2251,0.18116,44.935
251,29,0,0,10,4,4,1,1,0,0.225,0.27892,26.528
252,21,0,0,8,3,1,1,1,0,0.2249,0.55306,-21.531
253,6,0,0,2,1,3,1,1,0,0.2248,1.80827,-19.857
254,16,0,0,4,2,3,1,1,0,0.2247,0.22718,7.034
255,23,0,0,9,3,4,1,1,0,0.2246,0.73941,14.438
256,9,0,0,2,1,1,1,1,0,0.2245,0.16762,-1.78
257,28,0,0,6,4,3,1,1,0,0.2244,0.28273,12.265
258,43,2,2,9,5,5,1,1,0,0.2243,0.52673,43.259
259,5,0,0,3,1,1,1,1,0,0.2242,1.13621,-53.383
260,53,0,0,9,7,5,1,1,0,0.2241,0.27233,57.19
261,70,2,2,15,8,9,0,1,0,0.224,0.3856,94.7
262,13,0,0,3,2,3,1,1,0,0.2239,1.32953,-7.151
263,57,0,0,12,7,3,1,1,0,0.2238,0.21487,64.94
264,20,0,0,6,3,3,1,1,0,0.2237,0.81599,8.784
265,6,0,0,2,1,1,1,1,0,0.2236,0.21314,-5.018
266,32,1,1,9,4,4,1,1,0,0.2235,0.23048,35.082
267,7,0,0,2,1,1,1,1,0,0.2234,0.28537,-4.457
268,83,0,0,23,11,11,1,1,0,0.2233,0.53502,94.939
269,20,0,0,5,3,1,1,1,0,0.2232,1.17229,-1.195
270,51,1,1,15,6,4,1,1,0,0.2231,0.45058,45.404
271,13,0,0,5,2,0,1,1,0,0.223,1.23042,-1.807
272,13,0,0,4,2,3,1,1,0,0.2229,1.11266,-7.686
273,187,3,3,34,18,16,1,1,0,0.2228,0.27971,245.905
274,21,0,0,7,3,2,1,1,0,0.2227,1.01199,0.112
275,21,0,0,7,3,5,1,1,0,0.2226,0.76619,3.352
276,6,0,0,3,1,1,1,1,0,0.2225,0.26464,-4.461
277,36,1,1,8,4,6,1,1,0,0.2224,0.31277,39.526
278,27,0,0,6,4,1,1,1,0,0.2223,0.32,12.321
279,23,0,0,8,3,2,1,1,0,0.2222,0.29278,18.029
280,6,0,0,1,1,1,1,1,0,0.2221,0.30047,-5.641
281,56,1,1,16,7,5,1,1,0,0.222,0.38341,34.61
282,41,1,1,11,5,5,1,1,0,0.2219,0.50162,36.942
283,68,2,2,23,8,9,1,1,0,0.2218,0.44721,78.621
284,23,0,0,5,3,4,1,1,0,0.2217,0.86317,3.69
285,45,1,1,11,5,5,1,1,0,0.2216,0.30345,48.071
286,19,0,0,5,3,3,1,1,0,0.2215,0.4819,13.232
287,5,0,0,4,1,1,1,1,0,0.2214,1.23996,-52.677
288,14,0,0,5,2,3,1,1,0,0.2213,0.61503,-32.202
289,5,0,0,1,1,3,1,1,0,0.2212,2.70376,-16.103
290,34,1,1,6,4,3,1,1,0,0.2211,0.24935,39.699
291,5,0,0,0,1,0,1,1,0,0.221,0.40632,-6.565
292,48,1,1,16,6,7,1,1,0,0.2209,0.3291,58.764
293,7,0,0,2,1,0,1,1,0,0.2208,0.20215,-3.446
294,5,0,0,3,1,2,1,1,0,0.2207,0.5951,-5.649
295,14,0,0,3,2,3,1,1,0,0.2206,0.35017,-7.983
296,13,0,0,5,2,4,1,1,0,0.2205,1.32856,-7.844
297,27,0,0,6,4,1,1,1,0,0.2204,0.41785,-13.082
298,45,1,1,18,5,8,1,1,0,0.2203,0.35082,20.865
299,20,0,0,10,3,3,1,1,0,0.2202,0.26418,18.606
300,30,0,0,7,4,4,1,1,0,0.2201,0.3133,28.427
301,13,0,0,5,2,1,1,1,0,0.22,0.57286,-33.192
302,33,1,1,4,3,5,1,1,0,0.2199,0.15296,41.079
303,36,0,0,8,5,4,1,1,0,0.2198,0.16395,37.997
304,13,0,0,4,2,0,1,1,0,0.2197,0.22803,6.428
305,34,2,2,10,4,1,1,1,0,0.2196,0.21104,41.485
306,5,0,0,3,1,4,1,1,0,0.2195,3.19418,-15.663
307,6,0,0,3,1,1,1,1,0,0.2194,2.70727,-27.193
308,20,0,0,5,3,5,1,1,0,0.2193,1.48839,-3.106
309,6,0,0,3,1,2,1,1,0,0.2192,0.29616,-4.285
310,7,0,0,3,1,0,1,1,0,0.2191,0.14592,-2.487
311,6,0,0,3,1,2,1,1,0,0.219,0.2972,-4.469
312,30,0,0,6,4,8,1,1,0,0.2189,0.55333,9.089
313,48,0,0,13,6,6,1,1,0,0.2188,0.27153,51.758
314,31,1,1,7,3,4,1,1,0,0.2187,0.20725,34.232
315,5,0,0,1,1,3,1,1,0,0.2186,3.23734,-30.11
316,51,0,0,10,7,6,1,1,0,0.2185,0.53955,49.66
317,21,0,0,5,3,3,1,1,0,0.2184,0.40612,-23.284
318,48,0,0,16,6,10,1,1,0,0.2183,0.23759,51.478
319,30,0,0,5,4,4,1,1,0,0.2182,0.32093,13.365
320,117,0,0,24,12,11,1,1,0,0.2181,0.46832,131.306
321,21,0,0,10,3,4,1,1,0,0.218,1.40156,-8.044
322,141,3,3,31,13,14,1,1,0,0.2179,0.32202,194.916
323,9,0,0,3,1,3,1,1,0,0.2178,0.17658,-2.162
324,27,0,0,4,4,1,1,1,0,0.2177,0.30774,11.47
325,6,0,0,2,1,1,1,1,0,0.2176,0.83603,-44.414
326,33,1,1,11,4,3,1,1,0,0.2175,0.57489,18.857
327,40,0,0,9,5,3,1,1,0,0.2174,0.30729,2.001
328,6,0,0,2,1,0,1,1,0,0.2173,0.24355,-4.878
329,15,0,0,3,2,2,1,1,0,0.2172,0.23496,7.279
330,27,0,0,4,4,1,1,1,0,0.2171,0.29041,10.316
331,81,2,2,24,8,7,1,1,0,0.217,0.34552,102.293
332,6,0,0,3,1,1,1,1,0,0.2169,0.26485,-4.164
333,5,0,0,3,1,2,1,1,0,0.2168,2.913,-28.416
334,21,0,0,6,3,2,1,1,0,0.2167,1.26271,0.056
335,27,1,1,12,3,1,1,1,0,0.2166,0.31134,32.465
336,147,1,1,32,14,11,1,1,0,0.2165,0.27696,196.226
337,5,0,0,2,1,2,1,1,0,0.2164,0.86187,-45.777
338,17,1,1,5,2,4,1,1,0,0.2163,0.47641,2.691
339,21,1,1,9,3,2,1,1,0,0.2162,0.42326,20.864
340,5,0,0,2,1,1,1,1,0,0.2161,0.12578,-6.56
341,131,3,3,35,12,16,1,1,0,0.216,0.44353,170.626
342,6,0,0,1,1,0,1,1,0,0.2159,0.77502,-39.308
343,13,0,0,5,2,2,1,1,0,0.2158,0.5903,-35.442
344,273,3,3,52,30,21,1,1,0,0.2157,0.34319,365.142
345,59,0,0,15,8,5,1,1,0,0.2156,0.45916,60.612
346,6,0,0,2,1,1,1,1,0,0.2155,0.19534,-4.724
347,61,2,2,26,7,6,1,1,0,0.2154,0.52045,88.865
348,12,0,0,6,2,1,1,1,0,0.2153,0.95678,-34.513
349,6,0,0,2,1,3,1,1,0,0.2152,0.44117,-5.502
350,14,0,0,3,2,4,1,1,0,0.2151,0.26712,4.74
351,29,0,0,6,4,5,1,1,0,0.215,1.02143,6.636
352,6,0,0,2,1,1,1,1,0,0.2149,0.19915,-4.88
353,13,0,0,4,2,0,1,1,0,0.2148,0.45409,-8.468
354,142,5,5,34,13,14,1,1,0,0.2147,0.32932,197.578
355,13,0,0,4,2,2,1,1,0,0.2146,1.1458,5.185
356,29,0,0,7,4,4,1,1,0,0.2145,0.24494,25.593
357,29,0,0,5,4,2,1,1,0,0.2144,0.21589,27.303
358,21,0,0,5,3,0,1,1,0,0.2143,0.28643,16.059
359,13,0,0,5,2,1,1,1,0,0.2142,0.74729,5.173
360,13,0,0,3,2,4,1,1,0,0.2141,1.34443,-9.594
361,14,0,0,4,2,4,1,1,0,0.214,0.4377,4.491
362,13,0,0,3,2,2,1,1,0,0.2139,0.58583,-35.197
363,14,0,0,3,2,3,1,1,0,0.2138,1.21945,-9.625
364,13,0,0,3,2,0,1,1,0,0.2137,1.23655,-12.771
365,5,0,0,2,1,0,1,1,0,0.2136,0.29541,-6.905
366,7,0,0,2,1,0,1,1,0,0.2135,0.17119,-3.977
367,17,1,1,4,2,3,1,1,0,0.2134,1.49933,-3.171
368,15,0,0,5,2,3,1,1,0,0.2133,1.04863,-10.997
369,6,0,0,3,1,0,1,1,0,0.2132,0.21861,-4.546
370,20,0,0,7,3,4,1,1,0,0.2131,1.30046,-14.531
371,6,0,0,3,1,2,1,1,0,0.213,0.31129,-4.708
372,162,4,4,30,16,8,1,1,0,0.2129,0.27704,222.497
373,90,1,1,22,10,8,1,1,0,0.2128,0.24189,113.877
374,6,0,0,3,1,0,1,1,0,0.2127,0.25663,-4.532
375,5,0,0,3,1,2,1,1,0,0.2126,1.40864,-5.758
376,14,0,0,4,2,4,1,1,0,0.2125,1.14812,-8.844
377,5,0,0,2,1,0,1,1,0,0.2124,1.01718,-15.736
378,29,0,0,7,4,1,1,1,0,0.2123,0.41143,26.516
379,6,0,0,1,1,1,1,1,0,0.2122,0.22652,-5.713
380,32,1,1,4,3,3,1,1,0,0.2121,0.59438,0.795
381,6,0,0,3,1,1,1,1,0,0.212,0.22849,-4.894
382,8,0,0,3,1,1,1,1,0,0.2119,0.19554,-2.379
383,20,0,0,6,3,3,1,1,0,0.2118,0.80603,5.474
384,8,0,0,2,1,2,1,1,0,0.2117,0.17137,-4.581
385,14,0,0,4,2,2,1,1,0,0.2116,0.29464,-8.442
386,71,1,1,16,8,9,1,1,0,0.2115,0.45924,82.208
387,17,1,1,8,2,0,1,1,0,0.2114,0.39264,2.35
388,64,1,1,10,7,6,1,1,0,0.2113,0.22063,76.912
389,64,4,4,16,6,6,1,1,0,0.2112,0.24439,89.609
390,16,0,0,3,2,4,1,1,0,0.2111,1.07691,-7.597
391,13,0,0,5,2,1,1,1,0,0.211,0.24503,4.384
392,12,0,0,3,2,1,1,1,0,0.2109,0.14392,3.929
393,13,0,0,5,2,2,1,1,0,0.2108,0.79979,5.042
394,18,1,1,7,2,2,1,1,0,0.2107,0.19769,16.311
395,28,1,1,6,3,2,1,1,0,0.2106,0.20874,30.005
396,16,1,1,5,2,2,1,1,0,0.2105,0.22732,14.153
397,5,0,0,4,1,2,1,1,0,0.2104,3.74265,-28.393
398,45,2,2,11,5,3,1,1,0,0.2103,0.27467,54.863
399,20,0,0,5,3,1,1,1,0,0.2102,0.28327,15.493
400,34,1,1,10,4,5,1,1,0,0.2101,0.21335,38.655
401,24,1,1,10,3,0,1,1,0,0.21,0.27103,15.845
402,6,0,0,1,1,1,1,1,0,0.2099,0.26827,-5.456
403,107,1,1,25,11,10,1,1,0,0.2098,0.2928,137.049
404,14,0,0,3,2,3,1,1,0,0.2097,1.49853,-13.719
405,6,0,0,2,1,1,1,1,0,0.2096,0.17065,-5.216
406,8,0,0,3,1,4,1,1,0,0.2095,0.12703,-3.573
407,73,4,4,13,6,5,1,1,0,0.2094,0.19578,108.754
408,13,0,0,3,2,1,1,1,0,0.2093,1.04811,-13.153
409,6,0,0,2,1,1,1,1,0,0.2092,0.16994,-5.194
410,20,0,0,6,3,1,1,1,0,0.2091,0.18023,16.551
411,69,1,1,15,7,9,1,1,0,0.209,0.42785,66.792
412,5,0,0,3,1,0,1,1,0,0.2089,1.64597,-4.749
413,70,2,2,16,7,5,0,1,0,0.2088,0.37008,89.927
414,14,0,0,5,2,2,1,1,0,0.2087,0.28089,5.343
415,51,0,0,11,6,3,1,1,0,0.2086,0.24838,53.956
416,17,2,2,8,2,5,1,1,0,0.2085,0.96335,0.147
417,6,0,0,1,1,1,1,1,0,0.2084,0.29093,-5.749
418,13,0,0,5,2,4,1,1,0,0.2083,1.18595,-11.439
419,13,0,0,3,2,1,1,1,0,0.2082,0.29217,5.487
420,6,0,0,2,1,3,1,1,0,0.2081,2.09202,-20.11
421,9,0,0,2,1,1,1,1,0,0.208,0.63391,-41.192
422,37,0,0,11,5,2,1,1,0,0.2079,0.53258,24.423
423,20,0,0,5,3,1,1,1,0,0.2078,0.28927,14.951
424,37,0,0,9,5,3,1,1,0,0.2077,0.22066,38.606
425,22,1,1,7,3,2,1,1,0,0.2076,0.40279,-17.748
426,21,0,0,5,3,3,1,1,0,0.2075,0.70287,6.73
427,6,0,0,3,1,1,1,1,0,0.2074,0.23516,-4.671
428,21,0,0,6,3,7,1,1,0,0.2073,0.83774,0.41
429,15,0,0,5,2,5,1,1,0,0.2072,1.40325,-8.43
430,6,0,0,3,1,0,1,1,0,0.2071,0.20322,-4.201
431,28,0,0,7,4,5,1,1,0,0.207,0.50649,11.355
432,65,1,1,17,7,7,1,1,0,0.2069,0.47155,77.029
433,13,0,0,5,2,3,1,1,0,0.2068,1.12426,-9.415
434,60,1,1,10,7,4,1,1,0,0.2067,0.4405,67.031
435,49,0,0,14,6,5,1,1,0,0.2066,0.23559,53.214
436,17,1,1,5,2,3,1,1,0,0.2065,0.17324,13.898
437,5,0,0,2,1,0,1,1,0,0.2064,0.27168,-6.63
438,15,0,0,4,2,2,1,1,0,0.2063,0.74968,0.663
439,13,0,0,3,2,2,1,1,0,0.2062,1.18135,-11.037
440,14,0,0,5,2,4,1,1,0,0.2061,0.45757,-35.177
441,13,0,0,6,2,1,1,1,0,0.206,0.33069,5.661
442,16,0,0,4,2,4,1,1,0,0.2059,1.05442,-7.833
443,20,0,0,7,3,5,1,1,0,0.2058,0.7818,14.57
444,20,0,0,6,3,1,1,1,0,0.2057,1.03755,-0.53
445,14,0,0,4,2,2,1,1,0,0.2056,1.05462,-12.548
446,20,0,0,6,3,2,1,1,0,0.2055,0.81732,-11.634
447,16,0,0,3,2,4,1,1,0,0.2054,0.47276,-3.427
448,6,0,0,3,1,0,1,1,0,0.2053,0.23429,-5.318
449,50,2,2,11,6,3,1,1,0,0.2052,0.80791,53.385
450,22,0,0,8,3,2,1,1,0,0.2051,0.16702,18.66
451,13,0,0,3,2,4,1,1,0,0.205,1.24194,-13.358
452,6,0,0,2,1,2,1,1,0,0.2049,0.25636,-4.746
453,65,0,0,16,8,5,1,1,0,0.2048,0.44557,77.636
454,8,0,0,3,1,3,1,1,0,0.2047,0.22329,-3.881
455,5,0,0,2,1,1,1,1,0,0.2046,0.1453,-6.454
456,20,0,0,6,3,1,1,1,0,0.2045,0.18256,16.282
457,7,0,0,3,1,0,1,1,0,0.2044,0.30984,-2.41
458,20,1,1,3,2,1,1,1,0,0.2043,0.16823,16.78
459,27,0,0,9,4,4,1,1,0,0.2042,0.4431,25.479
460,43,0,0,14,6,3,1,1,0,0.2041,0.32868,47.546
461,30,0,0,10,4,2,1,1,0,0.204,0.20903,30.051
462,8,0,0,3,1,3,1,1,0,0.2039,0.24077,-3.619
463,14,0,0,4,2,4,1,1,0,0.2038,1.14636,-10.381
464,5,0,0,2,1,1,1,1,0,0.2037,4.14228,-17.498
465,37,1,1,12,4,4,1,1,0,0.2036,0.21018,42.148
466,21,0,0,8,3,2,1,1,0,0.2035,0.33626,19.17
467,14,0,0,6,2,2,1,1,0,0.2034,0.24143,5.505
468,8,0,0,3,1,0,1,1,0,0.2033,0.21714,-2.099
469,6,0,0,3,1,1,1,1,0,0.2032,0.22726,-4.748
470,41,0,0,10,5,5,1,1,0,0.2031,0.38092,30.05
471,37,1,1,10,4,4,1,1,0,0.203,0.2065,45.763
472,7,0,0,2,1,2,1,1,0,0.2029,0.7399,-43.732
473,32,0,0,9,4,5,1,1,0,0.2028,0.62582,18.599
474,7,0,0,2,1,3,1,1,0,0.2027,0.23725,-4.588
475,13,0,0,3,2,2,1,1,0,0.2026,0.48419,-8.799
476,5,0,0,2,1,2,1,1,0,0.2025,4.11268,-21.587
477,23,0,0,8,3,2,1,1,0,0.2024,0.31565,16.437
478,40,2,2,14,5,1,1,1,0,0.2023,0.45469,52.062
479,7,0,0,2,1,0,1,1,0,0.2022,0.21591,-3.262
480,13,0,0,2,2,2,1,1,0,0.2021,1.13635,-11.462
481,5,0,0,3,1,2,1,1,0,0.202,0.84568,-45.365
482,36,1,1,6,4,3,1,1,0,0.2019,0.2342,39.73
483,21,0,0,6,3,1,1,1,0,0.2018,0.31885,15.603
484,7,0,0,1,1,0,1,1,0,0.2017,0.29968,-3.992
485,90,0,0,22,11,6,1,1,0,0.2016,0.28638,97.208
486,6,0,0,3,1,1,1,1,0,0.2015,0.21659,-4.745
487,13,0,0,4,2,1,1,1,0,0.2014,1.34047,-11.546
488,62,1,1,14,6,7,1,1,0,0.2013,0.31287,73.227
489,35,0,0,7,5,2,1,1,0,0.2012,0.62125,19.853
490,5,0,0,2,1,2,1,1,0,0.2011,2.76263,-30.983
491,14,0,0,4,2,3,1,1,0,0.201,0.39039,6.549
492,22,0,0,8,3,5,1,1,0,0.2009,0.81731,-14.776
493,94,2,2,25,10,10,1,1,0,0.2008,0.38459,117.202
494,27,1,1,8,3,2,1,1,0,0.2007,0.19256,28.763
495,13,0,0,5,2,2,1,1,0,0.2006,0.4248,-25.867
496,13,0,0,5,2,2,1,1,0,0.2005,0.24016,5.514
497,56,2,2,16,6,3,1,1,0,0.2004,0.21837,73.297
498,15,0,0,3,2,2,1,1,0,0.2003,0.76298,-3.408
499,7,0,0,3,1,0,1,1,0,0.2002,0.26439,-2.689
500,50,1,1,11,6,3,1,1,0,0.2001,0.73947,52.261
501,45,1,1,12,5,6,1,1,0,0.2,0.46348,49.619
502,67,3,3,25,7,7,1,1,0,0.1999,0.38443,93.983
503,14,0,0,5,2,4,1,1,0,0.1998,1.24942,-10.002
504,18,2,2,8,2,2,1,1,0,0.1997,0.26874,16.697
505,16,0,0,5,2,1,1,1,0,0.1996,0.21991,9.575
506,13,0,0,5,2,4,1,1,0,0.1995,1.28876,-11.483
507,26,0,0,6,3,1,1,1,0,0.1994,0.22345,23.587
508,127,2,2,26,12,15,1,1,0,0.1993,0.3043,172.255
509,43,0,0,6,6,4,1,1,0,0.1992,0.40753,36.321
510,37,1,1,10,4,1,1,1,0,0.1991,0.1962,43.402
511,44,0,0,8,6,4,1,1,0,0.199,0.32848,46.861
512,22,0,0,7,3,1,1,1,0,0.1989,0.24577,18.83
513,109,3,3,25,12,6,1,1,0,0.1988,0.28031,150.047
514,7,0,0,3,1,2,1,1,0,0.1987,0.1934,-4.1
515,20,0,0,6,3,1,1,1,0,0.1986,1.31247,-7.285
516,81,1,1,21,10,3,1,1,0,0.1985,0.23,108.553
517,50,0,0,10,6,2,1,1,0,0.1984,0.28755,57.77
518,14,0,0,5,2,0,1,1,0,0.1983,0.21851,7.987
519,29,0,0,8,4,1,1,1,0,0.1982,0.35792,26.777
520,7,0,0,2,1,2,1,1,0,0.1981,0.16948,-4.553
521,13,0,0,4,2,2,1,1,0,0.198,0.35481,-8.492
522,16,0,0,5,2,4,1,1,0,0.1979,0.97981,-8.749
523,14,0,0,4,2,0,1,1,0,0.1978,0.72131,7.339
524,19,1,1,5,2,5,1,1,0,0.1977,0.86569,9.982
525,20,0,0,6,3,2,1,1,0,0.1976,0.83625,9.257
526,29,0,0,6,4,5,1,1,0,0.1975,0.913,10.277
527,33,1,1,11,4,2,1,1,0,0.1974,0.27242,37.28
528,22,0,0,4,3,2,1,1,0,0.1973,0.73479,8.321
529,38,2,2,10,4,9,1,1,0,0.1972,0.2242,41.359
530,5,0,0,2,1,1,1,1,0,0.1971,2.74127,-25.287
531,27,2,2,7,3,1,1,1,0,0.197,0.25872,29.835
532,50,1,1,9,6,2,1,1,0,0.1969,0.35909,38.665
533,57,0,0,13,7,3,1,1,0,0.1968,0.45137,70.293
534,6,0,0,2,1,2,1,1,0,0.1967,1.03713,-44.904
535,22,0,0,8,3,3,1,1,0,0.1966,0.52166,18.981
536,22,0,0,6,3,4,1,1,0,0.1965,0.36119,18.611
537,24,1,1,5,3,3,1,1,0,0.1964,0.70011,5.876
538,57,0,0,14,7,7,1,1,0,0.1963,0.26584,68.982
539,5,0,0,2,1,1,1,1,0,0.1962,2.46622,-34.243
540,6,0,0,2,1,1,1,1,0,0.1961,0.22489,-4.92
541,7,0,0,3,1,0,1,1,0,0.196,0.22154,-2.615
542,13,0,0,4,2,3,1,1,0,0.1959,1.44399,-12.197
543,29,1,1,7,4,3,1,1,0,0.1958,0.96621,15.901
544,27,1,1,5,3,2,1,1,0,0.1957,0.3974,-7.912
545,60,0,0,13,8,5,1,1,0,0.1956,0.33196,63.154
546,150,2,2,37,16,9,0,1,0,0.1955,0.41359,205.101
547,36,2,2,10,3,4,1,1,0,0.1954,0.31351,47.773
548,13,0,0,5,2,0,1,1,0,0.1953,0.22173,7.301
549,82,1,1,21,8,8,1,1,0,0.1952,0.43864,102.71
550,20,0,0,7,3,2,1,1,0,0.1951,0.84632,-0.973
551,18,1,1,4,2,1,1,1,0,0.195,0.13627,15.915
552,55,2,2,14,6,4,1,1,0,0.1949,0.24586,65.26
553,21,0,0,5,2,8,1,1,0,0.1948,0.8083,-5.669
554,6,0,0,3,1,0,1,1,0,0.1947,0.22192,-3.979
555,7,0,0,1,1,1,1,1,0,0.1946,0.21052,-3.931
556,26,1,1,6,3,2,1,1,0,0.1945,0.26541,30.356
557,13,0,0,2,2,1,1,1,0,0.1944,1.09338,-12.472
558,6,0,0,3,1,2,1,1,0,0.1943,0.26831,-4.203
559,71,0,0,19,9,5,1,1,0,0.1942,0.29586,89.999
560,14,0,0,5,2,5,1,1,0,0.1941,1.204,-10.839
561,91,1,1,16,10,9,1,1,0,0.194,0.46239,114.9
562,6,0,0,3,1,2,1,1,0,0.1939,0.26308,-4.366
563,20,0,0,6,3,3,1,1,0,0.1938,0.88575,-2.934
564,49,2,2,14,5,5,1,1,0,0.1937,0.2484,52.656
565,59,1,1,15,7,8,1,1,0,0.1936,0.26006,69.556
566,72,1,1,26,8,8,1,1,0,0.1935,0.37018,84.862
567,119,5,5,25,13,9,1,1,0,0.1934,0.47561,176.917
568,6,0,0,3,1,1,1,1,0,0.1933,0.29175,-4.65
569,36,0,0,11,5,0,1,1,0,0.1932,0.26007,42.076
570,60,1,1,15,7,5,1,1,0,0.1931,0.29958,70.732
571,26,1,1,8,3,2,1,1,0,0.193,0.51043,-11.041
572,27,0,0,4,4,2,1,1,0,0.1929,0.75371,9.42
573,63,1,1,17,7,5,1,1,0,0.1928,0.54379,85.215
574,14,0,0,3,2,1,1,1,0,0.1927,0.26031,6.784
575,5,0,0,2,1,2,1,1,0,0.1926,0.36243,-20.137
576,13,0,0,5,2,1,1,1,0,0.1925,0.5538,-6.675
577,13,0,0,5,2,2,1,1,0,0.1924,0.24471,-7.159
578,14,0,0,4,2,2,1,1,0,0.1923,0.38559,-7.163
579,6,0,0,2,1,1,1,1,0,0.1922,0.2921,-5.168
580,13,0,0,5,2,3,1,1,0,0.1921,1.25714,-12.744
581,18,2,2,5,2,3,1,1,0,0.192,0.58655,17.428
582,29,0,0,6,4,1,1,1,0,0.1919,0.43968,29.519
583,20,0,0,8,3,2,1,1,0,0.1918,1.06428,-11.096
584,5,0,0,2,1,2,1,1,0,0.1917,1.12757,-6.381
585,47,0,0,11,6,2,1,1,0,0.1916,0.34687,52.464
586,41,1,1,15,5,4,1,1,0,0.1915,0.37854,50.927
587,13,0,0,4,2,4,1,1,0,0.1914,1.32694,-11.859
588,44,1,1,16,5,2,1,1,0,0.1913,0.24954,56.141
589,15,0,0,4,2,3,1,1,0,0.1912,0.22166,7.906
590,102,1,1,26,11,10,1,1,0,0.1911,0.37146,134.36
591,6,0,0,3,1,1,1,1,0,0.191,0.25141,-4.206
592,7,0,0,3,1,1,1,1,0,0.1909,0.25202,-3.786
593,15,0,0,4,2,3,1,1,0,0.1908,0.98663,-16.728
594,27,0,0,6,4,5,1,1,0,0.1907,0.7327,7.042
595,28,0,0,5,4,4,1,1,0,0.1906,0.61597,8.004
596,76,0,0,13,10,10,1,1,0,0.1905,0.57291,82.913
597,6,0,0,3,1,1,1,1,0,0.1904,0.21023,-4.389
598,41,2,2,15,4,7,1,1,0,0.1903,0.64756,45.138
599,22,0,0,7,3,4,1,1,0,0.1902,0.25729,17.823
600,22,0,0,6,3,3,1,1,0,0.1901,0.19127,18.74
601,6,0,0,2,1,0,1,1,0,0.19,0.26693,-4.658
602,14,0,0,5,2,3,1,1,0,0.1899,0.43994,-32.586
603,13,0,0,2,2,1,1,1,0,0.1898,0.31683,4.896
604,33,1,1,7,4,6,1,1,0,0.1897,0.5249,19.891
605,15,0,0,4,2,2,1,1,0,0.1896,0.17826,7.571
606,27,0,0,6,4,1,1,1,0,0.1895,0.7146,7.232
607,8,0,0,1,1,1,1,1,0,0.1894,0.11121,-3.934
608,29,1,1,7,3,0,1,1,0,0.1893,0.24972,30.171
609,9,0,0,2,1,2,1,1,0,0.1892,0.15497,-2.571
610,7,0,0,2,1,2,1,1,0,0.1891,0.18832,-4.535
611,41,0,0,13,5,1,1,1,0,0.189,0.29656,47.692
612,53,0,0,14,7,2,1,1,0,0.1889,0.34636,65.186
613,18,1,1,4,2,2,1,1,0,0.1888,0.81393,5.078
614,22,0,0,5,3,1,1,1,0,0.1887,0.25218,19.452
615,110,1,1,13,11,12,1,1,0,0.1886,0.50207,126.503
616,30,0,0,9,4,3,1,1,0,0.1885,0.26075,29.663
617,20,0,0,4,3,1,1,1,0,0.1884,0.27574,13.088
618,6,0,0,2,1,1,1,1,0,0.1883,0.15578,-5.011
619,13,0,0,4,2,1,1,1,0,0.1882,1.04638,-6.918
620,23,0,0,6,3,4,1,1,0,0.1881,0.60527,8.923
621,34,0,0,5,3,4,1,1,0,0.188,0.28727,-14.08
622,56,1,1,15,7,8,1,1,0,0.1879,0.36711,44.07
623,13,0,0,3,2,1,1,1,0,0.1878,0.43744,5.495
624,13,0,0,5,2,3,1,1,0,0.1877,1.24203,-12.499
625,122,3,3,28,13,11,0,1,0,0.1876,0.43205,171.101
626,22,0,0,9,3,6,1,1,0,0.1875,0.65604,0.463
627,23,1,1,7,3,1,1,1,0,0.1874,0.2078,25.349
628,13,0,0,4,2,4,1,1,0,0.1873,1.26699,-19.96
629,13,0,0,3,2,1,1,1,0,0.1872,1.00651,-12.361
630,25,1,1,8,3,1,1,1,0,0.1871,0.22982,28.537
631,13,0,0,4,2,3,1,1,0,0.187,1.1477,-21.681
632,36,1,1,10,4,4,1,1,0,0.1869,0.28557,41.03
633,14,0,0,4,2,2,1,1,0,0.1868,0.42581,-32.6
634,15,0,0,5,2,1,1,1,0,0.1867,0.95411,-10.177
635,17,1,1,4,2,3,1,1,0,0.1866,1.392,-9.836
636,49,0,0,12,7,6,1,1,0,0.1865,0.56861,44.814
637,14,0,0,4,2,2,1,1,0,0.1864,0.98569,-12.294
638,56,0,0,6,7,8,1,1,0,0.1863,0.54524,44.085
639,80,0,0,16,10,12,1,1,0,0.1862,0.42307,90.12
640,26,1,1,8,3,3,1,1,0,0.1861,0.52757,-13.528
641,6,0,0,3,1,1,1,1,0,0.186,0.20309,-3.764
642,41,2,2,9,4,3,1,1,0,0.1859,0.44633,46.844
643,57,2,2,15,6,7,1,1,0,0.1858,0.27385,70.191
644,22,0,0,7,3,3,1,1,0,0.1857,0.75358,6.49
645,17,0,0,4,2,4,1,1,0,0.1856,1.33495,-9.554
646,20,0,0,7,3,4,1,1,0,0.1855,0.33172,-9.101
647,13,0,0,5,2,1,1,1,0,0.1854,0.48298,-6.929
648,13,0,0,4,2,3,1,1,0,0.1853,0.26622,6.102
649,19,1,1,4,2,1,1,1,0,0.1852,0.20924,17.474
650,7,0,0,3,1,0,1,1,0,0.1851,0.28304,-2.327
651,54,1,1,14,6,5,1,1,0,0.185,0.22571,68.174
652,64,3,3,17,8,3,1,1,0,0.1849,0.55533,58.203
653,25,1,1,10,3,3,1,1,0,0.1848,0.74825,7.35
654,35,1,1,8,5,3,1,1,0,0.1847,0.31243,40.238
655,109,2,2,26,12,11,1,1,0,0.1846,0.41036,143.062
656,13,0,0,4,2,1,1,1,0,0.1845,0.36554,6.804
657,6,0,0,2,1,1,1,1,0,0.1844,0.26368,-5.098
658,50,1,1,8,6,4,1,1,0,0.1843,0.26479,63.836
659,49,1,1,14,5,6,1,1,0,0.1842,0.45087,50.034
660,5,0,0,2,1,0,1,1,0,0.1841,2.3178,-30.114
661,20,0,0,6,3,4,1,1,0,0.184,1.47231,-1.827
662,27,0,0,5,4,2,1,1,0,0.1839,0.32538,13.585
663,35,0,0,8,5,2,1,1,0,0.1838,0.25979,35.463
664,14,0,0,5,2,4,1,1,0,0.1837,0.3372,-7.097
665,5,0,0,2,1,1,1,1,0,0.1836,2.31838,-18.045
666,5,0,0,2,1,3,1,1,0,0.1835,2.71603,-34.246
667,40,1,1,7,5,7,1,1,0,0.1834,0.54493,26.736
668,14,0,0,5,2,3,1,1,0,0.1833,1.17264,-12.851
669,51,2,2,15,5,3,1,1,0,0.1832,0.25813,76.855
670,35,1,1,8,4,3,1,1,0,0.1831,0.16398,37.949
671,56,1,1,10,7,4,1,1,0,0.183,0.50469,73.966
672,22,1,1,6,3,3,1,1,0,0.1829,0.83214,-1.946
673,40,1,1,4,5,3,1,1,0,0.1828,0.23324,45.499
674,24,1,1,9,3,1,1,1,0,0.1827,0.67426,6.729
675,34,1,1,6,4,0,1,1,0,0.1826,0.24338,36.261
676,5,0,0,2,1,3,1,1,0,0.1825,2.39775,-34.143
677,21,0,0,6,3,6,1,1,0,0.1824,0.75664,-5.158
678,145,2,2,34,17,14,1,1,0,0.1823,0.45957,175.931
679,47,1,1,15,6,2,1,1,0,0.1822,0.38702,61.558
680,5,0,0,3,1,1,1,1,0,0.1821,1.01683,-18.293
681,20,0,0,6,3,2,1,1,0,0.182,0.98327,-2.804
682,28,0,0,6,4,4,1,1,0,0.1819,0.26234,12.927
683,21,0,0,4,3,0,1,1,0,0.1818,0.55564,3.458
684,88,4,4,31,9,6,1,1,0,0.1817,0.4593,83.951
685,14,0,0,4,2,1,1,1,0,0.1816,0.32668,-6.856
686,7,0,0,3,1,2,1,1,0,0.1815,0.22065,-3.746
687,27,1,1,7,3,4,1,1,0,0.1814,0.29313,14.207
688,150,5,5,40,15,8,1,1,0,0.1813,0.30942,219.602
689,20,0,0,5,3,4,1,1,0,0.1812,0.95993,-5.969
690,13,0,0,5,2,1,1,1,0,0.1811,0.92223,-33.331
691,5,0,0,2,1,1,1,1,0,0.181,0.83439,-45.791
692,28,0,0,4,4,3,1,1,0,0.1809,0.29437,25.484
693,58,0,0,13,7,2,1,1,0,0.1808,0.28712,70.043
694,24,1,1,11,3,2,1,1,0,0.1807,0.42858,6.097
695,13,0,0,4,2,0,1,1,0,0.1806,0.29407,7.087
696,13,0,0,4,2,1,1,1,0,0.1805,0.45377,-33.777
697,39,0,0,8,5,3,1,1,0,0.1804,0.69909,23.403
698,15,0,0,4,2,4,1,1,0,0.1803,1.07108,-15.136
699,13,0,0,5,2,3,1,1,0,0.1802,1.15377,-14.299
700,202,6,6,38,18,9,0,1,0,0.1801,0.34563,320.971
701,13,0,0,4,2,1,1,1,0,0.18,1.12988,-19.09
702,23,1,1,6,3,2,1,1,0,0.1799,0.30819,23.192
703,6,0,0,3,1,1,1,1,0,0.1798,0.21405,-4.376
704,24,1,1,7,3,2,1,1,0,0.1797,0.41238,21.989
705,21,0,0,6,3,4,1,1,0,0.1796,0.96277,-2.596
706,5,0,0,3,1,2,1,1,0,0.1795,2.06462,-34.101
707,14,0,0,5,2,4,1,1,0,0.1794,0.33872,-7.138
708,24,1,1,6,3,3,1,1,0,0.1793,0.18407,25.301
709,13,0,0,5,2,0,1,1,0,0.1792,1.18942,-14.472
710,6,0,0,2,1,1,1,1,0,0.1791,0.19914,-4.892
711,56,0,0,11,7,4,1,1,0,0.179,0.29396,67.029
712,5,0,0,2,1,0,1,1,0,0.1789,2.53419,-27.146
713,17,1,1,6,2,1,1,1,0,0.1788,0.25947,2.025
714,10,0,0,3,1,2,1,1,0,0.1787,0.14151,-0.886
715,13,0,0,4,2,0,1,1,0,0.1786,0.33711,5.308
716,21,0,0,7,3,5,1,1,0,0.1785,0.91389,-2.547
717,20,0,0,5,3,2,1,1,0,0.1784,0.80066,6.21
718,22,0,0,9,3,0,1,1,0,0.1783,0.30719,8.889
719,40,1,1,11,5,3,1,1,0,0.1782,0.26605,48.392
720,6,0,0,2,1,1,1,1,0,0.1781,0.17833,-4.67
721,14,0,0,5,2,3,1,1,0,0.178,0.3825,-8.537
722,53,1,1,17,6,5,1,1,0,0.1779,0.4094,29.731
723,27,0,0,6,4,5,1,1,0,0.1778,0.81322,8.143
724,15,1,1,5,2,2,1,1,0,0.1777,0.20877,11.213
725,6,0,0,2,1,3,1,1,0,0.1776,2.18723,-26.831
726,15,0,0,4,2,1,1,1,0,0.1775,0.38381,-5.364
727,7,0,0,3,1,0,1,1,0,0.1774,0.24988,-2.638
728,6,0,0,2,1,1,1,1,0,0.1773,0.11219,-4.778
729,46,0,0,15,6,8,1,1,0,0.1772,0.51521,39.829
730,99,4,4,26,9,8,0,1,0,0.1771,0.31499,151.881
731,27,0,0,9,4,3,1,1,0,0.177,0.34352,14.136
732,28,0,0,8,4,0,1,1,0,0.1769,0.4774,29.976
733,38,1,1,11,5,6,1,1,0,0.1768,0.32291,3.703
734,71,0,0,16,9,5,1,1,0,0.1767,0.30442,86.3
735,65,0,0,18,8,6,1,1,0,0.1766,0.30114,79.639
736,14,0,0,4,2,3,1,1,0,0.1765,0.27615,5.14
737,27,0,0,6,4,2,1,1,0,0.1764,0.2411,27.36
738,13,0,0,4,2,3,1,1,0,0.1763,0.36341,-8.156
739,82,0,0,12,10,9,1,1,0,0.1762,0.42059,98.072
740,13,0,0,5,2,0,1,1,0,0.1761,0.19314,6.92
741,15,0,0,4,2,6,1,1,0,0.176,0.33077,-7.491
742,13,0,0,4,2,3,1,1,0,0.1759,1.23593,-17.772
743,13,0,0,4,2,3,1,1,0,0.1758,1.28837,-14.657
744,20,0,0,7,3,3,1,1,0,0.1757,1.00604,-7.864
745,22,0,0,7,3,2,1,1,0,0.1756,0.26177,17.808
746,13,0,0,5,2,4,1,1,0,0.1755,1.259,-8.53
747,46,1,1,10,6,4,1,1,0,0.1754,0.38088,55.658
748,55,1,1,12,7,2,1,1,0,0.1753,0.17352,70.005
749,13,0,0,5,2,3,1,1,0,0.1752,1.23238,-14.471
750,23,1,1,9,3,1,1,1,0,0.1751,0.59421,10.48
751,106,2,2,19,12,6,1,1,0,0.175,0.36346,128.137
752,47,1,1,13,6,6,1,1,0,0.1749,0.28593,35.303
753,13,0,0,3,2,4,1,1,0,0.1748,1.18529,-16.893
754,29,0,0,9,4,3,1,1,0,0.1747,0.35686,17.294
755,46,0,0,15,6,3,1,1,0,0.1746,0.223,55.785
756,5,0,0,0,1,2,1,1,0,0.1745,3.91055,-35.488
757,7,0,0,1,1,2,1,1,0,0.1744,0.28868,-4.478
758,20,0,0,7,3,1,1,1,0,0.1743,0.68549,-1.507
759,24,0,0,7,3,3,1,1,0,0.1742,0.16082,19.237
760,106,3,3,32,11,9,1,1,0,0.1741,0.34658,157.966
761,29,1,1,6,4,0,1,1,0,0.174,0.34672,35.929
762,14,0,0,5,2,1,1,1,0,0.1739,0.63126,7.804
763,5,0,0,2,1,1,1,1,0,0.1738,0.14919,-5.296
764,13,0,0,2,2,3,1,1,0,0.1737,1.38046,-15.704
765,30,0,0,12,4,5,1,1,0,0.1736,0.29911,31.134
766,42,0,0,16,6,7,1,1,0,0.1735,0.77502,23.919
767,7,0,0,3,1,0,1,1,0,0.1734,0.24073,-3.073
768,21,0,0,6,3,2,1,1,0,0.1733,0.25626,18.292
769,18,1,1,7,2,3,1,1,0,0.1732,0.34709,4.347
770,9,0,0,1,1,3,1,1,0,0.1731,0.33904,-2.493
771,30,1,1,8,4,3,1,1,0,0.173,0.40017,35.868
772,6,0,0,2,1,3,1,1,0,0.1729,0.17942,-5.09
773,28,2,2,12,3,2,1,1,0,0.1728,0.41468,25.182
774,29,0,0,10,4,2,1,1,0,0.1727,0.26155,25.326
775,17,1,1,6,2,0,1,1,0,0.1726,0.22673,16.547
776,93,2,2,19,10,12,0,1,0,0.1725,0.42202,115.679
777,116,4,4,36,12,10,1,1,0,0.1724,0.38013,160.22
778,60,1,1,21,7,6,1,1,0,0.1723,0.28283,71.683
779,52,2,2,14,6,4,0,1,0,0.1722,0.39149,65.528
780,33,1,1,16,4,7,1,1,0,0.1721,0.64227,20.066
781,13,0,0,5,2,1,1,1,0,0.172,1.08305,-20.187
782,100,4,4,22,9,6,1,1,0,0.1719,0.31519,154.336
783,21,0,0,7,3,1,1,1,0,0.1718,0.31226,20.059
784,6,0,0,2,1,1,1,1,0,0.1717,0.27789,-4.852
785,20,0,0,6,3,1,1,1,0,0.1716,0.6829,-0.961
786,6,0,0,2,1,2,1,1,0,0.1715,0.29426,-4.718
787,13,0,0,5,2,1,1,1,0,0.1714,0.48157,-6.85
788,20,0,0,7,3,1,1,1,0,0.1713,0.38754,4.167
789,30,1,1,9,4,0,1,1,0,0.1712,0.21401,36.476
790,47,1,1,15,5,2,1,1,0,0.1711,0.34166,51.61
791,28,0,0,8,4,2,1,1,0,0.171,0.77602,8.336
792,20,0,0,6,3,4,1,1,0,0.1709,0.92771,-1.734
793,33,0,0,13,4,3,1,1,0,0.1708,0.26206,35.839
794,5,0,0,4,1,1,1,1,0,0.1707,2.42911,-38.326
795,72,0,0,16,8,4,1,1,0,0.1706,0.43807,97.474
796,83,1,1,16,9,10,1,1,0,0.1705,0.52718,103.151
797,162,3,3,38,17,13,0,1,0,0.1704,0.37378,225.113
798,5,0,0,3,1,1,1,1,0,0.1703,2.35748,-17.736
799,31,0,0,6,4,3,1,1,0,0.1702,0.2318,28.307
800,28,1,1,7,3,2,1,1,0,0.1701,0.19283,35.995
801,87,1,1,24,10,7,1,1,0,0.17,0.4314,111.236
802,31,0,0,11,4,1,1,1,0,0.1699,0.23163,35.21
803,56,2,2,20,6,4,1,1,0,0.1698,0.41829,65.312
804,13,0,0,4,2,4,1,1,0,0.1697,1.31611,-18.391
805,45,1,1,12,5,3,1,1,0,0.1696,0.4192,37.387
806,126,2,2,25,12,15,0,1,0,0.1695,0.38238,179.387
807,14,0,0,4,2,1,1,1,0,0.1694,0.30591,8.887
808,46,0,0,14,5,8,1,1,0,0.1693,0.20913,49.984
809,90,1,1,30,11,5,1,1,0,0.1692,0.25913,124.742
810,12,0,0,5,2,2,1,1,0,0.1691,0.39851,3.838
811,55,0,0,10,6,6,1,1,0,0.169,0.68148,53.09
812,6,0,0,3,1,1,1,1,0,0.1689,0.23069,-4.242
813,31,0,0,11,4,8,1,1,0,0.1688,0.53267,19.133
814,103,1,1,27,11,8,1,1,0,0.1687,0.34737,125.994
815,13,0,0,4,2,1,1,1,0,0.1686,1.11272,-15.392
816,13,0,0,5,2,2,1,1,0,0.1685,1.21181,-15.012
817,6,0,0,3,1,1,1,1,0,0.1684,0.25947,-4.027
818,15,0,0,4,2,2,1,1,0,0.1683,0.20302,9.545
819,17,1,1,7,2,2,1,1,0,0.1682,0.43061,2.554
820,16,1,1,4,2,3,1,1,0,0.1681,0.29616,10.485
821,54,0,0,11,7,4,1,1,0,0.168,0.37608,23.774
822,14,0,0,5,2,3,1,1,0,0.1679,0.30475,8.336
823,42,1,1,13,5,3,1,1,0,0.1678,0.22671,54.212
824,6,0,0,2,1,1,1,1,0,0.1677,0.20704,-4.721
825,29,0,0,9,4,1,1,1,0,0.1676,0.3274,18.833
826,63,1,1,14,7,3,1,1,0,0.1675,0.38728,80.245
827,6,0,0,3,1,1,1,1,0,0.1674,0.22212,-4.241
828,6,0,0,2,1,1,1,1,0,0.1673,0.24687,-4.691
829,53,1,1,16,6,4,1,1,0,0.1672,0.24489,69.727
830,31,0,0,8,4,2,1,1,0,0.1671,0.47371,33.199
831,6,0,0,2,1,2,1,1,0,0.167,0.12282,-4.75
832,32,1,1,6,4,3,1,1,0,0.1669,0.26128,38.167
833,13,0,0,4,2,0,1,1,0,0.1668,0.59817,-4.764
834,20,0,0,6,3,2,1,1,0,0.1667,0.65422,-15.724
835,14,0,0,4,2,4,1,1,0,0.1666,1.05028,-7.405
836,29,0,0,8,4,1,1,1,0,0.1665,0.23382,29.941
837,19,0,0,6,3,1,1,1,0,0.1664,0.39979,16.337
838,28,0,0,7,4,5,1,1,0,0.1663,0.42756,26.975
839,5,0,0,2,1,2,1,1,0,0.1662,2.19321,-18.828
840,15,0,0,4,2,4,1,1,0,0.1661,0.96019,-18.101
841,16,0,0,6,2,3,1,1,0,0.166,0.86245,-26.082
842,14,0,0,3,2,1,1,1,0,0.1659,0.23109,7.543
843,13,0,0,4,2,3,1,1,0,0.1658,0.20554,5.502
844,201,4,4,30,17,9,0,1,0,0.1657,0.27312,318.752
845,64,1,1,17,7,5,1,1,0,0.1656,0.39421,86.585
846,19,1,1,4,2,0,1,1,0,0.1655,0.15855,17.436
847,32,1,1,14,4,0,1,1,0,0.1654,0.34296,42.243
848,62,1,1,12,7,6,1,1,0,0.1653,0.20666,81.472
849,14,0,0,4,2,0,1,1,0,0.1652,0.2247,9.06
850,13,0,0,4,2,3,1,1,0,0.1651,1.26061,-15.207
851,13,0,0,5,2,2,1,1,0,0.165,1.22383,-14.617
852,77,3,3,24,8,8,1,1,0,0.1649,0.36949,101.425
853,6,0,0,3,1,1,1,1,0,0.1648,0.24021,-4.292
854,32,0,0,9,4,5,1,1,0,0.1647,0.25598,33.532
855,13,0,0,4,2,1,1,1,0,0.1646,0.36561,7.215
856,7,0,0,2,1,0,1,1,0,0.1645,0.22785,-2.858
857,6,0,0,3,1,1,1,1,0,0.1644,0.29174,-4.017
858,41,0,0,10,5,9,1,1,0,0.1643,0.41971,31.952
859,38,2,2,14,4,2,1,1,0,0.1642,0.23484,53.53
860,78,0,0,20,10,4,1,1,0,0.1641,0.33744,101.228
861,49,0,0,11,6,4,1,1,0,0.164,0.2175,59.625
862,84,3,3,21,9,8,1,1,0,0.1639,0.39328,119.801
863,13,0,0,4,2,0,1,1,0,0.1638,0.78627,-5.59
864,196,3,3,38,19,8,1,1,0,0.1637,0.37675,262.629
865,82,0,0,24,9,6,1,1,0,0.1636,0.45806,89.339
866,140,2,2,33,15,8,1,1,0,0.1635,0.44127,186.501
867,32,0,0,9,4,2,1,1,0,0.1634,0.54433,18.764
868,104,4,4,33,11,7,1,1,0,0.1633,0.57524,156.778
869,43,1,1,10,5,3,1,1,0,0.1632,0.59981,23.771
870,15,0,0,7,2,0,1,1,0,0.1631,0.35409,9.468
871,50,0,0,12,6,5,1,1,0,0.163,0.44227,45.331
872,25,1,1,8,3,7,1,1,0,0.1629,0.44082,23.995
873,91,2,2,23,10,9,0,1,0,0.1628,0.38311,122.253
874,40,2,2,14,4,7,1,1,0,0.1627,0.23686,57.474
875,21,0,0,6,3,1,1,1,0,0.1626,0.28309,18.942
876,14,0,0,4,2,3,1,1,0,0.1625,1.15666,-15.55
877,14,0,0,4,2,3,1,1,0,0.1624,0.46738,-34.421
878,27,0,0,8,3,2,1,1,0,0.1623,0.22641,25.186
879,185,2,2,33,18,14,1,1,0,0.1622,0.38179,242.987
880,48,0,0,15,6,4,1,1,0,0.1621,0.27735,56.139
881,13,0,0,5,2,1,1,1,0,0.162,0.28119,-6.877
882,6,0,0,2,1,1,1,1,0,0.1619,0.25944,-4.781
883,41,1,1,13,5,4,1,1,0,0.1618,0.61343,41.027
884,6,0,0,3,1,1,1,1,0,0.1617,0.31286,-4.092
885,77,2,2,16,9,4,1,1,0,0.1616,0.254,106.894
886,102,4,4,25,11,7,1,1,0,0.1615,0.40297,149.689
887,26,1,1,6,3,4,1,1,0,0.1614,0.28686,13.341
888,139,2,2,27,13,11,1,1,0,0.1613,0.32937,172.972
889,5,0,0,3,1,0,1,1,0,0.1612,0.32128,-5.904
890,202,4,4,37,17,9,1,1,0,0.1611,0.3218,304.382
891,57,1,1,11,6,4,0,1,0,0.161,0.39082,76.238
892,25,1,1,10,3,5,1,1,0,0.1609,0.69022,6.78
893,30,0,0,7,4,4,1,1,0,0.1608,0.24245,29.301
894,14,0,0,3,2,4,1,1,0,0.1607,0.23851,4.149
895,47,0,0,10,5,4,1,1,0,0.1606,0.38824,44.896
896,7,0,0,3,1,1,1,1,0,0.1605,0.18885,-3.455
897,14,0,0,3,2,1,1,1,0,0.1604,1.11551,-14.332
898,22,0,0,9,3,3,1,1,0,0.1603,0.78854,-3.924
899,22,1,1,6,3,4,1,1,0,0.1602,0.33151,22.06
900,34,0,0,8,4,2,1,1,0,0.1601,0.2023,34.07
901,28,0,0,7,4,1,1,1,0,0.16,0.2273,30.233
902,190,4,4,36,17,13,0,1,0,0.1599,0.30721,287.037
903,31,0,0,7,4,4,1,1,0,0.1598,0.27176,30.951
904,64,3,3,19,6,5,1,1,0,0.1597,0.4638,90.536
905,6,0,0,3,1,1,1,1,0,0.1596,0.28457,-4.398
906,27,1,1,7,3,3,1,1,0,0.1595,0.29614,17.43
907,14,0,0,5,2,0,1,1,0,0.1594,0.23907,6.153
908,6,0,0,1,1,1,1,1,0,0.1593,0.28789,-5.227
909,13,0,0,4,2,2,1,1,0,0.1592,1.2626,-16.614
910,14,0,0,5,2,2,1,1,0,0.1591,0.31253,-6.383
911,111,3,3,28,12,6,1,1,0,0.159,0.24023,160.067
912,6,0,0,2,1,0,1,1,0,0.1589,0.20799,-4.279
913,24,1,1,9,3,2,1,1,0,0.1588,0.27649,14.776
914,13,0,0,5,2,1,1,1,0,0.1587,1.14454,-15.635
915,12,0,0,7,2,2,1,1,0,0.1586,0.3469,5.607
916,108,2,2,19,10,10,1,1,0,0.1585,0.42696,139.637
917,60,0,0,14,7,7,1,1,0,0.1584,0.24967,69.304
918,13,0,0,5,2,3,1,1,0,0.1583,1.2222,-14.982
919,133,3,3,36,13,8,1,1,0,0.1582,0.29809,205.672
920,37,0,0,9,5,3,1,1,0,0.1581,0.28542,42.33
921,20,0,0,5,3,2,1,1,0,0.158,0.28514,17.018
922,5,0,0,3,1,3,1,1,0,0.1579,1.44868,-41.988
923,64,2,2,18,7,3,1,1,0,0.1578,0.29313,91.438
924,20,0,0,7,3,3,1,1,0,0.1577,0.70797,-2.197
925,14,0,0,4,2,3,1,1,0,0.1576,0.1767,6.164
926,13,0,0,4,2,2,1,1,0,0.1575,0.58187,-34.289
927,13,0,0,3,2,2,1,1,0,0.1574,1.40421,-17.082
928,37,2,2,9,4,1,1,1,0,0.1573,0.1685,51.839
929,56,1,1,17,7,4,1,1,0,0.1572,0.34431,72.109
930,33,0,0,12,4,6,1,1,0,0.1571,0.48202,21.203
931,15,0,0,3,2,2,1,1,0,0.157,1.1373,-11.589
932,13,0,0,5,2,2,1,1,0,0.1569,0.28013,-6.849
933,36,0,0,10,5,2,1,1,0,0.1568,0.29389,41.898
934,21,0,0,4,3,3,1,1,0,0.1567,0.7905,-2.974
935,5,0,0,3,1,0,1,1,0,0.1566,0.66133,-44.985
936,94,3,3,22,11,7,1,1,0,0.1565,0.25587,133.926
937,15,0,0,6,2,1,1,1,0,0.1564,0.19497,9.551
938,20,0,0,8,3,1,1,1,0,0.1563,0.91562,10.731
939,167,2,2,27,15,8,1,1,0,0.1562,0.32598,243.584
940,29,0,0,6,4,3,1,1,0,0.1561,0.62275,15.081
941,47,2,2,14,5,2,1,1,0,0.156,0.31378,64.354
942,47,0,0,10,6,3,1,1,0,0.1559,0.23884,55.854
943,13,0,0,3,2,1,1,1,0,0.1558,1.18915,-15.61
944,35,1,1,7,4,4,1,1,0,0.1557,0.73272,15.119
945,13,0,0,5,2,4,1,1,0,0.1556,1.20112,-16.001
946,30,0,0,8,4,3,1,1,0,0.1555,0.22299,27.028
947,83,1,1,18,10,7,1,1,0,0.1554,0.52888,104.447
948,6,0,0,3,1,3,1,1,0,0.1553,0.50397,-4.35
949,14,0,0,4,2,3,1,1,0,0.1552,0.16672,6.656
950,6,0,0,2,1,1,1,1,0,0.1551,0.2724,-5.01
951,13,0,0,2,2,2,1,1,0,0.155,0.31008,3.489
952,21,0,0,10,3,4,1,1,0,0.1549,0.32023,20.574
953,14,0,0,5,2,2,1,1,0,0.1548,0.43272,-6.146
954,250,3,3,49,24,15,1,1,0,0.1547,0.3221,350.651
955,20,0,0,6,3,1,1,1,0,0.1546,0.47743,16.369
956,13,0,0,5,2,1,1,1,0,0.1545,0.26579,7.187
957,15,1,1,6,2,2,1,1,0,0.1544,0.16498,12.372
958,7,0,0,3,1,1,1,1,0,0.1543,0.21025,-3.486
959,22,1,1,9,3,1,1,1,0,0.1542,0.30386,24.412
960,145,0,0,27,15,12,1,1,0,0.1541,0.33375,173.087
961,22,1,1,7,3,2,1,1,0,0.154,0.17792,21.672
962,5,0,0,1,1,0,1,1,0,0.1539,0.17258,-6.741
963,40,0,0,7,5,6,1,1,0,0.1538,0.66367,26.311
964,13,0,0,4,2,3,1,1,0,0.1537,1.14311,-17.551
965,98,1,1,18,11,11,1,1,0,0.1536,0.23324,125.306
966,17,1,1,6,2,1,1,1,0,0.1535,0.20126,16.578
967,13,0,0,4,2,0,1,1,0,0.1534,0.2418,7.179
968,19,2,2,8,2,2,1,1,0,0.1533,0.27852,20.319
969,48,0,0,11,6,3,1,1,0,0.1532,0.22424,58.618
970,87,1,1,27,11,3,1,1,0,0.1531,0.37219,117.173
971,167,2,2,29,18,14,1,1,0,0.153,0.40485,221.415
972,29,1,1,5,4,3,1,1,0,0.1529,0.23649,33.25
973,8,0,0,3,1,1,1,1,0,0.1528,0.20087,-2.206
974,13,0,0,2,2,3,1,1,0,0.1527,1.06736,-8.439
975,49,1,1,13,6,4,1,1,0,0.1526,0.4036,52.6
976,232,3,3,34,21,10,0,1,0,0.1525,0.28993,325.911
977,117,2,2,29,14,12,1,1,0,0.1524,0.39319,147.456
978,13,0,0,4,2,2,1,1,0,0.1523,1.19626,-16.936
979,39,1,1,12,4,3,1,1,0,0.1522,0.22,48.142
980,5,0,0,4,1,1,1,1,0,0.1521,2.00725,-39.521
981,22,0,0,6,3,0,1,1,0,0.152,0.23202,19.835
982,38,1,1,9,4,6,1,1,0,0.1519,0.62195,21.172
983,33,1,1,9,4,2,1,1,0,0.1518,0.30744,35.618
984,6,0,0,3,1,1,1,1,0,0.1517,0.2338,-4.571
985,6,0,0,3,1,1,1,1,0,0.1516,0.27214,-4.31
986,91,0,0,18,10,10,1,1,0,0.1515,0.23528,112.936
987,73,2,2,16,7,6,1,1,0,0.1514,0.25217,96.835
988,146,3,3,27,14,7,1,1,0,0.1513,0.25042,200.388
989,14,0,0,5,2,1,1,1,0,0.1512,0.31141,-5.929
990,7,0,0,2,1,2,1,1,0,0.1511,0.20104,-4.436
991,6,0,0,3,1,0,1,1,0,0.151,0.23908,-4.05
992,21,0,0,8,3,1,1,1,0,0.1509,0.33642,5.851
993,190,2,2,37,20,12,1,1,0,0.1508,0.31151,251.191
994,26,1,1,9,3,5,1,1,0,0.1507,0.48859,12.561
995,119,3,3,19,9,7,1,1,0,0.1506,0.51089,161.275
996,29,0,0,9,4,3,1,1,0,0.1505,0.49287,14.622
997,44,2,2,11,4,3,0,1,0,0.1504,0.36504,63.54
998,14,0,0,4,2,3,1,1,0,0.1503,1.14915,-15.544
999,20,0,0,8,3,2,1,1,0,0.1502,0.41931,4.158
1000,47,0,0,12,6,4,1,1,0,0.1501,0.54212,31.58
1001,36,1,1,9,4,3,1,1,0,0.15,0.48095,32.83
1002,13,0,0,5,2,4,1,1,0,0.1499,1.13381,-17.434
1003,20,0,0,6,3,1,1,1,0,0.1498,0.65737,-2.994
1004,13,0,0,3,2,2,1,1,0,0.1497,0.30572,-8.12
1005,6,0,0,3,1,1,1,1,0,0.1496,0.22012,-4.417
1006,206,7,7,47,21,9,0,1,0,0.1495,0.30036,292.33
1007,13,0,0,4,2,4,1,1,0,0.1494,1.26132,-18.051
1008,6,0,0,3,1,1,1,1,0,0.1493,0.21999,-4.373
1009,163,3,3,39,15,12,0,1,0,0.1492,0.38132,237.005
1010,76,1,1,18,9,9,1,1,0,0.1491,0.32757,72.235
1011,54,0,0,16,6,3,1,1,0,0.149,0.25317,64.229
1012,45,2,2,17,5,2,1,1,0,0.1489,0.39361,50.74
1013,32,0,0,6,3,4,0,1,0,0.1488,0.38692,39.659
1014,6,0,0,3,1,1,1,1,0,0.1487,0.47344,-3.833
1015,16,1,1,4,2,3,1,1,0,0.1486,0.21749,12.665
1016,18,1,1,7,2,3,1,1,0,0.1485,0.80611,-5.085
1017,13,0,0,5,2,1,1,1,0,0.1484,0.28157,-6.898
1018,14,0,0,5,2,4,1,1,0,0.1483,1.14874,-15.947
1019,13,0,0,5,2,4,1,1,0,0.1482,1.26074,-16.601
1020,30,0,0,10,4,3,1,1,0,0.1481,0.41303,32.301
1021,20,0,0,5,3,2,1,1,0,0.148,0.87923,-6.709
1022,7,0,0,1,1,2,1,1,0,0.1479,0.52804,-3.612
1023,28,0,0,7,4,4,1,1,0,0.1478,0.22387,28.08
1024,87,1,1,14,9,4,1,1,0,0.1477,0.33477,100.734
1025,13,0,0,5,2,0,1,1,0,0.1476,0.19492,7.364
1026,93,3,3,34,9,8,1,1,0,0.1475,0.41818,115.751
1027,42,1,1,13,5,4,1,1,0,0.1474,0.51921,32.735
1028,26,1,1,5,3,0,1,1,0,0.1473,0.51969,18.417
1029,50,1,1,12,6,3,1,1,0,0.1472,0.57111,63.704
1030,30,0,0,9,4,3,1,1,0,0.1471,0.52149,18.041
1031,16,1,1,5,2,0,1,1,0,0.147,0.66537,-6.129
1032,7,0,0,2,1,0,1,1,0,0.1469,0.23642,-3.113
1033,50,0,0,9,6,3,1,1,0,0.1468,0.24888,55.524
1034,20,0,0,7,3,1,1,1,0,0.1467,0.19511,17.72
1035,63,2,2,17,7,5,1,1,0,0.1466,0.4911,84.056
1036,32,1,1,11,4,1,1,1,0,0.1465,0.235,40.774
1037,7,0,0,2,1,0,1,1,0,0.1464,0.24528,-3.221
1038,13,0,0,4,2,0,1,1,0,0.1463,0.51926,-6.2
1039,59,2,2,12,7,4,1,1,0,0.1462,0.32187,79.09
1040,14,0,0,5,2,2,1,1,0,0.1461,0.17657,7.619
1041,38,0,0,11,5,4,1,1,0,0.146,0.38449,39.456
1042,13,0,0,3,2,1,1,1,0,0.1459,0.22208,6.021
1043,36,1,1,11,4,4,1,1,0,0.1458,0.25119,46.068
1044,44,0,0,9,6,3,1,1,0,0.1457,0.26943,51.388
1045,142,3,3,26,15,12,0,1,0,0.1456,0.39033,189.876
1046,32,3,3,10,3,4,1,1,0,0.1455,0.19873,44.334
1047,39,1,1,12,4,1,1,1,0,0.1454,0.36557,34.766
1048,13,0,0,4,2,1,1,1,0,0.1453,0.62714,6.195
1049,30,0,0,12,4,0,1,1,0,0.1452,0.23828,34.974
1050,43,1,1,14,5,3,1,1,0,0.1451,0.52208,32.045
1051,43,0,0,9,5,2,1,1,0,0.145,0.24341,48.04
1052,6,0,0,2,1,1,1,1,0,0.1449,0.19984,-4.88
1053,226,3,3,36,22,9,1,1,0,0.1448,0.33822,276.732
1054,84,0,0,18,10,8,1,1,0,0.1447,0.27479,100.279
1055,45,0,0,11,6,3,1,1,0,0.1446,0.41859,10.154
1056,73,3,3,28,7,11,1,1,0,0.1445,0.37511,93.028
1057,153,3,3,30,16,15,1,1,0,0.1444,0.41752,193.431
1058,6,0,0,2,1,1,1,1,0,0.1443,0.21754,-4.994
1059,13,0,0,5,2,0,1,1,0,0.1442,0.42351,-6.567
1060,21,0,0,6,3,3,1,1,0,0.1441,0.51398,3.531
1061,65,1,1,13,7,3,1,1,0,0.144,0.22687,81.257
1062,97,0,0,24,11,3,1,1,0,0.1439,0.33642,119.704
1063,13,0,0,4,2,2,1,1,0,0.1438,0.39663,-7.453
1064,38,0,0,8,5,3,1,1,0,0.1437,0.32226,41.757
1065,58,3,3,15,6,5,1,1,0,0.1436,0.35037,52.629
1066,6,0,0,2,1,1,1,1,0,0.1435,0.21657,-4.978
1067,76,2,2,21,9,4,1,1,0,0.1434,0.3928,98.846
1068,5,0,0,1,1,2,1,1,0,0.1433,1.05012,-6.536
1069,178,5,5,45,19,11,1,1,0,0.1432,0.2997,265.595
1070,60,1,1,22,7,5,1,1,0,0.1431,0.26435,81.682
1071,44,1,1,10,5,7,1,1,0,0.143,0.25005,54.661
1072,13,0,0,4,2,0,1,1,0,0.1429,1.10005,-16.893
1073,21,0,0,6,3,0,1,1,0,0.1428,0.21847,18.326
1074,42,0,0,11,5,3,1,1,0,0.1427,0.36487,13.836
1075,13,0,0,4,2,1,1,1,0,0.1426,0.86363,-8.571
1076,77,2,2,16,8,7,1,1,0,0.1425,0.31253,108.472
1077,23,1,1,7,3,0,1,1,0,0.1424,0.28801,23.884
1078,6,0,0,1,1,1,1,1,0,0.1423,0.33295,-5.604
1079,19,1,1,5,2,0,1,1,0,0.1422,0.3283,17.668
1080,13,0,0,4,2,1,1,1,0,0.1421,0.2579,7.608
1081,13,0,0,2,2,1,1,1,0,0.142,0.28665,5.28
1082,20,0,0,6,3,2,1,1,0,0.1419,0.66064,-4.49
1083,100,0,0,23,12,4,1,1,0,0.1418,0.26074,131.115
1084,5,0,0,1,1,1,1,1,0,0.1417,1.05011,-19.158
1085,6,0,0,3,1,1,1,1,0,0.1416,0.25112,-4.276
1086,52,0,0,9,7,5,1,1,0,0.1415,0.28141,64.094
1087,6,0,0,2,1,1,1,1,0,0.1414,0.23702,-5.078
1088,20,0,0,6,3,3,1,1,0,0.1413,0.9142,-4.74
1089,13,0,0,5,2,1,1,1,0,0.1412,0.24743,7.796
1090,50,1,1,12,6,2,1,1,0,0.1411,0.17756,65.507
1091,46,0,0,11,6,4,1,1,0,0.141,0.26988,52.013
1092,67,0,0,18,8,5,1,1,0,0.1409,0.23304,82.633
1093,20,0,0,7,3,1,1,1,0,0.1408,0.66215,6.176
1094,59,1,1,15,7,3,1,1,0,0.1407,0.33065,65.988
1095,7,0,0,3,1,1,1,1,0,0.1406,0.2166,-3.663
1096,44,1,1,14,5,3,1,1,0,0.1405,0.21897,56.83
1097,64,2,2,16,7,0,1,1,0,0.1404,0.24423,87.091
1098,30,1,1,8,4,2,1,1,0,0.1403,0.48986,23.507
1099,13,0,0,5,2,2,1,1,0,0.1402,0.85455,-7.86
1100,97,4,4,19,9,6,1,1,0,0.1401,0.23238,149.192
1101,79,2,2,14,8,6,1,1,0,0.14,0.47101,108.693
1102,49,1,1,12,6,5,1,1,0,0.1399,0.37335,52.938
1103,38,0,0,11,5,5,1,1,0,0.1398,0.49012,12.338
1104,13,0,0,4,2,2,1,1,0,0.1397,1.22263,-16.783
1105,22,0,0,8,3,1,1,1,0,0.1396,0.18769,20.465
1106,6,0,0,2,1,1,1,1,0,0.1395,0.24088,-4.822
1107,176,2,2,34,19,10,1,1,0,0.1394,0.22784,242.944
1108,13,0,0,4,2,1,1,1,0,0.1393,0.21495,6.834
1109,77,0,0,8,6,9,1,1,0,0.1392,0.54613,103.156
1110,6,0,0,2,1,1,1,1,0,0.1391,0.25578,-4.815
1111,83,1,1,24,10,5,1,1,0,0.139,0.25381,108.703
1112,33,1,1,6,4,0,1,1,0,0.1389,0.21891,38.331
1113,63,1,1,21,7,5,1,1,0,0.1388,0.41097,65.163
1114,31,1,1,11,4,2,1,1,0,0.1387,0.47252,35.936
1115,13,0,0,2,2,2,1,1,0,0.1386,1.27605,-24.107
1116,20,0,0,4,3,3,1,1,0,0.1385,0.25594,14.762
1117,37,0,0,9,4,3,1,1,0,0.1384,0.23649,39.374
1118,19,1,1,5,2,3,1,1,0,0.1383,0.61079,-5.064
1119,63,1,1,18,7,4,1,1,0,0.1382,0.24209,79.134
1120,28,0,0,6,4,3,1,1,0,0.1381,0.25845,14.277
1121,24,0,0,7,3,4,1,1,0,0.138,0.44137,6.657
1122,6,0,0,1,1,1,1,1,0,0.1379,0.27463,-5.256
1123,28,0,0,15,4,2,1,1,0,0.1378,0.43523,30.71
1124,6,0,0,3,1,1,1,1,0,0.1377,0.27094,-4.24
1125,11,0,0,3,1,1,1,1,0,0.1376,0.13443,1.709
1126,14,0,0,4,2,3,1,1,0,0.1375,1.13076,-16.797
1127,62,1,1,12,7,8,1,1,0,0.1374,0.50425,73.204
1128,13,0,0,6,2,2,1,1,0,0.1373,0.27699,5.559
1129,60,0,0,15,7,3,1,1,0,0.1372,0.27329,72.076
1130,5,0,0,2,1,2,1,1,0,0.1371,2.42687,-30.238
1131,39,1,1,9,4,7,1,1,0,0.137,0.37021,43.396
1132,24,0,0,9,3,0,1,1,0,0.1369,0.24484,24.855
1133,62,2,2,20,6,5,0,1,0,0.1368,0.26123,98.998
1134,52,0,0,13,6,4,1,1,0,0.1367,0.29284,59.245
1135,5,0,0,2,1,2,1,1,0,0.1366,0.5701,-5.851
1136,198,6,6,40,17,6,1,1,0,0.1365,0.2897,299.351
1137,98,2,2,25,10,7,0,1,0,0.1364,0.29699,142.838
1138,13,0,0,5,2,2,1,1,0,0.1363,0.32051,8.167
1139,20,0,0,6,3,1,1,1,0,0.1362,0.85059,-14.238
1140,112,1,1,14,10,9,1,1,0,0.1361,0.34811,147.162
1141,13,0,0,4,2,1,1,1,0,0.136,1.18025,-16.625
1142,28,1,1,10,3,4,1,1,0,0.1359,0.26741,33.201
1143,153,3,3,29,14,9,1,1,0,0.1358,0.27228,211.048
1144,217,3,3,39,21,16,0,1,0,0.1357,0.38417,300.932
1145,13,0,0,5,2,4,1,1,0,0.1356,1.12931,-19.613
1146,6,0,0,2,1,2,1,1,0,0.1355,0.16144,-4.92
1147,20,0,0,7,3,3,1,1,0,0.1354,0.46424,14.715
1148,5,0,0,4,1,2,1,1,0,0.1353,2.09451,-37.279
1149,90,3,3,22,9,5,1,1,0,0.1352,0.28309,89.637
1150,93,3,3,20,8,10,1,1,0,0.1351,0.359,131.307
1151,13,0,0,5,2,2,1,1,0,0.135,1.19272,-18.344
1152,81,2,2,19,9,6,1,1,0,0.1349,0.44838,79.814
1153,31,0,0,9,4,3,1,1,0,0.1348,0.29238,29.513
1154,23,1,1,6,3,4,1,1,0,0.1347,0.73101,-1.689
1155,20,1,1,4,2,3,1,1,0,0.1346,0.19274,16.476
1156,61,1,1,11,6,5,1,1,0,0.1345,0.25517,79.853
1157,55,0,0,13,6,4,1,1,0,0.1344,0.4628,42.128
1158,175,2,2,23,13,15,0,1,0,0.1343,0.35596,266.991
1159,7,0,0,2,1,0,1,1,0,0.1342,0.21619,-2.958
1160,62,1,1,13,7,4,1,1,0,0.1341,0.47848,65.681
1161,13,0,0,3,2,4,1,1,0,0.134,1.37171,-18.763
1162,28,0,0,11,4,3,1,1,0,0.1339,0.55625,-1.98
1163,39,0,0,11,5,3,1,1,0,0.1338,0.562,15.886
1164,47,0,0,15,6,3,1,1,0,0.1337,0.41367,12.981
1165,13,0,0,5,2,2,1,1,0,0.1336,1.17912,-19.177
1166,14,0,0,4,2,5,1,1,0,0.1335,1.01918,-21.293
1167,6,0,0,3,1,1,1,1,0,0.1334,0.27278,-4.756
1168,107,1,1,30,12,5,1,1,0,0.1333,0.33028,120.91
1169,6,0,0,3,1,1,1,1,0,0.1332,0.20176,-4.582
1170,13,0,0,3,2,0,1,1,0,0.1331,0.50605,-7.713
1171,30,1,1,7,3,1,1,1,0,0.133,0.39173,21.488
1172,53,0,0,12,6,5,1,1,0,0.1329,0.44303,58.481
1173,32,2,2,10,3,2,1,1,0,0.1328,0.20571,43.453
1174,13,0,0,4,2,1,1,1,0,0.1327,0.2356,6.712
1175,61,1,1,18,8,3,1,1,0,0.1326,0.28763,78.863
1176,120,2,2,25,11,5,1,1,0,0.1325,0.31536,184.803
1177,6,0,0,3,1,1,1,1,0,0.1324,0.21074,-4.513
1178,25,1,1,6,3,0,1,1,0,0.1323,0.19588,26.329
1179,98,2,2,12,7,4,0,1,0,0.1322,0.3693,151.583
1180,14,0,0,4,2,1,1,1,0,0.1321,0.26823,6.894
1181,17,1,1,3,2,2,1,1,0,0.132,0.28246,12.377
1182,46,0,0,18,6,2,1,1,0,0.1319,0.35929,40.165
1183,32,1,1,7,4,5,0,1,0,0.1318,0.57132,37.954
1184,66,0,0,16,8,5,1,1,0,0.1317,0.47099,68.149
1185,6,0,0,3,1,1,1,1,0,0.1316,0.25517,-4.808
1186,113,3,3,28,11,6,0,1,0,0.1315,0.39384,165.205
1187,47,0,0,10,6,2,1,1,0,0.1314,0.45256,15.261
1188,111,1,1,20,11,12,0,1,0,0.1313,0.42501,143.489
1189,26,1,1,7,3,3,1,1,0,0.1312,0.33591,14.871
1190,252,4,4,51,27,15,1,1,0,0.1311,0.3501,329.108
1191,98,5,5,25,9,8,1,1,0,0.131,0.39826,130.161
1192,15,0,0,4,2,1,1,1,0,0.1309,0.98918,-16.846
1193,6,0,0,3,1,1,1,1,0,0.1308,0.33222,-4.103
1194,20,0,0,5,3,2,1,1,0,0.1307,0.74363,-5.687
1195,56,1,1,16,7,4,1,1,0,0.1306,0.47084,68.713
1196,53,0,0,11,7,3,1,1,0,0.1305,0.40686,27.588
1197,21,0,0,6,3,0,1,1,0,0.1304,0.22365,18.392
1198,41,0,0,12,5,1,1,1,0,0.1303,0.24041,45.213
1199,14,0,0,3,2,4,1,1,0,0.1302,0.92826,-7.181
1200,79,4,4,17,5,4,1,1,0,0.1301,0.25472,123.079
1201,35,1,1,6,4,2,1,1,0,0.13,0.39681,25.629
1202,129,5,5,38,14,7,1,1,0,0.1299,0.26773,183.085
1203,99,1,1,19,10,4,1,1,0,0.1298,0.37448,143.854
1204,18,1,1,9,2,1,1,1,0,0.1297,0.31661,16.998
1205,17,1,1,5,2,2,1,1,0,0.1296,0.60864,2.976
1206,5,0,0,3,1,0,1,1,0,0.1295,0.76959,-18.547
1207,13,0,0,3,2,1,1,1,0,0.1294,1.1744,-17.591
1208,66,0,0,16,8,2,1,1,0,0.1293,0.25535,81.263
1209,40,0,0,11,5,5,1,1,0,0.1292,0.30369,40.246
1210,37,0,0,9,5,3,1,1,0,0.1291,0.3141,39.005
1211,22,0,0,6,3,5,1,1,0,0.129,0.56826,-5.431
1212,14,0,0,4,2,1,1,1,0,0.1289,0.2589,7.03
1213,21,0,0,6,3,2,1,1,0,0.1288,0.51455,15.849
1214,15,0,0,3,2,6,1,1,0,0.1287,0.98884,-17.555
1215,13,0,0,4,2,2,1,1,0,0.1286,0.34708,5.167
1216,71,1,1,22,8,5,1,1,0,0.1285,0.33932,89.063
1217,37,0,0,8,5,0,1,1,0,0.1284,0.2301,41.736
1218,29,1,1,8,3,2,1,1,0,0.1283,0.62858,-1.447
1219,77,1,1,14,8,1,0,1,0,0.1282,0.34123,111.074
1220,5,0,0,3,1,1,1,1,0,0.1281,1.71297,-41.086
1221,109,1,1,25,12,7,1,1,0,0.128,0.39427,125.419
1222,29,0,0,9,4,2,1,1,0,0.1279,0.72003,15.962
1223,40,0,0,10,5,2,1,1,0,0.1278,0.22053,44.108
1224,44,0,0,12,5,2,1,1,0,0.1277,0.47544,52.107
1225,13,0,0,4,2,2,1,1,0,0.1276,1.35338,-17.785
1226,212,4,4,42,19,11,1,1,0,0.1275,0.25997,292.151
1227,36,1,1,12,4,2,1,1,0,0.1274,0.28869,39.308
1228,21,0,0,7,3,2,1,1,0,0.1273,0.53335,-5.186
1229,13,0,0,4,2,3,1,1,0,0.1272,1.15603,-19.649
1230,6,0,0,2,1,1,1,1,0,0.1271,0.18584,-5.057
1231,39,1,1,6,5,4,1,1,0,0.127,0.26132,49.837
1232,7,0,0,3,1,0,1,1,0,0.1269,0.24868,-2.936
1233,13,0,0,4,2,1,1,1,0,0.1268,1.04025,-18.057
1234,5,0,0,2,1,1,1,1,0,0.1267,0.80698,-19.35
1235,167,3,3,37,18,10,1,1,0,0.1266,0.28302,230.305
1236,5,0,0,2,1,2,1,1,0,0.1265,3.92826,-23.868
1237,6,0,0,2,1,1,1,1,0,0.1264,0.2306,-5.062
1238,7,0,0,2,1,1,1,1,0,0.1263,0.21133,-4.088
1239,17,1,1,5,2,2,1,1,0,0.1262,0.2083,13.304
1240,132,0,0,21,13,9,1,1,0,0.1261,0.34718,180.122
1241,231,4,4,52,23,12,1,1,0,0.126,0.38722,309.775
1242,5,0,0,3,1,2,1,1,0,0.1259,2.30631,-19.071
1243,13,0,0,4,2,0,1,1,0,0.1258,0.26895,6.655
1244,7,0,0,2,1,2,1,1,0,0.1257,0.21382,-4.597
1245,18,1,1,7,2,2,1,1,0,0.1256,0.13928,17.252
1246,14,0,0,5,2,2,1,1,0,0.1255,0.44495,8.111
1247,170,3,3,38,18,13,0,1,0,0.1254,0.38403,244.146
1248,21,0,0,4,3,3,1,1,0,0.1253,0.90158,-6.112
1249,39,1,1,14,5,4,1,1,0,0.1252,0.57431,46.737
1250,21,0,0,9,3,0,1,1,0,0.1251,0.59368,19.58
1251,13,0,0,3,2,1,1,1,0,0.125,0.3032,-7.102
1252,12,0,0,7,2,2,1,1,0,0.1249,0.97804,-8.41
1253,49,2,2,15,5,4,1,1,0,0.1248,0.30163,63.629
1254,37,0,0,8,5,4,1,1,0,0.1247,0.47037,7.632
1255,64,1,1,19,7,5,1,1,0,0.1246,0.30771,86.687
1256,16,1,1,4,2,1,1,1,0,0.1245,0.5433,-1.628
1257,15,0,0,3,2,1,1,1,0,0.1244,0.19579,8.846
1258,6,0,0,3,1,1,1,1,0,0.1243,0.28139,-4.783
1259,254,8,3,47,25,8,1,1,0,0.1242,0.28185,335.102
1260,159,4,4,35,14,7,0,1,0,0.1241,0.32694,227.984
1261,5,0,0,2,1,3,1,1,0,0.124,1.95535,-40.03
1262,74,2,2,16,9,3,1,1,0,0.1239,0.39826,83.095
1263,100,7,2,22,10,4,1,1,0,0.1238,0.32373,142.583
1264,91,3,3,30,11,4,0,1,0,0.1237,0.37582,136.914
1265,28,1,1,6,3,0,1,1,0,0.1236,0.14539,32.955
1266,13,0,0,3,2,2,1,1,0,0.1235,1.19018,-19.227
1267,111,4,4,29,10,6,1,1,0,0.1234,0.29822,129.555
1268,134,1,1,20,13,9,1,1,0,0.1233,0.24576,181.425
1269,122,1,1,23,14,6,0,1,0,0.1232,0.32803,184.258
1270,5,0,0,1,1,0,1,1,0,0.1231,0.29787,-4.964
1271,69,2,2,18,7,2,1,1,0,0.123,0.23974,94.928
1272,5,0,0,4,1,1,1,1,0,0.1229,1.57845,-38.564
1273,7,0,0,3,1,3,1,1,0,0.1228,0.12951,-4.497
1274,36,1,1,10,4,1,1,1,0,0.1227,0.24693,41.754
1275,13,0,0,2,2,3,1,1,0,0.1226,0.72852,-27.799
1276,32,0,0,10,4,2,1,1,0,0.1225,0.17245,30.738
1277,13,0,0,5,2,1,1,1,0,0.1224,0.24418,4.987
1278,7,0,0,2,1,1,1,1,0,0.1223,0.25156,-4.499
1279,6,0,0,3,1,1,1,1,0,0.1222,0.24263,-4.701
1280,100,3,3,29,11,6,1,1,0,0.1221,0.3719,136.484
1281,6,0,0,3,1,1,1,1,0,0.122,0.27797,-4.883
1282,66,0,0,30,8,5,1,1,0,0.1219,0.51604,61.482
1283,20,0,0,5,3,3,1,1,0,0.1218,0.64206,3.11
1284,31,0,0,6,4,2,1,1,0,0.1217,0.2531,35.36
1285,7,0,0,3,1,1,1,1,0,0.1216,0.23099,-3.97
1286,111,2,2,22,10,6,1,1,0,0.1215,0.33808,146.19
1287,54,0,0,13,7,5,1,1,0,0.1214,0.34636,57.863
1288,13,0,0,4,2,1,1,1,0,0.1213,0.26532,-7.534
1289,14,0,0,4,2,0,1,1,0,0.1212,0.22472,7.709
1290,100,2,2,20,11,2,1,1,0,0.1211,0.2598,100.044
1291,228,3,3,31,21,17,1,1,0,0.121,0.34197,282.562
1292,45,1,1,9,5,4,1,1,0,0.1209,0.36615,41.75
1293,62,1,1,13,7,5,1,1,0,0.1208,0.38762,77.626
1294,5,0,0,4,1,1,1,1,0,0.1207,1.75614,-41.32
1295,5,0,0,2,1,1,1,1,0,0.1206,0.27847,-19.204
1296,117,1,1,18,11,7,1,1,0,0.1205,0.3394,153.918
1297,27,1,1,7,3,5,1,1,0,0.1204,0.1888,25.325
1298,20,0,0,6,3,3,1,1,0,0.1203,0.54813,3.661
1299,6,0,0,2,1,0,1,1,0,0.1202,0.28786,-4.959
1300,13,0,0,6,2,3,1,1,0,0.1201,0.35945,5.744
1301,27,1,1,7,3,1,1,1,0,0.12,0.37847,18.785
1302,59,0,0,10,7,5,1,1,0,0.1199,0.42213,62.156
1303,21,0,0,6,3,0,1,1,0,0.1198,0.20518,18.736
1304,13,0,0,3,2,1,1,1,0,0.1197,0.22875,5.247
1305,43,2,2,11,5,3,1,1,0,0.1196,0.1819,55.28
1306,7,0,0,2,1,3,1,1,0,0.1195,0.25499,-4.645
1307,39,0,0,14,5,3,1,1,0,0.1194,0.43221,44.298
1308,102,5,5,23,9,8,0,1,0,0.1193,0.38507,158.335
1309,204,3,3,43,20,9,1,1,0,0.1192,0.27769,297.688
1310,97,2,2,13,9,5,1,1,0,0.1191,0.33661,121.15
1311,23,0,0,8,3,2,1,1,0,0.119,0.3464,6.367
1312,5,0,0,1,1,1,1,1,0,0.1189,2.3878,-30.017
1313,17,1,1,4,2,2,1,1,0,0.1188,0.22632,13.116
1314,35,1,1,9,4,3,1,1,0,0.1187,0.23203,39.206
1315,39,0,0,9,5,3,1,1,0,0.1186,0.57351,19.664
1316,95,0,0,19,10,2,1,1,0,0.1185,0.25309,121.24
1317,50,0,0,14,6,6,1,1,0,0.1184,0.41108,53.747
1318,52,0,0,11,6,6,1,1,0,0.1183,0.1849,59.549
1319,16,0,0,5,2,3,1,1,0,0.1182,0.19842,6.915
1320,99,0,0,17,11,5,1,1,0,0.1181,0.32613,134.707
1321,13,0,0,4,2,3,1,1,0,0.118,1.01736,-20.587
1322,13,0,0,3,2,1,1,1,0,0.1179,0.24494,4.987
1323,13,0,0,4,2,3,1,1,0,0.1178,0.96885,-18.683
1324,91,1,1,25,10,8,1,1,0,0.1177,0.39321,112.032
1325,22,0,0,4,3,4,1,1,0,0.1176,0.57103,4.942
1326,156,3,3,33,15,12,1,1,0,0.1175,0.3669,222.422
1327,87,2,2,19,10,5,1,1,0,0.1174,0.28535,111.635
1328,103,2,2,21,12,11,1,1,0,0.1173,0.22574,132.755
1329,43,3,3,11,4,5,1,1,0,0.1172,0.38325,36.119
1330,5,0,0,2,1,3,1,1,0,0.1171,1.85285,-41.124
1331,6,0,0,2,1,1,1,1,0,0.117,0.33212,-5.185
1332,20,0,0,7,3,1,1,1,0,0.1169,0.58829,-6.576
1333,75,2,2,21,8,4,1,1,0,0.1168,0.33793,82.539
1334,6,0,0,1,1,1,1,1,0,0.1167,0.31089,-5.473
1335,22,0,0,5,3,2,1,1,0,0.1166,0.82903,-5.45
1336,13,0,0,4,2,3,1,1,0,0.1165,0.9996,-21.352
1337,6,0,0,3,1,4,1,1,0,0.1164,1.53721,-19.326
1338,20,0,0,9,3,2,1,1,0,0.1163,0.18806,18.402
1339,90,2,2,23,11,5,1,1,0,0.1162,0.25953,118.143
1340,38,0,0,11,5,0,1,1,0,0.1161,0.20751,43.518
1341,57,0,0,13,7,6,1,1,0,0.116,0.26202,64.864
1342,41,1,1,16,5,3,1,1,0,0.1159,0.40198,39.673
1343,6,0,0,2,1,0,1,1,0,0.1158,0.26044,-4.813
1344,7,0,0,3,1,0,1,1,0,0.1157,0.23275,-3.088
1345,13,0,0,4,2,3,1,1,0,0.1156,1.27176,-19.095
1346,44,1,1,12,5,6,1,1,0,0.1155,0.32326,30.407
1347,66,2,2,25,8,6,1,1,0,0.1154,0.20852,88.749
1348,120,2,2,40,14,3,1,1,0,0.1153,0.3777,144.671
1349,38,0,0,9,5,1,1,1,0,0.1152,0.23942,41.559
1350,31,0,0,9,4,1,1,1,0,0.1151,0.20655,33.863
1351,68,4,4,24,8,2,1,1,0,0.115,0.34005,93.425
1352,20,0,0,6,3,0,1,1,0,0.1149,0.48525,3.028
1353,15,0,0,6,2,1,1,1,0,0.1148,0.40621,-4.719
1354,179,1,1,30,19,9,1,1,0,0.1147,0.34838,204.378
1355,41,0,0,13,5,1,1,1,0,0.1146,0.20059,47.511
1356,168,4,4,37,19,12,0,1,0,0.1145,0.3009,234.002
1357,5,0,0,4,1,1,1,1,0,0.1144,1.64233,-42.198
1358,59,1,1,16,6,6,1,1,0,0.1143,0.20711,71.668
1359,127,2,2,34,15,4,0,1,0,0.1142,0.33217,178.833
1360,73,2,2,23,8,6,1,1,0,0.1141,0.33384,86.652
1361,6,0,0,3,1,1,1,1,0,0.114,0.24341,-4.722
1362,29,0,0,8,4,1,1,1,0,0.1139,0.1967,30.108
1363,93,0,0,20,11,5,1,1,0,0.1138,0.30336,114.725
1364,95,1,1,21,11,6,1,1,0,0.1137,0.25706,121.38
1365,20,0,0,6,3,0,1,1,0,0.1136,0.48016,2.74
1366,20,0,0,7,3,0,1,1,0,0.1135,0.24615,17.776
1367,30,0,0,7,4,3,1,1,0,0.1134,0.24601,28.705
1368,5,0,0,4,1,2,1,1,0,0.1133,1.5371,-40.185
1369,13,0,0,5,2,2,1,1,0,0.1132,1.13214,-18.239
1370,40,0,0,13,5,3,1,1,0,0.1131,0.2135,42.952
1371,7,0,0,2,1,1,1,1,0,0.113,0.22883,-4.117
1372,87,2,2,26,9,7,1,1,0,0.1129,0.3801,106.159
1373,116,2,2,28,11,8,0,1,0,0.1128,0.27336,162.491
1374,20,0,0,7,3,1,1,1,0,0.1127,0.67363,-6.907
1375,139,3,3,22,14,7,1,1,0,0.1126,0.35844,189.311
1376,38,0,0,11,5,1,1,1,0,0.1125,0.30356,7.273
1377,39,1,1,11,5,4,1,1,0,0.1124,0.27359,45.657
1378,93,3,3,23,9,4,1,1,0,0.1123,0.18291,129.489
1379,29,0,0,8,4,1,1,1,0,0.1122,0.24377,30.035
1380,215,4,4,44,21,14,1,1,0,0.1121,0.28923,298.267
1381,22,0,0,7,3,3,1,1,0,0.112,0.33666,18.065
1382,21,0,0,7,3,1,1,1,0,0.1119,0.28309,18.324
1383,74,1,1,19,8,6,0,1,0,0.1118,0.389,109.083
1384,44,1,1,11,5,3,1,1,0,0.1117,0.43147,57.659
1385,125,3,3,29,12,7,1,1,0,0.1116,0.24849,170.402
1386,14,0,0,4,2,4,1,1,0,0.1115,1.14207,-18.071
1387,120,1,1,28,14,5,1,1,0,0.1114,0.21343,161.359
1388,6,0,0,2,1,1,1,1,0,0.1113,0.26751,-5.23
1389,7,0,0,3,1,0,1,1,0,0.1112,0.24565,-2.935
1390,13,0,0,4,2,2,1,1,0,0.1111,1.02267,-21.077
1391,27,0,0,6,4,3,1,1,0,0.111,0.20129,25.299
1392,6,0,0,3,1,1,1,1,0,0.1109,0.27036,-4.576
1393,201,6,6,45,22,9,1,1,0,0.1108,0.34773,291.636
1394,90,2,2,20,9,4,1,1,0,0.1107,0.3439,119.403
1395,75,1,1,18,9,3,1,1,0,0.1106,0.19135,98.041
1396,17,1,1,7,2,2,1,1,0,0.1105,0.98574,-19.66
1397,154,3,3,23,16,10,1,1,0,0.1104,0.44298,195.583
1398,64,0,0,13,8,2,1,1,0,0.1103,0.2515,79.798
1399,22,0,0,5,3,3,1,1,0,0.1102,0.26263,16.501
1400,13,0,0,5,2,1,1,1,0,0.1101,0.93737,-18.256
1401,147,2,2,38,16,9,1,1,0,0.11,0.25297,207.358
1402,5,0,0,3,1,1,1,1,0,0.1099,1.56326,-40.825
1403,55,2,2,14,6,7,1,1,0,0.1098,0.21349,66.426
1404,21,0,0,6,3,0,1,1,0,0.1097,0.17267,17.906
1405,7,0,0,3,1,2,1,1,0,0.1096,0.2271,-4.209
1406,20,0,0,7,3,1,1,1,0,0.1095,0.4478,1.531
1407,13,0,0,5,2,1,1,1,0,0.1094,0.30499,6.579
1408,35,0,0,8,4,4,1,1,0,0.1093,0.24434,34.23
1409,13,0,0,3,2,1,1,1,0,0.1092,0.46336,-34.451
1410,64,0,0,17,8,5,1,1,0,0.1091,0.28513,63.789
1411,197,11,6,47,18,16,0,1,0,0.109,0.42261,273.945
1412,13,0,0,2,2,1,1,1,0,0.1089,0.32611,-8.299
1413,49,0,0,19,6,2,1,1,0,0.1088,0.50688,26.43
1414,20,0,0,6,3,3,1,1,0,0.1087,0.40347,-24.876
1415,90,2,2,15,8,6,1,1,0,0.1086,0.31187,112.79
1416,67,1,1,18,8,7,1,1,0,0.1085,0.2521,81.008
1417,43,0,0,10,5,2,1,1,0,0.1084,0.50402,25.91
1418,70,0,0,22,8,9,1,1,0,0.1083,0.19077,84.57
1419,104,2,2,17,12,0,1,1,0,0.1082,0.35572,97.311
1420,32,1,1,10,4,3,1,1,0,0.1081,0.64543,14.28
1421,13,0,0,5,2,1,1,1,0,0.108,0.29916,6.367
1422,6,0,0,2,1,1,1,1,0,0.1079,1.69002,-32.327
1423,31,1,1,8,4,1,1,1,0,0.1078,0.40691,34.115
1424,76,1,1,23,10,2,1,1,0,0.1077,0.27031,99.793
1425,48,1,1,15,6,3,1,1,0,0.1076,0.41395,33.599
1426,61,0,0,16,7,4,1,1,0,0.1075,0.47698,39.717
1427,18,1,1,4,2,0,1,1,0,0.1074,0.65844,-9.801
1428,15,0,0,6,2,1,1,1,0,0.1073,0.2275,8.514
1429,173,4,4,35,19,14,1,1,0,0.1072,0.27344,241.289
1430,8,0,0,2,1,1,1,1,0,0.1071,0.22545,-3.345
1431,54,3,3,10,6,3,1,1,0,0.107,0.44819,64.83
1432,13,0,0,3,2,1,1,1,0,0.1069,0.27807,5.009
1433,24,1,1,9,3,3,1,1,0,0.1068,0.25805,10.432
1434,23,1,1,8,3,2,1,1,0,0.1067,0.20108,23.037
1435,5,0,0,4,1,2,1,1,0,0.1066,1.51157,-40.907
1436,25,1,1,5,3,1,1,1,0,0.1065,0.21811,26.545
1437,112,1,1,20,12,4,1,1,0,0.1064,0.27571,136.775
1438,6,0,0,3,1,1,1,1,0,0.1063,0.27333,-4.725
1439,5,0,0,3,1,0,1,1,0,0.1062,0.50689,-44.848
1440,13,0,0,4,2,3,1,1,0,0.1061,0.71251,-30.021
1441,153,3,3,35,17,4,1,1,0,0.106,0.23968,210.098
1442,13,0,0,5,2,2,1,1,0,0.1059,0.24157,4.835
1443,6,0,0,3,1,0,1,1,0,0.1058,0.27523,-4.266
1444,136,3,3,28,12,9,1,1,0,0.1057,0.28897,163.673
1445,31,0,0,10,4,4,1,1,0,0.1056,0.29425,29.981
1446,7,0,0,1,1,0,1,1,0,0.1055,0.25757,-4.129
1447,14,0,0,4,2,2,1,1,0,0.1054,0.73404,-6.975
1448,157,5,5,32,13,9,1,1,0,0.1053,0.34286,234.151
1449,104,1,1,25,11,5,1,1,0,0.1052,0.39116,128.411
1450,5,0,0,3,1,2,1,1,0,0.1051,1.56163,-41.692
1451,20,0,0,9,3,1,1,1,0,0.105,0.88412,9.142
1452,60,0,0,15,7,2,1,1,0,0.1049,0.3275,59.372
1453,6,0,0,2,1,1,1,1,0,0.1048,0.19118,-5.23
1454,105,2,2,30,11,7,1,1,0,0.1047,0.25522,119.772
1455,13,0,0,4,2,2,1,1,0,0.1046,0.33498,-8.472
1456,96,2,2,22,10,5,1,1,0,0.1045,0.33144,118.353
1457,48,0,0,15,6,4,1,1,0,0.1044,0.23669,54.058
1458,76,2,2,17,8,5,1,1,0,0.1043,0.18782,67.216
1459,92,3,3,21,9,9,1,1,0,0.1042,0.37913,120.701
1460,142,2,2,26,15,6,1,1,0,0.1041,0.2025,191.218
1461,138,3,3,23,12,6,1,1,0,0.104,0.33901,197.888
1462,68,6,1,13,7,5,1,1,0,0.1039,0.51675,77.206
1463,7,0,0,3,1,0,1,1,0,0.1038,0.279,-3.039
1464,13,0,0,4,2,1,1,1,0,0.1037,0.2452,6.025
1465,171,1,1,33,17,10,1,1,0,0.1036,0.34482,218.373
1466,40,0,0,10,5,6,1,1,0,0.1035,0.26318,29.302
1467,14,0,0,4,2,0,1,1,0,0.1034,0.20696,7.674
1468,6,0,0,3,1,0,1,1,0,0.1033,0.22813,-4.332
1469,17,1,1,4,2,1,1,1,0,0.1032,0.41599,11.565
1470,104,3,3,27,11,5,1,1,0,0.1031,0.2476,139.771
1471,37,0,0,14,5,1,1,1,0,0.103,0.25432,42.77
1472,138,5,5,28,12,10,1,1,0,0.1029,0.35419,211.456
1473,45,2,2,13,5,4,1,1,0,0.1028,0.36246,43.108
1474,20,0,0,5,3,1,1,1,0,0.1027,0.50842,2.811
1475,18,1,1,6,2,1,1,1,0,0.1026,0.76853,-15.714
1476,78,1,1,22,9,4,1,1,0,0.1025,0.23403,94.092
1477,83,3,3,23,8,2,1,1,0,0.1024,0.33787,121.837
1478,13,0,0,3,2,1,1,1,0,0.1023,0.37195,6.084
1479,29,1,1,8,3,2,1,1,0,0.1022,0.36981,10.335
1480,13,0,0,3,2,2,1,1,0,0.1021,1.1973,-19.722
1481,27,1,1,9,4,2,1,1,0,0.102,0.33864,31.181
1482,257,7,7,46,24,13,1,1,0,0.1019,0.32247,319.815
1483,79,2,2,21,9,0,1,1,0,0.1018,0.17783,110.783
1484,135,3,3,30,14,9,1,1,0,0.1017,0.40676,176.331
1485,61,1,1,14,5,2,1,1,0,0.1016,0.33711,81.531
1486,103,2,2,16,9,4,0,1,0,0.1015,0.26826,146.901
1487,13,0,0,4,2,1,1,1,0,0.1014,1.06283,-23.204
1488,16,0,0,4,2,4,1,1,0,0.1013,0.81445,-20.008
1489,161,3,3,27,13,7,1,1,0,0.1012,0.3394,225.747
1490,40,0,0,13,5,3,1,1,0,0.1011,0.4725,24.376
1491,173,4,4,43,17,10,1,1,0,0.101,0.24751,256.129
1492,120,1,1,25,11,5,1,1,0,0.1009,0.28279,178.158
1493,49,0,0,18,6,1,1,1,0,0.1008,0.47358,20.312
1494,105,3,3,18,7,8,0,1,0,0.1007,0.30986,170.515
1495,161,3,3,18,12,8,1,1,0,0.1006,0.34968,194.664
1496,61,2,2,17,7,3,1,1,0,0.1005,0.22452,70.642
1497,42,1,1,12,5,1,1,1,0,0.1004,0.16112,53.1
1498,53,2,2,14,6,2,1,1,0,0.1003,0.15355,71.346
1499,6,0,0,2,1,0,1,1,0,0.1002,0.13067,-3.631
1500,39,0,0,10,5,6,1,1,0,0.1001,0.40215,27.773
1501,297,2,2,40,24,12,0,1,0,0.1,0.30656,399.338
1502,13,0,0,4,2,0,1,1,0,0.0999,0.2613,5.97
1503,42,2,2,13,5,4,1,1,0,0.0998,0.28479,49.894
1504,21,0,0,5,3,3,1,1,0,0.0997,0.57139,2.791
1505,57,2,2,18,7,2,1,1,0,0.0996,0.3887,75.095
1506,19,1,1,8,2,1,1,1,0,0.0995,0.28844,6.451
1507,14,0,0,5,2,2,1,1,0,0.0994,1.01976,-17.983
1508,112,2,2,24,12,8,0,1,0,0.0993,0.30865,157.526
1509,39,2,2,7,4,1,1,1,0,0.0992,0.32855,38.42
1510,283,5,5,45,27,6,0,1,0,0.0991,0.24945,390.286
1511,13,0,0,5,2,3,1,1,0,0.099,0.21967,4.24
1512,150,4,4,26,14,10,1,1,0,0.0989,0.21867,203.66
1513,58,0,0,14,7,2,1,1,0,0.0988,0.36732,35.795
1514,52,0,0,16,6,3,1,1,0,0.0987,0.44946,57.713
1515,148,1,1,28,17,9,1,1,0,0.0986,0.22416,190.526
1516,288,3,3,47,28,12,1,1,0,0.0985,0.28997,365.335
1517,160,4,4,39,15,11,1,1,0,0.0984,0.23857,207.115
1518,195,3,3,44,18,4,0,1,0,0.0983,0.30954,275.381
1519,13,0,0,4,2,2,1,1,0,0.0982,1.12135,-22.845
1520,5,0,0,2,1,3,1,1,0,0.0981,2.4142,-31.362
1521,74,2,2,19,8,3,1,1,0,0.098,0.30156,90.465
1522,13,0,0,4,2,1,1,1,0,0.0979,0.2479,-8.321
1523,13,0,0,4,2,1,1,1,0,0.0978,0.30785,-7.714
1524,17,1,1,6,2,1,1,1,0,0.0977,0.24149,15.116
1525,103,1,1,16,10,5,0,1,0,0.0976,0.34233,146.06
1526,78,1,1,16,9,3,1,1,0,0.0975,0.23115,99.207
1527,6,0,0,2,1,1,1,1,0,0.0974,0.22655,-5.246
1528,13,0,0,3,2,1,1,1,0,0.0973,0.35944,5.916
1529,86,2,2,13,8,2,0,1,0,0.0972,0.27451,125.22
1530,7,0,0,2,1,0,1,1,0,0.0971,0.23606,-3.266
1531,42,1,1,13,4,3,0,1,0,0.097,0.40909,55.747
1532,6,0,0,2,1,0,1,1,0,0.0969,0.14889,-3.553
1533,30,0,0,11,4,3,1,1,0,0.0968,0.31051,29.191
1534,167,4,4,49,16,8,1,1,0,0.0967,0.29034,228.372
1535,41,0,0,14,5,2,1,1,0,0.0966,0.19341,46.098
1536,13,0,0,5,2,2,1,1,0,0.0965,1.14963,-22.092
1537,268,9,4,45,24,7,1,1,0,0.0964,0.30623,373.588
1538,331,4,4,52,28,19,0,1,0,0.0963,0.28246,456.785
1539,6,0,0,2,1,0,1,1,0,0.0962,0.23914,-4.867
1540,13,0,0,2,2,1,1,1,0,0.0961,1.13418,-25.653
1541,75,2,2,19,8,8,1,1,0,0.096,0.35018,76.036
1542,38,0,0,8,5,2,1,1,0,0.0959,0.23364,39.78
1543,97,2,2,11,9,9,0,1,0,0.0958,0.45916,130.735
1544,29,0,0,8,4,2,1,1,0,0.0957,0.1462,27.581
1545,65,2,2,16,6,3,1,1,0,0.0956,0.42202,85.816
1546,39,0,0,8,5,3,1,1,0,0.0955,0.22888,38.472
1547,96,3,3,27,10,2,0,1,0,0.0954,0.34649,136.055
1548,7,0,0,3,1,0,1,1,0,0.0953,0.2357,-3.251
1549,12,0,0,3,2,5,1,1,0,0.0952,1.43449,-20.056
1550,14,0,0,5,2,5,1,1,0,0.0951,1.10746,-18.695
1551,22,0,0,8,3,4,1,1,0,0.095,0.80172,-3.813
1552,6,0,0,3,1,1,1,1,0,0.0949,0.21946,-4.783
1553,13,0,0,5,2,1,1,1,0,0.0948,0.33049,-34.637
1554,24,1,1,8,3,3,1,1,0,0.0947,0.19453,23.594
1555,109,5,5,32,12,0,1,1,0,0.0946,0.21764,153.968
1556,20,0,0,5,3,2,1,1,0,0.0945,0.17471,15.267
1557,25,1,1,6,3,1,1,1,0,0.0944,0.18847,28.07
1558,27,1,1,10,3,0,1,1,0,0.0943,0.66887,7.882
1559,18,1,1,8,2,0,1,1,0,0.0942,0.65039,18.21
1560,157,3,3,36,14,8,0,1,0,0.0941,0.28108,227.415
1561,272,5,5,44,24,15,1,1,0,0.094,0.36374,349.333
1562,56,0,0,13,7,2,1,1,0,0.0939,0.29965,66.691
1563,21,0,0,6,3,1,1,1,0,0.0938,0.26547,15.893
1564,119,3,3,24,10,3,1,1,0,0.0937,0.24719,185.764
1565,7,0,0,3,1,2,1,1,0,0.0936,0.21755,-4.288
1566,29,1,1,9,4,1,1,1,0,0.0935,0.2999,32.89
1567,5,0,0,2,1,2,1,1,0,0.0934,2.60796,-37.496
1568,27,0,0,8,4,2,1,1,0,0.0933,0.23927,26.362
1569,6,0,0,3,1,0,1,1,0,0.0932,0.2524,-3.901
1570,117,2,2,27,13,5,1,1,0,0.0931,0.32257,136.941
1571,91,3,3,19,7,7,1,1,0,0.093,0.62815,103.301
1572,21,0,0,5,3,4,1,1,0,0.0929,0.89158,-7.878
1573,7,0,0,2,1,0,1,1,0,0.0928,0.22879,-3.68
1574,87,0,0,17,9,6,1,1,0,0.0927,0.40985,96.297
1575,13,0,0,3,2,1,1,1,0,0.0926,0.42234,-7.623
1576,315,5,5,40,28,10,1,1,0,0.0925,0.27848,421.085
1577,171,5,5,45,19,7,1,1,0,0.0924,0.32935,236.14
1578,272,4,4,45,26,7,1,1,0,0.0923,0.24292,378.351
1579,20,0,0,6,3,0,1,1,0,0.0922,0.57519,-7.644
1580,5,0,0,3,1,1,1,1,0,0.0921,0.74566,-5.635
1581,51,0,0,13,6,2,1,1,0,0.092,0.30696,47.114
1582,63,1,1,17,7,4,1,1,0,0.0919,0.44909,73.191
1583,94,1,1,21,9,5,1,1,0,0.0918,0.44157,108.135
1584,6,0,0,3,1,1,1,1,0,0.0917,0.39904,-5.823
1585,13,0,0,5,2,2,1,1,0,0.0916,0.94226,-22.572
1586,6,0,0,3,1,1,1,1,0,0.0915,0.33333,-4.444
1587,102,1,1,32,11,3,1,1,0,0.0914,0.3306,134.949
1588,16,1,1,3,2,3,1,1,0,0.0913,1.01569,-13.185
1589,243,3,3,46,23,8,0,1,0,0.0912,0.30757,333.697
1590,5,0,0,4,1,3,1,1,0,0.0911,1.56557,-42.826
1591,39,2,2,13,4,3,1,1,0,0.091,0.55552,35.056
1592,7,0,0,2,1,0,1,1,0,0.0909,0.24176,-3.882
1593,56,1,1,18,7,4,1,1,0,0.0908,0.36343,54.496
1594,6,0,0,3,1,0,1,1,0,0.0907,0.23038,-4.574
1595,43,2,2,14,5,3,1,1,0,0.0906,0.56889,32.532
1596,20,0,0,5,3,0,1,1,0,0.0905,0.4899,0.765
1597,5,0,0,3,1,0,1,1,0,0.0904,1.05201,-5.192
1598,45,0,0,10,6,3,1,1,0,0.0903,0.36802,14.338
1599,42,1,1,13,5,1,1,1,0,0.0902,0.24267,50.245
1600,13,0,0,4,2,3,1,1,0,0.0901,0.85275,-8.241
1601,103,8,3,28,11,3,1,1,0,0.09,0.4071,146.382
1602,21,0,0,8,3,0,1,1,0,0.0899,0.19079,18.74
1603,124,1,1,31,12,4,0,1,0,0.0898,0.36183,176.73
1604,13,0,0,4,2,1,1,1,0,0.0897,0.35235,-8.086
1605,55,0,0,15,7,1,1,1,0,0.0896,0.32394,64.788
1606,66,2,2,16,8,5,1,1,0,0.0895,0.4569,66.011
1607,31,0,0,8,4,1,1,1,0,0.0894,0.22347,29.564
1608,18,0,0,5,2,3,1,1,0,0.0893,0.28294,-3.653
1609,172,3,3,22,14,7,0,1,0,0.0892,0.29556,257.109
1610,12,0,0,3,2,2,1,1,0,0.0891,1.30171,-21.47
1611,13,0,0,5,2,1,1,1,0,0.089,1.00996,-23.836
1612,13,0,0,3,2,2,1,1,0,0.0889,1.0725,-24.124
1613,27,0,0,5,4,1,1,1,0,0.0888,0.33765,10.158
1614,13,0,0,5,2,1,1,1,0,0.0887,0.32563,-7.602
1615,40,1,1,9,5,0,1,1,0,0.0886,0.31867,46.022
1616,66,0,0,19,8,4,1,1,0,0.0885,0.32273,66.699
1617,26,1,1,7,3,3,1,1,0,0.0884,0.49477,3.86
1618,173,3,3,34,18,5,1,1,0,0.0883,0.28765,231.766
1619,13,0,0,5,2,0,1,1,0,0.0882,0.33519,-6.859
1620,13,0,0,5,2,3,1,1,0,0.0881,1.13628,-23.829
1621,6,0,0,2,1,1,1,1,0,0.088,0.2628,-5.373
1622,20,0,0,6,3,2,1,1,0,0.0879,0.3034,1.758
1623,14,0,0,4,2,3,1,1,0,0.0878,1.01166,-22.884
1624,13,0,0,3,2,0,1,1,0,0.0877,0.25045,6.181
1625,20,0,0,9,3,1,1,1,0,0.0876,0.32669,3.687
1626,62,2,2,14,8,4,1,1,0,0.0875,0.56901,78.508
1627,101,3,3,28,12,5,1,1,0,0.0874,0.32198,136.851
1628,13,0,0,4,2,0,1,1,0,0.0873,0.29575,-7.165
1629,22,0,0,7,3,2,1,1,0,0.0872,0.50203,-7.303
1630,14,0,0,5,2,3,1,1,0,0.0871,0.95543,-18.857
1631,20,0,0,3,3,1,1,1,0,0.087,0.24884,14.533
1632,135,0,0,32,15,4,1,1,0,0.0869,0.35466,161.154
1633,6,0,0,2,1,1,1,1,0,0.0868,0.27923,-5.365
1634,20,0,0,6,3,2,1,1,0,0.0867,0.46239,1.965
1635,50,1,1,10,6,1,1,1,0,0.0866,0.43698,49.886
1636,206,2,2,36,20,3,0,1,0,0.0865,0.3113,278.118
1637,21,0,0,5,3,2,1,1,0,0.0864,0.50457,-8.908
1638,76,1,1,17,8,8,1,1,0,0.0863,0.49202,83.301
1639,164,6,6,31,16,8,1,1,0,0.0862,0.2959,225.08
1640,66,1,1,18,8,1,1,1,0,0.0861,0.23017,81.496
1641,13,0,0,4,2,3,1,1,0,0.086,0.99808,-24.65
1642,74,0,0,18,9,7,1,1,0,0.0859,0.36534,70.081
1643,97,1,1,26,12,2,1,1,0,0.0858,0.25343,124.95
1644,13,0,0,4,2,2,1,1,0,0.0857,1.00288,-26.575
1645,86,3,3,27,9,1,1,1,0,0.0856,0.29258,122.71
1646,116,3,3,30,13,6,1,1,0,0.0855,0.22224,163.673
1647,144,6,6,23,11,7,1,1,0,0.0854,0.23544,214.348
1648,16,1,1,4,2,1,1,1,0,0.0853,0.44759,0.288
1649,85,2,2,23,10,4,1,1,0,0.0852,0.28333,114.853
1650,13,0,0,3,2,1,1,1,0,0.0851,0.89668,-25.671
1651,20,0,0,6,3,3,1,1,0,0.085,0.92261,-9.942
1652,6,0,0,2,1,0,1,1,0,0.0849,0.234,-6.215
1653,189,3,3,46,22,4,1,1,0,0.0848,0.34508,264.146
1654,35,0,0,11,5,3,1,1,0,0.0847,0.19155,23.081
1655,54,1,1,13,7,2,1,1,0,0.0846,0.24208,62.429
1656,41,1,1,9,5,4,1,1,0,0.0845,0.67151,26.167
1657,187,4,4,37,18,8,0,1,0,0.0844,0.25134,267.04
1658,99,3,3,26,12,3,1,1,0,0.0843,0.19847,132.471
1659,98,0,0,14,12,2,1,1,0,0.0842,0.31651,127.919
1660,111,1,1,22,13,2,1,1,0,0.0841,0.22761,145.135
1661,20,0,0,6,3,0,1,1,0,0.084,0.20028,16.003
1662,29,0,0,6,4,1,1,1,0,0.0839,0.21711,27.001
1663,47,1,1,11,6,2,1,1,0,0.0838,0.21431,56.759
1664,5,0,0,1,1,3,1,1,0,0.0837,2.07874,-36.668
1665,30,1,1,9,3,3,1,1,0,0.0836,0.20645,35.648
1666,70,2,2,14,9,2,1,1,0,0.0835,0.32099,87.851
1667,38,0,0,11,5,1,1,1,0,0.0834,0.27698,40.249
1668,45,0,0,12,6,4,1,1,0,0.0833,0.52228,17.132
1669,96,2,2,21,11,2,1,1,0,0.0832,0.19789,126.359
1670,103,4,4,17,10,4,0,1,0,0.0831,0.43014,137.14
1671,69,2,2,22,8,1,1,1,0,0.083,0.2612,93.474
1672,13,0,0,3,2,1,1,1,0,0.0829,0.38723,5.938
1673,57,2,2,19,6,2,0,1,0,0.0828,0.34957,84.115
1674,45,0,0,11,6,2,1,1,0,0.0827,0.30542,51.016
1675,6,0,0,3,1,1,1,1,0,0.0826,0.24947,-4.728
1676,136,3,3,30,14,5,1,1,0,0.0825,0.22714,193.848
1677,13,0,0,3,2,1,1,1,0,0.0824,0.27731,5.576
1678,20,0,0,7,3,1,1,1,0,0.0823,0.18379,16.202
1679,178,1,1,29,18,3,1,1,0,0.0822,0.30802,247.437
1680,60,0,0,14,7,5,1,1,0,0.0821,0.4146,57.822
1681,13,0,0,5,2,0,1,1,0,0.082,0.29587,-6.642
1682,141,2,2,24,15,4,1,1,0,0.0819,0.39104,184.226
1683,71,1,1,11,8,5,1,1,0,0.0818,0.27949,66.94
1684,49,1,1,10,6,3,1,1,0,0.0817,0.43958,20.778
1685,36,0,0,12,5,2,1,1,0,0.0816,0.34149,37.712
1686,16,1,1,5,2,1,1,1,0,0.0815,0.18009,12.842
1687,16,1,1,4,2,0,1,1,0,0.0814,0.16952,12.256
1688,35,0,0,11,5,1,1,1,0,0.0813,0.24801,37.314
1689,38,1,1,8,5,2,1,1,0,0.0812,0.15612,42.454
1690,6,0,0,1,1,3,1,1,0,0.0811,1.66934,-21.649
1691,235,4,4,36,25,7,1,1,0,0.081,0.31441,307.822
1692,82,1,1,14,9,2,1,1,0,0.0809,0.18583,98.242
1693,78,5,5,21,8,5,1,1,0,0.0808,0.32566,82.053
1694,102,2,2,25,10,8,1,1,0,0.0807,0.35916,96.612
1695,124,1,1,20,13,5,1,1,0,0.0806,0.26518,136.86
1696,20,1,1,6,3,4,1,1,0,0.0805,0.96968,-6.508
1697,24,0,0,5,3,1,1,1,0,0.0804,0.22792,18.46
1698,35,0,0,11,5,3,1,1,0,0.0803,0.28241,36.037
1699,105,4,4,27,11,0,1,1,0,0.0802,0.2502,146.81
1700,16,1,1,4,2,0,1,1,0,0.0801,0.55104,-23.196
1701,310,5,5,49,29,8,0,1,0,0.08,0.29704,423.446
1702,6,0,0,1,1,1,1,1,0,0.0799,0.1785,-5.298
1703,6,0,0,3,1,1,1,1,0,0.0798,0.15794,-4.846
1704,79,3,3,20,8,3,1,1,0,0.0797,0.27157,110.332
1705,205,6,6,41,20,5,1,1,0,0.0796,0.30043,292.457
1706,28,0,0,7,4,0,1,1,0,0.0795,0.2283,26.63
1707,20,0,0,5,3,2,1,1,0,0.0794,0.93891,-9.073
1708,20,0,0,8,3,2,1,1,0,0.0793,0.46889,-0.491
1709,54,1,1,18,6,3,1,1,0,0.0792,0.51017,29.905
1710,166,5,5,30,15,15,0,1,0,0.0791,0.35306,236.642
1711,13,0,0,5,2,0,1,1,0,0.079,0.40617,-7.852
1712,76,2,2,11,7,2,1,1,0,0.0789,0.26869,100.911
1713,58,0,0,14,8,1,1,1,0,0.0788,0.31603,52.721
1714,13,0,0,4,2,1,1,1,0,0.0787,0.82861,-25.696
1715,20,0,0,6,3,1,1,1,0,0.0786,0.45363,0.166
1716,280,3,3,36,27,17,1,1,0,0.0785,0.29368,341.675
1717,61,1,1,14,8,2,1,1,0,0.0784,0.3144,74.2
1718,21,0,0,7,3,0,1,1,0,0.0783,0.20017,15.725
1719,93,3,3,17,9,2,1,1,0,0.0782,0.199,129.274
1720,6,0,0,3,1,0,1,1,0,0.0781,0.21194,-4.523
1721,6,0,0,3,1,1,1,1,0,0.078,0.27819,-5.062
1722,46,0,0,11,6,0,1,1,0,0.0779,0.50015,37.435
1723,138,6,6,37,14,8,1,1,0,0.0778,0.32418,198.16
1724,104,7,2,22,11,3,1,1,0,0.0777,0.41532,142.43
1725,161,3,3,35,16,3,1,1,0,0.0776,0.26259,203.126
1726,295,3,3,53,33,14,0,1,0,0.0775,0.31233,396.365
1727,21,0,0,5,3,1,1,1,0,0.0774,0.26992,15.963
1728,82,8,3,17,9,4,1,1,0,0.0773,0.45533,74.605
1729,27,1,1,8,3,1,1,1,0,0.0772,0.50737,29.246
1730,25,1,1,8,3,3,1,1,0,0.0771,0.19803,22.965
1731,35,0,0,7,5,0,1,1,0,0.077,0.20191,35.281
1732,211,1,1,38,21,5,0,1,0,0.0769,0.29302,282.116
1733,24,1,1,9,3,0,1,1,0,0.0768,0.18217,25.904
1734,87,2,2,27,10,7,1,1,0,0.0767,0.31899,105.254
1735,27,1,1,6,3,1,1,1,0,0.0766,0.61166,-0.284
1736,13,0,0,4,2,1,1,1,0,0.0765,0.36458,-8.608
1737,286,3,3,50,29,15,1,1,0,0.0764,0.34334,365.013
1738,23,1,1,6,3,3,1,1,0,0.0763,0.75458,-3.252
1739,105,7,2,26,12,3,1,1,0,0.0762,0.26778,146.836
1740,147,3,3,29,13,7,0,1,0,0.0761,0.30308,204.654
1741,18,1,1,6,2,2,1,1,0,0.076,0.75354,-18.581
1742,100,0,0,24,12,3,1,1,0,0.0759,0.22413,123.512
1743,30,0,0,7,4,3,1,1,0,0.0758,0.25659,26.833
1744,6,0,0,3,1,1,1,1,0,0.0757,0.24642,-4.9
1745,20,0,0,5,3,0,1,1,0,0.0756,0.77011,-23.934
1746,34,0,0,6,5,1,1,1,0,0.0755,0.24624,35.707
1747,8,0,0,2,1,1,1,1,0,0.0754,0.22083,-3.46
1748,21,0,0,6,3,1,1,1,0,0.0753,0.4915,-22.524
1749,21,0,0,7,3,1,1,1,0,0.0752,0.35302,2.682
1750,13,0,0,3,2,0,1,1,0,0.0751,0.98831,-24.343
1751,5,0,0,2,1,1,1,1,0,0.075,0.18338,-19.937
1752,35,0,0,8,5,0,1,1,0,0.0749,0.25542,21.616
1753,21,0,0,6,3,1,1,1,0,0.0748,0.19375,16.952
1754,264,4,4,43,24,8,0,1,0,0.0747,0.27957,375.863
1755,13,0,0,4,2,0,1,1,0,0.0746,0.32732,-7.658
1756,34,0,0,10,5,3,1,1,0,0.0745,0.31461,21.413
1757,76,3,3,14,9,4,1,1,0,0.0744,0.29961,103.781
1758,26,0,0,4,4,3,1,1,0,0.0743,0.73746,-5.709
1759,14,0,0,4,2,0,1,1,0,0.0742,0.16812,6.328
1760,43,1,1,9,5,0,1,1,0,0.0741,0.50877,14.151
1761,20,0,0,7,3,1,1,1,0,0.074,0.88138,-9.532
1762,5,0,0,2,1,0,1,1,0,0.0739,0.11174,-5.372
1763,53,1,1,14,7,2,1,1,0,0.0738,0.28132,64.534
1764,27,0,0,8,4,0,1,1,0,0.0737,0.41644,-0.615
1765,21,0,0,6,3,2,1,1,0,0.0736,0.78052,-19.602
1766,20,0,0,8,3,2,1,1,0,0.0735,0.32932,15.802
1767,39,1,1,9,4,4,1,1,0,0.0734,0.5406,27.222
1768,19,0,0,7,3,1,1,1,0,0.0733,0.82552,-20.812
1769,99,3,3,21,10,3,1,1,0,0.0732,0.396,130.511
1770,106,2,2,19,11,3,0,1,0,0.0731,0.30306,152.61
1771,137,7,2,26,16,5,1,1,0,0.073,0.2632,188.546
1772,21,0,0,5,3,1,1,1,0,0.0729,0.22541,2.286
1773,28,0,0,7,4,1,1,1,0,0.0728,0.29523,25.833
1774,43,1,1,9,5,1,1,1,0,0.0727,0.21029,50.552
1775,26,1,1,6,3,3,1,1,0,0.0726,0.60884,-2.139
1776,20,0,0,9,3,2,1,1,0,0.0725,0.81376,-9.286
1777,13,0,0,5,2,0,1,1,0,0.0724,0.20889,5.456
1778,95,0,0,19,12,3,1,1,0,0.0723,0.30683,100.193
1779,20,0,0,6,3,4,1,1,0,0.0722,0.87011,-12.502
1780,37,0,0,8,5,2,1,1,0,0.0721,0.35917,21.781
1781,12,0,0,3,2,0,1,1,0,0.072,0.16736,3.128
1782,86,2,2,14,10,4,1,1,0,0.0719,0.28163,100.884
1783,117,2,2,25,14,8,0,1,0,0.0718,0.30471,150.015
1784,42,1,1,10,5,1,1,1,0,0.0717,0.32064,37.307
1785,106,2,2,21,11,7,1,1,0,0.0716,0.22895,124.003
1786,121,3,3,23,13,4,0,1,0,0.0715,0.25032,168.357
1787,43,0,0,10,6,2,1,1,0,0.0714,0.19428,44.956
1788,13,0,0,4,2,1,1,1,0,0.0713,0.36474,-9.0
1789,253,5,5,42,25,5,1,1,0,0.0712,0.24463,330.194
1790,20,0,0,6,3,0,1,1,0,0.0711,0.42487,0.87
1791,298,4,4,42,24,14,0,1,0,0.071,0.28147,383.996
1792,20,0,0,5,3,0,1,1,0,0.0709,0.25924,14.564
1793,34,0,0,7,5,1,1,1,0,0.0708,0.57688,8.148
1794,23,1,1,9,3,1,1,1,0,0.0707,0.35289,9.777
1795,35,0,0,8,5,3,1,1,0,0.0706,0.21779,33.443
1796,13,0,0,3,2,2,1,1,0,0.0705,1.1479,-20.772
1797,81,1,1,7,11,1,1,1,0,0.0704,0.22273,80.954
1798,64,2,2,18,7,2,1,1,0,0.0703,0.17382,88.733
1799,131,2,2,10,14,5,0,1,0,0.0702,0.3663,169.158
1800,99,3,3,23,11,2,1,1,0,0.0701,0.36321,89.026
1801,71,1,1,9,8,3,1,1,0,0.07,0.43937,84.795
1802,13,0,0,4,2,2,1,1,0,0.0699,0.37818,-9.826
1803,5,0,0,3,1,2,1,1,0,0.0698,1.50248,-44.272
1804,27,0,0,6,4,3,1,1,0,0.0697,0.60056,-8.232
1805,48,0,0,7,7,0,1,1,0,0.0696,0.28692,46.735
1806,34,0,0,7,5,2,1,1,0,0.0695,0.15777,31.628
1807,35,1,1,9,4,2,1,1,0,0.0694,0.15139,24.817
1808,109,4,4,34,12,3,1,1,0,0.0693,0.43959,126.579
1809,21,0,0,4,3,4,1,1,0,0.0692,0.81025,-16.213
1810,14,0,0,5,2,0,1,1,0,0.0691,0.17835,7.101
1811,35,0,0,6,5,2,1,1,0,0.069,0.22645,31.851
1812,137,2,2,10,18,1,1,1,0,0.0689,0.32012,149.427
1813,56,0,0,5,8,4,1,1,0,0.0688,0.48578,28.892
1814,400,1,1,29,49,5,0,0,1,0.0687,0.29378,509.692
1815,90,0,0,6,12,5,1,1,0,0.0686,0.3734,98.572
1816,115,2,2,18,13,2,0,1,0,0.0685,0.3013,146.378
1817,93,1,1,14,9,3,1,1,0,0.0684,0.23176,130.027
1818,82,2,2,12,10,4,1,1,0,0.0683,0.23994,84.269
1819,87,1,1,12,11,2,1,1,0,0.0682,0.38013,98.612
1820,22,1,1,5,2,2,1,1,0,0.0681,0.11612,20.754
1821,124,1,1,14,15,6,1,1,0,0.068,0.22988,148.057
1822,21,0,0,5,3,0,1,1,0,0.0679,0.15987,14.06
1823,75,0,0,13,10,5,1,1,0,0.0678,0.22614,77.921
1824,100,1,1,12,12,5,1,1,0,0.0677,0.29216,98.335
1825,167,5,5,33,18,5,1,1,0,0.0676,0.23286,215.783
1826,205,1,1,21,26,5,1,1,0,0.0675,0.26054,254.335
1827,55,0,0,7,8,1,1,1,0,0.0674,0.20703,52.429
1828,13,0,0,5,2,1,1,1,0,0.0673,0.18692,3.62
1829,13,0,0,6,2,2,1,1,0,0.0672,0.34168,4.455
1830,27,0,0,8,4,2,1,1,0,0.0671,0.46318,-15.389
1831,27,0,0,9,4,1,1,1,0,0.067,0.21801,8.04
1832,169,2,2,16,16,7,1,1,0,0.0669,0.20334,214.61
1833,20,0,0,6,3,1,1,1,0,0.0668,0.40935,-1.485
1834,93,2,2,17,11,2,1,1,0,0.0667,0.2178,108.771
1835,202,5,5,29,21,10,1,1,0,0.0666,0.23978,262.907
1836,20,0,0,6,3,1,1,1,0,0.0665,0.70665,-23.998
1837,27,0,0,8,4,2,1,1,0,0.0664,0.69975,15.805
1838,45,2,2,9,5,2,1,1,0,0.0663,0.22902,54.641
1839,13,0,0,4,2,2,1,1,0,0.0662,0.90262,-26.299
1840,61,3,3,16,6,1,1,1,0,0.0661,0.22882,78.557
1841,84,1,1,10,11,3,0,1,0,0.066,0.30567,97.36
1842,82,0,0,10,11,3,1,1,0,0.0659,0.2176,85.027
1843,96,2,2,6,11,5,0,1,0,0.0658,0.25759,108.816
1844,6,0,0,2,1,1,1,1,0,0.0657,0.19352,-6.077
1845,81,0,0,10,11,2,1,1,0,0.0656,0.25166,48.154
1846,20,0,0,5,3,0,1,1,0,0.0655,0.38039,-0.767
1847,49,0,0,7,7,1,1,1,0,0.0654,0.47723,21.853
1848,5,0,0,1,1,1,1,1,0,0.0653,2.4727,-32.289
1849,268,3,3,28,27,10,0,1,0,0.0652,0.28923,326.396
1850,110,1,1,21,13,2,1,1,0,0.0651,0.3058,104.46
1851,75,1,1,14,9,6,0,1,0,0.065,0.32496,91.801
1852,223,6,6,43,24,5,1,1,0,0.0649,0.23039,268.35
1853,34,1,1,6,4,3,1,1,0,0.0648,0.5308,9.393
1854,7,0,0,3,1,0,1,1,0,0.0647,0.21198,-4.261
1855,20,0,0,8,3,0,1,1,0,0.0646,0.18913,13.931
1856,103,4,4,21,11,5,1,1,0,0.0645,0.35366,112.522
1857,40,1,1,4,5,3,1,1,0,0.0644,0.159,34.735
1858,5,0,0,4,1,1,1,1,0,0.0643,1.38183,-45.342
1859,41,0,0,5,6,1,1,1,0,0.0642,0.21746,35.499
1860,6,0,0,3,1,1,1,1,0,0.0641,0.19538,-5.58
1861,124,3,3,19,12,5,1,1,0,0.064,0.17674,158.895
1862,13,0,0,4,2,2,1,1,0,0.0639,0.28437,-10.522
1863,20,0,0,7,3,0,1,1,0,0.0638,0.38886,-0.826
1864,13,0,0,2,2,1,1,1,0,0.0637,0.31405,2.424
1865,122,2,2,13,12,7,0,1,0,0.0636,0.27622,148.883
1866,20,0,0,6,3,1,1,1,0,0.0635,0.43535,-13.191
1867,368,3,3,38,35,8,0,1,0,0.0634,0.25037,429.952
1868,6,0,0,2,1,1,1,1,0,0.0633,0.21058,-6.069
1869,8,0,0,2,1,0,1,1,0,0.0632,0.1218,-4.776
1870,7,0,0,3,1,1,1,1,0,0.0631,0.37892,-4.236
1871,136,3,3,35,15,3,1,1,0,0.063,0.35223,162.831
1872,20,0,0,7,3,0,1,1,0,0.0629,0.63717,-25.172
1873,45,1,1,17,5,2,1,1,0,0.0628,0.31745,48.167
1874,26,1,1,9,3,0,1,1,0,0.0627,0.76023,-10.25
1875,13,0,0,4,2,2,1,1,0,0.0626,1.27053,-21.25
1876,306,5,5,61,27,6,1,1,0,0.0625,0.22702,373.066
1877,260,5,5,40,23,13,1,1,0,0.0624,0.34431,286.262
1878,13,0,0,4,2,0,1,1,0,0.0623,1.05625,-21.354
1879,53,2,2,10,6,1,1,1,0,0.0622,0.23255,60.56
1880,13,0,0,3,2,0,1,1,0,0.0621,0.18547,3.204
1881,21,0,0,6,3,0,1,1,0,0.062,0.25646,14.392
1882,34,0,0,7,5,2,1,1,0,0.0619,0.60336,2.854
1883,69,0,0,8,10,1,1,1,0,0.0618,0.27638,68.333
1884,23,1,1,7,3,3,1,1,0,0.0617,0.65759,-6.991
1885,28,0,0,5,4,0,1,1,0,0.0616,0.199,22.798
1886,186,3,3,19,15,3,1,1,0,0.0615,0.27589,279.845
1887,48,2,2,14,6,2,1,1,0,0.0614,0.21139,57.83
1888,43,0,0,5,6,2,1,1,0,0.0613,0.26707,35.974
1889,20,0,0,6,3,1,1,1,0,0.0612,0.40913,-0.771
1890,119,2,2,13,15,3,1,1,0,0.0611,0.20824,142.1
1891,57,2,2,14,7,3,1,1,0,0.061,0.28378,62.066
1892,134,2,2,17,17,4,1,1,0,0.0609,0.29936,148.165
1893,27,0,0,7,4,0,1,1,0,0.0608,0.59634,-3.026
1894,5,0,0,2,1,1,1,1,0,0.0607,0.47944,-20.541
1895,63,2,2,13,8,4,1,1,0,0.0606,0.33754,71.198
1896,271,3,3,18,30,5,1,1,0,0.0605,0.28602,313.495
1897,44,1,1,11,6,3,1,1,0,0.0604,0.28315,41.251
1898,227,3,3,47,22,8,0,1,0,0.0603,0.2785,266.544
1899,79,1,1,21,10,1,1,1,0,0.0602,0.24159,91.551
1900,49,0,0,9,7,1,1,1,0,0.0601,0.64837,47.844
1901,14,0,0,4,2,4,1,1,0,0.06,0.91827,-22.047
1902,113,2,2,25,12,6,1,1,0,0.0599,0.33966,129.278
1903,93,3,3,22,11,3,1,1,0,0.0598,0.263,96.154
1904,177,2,2,26,18,6,0,1,0,0.0597,0.26547,212.557
1905,6,0,0,3,1,1,1,1,0,0.0596,0.23834,-5.56
1906,13,0,0,3,2,3,1,1,0,0.0595,1.11898,-23.196
1907,87,6,1,14,11,3,1,1,0,0.0594,0.29528,97.319
1908,45,0,0,11,6,1,1,1,0,0.0593,0.20824,44.299
1909,143,2,2,25,15,2,1,1,0,0.0592,0.25889,181.743
1910,71,4,4,28,8,3,1,1,0,0.0591,0.28906,89.934
1911,13,0,0,3,2,2,1,1,0,0.059,1.19838,-23.87
1912,16,1,1,4,2,1,1,1,0,0.0589,0.44352,-3.144
1913,21,0,0,6,3,0,1,1,0,0.0588,0.5509,14.704
1914,13,0,0,4,2,0,1,1,0,0.0587,0.37483,4.649
1915,27,0,0,5,4,3,1,1,0,0.0586,0.67752,-5.186
1916,252,4,4,48,27,7,1,1,0,0.0585,0.31006,290.039
1917,5,0,0,3,1,1,1,1,0,0.0584,0.27737,-6.31
1918,13,0,0,4,2,1,1,1,0,0.0583,0.43204,-10.205
1919,210,6,6,45,21,6,1,1,0,0.0582,0.28133,267.646
1920,21,0,0,6,3,2,1,1,0,0.0581,0.29813,13.126
1921,13,0,0,5,2,1,1,1,0,0.058,0.22637,3.774
1922,81,2,2,16,9,2,1,1,0,0.0579,0.63213,86.007
1923,225,2,2,40,23,8,1,1,0,0.0578,0.32105,283.536
1924,108,3,3,37,12,8,1,1,0,0.0577,0.44962,119.975
1925,101,0,0,21,11,8,0,1,0,0.0576,0.37932,122.741
1926,52,1,1,10,6,2,0,1,0,0.0575,0.34237,57.859
1927,66,1,1,16,8,3,1,1,0,0.0574,0.27544,70.756
1928,14,0,0,4,2,2,1,1,0,0.0573,0.25045,3.761
1929,53,2,2,14,6,4,1,1,0,0.0572,0.27217,38.323
1930,47,0,0,12,6,2,1,1,0,0.0571,0.20179,45.951
1931,163,5,5,39,16,1,0,1,0,0.057,0.35274,207.779
1932,27,0,0,8,4,2,1,1,0,0.0569,0.2929,4.616
1933,36,0,0,7,5,4,1,1,0,0.0568,0.49278,-2.659
1934,243,4,4,50,22,6,1,1,0,0.0567,0.25837,285.619
1935,400,7,7,69,36,9,0,0,1,0.0566,0.25041,482.317
1936,49,0,0,10,7,1,1,1,0,0.0565,0.39282,13.488
1937,119,0,0,17,13,3,1,1,0,0.0564,0.33549,103.513
1938,6,0,0,3,1,1,1,1,0,0.0563,0.46777,-5.013
1939,80,1,1,19,9,5,0,1,0,0.0562,0.40525,89.927
1940,6,0,0,3,1,1,1,1,0,0.0561,0.2928,-5.582
1941,21,0,0,8,3,2,1,1,0,0.056,0.73031,-12.521
1942,6,0,0,3,1,1,1,1,0,0.0559,0.26161,-5.545
1943,56,2,2,17,6,2,1,1,0,0.0558,0.36738,31.741
1944,109,3,3,17,9,5,0,1,0,0.0557,0.30913,129.665
1945,33,1,1,7,4,1,1,1,0,0.0556,0.21188,34.316
1946,6,0,0,1,1,1,1,1,0,0.0555,0.32134,-6.447
1947,17,1,1,5,2,1,1,1,0,0.0554,0.27877,10.765
1948,13,0,0,3,2,0,1,1,0,0.0553,0.23776,3.144
1949,189,3,3,47,18,5,1,1,0,0.0552,0.24953,255.132
1950,38,2,2,6,5,0,0,1,0,0.0551,0.45756,45.911
1951,30,0,0,10,4,2,1,1,0,0.055,0.39273,24.471
1952,47,1,1,11,6,2,1,1,0,0.0549,0.43925,14.112
1953,90,2,2,20,9,2,1,1,0,0.0548,0.45176,106.333
1954,193,2,2,41,21,9,0,1,0,0.0547,0.36441,222.642
1955,135,1,1,27,17,4,1,1,0,0.0546,0.27584,151.659
1956,56,2,2,14,7,3,1,1,0,0.0545,0.28548,59.714
1957,28,0,0,7,4,2,1,1,0,0.0544,0.60087,-5.677
1958,20,0,0,5,3,1,1,1,0,0.0543,0.42492,-3.684
1959,257,0,0,41,24,6,1,1,0,0.0542,0.30923,296.83
1960,27,0,0,5,4,2,1,1,0,0.0541,0.41415,4.799
1961,99,6,1,21,12,6,0,1,0,0.054,0.6196,93.802
1962,5,0,0,3,1,3,1,1,0,0.0539,1.56976,-45.608
1963,42,0,0,7,6,0,1,1,0,0.0538,0.58771,30.305
1964,55,1,1,14,6,2,1,1,0,0.0537,0.45439,44.754
1965,266,6,6,56,27,6,1,1,0,0.0536,0.30917,320.715
1966,114,1,1,32,13,1,1,1,0,0.0535,0.2697,127.496
1967,14,0,0,3,2,2,1,1,0,0.0534,0.24215,-10.532
1968,36,1,1,6,4,2,1,1,0,0.0533,0.22763,34.907
1969,48,2,2,13,6,3,1,1,0,0.0532,0.38403,49.586
1970,6,0,0,2,1,0,1,1,0,0.0531,0.20233,-5.914
1971,30,1,1,8,4,1,1,1,0,0.053,0.53839,2.176
1972,193,5,5,44,19,13,0,1,0,0.0529,0.28264,234.216
1973,55,2,2,16,6,5,0,1,0,0.0528,0.56904,28.002
1974,285,6,6,39,25,11,0,1,0,0.0527,0.27046,354.15
1975,192,4,4,35,19,9,1,1,0,0.0526,0.25336,226.085
1976,96,0,0,20,12,2,1,1,0,0.0525,0.41116,90.538
1977,38,2,2,8,4,1,1,1,0,0.0524,0.13119,41.007
1978,13,0,0,4,2,3,1,1,0,0.0523,1.1151,-23.251
1979,39,1,1,7,4,1,1,1,0,0.0522,0.57161,40.678
1980,279,2,2,26,29,9,0,1,0,0.0521,0.28317,312.882
1981,24,1,1,8,3,3,1,1,0,0.052,0.6263,-8.928
1982,17,1,1,8,2,2,1,1,0,0.0519,0.81423,-12.197
1983,38,1,1,10,5,1,1,1,0,0.0518,0.21287,37.338
1984,6,0,0,2,1,2,1,1,0,0.0517,0.30822,-6.065
1985,263,4,4,38,24,8,0,1,0,0.0516,0.28317,326.612
1986,35,0,0,8,5,1,1,1,0,0.0515,0.23113,28.108
1987,117,4,4,27,10,4,1,1,0,0.0514,0.25525,152.309
1988,58,1,1,15,7,1,1,1,0,0.0513,0.33813,49.014
1989,198,1,1,35,18,3,1,1,0,0.0512,0.27299,259.384
1990,8,0,0,2,1,1,1,1,0,0.0511,0.20505,-4.774
1991,63,1,1,14,8,3,1,1,0,0.051,0.48443,65.588
1992,7,0,0,2,1,0,1,1,0,0.0509,0.26107,-4.892
1993,256,1,1,52,28,13,1,1,0,0.0508,0.36921,302.677
1994,361,9,4,46,31,7,1,1,0,0.0507,0.25156,423.573
1995,20,0,0,4,3,0,1,1,0,0.0506,0.2214,10.805
1996,76,0,0,19,10,0,1,1,0,0.0505,0.32635,43.869
1997,13,0,0,5,2,1,1,1,0,0.0504,0.91346,-21.737
1998,60,1,1,10,8,3,1,1,0,0.0503,0.22566,64.232
1999,321,5,5,55,31,4,0,1,0,0.0502,0.26481,395.826
2000,101,1,1,25,11,5,1,1,0,0.0501,0.44707,99.062
2001,23,1,1,7,3,3,1,1,0,0.05,0.66146,-23.47
2002,43,0,0,9,6,2,1,1,0,0.05,0.22728,40.082
2003,221,2,2,43,22,6,1,1,0,0.05,0.30681,245.925
2004,38,0,0,9,5,0,1,1,0,0.05,0.21619,34.968
2005,160,2,2,30,17,8,1,1,0,0.05,0.33614,158.106
2006,50,1,1,8,5,4,0,1,0,0.05,0.31621,56.789
2007,88,2,2,18,10,4,1,1,0,0.05,0.21965,102.408
2008,28,0,0,8,4,4,1,1,0,0.05,0.60913,-5.088
2009,22,0,0,3,3,5,1,1,0,0.05,0.88484,-19.443
2010,57,0,0,12,8,0,1,1,0,0.05,0.20105,53.442
2011,214,5,5,31,18,5,1,1,0,0.05,0.26192,257.005
2012,214,7,7,50,21,3,0,1,0,0.05,0.20534,288.66
2013,88,4,4,17,8,3,1,1,0,0.05,0.36628,115.463
2014,240,5,5,39,22,4,1,1,0,0.05,0.23062,296.04
2015,221,6,6,53,22,7,1,1,0,0.05,0.31464,281.577
2016,6,0,0,3,1,1,1,1,0,0.05,0.314,-5.554
2017,143,0,0,15,15,7,1,1,0,0.05,0.34799,165.817
2018,176,4,4,31,19,5,0,1,0,0.05,0.23678,218.929
2019,67,2,2,22,7,2,1,1,0,0.05,0.319,78.594
2020,129,0,0,23,14,3,1,1,0,0.05,0.25045,148.146
2021,66,3,3,10,7,2,1,1,0,0.05,0.24145,70.286
2022,62,1,1,18,8,0,1,1,0,0.05,0.22894,66.571
2023,203,5,5,37,23,11,0,1,0,0.05,0.35089,241.759
2024,80,1,1,17,9,2,0,1,0,0.05,0.36692,99.408
2025,104,3,3,21,11,3,1,1,0,0.05,0.21611,110.546
2026,79,1,1,19,9,1,1,1,0,0.05,0.17948,88.543
2027,13,0,0,3,2,2,1,1,0,0.05,1.09548,-22.738
2028,59,0,0,14,8,2,1,1,0,0.05,0.24351,62.113
2029,247,6,6,50,23,8,1,1,0,0.05,0.33243,302.925
2030,350,5,5,66,33,7,1,1,0,0.05,0.26496,411.745
2031,22,0,0,6,3,1,1,1,0,0.05,0.26778,0.466
2032,117,4,4,26,12,2,1,1,0,0.05,0.32031,154.479
2033,16,2,2,5,2,1,1,1,0,0.05,0.44792,-2.219
2034,262,6,6,55,24,9,1,1,0,0.05,0.3188,306.315
2035,172,7,2,32,17,3,1,1,0,0.05,0.29939,210.02
2036,213,5,5,37,22,4,0,1,0,0.05,0.23625,263.415
2037,203,6,6,40,18,5,1,1,0,0.05,0.25772,279.316
2038,52,1,1,10,5,5,0,1,0,0.05,0.39353,62.913
2039,43,0,0,9,6,2,1,1,0,0.05,0.43856,11.767
2040,57,2,2,13,7,1,1,1,0,0.05,0.19252,67.772
2041,39,1,1,7,5,4,1,1,0,0.05,0.50387,12.432
2042,51,2,2,12,6,1,1,1,0,0.05,0.20147,58.528
2043,187,3,3,23,16,6,1,1,0,0.05,0.29663,225.013
2044,73,3,3,14,8,2,1,1,0,0.05,0.3669,90.268
2045,226,2,2,38,23,2,1,1,0,0.05,0.3016,252.382
2046,21,0,0,8,3,4,1,1,0,0.05,0.20542,-2.484
2047,26,0,0,4,4,3,1,1,0,0.05,0.73246,-9.969
2048,13,0,0,4,2,0,1,1,0,0.05,0.57917,-34.559
2049,400,4,4,62,40,6,0,0,1,0.05,0.23695,500.823
2050,380,5,5,67,39,10,1,1,0,0.05,0.23773,452.13
2051,208,3,3,52,25,8,1,1,0,0.05,0.27898,238.832
2052,147,2,2,29,13,2,1,1,0,0.05,0.20755,185.6
2053,34,0,0,10,5,1,1,1,0,0.05,0.22841,31.325
2054,13,0,0,4,2,2,1,1,0,0.05,0.2792,2.438
2055,218,3,3,41,21,3,0,1,0,0.05,0.23337,273.705
2056,164,2,2,32,18,5,1,1,0,0.05,0.26992,187.533
2057,27,0,0,6,4,3,1,1,0,0.05,0.68485,-9.91
2058,59,0,0,8,7,2,1,1,0,0.05,0.54805,53.008
2059,38,3,3,7,4,3,1,1,0,0.05,0.60276,44.275
2060,157,4,4,37,16,5,1,1,0,0.05,0.40409,155.286
2061,67,1,1,15,8,1,0,1,0,0.05,0.31689,77.513
2062,12,0,0,4,2,1,1,1,0,0.05,0.56601,-12.377
2063,121,4,4,29,12,5,1,1,0,0.05,0.25895,147.672
2064,273,6,6,51,25,9,1,1,0,0.05,0.24802,340.927
2065,234,5,5,43,23,5,1,1,0,0.05,0.31736,291.315
2066,226,3,3,33,20,10,1,1,0,0.05,0.35454,249.574
2067,27,0,0,6,4,0,1,1,0,0.05,0.19207,20.416
2068,313,5,5,45,27,10,0,0,1,0.05,0.24842,383.836
2069,204,3,3,35,18,9,1,1,0,0.05,0.2594,245.167
2070,20,0,0,5,3,3,1,1,0,0.05,0.81778,-26.76
2071,379,6,6,73,37,9,0,0,1,0.05,0.30997,461.274
2072,265,2,2,37,27,6,1,1,0,0.05,0.27864,311.191
2073,55,2,2,13,5,2,1,1,0,0.05,0.47965,57.889
2074,13,0,0,4,2,2,1,1,0,0.05,0.37621,-11.363
2075,184,5,5,34,18,4,1,1,0,0.05,0.23759,232.535
2076,20,0,0,6,3,0,1,1,0,0.05,0.56862,-25.738
2077,276,3,3,45,25,10,0,1,0,0.05,0.25695,322.82
2078,190,0,0,23,13,6,1,1,0,0.05,0.29228,214.393
2079,74,1,1,16,9,0,1,1,0,0.05,0.21379,79.89
2080,28,0,0,9,4,1,1,1,0,0.05,0.23014,9.045
2081,400,0,0,24,12,12,0,0,1,0.05,0.09079,652.185
2082,13,0,0,3,2,0,1,1,0,0.05,0.91035,-26.742
2083,268,5,5,39,23,8,1,1,0,0.05,0.25708,353.634
2084,108,2,2,22,12,3,1,1,0,0.05,0.30976,108.479
2085,197,3,3,40,20,7,0,1,0,0.05,0.26856,238.452
2086,13,0,0,5,2,1,1,1,0,0.05,0.24162,3.418
2087,65,2,2,11,7,2,1,1,0,0.05,0.36682,60.879
2088,185,5,5,36,19,5,1,1,0,0.05,0.2991,220.916
2089,73,1,1,17,9,4,1,1,0,0.05,0.18303,79.57
2090,47,0,0,11,6,2,1,1,0,0.05,0.27681,29.79
2091,189,3,3,38,21,8,1,1,0,0.05,0.22794,218.933
2092,5,0,0,3,1,3,1,1,0,0.05,1.55191,-46.441
2093,110,1,1,19,13,7,1,1,0,0.05,0.28748,124.127
2094,40,2,2,8,4,7,1,1,0,0.05,0.4917,13.606
2095,64,0,0,13,8,1,1,1,0,0.05,0.23088,62.427
2096,324,6,6,51,35,15,1,1,0,0.05,0.35278,364.617
2097,47,1,1,7,6,1,1,1,0,0.05,0.43273,22.721
2098,110,2,2,22,11,9,1,1,0,0.05,0.41174,128.671
2099,12,0,0,5,2,0,1,1,0,0.05,0.71463,-35.179
2100,45,0,0,10,6,4,1,1,0,0.05,0.2319,38.59
2101,371,10,5,66,33,8,1,1,0,0.05,0.22253,430.53
2102,111,3,3,32,13,4,1,1,0,0.05,0.27546,130.935
2103,21,0,0,5,3,1,1,1,0,0.05,0.23581,12.466
2104,86,1,1,16,9,2,1,1,0,0.05,0.38077,68.322
2105,51,0,0,11,6,2,1,1,0,0.05,0.26548,33.1
2106,124,3,3,44,14,6,1,1,0,0.05,0.40586,144.533
2107,150,2,2,33,15,9,0,1,0,0.05,0.44313,169.89
2108,6,0,0,3,1,1,1,1,0,0.05,0.2985,-5.868
2109,35,0,0,9,5,3,1,1,0,0.05,0.52127,1.745
2110,74,3,3,24,8,1,1,1,0,0.05,0.28943,74.247
2111,38,1,1,11,5,0,1,1,0,0.05,0.14211,37.956
2112,41,1,1,8,5,4,1,1,0,0.05,0.24075,40.524
2113,66,0,0,15,9,1,1,1,0,0.05,0.23044,55.627
2114,12,0,0,5,2,2,1,1,0,0.05,0.43399,1.308
2115,13,0,0,4,2,3,1,1,0,0.05,0.93542,-29.668
2116,45,1,1,9,6,1,1,1,0,0.05,0.23454,45.702
2117,99,1,1,17,12,3,1,1,0,0.05,0.53561,80.627
2118,75,0,0,12,9,1,0,1,0,0.05,0.27992,88.979
2119,20,0,0,6,3,2,1,1,0,0.05,0.8931,-15.485
2120,42,1,1,6,5,4,1,1,0,0.05,0.4008,5.965
2121,246,3,3,41,23,8,0,1,0,0.05,0.30212,307.697
2122,91,1,1,22,9,3,0,1,0,0.05,0.36277,114.051
2123,13,0,0,4,2,3,1,1,0,0.05,1.01295,-29.786
2124,202,2,2,32,18,3,0,1,0,0.05,0.22777,264.901
2125,13,0,0,3,2,0,1,1,0,0.05,0.46297,-10.531
2126,20,0,0,6,3,2,1,1,0,0.05,0.55008,-13.797
2127,163,1,1,34,20,8,1,1,0,0.05,0.32657,170.482
2128,20,0,0,6,3,1,1,1,0,0.05,0.59074,-14.101
2129,272,4,4,41,24,8,1,1,0,0.05,0.27529,313.989
2130,20,0,0,7,3,1,1,1,0,0.05,0.48193,-13.468
2131,20,0,0,6,3,1,1,1,0,0.05,0.18321,10.404
2132,125,3,3,36,14,1,1,1,0,0.05,0.23852,148.975
2133,21,0,0,4,3,2,1,1,0,0.05,0.60091,-14.384
2134,36,0,0,9,5,2,1,1,0,0.05,0.61378,5.446
2135,308,9,9,63,28,8,1,1,0,0.05,0.25342,361.508
2136,13,0,0,5,2,0,1,1,0,0.05,0.47033,-34.064
2137,6,0,0,2,1,0,1,1,0,0.05,0.22721,-5.934
2138,86,2,2,23,10,0,1,1,0,0.05,0.23609,84.751
2139,28,0,0,9,4,0,1,1,0,0.05,0.64145,-6.361
2140,46,1,1,14,6,0,1,1,0,0.05,0.22621,46.434
2141,30,0,0,7,4,1,1,1,0,0.05,0.29526,22.813
2142,77,3,3,24,8,3,1,1,0,0.05,0.28347,80.955
2143,87,0,0,16,10,1,1,1,0,0.05,0.24237,98.71
2144,60,1,1,14,7,3,1,1,0,0.05,0.21693,45.595
2145,122,1,1,17,14,3,0,1,0,0.05,0.29751,146.752
2146,77,1,1,17,10,0,1,1,0,0.05,0.2236,69.974
2147,6,0,0,3,1,1,1,1,0,0.05,0.24167,-5.711
2148,13,0,0,5,2,2,1,1,0,0.05,0.89971,-27.35
2149,192,6,6,36,20,3,1,1,0,0.05,0.27048,242.579
2150,13,0,0,4,2,1,1,1,0,0.05,0.92259,-10.046
2151,193,4,4,38,20,6,1,1,0,0.05,0.26684,228.533
2152,13,0,0,5,2,2,1,1,0,0.05,0.69517,-10.7
2153,128,5,5,26,14,5,1,1,0,0.05,0.22527,145.935
2154,31,1,1,10,4,1,1,1,0,0.05,0.26858,26.216
2155,22,1,1,10,3,1,1,1,0,0.05,0.26052,19.038
2156,50,1,1,15,6,5,1,1,0,0.05,0.44818,47.771
2157,6,0,0,3,1,1,1,1,0,0.05,0.26724,-5.587
2158,83,0,0,12,9,8,1,1,0,0.05,0.41167,66.559
2159,281,2,2,46,29,8,1,1,0,0.05,0.24177,321.855
2160,208,3,3,37,23,6,1,1,0,0.05,0.32556,218.546
2161,38,1,1,7,5,3,1,1,0,0.05,0.22299,36.471
2162,400,7,7,61,37,8,0,0,1,0.05,0.23162,459.57
2163,5,0,0,1,1,0,1,1,0,0.05,0.85934,-45.288
2164,20,0,0,5,3,1,1,1,0,0.05,0.38695,-3.057
2165,207,2,2,34,21,6,1,1,0,0.05,0.23747,230.822
2166,5,0,0,2,1,1,1,1,0,0.05,1.46368,-46.742
2167,67,0,0,13,9,0,1,1,0,0.05,0.20118,66.372
2168,360,6,6,43,30,8,1,1,0,0.05,0.26254,390.681
2169,141,3,3,26,14,3,1,1,0,0.05,0.2558,180.151
2170,27,0,0,9,4,0,1,1,0,0.05,0.46042,7.868
2171,168,4,4,34,19,5,1,1,0,0.05,0.30582,193.262
2172,84,0,0,20,11,2,1,1,0,0.05,0.18969,87.269
2173,13,0,0,3,2,0,1,1,0,0.05,0.22429,2.745
2174,46,0,0,10,6,1,1,1,0,0.05,0.19253,44.823
2175,347,6,6,52,37,11,0,1,0,0.05,0.2597,423.684
2176,43,1,1,10,6,1,1,1,0,0.05,0.29804,33.58
2177,164,3,3,40,20,5,1,1,0,0.05,0.30078,193.739
2178,51,0,0,13,7,1,1,1,0,0.05,0.21514,47.293
2179,13,0,0,2,2,2,1,1,0,0.05,0.34172,1.188
2180,158,3,3,40,18,2,1,1,0,0.05,0.2527,193.15
2181,384,1,1,52,39,10,1,1,0,0.05,0.27965,424.379
2182,67,0,0,20,9,0,1,1,0,0.05,0.19697,68.179
2183,43,0,0,9,6,2,1,1,0,0.05,0.49581,26.672
2184,27,0,0,10,4,0,1,1,0,0.05,0.21026,22.256
2185,13,0,0,2,2,2,1,1,0,0.05,1.11854,-24.97
2186,145,4,4,28,15,1,1,1,0,0.05,0.22809,176.75
2187,113,4,4,16,12,2,1,1,0,0.05,0.24036,128.425
2188,183,1,1,34,23,5,1,1,0,0.05,0.29949,211.441
2189,199,8,8,56,21,9,1,1,0,0.05,0.3422,250.064
2190,33,1,1,8,4,0,1,1,0,0.05,0.16978,31.361
2191,88,1,1,25,11,8,1,1,0,0.05,0.23648,91.537
2192,23,1,1,5,3,0,1,1,0,0.05,0.16767,19.533
2193,219,1,1,26,22,13,1,1,0,0.05,0.32007,251.279
2194,146,3,3,31,17,6,1,1,0,0.05,0.21496,172.528
2195,27,0,0,7,4,2,1,1,0,0.05,0.20445,19.417
2196,43,0,0,14,6,2,1,1,0,0.05,0.39141,23.312
2197,6,0,0,2,1,0,1,1,0,0.05,0.23502,-5.71
2198,27,0,0,5,4,1,1,1,0,0.05,0.6473,-7.069
2199,13,0,0,4,2,1,1,1,0,0.05,1.06336,-22.803
2200,246,5,5,44,25,8,1,1,0,0.05,0.27077,256.505
2201,124,3,3,22,12,2,1,1,0,0.05,0.25156,152.119
2202,139,3,3,31,15,8,1,1,0,0.05,0.35945,150.208
2203,117,4,4,28,13,3,1,1,0,0.05,0.25476,134.022
2204,13,0,0,3,2,1,1,1,0,0.05,1.02855,-23.441
2205,21,0,0,5,3,1,1,1,0,0.05,0.41952,9.86
2206,143,3,3,30,16,3,1,1,0,0.05,0.30489,178.475
2207,6,0,0,2,1,1,1,1,0,0.05,0.19667,-6.061
2208,37,1,1,8,5,1,1,1,0,0.05,0.17242,19.24
2209,6,0,0,4,1,4,1,1,0,0.05,1.17665,-46.317
2210,13,0,0,5,2,1,1,1,0,0.05,0.30716,-10.48
2211,26,1,1,7,3,1,1,1,0,0.05,0.31279,10.515
2212,52,1,1,15,6,2,1,1,0,0.05,0.18512,54.374
2213,66,1,1,15,8,3,1,1,0,0.05,0.23949,54.531
2214,30,1,1,5,4,1,1,1,0,0.05,0.21907,26.539
2215,306,5,5,46,27,6,1,1,0,0.05,0.26205,361.797
2216,246,3,3,45,25,7,1,1,0,0.05,0.28646,301.938
2217,42,1,1,7,5,1,1,1,0,0.05,0.21191,40.185
2218,6,0,0,2,1,0,1,1,0,0.05,0.15978,-5.169
2219,102,3,3,23,11,2,0,1,0,0.05,0.2642,124.467
2220,21,0,0,7,3,2,1,1,0,0.05,0.68364,-14.824
2221,400,9,4,68,39,4,0,0,1,0.05,0.21322,469.258
2222,12,0,0,6,2,1,1,1,0,0.05,0.22258,3.564
2223,330,4,4,46,32,13,0,1,0,0.05,0.27248,374.707
2224,13,0,0,5,2,1,1,1,0,0.05,0.26891,3.779
2225,28,0,0,6,4,5,1,1,0,0.05,0.60625,-7.397
2226,41,0,0,10,6,0,1,1,0,0.05,0.22402,37.95
2227,20,0,0,5,3,3,1,1,0,0.05,0.92489,-16.683
2228,182,1,1,27,16,8,0,1,0,0.05,0.27281,216.354
2229,63,3,3,16,6,5,1,1,0,0.05,0.57778,31.935
2230,99,1,1,19,10,1,1,1,0,0.05,0.28864,88.479
2231,13,0,0,3,2,2,1,1,0,0.05,1.17431,-23.702
2232,38,0,0,9,5,1,1,1,0,0.05,0.21278,32.464
2233,319,6,6,64,33,9,1,1,0,0.05,0.22762,404.446
2234,102,1,1,23,12,1,1,1,0,0.05,0.27344,94.151
2235,27,2,2,8,3,1,1,1,0,0.05,0.6159,-8.244
2236,400,5,5,67,37,11,0,0,1,0.05,0.26621,488.211
2237,17,1,1,8,2,4,1,1,0,0.05,1.03807,2.601
2238,400,12,7,78,38,8,0,0,1,0.05,0.2143,494.385
2239,152,2,2,26,15,2,0,1,0,0.05,0.29856,203.264
2240,97,1,1,24,12,3,0,1,0,0.05,0.29645,108.283
2241,13,0,0,4,2,1,1,1,0,0.05,0.22984,3.245
2242,400,6,6,58,38,9,0,0,1,0.05,0.25836,515.895
2243,123,2,2,32,13,3,1,1,0,0.05,0.36432,140.69
2244,241,5,5,45,19,3,1,1,0,0.05,0.21914,324.326
2245,289,5,5,53,29,6,1,1,0,0.05,0.34085,345.473
2246,13,0,0,3,2,1,1,1,0,0.05,1.06024,-22.594
2247,34,0,0,5,5,0,1,1,0,0.05,0.35236,13.966
2248,84,1,1,20,10,3,1,1,0,0.05,0.26572,76.138
2249,45,2,2,12,5,4,1,1,0,0.05,0.26001,34.883
2250,214,6,6,58,22,7,1,1,0,0.05,0.26832,270.155
2251,172,9,4,23,15,3,1,1,0,0.05,0.23631,216.098
2252,85,2,2,22,10,1,1,1,0,0.05,0.35582,69.217
2253,27,0,0,7,4,0,1,1,0,0.05,0.24431,21.23
2254,94,3,3,15,10,8,0,1,0,0.05,0.38169,109.1
2255,123,5,5,21,11,4,1,1,0,0.05,0.40405,135.941
2256,184,4,4,32,19,7,1,1,0,0.05,0.2659,196.944
2257,94,2,2,21,9,1,1,1,0,0.05,0.21963,120.924
2258,155,5,5,38,17,3,0,1,0,0.05,0.30403,182.385
2259,5,0,0,4,1,2,1,1,0,0.05,1.29296,-46.517
2260,82,0,0,18,10,2,1,1,0,0.05,0.30712,83.656
2261,35,0,0,9,5,2,1,1,0,0.05,0.23318,30.527
2262,121,2,2,24,12,3,0,1,0,0.05,0.34683,155.328
2263,342,6,6,51,32,3,1,1,0,0.05,0.25227,400.736
2264,277,6,6,48,28,7,1,1,0,0.05,0.21449,309.121
2265,13,0,0,4,2,0,1,1,0,0.05,0.87591,-10.02
2266,111,2,2,27,12,4,0,1,0,0.05,0.32863,128.624
2267,6,0,0,2,1,0,1,1,0,0.05,0.31862,-6.0
2268,172,3,3,30,17,6,1,1,0,0.05,0.24495,197.553
2269,70,1,1,15,7,3,0,1,0,0.05,0.31893,72.906
2270,93,2,2,28,9,0,1,1,0,0.05,0.35927,95.998
2271,65,3,3,9,6,3,0,1,0,0.05,0.27881,83.402
2272,38,0,0,11,5,0,1,1,0,0.05,0.37078,-2.512
2273,156,0,0,38,18,7,1,1,0,0.05,0.34545,165.628
2274,101,0,0,19,11,4,0,1,0,0.05,0.34265,123.546
2275,52,1,1,12,4,2,1,1,0,0.05,0.46588,29.55
2276,50,1,1,10,6,1,1,1,0,0.05,0.31721,37.287
2277,20,0,0,5,3,3,1,1,0,0.05,0.62619,-15.833
2278,50,1,1,12,6,0,1,1,0,0.05,0.27711,50.738
2279,287,8,3,56,29,13,1,1,0,0.05,0.28361,331.268
2280,67,0,0,16,9,1,1,1,0,0.05,0.21961,70.383
2281,42,0,0,9,6,1,1,1,0,0.05,0.29222,37.771
2282,13,0,0,5,2,1,1,1,0,0.05,0.17487,3.628
2283,27,1,1,4,3,2,1,1,0,0.05,0.28903,10.245
2284,109,8,3,22,12,2,1,1,0,0.05,0.27382,123.634
2285,129,0,0,32,15,7,1,1,0,0.05,0.33587,145.615
2286,13,0,0,4,2,0,1,1,0,0.05,0.20289,4.151
2287,105,3,3,26,12,1,1,1,0,0.05,0.19167,126.991
2288,273,4,4,42,29,10,1,1,0,0.05,0.33889,304.16
2289,172,4,4,41,18,4,1,1,0,0.05,0.24839,208.505
2290,110,2,2,17,11,2,1,1,0,0.05,0.26264,137.061
2291,48,0,0,9,7,1,1,1,0,0.05,0.22783,44.781
2292,239,5,5,42,25,10,1,1,0,0.05,0.24062,270.117
2293,29,0,0,10,4,1,1,1,0,0.05,0.27764,21.182
2294,13,0,0,4,2,1,1,1,0,0.05,0.35899,-10.157
2295,208,3,3,22,17,7,1,1,0,0.05,0.23502,228.191
2296,145,3,3,32,16,6,1,1,0,0.05,0.29828,138.132
2297,108,0,0,16,12,4,0,1,0,0.05,0.29904,114.058
2298,110,4,4,28,11,2,1,1,0,0.05,0.25409,144.716
2299,69,1,1,21,8,0,1,1,0,0.05,0.22005,76.235
2300,66,0,0,17,9,2,1,1,0,0.05,0.284,68.669
2301,57,1,1,18,7,1,1,1,0,0.05,0.30916,50.694
2302,47,0,0,16,6,4,1,1,0,0.05,0.26272,45.502
2303,35,0,0,6,5,2,1,1,0,0.05,0.20487,26.639
2304,43,0,0,12,6,2,1,1,0,0.05,0.49056,29.812
2305,250,1,1,46,23,7,1,1,0,0.05,0.26261,300.656
2306,13,0,0,5,2,1,1,1,0,0.05,0.21712,2.645
2307,90,2,2,29,10,1,1,1,0,0.05,0.26744,104.276
2308,35,0,0,10,5,2,1,1,0,0.05,0.5123,3.681
2309,20,0,0,4,3,0,1,1,0,0.05,0.18531,9.958
2310,259,5,5,49,24,7,1,1,0,0.05,0.26272,302.706
2311,21,0,0,4,3,4,1,1,0,0.05,0.62528,-20.221
2312,19,0,0,6,3,0,1,1,0,0.05,0.26592,10.948
2313,109,0,0,22,12,0,1,1,0,0.05,0.26612,119.973
2314,86,3,3,23,10,3,1,1,0,0.05,0.25176,101.293
2315,86,1,1,22,11,1,1,1,0,0.05,0.17683,97.651
2316,56,1,1,13,7,1,1,1,0,0.05,0.20954,60.64
2317,88,2,2,23,10,4,1,1,0,0.05,0.39601,73.467
2318,223,3,3,52,22,5,1,1,0,0.05,0.22827,272.646
2319,52,0,0,10,7,0,1,1,0,0.05,0.1895,49.503
2320,241,3,3,37,25,2,1,1,0,0.05,0.29714,295.123
2321,400,12,7,62,36,6,0,0,1,0.05,0.20967,501.571
2322,27,0,0,5,4,0,1,1,0,0.05,0.24567,21.236
2323,27,0,0,6,4,3,1,1,0,0.05,0.67771,-11.786
2324,400,7,7,55,31,11,0,0,1,0.05,0.20329,516.145
2325,112,2,2,32,12,0,0,1,0,0.05,0.26938,143.28
2326,145,5,5,31,14,1,1,1,0,0.05,0.27483,188.197
2327,179,3,3,39,17,6,1,1,0,0.05,0.24383,221.646
2328,195,3,3,36,18,6,1,1,0,0.05,0.29459,242.97
2329,71,1,1,21,8,4,1,1,0,0.05,0.23985,65.496
2330,91,1,1,16,10,3,1,1,0,0.05,0.35432,75.701
2331,192,5,5,30,16,2,1,1,0,0.05,0.21884,265.342
2332,20,0,0,5,3,1,1,1,0,0.05,0.41523,-2.316
2333,371,13,8,69,33,5,1,1,0,0.05,0.24715,477.866
2334,56,2,2,17,6,2,1,1,0,0.05,0.46126,57.187
2335,249,6,6,46,20,11,0,1,0,0.05,0.30537,302.276
2336,35,0,0,9,5,1,1,1,0,0.05,0.61634,4.738
2337,21,0,0,6,3,1,1,1,0,0.05,0.28479,12.115
2338,7,0,0,2,1,0,1,1,0,0.05,0.33754,-5.641
2339,53,0,0,11,7,2,1,1,0,0.05,0.35213,13.317
2340,342,5,5,50,32,10,1,1,0,0.05,0.29398,383.393
2341,35,0,0,6,5,3,1,1,0,0.05,0.50915,2.521
2342,59,1,1,14,7,3,1,1,0,0.05,0.26813,60.724
2343,20,0,0,8,3,0,1,1,0,0.05,0.31219,15.339
2344,13,0,0,3,2,1,1,1,0,0.05,0.23256,-11.157
2345,115,2,2,20,12,7,0,1,0,0.05,0.35283,128.823
2346,37,0,0,14,5,2,1,1,0,0.05,0.28517,18.584
2347,157,0,0,27,16,6,0,1,0,0.05,0.31435,189.911
2348,20,0,0,5,3,1,1,1,0,0.05,0.19256,10.435
2349,35,0,0,8,5,3,1,1,0,0.05,0.39922,3.129
2350,42,1,1,11,5,4,1,1,0,0.05,0.23771,39.067
2351,163,5,5,32,17,4,1,1,0,0.05,0.26304,171.472
2352,13,0,0,6,2,1,1,1,0,0.05,0.2737,3.48
2353,13,0,0,4,2,0,1,1,0,0.05,0.83055,-28.995
2354,114,4,4,36,14,2,1,1,0,0.05,0.27546,124.11
2355,333,0,0,44,31,6,0,1,0,0.05,0.25677,389.309
2356,109,3,3,32,13,5,1,1,0,0.05,0.48088,89.843
2357,5,0,0,2,1,1,1,1,0,0.05,0.29933,-7.069
2358,136,1,1,39,16,2,0,1,0,0.05,0.29892,159.78
2359,214,2,2,41,22,4,1,1,0,0.05,0.23742,260.207
2360,28,0,0,6,4,2,1,1,0,0.05,0.21888,20.593
2361,13,0,0,3,2,0,1,1,0,0.05,0.36635,-9.83
2362,89,2,2,20,8,2,1,1,0,0.05,0.34191,85.696
2363,400,8,8,79,39,12,0,0,1,0.05,0.21898,502.331
2364,115,1,1,35,14,5,1,1,0,0.05,0.25239,129.989
2365,127,3,3,30,13,1,0,1,0,0.05,0.26385,169.937
2366,169,4,4,36,17,3,1,1,0,0.05,0.29341,207.212
2367,216,5,5,49,22,3,1,1,0,0.05,0.27849,243.746
2368,168,1,1,28,16,4,0,1,0,0.05,0.39473,197.54
2369,115,0,0,26,11,1,1,1,0,0.05,0.29924,150.588
2370,20,0,0,9,3,1,1,1,0,0.05,0.70401,-24.878
2371,85,2,2,32,9,0,1,1,0,0.05,0.40669,99.09
2372,79,1,1,20,9,2,1,1,0,0.05,0.19341,75.61
2373,104,0,0,20,12,2,1,1,0,0.05,0.28622,79.345
2374,215,1,1,40,20,6,1,1,0,0.05,0.35783,268.112
2375,22,0,0,5,3,1,1,1,0,0.05,0.23564,13.731
2376,27,0,0,6,4,1,1,1,0,0.05,0.30235,6.266
2377,250,5,5,31,25,4,1,1,0,0.05,0.21996,298.294
2378,54,1,1,13,7,4,1,1,0,0.05,0.47224,26.766
2379,20,0,0,3,3,2,1,1,0,0.05,0.90325,-16.511
2380,20,0,0,6,3,5,1,1,0,0.05,0.93758,-18.831
2381,21,0,0,6,3,1,1,1,0,0.05,0.13955,13.27
2382,303,3,3,41,26,7,0,1,0,0.05,0.23806,370.53
2383,20,0,0,5,3,1,1,1,0,0.05,0.53106,-13.551
2384,20,0,0,6,3,2,1,1,0,0.05,0.35995,-3.659
2385,105,2,2,21,10,1,1,1,0,0.05,0.38061,133.249
2386,37,0,0,8,5,1,1,1,0,0.05,0.20137,31.445
2387,35,0,0,10,5,1,1,1,0,0.05,0.49979,4.481
2388,75,2,2,13,7,3,0,1,0,0.05,0.31799,94.116
2389,30,0,0,12,4,0,1,1,0,0.05,0.22713,24.612
2390,153,5,5,33,16,8,0,1,0,0.05,0.38999,173.5
2391,337,11,6,48,31,4,1,1,0,0.05,0.22521,416.583
2392,170,4,4,34,17,4,1,1,0,0.05,0.2373,203.75
2393,225,5,5,42,21,2,1,1,0,0.05,0.29291,295.107
2394,73,1,1,17,8,2,1,1,0,0.05,0.41909,68.675
2395,13,0,0,3,2,0,1,1,0,0.05,0.44954,-9.423
2396,33,2,2,14,3,2,1,1,0,0.05,0.25277,39.888
2397,6,0,0,2,1,1,1,1,0,0.05,0.24002,-6.417
2398,28,0,0,7,4,1,1,1,0,0.05,0.19125,20.477
2399,141,2,2,33,15,4,1,1,0,0.05,0.35852,153.609
2400,77,2,2,22,9,2,0,1,0,0.05,0.33287,95.627
2401,52,1,1,18,6,1,1,1,0,0.05,0.46825,41.454
2402,13,0,0,3,2,0,1,1,0,0.05,0.23352,2.231
2403,64,1,1,18,8,1,1,1,0,0.05,0.26031,68.434
2404,22,1,1,7,3,0,1,1,0,0.05,0.57528,6.244
2405,290,3,3,57,27,3,1,1,0,0.05,0.23171,339.385
2406,124,1,1,20,13,5,1,1,0,0.05,0.39739,132.99
2407,14,0,0,5,2,2,1,1,0,0.05,0.26659,-9.744
2408,13,0,0,4,2,1,1,1,0,0.05,0.23719,2.826
2409,43,0,0,12,6,0,1,1,0,0.05,0.4283,-0.612
2410,60,1,1,13,8,0,1,1,0,0.05,0.20258,68.288
2411,40,1,1,10,5,1,1,1,0,0.05,0.25262,38.523
2412,70,2,2,21,8,3,1,1,0,0.05,0.18288,84.82
2413,34,0,0,12,5,1,1,1,0,0.05,0.20074,33.032
2414,64,0,0,15,8,5,1,1,0,0.05,0.54009,32.443
2415,97,4,4,28,10,3,1,1,0,0.05,0.29066,130.169
2416,46,0,0,18,6,1,0,1,0,0.05,0.41745,48.789
2417,269,3,3,46,26,12,1,1,0,0.05,0.2575,298.07
2418,199,3,3,35,20,4,1,1,0,0.05,0.25217,252.945
2419,56,1,1,13,7,3,1,1,0,0.05,0.39814,34.956
2420,118,4,4,33,11,7,1,1,0,0.05,0.40561,140.928
2421,13,0,0,4,2,4,1,1,0,0.05,0.92673,-29.723
2422,56,0,0,10,8,0,1,1,0,0.05,0.36147,18.311
2423,119,3,3,31,12,5,0,1,0,0.05,0.29154,169.474
2424,5,0,0,2,1,1,1,1,0,0.05,0.06849,-7.242
2425,244,6,6,45,23,4,1,1,0,0.05,0.21875,310.543
2426,29,0,0,7,4,2,1,1,0,0.05,0.21688,22.516
2427,20,0,0,6,3,0,1,1,0,0.05,0.3,-1.842
2428,142,8,3,27,15,9,1,1,0,0.05,0.27646,176.852
2429,6,0,0,3,1,1,1,1,0,0.05,0.35852,-5.529
2430,197,6,6,45,17,4,1,1,0,0.05,0.24316,263.358
2431,128,1,1,26,12,6,0,1,0,0.05,0.29093,160.477
2432,127,2,2,33,14,5,1,1,0,0.05,0.21498,159.273
2433,148,2,2,30,16,6,1,1,0,0.05,0.33581,145.353
2434,47,1,1,11,5,6,1,1,0,0.05,0.4425,16.009
2435,158,3,3,27,14,5,1,1,0,0.05,0.37968,181.08
2436,82,0,0,6,7,2,1,1,0,0.05,0.43827,107.816
2437,171,0,0,42,21,8,1,1,0,0.05,0.25589,195.362
2438,57,1,1,12,7,3,0,1,0,0.05,0.38954,64.23
2439,92,2,2,27,11,6,1,1,0,0.05,0.3234,107.107
2440,127,1,1,30,16,6,1,1,0,0.05,0.37447,108.508
2441,189,3,3,39,17,5,1,1,0,0.05,0.22077,253.211
2442,98,1,1,23,12,2,1,1,0,0.05,0.18239,110.73
2443,102,4,4,32,11,3,1,1,0,0.05,0.16957,129.099
2444,102,0,0,19,12,2,0,1,0,0.05,0.32227,119.615
2445,40,2,2,14,5,3,1,1,0,0.05,0.24692,39.03
2446,13,0,0,4,2,1,1,1,0,0.05,0.17915,2.67
2447,46,1,1,10,6,2,1,1,0,0.05,0.261,43.727
2448,53,0,0,11,7,2,1,1,0,0.05,0.33094,53.07
2449,74,3,3,21,8,1,1,1,0,0.05,0.32161,99.216
2450,109,2,2,30,14,3,0,1,0,0.05,0.33165,131.873
2451,41,1,1,14,5,2,1,1,0,0.05,0.51593,38.695
2452,73,2,2,24,8,0,1,1,0,0.05,0.26565,81.531
2453,6,0,0,2,1,3,1,1,0,0.05,0.22033,-6.928
2454,194,5,5,27,15,6,1,1,0,0.05,0.2814,237.878
2455,99,5,5,39,10,4,1,1,0,0.05,0.28488,138.234
2456,81,1,1,26,9,2,1,1,0,0.05,0.26449,96.827
2457,13,0,0,4,2,2,1,1,0,0.05,1.12224,-22.807
2458,79,1,1,19,10,2,1,1,0,0.05,0.19494,91.764
2459,52,1,1,21,7,5,1,1,0,0.05,0.5458,35.717
2460,105,5,5,26,9,4,0,1,0,0.05,0.29482,142.077
2461,25,1,1,4,3,1,1,1,0,0.05,0.22067,10.259
2462,6,0,0,2,1,1,1,1,0,0.05,0.2659,-6.16
2463,47,1,1,18,6,3,1,1,0,0.05,0.22769,49.499
2464,45,6,1,11,5,2,1,1,0,0.05,0.30705,53.813
2465,25,1,1,3,3,0,1,1,0,0.05,0.61746,-3.227
2466,119,1,1,32,14,4,1,1,0,0.05,0.19186,138.461
2467,25,1,1,5,3,2,1,1,0,0.05,0.50466,-4.326
2468,216,4,4,30,19,3,1,1,0,0.05,0.23202,275.24
2469,13,0,0,5,2,1,1,1,0,0.05,0.93679,-21.907
2470,146,3,3,28,16,8,1,1,0,0.05,0.32829,171.259
2471,144,6,6,34,15,5,1,1,0,0.05,0.3711,165.692
2472,108,4,4,31,11,4,1,1,0,0.05,0.22968,140.679
2473,54,2,2,15,6,4,1,1,0,0.05,0.54382,53.293
2474,68,2,2,16,8,2,0,1,0,0.05,0.26433,88.188
2475,69,0,0,20,9,1,1,1,0,0.05,0.25942,62.13
2476,88,3,3,17,9,1,1,1,0,0.05,0.23201,106.038
2477,75,1,1,16,8,3,1,1,0,0.05,0.22679,90.691
2478,60,0,0,13,7,3,1,1,0,0.05,0.3076,44.742
2479,177,3,3,44,20,6,1,1,0,0.05,0.24772,199.062
2480,310,6,6,43,27,8,1,1,0,0.05,0.32667,359.54
2481,14,0,0,2,2,0,1,1,0,0.05,0.28003,4.822
2482,14,0,0,4,2,0,1,1,0,0.05,0.21556,5.372
2483,159,3,3,43,17,5,1,1,0,0.05,0.30219,198.92
2484,5,0,0,2,1,1,1,1,0,0.05,0.61089,-6.286
2485,39,0,0,11,5,3,1,1,0,0.05,0.23345,34.89
2486,6,0,0,1,1,1,1,1,0,0.05,0.37768,-6.414
2487,35,0,0,9,5,2,1,1,0,0.05,0.22553,31.264
2488,116,3,3,27,11,1,0,1,0,0.05,0.263,147.937
2489,13,0,0,4,2,2,1,1,0,0.05,0.92092,-22.537
2490,52,0,0,18,7,2,1,1,0,0.05,0.24599,51.144
2491,400,7,7,79,37,7,0,0,1,0.05,0.24176,539.321
2492,5,0,0,3,1,2,1,1,0,0.05,1.3714,-47.735
2493,316,10,5,38,27,8,0,1,0,0.05,0.35438,394.404
2494,219,3,3,43,21,5,0,1,0,0.05,0.23256,284.118
2495,190,4,4,42,20,4,1,1,0,0.05,0.25778,211.275
2496,157,2,2,34,18,3,1,1,0,0.05,0.21387,197.565
2497,53,0,0,11,7,1,0,1,0,0.05,0.33882,59.51
2498,249,3,3,39,22,5,1,1,0,0.05,0.27165,307.26
2499,54,1,1,10,7,2,1,1,0,0.05,0.20364,52.185
2500,187,4,4,31,14,3,1,1,0,0.05,0.22311,267.62
