episode,steps,score,coins,crates,bombs,reward,epsilon,killed_self,survived,states_visited
1,6,0,0,1,1,-6.26,0.9995,1,0,6
2,7,0,0,2,1,-6.47,0.999,1,0,6
3,12,0,0,4,1,-5.47,0.9986,1,0,10
4,6,0,0,2,1,-6.46,0.9981,1,0,10
5,7,0,0,3,1,-6.22,0.9976,1,0,13
6,9,0,0,3,1,-6.74,0.9971,1,0,14
7,16,0,0,5,1,-6.86,0.9967,1,0,17
8,6,0,0,2,1,-5.96,0.9962,1,0,20
9,10,0,0,3,1,-6.75,0.9957,1,0,20
10,6,0,0,4,1,-5.41,0.9952,1,0,20
11,5,0,0,4,1,-5.25,0.9948,1,0,20
12,6,0,0,2,1,-6.01,0.9943,1,0,20
13,9,0,0,2,1,-7.49,0.9938,1,0,20
14,6,0,0,2,1,-5.96,0.9933,1,0,20
15,6,0,0,0,1,-6.11,0.9929,1,0,22
16,6,0,0,4,1,-5.31,0.9924,1,0,22
17,6,0,0,4,1,-5.46,0.9919,1,0,22
18,7,0,0,2,1,-5.97,0.9915,1,0,22
19,16,0,0,3,1,-7.91,0.991,1,0,24
20,6,0,0,2,1,-6.96,0.9905,1,0,25
21,41,1,1,9,3,-11.36,0.99,1,0,36
22,6,0,0,3,1,-6.16,0.9896,1,0,36
23,23,0,0,5,2,-9.48,0.9891,1,0,39
24,7,0,0,3,1,-5.67,0.9886,1,0,39
25,7,0,0,3,1,-6.22,0.9881,1,0,41
26,22,0,0,3,1,-9.52,0.9877,1,0,41
27,5,0,0,2,1,-5.85,0.9872,1,0,41
28,8,0,0,3,1,-4.88,0.9867,1,0,41
29,7,0,0,2,1,-5.92,0.9862,1,0,41
30,14,0,0,2,1,-8.74,0.9858,1,0,41
31,11,0,0,3,1,-6.81,0.9853,1,0,41
32,19,0,0,4,2,-9.89,0.9848,1,0,41
33,9,0,0,2,1,-7.04,0.9843,1,0,41
34,8,0,0,3,1,-5.73,0.9839,1,0,41
35,5,0,0,4,1,-4.45,0.9834,1,0,41
36,5,0,0,2,1,-5.0,0.9829,1,0,41
37,12,0,0,2,1,-7.17,0.9824,1,0,42
38,6,0,0,3,1,-5.26,0.9819,1,0,42
39,8,0,0,4,1,-4.98,0.9815,1,0,42
40,6,0,0,4,1,-5.86,0.981,1,0,42
41,11,0,0,3,1,-7.76,0.9805,1,0,42
42,6,0,0,1,1,-6.81,0.98,1,0,42
43,25,0,0,5,2,-8.9,0.9796,1,0,42
44,6,0,0,2,1,-6.01,0.9791,1,0,43
45,6,0,0,3,1,-5.76,0.9786,1,0,43
46,5,0,0,4,1,-5.35,0.9781,1,0,43
47,9,0,0,3,1,-8.19,0.9777,1,0,43
48,9,0,0,3,1,-6.34,0.9772,1,0,43
49,13,0,0,3,1,-6.33,0.9767,1,0,43
50,7,0,0,3,1,-5.27,0.9762,1,0,43
51,19,0,0,0,1,-10.29,0.9758,1,0,43
52,7,0,0,3,1,-5.17,0.9753,1,0,43
53,8,0,0,2,1,-6.53,0.9748,1,0,43
54,6,0,0,1,1,-5.36,0.9744,1,0,43
55,5,0,0,4,1,-4.45,0.9739,1,0,43
56,14,0,0,1,1,-8.44,0.9734,1,0,44
57,6,0,0,4,1,-5.91,0.9729,1,0,44
58,11,0,0,3,1,-6.71,0.9725,1,0,45
59,21,0,0,2,1,-9.81,0.972,1,0,45
60,13,0,0,2,1,-7.13,0.9715,1,0,45
61,7,0,0,3,1,-5.72,0.971,1,0,45
62,13,0,0,1,1,-8.48,0.9706,1,0,45
63,24,0,0,4,2,-9.59,0.9701,1,0,45
64,5,0,0,4,1,-5.35,0.9696,1,0,45
65,22,0,0,4,1,-9.22,0.9691,1,0,45
66,23,0,0,4,1,-7.73,0.9687,1,0,45
67,13,0,0,3,1,-6.33,0.9682,1,0,45
68,5,0,0,2,1,-5.95,0.9677,1,0,45
69,5,0,0,1,1,-6.25,0.9672,1,0,45
70,12,0,0,3,1,-7.77,0.9667,1,0,45
71,7,0,0,2,1,-7.02,0.9663,1,0,45
72,22,0,0,6,1,-8.42,0.9658,1,0,45
73,7,0,0,2,1,-5.97,0.9653,1,0,45
74,16,0,0,2,1,-8.71,0.9648,1,0,45
75,13,0,0,3,1,-7.23,0.9644,1,0,45
76,8,0,0,4,1,-5.43,0.9639,1,0,45
77,10,0,0,3,1,-7.3,0.9634,1,0,45
78,6,0,0,3,1,-5.71,0.9629,1,0,45
79,18,0,0,2,1,-9.68,0.9625,1,0,45
80,23,0,0,2,2,-10.68,0.962,1,0,45
81,5,0,0,2,1,-5.5,0.9615,1,0,45
82,9,0,0,3,1,-5.64,0.961,1,0,45
83,19,0,0,3,1,-9.39,0.9606,1,0,45
84,13,0,0,0,1,-7.78,0.9601,1,0,45
85,9,0,0,3,1,-6.29,0.9596,1,0,45
86,6,0,0,3,1,-5.26,0.9591,1,0,45
87,17,0,0,3,2,-8.47,0.9587,1,0,45
88,6,0,0,2,1,-4.96,0.9582,1,0,45
89,14,0,0,3,1,-9.34,0.9577,1,0,45
90,7,0,0,3,1,-5.67,0.9573,1,0,45
91,26,0,0,2,1,-10.36,0.9568,1,0,45
92,5,0,0,2,1,-5.4,0.9563,1,0,45
93,9,0,0,2,1,-6.54,0.9558,1,0,45
94,7,0,0,1,1,-6.77,0.9554,1,0,45
95,14,0,0,4,1,-8.14,0.9549,1,0,45
96,11,0,0,2,1,-6.06,0.9544,1,0,45
97,32,0,0,4,2,-15.62,0.9539,1,0,45
98,7,0,0,3,1,-5.67,0.9535,1,0,45
99,9,0,0,3,1,-6.74,0.953,1,0,45
100,14,0,0,5,1,-6.29,0.9525,1,0,46
101,15,0,0,2,1,-8.6,0.952,1,0,46
102,19,0,0,4,1,-10.49,0.9516,1,0,46
103,7,0,0,3,1,-6.57,0.9511,1,0,46
104,30,0,0,5,2,-11.6,0.9506,1,0,46
105,7,0,0,3,1,-5.12,0.9501,1,0,46
106,6,0,0,3,1,-6.16,0.9496,1,0,46
107,43,0,0,3,1,-13.23,0.9492,1,0,46
108,11,0,0,3,1,-8.61,0.9487,1,0,46
109,5,0,0,1,1,-5.8,0.9482,1,0,46
110,6,0,0,1,1,-6.76,0.9477,1,0,46
111,5,0,0,3,1,-5.65,0.9473,1,0,46
112,6,0,0,2,1,-6.01,0.9468,1,0,46
113,13,0,0,3,1,-6.43,0.9463,1,0,46
114,5,0,0,3,1,-5.7,0.9458,1,0,46
115,5,0,0,3,1,-5.65,0.9454,1,0,46
116,11,0,0,3,1,-5.86,0.9449,1,0,46
117,9,0,0,3,1,-6.74,0.9444,1,0,46
118,8,0,0,1,1,-5.78,0.9439,1,0,46
119,11,0,0,3,1,-6.81,0.9435,1,0,46
120,15,0,0,3,1,-8.4,0.943,1,0,46
121,6,0,0,2,1,-5.51,0.9425,1,0,46
122,17,0,0,3,2,-8.42,0.9421,1,0,46
123,12,0,0,3,1,-6.42,0.9416,1,0,46
124,11,0,0,3,1,-6.86,0.9411,1,0,46
125,16,0,0,6,1,-8.01,0.9406,1,0,46
126,8,0,0,2,1,-6.53,0.9402,1,0,46
127,6,0,0,2,1,-5.56,0.9397,1,0,46
128,24,0,0,3,2,-9.19,0.9392,1,0,46
129,12,0,0,4,1,-7.02,0.9387,1,0,46
130,5,0,0,3,1,-5.55,0.9383,1,0,46
131,20,0,0,6,2,-7.95,0.9378,1,0,46
132,12,0,0,3,1,-6.92,0.9373,1,0,46
133,6,0,0,2,1,-5.41,0.9368,1,0,47
134,5,0,0,2,1,-4.95,0.9364,1,0,47
135,7,0,0,1,1,-5.82,0.9359,1,0,47
136,20,0,0,5,2,-6.4,0.9354,1,0,47
137,5,0,0,3,1,-5.65,0.9349,1,0,47
138,6,0,0,3,1,-5.71,0.9345,1,0,47
139,5,0,0,2,1,-5.85,0.934,1,0,47
140,12,0,0,6,1,-4.87,0.9335,1,0,47
141,5,0,0,4,1,-4.9,0.933,1,0,47
142,5,0,0,3,1,-4.75,0.9325,1,0,47
143,12,0,0,2,1,-6.67,0.9321,1,0,47
144,8,0,0,2,1,-5.58,0.9316,1,0,47
145,23,0,0,4,2,-10.13,0.9311,1,0,47
146,9,0,0,3,1,-6.69,0.9306,1,0,47
147,6,0,0,4,1,-5.86,0.9302,1,0,47
148,23,0,0,2,1,-9.88,0.9297,1,0,47
149,13,0,0,1,1,-7.18,0.9292,1,0,47
150,6,0,0,1,1,-6.26,0.9287,1,0,47
151,8,0,0,1,1,-5.48,0.9283,1,0,47
152,13,0,0,4,1,-7.53,0.9278,1,0,47
153,14,0,0,2,1,-8.04,0.9273,1,0,47
154,17,0,0,3,1,-9.27,0.9268,1,0,47
155,5,0,0,3,1,-4.7,0.9264,1,0,48
156,6,0,0,3,1,-4.81,0.9259,1,0,48
157,7,0,0,3,1,-5.17,0.9254,1,0,48
158,10,0,0,3,1,-6.4,0.925,1,0,48
159,6,0,0,4,1,-5.31,0.9245,1,0,48
160,6,0,0,3,1,-6.56,0.924,1,0,48
161,10,0,0,1,1,-6.85,0.9235,1,0,50
162,5,0,0,2,1,-5.45,0.9231,1,0,50
163,17,0,0,2,1,-9.17,0.9226,1,0,50
164,7,0,0,2,1,-6.52,0.9221,1,0,50
165,10,0,0,2,1,-8.05,0.9216,1,0,50
166,11,0,0,3,1,-7.71,0.9212,1,0,50
167,11,0,0,4,1,-6.41,0.9207,1,0,52
168,6,0,0,3,1,-5.16,0.9202,1,0,52
169,5,0,0,2,1,-5.95,0.9197,1,0,52
170,13,0,0,3,1,-7.38,0.9193,1,0,52
171,5,0,0,4,1,-5.3,0.9188,1,0,52
172,5,0,0,2,1,-5.45,0.9183,1,0,52
173,8,0,0,1,1,-6.83,0.9178,1,0,52
174,9,0,0,1,1,-6.44,0.9173,1,0,52
175,9,0,0,3,1,-5.79,0.9169,1,0,52
176,10,0,0,2,1,-7.05,0.9164,1,0,52
177,6,0,0,3,1,-5.56,0.9159,1,0,52
178,10,0,0,3,1,-6.85,0.9154,1,0,52
179,12,0,0,3,1,-7.77,0.915,1,0,52
180,14,0,0,4,1,-7.49,0.9145,1,0,52
181,14,0,0,6,2,-5.84,0.914,1,0,52
182,9,0,0,4,1,-5.94,0.9135,1,0,52
183,10,0,0,3,1,-5.25,0.9131,1,0,52
184,6,0,0,2,1,-6.36,0.9126,1,0,52
185,10,0,0,2,1,-6.15,0.9121,1,0,52
186,23,0,0,4,1,-10.28,0.9116,1,0,55
187,6,0,0,3,1,-5.26,0.9112,1,0,55
188,9,0,0,5,1,-5.19,0.9107,1,0,55
189,5,0,0,3,1,-5.65,0.9102,1,0,55
190,7,0,0,2,1,-6.87,0.9098,1,0,55
191,5,0,0,2,1,-5.95,0.9093,1,0,55
192,14,0,0,1,1,-7.94,0.9088,1,0,58
193,8,0,0,3,1,-4.93,0.9083,1,0,58
194,5,0,0,3,1,-5.15,0.9079,1,0,58
195,8,0,0,3,1,-6.08,0.9074,1,0,58
196,8,0,0,3,1,-6.13,0.9069,1,0,58
197,5,0,0,4,1,-5.25,0.9064,1,0,58
198,6,0,0,2,1,-5.01,0.906,1,0,58
199,5,0,0,2,1,-5.5,0.9055,1,0,58
200,10,0,0,2,1,-8.5,0.905,1,0,58
201,6,0,0,4,1,-5.86,0.9045,1,0,58
202,20,0,0,7,2,-8.25,0.9041,1,0,58
203,6,0,0,3,1,-5.71,0.9036,1,0,58
204,10,0,0,6,1,-5.4,0.9031,1,0,58
205,5,0,0,3,1,-4.75,0.9026,1,0,58
206,12,0,0,3,1,-6.77,0.9022,1,0,58
207,6,0,0,4,1,-4.96,0.9017,1,0,58
208,7,0,0,3,1,-6.22,0.9012,1,0,58
209,9,0,0,3,1,-6.24,0.9007,1,0,58
210,5,0,0,3,1,-5.1,0.9002,1,0,58
211,8,0,0,3,1,-6.18,0.8998,1,0,58
212,7,0,0,3,1,-6.22,0.8993,1,0,58
213,7,0,0,3,1,-5.17,0.8988,1,0,58
214,10,0,0,3,1,-5.8,0.8983,1,0,58
215,7,0,0,3,1,-6.22,0.8979,1,0,58
216,6,0,0,0,1,-6.56,0.8974,1,0,59
217,7,0,0,4,1,-5.37,0.8969,1,0,59
218,13,0,0,3,1,-5.33,0.8964,1,0,59
219,6,0,0,4,1,-5.41,0.896,1,0,59
220,13,0,0,4,1,-5.98,0.8955,1,0,59
221,7,0,0,2,1,-6.02,0.895,1,0,59
222,8,0,0,2,1,-6.53,0.8945,1,0,59
223,7,0,0,3,1,-5.72,0.8941,1,0,59
224,14,0,0,3,1,-7.94,0.8936,1,0,59
225,12,0,0,3,1,-7.37,0.8931,1,0,59
226,20,0,0,3,1,-9.15,0.8926,1,0,59
227,9,0,0,4,1,-6.89,0.8922,1,0,59
228,20,0,0,1,2,-8.2,0.8917,1,0,59
229,20,0,0,2,1,-11.25,0.8912,1,0,59
230,8,0,0,2,1,-5.98,0.8908,1,0,59
231,8,0,0,4,1,-6.93,0.8903,1,0,59
232,7,0,0,3,1,-4.82,0.8898,1,0,59
233,12,0,0,3,1,-7.62,0.8893,1,0,59
234,12,0,0,2,1,-7.72,0.8889,1,0,59
235,32,0,0,6,2,-10.02,0.8884,1,0,59
236,6,0,0,3,1,-5.56,0.8879,1,0,59
237,5,0,0,3,1,-5.2,0.8874,1,0,59
238,9,0,0,3,1,-6.24,0.887,1,0,59
239,13,0,0,2,1,-8.98,0.8865,1,0,59
240,14,0,0,3,1,-8.39,0.886,1,0,59
241,5,0,0,2,1,-5.5,0.8855,1,0,59
242,23,0,0,4,2,-8.28,0.8851,1,0,61
243,14,0,0,2,1,-7.74,0.8846,1,0,61
244,19,0,0,3,1,-7.99,0.8841,1,0,61
245,5,0,0,4,1,-5.4,0.8836,1,0,61
246,24,0,0,6,2,-10.09,0.8831,1,0,61
247,5,0,0,4,1,-4.9,0.8827,1,0,61
248,7,0,0,2,1,-5.62,0.8822,1,0,61
249,11,0,0,4,1,-7.46,0.8817,1,0,61
250,19,0,0,4,2,-8.54,0.8812,1,0,61
251,10,0,0,2,1,-5.3,0.8808,1,0,61
252,5,0,0,3,1,-4.3,0.8803,1,0,61
253,11,0,0,2,1,-8.56,0.8798,1,0,61
254,24,0,0,3,1,-9.89,0.8793,1,0,61
255,10,0,0,3,1,-7.1,0.8789,1,0,61
256,7,0,0,2,1,-6.02,0.8784,1,0,61
257,9,0,0,3,1,-7.19,0.8779,1,0,61
258,17,0,0,5,1,-8.62,0.8775,1,0,61
259,8,0,0,3,1,-6.23,0.877,1,0,61
260,8,0,0,3,1,-4.33,0.8765,1,0,61
261,12,0,0,2,1,-8.97,0.876,1,0,61
262,9,0,0,3,1,-6.79,0.8756,1,0,61
263,22,0,0,2,1,-10.67,0.8751,1,0,61
264,14,0,0,3,1,-8.79,0.8746,1,0,61
265,13,0,0,3,1,-6.43,0.8741,1,0,61
266,7,0,0,2,1,-6.02,0.8737,1,0,61
267,7,0,0,1,1,-6.77,0.8732,1,0,61
268,22,0,0,5,2,-7.32,0.8727,1,0,61
269,5,0,0,2,1,-5.45,0.8722,1,0,61
270,5,0,0,4,1,-5.35,0.8718,1,0,61
271,11,0,0,3,1,-5.36,0.8713,1,0,61
272,7,0,0,3,1,-5.67,0.8708,1,0,61
273,9,0,0,2,1,-6.54,0.8703,1,0,61
274,11,0,0,2,1,-8.51,0.8699,1,0,61
275,21,0,0,3,1,-9.91,0.8694,1,0,61
276,5,0,0,3,1,-4.65,0.8689,1,0,61
277,30,0,0,3,2,-12.05,0.8684,1,0,61
278,10,0,0,3,1,-5.75,0.8679,1,0,61
279,33,0,0,2,1,-11.83,0.8675,1,0,61
280,5,0,0,4,1,-4.8,0.867,1,0,61
281,10,0,0,3,1,-5.85,0.8665,1,0,61
282,8,0,0,2,1,-6.53,0.866,1,0,61
283,6,0,0,1,1,-6.76,0.8656,1,0,61
284,15,0,0,2,1,-8.65,0.8651,1,0,61
285,6,0,0,3,1,-6.16,0.8646,1,0,61
286,9,0,0,3,1,-7.49,0.8641,1,0,61
287,10,0,0,2,1,-5.75,0.8637,1,0,61
288,13,0,0,2,1,-7.53,0.8632,1,0,62
289,7,0,0,2,1,-6.07,0.8627,1,0,62
290,6,0,0,3,1,-6.16,0.8622,1,0,62
291,6,0,0,2,1,-6.36,0.8618,1,0,62
292,9,0,0,1,1,-6.34,0.8613,1,0,62
293,14,0,0,4,1,-6.94,0.8608,1,0,63
294,6,0,0,3,1,-5.76,0.8603,1,0,63
295,7,0,0,2,1,-5.47,0.8599,1,0,63
296,6,0,0,1,1,-6.26,0.8594,1,0,63
297,10,0,0,6,1,-5.9,0.8589,1,0,63
298,17,0,0,5,2,-8.22,0.8585,1,0,63
299,6,0,0,1,1,-6.31,0.858,1,0,63
300,8,0,0,2,1,-4.63,0.8575,1,0,63
301,5,0,0,3,1,-5.65,0.857,1,0,63
302,18,0,0,2,1,-8.78,0.8566,1,0,63
303,9,0,0,2,1,-6.59,0.8561,1,0,63
304,6,0,0,3,1,-5.66,0.8556,1,0,63
305,14,0,0,3,1,-8.79,0.8551,1,0,63
306,15,0,0,3,1,-7.85,0.8547,1,0,63
307,6,0,0,3,1,-5.61,0.8542,1,0,63
308,7,0,0,2,1,-5.02,0.8537,1,0,63
309,6,0,0,3,1,-5.26,0.8532,1,0,63
310,9,0,0,3,1,-6.19,0.8528,1,0,63
311,8,0,0,3,1,-5.23,0.8523,1,0,63
312,6,0,0,1,1,-5.81,0.8518,1,0,63
313,6,0,0,3,1,-5.61,0.8513,1,0,63
314,11,0,0,3,1,-7.26,0.8508,1,0,63
315,6,0,0,2,1,-4.46,0.8504,1,0,64
316,20,0,0,1,1,-9.8,0.8499,1,0,64
317,6,0,0,2,1,-5.01,0.8494,1,0,64
318,7,0,0,2,1,-5.92,0.8489,1,0,64
319,11,0,0,2,1,-8.11,0.8485,1,0,64
320,8,0,0,3,1,-6.68,0.848,1,0,64
321,9,0,0,3,1,-5.19,0.8475,1,0,64
322,8,0,0,3,1,-5.78,0.847,1,0,64
323,7,0,0,2,1,-5.92,0.8466,1,0,64
324,8,0,0,3,1,-6.23,0.8461,1,0,64
325,9,0,0,1,1,-6.34,0.8456,1,0,64
326,8,0,0,3,1,-7.18,0.8452,1,0,64
327,6,0,0,1,1,-6.31,0.8447,1,0,64
328,6,0,0,1,1,-5.81,0.8442,1,0,64
329,9,0,0,2,1,-6.04,0.8437,1,0,64
330,8,0,0,1,1,-5.83,0.8433,1,0,64
331,13,0,0,3,1,-5.98,0.8428,1,0,64
332,5,0,0,2,1,-5.95,0.8423,1,0,64
333,9,0,0,2,1,-7.04,0.8418,1,0,64
334,5,0,0,2,1,-5.5,0.8414,1,0,64
335,13,0,0,5,2,-6.08,0.8409,1,0,66
336,7,0,0,3,1,-6.22,0.8404,1,0,66
337,11,0,0,3,1,-7.36,0.8399,1,0,66
338,13,0,0,3,1,-6.43,0.8395,1,0,66
339,8,0,0,2,1,-6.98,0.839,1,0,66
340,10,0,0,3,1,-5.4,0.8385,1,0,66
341,6,0,0,2,1,-5.96,0.838,1,0,66
342,10,0,0,3,1,-5.8,0.8376,1,0,66
343,6,0,0,1,1,-6.26,0.8371,1,0,66
344,10,0,0,2,1,-7.6,0.8366,1,0,66
345,8,0,0,2,1,-5.08,0.8361,1,0,66
346,10,0,0,4,1,-6.45,0.8357,1,0,66
347,13,0,0,2,1,-8.13,0.8352,1,0,66
348,13,0,0,4,1,-7.43,0.8347,1,0,66
349,6,0,0,3,1,-5.21,0.8342,1,0,66
350,8,0,0,3,1,-6.23,0.8337,1,0,66
351,5,0,0,2,1,-5.95,0.8333,1,0,66
352,8,0,0,2,1,-5.53,0.8328,1,0,66
353,5,0,0,3,1,-4.75,0.8323,1,0,66
354,6,0,0,3,1,-5.76,0.8318,1,0,66
355,10,0,0,3,1,-5.4,0.8314,1,0,66
356,5,0,0,2,1,-5.95,0.8309,1,0,66
357,9,0,0,4,1,-5.49,0.8304,1,0,66
358,7,0,0,5,1,-4.02,0.8299,1,0,66
359,6,0,0,2,1,-6.51,0.8295,1,0,66
360,7,0,0,4,1,-6.27,0.829,1,0,66
361,25,0,0,8,3,-7.0,0.8285,1,0,66
362,7,0,0,2,1,-5.57,0.828,1,0,66
363,6,0,0,3,1,-5.61,0.8276,1,0,66
364,9,0,0,2,1,-5.59,0.8271,1,0,66
365,19,0,0,2,2,-8.29,0.8266,1,0,66
366,7,0,0,4,1,-6.37,0.8262,1,0,66
367,7,0,0,3,1,-5.72,0.8257,1,0,66
368,12,0,0,3,1,-7.27,0.8252,1,0,66
369,7,0,0,2,1,-6.47,0.8247,1,0,66
370,9,0,0,2,1,-7.39,0.8243,1,0,66
371,11,0,0,2,1,-7.66,0.8238,1,0,66
372,8,0,0,2,1,-6.98,0.8233,1,0,66
373,20,0,0,3,2,-8.95,0.8228,1,0,68
374,11,0,0,2,1,-7.11,0.8224,1,0,68
375,8,0,0,0,1,-6.58,0.8219,1,0,68
376,9,0,0,1,1,-7.34,0.8214,1,0,68
377,7,0,0,2,1,-5.62,0.8209,1,0,68
378,16,0,0,6,2,-6.36,0.8205,1,0,68
379,7,0,0,3,1,-5.62,0.82,1,0,68
380,10,0,0,3,1,-6.4,0.8195,1,0,68
381,5,0,0,4,1,-5.35,0.819,1,0,68
382,8,0,0,1,1,-6.28,0.8185,1,0,68
383,27,0,0,5,3,-9.97,0.8181,1,0,70
384,6,0,0,1,1,-6.36,0.8176,1,0,70
385,6,0,0,1,1,-6.66,0.8171,1,0,70
386,7,0,0,4,1,-5.92,0.8166,1,0,70
387,5,0,0,2,1,-5.05,0.8162,1,0,70
388,14,0,0,3,1,-7.89,0.8157,1,0,70
389,7,0,0,3,1,-6.17,0.8152,1,0,70
390,5,0,0,3,1,-4.15,0.8147,1,0,70
391,13,0,0,3,1,-7.13,0.8143,1,0,70
392,11,0,0,3,1,-7.66,0.8138,1,0,70
393,10,0,0,3,1,-6.25,0.8133,1,0,70
394,8,0,0,6,1,-5.28,0.8128,1,0,70
395,10,0,0,1,1,-7.4,0.8124,1,0,70
396,8,0,0,2,1,-6.58,0.8119,1,0,70
397,10,0,0,3,1,-5.05,0.8114,1,0,70
398,6,0,0,2,1,-5.56,0.811,1,0,70
399,10,0,0,4,1,-6.0,0.8105,1,0,70
400,16,0,0,5,2,-7.76,0.81,1,0,70
401,8,0,0,3,1,-6.58,0.8095,1,0,70
402,5,0,0,2,1,-5.95,0.8091,1,0,70
403,5,0,0,1,1,-5.8,0.8086,1,0,70
404,8,0,0,3,1,-6.23,0.8081,1,0,70
405,8,0,0,3,1,-5.68,0.8076,1,0,70
406,5,0,0,0,1,-6.15,0.8072,1,0,70
407,17,0,0,5,2,-8.32,0.8067,1,0,70
408,6,0,0,3,1,-5.71,0.8062,1,0,70
409,7,0,0,3,1,-5.62,0.8057,1,0,70
410,5,0,0,1,1,-5.7,0.8053,1,0,70
411,15,0,0,5,2,-6.8,0.8048,1,0,70
412,6,0,0,2,1,-5.51,0.8043,1,0,70
413,29,0,0,6,3,-8.79,0.8038,1,0,70
414,12,0,0,3,1,-6.82,0.8034,1,0,70
415,14,0,0,2,1,-6.69,0.8029,1,0,73
416,7,0,0,3,1,-5.77,0.8024,1,0,73
417,7,0,0,2,1,-5.47,0.8019,1,0,73
418,22,0,0,2,2,-7.97,0.8014,1,0,73
419,7,0,0,1,1,-5.27,0.801,1,0,74
420,5,0,0,3,1,-5.7,0.8005,1,0,74
421,8,0,0,4,1,-5.48,0.8,1,0,74
422,12,0,0,3,1,-6.32,0.7995,1,0,74
423,7,0,0,3,1,-5.27,0.7991,1,0,74
424,9,0,0,6,1,-5.74,0.7986,1,0,74
425,6,0,0,2,1,-5.06,0.7981,1,0,74
426,9,0,0,3,1,-6.74,0.7976,1,0,74
427,18,0,0,4,2,-8.18,0.7972,1,0,74
428,11,0,0,3,1,-6.36,0.7967,1,0,74
429,5,0,0,3,1,-5.7,0.7962,1,0,74
430,16,0,0,4,1,-7.61,0.7957,1,0,74
431,7,0,0,3,1,-6.17,0.7953,1,0,74
432,16,0,0,4,2,-7.01,0.7948,1,0,75
433,7,0,0,4,1,-6.37,0.7943,1,0,75
434,6,0,0,3,1,-5.26,0.7938,1,0,75
435,7,0,0,3,1,-5.77,0.7934,1,0,75
436,13,0,0,4,1,-7.88,0.7929,1,0,75
437,5,0,0,3,1,-4.65,0.7924,1,0,75
438,12,0,0,1,1,-6.87,0.792,1,0,75
439,18,0,0,2,1,-8.33,0.7915,1,0,75
440,8,0,0,4,1,-5.98,0.791,1,0,75
441,14,0,0,1,1,-9.39,0.7905,1,0,75
442,31,0,0,5,3,-11.36,0.7901,1,0,76
443,9,0,0,4,1,-6.29,0.7896,1,0,76
444,11,0,0,3,1,-6.76,0.7891,1,0,76
445,8,0,0,3,1,-5.78,0.7886,1,0,76
446,10,0,0,2,1,-6.1,0.7882,1,0,76
447,5,0,0,3,1,-5.6,0.7877,1,0,76
448,6,0,0,3,1,-5.71,0.7872,1,0,76
449,8,0,0,2,1,-5.98,0.7867,1,0,76
450,13,0,0,2,1,-7.68,0.7863,1,0,76
451,7,0,0,3,1,-5.27,0.7858,1,0,76
452,7,0,0,2,1,-5.52,0.7853,1,0,76
453,8,0,0,3,1,-6.28,0.7848,1,0,76
454,7,0,0,3,1,-4.82,0.7843,1,0,76
455,5,0,0,4,1,-4.45,0.7839,1,0,76
456,5,0,0,3,1,-5.15,0.7834,1,0,76
457,10,0,0,3,1,-7.25,0.7829,1,0,76
458,5,0,0,3,1,-5.55,0.7824,1,0,76
459,6,0,0,2,1,-5.56,0.782,1,0,76
460,7,0,0,4,1,-5.97,0.7815,1,0,76
461,13,0,0,5,1,-7.28,0.781,1,0,76
462,8,0,0,1,1,-6.33,0.7805,1,0,76
463,7,0,0,1,1,-5.87,0.7801,1,0,76
464,8,0,0,3,1,-6.23,0.7796,1,0,76
465,8,0,0,4,1,-5.88,0.7791,1,0,76
466,12,0,0,2,1,-7.52,0.7787,1,0,76
467,5,0,0,3,1,-5.65,0.7782,1,0,76
468,7,0,0,3,1,-6.12,0.7777,1,0,76
469,6,0,0,2,1,-5.41,0.7772,1,0,76
470,6,0,0,1,1,-5.81,0.7768,1,0,76
471,7,0,0,0,1,-6.17,0.7763,1,0,76
472,13,0,0,8,2,-5.28,0.7758,1,0,78
473,14,0,0,4,2,-6.49,0.7753,1,0,78
474,20,0,0,6,2,-7.1,0.7749,1,0,78
475,10,0,0,6,1,-5.0,0.7744,1,0,78
476,22,0,0,2,1,-11.77,0.7739,1,0,78
477,7,0,0,1,1,-5.32,0.7734,1,0,78
478,7,0,0,3,1,-5.22,0.773,1,0,78
479,7,0,0,3,1,-6.67,0.7725,1,0,78
480,5,0,0,1,1,-6.25,0.772,1,0,78
481,13,0,0,6,2,-6.88,0.7715,1,0,78
482,9,0,0,2,1,-7.54,0.7711,1,0,78
483,6,0,0,3,1,-5.11,0.7706,1,0,78
484,12,0,0,6,1,-6.27,0.7701,1,0,78
485,6,0,0,4,1,-5.86,0.7696,1,0,78
486,13,0,0,2,1,-8.43,0.7692,1,0,78
487,8,0,0,3,1,-6.73,0.7687,1,0,78
488,6,0,0,2,1,-5.91,0.7682,1,0,78
489,6,0,0,4,1,-3.96,0.7677,1,0,78
490,7,0,0,3,1,-5.77,0.7672,1,0,78
491,5,0,0,3,1,-5.2,0.7668,1,0,78
492,9,0,0,1,1,-6.94,0.7663,1,0,78
493,7,0,0,2,1,-5.97,0.7658,1,0,78
494,18,0,0,5,2,-6.93,0.7653,1,0,78
495,18,0,0,2,1,-10.18,0.7649,1,0,78
496,14,0,0,6,2,-6.94,0.7644,1,0,78
497,23,0,0,3,2,-10.03,0.7639,1,0,78
498,13,0,0,6,1,-4.38,0.7634,1,0,78
499,6,0,0,3,1,-5.71,0.763,1,0,78
500,6,0,0,2,1,-5.51,0.7625,1,0,78
501,18,1,1,4,2,-6.03,0.762,1,0,79
502,12,0,0,2,1,-7.52,0.7615,1,0,79
503,26,0,0,9,3,-7.76,0.7611,1,0,79
504,16,0,0,5,2,-7.31,0.7606,1,0,79
505,7,0,0,4,1,-5.47,0.7601,1,0,79
506,8,0,0,3,1,-6.18,0.7597,1,0,79
507,11,0,0,3,1,-6.76,0.7592,1,0,79
508,8,0,0,3,1,-6.73,0.7587,1,0,79
509,9,0,0,3,1,-6.64,0.7582,1,0,79
510,13,0,0,3,1,-6.33,0.7578,1,0,79
511,8,0,0,5,1,-4.73,0.7573,1,0,79
512,8,0,0,3,1,-6.78,0.7568,1,0,79
513,7,0,0,2,1,-6.47,0.7563,1,0,79
514,21,0,0,6,2,-6.66,0.7559,1,0,79
515,15,0,0,6,2,-6.35,0.7554,1,0,79
516,15,0,0,2,1,-8.55,0.7549,1,0,79
517,6,0,0,2,1,-6.46,0.7544,1,0,79
518,19,0,0,6,1,-7.54,0.754,1,0,79
519,5,0,0,1,1,-6.3,0.7535,1,0,79
520,12,0,0,3,1,-6.92,0.753,1,0,79
521,6,0,0,2,1,-6.01,0.7525,1,0,79
522,6,0,0,1,1,-5.81,0.752,1,0,79
523,6,0,0,4,1,-5.91,0.7516,1,0,79
524,20,0,0,4,2,-9.45,0.7511,1,0,79
525,6,0,0,3,1,-5.21,0.7506,1,0,79
526,9,0,0,1,1,-7.79,0.7501,1,0,79
527,8,0,0,2,1,-6.53,0.7497,1,0,79
528,7,0,0,2,1,-5.57,0.7492,1,0,79
529,26,0,0,5,2,-7.26,0.7487,1,0,79
530,5,0,0,3,1,-5.65,0.7483,1,0,79
531,7,0,0,1,1,-6.32,0.7478,1,0,79
532,6,0,0,2,1,-5.51,0.7473,1,0,79
533,10,0,0,2,1,-8.0,0.7468,1,0,79
534,5,0,0,4,1,-5.35,0.7464,1,0,79
535,6,0,0,3,1,-4.76,0.7459,1,0,79
536,19,0,0,3,1,-8.39,0.7454,1,0,79
537,22,0,0,4,1,-8.22,0.7449,1,0,79
538,8,0,0,3,1,-6.28,0.7445,1,0,79
539,9,0,0,3,1,-5.24,0.744,1,0,79
540,8,0,0,2,1,-6.03,0.7435,1,0,79
541,6,0,0,2,1,-6.01,0.743,1,0,79
542,16,0,0,6,2,-8.31,0.7426,1,0,79
543,11,0,0,3,1,-7.26,0.7421,1,0,79
544,6,0,0,4,1,-4.86,0.7416,1,0,79
545,8,0,0,3,1,-5.68,0.7411,1,0,79
546,5,0,0,2,1,-5.5,0.7407,1,0,79
547,11,0,0,3,1,-6.86,0.7402,1,0,79
548,8,0,0,1,1,-5.93,0.7397,1,0,79
549,5,0,0,3,1,-6.15,0.7392,1,0,79
550,9,0,0,6,1,-4.29,0.7388,1,0,79
551,5,0,0,2,1,-4.85,0.7383,1,0,79
552,8,0,0,2,1,-5.98,0.7378,1,0,79
553,14,0,0,6,2,-5.69,0.7373,1,0,80
554,6,0,0,2,1,-6.46,0.7369,1,0,80
555,23,0,0,3,3,-9.03,0.7364,1,0,80
556,7,0,0,2,1,-5.92,0.7359,1,0,80
557,34,0,0,4,3,-10.39,0.7354,1,0,80
558,12,0,0,2,1,-7.12,0.7349,1,0,80
559,7,0,0,3,1,-5.27,0.7345,1,0,80
560,6,0,0,2,1,-5.06,0.734,1,0,80
561,8,0,0,3,1,-5.68,0.7335,1,0,80
562,13,0,0,3,1,-8.68,0.733,1,0,80
563,13,0,0,6,2,-5.83,0.7326,1,0,80
564,6,0,0,3,1,-6.16,0.7321,1,0,80
565,6,0,0,3,1,-5.66,0.7316,1,0,80
566,12,0,0,3,1,-6.82,0.7311,1,0,80
567,9,0,0,3,1,-6.79,0.7307,1,0,80
568,9,0,0,3,1,-5.74,0.7302,1,0,80
569,11,0,0,2,1,-7.21,0.7297,1,0,80
570,15,0,0,5,2,-7.15,0.7292,1,0,80
571,8,0,0,4,1,-5.43,0.7288,1,0,80
572,8,0,0,3,1,-5.28,0.7283,1,0,80
573,5,0,0,4,1,-4.45,0.7278,1,0,80
574,16,0,0,4,2,-7.01,0.7274,1,0,80
575,6,0,0,3,1,-5.66,0.7269,1,0,80
576,14,0,0,4,2,-6.34,0.7264,1,0,80
577,9,0,0,2,1,-6.59,0.7259,1,0,80
578,7,0,0,2,1,-6.07,0.7255,1,0,80
579,8,0,0,2,1,-5.53,0.725,1,0,80
580,32,0,0,10,3,-9.42,0.7245,1,0,80
581,12,0,0,6,1,-5.37,0.724,1,0,80
582,9,0,0,3,1,-7.24,0.7236,1,0,80
583,7,0,0,3,1,-6.17,0.7231,1,0,80
584,7,0,0,2,1,-6.02,0.7226,1,0,80
585,23,1,1,6,2,-6.48,0.7221,1,0,80
586,9,0,0,2,1,-5.64,0.7217,1,0,80
587,10,0,0,4,1,-5.45,0.7212,1,0,80
588,10,0,0,3,1,-6.8,0.7207,1,0,80
589,6,0,0,3,1,-4.66,0.7202,1,0,80
590,16,0,0,6,2,-6.06,0.7198,1,0,80
591,6,0,0,3,1,-4.81,0.7193,1,0,80
592,6,0,0,2,1,-5.96,0.7188,1,0,80
593,5,0,0,3,1,-5.7,0.7183,1,0,80
594,8,0,0,3,1,-6.23,0.7179,1,0,80
595,9,0,0,6,1,-4.34,0.7174,1,0,80
596,8,0,0,3,1,-5.78,0.7169,1,0,80
597,9,0,0,2,1,-6.49,0.7164,1,0,80
598,11,0,0,2,1,-6.21,0.716,1,0,80
599,8,0,0,3,1,-5.78,0.7155,1,0,80
600,7,0,0,1,1,-5.77,0.715,1,0,80
601,6,0,0,2,1,-5.51,0.7145,1,0,80
602,11,0,0,3,1,-6.86,0.7141,1,0,80
603,7,0,0,2,1,-6.37,0.7136,1,0,80
604,19,0,0,2,1,-9.19,0.7131,1,0,80
605,17,0,0,7,2,-7.52,0.7126,1,0,80
606,5,0,0,3,1,-4.7,0.7122,1,0,80
607,10,0,0,3,1,-6.35,0.7117,1,0,80
608,8,0,0,3,1,-5.23,0.7112,1,0,80
609,6,0,0,2,1,-5.51,0.7107,1,0,80
610,12,0,0,3,1,-7.27,0.7103,1,0,80
611,34,1,1,6,2,-7.14,0.7098,1,0,80
612,6,0,0,3,1,-5.21,0.7093,1,0,80
613,9,0,0,3,1,-5.74,0.7088,1,0,80
614,5,0,0,3,1,-5.1,0.7084,1,0,80
615,6,0,0,2,1,-6.46,0.7079,1,0,80
616,14,0,0,4,1,-7.04,0.7074,1,0,80
617,36,0,0,3,2,-9.66,0.7069,1,0,80
618,7,0,0,3,1,-5.17,0.7065,1,0,80
619,13,0,0,5,2,-5.68,0.706,1,0,80
620,6,0,0,2,1,-5.06,0.7055,1,0,80
621,29,0,0,6,3,-7.69,0.705,1,0,80
622,10,0,0,2,1,-6.65,0.7046,1,0,80
623,9,0,0,2,1,-6.19,0.7041,1,0,80
624,7,0,0,3,1,-6.12,0.7036,1,0,80
625,9,0,0,3,1,-5.84,0.7031,1,0,80
626,5,0,0,2,1,-5.0,0.7026,1,0,80
627,7,0,0,2,1,-5.57,0.7022,1,0,80
628,8,0,0,3,1,-5.73,0.7017,1,0,80
629,17,0,0,3,2,-7.27,0.7012,1,0,80
630,9,0,0,2,1,-6.44,0.7007,1,0,80
631,5,0,0,3,1,-4.75,0.7003,1,0,80
632,5,0,0,2,1,-6.0,0.6998,1,0,80
633,9,0,0,3,1,-6.69,0.6993,1,0,80
634,22,0,0,2,1,-9.37,0.6988,1,0,80
635,28,1,1,3,2,-7.43,0.6984,1,0,80
636,16,0,0,5,2,-5.86,0.6979,1,0,80
637,8,0,0,3,1,-6.68,0.6974,1,0,80
638,7,0,0,3,1,-5.72,0.6969,1,0,80
639,15,0,0,4,1,-8.0,0.6965,1,0,80
640,13,0,0,3,1,-6.38,0.696,1,0,80
641,7,0,0,3,1,-5.27,0.6955,1,0,80
642,10,0,0,3,1,-6.25,0.695,1,0,80
643,16,0,0,6,2,-6.46,0.6946,1,0,80
644,5,0,0,3,1,-5.2,0.6941,1,0,80
645,8,0,0,2,1,-6.43,0.6936,1,0,80
646,5,0,0,2,1,-5.5,0.6931,1,0,80
647,7,0,0,2,1,-5.47,0.6927,1,0,80
648,14,0,0,4,2,-7.09,0.6922,1,0,80
649,7,0,0,2,1,-5.57,0.6917,1,0,80
650,17,0,0,5,2,-7.72,0.6913,1,0,80
651,8,0,0,2,1,-5.63,0.6908,1,0,80
652,5,0,0,3,1,-5.2,0.6903,1,0,80
653,37,0,0,7,3,-10.07,0.6898,1,0,80
654,14,0,0,9,2,-5.04,0.6894,1,0,80
655,12,0,0,3,1,-7.27,0.6889,1,0,80
656,8,0,0,2,1,-5.53,0.6884,1,0,80
657,17,0,0,2,2,-7.67,0.6879,1,0,80
658,10,0,0,3,1,-5.45,0.6875,1,0,80
659,6,0,0,2,1,-4.96,0.687,1,0,80
660,15,0,0,5,2,-7.25,0.6865,1,0,81
661,28,0,0,9,3,-6.93,0.686,1,0,81
662,10,0,0,2,1,-8.0,0.6855,1,0,81
663,14,0,0,6,2,-6.34,0.6851,1,0,81
664,8,0,0,3,1,-5.28,0.6846,1,0,81
665,14,0,0,6,2,-4.99,0.6841,1,0,81
666,6,0,0,3,1,-4.76,0.6836,1,0,81
667,5,0,0,3,1,-5.25,0.6832,1,0,81
668,7,0,0,3,1,-5.72,0.6827,1,0,81
669,18,0,0,8,2,-5.98,0.6822,1,0,81
670,25,0,0,6,2,-6.75,0.6818,1,0,81
671,10,0,0,3,1,-6.4,0.6813,1,0,81
672,16,0,0,2,1,-7.36,0.6808,1,0,81
673,8,0,0,3,1,-6.23,0.6803,1,0,81
674,7,0,0,3,1,-5.72,0.6799,1,0,81
675,20,0,0,7,2,-6.4,0.6794,1,0,81
676,7,0,0,2,1,-5.52,0.6789,1,0,81
677,10,0,0,3,1,-6.8,0.6784,1,0,81
678,32,0,0,4,2,-8.77,0.678,1,0,82
679,7,0,0,3,1,-6.17,0.6775,1,0,82
680,28,0,0,5,2,-9.93,0.677,1,0,82
681,6,0,0,2,1,-5.46,0.6765,1,0,82
682,13,0,0,6,2,-7.33,0.6761,1,0,82
683,6,0,0,3,1,-6.16,0.6756,1,0,82
684,6,0,0,2,1,-5.96,0.6751,1,0,82
685,27,0,0,5,2,-6.67,0.6746,1,0,82
686,5,0,0,2,1,-5.45,0.6742,1,0,82
687,11,0,0,3,1,-5.86,0.6737,1,0,82
688,12,0,0,3,1,-5.32,0.6732,1,0,82
689,10,0,0,3,1,-4.85,0.6727,1,0,82
690,23,1,1,8,2,-6.33,0.6723,1,0,82
691,6,0,0,2,1,-6.51,0.6718,1,0,82
692,6,0,0,2,1,-5.51,0.6713,1,0,82
693,5,0,0,3,1,-5.1,0.6708,1,0,82
694,34,1,1,7,3,-5.99,0.6704,1,0,82
695,11,0,0,2,1,-7.61,0.6699,1,0,82
696,8,0,0,3,1,-5.78,0.6694,1,0,82
697,7,0,0,3,1,-5.62,0.6689,1,0,82
698,16,0,0,6,2,-6.46,0.6684,1,0,82
699,6,0,0,2,1,-5.06,0.668,1,0,82
700,11,0,0,3,1,-5.06,0.6675,1,0,82
701,15,0,0,5,2,-6.8,0.667,1,0,82
702,6,0,0,3,1,-4.76,0.6665,1,0,82
703,18,0,0,9,2,-4.18,0.6661,1,0,82
704,21,0,0,4,2,-7.71,0.6656,1,0,82
705,6,0,0,1,1,-6.26,0.6651,1,0,82
706,6,0,0,2,1,-5.51,0.6646,1,0,82
707,5,0,0,4,1,-5.35,0.6642,1,0,82
708,7,0,0,3,1,-6.22,0.6637,1,0,82
709,11,0,0,3,1,-8.11,0.6632,1,0,82
710,7,0,0,4,1,-4.92,0.6627,1,0,82
711,19,0,0,3,2,-8.39,0.6623,1,0,83
712,9,0,0,2,1,-7.09,0.6618,1,0,83
713,6,0,0,3,1,-6.16,0.6613,1,0,83
714,8,0,0,2,1,-6.98,0.6609,1,0,83
715,17,0,0,7,2,-6.22,0.6604,1,0,83
716,7,0,0,4,1,-4.47,0.6599,1,0,83
717,25,0,0,10,3,-7.5,0.6594,1,0,83
718,5,0,0,1,1,-5.75,0.659,1,0,84
719,25,0,0,5,3,-7.95,0.6585,1,0,84
720,29,0,0,8,2,-9.29,0.658,1,0,84
721,20,0,0,7,2,-5.75,0.6575,1,0,84
722,10,0,0,6,1,-5.75,0.6571,1,0,84
723,31,1,1,6,2,-8.31,0.6566,1,0,85
724,7,0,0,3,1,-5.62,0.6561,1,0,85
725,7,0,0,3,1,-5.67,0.6556,1,0,85
726,10,0,0,3,1,-7.3,0.6552,1,0,85
727,10,0,0,3,1,-5.8,0.6547,1,0,85
728,9,0,0,3,1,-4.84,0.6542,1,0,85
729,41,0,0,9,4,-7.46,0.6537,1,0,88
730,9,0,0,1,1,-6.44,0.6532,1,0,88
731,6,0,0,3,1,-5.71,0.6528,1,0,88
732,7,0,0,2,1,-6.07,0.6523,1,0,88
733,7,0,0,3,1,-5.72,0.6518,1,0,88
734,11,0,0,3,1,-6.66,0.6514,1,0,88
735,28,0,0,7,3,-7.93,0.6509,1,0,88
736,10,0,0,1,1,-6.85,0.6504,1,0,88
737,10,0,0,3,1,-5.35,0.6499,1,0,88
738,8,0,0,3,1,-6.18,0.6495,1,0,88
739,5,0,0,3,1,-5.65,0.649,1,0,88
740,6,0,0,2,1,-5.51,0.6485,1,0,88
741,14,0,0,7,2,-5.24,0.648,1,0,88
742,32,0,0,4,2,-11.52,0.6476,1,0,88
743,8,0,0,1,1,-5.48,0.6471,1,0,88
744,13,0,0,3,1,-6.28,0.6466,1,0,88
745,6,0,0,1,1,-6.26,0.6461,1,0,88
746,18,0,0,7,2,-7.28,0.6457,1,0,88
747,5,0,0,4,1,-5.4,0.6452,1,0,88
748,16,0,0,9,2,-5.51,0.6447,1,0,88
749,24,1,1,5,2,-7.29,0.6442,1,0,88
750,14,0,0,3,1,-6.84,0.6438,1,0,88
751,38,0,0,7,3,-8.68,0.6433,1,0,88
752,6,0,0,3,1,-5.21,0.6428,1,0,88
753,10,0,0,2,1,-5.5,0.6423,1,0,88
754,7,0,0,3,1,-6.17,0.6419,1,0,88
755,6,0,0,1,1,-5.36,0.6414,1,0,88
756,8,0,0,3,1,-5.68,0.6409,1,0,88
757,8,0,0,4,1,-5.43,0.6404,1,0,88
758,15,0,0,6,2,-6.4,0.64,1,0,88
759,23,0,0,8,2,-8.08,0.6395,1,0,88
760,5,0,0,4,1,-4.8,0.639,1,0,88
761,13,0,0,5,2,-6.53,0.6385,1,0,88
762,5,0,0,2,1,-5.95,0.6381,1,0,88
763,6,0,0,3,1,-4.31,0.6376,1,0,88
764,6,0,0,1,1,-6.16,0.6371,1,0,88
765,5,0,0,3,1,-4.75,0.6366,1,0,88
766,6,0,0,4,1,-4.96,0.6361,1,0,88
767,7,0,0,5,1,-4.62,0.6357,1,0,88
768,7,0,0,3,1,-5.27,0.6352,1,0,88
769,7,0,0,2,1,-5.57,0.6347,1,0,88
770,7,0,0,2,1,-6.02,0.6342,1,0,88
771,7,0,0,3,1,-5.62,0.6338,1,0,88
772,6,0,0,1,1,-6.76,0.6333,1,0,88
773,23,0,0,6,3,-7.08,0.6328,1,0,88
774,5,0,0,4,1,-4.45,0.6323,1,0,88
775,9,0,0,3,1,-6.74,0.6319,1,0,88
776,6,0,0,3,1,-6.16,0.6314,1,0,88
777,8,0,0,3,1,-6.68,0.6309,1,0,88
778,14,0,0,2,1,-7.14,0.6304,1,0,88
779,16,0,0,8,2,-6.86,0.63,1,0,88
780,14,0,0,6,2,-5.54,0.6295,1,0,88
781,9,0,0,3,1,-6.34,0.629,1,0,88
782,18,0,0,6,2,-8.93,0.6285,1,0,88
783,16,0,0,6,2,-6.41,0.6281,1,0,88
784,7,0,0,3,1,-5.72,0.6276,1,0,88
785,7,0,0,3,1,-5.27,0.6271,1,0,88
786,7,0,0,3,1,-4.62,0.6266,1,0,88
787,8,0,0,3,1,-5.78,0.6262,1,0,88
788,24,0,0,1,1,-8.04,0.6257,1,0,88
789,49,0,0,6,4,-11.14,0.6252,1,0,88
790,8,0,0,3,1,-4.73,0.6248,1,0,88
791,15,0,0,3,1,-8.35,0.6243,1,0,88
792,7,0,0,4,1,-4.92,0.6238,1,0,88
793,23,0,0,5,3,-7.83,0.6233,1,0,88
794,5,0,0,4,1,-4.9,0.6229,1,0,88
795,7,0,0,3,1,-5.77,0.6224,1,0,88
796,6,0,0,3,1,-4.56,0.6219,1,0,88
797,5,0,0,2,1,-5.5,0.6214,1,0,88
798,7,0,0,3,1,-5.72,0.621,1,0,88
799,35,0,0,8,2,-6.6,0.6205,1,0,88
800,17,0,0,5,2,-5.27,0.62,1,0,88
801,15,0,0,5,2,-6.8,0.6195,1,0,88
802,8,0,0,3,1,-5.68,0.619,1,0,88
803,31,0,0,5,3,-8.11,0.6186,1,0,88
804,9,0,0,3,1,-7.19,0.6181,1,0,88
805,6,0,0,3,1,-5.21,0.6176,1,0,88
806,11,0,0,3,1,-5.86,0.6171,1,0,88
807,6,0,0,1,1,-6.76,0.6167,1,0,88
808,15,0,0,5,2,-6.75,0.6162,1,0,88
809,13,0,0,1,1,-7.03,0.6157,1,0,88
810,6,0,0,4,1,-5.41,0.6153,1,0,88
811,6,0,0,3,1,-5.21,0.6148,1,0,88
812,46,0,0,11,4,-9.86,0.6143,1,0,88
813,20,0,0,5,2,-6.95,0.6138,1,0,88
814,15,0,0,5,2,-6.65,0.6134,1,0,88
815,18,0,0,5,2,-5.83,0.6129,1,0,88
816,23,0,0,7,3,-6.68,0.6124,1,0,88
817,10,0,0,3,1,-5.8,0.6119,1,0,88
818,6,0,0,2,1,-5.96,0.6115,1,0,88
819,9,0,0,3,1,-5.84,0.611,1,0,88
820,10,0,0,3,1,-5.6,0.6105,1,0,88
821,18,0,0,4,2,-7.13,0.61,1,0,88
822,6,0,0,3,1,-5.21,0.6096,1,0,88
823,8,0,0,2,1,-5.98,0.6091,1,0,88
824,8,0,0,1,1,-5.93,0.6086,1,0,88
825,6,0,0,4,1,-5.41,0.6081,1,0,88
826,8,0,0,3,1,-6.23,0.6077,1,0,88
827,8,0,0,2,1,-6.08,0.6072,1,0,88
828,10,0,0,3,1,-6.8,0.6067,1,0,88
829,14,0,0,7,2,-5.19,0.6062,1,0,88
830,17,0,0,6,2,-3.97,0.6058,1,0,90
831,6,0,0,3,1,-5.66,0.6053,1,0,90
832,5,0,0,4,1,-4.9,0.6048,1,0,90
833,15,0,0,6,2,-5.5,0.6043,1,0,90
834,13,0,0,3,1,-7.68,0.6038,1,0,90
835,9,0,0,1,1,-7.74,0.6034,1,0,90
836,7,0,0,3,1,-6.57,0.6029,1,0,90
837,41,0,0,12,4,-6.11,0.6024,1,0,90
838,24,0,0,5,2,-8.29,0.6019,1,0,90
839,10,0,0,6,1,-4.3,0.6015,1,0,90
840,7,0,0,4,1,-4.92,0.601,1,0,90
841,9,0,0,2,1,-6.54,0.6005,1,0,90
842,7,0,0,3,1,-5.27,0.6,1,0,90
843,9,0,0,3,1,-6.79,0.5996,1,0,90
844,13,0,0,5,2,-6.58,0.5991,1,0,90
845,20,1,1,9,2,-2.55,0.5986,1,0,90
846,8,0,0,3,1,-6.23,0.5981,1,0,90
847,12,0,0,2,1,-8.12,0.5977,1,0,90
848,9,0,0,3,1,-5.79,0.5972,1,0,90
849,7,0,0,3,1,-5.77,0.5967,1,0,90
850,9,0,0,3,1,-7.19,0.5962,1,0,90
851,5,0,0,4,1,-4.9,0.5958,1,0,90
852,6,0,0,3,1,-5.21,0.5953,1,0,90
853,7,0,0,2,1,-5.57,0.5948,1,0,90
854,17,0,0,6,2,-6.02,0.5944,1,0,90
855,6,0,0,3,1,-5.71,0.5939,1,0,90
856,6,0,0,3,1,-5.66,0.5934,1,0,90
857,16,0,0,5,2,-6.31,0.5929,1,0,90
858,6,0,0,3,1,-4.76,0.5925,1,0,90
859,7,0,0,3,1,-5.27,0.592,1,0,90
860,7,0,0,2,1,-5.57,0.5915,1,0,90
861,7,0,0,3,1,-5.17,0.591,1,0,90
862,6,0,0,3,1,-4.76,0.5906,1,0,90
863,13,0,0,8,2,-3.78,0.5901,1,0,90
864,6,0,0,2,1,-5.96,0.5896,1,0,90
865,10,0,0,2,1,-6.1,0.5891,1,0,90
866,9,0,0,2,1,-6.94,0.5887,1,0,90
867,14,0,0,7,2,-4.79,0.5882,1,0,90
868,6,0,0,3,1,-5.01,0.5877,1,0,90
869,7,0,0,5,1,-3.47,0.5872,1,0,90
870,6,0,0,3,1,-5.21,0.5867,1,0,90
871,8,0,0,3,1,-6.23,0.5863,1,0,90
872,9,0,0,3,1,-6.29,0.5858,1,0,90
873,34,0,0,7,3,-8.14,0.5853,1,0,90
874,7,0,0,2,1,-6.97,0.5849,1,0,90
875,6,0,0,3,1,-6.16,0.5844,1,0,90
876,7,0,0,3,1,-6.17,0.5839,1,0,90
877,6,0,0,3,1,-5.71,0.5834,1,0,90
878,8,0,0,4,1,-5.33,0.583,1,0,90
879,13,0,0,5,2,-5.78,0.5825,1,0,90
880,6,0,0,3,1,-5.71,0.582,1,0,90
881,23,0,0,3,2,-5.58,0.5815,1,0,90
882,8,0,0,3,1,-5.13,0.5811,1,0,90
883,23,0,0,9,3,-6.18,0.5806,1,0,90
884,6,0,0,2,1,-5.51,0.5801,1,0,90
885,11,0,0,4,1,-6.96,0.5796,1,0,90
886,19,0,0,6,2,-7.99,0.5792,1,0,90
887,6,0,0,1,1,-5.36,0.5787,1,0,90
888,38,0,0,6,4,-9.48,0.5782,1,0,90
889,41,1,1,6,4,-8.71,0.5777,1,0,92
890,12,0,0,2,1,-5.67,0.5773,1,0,92
891,5,0,0,2,1,-5.95,0.5768,1,0,92
892,20,0,0,4,2,-8.15,0.5763,1,0,92
893,16,0,0,7,2,-6.46,0.5758,1,0,92
894,9,0,0,2,1,-6.64,0.5754,1,0,92
895,11,0,0,5,1,-6.61,0.5749,1,0,92
896,13,0,0,4,2,-6.53,0.5744,1,0,92
897,9,0,0,2,1,-5.59,0.5739,1,0,92
898,5,0,0,3,1,-6.15,0.5735,1,0,92
899,15,0,0,4,2,-7.05,0.573,1,0,92
900,8,0,0,2,1,-6.08,0.5725,1,0,92
901,7,0,0,2,1,-5.62,0.572,1,0,92
902,6,0,0,2,1,-5.51,0.5716,1,0,92
903,9,0,0,5,1,-4.14,0.5711,1,0,92
904,6,0,0,2,1,-5.06,0.5706,1,0,92
905,7,0,0,2,1,-5.47,0.5701,1,0,92
906,8,0,0,4,1,-6.43,0.5696,1,0,92
907,7,0,0,2,1,-5.47,0.5692,1,0,92
908,6,0,0,1,1,-6.26,0.5687,1,0,92
909,54,0,0,11,6,-10.54,0.5682,1,0,92
910,15,0,0,7,2,-5.1,0.5677,1,0,92
911,6,0,0,3,1,-5.21,0.5673,1,0,92
912,33,0,0,8,3,-9.33,0.5668,1,0,92
913,8,0,0,3,1,-6.63,0.5663,1,0,92
914,9,0,0,3,1,-6.19,0.5658,1,0,92
915,19,0,0,6,2,-5.54,0.5654,1,0,92
916,60,0,0,15,4,-10.35,0.5649,1,0,92
917,11,0,0,3,1,-5.76,0.5644,1,0,92
918,6,0,0,3,1,-5.56,0.5639,1,0,92
919,14,0,0,2,1,-7.14,0.5635,1,0,92
920,12,0,0,1,1,-6.27,0.563,1,0,92
921,5,0,0,3,1,-4.7,0.5625,1,0,92
922,37,0,0,8,3,-7.72,0.562,1,0,92
923,6,0,0,2,1,-5.96,0.5616,1,0,92
924,5,0,0,3,1,-4.3,0.5611,1,0,92
925,12,0,0,2,1,-8.97,0.5606,1,0,92
926,17,0,0,6,2,-5.62,0.5601,1,0,92
927,6,0,0,2,1,-6.51,0.5597,1,0,92
928,21,0,0,2,2,-8.66,0.5592,1,0,92
929,8,0,0,3,1,-5.33,0.5587,1,0,92
930,5,0,0,1,1,-5.4,0.5583,1,0,92
931,33,0,0,6,2,-9.58,0.5578,1,0,92
932,13,0,0,5,2,-5.78,0.5573,1,0,92
933,20,0,0,3,2,-6.85,0.5568,1,0,93
934,6,0,0,2,1,-5.56,0.5564,1,0,93
935,10,0,0,3,1,-4.8,0.5559,1,0,93
936,10,0,0,3,1,-6.7,0.5554,1,0,93
937,6,0,0,3,1,-5.21,0.5549,1,0,93
938,14,0,0,7,2,-4.74,0.5545,1,0,93
939,6,0,0,4,1,-4.96,0.554,1,0,93
940,14,0,0,4,2,-5.69,0.5535,1,0,93
941,30,0,0,3,3,-8.8,0.553,1,0,93
942,6,0,0,3,1,-5.21,0.5526,1,0,93
943,18,0,0,4,2,-6.43,0.5521,1,0,94
944,17,1,1,3,2,-6.67,0.5516,1,0,94
945,6,0,0,3,1,-4.76,0.5511,1,0,94
946,9,0,0,3,1,-6.74,0.5507,1,0,94
947,15,0,0,6,2,-6.05,0.5502,1,0,94
948,6,0,0,2,1,-5.41,0.5497,1,0,94
949,40,1,1,5,2,-8.65,0.5492,1,0,94
950,6,0,0,3,1,-5.71,0.5488,1,0,94
951,18,0,0,8,2,-4.93,0.5483,1,0,94
952,6,0,0,3,1,-6.16,0.5478,1,0,94
953,9,0,0,2,1,-6.49,0.5473,1,0,94
954,7,0,0,2,1,-5.57,0.5469,1,0,94
955,6,0,0,3,1,-5.26,0.5464,1,0,94
956,5,0,0,2,1,-6.45,0.5459,1,0,94
957,5,0,0,2,1,-5.05,0.5454,1,0,94
958,41,0,0,8,3,-5.86,0.545,1,0,94
959,7,0,0,2,1,-6.02,0.5445,1,0,94
960,7,0,0,1,1,-6.32,0.544,1,0,94
961,8,0,0,6,1,-3.93,0.5435,1,0,94
962,6,0,0,3,1,-5.66,0.5431,1,0,94
963,6,0,0,3,1,-5.21,0.5426,1,0,94
964,5,0,0,3,1,-5.05,0.5421,1,0,94
965,14,0,0,6,2,-5.54,0.5416,1,0,94
966,13,0,0,6,2,-6.33,0.5412,1,0,94
967,7,0,0,3,1,-5.72,0.5407,1,0,94
968,6,0,0,3,1,-5.21,0.5402,1,0,94
969,23,2,2,4,2,-5.98,0.5397,1,0,94
970,6,0,0,1,1,-5.81,0.5393,1,0,94
971,12,0,0,4,1,-5.97,0.5388,1,0,94
972,6,0,0,2,1,-5.06,0.5383,1,0,94
973,6,0,0,1,1,-5.36,0.5378,1,0,94
974,25,1,1,3,2,-5.3,0.5373,1,0,94
975,8,0,0,2,1,-6.08,0.5369,1,0,94
976,7,0,0,2,1,-5.47,0.5364,1,0,94
977,15,0,0,9,2,-4.05,0.5359,1,0,94
978,10,0,0,3,1,-5.35,0.5354,1,0,94
979,33,1,1,4,2,-6.23,0.535,1,0,94
980,7,0,0,3,1,-6.07,0.5345,1,0,94
981,6,0,0,2,1,-6.01,0.534,1,0,94
982,6,0,0,3,1,-5.21,0.5335,1,0,94
983,16,0,0,5,2,-5.51,0.5331,1,0,94
984,9,0,0,3,1,-5.79,0.5326,1,0,94
985,14,0,0,5,2,-5.69,0.5321,1,0,94
986,8,0,0,3,1,-5.23,0.5316,1,0,94
987,25,0,0,2,2,-7.35,0.5312,1,0,94
988,18,0,0,5,2,-5.78,0.5307,1,0,94
989,6,0,0,3,1,-5.71,0.5302,1,0,94
990,9,0,0,3,1,-5.84,0.5297,1,0,94
991,5,0,0,4,1,-4.9,0.5293,1,0,94
992,31,0,0,6,3,-8.26,0.5288,1,0,94
993,7,0,0,3,1,-5.32,0.5283,1,0,94
994,8,0,0,6,1,-4.78,0.5279,1,0,94
995,15,0,0,4,2,-6.85,0.5274,1,0,95
996,6,0,0,3,1,-5.11,0.5269,1,0,95
997,35,0,0,4,3,-10.0,0.5264,1,0,95
998,21,0,0,6,3,-7.46,0.526,1,0,95
999,14,0,0,8,2,-5.24,0.5255,1,0,95
1000,6,0,0,3,1,-5.21,0.525,1,0,95
1001,8,0,0,3,1,-5.78,0.5245,1,0,95
1002,5,0,0,3,1,-5.2,0.5241,1,0,95
1003,54,0,1,4,3,-13.14,0.5236,1,0,95
1004,7,0,0,3,1,-5.72,0.5231,1,0,95
1005,11,0,0,3,1,-5.76,0.5226,1,0,95
1006,6,0,0,3,1,-4.76,0.5222,1,0,95
1007,8,0,0,5,1,-5.18,0.5217,1,0,95
1008,6,0,0,2,1,-5.06,0.5212,1,0,95
1009,6,0,0,1,1,-5.81,0.5207,1,0,95
1010,16,0,0,6,2,-7.46,0.5203,1,0,95
1011,14,0,0,4,2,-6.49,0.5198,1,0,95
1012,6,0,0,2,1,-5.06,0.5193,1,0,95
1013,7,0,0,2,1,-6.02,0.5188,1,0,95
1014,19,0,0,4,2,-6.69,0.5184,1,0,95
1015,6,0,0,3,1,-4.76,0.5179,1,0,95
1016,5,0,0,3,1,-4.75,0.5174,1,0,95
1017,5,0,0,3,1,-4.75,0.5169,1,0,95
1018,7,0,0,3,1,-4.82,0.5165,1,0,95
1019,18,0,0,5,2,-5.43,0.516,1,0,95
1020,6,0,0,3,1,-5.21,0.5155,1,0,95
1021,6,0,0,1,1,-6.26,0.515,1,0,95
1022,7,0,0,2,1,-6.02,0.5146,1,0,95
1023,14,0,0,4,2,-4.89,0.5141,1,0,96
1024,32,0,0,13,4,-5.32,0.5136,1,0,96
1025,9,0,0,2,1,-7.09,0.5131,1,0,96
1026,5,0,0,2,1,-5.9,0.5127,1,0,96
1027,12,0,0,2,1,-6.67,0.5122,1,0,96
1028,6,0,0,1,1,-5.81,0.5117,1,0,96
1029,10,0,0,4,1,-4.5,0.5112,1,0,96
1030,5,0,0,4,1,-4.35,0.5108,1,0,96
1031,17,0,0,5,2,-7.27,0.5103,1,0,96
1032,13,0,0,5,2,-5.73,0.5098,1,0,96
1033,5,0,0,4,1,-4.0,0.5093,1,0,96
1034,14,0,0,5,2,-6.24,0.5089,1,0,96
1035,6,0,0,2,1,-5.51,0.5084,1,0,96
1036,7,0,0,3,1,-5.77,0.5079,1,0,96
1037,37,0,0,9,4,-8.47,0.5074,1,0,96
1038,26,0,0,4,3,-7.31,0.507,1,0,96
1039,7,0,0,3,1,-6.67,0.5065,1,0,96
1040,8,0,0,3,1,-6.18,0.506,1,0,96
1041,22,0,0,6,2,-6.07,0.5055,1,0,96
1042,5,0,0,3,1,-4.7,0.505,1,0,96
1043,6,0,0,2,1,-5.51,0.5046,1,0,96
1044,13,0,0,8,2,-4.88,0.5041,1,0,96
1045,5,0,0,4,1,-4.35,0.5036,1,0,96
1046,7,0,0,3,1,-5.27,0.5031,1,0,96
1047,6,0,0,1,1,-6.26,0.5027,1,0,96
1048,41,0,0,6,2,-8.51,0.5022,1,0,96
1049,20,0,0,5,3,-5.95,0.5017,1,0,96
1050,18,0,0,4,2,-7.08,0.5012,1,0,96
1051,6,0,0,3,1,-6.66,0.5008,1,0,96
1052,7,0,0,2,1,-6.97,0.5003,1,0,96
1053,14,0,0,5,2,-6.64,0.4998,1,0,96
1054,7,0,0,3,1,-6.22,0.4993,1,0,96
1055,8,0,0,2,1,-6.08,0.4989,1,0,96
1056,27,0,0,9,3,-5.72,0.4984,1,0,96
1057,14,0,0,2,1,-8.24,0.4979,1,0,96
1058,14,0,0,5,2,-4.84,0.4974,1,0,96
1059,5,0,0,2,1,-5.95,0.497,1,0,96
1060,15,0,0,8,2,-5.35,0.4965,1,0,96
1061,77,1,1,8,4,-9.72,0.496,1,0,97
1062,8,0,0,2,1,-6.08,0.4956,1,0,97
1063,6,0,0,2,1,-6.46,0.4951,1,0,97
1064,27,1,1,7,2,-5.92,0.4946,1,0,97
1065,9,0,0,3,1,-7.24,0.4941,1,0,97
1066,7,0,0,2,1,-5.62,0.4937,1,0,97
1067,33,1,1,7,3,-5.83,0.4932,1,0,97
1068,5,0,0,4,1,-4.8,0.4927,1,0,97
1069,24,0,0,6,3,-8.64,0.4922,1,0,97
1070,6,0,0,3,1,-5.66,0.4918,1,0,97
1071,8,0,0,3,1,-5.23,0.4913,1,0,97
1072,6,0,0,3,1,-4.66,0.4908,1,0,97
1073,14,0,0,5,2,-6.29,0.4903,1,0,97
1074,7,0,0,2,1,-6.02,0.4899,1,0,97
1075,27,0,0,8,3,-7.32,0.4894,1,0,97
1076,24,0,0,9,3,-5.69,0.4889,1,0,97
1077,19,0,0,5,2,-7.39,0.4884,1,0,97
1078,6,0,0,3,1,-5.56,0.4879,1,0,97
1079,9,0,0,2,1,-6.14,0.4875,1,0,97
1080,8,0,0,2,1,-5.58,0.487,1,0,97
1081,14,0,0,5,2,-6.19,0.4865,1,0,97
1082,23,0,0,9,3,-7.68,0.486,1,0,97
1083,25,0,0,3,3,-8.45,0.4856,1,0,97
1084,13,0,0,2,1,-8.18,0.4851,1,0,97
1085,37,0,0,6,4,-9.67,0.4846,1,0,97
1086,6,0,0,1,1,-5.36,0.4841,1,0,97
1087,6,0,0,3,1,-5.66,0.4837,1,0,97
1088,6,0,0,1,1,-5.36,0.4832,1,0,97
1089,20,1,1,6,2,-4.4,0.4827,1,0,97
1090,7,0,0,4,1,-4.82,0.4822,1,0,97
1091,6,0,0,3,1,-5.66,0.4818,1,0,97
1092,8,0,0,2,1,-6.08,0.4813,1,0,97
1093,15,0,0,6,2,-6.05,0.4808,1,0,97
1094,26,0,0,10,3,-5.36,0.4803,1,0,97
1095,8,0,0,3,1,-4.78,0.4799,1,0,97
1096,6,0,0,2,1,-5.51,0.4794,1,0,97
1097,72,1,1,8,5,-9.57,0.4789,1,0,99
1098,48,0,0,6,4,-11.03,0.4784,1,0,99
1099,24,0,0,7,2,-6.74,0.478,1,0,99
1100,11,0,0,6,1,-5.31,0.4775,1,0,99
1101,15,0,0,4,2,-6.9,0.477,1,0,99
1102,22,0,0,5,3,-5.97,0.4766,1,0,99
1103,6,0,0,2,1,-4.96,0.4761,1,0,99
1104,6,0,0,3,1,-4.66,0.4756,1,0,99
1105,5,0,0,3,1,-4.75,0.4751,1,0,99
1106,52,1,1,6,3,-6.97,0.4747,1,0,99
1107,14,0,0,4,1,-4.64,0.4742,1,0,99
1108,6,0,0,2,1,-5.51,0.4737,1,0,99
1109,72,1,1,17,5,-7.52,0.4732,1,0,99
1110,6,0,0,2,1,-4.96,0.4728,1,0,99
1111,6,0,0,2,1,-4.61,0.4723,1,0,99
1112,22,0,0,6,3,-5.17,0.4718,1,0,99
1113,9,0,0,6,1,-3.89,0.4713,1,0,99
1114,7,0,0,3,1,-4.82,0.4708,1,0,99
1115,6,0,0,2,1,-6.01,0.4704,1,0,99
1116,10,0,0,2,1,-5.55,0.4699,1,0,99
1117,16,0,0,5,1,-5.16,0.4694,1,0,99
1118,44,0,0,6,3,-8.89,0.4689,1,0,100
1119,6,0,0,3,1,-6.21,0.4685,1,0,100
1120,9,0,0,5,1,-4.59,0.468,1,0,100
1121,6,0,0,2,1,-4.61,0.4675,1,0,100
1122,21,0,0,6,2,-5.66,0.467,1,0,100
1123,6,0,0,3,1,-5.11,0.4666,1,0,100
1124,20,1,1,8,2,-6.2,0.4661,1,0,100
1125,6,0,0,3,1,-5.21,0.4656,1,0,100
1126,6,0,0,3,1,-4.66,0.4652,1,0,100
1127,6,0,0,3,1,-5.71,0.4647,1,0,100
1128,15,0,0,3,1,-8.7,0.4642,1,0,100
1129,20,0,0,8,2,-5.95,0.4637,1,0,100
1130,5,0,0,3,1,-5.2,0.4633,1,0,100
1131,31,0,0,5,3,-8.06,0.4628,1,0,100
1132,16,1,1,5,2,-4.11,0.4623,1,0,100
1133,18,0,0,7,2,-4.28,0.4618,1,0,100
1134,16,0,0,4,2,-8.01,0.4614,1,0,100
1135,13,0,0,5,2,-6.13,0.4609,1,0,100
1136,31,1,1,7,3,-4.86,0.4604,1,0,100
1137,8,0,0,3,1,-5.78,0.4599,1,0,100
1138,27,0,0,6,2,-7.67,0.4595,1,0,100
1139,17,0,0,5,2,-4.32,0.459,1,0,100
1140,6,0,0,3,1,-4.11,0.4585,1,0,100
1141,21,0,0,5,2,-7.01,0.458,1,0,100
1142,5,0,0,4,1,-4.9,0.4576,1,0,100
1143,15,0,0,5,1,-4.85,0.4571,1,0,100
1144,5,0,0,2,1,-4.95,0.4566,1,0,100
1145,32,0,0,9,3,-5.82,0.4561,1,0,100
1146,6,0,0,3,1,-4.76,0.4557,1,0,100
1147,6,0,0,3,1,-5.21,0.4552,1,0,100
1148,26,0,0,5,3,-7.36,0.4547,1,0,100
1149,14,0,0,6,2,-6.39,0.4542,1,0,100
1150,5,0,0,3,1,-5.65,0.4538,1,0,100
1151,19,1,1,7,2,-4.69,0.4533,1,0,100
1152,9,0,0,3,1,-5.29,0.4528,1,0,100
1153,30,0,0,8,3,-7.1,0.4523,1,0,100
1154,7,0,0,3,1,-5.27,0.4519,1,0,100
1155,6,0,0,2,1,-5.41,0.4514,1,0,100
1156,8,0,0,4,1,-4.43,0.4509,1,0,100
1157,38,1,1,7,4,-4.73,0.4504,1,0,100
1158,7,0,0,2,1,-4.92,0.45,1,0,100
1159,24,0,0,10,3,-5.44,0.4495,1,0,100
1160,10,0,0,3,1,-5.7,0.449,1,0,100
1161,6,0,0,3,1,-4.76,0.4485,1,0,100
1162,13,0,0,4,2,-6.53,0.4481,1,0,100
1163,7,0,0,5,1,-4.12,0.4476,1,0,100
1164,6,0,0,3,1,-4.76,0.4471,1,0,100
1165,16,0,0,5,2,-7.26,0.4466,1,0,100
1166,8,0,0,3,1,-6.23,0.4462,1,0,100
1167,12,0,0,3,1,-6.37,0.4457,1,0,100
1168,17,0,0,5,2,-7.82,0.4452,1,0,100
1169,9,0,0,6,1,-4.89,0.4447,1,0,100
1170,25,0,0,4,3,-7.7,0.4443,1,0,100
1171,7,0,0,3,1,-5.17,0.4438,1,0,100
1172,24,0,0,3,3,-8.04,0.4433,1,0,100
1173,9,0,0,3,1,-6.64,0.4428,1,0,100
1174,5,0,0,4,1,-4.45,0.4424,1,0,100
1175,13,0,0,5,2,-4.88,0.4419,1,0,100
1176,7,0,0,1,1,-6.32,0.4414,1,0,100
1177,7,0,0,3,1,-5.32,0.4409,1,0,100
1178,5,0,0,2,1,-5.45,0.4405,1,0,100
1179,6,0,0,3,1,-5.21,0.44,1,0,100
1180,16,0,0,5,2,-4.96,0.4395,1,0,100
1181,8,0,0,2,1,-6.53,0.439,1,0,100
1182,6,0,0,3,1,-4.76,0.4386,1,0,100
1183,24,0,0,6,3,-7.54,0.4381,1,0,101
1184,6,0,0,2,1,-4.96,0.4376,1,0,101
1185,7,0,0,3,1,-6.17,0.4371,1,0,101
1186,41,0,0,6,3,-7.86,0.4367,1,0,101
1187,7,0,0,3,1,-5.27,0.4362,1,0,101
1188,5,0,0,4,1,-4.45,0.4357,1,0,101
1189,27,1,1,10,3,-2.82,0.4352,1,0,101
1190,6,0,0,3,1,-5.11,0.4348,1,0,101
1191,9,0,0,1,1,-5.89,0.4343,1,0,101
1192,35,0,0,10,3,-7.55,0.4338,1,0,101
1193,8,0,0,3,1,-6.68,0.4333,1,0,101
1194,9,0,0,2,1,-6.54,0.4329,1,0,101
1195,7,0,0,3,1,-5.17,0.4324,1,0,101
1196,18,0,0,2,2,-6.58,0.4319,1,0,101
1197,8,0,0,2,1,-6.98,0.4314,1,0,101
1198,15,0,0,8,2,-4.9,0.431,1,0,101
1199,87,0,0,7,3,-13.22,0.4305,1,0,101
1200,14,0,0,5,2,-4.79,0.43,1,0,101
1201,5,0,0,3,1,-5.25,0.4295,1,0,101
1202,9,0,0,4,1,-6.44,0.4291,1,0,101
1203,16,0,0,6,2,-5.01,0.4286,1,0,101
1204,17,0,0,5,2,-6.37,0.4281,1,0,101
1205,5,0,0,3,1,-4.7,0.4276,1,0,101
1206,35,0,0,10,3,-6.75,0.4272,1,0,101
1207,15,0,0,9,2,-4.2,0.4267,1,0,101
1208,6,0,0,3,1,-4.76,0.4262,1,0,101
1209,16,0,0,5,2,-6.86,0.4257,1,0,101
1210,14,0,0,9,2,-4.49,0.4253,1,0,101
1211,13,0,0,5,2,-5.78,0.4248,1,0,101
1212,6,0,0,2,1,-5.06,0.4243,1,0,101
1213,13,0,0,6,2,-5.48,0.4238,1,0,101
1214,6,0,0,2,1,-5.51,0.4234,1,0,101
1215,23,0,0,7,3,-6.18,0.4229,1,0,101
1216,7,0,0,3,1,-5.27,0.4224,1,0,101
1217,6,0,0,3,1,-4.21,0.4219,1,0,101
1218,9,0,0,2,1,-6.04,0.4214,1,0,101
1219,15,0,0,5,2,-5.25,0.421,1,0,101
1220,6,0,0,1,1,-5.81,0.4205,1,0,101
1221,14,0,0,7,2,-5.14,0.42,1,0,101
1222,14,0,0,3,2,-5.24,0.4196,1,0,101
1223,15,0,0,5,2,-6.35,0.4191,1,0,101
1224,52,0,0,10,5,-7.77,0.4186,1,0,101
1225,16,1,1,4,2,-5.41,0.4181,1,0,104
1226,34,0,0,2,1,-7.79,0.4177,1,0,104
1227,7,0,0,2,1,-6.02,0.4172,1,0,104
1228,6,0,0,3,1,-5.66,0.4167,1,0,104
1229,6,0,0,3,1,-5.21,0.4162,1,0,104
1230,7,0,0,2,1,-5.57,0.4158,1,0,104
1231,83,0,0,10,5,-8.23,0.4153,0,0,105
1232,25,1,1,5,2,-5.8,0.4148,1,0,105
1233,7,0,0,2,1,-6.07,0.4143,1,0,105
1234,6,0,0,3,1,-4.66,0.4139,1,0,105
1235,6,0,0,3,1,-6.16,0.4134,1,0,105
1236,15,0,0,4,2,-7.45,0.4129,1,0,105
1237,8,0,0,3,1,-6.23,0.4124,1,0,105
1238,68,0,0,5,4,-12.33,0.412,1,0,106
1239,7,0,0,2,1,-6.02,0.4115,1,0,106
1240,5,0,0,3,1,-5.2,0.411,1,0,106
1241,14,0,0,7,2,-4.34,0.4105,1,0,106
1242,7,0,0,3,1,-5.27,0.4101,1,0,106
1243,34,1,1,13,3,-3.99,0.4096,1,0,106
1244,15,0,0,8,2,-5.4,0.4091,1,0,106
1245,15,0,0,8,2,-3.4,0.4086,1,0,106
1246,6,0,0,3,1,-4.66,0.4082,1,0,106
1247,7,0,0,5,1,-4.62,0.4077,1,0,106
1248,6,0,0,2,1,-5.06,0.4072,1,0,106
1249,14,0,0,8,2,-5.24,0.4067,1,0,106
1250,6,0,0,3,1,-5.56,0.4062,1,0,106
1251,27,0,0,10,3,-6.87,0.4058,1,0,106
1252,68,1,1,5,4,-9.63,0.4053,1,0,106
1253,28,1,1,9,2,-5.58,0.4048,1,0,106
1254,48,0,0,9,4,-5.63,0.4043,1,0,107
1255,13,0,0,4,2,-6.08,0.4039,1,0,107
1256,6,0,0,3,1,-5.21,0.4034,1,0,107
1257,10,0,0,6,1,-4.3,0.4029,1,0,107
1258,6,0,0,1,1,-6.26,0.4024,1,0,107
1259,13,0,0,5,2,-5.78,0.402,1,0,107
1260,6,0,0,2,1,-5.51,0.4015,1,0,107
1261,21,1,1,5,2,-5.21,0.401,1,0,107
1262,6,0,0,3,1,-4.76,0.4006,1,0,107
1263,13,0,0,4,2,-6.53,0.4001,1,0,107
1264,19,0,0,8,2,-4.64,0.3996,1,0,107
1265,49,1,1,6,3,-5.34,0.3991,1,0,108
1266,73,0,0,8,4,-12.78,0.3987,0,0,110
1267,8,0,0,3,1,-5.78,0.3982,1,0,110
1268,14,0,0,4,2,-6.14,0.3977,1,0,110
1269,51,0,0,9,3,-6.46,0.3972,1,0,111
1270,6,0,0,1,1,-4.91,0.3968,1,0,111
1271,6,0,0,2,1,-5.96,0.3963,1,0,111
1272,7,0,0,3,1,-5.72,0.3958,1,0,111
1273,37,0,0,10,4,-9.17,0.3953,1,0,111
1274,6,0,0,3,1,-5.66,0.3949,1,0,111
1275,6,0,0,1,1,-5.36,0.3944,1,0,111
1276,24,0,0,7,1,-6.29,0.3939,1,0,111
1277,6,0,0,2,1,-5.06,0.3934,1,0,111
1278,5,0,0,3,1,-4.75,0.393,1,0,111
1279,6,0,0,3,1,-5.21,0.3925,1,0,111
1280,6,0,0,3,1,-5.66,0.392,1,0,111
1281,22,1,1,8,2,-4.87,0.3915,1,0,111
1282,10,0,0,2,1,-6.55,0.3911,1,0,111
1283,6,0,0,3,1,-5.21,0.3906,1,0,111
1284,6,0,0,3,1,-4.76,0.3901,1,0,111
1285,24,1,1,10,3,-4.79,0.3896,1,0,111
1286,6,0,0,3,1,-4.31,0.3891,1,0,111
1287,5,0,0,3,1,-4.15,0.3887,1,0,111
1288,6,0,0,3,1,-6.16,0.3882,1,0,111
1289,7,0,0,2,1,-5.02,0.3877,1,0,111
1290,17,0,0,5,2,-5.87,0.3872,1,0,111
1291,7,0,0,4,1,-4.92,0.3868,1,0,111
1292,5,0,0,4,1,-4.9,0.3863,1,0,111
1293,37,0,0,8,3,-4.77,0.3858,1,0,111
1294,14,0,0,2,1,-5.24,0.3853,1,0,111
1295,6,0,0,3,1,-5.71,0.3849,1,0,111
1296,6,0,0,3,1,-5.21,0.3844,1,0,111
1297,17,0,0,2,1,-6.22,0.3839,1,0,111
1298,6,0,0,3,1,-4.76,0.3834,1,0,111
1299,7,0,0,2,1,-4.57,0.383,1,0,111
1300,41,0,0,7,4,-9.41,0.3825,1,0,111
1301,6,0,0,3,1,-4.76,0.382,1,0,111
1302,8,0,0,3,1,-5.68,0.3816,1,0,111
1303,27,1,1,8,3,-3.07,0.3811,1,0,111
1304,7,0,0,3,1,-4.37,0.3806,1,0,111
1305,8,0,0,3,1,-5.33,0.3801,1,0,111
1306,40,0,0,15,5,-5.4,0.3797,1,0,111
1307,9,0,0,2,1,-5.59,0.3792,1,0,111
1308,10,0,0,3,1,-4.35,0.3787,1,0,111
1309,14,0,0,6,2,-5.54,0.3782,1,0,111
1310,5,0,0,4,1,-4.8,0.3778,1,0,111
1311,11,0,0,5,1,-5.21,0.3773,1,0,111
1312,6,0,0,3,1,-5.66,0.3768,1,0,111
1313,90,1,1,10,7,-12.2,0.3763,1,0,111
1314,16,0,0,6,2,-6.11,0.3759,1,0,111
1315,6,0,0,3,1,-5.26,0.3754,1,0,111
1316,22,1,1,5,2,-4.77,0.3749,1,0,111
1317,13,0,0,5,2,-6.23,0.3744,1,0,111
1318,16,0,0,5,2,-5.76,0.374,1,0,111
1319,15,0,0,6,2,-4.1,0.3735,1,0,111
1320,22,0,0,8,3,-4.12,0.373,1,0,111
1321,16,0,0,2,1,-9.06,0.3725,1,0,111
1322,114,0,0,1,2,-13.34,0.372,1,0,112
1323,6,0,0,2,1,-5.51,0.3716,1,0,112
1324,7,0,0,3,1,-5.72,0.3711,1,0,112
1325,8,0,0,2,1,-5.08,0.3706,1,0,112
1326,8,0,0,3,1,-4.68,0.3701,1,0,112
1327,6,0,0,2,1,-5.51,0.3697,1,0,112
1328,49,0,0,4,3,-10.64,0.3692,1,0,112
1329,18,0,0,6,2,-7.98,0.3687,1,0,112
1330,5,0,0,3,1,-5.2,0.3682,1,0,112
1331,31,1,1,5,2,-5.81,0.3678,1,0,112
1332,14,0,0,6,2,-4.69,0.3673,1,0,112
1333,92,1,1,10,6,-10.67,0.3668,0,0,114
1334,15,0,0,3,2,-6.9,0.3663,1,0,114
1335,28,0,0,6,2,-4.78,0.3659,1,0,114
1336,14,0,0,6,2,-6.94,0.3654,1,0,114
1337,6,0,0,2,1,-5.11,0.3649,1,0,114
1338,5,0,0,2,1,-5.55,0.3644,1,0,114
1339,7,0,0,3,1,-5.27,0.364,1,0,114
1340,6,0,0,3,1,-5.56,0.3635,1,0,114
1341,13,0,0,6,2,-5.43,0.363,1,0,114
1342,17,0,0,2,2,-6.62,0.3626,1,0,114
1343,6,0,0,3,1,-5.21,0.3621,1,0,114
1344,8,0,0,3,1,-6.73,0.3616,1,0,114
1345,59,1,1,6,2,-7.84,0.3611,1,0,114
1346,7,0,0,2,1,-5.57,0.3607,1,0,114
1347,78,0,0,11,5,-7.38,0.3602,1,0,114
1348,28,0,0,10,3,-6.13,0.3597,1,0,114
1349,76,0,0,7,4,-11.96,0.3592,1,0,115
1350,6,0,0,3,1,-4.81,0.3588,1,0,115
1351,44,0,0,13,5,-5.74,0.3583,1,0,116
1352,17,0,0,7,2,-5.82,0.3578,1,0,116
1353,21,0,0,5,2,-9.81,0.3573,1,0,116
1354,6,0,0,3,1,-5.21,0.3569,1,0,116
1355,10,0,0,5,1,-4.25,0.3564,1,0,116
1356,7,0,0,3,1,-5.62,0.3559,1,0,116
1357,13,0,0,7,2,-4.28,0.3554,1,0,116
1358,27,1,1,10,3,-4.42,0.3549,1,0,116
1359,5,0,0,3,1,-5.15,0.3545,1,0,116
1360,5,0,0,3,1,-4.3,0.354,1,0,116
1361,7,0,0,2,1,-4.57,0.3535,1,0,116
1362,6,0,0,4,1,-5.86,0.353,1,0,116
1363,6,0,0,3,1,-4.76,0.3526,1,0,116
1364,6,0,0,3,1,-5.21,0.3521,1,0,116
1365,7,0,0,6,1,-3.27,0.3516,1,0,116
1366,6,0,0,2,1,-5.06,0.3511,1,0,116
1367,6,0,0,1,1,-6.26,0.3507,1,0,116
1368,36,0,0,6,3,-5.16,0.3502,1,0,116
1369,62,0,0,8,3,-8.07,0.3497,1,0,116
1370,6,0,0,3,1,-4.26,0.3492,1,0,116
1371,6,0,0,2,1,-5.51,0.3488,1,0,116
1372,7,0,0,2,1,-5.97,0.3483,1,0,116
1373,8,0,0,4,1,-5.43,0.3478,1,0,116
1374,6,0,0,2,1,-6.01,0.3473,1,0,116
1375,7,0,0,2,1,-6.02,0.3469,1,0,116
1376,6,0,0,2,1,-5.86,0.3464,1,0,116
1377,16,1,1,7,2,-2.96,0.3459,1,0,116
1378,31,0,0,12,4,-7.41,0.3455,1,0,116
1379,6,0,0,2,1,-5.51,0.345,1,0,116
1380,28,0,0,8,4,-7.03,0.3445,1,0,116
1381,7,0,0,2,1,-5.57,0.344,1,0,116
1382,6,0,0,3,1,-4.66,0.3436,1,0,116
1383,15,0,0,7,2,-4.2,0.3431,1,0,116
1384,42,1,1,9,2,-4.32,0.3426,1,0,116
1385,31,1,1,4,2,-5.06,0.3421,1,0,116
1386,6,0,0,3,1,-4.21,0.3417,1,0,116
1387,9,0,0,3,1,-4.74,0.3412,1,0,116
1388,27,1,1,5,2,-5.37,0.3407,1,0,116
1389,9,0,0,3,1,-5.74,0.3402,1,0,116
1390,37,0,0,9,4,-5.02,0.3398,1,0,116
1391,8,0,0,3,1,-5.68,0.3393,1,0,116
1392,7,0,0,4,1,-4.92,0.3388,1,0,116
1393,7,0,0,3,1,-4.27,0.3383,1,0,116
1394,7,0,0,3,1,-5.72,0.3379,1,0,116
1395,13,0,0,7,2,-4.13,0.3374,1,0,116
1396,58,2,2,9,6,-4.58,0.3369,1,0,117
1397,8,0,0,3,1,-6.28,0.3364,1,0,117
1398,6,0,0,3,1,-4.76,0.336,1,0,117
1399,6,0,0,3,1,-5.26,0.3355,1,0,117
1400,20,0,0,9,2,-6.25,0.335,1,0,117
1401,18,0,0,5,2,-6.33,0.3345,1,0,117
1402,13,0,0,8,2,-4.48,0.3341,1,0,117
1403,25,1,1,11,3,-3.45,0.3336,1,0,117
1404,24,1,1,8,3,-3.49,0.3331,1,0,117
1405,5,0,0,4,1,-4.95,0.3326,1,0,117
1406,15,0,0,6,2,-5.15,0.3322,1,0,117
1407,13,0,0,4,2,-5.08,0.3317,1,0,117
1408,8,0,0,2,1,-6.08,0.3312,1,0,117
1409,41,0,0,5,3,-8.21,0.3307,1,0,119
1410,19,0,0,8,2,-5.64,0.3303,1,0,119
1411,8,0,0,2,1,-5.08,0.3298,1,0,119
1412,6,0,0,3,1,-4.76,0.3293,1,0,119
1413,14,0,0,5,2,-6.29,0.3288,1,0,119
1414,14,0,0,7,2,-5.14,0.3284,1,0,119
1415,7,0,0,3,1,-4.17,0.3279,1,0,119
1416,34,0,0,8,3,-5.54,0.3274,1,0,119
1417,29,0,0,6,2,-8.14,0.3269,1,0,119
1418,14,0,0,5,2,-5.39,0.3265,1,0,119
1419,27,0,0,9,3,-5.37,0.326,1,0,119
1420,6,0,0,2,1,-5.06,0.3255,1,0,119
1421,13,0,0,5,2,-4.88,0.325,1,0,119
1422,120,1,1,12,6,-12.55,0.3246,0,0,121
1423,47,0,0,5,3,-6.67,0.3241,0,0,122
1424,37,0,0,4,2,-6.57,0.3236,1,0,123
1425,6,0,0,3,1,-5.71,0.3231,1,0,123
1426,6,0,0,3,1,-4.71,0.3227,1,0,123
1427,27,0,0,8,3,-6.67,0.3222,1,0,123
1428,37,0,0,13,3,-6.72,0.3217,1,0,123
1429,35,1,1,11,4,-3.8,0.3212,1,0,123
1430,27,0,0,12,3,-4.22,0.3208,1,0,123
1431,60,1,1,12,5,-3.55,0.3203,1,0,123
1432,9,0,0,2,1,-6.04,0.3198,1,0,123
1433,5,0,0,4,1,-4.0,0.3193,1,0,123
1434,25,0,0,6,3,-6.3,0.3189,1,0,123
1435,23,0,0,7,3,-6.78,0.3184,1,0,123
1436,40,1,1,4,2,-4.9,0.3179,1,0,123
1437,47,1,1,9,4,-4.77,0.3174,1,0,123
1438,14,0,0,5,2,-4.29,0.317,1,0,123
1439,39,0,0,15,5,-4.44,0.3165,1,0,125
1440,6,0,0,3,1,-5.21,0.316,1,0,125
1441,16,0,0,5,2,-5.96,0.3155,1,0,125
1442,120,0,0,5,3,-12.2,0.3151,0,0,127
1443,14,0,0,6,2,-5.54,0.3146,1,0,127
1444,6,0,0,3,1,-5.26,0.3141,1,0,127
1445,6,0,0,3,1,-5.66,0.3136,1,0,127
1446,9,0,0,3,1,-4.84,0.3132,1,0,127
1447,6,0,0,3,1,-4.76,0.3127,1,0,127
1448,15,0,0,9,2,-3.65,0.3122,1,0,127
1449,6,0,0,1,1,-5.81,0.3117,1,0,127
1450,68,0,0,11,5,-6.93,0.3113,1,0,127
1451,23,0,0,11,3,-4.53,0.3108,1,0,127
1452,129,1,1,12,7,-11.29,0.3103,1,0,132
1453,7,0,0,3,1,-5.97,0.3098,1,0,132
1454,68,0,0,4,4,-9.33,0.3094,1,0,133
1455,8,0,0,2,1,-6.53,0.3089,1,0,133
1456,8,0,0,2,1,-6.53,0.3084,1,0,133
1457,14,0,0,5,2,-6.19,0.3079,1,0,133
1458,13,0,0,9,2,-3.38,0.3075,1,0,133
1459,5,0,0,2,1,-5.5,0.307,1,0,133
1460,28,0,0,11,4,-5.03,0.3065,1,0,134
1461,16,0,0,6,2,-6.06,0.306,1,0,134
1462,15,0,0,5,2,-5.25,0.3056,1,0,134
1463,28,0,0,4,2,-6.73,0.3051,1,0,134
1464,20,0,0,4,2,-4.65,0.3046,1,0,134
1465,14,0,0,5,2,-5.39,0.3041,1,0,134
1466,6,0,0,3,1,-4.21,0.3037,1,0,134
1467,14,0,0,5,2,-6.69,0.3032,1,0,134
1468,46,0,0,13,6,-5.91,0.3027,1,0,134
1469,7,0,0,5,1,-4.62,0.3022,1,0,134
1470,8,0,0,3,1,-5.33,0.3018,1,0,134
1471,74,1,1,3,2,-10.59,0.3013,1,0,134
1472,6,0,0,2,1,-5.51,0.3008,1,0,134
1473,39,0,0,8,3,-5.09,0.3003,1,0,134
1474,15,0,0,4,2,-7.1,0.2999,1,0,134
1475,6,0,0,2,1,-5.06,0.2994,1,0,134
1476,6,0,0,1,1,-5.36,0.2989,1,0,134
1477,40,0,0,10,4,-5.2,0.2984,1,0,134
1478,7,0,0,2,1,-6.47,0.298,1,0,134
1479,13,0,0,5,2,-5.68,0.2975,1,0,134
1480,31,0,0,5,2,-7.36,0.297,1,0,134
1481,5,0,0,4,1,-4.8,0.2965,1,0,134
1482,7,0,0,2,1,-4.57,0.2961,1,0,134
1483,37,0,0,11,4,-5.92,0.2956,1,0,134
1484,21,0,0,6,3,-6.46,0.2951,1,0,134
1485,30,0,0,7,4,-8.4,0.2946,1,0,134
1486,6,0,0,3,1,-4.76,0.2942,1,0,134
1487,22,0,0,5,3,-6.42,0.2937,1,0,136
1488,62,0,0,11,4,-8.12,0.2932,1,0,136
1489,6,0,0,3,1,-4.31,0.2927,1,0,136
1490,14,0,0,5,2,-5.29,0.2923,1,0,136
1491,52,0,0,9,4,-7.72,0.2918,1,0,139
1492,13,0,0,6,2,-5.33,0.2913,1,0,139
1493,56,0,0,3,2,-10.36,0.2908,1,0,139
1494,7,0,0,5,1,-4.62,0.2903,1,0,139
1495,7,0,0,2,1,-5.12,0.2899,1,0,139
1496,7,0,0,2,1,-5.57,0.2894,1,0,139
1497,23,0,0,8,3,-6.83,0.2889,1,0,140
1498,8,0,0,1,1,-5.73,0.2884,1,0,140
1499,51,0,0,7,3,-7.96,0.288,1,0,141
1500,198,1,1,6,5,-14.68,0.2875,1,0,143
1501,8,0,0,2,1,-4.63,0.287,1,0,143
1502,56,0,0,12,5,-9.51,0.2866,1,0,143
1503,45,0,0,12,5,-7.55,0.2861,1,0,143
1504,20,0,0,4,3,-6.7,0.2856,1,0,143
1505,31,0,0,10,3,-4.66,0.2851,1,0,143
1506,31,0,0,11,3,-6.71,0.2847,1,0,143
1507,8,0,0,1,1,-5.83,0.2842,1,0,143
1508,90,0,0,6,3,-7.8,0.2837,1,0,144
1509,26,0,0,10,3,-6.36,0.2832,1,0,144
1510,5,0,0,4,1,-5.4,0.2828,1,0,144
1511,7,0,0,3,1,-4.27,0.2823,1,0,144
1512,106,1,1,11,4,-7.86,0.2818,0,0,144
1513,6,0,0,3,1,-4.76,0.2813,1,0,144
1514,17,1,1,3,2,-4.67,0.2809,1,0,144
1515,42,0,0,7,3,-6.02,0.2804,1,0,144
1516,9,0,0,4,1,-5.24,0.2799,1,0,144
1517,26,0,0,10,3,-5.51,0.2794,1,0,144
1518,19,0,0,5,2,-4.39,0.279,1,0,144
1519,15,0,0,6,2,-6.4,0.2785,1,0,144
1520,65,0,0,4,3,-9.15,0.278,1,0,144
1521,16,0,0,6,2,-7.36,0.2775,1,0,144
1522,40,0,0,5,3,-7.25,0.2771,1,0,144
1523,14,0,0,9,2,-4.49,0.2766,1,0,144
1524,74,0,0,8,4,-7.99,0.2761,1,0,144
1525,19,1,1,4,2,-4.49,0.2756,1,0,144
1526,6,0,0,3,1,-5.21,0.2752,1,0,144
1527,28,1,1,8,3,-4.93,0.2747,1,0,144
1528,8,0,0,3,1,-5.23,0.2742,1,0,144
1529,14,0,0,8,2,-3.79,0.2737,1,0,144
1530,73,1,1,12,4,-5.28,0.2732,1,0,144
1531,18,0,0,5,2,-5.83,0.2728,1,0,144
1532,53,1,1,7,3,-8.03,0.2723,1,0,144
1533,67,1,1,6,3,-5.17,0.2718,1,0,144
1534,14,0,0,5,2,-5.84,0.2713,1,0,144
1535,8,0,0,1,1,-5.93,0.2709,1,0,144
1536,18,0,0,5,2,-6.88,0.2704,1,0,144
1537,13,0,0,6,2,-5.48,0.2699,1,0,144
1538,27,0,0,8,3,-4.22,0.2694,1,0,144
1539,15,0,0,6,2,-5.05,0.269,1,0,144
1540,9,0,0,5,1,-5.64,0.2685,1,0,144
1541,7,0,0,3,1,-4.82,0.268,1,0,144
1542,7,0,0,3,1,-5.62,0.2676,1,0,144
1543,26,0,0,7,3,-6.36,0.2671,1,0,144
1544,20,1,1,8,2,-4.85,0.2666,1,0,144
1545,14,0,0,8,2,-4.19,0.2661,1,0,144
1546,7,0,0,1,1,-5.32,0.2657,1,0,144
1547,13,0,0,7,2,-4.18,0.2652,1,0,144
1548,6,0,0,1,1,-5.36,0.2647,1,0,144
1549,60,0,0,13,4,-3.05,0.2642,1,0,144
1550,29,1,1,6,3,-4.69,0.2638,1,0,144
1551,141,0,0,11,7,-13.21,0.2633,1,0,144
1552,47,0,0,14,4,-4.67,0.2628,1,0,144
1553,14,0,0,4,2,-5.19,0.2623,1,0,144
1554,36,1,1,9,4,-5.81,0.2619,1,0,144
1555,15,0,0,5,2,-4.25,0.2614,1,0,144
1556,13,0,0,6,2,-5.03,0.2609,1,0,144
1557,13,0,0,6,2,-4.58,0.2604,1,0,144
1558,24,0,0,12,3,-4.34,0.26,1,0,144
1559,5,0,0,4,1,-5.25,0.2595,1,0,144
1560,26,0,0,6,3,-7.16,0.259,1,0,144
1561,44,1,1,17,5,-1.74,0.2585,1,0,146
1562,6,0,0,2,1,-5.06,0.2581,1,0,146
1563,23,0,0,6,3,-5.13,0.2576,1,0,146
1564,39,1,1,5,3,-6.04,0.2571,0,0,146
1565,44,2,2,9,3,-4.24,0.2566,1,0,146
1566,7,0,0,3,1,-5.17,0.2561,1,0,146
1567,14,0,0,3,2,-4.89,0.2557,1,0,146
1568,107,0,0,5,4,-8.72,0.2552,0,0,146
1569,31,1,1,8,2,-4.81,0.2547,1,0,146
1570,16,0,0,6,2,-4.01,0.2542,1,0,146
1571,8,0,0,3,1,-6.23,0.2538,1,0,146
1572,15,0,0,4,2,-5.75,0.2533,1,0,146
1573,7,0,0,3,1,-5.27,0.2528,1,0,146
1574,119,0,0,12,6,-11.04,0.2523,0,0,149
1575,8,0,0,3,1,-4.23,0.2519,1,0,149
1576,6,0,0,2,1,-5.51,0.2514,1,0,149
1577,6,0,0,3,1,-4.76,0.2509,1,0,149
1578,6,0,0,2,1,-4.96,0.2504,1,0,149
1579,7,0,0,2,1,-4.57,0.25,1,0,149
1580,26,0,0,11,3,-5.06,0.2495,1,0,149
1581,96,6,1,7,4,-4.41,0.249,0,0,149
1582,22,0,0,12,3,-4.82,0.2486,1,0,149
1583,24,0,0,6,3,-6.64,0.2481,1,0,149
1584,14,0,0,6,2,-6.44,0.2476,1,0,149
1585,73,1,1,11,6,-6.73,0.2471,0,0,151
1586,207,3,3,12,8,-5.02,0.2467,1,0,151
1587,93,0,0,6,4,-9.03,0.2462,1,0,151
1588,6,0,0,3,1,-4.76,0.2457,1,0,151
1589,7,0,0,5,1,-4.12,0.2452,1,0,151
1590,16,0,0,10,2,-2.76,0.2448,1,0,151
1591,27,1,1,10,3,-2.92,0.2443,1,0,151
1592,24,0,0,8,3,-5.54,0.2438,1,0,151
1593,76,0,0,10,4,-8.21,0.2433,0,0,154
1594,14,0,0,9,2,-4.44,0.2429,1,0,154
1595,48,1,1,4,2,-7.33,0.2424,1,0,154
1596,115,1,1,14,7,-5.25,0.2419,1,0,154
1597,54,0,0,4,3,-5.54,0.2414,1,0,154
1598,6,0,0,3,1,-4.76,0.2409,1,0,154
1599,13,0,0,5,2,-4.73,0.2405,1,0,154
1600,87,0,0,7,5,-8.62,0.24,1,0,154
1601,15,0,0,4,2,-5.8,0.2395,1,0,154
1602,8,0,0,2,1,-5.43,0.239,1,0,154
1603,15,0,0,5,2,-4.35,0.2386,1,0,154
1604,6,0,0,2,1,-5.51,0.2381,1,0,154
1605,117,0,0,14,6,-7.02,0.2376,0,0,155
1606,18,1,1,8,2,-2.83,0.2371,1,0,155
1607,6,0,0,3,1,-4.76,0.2367,1,0,155
1608,6,0,0,3,1,-4.76,0.2362,1,0,155
1609,73,0,0,15,6,-8.28,0.2357,1,0,156
1610,145,0,0,17,8,-8.65,0.2352,0,0,157
1611,32,0,0,6,3,-6.72,0.2348,1,0,157
1612,6,0,0,3,1,-4.76,0.2343,1,0,157
1613,34,0,0,8,2,-6.09,0.2338,1,0,157
1614,24,0,0,9,3,-6.64,0.2333,1,0,157
1615,15,0,0,4,2,-7.05,0.2329,1,0,157
1616,13,0,0,6,2,-5.98,0.2324,1,0,157
1617,24,0,0,4,3,-6.74,0.2319,1,0,157
1618,78,1,1,7,3,-8.03,0.2314,1,0,159
1619,33,0,0,8,4,-6.68,0.231,1,0,159
1620,52,0,0,9,3,-6.97,0.2305,1,0,159
1621,7,0,0,5,1,-4.47,0.23,1,0,159
1622,41,0,0,5,3,-8.16,0.2296,1,0,159
1623,7,0,0,3,1,-4.72,0.2291,1,0,159
1624,29,0,0,11,3,-4.74,0.2286,1,0,160
1625,35,0,0,6,2,-5.4,0.2281,1,0,160
1626,14,0,0,5,2,-5.39,0.2277,1,0,160
1627,160,1,1,11,7,-11.7,0.2272,1,0,160
1628,117,0,0,15,7,-11.72,0.2267,1,0,160
1629,13,0,0,7,2,-4.98,0.2262,1,0,160
1630,22,0,0,9,3,-4.32,0.2258,1,0,160
1631,67,1,1,9,3,-4.07,0.2253,1,0,160
1632,36,1,1,10,4,-3.21,0.2248,1,0,160
1633,21,0,0,7,3,-6.26,0.2243,1,0,160
1634,6,0,0,2,1,-5.06,0.2239,1,0,160
1635,5,0,0,3,1,-5.2,0.2234,1,0,160
1636,27,1,1,4,2,-5.57,0.2229,1,0,160
1637,108,1,1,8,4,-9.53,0.2224,1,0,160
1638,6,0,0,2,1,-5.06,0.222,1,0,160
1639,6,0,0,3,1,-5.21,0.2215,1,0,160
1640,26,1,1,8,3,-4.56,0.221,1,0,160
1641,13,0,0,5,2,-5.23,0.2205,1,0,160
1642,98,0,0,5,2,-11.28,0.2201,0,0,162
1643,23,0,0,9,3,-5.28,0.2196,1,0,162
1644,14,0,0,6,2,-4.89,0.2191,1,0,162
1645,13,0,0,6,2,-4.38,0.2186,1,0,162
1646,7,0,0,3,1,-4.82,0.2182,1,0,162
1647,50,0,0,3,4,-6.4,0.2177,1,0,162
1648,61,0,0,16,6,-5.41,0.2172,1,0,162
1649,13,0,0,9,2,-3.13,0.2167,1,0,162
1650,22,0,0,9,3,-4.32,0.2163,1,0,162
1651,18,0,0,8,2,-3.88,0.2158,1,0,162
1652,6,0,0,4,1,-5.36,0.2153,1,0,162
1653,8,0,0,3,1,-4.18,0.2148,1,0,162
1654,7,0,0,6,1,-4.32,0.2144,1,0,162
1655,29,2,2,7,3,-2.79,0.2139,1,0,162
1656,8,0,0,3,1,-6.23,0.2134,1,0,162
1657,34,0,0,10,4,-4.64,0.2129,1,0,162
1658,28,0,0,5,3,-5.28,0.2125,1,0,162
1659,7,0,0,3,1,-4.67,0.212,1,0,162
1660,106,0,0,8,4,-8.36,0.2115,1,0,162
1661,37,1,1,5,2,-5.92,0.211,1,0,162
1662,34,0,0,10,2,-4.54,0.2106,1,0,162
1663,14,0,0,8,2,-4.39,0.2101,1,0,162
1664,26,1,1,5,2,-3.31,0.2096,1,0,162
1665,27,0,0,13,4,-5.62,0.2091,1,0,162
1666,8,0,0,2,1,-6.53,0.2087,1,0,162
1667,7,0,0,3,1,-5.72,0.2082,1,0,162
1668,6,0,0,3,1,-5.21,0.2077,1,0,162
1669,31,1,1,9,4,-5.81,0.2072,1,0,162
1670,8,0,0,4,1,-4.48,0.2068,1,0,162
1671,69,0,0,7,3,-7.79,0.2063,1,0,162
1672,7,0,0,3,1,-5.77,0.2058,1,0,162
1673,5,0,0,4,1,-4.45,0.2053,1,0,162
1674,6,0,0,3,1,-4.31,0.2049,1,0,162
1675,24,1,1,5,2,-3.84,0.2044,1,0,162
1676,18,0,0,3,2,-4.98,0.2039,1,0,162
1677,26,0,0,7,3,-6.86,0.2034,1,0,162
1678,97,2,2,12,4,-2.47,0.203,0,0,164
1679,172,2,2,6,4,-9.62,0.2025,0,0,167
1680,16,0,0,5,2,-3.76,0.202,1,0,167
1681,32,1,1,8,4,-3.57,0.2015,1,0,167
1682,20,1,1,9,2,-2.45,0.2011,1,0,167
1683,6,0,0,2,1,-5.41,0.2006,1,0,167
1684,8,0,0,3,1,-5.23,0.2001,1,0,167
1685,90,1,1,6,5,-7.45,0.1996,1,0,167
1686,13,0,0,7,2,-5.13,0.1992,1,0,167
1687,6,0,0,2,1,-4.61,0.1987,1,0,167
1688,14,0,0,8,2,-4.69,0.1982,1,0,167
1689,28,0,0,12,4,-3.63,0.1977,1,0,167
1690,21,0,0,10,3,-2.91,0.1973,1,0,167
1691,5,0,0,3,1,-5.65,0.1968,1,0,167
1692,70,1,1,10,6,-6.0,0.1963,0,0,169
1693,60,2,2,10,4,-3.05,0.1958,0,0,170
1694,20,1,1,9,2,-3.05,0.1954,1,0,170
1695,102,1,1,11,6,-10.92,0.1949,1,0,170
1696,48,1,1,3,2,-6.23,0.1944,1,0,170
1697,25,0,0,6,3,-6.15,0.1939,1,0,170
1698,45,0,0,9,3,-3.95,0.1935,1,0,170
1699,71,1,1,11,4,-4.31,0.193,1,0,170
1700,152,0,0,14,8,-8.57,0.1925,1,0,171
1701,6,0,0,2,1,-5.51,0.192,1,0,171
1702,32,2,2,11,4,-0.52,0.1916,1,0,172
1703,93,1,1,5,4,-9.63,0.1911,0,0,172
1704,22,0,0,10,3,-3.97,0.1906,1,0,172
1705,65,1,1,8,3,-3.55,0.1901,1,0,172
1706,14,0,0,8,2,-3.94,0.1897,1,0,172
1707,35,1,1,8,3,-6.3,0.1892,1,0,172
1708,154,1,1,10,4,-10.74,0.1887,0,0,172
1709,57,0,0,6,2,-6.57,0.1882,0,0,172
1710,7,0,0,5,1,-4.62,0.1878,1,0,172
1711,14,0,0,6,2,-5.99,0.1873,1,0,172
1712,81,0,0,10,3,-7.46,0.1868,1,0,172
1713,15,0,0,5,2,-5.25,0.1863,1,0,172
1714,7,0,0,6,1,-3.72,0.1859,1,0,172
1715,103,1,1,12,5,-7.63,0.1854,0,0,175
1716,8,0,0,2,1,-5.08,0.1849,1,0,175
1717,158,2,2,12,3,-7.28,0.1844,0,0,176
1718,6,0,0,2,1,-5.51,0.184,1,0,176
1719,6,0,0,3,1,-4.21,0.1835,1,0,176
1720,111,0,0,5,3,-10.96,0.183,1,0,176
1721,55,0,0,4,3,-7.6,0.1825,0,0,176
1722,14,0,0,7,2,-4.59,0.1821,1,0,176
1723,58,1,1,15,4,-6.08,0.1816,1,0,176
1724,52,1,1,7,3,-4.97,0.1811,1,0,176
1725,16,0,0,6,2,-5.66,0.1806,1,0,176
1726,14,0,0,6,2,-5.54,0.1802,1,0,176
1727,56,1,1,2,2,-5.96,0.1797,1,0,176
1728,7,0,0,6,1,-3.72,0.1792,1,0,176
1729,6,0,0,3,1,-4.21,0.1787,1,0,176
1730,16,0,0,6,2,-3.86,0.1783,1,0,176
1731,6,0,0,2,1,-4.51,0.1778,1,0,176
1732,21,0,0,11,3,-3.51,0.1773,1,0,176
1733,18,1,1,6,2,-4.28,0.1768,1,0,176
1734,114,2,2,13,5,-7.34,0.1764,0,0,176
1735,7,0,0,3,1,-4.82,0.1759,1,0,176
1736,94,2,2,11,5,-3.59,0.1754,0,0,177
1737,16,0,0,9,2,-2.91,0.1749,1,0,177
1738,7,0,0,6,1,-3.72,0.1744,1,0,177
1739,21,0,0,11,3,-3.66,0.174,1,0,177
1740,21,0,0,9,3,-3.76,0.1735,1,0,177
1741,256,1,1,10,8,-14.11,0.173,1,0,179
1742,101,1,1,12,5,-5.36,0.1726,1,0,179
1743,6,0,0,2,1,-5.06,0.1721,1,0,179
1744,77,0,0,5,3,-8.12,0.1716,0,0,180
1745,28,1,1,8,3,-4.03,0.1711,1,0,180
1746,149,2,2,16,6,-7.59,0.1707,1,0,180
1747,29,1,1,7,2,-3.74,0.1702,1,0,180
1748,32,2,2,4,3,-4.32,0.1697,1,0,180
1749,6,0,0,3,1,-4.76,0.1692,1,0,180
1750,8,0,0,6,1,-4.33,0.1688,1,0,180
1751,25,1,1,10,3,-2.3,0.1683,1,0,180
1752,70,1,1,17,6,-4.3,0.1678,1,0,180
1753,17,1,1,5,2,-4.57,0.1673,1,0,181
1754,31,1,1,10,4,-4.01,0.1669,1,0,181
1755,8,0,0,3,1,-4.78,0.1664,1,0,181
1756,39,1,1,8,4,-5.74,0.1659,1,0,181
1757,78,0,0,4,4,-5.83,0.1654,1,0,181
1758,173,0,0,6,7,-11.28,0.165,0,0,182
1759,15,0,0,7,2,-3.65,0.1645,1,0,182
1760,53,0,0,8,3,-8.23,0.164,0,0,184
1761,13,0,0,5,2,-5.33,0.1635,1,0,184
1762,34,0,0,9,3,-5.34,0.1631,1,0,184
1763,31,1,1,5,2,-5.91,0.1626,1,0,184
1764,96,0,0,8,4,-10.11,0.1621,0,0,184
1765,359,2,2,11,7,-23.04,0.1616,1,0,189
1766,22,1,1,6,3,-5.42,0.1612,1,0,189
1767,30,0,0,11,4,-4.3,0.1607,1,0,189
1768,26,1,1,10,3,-3.91,0.1602,1,0,189
1769,62,0,0,13,4,-3.62,0.1597,1,0,189
1770,68,1,1,17,6,-5.23,0.1593,1,0,190
1771,23,0,0,10,3,-3.58,0.1588,1,0,190
1772,20,0,0,10,3,-3.75,0.1583,1,0,190
1773,86,0,0,4,3,-8.56,0.1578,1,0,190
1774,6,0,0,3,1,-4.76,0.1573,1,0,190
1775,237,0,0,11,6,-15.37,0.1569,0,0,191
1776,24,1,1,9,3,-4.09,0.1564,1,0,191
1777,22,0,0,9,3,-5.12,0.1559,1,0,191
1778,18,1,1,6,2,-3.98,0.1554,1,0,191
1779,14,0,0,6,2,-3.39,0.155,1,0,191
1780,29,0,0,12,4,-5.09,0.1545,1,0,191
1781,63,0,0,8,1,-4.93,0.154,1,0,191
1782,148,0,0,13,6,-9.68,0.1536,0,0,193
1783,129,4,4,4,4,-5.09,0.1531,0,0,195
1784,5,0,0,2,1,-4.45,0.1526,1,0,195
1785,44,1,1,4,3,-6.44,0.1521,1,0,195
1786,306,1,1,9,9,-20.96,0.1517,0,0,198
1787,15,0,0,7,2,-4.55,0.1512,1,0,198
1788,69,0,0,12,7,-4.04,0.1507,1,0,198
1789,7,0,0,5,1,-4.07,0.1502,1,0,198
1790,60,0,0,11,5,-5.35,0.1498,1,0,198
1791,190,1,1,17,9,-8.85,0.1493,0,0,200
1792,299,0,0,8,7,-17.09,0.1488,1,0,203
1793,147,1,1,13,4,-6.22,0.1483,1,0,203
1794,14,0,0,9,2,-3.09,0.1479,1,0,203
1795,85,0,0,13,5,-6.2,0.1474,1,0,203
1796,8,0,0,6,1,-3.38,0.1469,1,0,203
1797,7,0,0,3,1,-4.67,0.1464,1,0,203
1798,153,3,3,19,10,-4.18,0.146,1,0,204
1799,6,0,0,2,1,-5.51,0.1455,1,0,204
1800,27,1,1,8,3,-4.52,0.145,1,0,204
1801,11,0,0,7,1,-3.41,0.1445,1,0,204
1802,6,0,0,3,1,-4.76,0.1441,1,0,204
1803,14,0,0,7,2,-4.69,0.1436,1,0,204
1804,38,2,2,11,4,-3.43,0.1431,1,0,204
1805,5,0,0,2,1,-5.05,0.1426,1,0,204
1806,15,0,0,5,2,-5.35,0.1421,1,0,204
1807,20,1,1,9,2,-1.9,0.1417,1,0,204
1808,6,0,0,2,1,-4.61,0.1412,1,0,204
1809,6,0,0,2,1,-5.06,0.1407,1,0,204
1810,84,2,2,9,4,-2.04,0.1402,1,0,204
1811,103,1,1,12,4,-5.68,0.1398,1,0,204
1812,73,0,0,6,3,-7.33,0.1393,0,0,204
1813,27,0,0,11,3,-4.72,0.1388,1,0,204
1814,52,0,0,15,3,-3.72,0.1383,1,0,204
1815,7,0,0,2,1,-4.92,0.1379,1,0,204
1816,7,0,0,2,1,-5.47,0.1374,1,0,204
1817,7,0,0,3,1,-4.17,0.1369,1,0,204
1818,7,0,0,4,1,-4.47,0.1364,1,0,204
1819,9,0,0,2,1,-5.54,0.136,1,0,204
1820,70,0,0,4,3,-7.25,0.1355,1,0,204
1821,20,1,1,6,2,-2.9,0.135,1,0,204
1822,87,0,0,5,2,-6.77,0.1346,1,0,204
1823,72,1,1,8,4,-5.97,0.1341,0,0,204
1824,67,0,0,6,3,-6.17,0.1336,0,0,204
1825,168,1,1,14,6,-8.48,0.1331,0,0,205
1826,73,1,1,17,5,-4.18,0.1327,0,0,206
1827,400,1,1,8,9,-11.15,0.1322,0,1,207
1828,144,1,1,12,9,-6.89,0.1317,0,0,208
1829,36,2,2,10,3,-1.41,0.1312,1,0,208
1830,400,0,0,14,12,-10.1,0.1308,0,1,208
1831,6,0,0,2,1,-5.06,0.1303,1,0,208
1832,178,0,0,10,6,-10.73,0.1298,0,0,208
1833,27,0,0,9,3,-4.32,0.1293,1,0,208
1834,142,2,2,14,6,-5.67,0.1289,0,0,209
1835,273,1,1,23,11,-9.03,0.1284,1,0,209
1836,106,5,5,11,3,-0.16,0.1279,1,0,209
1837,37,1,1,9,2,-2.32,0.1274,1,0,209
1838,8,0,0,2,1,-5.53,0.127,1,0,209
1839,26,1,1,5,3,-4.36,0.1265,1,0,209
1840,31,0,0,11,3,-4.16,0.126,1,0,209
1841,13,0,0,5,2,-4.28,0.1255,1,0,209
1842,7,0,0,2,1,-4.57,0.125,1,0,209
1843,77,0,0,5,3,-8.52,0.1246,1,0,209
1844,74,2,2,8,3,-4.94,0.1241,1,0,209
1845,139,1,1,5,4,-8.24,0.1236,0,0,210
1846,37,0,0,7,3,-5.52,0.1231,1,0,210
1847,5,0,0,2,1,-5.5,0.1227,1,0,210
1848,232,1,1,14,8,-9.37,0.1222,0,0,213
1849,80,1,1,12,4,-6.3,0.1217,1,0,213
1850,6,0,0,1,1,-5.36,0.1212,1,0,213
1851,39,0,0,7,3,-4.74,0.1208,1,0,213
1852,112,0,0,12,6,-7.02,0.1203,0,0,214
1853,8,0,0,2,1,-6.13,0.1198,1,0,214
1854,41,0,0,8,3,-5.26,0.1193,1,0,214
1855,9,0,0,3,1,-4.94,0.1189,1,0,214
1856,61,0,0,7,3,-5.76,0.1184,1,0,214
1857,6,0,0,2,1,-5.11,0.1179,1,0,214
1858,400,2,2,12,5,-9.95,0.1174,0,1,214
1859,32,2,2,11,3,-1.47,0.117,1,0,214
1860,23,0,0,9,3,-4.83,0.1165,1,0,214
1861,24,0,0,8,3,-4.29,0.116,1,0,214
1862,75,0,0,3,2,-7.65,0.1156,0,0,214
1863,43,0,0,6,3,-6.98,0.1151,1,0,214
1864,41,0,0,9,4,-4.61,0.1146,1,0,214
1865,89,0,0,10,5,-5.54,0.1141,1,0,214
1866,61,2,2,14,5,-2.16,0.1137,1,0,214
1867,46,1,1,14,4,-2.11,0.1132,1,0,214
1868,164,1,1,7,4,-7.54,0.1127,1,0,214
1869,44,0,0,6,3,-5.54,0.1122,1,0,214
1870,6,0,0,3,1,-5.01,0.1118,1,0,214
1871,21,0,0,10,3,-3.81,0.1113,1,0,214
1872,6,0,0,2,1,-5.06,0.1108,1,0,214
1873,83,0,0,8,6,-7.28,0.1103,1,0,214
1874,13,0,0,5,2,-4.78,0.1099,1,0,214
1875,194,3,3,11,9,-5.14,0.1094,0,0,214
1876,16,0,0,8,2,-4.91,0.1089,1,0,214
1877,112,0,0,9,2,-8.67,0.1084,0,0,216
1878,13,0,0,4,2,-6.13,0.108,1,0,216
1879,28,1,1,9,3,-3.58,0.1075,1,0,216
1880,114,0,0,6,2,-8.14,0.107,1,0,216
1881,44,0,0,7,3,-5.04,0.1065,1,0,216
1882,138,0,0,9,5,-10.63,0.1061,1,0,217
1883,45,0,0,2,1,-7.4,0.1056,1,0,217
1884,6,0,0,3,1,-5.26,0.1051,1,0,217
1885,142,3,3,9,5,-4.62,0.1046,1,0,217
1886,82,0,0,7,3,-6.37,0.1042,0,0,218
1887,52,1,1,4,3,-6.07,0.1037,1,0,218
1888,10,0,0,2,1,-4.55,0.1032,1,0,218
1889,262,2,2,14,7,-9.67,0.1027,0,0,220
1890,20,1,1,7,2,-3.1,0.1023,1,0,220
1891,132,2,2,15,7,-6.77,0.1018,0,0,220
1892,157,0,0,9,5,-8.62,0.1013,1,0,220
1893,17,1,1,8,2,-2.77,0.1008,1,0,220
1894,39,0,0,9,3,-5.09,0.1004,1,0,220
1895,58,0,0,5,3,-7.68,0.0999,1,0,220
1896,6,0,0,3,1,-5.66,0.0994,1,0,220
1897,67,1,1,7,4,-7.32,0.0989,0,0,221
1898,7,0,0,3,1,-4.22,0.0985,1,0,221
1899,8,0,0,2,1,-4.98,0.098,1,0,221
1900,379,4,4,10,10,-14.24,0.0975,1,0,221
1901,27,0,0,11,4,-4.72,0.097,1,0,221
1902,58,1,1,3,2,-6.23,0.0966,0,0,221
1903,35,1,1,10,4,-4.55,0.0961,1,0,221
1904,5,0,0,4,1,-4.45,0.0956,1,0,221
1905,25,0,0,7,3,-5.4,0.0951,1,0,221
1906,68,1,1,11,4,-2.73,0.0947,1,0,221
1907,114,4,4,11,5,-1.94,0.0942,0,0,221
1908,151,2,2,21,6,-5.61,0.0937,1,0,222
1909,251,5,5,15,9,-8.91,0.0932,0,0,222
1910,17,1,1,8,2,-2.92,0.0928,1,0,222
1911,35,0,0,8,3,-5.15,0.0923,1,0,222
1912,91,0,0,7,2,-7.46,0.0918,1,0,222
1913,30,0,0,4,2,-5.2,0.0913,1,0,222
1914,17,1,1,9,2,-2.82,0.0909,1,0,222
1915,58,1,1,6,3,-5.08,0.0904,1,0,222
1916,31,0,0,9,3,-4.41,0.0899,1,0,222
1917,10,0,0,1,1,-5.5,0.0894,1,0,222
1918,23,1,1,7,2,-3.43,0.089,1,0,222
1919,64,1,1,12,4,-3.89,0.0885,1,0,222
1920,112,1,1,16,4,-5.57,0.088,1,0,222
1921,200,2,2,14,7,-6.6,0.0875,1,0,222
1922,81,1,1,16,6,-3.16,0.0871,1,0,224
1923,163,2,2,10,6,-6.43,0.0866,1,0,224
1924,45,0,0,9,4,-6.5,0.0861,1,0,225
1925,112,1,1,12,3,-4.17,0.0856,1,0,225
1926,6,0,0,1,1,-4.81,0.0852,1,0,225
1927,13,0,0,7,2,-4.23,0.0847,1,0,225
1928,115,2,2,6,4,-5.7,0.0842,1,0,226
1929,156,1,1,10,4,-10.16,0.0837,0,0,227
1930,400,1,1,6,8,-14.95,0.0833,0,1,227
1931,400,5,5,10,6,-5.6,0.0828,0,1,227
1932,55,1,1,5,3,-4.85,0.0823,0,0,228
1933,36,0,0,8,3,-5.21,0.0818,1,0,228
1934,243,1,1,7,3,-10.38,0.0814,0,0,228
1935,52,0,0,12,5,-5.17,0.0809,1,0,228
1936,35,1,1,9,4,-4.2,0.0804,1,0,228
1937,161,2,2,12,6,-4.01,0.0799,1,0,228
1938,27,1,1,6,3,-5.02,0.0795,1,0,228
1939,400,1,1,9,6,-6.35,0.079,0,1,229
1940,109,0,0,7,2,-7.44,0.0785,0,0,230
1941,198,6,1,10,7,-2.73,0.078,1,0,230
1942,84,1,1,2,3,-6.84,0.0776,0,0,230
1943,105,2,2,8,2,-3.65,0.0771,0,0,231
1944,17,1,1,8,2,-2.67,0.0766,1,0,231
1945,14,0,0,8,2,-3.84,0.0761,1,0,231
1946,36,0,0,5,3,-6.11,0.0757,1,0,231
1947,147,1,1,8,4,-5.87,0.0752,0,0,231
1948,21,0,0,10,3,-3.36,0.0747,1,0,231
1949,260,0,0,11,4,-12.1,0.0742,0,0,232
1950,70,2,2,9,3,-5.6,0.0738,1,0,233
1951,62,2,2,19,6,-1.77,0.0733,1,0,233
1952,20,1,1,7,2,-4.55,0.0728,1,0,233
1953,32,0,0,14,4,-3.42,0.0723,1,0,233
1954,130,3,3,18,7,-2.05,0.0719,0,0,234
1955,83,0,0,6,3,-5.73,0.0714,0,0,234
1956,5,0,0,4,1,-4.9,0.0709,1,0,234
1957,137,1,1,6,3,-6.52,0.0704,1,0,234
1958,22,0,0,12,3,-2.72,0.07,1,0,234
1959,172,0,0,6,4,-9.62,0.0695,0,0,236
1960,91,2,2,3,3,-6.51,0.069,1,0,236
1961,26,1,1,11,3,-2.96,0.0685,1,0,236
1962,21,1,1,7,2,-3.86,0.0681,1,0,236
1963,400,2,2,4,2,-8.6,0.0676,0,1,236
1964,102,2,2,11,4,-3.42,0.0671,1,0,236
1965,126,1,1,6,3,-2.86,0.0666,1,0,236
1966,53,0,0,5,2,-6.63,0.0662,1,0,236
1967,8,0,0,3,1,-4.58,0.0657,1,0,236
1968,49,0,0,0,1,-6.69,0.0652,1,0,236
1969,310,0,0,14,9,-11.3,0.0647,1,0,236
1970,172,1,1,14,6,-8.77,0.0643,1,0,236
1971,267,4,4,17,5,-4.97,0.0638,0,0,236
1972,312,1,1,9,9,-14.72,0.0633,1,0,237
1973,232,3,3,10,5,-6.02,0.0628,1,0,237
1974,360,3,3,17,9,-7.8,0.0624,1,0,239
1975,53,0,0,7,3,-7.13,0.0619,1,0,239
1976,232,1,1,6,4,-7.32,0.0614,1,0,239
1977,106,1,1,4,2,-7.06,0.0609,1,0,239
1978,111,2,2,12,5,-6.71,0.0605,0,0,239
1979,121,0,0,11,5,-7.16,0.06,1,0,239
1980,243,1,1,9,4,-8.63,0.0595,1,0,239
1981,8,0,0,2,1,-4.98,0.059,1,0,239
1982,48,0,0,8,3,-5.38,0.0586,1,0,239
1983,68,1,1,18,5,-0.58,0.0581,1,0,239
1984,37,1,1,18,4,-1.52,0.0576,1,0,239
1985,215,1,1,4,3,-7.55,0.0571,1,0,239
1986,103,1,1,11,4,-5.23,0.0567,1,0,239
1987,24,0,0,8,2,-3.59,0.0562,1,0,239
1988,25,0,0,9,3,-4.3,0.0557,1,0,239
1989,61,2,2,7,2,-3.06,0.0552,1,0,239
1990,84,0,0,9,3,-7.94,0.0548,0,0,239
1991,41,1,1,15,4,-0.96,0.0543,1,0,239
1992,22,0,0,7,3,-5.32,0.0538,1,0,239
1993,210,2,2,7,4,-6.2,0.0533,1,0,240
1994,60,0,0,12,3,-4.2,0.0529,1,0,240
1995,127,2,2,17,5,-3.02,0.0524,1,0,240
1996,314,0,0,7,3,-11.39,0.0519,0,0,240
1997,84,3,3,9,3,-1.64,0.0514,1,0,240
1998,22,0,0,10,3,-5.82,0.051,1,0,240
1999,7,0,0,1,1,-5.77,0.0505,1,0,240
2000,156,2,2,8,4,-6.91,0.05,1,0,241
2001,23,0,0,11,3,-2.93,0.05,1,0,241
2002,19,1,1,8,2,-1.94,0.05,1,0,241
2003,147,4,4,9,5,-3.02,0.05,1,0,241
2004,30,1,1,10,3,-2.95,0.05,1,0,241
2005,299,1,1,21,9,-9.94,0.05,0,0,243
2006,85,1,1,20,4,-1.7,0.05,1,0,243
2007,139,1,1,10,5,-5.74,0.05,1,0,243
2008,75,0,0,5,2,-5.85,0.05,1,0,243
2009,17,1,1,6,2,-3.37,0.05,1,0,243
2010,20,1,1,6,2,-3.9,0.05,1,0,243
2011,134,3,3,10,7,-3.29,0.05,1,0,243
2012,21,0,0,7,3,-5.26,0.05,1,0,243
2013,27,0,0,8,3,-4.57,0.05,1,0,243
2014,57,0,0,13,4,-4.72,0.05,0,0,243
2015,19,1,1,7,2,-3.04,0.05,1,0,243
2016,22,0,0,7,2,-3.82,0.05,1,0,243
2017,93,0,0,10,4,-5.43,0.05,1,0,243
2018,182,3,3,8,4,-5.92,0.05,1,0,243
2019,35,1,1,13,4,-2.1,0.05,1,0,243
2020,218,4,4,22,9,-4.18,0.05,1,0,243
2021,111,2,2,2,3,-5.76,0.05,1,0,243
2022,142,1,1,8,7,-6.32,0.05,1,0,243
2023,173,4,4,16,8,-1.78,0.05,0,0,243
2024,60,1,1,11,4,-2.45,0.05,1,0,243
2025,33,0,0,9,4,-4.43,0.05,1,0,243
2026,8,0,0,3,1,-4.73,0.05,1,0,243
2027,352,2,2,9,7,-11.92,0.05,1,0,243
2028,25,2,2,9,3,-2.6,0.05,1,0,243
2029,128,1,1,15,6,-5.53,0.05,1,0,243
2030,25,1,1,9,3,-3.7,0.05,1,0,243
2031,119,0,0,7,3,-7.39,0.05,1,0,244
2032,22,0,0,9,3,-6.07,0.05,1,0,244
2033,78,0,0,5,2,-6.08,0.05,0,0,244
2034,32,2,2,9,3,-1.42,0.05,1,0,244
2035,7,0,0,6,1,-3.42,0.05,1,0,244
2036,280,0,0,19,9,-8.6,0.05,1,0,247
2037,119,1,1,5,3,-7.09,0.05,1,0,248
2038,29,2,3,7,3,-1.69,0.05,1,0,248
2039,310,1,1,9,5,-9.55,0.05,1,0,249
2040,264,5,5,26,12,-0.94,0.05,1,0,249
2041,49,0,0,5,3,-6.24,0.05,1,0,249
2042,28,0,0,13,4,-4.28,0.05,1,0,249
2043,51,0,0,7,3,-5.71,0.05,1,0,249
2044,30,0,0,7,2,-3.85,0.05,1,0,249
2045,109,0,0,13,4,-5.54,0.05,0,0,250
2046,19,1,1,7,2,-3.04,0.05,1,0,250
2047,211,1,1,10,4,-7.16,0.05,0,0,250
2048,241,4,4,7,5,-6.71,0.05,1,0,250
2049,71,1,1,9,2,-4.61,0.05,1,0,250
2050,53,0,0,14,4,-2.43,0.05,1,0,250
2051,105,1,1,7,3,-5.95,0.05,1,0,250
2052,46,1,1,8,3,-4.06,0.05,1,0,250
2053,89,2,2,13,5,-1.69,0.05,1,0,250
2054,23,0,0,14,3,-2.08,0.05,1,0,250
2055,6,0,0,3,1,-4.21,0.05,1,0,250
2056,116,0,0,7,2,-4.91,0.05,1,0,250
2057,101,1,1,2,4,-8.21,0.05,1,0,251
2058,93,2,2,11,3,-3.23,0.05,0,0,251
2059,77,2,2,4,2,-5.02,0.05,1,0,251
2060,154,3,3,16,9,-4.54,0.05,1,0,251
2061,312,2,2,16,7,-5.47,0.05,1,0,251
2062,26,1,1,10,3,-3.41,0.05,1,0,251
2063,180,0,0,11,7,-7.2,0.05,0,0,251
2064,116,2,2,16,6,-2.81,0.05,1,0,251
2065,57,1,1,6,2,-3.77,0.05,1,0,251
2066,40,0,0,11,4,-4.85,0.05,1,0,251
2067,73,2,2,5,3,-3.48,0.05,0,0,252
2068,30,1,1,9,3,-2.75,0.05,1,0,252
2069,92,2,2,5,5,-5.42,0.05,1,0,252
2070,113,0,0,11,5,-5.88,0.05,0,0,253
2071,34,1,1,10,4,-3.54,0.05,1,0,253
2072,73,1,1,9,1,-3.68,0.05,0,0,253
2073,50,0,0,8,2,-4.55,0.05,1,0,253
2074,7,0,0,3,1,-4.17,0.05,1,0,253
2075,127,0,0,11,5,-6.42,0.05,1,0,253
2076,64,0,0,7,2,-6.29,0.05,0,0,253
2077,131,0,0,13,6,-5.71,0.05,1,0,253
2078,18,1,1,8,2,-2.28,0.05,1,0,253
2079,48,1,1,8,3,-3.63,0.05,1,0,253
2080,68,0,0,0,1,-6.33,0.05,1,0,253
2081,183,1,1,16,7,-3.78,0.05,1,0,253
2082,35,0,0,8,3,-4.65,0.05,1,0,253
2083,14,0,0,4,2,-5.59,0.05,1,0,253
2084,232,0,0,10,7,-11.42,0.05,1,0,253
2085,115,0,0,7,4,-7.6,0.05,1,0,253
2086,400,3,3,5,2,-5.7,0.05,0,1,253
2087,47,0,0,12,3,-4.52,0.05,1,0,253
2088,149,1,1,16,6,-5.04,0.05,1,0,253
2089,272,0,0,11,7,-8.22,0.05,1,0,253
2090,59,0,0,14,5,-4.34,0.05,1,0,253
2091,102,1,1,9,4,-5.72,0.05,1,0,253
2092,22,0,0,7,3,-4.37,0.05,1,0,253
2093,94,0,0,8,3,-5.84,0.05,1,0,253
2094,5,0,0,2,1,-5.0,0.05,1,0,253
2095,88,1,1,4,2,-6.48,0.05,0,0,253
2096,36,0,0,8,3,-4.71,0.05,1,0,253
2097,234,1,1,15,12,-10.14,0.05,1,0,255
2098,123,1,1,8,4,-4.78,0.05,0,0,256
2099,87,0,0,7,3,-6.47,0.05,1,0,256
2100,73,2,2,10,4,-4.28,0.05,0,0,257
2101,172,0,0,19,7,-5.67,0.05,1,0,257
2102,222,0,0,9,5,-8.52,0.05,1,0,257
2103,27,0,0,7,4,-5.52,0.05,1,0,257
2104,78,2,2,8,4,-4.58,0.05,0,0,257
2105,99,2,2,10,4,-4.39,0.05,1,0,257
2106,13,0,0,6,2,-3.93,0.05,1,0,257
2107,92,1,1,11,4,-3.92,0.05,1,0,257
2108,137,3,3,4,2,-4.57,0.05,1,0,257
2109,66,1,1,7,4,-5.71,0.05,0,0,257
2110,13,0,0,5,2,-4.68,0.05,1,0,257
2111,181,0,0,17,11,-6.41,0.05,1,0,258
2112,110,2,2,4,1,-3.55,0.05,1,0,258
2113,17,1,1,7,2,-3.57,0.05,1,0,258
2114,58,0,0,10,4,-3.98,0.05,1,0,258
2115,93,1,1,21,6,-4.43,0.05,1,0,259
2116,99,4,4,15,6,-1.74,0.05,1,0,259
2117,167,2,2,21,11,-4.27,0.05,1,0,259
2118,141,2,2,12,4,-4.81,0.05,1,0,259
2119,239,0,0,10,7,-9.59,0.05,1,0,259
2120,13,0,0,6,2,-3.38,0.05,1,0,259
2121,57,3,3,12,5,-2.22,0.05,1,0,259
2122,19,0,0,4,2,-4.14,0.05,1,0,259
2123,220,1,1,26,11,3.15,0.05,1,0,259
2124,96,3,3,9,4,-4.01,0.05,1,0,259
2125,32,1,1,13,3,-1.47,0.05,1,0,259
2126,97,1,1,6,2,-4.92,0.05,0,0,259
2127,13,0,0,8,2,-3.93,0.05,1,0,259
2128,134,3,3,36,11,3.66,0.05,1,0,259
2129,36,0,0,15,5,-3.21,0.05,1,0,259
2130,248,1,1,24,15,-6.78,0.05,1,0,259
2131,117,1,1,22,9,-4.32,0.05,1,0,259
2132,20,1,1,8,2,-2.25,0.05,1,0,259
2133,43,1,1,18,5,-2.23,0.05,1,0,259
2134,33,2,2,12,4,-2.83,0.05,1,0,259
2135,50,2,2,14,5,-1.5,0.05,1,0,259
2136,57,2,2,19,6,-1.07,0.05,1,0,259
2137,98,8,3,27,8,8.27,0.05,0,0,261
2138,47,1,1,17,6,-1.12,0.05,0,0,262
2139,81,2,2,17,7,-1.66,0.05,1,0,263
2140,44,0,0,18,6,-4.49,0.05,1,0,263
2141,18,1,1,7,2,-2.13,0.05,1,0,263
2142,25,1,1,10,3,-2.75,0.05,1,0,263
2143,121,1,1,24,8,-1.61,0.05,1,0,263
2144,141,2,2,29,13,-0.81,0.05,1,0,263
2145,83,2,2,18,6,-2.03,0.05,0,0,263
2146,73,1,1,24,8,-0.88,0.05,0,0,264
2147,122,8,3,28,10,4.78,0.05,1,0,264
2148,233,8,3,46,21,6.77,0.05,0,0,265
2149,136,4,4,33,12,3.99,0.05,1,0,265
2150,89,3,3,17,5,-2.24,0.05,1,0,265
2151,164,4,4,34,14,0.86,0.05,1,0,267
2152,47,1,1,19,6,-0.42,0.05,1,0,267
2153,79,2,2,18,7,-1.69,0.05,1,0,267
2154,110,3,3,23,8,0.3,0.05,0,0,267
2155,264,5,5,37,12,1.91,0.05,0,0,267
2156,23,1,1,7,3,-4.73,0.05,1,0,267
2157,37,2,2,11,4,-2.57,0.05,1,0,267
2158,72,1,1,25,7,-1.17,0.05,1,0,267
2159,54,1,1,20,7,-1.99,0.05,1,0,267
2160,70,2,2,23,8,0.45,0.05,1,0,267
2161,157,1,1,24,12,-3.42,0.05,1,0,269
2162,25,1,1,7,3,-4.25,0.05,1,0,269
2163,26,2,2,11,3,-0.46,0.05,1,0,269
2164,84,0,0,18,9,-3.99,0.05,0,0,270
2165,133,2,2,28,10,-0.98,0.05,1,0,270
2166,244,3,3,29,16,-4.39,0.05,1,0,270
2167,68,3,3,11,6,-2.93,0.05,1,0,270
2168,45,2,2,14,5,-1.9,0.05,1,0,270
2169,14,0,0,9,2,-3.54,0.05,1,0,270
2170,88,1,1,16,5,-2.33,0.05,1,0,270
2171,89,6,6,20,7,4.21,0.05,0,0,271
2172,179,4,4,36,12,4.91,0.05,1,0,271
2173,79,1,1,21,7,-0.99,0.05,1,0,271
2174,211,3,3,37,12,1.59,0.05,0,0,271
2175,19,1,1,6,2,-4.74,0.05,1,0,271
2176,115,2,2,13,6,-4.3,0.05,1,0,271
2177,34,0,0,16,5,-2.89,0.05,1,0,271
2178,251,2,2,30,15,-5.56,0.05,0,0,271
2179,119,5,5,30,10,5.21,0.05,1,0,271
2180,110,4,4,26,10,2.5,0.05,1,0,271
2181,67,1,1,9,4,-4.12,0.05,0,0,271
2182,186,4,4,33,16,-0.46,0.05,1,0,271
2183,37,1,1,11,4,-3.37,0.05,1,0,271
2184,248,4,4,30,12,-0.28,0.05,1,0,271
2185,259,5,5,37,16,2.36,0.05,1,0,271
2186,83,3,3,31,9,2.02,0.05,1,0,271
2187,43,2,2,12,3,-2.33,0.05,1,0,271
2188,7,0,0,3,1,-4.17,0.05,1,0,271
2189,101,0,0,8,4,-6.91,0.05,1,0,271
2190,147,2,2,8,4,-6.32,0.05,1,0,272
2191,39,0,0,7,3,-5.44,0.05,1,0,272
2192,50,0,0,6,2,-4.45,0.05,1,0,272
2193,81,1,1,13,6,-5.56,0.05,1,0,272
2194,169,6,6,36,16,5.11,0.05,1,0,272
2195,89,3,3,30,9,3.91,0.05,1,0,272
2196,255,0,0,26,11,-6.8,0.05,1,0,272
2197,94,2,2,31,9,2.96,0.05,1,0,272
2198,85,4,4,15,7,-0.6,0.05,0,0,272
2199,80,0,0,22,8,-4.15,0.05,1,0,272
2200,23,0,0,5,3,-6.48,0.05,1,0,272
2201,7,0,0,3,1,-4.27,0.05,1,0,272
2202,214,1,1,22,14,-9.09,0.05,0,0,272
2203,97,5,5,28,8,3.43,0.05,0,0,272
2204,190,0,0,34,18,-5.55,0.05,1,0,274
2205,57,0,0,26,7,-1.12,0.05,1,0,274
2206,48,1,1,13,5,-2.98,0.05,0,0,274
2207,175,4,4,36,14,1.25,0.05,0,0,274
2208,25,1,1,8,3,-2.85,0.05,1,0,274
2209,26,1,1,10,3,-2.31,0.05,1,0,274
2210,238,4,4,33,16,1.17,0.05,0,0,275
2211,65,2,2,30,8,2.6,0.05,1,0,275
2212,76,4,4,26,7,3.39,0.05,1,0,275
2213,50,1,1,3,1,-4.15,0.05,1,0,275
2214,55,1,1,22,7,-2.8,0.05,1,0,275
2215,89,1,1,17,7,-4.64,0.05,0,0,275
2216,43,2,2,18,5,-0.68,0.05,1,0,275
2217,72,2,2,25,8,2.53,0.05,1,0,275
2218,37,0,0,18,5,-1.82,0.05,1,0,275
2219,17,1,1,8,2,-3.22,0.05,1,0,275
2220,89,0,0,14,6,-5.04,0.05,1,0,277
2221,81,0,0,16,8,-4.01,0.05,1,0,277
2222,47,1,1,19,5,-0.52,0.05,1,0,277
2223,61,2,2,24,7,-0.76,0.05,1,0,277
2224,49,3,3,12,5,-2.04,0.05,1,0,277
2225,64,2,2,26,8,1.06,0.05,1,0,277
2226,17,1,1,6,2,-2.92,0.05,1,0,277
2227,34,0,0,10,5,-4.74,0.05,1,0,277
2228,41,1,1,12,5,-4.56,0.05,1,0,277
2229,70,1,1,9,3,-5.55,0.05,1,0,279
2230,69,0,0,14,7,-4.79,0.05,1,0,279
2231,123,2,2,27,13,-2.08,0.05,1,0,279
2232,244,5,5,38,20,-6.54,0.05,1,0,279
2233,52,4,4,12,4,-0.32,0.05,1,0,279
2234,111,4,4,23,10,-0.11,0.05,1,0,280
2235,252,3,3,34,19,-4.72,0.05,1,0,280
2236,150,8,3,39,15,6.85,0.05,1,0,280
2237,154,5,5,31,14,1.31,0.05,1,0,280
2238,143,4,4,29,9,2.37,0.05,1,0,280
2239,73,1,1,15,8,-4.23,0.05,0,0,282
2240,176,5,5,42,14,8.94,0.05,1,0,282
2241,108,2,2,18,7,-1.93,0.05,1,0,282
2242,46,1,1,17,6,-2.16,0.05,1,0,282
2243,34,0,0,15,5,-4.69,0.05,1,0,282
2244,112,1,1,11,5,-0.27,0.05,1,0,283
2245,131,3,3,29,10,0.24,0.05,1,0,283
2246,31,0,0,4,2,-5.36,0.05,1,0,283
2247,17,1,1,7,2,-3.12,0.05,1,0,283
2248,77,3,3,26,8,2.13,0.05,0,0,284
2249,140,9,4,31,15,6.75,0.05,1,0,284
2250,60,1,1,18,6,-2.9,0.05,1,0,284
2251,18,1,1,9,2,-2.48,0.05,1,0,284
2252,13,0,0,6,2,-4.93,0.05,1,0,284
2253,84,1,1,17,8,-1.34,0.05,0,0,284
2254,66,1,1,24,8,-1.81,0.05,1,0,284
2255,50,1,1,18,7,-1.4,0.05,0,0,284
2256,104,4,4,6,2,-1.59,0.05,0,0,284
2257,33,1,1,13,4,-2.13,0.05,1,0,284
2258,164,1,1,15,6,-4.29,0.05,0,0,285
2259,74,2,2,24,9,0.11,0.05,0,0,285
2260,7,0,0,3,1,-4.27,0.05,1,0,285
2261,45,0,0,17,6,-1.7,0.05,1,0,285
2262,224,1,1,27,13,-4.54,0.05,0,0,285
2263,13,0,0,7,2,-4.63,0.05,1,0,285
2264,62,2,2,12,6,-3.82,0.05,1,0,285
2265,44,1,1,13,5,-3.79,0.05,1,0,285
2266,25,1,1,10,3,-2.75,0.05,1,0,285
2267,80,1,1,11,4,-2.9,0.05,1,0,285
2268,160,3,3,34,14,1.65,0.05,1,0,285
2269,82,3,3,19,8,-0.27,0.05,1,0,285
2270,20,0,0,7,3,-4.25,0.05,1,0,285
2271,88,4,4,26,8,3.27,0.05,0,0,285
2272,169,0,0,21,10,-5.79,0.05,0,0,285
2273,203,5,5,37,17,0.62,0.05,0,0,286
2274,101,3,3,38,10,5.64,0.05,0,0,286
2275,17,1,1,8,2,-2.27,0.05,1,0,286
2276,217,0,0,41,16,-2.22,0.05,1,0,286
2277,115,4,4,30,11,3.65,0.05,1,0,286
2278,157,3,3,45,16,4.63,0.05,1,0,286
2279,14,0,0,6,2,-4.54,0.05,1,0,286
2280,94,3,3,31,9,3.81,0.05,0,0,286
2281,206,3,3,25,12,-0.36,0.05,1,0,286
2282,18,1,1,8,2,-1.88,0.05,1,0,286
2283,17,1,1,8,2,-2.72,0.05,1,0,286
2284,15,0,0,7,2,-4.1,0.05,1,0,286
2285,72,1,1,10,4,-2.92,0.05,1,0,286
2286,132,2,2,25,12,-3.67,0.05,1,0,286
2287,98,3,3,30,10,1.52,0.05,1,0,286
2288,129,1,1,18,8,-3.29,0.05,1,0,286
2289,87,0,0,30,9,-3.92,0.05,0,0,287
2290,246,8,3,43,14,7.44,0.05,1,0,287
2291,17,1,1,4,2,-4.02,0.05,1,0,287
2292,193,1,1,39,16,-2.68,0.05,1,0,287
2293,60,1,1,17,7,-3.4,0.05,1,0,287
2294,316,1,1,39,20,-9.36,0.05,1,0,288
2295,71,2,2,26,8,-1.66,0.05,1,0,288
2296,123,3,3,27,10,0.92,0.05,1,0,288
2297,154,5,5,32,11,2.61,0.05,1,0,288
2298,75,0,0,8,3,-4.1,0.05,1,0,288
2299,308,3,3,38,20,-9.83,0.05,0,0,288
2300,189,5,5,19,11,-1.59,0.05,1,0,288
2301,125,4,4,22,6,0.35,0.05,0,0,288
2302,75,3,3,25,7,1.05,0.05,1,0,289
2303,6,0,0,2,1,-4.51,0.05,1,0,289
2304,20,0,0,7,3,-4.4,0.05,1,0,289
2305,125,1,1,20,9,-4.8,0.05,1,0,289
2306,17,1,1,8,2,-2.72,0.05,1,0,289
2307,158,1,1,26,13,-3.88,0.05,1,0,289
2308,196,2,2,34,15,-0.96,0.05,1,0,289
2309,98,3,3,26,10,1.07,0.05,1,0,289
2310,197,3,3,24,14,-3.32,0.05,0,0,292
2311,119,2,2,27,9,0.41,0.05,0,0,292
2312,212,3,3,38,14,0.08,0.05,0,0,292
2313,162,2,2,33,16,-4.17,0.05,0,0,292
2314,104,4,4,16,7,-1.34,0.05,0,0,293
2315,400,5,5,39,18,6.45,0.05,0,1,293
2316,63,1,1,24,8,-2.33,0.05,1,0,293
2317,26,1,1,7,3,-2.71,0.05,1,0,293
2318,17,1,1,8,2,-2.42,0.05,1,0,293
2319,143,3,3,33,11,3.52,0.05,1,0,294
2320,160,3,3,25,8,-1.65,0.05,1,0,294
2321,64,1,1,21,7,-2.74,0.05,1,0,294
2322,13,0,0,6,2,-3.93,0.05,1,0,294
2323,108,1,1,28,11,-0.88,0.05,1,0,294
2324,77,1,1,16,7,-3.02,0.05,1,0,294
2325,76,1,1,14,7,-3.46,0.05,1,0,294
2326,142,3,3,17,7,-0.72,0.05,1,0,294
2327,17,1,1,7,2,-2.62,0.05,1,0,294
2328,151,3,3,30,13,0.99,0.05,1,0,294
2329,27,0,0,10,4,-4.57,0.05,1,0,294
2330,59,3,3,17,6,-0.64,0.05,1,0,294
2331,8,0,0,3,1,-4.68,0.05,1,0,294
2332,54,0,0,16,6,-4.44,0.05,1,0,294
2333,71,1,1,25,8,-0.56,0.05,1,0,294
2334,192,2,2,49,18,3.98,0.05,0,0,294
2335,23,1,1,9,3,-3.13,0.05,1,0,294
2336,6,0,0,3,1,-4.11,0.05,1,0,294
2337,42,2,2,15,5,-1.67,0.05,1,0,294
2338,20,0,0,8,3,-4.95,0.05,1,0,294
2339,15,0,0,2,1,-5.5,0.05,1,0,294
2340,76,0,0,17,6,-4.16,0.05,1,0,294
2341,106,1,1,33,10,-0.06,0.05,1,0,294
2342,126,3,3,28,9,1.94,0.05,1,0,294
2343,13,0,0,6,2,-3.83,0.05,1,0,294
2344,36,1,1,15,4,-1.41,0.05,1,0,294
2345,249,1,1,33,22,-16.04,0.05,1,0,295
2346,71,2,2,12,5,-2.96,0.05,1,0,295
2347,109,1,1,22,9,-4.49,0.05,0,0,295
2348,168,1,1,17,8,-7.38,0.05,1,0,295
2349,252,2,2,15,9,-5.82,0.05,0,0,295
2350,118,2,2,29,10,-1.18,0.05,1,0,295
2351,83,3,3,20,6,1.02,0.05,0,0,295
2352,24,1,1,9,3,-3.14,0.05,1,0,295
2353,60,3,3,13,5,-2.3,0.05,1,0,295
2354,32,0,0,10,4,-5.12,0.05,1,0,295
2355,157,7,7,41,13,7.63,0.05,0,0,295
2356,173,2,2,35,13,-2.43,0.05,1,0,295
2357,101,0,0,14,4,-5.66,0.05,1,0,295
2358,74,3,3,21,6,2.41,0.05,1,0,295
2359,42,1,1,16,4,-0.27,0.05,1,0,295
2360,127,1,1,19,7,-4.12,0.05,1,0,295
2361,222,2,2,31,14,-2.57,0.05,0,0,295
2362,70,1,1,23,8,-0.15,0.05,1,0,295
2363,101,1,1,9,4,-6.06,0.05,0,0,295
2364,38,1,1,12,4,-2.38,0.05,1,0,295
2365,147,2,2,24,13,-0.32,0.05,0,0,295
2366,94,1,1,25,8,-3.39,0.05,1,0,297
2367,66,7,2,25,8,4.64,0.05,0,0,297
2368,139,3,3,25,10,-1.74,0.05,1,0,297
2369,22,0,0,14,3,-2.57,0.05,1,0,297
2370,17,2,2,9,2,-1.32,0.05,1,0,297
2371,70,2,2,21,7,-1.05,0.05,0,0,297
2372,231,2,2,35,21,-6.61,0.05,0,0,297
2373,161,7,2,25,11,1.14,0.05,1,0,297
2374,41,0,0,21,6,-1.91,0.05,1,0,297
2375,125,6,6,17,9,1.35,0.05,1,0,297
2376,137,2,2,40,14,2.48,0.05,1,0,297
2377,74,2,2,16,6,-1.39,0.05,1,0,297
2378,208,5,5,42,16,3.47,0.05,0,0,298
2379,69,2,2,20,7,-1.09,0.05,1,0,298
2380,126,3,3,34,13,3.49,0.05,1,0,298
2381,49,1,1,20,6,-0.39,0.05,1,0,298
2382,66,2,2,20,7,-0.56,0.05,1,0,298
2383,171,3,3,35,14,-0.26,0.05,1,0,298
2384,120,5,5,39,12,7.2,0.05,1,0,298
2385,97,2,2,29,9,0.43,0.05,1,0,298
2386,59,0,0,13,3,-2.84,0.05,1,0,298
2387,58,0,0,21,7,-2.83,0.05,0,0,298
2388,56,0,0,14,6,-3.26,0.05,0,0,298
2389,19,1,1,8,2,-2.19,0.05,1,0,298
2390,394,3,3,27,22,-20.04,0.05,1,0,298
2391,97,3,3,39,11,5.98,0.05,1,0,298
2392,83,0,0,20,8,-7.38,0.05,0,0,298
2393,17,1,1,6,2,-3.02,0.05,1,0,298
2394,147,5,5,28,13,0.43,0.05,1,0,299
2395,87,2,2,15,6,-2.57,0.05,1,0,299
2396,74,0,0,13,8,-4.84,0.05,1,0,299
2397,35,0,0,16,5,-5.2,0.05,1,0,299
2398,28,0,0,13,4,-4.08,0.05,1,0,299
2399,222,4,4,40,23,0.18,0.05,1,0,299
2400,37,2,2,7,4,-2.82,0.05,1,0,299
2401,32,1,1,11,4,-2.67,0.05,1,0,299
2402,185,3,3,9,6,-6.85,0.05,0,0,299
2403,14,0,0,6,2,-3.89,0.05,1,0,299
2404,6,0,0,3,1,-4.21,0.05,1,0,299
2405,88,1,1,21,8,-2.38,0.05,0,0,300
2406,73,2,2,18,6,-2.08,0.05,1,0,300
2407,22,0,0,8,3,-4.62,0.05,1,0,300
2408,62,1,1,27,7,2.23,0.05,1,0,300
2409,108,1,1,19,7,-6.03,0.05,0,0,300
2410,83,1,1,23,8,-2.28,0.05,1,0,301
2411,17,1,1,5,2,-4.27,0.05,1,0,301
2412,14,0,0,8,2,-3.29,0.05,1,0,301
2413,135,3,3,21,11,-2.05,0.05,0,0,301
2414,137,5,5,40,14,5.03,0.05,1,0,301
2415,36,2,2,16,4,-0.21,0.05,1,0,301
2416,121,2,2,31,11,0.39,0.05,1,0,301
2417,115,1,1,38,11,2.6,0.05,1,0,301
2418,105,0,0,25,10,-2.55,0.05,1,0,301
2419,25,1,1,11,3,-2.1,0.05,1,0,301
2420,147,1,1,23,13,-3.92,0.05,0,0,301
2421,104,2,2,25,8,0.06,0.05,1,0,301
2422,98,2,2,25,8,-1.13,0.05,1,0,301
2423,381,1,1,29,15,-8.26,0.05,0,0,301
2424,66,3,3,23,7,0.24,0.05,1,0,301
2425,97,2,2,18,10,-5.62,0.05,1,0,301
2426,46,1,1,15,5,-3.71,0.05,1,0,301
2427,168,1,1,22,11,-2.83,0.05,1,0,301
2428,103,5,5,22,6,1.42,0.05,0,0,302
2429,280,6,6,41,17,0.8,0.05,0,0,304
2430,50,2,2,21,5,1.55,0.05,1,0,304
2431,25,0,0,12,3,-2.95,0.05,1,0,304
2432,13,0,0,4,2,-5.98,0.05,1,0,304
2433,42,1,1,13,4,-1.67,0.05,1,0,304
2434,25,1,1,10,3,-2.9,0.05,1,0,304
2435,53,0,0,17,5,-4.33,0.05,1,0,304
2436,64,1,1,18,6,-1.04,0.05,1,0,304
2437,119,3,3,25,10,-2.19,0.05,0,0,304
2438,108,3,3,28,9,2.17,0.05,1,0,304
2439,47,1,1,20,6,-0.22,0.05,1,0,304
2440,230,6,1,20,9,-0.4,0.05,1,0,304
2441,152,5,5,29,12,2.13,0.05,0,0,304
2442,90,3,3,27,9,6.4,0.05,1,0,304
2443,129,2,2,29,12,-2.94,0.05,1,0,304
2444,219,1,1,28,15,-6.69,0.05,1,0,304
2445,13,0,0,5,2,-5.23,0.05,1,0,304
2446,18,0,0,6,2,-4.48,0.05,1,0,304
2447,160,2,2,32,11,0.1,0.05,1,0,304
2448,160,2,2,23,10,-3.55,0.05,1,0,304
2449,204,4,4,41,16,5.01,0.05,1,0,304
2450,85,3,3,24,8,0.55,0.05,0,0,306
2451,38,1,1,13,4,-2.73,0.05,1,0,306
2452,54,0,0,23,6,0.51,0.05,1,0,307
2453,92,1,1,17,8,-4.57,0.05,0,0,307
2454,236,3,3,48,21,0.99,0.05,1,0,308
2455,59,1,1,25,7,0.56,0.05,1,0,308
2456,140,0,0,10,6,-6.5,0.05,1,0,308
2457,45,0,0,18,6,-2.95,0.05,1,0,308
2458,28,0,0,14,4,-2.88,0.05,1,0,308
2459,56,3,3,17,6,0.24,0.05,1,0,308
2460,143,3,3,30,14,-0.08,0.05,1,0,308
2461,122,2,2,24,7,1.33,0.05,1,0,308
2462,27,0,0,10,4,-4.52,0.05,1,0,308
2463,18,1,1,7,2,-2.63,0.05,1,0,308
2464,355,6,6,36,32,-22.3,0.05,1,0,308
2465,21,0,0,8,3,-4.11,0.05,1,0,308
2466,13,0,0,5,2,-4.78,0.05,1,0,308
2467,134,1,1,30,11,-1.74,0.05,1,0,308
2468,66,2,2,18,6,-2.61,0.05,1,0,308
2469,6,0,0,2,1,-4.51,0.05,1,0,308
2470,138,3,3,23,9,0.77,0.05,1,0,308
2471,23,1,1,11,3,-2.28,0.05,1,0,308
2472,79,1,1,17,6,-5.44,0.05,1,0,308
2473,185,3,3,37,16,2.95,0.05,1,0,308
2474,37,1,1,17,4,-0.72,0.05,1,0,308
2475,25,1,1,8,3,-3.0,0.05,1,0,308
2476,56,1,1,11,5,-3.66,0.05,1,0,308
2477,40,0,0,16,5,-3.9,0.05,1,0,308
2478,44,1,1,11,4,-2.89,0.05,1,0,308
2479,49,3,3,21,5,2.86,0.05,1,0,308
2480,74,0,0,0,1,-6.29,0.05,1,0,308
2481,205,2,2,18,10,-4.3,0.05,1,0,308
2482,48,0,0,20,6,-2.83,0.05,1,0,308
2483,26,1,1,10,3,-2.76,0.05,1,0,308
2484,17,1,1,5,2,-3.57,0.05,1,0,308
2485,19,1,1,7,2,-2.19,0.05,1,0,308
2486,89,1,1,19,10,-3.29,0.05,1,0,308
2487,109,1,1,15,6,-3.89,0.05,1,0,308
2488,74,1,1,18,7,-2.59,0.05,1,0,308
2489,57,1,1,16,6,-4.07,0.05,0,0,308
2490,260,2,2,37,17,-7.25,0.05,1,0,308
2491,108,2,2,24,9,-2.23,0.05,1,0,308
2492,133,2,2,30,11,0.52,0.05,1,0,309
2493,14,0,0,4,2,-5.04,0.05,1,0,309
2494,113,1,1,20,9,-2.63,0.05,1,0,309
2495,172,3,3,30,15,0.98,0.05,1,0,309
2496,48,1,1,20,6,-1.23,0.05,1,0,309
2497,138,3,3,30,10,2.77,0.05,1,0,309
2498,82,1,1,21,7,-1.82,0.05,1,0,309
2499,120,1,1,21,8,-4.6,0.05,0,0,310
2500,79,3,3,20,8,-1.24,0.05,0,0,310
2501,67,3,3,14,5,-0.47,0.05,0,0,310
2502,5,0,0,3,1,-5.2,0.05,1,0,310
2503,69,1,1,17,7,-1.44,0.05,0,0,311
2504,271,5,5,48,20,-0.16,0.05,1,0,311
2505,162,0,0,23,10,-5.57,0.05,1,0,311
2506,26,1,1,10,3,-3.31,0.05,1,0,311
2507,18,2,2,7,2,-1.03,0.05,1,0,311
2508,75,3,3,14,6,-0.85,0.05,1,0,311
2509,62,2,2,25,8,-1.47,0.05,1,0,311
2510,223,4,4,38,17,-0.08,0.05,1,0,311
2511,26,1,1,10,3,-2.91,0.05,1,0,311
2512,20,0,0,10,3,-3.9,0.05,1,0,311
2513,20,0,0,10,3,-4.45,0.05,1,0,311
2514,147,2,2,28,11,-3.77,0.05,1,0,311
2515,17,1,1,7,2,-2.62,0.05,1,0,311
2516,294,4,4,34,16,-0.34,0.05,0,0,311
2517,61,3,3,14,6,-0.01,0.05,0,0,311
2518,75,0,0,18,9,-6.6,0.05,1,0,311
2519,214,6,6,42,17,3.36,0.05,1,0,311
2520,21,0,0,10,3,-4.41,0.05,1,0,311
2521,164,4,4,25,10,1.41,0.05,1,0,311
2522,103,4,4,32,11,4.07,0.05,1,0,311
2523,74,0,0,17,7,-2.59,0.05,1,0,311
2524,50,1,1,23,6,0.15,0.05,1,0,311
2525,65,2,2,21,5,0.65,0.05,1,0,311
2526,38,1,1,10,5,-4.08,0.05,1,0,311
2527,112,2,2,30,10,0.83,0.05,1,0,311
2528,83,2,2,28,8,2.87,0.05,1,0,311
2529,44,0,0,6,3,-5.89,0.05,1,0,311
2530,35,2,2,9,3,-0.5,0.05,1,0,311
2531,321,5,5,40,17,-1.06,0.05,0,0,311
2532,72,2,2,19,8,-0.77,0.05,1,0,311
2533,54,2,2,22,6,-0.64,0.05,1,0,311
2534,5,0,0,3,1,-4.25,0.05,1,0,311
2535,103,0,0,30,10,-2.23,0.05,1,0,311
2536,116,2,2,27,9,-0.96,0.05,0,0,311
2537,57,3,3,22,6,3.03,0.05,1,0,311
2538,56,2,2,18,6,0.54,0.05,1,0,311
2539,41,1,1,13,5,-3.11,0.05,1,0,311
2540,259,2,2,40,26,-7.59,0.05,1,0,311
2541,26,1,1,8,3,-4.36,0.05,1,0,311
2542,115,3,3,16,6,-1.95,0.05,1,0,311
2543,17,1,1,8,2,-2.22,0.05,1,0,311
2544,291,5,5,24,16,-4.46,0.05,1,0,312
2545,17,1,1,7,2,-3.62,0.05,1,0,312
2546,28,2,2,12,3,-0.13,0.05,1,0,312
2547,24,1,1,11,3,-2.49,0.05,1,0,312
2548,87,3,3,23,7,1.38,0.05,0,0,312
2549,53,1,1,16,6,-2.98,0.05,1,0,312
2550,36,2,2,9,3,-2.71,0.05,1,0,312
2551,59,0,0,15,6,-4.69,0.05,1,0,312
2552,65,0,0,17,8,-2.05,0.05,1,0,312
2553,28,1,1,9,3,-4.23,0.05,1,0,312
2554,159,1,1,35,14,1.66,0.05,1,0,312
2555,99,4,4,29,9,4.66,0.05,1,0,312
2556,377,0,0,47,23,-11.72,0.05,1,0,312
2557,13,0,0,7,2,-3.53,0.05,1,0,312
2558,41,1,1,16,5,-3.26,0.05,1,0,312
2559,51,4,4,18,6,-0.01,0.05,0,0,312
2560,228,6,6,28,13,1.97,0.05,1,0,312
2561,121,4,4,28,12,3.24,0.05,0,0,312
2562,254,1,1,24,20,-13.69,0.05,1,0,312
2563,75,1,1,17,7,-2.95,0.05,1,0,312
2564,75,2,2,16,5,-3.2,0.05,0,0,312
2565,48,1,1,3,2,-4.63,0.05,0,0,312
2566,238,0,0,15,8,-7.03,0.05,1,0,312
2567,225,4,4,29,13,0.65,0.05,1,0,312
2568,142,2,2,31,13,-3.42,0.05,1,0,312
2569,348,3,3,32,13,-3.43,0.05,1,0,312
2570,137,2,2,16,8,-3.02,0.05,0,0,312
2571,141,3,3,36,14,2.84,0.05,1,0,312
2572,192,4,4,44,18,3.88,0.05,1,0,312
2573,35,0,0,17,5,-2.7,0.05,1,0,312
2574,22,0,0,9,3,-3.27,0.05,1,0,312
2575,112,3,3,28,11,1.48,0.05,1,0,312
2576,106,2,2,26,11,1.09,0.05,1,0,312
2577,39,1,1,16,5,-2.29,0.05,1,0,312
2578,17,1,1,6,2,-2.92,0.05,1,0,312
2579,77,1,1,25,8,-1.72,0.05,1,0,312
2580,54,2,2,19,6,-0.99,0.05,1,0,312
2581,138,4,4,23,9,-0.68,0.05,1,0,312
2582,34,2,2,9,4,-2.29,0.05,1,0,312
2583,25,0,0,9,3,-3.3,0.05,1,0,312
2584,145,4,4,28,11,2.4,0.05,1,0,312
2585,63,1,1,13,3,2.02,0.05,1,0,312
2586,55,1,1,17,6,-1.8,0.05,1,0,312
2587,45,1,1,14,5,-2.35,0.05,1,0,312
2588,56,1,1,9,4,-3.51,0.05,1,0,312
2589,85,3,3,14,6,-1.5,0.05,1,0,312
2590,323,4,4,39,21,-7.63,0.05,1,0,312
2591,15,0,0,7,2,-3.55,0.05,1,0,312
2592,72,0,0,30,9,-0.17,0.05,1,0,312
2593,71,3,3,20,6,0.94,0.05,0,0,312
2594,90,2,2,31,9,6.35,0.05,1,0,312
2595,46,2,2,19,6,0.44,0.05,1,0,312
2596,121,1,1,33,11,-1.66,0.05,1,0,312
2597,50,1,1,22,6,0.7,0.05,1,0,312
2598,165,2,2,32,13,0.45,0.05,1,0,312
2599,124,2,2,22,8,-1.64,0.05,1,0,312
2600,54,2,2,23,6,2.76,0.05,1,0,312
2601,35,1,1,16,4,-0.3,0.05,1,0,312
2602,34,1,1,10,4,-3.39,0.05,1,0,312
2603,115,1,1,11,6,-5.6,0.05,0,0,312
2604,104,6,1,28,8,3.76,0.05,1,0,312
2605,29,0,0,12,4,-3.29,0.05,1,0,312
2606,111,1,1,27,10,1.14,0.05,0,0,312
2607,14,0,0,4,2,-5.14,0.05,1,0,312
2608,95,5,5,14,8,1.0,0.05,1,0,312
2609,36,1,1,12,4,-2.51,0.05,1,0,312
2610,60,0,0,27,8,-1.4,0.05,0,0,312
2611,130,1,1,29,12,-0.75,0.05,1,0,312
2612,20,0,0,6,3,-5.5,0.05,1,0,312
2613,216,3,3,39,19,-2.21,0.05,1,0,312
2614,43,2,2,16,5,-0.28,0.05,1,0,312
2615,56,0,0,20,6,-1.41,0.05,1,0,312
2616,61,2,2,20,6,-0.36,0.05,1,0,312
2617,25,1,1,10,3,-2.85,0.05,1,0,312
2618,18,1,1,7,2,-2.63,0.05,1,0,312
2619,34,1,1,11,4,-3.14,0.05,1,0,312
2620,25,1,1,8,3,-3.9,0.05,1,0,312
2621,257,5,5,41,21,-4.62,0.05,1,0,312
2622,52,1,1,17,5,-4.17,0.05,1,0,312
2623,157,8,3,34,11,4.58,0.05,1,0,312
2624,161,2,2,11,6,-4.51,0.05,0,0,312
2625,160,4,4,37,13,3.95,0.05,1,0,312
2626,13,0,0,6,2,-3.83,0.05,1,0,312
2627,74,1,1,23,8,-2.24,0.05,1,0,312
2628,26,1,1,11,3,-2.06,0.05,1,0,312
2629,261,10,5,44,25,3.69,0.05,1,0,312
2630,17,1,1,9,2,-2.02,0.05,1,0,312
2631,56,0,0,19,7,-6.81,0.05,1,0,312
2632,40,1,1,13,5,-4.2,0.05,1,0,312
2633,63,0,0,17,6,-1.43,0.05,1,0,312
2634,86,0,0,24,8,-2.71,0.05,0,0,312
2635,269,2,2,33,16,-2.99,0.05,1,0,312
2636,220,4,4,28,20,-9.25,0.05,1,0,312
2637,260,3,3,33,12,0.25,0.05,1,0,312
2638,258,2,2,30,25,-14.08,0.05,1,0,312
2639,127,5,5,36,12,3.68,0.05,1,0,312
2640,301,3,3,28,24,-18.71,0.05,1,0,312
2641,99,3,3,22,8,1.16,0.05,1,0,312
2642,193,5,5,27,15,0.42,0.05,1,0,313
2643,20,0,0,7,3,-5.3,0.05,1,0,313
2644,31,1,1,10,4,-2.91,0.05,1,0,313
2645,269,2,2,27,11,-5.44,0.05,1,0,313
2646,135,3,3,23,11,-1.35,0.05,1,0,313
2647,107,1,1,29,9,1.73,0.05,1,0,313
2648,264,5,5,43,19,4.91,0.05,0,1,313
2649,113,2,2,13,5,0.87,0.05,1,0,313
2650,58,1,1,10,3,-4.28,0.05,0,0,313
2651,53,0,0,16,7,-5.38,0.05,1,0,313
2652,114,3,3,32,10,3.51,0.05,1,0,313
2653,56,1,1,14,5,-3.81,0.05,0,0,313
2654,190,4,4,26,10,1.3,0.05,1,0,313
2655,55,0,0,15,6,-3.95,0.05,1,0,313
2656,40,2,2,16,5,-0.75,0.05,1,0,313
2657,165,3,3,17,9,-2.0,0.05,1,0,313
2658,291,9,4,53,29,6.29,0.05,0,1,313
2659,15,1,1,5,2,-3.15,0.05,1,0,313
2660,49,3,3,12,3,-0.34,0.05,1,0,313
2661,99,5,5,17,7,1.91,0.05,1,0,313
2662,54,0,0,19,7,-3.64,0.05,1,0,313
2663,21,0,0,10,3,-3.86,0.05,1,0,313
2664,85,1,1,26,9,-2.1,0.05,1,0,313
2665,114,4,4,28,11,0.71,0.05,1,0,313
2666,32,1,1,14,4,-1.87,0.05,1,0,313
2667,135,2,2,30,12,0.55,0.05,1,0,313
2668,89,2,2,27,7,0.56,0.05,1,0,313
2669,6,0,0,3,1,-4.21,0.05,1,0,313
2670,43,0,0,13,6,-4.03,0.05,1,0,313
2671,47,1,1,12,4,-2.02,0.05,1,0,313
2672,41,1,1,11,5,-2.01,0.05,1,0,313
2673,17,1,1,7,2,-3.12,0.05,1,0,313
2674,45,0,0,12,5,-4.8,0.05,1,0,313
2675,89,2,2,27,9,1.51,0.05,1,0,313
2676,40,1,1,16,5,-2.15,0.05,1,0,313
2677,103,1,1,23,8,-3.53,0.05,0,0,313
2678,107,1,1,27,11,-0.87,0.05,1,0,313
2679,400,3,3,36,38,-13.45,0.05,0,1,315
2680,14,0,0,7,2,-3.69,0.05,1,0,315
2681,175,3,3,32,13,2.85,0.05,1,0,316
2682,49,0,0,15,6,-4.89,0.05,1,0,316
2683,361,1,1,41,35,-18.06,0.05,1,0,316
2684,158,0,0,7,4,-7.13,0.05,1,0,316
2685,54,4,4,12,5,0.51,0.05,0,0,316
2686,54,2,2,16,6,-1.94,0.05,1,0,316
2687,73,0,0,8,2,-4.93,0.05,1,0,316
2688,225,5,5,39,16,3.15,0.05,1,0,316
2689,160,6,6,31,14,3.35,0.05,1,0,316
2690,105,2,2,39,11,3.5,0.05,1,0,316
2691,24,1,1,10,3,-1.84,0.05,1,0,316
2692,127,1,1,29,11,-1.52,0.05,1,0,316
2693,107,3,3,26,9,3.08,0.05,1,0,316
2694,46,2,2,15,4,0.49,0.05,1,0,316
2695,53,2,2,9,4,-2.58,0.05,0,0,316
2696,27,1,1,10,3,-1.87,0.05,1,0,316
2697,243,1,1,37,21,-5.83,0.05,1,0,316
2698,171,4,4,32,16,-2.21,0.05,1,0,316
2699,207,3,3,19,8,-4.07,0.05,1,0,316
2700,30,2,2,14,3,0.9,0.05,1,0,316
2701,179,5,5,41,17,5.91,0.05,1,0,316
2702,131,1,1,13,9,-7.11,0.05,1,0,316
2703,89,3,3,25,8,-1.29,0.05,1,0,316
2704,166,1,1,35,12,-1.31,0.05,1,0,316
2705,24,1,1,12,3,-1.14,0.05,1,0,316
2706,70,2,2,27,9,0.6,0.05,1,0,316
2707,51,2,2,15,5,-0.76,0.05,1,0,316
2708,95,1,1,24,9,-3.15,0.05,1,0,316
2709,128,1,1,15,7,-4.78,0.05,1,0,316
2710,71,0,0,20,9,-3.81,0.05,1,0,316
2711,111,2,2,20,8,-2.06,0.05,1,0,316
2712,220,3,3,37,18,-1.4,0.05,1,0,316
2713,30,1,1,13,4,-2.6,0.05,1,0,316
2714,241,1,1,41,20,-1.46,0.05,1,0,316
2715,25,1,1,11,3,-2.0,0.05,1,0,316
2716,268,5,5,42,25,-2.78,0.05,0,1,316
2717,17,2,2,9,2,-1.27,0.05,1,0,316
2718,132,2,2,30,10,2.28,0.05,0,0,316
2719,99,1,1,32,10,0.51,0.05,1,0,316
2720,180,9,4,32,14,7.55,0.05,1,0,316
2721,304,3,3,29,23,-23.69,0.05,1,0,316
2722,43,2,2,17,5,-0.33,0.05,1,0,316
2723,196,3,3,41,16,4.44,0.05,1,0,316
2724,221,2,2,29,12,-2.86,0.05,0,0,317
2725,70,0,0,5,2,-6.3,0.05,0,0,317
2726,400,0,0,16,10,-6.35,0.05,0,1,317
2727,45,0,0,22,6,-1.1,0.05,1,0,317
2728,63,5,5,16,6,2.32,0.05,0,0,317
2729,141,2,2,42,13,4.84,0.05,1,0,317
2730,100,1,1,35,12,0.9,0.05,1,0,317
2731,178,3,3,34,16,2.42,0.05,1,0,317
2732,165,2,2,18,9,-5.5,0.05,0,0,317
2733,400,5,5,35,17,-5.2,0.05,0,1,317
2734,7,0,0,3,1,-4.27,0.05,1,0,317
2735,21,0,0,9,3,-4.16,0.05,1,0,317
2736,84,2,2,18,6,-0.44,0.05,0,0,317
2737,36,0,0,14,5,-4.01,0.05,1,0,317
2738,178,3,3,38,14,3.22,0.05,1,0,317
2739,186,6,6,28,13,3.04,0.05,0,0,317
2740,17,1,1,5,2,-2.72,0.05,1,0,317
2741,183,2,2,29,13,-3.48,0.05,1,0,317
2742,149,2,2,26,11,-0.74,0.05,1,0,317
2743,204,3,3,40,17,-0.84,0.05,1,0,317
2744,48,2,2,16,6,-0.78,0.05,1,0,317
2745,82,4,4,7,3,-1.87,0.05,0,0,317
2746,46,1,1,15,6,-2.31,0.05,1,0,317
2747,13,1,1,3,2,-3.73,0.05,1,0,317
2748,131,3,3,27,9,0.64,0.05,1,0,317
2749,81,2,2,25,9,1.79,0.05,1,0,317
2750,91,3,3,25,9,-0.31,0.05,0,0,317
2751,71,2,2,24,7,0.49,0.05,1,0,317
2752,121,1,1,9,4,-5.86,0.05,0,0,318
2753,142,2,2,41,14,3.53,0.05,1,0,318
2754,159,2,2,26,13,-4.34,0.05,0,0,318
2755,65,2,2,10,4,-3.3,0.05,1,0,318
2756,400,4,4,58,22,9.3,0.05,0,1,318
2757,98,0,0,5,3,-6.63,0.05,0,0,318
2758,213,3,3,37,15,1.27,0.05,0,0,319
2759,144,2,2,35,15,-0.69,0.05,1,0,319
2760,46,2,2,12,4,-0.56,0.05,1,0,319
2761,28,0,0,11,4,-4.18,0.05,1,0,319
2762,213,6,6,41,19,4.17,0.05,1,0,319
2763,49,1,1,22,6,-0.59,0.05,1,0,319
2764,25,1,1,14,3,-0.6,0.05,1,0,319
2765,75,1,1,26,9,0.15,0.05,1,0,319
2766,83,0,0,11,6,-7.38,0.05,1,0,319
2767,26,1,1,9,3,-3.56,0.05,1,0,319
2768,148,1,1,45,15,0.57,0.05,1,0,319
2769,97,3,3,20,7,-0.02,0.05,1,0,319
2770,62,0,0,14,5,-5.42,0.05,0,0,319
2771,50,0,0,15,7,-4.35,0.05,0,0,319
2772,113,1,1,13,4,-3.38,0.05,1,0,319
2773,103,2,2,27,11,-0.53,0.05,1,0,319
2774,31,1,2,10,4,-2.56,0.05,1,0,319
2775,183,4,4,37,15,3.02,0.05,1,0,319
2776,27,0,0,7,4,-5.92,0.05,1,0,319
2777,210,1,1,40,18,-4.35,0.05,1,0,319
2778,134,6,6,28,8,3.16,0.05,1,0,319
2779,184,7,7,39,15,6.96,0.05,1,0,319
2780,256,3,3,22,15,-4.36,0.05,1,0,319
2781,41,1,1,14,5,-2.36,0.05,1,0,319
2782,111,0,0,3,2,-7.21,0.05,0,0,319
2783,74,1,1,23,9,-3.44,0.05,1,0,319
2784,154,1,1,29,12,-2.14,0.05,1,0,319
2785,57,0,0,20,7,-3.42,0.05,1,0,319
2786,35,1,1,13,4,-2.1,0.05,1,0,319
2787,71,2,2,23,7,-1.26,0.05,1,0,320
2788,95,1,1,35,11,1.4,0.05,1,0,320
2789,34,1,1,13,4,-0.94,0.05,1,0,320
2790,25,1,1,10,3,-2.4,0.05,1,0,320
2791,15,0,0,6,2,-4.5,0.05,1,0,320
2792,176,4,4,35,14,1.54,0.05,1,0,320
2793,25,1,1,7,3,-2.3,0.05,1,0,320
2794,61,0,0,8,4,-4.01,0.05,1,0,320
2795,27,1,1,9,3,-3.07,0.05,1,0,320
2796,96,1,1,11,6,-5.51,0.05,1,0,320
2797,130,3,3,30,11,-1.95,0.05,1,0,320
2798,48,0,0,7,4,-5.68,0.05,1,0,320
2799,53,0,0,19,4,-1.43,0.05,1,0,320
2800,111,1,1,33,10,0.24,0.05,0,0,320
2801,157,10,5,40,15,8.68,0.05,1,0,320
2802,101,0,0,32,12,-3.06,0.05,1,0,320
2803,294,2,2,35,13,-6.49,0.05,1,0,320
2804,25,1,1,6,3,-4.55,0.05,1,0,320
2805,267,1,1,27,14,-8.47,0.05,1,0,320
2806,230,4,4,24,18,-5.2,0.05,1,0,320
2807,182,5,5,30,14,2.58,0.05,1,0,320
2808,58,1,1,20,8,-2.43,0.05,1,0,320
2809,36,1,1,16,5,-0.66,0.05,1,0,320
2810,115,3,3,21,8,-2.1,0.05,0,0,320
2811,32,1,1,12,4,-2.27,0.05,1,0,320
2812,53,1,1,19,7,-3.13,0.05,1,0,320
2813,13,0,0,7,2,-4.18,0.05,1,0,320
2814,72,3,3,18,6,0.53,0.05,1,0,320
2815,370,4,4,30,32,-14.15,0.05,0,0,320
2816,80,2,2,8,3,-1.5,0.05,1,0,320
2817,70,2,2,23,8,1.75,0.05,1,0,320
2818,60,2,2,24,7,2.7,0.05,1,0,320
2819,20,0,0,10,3,-3.9,0.05,1,0,320
2820,61,1,1,20,7,-2.46,0.05,1,0,320
2821,46,2,2,19,5,0.19,0.05,1,0,320
2822,27,0,0,11,4,-4.72,0.05,1,0,320
2823,327,8,3,28,17,-2.52,0.05,1,0,320
2824,45,0,0,19,6,-2.75,0.05,1,0,320
2825,312,1,1,33,18,-6.52,0.05,1,0,320
2826,103,2,2,23,10,-2.13,0.05,0,0,320
2827,144,1,1,24,9,-1.24,0.05,0,0,320
2828,209,5,5,26,17,-1.99,0.05,1,0,320
2829,90,3,3,19,5,0.05,0.05,1,0,320
2830,52,0,0,17,6,-3.72,0.05,1,0,320
2831,102,2,2,19,6,-0.87,0.05,1,0,320
2832,20,0,0,8,3,-4.55,0.05,1,0,320
2833,93,1,1,34,10,-0.18,0.05,0,0,320
2834,41,1,1,20,5,-0.06,0.05,1,0,320
2835,120,3,3,24,10,-3.2,0.05,0,0,320
2836,305,1,1,30,13,-5.95,0.05,1,0,320
2837,17,1,1,8,2,-2.32,0.05,1,0,320
2838,192,7,2,27,14,2.63,0.05,1,0,320
2839,60,3,3,16,5,0.75,0.05,1,0,320
2840,190,3,3,33,13,-0.35,0.05,0,0,320
2841,203,3,3,37,18,-5.63,0.05,1,0,320
2842,183,1,1,32,15,-0.88,0.05,0,0,320
2843,17,1,1,8,2,-2.22,0.05,1,0,320
2844,92,0,0,16,6,-5.12,0.05,1,0,320
2845,7,0,0,2,1,-4.57,0.05,1,0,320
2846,88,2,2,22,8,-0.13,0.05,1,0,320
2847,372,3,3,34,14,-6.12,0.05,1,0,320
2848,132,3,3,28,12,1.18,0.05,0,0,320
2849,129,3,3,27,8,0.71,0.05,0,0,320
2850,266,2,2,32,16,-8.31,0.05,1,0,320
2851,96,3,3,25,9,0.69,0.05,1,0,320
2852,25,1,1,9,3,-1.7,0.05,1,0,320
2853,59,3,3,24,7,0.26,0.05,0,0,320
2854,58,3,3,15,6,-0.33,0.05,1,0,320
2855,150,2,2,31,12,-0.1,0.05,1,0,320
2856,67,2,2,14,6,-2.72,0.05,1,0,320
2857,143,3,3,40,12,5.12,0.05,1,0,320
2858,17,1,1,7,2,-2.17,0.05,1,0,320
2859,69,2,2,18,7,-1.64,0.05,1,0,320
2860,49,0,0,17,6,-4.29,0.05,1,0,320
2861,42,1,1,19,5,0.43,0.05,1,0,320
2862,187,1,1,24,14,-3.17,0.05,1,0,320
2863,17,1,1,9,2,-2.47,0.05,1,0,320
2864,21,0,0,13,3,-2.86,0.05,1,0,320
2865,100,4,4,31,9,4.7,0.05,0,0,320
2866,65,1,1,20,6,-4.05,0.05,0,0,320
2867,42,1,1,16,5,-2.82,0.05,1,0,320
2868,47,1,1,18,6,-2.67,0.05,1,0,320
2869,30,0,0,12,4,-3.45,0.05,1,0,320
2870,85,2,2,21,6,0.05,0.05,1,0,321
2871,37,2,2,13,4,-0.47,0.05,1,0,321
2872,75,1,1,31,9,2.6,0.05,1,0,321
2873,14,0,0,7,2,-3.69,0.05,1,0,321
2874,26,2,2,13,3,-1.36,0.05,1,0,321
2875,96,2,2,31,11,0.39,0.05,1,0,321
2876,190,5,5,25,11,2.55,0.05,1,0,321
2877,86,1,1,28,9,-1.71,0.05,1,0,321
2878,42,1,1,13,4,-3.02,0.05,1,0,321
2879,246,3,3,31,15,-1.36,0.05,1,0,321
2880,198,6,6,39,14,2.82,0.05,1,0,321
2881,70,2,2,23,9,-2.7,0.05,1,0,321
2882,17,1,1,6,2,-2.82,0.05,1,0,321
2883,31,1,1,11,4,-2.16,0.05,1,0,321
2884,297,8,3,34,13,9.73,0.05,0,1,321
2885,71,2,2,19,6,-2.91,0.05,0,0,321
2886,145,3,3,31,11,2.35,0.05,1,0,321
2887,19,1,1,8,2,-2.24,0.05,1,0,321
2888,65,4,4,22,7,3.05,0.05,1,0,321
2889,233,3,3,28,16,-4.08,0.05,1,0,321
2890,99,3,3,23,9,-0.49,0.05,0,0,321
2891,400,2,2,44,27,-9.75,0.05,0,1,321
2892,57,3,3,15,6,-0.07,0.05,1,0,321
2893,21,0,0,7,3,-5.86,0.05,1,0,321
2894,216,2,2,27,13,-0.21,0.05,1,0,321
2895,126,2,2,8,4,-5.31,0.05,1,0,321
2896,219,5,5,36,12,4.51,0.05,1,0,321
2897,61,1,1,17,7,-4.41,0.05,1,0,321
2898,187,4,4,38,16,5.28,0.05,1,0,321
2899,174,3,3,37,15,1.06,0.05,1,0,321
2900,106,1,1,5,2,-5.81,0.05,0,0,321
2901,76,3,3,19,6,0.29,0.05,1,0,321
2902,18,1,1,7,2,-2.23,0.05,1,0,321
2903,85,1,1,23,9,-3.05,0.05,1,0,321
2904,178,3,3,35,16,0.87,0.05,1,0,321
2905,133,4,4,32,10,2.47,0.05,1,0,321
2906,275,3,3,20,9,-4.15,0.05,0,0,321
2907,132,1,1,34,13,-2.47,0.05,0,0,321
2908,17,1,1,5,2,-3.12,0.05,1,0,321
2909,66,0,0,17,6,-4.41,0.05,1,0,321
2910,23,0,0,6,3,-4.18,0.05,1,0,321
2911,21,0,0,9,3,-3.66,0.05,1,0,321
2912,35,0,0,16,5,-1.75,0.05,1,0,321
2913,7,0,0,2,1,-4.57,0.05,1,0,321
2914,383,4,4,36,24,-8.43,0.05,1,0,321
2915,188,3,3,30,15,0.52,0.05,0,0,322
2916,49,2,2,17,6,-0.59,0.05,1,0,322
2917,52,2,2,22,6,1.88,0.05,1,0,322
2918,400,2,2,34,16,-1.3,0.05,0,1,322
2919,135,1,1,38,15,1.5,0.05,1,0,322
2920,18,1,1,8,2,-2.28,0.05,1,0,322
2921,49,1,1,15,6,-1.89,0.05,1,0,322
2922,51,3,3,11,4,-0.76,0.05,0,0,322
2923,47,1,1,12,5,-4.97,0.05,1,0,322
2924,112,1,1,22,8,-3.72,0.05,0,0,322
2925,153,2,2,28,9,-1.23,0.05,1,0,322
2926,26,1,1,11,3,-2.16,0.05,1,0,322
2927,28,1,1,15,3,-1.78,0.05,1,0,322
2928,190,5,5,36,14,2.85,0.05,1,0,322
2929,110,1,1,29,13,-4.1,0.05,1,0,322
2930,41,0,0,16,6,-6.41,0.05,1,0,322
2931,33,1,1,13,4,-1.98,0.05,1,0,322
2932,76,3,3,15,7,-0.76,0.05,1,0,322
2933,123,6,6,29,9,5.12,0.05,0,0,322
2934,51,1,1,19,7,-4.21,0.05,0,0,323
2935,43,2,2,17,5,0.07,0.05,0,0,323
2936,169,3,3,33,11,0.61,0.05,1,0,323
2937,213,4,4,31,15,0.77,0.05,0,0,323
2938,249,4,4,45,18,4.16,0.05,1,0,324
2939,112,4,4,28,9,0.73,0.05,0,0,324
2940,189,4,4,40,17,0.96,0.05,0,0,324
2941,36,2,2,13,4,-2.01,0.05,1,0,324
2942,76,1,1,24,8,1.14,0.05,1,0,324
2943,74,2,2,19,8,-2.49,0.05,1,0,324
2944,205,10,5,43,17,11.5,0.05,1,0,324
2945,134,4,4,28,12,0.86,0.05,1,0,324
2946,200,4,4,28,14,-0.95,0.05,1,0,324
2947,35,1,1,10,4,-3.6,0.05,1,0,324
2948,48,2,2,16,5,-1.33,0.05,1,0,324
2949,24,2,2,11,3,0.11,0.05,1,0,324
2950,96,0,0,32,11,-1.96,0.05,1,0,324
2951,45,0,0,23,6,0.55,0.05,1,0,324
2952,21,0,0,7,3,-4.81,0.05,1,0,324
2953,57,2,2,16,4,-0.87,0.05,1,0,324
2954,99,1,1,13,4,-4.29,0.05,1,0,324
2955,88,1,1,26,10,-1.63,0.05,0,0,324
2956,53,3,3,16,4,1.72,0.05,1,0,324
2957,55,0,0,19,7,-2.35,0.05,1,0,324
2958,68,2,2,28,8,-0.88,0.05,1,0,324
2959,14,0,0,4,2,-5.14,0.05,1,0,324
2960,27,0,0,12,4,-3.82,0.05,1,0,324
2961,54,2,2,12,6,-1.99,0.05,0,0,324
2962,36,1,1,13,4,-3.11,0.05,1,0,324
2963,52,0,0,17,7,-4.22,0.05,1,0,324
2964,81,1,1,11,5,-5.41,0.05,0,0,324
2965,53,3,3,17,6,0.62,0.05,1,0,324
2966,225,7,7,43,18,5.95,0.05,1,0,324
2967,59,4,4,16,5,2.66,0.05,1,0,324
2968,150,5,5,19,8,-0.65,0.05,0,0,324
2969,205,10,5,46,16,9.9,0.05,1,0,324
2970,6,0,0,3,1,-4.11,0.05,1,0,324
2971,92,1,1,24,7,0.03,0.05,1,0,324
2972,120,2,2,33,13,2.05,0.05,1,0,324
2973,18,1,1,9,2,-1.53,0.05,1,0,324
2974,77,4,4,27,8,1.73,0.05,1,0,324
2975,17,1,1,9,2,-2.02,0.05,1,0,324
2976,90,5,5,21,8,2.75,0.05,0,0,324
2977,88,2,2,28,10,1.12,0.05,1,0,324
2978,5,0,0,3,1,-4.65,0.05,1,0,324
2979,41,1,1,18,5,-0.66,0.05,1,0,324
2980,44,1,1,16,5,-2.49,0.05,1,0,324
2981,24,1,1,11,3,-1.99,0.05,1,0,324
2982,265,3,3,37,14,-2.5,0.05,1,0,324
2983,68,3,3,21,7,0.87,0.05,1,0,324
2984,17,1,1,7,2,-2.62,0.05,1,0,324
2985,195,4,4,40,16,6.15,0.05,1,0,324
2986,46,0,0,9,4,-4.16,0.05,1,0,324
2987,400,3,3,29,16,-6.95,0.05,0,1,324
2988,95,5,5,27,8,4.2,0.05,0,0,324
2989,74,3,3,26,8,0.71,0.05,0,0,324
2990,260,3,3,34,21,-5.3,0.05,1,0,324
2991,20,0,0,12,3,-3.75,0.05,1,0,324
2992,108,2,2,29,10,1.77,0.05,1,0,324
2993,400,2,2,42,33,-5.45,0.05,0,1,324
2994,44,3,3,16,5,0.46,0.05,1,0,324
2995,112,2,2,24,11,-2.67,0.05,1,0,324
2996,32,1,1,13,4,-3.57,0.05,1,0,324
2997,72,0,0,17,7,-3.02,0.05,0,0,325
2998,15,0,0,11,2,-2.45,0.05,1,0,325
2999,263,2,2,39,16,-2.73,0.05,1,0,325
3000,13,0,0,6,2,-4.48,0.05,1,0,325
3001,68,3,3,15,6,-0.08,0.05,0,0,325
3002,266,4,4,36,19,-3.51,0.05,1,0,325
3003,141,8,3,32,11,8.64,0.05,1,0,325
3004,86,3,3,23,9,-0.91,0.05,1,0,325
3005,206,2,2,54,21,5.14,0.05,1,0,325
3006,28,1,1,7,3,-4.83,0.05,1,0,325
3007,14,0,0,4,2,-5.04,0.05,1,0,325
3008,20,0,0,7,3,-5.8,0.05,1,0,325
3009,309,3,3,46,27,-3.14,0.05,1,0,325
3010,175,1,1,18,8,-2.7,0.05,1,0,325
3011,28,0,0,14,4,-2.88,0.05,1,0,325
3012,79,2,2,22,6,-0.49,0.05,1,0,325
3013,138,1,1,36,13,1.37,0.05,1,0,325
3014,53,4,4,21,6,2.77,0.05,1,0,325
3015,183,7,2,41,18,5.22,0.05,1,0,325
3016,196,3,3,25,16,-2.81,0.05,1,0,325
3017,289,1,1,33,13,-9.44,0.05,1,0,325
3018,400,4,4,20,17,-15.3,0.05,0,1,325
3019,146,5,5,29,12,2.39,0.05,0,0,325
3020,105,2,2,26,9,-0.3,0.05,1,0,325
3021,170,3,3,39,13,1.75,0.05,1,0,325
3022,105,2,2,21,8,4.2,0.05,1,0,325
3023,46,2,2,16,5,-1.76,0.05,1,0,325
3024,122,1,1,31,11,-0.77,0.05,1,0,325
3025,28,0,0,12,4,-3.98,0.05,1,0,325
3026,195,1,1,30,13,-5.85,0.05,0,0,325
3027,42,1,1,19,5,0.08,0.05,1,0,325
3028,269,1,1,42,17,1.16,0.05,1,0,325
3029,324,3,3,33,16,-4.24,0.05,1,0,325
3030,125,1,1,27,9,-4.05,0.05,0,0,325
3031,112,0,0,12,4,-3.82,0.05,1,0,325
3032,88,2,2,31,9,-0.78,0.05,1,0,325
3033,87,1,1,17,6,-3.02,0.05,1,0,325
3034,42,0,0,14,5,-3.02,0.05,1,0,325
3035,69,0,0,22,8,-2.69,0.05,1,0,325
3036,97,11,6,21,8,7.88,0.05,0,0,325
3037,183,8,3,38,13,7.22,0.05,1,0,325
3038,157,3,3,33,13,1.73,0.05,1,0,325
3039,29,0,0,11,4,-4.24,0.05,1,0,325
3040,195,8,3,35,14,11.05,0.05,0,1,325
3041,88,1,1,17,7,-7.23,0.05,0,0,325
3042,71,1,1,12,4,-1.46,0.05,1,0,325
3043,48,1,1,15,6,-2.63,0.05,1,0,325
3044,26,1,1,11,3,-1.51,0.05,1,0,325
3045,43,1,1,11,5,-3.38,0.05,1,0,325
3046,25,1,1,11,3,-2.55,0.05,1,0,325
3047,379,3,3,37,22,-8.49,0.05,1,0,326
3048,31,2,2,15,3,0.69,0.05,1,0,326
3049,47,0,0,18,6,-1.87,0.05,1,0,326
3050,345,1,1,19,16,-9.05,0.05,1,0,326
3051,6,0,0,2,1,-4.51,0.05,1,0,326
3052,51,0,0,19,6,-2.46,0.05,1,0,326
3053,121,3,3,27,12,1.29,0.05,1,0,326
3054,17,1,1,9,2,-2.47,0.05,1,0,326
3055,237,3,3,38,15,2.33,0.05,1,0,326
3056,146,4,4,31,12,1.89,0.05,0,0,326
3057,326,3,3,31,19,-3.46,0.05,1,0,326
3058,284,2,2,25,13,-4.99,0.05,1,0,326
3059,91,3,3,23,8,0.04,0.05,1,0,326
3060,59,2,2,23,7,-0.29,0.05,1,0,326
3061,191,3,3,38,15,3.29,0.05,1,0,326
3062,63,1,1,17,7,-1.88,0.05,1,0,326
3063,22,0,0,9,3,-4.32,0.05,1,0,326
3064,160,4,4,36,13,4.1,0.05,1,0,326
3065,52,2,2,20,6,-0.77,0.05,1,0,326
3066,283,3,3,41,22,-4.28,0.05,1,0,326
3067,113,2,2,30,11,0.72,0.05,1,0,326
3068,226,2,2,26,11,-1.96,0.05,0,0,326
3069,26,1,1,11,3,-1.51,0.05,1,0,326
3070,28,0,0,13,4,-3.13,0.05,1,0,326
3071,59,1,1,23,7,-1.59,0.05,1,0,326
3072,72,3,3,23,7,5.93,0.05,1,0,326
3073,18,1,1,7,2,-2.48,0.05,1,0,326
3074,38,1,1,15,4,-1.93,0.05,1,0,326
3075,60,0,0,23,8,-1.7,0.05,1,0,326
3076,41,0,0,13,5,-5.71,0.05,1,0,326
3077,18,1,1,8,2,-1.83,0.05,1,0,326
3078,43,2,2,14,5,-1.48,0.05,1,0,326
3079,29,1,1,11,4,-2.09,0.05,1,0,326
3080,87,6,1,28,9,4.73,0.05,1,0,327
3081,121,4,4,34,11,3.24,0.05,0,0,327
3082,131,0,0,26,13,-2.96,0.05,1,0,327
3083,104,0,0,29,10,1.56,0.05,1,0,327
3084,136,5,5,31,10,0.79,0.05,1,0,327
3085,196,3,3,31,12,-2.46,0.05,1,0,327
3086,25,2,2,11,3,-1.0,0.05,1,0,327
3087,132,2,2,35,12,2.53,0.05,1,0,327
3088,18,1,1,5,2,-2.83,0.05,1,0,327
3089,31,0,0,11,4,-3.76,0.05,1,0,327
3090,193,2,2,32,12,-2.88,0.05,0,0,327
3091,24,0,0,10,3,-3.44,0.05,1,0,327
3092,72,3,3,14,8,-1.97,0.05,0,0,327
3093,26,2,2,11,3,-1.31,0.05,1,0,327
3094,67,0,0,16,6,-3.32,0.05,1,0,327
3095,47,1,1,16,5,-2.02,0.05,1,0,327
3096,150,4,4,33,13,2.95,0.05,1,0,327
3097,400,3,3,30,15,0.35,0.05,0,1,327
3098,53,3,3,19,6,-0.13,0.05,1,0,327
3099,225,1,1,40,22,-3.15,0.05,1,0,327
3100,85,0,0,10,4,-5.15,0.05,1,0,327
3101,118,3,3,18,9,-3.38,0.05,0,0,327
3102,155,3,3,20,10,0.3,0.05,1,0,327
3103,138,3,3,23,9,0.17,0.05,1,0,327
3104,127,2,2,9,4,-2.82,0.05,0,0,327
3105,93,2,2,26,9,-0.63,0.05,1,0,327
3106,328,1,1,36,18,-9.73,0.05,1,0,327
3107,125,0,0,10,5,-5.1,0.05,1,0,327
3108,76,3,3,21,6,1.89,0.05,1,0,327
3109,320,5,5,32,24,-7.4,0.05,1,0,327
3110,94,0,0,14,4,-1.94,0.05,1,0,327
3111,84,0,0,12,5,-4.04,0.05,0,0,327
3112,179,0,0,12,7,-6.19,0.05,0,0,327
3113,255,3,3,25,18,-4.45,0.05,1,0,327
3114,91,3,3,28,10,2.49,0.05,1,0,327
3115,46,1,1,18,6,-1.36,0.05,1,0,327
3116,188,7,2,40,16,3.67,0.05,1,0,327
3117,154,4,4,24,11,2.56,0.05,1,0,327
3118,138,1,1,22,11,-2.88,0.05,1,0,327
3119,115,5,5,38,12,5.45,0.05,1,0,327
3120,198,1,1,36,18,-2.43,0.05,1,0,327
3121,27,0,0,16,4,-3.62,0.05,1,0,327
3122,350,1,1,19,13,-6.65,0.05,0,0,327
3123,126,2,2,22,8,-0.96,0.05,1,0,327
3124,63,1,1,24,6,-0.78,0.05,1,0,327
3125,14,0,0,5,2,-5.29,0.05,1,0,327
3126,236,2,2,35,18,-2.11,0.05,1,0,327
3127,50,1,1,14,6,-3.65,0.05,1,0,327
3128,77,2,2,12,5,-3.92,0.05,1,0,327
3129,109,3,3,37,11,3.46,0.05,1,0,327
3130,53,2,2,11,4,-1.43,0.05,1,0,327
3131,26,1,1,10,3,-2.86,0.05,1,0,327
3132,35,0,0,8,3,-4.1,0.05,1,0,327
3133,101,1,1,17,6,-2.81,0.05,1,0,327
3134,38,2,2,13,4,-1.43,0.05,1,0,327
3135,267,3,3,22,10,-3.72,0.05,0,0,327
3136,120,2,2,24,9,0.2,0.05,1,0,327
3137,41,2,2,11,4,-1.71,0.05,0,0,327
3138,250,1,1,32,21,-6.4,0.05,1,0,327
3139,269,1,1,39,23,-3.94,0.05,1,0,327
3140,106,2,2,22,8,-1.31,0.05,0,0,328
3141,55,2,2,16,6,-2.55,0.05,0,0,328
3142,58,1,1,21,7,-0.78,0.05,1,0,328
3143,400,2,2,28,24,-14.3,0.05,0,1,328
3144,21,0,0,9,3,-5.21,0.05,1,0,328
3145,195,2,2,46,18,2.35,0.05,1,0,328
3146,180,1,1,27,14,-5.35,0.05,1,0,328
3147,51,0,0,16,4,-2.01,0.05,1,0,328
3148,400,4,4,32,15,7.5,0.05,0,1,328
3149,20,0,0,8,3,-4.5,0.05,1,0,328
3150,17,1,1,7,2,-3.07,0.05,1,0,328
3151,88,1,1,15,7,-5.73,0.05,1,0,328
3152,246,4,4,35,19,-1.31,0.05,1,0,328
3153,170,4,4,29,13,-0.1,0.05,1,0,328
3154,51,2,2,16,5,-0.71,0.05,1,0,328
3155,33,1,1,16,4,-2.03,0.05,1,0,328
3156,48,2,2,18,5,0.82,0.05,1,0,328
3157,157,3,3,30,10,1.98,0.05,1,0,328
3158,39,1,1,10,4,-4.59,0.05,1,0,328
3159,27,0,0,13,4,-3.22,0.05,1,0,328
3160,33,2,2,12,3,-0.13,0.05,1,0,328
3161,172,3,3,40,14,5.28,0.05,0,0,328
3162,68,3,3,24,8,1.77,0.05,0,0,328
3163,91,2,2,19,7,-1.51,0.05,0,0,328
3164,181,7,7,49,19,8.44,0.05,1,0,328
3165,38,0,0,10,5,-3.68,0.05,1,0,328
3166,213,1,1,46,20,2.47,0.05,0,1,328
3167,115,2,2,25,6,-2.15,0.05,1,0,328
3168,268,5,5,45,13,6.72,0.05,1,0,328
3169,221,10,5,32,16,9.39,0.05,0,1,328
3170,72,1,1,20,8,-1.72,0.05,1,0,328
3171,118,2,2,19,8,-4.38,0.05,1,0,328
3172,43,1,1,15,5,-1.08,0.05,1,0,328
3173,150,4,4,42,12,7.15,0.05,1,0,328
3174,6,0,0,1,1,-4.81,0.05,1,0,328
3175,213,3,3,34,18,-2.18,0.05,0,0,328
3176,400,3,3,32,25,-4.75,0.05,0,1,328
3177,37,0,0,16,5,-3.37,0.05,1,0,328
3178,110,0,0,22,10,-2.3,0.05,0,0,328
3179,64,1,1,7,4,-3.94,0.05,0,0,328
3180,193,1,1,24,12,-4.53,0.05,0,0,328
3181,43,2,2,13,5,-2.03,0.05,1,0,328
3182,30,1,1,10,4,-2.6,0.05,1,0,328
3183,56,2,2,20,5,1.34,0.05,1,0,328
3184,73,0,0,23,8,-3.48,0.05,0,0,328
3185,127,1,1,47,13,3.73,0.05,1,0,328
3186,75,1,1,24,7,-0.2,0.05,1,0,328
3187,33,1,1,12,4,-1.73,0.05,1,0,328
3188,35,0,0,11,5,-6.45,0.05,1,0,328
3189,52,2,2,22,6,-1.57,0.05,1,0,328
3190,142,4,4,23,8,-1.02,0.05,1,0,329
3191,154,3,3,28,13,1.21,0.05,0,0,329
3192,286,2,2,32,14,-2.21,0.05,1,0,329
3193,33,1,1,10,4,-3.03,0.05,1,0,329
3194,102,3,3,23,8,-0.12,0.05,1,0,329
3195,74,4,4,23,8,1.96,0.05,1,0,329
3196,29,0,0,11,4,-4.29,0.05,1,0,329
3197,87,7,2,26,9,1.88,0.05,1,0,329
3198,111,1,1,23,10,-2.46,0.05,1,0,329
3199,27,0,0,10,4,-5.02,0.05,1,0,329
3200,61,1,1,12,6,-3.36,0.05,1,0,329
3201,58,1,1,8,4,-5.28,0.05,0,0,330
3202,60,3,3,13,5,-3.85,0.05,0,0,330
3203,400,2,2,19,14,-4.4,0.05,0,1,330
3204,132,5,5,26,7,2.98,0.05,1,0,330
3205,276,1,1,27,15,-6.81,0.05,1,0,330
3206,41,1,1,11,5,-3.36,0.05,1,0,330
3207,169,9,4,35,16,6.06,0.05,1,0,330
3208,85,0,0,20,8,-3.25,0.05,1,0,330
3209,315,6,1,31,15,-7.5,0.05,1,0,330
3210,86,3,3,15,6,-1.66,0.05,1,0,330
3211,339,2,2,25,14,-15.69,0.05,1,0,330
3212,111,2,2,14,6,-3.86,0.05,0,0,330
3213,83,0,0,24,7,-3.48,0.05,1,0,330
3214,110,1,1,33,10,1.95,0.05,1,0,330
3215,25,2,2,11,3,-1.95,0.05,1,0,330
3216,68,3,3,21,7,1.27,0.05,1,0,330
3217,117,7,2,31,11,7.38,0.05,0,0,330
3218,33,1,1,12,4,-2.88,0.05,1,0,330
3219,17,1,1,8,2,-2.22,0.05,1,0,330
3220,95,3,3,22,7,-1.35,0.05,1,0,330
3221,179,4,4,24,7,0.41,0.05,1,0,330
3222,166,5,5,32,12,7.64,0.05,0,1,330
3223,251,5,5,25,12,-5.11,0.05,1,0,330
3224,273,2,2,24,11,-7.38,0.05,1,0,330
3225,117,5,5,23,9,2.78,0.05,1,0,330
3226,20,0,0,9,3,-3.75,0.05,1,0,330
3227,18,1,1,6,2,-2.43,0.05,1,0,330
3228,194,6,1,33,14,5.61,0.05,1,0,330
3229,137,5,5,29,10,3.78,0.05,1,0,330
3230,345,3,3,31,19,-4.5,0.05,1,0,330
3231,400,5,5,29,15,4.35,0.05,0,1,330
3232,96,3,3,33,11,-1.56,0.05,1,0,330
3233,322,3,3,31,23,-4.47,0.05,1,0,330
3234,27,1,1,12,3,-1.02,0.05,1,0,330
3235,102,3,3,21,5,0.28,0.05,1,0,330
3236,285,2,2,30,16,-9.85,0.05,1,0,330
3237,400,4,4,41,27,-3.8,0.05,0,1,332
3238,27,1,1,9,3,-2.67,0.05,1,0,332
3239,146,8,3,34,12,6.04,0.05,1,0,332
3240,144,4,4,24,12,0.16,0.05,1,0,332
3241,70,0,0,19,6,-4.0,0.05,1,0,332
3242,168,2,2,34,15,-0.78,0.05,1,0,332
3243,231,5,5,45,21,6.69,0.05,0,0,332
3244,50,2,2,15,5,-1.2,0.05,1,0,332
3245,202,3,3,28,15,-2.07,0.05,1,0,332
3246,121,3,3,27,10,-1.76,0.05,1,0,332
3247,18,1,1,8,2,-2.28,0.05,1,0,332
3248,211,2,2,28,15,-4.46,0.05,0,0,334
3249,64,2,2,20,7,-0.44,0.05,1,0,334
3250,48,1,1,21,5,-0.23,0.05,1,0,334
3251,218,3,3,23,17,-5.28,0.05,1,0,334
3252,57,0,0,5,2,-5.17,0.05,1,0,334
3253,46,1,1,18,6,-3.36,0.05,1,0,334
3254,7,0,0,3,1,-4.27,0.05,1,0,334
3255,51,1,1,24,6,1.29,0.05,1,0,334
3256,66,0,0,5,2,-6.21,0.05,1,0,334
3257,150,1,1,17,8,-4.65,0.05,1,0,334
3258,65,0,0,23,9,-1.95,0.05,1,0,334
3259,222,3,3,35,17,2.38,0.05,1,0,334
3260,35,0,0,13,5,-4.8,0.05,1,0,334
3261,35,1,1,7,4,-4.0,0.05,1,0,334
3262,120,2,2,16,7,-3.05,0.05,0,0,334
3263,48,0,0,9,5,-5.03,0.05,0,0,334
3264,164,1,1,3,4,-5.74,0.05,0,0,334
3265,52,1,1,4,2,-3.82,0.05,1,0,334
3266,151,2,2,29,12,-1.46,0.05,1,0,334
3267,311,2,2,39,21,-6.66,0.05,1,0,334
3268,65,3,3,25,8,1.3,0.05,1,0,334
3269,133,5,5,32,10,4.12,0.05,1,0,334
3270,143,4,4,30,12,1.92,0.05,1,0,334
3271,6,0,0,3,1,-4.21,0.05,1,0,334
3272,27,1,1,12,3,-1.77,0.05,1,0,334
3273,57,2,2,17,5,-1.52,0.05,0,0,334
3274,251,3,3,28,18,-5.01,0.05,1,0,334
3275,61,0,0,19,6,-2.61,0.05,1,0,334
3276,22,1,1,9,2,-2.12,0.05,1,0,334
3277,53,3,3,19,6,-0.28,0.05,1,0,334
3278,99,1,1,30,10,-3.14,0.05,1,0,334
3279,96,1,1,32,11,-1.46,0.05,0,0,334
3280,34,2,2,15,4,-1.44,0.05,1,0,334
3281,192,3,3,24,10,-1.82,0.05,1,0,334
3282,17,1,1,8,2,-2.72,0.05,1,0,334
3283,101,3,3,25,8,-0.01,0.05,1,0,334
3284,133,3,3,30,12,-0.43,0.05,1,0,334
3285,46,2,2,18,4,0.74,0.05,0,0,334
3286,56,1,1,23,7,-0.06,0.05,1,0,334
3287,41,1,1,16,5,-2.86,0.05,1,0,334
3288,112,3,3,30,11,1.83,0.05,1,0,334
3289,208,3,3,27,13,-1.28,0.05,1,0,334
3290,283,1,1,41,15,-1.13,0.05,1,0,334
3291,105,9,4,32,10,7.1,0.05,0,0,334
3292,244,4,4,45,18,1.31,0.05,1,0,334
3293,118,4,4,20,9,0.02,0.05,1,0,334
3294,386,8,3,43,25,0.84,0.05,1,0,334
3295,117,5,5,31,10,3.88,0.05,1,0,334
3296,371,3,3,33,22,-12.11,0.05,1,0,334
3297,17,1,1,8,2,-2.87,0.05,1,0,334
3298,52,1,1,14,5,-1.17,0.05,1,0,334
3299,30,1,1,13,4,-1.7,0.05,1,0,334
3300,400,6,6,35,22,-5.95,0.05,0,1,334
3301,33,1,1,11,4,-2.63,0.05,1,0,334
3302,27,0,0,10,4,-5.47,0.05,1,0,334
3303,96,7,2,23,10,3.54,0.05,1,0,334
3304,163,4,4,51,17,9.72,0.05,1,0,334
3305,218,12,2,41,19,9.47,0.05,1,0,334
3306,181,3,3,39,16,3.59,0.05,1,0,334
3307,130,3,3,34,12,1.5,0.05,0,0,334
3308,17,1,1,8,2,-2.37,0.05,1,0,334
3309,58,0,0,20,7,-1.93,0.05,1,0,334
3310,139,7,2,34,14,5.86,0.05,0,0,334
3311,54,1,1,19,6,-1.59,0.05,1,0,334
3312,278,2,2,26,17,-12.93,0.05,0,0,334
3313,26,2,2,10,3,-0.86,0.05,1,0,334
3314,17,1,1,8,2,-2.27,0.05,1,0,334
3315,22,0,0,11,3,-4.17,0.05,1,0,334
3316,150,2,2,38,13,1.15,0.05,1,0,334
3317,43,2,2,11,4,-1.73,0.05,1,0,334
3318,20,0,0,7,3,-5.8,0.05,1,0,334
3319,41,1,1,12,6,-3.11,0.05,0,0,334
3320,17,1,1,9,2,-2.07,0.05,1,0,334
3321,264,3,3,36,22,-3.69,0.05,1,0,334
3322,165,2,2,26,14,-1.55,0.05,1,0,334
3323,25,1,1,9,3,-4.65,0.05,1,0,334
3324,400,4,4,34,23,-8.95,0.05,0,1,334
3325,93,4,4,24,9,4.57,0.05,0,0,334
3326,102,2,2,12,6,-2.12,0.05,1,0,334
3327,327,2,2,33,18,-6.87,0.05,1,0,334
3328,116,2,2,18,7,-2.16,0.05,1,0,334
3329,373,7,7,41,22,-3.43,0.05,1,0,334
3330,28,0,0,13,4,-2.73,0.05,1,0,334
3331,119,0,0,9,4,-6.19,0.05,1,0,334
3332,66,1,1,24,8,-0.91,0.05,1,0,334
3333,17,1,1,9,2,-2.22,0.05,1,0,334
3334,120,5,5,23,9,1.4,0.05,0,0,334
3335,18,1,1,5,2,-3.23,0.05,1,0,334
3336,17,1,1,7,2,-2.57,0.05,1,0,334
3337,62,1,1,18,6,-1.52,0.05,1,0,334
3338,20,1,1,7,2,-3.2,0.05,1,0,334
3339,252,4,4,33,16,0.73,0.05,1,0,334
3340,89,1,1,23,8,3.91,0.05,1,0,334
3341,275,10,5,52,21,11.35,0.05,1,0,334
3342,54,2,2,8,3,-1.19,0.05,0,0,334
3343,20,0,0,7,3,-6.25,0.05,1,0,334
3344,198,2,2,46,20,2.27,0.05,1,0,334
3345,48,1,1,19,6,-0.88,0.05,1,0,334
3346,259,5,5,33,15,0.41,0.05,1,0,334
3347,130,3,3,29,10,1.7,0.05,1,0,334
3348,29,1,1,12,4,-1.34,0.05,1,0,334
3349,51,1,1,18,6,-2.96,0.05,1,0,334
3350,273,1,1,35,14,-6.08,0.05,1,0,334
3351,21,0,0,7,3,-4.41,0.05,1,0,334
3352,79,0,0,28,10,-1.39,0.05,1,0,334
3353,122,3,3,19,11,-1.47,0.05,0,0,334
3354,125,3,3,27,10,1.1,0.05,1,0,334
3355,97,3,3,24,9,-0.22,0.05,0,0,334
3356,26,1,1,10,3,-2.96,0.05,1,0,334
3357,13,0,0,6,2,-4.93,0.05,1,0,334
3358,400,5,5,36,19,-5.95,0.05,0,1,334
3359,185,9,4,33,13,8.05,0.05,1,0,334
3360,32,2,2,12,3,-0.07,0.05,1,0,334
3361,72,4,4,13,7,-1.62,0.05,0,0,334
3362,30,3,3,10,3,0.35,0.05,1,0,334
3363,18,1,1,7,2,-2.63,0.05,1,0,334
3364,335,2,2,43,20,-5.7,0.05,1,0,334
3365,6,0,0,2,1,-4.41,0.05,1,0,334
3366,111,0,0,25,12,-2.36,0.05,1,0,334
3367,18,1,1,7,2,-3.68,0.05,1,0,334
3368,93,2,2,15,5,-2.18,0.05,0,0,334
3369,98,2,2,17,9,-4.03,0.05,1,0,334
3370,45,0,0,7,2,-3.5,0.05,1,0,334
3371,41,1,1,12,5,-4.01,0.05,1,0,334
3372,310,2,2,30,17,-11.15,0.05,1,0,334
3373,101,3,3,16,6,-0.46,0.05,0,0,334
3374,25,1,1,9,3,-2.75,0.05,1,0,334
3375,67,1,1,26,8,-0.32,0.05,1,0,334
3376,323,4,4,24,23,-9.38,0.05,1,0,334
3377,6,0,0,3,1,-4.21,0.05,1,0,334
3378,35,0,0,16,5,-4.3,0.05,1,0,334
3379,132,2,2,20,7,-0.87,0.05,1,0,334
3380,59,1,1,20,7,-0.79,0.05,1,0,334
3381,58,1,1,13,5,-5.68,0.05,0,0,334
3382,189,5,5,47,18,7.46,0.05,1,0,334
3383,273,6,1,35,18,-1.98,0.05,1,0,334
3384,50,1,1,18,6,-2.45,0.05,1,0,334
3385,88,2,2,33,9,1.72,0.05,1,0,334
3386,48,1,1,15,6,-2.38,0.05,1,0,334
3387,132,1,1,38,14,-2.27,0.05,1,0,334
3388,6,0,0,3,1,-4.21,0.05,1,0,334
3389,156,2,2,30,12,-0.91,0.05,1,0,334
3390,19,1,1,8,2,-2.39,0.05,1,0,334
3391,97,2,2,21,7,-2.17,0.05,1,0,334
3392,113,2,2,27,9,1.37,0.05,1,0,334
3393,25,1,1,11,3,-2.15,0.05,1,0,334
3394,100,3,3,20,9,0.05,0.05,1,0,334
3395,148,3,3,46,17,4.02,0.05,1,0,334
3396,45,1,1,14,5,-3.0,0.05,1,0,334
3397,17,1,1,8,2,-2.37,0.05,1,0,334
3398,95,3,3,17,6,-0.85,0.05,1,0,334
3399,18,1,1,8,2,-2.33,0.05,1,0,334
3400,5,0,0,3,1,-4.2,0.05,1,0,334
3401,162,5,5,38,14,5.28,0.05,1,0,334
3402,362,4,4,44,28,-4.17,0.05,1,0,334
3403,62,1,1,24,7,-0.22,0.05,0,0,334
3404,99,1,1,31,9,1.61,0.05,1,0,334
3405,153,4,4,46,14,8.22,0.05,1,0,334
3406,112,1,1,23,12,-2.22,0.05,1,0,334
3407,150,2,2,20,9,-3.7,0.05,1,0,334
3408,36,1,1,11,4,-1.96,0.05,1,0,334
3409,20,0,0,7,3,-4.8,0.05,1,0,334
3410,25,1,1,10,3,-2.35,0.05,1,0,334
3411,25,1,1,11,3,-2.15,0.05,1,0,334
3412,43,0,0,19,6,-3.43,0.05,1,0,334
3413,17,1,1,8,2,-2.27,0.05,1,0,334
3414,21,0,0,8,3,-4.01,0.05,1,0,334
3415,115,2,2,28,10,0.15,0.05,1,0,334
3416,386,2,2,33,19,-17.66,0.05,1,0,335
3417,119,0,0,35,14,-0.89,0.05,1,0,335
3418,351,4,4,32,21,-16.56,0.05,1,0,335
3419,20,0,0,9,3,-4.25,0.05,1,0,335
3420,205,6,6,31,14,3.35,0.05,0,0,335
3421,7,0,0,2,1,-4.57,0.05,1,0,335
3422,120,3,3,21,8,-1.1,0.05,1,0,335
3423,18,1,1,8,2,-1.88,0.05,1,0,335
3424,130,7,2,22,10,1.05,0.05,1,0,336
3425,30,1,1,9,3,-3.5,0.05,1,0,336
3426,21,0,0,8,3,-5.01,0.05,1,0,336
3427,43,1,1,15,3,3.82,0.05,1,0,336
3428,76,2,2,20,8,-0.31,0.05,1,0,336
3429,278,5,5,43,17,-4.58,0.05,1,0,336
3430,81,0,0,14,5,-2.46,0.05,1,0,336
3431,106,2,2,31,11,0.79,0.05,1,0,336
3432,120,3,3,23,8,-1.75,0.05,0,0,336
3433,76,0,0,10,3,-6.21,0.05,0,0,336
3434,269,5,5,31,26,-11.94,0.05,1,0,337
3435,15,0,0,4,2,-5.65,0.05,1,0,337
3436,77,1,2,23,7,-0.12,0.05,0,0,337
3437,120,2,2,21,8,-2.05,0.05,0,0,337
3438,18,2,2,8,2,-0.78,0.05,1,0,337
3439,71,2,2,18,7,-0.16,0.05,1,0,337
3440,64,2,2,23,7,2.01,0.05,1,0,337
3441,99,3,3,23,7,0.61,0.05,0,0,337
3442,143,1,1,35,14,-1.98,0.05,0,0,337
3443,65,3,3,13,6,-2.0,0.05,1,0,337
3444,50,1,1,16,5,-2.5,0.05,1,0,337
3445,91,3,3,19,7,-0.71,0.05,1,0,337
3446,46,1,1,20,6,-2.81,0.05,1,0,337
3447,282,2,2,35,21,-13.57,0.05,1,0,337
3448,209,2,2,24,16,-5.99,0.05,1,0,337
3449,25,1,1,11,3,-2.15,0.05,1,0,337
3450,85,1,1,30,9,0.4,0.05,1,0,337
3451,400,2,2,34,15,0.9,0.05,0,1,337
3452,163,2,2,33,14,5.82,0.05,0,1,337
3453,28,2,2,9,3,-1.08,0.05,1,0,337
3454,112,1,1,7,5,-3.92,0.05,1,0,337
3455,145,3,3,24,9,1.45,0.05,1,0,337
3456,48,2,2,14,5,-0.93,0.05,1,0,337
3457,131,1,1,40,14,2.39,0.05,1,0,337
3458,7,0,0,3,1,-4.17,0.05,1,0,337
3459,29,0,0,9,4,-5.39,0.05,1,0,337
3460,21,0,0,7,3,-4.86,0.05,1,0,337
3461,49,2,2,14,5,-1.59,0.05,1,0,337
3462,92,2,2,16,7,-1.92,0.05,1,0,337
3463,400,4,4,27,28,-8.1,0.05,0,1,337
3464,46,0,0,24,6,-0.51,0.05,1,0,337
3465,19,1,1,7,2,-3.69,0.05,1,0,337
3466,43,1,1,18,5,-1.08,0.05,0,0,337
3467,110,2,2,31,9,2.65,0.05,1,0,337
3468,18,1,1,8,2,-1.88,0.05,1,0,337
3469,20,0,0,7,3,-6.25,0.05,1,0,337
3470,7,0,0,2,1,-4.57,0.05,1,0,337
3471,28,0,0,14,4,-2.83,0.05,1,0,337
3472,78,0,0,2,2,-5.73,0.05,1,0,337
3473,97,2,2,25,8,0.73,0.05,1,0,337
3474,25,1,1,10,3,-3.25,0.05,1,0,337
3475,90,1,1,24,9,-2.9,0.05,1,0,337
3476,41,2,2,11,4,-2.71,0.05,1,0,337
3477,248,5,5,27,16,-4.03,0.05,1,0,337
3478,234,5,5,24,13,0.81,0.05,0,0,337
3479,179,7,2,46,17,6.31,0.05,1,0,337
3480,29,1,1,18,4,0.66,0.05,1,0,337
3481,46,3,3,12,4,0.59,0.05,1,0,337
3482,31,1,1,12,4,-2.96,0.05,1,0,337
3483,34,1,1,12,4,-2.49,0.05,1,0,337
3484,176,1,1,25,12,-4.16,0.05,1,0,337
3485,215,4,4,46,20,-0.05,0.05,1,0,337
3486,18,1,1,7,2,-2.18,0.05,1,0,337
3487,86,0,0,15,5,-3.16,0.05,1,0,337
3488,21,0,0,9,3,-3.71,0.05,1,0,337
3489,73,2,2,18,6,-1.03,0.05,1,0,337
3490,98,2,2,21,8,-0.68,0.05,1,0,337
3491,250,4,4,55,22,0.1,0.05,1,0,337
3492,48,0,0,18,7,-5.53,0.05,1,0,337
3493,174,4,4,33,12,2.16,0.05,1,0,337
3494,77,2,2,22,8,-1.72,0.05,1,0,337
3495,20,0,0,9,3,-4.2,0.05,1,0,337
3496,400,4,4,40,19,-5.55,0.05,0,1,337
3497,114,0,0,37,12,0.76,0.05,1,0,337
3498,85,1,1,26,10,-4.55,0.05,1,0,337
3499,17,2,2,7,2,-1.57,0.05,1,0,337
3500,7,0,0,2,1,-4.57,0.05,1,0,337
3501,54,3,3,18,6,-2.14,0.05,1,0,337
3502,384,2,2,25,10,-3.84,0.05,1,0,337
3503,78,1,1,18,8,-3.23,0.05,1,0,337
3504,142,5,5,37,10,5.73,0.05,1,0,337
3505,277,4,4,20,11,4.78,0.05,0,1,337
3506,139,10,5,40,13,10.41,0.05,0,0,337
3507,142,1,1,39,15,-0.92,0.05,1,0,337
3508,74,1,1,17,6,-1.49,0.05,0,0,337
3509,39,1,1,10,4,-3.74,0.05,1,0,337
3510,184,5,0,34,14,-1.09,0.05,1,0,337
3511,42,1,1,13,5,-2.82,0.05,1,0,337
3512,198,4,4,26,14,-2.03,0.05,1,0,338
3513,75,0,0,21,8,-4.45,0.05,0,0,338
3514,57,2,2,11,6,-4.62,0.05,0,0,338
3515,163,2,2,35,15,1.47,0.05,1,0,338
3516,102,3,3,20,9,1.43,0.05,1,0,338
3517,72,1,1,15,7,-4.12,0.05,0,0,338
3518,94,2,2,23,10,-1.09,0.05,1,0,338
3519,273,3,3,29,22,-8.58,0.05,1,0,338
3520,121,3,3,12,6,-3.36,0.05,1,0,338
3521,170,1,1,26,11,-4.1,0.05,1,0,338
3522,59,1,1,28,7,1.11,0.05,1,0,338
3523,18,1,1,9,2,-2.03,0.05,1,0,338
3524,17,1,1,6,2,-3.47,0.05,1,0,338
3525,338,3,3,42,25,-2.63,0.05,1,0,338
3526,339,3,3,35,22,-6.94,0.05,1,0,338
3527,44,1,1,16,5,-2.44,0.05,1,0,338
3528,221,3,3,44,20,1.59,0.05,1,0,338
3529,273,4,4,33,21,-3.03,0.05,1,0,338
3530,33,1,1,13,4,-2.08,0.05,1,0,338
3531,6,0,0,2,1,-4.51,0.05,1,0,338
3532,282,3,3,29,14,-6.87,0.05,1,0,338
3533,147,3,3,31,12,0.83,0.05,1,0,338
3534,84,5,5,25,8,2.36,0.05,1,0,338
3535,400,5,5,29,17,-5.95,0.05,0,1,338
3536,53,2,2,14,6,-3.03,0.05,0,0,338
3537,83,1,1,30,10,-2.83,0.05,1,0,338
3538,80,3,3,20,6,-1.4,0.05,1,0,338
3539,131,3,3,24,7,0.94,0.05,1,0,338
3540,27,1,1,12,3,-1.32,0.05,1,0,338
3541,193,3,3,37,17,1.42,0.05,1,0,338
3542,33,1,1,11,4,-3.58,0.05,1,0,338
3543,79,1,1,18,7,-2.34,0.05,1,0,338
3544,196,1,1,28,13,-3.66,0.05,1,0,338
3545,272,3,3,35,22,1.38,0.05,0,1,339
3546,72,1,1,20,8,-3.12,0.05,1,0,339
3547,22,1,1,6,2,-2.42,0.05,1,0,339
3548,364,3,3,38,23,-6.24,0.05,1,0,339
3549,70,1,1,29,9,-1.0,0.05,1,0,339
3550,38,0,0,13,5,-3.83,0.05,1,0,339
3551,141,3,3,35,12,3.54,0.05,1,0,339
3552,56,0,0,13,5,-3.66,0.05,1,0,339
3553,31,1,1,6,4,-4.26,0.05,1,0,339
3554,195,2,2,21,12,-5.95,0.05,0,0,339
3555,91,1,1,21,11,-2.21,0.05,1,0,339
3556,316,4,4,29,15,-6.66,0.05,1,0,339
3557,6,0,0,2,1,-4.51,0.05,1,0,339
3558,145,3,3,25,10,-1.65,0.05,1,0,339
3559,38,1,1,17,5,-3.08,0.05,1,0,339
3560,186,2,2,26,15,-5.86,0.05,1,0,339
3561,14,0,0,5,2,-5.09,0.05,1,0,339
3562,32,1,1,5,2,-4.32,0.05,1,0,339
3563,361,2,2,41,21,-11.76,0.05,1,0,339
3564,37,2,2,15,5,-2.42,0.05,1,0,339
3565,21,0,0,10,3,-3.41,0.05,1,0,339
3566,20,0,0,10,3,-4.2,0.05,1,0,339
3567,82,4,4,30,8,3.58,0.05,1,0,339
3568,93,1,1,33,11,0.72,0.05,1,0,339
3569,322,3,3,24,10,-2.57,0.05,1,0,339
3570,43,0,0,19,6,-2.53,0.05,1,0,339
3571,108,2,2,22,8,-1.43,0.05,0,0,339
3572,53,1,1,15,6,-2.83,0.05,1,0,339
3573,265,4,4,49,22,11.2,0.05,0,1,339
3574,30,0,0,13,4,-2.6,0.05,1,0,339
3575,273,3,3,40,24,-6.58,0.05,1,0,339
3576,22,0,0,11,3,-3.27,0.05,1,0,339
3577,192,5,5,32,16,0.73,0.05,1,0,341
3578,26,1,1,8,3,-3.46,0.05,1,0,341
3579,400,3,3,33,25,-14.05,0.05,0,1,341
3580,155,4,4,34,15,0.6,0.05,1,0,341
3581,25,1,1,11,3,-1.95,0.05,1,0,341
3582,14,0,0,6,2,-4.44,0.05,1,0,341
3583,102,2,2,18,9,-1.07,0.05,1,0,341
3584,338,7,2,35,21,-7.63,0.05,1,0,341
3585,35,0,0,16,5,-2.85,0.05,1,0,341
3586,27,0,0,11,4,-4.27,0.05,1,0,341
3587,74,3,3,23,8,0.21,0.05,1,0,341
3588,155,4,4,30,11,2.5,0.05,1,0,341
3589,270,2,2,27,20,-13.4,0.05,1,0,341
3590,27,0,0,9,4,-4.92,0.05,1,0,341
3591,16,0,0,10,2,-4.06,0.05,1,0,341
3592,142,5,5,29,13,2.53,0.05,0,0,341
3593,216,2,2,34,18,-6.16,0.05,1,0,341
3594,61,0,0,19,7,-3.76,0.05,1,0,341
3595,174,1,1,28,15,-4.79,0.05,1,0,341
3596,141,3,3,30,9,2.64,0.05,0,0,341
3597,116,5,5,34,11,7.09,0.05,0,0,341
3598,110,3,3,36,13,3.7,0.05,1,0,341
3599,118,0,0,19,7,-4.03,0.05,0,0,341
3600,311,0,0,36,23,-9.96,0.05,1,0,341
3601,21,0,0,9,3,-4.11,0.05,1,0,341
3602,133,3,3,20,7,-1.78,0.05,1,0,341
3603,52,1,1,16,6,-3.12,0.05,0,0,341
3604,20,0,0,8,3,-4.05,0.05,1,0,341
3605,75,0,0,14,7,-4.95,0.05,0,0,341
3606,193,7,2,26,13,9.67,0.05,0,1,341
3607,43,2,2,14,4,-0.38,0.05,1,0,341
3608,68,1,1,27,8,-2.08,0.05,1,0,341
3609,90,0,0,24,9,-2.25,0.05,1,0,341
3610,392,5,5,31,21,-14.62,0.05,1,0,341
3611,42,0,0,15,6,-2.32,0.05,1,0,341
3612,18,0,0,5,2,-4.18,0.05,1,0,341
3613,93,3,3,14,5,-2.58,0.05,0,0,341
3614,108,2,2,30,7,3.67,0.05,0,0,341
3615,116,8,3,20,7,3.54,0.05,1,0,341
3616,91,0,0,20,8,-6.56,0.05,1,0,341
3617,195,2,2,34,16,-1.35,0.05,0,0,341
3618,75,2,2,20,7,-0.7,0.05,1,0,341
3619,17,2,2,9,2,-0.97,0.05,1,0,341
3620,25,1,1,11,3,-2.05,0.05,1,0,341
3621,196,10,5,40,15,10.04,0.05,1,0,341
3622,63,3,3,15,6,-2.18,0.05,1,0,341
3623,273,4,4,29,14,-3.58,0.05,1,0,341
3624,53,2,2,19,6,-0.98,0.05,0,0,341
3625,17,1,1,8,2,-2.32,0.05,1,0,341
3626,80,1,1,22,7,-1.55,0.05,1,0,341
3627,17,1,1,7,2,-2.22,0.05,1,0,341
3628,379,5,5,40,23,-10.94,0.05,1,0,341
3629,278,3,3,33,19,-4.73,0.05,1,0,341
3630,163,2,2,32,14,-0.63,0.05,1,0,341
3631,40,2,2,12,5,-1.35,0.05,1,0,341
3632,108,0,0,31,11,-2.33,0.05,1,0,341
3633,46,2,2,13,5,-1.66,0.05,1,0,341
3634,20,0,0,10,3,-3.9,0.05,1,0,341
3635,33,1,1,14,4,-2.38,0.05,1,0,341
3636,89,5,5,21,6,3.16,0.05,1,0,341
3637,161,3,3,40,16,2.04,0.05,1,0,342
3638,7,0,0,2,1,-4.57,0.05,1,0,342
3639,228,4,4,38,22,-2.78,0.05,1,0,342
3640,285,5,5,45,25,-4.85,0.05,0,0,343
3641,33,2,2,12,4,-2.13,0.05,1,0,343
3642,277,3,3,33,16,-1.42,0.05,0,0,343
3643,400,2,2,33,30,-15.9,0.05,0,1,343
3644,267,3,3,44,28,-8.02,0.05,1,0,343
3645,19,1,1,9,2,-2.09,0.05,1,0,343
3646,241,3,3,31,21,-8.31,0.05,1,0,343
3647,30,1,1,11,4,-2.7,0.05,1,0,343
3648,73,3,3,22,8,0.92,0.05,0,0,343
3649,87,9,4,28,9,6.03,0.05,0,0,343
3650,49,2,2,15,5,-0.79,0.05,1,0,343
3651,48,0,0,22,6,-0.78,0.05,1,0,343
3652,35,1,1,10,4,-2.55,0.05,1,0,343
3653,61,2,2,18,7,-2.86,0.05,1,0,343
3654,42,2,2,18,4,0.78,0.05,1,0,343
3655,155,5,5,36,15,2.0,0.05,1,0,343
3656,29,0,0,9,4,-4.94,0.05,1,0,343
3657,123,8,3,29,12,4.27,0.05,0,0,343
3658,49,1,1,16,5,-2.39,0.05,1,0,343
3659,27,2,2,8,3,-1.82,0.05,1,0,343
3660,29,3,3,9,3,-0.34,0.05,1,0,343
3661,40,2,2,15,5,-1.1,0.05,1,0,343
3662,28,0,0,13,4,-3.03,0.05,1,0,343
3663,95,0,0,6,4,-4.95,0.05,1,0,343
3664,30,2,2,9,3,-2.05,0.05,1,0,343
3665,145,8,3,37,13,5.3,0.05,0,0,343
3666,169,2,2,31,13,-2.74,0.05,1,0,343
3667,116,5,5,15,6,1.59,0.05,1,0,343
3668,64,1,1,17,7,-1.49,0.05,1,0,343
3669,303,3,3,24,26,-16.78,0.05,1,0,344
3670,63,2,2,19,6,-0.23,0.05,1,0,344
3671,25,1,1,9,3,-2.75,0.05,1,0,344
3672,33,1,1,14,4,-1.18,0.05,1,0,344
3673,27,1,1,11,3,-2.02,0.05,1,0,344
3674,272,3,3,40,18,-6.62,0.05,1,0,344
3675,168,2,2,29,13,-5.58,0.05,1,0,344
3676,124,4,4,24,9,1.86,0.05,1,0,344
3677,160,4,4,29,11,2.0,0.05,1,0,344
3678,142,2,2,29,6,0.83,0.05,1,0,344
3679,209,1,1,28,12,-2.19,0.05,1,0,344
3680,88,1,1,33,11,-0.43,0.05,1,0,344
3681,97,2,2,18,8,-0.92,0.05,1,0,344
3682,6,0,0,2,1,-4.51,0.05,1,0,344
3683,49,1,1,14,5,-3.59,0.05,1,0,344
3684,27,0,0,8,4,-5.67,0.05,1,0,344
3685,45,0,0,17,6,-3.1,0.05,1,0,344
3686,98,3,3,18,9,-1.98,0.05,1,0,344
3687,327,5,5,34,34,-24.27,0.05,1,0,344
3688,21,0,0,8,3,-4.11,0.05,1,0,344
3689,155,8,3,45,14,8.5,0.05,1,0,344
3690,25,1,1,4,3,-4.15,0.05,1,0,344
3691,226,4,4,38,12,2.19,0.05,1,0,344
3692,55,3,3,15,5,-0.7,0.05,1,0,344
3693,148,2,2,29,12,1.52,0.05,1,0,344
3694,34,2,2,6,4,-3.84,0.05,0,0,344
3695,119,2,2,27,11,0.61,0.05,1,0,344
3696,107,4,4,38,11,5.23,0.05,1,0,344
3697,160,3,3,36,15,1.95,0.05,1,0,344
3698,38,0,0,16,5,-4.38,0.05,1,0,344
3699,40,1,1,18,5,-2.2,0.05,1,0,344
3700,14,0,0,9,2,-2.54,0.05,1,0,344
3701,237,1,1,24,15,-4.87,0.05,0,0,344
3702,144,4,4,27,14,-4.29,0.05,1,0,344
3703,27,1,1,10,4,-3.37,0.05,1,0,344
3704,79,2,2,20,7,-1.34,0.05,1,0,344
3705,68,2,2,13,6,-2.53,0.05,0,0,344
3706,28,0,0,9,4,-4.88,0.05,1,0,344
3707,137,4,4,27,11,3.58,0.05,1,0,344
3708,168,2,2,39,14,1.77,0.05,0,0,344
3709,38,1,1,19,5,0.02,0.05,1,0,344
3710,69,0,0,27,9,0.16,0.05,1,0,344
3711,186,2,2,23,12,-6.26,0.05,1,0,344
3712,51,1,1,16,6,-3.06,0.05,1,0,344
3713,125,1,1,11,5,-3.8,0.05,0,0,344
3714,95,4,4,17,8,0.3,0.05,1,0,344
3715,117,1,1,27,11,-2.22,0.05,1,0,344
3716,285,4,4,30,24,-5.6,0.05,1,0,344
3717,27,1,1,9,3,-2.17,0.05,1,0,344
3718,101,3,3,33,9,4.04,0.05,1,0,344
3719,245,4,4,34,20,-2.05,0.05,1,0,345
3720,93,1,1,20,7,-3.98,0.05,0,0,345
3721,72,3,3,29,8,3.33,0.05,1,0,345
3722,63,1,1,25,8,-0.48,0.05,1,0,345
3723,78,1,1,25,7,0.92,0.05,1,0,345
3724,20,1,1,6,2,-2.9,0.05,1,0,345
3725,51,1,1,19,7,-2.06,0.05,0,0,345
3726,119,2,2,16,5,-0.89,0.05,1,0,345
3727,50,1,1,21,6,-0.3,0.05,1,0,345
3728,80,1,1,15,7,-5.55,0.05,0,0,345
3729,27,2,2,13,3,-0.37,0.05,1,0,345
3730,73,1,1,19,8,-0.48,0.05,1,0,345
3731,63,2,2,23,7,-0.58,0.05,1,0,345
3732,400,6,6,36,14,-5.75,0.05,0,1,345
3733,18,1,1,8,2,-2.88,0.05,1,0,345
3734,209,1,1,41,20,0.26,0.05,1,0,345
3735,103,1,1,23,9,-0.98,0.05,1,0,345
3736,39,1,1,10,4,-3.84,0.05,1,0,345
3737,209,8,3,24,12,4.11,0.05,1,0,345
3738,60,2,2,22,7,0.7,0.05,1,0,345
3739,14,0,0,4,2,-5.14,0.05,1,0,345
3740,44,2,2,19,6,1.16,0.05,1,0,345
3741,186,2,2,32,12,-1.06,0.05,1,0,345
3742,134,2,2,29,11,0.46,0.05,1,0,345
3743,95,1,1,26,9,-1.3,0.05,0,0,346
3744,25,1,1,10,3,-3.35,0.05,1,0,346
3745,135,1,1,31,11,-0.4,0.05,1,0,346
3746,18,1,1,7,2,-4.18,0.05,1,0,346
3747,56,2,2,19,6,0.49,0.05,1,0,346
3748,71,0,0,17,6,-3.51,0.05,0,0,346
3749,5,0,0,4,1,-4.0,0.05,1,0,346
3750,18,1,1,9,2,-2.03,0.05,1,0,346
3751,7,0,0,2,1,-4.57,0.05,1,0,346
3752,43,2,2,15,5,-1.23,0.05,1,0,346
3753,51,2,2,13,5,-3.46,0.05,1,0,346
3754,400,3,3,28,19,-14.25,0.05,0,1,346
3755,71,3,3,19,4,-0.16,0.05,0,0,346
3756,84,2,2,21,8,-0.84,0.05,1,0,346
3757,21,0,0,5,3,-6.36,0.05,1,0,346
3758,18,1,1,9,2,-2.28,0.05,1,0,346
3759,27,1,1,10,3,-3.27,0.05,1,0,346
3760,85,1,1,23,8,-1.9,0.05,1,0,346
3761,64,1,1,3,3,-4.89,0.05,0,0,346
3762,224,2,2,35,14,0.26,0.05,1,0,346
3763,400,3,3,37,23,-10.0,0.05,0,1,346
3764,245,2,2,37,18,-1.15,0.05,0,0,346
3765,204,8,3,26,10,4.86,0.05,1,0,346
3766,70,2,2,19,7,-0.2,0.05,1,0,346
3767,21,0,0,12,3,-2.41,0.05,1,0,346
3768,79,1,1,21,8,-1.44,0.05,0,0,346
3769,7,0,0,2,1,-4.57,0.05,1,0,346
3770,182,4,4,35,12,-1.67,0.05,0,0,346
3771,191,9,4,47,15,12.89,0.05,1,0,346
3772,176,2,2,32,14,-0.56,0.05,1,0,346
3773,6,0,0,2,1,-4.51,0.05,1,0,346
3774,173,2,2,35,12,0.12,0.05,1,0,346
3775,82,0,0,24,9,-1.72,0.05,0,0,346
3776,99,1,1,24,7,0.56,0.05,1,0,346
3777,115,5,5,22,7,1.6,0.05,1,0,346
3778,95,2,2,28,9,1.5,0.05,1,0,346
3779,89,0,0,22,8,-3.39,0.05,1,0,346
3780,105,5,5,23,10,3.7,0.05,0,0,346
3781,105,1,1,16,6,-2.25,0.05,1,0,346
3782,271,7,2,39,25,2.34,0.05,1,0,346
3783,72,1,1,20,8,-2.57,0.05,1,0,346
3784,127,4,4,32,12,1.03,0.05,1,0,346
3785,33,1,1,15,4,-0.93,0.05,1,0,346
3786,62,2,2,16,6,-0.72,0.05,1,0,346
3787,392,5,5,40,22,-12.17,0.05,1,0,346
3788,18,1,1,9,2,-1.93,0.05,1,0,346
3789,39,1,1,13,5,-2.59,0.05,1,0,346
3790,26,2,2,9,3,-2.16,0.05,1,0,346
3791,130,2,2,38,13,0.4,0.05,0,0,346
3792,50,2,2,17,6,-0.7,0.05,1,0,346
3793,244,9,4,47,20,10.86,0.05,1,0,346
3794,18,1,1,8,2,-1.88,0.05,1,0,346
3795,39,0,0,12,5,-4.89,0.05,1,0,346
3796,20,1,1,7,2,-3.1,0.05,1,0,346
3797,187,3,3,29,16,-1.57,0.05,1,0,346
3798,95,0,0,12,4,-4.95,0.05,1,0,346
3799,347,2,2,40,21,-3.72,0.05,1,0,346
3800,78,1,1,15,7,-2.23,0.05,0,0,346
3801,80,3,3,26,8,2.7,0.05,0,0,346
3802,151,3,3,29,13,-0.51,0.05,1,0,346
3803,6,0,0,4,1,-4.96,0.05,1,0,346
3804,74,0,0,17,7,-4.54,0.05,0,0,346
3805,388,3,3,32,17,-3.93,0.05,1,0,346
3806,5,0,0,3,1,-4.3,0.05,1,0,346
3807,88,3,3,26,10,0.87,0.05,1,0,346
3808,47,0,0,10,4,-4.27,0.05,1,0,346
3809,100,1,1,28,9,-1.8,0.05,1,0,346
3810,76,2,2,23,7,0.34,0.05,0,0,346
3811,258,0,0,28,15,-8.23,0.05,1,0,346
3812,42,2,2,17,5,-1.57,0.05,1,0,346
3813,193,3,3,25,9,-1.68,0.05,1,0,346
3814,89,2,2,28,10,0.01,0.05,1,0,346
3815,118,2,2,25,10,0.67,0.05,0,0,346
3816,96,2,2,33,11,0.94,0.05,1,0,346
3817,93,2,2,31,9,2.07,0.05,0,0,346
3818,141,3,3,25,13,-1.11,0.05,0,0,346
3819,110,1,1,26,11,-0.05,0.05,1,0,346
3820,114,0,0,31,10,-0.09,0.05,1,0,346
3821,110,2,2,30,11,-2.45,0.05,1,0,346
3822,13,0,0,5,2,-3.78,0.05,1,0,346
3823,110,1,1,7,3,-4.7,0.05,0,0,346
3824,67,1,1,10,4,-2.82,0.05,1,0,346
3825,17,1,1,8,2,-2.32,0.05,1,0,346
3826,126,12,7,26,10,7.29,0.05,1,0,346
3827,59,0,0,27,8,-0.04,0.05,1,0,346
3828,36,2,2,14,4,-1.26,0.05,1,0,346
3829,208,4,4,37,16,2.52,0.05,1,0,346
3830,191,8,3,27,12,1.49,0.05,1,0,346
3831,82,2,2,25,7,1.33,0.05,0,0,346
3832,41,1,1,5,2,-4.96,0.05,1,0,346
3833,23,1,1,9,3,-3.13,0.05,1,0,346
3834,205,2,2,30,19,-4.2,0.05,1,0,346
3835,37,0,0,13,5,-4.32,0.05,1,0,346
3836,135,8,3,20,9,4.2,0.05,1,0,346
3837,132,4,4,18,8,-0.92,0.05,1,0,346
3838,22,1,1,11,3,-1.02,0.05,1,0,346
3839,400,2,2,29,18,-9.6,0.05,0,1,346
3840,196,2,2,26,12,-3.66,0.05,0,0,346
3841,313,3,3,33,13,-9.73,0.05,1,0,346
3842,80,0,0,21,9,-4.2,0.05,1,0,346
3843,180,2,2,29,11,-0.95,0.05,0,0,346
3844,85,2,2,23,6,0.85,0.05,1,0,346
3845,25,1,1,11,3,-1.1,0.05,1,0,346
3846,91,2,2,25,9,5.79,0.05,1,0,346
3847,20,1,1,6,2,-2.35,0.05,1,0,346
3848,33,1,1,9,4,-3.28,0.05,1,0,346
3849,123,0,0,28,11,-6.68,0.05,1,0,346
3850,82,4,4,28,9,3.68,0.05,0,0,346
3851,42,0,0,18,6,-4.87,0.05,1,0,346
3852,28,0,0,14,4,-2.38,0.05,1,0,346
3853,58,0,0,17,7,-3.88,0.05,1,0,346
3854,281,4,4,33,21,-2.26,0.05,1,0,346
3855,193,3,3,37,16,1.27,0.05,1,0,346
3856,75,1,1,20,7,-3.0,0.05,1,0,346
3857,31,3,3,12,3,0.44,0.05,1,0,346
3858,172,3,3,31,13,-0.07,0.05,1,0,346
3859,321,1,1,30,26,-12.46,0.05,1,0,346
3860,28,0,0,9,4,-5.78,0.05,1,0,346
3861,123,4,4,24,9,2.97,0.05,0,0,346
3862,157,2,2,15,9,-2.57,0.05,1,0,346
3863,151,3,3,44,15,4.39,0.05,1,0,346
3864,107,0,0,18,10,-5.92,0.05,1,0,346
3865,235,3,3,26,13,-3.3,0.05,1,0,346
3866,139,2,2,30,9,1.26,0.05,1,0,346
3867,18,1,1,8,2,-1.83,0.05,1,0,346
3868,68,0,0,15,6,-5.03,0.05,0,0,346
3869,196,4,4,37,12,2.69,0.05,1,0,346
3870,26,1,1,10,3,-2.46,0.05,1,0,346
3871,221,5,5,39,16,3.09,0.05,1,0,346
3872,20,0,0,8,3,-4.05,0.05,1,0,346
3873,52,1,1,10,3,-2.62,0.05,1,0,346
3874,105,2,2,34,10,1.0,0.05,1,0,346
3875,199,3,3,35,12,-0.54,0.05,1,0,346
3876,77,2,2,25,7,-1.02,0.05,0,0,348
3877,13,0,0,6,2,-4.83,0.05,1,0,348
3878,19,1,1,7,2,-2.54,0.05,1,0,348
3879,161,3,3,25,10,-2.61,0.05,0,0,348
3880,87,0,0,21,9,-6.72,0.05,0,0,348
3881,400,2,2,31,34,-8.1,0.05,0,1,348
3882,119,3,3,24,8,1.16,0.05,0,0,348
3883,86,7,2,13,7,1.14,0.05,1,0,348
3884,7,0,0,3,1,-4.27,0.05,1,0,348
3885,400,5,5,48,23,0.4,0.05,0,1,348
3886,64,1,1,22,8,-1.99,0.05,1,0,348
3887,400,6,1,41,20,-4.05,0.05,0,1,348
3888,43,1,1,5,2,-4.08,0.05,1,0,348
3889,36,0,0,11,5,-4.36,0.05,1,0,348
3890,156,2,2,35,14,0.24,0.05,1,0,348
3891,400,8,3,41,38,1.45,0.05,0,1,348
3892,93,1,1,6,2,0.67,0.05,1,0,348
3893,97,1,1,21,9,-1.27,0.05,1,0,348
3894,46,1,1,8,2,-2.11,0.05,1,0,348
3895,262,3,3,27,17,-7.47,0.05,1,0,348
3896,54,0,0,19,7,-3.29,0.05,1,0,348
3897,30,0,0,13,4,-2.65,0.05,1,0,348
3898,58,1,1,15,5,1.17,0.05,1,0,348
3899,43,0,0,17,6,-2.78,0.05,1,0,348
3900,121,2,2,23,9,-0.41,0.05,1,0,348
3901,70,1,1,16,7,-3.3,0.05,1,0,348
3902,363,2,2,32,19,-11.38,0.05,1,0,348
3903,400,3,3,23,28,-5.95,0.05,0,1,348
3904,20,0,0,7,3,-5.2,0.05,1,0,348
3905,34,0,1,8,5,-4.29,0.05,1,0,348
3906,41,0,0,13,5,-3.76,0.05,1,0,348
3907,15,0,0,5,2,-5.35,0.05,1,0,348
3908,305,2,2,32,15,-8.35,0.05,1,0,348
3909,70,4,4,21,7,3.5,0.05,1,0,348
3910,13,0,0,6,2,-4.38,0.05,1,0,348
3911,99,2,2,40,11,4.01,0.05,1,0,348
3912,370,3,3,35,29,-7.7,0.05,0,0,348
3913,116,4,4,33,12,2.49,0.05,1,0,348
3914,68,3,3,19,7,0.27,0.05,1,0,348
3915,400,4,4,33,23,-7.35,0.05,0,1,348
3916,21,0,0,12,3,-2.26,0.05,1,0,348
3917,6,0,0,2,1,-4.51,0.05,1,0,348
3918,19,1,1,8,2,-2.34,0.05,1,0,348
3919,14,0,0,7,2,-3.69,0.05,1,0,348
3920,82,0,0,8,2,-4.57,0.05,1,0,348
3921,133,3,3,28,8,2.92,0.05,1,0,348
3922,5,0,0,3,1,-4.75,0.05,1,0,348
3923,88,2,2,30,9,0.52,0.05,1,0,348
3924,80,3,3,22,7,0.85,0.05,1,0,348
3925,87,4,4,27,8,4.03,0.05,1,0,348
3926,233,5,5,32,18,0.62,0.05,1,0,348
3927,198,2,2,31,15,3.42,0.05,0,1,348
3928,17,1,1,8,2,-2.82,0.05,1,0,348
3929,186,3,3,27,12,-0.46,0.05,1,0,348
3930,352,3,3,27,23,-11.17,0.05,1,0,348
3931,33,1,1,11,4,-2.68,0.05,1,0,348
3932,36,3,3,12,4,-0.21,0.05,1,0,348
3933,313,2,2,43,19,1.97,0.05,0,1,348
3934,152,1,1,36,16,-0.52,0.05,1,0,348
3935,98,4,4,23,8,1.27,0.05,0,0,348
3936,21,0,0,10,3,-3.86,0.05,1,0,348
3937,72,2,2,25,8,-0.17,0.05,0,0,348
3938,117,0,0,13,6,-5.77,0.05,0,0,348
3939,108,4,4,30,11,2.87,0.05,1,0,348
3940,196,3,3,31,13,-0.86,0.05,1,0,348
3941,117,2,2,26,10,-0.52,0.05,1,0,348
3942,62,0,0,20,7,-3.57,0.05,1,0,348
3943,194,1,1,24,12,-5.04,0.05,0,0,348
3944,220,5,5,23,17,-2.05,0.05,1,0,348
3945,33,1,1,10,4,-2.98,0.05,1,0,348
3946,105,4,4,28,10,2.45,0.05,0,0,348
3947,71,0,0,24,8,-1.06,0.05,1,0,348
3948,110,3,3,33,11,2.35,0.05,1,0,348
3949,171,5,5,33,14,6.04,0.05,1,0,348
3950,19,1,1,7,2,-2.64,0.05,1,0,348
3951,113,5,5,30,11,5.12,0.05,1,0,348
3952,97,2,2,38,11,2.08,0.05,1,0,348
3953,68,1,1,16,6,-3.18,0.05,1,0,348
3954,132,2,2,25,12,-2.92,0.05,0,0,348
3955,131,6,6,24,8,4.14,0.05,1,0,348
3956,14,0,0,7,2,-3.69,0.05,1,0,348
3957,58,1,1,15,5,-3.48,0.05,1,0,348
3958,29,0,0,14,4,-2.94,0.05,1,0,348
3959,18,1,1,7,2,-2.68,0.05,1,0,348
3960,342,2,2,27,19,-14.72,0.05,1,0,348
3961,67,2,2,25,8,0.63,0.05,1,0,348
3962,6,0,0,2,1,-4.66,0.05,1,0,348
3963,87,2,2,22,7,-1.67,0.05,0,0,348
3964,6,0,0,2,1,-4.51,0.05,1,0,348
3965,186,5,5,31,14,1.59,0.05,1,0,348
3966,119,1,1,26,11,-3.74,0.05,1,0,349
3967,61,1,1,15,7,-2.66,0.05,1,0,349
3968,400,2,2,27,11,0.55,0.05,0,1,349
3969,34,1,1,11,4,-4.59,0.05,1,0,349
3970,171,9,4,37,14,7.39,0.05,1,0,351
3971,86,1,1,22,8,-1.21,0.05,0,0,351
3972,96,0,0,23,9,-3.21,0.05,1,0,351
3973,25,1,1,12,3,-0.7,0.05,1,0,351
3974,17,1,1,8,2,-2.32,0.05,1,0,351
3975,95,1,1,9,4,-6.5,0.05,0,0,351
3976,65,0,0,22,7,-0.5,0.05,1,0,351
3977,253,5,5,36,24,-1.38,0.05,1,0,353
3978,22,0,0,11,3,-3.12,0.05,1,0,353
3979,27,0,0,11,4,-4.72,0.05,1,0,353
3980,82,2,2,26,8,1.08,0.05,1,0,353
3981,54,0,0,14,6,-4.69,0.05,1,0,353
3982,400,1,1,44,15,-8.1,0.05,0,1,353
3983,51,1,1,15,5,-3.21,0.05,0,0,353
3984,245,4,4,31,16,0.95,0.05,1,0,353
3985,47,1,1,22,6,-1.57,0.05,1,0,353
3986,45,1,1,14,5,-1.9,0.05,0,0,353
3987,22,1,1,10,3,-2.82,0.05,1,0,353
3988,6,0,0,3,1,-4.21,0.05,1,0,353
3989,342,5,5,47,21,-1.32,0.05,1,0,353
3990,103,1,1,29,11,-0.93,0.05,1,0,353
3991,209,5,5,29,13,-0.74,0.05,1,0,353
3992,158,3,3,18,7,-1.28,0.05,0,0,353
3993,231,3,3,33,15,2.04,0.05,0,1,353
3994,204,4,4,31,15,-1.49,0.05,0,0,353
3995,305,4,4,41,19,-6.7,0.05,1,0,353
3996,7,0,0,2,1,-4.57,0.05,1,0,353
3997,98,0,0,22,9,-6.18,0.05,1,0,353
3998,318,6,6,36,26,-1.13,0.05,1,0,353
3999,291,7,2,36,23,-0.51,0.05,1,0,353
4000,24,2,2,11,2,-1.34,0.05,1,0,353
4001,392,1,1,16,20,-11.07,0.05,1,0,353
4002,147,3,3,34,14,1.98,0.05,1,0,353
4003,56,0,0,3,2,-5.31,0.05,0,0,353
4004,136,10,5,38,11,10.64,0.05,1,0,353
4005,15,0,0,7,2,-4.25,0.05,1,0,353
4006,25,2,2,10,3,-1.3,0.05,1,0,353
4007,400,3,3,45,19,-6.1,0.05,0,1,353
4008,400,5,5,33,19,-1.9,0.05,0,1,353
4009,131,4,4,37,11,4.59,0.05,1,0,353
4010,123,1,1,29,10,-1.03,0.05,1,0,353
4011,221,7,2,25,14,-0.66,0.05,0,0,353
4012,78,1,1,23,7,-2.73,0.05,1,0,353
4013,118,8,3,45,12,10.42,0.05,1,0,353
4014,5,0,0,1,1,-5.35,0.05,1,0,353
4015,324,3,3,24,11,-0.74,0.05,0,1,353
4016,177,10,5,34,14,8.88,0.05,0,0,353
4017,400,3,3,33,19,-8.4,0.05,0,1,353
4018,22,0,0,4,3,-5.77,0.05,1,0,353
4019,76,3,3,19,7,0.04,0.05,1,0,353
4020,183,2,2,18,9,-4.23,0.05,1,0,353
4021,109,0,0,10,5,-6.44,0.05,0,0,353
4022,43,1,1,13,5,-3.28,0.05,0,0,353
4023,63,0,0,14,6,-3.38,0.05,0,0,353
4024,25,1,1,10,3,-3.35,0.05,1,0,353
4025,400,2,2,21,18,-15.5,0.05,0,1,353
4026,68,1,1,19,7,-2.33,0.05,1,0,353
4027,69,0,0,18,8,-5.79,0.05,1,0,353
4028,193,1,1,22,12,-5.98,0.05,0,0,353
4029,86,3,3,27,9,1.29,0.05,1,0,353
4030,77,1,1,23,8,-2.72,0.05,1,0,353
4031,33,1,1,7,4,-3.53,0.05,1,0,353
4032,90,3,3,32,10,1.25,0.05,1,0,353
4033,173,3,3,28,14,0.37,0.05,0,0,353
4034,79,1,1,22,9,-1.09,0.05,0,0,353
4035,83,2,2,28,9,0.72,0.05,1,0,353
4036,362,3,3,28,23,-15.42,0.05,1,0,353
4037,70,1,1,7,2,-4.25,0.05,0,0,353
4038,202,2,2,24,9,-2.82,0.05,1,0,353
4039,33,0,0,13,4,-4.28,0.05,1,0,353
4040,20,0,0,7,3,-5.15,0.05,1,0,353
4041,71,1,1,21,6,-1.71,0.05,1,0,353
4042,197,4,4,40,19,2.93,0.05,1,0,353
4043,43,2,2,20,5,1.52,0.05,1,0,353
4044,326,1,1,30,14,-7.61,0.05,1,0,353
4045,134,5,5,37,13,8.46,0.05,1,0,353
4046,22,0,0,12,3,-2.32,0.05,1,0,353
4047,43,2,2,12,5,-3.08,0.05,1,0,353
4048,57,2,2,15,4,-0.72,0.05,1,0,353
4049,38,2,2,10,4,-2.38,0.05,1,0,353
4050,53,1,1,17,7,-4.78,0.05,1,0,353
4051,229,3,3,22,12,-0.84,0.05,1,0,353
4052,144,4,4,37,12,5.51,0.05,0,0,353
4053,177,3,3,29,14,-0.77,0.05,1,0,353
4054,285,3,3,39,18,2.35,0.05,1,0,353
4055,32,1,1,12,4,-3.87,0.05,1,0,353
4056,89,0,0,23,7,-2.69,0.05,1,0,353
4057,83,2,2,22,8,-1.13,0.05,1,0,353
4058,360,2,2,33,22,-16.9,0.05,1,0,353
4059,46,3,3,13,5,-0.76,0.05,1,0,353
4060,129,2,2,32,13,1.91,0.05,1,0,353
4061,27,1,1,7,3,-3.67,0.05,1,0,353
4062,101,2,2,18,9,-2.86,0.05,0,0,353
4063,64,0,0,12,4,-2.89,0.05,1,0,353
4064,44,1,1,16,6,-2.94,0.05,1,0,353
4065,209,2,2,48,17,2.06,0.05,0,0,353
4066,139,2,2,26,8,0.56,0.05,1,0,353
4067,236,2,2,46,18,1.04,0.05,1,0,353
4068,220,3,3,38,18,-0.3,0.05,1,0,353
4069,33,1,1,9,4,-3.28,0.05,1,0,353
4070,73,3,3,27,8,3.72,0.05,1,0,353
4071,6,0,0,3,1,-4.21,0.05,1,0,353
4072,39,2,2,16,4,0.51,0.05,1,0,353
4073,56,0,0,14,7,-4.76,0.05,1,0,353
4074,192,3,3,34,14,0.43,0.05,1,0,353
4075,71,3,3,24,8,0.64,0.05,1,0,353
4076,72,2,2,19,7,-1.37,0.05,1,0,353
4077,224,2,2,28,18,-3.59,0.05,1,0,353
4078,90,3,3,27,9,0.9,0.05,1,0,353
4079,362,5,5,38,27,-0.62,0.05,1,0,353
4080,400,5,5,36,24,-8.9,0.05,0,1,353
4081,95,2,2,18,8,-0.8,0.05,0,0,353
4082,98,2,2,24,10,0.02,0.05,1,0,353
4083,164,0,0,26,11,-5.04,0.05,1,0,353
4084,400,5,5,63,24,11.4,0.05,0,1,353
4085,50,1,1,14,6,-3.05,0.05,1,0,353
4086,17,2,2,5,2,-2.12,0.05,1,0,353
4087,137,1,1,41,13,0.38,0.05,1,0,353
4088,27,0,0,12,4,-3.97,0.05,1,0,353
4089,133,3,3,29,11,2.37,0.05,1,0,353
4090,20,0,0,9,3,-3.7,0.05,1,0,353
4091,63,3,3,16,7,-0.68,0.05,0,0,353
4092,48,0,0,16,6,-3.48,0.05,1,0,353
4093,19,1,1,5,2,-3.24,0.05,1,0,353
4094,41,1,1,12,5,-3.56,0.05,1,0,353
4095,191,4,4,40,14,4.34,0.05,0,0,353
4096,71,1,1,11,6,-5.66,0.05,1,0,353
4097,20,0,0,9,3,-4.25,0.05,1,0,353
4098,100,1,1,20,9,-2.4,0.05,1,0,353
4099,14,0,0,8,2,-3.69,0.05,1,0,353
4100,130,3,3,30,12,2.85,0.05,1,0,353
4101,22,0,0,10,3,-3.92,0.05,1,0,353
4102,400,4,4,50,18,6.6,0.05,0,1,353
4103,146,5,5,25,10,1.39,0.05,1,0,353
4104,17,1,1,8,2,-2.37,0.05,1,0,353
4105,22,1,1,4,3,-4.62,0.05,1,0,353
4106,20,0,0,12,3,-3.6,0.05,1,0,353
4107,50,1,1,18,6,-1.55,0.05,1,0,353
4108,22,0,0,10,3,-4.02,0.05,1,0,353
4109,125,2,2,31,13,3.05,0.05,1,0,353
4110,156,5,5,33,14,3.84,0.05,0,0,353
4111,228,2,2,38,18,4.32,0.05,0,1,353
4112,355,4,4,32,19,-10.2,0.05,1,0,353
4113,330,2,2,37,24,-5.95,0.05,1,0,353
4114,127,3,3,29,11,-0.87,0.05,1,0,353
4115,107,2,2,33,10,2.88,0.05,1,0,353
4116,312,1,1,23,19,-12.67,0.05,1,0,353
4117,41,0,0,17,6,-4.51,0.05,1,0,353
4118,103,8,3,23,9,6.27,0.05,1,0,353
4119,49,1,1,19,6,-1.54,0.05,1,0,353
4120,17,1,1,7,2,-2.62,0.05,1,0,353
4121,114,1,1,7,2,-3.84,0.05,0,0,353
4122,58,3,3,17,6,1.02,0.05,1,0,353
4123,45,1,1,23,6,1.15,0.05,1,0,353
4124,63,1,1,6,3,-4.48,0.05,1,0,353
4125,42,1,1,16,4,-0.87,0.05,1,0,353
4126,34,1,1,16,4,-1.84,0.05,1,0,353
4127,61,3,3,21,5,2.09,0.05,1,0,353
4128,34,1,1,8,4,-4.09,0.05,1,0,353
4129,265,11,6,35,18,5.65,0.05,1,0,353
4130,111,2,2,31,11,0.69,0.05,0,0,353
4131,105,1,1,20,8,-3.75,0.05,1,0,353
4132,75,3,3,22,7,1.75,0.05,1,0,353
4133,61,1,1,20,6,-0.31,0.05,1,0,353
4134,37,0,0,5,2,-4.47,0.05,1,0,353
4135,400,1,1,33,40,-11.55,0.05,0,1,353
4136,225,5,5,41,17,3.35,0.05,0,0,354
4137,150,5,5,21,10,0.9,0.05,1,0,354
4138,56,1,1,21,7,-1.71,0.05,0,0,354
4139,400,2,2,44,39,-9.0,0.05,0,1,354
4140,54,1,1,16,7,-3.09,0.05,1,0,354
4141,241,9,4,43,19,14.44,0.05,0,1,354
4142,63,1,1,21,7,-1.53,0.05,1,0,354
4143,29,0,0,12,4,-4.39,0.05,1,0,354
4144,43,1,1,18,5,-0.78,0.05,1,0,354
4145,38,1,1,9,4,-2.98,0.05,1,0,354
4146,80,4,4,35,8,10.2,0.05,1,0,354
4147,25,1,1,11,3,-2.15,0.05,1,0,354
4148,40,1,1,13,4,-1.7,0.05,1,0,354
4149,192,5,5,24,10,0.28,0.05,1,0,354
4150,75,2,2,30,8,7.95,0.05,1,0,354
4151,164,1,1,38,15,0.81,0.05,1,0,354
4152,17,1,1,8,2,-2.37,0.05,1,0,354
4153,34,2,2,7,3,-3.39,0.05,1,0,354
4154,171,1,1,39,12,4.34,0.05,1,0,354
4155,213,5,5,35,16,1.72,0.05,1,0,354
4156,40,1,1,22,5,-0.25,0.05,1,0,354
4157,194,5,5,44,15,5.26,0.05,0,0,354
4158,22,0,0,11,3,-3.17,0.05,1,0,354
4159,364,1,1,28,21,-12.54,0.05,1,0,354
4160,400,6,6,27,29,-4.05,0.05,0,1,354
4161,327,2,2,30,19,-9.77,0.05,1,0,354
4162,30,0,0,11,4,-3.75,0.05,1,0,354
4163,50,1,1,17,5,-1.25,0.05,1,0,354
4164,119,1,1,39,12,2.91,0.05,1,0,354
4165,139,4,4,31,10,0.16,0.05,0,0,354
4166,149,6,1,40,15,4.96,0.05,1,0,354
4167,118,3,3,14,7,-1.03,0.05,1,0,354
4168,225,3,3,29,17,-3.3,0.05,1,0,354
4169,156,2,2,36,16,-0.61,0.05,1,0,354
4170,175,2,2,32,13,0.05,0.05,1,0,354
4171,27,1,1,11,3,-1.02,0.05,1,0,354
4172,20,0,0,8,3,-4.95,0.05,1,0,354
4173,106,0,0,14,8,-3.81,0.05,0,0,354
4174,18,1,1,8,2,-1.93,0.05,1,0,354
4175,13,0,0,5,2,-4.58,0.05,1,0,354
4176,29,1,1,9,3,-2.59,0.05,1,0,354
4177,54,1,1,20,7,-2.94,0.05,1,0,354
4178,6,0,0,2,1,-4.51,0.05,1,0,354
4179,116,4,4,38,11,3.49,0.05,1,0,354
4180,37,0,0,14,5,-5.07,0.05,1,0,354
4181,50,1,1,18,6,-3.3,0.05,1,0,354
4182,17,1,1,8,2,-2.37,0.05,1,0,354
4183,18,1,1,7,2,-2.73,0.05,1,0,354
4184,45,1,1,18,5,-1.45,0.05,1,0,354
4185,97,2,2,28,11,0.78,0.05,1,0,354
4186,400,6,6,34,16,-0.65,0.05,0,1,354
4187,137,4,4,18,10,0.33,0.05,1,0,354
4188,14,0,0,8,2,-4.34,0.05,1,0,354
4189,18,1,1,6,2,-2.43,0.05,1,0,354
4190,122,4,4,21,8,1.38,0.05,1,0,354
4191,255,4,4,44,22,2.5,0.05,1,0,354
4192,151,1,1,11,6,-5.81,0.05,1,0,355
4193,22,0,0,14,3,-1.67,0.05,1,0,355
4194,112,1,1,5,3,-5.02,0.05,0,0,356
4195,196,4,4,27,16,-0.76,0.05,1,0,356
4196,57,1,1,22,7,-0.22,0.05,1,0,356
4197,400,3,3,28,35,-9.35,0.05,0,1,356
4198,171,9,4,37,16,6.39,0.05,1,0,356
4199,53,2,2,16,7,-3.23,0.05,1,0,356
4200,97,2,2,23,7,-0.87,0.05,1,0,356
4201,112,2,2,13,4,-2.17,0.05,0,0,356
4202,14,0,0,7,2,-3.59,0.05,1,0,356
4203,187,2,2,44,18,1.48,0.05,1,0,356
4204,56,0,0,14,6,-3.31,0.05,1,0,356
4205,18,1,1,9,2,-1.58,0.05,1,0,356
4206,54,2,2,11,4,-2.44,0.05,1,0,356
4207,7,0,0,2,1,-5.02,0.05,1,0,356
4208,21,0,0,9,3,-3.71,0.05,1,0,356
4209,5,0,0,4,1,-5.85,0.05,1,0,356
4210,97,3,3,25,9,2.03,0.05,1,0,356
4211,33,1,1,12,4,-3.08,0.05,1,0,356
4212,17,2,2,7,2,-1.47,0.05,1,0,356
4213,290,3,3,35,19,-1.2,0.05,1,0,356
4214,18,1,1,9,2,-1.48,0.05,1,0,356
4215,400,5,5,42,18,-1.2,0.05,0,1,356
4216,21,0,0,12,3,-3.26,0.05,1,0,356
4217,156,3,3,26,9,0.14,0.05,1,0,356
4218,143,5,5,32,11,5.27,0.05,1,0,356
4219,146,12,2,34,13,10.44,0.05,0,0,356
4220,130,5,5,31,10,2.8,0.05,0,0,356
4221,129,4,4,26,11,7.56,0.05,1,0,356
4222,130,2,2,37,12,3.2,0.05,1,0,356
4223,54,0,0,23,6,4.51,0.05,1,0,356
4224,266,6,1,32,23,-1.41,0.05,0,0,356
4225,183,4,4,35,15,2.47,0.05,1,0,356
4226,55,1,1,15,6,-2.8,0.05,1,0,356
4227,18,1,1,8,2,-1.88,0.05,1,0,356
4228,7,0,0,2,1,-4.57,0.05,1,0,356
4229,167,3,3,30,16,0.53,0.05,1,0,356
4230,39,1,1,17,5,-2.04,0.05,1,0,356
4231,43,1,1,16,6,-3.83,0.05,1,0,356
4232,155,8,3,38,15,10.25,0.05,1,0,356
4233,126,7,2,10,4,1.94,0.05,1,0,356
4234,276,4,4,34,25,-8.86,0.05,1,0,356
4235,199,3,3,30,13,0.11,0.05,1,0,356
4236,116,2,2,34,12,1.74,0.05,1,0,356
4237,14,0,0,4,2,-5.14,0.05,1,0,356
4238,34,1,1,6,4,-4.29,0.05,1,0,356
4239,26,2,2,8,3,-1.31,0.05,1,0,356
4240,64,3,3,17,6,-0.44,0.05,1,0,356
4241,182,2,2,38,16,-2.27,0.05,0,0,356
4242,165,1,1,7,3,-6.95,0.05,1,0,356
4243,183,3,3,35,13,1.47,0.05,1,0,356
4244,32,1,1,12,4,-3.42,0.05,1,0,356
4245,33,1,1,9,4,-3.78,0.05,1,0,356
4246,107,0,0,36,13,-2.02,0.05,1,0,357
4247,16,0,0,4,2,-6.51,0.05,1,0,357
4248,127,2,2,26,11,-3.22,0.05,1,0,357
4249,113,1,1,29,10,0.52,0.05,1,0,357
4250,102,2,2,26,8,1.88,0.05,1,0,357
4251,6,0,0,3,1,-4.21,0.05,1,0,357
4252,88,0,0,10,5,-5.78,0.05,1,0,357
4253,46,1,1,18,5,-0.91,0.05,1,0,357
4254,18,1,1,7,2,-2.88,0.05,1,0,357
4255,237,1,1,35,17,1.23,0.05,0,1,357
4256,30,1,1,13,4,-2.65,0.05,1,0,357
4257,95,2,2,11,4,2.75,0.05,1,0,357
4258,17,2,2,8,2,-1.17,0.05,1,0,357
4259,303,3,3,26,15,-9.23,0.05,1,0,357
4260,18,1,1,6,2,-3.43,0.05,1,0,357
4261,26,1,1,8,3,-2.41,0.05,1,0,357
4262,43,3,3,11,3,0.07,0.05,0,0,357
4263,242,3,3,36,22,-2.02,0.05,1,0,357
4264,58,0,0,16,6,-1.83,0.05,1,0,357
4265,48,4,4,7,3,-0.68,0.05,0,0,357
4266,87,3,3,20,6,-0.42,0.05,0,0,357
4267,347,5,5,53,24,1.18,0.05,1,0,357
4268,122,4,4,12,8,-3.77,0.05,0,0,357
4269,117,3,3,16,7,-0.42,0.05,1,0,357
4270,76,1,1,24,8,0.04,0.05,1,0,357
4271,55,1,1,21,7,-1.6,0.05,1,0,357
4272,37,2,2,11,4,-2.47,0.05,1,0,357
4273,59,1,1,8,4,-3.89,0.05,1,0,357
4274,115,2,2,6,4,-6.3,0.05,1,0,357
4275,133,1,1,20,10,-3.53,0.05,0,0,357
4276,25,1,1,8,3,-2.05,0.05,1,0,357
4277,71,3,3,16,6,-1.61,0.05,1,0,357
4278,40,1,1,14,5,-2.9,0.05,1,0,357
4279,88,3,3,17,8,-2.43,0.05,1,0,357
4280,35,0,0,16,5,-3.35,0.05,1,0,357
4281,154,3,3,25,11,-3.34,0.05,1,0,357
4282,144,3,3,25,12,0.36,0.05,1,0,357
4283,400,9,4,42,21,5.15,0.05,0,1,357
4284,400,3,3,33,33,-5.8,0.05,0,1,357
4285,72,0,0,26,9,-0.12,0.05,1,0,357
4286,163,3,3,21,9,-1.33,0.05,1,0,357
4287,141,4,4,25,11,1.34,0.05,1,0,357
4288,400,5,5,43,21,-0.5,0.05,0,1,357
4289,20,0,0,5,3,-6.4,0.05,1,0,357
4290,13,0,0,6,2,-5.83,0.05,1,0,357
4291,46,0,0,19,6,-2.66,0.05,1,0,357
4292,18,1,1,6,2,-2.38,0.05,1,0,357
4293,6,0,0,2,1,-4.51,0.05,1,0,357
4294,18,1,1,7,2,-2.18,0.05,1,0,357
4295,217,2,2,31,15,-2.52,0.05,1,0,357
4296,66,4,4,17,6,1.64,0.05,1,0,357
4297,95,2,2,16,5,-1.75,0.05,1,0,357
4298,55,2,2,12,5,-0.6,0.05,0,0,357
4299,65,1,1,24,8,-0.75,0.05,1,0,357
4300,13,0,0,8,2,-4.28,0.05,1,0,357
4301,35,0,0,13,5,-4.35,0.05,1,0,357
4302,194,3,3,31,17,-0.64,0.05,1,0,357
4303,74,1,1,12,5,-5.89,0.05,1,0,357
4304,234,7,7,43,17,12.51,0.05,0,1,357
4305,17,1,1,7,2,-2.67,0.05,1,0,357
4306,216,3,3,44,17,3.54,0.05,1,0,357
4307,17,1,1,9,2,-2.52,0.05,1,0,357
4308,188,4,4,18,8,-1.53,0.05,1,0,357
4309,96,3,3,30,10,1.69,0.05,1,0,357
4310,293,3,3,27,14,-3.18,0.05,1,0,357
4311,281,6,6,32,17,-2.86,0.05,1,0,357
4312,14,0,0,8,2,-3.29,0.05,1,0,357
4313,90,2,2,26,8,0.45,0.05,1,0,357
4314,153,4,4,18,9,-1.03,0.05,1,0,357
4315,81,3,3,23,8,2.09,0.05,0,0,357
4316,286,4,4,35,14,0.99,0.05,1,0,357
4317,270,6,1,33,20,-2.85,0.05,1,0,357
4318,89,4,4,21,9,-0.29,0.05,1,0,357
4319,25,1,1,11,3,-2.15,0.05,1,0,357
4320,141,1,1,27,11,-0.76,0.05,1,0,357
4321,75,0,0,22,7,-3.65,0.05,1,0,357
4322,72,1,1,18,7,-1.77,0.05,1,0,357
4323,62,1,1,15,5,-2.87,0.05,1,0,357
4324,109,1,1,22,10,-3.04,0.05,1,0,357
4325,142,3,3,29,11,0.93,0.05,1,0,357
4326,31,1,1,14,4,-3.31,0.05,1,0,357
4327,6,0,0,2,1,-4.41,0.05,1,0,357
4328,400,7,2,36,22,-4.25,0.05,0,1,357
4329,19,1,1,9,2,-2.59,0.05,1,0,357
4330,124,1,1,26,10,-2.34,0.05,1,0,357
4331,14,0,0,6,2,-3.99,0.05,1,0,357
4332,13,0,0,8,2,-3.93,0.05,1,0,357
4333,102,2,2,21,10,-3.97,0.05,0,0,357
4334,135,2,2,24,10,-0.55,0.05,0,0,357
4335,37,1,1,16,5,-2.37,0.05,1,0,357
4336,124,2,2,21,7,0.31,0.05,0,0,357
4337,400,13,3,55,19,19.55,0.05,0,1,357
4338,279,4,4,34,20,-5.39,0.05,1,0,357
4339,224,3,3,39,19,1.11,0.05,1,0,357
4340,25,3,3,8,3,-0.9,0.05,1,0,357
4341,7,0,0,3,1,-4.17,0.05,1,0,357
4342,225,3,3,28,12,-2.55,0.05,1,0,357
4343,264,4,4,32,21,-1.54,0.05,1,0,357
4344,99,3,3,26,9,1.46,0.05,1,0,357
4345,18,3,3,8,2,0.42,0.05,1,0,357
4346,216,4,4,38,18,1.64,0.05,1,0,357
4347,218,2,2,21,10,-3.98,0.05,1,0,357
4348,14,0,0,6,2,-4.54,0.05,1,0,357
4349,362,3,3,35,17,-4.42,0.05,0,0,357
4350,167,3,3,27,13,0.03,0.05,1,0,357
4351,57,2,2,11,3,-1.37,0.05,1,0,357
4352,107,0,0,9,4,-6.32,0.05,0,0,357
4353,105,1,1,34,11,2.4,0.05,1,0,357
4354,64,1,1,21,8,-3.69,0.05,1,0,357
4355,226,1,1,39,18,-2.61,0.05,1,0,357
4356,154,0,0,29,14,-3.49,0.05,1,0,357
4357,107,1,1,11,6,-3.97,0.05,0,0,357
4358,255,5,5,52,24,10.3,0.05,0,1,357
4359,17,1,1,6,2,-3.42,0.05,1,0,357
4360,16,0,0,5,2,-5.66,0.05,1,0,357
4361,96,1,1,34,10,0.79,0.05,1,0,357
4362,129,6,1,31,11,3.06,0.05,1,0,357
4363,87,1,1,28,9,-0.87,0.05,1,0,358
4364,65,2,2,11,5,-4.1,0.05,1,0,358
4365,179,1,1,37,12,0.36,0.05,1,0,358
4366,19,1,1,6,2,-2.44,0.05,1,0,358
4367,65,6,1,17,7,2.6,0.05,1,0,358
4368,335,2,2,39,14,2.95,0.05,0,1,358
4369,92,2,2,26,8,-1.57,0.05,1,0,358
4370,280,1,1,42,20,-2.5,0.05,1,0,358
4371,56,1,1,13,5,-2.41,0.05,1,0,358
4372,69,1,1,16,6,-2.94,0.05,0,0,358
4373,357,4,4,50,25,-2.67,0.05,1,0,358
4374,363,0,0,19,22,-16.68,0.05,1,0,358
4375,20,0,0,8,3,-5.4,0.05,1,0,358
4376,17,1,1,7,2,-2.57,0.05,1,0,358
4377,168,4,4,33,13,2.77,0.05,1,0,358
4378,37,3,3,11,4,-0.12,0.05,1,0,358
4379,64,3,3,21,6,1.51,0.05,1,0,358
4380,400,4,4,32,21,-6.2,0.05,0,1,359
4381,275,9,4,35,22,2.65,0.05,1,0,359
4382,221,4,4,45,18,10.84,0.05,0,1,359
4383,107,1,1,26,12,-1.97,0.05,1,0,359
4384,79,4,4,18,6,2.46,0.05,1,0,359
4385,400,2,2,30,16,-7.7,0.05,0,1,359
4386,104,5,5,28,11,3.11,0.05,1,0,359
4387,30,2,2,11,3,-1.45,0.05,1,0,359
4388,161,3,3,47,17,2.64,0.05,1,0,359
4389,119,5,5,20,10,-1.19,0.05,0,0,359
4390,7,0,0,3,1,-4.27,0.05,1,0,359
4391,236,2,2,48,24,-1.06,0.05,1,0,359
4392,275,5,5,40,18,1.5,0.05,1,0,359
4393,92,4,4,23,8,2.88,0.05,0,0,359
4394,206,2,2,40,19,-2.61,0.05,1,0,359
4395,97,1,1,23,7,-2.52,0.05,1,0,359
4396,71,0,0,15,6,-2.56,0.05,1,0,359
4397,27,0,0,8,4,-5.57,0.05,1,0,359
4398,189,4,4,33,15,2.16,0.05,1,0,359
4399,161,3,3,28,16,-4.66,0.05,1,0,359
4400,275,2,2,30,28,-6.65,0.05,1,0,359
4401,34,1,1,12,4,-2.39,0.05,1,0,359
4402,46,2,2,15,5,-1.56,0.05,1,0,359
4403,190,5,5,31,15,-0.25,0.05,1,0,359
4404,111,0,0,13,5,-3.56,0.05,1,0,359
4405,118,5,5,35,11,4.12,0.05,1,0,359
4406,84,1,1,23,8,-3.04,0.05,1,0,359
4407,30,0,0,17,4,-2.4,0.05,1,0,359
4408,232,4,4,44,18,-0.22,0.05,1,0,359
4409,44,2,2,15,5,-2.54,0.05,1,0,359
4410,48,2,2,15,5,-0.68,0.05,1,0,359
4411,138,2,2,27,11,-3.48,0.05,1,0,359
4412,110,1,1,28,11,-0.2,0.05,1,0,359
4413,21,0,0,10,3,-3.46,0.05,1,0,359
4414,74,3,3,24,7,2.26,0.05,1,0,359
4415,29,2,2,10,3,-1.19,0.05,1,0,359
4416,18,1,1,7,2,-2.18,0.05,1,0,359
4417,303,3,3,37,23,-5.38,0.05,1,0,359
4418,5,0,0,3,1,-4.8,0.05,1,0,359
4419,64,2,2,21,6,1.46,0.05,1,0,359
4420,156,3,3,28,12,1.34,0.05,1,0,359
4421,86,2,2,17,8,-1.61,0.05,1,0,359
4422,63,2,2,18,6,0.62,0.05,1,0,359
4423,248,5,5,27,13,2.17,0.05,1,0,359
4424,93,1,1,20,9,-4.53,0.05,1,0,359
4425,43,2,2,15,5,-0.68,0.05,1,0,359
4426,93,3,3,18,6,-0.88,0.05,1,0,359
4427,178,1,1,21,9,-4.83,0.05,0,0,359
4428,84,0,0,21,9,-5.74,0.05,1,0,359
4429,5,0,0,3,1,-4.75,0.05,1,0,359
4430,400,3,3,42,15,2.65,0.05,0,1,359
4431,124,1,1,19,7,-3.09,0.05,0,0,359
4432,292,4,4,15,10,-4.07,0.05,1,0,359
4433,198,2,2,35,14,-2.98,0.05,1,0,359
4434,113,4,4,30,11,1.97,0.05,1,0,359
4435,35,0,0,14,5,-4.05,0.05,1,0,359
4436,43,1,1,17,5,-2.08,0.05,1,0,359
4437,228,4,4,29,14,-0.38,0.05,1,0,359
4438,162,1,1,35,15,-0.57,0.05,1,0,359
4439,113,2,2,28,12,1.42,0.05,1,0,359
4440,66,2,2,17,7,-1.36,0.05,1,0,359
4441,134,4,4,22,9,0.66,0.05,0,0,359
4442,24,1,1,11,3,-2.09,0.05,1,0,359
4443,18,3,3,8,2,0.32,0.05,1,0,359
4444,75,5,5,22,7,3.15,0.05,1,0,359
4445,70,2,2,28,8,0.35,0.05,1,0,359
4446,149,1,1,41,15,1.96,0.05,1,0,359
4447,82,4,4,29,9,4.23,0.05,1,0,359
4448,115,1,1,21,9,-2.2,0.05,1,0,359
4449,214,2,2,26,17,-7.04,0.05,1,0,359
4450,46,0,0,5,3,-5.66,0.05,0,0,359
4451,90,1,1,28,11,-1.05,0.05,0,0,359
4452,242,4,4,48,22,2.93,0.05,1,0,359
4453,102,4,4,18,10,-2.22,0.05,0,0,359
4454,139,4,4,26,11,-0.04,0.05,1,0,359
4455,133,2,2,28,12,-4.93,0.05,1,0,359
4456,240,1,1,26,20,-8.15,0.05,1,0,359
4457,17,2,2,9,2,-1.32,0.05,1,0,359
4458,400,3,3,31,15,-9.0,0.05,0,1,359
4459,51,1,1,17,6,-3.16,0.05,1,0,359
4460,56,3,3,9,3,-2.56,0.05,1,0,359
4461,76,1,1,19,7,-0.86,0.05,1,0,359
4462,127,3,3,33,11,-0.17,0.05,1,0,359
4463,294,4,4,48,29,-1.14,0.05,1,0,359
4464,74,2,2,32,9,2.56,0.05,1,0,359
4465,74,1,1,17,7,-1.64,0.05,1,0,359
4466,104,0,0,32,10,-0.89,0.05,1,0,359
4467,6,0,0,3,1,-4.21,0.05,1,0,359
4468,54,1,1,18,6,-0.49,0.05,1,0,359
4469,162,2,2,43,17,3.33,0.05,0,0,359
4470,198,5,5,41,17,3.62,0.05,1,0,359
4471,352,3,3,32,28,-10.32,0.05,1,0,359
4472,154,2,2,39,14,3.66,0.05,0,0,359
4473,351,3,3,30,28,-10.41,0.05,1,0,359
4474,18,1,1,7,2,-2.68,0.05,1,0,359
4475,149,5,5,33,10,3.31,0.05,0,0,359
4476,35,2,2,10,3,-0.3,0.05,1,0,359
4477,82,2,2,28,9,-1.92,0.05,1,0,359
4478,15,0,0,8,2,-4.4,0.05,1,0,359
4479,194,4,4,36,13,3.81,0.05,1,0,359
4480,66,0,0,27,8,0.64,0.05,1,0,359
4481,400,2,2,38,19,-7.15,0.05,0,1,359
4482,400,2,2,21,11,-12.55,0.05,0,1,359
4483,41,0,0,13,5,-6.36,0.05,1,0,359
4484,60,0,0,18,7,-1.85,0.05,1,0,359
4485,112,2,2,31,11,2.63,0.05,1,0,359
4486,89,2,2,28,9,1.61,0.05,0,0,359
4487,114,6,6,32,9,5.91,0.05,1,0,359
4488,160,4,4,40,15,1.85,0.05,0,0,359
4489,92,3,3,30,8,3.18,0.05,1,0,359
4490,84,1,1,10,4,-4.89,0.05,0,0,359
4491,317,7,2,23,14,-1.87,0.05,1,0,359
4492,37,0,0,14,5,-4.62,0.05,0,0,359
4493,122,2,2,25,12,-1.82,0.05,1,0,359
4494,18,1,1,7,2,-2.63,0.05,1,0,359
4495,36,1,1,12,4,-3.41,0.05,1,0,359
4496,98,1,1,25,9,-1.58,0.05,1,0,359
4497,26,1,1,9,3,-2.96,0.05,1,0,359
4498,227,2,2,39,15,-0.02,0.05,1,0,359
4499,59,1,1,17,7,-4.99,0.05,1,0,359
4500,102,2,2,26,8,-1.12,0.05,1,0,359
4501,78,3,3,24,7,2.72,0.05,1,0,359
4502,248,3,3,49,19,4.67,0.05,1,0,359
4503,115,2,2,29,11,1.35,0.05,1,0,359
4504,32,1,1,11,4,-2.77,0.05,1,0,359
4505,373,5,5,39,24,-3.98,0.05,1,0,359
4506,400,3,3,23,17,-11.1,0.05,0,1,359
4507,19,1,1,8,2,-2.39,0.05,1,0,359
4508,295,1,1,37,16,-6.9,0.05,1,0,359
4509,147,3,3,32,13,0.43,0.05,1,0,359
4510,94,1,1,27,11,-3.84,0.05,1,0,359
4511,36,0,0,11,4,-3.76,0.05,0,0,359
4512,44,2,2,15,5,-1.19,0.05,1,0,359
4513,81,0,0,13,5,-3.26,0.05,1,0,359
4514,96,3,3,18,7,0.39,0.05,1,0,359
4515,349,8,3,48,30,2.31,0.05,1,0,360
4516,27,1,1,11,3,-1.52,0.05,1,0,360
4517,42,2,2,13,5,-2.22,0.05,1,0,360
4518,17,1,1,7,2,-2.67,0.05,1,0,360
4519,49,2,2,21,6,0.01,0.05,1,0,360
4520,130,4,4,22,9,-2.15,0.05,0,0,360
4521,130,2,2,32,13,-0.65,0.05,1,0,361
4522,116,1,1,17,7,-3.21,0.05,1,0,361
4523,93,2,2,27,10,-0.08,0.05,1,0,361
4524,84,0,0,19,7,-4.04,0.05,1,0,361
4525,121,1,1,15,6,-4.76,0.05,1,0,361
4526,117,10,5,28,11,6.93,0.05,1,0,361
4527,111,5,5,25,8,3.24,0.05,1,0,361
4528,21,2,2,11,2,-0.31,0.05,1,0,361
4529,55,2,2,13,4,-3.3,0.05,1,0,361
4530,25,1,1,8,3,-3.05,0.05,1,0,361
4531,89,2,2,21,9,-1.44,0.05,1,0,361
4532,43,0,0,18,5,-1.88,0.05,1,0,361
4533,76,3,3,22,6,0.14,0.05,1,0,361
4534,191,3,3,39,19,-1.36,0.05,0,0,361
4535,18,1,1,8,2,-1.88,0.05,1,0,361
4536,250,6,1,16,10,-0.85,0.05,1,0,361
4537,95,5,5,16,7,1.3,0.05,1,0,361
4538,35,1,1,13,4,-1.6,0.05,1,0,361
4539,83,1,1,29,9,-1.08,0.05,0,0,361
4540,145,3,3,35,13,2.15,0.05,0,0,361
4541,17,1,1,8,2,-2.37,0.05,1,0,361
4542,34,0,0,12,4,-3.54,0.05,1,0,361
4543,33,1,1,16,4,-0.73,0.05,1,0,361
4544,101,2,2,22,8,0.54,0.05,0,0,361
4545,17,1,1,8,2,-2.27,0.05,1,0,361
4546,34,1,1,9,4,-4.04,0.05,1,0,361
4547,234,4,4,35,22,-4.24,0.05,1,0,361
4548,25,2,2,11,3,-1.05,0.05,1,0,361
4549,400,3,3,10,4,-1.15,0.05,0,1,361
4550,66,1,1,26,8,-1.76,0.05,1,0,361
4551,298,2,2,33,22,-9.98,0.05,1,0,361
4552,186,2,2,34,17,-0.56,0.05,1,0,361
4553,17,1,1,7,2,-3.02,0.05,1,0,361
4554,245,0,0,18,11,-6.8,0.05,1,0,361
4555,37,0,0,16,5,-2.77,0.05,1,0,361
4556,59,1,1,22,7,-2.14,0.05,1,0,361
4557,42,1,1,16,5,-2.82,0.05,1,0,361
4558,27,2,2,13,3,-1.37,0.05,1,0,361
4559,73,1,1,30,7,1.57,0.05,1,0,361
4560,126,4,4,34,11,3.04,0.05,0,0,361
4561,400,2,2,33,32,-6.8,0.05,0,1,361
4562,19,1,1,6,2,-3.84,0.05,1,0,361
4563,132,2,2,36,14,-0.17,0.05,1,0,361
4564,81,4,4,30,8,6.14,0.05,1,0,361
4565,5,0,0,1,1,-4.85,0.05,1,0,361
4566,34,2,2,9,3,-1.29,0.05,1,0,361
4567,63,3,3,21,7,0.97,0.05,1,0,361
4568,18,2,2,9,2,-0.93,0.05,1,0,361
4569,52,2,2,19,6,0.03,0.05,1,0,361
4570,95,2,2,18,6,-1.6,0.05,1,0,361
4571,119,1,1,32,10,-2.39,0.05,0,0,361
4572,26,1,1,9,3,-2.56,0.05,1,0,361
4573,24,1,1,8,2,-2.79,0.05,1,0,361
4574,320,4,4,46,29,-0.6,0.05,1,0,361
4575,192,4,4,37,16,-0.22,0.05,1,0,362
4576,400,2,2,39,38,-9.55,0.05,0,1,362
4577,6,0,0,2,1,-4.51,0.05,1,0,362
4578,57,2,2,15,4,-1.22,0.05,0,0,362
4579,156,3,3,26,10,-2.66,0.05,1,0,362
4580,97,1,1,23,10,-2.67,0.05,1,0,362
4581,88,3,3,21,8,0.97,0.05,0,0,363
4582,209,2,2,24,14,-4.84,0.05,1,0,363
4583,104,1,1,18,10,-4.84,0.05,1,0,363
4584,400,1,1,33,17,-7.45,0.05,0,1,363
4585,43,0,0,21,6,-3.03,0.05,1,0,363
4586,54,2,2,19,6,-0.24,0.05,1,0,363
4587,242,2,2,16,12,-4.92,0.05,1,0,363
4588,136,0,0,4,2,-6.26,0.05,1,0,363
4589,353,0,0,27,13,-6.53,0.05,1,0,363
4590,47,2,2,15,5,-1.12,0.05,1,0,363
4591,87,4,4,18,8,0.28,0.05,1,0,363
4592,6,0,0,3,1,-4.21,0.05,1,0,363
4593,207,6,1,36,18,3.23,0.05,1,0,363
4594,210,4,4,43,16,3.45,0.05,1,0,363
4595,81,4,4,20,7,1.19,0.05,1,0,363
4596,44,0,0,19,5,-2.54,0.05,1,0,363
4597,349,1,1,42,32,-9.14,0.05,1,0,363
4598,115,1,1,32,11,0.1,0.05,1,0,363
4599,46,1,1,17,5,-1.26,0.05,0,0,363
4600,47,1,1,21,6,-2.42,0.05,1,0,363
4601,109,2,2,10,3,-3.29,0.05,1,0,363
4602,140,2,2,31,13,0.9,0.05,0,0,363
4603,33,1,1,10,4,-2.98,0.05,1,0,363
4604,157,2,2,29,13,-0.57,0.05,1,0,363
4605,129,3,3,29,11,0.11,0.05,1,0,363
4606,400,6,6,32,19,-4.4,0.05,0,1,363
4607,93,2,2,27,8,0.92,0.05,1,0,363
4608,17,1,1,8,2,-2.37,0.05,1,0,363
4609,128,3,3,20,7,-2.68,0.05,0,0,363
4610,327,5,5,34,18,-5.27,0.05,1,0,363
4611,28,0,0,13,4,-4.18,0.05,1,0,363
4612,35,1,1,11,4,-4.2,0.05,1,0,363
4613,178,3,3,30,10,2.87,0.05,0,0,363
4614,113,0,0,10,4,-4.38,0.05,1,0,363
4615,156,3,3,39,16,3.39,0.05,0,0,363
4616,21,0,0,12,3,-2.81,0.05,1,0,363
4617,52,4,4,15,5,1.03,0.05,1,0,363
4618,396,7,2,32,21,-5.66,0.05,1,0,363
4619,35,1,1,11,4,-3.75,0.05,1,0,363
4620,13,0,0,5,2,-4.78,0.05,1,0,363
4621,60,3,3,15,6,0.25,0.05,1,0,363
4622,46,0,0,16,6,-5.16,0.05,1,0,363
4623,35,0,0,14,5,-4.45,0.05,1,0,363
4624,174,2,2,38,15,0.76,0.05,1,0,363
4625,59,1,1,18,6,-1.44,0.05,1,0,363
4626,27,0,0,11,4,-4.22,0.05,1,0,363
4627,54,2,2,20,6,-0.74,0.05,1,0,363
4628,126,4,4,39,12,4.44,0.05,1,0,363
4629,359,2,2,36,29,-8.14,0.05,1,0,363
4630,5,0,0,3,1,-4.75,0.05,1,0,363
4631,14,0,0,4,2,-5.49,0.05,1,0,363
4632,13,0,0,8,2,-4.33,0.05,1,0,363
4633,224,5,5,40,17,-0.44,0.05,1,0,363
4634,53,1,1,13,6,-5.43,0.05,1,0,363
4635,112,5,5,32,11,0.48,0.05,1,0,363
4636,86,2,2,20,9,-1.31,0.05,1,0,363
4637,14,0,0,9,2,-3.09,0.05,1,0,363
4638,356,2,2,32,18,-14.31,0.05,1,0,363
4639,87,2,2,22,8,0.43,0.05,0,0,363
4640,296,4,4,46,30,-3.26,0.05,1,0,363
4641,222,4,4,22,11,-2.22,0.05,1,0,363
4642,94,1,1,24,8,-4.34,0.05,1,0,363
4643,55,2,2,15,5,-1.25,0.05,1,0,363
4644,13,0,0,6,2,-4.48,0.05,1,0,363
4645,27,1,1,8,3,-3.62,0.05,1,0,363
4646,36,1,1,13,4,-2.06,0.05,1,0,363
4647,75,6,1,23,7,3.3,0.05,1,0,363
4648,55,1,1,11,5,-5.45,0.05,1,0,363
4649,393,5,5,34,35,-10.73,0.05,1,0,363
4650,81,3,3,26,8,1.04,0.05,0,0,363
4651,136,3,3,29,12,-0.66,0.05,1,0,363
4652,21,2,2,7,2,-1.96,0.05,1,0,363
4653,191,6,1,50,18,8.29,0.05,1,0,363
4654,18,1,1,6,2,-2.93,0.05,1,0,363
4655,185,5,5,40,17,2.2,0.05,1,0,363
4656,67,0,0,8,4,-6.57,0.05,1,0,363
4657,300,2,2,38,18,-1.25,0.05,1,0,363
4658,23,0,0,10,3,-3.33,0.05,1,0,363
4659,45,3,3,11,5,4.3,0.05,1,0,363
4660,192,2,2,42,15,1.23,0.05,0,0,363
4661,121,1,1,25,9,-2.31,0.05,0,0,363
4662,69,1,1,21,5,-0.14,0.05,1,0,363
4663,400,8,3,43,20,8.6,0.05,0,1,363
4664,233,4,4,42,14,0.77,0.05,0,0,363
4665,400,3,3,25,19,-3.55,0.05,0,1,363
4666,38,2,2,12,4,-0.73,0.05,1,0,363
4667,135,2,2,16,12,-5.95,0.05,1,0,363
4668,42,0,0,15,5,-3.62,0.05,1,0,363
4669,36,0,0,15,5,-2.66,0.05,1,0,363
4670,17,1,1,8,2,-2.37,0.05,1,0,363
4671,19,1,1,8,2,-2.69,0.05,1,0,363
4672,33,1,1,10,4,-2.98,0.05,1,0,363
4673,80,0,0,10,4,-4.05,0.05,0,0,364
4674,96,8,3,22,7,5.84,0.05,0,0,364
4675,211,5,5,40,18,5.29,0.05,0,0,364
4676,80,3,3,24,7,1.05,0.05,1,0,364
4677,400,3,3,37,22,-4.45,0.05,0,1,364
4678,344,3,3,28,19,-9.34,0.05,1,0,364
4679,153,4,4,40,13,3.77,0.05,1,0,364
4680,134,2,2,31,14,-1.49,0.05,0,0,364
4681,123,4,4,15,8,-1.28,0.05,1,0,364
4682,43,0,0,19,6,-3.53,0.05,1,0,364
4683,250,3,3,46,18,2.9,0.05,1,0,364
4684,169,3,3,25,12,-2.04,0.05,1,0,364
4685,381,4,4,37,35,-11.26,0.05,1,0,364
4686,212,5,5,31,14,0.93,0.05,1,0,364
4687,400,3,3,34,21,-5.05,0.05,0,1,364
4688,27,0,0,13,4,-4.07,0.05,1,0,364
4689,79,2,2,29,7,1.26,0.05,1,0,364
4690,190,3,3,44,18,3.95,0.05,1,0,364
4691,182,4,4,38,15,1.93,0.05,1,0,364
4692,46,1,1,17,5,1.39,0.05,1,0,364
4693,52,3,3,14,4,0.13,0.05,1,0,364
4694,74,3,3,33,9,4.46,0.05,1,0,364
4695,204,6,6,32,20,2.71,0.05,1,0,364
4696,17,1,1,9,2,-2.52,0.05,1,0,364
4697,180,1,1,37,16,0.05,0.05,1,0,364
4698,60,2,2,22,7,-0.7,0.05,1,0,364
4699,91,3,3,33,10,5.19,0.05,1,0,364
4700,400,2,2,46,24,-8.15,0.05,0,1,364
4701,6,0,0,3,1,-5.26,0.05,1,0,364
4702,151,1,1,28,13,-5.26,0.05,1,0,364
4703,13,0,0,4,2,-5.08,0.05,1,0,364
4704,160,4,4,26,13,0.65,0.05,0,0,364
4705,28,0,0,11,4,-3.83,0.05,1,0,364
4706,197,2,2,35,17,-1.22,0.05,1,0,364
4707,97,1,1,15,4,-2.67,0.05,1,0,364
4708,35,1,1,11,4,-2.25,0.05,1,0,364
4709,317,3,3,24,22,-9.72,0.05,1,0,364
4710,14,0,0,6,2,-4.99,0.05,1,0,364
4711,64,1,1,14,6,-4.44,0.05,1,0,364
4712,196,5,5,29,10,2.84,0.05,0,0,364
4713,20,0,0,8,3,-4.5,0.05,1,0,364
4714,27,0,0,12,4,-3.77,0.05,1,0,364
4715,87,2,2,21,7,-1.42,0.05,1,0,364
4716,56,0,0,13,6,-4.51,0.05,1,0,364
4717,79,3,3,18,7,-1.29,0.05,0,0,364
4718,64,2,2,19,6,-2.74,0.05,1,0,364
4719,121,3,3,31,11,2.49,0.05,0,0,364
4720,141,3,3,24,10,-2.66,0.05,1,0,364
4721,92,2,2,24,9,-0.07,0.05,1,0,364
4722,40,1,1,21,5,0.15,0.05,1,0,364
4723,111,5,5,30,10,4.29,0.05,0,0,365
4724,30,1,1,11,4,-3.2,0.05,1,0,365
4725,92,3,3,28,8,2.28,0.05,1,0,365
4726,400,4,4,41,20,-3.2,0.05,0,1,365
4727,38,1,1,18,5,-2.78,0.05,1,0,365
4728,59,0,0,4,2,-5.64,0.05,0,0,365
4729,85,3,3,24,8,0.2,0.05,0,0,365
4730,95,1,1,24,9,-2.65,0.05,1,0,365
4731,127,1,1,14,6,-4.17,0.05,1,0,365
4732,216,2,2,30,14,-1.71,0.05,1,0,365
4733,400,5,5,18,12,-8.1,0.05,0,1,365
4734,113,3,3,23,11,-2.08,0.05,1,0,365
4735,225,1,1,33,13,-1.75,0.05,0,0,365
4736,18,1,1,9,2,-2.03,0.05,1,0,365
4737,64,1,1,23,7,0.46,0.05,1,0,365
4738,46,0,0,23,6,-0.76,0.05,1,0,365
4739,55,0,0,20,7,-2.0,0.05,1,0,365
4740,297,5,5,29,17,-5.57,0.05,1,0,365
4741,74,2,2,20,7,-1.44,0.05,1,0,365
4742,17,1,1,8,2,-2.82,0.05,1,0,365
4743,80,4,4,26,9,2.75,0.05,1,0,365
4744,67,2,2,18,6,0.58,0.05,1,0,365
4745,20,1,1,8,2,-1.75,0.05,1,0,365
4746,101,2,2,21,8,0.19,0.05,0,0,365
4747,36,1,1,16,5,-2.81,0.05,1,0,365
4748,119,2,2,34,13,0.31,0.05,1,0,365
4749,18,1,1,6,2,-3.48,0.05,1,0,365
4750,252,5,5,21,15,-1.87,0.05,1,0,365
4751,400,5,5,38,18,-6.1,0.05,0,1,365
4752,14,0,0,8,2,-3.29,0.05,1,0,365
4753,27,1,1,11,3,-3.32,0.05,1,0,365
4754,172,3,3,34,14,1.43,0.05,1,0,365
4755,129,2,2,22,8,-3.29,0.05,0,0,365
4756,79,1,1,25,8,-0.29,0.05,1,0,365
4757,7,0,0,3,1,-4.27,0.05,1,0,365
4758,34,0,0,16,5,-3.44,0.05,1,0,365
4759,400,6,6,50,19,7.9,0.05,0,1,365
4760,72,2,2,28,9,1.68,0.05,1,0,365
4761,17,2,2,8,2,-1.97,0.05,1,0,365
4762,159,0,0,30,16,-5.94,0.05,0,0,365
4763,111,8,3,18,9,4.34,0.05,1,0,365
4764,173,3,3,26,15,0.17,0.05,1,0,366
4765,44,0,0,14,5,-3.04,0.05,1,0,366
4766,20,0,0,10,3,-3.35,0.05,1,0,366
4767,36,0,0,16,5,-2.91,0.05,1,0,366
4768,171,4,4,23,10,0.14,0.05,1,0,366
4769,104,3,3,19,7,-0.69,0.05,0,0,366
4770,400,2,2,34,22,-9.5,0.05,0,1,366
4771,92,2,2,18,7,-2.42,0.05,0,0,366
4772,58,1,1,16,6,-4.63,0.05,0,0,366
4773,49,3,3,19,5,1.01,0.05,1,0,366
4774,19,1,1,8,2,-2.39,0.05,1,0,366
4775,108,0,0,10,6,-8.18,0.05,1,0,366
4776,17,1,1,9,2,-2.32,0.05,1,0,366
4777,25,1,1,7,3,-4.25,0.05,1,0,366
4778,127,2,2,35,12,2.23,0.05,1,0,366
4779,171,3,3,34,13,2.69,0.05,1,0,366
4780,42,1,1,15,5,-2.02,0.05,1,0,366
4781,17,1,1,9,2,-2.52,0.05,1,0,366
4782,64,2,2,16,6,-0.04,0.05,1,0,366
4783,196,4,4,36,15,4.64,0.05,1,0,366
4784,61,2,2,18,6,-0.46,0.05,1,0,366
4785,24,2,2,7,3,-2.64,0.05,1,0,366
4786,18,2,2,7,2,-0.98,0.05,1,0,366
4787,94,4,4,22,7,2.36,0.05,1,0,366
4788,22,0,0,9,3,-3.77,0.05,1,0,366
4789,90,8,3,27,9,6.95,0.05,1,0,366
4790,92,0,0,19,6,-4.37,0.05,0,0,366
4791,31,2,2,11,3,-0.96,0.05,1,0,366
4792,266,4,4,25,13,-1.11,0.05,1,0,366
4793,184,1,1,30,12,-1.09,0.05,1,0,366
4794,284,3,3,31,23,-7.29,0.05,1,0,366
4795,7,0,0,2,1,-4.57,0.05,1,0,366
4796,7,0,0,1,1,-4.87,0.05,1,0,366
4797,99,1,1,23,9,-2.89,0.05,1,0,366
4798,222,1,1,37,18,-1.57,0.05,1,0,366
4799,62,1,1,19,8,-3.87,0.05,0,0,366
4800,88,2,2,14,5,-1.68,0.05,1,0,366
4801,37,1,1,15,5,-2.22,0.05,1,0,366
4802,102,3,3,36,12,0.83,0.05,1,0,366
4803,55,1,1,17,7,-0.8,0.05,0,0,367
4804,63,2,2,15,6,-0.83,0.05,1,0,367
4805,53,2,2,19,6,-0.08,0.05,1,0,367
4806,238,5,5,30,13,0.62,0.05,1,0,367
4807,258,5,5,26,16,-4.98,0.05,1,0,367
4808,27,0,0,9,4,-4.37,0.05,1,0,367
4809,62,1,1,15,5,-1.82,0.05,1,0,367
4810,117,1,1,40,13,3.63,0.05,0,0,367
4811,37,0,0,19,5,-1.32,0.05,1,0,367
4812,25,1,1,10,3,-2.25,0.05,1,0,367
4813,400,1,1,48,25,-5.65,0.05,0,1,367
4814,88,2,2,26,10,1.42,0.05,1,0,367
4815,28,0,0,11,4,-3.83,0.05,1,0,367
4816,114,2,2,29,10,0.31,0.05,1,0,367
4817,21,0,0,10,3,-3.96,0.05,1,0,367
4818,48,3,3,19,5,1.37,0.05,1,0,367
4819,96,1,1,20,7,-4.01,0.05,1,0,367
4820,67,2,2,23,8,-0.02,0.05,1,0,367
4821,76,1,1,23,7,-2.26,0.05,1,0,367
4822,20,0,0,10,3,-4.35,0.05,1,0,367
4823,195,2,2,28,11,-1.55,0.05,0,0,367
4824,43,0,0,15,6,-3.28,0.05,1,0,367
4825,278,4,4,43,25,2.37,0.05,1,0,367
4826,126,5,5,29,11,3.44,0.05,1,0,368
4827,400,3,3,41,19,1.6,0.05,0,1,368
4828,26,1,1,8,3,-3.56,0.05,1,0,368
4829,13,0,0,3,2,-5.38,0.05,1,0,368
4830,127,4,4,27,11,1.68,0.05,1,0,368
4831,35,0,0,18,5,-1.7,0.05,1,0,368
4832,99,3,3,17,10,-2.39,0.05,0,0,368
4833,19,1,1,4,2,-3.59,0.05,1,0,368
4834,31,1,1,11,4,-4.61,0.05,1,0,368
4835,26,1,1,9,3,-2.11,0.05,1,0,368
4836,33,1,1,13,4,-2.03,0.05,1,0,368
4837,193,3,3,26,14,-1.03,0.05,1,0,368
4838,400,3,3,28,21,-10.15,0.05,0,1,368
4839,383,2,2,41,21,-6.43,0.05,1,0,368
4840,13,0,0,7,2,-5.08,0.05,1,0,368
4841,84,1,1,20,6,-1.59,0.05,1,0,368
4842,5,0,0,3,1,-4.7,0.05,1,0,368
4843,94,4,4,29,9,2.86,0.05,1,0,368
4844,400,9,4,30,25,2.4,0.05,0,1,368
4845,14,0,0,11,2,-2.34,0.05,1,0,368
4846,17,1,1,6,2,-2.87,0.05,1,0,368
4847,400,5,5,31,15,2.5,0.05,0,1,368
4848,76,1,1,16,5,-2.31,0.05,0,0,368
4849,400,0,0,24,16,-12.3,0.05,0,1,368
4850,40,2,2,9,4,-2.8,0.05,0,0,368
4851,29,0,0,11,4,-4.79,0.05,1,0,368
4852,20,0,0,11,3,-3.95,0.05,1,0,368
4853,53,1,1,17,6,-1.33,0.05,0,0,368
4854,14,0,0,7,2,-4.59,0.05,1,0,368
4855,75,1,1,26,8,0.7,0.05,1,0,368
4856,135,2,2,24,11,-0.15,0.05,0,0,368
4857,18,1,1,9,2,-3.03,0.05,1,0,368
4858,310,4,4,34,22,-4.9,0.05,1,0,368
4859,56,1,1,5,2,-4.61,0.05,1,0,368
4860,22,0,0,8,3,-5.62,0.05,1,0,368
4861,118,2,2,38,11,0.72,0.05,1,0,368
4862,221,9,5,32,16,13.39,0.05,0,1,368
4863,15,0,0,5,2,-5.8,0.05,1,0,368
4864,347,1,1,28,13,-13.62,0.05,1,0,368
4865,65,1,1,22,8,-0.45,0.05,1,0,368
4866,5,0,0,3,1,-4.75,0.05,1,0,368
4867,50,0,0,9,4,-5.65,0.05,1,0,368
4868,108,5,5,25,7,2.52,0.05,1,0,368
4869,35,0,0,16,5,-2.85,0.05,1,0,368
4870,44,2,2,12,5,-2.44,0.05,1,0,368
4871,17,2,2,7,2,-2.47,0.05,1,0,368
4872,120,0,0,18,8,-4.95,0.05,1,0,368
4873,121,2,2,34,11,2.49,0.05,1,0,368
4874,79,0,0,17,7,-3.24,0.05,0,0,368
4875,208,4,4,37,10,1.42,0.05,1,0,368
4876,104,2,2,24,8,0.16,0.05,1,0,368
4877,66,3,3,14,5,-1.76,0.05,1,0,368
4878,63,3,3,23,6,2.77,0.05,1,0,368
4879,58,0,0,22,8,-1.48,0.05,1,0,368
4880,18,1,1,8,2,-2.33,0.05,1,0,368
4881,85,2,2,28,8,2.55,0.05,1,0,368
4882,28,0,0,13,4,-3.23,0.05,1,0,368
4883,263,1,1,27,18,-11.53,0.05,1,0,368
4884,249,9,4,36,22,1.01,0.05,1,0,368
4885,115,1,1,14,6,-5.1,0.05,1,0,368
4886,65,0,0,2,1,-5.6,0.05,0,0,368
4887,22,0,0,9,3,-3.77,0.05,1,0,368
4888,18,1,1,8,2,-1.78,0.05,1,0,368
4889,44,1,1,16,5,-2.29,0.05,1,0,368
4890,18,1,1,7,2,-2.18,0.05,1,0,368
4891,94,1,1,28,9,0.11,0.05,1,0,368
4892,30,2,2,11,3,-0.05,0.05,1,0,368
4893,299,3,3,19,16,-5.89,0.05,1,0,368
4894,156,1,1,32,10,0.94,0.05,0,0,368
4895,63,3,3,19,7,-0.03,0.05,1,0,368
4896,42,1,1,10,5,-4.32,0.05,1,0,368
4897,125,2,2,11,5,-3.95,0.05,1,0,368
4898,97,1,1,20,8,-4.02,0.05,1,0,369
4899,16,0,0,8,2,-3.86,0.05,1,0,369
4900,29,2,2,8,3,-1.94,0.05,1,0,369
4901,84,3,3,32,9,4.16,0.05,1,0,369
4902,27,0,0,10,4,-5.07,0.05,1,0,369
4903,400,5,5,24,17,-8.8,0.05,0,1,369
4904,25,2,2,10,3,-1.7,0.05,1,0,369
4905,87,1,1,19,7,-2.62,0.05,0,0,369
4906,55,1,1,15,5,-2.45,0.05,0,0,369
4907,44,1,1,11,4,-2.39,0.05,0,0,369
4908,125,1,1,23,10,-2.0,0.05,0,0,369
4909,95,2,2,13,7,-3.65,0.05,0,0,369
4910,27,2,2,12,3,-0.22,0.05,1,0,369
4911,235,5,5,40,21,0.9,0.05,1,0,369
4912,66,4,4,15,6,-0.71,0.05,1,0,369
4913,43,3,3,17,4,1.57,0.05,1,0,369
4914,189,2,2,41,16,1.31,0.05,1,0,369
4915,17,1,1,6,2,-3.87,0.05,1,0,369
4916,65,1,1,20,6,-1.25,0.05,1,0,369
4917,149,3,3,41,12,6.26,0.05,1,0,369
4918,20,0,0,10,3,-3.9,0.05,1,0,369
4919,85,1,1,19,6,-1.05,0.05,1,0,369
4920,124,3,3,15,4,-1.59,0.05,0,0,369
4921,95,8,3,27,12,4.05,0.05,1,0,369
4922,18,1,1,7,2,-2.63,0.05,1,0,369
4923,45,2,2,15,5,-1.2,0.05,1,0,369
4924,47,1,1,17,6,-1.82,0.05,1,0,369
4925,5,0,0,4,1,-4.0,0.05,1,0,369
4926,53,1,1,19,7,-1.13,0.05,1,0,369
4927,27,1,1,11,3,-1.62,0.05,1,0,369
4928,74,2,2,10,4,-3.49,0.05,1,0,369
4929,367,4,4,25,38,-9.42,0.05,1,0,369
4930,15,1,1,7,2,-2.65,0.05,1,0,369
4931,308,0,0,17,12,-7.73,0.05,0,0,369
4932,117,3,3,29,9,1.18,0.05,1,0,369
4933,94,2,2,23,8,-1.79,0.05,0,0,369
4934,33,1,1,10,4,-3.08,0.05,1,0,369
4935,22,0,0,9,3,-4.77,0.05,1,0,369
4936,130,8,3,25,10,4.95,0.05,1,0,369
4937,72,1,1,17,5,-2.32,0.05,1,0,370
4938,99,2,2,32,10,1.61,0.05,0,0,370
4939,102,1,1,26,10,-1.07,0.05,1,0,370
4940,366,6,6,39,22,-7.26,0.05,1,0,370
4941,293,3,3,24,16,-7.73,0.05,1,0,370
4942,54,1,1,16,6,-4.74,0.05,1,0,370
4943,118,0,0,22,6,-1.53,0.05,1,0,370
4944,39,2,2,15,4,-0.04,0.05,1,0,370
4945,27,1,1,15,3,-0.22,0.05,1,0,370
4946,196,1,1,30,11,-3.81,0.05,0,0,370
4947,71,1,1,20,5,-2.81,0.05,0,0,370
4948,172,3,3,29,11,0.73,0.05,0,0,370
4949,247,5,5,27,17,-2.67,0.05,1,0,370
4950,83,1,1,23,7,-0.73,0.05,0,0,370
4951,55,0,0,15,7,-4.1,0.05,1,0,370
4952,14,0,0,5,2,-4.84,0.05,1,0,370
4953,400,4,4,41,21,-3.8,0.05,0,1,370
4954,43,0,0,17,5,-1.63,0.05,1,0,370
4955,104,2,2,35,10,3.51,0.05,1,0,370
4956,342,5,5,31,18,-1.87,0.05,1,0,370
4957,33,1,1,11,4,-2.78,0.05,1,0,370
4958,15,1,1,4,2,-3.55,0.05,1,0,370
4959,358,4,4,44,19,2.12,0.05,1,0,371
4960,39,1,1,17,5,-1.19,0.05,1,0,371
4961,28,0,0,13,4,-3.63,0.05,1,0,371
4962,6,0,0,3,1,-4.11,0.05,1,0,371
4963,54,3,3,12,5,-2.94,0.05,0,0,372
4964,81,1,1,25,9,1.14,0.05,1,0,372
4965,64,2,2,26,5,3.01,0.05,1,0,372
4966,95,1,1,11,4,-2.45,0.05,0,0,372
4967,101,4,4,25,8,3.59,0.05,0,0,372
4968,98,3,3,27,10,2.37,0.05,1,0,372
4969,33,1,1,11,4,-2.83,0.05,1,0,372
4970,119,9,4,31,11,7.36,0.05,1,0,372
4971,34,2,2,14,4,0.76,0.05,1,0,372
4972,6,0,0,2,1,-4.51,0.05,1,0,372
4973,87,2,2,16,5,-1.27,0.05,1,0,372
4974,122,3,3,30,10,2.28,0.05,1,0,372
4975,18,1,1,8,2,-2.78,0.05,1,0,372
4976,34,1,1,12,4,-0.99,0.05,1,0,372
4977,6,0,0,2,1,-5.51,0.05,1,0,372
4978,213,1,1,21,7,-2.88,0.05,1,0,372
4979,29,1,1,9,3,-2.79,0.05,1,0,372
4980,56,1,1,24,7,-0.21,0.05,1,0,372
4981,22,0,0,10,3,-3.47,0.05,1,0,372
4982,34,1,1,14,4,-1.34,0.05,1,0,372
4983,55,0,0,14,6,-4.25,0.05,0,0,372
4984,43,1,1,15,5,-4.58,0.05,0,0,372
4985,400,2,2,27,17,-7.0,0.05,0,1,372
4986,74,2,2,12,5,-2.99,0.05,1,0,372
4987,258,4,4,19,11,-3.28,0.05,0,0,372
4988,13,0,0,8,2,-3.43,0.05,1,0,372
4989,29,2,2,11,3,-1.04,0.05,1,0,372
4990,21,0,0,8,3,-4.01,0.05,1,0,372
4991,127,0,0,29,12,-3.72,0.05,1,0,372
4992,20,0,0,8,3,-4.45,0.05,1,0,372
4993,18,1,1,8,2,-3.33,0.05,1,0,372
4994,32,1,1,13,4,-1.97,0.05,1,0,372
4995,48,2,2,13,5,-2.38,0.05,1,0,372
4996,87,1,1,21,8,-2.67,0.05,1,0,372
4997,77,0,0,10,4,-3.67,0.05,1,0,372
4998,13,0,0,5,2,-5.23,0.05,1,0,372
4999,116,8,3,27,10,2.84,0.05,1,0,372
5000,27,1,1,11,3,-2.42,0.05,1,0,372
5001,72,0,0,15,7,-5.52,0.05,1,0,372
5002,298,2,2,36,25,-8.73,0.05,1,0,373
5003,28,0,0,12,4,-3.88,0.05,1,0,373
5004,99,1,1,17,5,-3.04,0.05,1,0,373
5005,45,2,2,15,5,0.4,0.05,1,0,373
5006,72,4,4,21,7,3.68,0.05,0,0,373
5007,52,1,1,16,6,-3.42,0.05,1,0,373
5008,13,0,0,8,2,-3.88,0.05,1,0,373
5009,18,1,1,6,2,-2.48,0.05,1,0,373
5010,57,1,1,14,5,-3.72,0.05,1,0,373
5011,328,1,1,31,32,-10.58,0.05,1,0,373
5012,155,3,3,32,14,0.3,0.05,1,0,373
5013,268,2,2,29,18,-2.28,0.05,0,0,373
5014,51,3,3,21,6,1.74,0.05,1,0,373
5015,400,0,0,17,15,-12.95,0.05,0,1,373
5016,18,1,1,8,2,-3.23,0.05,1,0,373
5017,400,2,2,27,15,-8.3,0.05,0,1,373
5018,73,1,1,22,9,-2.53,0.05,0,0,373
5019,58,3,3,34,6,6.62,0.05,1,0,373
5020,37,1,1,16,4,-2.72,0.05,1,0,373
5021,248,2,2,38,16,6.92,0.05,0,1,373
5022,77,1,1,25,7,-1.77,0.05,1,0,373
5023,115,1,1,36,13,1.15,0.05,1,0,373
5024,16,0,0,6,2,-3.56,0.05,1,0,373
5025,219,1,1,31,16,-5.14,0.05,1,0,373
5026,17,1,1,9,2,-1.97,0.05,1,0,373
5027,89,1,1,25,8,-1.29,0.05,1,0,373
5028,82,0,0,20,7,-3.27,0.05,1,0,373
5029,49,1,1,19,6,-1.24,0.05,1,0,373
5030,178,7,7,34,11,4.42,0.05,1,0,373
5031,204,3,3,26,15,-4.59,0.05,0,0,373
5032,87,4,4,29,9,4.28,0.05,0,0,373
5033,40,1,1,12,5,-3.55,0.05,1,0,373
5034,234,5,5,39,16,4.71,0.05,1,0,373
5035,153,4,4,41,15,5.37,0.05,1,0,373
5036,17,1,1,8,2,-2.37,0.05,1,0,373
5037,32,1,1,11,4,-3.27,0.05,1,0,373
5038,116,2,2,5,2,-2.96,0.05,0,0,373
5039,117,3,3,29,12,0.73,0.05,0,0,373
5040,109,7,2,18,8,3.46,0.05,1,0,373
5041,52,0,0,18,7,-3.52,0.05,0,0,374
5042,269,5,5,37,18,8.31,0.05,0,1,374
5043,14,0,0,4,2,-5.49,0.05,1,0,374
5044,400,5,5,35,39,-6.55,0.05,0,1,374
5045,47,1,1,14,5,-2.47,0.05,1,0,374
5046,8,0,0,5,1,-4.63,0.05,1,0,374
5047,51,1,1,14,6,-2.16,0.05,1,0,374
5048,20,0,0,10,3,-3.9,0.05,1,0,374
5049,37,1,1,13,5,-3.57,0.05,1,0,374
5050,26,2,2,10,3,-1.16,0.05,1,0,374
5051,400,5,5,42,34,-0.45,0.05,0,1,374
5052,50,1,1,19,6,-1.15,0.05,1,0,374
5053,17,1,1,7,2,-3.12,0.05,1,0,374
5054,23,1,1,6,3,-4.03,0.05,1,0,374
5055,382,4,4,51,31,1.23,0.05,0,1,374
5056,387,3,3,32,18,-14.57,0.05,1,0,374
5057,64,2,2,15,6,1.41,0.05,1,0,374
5058,17,1,1,8,2,-2.42,0.05,1,0,374
5059,14,0,0,4,2,-5.59,0.05,1,0,374
5060,106,1,1,29,9,-1.56,0.05,1,0,374
5061,400,5,0,25,12,-5.4,0.05,0,1,374
5062,73,1,1,13,5,-1.68,0.05,0,0,374
5063,5,0,0,4,1,-4.45,0.05,1,0,374
5064,84,4,4,27,9,3.01,0.05,1,0,374
5065,89,4,4,14,6,0.56,0.05,1,0,374
5066,7,0,0,3,1,-4.27,0.05,1,0,374
5067,34,2,2,12,4,-1.34,0.05,1,0,374
5068,38,1,1,15,5,-1.13,0.05,1,0,374
5069,17,1,1,7,2,-2.67,0.05,1,0,374
5070,194,0,0,25,15,-6.79,0.05,1,0,374
5071,59,2,2,18,7,-1.49,0.05,1,0,374
5072,212,2,2,33,16,-1.92,0.05,1,0,374
5073,71,3,3,20,5,2.54,0.05,1,0,374
5074,400,6,1,27,15,-9.1,0.05,0,1,374
5075,25,1,1,8,3,-3.55,0.05,1,0,374
5076,80,1,1,18,7,-2.65,0.05,1,0,374
5077,107,1,1,23,9,-2.32,0.05,0,0,374
5078,163,4,4,30,12,1.52,0.05,0,0,374
5079,263,4,4,28,17,-1.28,0.05,1,0,374
5080,125,3,3,29,12,0.7,0.05,1,0,374
5081,89,2,2,20,7,-1.14,0.05,1,0,374
5082,139,4,4,35,11,5.16,0.05,1,0,374
5083,149,0,0,19,8,-3.54,0.05,1,0,374
5084,66,2,2,17,8,-1.86,0.05,0,0,374
5085,240,1,1,24,15,-11.55,0.05,0,0,374
5086,44,1,1,16,5,-1.54,0.05,1,0,374
5087,114,4,4,33,12,4.46,0.05,1,0,374
5088,28,0,0,13,4,-3.68,0.05,1,0,374
5089,13,0,0,6,2,-4.03,0.05,1,0,374
5090,133,3,3,35,11,2.57,0.05,1,0,374
5091,60,0,0,20,7,-4.4,0.05,1,0,374
5092,71,1,1,29,8,1.64,0.05,0,0,374
5093,6,0,0,3,1,-4.21,0.05,1,0,374
5094,84,4,4,14,6,-0.49,0.05,1,0,374
5095,17,1,1,8,2,-2.32,0.05,1,0,374
5096,153,2,2,28,9,-1.08,0.05,1,0,374
5097,13,0,0,7,2,-4.63,0.05,1,0,374
5098,124,1,1,14,8,-3.44,0.05,1,0,374
5099,101,0,0,2,1,-7.46,0.05,1,0,374
5100,73,4,4,27,7,5.27,0.05,1,0,374
5101,35,0,0,12,5,-4.55,0.05,0,0,374
5102,60,2,2,27,7,2.1,0.05,1,0,374
5103,41,2,2,11,4,-1.11,0.05,1,0,374
5104,60,1,1,18,7,-3.4,0.05,0,0,374
5105,49,1,1,19,5,0.06,0.05,1,0,374
5106,76,1,1,12,5,-7.56,0.05,0,0,374
5107,77,4,4,22,7,0.13,0.05,1,0,374
5108,21,0,0,13,3,-2.96,0.05,1,0,374
5109,62,6,1,19,7,4.08,0.05,1,0,375
5110,68,1,1,17,5,-1.98,0.05,0,0,375
5111,238,3,3,47,20,-1.33,0.05,0,0,375
5112,21,0,0,8,3,-5.01,0.05,1,0,375
5113,127,1,1,21,8,-1.42,0.05,0,0,375
5114,107,0,0,7,5,-6.97,0.05,0,0,375
5115,400,4,4,28,27,-6.05,0.05,0,1,375
5116,75,3,3,15,6,-0.95,0.05,1,0,375
5117,55,3,3,19,6,-0.35,0.05,1,0,375
5118,35,0,0,13,4,-3.2,0.05,1,0,375
5119,247,1,1,33,21,-5.42,0.05,1,0,375
5120,43,3,3,17,5,0.47,0.05,1,0,375
5121,199,5,5,41,14,7.41,0.05,1,0,375
5122,35,1,1,10,4,-3.0,0.05,1,0,375
5123,130,1,1,37,14,0.5,0.05,0,0,375
5124,182,1,1,16,8,-5.27,0.05,1,0,375
5125,6,0,0,2,1,-4.51,0.05,1,0,375
5126,265,8,3,43,20,4.65,0.05,0,0,375
5127,84,2,2,21,8,-1.89,0.05,1,0,375
5128,155,5,5,24,12,1.1,0.05,0,0,375
5129,192,2,2,39,17,-2.07,0.05,1,0,375
5130,17,1,1,8,2,-3.22,0.05,1,0,375
5131,47,3,3,10,5,-2.32,0.05,1,0,375
5132,19,1,1,8,2,-3.24,0.05,1,0,375
5133,217,1,1,34,14,-1.77,0.05,1,0,375
5134,263,2,2,38,22,-2.53,0.05,0,0,375
5135,296,3,3,25,11,-3.66,0.05,0,0,375
5136,33,1,1,16,4,-0.68,0.05,1,0,375
5137,159,1,1,30,12,-2.69,0.05,0,0,375
5138,95,3,3,24,9,-0.8,0.05,1,0,375
5139,88,2,2,13,4,-4.08,0.05,1,0,375
5140,26,1,1,11,3,-1.96,0.05,1,0,375
5141,207,3,3,29,14,1.18,0.05,1,0,375
5142,22,0,0,10,3,-4.22,0.05,1,0,375
5143,113,4,4,31,12,2.87,0.05,1,0,375
5144,55,1,1,21,7,-0.95,0.05,1,0,375
5145,32,1,1,11,4,-3.12,0.05,1,0,375
5146,41,1,1,14,5,-2.56,0.05,1,0,375
5147,33,3,3,14,3,2.02,0.05,1,0,375
5148,305,4,4,34,13,-6.25,0.05,1,0,375
5149,400,6,6,37,27,-4.35,0.05,0,1,375
5150,54,2,2,16,6,-1.09,0.05,1,0,375
5151,132,4,4,41,14,5.28,0.05,0,0,375
5152,129,3,3,33,12,0.36,0.05,0,0,375
5153,241,3,3,54,25,1.24,0.05,0,0,375
5154,400,4,4,30,17,-10.3,0.05,0,1,375
5155,103,3,3,27,11,0.37,0.05,1,0,375
5156,62,2,2,16,6,-1.72,0.05,1,0,375
5157,7,0,0,2,1,-4.57,0.05,1,0,375
5158,127,1,1,33,13,0.18,0.05,1,0,375
5159,382,2,2,29,19,-16.42,0.05,1,0,375
5160,82,2,2,25,8,-0.02,0.05,1,0,375
5161,400,4,4,42,21,-8.8,0.05,0,1,375
5162,80,3,3,30,9,0.85,0.05,1,0,375
5163,153,3,3,27,11,-2.18,0.05,1,0,375
5164,196,5,0,37,16,-1.61,0.05,1,0,375
5165,64,0,0,25,8,-2.59,0.05,1,0,375
5166,39,1,1,15,5,-2.74,0.05,1,0,375
5167,177,7,2,44,16,6.78,0.05,1,0,375
5168,41,1,1,17,5,-0.61,0.05,1,0,375
5169,374,3,3,27,18,-16.54,0.05,1,0,375
5170,42,1,1,15,5,-3.02,0.05,1,0,375
5171,22,0,0,13,3,-2.52,0.05,1,0,375
5172,76,2,2,17,5,-1.01,0.05,1,0,375
5173,49,1,1,20,6,-1.64,0.05,1,0,375
5174,37,0,0,12,5,-5.72,0.05,1,0,375
5175,278,2,2,41,16,-0.38,0.05,1,0,375
5176,70,2,2,30,8,2.15,0.05,1,0,375
5177,242,2,2,35,22,-4.72,0.05,1,0,375
5178,400,1,1,41,31,-13.3,0.05,0,1,375
5179,84,3,3,12,5,-3.04,0.05,1,0,375
5180,186,4,4,28,13,1.34,0.05,1,0,375
5181,59,1,1,16,7,-3.19,0.05,1,0,375
5182,159,2,2,30,12,0.11,0.05,1,0,375
5183,222,3,3,41,16,3.18,0.05,1,0,375
5184,73,0,0,8,2,-4.38,0.05,1,0,375
5185,87,1,1,5,2,-3.62,0.05,0,0,375
5186,186,3,3,23,11,-1.71,0.05,1,0,375
5187,50,2,2,10,4,-1.7,0.05,1,0,375
5188,224,5,0,19,18,-8.09,0.05,1,0,375
5189,126,2,2,27,10,1.19,0.05,0,0,375
5190,83,3,3,24,8,2.22,0.05,1,0,375
5191,25,1,1,12,3,-2.3,0.05,1,0,375
5192,168,4,4,26,12,1.72,0.05,1,0,375
5193,321,1,1,9,11,-13.16,0.05,1,0,375
5194,193,4,4,29,15,-3.68,0.05,1,0,375
5195,400,4,4,35,18,0.05,0.05,0,1,375
5196,59,0,0,23,8,-1.79,0.05,1,0,375
5197,243,5,5,26,13,-0.33,0.05,0,0,375
5198,32,1,1,14,4,-2.37,0.05,1,0,375
5199,37,1,1,16,5,-2.27,0.05,1,0,375
5200,156,1,1,34,15,-3.81,0.05,1,0,375
5201,92,3,3,22,7,1.33,0.05,1,0,375
5202,142,0,0,3,1,-6.67,0.05,1,0,375
5203,225,5,5,35,15,10.2,0.05,0,1,375
5204,6,0,0,3,1,-4.21,0.05,1,0,375
5205,118,4,4,41,13,6.22,0.05,1,0,375
5206,217,2,2,45,18,6.48,0.05,0,1,375
5207,396,3,3,32,37,-20.06,0.05,1,0,375
5208,206,5,5,39,19,-1.21,0.05,1,0,375
5209,9,0,0,2,1,-5.04,0.05,1,0,375
5210,33,1,1,9,4,-3.28,0.05,1,0,375
5211,228,3,3,31,14,-3.08,0.05,1,0,375
5212,140,4,4,28,11,2.65,0.05,1,0,375
5213,58,2,2,22,6,0.07,0.05,1,0,375
5214,313,2,2,32,15,-8.63,0.05,1,0,375
5215,21,0,0,12,3,-2.81,0.05,1,0,375
5216,72,1,1,28,8,-0.02,0.05,1,0,375
5217,37,1,1,13,4,-2.07,0.05,1,0,375
5218,40,1,1,12,5,-4.0,0.05,1,0,375
5219,116,4,4,27,9,3.29,0.05,0,0,375
5220,74,0,0,10,4,-3.49,0.05,1,0,375
5221,128,3,3,31,10,2.22,0.05,1,0,375
5222,115,3,3,25,11,-1.2,0.05,1,0,375
5223,69,2,2,25,8,-0.14,0.05,1,0,375
5224,16,1,1,10,2,-1.66,0.05,1,0,375
5225,95,1,1,14,6,-4.3,0.05,0,0,375
5226,14,0,0,9,2,-2.99,0.05,1,0,375
5227,264,3,3,43,24,-4.64,0.05,1,0,375
5228,76,0,0,22,7,-2.96,0.05,1,0,375
5229,21,0,0,6,3,-5.06,0.05,1,0,375
5230,27,0,0,13,4,-3.52,0.05,1,0,375
5231,25,1,1,11,3,-3.0,0.05,1,0,375
5232,400,2,2,26,16,-7.75,0.05,0,1,375
5233,52,3,3,21,6,1.63,0.05,1,0,375
5234,76,2,2,24,7,0.09,0.05,0,0,375
5235,28,2,2,10,3,-0.78,0.05,1,0,375
5236,114,2,2,29,12,-1.84,0.05,1,0,375
5237,64,2,2,21,7,-1.09,0.05,1,0,375
5238,400,4,4,45,26,-3.5,0.05,0,1,375
5239,147,3,4,11,6,-1.02,0.05,1,0,375
5240,7,0,0,2,1,-4.57,0.05,1,0,375
5241,299,9,4,22,23,-7.59,0.05,1,0,375
5242,33,1,1,10,4,-3.63,0.05,1,0,375
5243,129,2,2,24,11,-2.49,0.05,1,0,375
5244,400,4,4,42,18,-4.6,0.05,0,1,375
5245,87,1,1,18,6,-1.87,0.05,1,0,375
5246,171,5,5,42,16,6.34,0.05,1,0,375
5247,137,1,1,34,13,-0.32,0.05,0,0,375
5248,25,1,1,12,3,-2.6,0.05,1,0,375
5249,110,6,6,29,10,4.85,0.05,1,0,375
5250,35,0,0,16,5,-2.85,0.05,1,0,375
5251,130,2,2,27,11,0.1,0.05,1,0,375
5252,400,1,1,21,16,-17.7,0.05,0,1,375
5253,400,3,3,34,18,-9.35,0.05,0,1,375
5254,277,1,1,32,18,-4.67,0.05,1,0,375
5255,32,1,1,16,4,-1.77,0.05,1,0,375
5256,314,6,6,39,31,-7.89,0.05,1,0,375
5257,20,0,0,9,3,-4.7,0.05,1,0,375
5258,113,3,3,29,10,1.27,0.05,1,0,375
5259,47,2,2,3,2,-3.02,0.05,0,0,375
5260,30,1,1,14,3,-1.65,0.05,1,0,375
5261,175,1,1,35,14,-2.3,0.05,1,0,375
5262,21,0,0,6,3,-3.96,0.05,1,0,375
5263,104,1,1,23,9,-3.64,0.05,0,0,375
5264,181,1,1,34,18,-3.66,0.05,1,0,375
5265,61,2,2,14,7,-2.71,0.05,1,0,375
5266,23,1,1,8,2,-2.33,0.05,1,0,375
5267,19,1,1,7,2,-2.99,0.05,1,0,375
5268,106,1,1,26,11,-2.71,0.05,0,0,376
5269,138,1,1,15,6,-5.28,0.05,0,0,376
5270,32,1,1,12,4,-3.92,0.05,1,0,376
5271,44,2,2,10,4,-2.54,0.05,0,0,376
5272,144,1,1,25,10,-0.74,0.05,0,0,376
5273,135,3,3,36,13,1.85,0.05,1,0,376
5274,60,1,1,18,6,-1.6,0.05,1,0,376
5275,132,3,3,32,12,4.43,0.05,1,0,376
5276,319,3,3,41,29,-10.54,0.05,1,0,376
5277,260,5,5,53,21,4.95,0.05,1,0,376
5278,38,1,1,9,3,-3.23,0.05,1,0,376
5279,17,2,2,9,2,-0.77,0.05,1,0,376
5280,25,1,1,13,3,-1.5,0.05,1,0,376
5281,135,7,2,25,10,4.5,0.05,1,0,376
5282,91,4,4,18,6,1.14,0.05,0,0,376
5283,113,2,2,23,9,-2.13,0.05,0,0,377
5284,64,1,1,13,7,-5.14,0.05,1,0,377
5285,55,1,1,24,6,0.4,0.05,1,0,377
5286,35,0,0,17,5,-2.65,0.05,1,0,377
5287,18,1,1,8,2,-3.78,0.05,1,0,377
5288,17,1,1,8,2,-2.67,0.05,1,0,377
5289,26,1,1,14,3,-1.71,0.05,1,0,377
5290,400,2,2,30,24,-9.85,0.05,0,1,377
5291,17,1,1,6,2,-3.27,0.05,1,0,377
5292,26,1,1,10,3,-1.76,0.05,1,0,377
5293,166,3,3,32,12,-0.16,0.05,1,0,377
5294,98,4,4,32,10,2.02,0.05,0,0,377
5295,17,1,1,7,2,-3.07,0.05,1,0,377
5296,69,2,2,13,5,-1.34,0.05,1,0,377
5297,44,2,2,16,5,0.86,0.05,1,0,377
5298,72,3,3,25,8,1.38,0.05,1,0,377
5299,400,4,4,21,9,-2.5,0.05,0,1,377
5300,135,3,3,32,14,1.95,0.05,1,0,377
5301,26,1,1,7,3,-3.81,0.05,1,0,377
5302,55,1,1,20,6,-1.5,0.05,1,0,377
5303,42,1,1,15,5,-2.12,0.05,1,0,377
5304,322,2,2,25,22,-11.22,0.05,1,0,377
5305,400,3,3,47,21,-4.9,0.05,0,1,377
5306,34,1,1,8,4,-4.64,0.05,1,0,377
5307,36,2,2,10,4,-1.96,0.05,1,0,377
5308,20,1,1,8,2,-1.75,0.05,1,0,377
5309,109,2,2,22,9,-1.69,0.05,0,0,377
5310,27,0,0,10,4,-5.52,0.05,1,0,377
5311,64,0,0,13,4,-3.99,0.05,1,0,377
5312,312,3,3,42,18,-3.42,0.05,1,0,377
5313,360,4,4,28,25,-12.4,0.05,1,0,377
5314,201,2,2,43,17,1.69,0.05,1,0,377
5315,13,0,0,6,2,-4.38,0.05,1,0,377
5316,32,0,0,14,4,-3.37,0.05,1,0,377
5317,6,0,0,2,1,-4.96,0.05,1,0,377
5318,234,8,3,30,23,-2.54,0.05,1,0,377
5319,399,4,4,30,34,-18.44,0.05,1,0,377
5320,119,3,3,19,11,-2.64,0.05,0,0,377
5321,20,0,0,10,3,-4.75,0.05,1,0,377
5322,113,2,2,27,10,-0.03,0.05,1,0,377
5323,122,2,2,23,11,-0.87,0.05,1,0,377
5324,193,4,4,35,19,-0.18,0.05,1,0,377
5325,51,1,1,16,5,-1.56,0.05,1,0,377
5326,93,2,2,26,10,-0.13,0.05,1,0,377
5327,314,2,2,43,21,-5.29,0.05,1,0,377
5328,400,8,8,38,34,-5.7,0.05,0,1,377
5329,242,11,6,36,20,6.68,0.05,1,0,377
5330,400,8,3,40,36,-4.5,0.05,0,1,377
5331,20,0,0,8,3,-5.05,0.05,1,0,377
5332,29,0,0,11,4,-4.74,0.05,1,0,377
5333,110,4,4,27,9,2.2,0.05,1,0,377
5334,93,2,2,26,8,1.87,0.05,1,0,377
5335,182,3,3,42,16,3.43,0.05,1,0,377
5336,106,2,2,9,4,-3.56,0.05,1,0,377
5337,53,2,2,12,4,-1.73,0.05,0,0,377
5338,82,1,1,21,8,-0.47,0.05,0,0,377
5339,123,0,0,7,2,-6.28,0.05,1,0,377
5340,237,5,5,24,15,-0.12,0.05,0,0,377
5341,64,2,2,21,8,-1.29,0.05,0,0,378
5342,120,1,1,31,11,-0.6,0.05,1,0,378
5343,53,1,1,12,4,-2.18,0.05,0,0,378
5344,151,3,3,24,9,-0.41,0.05,1,0,378
5345,400,1,1,39,19,-2.85,0.05,0,1,378
5346,154,1,1,18,9,-6.49,0.05,0,0,378
5347,17,1,1,8,2,-2.77,0.05,1,0,378
5348,27,1,1,11,3,-1.92,0.05,1,0,378
5349,112,2,2,13,5,-2.57,0.05,1,0,378
5350,370,1,1,29,33,-19.8,0.05,1,0,378
5351,34,0,0,14,5,-3.99,0.05,1,0,378
5352,88,0,0,26,8,-0.13,0.05,1,0,378
5353,177,2,2,24,13,-3.47,0.05,0,0,378
5354,23,1,1,6,2,-2.98,0.05,1,0,378
5355,62,0,0,24,8,-2.47,0.05,1,0,378
5356,130,3,3,29,12,1.1,0.05,1,0,378
5357,89,1,1,22,7,-1.64,0.05,1,0,378
5358,32,1,1,9,4,-2.72,0.05,1,0,378
5359,61,2,2,24,6,1.59,0.05,1,0,378
5360,87,3,3,20,6,0.48,0.05,0,0,378
5361,36,1,1,16,4,-1.71,0.05,1,0,378
5362,17,1,1,8,2,-2.67,0.05,1,0,378
5363,189,1,1,34,17,-1.69,0.05,1,0,378
5364,25,1,1,7,3,-3.75,0.05,1,0,378
5365,70,1,1,20,6,-0.9,0.05,1,0,378
5366,21,0,0,8,3,-6.01,0.05,1,0,378
5367,160,3,3,17,6,-2.45,0.05,0,0,378
5368,119,4,4,31,11,5.21,0.05,1,0,378
5369,196,8,3,39,16,5.59,0.05,0,0,378
5370,250,4,4,41,23,-0.55,0.05,1,0,378
5371,112,2,2,21,11,-2.82,0.05,1,0,378
5372,16,1,1,5,2,-3.16,0.05,1,0,378
5373,200,3,3,35,16,1.05,0.05,1,0,378
5374,112,1,1,27,11,-1.72,0.05,0,0,378
5375,126,2,2,28,11,0.94,0.05,0,0,378
5376,261,6,6,27,15,-0.21,0.05,1,0,378
5377,53,0,0,22,7,-2.28,0.05,1,0,378
5378,20,0,0,9,3,-4.5,0.05,1,0,378
5379,59,0,0,15,5,-3.84,0.05,1,0,378
5380,83,4,4,27,7,3.52,0.05,1,0,378
5381,22,0,0,10,3,-5.32,0.05,1,0,378
5382,400,4,4,39,19,-6.0,0.05,1,0,378
5383,165,7,7,42,14,8.3,0.05,1,0,378
5384,48,1,1,16,5,-0.43,0.05,1,0,378
5385,116,3,3,36,10,2.29,0.05,1,0,378
5386,21,0,0,8,3,-4.96,0.05,1,0,378
5387,90,3,3,22,8,0.45,0.05,1,0,378
5388,13,0,0,4,2,-5.53,0.05,1,0,378
5389,54,0,0,16,7,-3.64,0.05,1,0,378
5390,247,4,4,38,23,-1.02,0.05,1,0,378
5391,147,7,2,39,13,8.98,0.05,1,0,378
5392,97,4,4,23,8,0.68,0.05,0,0,378
5393,59,1,1,16,7,-2.29,0.05,1,0,378
5394,96,4,4,20,6,1.09,0.05,1,0,378
5395,127,3,3,31,12,0.48,0.05,0,0,378
5396,51,0,0,15,6,-6.46,0.05,1,0,378
5397,400,3,3,32,20,-9.9,0.05,0,1,378
5398,32,1,1,15,4,-1.47,0.05,1,0,378
5399,106,4,4,17,7,-2.26,0.05,0,0,378
5400,35,1,1,11,4,-4.65,0.05,1,0,378
5401,364,2,2,13,31,-14.94,0.05,1,0,378
5402,91,3,3,29,7,3.39,0.05,1,0,378
5403,43,1,1,18,5,-0.83,0.05,1,0,378
5404,151,4,4,37,12,2.94,0.05,1,0,378
5405,18,2,2,8,2,-0.73,0.05,1,0,378
5406,123,4,4,19,7,1.22,0.05,0,0,378
5407,107,5,5,26,8,1.53,0.05,1,0,378
5408,99,1,1,6,3,-4.39,0.05,0,0,378
5409,117,2,2,10,4,-4.02,0.05,0,0,378
5410,130,0,0,25,11,-3.35,0.05,1,0,378
5411,26,2,2,11,3,-1.16,0.05,1,0,378
5412,38,1,1,15,4,-0.88,0.05,1,0,378
5413,20,0,0,10,3,-3.35,0.05,1,0,378
5414,400,2,2,35,14,-0.85,0.05,0,1,378
5415,120,4,4,39,12,4.55,0.05,1,0,378
5416,400,2,2,22,10,-0.1,0.05,0,1,378
5417,176,6,6,32,13,4.39,0.05,1,0,378
5418,101,4,4,28,9,3.14,0.05,1,0,378
5419,6,0,0,3,1,-4.11,0.05,1,0,378
5420,83,0,0,18,8,-1.08,0.05,0,0,378
5421,89,3,3,33,9,6.26,0.05,1,0,378
5422,400,10,5,49,41,7.8,0.05,0,1,378
5423,129,2,2,17,10,-3.04,0.05,0,0,378
5424,42,1,1,11,5,-3.97,0.05,1,0,378
5425,160,3,3,28,13,-1.85,0.05,0,0,378
5426,186,4,4,28,14,1.39,0.05,1,0,378
5427,20,0,0,9,3,-4.2,0.05,1,0,378
5428,146,6,6,33,12,5.29,0.05,1,0,378
5429,112,2,2,32,10,0.18,0.05,0,0,378
5430,44,2,2,16,4,-1.34,0.05,1,0,378
5431,47,1,1,13,5,-4.97,0.05,1,0,378
5432,20,1,1,5,2,-2.65,0.05,1,0,378
5433,25,1,1,9,3,-3.15,0.05,1,0,378
5434,29,1,1,14,4,-1.29,0.05,1,0,378
5435,91,2,2,25,9,0.54,0.05,1,0,378
5436,18,1,1,7,2,-3.63,0.05,1,0,378
5437,173,4,4,40,18,3.52,0.05,1,0,378
5438,143,1,1,35,14,0.22,0.05,1,0,378
5439,98,3,3,29,10,0.87,0.05,1,0,378
5440,347,2,2,17,10,-6.57,0.05,0,0,378
5441,75,2,2,28,8,5.85,0.05,1,0,378
5442,78,3,3,25,7,2.47,0.05,1,0,378
5443,65,1,1,16,6,-4.3,0.05,0,0,378
5444,127,2,2,29,11,-0.22,0.05,0,0,378
5445,290,3,3,40,26,-3.7,0.05,1,0,378
5446,14,0,0,4,2,-5.04,0.05,1,0,378
5447,115,1,1,32,11,-0.25,0.05,1,0,378
5448,83,2,2,19,8,-1.43,0.05,0,0,378
5449,171,0,0,11,7,-6.06,0.05,1,0,378
5450,27,0,0,12,4,-3.92,0.05,1,0,378
5451,17,1,1,9,2,-2.47,0.05,1,0,378
5452,213,4,4,34,14,0.77,0.05,0,0,378
5453,27,1,1,14,3,-1.12,0.05,1,0,378
5454,113,3,3,18,8,-2.48,0.05,1,0,378
5455,5,0,0,4,1,-4.35,0.05,1,0,378
5456,20,0,0,9,3,-4.7,0.05,1,0,378
5457,25,1,1,10,3,-3.2,0.05,1,0,378
5458,86,1,1,24,7,-0.51,0.05,0,0,378
5459,400,3,3,40,21,-6.9,0.05,0,1,378
5460,295,5,5,33,18,-2.45,0.05,1,0,378
5461,208,2,2,31,13,3.67,0.05,0,1,378
5462,97,1,1,21,9,-3.82,0.05,0,0,378
5463,76,6,6,20,6,4.59,0.05,0,0,378
5464,35,2,2,12,4,-0.35,0.05,1,0,378
5465,71,0,0,26,8,-0.51,0.05,1,0,378
5466,48,2,2,12,4,-0.93,0.05,1,0,378
5467,159,4,4,33,12,2.76,0.05,0,0,378
5468,226,7,2,20,13,-2.66,0.05,1,0,378
5469,98,1,1,25,8,-0.98,0.05,1,0,378
5470,34,2,2,11,4,-1.69,0.05,1,0,378
5471,273,4,4,34,18,-2.88,0.05,1,0,378
5472,262,3,3,43,22,-1.97,0.05,1,0,378
5473,64,1,1,18,7,-3.14,0.05,1,0,378
5474,262,3,3,43,28,-1.37,0.05,1,0,378
5475,202,4,4,29,13,0.68,0.05,1,0,378
5476,88,3,3,22,8,0.07,0.05,1,0,378
5477,400,3,3,33,22,-10.5,0.05,0,1,378
5478,296,2,2,27,15,-6.51,0.05,1,0,378
5479,232,2,2,27,16,-7.27,0.05,1,0,378
5480,29,2,2,8,3,-2.14,0.05,1,0,378
5481,71,0,0,12,4,-2.86,0.05,1,0,378
5482,58,0,0,21,8,-4.78,0.05,1,0,378
5483,15,0,0,5,2,-5.8,0.05,1,0,378
5484,134,2,2,28,11,0.41,0.05,0,0,378
5485,35,0,0,14,5,-3.45,0.05,1,0,378
5486,27,1,1,10,3,-1.92,0.05,1,0,378
5487,39,2,2,11,4,-1.69,0.05,1,0,378
5488,49,0,0,14,6,-3.69,0.05,1,0,378
5489,134,2,2,31,10,1.41,0.05,1,0,378
5490,82,1,1,18,8,-5.57,0.05,0,0,378
5491,152,3,3,16,8,-2.12,0.05,1,0,379
5492,14,0,0,6,2,-4.54,0.05,1,0,379
5493,201,1,1,36,16,-1.66,0.05,0,0,379
5494,121,3,3,29,8,3.79,0.05,1,0,379
5495,13,0,0,7,2,-4.18,0.05,1,0,379
5496,103,0,0,23,8,-1.13,0.05,1,0,380
5497,13,0,0,5,2,-4.68,0.05,1,0,380
5498,17,1,1,7,2,-3.07,0.05,1,0,380
5499,400,3,3,31,18,-8.35,0.05,0,1,380
5500,30,1,1,12,4,-2.25,0.05,1,0,380
5501,100,5,5,25,7,2.75,0.05,1,0,380
5502,136,2,2,4,3,-6.81,0.05,1,0,380
5503,28,0,0,13,4,-2.73,0.05,1,0,380
5504,96,2,2,28,11,0.69,0.05,1,0,380
5505,264,2,2,37,21,-5.74,0.05,1,0,380
5506,23,1,1,8,3,-3.03,0.05,1,0,380
5507,81,2,2,28,10,1.49,0.05,1,0,380
5508,361,2,2,34,19,-12.26,0.05,1,0,380
5509,95,2,2,26,10,-1.45,0.05,1,0,380
5510,36,1,1,13,4,-2.16,0.05,1,0,380
5511,56,1,1,19,7,-2.66,0.05,0,0,380
5512,79,3,3,18,6,-0.04,0.05,1,0,380
5513,18,1,1,5,2,-2.58,0.05,1,0,380
5514,91,3,3,19,7,0.64,0.05,0,0,380
5515,238,2,2,27,16,-2.93,0.05,1,0,380
5516,114,1,1,26,11,-1.09,0.05,1,0,380
5517,138,2,2,31,12,-1.33,0.05,0,0,380
5518,81,1,1,19,5,-1.31,0.05,1,0,380
5519,61,1,1,19,6,-0.76,0.05,1,0,380
5520,221,3,3,44,18,10.04,0.05,0,1,380
5521,54,1,1,26,7,0.91,0.05,1,0,380
5522,32,0,0,18,4,-1.47,0.05,1,0,380
5523,21,0,0,8,3,-3.86,0.05,1,0,380
5524,202,3,3,28,13,-3.27,0.05,1,0,380
5525,20,0,0,10,3,-3.45,0.05,1,0,380
5526,27,0,0,13,4,-4.12,0.05,1,0,380
5527,76,3,3,25,8,2.09,0.05,1,0,380
5528,400,6,6,32,18,-5.1,0.05,0,1,380
5529,134,4,4,35,13,2.66,0.05,1,0,380
5530,20,0,0,8,3,-4.5,0.05,1,0,380
5531,255,2,2,34,19,-8.45,0.05,1,0,380
5532,171,2,2,37,16,1.44,0.05,1,0,380
5533,41,0,0,12,4,-4.06,0.05,1,0,380
5534,24,2,2,11,3,-1.49,0.05,1,0,380
5535,388,0,0,16,30,-18.93,0.05,1,0,380
5536,36,2,2,11,4,-1.76,0.05,1,0,380
5537,303,4,4,49,25,-1.78,0.05,1,0,380
5538,90,1,1,20,8,-3.2,0.05,0,0,380
5539,110,4,4,26,10,1.6,0.05,1,0,380
5540,80,0,0,32,11,-2.45,0.05,1,0,380
5541,44,1,1,22,6,-0.29,0.05,1,0,380
5542,31,1,1,14,4,-3.26,0.05,1,0,380
5543,47,0,0,23,6,-0.27,0.05,1,0,380
5544,164,8,3,45,15,9.46,0.05,0,0,380
5545,56,1,1,18,6,-1.51,0.05,1,0,380
5546,184,3,3,34,18,-1.14,0.05,1,0,380
5547,210,2,2,41,19,1.9,0.05,1,0,380
5548,28,1,1,13,3,-0.28,0.05,1,0,380
5549,44,3,3,16,5,1.91,0.05,1,0,380
5550,5,0,0,3,1,-5.7,0.05,1,0,380
5551,96,1,1,30,9,0.94,0.05,1,0,380
5552,102,2,2,9,3,-2.42,0.05,1,0,380
5553,84,1,1,15,6,-2.64,0.05,1,0,380
5554,22,1,1,6,2,-2.97,0.05,1,0,380
5555,52,1,1,14,4,-1.27,0.05,0,0,380
5556,252,7,2,36,20,3.08,0.05,1,0,380
5557,220,1,1,12,8,-5.1,0.05,1,0,380
5558,400,2,2,37,21,-7.45,0.05,0,1,380
5559,59,2,2,18,6,-1.44,0.05,0,0,380
5560,53,0,0,13,4,-4.68,0.05,0,0,380
5561,100,3,3,17,6,0.2,0.05,0,0,380
5562,87,2,2,9,4,-2.42,0.05,0,0,380
5563,13,0,0,7,2,-4.63,0.05,1,0,380
5564,236,2,2,28,15,-4.71,0.05,1,0,380
5565,50,3,3,17,5,1.1,0.05,0,0,380
5566,18,1,1,8,2,-2.18,0.05,1,0,380
5567,89,1,1,19,6,-1.49,0.05,0,0,380
5568,58,0,0,9,4,-5.73,0.05,0,0,380
5569,125,7,2,13,6,1.2,0.05,1,0,380
5570,297,2,2,30,21,-4.92,0.05,1,0,380
5571,198,0,0,24,14,-5.43,0.05,0,0,380
5572,19,1,1,6,2,-3.49,0.05,1,0,380
5573,45,1,1,12,5,-4.5,0.05,0,0,380
5574,114,3,3,24,9,-0.99,0.05,1,0,380
5575,75,0,0,20,8,-2.85,0.05,1,0,380
5576,20,0,0,8,3,-5.05,0.05,1,0,380
5577,194,2,2,39,19,1.26,0.05,1,0,380
5578,90,1,1,20,8,-1.3,0.05,0,0,380
5579,90,4,4,26,7,4.25,0.05,1,0,380
5580,142,2,2,38,13,2.88,0.05,1,0,380
5581,68,2,2,7,3,-2.53,0.05,1,0,380
5582,28,0,0,11,4,-4.78,0.05,1,0,380
5583,257,2,2,21,14,-9.12,0.05,0,0,380
5584,168,2,2,40,15,0.42,0.05,1,0,380
5585,213,1,1,30,12,4.87,0.05,0,1,380
5586,249,4,4,42,22,0.86,0.05,1,0,380
5587,133,1,1,26,11,-0.58,0.05,0,0,380
5588,17,1,1,6,2,-2.92,0.05,1,0,380
5589,229,4,4,30,16,-0.34,0.05,0,0,380
5590,28,0,0,10,4,-5.48,0.05,1,0,380
5591,102,3,3,28,10,0.83,0.05,1,0,380
5592,88,5,5,30,9,4.42,0.05,1,0,380
5593,120,2,2,37,13,3.55,0.05,1,0,380
5594,357,3,3,26,17,-12.72,0.05,1,0,380
5595,63,2,2,22,6,0.92,0.05,1,0,380
5596,22,2,2,8,2,-1.07,0.05,1,0,380
5597,41,3,3,15,4,0.99,0.05,1,0,380
5598,49,1,1,13,5,-2.74,0.05,1,0,380
5599,58,0,0,18,7,-4.08,0.05,0,0,380
5600,76,3,3,24,7,0.09,0.05,0,0,380
5601,41,1,1,17,4,-1.01,0.05,1,0,380
5602,109,2,2,30,12,-1.74,0.05,1,0,380
5603,29,0,0,14,4,-2.89,0.05,1,0,380
5604,38,1,1,13,4,-2.18,0.05,1,0,380
5605,151,1,1,5,2,-5.66,0.05,1,0,380
5606,110,0,0,25,10,-4.45,0.05,1,0,380
5607,91,1,1,31,10,-5.56,0.05,0,0,380
5608,116,3,3,46,12,6.04,0.05,0,0,380
5609,17,1,1,8,2,-2.77,0.05,1,0,380
5610,20,0,0,9,3,-4.7,0.05,1,0,380
5611,25,1,1,7,3,-3.75,0.05,1,0,380
5612,87,1,1,19,6,-1.92,0.05,1,0,381
5613,95,4,4,15,6,-2.65,0.05,1,0,381
5614,41,1,1,18,5,2.74,0.05,1,0,381
5615,55,1,1,22,7,-1.4,0.05,1,0,381
5616,243,3,3,29,11,-0.88,0.05,1,0,381
5617,14,0,0,4,2,-5.14,0.05,1,0,381
5618,21,0,0,8,3,-5.46,0.05,1,0,381
5619,64,0,0,6,4,-6.54,0.05,0,0,381
5620,20,0,0,7,3,-4.85,0.05,1,0,381
5621,122,2,2,38,12,1.88,0.05,1,0,381
5622,107,4,4,23,11,1.08,0.05,1,0,381
5623,44,2,2,15,5,-0.59,0.05,1,0,381
5624,58,3,3,13,4,-0.48,0.05,1,0,381
5625,50,0,0,16,6,-4.15,0.05,1,0,381
5626,284,4,4,24,14,3.31,0.05,0,1,381
5627,37,0,0,18,5,-1.17,0.05,1,0,381
5628,22,0,0,8,3,-3.42,0.05,1,0,381
5629,97,0,0,28,10,-3.02,0.05,1,0,381
5630,236,11,6,51,20,13.39,0.05,1,0,381
5631,400,2,2,32,22,-11.75,0.05,0,1,381
5632,59,3,3,12,5,-0.94,0.05,1,0,381
5633,93,2,2,32,10,2.77,0.05,1,0,381
5634,40,1,1,15,5,-1.65,0.05,1,0,381
5635,91,2,2,9,3,-1.46,0.05,1,0,381
5636,183,2,2,33,15,2.27,0.05,1,0,381
5637,41,1,1,17,5,-0.61,0.05,1,0,381
5638,53,1,1,21,6,0.07,0.05,1,0,381
5639,400,6,6,44,22,-6.15,0.05,0,1,381
5640,59,1,1,12,4,-3.19,0.05,1,0,381
5641,105,2,2,21,10,-0.85,0.05,1,0,381
5642,28,0,0,12,4,-3.98,0.05,1,0,381
5643,206,3,3,41,16,0.39,0.05,1,0,381
5644,67,0,0,10,4,-3.82,0.05,1,0,381
5645,21,0,0,11,3,-3.51,0.05,1,0,381
5646,198,2,2,27,14,-3.88,0.05,1,0,381
5647,17,1,1,7,2,-3.57,0.05,1,0,381
5648,17,1,1,7,2,-3.07,0.05,1,0,381
5649,81,1,1,25,8,-1.26,0.05,1,0,381
5650,301,5,5,41,27,-0.41,0.05,1,0,381
5651,20,0,0,7,3,-4.8,0.05,1,0,381
5652,28,0,0,15,4,-1.88,0.05,1,0,381
5653,25,1,1,9,3,-3.15,0.05,1,0,381
5654,80,2,2,21,8,-0.8,0.05,0,0,382
5655,13,0,0,8,2,-4.23,0.05,1,0,382
5656,254,2,2,49,21,7.21,0.05,0,1,382
5657,32,1,1,10,3,-2.47,0.05,1,0,382
5658,120,2,2,23,8,-3.8,0.05,1,0,382
5659,20,0,0,11,3,-3.55,0.05,1,0,382
5660,40,3,3,10,4,-0.55,0.05,1,0,382
5661,13,0,0,7,2,-4.08,0.05,1,0,382
5662,248,2,2,33,23,-2.93,0.05,1,0,382
5663,66,3,3,23,7,7.04,0.05,1,0,382
5664,276,7,2,34,22,-2.16,0.05,1,0,382
5665,239,6,6,36,18,1.31,0.05,1,0,382
5666,28,0,0,13,4,-3.28,0.05,1,0,382
5667,5,0,0,3,1,-4.3,0.05,1,0,382
5668,77,0,0,11,8,-4.62,0.05,0,0,382
5669,201,5,5,37,15,6.69,0.05,1,0,382
5670,154,4,4,13,6,-1.59,0.05,1,0,382
5671,63,3,3,22,7,0.67,0.05,1,0,382
5672,109,2,2,36,11,2.36,0.05,1,0,382
5673,196,2,2,34,17,-1.46,0.05,1,0,382
5674,35,0,0,12,5,-6.15,0.05,1,0,382
5675,76,2,2,18,5,-0.46,0.05,0,0,382
5676,25,1,1,7,3,-3.8,0.05,1,0,382
5677,257,5,5,43,15,4.93,0.05,1,0,382
5678,75,2,2,28,7,1.6,0.05,1,0,382
5679,40,2,2,12,4,-1.8,0.05,1,0,382
5680,242,1,1,32,18,-3.12,0.05,1,0,382
5681,303,3,3,41,18,-7.48,0.05,1,0,382
5682,77,0,0,25,9,-0.77,0.05,1,0,382
5683,119,4,4,32,10,9.46,0.05,1,0,382
5684,28,0,0,11,4,-4.13,0.05,1,0,382
5685,182,5,5,39,18,6.73,0.05,1,0,382
5686,96,1,1,27,10,-1.36,0.05,1,0,382
5687,242,3,3,40,20,-1.42,0.05,1,0,382
5688,25,2,2,10,3,-1.8,0.05,1,0,382
5689,6,0,0,2,1,-4.51,0.05,1,0,382
5690,109,0,0,28,11,-2.94,0.05,1,0,382
5691,400,2,2,20,17,-11.05,0.05,0,1,382
5692,99,3,3,28,7,3.01,0.05,1,0,382
5693,238,3,3,35,21,-1.73,0.05,1,0,382
5694,44,2,2,10,5,-3.14,0.05,1,0,382
5695,17,1,1,7,2,-3.12,0.05,1,0,382
5696,74,3,3,16,5,0.36,0.05,1,0,382
5697,50,1,1,14,5,-1.95,0.05,1,0,382
5698,122,3,3,30,9,2.83,0.05,1,0,382
5699,40,0,0,8,4,-5.75,0.05,0,0,382
5700,101,4,4,35,10,4.79,0.05,1,0,382
5701,201,2,2,41,19,1.29,0.05,1,0,382
5702,58,1,1,19,5,-0.03,0.05,1,0,382
5703,129,3,3,35,13,2.36,0.05,1,0,382
5704,70,1,1,7,3,-4.3,0.05,1,0,382
5705,14,0,0,7,2,-3.69,0.05,1,0,382
5706,219,2,2,27,12,-2.89,0.05,0,0,382
5707,13,0,0,5,2,-4.68,0.05,1,0,382
5708,117,1,1,14,6,-2.77,0.05,1,0,382
5709,21,0,0,7,3,-4.86,0.05,1,0,382
5710,279,4,4,33,22,-3.59,0.05,0,0,382
5711,33,1,1,11,4,-3.18,0.05,1,0,382
5712,290,2,2,35,14,-1.45,0.05,0,0,382
5713,68,2,2,19,7,-0.23,0.05,1,0,382
5714,325,6,6,38,19,-1.05,0.05,1,0,382
5715,93,0,0,25,9,-3.33,0.05,1,0,382
5716,101,3,3,16,6,-0.56,0.05,1,0,382
5717,26,1,1,8,3,-3.41,0.05,1,0,382
5718,29,1,1,15,3,-1.44,0.05,1,0,382
5719,259,5,5,41,17,2.91,0.05,0,0,382
5720,101,0,0,15,5,-3.46,0.05,0,0,382
5721,74,2,2,15,7,-1.04,0.05,0,0,382
5722,18,1,1,8,2,-2.88,0.05,1,0,382
5723,79,3,3,18,6,-0.54,0.05,1,0,382
5724,17,1,1,5,2,-3.72,0.05,1,0,382
5725,400,3,3,32,17,-6.25,0.05,1,0,382
5726,400,4,4,35,14,3.05,0.05,0,1,382
5727,56,0,0,25,7,-2.51,0.05,1,0,382
5728,49,0,0,16,6,-3.69,0.05,1,0,382
5729,217,1,1,36,18,-3.62,0.05,1,0,382
5730,17,1,1,7,2,-2.47,0.05,1,0,382
5731,20,0,0,10,3,-5.3,0.05,1,0,382
5732,52,1,1,17,5,-0.17,0.05,1,0,382
5733,124,1,1,30,12,-5.94,0.05,1,0,382
5734,68,3,3,21,6,0.82,0.05,0,0,382
5735,20,0,0,8,3,-4.45,0.05,1,0,382
5736,229,1,1,29,21,-4.79,0.05,0,0,382
5737,312,4,4,21,18,-4.72,0.05,1,0,382
5738,71,4,4,22,7,2.39,0.05,1,0,382
5739,100,1,1,27,10,0.4,0.05,1,0,382
5740,323,1,1,53,20,8.92,0.05,0,1,382
5741,328,3,3,35,32,-8.68,0.05,1,0,382
5742,98,2,2,28,12,1.32,0.05,1,0,382
5743,95,2,2,20,6,-1.05,0.05,0,0,382
5744,226,3,3,30,18,-5.21,0.05,1,0,382
5745,26,1,1,6,3,-4.16,0.05,1,0,382
5746,25,1,1,11,3,-3.5,0.05,1,0,382
5747,15,1,1,6,2,-2.9,0.05,1,0,382
5748,75,2,2,24,7,1.15,0.05,1,0,382
5749,134,4,4,23,9,-0.54,0.05,0,0,382
5750,141,5,5,38,12,4.84,0.05,1,0,382
5751,190,2,2,41,18,2.05,0.05,1,0,382
5752,72,1,1,12,6,-3.07,0.05,0,0,382
5753,46,0,0,14,5,-2.51,0.05,1,0,382
5754,76,0,0,14,6,-4.96,0.05,1,0,382
5755,79,2,2,17,6,-1.89,0.05,1,0,382
5756,62,1,1,20,6,-1.12,0.05,1,0,382
5757,38,1,1,15,5,-1.23,0.05,1,0,382
5758,13,0,0,7,2,-4.63,0.05,1,0,382
5759,40,1,1,16,5,-2.3,0.05,1,0,382
5760,395,2,2,41,38,-10.0,0.05,1,0,382
5761,159,4,4,31,11,1.86,0.05,1,0,382
5762,272,3,3,34,22,-5.52,0.05,1,0,382
5763,133,2,2,23,11,-2.68,0.05,1,0,382
5764,29,0,0,12,4,-3.59,0.05,1,0,382
5765,24,1,1,9,3,-3.24,0.05,1,0,382
5766,121,2,2,28,9,0.04,0.05,0,0,382
5767,152,3,3,39,15,4.43,0.05,1,0,382
5768,33,0,0,8,3,-5.13,0.05,1,0,382
5769,328,5,5,36,31,-5.78,0.05,1,0,382
5770,93,2,2,28,10,0.92,0.05,0,0,382
5771,58,2,2,17,6,-0.78,0.05,1,0,382
5772,124,9,4,31,11,6.06,0.05,0,0,382
5773,27,2,2,10,3,-1.57,0.05,1,0,382
5774,54,1,1,18,7,-5.09,0.05,1,0,382
5775,274,2,2,40,23,-4.09,0.05,1,0,382
5776,54,0,0,21,7,2.26,0.05,1,0,382
5777,47,0,0,19,5,-1.52,0.05,1,0,382
5778,35,1,1,13,4,-2.15,0.05,1,0,382
5779,25,1,1,9,3,-3.1,0.05,1,0,382
5780,20,0,0,7,3,-4.8,0.05,1,0,382
5781,400,4,4,46,20,-7.75,0.05,0,1,382
5782,81,2,2,21,8,-2.46,0.05,0,0,382
5783,7,0,0,3,1,-4.27,0.05,1,0,382
5784,274,4,4,31,15,0.71,0.05,1,0,382
5785,21,0,0,5,3,-5.81,0.05,1,0,382
5786,20,0,0,7,3,-5.3,0.05,1,0,382
5787,297,3,3,31,17,-3.57,0.05,1,0,382
5788,120,5,5,22,7,0.6,0.05,0,0,382
5789,63,3,3,18,6,0.52,0.05,1,0,382
5790,50,2,2,24,5,3.0,0.05,1,0,382
5791,321,6,6,36,30,-5.11,0.05,1,0,382
5792,116,2,2,30,10,1.39,0.05,1,0,382
5793,235,3,3,47,18,1.7,0.05,1,0,382
5794,267,2,2,31,13,-6.37,0.05,1,0,382
5795,16,1,1,6,2,-2.41,0.05,1,0,382
5796,242,3,3,16,8,-3.67,0.05,1,0,382
5797,113,4,4,32,12,3.52,0.05,0,0,382
5798,78,0,0,21,8,-4.58,0.05,1,0,382
5799,60,2,2,20,6,0.3,0.05,1,0,382
5800,71,2,2,14,5,-2.16,0.05,1,0,382
5801,49,1,1,18,6,-1.54,0.05,1,0,382
5802,116,4,4,21,7,0.69,0.05,1,0,382
5803,36,0,0,18,4,-1.61,0.05,1,0,382
5804,18,1,1,9,2,-1.93,0.05,1,0,382
5805,51,3,3,16,5,1.19,0.05,1,0,382
5806,42,2,2,14,5,-0.82,0.05,1,0,382
5807,13,0,0,5,2,-6.23,0.05,1,0,382
5808,37,2,2,11,3,-2.07,0.05,1,0,382
5809,190,2,2,26,14,-6.45,0.05,1,0,382
5810,19,1,1,8,2,-2.84,0.05,1,0,382
5811,178,8,3,33,13,11.77,0.05,0,1,382
5812,33,1,1,11,4,-3.18,0.05,1,0,382
5813,30,1,1,12,4,-2.9,0.05,1,0,382
5814,183,4,4,27,11,0.47,0.05,1,0,382
5815,226,6,1,40,17,0.04,0.05,1,0,382
5816,20,0,0,6,3,-6.1,0.05,1,0,382
5817,25,1,1,8,3,-4.4,0.05,1,0,382
5818,101,3,3,19,9,-3.16,0.05,1,0,382
5819,42,0,0,13,5,-3.32,0.05,1,0,382
5820,89,1,1,17,7,-2.84,0.05,1,0,382
5821,6,0,0,3,1,-4.21,0.05,1,0,382
5822,27,0,0,15,4,-2.57,0.05,1,0,382
5823,153,4,4,41,12,0.42,0.05,1,0,382
5824,222,4,4,33,16,2.33,0.05,1,0,382
5825,95,2,2,31,9,2.0,0.05,1,0,382
5826,69,0,0,15,8,-4.89,0.05,0,0,382
5827,106,4,4,24,8,3.39,0.05,0,0,382
5828,13,0,0,7,2,-4.08,0.05,1,0,382
5829,103,1,1,22,10,-4.08,0.05,1,0,382
5830,57,3,3,20,6,1.88,0.05,1,0,382
5831,101,6,1,32,11,6.74,0.05,0,0,382
5832,141,2,2,31,11,2.19,0.05,1,0,382
5833,13,0,0,8,2,-4.33,0.05,1,0,382
5834,31,1,1,13,4,-3.06,0.05,1,0,382
5835,132,2,2,31,13,-2.12,0.05,1,0,382
5836,46,3,3,16,5,0.19,0.05,1,0,382
5837,87,3,3,18,6,-2.02,0.05,0,0,382
5838,32,1,1,10,4,-3.17,0.05,1,0,382
5839,100,3,3,23,9,0.35,0.05,0,0,382
5840,18,1,1,7,2,-3.63,0.05,1,0,382
5841,13,0,0,5,2,-4.78,0.05,1,0,382
5842,45,1,1,20,6,-1.7,0.05,1,0,382
5843,132,3,3,23,12,-2.57,0.05,1,0,382
5844,96,1,1,21,9,-3.66,0.05,1,0,382
5845,48,1,1,13,6,-2.88,0.05,0,0,382
5846,33,1,1,10,4,-2.88,0.05,1,0,382
5847,96,3,3,32,10,2.44,0.05,0,0,382
5848,82,3,3,22,8,0.58,0.05,1,0,382
5849,54,1,1,6,3,-4.99,0.05,0,0,382
5850,120,0,0,28,11,-1.8,0.05,1,0,382
5851,19,1,1,8,2,-2.84,0.05,1,0,382
5852,140,3,3,39,11,1.2,0.05,0,0,382
5853,62,1,1,22,7,0.23,0.05,1,0,382
5854,90,4,4,33,9,10.0,0.05,0,0,382
5855,61,3,3,23,6,-0.46,0.05,1,0,382
5856,207,1,1,25,14,-5.07,0.05,1,0,382
5857,316,1,1,19,21,-15.51,0.05,1,0,382
5858,29,1,1,8,3,-3.14,0.05,1,0,382
5859,69,2,2,21,6,-2.19,0.05,1,0,382
5860,81,2,2,24,9,-1.91,0.05,1,0,382
5861,63,3,3,16,6,-1.18,0.05,0,0,382
5862,89,2,2,25,9,0.26,0.05,1,0,382
5863,152,2,2,35,14,2.63,0.05,1,0,382
5864,98,1,1,21,9,-0.68,0.05,1,0,382
5865,40,1,1,8,3,-5.8,0.05,0,0,382
5866,58,0,0,19,7,-4.43,0.05,1,0,382
5867,164,4,4,24,12,-1.69,0.05,1,0,382
5868,58,0,0,18,6,-2.03,0.05,1,0,382
5869,49,4,4,14,5,1.46,0.05,1,0,382
5870,204,5,5,32,17,-0.24,0.05,1,0,382
5871,111,2,2,27,9,-0.16,0.05,0,0,382
5872,198,9,4,34,14,12.17,0.05,0,1,382
5873,102,2,2,25,8,-0.47,0.05,1,0,382
5874,400,4,4,36,17,-6.25,0.05,0,1,382
5875,73,1,1,16,5,-2.68,0.05,1,0,382
5876,190,4,4,41,15,4.05,0.05,1,0,382
5877,400,3,3,31,19,-4.95,0.05,0,1,382
5878,20,0,0,10,3,-4.35,0.05,1,0,382
5879,95,0,0,24,8,-1.85,0.05,1,0,382
5880,89,1,1,21,9,-2.64,0.05,1,0,382
5881,13,0,0,7,2,-4.08,0.05,1,0,382
5882,65,2,2,16,7,-0.6,0.05,1,0,382
5883,273,7,2,46,25,3.67,0.05,1,0,382
5884,14,0,0,6,2,-4.54,0.05,1,0,382
5885,32,1,1,14,4,-1.67,0.05,1,0,382
5886,400,0,0,10,9,-12.6,0.05,0,1,382
5887,36,0,0,12,5,-4.56,0.05,1,0,382
5888,75,2,2,23,7,-1.55,0.05,1,0,382
5889,59,2,2,23,7,0.01,0.05,1,0,382
5890,71,2,2,15,5,-1.41,0.05,1,0,382
5891,13,0,0,7,2,-4.63,0.05,1,0,382
5892,39,2,2,13,4,-1.04,0.05,1,0,382
5893,27,1,1,11,3,-2.02,0.05,1,0,382
5894,20,0,0,8,3,-5.05,0.05,1,0,382
5895,22,0,0,7,2,-3.37,0.05,1,0,382
5896,68,1,1,21,7,-0.83,0.05,1,0,382
5897,40,1,1,11,5,-4.7,0.05,1,0,382
5898,177,4,4,27,12,0.63,0.05,1,0,382
5899,57,0,0,10,6,-6.87,0.05,0,0,382
5900,133,0,0,11,4,-5.48,0.05,0,0,382
5901,81,1,1,26,9,-0.31,0.05,0,0,382
5902,120,12,2,14,5,5.3,0.05,1,0,382
5903,131,3,3,35,13,1.04,0.05,1,0,382
5904,173,3,3,31,16,-0.03,0.05,0,0,382
5905,25,1,1,10,3,-1.7,0.05,1,0,382
5906,54,0,0,20,7,-2.04,0.05,0,0,382
5907,89,1,1,21,6,-2.04,0.05,0,0,382
5908,284,1,1,28,21,-9.89,0.05,1,0,382
5909,292,1,1,47,14,-0.07,0.05,1,0,382
5910,92,2,2,28,9,3.03,0.05,1,0,382
5911,255,7,7,58,22,9.7,0.05,1,0,382
5912,97,4,4,30,10,4.63,0.05,1,0,382
5913,104,2,2,24,11,0.61,0.05,0,0,382
5914,55,1,1,22,7,-1.8,0.05,1,0,382
5915,226,5,5,43,20,3.24,0.05,0,0,382
5916,28,2,2,12,3,-0.18,0.05,1,0,382
5917,256,5,5,27,15,-0.56,0.05,1,0,382
5918,303,3,3,40,20,-2.83,0.05,1,0,382
5919,198,3,3,40,16,2.37,0.05,1,0,382
5920,13,0,0,7,2,-4.08,0.05,1,0,382
5921,259,8,3,37,18,4.26,0.05,1,0,382
5922,400,4,4,36,19,-5.55,0.05,0,1,382
5923,34,0,0,9,5,-5.89,0.05,1,0,382
5924,217,2,2,42,15,0.08,0.05,1,0,382
5925,13,0,0,4,2,-5.08,0.05,1,0,382
5926,22,0,0,9,3,-4.17,0.05,1,0,382
5927,33,1,1,9,4,-3.28,0.05,1,0,382
5928,44,2,2,15,5,-1.14,0.05,1,0,382
5929,14,0,0,10,2,-2.79,0.05,1,0,382
5930,35,0,0,13,5,-3.65,0.05,1,0,382
5931,135,9,4,24,7,5.45,0.05,1,0,382
5932,51,2,2,17,6,-1.76,0.05,1,0,382
5933,133,5,5,27,9,2.72,0.05,1,0,382
5934,88,3,3,25,9,1.12,0.05,0,0,382
5935,295,2,2,24,19,-8.45,0.05,1,0,382
5936,400,7,7,25,14,-7.65,0.05,0,1,382
5937,79,2,2,24,6,-0.74,0.05,0,0,383
5938,198,1,1,25,16,-10.08,0.05,1,0,383
5939,35,3,3,12,4,0.1,0.05,0,0,383
5940,185,2,2,28,18,-6.5,0.05,1,0,383
5941,30,2,2,10,3,-1.8,0.05,1,0,383
5942,37,0,0,14,5,-3.57,0.05,1,0,383
5943,111,1,1,21,8,-2.26,0.05,1,0,383
5944,121,4,4,24,7,3.14,0.05,0,0,383
5945,129,2,2,25,13,-1.14,0.05,1,0,383
5946,358,5,5,33,25,-4.23,0.05,1,0,383
5947,92,1,1,13,6,-5.07,0.05,1,0,383
5948,137,4,4,28,11,0.03,0.05,1,0,383
5949,82,3,3,10,4,-1.67,0.05,1,0,383
5950,117,2,2,12,5,-4.52,0.05,1,0,383
5951,271,9,4,25,23,-1.51,0.05,1,0,383
5952,45,2,2,14,5,-0.85,0.05,0,0,383
5953,61,1,1,20,6,0.14,0.05,1,0,383
5954,13,0,0,7,2,-4.08,0.05,1,0,383
5955,41,2,2,16,4,-0.96,0.05,1,0,383
5956,400,2,2,34,33,-6.4,0.05,0,1,383
5957,202,2,2,36,19,-1.82,0.05,1,0,383
5958,33,1,1,11,4,-2.63,0.05,1,0,383
5959,18,1,1,9,2,-2.48,0.05,1,0,383
5960,211,3,3,36,19,-0.56,0.05,1,0,383
5961,290,9,4,33,13,11.45,0.05,0,1,383
5962,125,4,4,20,7,1.95,0.05,1,0,383
5963,288,11,6,41,24,14.02,0.05,0,1,383
5964,223,3,3,41,18,0.12,0.05,1,0,383
5965,7,0,0,3,1,-4.27,0.05,1,0,383
5966,164,3,3,33,12,1.76,0.05,1,0,383
5967,173,3,3,29,13,1.67,0.05,1,0,383
5968,208,3,3,46,18,1.02,0.05,1,0,383
5969,95,5,5,22,8,2.45,0.05,1,0,383
5970,115,3,3,26,11,0.7,0.05,1,0,383
5971,266,5,5,39,24,2.79,0.05,1,0,383
5972,400,4,4,27,20,-5.7,0.05,0,1,383
5973,400,0,0,23,15,-9.05,0.05,0,1,383
5974,137,2,2,29,11,-2.62,0.05,0,0,383
5975,348,1,1,25,16,-12.48,0.05,1,0,383
5976,71,1,1,10,3,-4.66,0.05,0,0,383
5977,188,4,4,31,13,2.37,0.05,0,0,383
5978,147,1,1,27,12,-2.82,0.05,1,0,383
5979,101,4,4,19,8,-0.56,0.05,0,0,383
5980,27,1,1,13,3,-2.52,0.05,1,0,383
5981,97,1,1,20,7,-2.92,0.05,0,0,383
5982,17,1,1,6,2,-3.42,0.05,1,0,383
5983,80,3,3,29,8,3.35,0.05,0,0,383
5984,56,0,0,18,6,-3.56,0.05,1,0,383
5985,74,3,3,12,6,-1.99,0.05,1,0,383
5986,70,3,3,23,6,1.15,0.05,1,0,383
5987,69,2,2,19,7,1.26,0.05,1,0,383
5988,96,4,4,24,7,2.39,0.05,1,0,383
5989,84,2,2,17,6,-1.64,0.05,1,0,383
5990,294,4,4,28,12,2.36,0.05,1,0,383
5991,48,2,2,15,6,-1.63,0.05,1,0,383
5992,63,3,3,16,7,-0.48,0.05,1,0,383
5993,75,1,1,25,8,-0.15,0.05,1,0,383
5994,400,2,2,20,6,-3.8,0.05,0,1,383
5995,206,3,3,30,17,-4.11,0.05,1,0,383
5996,112,2,2,27,11,1.78,0.05,1,0,383
5997,46,1,1,18,6,-1.51,0.05,1,0,383
5998,68,2,2,16,5,-1.78,0.05,1,0,383
5999,144,2,2,33,13,0.71,0.05,0,0,383
6000,107,2,2,28,9,1.38,0.05,1,0,383
