round,steps,score,coins,crates,bombs,invalid,killed_self,got_killed,survived,epsilon,mean_abs_td,total_reward
1,14,0,0,5,2,3,1,1,0,0.25,1.07787,67.61
2,34,1,1,8,4,6,1,1,0,0.2499,1.46967,195.873
3,27,1,1,5,3,4,1,1,0,0.2498,0.99533,105.803
4,39,0,0,5,4,6,1,1,0,0.2497,0.63013,221.681
5,13,0,0,5,2,2,1,1,0,0.2495,1.03229,61.15
6,14,0,0,4,2,6,1,1,0,0.2494,1.14456,63.948
7,37,0,0,7,5,4,1,1,0,0.2493,1.22427,133.211
8,30,0,0,4,4,5,1,1,0,0.2492,0.72401,111.356
9,42,1,1,9,5,6,1,1,0,0.2491,0.80233,252.234
10,5,0,0,3,1,2,1,1,0,0.249,1.20202,-94.499
11,13,0,0,6,2,2,1,1,0,0.2488,0.49818,60.899
12,51,1,1,8,6,7,1,1,0,0.2487,0.38179,306.011
13,6,0,0,3,1,1,1,1,0,0.2486,0.1686,15.965
14,21,0,0,8,3,4,1,1,0,0.2485,0.6102,110.263
15,34,0,0,8,5,3,1,1,0,0.2484,1.14004,192.362
16,43,0,0,7,6,3,1,1,0,0.2483,0.61813,196.963
17,41,2,2,14,5,5,1,1,0,0.2482,0.57094,229.906
18,7,0,0,3,1,1,1,1,0,0.248,0.49861,22.979
19,41,0,0,13,6,5,1,1,0,0.2479,1.25412,219.628
20,30,0,0,9,4,5,1,1,0,0.2478,0.24872,166.362
21,95,0,0,18,13,11,1,1,0,0.2477,0.28913,573.728
22,6,0,0,3,1,1,1,1,0,0.2476,0.25578,15.638
23,26,1,1,10,3,3,1,1,0,0.2475,0.30591,153.391
24,16,1,1,4,2,4,1,1,0,0.2474,3.03747,32.516
25,45,1,1,11,5,5,1,1,0,0.2472,0.85752,260.924
26,16,1,1,5,2,3,1,1,0,0.2471,1.20607,32.767
27,35,0,0,15,5,3,1,1,0,0.247,0.43172,200.382
28,29,0,0,6,4,1,1,1,0,0.2469,0.3452,161.954
29,19,0,0,6,3,3,1,1,0,0.2468,0.87011,96.565
30,117,0,0,8,15,10,1,1,0,0.2467,0.44463,656.016
31,82,3,3,19,9,13,1,1,0,0.2465,0.96153,489.661
32,57,1,1,5,7,9,1,1,0,0.2464,0.94846,263.939
33,7,0,0,3,1,0,1,1,0,0.2463,0.19243,22.519
34,37,0,0,8,5,10,1,1,0,0.2462,0.94091,207.36
35,7,0,0,2,1,4,1,1,0,0.2461,5.0935,-6.076
36,18,1,1,4,2,1,1,1,0,0.246,0.45013,100.679
37,21,0,0,4,3,2,1,1,0,0.2459,1.19254,57.783
38,16,0,0,5,2,4,1,1,0,0.2457,0.75026,78.233
39,6,0,0,3,1,2,1,1,0,0.2456,0.67885,15.244
40,66,0,0,6,9,6,1,1,0,0.2455,0.45526,338.707
41,67,1,1,13,8,9,1,1,0,0.2454,0.43819,379.445
42,5,0,0,3,1,1,1,1,0,0.2453,1.07664,-93.786
43,59,2,2,11,7,13,1,1,0,0.2452,0.45703,364.542
44,171,0,0,13,22,18,1,1,0,0.2451,0.47038,988.77
45,21,0,0,8,3,2,1,1,0,0.2449,1.06264,32.939
46,13,0,0,6,2,2,1,1,0,0.2448,0.23849,60.286
47,23,1,1,4,3,3,1,1,0,0.2447,0.3869,127.95
48,29,1,1,10,4,2,1,1,0,0.2446,0.85898,160.162
49,33,1,1,12,3,4,1,1,0,0.2445,1.1833,152.951
50,23,1,1,9,2,6,1,1,0,0.2444,1.298,84.67
51,6,0,0,3,1,2,1,1,0,0.2442,0.53291,14.885
52,22,0,0,8,3,2,1,1,0,0.2441,0.95324,38.701
53,19,1,1,3,2,2,1,1,0,0.244,1.13409,104.509
54,36,0,0,11,5,5,1,1,0,0.2439,1.04169,138.377
55,55,0,0,5,7,13,1,1,0,0.2438,1.25122,248.026
56,6,0,0,2,1,1,1,1,0,0.2437,0.11763,15.353
57,49,0,0,18,7,4,1,1,0,0.2436,0.34802,286.677
58,28,0,0,7,4,2,1,1,0,0.2434,0.20799,154.522
59,17,0,0,6,2,5,1,1,0,0.2433,1.99648,82.164
60,23,0,0,9,3,4,1,1,0,0.2432,0.23884,122.39
61,45,0,0,9,6,8,1,1,0,0.2431,0.3732,258.696
62,29,0,0,6,4,7,1,1,0,0.243,1.15798,91.492
63,20,0,0,6,3,2,1,1,0,0.2429,0.84726,24.487
64,13,0,0,7,2,0,1,1,0,0.2428,0.40033,61.817
65,28,1,1,8,3,4,1,1,0,0.2426,0.54419,115.549
66,13,0,0,5,2,0,1,1,0,0.2425,0.25476,60.434
67,126,1,1,17,15,11,1,1,0,0.2424,0.78145,765.18
68,30,1,1,7,3,8,1,1,0,0.2423,0.96577,147.225
69,29,0,0,8,4,6,1,1,0,0.2422,0.58754,106.467
70,5,0,0,3,1,2,1,1,0,0.2421,1.0634,-95.601
71,27,0,0,10,4,2,1,1,0,0.2419,0.23091,123.266
72,20,0,0,6,3,3,1,1,0,0.2418,0.73627,51.447
73,15,0,0,2,2,2,1,1,0,0.2417,0.8971,70.416
74,7,0,0,3,1,3,1,1,0,0.2416,0.84429,20.91
75,22,0,0,7,3,3,1,1,0,0.2415,0.24012,115.203
76,11,0,0,3,1,5,1,1,0,0.2414,1.50215,43.895
77,13,0,0,4,2,1,1,1,0,0.2413,0.24986,59.943
78,7,0,0,3,1,4,1,1,0,0.2411,3.35646,-5.708
79,17,0,0,5,2,2,1,1,0,0.241,0.51453,85.038
80,24,1,1,5,3,7,1,1,0,0.2409,1.82924,133.437
81,46,0,0,7,6,11,1,1,0,0.2408,0.8432,210.806
82,8,0,0,3,1,2,1,1,0,0.2407,0.85991,27.583
83,44,0,0,9,6,4,1,1,0,0.2406,0.62757,227.276
84,26,0,0,9,3,4,1,1,0,0.2405,0.49887,115.405
85,39,0,0,7,5,6,1,1,0,0.2403,0.51317,220.427
86,21,0,0,5,3,2,1,1,0,0.2402,0.1732,84.177
87,23,0,0,10,3,5,1,1,0,0.2401,1.35592,46.995
88,7,0,0,2,1,1,1,1,0,0.24,0.41317,21.968
89,32,0,0,5,4,2,1,1,0,0.2399,0.19685,179.275
90,13,0,0,8,2,2,1,1,0,0.2398,0.46921,37.379
91,5,0,0,2,1,2,1,1,0,0.2397,2.38751,-17.618
92,56,0,0,13,8,8,1,1,0,0.2395,0.61379,252.616
93,32,0,0,11,4,4,1,1,0,0.2394,0.35224,178.944
94,14,0,0,3,2,1,1,1,0,0.2393,0.29507,66.801
95,28,1,1,8,3,3,1,1,0,0.2392,0.66024,113.539
96,6,0,0,2,1,1,1,1,0,0.2391,0.17108,15.384
97,7,0,0,2,1,2,1,1,0,0.239,0.34016,20.681
98,7,0,0,3,1,0,1,1,0,0.2388,0.25222,21.769
99,7,0,0,2,1,1,1,1,0,0.2387,1.55896,22.119
100,25,0,0,4,3,4,1,1,0,0.2386,0.37809,132.81
101,13,0,0,6,2,1,1,1,0,0.2385,0.29387,60.644
102,17,1,1,4,2,0,1,1,0,0.2384,0.20553,94.435
103,91,2,2,22,11,7,1,1,0,0.2383,0.63642,570.799
104,22,0,0,4,3,2,1,1,0,0.2382,0.29547,115.253
105,6,0,0,3,1,2,1,1,0,0.238,1.88538,11.5
106,60,0,0,11,8,8,1,1,0,0.2379,0.83831,343.638
107,13,0,0,5,2,4,1,1,0,0.2378,1.4625,57.814
108,6,0,0,2,1,0,1,1,0,0.2377,0.12874,15.589
109,21,0,0,5,3,6,1,1,0,0.2376,1.21008,108.768
110,13,0,0,7,2,2,1,1,0,0.2375,1.16163,10.057
111,35,1,1,7,4,3,1,1,0,0.2374,0.78872,206.67
112,5,0,0,4,1,1,1,1,0,0.2372,1.04231,-97.416
113,24,0,0,10,3,4,1,1,0,0.2371,0.97345,121.508
114,21,0,0,5,3,4,1,1,0,0.237,1.08079,57.816
115,50,1,1,12,6,9,1,1,0,0.2369,0.62508,288.171
116,16,1,1,5,2,3,1,1,0,0.2368,1.54176,33.77
117,44,1,1,8,4,10,1,1,0,0.2367,1.06788,262.387
118,117,0,0,17,15,11,1,1,0,0.2365,0.63108,703.471
119,15,0,0,4,2,1,1,1,0,0.2364,0.26699,72.487
120,75,0,0,7,10,11,1,1,0,0.2363,0.69239,447.177
121,24,1,1,4,3,4,1,1,0,0.2362,0.3578,109.263
122,6,0,0,3,1,0,1,1,0,0.2361,0.19626,16.072
123,20,0,0,9,3,2,1,1,0,0.236,2.26051,30.26
124,29,0,0,5,3,7,1,1,0,0.2359,0.41287,154.883
125,24,1,1,10,3,6,1,1,0,0.2357,0.68612,135.134
126,52,0,0,10,7,9,1,1,0,0.2356,0.90132,232.305
127,33,0,0,7,4,4,1,1,0,0.2355,0.45568,184.827
128,13,0,0,3,2,2,1,1,0,0.2354,0.20791,58.157
129,36,0,0,7,5,7,1,1,0,0.2353,0.18023,201.548
130,62,3,3,21,6,9,1,1,0,0.2352,0.48353,377.366
131,15,0,0,1,2,4,1,1,0,0.2351,0.47784,71.2
132,49,0,0,8,7,4,1,1,0,0.2349,0.33936,262.729
133,168,0,0,21,22,26,1,1,0,0.2348,0.62345,1023.664
134,14,0,0,5,2,2,1,1,0,0.2347,0.41473,66.56
135,6,0,0,3,1,2,1,1,0,0.2346,0.09434,15.077
136,37,0,0,8,5,3,1,1,0,0.2345,0.23133,208.558
137,29,1,1,4,3,4,1,1,0,0.2344,0.49772,176.677
138,36,1,1,7,4,2,1,1,0,0.2342,0.22536,213.486
139,42,0,0,9,6,3,1,1,0,0.2341,0.35722,241.82
140,29,1,1,7,3,6,1,1,0,0.234,1.23279,92.391
141,24,0,0,5,3,1,1,1,0,0.2339,0.6435,127.604
142,8,0,0,3,1,3,1,1,0,0.2338,0.259,26.649
143,72,1,1,9,9,8,1,1,0,0.2337,0.43849,436.785
144,13,0,0,5,2,1,1,1,0,0.2336,0.16786,34.777
145,49,0,0,6,7,7,1,1,0,0.2334,0.29578,284.763
146,17,1,1,4,2,3,1,1,0,0.2333,0.24352,90.415
147,13,0,0,6,2,2,1,1,0,0.2332,0.36474,59.374
148,67,2,2,18,7,14,1,1,0,0.2331,0.45255,395.311
149,21,1,1,9,2,2,1,1,0,0.233,1.45568,43.86
150,36,2,2,8,4,3,1,1,0,0.2329,0.46789,222.615
151,22,1,1,9,3,3,1,1,0,0.2328,1.54954,100.337
152,18,1,1,6,2,1,1,1,0,0.2326,1.75023,21.41
153,35,2,2,10,4,4,1,1,0,0.2325,0.46824,183.295
154,21,0,0,6,3,3,1,1,0,0.2324,0.71963,83.355
155,60,0,0,5,8,7,1,1,0,0.2323,0.48454,354.548
156,72,2,2,19,8,10,1,1,0,0.2322,0.80328,455.418
157,68,1,1,19,8,13,1,1,0,0.2321,0.64058,413.106
158,14,0,0,8,2,3,1,1,0,0.2319,0.5769,67.016
159,39,0,0,9,5,6,1,1,0,0.2318,0.64506,220.564
160,20,0,0,8,3,5,1,1,0,0.2317,2.35453,104.603
161,7,0,0,3,1,1,1,1,0,0.2316,0.15215,22.055
162,14,0,0,7,2,1,1,1,0,0.2315,0.26697,67.591
163,236,0,0,8,31,23,1,1,0,0.2314,0.33119,1429.464
164,6,0,0,2,1,1,1,1,0,0.2313,0.07278,15.031
165,52,0,0,7,7,7,1,1,0,0.2311,0.37678,301.117
166,41,1,1,11,5,7,1,1,0,0.231,0.4129,241.036
167,65,0,0,4,8,9,1,1,0,0.2309,0.78803,329.634
168,48,2,2,10,5,2,1,1,0,0.2308,0.24465,280.581
169,42,2,2,14,4,5,1,1,0,0.2307,0.9082,216.522
170,14,0,0,6,2,1,1,1,0,0.2306,0.23109,65.678
171,35,0,0,4,5,5,1,1,0,0.2304,0.15338,197.279
172,22,0,0,4,3,4,1,1,0,0.2303,0.39695,114.944
173,35,0,0,8,5,6,1,1,0,0.2302,0.33744,195.854
174,23,0,0,8,3,4,1,1,0,0.2301,1.29931,51.511
175,21,0,0,6,3,2,1,1,0,0.23,0.3035,84.37
176,47,1,1,6,6,8,1,1,0,0.2299,1.30193,186.634
177,39,0,0,13,5,10,1,1,0,0.2298,0.3299,221.773
178,6,0,0,2,1,2,1,1,0,0.2296,0.06584,15.074
179,7,0,0,1,1,2,1,1,0,0.2295,0.90467,20.325
180,6,0,0,2,1,0,1,1,0,0.2294,0.55789,15.413
181,20,1,1,4,2,2,1,1,0,0.2293,0.37178,85.656
182,5,0,0,3,1,2,1,1,0,0.2292,0.70288,-98.097
183,79,3,3,21,8,17,1,1,0,0.2291,0.59767,498.113
184,61,0,0,7,8,7,1,1,0,0.229,0.57157,360.466
185,20,0,0,6,3,1,1,1,0,0.2288,0.3121,79.449
186,126,2,2,23,14,15,1,1,0,0.2287,0.70221,796.709
187,30,0,0,5,4,6,1,1,0,0.2286,0.37377,138.286
188,6,0,0,2,1,1,1,1,0,0.2285,0.05245,15.313
189,20,0,0,6,3,2,1,1,0,0.2284,1.56164,36.408
190,22,0,0,8,3,5,1,1,0,0.2283,0.51143,90.053
191,55,2,2,8,6,6,1,1,0,0.2281,0.55583,339.312
192,7,0,0,3,1,3,1,1,0,0.228,0.86483,21.059
193,13,0,0,5,2,0,1,1,0,0.2279,0.21638,60.305
194,6,0,0,3,1,1,1,1,0,0.2278,0.14744,15.847
195,50,1,1,8,6,7,1,1,0,0.2277,0.53508,245.973
196,7,0,0,3,1,3,1,1,0,0.2276,0.25043,21.054
197,13,0,0,7,2,1,1,1,0,0.2275,0.41448,61.117
198,21,0,0,3,3,3,1,1,0,0.2273,0.17371,110.263
199,37,0,0,13,5,7,1,1,0,0.2272,0.90591,132.177
200,41,0,0,9,5,5,1,1,0,0.2271,0.26732,235.713
201,7,0,0,3,1,0,1,1,0,0.227,0.14706,22.679
202,35,0,0,11,5,4,1,1,0,0.2269,1.45602,119.828
203,6,0,0,3,1,0,1,1,0,0.2268,0.33875,15.711
204,21,0,0,8,3,0,1,1,0,0.2267,0.23621,111.41
205,35,1,1,5,4,5,1,1,0,0.2265,0.30855,209.762
206,6,0,0,2,1,0,1,1,0,0.2264,0.09958,16.118
207,21,0,0,7,3,1,1,1,0,0.2263,0.21743,110.416
208,46,1,1,15,6,3,1,1,0,0.2262,0.39395,276.002
209,57,2,2,22,6,8,1,1,0,0.2261,0.65172,360.464
210,21,0,0,7,3,1,1,1,0,0.226,0.20555,112.09
211,8,0,0,2,1,0,1,1,0,0.2258,0.12109,28.586
212,46,1,1,10,6,6,1,1,0,0.2257,0.56427,277.096
213,83,1,1,26,10,12,1,1,0,0.2256,0.40893,484.855
214,6,0,0,1,1,2,1,1,0,0.2255,0.10242,14.851
215,13,0,0,6,2,2,1,1,0,0.2254,0.45999,59.056
216,6,0,0,2,1,0,1,1,0,0.2253,3.7045,-63.913
217,18,0,0,5,2,4,1,1,0,0.2252,1.70768,42.7
218,7,0,0,2,1,2,1,1,0,0.225,0.61667,21.246
219,22,0,0,4,3,5,1,1,0,0.2249,0.46146,116.967
220,13,0,0,6,2,0,1,1,0,0.2248,0.24699,60.959
221,51,0,0,10,7,3,1,1,0,0.2247,0.19279,299.501
222,29,1,1,9,3,3,1,1,0,0.2246,0.45143,149.11
223,14,0,0,5,2,1,1,1,0,0.2245,0.34941,66.486
224,31,1,1,8,3,2,1,1,0,0.2244,0.18721,165.445
225,6,0,0,3,1,2,1,1,0,0.2242,0.18073,15.725
226,50,1,1,7,6,5,1,1,0,0.2241,0.40082,300.758
227,5,0,0,4,1,3,1,1,0,0.224,1.00445,-94.377
228,22,0,0,7,3,2,1,1,0,0.2239,0.66527,91.984
229,8,0,0,3,1,1,1,1,0,0.2238,0.19673,28.509
230,32,1,1,6,4,3,1,1,0,0.2237,1.20045,117.206
231,23,1,1,8,3,1,1,1,0,0.2235,0.25726,131.098
232,94,0,0,7,13,9,1,1,0,0.2234,0.61281,506.967
233,6,0,0,2,1,3,1,1,0,0.2233,0.38496,14.717
234,160,3,3,32,16,21,1,1,0,0.2232,0.80166,1019.916
235,23,0,0,7,3,5,1,1,0,0.2231,0.33704,121.76
236,32,0,0,9,4,5,1,1,0,0.223,0.54721,177.938
237,14,0,0,5,2,2,1,1,0,0.2229,0.28869,66.052
238,35,1,1,8,4,5,1,1,0,0.2227,0.71043,155.132
239,43,0,0,12,6,4,1,1,0,0.2226,0.76579,198.612
240,20,0,0,9,3,1,1,1,0,0.2225,0.54714,80.82
241,5,0,0,3,1,2,1,1,0,0.2224,1.87222,-15.911
242,29,1,1,11,3,4,1,1,0,0.2223,1.35593,172.873
243,27,0,0,12,4,5,1,1,0,0.2222,0.57158,124.613
244,39,0,0,9,5,3,1,1,0,0.2221,0.71181,225.189
245,30,0,0,4,4,6,1,1,0,0.2219,0.53756,167.427
246,6,0,0,1,1,0,1,1,0,0.2218,0.37396,14.971
247,25,1,1,7,3,3,1,1,0,0.2217,1.36954,75.796
248,15,1,1,3,2,1,1,1,0,0.2216,1.25037,79.034
249,117,1,1,14,14,10,1,1,0,0.2215,0.38551,730.307
250,38,0,0,11,5,5,1,1,0,0.2214,0.22992,219.14
251,7,0,0,3,1,1,1,1,0,0.2213,0.42406,22.333
252,20,0,0,5,3,0,1,1,0,0.2211,0.63535,81.082
253,13,0,0,5,2,5,1,1,0,0.221,0.41197,59.831
254,15,0,0,4,2,2,1,1,0,0.2209,0.25213,72.164
255,13,0,0,6,2,3,1,1,0,0.2208,0.2674,59.943
256,32,1,1,8,4,1,1,1,0,0.2207,0.63301,136.036
257,33,1,1,5,4,5,1,1,0,0.2206,0.82691,139.438
258,6,0,0,3,1,2,1,1,0,0.2204,0.10189,15.566
259,78,1,1,9,9,7,1,1,0,0.2203,0.3474,475.253
260,73,2,2,17,8,2,1,1,0,0.2202,0.33706,469.201
261,53,2,2,11,6,7,1,1,0,0.2201,0.61521,271.971
262,7,0,0,3,1,2,1,1,0,0.22,0.13337,21.552
263,60,0,0,7,8,5,1,1,0,0.2199,0.43053,306.314
264,14,0,0,1,2,2,1,1,0,0.2198,0.1356,66.349
265,34,0,0,10,5,6,1,1,0,0.2196,1.23835,155.19
266,8,0,0,3,1,1,1,1,0,0.2195,0.43439,28.288
267,89,1,1,9,12,8,1,1,0,0.2194,0.51851,544.522
268,56,0,0,10,7,4,1,1,0,0.2193,0.28079,331.158
269,14,0,0,9,2,4,1,1,0,0.2192,0.49238,42.587
270,46,0,0,13,6,5,1,1,0,0.2191,0.4101,269.972
271,86,1,1,28,11,13,1,1,0,0.219,0.62582,527.93
272,44,0,0,9,6,16,1,1,0,0.2188,0.4799,251.879
273,5,0,0,3,1,2,1,1,0,0.2187,1.00056,-94.826
274,7,0,0,2,1,3,1,1,0,0.2186,0.17081,20.902
275,13,0,0,6,2,1,1,1,0,0.2185,0.36664,60.577
276,24,1,1,9,3,1,1,1,0,0.2184,0.67321,114.092
277,36,0,0,13,5,4,1,1,0,0.2183,0.36193,183.107
278,22,0,0,4,3,4,1,1,0,0.2181,0.33592,117.002
279,13,0,0,8,2,2,1,1,0,0.218,0.72923,37.153
280,33,1,1,5,4,4,1,1,0,0.2179,0.63506,140.808
281,7,0,0,3,1,3,1,1,0,0.2178,0.40376,21.004
282,5,0,0,2,1,1,1,1,0,0.2177,6.03056,-39.582
283,244,2,2,43,30,24,1,1,0,0.2176,0.45137,1530.348
284,18,1,1,5,2,1,1,1,0,0.2175,0.50745,75.159
285,6,0,0,2,1,1,1,1,0,0.2173,0.08507,15.728
286,51,0,0,18,7,8,1,1,0,0.2172,0.7014,275.044
287,68,0,0,11,9,4,1,1,0,0.2171,0.25412,409.416
288,59,2,2,15,7,11,1,1,0,0.217,0.38704,336.673
289,13,0,0,3,2,1,1,1,0,0.2169,2.3423,12.442
290,61,1,1,12,8,6,1,1,0,0.2168,0.50838,343.748
291,21,0,0,6,3,3,1,1,0,0.2167,0.57755,109.06
292,45,1,1,10,5,4,1,1,0,0.2165,0.99435,199.108
293,6,0,0,2,1,2,1,1,0,0.2164,0.17197,15.742
294,27,0,0,8,4,4,1,1,0,0.2163,0.32129,148.824
295,61,2,2,24,7,7,1,1,0,0.2162,0.29923,389.358
296,71,0,0,9,9,15,1,1,0,0.2161,0.46112,421.211
297,39,1,1,13,5,4,1,1,0,0.216,1.12216,241.022
298,109,3,3,27,12,12,1,1,0,0.2158,0.43554,701.182
299,20,0,0,5,3,5,1,1,0,0.2157,0.32558,78.226
300,20,0,0,7,3,3,1,1,0,0.2156,1.01275,54.327
301,179,3,3,25,21,19,1,1,0,0.2155,0.42972,1131.033
302,5,0,0,3,1,1,1,1,0,0.2154,0.94302,-94.956
303,6,0,0,3,1,1,1,1,0,0.2153,0.33978,15.77
304,23,0,0,6,3,4,1,1,0,0.2152,0.1917,122.999
305,44,0,0,6,6,7,1,1,0,0.215,0.76495,203.146
306,69,1,1,10,9,6,1,1,0,0.2149,0.26895,423.752
307,85,0,0,18,11,9,1,1,0,0.2148,0.44774,513.598
308,26,0,0,6,3,5,1,1,0,0.2147,1.23549,61.667
309,20,0,0,7,3,2,1,1,0,0.2146,0.38559,106.321
310,5,0,0,4,1,2,1,1,0,0.2145,0.90168,-96.048
311,49,0,0,4,7,3,1,1,0,0.2143,0.20953,290.277
312,13,0,0,3,2,1,1,1,0,0.2142,0.10904,61.006
313,21,0,0,7,3,1,1,1,0,0.2141,1.30293,33.196
314,49,0,0,8,6,4,1,1,0,0.214,0.13353,290.509
315,59,1,1,9,7,4,1,1,0,0.2139,0.26865,335.97
316,77,0,0,3,10,9,1,1,0,0.2138,0.28107,465.891
317,56,0,0,4,7,3,1,1,0,0.2137,0.47186,257.03
318,30,1,1,5,3,5,1,1,0,0.2135,0.23165,172.411
319,38,0,0,6,5,7,1,1,0,0.2134,0.39288,217.686
320,49,0,0,3,6,5,1,1,0,0.2133,0.19896,288.683
321,29,0,0,6,4,3,1,1,0,0.2132,0.32983,161.849
322,14,0,0,3,2,3,1,1,0,0.2131,0.08978,66.175
323,31,0,0,3,4,4,1,1,0,0.213,1.02029,103.186
324,6,0,0,3,1,2,1,1,0,0.2129,0.1261,15.382
325,51,1,1,9,6,7,1,1,0,0.2127,0.27043,309.667
326,30,0,0,8,4,5,1,1,0,0.2126,1.09066,89.501
327,23,1,1,5,3,3,1,1,0,0.2125,0.29568,126.985
328,46,1,1,4,6,4,1,1,0,0.2124,0.21823,270.448
329,52,1,1,8,6,9,1,1,0,0.2123,0.74031,260.362
330,31,0,0,2,4,3,1,1,0,0.2122,0.2141,174.44
331,30,0,0,5,4,6,1,1,0,0.212,1.05224,87.915
332,22,0,0,4,3,1,1,1,0,0.2119,0.16691,116.575
333,137,2,2,15,16,9,1,1,0,0.2118,0.32898,859.741
334,32,0,0,5,4,3,1,1,0,0.2117,0.91439,99.854
335,99,0,0,8,13,11,1,1,0,0.2116,0.26218,572.874
336,13,0,0,3,2,1,1,1,0,0.2115,0.52025,59.734
337,5,0,0,0,1,2,1,1,0,0.2114,5.43166,-95.11
338,7,0,0,3,1,2,1,1,0,0.2112,0.07235,21.367
339,50,1,1,16,6,2,1,1,0,0.2111,0.83544,229.418
340,21,0,0,6,3,3,1,1,0,0.211,0.34412,109.883
341,41,0,0,13,6,2,1,1,0,0.2109,0.79071,159.579
342,20,0,0,8,3,1,1,1,0,0.2108,0.79468,105.418
343,93,2,2,16,11,9,1,1,0,0.2107,0.45457,580.252
344,90,2,2,18,9,12,1,1,0,0.2106,0.72709,498.944
345,38,0,0,10,5,5,1,1,0,0.2104,0.59038,164.861
346,22,0,0,4,3,3,1,1,0,0.2103,0.62453,114.925
347,30,0,0,4,4,2,1,1,0,0.2102,0.19476,166.982
348,14,0,0,6,2,3,1,1,0,0.2101,1.20334,65.38
349,16,1,1,5,2,1,1,1,0,0.21,1.32287,5.407
350,42,0,0,15,6,2,1,1,0,0.2099,0.72869,242.698
351,72,2,2,10,8,6,1,1,0,0.2097,0.30501,441.15
352,6,0,0,1,1,1,1,1,0,0.2096,0.08384,14.892
353,21,0,0,5,3,1,1,1,0,0.2095,0.89502,31.991
354,20,0,0,8,3,3,1,1,0,0.2094,0.29107,104.253
355,13,0,0,5,2,2,1,1,0,0.2093,1.06128,59.422
356,85,1,1,16,11,9,1,1,0,0.2092,0.41219,492.204
357,7,0,0,3,1,1,1,1,0,0.2091,0.46205,22.084
358,7,0,0,3,1,0,1,1,0,0.2089,0.22472,21.374
359,13,0,0,5,2,1,1,1,0,0.2088,0.12973,60.802
360,6,0,0,3,1,3,1,1,0,0.2087,0.79157,-90.124
361,7,0,0,3,1,0,1,1,0,0.2086,0.27601,21.832
362,98,0,0,8,13,9,1,1,0,0.2085,0.19257,594.383
363,15,0,0,2,2,1,1,1,0,0.2084,1.14215,75.16
364,74,1,1,21,9,8,1,1,0,0.2083,0.45991,456.037
365,43,2,2,11,5,3,1,1,0,0.2081,0.73429,250.38
366,13,0,0,5,2,3,1,1,0,0.208,1.32324,58.639
367,33,1,1,8,4,3,1,1,0,0.2079,0.36646,169.43
368,39,0,0,6,5,7,1,1,0,0.2078,0.67722,197.525
369,43,0,0,9,6,2,1,1,0,0.2077,1.20407,199.526
370,5,0,0,3,1,2,1,1,0,0.2076,0.96559,-96.062
371,59,0,0,18,8,5,1,1,0,0.2074,0.52072,352.48
372,92,1,1,17,11,7,1,1,0,0.2073,0.62546,563.911
373,75,0,0,17,9,10,1,1,0,0.2072,0.35948,450.272
374,13,0,0,4,2,1,1,1,0,0.2071,0.48503,60.497
375,30,0,0,6,4,6,1,1,0,0.207,1.16396,98.028
376,38,0,0,9,5,9,1,1,0,0.2069,0.59973,212.538
377,21,0,0,5,3,2,1,1,0,0.2068,0.17141,110.146
378,20,0,0,6,3,1,1,1,0,0.2066,0.93315,52.729
379,56,1,1,20,7,4,1,1,0,0.2065,0.46327,346.046
380,102,1,1,19,14,13,1,1,0,0.2064,0.46365,626.676
381,40,1,1,11,4,5,1,1,0,0.2063,0.96657,205.196
382,76,4,4,21,7,8,1,1,0,0.2062,0.26391,508.566
383,21,0,0,6,3,3,1,1,0,0.2061,0.73764,57.76
384,18,1,1,4,2,1,1,1,0,0.206,0.17198,75.525
385,62,0,0,13,8,7,1,1,0,0.2058,0.36923,345.284
386,102,2,2,33,12,10,1,1,0,0.2057,0.48267,598.749
387,13,0,0,6,2,0,1,1,0,0.2056,0.23729,60.819
388,22,0,0,8,3,3,1,1,0,0.2055,0.21424,118.646
389,6,0,0,3,1,2,1,1,0,0.2054,0.32176,15.293
390,13,0,0,7,2,3,1,1,0,0.2053,1.79783,9.365
391,65,1,1,8,8,5,1,1,0,0.2051,0.25878,394.529
392,13,0,0,4,2,3,1,1,0,0.205,2.56647,33.209
393,37,0,0,5,5,3,1,1,0,0.2049,0.20269,214.442
394,21,0,0,5,3,1,1,1,0,0.2048,0.18625,111.418
395,29,0,0,7,4,1,1,1,0,0.2047,0.21872,161.865
396,25,1,1,9,3,4,1,1,0,0.2046,0.68436,146.556
397,6,0,0,3,1,1,1,1,0,0.2045,0.17595,15.971
398,5,0,0,3,1,3,1,1,0,0.2043,0.92086,-96.042
399,23,0,0,5,3,5,1,1,0,0.2042,0.25655,122.421
400,29,1,1,6,3,2,1,1,0,0.2041,0.20568,170.906
401,15,0,0,5,2,2,1,1,0,0.204,0.16988,72.92
402,100,1,1,19,13,8,1,1,0,0.2039,0.46478,619.1
403,35,0,0,3,5,5,1,1,0,0.2038,0.16928,198.544
404,6,0,0,2,1,2,1,1,0,0.2037,1.04138,14.968
405,7,0,0,3,1,3,1,1,0,0.2035,0.06555,21.023
406,29,0,0,7,4,4,1,1,0,0.2034,0.77341,110.076
407,13,0,0,6,2,4,1,1,0,0.2033,1.45267,59.501
408,29,0,0,8,4,4,1,1,0,0.2032,0.76206,162.425
409,23,0,0,6,3,5,1,1,0,0.2031,0.8166,122.488
410,14,0,0,5,2,4,1,1,0,0.203,0.2229,65.66
411,7,0,0,2,1,2,1,1,0,0.2029,0.22922,21.757
412,50,0,0,14,6,6,1,1,0,0.2027,0.3148,293.973
413,30,0,0,7,4,4,1,1,0,0.2026,0.66706,116.81
414,75,1,1,9,9,10,1,1,0,0.2025,0.59292,456.168
415,34,0,0,9,5,4,1,1,0,0.2024,1.05818,123.103
416,37,1,1,7,4,6,1,1,0,0.2023,0.75984,192.154
417,6,0,0,2,1,1,1,1,0,0.2022,0.08615,15.517
418,28,0,0,5,4,3,1,1,0,0.202,0.20673,154.515
419,6,0,0,3,1,3,1,1,0,0.2019,3.44808,14.519
420,6,0,0,2,1,2,1,1,0,0.2018,0.13906,15.028
421,7,0,0,2,1,0,1,1,0,0.2017,0.1966,21.279
422,37,1,1,13,4,4,1,1,0,0.2016,0.20046,230.941
423,6,0,0,3,1,2,1,1,0,0.2015,0.04307,15.517
424,25,1,1,7,3,3,1,1,0,0.2014,0.19753,115.655
425,21,0,0,6,3,0,1,1,0,0.2012,0.23352,112.088
426,79,1,1,17,10,4,1,1,0,0.2011,0.55652,461.693
427,69,0,0,4,9,5,1,1,0,0.201,0.22692,416.436
428,160,0,0,10,20,19,1,1,0,0.2009,0.42503,920.059
429,136,6,6,31,13,10,1,1,0,0.2008,0.3736,903.223
430,34,1,1,5,4,1,1,1,0,0.2007,0.27175,200.568
431,44,1,1,7,5,9,1,1,0,0.2006,0.42756,263.621
432,54,0,0,8,7,9,1,1,0,0.2004,0.34181,322.219
433,38,0,0,9,5,4,1,1,0,0.2003,0.88413,139.834
434,77,0,0,5,10,5,1,1,0,0.2002,0.66637,452.006
435,71,0,0,5,9,8,1,1,0,0.2001,0.1511,423.343
436,6,0,0,2,1,0,1,1,0,0.2,0.13558,16.011
437,43,0,0,8,6,4,1,1,0,0.1999,0.15805,251.736
438,36,0,0,9,5,5,1,1,0,0.1997,0.26382,206.292
439,14,0,0,6,2,2,1,1,0,0.1996,0.20959,65.699
440,34,0,0,6,5,4,1,1,0,0.1995,0.13525,168.425
441,37,2,2,10,4,5,1,1,0,0.1994,0.5132,223.118
442,22,0,0,7,3,1,1,1,0,0.1993,0.43639,119.178
443,31,0,0,3,4,2,1,1,0,0.1992,0.98224,104.292
444,65,1,1,10,7,5,1,1,0,0.1991,0.3078,403.492
445,15,0,0,5,2,1,1,1,0,0.1989,0.13693,73.618
446,116,0,0,18,15,10,1,1,0,0.1988,0.47585,706.637
447,60,3,3,22,6,6,1,1,0,0.1987,0.6949,308.487
448,13,0,0,6,2,1,1,1,0,0.1986,0.2229,35.426
449,6,0,0,3,1,1,1,1,0,0.1985,0.13359,15.623
450,7,0,0,2,1,0,1,1,0,0.1984,0.11864,22.619
451,23,0,0,6,3,4,1,1,0,0.1982,0.18984,121.591
452,32,1,1,6,4,4,1,1,0,0.1981,0.80277,188.881
453,29,0,0,4,4,3,1,1,0,0.198,0.2626,160.572
454,5,0,0,2,1,0,1,1,0,0.1979,3.20357,-13.638
455,134,1,1,14,16,10,1,1,0,0.1978,0.30816,827.733
456,61,0,0,9,8,9,1,1,0,0.1977,0.56674,290.875
457,6,0,0,3,1,1,1,1,0,0.1976,0.14049,15.729
458,6,0,0,3,1,1,1,1,0,0.1974,0.14953,15.73
459,24,0,0,5,3,3,1,1,0,0.1973,0.22873,132.68
460,14,0,0,6,2,3,1,1,0,0.1972,0.22134,65.161
461,13,0,0,6,2,2,1,1,0,0.1971,0.16596,60.528
462,29,0,0,5,4,5,1,1,0,0.197,1.48673,81.395
463,30,0,0,4,4,6,1,1,0,0.1969,0.31898,166.004
464,6,0,0,3,1,1,1,1,0,0.1968,0.1916,15.55
465,32,0,0,5,4,3,1,1,0,0.1966,0.21338,179.401
466,14,0,0,6,2,4,1,1,0,0.1965,0.34855,66.094
467,7,0,0,3,1,1,1,1,0,0.1964,0.10372,22.094
468,29,0,0,6,4,2,1,1,0,0.1963,0.30854,161.393
469,21,0,0,6,3,0,1,1,0,0.1962,1.10093,34.657
470,32,0,0,1,4,1,1,1,0,0.1961,0.12948,179.372
471,131,0,0,8,17,12,1,1,0,0.196,0.4996,746.009
472,52,1,1,9,6,5,1,1,0,0.1958,0.21145,288.064
473,6,0,0,2,1,2,1,1,0,0.1957,0.34687,14.714
474,21,0,0,11,3,2,1,1,0,0.1956,0.29724,87.155
475,8,0,0,3,1,2,1,1,0,0.1955,0.49126,27.326
476,17,1,1,7,2,1,1,1,0,0.1954,1.7297,44.987
477,78,1,1,11,10,4,1,1,0,0.1953,0.31454,479.364
478,96,3,3,22,10,7,1,1,0,0.1951,0.38159,596.663
479,6,0,0,2,1,0,1,1,0,0.195,0.03841,15.501
480,106,0,0,5,14,13,1,1,0,0.1949,0.15889,642.803
481,6,0,0,3,1,2,1,1,0,0.1948,3.37957,-79.778
482,31,0,0,8,4,3,1,1,0,0.1947,1.13819,99.328
483,31,1,1,7,4,4,1,1,0,0.1946,0.61628,124.954
484,6,0,0,2,1,2,1,1,0,0.1945,0.71014,14.653
485,119,1,1,20,15,11,1,1,0,0.1943,0.33685,733.007
486,104,2,2,17,13,10,1,1,0,0.1942,0.56019,646.931
487,6,0,0,3,1,3,1,1,0,0.1941,3.12661,-78.693
488,19,1,1,7,2,2,1,1,0,0.194,0.70188,84.684
489,38,0,0,8,5,2,1,1,0,0.1939,0.3566,217.42
490,21,0,0,5,3,4,1,1,0,0.1938,0.19524,108.278
491,46,0,0,9,6,4,1,1,0,0.1936,0.20974,267.05
492,93,2,2,12,11,5,1,1,0,0.1935,0.23365,577.646
493,6,0,0,3,1,3,1,1,0,0.1934,0.13917,14.604
494,13,0,0,4,2,3,1,1,0,0.1933,0.15285,58.36
495,89,1,1,8,11,7,1,1,0,0.1932,0.21851,545.717
496,57,0,0,4,7,5,1,1,0,0.1931,0.15615,336.809
497,22,0,0,6,3,3,1,1,0,0.193,0.36517,115.422
498,5,0,0,3,1,0,1,1,0,0.1928,1.53203,-95.545
499,17,1,1,3,2,2,1,1,0,0.1927,1.49954,38.876
500,7,0,0,3,1,1,1,1,0,0.1926,0.52775,21.762
501,28,0,0,5,4,4,1,1,0,0.1925,0.5445,153.397
502,30,0,0,6,4,3,1,1,0,0.1924,0.29218,167.044
503,22,0,0,4,3,1,1,1,0,0.1923,0.27326,117.092
504,71,0,0,9,9,7,1,1,0,0.1922,0.34903,422.504
505,28,1,1,4,3,3,1,1,0,0.192,1.05811,94.769
506,48,0,0,6,6,9,1,1,0,0.1919,0.83793,206.084
507,6,0,0,3,1,2,1,1,0,0.1918,0.19797,14.822
508,6,0,0,2,1,0,1,1,0,0.1917,0.18501,14.857
509,111,0,0,4,15,12,1,1,0,0.1916,0.13009,670.721
510,16,1,1,2,2,2,1,1,0,0.1915,0.39173,81.983
511,38,0,0,5,5,2,1,1,0,0.1913,0.1592,215.89
512,6,0,0,2,1,3,1,1,0,0.1912,0.60687,14.141
513,56,0,0,5,7,5,1,1,0,0.1911,0.12864,328.961
514,92,0,0,5,12,9,1,1,0,0.191,0.14045,550.871
515,33,1,1,6,4,3,1,1,0,0.1909,0.18178,192.218
516,31,0,0,8,4,3,1,1,0,0.1908,0.18349,145.393
517,25,1,1,9,3,1,1,1,0,0.1907,0.23305,145.988
518,13,0,0,4,2,1,1,1,0,0.1905,0.2303,59.246
519,6,0,0,2,1,1,1,1,0,0.1904,0.17162,14.589
520,50,0,0,4,7,7,1,1,0,0.1903,0.47421,263.733
521,13,0,0,5,2,2,1,1,0,0.1902,0.33641,58.613
522,53,2,2,14,6,5,1,1,0,0.1901,0.47548,326.697
523,7,0,0,3,1,0,1,1,0,0.19,0.13054,21.964
524,131,0,0,17,17,13,1,1,0,0.1899,0.3017,796.65
525,13,0,0,6,2,1,1,1,0,0.1897,0.26139,59.988
526,45,0,0,7,6,3,1,1,0,0.1896,0.5077,180.891
527,155,4,4,30,17,8,1,1,0,0.1895,0.25581,966.128
528,37,0,0,7,5,3,1,1,0,0.1894,0.17291,209.765
529,28,0,0,4,4,3,1,1,0,0.1893,0.12305,152.8
530,133,2,2,12,17,9,1,1,0,0.1892,0.33114,821.566
531,30,1,1,7,4,1,1,1,0,0.189,0.91926,126.195
532,5,0,0,3,1,0,1,1,0,0.1889,1.07862,-96.498
533,11,0,0,2,1,1,1,1,0,0.1888,0.10605,45.286
534,16,1,1,4,2,2,1,1,0,0.1887,0.17098,58.693
535,13,0,0,5,2,1,1,1,0,0.1886,0.2187,59.279
536,6,0,0,2,1,1,1,1,0,0.1885,0.06955,15.084
537,14,0,0,5,2,3,1,1,0,0.1884,0.16745,64.103
538,13,0,0,7,2,2,1,1,0,0.1882,0.27829,35.625
539,45,1,1,13,5,5,1,1,0,0.1881,0.38339,273.506
540,6,0,0,3,1,1,1,1,0,0.188,0.255,14.892
541,122,3,3,27,13,13,1,1,0,0.1879,0.56225,776.871
542,5,0,0,4,1,3,1,1,0,0.1878,0.7766,-95.15
543,36,0,0,10,5,3,1,1,0,0.1877,0.96387,133.398
544,68,0,0,12,9,5,1,1,0,0.1876,0.21502,404.656
545,73,3,3,14,8,5,1,1,0,0.1874,0.32042,460.612
546,30,0,0,6,4,2,1,1,0,0.1873,0.42821,166.761
547,13,0,0,5,2,4,1,1,0,0.1872,0.18163,58.666
548,5,0,0,2,1,0,1,1,0,0.1871,4.6396,-71.854
549,168,2,2,45,21,15,1,1,0,0.187,0.3027,1052.997
550,6,0,0,2,1,2,1,1,0,0.1869,0.36886,14.319
551,17,0,0,5,2,3,1,1,0,0.1867,0.2908,67.112
552,8,0,0,3,1,3,1,1,0,0.1866,0.1106,26.345
553,8,0,0,3,1,1,1,1,0,0.1865,0.1445,27.866
554,36,0,0,5,5,4,1,1,0,0.1864,0.23469,202.765
555,64,0,0,7,9,6,1,1,0,0.1863,0.17181,379.294
556,71,1,1,18,8,4,1,1,0,0.1862,0.20853,445.485
557,46,3,3,10,5,5,1,1,0,0.1861,0.39759,284.72
558,215,3,3,33,26,18,1,1,0,0.1859,0.57801,1336.226
559,46,1,1,8,5,2,1,1,0,0.1858,0.16388,273.102
560,38,1,1,5,5,4,1,1,0,0.1857,0.19681,197.492
561,5,0,0,3,1,1,1,1,0,0.1856,1.29761,-96.483
562,20,0,0,7,3,2,1,1,0,0.1855,1.20944,51.664
563,14,0,0,5,2,3,1,1,0,0.1854,1.98696,-6.506
564,14,0,0,4,2,4,1,1,0,0.1853,0.20079,63.788
565,6,0,0,2,1,3,1,1,0,0.1851,3.50241,-11.723
566,17,1,1,7,2,3,1,1,0,0.185,1.71941,43.319
567,8,0,0,2,1,2,1,1,0,0.1849,0.32373,27.743
568,6,0,0,3,1,2,1,1,0,0.1848,0.31423,15.094
569,57,0,0,5,8,4,1,1,0,0.1847,0.47591,283.686
570,8,0,0,3,1,1,1,1,0,0.1846,0.24862,27.259
571,87,2,2,31,10,6,1,1,0,0.1845,0.63222,480.444
572,6,0,0,3,1,2,1,1,0,0.1843,0.33729,15.0
573,15,0,0,5,2,1,1,1,0,0.1842,0.19431,71.889
574,112,1,1,25,14,7,1,1,0,0.1841,0.52915,613.267
575,116,1,1,32,14,8,1,1,0,0.184,0.48282,644.841
576,57,1,1,16,8,3,1,1,0,0.1839,0.72525,342.434
577,76,1,1,18,9,8,1,1,0,0.1838,0.58859,441.841
578,30,0,0,5,4,4,1,1,0,0.1836,0.15332,166.183
579,88,0,0,9,12,4,1,1,0,0.1835,0.27628,530.411
580,20,1,1,8,2,5,1,1,0,0.1834,1.0454,88.325
581,14,0,0,2,2,3,1,1,0,0.1833,0.1567,65.287
582,6,0,0,2,1,3,1,1,0,0.1832,0.78954,14.383
583,65,0,0,12,9,4,1,1,0,0.1831,0.28946,389.314
584,34,0,0,6,5,2,1,1,0,0.183,0.2131,192.754
585,13,0,0,6,2,3,1,1,0,0.1828,0.48252,59.151
586,45,0,0,11,6,7,1,1,0,0.1827,0.84424,185.333
587,23,0,0,4,3,4,1,1,0,0.1826,1.14058,46.64
588,29,0,0,5,4,3,1,1,0,0.1825,0.36123,159.12
589,38,0,0,5,5,2,1,1,0,0.1824,0.22525,215.531
590,6,0,0,2,1,3,1,1,0,0.1823,2.85677,13.841
591,73,0,0,3,10,10,1,1,0,0.1822,0.21157,434.657
592,20,0,0,7,3,2,1,1,0,0.182,1.0304,51.909
593,59,1,1,14,8,5,1,1,0,0.1819,0.44513,358.458
594,14,0,0,5,2,4,1,1,0,0.1818,0.20836,64.602
595,56,1,1,19,7,5,1,1,0,0.1817,0.74471,261.354
596,17,1,1,3,2,1,1,1,0,0.1816,1.70814,13.55
597,56,2,2,10,6,6,1,1,0,0.1815,1.00695,342.208
598,37,2,2,14,3,5,1,1,0,0.1813,0.45676,212.197
599,5,0,0,3,1,1,1,1,0,0.1812,0.85066,-97.325
600,7,0,0,3,1,1,1,1,0,0.1811,0.14193,21.481
601,51,0,0,6,7,7,1,1,0,0.181,0.41308,298.79
602,27,1,1,9,3,2,1,1,0,0.1809,0.79131,155.241
603,85,1,1,14,11,6,1,1,0,0.1808,0.39532,490.79
604,88,2,2,16,11,9,1,1,0,0.1807,0.40204,544.098
605,100,0,0,5,13,6,1,1,0,0.1805,0.43499,603.341
606,28,0,0,8,4,1,1,1,0,0.1804,0.25726,156.548
607,7,0,0,3,1,0,1,1,0,0.1803,0.14196,22.523
608,30,0,0,11,4,2,1,1,0,0.1802,0.26437,166.583
609,13,0,0,5,2,4,1,1,0,0.1801,0.22221,58.133
610,44,0,0,6,6,6,1,1,0,0.18,0.5697,200.247
611,6,0,0,3,1,1,1,1,0,0.1799,0.09831,15.506
612,20,0,0,8,3,3,1,1,0,0.1797,1.64275,31.559
613,34,0,0,17,5,5,1,1,0,0.1796,0.3705,194.37
614,74,1,1,5,10,3,1,1,0,0.1795,0.5563,376.765
615,87,2,2,23,10,8,1,1,0,0.1794,0.34091,548.612
616,16,0,0,6,2,3,1,1,0,0.1793,0.27754,77.581
617,76,1,1,15,9,10,1,1,0,0.1792,0.55526,454.811
618,8,0,0,2,1,1,1,1,0,0.179,0.08424,27.553
619,47,1,1,8,6,3,1,1,0,0.1789,0.52078,283.135
620,15,0,0,4,2,2,1,1,0,0.1788,0.23239,70.948
621,31,0,0,12,4,4,1,1,0,0.1787,0.41498,147.829
622,5,0,0,3,1,1,1,1,0,0.1786,0.89457,-98.041
623,139,1,1,41,18,14,1,1,0,0.1785,0.51008,832.79
624,28,0,0,9,4,2,1,1,0,0.1784,0.17823,153.911
625,40,1,1,11,5,1,1,1,0,0.1782,0.64921,159.86
626,13,0,0,4,2,3,1,1,0,0.1781,0.83839,58.144
627,34,0,0,9,4,4,1,1,0,0.178,0.63109,177.518
628,6,0,0,3,1,1,1,1,0,0.1779,0.17294,15.737
629,43,0,0,10,6,4,1,1,0,0.1778,0.21452,246.914
630,44,1,1,7,6,3,1,1,0,0.1777,0.38102,259.03
631,28,0,0,7,4,4,1,1,0,0.1775,1.80502,73.119
632,13,0,0,4,2,2,1,1,0,0.1774,0.1602,58.705
633,27,1,1,10,3,4,1,1,0,0.1773,0.33664,155.746
634,8,0,0,2,1,1,1,1,0,0.1772,0.19041,26.839
635,21,0,0,12,3,2,1,1,0,0.1771,1.26773,32.067
636,20,0,0,8,3,4,1,1,0,0.177,2.28736,51.704
637,112,2,2,30,13,10,1,1,0,0.1769,0.77551,714.66
638,22,0,0,6,3,4,1,1,0,0.1767,0.35392,115.678
639,18,1,1,7,2,3,1,1,0,0.1766,0.49648,76.084
640,6,0,0,1,1,3,1,1,0,0.1765,0.83853,14.017
641,6,0,0,3,1,1,1,1,0,0.1764,0.09166,15.611
642,72,1,1,23,9,7,1,1,0,0.1763,1.13036,363.494
643,45,0,0,8,6,6,1,1,0,0.1762,0.41712,260.47
644,72,1,1,27,9,4,1,1,0,0.1761,0.42067,439.661
645,13,0,0,6,2,2,1,1,0,0.1759,0.43291,61.105
646,21,0,0,7,3,1,1,1,0,0.1758,0.20099,111.645
647,31,0,0,4,4,5,1,1,0,0.1757,0.17768,172.306
648,43,0,0,6,5,5,1,1,0,0.1756,0.23617,247.198
649,6,0,0,3,1,1,1,1,0,0.1755,0.13105,15.59
650,44,0,0,5,6,1,1,1,0,0.1754,0.15625,255.973
651,36,1,1,7,4,1,1,1,0,0.1752,0.17492,215.603
652,44,0,0,11,6,4,1,1,0,0.1751,0.54213,255.012
653,36,1,1,7,4,5,1,1,0,0.175,0.87585,134.715
654,70,0,0,7,9,6,1,1,0,0.1749,0.17392,420.489
655,106,0,0,8,14,9,1,1,0,0.1748,0.20897,645.942
656,6,0,0,3,1,0,1,1,0,0.1747,0.61925,16.008
657,73,1,1,6,9,2,1,1,0,0.1746,0.1781,449.191
658,64,0,0,18,9,6,1,1,0,0.1744,0.41397,383.597
659,66,0,0,9,9,7,1,1,0,0.1743,0.50522,322.148
660,6,0,0,2,1,1,1,1,0,0.1742,0.11076,15.017
661,20,0,0,5,3,2,1,1,0,0.1741,0.17444,104.487
662,68,0,0,7,8,10,1,1,0,0.174,0.67062,402.03
663,114,1,1,11,14,15,1,1,0,0.1739,0.343,692.094
664,15,0,0,5,2,1,1,1,0,0.1738,0.16356,72.475
665,7,0,0,2,1,2,1,1,0,0.1736,0.12945,20.55
666,124,0,0,11,16,13,1,1,0,0.1735,0.51765,753.703
667,24,0,0,4,3,1,1,1,0,0.1734,0.22636,129.313
668,22,0,0,7,3,0,1,1,0,0.1733,0.15125,117.877
669,46,2,2,12,5,2,1,1,0,0.1732,0.39022,280.449
670,53,1,1,12,6,6,1,1,0,0.1731,0.35195,328.113
671,51,1,1,7,6,4,1,1,0,0.1729,0.44765,306.678
672,200,2,2,18,25,14,1,1,0,0.1728,0.42633,1245.714
673,20,0,0,6,3,2,1,1,0,0.1727,0.97713,53.452
674,15,0,0,5,2,3,1,1,0,0.1726,0.11303,72.209
675,14,0,0,6,2,1,1,1,0,0.1725,0.22767,66.998
676,15,0,0,6,2,0,1,1,0,0.1724,0.29224,73.292
677,6,0,0,3,1,1,1,1,0,0.1723,0.16624,15.32
678,56,2,2,14,6,5,1,1,0,0.1721,0.38736,353.918
679,5,0,0,3,1,1,1,1,0,0.172,0.84699,-95.555
680,93,2,2,18,11,10,1,1,0,0.1719,0.41198,498.467
681,17,1,1,4,2,2,1,1,0,0.1718,1.22043,40.501
682,8,0,0,3,1,1,1,1,0,0.1717,0.12086,27.349
683,65,1,1,7,8,6,1,1,0,0.1716,0.23765,398.984
684,19,1,1,5,2,2,1,1,0,0.1715,0.23723,81.486
685,139,0,0,15,18,13,1,1,0,0.1713,0.37704,847.302
686,14,0,0,5,2,3,1,1,0,0.1712,1.37676,64.476
687,27,0,0,4,4,1,1,1,0,0.1711,1.03907,97.407
688,37,0,0,8,5,3,1,1,0,0.171,0.49725,132.547
689,58,1,1,9,7,5,1,1,0,0.1709,0.55871,302.306
690,6,0,0,1,1,2,1,1,0,0.1708,0.34913,14.848
691,169,1,1,15,21,8,1,1,0,0.1706,0.38788,1039.313
692,6,0,0,3,1,1,1,1,0,0.1705,0.17153,15.847
693,6,0,0,2,1,1,1,1,0,0.1704,0.42436,15.181
694,7,0,0,3,1,0,1,1,0,0.1703,0.13272,22.322
695,119,2,2,13,14,9,1,1,0,0.1702,0.29838,743.096
696,48,0,0,2,5,0,1,1,0,0.1701,0.14503,281.476
697,14,0,0,5,2,3,1,1,0,0.17,0.37003,65.989
698,58,1,1,17,7,5,1,1,0,0.1698,0.96104,352.736
699,98,0,0,4,12,12,1,1,0,0.1697,0.18259,594.293
700,23,0,0,6,3,2,1,1,0,0.1696,0.16584,124.167
701,59,2,2,17,7,7,1,1,0,0.1695,0.77554,351.223
702,14,0,0,5,2,1,1,1,0,0.1694,0.29376,66.724
703,17,1,1,8,2,3,1,1,0,0.1693,0.58177,93.571
704,15,0,0,6,2,2,1,1,0,0.1692,0.188,72.889
705,23,1,1,8,3,1,1,1,0,0.169,1.13576,63.181
706,185,0,0,14,23,6,1,1,0,0.1689,0.341,1146.026
707,73,0,0,5,9,4,1,1,0,0.1688,0.2272,439.942
708,58,1,1,6,7,3,1,1,0,0.1687,0.3243,347.915
709,89,1,1,10,11,5,1,1,0,0.1686,0.34371,471.641
710,21,0,0,7,3,2,1,1,0,0.1685,0.19391,110.512
711,55,1,1,7,7,3,1,1,0,0.1683,0.72828,280.22
712,13,0,0,4,2,2,1,1,0,0.1682,0.17558,60.0
713,15,0,0,5,2,1,1,1,0,0.1681,0.15883,72.688
714,119,1,1,11,15,9,1,1,0,0.168,0.17958,705.005
715,32,0,0,6,4,4,1,1,0,0.1679,0.1477,177.225
716,5,0,0,4,1,1,1,1,0,0.1678,0.95515,-96.594
717,73,0,0,13,10,5,1,1,0,0.1677,0.3805,386.018
718,51,0,0,6,7,4,1,1,0,0.1675,0.15708,298.179
719,58,1,1,12,7,6,1,1,0,0.1674,0.52292,270.392
720,15,0,0,6,2,1,1,1,0,0.1673,0.16652,73.4
721,145,1,1,7,18,14,1,1,0,0.1672,0.35613,879.378
722,31,1,1,7,4,4,1,1,0,0.1671,0.21887,175.961
723,14,0,0,3,2,3,1,1,0,0.167,1.29819,39.18
724,6,0,0,3,1,1,1,1,0,0.1669,0.1321,15.208
725,68,0,0,5,9,7,1,1,0,0.1667,0.16346,402.897
726,15,0,0,2,2,2,1,1,0,0.1666,0.19891,71.476
727,18,1,1,5,2,6,1,1,0,0.1665,1.60049,20.403
728,17,0,0,5,2,4,1,1,0,0.1664,1.56927,31.792
729,17,1,1,3,2,2,1,1,0,0.1663,0.42279,89.773
730,41,1,1,8,5,2,1,1,0,0.1662,0.33862,245.67
731,30,0,0,4,4,2,1,1,0,0.1661,0.34577,165.779
732,46,0,0,6,6,5,1,1,0,0.1659,0.16789,266.625
733,14,0,0,6,2,1,1,1,0,0.1658,0.18361,66.58
734,43,1,1,5,5,2,1,1,0,0.1657,0.18918,252.225
735,24,0,0,4,3,2,1,1,0,0.1656,0.15358,128.933
736,63,0,0,6,8,4,1,1,0,0.1655,0.27552,371.796
737,16,0,0,5,2,2,1,1,0,0.1654,0.12127,78.285
738,22,0,0,10,3,3,1,1,0,0.1652,0.50671,95.705
739,35,1,1,5,4,3,1,1,0,0.1651,0.20406,202.554
740,13,0,0,3,2,2,1,1,0,0.165,0.10191,59.417
741,25,1,1,6,3,3,1,1,0,0.1649,1.30819,62.941
742,31,0,0,5,4,2,1,1,0,0.1648,0.16867,173.476
743,6,0,0,3,1,1,1,1,0,0.1647,0.19816,15.206
744,7,0,0,2,1,1,1,1,0,0.1646,0.07768,21.145
745,47,0,0,4,6,2,1,1,0,0.1644,0.13736,273.714
746,36,1,1,7,4,3,1,1,0,0.1643,0.50189,212.503
747,15,0,0,4,2,2,1,1,0,0.1642,0.12429,71.67
748,103,0,0,6,13,11,1,1,0,0.1641,0.14915,621.09
749,31,0,0,3,4,1,1,1,0,0.164,0.61261,92.474
750,5,0,0,4,1,0,1,1,0,0.1639,0.82294,-97.991
751,54,1,1,10,7,8,1,1,0,0.1638,0.17381,321.7
752,31,0,0,7,4,4,1,1,0,0.1636,1.22104,171.371
753,141,1,1,19,17,7,1,1,0,0.1635,0.62337,866.818
754,34,0,0,5,4,4,1,1,0,0.1634,1.07589,136.948
755,22,0,0,5,3,1,1,1,0,0.1633,0.51967,117.337
756,5,0,0,3,1,0,1,1,0,0.1632,0.66645,-95.67
757,52,0,0,7,7,4,1,1,0,0.1631,0.15609,304.546
758,26,1,1,5,3,3,1,1,0,0.1629,0.29441,148.206
759,61,0,0,4,8,5,1,1,0,0.1628,0.12674,360.441
760,22,0,0,6,3,4,1,1,0,0.1627,0.34516,89.172
761,166,2,2,18,21,15,1,1,0,0.1626,0.3165,1025.16
762,23,1,1,7,2,3,1,1,0,0.1625,0.42207,112.335
763,40,0,0,6,5,5,1,1,0,0.1624,0.12653,227.409
764,68,0,0,3,9,8,1,1,0,0.1623,0.17486,402.657
765,20,1,1,4,2,2,1,1,0,0.1621,1.5226,35.805
766,92,0,0,10,12,6,1,1,0,0.162,0.3494,501.262
767,18,1,1,7,2,2,1,1,0,0.1619,1.5386,51.393
768,392,1,1,24,44,30,1,1,0,0.1618,0.27879,2402.556
769,43,0,0,7,6,2,1,1,0,0.1617,0.12121,245.959
770,46,0,0,3,6,2,1,1,0,0.1616,0.1044,263.329
771,53,2,2,16,6,8,1,1,0,0.1614,0.26917,319.502
772,107,1,1,15,13,6,1,1,0,0.1613,0.21177,649.919
773,101,1,1,9,12,7,1,1,0,0.1612,0.34075,611.266
774,49,1,1,12,6,2,1,1,0,0.1611,0.18703,294.464
775,101,0,0,9,12,7,1,1,0,0.161,0.40283,529.209
776,94,1,1,7,12,8,1,1,0,0.1609,0.21068,567.021
777,21,0,0,8,3,1,1,1,0,0.1608,0.16531,109.745
778,80,2,2,18,9,7,1,1,0,0.1606,0.41544,495.591
779,82,0,0,10,11,8,1,1,0,0.1605,0.40416,485.437
780,22,0,0,7,3,1,1,1,0,0.1604,0.50933,91.182
781,22,0,0,8,3,1,1,1,0,0.1603,1.33941,41.857
782,65,1,1,13,8,12,1,1,0,0.1602,0.52138,383.198
783,13,0,0,4,2,0,1,1,0,0.1601,0.12552,59.544
784,15,0,0,3,2,3,1,1,0,0.16,0.22868,73.858
785,91,0,0,7,12,5,1,1,0,0.1598,0.44632,537.844
786,28,0,0,5,4,2,1,1,0,0.1597,0.94586,72.797
787,113,0,0,16,15,7,1,1,0,0.1596,0.46559,677.04
788,121,1,1,12,15,8,1,1,0,0.1595,0.22334,725.863
789,75,1,1,14,9,6,1,1,0,0.1594,0.20543,454.038
790,52,2,2,10,6,4,1,1,0,0.1593,0.26225,316.237
791,20,0,0,7,3,3,1,1,0,0.1591,0.13828,77.321
792,22,0,0,3,3,0,1,1,0,0.159,0.11429,115.746
793,13,0,0,5,2,4,1,1,0,0.1589,0.12667,58.195
794,5,0,0,4,1,2,1,1,0,0.1588,0.94467,-96.228
795,36,0,0,10,5,3,1,1,0,0.1587,0.15661,203.182
796,30,2,2,6,3,6,1,1,0,0.1586,0.35176,177.993
797,27,1,1,10,3,3,1,1,0,0.1585,0.53152,157.997
798,6,0,0,1,1,1,1,1,0,0.1583,0.12574,14.913
799,21,0,0,6,3,2,1,1,0,0.1582,0.15682,108.494
800,16,0,0,6,2,1,1,1,0,0.1581,0.22602,77.925
801,34,0,0,9,5,1,1,1,0,0.158,0.4508,163.905
802,23,1,1,5,2,4,1,1,0,0.1579,1.38452,58.028
803,21,0,0,6,3,0,1,1,0,0.1578,0.09704,109.708
804,87,0,0,9,11,7,1,1,0,0.1577,0.1397,493.435
805,6,0,0,3,1,0,1,1,0,0.1575,0.20516,15.491
806,6,0,0,2,1,1,1,1,0,0.1574,0.12809,14.804
807,6,0,0,2,1,1,1,1,0,0.1573,0.12412,14.616
808,7,0,0,1,1,1,1,1,0,0.1572,0.09156,21.229
809,30,0,0,8,4,2,1,1,0,0.1571,0.27381,164.817
810,29,0,0,8,4,4,1,1,0,0.157,0.372,157.964
811,21,0,0,6,3,3,1,1,0,0.1568,1.2552,30.5
812,15,0,0,5,2,0,1,1,0,0.1567,0.14758,72.277
813,107,0,0,6,14,4,1,1,0,0.1566,0.31377,594.454
814,74,0,0,6,9,9,1,1,0,0.1565,0.28919,385.255
815,21,1,1,9,2,2,1,1,0,0.1564,1.49563,46.088
816,31,0,0,9,4,4,1,1,0,0.1563,0.9412,94.55
817,25,0,0,6,3,4,1,1,0,0.1562,0.12785,132.049
818,26,1,1,10,3,2,1,1,0,0.156,0.4381,149.991
819,15,0,0,6,2,3,1,1,0,0.1559,0.22756,71.329
820,203,2,2,36,25,14,1,1,0,0.1558,0.32149,1253.457
821,51,0,0,7,6,8,1,1,0,0.1557,0.17674,290.135
822,136,0,0,11,17,7,1,1,0,0.1556,0.14659,822.573
823,58,0,0,8,8,4,1,1,0,0.1555,0.41673,336.829
824,5,0,0,1,1,1,1,1,0,0.1554,2.63865,-14.717
825,45,0,0,7,6,3,1,1,0,0.1552,0.16286,256.239
826,8,0,0,3,1,0,1,1,0,0.1551,0.10088,27.699
827,27,0,0,4,3,4,1,1,0,0.155,0.09717,143.41
828,38,0,0,7,5,7,1,1,0,0.1549,0.41139,212.047
829,17,1,1,5,2,1,1,1,0,0.1548,0.27744,90.182
830,86,0,0,12,11,7,1,1,0,0.1547,0.51168,432.263
831,22,1,1,3,2,4,1,1,0,0.1546,0.18492,120.218
832,73,1,1,13,8,9,1,1,0,0.1544,0.3198,438.698
833,53,1,1,8,7,2,1,1,0,0.1543,0.2623,315.005
834,64,2,2,12,7,3,1,1,0,0.1542,0.3729,318.714
835,6,0,0,3,1,0,1,1,0,0.1541,0.08459,15.474
836,18,1,1,8,2,1,1,1,0,0.154,0.49765,101.065
837,21,0,0,3,3,3,1,1,0,0.1539,0.63347,27.319
838,29,1,1,10,3,1,1,1,0,0.1537,1.12778,92.809
839,223,1,1,19,28,15,1,1,0,0.1536,0.26724,1360.462
840,43,0,0,18,6,3,1,1,0,0.1535,0.38696,247.952
841,14,0,0,5,2,1,1,1,0,0.1534,0.14138,65.573
842,21,0,0,4,3,0,1,1,0,0.1533,0.63395,109.569
843,5,0,0,3,1,3,1,1,0,0.1532,0.87686,-97.037
844,6,0,0,1,1,2,1,1,0,0.1531,0.12183,13.904
845,53,0,0,13,6,5,1,1,0,0.1529,0.17719,305.985
846,14,0,0,5,2,1,1,1,0,0.1528,0.15585,65.583
847,14,0,0,5,2,4,1,1,0,0.1527,0.28734,38.168
848,14,0,0,3,2,2,1,1,0,0.1526,0.13524,64.661
849,26,1,1,6,3,3,1,1,0,0.1525,0.1529,146.609
850,25,1,1,5,3,3,1,1,0,0.1524,0.54719,89.565
851,17,0,0,6,2,3,1,1,0,0.1522,0.18464,83.746
852,6,0,0,3,1,1,1,1,0,0.1521,0.13923,15.059
853,153,2,2,21,14,15,1,1,0,0.152,0.30882,926.741
854,22,1,1,5,2,4,1,1,0,0.1519,0.32128,100.057
855,77,0,0,11,8,3,1,1,0,0.1518,0.72436,402.384
856,212,2,2,43,24,26,1,1,0,0.1517,0.37518,1335.14
857,41,0,0,7,6,2,1,1,0,0.1516,0.84119,161.295
858,97,0,0,9,13,6,1,1,0,0.1514,0.27405,579.933
859,17,1,1,2,2,1,1,1,0,0.1513,1.45221,37.577
860,6,0,0,3,1,1,1,1,0,0.1512,0.27026,15.045
861,75,0,0,11,9,9,1,1,0,0.1511,0.29396,440.116
862,16,1,1,4,2,2,1,1,0,0.151,0.24013,83.258
863,100,2,2,22,10,11,1,1,0,0.1509,0.29549,608.671
864,5,0,0,4,1,0,1,1,0,0.1508,0.62669,-95.745
865,13,0,0,4,2,0,1,1,0,0.1506,1.08134,-19.147
866,81,2,2,14,10,6,1,1,0,0.1505,0.40238,474.733
867,49,0,0,4,7,3,1,1,0,0.1504,0.19884,284.729
868,21,0,0,5,3,0,1,1,0,0.1503,0.15274,109.675
869,54,0,0,10,7,3,1,1,0,0.1502,0.17549,313.444
870,21,0,0,8,3,1,1,1,0,0.1501,1.25031,35.101
871,62,1,1,8,7,6,1,1,0,0.1499,0.50699,324.353
872,14,0,0,6,2,3,1,1,0,0.1498,0.24143,65.065
873,29,0,0,6,4,1,1,1,0,0.1497,0.1539,158.994
874,84,0,0,3,11,6,1,1,0,0.1496,0.15529,500.475
875,6,0,0,3,1,1,1,1,0,0.1495,0.23539,14.859
876,48,0,0,4,6,4,1,1,0,0.1494,0.12342,276.717
877,29,0,0,7,4,7,1,1,0,0.1493,0.37015,155.772
878,6,0,0,1,1,2,1,1,0,0.1491,2.86996,-11.669
879,39,1,1,11,5,1,1,1,0,0.149,0.67235,164.144
880,16,0,0,4,2,2,1,1,0,0.1489,0.10592,77.429
881,21,0,0,6,3,1,1,1,0,0.1488,0.16306,109.664
882,6,0,0,1,1,1,1,1,0,0.1487,0.24107,14.325
883,30,0,0,3,4,2,1,1,0,0.1486,0.39685,165.426
884,17,1,1,4,2,0,1,1,0,0.1485,0.18095,89.569
885,49,0,0,10,6,3,1,1,0,0.1483,0.33125,260.202
886,128,3,3,8,14,9,1,1,0,0.1482,0.34584,794.159
887,28,0,0,4,4,2,1,1,0,0.1481,0.12922,153.343
888,13,0,0,3,2,2,1,1,0,0.148,1.19129,-20.896
889,31,0,0,5,4,2,1,1,0,0.1479,0.14635,171.657
890,95,0,0,4,12,7,1,1,0,0.1478,0.32622,569.567
891,46,0,0,3,6,3,1,1,0,0.1477,0.13333,263.659
892,14,0,0,1,2,3,1,1,0,0.1475,2.5745,11.263
893,70,0,0,7,9,4,1,1,0,0.1474,0.40076,410.669
894,6,0,0,3,1,1,1,1,0,0.1473,0.18081,14.765
895,6,0,0,2,1,2,1,1,0,0.1472,0.14838,13.991
896,22,0,0,4,3,2,1,1,0,0.1471,0.83748,37.133
897,64,0,0,8,8,4,1,1,0,0.147,0.16803,375.224
898,7,0,0,2,1,1,1,1,0,0.1468,0.09982,20.382
899,70,0,0,8,9,6,1,1,0,0.1467,0.25637,410.216
900,89,1,1,10,12,5,1,1,0,0.1466,0.46997,459.637
901,143,4,4,31,16,7,1,1,0,0.1465,0.2792,909.863
902,31,0,0,6,4,4,1,1,0,0.1464,0.12266,168.987
903,21,0,0,7,3,2,1,1,0,0.1463,0.11557,83.519
904,23,0,0,4,3,1,1,1,0,0.1462,0.16966,120.193
905,39,0,0,6,5,3,1,1,0,0.146,0.86874,140.546
906,107,1,1,14,13,6,1,1,0,0.1459,0.39823,626.164
907,18,1,1,2,2,2,1,1,0,0.1458,1.15656,44.138
908,44,0,0,5,6,3,1,1,0,0.1457,0.72016,249.286
909,120,1,1,12,15,12,1,1,0,0.1456,0.50577,651.427
910,53,1,1,10,7,3,1,1,0,0.1455,0.27469,310.233
911,90,0,0,8,12,11,1,1,0,0.1453,0.34858,465.131
912,32,1,1,6,4,1,1,1,0,0.1452,0.63658,181.587
913,74,1,1,11,8,2,1,1,0,0.1451,0.16647,451.349
914,129,0,0,5,16,20,1,1,0,0.145,0.13661,769.821
915,96,0,0,6,13,5,1,1,0,0.1449,0.3093,489.921
916,111,0,0,17,15,7,1,1,0,0.1448,0.39322,639.625
917,80,0,0,5,11,5,1,1,0,0.1447,0.13633,468.694
918,5,0,0,2,1,3,1,1,0,0.1445,0.85287,-97.401
919,21,0,0,3,3,2,1,1,0,0.1444,0.1017,107.454
920,22,0,0,8,3,1,1,1,0,0.1443,0.15581,89.469
921,31,0,0,6,4,3,1,1,0,0.1442,1.16126,95.231
922,46,0,0,9,6,2,1,1,0,0.1441,0.14191,261.621
923,43,0,0,12,6,2,1,1,0,0.144,0.29162,244.379
924,19,1,1,4,2,1,1,1,0,0.1439,1.45276,30.091
925,28,0,0,6,4,2,1,1,0,0.1437,0.14619,150.31
926,219,5,5,49,26,17,1,1,0,0.1436,0.30441,1379.826
927,68,0,0,14,9,3,1,1,0,0.1435,0.28494,397.57
928,54,0,0,6,7,4,1,1,0,0.1434,0.12041,308.953
929,21,1,1,6,2,1,1,1,0,0.1433,0.44344,116.23
930,45,2,2,13,5,2,1,1,0,0.1432,0.72074,225.807
931,7,0,0,3,1,0,1,1,0,0.1431,0.12263,21.459
932,105,1,1,13,13,5,1,1,0,0.1429,0.48465,581.763
933,45,0,0,10,6,3,1,1,0,0.1428,0.66577,255.654
934,60,0,0,4,8,1,1,1,0,0.1427,0.38047,269.417
935,86,0,0,3,11,5,1,1,0,0.1426,0.31236,506.533
936,47,0,0,5,6,3,1,1,0,0.1425,0.76587,217.204
937,7,0,0,3,1,1,1,1,0,0.1424,0.10718,20.712
938,30,0,0,6,4,1,1,1,0,0.1422,0.14714,163.992
939,47,0,0,4,6,2,1,1,0,0.1421,0.40842,189.411
940,14,0,0,4,2,1,1,1,0,0.142,0.12581,64.271
941,84,0,0,6,11,5,1,1,0,0.1419,0.17278,494.015
942,38,0,0,4,5,3,1,1,0,0.1418,0.12287,210.937
943,5,0,0,3,1,1,1,1,0,0.1417,0.75387,-97.799
944,14,0,0,3,2,5,1,1,0,0.1416,2.21299,-7.02
945,23,0,0,6,3,3,1,1,0,0.1414,0.94873,66.956
946,83,0,0,21,11,6,1,1,0,0.1413,0.71338,491.16
947,28,1,1,3,3,3,1,1,0,0.1412,0.87332,160.746
948,14,0,0,4,2,3,1,1,0,0.1411,0.1453,63.17
949,40,1,1,4,5,2,1,1,0,0.141,0.21662,228.275
950,38,0,0,4,5,4,1,1,0,0.1409,0.22194,210.734
951,40,0,0,9,5,2,1,1,0,0.1407,0.607,223.463
952,38,0,0,4,5,3,1,1,0,0.1406,0.25114,213.401
953,144,0,0,18,18,16,1,1,0,0.1405,0.45656,857.019
954,29,0,0,5,4,2,1,1,0,0.1404,0.12398,156.455
955,61,0,0,8,8,6,1,1,0,0.1403,0.44547,300.779
956,6,0,0,2,1,1,1,1,0,0.1402,0.14438,14.091
957,14,0,0,5,2,2,1,1,0,0.1401,0.15735,63.76
958,17,1,1,8,2,2,1,1,0,0.1399,1.72971,15.453
959,66,0,0,4,8,3,1,1,0,0.1398,0.47124,383.574
960,39,0,0,4,5,6,1,1,0,0.1397,0.22467,214.889
961,165,0,0,6,21,4,1,1,0,0.1396,0.11964,987.828
962,6,0,0,2,1,1,1,1,0,0.1395,0.04165,14.138
963,21,0,0,7,3,2,1,1,0,0.1394,1.41294,32.069
964,59,3,3,15,6,3,1,1,0,0.1393,0.19843,348.073
965,24,0,0,5,3,4,1,1,0,0.1391,0.28422,98.278
966,5,0,0,3,1,0,1,1,0,0.139,3.40645,-89.89
967,6,0,0,2,1,0,1,1,0,0.1389,3.45833,-64.686
968,53,1,1,7,6,4,1,1,0,0.1388,0.13516,310.312
969,223,2,2,26,27,15,1,1,0,0.1387,0.2947,1360.482
970,22,0,0,3,3,0,1,1,0,0.1386,0.13282,113.291
971,71,0,0,9,9,5,1,1,0,0.1385,0.23622,410.13
972,8,0,0,2,1,1,1,1,0,0.1383,0.42806,26.164
973,290,1,1,27,36,13,1,1,0,0.1382,0.31197,1761.814
974,32,1,1,7,3,4,1,1,0,0.1381,0.31971,188.455
975,34,0,0,5,5,0,1,1,0,0.138,0.70447,135.688
976,81,0,0,9,11,4,1,1,0,0.1379,0.17381,471.814
977,7,0,0,3,1,0,1,1,0,0.1378,0.12195,21.135
978,36,0,0,6,5,2,1,1,0,0.1376,0.54635,146.013
979,112,2,2,30,13,8,1,1,0,0.1375,0.18242,682.295
980,6,0,0,3,1,1,1,1,0,0.1374,0.09206,14.547
981,42,0,0,6,6,4,1,1,0,0.1373,0.19851,234.088
982,67,0,0,10,9,7,1,1,0,0.1372,0.1265,385.751
983,38,0,0,6,5,5,1,1,0,0.1371,0.86422,133.315
984,14,0,0,3,2,2,1,1,0,0.137,0.31442,63.392
985,21,0,0,7,3,1,1,1,0,0.1368,0.13969,107.524
986,7,0,0,3,1,2,1,1,0,0.1367,0.14137,20.125
987,41,1,1,10,5,2,1,1,0,0.1366,0.18183,243.182
988,14,0,0,5,2,2,1,1,0,0.1365,0.10437,64.418
989,95,1,1,19,11,9,1,1,0,0.1364,0.4074,580.271
990,28,0,0,6,4,1,1,1,0,0.1363,0.68276,98.12
991,29,0,0,5,4,2,1,1,0,0.1361,0.94778,80.606
992,76,0,0,10,10,4,1,1,0,0.136,0.13049,442.021
993,15,0,0,5,2,0,1,1,0,0.1359,0.11271,70.463
994,50,2,2,12,5,5,1,1,0,0.1358,0.20138,304.389
995,6,0,0,3,1,1,1,1,0,0.1357,0.19472,14.49
996,22,0,0,6,3,2,1,1,0,0.1356,0.15381,112.898
997,7,0,0,2,1,2,1,1,0,0.1355,0.13082,19.954
998,22,0,0,4,3,1,1,1,0,0.1353,0.13567,113.556
999,8,0,0,3,1,3,1,1,0,0.1352,0.14982,25.627
1000,30,0,0,6,4,1,1,1,0,0.1351,0.14589,163.014
1001,13,0,0,4,2,2,1,1,0,0.135,0.1001,57.59
1002,46,0,0,5,6,3,1,1,0,0.1349,0.23033,262.053
1003,28,0,0,8,4,3,1,1,0,0.1348,0.50753,148.477
1004,6,0,0,3,1,0,1,1,0,0.1347,0.2164,15.079
1005,128,0,0,6,15,14,1,1,0,0.1345,0.14443,756.126
1006,36,0,0,6,5,2,1,1,0,0.1344,0.11015,199.36
1007,104,3,3,10,12,4,1,1,0,0.1343,0.25395,633.328
1008,5,0,0,3,1,0,1,1,0,0.1342,3.19908,-86.981
1009,26,0,0,3,3,5,1,1,0,0.1341,0.11145,135.347
1010,15,0,0,1,2,1,1,1,0,0.134,0.10966,69.475
1011,37,0,0,5,5,1,1,1,0,0.1338,0.1486,205.518
1012,39,0,0,5,5,2,1,1,0,0.1337,0.9186,164.966
1013,22,0,0,4,3,1,1,1,0,0.1336,0.12422,112.551
1014,14,0,0,5,2,1,1,1,0,0.1335,0.14377,64.451
1015,72,1,1,10,9,2,1,1,0,0.1334,0.65254,357.321
1016,143,0,0,6,18,10,1,1,0,0.1333,0.243,800.303
1017,152,0,0,8,19,12,1,1,0,0.1332,0.21214,900.839
1018,44,0,0,6,6,3,1,1,0,0.133,0.13413,245.376
1019,6,0,0,3,1,1,1,1,0,0.1329,0.13571,14.262
1020,59,2,2,19,7,3,1,1,0,0.1328,0.18983,332.937
1021,21,1,1,6,3,3,1,1,0,0.1327,0.22737,84.658
1022,52,0,0,12,7,5,1,1,0,0.1326,0.32321,295.535
1023,22,0,0,4,3,3,1,1,0,0.1325,0.29547,110.661
1024,39,1,1,7,5,2,1,1,0,0.1324,0.40445,224.506
1025,19,1,1,7,2,3,1,1,0,0.1322,1.55919,54.068
1026,114,4,4,23,12,6,1,1,0,0.1321,0.26706,709.969
1027,6,0,0,3,1,2,1,1,0,0.132,0.16105,13.867
1028,33,1,1,10,4,2,1,1,0,0.1319,0.25016,190.837
1029,22,0,0,2,3,2,1,1,0,0.1318,1.28371,39.372
1030,13,0,0,2,2,1,1,1,0,0.1317,0.07765,57.707
1031,29,0,0,7,4,2,1,1,0,0.1316,0.87659,104.813
1032,6,0,0,2,1,0,1,1,0,0.1314,0.1035,14.462
1033,41,1,1,10,5,0,1,1,0,0.1313,0.18812,241.774
1034,23,0,0,4,3,0,1,1,0,0.1312,0.13974,119.744
1035,7,0,0,3,1,2,1,1,0,0.1311,0.17004,20.005
1036,40,0,0,3,5,3,1,1,0,0.131,0.7066,143.919
1037,26,0,0,6,3,2,1,1,0,0.1309,0.67441,95.432
1038,7,0,0,2,1,0,1,1,0,0.1307,0.53687,20.557
1039,62,0,0,4,8,5,1,1,0,0.1306,0.14156,356.178
1040,14,0,0,4,2,1,1,1,0,0.1305,0.1279,63.874
1041,56,0,0,4,7,5,1,1,0,0.1304,0.16074,318.481
1042,22,0,0,6,3,1,1,1,0,0.1303,0.12701,112.98
1043,29,0,0,4,4,2,1,1,0,0.1302,0.1931,155.421
1044,22,0,0,7,3,0,1,1,0,0.1301,0.13412,114.254
1045,44,0,0,6,6,4,1,1,0,0.1299,0.28766,246.896
1046,6,0,0,3,1,1,1,1,0,0.1298,0.15558,14.666
1047,54,0,0,5,7,5,1,1,0,0.1297,0.17632,281.164
1048,15,0,0,3,2,4,1,1,0,0.1296,1.39085,-10.929
1049,76,0,0,7,10,6,1,1,0,0.1295,0.11689,438.996
1050,66,1,1,6,8,5,1,1,0,0.1294,0.13723,388.734
1051,108,1,1,11,14,3,1,1,0,0.1292,0.27808,646.308
1052,29,0,0,10,4,1,1,1,0,0.1291,0.35372,156.541
1053,13,0,0,5,2,0,1,1,0,0.129,0.81869,34.98
1054,32,1,1,5,4,3,1,1,0,0.1289,0.1398,180.363
1055,30,0,0,7,4,2,1,1,0,0.1288,0.18713,163.693
1056,28,0,0,7,4,4,1,1,0,0.1287,1.08788,150.246
1057,15,0,0,3,2,4,1,1,0,0.1286,0.41351,70.06
1058,13,0,0,3,2,1,1,1,0,0.1284,0.72006,59.225
1059,13,0,0,4,2,1,1,1,0,0.1283,0.60014,59.639
1060,84,1,1,12,11,5,1,1,0,0.1282,0.21311,500.805
1061,23,1,1,6,3,4,1,1,0,0.1281,0.22577,123.488
1062,44,1,1,9,5,0,1,1,0,0.128,0.17747,260.643
1063,40,1,1,9,5,4,1,1,0,0.1279,0.33172,232.132
1064,57,0,0,11,8,3,1,1,0,0.1278,0.33094,306.354
1065,31,1,1,6,4,1,1,1,0,0.1276,0.2387,175.275
1066,207,0,0,15,27,11,1,1,0,0.1275,0.21656,1242.632
1067,41,1,1,9,5,2,1,1,0,0.1274,0.53229,234.935
1068,22,0,0,6,3,4,1,1,0,0.1273,0.26259,111.964
1069,6,0,0,2,1,1,1,1,0,0.1272,0.20741,14.309
1070,6,0,0,3,1,1,1,1,0,0.1271,0.13892,14.11
1071,38,0,0,6,5,5,1,1,0,0.127,0.52054,201.006
1072,114,2,2,9,14,11,1,1,0,0.1268,0.20389,683.885
1073,99,1,1,12,12,5,1,1,0,0.1267,0.25759,585.432
1074,45,0,0,7,6,3,1,1,0,0.1266,0.16272,252.109
1075,162,2,2,16,19,11,1,1,0,0.1265,0.27807,974.362
1076,14,0,0,5,2,1,1,1,0,0.1264,0.19128,64.223
1077,5,0,0,2,1,3,1,1,0,0.1263,2.67836,-88.376
1078,219,1,1,26,23,14,1,1,0,0.1261,0.33097,1314.124
1079,43,1,1,12,5,4,1,1,0,0.126,0.32078,250.364
1080,25,1,1,9,3,2,1,1,0,0.1259,1.29765,60.886
1081,76,2,2,24,9,1,1,1,0,0.1258,0.21523,463.834
1082,50,1,1,8,4,4,1,1,0,0.1257,0.1513,291.481
1083,24,0,0,3,3,1,1,1,0,0.1256,0.11722,124.186
1084,26,1,1,11,3,2,1,1,0,0.1255,0.2134,147.952
1085,78,0,0,5,10,6,1,1,0,0.1253,0.34903,452.095
1086,77,0,0,5,10,3,1,1,0,0.1252,0.13963,424.082
1087,50,0,0,6,6,3,1,1,0,0.1251,0.14067,282.698
1088,6,0,0,2,1,0,1,1,0,0.125,0.37066,14.285
1089,14,0,0,6,2,1,1,1,0,0.1249,0.1675,64.068
1090,25,0,0,2,3,4,1,1,0,0.1248,0.20909,128.89
1091,90,1,1,13,11,5,1,1,0,0.1246,0.32675,533.07
1092,22,0,0,4,3,5,1,1,0,0.1245,0.25042,85.663
1093,114,1,1,7,14,8,1,1,0,0.1244,0.19563,676.234
1094,169,1,1,12,20,9,1,1,0,0.1243,0.3345,952.377
1095,6,0,0,3,1,1,1,1,0,0.1242,0.19831,14.573
1096,13,0,0,5,2,1,1,1,0,0.1241,0.14218,32.093
1097,6,0,0,1,1,1,1,1,0,0.124,0.09708,13.59
1098,8,0,0,1,1,1,1,1,0,0.1238,0.06532,25.51
1099,167,0,0,21,22,11,1,1,0,0.1237,0.29304,988.404
1100,30,0,0,6,4,1,1,1,0,0.1236,0.15544,160.761
1101,7,0,0,3,1,1,1,1,0,0.1235,0.1735,20.487
1102,15,0,0,4,2,2,1,1,0,0.1234,0.25625,69.176
1103,127,4,4,38,15,8,1,1,0,0.1233,0.34432,788.436
1104,81,1,1,13,10,2,1,1,0,0.1232,0.37872,462.581
1105,20,0,0,5,3,2,1,1,0,0.123,0.23485,99.674
1106,29,0,0,4,4,2,1,1,0,0.1229,0.1393,154.286
1107,149,2,2,12,19,4,1,1,0,0.1228,0.23761,898.111
1108,58,0,0,9,8,3,1,1,0,0.1227,0.74713,332.194
1109,7,0,0,2,1,1,1,1,0,0.1226,0.11371,19.617
1110,53,1,1,6,6,6,1,1,0,0.1225,0.18602,315.117
1111,22,0,0,8,3,2,1,1,0,0.1223,0.17734,112.776
1112,6,0,0,3,1,2,1,1,0,0.1222,0.2865,13.913
1113,17,1,1,5,2,3,1,1,0,0.1221,0.33112,85.556
1114,36,0,0,5,5,3,1,1,0,0.122,0.35013,196.418
1115,56,2,2,13,5,5,1,1,0,0.1219,0.26397,323.891
1116,97,2,2,18,11,2,1,1,0,0.1218,0.18564,592.94
1117,150,2,2,16,19,13,1,1,0,0.1217,0.15406,906.505
1118,46,2,2,12,5,5,1,1,0,0.1215,0.54262,227.706
1119,59,0,0,4,8,4,1,1,0,0.1214,0.12735,336.302
1120,50,1,1,9,6,2,1,1,0,0.1213,0.23741,275.007
1121,6,0,0,2,1,2,1,1,0,0.1212,0.30001,13.727
1122,100,1,1,8,12,8,1,1,0,0.1211,0.23602,594.28
1123,96,0,0,4,12,4,1,1,0,0.121,0.14109,561.746
1124,7,0,0,3,1,2,1,1,0,0.1209,0.11308,19.576
1125,15,0,0,9,2,1,1,1,0,0.1207,0.24396,70.334
1126,7,0,0,2,1,0,1,1,0,0.1206,0.14009,20.397
1127,65,0,0,5,7,2,1,1,0,0.1205,0.38135,370.822
1128,86,0,0,9,11,4,1,1,0,0.1204,0.38904,474.605
1129,75,1,1,21,9,7,1,1,0,0.1203,0.72054,442.438
1130,29,0,0,6,4,2,1,1,0,0.1202,0.19617,153.925
1131,6,0,0,3,1,1,1,1,0,0.1201,0.13078,14.077
1132,30,0,0,7,4,1,1,1,0,0.1199,0.13421,136.144
1133,6,0,0,1,1,1,1,1,0,0.1198,0.17337,13.747
1134,25,1,1,6,3,4,1,1,0,0.1197,1.05727,62.027
1135,42,2,2,12,4,6,1,1,0,0.1196,0.85532,181.469
1136,6,0,0,3,1,1,1,1,0,0.1195,0.18149,14.494
1137,41,1,1,13,5,7,1,1,0,0.1194,1.04431,159.74
1138,41,2,2,6,5,5,1,1,0,0.1192,0.21277,235.385
1139,6,0,0,3,1,1,1,1,0,0.1191,0.13734,14.327
1140,7,0,0,2,1,0,1,1,0,0.119,0.20427,20.899
1141,31,0,0,4,4,4,1,1,0,0.1189,0.14021,165.191
1142,36,0,0,8,5,2,1,1,0,0.1188,0.18116,198.786
1143,67,1,1,15,9,4,1,1,0,0.1187,0.18483,368.642
1144,23,0,0,8,3,2,1,1,0,0.1186,1.12507,43.257
1145,66,0,0,20,9,1,1,1,0,0.1184,0.37423,383.687
1146,21,0,0,6,3,1,1,1,0,0.1183,0.09671,81.963
1147,20,0,0,8,3,4,1,1,0,0.1182,1.5409,24.256
1148,6,0,0,3,1,1,1,1,0,0.1181,0.16729,14.45
1149,14,0,0,2,2,0,1,1,0,0.118,0.19299,38.005
1150,29,0,0,8,4,2,1,1,0,0.1179,0.27454,155.504
1151,150,0,0,14,20,10,1,1,0,0.1177,0.16628,891.302
1152,39,1,1,7,5,4,1,1,0,0.1176,0.17608,222.292
1153,29,0,0,4,4,1,1,1,0,0.1175,0.92657,76.883
1154,64,0,0,2,8,2,1,1,0,0.1174,0.14187,367.57
1155,92,1,1,16,11,6,1,1,0,0.1173,0.18078,552.553
1156,16,1,1,3,2,2,1,1,0,0.1172,1.67441,4.402
1157,13,0,0,4,2,2,1,1,0,0.1171,0.09038,57.569
1158,22,0,0,2,3,1,1,1,0,0.1169,0.11839,112.065
1159,55,2,2,13,6,2,1,1,0,0.1168,0.27203,336.625
1160,114,2,2,15,13,6,1,1,0,0.1167,0.33271,685.708
1161,30,0,0,9,4,5,1,1,0,0.1166,0.96565,110.467
1162,136,1,1,10,18,2,1,1,0,0.1165,0.30649,738.01
1163,94,1,1,9,11,6,1,1,0,0.1164,0.35652,552.775
1164,26,1,1,9,3,3,1,1,0,0.1163,1.02601,67.239
1165,65,0,0,7,8,5,1,1,0,0.1161,0.26586,321.687
1166,14,0,0,6,2,1,1,1,0,0.116,0.22373,64.138
1167,22,0,0,5,3,1,1,1,0,0.1159,0.14215,112.466
1168,117,2,2,21,14,5,1,1,0,0.1158,0.39025,682.238
1169,13,0,0,3,2,1,1,1,0,0.1157,1.81524,36.573
1170,154,1,1,8,19,16,1,1,0,0.1156,0.33269,864.685
1171,66,0,0,6,8,3,1,1,0,0.1154,0.12959,377.621
1172,38,0,0,1,5,4,1,1,0,0.1153,0.15758,206.072
1173,26,1,1,7,3,5,1,1,0,0.1152,0.33831,144.617
1174,99,1,1,12,13,4,1,1,0,0.1151,0.40737,509.0
1175,64,0,0,6,8,4,1,1,0,0.115,0.13641,365.187
1176,118,0,0,9,15,8,1,1,0,0.1149,0.13095,690.809
1177,43,1,1,6,5,2,1,1,0,0.1148,0.13479,247.702
1178,125,0,0,13,16,7,1,1,0,0.1146,0.13222,708.295
1179,32,0,0,7,4,1,1,1,0,0.1145,0.12194,172.706
1180,186,3,3,13,22,5,1,1,0,0.1144,0.30004,1076.49
1181,13,0,0,4,2,0,1,1,0,0.1143,1.75572,-21.755
1182,21,0,0,6,3,4,1,1,0,0.1142,0.3815,104.64
1183,22,0,0,7,3,2,1,1,0,0.1141,0.91243,86.484
1184,19,1,1,5,2,3,1,1,0,0.114,1.10277,48.428
1185,6,0,0,3,1,1,1,1,0,0.1138,0.1167,14.085
1186,15,0,0,5,2,0,1,1,0,0.1137,0.1546,69.819
1187,136,2,2,34,17,7,1,1,0,0.1136,0.41364,822.401
1188,44,0,0,10,6,1,1,1,0,0.1135,0.13039,246.246
1189,62,1,1,13,7,6,1,1,0,0.1134,0.61066,343.338
1190,107,0,0,4,15,5,1,1,0,0.1133,0.11481,625.493
1191,50,1,1,6,6,3,1,1,0,0.1132,0.12038,291.978
1192,57,1,1,8,7,5,1,1,0,0.113,0.38024,329.823
1193,74,1,1,12,8,4,1,1,0,0.1129,0.24201,437.071
1194,132,1,1,9,17,7,1,1,0,0.1128,0.26313,702.673
1195,137,1,1,14,18,10,1,1,0,0.1127,0.14666,811.38
1196,102,1,1,21,13,6,1,1,0,0.1126,0.36532,555.043
1197,73,0,0,6,10,5,1,1,0,0.1125,0.30228,418.29
1198,32,1,1,8,4,3,1,1,0,0.1123,0.33818,180.446
1199,54,1,1,9,6,4,1,1,0,0.1122,0.55691,237.234
1200,6,0,0,2,1,1,1,1,0,0.1121,0.15589,13.583
1201,51,0,0,12,7,1,1,1,0,0.112,0.14799,287.73
1202,31,0,0,7,4,3,1,1,0,0.1119,0.60651,86.297
1203,58,2,2,14,6,3,1,1,0,0.1118,0.17091,320.929
1204,22,0,0,5,3,3,1,1,0,0.1117,0.93282,35.972
1205,214,3,3,41,25,7,1,1,0,0.1115,0.29761,1308.494
1206,63,1,1,7,7,5,1,1,0,0.1114,0.1667,365.55
1207,32,0,0,6,4,4,1,1,0,0.1113,0.20957,170.839
1208,213,3,3,27,26,13,1,1,0,0.1112,0.31034,1291.624
1209,6,0,0,2,1,1,1,1,0,0.1111,0.13985,13.743
1210,111,0,0,4,14,10,1,1,0,0.111,0.17351,649.496
1211,22,0,0,3,3,1,1,1,0,0.1109,0.14962,111.422
1212,159,0,0,5,20,3,1,1,0,0.1107,0.18207,938.564
1213,6,0,0,1,1,0,1,1,0,0.1106,0.30529,13.829
1214,16,1,1,5,2,2,1,1,0,0.1105,0.19691,56.011
1215,78,0,0,5,10,3,1,1,0,0.1104,0.1285,448.899
1216,116,0,0,20,15,4,1,1,0,0.1103,0.24042,683.105
1217,119,2,2,20,14,4,1,1,0,0.1102,0.31132,715.982
1218,6,0,0,2,1,1,1,1,0,0.11,0.08547,13.64
1219,51,1,1,20,6,4,1,1,0,0.1099,0.20645,300.852
1220,52,3,3,19,5,3,1,1,0,0.1098,0.30744,302.813
1221,38,0,0,4,5,2,1,1,0,0.1097,0.11394,207.78
1222,5,0,0,3,1,1,1,1,0,0.1096,1.62813,-96.463
1223,28,0,0,6,4,1,1,1,0,0.1095,0.15206,147.728
1224,123,1,1,32,16,4,1,1,0,0.1094,0.41996,731.776
1225,32,1,1,7,4,4,1,1,0,0.1092,0.17128,177.739
1226,52,1,1,7,7,0,1,1,0,0.1091,0.1346,300.142
1227,44,2,2,11,4,4,1,1,0,0.109,0.16553,273.451
1228,112,3,3,23,12,9,1,1,0,0.1089,0.26793,668.44
1229,49,0,0,8,6,10,1,1,0,0.1088,0.13292,270.367
1230,28,2,2,6,3,2,1,1,0,0.1087,0.22857,156.934
1231,46,1,1,11,5,4,1,1,0,0.1086,0.46786,267.363
1232,45,0,0,14,6,4,1,1,0,0.1084,0.56042,198.268
1233,68,0,0,11,9,3,1,1,0,0.1083,0.14179,389.94
1234,47,0,0,10,6,4,1,1,0,0.1082,0.28437,263.775
1235,6,0,0,3,1,1,1,1,0,0.1081,0.18327,13.969
1236,74,1,1,18,8,8,1,1,0,0.108,0.19202,439.509
1237,25,1,1,7,3,2,1,1,0,0.1079,0.59502,112.508
1238,36,0,0,9,5,2,1,1,0,0.1077,0.5395,144.625
1239,6,0,0,3,1,1,1,1,0,0.1076,0.21392,14.266
1240,52,0,0,9,7,1,1,1,0,0.1075,0.1266,293.778
1241,20,0,0,6,3,0,1,1,0,0.1074,0.83853,49.167
1242,88,1,1,13,12,3,1,1,0,0.1073,0.36376,469.343
1243,31,0,0,3,4,1,1,1,0,0.1072,0.19736,164.69
1244,19,1,1,8,2,3,1,1,0,0.1071,1.57255,53.397
1245,37,0,0,5,5,1,1,1,0,0.1069,0.79084,148.774
1246,21,0,0,6,3,2,1,1,0,0.1068,1.44535,28.9
1247,76,0,0,6,10,6,1,1,0,0.1067,0.18233,436.657
1248,350,0,0,13,44,13,1,1,0,0.1066,0.14438,2091.067
1249,188,2,2,15,22,10,1,1,0,0.1065,0.23459,1093.089
1250,31,0,0,2,4,3,1,1,0,0.1064,0.19312,163.219
1251,6,0,0,1,1,1,1,1,0,0.1062,0.2369,13.32
1252,66,2,2,15,7,3,1,1,0,0.1061,0.20633,399.381
1253,153,0,0,9,19,8,1,1,0,0.106,0.1276,896.303
1254,16,1,1,6,2,0,1,1,0,0.1059,0.25102,80.38
1255,70,0,0,5,9,6,1,1,0,0.1058,0.13443,397.123
1256,17,0,0,5,2,4,1,1,0,0.1057,0.12577,78.061
1257,30,0,0,4,4,3,1,1,0,0.1056,0.13588,157.561
1258,72,0,0,10,9,4,1,1,0,0.1054,0.44721,409.435
1259,29,0,0,5,4,2,1,1,0,0.1053,0.14021,152.095
1260,41,0,0,7,5,0,1,1,0,0.1052,0.12343,225.018
1261,38,0,0,12,5,2,1,1,0,0.1051,0.32261,183.321
1262,59,0,0,8,8,4,1,1,0,0.105,0.49416,255.279
1263,22,0,0,6,3,1,1,1,0,0.1049,0.16551,110.71
1264,31,0,0,4,4,2,1,1,0,0.1048,0.23274,163.166
1265,6,0,0,2,1,0,1,1,0,0.1046,0.09538,13.85
1266,130,2,2,10,17,3,1,1,0,0.1045,0.15416,770.012
1267,47,1,1,9,6,0,1,1,0,0.1044,0.14584,267.467
1268,80,1,1,12,9,8,1,1,0,0.1043,0.49461,410.446
1269,24,0,0,12,3,3,1,1,0,0.1042,0.3321,125.373
1270,20,1,1,3,2,2,1,1,0,0.1041,1.18653,55.997
1271,89,0,0,10,10,8,1,1,0,0.1039,0.18108,483.289
1272,77,2,2,14,9,3,1,1,0,0.1038,0.23088,459.973
1273,131,1,1,8,16,4,1,1,0,0.1037,0.15946,770.885
1274,49,1,1,5,6,3,1,1,0,0.1036,0.15993,278.664
1275,42,1,1,7,5,2,1,1,0,0.1035,0.22022,234.906
1276,39,0,0,4,5,1,1,1,0,0.1034,0.13541,212.054
1277,22,0,0,2,3,1,1,1,0,0.1033,0.13861,110.013
1278,15,0,0,4,2,0,1,1,0,0.1031,0.14035,68.868
1279,7,0,0,2,1,0,1,1,0,0.103,0.1382,19.989
1280,114,0,0,7,14,6,1,1,0,0.1029,0.18085,633.877
1281,96,2,2,10,8,6,1,1,0,0.1028,0.68378,533.147
1282,16,0,0,4,2,0,1,1,0,0.1027,0.11249,74.407
1283,22,0,0,3,3,2,1,1,0,0.1026,0.14112,108.096
1284,13,0,0,4,2,3,1,1,0,0.1025,0.65699,55.559
1285,26,1,1,4,3,3,1,1,0,0.1023,0.14469,141.384
1286,209,2,2,47,26,13,1,1,0,0.1022,0.19312,1233.347
1287,96,1,1,27,12,4,1,1,0,0.1021,0.36931,566.87
1288,20,0,0,2,3,1,1,1,0,0.102,0.08264,97.945
1289,79,0,0,13,11,4,1,1,0,0.1019,0.49072,372.234
1290,104,0,0,21,13,12,1,1,0,0.1018,0.30167,596.591
1291,110,0,0,14,14,4,1,1,0,0.1016,0.25658,609.55
1292,14,0,0,6,2,1,1,1,0,0.1015,0.14243,63.107
1293,20,1,1,9,2,1,1,1,0,0.1014,1.47805,60.458
1294,55,1,1,11,7,1,1,1,0,0.1013,0.15412,291.414
1295,33,0,0,6,4,4,1,1,0,0.1012,0.42728,122.029
1296,7,0,0,2,1,0,1,1,0,0.1011,0.14704,19.835
1297,95,1,1,22,12,4,1,1,0,0.101,0.16423,539.611
1298,288,5,5,55,34,11,1,1,0,0.1008,0.29175,1770.822
1299,22,0,0,5,3,2,1,1,0,0.1007,0.40619,109.518
1300,42,1,1,6,6,1,1,1,0,0.1006,0.22702,237.779
1301,28,1,1,7,3,1,1,1,0,0.1005,0.88817,77.024
1302,36,0,0,6,5,4,1,1,0,0.1004,0.67132,143.067
1303,75,1,1,20,9,7,1,1,0,0.1003,0.58376,391.021
1304,20,0,0,7,3,1,1,1,0,0.1002,0.17518,100.06
1305,359,1,1,36,47,14,1,1,0,0.1,0.31016,2142.249
1306,24,0,0,3,3,1,1,1,0,0.0999,0.1304,122.637
1307,50,0,0,4,6,3,1,1,0,0.0998,0.10975,278.256
1308,78,2,2,11,8,5,1,1,0,0.0997,0.29499,473.449
1309,7,0,0,2,1,0,1,1,0,0.0996,0.1572,19.74
1310,125,2,2,12,15,6,1,1,0,0.0995,0.40279,748.461
1311,46,0,0,3,6,2,1,1,0,0.0993,0.54847,177.158
1312,22,0,0,3,3,1,1,1,0,0.0992,0.35626,112.391
1313,68,0,0,5,8,0,1,1,0,0.0991,0.13234,388.086
1314,25,1,1,8,3,3,1,1,0,0.099,0.84481,55.413
1315,46,0,0,9,6,4,1,1,0,0.0989,0.43459,256.039
1316,14,0,0,4,2,2,1,1,0,0.0988,0.20371,61.333
1317,31,0,0,5,4,4,1,1,0,0.0987,0.13327,163.678
1318,6,0,0,3,1,0,1,1,0,0.0985,0.16013,14.26
1319,86,1,1,14,10,3,1,1,0,0.0984,0.16649,504.194
1320,15,0,0,5,2,2,1,1,0,0.0983,0.15958,66.503
1321,86,0,0,9,11,4,1,1,0,0.0982,0.11528,491.571
1322,17,1,1,7,2,2,1,1,0,0.0981,0.95272,88.381
1323,53,0,0,6,7,1,1,1,0,0.098,0.36764,216.294
1324,30,0,0,5,4,1,1,1,0,0.0979,0.16617,158.559
1325,23,0,0,6,3,3,1,1,0,0.0977,0.98236,114.987
1326,7,0,0,3,1,1,1,1,0,0.0976,0.51568,19.58
1327,26,1,1,10,3,4,1,1,0,0.0975,1.02142,94.132
1328,18,1,1,4,2,0,1,1,0,0.0974,0.17456,90.971
1329,13,0,0,3,2,2,1,1,0,0.0973,0.66977,32.637
1330,79,0,0,5,10,3,1,1,0,0.0972,0.15028,452.062
1331,56,0,0,4,7,3,1,1,0,0.097,0.13231,311.989
1332,56,1,1,5,7,5,1,1,0,0.0969,0.1287,315.396
1333,165,1,1,10,20,3,1,1,0,0.0968,0.19836,921.442
1334,38,0,0,7,5,1,1,1,0,0.0967,0.12759,205.368
1335,6,0,0,1,1,0,1,1,0,0.0966,3.16944,-37.409
1336,70,1,1,15,9,4,1,1,0,0.0965,0.38528,400.112
1337,23,0,0,6,3,2,1,1,0,0.0964,0.15822,115.345
1338,16,0,0,6,2,2,1,1,0,0.0962,0.13555,73.734
1339,75,1,1,5,9,3,1,1,0,0.0961,0.1488,431.638
1340,105,1,1,8,12,3,1,1,0,0.096,0.16547,614.919
1341,15,0,0,5,2,2,1,1,0,0.0959,0.14925,67.119
1342,96,0,0,4,12,4,1,1,0,0.0958,0.21274,550.691
1343,70,0,0,5,9,3,1,1,0,0.0957,0.28584,315.316
1344,35,1,1,8,4,0,1,1,0,0.0956,0.173,196.745
1345,32,0,0,6,4,4,1,1,0,0.0954,0.33051,167.157
1346,20,0,0,6,3,1,1,1,0,0.0953,0.11187,72.484
1347,13,0,0,3,2,2,1,1,0,0.0952,0.56399,32.349
1348,98,1,1,10,13,3,1,1,0,0.0951,0.25901,519.603
1349,6,0,0,2,1,1,1,1,0,0.095,0.11843,13.126
1350,6,0,0,1,1,0,1,1,0,0.0949,0.11285,13.481
1351,15,0,0,6,2,0,1,1,0,0.0947,0.14852,68.362
1352,74,1,1,7,9,3,1,1,0,0.0946,0.13088,401.575
1353,109,0,0,10,14,4,1,1,0,0.0945,0.20689,627.453
1354,53,0,0,5,6,0,1,1,0,0.0944,0.0896,291.681
1355,233,1,1,22,27,12,1,1,0,0.0943,0.21681,1343.075
1356,6,0,0,3,1,1,1,1,0,0.0942,0.14703,13.498
1357,45,2,2,14,5,4,1,1,0,0.0941,0.25856,237.546
1358,8,0,0,3,1,0,1,1,0,0.0939,0.12788,25.536
1359,51,1,1,10,4,4,1,1,0,0.0938,0.15322,278.997
1360,22,1,1,7,3,1,1,1,0,0.0937,0.22738,90.906
1361,100,0,0,15,12,4,1,1,0,0.0936,0.14951,544.368
1362,90,0,0,19,12,5,1,1,0,0.0935,0.14742,512.853
1363,21,0,0,5,3,1,1,1,0,0.0934,0.13193,103.339
1364,21,0,0,4,3,1,1,1,0,0.0933,0.09221,102.725
1365,172,1,1,28,21,8,1,1,0,0.0931,0.19546,1011.697
1366,7,0,0,3,1,1,1,1,0,0.093,0.12652,19.748
1367,240,0,0,3,31,6,1,1,0,0.0929,0.12848,1399.595
1368,32,0,0,2,4,4,1,1,0,0.0928,0.11908,165.249
1369,67,5,5,16,6,2,1,1,0,0.0927,0.21649,422.507
1370,82,1,1,11,10,2,1,1,0,0.0926,0.19705,481.431
1371,289,2,2,24,36,13,1,1,0,0.0924,0.2215,1685.916
1372,13,0,0,5,2,1,1,1,0,0.0923,0.1538,55.952
1373,13,0,0,6,2,2,1,1,0,0.0922,0.16083,55.328
1374,23,0,0,6,3,1,1,1,0,0.0921,0.74566,63.645
1375,37,0,0,7,5,1,1,1,0,0.092,0.10946,172.066
1376,38,0,0,6,5,3,1,1,0,0.0919,0.25737,202.192
1377,105,0,0,6,14,9,1,1,0,0.0918,0.12422,595.878
1378,52,2,2,11,6,3,1,1,0,0.0916,0.20288,307.986
1379,265,5,5,35,31,4,1,1,0,0.0915,0.20119,1602.269
1380,120,1,1,13,15,5,1,1,0,0.0914,0.37211,612.764
1381,85,2,2,19,11,2,1,1,0,0.0913,0.28311,495.437
1382,127,1,1,14,17,4,1,1,0,0.0912,0.16151,735.693
1383,46,0,0,10,6,5,1,1,0,0.0911,0.39802,249.608
1384,22,0,0,6,3,0,1,1,0,0.091,0.42046,30.922
1385,62,0,0,10,8,3,1,1,0,0.0908,0.51161,345.363
1386,92,1,1,11,12,6,1,1,0,0.0907,0.36802,530.801
1387,38,0,0,4,5,3,1,1,0,0.0906,0.34524,149.674
1388,6,0,0,3,1,0,1,1,0,0.0905,0.16062,13.99
1389,32,1,1,5,4,1,1,1,0,0.0904,0.15314,174.881
1390,102,0,0,8,13,8,1,1,0,0.0903,0.25282,526.436
1391,13,0,0,4,2,1,1,1,0,0.0902,0.10597,55.392
1392,94,1,1,8,13,3,1,1,0,0.09,0.38957,542.903
1393,57,0,0,9,8,7,1,1,0,0.0899,0.44171,310.954
1394,21,0,0,4,3,0,1,1,0,0.0898,0.12984,102.711
1395,78,0,0,9,11,4,1,1,0,0.0897,0.15618,439.211
1396,76,1,1,12,10,4,1,1,0,0.0896,0.15954,417.244
1397,100,0,0,12,13,7,1,1,0,0.0895,0.20068,567.555
1398,31,0,0,10,4,3,1,1,0,0.0893,0.19836,161.307
1399,36,0,0,6,5,1,1,1,0,0.0892,0.13768,191.058
1400,335,2,2,12,42,16,1,1,0,0.0891,0.22685,1887.554
1401,24,1,1,4,3,1,1,1,0,0.089,0.14667,124.565
1402,55,0,0,11,7,3,1,1,0,0.0889,0.16411,301.856
1403,93,0,0,6,12,4,1,1,0,0.0888,0.16438,526.864
1404,26,1,1,6,3,2,1,1,0,0.0887,0.85933,63.188
1405,128,2,2,15,15,7,1,1,0,0.0885,0.17074,745.732
1406,60,4,4,9,6,2,1,1,0,0.0884,0.21518,355.071
1407,6,0,0,3,1,1,1,1,0,0.0883,0.17714,13.058
1408,31,0,0,4,4,2,1,1,0,0.0882,0.1197,161.016
1409,93,1,1,11,11,3,1,1,0,0.0881,0.38935,460.673
1410,34,0,0,5,4,5,1,1,0,0.088,0.14581,175.918
1411,30,0,0,5,4,1,1,1,0,0.0879,0.13384,155.117
1412,30,0,0,5,4,2,1,1,0,0.0877,0.15907,154.621
1413,198,0,0,5,24,3,1,1,0,0.0876,0.11859,1140.061
1414,90,0,0,9,12,6,1,1,0,0.0875,0.18729,504.552
1415,6,0,0,3,1,0,1,1,0,0.0874,0.18708,13.822
1416,108,1,1,12,14,5,1,1,0,0.0873,0.16398,623.857
1417,22,0,0,5,3,2,1,1,0,0.0872,0.13675,106.788
1418,45,2,2,12,5,3,1,1,0,0.087,0.37701,262.003
1419,79,0,0,5,10,6,1,1,0,0.0869,0.13759,436.957
1420,16,1,1,5,2,5,1,1,0,0.0868,1.13814,-0.696
1421,23,0,0,6,3,1,1,1,0,0.0867,0.12181,88.373
1422,34,2,2,9,4,1,1,1,0,0.0866,0.31344,198.645
1423,74,0,0,6,10,5,1,1,0,0.0865,0.10704,383.259
1424,60,1,1,16,7,3,1,1,0,0.0864,0.46765,344.656
1425,71,2,2,16,9,4,1,1,0,0.0862,0.16369,406.826
1426,21,0,0,7,3,2,1,1,0,0.0861,0.15479,77.41
1427,6,0,0,1,1,1,1,1,0,0.086,2.66629,-65.819
1428,14,0,0,4,2,0,1,1,0,0.0859,0.13226,61.014
1429,213,1,1,37,28,10,1,1,0,0.0858,0.2135,1240.388
1430,400,4,4,45,36,6,0,0,1,0.0857,0.20177,2368.716
1431,92,2,2,12,11,6,1,1,0,0.0855,0.42106,537.825
1432,17,0,0,5,2,4,1,1,0,0.0854,0.16187,76.349
1433,120,1,1,21,13,6,1,1,0,0.0853,0.17013,667.057
1434,155,0,0,11,21,3,1,1,0,0.0852,0.1284,884.799
1435,63,1,1,10,8,2,1,1,0,0.0851,0.23685,334.42
1436,54,1,1,12,7,5,1,1,0,0.085,0.33557,306.142
1437,8,0,0,3,1,0,1,1,0,0.0849,0.13967,25.035
1438,23,0,0,6,3,4,1,1,0,0.0847,0.11032,86.839
1439,186,2,2,21,20,8,1,1,0,0.0846,0.33888,1078.954
1440,24,0,0,10,3,3,1,1,0,0.0845,1.2459,43.407
1441,14,0,0,4,2,3,1,1,0,0.0844,1.06671,-18.378
1442,23,0,0,5,3,2,1,1,0,0.0843,0.19419,112.453
1443,53,0,0,12,6,4,1,1,0,0.0842,0.43805,237.522
1444,57,0,0,9,8,0,1,1,0,0.0841,0.2965,261.649
1445,178,2,2,13,23,4,1,1,0,0.0839,0.16751,1038.688
1446,17,1,1,4,2,2,1,1,0,0.0838,0.73511,34.73
1447,229,1,1,9,31,7,1,1,0,0.0837,0.15955,1327.253
1448,339,1,1,16,44,20,1,1,0,0.0836,0.19285,1932.704
1449,263,2,2,38,33,11,1,1,0,0.0835,0.40586,1513.722
1450,90,0,0,15,12,5,1,1,0,0.0834,0.16241,503.15
1451,21,0,0,7,3,1,1,1,0,0.0832,0.80259,51.052
1452,212,3,3,38,25,7,1,1,0,0.0831,0.32225,1262.149
1453,6,0,0,3,1,0,1,1,0,0.083,0.1806,13.456
1454,14,0,0,5,2,4,1,1,0,0.0829,1.87405,11.132
1455,216,6,6,47,26,18,1,1,0,0.0828,0.53244,1287.138
1456,108,1,1,15,13,4,1,1,0,0.0827,0.17301,626.805
1457,178,1,1,19,22,9,1,1,0,0.0826,0.18032,1032.094
1458,64,0,0,5,8,3,1,1,0,0.0824,0.14748,353.498
1459,32,1,1,6,4,1,1,1,0,0.0823,0.20323,171.916
1460,364,3,3,45,44,14,1,1,0,0.0822,0.21207,2127.568
1461,15,0,0,6,2,2,1,1,0,0.0821,0.20114,66.162
1462,47,0,0,5,6,4,1,1,0,0.082,0.16732,251.793
1463,55,0,0,9,7,2,1,1,0,0.0819,0.16448,300.948
1464,31,0,0,6,4,2,1,1,0,0.0818,0.16227,159.485
1465,176,0,0,9,22,8,1,1,0,0.0816,0.16621,1004.73
1466,46,0,0,5,6,5,1,1,0,0.0815,0.11857,244.677
1467,15,0,0,4,2,3,1,1,0,0.0814,0.14167,64.783
1468,294,2,2,18,39,10,1,1,0,0.0813,0.14509,1713.072
1469,110,0,0,19,15,5,1,1,0,0.0812,0.18069,615.858
1470,24,0,0,3,3,2,1,1,0,0.0811,0.89483,38.863
1471,46,0,0,9,6,5,1,1,0,0.0809,0.19397,244.99
1472,151,2,2,23,19,8,1,1,0,0.0808,0.16374,872.991
1473,18,1,1,6,2,1,1,1,0,0.0807,0.27349,90.917
1474,8,0,0,2,1,2,1,1,0,0.0806,0.10582,23.558
1475,17,1,1,4,2,1,1,1,0,0.0805,0.89023,33.49
1476,276,1,1,40,35,6,1,1,0,0.0804,0.27985,1596.416
1477,119,1,1,15,15,8,1,1,0,0.0803,0.27835,596.396
1478,52,0,0,10,7,4,1,1,0,0.0801,0.31837,228.075
1479,165,1,1,18,22,7,1,1,0,0.08,0.22737,941.208
1480,77,1,1,16,9,4,1,1,0,0.0799,0.20614,433.99
1481,17,1,1,7,2,2,1,1,0,0.0798,1.74092,10.365
1482,17,1,1,8,2,2,1,1,0,0.0797,1.48392,9.107
1483,25,0,0,4,3,1,1,1,0,0.0796,0.71724,46.683
1484,222,3,3,43,28,6,1,1,0,0.0795,0.19376,1272.581
1485,95,4,4,11,10,4,1,1,0,0.0793,0.35195,515.555
1486,37,1,1,4,4,4,1,1,0,0.0792,0.17148,206.491
1487,28,0,0,5,4,3,1,1,0,0.0791,0.15783,140.559
1488,93,0,0,13,11,5,1,1,0,0.079,0.13781,490.373
1489,97,0,0,9,13,2,1,1,0,0.0789,0.13163,541.348
1490,35,0,0,6,5,1,1,1,0,0.0788,0.65925,181.588
1491,54,1,1,7,7,7,1,1,0,0.0786,0.27487,294.812
1492,49,0,0,4,6,1,1,1,0,0.0785,0.14187,262.201
1493,158,0,0,13,20,8,1,1,0,0.0784,0.19433,890.532
1494,69,0,0,7,9,3,1,1,0,0.0783,0.12744,379.56
1495,7,0,0,3,1,0,1,1,0,0.0782,0.14844,19.188
1496,64,0,0,8,9,2,1,1,0,0.0781,0.36903,325.586
1497,8,0,0,2,1,1,1,1,0,0.078,0.12725,23.975
1498,6,0,0,2,1,2,1,1,0,0.0778,3.321,-66.434
1499,84,0,0,7,11,5,1,1,0,0.0777,0.12985,465.054
1500,26,0,0,5,3,2,1,1,0,0.0776,1.12649,49.644
1501,280,0,0,16,36,8,1,1,0,0.0775,0.1406,1597.645
1502,36,0,0,8,5,2,1,1,0,0.0774,0.13182,187.505
1503,126,1,1,11,16,5,1,1,0,0.0773,0.17903,717.69
1504,14,0,0,5,2,1,1,1,0,0.0772,0.15603,59.552
1505,70,1,1,17,9,2,1,1,0,0.077,0.17907,394.673
1506,47,1,1,13,6,2,1,1,0,0.0769,0.19292,261.122
1507,56,0,0,11,8,2,1,1,0,0.0768,0.1354,279.223
1508,16,0,0,6,2,2,1,1,0,0.0767,0.45945,70.56
1509,298,2,2,52,39,11,1,1,0,0.0766,0.28566,1731.213
1510,135,2,2,30,17,8,1,1,0,0.0765,0.23482,773.863
1511,231,2,2,15,30,7,1,1,0,0.0764,0.14711,1314.333
1512,108,2,2,26,12,3,1,1,0,0.0762,0.22009,623.601
1513,20,0,0,6,3,1,1,1,0,0.0761,0.72942,70.009
1514,16,0,0,5,2,1,1,1,0,0.076,0.16121,71.152
1515,97,0,0,11,10,6,1,1,0,0.0759,0.31497,532.693
1516,144,0,0,11,19,8,1,1,0,0.0758,0.3034,806.249
1517,29,0,0,7,4,2,1,1,0,0.0757,0.13191,120.566
1518,123,3,3,38,15,6,1,1,0,0.0755,0.43076,711.566
1519,135,1,1,19,16,3,1,1,0,0.0754,0.14521,761.837
1520,277,0,0,13,38,11,1,1,0,0.0753,0.17689,1572.569
1521,60,1,1,14,8,2,1,1,0,0.0752,0.27777,340.603
1522,28,0,0,5,4,0,1,1,0,0.0751,0.54938,90.044
1523,37,0,0,7,5,1,1,1,0,0.075,0.11995,168.191
1524,37,0,0,5,5,2,1,1,0,0.0749,0.36345,141.893
1525,100,0,0,10,13,5,1,1,0,0.0747,0.26606,528.127
1526,30,0,0,9,4,1,1,1,0,0.0746,0.15024,151.776
1527,400,2,2,47,46,11,0,0,1,0.0745,0.21226,2326.899
1528,71,0,0,10,9,4,1,1,0,0.0744,0.11691,384.785
1529,54,1,1,9,7,3,1,1,0,0.0743,0.25653,297.023
1530,49,0,0,9,7,2,1,1,0,0.0742,0.68863,185.457
1531,112,1,1,10,14,4,1,1,0,0.074,0.28465,629.449
1532,17,1,1,4,2,2,1,1,0,0.0739,0.25844,82.803
1533,15,0,0,5,2,1,1,1,0,0.0738,0.15856,65.4
1534,22,0,0,6,3,5,1,1,0,0.0737,0.31097,103.795
1535,27,0,0,3,4,2,1,1,0,0.0736,0.11807,133.994
1536,15,0,0,3,2,1,1,1,0,0.0735,1.33343,-13.575
1537,14,0,0,5,2,0,1,1,0,0.0734,0.16167,59.972
1538,97,1,1,18,12,8,1,1,0,0.0732,0.16407,543.284
1539,107,0,0,16,14,4,1,1,0,0.0731,0.19431,599.371
1540,14,0,0,5,2,1,1,1,0,0.073,0.17645,59.594
1541,48,0,0,4,6,0,1,1,0,0.0729,0.13343,257.084
1542,113,0,0,9,14,4,1,1,0,0.0728,0.14071,630.34
1543,38,0,0,2,5,2,1,1,0,0.0727,0.10805,196.781
1544,49,1,1,15,6,0,1,1,0,0.0726,0.72313,197.329
1545,70,0,0,4,9,4,1,1,0,0.0724,0.22994,381.76
1546,30,0,0,4,4,3,1,1,0,0.0723,0.24189,150.435
1547,158,0,0,7,20,6,1,1,0,0.0722,0.12109,884.288
1548,20,1,1,8,2,3,1,1,0,0.0721,0.38475,102.242
1549,6,0,0,2,1,1,1,1,0,0.072,0.15208,12.287
1550,36,0,0,6,5,1,1,1,0,0.0719,0.12467,185.658
1551,100,0,0,6,13,2,1,1,0,0.0717,0.10887,552.301
1552,22,0,0,3,3,0,1,1,0,0.0716,0.78422,27.763
1553,65,1,1,9,8,4,1,1,0,0.0715,0.38937,357.684
1554,48,1,1,9,6,2,1,1,0,0.0714,0.1753,261.23
1555,193,0,0,14,25,5,1,1,0,0.0713,0.21215,1085.011
1556,52,0,0,11,7,3,1,1,0,0.0712,0.1366,252.161
1557,110,3,3,15,14,4,1,1,0,0.0711,0.25305,609.277
1558,29,0,0,5,4,2,1,1,0,0.0709,0.13801,143.898
1559,32,1,1,5,4,2,1,1,0,0.0708,0.16917,167.406
1560,217,1,1,15,28,7,1,1,0,0.0707,0.24149,1175.145
1561,105,1,1,18,11,3,1,1,0,0.0706,0.33352,514.859
1562,13,0,0,4,2,1,1,1,0,0.0705,1.32413,-25.209
1563,42,2,2,7,5,1,1,1,0,0.0704,0.47109,181.944
1564,21,0,0,7,3,1,1,1,0,0.0703,1.46416,22.953
1565,17,1,1,3,2,0,1,1,0,0.0701,0.21316,82.24
1566,59,0,0,10,8,2,1,1,0,0.07,0.34563,236.876
1567,48,1,1,8,5,0,1,1,0,0.0699,0.15247,267.772
1568,34,1,1,8,4,1,1,1,0,0.0698,0.54927,135.635
1569,337,4,4,41,39,15,1,1,0,0.0697,0.20713,1995.044
1570,54,1,1,13,7,1,1,1,0,0.0696,0.14461,299.406
1571,182,3,3,29,22,3,1,1,0,0.0694,0.36311,1065.284
1572,63,2,2,14,7,2,1,1,0,0.0693,0.40442,365.945
1573,129,2,2,14,16,4,1,1,0,0.0692,0.1935,741.488
1574,44,0,0,6,6,3,1,1,0,0.0691,0.1582,230.014
1575,22,0,0,5,3,1,1,1,0,0.069,0.15025,105.306
1576,103,3,3,17,12,4,1,1,0,0.0689,0.27411,613.309
1577,30,0,0,12,4,1,1,1,0,0.0688,0.87749,76.989
1578,22,0,0,6,3,2,1,1,0,0.0686,0.16594,105.892
1579,5,0,0,3,1,1,1,1,0,0.0685,2.69472,-88.674
1580,32,1,1,4,4,1,1,1,0,0.0684,0.43948,168.955
1581,15,0,0,5,2,1,1,1,0,0.0683,0.16722,64.698
1582,91,0,0,7,13,2,1,1,0,0.0682,0.44291,423.128
1583,18,1,1,4,2,0,1,1,0,0.0681,0.45907,65.517
1584,49,3,3,14,5,1,1,1,0,0.068,0.56535,290.418
1585,303,3,3,23,35,5,1,1,0,0.0678,0.1875,1747.908
1586,40,0,0,8,5,1,1,1,0,0.0677,0.1794,210.066
1587,14,0,0,4,2,2,1,1,0,0.0676,0.13374,58.957
1588,46,0,0,4,6,2,1,1,0,0.0675,0.22034,243.935
1589,112,3,3,29,13,3,1,1,0,0.0674,0.41098,599.748
1590,46,0,0,5,6,2,1,1,0,0.0673,0.24328,242.923
1591,101,0,0,18,11,2,1,1,0,0.0671,0.20781,557.79
1592,94,0,0,11,10,1,1,1,0,0.067,0.12876,513.773
1593,218,2,2,19,26,7,1,1,0,0.0669,0.20162,1246.239
1594,263,1,1,8,33,8,1,1,0,0.0668,0.16207,1497.126
1595,47,2,2,12,5,2,1,1,0,0.0667,0.19248,270.091
1596,31,0,0,4,4,2,1,1,0,0.0666,0.12414,155.339
1597,200,3,3,19,23,6,1,1,0,0.0665,0.14922,1153.242
1598,210,5,5,41,26,7,1,1,0,0.0663,0.2812,1222.096
1599,43,1,1,9,5,2,1,1,0,0.0662,0.15374,233.242
1600,142,1,1,14,19,6,1,1,0,0.0661,0.2774,719.772
1601,103,0,0,9,14,5,1,1,0,0.066,0.31143,514.639
1602,66,1,1,8,8,2,1,1,0,0.0659,0.14139,367.259
1603,29,1,1,9,3,2,1,1,0,0.0658,0.64786,80.257
1604,16,0,0,6,2,1,1,1,0,0.0657,0.194,70.307
1605,151,0,0,6,19,5,1,1,0,0.0655,0.16201,841.258
1606,6,0,0,3,1,0,1,1,0,0.0654,0.74108,12.525
1607,7,0,0,1,1,0,1,1,0,0.0653,0.08271,17.955
1608,294,3,3,28,38,8,1,1,0,0.0652,0.15533,1688.38
1609,26,1,1,7,3,3,1,1,0,0.0651,1.16653,58.972
1610,110,3,3,11,12,1,1,1,0,0.065,0.4083,636.886
1611,153,0,0,6,21,5,1,1,0,0.0648,0.23672,848.901
1612,154,3,3,30,19,5,1,1,0,0.0647,0.21918,895.97
1613,227,4,4,43,28,8,1,1,0,0.0646,0.20843,1314.184
1614,13,0,0,6,2,0,1,1,0,0.0645,0.16013,54.276
1615,35,0,0,10,5,2,1,1,0,0.0644,0.81645,101.511
1616,6,0,0,1,1,1,1,1,0,0.0643,0.06438,12.199
1617,400,0,0,26,50,14,0,0,1,0.0642,0.20982,2265.794
1618,136,3,3,34,14,3,1,1,0,0.064,0.23189,791.956
1619,29,0,0,6,4,2,1,1,0,0.0639,0.13136,143.394
1620,6,0,0,3,1,0,1,1,0,0.0638,0.19083,12.703
1621,6,0,0,2,1,1,1,1,0,0.0637,0.13952,12.015
1622,195,3,3,20,23,1,1,1,0,0.0636,0.18752,1130.589
1623,53,1,1,8,7,1,1,1,0,0.0635,0.40922,238.543
1624,21,0,0,8,3,1,1,1,0,0.0634,0.17942,99.269
1625,137,1,1,11,17,2,1,1,0,0.0632,0.12278,772.018
1626,63,1,1,8,8,2,1,1,0,0.0631,0.31526,295.673
1627,247,1,1,6,32,6,1,1,0,0.063,0.21586,1313.583
1628,170,1,1,8,21,3,1,1,0,0.0629,0.15656,956.359
1629,38,0,0,6,5,1,1,1,0,0.0628,0.11897,194.528
1630,37,0,0,6,5,3,1,1,0,0.0627,0.27086,188.385
1631,115,1,1,8,15,6,1,1,0,0.0625,0.28942,636.185
1632,42,2,2,12,5,1,1,1,0,0.0624,0.19059,233.589
1633,62,0,0,7,8,4,1,1,0,0.0623,0.34758,328.347
1634,55,0,0,3,7,3,1,1,0,0.0622,0.11369,289.934
1635,165,4,4,17,16,6,1,1,0,0.0621,0.16324,960.588
1636,147,0,0,11,19,4,1,1,0,0.062,0.13787,812.609
1637,44,1,1,9,6,1,1,1,0,0.0619,0.16611,232.931
1638,137,1,1,14,18,6,1,1,0,0.0617,0.30519,710.845
1639,130,0,0,15,17,3,1,1,0,0.0616,0.25131,711.954
1640,46,1,1,10,5,1,1,1,0,0.0615,0.25544,255.934
1641,14,0,0,6,2,0,1,1,0,0.0614,0.17501,58.909
1642,31,0,0,5,4,0,1,1,0,0.0613,0.15013,155.319
1643,400,0,0,16,53,15,0,0,1,0.0612,0.14261,2249.958
1644,198,4,4,22,25,1,1,1,0,0.0611,0.1389,1135.439
1645,99,1,1,9,13,2,1,1,0,0.0609,0.18306,521.897
1646,258,1,1,12,34,6,1,1,0,0.0608,0.14064,1430.562
1647,72,2,2,11,8,2,1,1,0,0.0607,0.14436,410.322
1648,145,1,1,17,18,5,1,1,0,0.0606,0.20246,805.06
1649,20,0,0,6,3,1,1,1,0,0.0605,0.52167,40.918
1650,28,0,0,7,4,0,1,1,0,0.0604,0.17428,137.886
1651,31,1,1,10,4,2,1,1,0,0.0602,0.49115,163.816
1652,94,0,0,8,12,3,1,1,0,0.0601,0.1177,501.836
1653,239,3,3,56,29,16,1,1,0,0.06,0.2608,1361.935
1654,105,1,1,12,13,3,1,1,0,0.0599,0.25774,588.516
1655,119,2,2,20,14,5,1,1,0,0.0598,0.17743,676.589
1656,123,1,1,24,16,4,1,1,0,0.0597,0.24506,686.843
1657,6,0,0,1,1,1,1,1,0,0.0596,3.21806,-66.761
1658,44,0,0,9,6,1,1,1,0,0.0594,0.48909,225.535
1659,30,0,0,7,4,2,1,1,0,0.0593,0.1902,146.187
1660,35,2,2,8,4,2,1,1,0,0.0592,0.75447,114.38
1661,59,3,3,14,7,5,1,1,0,0.0591,0.49044,249.485
1662,43,0,0,6,6,1,1,1,0,0.059,0.42589,142.903
1663,42,0,0,6,6,2,1,1,0,0.0589,0.72467,138.209
1664,97,1,1,14,12,4,1,1,0,0.0588,0.14818,509.587
1665,77,1,1,7,10,3,1,1,0,0.0586,0.51018,340.171
1666,21,0,0,4,3,3,1,1,0,0.0585,1.40014,48.582
1667,49,1,1,11,6,4,1,1,0,0.0584,0.86262,191.768
1668,46,1,1,10,5,2,1,1,0,0.0583,0.29061,255.475
1669,185,2,2,27,23,8,1,1,0,0.0582,0.26828,1039.266
1670,31,0,0,7,4,1,1,1,0,0.0581,0.20309,154.552
1671,297,6,6,54,36,6,1,1,0,0.058,0.25308,1702.52
1672,72,2,2,15,8,1,1,1,0,0.0578,0.17849,410.208
1673,21,0,0,5,3,3,1,1,0,0.0577,0.32082,71.454
1674,29,0,0,5,4,2,1,1,0,0.0576,0.13835,143.035
1675,125,2,2,21,14,2,1,1,0,0.0575,0.17883,700.895
1676,154,3,3,30,18,4,1,1,0,0.0574,0.3347,806.089
1677,28,0,0,5,4,4,1,1,0,0.0573,0.93545,59.209
1678,62,1,1,16,7,1,1,1,0,0.0571,0.2132,344.104
1679,15,0,0,5,2,0,1,1,0,0.057,0.15755,64.422
1680,34,0,0,6,5,1,1,1,0,0.0569,0.81227,95.012
1681,29,0,0,6,4,2,1,1,0,0.0568,0.18254,142.799
1682,239,4,4,48,28,3,1,1,0,0.0567,0.17213,1401.373
1683,400,5,5,45,53,10,0,0,1,0.0566,0.20614,2301.579
1684,20,0,0,5,3,1,1,1,0,0.0565,0.12774,92.992
1685,21,0,0,5,3,1,1,1,0,0.0563,0.13887,97.65
1686,61,0,0,10,8,2,1,1,0,0.0562,0.26845,324.85
1687,19,1,1,7,2,0,1,1,0,0.0561,0.71942,75.675
1688,96,0,0,13,13,6,1,1,0,0.056,0.18176,520.743
1689,107,2,2,20,12,3,1,1,0,0.0559,0.31337,604.203
1690,13,0,0,5,2,1,1,1,0,0.0558,0.32439,52.756
1691,35,1,1,10,4,2,1,1,0,0.0557,0.66053,171.153
1692,175,2,2,26,17,9,1,1,0,0.0555,0.44296,978.455
1693,178,1,1,21,23,3,1,1,0,0.0554,0.14818,978.628
1694,400,4,4,55,32,8,0,0,1,0.0553,0.16276,2293.542
1695,220,1,1,35,26,8,1,1,0,0.0552,0.32611,1158.568
1696,20,0,0,9,3,1,1,1,0,0.0551,0.2191,69.209
1697,183,2,2,58,19,4,1,1,0,0.055,0.3161,1049.66
1698,36,0,0,12,5,1,1,1,0,0.0548,0.554,161.533
1699,143,4,4,44,16,5,1,1,0,0.0547,0.37044,807.943
1700,34,0,0,10,4,3,1,1,0,0.0546,0.17851,171.096
1701,20,0,0,5,3,1,1,1,0,0.0545,0.16949,92.688
1702,400,5,5,78,36,14,0,0,1,0.0544,0.29467,2322.151
1703,68,2,2,26,8,2,1,1,0,0.0543,0.61345,312.872
1704,37,0,0,13,5,1,1,1,0,0.0542,0.28028,192.088
1705,92,0,0,19,10,3,1,1,0,0.054,0.25871,501.679
1706,200,3,3,39,19,6,1,1,0,0.0539,0.26743,1129.771
1707,21,0,0,6,3,1,1,1,0,0.0538,1.50216,21.416
1708,75,2,2,18,8,2,1,1,0,0.0537,0.15457,408.813
1709,310,4,4,72,35,7,1,1,0,0.0536,0.19401,1767.334
1710,400,0,0,35,52,6,0,0,1,0.0535,0.21714,2278.249
1711,49,2,2,14,6,5,1,1,0,0.0534,0.50725,271.562
1712,305,4,4,55,37,10,1,1,0,0.0532,0.20201,1761.292
1713,87,1,1,13,11,3,1,1,0,0.0531,0.34033,461.147
1714,76,1,1,13,10,3,1,1,0,0.053,0.17481,420.566
1715,130,1,1,16,17,4,1,1,0,0.0529,0.14439,723.445
1716,88,0,0,14,12,1,1,1,0,0.0528,0.35961,457.206
1717,32,1,1,7,4,2,1,1,0,0.0527,0.20185,167.608
1718,24,1,1,8,3,1,1,1,0,0.0525,0.20224,123.611
1719,286,2,2,44,39,9,1,1,0,0.0524,0.21376,1625.351
1720,50,0,0,9,7,0,1,1,0,0.0523,0.14664,262.127
1721,21,0,0,5,3,1,1,1,0,0.0522,1.23091,27.759
1722,203,1,1,20,27,6,1,1,0,0.0521,0.1531,1142.835
1723,36,0,0,6,5,4,1,1,0,0.052,0.84049,103.633
1724,28,0,0,5,4,4,1,1,0,0.0519,0.12374,112.066
1725,206,4,4,43,25,8,1,1,0,0.0517,0.28691,1204.5
1726,77,0,0,12,11,1,1,1,0,0.0516,0.15592,416.418
1727,28,0,0,9,4,0,1,1,0,0.0515,0.20057,115.7
1728,77,0,0,9,11,1,1,1,0,0.0514,0.30377,362.381
1729,400,6,6,47,52,15,0,0,1,0.0513,0.236,2316.692
1730,31,1,1,6,4,1,1,1,0,0.0512,0.17951,138.113
1731,6,0,0,2,1,1,1,1,0,0.051,0.1364,11.87
1732,239,0,0,32,32,7,1,1,0,0.0509,0.17091,1339.894
1733,193,3,3,57,23,2,1,1,0,0.0508,0.28193,1097.416
1734,319,3,3,43,37,7,1,1,0,0.0507,0.30276,1813.456
1735,235,8,8,67,27,6,1,1,0,0.0506,0.27048,1399.454
1736,28,0,0,8,4,0,1,1,0,0.0505,0.61995,139.798
1737,20,0,0,7,3,1,1,1,0,0.0504,0.72216,43.448
1738,86,0,0,18,12,2,1,1,0,0.0502,0.16091,443.661
1739,182,4,4,57,24,3,1,1,0,0.0501,0.21136,1048.813
1740,59,1,1,13,7,4,1,1,0,0.05,0.16678,325.51
1741,36,0,0,16,5,3,1,1,0,0.0499,0.36374,188.445
1742,172,2,2,36,22,3,1,1,0,0.0498,0.28895,916.007
1743,125,0,0,30,17,6,1,1,0,0.0497,0.31693,697.106
1744,22,0,0,4,3,0,1,1,0,0.0496,0.13794,104.578
1745,21,0,0,6,3,0,1,1,0,0.0494,0.17797,99.611
1746,187,3,3,25,25,3,1,1,0,0.0493,0.17647,1047.281
1747,104,0,0,15,15,1,1,1,0,0.0492,0.14511,575.738
1748,124,2,2,29,16,3,1,1,0,0.0491,0.43696,704.778
1749,251,2,2,44,34,8,1,1,0,0.049,0.39778,1431.112
1750,199,2,2,16,27,8,1,1,0,0.0489,0.18039,1127.842
1751,29,0,0,7,4,1,1,1,0,0.0487,0.36569,93.499
1752,21,0,0,4,3,2,1,1,0,0.0486,0.17472,99.09
1753,35,0,0,4,5,2,1,1,0,0.0485,0.14667,179.503
1754,6,0,0,3,1,1,1,1,0,0.0484,0.2704,12.524
1755,115,0,0,13,16,1,1,1,0,0.0483,0.13619,630.663
1756,150,0,0,9,20,3,1,1,0,0.0482,0.15202,830.34
1757,400,0,0,13,50,18,0,0,1,0.0481,0.20587,2270.667
1758,38,0,0,3,5,1,1,1,0,0.0479,0.15817,195.087
1759,149,1,1,13,18,4,1,1,0,0.0478,0.27026,841.545
1760,55,0,0,5,7,1,1,1,0,0.0477,0.14131,291.657
1761,14,0,0,4,2,1,1,1,0,0.0476,0.13192,58.396
1762,372,0,0,18,48,11,1,1,0,0.0475,0.17886,2011.634
1763,358,0,0,6,48,5,1,1,0,0.0474,0.12609,1989.821
1764,6,0,0,2,1,1,1,1,0,0.0473,0.1567,11.967
1765,44,0,0,10,6,1,1,1,0,0.0471,0.15127,226.153
1766,74,0,0,19,10,3,1,1,0,0.047,0.23202,373.76
1767,213,3,3,51,28,6,1,1,0,0.0469,0.29951,1216.267
1768,330,2,2,36,44,12,1,1,0,0.0468,0.18405,1849.986
1769,195,6,6,50,23,8,1,1,0,0.0467,0.19393,1113.124
1770,271,0,0,9,38,6,1,1,0,0.0466,0.20539,1491.899
1771,13,0,0,7,2,2,1,1,0,0.0464,0.31172,28.884
1772,147,2,2,30,19,4,1,1,0,0.0463,0.19115,832.209
1773,211,1,1,24,29,4,1,1,0,0.0462,0.18378,1178.053
1774,205,2,2,21,27,4,1,1,0,0.0461,0.16991,1145.294
1775,106,0,0,21,15,1,1,1,0,0.046,0.26039,526.156
1776,194,0,0,15,27,3,1,1,0,0.0459,0.14169,1039.17
1777,192,2,2,29,25,5,1,1,0,0.0458,0.24878,1013.473
1778,27,2,2,11,3,1,1,1,0,0.0456,0.26755,145.824
1779,13,0,0,3,2,1,1,1,0,0.0455,0.0802,51.509
1780,400,8,8,75,45,6,0,0,1,0.0454,0.21748,2311.907
1781,184,2,2,20,19,5,1,1,0,0.0453,0.25596,1020.533
1782,154,1,1,12,19,2,1,1,0,0.0452,0.13611,846.595
1783,137,1,1,9,17,5,1,1,0,0.0451,0.21506,748.631
1784,198,0,0,33,27,3,1,1,0,0.045,0.22588,1089.289
1785,81,0,0,18,11,1,1,1,0,0.0448,0.26048,437.294
1786,313,0,0,27,37,8,1,1,0,0.0447,0.1681,1723.765
1787,50,0,0,7,7,3,1,1,0,0.0446,0.16346,256.682
1788,142,1,1,11,18,1,1,1,0,0.0445,0.32391,748.428
1789,67,2,2,16,8,3,1,1,0,0.0444,0.35113,321.529
1790,173,2,2,31,18,6,1,1,0,0.0443,0.19711,952.09
1791,53,2,2,16,6,0,1,1,0,0.0441,0.1877,300.588
1792,103,0,0,16,14,3,1,1,0,0.044,0.14222,549.589
1793,44,0,0,11,6,1,1,1,0,0.0439,0.32985,226.025
1794,17,1,1,8,2,2,1,1,0,0.0438,1.89003,6.097
1795,153,2,2,29,20,3,1,1,0,0.0437,0.14305,859.837
1796,6,0,0,3,1,1,1,1,0,0.0436,0.19514,11.645
1797,49,0,0,9,7,2,1,1,0,0.0435,0.33416,199.978
1798,56,1,1,6,8,1,1,1,0,0.0433,0.6378,221.685
1799,205,3,3,39,24,5,1,1,0,0.0432,0.34585,1135.392
1800,400,7,7,74,42,12,0,0,1,0.0431,0.24652,2310.311
1801,153,1,1,26,19,3,1,1,0,0.043,0.2122,842.617
1802,167,2,2,37,20,6,1,1,0,0.0429,0.19534,929.897
1803,28,0,0,7,4,1,1,1,0,0.0428,0.21714,135.673
1804,58,0,0,8,8,1,1,1,0,0.0427,0.40302,251.855
1805,13,0,0,5,2,1,1,1,0,0.0425,2.15992,3.141
1806,164,2,2,33,20,5,1,1,0,0.0424,0.17734,903.985
1807,21,0,0,6,3,2,1,1,0,0.0423,1.01248,45.76
1808,9,0,0,2,1,1,1,1,0,0.0422,0.40046,27.81
1809,91,2,2,10,11,0,1,1,0,0.0421,0.16575,506.845
1810,91,2,2,21,12,4,1,1,0,0.042,0.42424,425.838
1811,21,0,0,7,3,1,1,1,0,0.0418,0.13788,97.547
1812,343,4,4,34,43,11,1,1,0,0.0417,0.18608,1944.367
1813,142,3,3,37,15,1,1,1,0,0.0416,0.17873,814.091
1814,28,0,0,7,4,0,1,1,0,0.0415,0.28941,137.502
1815,151,2,2,27,19,6,1,1,0,0.0414,0.19037,837.917
1816,201,1,1,35,26,3,1,1,0,0.0413,0.18298,1077.1
1817,58,2,2,15,7,1,1,1,0,0.0412,0.33476,320.883
1818,128,2,2,25,14,2,1,1,0,0.041,0.15643,730.195
1819,29,0,0,7,4,1,1,1,0,0.0409,0.1157,117.38
1820,6,0,0,3,1,1,1,1,0,0.0408,0.24042,11.784
1821,224,3,3,18,29,5,1,1,0,0.0407,0.24214,1255.068
1822,72,1,1,17,9,1,1,1,0,0.0406,0.14708,399.683
1823,29,0,0,6,4,3,1,1,0,0.0405,0.13613,141.204
1824,133,1,1,25,18,5,1,1,0,0.0404,0.31844,660.741
1825,121,2,2,36,15,0,1,1,0,0.0402,0.15847,685.562
1826,56,0,0,16,8,2,1,1,0,0.0401,0.46139,245.419
1827,53,2,2,7,7,2,1,1,0,0.04,0.16081,284.768
1828,28,0,0,4,4,2,1,1,0,0.0399,0.12031,136.238
1829,31,1,1,7,4,2,1,1,0,0.0398,0.55364,108.5
1830,13,0,0,4,2,2,1,1,0,0.0397,2.1532,2.55
1831,164,1,1,7,22,4,1,1,0,0.0395,0.18499,903.211
1832,161,2,2,16,21,4,1,1,0,0.0394,0.16893,894.093
1833,152,2,2,26,19,2,1,1,0,0.0393,0.19999,855.801
1834,36,1,1,11,4,1,1,1,0,0.0392,0.60002,173.208
1835,49,0,0,13,7,3,1,1,0,0.0391,0.26924,255.901
1836,154,1,1,4,21,4,1,1,0,0.039,0.23318,793.008
1837,366,4,4,28,48,4,1,1,0,0.0389,0.1434,2084.586
1838,82,1,1,15,11,2,1,1,0,0.0387,0.44228,371.113
1839,184,2,2,20,25,0,1,1,0,0.0386,0.16285,1003.332
1840,41,0,0,6,6,0,1,1,0,0.0385,0.14145,209.204
1841,144,2,2,22,19,2,1,1,0,0.0384,0.17679,805.983
1842,95,3,3,21,11,0,1,1,0,0.0383,0.19272,543.558
1843,274,3,3,30,37,3,1,1,0,0.0382,0.17971,1539.289
1844,139,0,0,7,20,3,1,1,0,0.0381,0.11696,725.069
1845,133,2,2,38,17,4,1,1,0,0.0379,0.17438,751.817
1846,67,2,2,17,8,2,1,1,0,0.0378,0.26892,375.112
1847,357,3,3,43,48,6,1,1,0,0.0377,0.2013,2012.837
1848,58,1,1,10,8,3,1,1,0,0.0376,0.16726,310.642
1849,400,3,3,42,54,6,0,0,1,0.0375,0.17121,2271.145
1850,353,3,3,36,37,9,1,1,0,0.0374,0.19529,1938.694
1851,226,0,0,7,29,4,1,1,0,0.0372,0.14603,1240.592
1852,102,0,0,14,13,5,1,1,0,0.0371,0.20195,549.419
1853,6,0,0,2,1,1,1,1,0,0.037,0.12028,11.274
1854,400,6,6,54,50,7,0,0,1,0.0369,0.18055,2270.684
1855,28,0,0,7,4,0,1,1,0,0.0368,0.16059,137.206
1856,13,0,0,5,2,1,1,1,0,0.0367,0.41812,28.791
1857,116,4,4,23,13,2,1,1,0,0.0366,0.20039,673.693
1858,16,1,1,4,2,3,1,1,0,0.0364,2.01568,36.967
1859,70,1,1,15,9,1,1,1,0,0.0363,0.54735,303.155
1860,34,0,0,8,5,1,1,1,0,0.0362,0.15226,170.375
1861,212,1,1,16,29,3,1,1,0,0.0361,0.23128,1159.813
1862,316,0,0,16,43,7,1,1,0,0.036,0.16918,1723.637
1863,121,0,0,20,17,1,1,1,0,0.0359,0.13148,651.952
1864,34,0,0,10,5,0,1,1,0,0.0358,0.14465,170.601
1865,237,0,0,25,32,3,1,1,0,0.0356,0.13432,1296.724
1866,61,3,3,9,7,1,1,1,0,0.0355,0.19242,342.998
1867,224,0,0,13,30,3,1,1,0,0.0354,0.13538,1189.309
1868,176,0,0,15,24,4,1,1,0,0.0353,0.12107,949.114
1869,6,0,0,2,1,1,1,1,0,0.0352,0.11867,11.09
1870,400,4,4,31,52,15,0,0,1,0.0351,0.25158,2240.651
1871,400,5,5,75,53,10,0,0,1,0.0349,0.24423,2258.916
1872,55,0,0,4,8,1,1,1,0,0.0348,0.11058,282.138
1873,266,3,3,58,36,4,1,1,0,0.0347,0.34822,1402.871
1874,175,0,0,7,23,4,1,1,0,0.0346,0.13813,944.917
1875,400,3,3,33,47,5,0,0,1,0.0345,0.15621,2222.54
1876,255,2,2,29,34,5,1,1,0,0.0344,0.19255,1392.73
1877,119,2,2,25,14,2,1,1,0,0.0343,0.1947,665.913
1878,97,2,2,27,12,4,1,1,0,0.0341,0.25873,532.954
1879,400,3,3,49,50,11,0,0,1,0.034,0.19773,2224.46
1880,258,6,6,75,28,8,1,1,0,0.0339,0.2462,1476.518
1881,163,1,1,46,19,5,1,1,0,0.0338,0.27947,901.574
1882,163,4,4,41,15,4,1,1,0,0.0337,0.32107,922.085
1883,96,0,0,15,11,3,1,1,0,0.0336,0.4194,427.35
1884,100,0,0,6,14,2,1,1,0,0.0335,0.14588,526.582
1885,400,2,2,48,53,9,0,0,1,0.0333,0.18613,2221.479
1886,13,0,0,4,2,1,1,1,0,0.0332,2.06114,-24.304
1887,400,4,4,36,50,3,0,0,1,0.0331,0.19444,2251.708
1888,95,1,1,21,12,4,1,1,0,0.033,0.18584,510.91
1889,25,1,1,9,3,1,1,1,0,0.0329,0.31266,128.675
1890,177,2,2,42,23,2,1,1,0,0.0328,0.22321,961.464
1891,400,3,3,25,53,7,0,0,1,0.0327,0.17357,2203.555
1892,175,1,1,20,23,5,1,1,0,0.0325,0.14673,945.118
1893,28,0,0,6,4,4,1,1,0,0.0324,0.61338,81.804
1894,21,0,0,4,3,0,1,1,0,0.0323,0.20187,95.864
1895,76,2,2,20,9,2,1,1,0,0.0322,0.17803,425.47
1896,43,0,0,15,6,3,1,1,0,0.0321,0.22704,219.853
1897,34,0,0,7,5,1,1,1,0,0.032,0.3439,117.423
1898,200,4,4,23,25,4,1,1,0,0.0318,0.27222,1113.244
1899,400,2,2,31,55,8,0,0,1,0.0317,0.20018,2197.991
1900,13,0,0,6,2,1,1,1,0,0.0316,0.19329,50.051
1901,206,1,1,11,28,4,1,1,0,0.0315,0.1537,1109.95
1902,13,0,0,4,2,0,1,1,0,0.0314,0.1026,50.578
1903,400,2,2,19,50,2,0,0,1,0.0313,0.14296,2198.59
1904,190,2,2,13,22,0,1,1,0,0.0312,0.25104,962.794
1905,243,4,4,42,30,5,1,1,0,0.031,0.19601,1342.887
1906,55,0,0,7,8,2,1,1,0,0.0309,0.54567,202.214
1907,14,0,0,5,2,0,1,1,0,0.0308,1.46428,58.517
1908,251,1,1,13,34,3,1,1,0,0.0307,0.18069,1269.935
1909,400,0,0,7,54,10,1,1,0,0.0306,0.12169,2141.183
1910,28,0,0,5,4,1,1,1,0,0.0305,0.15779,133.404
1911,400,0,0,14,52,6,0,0,1,0.0303,0.16418,2150.558
1912,39,0,0,8,5,1,1,1,0,0.0302,0.14658,192.941
1913,256,2,2,19,30,4,1,1,0,0.0301,0.16637,1377.319
1914,400,3,3,48,40,7,0,0,1,0.03,0.18589,2173.446
1915,400,1,1,39,49,6,0,0,1,0.0299,0.19279,2146.108
1916,400,3,3,42,31,5,0,0,1,0.0298,0.17226,2167.84
1917,190,1,1,29,17,6,1,1,0,0.0297,0.29947,970.586
1918,90,1,1,12,8,2,1,1,0,0.0295,0.16521,465.62
1919,148,0,0,11,18,1,1,1,0,0.0294,0.14418,771.583
1920,343,5,5,39,39,8,1,1,0,0.0293,0.21455,1820.073
1921,5,0,0,3,1,1,1,1,0,0.0292,2.58287,-71.609
1922,13,0,0,4,2,0,1,1,0,0.0291,0.38568,51.025
1923,400,5,5,61,49,4,0,0,1,0.029,0.22583,2194.841
1924,130,0,0,14,18,2,1,1,0,0.0289,0.16617,652.683
1925,148,3,3,29,19,1,1,1,0,0.0287,0.1889,774.403
1926,226,2,2,33,29,5,1,1,0,0.0286,0.19225,1216.869
1927,244,2,2,27,32,4,1,1,0,0.0285,0.26225,1230.517
1928,400,4,4,62,52,11,0,0,1,0.0284,0.20137,2187.607
1929,6,0,0,3,1,1,1,1,0,0.0283,0.13591,11.365
1930,61,1,1,21,8,1,1,1,0,0.0282,0.46242,249.969
1931,173,0,0,29,23,2,1,1,0,0.028,0.1449,885.142
1932,62,1,1,18,7,1,1,1,0,0.0279,0.20304,307.296
1933,87,2,2,17,10,1,1,1,0,0.0278,0.31377,421.455
1934,400,4,4,59,33,2,0,0,1,0.0277,0.20021,2187.586
1935,45,0,0,17,6,2,1,1,0,0.0276,0.22166,224.572
1936,45,1,1,13,5,0,1,1,0,0.0275,0.34742,236.01
1937,400,3,3,48,47,3,0,0,1,0.0274,0.18748,2179.347
1938,400,5,5,57,49,5,0,0,1,0.0272,0.20724,2187.832
1939,6,0,0,2,1,1,1,1,0,0.0271,0.13745,10.656
1940,155,0,0,24,18,6,1,1,0,0.027,0.1806,778.466
1941,20,0,0,7,3,0,1,1,0,0.0269,0.7178,39.2
1942,68,1,1,13,8,1,1,1,0,0.0268,0.4217,357.606
1943,321,3,3,32,41,7,1,1,0,0.0267,0.1632,1727.482
1944,172,3,3,41,21,1,1,1,0,0.0266,0.2066,942.625
1945,50,0,0,14,6,0,1,1,0,0.0264,0.51568,252.669
1946,75,1,1,19,9,2,1,1,0,0.0263,0.17902,369.865
1947,32,1,1,11,4,1,1,1,0,0.0262,0.2527,163.521
1948,173,5,5,52,19,3,1,1,0,0.0261,0.25299,967.059
1949,131,2,2,32,15,2,1,1,0,0.026,0.22281,711.353
1950,60,1,1,17,7,2,1,1,0,0.0259,0.61577,238.02
1951,20,0,0,5,3,0,1,1,0,0.0257,0.16142,88.027
1952,48,2,2,16,6,0,1,1,0,0.0256,0.42997,226.455
1953,400,6,6,51,32,1,0,0,1,0.0255,0.19818,2216.005
1954,13,0,0,5,2,0,1,1,0,0.0254,0.41827,51.468
1955,113,2,2,29,15,2,1,1,0,0.0253,0.2219,586.196
1956,400,6,6,65,46,6,0,0,1,0.0252,0.21419,2228.939
1957,20,0,0,7,3,1,1,1,0,0.0251,0.58488,38.703
1958,400,6,6,67,37,5,0,0,1,0.0249,0.21377,2214.741
1959,400,4,4,67,48,9,0,0,1,0.0248,0.22135,2189.786
1960,157,2,2,43,17,5,1,1,0,0.0247,0.39376,768.96
1961,5,0,0,3,1,1,1,1,0,0.0246,2.08568,-71.492
1962,400,3,3,54,39,6,0,0,1,0.0245,0.26621,2166.874
1963,20,0,0,6,3,2,1,1,0,0.0244,0.69023,38.195
1964,148,0,0,20,19,6,1,1,0,0.0243,0.2091,776.203
1965,400,4,4,58,54,3,0,0,1,0.0241,0.19673,2185.941
1966,41,1,1,12,5,1,1,1,0,0.024,0.44671,192.896
1967,69,0,0,7,10,0,1,1,0,0.0239,0.13405,323.562
1968,185,2,2,25,25,3,1,1,0,0.0238,0.3332,913.075
1969,207,2,2,37,27,3,1,1,0,0.0237,0.23921,1128.267
1970,13,0,0,3,2,2,1,1,0,0.0236,1.16851,27.034
1971,400,4,4,39,51,8,0,0,1,0.0234,0.28124,2192.522
1972,281,1,1,10,38,5,1,1,0,0.0233,0.19786,1501.304
1973,133,1,1,20,17,3,1,1,0,0.0232,0.17183,705.96
1974,400,1,1,14,49,8,0,0,1,0.0231,0.18574,2121.666
1975,101,1,1,15,13,2,1,1,0,0.023,0.18023,505.585
1976,167,0,0,8,21,2,1,1,0,0.0229,0.13214,875.103
1977,400,3,3,42,53,4,0,0,1,0.0228,0.16391,2166.636
1978,400,4,4,53,54,5,0,0,1,0.0226,0.18953,2165.051
1979,13,0,0,4,2,0,1,1,0,0.0225,1.97919,1.124
1980,400,1,1,16,53,2,0,0,1,0.0224,0.17274,2118.117
1981,82,0,0,5,11,2,1,1,0,0.0223,0.11892,387.891
1982,30,1,1,4,4,1,1,1,0,0.0222,0.76392,69.514
1983,343,1,1,12,46,3,1,1,0,0.0221,0.17513,1720.366
1984,29,1,1,10,4,0,1,1,0,0.022,0.39554,141.547
1985,400,6,6,41,53,7,0,0,1,0.0218,0.27536,2150.443
1986,400,2,2,49,47,9,0,0,1,0.0217,0.19463,2119.231
1987,400,3,3,32,39,6,0,0,1,0.0216,0.17001,2098.462
1988,20,0,0,4,3,1,1,1,0,0.0215,0.16855,85.23
1989,21,0,0,5,3,1,1,1,0,0.0214,0.16243,89.741
1990,16,1,1,4,2,1,1,1,0,0.0213,0.86929,20.578
1991,400,2,2,43,43,4,0,0,1,0.0212,0.18251,2098.687
1992,20,0,0,7,3,2,1,1,0,0.021,1.48321,9.166
1993,255,0,0,6,35,1,1,1,0,0.0209,0.12954,1302.876
1994,17,1,1,8,2,2,1,1,0,0.0208,1.70042,1.245
1995,400,0,0,10,49,6,0,0,1,0.0207,0.14948,2049.52
1996,31,0,0,6,4,1,1,1,0,0.0206,0.25363,140.429
1997,274,3,3,39,28,4,1,1,0,0.0205,0.197,1454.405
1998,160,3,3,40,17,2,1,1,0,0.0203,0.21458,841.393
1999,68,1,1,12,8,3,1,1,0,0.0202,0.3159,350.832
2000,14,0,0,4,2,2,1,1,0,0.0201,1.25817,-21.691
2001,24,0,0,9,3,1,1,1,0,0.02,1.16787,58.588
2002,338,0,0,15,44,8,1,1,0,0.02,0.1657,1700.191
2003,173,1,1,43,22,4,1,1,0,0.02,0.23078,899.815
2004,101,1,1,13,13,0,1,1,0,0.02,0.24146,507.9
2005,400,0,0,19,47,4,0,0,1,0.02,0.16042,2055.78
2006,64,0,0,14,8,3,1,1,0,0.02,0.20599,313.912
2007,400,2,2,24,50,7,0,0,1,0.02,0.20206,2093.421
2008,23,0,0,4,3,1,1,1,0,0.02,0.6114,76.953
2009,400,0,0,18,53,4,0,0,1,0.02,0.16113,2058.645
2010,191,5,5,36,21,3,1,1,0,0.02,0.27849,1026.42
2011,182,1,1,22,23,2,1,1,0,0.02,0.22687,944.452
2012,94,2,2,18,12,2,1,1,0,0.02,0.20803,483.96
2013,202,4,4,34,26,3,1,1,0,0.02,0.24784,1016.597
2014,154,1,1,17,21,6,1,1,0,0.02,0.19734,781.776
2015,162,2,2,38,21,3,1,1,0,0.02,0.16412,854.209
2016,400,4,4,33,51,8,0,0,1,0.02,0.20605,2103.732
2017,400,2,2,32,51,7,0,0,1,0.02,0.15245,2080.002
2018,117,0,0,4,15,1,1,1,0,0.02,0.30089,504.761
2019,7,0,0,3,1,3,1,1,0,0.02,0.79711,13.725
2020,20,1,1,4,3,2,1,1,0,0.02,0.2655,92.27
2021,336,3,3,43,42,9,1,1,0,0.02,0.18835,1739.888
2022,117,3,3,14,13,3,1,1,0,0.02,0.20044,597.866
2023,41,1,1,5,5,0,1,1,0,0.02,0.18038,201.322
2024,127,2,2,30,16,2,1,1,0,0.02,0.21074,662.424
2025,172,2,2,21,23,2,1,1,0,0.02,0.1712,869.467
2026,400,3,3,40,53,5,0,0,1,0.02,0.25953,2082.401
2027,323,6,6,76,39,6,1,1,0,0.02,0.20488,1730.62
2028,355,1,1,32,49,7,1,1,0,0.02,0.15026,1821.487
2029,155,3,3,31,18,4,1,1,0,0.02,0.20106,804.131
2030,400,4,4,31,50,5,0,0,1,0.02,0.22692,2099.175
2031,400,1,1,26,54,4,0,0,1,0.02,0.16042,2069.642
2032,165,2,2,11,21,2,1,1,0,0.02,0.14653,846.534
2033,284,1,1,35,39,4,1,1,0,0.02,0.20279,1466.846
2034,207,6,6,48,25,3,1,1,0,0.02,0.20381,1098.644
2035,35,0,0,10,5,2,1,1,0,0.02,0.19286,160.442
2036,112,0,0,5,16,2,1,1,0,0.02,0.11862,550.791
2037,400,8,8,67,48,4,0,0,1,0.02,0.19804,2184.163
2038,400,7,7,71,28,1,0,0,1,0.02,0.23014,2110.242
2039,400,4,4,68,39,8,0,0,1,0.02,0.22173,2106.989
2040,400,4,4,49,44,5,0,0,1,0.02,0.21334,2087.566
2041,342,5,5,80,33,3,1,1,0,0.02,0.20855,1801.911
2042,21,0,0,9,3,0,1,1,0,0.02,0.30364,92.632
2043,158,2,2,44,19,3,1,1,0,0.02,0.21311,795.044
2044,16,1,1,4,2,1,1,1,0,0.02,0.29158,68.672
2045,19,1,1,6,2,1,1,1,0,0.02,1.72075,49.438
2046,400,7,7,63,37,4,0,0,1,0.02,0.20448,2136.885
2047,400,5,5,79,36,5,0,0,1,0.02,0.20009,2139.972
2048,400,7,7,78,45,8,0,0,1,0.02,0.26164,2136.535
2049,397,3,3,48,31,7,1,1,0,0.02,0.17421,2100.447
2050,400,5,5,48,46,9,0,0,1,0.02,0.21601,2171.243
2051,400,5,5,51,53,5,0,0,1,0.02,0.22722,2109.429
2052,117,4,4,31,14,3,1,1,0,0.02,0.28571,632.914
2053,20,0,0,6,3,1,1,1,0,0.02,1.06427,9.848
2054,153,0,0,12,21,7,1,1,0,0.02,0.19959,766.603
2055,400,2,2,36,55,10,0,0,1,0.02,0.20982,2075.413
2056,380,3,3,81,49,8,1,1,0,0.02,0.20608,2004.718
2057,20,0,0,5,3,1,1,1,0,0.02,0.2256,60.336
2058,400,2,2,42,54,6,0,0,1,0.02,0.20088,2085.59
2059,53,0,0,8,7,1,1,1,0,0.02,0.20901,258.115
2060,400,1,1,28,51,7,0,0,1,0.02,0.17581,2078.272
2061,354,1,1,29,45,3,1,1,0,0.02,0.23647,1812.894
2062,13,0,0,4,2,1,1,1,0,0.02,0.65397,48.649
2063,296,4,4,47,37,6,1,1,0,0.02,0.21981,1541.614
2064,273,1,1,23,36,8,1,1,0,0.02,0.1919,1389.283
2065,17,1,1,6,2,2,1,1,0,0.02,0.33809,48.709
2066,45,0,0,6,6,0,1,1,0,0.02,0.18757,213.786
2067,400,2,2,40,52,6,0,0,1,0.02,0.19043,2081.15
2068,400,6,6,68,53,6,0,0,1,0.02,0.2103,2119.331
2069,220,5,5,43,28,2,1,1,0,0.02,0.22489,1170.381
2070,90,2,2,16,11,3,1,1,0,0.02,0.20879,465.342
2071,268,7,7,69,32,1,1,1,0,0.02,0.20024,1439.525
2072,337,3,3,32,45,4,1,1,0,0.02,0.17065,1752.334
2073,143,2,2,32,19,4,1,1,0,0.02,0.21352,740.205
2074,400,1,1,35,56,6,0,0,1,0.02,0.15829,2073.501
2075,400,1,1,18,56,4,0,0,1,0.02,0.13043,2058.239
2076,400,3,3,44,54,10,0,0,1,0.02,0.23047,2074.007
2077,400,5,5,73,52,8,0,0,1,0.02,0.24156,2107.102
2078,192,4,4,48,24,3,1,1,0,0.02,0.19695,1007.103
2079,387,4,4,57,51,7,1,1,0,0.02,0.2029,2029.987
2080,129,3,3,42,16,5,1,1,0,0.02,0.235,676.142
2081,400,5,5,72,47,5,0,0,1,0.02,0.24357,2113.971
2082,69,1,1,26,9,2,1,1,0,0.02,0.25649,349.501
2083,45,0,0,14,6,2,1,1,0,0.02,0.24586,214.208
2084,6,0,0,2,1,1,1,1,0,0.02,0.19039,9.478
2085,400,7,7,85,44,4,1,1,0,0.02,0.24511,2116.433
2086,400,9,9,82,46,11,0,0,1,0.02,0.23093,2170.951
2087,400,6,6,94,42,5,0,0,1,0.02,0.25073,2130.783
2088,204,4,4,53,25,5,1,1,0,0.02,0.22622,1092.89
2089,69,1,1,18,9,3,1,1,0,0.02,0.53468,353.077
2090,400,2,2,61,40,1,0,0,1,0.02,0.18674,2077.336
2091,400,3,3,50,54,5,0,0,1,0.02,0.19681,2120.068
2092,311,5,5,66,40,3,1,1,0,0.02,0.19995,1654.645
2093,135,3,3,35,17,2,1,1,0,0.02,0.34607,693.452
2094,284,6,6,72,36,4,1,1,0,0.02,0.27538,1519.378
2095,124,1,1,26,17,4,1,1,0,0.02,0.17591,643.778
2096,5,0,0,2,1,2,1,1,0,0.02,0.11124,4.752
2097,201,2,2,48,27,4,1,1,0,0.02,0.2185,1025.152
2098,295,2,2,42,40,5,1,1,0,0.02,0.20479,1538.805
2099,400,5,5,62,50,4,0,0,1,0.02,0.20172,2163.463
2100,400,3,3,34,54,3,0,0,1,0.02,0.20255,2106.985
2101,307,2,2,14,38,2,1,1,0,0.02,0.14202,1602.056
2102,400,1,1,12,50,8,0,0,1,0.02,0.14459,2075.082
2103,218,1,1,20,27,3,1,1,0,0.02,0.18041,1116.311
2104,179,0,0,9,24,3,1,1,0,0.02,0.15923,898.922
2105,99,0,0,12,13,2,1,1,0,0.02,0.16606,489.15
2106,342,0,0,14,46,3,1,1,0,0.02,0.13622,1715.838
2107,270,0,0,5,36,2,1,1,0,0.02,0.12689,1354.699
2108,257,1,1,36,34,3,1,1,0,0.02,0.17966,1304.488
2109,378,5,5,76,49,6,1,1,0,0.02,0.17299,1982.526
2110,83,3,3,18,10,0,1,1,0,0.02,0.18186,432.09
2111,400,7,7,73,52,2,0,0,1,0.02,0.19083,2114.811
2112,120,2,2,30,16,2,1,1,0,0.02,0.32724,542.443
2113,393,1,1,21,55,2,1,1,0,0.02,0.1141,2003.019
2114,27,0,0,9,4,0,1,1,0,0.02,0.16211,119.576
2115,64,0,0,8,9,3,1,1,0,0.02,0.14152,304.096
2116,400,5,5,39,53,3,0,0,1,0.02,0.17072,2060.513
2117,400,1,1,17,56,1,0,0,1,0.02,0.12454,2035.187
2118,42,0,0,11,6,2,1,1,0,0.02,0.53667,196.238
2119,86,0,0,9,12,0,1,1,0,0.02,0.12474,389.89
2120,44,1,1,12,6,1,1,1,0,0.02,0.22718,213.448
2121,376,0,0,7,51,3,1,1,0,0.02,0.1119,1880.547
2122,120,1,1,12,15,0,1,1,0,0.02,0.12005,595.838
2123,400,3,3,33,54,6,0,0,1,0.02,0.15734,2033.501
2124,46,1,1,10,6,3,1,1,0,0.02,0.75244,147.026
2125,145,4,4,25,17,2,1,1,0,0.02,0.34208,690.746
2126,400,3,3,32,52,3,0,0,1,0.02,0.14013,2051.148
2127,126,3,3,14,15,1,1,1,0,0.02,0.18424,638.289
2128,49,2,2,11,6,1,1,1,0,0.02,0.20562,245.927
2129,217,1,1,10,27,1,1,1,0,0.02,0.10621,1082.895
2130,400,5,5,51,50,7,0,0,1,0.02,0.24413,2049.862
2131,400,0,0,7,52,2,0,0,1,0.02,0.09784,1998.657
2132,184,0,0,8,25,4,1,1,0,0.02,0.10976,891.892
2133,110,1,1,23,15,1,1,1,0,0.02,0.17976,540.628
2134,400,5,5,72,48,7,0,0,1,0.02,0.24308,2087.862
2135,224,1,1,8,31,3,1,1,0,0.02,0.12644,1104.591
2136,400,1,1,27,54,4,0,0,1,0.02,0.15948,1995.732
2137,148,2,2,28,19,3,1,1,0,0.02,0.19625,744.874
2138,54,1,1,7,7,0,1,1,0,0.02,0.13821,258.051
2139,122,1,1,9,16,3,1,1,0,0.02,0.14727,596.736
2140,400,2,2,28,52,4,0,0,1,0.02,0.15836,1996.325
2141,66,0,0,8,9,6,1,1,0,0.02,0.16244,281.083
2142,400,1,1,28,54,6,0,0,1,0.02,0.15183,1986.697
2143,35,0,0,11,5,1,1,1,0,0.02,0.224,158.482
2144,30,1,1,9,4,3,1,1,0,0.02,1.46117,87.409
2145,400,2,2,27,53,5,0,0,1,0.02,0.19006,1987.835
2146,82,2,2,21,10,2,1,1,0,0.02,0.52891,330.427
2147,55,0,0,9,7,0,1,1,0,0.02,0.14316,255.287
2148,400,4,4,65,46,5,0,0,1,0.02,0.22918,2033.152
2149,368,4,4,57,44,3,1,1,0,0.02,0.20088,1867.731
2150,13,0,0,4,2,1,1,1,0,0.02,1.80338,-29.116
2151,400,1,1,38,49,5,0,0,1,0.02,0.16545,1997.306
2152,37,0,0,7,5,2,1,1,0,0.02,0.33689,111.84
2153,400,3,3,33,39,10,0,0,1,0.02,0.16874,1987.482
2154,400,1,1,36,49,9,0,0,1,0.02,0.16174,1970.393
2155,48,0,0,11,7,0,1,1,0,0.02,0.18265,219.895
2156,400,1,1,33,56,2,0,0,1,0.02,0.18974,1979.669
2157,400,5,5,72,48,9,0,0,1,0.02,0.23104,2053.304
2158,373,2,2,50,45,6,1,1,0,0.02,0.27451,1761.876
2159,60,0,0,10,8,1,1,1,0,0.02,0.2723,252.72
2160,292,2,2,38,33,3,1,1,0,0.02,0.17128,1429.587
2161,400,0,0,10,48,9,0,0,1,0.02,0.17393,1984.925
2162,129,3,3,25,11,5,1,1,0,0.02,0.19389,605.298
2163,400,3,3,63,51,7,0,0,1,0.02,0.2503,2016.711
2164,280,5,5,36,33,11,1,1,0,0.02,0.27171,1331.778
2165,400,1,1,39,54,6,0,0,1,0.02,0.17175,1975.911
2166,155,2,2,17,17,2,1,1,0,0.02,0.1808,799.901
2167,345,0,0,36,46,4,1,1,0,0.02,0.25186,1635.789
2168,20,0,0,4,3,1,1,1,0,0.02,1.24349,2.06
2169,400,4,4,57,50,1,0,0,1,0.02,0.26749,2020.618
2170,46,0,0,7,6,3,1,1,0,0.02,0.22728,207.32
2171,185,0,0,12,26,2,1,1,0,0.02,0.24064,897.882
2172,400,0,0,38,50,2,0,0,1,0.02,0.20144,1969.496
2173,400,2,2,27,54,6,0,0,1,0.02,0.15186,1974.908
2174,197,1,1,21,26,7,1,1,0,0.02,0.169,958.858
2175,175,2,2,38,24,4,1,1,0,0.02,0.22212,856.318
2176,130,2,2,26,15,3,1,1,0,0.02,0.16331,648.031
2177,30,0,0,9,4,1,1,1,0,0.02,0.55477,103.565
2178,43,0,0,14,6,1,1,1,0,0.02,0.18647,193.95
2179,249,1,1,13,34,3,1,1,0,0.02,0.14274,1195.133
2180,240,3,3,39,31,2,1,1,0,0.02,0.23359,1142.15
2181,363,3,3,34,45,4,1,1,0,0.02,0.1557,1792.555
2182,400,3,3,50,43,3,0,0,1,0.02,0.17752,1970.554
2183,400,1,1,20,55,9,0,0,1,0.02,0.18836,1949.076
2184,118,1,1,20,14,4,1,1,0,0.02,0.16348,566.534
2185,7,0,0,2,1,0,1,1,0,0.02,0.20316,13.601
2186,145,3,3,30,15,4,1,1,0,0.02,0.19238,730.147
2187,310,5,5,53,38,7,1,1,0,0.02,0.20209,1551.588
2188,400,1,1,26,56,4,0,0,1,0.02,0.16155,1955.761
2189,329,4,4,38,40,1,1,1,0,0.02,0.18505,1620.549
2190,400,3,3,64,49,2,0,0,1,0.02,0.16496,1985.061
2191,400,1,1,30,50,2,0,0,1,0.02,0.15769,1944.988
2192,128,2,2,10,17,0,1,1,0,0.02,0.16456,619.532
2193,107,0,0,15,15,1,1,1,0,0.02,0.14296,497.27
2194,400,1,1,25,47,6,0,0,1,0.02,0.17778,1934.336
2195,382,3,3,49,46,3,1,1,0,0.02,0.16115,1868.073
2196,108,0,0,14,14,2,1,1,0,0.02,0.17571,503.542
2197,29,0,0,4,4,0,1,1,0,0.02,0.16069,123.294
2198,195,0,0,6,28,3,1,1,0,0.02,0.28092,883.753
2199,207,0,0,32,28,4,1,1,0,0.02,0.13222,986.22
2200,400,3,3,47,53,8,0,0,1,0.02,0.16765,1966.821
2201,336,6,6,70,37,5,1,1,0,0.02,0.18811,1693.59
2202,59,2,2,19,6,2,1,1,0,0.02,0.35219,294.657
2203,400,1,1,33,41,3,0,0,1,0.02,0.15203,1939.213
2204,400,4,4,54,47,7,0,0,1,0.02,0.19429,1996.962
2205,400,0,0,40,51,2,0,0,1,0.02,0.20172,1930.962
2206,261,4,4,28,25,3,1,1,0,0.02,0.14843,1306.76
2207,7,0,0,3,1,0,1,1,0,0.02,0.19237,13.333
2208,400,3,3,27,45,2,0,0,1,0.02,0.17647,1970.685
2209,400,6,6,58,41,2,0,0,1,0.02,0.164,2067.235
2210,396,0,0,17,51,4,1,1,0,0.02,0.18357,1885.338
2211,88,0,0,11,12,3,1,1,0,0.02,0.16132,404.762
2212,14,0,0,4,2,0,1,1,0,0.02,1.09103,48.386
2213,117,1,1,12,14,8,1,1,0,0.02,0.378,469.6
2214,207,2,2,52,26,3,1,1,0,0.02,0.17029,1007.774
2215,388,5,5,60,35,5,1,1,0,0.02,0.17517,1909.035
2216,178,2,2,28,15,2,1,1,0,0.02,0.14239,858.542
2217,17,0,0,3,2,5,1,1,0,0.02,0.22149,59.938
2218,400,5,5,57,38,4,0,0,1,0.02,0.17002,1968.984
2219,37,1,1,7,4,3,1,1,0,0.02,0.29908,170.115
2220,400,2,2,30,51,1,0,0,1,0.02,0.16005,1930.696
2221,58,1,1,11,7,1,1,1,0,0.02,0.14839,247.924
2222,400,1,1,28,50,11,0,0,1,0.02,0.1379,1912.586
2223,224,3,3,47,23,4,1,1,0,0.02,0.18455,1071.751
2224,231,4,4,43,27,5,1,1,0,0.02,0.19351,1146.517
2225,312,0,0,23,38,3,1,1,0,0.02,0.14274,1478.341
2226,400,5,5,77,35,13,0,0,1,0.02,0.21314,1988.935
2227,43,0,0,7,6,3,1,1,0,0.02,0.6149,114.166
2228,164,2,2,13,20,3,1,1,0,0.02,0.27055,707.586
2229,400,4,4,24,46,9,0,0,1,0.02,0.1951,1976.808
2230,390,2,2,39,49,11,1,1,0,0.02,0.22148,1793.272
2231,31,0,0,6,4,0,1,1,0,0.02,1.0038,53.914
2232,82,0,0,15,11,3,1,1,0,0.02,0.34543,326.294
2233,40,0,0,6,6,0,1,1,0,0.02,0.46156,124.038
2234,400,0,0,15,54,7,0,0,1,0.02,0.16405,1909.674
2235,13,0,0,4,2,2,1,1,0,0.02,2.07485,-5.249
2236,13,0,0,5,2,1,1,1,0,0.02,0.42343,43.114
2237,78,0,0,12,10,2,1,1,0,0.02,0.47593,306.886
2238,133,0,0,15,18,5,1,1,0,0.02,0.27742,534.805
2239,278,3,3,32,37,3,1,1,0,0.02,0.19205,1346.533
2240,56,1,1,10,7,2,1,1,0,0.02,0.14595,234.146
2241,315,0,0,16,42,2,1,1,0,0.02,0.20364,1435.882
2242,36,0,0,6,5,2,1,1,0,0.02,0.14961,150.738
2243,66,0,0,10,9,2,1,1,0,0.02,0.47545,216.144
2244,270,3,3,34,35,8,1,1,0,0.02,0.19096,1267.451
2245,111,0,0,14,15,3,1,1,0,0.02,0.14899,507.984
2246,85,1,1,21,11,3,1,1,0,0.02,0.1574,399.808
2247,131,0,0,12,18,3,1,1,0,0.02,0.26368,523.881
2248,400,5,5,70,51,10,0,0,1,0.02,0.22561,1961.671
2249,381,1,1,14,51,4,1,1,0,0.02,0.09725,1764.633
2250,134,2,2,15,15,3,1,1,0,0.02,0.14649,621.489
2251,88,0,0,8,12,1,1,1,0,0.02,0.19503,390.278
2252,84,0,0,8,12,2,1,1,0,0.02,0.2813,327.948
2253,74,1,1,18,9,3,1,1,0,0.02,0.16041,346.958
2254,400,0,0,10,52,16,0,0,1,0.02,0.1583,1896.602
2255,177,1,1,22,24,3,1,1,0,0.02,0.15192,828.797
2256,291,5,5,47,29,6,1,1,0,0.02,0.18079,1458.929
2257,68,0,0,10,9,2,1,1,0,0.02,0.32915,251.413
2258,144,1,1,15,19,0,1,1,0,0.02,0.12766,668.6
2259,23,0,0,5,3,1,1,1,0,0.02,0.8108,64.279
2260,146,5,5,26,17,2,1,1,0,0.02,0.1918,717.593
2261,106,1,1,19,13,4,1,1,0,0.02,0.42932,416.765
2262,400,0,0,7,54,7,0,0,1,0.02,0.13152,1875.566
2263,106,0,0,6,15,4,1,1,0,0.02,0.1312,474.992
2264,106,1,1,22,13,3,1,1,0,0.02,0.17208,478.663
2265,400,2,2,45,52,2,0,0,1,0.02,0.15456,1913.917
2266,74,0,0,8,10,0,1,1,0,0.02,0.16363,325.513
2267,324,3,3,53,38,4,1,1,0,0.02,0.1933,1546.885
2268,400,2,2,40,51,8,0,0,1,0.02,0.16371,1920.889
2269,400,4,4,35,52,9,0,0,1,0.02,0.18188,1921.332
2270,400,1,1,40,40,2,0,0,1,0.02,0.13178,1870.409
2271,111,1,1,30,13,2,1,1,0,0.02,0.19383,515.358
2272,177,3,3,56,21,7,1,1,0,0.02,0.26096,843.763
2273,62,0,0,19,8,1,1,1,0,0.02,0.44455,278.461
2274,192,4,4,45,20,1,1,1,0,0.02,0.2518,867.006
2275,362,5,5,51,26,8,1,1,0,0.02,0.1998,1731.466
2276,400,1,1,24,42,3,0,0,1,0.02,0.16864,1886.339
2277,400,0,0,21,50,3,0,0,1,0.02,0.19265,1857.509
2278,209,2,2,18,25,1,1,1,0,0.02,0.18571,950.798
2279,400,5,5,66,36,5,0,0,1,0.02,0.20045,1961.562
2280,109,1,1,24,11,5,1,1,0,0.02,0.43744,471.695
2281,34,1,1,7,3,1,1,1,0,0.02,0.18099,161.054
2282,400,3,3,39,28,7,0,0,1,0.02,0.16584,1935.494
2283,400,1,1,27,47,5,0,0,1,0.02,0.23392,1871.311
2284,134,0,0,10,19,4,1,1,0,0.02,0.41853,557.245
2285,83,2,2,17,10,0,1,1,0,0.02,0.3607,392.879
2286,55,3,3,15,5,1,1,1,0,0.02,0.368,271.756
2287,276,2,2,50,35,8,1,1,0,0.02,0.1993,1262.508
2288,25,0,0,7,3,4,1,1,0,0.02,0.21165,95.132
2289,400,1,1,34,52,5,0,0,1,0.02,0.16254,1887.287
2290,400,3,3,42,52,6,0,0,1,0.02,0.1908,1908.658
2291,209,4,4,56,25,2,1,1,0,0.02,0.20932,1029.294
2292,178,0,0,7,25,2,1,1,0,0.02,0.13069,806.853
2293,6,0,0,2,1,1,1,1,0,0.02,0.11795,6.669
2294,293,4,4,42,36,6,1,1,0,0.02,0.17562,1394.523
2295,190,3,3,44,24,1,1,1,0,0.02,0.15916,904.974
2296,189,2,2,17,24,4,1,1,0,0.02,0.14404,871.487
2297,400,5,5,68,53,5,0,0,1,0.02,0.22419,1923.07
2298,20,0,0,7,3,1,1,1,0,0.02,0.61129,25.11
2299,400,5,5,54,36,0,0,0,1,0.02,0.20006,1907.96
2300,14,0,0,5,2,1,1,1,0,0.02,0.14844,44.863
2301,13,0,0,5,2,2,1,1,0,0.02,1.77639,-7.186
2302,15,0,0,3,2,3,1,1,0,0.02,1.27974,-24.536
2303,400,8,8,54,36,11,0,0,1,0.02,0.20189,1938.285
2304,50,0,0,7,7,1,1,1,0,0.02,0.13171,212.401
2305,95,0,0,17,13,2,1,1,0,0.02,0.35805,423.942
2306,175,1,1,31,18,3,1,1,0,0.02,0.1876,844.334
2307,400,2,2,38,55,3,0,0,1,0.02,0.15371,1883.406
2308,181,1,1,24,24,2,1,1,0,0.02,0.18513,836.784
2309,213,1,1,9,29,2,1,1,0,0.02,0.15651,931.354
2310,255,0,0,21,36,4,1,1,0,0.02,0.24844,1088.571
2311,275,2,2,31,37,5,1,1,0,0.02,0.17326,1249.869
2312,400,2,2,37,55,2,0,0,1,0.02,0.13217,1879.25
2313,97,0,0,9,14,0,1,1,0,0.02,0.12037,427.669
2314,28,0,0,10,4,1,1,1,0,0.02,1.14924,36.764
2315,169,1,1,20,22,5,1,1,0,0.02,0.1566,779.727
2316,324,4,4,57,42,12,1,1,0,0.02,0.17662,1536.593
2317,5,0,0,3,1,2,1,1,0,0.02,0.7435,2.087
2318,80,2,2,28,10,1,1,1,0,0.02,0.35792,346.521
2319,378,2,2,22,52,0,1,1,0,0.02,0.14891,1761.314
2320,27,0,0,4,4,0,1,1,0,0.02,0.11621,103.632
2321,13,0,0,4,2,0,1,1,0,0.02,0.26633,41.293
2322,372,2,2,21,52,3,1,1,0,0.02,0.16744,1695.167
2323,217,1,1,10,27,3,1,1,0,0.02,0.19621,1008.428
2324,13,0,0,4,2,2,1,1,0,0.02,0.34922,17.424
2325,37,0,0,6,5,0,1,1,0,0.02,0.11586,152.856
2326,51,1,1,13,6,3,1,1,0,0.02,0.1917,233.643
2327,68,0,0,10,9,1,1,1,0,0.02,0.13764,296.849
2328,126,1,1,9,17,1,1,1,0,0.02,0.1406,550.957
2329,13,0,0,2,2,2,1,1,0,0.02,1.97554,-7.248
2330,189,0,0,3,27,1,1,1,0,0.02,0.19024,765.591
2331,35,1,1,7,4,1,1,1,0,0.02,0.6899,74.281
2332,364,0,0,9,51,3,1,1,0,0.02,0.18743,1572.853
2333,400,2,2,30,51,4,0,0,1,0.02,0.14404,1858.772
2334,71,0,0,18,10,2,1,1,0,0.02,0.17227,288.269
2335,48,0,0,8,7,2,1,1,0,0.02,0.1466,174.201
2336,400,1,1,11,54,5,0,0,1,0.02,0.17688,1836.748
2337,54,1,1,14,7,0,1,1,0,0.02,0.17622,240.782
2338,400,1,1,38,52,6,0,0,1,0.02,0.24073,1865.864
2339,221,0,0,10,27,4,1,1,0,0.02,0.18966,938.664
2340,35,0,0,9,5,2,1,1,0,0.02,0.1925,142.754
2341,400,2,2,26,48,11,0,0,1,0.02,0.17256,1877.308
2342,400,4,4,52,50,12,0,0,1,0.02,0.2064,1877.655
2343,207,2,2,29,27,5,1,1,0,0.02,0.19787,948.207
2344,252,3,3,16,32,1,1,1,0,0.02,0.19966,1135.551
2345,229,2,2,28,23,1,1,1,0,0.02,0.13793,1042.399
2346,20,0,0,5,3,2,1,1,0,0.02,0.15452,70.676
2347,369,3,3,32,43,9,1,1,0,0.02,0.15917,1698.359
2348,249,3,3,39,22,7,1,1,0,0.02,0.2652,1093.122
2349,61,1,1,14,7,3,1,1,0,0.02,0.18025,265.877
2350,5,0,0,2,1,1,1,1,0,0.02,4.45164,-70.402
2351,400,5,5,43,32,8,0,0,1,0.02,0.17394,1869.568
2352,191,2,2,11,23,5,1,1,0,0.02,0.22033,869.928
2353,93,0,0,11,12,2,1,1,0,0.02,0.15492,405.268
2354,90,0,0,4,11,2,1,1,0,0.02,0.25889,364.899
2355,125,1,1,22,14,1,1,1,0,0.02,0.17917,558.729
2356,266,2,2,31,32,6,1,1,0,0.02,0.18327,1210.606
2357,130,1,1,15,16,5,1,1,0,0.02,0.21257,592.533
2358,149,5,5,27,16,3,1,1,0,0.02,0.33321,697.788
2359,400,1,1,8,56,3,0,0,1,0.02,0.14837,1823.553
2360,78,1,1,14,10,3,1,1,0,0.02,0.17039,342.026
2361,13,0,0,4,2,1,1,1,0,0.02,0.33695,38.712
2362,400,2,2,22,50,2,0,0,1,0.02,0.1419,1851.429
2363,37,0,0,8,5,1,1,1,0,0.02,0.13498,149.189
2364,39,1,1,7,5,0,1,1,0,0.02,0.37958,144.645
2365,35,0,0,10,4,0,1,1,0,0.02,0.15268,141.498
2366,18,1,1,4,2,1,1,1,0,0.02,0.87173,17.604
2367,400,3,3,60,34,4,0,0,1,0.02,0.20465,1848.66
2368,96,0,0,11,10,1,1,1,0,0.02,0.11545,412.832
2369,400,2,2,32,43,9,0,0,1,0.02,0.18436,1815.438
2370,400,5,5,53,38,3,0,0,1,0.02,0.16523,1891.122
2371,356,3,3,37,35,4,1,1,0,0.02,0.15325,1563.951
2372,86,1,1,13,9,2,1,1,0,0.02,0.14754,402.057
2373,64,0,0,6,9,3,1,1,0,0.02,0.0951,266.698
2374,289,5,5,64,36,3,1,1,0,0.02,0.21242,1291.534
2375,69,0,0,14,9,4,1,1,0,0.02,0.17261,271.133
2376,106,2,2,26,12,4,1,1,0,0.02,0.34672,446.542
2377,49,0,0,7,7,0,1,1,0,0.02,0.57489,128.864
2378,51,1,1,8,7,1,1,1,0,0.02,0.6167,141.327
2379,173,4,4,41,21,4,1,1,0,0.02,0.20322,812.878
2380,25,1,1,5,3,3,1,1,0,0.02,0.80176,28.929
2381,135,2,2,25,15,3,1,1,0,0.02,0.14459,632.42
2382,75,1,1,10,10,1,1,1,0,0.02,0.16009,335.418
2383,133,2,2,25,17,2,1,1,0,0.02,0.16172,612.51
2384,277,2,2,25,37,6,1,1,0,0.02,0.20803,1237.237
2385,400,2,2,32,55,3,0,0,1,0.02,0.13295,1835.253
2386,400,6,6,63,49,2,0,0,1,0.02,0.24125,1893.327
2387,400,2,2,45,53,3,0,0,1,0.02,0.17668,1830.322
2388,6,0,0,1,1,1,1,1,0,0.02,1.49373,-16.466
2389,22,1,1,8,2,0,1,1,0,0.02,0.71664,73.644
2390,400,0,0,6,57,3,0,0,1,0.02,0.12364,1796.645
2391,308,0,0,7,39,2,1,1,0,0.02,0.15982,1307.204
2392,400,2,2,18,49,0,0,0,1,0.02,0.11369,1828.191
2393,23,1,1,4,3,1,1,1,0,0.02,0.5039,68.14
2394,69,0,0,5,10,1,1,1,0,0.02,0.11787,266.475
2395,58,0,0,10,8,3,1,1,0,0.02,0.25034,245.023
2396,209,0,0,8,27,8,1,1,0,0.02,0.13461,921.531
2397,218,1,1,13,28,1,1,1,0,0.02,0.25764,917.18
2398,6,0,0,3,1,0,1,1,0,0.02,0.18932,6.739
2399,393,0,0,16,54,6,1,1,0,0.02,0.15118,1723.053
2400,29,0,0,10,4,1,1,1,0,0.02,0.53917,90.925
2401,100,1,1,18,13,1,1,1,0,0.02,0.31588,398.264
2402,126,1,1,13,17,1,1,1,0,0.02,0.12757,556.54
2403,101,0,0,7,14,3,1,1,0,0.02,0.15252,428.849
2404,149,1,1,21,20,6,1,1,0,0.02,0.13964,653.778
2405,28,1,1,6,3,5,1,1,0,0.02,0.42236,70.193
2406,195,1,1,22,26,2,1,1,0,0.02,0.14529,839.741
2407,400,0,0,19,55,0,0,0,1,0.02,0.09479,1796.343
2408,93,1,1,24,12,3,1,1,0,0.02,0.18037,409.354
2409,5,0,0,3,1,1,1,1,0,0.02,2.35135,-72.471
2410,45,0,0,14,6,1,1,1,0,0.02,0.16273,184.949
2411,123,0,0,17,17,0,1,1,0,0.02,0.12263,530.929
2412,254,1,1,21,34,2,1,1,0,0.02,0.18074,1120.471
2413,256,1,1,21,32,5,1,1,0,0.02,0.20331,1077.702
2414,137,2,2,17,16,1,1,1,0,0.02,0.17494,555.594
2415,20,0,0,7,3,1,1,1,0,0.02,0.12148,47.055
2416,181,2,2,38,20,5,1,1,0,0.02,0.28956,739.69
2417,400,3,3,36,42,5,0,0,1,0.02,0.15647,1807.793
2418,350,1,1,22,41,5,1,1,0,0.02,0.15739,1526.648
2419,291,1,1,47,37,7,1,1,0,0.02,0.19842,1294.616
2420,114,2,2,28,12,3,1,1,0,0.02,0.2906,520.914
2421,400,6,6,66,37,6,0,0,1,0.02,0.235,1858.367
2422,182,1,1,36,23,0,1,1,0,0.02,0.14346,806.991
2423,158,3,3,33,19,2,1,1,0,0.02,0.46306,640.209
2424,38,0,0,8,5,1,1,1,0,0.02,0.12752,151.989
2425,400,5,5,51,48,1,0,0,1,0.02,0.16464,1855.946
2426,400,6,6,70,41,4,0,0,1,0.02,0.21479,1961.076
2427,400,3,3,45,53,5,0,0,1,0.02,0.19803,1834.516
2428,97,1,1,14,12,11,1,1,0,0.02,0.37285,370.58
2429,49,0,0,15,7,1,1,1,0,0.02,0.12445,202.729
2430,175,1,1,17,23,3,1,1,0,0.02,0.15238,784.196
2431,400,2,2,35,53,0,0,0,1,0.02,0.16955,1813.676
2432,268,6,6,36,28,4,1,1,0,0.02,0.20957,1293.162
2433,400,2,2,27,55,2,0,0,1,0.02,0.17464,1820.488
2434,400,2,2,16,49,8,0,0,1,0.02,0.15443,1808.254
2435,198,1,1,15,25,3,1,1,0,0.02,0.17737,869.663
2436,6,0,0,3,1,1,1,1,0,0.02,0.22037,6.129
2437,400,4,4,28,49,3,0,0,1,0.02,0.13763,1819.446
2438,258,1,1,13,35,6,1,1,0,0.02,0.12474,1134.341
2439,20,0,0,6,3,0,1,1,0,0.02,0.61004,-3.809
2440,14,0,0,4,2,0,1,1,0,0.02,0.11686,43.942
2441,400,6,6,42,48,3,0,0,1,0.02,0.17153,1839.272
2442,400,1,1,38,52,6,0,0,1,0.02,0.17548,1796.251
2443,337,3,3,29,44,4,1,1,0,0.02,0.14741,1521.341
2444,131,3,3,25,12,5,1,1,0,0.02,0.18435,635.485
2445,215,1,1,23,27,4,1,1,0,0.02,0.12992,944.343
2446,78,2,2,14,10,1,1,1,0,0.02,0.36423,351.474
2447,88,1,1,20,12,4,1,1,0,0.02,0.55659,335.64
2448,28,0,0,6,4,1,1,1,0,0.02,0.13907,105.976
2449,41,1,1,12,6,5,1,1,0,0.02,1.06977,118.922
2450,400,1,1,27,55,7,0,0,1,0.02,0.19044,1790.051
2451,185,2,2,21,25,1,1,1,0,0.02,0.20246,836.911
2452,45,1,1,8,5,3,1,1,0,0.02,0.67086,150.59
2453,98,4,4,30,11,1,1,1,0,0.02,0.26863,443.073
2454,400,1,1,30,56,5,0,0,1,0.02,0.11569,1773.027
2455,13,0,0,8,2,1,1,1,0,0.02,0.30895,39.086
2456,163,6,6,35,18,1,1,1,0,0.02,0.42709,728.447
2457,354,2,2,41,47,6,1,1,0,0.02,0.14791,1548.054
2458,400,3,3,29,53,2,0,0,1,0.02,0.13978,1795.857
2459,400,2,2,45,54,8,0,0,1,0.02,0.16499,1785.926
2460,120,2,2,42,14,5,1,1,0,0.02,0.22686,513.829
2461,97,2,2,26,11,2,1,1,0,0.02,0.26031,430.887
2462,400,4,4,68,51,5,0,0,1,0.02,0.18882,1825.621
2463,400,3,3,42,49,6,0,0,1,0.02,0.16786,1792.314
2464,400,4,4,43,52,8,0,0,1,0.02,0.22676,1802.768
2465,149,0,0,37,18,5,1,1,0,0.02,0.19965,646.229
2466,21,0,0,10,3,0,1,1,0,0.02,0.16348,74.091
2467,177,4,4,51,17,4,1,1,0,0.02,0.2308,813.39
2468,371,2,2,61,48,7,1,1,0,0.02,0.23225,1640.483
2469,41,1,1,13,5,2,1,1,0,0.02,0.22253,171.6
2470,366,5,5,45,45,2,1,1,0,0.02,0.25294,1623.527
2471,296,0,0,14,38,5,1,1,0,0.02,0.09699,1289.018
2472,86,0,0,21,12,1,1,1,0,0.02,0.16443,364.413
2473,68,2,2,17,8,0,1,1,0,0.02,0.35664,287.916
2474,41,0,0,6,6,1,1,1,0,0.02,0.12909,161.254
2475,27,0,0,9,4,1,1,1,0,0.02,0.70531,52.187
2476,372,3,3,38,50,9,1,1,0,0.02,0.16516,1652.08
2477,378,3,3,41,51,2,1,1,0,0.02,0.15248,1690.21
2478,37,0,0,12,5,0,1,1,0,0.02,0.18813,146.908
2479,69,1,1,12,9,0,1,1,0,0.02,0.17912,297.884
2480,34,0,0,6,5,1,1,1,0,0.02,0.28487,130.087
2481,15,0,0,1,2,1,1,1,0,0.02,0.14016,45.996
2482,157,2,2,26,21,1,1,1,0,0.02,0.16931,669.625
2483,13,0,0,5,2,1,1,1,0,0.02,0.13467,38.413
2484,399,3,3,40,54,1,1,1,0,0.02,0.14653,1773.682
2485,163,3,3,31,21,3,1,1,0,0.02,0.19855,738.106
2486,73,0,0,16,10,2,1,1,0,0.02,0.15439,304.34
2487,400,2,2,54,53,4,0,0,1,0.02,0.20553,1793.22
2488,55,2,2,12,6,2,1,1,0,0.02,0.20357,217.736
2489,35,0,0,11,5,1,1,1,0,0.02,0.14573,137.832
2490,6,0,0,2,1,1,1,1,0,0.02,1.74421,-59.296
2491,92,2,2,22,12,1,1,1,0,0.02,0.3833,332.032
2492,21,0,0,6,3,1,1,1,0,0.02,0.156,74.262
2493,49,0,0,10,7,2,1,1,0,0.02,0.15367,199.625
2494,38,1,1,13,5,1,1,1,0,0.02,0.48455,111.253
2495,107,1,1,18,15,3,1,1,0,0.02,0.37174,389.288
2496,186,1,1,11,26,2,1,1,0,0.02,0.27592,771.542
2497,217,0,0,20,29,3,1,1,0,0.02,0.16834,946.998
2498,91,0,0,11,12,0,1,1,0,0.02,0.18398,388.053
2499,371,0,0,14,47,5,1,1,0,0.02,0.12062,1624.645
2500,288,1,1,14,37,2,1,1,0,0.02,0.10738,1263.184
