round,steps,score,coins,crates,bombs,invalid,killed_self,got_killed,survived,epsilon,mean_abs_td,total_reward
1,26,0,0,2,1,12,1,1,0,1.0,0.90018,-21.688
2,5,0,0,1,1,1,1,1,0,0.9995,3.968,-19.84
3,14,0,0,3,1,4,1,1,0,0.999,1.34003,-18.663
4,22,0,0,3,1,15,1,1,0,0.9985,0.89032,-23.829
5,14,0,0,6,1,9,1,1,0,0.998,0.9388,-19.978
6,6,0,0,0,1,1,1,1,0,0.9976,3.13917,-18.805
7,5,0,0,3,1,2,1,1,0,0.9971,3.9188,-20.035
8,9,0,0,1,1,3,1,1,0,0.9966,2.08286,-18.175
9,7,0,0,3,1,4,1,1,0,0.9961,2.50957,-18.15
10,12,0,0,2,1,6,1,1,0,0.9956,1.53848,-19.32
11,25,0,0,2,1,14,1,1,0,0.9951,0.71397,-21.671
12,9,0,0,3,1,4,1,1,0,0.9946,1.306,-17.287
13,9,0,0,4,1,3,1,1,0,0.9941,1.45327,-17.899
14,11,0,0,3,1,7,1,1,0,0.9936,1.57022,-19.171
15,14,0,0,2,1,7,1,1,0,0.9931,1.44044,-21.911
16,6,0,0,3,1,4,1,1,0,0.9927,2.1809,-18.05
17,19,0,0,6,1,11,1,1,0,0.9922,0.89528,-20.113
18,10,0,0,4,1,8,1,1,0,0.9917,1.86854,-21.77
19,11,0,0,3,1,7,1,1,0,0.9912,1.58633,-18.92
20,7,0,0,4,1,3,1,1,0,0.9907,2.64527,-19.585
21,6,0,0,2,1,3,1,1,0,0.9902,3.15193,-20.475
22,7,0,0,3,1,3,1,1,0,0.9897,1.74249,-17.335
23,6,0,0,3,1,4,1,1,0,0.9892,3.04228,-20.385
24,5,0,0,3,1,3,1,1,0,0.9887,3.63199,-20.02
25,8,0,0,3,1,4,1,1,0,0.9882,1.63959,-20.303
26,15,0,0,2,1,5,1,1,0,0.9878,0.7018,-19.858
27,10,0,0,3,1,6,1,1,0,0.9873,1.31529,-20.904
28,5,0,0,2,1,3,1,1,0,0.9868,2.62754,-20.535
29,5,0,0,2,1,0,1,1,0,0.9863,3.55319,-19.22
30,7,0,0,2,1,4,1,1,0,0.9858,1.42387,-18.543
31,5,0,0,3,1,4,1,1,0,0.9853,3.77644,-20.851
32,9,0,0,4,1,3,1,1,0,0.9848,1.94207,-20.099
33,17,0,0,4,2,8,1,1,0,0.9843,1.02361,-19.916
34,29,0,0,3,1,11,1,1,0,0.9838,0.30581,-21.083
35,11,0,0,3,1,6,1,1,0,0.9833,0.83205,-21.148
36,6,0,0,2,1,4,1,1,0,0.9829,2.21983,-18.632
37,10,0,0,2,1,3,1,1,0,0.9824,0.73798,-18.553
38,22,0,0,2,1,11,1,1,0,0.9819,0.77222,-21.055
39,6,0,0,2,1,3,1,1,0,0.9814,2.22873,-18.02
40,5,0,0,3,1,3,1,1,0,0.9809,2.646,-18.42
41,10,0,0,3,1,3,1,1,0,0.9804,1.71213,-17.781
42,10,0,0,3,1,2,1,1,0,0.9799,1.12876,-17.295
43,11,0,0,6,1,4,1,1,0,0.9794,1.52526,-17.406
44,6,0,0,4,1,4,1,1,0,0.9789,1.55002,-20.407
45,8,0,0,2,1,5,1,1,0,0.9784,1.65128,-19.238
46,15,0,0,5,2,8,1,1,0,0.9779,0.75389,-18.783
47,9,0,0,2,1,7,1,1,0,0.9775,0.81803,-20.114
48,7,0,0,3,1,4,1,1,0,0.977,0.89884,-18.033
49,10,0,0,3,1,7,1,1,0,0.9765,0.64318,-19.705
50,10,0,0,3,1,4,1,1,0,0.976,1.79403,-20.922
51,6,0,0,0,1,3,1,1,0,0.9755,3.14752,-19.282
52,16,0,0,2,2,8,1,1,0,0.975,0.83977,-21.246
53,9,0,0,2,1,5,1,1,0,0.9745,1.89419,-18.585
54,6,0,0,2,1,2,1,1,0,0.974,1.95399,-17.193
55,7,0,0,2,1,2,1,1,0,0.9735,2.51002,-19.957
56,24,0,0,2,1,9,1,1,0,0.973,0.49821,-19.595
57,13,0,0,3,1,7,1,1,0,0.9726,0.89985,-18.42
58,9,0,0,4,1,5,1,1,0,0.9721,0.55183,-18.686
59,7,0,0,3,1,2,1,1,0,0.9716,1.94434,-24.068
60,5,0,0,2,1,3,1,1,0,0.9711,3.73283,-19.35
61,10,0,0,2,1,2,1,1,0,0.9706,1.12992,-24.285
62,10,0,0,3,1,5,1,1,0,0.9701,1.267,-25.944
63,9,0,0,3,1,7,1,1,0,0.9696,0.51246,-19.592
64,5,0,0,3,1,2,1,1,0,0.9691,3.02733,-24.683
65,7,0,0,3,1,4,1,1,0,0.9686,1.26462,-18.261
66,5,0,0,4,1,2,1,1,0,0.9681,2.10291,-24.095
67,7,0,0,2,1,3,1,1,0,0.9677,1.91244,-18.546
68,10,0,0,2,1,4,1,1,0,0.9672,1.2107,-17.076
69,5,0,0,3,1,1,1,1,0,0.9667,1.88402,-23.875
70,5,0,0,3,1,2,1,1,0,0.9662,1.92489,-24.395
71,5,0,0,4,1,2,1,1,0,0.9657,3.20627,-23.895
72,23,0,0,2,1,12,1,1,0,0.9652,0.856,-22.849
73,7,0,0,2,1,2,1,1,0,0.9647,2.30001,-22.37
74,5,0,0,4,1,2,1,1,0,0.9642,2.04797,-24.443
75,7,0,0,1,1,4,1,1,0,0.9637,2.33036,-26.567
76,5,0,0,4,1,1,1,1,0,0.9633,2.20146,-26.565
77,18,0,0,3,1,7,1,1,0,0.9628,0.58331,-27.222
78,9,0,0,2,1,3,1,1,0,0.9623,0.9954,-16.312
79,5,0,0,4,1,3,1,1,0,0.9618,2.67463,-27.604
80,18,0,0,4,1,10,1,1,0,0.9613,0.59279,-30.599
81,14,0,0,3,1,8,1,1,0,0.9608,1.16424,-29.342
82,5,0,0,4,1,3,1,1,0,0.9603,1.79204,-27.84
83,7,0,0,3,1,2,1,1,0,0.9598,1.1254,-16.583
84,7,0,0,4,1,2,1,1,0,0.9593,1.28698,-24.223
85,6,0,0,1,1,2,1,1,0,0.9588,1.40166,-25.886
86,7,0,0,4,1,2,1,1,0,0.9584,1.84386,-17.356
87,8,0,0,2,1,2,1,1,0,0.9579,0.91023,-22.524
88,10,0,0,2,1,7,1,1,0,0.9574,0.85775,-19.024
89,5,0,0,4,1,4,1,1,0,0.9569,3.36797,-25.428
90,15,0,0,4,2,8,1,1,0,0.9564,1.16903,-26.23
91,9,0,0,3,1,4,1,1,0,0.9559,1.22497,-27.54
92,6,0,0,2,1,1,1,1,0,0.9554,1.62285,-27.252
93,9,0,0,2,1,5,1,1,0,0.9549,1.15904,-27.103
94,5,0,0,3,1,1,1,1,0,0.9544,1.13189,-24.609
95,5,0,0,4,1,3,1,1,0,0.9539,2.26962,-27.425
96,7,0,0,3,1,4,1,1,0,0.9535,3.08394,-20.356
97,19,0,0,3,1,11,1,1,0,0.953,0.50069,-30.689
98,21,0,0,4,2,10,1,1,0,0.9525,0.72753,-29.215
99,14,0,0,4,1,4,1,1,0,0.952,0.65679,-28.552
100,14,0,0,3,1,8,1,1,0,0.9515,0.73163,-29.781
101,9,0,0,3,1,5,1,1,0,0.951,0.59344,-28.347
102,18,0,0,2,1,9,1,1,0,0.9505,0.86428,-30.935
103,12,0,0,3,1,7,1,1,0,0.95,1.22882,-29.861
104,5,0,0,4,1,3,1,1,0,0.9495,1.8385,-30.075
105,8,0,0,4,1,3,1,1,0,0.949,1.98754,-30.188
106,32,0,0,4,1,12,1,1,0,0.9486,0.5245,-19.56
107,7,0,0,2,1,3,1,1,0,0.9481,1.88435,-28.116
108,10,0,0,3,1,4,1,1,0,0.9476,1.16088,-20.215
109,7,0,0,3,1,3,1,1,0,0.9471,1.55911,-32.683
110,7,0,0,2,1,3,1,1,0,0.9466,1.92974,-30.348
111,7,0,0,3,1,2,1,1,0,0.9461,1.24845,-27.125
112,18,0,0,2,1,7,1,1,0,0.9456,0.36524,-27.716
113,30,0,0,3,1,13,1,1,0,0.9451,0.47706,-30.387
114,5,0,0,4,1,2,1,1,0,0.9446,2.67083,-32.301
115,16,0,0,2,1,8,1,1,0,0.9441,0.95577,-28.019
116,10,0,0,2,1,6,1,1,0,0.9436,1.04613,-34.243
117,7,0,0,3,1,2,1,1,0,0.9432,1.89045,-32.543
118,10,0,0,4,1,6,1,1,0,0.9427,1.40407,-30.188
119,5,0,0,3,1,0,1,1,0,0.9422,3.24657,-15.92
120,6,0,0,4,1,3,1,1,0,0.9417,2.17623,-29.336
121,5,0,0,3,1,3,1,1,0,0.9412,2.46505,-29.498
122,5,0,0,3,1,2,1,1,0,0.9407,1.38284,-33.907
123,8,0,0,3,1,2,1,1,0,0.9402,2.2044,-16.059
124,10,0,0,2,1,4,1,1,0,0.9397,1.33133,-29.891
125,6,0,0,2,1,3,1,1,0,0.9392,1.04547,-16.336
126,18,0,0,6,2,10,1,1,0,0.9387,1.14035,-17.169
127,5,0,0,1,1,1,1,1,0,0.9383,2.60254,-20.549
128,8,0,0,4,1,5,1,1,0,0.9378,0.99149,-35.169
129,9,0,0,2,1,6,1,1,0,0.9373,0.65082,-30.778
130,19,0,0,2,1,9,1,1,0,0.9368,1.00638,-19.964
131,12,0,0,4,1,6,1,1,0,0.9363,0.80943,-34.811
132,16,0,0,2,1,8,1,1,0,0.9358,0.32484,-17.973
133,8,0,0,3,1,4,1,1,0,0.9353,0.96788,-35.423
134,7,0,0,4,1,3,1,1,0,0.9348,1.08357,-29.769
135,27,0,0,5,2,9,1,1,0,0.9343,0.59363,-26.8
136,8,0,0,1,1,1,1,1,0,0.9338,2.15524,-29.424
137,8,0,0,1,1,3,1,1,0,0.9334,1.53992,-18.111
138,6,0,0,3,1,3,1,1,0,0.9329,1.50133,-15.623
139,11,0,0,5,1,4,1,1,0,0.9324,0.70907,-16.652
140,12,0,0,3,1,4,1,1,0,0.9319,1.14417,-28.954
141,7,0,0,5,1,3,1,1,0,0.9314,2.37717,-29.35
142,17,0,0,3,1,8,1,1,0,0.9309,0.21552,-17.578
143,5,0,0,4,1,2,1,1,0,0.9304,2.67866,-35.521
144,20,0,0,4,2,11,1,1,0,0.9299,0.39537,-29.857
145,7,0,0,4,1,1,1,1,0,0.9294,1.11199,-34.371
146,7,0,0,2,1,3,1,1,0,0.929,2.00199,-21.566
147,21,0,0,2,1,8,1,1,0,0.9285,0.58284,-19.33
148,9,0,0,3,1,4,1,1,0,0.928,1.59579,-36.555
149,19,0,0,2,1,8,1,1,0,0.9275,0.57606,-25.151
150,15,0,0,2,1,5,1,1,0,0.927,0.46119,-16.361
151,5,0,0,3,1,3,1,1,0,0.9265,2.68223,-36.693
152,7,0,0,2,1,3,1,1,0,0.926,1.90658,-31.176
153,6,0,0,2,1,3,1,1,0,0.9255,1.57164,-17.929
154,14,0,0,3,1,4,1,1,0,0.925,0.50815,-32.92
155,5,0,0,3,1,4,1,1,0,0.9245,1.81908,-33.354
156,6,0,0,3,1,4,1,1,0,0.9241,2.2457,-39.476
157,15,0,0,3,1,7,1,1,0,0.9236,0.97805,-31.289
158,11,0,0,2,1,4,1,1,0,0.9231,0.51407,-18.401
159,8,0,0,3,1,5,1,1,0,0.9226,0.69696,-29.606
160,20,0,0,3,1,9,1,1,0,0.9221,0.21278,-19.322
161,10,0,0,3,1,3,1,1,0,0.9216,1.8029,-17.535
162,9,0,0,4,1,4,1,1,0,0.9211,1.39622,-39.078
163,6,0,0,1,1,3,1,1,0,0.9206,1.2954,-18.298
164,10,0,0,5,1,3,1,1,0,0.9201,1.0287,-28.524
165,30,1,1,6,2,12,1,1,0,0.9196,0.57202,-20.595
166,11,0,0,3,1,2,1,1,0,0.9192,0.64685,-15.302
167,6,0,0,3,1,5,1,1,0,0.9187,1.80334,-34.296
168,5,0,0,2,1,1,1,1,0,0.9182,1.53498,-32.551
169,16,0,0,4,2,6,1,1,0,0.9177,0.44934,-27.447
170,28,0,0,3,1,13,1,1,0,0.9172,0.30049,-43.118
171,14,0,0,3,1,9,1,1,0,0.9167,0.46204,-18.059
172,14,0,0,3,1,9,1,1,0,0.9162,0.33187,-17.51
173,7,0,0,3,1,2,1,1,0,0.9157,0.93859,-28.128
174,5,0,0,3,1,3,1,1,0,0.9152,2.89592,-36.508
175,5,0,0,3,1,2,1,1,0,0.9147,3.4393,-16.544
176,6,0,0,3,1,4,1,1,0,0.9143,1.44691,-40.255
177,5,0,0,4,1,3,1,1,0,0.9138,2.95113,-39.663
178,13,0,0,2,1,5,1,1,0,0.9133,0.28792,-16.5
179,14,0,0,2,1,5,1,1,0,0.9128,0.36225,-30.925
180,6,0,0,3,1,3,1,1,0,0.9123,1.84789,-29.358
181,7,0,0,2,1,5,1,1,0,0.9118,1.18777,-25.934
182,28,0,0,5,3,11,1,1,0,0.9113,0.78146,-28.99
183,10,0,0,3,1,6,1,1,0,0.9108,0.5737,-34.831
184,16,0,0,3,1,10,1,1,0,0.9103,0.50619,-18.219
185,6,0,0,4,1,4,1,1,0,0.9098,1.19661,-40.985
186,20,0,0,2,2,10,1,1,0,0.9093,0.57705,-31.78
187,7,0,0,3,1,3,1,1,0,0.9089,0.38234,-14.978
188,18,0,0,4,1,11,1,1,0,0.9084,1.03216,-21.336
189,11,0,0,3,1,4,1,1,0,0.9079,0.65784,-29.492
190,44,0,0,8,2,16,1,1,0,0.9074,0.46459,-16.446
191,13,0,0,1,1,5,1,1,0,0.9069,0.22725,-16.415
192,6,0,0,1,1,4,1,1,0,0.9064,2.14408,-31.123
193,22,0,0,5,2,11,1,1,0,0.9059,0.73011,-38.379
194,6,0,0,2,1,4,1,1,0,0.9054,2.10253,-17.872
195,7,0,0,3,1,5,1,1,0,0.9049,1.59939,-34.466
196,11,0,0,4,1,6,1,1,0,0.9044,1.24705,-23.298
197,9,0,0,2,1,7,1,1,0,0.904,1.19538,-35.821
198,5,0,0,4,1,3,1,1,0,0.9035,2.9209,-40.253
199,10,0,0,3,1,5,1,1,0,0.903,0.1432,-15.418
200,22,0,0,2,2,12,1,1,0,0.9025,0.57788,-21.156
201,5,0,0,2,1,2,1,1,0,0.902,1.25209,-35.585
202,9,0,0,4,1,5,1,1,0,0.9015,0.56083,-36.241
203,5,0,0,3,1,1,1,1,0,0.901,1.73905,-23.383
204,20,0,0,4,2,9,1,1,0,0.9005,0.36323,-29.249
205,5,0,0,3,1,3,1,1,0,0.9,2.44553,-43.695
206,5,0,0,4,1,2,1,1,0,0.8995,2.85388,-43.208
207,10,0,0,4,1,4,1,1,0,0.8991,1.09132,-43.413
208,14,0,0,6,1,5,1,1,0,0.8986,0.2918,-20.215
209,6,0,0,3,1,5,1,1,0,0.8981,1.00484,-37.613
210,7,0,0,2,1,1,1,1,0,0.8976,1.34064,-13.97
211,25,0,0,2,1,14,1,1,0,0.8971,0.21981,-20.109
212,10,0,0,3,1,2,1,1,0,0.8966,0.75316,-13.447
213,11,0,0,4,1,6,1,1,0,0.8961,1.0779,-45.306
214,6,0,0,2,1,1,1,1,0,0.8956,0.66091,-29.504
215,5,0,0,2,1,2,1,1,0,0.8951,1.3637,-31.616
216,6,0,0,3,1,2,1,1,0,0.8946,0.99674,-29.538
217,5,0,0,2,1,2,1,1,0,0.8942,1.93698,-36.7
218,5,0,0,1,1,3,1,1,0,0.8937,4.19471,-25.087
219,16,0,0,2,1,9,1,1,0,0.8932,0.28126,-16.79
220,6,0,0,3,1,2,1,1,0,0.8927,1.77836,-43.395
221,7,0,0,2,1,3,1,1,0,0.8922,1.94716,-30.671
222,14,0,0,3,1,7,1,1,0,0.8917,0.99376,-45.982
223,16,0,0,3,1,8,1,1,0,0.8912,1.03972,-32.872
224,6,0,0,2,1,2,1,1,0,0.8907,0.83176,-17.328
225,7,0,0,2,1,3,1,1,0,0.8902,0.50779,-30.448
226,12,0,0,1,1,6,1,1,0,0.8898,0.19829,-16.006
227,15,0,0,3,1,9,1,1,0,0.8893,0.5061,-38.232
228,22,0,0,2,1,9,1,1,0,0.8888,0.58808,-43.632
229,7,0,0,2,1,5,1,1,0,0.8883,1.38941,-31.184
230,7,0,0,6,1,2,1,1,0,0.8878,1.47143,-19.607
231,13,0,0,2,1,4,1,1,0,0.8873,1.35097,-16.369
232,6,0,0,3,1,1,1,1,0,0.8868,1.01118,-13.39
233,10,0,0,3,1,7,1,1,0,0.8863,0.51659,-31.073
234,12,0,0,2,1,4,1,1,0,0.8858,0.58327,-16.434
235,13,0,0,5,2,6,1,1,0,0.8853,0.657,-27.549
236,21,0,0,5,1,9,1,1,0,0.8849,0.78105,-31.222
237,9,0,0,2,1,6,1,1,0,0.8844,0.45545,-31.076
238,12,0,0,3,1,8,1,1,0,0.8839,0.41996,-31.124
239,7,0,0,2,1,4,1,1,0,0.8834,0.65083,-30.971
240,6,0,0,3,1,3,1,1,0,0.8829,0.60943,-30.62
241,7,0,0,3,1,3,1,1,0,0.8824,0.38356,-14.547
242,8,0,0,1,1,6,1,1,0,0.8819,0.69647,-18.642
243,17,0,0,3,1,9,1,1,0,0.8814,0.20752,-31.692
244,8,0,0,3,1,2,1,1,0,0.8809,0.24273,-13.399
245,7,0,0,3,1,3,1,1,0,0.8804,0.36864,-30.005
246,9,0,0,5,1,3,1,1,0,0.88,1.84749,-15.234
247,14,0,0,1,1,8,1,1,0,0.8795,0.40228,-15.56
248,8,0,0,4,1,6,1,1,0,0.879,0.36583,-36.926
249,18,0,0,3,1,8,1,1,0,0.8785,0.70659,-15.664
250,7,0,0,2,1,4,1,1,0,0.878,0.3489,-30.997
251,6,0,0,3,1,4,1,1,0,0.8775,0.33187,-30.988
252,16,0,0,2,1,10,1,1,0,0.877,0.17209,-32.178
253,6,0,0,1,1,4,1,1,0,0.8765,1.52869,-18.044
254,7,0,0,1,1,5,1,1,0,0.876,0.46443,-38.382
255,6,0,0,2,1,4,1,1,0,0.8755,1.30193,-37.522
256,7,0,0,1,1,3,1,1,0,0.875,0.32628,-31.083
257,9,0,0,2,1,3,1,1,0,0.8746,1.53799,-39.14
258,8,0,0,2,1,3,1,1,0,0.8741,1.04004,-44.014
259,7,0,0,4,1,5,1,1,0,0.8736,0.841,-44.836
260,7,0,0,4,1,4,1,1,0,0.8731,1.2685,-46.571
261,19,0,0,4,2,7,1,1,0,0.8726,0.76371,-14.06
262,8,0,0,3,1,4,1,1,0,0.8721,0.26766,-30.36
263,15,0,0,3,1,7,1,1,0,0.8716,0.3064,-14.505
264,6,0,0,2,1,2,1,1,0,0.8711,2.36089,-21.738
265,5,0,0,4,1,2,1,1,0,0.8706,1.69119,-46.756
266,7,0,0,3,1,5,1,1,0,0.8701,0.94677,-30.714
267,11,0,0,3,1,6,1,1,0,0.8697,1.68463,-16.146
268,8,0,0,2,1,4,1,1,0,0.8692,0.18447,-30.596
269,8,0,0,2,1,4,1,1,0,0.8687,0.2296,-30.874
270,7,0,0,3,1,1,1,1,0,0.8682,1.59499,-43.432
271,8,0,0,3,1,5,1,1,0,0.8677,0.13124,-30.874
272,7,0,0,4,1,3,1,1,0,0.8672,1.42978,-48.015
273,5,0,0,2,1,1,1,1,0,0.8667,2.3969,-39.694
274,16,0,0,1,1,5,1,1,0,0.8662,1.03233,-29.952
275,11,0,0,2,1,3,1,1,0,0.8657,1.39581,-28.828
276,6,0,0,4,1,3,1,1,0,0.8652,1.38052,-48.782
277,5,0,0,4,1,1,1,1,0,0.8648,1.85677,-39.911
278,9,0,0,3,1,4,1,1,0,0.8643,0.11672,-30.376
279,11,0,0,3,1,4,1,1,0,0.8638,0.09465,-29.718
280,10,0,0,3,1,7,1,1,0,0.8633,0.47399,-31.485
281,8,0,0,2,1,4,1,1,0,0.8628,0.78195,-17.382
282,7,0,0,3,1,4,1,1,0,0.8623,0.4136,-14.312
283,6,0,0,3,1,4,1,1,0,0.8618,1.58324,-47.579
284,5,0,0,4,1,4,1,1,0,0.8613,1.8285,-39.818
285,8,0,0,4,1,6,1,1,0,0.8608,1.43675,-50.67
286,8,0,0,2,1,4,1,1,0,0.8603,0.24188,-14.478
287,15,0,0,3,1,5,1,1,0,0.8599,0.48967,-38.538
288,12,0,0,3,1,5,1,1,0,0.8594,0.07448,-30.059
289,36,0,0,3,3,11,1,1,0,0.8589,0.55124,-13.209
290,11,0,0,3,1,5,1,1,0,0.8584,0.66056,-39.317
291,9,0,0,3,1,4,1,1,0,0.8579,1.27057,-50.45
292,7,0,0,3,1,4,1,1,0,0.8574,0.08376,-30.31
293,6,0,0,2,1,4,1,1,0,0.8569,1.577,-35.962
294,14,0,0,4,1,9,1,1,0,0.8564,0.43643,-40.108
295,12,0,0,2,1,5,1,1,0,0.8559,0.11703,-14.174
296,5,0,0,3,1,4,1,1,0,0.8555,1.18845,-41.413
297,8,0,0,3,1,5,1,1,0,0.855,0.10462,-14.796
298,9,0,0,3,1,7,1,1,0,0.8545,0.10648,-31.232
299,8,0,0,1,1,6,1,1,0,0.854,0.54904,-31.64
300,5,0,0,3,1,3,1,1,0,0.8535,1.61692,-49.688
301,17,0,0,3,1,7,1,1,0,0.853,0.78197,-40.622
302,5,0,0,3,1,3,1,1,0,0.8525,1.63754,-43.902
303,14,0,0,4,2,7,1,1,0,0.852,1.25056,-40.828
304,5,0,0,4,1,2,1,1,0,0.8515,1.91414,-43.252
305,8,0,0,5,1,4,1,1,0,0.851,1.78564,-23.101
306,8,0,0,5,1,4,1,1,0,0.8506,1.7249,-31.006
307,5,0,0,3,1,1,1,1,0,0.8501,1.66637,-48.824
308,8,0,0,2,1,2,1,1,0,0.8496,0.34685,-13.659
309,14,0,0,5,2,8,1,1,0,0.8491,0.90113,-35.553
310,5,0,0,3,1,3,1,1,0,0.8486,1.39745,-49.987
311,9,0,0,4,1,2,1,1,0,0.8481,2.04185,-16.703
312,7,0,0,3,1,4,1,1,0,0.8476,1.24572,-30.228
313,6,0,0,1,1,3,1,1,0,0.8471,0.2561,-14.617
314,6,0,0,3,1,1,1,1,0,0.8466,0.58796,-13.262
315,12,0,0,5,1,3,1,1,0,0.8461,1.41341,-31.894
316,5,0,0,1,1,3,1,1,0,0.8457,1.50123,-45.422
317,38,2,2,3,2,13,1,1,0,0.8452,0.51482,-26.159
318,24,0,0,6,2,9,1,1,0,0.8447,0.54051,-21.142
319,14,0,0,7,2,5,1,1,0,0.8442,1.34333,-20.927
320,5,0,0,3,1,3,1,1,0,0.8437,1.02982,-50.922
321,8,0,0,3,1,3,1,1,0,0.8432,0.35004,-13.729
322,7,0,0,4,1,3,1,1,0,0.8427,0.94966,-49.8
323,6,0,0,3,1,4,1,1,0,0.8422,1.06509,-44.935
324,5,0,0,4,1,3,1,1,0,0.8417,1.16007,-45.386
325,12,0,0,6,1,3,1,1,0,0.8412,0.65689,-13.026
326,23,0,0,5,2,11,1,1,0,0.8407,0.16135,-27.848
327,12,0,0,2,1,7,1,1,0,0.8403,0.53167,-30.849
328,5,0,0,3,1,4,1,1,0,0.8398,1.60676,-46.38
329,6,0,0,3,1,2,1,1,0,0.8393,0.7461,-29.607
330,22,0,0,3,2,9,1,1,0,0.8388,0.60915,-34.892
331,24,0,0,5,2,12,1,1,0,0.8383,0.51308,-23.389
332,8,0,0,3,1,5,1,1,0,0.8378,0.31316,-14.672
333,8,0,0,3,1,4,1,1,0,0.8373,0.16086,-14.063
334,7,0,0,2,1,4,1,1,0,0.8368,2.13139,-43.165
335,5,0,0,4,1,3,1,1,0,0.8363,0.7035,-45.372
336,8,0,0,2,1,4,1,1,0,0.8358,0.10099,-14.259
337,11,0,0,2,1,3,1,1,0,0.8354,0.18852,-12.961
338,5,0,0,2,1,3,1,1,0,0.8349,1.34659,-46.511
339,6,0,0,2,1,2,1,1,0,0.8344,1.89974,-42.0
340,9,0,0,2,1,1,1,1,0,0.8339,0.20388,-12.367
341,11,0,0,2,1,3,1,1,0,0.8334,0.16965,-13.004
342,7,0,0,3,1,3,1,1,0,0.8329,0.87228,-46.286
343,5,0,0,3,1,3,1,1,0,0.8324,1.92433,-53.189
344,18,0,0,3,2,8,1,1,0,0.8319,0.98904,-31.409
345,10,0,0,3,1,3,1,1,0,0.8314,0.18076,-13.202
346,10,0,0,1,1,4,1,1,0,0.831,1.47998,-25.949
347,8,0,0,4,1,2,1,1,0,0.8305,1.71587,-47.451
348,8,0,0,2,1,2,1,1,0,0.83,2.22402,-14.527
349,10,0,0,3,1,7,1,1,0,0.8295,0.35636,-30.574
350,21,0,0,4,1,13,1,1,0,0.829,0.71061,-33.957
351,7,0,0,2,1,4,1,1,0,0.8285,0.10958,-14.458
352,10,0,0,1,1,4,1,1,0,0.828,1.50903,-48.878
353,13,0,0,6,2,7,1,1,0,0.8275,0.24055,-28.629
354,10,0,0,3,1,5,1,1,0,0.827,0.19625,-29.567
355,6,0,0,3,1,3,1,1,0,0.8265,0.1427,-30.328
356,6,0,0,2,1,3,1,1,0,0.826,0.64673,-30.427
357,5,0,0,3,1,2,1,1,0,0.8256,2.23904,-54.769
358,9,0,0,2,1,6,1,1,0,0.8251,0.0959,-30.65
359,14,0,0,3,1,6,1,1,0,0.8246,0.06297,-28.669
360,6,0,0,3,1,4,1,1,0,0.8241,0.23673,-30.584
361,6,0,0,1,1,2,1,1,0,0.8236,2.92522,-16.873
362,15,0,0,1,1,5,1,1,0,0.8231,1.3449,-28.84
363,37,1,1,5,2,15,1,1,0,0.8226,0.17361,-24.74
364,8,0,0,6,1,3,1,1,0,0.8221,1.71765,-24.034
365,10,0,0,4,1,4,1,1,0,0.8216,0.74578,-51.836
366,5,0,0,3,1,2,1,1,0,0.8212,0.96842,-46.79
367,7,0,0,4,1,6,1,1,0,0.8207,0.56821,-47.351
368,11,0,0,3,1,5,1,1,0,0.8202,0.58036,-45.732
369,6,0,0,3,1,3,1,1,0,0.8197,0.10287,-30.338
370,6,0,0,3,1,3,1,1,0,0.8192,0.24052,-30.132
371,10,0,0,3,1,6,1,1,0,0.8187,0.74562,-25.785
372,26,0,0,3,1,14,1,1,0,0.8182,0.53974,-47.884
373,15,0,0,3,1,6,1,1,0,0.8177,0.7891,-45.564
374,15,0,0,3,1,6,1,1,0,0.8172,0.65209,-53.056
375,26,1,1,7,2,10,1,1,0,0.8167,0.81076,-29.386
376,5,0,0,3,1,1,1,1,0,0.8163,1.23331,-53.466
377,16,0,0,3,1,7,1,1,0,0.8158,0.07629,-12.169
378,8,0,0,3,1,2,1,1,0,0.8153,0.06977,-12.773
379,6,0,0,1,1,2,1,1,0,0.8148,0.39012,-14.504
380,6,0,0,1,1,2,1,1,0,0.8143,1.77919,-50.932
381,6,0,0,3,1,2,1,1,0,0.8138,1.03976,-49.328
382,8,0,0,3,1,5,1,1,0,0.8133,0.13861,-14.654
383,7,0,0,3,1,4,1,1,0,0.8128,0.06237,-14.209
384,11,0,0,2,1,5,1,1,0,0.8123,0.10976,-13.42
385,7,0,0,2,1,2,1,1,0,0.8118,0.80975,-49.379
386,6,0,0,2,1,2,1,1,0,0.8114,0.17336,-14.299
387,6,0,0,3,1,3,1,1,0,0.8109,0.86434,-55.336
388,14,0,0,4,2,5,1,1,0,0.8104,0.16784,-11.358
389,6,0,0,3,1,2,1,1,0,0.8099,1.48755,-50.586
390,16,0,0,4,2,10,1,1,0,0.8094,0.14003,-29.333
391,5,0,0,3,1,3,1,1,0,0.8089,1.40319,-51.028
392,13,0,0,3,1,5,1,1,0,0.8084,0.08517,-12.197
393,26,0,0,2,2,14,1,1,0,0.8079,0.358,-15.661
394,6,0,0,3,1,3,1,1,0,0.8074,0.22027,-14.181
395,8,0,0,1,1,1,1,1,0,0.8069,0.09044,-12.96
396,7,0,0,3,1,4,1,1,0,0.8065,0.82179,-50.479
397,5,0,0,3,1,1,1,1,0,0.806,2.06459,-55.778
398,12,0,0,1,1,9,1,1,0,0.8055,0.07278,-15.638
399,5,0,0,3,1,2,1,1,0,0.805,3.00522,-26.485
400,7,0,0,3,1,4,1,1,0,0.8045,0.12103,-30.338
401,9,0,0,5,1,3,1,1,0,0.804,1.37472,-29.509
402,8,0,0,2,1,5,1,1,0,0.8035,0.16978,-14.671
403,5,0,0,4,1,3,1,1,0,0.803,1.3077,-51.337
404,15,0,0,3,2,5,1,1,0,0.8025,0.91585,-37.948
405,7,0,0,2,1,3,1,1,0,0.802,1.49726,-50.415
406,26,0,0,4,3,10,1,1,0,0.8015,0.49685,-12.477
407,11,0,0,3,1,7,1,1,0,0.8011,0.04959,-30.477
408,7,0,0,2,1,1,1,1,0,0.8006,0.68659,-13.744
409,25,0,0,7,3,7,1,1,0,0.8001,0.12143,-23.11
410,8,0,0,3,1,3,1,1,0,0.7996,0.34158,-29.395
411,13,0,0,1,1,5,1,1,0,0.7991,0.86,-50.848
412,8,0,0,3,1,5,1,1,0,0.7986,0.78335,-51.801
413,13,0,0,5,1,5,1,1,0,0.7981,1.39845,-16.248
414,5,0,0,4,1,3,1,1,0,0.7976,1.71341,-57.798
415,7,0,0,3,1,3,1,1,0,0.7971,0.11042,-14.411
416,6,0,0,2,1,3,1,1,0,0.7967,1.67348,-58.42
417,23,0,0,4,2,9,1,1,0,0.7962,0.94089,-15.654
418,13,0,0,2,1,8,1,1,0,0.7957,0.07711,-14.847
419,15,0,0,2,1,5,1,1,0,0.7952,0.10269,-12.445
420,9,0,0,2,1,2,1,1,0,0.7947,0.10725,-13.571
421,8,0,0,4,1,2,1,1,0,0.7942,1.23089,-51.588
422,9,0,0,3,1,2,1,1,0,0.7937,0.23348,-28.78
423,6,0,0,3,1,3,1,1,0,0.7932,1.43578,-55.103
424,14,0,0,2,1,5,1,1,0,0.7927,0.02502,-12.684
425,29,1,1,3,2,10,1,1,0,0.7922,0.73585,-9.112
426,6,0,0,4,1,3,1,1,0,0.7917,1.4904,-58.312
427,14,0,0,5,1,4,1,1,0,0.7913,0.9365,-31.75
428,6,0,0,1,1,3,1,1,0,0.7908,0.15052,-15.103
429,9,0,0,5,1,3,1,1,0,0.7903,1.40017,-50.952
430,9,0,0,2,1,6,1,1,0,0.7898,0.15295,-30.998
431,11,0,0,2,1,4,1,1,0,0.7893,0.08695,-29.461
432,7,0,0,1,1,2,1,1,0,0.7888,0.14999,-30.408
433,7,0,0,3,1,3,1,1,0,0.7883,0.0896,-14.242
434,9,0,0,3,1,1,1,1,0,0.7878,1.42662,-34.206
435,7,0,0,3,1,3,1,1,0,0.7873,1.47729,-54.523
436,28,0,0,6,2,15,1,1,0,0.7869,0.71181,-11.671
437,10,0,0,6,1,3,1,1,0,0.7864,1.55513,-13.632
438,7,0,0,1,1,2,1,1,0,0.7859,2.8017,-35.71
439,31,1,1,6,2,13,1,1,0,0.7854,0.65809,-7.141
440,6,0,0,2,1,3,1,1,0,0.7849,0.13981,-15.433
441,24,0,0,4,2,10,1,1,0,0.7844,0.71267,-42.857
442,30,0,0,4,1,7,1,1,0,0.7839,0.24155,-52.793
443,9,0,0,4,1,3,1,1,0,0.7834,0.86941,-54.959
444,5,0,0,3,1,2,1,1,0,0.7829,4.24277,-39.34
445,12,0,0,3,1,2,1,1,0,0.7824,0.67789,-53.573
446,5,0,0,2,1,2,1,1,0,0.782,2.49558,-28.652
447,7,0,0,3,1,4,1,1,0,0.7815,0.2194,-14.722
448,6,0,0,3,1,2,1,1,0,0.781,0.17826,-14.207
449,15,0,0,5,2,6,1,1,0,0.7805,1.39434,-12.555
450,19,0,0,4,1,7,1,1,0,0.78,0.29115,-56.233
451,5,0,0,4,1,2,1,1,0,0.7795,1.35439,-55.105
452,20,0,0,8,2,11,1,1,0,0.779,0.52447,-23.294
453,29,0,0,4,2,11,1,1,0,0.7785,0.57188,-38.943
454,5,0,0,1,1,4,1,1,0,0.778,1.4523,-57.204
455,20,1,1,2,2,6,1,1,0,0.7775,1.01101,-28.137
456,42,0,0,6,2,14,1,1,0,0.7771,0.3696,-15.071
457,11,0,0,3,1,5,1,1,0,0.7766,0.63868,-57.843
458,12,0,0,4,1,3,1,1,0,0.7761,1.01936,-26.193
459,11,0,0,1,1,4,1,1,0,0.7756,0.12282,-15.228
460,12,0,0,5,1,3,1,1,0,0.7751,0.9203,-25.532
461,11,0,0,2,1,3,1,1,0,0.7746,0.80784,-51.186
462,8,0,0,3,1,3,1,1,0,0.7741,0.33155,-30.56
463,18,0,0,3,1,6,1,1,0,0.7736,0.53408,-13.526
464,23,0,0,6,1,8,1,1,0,0.7731,0.48382,-13.835
465,13,0,0,3,1,8,1,1,0,0.7726,0.50856,-58.003
466,6,0,0,3,1,3,1,1,0,0.7722,0.18325,-14.877
467,6,0,0,4,1,4,1,1,0,0.7717,1.06141,-57.122
468,9,0,0,1,1,5,1,1,0,0.7712,1.11328,-51.726
469,18,2,2,7,2,6,1,1,0,0.7707,1.1244,-21.974
470,7,0,0,2,1,4,1,1,0,0.7702,2.55377,-37.364
471,55,3,3,7,2,23,1,1,0,0.7697,0.42196,-4.115
472,10,0,0,3,1,3,1,1,0,0.7692,0.09884,-29.666
473,9,0,0,3,1,2,1,1,0,0.7687,0.07069,-14.249
474,10,0,0,2,1,4,1,1,0,0.7682,0.08671,-14.84
475,5,0,0,3,1,2,1,1,0,0.7677,2.36056,-57.615
476,22,0,0,3,1,12,1,1,0,0.7672,0.46237,-60.121
477,17,0,0,5,2,9,1,1,0,0.7668,0.59731,-26.133
478,10,0,0,2,1,5,1,1,0,0.7663,0.55228,-58.658
479,20,0,0,1,1,4,1,1,0,0.7658,0.09994,-11.729
480,9,0,0,1,1,6,1,1,0,0.7653,0.0712,-32.543
481,21,0,0,5,2,7,1,1,0,0.7648,0.76767,-37.756
482,14,0,0,2,1,5,1,1,0,0.7643,0.04514,-13.646
483,5,0,0,4,1,1,1,1,0,0.7638,1.53965,-60.485
484,6,0,0,1,1,1,1,1,0,0.7633,0.18991,-13.934
485,14,0,0,6,1,8,1,1,0,0.7628,1.21449,-36.009
486,8,0,0,2,1,4,1,1,0,0.7623,2.12988,-17.184
487,15,0,0,3,1,4,1,1,0,0.7619,0.63901,-35.277
488,14,0,0,3,1,4,1,1,0,0.7614,0.12463,-13.278
489,5,0,0,3,1,3,1,1,0,0.7609,1.16279,-61.997
490,7,0,0,2,1,0,1,1,0,0.7604,0.59068,-13.486
491,7,0,0,2,1,4,1,1,0,0.7599,0.09878,-14.826
492,7,0,0,3,1,3,1,1,0,0.7594,0.1844,-14.123
493,19,0,0,3,1,8,1,1,0,0.7589,0.07042,-13.167
494,8,0,0,6,1,4,1,1,0,0.7584,2.0741,-35.478
495,8,0,0,2,1,4,1,1,0,0.7579,0.19084,-15.357
496,16,0,0,3,1,10,1,1,0,0.7574,0.0874,-30.633
497,7,0,0,3,1,2,1,1,0,0.757,0.1482,-29.188
498,5,0,0,3,1,2,1,1,0,0.7565,1.18926,-58.759
499,7,0,0,2,1,4,1,1,0,0.756,0.89213,-62.289
500,11,0,0,2,1,4,1,1,0,0.7555,0.0932,-13.501
501,7,0,0,5,1,3,1,1,0,0.755,1.56088,-35.588
502,6,0,0,2,1,2,1,1,0,0.7545,0.08516,-13.675
503,10,0,0,6,1,5,1,1,0,0.754,0.91164,-27.06
504,5,0,0,3,1,2,1,1,0,0.7535,1.22098,-62.01
505,20,2,2,7,2,7,1,1,0,0.753,1.01388,-18.227
506,6,0,0,2,1,2,1,1,0,0.7526,0.1206,-14.017
507,6,0,0,3,1,4,1,1,0,0.7521,0.52769,-30.363
508,9,0,0,3,1,4,1,1,0,0.7516,0.10871,-29.197
509,6,0,0,3,1,2,1,1,0,0.7511,0.37514,-29.322
510,44,0,0,8,3,17,1,1,0,0.7506,0.34893,-5.58
511,8,0,0,5,1,4,1,1,0,0.7501,1.26964,-35.633
512,9,0,0,3,1,5,1,1,0,0.7496,0.6147,-29.786
513,5,0,0,3,1,2,1,1,0,0.7491,1.06341,-61.707
514,9,0,0,2,1,1,1,1,0,0.7486,0.24075,-13.401
515,7,0,0,2,1,4,1,1,0,0.7481,0.11434,-30.282
516,5,0,0,4,1,3,1,1,0,0.7476,0.99503,-62.408
517,16,0,0,1,1,10,1,1,0,0.7472,0.09473,-14.013
518,8,0,0,3,1,4,1,1,0,0.7467,0.10064,-13.421
519,6,0,0,3,1,3,1,1,0,0.7462,0.1792,-29.584
520,6,0,0,3,1,2,1,1,0,0.7457,2.7851,-15.421
521,7,0,0,1,1,3,1,1,0,0.7452,0.2187,-14.283
522,15,0,0,5,2,7,1,1,0,0.7447,1.01316,-11.509
523,13,0,0,2,1,7,1,1,0,0.7442,0.09263,-13.855
524,8,0,0,2,1,3,1,1,0,0.7437,0.08651,-12.974
525,6,0,0,2,1,2,1,1,0,0.7432,0.11598,-13.586
526,29,1,1,3,2,13,1,1,0,0.7428,0.21719,-2.443
527,5,0,0,3,1,2,1,1,0,0.7423,0.91308,-61.785
528,22,0,0,6,3,9,1,1,0,0.7418,0.90372,-22.581
529,7,0,0,4,1,2,1,1,0,0.7413,0.75231,-57.978
530,12,0,0,4,1,4,1,1,0,0.7408,0.8581,-33.967
531,15,0,0,5,1,8,1,1,0,0.7403,0.64979,-33.74
532,9,0,0,3,1,2,1,1,0,0.7398,0.29623,-11.927
533,9,0,0,3,1,5,1,1,0,0.7393,0.23386,-13.295
534,6,0,0,3,1,1,1,1,0,0.7388,0.78069,-28.597
535,5,0,0,4,1,2,1,1,0,0.7383,1.57319,-59.008
536,6,0,0,3,1,0,1,1,0,0.7379,0.06667,-12.206
537,5,0,0,4,1,1,1,1,0,0.7374,0.58502,-61.832
538,9,0,0,4,1,2,1,1,0,0.7369,0.4281,-60.065
539,8,0,0,4,1,3,1,1,0,0.7364,0.86328,-61.436
540,6,0,0,2,1,2,1,1,0,0.7359,0.23082,-13.554
541,6,0,0,3,1,3,1,1,0,0.7354,1.16335,-61.245
542,6,0,0,4,1,4,1,1,0,0.7349,1.06079,-61.105
543,7,0,0,2,1,4,1,1,0,0.7344,0.06186,-13.716
544,20,0,0,3,2,3,1,1,0,0.7339,1.62849,-12.469
545,6,0,0,3,1,0,1,1,0,0.7334,0.15241,-11.768
546,36,2,2,7,3,8,1,1,0,0.7329,0.57996,-23.379
547,5,0,0,3,1,2,1,1,0,0.7325,1.30602,-63.373
548,6,0,0,2,1,2,1,1,0,0.732,0.53512,-13.506
549,5,0,0,2,1,3,1,1,0,0.7315,1.76096,-29.15
550,9,0,0,2,1,3,1,1,0,0.731,1.64361,-54.975
551,7,0,0,3,1,4,1,1,0,0.7305,0.05204,-13.782
552,6,0,0,3,1,1,1,1,0,0.73,0.05429,-12.741
553,33,0,0,3,2,13,1,1,0,0.7295,0.4469,-47.256
554,7,0,0,2,1,1,1,1,0,0.729,0.60267,-28.123
555,11,0,0,2,1,5,1,1,0,0.7285,0.06638,-12.968
556,7,0,0,3,1,3,1,1,0,0.728,0.11907,-28.593
557,5,0,0,3,1,2,1,1,0,0.7276,0.84051,-61.398
558,26,0,0,5,3,8,1,1,0,0.7271,0.68595,-44.799
559,6,0,0,3,1,2,1,1,0,0.7266,0.17891,-13.331
560,15,0,0,3,1,9,1,1,0,0.7261,0.43217,-57.725
561,8,0,0,2,1,2,1,1,0,0.7256,0.47686,-12.962
562,6,0,0,3,1,3,1,1,0,0.7251,0.73504,-61.752
563,5,0,0,4,1,2,1,1,0,0.7246,1.04495,-62.299
564,8,0,0,3,1,3,1,1,0,0.7241,0.29825,-28.331
565,12,0,0,2,1,4,1,1,0,0.7236,0.77062,-29.645
566,10,0,0,5,1,4,1,1,0,0.7231,1.46103,-30.699
567,10,0,0,5,1,4,1,1,0,0.7227,1.49738,-33.388
568,10,0,0,3,1,4,1,1,0,0.7222,0.19605,-27.976
569,6,0,0,3,1,3,1,1,0,0.7217,0.49286,-29.312
570,23,0,0,2,2,11,1,1,0,0.7212,0.23971,-4.743
571,10,0,0,3,1,2,1,1,0,0.7207,0.27029,-12.773
572,12,0,0,6,1,4,1,1,0,0.7202,0.55985,-25.636
573,5,0,0,4,1,1,1,1,0,0.7197,0.8055,-63.41
574,6,0,0,4,1,3,1,1,0,0.7192,0.70089,-64.57
575,5,0,0,1,1,1,1,1,0,0.7187,2.86805,-29.478
576,6,0,0,3,1,2,1,1,0,0.7183,0.45345,-13.383
577,18,0,0,3,2,4,1,1,0,0.7178,1.21343,-39.18
578,5,0,0,2,1,2,1,1,0,0.7173,1.02777,-61.887
579,6,0,0,3,1,3,1,1,0,0.7168,0.9899,-62.654
580,20,0,0,3,1,5,1,1,0,0.7163,0.70854,-12.197
581,6,0,0,3,1,2,1,1,0,0.7158,0.22147,-13.681
582,27,2,2,3,2,9,1,1,0,0.7153,0.50009,-9.498
583,12,0,0,3,1,2,1,1,0,0.7148,0.37459,-59.799
584,12,0,0,6,1,4,1,1,0,0.7143,0.80985,-26.66
585,9,0,0,1,1,6,1,1,0,0.7138,0.14459,-30.861
586,8,0,0,2,1,4,1,1,0,0.7134,0.22691,-30.164
587,6,0,0,3,1,0,1,1,0,0.7129,0.90275,-13.503
588,5,0,0,2,1,1,1,1,0,0.7124,4.38693,-42.87
589,6,0,0,3,1,3,1,1,0,0.7119,0.47087,-30.407
590,9,0,0,3,1,5,1,1,0,0.7114,0.1261,-29.746
591,37,1,1,6,3,15,1,1,0,0.7109,0.50833,-21.319
592,8,0,0,2,1,2,1,1,0,0.7104,0.26395,-29.252
593,10,0,0,3,1,4,1,1,0,0.7099,0.63526,-60.41
594,13,0,0,2,1,4,1,1,0,0.7094,0.18119,-28.024
595,6,0,0,2,1,2,1,1,0,0.7089,0.97084,-61.874
596,27,0,0,5,2,10,1,1,0,0.7085,0.15421,-8.868
597,9,0,0,3,1,3,1,1,0,0.708,0.09345,-28.935
598,6,0,0,3,1,2,1,1,0,0.7075,0.75117,-61.372
599,23,0,0,5,2,6,1,1,0,0.707,0.32859,-27.175
600,7,0,0,3,1,3,1,1,0,0.7065,0.12858,-13.675
601,7,0,0,3,1,3,1,1,0,0.706,0.53829,-61.695
602,6,0,0,2,1,3,1,1,0,0.7055,0.12796,-30.358
603,8,0,0,2,1,4,1,1,0,0.705,0.23108,-30.128
604,8,0,0,5,1,2,1,1,0,0.7045,1.00289,-13.34
605,6,0,0,3,1,1,1,1,0,0.704,0.17423,-13.354
606,5,0,0,1,1,3,1,1,0,0.7036,1.30023,-63.327
607,6,0,0,2,1,2,1,1,0,0.7031,1.08014,-62.8
608,16,1,1,3,2,6,1,1,0,0.7026,0.72631,-26.232
609,16,0,0,5,2,3,1,1,0,0.7021,1.12832,-11.365
610,6,0,0,2,1,4,1,1,0,0.7016,0.11001,-30.893
611,16,0,0,9,2,4,1,1,0,0.7011,1.27501,-9.985
612,28,1,1,5,2,10,1,1,0,0.7006,0.75938,-2.665
613,8,0,0,1,1,5,1,1,0,0.7001,0.1393,-31.178
614,10,0,0,4,1,3,1,1,0,0.6996,0.53494,-61.685
615,27,1,1,7,2,9,1,1,0,0.6991,0.749,-26.14
616,9,0,0,2,1,3,1,1,0,0.6986,0.20884,-29.234
617,9,0,0,2,1,5,1,1,0,0.6982,0.09478,-14.639
618,16,0,0,4,2,9,1,1,0,0.6977,0.1836,-26.579
619,15,0,0,5,2,5,1,1,0,0.6972,0.74859,-12.16
620,6,0,0,3,1,1,1,1,0,0.6967,0.05213,-13.441
621,5,0,0,4,1,2,1,1,0,0.6962,1.35723,-63.373
622,19,0,0,3,1,4,1,1,0,0.6957,0.63434,-26.248
623,6,0,0,3,1,4,1,1,0,0.6952,0.17872,-30.655
624,12,0,0,2,1,3,1,1,0,0.6947,0.345,-63.295
625,6,0,0,3,1,2,1,1,0,0.6942,0.10276,-13.528
626,13,0,0,5,1,3,1,1,0,0.6937,1.14905,-53.878
627,6,0,0,3,1,2,1,1,0,0.6933,0.11202,-13.928
628,7,0,0,2,1,3,1,1,0,0.6928,0.07832,-13.788
629,5,0,0,4,1,1,1,1,0,0.6923,0.7537,-63.602
630,6,0,0,2,1,1,1,1,0,0.6918,0.11651,-13.496
631,7,0,0,2,1,5,1,1,0,0.6913,0.62786,-65.785
632,6,0,0,3,1,3,1,1,0,0.6908,0.13612,-13.713
633,6,0,0,2,1,3,1,1,0,0.6903,0.15755,-14.022
634,6,0,0,3,1,3,1,1,0,0.6898,1.0253,-64.812
635,6,0,0,3,1,2,1,1,0,0.6893,0.21188,-13.346
636,5,0,0,2,1,2,1,1,0,0.6888,2.22037,-55.583
637,12,0,0,2,1,6,1,1,0,0.6884,0.05564,-14.277
638,6,0,0,3,1,3,1,1,0,0.6879,0.16357,-29.784
639,10,0,0,6,1,3,1,1,0,0.6874,0.53264,-26.928
640,6,0,0,4,1,3,1,1,0,0.6869,1.01855,-65.152
641,6,0,0,3,1,3,1,1,0,0.6864,0.16913,-13.679
642,8,0,0,3,1,4,1,1,0,0.6859,2.18338,-32.483
643,16,0,0,3,2,4,1,1,0,0.6854,1.2677,-36.325
644,6,0,0,4,1,4,1,1,0,0.6849,0.78582,-65.556
645,10,0,0,3,1,5,1,1,0,0.6844,0.08226,-29.876
646,8,0,0,3,1,3,1,1,0,0.684,0.22813,-13.036
647,5,0,0,3,1,1,1,1,0,0.6835,0.68304,-65.979
648,20,1,1,4,2,7,1,1,0,0.683,0.98511,-6.933
649,26,0,0,6,2,5,1,1,0,0.6825,0.82603,4.975
650,14,0,0,4,2,5,1,1,0,0.682,0.13816,-26.29
651,5,0,0,4,1,2,1,1,0,0.6815,0.9957,-65.474
652,10,0,0,4,1,2,1,1,0,0.681,0.69199,-12.809
653,7,0,0,1,1,3,1,1,0,0.6805,3.55597,-51.561
654,6,0,0,2,1,2,1,1,0,0.68,0.10611,-13.831
655,6,0,0,2,1,2,1,1,0,0.6795,0.22538,-29.972
656,8,0,0,3,1,5,1,1,0,0.679,0.17033,-13.967
657,7,0,0,3,1,2,1,1,0,0.6786,0.10001,-12.732
658,20,0,0,9,3,4,1,1,0,0.6781,0.95581,-22.161
659,38,1,1,7,3,14,1,1,0,0.6776,0.50849,-30.923
660,6,0,0,3,1,3,1,1,0,0.6771,0.19022,-30.599
661,11,0,0,3,1,6,1,1,0,0.6766,0.09475,-13.818
662,11,0,0,1,1,5,1,1,0,0.6761,0.15146,-13.843
663,6,0,0,2,1,2,1,1,0,0.6756,0.16627,-14.021
664,6,0,0,3,1,3,1,1,0,0.6751,0.25698,-30.058
665,5,0,0,3,1,3,1,1,0,0.6746,1.46558,-64.526
666,10,0,0,2,1,2,1,1,0,0.6742,0.09093,-12.611
667,6,0,0,4,1,2,1,1,0,0.6737,1.06489,-64.221
668,6,0,0,4,1,2,1,1,0,0.6732,0.92457,-65.404
669,12,0,0,2,1,7,1,1,0,0.6727,1.19519,-42.996
670,5,0,0,2,1,2,1,1,0,0.6722,0.9912,-67.225
671,8,0,0,2,1,4,1,1,0,0.6717,0.06195,-14.361
672,19,0,0,6,2,8,1,1,0,0.6712,0.21388,-19.962
673,14,0,0,3,2,3,1,1,0,0.6707,2.39016,-11.352
674,17,0,0,2,2,5,1,1,0,0.6702,0.22604,-9.036
675,16,0,0,6,2,3,1,1,0,0.6697,0.79235,-20.264
676,16,0,0,6,1,5,1,1,0,0.6693,0.46177,-10.063
677,10,0,0,2,1,2,1,1,0,0.6688,2.30284,-13.621
678,37,0,0,6,2,11,1,1,0,0.6683,0.65188,7.617
679,16,0,0,2,1,10,1,1,0,0.6678,0.07443,-30.274
680,6,0,0,3,1,4,1,1,0,0.6673,0.7364,-67.221
681,7,0,0,1,1,4,1,1,0,0.6668,0.14671,-14.171
682,7,0,0,3,1,2,1,1,0,0.6663,1.32547,-28.606
683,7,0,0,2,1,1,1,1,0,0.6658,0.57622,-65.491
684,5,0,0,3,1,2,1,1,0,0.6653,0.77467,-67.09
685,8,0,0,2,1,4,1,1,0,0.6648,0.64389,-30.303
686,6,0,0,3,1,3,1,1,0,0.6643,0.09428,-13.544
687,7,0,0,2,1,4,1,1,0,0.6639,0.1047,-14.206
688,24,0,0,3,2,8,1,1,0,0.6634,0.78344,-23.287
689,24,0,0,7,2,10,1,1,0,0.6629,0.66832,-28.191
690,8,0,0,3,1,3,1,1,0,0.6624,0.09689,-12.537
691,7,0,0,5,1,2,1,1,0,0.6619,2.44288,-39.379
692,13,0,0,3,1,6,1,1,0,0.6614,0.10361,-12.139
693,20,1,1,2,2,4,1,1,0,0.6609,0.24285,-3.708
694,5,0,0,4,1,2,1,1,0,0.6604,0.76686,-66.619
695,6,0,0,3,1,3,1,1,0,0.6599,0.5372,-29.841
696,29,2,2,9,3,12,1,1,0,0.6595,0.65789,-12.795
697,21,2,2,8,2,8,1,1,0,0.659,0.93931,-26.996
698,13,0,0,3,1,4,1,1,0,0.6585,0.06313,-11.274
699,24,0,0,2,2,2,1,1,0,0.658,0.16572,-0.575
700,53,1,1,10,3,13,1,1,0,0.6575,0.39455,0.987
701,18,0,0,3,2,7,1,1,0,0.657,0.20368,-4.707
702,5,0,0,3,1,2,1,1,0,0.6565,0.95973,-66.579
703,7,0,0,3,1,0,1,1,0,0.656,0.17721,-11.127
704,10,0,0,4,1,3,1,1,0,0.6555,0.60281,-27.215
705,38,0,0,4,3,9,1,1,0,0.655,0.49715,-10.833
706,7,0,0,3,1,3,1,1,0,0.6545,0.26432,-12.129
707,37,1,1,7,3,10,1,1,0,0.6541,0.38713,-13.616
708,19,0,0,5,2,2,1,1,0,0.6536,1.17269,-5.014
709,7,0,0,2,1,2,1,1,0,0.6531,0.18809,-13.092
710,7,0,0,5,1,2,1,1,0,0.6526,0.9378,-11.564
711,6,0,0,3,1,2,1,1,0,0.6521,0.73366,-67.0
712,17,0,0,6,2,7,1,1,0,0.6516,0.11627,-8.083
713,7,0,0,3,1,4,1,1,0,0.6511,0.06777,-13.206
714,8,0,0,1,1,1,1,1,0,0.6506,0.51573,-12.129
715,15,0,0,5,1,7,1,1,0,0.6501,0.82891,-37.457
716,7,0,0,3,1,4,1,1,0,0.6497,0.6873,-29.6
717,27,0,0,3,2,8,1,1,0,0.6492,0.71542,-20.107
718,5,0,0,2,1,2,1,1,0,0.6487,0.55949,-68.252
719,7,0,0,3,1,3,1,1,0,0.6482,0.08805,-12.75
720,11,0,0,1,1,1,1,1,0,0.6477,1.12062,-38.778
721,8,0,0,2,1,2,1,1,0,0.6472,0.07942,-12.157
722,8,0,0,2,1,4,1,1,0,0.6467,0.06969,-13.287
723,19,0,0,3,2,7,1,1,0,0.6462,0.5278,-14.143
724,7,0,0,3,1,2,1,1,0,0.6457,0.05945,-12.326
725,7,0,0,3,1,2,1,1,0,0.6452,0.09041,-28.665
726,13,0,0,5,2,5,1,1,0,0.6447,1.05392,-10.009
727,12,0,0,3,1,8,1,1,0,0.6443,0.09146,-28.784
728,9,0,0,3,1,5,1,1,0,0.6438,0.12178,-12.412
729,15,1,1,3,2,6,1,1,0,0.6433,1.22079,-23.118
730,32,0,0,6,3,9,1,1,0,0.6428,0.38704,4.848
731,37,1,1,4,2,12,1,1,0,0.6423,0.37384,-16.027
732,9,0,0,3,1,3,1,1,0,0.6418,0.08541,-11.691
733,15,0,0,2,1,8,1,1,0,0.6413,0.08511,-11.118
734,8,0,0,6,1,4,1,1,0,0.6408,0.92035,-26.017
735,6,0,0,3,1,1,1,1,0,0.6403,0.09647,-11.672
736,23,1,1,7,2,7,1,1,0,0.6399,0.66468,-30.692
737,6,0,0,2,1,3,1,1,0,0.6394,0.88949,-29.607
738,19,0,0,3,1,6,1,1,0,0.6389,0.61516,-39.905
739,31,2,2,8,2,7,1,1,0,0.6384,0.623,-21.418
740,19,0,0,3,2,8,1,1,0,0.6379,0.37915,-11.012
741,22,0,0,4,2,6,1,1,0,0.6374,0.71003,-33.717
742,30,0,0,5,3,11,1,1,0,0.6369,0.62204,-28.24
743,18,0,0,2,2,4,1,1,0,0.6364,1.14609,-10.846
744,6,0,0,2,1,2,1,1,0,0.6359,0.13895,-12.529
745,18,0,0,4,1,10,1,1,0,0.6354,0.97176,-37.967
746,25,0,0,7,3,3,1,1,0,0.635,0.59207,-44.171
747,6,0,0,1,1,2,1,1,0,0.6345,0.25348,-13.366
748,16,0,0,6,2,7,1,1,0,0.634,0.10653,-7.493
749,16,0,0,4,2,2,1,1,0,0.6335,1.6961,-13.022
750,5,0,0,3,1,2,1,1,0,0.633,4.18254,-45.735
751,6,0,0,3,1,3,1,1,0,0.6325,0.45351,-28.982
752,5,0,0,4,1,3,1,1,0,0.632,1.51635,-65.59
753,7,0,0,3,1,3,1,1,0,0.6315,0.17916,-28.542
754,13,0,0,3,1,4,1,1,0,0.631,0.48311,-16.756
755,6,0,0,3,1,1,1,1,0,0.6305,0.17107,-28.326
756,25,1,1,8,2,10,1,1,0,0.63,0.52734,-20.71
757,18,0,0,4,2,8,1,1,0,0.6296,1.20959,-35.706
758,5,0,0,2,1,0,1,1,0,0.6291,2.49645,-15.525
759,9,0,0,2,1,4,1,1,0,0.6286,0.17398,-28.212
760,17,0,0,5,1,8,1,1,0,0.6281,0.7421,-38.181
761,7,0,0,3,1,3,1,1,0,0.6276,0.13641,-28.378
762,6,0,0,2,1,4,1,1,0,0.6271,1.37816,-29.925
763,6,0,0,2,1,3,1,1,0,0.6266,0.06966,-13.407
764,8,0,0,6,1,3,1,1,0,0.6261,0.73135,-26.733
765,7,0,0,3,1,4,1,1,0,0.6256,0.46809,-66.0
766,7,0,0,5,1,2,1,1,0,0.6251,2.16341,-39.788
767,7,0,0,2,1,3,1,1,0,0.6247,0.96935,-13.132
768,14,1,1,3,2,4,1,1,0,0.6242,0.80237,-26.852
769,6,0,0,2,1,1,1,1,0,0.6237,0.24558,-13.421
770,6,0,0,2,1,2,1,1,0,0.6232,2.38494,-44.17
771,7,0,0,3,1,4,1,1,0,0.6227,0.60449,-29.012
772,5,0,0,3,1,3,1,1,0,0.6222,1.67658,-65.251
773,7,0,0,2,1,2,1,1,0,0.6217,0.66271,-12.45
774,15,0,0,6,2,3,1,1,0,0.6212,1.0072,-33.508
775,8,0,0,2,1,2,1,1,0,0.6207,0.06785,-12.019
776,12,0,0,2,1,3,1,1,0,0.6202,0.24732,-10.156
777,8,0,0,3,1,4,1,1,0,0.6198,0.07691,-12.504
778,11,0,0,2,1,2,1,1,0,0.6193,0.18752,-12.338
779,24,1,1,5,2,6,1,1,0,0.6188,0.7098,-10.648
780,7,0,0,4,1,3,1,1,0,0.6183,0.65317,-65.201
781,8,0,0,3,1,2,1,1,0,0.6178,0.05023,-11.562
782,10,0,0,3,1,4,1,1,0,0.6173,0.21875,-27.537
783,22,0,0,2,2,7,1,1,0,0.6168,0.25939,-0.903
784,6,0,0,2,1,1,1,1,0,0.6163,0.72328,-12.145
785,19,0,0,5,2,6,1,1,0,0.6158,0.79854,-33.105
786,6,0,0,3,1,2,1,1,0,0.6154,0.134,-12.145
787,5,0,0,2,1,2,1,1,0,0.6149,0.86815,-29.689
788,5,0,0,4,1,2,1,1,0,0.6144,1.09641,-66.565
789,12,0,0,2,1,4,1,1,0,0.6139,0.34953,-10.785
790,16,0,0,5,2,4,1,1,0,0.6134,1.28805,-5.02
791,11,0,0,3,1,5,1,1,0,0.6129,0.04659,-11.157
792,13,0,0,3,2,2,1,1,0,0.6124,1.18184,-38.73
793,5,0,0,3,1,2,1,1,0,0.6119,5.14331,-45.988
794,8,0,0,4,1,5,1,1,0,0.6114,0.55885,-63.978
795,14,0,0,8,2,4,1,1,0,0.6109,1.0701,-34.768
796,7,0,0,3,1,5,1,1,0,0.6104,0.44441,-29.062
797,6,0,0,3,1,2,1,1,0,0.61,0.04975,-12.361
798,8,0,0,4,1,2,1,1,0,0.6095,0.93248,-63.208
799,5,0,0,0,1,3,1,1,0,0.609,1.16352,-31.121
800,9,0,0,2,1,4,1,1,0,0.6085,0.05724,-12.202
801,21,1,1,7,2,9,1,1,0,0.608,0.6103,-16.123
802,5,0,0,3,1,2,1,1,0,0.6075,0.8733,-66.984
803,5,0,0,4,1,1,1,1,0,0.607,0.76986,-66.067
804,6,0,0,2,1,2,1,1,0,0.6065,0.53415,-67.126
805,20,2,2,5,2,6,1,1,0,0.606,0.92961,-24.116
806,6,0,0,3,1,2,1,1,0,0.6056,0.06054,-12.358
807,7,0,0,3,1,2,1,1,0,0.6051,0.07476,-11.355
808,6,0,0,3,1,3,1,1,0,0.6046,0.3852,-28.511
809,7,0,0,3,1,5,1,1,0,0.6041,0.61807,-28.864
810,7,0,0,3,1,2,1,1,0,0.6036,0.52421,-11.472
811,8,0,0,3,1,3,1,1,0,0.6031,0.22757,-11.492
812,12,0,0,1,1,1,1,1,0,0.6026,0.07417,-9.885
813,7,0,0,4,1,2,1,1,0,0.6021,0.31443,-27.027
814,16,0,0,5,2,3,1,1,0,0.6016,0.96509,-4.093
815,5,0,0,3,1,2,1,1,0,0.6011,0.81425,-68.023
816,8,0,0,2,1,4,1,1,0,0.6007,0.33765,-12.458
817,22,2,2,4,2,5,1,1,0,0.6002,0.78069,1.599
818,6,0,0,3,1,1,1,1,0,0.5997,0.06734,-11.351
819,6,0,0,3,1,2,1,1,0,0.5992,0.58529,-66.433
820,13,0,0,8,2,2,1,1,0,0.5987,1.22854,-4.785
821,9,0,0,2,1,2,1,1,0,0.5982,0.04236,-10.372
822,7,0,0,4,1,1,1,1,0,0.5977,0.49187,-26.805
823,28,1,1,8,2,9,1,1,0,0.5972,0.61436,-21.58
824,5,0,0,4,1,1,1,1,0,0.5967,0.74581,-67.492
825,28,1,1,10,2,8,1,1,0,0.5962,0.44641,-38.867
826,6,0,0,2,1,2,1,1,0,0.5958,0.2079,-12.803
827,19,1,1,8,2,6,1,1,0,0.5953,1.62811,-8.72
828,5,0,0,4,1,1,1,1,0,0.5948,0.83569,-67.825
829,7,0,0,4,1,2,1,1,0,0.5943,0.45344,-67.557
830,15,0,0,4,1,3,1,1,0,0.5938,0.19364,-63.718
831,11,0,0,3,1,4,1,1,0,0.5933,0.32613,-10.538
832,44,3,3,8,2,17,1,1,0,0.5928,0.48502,-4.302
833,17,0,0,3,2,1,1,1,0,0.5923,1.06309,-6.708
834,25,1,1,5,3,10,1,1,0,0.5918,0.51083,-3.969
835,5,0,0,3,1,3,1,1,0,0.5913,0.41426,-69.283
836,13,0,0,3,1,5,1,1,0,0.5909,0.18967,-10.5
837,52,2,2,8,3,9,1,1,0,0.5904,0.73735,6.35
838,9,0,0,2,1,4,1,1,0,0.5899,0.30544,-12.252
839,7,0,0,2,1,2,1,1,0,0.5894,0.21598,-11.303
840,6,0,0,3,1,3,1,1,0,0.5889,0.42159,-28.986
841,29,0,0,4,3,7,1,1,0,0.5884,0.74468,-27.138
842,8,0,0,3,1,2,1,1,0,0.5879,2.58027,-57.837
843,36,1,1,4,2,9,1,1,0,0.5874,0.74831,-11.869
844,36,1,1,10,3,8,1,1,0,0.5869,0.54651,-35.306
845,8,0,0,2,1,4,1,1,0,0.5864,0.20317,-12.346
846,9,0,0,3,1,3,1,1,0,0.5859,0.09337,-11.421
847,6,0,0,3,1,3,1,1,0,0.5855,0.26531,-28.862
848,14,1,1,3,2,3,1,1,0,0.585,1.28152,-32.045
849,19,0,0,3,2,5,1,1,0,0.5845,1.00406,-11.064
850,11,0,0,2,1,6,1,1,0,0.584,0.17999,-12.832
851,21,0,0,5,1,10,1,1,0,0.5835,0.28699,-9.186
852,5,0,0,3,1,2,1,1,0,0.583,2.32225,-59.949
853,15,0,0,4,2,5,1,1,0,0.5825,1.04254,-36.556
854,35,2,2,3,2,9,1,1,0,0.582,0.50086,7.972
855,5,0,0,3,1,4,1,1,0,0.5815,0.72597,-66.638
856,14,0,0,6,2,5,1,1,0,0.5811,0.15631,-5.973
857,7,0,0,3,1,2,1,1,0,0.5806,0.06432,-11.672
858,7,0,0,5,1,2,1,1,0,0.5801,2.22573,-37.12
859,15,0,0,4,2,4,1,1,0,0.5796,0.26429,-5.828
860,32,1,1,4,2,8,1,1,0,0.5791,0.89046,-31.332
861,22,1,1,8,2,7,1,1,0,0.5786,0.64433,-27.556
862,9,0,0,3,1,3,1,1,0,0.5781,0.72336,-27.435
863,6,0,0,3,1,2,1,1,0,0.5776,0.11055,-11.555
864,12,0,0,2,1,4,1,1,0,0.5771,0.42223,-9.999
865,5,0,0,2,1,1,1,1,0,0.5766,3.29722,-30.247
866,9,0,0,3,1,5,1,1,0,0.5761,0.56603,-28.289
867,8,0,0,3,1,3,1,1,0,0.5757,0.41394,-27.883
868,11,0,0,5,1,2,1,1,0,0.5752,1.21405,-37.637
869,31,1,1,5,2,7,1,1,0,0.5747,0.33403,-10.018
870,31,1,1,6,3,10,1,1,0,0.5742,0.73829,-24.906
871,12,0,0,3,1,3,1,1,0,0.5737,0.17136,-8.85
872,8,0,0,2,1,1,1,1,0,0.5732,1.28092,-55.412
873,6,0,0,3,1,3,1,1,0,0.5727,0.93269,-28.459
874,8,0,0,3,1,4,1,1,0,0.5722,0.39794,-11.462
875,7,0,0,2,1,2,1,1,0,0.5717,0.28561,-27.575
876,5,0,0,4,1,3,1,1,0,0.5713,1.18862,-65.697
877,18,0,0,5,1,2,1,1,0,0.5708,0.82087,-36.683
878,5,0,0,3,1,4,1,1,0,0.5703,0.37613,-67.216
879,7,0,0,3,1,3,1,1,0,0.5698,0.3755,-27.859
880,16,0,0,3,2,6,1,1,0,0.5693,0.16128,-3.229
881,8,0,0,2,1,2,1,1,0,0.5688,0.28975,-10.989
882,17,0,0,7,2,3,1,1,0,0.5683,0.79895,-4.905
883,45,3,3,7,3,7,1,1,0,0.5678,0.58758,2.167
884,10,0,0,5,1,2,1,1,0,0.5673,0.76976,-25.439
885,6,0,0,3,1,3,1,1,0,0.5668,0.1452,-12.089
886,7,0,0,5,1,3,1,1,0,0.5664,1.99423,-40.092
887,5,0,0,2,1,2,1,1,0,0.5659,1.45104,-61.772
888,12,0,0,6,1,4,1,1,0,0.5654,1.13506,-37.008
889,9,0,0,3,1,2,1,1,0,0.5649,0.16506,-10.415
890,30,1,1,7,3,7,1,1,0,0.5644,0.83732,12.149
891,6,0,0,1,1,2,1,1,0,0.5639,0.14272,-12.521
892,9,0,0,4,1,1,1,1,0,0.5634,0.67458,-26.744
893,38,0,0,2,1,6,1,1,0,0.5629,0.04684,1.498
894,6,0,0,3,1,3,1,1,0,0.5624,0.09177,-12.049
895,22,1,1,4,2,8,1,1,0,0.5619,0.9056,-24.0
896,8,0,0,3,1,3,1,1,0,0.5615,0.62807,-60.259
897,27,2,2,8,2,8,1,1,0,0.561,0.68625,-23.231
898,6,0,0,1,1,2,1,1,0,0.5605,0.14234,-11.838
899,26,1,1,4,2,11,1,1,0,0.56,0.33738,-13.257
900,10,0,0,2,1,2,1,1,0,0.5595,0.35524,-26.707
901,7,0,0,2,1,4,1,1,0,0.559,0.09484,-12.398
902,6,0,0,2,1,1,1,1,0,0.5585,0.16766,-11.687
903,9,0,0,3,1,3,1,1,0,0.558,0.70384,-10.92
904,6,0,0,3,1,2,1,1,0,0.5575,0.58842,-11.982
905,6,0,0,2,1,3,1,1,0,0.557,0.82996,-29.109
906,8,0,0,3,1,4,1,1,0,0.5565,0.14113,-11.598
907,23,2,2,3,2,5,1,1,0,0.5561,0.8788,-25.429
908,52,2,2,8,3,14,1,1,0,0.5556,0.53326,3.381
909,27,0,0,2,2,6,1,1,0,0.5551,0.62161,-2.979
910,17,1,1,7,2,2,1,1,0,0.5546,1.25923,-0.698
911,20,1,1,4,2,4,1,1,0,0.5541,0.38958,3.054
912,7,0,0,3,1,2,1,1,0,0.5536,0.30213,-64.667
913,7,0,0,2,1,2,1,1,0,0.5531,0.07798,-11.424
914,5,0,0,4,1,3,1,1,0,0.5526,0.29614,-65.054
915,7,0,0,2,1,1,1,1,0,0.5521,0.33763,-64.268
916,6,0,0,2,1,2,1,1,0,0.5516,0.03574,-11.962
917,7,0,0,2,1,4,1,1,0,0.5512,0.22255,-29.16
918,19,1,1,1,2,7,1,1,0,0.5507,0.53738,-10.969
919,7,0,0,2,1,3,1,1,0,0.5502,0.32877,-11.777
920,18,1,1,4,2,5,1,1,0,0.5497,0.95856,-29.605
921,6,0,0,2,1,4,1,1,0,0.5492,0.51906,-29.624
922,22,0,0,6,2,5,1,1,0,0.5487,0.18163,-0.87
923,14,0,0,6,2,5,1,1,0,0.5482,0.23189,-5.517
924,6,0,0,3,1,3,1,1,0,0.5477,0.3559,-28.619
925,18,1,1,4,2,3,1,1,0,0.5472,1.12347,-8.693
926,13,0,0,4,2,3,1,1,0,0.5468,0.10169,-5.94
927,34,3,3,5,3,6,1,1,0,0.5463,0.79299,-9.65
928,7,0,0,3,1,3,1,1,0,0.5458,0.35859,-28.262
929,8,0,0,3,1,4,1,1,0,0.5453,0.27698,-27.91
930,8,0,0,2,1,1,1,1,0,0.5448,0.07725,-10.612
931,24,0,0,3,2,3,1,1,0,0.5443,0.17329,-1.133
932,34,1,1,5,4,13,1,1,0,0.5438,0.62624,-16.453
933,10,0,0,4,1,4,1,1,0,0.5433,0.61483,-63.372
934,8,0,0,2,1,4,1,1,0,0.5428,1.00632,-57.167
935,6,0,0,2,1,3,1,1,0,0.5423,0.24849,-29.363
936,23,1,1,9,2,7,1,1,0,0.5418,0.41773,-8.761
937,18,0,0,4,2,5,1,1,0,0.5414,0.44027,-36.506
938,7,0,0,3,1,4,1,1,0,0.5409,0.27517,-29.153
939,6,0,0,2,1,3,1,1,0,0.5404,0.08805,-12.691
940,17,0,0,5,2,6,1,1,0,0.5399,1.02515,-36.969
941,7,0,0,3,1,3,1,1,0,0.5394,0.06571,-12.042
942,8,0,0,3,1,3,1,1,0,0.5389,0.14498,-28.282
943,8,0,0,3,1,3,1,1,0,0.5384,0.23907,-11.903
944,8,0,0,3,1,2,1,1,0,0.5379,0.06288,-27.513
945,9,0,0,3,1,4,1,1,0,0.5374,0.14529,-12.545
946,7,0,0,3,1,4,1,1,0,0.537,0.03451,-12.287
947,10,0,0,3,1,4,1,1,0,0.5365,0.11292,-10.689
948,6,0,0,3,1,2,1,1,0,0.536,0.07665,-11.746
949,7,0,0,3,1,4,1,1,0,0.5355,0.23161,-29.001
950,8,0,0,2,1,4,1,1,0,0.535,0.18728,-12.142
951,6,0,0,3,1,2,1,1,0,0.5345,0.21532,-12.119
952,8,0,0,3,1,3,1,1,0,0.534,0.03285,-11.827
953,16,0,0,3,2,5,1,1,0,0.5335,1.09521,-36.631
954,5,0,0,4,1,2,1,1,0,0.533,0.59256,-68.551
955,15,0,0,6,2,5,1,1,0,0.5325,1.25972,-5.021
956,22,0,0,3,2,8,1,1,0,0.5321,0.27101,-1.365
957,25,3,3,9,2,6,1,1,0,0.5316,0.82775,-20.533
958,8,0,0,3,1,3,1,1,0,0.5311,0.22705,-11.326
959,7,0,0,2,1,4,1,1,0,0.5306,0.03648,-13.041
960,7,0,0,2,1,1,1,1,0,0.5301,0.12802,-11.096
961,23,2,2,5,2,6,1,1,0,0.5296,0.76543,-32.852
962,17,1,1,3,2,6,1,1,0,0.5291,1.36545,-25.467
963,8,0,0,3,1,4,1,1,0,0.5286,0.09263,-11.852
964,34,1,1,4,2,8,1,1,0,0.5281,0.51726,25.204
965,6,0,0,2,1,3,1,1,0,0.5276,0.206,-29.615
966,6,0,0,2,1,3,1,1,0,0.5272,0.11177,-12.623
967,7,0,0,2,1,2,1,1,0,0.5267,0.13571,-11.549
968,9,0,0,2,1,1,1,1,0,0.5262,0.19381,-27.704
969,8,0,0,3,1,3,1,1,0,0.5257,0.09919,-10.857
970,6,0,0,3,1,3,1,1,0,0.5252,0.31838,-28.57
971,15,0,0,3,2,3,1,1,0,0.5247,1.16117,-33.037
972,16,1,1,4,2,1,1,1,0,0.5242,0.32383,-26.833
973,6,0,0,2,1,1,1,1,0,0.5237,0.16425,-28.563
974,26,1,1,9,2,5,1,1,0,0.5232,0.29342,0.324
975,7,0,0,2,1,2,1,1,0,0.5227,0.09824,-10.934
976,5,0,0,4,1,0,1,1,0,0.5222,0.48758,-67.665
977,9,0,0,2,1,3,1,1,0,0.5218,0.14277,-10.393
978,6,0,0,2,1,2,1,1,0,0.5213,0.11383,-11.514
979,7,0,0,3,1,3,1,1,0,0.5208,0.31642,-11.065
980,7,0,0,3,1,3,1,1,0,0.5203,0.12772,-10.552
981,6,0,0,3,1,1,1,1,0,0.5198,0.19797,-10.249
982,5,0,0,3,1,2,1,1,0,0.5193,0.36849,-68.821
983,6,0,0,2,1,2,1,1,0,0.5188,0.16243,-11.414
984,11,0,0,3,1,4,1,1,0,0.5183,0.14967,-8.319
985,18,0,0,5,2,6,1,1,0,0.5178,0.83496,-28.121
986,17,0,0,4,2,3,1,1,0,0.5173,0.72832,0.006
987,7,0,0,3,1,4,1,1,0,0.5169,0.30756,-28.087
988,6,0,0,2,1,3,1,1,0,0.5164,0.21389,-11.484
989,21,2,2,8,2,9,1,1,0,0.5159,0.66849,-26.715
990,5,0,0,4,1,1,1,1,0,0.5154,0.67535,-65.576
991,13,0,0,5,2,2,1,1,0,0.5149,0.28561,-17.888
992,8,0,0,3,1,1,1,1,0,0.5144,0.1516,-8.815
993,9,0,0,2,1,3,1,1,0,0.5139,0.09818,-9.472
994,6,0,0,3,1,2,1,1,0,0.5134,0.20991,-27.633
995,6,0,0,2,1,1,1,1,0,0.5129,0.04881,-10.372
996,6,0,0,3,1,2,1,1,0,0.5125,0.06329,-10.912
997,16,0,0,3,2,4,1,1,0,0.512,1.10937,-16.807
998,5,0,0,4,1,3,1,1,0,0.5115,0.41727,-66.552
999,9,0,0,3,1,1,1,1,0,0.511,0.18932,-24.643
1000,6,0,0,1,1,1,1,1,0,0.5105,0.86264,-41.218
1001,6,0,0,3,1,2,1,1,0,0.51,0.07931,-10.288
1002,5,0,0,3,1,2,1,1,0,0.5095,0.73174,-66.853
1003,8,0,0,2,1,3,1,1,0,0.509,0.82197,-13.481
1004,23,1,1,3,2,5,1,1,0,0.5085,0.69715,-26.37
1005,6,0,0,2,1,3,1,1,0,0.508,0.47401,-12.475
1006,13,0,0,2,2,3,1,1,0,0.5076,0.99626,-35.945
1007,6,0,0,2,1,2,1,1,0,0.5071,0.19825,-27.797
1008,32,1,1,5,3,10,1,1,0,0.5066,0.39927,15.487
1009,21,1,1,3,2,6,1,1,0,0.5061,0.86886,-24.323
1010,7,0,0,3,1,2,1,1,0,0.5056,0.12344,-26.905
1011,7,0,0,2,1,3,1,1,0,0.5051,0.18825,-27.519
1012,9,0,0,3,1,1,1,1,0,0.5046,0.16714,-24.71
1013,6,0,0,3,1,2,1,1,0,0.5041,0.23196,-10.723
1014,8,0,0,3,1,2,1,1,0,0.5036,0.37232,-26.063
1015,6,0,0,3,1,1,1,1,0,0.5031,0.24114,-11.364
1016,24,1,1,3,2,5,1,1,0,0.5027,0.8473,-25.135
1017,11,0,0,3,1,5,1,1,0,0.5022,0.11978,-8.21
1018,5,0,0,2,1,1,1,1,0,0.5017,0.68421,-67.092
1019,7,0,0,2,1,2,1,1,0,0.5012,0.42401,-13.88
1020,14,1,1,3,2,2,1,1,0,0.5007,1.09757,-2.893
1021,6,0,0,2,1,4,1,1,0,0.5002,0.09951,-29.061
1022,6,0,0,3,1,3,1,1,0,0.4997,0.41072,-66.835
1023,15,0,0,5,2,6,1,1,0,0.4992,0.15933,-19.685
1024,15,0,0,6,2,4,1,1,0,0.4987,0.07017,-1.858
1025,5,0,0,3,1,2,1,1,0,0.4982,0.46511,-67.412
1026,5,0,0,3,1,1,1,1,0,0.4978,0.29854,-68.999
1027,18,0,0,5,2,4,1,1,0,0.4973,0.08098,-0.214
1028,29,1,1,2,2,2,1,1,0,0.4968,0.53858,-18.893
1029,54,2,2,8,3,18,1,1,0,0.4963,0.30231,15.863
1030,17,0,0,5,2,7,1,1,0,0.4958,0.44483,-2.476
1031,31,1,1,5,2,7,1,1,0,0.4953,0.37612,8.117
1032,35,1,1,6,3,8,1,1,0,0.4948,0.61315,7.965
1033,15,0,0,6,2,4,1,1,0,0.4943,0.94973,-45.411
1034,20,0,0,6,2,11,1,1,0,0.4938,0.87112,-30.422
1035,6,0,0,3,1,0,1,1,0,0.4933,0.73854,-26.699
1036,39,1,1,7,2,8,1,1,0,0.4929,0.1892,-3.094
1037,8,0,0,3,1,4,1,1,0,0.4924,0.05513,-10.404
1038,31,0,0,6,3,8,1,1,0,0.4919,0.7197,-8.966
1039,19,2,2,8,2,4,1,1,0,0.4914,1.723,-6.37
1040,7,0,0,3,1,0,1,1,0,0.4909,0.07316,-9.594
1041,21,1,1,7,2,7,1,1,0,0.4904,0.33544,-10.133
1042,25,1,1,2,2,8,1,1,0,0.4899,0.51973,-30.907
1043,41,2,2,4,2,13,1,1,0,0.4894,0.37102,-10.459
1044,8,0,0,3,1,3,1,1,0,0.4889,0.51887,-26.351
1045,5,0,0,3,1,1,1,1,0,0.4884,0.55707,-67.364
1046,16,0,0,5,2,2,1,1,0,0.4879,1.41828,-37.999
1047,7,0,0,3,1,0,1,1,0,0.4875,0.16761,-8.71
1048,7,0,0,3,1,3,1,1,0,0.487,0.05871,-27.52
1049,7,0,0,3,1,2,1,1,0,0.4865,0.10669,-9.877
1050,13,0,0,3,2,2,1,1,0,0.486,0.18083,-4.142
1051,8,0,0,3,1,2,1,1,0,0.4855,0.36803,-65.96
1052,9,0,0,3,1,2,1,1,0,0.485,0.09651,-8.541
1053,5,0,0,3,1,3,1,1,0,0.4845,0.59693,-69.067
1054,14,0,0,4,2,4,1,1,0,0.484,0.84379,-30.424
1055,56,2,2,8,3,6,1,1,0,0.4835,0.57319,33.686
1056,6,0,0,2,1,1,1,1,0,0.4831,0.0578,-10.709
1057,8,0,0,5,1,4,1,1,0,0.4826,0.66885,-26.25
1058,17,0,0,3,2,5,1,1,0,0.4821,1.7974,-10.16
1059,11,0,0,6,1,3,1,1,0,0.4816,1.14293,-37.373
1060,6,0,0,2,1,2,1,1,0,0.4811,0.21848,-11.788
1061,9,0,0,2,1,6,1,1,0,0.4806,0.10019,-10.804
1062,7,0,0,3,1,1,1,1,0,0.4801,0.08487,-9.484
1063,33,1,1,5,2,6,1,1,0,0.4796,0.67201,22.005
1064,28,1,1,4,2,8,1,1,0,0.4791,0.8137,5.989
1065,33,2,2,7,2,9,1,1,0,0.4786,0.56129,15.46
1066,7,0,0,3,1,3,1,1,0,0.4782,0.87833,-27.284
1067,6,0,0,2,1,0,1,1,0,0.4777,0.14649,-10.018
1068,23,1,1,5,2,6,1,1,0,0.4772,0.73855,-9.46
1069,6,0,0,2,1,2,1,1,0,0.4767,0.14309,-10.545
1070,21,0,0,5,2,6,1,1,0,0.4762,0.10838,2.227
1071,10,0,0,2,1,5,1,1,0,0.4757,0.32239,-9.202
1072,12,0,0,3,1,4,1,1,0,0.4752,0.17731,-23.691
1073,7,0,0,3,1,0,1,1,0,0.4747,0.28954,-10.028
1074,28,1,1,4,3,3,1,1,0,0.4742,0.64471,-1.777
1075,32,1,1,3,3,6,1,1,0,0.4737,0.44224,-12.797
1076,9,0,0,3,1,4,1,1,0,0.4733,0.11679,-9.048
1077,6,0,0,1,1,3,1,1,0,0.4728,0.55037,-28.275
1078,7,0,0,2,1,4,1,1,0,0.4723,0.09686,-11.665
1079,8,0,0,1,1,5,1,1,0,0.4718,0.1159,-11.22
1080,21,0,0,3,3,6,1,1,0,0.4713,0.47438,-20.322
1081,9,0,0,6,1,3,1,1,0,0.4708,1.83655,-37.821
1082,37,2,2,4,3,8,1,1,0,0.4703,0.35794,0.473
1083,28,1,1,8,2,8,1,1,0,0.4698,0.47845,-13.73
1084,21,0,0,6,2,5,1,1,0,0.4693,0.1064,1.904
1085,29,1,1,9,3,5,1,1,0,0.4688,0.44475,-9.317
1086,6,0,0,3,1,3,1,1,0,0.4684,0.10179,-12.121
1087,6,0,0,3,1,3,1,1,0,0.4679,0.77692,-11.756
1088,18,0,0,1,1,4,1,1,0,0.4674,0.16072,-7.594
1089,12,0,0,2,1,5,1,1,0,0.4669,0.16349,-9.16
1090,47,0,0,2,1,13,1,1,0,0.4664,0.12217,6.443
1091,15,0,0,3,1,6,1,1,0,0.4659,0.1263,-23.715
1092,63,1,1,3,2,9,1,1,0,0.4654,0.23377,18.906
1093,37,2,2,8,4,10,1,1,0,0.4649,0.70476,1.534
1094,12,0,0,3,1,6,1,1,0,0.4644,0.08167,-10.292
1095,26,2,2,8,2,7,1,1,0,0.4639,0.6841,-5.47
1096,6,0,0,2,1,3,1,1,0,0.4635,0.06125,-12.398
1097,27,1,1,5,2,7,1,1,0,0.463,0.87229,8.303
1098,16,0,0,3,2,5,1,1,0,0.4625,0.17506,-5.265
1099,10,0,0,6,1,2,1,1,0,0.462,1.37719,-38.969
1100,24,0,0,4,3,5,1,1,0,0.4615,0.46312,-14.887
1101,9,0,0,3,1,1,1,1,0,0.461,0.18271,-8.922
1102,6,0,0,3,1,2,1,1,0,0.4605,0.09291,-11.771
1103,21,0,0,1,2,7,1,1,0,0.46,0.20875,1.049
1104,24,1,1,9,2,6,1,1,0,0.4595,0.80898,-6.976
1105,31,2,2,4,2,7,1,1,0,0.459,0.47626,-0.651
1106,7,0,0,3,1,3,1,1,0,0.4586,0.99158,-11.428
1107,45,2,2,7,3,12,1,1,0,0.4581,0.44028,-9.042
1108,31,2,2,6,3,6,1,1,0,0.4576,0.22711,13.395
1109,43,2,2,7,3,8,1,1,0,0.4571,0.41295,-6.651
1110,18,0,0,6,2,3,1,1,0,0.4566,1.02321,-8.178
1111,7,0,0,2,1,3,1,1,0,0.4561,0.34105,-11.817
1112,7,0,0,2,1,3,1,1,0,0.4556,0.3225,-11.367
1113,14,0,0,2,2,3,1,1,0,0.4551,0.22737,-2.275
1114,29,2,2,7,3,4,1,1,0,0.4546,1.18213,8.473
1115,14,0,0,3,2,6,1,1,0,0.4541,0.89215,-29.343
1116,14,0,0,4,2,4,1,1,0,0.4536,1.22007,-21.478
1117,8,0,0,3,1,1,1,1,0,0.4532,0.59354,-10.982
1118,19,2,2,9,2,3,1,1,0,0.4527,0.72125,-9.914
1119,34,2,2,9,3,8,1,1,0,0.4522,0.59698,8.011
1120,6,0,0,2,1,3,1,1,0,0.4517,0.33382,-12.406
1121,18,1,1,5,2,2,1,1,0,0.4512,1.30902,-23.665
1122,24,1,1,4,2,7,1,1,0,0.4507,0.19952,6.525
1123,9,0,0,3,1,4,1,1,0,0.4502,0.33251,-27.911
1124,25,1,1,4,3,8,1,1,0,0.4497,0.99001,-15.07
1125,7,0,0,2,1,2,1,1,0,0.4492,0.67811,-11.172
1126,23,2,2,5,3,5,1,1,0,0.4487,1.14299,-21.148
1127,8,0,0,3,1,3,1,1,0,0.4483,0.24368,-11.618
1128,18,1,1,4,2,4,1,1,0,0.4478,0.84398,0.221
1129,19,0,0,4,2,8,1,1,0,0.4473,0.66753,-40.489
1130,7,0,0,2,1,1,1,1,0,0.4468,0.0697,-10.087
1131,22,1,1,7,2,6,1,1,0,0.4463,0.25385,-10.338
1132,23,0,0,3,3,4,1,1,0,0.4458,0.60294,4.768
1133,32,1,1,6,2,6,1,1,0,0.4453,0.1096,7.173
1134,6,0,0,2,1,2,1,1,0,0.4448,0.08994,-11.632
1135,6,0,0,3,1,1,1,1,0,0.4443,0.06188,-10.837
1136,33,2,2,5,2,10,1,1,0,0.4438,0.61316,0.705
1137,8,0,0,3,1,5,1,1,0,0.4434,1.21518,-61.979
1138,16,1,1,5,2,3,1,1,0,0.4429,0.31144,2.047
1139,8,0,0,3,1,2,1,1,0,0.4424,0.06344,-9.932
1140,7,0,0,3,1,3,1,1,0,0.4419,0.28134,-69.161
1141,15,0,0,4,2,5,1,1,0,0.4414,0.29513,-2.354
1142,7,0,0,2,1,3,1,1,0,0.4409,0.25198,-10.686
1143,29,2,2,4,3,6,1,1,0,0.4404,0.59305,18.686
1144,70,2,2,8,5,11,1,1,0,0.4399,0.66224,61.674
1145,7,0,0,3,1,2,1,1,0,0.4394,0.15072,-10.305
1146,25,0,0,6,3,6,1,1,0,0.4389,0.79039,-9.299
1147,21,0,0,5,2,4,1,1,0,0.4385,0.15567,-0.003
1148,6,0,0,3,1,2,1,1,0,0.438,0.18317,-11.003
1149,21,1,1,5,2,4,1,1,0,0.4375,0.93124,1.251
1150,7,0,0,2,1,3,1,1,0,0.437,0.38285,-11.241
1151,11,0,0,2,1,3,1,1,0,0.4365,0.06815,-8.791
1152,44,2,2,8,4,10,1,1,0,0.436,0.58107,29.658
1153,6,0,0,3,1,2,1,1,0,0.4355,0.40808,-10.869
1154,5,0,0,4,1,2,1,1,0,0.435,0.74544,-66.77
1155,5,0,0,3,1,1,1,1,0,0.4345,0.25426,-69.394
1156,14,0,0,6,2,4,1,1,0,0.4341,0.55163,-3.532
1157,23,0,0,5,2,5,1,1,0,0.4336,0.62965,-34.887
1158,7,0,0,3,1,1,1,1,0,0.4331,0.09878,-10.333
1159,8,0,0,2,1,4,1,1,0,0.4326,0.53936,-11.134
1160,28,1,1,5,3,4,1,1,0,0.4321,0.22695,14.982
1161,31,1,1,8,3,9,1,1,0,0.4316,0.74822,-2.45
1162,16,0,0,3,2,3,1,1,0,0.4311,0.8734,-46.898
1163,8,0,0,2,1,3,1,1,0,0.4306,1.46448,-60.806
1164,18,2,2,7,2,4,1,1,0,0.4301,1.05116,-17.73
1165,5,0,0,4,1,1,1,1,0,0.4296,0.75929,-66.409
1166,24,0,0,5,3,4,1,1,0,0.4292,0.92124,-4.605
1167,28,1,1,6,3,6,1,1,0,0.4287,0.51367,-1.582
1168,25,1,1,6,3,4,1,1,0,0.4282,0.35684,4.905
1169,6,0,0,3,1,1,1,1,0,0.4277,0.12525,-11.842
1170,9,0,0,1,1,3,1,1,0,0.4272,0.50805,-10.322
1171,26,2,2,7,3,6,1,1,0,0.4267,0.79899,-10.806
1172,40,4,4,8,3,3,1,1,0,0.4262,0.49088,35.307
1173,38,0,0,9,4,7,1,1,0,0.4257,0.8204,13.796
1174,14,0,0,5,2,3,1,1,0,0.4252,1.5178,-3.601
1175,22,0,0,6,2,3,1,1,0,0.4247,0.18476,0.646
1176,21,1,1,4,2,6,1,1,0,0.4243,0.67724,-11.673
1177,10,0,0,3,1,2,1,1,0,0.4238,0.25372,-8.905
1178,6,0,0,2,1,1,1,1,0,0.4233,0.16516,-11.71
1179,17,0,0,6,2,4,1,1,0,0.4228,0.67995,-15.464
1180,9,0,0,3,1,3,1,1,0,0.4223,0.08965,-10.434
1181,7,0,0,3,1,2,1,1,0,0.4218,0.12226,-10.213
1182,6,0,0,3,1,0,1,1,0,0.4213,0.14767,-10.35
1183,55,1,1,8,5,13,1,1,0,0.4208,0.79127,33.734
1184,53,1,1,4,3,14,1,1,0,0.4203,0.32218,43.696
1185,41,1,1,14,4,12,1,1,0,0.4198,0.70293,23.08
1186,6,0,0,3,1,2,1,1,0,0.4194,0.75809,-28.489
1187,6,0,0,2,1,1,1,1,0,0.4189,2.92958,-11.167
1188,6,0,0,2,1,0,1,1,0,0.4184,0.44626,-10.74
1189,30,1,1,3,2,7,1,1,0,0.4179,0.52697,-4.488
1190,48,2,2,6,4,9,1,1,0,0.4174,0.61043,35.259
1191,10,0,0,2,1,1,1,1,0,0.4169,0.09801,-8.405
1192,74,1,1,5,4,12,1,1,0,0.4164,0.38926,55.676
1193,39,2,2,8,4,6,1,1,0,0.4159,0.23844,4.762
1194,79,6,6,11,4,13,1,1,0,0.4154,0.37733,42.808
1195,11,0,0,1,1,6,1,1,0,0.4149,0.92038,-47.819
1196,19,1,1,6,2,3,1,1,0,0.4144,0.85283,-14.049
1197,64,4,4,12,6,14,1,1,0,0.414,0.42129,55.963
1198,9,0,0,3,1,0,1,1,0,0.4135,0.14064,-8.217
1199,6,0,0,3,1,3,1,1,0,0.413,0.62766,-11.774
1200,23,0,0,0,1,1,1,1,0,0.4125,0.11031,-3.021
1201,9,0,0,3,1,3,1,1,0,0.412,1.38185,-47.935
1202,24,0,0,4,3,4,1,1,0,0.4115,0.72042,-24.346
1203,19,2,2,7,2,5,1,1,0,0.411,1.03626,-24.149
1204,9,0,0,2,1,3,1,1,0,0.4105,0.12421,-9.742
1205,8,0,0,3,1,1,1,1,0,0.41,0.17551,-9.936
1206,6,0,0,2,1,1,1,1,0,0.4095,0.1929,-11.134
1207,45,2,2,14,4,9,1,1,0,0.4091,0.41111,35.538
1208,7,0,0,1,1,3,1,1,0,0.4086,0.13702,-11.31
1209,5,0,0,3,1,1,1,1,0,0.4081,1.5665,-62.851
1210,6,0,0,3,1,1,1,1,0,0.4076,0.23639,-10.373
1211,6,0,0,2,1,2,1,1,0,0.4071,0.76878,-11.479
1212,34,1,1,5,2,8,1,1,0,0.4066,0.13604,21.357
1213,17,1,1,8,2,2,1,1,0,0.4061,1.08529,-33.057
1214,5,0,0,4,1,2,1,1,0,0.4056,0.79233,-66.467
1215,7,0,0,3,1,4,1,1,0,0.4051,0.93134,-11.515
1216,20,1,1,4,2,6,1,1,0,0.4046,0.40805,4.468
1217,16,0,0,5,2,3,1,1,0,0.4042,0.83769,-26.444
1218,23,2,2,5,2,4,1,1,0,0.4037,0.65689,9.708
1219,8,0,0,2,1,3,1,1,0,0.4032,0.17916,-10.943
1220,6,0,0,1,1,2,1,1,0,0.4027,0.20571,-11.499
1221,7,0,0,2,1,2,1,1,0,0.4022,0.71004,-63.599
1222,18,1,1,5,2,4,1,1,0,0.4017,0.92265,-22.45
1223,16,0,0,3,2,4,1,1,0,0.4012,1.03216,-35.623
1224,6,0,0,1,1,1,1,1,0,0.4007,0.30292,-11.181
1225,6,0,0,1,1,3,1,1,0,0.4002,0.20015,-11.431
1226,7,0,0,2,1,1,1,1,0,0.3997,0.6299,-63.276
1227,59,1,1,3,6,11,1,1,0,0.3993,0.25074,37.737
1228,40,1,1,9,4,7,1,1,0,0.3988,0.53538,6.821
1229,17,1,1,3,2,3,1,1,0,0.3983,0.64612,-43.448
1230,7,0,0,1,1,1,1,1,0,0.3978,0.20829,-9.929
1231,6,0,0,3,1,1,1,1,0,0.3973,0.20931,-10.021
1232,22,2,2,5,2,5,1,1,0,0.3968,0.56337,-21.28
1233,34,1,1,4,3,6,1,1,0,0.3963,0.25512,20.576
1234,6,0,0,3,1,2,1,1,0,0.3958,0.52548,-64.77
1235,5,0,0,2,1,3,1,1,0,0.3953,0.26437,-68.334
1236,5,0,0,4,1,3,1,1,0,0.3948,0.26234,-67.935
1237,26,0,0,5,3,8,1,1,0,0.3944,0.19595,7.031
1238,17,0,0,5,2,4,1,1,0,0.3939,1.01999,-38.482
1239,14,1,1,2,2,2,1,1,0,0.3934,0.95954,-16.706
1240,54,1,1,8,7,7,1,1,0,0.3929,0.18863,40.172
1241,6,0,0,3,1,1,1,1,0,0.3924,0.03852,-11.262
1242,38,0,0,4,5,6,1,1,0,0.3919,0.17981,14.257
1243,22,1,1,3,2,7,1,1,0,0.3914,0.49271,-33.263
1244,17,0,0,6,2,3,1,1,0,0.3909,0.29649,-13.801
1245,14,0,0,5,2,4,1,1,0,0.3904,0.19601,-3.612
1246,5,0,0,4,1,1,1,1,0,0.3899,0.65428,-66.888
1247,92,6,6,19,9,23,1,1,0,0.3895,0.73136,82.24
1248,43,2,2,5,4,5,1,1,0,0.389,0.59356,10.096
1249,46,2,2,12,5,10,1,1,0,0.3885,0.65895,27.411
1250,51,3,3,8,4,10,1,1,0,0.388,0.63825,19.337
1251,16,1,1,5,2,3,1,1,0,0.3875,0.60018,2.9
1252,22,0,0,5,2,5,1,1,0,0.387,0.20636,11.994
1253,14,0,0,5,2,2,1,1,0,0.3865,1.06214,-35.982
1254,18,1,1,3,2,4,1,1,0,0.386,0.24595,5.925
1255,30,0,0,5,3,7,1,1,0,0.3855,0.49153,-2.804
1256,6,0,0,3,1,1,1,1,0,0.3851,0.12114,-11.211
1257,19,2,2,5,2,6,1,1,0,0.3846,1.04925,-16.935
1258,31,0,0,7,4,3,1,1,0,0.3841,0.45938,-2.975
1259,14,0,0,5,2,2,1,1,0,0.3836,0.18467,-2.854
1260,7,0,0,2,1,2,1,1,0,0.3831,0.15043,-11.284
1261,49,2,2,9,5,10,1,1,0,0.3826,0.33045,16.04
1262,8,0,0,5,1,1,1,1,0,0.3821,0.72309,-9.177
1263,26,1,1,6,3,5,1,1,0,0.3816,0.77368,-16.018
1264,9,0,0,1,1,0,1,1,0,0.3811,0.15886,-8.87
1265,6,0,0,2,1,2,1,1,0,0.3806,0.40749,-11.829
1266,13,0,0,5,2,3,1,1,0,0.3802,0.26364,-4.369
1267,46,2,2,10,3,7,1,1,0,0.3797,0.75774,19.964
1268,45,3,3,12,5,4,1,1,0,0.3792,0.46284,7.742
1269,7,0,0,3,1,0,1,1,0,0.3787,0.15467,-9.885
1270,7,0,0,2,1,0,1,1,0,0.3782,0.12615,-10.639
1271,6,0,0,3,1,2,1,1,0,0.3777,0.25823,-11.286
1272,34,2,2,5,2,4,1,1,0,0.3772,0.71971,9.105
1273,39,3,3,5,4,8,1,1,0,0.3767,0.55422,4.351
1274,7,0,0,3,1,3,1,1,0,0.3762,0.06608,-11.399
1275,93,1,1,8,8,20,1,1,0,0.3757,0.32251,45.233
1276,158,6,6,17,10,23,1,1,0,0.3753,0.3704,138.698
1277,14,0,0,9,2,4,1,1,0,0.3748,0.53813,-2.239
1278,18,2,2,6,2,2,1,1,0,0.3743,0.74601,5.257
1279,35,2,2,6,4,6,1,1,0,0.3738,0.35677,-22.999
1280,8,0,0,3,1,4,1,1,0,0.3733,0.28205,-11.341
1281,6,0,0,1,1,3,1,1,0,0.3728,0.32155,-12.827
1282,16,1,1,2,2,3,1,1,0,0.3723,1.1202,-11.556
1283,23,1,1,7,2,5,1,1,0,0.3718,0.61741,-2.764
1284,7,0,0,3,1,3,1,1,0,0.3713,0.75963,-11.044
1285,8,0,0,3,1,2,1,1,0,0.3708,0.20283,-9.007
1286,22,1,1,9,3,3,1,1,0,0.3704,0.35173,-4.042
1287,34,2,2,3,3,6,1,1,0,0.3699,0.28049,-13.62
1288,54,2,2,5,5,9,1,1,0,0.3694,0.17112,37.396
1289,23,1,1,5,3,4,1,1,0,0.3689,0.85329,-11.144
1290,13,0,0,3,2,3,1,1,0,0.3684,1.65146,-31.106
1291,47,0,0,5,6,6,1,1,0,0.3679,0.30694,26.539
1292,10,0,0,2,1,3,1,1,0,0.3674,0.14786,-9.766
1293,30,2,2,5,3,9,1,1,0,0.3669,0.79111,13.79
1294,21,2,2,8,2,5,1,1,0,0.3664,0.53998,10.002
1295,62,2,2,10,7,8,1,1,0,0.3659,0.59621,15.804
1296,6,0,0,3,1,1,1,1,0,0.3655,0.67545,-11.036
1297,5,0,0,3,1,2,1,1,0,0.365,0.64003,-66.384
1298,7,0,0,2,1,4,1,1,0,0.3645,0.1192,-11.972
1299,6,0,0,2,1,1,1,1,0,0.364,0.0791,-10.81
1300,91,3,3,12,7,14,1,1,0,0.3635,0.37753,40.761
1301,26,1,1,5,2,4,1,1,0,0.363,0.57939,-17.522
1302,16,2,2,6,2,4,1,1,0,0.3625,0.95428,-13.683
1303,16,2,2,4,2,1,1,1,0,0.362,0.5926,-12.103
1304,40,2,2,9,4,7,1,1,0,0.3615,0.53869,15.179
1305,20,1,1,7,2,5,1,1,0,0.361,0.89433,4.264
1306,19,1,1,6,2,6,1,1,0,0.3606,1.10776,-24.305
1307,6,0,0,2,1,3,1,1,0,0.3601,0.28413,-12.198
1308,6,0,0,3,1,1,1,1,0,0.3596,0.18975,-10.473
1309,22,2,2,4,2,4,1,1,0,0.3591,0.54609,-31.169
1310,7,0,0,2,1,1,1,1,0,0.3586,0.10148,-10.63
1311,8,0,0,2,1,3,1,1,0,0.3581,0.09601,-10.819
1312,22,2,2,4,2,6,1,1,0,0.3576,0.84782,-22.604
1313,22,2,2,3,2,3,1,1,0,0.3571,0.67388,-6.052
1314,16,0,0,5,2,4,1,1,0,0.3566,0.20811,-1.136
1315,36,1,1,3,2,4,1,1,0,0.3561,0.16629,15.064
1316,46,0,0,3,4,10,1,1,0,0.3557,0.31309,0.732
1317,6,0,0,2,1,3,1,1,0,0.3552,0.11114,-12.069
1318,31,1,1,5,4,6,1,1,0,0.3547,0.79669,16.788
1319,31,0,0,2,4,2,1,1,0,0.3542,0.17109,10.205
1320,17,1,1,5,2,2,1,1,0,0.3537,0.34796,-11.958
1321,18,1,1,5,2,2,1,1,0,0.3532,0.85654,-24.379
1322,5,0,0,2,1,2,1,1,0,0.3527,0.64515,-68.936
1323,54,7,7,13,4,7,1,1,0,0.3522,0.38175,46.596
1324,29,2,2,6,3,3,1,1,0,0.3517,0.43287,20.444
1325,14,0,0,2,2,3,1,1,0,0.3512,0.26323,-3.483
1326,6,0,0,2,1,1,1,1,0,0.3508,0.37319,-11.156
1327,22,0,0,5,3,3,1,1,0,0.3503,0.79631,-25.238
1328,6,0,0,2,1,2,1,1,0,0.3498,0.71711,-11.59
1329,25,0,0,4,3,8,1,1,0,0.3493,0.3568,4.674
1330,6,0,0,2,1,2,1,1,0,0.3488,0.39405,-11.727
1331,5,0,0,4,1,1,1,1,0,0.3483,0.47354,-68.261
1332,58,6,6,19,5,8,1,1,0,0.3478,0.65086,45.595
1333,17,0,0,2,2,4,1,1,0,0.3473,0.75695,-3.198
1334,38,0,0,4,4,9,1,1,0,0.3468,0.44536,3.007
1335,47,3,3,8,4,10,1,1,0,0.3463,0.20529,44.501
1336,7,0,0,3,1,2,1,1,0,0.3458,0.16012,-11.006
1337,5,0,0,4,1,1,1,1,0,0.3454,0.27779,-69.124
1338,19,2,2,3,2,4,1,1,0,0.3449,0.45662,6.802
1339,18,1,1,4,2,1,1,1,0,0.3444,0.94581,-20.182
1340,15,1,1,5,2,2,1,1,0,0.3439,1.30449,2.355
1341,28,1,1,8,3,3,1,1,0,0.3434,0.71615,1.704
1342,16,0,0,4,2,1,1,1,0,0.3429,0.24376,-0.947
1343,16,2,2,7,2,1,1,1,0,0.3424,0.89846,-9.929
1344,5,0,0,3,1,0,1,1,0,0.3419,1.18729,-66.07
1345,21,1,1,3,3,3,1,1,0,0.3414,0.95946,-26.229
1346,17,1,1,9,2,1,1,1,0,0.3409,1.04917,-20.696
1347,16,1,1,4,2,2,1,1,0,0.3405,0.99628,-0.705
1348,17,0,0,7,2,4,1,1,0,0.34,1.07476,-40.495
1349,12,0,0,2,1,4,1,1,0,0.3395,0.09306,-8.761
1350,7,0,0,3,1,0,1,1,0,0.339,0.11441,-9.785
1351,26,3,3,6,3,3,1,1,0,0.3385,0.49096,19.266
1352,17,1,1,3,2,1,1,1,0,0.338,0.46743,4.219
1353,21,2,2,5,2,2,1,1,0,0.3375,0.2946,12.306
1354,83,4,4,18,7,10,1,1,0,0.337,0.45052,86.778
1355,21,0,0,4,3,4,1,1,0,0.3365,0.82214,-30.719
1356,17,2,2,6,2,4,1,1,0,0.3361,0.97773,-14.274
1357,38,2,2,5,2,8,1,1,0,0.3356,0.12772,16.528
1358,37,2,2,6,4,3,1,1,0,0.3351,0.6368,4.295
1359,48,2,2,8,4,9,1,1,0,0.3346,0.45738,0.997
1360,52,2,2,8,5,8,1,1,0,0.3341,0.54573,5.882
1361,32,3,3,10,3,5,1,1,0,0.3336,0.50294,29.411
1362,32,2,2,6,3,2,1,1,0,0.3331,0.45866,-3.907
1363,24,0,0,3,3,3,1,1,0,0.3326,0.73965,-26.713
1364,36,1,1,4,4,8,1,1,0,0.3321,0.17484,21.727
1365,73,1,1,6,6,6,1,1,0,0.3316,0.28125,14.589
1366,21,2,2,7,2,4,1,1,0,0.3312,0.87953,-16.011
1367,48,1,1,5,4,6,1,1,0,0.3307,0.29494,-10.554
1368,17,1,1,3,2,4,1,1,0,0.3302,1.05771,-25.073
1369,45,4,4,6,3,11,1,1,0,0.3297,0.66891,-1.345
1370,21,2,2,3,2,1,1,1,0,0.3292,0.89934,-26.304
1371,60,2,2,8,5,9,1,1,0,0.3287,0.26483,22.193
1372,6,0,0,2,1,2,1,1,0,0.3282,0.09218,-11.38
1373,6,0,0,3,1,2,1,1,0,0.3277,0.09899,-11.029
1374,83,2,2,12,6,10,1,1,0,0.3272,0.42229,28.397
1375,7,0,0,2,1,0,1,1,0,0.3267,0.15349,-9.371
1376,24,1,1,6,3,5,1,1,0,0.3263,0.76884,-36.904
1377,19,3,3,9,2,4,1,1,0,0.3258,0.86193,-15.765
1378,35,2,2,8,3,3,1,1,0,0.3253,0.19885,34.433
1379,6,0,0,1,1,1,1,1,0,0.3248,0.21508,-11.08
1380,30,4,4,9,3,10,1,1,0,0.3243,0.76686,-15.591
1381,19,2,2,5,2,2,1,1,0,0.3238,0.86915,-22.534
1382,7,0,0,2,1,3,1,1,0,0.3233,1.51046,-28.198
1383,5,0,0,4,1,0,1,1,0,0.3228,0.18948,-69.123
1384,28,1,1,9,3,5,1,1,0,0.3223,0.99044,9.856
1385,58,4,4,14,6,15,1,1,0,0.3218,0.534,29.724
1386,50,5,5,11,4,9,1,1,0,0.3214,0.73142,31.06
1387,6,0,0,3,1,0,1,1,0,0.3209,0.21941,-9.791
1388,52,4,4,13,5,8,1,1,0,0.3204,0.6137,22.322
1389,20,2,2,6,2,6,1,1,0,0.3199,0.92305,-31.815
1390,22,0,0,7,3,4,1,1,0,0.3194,0.32204,-13.339
1391,52,2,2,17,6,5,1,1,0,0.3189,0.46401,42.56
1392,16,0,0,5,2,5,1,1,0,0.3184,1.12497,-13.655
1393,48,4,4,10,5,5,1,1,0,0.3179,0.8192,16.283
1394,21,1,1,3,2,8,1,1,0,0.3174,0.78183,-24.059
1395,22,1,1,8,2,3,1,1,0,0.3169,0.53901,-16.608
1396,27,2,2,5,3,6,1,1,0,0.3165,0.79764,-23.447
1397,14,0,0,5,2,3,1,1,0,0.316,1.37556,-19.505
1398,77,3,3,13,8,17,1,1,0,0.3155,0.26973,53.184
1399,17,0,0,4,2,5,1,1,0,0.315,0.26039,-0.102
1400,18,2,2,9,2,1,1,1,0,0.3145,1.03328,-30.044
1401,5,0,0,3,1,2,1,1,0,0.314,0.33515,-68.386
1402,36,2,2,12,4,4,1,1,0,0.3135,0.67804,30.046
1403,6,0,0,2,1,3,1,1,0,0.313,0.82866,-28.821
1404,40,2,2,12,3,9,1,1,0,0.3125,0.51736,20.59
1405,25,2,2,5,2,1,1,1,0,0.312,0.61561,7.27
1406,25,1,1,7,3,3,1,1,0,0.3115,0.8118,-12.381
1407,8,0,0,3,1,3,1,1,0,0.3111,0.13785,-9.054
1408,35,4,4,8,3,5,1,1,0,0.3106,0.71189,37.389
1409,19,3,3,7,2,4,1,1,0,0.3101,0.99751,-6.212
1410,14,0,0,2,2,2,1,1,0,0.3096,0.28584,1.48
1411,6,0,0,2,1,0,1,1,0,0.3091,0.06244,-9.59
1412,6,0,0,3,1,2,1,1,0,0.3086,0.20157,-9.611
1413,20,2,2,7,2,6,1,1,0,0.3081,0.66196,13.705
1414,41,2,2,12,4,6,1,1,0,0.3076,0.52696,22.857
1415,167,5,5,12,9,14,1,1,0,0.3071,0.52621,181.776
1416,7,0,0,3,1,1,1,1,0,0.3066,0.14386,-8.77
1417,7,0,0,3,1,2,1,1,0,0.3062,0.10978,-9.131
1418,32,0,0,8,4,6,1,1,0,0.3057,0.40461,-1.022
1419,6,0,0,2,1,1,1,1,0,0.3052,0.28541,-11.146
1420,101,6,6,14,7,9,1,1,0,0.3047,0.31184,90.399
1421,5,0,0,1,1,1,1,1,0,0.3042,0.63187,-64.887
1422,36,4,4,8,3,5,1,1,0,0.3037,0.53677,-4.095
1423,6,0,0,3,1,2,1,1,0,0.3032,1.29132,-10.806
1424,26,0,0,5,3,0,1,1,0,0.3027,0.5825,14.338
1425,29,3,3,6,3,5,1,1,0,0.3022,0.73686,-23.375
1426,30,2,2,10,3,5,1,1,0,0.3017,0.65746,-16.865
1427,7,0,0,3,1,2,1,1,0,0.3013,0.31738,-10.396
1428,17,1,1,5,2,2,1,1,0,0.3008,0.27119,8.214
1429,16,0,0,4,2,3,1,1,0,0.3003,0.17762,-1.29
1430,5,0,0,4,1,2,1,1,0,0.2998,0.51539,-68.347
1431,37,1,1,3,3,5,1,1,0,0.2993,0.69654,28.873
1432,18,1,1,5,2,4,1,1,0,0.2988,0.45168,-13.148
1433,16,0,0,5,2,5,1,1,0,0.2983,0.27472,-2.01
1434,20,2,2,5,2,3,1,1,0,0.2978,0.42508,11.799
1435,45,1,1,11,4,3,1,1,0,0.2973,0.55411,-7.438
1436,22,1,1,7,3,3,1,1,0,0.2968,1.00866,-9.408
1437,51,6,6,16,4,5,1,1,0,0.2964,0.52261,23.692
1438,27,0,0,7,3,4,1,1,0,0.2959,0.47539,14.98
1439,6,0,0,2,1,1,1,1,0,0.2954,0.46723,-10.704
1440,17,3,3,8,2,2,1,1,0,0.2949,1.02262,-34.038
1441,80,9,9,28,6,1,1,1,0,0.2944,0.51764,72.432
1442,22,0,0,7,3,5,1,1,0,0.2939,0.87765,-11.281
1443,6,0,0,2,1,3,1,1,0,0.2934,0.71793,-65.379
1444,65,4,4,18,5,7,1,1,0,0.2929,0.47096,48.142
1445,6,0,0,3,1,1,1,1,0,0.2924,0.15577,-10.758
1446,43,2,2,7,5,6,1,1,0,0.2919,0.63982,41.87
1447,97,4,4,6,4,11,1,1,0,0.2915,0.27168,114.122
1448,17,1,1,6,2,5,1,1,0,0.291,0.31918,-12.663
1449,25,1,1,4,3,3,1,1,0,0.2905,0.38385,0.443
1450,14,0,0,4,2,2,1,1,0,0.29,0.40237,-2.157
1451,84,4,4,15,5,8,1,1,0,0.2895,0.3949,90.299
1452,14,0,0,6,2,0,1,1,0,0.289,0.82055,-17.879
1453,57,4,4,9,5,9,1,1,0,0.2885,0.58123,23.558
1454,32,1,1,10,3,5,1,1,0,0.288,0.65636,20.518
1455,6,0,0,2,1,1,1,1,0,0.2875,0.38463,-11.245
1456,15,1,1,7,2,1,1,1,0,0.2871,0.76843,-11.914
1457,104,7,7,16,7,11,1,1,0,0.2866,0.34128,126.369
1458,35,1,1,9,2,6,1,1,0,0.2861,0.61055,33.526
1459,7,0,0,2,1,1,1,1,0,0.2856,0.24024,-9.629
1460,14,0,0,5,2,1,1,1,0,0.2851,1.2942,-15.19
1461,45,2,2,8,4,4,1,1,0,0.2846,0.50473,28.308
1462,15,1,1,4,2,2,1,1,0,0.2841,1.28691,4.594
1463,18,1,1,2,2,2,1,1,0,0.2836,1.09348,-27.3
1464,49,4,4,9,4,4,1,1,0,0.2831,0.59187,28.302
1465,17,1,1,4,2,4,1,1,0,0.2826,1.05248,-31.685
1466,36,3,3,10,4,2,1,1,0,0.2822,0.68194,-13.905
1467,35,2,2,12,4,2,1,1,0,0.2817,0.77299,28.625
1468,154,7,7,20,10,17,1,1,0,0.2812,0.36026,184.687
1469,67,5,5,17,6,11,1,1,0,0.2807,0.46951,69.506
1470,20,1,1,5,2,6,1,1,0,0.2802,0.31494,-23.979
1471,18,1,1,7,2,4,1,1,0,0.2797,0.73333,7.472
1472,58,5,5,16,6,11,1,1,0,0.2792,0.60977,54.279
1473,17,2,2,5,2,3,1,1,0,0.2787,1.23517,-25.907
1474,6,0,0,3,1,2,1,1,0,0.2782,0.73438,-10.191
1475,23,1,1,8,3,6,1,1,0,0.2777,0.13518,12.739
1476,108,1,1,10,5,15,1,1,0,0.2772,0.25496,105.535
1477,29,0,0,10,4,6,1,1,0,0.2768,0.21401,-1.473
1478,65,4,4,11,6,9,1,1,0,0.2763,0.2997,49.798
1479,19,2,2,5,2,6,1,1,0,0.2758,0.85274,-33.602
1480,6,0,0,3,1,3,1,1,0,0.2753,0.8392,-28.154
1481,5,0,0,1,1,2,1,1,0,0.2748,3.45774,-42.34
1482,33,1,1,9,4,9,1,1,0,0.2743,0.48759,3.006
1483,73,3,3,12,6,12,1,1,0,0.2738,0.17637,59.742
1484,41,4,4,12,4,6,1,1,0,0.2733,0.49545,0.158
1485,31,4,4,9,3,4,1,1,0,0.2728,0.58866,9.651
1486,115,6,6,18,5,12,1,1,0,0.2723,0.32821,127.774
1487,6,0,0,3,1,2,1,1,0,0.2719,2.61931,-28.727
1488,28,3,3,10,3,5,1,1,0,0.2714,0.63084,-20.353
1489,15,1,1,5,2,5,1,1,0,0.2709,1.15309,-20.448
1490,16,1,1,5,2,4,1,1,0,0.2704,0.1001,-13.018
1491,62,3,3,11,7,8,1,1,0,0.2699,0.59352,38.836
1492,19,0,0,5,2,3,1,1,0,0.2694,0.91195,-11.002
1493,7,0,0,3,1,2,1,1,0,0.2689,0.20395,-11.372
1494,65,2,2,21,8,7,1,1,0,0.2684,0.52267,51.253
1495,15,0,0,3,2,5,1,1,0,0.2679,0.2432,-2.766
1496,40,2,2,12,4,10,1,1,0,0.2674,0.75092,34.667
1497,14,0,0,4,2,3,1,1,0,0.267,0.19298,-2.65
1498,47,2,2,12,5,4,1,1,0,0.2665,0.5037,15.828
1499,15,1,1,4,2,2,1,1,0,0.266,0.18039,1.22
1500,90,5,5,20,8,14,1,1,0,0.2655,0.60547,59.818
1501,42,3,3,7,4,4,1,1,0,0.265,0.74074,39.209
1502,24,1,1,3,3,4,1,1,0,0.2645,0.81289,-21.088
1503,21,0,0,6,3,4,1,1,0,0.264,0.88994,-29.561
1504,28,1,1,9,3,2,1,1,0,0.2635,0.23088,2.76
1505,51,3,3,14,5,7,1,1,0,0.263,0.44329,6.042
1506,17,1,1,5,2,2,1,1,0,0.2626,0.76464,-26.077
1507,17,2,2,8,2,1,1,1,0,0.2621,0.97036,-21.23
1508,16,1,1,6,2,3,1,1,0,0.2616,0.75889,-12.383
1509,74,3,3,26,7,12,1,1,0,0.2611,0.2774,57.192
1510,5,0,0,3,1,1,1,1,0,0.2606,0.36171,-68.512
1511,6,0,0,3,1,1,1,1,0,0.2601,0.1491,-10.087
1512,18,1,1,5,2,5,1,1,0,0.2596,1.10294,-29.168
1513,61,5,5,16,6,2,1,1,0,0.2591,0.39484,41.349
1514,6,0,0,2,1,1,1,1,0,0.2586,0.76792,-10.662
1515,33,2,2,8,3,4,1,1,0,0.2581,0.19371,25.849
1516,30,1,1,5,3,7,1,1,0,0.2577,0.33584,-0.185
1517,5,0,0,3,1,1,1,1,0,0.2572,0.44209,-69.102
1518,18,1,1,7,2,4,1,1,0,0.2567,0.33745,-8.055
1519,8,0,0,3,1,4,1,1,0,0.2562,0.45599,-10.355
1520,15,1,1,4,2,3,1,1,0,0.2557,1.17274,1.532
1521,22,0,0,6,3,5,1,1,0,0.2552,0.40051,-10.994
1522,29,2,2,5,3,2,1,1,0,0.2547,0.307,19.048
1523,22,0,0,7,3,4,1,1,0,0.2542,0.39576,3.073
1524,36,2,2,13,3,7,1,1,0,0.2537,0.56063,16.574
1525,57,5,5,22,5,8,1,1,0,0.2532,0.52917,52.282
1526,63,4,4,18,6,6,1,1,0,0.2528,0.28436,49.983
1527,21,2,2,5,2,4,1,1,0,0.2523,0.79537,-34.429
1528,17,1,1,6,2,3,1,1,0,0.2518,0.70688,-38.438
1529,7,0,0,2,1,0,1,1,0,0.2513,0.17428,-10.711
1530,45,4,4,17,5,5,1,1,0,0.2508,0.65266,43.104
1531,13,1,1,5,2,2,1,1,0,0.2503,1.03965,-29.242
1532,23,0,0,4,3,6,1,1,0,0.2498,0.25411,6.302
1533,16,1,1,3,2,3,1,1,0,0.2493,0.19139,0.86
1534,7,0,0,3,1,1,1,1,0,0.2488,0.15845,-10.01
1535,27,1,1,5,3,6,1,1,0,0.2483,0.2953,1.48
1536,27,3,3,6,3,5,1,1,0,0.2479,0.245,16.533
1537,65,8,8,15,5,11,1,1,0,0.2474,0.35476,54.377
1538,6,0,0,3,1,1,1,1,0,0.2469,0.14257,-10.062
1539,19,3,3,8,2,5,1,1,0,0.2464,0.53241,10.59
1540,24,1,1,8,3,4,1,1,0,0.2459,0.53508,15.77
1541,27,1,1,7,3,4,1,1,0,0.2454,0.72412,-6.422
1542,59,3,3,12,6,10,1,1,0,0.2449,0.30221,48.294
1543,29,2,2,6,3,5,1,1,0,0.2444,0.66482,-23.826
1544,41,4,4,14,4,4,1,1,0,0.2439,0.58444,-0.196
1545,16,0,0,3,2,2,1,1,0,0.2434,0.24589,4.423
1546,27,1,1,9,3,2,1,1,0,0.2429,0.73643,-8.362
1547,17,2,2,6,2,1,1,1,0,0.2425,1.12575,9.181
1548,7,0,0,3,1,0,1,1,0,0.242,0.15722,-9.851
1549,14,0,0,4,2,2,1,1,0,0.2415,1.2568,-30.761
1550,6,0,0,2,1,1,1,1,0,0.241,0.16436,-10.418
1551,14,0,0,3,2,5,1,1,0,0.2405,0.57189,-2.239
1552,28,0,0,8,4,3,1,1,0,0.24,0.4196,16.679
1553,13,0,0,5,2,3,1,1,0,0.2395,1.42063,-0.874
1554,50,4,4,11,5,8,1,1,0,0.239,0.50767,43.27
1555,24,2,2,6,3,3,1,1,0,0.2385,0.58925,2.053
1556,6,0,0,3,1,1,1,1,0,0.2381,0.18783,-10.124
1557,5,0,0,2,1,1,1,1,0,0.2376,2.43469,-9.972
1558,20,1,1,4,2,7,1,1,0,0.2371,0.84851,-23.687
1559,13,0,0,5,2,4,1,1,0,0.2366,1.24421,-45.43
1560,7,0,0,2,1,1,1,1,0,0.2361,1.54901,-9.15
1561,63,6,6,15,6,4,1,1,0,0.2356,0.66787,60.076
1562,5,0,0,4,1,2,1,1,0,0.2351,0.41593,-69.193
1563,13,0,0,3,2,2,1,1,0,0.2346,1.42835,-1.966
1564,118,10,10,27,11,15,1,1,0,0.2341,0.37295,154.995
1565,18,2,2,6,2,4,1,1,0,0.2336,1.04756,-34.388
1566,19,3,3,9,2,3,1,1,0,0.2332,0.79291,-28.309
1567,6,0,0,2,1,0,1,1,0,0.2327,0.1584,-10.133
1568,5,0,0,4,1,2,1,1,0,0.2322,0.45513,-69.419
1569,33,3,3,10,3,2,1,1,0,0.2317,0.70137,34.098
1570,14,1,1,3,2,3,1,1,0,0.2312,0.74779,3.043
1571,17,1,1,4,2,3,1,1,0,0.2307,0.36021,-38.651
1572,123,13,13,33,10,11,1,1,0,0.2302,0.44711,123.937
1573,39,2,2,10,4,2,1,1,0,0.2297,0.38079,39.349
1574,33,4,4,9,3,5,1,1,0,0.2292,0.46741,42.436
1575,77,5,5,21,8,9,1,1,0,0.2287,0.53671,77.471
1576,6,0,0,3,1,0,1,1,0,0.2283,0.34781,-10.224
1577,19,1,1,8,2,2,1,1,0,0.2278,1.00967,-18.278
1578,7,0,0,3,1,2,1,1,0,0.2273,0.27402,-10.482
1579,28,1,1,10,3,5,1,1,0,0.2268,0.52919,9.803
1580,13,0,0,4,2,2,1,1,0,0.2263,1.37121,-31.491
1581,27,1,1,9,3,4,1,1,0,0.2258,0.78096,6.524
1582,53,5,5,13,5,11,1,1,0,0.2253,0.80843,54.735
1583,24,1,1,3,3,3,1,1,0,0.2248,0.94445,-16.435
1584,156,13,13,28,12,25,1,1,0,0.2243,0.35625,184.731
1585,26,2,2,8,3,2,1,1,0,0.2238,0.21331,9.173
1586,27,1,1,6,3,4,1,1,0,0.2234,0.43878,1.627
1587,82,8,8,23,7,9,1,1,0,0.2229,0.45579,106.553
1588,5,0,0,3,1,2,1,1,0,0.2224,0.46523,-70.298
1589,19,2,2,8,2,1,1,1,0,0.2219,0.76332,16.3
1590,7,0,0,3,1,2,1,1,0,0.2214,0.16848,-10.148
1591,40,3,3,9,4,5,1,1,0,0.2209,0.5288,11.338
1592,40,4,4,12,4,7,1,1,0,0.2204,0.43861,27.994
1593,31,0,0,7,4,4,1,1,0,0.2199,0.4653,15.27
1594,23,0,0,7,3,3,1,1,0,0.2194,0.34897,7.512
1595,17,1,1,5,2,2,1,1,0,0.2189,1.03737,5.319
1596,28,2,2,5,3,5,1,1,0,0.2185,0.34633,20.486
1597,73,5,5,17,7,9,1,1,0,0.218,0.28769,91.915
1598,34,2,2,7,3,4,1,1,0,0.2175,0.59137,-0.228
1599,7,0,0,2,1,2,1,1,0,0.217,0.41968,-9.727
1600,135,10,10,33,13,16,1,1,0,0.2165,0.33323,151.387
1601,18,1,1,3,2,5,1,1,0,0.216,0.95828,-27.321
1602,31,2,2,7,3,1,1,1,0,0.2155,0.50887,28.188
1603,14,0,0,3,2,0,1,1,0,0.215,0.18731,-2.261
1604,14,0,0,3,2,1,1,1,0,0.2145,0.50157,-0.811
1605,73,9,9,17,5,5,1,1,0,0.214,0.39076,76.861
1606,35,4,4,9,3,2,1,1,0,0.2136,0.6662,40.296
1607,13,0,0,5,2,2,1,1,0,0.2131,0.40649,0.524
1608,18,2,2,4,2,3,1,1,0,0.2126,0.33872,-34.413
1609,19,1,1,3,2,2,1,1,0,0.2121,0.32126,-8.494
1610,14,0,0,3,2,2,1,1,0,0.2116,0.93461,-47.106
1611,21,3,3,5,2,2,1,1,0,0.2111,0.30522,15.483
1612,6,0,0,2,1,0,1,1,0,0.2106,0.17755,-10.41
1613,60,6,6,16,6,5,1,1,0,0.2101,0.58702,75.334
1614,19,1,1,9,2,4,1,1,0,0.2096,0.36085,-4.946
1615,96,7,7,20,9,14,1,1,0,0.2091,0.46034,117.297
1616,19,1,1,6,2,4,1,1,0,0.2087,0.92668,-10.379
1617,5,0,0,3,1,4,1,1,0,0.2082,3.79055,-44.038
1618,6,0,0,3,1,1,1,1,0,0.2077,0.16007,-9.891
1619,86,9,9,30,8,7,1,1,0,0.2072,0.58999,106.275
1620,17,1,1,4,2,4,1,1,0,0.2067,0.91722,-28.833
1621,47,5,5,11,4,4,1,1,0,0.2062,0.59577,27.784
1622,6,0,0,2,1,1,1,1,0,0.2057,0.15749,-10.023
1623,44,3,3,11,4,3,1,1,0,0.2052,0.51909,64.169
1624,26,1,1,4,3,1,1,1,0,0.2047,0.23067,21.674
1625,16,1,1,3,2,3,1,1,0,0.2042,1.0962,-28.878
1626,29,3,3,10,3,3,1,1,0,0.2037,0.72239,32.226
1627,27,2,2,8,3,3,1,1,0,0.2033,0.24217,26.077
1628,84,3,3,11,7,7,1,1,0,0.2028,0.4475,48.053
1629,56,5,5,14,5,3,1,1,0,0.2023,0.50877,70.829
1630,20,0,0,6,3,1,1,1,0,0.2018,0.36542,9.174
1631,80,6,6,18,8,5,1,1,0,0.2013,0.58802,56.825
1632,61,4,4,15,6,5,1,1,0,0.2008,0.7286,41.981
1633,5,0,0,4,1,1,1,1,0,0.2003,0.65278,-68.974
1634,13,1,1,4,2,3,1,1,0,0.1998,1.77973,-16.135
1635,6,0,0,3,1,0,1,1,0,0.1993,0.24596,-9.704
1636,17,1,1,5,2,0,1,1,0,0.1988,0.25443,8.391
1637,54,5,5,12,5,4,1,1,0,0.1984,0.43257,30.969
1638,7,0,0,1,1,0,1,1,0,0.1979,0.10112,-9.94
1639,17,2,2,8,2,2,1,1,0,0.1974,1.32914,-13.422
1640,35,4,4,10,4,2,1,1,0,0.1969,0.63979,35.322
1641,6,0,0,3,1,0,1,1,0,0.1964,0.17632,-10.103
1642,27,1,1,6,3,3,1,1,0,0.1959,0.56126,-12.688
1643,6,0,0,2,1,2,1,1,0,0.1954,0.10515,-10.566
1644,52,5,5,16,5,9,1,1,0,0.1949,0.35617,44.024
1645,41,2,2,9,5,4,1,1,0,0.1944,0.3036,42.434
1646,23,2,2,6,3,0,1,1,0,0.1939,0.74083,2.3
1647,5,0,0,4,1,1,1,1,0,0.1935,0.39694,-69.275
1648,30,2,2,6,3,3,1,1,0,0.193,0.26623,30.896
1649,27,2,2,9,3,2,1,1,0,0.1925,0.78529,-7.594
1650,59,2,2,15,6,6,1,1,0,0.192,0.34234,16.391
1651,55,4,4,16,5,6,1,1,0,0.1915,0.45504,19.057
1652,26,2,2,11,3,1,1,1,0,0.191,0.77278,25.565
1653,14,0,0,4,2,3,1,1,0,0.1905,0.5758,-16.191
1654,20,0,0,6,3,1,1,1,0,0.19,0.45449,-36.441
1655,22,2,2,7,2,4,1,1,0,0.1895,0.71454,-27.296
1656,22,1,1,7,3,3,1,1,0,0.1891,0.53159,12.116
1657,161,12,12,34,16,9,1,1,0,0.1886,0.27946,225.716
1658,41,3,3,13,4,7,1,1,0,0.1881,0.2221,47.304
1659,51,4,4,13,5,4,1,1,0,0.1876,0.48075,27.525
1660,30,3,3,9,3,2,1,1,0,0.1871,0.20826,32.296
1661,16,1,1,7,2,0,1,1,0,0.1866,0.76943,-37.806
1662,75,6,6,15,7,7,1,1,0,0.1861,0.41498,69.101
1663,37,5,5,8,3,0,1,1,0,0.1856,0.6563,47.333
1664,47,6,6,13,4,7,1,1,0,0.1851,0.54676,18.122
1665,17,1,1,5,2,2,1,1,0,0.1846,0.66157,-7.45
1666,25,2,2,8,3,1,1,1,0,0.1842,0.20431,22.248
1667,20,0,0,9,3,3,1,1,0,0.1837,0.80142,-19.667
1668,26,1,1,5,3,5,1,1,0,0.1832,0.7586,18.198
1669,5,0,0,3,1,0,1,1,0,0.1827,0.44218,-69.388
1670,13,0,0,6,2,1,1,1,0,0.1822,0.84456,0.747
1671,78,4,4,18,7,3,1,1,0,0.1817,0.33256,74.25
1672,49,4,4,10,5,3,1,1,0,0.1812,0.16577,60.548
1673,5,0,0,3,1,0,1,1,0,0.1807,0.27349,-10.252
1674,20,0,0,7,3,4,1,1,0,0.1802,0.96329,-17.145
1675,164,13,13,39,14,14,1,1,0,0.1797,0.32636,223.106
1676,83,5,5,29,9,9,1,1,0,0.1793,0.67095,111.913
1677,77,9,9,24,6,4,1,1,0,0.1788,0.37743,111.414
1678,234,17,17,39,14,19,1,1,0,0.1783,0.27335,328.263
1679,41,4,4,15,4,11,1,1,0,0.1778,0.65601,24.575
1680,16,1,1,4,2,1,1,1,0,0.1773,0.25402,8.266
1681,35,2,2,8,3,5,1,1,0,0.1768,0.54692,41.097
1682,111,12,12,28,9,11,1,1,0,0.1763,0.43733,169.437
1683,119,7,7,18,8,13,1,1,0,0.1758,0.43642,168.146
1684,7,0,0,2,1,0,1,1,0,0.1753,0.18514,-7.287
1685,6,0,0,3,1,0,1,1,0,0.1748,0.12353,-8.489
1686,400,28,28,74,33,37,0,0,1,0.1744,0.31058,590.666
1687,69,5,5,18,6,13,1,1,0,0.1739,0.61586,84.882
1688,13,0,0,4,2,1,1,1,0,0.1734,0.83875,-17.232
1689,7,0,0,3,1,1,1,1,0,0.1729,0.15406,-7.977
1690,81,7,7,14,7,6,1,1,0,0.1724,0.53509,113.549
1691,133,13,13,31,10,6,1,1,0,0.1719,0.27357,176.406
1692,19,1,1,3,2,4,1,1,0,0.1714,0.21093,15.317
1693,63,4,4,13,6,5,1,1,0,0.1709,0.25936,80.9
1694,51,3,3,12,6,8,1,1,0,0.1704,0.65484,27.411
1695,6,0,0,2,1,1,1,1,0,0.1699,0.2003,-9.384
1696,66,6,6,15,6,5,1,1,0,0.1694,0.64701,71.839
1697,18,2,2,8,2,1,1,1,0,0.169,0.76101,-0.409
1698,145,8,8,40,15,11,1,1,0,0.1685,0.35471,209.465
1699,52,6,6,16,4,4,1,1,0,0.168,0.28252,79.412
1700,32,2,2,9,4,7,1,1,0,0.1675,0.52749,-20.741
1701,108,8,8,22,10,17,1,1,0,0.167,0.33002,127.066
1702,75,5,5,12,7,11,1,1,0,0.1665,0.42499,66.468
1703,15,0,0,4,2,0,1,1,0,0.166,0.70939,-12.323
1704,111,7,7,26,12,14,1,1,0,0.1655,0.42874,119.75
1705,5,0,0,3,1,2,1,1,0,0.165,0.36846,-70.251
1706,100,8,8,20,9,16,1,1,0,0.1645,0.66829,129.668
1707,14,0,0,4,2,1,1,1,0,0.1641,0.31271,1.315
1708,25,1,1,5,3,2,1,1,0,0.1636,0.33,21.269
1709,32,2,2,10,3,0,1,1,0,0.1631,0.69521,32.318
1710,293,21,21,59,24,27,1,1,0,0.1626,0.28637,461.92
1711,31,2,2,7,3,4,1,1,0,0.1621,0.68604,0.827
1712,13,0,0,3,2,2,1,1,0,0.1616,0.89966,0.062
1713,7,0,0,3,1,0,1,1,0,0.1611,0.12445,-7.683
1714,16,0,0,3,2,2,1,1,0,0.1606,0.41903,-10.906
1715,29,1,1,7,3,6,1,1,0,0.1601,0.41759,-5.826
1716,76,6,6,12,7,7,1,1,0,0.1596,0.53885,102.007
1717,24,1,1,5,3,3,1,1,0,0.1592,0.37824,18.487
1718,42,5,5,8,4,5,1,1,0,0.1587,0.44589,48.238
1719,14,0,0,5,2,2,1,1,0,0.1582,0.29445,1.439
1720,74,6,6,24,6,7,1,1,0,0.1577,0.54796,77.737
1721,45,1,1,15,5,7,1,1,0,0.1572,0.22085,32.33
1722,19,2,2,9,2,1,1,1,0,0.1567,0.18085,17.373
1723,13,0,0,3,2,2,1,1,0,0.1562,1.3817,-37.637
1724,14,0,0,4,2,2,1,1,0,0.1557,0.1558,1.568
1725,6,0,0,2,1,1,1,1,0,0.1552,0.12515,-9.131
1726,5,0,0,2,1,2,1,1,0,0.1547,3.48411,-10.716
1727,16,0,0,4,2,2,1,1,0,0.1543,0.16637,4.281
1728,254,22,22,56,21,17,1,1,0,0.1538,0.36222,400.86
1729,6,0,0,3,1,1,1,1,0,0.1533,0.03192,-9.246
1730,20,1,1,6,2,1,1,1,0,0.1528,0.13086,13.105
1731,34,0,0,10,5,3,1,1,0,0.1523,0.32262,13.67
1732,13,0,0,5,2,4,1,1,0,0.1518,1.93103,-32.732
1733,67,4,4,16,7,9,1,1,0,0.1513,0.51452,66.693
1734,29,4,4,12,3,6,1,1,0,0.1508,0.53902,34.692
1735,26,3,3,10,3,2,1,1,0,0.1503,0.34213,27.064
1736,118,8,8,28,11,4,1,1,0,0.1498,0.25554,168.094
1737,76,5,5,22,7,7,1,1,0,0.1494,0.45853,63.303
1738,5,0,0,2,1,1,1,1,0,0.1489,1.20075,-9.472
1739,33,1,1,10,4,4,1,1,0,0.1484,0.65317,4.797
1740,20,2,2,5,2,3,1,1,0,0.1479,1.03117,14.172
1741,26,2,2,7,3,3,1,1,0,0.1474,0.40242,28.476
1742,23,0,0,3,3,3,1,1,0,0.1469,0.27577,17.963
1743,6,0,0,3,1,1,1,1,0,0.1464,0.56611,-8.767
1744,24,1,1,7,3,2,1,1,0,0.1459,0.31721,19.457
1745,77,7,7,16,7,4,1,1,0,0.1454,0.42477,93.733
1746,38,2,2,6,4,4,1,1,0,0.1449,0.54775,7.866
1747,62,6,6,17,6,5,1,1,0,0.1445,0.51221,71.134
1748,346,29,29,76,31,18,1,1,0,0.144,0.3831,555.779
1749,17,1,1,6,2,1,1,1,0,0.1435,1.01046,-34.981
1750,5,0,0,3,1,0,1,1,0,0.143,0.28756,-69.202
1751,15,0,0,5,2,1,1,1,0,0.1425,0.25576,2.701
1752,59,4,4,14,6,3,1,1,0,0.142,0.4476,47.112
1753,45,2,2,14,5,0,1,1,0,0.1415,0.43203,37.369
1754,13,0,0,4,2,3,1,1,0,0.141,1.72667,-45.353
1755,27,3,3,10,3,4,1,1,0,0.1405,0.72135,-15.262
1756,54,3,3,15,5,3,1,1,0,0.1401,0.19233,67.834
1757,17,2,2,9,2,1,1,1,0,0.1396,0.66045,-3.965
1758,13,0,0,9,2,3,1,1,0,0.1391,0.59835,-16.122
1759,103,5,5,25,9,9,1,1,0,0.1386,0.21393,123.566
1760,16,2,2,4,2,1,1,1,0,0.1381,0.28189,8.959
1761,6,0,0,3,1,2,1,1,0,0.1376,0.17628,-9.097
1762,6,0,0,3,1,2,1,1,0,0.1371,0.15728,-9.031
1763,49,5,5,16,5,4,1,1,0,0.1366,0.45021,34.891
1764,78,5,5,18,6,7,1,1,0,0.1361,0.41899,67.958
1765,33,4,4,8,3,2,1,1,0,0.1356,0.46161,9.173
1766,14,1,1,7,2,1,1,1,0,0.1352,1.28916,-26.694
1767,13,0,0,3,2,1,1,1,0,0.1347,1.19895,-29.404
1768,16,2,2,4,2,1,1,1,0,0.1342,0.31136,9.437
1769,39,3,3,10,4,5,1,1,0,0.1337,0.7369,23.546
1770,331,29,29,62,27,21,1,1,0,0.1332,0.32877,555.274
1771,17,2,2,6,2,1,1,1,0,0.1327,1.10582,-18.77
1772,26,1,1,8,3,3,1,1,0,0.1322,0.42998,25.434
1773,6,0,0,3,1,1,1,1,0,0.1317,0.33841,-9.107
1774,5,0,0,2,1,2,1,1,0,0.1312,0.39852,-70.797
1775,127,9,9,30,11,10,1,1,0,0.1307,0.23087,190.713
1776,76,8,8,16,6,9,1,1,0,0.1303,0.46392,116.286
1777,52,2,2,11,6,4,1,1,0,0.1298,0.39078,50.682
1778,73,7,7,15,6,6,1,1,0,0.1293,0.44252,114.508
1779,228,18,18,50,17,8,1,1,0,0.1288,0.24597,355.882
1780,16,1,1,4,2,0,1,1,0,0.1283,0.13823,9.616
1781,208,20,20,52,15,9,1,1,0,0.1278,0.26776,351.156
1782,196,17,17,39,16,11,1,1,0,0.1273,0.22899,305.644
1783,56,3,3,16,6,3,1,1,0,0.1268,0.3898,59.547
1784,39,4,4,9,4,5,1,1,0,0.1263,0.21764,48.391
1785,67,4,4,18,6,4,1,1,0,0.1258,0.33277,91.412
1786,96,9,9,29,8,11,1,1,0,0.1254,0.34998,138.436
1787,25,1,1,6,3,2,1,1,0,0.1249,0.44007,7.896
1788,31,2,2,9,3,2,1,1,0,0.1244,0.24098,37.17
1789,22,0,0,5,3,2,1,1,0,0.1239,0.39361,12.206
1790,13,0,0,4,2,2,1,1,0,0.1234,0.61653,2.202
1791,6,0,0,2,1,1,1,1,0,0.1229,0.19255,-9.352
1792,16,2,2,4,2,4,1,1,0,0.1224,1.15076,-28.379
1793,17,1,1,5,2,1,1,1,0,0.1219,0.7665,-21.163
1794,5,0,0,2,1,0,1,1,0,0.1214,2.52594,-26.362
1795,73,5,5,15,8,4,1,1,0,0.1209,0.57414,108.347
1796,6,0,0,3,1,2,1,1,0,0.1205,0.99272,-9.657
1797,76,5,5,15,7,4,1,1,0,0.12,0.22049,110.368
1798,52,5,5,17,6,5,1,1,0,0.1195,0.28943,76.995
1799,43,0,0,9,6,5,1,1,0,0.119,0.28926,27.066
1800,91,7,7,31,10,2,1,1,0,0.1185,0.4925,134.262
1801,18,1,1,6,2,3,1,1,0,0.118,0.93351,-19.561
1802,203,19,19,60,17,13,1,1,0,0.1175,0.3794,346.53
1803,27,3,3,6,3,2,1,1,0,0.117,0.27942,12.908
1804,52,5,5,12,4,5,1,1,0,0.1165,0.23847,84.549
1805,41,2,2,9,4,5,1,1,0,0.116,0.24889,29.703
1806,46,6,6,10,4,2,1,1,0,0.1156,0.37488,51.94
1807,134,10,10,32,11,11,1,1,0,0.1151,0.25036,188.353
1808,34,1,1,7,4,5,1,1,0,0.1146,0.53086,15.077
1809,113,9,9,33,11,3,1,1,0,0.1141,0.37377,134.491
1810,243,25,25,64,19,14,1,1,0,0.1136,0.27855,429.782
1811,17,2,2,5,2,1,1,1,0,0.1131,0.28366,12.131
1812,400,37,37,88,33,26,0,0,1,0.1126,0.2825,727.642
1813,28,0,0,9,4,1,1,1,0,0.1121,0.36072,23.792
1814,68,3,3,11,6,6,1,1,0,0.1116,0.33482,68.062
1815,50,6,6,13,4,2,1,1,0,0.1111,0.25609,77.313
1816,17,1,1,5,2,1,1,1,0,0.1107,0.45267,-22.084
1817,26,1,1,9,3,2,1,1,0,0.1102,0.22662,26.747
1818,51,8,8,12,5,6,1,1,0,0.1097,0.58518,50.052
1819,68,7,7,17,6,3,1,1,0,0.1092,0.386,71.861
1820,52,3,3,14,6,3,1,1,0,0.1087,0.26207,49.565
1821,38,4,4,9,4,2,1,1,0,0.1082,0.27095,51.861
1822,17,1,1,5,2,2,1,1,0,0.1077,0.19737,12.608
1823,196,18,18,49,15,11,1,1,0,0.1072,0.23942,289.726
1824,16,1,1,3,2,1,1,1,0,0.1067,0.26867,-7.13
1825,72,3,3,14,7,8,1,1,0,0.1062,0.56921,77.994
1826,16,2,2,3,2,0,1,1,0,0.1058,1.02944,-29.781
1827,25,2,2,11,3,4,1,1,0,0.1053,0.77301,-3.318
1828,194,17,17,44,16,4,1,1,0,0.1048,0.28068,326.191
1829,80,6,6,16,8,6,1,1,0,0.1043,0.23021,102.068
1830,197,16,16,36,18,8,1,1,0,0.1038,0.32064,337.299
1831,6,0,0,3,1,1,1,1,0,0.1033,0.32391,-8.353
1832,132,14,14,33,12,3,1,1,0,0.1028,0.30928,197.089
1833,5,0,0,2,1,1,1,1,0,0.1023,1.33129,-9.575
1834,56,6,6,13,5,1,1,1,0,0.1018,0.20487,74.896
1835,39,5,5,12,3,2,1,1,0,0.1013,0.45113,28.26
1836,342,24,24,71,31,24,1,1,0,0.1008,0.28202,602.506
1837,16,1,1,7,2,0,1,1,0,0.1004,0.24644,9.3
1838,13,0,0,7,2,0,1,1,0,0.0999,0.35846,2.222
1839,19,1,1,5,2,4,1,1,0,0.0994,0.93819,-22.733
1840,34,1,1,10,4,4,1,1,0,0.0989,0.28158,34.091
1841,144,18,18,39,11,4,1,1,0,0.0984,0.29416,234.902
1842,45,2,2,14,4,4,1,1,0,0.0979,0.37878,75.031
1843,34,5,5,16,3,2,1,1,0,0.0974,0.43912,35.464
1844,27,0,0,9,4,3,1,1,0,0.0969,0.79843,-20.298
1845,223,21,21,53,18,12,1,1,0,0.0964,0.33939,353.452
1846,100,8,8,23,10,7,1,1,0,0.0959,0.24961,145.934
1847,56,5,5,16,5,4,1,1,0,0.0955,0.23216,79.946
1848,94,11,11,25,8,5,1,1,0,0.095,0.38694,124.414
1849,60,5,5,20,6,7,1,1,0,0.0945,0.46342,86.754
1850,6,0,0,3,1,0,1,1,0,0.094,0.31637,-7.861
1851,126,13,13,32,11,7,1,1,0,0.0935,0.2924,180.249
1852,203,22,22,47,19,6,1,1,0,0.093,0.28479,376.53
1853,13,0,0,4,2,2,1,1,0,0.0925,0.43691,-43.879
1854,152,9,9,30,13,7,1,1,0,0.092,0.3066,261.578
1855,72,6,6,17,7,3,1,1,0,0.0915,0.25016,119.07
1856,6,0,0,3,1,1,1,1,0,0.0911,0.29025,-8.382
1857,5,0,0,2,1,2,1,1,0,0.0906,2.29485,-41.488
1858,94,7,7,19,8,10,1,1,0,0.0901,0.18373,162.038
1859,256,28,28,63,20,12,1,1,0,0.0896,0.27642,481.741
1860,5,0,0,2,1,2,1,1,0,0.0891,2.64077,-41.641
1861,50,4,4,18,5,4,1,1,0,0.0886,0.39556,61.77
1862,41,2,2,13,5,2,1,1,0,0.0881,0.2756,57.931
1863,36,3,3,7,3,2,1,1,0,0.0876,0.52272,6.448
1864,93,9,9,21,8,6,1,1,0,0.0871,0.27525,141.438
1865,230,22,22,56,20,8,1,1,0,0.0866,0.30428,418.918
1866,6,0,0,2,1,1,1,1,0,0.0862,0.27185,-8.212
1867,5,0,0,3,1,2,1,1,0,0.0857,3.13523,-41.716
1868,80,5,5,17,7,4,1,1,0,0.0852,0.22202,133.124
1869,227,21,21,47,20,9,1,1,0,0.0847,0.28487,400.41
1870,213,17,17,48,20,6,1,1,0,0.0842,0.25745,360.224
1871,58,4,4,14,6,2,1,1,0,0.0837,0.1788,89.505
1872,60,7,7,26,6,2,1,1,0,0.0832,0.30575,84.27
1873,17,1,1,7,2,2,1,1,0,0.0827,0.29681,14.003
1874,54,4,4,15,5,2,1,1,0,0.0822,0.26281,87.478
1875,400,28,28,79,31,9,0,0,1,0.0817,0.28027,698.374
1876,56,5,5,20,6,4,1,1,0,0.0813,0.40297,74.613
1877,102,11,11,37,10,2,1,1,0,0.0808,0.37259,178.464
1878,13,0,0,9,2,2,1,1,0,0.0803,0.25276,4.423
1879,55,4,4,13,5,3,1,1,0,0.0798,0.35823,48.125
1880,86,8,8,22,7,4,1,1,0,0.0793,0.22079,128.17
1881,122,13,13,33,13,12,1,1,0,0.0788,0.28096,206.587
1882,5,0,0,4,1,0,1,1,0,0.0783,0.2083,-69.069
1883,317,31,31,72,26,9,1,1,0,0.0778,0.28408,556.696
1884,39,3,3,9,3,3,1,1,0,0.0773,0.48753,12.001
1885,400,30,30,75,35,15,0,0,1,0.0768,0.24486,719.922
1886,13,0,0,4,2,2,1,1,0,0.0764,0.39168,4.794
1887,28,2,2,9,3,1,1,1,0,0.0759,0.80708,35.035
1888,95,11,11,28,9,5,1,1,0,0.0754,0.29223,162.549
1889,29,4,4,9,3,4,1,1,0,0.0749,0.81983,37.351
1890,26,1,1,8,3,2,1,1,0,0.0744,0.3355,-2.635
1891,15,0,0,6,2,2,1,1,0,0.0739,0.23959,6.061
1892,400,32,32,78,33,21,0,0,1,0.0734,0.27786,713.348
1893,110,12,12,31,9,3,1,1,0,0.0729,0.22712,202.858
1894,241,25,25,51,20,9,1,1,0,0.0724,0.25298,410.974
1895,400,33,33,83,32,14,0,0,1,0.0719,0.31503,710.497
1896,16,2,2,4,2,2,1,1,0,0.0715,1.17921,-28.212
1897,88,10,10,21,7,3,1,1,0,0.071,0.28576,154.496
1898,13,0,0,3,2,1,1,1,0,0.0705,0.38272,-13.857
1899,92,11,11,19,9,7,1,1,0,0.07,0.51166,149.919
1900,58,4,4,15,6,4,1,1,0,0.0695,0.29008,84.146
1901,314,33,33,86,28,7,1,1,0,0.069,0.31032,592.457
1902,43,3,3,14,5,2,1,1,0,0.0685,0.6105,14.061
1903,70,6,6,28,6,6,1,1,0,0.068,0.4166,74.165
1904,5,0,0,2,1,1,1,1,0,0.0675,0.49734,-69.426
1905,29,0,0,9,4,2,1,1,0,0.067,0.30186,29.566
1906,400,38,38,83,33,15,0,0,1,0.0665,0.25662,759.936
1907,21,0,0,6,3,1,1,1,0,0.0661,0.97043,-6.513
1908,270,27,27,78,23,10,1,1,0,0.0656,0.27869,479.75
1909,109,8,8,22,10,3,1,1,0,0.0651,0.3538,179.43
1910,6,0,0,3,1,0,1,1,0,0.0646,0.25826,-7.195
1911,24,2,2,9,3,2,1,1,0,0.0641,0.68912,-18.877
1912,377,31,31,80,35,16,1,1,0,0.0636,0.3061,679.873
1913,104,11,11,29,10,3,1,1,0,0.0631,0.25972,177.685
1914,6,0,0,2,1,3,1,1,0,0.0626,1.87634,-10.057
1915,400,34,34,83,33,14,0,0,1,0.0621,0.24836,689.916
1916,194,20,20,43,15,13,1,1,0,0.0616,0.29404,354.745
1917,282,26,26,61,25,9,1,1,0,0.0612,0.24831,497.385
1918,108,12,12,30,9,7,1,1,0,0.0607,0.27594,199.311
1919,232,27,27,63,20,9,1,1,0,0.0602,0.28147,424.727
1920,118,16,16,36,10,6,1,1,0,0.0597,0.33493,214.131
1921,149,11,11,42,14,3,1,1,0,0.0592,0.33806,282.645
1922,400,38,38,97,36,13,0,0,1,0.0587,0.26618,789.028
1923,234,18,18,56,22,8,1,1,0,0.0582,0.28111,431.234
1924,166,15,15,46,14,3,1,1,0,0.0577,0.29603,317.444
1925,87,8,8,22,8,4,1,1,0,0.0572,0.292,140.895
1926,400,34,34,85,40,12,0,0,1,0.0567,0.25768,763.618
1927,400,36,36,84,35,10,0,0,1,0.0563,0.23643,779.468
1928,246,27,27,67,21,2,1,1,0,0.0558,0.27485,479.959
1929,293,32,32,75,26,5,1,1,0,0.0553,0.29889,543.571
1930,47,2,2,14,5,5,1,1,0,0.0548,0.54438,37.042
1931,26,1,1,7,3,3,1,1,0,0.0543,0.56813,-16.442
1932,88,10,10,28,8,1,1,1,0,0.0538,0.31584,158.66
1933,104,10,10,30,10,3,1,1,0,0.0533,0.42325,174.124
1934,50,3,3,18,5,4,1,1,0,0.0528,0.22682,75.843
1935,82,11,11,29,8,0,1,1,0,0.0523,0.35621,151.936
1936,272,35,35,78,21,7,1,1,0,0.0518,0.26836,573.246
1937,383,27,27,79,36,13,1,1,0,0.0514,0.23506,711.855
1938,400,42,42,103,36,6,0,0,1,0.0509,0.26579,812.778
1939,274,24,24,70,24,7,1,1,0,0.0504,0.24616,503.654
1940,242,25,25,70,22,10,1,1,0,0.0499,0.3044,457.951
1941,108,11,11,28,10,0,1,1,0,0.0494,0.40881,176.013
1942,70,4,4,20,7,2,1,1,0,0.0489,0.20414,99.263
1943,214,24,24,49,19,3,1,1,0,0.0484,0.32376,423.911
1944,16,1,1,5,2,1,1,1,0,0.0479,0.22742,-4.882
1945,31,3,3,9,3,1,1,1,0,0.0474,0.68484,47.546
1946,188,23,23,49,17,5,1,1,0,0.0469,0.30334,346.816
1947,352,34,34,85,31,8,1,1,0,0.0465,0.24919,692.9
1948,346,39,39,91,29,12,1,1,0,0.046,0.30699,669.148
1949,83,11,11,16,8,1,1,1,0,0.0455,0.2375,153.397
1950,61,5,5,19,6,3,1,1,0,0.045,0.22532,108.375
1951,38,4,4,12,4,4,1,1,0,0.0445,0.63498,29.217
1952,49,5,5,14,5,2,1,1,0,0.044,0.22752,70.6
1953,93,8,8,19,9,2,1,1,0,0.0435,0.28744,169.551
1954,24,1,1,7,3,2,1,1,0,0.043,0.64915,24.785
1955,334,32,32,77,30,7,1,1,0,0.0425,0.22659,663.513
1956,37,3,3,8,4,3,1,1,0,0.0421,0.58649,7.925
1957,349,38,38,95,30,8,1,1,0,0.0416,0.27321,701.731
1958,14,1,1,2,2,1,1,1,0,0.0411,0.4047,7.968
1959,312,33,33,81,27,5,1,1,0,0.0406,0.22739,640.827
1960,74,7,7,21,7,1,1,1,0,0.0401,0.3694,101.627
1961,310,32,32,73,28,3,1,1,0,0.0396,0.28474,627.444
1962,276,31,31,78,26,5,1,1,0,0.0391,0.3085,557.601
1963,400,39,39,95,37,4,0,0,1,0.0386,0.25167,834.53
1964,169,17,17,31,15,6,1,1,0,0.0381,0.28646,334.164
1965,400,40,40,95,35,6,0,0,1,0.0376,0.24095,822.287
1966,53,6,6,16,5,1,1,1,0,0.0372,0.275,95.187
1967,129,14,14,38,11,6,1,1,0,0.0367,0.27732,253.241
1968,26,1,1,5,3,0,1,1,0,0.0362,0.221,33.765
1969,31,4,4,12,3,2,1,1,0,0.0357,0.54206,1.168
1970,359,29,29,85,36,12,1,1,0,0.0352,0.2409,682.552
1971,19,3,3,4,2,3,1,1,0,0.0347,0.63031,19.251
1972,341,32,32,84,31,5,1,1,0,0.0342,0.27328,655.196
1973,400,36,36,97,35,2,0,0,1,0.0337,0.27145,828.628
1974,180,14,14,56,16,5,1,1,0,0.0332,0.32611,326.19
1975,111,13,13,29,10,3,1,1,0,0.0327,0.42635,173.033
1976,370,36,36,92,33,3,1,1,0,0.0323,0.23085,729.333
1977,136,14,14,39,12,3,1,1,0,0.0318,0.32746,231.702
1978,40,4,4,9,4,1,1,1,0,0.0313,0.34157,67.338
1979,60,5,5,23,7,4,1,1,0,0.0308,0.30383,87.057
1980,46,4,4,17,5,3,1,1,0,0.0303,0.36817,76.376
1981,33,2,2,10,4,3,1,1,0,0.0298,0.66973,9.129
1982,124,13,13,33,11,2,1,1,0,0.0293,0.32653,247.548
1983,97,7,7,20,10,2,1,1,0,0.0288,0.2583,175.192
1984,35,3,3,13,4,0,1,1,0,0.0283,0.51302,54.3
1985,400,37,37,90,36,5,0,0,1,0.0278,0.2532,811.885
1986,400,36,36,82,33,10,0,0,1,0.0273,0.20074,803.89
1987,71,3,3,22,8,0,1,1,0,0.0269,0.2384,119.576
1988,324,29,29,75,29,5,1,1,0,0.0264,0.25961,616.027
1989,6,0,0,2,1,1,1,1,0,0.0259,0.1881,-8.408
1990,118,10,10,34,12,6,1,1,0,0.0254,0.24888,180.127
1991,83,10,10,21,8,2,1,1,0,0.0249,0.24376,132.551
1992,400,41,41,92,36,3,0,0,1,0.0244,0.22945,813.358
1993,154,16,16,47,14,7,1,1,0,0.0239,0.32182,250.53
1994,400,41,41,100,35,4,0,0,1,0.0234,0.2103,811.461
1995,400,43,43,97,36,3,0,0,1,0.0229,0.27985,819.901
1996,134,18,18,46,11,3,1,1,0,0.0224,0.27257,259.276
1997,186,13,13,53,18,1,1,1,0,0.022,0.28326,352.73
1998,168,17,17,38,16,2,1,1,0,0.0215,0.37239,329.624
1999,131,13,13,35,12,1,1,1,0,0.021,0.26252,252.314
2000,400,37,37,97,35,1,0,0,1,0.0205,0.26853,798.257
2001,400,41,41,88,34,6,0,0,1,0.02,0.26043,814.152
2002,302,28,28,76,29,6,1,1,0,0.02,0.24841,595.526
2003,400,38,38,95,37,3,0,0,1,0.02,0.24049,814.839
2004,5,0,0,2,1,0,1,1,0,0.02,0.33066,-69.303
2005,400,35,35,95,35,8,0,0,1,0.02,0.23204,806.294
2006,400,38,38,91,38,5,0,0,1,0.02,0.24059,796.501
2007,93,7,7,22,9,1,1,1,0,0.02,0.21019,169.658
2008,400,34,34,97,35,2,0,0,1,0.02,0.23916,784.992
2009,144,14,14,45,13,4,1,1,0,0.02,0.39138,287.424
2010,400,37,37,99,36,5,0,0,1,0.02,0.24194,799.448
2011,400,42,42,107,36,6,0,0,1,0.02,0.23781,832.025
2012,400,40,40,96,36,6,0,0,1,0.02,0.24691,804.934
2013,202,19,19,61,18,3,1,1,0,0.02,0.24047,387.865
2014,171,19,19,42,15,4,1,1,0,0.02,0.2389,325.508
2015,6,0,0,1,1,0,1,1,0,0.02,0.19283,-7.485
2016,13,0,0,5,2,0,1,1,0,0.02,0.88777,6.615
2017,162,19,19,41,14,6,1,1,0,0.02,0.29934,290.553
2018,400,37,37,93,35,7,0,0,1,0.02,0.22474,816.936
2019,17,2,2,8,2,1,1,1,0,0.02,0.45222,1.598
2020,23,1,1,5,3,1,1,1,0,0.02,0.90838,-5.919
2021,257,23,23,67,24,2,1,1,0,0.02,0.29032,510.875
2022,400,37,37,89,36,3,0,0,1,0.02,0.24852,791.66
2023,400,37,37,86,34,8,0,0,1,0.02,0.22189,807.813
2024,36,3,3,12,4,0,1,1,0,0.02,0.35246,55.405
2025,303,30,30,79,28,3,1,1,0,0.02,0.2143,589.682
2026,306,35,35,78,27,8,1,1,0,0.02,0.2725,630.702
2027,400,32,32,81,39,1,0,0,1,0.02,0.21707,778.358
2028,110,13,13,33,9,0,1,1,0,0.02,0.21248,217.464
2029,400,36,36,93,37,2,0,0,1,0.02,0.22976,787.102
2030,400,39,39,100,35,8,0,0,1,0.02,0.25261,800.99
2031,400,41,41,101,35,7,0,0,1,0.02,0.22143,830.289
2032,81,10,10,21,7,3,1,1,0,0.02,0.33729,126.042
2033,400,43,43,92,34,4,0,0,1,0.02,0.22005,832.352
2034,400,39,39,83,36,2,0,0,1,0.02,0.24365,798.648
2035,213,21,21,64,18,3,1,1,0,0.02,0.20454,442.038
2036,400,38,38,101,36,6,0,0,1,0.02,0.24127,828.814
2037,298,30,30,81,25,6,1,1,0,0.02,0.2236,611.515
2038,400,37,37,93,34,4,0,0,1,0.02,0.25392,822.201
2039,75,11,11,25,6,2,1,1,0,0.02,0.36615,105.591
2040,17,1,1,7,2,1,1,1,0,0.02,1.06965,-15.798
2041,171,14,14,47,18,3,1,1,0,0.02,0.37096,272.913
2042,82,12,12,23,7,1,1,1,0,0.02,0.235,143.617
2043,86,11,11,21,8,2,1,1,0,0.02,0.28049,134.763
2044,400,40,40,100,35,8,0,0,1,0.02,0.24671,818.091
2045,400,40,40,87,36,5,0,0,1,0.02,0.2397,821.782
2046,383,39,39,104,35,3,1,1,0,0.02,0.2438,770.2
2047,296,33,33,86,26,3,1,1,0,0.02,0.2626,626.355
2048,62,6,6,17,6,2,1,1,0,0.02,0.46836,114.339
2049,45,5,5,13,4,1,1,1,0,0.02,0.46272,44.369
2050,345,36,36,96,33,7,1,1,0,0.02,0.25944,685.258
2051,400,35,35,94,36,6,0,0,1,0.02,0.25551,830.128
2052,231,29,29,67,20,3,1,1,0,0.02,0.29033,482.54
2053,400,40,40,98,34,4,0,0,1,0.02,0.22852,856.121
2054,400,44,44,105,36,12,0,0,1,0.02,0.2168,830.419
2055,87,9,9,24,7,0,1,1,0,0.02,0.23902,171.323
2056,400,41,41,100,37,7,0,0,1,0.02,0.24948,840.332
2057,117,14,14,39,11,3,1,1,0,0.02,0.35132,194.028
2058,237,30,30,68,20,5,1,1,0,0.02,0.25834,490.968
2059,400,36,36,88,36,5,0,0,1,0.02,0.24615,818.345
2060,119,7,7,20,13,2,1,1,0,0.02,0.22442,215.486
2061,182,21,21,51,16,8,1,1,0,0.02,0.27885,372.534
2062,400,43,43,98,35,3,0,0,1,0.02,0.23304,849.267
2063,283,26,26,71,25,5,1,1,0,0.02,0.26972,580.041
2064,325,28,28,81,32,3,1,1,0,0.02,0.2194,644.278
2065,23,1,1,6,3,1,1,1,0,0.02,0.29647,8.973
2066,400,42,42,99,33,4,0,0,1,0.02,0.20909,852.432
2067,80,5,5,17,9,7,1,1,0,0.02,0.35382,122.373
2068,264,30,30,67,22,9,1,1,0,0.02,0.27084,545.49
2069,400,36,36,88,36,5,0,0,1,0.02,0.22882,803.484
2070,400,40,40,102,35,6,0,0,1,0.02,0.2195,844.1
2071,400,35,35,91,37,5,0,0,1,0.02,0.24995,798.872
2072,76,7,7,20,7,2,1,1,0,0.02,0.20331,123.676
2073,400,35,35,93,36,6,0,0,1,0.02,0.2441,792.695
2074,400,35,35,93,36,7,0,0,1,0.02,0.23398,785.63
2075,400,38,38,96,38,4,0,0,1,0.02,0.24295,806.126
2076,400,34,34,82,38,7,0,0,1,0.02,0.24459,778.206
2077,400,42,42,102,35,8,0,0,1,0.02,0.23361,813.518
2078,229,31,31,68,19,4,1,1,0,0.02,0.28565,473.853
2079,31,3,3,11,3,1,1,1,0,0.02,0.46818,0.306
2080,400,39,39,94,36,5,0,0,1,0.02,0.28381,808.81
2081,400,36,36,92,36,4,0,0,1,0.02,0.23415,801.979
2082,6,0,0,3,1,1,1,1,0,0.02,0.34153,-7.791
2083,245,20,20,53,25,2,1,1,0,0.02,0.25822,463.423
2084,65,5,5,15,6,4,1,1,0,0.02,0.43796,73.819
2085,236,31,31,63,20,5,1,1,0,0.02,0.21674,489.149
2086,102,8,8,26,10,2,1,1,0,0.02,0.2528,182.477
2087,86,8,8,29,8,1,1,1,0,0.02,0.18819,166.855
2088,17,2,2,8,2,0,1,1,0,0.02,1.00436,-30.056
2089,23,1,1,4,3,1,1,1,0,0.02,0.79064,-20.738
2090,85,3,3,22,9,0,1,1,0,0.02,0.42022,137.206
2091,6,0,0,3,1,1,1,1,0,0.02,0.28553,-7.64
2092,400,32,32,87,36,3,0,0,1,0.02,0.23435,776.471
2093,81,11,11,21,6,1,1,1,0,0.02,0.40015,158.819
2094,400,40,40,101,35,6,0,0,1,0.02,0.2179,834.551
2095,168,16,16,48,15,1,1,1,0,0.02,0.26926,329.891
2096,99,10,10,27,9,2,1,1,0,0.02,0.33559,186.602
2097,289,26,26,69,27,5,1,1,0,0.02,0.23866,539.688
2098,400,33,33,92,35,7,0,0,1,0.02,0.21584,803.626
2099,199,16,16,46,18,4,1,1,0,0.02,0.21474,375.44
2100,77,6,6,18,8,3,1,1,0,0.02,0.20217,128.716
2101,258,23,23,68,23,5,1,1,0,0.02,0.23282,504.602
2102,183,21,21,51,16,3,1,1,0,0.02,0.20826,364.643
2103,400,29,29,78,37,6,0,0,1,0.02,0.20845,775.555
2104,324,31,31,79,30,5,1,1,0,0.02,0.25563,630.757
2105,400,40,40,98,36,6,0,0,1,0.02,0.22481,814.758
2106,400,36,36,88,36,3,0,0,1,0.02,0.2231,775.853
2107,44,3,3,13,5,1,1,1,0,0.02,0.21046,48.751
2108,400,44,44,98,35,6,0,0,1,0.02,0.27479,814.488
2109,17,2,2,8,2,2,1,1,0,0.02,1.07551,-15.876
2110,400,37,37,86,35,13,0,0,1,0.02,0.22338,784.967
2111,112,7,7,27,11,5,1,1,0,0.02,0.19202,176.258
2112,101,6,6,28,10,1,1,1,0,0.02,0.23474,170.757
2113,400,39,39,91,36,8,0,0,1,0.02,0.21486,785.8
2114,400,42,42,106,37,6,0,0,1,0.02,0.26066,812.347
2115,400,37,37,94,35,9,0,0,1,0.02,0.24212,793.162
2116,400,38,38,85,33,9,0,0,1,0.02,0.22239,780.901
2117,180,20,20,49,17,2,1,1,0,0.02,0.19917,320.634
2118,95,5,5,22,10,3,1,1,0,0.02,0.18765,160.617
2119,400,40,40,100,36,2,0,0,1,0.02,0.23885,778.497
2120,400,41,41,96,34,10,0,0,1,0.02,0.21099,808.697
2121,313,28,28,73,30,6,1,1,0,0.02,0.3159,549.063
2122,400,44,44,97,37,4,0,0,1,0.02,0.24741,787.549
2123,400,32,32,89,37,7,0,0,1,0.02,0.21641,766.765
2124,17,1,1,7,2,0,1,1,0,0.02,0.49313,-0.535
2125,400,36,36,97,35,7,0,0,1,0.02,0.20625,797.165
2126,117,13,13,30,11,3,1,1,0,0.02,0.27725,177.566
2127,65,7,7,17,7,1,1,1,0,0.02,0.55307,108.025
2128,61,6,6,22,6,0,1,1,0,0.02,0.2405,105.89
2129,253,27,27,62,23,4,1,1,0,0.02,0.25338,490.413
2130,51,3,3,12,5,0,1,1,0,0.02,0.20614,84.422
2131,151,13,13,35,14,0,1,1,0,0.02,0.22405,274.761
2132,97,9,9,21,10,0,1,1,0,0.02,0.36971,173.548
2133,25,1,1,7,3,2,1,1,0,0.02,0.32732,30.413
2134,243,22,22,62,23,5,1,1,0,0.02,0.23765,450.013
2135,123,12,12,27,11,3,1,1,0,0.02,0.19006,238.163
2136,400,44,44,102,35,6,0,0,1,0.02,0.22608,809.703
2137,210,20,20,50,19,0,1,1,0,0.02,0.20139,401.689
2138,82,8,8,23,7,2,1,1,0,0.02,0.28553,102.594
2139,271,26,26,69,25,5,1,1,0,0.02,0.22386,506.367
2140,204,27,27,65,17,3,1,1,0,0.02,0.2521,381.988
2141,400,36,36,98,36,6,0,0,1,0.02,0.24222,791.459
2142,400,34,34,92,35,5,0,0,1,0.02,0.20898,792.772
2143,33,4,4,7,3,2,1,1,0,0.02,0.63291,7.743
2144,170,24,24,53,13,3,1,1,0,0.02,0.23235,358.907
2145,400,40,40,97,34,6,0,0,1,0.02,0.22164,814.724
2146,44,5,5,10,4,0,1,1,0,0.02,0.20095,75.094
2147,39,3,3,10,4,2,1,1,0,0.02,0.25241,46.317
2148,400,34,34,93,38,9,0,0,1,0.02,0.26086,799.306
2149,67,5,5,19,7,4,1,1,0,0.02,0.31453,115.949
2150,49,5,5,14,5,1,1,1,0,0.02,0.49162,64.235
2151,400,35,35,99,36,5,0,0,1,0.02,0.2367,794.966
2152,254,21,21,64,22,1,1,1,0,0.02,0.2197,492.643
2153,5,0,0,2,1,0,1,1,0,0.02,3.54216,-40.422
2154,91,7,7,18,9,3,1,1,0,0.02,0.22951,147.86
2155,400,40,40,101,34,6,0,0,1,0.02,0.21175,803.614
2156,66,4,4,16,7,0,1,1,0,0.02,0.2347,90.577
2157,400,37,37,89,37,3,0,0,1,0.02,0.21612,787.712
2158,52,5,5,12,5,2,1,1,0,0.02,0.22321,66.772
2159,51,7,7,17,5,0,1,1,0,0.02,0.50835,76.165
2160,323,28,28,79,29,4,1,1,0,0.02,0.25326,615.668
2161,259,26,26,61,23,4,1,1,0,0.02,0.27671,451.132
2162,142,13,13,44,13,2,1,1,0,0.02,0.20493,265.154
2163,38,4,4,7,4,1,1,1,0,0.02,0.3172,23.193
2164,140,15,15,38,12,4,1,1,0,0.02,0.2499,241.231
2165,178,18,18,40,17,2,1,1,0,0.02,0.20106,334.701
2166,275,26,26,69,24,5,1,1,0,0.02,0.2559,548.378
2167,207,24,24,60,18,1,1,1,0,0.02,0.2429,393.954
2168,244,22,22,56,23,4,1,1,0,0.02,0.21999,447.927
2169,175,16,16,48,16,5,1,1,0,0.02,0.21112,332.75
2170,356,31,31,72,32,4,1,1,0,0.02,0.20193,670.151
2171,264,25,25,62,25,4,1,1,0,0.02,0.27886,497.645
2172,191,19,19,51,19,3,1,1,0,0.02,0.28506,318.874
2173,400,30,30,81,36,1,0,0,1,0.02,0.21451,782.906
2174,38,3,3,12,4,1,1,1,0,0.02,0.54746,25.573
2175,32,1,1,10,4,0,1,1,0,0.02,0.29299,41.088
2176,377,38,38,87,33,3,1,1,0,0.02,0.24805,711.006
2177,301,30,30,74,27,3,1,1,0,0.02,0.24614,565.752
2178,164,15,15,50,16,3,1,1,0,0.02,0.25185,313.441
2179,400,34,34,85,38,2,0,0,1,0.02,0.2095,791.01
2180,321,28,28,76,28,8,1,1,0,0.02,0.21631,598.406
2181,33,2,2,8,4,2,1,1,0,0.02,0.34785,41.484
2182,47,4,4,9,5,3,1,1,0,0.02,0.58004,30.121
2183,400,31,31,85,37,3,0,0,1,0.02,0.2282,767.5
2184,20,0,0,7,3,1,1,1,0,0.02,0.40476,-18.265
2185,301,29,29,77,28,1,1,1,0,0.02,0.24988,562.488
2186,400,36,36,87,35,1,0,0,1,0.02,0.20597,788.883
2187,96,7,7,23,10,2,1,1,0,0.02,0.38335,162.099
2188,400,31,31,90,38,4,0,0,1,0.02,0.21499,754.273
2189,110,10,10,25,11,1,1,1,0,0.02,0.23273,194.802
2190,400,31,31,93,34,2,0,0,1,0.02,0.20873,752.764
2191,400,33,33,77,35,5,0,0,1,0.02,0.21438,774.135
2192,400,35,35,98,36,9,0,0,1,0.02,0.23898,770.359
2193,6,0,0,2,1,1,1,1,0,0.02,0.30182,-8.736
2194,400,41,41,108,36,5,0,0,1,0.02,0.22765,809.045
2195,400,40,40,105,34,7,0,0,1,0.02,0.2078,784.481
2196,400,39,39,97,37,4,0,0,1,0.02,0.2158,768.658
2197,400,41,41,102,34,4,0,0,1,0.02,0.21515,799.81
2198,334,33,33,78,29,1,1,1,0,0.02,0.21035,655.509
2199,76,9,9,19,7,2,1,1,0,0.02,0.30273,119.224
2200,180,21,21,54,16,3,1,1,0,0.02,0.2259,336.798
2201,400,29,29,77,36,3,0,0,1,0.02,0.19268,769.129
2202,400,40,40,101,35,0,0,0,1,0.02,0.21329,805.96
2203,7,0,0,2,1,0,1,1,0,0.02,0.26854,-7.286
2204,117,17,17,34,10,2,1,1,0,0.02,0.24785,213.39
2205,96,8,8,26,10,1,1,1,0,0.02,0.35829,133.872
2206,400,37,37,93,37,5,0,0,1,0.02,0.20535,786.584
2207,69,7,7,18,7,0,1,1,0,0.02,0.37386,93.761
2208,164,14,14,42,15,3,1,1,0,0.02,0.31531,303.862
2209,53,6,6,15,5,2,1,1,0,0.02,0.35746,90.135
2210,400,36,36,101,37,5,0,0,1,0.02,0.25631,796.041
2211,219,22,22,49,18,4,1,1,0,0.02,0.1913,418.074
2212,56,6,6,19,6,1,1,1,0,0.02,0.3308,93.594
2213,6,0,0,3,1,0,1,1,0,0.02,0.28836,-7.343
2214,400,42,42,97,35,5,0,0,1,0.02,0.23618,791.704
2215,400,40,40,93,33,3,0,0,1,0.02,0.23316,799.663
2216,400,43,43,100,36,1,0,0,1,0.02,0.23516,812.327
2217,17,1,1,4,2,1,1,1,0,0.02,0.1891,14.59
2218,400,41,41,99,34,2,0,0,1,0.02,0.27169,815.199
2219,66,7,7,16,6,1,1,1,0,0.02,0.34264,117.196
2220,63,7,7,20,6,1,1,1,0,0.02,0.47394,114.661
2221,17,1,1,8,2,1,1,1,0,0.02,1.02712,-15.809
2222,368,33,33,91,33,1,1,1,0,0.02,0.24029,715.041
2223,128,13,13,32,13,2,1,1,0,0.02,0.29416,212.418
2224,333,27,27,78,29,3,1,1,0,0.02,0.24856,641.583
2225,175,17,17,46,17,6,1,1,0,0.02,0.26229,330.363
2226,400,39,39,98,36,4,0,0,1,0.02,0.22916,805.234
2227,400,38,38,99,36,6,0,0,1,0.02,0.22548,805.953
2228,66,2,2,17,7,0,1,1,0,0.02,0.30476,104.041
2229,161,23,23,51,13,2,1,1,0,0.02,0.33422,328.333
2230,400,40,40,107,33,6,0,0,1,0.02,0.21763,848.697
2231,400,42,42,85,35,6,0,0,1,0.02,0.21324,816.372
2232,400,39,39,89,36,5,0,0,1,0.02,0.25052,807.441
2233,205,18,18,52,20,3,1,1,0,0.02,0.20804,384.676
2234,337,37,37,83,29,4,1,1,0,0.02,0.24289,657.752
2235,400,33,33,87,37,5,0,0,1,0.02,0.20955,797.778
2236,400,38,38,97,35,8,0,0,1,0.02,0.22801,803.24
2237,269,29,29,69,23,3,1,1,0,0.02,0.20109,552.747
2238,243,21,21,74,23,8,1,1,0,0.02,0.2024,473.184
2239,58,8,8,18,5,3,1,1,0,0.02,0.30589,108.908
2240,270,21,21,51,25,6,1,1,0,0.02,0.1898,485.08
2241,259,32,32,63,21,8,1,1,0,0.02,0.27188,469.892
2242,239,21,21,48,23,2,1,1,0,0.02,0.2789,463.125
2243,54,3,3,17,6,4,1,1,0,0.02,0.42522,31.739
2244,192,23,23,44,17,0,1,1,0,0.02,0.20175,389.104
2245,253,21,21,54,24,3,1,1,0,0.02,0.20011,470.173
2246,400,35,35,82,36,6,0,0,1,0.02,0.2046,788.37
2247,31,2,2,10,4,3,1,1,0,0.02,0.27881,23.048
2248,400,39,39,93,37,7,0,0,1,0.02,0.20183,788.76
2249,58,3,3,10,6,3,1,1,0,0.02,0.22268,86.784
2250,254,26,26,67,23,6,1,1,0,0.02,0.27635,486.876
2251,99,7,7,26,11,4,1,1,0,0.02,0.38418,146.263
2252,400,38,38,100,35,7,0,0,1,0.02,0.23443,796.155
2253,312,27,27,73,29,2,1,1,0,0.02,0.20877,596.495
2254,400,38,38,85,35,4,0,0,1,0.02,0.20625,798.992
2255,6,0,0,2,1,1,1,1,0,0.02,0.21667,-7.733
2256,400,41,41,104,34,3,0,0,1,0.02,0.22025,810.612
2257,71,7,7,19,7,0,1,1,0,0.02,0.21838,129.423
2258,43,4,4,10,4,1,1,1,0,0.02,0.18853,71.577
2259,19,2,2,6,2,1,1,1,0,0.02,0.56636,3.224
2260,390,34,34,85,35,6,1,1,0,0.02,0.21591,760.796
2261,400,38,38,96,35,4,0,0,1,0.02,0.2195,803.283
2262,85,8,8,17,9,2,1,1,0,0.02,0.1771,149.001
2263,37,2,2,8,4,1,1,1,0,0.02,0.19626,51.357
2264,400,36,36,88,35,6,0,0,1,0.02,0.19694,772.454
2265,49,4,4,22,5,1,1,1,0,0.02,0.20013,83.092
2266,400,37,37,83,36,2,0,0,1,0.02,0.2209,773.111
2267,199,22,22,43,16,3,1,1,0,0.02,0.23916,353.759
2268,265,26,26,74,23,3,1,1,0,0.02,0.2206,515.115
2269,199,19,19,45,18,2,1,1,0,0.02,0.25633,378.002
2270,225,23,23,65,20,2,1,1,0,0.02,0.18508,454.62
2271,172,16,16,45,16,2,1,1,0,0.02,0.19924,334.465
2272,60,4,4,15,6,1,1,1,0,0.02,0.19708,106.096
2273,36,3,3,12,4,0,1,1,0,0.02,0.29049,39.647
2274,400,27,27,81,35,0,0,0,1,0.02,0.20359,757.968
2275,313,36,36,82,28,7,1,1,0,0.02,0.20148,616.008
2276,17,2,2,6,2,4,1,1,0,0.02,1.13344,-16.924
2277,400,40,40,108,35,3,0,0,1,0.02,0.20025,835.865
2278,282,24,24,64,27,3,1,1,0,0.02,0.24921,517.251
2279,38,3,3,12,4,0,1,1,0,0.02,0.38533,19.352
2280,400,30,30,72,36,3,0,0,1,0.02,0.21577,766.351
2281,400,36,36,91,34,1,0,0,1,0.02,0.17312,807.092
2282,400,40,40,94,32,6,0,0,1,0.02,0.19607,808.534
2283,197,22,22,45,16,4,1,1,0,0.02,0.22183,379.744
2284,400,36,36,89,34,7,0,0,1,0.02,0.22176,801.315
2285,37,3,3,11,4,0,1,1,0,0.02,0.31626,52.077
2286,174,16,16,44,15,1,1,1,0,0.02,0.24801,330.523
2287,225,23,23,54,20,7,1,1,0,0.02,0.28047,435.952
2288,400,36,36,88,35,1,0,0,1,0.02,0.22443,806.912
2289,32,1,1,8,4,3,1,1,0,0.02,0.61217,7.127
2290,113,10,10,36,11,2,1,1,0,0.02,0.21758,208.434
2291,281,32,32,65,24,4,1,1,0,0.02,0.23516,553.142
2292,45,3,3,12,5,2,1,1,0,0.02,0.38668,19.434
2293,161,21,21,47,14,6,1,1,0,0.02,0.28545,279.528
2294,182,22,22,53,15,4,1,1,0,0.02,0.17191,359.806
2295,400,42,42,91,37,6,0,0,1,0.02,0.21547,813.988
2296,339,34,34,71,31,2,1,1,0,0.02,0.24365,662.594
2297,140,12,12,32,13,2,1,1,0,0.02,0.18947,254.912
2298,113,7,7,31,12,2,1,1,0,0.02,0.29178,210.454
2299,79,9,9,19,7,1,1,1,0,0.02,0.15981,151.182
2300,151,19,19,42,12,2,1,1,0,0.02,0.16529,308.498
2301,322,28,28,70,29,6,1,1,0,0.02,0.20834,613.375
2302,400,32,32,87,35,5,0,0,1,0.02,0.18286,791.595
2303,30,1,1,6,4,1,1,1,0,0.02,0.24503,17.445
2304,268,26,26,67,25,4,1,1,0,0.02,0.19822,525.252
2305,248,24,24,55,22,3,1,1,0,0.02,0.18622,466.152
2306,400,38,38,93,36,4,0,0,1,0.02,0.18131,810.621
2307,400,40,40,88,37,7,0,0,1,0.02,0.21128,809.609
2308,87,10,10,20,7,1,1,1,0,0.02,0.35438,169.083
2309,324,30,30,86,28,1,1,1,0,0.02,0.21358,650.232
2310,400,37,37,101,35,5,0,0,1,0.02,0.19144,824.407
2311,139,15,15,34,13,3,1,1,0,0.02,0.18122,250.396
2312,400,35,35,84,34,1,0,0,1,0.02,0.17672,791.735
2313,241,29,29,74,20,3,1,1,0,0.02,0.18728,483.582
2314,125,14,14,29,10,1,1,1,0,0.02,0.19464,250.518
2315,158,17,17,44,13,2,1,1,0,0.02,0.20594,320.942
2316,19,1,1,5,2,0,1,1,0,0.02,0.13605,17.536
2317,311,32,32,83,28,2,1,1,0,0.02,0.29262,586.642
2318,104,13,13,32,10,1,1,1,0,0.02,0.25071,198.484
2319,400,31,31,81,35,4,0,0,1,0.02,0.22229,788.327
2320,400,43,43,105,36,2,0,0,1,0.02,0.22219,830.286
2321,239,24,24,63,21,1,1,1,0,0.02,0.19364,482.21
2322,27,3,3,9,3,1,1,1,0,0.02,0.73856,2.195
2323,251,24,24,67,23,3,1,1,0,0.02,0.2106,495.013
2324,400,38,38,88,35,4,0,0,1,0.02,0.20729,816.677
2325,400,36,36,101,36,7,0,0,1,0.02,0.23439,809.4
2326,335,39,39,94,30,1,1,1,0,0.02,0.22912,679.884
2327,385,40,40,96,35,8,1,1,0,0.02,0.25279,768.812
2328,291,27,27,66,27,6,1,1,0,0.02,0.2534,565.405
2329,400,35,35,84,37,0,0,0,1,0.02,0.19627,802.267
2330,368,37,37,94,30,2,1,1,0,0.02,0.21966,762.478
2331,400,34,34,97,36,6,0,0,1,0.02,0.23186,799.124
2332,400,40,40,99,37,3,0,0,1,0.02,0.21952,800.46
2333,7,0,0,2,1,0,1,1,0,0.02,0.34081,-5.302
2334,104,12,12,35,9,2,1,1,0,0.02,0.21319,203.826
2335,109,13,13,30,10,0,1,1,0,0.02,0.18478,215.046
2336,400,37,37,94,35,7,0,0,1,0.02,0.19067,813.676
2337,300,23,23,62,27,4,1,1,0,0.02,0.18404,554.198
2338,237,17,17,60,21,1,1,1,0,0.02,0.24774,462.834
2339,103,10,10,25,9,4,1,1,0,0.02,0.30767,193.11
2340,290,22,22,73,26,2,1,1,0,0.02,0.20322,537.201
2341,290,28,28,67,25,7,1,1,0,0.02,0.21064,545.11
2342,400,38,38,88,37,11,0,0,1,0.02,0.22504,779.261
2343,47,4,4,11,5,1,1,1,0,0.02,0.15893,78.863
2344,302,27,27,67,28,7,1,1,0,0.02,0.3076,572.887
2345,42,4,4,13,4,2,1,1,0,0.02,0.33479,68.394
2346,400,42,42,108,34,13,0,0,1,0.02,0.24251,825.765
2347,231,25,25,51,21,6,1,1,0,0.02,0.25531,432.406
2348,378,33,33,88,34,11,1,1,0,0.02,0.22426,696.94
2349,400,38,38,97,35,5,0,0,1,0.02,0.18524,802.684
2350,400,38,38,96,35,6,0,0,1,0.02,0.22724,794.883
2351,7,0,0,3,1,1,1,1,0,0.02,1.15429,-6.975
2352,400,35,35,89,35,3,0,0,1,0.02,0.20142,787.719
2353,123,11,11,39,12,2,1,1,0,0.02,0.32301,198.116
2354,47,6,6,14,4,1,1,1,0,0.02,0.28069,81.786
2355,400,27,27,77,36,0,0,0,1,0.02,0.19243,765.453
2356,226,27,27,67,20,4,1,1,0,0.02,0.22746,452.075
2357,166,14,14,45,15,2,1,1,0,0.02,0.24081,278.059
2358,400,31,31,87,35,3,0,0,1,0.02,0.20889,769.719
2359,400,37,37,83,36,3,0,0,1,0.02,0.19304,815.079
2360,93,11,11,31,8,4,1,1,0,0.02,0.31253,129.624
2361,400,42,42,98,33,6,0,0,1,0.02,0.19637,810.142
2362,145,9,9,30,14,0,1,1,0,0.02,0.19354,264.459
2363,400,36,36,93,37,8,0,0,1,0.02,0.22196,774.117
2364,379,35,35,81,35,3,1,1,0,0.02,0.2272,725.064
2365,400,34,34,97,35,4,0,0,1,0.02,0.20172,793.692
2366,173,21,21,47,14,4,1,1,0,0.02,0.28175,320.026
2367,101,13,13,33,9,4,1,1,0,0.02,0.34932,161.097
2368,44,2,2,15,5,1,1,1,0,0.02,0.39157,46.775
2369,400,35,35,99,37,7,0,0,1,0.02,0.20794,782.702
2370,61,5,5,12,6,2,1,1,0,0.02,0.18506,80.334
2371,400,41,41,94,36,4,0,0,1,0.02,0.2062,795.609
2372,400,39,39,95,34,3,0,0,1,0.02,0.22261,810.086
2373,113,13,13,33,9,1,1,1,0,0.02,0.25762,222.669
2374,400,38,38,91,34,5,0,0,1,0.02,0.24632,800.214
2375,400,38,38,86,36,3,0,0,1,0.02,0.2104,792.006
2376,95,10,10,26,9,1,1,1,0,0.02,0.28582,158.196
2377,19,2,2,4,2,1,1,1,0,0.02,0.31898,20.058
2378,328,28,28,85,31,1,1,1,0,0.02,0.18474,594.143
2379,400,38,38,91,35,2,0,0,1,0.02,0.19307,800.683
2380,111,12,12,34,11,1,1,1,0,0.02,0.19609,212.263
2381,400,41,41,92,36,4,0,0,1,0.02,0.19027,807.717
2382,21,1,1,8,3,0,1,1,0,0.02,0.53751,19.966
2383,31,3,3,11,3,0,1,1,0,0.02,0.61726,-0.252
2384,400,36,36,103,36,3,0,0,1,0.02,0.22358,804.009
2385,13,0,0,5,2,1,1,1,0,0.02,0.93835,-11.294
2386,400,37,37,83,34,2,0,0,1,0.02,0.2171,789.893
2387,400,34,34,87,35,7,0,0,1,0.02,0.22199,789.042
2388,86,7,7,23,8,2,1,1,0,0.02,0.3412,121.669
2389,398,35,35,85,35,0,1,1,0,0.02,0.21081,737.96
2390,119,12,12,30,11,3,1,1,0,0.02,0.19824,225.259
2391,177,21,21,51,16,3,1,1,0,0.02,0.20594,347.963
2392,400,41,41,91,35,3,0,0,1,0.02,0.20902,793.994
2393,267,24,24,66,24,3,1,1,0,0.02,0.22895,504.139
2394,400,46,46,97,35,6,0,0,1,0.02,0.22137,836.92
2395,356,39,39,89,33,8,1,1,0,0.02,0.2285,705.896
2396,159,19,19,40,13,2,1,1,0,0.02,0.18572,304.311
2397,30,1,1,8,4,0,1,1,0,0.02,0.75263,7.753
2398,400,37,37,87,35,7,0,0,1,0.02,0.21291,795.514
2399,380,38,38,94,32,7,1,1,0,0.02,0.19205,788.078
2400,157,16,16,41,14,2,1,1,0,0.02,0.1874,299.173
2401,400,41,41,92,36,6,0,0,1,0.02,0.19821,812.531
2402,400,35,35,88,37,2,0,0,1,0.02,0.21506,797.193
2403,400,31,31,85,37,5,0,0,1,0.02,0.19353,783.881
2404,123,13,13,27,11,1,1,1,0,0.02,0.34932,232.455
2405,20,0,0,10,3,1,1,1,0,0.02,0.22566,19.333
2406,110,8,8,31,11,2,1,1,0,0.02,0.2935,207.807
2407,351,38,38,83,30,1,1,1,0,0.02,0.18871,715.985
2408,40,4,4,10,4,3,1,1,0,0.02,0.603,56.87
2409,214,19,19,56,19,6,1,1,0,0.02,0.2717,363.904
2410,400,41,41,94,36,1,0,0,1,0.02,0.19246,829.327
2411,400,39,39,91,35,5,0,0,1,0.02,0.19645,809.89
2412,346,35,35,100,30,4,1,1,0,0.02,0.20261,707.341
2413,153,19,19,49,14,1,1,1,0,0.02,0.20461,307.821
2414,96,14,14,29,8,1,1,1,0,0.02,0.18723,176.768
2415,400,38,38,89,35,2,0,0,1,0.02,0.17378,835.127
2416,308,25,25,82,29,3,1,1,0,0.02,0.18601,602.134
2417,7,0,0,3,1,0,1,1,0,0.02,0.33407,-5.824
2418,305,32,32,78,26,2,1,1,0,0.02,0.19193,617.287
2419,157,13,13,36,15,3,1,1,0,0.02,0.23993,242.807
2420,400,37,37,87,36,5,0,0,1,0.02,0.19364,807.571
2421,395,33,33,89,35,3,1,1,0,0.02,0.20711,764.372
2422,36,2,2,9,4,3,1,1,0,0.02,0.57066,17.381
2423,161,18,18,40,13,1,1,1,0,0.02,0.23061,310.319
2424,400,35,35,100,35,3,0,0,1,0.02,0.18502,811.827
2425,28,2,2,6,3,1,1,1,0,0.02,0.48645,4.546
2426,400,32,32,89,36,5,0,0,1,0.02,0.20072,797.435
2427,132,15,15,40,13,1,1,1,0,0.02,0.35247,235.117
2428,400,32,32,78,35,2,0,0,1,0.02,0.1839,789.001
2429,400,38,38,99,33,8,0,0,1,0.02,0.21655,816.754
2430,359,31,31,78,32,6,1,1,0,0.02,0.19794,664.459
2431,36,3,3,11,4,1,1,1,0,0.02,0.20209,55.977
2432,126,15,15,34,12,2,1,1,0,0.02,0.20976,236.1
2433,229,16,16,63,22,4,1,1,0,0.02,0.23961,416.641
2434,343,34,34,90,29,2,1,1,0,0.02,0.20689,685.619
2435,224,23,23,52,20,4,1,1,0,0.02,0.29617,394.72
2436,400,37,37,104,36,7,0,0,1,0.02,0.18669,812.328
2437,400,41,41,91,35,3,0,0,1,0.02,0.19529,826.355
2438,54,3,3,13,6,1,1,1,0,0.02,0.24551,47.193
2439,400,39,39,102,35,4,0,0,1,0.02,0.2063,820.016
2440,400,38,38,94,34,6,0,0,1,0.02,0.20307,826.586
2441,139,9,9,28,14,0,1,1,0,0.02,0.17265,234.736
2442,79,9,9,24,7,0,1,1,0,0.02,0.33543,116.694
2443,26,2,2,8,3,1,1,1,0,0.02,0.78255,-8.644
2444,214,22,22,56,19,1,1,1,0,0.02,0.17701,431.344
2445,373,39,39,100,32,8,1,1,0,0.02,0.19921,724.916
2446,400,42,42,88,34,5,0,0,1,0.02,0.19194,808.41
2447,36,3,3,13,4,1,1,1,0,0.02,0.41573,7.859
2448,388,36,36,91,34,4,1,1,0,0.02,0.2051,746.174
2449,25,1,1,9,3,1,1,1,0,0.02,0.12823,31.475
2450,400,42,42,108,36,1,0,0,1,0.02,0.20923,818.421
2451,400,38,38,91,34,8,0,0,1,0.02,0.18603,803.648
2452,385,40,40,100,33,4,1,1,0,0.02,0.20995,783.925
2453,226,25,25,60,19,6,1,1,0,0.02,0.22798,436.228
2454,44,6,6,14,4,0,1,1,0,0.02,0.53251,77.989
2455,127,9,9,26,11,4,1,1,0,0.02,0.20972,239.288
2456,400,34,34,93,37,3,0,0,1,0.02,0.20603,802.534
2457,241,23,23,68,22,5,1,1,0,0.02,0.24267,470.896
2458,155,16,16,38,14,1,1,1,0,0.02,0.27225,249.791
2459,400,45,45,106,34,1,0,0,1,0.02,0.21283,839.93
2460,55,7,7,15,5,2,1,1,0,0.02,0.48804,99.12
2461,23,2,2,5,3,1,1,1,0,0.02,0.27866,26.465
2462,400,38,38,94,36,4,0,0,1,0.02,0.24779,792.48
2463,245,26,26,67,23,1,1,1,0,0.02,0.21107,493.989
2464,400,41,41,101,36,6,0,0,1,0.02,0.21179,822.648
2465,400,39,39,98,36,3,0,0,1,0.02,0.20367,829.585
2466,400,32,32,83,33,8,0,0,1,0.02,0.21302,784.83
2467,400,35,35,95,37,1,0,0,1,0.02,0.20672,788.74
2468,46,6,6,16,4,1,1,1,0,0.02,0.22351,81.945
2469,311,33,33,78,29,5,1,1,0,0.02,0.28832,547.798
2470,101,15,15,28,9,1,1,1,0,0.02,0.2204,202.634
2471,64,3,3,16,7,1,1,1,0,0.02,0.43901,106.321
2472,400,36,36,94,39,8,0,0,1,0.02,0.22688,803.24
2473,92,7,7,21,9,1,1,1,0,0.02,0.33245,169.349
2474,158,20,20,45,15,1,1,1,0,0.02,0.20867,314.2
2475,16,1,1,3,2,1,1,1,0,0.02,0.19716,-6.056
2476,121,13,13,39,11,3,1,1,0,0.02,0.25997,203.893
2477,223,30,30,53,19,3,1,1,0,0.02,0.20179,463.317
2478,23,1,1,5,3,0,1,1,0,0.02,0.60789,-6.053
2479,146,20,20,41,13,2,1,1,0,0.02,0.29513,272.966
2480,252,29,29,66,23,2,1,1,0,0.02,0.1937,506.493
2481,5,0,0,2,1,1,1,1,0,0.02,1.33229,-8.974
2482,37,2,2,12,4,2,1,1,0,0.02,0.59173,24.633
2483,203,23,23,59,18,1,1,1,0,0.02,0.21573,366.843
2484,39,5,5,14,4,2,1,1,0,0.02,0.17619,66.755
2485,400,42,42,101,36,8,0,0,1,0.02,0.20932,833.447
2486,51,7,7,13,4,2,1,1,0,0.02,0.47908,63.62
2487,301,32,32,76,27,3,1,1,0,0.02,0.20092,614.518
2488,104,8,8,27,10,1,1,1,0,0.02,0.17047,178.581
2489,175,17,17,46,16,5,1,1,0,0.02,0.28753,346.247
2490,220,23,23,56,19,4,1,1,0,0.02,0.27909,432.295
2491,61,3,3,13,6,2,1,1,0,0.02,0.36927,53.829
2492,89,7,7,27,8,1,1,1,0,0.02,0.2211,163.301
2493,288,34,34,85,25,0,1,1,0,0.02,0.21482,610.529
2494,79,12,12,30,7,1,1,1,0,0.02,0.3334,143.975
2495,400,40,40,96,34,4,0,0,1,0.02,0.22532,831.364
2496,265,30,30,75,23,4,1,1,0,0.02,0.21541,564.074
2497,400,39,39,94,35,10,0,0,1,0.02,0.21277,844.367
2498,400,36,36,101,38,4,0,0,1,0.02,0.19696,828.122
2499,400,36,36,102,38,11,0,0,1,0.02,0.19993,829.079
2500,28,3,3,6,3,2,1,1,0,0.02,0.7346,-3.654
