round,steps,score,coins,crates,bombs,invalid,killed_self,got_killed,survived,epsilon,mean_abs_td,total_reward
1,63,1,1,25,7,4,1,1,0,0.25,0.3671,129.327
2,85,1,1,23,9,7,1,1,0,0.2499,0.40078,180.212
3,20,0,0,8,3,1,1,1,0,0.2499,0.87294,25.904
4,33,1,1,10,3,4,1,1,0,0.2498,0.53331,59.761
5,261,7,7,64,23,10,0,0,1,0.2497,0.16932,623.679
6,172,6,6,45,13,8,0,1,0,0.2497,0.26482,417.951
7,360,6,6,72,33,23,0,0,1,0.2496,0.21132,798.794
8,58,2,2,15,6,1,1,1,0,0.2496,0.29987,127.51
9,115,2,2,39,12,10,0,1,0,0.2495,0.27083,254.451
10,22,0,0,6,3,1,1,1,0,0.2494,1.0642,13.089
11,53,2,2,18,5,4,1,1,0,0.2494,0.37282,110.497
12,14,0,0,7,2,1,1,1,0,0.2493,1.07062,11.368
13,102,3,3,37,9,6,1,1,0,0.2492,0.25229,232.25
14,109,3,3,33,11,3,1,1,0,0.2492,0.4056,245.456
15,94,4,4,29,9,6,1,1,0,0.2491,0.31014,213.337
16,20,0,0,8,3,3,1,1,0,0.2491,1.03735,-0.952
17,102,4,4,39,10,7,1,1,0,0.249,0.3157,223.206
18,31,0,0,9,4,4,1,1,0,0.2489,0.60877,48.739
19,233,4,4,55,17,15,0,1,0,0.2489,0.29709,531.209
20,132,3,3,34,13,14,1,1,0,0.2488,0.39619,266.321
21,64,2,2,20,6,3,1,1,0,0.2487,0.31692,135.79
22,33,1,1,8,3,4,1,1,0,0.2487,0.59375,57.508
23,170,3,3,43,13,11,0,1,0,0.2486,0.23163,402.877
24,288,12,7,72,28,11,0,0,1,0.2486,0.19814,662.806
25,138,5,5,40,12,9,0,1,0,0.2485,0.28268,326.495
26,72,1,1,22,6,2,0,1,0,0.2484,0.37067,150.662
27,127,4,4,37,12,11,0,1,0,0.2484,0.25272,288.029
28,164,4,4,40,14,12,1,1,0,0.2483,0.3308,368.867
29,220,6,6,37,17,17,0,1,0,0.2482,0.2443,501.482
30,115,4,4,32,10,6,1,1,0,0.2482,0.31979,272.789
31,179,4,4,47,16,12,1,1,0,0.2481,0.3244,402.245
32,198,5,5,63,20,11,0,1,0,0.2481,0.25205,450.11
33,64,1,1,21,6,6,1,1,0,0.248,0.40346,128.666
34,184,4,4,42,17,6,0,1,0,0.2479,0.31251,425.369
35,218,3,3,50,21,18,0,1,0,0.2479,0.20661,479.167
36,226,3,3,53,20,7,1,1,0,0.2478,0.29293,499.291
37,88,2,2,28,10,6,0,1,0,0.2477,0.26728,192.414
38,382,9,4,76,33,19,0,0,1,0.2477,0.19706,854.087
39,153,6,6,46,14,9,1,1,0,0.2476,0.26629,367.905
40,171,5,5,55,16,14,1,1,0,0.2476,0.29221,380.279
41,269,6,6,60,25,21,0,1,0,0.2475,0.36867,576.485
42,50,2,2,8,3,2,0,1,0,0.2474,0.30238,106.52
43,63,1,1,16,6,5,0,1,0,0.2474,0.44313,136.345
44,311,6,6,73,28,23,0,1,0,0.2473,0.34117,666.612
45,218,3,3,49,22,9,0,1,0,0.2472,0.25505,466.67
46,71,2,2,19,8,6,1,1,0,0.2472,0.40495,144.056
47,210,5,5,43,17,14,0,1,0,0.2471,0.35806,474.16
48,255,4,4,59,20,9,0,1,0,0.2471,0.24205,590.187
49,150,5,5,40,13,12,1,1,0,0.247,0.27926,342.557
50,257,3,3,58,24,17,1,1,0,0.2469,0.3269,538.412
51,212,5,5,61,19,11,0,1,0,0.2469,0.2518,482.913
52,189,2,2,52,18,12,1,1,0,0.2468,0.32015,413.763
53,49,0,0,19,6,2,1,1,0,0.2467,0.61432,65.43
54,288,5,5,58,26,16,1,1,0,0.2467,0.29424,612.511
55,363,7,7,73,34,14,0,0,1,0.2466,0.18632,812.854
56,272,5,5,57,24,16,1,1,0,0.2466,0.2264,599.271
57,244,7,7,60,23,15,0,1,0,0.2465,0.29169,539.414
58,21,0,0,11,3,1,1,1,0,0.2464,0.75614,21.417
59,140,3,3,44,14,8,0,1,0,0.2464,0.27418,311.834
60,107,1,1,27,10,5,1,1,0,0.2463,0.40894,221.097
61,258,4,4,55,21,24,0,1,0,0.2462,0.26283,572.35
62,244,4,4,49,19,6,1,1,0,0.2462,0.23821,545.057
63,151,3,3,46,15,9,0,1,0,0.2461,0.3112,322.875
64,306,7,7,67,24,12,0,0,1,0.2461,0.18605,719.784
65,178,3,3,38,12,12,0,1,0,0.246,0.29347,409.081
66,276,5,5,63,26,23,1,1,0,0.2459,0.36895,578.613
67,82,3,3,23,8,8,1,1,0,0.2459,0.31066,177.049
68,300,2,2,48,28,29,1,1,0,0.2458,0.29585,617.175
69,38,0,0,12,4,2,0,1,0,0.2457,0.41447,74.301
70,400,5,5,57,30,49,0,0,1,0.2457,0.30186,839.591
71,60,1,1,23,6,2,0,1,0,0.2456,0.3387,127.295
72,182,6,6,60,17,11,0,1,0,0.2456,0.32989,419.691
73,164,4,4,51,16,9,1,1,0,0.2455,0.25138,366.318
74,157,5,5,42,16,6,0,1,0,0.2454,0.30656,351.239
75,103,1,1,41,11,8,1,1,0,0.2454,0.33564,218.2
76,13,0,0,3,2,3,1,1,0,0.2453,1.38933,3.148
77,343,6,6,53,25,34,1,1,0,0.2452,0.26976,726.798
78,170,3,3,48,16,12,1,1,0,0.2452,0.33698,362.481
79,208,6,6,54,17,16,1,1,0,0.2451,0.24222,446.019
80,180,4,4,41,16,6,0,1,0,0.2451,0.24072,407.128
81,93,2,2,30,10,5,1,1,0,0.245,0.38477,197.189
82,324,6,6,68,29,15,1,1,0,0.2449,0.27052,705.493
83,223,3,3,48,21,17,1,1,0,0.2449,0.28022,464.341
84,215,4,4,57,21,7,1,1,0,0.2448,0.25917,475.931
85,54,1,1,9,5,1,0,1,0,0.2447,0.29797,108.87
86,99,2,2,38,11,6,1,1,0,0.2447,0.30846,217.272
87,175,2,2,36,16,12,0,1,0,0.2446,0.2067,370.234
88,177,5,5,41,15,7,1,1,0,0.2446,0.26271,388.348
89,119,4,4,41,13,9,0,1,0,0.2445,0.30131,261.452
90,117,2,2,44,12,8,1,1,0,0.2444,0.28071,252.154
91,133,0,0,48,14,5,1,1,0,0.2444,0.30241,297.737
92,155,3,3,43,14,14,0,1,0,0.2443,0.2663,342.114
93,334,8,8,65,26,16,0,0,1,0.2442,0.18458,737.364
94,77,3,3,21,7,2,0,1,0,0.2442,0.36741,183.17
95,126,2,2,39,12,11,1,1,0,0.2441,0.33123,272.585
96,217,5,5,43,18,2,1,1,0,0.2441,0.25118,502.296
97,296,4,4,61,28,17,1,1,0,0.244,0.24197,633.778
98,321,6,6,68,28,14,0,0,1,0.2439,0.2162,707.47
99,111,2,2,37,12,3,0,1,0,0.2439,0.23837,247.427
100,333,6,6,67,30,33,1,1,0,0.2438,0.36159,723.229
101,198,4,4,55,18,10,1,1,0,0.2437,0.3231,427.714
102,134,4,4,40,13,4,1,1,0,0.2437,0.31505,307.668
103,68,1,1,18,7,0,1,1,0,0.2436,0.63362,140.373
104,34,2,2,12,3,4,1,1,0,0.2436,0.61631,51.745
105,352,12,7,83,30,19,0,0,1,0.2435,0.18265,782.045
106,58,1,1,19,6,5,0,1,0,0.2434,0.30501,118.093
107,102,3,3,27,9,3,1,1,0,0.2434,0.34161,229.591
108,162,5,5,46,16,16,1,1,0,0.2433,0.32752,352.752
109,232,1,1,60,24,9,0,1,0,0.2432,0.26606,493.366
110,197,1,1,46,18,10,1,1,0,0.2432,0.25981,410.977
111,235,6,6,58,21,13,1,1,0,0.2431,0.23061,511.579
112,331,3,3,61,27,28,0,1,0,0.2431,0.29816,669.857
113,62,1,1,21,7,3,1,1,0,0.243,0.39966,121.166
114,240,5,5,45,20,15,0,1,0,0.2429,0.30287,500.756
115,49,0,0,14,6,4,1,1,0,0.2429,0.51089,95.205
116,220,3,3,45,22,18,0,1,0,0.2428,0.27549,444.734
117,87,1,1,30,11,6,0,1,0,0.2427,0.29564,183.122
118,28,1,1,7,3,1,1,1,0,0.2427,0.51659,44.23
119,128,2,2,32,13,8,1,1,0,0.2426,0.36693,250.343
120,173,5,5,33,11,12,0,1,0,0.2426,0.29994,393.647
121,247,5,5,58,19,17,0,1,0,0.2425,0.36698,542.888
122,299,4,4,66,26,21,1,1,0,0.2424,0.25514,644.041
123,327,12,7,78,28,10,0,0,1,0.2424,0.18235,739.573
124,161,3,3,41,14,15,0,1,0,0.2423,0.29041,345.372
125,49,0,0,17,7,1,0,1,0,0.2422,0.3468,93.534
126,295,4,4,54,24,18,0,1,0,0.2422,0.27769,659.717
127,149,1,1,41,12,9,1,1,0,0.2421,0.32904,285.87
128,151,2,2,33,12,13,0,1,0,0.2421,0.24231,330.11
129,36,1,1,8,4,2,0,1,0,0.242,0.40331,69.711
130,289,4,4,43,21,13,1,1,0,0.2419,0.29377,591.877
131,280,6,6,60,24,17,1,1,0,0.2419,0.24916,620.124
132,68,1,1,26,7,7,1,1,0,0.2418,0.27279,139.34
133,281,4,4,43,22,23,0,1,0,0.2417,0.26848,578.902
134,358,7,7,92,33,16,0,0,1,0.2417,0.20082,788.907
135,108,3,3,36,11,5,1,1,0,0.2416,0.2897,237.046
136,274,3,3,56,25,6,1,1,0,0.2416,0.30714,593.899
137,114,1,1,24,12,9,0,1,0,0.2415,0.29525,213.216
138,123,1,1,39,14,5,0,1,0,0.2414,0.23444,250.864
139,289,6,6,46,23,18,0,1,0,0.2414,0.23486,622.001
140,311,4,4,63,26,16,0,1,0,0.2413,0.26302,679.281
141,329,6,6,73,29,27,0,1,0,0.2412,0.28411,648.608
142,190,4,4,52,15,11,1,1,0,0.2412,0.34071,413.985
143,104,2,2,38,10,9,1,1,0,0.2411,0.36048,210.011
144,197,5,5,42,18,8,1,1,0,0.2411,0.24628,415.534
145,123,3,3,33,12,8,1,1,0,0.241,0.29811,231.151
146,281,5,5,54,24,15,0,1,0,0.2409,0.23786,597.107
147,215,2,2,61,20,14,1,1,0,0.2409,0.24974,456.275
148,205,5,5,52,17,18,0,1,0,0.2408,0.23022,447.841
149,131,4,4,46,13,10,1,1,0,0.2407,0.28422,273.869
150,254,4,4,41,22,17,1,1,0,0.2407,0.28094,515.933
151,215,2,2,64,21,16,1,1,0,0.2406,0.28884,450.136
152,331,5,5,77,30,14,0,0,1,0.2406,0.21712,713.662
153,134,5,5,33,12,18,0,1,0,0.2405,0.26624,286.446
154,160,2,2,40,14,7,1,1,0,0.2404,0.34134,321.795
155,86,2,2,24,9,8,1,1,0,0.2404,0.3295,166.721
156,348,8,8,88,32,23,0,0,1,0.2403,0.21826,722.954
157,339,7,7,58,31,19,1,1,0,0.2402,0.27036,701.688
158,329,8,3,65,31,17,0,0,1,0.2402,0.23381,684.327
159,327,4,4,61,31,27,1,1,0,0.2401,0.369,627.219
160,246,5,5,58,21,10,0,1,0,0.2401,0.24489,514.809
161,53,0,0,14,5,11,0,1,0,0.24,0.36421,95.897
162,245,4,4,57,24,17,0,1,0,0.2399,0.24145,510.559
163,41,2,2,11,4,3,1,1,0,0.2399,0.52732,68.99
164,99,1,1,33,9,7,1,1,0,0.2398,0.34929,206.102
165,203,4,4,49,16,4,1,1,0,0.2397,0.25222,458.899
166,20,0,0,8,3,3,1,1,0,0.2397,0.9564,18.544
167,276,6,6,69,27,19,0,1,0,0.2396,0.28125,585.255
168,201,3,3,53,19,14,1,1,0,0.2396,0.26158,404.548
169,120,3,3,26,11,7,0,1,0,0.2395,0.26153,258.783
170,400,8,8,65,34,15,0,0,1,0.2394,0.20882,853.349
171,246,5,5,69,22,8,0,1,0,0.2394,0.2579,548.332
172,140,5,5,35,11,10,0,1,0,0.2393,0.25929,318.116
173,89,2,2,31,9,4,0,1,0,0.2392,0.3067,194.94
174,152,4,4,38,14,11,1,1,0,0.2392,0.25806,320.462
175,21,0,0,9,3,4,1,1,0,0.2391,0.84563,-4.215
176,157,4,4,51,15,11,0,1,0,0.2391,0.25318,344.632
177,115,4,4,41,10,6,1,1,0,0.239,0.27217,234.86
178,226,4,4,57,22,8,0,1,0,0.2389,0.24364,478.877
179,224,4,4,54,22,13,1,1,0,0.2389,0.25919,436.209
180,298,6,6,71,25,15,0,0,1,0.2388,0.25314,622.329
181,127,4,4,48,13,12,1,1,0,0.2387,0.34443,268.915
182,136,3,3,37,14,6,1,1,0,0.2387,0.34712,263.102
183,43,1,1,9,4,4,0,1,0,0.2386,0.35934,86.952
184,121,6,6,34,10,8,1,1,0,0.2386,0.39115,274.276
185,52,1,1,20,6,7,1,1,0,0.2385,0.55053,82.724
186,283,3,3,56,26,26,1,1,0,0.2384,0.27796,541.059
187,152,4,4,37,14,8,1,1,0,0.2384,0.32778,312.759
188,204,3,3,47,16,11,0,1,0,0.2383,0.22325,448.118
189,374,8,8,92,35,20,0,0,1,0.2382,0.18507,786.399
190,99,3,3,27,8,7,1,1,0,0.2382,0.26081,226.853
191,192,4,4,47,18,13,1,1,0,0.2381,0.29721,387.675
192,305,8,8,58,27,22,1,1,0,0.2381,0.29744,613.906
193,95,1,1,28,9,10,1,1,0,0.238,0.59042,153.94
194,396,7,7,102,35,19,0,0,1,0.2379,0.18151,848.359
195,101,3,3,38,11,4,1,1,0,0.2379,0.29873,203.607
196,67,4,4,16,6,4,0,1,0,0.2378,0.3316,145.014
197,35,1,1,11,4,3,1,1,0,0.2377,0.5871,60.43
198,317,5,5,57,28,14,0,1,0,0.2377,0.28854,660.885
199,200,3,3,49,17,15,0,1,0,0.2376,0.24783,422.713
200,333,5,5,63,33,34,1,1,0,0.2376,0.27973,679.468
201,283,6,6,69,27,15,1,1,0,0.2375,0.29891,568.756
202,51,2,2,17,5,4,1,1,0,0.2374,0.45537,74.9
203,206,4,4,45,19,13,1,1,0,0.2374,0.26647,420.302
204,43,1,1,11,5,2,1,1,0,0.2373,0.53753,81.282
205,244,7,7,73,26,10,1,1,0,0.2372,0.31876,514.284
206,268,7,7,71,22,26,1,1,0,0.2372,0.29903,553.461
207,277,5,5,47,22,13,0,1,0,0.2371,0.23582,570.325
208,12,0,0,8,2,2,1,1,0,0.2371,1.66056,-17.037
209,396,8,8,99,36,18,0,0,1,0.237,0.22526,847.515
210,285,2,2,65,25,13,1,1,0,0.2369,0.23581,562.858
211,97,4,4,27,8,3,0,1,0,0.2369,0.28077,215.031
212,248,4,4,73,25,7,1,1,0,0.2368,0.24877,505.438
213,255,4,4,61,24,16,0,1,0,0.2367,0.27426,513.064
214,127,4,4,35,11,6,1,1,0,0.2367,0.27425,259.768
215,197,4,4,49,18,15,1,1,0,0.2366,0.26344,388.087
216,256,6,6,54,22,12,1,1,0,0.2366,0.25132,537.077
217,209,5,5,45,17,10,1,1,0,0.2365,0.24607,453.832
218,297,6,6,52,21,18,1,1,0,0.2364,0.29709,591.299
219,71,2,2,23,7,7,1,1,0,0.2364,0.39877,131.753
220,193,6,6,54,19,5,0,1,0,0.2363,0.27257,410.161
221,98,5,5,23,7,8,1,1,0,0.2362,0.35936,211.153
222,258,6,6,59,20,17,1,1,0,0.2362,0.31716,544.511
223,146,3,3,45,15,12,1,1,0,0.2361,0.38724,269.899
224,385,9,9,94,34,17,0,0,1,0.2361,0.18174,807.701
225,395,7,7,78,34,16,1,1,0,0.236,0.20839,852.735
226,127,1,1,41,12,4,0,1,0,0.2359,0.22555,263.436
227,113,2,2,39,13,5,1,1,0,0.2359,0.28092,231.636
228,21,0,0,8,3,5,1,1,0,0.2358,0.78637,16.128
229,103,2,2,25,11,11,1,1,0,0.2358,0.3735,180.467
230,164,2,2,37,14,10,0,1,0,0.2357,0.30805,347.986
231,43,0,0,17,6,3,1,1,0,0.2356,0.42792,43.256
232,301,4,4,57,27,13,1,1,0,0.2356,0.27668,560.494
233,275,5,5,56,24,16,1,1,0,0.2355,0.21317,569.993
234,129,5,5,35,10,10,1,1,0,0.2354,0.23286,280.156
235,321,3,3,47,23,23,1,1,0,0.2354,0.30674,633.287
236,121,3,3,40,13,10,1,1,0,0.2353,0.36636,236.072
237,47,1,1,14,4,5,1,1,0,0.2353,0.51802,60.044
238,108,1,1,35,10,5,0,1,0,0.2352,0.38198,220.521
239,311,6,6,64,28,22,1,1,0,0.2351,0.28406,618.179
240,261,3,3,62,24,9,1,1,0,0.2351,0.30888,539.02
241,250,7,7,54,22,17,0,1,0,0.235,0.22595,514.65
242,143,4,4,30,12,16,1,1,0,0.2349,0.32566,283.175
243,270,6,6,66,26,16,1,1,0,0.2349,0.29564,548.652
244,271,5,5,51,23,16,1,1,0,0.2348,0.34109,482.563
245,271,6,6,49,24,10,1,1,0,0.2348,0.29499,534.55
246,380,6,6,81,32,17,0,0,1,0.2347,0.19017,778.574
247,101,5,5,34,9,2,1,1,0,0.2346,0.31196,217.225
248,122,2,2,34,12,6,0,1,0,0.2346,0.22863,259.475
249,164,5,5,47,15,9,1,1,0,0.2345,0.24505,332.785
250,234,4,4,53,18,10,0,1,0,0.2344,0.18533,509.214
251,193,5,5,59,18,10,1,1,0,0.2344,0.30761,384.217
252,120,4,4,43,14,4,1,1,0,0.2343,0.32106,249.506
253,219,8,8,48,17,17,0,1,0,0.2343,0.26099,458.331
254,240,6,6,55,22,11,0,1,0,0.2342,0.23217,504.267
255,127,3,3,50,14,8,1,1,0,0.2341,0.32604,252.185
256,247,7,7,55,23,12,1,1,0,0.2341,0.23472,497.558
257,229,7,7,56,22,12,0,1,0,0.234,0.23005,497.625
258,250,4,4,67,26,19,0,1,0,0.2339,0.23715,502.526
259,174,3,3,56,17,15,0,1,0,0.2339,0.32676,350.165
260,64,3,3,14,6,10,0,1,0,0.2338,0.51514,133.446
261,195,4,4,43,17,16,0,1,0,0.2338,0.28783,402.329
262,369,6,6,97,34,14,0,0,1,0.2337,0.17392,753.627
263,147,4,4,46,13,11,1,1,0,0.2336,0.34941,290.33
264,361,8,8,85,32,15,0,0,1,0.2336,0.22541,724.906
265,61,2,2,13,5,5,1,1,0,0.2335,0.43587,118.324
266,400,7,7,102,36,16,0,0,1,0.2334,0.21441,846.865
267,96,2,2,25,9,4,1,1,0,0.2334,0.45584,197.694
268,140,5,5,31,11,10,0,1,0,0.2333,0.33793,311.073
269,256,3,3,48,21,12,1,1,0,0.2333,0.31843,510.281
270,157,2,2,49,15,3,1,1,0,0.2332,0.27013,324.437
271,393,9,9,99,37,16,0,0,1,0.2331,0.16118,826.813
272,297,8,8,63,25,22,1,1,0,0.2331,0.25556,606.794
273,146,3,3,38,15,7,0,1,0,0.233,0.27786,294.501
274,279,5,5,54,23,22,0,1,0,0.2329,0.29496,553.042
275,53,2,2,15,6,4,1,1,0,0.2329,0.65564,83.345
276,262,6,6,42,18,14,0,1,0,0.2328,0.18149,556.107
277,163,2,2,47,17,11,1,1,0,0.2328,0.27438,318.491
278,136,6,6,47,14,8,0,1,0,0.2327,0.34128,273.153
279,221,3,3,53,23,16,1,1,0,0.2326,0.33204,438.629
280,232,3,3,52,21,15,1,1,0,0.2326,0.2866,453.768
281,89,3,3,30,10,8,1,1,0,0.2325,0.41264,165.79
282,298,6,6,44,21,10,0,0,1,0.2324,0.20667,643.686
283,338,4,4,57,29,21,1,1,0,0.2324,0.27444,669.774
284,117,1,1,24,10,10,0,1,0,0.2323,0.38987,225.755
285,162,2,2,39,13,8,1,1,0,0.2323,0.26722,296.211
286,143,1,1,48,14,12,0,1,0,0.2322,0.32536,270.056
287,286,3,3,58,29,20,1,1,0,0.2321,0.32092,541.266
288,31,1,1,14,4,2,1,1,0,0.2321,0.60047,47.568
289,85,2,2,29,9,3,0,1,0,0.232,0.36893,174.342
290,98,1,1,35,11,3,0,1,0,0.2319,0.29646,187.416
291,309,8,8,60,25,18,0,1,0,0.2319,0.29587,574.891
292,308,4,4,54,29,27,0,1,0,0.2318,0.26152,562.558
293,56,2,2,17,5,2,1,1,0,0.2318,0.50311,99.967
294,5,0,0,1,1,2,1,1,0,0.2317,2.98601,-16.788
295,60,3,3,19,5,4,0,1,0,0.2316,0.28468,124.601
296,259,7,7,60,21,9,0,1,0,0.2316,0.25618,492.154
297,118,2,2,29,9,4,0,1,0,0.2315,0.26232,250.535
298,46,2,2,14,5,5,1,1,0,0.2314,0.5044,47.529
299,137,3,3,43,14,4,1,1,0,0.2314,0.25891,290.932
300,246,5,5,57,22,9,0,1,0,0.2313,0.25176,506.202
301,20,0,0,10,3,4,1,1,0,0.2313,0.93986,12.745
302,126,3,3,36,13,8,1,1,0,0.2312,0.26944,273.216
303,43,1,1,13,5,2,1,1,0,0.2311,0.42205,70.467
304,305,6,6,66,27,20,1,1,0,0.2311,0.28904,597.905
305,117,3,3,33,11,7,0,1,0,0.231,0.30243,238.601
306,284,5,5,54,24,27,0,1,0,0.2309,0.26693,594.35
307,372,8,8,104,33,15,0,0,1,0.2309,0.17853,776.862
308,150,2,2,45,17,8,1,1,0,0.2308,0.30643,300.092
309,98,2,2,29,9,11,1,1,0,0.2308,0.29484,193.232
310,233,6,6,54,20,10,0,1,0,0.2307,0.22878,470.345
311,50,1,1,16,6,4,0,1,0,0.2306,0.27656,98.482
312,106,3,3,31,10,9,1,1,0,0.2306,0.31977,188.939
313,236,7,7,62,21,8,1,1,0,0.2305,0.22233,493.261
314,202,4,4,63,21,9,1,1,0,0.2304,0.24385,416.428
315,181,3,3,47,20,9,1,1,0,0.2304,0.25381,360.018
316,299,5,5,64,26,22,0,1,0,0.2303,0.25233,617.815
317,152,2,2,45,13,11,0,1,0,0.2303,0.22419,318.284
318,97,1,1,27,10,6,0,1,0,0.2302,0.31125,182.806
319,111,0,0,23,11,6,1,1,0,0.2301,0.37045,208.546
320,76,2,2,31,7,8,0,1,0,0.2301,0.40829,138.986
321,108,1,1,35,10,11,0,1,0,0.23,0.27134,212.304
322,275,6,6,53,26,21,0,1,0,0.2299,0.24175,551.394
323,258,7,7,48,23,23,1,1,0,0.2299,0.2723,509.053
324,255,5,5,59,22,12,1,1,0,0.2298,0.26571,515.91
325,102,3,3,40,11,7,1,1,0,0.2298,0.33922,194.213
326,235,4,4,55,22,9,0,1,0,0.2297,0.21881,485.264
327,383,9,9,86,33,19,0,0,1,0.2296,0.17618,800.414
328,184,2,2,40,16,11,0,1,0,0.2296,0.25383,370.484
329,73,3,3,25,7,7,1,1,0,0.2295,0.41389,125.217
330,400,11,6,97,39,20,0,0,1,0.2294,0.17633,816.554
331,181,5,5,47,16,7,1,1,0,0.2294,0.26038,380.56
332,308,10,5,70,28,10,0,0,1,0.2293,0.21486,636.673
333,238,2,2,47,21,13,0,1,0,0.2293,0.23564,472.892
334,400,6,6,57,23,26,0,0,1,0.2292,0.16219,767.002
335,311,6,6,54,28,20,1,1,0,0.2291,0.26559,591.815
336,292,5,5,66,25,26,1,1,0,0.2291,0.24886,568.167
337,207,7,7,63,17,11,0,1,0,0.229,0.17994,438.229
338,348,6,6,65,32,18,0,1,0,0.2289,0.24993,662.005
339,342,6,6,80,33,17,0,0,1,0.2289,0.19377,685.41
340,228,3,3,59,23,10,1,1,0,0.2288,0.23804,453.765
341,97,1,1,39,11,5,0,1,0,0.2288,0.27471,185.479
342,293,5,5,51,24,15,0,1,0,0.2287,0.25942,588.302
343,205,3,3,54,21,11,0,1,0,0.2286,0.2444,417.822
344,107,3,3,26,9,9,0,1,0,0.2286,0.26613,205.205
345,140,3,3,46,14,6,1,1,0,0.2285,0.28288,273.799
346,158,4,4,40,12,9,1,1,0,0.2284,0.2374,325.826
347,199,4,4,47,21,6,0,1,0,0.2284,0.25151,394.377
348,319,6,6,70,28,21,0,0,1,0.2283,0.17911,648.669
349,388,9,9,114,39,17,0,0,1,0.2283,0.19574,782.574
350,69,2,2,24,7,2,0,1,0,0.2282,0.29126,136.902
351,172,5,5,47,14,8,1,1,0,0.2281,0.29406,375.92
352,279,7,7,67,22,10,0,0,1,0.2281,0.20048,579.068
353,118,3,3,37,10,5,0,1,0,0.228,0.337,245.814
354,238,2,2,51,21,18,0,1,0,0.2279,0.27896,462.102
355,209,3,3,45,15,8,0,1,0,0.2279,0.24107,462.114
356,298,4,4,57,27,15,1,1,0,0.2278,0.26354,565.582
357,394,8,8,97,34,12,0,0,1,0.2278,0.19355,828.373
358,20,1,1,8,2,6,1,1,0,0.2277,0.68298,8.29
359,99,1,1,38,10,10,1,1,0,0.2276,0.35256,166.801
360,111,4,4,39,11,5,1,1,0,0.2276,0.31215,218.611
361,299,11,6,69,27,15,0,0,1,0.2275,0.25464,612.984
362,177,3,3,40,16,13,1,1,0,0.2274,0.343,306.992
363,332,7,7,81,29,12,0,0,1,0.2274,0.19123,677.444
364,315,5,5,65,28,23,1,1,0,0.2273,0.31492,593.38
365,69,2,2,29,8,7,1,1,0,0.2273,0.35348,112.26
366,249,5,5,56,22,18,0,0,1,0.2272,0.22618,481.272
367,117,2,2,33,11,8,0,1,0,0.2271,0.42008,229.559
368,187,4,4,52,16,10,1,1,0,0.2271,0.32247,372.134
369,207,2,2,54,22,11,1,1,0,0.227,0.25589,395.479
370,279,3,3,59,26,15,1,1,0,0.2269,0.29318,521.115
371,65,1,1,13,5,9,0,1,0,0.2269,0.38471,124.154
372,288,6,6,65,25,25,1,1,0,0.2268,0.28801,555.862
373,340,4,4,70,27,26,1,1,0,0.2268,0.29585,678.229
374,358,5,5,64,33,20,0,1,0,0.2267,0.24446,675.881
375,327,8,8,60,24,14,0,0,1,0.2266,0.17611,664.275
376,282,5,5,62,26,13,1,1,0,0.2266,0.28064,519.973
377,92,0,0,42,11,5,1,1,0,0.2265,0.38643,152.699
378,94,2,2,24,9,5,1,1,0,0.2264,0.31076,178.479
379,301,6,6,53,23,15,0,0,1,0.2264,0.23646,613.069
380,230,4,4,51,22,17,1,1,0,0.2263,0.25011,462.368
381,164,5,5,43,17,6,0,1,0,0.2263,0.22271,328.762
382,156,3,3,39,15,7,1,1,0,0.2262,0.27711,285.626
383,159,1,1,41,16,11,1,1,0,0.2261,0.30013,299.884
384,220,6,6,57,21,9,0,1,0,0.2261,0.2644,461.283
385,165,5,5,48,16,15,1,1,0,0.226,0.3249,305.492
386,330,6,6,56,31,19,1,1,0,0.2259,0.27671,641.568
387,244,5,5,45,19,11,0,1,0,0.2259,0.25615,506.12
388,219,3,3,49,19,10,0,1,0,0.2258,0.20832,430.681
389,318,11,6,53,24,16,0,0,1,0.2258,0.23554,647.47
390,57,1,1,14,5,8,0,1,0,0.2257,0.35803,102.954
391,304,7,7,61,27,20,1,1,0,0.2256,0.21614,604.956
392,39,0,0,16,5,5,1,1,0,0.2256,0.5029,60.746
393,130,3,3,46,13,4,1,1,0,0.2255,0.31309,254.166
394,201,1,1,51,19,11,1,1,0,0.2254,0.33188,371.401
395,244,6,6,67,24,12,1,1,0,0.2254,0.2694,480.167
396,221,5,5,49,19,12,1,1,0,0.2253,0.26344,427.128
397,83,1,1,30,10,8,0,1,0,0.2253,0.37306,152.244
398,49,1,1,20,5,1,1,1,0,0.2252,0.69594,67.916
399,206,7,7,64,19,8,0,1,0,0.2251,0.23072,432.401
400,185,3,3,59,18,15,1,1,0,0.2251,0.26451,355.575
401,33,1,1,14,4,4,1,1,0,0.225,0.77919,29.741
402,113,2,2,34,12,6,1,1,0,0.2249,0.44877,193.601
403,127,2,2,34,12,8,0,1,0,0.2249,0.34069,252.715
404,193,1,1,51,20,12,1,1,0,0.2248,0.35124,351.649
405,364,11,6,61,31,19,0,0,1,0.2248,0.26516,711.112
406,160,4,4,37,15,11,0,1,0,0.2247,0.3323,309.753
407,52,1,1,15,5,5,1,1,0,0.2246,0.37441,96.588
408,226,3,3,41,17,8,0,1,0,0.2246,0.21448,452.692
409,63,0,0,15,6,5,1,1,0,0.2245,0.38235,99.277
410,242,4,4,53,22,14,1,1,0,0.2244,0.28071,474.445
411,317,7,7,69,28,16,0,1,0,0.2244,0.2859,614.616
412,123,5,5,23,9,9,1,1,0,0.2243,0.31912,236.245
413,96,1,1,33,9,5,1,1,0,0.2243,0.34064,169.495
414,126,2,2,38,11,8,1,1,0,0.2242,0.34673,249.889
415,125,4,4,40,12,6,0,1,0,0.2241,0.27323,255.195
416,316,6,6,53,26,27,0,0,1,0.2241,0.28315,536.652
417,13,0,0,4,2,5,1,1,0,0.224,1.52525,-5.108
418,197,5,5,41,17,7,0,1,0,0.2239,0.24027,402.425
419,177,4,4,60,16,8,1,1,0,0.2239,0.31697,321.587
420,42,6,1,14,4,4,1,1,0,0.2238,0.6093,46.617
421,302,5,5,52,23,18,0,1,0,0.2238,0.26135,536.338
422,13,0,0,4,2,3,1,1,0,0.2237,1.15728,-1.909
423,96,2,2,29,8,5,1,1,0,0.2236,0.39559,185.216
424,272,2,2,63,25,13,0,1,0,0.2236,0.3005,513.595
425,216,3,3,58,22,15,1,1,0,0.2235,0.29794,406.929
426,118,2,2,35,11,9,1,1,0,0.2234,0.37472,210.367
427,83,5,5,32,6,2,1,1,0,0.2234,0.43437,162.276
428,192,5,5,39,12,15,1,1,0,0.2233,0.35983,396.943
429,144,3,3,46,12,8,1,1,0,0.2233,0.33587,287.202
430,254,3,3,48,22,19,0,1,0,0.2232,0.25835,495.451
431,200,6,6,56,18,17,1,1,0,0.2231,0.29073,365.613
432,168,2,2,45,16,10,0,1,0,0.2231,0.2479,323.401
433,117,3,3,40,11,5,1,1,0,0.223,0.2724,232.008
434,66,3,3,31,7,4,1,1,0,0.2229,0.44721,114.201
435,117,8,8,30,11,5,0,1,0,0.2229,0.2561,250.868
436,79,2,2,21,9,2,0,1,0,0.2228,0.29216,153.885
437,283,6,6,63,24,14,1,1,0,0.2228,0.26273,542.071
438,311,6,6,55,27,17,1,1,0,0.2227,0.32094,536.958
439,344,5,5,56,29,25,0,1,0,0.2226,0.24622,649.379
440,84,5,5,32,8,7,1,1,0,0.2226,0.4805,150.57
441,100,4,4,31,9,9,1,1,0,0.2225,0.32461,205.147
442,400,7,7,99,38,16,0,0,1,0.2224,0.17903,798.164
443,96,3,3,25,8,7,0,1,0,0.2224,0.32052,190.116
444,400,13,8,98,36,16,0,0,1,0.2223,0.18353,803.435
445,198,6,6,38,18,16,1,1,0,0.2223,0.2972,387.657
446,335,4,4,69,26,20,1,1,0,0.2222,0.22449,620.629
447,177,3,3,55,18,6,1,1,0,0.2221,0.3177,319.306
448,320,7,7,48,27,25,1,1,0,0.2221,0.25857,611.343
449,323,9,9,79,29,15,0,0,1,0.222,0.20615,653.848
450,78,3,3,22,6,9,0,1,0,0.2219,0.29204,165.876
451,299,5,5,62,28,16,1,1,0,0.2219,0.31146,546.934
452,42,1,1,14,4,3,0,1,0,0.2218,0.37124,82.322
453,291,6,6,60,26,11,0,1,0,0.2218,0.30875,536.935
454,195,4,4,47,18,8,1,1,0,0.2217,0.28999,373.862
455,363,4,4,67,29,20,0,1,0,0.2216,0.23533,638.803
456,400,7,7,91,32,13,0,0,1,0.2216,0.17357,771.632
457,33,1,1,12,4,3,1,1,0,0.2215,0.62002,41.576
458,53,3,3,8,4,6,1,1,0,0.2214,0.57133,64.091
459,315,3,3,44,22,24,0,1,0,0.2214,0.23436,586.4
460,83,1,1,33,10,6,1,1,0,0.2213,0.38067,138.798
461,330,6,6,79,29,13,0,0,1,0.2213,0.19192,665.624
462,152,4,4,57,15,12,1,1,0,0.2212,0.30855,286.096
463,109,1,1,30,13,7,1,1,0,0.2211,0.44879,167.121
464,252,5,5,59,23,19,1,1,0,0.2211,0.29083,465.323
465,231,7,7,58,18,13,1,1,0,0.221,0.29854,451.79
466,30,0,0,8,4,4,1,1,0,0.2209,0.49695,34.125
467,387,8,8,81,34,16,0,0,1,0.2209,0.18642,755.034
468,69,3,3,33,7,8,1,1,0,0.2208,0.35912,122.856
469,222,5,5,54,18,9,0,1,0,0.2208,0.2493,445.997
470,93,4,4,29,9,6,0,1,0,0.2207,0.37119,171.336
471,120,4,4,23,9,9,1,1,0,0.2206,0.34545,237.237
472,259,4,4,57,23,11,1,1,0,0.2206,0.27147,471.738
473,110,3,3,41,9,7,1,1,0,0.2205,0.38143,195.152
474,216,6,6,58,20,11,1,1,0,0.2204,0.28821,426.392
475,167,1,1,46,17,7,1,1,0,0.2204,0.33142,314.326
476,117,4,4,37,11,14,0,1,0,0.2203,0.28038,218.692
477,19,1,1,4,2,4,1,1,0,0.2203,1.46787,8.338
478,329,4,4,55,31,16,1,1,0,0.2202,0.28301,566.608
479,258,5,5,63,25,10,1,1,0,0.2201,0.2698,493.447
480,144,3,3,31,14,11,0,1,0,0.2201,0.26065,259.716
481,82,0,0,29,10,9,1,1,0,0.22,0.43013,135.077
482,113,0,0,32,13,5,1,1,0,0.2199,0.4072,185.223
483,103,3,3,33,11,3,0,1,0,0.2199,0.24696,200.789
484,152,6,6,44,13,12,1,1,0,0.2198,0.32299,294.728
485,188,4,4,53,20,14,1,1,0,0.2198,0.27621,340.734
486,196,5,5,57,18,16,1,1,0,0.2197,0.27712,351.445
487,307,4,4,57,26,13,1,1,0,0.2196,0.26637,553.856
488,124,3,3,41,13,11,1,1,0,0.2196,0.34002,219.449
489,121,1,1,21,10,7,0,1,0,0.2195,0.30907,215.812
490,362,8,8,83,31,22,0,0,1,0.2194,0.19637,709.972
491,108,0,0,30,11,11,0,1,0,0.2194,0.44254,184.719
492,265,5,5,41,21,17,1,1,0,0.2193,0.27216,486.635
493,334,12,7,83,29,14,0,0,1,0.2193,0.19553,678.448
494,297,5,5,53,24,23,1,1,0,0.2192,0.25555,549.076
495,335,3,3,45,24,17,1,1,0,0.2191,0.29044,611.617
496,282,6,6,52,25,11,1,1,0,0.2191,0.25608,528.631
497,319,7,7,67,26,18,0,1,0,0.219,0.23049,615.528
498,96,1,1,37,11,10,0,1,0,0.2189,0.2832,178.446
499,18,1,1,6,2,4,1,1,0,0.2189,0.93078,-4.202
500,121,4,4,28,9,7,0,1,0,0.2188,0.30221,235.473
501,122,4,4,33,10,6,1,1,0,0.2188,0.28161,219.394
502,348,4,4,61,30,19,0,1,0,0.2187,0.32218,646.699
503,307,7,7,57,23,12,0,0,1,0.2186,0.17548,607.881
504,243,4,4,54,21,21,1,1,0,0.2186,0.3224,431.27
505,266,4,4,54,22,8,0,0,1,0.2185,0.27645,525.758
506,101,3,3,24,9,5,0,1,0,0.2184,0.29082,206.409
507,186,5,5,53,18,11,1,1,0,0.2184,0.26571,358.386
508,182,4,4,45,18,14,0,1,0,0.2183,0.26071,343.484
509,234,7,7,68,22,17,1,1,0,0.2182,0.26639,433.013
510,215,7,7,60,19,9,1,1,0,0.2182,0.24578,439.043
511,176,4,4,49,17,10,1,1,0,0.2181,0.27264,328.331
512,200,5,5,47,17,9,0,1,0,0.2181,0.22089,398.528
513,322,5,5,67,28,27,1,1,0,0.218,0.35234,584.558
514,192,3,3,55,16,15,0,1,0,0.2179,0.25313,376.838
515,12,0,0,7,2,2,1,1,0,0.2179,1.22461,-5.833
516,273,3,3,63,26,21,0,1,0,0.2178,0.25946,488.427
517,100,2,2,24,10,4,1,1,0,0.2177,0.30389,182.697
518,362,7,7,84,34,21,0,0,1,0.2177,0.21912,663.302
519,182,4,4,47,16,12,0,1,0,0.2176,0.25813,343.426
520,385,7,7,91,35,18,0,0,1,0.2176,0.21746,727.069
521,400,4,4,63,41,34,0,0,1,0.2175,0.32767,726.589
522,203,3,3,49,19,13,1,1,0,0.2174,0.38823,351.521
523,218,6,6,58,18,14,1,1,0,0.2174,0.27445,426.279
524,177,4,4,43,15,8,1,1,0,0.2173,0.25509,357.907
525,400,9,9,100,34,11,0,0,1,0.2172,0.19774,763.84
526,346,5,5,71,34,16,1,1,0,0.2172,0.26424,619.092
527,298,5,5,64,28,19,1,1,0,0.2171,0.26797,541.183
528,365,6,6,48,31,30,0,1,0,0.2171,0.29849,671.158
529,400,10,5,52,21,19,0,0,1,0.217,0.17675,709.199
530,352,5,5,68,30,33,0,1,0,0.2169,0.27755,649.042
531,290,6,6,56,24,19,1,1,0,0.2169,0.31518,529.521
532,174,3,3,34,14,8,0,1,0,0.2168,0.29431,322.744
533,361,4,4,63,32,35,1,1,0,0.2167,0.28666,624.641
534,362,6,6,64,32,13,0,0,1,0.2167,0.24219,663.257
535,112,3,3,39,11,12,0,1,0,0.2166,0.34785,208.474
536,54,0,0,14,7,1,0,1,0,0.2166,0.50515,77.28
537,174,3,3,41,16,5,0,1,0,0.2165,0.24555,322.724
538,145,3,3,45,15,8,0,1,0,0.2164,0.30364,262.82
539,324,5,5,45,23,20,1,1,0,0.2164,0.27704,562.59
540,227,4,4,38,18,12,0,1,0,0.2163,0.22477,441.509
541,214,3,3,52,15,11,1,1,0,0.2162,0.29252,371.869
542,192,2,2,51,18,13,1,1,0,0.2162,0.24898,340.67
543,378,6,6,66,28,12,0,0,1,0.2161,0.20343,686.497
544,203,4,4,57,19,7,1,1,0,0.2161,0.28578,385.847
545,346,11,6,64,27,9,0,0,1,0.216,0.20159,654.846
546,329,7,7,61,29,22,1,1,0,0.2159,0.29151,558.177
547,273,5,5,65,26,20,1,1,0,0.2159,0.29259,504.107
548,158,4,4,34,12,12,0,1,0,0.2158,0.3455,299.149
549,166,5,5,37,14,11,1,1,0,0.2157,0.28341,280.172
550,145,4,4,39,12,5,0,1,0,0.2157,0.22733,293.094
551,21,0,0,7,3,1,1,1,0,0.2156,0.6352,25.893
552,126,4,4,39,12,6,1,1,0,0.2156,0.33347,225.239
553,370,7,7,58,31,28,1,1,0,0.2155,0.30789,651.719
554,21,0,0,5,3,2,1,1,0,0.2154,0.83832,-7.04
555,50,1,1,17,6,3,0,1,0,0.2154,0.51175,77.445
556,400,4,4,52,19,18,0,0,1,0.2153,0.15498,693.89
557,110,5,5,31,10,10,1,1,0,0.2152,0.3813,189.263
558,132,2,2,29,12,9,0,1,0,0.2152,0.37889,228.544
559,376,1,1,61,27,13,0,0,1,0.2151,0.22429,628.391
560,400,11,6,78,29,12,0,0,1,0.2151,0.18478,699.058
561,400,6,6,71,25,18,0,0,1,0.215,0.21535,680.867
562,400,7,7,74,24,22,0,0,1,0.2149,0.23461,677.457
563,149,2,2,37,11,5,0,1,0,0.2149,0.36095,242.024
564,70,2,2,12,5,5,0,1,0,0.2148,0.42897,142.132
565,210,2,2,51,18,12,1,1,0,0.2147,0.29379,332.816
566,291,4,4,28,17,10,1,1,0,0.2147,0.26503,502.694
567,285,6,6,66,27,17,1,1,0,0.2146,0.26077,509.581
568,274,4,4,35,18,10,0,1,0,0.2146,0.20922,528.545
569,346,7,7,80,28,15,0,0,1,0.2145,0.21263,649.018
570,400,5,5,72,26,18,0,0,1,0.2144,0.19111,707.46
571,287,5,5,57,22,16,1,1,0,0.2144,0.29451,534.169
572,368,4,4,73,34,16,0,0,1,0.2143,0.22779,673.288
573,400,6,6,77,27,16,0,0,1,0.2142,0.21317,680.946
574,400,7,7,81,31,16,0,0,1,0.2142,0.24059,697.817
575,21,0,0,9,3,3,1,1,0,0.2141,1.00699,8.14
576,205,3,3,33,20,9,1,1,0,0.2141,0.32267,351.891
577,65,2,2,16,5,3,1,1,0,0.214,0.3836,87.629
578,106,3,3,34,11,6,1,1,0,0.2139,0.37449,198.568
579,22,0,0,7,3,3,1,1,0,0.2139,0.80247,8.43
580,362,4,4,50,26,25,1,1,0,0.2138,0.27851,595.946
581,308,3,3,54,30,19,1,1,0,0.2137,0.3307,500.213
582,292,5,5,58,22,18,1,1,0,0.2137,0.31582,513.394
583,382,9,4,52,29,27,1,1,0,0.2136,0.32298,637.942
584,337,6,6,69,26,18,0,0,1,0.2136,0.24217,594.922
585,368,4,4,45,27,25,1,1,0,0.2135,0.29264,558.727
586,106,5,5,27,8,7,1,1,0,0.2134,0.54731,178.027
587,400,9,9,98,33,12,0,0,1,0.2134,0.23526,718.206
588,308,3,3,58,25,15,0,1,0,0.2133,0.26614,549.114
589,400,4,4,70,24,13,0,0,1,0.2132,0.21456,630.293
590,271,4,4,57,24,21,1,1,0,0.2132,0.28753,479.589
591,81,0,0,21,9,6,1,1,0,0.2131,0.50869,112.057
592,95,2,2,31,11,8,0,1,0,0.2131,0.30955,165.045
593,75,4,4,21,7,4,1,1,0,0.213,0.54088,116.699
594,351,4,4,53,28,23,1,1,0,0.2129,0.29047,590.749
595,291,4,4,58,25,21,1,1,0,0.2129,0.32743,455.315
596,320,4,4,57,28,20,0,1,0,0.2128,0.28773,526.255
597,306,4,4,52,30,22,0,1,0,0.2127,0.32677,517.028
598,300,2,2,58,26,19,1,1,0,0.2127,0.27812,510.425
599,40,1,1,10,4,1,1,1,0,0.2126,0.70296,51.137
600,400,3,3,63,34,21,0,0,1,0.2126,0.24679,676.275
601,330,5,5,61,29,28,0,1,0,0.2125,0.28701,541.473
602,380,6,6,44,30,29,1,1,0,0.2124,0.28032,610.534
603,146,4,4,48,14,8,0,1,0,0.2124,0.31585,265.841
604,310,5,5,62,26,21,1,1,0,0.2123,0.3177,483.6
605,247,5,5,48,19,17,1,1,0,0.2122,0.28812,441.638
606,267,4,4,46,20,14,0,1,0,0.2122,0.28038,438.162
607,246,3,3,44,20,17,1,1,0,0.2121,0.31728,420.376
608,207,1,1,41,17,13,0,1,0,0.2121,0.35124,310.603
609,330,5,5,64,30,21,1,1,0,0.212,0.32568,575.375
610,329,5,5,58,30,23,1,1,0,0.2119,0.30786,535.263
611,269,3,3,54,20,15,1,1,0,0.2119,0.3187,450.809
612,250,6,6,41,18,20,0,1,0,0.2118,0.2642,408.976
613,400,4,4,50,33,22,0,0,1,0.2117,0.25727,622.953
614,235,4,4,48,23,18,1,1,0,0.2117,0.32698,364.164
615,269,4,4,59,23,22,0,1,0,0.2116,0.29903,453.734
616,178,3,3,46,16,9,1,1,0,0.2116,0.40586,294.735
617,400,7,7,75,27,13,0,0,1,0.2115,0.22678,670.671
618,343,5,5,70,28,27,0,1,0,0.2114,0.25549,561.388
619,400,6,6,73,30,21,0,0,1,0.2114,0.24854,658.669
620,60,2,2,14,5,9,0,1,0,0.2113,0.35817,108.099
621,355,4,4,52,25,16,1,1,0,0.2112,0.27061,499.708
622,389,6,6,51,34,30,1,1,0,0.2112,0.30978,639.342
623,215,2,2,62,21,5,0,1,0,0.2111,0.26315,365.794
624,90,2,2,20,6,6,1,1,0,0.2111,0.34465,151.229
625,364,4,4,51,31,27,0,1,0,0.211,0.28162,615.24
626,63,1,1,21,7,3,0,1,0,0.2109,0.35637,105.804
627,181,2,2,47,18,9,0,1,0,0.2109,0.2752,319.953
628,290,3,3,56,26,19,1,1,0,0.2108,0.29491,493.031
629,233,6,6,53,19,12,0,1,0,0.2107,0.28316,403.622
630,76,3,3,27,7,3,1,1,0,0.2107,0.39178,133.154
631,332,5,5,59,28,23,1,1,0,0.2106,0.30104,524.138
632,21,0,0,9,3,4,1,1,0,0.2106,1.06047,6.134
633,119,3,3,33,11,5,1,1,0,0.2105,0.32223,203.281
634,163,3,3,40,15,10,1,1,0,0.2104,0.33741,286.942
635,57,1,1,11,4,3,0,1,0,0.2104,0.34764,73.154
636,99,3,3,29,9,6,1,1,0,0.2103,0.34745,162.594
637,179,2,2,44,16,10,1,1,0,0.2102,0.2934,290.643
638,400,7,7,79,32,11,0,0,1,0.2102,0.22479,656.218
639,224,7,7,50,19,16,1,1,0,0.2101,0.30445,386.563
640,50,1,1,18,6,3,1,1,0,0.2101,0.45398,51.532
641,400,9,9,102,36,12,0,0,1,0.21,0.21294,725.968
642,306,5,5,72,28,12,0,0,1,0.2099,0.25772,519.724
643,256,5,5,64,22,14,1,1,0,0.2099,0.35296,448.639
644,296,4,4,69,29,21,1,1,0,0.2098,0.31203,467.179
645,297,6,6,71,28,20,1,1,0,0.2097,0.28234,495.307
646,88,0,0,20,9,6,0,1,0,0.2097,0.41595,150.056
647,134,3,3,42,14,7,1,1,0,0.2096,0.32507,217.355
648,225,5,5,52,18,8,1,1,0,0.2096,0.29615,350.077
649,394,12,7,66,32,17,0,0,1,0.2095,0.28066,655.35
650,400,5,5,37,21,16,0,0,1,0.2094,0.26595,574.795
651,300,5,5,50,26,22,0,0,1,0.2094,0.27097,509.618
652,367,3,3,42,27,22,0,1,0,0.2093,0.30273,484.075
653,121,4,4,29,8,6,1,1,0,0.2092,0.38521,234.937
654,324,3,3,60,28,16,1,1,0,0.2092,0.28558,545.145
655,368,6,6,91,32,11,0,0,1,0.2091,0.23015,611.534
656,219,8,8,63,22,13,1,1,0,0.2091,0.28646,399.111
657,301,2,2,44,25,17,1,1,0,0.209,0.29437,487.617
658,162,5,5,51,14,16,1,1,0,0.2089,0.32052,281.065
659,196,4,4,31,15,11,1,1,0,0.2089,0.30552,352.959
660,22,0,0,6,3,2,1,1,0,0.2088,0.60627,25.009
661,358,6,6,67,30,27,0,0,1,0.2087,0.23319,560.798
662,184,7,7,37,12,15,1,1,0,0.2087,0.29214,310.883
663,108,1,1,30,10,7,1,1,0,0.2086,0.38566,156.866
664,392,7,7,49,29,26,1,1,0,0.2086,0.31006,608.243
665,267,6,6,52,20,24,0,1,0,0.2085,0.32477,443.315
666,225,6,6,46,17,11,0,1,0,0.2084,0.28003,417.147
667,311,4,4,40,21,18,0,1,0,0.2084,0.26122,478.056
668,256,6,6,52,24,16,1,1,0,0.2083,0.30354,408.506
669,224,7,7,59,19,7,1,1,0,0.2082,0.29916,389.323
670,400,4,4,71,27,18,0,0,1,0.2082,0.26653,607.701
671,127,3,3,51,14,5,1,1,0,0.2081,0.31361,203.814
672,347,6,6,83,30,15,0,0,1,0.2081,0.26675,580.167
673,400,3,3,58,31,28,0,0,1,0.208,0.29161,595.772
674,174,5,5,53,17,7,0,1,0,0.2079,0.27614,304.629
675,332,3,3,53,28,22,0,1,0,0.2079,0.30516,516.699
676,130,5,5,34,13,5,0,1,0,0.2078,0.31204,207.537
677,329,3,3,54,29,22,0,1,0,0.2077,0.31081,477.598
678,175,3,3,25,11,6,1,1,0,0.2077,0.34121,253.63
679,304,8,3,53,26,17,1,1,0,0.2076,0.27913,449.548
680,226,4,4,61,21,11,1,1,0,0.2076,0.33552,349.681
681,89,4,4,32,10,6,1,1,0,0.2075,0.46738,121.643
682,291,4,4,47,20,20,1,1,0,0.2074,0.30167,462.4
683,222,4,4,49,22,8,1,1,0,0.2074,0.27213,378.259
684,109,2,2,25,10,5,0,1,0,0.2073,0.34998,195.599
685,293,4,4,53,21,19,1,1,0,0.2072,0.28516,441.05
686,242,4,4,58,21,11,1,1,0,0.2072,0.28949,376.533
687,261,4,4,48,20,14,0,1,0,0.2071,0.27541,403.147
688,400,10,5,70,29,23,0,0,1,0.2071,0.26136,627.35
689,298,6,6,62,24,11,1,1,0,0.207,0.29632,437.332
690,294,4,4,44,23,12,1,1,0,0.2069,0.32516,403.178
691,218,3,3,42,19,14,0,1,0,0.2069,0.28584,356.141
692,195,2,2,58,20,12,1,1,0,0.2068,0.2933,304.024
693,109,3,3,28,10,5,1,1,0,0.2067,0.31274,162.803
694,400,8,8,70,27,17,0,0,1,0.2067,0.25707,638.365
695,258,3,3,37,19,14,1,1,0,0.2066,0.30736,366.31
696,344,5,5,61,27,10,1,1,0,0.2066,0.27183,500.658
697,135,1,1,45,16,5,1,1,0,0.2065,0.38198,196.779
698,294,6,6,53,25,16,0,1,0,0.2064,0.28686,421.256
699,83,2,2,24,8,6,1,1,0,0.2064,0.40313,105.442
700,400,8,8,82,33,13,0,0,1,0.2063,0.22678,659.866
701,157,2,2,57,18,9,1,1,0,0.2062,0.35108,234.833
702,158,5,5,46,15,3,0,1,0,0.2062,0.27095,272.668
703,92,2,2,27,10,7,1,1,0,0.2061,0.33397,145.568
704,369,7,7,76,32,12,0,0,1,0.2061,0.26285,654.838
705,89,1,1,39,11,2,0,1,0,0.206,0.39763,138.392
706,272,3,3,56,27,12,1,1,0,0.2059,0.31561,420.128
707,58,1,1,16,7,1,1,1,0,0.2059,0.36237,79.939
708,124,6,6,23,9,10,0,1,0,0.2058,0.3553,218.115
709,163,4,4,54,16,8,1,1,0,0.2057,0.32209,265.001
710,182,5,5,38,15,13,0,1,0,0.2057,0.38282,304.528
711,305,5,5,77,27,9,0,0,1,0.2056,0.23846,514.758
712,286,4,4,52,26,19,0,0,1,0.2056,0.24589,457.896
713,376,8,8,97,37,15,0,0,1,0.2055,0.24052,620.675
714,228,6,6,60,22,10,1,1,0,0.2054,0.38221,366.236
715,182,1,1,45,16,7,0,1,0,0.2054,0.27789,306.201
716,326,5,5,52,30,18,1,1,0,0.2053,0.29859,505.688
717,200,4,4,44,20,10,0,1,0,0.2052,0.31518,359.307
718,282,5,5,47,24,18,1,1,0,0.2052,0.26447,475.0
719,141,3,3,33,15,13,0,1,0,0.2051,0.36245,199.626
720,346,6,6,63,34,18,0,1,0,0.2051,0.2969,465.97
721,278,6,6,49,20,13,0,1,0,0.205,0.24,430.32
722,275,5,5,54,23,19,0,1,0,0.2049,0.26238,470.905
723,225,6,6,42,18,9,0,1,0,0.2049,0.29048,418.901
724,357,7,7,87,34,19,0,0,1,0.2048,0.23213,596.139
725,300,8,8,57,23,17,0,0,1,0.2047,0.26498,525.79
726,40,1,1,11,4,4,1,1,0,0.2047,0.53834,27.169
727,396,13,8,112,37,15,0,0,1,0.2046,0.22611,672.548
728,120,2,2,28,8,6,0,1,0,0.2046,0.33022,218.327
729,136,5,5,53,15,7,1,1,0,0.2045,0.31609,214.765
730,258,5,5,59,24,17,1,1,0,0.2044,0.27922,410.577
731,169,3,3,42,14,13,1,1,0,0.2044,0.29085,249.598
732,156,5,5,39,15,6,1,1,0,0.2043,0.34927,238.675
733,144,3,3,46,16,6,1,1,0,0.2042,0.38222,227.138
734,304,5,5,54,27,12,0,1,0,0.2042,0.25579,444.912
735,90,3,3,29,9,9,1,1,0,0.2041,0.35585,127.103
736,296,4,4,63,27,25,1,1,0,0.2041,0.29517,445.497
737,113,5,5,36,11,6,1,1,0,0.204,0.23811,204.842
738,91,3,3,29,10,8,1,1,0,0.2039,0.34145,139.442
739,399,4,4,51,34,26,0,1,0,0.2039,0.32288,425.975
740,340,7,7,92,33,16,0,0,1,0.2038,0.22645,566.008
741,400,8,8,101,40,16,0,0,1,0.2037,0.23258,659.107
742,347,6,6,61,33,15,0,0,1,0.2037,0.23215,561.803
743,262,5,5,63,23,17,1,1,0,0.2036,0.31146,414.51
744,224,6,6,54,20,12,1,1,0,0.2036,0.27365,345.68
745,319,7,7,58,26,9,1,1,0,0.2035,0.30554,549.768
746,115,2,2,27,12,4,0,1,0,0.2034,0.43767,164.227
747,388,6,6,93,40,13,0,0,1,0.2034,0.22988,621.533
748,96,1,1,42,12,4,1,1,0,0.2033,0.34317,130.889
749,159,5,5,40,15,6,1,1,0,0.2032,0.30622,258.744
750,364,6,6,61,36,20,1,1,0,0.2032,0.2803,526.231
751,130,3,3,39,14,2,1,1,0,0.2031,0.28319,204.315
752,278,2,2,60,27,12,1,1,0,0.2031,0.26566,419.837
753,352,8,8,81,31,18,1,1,0,0.203,0.25103,553.926
754,60,2,2,21,6,6,1,1,0,0.2029,0.41903,59.73
755,147,1,1,45,16,7,1,1,0,0.2029,0.34076,217.546
756,95,4,4,39,10,10,1,1,0,0.2028,0.45877,132.098
757,126,3,3,38,12,7,1,1,0,0.2027,0.34526,209.772
758,400,7,7,74,36,12,0,0,1,0.2027,0.22514,702.223
759,126,3,3,37,13,9,0,1,0,0.2026,0.38981,193.707
760,154,5,5,53,14,10,0,1,0,0.2026,0.25074,271.878
761,128,3,3,39,13,10,1,1,0,0.2025,0.34408,193.918
762,300,5,5,62,25,20,0,0,1,0.2024,0.26533,496.792
763,260,6,6,49,22,21,1,1,0,0.2024,0.32167,434.219
764,221,7,7,62,21,9,1,1,0,0.2023,0.2778,341.849
765,122,3,3,31,11,10,0,1,0,0.2022,0.30588,190.8
766,265,4,4,47,23,14,1,1,0,0.2022,0.31906,377.281
767,208,4,4,44,19,15,1,1,0,0.2021,0.3256,327.738
768,94,3,3,31,8,6,1,1,0,0.2021,0.3417,151.068
769,299,5,5,56,22,15,1,1,0,0.202,0.28513,483.684
770,90,1,1,30,10,5,1,1,0,0.2019,0.45784,116.738
771,79,1,1,21,8,5,1,1,0,0.2019,0.36275,127.167
772,341,5,5,64,30,20,1,1,0,0.2018,0.29169,483.001
773,281,6,6,51,22,13,0,1,0,0.2017,0.23119,481.359
774,246,3,3,57,20,13,1,1,0,0.2017,0.23289,402.484
775,264,6,6,56,22,5,0,0,1,0.2016,0.19478,441.768
776,172,5,5,46,15,13,1,1,0,0.2016,0.35992,281.975
777,183,5,5,50,17,10,1,1,0,0.2015,0.30267,293.711
778,130,3,3,38,13,4,1,1,0,0.2014,0.2662,198.059
779,24,0,0,9,3,1,1,1,0,0.2014,0.73224,-4.786
780,347,5,5,66,29,17,0,0,1,0.2013,0.19702,573.811
781,245,4,4,64,23,12,1,1,0,0.2012,0.27634,389.511
782,114,4,4,38,12,7,1,1,0,0.2012,0.33638,179.667
783,301,5,5,65,27,10,0,1,0,0.2011,0.28101,463.119
784,83,1,1,19,8,3,0,1,0,0.2011,0.3503,117.942
785,21,0,0,8,3,1,1,1,0,0.201,1.07243,-3.148
786,146,5,5,39,13,6,1,1,0,0.2009,0.3421,256.701
787,343,13,8,76,33,16,0,0,1,0.2009,0.1991,550.476
788,103,4,4,27,9,4,0,1,0,0.2008,0.45526,171.369
789,279,7,7,62,26,10,0,1,0,0.2007,0.27507,455.28
790,304,4,4,51,26,14,0,1,0,0.2007,0.27863,483.269
791,360,7,7,66,28,14,1,1,0,0.2006,0.26035,564.763
792,252,8,8,68,23,13,1,1,0,0.2006,0.24969,416.611
793,257,8,8,62,21,11,0,1,0,0.2005,0.24785,431.261
794,201,3,3,44,19,13,0,1,0,0.2004,0.29594,316.323
795,161,4,4,45,15,7,1,1,0,0.2004,0.30591,248.426
796,306,7,7,72,27,16,0,0,1,0.2003,0.25124,493.85
797,352,7,7,85,34,11,0,0,1,0.2002,0.20991,589.289
798,319,5,5,63,28,17,1,1,0,0.2002,0.29406,440.384
799,113,3,3,38,11,9,1,1,0,0.2001,0.29259,163.388
800,324,5,5,80,34,15,1,1,0,0.2001,0.28994,476.492
801,110,2,2,30,11,9,0,1,0,0.2,0.29305,158.826
802,272,5,5,56,25,7,1,1,0,0.1999,0.26892,447.247
803,34,1,1,11,4,2,1,1,0,0.1999,0.57833,38.471
804,181,3,3,42,16,11,1,1,0,0.1998,0.26827,282.232
805,250,4,4,45,23,10,0,1,0,0.1998,0.25268,440.167
806,266,4,4,54,22,8,1,1,0,0.1997,0.27849,396.066
807,367,12,7,82,32,20,0,0,1,0.1996,0.18469,599.128
808,165,4,4,47,14,13,0,1,0,0.1996,0.27304,269.019
809,99,2,2,33,11,4,1,1,0,0.1995,0.41327,145.8
810,239,2,2,46,20,11,0,1,0,0.1994,0.27744,408.493
811,89,1,1,23,9,3,1,1,0,0.1994,0.40331,114.495
812,184,2,2,55,19,4,0,1,0,0.1993,0.26083,303.197
813,242,6,6,56,21,14,1,1,0,0.1993,0.25022,387.222
814,309,6,6,68,23,19,0,0,1,0.1992,0.22398,528.415
815,265,4,4,65,25,9,1,1,0,0.1991,0.24684,423.347
816,245,3,3,67,25,15,0,1,0,0.1991,0.33363,368.128
817,166,5,5,51,16,4,0,1,0,0.199,0.21517,292.654
818,232,6,6,60,21,8,0,1,0,0.1989,0.21634,386.985
819,364,3,3,70,33,19,1,1,0,0.1989,0.25653,543.666
820,360,8,8,64,33,14,1,1,0,0.1988,0.32669,472.65
821,259,6,6,54,24,15,1,1,0,0.1988,0.25529,404.205
822,309,3,3,63,29,10,1,1,0,0.1987,0.27697,468.571
823,275,6,6,53,24,15,0,1,0,0.1986,0.26071,462.887
824,255,3,3,58,23,12,1,1,0,0.1986,0.28042,407.769
825,232,4,4,63,24,10,1,1,0,0.1985,0.26702,363.15
826,400,8,8,98,40,11,0,0,1,0.1984,0.18762,662.478
827,241,5,5,48,22,17,0,1,0,0.1984,0.28586,375.967
828,335,5,5,46,22,16,1,1,0,0.1983,0.24615,542.408
829,172,3,3,44,17,11,1,1,0,0.1983,0.31714,253.68
830,363,5,5,70,32,17,1,1,0,0.1982,0.25452,530.124
831,275,3,3,61,25,15,1,1,0,0.1981,0.2407,418.528
832,306,3,3,53,25,22,0,1,0,0.1981,0.26386,483.546
833,172,3,3,50,15,10,0,1,0,0.198,0.2169,289.771
834,106,4,4,27,7,7,1,1,0,0.1979,0.28519,177.677
835,181,5,5,43,17,8,0,1,0,0.1979,0.31047,293.561
836,162,3,3,55,17,8,1,1,0,0.1978,0.28965,249.196
837,323,6,6,60,31,16,1,1,0,0.1978,0.23846,517.437
838,120,3,3,33,13,4,0,1,0,0.1977,0.29033,186.788
839,196,4,4,57,19,10,1,1,0,0.1976,0.28151,284.136
840,353,4,4,87,33,10,1,1,0,0.1976,0.24215,552.298
841,234,4,4,57,23,12,0,1,0,0.1975,0.27128,370.634
842,156,1,1,44,16,8,1,1,0,0.1974,0.26887,213.823
843,66,1,1,25,8,3,1,1,0,0.1974,0.36215,99.527
844,318,6,6,58,25,16,0,1,0,0.1973,0.23891,485.918
845,380,7,7,44,27,16,1,1,0,0.1973,0.26948,567.199
846,193,4,4,59,19,5,1,1,0,0.1972,0.27063,310.672
847,51,2,2,16,5,3,0,1,0,0.1971,0.33139,82.857
848,310,6,6,63,27,11,1,1,0,0.1971,0.26395,464.698
849,152,4,4,37,11,7,0,1,0,0.197,0.25424,251.87
850,266,2,2,38,20,10,1,1,0,0.1969,0.23074,415.552
851,123,2,2,29,11,5,1,1,0,0.1969,0.31355,196.489
852,327,6,6,56,28,14,0,1,0,0.1968,0.21613,459.164
853,277,2,2,66,26,16,0,1,0,0.1968,0.2662,448.336
854,308,7,7,66,26,15,1,1,0,0.1967,0.21976,519.437
855,137,6,6,39,13,8,1,1,0,0.1966,0.35109,201.617
856,314,5,5,69,29,8,0,0,1,0.1966,0.19291,516.889
857,282,6,6,70,27,15,1,1,0,0.1965,0.23893,451.432
858,189,5,5,54,14,5,1,1,0,0.1964,0.27275,355.544
859,147,3,3,37,13,7,0,1,0,0.1964,0.2596,247.809
860,142,4,4,38,13,6,1,1,0,0.1963,0.2844,241.54
861,263,2,2,52,25,18,1,1,0,0.1963,0.30527,385.093
862,290,3,3,63,25,15,1,1,0,0.1962,0.27881,407.027
863,257,3,3,53,22,10,1,1,0,0.1961,0.34725,397.445
864,309,5,5,66,27,11,0,0,1,0.1961,0.23704,500.224
865,306,5,5,56,26,11,1,1,0,0.196,0.23125,495.174
866,264,5,5,56,23,11,1,1,0,0.1959,0.30565,376.012
867,147,5,5,45,15,8,1,1,0,0.1959,0.33691,233.75
868,155,4,4,48,14,9,1,1,0,0.1958,0.28025,263.694
869,145,3,3,39,12,11,0,1,0,0.1958,0.35839,235.648
870,296,6,6,60,25,7,1,1,0,0.1957,0.31652,499.096
871,321,6,6,60,26,17,1,1,0,0.1956,0.2633,479.295
872,388,4,4,48,34,20,1,1,0,0.1956,0.27597,529.394
873,344,4,4,57,26,16,0,0,1,0.1955,0.18963,564.672
874,247,6,6,49,20,9,1,1,0,0.1954,0.26219,403.516
875,282,6,6,43,20,7,1,1,0,0.1954,0.25458,408.24
876,315,6,6,62,25,11,0,0,1,0.1953,0.19733,505.321
877,253,6,6,68,24,13,0,0,1,0.1953,0.24128,411.895
878,242,5,5,57,20,9,0,1,0,0.1952,0.21829,401.313
879,367,8,8,89,32,19,1,1,0,0.1951,0.22459,607.111
880,224,5,5,60,22,7,1,1,0,0.1951,0.2795,357.511
881,351,4,4,79,36,15,0,0,1,0.195,0.19565,555.483
882,199,6,6,53,19,9,1,1,0,0.1949,0.28918,308.326
883,303,4,4,70,26,26,0,1,0,0.1949,0.2633,466.429
884,234,7,7,41,21,15,1,1,0,0.1948,0.27488,381.808
885,109,4,4,31,11,7,0,1,0,0.1948,0.46188,158.203
886,338,8,8,67,31,14,0,0,1,0.1947,0.2513,540.508
887,88,5,5,28,8,2,1,1,0,0.1946,0.31487,124.734
888,355,2,2,59,31,17,1,1,0,0.1946,0.25749,534.541
889,126,3,3,32,14,3,1,1,0,0.1945,0.32705,181.429
890,338,6,6,74,33,11,0,0,1,0.1944,0.21669,545.681
891,105,1,1,26,10,5,1,1,0,0.1944,0.30579,145.031
892,294,3,3,44,21,12,1,1,0,0.1943,0.27469,422.567
893,381,5,5,49,25,16,0,1,0,0.1943,0.22652,559.748
894,87,1,1,20,6,4,0,1,0,0.1942,0.24439,128.632
895,60,0,0,17,6,7,0,1,0,0.1941,0.39435,67.741
896,132,6,6,31,9,8,1,1,0,0.1941,0.34096,190.714
897,22,0,0,7,3,2,1,1,0,0.194,0.8586,-10.407
898,312,4,4,46,22,16,1,1,0,0.1939,0.24804,498.779
899,161,4,4,40,12,6,1,1,0,0.1939,0.24333,249.583
900,191,6,6,30,9,9,1,1,0,0.1938,0.27578,277.962
901,279,2,2,51,22,14,1,1,0,0.1938,0.27334,404.817
902,162,6,6,46,14,7,1,1,0,0.1937,0.27894,268.224
903,33,0,0,8,4,1,0,1,0,0.1936,0.48153,36.869
904,286,5,5,55,23,14,1,1,0,0.1936,0.22891,455.042
905,95,3,3,36,11,4,0,1,0,0.1935,0.32189,146.801
906,227,4,4,43,18,8,1,1,0,0.1934,0.22792,351.908
907,166,4,4,46,17,9,0,1,0,0.1934,0.2167,268.211
908,248,3,3,46,22,8,0,1,0,0.1933,0.21153,424.976
909,302,6,6,58,24,15,1,1,0,0.1933,0.29045,415.355
910,400,6,6,96,39,12,0,0,1,0.1932,0.21513,626.011
911,180,4,4,49,18,6,1,1,0,0.1931,0.28189,285.696
912,16,0,0,3,2,2,1,1,0,0.1931,1.0546,-7.783
913,46,2,2,13,4,5,1,1,0,0.193,0.60459,39.937
914,282,6,6,75,28,18,1,1,0,0.1929,0.32585,409.908
915,301,4,4,75,31,20,1,1,0,0.1929,0.33991,458.127
916,222,5,5,50,19,10,1,1,0,0.1928,0.25883,368.296
917,315,6,6,66,30,17,0,1,0,0.1928,0.2424,480.232
918,70,3,3,23,7,2,1,1,0,0.1927,0.35658,96.707
919,295,3,3,61,29,11,1,1,0,0.1926,0.24322,413.363
920,88,1,1,13,7,5,0,1,0,0.1926,0.37651,127.261
921,400,8,8,53,20,16,0,0,1,0.1925,0.15587,610.03
922,400,7,7,71,23,15,0,0,1,0.1924,0.20032,587.011
923,259,4,4,42,21,10,0,1,0,0.1924,0.24505,371.489
924,67,2,2,17,8,6,1,1,0,0.1923,0.40498,90.363
925,343,4,4,58,27,21,1,1,0,0.1923,0.24538,438.401
926,362,5,5,84,35,12,0,0,1,0.1922,0.22921,582.986
927,159,5,5,46,13,9,1,1,0,0.1921,0.28921,255.934
928,186,5,5,37,18,9,1,1,0,0.1921,0.32669,297.899
929,310,5,5,81,29,11,0,0,1,0.192,0.19303,518.031
930,71,1,1,29,7,5,0,1,0,0.1919,0.34853,103.704
931,231,5,5,56,22,9,1,1,0,0.1919,0.23972,391.025
932,208,4,4,55,21,24,1,1,0,0.1918,0.40219,303.729
933,271,7,7,58,26,18,1,1,0,0.1918,0.26726,424.365
934,314,7,7,71,28,14,0,1,0,0.1917,0.27629,421.828
935,175,4,4,49,17,4,0,1,0,0.1916,0.32293,288.479
936,214,7,7,70,19,4,1,1,0,0.1916,0.21838,369.436
937,87,2,2,21,8,10,1,1,0,0.1915,0.34653,114.347
938,76,1,1,29,8,3,1,1,0,0.1914,0.33747,96.835
939,141,4,4,41,15,3,1,1,0,0.1914,0.30384,218.411
940,312,3,3,50,26,12,1,1,0,0.1913,0.24717,493.542
941,260,5,5,59,22,10,1,1,0,0.1913,0.28933,387.766
942,23,0,0,9,3,3,1,1,0,0.1912,0.91706,-6.048
943,302,6,6,69,25,8,1,1,0,0.1911,0.30855,459.765
944,325,7,7,73,29,11,0,0,1,0.1911,0.19746,514.049
945,396,7,7,76,32,10,0,0,1,0.191,0.18369,641.503
946,63,1,1,17,7,2,0,1,0,0.1909,0.32677,97.216
947,20,0,0,8,3,3,1,1,0,0.1909,0.76638,-8.889
948,125,4,4,45,12,5,1,1,0,0.1908,0.37935,196.389
949,197,4,4,47,20,7,0,1,0,0.1908,0.28748,317.206
950,261,5,5,55,23,14,0,1,0,0.1907,0.25354,374.546
951,135,2,2,33,14,7,0,1,0,0.1906,0.24597,212.469
952,303,8,8,60,28,18,0,1,0,0.1906,0.24711,497.122
953,139,5,5,41,12,9,1,1,0,0.1905,0.29296,210.261
954,70,2,2,22,7,4,1,1,0,0.1904,0.37142,89.839
955,296,6,6,68,28,15,1,1,0,0.1904,0.29342,441.173
956,346,6,6,50,31,12,0,1,0,0.1903,0.24327,542.007
957,326,8,8,80,30,17,0,0,1,0.1903,0.24282,502.688
958,116,2,2,41,12,6,1,1,0,0.1902,0.31145,160.371
959,119,4,4,34,11,7,1,1,0,0.1901,0.39513,182.907
960,70,1,1,14,7,2,0,1,0,0.1901,0.28807,104.096
961,203,4,4,43,15,15,1,1,0,0.19,0.29073,302.39
962,218,5,5,47,18,6,1,1,0,0.1899,0.28793,331.769
963,165,3,3,40,15,5,1,1,0,0.1899,0.35499,242.635
964,278,3,3,54,25,14,0,0,1,0.1898,0.22343,438.961
965,333,6,6,67,29,27,1,1,0,0.1898,0.278,428.006
966,87,2,2,22,7,7,1,1,0,0.1897,0.3839,117.917
967,341,7,7,56,28,21,0,1,0,0.1896,0.26078,454.655
968,163,3,3,63,17,12,1,1,0,0.1896,0.47935,226.0
969,204,3,3,28,14,10,0,1,0,0.1895,0.37729,276.344
970,37,0,0,17,5,2,1,1,0,0.1894,0.52053,34.615
971,307,4,4,61,24,17,1,1,0,0.1894,0.23172,476.052
972,400,4,4,75,27,10,0,0,1,0.1893,0.18046,565.451
973,127,5,5,47,11,6,1,1,0,0.1893,0.30695,196.093
974,400,4,4,47,19,15,0,0,1,0.1892,0.13693,532.201
975,244,5,5,52,23,10,1,1,0,0.1891,0.26298,367.48
976,400,3,3,49,24,17,0,0,1,0.1891,0.16654,539.342
977,400,4,4,75,24,16,0,0,1,0.189,0.15396,564.307
978,118,1,1,27,9,4,0,1,0,0.1889,0.23817,188.258
979,63,0,0,22,6,3,1,1,0,0.1889,0.4345,42.423
980,346,5,5,40,23,20,0,1,0,0.1888,0.23745,498.784
981,400,6,6,60,30,19,0,0,1,0.1888,0.2258,600.791
982,223,4,4,50,16,10,1,1,0,0.1887,0.25104,319.415
983,105,2,2,27,9,2,1,1,0,0.1886,0.33501,135.535
984,179,5,5,46,14,7,1,1,0,0.1886,0.27521,290.463
985,101,3,3,24,8,4,0,1,0,0.1885,0.24975,170.418
986,127,0,0,30,12,5,1,1,0,0.1884,0.27361,163.135
987,12,0,0,5,2,1,1,1,0,0.1884,1.41133,-9.11
988,346,7,7,80,29,9,0,0,1,0.1883,0.17622,559.408
989,124,3,3,34,12,3,1,1,0,0.1883,0.27252,190.417
990,139,4,4,43,14,10,1,1,0,0.1882,0.3539,206.152
991,202,5,5,58,20,8,1,1,0,0.1881,0.32251,300.313
992,131,3,3,43,12,4,1,1,0,0.1881,0.32077,216.98
993,154,4,4,43,16,9,1,1,0,0.188,0.31131,232.857
994,58,1,1,21,6,3,1,1,0,0.1879,0.47635,55.159
995,386,6,6,106,40,16,0,0,1,0.1879,0.20657,603.749
996,122,5,5,49,12,7,1,1,0,0.1878,0.36895,188.868
997,396,3,3,59,31,18,1,1,0,0.1878,0.29822,493.911
998,322,10,5,58,23,8,0,0,1,0.1877,0.21163,501.476
999,332,5,5,77,24,13,1,1,0,0.1876,0.24683,437.629
1000,400,3,3,51,22,7,0,0,1,0.1876,0.13951,562.042
1001,161,3,3,31,12,8,1,1,0,0.1875,0.32261,258.604
1002,283,4,4,46,21,16,1,1,0,0.1874,0.32125,415.421
1003,44,0,0,10,5,6,1,1,0,0.1874,0.66172,39.019
1004,400,6,6,56,23,12,0,0,1,0.1873,0.19168,531.517
1005,350,7,7,46,21,21,1,1,0,0.1872,0.29056,421.802
1006,400,4,4,42,25,19,0,0,1,0.1872,0.23856,561.038
1007,331,7,7,54,27,10,0,1,0,0.1871,0.25109,483.439
1008,188,2,2,37,12,6,1,1,0,0.1871,0.29261,266.212
1009,400,3,3,59,31,19,0,0,1,0.187,0.25206,535.838
1010,190,3,3,52,18,9,1,1,0,0.1869,0.28526,262.939
1011,272,4,4,41,16,15,0,1,0,0.1869,0.23834,391.187
1012,135,2,2,35,15,9,1,1,0,0.1868,0.3667,180.872
1013,335,5,5,46,21,18,1,1,0,0.1867,0.29426,447.504
1014,329,5,5,50,25,18,1,1,0,0.1867,0.27477,472.205
1015,399,4,4,39,26,20,1,1,0,0.1866,0.28278,489.823
1016,400,6,6,62,23,14,0,0,1,0.1866,0.22395,566.502
1017,384,8,8,52,26,14,0,1,0,0.1865,0.24165,494.504
1018,123,2,2,27,10,7,1,1,0,0.1864,0.48436,126.266
1019,127,4,4,42,12,9,0,1,0,0.1864,0.3196,188.663
1020,354,1,1,59,27,17,1,1,0,0.1863,0.29069,430.005
1021,302,3,3,36,18,11,1,1,0,0.1862,0.28282,390.775
1022,310,5,5,43,21,17,0,1,0,0.1862,0.26283,386.655
1023,400,3,3,46,22,12,0,0,1,0.1861,0.22359,508.171
1024,400,5,5,37,16,11,0,0,1,0.1861,0.19267,453.712
1025,79,4,4,24,5,11,0,1,0,0.186,0.593,110.621
1026,400,6,6,42,15,7,0,0,1,0.1859,0.20539,495.116
1027,400,6,6,55,23,11,0,0,1,0.1859,0.22534,523.824
1028,400,4,4,52,33,15,0,0,1,0.1858,0.28986,536.082
1029,260,5,5,46,15,15,1,1,0,0.1857,0.26893,336.903
1030,135,3,3,21,8,9,1,1,0,0.1857,0.37665,150.688
1031,400,3,3,43,20,13,0,0,1,0.1856,0.22716,463.621
1032,20,0,0,8,3,2,1,1,0,0.1856,1.09268,-10.563
1033,400,5,5,28,21,21,0,0,1,0.1855,0.34104,479.39
1034,344,2,2,36,19,13,0,1,0,0.1854,0.28191,374.58
1035,42,1,1,8,5,3,1,1,0,0.1854,0.64762,31.999
1036,400,3,3,49,21,12,0,0,1,0.1853,0.25553,455.582
1037,171,5,5,43,15,13,1,1,0,0.1852,0.37086,217.993
1038,400,5,5,64,31,16,0,0,1,0.1852,0.29705,522.975
1039,103,0,0,15,8,6,0,1,0,0.1851,0.39239,126.0
1040,400,2,2,50,19,17,0,0,1,0.1851,0.23812,467.366
1041,400,3,3,47,26,14,0,0,1,0.185,0.25653,466.64
1042,400,7,7,48,30,21,0,0,1,0.1849,0.2818,532.645
1043,188,6,6,38,16,5,1,1,0,0.1849,0.34667,243.436
1044,294,6,6,65,26,12,0,1,0,0.1848,0.33958,451.846
1045,73,4,4,23,6,1,1,1,0,0.1847,0.50487,89.626
1046,42,0,0,11,5,2,1,1,0,0.1847,0.62204,26.736
1047,62,2,2,18,7,1,0,1,0,0.1846,0.41036,86.012
1048,400,5,5,37,16,12,0,0,1,0.1846,0.22711,392.728
1049,224,6,6,43,16,9,1,1,0,0.1845,0.31748,322.736
1050,62,1,1,12,4,4,1,1,0,0.1844,0.35814,65.328
1051,183,1,1,40,17,8,0,1,0,0.1844,0.39722,221.687
1052,198,4,4,33,15,12,0,1,0,0.1843,0.30079,260.038
1053,400,4,4,42,23,14,0,0,1,0.1842,0.26569,465.519
1054,66,3,3,15,6,4,0,1,0,0.1842,0.44254,105.221
1055,199,3,3,25,14,6,1,1,0,0.1841,0.33847,239.296
1056,322,4,4,52,26,13,1,1,0,0.1841,0.30414,422.355
1057,49,1,1,12,6,5,1,1,0,0.184,0.71,37.297
1058,400,6,6,27,22,14,0,0,1,0.1839,0.25602,482.903
1059,400,6,6,42,26,12,0,0,1,0.1839,0.31226,436.103
1060,400,7,2,46,36,12,0,0,1,0.1838,0.27897,485.053
1061,399,4,4,41,37,10,0,0,1,0.1837,0.31738,506.905
1062,99,2,2,24,11,4,1,1,0,0.1837,0.35698,110.73
1063,249,6,6,49,27,10,0,1,0,0.1836,0.32922,370.854
1064,347,3,3,45,33,12,1,1,0,0.1836,0.35571,449.426
1065,400,5,5,46,34,15,0,0,1,0.1835,0.29702,527.3
1066,400,5,5,41,30,19,0,0,1,0.1834,0.39529,506.18
1067,133,2,2,30,13,5,1,1,0,0.1834,0.38914,197.528
1068,95,2,2,22,8,2,1,1,0,0.1833,0.3499,104.816
1069,54,1,1,22,6,4,1,1,0,0.1832,0.53304,42.258
1070,112,3,3,18,9,2,1,1,0,0.1832,0.32704,129.272
1071,143,6,6,50,13,8,1,1,0,0.1831,0.39735,201.36
1072,274,3,3,44,23,11,1,1,0,0.1831,0.4419,327.434
1073,342,2,2,55,32,14,1,1,0,0.183,0.33384,392.554
1074,53,2,2,19,6,2,1,1,0,0.1829,0.4273,47.758
1075,235,7,7,44,24,6,1,1,0,0.1829,0.35096,308.532
1076,36,1,1,8,4,4,1,1,0,0.1828,0.76479,17.841
1077,400,4,4,53,31,13,0,0,1,0.1827,0.28948,471.353
1078,400,4,4,39,27,14,0,0,1,0.1827,0.26303,464.49
1079,189,3,3,44,20,9,1,1,0,0.1826,0.38059,229.407
1080,400,8,3,74,43,15,0,0,1,0.1826,0.31454,503.27
1081,400,3,3,54,37,24,0,0,1,0.1825,0.27956,474.541
1082,64,2,2,13,7,1,1,1,0,0.1824,0.42783,84.94
1083,400,3,3,46,35,14,0,0,1,0.1824,0.31656,482.179
1084,368,4,4,48,33,7,0,0,1,0.1823,0.30499,447.618
1085,241,3,3,37,18,10,1,1,0,0.1822,0.30671,271.367
1086,179,9,4,24,10,12,1,1,0,0.1822,0.33149,237.791
1087,326,6,6,65,27,11,1,1,0,0.1821,0.34709,381.868
1088,400,9,4,35,26,17,0,0,1,0.1821,0.29455,463.131
1089,123,1,1,14,10,8,1,1,0,0.182,0.36939,125.529
1090,400,6,6,65,30,19,0,0,1,0.1819,0.27581,450.467
1091,400,3,3,53,34,9,0,0,1,0.1819,0.25846,522.943
1092,400,3,3,46,34,14,0,0,1,0.1818,0.29224,449.028
1093,241,2,2,39,17,9,1,1,0,0.1817,0.34885,248.923
1094,232,4,4,52,20,7,1,1,0,0.1817,0.36413,283.083
1095,38,0,0,12,5,2,1,1,0,0.1816,0.73326,27.168
1096,201,2,2,36,15,7,1,1,0,0.1816,0.33715,258.352
1097,17,1,1,7,2,2,1,1,0,0.1815,1.27949,-9.394
1098,400,4,4,40,39,14,0,0,1,0.1814,0.30664,532.523
1099,69,1,1,10,7,4,1,1,0,0.1814,0.52856,69.783
1100,87,1,1,17,5,2,1,1,0,0.1813,0.32583,113.683
1101,400,7,7,56,41,18,0,0,1,0.1812,0.31279,534.825
1102,102,1,1,23,11,3,1,1,0,0.1812,0.43459,110.011
1103,153,3,3,19,14,4,1,1,0,0.1811,0.41721,178.446
1104,32,1,1,11,4,0,1,1,0,0.1811,0.8457,13.651
1105,400,6,6,26,41,13,0,0,1,0.181,0.28789,552.523
1106,224,2,2,40,25,9,1,1,0,0.1809,0.37796,278.04
1107,400,5,5,40,42,12,0,0,1,0.1809,0.30765,502.827
1108,155,3,3,30,16,6,0,1,0,0.1808,0.30198,194.164
1109,252,1,1,24,25,12,0,1,0,0.1807,0.26762,325.87
1110,400,5,5,51,42,24,0,0,1,0.1807,0.27136,499.493
1111,161,3,3,39,16,10,1,1,0,0.1806,0.30069,241.768
1112,152,4,4,27,14,9,1,1,0,0.1806,0.31995,218.632
1113,112,3,3,29,10,8,0,1,0,0.1805,0.31081,153.014
1114,400,3,3,47,43,16,0,0,1,0.1804,0.259,517.128
1115,400,3,3,30,28,13,0,0,1,0.1804,0.27157,385.537
1116,65,1,1,24,7,4,1,1,0,0.1803,0.43575,66.314
1117,400,3,3,40,43,18,0,0,1,0.1802,0.25986,477.156
1118,400,6,6,46,43,9,0,0,1,0.1802,0.23962,507.968
1119,400,3,3,47,41,20,0,0,1,0.1801,0.29976,477.43
1120,99,0,0,22,8,2,1,1,0,0.1801,0.37048,90.834
1121,146,2,2,26,12,8,1,1,0,0.18,0.42472,120.948
1122,400,6,6,40,36,24,0,0,1,0.1799,0.294,532.267
1123,400,11,6,72,38,14,0,0,1,0.1799,0.3004,458.435
1124,400,5,5,55,40,20,0,0,1,0.1798,0.28845,463.468
1125,191,3,3,43,18,7,1,1,0,0.1797,0.40935,186.174
1126,393,8,3,34,31,16,1,1,0,0.1797,0.27439,386.992
1127,400,5,5,44,35,15,0,0,1,0.1796,0.25891,467.117
1128,293,4,4,64,25,9,1,1,0,0.1796,0.30494,363.928
1129,364,8,8,51,30,14,0,1,0,0.1795,0.30873,404.702
1130,400,7,7,56,28,13,0,0,1,0.1794,0.31618,393.878
1131,135,2,2,34,13,8,1,1,0,0.1794,0.35508,144.953
1132,154,2,2,37,13,10,1,1,0,0.1793,0.32859,214.032
1133,168,3,3,27,15,11,1,1,0,0.1792,0.3817,163.35
1134,380,7,7,44,29,18,1,1,0,0.1792,0.31009,451.218
1135,121,4,4,28,9,7,0,1,0,0.1791,0.44311,131.228
1136,192,5,5,26,17,6,1,1,0,0.1791,0.4488,181.733
1137,400,4,4,25,38,21,0,0,1,0.179,0.29808,463.081
1138,307,5,5,38,25,23,0,1,0,0.1789,0.34894,333.843
1139,290,5,5,37,24,8,0,1,0,0.1789,0.32593,319.263
1140,400,8,8,65,39,16,0,0,1,0.1788,0.32511,455.299
1141,400,2,2,44,43,22,0,0,1,0.1787,0.3208,456.566
1142,142,2,2,25,12,3,1,1,0,0.1787,0.34552,167.03
1143,13,0,0,4,2,0,1,1,0,0.1786,1.13869,-13.104
1144,103,3,3,30,9,7,1,1,0,0.1786,0.39764,116.442
1145,22,0,0,6,3,1,1,1,0,0.1785,0.54872,13.856
1146,237,4,4,49,21,11,1,1,0,0.1784,0.37216,261.576
1147,400,1,1,36,37,13,0,0,1,0.1784,0.31942,382.327
1148,263,6,6,33,19,10,1,1,0,0.1783,0.30128,334.043
1149,330,6,6,32,26,17,1,1,0,0.1782,0.35369,362.787
1150,400,2,2,42,29,15,0,0,1,0.1782,0.26692,350.569
1151,400,7,7,42,36,23,0,0,1,0.1781,0.30043,470.252
1152,400,4,4,47,36,16,0,0,1,0.1781,0.31024,433.894
1153,272,1,1,37,25,17,1,1,0,0.178,0.33167,255.458
1154,20,0,0,6,3,0,1,1,0,0.1779,0.89278,4.145
1155,400,5,5,35,31,24,0,0,1,0.1779,0.35233,422.044
1156,400,6,6,43,21,16,0,0,1,0.1778,0.33806,275.685
1157,107,3,3,27,11,3,1,1,0,0.1777,0.53624,98.676
1158,157,4,4,33,13,10,1,1,0,0.1777,0.42739,145.319
1159,400,4,4,64,43,13,0,0,1,0.1776,0.34957,421.384
1160,200,3,3,40,20,6,1,1,0,0.1776,0.40298,210.029
1161,98,2,2,27,12,8,1,1,0,0.1775,0.47158,80.034
1162,23,0,0,5,3,4,1,1,0,0.1774,1.08494,-5.642
1163,22,0,0,6,3,2,1,1,0,0.1774,1.37146,-6.443
1164,305,5,5,50,33,15,0,1,0,0.1773,0.3156,335.65
1165,61,1,1,18,6,4,0,1,0,0.1772,0.31887,65.361
1166,400,1,1,58,45,15,0,0,1,0.1772,0.34136,401.738
1167,20,0,0,7,3,2,1,1,0,0.1771,1.38686,-6.486
1168,26,1,1,6,3,2,1,1,0,0.1771,1.06114,6.963
1169,400,2,2,42,42,19,0,0,1,0.177,0.35478,379.651
1170,400,11,6,71,42,21,0,0,1,0.1769,0.35171,409.192
1171,145,4,4,39,15,5,1,1,0,0.1769,0.39255,180.821
1172,220,3,3,44,21,14,1,1,0,0.1768,0.44452,230.214
1173,400,4,4,42,30,23,0,0,1,0.1767,0.32489,360.271
1174,125,2,2,37,10,7,1,1,0,0.1767,0.40903,147.204
1175,20,0,0,7,3,1,1,1,0,0.1766,1.01028,-13.178
1176,400,5,5,52,31,14,0,0,1,0.1766,0.33527,357.358
1177,400,4,4,46,31,17,0,0,1,0.1765,0.34583,392.111
1178,61,1,1,16,7,2,1,1,0,0.1764,0.49817,60.396
1179,400,4,4,54,39,18,0,0,1,0.1764,0.29502,415.802
1180,400,1,1,44,40,19,0,0,1,0.1763,0.306,349.801
1181,400,5,5,74,47,21,0,0,1,0.1762,0.30638,424.993
1182,126,1,1,40,14,7,1,1,0,0.1762,0.39873,102.337
1183,41,0,0,12,5,2,1,1,0,0.1761,0.71536,20.686
1184,400,6,1,38,34,20,0,0,1,0.1761,0.34232,385.982
1185,158,2,2,25,13,8,1,1,0,0.176,0.3795,192.512
1186,352,4,4,31,30,16,1,1,0,0.1759,0.31144,324.147
1187,236,5,5,32,16,13,1,1,0,0.1759,0.3477,203.323
1188,88,5,5,25,7,6,1,1,0,0.1758,0.43012,118.937
1189,400,2,2,44,36,20,0,0,1,0.1757,0.3161,402.553
1190,322,6,6,40,27,12,0,1,0,0.1757,0.30857,304.331
1191,61,2,2,16,8,5,1,1,0,0.1756,0.58684,36.733
1192,248,6,6,49,24,13,1,1,0,0.1756,0.35504,279.085
1193,400,5,5,65,26,11,0,0,1,0.1755,0.33147,307.944
1194,217,3,3,48,21,12,1,1,0,0.1754,0.41829,200.023
1195,400,6,6,77,34,15,0,0,1,0.1754,0.33001,360.567
1196,400,2,2,53,39,16,0,0,1,0.1753,0.33808,387.558
1197,155,5,5,42,14,9,0,1,0,0.1752,0.37865,182.724
1198,240,6,6,39,24,14,0,1,0,0.1752,0.43553,183.036
1199,400,6,6,53,42,9,0,0,1,0.1751,0.30561,433.119
1200,399,4,4,52,37,26,1,1,0,0.1751,0.37451,337.662
1201,26,1,1,8,3,3,1,1,0,0.175,0.9484,1.547
1202,400,6,6,42,39,15,0,0,1,0.1749,0.29233,397.944
1203,249,3,3,39,20,11,1,1,0,0.1749,0.35082,224.347
1204,72,2,2,19,8,6,1,1,0,0.1748,0.52908,63.099
1205,20,0,0,6,3,4,1,1,0,0.1748,1.15508,-7.913
1206,400,6,6,60,38,16,0,0,1,0.1747,0.33149,346.854
1207,241,6,6,52,27,10,0,1,0,0.1746,0.36127,250.013
1208,400,5,5,47,37,22,0,0,1,0.1746,0.37013,346.171
1209,195,0,0,21,9,7,1,1,0,0.1745,0.37916,30.482
1210,358,5,5,59,25,13,0,1,0,0.1744,0.37378,273.485
1211,400,8,8,56,27,24,0,0,1,0.1744,0.36127,398.912
1212,370,7,7,58,28,27,0,1,0,0.1743,0.35163,312.79
1213,154,3,3,34,12,8,1,1,0,0.1743,0.42255,103.803
1214,136,1,1,54,16,10,1,1,0,0.1742,0.35638,118.89
1215,388,6,6,86,34,26,0,0,1,0.1741,0.38346,338.714
1216,400,6,6,83,40,14,0,0,1,0.1741,0.33343,375.8
1217,73,2,2,24,6,5,1,1,0,0.174,0.40166,76.067
1218,142,3,3,42,12,13,1,1,0,0.1739,0.4153,169.222
1219,58,2,2,9,5,2,1,1,0,0.1739,0.49551,63.416
1220,350,4,4,49,29,21,1,1,0,0.1738,0.35758,249.845
1221,45,0,0,20,6,3,1,1,0,0.1738,0.6116,4.841
1222,221,4,4,31,19,9,1,1,0,0.1737,0.41549,194.121
1223,18,1,1,4,2,1,1,1,0,0.1736,1.14072,-3.23
1224,237,3,3,58,23,16,1,1,0,0.1736,0.4056,196.945
1225,195,3,3,38,16,12,1,1,0,0.1735,0.38732,178.94
1226,301,4,4,39,19,16,1,1,0,0.1734,0.28789,314.669
1227,193,3,3,23,10,8,1,1,0,0.1734,0.33914,169.234
1228,400,7,7,67,27,13,0,0,1,0.1733,0.32949,337.246
1229,20,0,0,9,3,1,1,1,0,0.1733,0.78208,-5.851
1230,180,3,3,32,13,6,1,1,0,0.1732,0.43964,138.706
1231,316,6,6,52,26,18,0,1,0,0.1731,0.38267,255.859
1232,85,2,2,32,10,3,0,1,0,0.1731,0.41258,84.103
1233,313,3,3,49,27,16,1,1,0,0.173,0.49434,224.052
1234,133,1,1,33,11,7,1,1,0,0.1729,0.4594,116.624
1235,351,1,1,47,28,18,0,1,0,0.1729,0.36238,220.843
1236,102,3,3,18,7,3,1,1,0,0.1728,0.32758,134.633
1237,400,2,2,52,25,8,0,0,1,0.1728,0.31383,340.219
1238,220,4,4,35,14,8,0,1,0,0.1727,0.31166,296.576
1239,400,5,5,44,19,15,0,0,1,0.1726,0.35156,226.465
1240,307,3,3,40,25,17,1,1,0,0.1726,0.37424,206.598
1241,400,2,2,48,30,13,0,0,1,0.1725,0.31873,218.705
1242,400,6,6,34,31,23,0,0,1,0.1724,0.36137,282.81
1243,400,3,3,46,31,19,0,0,1,0.1724,0.29724,269.988
1244,305,6,6,45,27,13,1,1,0,0.1723,0.38417,245.64
1245,118,2,2,31,11,6,1,1,0,0.1723,0.37075,96.251
1246,194,4,4,35,17,11,0,1,0,0.1722,0.41415,173.518
1247,400,4,4,39,39,10,0,0,1,0.1721,0.37021,315.209
1248,172,4,4,35,17,10,1,1,0,0.1721,0.39059,156.566
1249,400,6,6,63,41,14,0,0,1,0.172,0.34191,381.202
1250,112,2,2,27,12,5,0,1,0,0.1719,0.40577,133.502
1251,400,5,5,52,45,11,0,0,1,0.1719,0.38164,343.974
1252,69,0,0,14,8,8,1,1,0,0.1718,0.65956,20.352
1253,360,5,5,30,37,21,1,1,0,0.1718,0.37163,331.343
1254,400,5,5,62,48,17,0,0,1,0.1717,0.34235,375.861
1255,400,2,2,40,43,12,0,0,1,0.1716,0.33906,366.181
1256,379,5,5,37,39,14,0,1,0,0.1716,0.31015,345.941
1257,89,3,3,28,10,3,1,1,0,0.1715,0.43659,76.091
1258,244,6,6,42,24,9,1,1,0,0.1714,0.35338,245.3
1259,400,4,4,34,45,14,0,0,1,0.1714,0.32859,357.0
1260,400,6,6,35,39,16,0,0,1,0.1713,0.25731,346.174
1261,35,0,0,15,5,1,1,1,0,0.1713,0.45101,21.087
1262,177,4,4,38,18,9,1,1,0,0.1712,0.37118,190.702
1263,400,7,7,79,48,19,0,0,1,0.1711,0.30074,380.883
1264,154,4,4,30,13,10,0,1,0,0.1711,0.26311,204.07
1265,400,3,3,36,44,15,0,0,1,0.171,0.31038,368.0
1266,123,1,1,21,14,10,1,1,0,0.1709,0.42563,64.647
1267,107,3,3,29,12,4,1,1,0,0.1709,0.38523,103.337
1268,345,3,3,42,41,14,0,1,0,0.1708,0.28718,308.945
1269,400,6,6,62,44,11,0,0,1,0.1708,0.26281,399.653
1270,270,3,3,44,26,20,1,1,0,0.1707,0.33608,241.846
1271,223,4,4,48,26,10,1,1,0,0.1706,0.39503,181.879
1272,61,2,2,19,8,5,1,1,0,0.1706,0.59624,14.415
1273,287,3,3,47,31,12,1,1,0,0.1705,0.36974,248.607
1274,121,1,1,40,13,4,1,1,0,0.1704,0.4177,101.086
1275,42,2,2,13,5,1,1,1,0,0.1704,0.63323,7.57
1276,324,5,5,52,32,18,1,1,0,0.1703,0.32827,341.344
1277,194,3,3,39,19,8,1,1,0,0.1703,0.34538,182.753
1278,400,3,3,68,48,21,0,0,1,0.1702,0.28398,331.044
1279,352,6,6,53,34,16,1,1,0,0.1701,0.34352,259.261
1280,224,5,5,48,23,10,1,1,0,0.1701,0.35006,194.451
1281,400,2,2,45,44,15,0,0,1,0.17,0.30686,347.635
1282,210,2,2,45,25,7,1,1,0,0.1699,0.3288,180.658
1283,274,5,5,39,27,10,0,1,0,0.1699,0.35467,261.902
1284,53,1,1,16,7,4,1,1,0,0.1698,0.69925,7.675
1285,20,0,0,8,3,4,1,1,0,0.1698,0.89642,-18.292
1286,400,2,2,38,43,28,0,0,1,0.1697,0.32756,333.599
1287,244,5,5,48,28,7,0,1,0,0.1696,0.33027,221.889
1288,188,2,2,54,22,12,1,1,0,0.1696,0.31465,174.908
1289,227,7,7,35,19,12,0,1,0,0.1695,0.36229,244.149
1290,400,7,7,49,36,11,0,0,1,0.1694,0.27568,358.728
1291,115,4,4,32,11,12,1,1,0,0.1694,0.40548,107.935
1292,160,3,3,43,17,13,0,1,0,0.1693,0.38741,113.639
1293,400,2,2,55,41,20,0,0,1,0.1693,0.37604,281.584
1294,85,0,0,18,9,1,1,1,0,0.1692,0.41058,42.978
1295,211,4,4,49,23,9,1,1,0,0.1691,0.3671,173.792
1296,113,1,1,29,14,7,1,1,0,0.1691,0.49511,63.668
1297,218,3,3,50,22,11,1,1,0,0.169,0.36521,170.352
1298,81,3,3,28,9,2,1,1,0,0.1689,0.43638,76.026
1299,221,4,4,55,23,6,1,1,0,0.1689,0.39344,166.423
1300,374,3,3,59,36,22,0,1,0,0.1688,0.31786,306.905
1301,239,6,6,55,25,11,1,1,0,0.1688,0.30892,220.25
1302,237,6,6,53,24,15,1,1,0,0.1687,0.36932,209.955
1303,353,5,5,60,37,24,0,0,1,0.1686,0.32782,279.098
1304,144,2,2,40,15,9,1,1,0,0.1686,0.33899,125.005
1305,400,13,8,93,41,18,0,0,1,0.1685,0.28159,359.669
1306,59,1,1,13,5,7,1,1,0,0.1684,0.59658,27.774
1307,261,5,5,45,23,16,1,1,0,0.1684,0.36696,231.353
1308,243,6,6,64,24,6,1,1,0,0.1683,0.38251,175.549
1309,400,7,7,81,29,5,0,0,1,0.1683,0.29019,311.128
1310,400,3,3,42,29,20,0,0,1,0.1682,0.32911,219.983
1311,16,2,2,5,2,3,1,1,0,0.1681,1.4052,-15.373
1312,342,5,5,54,35,19,0,1,0,0.1681,0.38173,251.731
1313,400,10,5,67,34,23,0,0,1,0.168,0.32624,259.495
1314,400,9,4,65,34,17,0,0,1,0.1679,0.25485,264.472
1315,400,13,8,49,22,8,0,0,1,0.1679,0.28747,254.267
1316,195,3,3,39,21,6,1,1,0,0.1678,0.4203,123.29
1317,152,6,6,40,16,9,1,1,0,0.1678,0.36637,128.452
1318,342,4,4,59,31,22,0,1,0,0.1677,0.35217,219.688
1319,225,2,2,41,23,10,1,1,0,0.1676,0.3301,153.111
1320,115,2,2,24,12,6,1,1,0,0.1676,0.37049,68.775
1321,155,2,2,35,14,10,1,1,0,0.1675,0.38867,130.905
1322,388,7,7,52,36,17,0,0,1,0.1674,0.33382,279.017
1323,244,2,2,44,26,13,1,1,0,0.1674,0.35047,166.195
1324,247,3,3,28,22,12,1,1,0,0.1673,0.35866,153.91
1325,396,3,3,44,38,20,1,1,0,0.1673,0.32736,289.838
1326,400,4,4,66,40,15,0,0,1,0.1672,0.32551,275.06
1327,303,3,3,36,31,17,1,1,0,0.1671,0.3578,213.742
1328,400,5,5,78,31,21,0,0,1,0.1671,0.35,262.886
1329,299,4,4,47,27,10,1,1,0,0.167,0.42078,141.586
1330,400,3,3,44,28,17,0,0,1,0.1669,0.34488,162.243
1331,400,5,5,69,33,11,0,0,1,0.1669,0.34076,225.117
1332,400,6,6,44,41,16,0,0,1,0.1668,0.34095,279.361
1333,20,1,1,8,2,4,1,1,0,0.1668,1.02992,-8.809
1334,55,2,2,14,4,4,0,1,0,0.1667,0.416,50.048
1335,395,4,4,50,39,28,1,1,0,0.1666,0.37011,261.415
1336,22,1,1,8,2,5,1,1,0,0.1666,0.77843,-2.639
1337,117,1,1,23,14,8,0,1,0,0.1665,0.37391,86.811
1338,274,3,3,52,26,9,1,1,0,0.1664,0.35359,204.246
1339,20,0,0,6,3,6,1,1,0,0.1664,1.09463,-18.926
1340,249,2,2,47,25,12,1,1,0,0.1663,0.43479,179.944
1341,231,3,3,25,13,17,1,1,0,0.1663,0.25528,262.252
1342,100,4,4,24,9,3,1,1,0,0.1662,0.41546,85.021
1343,187,5,5,39,15,4,1,1,0,0.1661,0.42176,97.538
1344,101,2,2,25,11,8,1,1,0,0.1661,0.42483,63.852
1345,305,5,5,56,29,9,1,1,0,0.166,0.40164,184.498
1346,298,4,4,40,25,9,1,1,0,0.1659,0.39708,167.219
1347,400,3,3,63,32,11,0,0,1,0.1659,0.38348,235.452
1348,382,1,1,37,28,17,0,1,0,0.1658,0.38605,149.18
1349,357,5,5,43,27,25,1,1,0,0.1658,0.38654,180.827
1350,174,2,2,54,18,15,1,1,0,0.1657,0.37855,117.869
1351,400,5,5,60,29,15,0,0,1,0.1656,0.32076,203.569
1352,400,10,5,56,25,18,0,0,1,0.1656,0.26625,234.557
1353,118,4,4,27,10,7,1,1,0,0.1655,0.3995,38.586
1354,400,10,5,79,29,15,0,0,1,0.1654,0.338,210.577
1355,317,4,4,43,21,17,1,1,0,0.1654,0.35354,132.742
1356,113,5,5,30,11,7,0,1,0,0.1653,0.32615,110.013
1357,331,5,5,56,27,14,1,1,0,0.1653,0.38431,150.444
1358,112,3,3,23,9,6,1,1,0,0.1652,0.49225,55.727
1359,400,10,5,73,30,7,0,0,1,0.1651,0.35232,160.316
1360,367,5,5,74,33,21,1,1,0,0.1651,0.39496,226.493
1361,218,4,4,44,19,12,1,1,0,0.165,0.43225,101.338
1362,400,4,4,46,32,17,0,0,1,0.1649,0.34966,212.655
1363,13,0,0,5,2,3,1,1,0,0.1649,1.2699,-19.055
1364,347,3,3,34,26,19,1,1,0,0.1648,0.38324,161.583
1365,265,3,3,50,27,18,1,1,0,0.1648,0.41682,124.995
1366,244,5,5,33,20,12,1,1,0,0.1647,0.34305,196.063
1367,63,1,1,24,8,6,1,1,0,0.1646,0.62544,7.21
1368,400,2,2,47,43,28,0,0,1,0.1646,0.31132,190.46
1369,400,5,5,43,49,22,0,0,1,0.1645,0.33548,271.056
1370,347,3,3,21,34,21,0,1,0,0.1644,0.36164,254.417
1371,137,3,3,33,13,10,1,1,0,0.1644,0.39956,118.837
1372,362,5,5,47,36,16,1,1,0,0.1643,0.36484,186.54
1373,400,7,7,81,40,16,0,0,1,0.1643,0.3259,271.453
1374,83,1,1,24,11,4,1,1,0,0.1642,0.47314,32.971
1375,400,8,8,90,41,16,0,0,1,0.1641,0.34083,273.245
1376,39,1,1,14,5,3,1,1,0,0.1641,0.52437,1.496
1377,359,5,5,49,29,19,0,1,0,0.164,0.3918,182.63
1378,394,3,3,49,35,15,0,0,1,0.1639,0.27665,288.9
1379,20,0,0,5,3,3,1,1,0,0.1639,1.18128,-19.146
1380,166,4,4,38,17,8,1,1,0,0.1638,0.4329,89.296
1381,345,4,4,56,34,15,1,1,0,0.1638,0.35092,236.832
1382,317,3,3,38,30,23,1,1,0,0.1637,0.37166,213.025
1383,116,0,0,34,14,1,1,1,0,0.1636,0.41935,54.815
1384,339,7,7,46,26,13,0,0,1,0.1636,0.35132,245.74
1385,400,12,7,78,43,15,0,0,1,0.1635,0.34109,300.19
1386,400,6,6,67,40,19,0,0,1,0.1634,0.32133,270.159
1387,400,13,8,58,38,13,0,0,1,0.1634,0.34708,286.699
1388,188,8,8,55,19,6,1,1,0,0.1633,0.33759,157.779
1389,400,2,2,52,39,15,0,0,1,0.1633,0.27197,242.71
1390,191,5,5,59,19,8,0,1,0,0.1632,0.30091,196.571
1391,13,0,0,5,2,1,1,1,0,0.1631,1.17737,-18.811
1392,122,3,3,36,13,5,1,1,0,0.1631,0.38225,103.464
1393,297,7,7,76,29,19,0,1,0,0.163,0.34089,194.834
1394,340,6,6,59,35,20,0,1,0,0.1629,0.30677,233.749
1395,247,5,5,59,25,4,1,1,0,0.1629,0.3141,176.52
1396,262,6,6,49,23,13,0,0,1,0.1628,0.29395,197.448
1397,28,0,0,7,4,4,1,1,0,0.1628,0.87468,-14.289
1398,113,4,4,30,12,5,1,1,0,0.1627,0.36137,71.616
1399,400,8,8,45,33,18,0,0,1,0.1626,0.28391,305.941
1400,113,3,3,28,12,8,1,1,0,0.1626,0.32691,71.99
1401,130,3,3,31,15,3,1,1,0,0.1625,0.48462,54.906
1402,168,3,3,41,19,9,0,1,0,0.1624,0.33206,126.627
1403,326,4,4,46,32,15,0,1,0,0.1624,0.31349,188.078
1404,345,7,7,59,36,16,0,1,0,0.1623,0.31685,264.212
1405,20,0,0,7,3,1,1,1,0,0.1623,1.16498,-16.673
1406,263,4,4,49,27,13,1,1,0,0.1622,0.33184,168.133
1407,174,6,6,36,16,5,1,1,0,0.1621,0.38969,141.592
1408,71,1,1,19,8,6,1,1,0,0.1621,0.48748,46.805
1409,400,12,7,83,42,13,0,0,1,0.162,0.30143,300.879
1410,400,12,7,77,44,13,0,0,1,0.1619,0.28913,271.352
1411,309,4,4,69,30,14,0,1,0,0.1619,0.34354,216.269
1412,387,6,6,84,44,18,1,1,0,0.1618,0.29545,271.137
1413,99,3,3,33,11,7,1,1,0,0.1618,0.38112,64.201
1414,64,1,1,26,8,3,1,1,0,0.1617,0.48861,9.816
1415,350,11,6,79,38,15,0,0,1,0.1616,0.29344,252.199
1416,186,3,3,33,18,11,1,1,0,0.1616,0.30758,135.786
1417,206,7,7,44,20,15,1,1,0,0.1615,0.35814,178.307
1418,235,3,3,45,26,11,1,1,0,0.1614,0.38094,96.732
1419,104,0,0,30,14,7,1,1,0,0.1614,0.46992,14.632
1420,368,4,4,55,34,14,0,0,1,0.1613,0.32204,231.552
1421,315,3,3,48,31,17,1,1,0,0.1613,0.34062,188.505
1422,107,4,4,30,10,3,1,1,0,0.1612,0.42647,60.091
1423,99,0,0,20,8,3,0,1,0,0.1611,0.3914,88.996
1424,400,3,3,31,24,11,0,0,1,0.1611,0.31637,152.388
1425,400,11,6,63,27,16,0,0,1,0.161,0.33363,154.229
1426,375,3,3,47,26,15,0,1,0,0.1609,0.36658,100.907
1427,400,2,2,41,27,22,0,0,1,0.1609,0.32468,166.334
1428,387,4,4,48,26,21,0,0,1,0.1608,0.33099,150.28
1429,400,6,6,57,25,12,0,0,1,0.1608,0.31709,233.7
1430,400,3,3,47,35,14,0,0,1,0.1607,0.35478,143.437
1431,178,3,3,38,16,6,0,1,0,0.1606,0.35936,103.41
1432,111,1,1,30,11,5,0,1,0,0.1606,0.45711,50.766
1433,311,3,3,52,28,17,0,1,0,0.1605,0.41669,107.761
1434,231,2,2,57,21,8,0,1,0,0.1604,0.38011,122.801
1435,191,4,4,25,11,12,1,1,0,0.1604,0.36598,92.303
1436,133,5,5,34,12,7,0,1,0,0.1603,0.42441,104.916
1437,314,4,4,33,23,9,0,1,0,0.1603,0.41443,125.331
1438,270,5,5,55,23,7,1,1,0,0.1602,0.42362,105.88
1439,92,2,2,26,10,5,1,1,0,0.1601,0.43149,34.544
1440,111,3,3,36,11,8,1,1,0,0.1601,0.43984,87.752
1441,380,3,3,36,24,17,1,1,0,0.16,0.40567,84.315
1442,309,6,6,49,22,10,0,0,1,0.1599,0.3308,145.492
1443,146,6,6,38,13,5,1,1,0,0.1599,0.44508,120.215
1444,123,5,5,41,11,7,1,1,0,0.1598,0.46751,54.835
1445,12,0,0,5,2,1,1,1,0,0.1598,1.25848,-18.787
1446,121,5,5,31,10,11,1,1,0,0.1597,0.32004,87.794
1447,338,5,5,70,30,14,0,0,1,0.1596,0.32082,242.2
1448,346,7,7,46,29,18,1,1,0,0.1596,0.41447,128.735
1449,286,4,4,61,25,16,0,0,1,0.1595,0.35175,164.5
1450,400,5,5,56,27,9,0,0,1,0.1594,0.33852,178.632
1451,32,2,2,11,3,2,1,1,0,0.1594,0.58298,22.611
1452,400,6,6,57,35,22,0,0,1,0.1593,0.34417,183.54
1453,400,9,4,57,29,12,0,0,1,0.1593,0.3374,92.885
1454,21,0,0,4,3,2,1,1,0,0.1592,1.16706,-22.304
1455,47,1,1,15,4,2,1,1,0,0.1591,0.56875,7.19
1456,201,4,4,44,18,11,1,1,0,0.1591,0.32733,129.638
1457,114,3,3,24,10,8,1,1,0,0.159,0.50138,33.615
1458,352,3,3,62,28,10,1,1,0,0.1589,0.42867,97.993
1459,178,4,4,44,14,11,0,1,0,0.1589,0.38019,113.7
1460,27,0,0,9,4,2,1,1,0,0.1588,0.71226,-2.679
1461,147,7,7,32,13,7,1,1,0,0.1588,0.49827,85.207
1462,330,4,4,43,24,10,1,1,0,0.1587,0.41255,61.488
1463,226,2,2,49,23,13,1,1,0,0.1586,0.45125,121.541
1464,134,0,0,41,15,8,1,1,0,0.1586,0.47931,46.035
1465,42,2,2,8,3,1,0,1,0,0.1585,0.40634,32.65
1466,354,8,8,63,34,17,0,1,0,0.1584,0.39267,174.978
1467,28,2,2,9,3,2,1,1,0,0.1584,0.7116,-10.678
1468,171,5,5,42,14,8,1,1,0,0.1583,0.38851,130.177
1469,122,1,1,38,14,7,1,1,0,0.1583,0.46888,42.041
1470,400,8,8,105,41,12,0,0,1,0.1582,0.37831,213.783
1471,130,4,4,37,12,10,1,1,0,0.1581,0.4216,92.16
1472,348,6,6,58,34,15,0,1,0,0.1581,0.37796,268.439
1473,86,3,3,32,8,6,1,1,0,0.158,0.46803,54.833
1474,337,7,7,39,25,19,1,1,0,0.1579,0.44293,97.775
1475,400,11,6,55,37,12,0,0,1,0.1579,0.35488,170.746
1476,400,5,5,51,47,16,0,0,1,0.1578,0.4164,179.197
1477,111,2,2,25,12,3,1,1,0,0.1578,0.43481,65.929
1478,216,5,5,31,16,13,1,1,0,0.1577,0.39856,127.225
1479,134,1,1,36,17,9,1,1,0,0.1576,0.51126,38.463
1480,400,9,4,41,36,9,0,0,1,0.1576,0.35644,131.32
1481,342,5,5,52,33,10,0,0,1,0.1575,0.36362,184.012
1482,318,4,4,42,21,12,1,1,0,0.1574,0.38264,117.558
1483,247,5,5,38,19,12,1,1,0,0.1574,0.4777,5.456
1484,41,1,1,8,3,2,1,1,0,0.1573,0.63968,15.752
1485,400,4,4,42,41,23,0,0,1,0.1573,0.41628,178.619
1486,400,2,2,39,38,11,0,0,1,0.1572,0.35939,172.78
1487,175,3,3,26,15,11,1,1,0,0.1571,0.37846,145.164
1488,264,4,4,40,21,8,1,1,0,0.1571,0.40436,89.955
1489,307,2,2,49,32,11,0,1,0,0.157,0.39336,137.745
1490,281,3,3,31,28,15,1,1,0,0.1569,0.41367,145.165
1491,271,3,3,48,28,8,1,1,0,0.1569,0.48375,96.151
1492,45,1,1,21,6,4,1,1,0,0.1568,0.67421,-8.858
1493,63,1,1,9,5,5,1,1,0,0.1568,0.60413,-13.103
1494,394,5,5,22,35,11,1,1,0,0.1567,0.41739,99.697
1495,43,2,2,10,4,2,1,1,0,0.1566,0.76273,2.453
1496,152,3,3,41,18,4,1,1,0,0.1566,0.43785,61.185
1497,400,5,5,57,46,18,0,0,1,0.1565,0.35437,257.515
1498,197,5,5,43,15,3,0,1,0,0.1564,0.46377,91.575
1499,302,3,3,42,30,16,0,1,0,0.1564,0.36592,156.958
1500,400,3,3,56,38,17,0,0,1,0.1563,0.3557,265.65
1501,400,6,6,62,29,24,0,0,1,0.1562,0.31548,198.784
1502,73,1,1,32,9,2,1,1,0,0.1562,0.50983,46.28
1503,400,7,7,58,48,12,0,0,1,0.1561,0.2779,231.672
1504,244,2,2,44,21,14,1,1,0,0.1561,0.41477,48.819
1505,191,1,1,41,19,11,1,1,0,0.156,0.44016,128.239
1506,55,2,2,8,3,3,0,1,0,0.1559,0.32996,45.305
1507,297,2,2,40,26,15,1,1,0,0.1559,0.38213,75.237
1508,400,11,6,64,40,12,0,0,1,0.1558,0.33171,160.729
1509,89,1,1,23,11,6,1,1,0,0.1557,0.51216,19.795
1510,286,4,4,44,27,15,1,1,0,0.1557,0.39997,140.054
1511,68,2,2,27,8,3,1,1,0,0.1556,0.56481,47.826
1512,45,0,0,13,6,6,1,1,0,0.1556,0.67103,-1.77
1513,303,4,4,62,30,18,1,1,0,0.1555,0.35172,117.882
1514,35,0,0,15,5,1,1,1,0,0.1554,0.6383,-14.189
1515,183,4,4,40,15,9,1,1,0,0.1554,0.46949,24.494
1516,400,6,6,62,37,14,0,0,1,0.1553,0.32096,215.818
1517,185,3,3,47,19,4,0,1,0,0.1552,0.40701,91.365
1518,202,2,2,53,24,9,1,1,0,0.1552,0.45468,89.598
1519,298,5,5,37,24,13,1,1,0,0.1551,0.38433,77.483
1520,178,5,5,39,14,5,1,1,0,0.1551,0.46997,82.207
1521,400,4,4,56,34,15,0,0,1,0.155,0.36851,188.843
1522,398,3,3,67,36,16,0,0,1,0.1549,0.35404,92.07
1523,400,7,7,53,34,11,0,0,1,0.1549,0.3378,194.801
1524,218,1,1,48,23,9,0,1,0,0.1548,0.42391,137.423
1525,57,1,1,25,7,1,1,1,0,0.1547,0.44816,12.8
1526,164,4,4,27,14,7,0,1,0,0.1547,0.29429,125.724
1527,281,4,4,41,27,11,1,1,0,0.1546,0.36398,177.778
1528,309,2,2,45,37,9,1,1,0,0.1546,0.38341,125.341
1529,85,3,3,19,9,2,0,1,0,0.1545,0.44223,76.524
1530,13,0,0,3,2,0,1,1,0,0.1544,1.07122,-21.786
1531,304,5,5,58,33,16,0,1,0,0.1544,0.40518,154.061
1532,331,6,6,48,29,8,1,1,0,0.1543,0.34078,188.452
1533,248,6,6,53,21,8,0,1,0,0.1542,0.34507,145.077
1534,64,1,1,21,7,6,1,1,0,0.1542,0.48309,-1.397
1535,176,3,3,35,12,11,0,1,0,0.1541,0.40737,139.325
1536,43,0,0,16,6,3,1,1,0,0.1541,0.60042,1.352
1537,191,4,4,38,17,4,1,1,0,0.154,0.39271,70.995
1538,33,1,1,9,4,1,1,1,0,0.1539,0.57712,-3.082
1539,365,6,6,42,34,20,1,1,0,0.1539,0.39865,174.863
1540,287,7,7,54,25,15,0,0,1,0.1538,0.3482,163.644
1541,122,4,4,34,11,8,1,1,0,0.1537,0.41264,84.629
1542,308,10,5,47,24,11,0,0,1,0.1537,0.33226,161.813
1543,391,1,1,50,38,16,1,1,0,0.1536,0.37822,171.763
1544,400,5,5,45,34,14,0,0,1,0.1536,0.34617,137.742
1545,199,1,1,38,20,7,1,1,0,0.1535,0.37176,40.477
1546,41,0,0,10,6,2,1,1,0,0.1534,0.60293,-1.459
1547,232,6,6,32,16,7,1,1,0,0.1534,0.37935,155.94
1548,317,5,5,45,26,12,1,1,0,0.1533,0.3398,183.721
1549,400,5,5,41,39,8,0,0,1,0.1532,0.30471,177.923
1550,400,5,5,61,28,13,0,0,1,0.1532,0.27906,123.261
1551,65,1,1,13,8,4,0,1,0,0.1531,0.59286,26.991
1552,342,1,1,51,32,15,1,1,0,0.1531,0.36409,96.779
1553,135,3,3,21,14,5,1,1,0,0.153,0.42911,25.236
1554,150,4,4,27,14,6,1,1,0,0.1529,0.38097,54.819
1555,400,4,4,38,49,10,0,0,1,0.1529,0.35904,199.179
1556,400,6,6,50,42,13,0,0,1,0.1528,0.32047,182.114
1557,217,4,4,46,18,13,1,1,0,0.1527,0.43112,64.086
1558,398,6,6,47,39,26,1,1,0,0.1527,0.37798,151.955
1559,400,5,5,33,34,14,0,0,1,0.1526,0.2993,228.516
1560,16,0,0,5,2,3,1,1,0,0.1526,1.68153,-15.964
1561,41,6,1,16,4,2,1,1,0,0.1525,0.76254,6.217
1562,172,3,3,30,18,4,1,1,0,0.1524,0.36418,83.992
1563,240,4,4,29,21,9,1,1,0,0.1524,0.38353,139.088
1564,51,2,2,22,6,1,1,1,0,0.1523,0.53467,2.75
1565,73,2,2,12,5,9,0,1,0,0.1522,0.45204,34.27
1566,400,3,3,45,36,22,0,0,1,0.1522,0.35316,241.557
1567,400,2,2,39,40,18,0,0,1,0.1521,0.33679,121.116
1568,73,1,1,21,9,2,1,1,0,0.1521,0.31763,36.466
1569,187,2,2,32,14,5,1,1,0,0.152,0.36353,29.005
1570,46,0,0,21,6,6,1,1,0,0.1519,0.60273,-12.505
1571,400,7,2,43,36,13,0,0,1,0.1519,0.30767,214.568
1572,189,2,2,28,22,17,1,1,0,0.1518,0.34273,85.609
1573,140,2,2,27,18,7,1,1,0,0.1517,0.42627,57.674
1574,290,7,7,37,25,10,1,1,0,0.1517,0.36961,181.079
1575,72,2,2,18,6,3,1,1,0,0.1516,0.47823,27.523
1576,175,2,2,37,14,9,1,1,0,0.1516,0.34212,124.551
1577,79,1,1,27,8,5,0,1,0,0.1515,0.39012,55.136
1578,254,4,4,32,21,13,1,1,0,0.1514,0.3635,65.508
1579,107,2,2,13,8,7,1,1,0,0.1514,0.52091,54.481
1580,400,5,5,65,42,13,0,0,1,0.1513,0.38543,123.752
1581,61,3,3,13,7,1,1,1,0,0.1512,0.51809,19.416
1582,266,3,3,42,24,8,0,1,0,0.1512,0.34917,77.522
1583,275,0,0,31,27,10,1,1,0,0.1511,0.42973,53.367
1584,275,6,6,50,31,11,0,1,0,0.1511,0.39163,173.311
1585,209,3,3,32,20,12,1,1,0,0.151,0.42949,97.895
1586,193,2,2,32,20,14,1,1,0,0.1509,0.36325,74.866
1587,283,5,5,35,27,11,0,1,0,0.1509,0.3292,160.263
1588,400,4,4,42,38,11,0,0,1,0.1508,0.33708,134.622
1589,368,3,3,52,39,19,1,1,0,0.1507,0.38396,133.477
1590,114,4,4,27,10,2,1,1,0,0.1507,0.41532,47.381
1591,139,0,0,27,16,10,0,1,0,0.1506,0.3701,64.217
1592,400,4,4,61,46,12,0,0,1,0.1506,0.28757,195.975
1593,32,0,0,10,4,3,1,1,0,0.1505,0.71201,-14.574
1594,330,2,2,45,38,9,1,1,0,0.1504,0.34487,102.938
1595,320,4,4,37,24,8,0,1,0,0.1504,0.33889,96.388
1596,363,5,5,39,42,16,1,1,0,0.1503,0.30783,145.274
1597,35,1,1,14,4,3,1,1,0,0.1502,0.5404,2.64
1598,345,4,4,54,39,12,1,1,0,0.1502,0.32624,175.291
1599,300,4,4,32,28,14,1,1,0,0.1501,0.36633,98.426
1600,398,5,5,45,37,21,0,1,0,0.1501,0.31135,155.644
1601,52,2,2,19,5,4,1,1,0,0.15,0.60279,0.663
1602,226,3,3,45,23,10,1,1,0,0.1499,0.39788,69.177
1603,400,5,5,47,31,17,0,0,1,0.1499,0.36358,71.427
1604,216,4,4,25,14,8,0,1,0,0.1498,0.34385,62.222
1605,127,2,2,32,12,6,0,1,0,0.1497,0.34912,73.756
1606,44,1,1,10,5,4,1,1,0,0.1497,0.70961,12.915
1607,390,2,2,36,38,15,0,1,0,0.1496,0.35458,109.491
1608,154,4,4,50,17,7,1,1,0,0.1496,0.45265,52.57
1609,20,0,0,8,3,2,1,1,0,0.1495,0.88168,-20.841
1610,271,5,5,59,29,10,0,1,0,0.1494,0.41323,97.817
1611,184,4,4,53,19,12,1,1,0,0.1494,0.4182,75.243
1612,334,6,6,70,34,10,0,0,1,0.1493,0.35308,124.681
1613,197,5,5,54,17,9,0,1,0,0.1492,0.38506,111.882
1614,294,6,6,75,27,8,0,0,1,0.1492,0.30455,112.705
1615,263,6,6,59,23,13,1,1,0,0.1491,0.42978,110.347
1616,249,5,5,51,26,8,1,1,0,0.1491,0.3783,89.471
1617,338,5,5,61,34,9,0,0,1,0.149,0.36848,115.468
1618,171,3,3,64,19,9,1,1,0,0.1489,0.42432,44.623
1619,180,3,3,64,19,12,1,1,0,0.1489,0.46331,58.996
1620,256,4,4,46,20,10,1,1,0,0.1488,0.39217,35.08
1621,196,1,1,46,17,8,1,1,0,0.1487,0.41347,7.908
1622,400,3,3,39,19,10,0,0,1,0.1487,0.35162,-86.388
1623,272,4,4,58,25,15,1,1,0,0.1486,0.38534,71.629
1624,372,7,7,86,39,17,1,1,0,0.1486,0.3968,106.52
1625,151,1,1,47,18,5,0,1,0,0.1485,0.44136,43.049
1626,22,0,0,10,3,5,1,1,0,0.1484,0.9126,-20.109
1627,248,7,7,56,25,11,1,1,0,0.1484,0.33896,100.446
1628,290,4,4,48,28,21,1,1,0,0.1483,0.3973,88.107
1629,309,2,2,53,31,13,1,1,0,0.1482,0.37331,61.912
1630,311,5,5,52,25,17,1,1,0,0.1482,0.37618,76.596
1631,99,3,3,27,12,7,1,1,0,0.1481,0.4273,28.378
1632,149,0,0,39,18,4,1,1,0,0.1481,0.44236,8.268
1633,78,3,3,18,7,2,0,1,0,0.148,0.70573,26.716
1634,400,5,5,77,36,18,0,0,1,0.1479,0.36297,26.322
1635,265,3,3,53,24,5,1,1,0,0.1479,0.40847,62.069
1636,46,3,3,13,5,5,1,1,0,0.1478,0.5297,-0.777
1637,400,11,6,81,41,9,0,0,1,0.1477,0.34193,83.528
1638,400,6,6,44,37,12,0,0,1,0.1477,0.31557,109.716
1639,135,2,2,36,16,5,1,1,0,0.1476,0.40206,40.946
1640,252,4,4,45,25,10,1,1,0,0.1476,0.40958,58.991
1641,358,4,4,50,40,17,1,1,0,0.1475,0.42569,69.351
1642,345,5,5,58,32,14,1,1,0,0.1474,0.431,22.419
1643,187,3,3,50,17,9,1,1,0,0.1474,0.33958,101.418
1644,162,4,4,41,16,10,0,1,0,0.1473,0.43084,55.75
1645,350,3,3,52,31,19,1,1,0,0.1472,0.43409,75.624
1646,323,12,7,85,30,10,0,0,1,0.1472,0.35187,114.319
1647,400,6,6,61,27,9,0,0,1,0.1471,0.32849,37.005
1648,168,4,4,49,17,10,1,1,0,0.1471,0.45874,56.982
1649,328,6,6,65,32,14,0,1,0,0.147,0.38787,83.148
1650,400,3,3,46,32,18,0,0,1,0.1469,0.32049,45.667
1651,400,13,8,85,41,12,0,0,1,0.1469,0.3706,91.685
1652,236,3,3,40,23,13,1,1,0,0.1468,0.41008,11.211
1653,364,3,3,45,36,16,0,1,0,0.1467,0.38259,79.311
1654,324,4,4,49,27,21,0,1,0,0.1467,0.41845,-9.25
1655,390,3,3,40,30,29,0,1,0,0.1466,0.36658,67.566
1656,232,3,3,24,22,13,0,1,0,0.1466,0.34523,96.285
1657,90,3,3,33,10,10,1,1,0,0.1465,0.50075,-8.512
1658,90,3,3,29,8,11,0,1,0,0.1464,0.4375,30.215
1659,182,3,3,48,17,7,1,1,0,0.1464,0.4464,2.873
1660,57,1,1,10,7,1,0,1,0,0.1463,0.44592,17.886
1661,400,10,5,49,38,11,0,0,1,0.1462,0.36135,79.096
1662,229,4,4,47,24,10,1,1,0,0.1462,0.43209,83.54
1663,107,4,4,34,12,5,1,1,0,0.1461,0.42641,31.59
1664,383,5,5,52,40,17,1,1,0,0.1461,0.42251,40.549
1665,284,3,3,64,31,8,1,1,0,0.146,0.42569,19.757
1666,205,6,6,48,21,7,1,1,0,0.1459,0.38604,30.953
1667,229,3,3,34,18,9,1,1,0,0.1459,0.40603,34.098
1668,13,0,0,2,2,1,1,1,0,0.1458,1.2354,-24.156
1669,83,1,1,22,8,5,0,1,0,0.1457,0.43453,7.167
1670,311,4,4,35,32,17,0,1,0,0.1457,0.36196,66.158
1671,63,1,1,21,7,3,1,1,0,0.1456,0.52512,-3.613
1672,46,2,2,6,5,3,1,1,0,0.1456,0.66986,-24.636
1673,400,2,2,47,47,26,0,0,1,0.1455,0.34816,57.621
1674,400,5,5,49,45,18,0,0,1,0.1454,0.35346,73.399
1675,199,4,4,56,23,12,1,1,0,0.1454,0.43572,15.846
1676,398,3,3,32,44,17,0,1,0,0.1453,0.35668,18.616
1677,221,5,5,51,21,12,1,1,0,0.1452,0.39673,56.176
1678,339,7,7,63,36,18,1,1,0,0.1452,0.37333,63.289
1679,228,7,7,42,20,4,1,1,0,0.1451,0.37101,96.046
1680,85,0,0,12,8,2,0,1,0,0.1451,0.53958,-25.104
1681,400,7,7,50,37,20,0,0,1,0.145,0.35971,37.559
1682,191,5,5,32,13,10,1,1,0,0.1449,0.45612,-8.334
1683,128,4,4,19,9,11,1,1,0,0.1449,0.40548,44.13
1684,400,5,5,57,31,15,0,0,1,0.1448,0.37038,7.473
1685,288,3,3,43,26,11,0,1,0,0.1447,0.34482,93.873
1686,400,2,2,53,41,18,0,0,1,0.1447,0.33792,35.725
1687,237,8,8,40,22,13,1,1,0,0.1446,0.37955,38.138
1688,333,3,3,60,32,19,1,1,0,0.1446,0.37302,-37.136
1689,53,1,1,14,5,2,0,1,0,0.1445,0.45005,11.105
1690,256,6,6,57,24,10,1,1,0,0.1444,0.39616,40.861
1691,146,4,4,9,7,8,1,1,0,0.1444,0.38362,17.889
1692,288,5,5,50,21,18,0,1,0,0.1443,0.35164,2.221
1693,97,2,2,39,9,3,1,1,0,0.1442,0.48748,8.596
1694,269,3,3,53,24,12,1,1,0,0.1442,0.43886,29.852
1695,126,3,3,26,8,7,1,1,0,0.1441,0.34126,62.252
1696,400,4,4,47,32,15,0,0,1,0.1441,0.35453,27.641
1697,350,4,4,47,29,18,1,1,0,0.144,0.34189,26.517
1698,400,8,8,100,38,14,0,0,1,0.1439,0.3622,41.509
1699,390,6,6,75,36,18,0,0,1,0.1439,0.33495,50.004
1700,374,3,3,56,30,16,1,1,0,0.1438,0.41925,-10.613
1701,32,1,1,6,4,2,1,1,0,0.1437,0.6983,-7.276
1702,199,8,3,42,21,12,1,1,0,0.1437,0.39962,14.03
1703,95,1,1,22,10,9,0,1,0,0.1436,0.48809,8.021
1704,168,1,1,20,15,11,1,1,0,0.1436,0.45499,-11.596
1705,33,1,1,13,4,2,1,1,0,0.1435,0.79761,-24.373
1706,295,1,1,42,29,18,1,1,0,0.1434,0.41442,-105.884
1707,92,2,2,23,10,6,1,1,0,0.1434,0.46932,25.023
1708,98,4,4,15,7,5,1,1,0,0.1433,0.44432,-1.027
1709,270,4,4,54,28,10,1,1,0,0.1432,0.34365,75.151
1710,256,8,8,36,23,12,1,1,0,0.1432,0.44218,71.541
1711,214,5,5,28,22,13,0,1,0,0.1431,0.4211,35.658
1712,400,5,5,41,43,16,0,0,1,0.1431,0.31694,115.834
1713,54,1,1,15,7,5,1,1,0,0.143,0.49447,-15.433
1714,400,8,3,27,51,19,0,0,1,0.1429,0.30076,79.407
1715,160,3,3,31,19,15,1,1,0,0.1429,0.46517,-10.014
1716,209,2,2,28,26,12,1,1,0,0.1428,0.34013,39.514
1717,52,1,1,12,6,1,1,1,0,0.1427,0.379,15.221
1718,400,0,0,19,48,16,0,0,1,0.1427,0.3544,84.386
1719,242,2,2,42,27,11,1,1,0,0.1426,0.38326,18.923
1720,36,1,1,12,4,4,1,1,0,0.1426,0.63916,-10.6
1721,242,3,3,36,26,21,1,1,0,0.1425,0.37042,32.25
1722,400,3,3,32,39,12,0,0,1,0.1424,0.33883,28.671
1723,236,5,5,36,22,14,1,1,0,0.1424,0.34145,53.568
1724,92,2,2,19,10,5,0,1,0,0.1423,0.4086,15.69
1725,400,2,2,44,46,20,0,0,1,0.1422,0.33188,34.827
1726,48,1,1,12,6,4,1,1,0,0.1422,0.47801,-6.338
1727,149,2,2,17,16,3,1,1,0,0.1421,0.41716,27.311
1728,322,5,5,37,35,7,0,1,0,0.1421,0.3764,35.684
1729,340,1,1,36,39,16,1,1,0,0.142,0.37929,5.785
1730,111,0,0,20,11,10,0,1,0,0.1419,0.35802,53.267
1731,236,4,4,53,27,19,1,1,0,0.1419,0.36518,68.435
1732,75,0,0,19,8,8,0,1,0,0.1418,0.58425,12.126
1733,47,1,1,13,6,4,1,1,0,0.1417,0.57445,-20.178
1734,173,4,4,45,18,13,1,1,0,0.1417,0.44958,11.677
1735,167,5,5,31,13,11,1,1,0,0.1416,0.45943,67.986
1736,368,3,3,55,41,14,1,1,0,0.1416,0.39989,34.856
1737,400,11,6,64,44,19,0,0,1,0.1415,0.2986,121.863
1738,130,1,1,15,14,7,1,1,0,0.1414,0.41398,15.626
1739,252,6,6,45,29,15,1,1,0,0.1414,0.46604,10.97
1740,195,5,5,27,20,9,1,1,0,0.1413,0.3974,15.949
1741,262,3,3,18,26,9,0,1,0,0.1412,0.37889,55.648
1742,400,3,3,22,49,16,0,0,1,0.1412,0.29512,77.165
1743,262,3,3,31,27,12,1,1,0,0.1411,0.47596,27.449
1744,400,6,6,59,45,21,0,0,1,0.1411,0.45043,44.879
1745,185,3,3,33,16,4,1,1,0,0.141,0.45556,64.143
1746,114,2,2,38,11,5,1,1,0,0.1409,0.5129,-7.416
1747,91,1,1,25,12,5,0,1,0,0.1409,0.51851,-13.525
1748,397,7,7,73,36,24,0,0,1,0.1408,0.3842,-1.515
1749,265,5,5,58,26,8,1,1,0,0.1407,0.43843,22.848
1750,289,5,5,78,28,15,1,1,0,0.1407,0.46823,-42.078
1751,145,1,1,43,14,12,1,1,0,0.1406,0.57513,-71.618
1752,71,3,3,20,7,2,1,1,0,0.1406,0.63242,-15.826
1753,107,2,2,29,10,13,1,1,0,0.1405,0.50733,14.028
1754,234,2,2,49,18,9,1,1,0,0.1404,0.50805,-65.402
1755,66,3,3,22,7,4,1,1,0,0.1404,0.70764,-18.423
1756,400,5,5,54,24,13,0,0,1,0.1403,0.41668,-167.397
1757,214,3,3,46,19,9,1,1,0,0.1402,0.46355,-7.982
1758,136,2,2,35,12,5,1,1,0,0.1402,0.46545,-52.349
1759,286,3,3,49,22,9,0,1,0,0.1401,0.45165,3.125
1760,165,2,2,25,14,15,0,1,0,0.1401,0.42538,0.365
1761,13,0,0,3,2,1,1,1,0,0.14,1.38902,-34.136
1762,16,1,1,4,2,3,1,1,0,0.1399,1.40327,-29.965
1763,21,0,0,7,3,3,1,1,0,0.1399,1.24147,-25.416
1764,228,2,2,29,22,13,1,1,0,0.1398,0.49723,-31.919
1765,255,3,3,33,18,15,1,1,0,0.1397,0.46503,-1.997
1766,154,3,3,30,13,13,1,1,0,0.1397,0.51526,-59.111
1767,367,6,6,53,21,8,1,1,0,0.1396,0.46553,-171.316
1768,134,1,1,28,12,6,1,1,0,0.1396,0.52021,-67.2
1769,39,1,1,10,5,2,1,1,0,0.1395,0.52145,-10.281
1770,396,3,3,49,30,20,1,1,0,0.1394,0.47431,-94.775
1771,400,6,6,72,29,5,0,0,1,0.1394,0.42389,-129.84
1772,400,6,6,37,23,23,0,0,1,0.1393,0.4206,-76.184
1773,39,2,2,11,4,2,1,1,0,0.1392,0.72615,-24.696
1774,245,5,5,45,16,10,1,1,0,0.1392,0.45397,-58.194
1775,138,3,3,56,15,8,1,1,0,0.1391,0.5319,-33.711
1776,164,2,2,42,14,7,1,1,0,0.1391,0.52034,-0.415
1777,237,6,6,42,19,13,0,1,0,0.139,0.43895,4.8
1778,167,4,4,40,12,7,1,1,0,0.1389,0.47842,-48.361
1779,142,1,1,53,14,12,1,1,0,0.1389,0.48081,-28.61
1780,400,9,9,83,34,23,0,0,1,0.1388,0.43103,-15.101
1781,307,5,5,54,25,12,1,1,0,0.1387,0.42559,-34.545
1782,400,5,5,60,32,9,0,0,1,0.1387,0.38566,-99.27
1783,131,3,3,31,13,8,1,1,0,0.1386,0.49986,-17.575
1784,229,5,5,56,24,15,1,1,0,0.1386,0.55614,-25.871
1785,34,0,0,11,4,9,1,1,0,0.1385,0.7336,-42.21
1786,116,3,3,25,7,7,1,1,0,0.1384,0.3917,32.715
1787,122,3,3,27,9,9,1,1,0,0.1384,0.41322,-38.583
1788,274,5,5,66,26,21,1,1,0,0.1383,0.46751,9.659
1789,21,0,0,9,3,1,1,1,0,0.1382,0.88329,-33.716
1790,267,2,2,46,28,13,1,1,0,0.1382,0.4898,-52.265
1791,120,2,2,23,10,11,1,1,0,0.1381,0.50369,0.098
1792,294,1,1,35,20,12,0,1,0,0.1381,0.39886,-77.431
1793,255,4,4,35,15,12,1,1,0,0.138,0.38031,-122.406
1794,340,5,5,44,22,24,1,1,0,0.1379,0.39865,-17.053
1795,400,6,6,44,26,13,0,0,1,0.1379,0.39063,-181.45
1796,24,0,0,6,3,5,1,1,0,0.1378,0.94648,-39.228
1797,351,5,5,55,26,21,0,0,1,0.1377,0.44907,-7.152
1798,97,2,2,34,12,8,1,1,0,0.1377,0.57694,-52.241
1799,400,4,4,76,32,16,0,0,1,0.1376,0.43406,-69.145
1800,92,1,1,25,10,11,1,1,0,0.1376,0.58782,-30.055
1801,156,2,2,39,11,6,1,1,0,0.1375,0.47075,-88.373
1802,322,4,4,45,28,18,1,1,0,0.1374,0.49145,-57.65
1803,400,7,7,47,30,21,0,0,1,0.1374,0.41471,-81.072
1804,13,0,0,4,2,1,1,1,0,0.1373,1.15876,-27.679
1805,333,4,4,36,30,17,1,1,0,0.1372,0.41743,-99.261
1806,400,4,4,56,30,16,0,0,1,0.1372,0.40574,-59.484
1807,118,1,1,22,10,3,1,1,0,0.1371,0.47834,5.058
1808,400,4,4,47,24,20,0,0,1,0.1371,0.33001,-173.501
1809,34,0,0,9,4,4,0,1,0,0.137,0.8881,-4.854
1810,100,3,3,21,8,9,0,1,0,0.1369,0.59783,-13.078
1811,400,8,8,69,39,14,0,0,1,0.1369,0.38474,-78.835
1812,210,6,6,34,22,9,1,1,0,0.1368,0.47074,8.37
1813,369,5,5,62,30,14,1,1,0,0.1367,0.39728,13.909
1814,400,7,7,100,40,17,0,0,1,0.1367,0.39751,-104.608
1815,400,7,7,67,30,11,0,0,1,0.1366,0.36118,-182.06
1816,79,2,2,23,8,8,1,1,0,0.1366,0.50087,-10.853
1817,400,12,7,80,33,13,0,0,1,0.1365,0.39381,-81.367
1818,79,0,0,20,9,2,1,1,0,0.1364,0.40475,-33.866
1819,340,2,2,50,36,19,1,1,0,0.1364,0.45378,-49.947
1820,5,0,0,2,1,0,1,1,0,0.1363,1.83066,-9.506
1821,400,3,3,63,36,20,0,0,1,0.1362,0.4019,-97.147
1822,305,3,3,39,23,16,1,1,0,0.1362,0.37312,-19.868
1823,101,1,1,21,8,6,1,1,0,0.1361,0.5743,-23.847
1824,299,2,2,46,32,14,1,1,0,0.1361,0.41763,-85.793
1825,400,2,2,30,33,21,0,0,1,0.136,0.38464,-68.877
1826,65,0,0,16,8,6,0,1,0,0.1359,0.51145,-4.137
1827,103,1,1,16,7,10,1,1,0,0.1359,0.41946,-3.241
1828,24,1,1,10,3,1,1,1,0,0.1358,0.62609,-14.787
1829,400,7,2,68,39,11,0,0,1,0.1357,0.37548,-124.104
1830,39,0,0,12,5,4,1,1,0,0.1357,0.67433,-43.853
1831,400,9,9,85,41,18,0,0,1,0.1356,0.36047,-3.532
1832,400,6,6,69,41,16,0,0,1,0.1356,0.37381,-35.212
1833,400,6,6,75,49,6,0,0,1,0.1355,0.31672,33.58
1834,129,2,2,34,13,7,1,1,0,0.1354,0.43041,-13.415
1835,88,2,2,16,8,6,0,1,0,0.1354,0.46103,9.449
1836,212,7,7,44,21,11,1,1,0,0.1353,0.51414,-38.163
1837,323,5,5,53,39,9,1,1,0,0.1352,0.34343,-52.427
1838,400,2,2,31,27,13,0,0,1,0.1352,0.34259,-131.031
1839,148,8,3,30,11,12,1,1,0,0.1351,0.43559,28.028
1840,94,2,2,32,10,7,1,1,0,0.1351,0.51287,-30.762
1841,48,2,2,17,5,2,1,1,0,0.135,0.55063,-25.066
1842,155,4,4,38,15,5,0,1,0,0.1349,0.36482,39.183
1843,160,4,4,38,15,7,1,1,0,0.1349,0.41116,-5.81
1844,241,3,3,48,28,18,1,1,0,0.1348,0.47546,-9.206
1845,228,5,5,42,22,14,1,1,0,0.1347,0.42553,-14.786
1846,201,2,2,37,20,7,1,1,0,0.1347,0.39487,-75.457
1847,221,4,4,53,17,12,1,1,0,0.1346,0.42181,-80.407
1848,90,2,2,34,11,5,0,1,0,0.1346,0.54924,2.637
1849,172,5,5,49,18,5,1,1,0,0.1345,0.50675,-15.585
1850,21,1,1,9,3,4,1,1,0,0.1344,0.94407,-22.532
1851,274,1,1,53,31,13,1,1,0,0.1344,0.44262,-52.136
1852,96,2,2,16,9,3,0,1,0,0.1343,0.34474,32.779
1853,95,1,1,19,8,7,1,1,0,0.1342,0.4267,5.738
1854,71,1,1,15,7,5,1,1,0,0.1342,0.52322,-12.003
1855,77,0,0,30,10,3,1,1,0,0.1341,0.54291,-49.038
1856,102,2,2,34,10,7,1,1,0,0.1341,0.40311,-3.115
1857,104,3,3,34,13,6,1,1,0,0.134,0.40894,8.276
1858,194,7,7,49,20,8,1,1,0,0.1339,0.43057,8.582
1859,186,4,4,54,19,6,1,1,0,0.1339,0.45377,-22.048
1860,53,0,0,11,6,2,1,1,0,0.1338,0.62226,-36.915
1861,335,5,5,39,28,17,0,1,0,0.1337,0.40224,-39.179
1862,134,2,2,21,13,7,1,1,0,0.1337,0.38538,-47.056
1863,400,7,7,68,44,9,0,0,1,0.1336,0.35043,-69.042
1864,101,6,6,25,10,7,0,1,0,0.1336,0.44003,32.799
1865,219,5,5,45,18,8,1,1,0,0.1335,0.36158,63.945
1866,71,2,2,17,8,6,1,1,0,0.1334,0.47828,-8.334
1867,27,1,1,9,3,2,1,1,0,0.1334,0.80487,-25.104
1868,275,4,4,66,31,10,1,1,0,0.1333,0.36265,-8.995
1869,47,1,1,11,5,1,1,1,0,0.1332,0.46446,-22.626
1870,240,5,5,62,28,15,1,1,0,0.1332,0.41949,-42.391
1871,88,2,2,28,12,4,1,1,0,0.1331,0.44053,-29.376
1872,57,1,1,12,6,4,1,1,0,0.1331,0.65183,-39.737
1873,102,4,4,24,10,4,1,1,0,0.133,0.58089,-19.686
1874,400,3,3,49,48,13,0,0,1,0.1329,0.34112,-64.174
1875,191,1,1,33,22,7,0,1,0,0.1329,0.3386,-5.112
1876,39,2,2,11,4,1,1,1,0,0.1328,0.73394,-29.06
1877,186,6,6,40,17,6,1,1,0,0.1327,0.39475,36.556
1878,101,0,0,16,10,4,1,1,0,0.1327,0.48155,-69.235
1879,68,3,3,21,7,7,1,1,0,0.1326,0.49647,4.389
1880,279,2,2,29,31,18,1,1,0,0.1326,0.35448,-19.398
1881,188,4,4,36,18,8,1,1,0,0.1325,0.41763,2.258
1882,223,6,6,48,22,11,1,1,0,0.1324,0.35254,-20.192
1883,113,4,4,23,11,2,0,1,0,0.1324,0.44009,8.016
1884,70,7,2,18,7,11,1,1,0,0.1323,0.58402,-20.425
1885,145,5,5,34,16,10,1,1,0,0.1322,0.39096,0.217
1886,247,6,6,29,19,16,1,1,0,0.1322,0.42811,-31.769
1887,173,3,3,34,17,10,1,1,0,0.1321,0.37647,-19.522
1888,158,5,5,29,16,9,1,1,0,0.1321,0.41893,9.29
1889,393,2,2,31,34,16,1,1,0,0.132,0.40544,-120.658
1890,39,1,1,10,5,6,1,1,0,0.1319,0.77927,-30.0
1891,188,8,3,49,21,16,0,1,0,0.1319,0.53594,-48.611
1892,253,4,4,51,31,11,1,1,0,0.1318,0.45364,-96.943
1893,181,3,3,58,21,13,1,1,0,0.1317,0.45148,-27.884
1894,291,6,6,59,29,9,1,1,0,0.1317,0.4012,-85.837
1895,400,7,7,67,29,17,0,0,1,0.1316,0.35159,-150.734
1896,171,3,3,38,16,9,1,1,0,0.1316,0.39099,-79.792
1897,400,6,6,47,30,17,0,0,1,0.1315,0.37811,-107.542
1898,187,3,3,48,19,6,1,1,0,0.1314,0.48226,-45.86
1899,400,7,7,69,23,12,0,0,1,0.1314,0.33923,-214.994
1900,135,3,3,42,13,4,1,1,0,0.1313,0.37593,-53.227
1901,104,1,1,32,11,10,1,1,0,0.1312,0.56708,-64.932
1902,168,7,7,47,12,8,1,1,0,0.1312,0.39313,34.845
1903,238,4,4,40,24,6,0,1,0,0.1311,0.34448,-1.7
1904,366,6,6,61,28,20,0,0,1,0.1311,0.3459,-103.452
1905,138,4,4,44,15,4,1,1,0,0.131,0.45481,-36.941
1906,289,3,3,58,27,13,0,1,0,0.1309,0.40774,-116.533
1907,400,7,7,91,39,15,0,0,1,0.1309,0.36362,-92.463
1908,380,6,6,65,32,17,0,1,0,0.1308,0.45995,-131.756
1909,354,6,6,64,27,15,0,0,1,0.1308,0.405,-170.058
1910,299,6,6,68,29,14,1,1,0,0.1307,0.43145,-120.357
1911,13,0,0,5,2,3,1,1,0,0.1306,1.4837,-17.027
1912,126,0,0,29,12,9,1,1,0,0.1306,0.46703,-103.459
1913,236,5,5,40,21,6,1,1,0,0.1305,0.39125,7.629
1914,400,5,5,89,36,11,0,0,1,0.1304,0.39377,-165.004
1915,357,3,3,45,29,10,0,0,1,0.1304,0.40228,-187.023
1916,291,4,4,46,25,12,0,1,0,0.1303,0.408,-91.775
1917,298,3,3,49,25,17,1,1,0,0.1302,0.38009,16.172
1918,224,3,3,32,18,11,0,1,0,0.1302,0.35516,-40.117
1919,67,1,1,17,7,2,1,1,0,0.1301,0.46546,-19.914
1920,317,2,2,32,25,12,1,1,0,0.1301,0.44105,-132.543
1921,400,2,2,32,18,11,0,0,1,0.13,0.21121,209.661
1922,70,0,0,24,10,2,0,1,0,0.1299,0.43123,-19.471
1923,213,1,1,36,21,11,1,1,0,0.1299,0.47335,-105.916
1924,283,4,4,44,18,16,1,1,0,0.1298,0.43493,-181.137
1925,153,2,2,23,10,7,0,1,0,0.1298,0.366,-28.725
1926,35,1,1,10,5,0,1,1,0,0.1297,0.73582,-29.484
1927,56,0,0,10,5,3,0,1,0,0.1296,0.45347,-19.637
1928,120,2,2,21,13,5,1,1,0,0.1296,0.46979,-58.718
1929,228,1,1,19,9,6,1,1,0,0.1295,0.31928,-170.846
1930,47,0,0,11,5,3,1,1,0,0.1294,0.66014,-54.788
1931,221,4,4,44,22,14,1,1,0,0.1294,0.48396,-26.423
1932,103,1,1,28,11,2,1,1,0,0.1293,0.46119,-67.693
1933,196,5,5,46,18,11,1,1,0,0.1292,0.47777,-53.67
1934,82,0,0,15,7,7,1,1,0,0.1292,0.4799,-55.101
1935,55,0,0,13,7,4,1,1,0,0.1291,0.68831,-40.698
1936,33,2,2,8,3,2,1,1,0,0.1291,0.4928,-15.63
1937,288,3,3,34,20,16,1,1,0,0.129,0.34267,-195.367
1938,199,0,0,47,19,9,1,1,0,0.1289,0.46279,-101.987
1939,359,5,5,42,20,26,0,1,0,0.1289,0.31739,-33.123
1940,148,6,6,29,10,5,1,1,0,0.1288,0.4097,43.883
1941,400,8,8,38,18,17,0,0,1,0.1288,0.25978,38.48
1942,35,1,1,15,4,4,1,1,0,0.1287,0.56227,-7.589
1943,334,4,4,49,28,16,1,1,0,0.1286,0.45311,-155.389
1944,91,0,0,22,9,1,0,1,0,0.1286,0.49774,-47.414
1945,108,1,1,23,7,6,1,1,0,0.1285,0.49113,-50.246
1946,380,5,5,37,26,19,1,1,0,0.1284,0.44957,-195.459
1947,114,3,3,30,11,6,0,1,0,0.1284,0.45622,-16.38
1948,371,4,4,44,23,19,1,1,0,0.1283,0.41199,-166.905
1949,95,0,0,22,11,9,0,1,0,0.1282,0.50099,-54.819
1950,40,1,1,8,5,4,1,1,0,0.1282,0.66475,-31.061
1951,285,1,1,58,20,11,1,1,0,0.1281,0.37552,-35.184
1952,280,4,4,41,16,11,0,1,0,0.1281,0.39372,-149.305
1953,14,0,0,4,2,2,1,1,0,0.128,1.15139,-26.841
1954,395,4,4,44,28,21,1,1,0,0.1279,0.41615,-215.713
1955,5,0,0,1,1,1,1,1,0,0.1279,2.63,-37.4
1956,213,5,5,25,10,13,1,1,0,0.1278,0.42752,-118.836
1957,212,4,4,37,15,8,1,1,0,0.1278,0.48562,-114.575
1958,370,3,3,50,31,22,1,1,0,0.1277,0.41864,-122.15
1959,234,4,4,45,18,5,1,1,0,0.1276,0.40588,-107.897
1960,352,4,4,66,30,14,0,0,1,0.1276,0.38388,-146.644
1961,141,4,4,32,15,10,1,1,0,0.1275,0.56329,-64.228
1962,195,3,3,53,21,14,0,1,0,0.1274,0.49112,-51.492
1963,400,10,5,73,32,12,0,0,1,0.1274,0.41007,-246.444
1964,151,3,3,34,13,9,1,1,0,0.1273,0.49826,-118.01
1965,130,3,3,31,14,8,0,1,0,0.1272,0.57662,-70.547
1966,14,0,0,4,2,3,1,1,0,0.1272,1.63114,-22.189
1967,352,8,8,66,27,13,1,1,0,0.1271,0.42693,-172.666
1968,93,4,4,25,8,5,1,1,0,0.1271,0.59067,-57.637
1969,400,11,6,68,29,17,0,0,1,0.127,0.4923,-291.718
1970,114,3,3,34,12,8,1,1,0,0.1269,0.56263,-52.337
1971,240,3,3,45,20,16,0,1,0,0.1269,0.53977,-133.251
1972,265,4,4,25,11,8,1,1,0,0.1268,0.42634,-189.512
1973,232,4,4,46,22,11,0,1,0,0.1268,0.54411,-141.762
1974,379,9,4,52,31,17,0,0,1,0.1267,0.46224,-287.502
1975,44,0,0,14,5,7,1,1,0,0.1266,0.72989,-67.494
1976,68,1,1,25,9,6,1,1,0,0.1266,0.61119,-60.308
1977,15,0,0,5,2,3,1,1,0,0.1265,1.41451,-27.734
1978,319,5,5,41,26,14,0,1,0,0.1264,0.51861,-187.062
1979,326,0,0,38,29,17,1,1,0,0.1264,0.43786,-285.136
1980,20,0,0,10,3,0,1,1,0,0.1263,1.19094,-45.78
1981,72,0,0,7,4,5,1,1,0,0.1262,0.42539,-76.159
1982,158,1,1,29,11,12,1,1,0,0.1262,0.45622,-118.866
1983,43,2,2,12,4,5,1,1,0,0.1261,0.72962,-34.117
1984,329,6,6,55,29,30,0,1,0,0.1261,0.4611,-144.012
1985,74,1,1,19,6,1,1,1,0,0.126,0.48957,-31.27
1986,149,4,4,47,16,10,1,1,0,0.1259,0.4855,-74.045
1987,392,3,3,53,32,26,1,1,0,0.1259,0.44928,-210.971
1988,15,0,0,4,1,1,1,1,0,0.1258,1.10936,-50.541
1989,91,1,1,14,5,2,0,1,0,0.1258,0.38649,-44.909
1990,34,0,0,7,4,4,1,1,0,0.1257,0.76094,-39.383
1991,298,3,3,51,22,22,0,1,0,0.1256,0.45259,-222.944
1992,65,1,1,20,7,6,1,1,0,0.1256,0.7189,-73.791
1993,306,5,5,63,30,20,0,1,0,0.1255,0.51819,-183.609
1994,40,1,1,9,4,4,1,1,0,0.1254,0.5738,-37.441
1995,40,2,2,9,4,3,0,1,0,0.1254,0.46163,-13.85
1996,327,4,4,60,27,18,0,1,0,0.1253,0.39874,-210.419
1997,400,2,2,50,34,25,0,0,1,0.1252,0.42324,-272.68
1998,234,3,3,51,20,12,1,1,0,0.1252,0.5077,-218.261
1999,65,1,1,12,7,3,1,1,0,0.1251,0.69958,-58.577
2000,145,2,2,32,16,14,1,1,0,0.1251,0.46748,-99.021
2001,270,4,4,42,19,23,0,1,0,0.125,0.45678,-179.153
2002,45,1,1,14,5,4,1,1,0,0.1249,0.72803,-45.825
2003,54,0,0,20,5,3,1,1,0,0.1249,0.62633,-74.221
2004,123,3,3,33,10,6,1,1,0,0.1248,0.52374,-56.385
2005,158,2,2,28,14,12,1,1,0,0.1247,0.54216,-139.544
2006,341,4,4,45,24,14,0,1,0,0.1247,0.4579,-238.157
2007,47,1,1,11,4,7,1,1,0,0.1246,0.70363,-57.291
2008,400,5,5,71,31,17,0,0,1,0.1246,0.41523,-352.555
2009,284,5,5,30,19,15,1,1,0,0.1245,0.42553,-158.974
2010,43,1,1,13,3,6,1,1,0,0.1244,0.5377,-55.247
2011,400,4,4,54,21,12,0,0,1,0.1244,0.34575,-301.49
2012,400,5,5,54,27,19,0,0,1,0.1243,0.35629,-335.076
2013,50,1,1,6,3,3,1,1,0,0.1242,0.51992,-72.018
2014,74,0,0,20,7,7,1,1,0,0.1242,0.52987,-86.903
2015,56,2,2,8,4,7,1,1,0,0.1241,0.72348,-79.236
2016,248,5,5,51,19,12,1,1,0,0.1241,0.44739,-140.28
2017,55,0,0,8,3,2,1,1,0,0.124,0.55455,-86.843
2018,45,1,1,10,3,1,0,1,0,0.1239,0.43254,-34.494
2019,221,5,5,30,12,10,0,1,0,0.1239,0.40522,-166.082
2020,85,2,2,20,8,16,0,1,0,0.1238,0.53162,-20.244
2021,293,3,3,37,16,22,0,1,0,0.1237,0.37917,-262.677
2022,400,3,3,48,27,28,0,0,1,0.1237,0.39033,-257.653
2023,400,3,3,32,16,16,0,0,1,0.1236,0.29927,-439.156
2024,98,3,3,6,5,2,1,1,0,0.1236,0.45809,-42.831
2025,13,0,0,4,2,4,1,1,0,0.1235,1.66066,-32.607
2026,400,1,1,39,18,9,0,0,1,0.1234,0.31111,-433.118
2027,339,1,1,21,16,14,1,1,0,0.1234,0.34693,-270.765
2028,275,1,1,33,15,14,1,1,0,0.1233,0.35546,-200.662
2029,400,1,1,25,23,27,0,0,1,0.1232,0.36593,-372.243
2030,400,1,1,29,19,12,0,0,1,0.1232,0.23625,-347.188
2031,273,4,4,24,14,9,1,1,0,0.1231,0.37274,-179.697
2032,172,2,2,15,9,5,0,1,0,0.1231,0.36855,-102.749
2033,191,5,5,34,14,10,1,1,0,0.123,0.48727,-147.359
2034,79,1,1,7,3,9,1,1,0,0.1229,0.51421,-103.18
2035,178,1,1,24,11,9,0,1,0,0.1229,0.42613,-145.89
2036,186,0,0,15,9,8,1,1,0,0.1228,0.30197,-158.068
2037,43,0,0,6,3,3,0,1,0,0.1227,0.61663,-55.912
2038,148,1,1,18,8,9,1,1,0,0.1227,0.33786,-136.044
2039,83,3,3,22,6,8,1,1,0,0.1226,0.50288,-65.289
2040,43,0,0,5,4,4,0,1,0,0.1226,0.75569,-31.715
2041,400,4,4,34,19,16,0,0,1,0.1225,0.2667,-400.971
2042,20,0,0,6,3,2,1,1,0,0.1224,1.2934,-51.325
2043,224,4,4,44,15,9,1,1,0,0.1224,0.42324,-109.476
2044,49,2,2,15,5,6,1,1,0,0.1223,0.67332,-48.641
2045,304,1,1,28,17,17,1,1,0,0.1222,0.37434,-354.15
2046,400,6,6,40,22,14,0,0,1,0.1222,0.35683,-307.402
2047,173,1,1,17,9,10,1,1,0,0.1221,0.34853,-210.767
2048,79,1,1,9,6,9,1,1,0,0.1221,0.61523,-100.134
2049,400,4,4,38,22,18,0,0,1,0.122,0.3409,-352.05
2050,84,0,0,9,3,6,1,1,0,0.1219,0.45473,-129.094
2051,140,1,1,27,11,14,1,1,0,0.1219,0.52122,-172.586
2052,248,3,3,30,11,5,0,1,0,0.1218,0.31181,-224.578
2053,270,11,6,64,20,18,1,1,0,0.1217,0.50437,-253.185
2054,153,1,1,27,9,12,1,1,0,0.1217,0.40495,-198.417
2055,183,4,4,28,11,14,1,1,0,0.1216,0.54135,-150.066
2056,127,1,1,14,5,10,1,1,0,0.1216,0.35551,-161.198
2057,33,1,1,6,3,3,1,1,0,0.1215,0.90357,-56.415
2058,20,0,0,6,3,2,1,1,0,0.1214,0.99579,-47.601
2059,45,0,0,13,3,4,1,1,0,0.1214,0.59063,-99.293
2060,244,5,5,40,14,21,0,1,0,0.1213,0.54408,-139.329
2061,140,3,3,17,5,7,1,1,0,0.1212,0.42717,-62.94
2062,21,0,0,5,1,3,1,1,0,0.1212,0.62419,-65.519
2063,355,4,4,39,17,17,1,1,0,0.1211,0.36653,-328.023
2064,78,2,2,19,5,9,1,1,0,0.1211,0.54214,-92.303
2065,400,2,2,18,16,16,0,0,1,0.121,0.27411,-460.134
2066,333,3,3,51,23,21,0,1,0,0.1209,0.39616,-281.129
2067,400,10,5,45,20,11,0,0,1,0.1209,0.28471,-390.531
2068,117,4,4,29,11,5,1,1,0,0.1208,0.51098,-6.971
2069,117,1,1,21,8,7,0,1,0,0.1207,0.50314,-79.927
2070,44,1,1,7,3,8,1,1,0,0.1207,0.62582,-82.944
2071,400,4,4,73,28,21,0,0,1,0.1206,0.36951,-331.787
2072,92,2,2,16,6,2,0,1,0,0.1206,0.37764,-81.156
2073,201,2,2,7,11,10,0,1,0,0.1205,0.40545,-128.103
2074,60,0,0,7,4,5,1,1,0,0.1204,0.65685,-71.579
2075,237,0,0,18,15,9,1,1,0,0.1204,0.43237,-237.29
2076,161,0,0,7,7,10,1,1,0,0.1203,0.30224,-220.231
2077,26,0,0,10,3,6,1,1,0,0.1202,0.84771,-65.719
2078,74,2,2,15,6,6,0,1,0,0.1202,0.57033,-19.64
2079,86,1,1,18,8,4,0,1,0,0.1201,0.46374,-72.44
2080,83,0,0,19,8,7,1,1,0,0.1201,0.5709,-99.66
2081,400,3,3,33,18,15,0,0,1,0.12,0.35161,-349.706
2082,177,2,2,22,10,9,0,1,0,0.1199,0.40088,-204.12
2083,98,3,3,17,8,4,1,1,0,0.1199,0.56571,-86.46
2084,5,0,0,0,1,2,1,1,0,0.1198,4.2933,-26.337
2085,232,4,4,28,11,21,0,1,0,0.1197,0.46234,-174.244
2086,62,0,0,10,3,7,1,1,0,0.1197,0.62058,-135.196
2087,49,1,1,12,5,5,1,1,0,0.1196,0.66005,-37.633
2088,340,0,0,16,14,21,1,1,0,0.1196,0.38047,-399.228
2089,32,0,0,4,2,3,1,1,0,0.1195,0.58774,-75.386
2090,400,3,3,38,20,9,0,0,1,0.1194,0.30534,-369.171
2091,85,1,1,11,8,3,0,1,0,0.1194,0.5185,-37.979
2092,148,1,1,7,8,5,1,1,0,0.1193,0.4746,-177.78
2093,205,2,2,25,13,14,1,1,0,0.1192,0.35279,-209.312
2094,285,2,2,17,16,16,1,1,0,0.1192,0.45755,-305.851
2095,180,2,2,18,9,9,1,1,0,0.1191,0.37984,-205.453
2096,84,1,1,14,6,6,1,1,0,0.1191,0.41793,-110.28
2097,180,4,4,17,9,8,0,1,0,0.119,0.33441,-133.916
2098,344,0,0,25,20,23,1,1,0,0.1189,0.40882,-383.834
2099,24,0,0,8,3,1,1,1,0,0.1189,0.926,-36.781
2100,306,4,4,27,19,15,0,1,0,0.1188,0.38842,-182.586
2101,197,7,2,13,10,9,1,1,0,0.1187,0.3413,-226.436
2102,195,1,1,18,15,6,1,1,0,0.1187,0.39318,-104.771
2103,149,1,1,20,8,7,1,1,0,0.1186,0.46684,-235.331
2104,215,3,3,44,19,10,1,1,0,0.1186,0.46886,-136.59
2105,400,5,5,61,37,18,0,0,1,0.1185,0.45681,-316.604
2106,171,0,0,32,14,5,1,1,0,0.1184,0.417,-199.558
2107,100,1,1,18,6,2,1,1,0,0.1184,0.48542,-149.063
2108,203,2,2,24,16,14,1,1,0,0.1183,0.45592,-193.538
2109,141,3,3,25,10,5,1,1,0,0.1182,0.53084,-159.453
2110,132,3,3,20,11,5,1,1,0,0.1182,0.56034,-96.397
2111,62,1,1,21,7,7,0,1,0,0.1181,0.74556,-76.917
2112,20,0,0,3,2,1,1,1,0,0.1181,1.05861,-50.321
2113,125,1,1,16,14,8,1,1,0,0.118,0.55581,-110.634
2114,222,6,6,45,23,11,1,1,0,0.1179,0.55323,-171.961
2115,186,3,3,43,17,15,1,1,0,0.1179,0.55301,-93.641
2116,83,1,1,25,9,8,1,1,0,0.1178,0.78454,-106.403
2117,124,4,4,23,10,12,0,1,0,0.1177,0.51009,-80.899
2118,281,3,3,52,31,19,1,1,0,0.1177,0.52684,-170.763
2119,55,1,1,18,7,4,1,1,0,0.1176,0.71549,-56.09
2120,313,4,4,44,23,12,0,1,0,0.1176,0.43207,-210.617
2121,42,0,0,17,6,1,1,1,0,0.1175,0.61316,-45.812
2122,400,6,6,75,32,18,0,0,1,0.1174,0.43565,-323.104
2123,400,4,4,37,24,12,0,0,1,0.1174,0.37271,-397.374
2124,400,4,4,41,26,31,0,0,1,0.1173,0.37804,-340.053
2125,400,7,7,72,25,21,0,0,1,0.1172,0.39136,-319.416
2126,154,9,4,46,15,4,1,1,0,0.1172,0.55118,-91.416
2127,229,4,4,50,13,14,0,1,0,0.1171,0.44779,-219.654
2128,93,0,0,30,7,4,1,1,0,0.1171,0.40282,-115.055
2129,29,0,0,11,4,6,1,1,0,0.117,0.89291,-43.388
2130,92,2,2,20,8,4,1,1,0,0.1169,0.56576,-86.898
2131,41,1,1,17,5,4,1,1,0,0.1169,0.77448,-70.422
2132,144,3,3,38,11,5,0,1,0,0.1168,0.47755,-127.862
2133,44,1,1,11,4,3,1,1,0,0.1167,0.66778,-41.128
2134,163,5,5,37,11,8,0,1,0,0.1167,0.51197,-93.704
2135,40,3,3,11,4,3,0,1,0,0.1166,0.74585,-27.731
2136,27,1,1,13,3,0,1,1,0,0.1166,0.82653,-26.098
2137,33,0,0,11,4,2,1,1,0,0.1165,0.89998,-67.724
2138,35,0,0,12,5,8,1,1,0,0.1164,0.91532,-81.176
2139,73,1,1,17,6,7,1,1,0,0.1164,0.46456,-76.524
2140,400,8,3,45,18,9,0,0,1,0.1163,0.2645,-506.066
2141,329,6,6,78,27,16,1,1,0,0.1162,0.54315,-363.148
2142,146,4,4,56,16,12,1,1,0,0.1162,0.5998,-140.13
2143,263,1,1,45,20,17,1,1,0,0.1161,0.5433,-206.471
2144,324,7,7,96,29,11,0,0,1,0.1161,0.56234,-288.926
2145,295,4,4,54,23,12,0,0,1,0.116,0.53608,-215.415
2146,63,0,0,25,7,3,1,1,0,0.1159,0.82331,-77.892
2147,51,1,1,20,6,2,1,1,0,0.1159,0.69964,-69.929
2148,174,3,3,42,15,8,0,1,0,0.1158,0.58551,-165.868
2149,73,2,2,26,7,5,1,1,0,0.1157,0.62884,-102.274
2150,61,2,2,22,7,3,1,1,0,0.1157,0.62021,-58.945
2151,83,2,2,30,9,6,1,1,0,0.1156,0.75207,-85.258
2152,12,0,0,5,2,1,1,1,0,0.1156,1.58643,-44.021
2153,246,4,4,64,25,15,1,1,0,0.1155,0.61003,-285.017
2154,227,5,5,44,20,11,1,1,0,0.1154,0.60435,-215.18
2155,400,4,4,56,27,20,0,0,1,0.1154,0.46251,-495.851
2156,13,0,0,4,2,2,1,1,0,0.1153,1.38048,-44.694
2157,195,1,1,40,15,14,1,1,0,0.1152,0.57414,-249.186
2158,125,4,4,31,9,8,1,1,0,0.1152,0.63137,-106.138
2159,65,2,2,26,7,4,1,1,0,0.1151,0.63584,-77.75
2160,189,4,4,39,12,11,1,1,0,0.1151,0.56463,-242.766
2161,70,0,0,23,7,3,0,1,0,0.115,0.68209,-55.545
2162,198,4,4,45,17,10,0,1,0,0.1149,0.58764,-196.579
2163,304,4,4,37,21,7,0,1,0,0.1149,0.51191,-327.022
2164,106,1,1,17,9,8,1,1,0,0.1148,0.62467,-116.715
2165,229,3,3,32,12,9,0,1,0,0.1147,0.40126,-269.601
2166,283,4,4,37,17,15,0,1,0,0.1147,0.50924,-364.818
2167,66,1,1,7,4,2,0,1,0,0.1146,0.4757,-67.141
2168,52,0,0,20,6,8,1,1,0,0.1146,0.80464,-91.682
2169,236,1,1,45,21,8,0,1,0,0.1145,0.51304,-298.453
2170,30,0,0,11,4,3,1,1,0,0.1144,0.93291,-61.341
2171,17,0,0,5,2,2,1,1,0,0.1144,0.99357,-53.092
2172,256,6,6,41,22,5,1,1,0,0.1143,0.56303,-248.442
2173,357,3,3,65,30,21,1,1,0,0.1142,0.56226,-350.558
2174,26,0,0,8,3,4,1,1,0,0.1142,0.76287,-66.871
2175,291,4,4,48,22,17,1,1,0,0.1141,0.51904,-297.882
2176,103,0,0,10,6,6,1,1,0,0.1141,0.50587,-148.083
2177,45,1,1,9,3,0,1,1,0,0.114,0.45159,-70.926
2178,188,4,4,45,15,10,1,1,0,0.1139,0.51242,-190.026
2179,213,5,5,56,18,7,1,1,0,0.1139,0.53608,-194.037
2180,212,4,4,46,19,15,1,1,0,0.1138,0.54363,-201.949
2181,16,0,0,2,2,5,1,1,0,0.1137,1.55842,-44.098
2182,186,2,2,29,14,16,1,1,0,0.1137,0.56653,-159.529
2183,208,3,3,36,13,6,0,1,0,0.1136,0.44343,-279.981
2184,400,4,4,70,28,26,0,0,1,0.1136,0.43408,-527.658
2185,48,0,0,8,3,3,1,1,0,0.1135,0.57143,-113.083
2186,87,1,1,30,8,8,0,1,0,0.1134,0.50344,-88.68
2187,15,0,0,8,2,2,1,1,0,0.1134,0.66991,-24.205
2188,119,4,4,32,10,7,1,1,0,0.1133,0.58877,-173.887
2189,240,6,6,46,19,10,1,1,0,0.1132,0.54189,-210.31
2190,20,0,0,4,2,2,1,1,0,0.1132,0.82805,-53.99
2191,124,3,3,21,9,10,1,1,0,0.1131,0.62175,-125.215
2192,60,1,1,17,6,5,1,1,0,0.1131,0.69486,-59.073
2193,16,0,0,4,2,4,1,1,0,0.113,1.2696,-44.369
2194,298,9,4,66,24,12,1,1,0,0.1129,0.58965,-337.179
2195,16,0,0,3,2,3,1,1,0,0.1129,1.2917,-49.68
2196,179,2,2,38,15,6,0,1,0,0.1128,0.59026,-237.981
2197,400,5,5,71,27,20,0,0,1,0.1127,0.40331,-440.589
2198,164,3,3,28,9,8,1,1,0,0.1127,0.5177,-169.169
2199,240,4,4,53,19,13,0,1,0,0.1126,0.57584,-223.76
2200,53,0,0,20,5,4,1,1,0,0.1126,0.60706,-86.344
2201,63,1,1,19,6,7,1,1,0,0.1125,0.73286,-123.63
2202,88,1,1,17,7,5,0,1,0,0.1124,0.4814,-117.402
2203,238,5,5,51,18,7,0,1,0,0.1124,0.50796,-182.772
2204,22,0,0,4,2,3,1,1,0,0.1123,0.91489,-50.115
2205,53,0,0,19,6,4,1,1,0,0.1122,0.71139,-63.044
2206,52,2,2,13,4,6,1,1,0,0.1122,0.6212,-70.254
2207,17,0,0,3,2,3,1,1,0,0.1121,1.03073,-49.907
2208,100,1,1,29,11,12,1,1,0,0.1121,0.54683,-121.375
2209,399,4,4,66,34,19,0,0,1,0.112,0.49156,-504.396
2210,57,0,0,22,7,3,1,1,0,0.1119,0.66622,-114.464
2211,87,0,0,13,5,8,1,1,0,0.1119,0.56322,-196.342
2212,86,0,0,10,7,4,0,1,0,0.1118,0.54692,-57.668
2213,198,4,4,27,15,10,1,1,0,0.1117,0.57292,-248.132
2214,140,1,1,19,11,14,1,1,0,0.1117,0.54492,-192.239
2215,62,1,1,15,5,5,1,1,0,0.1116,0.64136,-93.103
2216,400,6,6,46,22,22,0,0,1,0.1116,0.41067,-252.181
2217,142,2,2,14,7,11,1,1,0,0.1115,0.43015,-118.326
2218,41,1,1,5,2,3,1,1,0,0.1114,0.5873,-64.093
2219,111,3,3,17,6,3,0,1,0,0.1114,0.38853,-54.53
2220,400,5,5,46,19,16,0,0,1,0.1113,0.35963,-293.766
2221,321,6,6,57,27,20,1,1,0,0.1112,0.6304,-355.388
2222,285,1,1,39,19,11,0,1,0,0.1112,0.34692,-173.265
2223,101,1,1,21,11,6,0,1,0,0.1111,0.5827,-126.203
2224,29,0,0,4,4,4,1,1,0,0.1111,1.22307,-74.72
2225,400,6,6,73,29,16,0,0,1,0.111,0.41687,-345.329
2226,216,2,2,31,12,12,0,1,0,0.1109,0.46352,-252.468
2227,192,0,0,27,14,11,1,1,0,0.1109,0.54742,-304.454
2228,19,1,1,8,2,1,1,1,0,0.1108,0.99136,-41.286
2229,115,1,1,33,12,8,1,1,0,0.1107,0.78679,-165.391
2230,307,3,3,48,21,14,1,1,0,0.1107,0.45796,-260.432
2231,313,6,6,75,31,17,1,1,0,0.1106,0.57156,-321.88
2232,39,0,0,8,5,2,1,1,0,0.1106,0.65508,-74.632
2233,400,3,3,58,28,21,0,0,1,0.1105,0.54892,-626.603
2234,21,1,1,4,2,1,1,1,0,0.1104,0.8844,-40.634
2235,224,2,2,12,5,6,1,1,0,0.1104,0.24201,-25.36
2236,5,0,0,4,1,3,1,1,0,0.1103,2.37011,-43.023
2237,400,2,2,28,25,14,0,0,1,0.1102,0.3912,-375.626
2238,400,5,5,55,26,20,0,0,1,0.1102,0.41748,-421.563
2239,237,1,1,33,15,6,1,1,0,0.1101,0.54041,-362.048
2240,140,3,3,26,11,8,0,1,0,0.1101,0.50513,-107.711
2241,63,3,3,7,3,5,0,1,0,0.11,0.38953,-65.702
2242,272,6,6,52,24,19,1,1,0,0.1099,0.64284,-253.475
2243,149,1,1,35,13,11,1,1,0,0.1099,0.61764,-205.712
2244,46,0,0,12,5,3,1,1,0,0.1098,0.66269,-68.416
2245,85,0,0,16,8,5,1,1,0,0.1097,0.57285,-148.425
2246,44,0,0,7,3,4,1,1,0,0.1097,0.87012,-122.921
2247,19,0,0,3,2,5,1,1,0,0.1096,1.15841,-52.679
2248,83,1,1,19,10,6,0,1,0,0.1096,0.57254,-125.28
2249,67,2,2,12,5,5,0,1,0,0.1095,0.59786,-68.785
2250,216,3,3,31,18,11,1,1,0,0.1094,0.56537,-251.564
2251,400,9,4,77,46,16,0,0,1,0.1094,0.55362,-505.202
2252,144,2,2,22,11,14,1,1,0,0.1093,0.50122,-147.855
2253,20,0,0,4,3,3,1,1,0,0.1092,1.30308,-68.516
2254,232,3,3,50,21,10,0,1,0,0.1092,0.60223,-323.017
2255,22,0,0,6,3,3,1,1,0,0.1091,1.43551,-71.257
2256,231,3,3,35,22,6,0,1,0,0.1091,0.51453,-198.691
2257,18,0,0,4,1,5,1,1,0,0.109,1.0952,-59.121
2258,193,2,2,19,13,12,1,1,0,0.1089,0.53043,-168.228
2259,81,2,2,40,10,5,1,1,0,0.1089,0.60819,-109.22
2260,32,0,0,4,2,4,1,1,0,0.1088,0.64024,-98.949
2261,61,1,1,6,6,5,1,1,0,0.1087,0.71102,-105.362
2262,23,0,0,5,3,2,1,1,0,0.1087,1.08007,-72.066
2263,20,0,0,4,2,1,1,1,0,0.1086,0.9768,-51.046
2264,199,5,5,58,20,8,1,1,0,0.1086,0.58969,-237.163
2265,95,0,0,24,9,5,1,1,0,0.1085,0.74713,-125.976
2266,361,3,3,50,29,20,0,1,0,0.1084,0.5759,-381.687
2267,11,0,0,3,1,4,1,1,0,0.1084,1.77376,-43.476
2268,107,2,2,33,9,4,1,1,0,0.1083,0.69274,-139.136
2269,281,4,4,37,20,19,1,1,0,0.1082,0.49283,-269.415
2270,100,1,1,29,11,10,1,1,0,0.1082,0.82272,-195.382
2271,34,1,1,13,3,5,1,1,0,0.1081,0.90277,-85.15
2272,28,0,0,7,3,2,1,1,0,0.1081,1.07811,-74.194
2273,21,0,0,4,2,4,1,1,0,0.108,1.14712,-62.004
2274,14,0,0,4,2,1,1,1,0,0.1079,1.08143,-33.889
2275,121,5,5,27,9,5,1,1,0,0.1079,0.52468,-125.588
2276,133,4,4,35,8,6,0,1,0,0.1078,0.47624,-103.409
2277,77,2,2,23,7,4,1,1,0,0.1077,0.73157,-117.042
2278,170,3,3,41,13,8,1,1,0,0.1077,0.53134,-163.032
2279,292,3,3,34,21,14,1,1,0,0.1076,0.61199,-476.691
2280,64,2,2,17,6,3,1,1,0,0.1076,0.95397,-126.536
2281,16,0,0,5,2,3,1,1,0,0.1075,1.08879,-54.174
2282,167,2,2,24,15,12,1,1,0,0.1074,0.64073,-268.866
2283,400,7,7,46,29,26,0,0,1,0.1074,0.59309,-555.51
2284,104,3,3,39,10,3,1,1,0,0.1073,0.54902,-121.357
2285,26,1,1,7,3,2,1,1,0,0.1072,0.92671,-47.851
2286,70,3,3,22,4,4,1,1,0,0.1072,0.56137,-50.279
2287,68,1,1,7,4,4,1,1,0,0.1071,0.5701,-163.967
2288,113,3,3,21,9,6,1,1,0,0.1071,0.63614,-180.008
2289,285,4,4,41,21,18,1,1,0,0.107,0.49516,-357.16
2290,207,4,4,23,13,10,1,1,0,0.1069,0.53071,-195.299
2291,119,2,2,29,13,10,1,1,0,0.1069,0.71149,-204.751
2292,276,4,4,35,14,13,1,1,0,0.1068,0.50747,-273.602
2293,53,0,0,4,2,5,1,1,0,0.1067,0.46306,-162.732
2294,374,3,3,42,27,19,0,1,0,0.1067,0.54259,-459.171
2295,400,2,2,50,26,16,0,0,1,0.1066,0.52938,-600.067
2296,25,0,0,6,3,5,1,1,0,0.1066,1.0531,-83.113
2297,107,0,0,22,8,7,0,1,0,0.1065,0.64133,-174.853
2298,113,2,2,27,9,7,1,1,0,0.1064,0.58168,-126.67
2299,167,2,2,23,10,8,0,1,0,0.1064,0.51482,-241.971
2300,155,4,4,50,14,7,1,1,0,0.1063,0.62234,-202.068
2301,197,3,3,18,8,11,1,1,0,0.1062,0.44621,-268.531
2302,199,2,2,36,19,15,1,1,0,0.1062,0.66819,-300.603
2303,20,0,0,6,3,2,1,1,0,0.1061,1.19206,-68.466
2304,84,3,3,25,8,8,1,1,0,0.1061,0.66048,-132.333
2305,84,1,1,19,8,6,1,1,0,0.106,0.73485,-176.725
2306,61,0,0,14,6,6,0,1,0,0.1059,0.72054,-126.592
2307,34,0,0,9,4,2,1,1,0,0.1059,0.78598,-94.551
2308,98,4,4,27,8,3,1,1,0,0.1058,0.64008,-99.481
2309,50,0,0,6,4,4,1,1,0,0.1058,0.68261,-132.378
2310,29,0,0,12,3,3,1,1,0,0.1057,0.82376,-86.312
2311,181,3,3,23,10,8,0,1,0,0.1056,0.57477,-304.222
2312,343,4,4,48,23,16,1,1,0,0.1056,0.57916,-467.867
2313,7,0,0,2,1,3,1,1,0,0.1055,2.33391,-38.211
2314,52,2,2,20,5,4,1,1,0,0.1054,0.77493,-96.448
2315,249,5,5,47,16,12,0,1,0,0.1054,0.47201,-342.124
2316,154,0,0,29,13,9,1,1,0,0.1053,0.62783,-256.867
2317,274,3,3,36,18,13,1,1,0,0.1052,0.49493,-412.453
2318,400,4,4,66,26,11,0,0,1,0.1052,0.5419,-643.193
2319,59,0,0,9,3,6,0,1,0,0.1051,0.58074,-145.104
2320,250,4,4,25,13,17,1,1,0,0.1051,0.4703,-366.59
2321,82,0,0,9,4,7,1,1,0,0.105,0.47231,-121.434
2322,213,4,4,20,6,7,1,1,0,0.1049,0.3224,-97.652
2323,91,4,4,21,7,2,1,1,0,0.1049,0.63592,-161.454
2324,134,2,2,25,10,7,0,1,0,0.1048,0.50407,-230.908
2325,159,2,2,40,13,12,1,1,0,0.1048,0.54588,-271.165
2326,245,3,3,54,20,9,1,1,0,0.1047,0.60883,-401.402
2327,151,0,0,40,13,7,1,1,0,0.1046,0.60741,-301.812
2328,60,1,1,17,4,4,1,1,0,0.1046,0.66577,-132.013
2329,400,5,5,51,22,22,0,0,1,0.1045,0.50595,-702.068
2330,400,6,6,50,17,15,0,0,1,0.1044,0.35097,-548.153
2331,231,4,4,24,12,12,1,1,0,0.1044,0.39118,-252.646
2332,330,4,4,31,9,18,0,1,0,0.1043,0.30806,-419.513
2333,73,1,1,13,4,5,0,1,0,0.1042,0.5227,-52.88
2334,53,4,4,18,5,4,1,1,0,0.1042,0.69574,-66.849
2335,196,1,1,18,7,7,0,1,0,0.1041,0.31189,-304.081
2336,240,2,2,23,6,11,0,1,0,0.1041,0.22202,-337.59
2337,238,4,4,43,11,7,0,1,0,0.104,0.38559,-227.764
2338,351,1,1,16,10,19,1,1,0,0.1039,0.33451,-557.051
2339,90,2,2,11,4,3,1,1,0,0.1039,0.33177,-128.035
2340,177,0,0,11,5,9,0,1,0,0.1038,0.20194,-268.8
2341,120,0,0,18,6,9,1,1,0,0.1038,0.52007,-213.708
2342,61,1,1,12,4,4,1,1,0,0.1037,0.6017,-110.355
2343,248,1,1,8,7,6,0,1,0,0.1036,0.2313,-397.561
2344,400,4,4,23,14,15,0,0,1,0.1036,0.34281,-451.689
2345,326,1,1,12,9,15,0,1,0,0.1035,0.26968,-465.626
2346,252,3,3,31,13,11,1,1,0,0.1034,0.41911,-364.0
2347,354,2,2,12,9,13,0,1,0,0.1034,0.24676,-436.439
2348,167,2,2,3,4,9,0,1,0,0.1033,0.17681,-253.452
2349,174,2,2,6,3,9,0,1,0,0.1032,0.26175,-258.614
2350,364,2,2,27,14,18,0,1,0,0.1032,0.36455,-495.615
2351,198,5,5,31,11,7,0,1,0,0.1031,0.42918,-172.816
2352,336,0,0,8,5,16,1,1,0,0.1031,0.19663,-527.296
2353,310,4,4,32,9,15,1,1,0,0.103,0.33292,-332.157
2354,27,0,0,6,2,3,1,1,0,0.1029,0.7745,-66.545
2355,395,0,0,13,13,23,0,1,0,0.1029,0.24541,-583.715
2356,262,1,1,11,7,6,0,1,0,0.1028,0.19186,-364.43
2357,400,0,0,6,6,10,0,0,1,0.1028,0.1851,-562.544
2358,129,3,3,14,5,12,1,1,0,0.1027,0.58381,-201.035
2359,78,1,1,4,3,5,1,1,0,0.1026,0.59973,-206.527
2360,31,0,0,3,1,4,1,1,0,0.1026,0.6354,-120.291
2361,127,1,1,5,3,6,0,1,0,0.1025,0.35021,-233.736
2362,35,0,0,13,3,6,0,1,0,0.1024,0.81014,-47.773
2363,177,3,3,15,5,11,0,1,0,0.1024,0.47635,-300.163
2364,133,3,3,14,4,5,0,1,0,0.1023,0.3937,-175.992
2365,193,1,1,8,7,12,1,1,0,0.1022,0.37386,-377.039
2366,90,0,0,5,2,4,0,1,0,0.1022,0.25726,-184.467
2367,100,1,1,7,4,4,1,1,0,0.1021,0.42096,-135.821
2368,342,1,1,22,9,14,1,1,0,0.1021,0.23497,-517.941
2369,307,3,3,18,9,15,0,1,0,0.102,0.30112,-415.792
2370,400,1,1,29,10,16,0,0,1,0.1019,0.25053,-615.627
2371,176,1,1,9,7,12,0,1,0,0.1019,0.41787,-274.515
2372,228,2,2,19,7,1,0,1,0,0.1018,0.24394,-323.482
2373,132,2,2,10,4,4,0,1,0,0.1018,0.28005,-164.315
2374,90,2,2,13,5,1,0,1,0,0.1017,0.46735,-108.163
2375,400,4,4,39,15,19,0,0,1,0.1016,0.32116,-592.608
2376,5,0,0,3,1,4,1,1,0,0.1016,3.48851,-28.23
2377,400,4,4,45,16,27,0,0,1,0.1015,0.29503,-633.489
2378,114,1,1,14,5,5,0,1,0,0.1014,0.46422,-137.265
2379,281,1,1,21,9,10,1,1,0,0.1014,0.2571,-378.851
2380,93,0,0,1,2,5,1,1,0,0.1013,0.26032,-167.528
2381,245,3,3,25,12,16,1,1,0,0.1012,0.37599,-262.627
2382,211,4,4,35,10,12,0,1,0,0.1012,0.34884,-235.107
2383,13,1,1,4,2,2,1,1,0,0.1011,1.35839,-40.855
2384,343,4,4,21,15,21,0,1,0,0.1011,0.3235,-469.489
2385,194,4,4,24,6,8,0,1,0,0.101,0.29444,-235.122
2386,226,4,4,23,11,18,0,1,0,0.1009,0.49822,-311.923
2387,192,2,2,12,5,11,0,1,0,0.1009,0.27179,-213.527
2388,316,2,2,10,4,7,0,1,0,0.1008,0.15771,-465.156
2389,400,4,4,24,10,14,0,0,1,0.1008,0.20834,-555.938
2390,123,0,0,7,3,8,1,1,0,0.1007,0.22306,-218.554
2391,57,1,1,11,3,2,1,1,0,0.1006,0.57357,-94.404
2392,83,0,0,3,2,5,1,1,0,0.1006,0.36469,-176.067
2393,90,1,1,9,3,3,1,1,0,0.1005,0.30632,-153.156
2394,400,2,2,22,16,21,0,0,1,0.1004,0.37619,-594.393
2395,172,2,2,15,6,12,0,1,0,0.1004,0.39052,-212.327
2396,84,0,0,4,1,10,0,1,0,0.1003,0.27831,-145.544
2397,253,3,3,20,6,14,0,1,0,0.1002,0.2458,-358.155
2398,69,1,1,9,3,6,1,1,0,0.1002,0.46198,-138.834
2399,129,2,2,9,4,4,0,1,0,0.1001,0.32632,-208.925
2400,278,2,2,11,5,14,0,1,0,0.1001,0.17035,-440.897
2401,90,1,1,7,3,2,0,1,0,0.1,0.34723,-154.753
2402,27,2,2,7,3,0,1,1,0,0.0999,0.93968,-57.591
2403,295,1,1,10,5,13,1,1,0,0.0999,0.18406,-433.236
2404,106,5,5,14,5,5,0,1,0,0.0998,0.41363,-98.316
2405,33,1,1,5,3,2,1,1,0,0.0998,0.73807,-63.516
2406,222,0,0,17,7,16,1,1,0,0.0997,0.31897,-404.634
2407,400,1,1,13,5,25,0,0,1,0.0996,0.26981,-639.831
2408,329,5,5,31,10,19,0,1,0,0.0996,0.37792,-453.278
2409,253,3,3,14,10,24,1,1,0,0.0995,0.41256,-419.885
2410,400,1,1,4,4,12,0,0,1,0.0994,0.11821,-633.157
2411,286,1,1,13,7,16,1,1,0,0.0994,0.27314,-488.197
2412,186,0,0,10,5,11,1,1,0,0.0993,0.28863,-338.48
2413,120,1,1,20,7,3,1,1,0,0.0992,0.59837,-228.538
2414,97,1,1,5,1,3,0,1,0,0.0992,0.20605,-159.701
2415,55,2,2,17,5,9,1,1,0,0.0991,0.83394,-95.668
2416,165,0,0,3,3,8,1,1,0,0.0991,0.21872,-295.935
2417,280,1,1,4,3,8,0,1,0,0.099,0.15479,-406.895
2418,282,1,1,6,5,9,0,1,0,0.0989,0.16268,-470.08
2419,249,0,0,3,1,14,0,1,0,0.0989,0.09372,-436.981
2420,276,3,3,4,4,7,1,1,0,0.0988,0.19093,-419.014
2421,156,3,3,9,4,10,0,1,0,0.0988,0.24893,-152.716
2422,400,2,2,11,9,16,0,0,1,0.0987,0.2284,-681.459
2423,328,0,0,23,11,16,0,1,0,0.0986,0.28315,-493.833
2424,164,1,1,5,3,4,0,1,0,0.0986,0.23303,-247.881
2425,337,0,0,8,8,12,0,1,0,0.0985,0.20488,-574.768
2426,208,3,3,7,4,15,1,1,0,0.0984,0.25737,-324.922
2427,52,3,3,14,3,2,0,1,0,0.0984,0.62345,-91.854
2428,176,3,3,16,7,2,1,1,0,0.0983,0.36452,-241.277
2429,191,0,0,10,4,5,0,1,0,0.0982,0.28499,-310.308
2430,366,4,4,8,6,23,0,1,0,0.0982,0.19912,-497.695
2431,372,0,0,9,4,15,0,1,0,0.0981,0.15139,-563.466
2432,400,3,3,24,8,10,0,0,1,0.0981,0.17792,-609.644
2433,400,7,7,31,13,23,0,0,1,0.098,0.24557,-564.498
2434,20,0,0,8,3,2,1,1,0,0.0979,1.14536,-61.528
2435,192,1,1,6,2,4,1,1,0,0.0979,0.14984,-345.978
2436,259,4,4,14,4,14,0,1,0,0.0978,0.26245,-416.665
2437,400,2,2,16,11,19,0,0,1,0.0978,0.24601,-649.66
2438,400,2,2,11,5,11,0,0,1,0.0977,0.1424,-675.16
2439,20,1,1,6,2,2,1,1,0,0.0976,1.39387,-55.361
2440,400,3,3,15,6,19,0,0,1,0.0976,0.13682,-642.591
2441,286,1,1,11,5,7,0,1,0,0.0975,0.14482,-492.471
2442,93,0,0,12,3,3,0,1,0,0.0974,0.44517,-155.233
2443,327,2,2,17,9,16,0,1,0,0.0974,0.26207,-562.52
2444,356,5,5,7,4,11,0,1,0,0.0973,0.21347,-479.405
2445,16,1,1,7,2,2,1,1,0,0.0972,1.18171,-51.813
2446,400,3,3,24,8,16,0,0,1,0.0972,0.16977,-565.217
2447,56,0,0,9,3,4,1,1,0,0.0971,0.4423,-135.812
2448,163,3,3,13,4,5,1,1,0,0.0971,0.27652,-263.615
2449,251,3,3,7,8,19,0,1,0,0.097,0.21148,-320.769
2450,305,2,2,22,8,12,0,1,0,0.0969,0.29638,-392.816
2451,115,0,0,1,2,5,0,1,0,0.0969,0.20907,-207.747
2452,400,3,3,10,5,12,0,0,1,0.0968,0.21141,-684.209
2453,248,1,1,12,4,12,1,1,0,0.0968,0.21668,-322.966
2454,163,0,0,4,4,5,1,1,0,0.0967,0.24522,-310.274
2455,256,0,0,2,3,10,0,1,0,0.0966,0.13297,-457.964
2456,120,3,3,15,5,6,0,1,0,0.0966,0.47661,-141.883
2457,400,2,2,10,9,14,0,0,1,0.0965,0.20382,-514.393
2458,252,1,1,18,6,7,0,1,0,0.0964,0.24652,-243.08
2459,400,0,0,7,5,11,0,0,1,0.0964,0.09953,-707.052
2460,312,3,3,7,7,8,1,1,0,0.0963,0.21831,-417.683
2461,6,0,0,2,1,1,1,1,0,0.0962,1.41469,-22.576
2462,148,1,1,8,3,8,1,1,0,0.0962,0.33657,-259.82
2463,213,1,1,14,4,5,0,1,0,0.0961,0.23791,-362.043
2464,362,1,1,2,4,11,0,1,0,0.0961,0.12515,-560.041
2465,238,3,3,11,4,11,1,1,0,0.096,0.26824,-328.438
2466,207,1,1,9,4,11,0,1,0,0.0959,0.34194,-337.187
2467,247,2,2,28,7,11,0,1,0,0.0959,0.30602,-363.752
2468,400,1,1,15,9,13,0,0,1,0.0958,0.23107,-632.024
2469,40,0,0,2,2,2,1,1,0,0.0958,0.71847,-91.312
2470,182,4,4,25,9,12,1,1,0,0.0957,0.34342,-275.218
2471,378,3,3,16,6,14,1,1,0,0.0956,0.15863,-655.696
2472,118,1,1,12,5,9,0,1,0,0.0956,0.46384,-207.554
2473,298,4,4,18,7,9,0,1,0,0.0955,0.29806,-493.732
2474,400,2,2,5,3,17,0,0,1,0.0954,0.13286,-664.805
2475,121,1,1,3,3,9,1,1,0,0.0954,0.35639,-207.603
2476,187,3,3,18,4,6,0,1,0,0.0953,0.30568,-256.945
2477,304,1,1,22,7,20,0,1,0,0.0952,0.31083,-532.779
2478,138,3,3,23,6,8,0,1,0,0.0952,0.447,-221.453
2479,159,3,3,20,6,6,0,1,0,0.0951,0.46916,-301.499
2480,237,1,1,7,7,3,0,1,0,0.0951,0.29237,-441.019
2481,129,0,0,2,2,4,1,1,0,0.095,0.18224,-255.571
2482,208,2,2,6,7,10,0,1,0,0.0949,0.35381,-300.43
2483,265,5,5,13,8,10,0,1,0,0.0949,0.27809,-356.199
2484,266,0,0,3,4,7,0,1,0,0.0948,0.16395,-478.085
2485,400,0,0,2,3,16,0,0,1,0.0948,0.0726,-705.859
2486,400,1,1,3,8,22,0,0,1,0.0947,0.20272,-615.527
2487,228,1,1,4,3,8,0,1,0,0.0946,0.22571,-384.323
2488,400,1,1,25,8,13,0,0,1,0.0946,0.21196,-698.855
2489,211,1,1,12,3,9,0,1,0,0.0945,0.16575,-301.83
2490,400,2,2,16,8,8,0,0,1,0.0944,0.18982,-688.711
2491,267,0,0,3,1,12,0,1,0,0.0944,0.0726,-466.539
2492,49,0,0,13,4,5,1,1,0,0.0943,0.71763,-71.885
2493,310,0,0,8,3,11,0,1,0,0.0942,0.16909,-557.402
2494,388,1,1,6,8,21,1,1,0,0.0942,0.23532,-563.963
2495,5,0,0,1,1,2,1,1,0,0.0941,3.23371,-33.603
2496,262,3,3,13,8,11,0,1,0,0.0941,0.30073,-378.099
2497,6,0,0,2,1,1,1,1,0,0.094,1.7035,-23.814
2498,311,1,1,6,6,16,1,1,0,0.0939,0.2054,-575.892
2499,227,0,0,10,5,14,0,1,0,0.0939,0.18641,-368.223
2500,400,1,1,14,6,16,0,0,1,0.0938,0.17579,-678.86
2501,400,1,1,19,9,7,0,0,1,0.0938,0.20743,-616.701
2502,49,0,0,2,1,2,1,1,0,0.0937,0.46123,-148.0
2503,92,3,3,9,3,7,0,1,0,0.0936,0.46301,-149.469
2504,203,2,2,9,5,8,1,1,0,0.0936,0.28239,-325.256
2505,400,3,3,5,6,16,0,0,1,0.0935,0.13826,-639.411
2506,400,0,0,8,3,9,0,0,1,0.0934,0.14247,-628.106
2507,371,2,2,19,10,17,0,1,0,0.0934,0.37397,-491.659
2508,400,1,1,25,7,19,0,0,1,0.0933,0.20874,-595.969
2509,308,0,0,8,4,9,0,1,0,0.0932,0.13602,-507.72
2510,400,5,0,6,4,15,0,0,1,0.0932,0.11585,-650.88
2511,228,1,1,9,6,2,0,1,0,0.0931,0.28798,-355.007
2512,256,2,2,5,5,10,1,1,0,0.0931,0.29007,-442.73
2513,340,3,3,17,6,12,0,1,0,0.093,0.22865,-375.648
2514,351,2,2,7,3,8,0,1,0,0.0929,0.13,-538.393
2515,227,0,0,6,4,14,0,1,0,0.0929,0.17894,-404.121
2516,400,1,1,9,3,8,0,0,1,0.0928,0.08866,-689.87
2517,25,0,0,5,2,0,1,1,0,0.0927,0.54139,-60.078
2518,266,6,6,14,7,16,0,1,0,0.0927,0.25541,-420.551
2519,220,2,2,7,4,9,0,1,0,0.0926,0.2268,-292.054
2520,10,0,0,1,1,1,1,1,0,0.0926,1.23788,-30.278
2521,49,0,0,3,2,1,1,1,0,0.0925,0.35307,-107.334
2522,400,1,1,16,6,14,0,0,1,0.0924,0.16877,-701.579
2523,288,0,0,4,4,6,0,1,0,0.0924,0.14748,-481.59
2524,348,3,3,24,11,17,0,1,0,0.0923,0.32494,-444.949
2525,212,1,1,15,4,10,0,1,0,0.0922,0.39882,-357.359
2526,175,1,1,22,6,9,0,1,0,0.0922,0.32739,-299.898
2527,111,0,0,5,1,4,0,1,0,0.0921,0.28299,-211.176
2528,156,0,0,1,1,5,0,1,0,0.0921,0.16762,-251.939
2529,6,0,0,3,1,1,1,1,0,0.092,1.43398,-19.881
2530,400,1,1,5,7,21,0,0,1,0.0919,0.19393,-690.612
2531,212,0,0,1,5,8,1,1,0,0.0919,0.1617,-416.958
2532,213,0,0,1,2,6,1,1,0,0.0918,0.09745,-385.225
2533,332,2,2,9,8,10,1,1,0,0.0917,0.23233,-536.619
2534,30,0,0,5,3,3,1,1,0,0.0917,0.67613,-89.438
2535,285,2,2,4,4,14,0,1,0,0.0916,0.12003,-473.396
2536,139,0,0,3,4,6,1,1,0,0.0916,0.25172,-260.3
2537,263,1,1,6,6,13,0,1,0,0.0915,0.22451,-372.279
2538,400,0,0,7,10,17,0,0,1,0.0914,0.18071,-727.827
2539,400,1,1,2,3,14,0,0,1,0.0914,0.12165,-676.772
2540,8,0,0,3,1,2,1,1,0,0.0913,1.24699,-45.079
2541,6,0,0,3,1,1,1,1,0,0.0912,2.32227,-28.269
2542,294,2,2,13,8,8,0,1,0,0.0912,0.2415,-450.812
2543,400,2,2,2,3,14,0,0,1,0.0911,0.19611,-645.994
2544,317,1,1,20,10,9,1,1,0,0.0911,0.35826,-518.476
2545,400,1,1,11,7,15,0,0,1,0.091,0.15718,-714.49
2546,350,3,3,13,9,14,0,1,0,0.0909,0.37812,-555.856
2547,318,2,2,5,4,15,0,1,0,0.0909,0.16073,-518.169
2548,400,1,1,19,13,23,0,0,1,0.0908,0.36977,-720.503
2549,213,1,1,1,1,11,0,1,0,0.0907,0.28855,-433.241
2550,389,1,1,22,13,24,1,1,0,0.0907,0.30623,-785.803
2551,65,0,0,3,1,4,0,1,0,0.0906,0.36709,-97.045
2552,400,6,1,17,9,10,0,0,1,0.0906,0.28184,-828.436
2553,186,0,0,8,5,10,0,1,0,0.0905,0.42467,-410.354
2554,33,1,1,8,3,7,1,1,0,0.0904,0.72053,-77.554
2555,64,0,0,7,4,2,1,1,0,0.0904,0.56618,-165.513
2556,99,2,2,12,6,4,1,1,0,0.0903,0.5434,-212.479
2557,16,0,0,3,2,4,1,1,0,0.0902,1.50774,-70.137
2558,43,1,1,5,4,6,1,1,0,0.0902,0.80185,-120.157
2559,28,1,1,7,3,1,1,1,0,0.0901,0.79263,-65.437
2560,183,3,3,10,6,9,0,1,0,0.0901,0.42478,-322.818
2561,400,3,3,17,14,14,0,0,1,0.09,0.37353,-544.473
2562,16,1,1,4,2,2,1,1,0,0.0899,1.50885,-57.19
2563,69,0,0,3,2,0,0,1,0,0.0899,0.47458,-169.508
2564,400,1,1,11,11,15,0,0,1,0.0898,0.25109,-848.008
2565,135,2,2,14,7,6,1,1,0,0.0897,0.45335,-294.038
2566,261,1,1,9,10,17,1,1,0,0.0897,0.34713,-529.6
2567,166,1,1,9,7,2,1,1,0,0.0896,0.34182,-299.677
2568,92,2,2,29,7,6,1,1,0,0.0896,0.66412,-169.653
2569,400,6,6,54,19,18,0,0,1,0.0895,0.50922,-796.932
2570,308,6,6,24,17,14,1,1,0,0.0894,0.50668,-559.004
2571,154,1,1,12,5,6,1,1,0,0.0894,0.42009,-305.149
2572,302,0,0,16,8,8,0,1,0,0.0893,0.28736,-667.259
2573,314,1,1,18,10,14,0,1,0,0.0892,0.42216,-679.607
2574,400,1,1,12,8,8,0,0,1,0.0892,0.26738,-867.703
2575,34,0,0,6,2,1,1,1,0,0.0891,0.53539,-97.853
2576,23,0,0,12,3,2,1,1,0,0.0891,1.04041,-83.743
2577,244,0,0,19,8,7,0,1,0,0.089,0.36256,-526.849
2578,400,2,2,21,11,15,0,0,1,0.0889,0.3528,-776.484
2579,72,0,0,10,3,3,1,1,0,0.0889,0.48674,-222.567
2580,261,3,3,7,5,10,0,1,0,0.0888,0.44232,-459.699
2581,263,1,1,9,4,6,1,1,0,0.0887,0.30775,-616.759
2582,400,4,4,19,8,16,0,0,1,0.0887,0.31436,-796.236
2583,282,1,1,8,7,15,0,1,0,0.0886,0.38149,-667.369
2584,400,4,4,24,18,14,0,0,1,0.0886,0.41083,-795.412
2585,137,2,2,13,5,4,1,1,0,0.0885,0.41718,-239.315
2586,289,3,3,14,8,10,1,1,0,0.0884,0.46278,-551.773
2587,400,2,2,23,17,13,0,0,1,0.0884,0.36722,-782.927
2588,78,1,1,4,4,2,1,1,0,0.0883,0.60572,-226.172
2589,182,3,3,23,13,5,1,1,0,0.0882,0.50103,-312.227
2590,400,8,3,21,17,15,0,0,1,0.0882,0.36998,-706.788
2591,222,3,3,20,14,17,1,1,0,0.0881,0.55095,-382.062
2592,333,2,2,8,9,23,1,1,0,0.0881,0.39937,-742.05
2593,92,0,0,4,3,3,1,1,0,0.088,0.28895,-262.548
2594,123,0,0,7,3,7,1,1,0,0.0879,0.28886,-351.827
2595,21,0,0,4,2,7,1,1,0,0.0879,1.0513,-69.689
2596,78,2,2,8,3,0,1,1,0,0.0878,0.4141,-184.49
2597,255,0,0,10,9,14,0,1,0,0.0877,0.43595,-488.331
2598,152,3,3,18,9,11,1,1,0,0.0877,0.57929,-281.079
2599,32,0,0,3,1,1,1,1,0,0.0876,0.42223,-101.94
2600,49,0,0,9,5,5,1,1,0,0.0876,0.81135,-146.131
2601,81,0,0,15,8,8,1,1,0,0.0875,0.97753,-251.464
2602,183,1,1,11,8,10,1,1,0,0.0874,0.50141,-469.22
2603,21,0,0,4,3,4,1,1,0,0.0874,1.08154,-76.355
2604,112,6,1,29,11,11,1,1,0,0.0873,0.74496,-233.202
2605,400,2,2,32,14,9,0,0,1,0.0872,0.30294,-780.696
2606,14,0,0,5,2,2,1,1,0,0.0872,1.1666,-63.834
2607,71,1,1,4,2,6,1,1,0,0.0871,0.38934,-204.403
2608,59,0,0,10,4,9,1,1,0,0.0871,0.60477,-180.772
2609,76,1,1,7,3,4,1,1,0,0.087,0.62925,-201.356
2610,45,0,0,4,3,6,1,1,0,0.0869,0.64651,-88.898
2611,154,0,0,11,6,10,1,1,0,0.0869,0.4447,-329.885
2612,17,0,0,4,2,1,1,1,0,0.0868,1.22083,-64.045
2613,98,1,1,10,7,7,1,1,0,0.0867,0.3901,-230.552
2614,125,4,4,22,7,10,0,1,0,0.0867,0.53687,-201.631
2615,229,2,2,24,15,12,0,1,0,0.0866,0.60008,-473.443
2616,400,1,1,24,13,14,0,0,1,0.0866,0.3434,-661.293
2617,67,1,1,21,7,4,1,1,0,0.0865,0.96301,-167.953
2618,179,3,3,29,15,13,0,1,0,0.0864,0.7212,-377.226
2619,53,1,1,13,6,9,1,1,0,0.0864,0.94474,-136.703
2620,117,1,1,5,3,5,1,1,0,0.0863,0.32427,-300.727
2621,22,0,0,10,3,3,1,1,0,0.0862,0.82675,-57.72
2622,39,0,0,6,3,5,1,1,0,0.0862,0.63522,-132.936
2623,274,2,2,12,14,19,1,1,0,0.0861,0.51507,-576.702
2624,38,1,1,5,3,0,1,1,0,0.0861,0.60194,-96.758
2625,39,0,0,4,2,1,1,1,0,0.086,0.6599,-123.13
2626,86,2,2,14,6,7,1,1,0,0.0859,0.51254,-172.047
2627,55,1,1,12,6,4,1,1,0,0.0859,0.91331,-136.728
2628,24,1,1,4,3,2,1,1,0,0.0858,0.97751,-76.789
2629,17,0,0,4,2,4,1,1,0,0.0857,1.23198,-61.866
2630,34,0,0,3,2,1,1,1,0,0.0857,0.60302,-99.961
2631,148,1,1,21,13,7,1,1,0,0.0856,0.71852,-330.476
2632,164,3,3,21,9,10,1,1,0,0.0856,0.47342,-258.613
2633,195,3,3,32,16,8,1,1,0,0.0855,0.58431,-417.378
2634,100,0,0,13,7,8,1,1,0,0.0854,0.57734,-257.894
2635,73,0,0,4,4,3,1,1,0,0.0854,0.51119,-208.642
2636,71,1,1,14,7,1,1,1,0,0.0853,0.70053,-181.38
2637,70,2,2,13,5,4,1,1,0,0.0852,0.57696,-160.571
2638,75,1,1,13,6,5,0,1,0,0.0852,0.74193,-166.319
2639,292,2,2,23,20,17,1,1,0,0.0851,0.62051,-593.744
2640,6,0,0,2,1,1,1,1,0,0.0851,1.60154,-25.205
2641,63,0,0,3,1,4,1,1,0,0.085,0.35281,-206.231
2642,116,0,0,25,9,6,1,1,0,0.0849,0.70229,-317.554
2643,22,0,0,5,2,4,1,1,0,0.0849,1.00114,-85.95
2644,198,4,4,42,16,15,1,1,0,0.0848,0.62438,-377.241
2645,195,2,2,39,19,8,1,1,0,0.0847,0.80884,-462.897
2646,186,4,4,28,14,11,0,1,0,0.0847,0.61593,-265.427
2647,102,3,3,14,7,4,1,1,0,0.0846,0.51281,-169.394
2648,96,1,1,14,7,5,1,1,0,0.0846,0.67562,-252.686
2649,27,1,1,5,2,0,1,1,0,0.0845,0.64743,-50.321
2650,360,4,4,32,19,17,1,1,0,0.0844,0.48185,-706.716
2651,66,0,0,3,1,5,1,1,0,0.0844,0.26551,-228.9
2652,57,2,2,16,6,7,1,1,0,0.0843,0.75896,-135.925
2653,64,1,1,8,4,4,1,1,0,0.0842,0.64184,-162.963
2654,252,5,5,37,19,16,0,1,0,0.0842,0.54507,-410.331
2655,67,1,1,15,5,2,1,1,0,0.0841,0.55715,-168.743
2656,400,10,5,25,18,17,0,0,1,0.0841,0.43356,-916.845
2657,287,2,2,7,4,12,0,1,0,0.084,0.20483,-173.966
2658,263,1,1,9,7,9,1,1,0,0.0839,0.31015,-386.778
2659,257,0,0,4,3,10,0,1,0,0.0839,0.19871,-257.137
2660,35,1,1,7,4,5,1,1,0,0.0838,1.13125,-98.584
2661,166,2,2,8,5,7,1,1,0,0.0837,0.36592,-174.09
2662,118,1,1,11,7,3,1,1,0,0.0837,0.56163,-324.01
2663,128,2,2,24,11,11,1,1,0,0.0836,0.65789,-270.913
2664,49,0,0,8,3,0,0,1,0,0.0836,0.54849,-132.088
2665,244,0,0,5,2,8,0,1,0,0.0835,0.15556,-150.446
2666,58,0,0,10,6,5,1,1,0,0.0834,0.78486,-192.785
2667,211,0,0,19,11,12,0,1,0,0.0834,0.62696,-561.552
2668,36,0,0,8,4,4,1,1,0,0.0833,0.85324,-133.345
2669,222,1,1,17,12,13,1,1,0,0.0832,0.49442,-439.089
2670,83,0,0,3,1,5,1,1,0,0.0832,0.34334,-262.353
2671,47,0,0,3,2,2,1,1,0,0.0831,0.45495,-150.348
2672,174,1,1,25,13,8,1,1,0,0.0831,0.66001,-406.733
2673,88,1,1,5,3,8,1,1,0,0.083,0.40184,-287.858
2674,37,0,0,7,3,2,1,1,0,0.0829,0.86667,-131.687
2675,72,1,1,12,6,5,1,1,0,0.0829,0.68622,-192.401
2676,241,2,2,44,19,12,1,1,0,0.0828,0.60918,-540.501
2677,70,0,0,2,1,2,0,1,0,0.0827,0.28466,-193.284
2678,83,0,0,13,6,5,1,1,0,0.0827,0.64306,-266.69
2679,270,5,5,28,12,23,1,1,0,0.0826,0.59948,-422.845
2680,47,1,1,6,5,3,1,1,0,0.0826,1.00191,-141.408
2681,250,2,2,10,11,19,0,1,0,0.0825,0.48343,-430.55
2682,112,1,1,21,10,8,1,1,0,0.0824,0.75051,-272.147
2683,121,2,2,7,3,5,1,1,0,0.0824,0.41858,-390.793
2684,54,0,0,9,4,6,1,1,0,0.0823,0.57659,-169.303
2685,177,2,2,22,11,8,1,1,0,0.0822,0.62531,-442.541
2686,97,0,0,22,7,4,1,1,0,0.0822,0.6574,-206.265
2687,121,1,1,14,6,5,0,1,0,0.0821,0.43468,-228.867
2688,84,0,0,5,4,6,1,1,0,0.0821,0.59851,-269.045
2689,56,1,1,4,2,5,1,1,0,0.082,0.52117,-181.62
2690,45,1,1,5,3,2,1,1,0,0.0819,0.65869,-126.966
2691,114,3,3,12,7,5,1,1,0,0.0819,0.58188,-245.722
2692,151,1,1,21,9,14,1,1,0,0.0818,0.51967,-427.078
2693,112,2,2,19,7,5,1,1,0,0.0817,0.59521,-208.727
2694,23,0,0,7,3,2,1,1,0,0.0817,0.84951,-84.122
2695,169,1,1,39,12,10,1,1,0,0.0816,0.60981,-351.703
2696,57,2,2,12,6,5,1,1,0,0.0816,0.91292,-164.1
2697,14,0,0,7,2,0,1,1,0,0.0815,1.24123,-52.513
2698,53,0,0,14,5,2,1,1,0,0.0814,0.81985,-185.987
2699,293,6,6,49,21,15,1,1,0,0.0814,0.65587,-655.316
2700,31,0,0,5,3,2,1,1,0,0.0813,0.7812,-119.144
2701,34,0,0,4,3,2,1,1,0,0.0812,0.9509,-135.282
2702,77,0,0,3,2,3,1,1,0,0.0812,0.43863,-263.266
2703,30,0,0,10,3,2,1,1,0,0.0811,1.05647,-96.803
2704,197,3,3,13,9,9,0,1,0,0.0811,0.58685,-499.75
2705,49,0,0,9,5,0,1,1,0,0.081,0.85836,-155.037
2706,400,2,2,13,14,22,0,0,1,0.0809,0.42286,-954.397
2707,51,0,0,4,2,1,1,1,0,0.0809,0.42023,-172.133
2708,66,0,0,5,3,6,1,1,0,0.0808,0.55072,-221.417
2709,17,0,0,4,1,3,1,1,0,0.0807,0.96975,-68.29
2710,268,0,0,9,7,7,0,1,0,0.0807,0.33856,-758.362
2711,65,1,1,12,5,5,1,1,0,0.0806,0.77446,-169.575
2712,63,1,1,5,2,5,1,1,0,0.0806,0.40838,-195.266
2713,116,0,0,9,6,4,1,1,0,0.0805,0.43984,-353.998
2714,273,3,3,14,9,14,0,1,0,0.0804,0.44708,-668.863
2715,40,0,0,4,2,3,1,1,0,0.0804,0.52549,-140.428
2716,51,1,1,5,3,2,1,1,0,0.0803,0.68132,-142.352
2717,66,0,0,3,2,3,1,1,0,0.0802,0.51939,-219.321
2718,143,1,1,15,4,3,0,1,0,0.0802,0.39838,-227.806
2719,77,0,0,7,2,4,1,1,0,0.0801,0.42777,-243.573
2720,83,0,0,2,3,6,1,1,0,0.0801,0.36828,-284.169
2721,400,2,2,27,15,19,0,0,1,0.08,0.41713,-944.482
2722,123,0,0,1,2,6,1,1,0,0.0799,0.27248,-390.851
2723,62,0,0,0,1,1,0,1,0,0.0799,0.20988,-193.127
2724,107,1,1,24,7,5,1,1,0,0.0798,0.59051,-303.329
2725,92,0,0,8,2,4,0,1,0,0.0797,0.29384,-255.378
2726,338,1,1,15,5,13,1,1,0,0.0797,0.27506,-793.926
2727,110,0,0,14,8,7,1,1,0,0.0796,0.58577,-334.898
2728,43,0,0,7,3,7,1,1,0,0.0796,0.83609,-105.157
2729,164,4,4,18,9,3,1,1,0,0.0795,0.45055,-387.046
2730,231,2,2,22,12,5,1,1,0,0.0794,0.5208,-550.387
2731,81,1,1,8,3,7,0,1,0,0.0794,0.43013,-182.968
2732,155,7,2,17,7,7,1,1,0,0.0793,0.50221,-424.366
2733,95,0,0,4,2,4,1,1,0,0.0792,0.19073,-302.783
2734,23,0,0,6,2,3,1,1,0,0.0792,0.98657,-80.725
2735,30,1,1,6,3,2,1,1,0,0.0791,0.93665,-96.039
2736,13,0,0,5,2,4,1,1,0,0.0791,1.14291,-54.317
2737,26,1,1,5,2,3,1,1,0,0.079,1.07993,-75.283
2738,255,0,0,7,7,10,0,1,0,0.0789,0.28142,-526.197
2739,392,10,5,15,19,8,1,1,0,0.0789,0.4758,-905.209
2740,100,2,2,13,4,5,1,1,0,0.0788,0.44187,-213.394
2741,174,0,0,8,3,10,1,1,0,0.0787,0.28556,-569.9
2742,167,1,1,10,5,10,1,1,0,0.0787,0.46342,-481.591
2743,96,1,1,5,4,4,1,1,0,0.0786,0.50487,-272.703
2744,120,0,0,9,5,7,0,1,0,0.0786,0.42457,-307.303
2745,127,0,0,7,3,7,0,1,0,0.0785,0.37004,-336.712
2746,84,2,2,8,3,6,1,1,0,0.0784,0.47062,-253.922
2747,236,2,2,8,4,8,0,1,0,0.0784,0.25913,-521.039
2748,166,1,1,16,10,5,0,1,0,0.0783,0.48446,-407.685
2749,75,2,2,9,5,6,1,1,0,0.0782,0.75422,-189.331
2750,119,0,0,4,3,3,1,1,0,0.0782,0.33992,-342.043
2751,187,3,3,29,12,10,1,1,0,0.0781,0.51087,-367.744
2752,227,1,1,5,3,11,0,1,0,0.0781,0.29165,-636.799
2753,93,1,1,19,7,8,1,1,0,0.078,0.6033,-263.832
2754,165,2,2,35,14,10,1,1,0,0.0779,0.61753,-392.009
2755,163,6,6,57,14,9,1,1,0,0.0779,0.75621,-331.553
2756,79,1,1,24,7,8,1,1,0,0.0778,0.72936,-179.43
2757,111,0,0,30,12,13,1,1,0,0.0777,0.87374,-285.174
2758,81,2,2,22,8,4,1,1,0,0.0777,0.78735,-170.884
2759,48,1,1,13,5,5,1,1,0,0.0776,0.78971,-137.858
2760,5,0,0,0,1,1,1,1,0,0.0776,2.59398,-27.964
2761,137,8,3,40,11,9,1,1,0,0.0775,0.69085,-251.008
2762,39,0,0,14,5,2,1,1,0,0.0774,0.90262,-139.95
2763,194,4,4,48,16,17,0,1,0,0.0774,0.72049,-385.318
2764,28,0,0,9,4,6,1,1,0,0.0773,1.24528,-81.353
2765,119,1,1,13,5,5,0,1,0,0.0772,0.46566,-307.674
2766,132,1,1,10,3,5,1,1,0,0.0772,0.31625,-328.611
2767,37,0,0,8,3,1,1,1,0,0.0771,0.60108,-141.739
2768,54,0,0,6,1,4,0,1,0,0.0771,0.50576,-93.461
2769,153,8,3,15,5,6,1,1,0,0.077,0.40777,-394.729
2770,185,1,1,19,11,8,1,1,0,0.0769,0.59096,-448.026
2771,114,1,1,8,5,4,0,1,0,0.0769,0.57236,-244.562
2772,174,2,2,33,12,7,1,1,0,0.0768,0.47305,-454.163
2773,37,0,0,4,4,5,1,1,0,0.0767,0.88609,-115.97
2774,248,0,0,8,10,6,1,1,0,0.0767,0.41312,-677.393
2775,211,0,0,20,11,7,0,1,0,0.0766,0.46097,-462.575
2776,50,2,2,11,4,4,1,1,0,0.0766,0.90274,-131.959
2777,400,2,2,22,13,17,0,0,1,0.0765,0.29141,-1100.411
2778,211,1,1,31,15,13,1,1,0,0.0764,0.57772,-535.451
2779,25,0,0,6,3,2,1,1,0,0.0764,1.01565,-88.805
2780,58,1,1,14,5,3,1,1,0,0.0763,0.78349,-134.157
2781,38,0,0,12,4,3,1,1,0,0.0762,0.71893,-132.203
2782,185,2,2,26,14,5,1,1,0,0.0762,0.57692,-386.242
2783,72,2,2,8,3,1,0,1,0,0.0761,0.42808,-165.962
2784,331,0,0,34,27,23,1,1,0,0.0761,0.73784,-856.897
2785,283,9,4,22,14,7,1,1,0,0.076,0.42459,-649.404
2786,109,0,0,14,7,8,1,1,0,0.0759,0.56662,-309.074
2787,22,0,0,5,3,3,1,1,0,0.0759,1.09109,-79.441
2788,106,0,0,13,6,6,1,1,0,0.0758,0.4395,-330.511
2789,183,2,2,17,8,9,1,1,0,0.0757,0.3714,-483.673
2790,105,1,1,15,5,4,1,1,0,0.0757,0.45787,-237.762
2791,119,0,0,26,12,8,1,1,0,0.0756,0.69335,-288.45
2792,35,0,0,11,4,4,1,1,0,0.0756,0.83559,-118.822
2793,119,1,1,10,4,3,1,1,0,0.0755,0.29194,-369.367
2794,218,1,1,23,14,9,1,1,0,0.0754,0.59389,-528.855
2795,112,1,1,25,8,11,1,1,0,0.0754,0.6652,-242.873
2796,90,1,1,11,5,7,1,1,0,0.0753,0.73428,-233.529
2797,400,0,0,14,14,7,0,0,1,0.0752,0.30728,-1106.001
2798,95,2,2,9,4,2,1,1,0,0.0752,0.41197,-272.009
2799,40,0,0,10,3,4,1,1,0,0.0751,0.72851,-124.553
2800,7,0,0,3,1,2,1,1,0,0.0751,1.53649,-50.643
2801,62,0,0,8,4,4,1,1,0,0.075,0.53593,-203.946
2802,80,0,0,11,4,7,1,1,0,0.0749,0.45116,-248.402
2803,79,0,0,10,4,4,1,1,0,0.0749,0.47829,-248.99
2804,181,1,1,23,7,9,1,1,0,0.0748,0.36288,-373.58
2805,82,1,1,19,5,4,0,1,0,0.0747,0.51594,-203.63
2806,22,0,0,6,3,2,1,1,0,0.0747,0.90736,-73.944
2807,86,3,3,25,8,3,0,1,0,0.0746,0.68064,-157.158
2808,18,1,1,4,2,1,1,1,0,0.0746,1.2305,-48.906
2809,48,0,0,12,6,2,1,1,0,0.0745,0.75011,-141.101
2810,88,1,1,8,3,9,1,1,0,0.0744,0.59961,-262.308
2811,95,0,0,15,4,6,1,1,0,0.0744,0.42773,-305.643
2812,148,2,2,14,5,6,1,1,0,0.0743,0.40869,-363.286
2813,238,1,1,31,12,5,0,1,0,0.0742,0.41437,-612.632
2814,177,0,0,12,5,3,1,1,0,0.0742,0.28741,-555.618
2815,111,0,0,3,1,4,1,1,0,0.0741,0.17763,-361.816
2816,109,1,1,20,9,5,0,1,0,0.0741,0.78239,-253.001
2817,69,1,1,8,5,6,0,1,0,0.074,0.62819,-115.454
2818,22,0,0,8,3,2,1,1,0,0.0739,0.90261,-90.734
2819,156,3,3,15,8,10,1,1,0,0.0739,0.44406,-424.856
2820,27,1,1,8,3,2,1,1,0,0.0738,0.78244,-76.246
2821,110,0,0,11,5,2,1,1,0,0.0737,0.50339,-239.765
2822,177,2,2,17,7,4,0,1,0,0.0737,0.46689,-409.548
2823,115,0,0,2,1,3,1,1,0,0.0736,0.15681,-388.89
2824,96,0,0,5,3,3,1,1,0,0.0736,0.33642,-309.67
2825,80,0,0,5,3,5,1,1,0,0.0735,0.4338,-247.944
2826,31,1,1,7,2,1,1,1,0,0.0734,0.74995,-101.326
2827,74,2,2,17,7,4,1,1,0,0.0734,0.77274,-180.673
2828,162,1,1,5,3,7,1,1,0,0.0733,0.29707,-541.218
2829,400,3,3,20,11,9,0,0,1,0.0732,0.3253,-1092.08
2830,400,4,4,18,7,8,0,0,1,0.0732,0.2517,-1060.651
2831,138,1,1,14,7,5,1,1,0,0.0731,0.40059,-396.73
2832,178,2,2,26,8,7,1,1,0,0.0731,0.46939,-351.096
2833,146,2,2,13,6,8,0,1,0,0.073,0.41685,-308.565
2834,192,1,1,11,5,10,0,1,0,0.0729,0.30753,-446.129
2835,135,4,4,19,8,9,0,1,0,0.0729,0.51606,-317.651
2836,287,0,0,7,5,9,0,1,0,0.0728,0.23644,-834.834
2837,290,5,5,36,16,19,0,1,0,0.0727,0.41863,-583.492
2838,400,6,6,95,35,13,0,0,1,0.0727,0.6132,-853.075
2839,64,3,3,23,7,4,1,1,0,0.0726,0.86172,-158.647
2840,221,4,4,32,14,10,1,1,0,0.0726,0.47606,-353.483
2841,14,0,0,6,2,3,1,1,0,0.0725,1.02181,-60.944
2842,118,2,2,36,11,7,1,1,0,0.0724,0.7513,-270.744
2843,306,7,7,55,23,7,1,1,0,0.0724,0.54573,-592.744
2844,386,7,7,75,28,11,0,0,1,0.0723,0.52249,-767.674
2845,183,4,4,53,17,8,1,1,0,0.0722,0.61773,-328.366
2846,27,2,2,7,3,7,1,1,0,0.0722,1.32161,-58.843
2847,270,7,7,68,24,13,1,1,0,0.0721,0.64277,-584.519
2848,5,0,0,3,1,2,1,1,0,0.0721,2.66204,-37.704
2849,172,1,1,42,15,8,1,1,0,0.072,0.70131,-381.126
2850,88,1,1,26,8,10,0,1,0,0.0719,0.68951,-193.907
2851,118,1,1,35,11,5,1,1,0,0.0719,0.58672,-232.895
2852,34,0,0,14,5,2,1,1,0,0.0718,0.9415,-102.399
2853,36,0,0,14,5,4,1,1,0,0.0717,0.90342,-111.286
2854,123,1,1,44,14,9,1,1,0,0.0717,0.67205,-316.874
2855,34,0,0,9,4,6,1,1,0,0.0716,0.82496,-116.891
2856,85,1,1,20,7,9,0,1,0,0.0716,0.6046,-165.362
2857,186,4,4,43,17,14,1,1,0,0.0715,0.67578,-380.922
2858,52,0,0,16,6,2,1,1,0,0.0714,0.66433,-143.942
2859,66,2,2,18,7,3,1,1,0,0.0714,0.65172,-153.69
2860,170,3,3,32,11,11,1,1,0,0.0713,0.54659,-261.937
2861,308,5,5,63,28,13,1,1,0,0.0712,0.6795,-672.815
2862,22,0,0,8,3,2,1,1,0,0.0712,0.86061,-81.014
2863,400,5,5,61,35,23,0,0,1,0.0711,0.61445,-722.315
2864,116,1,1,16,5,7,1,1,0,0.0711,0.54292,-354.155
2865,216,2,2,32,11,10,1,1,0,0.071,0.43497,-577.931
2866,117,1,1,38,10,7,1,1,0,0.0709,0.45096,-317.122
2867,110,3,3,24,6,6,1,1,0,0.0709,0.53236,-293.964
2868,24,0,0,9,3,1,1,1,0,0.0708,0.85211,-71.015
2869,5,0,0,3,1,3,1,1,0,0.0707,3.54884,-34.936
2870,43,1,1,16,5,4,1,1,0,0.0707,0.76008,-114.702
2871,54,2,2,14,4,2,1,1,0,0.0706,0.72155,-152.933
2872,230,5,5,47,15,10,1,1,0,0.0706,0.67867,-468.925
2873,252,4,4,39,15,14,1,1,0,0.0705,0.41522,-352.167
2874,189,1,1,40,13,12,1,1,0,0.0704,0.49771,-316.057
2875,23,0,0,7,3,0,1,1,0,0.0704,0.95407,-82.815
2876,222,11,6,71,20,8,1,1,0,0.0703,0.61857,-496.315
2877,45,0,0,9,4,4,1,1,0,0.0702,0.60909,-153.915
2878,211,4,4,40,21,14,1,1,0,0.0702,0.66584,-450.536
2879,111,3,3,26,9,8,0,1,0,0.0701,0.61291,-179.85
2880,35,0,0,18,4,3,1,1,0,0.0701,0.70817,-131.089
2881,83,1,1,28,9,5,1,1,0,0.07,0.65216,-200.974
2882,252,5,5,49,22,6,1,1,0,0.0699,0.57488,-572.312
2883,153,2,2,37,12,5,1,1,0,0.0699,0.57718,-334.205
2884,24,0,0,6,3,3,1,1,0,0.0698,1.01475,-89.683
2885,175,3,3,38,14,18,1,1,0,0.0697,0.5817,-366.059
2886,301,5,5,42,20,14,1,1,0,0.0697,0.56848,-683.625
2887,67,0,0,13,4,4,0,1,0,0.0696,0.5206,-184.519
2888,71,0,0,12,4,2,1,1,0,0.0696,0.46448,-225.363
2889,135,3,3,43,14,3,0,1,0,0.0695,0.67932,-283.437
2890,62,0,0,17,7,5,0,1,0,0.0694,0.6356,-150.7
2891,77,3,3,16,4,5,1,1,0,0.0694,0.45588,-122.435
2892,84,1,1,17,7,8,1,1,0,0.0693,0.67894,-261.718
2893,5,0,0,3,1,2,1,1,0,0.0692,3.05771,-36.615
2894,196,2,2,28,11,10,1,1,0,0.0692,0.49122,-478.07
2895,144,7,7,29,8,7,1,1,0,0.0691,0.4979,-285.385
2896,81,0,0,4,3,4,1,1,0,0.0691,0.33891,-268.372
2897,151,5,5,27,9,6,1,1,0,0.069,0.45852,-376.164
2898,67,2,2,22,5,6,1,1,0,0.0689,0.61593,-165.425
2899,86,2,2,16,4,7,1,1,0,0.0689,0.61999,-127.743
2900,141,3,3,36,12,5,0,1,0,0.0688,0.50606,-287.265
2901,145,2,2,16,4,10,0,1,0,0.0687,0.44102,-369.131
2902,162,2,2,33,15,5,1,1,0,0.0687,0.63377,-321.638
2903,278,4,4,32,12,10,0,1,0,0.0686,0.35592,-375.572
2904,61,0,0,20,7,1,1,1,0,0.0686,0.52782,-174.979
2905,210,2,2,47,15,10,1,1,0,0.0685,0.60274,-374.0
2906,96,3,3,27,9,6,1,1,0,0.0684,0.59002,-249.504
2907,95,3,3,26,8,5,1,1,0,0.0684,0.63173,-172.57
2908,122,4,4,44,13,7,1,1,0,0.0683,0.6643,-283.038
2909,109,0,0,23,7,3,1,1,0,0.0683,0.39091,-258.705
2910,171,5,5,50,15,7,1,1,0,0.0682,0.62875,-347.73
2911,76,0,0,23,7,2,1,1,0,0.0681,0.5519,-211.268
2912,146,2,2,20,7,7,1,1,0,0.0681,0.4279,-362.58
2913,243,5,5,39,21,12,1,1,0,0.068,0.62272,-520.217
2914,262,7,7,38,16,16,1,1,0,0.0679,0.50525,-393.408
2915,97,1,1,7,3,2,0,1,0,0.0679,0.33191,-162.399
2916,65,3,3,12,5,4,1,1,0,0.0678,0.68524,-140.287
2917,189,3,3,21,7,6,1,1,0,0.0677,0.39177,-354.196
2918,400,5,5,70,28,8,0,0,1,0.0677,0.46458,-698.056
2919,39,1,1,16,4,0,1,1,0,0.0676,0.58406,-88.049
2920,65,3,3,13,4,6,1,1,0,0.0676,0.60671,-130.053
2921,51,0,0,20,5,4,1,1,0,0.0675,0.74214,-129.476
2922,88,2,2,22,6,4,1,1,0,0.0674,0.51048,-219.154
2923,122,2,2,29,10,5,1,1,0,0.0674,0.54698,-260.893
2924,80,1,1,19,6,5,0,1,0,0.0673,0.52587,-231.242
2925,168,1,1,19,8,4,1,1,0,0.0673,0.37141,-483.113
2926,222,2,2,45,21,13,1,1,0,0.0672,0.56707,-511.289
2927,76,0,0,10,4,3,0,1,0,0.0671,0.32653,-179.487
2928,41,1,1,6,3,5,1,1,0,0.0671,0.58497,-77.031
2929,67,1,1,21,7,7,1,1,0,0.067,0.63394,-167.073
2930,87,1,1,20,7,3,1,1,0,0.0669,0.61803,-208.087
2931,213,5,5,30,12,10,1,1,0,0.0669,0.37635,-321.657
2932,184,3,3,40,16,3,1,1,0,0.0668,0.53739,-413.363
2933,133,3,3,31,11,5,0,1,0,0.0667,0.5197,-268.566
2934,400,10,5,53,26,14,0,0,1,0.0667,0.42042,-872.81
2935,114,5,5,39,10,9,1,1,0,0.0666,0.65095,-249.73
2936,133,2,2,26,8,3,1,1,0,0.0666,0.49973,-361.46
2937,172,3,3,33,13,10,1,1,0,0.0665,0.52797,-438.734
2938,154,2,2,32,11,4,1,1,0,0.0664,0.48591,-341.192
2939,107,3,3,29,10,2,0,1,0,0.0664,0.57193,-190.566
2940,311,4,4,26,18,12,0,1,0,0.0663,0.47547,-674.885
2941,400,3,3,35,17,9,0,0,1,0.0663,0.39544,-1111.317
2942,199,1,1,20,7,6,1,1,0,0.0662,0.30869,-540.947
2943,15,0,0,5,2,1,1,1,0,0.0661,1.25809,-51.335
2944,104,0,0,16,7,6,1,1,0,0.0661,0.4727,-278.783
2945,214,3,3,45,16,8,1,1,0,0.066,0.48766,-433.724
2946,246,4,4,39,19,9,0,1,0,0.0659,0.50693,-566.572
2947,132,3,3,4,4,7,0,1,0,0.0659,0.3903,-258.872
2948,229,4,4,46,24,12,1,1,0,0.0658,0.51651,-492.849
2949,6,0,0,4,1,2,1,1,0,0.0657,2.35306,-41.664
2950,162,5,5,33,11,8,1,1,0,0.0657,0.53797,-320.235
2951,92,0,0,18,5,3,1,1,0,0.0656,0.49509,-275.228
2952,161,3,3,22,8,10,0,1,0,0.0656,0.51789,-223.947
2953,304,5,5,47,24,14,0,1,0,0.0655,0.52092,-700.534
2954,51,0,0,10,3,0,1,1,0,0.0654,0.52777,-167.741
2955,324,5,5,35,20,13,0,1,0,0.0654,0.45103,-719.944
2956,181,0,0,15,4,5,1,1,0,0.0653,0.31017,-487.526
2957,27,1,1,9,3,2,1,1,0,0.0653,0.81227,-86.568
2958,246,2,2,28,12,12,1,1,0,0.0652,0.41097,-528.248
2959,210,2,2,27,11,6,0,1,0,0.0651,0.45109,-460.597
2960,340,2,2,28,22,13,0,1,0,0.0651,0.50677,-758.174
2961,168,0,0,18,7,6,1,1,0,0.065,0.35805,-396.707
2962,185,4,4,47,17,6,1,1,0,0.0649,0.56363,-336.278
2963,242,0,0,11,4,7,0,1,0,0.0649,0.2992,-511.395
2964,91,2,2,25,6,7,1,1,0,0.0648,0.61583,-223.818
2965,213,4,4,37,14,9,0,1,0,0.0647,0.54362,-436.166
2966,173,0,0,2,1,2,0,1,0,0.0647,0.18442,-359.081
2967,96,0,0,6,3,3,0,1,0,0.0646,0.67379,-232.199
2968,106,1,1,11,4,1,1,1,0,0.0646,0.43001,-217.744
2969,204,3,3,19,13,10,1,1,0,0.0645,0.50319,-462.618
2970,189,0,0,2,1,3,0,1,0,0.0644,0.26394,-447.842
2971,111,0,0,3,2,2,1,1,0,0.0644,0.33042,-206.464
2972,92,1,1,12,5,3,1,1,0,0.0643,0.54105,-301.528
2973,180,3,3,11,5,4,0,1,0,0.0643,0.45229,-290.002
2974,132,4,4,18,6,4,1,1,0,0.0642,0.41657,-187.413
2975,290,2,2,16,6,8,0,1,0,0.0641,0.37753,-496.915
2976,76,1,1,11,4,1,1,1,0,0.0641,0.64104,-162.777
2977,254,4,4,5,5,10,0,1,0,0.064,0.38319,-520.927
2978,283,2,2,1,5,12,0,1,0,0.0639,0.47261,-529.404
2979,245,2,2,14,4,8,0,1,0,0.0639,0.2759,-496.591
2980,102,2,2,10,3,3,1,1,0,0.0638,0.34817,-194.713
2981,246,2,2,5,2,7,0,1,0,0.0637,0.43088,-513.576
2982,221,0,0,6,4,5,1,1,0,0.0637,0.30933,-434.921
2983,261,0,0,5,5,1,0,1,0,0.0636,0.36547,-532.47
2984,311,1,1,7,6,8,1,1,0,0.0636,0.33219,-580.892
2985,144,0,0,5,3,1,0,1,0,0.0635,0.26127,-292.925
2986,400,0,0,12,9,11,0,0,1,0.0634,0.27055,-638.71
2987,269,3,3,27,14,15,0,1,0,0.0634,0.35827,-357.593
2988,200,2,2,18,8,10,1,1,0,0.0633,0.39054,-352.199
2989,107,0,0,1,1,2,1,1,0,0.0633,0.31822,-184.431
2990,334,3,3,7,5,3,0,1,0,0.0632,0.22903,-467.445
2991,400,6,1,0,2,3,0,0,1,0.0631,0.1547,-489.943
2992,141,1,1,9,5,5,1,1,0,0.0631,0.41697,-213.688
2993,37,2,2,3,2,0,0,1,0,0.063,1.19074,-73.278
2994,206,2,2,16,6,2,0,1,0,0.0629,0.59108,-503.289
2995,133,0,0,2,1,5,0,1,0,0.0629,0.27189,-256.432
2996,400,4,4,22,19,4,0,0,1,0.0628,0.40365,-636.324
2997,169,2,2,20,11,6,1,1,0,0.0627,0.4845,-362.131
2998,202,1,1,3,2,6,0,1,0,0.0627,0.15948,-274.093
2999,320,4,4,20,14,7,1,1,0,0.0626,0.53174,-510.123
3000,260,6,1,8,7,2,1,1,0,0.0626,0.30447,-471.787
3001,378,2,2,7,8,7,1,1,0,0.0625,0.24598,-500.006
3002,304,2,2,6,5,5,1,1,0,0.0624,0.18915,-397.292
3003,273,0,0,2,2,2,0,1,0,0.0624,0.12701,-311.831
3004,207,3,3,15,7,3,0,1,0,0.0623,0.39086,-280.509
3005,52,0,0,1,2,1,0,1,0,0.0622,0.42508,-69.35
3006,256,0,0,4,2,1,0,1,0,0.0622,0.39693,-417.137
3007,85,0,0,4,2,1,1,1,0,0.0621,0.34714,-123.654
3008,162,0,0,0,0,1,0,1,0,0.0621,0.1604,-237.854
3009,198,1,1,0,0,2,0,1,0,0.062,0.1088,-224.379
3010,400,2,2,10,5,10,0,0,1,0.0619,0.20328,-406.419
3011,62,0,0,0,0,1,0,1,0,0.0619,0.13972,-62.646
3012,135,0,0,1,1,3,1,1,0,0.0618,0.17649,-157.316
3013,81,0,0,2,1,3,1,1,0,0.0617,0.27008,-95.254
3014,131,2,2,19,6,4,1,1,0,0.0617,0.55985,-202.286
3015,341,1,1,4,4,2,0,1,0,0.0616,0.17227,-374.425
3016,309,1,1,4,6,4,0,1,0,0.0616,0.22281,-335.62
3017,287,0,0,0,0,0,0,1,0,0.0615,0.10533,-265.761
3018,400,7,2,1,3,4,0,0,1,0.0614,0.18499,-336.858
3019,252,0,0,3,1,2,0,1,0,0.0614,0.13874,-208.937
3020,308,0,0,1,2,1,1,1,0,0.0613,0.13159,-230.891
3021,301,1,1,15,10,5,0,1,0,0.0612,0.27598,-308.473
3022,400,5,5,14,10,2,0,0,1,0.0612,0.27318,-368.569
3023,400,1,1,9,8,10,0,0,1,0.0611,0.25259,-390.746
3024,303,2,2,9,4,1,0,1,0,0.0611,0.15344,-255.838
3025,137,2,2,10,5,4,0,1,0,0.061,0.28435,-135.628
3026,400,0,0,19,20,5,0,0,1,0.0609,0.34145,-462.391
3027,163,1,1,0,0,5,0,1,0,0.0609,0.15409,-140.789
3028,301,2,2,12,8,4,1,1,0,0.0608,0.27043,-298.266
3029,109,2,2,6,3,1,0,1,0,0.0607,0.22556,-110.952
3030,94,0,0,4,2,3,0,1,0,0.0607,0.26927,-104.74
3031,270,4,4,13,5,3,0,1,0,0.0606,0.41155,-267.046
3032,280,1,1,7,2,5,0,1,0,0.0606,0.18351,-247.326
3033,287,2,2,0,0,2,0,1,0,0.0605,0.15818,-297.417
3034,98,0,0,3,2,1,0,1,0,0.0604,0.21586,-83.063
3035,304,1,1,10,8,3,1,1,0,0.0604,0.20763,-350.526
3036,179,0,0,0,0,1,0,1,0,0.0603,0.11589,-139.821
3037,102,0,0,0,0,1,0,1,0,0.0602,0.17488,-80.046
3038,87,1,1,2,2,4,0,1,0,0.0602,0.3893,-96.76
3039,400,1,1,3,8,8,0,0,1,0.0601,0.2368,-350.261
3040,400,10,5,4,7,4,0,0,1,0.0601,0.23964,-328.095
3041,111,2,2,8,4,2,1,1,0,0.06,0.41745,-130.794
3042,308,0,0,3,3,4,1,1,0,0.0599,0.1505,-263.198
3043,138,0,0,2,1,1,0,1,0,0.0599,0.16986,-107.279
3044,110,0,0,5,1,2,1,1,0,0.0598,0.25664,-114.603
3045,160,0,0,0,1,0,0,1,0,0.0597,0.11243,-130.06
3046,314,1,1,13,10,5,0,1,0,0.0597,0.28035,-306.924
3047,90,0,0,3,2,3,0,1,0,0.0596,0.31549,-89.882
3048,234,0,0,0,0,1,0,1,0,0.0596,0.07136,-142.361
3049,400,1,1,6,2,0,0,0,1,0.0595,0.10043,-229.407
3050,266,3,3,2,5,2,0,1,0,0.0594,0.22147,-200.24
3051,387,1,1,0,1,6,0,1,0,0.0594,0.17919,-249.322
3052,400,1,1,8,10,6,0,0,1,0.0593,0.28814,-344.645
3053,193,0,0,23,6,5,0,1,0,0.0592,0.29044,-190.043
3054,244,3,3,13,4,3,0,1,0,0.0592,0.49872,-349.037
3055,212,1,1,0,1,4,0,1,0,0.0591,0.46139,-268.186
3056,400,6,1,7,11,3,0,0,1,0.0591,0.23318,-449.744
3057,364,1,1,7,5,3,1,1,0,0.059,0.32097,-575.386
3058,177,1,1,0,1,3,0,1,0,0.0589,0.1762,-241.239
3059,400,1,1,1,4,1,0,0,1,0.0589,0.17549,-388.507
3060,304,1,1,4,3,3,0,1,0,0.0588,0.18955,-247.818
3061,316,0,0,4,3,6,0,1,0,0.0587,0.1725,-334.144
3062,400,1,1,9,2,4,0,0,1,0.0587,0.1259,-292.787
3063,400,5,0,7,7,2,0,0,1,0.0586,0.16069,-319.286
3064,306,0,0,0,2,3,0,1,0,0.0586,0.10586,-240.86
3065,106,1,1,4,2,1,1,1,0,0.0585,0.26001,-102.206
3066,173,0,0,0,0,3,0,1,0,0.0584,0.12288,-126.785
3067,400,2,2,4,7,3,0,0,1,0.0584,0.18674,-292.915
3068,217,1,1,0,0,1,0,1,0,0.0583,0.11824,-118.155
3069,172,0,0,0,1,0,0,1,0,0.0582,0.08738,-100.678
3070,99,0,0,0,0,7,0,1,0,0.0582,0.26314,-63.692
3071,100,1,1,0,0,4,0,1,0,0.0581,0.2288,-59.829
3072,295,0,0,2,2,3,0,1,0,0.0581,0.16016,-149.927
3073,276,0,0,0,1,2,0,1,0,0.058,0.08974,-105.789
3074,337,1,1,6,5,4,1,1,0,0.0579,0.15773,-175.443
3075,82,0,0,0,0,1,0,1,0,0.0579,0.15159,-30.26
3076,295,0,0,0,0,0,0,1,0,0.0578,0.05022,-114.498
3077,263,0,0,3,2,3,0,1,0,0.0577,0.17452,-124.15
3078,400,0,0,5,5,4,0,0,1,0.0577,0.18101,-235.502
3079,104,0,0,0,1,1,0,1,0,0.0576,0.23027,-61.674
3080,311,1,1,3,1,5,0,1,0,0.0576,0.1485,-151.664
3081,206,0,0,1,1,3,0,1,0,0.0575,0.17829,-98.676
3082,181,0,0,2,1,3,1,1,0,0.0574,0.10844,-87.284
3083,400,0,0,13,5,1,0,0,1,0.0574,0.14162,-219.479
3084,142,0,0,0,0,0,0,1,0,0.0573,0.0974,-52.938
3085,265,0,0,0,0,0,0,1,0,0.0572,0.04645,-75.502
3086,83,0,0,2,1,2,1,1,0,0.0572,0.24564,-66.956
3087,400,1,1,0,1,3,0,0,1,0.0571,0.1264,-197.696
3088,285,0,0,0,0,3,0,1,0,0.0571,0.0668,-83.096
3089,279,0,0,0,0,3,0,1,0,0.057,0.05974,-70.344
3090,212,0,0,0,0,0,0,1,0,0.0569,0.0517,-45.83
3091,400,0,0,0,0,3,0,0,1,0.0569,0.04168,-98.283
3092,151,0,0,0,1,1,0,1,0,0.0568,0.08048,-57.939
3093,400,7,2,9,22,4,0,0,1,0.0567,0.37853,-406.526
3094,83,0,0,0,1,1,0,1,0,0.0567,0.14516,-25.722
3095,381,2,2,7,5,3,0,1,0,0.0566,0.12797,-180.506
3096,300,2,2,1,3,3,0,1,0,0.0566,0.15996,-96.965
3097,197,1,1,0,0,4,0,1,0,0.0565,0.28178,-103.657
3098,197,0,0,0,0,5,0,1,0,0.0564,0.15024,-67.236
3099,324,2,2,9,8,5,0,1,0,0.0564,0.21427,-207.896
3100,131,0,0,0,0,2,0,1,0,0.0563,0.15505,-60.422
3101,365,0,0,4,7,10,1,1,0,0.0562,0.227,-229.292
3102,333,3,3,12,10,5,1,1,0,0.0562,0.31239,-256.591
3103,400,0,0,0,1,3,0,0,1,0.0561,0.07403,-157.747
3104,324,1,1,0,2,4,0,1,0,0.0561,0.11995,-139.581
3105,236,0,0,0,1,0,1,1,0,0.056,0.15798,-104.935
3106,74,0,0,0,0,0,0,1,0,0.0559,0.13502,-26.359
3107,279,1,1,4,5,6,0,1,0,0.0559,0.2154,-164.476
3108,362,0,0,0,6,4,0,1,0,0.0558,0.22304,-219.334
3109,351,1,1,3,1,3,0,1,0,0.0557,0.08012,-114.809
3110,400,3,3,0,1,2,0,0,1,0.0557,0.09504,-149.328
3111,283,2,2,11,8,2,0,1,0,0.0556,0.26872,-197.501
3112,244,1,1,3,7,6,0,1,0,0.0556,0.3662,-209.187
3113,110,0,0,0,1,1,0,1,0,0.0555,0.2222,-55.779
3114,258,2,2,7,4,1,0,1,0,0.0554,0.15338,-123.927
3115,254,0,0,0,0,1,0,1,0,0.0554,0.06011,-76.214
3116,343,0,0,0,0,1,0,1,0,0.0553,0.05599,-84.556
3117,217,0,0,0,1,2,0,1,0,0.0552,0.10017,-59.688
3118,397,2,2,15,10,8,0,1,0,0.0552,0.19985,-224.229
3119,400,0,0,6,7,7,0,0,1,0.0551,0.16498,-182.823
3120,400,2,2,1,1,3,0,0,1,0.0551,0.1155,-155.991
3121,294,2,2,7,4,2,1,1,0,0.055,0.23279,-181.214
3122,361,4,4,4,2,3,0,1,0,0.0549,0.126,-158.831
3123,249,3,3,0,2,7,1,1,0,0.0549,0.19987,-110.066
3124,400,0,0,0,0,1,0,0,1,0.0548,0.08714,-169.69
3125,400,2,2,5,7,5,0,0,1,0.0547,0.20649,-215.856
3126,147,1,1,0,0,2,0,1,0,0.0547,0.11917,-56.352
3127,67,0,0,0,0,3,0,1,0,0.0546,0.16608,-25.541
3128,257,2,2,11,4,3,0,1,0,0.0546,0.17175,-115.361
3129,116,0,0,3,1,2,0,1,0,0.0545,0.22637,-71.646
3130,289,2,2,0,2,4,0,1,0,0.0544,0.14577,-122.87
3131,260,1,1,0,0,4,0,1,0,0.0544,0.08672,-69.753
3132,156,0,0,0,1,2,0,1,0,0.0543,0.17501,-70.604
3133,124,1,1,5,3,4,0,1,0,0.0542,0.2711,-74.73
3134,218,0,0,1,4,4,1,1,0,0.0542,0.22983,-123.049
3135,202,0,0,0,1,2,0,1,0,0.0541,0.06612,-44.633
3136,315,0,0,0,0,1,0,1,0,0.0541,0.03454,-50.524
3137,346,1,1,0,1,6,0,1,0,0.054,0.10855,-81.503
3138,400,0,0,1,2,0,0,0,1,0.0539,0.08123,-109.579
3139,400,0,0,0,0,1,0,0,1,0.0539,0.03743,-77.906
3140,207,0,0,0,1,0,0,1,0,0.0538,0.13601,-47.507
3141,400,0,0,9,9,5,0,0,1,0.0537,0.21485,-202.443
3142,239,1,1,3,3,4,0,1,0,0.0537,0.17732,-120.314
3143,94,0,0,0,0,0,0,1,0,0.0536,0.07598,-19.752
3144,275,0,0,0,0,1,0,1,0,0.0536,0.06946,-68.598
3145,289,0,0,6,2,1,1,1,0,0.0535,0.09163,-76.48
3146,276,2,2,0,1,2,0,1,0,0.0534,0.14524,-75.848
3147,264,1,1,0,0,2,0,1,0,0.0534,0.08361,-46.454
3148,295,1,1,0,1,2,1,1,0,0.0533,0.11089,-97.718
3149,400,4,4,11,21,6,0,0,1,0.0532,0.39248,-376.704
3150,230,0,0,0,0,1,0,1,0,0.0532,0.08893,-61.097
3151,400,2,2,3,1,4,0,0,1,0.0531,0.16441,-206.423
3152,400,3,3,4,2,0,0,0,1,0.0531,0.11759,-122.003
3153,400,1,1,6,3,1,0,0,1,0.053,0.1144,-172.817
3154,61,2,2,0,0,1,0,1,0,0.0529,0.3317,-17.042
3155,400,1,1,0,3,1,0,0,1,0.0529,0.10223,-152.519
3156,243,1,1,12,3,5,1,1,0,0.0528,0.14454,-136.693
3157,400,8,3,24,18,4,0,0,1,0.0527,0.26887,-317.1
3158,135,0,0,0,1,0,0,1,0,0.0527,0.15827,-42.286
3159,400,8,3,2,13,6,0,0,1,0.0526,0.27589,-302.499
3160,349,2,2,5,12,7,0,1,0,0.0526,0.30186,-269.252
3161,400,3,3,8,7,2,0,0,1,0.0525,0.16945,-271.634
3162,304,2,2,4,1,2,1,1,0,0.0524,0.11217,-113.403
3163,400,5,0,6,4,0,0,0,1,0.0524,0.09448,-173.229
3164,373,4,4,3,6,5,0,1,0,0.0523,0.2673,-218.714
3165,152,0,0,2,1,1,1,1,0,0.0522,0.1337,-61.62
3166,400,0,0,0,0,4,0,0,1,0.0522,0.10827,-135.146
3167,272,2,2,17,5,7,0,1,0,0.0521,0.22573,-154.927
3168,300,3,3,4,7,2,0,1,0,0.0521,0.26383,-204.172
3169,400,0,0,1,9,1,0,0,1,0.052,0.23073,-307.107
3170,381,1,1,5,8,10,0,1,0,0.0519,0.25386,-261.518
3171,114,1,1,0,1,2,0,1,0,0.0519,0.17218,-49.329
3172,126,1,1,0,2,5,0,1,0,0.0518,0.22876,-58.013
3173,400,2,2,5,2,0,0,0,1,0.0517,0.0958,-241.734
3174,326,1,1,0,0,2,0,1,0,0.0517,0.0639,-109.739
3175,214,2,2,3,3,2,1,1,0,0.0516,0.20598,-105.428
3176,400,3,3,1,1,1,0,0,1,0.0516,0.0789,-154.049
3177,312,0,0,0,0,2,0,1,0,0.0515,0.07045,-83.796
3178,121,0,0,0,1,5,0,1,0,0.0514,0.14245,-49.619
3179,244,2,2,2,2,3,0,1,0,0.0514,0.1694,-112.854
3180,220,0,0,0,1,1,0,1,0,0.0513,0.06882,-52.584
3181,371,2,2,6,3,4,0,1,0,0.0512,0.20416,-149.535
3182,234,3,3,8,4,4,1,1,0,0.0512,0.18304,-119.911
3183,400,0,0,0,4,4,0,0,1,0.0511,0.15653,-179.002
3184,263,0,0,1,3,3,1,1,0,0.0511,0.20024,-160.488
3185,400,9,4,18,13,8,0,0,1,0.051,0.42741,-342.502
3186,400,1,1,0,1,3,0,0,1,0.0509,0.11877,-141.588
3187,212,0,0,0,0,2,0,1,0,0.0509,0.08025,-60.036
3188,400,3,3,17,7,5,0,0,1,0.0508,0.18476,-223.709
3189,298,1,1,0,0,1,0,1,0,0.0507,0.08343,-89.643
3190,246,0,0,2,2,1,0,1,0,0.0507,0.10589,-89.362
3191,400,0,0,1,3,2,0,0,1,0.0506,0.09906,-188.276
3192,189,2,2,5,1,4,1,1,0,0.0506,0.16109,-76.804
3193,280,3,3,13,4,3,1,1,0,0.0505,0.25063,-139.88
3194,196,0,0,0,0,1,0,1,0,0.0504,0.08432,-71.838
3195,226,1,1,3,1,1,0,1,0,0.0504,0.16211,-81.366
3196,271,0,0,5,3,3,1,1,0,0.0503,0.16295,-151.473
3197,243,0,0,0,1,3,0,1,0,0.0502,0.0908,-86.271
3198,266,1,1,9,6,5,0,1,0,0.0502,0.26297,-186.441
3199,68,0,0,0,0,1,0,1,0,0.0501,0.13685,-29.719
3200,332,5,5,13,5,6,1,1,0,0.0501,0.24779,-207.508
3201,367,3,3,13,6,3,0,1,0,0.05,0.23461,-219.094
3202,223,1,1,2,1,3,1,1,0,0.05,0.1638,-145.138
3203,259,0,0,5,2,2,0,1,0,0.05,0.14253,-149.007
3204,203,2,2,10,2,3,0,1,0,0.05,0.2256,-110.899
3205,101,1,1,0,0,3,0,1,0,0.05,0.20521,-50.179
3206,400,3,3,4,3,2,0,0,1,0.05,0.11993,-186.132
3207,171,0,0,1,2,2,0,1,0,0.05,0.09713,-65.442
3208,76,0,0,0,0,4,0,1,0,0.05,0.18794,-38.687
3209,312,4,4,18,7,6,0,1,0,0.05,0.2467,-184.286
3210,238,0,0,2,2,5,0,1,0,0.05,0.18836,-123.252
3211,205,0,0,0,1,1,0,1,0,0.05,0.06863,-86.559
3212,251,4,4,12,7,7,1,1,0,0.05,0.34175,-194.961
3213,111,2,2,1,2,4,0,1,0,0.05,0.34882,-83.105
3214,234,0,0,0,0,1,0,1,0,0.05,0.07885,-105.195
3215,272,1,1,7,5,0,1,1,0,0.05,0.19169,-181.403
3216,400,6,1,16,7,0,0,0,1,0.05,0.16644,-237.049
3217,228,0,0,0,0,1,0,1,0,0.05,0.09344,-89.696
3218,251,0,0,0,0,0,0,1,0,0.05,0.053,-99.06
3219,287,3,3,6,2,8,0,1,0,0.05,0.21754,-124.359
3220,299,1,1,5,3,0,0,1,0,0.05,0.1497,-151.241
3221,286,0,0,4,2,3,1,1,0,0.05,0.10679,-125.207
3222,304,1,1,6,5,4,0,1,0,0.05,0.24032,-175.639
3223,280,0,0,0,1,1,0,1,0,0.05,0.06447,-97.228
3224,400,1,1,5,6,2,0,0,1,0.05,0.22103,-219.386
3225,58,0,0,0,0,2,0,1,0,0.05,0.14072,-23.091
3226,400,2,2,7,3,2,0,0,1,0.05,0.10648,-167.01
3227,370,0,0,13,6,9,1,1,0,0.05,0.27844,-251.27
3228,316,0,0,0,0,3,0,1,0,0.05,0.0885,-115.135
3229,301,0,0,0,0,1,0,1,0,0.05,0.04075,-85.32
3230,210,4,4,6,4,3,0,1,0,0.05,0.32059,-84.808
3231,289,2,2,7,3,7,0,1,0,0.05,0.19808,-189.447
3232,155,6,1,5,4,1,1,1,0,0.05,0.36586,-104.656
3233,400,7,2,0,2,2,0,0,1,0.05,0.11363,-170.538
3234,384,0,0,1,3,1,0,1,0,0.05,0.11996,-177.465
3235,400,5,0,0,1,1,0,0,1,0.05,0.09691,-157.325
3236,210,0,0,0,1,3,0,1,0,0.05,0.07612,-74.733
3237,400,7,2,7,4,0,0,0,1,0.05,0.15711,-162.779
3238,400,0,0,0,2,3,0,0,1,0.05,0.10328,-156.215
3239,107,1,1,0,0,3,0,1,0,0.05,0.23803,-46.873
3240,400,5,0,9,4,0,0,0,1,0.05,0.11014,-156.385
3241,386,1,1,13,12,4,1,1,0,0.05,0.26608,-262.72
3242,248,0,0,6,3,1,1,1,0,0.05,0.11146,-110.775
3243,317,2,2,0,1,4,0,1,0,0.05,0.12839,-96.612
3244,400,1,1,6,2,5,0,0,1,0.05,0.08003,-130.283
3245,353,1,1,6,4,3,0,1,0,0.05,0.12127,-134.962
3246,288,1,1,0,3,2,0,1,0,0.05,0.11667,-97.251
3247,400,0,0,0,0,0,0,0,1,0.05,0.04593,-88.717
3248,371,0,0,0,1,10,0,1,0,0.05,0.11793,-104.157
3249,228,0,0,0,0,3,0,1,0,0.05,0.08093,-46.94
3250,121,0,0,0,0,0,0,1,0,0.05,0.07252,-28.461
3251,314,0,0,0,2,2,0,1,0,0.05,0.06405,-71.874
3252,70,0,0,0,0,1,0,1,0,0.05,0.31824,-22.431
3253,98,1,1,0,0,3,0,1,0,0.05,0.2196,-32.165
3254,274,1,1,2,1,4,1,1,0,0.05,0.17131,-106.903
3255,400,1,1,0,1,4,0,0,1,0.05,0.10244,-166.288
3256,290,0,0,0,1,1,1,1,0,0.05,0.13376,-126.701
3257,383,0,0,0,0,6,0,1,0,0.05,0.07042,-88.564
3258,400,3,3,0,0,0,0,0,1,0.05,0.08633,-99.961
3259,259,2,2,3,2,2,0,1,0,0.05,0.15616,-86.038
3260,289,0,0,3,2,2,0,1,0,0.05,0.16305,-114.801
3261,400,5,5,8,4,2,0,0,1,0.05,0.13914,-142.201
3262,367,4,4,11,10,8,0,1,0,0.05,0.34197,-237.043
3263,400,2,2,11,10,4,0,0,1,0.05,0.26209,-187.941
3264,400,3,3,15,7,2,0,0,1,0.05,0.19354,-195.892
3265,261,2,2,2,2,5,0,1,0,0.05,0.12292,-98.45
3266,385,1,1,0,1,4,0,1,0,0.05,0.18189,-154.226
3267,400,8,3,15,10,2,0,0,1,0.05,0.28058,-209.805
3268,371,1,1,7,4,1,0,1,0,0.05,0.13013,-162.35
3269,400,0,0,0,0,0,0,0,1,0.05,0.02355,-113.123
3270,101,0,0,0,1,1,0,1,0,0.05,0.13712,-37.135
3271,310,1,1,0,2,1,0,1,0,0.05,0.09686,-103.459
3272,321,0,0,0,0,6,0,1,0,0.05,0.0761,-91.152
3273,318,1,1,1,1,3,0,1,0,0.05,0.15322,-104.855
3274,302,2,2,0,0,4,0,1,0,0.05,0.11104,-85.853
3275,345,3,3,5,4,2,0,1,0,0.05,0.15519,-131.056
3276,277,0,0,0,0,1,0,1,0,0.05,0.0681,-94.182
3277,178,3,3,17,6,3,1,1,0,0.05,0.33519,-129.634
3278,400,2,2,0,1,1,0,0,1,0.05,0.07094,-130.818
3279,304,1,1,0,0,5,0,1,0,0.05,0.11058,-89.335
3280,400,7,2,4,3,0,0,0,1,0.05,0.15016,-139.648
3281,393,2,2,1,2,7,1,1,0,0.05,0.18583,-153.16
3282,268,0,0,4,4,3,0,1,0,0.05,0.20248,-125.297
3283,400,6,6,15,11,2,0,0,1,0.05,0.26398,-200.192
3284,162,0,0,0,0,3,0,1,0,0.05,0.10798,-51.483
3285,193,4,4,10,2,7,0,1,0,0.05,0.26403,-87.192
3286,150,0,0,0,0,2,0,1,0,0.05,0.06426,-41.229
3287,320,0,0,1,5,4,0,1,0,0.05,0.23034,-159.082
3288,372,3,3,16,7,7,0,1,0,0.05,0.2483,-181.0
3289,150,5,0,8,2,3,1,1,0,0.05,0.22324,-93.842
3290,372,0,0,0,0,1,0,1,0,0.05,0.06265,-103.343
3291,337,0,0,10,4,2,1,1,0,0.05,0.17849,-154.262
3292,342,3,3,13,6,3,1,1,0,0.05,0.17027,-182.52
3293,199,0,0,0,1,0,0,1,0,0.05,0.1084,-70.082
3294,207,1,1,5,3,5,1,1,0,0.05,0.22203,-105.905
3295,233,0,0,0,0,1,0,1,0,0.05,0.08828,-67.087
3296,180,0,0,0,0,3,0,1,0,0.05,0.08816,-60.065
3297,400,0,0,3,3,5,0,0,1,0.05,0.11152,-142.953
3298,400,2,2,8,9,4,0,0,1,0.05,0.22693,-216.188
3299,400,1,1,2,8,5,0,0,1,0.05,0.24701,-236.033
3300,307,2,2,5,1,1,0,1,0,0.05,0.1608,-122.558
3301,400,0,0,3,2,2,0,0,1,0.05,0.10168,-136.147
3302,400,0,0,0,0,2,0,0,1,0.05,0.05518,-131.438
3303,216,0,0,0,1,4,0,1,0,0.05,0.06811,-72.817
3304,155,2,2,0,1,0,0,1,0,0.05,0.11395,-48.442
3305,386,0,0,2,1,7,0,1,0,0.05,0.10059,-115.958
3306,400,1,1,0,1,5,0,0,1,0.05,0.07693,-116.764
3307,400,2,2,0,3,1,0,0,1,0.05,0.13589,-158.817
3308,217,3,3,1,2,3,1,1,0,0.05,0.16507,-99.456
3309,400,6,1,2,2,2,0,0,1,0.05,0.12088,-133.605
3310,265,1,1,0,1,6,0,1,0,0.05,0.09404,-63.086
3311,247,1,1,0,1,3,0,1,0,0.05,0.12939,-99.581
3312,270,1,1,0,1,3,1,1,0,0.05,0.1445,-104.971
3313,214,0,0,0,0,3,0,1,0,0.05,0.05275,-63.872
3314,400,6,1,0,2,2,0,0,1,0.05,0.13553,-124.589
3315,400,2,2,0,0,0,0,0,1,0.05,0.06252,-103.983
3316,352,5,5,21,7,4,0,1,0,0.05,0.22839,-154.886
3317,302,1,1,0,1,4,0,1,0,0.05,0.09379,-94.877
3318,341,1,1,8,3,5,0,1,0,0.05,0.12252,-116.351
3319,400,3,3,0,0,5,0,0,1,0.05,0.06149,-95.329
3320,400,7,7,25,11,4,0,0,1,0.05,0.30027,-208.097
3321,373,4,4,17,9,8,1,1,0,0.05,0.28425,-236.693
3322,400,1,1,3,1,1,0,0,1,0.05,0.06285,-110.257
3323,400,2,2,3,1,2,0,0,1,0.05,0.07824,-138.428
3324,400,1,1,0,0,0,0,0,1,0.05,0.08208,-100.624
3325,198,1,1,2,4,3,1,1,0,0.05,0.29948,-126.119
3326,400,5,0,0,1,1,0,0,1,0.05,0.08683,-112.06
3327,400,2,2,8,2,7,0,0,1,0.05,0.11862,-119.464
3328,334,2,2,5,6,4,0,1,0,0.05,0.21074,-151.79
3329,400,0,0,2,1,3,0,0,1,0.05,0.08561,-127.797
3330,400,0,0,1,4,1,0,0,1,0.05,0.10094,-143.712
3331,303,0,0,9,6,0,0,1,0,0.05,0.14673,-124.527
3332,367,0,0,7,5,2,1,1,0,0.05,0.14833,-156.335
3333,161,1,1,6,1,5,1,1,0,0.05,0.20463,-68.938
3334,199,1,1,4,3,2,1,1,0,0.05,0.22029,-88.818
3335,400,2,2,0,0,0,0,0,1,0.05,0.04737,-92.554
3336,336,1,1,9,4,2,0,1,0,0.05,0.18163,-134.976
3337,72,1,1,2,2,2,1,1,0,0.05,0.33826,-58.952
3338,155,0,0,0,0,2,0,1,0,0.05,0.06018,-48.051
3339,132,0,0,1,1,3,1,1,0,0.05,0.18079,-58.814
3340,301,1,1,0,0,0,0,1,0,0.05,0.0552,-78.753
3341,400,7,2,6,5,5,0,0,1,0.05,0.21122,-152.5
3342,322,2,2,0,1,7,0,1,0,0.05,0.1478,-101.617
3343,400,0,0,0,0,3,0,0,1,0.05,0.05314,-101.857
3344,400,2,2,0,0,1,0,0,1,0.05,0.06237,-89.897
3345,351,3,3,13,4,2,0,1,0,0.05,0.12986,-114.466
3346,400,7,2,5,3,2,0,0,1,0.05,0.11124,-115.075
3347,400,4,4,20,10,7,0,0,1,0.05,0.19778,-183.21
3348,289,0,0,0,1,0,0,1,0,0.05,0.06036,-64.919
3349,267,4,4,3,3,8,1,1,0,0.05,0.27441,-116.723
3350,218,0,0,0,0,0,0,1,0,0.05,0.04948,-64.868
3351,400,2,2,3,1,8,0,0,1,0.05,0.08834,-122.943
3352,400,2,2,0,2,5,0,0,1,0.05,0.13773,-124.378
3353,400,1,1,1,2,3,0,0,1,0.05,0.14364,-114.863
3354,289,2,2,2,2,4,0,1,0,0.05,0.13397,-80.3
3355,400,1,1,4,4,1,0,0,1,0.05,0.13542,-117.489
3356,312,1,1,0,0,4,0,1,0,0.05,0.06332,-86.088
3357,378,3,3,20,9,3,0,1,0,0.05,0.23839,-179.048
3358,372,1,1,4,2,0,0,1,0,0.05,0.13769,-120.309
3359,400,1,1,0,1,7,0,0,1,0.05,0.16183,-121.78
3360,157,4,4,11,3,2,0,1,0,0.05,0.33029,-61.412
3361,213,0,0,4,2,3,0,1,0,0.05,0.12731,-78.814
3362,112,1,1,6,2,0,0,1,0,0.05,0.20912,-50.21
3363,262,0,0,0,0,1,0,1,0,0.05,0.04294,-68.022
3364,165,0,0,0,0,1,0,1,0,0.05,0.05676,-44.119
3365,400,1,1,3,5,5,0,0,1,0.05,0.18304,-154.713
3366,400,0,0,1,1,6,0,0,1,0.05,0.07622,-119.278
3367,369,0,0,2,2,4,0,1,0,0.05,0.09795,-111.612
3368,316,1,1,0,0,2,0,1,0,0.05,0.05779,-68.273
3369,399,0,0,2,1,6,0,1,0,0.05,0.14922,-138.679
3370,392,2,2,8,3,1,0,1,0,0.05,0.11293,-120.533
3371,304,1,1,2,1,4,0,1,0,0.05,0.1614,-109.2
3372,162,2,2,0,0,7,0,1,0,0.05,0.16371,-61.472
3373,280,3,3,3,1,5,0,1,0,0.05,0.15213,-91.47
3374,243,2,2,0,0,1,0,1,0,0.05,0.12688,-60.745
3375,400,2,2,6,3,1,0,0,1,0.05,0.09717,-125.008
3376,400,1,1,4,3,1,0,0,1,0.05,0.14032,-142.641
3377,251,3,3,0,1,2,0,1,0,0.05,0.14743,-91.935
3378,400,0,0,0,0,2,0,0,1,0.05,0.05419,-107.52
3379,300,0,0,4,1,3,0,1,0,0.05,0.10391,-105.761
3380,400,1,1,0,0,0,0,0,1,0.05,0.07733,-105.63
3381,400,2,2,6,2,3,0,0,1,0.05,0.09594,-108.759
3382,400,1,1,4,3,0,0,0,1,0.05,0.07671,-124.952
3383,255,1,1,0,3,5,1,1,0,0.05,0.2206,-92.584
3384,244,2,2,2,2,1,0,1,0,0.05,0.10573,-64.893
3385,400,4,4,2,1,4,0,0,1,0.05,0.11446,-90.474
3386,233,0,0,0,0,4,0,1,0,0.05,0.05782,-56.024
3387,400,0,0,0,1,1,0,0,1,0.05,0.08463,-103.247
3388,334,0,0,0,0,4,0,1,0,0.05,0.09018,-93.362
3389,328,2,2,8,4,5,0,1,0,0.05,0.15475,-128.969
3390,400,5,5,0,0,6,0,0,1,0.05,0.11075,-87.616
3391,400,4,4,12,4,2,0,0,1,0.05,0.15453,-118.253
3392,400,1,1,4,1,3,0,0,1,0.05,0.07884,-93.074
3393,359,0,0,0,0,3,0,1,0,0.05,0.0843,-92.775
3394,400,0,0,0,0,1,0,0,1,0.05,0.05591,-84.215
3395,188,1,1,1,1,3,1,1,0,0.05,0.15971,-81.39
3396,400,1,1,1,1,3,0,0,1,0.05,0.08356,-107.034
3397,400,0,0,6,5,6,0,0,1,0.05,0.17699,-111.998
3398,302,4,4,5,1,3,0,1,0,0.05,0.11314,-61.859
3399,281,2,2,0,2,6,1,1,0,0.05,0.1757,-75.254
3400,174,1,1,4,2,2,0,1,0,0.05,0.11621,-53.891
3401,198,0,0,0,0,4,0,1,0,0.05,0.08693,-56.072
3402,373,1,1,0,0,2,0,1,0,0.05,0.07688,-93.843
3403,400,3,3,3,1,3,0,0,1,0.05,0.09884,-85.091
3404,400,1,1,0,1,3,0,0,1,0.05,0.09298,-93.653
3405,240,2,2,0,0,4,0,1,0,0.05,0.14866,-55.508
3406,400,0,0,2,1,2,0,0,1,0.05,0.11494,-85.429
3407,312,0,0,0,0,4,0,1,0,0.05,0.05477,-54.316
3408,400,1,1,5,2,6,0,0,1,0.05,0.18543,-114.923
3409,400,1,1,2,1,4,0,0,1,0.05,0.12119,-87.372
3410,400,1,1,3,1,3,0,0,1,0.05,0.13385,-103.468
3411,313,1,1,0,0,7,0,1,0,0.05,0.12074,-84.684
3412,90,0,0,0,1,3,1,1,0,0.05,0.24698,-42.596
3413,175,1,1,5,1,1,1,1,0,0.05,0.11444,-69.631
3414,298,0,0,0,2,8,0,1,0,0.05,0.17755,-84.314
3415,400,1,1,5,3,5,0,0,1,0.05,0.12939,-122.512
3416,400,2,2,0,0,1,0,0,1,0.05,0.06958,-109.822
3417,400,1,1,0,0,4,0,0,1,0.05,0.10451,-87.713
3418,223,2,2,3,2,4,0,1,0,0.05,0.16138,-60.672
3419,320,0,0,0,0,2,0,1,0,0.05,0.04505,-74.064
3420,400,1,1,6,5,4,0,0,1,0.05,0.16027,-134.032
3421,400,0,0,0,0,1,0,0,1,0.05,0.03857,-86.546
3422,400,3,3,0,0,2,0,0,1,0.05,0.06454,-58.796
3423,400,0,0,1,1,7,0,0,1,0.05,0.11077,-84.257
3424,400,0,0,0,0,5,0,0,1,0.05,0.06308,-78.501
3425,260,0,0,0,0,3,0,1,0,0.05,0.09801,-47.17
3426,400,1,1,2,1,7,0,0,1,0.05,0.07024,-67.334
3427,289,0,0,0,1,3,0,1,0,0.05,0.07964,-64.653
3428,400,1,1,3,1,1,0,0,1,0.05,0.0994,-65.22
3429,400,0,0,0,0,1,0,0,1,0.05,0.06387,-56.076
3430,400,1,1,10,5,3,0,0,1,0.05,0.14577,-104.795
3431,198,2,2,6,3,1,0,1,0,0.05,0.19977,-60.093
3432,400,0,0,0,0,2,0,0,1,0.05,0.09044,-66.591
3433,400,1,1,5,2,5,0,0,1,0.05,0.1156,-114.232
3434,304,0,0,0,1,1,0,1,0,0.05,0.0526,-68.105
3435,400,4,4,7,2,3,0,0,1,0.05,0.13498,-69.73
3436,400,2,2,0,1,4,0,0,1,0.05,0.11068,-62.317
3437,400,3,3,1,2,4,0,0,1,0.05,0.14625,-58.641
3438,400,2,2,0,0,0,0,0,1,0.05,0.04334,-69.973
3439,248,2,2,7,3,1,0,1,0,0.05,0.13738,-76.477
3440,264,0,0,0,0,6,0,1,0,0.05,0.10378,-55.335
3441,400,0,0,2,1,5,0,0,1,0.05,0.08867,-82.945
3442,400,0,0,3,2,3,0,0,1,0.05,0.08619,-84.737
3443,334,0,0,0,0,5,0,1,0,0.05,0.09385,-65.37
3444,252,0,0,0,0,1,0,1,0,0.05,0.07827,-40.33
3445,400,0,0,0,0,6,0,0,1,0.05,0.02588,-58.799
3446,400,0,0,0,0,1,0,0,1,0.05,0.04668,-72.295
3447,400,0,0,0,0,0,0,0,1,0.05,0.04224,-75.767
3448,400,1,1,0,0,2,0,0,1,0.05,0.06054,-38.286
3449,400,0,0,0,0,1,0,0,1,0.05,0.07202,-68.663
3450,400,1,1,0,0,2,0,0,1,0.05,0.06353,-69.409
3451,238,4,4,14,4,2,0,1,0,0.05,0.29281,-77.942
3452,157,1,1,2,2,2,0,1,0,0.05,0.21395,-32.897
3453,380,4,4,4,5,10,1,1,0,0.05,0.21011,-124.282
3454,400,1,1,0,0,7,0,0,1,0.05,0.09988,-67.787
3455,400,1,1,5,1,0,0,0,1,0.05,0.10711,-80.044
3456,206,1,1,1,1,2,0,1,0,0.05,0.11307,-52.05
3457,292,0,0,5,2,1,1,1,0,0.05,0.09381,-71.121
3458,238,4,4,7,4,1,0,1,0,0.05,0.19395,-52.236
3459,400,0,0,0,0,2,0,0,1,0.05,0.09464,-71.63
3460,326,1,1,2,2,5,0,1,0,0.05,0.15033,-79.31
3461,400,4,4,7,3,3,0,0,1,0.05,0.18739,-102.552
3462,400,2,2,4,1,10,0,0,1,0.05,0.17425,-89.796
3463,400,2,2,0,0,3,0,0,1,0.05,0.07983,-66.267
3464,400,1,1,4,2,7,0,0,1,0.05,0.1384,-115.105
3465,400,1,1,2,1,8,0,0,1,0.05,0.1397,-67.088
3466,400,2,2,15,6,3,0,0,1,0.05,0.20965,-146.062
3467,400,1,1,0,0,4,0,0,1,0.05,0.07582,-100.205
3468,395,4,4,8,3,8,0,1,0,0.05,0.21552,-85.361
3469,400,0,0,0,0,0,0,0,1,0.05,0.03327,-80.028
3470,400,1,1,0,0,3,0,0,1,0.05,0.06777,-86.03
3471,400,4,4,5,2,8,0,0,1,0.05,0.15678,-96.648
3472,264,0,0,0,0,5,0,1,0,0.05,0.07817,-56.666
3473,241,0,0,0,0,5,0,1,0,0.05,0.14244,-40.556
3474,400,1,1,0,0,3,0,0,1,0.05,0.07578,-90.637
3475,400,2,2,6,1,5,0,0,1,0.05,0.13759,-89.556
3476,143,1,1,5,2,3,0,1,0,0.05,0.26611,-47.981
3477,155,1,1,4,1,3,1,1,0,0.05,0.19233,-65.828
3478,185,0,0,0,1,1,1,1,0,0.05,0.10629,-63.251
3479,228,0,0,0,0,0,0,1,0,0.05,0.04612,-51.013
3480,236,3,3,6,2,3,1,1,0,0.05,0.12513,-78.687
3481,312,0,0,0,0,2,0,1,0,0.05,0.0373,-60.88
3482,400,1,1,0,2,3,0,0,1,0.05,0.1298,-103.643
3483,400,2,2,3,1,4,0,0,1,0.05,0.058,-94.868
3484,118,1,1,0,0,3,0,1,0,0.05,0.20094,-30.204
3485,345,0,0,2,1,5,0,1,0,0.05,0.1004,-92.719
3486,400,2,2,7,3,8,0,0,1,0.05,0.1886,-117.176
3487,400,3,3,10,3,3,0,0,1,0.05,0.12043,-94.32
3488,270,1,1,2,1,7,0,1,0,0.05,0.16633,-88.654
3489,400,5,0,5,1,1,0,0,1,0.05,0.0669,-94.677
3490,225,0,0,0,1,2,1,1,0,0.05,0.12291,-52.888
3491,400,1,1,2,1,3,0,0,1,0.05,0.09423,-50.746
3492,220,0,0,1,1,3,1,1,0,0.05,0.13659,-70.098
3493,400,0,0,0,0,3,0,0,1,0.05,0.08388,-84.401
3494,312,2,2,0,1,9,0,1,0,0.05,0.09796,-61.197
3495,196,0,0,0,0,2,0,1,0,0.05,0.08006,-39.022
3496,400,5,5,18,5,4,0,0,1,0.05,0.18208,-102.292
3497,400,1,1,0,0,3,0,0,1,0.05,0.10788,-56.412
3498,400,2,2,0,0,1,0,0,1,0.05,0.06039,-34.531
3499,360,0,0,4,1,8,0,1,0,0.05,0.10961,-108.901
3500,400,0,0,0,0,1,0,0,1,0.05,0.05621,-85.505
3501,400,1,1,8,3,0,0,0,1,0.05,0.08642,-55.733
3502,195,1,1,0,0,4,0,1,0,0.05,0.11877,-47.509
3503,400,1,1,2,3,11,0,0,1,0.05,0.18291,-96.212
3504,326,4,4,13,3,4,0,1,0,0.05,0.1923,-69.489
3505,311,0,0,0,1,1,0,1,0,0.05,0.06166,-73.987
3506,381,3,3,2,1,4,1,1,0,0.05,0.11899,-114.16
3507,400,3,3,0,0,3,0,0,1,0.05,0.05082,-85.271
3508,212,2,2,5,1,2,1,1,0,0.05,0.15042,-56.946
3509,400,2,2,0,0,11,0,0,1,0.05,0.13486,-61.986
3510,400,2,2,0,0,0,0,0,1,0.05,0.07671,-83.005
3511,400,1,1,0,0,0,0,0,1,0.05,0.04694,-79.284
3512,358,0,0,0,1,3,0,1,0,0.05,0.07744,-76.027
3513,400,2,2,0,0,4,0,0,1,0.05,0.07538,-59.188
3514,221,1,1,4,1,3,0,1,0,0.05,0.10525,-48.878
3515,350,2,2,0,1,5,0,1,0,0.05,0.09761,-62.528
3516,259,0,0,0,0,1,0,1,0,0.05,0.10334,-46.268
3517,400,1,1,4,1,4,0,0,1,0.05,0.07677,-64.433
3518,315,0,0,5,2,1,1,1,0,0.05,0.10507,-79.165
3519,389,2,2,6,3,3,1,1,0,0.05,0.15773,-96.79
3520,400,0,0,6,3,3,0,0,1,0.05,0.10894,-98.468
3521,370,0,0,0,1,10,0,1,0,0.05,0.15213,-82.847
3522,94,2,2,2,2,1,0,1,0,0.05,0.26435,-48.097
3523,400,1,1,0,1,7,0,0,1,0.05,0.10041,-76.952
3524,298,1,1,3,1,3,0,1,0,0.05,0.16857,-67.324
3525,400,0,0,1,1,4,0,0,1,0.05,0.09588,-98.896
3526,400,2,2,0,0,6,0,0,1,0.05,0.08804,-63.896
3527,400,1,1,2,1,2,0,0,1,0.05,0.06215,-68.769
3528,301,1,1,0,0,1,0,1,0,0.05,0.08598,-78.166
3529,322,0,0,0,1,1,0,1,0,0.05,0.06738,-64.923
3530,400,1,1,0,0,0,0,0,1,0.05,0.0622,-70.607
3531,400,0,0,2,1,5,0,0,1,0.05,0.09016,-96.543
3532,192,0,0,0,0,2,0,1,0,0.05,0.06319,-44.525
3533,400,2,2,0,0,2,0,0,1,0.05,0.0555,-51.812
3534,110,0,0,2,1,2,1,1,0,0.05,0.19856,-49.182
3535,400,3,3,3,2,8,0,0,1,0.05,0.17102,-91.811
3536,77,0,0,2,1,3,1,1,0,0.05,0.26577,-51.503
3537,400,0,0,0,0,5,0,0,1,0.05,0.05828,-84.892
3538,400,1,1,0,1,5,0,0,1,0.05,0.09764,-68.984
3539,232,1,1,0,0,5,0,1,0,0.05,0.13709,-34.778
3540,400,0,0,0,0,7,0,0,1,0.05,0.10454,-86.231
3541,400,3,3,0,0,3,0,0,1,0.05,0.04744,-24.916
3542,400,1,1,3,1,4,0,0,1,0.05,0.0997,-84.954
3543,400,2,2,2,1,3,0,0,1,0.05,0.16783,-79.051
3544,400,1,1,3,2,1,0,0,1,0.05,0.0795,-89.774
3545,116,0,0,0,1,1,0,1,0,0.05,0.10407,-32.493
3546,400,2,2,2,1,2,0,0,1,0.05,0.09098,-37.007
3547,400,2,2,4,2,3,0,0,1,0.05,0.10922,-64.011
3548,400,4,4,10,3,7,0,0,1,0.05,0.16665,-69.568
3549,363,3,3,0,0,6,0,1,0,0.05,0.13737,-64.385
3550,400,1,1,7,2,5,0,0,1,0.05,0.15195,-104.353
3551,400,3,3,5,1,0,0,0,1,0.05,0.10213,-86.991
3552,400,2,2,0,0,0,0,0,1,0.05,0.07011,-57.269
3553,400,2,2,0,0,2,0,0,1,0.05,0.06045,-44.869
3554,375,3,3,0,0,6,0,1,0,0.05,0.13166,-69.229
3555,400,4,4,7,1,3,0,0,1,0.05,0.1202,-61.808
3556,400,1,1,5,3,7,0,0,1,0.05,0.11343,-119.329
3557,400,1,1,1,1,7,0,0,1,0.05,0.14672,-96.671
3558,393,1,1,0,1,4,0,1,0,0.05,0.08666,-78.419
3559,400,1,1,0,0,1,0,0,1,0.05,0.05656,-57.006
3560,400,1,1,9,2,3,0,0,1,0.05,0.09454,-93.861
3561,400,1,1,0,1,1,0,0,1,0.05,0.08229,-55.835
3562,400,0,0,0,0,0,0,0,1,0.05,0.01539,-73.845
3563,400,0,0,0,0,0,0,0,1,0.05,0.02247,-55.523
3564,400,2,2,11,3,7,0,0,1,0.05,0.16998,-75.925
3565,117,3,3,8,1,2,1,1,0,0.05,0.27152,-25.66
3566,400,3,3,5,1,6,0,0,1,0.05,0.08027,-66.359
3567,400,1,1,0,0,9,0,0,1,0.05,0.12353,-66.047
3568,400,1,1,8,3,2,0,0,1,0.05,0.10929,-74.676
3569,400,1,1,4,3,2,0,0,1,0.05,0.12123,-96.123
3570,400,0,0,0,0,2,0,0,1,0.05,0.03108,-70.543
3571,400,2,2,5,1,8,0,0,1,0.05,0.1153,-47.733
3572,400,0,0,0,0,2,0,0,1,0.05,0.06343,-55.764
3573,400,1,1,5,3,2,0,0,1,0.05,0.11876,-39.131
3574,400,2,2,0,0,4,0,0,1,0.05,0.05609,-56.089
3575,201,1,1,0,1,2,0,1,0,0.05,0.14655,-49.407
3576,209,0,0,0,1,2,0,1,0,0.05,0.06015,-32.337
3577,400,3,3,5,3,2,0,0,1,0.05,0.19877,-64.781
3578,400,0,0,0,0,2,0,0,1,0.05,0.06937,-66.781
3579,400,0,0,0,0,3,0,0,1,0.05,0.03818,-55.422
3580,400,0,0,0,1,9,0,0,1,0.05,0.11252,-101.532
3581,400,2,2,3,1,3,0,0,1,0.05,0.08012,-77.12
3582,400,1,1,3,5,16,0,0,1,0.05,0.21847,-84.453
3583,291,3,3,4,1,3,0,1,0,0.05,0.17367,-51.625
3584,400,3,3,0,0,0,0,0,1,0.05,0.05013,-42.1
3585,297,0,0,0,0,5,0,1,0,0.05,0.08476,-67.341
3586,400,0,0,0,0,6,0,0,1,0.05,0.03394,-72.082
3587,400,1,1,6,1,3,0,0,1,0.05,0.0922,-68.256
3588,400,2,2,3,1,4,0,0,1,0.05,0.09699,-83.474
3589,400,2,2,14,3,3,0,0,1,0.05,0.09882,-79.509
3590,331,3,3,11,3,6,0,1,0,0.05,0.17042,-91.948
3591,400,0,0,1,1,3,0,0,1,0.05,0.08451,-86.704
3592,349,3,3,2,1,2,0,1,0,0.05,0.08302,-44.666
3593,400,1,1,2,1,6,0,0,1,0.05,0.06552,-59.362
3594,400,1,1,7,2,2,0,0,1,0.05,0.09938,-53.66
3595,400,1,1,6,2,1,0,0,1,0.05,0.11152,-73.946
3596,400,0,0,0,0,6,0,0,1,0.05,0.07003,-61.162
3597,400,2,2,0,0,1,0,0,1,0.05,0.06007,-47.533
3598,400,1,1,1,1,3,0,0,1,0.05,0.0743,-72.368
3599,400,1,1,5,2,8,0,0,1,0.05,0.09863,-65.414
3600,145,1,1,5,1,4,0,1,0,0.05,0.15858,-29.76
3601,230,0,0,0,0,2,0,1,0,0.05,0.12752,-33.741
3602,218,0,0,0,0,1,0,1,0,0.05,0.07395,-29.296
3603,181,2,2,13,2,0,1,1,0,0.05,0.15328,-42.723
3604,400,0,0,0,0,3,0,0,1,0.05,0.09527,-47.668
3605,400,2,2,6,3,3,0,0,1,0.05,0.12351,-82.717
3606,400,2,2,0,0,2,0,0,1,0.05,0.06518,-37.875
3607,400,3,3,9,3,9,0,0,1,0.05,0.20835,-82.933
3608,399,4,4,23,6,6,1,1,0,0.05,0.24392,-129.531
3609,303,1,1,3,1,5,1,1,0,0.05,0.07762,-72.21
3610,162,3,3,0,1,2,0,1,0,0.05,0.16635,-21.546
3611,320,1,1,2,1,4,0,1,0,0.05,0.0981,-68.187
3612,400,0,0,1,2,8,0,0,1,0.05,0.15169,-79.735
3613,400,1,1,2,1,0,0,0,1,0.05,0.06165,-53.241
3614,320,0,0,0,1,3,1,1,0,0.05,0.13649,-71.894
3615,400,1,1,0,0,2,0,0,1,0.05,0.07158,-59.763
3616,218,1,1,3,2,1,0,1,0,0.05,0.09528,-42.477
3617,400,2,2,9,2,0,0,0,1,0.05,0.06443,-79.0
3618,400,3,3,3,2,6,0,0,1,0.05,0.11114,-64.959
3619,400,2,2,0,0,0,0,0,1,0.05,0.0324,-24.355
3620,400,1,1,6,3,3,0,0,1,0.05,0.15632,-59.556
3621,229,5,5,9,2,0,0,1,0,0.05,0.14485,-37.105
3622,400,2,2,5,2,2,0,0,1,0.05,0.09651,-46.181
3623,400,0,0,0,0,1,0,0,1,0.05,0.05846,-56.669
3624,400,0,0,0,0,0,0,0,1,0.05,0.045,-57.313
3625,400,4,4,13,5,1,0,0,1,0.05,0.14293,-81.988
3626,78,0,0,0,0,1,0,1,0,0.05,0.17919,-14.887
3627,347,2,2,7,4,6,0,1,0,0.05,0.16589,-68.311
3628,400,0,0,0,0,1,0,0,1,0.05,0.10216,-45.632
3629,400,2,2,0,0,0,0,0,1,0.05,0.06246,-27.1
3630,337,0,0,3,1,3,1,1,0,0.05,0.07965,-84.071
3631,400,0,0,0,0,8,0,0,1,0.05,0.08474,-59.388
3632,158,0,0,2,1,2,1,1,0,0.05,0.10417,-46.835
3633,400,0,0,0,0,4,0,0,1,0.05,0.07817,-41.882
3634,400,2,2,3,2,4,0,0,1,0.05,0.10236,-53.143
3635,185,1,1,7,2,4,1,1,0,0.05,0.13659,-50.443
3636,239,6,6,9,2,3,1,1,0,0.05,0.13931,-40.18
3637,248,2,2,12,3,2,1,1,0,0.05,0.16205,-70.024
3638,400,4,4,11,3,7,0,0,1,0.05,0.16892,-69.087
3639,271,0,0,6,2,5,1,1,0,0.05,0.12503,-75.601
3640,400,1,1,0,0,4,0,0,1,0.05,0.05069,-68.335
3641,400,1,1,0,0,4,0,0,1,0.05,0.08039,-60.119
3642,400,0,0,0,0,2,0,0,1,0.05,0.08212,-56.023
3643,400,1,1,0,0,4,0,0,1,0.05,0.06079,-30.494
3644,300,3,3,2,1,5,1,1,0,0.05,0.09712,-62.687
3645,400,0,0,0,0,1,0,0,1,0.05,0.04128,-63.753
3646,400,0,0,7,2,1,0,0,1,0.05,0.07074,-76.977
3647,400,0,0,12,4,3,0,0,1,0.05,0.11429,-86.363
3648,400,0,0,0,0,2,0,0,1,0.05,0.03763,-40.241
3649,400,0,0,1,1,2,0,0,1,0.05,0.05841,-67.519
3650,400,0,0,4,2,2,0,0,1,0.05,0.06943,-77.688
3651,400,4,4,9,3,5,0,0,1,0.05,0.17669,-69.752
3652,345,0,0,0,0,1,0,1,0,0.05,0.04057,-48.094
3653,269,0,0,3,1,6,1,1,0,0.05,0.09035,-64.658
3654,400,0,0,0,0,1,0,0,1,0.05,0.02839,-41.497
3655,400,2,2,0,0,2,0,0,1,0.05,0.06988,-24.608
3656,382,0,0,0,0,1,0,1,0,0.05,0.04379,-46.48
3657,89,1,1,4,2,3,1,1,0,0.05,0.33356,-43.827
3658,400,0,0,2,1,4,0,0,1,0.05,0.06296,-55.556
3659,400,1,1,0,0,1,0,0,1,0.05,0.07798,-51.857
3660,400,1,1,4,2,10,0,0,1,0.05,0.11105,-65.379
3661,323,1,1,1,1,2,0,1,0,0.05,0.1365,-54.252
3662,293,0,0,0,0,3,0,1,0,0.05,0.10078,-42.707
3663,400,0,0,0,0,0,0,0,1,0.05,0.04565,-49.558
3664,400,0,0,0,0,1,0,0,1,0.05,0.03029,-42.905
3665,400,2,2,0,0,7,0,0,1,0.05,0.10922,1.462
3666,400,0,0,1,1,1,0,0,1,0.05,0.06637,-68.474
3667,400,3,3,3,1,2,0,0,1,0.05,0.09199,-30.478
3668,400,1,1,10,5,1,0,0,1,0.05,0.14354,-77.911
3669,400,1,1,4,2,3,0,0,1,0.05,0.08706,-42.649
3670,400,1,1,3,1,4,0,0,1,0.05,0.06161,-57.134
3671,400,1,1,3,1,4,0,0,1,0.05,0.10497,-47.731
3672,400,1,1,0,0,3,0,0,1,0.05,0.04853,-31.524
3673,210,4,4,7,3,2,1,1,0,0.05,0.21719,-51.805
3674,400,3,3,7,2,1,0,0,1,0.05,0.11292,-35.398
3675,180,6,6,11,3,7,0,1,0,0.05,0.27216,-27.727
3676,400,0,0,2,1,1,0,0,1,0.05,0.04669,-64.3
3677,400,1,1,2,2,1,0,0,1,0.05,0.10699,-58.501
3678,400,2,2,10,2,5,0,0,1,0.05,0.16487,-57.364
3679,175,0,0,0,1,3,0,1,0,0.05,0.19566,-44.195
3680,338,1,1,2,1,0,0,1,0,0.05,0.05595,-70.431
3681,271,1,1,3,1,6,0,1,0,0.05,0.1067,-53.18
3682,400,1,1,0,0,6,0,0,1,0.05,0.05571,-54.555
3683,400,1,1,11,3,1,0,0,1,0.05,0.09704,-61.257
3684,354,1,1,3,2,4,0,1,0,0.05,0.08629,-49.816
3685,400,1,1,2,1,3,0,0,1,0.05,0.107,-45.705
3686,261,0,0,5,1,9,0,1,0,0.05,0.19615,-67.457
3687,250,3,3,0,0,4,0,1,0,0.05,0.11649,-23.266
3688,149,0,0,0,1,2,0,1,0,0.05,0.10797,-27.545
3689,400,1,1,1,1,6,0,0,1,0.05,0.05796,-46.924
3690,400,1,1,1,1,2,0,0,1,0.05,0.10091,-51.542
3691,328,1,1,0,1,3,0,1,0,0.05,0.13165,-60.085
3692,400,0,0,7,2,0,0,0,1,0.05,0.11704,-60.368
3693,400,0,0,2,1,3,0,0,1,0.05,0.06904,-63.318
3694,400,0,0,8,4,5,0,0,1,0.05,0.13636,-105.488
3695,400,2,2,2,2,9,0,0,1,0.05,0.13278,-72.574
3696,400,1,1,0,0,2,0,0,1,0.05,0.06572,-55.826
3697,293,0,0,0,1,1,0,1,0,0.05,0.07692,-42.212
3698,400,2,2,7,2,4,0,0,1,0.05,0.08805,-60.999
3699,400,0,0,3,1,7,0,0,1,0.05,0.15123,-56.69
3700,400,1,1,0,0,0,0,0,1,0.05,0.08091,-59.765
3701,400,1,1,0,0,1,0,0,1,0.05,0.04059,-51.928
3702,400,0,0,0,0,4,0,0,1,0.05,0.05705,-54.469
3703,400,1,1,0,0,6,0,0,1,0.05,0.03794,-39.071
3704,400,0,0,8,2,9,0,0,1,0.05,0.12693,-63.858
3705,400,1,1,0,1,2,0,0,1,0.05,0.07344,-58.494
3706,400,1,1,0,1,4,0,0,1,0.05,0.05791,-48.583
3707,400,2,2,21,7,6,0,0,1,0.05,0.21129,-112.323
3708,400,0,0,0,0,1,0,0,1,0.05,0.03047,-62.516
3709,400,0,0,0,0,5,0,0,1,0.05,0.07394,-59.129
3710,284,1,1,2,1,5,1,1,0,0.05,0.11145,-67.454
3711,400,0,0,7,3,7,0,0,1,0.05,0.13858,-94.141
3712,400,1,1,1,1,3,0,0,1,0.05,0.07964,-25.117
3713,148,0,0,0,1,5,0,1,0,0.05,0.22397,-61.161
3714,308,0,0,0,0,1,0,1,0,0.05,0.04729,-57.403
3715,400,0,0,0,0,3,0,0,1,0.05,0.04818,-56.204
3716,400,4,4,0,0,4,0,0,1,0.05,0.08133,-39.877
3717,400,2,2,0,0,1,0,0,1,0.05,0.03656,-39.419
3718,400,7,2,5,2,5,0,0,1,0.05,0.11459,-27.088
3719,400,3,3,0,0,5,0,0,1,0.05,0.11023,-58.558
3720,400,4,4,0,1,4,0,0,1,0.05,0.07171,-15.358
3721,400,3,3,0,0,7,0,0,1,0.05,0.09194,-23.128
3722,126,1,1,0,1,2,0,1,0,0.05,0.13413,-10.459
3723,360,2,2,0,1,5,0,1,0,0.05,0.13056,-24.126
3724,400,1,1,10,3,5,0,0,1,0.05,0.08528,-78.256
3725,400,1,1,7,2,8,0,0,1,0.05,0.1507,-66.837
3726,167,2,2,5,1,5,1,1,0,0.05,0.15798,-49.142
3727,400,1,1,2,1,0,0,0,1,0.05,0.03617,-57.657
3728,400,3,3,0,0,7,0,0,1,0.05,0.12003,-40.161
3729,400,1,1,5,1,4,0,0,1,0.05,0.09302,-58.14
3730,400,2,2,10,3,5,0,0,1,0.05,0.15893,-30.559
3731,400,0,0,8,5,6,0,0,1,0.05,0.17186,-59.657
3732,400,1,1,0,0,4,0,0,1,0.05,0.07065,-43.287
3733,400,0,0,0,0,5,0,0,1,0.05,0.06493,-56.762
3734,400,2,2,4,2,4,0,0,1,0.05,0.13573,-61.11
3735,400,2,2,5,1,3,0,0,1,0.05,0.13695,-28.338
3736,400,0,0,2,1,7,0,0,1,0.05,0.08424,-51.869
3737,400,2,2,3,1,6,0,0,1,0.05,0.07062,-60.773
3738,400,1,1,1,1,9,0,0,1,0.05,0.05938,-64.771
3739,400,2,2,0,1,5,0,0,1,0.05,0.06608,-20.353
3740,400,2,2,4,1,5,0,0,1,0.05,0.07165,-50.334
3741,400,0,0,2,1,6,0,0,1,0.05,0.07893,-72.067
3742,400,1,1,0,0,5,0,0,1,0.05,0.04414,-48.675
3743,290,4,4,3,1,10,0,1,0,0.05,0.11403,-46.784
3744,400,2,2,3,1,6,0,0,1,0.05,0.12768,-53.814
3745,400,2,2,16,4,4,0,0,1,0.05,0.1957,-75.74
3746,400,5,5,3,1,6,0,0,1,0.05,0.12443,-50.021
3747,116,0,0,0,1,4,0,1,0,0.05,0.15712,-16.432
3748,400,2,2,11,3,7,0,0,1,0.05,0.12357,-60.255
3749,167,1,1,0,0,5,0,1,0,0.05,0.14696,-16.474
3750,400,1,1,0,0,3,0,0,1,0.05,0.0388,-40.856
3751,363,0,0,0,0,1,0,1,0,0.05,0.12801,-37.087
3752,400,0,0,3,1,2,0,0,1,0.05,0.08863,-41.076
3753,167,1,1,0,0,4,0,1,0,0.05,0.08289,-29.924
3754,400,2,2,1,1,2,0,0,1,0.05,0.06018,-64.115
3755,400,3,3,1,1,8,0,0,1,0.05,0.12382,-36.402
3756,400,1,1,0,0,4,0,0,1,0.05,0.06417,-34.117
3757,400,0,0,0,1,9,0,0,1,0.05,0.05958,-71.667
3758,202,1,1,3,1,3,1,1,0,0.05,0.08784,-44.651
3759,400,2,2,0,0,7,0,0,1,0.05,0.11465,-15.569
3760,400,1,1,9,2,5,0,0,1,0.05,0.11952,-46.346
3761,400,3,3,1,2,6,0,0,1,0.05,0.11817,-37.358
3762,400,3,3,0,0,5,0,0,1,0.05,0.13045,-42.804
3763,400,3,3,5,2,7,0,0,1,0.05,0.13128,-52.598
3764,260,3,3,6,3,1,0,1,0,0.05,0.21801,-49.208
3765,400,1,1,0,0,7,0,0,1,0.05,0.06033,-63.426
3766,400,4,4,5,2,2,0,0,1,0.05,0.09268,-58.721
3767,307,2,2,4,1,7,0,1,0,0.05,0.1326,-45.624
3768,400,3,3,4,1,8,0,0,1,0.05,0.11118,-49.674
3769,400,1,1,0,0,1,0,0,1,0.05,0.07001,-40.356
3770,400,0,0,2,1,5,0,0,1,0.05,0.0545,-52.847
3771,309,1,1,12,2,3,1,1,0,0.05,0.1252,-54.92
3772,400,3,3,1,1,4,0,0,1,0.05,0.0787,-43.311
3773,400,1,1,2,1,7,0,0,1,0.05,0.0887,-53.827
3774,140,0,0,0,0,3,0,1,0,0.05,0.09393,-27.247
3775,400,1,1,0,2,3,0,0,1,0.05,0.10735,-63.816
3776,316,2,2,3,2,7,0,1,0,0.05,0.10541,-67.375
3777,400,0,0,0,0,3,0,0,1,0.05,0.06914,-53.027
3778,400,1,1,0,0,8,0,0,1,0.05,0.13046,-47.308
3779,294,0,0,0,2,6,0,1,0,0.05,0.1789,-97.379
3780,400,0,0,0,0,4,0,0,1,0.05,0.07904,-44.158
3781,400,1,1,0,1,6,0,0,1,0.05,0.09914,-58.954
3782,400,0,0,0,0,4,0,0,1,0.05,0.08585,-41.282
3783,400,3,3,4,1,3,0,0,1,0.05,0.16165,-29.301
3784,400,0,0,0,1,7,0,0,1,0.05,0.1157,-41.253
3785,400,1,1,0,0,3,0,0,1,0.05,0.0701,-42.535
3786,400,1,1,0,0,3,0,0,1,0.05,0.13254,-17.052
3787,400,0,0,0,0,7,0,0,1,0.05,0.08055,-37.975
3788,400,1,1,0,0,10,0,0,1,0.05,0.13148,-55.339
3789,221,1,1,0,0,6,0,1,0,0.05,0.13,-51.806
3790,400,3,3,0,0,6,0,0,1,0.05,0.13761,-19.762
3791,400,3,3,0,0,9,0,0,1,0.05,0.10354,-77.474
3792,250,2,2,0,0,4,0,1,0,0.05,0.08542,-51.918
3793,283,0,0,0,1,6,1,1,0,0.05,0.10012,-63.75
3794,400,3,3,0,0,6,0,0,1,0.05,0.10542,-74.374
3795,259,2,2,0,1,6,0,1,0,0.05,0.11099,-44.017
3796,229,1,1,0,0,4,0,1,0,0.05,0.12376,-55.39
3797,400,1,1,7,1,9,0,0,1,0.05,0.12554,-54.873
3798,400,1,1,0,0,2,0,0,1,0.05,0.10437,-35.637
3799,400,1,1,2,1,4,0,0,1,0.05,0.10391,-58.815
3800,354,0,0,0,1,3,0,1,0,0.05,0.05735,-70.733
3801,400,0,0,0,1,5,0,1,0,0.05,0.07904,-72.897
3802,400,0,0,0,0,4,0,0,1,0.05,0.07233,-69.076
3803,400,2,2,0,0,4,0,0,1,0.05,0.05862,-54.675
3804,400,0,0,0,0,3,0,0,1,0.05,0.03351,-59.072
3805,358,2,2,0,1,5,1,1,0,0.05,0.10546,-78.767
3806,400,1,1,0,0,9,0,0,1,0.05,0.07186,-70.497
3807,400,2,2,0,0,5,0,0,1,0.05,0.04665,-52.13
3808,237,0,0,0,0,4,0,1,0,0.05,0.03573,-43.977
3809,400,1,1,0,0,8,0,0,1,0.05,0.02859,-55.528
3810,400,0,0,0,0,5,0,0,1,0.05,0.08507,-55.509
3811,233,1,1,0,0,1,0,1,0,0.05,0.09199,-35.031
3812,235,1,1,0,0,5,0,1,0,0.05,0.06103,-35.428
3813,400,2,2,0,0,3,0,0,1,0.05,0.07153,-25.8
3814,251,0,0,0,1,8,0,1,0,0.05,0.05972,-51.968
3815,300,3,3,0,0,3,0,1,0,0.05,0.103,-7.415
3816,400,0,0,0,0,4,0,0,1,0.05,0.06564,-54.549
3817,400,0,0,0,0,8,0,0,1,0.05,0.05978,-50.444
3818,400,2,2,0,1,7,0,0,1,0.05,0.08455,-43.046
3819,130,0,0,2,1,4,1,1,0,0.05,0.31014,-59.332
3820,400,0,0,0,0,10,0,0,1,0.05,0.069,-69.994
3821,400,1,1,0,0,7,0,0,1,0.05,0.03298,-46.657
3822,400,1,1,0,0,8,0,0,1,0.05,0.07349,-49.497
3823,400,2,2,0,0,3,0,0,1,0.05,0.0652,-10.527
3824,400,1,1,0,0,7,0,0,1,0.05,0.08743,-56.26
3825,400,2,2,0,0,6,0,0,1,0.05,0.07372,-9.882
3826,400,0,0,0,0,2,0,0,1,0.05,0.04373,-43.547
3827,400,0,0,0,0,3,0,0,1,0.05,0.03399,-49.7
3828,400,0,0,0,0,6,0,0,1,0.05,0.06386,-52.784
3829,400,1,1,0,0,3,0,0,1,0.05,0.10105,-35.936
3830,255,0,0,0,0,5,0,1,0,0.05,0.09374,-45.865
3831,400,4,4,0,1,8,0,0,1,0.05,0.10245,-15.21
3832,400,3,3,0,0,9,0,0,1,0.05,0.10283,1.64
3833,400,0,0,0,0,16,0,0,1,0.05,0.09031,-68.96
3834,257,1,1,0,1,6,0,1,0,0.05,0.12464,-44.994
3835,400,0,0,0,0,4,0,0,1,0.05,0.08286,-60.319
3836,400,0,0,0,1,5,0,0,1,0.05,0.09682,-58.501
3837,400,0,0,0,0,4,0,0,1,0.05,0.06325,-39.441
3838,400,0,0,0,0,3,0,0,1,0.05,0.02926,-43.124
3839,400,0,0,0,0,1,0,0,1,0.05,0.04461,-32.565
3840,122,2,2,0,1,1,0,1,0,0.05,0.13035,1.996
3841,400,2,2,3,1,7,0,0,1,0.05,0.12985,-23.31
3842,400,0,0,0,0,4,0,0,1,0.05,0.03909,-25.527
3843,400,0,0,0,0,4,0,0,1,0.05,0.083,-40.66
3844,400,0,0,0,0,1,0,0,1,0.05,0.03414,-50.942
3845,116,0,0,2,1,4,1,1,0,0.05,0.27169,-49.609
3846,400,2,2,0,0,10,0,0,1,0.05,0.06566,-45.401
3847,400,1,1,0,0,1,0,0,1,0.05,0.07866,-36.185
3848,400,0,0,0,0,7,0,0,1,0.05,0.03443,-46.372
3849,400,1,1,0,0,10,0,0,1,0.05,0.0966,-26.578
3850,400,0,0,0,0,7,0,0,1,0.05,0.08119,-44.876
3851,400,2,2,0,1,3,0,0,1,0.05,0.06005,-20.829
3852,400,2,2,0,0,2,0,0,1,0.05,0.05365,-6.824
3853,178,0,0,0,0,4,0,1,0,0.05,0.19043,-35.541
3854,400,1,1,0,0,8,0,0,1,0.05,0.08674,-37.653
3855,400,1,1,0,0,7,0,0,1,0.05,0.0535,-68.051
3856,400,2,2,0,1,7,0,0,1,0.05,0.10792,-14.191
3857,400,4,4,1,1,9,0,0,1,0.05,0.09698,2.75
3858,181,1,1,0,1,5,0,1,0,0.05,0.07521,-23.838
3859,154,1,1,0,0,6,0,1,0,0.05,0.20503,-27.143
3860,400,1,1,0,0,8,0,0,1,0.05,0.07203,-41.467
3861,400,1,1,0,0,3,0,0,1,0.05,0.08027,-32.696
3862,400,2,2,2,1,7,0,0,1,0.05,0.07365,-8.269
3863,170,1,1,0,0,1,0,1,0,0.05,0.07692,-27.678
3864,400,2,2,0,0,5,0,0,1,0.05,0.0735,-5.627
3865,400,2,2,0,1,3,0,0,1,0.05,0.08696,-21.94
3866,354,4,4,0,0,12,0,1,0,0.05,0.14728,-28.2
3867,400,0,0,0,0,6,0,0,1,0.05,0.03291,-56.937
3868,400,2,2,0,0,6,0,0,1,0.05,0.05909,-11.779
3869,400,1,1,0,0,3,0,0,1,0.05,0.05914,-28.433
3870,400,0,0,0,0,9,0,0,1,0.05,0.0687,-52.987
3871,362,4,4,0,0,11,0,1,0,0.05,0.13204,-30.003
3872,400,1,1,0,0,10,0,0,1,0.05,0.06949,-40.448
3873,400,0,0,0,0,2,0,0,1,0.05,0.07252,-66.379
3874,166,2,2,0,0,4,0,1,0,0.05,0.1388,-6.919
3875,400,1,1,4,1,9,0,0,1,0.05,0.13408,-51.717
3876,400,4,4,0,1,8,0,0,1,0.05,0.09472,-12.643
3877,400,3,3,0,0,5,0,0,1,0.05,0.06026,-27.198
3878,400,0,0,0,0,4,0,0,1,0.05,0.0369,-35.661
3879,400,0,0,0,0,2,0,0,1,0.05,0.07037,-47.596
3880,400,1,1,0,0,7,0,0,1,0.05,0.0619,-15.358
3881,400,0,0,0,0,11,0,0,1,0.05,0.05843,-60.605
3882,400,2,2,0,1,7,0,0,1,0.05,0.13905,-4.915
3883,400,0,0,0,0,5,0,0,1,0.05,0.05251,-20.172
3884,400,0,0,0,0,4,0,0,1,0.05,0.06001,-40.124
3885,400,0,0,0,0,4,0,0,1,0.05,0.04728,-30.017
3886,400,1,1,0,0,6,0,0,1,0.05,0.08208,-23.904
3887,400,0,0,0,0,6,0,0,1,0.05,0.04707,-44.065
3888,400,1,1,0,0,7,0,0,1,0.05,0.06562,-42.655
3889,400,1,1,0,0,9,0,0,1,0.05,0.09632,-19.052
3890,203,1,1,0,1,4,0,1,0,0.05,0.13961,-41.81
3891,400,2,2,0,0,8,0,0,1,0.05,0.09596,-37.782
3892,400,1,1,0,0,8,0,0,1,0.05,0.05654,-47.809
3893,400,1,1,0,0,6,0,0,1,0.05,0.08929,-33.635
3894,214,3,3,0,0,5,0,1,0,0.05,0.16371,-6.679
3895,400,0,0,0,0,4,0,0,1,0.05,0.04786,-20.458
3896,400,0,0,0,0,6,0,0,1,0.05,0.05004,-26.654
3897,400,1,1,0,0,6,0,0,1,0.05,0.04805,-23.147
3898,400,1,1,0,0,6,0,0,1,0.05,0.02946,-39.656
3899,113,0,0,0,1,1,0,1,0,0.05,0.0962,-23.518
3900,400,0,0,0,0,15,0,0,1,0.05,0.09047,-34.115
3901,400,0,0,0,1,9,0,0,1,0.05,0.06981,-39.603
3902,400,4,4,0,1,10,0,0,1,0.05,0.11243,-14.39
3903,282,0,0,0,0,4,0,1,0,0.05,0.03274,-35.195
3904,400,1,1,0,1,9,0,0,1,0.05,0.10219,-43.33
3905,400,1,1,0,0,3,0,0,1,0.05,0.12415,34.337
3906,400,3,3,0,0,5,0,0,1,0.05,0.11233,-25.657
3907,189,1,1,0,1,4,0,1,0,0.05,0.14866,-7.171
3908,400,0,0,0,0,4,0,0,1,0.05,0.03768,-52.952
3909,400,2,2,0,1,4,0,0,1,0.05,0.07913,-32.253
3910,400,2,2,0,0,8,0,0,1,0.05,0.10958,-6.395
3911,400,0,0,0,1,7,0,0,1,0.05,0.09663,-50.043
3912,400,0,0,0,0,10,0,0,1,0.05,0.07159,-32.443
3913,400,0,0,0,0,1,0,0,1,0.05,0.09485,-33.348
3914,122,2,2,0,1,6,0,1,0,0.05,0.19288,-21.274
3915,306,3,3,0,0,4,0,1,0,0.05,0.12248,-17.942
3916,147,0,0,0,0,2,0,1,0,0.05,0.10185,-25.042
3917,400,1,1,0,0,7,0,0,1,0.05,0.07022,-51.212
3918,400,1,1,0,0,4,0,0,1,0.05,0.09973,-54.09
3919,400,0,0,0,0,6,0,0,1,0.05,0.05102,-36.257
3920,400,3,3,0,0,0,0,0,1,0.05,0.05229,-15.065
3921,400,5,5,0,0,9,0,0,1,0.05,0.07116,-20.974
3922,400,6,6,0,0,2,0,0,1,0.05,0.07581,4.955
3923,318,0,0,0,1,6,0,1,0,0.05,0.04525,-50.655
3924,400,3,3,0,0,3,0,0,1,0.05,0.05108,-6.112
3925,400,0,0,0,0,8,0,0,1,0.05,0.03124,-47.533
3926,400,4,4,3,1,3,0,0,1,0.05,0.12367,-27.226
3927,400,0,0,0,0,6,0,0,1,0.05,0.06483,-51.899
3928,400,2,2,0,0,2,0,0,1,0.05,0.06977,-32.483
3929,400,1,1,0,0,6,0,0,1,0.05,0.08219,-39.946
3930,400,3,3,0,0,7,0,0,1,0.05,0.0687,0.954
3931,400,1,1,0,0,3,0,0,1,0.05,0.04686,-22.467
3932,400,1,1,0,0,5,0,0,1,0.05,0.09091,-23.352
3933,400,0,0,0,0,9,0,0,1,0.05,0.05646,-33.659
3934,267,3,3,0,1,7,0,1,0,0.05,0.10516,-15.607
3935,400,3,3,2,1,4,0,0,1,0.05,0.06883,-33.823
3936,400,2,2,3,1,8,0,0,1,0.05,0.0336,-63.118
3937,400,1,1,0,0,9,0,0,1,0.05,0.11495,-31.766
3938,400,0,0,0,0,6,0,0,1,0.05,0.02837,-46.233
3939,400,0,0,0,0,5,0,0,1,0.05,0.05092,-43.81
3940,301,0,0,0,0,3,0,1,0,0.05,0.09971,-34.795
3941,400,0,0,0,0,7,0,0,1,0.05,0.03359,-40.441
3942,400,1,1,0,2,6,0,0,1,0.05,0.09525,-32.856
3943,358,2,2,0,1,4,0,1,0,0.05,0.11098,-31.361
3944,400,0,0,0,0,5,0,0,1,0.05,0.01431,-28.481
3945,400,2,2,0,0,3,0,0,1,0.05,0.06608,-23.62
3946,191,1,1,0,0,5,0,1,0,0.05,0.12233,-27.905
3947,400,0,0,0,0,8,0,0,1,0.05,0.02664,-34.259
3948,400,1,1,0,0,4,0,0,1,0.05,0.06481,-34.16
3949,400,2,2,0,0,4,0,0,1,0.05,0.11159,-9.525
3950,400,1,1,0,0,4,0,0,1,0.05,0.06142,-43.731
3951,400,2,2,0,0,4,0,0,1,0.05,0.02489,-47.066
3952,400,0,0,0,0,6,0,0,1,0.05,0.0292,-44.786
3953,167,1,1,0,0,3,0,1,0,0.05,0.06503,-21.705
3954,400,1,1,0,0,8,0,0,1,0.05,0.07506,-28.275
3955,400,2,2,0,0,5,0,0,1,0.05,0.03124,-58.561
3956,400,2,2,0,0,5,0,0,1,0.05,0.10567,11.818
3957,400,1,1,0,0,6,0,0,1,0.05,0.05794,6.368
3958,400,3,3,0,0,2,0,0,1,0.05,0.03638,-16.648
3959,203,3,3,0,0,4,0,1,0,0.05,0.06137,-11.875
3960,400,1,1,0,1,3,0,0,1,0.05,0.04625,-39.717
3961,400,0,0,3,1,7,0,0,1,0.05,0.05004,-42.055
3962,400,0,0,0,0,5,0,0,1,0.05,0.08697,-7.64
3963,378,1,1,0,1,8,0,1,0,0.05,0.14353,-12.493
3964,279,0,0,0,1,5,0,1,0,0.05,0.0523,-43.093
3965,400,1,1,0,1,8,0,0,1,0.05,0.09337,-3.528
3966,198,2,2,0,1,13,1,1,0,0.05,0.2098,-62.141
3967,400,1,1,0,0,4,0,0,1,0.05,0.06798,-16.232
3968,139,1,1,0,0,6,0,1,0,0.05,0.2013,-23.652
3969,400,3,3,0,0,5,0,0,1,0.05,0.09098,-39.909
3970,321,2,2,0,0,9,0,1,0,0.05,0.06849,-68.219
3971,400,3,3,0,0,5,0,0,1,0.05,0.11947,-6.107
3972,400,0,0,0,0,3,0,0,1,0.05,0.04317,-39.073
3973,400,2,2,0,0,1,0,0,1,0.05,0.05447,-22.601
3974,400,1,1,0,0,4,0,0,1,0.05,0.01887,-24.282
3975,400,1,1,0,0,6,0,0,1,0.05,0.03292,-2.458
3976,118,2,2,0,1,2,0,1,0,0.05,0.14177,-13.346
3977,400,2,2,0,1,8,0,0,1,0.05,0.12313,-13.979
3978,400,0,0,0,0,6,0,0,1,0.05,0.05492,-29.181
3979,400,0,0,0,0,7,0,0,1,0.05,0.04198,-19.073
3980,400,0,0,0,0,4,0,0,1,0.05,0.08156,-26.628
3981,400,3,3,0,2,3,0,0,1,0.05,0.07022,-5.36
3982,400,1,1,0,0,15,0,0,1,0.05,0.07984,-37.751
3983,400,3,3,0,0,8,0,0,1,0.05,0.11604,9.094
3984,400,0,0,0,0,5,0,0,1,0.05,0.04512,-40.729
3985,383,0,0,0,1,12,1,1,0,0.05,0.09102,-67.951
3986,269,3,3,1,1,3,0,1,0,0.05,0.16879,1.36
3987,400,0,0,0,0,5,0,0,1,0.05,0.04708,-43.995
3988,400,4,4,2,1,3,0,0,1,0.05,0.09289,-6.703
3989,386,2,2,0,0,10,0,1,0,0.05,0.16112,-60.794
3990,400,1,1,0,0,9,0,0,1,0.05,0.10418,-20.037
3991,400,2,2,2,1,10,0,0,1,0.05,0.07077,-46.53
3992,400,3,3,0,0,13,0,0,1,0.05,0.12881,-11.874
3993,328,2,2,0,0,7,0,1,0,0.05,0.08002,-13.689
3994,400,2,2,0,0,4,0,0,1,0.05,0.11195,12.941
3995,400,1,1,0,0,2,0,0,1,0.05,0.06158,-24.616
3996,400,1,1,0,0,6,0,0,1,0.05,0.0801,-23.217
3997,400,1,1,0,0,2,0,0,1,0.05,0.06958,-7.623
3998,400,2,2,0,0,2,0,0,1,0.05,0.03162,13.192
3999,400,2,2,0,0,3,0,0,1,0.05,0.06083,-10.284
4000,400,0,0,0,0,3,0,0,1,0.05,0.06375,-50.927
