episode,steps,score,coins,crates,bombs,reward,epsilon,killed_self,survived,states_visited
1,8,0,0,3,1,-4.68,0.2998,1,0,176
2,53,0,0,16,6,-7.98,0.2997,1,0,176
3,23,1,1,13,3,-1.03,0.2995,1,0,176
4,63,0,0,21,7,-10.08,0.2993,1,0,176
5,5,0,0,4,1,-4.8,0.2992,1,0,176
6,30,0,0,14,4,-5.15,0.299,1,0,176
7,6,0,0,3,1,-4.21,0.2988,1,0,176
8,13,0,0,7,2,-5.53,0.2987,1,0,176
9,5,0,0,2,1,-4.45,0.2985,1,0,176
10,6,0,0,3,1,-5.21,0.2983,1,0,176
11,6,0,0,3,1,-5.21,0.2982,1,0,176
12,28,0,0,13,4,-5.43,0.298,1,0,176
13,7,0,0,6,1,-4.17,0.2978,1,0,176
14,30,0,0,13,4,-5.05,0.2977,1,0,176
15,63,1,1,23,8,-3.88,0.2975,1,0,177
16,34,0,0,11,4,-5.14,0.2973,1,0,177
17,41,0,0,18,5,-5.06,0.2972,1,0,177
18,14,0,0,6,2,-4.44,0.297,1,0,177
19,23,0,0,8,3,-5.53,0.2968,1,0,177
20,21,0,0,7,3,-4.21,0.2967,1,0,177
21,8,0,0,5,1,-5.48,0.2965,1,0,177
22,13,0,0,7,2,-5.08,0.2963,1,0,177
23,46,1,1,15,6,-3.51,0.2962,1,0,177
24,6,0,0,2,1,-5.41,0.296,1,0,177
25,7,0,0,6,1,-4.17,0.2958,1,0,177
26,13,0,0,6,2,-5.83,0.2957,1,0,177
27,17,0,0,9,2,-5.52,0.2955,1,0,177
28,81,0,0,21,8,-4.51,0.2953,1,0,178
29,64,1,1,22,7,-1.49,0.2952,0,0,179
30,20,0,0,7,3,-5.25,0.295,1,0,179
31,9,0,0,3,1,-6.74,0.2948,1,0,179
32,21,1,1,10,3,-4.66,0.2947,1,0,179
33,32,0,0,11,4,-8.12,0.2945,1,0,179
34,38,1,1,14,5,-3.48,0.2943,1,0,179
35,7,0,0,3,1,-5.07,0.2942,1,0,179
36,7,0,0,2,1,-5.57,0.294,1,0,179
37,22,1,1,7,3,-6.47,0.2938,1,0,179
38,25,0,0,13,3,-4.0,0.2937,1,0,179
39,102,0,0,19,11,-9.42,0.2935,1,0,181
40,65,2,2,28,7,-0.6,0.2933,1,0,181
41,93,2,2,30,9,-1.08,0.2932,1,0,181
42,16,0,0,7,2,-4.71,0.293,1,0,181
43,14,0,0,8,2,-5.19,0.2928,1,0,181
44,9,0,0,4,1,-4.44,0.2927,1,0,181
45,20,1,1,8,3,-4.1,0.2925,1,0,181
46,5,0,0,2,1,-4.5,0.2923,1,0,181
47,84,1,1,27,10,-5.04,0.2922,1,0,181
48,6,0,0,2,1,-4.51,0.292,1,0,181
49,52,1,1,12,6,-7.32,0.2918,0,0,183
50,14,0,0,3,2,-6.34,0.2917,1,0,183
51,23,0,0,9,3,-4.33,0.2915,1,0,183
52,9,0,0,3,1,-4.84,0.2913,1,0,183
53,21,0,0,8,3,-6.86,0.2912,1,0,183
54,31,1,1,11,4,-4.56,0.291,1,0,183
55,31,0,0,13,4,-3.56,0.2908,1,0,183
56,13,0,0,7,2,-4.98,0.2907,1,0,183
57,13,0,0,7,2,-4.53,0.2905,1,0,183
58,13,0,0,5,2,-5.78,0.2903,1,0,183
59,16,0,0,3,2,-7.36,0.2902,1,0,183
60,5,0,0,2,1,-4.5,0.29,1,0,183
61,6,0,0,3,1,-4.21,0.2898,1,0,183
62,20,0,0,9,3,-5.65,0.2897,1,0,183
63,14,0,0,6,2,-4.49,0.2895,1,0,183
64,29,0,0,14,4,-4.09,0.2893,1,0,183
65,39,0,0,14,4,-4.49,0.2892,1,0,183
66,23,0,0,3,3,-7.03,0.289,1,0,183
67,34,1,1,9,4,-8.19,0.2888,1,0,183
68,28,0,0,10,4,-6.53,0.2887,1,0,183
69,90,0,0,29,9,-4.2,0.2885,1,0,183
70,13,0,0,7,2,-4.48,0.2883,1,0,183
71,72,1,1,27,9,-0.87,0.2882,1,0,183
72,20,0,0,8,3,-6.4,0.288,1,0,183
73,69,4,4,23,8,1.16,0.2878,1,0,183
74,5,0,0,3,1,-4.65,0.2877,1,0,183
75,15,0,0,3,2,-7.4,0.2875,1,0,183
76,5,0,0,3,1,-4.55,0.2873,1,0,183
77,59,0,0,21,7,-4.14,0.2872,1,0,183
78,7,0,0,3,1,-5.17,0.287,1,0,183
79,13,0,0,8,2,-4.38,0.2868,1,0,183
80,60,1,1,18,7,-6.0,0.2867,1,0,183
81,50,0,0,14,6,-5.35,0.2865,1,0,183
82,20,0,0,10,3,-3.9,0.2863,1,0,183
83,6,0,0,3,1,-5.66,0.2862,1,0,183
84,25,0,0,10,3,-4.3,0.286,1,0,183
85,31,0,0,9,4,-5.31,0.2858,1,0,183
86,12,0,0,6,1,-4.62,0.2857,1,0,183
87,32,0,0,9,4,-6.77,0.2855,1,0,183
88,14,0,0,8,2,-3.19,0.2853,1,0,183
89,7,0,0,3,1,-4.72,0.2852,1,0,183
90,69,2,2,25,8,-4.59,0.285,1,0,183
91,36,0,0,14,5,-3.51,0.2848,1,0,183
92,20,1,1,8,3,-3.35,0.2847,1,0,183
93,9,0,0,5,1,-4.49,0.2845,1,0,183
94,7,0,0,3,1,-5.77,0.2843,1,0,183
95,55,0,0,18,7,-6.55,0.2842,0,0,184
96,13,0,0,7,2,-5.08,0.284,1,0,184
97,22,0,0,6,3,-6.02,0.2838,1,0,184
98,14,0,0,7,2,-5.49,0.2837,1,0,184
99,14,0,0,5,2,-6.24,0.2835,1,0,184
100,13,0,0,6,2,-5.93,0.2833,1,0,184
101,13,0,0,5,2,-5.03,0.2832,1,0,184
102,6,0,0,3,1,-5.21,0.283,1,0,184
103,49,0,0,14,6,-5.39,0.2828,0,0,185
104,8,0,0,2,1,-5.53,0.2827,1,0,185
105,47,1,1,15,6,-3.92,0.2825,1,0,185
106,14,0,0,5,2,-6.24,0.2823,1,0,185
107,13,0,0,6,2,-4.28,0.2822,1,0,185
108,14,0,0,7,2,-5.09,0.282,1,0,185
109,31,0,0,10,4,-5.11,0.2818,1,0,185
110,45,0,0,19,6,-4.35,0.2817,1,0,185
111,29,0,0,12,4,-4.29,0.2815,1,0,185
112,32,1,1,13,3,-1.92,0.2813,1,0,185
113,23,0,0,11,3,-4.93,0.2812,1,0,185
114,68,2,2,22,8,-5.28,0.281,1,0,185
115,75,0,0,24,9,-6.15,0.2808,1,0,185
116,38,0,0,17,5,-5.53,0.2807,1,0,185
117,13,0,0,8,2,-4.23,0.2805,1,0,185
118,16,0,0,7,2,-6.61,0.2803,1,0,185
119,15,0,0,5,2,-7.15,0.2802,1,0,185
120,27,1,1,9,3,-6.62,0.28,1,0,185
121,7,0,0,1,1,-4.87,0.2798,1,0,185
122,15,0,0,8,2,-4.8,0.2797,1,0,185
123,14,0,0,5,2,-4.54,0.2795,1,0,185
124,7,0,0,6,1,-4.67,0.2793,1,0,185
125,70,5,0,24,8,-0.7,0.2792,1,0,185
126,6,0,0,2,1,-5.51,0.279,1,0,185
127,113,2,2,25,11,-7.48,0.2788,0,0,189
128,65,1,1,18,8,-3.55,0.2787,1,0,189
129,23,0,0,7,3,-6.83,0.2785,1,0,189
130,32,0,0,9,4,-6.17,0.2783,1,0,189
131,7,0,0,3,1,-4.27,0.2782,1,0,189
132,33,0,0,11,4,-5.73,0.278,1,0,189
133,20,0,0,8,3,-4.85,0.2778,1,0,189
134,29,0,0,10,4,-4.54,0.2777,1,0,189
135,25,1,1,8,3,-4.85,0.2775,1,0,189
136,28,0,0,10,4,-4.98,0.2773,1,0,189
137,6,0,0,3,1,-5.66,0.2772,1,0,189
138,13,0,0,8,2,-3.68,0.277,1,0,189
139,5,0,0,2,1,-5.5,0.2768,1,0,189
140,43,0,0,17,6,-7.23,0.2767,1,0,189
141,14,0,0,3,2,-5.89,0.2765,1,0,189
142,6,0,0,2,1,-5.06,0.2763,1,0,189
143,5,0,0,3,1,-5.2,0.2762,1,0,189
144,31,0,0,12,4,-2.46,0.276,1,0,189
145,15,0,0,9,2,-3.95,0.2758,1,0,189
146,15,0,0,7,2,-4.65,0.2757,1,0,189
147,21,0,0,6,3,-5.96,0.2755,1,0,189
148,25,0,0,7,3,-6.0,0.2753,1,0,189
149,35,0,0,14,4,-4.95,0.2752,1,0,189
150,50,0,0,18,6,-5.65,0.275,1,0,189
151,14,0,0,6,2,-5.79,0.2748,1,0,189
152,29,0,0,11,4,-4.99,0.2747,1,0,189
153,21,0,0,9,3,-5.71,0.2745,1,0,189
154,13,0,0,5,2,-6.68,0.2743,1,0,189
155,69,2,2,33,8,5.46,0.2742,1,0,189
156,15,0,0,6,2,-5.25,0.274,1,0,189
157,40,1,1,11,5,-3.95,0.2738,1,0,189
158,6,0,0,4,1,-4.51,0.2737,1,0,189
159,8,0,0,1,1,-4.93,0.2735,1,0,189
160,7,0,0,2,1,-4.47,0.2733,1,0,189
161,7,0,0,3,1,-4.72,0.2732,1,0,189
162,13,0,0,5,2,-5.78,0.273,1,0,189
163,22,0,0,9,3,-4.77,0.2728,1,0,189
164,82,0,0,28,10,-1.72,0.2727,1,0,189
165,13,0,0,8,2,-4.23,0.2725,1,0,189
166,15,0,0,5,2,-5.15,0.2723,1,0,189
167,99,2,2,41,11,0.76,0.2722,1,0,189
168,5,0,0,2,1,-4.45,0.272,1,0,189
169,63,0,0,18,7,-4.83,0.2718,1,0,190
170,20,0,0,11,3,-3.95,0.2717,1,0,190
171,23,0,0,7,3,-5.88,0.2715,1,0,190
172,14,0,0,4,2,-5.94,0.2713,1,0,190
173,29,0,0,11,4,-5.59,0.2712,1,0,190
174,29,1,1,12,4,-4.09,0.271,1,0,190
175,30,2,2,15,4,-1.4,0.2708,1,0,190
176,61,2,2,19,8,-0.21,0.2707,0,0,191
177,33,1,1,15,4,-2.08,0.2705,1,0,191
178,35,0,0,15,5,-2.95,0.2703,1,0,191
179,15,0,0,8,2,-4.1,0.2702,1,0,191
180,6,0,0,3,1,-4.76,0.27,1,0,191
181,30,1,1,12,4,-5.25,0.2698,1,0,191
182,8,0,0,5,1,-4.08,0.2697,1,0,191
183,140,1,1,30,12,-7.3,0.2695,0,0,193
184,22,0,0,12,3,-3.17,0.2693,1,0,193
185,5,0,0,2,1,-4.55,0.2692,1,0,193
186,40,1,1,11,5,-6.05,0.269,1,0,193
187,6,0,0,3,1,-5.66,0.2688,1,0,193
188,35,0,0,12,4,-5.85,0.2687,1,0,193
189,7,0,0,3,1,-5.72,0.2685,1,0,193
190,8,0,0,2,1,-5.53,0.2683,1,0,193
191,6,0,0,3,1,-5.66,0.2682,1,0,193
192,6,0,0,2,1,-5.06,0.268,1,0,193
193,44,0,0,18,6,-7.69,0.2678,1,0,193
194,41,0,0,17,5,-7.16,0.2677,1,0,193
195,9,0,0,5,1,-4.59,0.2675,1,0,193
196,20,0,0,9,3,-5.1,0.2673,1,0,193
197,6,0,0,2,1,-5.51,0.2672,1,0,193
198,39,0,0,16,5,-3.34,0.267,1,0,193
199,14,0,0,4,2,-6.04,0.2668,1,0,193
200,32,0,0,11,4,-5.62,0.2667,1,0,193
201,36,0,0,17,5,-4.96,0.2665,1,0,193
202,15,0,0,6,2,-6.4,0.2663,1,0,193
203,22,0,0,10,3,-5.72,0.2662,1,0,193
204,5,0,0,3,1,-4.75,0.266,1,0,193
205,13,0,0,8,2,-4.23,0.2658,1,0,193
206,6,0,0,3,1,-5.66,0.2657,1,0,193
207,60,0,0,22,7,-4.35,0.2655,1,0,193
208,18,0,0,7,2,-5.08,0.2653,1,0,193
209,71,3,3,27,8,1.24,0.2652,1,0,193
210,20,1,1,10,3,-2.25,0.265,1,0,193
211,28,0,0,12,4,-4.78,0.2648,1,0,193
212,8,0,0,2,1,-5.63,0.2647,1,0,193
213,49,0,0,21,6,-3.54,0.2645,1,0,193
214,27,0,0,11,4,-5.37,0.2643,1,0,193
215,30,0,0,8,4,-6.65,0.2642,1,0,193
216,35,0,0,16,5,-3.9,0.264,1,0,193
217,60,1,1,23,8,-8.1,0.2638,1,0,193
218,58,0,0,19,7,-7.43,0.2637,1,0,193
219,66,1,1,19,8,-3.51,0.2635,1,0,193
220,13,0,0,7,2,-4.08,0.2633,1,0,193
221,79,1,1,25,9,-3.24,0.2632,1,0,193
222,53,0,0,16,6,-3.53,0.263,1,0,193
223,21,0,0,7,3,-6.66,0.2628,1,0,193
224,22,0,0,9,3,-6.67,0.2627,1,0,193
225,54,1,1,17,7,-5.59,0.2625,1,0,193
226,33,0,0,14,4,-2.73,0.2623,1,0,193
227,20,0,0,9,3,-5.55,0.2622,1,0,193
228,45,0,0,23,6,-2.9,0.262,1,0,193
229,53,1,1,18,6,-2.03,0.2618,1,0,193
230,21,0,0,9,3,-6.11,0.2617,1,0,193
231,36,1,1,14,4,-3.86,0.2615,1,0,193
232,48,1,1,21,6,-4.33,0.2613,1,0,193
233,71,0,0,24,9,-6.91,0.2612,1,0,194
234,61,2,2,23,8,-5.51,0.261,0,0,194
235,41,0,0,18,5,-3.26,0.2608,1,0,194
236,46,0,0,17,6,-5.11,0.2607,1,0,194
237,7,0,0,2,1,-5.02,0.2605,1,0,194
238,46,0,0,17,6,-3.16,0.2603,1,0,194
239,53,1,1,18,5,-0.38,0.2602,0,0,195
240,24,0,0,10,3,-5.49,0.26,1,0,195
241,5,0,0,4,1,-4.0,0.2598,1,0,195
242,21,0,0,8,3,-5.91,0.2597,1,0,195
243,5,0,0,2,1,-5.0,0.2595,1,0,195
244,49,2,2,20,6,-0.34,0.2593,1,0,195
245,14,0,0,7,2,-4.59,0.2592,1,0,195
246,6,0,0,2,1,-5.96,0.259,1,0,195
247,21,0,0,9,3,-4.66,0.2588,1,0,195
248,47,1,1,19,6,-3.32,0.2587,1,0,195
249,14,0,0,6,2,-4.99,0.2585,1,0,195
250,89,1,1,34,10,-2.14,0.2583,1,0,195
251,5,0,0,4,1,-4.9,0.2582,1,0,195
252,12,0,0,2,1,-8.02,0.258,1,0,195
253,22,0,0,7,3,-7.17,0.2578,1,0,195
254,6,0,0,2,1,-5.96,0.2577,1,0,195
255,57,2,2,27,7,0.38,0.2575,1,0,195
256,8,0,0,3,1,-4.68,0.2573,1,0,195
257,30,0,0,11,4,-5.75,0.2572,1,0,195
258,6,0,0,3,1,-5.21,0.257,1,0,195
259,7,0,0,2,1,-6.47,0.2568,1,0,195
260,55,3,3,18,7,-4.55,0.2567,1,0,196
261,13,0,0,5,2,-4.13,0.2565,1,0,196
262,5,0,0,3,1,-4.1,0.2563,1,0,196
263,23,0,0,11,3,-3.23,0.2562,1,0,196
264,37,0,0,12,5,-5.92,0.256,1,0,196
265,27,0,0,9,4,-6.37,0.2558,1,0,196
266,16,0,0,6,2,-5.41,0.2557,1,0,196
267,6,0,0,3,1,-4.76,0.2555,1,0,196
268,21,0,0,10,3,-5.31,0.2553,1,0,196
269,29,1,1,10,4,-4.44,0.2552,1,0,196
270,17,0,0,7,2,-3.77,0.255,1,0,196
271,21,1,1,9,3,-4.01,0.2548,1,0,196
272,31,0,0,13,4,-4.61,0.2547,1,0,196
273,6,0,0,2,1,-5.41,0.2545,1,0,196
274,28,0,0,10,4,-4.93,0.2543,1,0,196
275,45,0,0,20,5,-4.0,0.2542,1,0,196
276,14,0,0,8,2,-4.44,0.254,1,0,196
277,48,1,1,16,6,-3.88,0.2538,1,0,196
278,59,1,1,19,7,-2.84,0.2537,1,0,197
279,24,0,0,8,3,-7.09,0.2535,1,0,197
280,20,0,0,9,3,-4.3,0.2533,1,0,197
281,61,0,0,21,6,-4.36,0.2532,1,0,197
282,15,0,0,6,2,-7.4,0.253,1,0,197
283,29,1,1,14,4,-2.19,0.2528,1,0,197
284,17,0,0,7,2,-3.67,0.2527,1,0,197
285,6,0,0,3,1,-5.21,0.2525,1,0,197
286,31,1,1,10,4,-4.46,0.2523,1,0,197
287,13,0,0,5,2,-6.48,0.2522,1,0,197
288,6,0,0,1,1,-5.36,0.252,1,0,197
289,21,0,0,6,3,-5.16,0.2518,1,0,197
290,50,1,1,21,6,-1.85,0.2517,1,0,197
291,22,0,0,10,3,-4.72,0.2515,1,0,197
292,20,0,0,7,3,-7.2,0.2513,1,0,197
293,81,0,0,18,8,-8.31,0.2512,1,0,198
294,41,0,0,12,5,-5.56,0.251,1,0,198
295,45,1,1,16,6,-4.35,0.2508,1,0,198
296,49,1,1,20,6,-0.74,0.2507,1,0,198
297,30,1,1,11,4,-3.05,0.2505,1,0,198
298,13,0,0,2,1,-5.73,0.2503,1,0,198
299,15,0,0,8,2,-3.8,0.2502,1,0,198
300,7,0,0,3,1,-4.82,0.25,1,0,198
301,44,0,0,12,5,-4.09,0.2498,1,0,198
302,5,0,0,4,1,-4.45,0.2497,1,0,198
303,46,0,0,17,6,-5.21,0.2495,1,0,198
304,84,1,1,25,9,-3.04,0.2493,1,0,198
305,14,0,0,7,2,-5.59,0.2492,1,0,198
306,45,0,0,9,4,-6.85,0.249,1,0,198
307,7,0,0,2,1,-5.02,0.2488,1,0,198
308,29,0,0,10,4,-5.79,0.2487,1,0,198
309,8,0,0,4,1,-4.38,0.2485,1,0,198
310,7,0,0,3,1,-5.72,0.2483,1,0,198
311,13,0,0,3,2,-4.93,0.2482,1,0,198
312,32,0,0,9,4,-6.37,0.248,1,0,198
313,36,0,0,18,5,-2.71,0.2478,1,0,198
314,9,0,0,3,1,-5.29,0.2477,1,0,198
315,24,1,1,12,3,-3.04,0.2475,1,0,198
316,13,0,0,5,2,-6.13,0.2473,1,0,198
317,48,0,0,19,6,-5.13,0.2472,1,0,198
318,13,0,0,7,2,-5.08,0.247,1,0,198
319,17,0,0,8,2,-5.92,0.2468,1,0,198
320,98,1,1,32,12,-0.98,0.2467,0,0,199
321,35,0,0,14,5,-5.35,0.2465,1,0,199
322,194,4,4,30,16,-5.69,0.2463,0,0,201
323,48,0,0,18,6,-3.93,0.2462,1,0,201
324,29,1,1,12,4,-5.24,0.246,1,0,201
325,20,0,0,9,3,-4.05,0.2458,1,0,201
326,47,0,0,21,6,-1.97,0.2457,1,0,201
327,28,0,0,11,4,-5.28,0.2455,1,0,201
328,22,1,1,7,3,-3.77,0.2453,1,0,201
329,32,0,0,12,4,-6.52,0.2452,1,0,201
330,25,0,0,14,3,-2.7,0.245,1,0,201
331,13,0,0,6,2,-4.93,0.2448,1,0,201
332,9,0,0,5,1,-4.59,0.2447,1,0,201
333,6,0,0,3,1,-4.21,0.2445,1,0,201
334,14,0,0,6,2,-5.89,0.2443,1,0,201
335,6,0,0,2,1,-5.11,0.2442,1,0,201
336,6,0,0,3,1,-5.66,0.244,1,0,201
337,54,0,0,20,6,-3.94,0.2438,1,0,201
338,37,0,0,12,5,-7.17,0.2437,1,0,201
339,81,0,0,20,8,-6.76,0.2435,0,0,201
340,67,3,3,25,9,0.53,0.2433,1,0,201
341,81,1,1,26,10,-4.81,0.2432,1,0,201
342,20,0,0,7,3,-4.8,0.243,1,0,201
343,83,0,0,32,11,-5.13,0.2428,1,0,201
344,30,0,0,12,4,-6.3,0.2427,1,0,201
345,13,0,0,8,2,-3.88,0.2425,1,0,201
346,35,0,0,14,4,-3.8,0.2423,1,0,201
347,39,0,0,14,5,-4.24,0.2422,1,0,201
348,72,1,1,23,9,-5.62,0.242,1,0,201
349,6,0,0,4,1,-5.41,0.2418,1,0,201
350,76,1,1,28,9,-2.16,0.2417,1,0,202
351,60,0,0,21,7,-3.0,0.2415,1,0,202
352,14,0,0,6,2,-4.99,0.2413,1,0,202
353,80,1,1,30,9,-2.25,0.2412,1,0,202
354,47,1,1,20,6,-1.77,0.241,1,0,202
355,65,0,0,18,7,-7.2,0.2408,1,0,202
356,21,0,0,10,3,-4.86,0.2407,1,0,202
357,59,1,1,22,7,-5.29,0.2405,1,0,202
358,27,0,0,9,4,-6.77,0.2403,1,0,202
359,13,0,0,6,2,-4.93,0.2402,1,0,202
360,29,0,0,13,4,-3.54,0.24,1,0,202
361,21,0,0,7,3,-7.21,0.2398,1,0,202
362,53,3,3,18,6,-1.98,0.2397,1,0,202
363,21,0,0,8,3,-4.46,0.2395,1,0,202
364,29,0,0,15,3,-3.04,0.2393,1,0,202
365,29,0,0,15,4,-4.29,0.2392,1,0,202
366,42,0,0,20,5,-2.12,0.239,1,0,202
367,24,0,0,9,3,-6.24,0.2388,1,0,202
368,23,0,0,6,3,-5.63,0.2387,1,0,202
369,9,0,0,6,1,-4.74,0.2385,1,0,202
370,21,0,0,8,3,-5.46,0.2383,1,0,202
371,7,0,0,2,1,-5.02,0.2382,1,0,202
372,6,0,0,3,1,-5.66,0.238,1,0,202
373,14,0,0,6,2,-4.99,0.2378,1,0,202
374,14,0,0,6,2,-5.94,0.2377,1,0,202
375,13,0,0,6,2,-5.88,0.2375,1,0,202
376,107,2,2,27,11,-3.02,0.2373,0,0,202
377,35,0,0,16,5,-2.7,0.2372,1,0,202
378,59,0,0,19,7,-5.64,0.237,1,0,202
379,5,0,0,4,1,-4.9,0.2368,1,0,202
380,20,0,0,10,3,-3.7,0.2367,1,0,202
381,7,0,0,2,1,-4.57,0.2365,1,0,202
382,14,0,0,8,2,-3.84,0.2363,1,0,202
383,27,0,0,10,4,-5.42,0.2362,1,0,202
384,22,0,0,8,3,-6.32,0.236,1,0,202
385,23,0,0,8,3,-4.28,0.2358,1,0,202
386,21,0,0,9,3,-4.71,0.2357,1,0,202
387,15,0,0,6,2,-5.05,0.2355,1,0,202
388,45,0,0,14,6,-6.95,0.2353,1,0,202
389,38,0,0,14,5,-6.18,0.2352,1,0,202
390,28,0,0,14,4,-4.83,0.235,1,0,202
391,32,0,0,11,4,-4.57,0.2348,1,0,202
392,101,2,2,41,13,1.44,0.2347,1,0,202
393,122,1,1,26,13,-1.77,0.2345,1,0,202
394,24,0,0,13,3,-2.99,0.2343,1,0,202
395,60,0,0,16,8,-4.05,0.2342,1,0,202
396,5,0,0,4,1,-4.9,0.234,1,0,202
397,20,0,0,8,3,-5.85,0.2338,1,0,202
398,6,0,0,1,1,-5.26,0.2337,1,0,202
399,7,0,0,3,1,-4.72,0.2335,1,0,202
400,8,0,0,4,1,-5.88,0.2333,1,0,202
401,86,1,1,26,9,-2.11,0.2332,0,0,203
402,40,0,0,15,5,-5.2,0.233,1,0,203
403,5,0,0,4,1,-4.0,0.2328,1,0,203
404,7,0,0,2,1,-5.47,0.2327,1,0,203
405,6,0,0,1,1,-4.81,0.2325,1,0,203
406,51,1,1,17,7,-3.66,0.2323,1,0,203
407,6,0,0,3,1,-5.21,0.2322,1,0,203
408,28,1,1,12,4,-6.03,0.232,1,0,203
409,66,1,1,21,8,0.39,0.2318,1,0,203
410,29,0,0,10,4,-7.34,0.2317,1,0,203
411,5,0,0,4,1,-4.45,0.2315,1,0,203
412,20,0,0,8,3,-4.55,0.2313,1,0,203
413,13,0,0,6,2,-4.53,0.2312,1,0,203
414,21,0,0,8,3,-3.26,0.231,1,0,203
415,48,1,1,19,6,-0.83,0.2308,1,0,203
416,24,0,0,12,3,-3.34,0.2307,1,0,203
417,15,0,0,6,2,-5.1,0.2305,1,0,203
418,31,0,0,11,4,-4.31,0.2303,1,0,203
419,13,0,0,8,2,-4.78,0.2302,1,0,203
420,77,1,1,26,9,-1.37,0.23,1,0,203
421,7,0,0,3,1,-4.07,0.2298,1,0,203
422,70,1,1,24,9,-2.65,0.2297,1,0,203
423,5,0,0,3,1,-4.3,0.2295,1,0,203
424,24,0,0,11,3,-5.59,0.2293,1,0,203
425,43,0,0,15,5,-3.73,0.2292,1,0,203
426,106,2,2,31,13,-1.41,0.229,1,0,203
427,13,0,0,5,2,-5.58,0.2288,1,0,203
428,37,0,0,13,5,-4.67,0.2287,1,0,203
429,6,0,0,3,1,-4.21,0.2285,1,0,203
430,29,0,0,11,4,-5.29,0.2283,1,0,203
431,28,1,1,9,4,-4.23,0.2282,1,0,203
432,6,0,0,2,1,-5.51,0.228,1,0,203
433,6,0,0,3,1,-4.16,0.2278,1,0,203
434,30,0,0,11,4,-5.1,0.2277,1,0,203
435,41,1,1,19,5,-2.76,0.2275,0,0,204
436,58,0,0,18,7,-7.63,0.2273,1,0,204
437,44,1,1,17,6,-4.59,0.2272,1,0,204
438,28,0,0,12,4,-5.88,0.227,1,0,204
439,6,0,0,2,1,-4.41,0.2268,1,0,204
440,14,0,0,8,2,-4.84,0.2267,1,0,204
441,20,0,0,10,3,-4.7,0.2265,1,0,204
442,6,0,0,2,1,-5.51,0.2263,1,0,204
443,41,0,0,20,5,-2.56,0.2262,1,0,204
444,13,0,0,6,2,-4.93,0.226,1,0,204
445,31,0,1,11,4,-5.16,0.2258,1,0,204
446,21,1,1,10,3,-4.01,0.2257,1,0,204
447,27,0,0,7,3,-6.47,0.2255,1,0,204
448,44,0,0,14,6,-3.54,0.2253,1,0,204
449,28,0,0,12,4,-5.63,0.2252,1,0,204
450,28,0,0,12,4,-5.33,0.225,1,0,204
451,77,0,0,25,8,-5.42,0.2248,1,0,205
452,22,0,0,9,3,-5.57,0.2247,1,0,205
453,5,0,0,4,1,-4.45,0.2245,1,0,205
454,7,0,0,3,1,-4.27,0.2243,1,0,205
455,44,1,1,13,6,-6.74,0.2242,1,0,205
456,7,0,0,3,1,-4.27,0.224,1,0,205
457,15,0,0,8,2,-4.35,0.2238,1,0,205
458,7,0,0,3,1,-4.27,0.2237,1,0,205
459,163,1,1,33,17,-3.58,0.2235,1,0,205
460,22,1,1,7,3,-4.77,0.2233,1,0,205
461,190,7,2,36,19,-2.35,0.2232,1,0,205
462,73,1,1,23,9,-8.48,0.223,1,0,205
463,21,0,0,9,3,-5.26,0.2228,1,0,205
464,36,0,0,15,5,-3.56,0.2227,0,0,205
465,23,0,0,8,3,-4.43,0.2225,1,0,205
466,14,0,0,8,2,-4.74,0.2223,1,0,205
467,6,0,0,2,1,-4.96,0.2222,1,0,205
468,29,0,0,11,4,-5.64,0.222,1,0,205
469,40,0,0,12,5,-4.7,0.2218,1,0,205
470,43,0,0,12,5,-5.03,0.2217,1,0,205
471,21,0,0,7,3,-6.56,0.2215,1,0,205
472,20,0,0,11,3,-2.85,0.2213,1,0,205
473,28,1,1,11,4,-4.08,0.2212,1,0,205
474,28,0,0,10,4,-6.28,0.221,1,0,205
475,7,0,0,3,1,-4.62,0.2208,1,0,205
476,7,0,0,5,1,-4.52,0.2207,1,0,205
477,12,0,0,3,1,-5.27,0.2205,1,0,205
478,35,0,0,14,4,-3.8,0.2203,1,0,205
479,20,0,0,6,3,-5.55,0.2202,1,0,205
480,21,0,0,12,3,-2.36,0.22,1,0,205
481,7,0,0,2,1,-4.57,0.2198,1,0,205
482,5,0,0,4,1,-5.25,0.2197,1,0,205
483,15,0,0,4,2,-5.1,0.2195,1,0,205
484,22,0,0,9,3,-5.67,0.2193,1,0,205
485,13,0,0,8,2,-4.08,0.2192,1,0,205
486,45,0,0,21,6,-1.7,0.219,1,0,205
487,16,0,0,7,2,-4.01,0.2188,1,0,205
488,22,2,2,9,3,-3.47,0.2187,1,0,205
489,30,0,0,9,4,-4.9,0.2185,1,0,205
490,53,0,0,19,6,-6.08,0.2183,1,0,205
491,22,0,0,11,3,-3.62,0.2182,1,0,205
492,45,0,0,14,6,-3.6,0.218,1,0,205
493,5,0,0,4,1,-4.9,0.2178,1,0,205
494,6,0,0,3,1,-5.11,0.2177,1,0,205
495,40,1,1,20,5,-1.35,0.2175,1,0,205
496,47,0,0,22,6,-2.02,0.2173,1,0,205
497,72,1,1,30,9,-2.07,0.2172,1,0,205
498,20,0,0,10,3,-4.8,0.217,1,0,205
499,38,0,0,15,5,-4.68,0.2168,1,0,205
500,68,0,0,24,8,-4.53,0.2167,0,0,205
501,22,0,0,13,3,-3.92,0.2165,1,0,205
502,69,1,1,24,9,-2.99,0.2163,1,0,205
503,37,0,0,14,5,-4.07,0.2162,1,0,205
504,14,0,0,7,2,-4.59,0.216,1,0,205
505,21,1,1,8,3,-3.81,0.2158,1,0,205
506,87,1,1,37,11,-0.72,0.2157,1,0,205
507,43,0,0,10,5,-5.73,0.2155,1,0,205
508,42,0,0,13,5,-6.67,0.2153,1,0,205
509,74,1,1,28,10,-3.79,0.2152,1,0,205
510,80,2,2,31,9,-1.5,0.215,1,0,205
511,38,0,0,15,5,-4.58,0.2148,1,0,205
512,33,0,0,16,4,-2.38,0.2147,1,0,205
513,22,0,0,12,3,-3.02,0.2145,1,0,205
514,62,1,1,26,8,-3.82,0.2143,0,0,205
515,13,0,0,5,2,-4.73,0.2142,1,0,205
516,21,0,0,11,3,-3.56,0.214,1,0,205
517,45,0,0,18,6,-2.25,0.2138,1,0,205
518,9,0,0,1,1,-5.44,0.2137,1,0,205
519,47,1,1,20,6,-2.07,0.2135,1,0,205
520,63,0,0,20,8,-5.98,0.2133,1,0,205
521,25,0,0,15,3,-2.3,0.2132,1,0,205
522,6,0,0,3,1,-5.66,0.213,1,0,205
523,29,0,0,14,4,-2.59,0.2128,1,0,205
524,20,1,2,8,3,-3.3,0.2127,1,0,205
525,6,0,0,3,1,-4.21,0.2125,1,0,205
526,15,0,0,7,2,-4.1,0.2123,1,0,205
527,125,2,2,35,13,-0.8,0.2122,1,0,205
528,28,1,1,15,4,-4.13,0.212,1,0,205
529,13,0,0,6,2,-4.53,0.2118,1,0,205
530,13,0,0,6,2,-4.83,0.2117,1,0,205
531,62,1,1,21,8,-1.67,0.2115,1,0,205
532,66,0,0,25,8,-2.66,0.2113,1,0,205
533,28,1,1,16,4,-1.13,0.2112,1,0,205
534,36,0,0,12,5,-4.56,0.211,1,0,205
535,34,0,0,17,5,-4.34,0.2108,1,0,205
536,40,0,0,14,5,-5.1,0.2107,1,0,206
537,28,0,0,12,4,-4.78,0.2105,1,0,206
538,45,1,1,18,6,-3.05,0.2103,1,0,206
539,20,0,0,10,3,-5.15,0.2102,1,0,206
540,94,1,1,27,11,-6.14,0.21,0,0,211
541,112,1,1,29,13,-3.02,0.2098,1,0,211
542,62,0,0,24,7,-3.32,0.2097,1,0,211
543,101,1,1,27,10,-2.76,0.2095,0,0,212
544,14,0,0,2,2,-6.19,0.2093,1,0,212
545,78,3,3,30,10,-1.53,0.2092,1,0,212
546,68,2,2,24,8,-1.18,0.209,1,0,212
547,162,0,0,35,17,-6.37,0.2088,1,0,213
548,69,3,3,29,9,-0.54,0.2087,1,0,213
549,23,1,1,14,3,-2.08,0.2085,1,0,213
550,59,1,1,22,7,-1.94,0.2083,1,0,213
551,14,0,0,5,2,-5.29,0.2082,1,0,213
552,6,0,0,3,1,-4.36,0.208,1,0,213
553,6,0,0,2,1,-5.51,0.2078,1,0,213
554,54,1,1,20,6,-3.09,0.2077,1,0,213
555,20,0,0,7,3,-5.35,0.2075,1,0,213
556,45,0,0,20,6,-3.7,0.2073,1,0,213
557,13,0,0,4,2,-5.98,0.2072,1,0,213
558,7,0,0,3,1,-4.72,0.207,1,0,213
559,15,0,0,4,2,-5.55,0.2068,1,0,213
560,6,0,0,2,1,-4.41,0.2067,1,0,213
561,27,1,1,15,4,-2.82,0.2065,1,0,213
562,20,0,0,11,3,-3.4,0.2063,1,0,213
563,32,0,0,14,4,-2.57,0.2062,1,0,213
564,96,2,2,32,11,-2.51,0.206,1,0,213
565,36,0,0,12,5,-5.51,0.2058,1,0,213
566,29,0,0,7,4,-5.84,0.2057,1,0,213
567,31,1,1,12,4,-4.36,0.2055,1,0,213
568,20,0,0,9,3,-4.6,0.2053,1,0,213
569,37,0,0,13,5,-4.57,0.2052,1,0,213
570,22,0,0,9,3,-5.22,0.205,1,0,213
571,23,0,0,11,3,-4.03,0.2048,1,0,213
572,67,2,2,29,8,0.53,0.2047,0,0,213
573,36,1,1,19,5,-2.81,0.2045,1,0,213
574,112,2,2,42,14,2.93,0.2043,1,0,214
575,14,0,0,7,2,-5.09,0.2042,1,0,214
576,21,0,0,9,3,-4.71,0.204,1,0,214
577,14,0,0,6,2,-4.54,0.2038,1,0,214
578,30,0,0,11,4,-5.75,0.2037,1,0,214
579,86,1,1,27,10,-4.86,0.2035,1,0,214
580,22,0,0,9,3,-4.32,0.2033,1,0,214
581,16,0,0,6,2,-6.01,0.2032,1,0,214
582,55,2,2,17,6,-1.45,0.203,1,0,214
583,21,0,0,7,3,-5.21,0.2028,1,0,214
584,97,2,2,30,11,-3.27,0.2027,1,0,214
585,30,1,1,11,4,-3.15,0.2025,1,0,214
586,29,0,0,12,4,-5.84,0.2023,1,0,214
587,48,1,1,17,6,-2.88,0.2022,1,0,214
588,14,0,0,7,2,-4.04,0.202,1,0,214
589,29,0,0,10,4,-5.99,0.2018,1,0,214
590,20,0,0,7,3,-5.75,0.2017,1,0,214
591,59,0,0,18,8,-4.29,0.2015,1,0,214
592,69,0,0,24,8,-3.69,0.2013,1,0,214
593,7,0,0,3,1,-4.27,0.2012,1,0,214
594,89,2,2,26,11,-3.14,0.201,1,0,214
595,5,0,0,4,1,-4.9,0.2008,1,0,214
596,5,0,0,0,1,-6.05,0.2007,1,0,214
597,36,0,0,11,4,-4.26,0.2005,0,0,214
598,37,0,0,12,4,-4.02,0.2003,1,0,214
599,5,0,0,4,1,-4.45,0.2002,1,0,214
600,28,0,0,12,4,-4.38,0.2,1,0,214
601,13,0,0,4,2,-6.53,0.1998,1,0,214
602,31,0,0,11,4,-6.61,0.1997,1,0,214
603,124,1,1,29,14,-6.04,0.1995,0,0,214
604,20,0,0,9,3,-5.0,0.1993,1,0,214
605,20,0,0,9,3,-4.15,0.1992,1,0,214
606,21,0,0,9,3,-6.71,0.199,1,0,214
607,21,0,0,9,3,-4.16,0.1988,1,0,214
608,60,0,0,22,7,-3.8,0.1987,1,0,214
609,89,1,1,30,10,-2.24,0.1985,0,0,216
610,20,0,0,8,3,-4.95,0.1983,1,0,216
611,21,2,2,8,3,-1.71,0.1982,1,0,216
612,22,0,0,8,3,-5.97,0.198,1,0,216
613,70,0,0,22,9,-5.55,0.1978,1,0,216
614,6,0,0,2,1,-5.01,0.1977,1,0,216
615,76,2,2,23,9,-2.21,0.1975,1,0,216
616,170,1,1,38,17,-4.25,0.1973,0,0,217
617,59,0,0,19,7,-3.99,0.1972,0,0,217
618,81,1,1,26,10,-2.81,0.197,1,0,219
619,113,1,1,35,13,-1.68,0.1968,1,0,219
620,6,0,0,3,1,-4.76,0.1967,1,0,219
621,71,1,1,25,8,-4.26,0.1965,1,0,219
622,20,0,0,8,3,-6.05,0.1963,1,0,219
623,55,2,2,18,6,-2.45,0.1962,1,0,219
624,27,0,0,10,4,-6.32,0.196,1,0,219
625,70,1,1,21,9,-3.85,0.1958,1,0,219
626,20,0,0,8,3,-4.85,0.1957,1,0,219
627,94,0,0,30,10,-2.09,0.1955,1,0,219
628,7,0,0,3,1,-5.72,0.1953,1,0,219
629,129,1,1,30,13,-1.59,0.1952,1,0,219
630,30,0,0,10,4,-4.9,0.195,1,0,219
631,31,0,0,14,4,-4.36,0.1948,1,0,219
632,30,0,0,10,4,-4.95,0.1947,1,0,219
633,112,8,3,31,12,6.03,0.1945,1,0,219
634,47,2,2,17,6,-3.12,0.1943,1,0,219
635,22,0,0,8,3,-5.42,0.1942,1,0,219
636,14,0,0,7,2,-4.94,0.194,1,0,219
637,7,0,0,3,1,-4.17,0.1938,1,0,219
638,83,0,0,18,9,-6.63,0.1937,0,0,219
639,16,0,0,5,2,-4.96,0.1935,1,0,219
640,15,0,0,9,2,-3.5,0.1933,1,0,219
641,6,0,0,3,1,-4.66,0.1932,1,0,219
642,29,0,0,16,4,-2.99,0.193,1,0,219
643,8,0,0,3,1,-4.23,0.1928,1,0,219
644,22,0,0,11,3,-3.02,0.1927,1,0,219
645,75,2,2,20,9,-2.0,0.1925,0,0,220
646,7,0,0,3,1,-4.72,0.1923,1,0,220
647,90,2,2,24,10,-4.1,0.1922,1,0,220
648,72,0,0,24,9,-4.22,0.192,1,0,220
649,104,2,2,28,9,-2.39,0.1918,1,0,220
650,91,3,3,30,11,-0.36,0.1917,1,0,220
651,373,2,2,31,24,-17.23,0.1915,0,0,220
652,77,2,2,23,8,-2.67,0.1913,1,0,220
653,190,1,1,32,19,-5.65,0.1912,1,0,220
654,114,0,0,20,13,-5.24,0.191,1,0,220
655,21,0,0,8,3,-4.56,0.1908,1,0,220
656,14,0,0,6,2,-4.49,0.1907,1,0,220
657,47,0,0,18,6,-2.17,0.1905,1,0,220
658,5,0,0,4,1,-4.0,0.1903,1,0,220
659,106,0,0,13,12,-8.16,0.1902,1,0,220
660,39,0,0,11,5,-8.29,0.19,1,0,220
661,25,0,0,7,3,-5.8,0.1898,1,0,220
662,21,0,0,9,3,-5.16,0.1897,1,0,220
663,92,2,2,19,10,-6.47,0.1895,1,0,220
664,22,0,0,9,3,-4.17,0.1893,1,0,220
665,6,0,0,2,1,-4.41,0.1892,1,0,220
666,25,0,0,11,3,-2.35,0.189,1,0,220
667,14,0,0,8,2,-4.44,0.1888,1,0,220
668,14,0,0,6,2,-5.99,0.1887,1,0,220
669,15,0,0,6,2,-5.95,0.1885,1,0,220
670,47,1,1,19,6,-1.67,0.1883,1,0,220
671,14,0,0,8,2,-3.64,0.1882,1,0,220
672,20,0,0,10,3,-4.25,0.188,1,0,220
673,14,0,0,7,2,-4.24,0.1878,1,0,220
674,7,0,0,2,1,-5.02,0.1877,1,0,220
675,64,2,2,19,8,-2.34,0.1875,0,0,220
676,6,0,0,3,1,-5.21,0.1873,1,0,220
677,51,1,1,24,7,-3.51,0.1872,1,0,220
678,35,0,0,15,5,-5.25,0.187,1,0,220
679,21,0,0,9,3,-6.11,0.1868,1,0,220
680,21,0,0,11,3,-2.56,0.1867,1,0,220
681,20,0,0,9,3,-4.55,0.1865,1,0,220
682,13,0,0,5,2,-5.23,0.1863,1,0,220
683,31,0,0,11,4,-6.11,0.1862,1,0,220
684,34,0,0,14,5,-5.39,0.186,1,0,220
685,36,1,1,15,5,-4.26,0.1858,1,0,220
686,8,0,0,2,1,-5.53,0.1857,1,0,220
687,7,0,0,5,1,-3.47,0.1855,1,0,220
688,189,3,3,32,18,-6.49,0.1853,1,0,222
689,15,0,0,8,2,-3.95,0.1852,1,0,222
690,77,1,1,25,9,-2.57,0.185,1,0,222
691,14,0,0,7,2,-4.59,0.1848,1,0,222
692,13,0,0,4,2,-5.88,0.1847,1,0,222
693,7,0,0,3,1,-4.17,0.1845,1,0,222
694,70,4,4,26,8,0.8,0.1843,1,0,222
695,28,0,0,13,4,-4.68,0.1842,1,0,222
696,170,2,2,36,16,-1.6,0.184,1,0,222
697,31,0,0,13,4,-4.11,0.1838,1,0,222
698,6,0,0,3,1,-5.11,0.1837,1,0,222
699,25,1,1,8,3,-5.45,0.1835,1,0,222
700,25,0,0,8,3,-5.6,0.1833,1,0,222
701,22,0,0,9,3,-5.07,0.1832,1,0,222
702,7,0,0,6,1,-3.27,0.183,1,0,222
703,14,0,0,6,2,-5.34,0.1828,1,0,222
704,13,0,0,6,2,-5.48,0.1827,1,0,222
705,85,1,1,31,10,1.65,0.1825,1,0,222
706,13,0,0,4,2,-6.53,0.1823,1,0,222
707,59,0,0,22,7,-2.54,0.1822,1,0,222
708,23,0,0,9,3,-4.28,0.182,1,0,222
709,5,0,0,3,1,-4.3,0.1818,1,0,222
710,29,0,0,14,4,-3.84,0.1817,1,0,222
711,28,0,0,11,4,-5.28,0.1815,1,0,222
712,83,3,3,33,10,-0.13,0.1813,1,0,222
713,5,0,0,4,1,-3.8,0.1812,1,0,222
714,13,0,0,8,2,-4.33,0.181,1,0,222
715,30,1,1,14,4,-3.6,0.1808,1,0,222
716,90,2,2,33,10,0.75,0.1807,1,0,222
717,45,0,0,18,6,-3.75,0.1805,1,0,222
718,6,0,0,3,1,-5.21,0.1803,1,0,222
719,60,0,0,28,7,0.0,0.1802,1,0,222
720,49,0,0,20,7,-4.64,0.18,0,0,224
721,6,0,0,3,1,-4.21,0.1798,1,0,224
722,13,0,0,8,2,-4.23,0.1797,1,0,224
723,46,0,0,16,6,-3.96,0.1795,1,0,224
724,64,0,0,21,8,-7.24,0.1793,1,0,224
725,29,0,0,7,4,-6.89,0.1792,1,0,224
726,64,0,0,20,8,-4.14,0.179,1,0,224
727,52,0,0,19,7,-1.12,0.1788,1,0,224
728,14,0,0,5,2,-4.84,0.1787,1,0,224
729,126,3,3,35,12,-0.16,0.1785,1,0,224
730,21,0,0,8,3,-5.06,0.1783,1,0,224
731,27,1,1,13,4,-3.47,0.1782,1,0,224
732,30,0,0,10,4,-6.1,0.178,1,0,224
733,67,0,0,21,8,-2.37,0.1778,1,0,224
734,6,0,0,2,1,-4.96,0.1777,1,0,224
735,7,0,0,3,1,-4.27,0.1775,1,0,224
736,29,0,0,10,4,-5.89,0.1773,1,0,224
737,67,1,1,23,8,-3.22,0.1772,1,0,224
738,20,0,0,9,3,-4.75,0.177,1,0,224
739,22,0,0,7,3,-3.77,0.1768,1,0,224
740,5,0,0,3,1,-4.3,0.1767,1,0,224
741,14,0,0,5,2,-5.29,0.1765,1,0,224
742,28,0,0,12,4,-5.23,0.1763,1,0,224
743,58,0,0,23,8,-3.68,0.1762,1,0,224
744,81,6,1,24,9,2.09,0.176,1,0,224
745,74,1,1,28,10,-0.54,0.1758,0,0,224
746,60,1,1,23,8,-1.55,0.1757,1,0,224
747,45,0,0,19,6,-2.4,0.1755,1,0,224
748,7,0,0,3,1,-4.22,0.1753,1,0,224
749,138,2,2,28,14,-1.78,0.1752,1,0,224
750,28,0,0,11,4,-6.13,0.175,1,0,224
751,6,0,0,3,1,-4.11,0.1748,1,0,224
752,7,0,0,3,1,-4.17,0.1747,1,0,224
753,6,0,0,3,1,-4.21,0.1745,1,0,224
754,25,0,0,9,3,-5.65,0.1743,1,0,224
755,60,1,1,30,8,-0.3,0.1742,1,0,224
756,83,1,1,24,10,-4.93,0.174,1,0,224
757,93,3,3,24,11,-2.78,0.1738,1,0,224
758,40,0,0,14,5,-3.8,0.1737,1,0,224
759,64,2,2,23,8,-2.84,0.1735,1,0,224
760,50,0,0,14,6,-8.7,0.1733,1,0,224
761,72,1,1,22,8,-2.22,0.1732,1,0,224
762,23,0,0,6,3,-6.08,0.173,1,0,224
763,27,0,0,10,4,-4.77,0.1728,1,0,224
764,5,0,0,2,1,-4.6,0.1727,1,0,224
765,10,0,0,5,1,-3.65,0.1725,1,0,224
766,32,0,0,16,4,-2.47,0.1723,1,0,224
767,117,2,2,27,12,-0.82,0.1722,1,0,224
768,13,0,0,8,2,-3.78,0.172,1,0,224
769,64,2,2,21,8,-1.54,0.1718,1,0,224
770,29,1,1,14,4,-2.29,0.1717,1,0,224
771,5,0,0,2,1,-4.55,0.1715,1,0,224
772,21,0,0,11,3,-5.96,0.1713,1,0,224
773,61,0,0,19,7,-3.26,0.1712,1,0,224
774,38,1,1,18,5,-2.93,0.171,1,0,224
775,42,1,1,14,5,-3.42,0.1708,1,0,224
776,37,0,0,16,5,-5.67,0.1707,1,0,224
777,7,0,0,4,1,-4.87,0.1705,1,0,224
778,20,0,0,12,3,-2.25,0.1703,1,0,224
779,28,1,1,10,4,-4.83,0.1702,1,0,224
780,27,0,0,14,4,-5.67,0.17,1,0,224
781,50,0,0,16,6,-2.35,0.1698,1,0,224
782,7,0,0,2,1,-4.57,0.1697,1,0,224
783,14,0,0,5,2,-5.34,0.1695,1,0,224
784,55,1,1,25,7,-1.7,0.1693,1,0,224
785,35,1,1,16,5,-2.8,0.1692,1,0,224
786,37,0,0,16,5,-3.17,0.169,1,0,224
787,45,1,1,22,6,-4.45,0.1688,1,0,224
788,6,0,0,2,1,-5.51,0.1687,1,0,224
789,17,0,0,7,2,-3.67,0.1685,1,0,224
790,13,0,0,5,2,-5.58,0.1683,1,0,224
791,92,1,1,25,11,-5.87,0.1682,1,0,224
792,86,2,2,33,11,-1.21,0.168,1,0,224
793,97,7,2,29,11,5.28,0.1678,1,0,224
794,6,0,0,3,1,-4.21,0.1677,1,0,224
795,36,1,1,16,5,-2.71,0.1675,1,0,224
796,46,1,1,18,6,-2.31,0.1673,1,0,224
797,62,0,0,21,8,-3.42,0.1672,1,0,224
798,5,0,0,4,1,-4.0,0.167,1,0,224
799,81,2,2,29,10,-1.81,0.1668,1,0,224
800,20,0,0,7,3,-5.35,0.1667,1,0,224
801,167,2,2,29,13,-7.27,0.1665,1,0,224
802,30,0,0,11,4,-5.25,0.1663,1,0,224
803,7,0,0,2,1,-4.57,0.1662,1,0,224
804,13,0,0,9,2,-3.53,0.166,1,0,224
805,93,4,4,27,12,1.92,0.1658,1,0,224
806,5,0,0,0,1,-5.6,0.1657,1,0,224
807,28,1,1,12,4,-2.73,0.1655,1,0,224
808,22,0,0,9,3,-3.67,0.1653,1,0,224
809,60,0,0,22,7,-3.8,0.1652,1,0,224
810,14,0,0,4,2,-5.14,0.165,1,0,224
811,35,0,0,15,5,-5.2,0.1648,1,0,224
812,13,0,0,8,2,-3.38,0.1647,1,0,224
813,90,1,1,28,10,-2.35,0.1645,0,0,224
814,51,0,0,17,6,-3.56,0.1643,1,0,224
815,65,0,0,24,8,-4.3,0.1642,1,0,224
816,6,0,0,2,1,-5.51,0.164,1,0,224
817,27,0,0,11,4,-4.12,0.1638,1,0,224
818,39,0,0,13,5,-5.34,0.1637,1,0,224
819,100,2,2,28,11,-0.2,0.1635,1,0,224
820,45,0,0,20,6,-1.8,0.1633,1,0,224
821,45,0,0,18,6,-6.25,0.1632,1,0,224
822,63,2,2,22,8,-2.18,0.163,1,0,224
823,26,0,0,8,3,-5.51,0.1628,1,0,224
824,47,0,0,19,6,-3.27,0.1627,1,0,224
825,47,0,0,17,6,-3.27,0.1625,1,0,224
826,29,0,0,9,4,-5.89,0.1623,1,0,224
827,51,0,0,19,7,-5.01,0.1622,1,0,224
828,23,0,0,12,3,-4.23,0.162,1,0,224
829,14,0,0,10,2,-3.04,0.1618,1,0,224
830,62,1,1,26,8,-0.12,0.1617,1,0,224
831,5,0,0,4,1,-4.0,0.1615,1,0,224
832,21,0,0,9,3,-7.01,0.1613,1,0,224
833,7,0,0,3,1,-5.17,0.1612,1,0,224
834,68,2,2,25,8,1.02,0.161,1,0,224
835,7,0,0,3,1,-4.62,0.1608,1,0,224
836,14,0,0,8,2,-5.14,0.1607,1,0,224
837,58,0,0,25,8,-4.03,0.1605,1,0,224
838,13,0,0,7,2,-4.68,0.1603,1,0,224
839,24,0,0,10,3,-4.54,0.1602,1,0,225
840,23,0,0,10,3,-5.18,0.16,1,0,225
841,6,0,0,3,1,-4.21,0.1598,1,0,225
842,22,0,0,9,3,-5.17,0.1597,1,0,225
843,103,1,1,34,13,0.47,0.1595,1,0,225
844,14,0,0,4,2,-5.59,0.1593,1,0,225
845,30,0,0,13,4,-6.5,0.1592,1,0,225
846,69,2,2,22,8,-2.34,0.159,0,0,225
847,61,1,1,21,7,-2.56,0.1588,1,0,225
848,15,0,0,7,2,-3.7,0.1587,1,0,225
849,10,0,0,3,1,-4.8,0.1585,1,0,225
850,89,0,0,33,11,-3.19,0.1583,1,0,225
851,20,0,0,7,3,-4.9,0.1582,1,0,225
852,62,0,0,26,8,-1.22,0.158,1,0,225
853,28,0,0,15,4,-2.93,0.1578,1,0,225
854,13,0,0,6,2,-5.48,0.1577,1,0,225
855,21,0,0,9,3,-5.16,0.1575,1,0,225
856,31,1,1,11,4,-2.51,0.1573,1,0,225
857,45,0,0,18,6,-2.4,0.1572,1,0,225
858,102,3,3,38,13,2.53,0.157,1,0,225
859,40,2,2,21,5,0.25,0.1568,1,0,225
860,14,0,0,8,2,-4.84,0.1567,1,0,225
861,29,0,0,16,4,-2.14,0.1565,1,0,225
862,13,0,0,8,2,-4.28,0.1563,1,0,225
863,49,3,3,21,7,-0.64,0.1562,1,0,225
864,7,0,0,3,1,-4.27,0.156,1,0,225
865,6,0,0,2,1,-5.51,0.1558,1,0,225
866,82,0,0,25,11,-4.47,0.1557,1,0,225
867,66,1,1,20,8,-2.96,0.1555,1,0,225
868,56,1,1,23,7,-2.26,0.1553,1,0,225
869,22,0,0,10,3,-3.32,0.1552,1,0,225
870,21,0,0,11,3,-4.01,0.155,1,0,225
871,90,2,2,29,11,0.1,0.1548,0,0,227
872,21,0,0,10,3,-4.31,0.1547,1,0,227
873,35,0,0,15,5,-5.0,0.1545,1,0,227
874,59,1,1,23,7,-2.49,0.1543,0,0,227
875,70,1,1,25,8,-3.55,0.1542,1,0,227
876,36,0,0,17,5,-4.81,0.154,1,0,227
877,47,0,0,20,6,-0.37,0.1538,1,0,227
878,21,0,0,10,3,-3.96,0.1537,1,0,227
879,28,0,0,12,4,-4.48,0.1535,1,0,227
880,20,1,1,8,3,-4.45,0.1533,1,0,227
881,68,1,1,25,8,-0.88,0.1532,1,0,227
882,21,0,0,7,3,-4.91,0.153,1,0,227
883,111,1,1,33,12,-0.56,0.1528,0,0,227
884,38,1,1,13,5,-2.98,0.1527,1,0,227
885,34,0,0,14,5,-3.39,0.1525,1,0,227
886,13,0,0,5,2,-3.58,0.1523,1,0,227
887,22,0,0,8,3,-4.57,0.1522,1,0,227
888,68,0,0,31,9,-2.88,0.152,1,0,227
889,14,0,0,6,2,-4.39,0.1518,1,0,227
890,13,0,0,6,2,-4.03,0.1517,1,0,227
891,45,1,1,22,6,-4.0,0.1515,1,0,227
892,123,2,2,33,14,-2.88,0.1513,1,0,227
893,7,0,0,3,1,-5.72,0.1512,1,0,227
894,79,3,3,30,9,0.46,0.151,0,0,227
895,118,1,1,27,12,-6.68,0.1508,1,0,227
896,6,0,0,2,1,-4.61,0.1507,1,0,227
897,5,0,0,1,1,-4.8,0.1505,1,0,227
898,93,1,1,36,11,1.37,0.1503,1,0,227
899,28,0,0,8,4,-5.08,0.1502,1,0,227
900,7,0,0,4,1,-5.42,0.15,1,0,227
901,31,0,0,13,4,-3.56,0.1498,1,0,227
902,20,1,1,10,3,-4.25,0.1497,1,0,227
903,45,0,0,18,6,-3.8,0.1495,1,0,227
904,111,3,3,40,13,3.74,0.1493,1,0,227
905,41,0,0,14,5,-3.86,0.1492,1,0,227
906,20,0,0,6,3,-5.6,0.149,1,0,227
907,30,1,1,15,4,-0.85,0.1488,1,0,227
908,80,1,1,24,8,-3.55,0.1487,1,0,227
909,6,0,0,3,1,-5.21,0.1485,1,0,227
910,14,0,0,6,2,-4.59,0.1483,1,0,227
911,30,0,0,12,4,-3.0,0.1482,1,0,227
912,7,0,0,2,1,-4.57,0.148,1,0,227
913,27,0,0,10,4,-5.52,0.1478,1,0,227
914,146,3,3,31,14,-1.96,0.1477,0,0,227
915,29,0,0,13,4,-3.74,0.1475,1,0,227
916,60,1,1,20,7,-1.5,0.1473,1,0,227
917,37,1,1,17,5,-0.87,0.1472,1,0,227
918,37,0,0,14,5,-3.52,0.147,1,0,227
919,97,1,1,33,11,0.93,0.1468,1,0,227
920,21,0,0,8,3,-4.86,0.1467,1,0,227
921,5,0,0,4,1,-4.45,0.1465,1,0,227
922,210,4,4,32,16,-8.65,0.1463,0,0,228
923,6,0,0,3,1,-4.76,0.1462,1,0,228
924,21,1,1,11,3,-2.86,0.146,1,0,228
925,21,0,0,7,3,-5.31,0.1458,1,0,228
926,111,2,2,31,13,-1.26,0.1457,0,0,228
927,7,0,0,1,1,-4.87,0.1455,1,0,228
928,21,0,0,11,3,-4.11,0.1453,1,0,228
929,93,2,2,34,11,1.57,0.1452,1,0,228
930,82,2,2,33,10,-0.77,0.145,0,0,230
931,20,0,0,9,3,-4.95,0.1448,1,0,230
932,21,0,0,9,3,-6.16,0.1447,1,0,230
933,48,1,1,17,6,-1.73,0.1445,1,0,230
934,123,3,3,38,14,-0.23,0.1443,0,0,231
935,34,0,0,13,5,-4.09,0.1442,1,0,231
936,20,0,0,10,3,-4.9,0.144,1,0,231
937,15,0,0,8,2,-5.25,0.1438,1,0,231
938,27,0,0,10,4,-4.92,0.1437,1,0,231
939,51,1,1,17,7,-3.21,0.1435,1,0,231
940,29,0,0,15,4,-3.29,0.1433,1,0,231
941,67,0,0,28,9,-1.67,0.1432,1,0,231
942,5,0,0,4,1,-4.0,0.143,1,0,231
943,28,0,0,13,4,-5.13,0.1428,1,0,231
944,140,5,0,36,15,1.75,0.1427,1,0,231
945,20,1,1,9,3,-3.6,0.1425,1,0,231
946,14,0,0,5,2,-5.29,0.1423,1,0,231
947,53,1,1,25,7,-0.13,0.1422,1,0,231
948,74,1,1,22,9,-5.14,0.142,1,0,231
949,72,0,0,24,9,-3.97,0.1418,1,0,231
950,20,0,0,7,3,-5.8,0.1417,1,0,231
951,93,6,1,25,9,2.62,0.1415,0,0,231
952,109,4,4,28,11,1.71,0.1413,1,0,233
953,82,0,0,28,11,-9.37,0.1412,1,0,233
954,56,0,0,18,7,-2.96,0.141,1,0,233
955,5,0,0,4,1,-4.25,0.1408,1,0,233
956,30,0,0,12,4,-4.45,0.1407,1,0,233
957,24,0,0,8,3,-4.64,0.1405,1,0,233
958,31,1,1,9,4,-5.61,0.1403,1,0,233
959,137,1,1,24,14,-7.42,0.1402,0,0,234
960,35,0,0,14,5,-4.85,0.14,1,0,234
961,49,0,0,18,6,-3.19,0.1398,1,0,234
962,111,2,2,31,11,-1.56,0.1397,1,0,235
963,74,0,0,32,9,0.06,0.1395,1,0,235
964,21,0,0,10,3,-3.96,0.1393,1,0,235
965,68,0,0,20,8,-4.58,0.1392,1,0,235
966,20,0,0,9,3,-5.5,0.139,1,0,235
967,15,0,0,7,2,-4.2,0.1388,1,0,235
968,200,1,1,35,16,-6.0,0.1387,1,0,236
969,20,0,0,9,3,-4.0,0.1385,1,0,236
970,20,0,0,9,3,-5.2,0.1383,1,0,236
971,20,0,0,8,3,-4.55,0.1382,1,0,236
972,45,0,0,21,6,0.05,0.138,1,0,236
973,21,0,0,8,3,-5.41,0.1378,1,0,236
974,6,0,0,3,1,-5.21,0.1377,1,0,236
975,116,3,3,30,12,0.39,0.1375,1,0,236
976,45,1,1,16,6,-2.25,0.1373,1,0,238
977,129,2,2,30,13,-2.14,0.1372,1,0,238
978,27,0,0,10,4,-4.57,0.137,1,0,238
979,60,1,1,22,7,-4.7,0.1368,1,0,238
980,45,0,0,13,5,-4.3,0.1367,0,0,238
981,171,4,4,35,17,0.49,0.1365,1,0,238
982,14,0,0,5,2,-4.79,0.1363,1,0,238
983,36,0,0,14,5,-3.81,0.1362,1,0,238
984,61,0,0,27,8,-1.96,0.136,1,0,238
985,36,1,1,13,5,-5.36,0.1358,1,0,238
986,57,2,2,18,7,-1.87,0.1357,1,0,238
987,23,0,0,6,3,-5.08,0.1355,1,0,238
988,37,0,0,13,5,-5.62,0.1353,1,0,238
989,133,0,0,34,14,-2.33,0.1352,1,0,238
990,7,0,0,5,1,-4.12,0.135,1,0,238
991,50,0,0,15,6,-3.3,0.1348,1,0,238
992,71,0,0,27,10,-5.61,0.1347,1,0,238
993,68,1,1,31,9,1.12,0.1345,1,0,238
994,13,0,0,8,2,-3.28,0.1343,1,0,238
995,28,1,1,8,4,-5.93,0.1342,1,0,238
996,39,2,2,16,4,-0.14,0.134,1,0,238
997,45,0,0,23,6,-1.7,0.1338,1,0,238
998,102,1,1,28,12,-4.12,0.1337,1,0,238
999,99,0,0,42,13,-2.29,0.1335,1,0,238
1000,30,0,0,13,4,-4.5,0.1333,1,0,238
1001,63,0,0,19,7,-2.38,0.1332,1,0,238
1002,75,1,1,30,10,0.6,0.133,1,0,238
1003,5,0,0,3,1,-5.2,0.1328,1,0,238
1004,69,3,3,25,9,3.21,0.1327,1,0,238
1005,41,0,0,16,5,-2.86,0.1325,1,0,238
1006,28,0,0,10,4,-6.53,0.1323,1,0,238
1007,83,1,1,29,9,-1.03,0.1322,1,0,238
1008,74,2,2,26,9,-0.74,0.132,1,0,238
1009,93,1,1,24,10,-4.88,0.1318,0,0,238
1010,29,0,0,16,4,-3.14,0.1317,1,0,238
1011,92,3,3,26,10,-0.87,0.1315,1,0,238
1012,204,1,1,28,17,-7.64,0.1313,1,0,238
1013,80,1,1,25,9,-2.85,0.1312,1,0,238
1014,139,2,2,35,15,-3.54,0.131,1,0,238
1015,50,0,0,21,7,-2.55,0.1308,1,0,238
1016,39,0,0,16,5,-2.29,0.1307,1,0,238
1017,63,1,1,24,9,-5.38,0.1305,1,0,238
1018,73,1,1,22,9,-2.48,0.1303,1,0,238
1019,21,0,0,7,3,-3.76,0.1302,1,0,238
1020,20,0,0,9,3,-5.1,0.13,1,0,238
1021,23,0,0,11,3,-4.38,0.1298,1,0,238
1022,98,1,1,29,11,-3.28,0.1297,1,0,238
1023,42,0,0,15,5,-5.82,0.1295,1,0,238
1024,37,0,0,16,5,-3.92,0.1293,1,0,238
1025,81,0,0,28,8,-1.86,0.1292,0,0,238
1026,14,0,0,11,2,-3.39,0.129,1,0,238
1027,15,0,0,8,2,-4.2,0.1288,1,0,238
1028,82,1,1,32,10,1.78,0.1287,1,0,238
1029,20,0,0,8,3,-5.4,0.1285,1,0,238
1030,53,0,0,18,6,-3.48,0.1283,1,0,238
1031,20,0,0,8,3,-5.05,0.1282,1,0,238
1032,63,1,1,28,8,1.07,0.128,1,0,238
1033,68,2,2,23,9,0.82,0.1278,0,0,238
1034,13,0,0,6,2,-4.43,0.1277,1,0,238
1035,76,3,3,29,10,1.39,0.1275,0,0,238
1036,84,1,1,38,10,2.61,0.1273,1,0,238
1037,24,0,0,9,3,-4.74,0.1272,1,0,238
1038,60,1,1,24,8,-1.05,0.127,1,0,238
1039,13,0,0,5,2,-4.68,0.1268,1,0,238
1040,118,2,2,26,12,-2.53,0.1267,1,0,238
1041,43,3,3,15,6,-0.88,0.1265,1,0,238
1042,20,0,0,9,3,-5.1,0.1263,1,0,238
1043,94,1,1,37,13,-2.39,0.1262,1,0,238
1044,51,0,0,14,7,-6.66,0.126,1,0,238
1045,66,0,0,22,8,-1.91,0.1258,1,0,238
1046,400,1,1,45,22,-15.7,0.1257,0,1,238
1047,95,4,4,34,12,4.55,0.1255,1,0,238
1048,58,0,0,19,8,-3.83,0.1253,1,0,238
1049,146,1,1,35,17,-2.71,0.1252,1,0,238
1050,70,2,2,22,8,-2.2,0.125,0,0,238
1051,21,1,1,9,3,-2.16,0.1248,1,0,238
1052,59,0,0,24,8,-1.54,0.1247,0,0,238
1053,89,2,2,32,11,1.16,0.1245,1,0,238
1054,6,0,0,2,1,-4.41,0.1243,1,0,238
1055,116,1,1,12,5,-8.16,0.1242,1,0,238
1056,43,0,0,14,6,-5.98,0.124,1,0,238
1057,20,1,1,8,3,-4.3,0.1238,1,0,238
1058,85,0,0,33,10,0.8,0.1237,1,0,238
1059,43,1,1,19,6,-2.28,0.1235,1,0,238
1060,38,0,0,20,5,-4.48,0.1233,1,0,238
1061,71,6,1,21,9,0.69,0.1232,1,0,238
1062,13,0,0,6,2,-3.83,0.123,1,0,238
1063,40,0,0,18,4,-1.75,0.1228,1,0,238
1064,28,0,0,7,4,-4.53,0.1227,0,0,238
1065,46,0,0,18,6,-3.36,0.1225,1,0,238
1066,43,0,0,21,6,-2.33,0.1223,1,0,238
1067,88,2,2,34,10,3.02,0.1222,1,0,238
1068,36,0,0,16,5,-2.96,0.122,1,0,238
1069,45,0,0,19,6,-3.4,0.1218,1,0,238
1070,15,0,0,7,2,-4.45,0.1217,1,0,238
1071,48,0,0,23,6,-2.43,0.1215,1,0,238
1072,65,1,1,20,8,-1.5,0.1213,1,0,238
1073,400,2,2,36,15,-17.95,0.1212,0,1,238
1074,43,0,0,20,6,-2.28,0.121,1,0,238
1075,27,1,1,15,4,-2.97,0.1208,1,0,238
1076,201,3,3,42,18,-6.81,0.1207,0,0,238
1077,113,2,2,43,14,1.82,0.1205,1,0,238
1078,216,0,0,31,15,-6.26,0.1203,1,0,238
1079,29,0,0,10,4,-6.44,0.1202,1,0,238
1080,13,0,0,8,2,-4.28,0.12,1,0,238
1081,154,2,2,32,15,-6.44,0.1198,0,0,239
1082,138,3,3,32,13,-4.73,0.1197,1,0,239
1083,122,2,2,24,12,-3.72,0.1195,1,0,239
1084,20,0,0,10,3,-4.3,0.1193,1,0,239
1085,118,3,3,34,11,1.12,0.1192,0,0,239
1086,48,0,0,18,6,-4.28,0.119,1,0,239
1087,29,0,0,9,4,-5.89,0.1188,1,0,239
1088,5,0,0,4,1,-4.0,0.1187,1,0,239
1089,95,0,0,25,11,-7.65,0.1185,1,0,239
1090,14,0,0,8,2,-3.74,0.1183,1,0,239
1091,177,1,1,35,15,-3.97,0.1182,1,0,239
1092,60,0,0,23,8,-4.1,0.118,0,0,240
1093,20,0,0,11,3,-3.45,0.1178,1,0,240
1094,76,1,1,8,6,-7.01,0.1177,0,0,240
1095,256,2,2,18,9,-11.56,0.1175,0,0,240
1096,184,1,1,35,15,-6.69,0.1173,1,0,240
1097,18,0,0,5,2,-4.83,0.1172,1,0,240
1098,56,0,0,14,7,-5.71,0.117,1,0,240
1099,14,0,0,7,2,-4.14,0.1168,1,0,240
1100,94,2,2,17,7,-4.89,0.1167,1,0,240
1101,98,1,1,21,9,-1.68,0.1165,1,0,240
1102,21,1,1,7,3,-5.61,0.1163,1,0,240
1103,74,0,0,11,5,-4.99,0.1162,1,0,240
1104,13,0,0,8,2,-4.23,0.116,1,0,240
1105,23,1,1,11,3,-3.88,0.1158,1,0,240
1106,195,0,0,19,8,-5.4,0.1157,1,0,240
1107,22,0,0,14,3,-2.67,0.1155,1,0,240
1108,141,0,0,20,7,-6.01,0.1153,1,0,240
1109,146,0,0,25,10,-7.21,0.1152,0,0,240
1110,6,0,0,3,1,-5.56,0.115,1,0,240
1111,71,0,0,12,4,-3.56,0.1148,1,0,240
1112,5,0,0,2,1,-4.5,0.1147,1,0,240
1113,98,1,1,28,9,-3.98,0.1145,1,0,240
1114,83,1,1,27,10,-1.63,0.1143,1,0,240
1115,5,0,0,4,1,-4.0,0.1142,1,0,240
1116,71,0,0,34,9,-1.16,0.114,1,0,240
1117,185,5,0,35,17,0.25,0.1138,0,0,240
1118,66,2,2,27,8,1.69,0.1137,1,0,240
1119,14,0,0,9,2,-3.34,0.1135,1,0,240
1120,27,0,0,11,4,-4.57,0.1133,1,0,240
1121,62,0,0,27,8,-4.37,0.1132,1,0,240
1122,13,0,0,6,2,-4.98,0.113,1,0,240
1123,65,1,1,27,8,-3.5,0.1128,1,0,240
1124,35,0,0,15,5,-3.25,0.1127,1,0,240
1125,20,0,0,10,3,-3.8,0.1125,1,0,240
1126,13,0,0,6,2,-4.83,0.1123,1,0,240
1127,21,0,0,7,3,-4.76,0.1122,1,0,240
1128,15,0,0,7,2,-5.65,0.112,1,0,240
1129,20,0,0,10,3,-3.75,0.1118,1,0,240
1130,122,2,2,27,11,-1.37,0.1117,1,0,240
1131,20,0,0,9,3,-4.6,0.1115,1,0,240
1132,14,0,0,7,2,-5.19,0.1113,1,0,240
1133,117,0,0,32,13,-1.82,0.1112,0,0,240
1134,6,0,0,2,1,-4.51,0.111,1,0,240
1135,36,1,1,14,5,-4.21,0.1108,1,0,240
1136,20,0,0,10,3,-4.3,0.1107,1,0,240
1137,83,2,2,29,10,-0.88,0.1105,1,0,240
1138,21,0,0,7,3,-4.81,0.1103,1,0,240
1139,21,0,0,10,3,-4.31,0.1102,1,0,240
1140,13,0,0,8,2,-4.18,0.11,1,0,240
1141,81,1,1,34,11,-2.56,0.1098,1,0,240
1142,172,1,1,37,16,-4.07,0.1097,0,0,240
1143,14,0,0,9,2,-2.99,0.1095,1,0,240
1144,76,6,1,22,9,2.49,0.1093,1,0,240
1145,20,0,0,9,3,-4.2,0.1092,1,0,240
1146,84,0,0,30,11,-0.49,0.109,1,0,240
1147,94,1,1,31,11,-1.29,0.1088,1,0,240
1148,139,2,2,34,15,-0.39,0.1087,1,0,240
1149,20,0,0,9,3,-5.6,0.1085,1,0,240
1150,54,1,1,16,7,-3.44,0.1083,1,0,240
1151,29,0,0,15,4,-3.34,0.1082,1,0,240
1152,63,3,3,22,8,0.82,0.108,1,0,240
1153,34,0,0,12,5,-5.59,0.1078,1,0,240
1154,151,2,2,45,18,0.99,0.1077,1,0,240
1155,40,0,0,13,5,-5.3,0.1075,1,0,240
1156,77,2,2,23,9,-3.22,0.1073,1,0,240
1157,27,1,1,12,4,-3.22,0.1072,1,0,240
1158,73,1,1,23,10,-1.03,0.107,0,0,241
1159,60,3,3,20,8,-2.6,0.1068,1,0,241
1160,38,1,1,18,5,-1.28,0.1067,1,0,241
1161,75,1,1,31,9,1.4,0.1065,1,0,241
1162,86,1,1,24,9,2.49,0.1063,1,0,241
1163,96,1,1,21,10,-3.16,0.1062,1,0,241
1164,58,1,1,20,6,-2.18,0.106,1,0,241
1165,67,0,0,17,9,-7.22,0.1058,1,0,241
1166,94,3,3,34,11,2.01,0.1057,0,0,241
1167,59,0,0,21,8,-5.09,0.1055,1,0,241
1168,109,1,1,29,12,-3.94,0.1053,1,0,241
1169,29,1,1,14,4,-3.69,0.1052,1,0,241
1170,137,0,0,31,15,-4.72,0.105,0,0,241
1171,14,0,0,4,2,-6.59,0.1048,1,0,241
1172,6,0,0,3,1,-4.76,0.1047,1,0,241
1173,14,0,0,6,2,-3.89,0.1045,1,0,241
1174,35,0,0,14,5,-5.0,0.1043,1,0,241
1175,163,1,1,43,16,-2.23,0.1042,1,0,241
1176,208,2,2,53,20,-3.53,0.104,0,0,241
1177,60,1,1,22,6,-0.75,0.1038,0,0,241
1178,145,2,2,26,12,-5.65,0.1037,1,0,241
1179,71,4,4,23,9,-0.81,0.1035,0,0,241
1180,40,0,0,14,5,-6.4,0.1033,1,0,241
1181,93,0,0,9,5,-7.18,0.1032,1,0,241
1182,367,2,2,32,24,-12.32,0.103,1,0,241
1183,54,2,2,18,6,-0.94,0.1028,0,0,241
1184,254,0,0,21,13,-14.49,0.1027,0,0,241
1185,21,0,0,8,3,-4.56,0.1025,1,0,241
1186,20,1,1,10,3,-3.6,0.1023,1,0,241
1187,28,0,0,8,4,-4.68,0.1022,1,0,241
1188,23,0,0,7,3,-5.83,0.102,1,0,241
1189,14,0,0,6,2,-4.44,0.1018,1,0,241
1190,176,5,5,32,16,-1.01,0.1017,0,0,241
1191,89,1,1,30,12,-3.29,0.1015,1,0,241
1192,106,1,1,40,13,-1.86,0.1013,1,0,241
1193,89,1,1,32,11,1.66,0.1012,1,0,241
1194,120,4,4,33,13,-0.2,0.101,1,0,241
1195,96,0,0,33,12,-3.01,0.1008,1,0,241
1196,84,2,2,22,9,-2.14,0.1007,1,0,241
1197,40,0,0,12,5,-6.05,0.1005,1,0,241
1198,44,0,0,15,6,-4.29,0.1003,1,0,241
1199,27,0,0,11,4,-4.12,0.1002,1,0,241
1200,46,1,1,19,6,-1.46,0.1,1,0,241
1201,28,0,0,14,4,-2.28,0.0998,1,0,241
1202,28,0,0,14,4,-3.78,0.0997,1,0,241
1203,280,2,2,31,16,-10.7,0.0995,1,0,241
1204,21,0,0,9,3,-4.16,0.0993,1,0,241
1205,60,1,1,30,8,-1.0,0.0992,1,0,241
1206,320,1,1,41,18,-14.5,0.099,1,0,241
1207,101,1,1,40,13,0.99,0.0988,0,0,241
1208,65,0,0,24,9,-6.5,0.0987,1,0,241
1209,64,1,1,27,8,1.36,0.0985,1,0,241
1210,49,0,0,18,7,-5.34,0.0983,1,0,241
1211,6,0,0,1,1,-5.81,0.0982,1,0,241
1212,124,2,2,32,14,0.31,0.098,0,0,241
1213,72,0,0,27,9,-3.97,0.0978,0,0,241
1214,111,5,0,32,12,3.24,0.0977,1,0,241
1215,27,0,0,9,4,-5.27,0.0975,1,0,241
1216,54,1,1,27,7,-1.49,0.0973,1,0,241
1217,97,0,0,30,11,-0.92,0.0972,1,0,241
1218,22,0,0,9,3,-4.22,0.097,1,0,241
1219,7,0,0,2,1,-4.57,0.0968,1,0,241
1220,37,0,0,16,5,-2.32,0.0967,1,0,241
1221,13,0,0,5,2,-4.78,0.0965,1,0,241
1222,91,2,2,32,11,1.59,0.0963,0,0,241
1223,88,1,1,29,11,-1.73,0.0962,0,0,241
1224,74,2,2,31,9,-0.64,0.096,0,0,241
1225,82,2,2,43,11,2.83,0.0958,1,0,241
1226,80,1,1,29,10,-0.45,0.0957,1,0,241
1227,47,0,0,19,6,-2.57,0.0955,0,0,241
1228,28,0,0,13,4,-4.58,0.0953,1,0,241
1229,14,0,0,6,2,-4.44,0.0952,1,0,241
1230,60,2,2,29,8,2.2,0.095,1,0,241
1231,254,4,4,30,16,-11.99,0.0948,0,0,242
1232,55,1,1,25,7,0.75,0.0947,1,0,242
1233,70,1,1,25,9,-1.55,0.0945,1,0,242
1234,13,0,0,8,2,-4.33,0.0943,1,0,242
1235,223,3,3,22,10,-6.38,0.0942,1,0,242
1236,85,0,0,26,11,-7.2,0.094,1,0,242
1237,145,0,0,17,8,-5.15,0.0938,1,0,242
1238,14,0,0,4,2,-5.14,0.0937,1,0,242
1239,27,0,0,11,4,-5.22,0.0935,1,0,242
1240,348,1,1,33,16,-18.18,0.0933,1,0,242
1241,13,0,0,6,2,-5.48,0.0932,1,0,242
1242,266,2,2,43,21,-4.76,0.093,1,0,242
1243,56,0,0,20,8,-6.01,0.0928,1,0,242
1244,13,0,0,7,2,-3.68,0.0927,1,0,242
1245,20,0,0,9,3,-3.6,0.0925,1,0,242
1246,35,0,0,13,5,-5.65,0.0923,1,0,242
1247,268,4,4,45,25,-5.48,0.0922,0,0,242
1248,102,1,1,36,11,0.63,0.092,0,0,243
1249,13,0,0,7,2,-5.58,0.0918,1,0,243
1250,25,0,0,12,3,-2.35,0.0917,1,0,243
1251,116,0,0,21,9,-3.46,0.0915,0,0,243
1252,81,0,0,24,9,-6.71,0.0913,1,0,243
1253,56,0,0,15,6,-6.46,0.0912,0,0,243
1254,61,1,1,26,8,0.54,0.091,1,0,243
1255,35,0,0,16,5,-3.5,0.0908,1,0,243
1256,43,1,1,18,5,-1.03,0.0907,1,0,243
1257,147,0,0,45,16,-1.12,0.0905,0,0,243
1258,55,1,1,23,7,0.05,0.0903,1,0,243
1259,150,3,3,41,17,3.1,0.0902,0,0,243
1260,148,2,2,35,12,-3.18,0.09,0,0,243
1261,54,0,0,20,6,-2.29,0.0898,1,0,243
1262,20,0,0,9,3,-4.2,0.0897,1,0,243
1263,67,0,0,28,8,-1.42,0.0895,1,0,243
1264,56,1,1,20,7,-0.76,0.0893,0,0,243
1265,79,6,1,25,9,2.36,0.0892,0,0,243
1266,88,0,0,23,10,-5.03,0.089,0,0,243
1267,14,0,0,4,2,-5.14,0.0888,1,0,243
1268,30,0,0,8,4,-7.65,0.0887,0,0,243
1269,80,1,1,30,10,-1.75,0.0885,1,0,243
1270,21,0,0,9,3,-2.76,0.0883,1,0,243
1271,27,0,0,11,4,-3.22,0.0882,1,0,243
1272,55,1,1,19,8,-0.2,0.088,1,0,243
1273,72,2,2,26,9,1.13,0.0878,1,0,243
1274,23,0,0,12,3,-2.73,0.0877,1,0,243
1275,49,2,2,23,6,1.16,0.0875,1,0,243
1276,45,0,0,17,6,-3.7,0.0873,1,0,243
1277,30,1,1,12,4,-2.3,0.0872,1,0,243
1278,100,0,0,31,11,-2.5,0.087,1,0,243
1279,146,2,2,47,15,5.54,0.0868,1,0,243
1280,45,1,1,23,6,0.7,0.0867,1,0,243
1281,179,0,0,39,16,-4.54,0.0865,0,0,243
1282,109,1,1,28,12,-4.94,0.0863,0,0,243
1283,96,2,2,33,10,0.09,0.0862,1,0,243
1284,40,0,0,18,5,-0.8,0.086,1,0,243
1285,101,2,2,28,11,-3.01,0.0858,1,0,243
1286,140,2,2,33,16,-2.45,0.0857,1,0,243
1287,110,1,1,34,12,-2.4,0.0855,1,0,243
1288,35,0,0,13,5,-4.35,0.0853,1,0,243
1289,20,0,0,7,3,-4.85,0.0852,1,0,243
1290,167,2,2,39,17,-4.02,0.085,0,0,244
1291,144,1,1,33,15,-0.94,0.0848,1,0,244
1292,20,0,0,7,3,-5.8,0.0847,1,0,244
1293,50,1,1,20,7,-3.85,0.0845,1,0,244
1294,43,0,0,13,5,-5.33,0.0843,1,0,244
1295,13,0,0,4,2,-4.98,0.0842,1,0,244
1296,27,1,1,12,4,-3.62,0.084,1,0,244
1297,55,0,0,26,7,-1.5,0.0838,1,0,244
1298,167,4,4,34,18,3.38,0.0837,1,0,244
1299,76,1,1,29,10,-1.46,0.0835,1,0,244
1300,59,2,2,23,8,-1.89,0.0833,1,0,244
1301,43,0,0,16,5,-3.18,0.0832,1,0,244
1302,140,3,3,39,15,2.1,0.083,0,0,244
1303,36,0,0,16,5,-2.41,0.0828,1,0,244
1304,57,0,0,23,8,-5.22,0.0827,1,0,244
1305,400,7,2,37,23,-7.95,0.0825,0,1,244
1306,29,0,0,10,4,-4.54,0.0823,1,0,244
1307,62,2,2,27,8,1.73,0.0822,1,0,244
1308,8,0,0,2,1,-6.08,0.082,1,0,244
1309,101,1,1,43,13,-0.56,0.0818,1,0,244
1310,113,1,1,35,13,-1.33,0.0817,1,0,244
1311,263,3,3,21,11,-11.18,0.0815,0,0,244
1312,71,0,0,24,9,-5.11,0.0813,1,0,244
1313,21,0,0,10,3,-5.31,0.0812,1,0,244
1314,20,0,0,7,3,-5.85,0.081,1,0,244
1315,122,1,1,39,13,-2.72,0.0808,1,0,244
1316,87,1,1,34,11,0.33,0.0807,1,0,244
1317,13,0,0,8,2,-4.33,0.0805,1,0,244
1318,20,0,0,11,3,-4.05,0.0803,1,0,244
1319,71,0,0,27,8,-2.71,0.0802,0,0,245
1320,139,0,0,46,16,3.01,0.08,1,0,245
1321,13,0,0,8,2,-4.83,0.0798,1,0,245
1322,81,1,1,26,10,0.54,0.0797,1,0,246
1323,108,3,3,36,13,1.17,0.0795,1,0,246
1324,68,0,0,31,9,-2.03,0.0793,1,0,246
1325,66,1,1,30,8,0.19,0.0792,1,0,246
1326,25,0,0,11,3,-3.3,0.079,1,0,246
1327,14,0,0,4,2,-5.09,0.0788,1,0,246
1328,30,0,0,16,4,-3.2,0.0787,1,0,246
1329,68,2,2,32,8,3.72,0.0785,1,0,246
1330,57,0,0,20,6,-4.82,0.0783,1,0,246
1331,63,0,0,21,8,-1.13,0.0782,1,0,246
1332,15,0,0,11,2,-2.45,0.078,1,0,246
1333,44,0,0,20,6,-2.19,0.0778,1,0,246
1334,66,1,1,22,8,-0.26,0.0777,1,0,246
1335,53,0,0,22,7,-4.13,0.0775,1,0,246
1336,20,1,1,7,3,-3.65,0.0773,1,0,246
1337,85,1,1,25,9,-1.5,0.0772,0,0,248
1338,47,1,1,18,6,-2.02,0.077,1,0,248
1339,125,3,3,33,14,-0.75,0.0768,1,0,248
1340,77,1,1,38,10,0.38,0.0767,1,0,248
1341,347,2,2,40,18,-19.17,0.0765,1,0,248
1342,81,1,1,27,8,-1.31,0.0763,1,0,248
1343,28,0,0,13,4,-3.48,0.0762,1,0,248
1344,110,3,3,33,12,1.25,0.076,0,0,248
1345,54,2,2,16,6,-2.19,0.0758,1,0,248
1346,9,0,0,3,1,-4.84,0.0757,1,0,248
1347,172,3,3,41,17,-6.37,0.0755,0,0,248
1348,135,1,1,40,15,0.6,0.0753,1,0,248
1349,273,0,0,37,20,-8.18,0.0752,0,0,248
1350,27,0,0,10,4,-5.07,0.075,1,0,248
1351,7,0,0,5,1,-4.02,0.0748,1,0,248
1352,141,4,4,35,16,0.99,0.0747,0,0,248
1353,20,0,0,10,3,-3.7,0.0745,1,0,248
1354,192,3,3,43,15,-0.62,0.0743,0,0,249
1355,51,0,0,20,7,-4.91,0.0742,1,0,249
1356,63,1,1,33,8,3.42,0.074,1,0,249
1357,64,0,0,24,9,-3.44,0.0738,1,0,249
1358,28,1,1,17,4,-1.33,0.0737,1,0,249
1359,13,0,0,5,2,-4.68,0.0735,1,0,249
1360,273,3,3,47,18,-10.93,0.0733,0,0,250
1361,120,0,0,35,13,-1.35,0.0732,1,0,250
1362,81,1,1,29,9,3.04,0.073,1,0,250
1363,55,1,1,29,7,-0.1,0.0728,1,0,250
1364,79,2,2,25,8,0.06,0.0727,1,0,250
1365,133,1,1,26,12,-4.93,0.0725,1,0,250
1366,112,1,1,37,13,1.63,0.0723,1,0,250
1367,8,0,0,5,1,-4.08,0.0722,1,0,250
1368,20,0,0,8,3,-4.55,0.072,1,0,250
1369,20,1,1,8,3,-3.4,0.0718,1,0,250
1370,385,1,1,54,20,-21.9,0.0717,0,0,252
1371,76,2,2,29,9,3.34,0.0715,1,0,252
1372,68,0,0,25,9,-3.08,0.0713,1,0,252
1373,400,2,2,45,20,-3.75,0.0712,0,1,252
1374,138,2,2,39,16,0.02,0.071,0,0,252
1375,84,1,1,33,11,2.31,0.0708,0,0,252
1376,384,0,0,39,23,-25.69,0.0707,0,0,252
1377,137,1,1,30,11,-4.17,0.0705,1,0,252
1378,73,0,0,13,3,-3.23,0.0703,1,0,252
1379,28,0,0,13,4,-3.13,0.0702,1,0,252
1380,54,0,0,9,6,-5.79,0.07,1,0,252
1381,10,0,0,3,1,-4.35,0.0698,1,0,252
1382,157,7,2,34,16,4.43,0.0697,0,0,252
1383,44,1,1,21,6,-1.34,0.0695,1,0,252
1384,131,0,0,23,9,-3.11,0.0693,1,0,252
1385,48,0,0,18,6,-2.53,0.0692,1,0,252
1386,317,2,2,51,23,-10.12,0.069,0,0,252
1387,266,7,2,40,15,-0.71,0.0688,1,0,253
1388,155,1,1,17,5,-4.1,0.0687,0,0,253
1389,27,0,0,10,4,-4.92,0.0685,1,0,253
1390,91,0,0,29,10,-1.46,0.0683,1,0,253
1391,49,2,2,21,7,-2.84,0.0682,0,0,253
1392,142,3,3,33,16,-2.12,0.068,0,0,254
1393,74,1,1,27,9,-0.99,0.0678,1,0,254
1394,65,1,1,35,9,2.7,0.0677,1,0,254
1395,28,0,0,15,4,-3.03,0.0675,1,0,254
1396,129,2,2,36,14,0.36,0.0673,1,0,254
1397,80,2,2,30,9,1.85,0.0672,0,0,254
1398,36,1,1,19,5,-1.36,0.067,1,0,254
1399,83,3,3,27,10,2.42,0.0668,1,0,254
1400,90,1,1,37,13,-0.65,0.0667,0,0,254
1401,96,1,1,33,12,-3.56,0.0665,1,0,254
1402,141,2,2,34,15,-1.31,0.0663,0,0,254
1403,96,2,2,38,13,-0.26,0.0662,1,0,254
1404,117,5,5,33,13,2.13,0.066,1,0,254
1405,194,2,2,59,18,5.36,0.0658,1,0,254
1406,20,0,0,7,3,-5.3,0.0657,1,0,254
1407,66,2,2,25,8,0.69,0.0655,1,0,254
1408,250,1,1,49,27,-11.5,0.0653,0,0,255
1409,65,0,0,24,9,-4.25,0.0652,1,0,255
1410,30,0,0,11,4,-4.4,0.065,1,0,255
1411,69,1,1,29,8,2.86,0.0648,1,0,255
1412,105,1,1,34,11,0.2,0.0647,1,0,255
1413,20,0,0,8,3,-5.05,0.0645,1,0,255
1414,121,1,1,37,13,2.49,0.0643,0,0,255
1415,35,0,0,15,5,-4.45,0.0642,1,0,255
1416,59,1,1,27,7,1.76,0.064,1,0,255
1417,139,1,1,44,14,4.16,0.0638,0,0,255
1418,28,0,0,15,4,-2.33,0.0637,1,0,255
1419,46,0,0,18,6,-3.51,0.0635,1,0,255
1420,34,1,1,16,5,-2.69,0.0633,0,0,255
1421,5,0,0,4,1,-4.0,0.0632,1,0,255
1422,73,1,1,35,9,1.97,0.063,1,0,255
1423,111,2,2,36,12,0.79,0.0628,1,0,255
1424,205,3,3,55,22,4.3,0.0627,0,0,256
1425,35,0,0,17,5,-2.45,0.0625,1,0,256
1426,153,1,1,40,16,-1.88,0.0623,0,0,256
1427,5,0,0,2,1,-4.5,0.0622,1,0,256
1428,125,5,0,33,14,-0.05,0.062,1,0,256
1429,48,0,0,19,6,-1.73,0.0618,1,0,256
1430,58,1,1,22,8,-3.63,0.0617,1,0,256
1431,36,0,0,19,5,-1.71,0.0615,1,0,256
1432,30,1,1,13,4,-2.95,0.0613,1,0,256
1433,91,0,0,26,10,-3.01,0.0612,0,0,256
1434,78,2,2,29,9,1.02,0.061,1,0,256
1435,61,0,0,25,8,-0.46,0.0608,1,0,256
1436,45,0,0,18,6,-2.9,0.0607,1,0,256
1437,84,0,0,37,11,-0.94,0.0605,1,0,256
1438,77,0,0,20,9,-7.27,0.0603,0,0,256
1439,233,0,0,33,16,-7.48,0.0602,1,0,256
1440,190,2,2,41,17,-1.65,0.06,0,0,256
1441,211,2,2,32,14,-8.96,0.0598,1,0,256
1442,297,4,4,41,20,-7.37,0.0597,1,0,256
1443,72,1,1,31,9,0.43,0.0595,1,0,256
1444,347,8,3,57,26,-6.57,0.0593,1,0,256
1445,56,0,0,18,7,-3.26,0.0592,1,0,256
1446,84,2,2,24,10,-3.44,0.059,1,0,256
1447,34,0,0,16,5,-3.79,0.0588,1,0,256
1448,125,1,1,34,14,-1.5,0.0587,1,0,256
1449,23,0,0,10,3,-3.88,0.0585,1,0,256
1450,157,5,5,33,16,3.28,0.0583,1,0,256
1451,147,2,2,37,14,1.43,0.0582,0,0,256
1452,20,0,0,10,3,-3.65,0.058,1,0,256
1453,25,0,0,7,3,-4.55,0.0578,1,0,256
1454,73,1,1,33,10,-1.43,0.0577,0,0,256
1455,324,2,2,30,17,-17.69,0.0575,1,0,256
1456,68,1,1,25,9,-1.58,0.0573,1,0,256
1457,97,1,1,44,13,0.88,0.0572,1,0,256
1458,169,3,3,39,17,-1.29,0.057,0,0,256
1459,65,1,1,23,8,-2.9,0.0568,0,0,257
1460,114,2,2,32,12,0.96,0.0567,0,0,257
1461,75,0,0,17,9,-5.65,0.0565,1,0,258
1462,320,6,6,48,21,-0.95,0.0563,1,0,258
1463,177,1,1,32,15,-2.62,0.0562,0,0,258
1464,79,3,3,31,10,-0.29,0.056,1,0,258
1465,107,2,2,29,13,-3.67,0.0558,1,0,258
1466,64,0,0,21,8,-2.74,0.0557,1,0,258
1467,196,2,2,37,16,-3.66,0.0555,0,0,258
1468,22,0,0,10,3,-3.82,0.0553,1,0,258
1469,40,1,1,17,5,-1.45,0.0552,1,0,258
1470,29,0,0,9,4,-4.39,0.055,1,0,258
1471,63,0,0,19,8,-5.38,0.0548,1,0,258
1472,147,3,3,31,13,0.23,0.0547,0,0,258
1473,57,1,1,22,8,-1.87,0.0545,1,0,258
1474,185,1,1,45,18,1.3,0.0543,0,0,258
1475,184,3,3,43,17,-1.69,0.0542,0,0,258
1476,92,0,0,41,12,2.33,0.054,1,0,258
1477,27,0,0,12,4,-3.92,0.0538,1,0,258
1478,144,2,2,35,16,-5.34,0.0537,0,0,259
1479,157,0,0,35,15,-7.52,0.0535,0,0,259
1480,103,1,1,45,14,0.27,0.0533,1,0,259
1481,7,0,0,4,1,-4.42,0.0532,1,0,259
1482,6,0,0,2,1,-4.51,0.053,1,0,259
1483,210,9,4,51,21,5.15,0.0528,1,0,259
1484,46,1,1,18,6,-1.96,0.0527,1,0,259
1485,168,3,3,49,18,-1.68,0.0525,1,0,259
1486,73,1,1,23,10,-2.43,0.0523,1,0,259
1487,51,1,1,21,7,-3.61,0.0522,1,0,259
1488,51,0,0,23,7,-1.11,0.052,1,0,259
1489,128,1,1,43,15,0.57,0.0518,1,0,259
1490,43,0,0,19,6,-3.23,0.0517,1,0,259
1491,161,2,2,38,19,-1.06,0.0515,0,0,259
1492,208,1,1,40,17,-7.23,0.0513,0,0,259
1493,112,3,3,42,13,6.58,0.0512,1,0,259
1494,400,0,0,43,21,-15.2,0.051,0,1,259
1495,70,0,0,22,9,-4.6,0.0508,1,0,259
1496,78,0,0,20,8,-3.83,0.0507,1,0,259
1497,28,0,0,14,4,-2.73,0.0505,1,0,259
1498,62,2,2,26,8,0.78,0.0503,1,0,259
1499,400,1,1,33,18,-16.1,0.0502,0,1,259
1500,13,0,0,5,2,-4.48,0.05,1,0,259
1501,43,0,0,15,6,-3.18,0.05,1,0,259
1502,35,0,0,13,5,-3.8,0.05,1,0,259
1503,71,1,1,25,9,-1.71,0.05,1,0,259
1504,44,1,1,21,6,-2.04,0.05,1,0,259
1505,54,1,1,24,7,-0.24,0.05,1,0,259
1506,117,3,3,35,15,-0.37,0.05,1,0,259
1507,300,1,1,36,17,-7.5,0.05,1,0,259
1508,13,0,0,6,2,-5.38,0.05,1,0,259
1509,22,0,0,7,3,-6.37,0.05,1,0,259
1510,296,2,2,40,19,-9.86,0.05,1,0,259
1511,35,0,0,16,5,-2.65,0.05,1,0,259
1512,20,0,0,9,3,-4.15,0.05,1,0,259
1513,20,0,0,7,3,-5.25,0.05,1,0,259
1514,35,0,0,14,5,-3.45,0.05,1,0,259
1515,400,3,3,52,21,-13.05,0.05,0,1,259
1516,99,0,0,40,12,0.56,0.05,1,0,259
1517,56,2,2,18,7,-0.76,0.05,1,0,259
1518,13,0,0,5,2,-4.78,0.05,1,0,259
1519,13,0,0,6,2,-3.98,0.05,1,0,259
1520,73,3,3,29,9,1.67,0.05,1,0,259
1521,13,0,0,5,2,-4.78,0.05,1,0,259
1522,152,2,2,43,16,0.78,0.05,1,0,259
1523,177,1,1,32,16,-4.97,0.05,0,0,259
1524,68,2,2,22,8,0.27,0.05,1,0,259
1525,136,6,1,43,17,6.14,0.05,1,0,259
1526,101,3,3,30,11,0.69,0.05,0,0,259
1527,206,0,0,45,19,-18.16,0.05,0,0,259
1528,129,1,1,47,16,-0.59,0.05,1,0,259
1529,82,3,3,33,10,-0.42,0.05,1,0,259
1530,74,1,1,25,9,-2.69,0.05,1,0,259
1531,59,0,0,24,8,-2.89,0.05,1,0,259
1532,83,2,2,25,10,0.02,0.05,1,0,259
1533,79,2,2,34,10,4.06,0.05,0,0,259
1534,148,4,4,42,16,2.57,0.05,0,0,259
1535,142,1,1,18,7,-1.87,0.05,1,0,259
1536,76,2,2,31,10,2.24,0.05,1,0,259
1537,105,0,0,40,12,-1.7,0.05,0,0,259
1538,20,0,0,10,3,-4.9,0.05,1,0,259
1539,119,1,1,33,14,-7.94,0.05,1,0,259
1540,6,0,0,3,1,-4.21,0.05,1,0,259
1541,94,1,1,43,13,0.41,0.05,1,0,259
1542,167,2,2,46,17,3.58,0.05,0,0,259
1543,8,0,0,4,1,-4.43,0.05,1,0,259
1544,89,0,0,30,12,-3.54,0.05,1,0,259
1545,169,4,4,40,19,0.96,0.05,0,0,259
1546,20,0,0,6,3,-5.0,0.05,1,0,259
1547,113,1,1,37,15,-0.33,0.05,1,0,259
1548,73,1,1,33,10,-1.98,0.05,1,0,259
1549,90,3,3,30,11,3.45,0.05,1,0,259
1550,73,0,0,34,9,-0.33,0.05,1,0,259
1551,80,1,1,18,9,-5.5,0.05,1,0,259
1552,138,1,1,42,15,1.17,0.05,1,0,259
1553,214,3,3,39,17,-8.59,0.05,0,0,260
1554,42,0,0,15,6,-4.67,0.05,1,0,260
1555,30,0,0,17,4,-1.95,0.05,1,0,260
1556,313,7,2,55,25,-11.83,0.05,0,0,260
1557,100,2,2,30,12,0.6,0.05,1,0,260
1558,140,1,1,34,14,-2.0,0.05,0,0,260
1559,82,1,1,31,11,1.93,0.05,0,0,260
1560,184,1,1,41,20,-2.64,0.05,1,0,260
1561,61,0,0,23,8,-1.71,0.05,1,0,260
1562,135,1,1,44,17,-0.55,0.05,1,0,260
1563,142,3,3,36,15,-1.72,0.05,1,0,260
1564,166,2,2,44,18,-1.81,0.05,0,0,261
1565,400,1,1,36,15,-9.15,0.05,0,1,261
1566,53,0,0,19,7,-4.53,0.05,1,0,261
1567,400,2,2,44,22,-7.7,0.05,0,1,261
1568,27,0,0,12,4,-4.27,0.05,1,0,261
1569,101,3,3,27,11,0.34,0.05,1,0,261
1570,74,2,2,28,10,-0.44,0.05,1,0,261
1571,28,0,0,12,4,-4.33,0.05,1,0,261
1572,51,3,3,21,7,1.89,0.05,0,0,261
1573,17,0,0,7,2,-4.37,0.05,1,0,261
1574,283,4,4,50,19,-0.13,0.05,1,0,261
1575,96,3,3,34,12,2.04,0.05,1,0,261
1576,5,0,0,4,1,-4.0,0.05,1,0,261
1577,88,1,1,35,10,-0.68,0.05,1,0,261
1578,35,0,0,13,5,-5.4,0.05,1,0,261
1579,5,0,0,4,1,-4.0,0.05,1,0,261
1580,146,0,0,46,18,-0.91,0.05,1,0,261
1581,69,7,2,34,9,6.61,0.05,1,0,261
1582,248,7,2,38,15,-1.93,0.05,0,0,261
1583,155,1,1,41,16,-3.3,0.05,0,0,261
1584,46,0,0,20,6,-3.56,0.05,1,0,261
1585,74,1,1,32,10,1.71,0.05,1,0,261
1586,71,1,1,31,9,1.99,0.05,1,0,261
1587,116,3,3,29,13,1.34,0.05,1,0,261
1588,57,1,1,29,8,1.18,0.05,1,0,261
1589,400,0,0,47,19,-16.05,0.05,0,1,261
1590,6,0,0,3,1,-4.21,0.05,1,0,261
1591,400,3,3,38,19,-13.3,0.05,0,1,261
1592,400,3,3,48,29,-22.8,0.05,0,1,261
1593,180,5,5,43,17,3.9,0.05,1,0,261
1594,51,0,0,18,7,-5.66,0.05,1,0,261
1595,65,1,1,29,9,1.75,0.05,0,0,261
1596,52,0,0,23,7,-3.67,0.05,1,0,261
1597,30,0,0,13,4,-3.5,0.05,1,0,261
1598,122,1,1,31,13,-5.52,0.05,0,0,262
1599,106,3,3,34,13,2.24,0.05,1,0,262
1600,150,1,1,36,15,-3.55,0.05,1,0,262
1601,120,3,3,48,15,4.55,0.05,1,0,262
1602,77,1,1,27,10,-2.57,0.05,1,0,262
1603,20,0,0,10,3,-3.45,0.05,1,0,262
1604,60,1,1,24,8,-0.1,0.05,1,0,262
1605,16,0,0,8,2,-3.71,0.05,1,0,262
1606,57,0,0,26,8,-3.07,0.05,1,0,262
1607,327,1,1,29,15,-22.07,0.05,1,0,263
1608,143,1,1,34,16,-1.73,0.05,1,0,263
1609,29,0,0,14,4,-4.04,0.05,1,0,263
1610,56,3,3,19,8,-2.36,0.05,1,0,263
1611,6,0,0,2,1,-5.41,0.05,1,0,263
1612,59,1,1,20,8,-1.49,0.05,1,0,263
1613,74,0,0,24,9,-6.39,0.05,0,0,263
1614,42,3,3,18,5,1.33,0.05,1,0,263
1615,88,1,1,39,12,-1.78,0.05,1,0,263
1616,75,2,2,26,9,-0.7,0.05,1,0,263
1617,49,1,1,21,7,-1.29,0.05,1,0,263
1618,45,0,0,20,6,-1.7,0.05,1,0,263
1619,83,2,2,25,10,1.47,0.05,0,0,263
1620,77,0,0,27,10,-0.72,0.05,1,0,263
1621,14,0,0,7,2,-4.59,0.05,1,0,263
1622,112,3,3,31,13,-1.02,0.05,1,0,263
1623,65,0,0,28,9,-1.8,0.05,0,0,263
1624,28,0,0,9,4,-4.88,0.05,1,0,263
1625,20,0,0,10,3,-3.9,0.05,1,0,263
1626,172,4,4,37,17,0.73,0.05,1,0,263
1627,85,2,2,27,10,0.4,0.05,1,0,263
1628,400,0,0,33,15,-3.65,0.05,0,1,263
1629,37,1,1,14,5,-1.82,0.05,1,0,263
1630,22,0,0,12,3,-2.57,0.05,1,0,263
1631,37,0,0,12,5,-5.87,0.05,1,0,263
1632,22,1,1,9,3,-4.12,0.05,1,0,263
1633,133,1,1,25,9,-0.68,0.05,1,0,263
1634,57,0,0,21,7,-3.32,0.05,1,0,263
1635,34,0,0,15,5,-3.59,0.05,1,0,263
1636,82,2,2,25,9,-0.12,0.05,1,0,263
1637,14,0,0,6,2,-3.99,0.05,1,0,263
1638,37,0,0,15,5,-4.62,0.05,1,0,263
1639,192,0,0,48,21,-3.52,0.05,1,0,263
1640,208,3,3,38,19,-11.48,0.05,0,0,263
1641,107,2,2,33,13,1.58,0.05,1,0,263
1642,94,1,1,34,12,-1.09,0.05,1,0,263
1643,20,0,0,9,3,-4.2,0.05,1,0,263
1644,20,0,0,7,3,-5.35,0.05,1,0,263
1645,21,0,0,8,3,-4.46,0.05,1,0,263
1646,31,0,0,13,4,-3.21,0.05,1,0,263
1647,109,1,1,36,14,-1.49,0.05,1,0,264
1648,128,5,5,41,14,7.67,0.05,1,0,264
1649,84,1,1,29,10,0.01,0.05,1,0,265
1650,366,7,2,40,29,-13.26,0.05,1,0,265
1651,37,0,0,14,5,-3.52,0.05,1,0,265
1652,31,0,0,14,4,-3.26,0.05,1,0,265
1653,110,1,1,30,12,-3.8,0.05,0,0,265
1654,339,5,0,36,15,-15.24,0.05,1,0,265
1655,146,0,0,28,14,-3.01,0.05,1,0,265
1656,82,0,0,24,10,-3.22,0.05,0,0,265
1657,84,0,0,47,11,2.41,0.05,1,0,265
1658,69,0,0,28,9,-4.29,0.05,1,0,265
1659,20,0,0,10,3,-4.3,0.05,1,0,265
1660,24,0,0,9,3,-4.79,0.05,1,0,265
1661,24,0,0,14,3,-2.79,0.05,1,0,265
1662,13,0,0,5,2,-3.78,0.05,1,0,265
1663,25,0,0,10,3,-4.0,0.05,1,0,265
1664,24,0,0,11,3,-3.69,0.05,1,0,265
1665,23,0,0,11,3,-2.73,0.05,1,0,265
1666,84,0,0,31,11,-3.19,0.05,0,0,265
1667,107,1,1,29,10,-2.12,0.05,1,0,265
1668,400,2,2,48,23,-10.95,0.05,0,1,265
1669,286,3,3,41,18,-7.51,0.05,1,0,265
1670,100,1,1,30,12,-0.3,0.05,1,0,265
1671,27,0,0,8,4,-5.57,0.05,1,0,265
1672,65,0,0,22,9,-5.55,0.05,1,0,265
1673,90,1,1,32,11,0.8,0.05,1,0,265
1674,61,1,1,28,8,1.69,0.05,1,0,265
1675,100,0,0,35,13,-2.5,0.05,1,0,265
1676,54,0,0,19,7,-4.29,0.05,1,0,265
1677,400,1,1,37,25,-18.15,0.05,0,1,265
1678,177,3,3,50,17,2.83,0.05,0,0,265
1679,146,1,1,27,12,-5.61,0.05,1,0,265
1680,101,2,2,33,11,1.44,0.05,0,0,265
1681,122,1,1,33,12,-2.12,0.05,0,0,265
1682,31,0,0,12,4,-3.46,0.05,1,0,265
1683,270,0,0,42,19,-7.2,0.05,1,0,266
1684,99,1,1,34,11,0.51,0.05,0,0,266
1685,78,1,1,37,10,1.97,0.05,1,0,266
1686,43,0,0,21,6,-1.73,0.05,1,0,266
1687,77,1,1,24,10,-4.82,0.05,1,0,266
1688,59,0,0,24,7,-1.69,0.05,1,0,266
1689,13,0,0,6,2,-4.48,0.05,1,0,266
1690,21,0,0,9,3,-3.76,0.05,1,0,266
1691,13,0,0,6,2,-3.48,0.05,1,0,266
1692,102,6,6,36,11,13.38,0.05,1,0,266
1693,49,0,0,15,7,-5.94,0.05,0,0,266
1694,64,1,1,30,9,0.01,0.05,1,0,266
1695,6,0,0,3,1,-4.66,0.05,1,0,266
1696,51,0,0,27,7,1.79,0.05,1,0,266
1697,58,0,0,24,8,-4.28,0.05,1,0,266
1698,73,0,0,26,9,-0.38,0.05,1,0,266
1699,199,1,1,42,19,-4.59,0.05,1,0,266
1700,215,3,3,39,20,-0.5,0.05,1,0,266
1701,184,1,1,46,18,0.51,0.05,1,0,266
1702,164,1,1,33,13,-2.09,0.05,0,0,266
1703,90,2,2,32,11,0.9,0.05,1,0,266
1704,161,1,1,45,17,0.69,0.05,1,0,266
1705,8,0,0,2,1,-4.53,0.05,1,0,266
1706,105,4,4,27,12,0.6,0.05,0,0,266
1707,265,1,1,38,20,-6.35,0.05,1,0,266
1708,13,0,0,8,2,-3.33,0.05,1,0,266
1709,60,1,1,22,8,-1.95,0.05,1,0,267
1710,104,7,2,32,12,7.71,0.05,1,0,267
1711,114,2,2,35,14,0.51,0.05,0,0,267
1712,95,1,1,24,11,-1.3,0.05,1,0,267
1713,83,0,0,32,10,-4.53,0.05,1,0,267
1714,104,2,2,32,12,1.41,0.05,0,0,267
1715,120,2,2,18,8,-3.55,0.05,1,0,267
1716,36,1,1,12,5,-3.01,0.05,1,0,267
1717,269,1,1,35,15,-8.79,0.05,1,0,267
1718,400,3,3,42,16,-13.35,0.05,0,1,267
1719,80,0,0,34,10,0.8,0.05,1,0,267
1720,400,8,3,38,17,-5.4,0.05,0,1,267
1721,130,3,3,38,14,3.5,0.05,1,0,267
1722,68,1,1,31,9,-2.28,0.05,0,0,267
1723,6,0,0,2,1,-5.51,0.05,1,0,267
1724,65,0,0,28,8,0.4,0.05,0,0,267
1725,154,2,2,41,13,-0.04,0.05,0,0,267
1726,109,0,0,34,14,-0.94,0.05,0,0,267
1727,139,7,2,37,17,3.76,0.05,0,0,267
1728,95,1,1,29,11,-3.95,0.05,0,0,267
1729,88,0,0,23,10,-2.83,0.05,0,0,267
1730,288,2,2,50,21,-5.88,0.05,1,0,267
1731,59,2,2,29,8,2.51,0.05,1,0,267
1732,400,1,1,43,22,-9.7,0.05,0,1,267
1733,98,0,0,34,13,-3.23,0.05,1,0,267
1734,68,1,1,27,8,-0.43,0.05,1,0,267
1735,98,2,2,33,12,2.17,0.05,0,0,267
1736,128,1,1,45,17,-2.33,0.05,1,0,267
1737,207,3,3,45,20,0.33,0.05,0,0,268
1738,67,2,2,21,8,-0.37,0.05,1,0,268
1739,41,0,0,15,5,-4.81,0.05,1,0,268
1740,148,6,1,34,13,5.52,0.05,0,0,268
1741,209,2,2,34,16,-9.69,0.05,1,0,268
1742,160,1,1,38,17,-6.25,0.05,1,0,269
1743,39,0,0,18,5,-1.84,0.05,1,0,269
1744,44,0,0,18,6,-2.24,0.05,1,0,269
1745,70,1,1,34,9,2.05,0.05,0,0,269
1746,51,0,0,19,7,-3.16,0.05,1,0,269
1747,62,4,4,29,8,2.53,0.05,1,0,269
1748,69,0,0,34,9,1.66,0.05,1,0,269
1749,47,0,0,17,6,-4.17,0.05,1,0,269
1750,155,1,1,36,15,-1.65,0.05,0,0,269
1751,73,2,2,30,9,0.52,0.05,1,0,269
1752,152,1,1,37,13,-1.52,0.05,1,0,269
1753,49,1,1,15,5,-2.24,0.05,1,0,269
1754,186,0,0,19,12,-9.81,0.05,0,0,269
1755,7,0,0,5,1,-3.57,0.05,1,0,269
1756,47,1,1,20,6,-1.07,0.05,1,0,269
1757,137,1,1,28,13,-6.22,0.05,1,0,269
1758,171,2,2,45,20,-3.56,0.05,0,0,269
1759,28,0,0,13,4,-4.23,0.05,1,0,269
1760,97,1,1,24,8,-0.67,0.05,1,0,269
1761,400,2,2,51,21,-11.1,0.05,0,1,269
1762,115,0,0,37,14,-5.7,0.05,1,0,269
1763,89,0,0,31,11,-0.64,0.05,0,0,269
1764,138,0,0,37,15,-1.48,0.05,1,0,269
1765,104,1,1,36,13,1.21,0.05,1,0,269
1766,400,1,1,26,18,-11.7,0.05,0,1,269
1767,197,1,1,42,22,-5.52,0.05,1,0,269
1768,20,0,0,10,3,-3.3,0.05,1,0,269
1769,264,2,2,50,23,-3.89,0.05,1,0,269
1770,400,1,1,36,14,-0.95,0.05,0,1,269
1771,170,3,3,35,15,-2.3,0.05,1,0,269
1772,201,2,2,42,21,-1.91,0.05,1,0,269
1773,90,0,0,29,10,-5.6,0.05,0,0,269
1774,71,1,1,30,9,1.84,0.05,1,0,269
1775,29,0,0,11,4,-5.09,0.05,1,0,269
1776,68,2,2,22,9,0.27,0.05,1,0,269
1777,185,2,2,38,14,-4.75,0.05,0,0,269
1778,133,1,1,24,7,-0.33,0.05,1,0,269
1779,57,0,0,17,7,-3.47,0.05,1,0,271
1780,20,1,1,11,3,-3.15,0.05,1,0,271
1781,400,3,3,43,18,-11.2,0.05,0,1,272
1782,161,1,1,42,15,0.44,0.05,0,0,272
1783,91,0,0,30,11,-3.86,0.05,1,0,272
1784,139,2,2,39,15,-0.49,0.05,1,0,272
1785,27,0,0,10,4,-4.47,0.05,1,0,272
1786,165,2,2,34,17,-3.55,0.05,1,0,272
1787,55,0,0,22,7,-1.9,0.05,1,0,272
1788,50,0,0,22,7,-3.85,0.05,1,0,272
1789,71,2,2,35,8,-0.16,0.05,1,0,272
1790,20,0,0,8,3,-5.0,0.05,1,0,272
1791,58,0,0,21,8,-3.63,0.05,1,0,272
1792,220,1,1,37,19,-7.9,0.05,0,0,272
1793,107,0,0,36,13,-2.47,0.05,1,0,272
1794,201,4,4,43,19,2.09,0.05,1,0,272
1795,91,2,2,31,10,-1.06,0.05,1,0,272
1796,20,0,0,8,3,-4.6,0.05,1,0,272
1797,73,3,3,23,8,-1.33,0.05,1,0,272
1798,45,0,0,18,6,-2.75,0.05,1,0,272
1799,111,10,5,36,13,6.49,0.05,1,0,272
1800,20,0,0,7,3,-4.8,0.05,1,0,272
1801,66,2,2,23,9,-0.91,0.05,0,0,272
1802,199,8,3,34,17,3.81,0.05,0,0,272
1803,88,0,0,27,11,-2.78,0.05,0,0,272
1804,23,0,0,7,3,-4.78,0.05,1,0,272
1805,54,2,2,17,6,-2.69,0.05,0,0,273
1806,151,1,1,45,17,0.04,0.05,0,0,273
1807,91,2,2,25,10,-2.36,0.05,0,0,274
1808,71,1,1,32,10,-1.56,0.05,1,0,275
1809,61,2,2,31,7,3.44,0.05,1,0,276
1810,45,1,1,18,6,-3.7,0.05,1,0,276
1811,279,2,2,53,21,-8.49,0.05,1,0,276
1812,133,2,2,40,16,0.07,0.05,0,0,276
1813,73,1,1,34,9,1.17,0.05,1,0,276
1814,13,0,0,7,2,-3.53,0.05,1,0,276
1815,22,1,1,14,3,-1.52,0.05,1,0,276
1816,400,2,2,36,21,-13.1,0.05,0,1,276
1817,97,1,1,40,13,-0.87,0.05,1,0,276
1818,20,0,0,8,3,-4.55,0.05,1,0,276
1819,14,0,0,6,2,-4.79,0.05,1,0,276
1820,199,2,2,39,18,-3.49,0.05,0,0,276
1821,22,0,0,7,3,-5.27,0.05,1,0,276
1822,390,1,1,37,20,-17.85,0.05,1,0,276
1823,100,3,3,31,12,-0.1,0.05,0,0,276
1824,28,0,0,15,4,-1.98,0.05,1,0,276
1825,221,1,1,32,17,-7.96,0.05,0,0,276
1826,75,2,2,23,8,-2.55,0.05,1,0,276
1827,400,3,3,38,16,-12.25,0.05,0,1,276
1828,305,2,2,35,21,-15.8,0.05,0,0,276
1829,27,0,0,10,4,-4.07,0.05,1,0,276
1830,79,0,0,34,11,-1.94,0.05,1,0,276
1831,400,3,3,27,15,-10.7,0.05,0,1,276
1832,54,1,1,22,7,-1.24,0.05,1,0,276
1833,100,3,3,32,11,0.85,0.05,0,0,276
1834,86,0,0,32,10,0.24,0.05,0,0,276
1835,42,0,0,18,6,-3.67,0.05,1,0,276
1836,123,0,0,43,14,-2.13,0.05,0,0,276
1837,63,1,1,27,8,-0.78,0.05,1,0,276
1838,35,0,0,15,5,-3.1,0.05,1,0,276
1839,67,0,0,27,9,-4.22,0.05,1,0,277
1840,106,1,1,37,13,-1.71,0.05,1,0,277
1841,400,0,0,25,21,-21.7,0.05,0,1,277
1842,224,2,2,52,23,-2.29,0.05,1,0,278
1843,229,3,3,51,24,-1.84,0.05,1,0,278
1844,20,0,0,12,3,-3.15,0.05,1,0,278
1845,14,0,0,7,2,-3.69,0.05,1,0,278
1846,50,0,0,21,6,-2.15,0.05,0,0,278
1847,274,3,3,42,22,-12.69,0.05,0,0,278
1848,400,2,2,32,17,-13.9,0.05,0,1,278
1849,45,3,3,20,6,0.15,0.05,1,0,278
1850,174,3,3,41,18,-0.59,0.05,1,0,278
1851,118,2,2,35,14,1.52,0.05,1,0,278
1852,194,2,2,41,15,-8.09,0.05,0,0,278
1853,20,0,0,8,3,-5.05,0.05,1,0,278
1854,92,0,0,38,12,-0.82,0.05,1,0,278
1855,140,0,0,42,17,-2.55,0.05,1,0,278
1856,83,1,1,31,11,0.72,0.05,1,0,278
1857,28,1,1,12,4,-2.88,0.05,1,0,278
1858,117,1,1,40,13,3.28,0.05,1,0,278
1859,97,1,1,33,12,0.13,0.05,1,0,278
1860,32,0,0,14,4,-2.87,0.05,1,0,278
1861,122,1,1,28,14,-2.07,0.05,1,0,278
1862,82,1,1,29,10,-2.32,0.05,1,0,278
1863,400,6,1,43,22,-7.9,0.05,0,1,278
1864,154,1,1,34,17,-3.44,0.05,0,0,279
1865,400,2,2,54,20,3.2,0.05,0,1,279
1866,109,4,4,45,13,6.86,0.05,1,0,279
1867,44,1,1,23,6,0.26,0.05,1,0,279
1868,185,1,1,47,21,-3.55,0.05,1,0,279
1869,95,1,1,29,11,-4.85,0.05,0,0,279
1870,325,3,3,45,18,-14.35,0.05,1,0,279
1871,29,1,1,10,4,-3.04,0.05,1,0,279
1872,24,0,0,6,3,-4.84,0.05,1,0,279
1873,132,1,1,40,15,-3.17,0.05,1,0,279
1874,251,1,1,49,21,-1.86,0.05,1,0,279
1875,83,0,0,28,11,-3.68,0.05,1,0,279
1876,400,7,2,45,23,-9.3,0.05,0,1,279
1877,112,1,1,29,14,-1.32,0.05,1,0,279
1878,35,0,0,23,5,-1.05,0.05,1,0,279
1879,5,0,0,4,1,-4.0,0.05,1,0,279
1880,170,2,2,51,19,2.2,0.05,1,0,279
1881,143,3,3,38,17,-0.08,0.05,0,0,279
1882,20,0,0,8,3,-5.45,0.05,1,0,279
1883,147,0,0,42,17,0.98,0.05,1,0,279
1884,31,0,0,10,4,-3.51,0.05,1,0,279
1885,200,0,0,43,22,-8.8,0.05,1,0,279
1886,65,0,0,27,9,-4.95,0.05,1,0,279
1887,20,0,0,9,3,-4.1,0.05,1,0,279
1888,82,3,3,29,11,1.53,0.05,1,0,279
1889,54,1,1,19,7,-3.84,0.05,1,0,279
1890,106,0,0,34,13,-4.11,0.05,0,0,279
1891,20,0,0,9,3,-4.65,0.05,1,0,279
1892,69,1,1,28,9,1.11,0.05,0,0,279
1893,172,1,1,51,21,-2.37,0.05,0,0,279
1894,106,2,2,38,13,7.79,0.05,1,0,279
1895,400,2,2,56,33,-23.5,0.05,0,1,279
1896,152,0,0,37,17,-4.12,0.05,0,0,279
1897,60,2,2,29,8,2.0,0.05,1,0,279
1898,60,0,0,23,8,-5.55,0.05,1,0,279
1899,49,1,1,19,7,-1.54,0.05,1,0,279
1900,70,1,1,25,9,-2.25,0.05,0,0,279
1901,57,1,1,23,7,-1.07,0.05,1,0,279
1902,43,0,0,16,6,-3.28,0.05,1,0,279
1903,134,3,3,36,15,3.01,0.05,1,0,279
1904,27,0,0,16,4,-3.97,0.05,1,0,279
1905,202,2,2,36,19,-2.67,0.05,1,0,279
1906,400,2,2,48,30,-21.35,0.05,0,1,279
1907,56,0,0,21,8,-4.36,0.05,1,0,279
1908,95,6,1,34,12,6.55,0.05,1,0,279
1909,92,2,2,36,12,0.28,0.05,0,0,279
1910,112,1,1,44,14,3.43,0.05,1,0,279
1911,177,3,3,39,17,0.88,0.05,1,0,279
1912,70,1,1,27,9,-0.85,0.05,1,0,279
1913,66,2,2,28,8,0.29,0.05,1,0,279
1914,146,1,1,36,14,-1.41,0.05,1,0,279
1915,52,0,0,19,6,-3.67,0.05,0,0,279
1916,35,0,0,15,5,-3.15,0.05,1,0,279
1917,167,2,2,39,19,-3.87,0.05,1,0,279
1918,242,4,4,54,24,-2.87,0.05,0,0,279
1919,21,0,0,9,3,-5.16,0.05,1,0,279
1920,46,0,0,21,6,-1.41,0.05,1,0,279
1921,29,0,0,14,4,-1.59,0.05,1,0,279
1922,66,2,2,22,9,-1.96,0.05,1,0,279
1923,121,2,2,36,15,-0.31,0.05,0,0,279
1924,186,1,1,54,21,0.04,0.05,0,0,279
1925,149,0,0,35,15,-2.64,0.05,0,0,279
1926,246,1,1,39,23,-8.86,0.05,0,0,279
1927,70,2,2,17,6,-2.6,0.05,1,0,279
1928,93,2,2,34,12,2.37,0.05,1,0,279
1929,116,1,1,42,15,0.54,0.05,1,0,279
1930,79,2,2,25,10,0.26,0.05,1,0,279
1931,116,1,1,37,14,-0.01,0.05,1,0,279
1932,22,0,0,11,3,-4.02,0.05,1,0,279
1933,153,2,2,38,16,2.42,0.05,1,0,279
1934,51,0,0,13,7,-4.91,0.05,1,0,279
1935,52,1,1,17,6,-0.82,0.05,0,0,279
1936,97,2,2,31,11,-1.07,0.05,0,0,279
1937,67,1,1,27,9,-0.27,0.05,0,0,279
1938,43,0,0,14,5,-5.23,0.05,1,0,279
1939,21,0,0,9,3,-4.66,0.05,1,0,279
1940,189,6,1,44,16,0.81,0.05,1,0,279
1941,119,8,3,38,14,8.21,0.05,0,0,279
1942,400,1,1,36,19,-15.4,0.05,0,1,279
1943,95,0,0,37,11,-2.45,0.05,0,0,280
1944,50,1,1,9,4,-3.3,0.05,1,0,280
1945,20,0,0,10,3,-3.65,0.05,1,0,280
1946,396,2,2,39,20,-22.26,0.05,1,0,280
1947,400,0,0,43,20,-18.8,0.05,0,1,280
1948,400,2,2,51,23,-6.2,0.05,0,1,280
1949,7,0,0,2,1,-6.02,0.05,1,0,280
1950,5,0,0,4,1,-3.9,0.05,1,0,280
1951,27,1,1,12,4,-3.17,0.05,1,0,280
1952,52,1,1,24,7,0.98,0.05,1,0,280
1953,30,0,0,12,4,-5.1,0.05,1,0,280
1954,162,5,5,44,14,3.88,0.05,0,0,280
1955,121,2,2,36,13,1.49,0.05,1,0,280
1956,21,0,0,8,3,-5.46,0.05,1,0,280
1957,90,2,2,34,12,0.55,0.05,1,0,280
1958,400,1,1,38,20,-12.55,0.05,0,1,280
1959,148,1,1,40,16,1.07,0.05,0,0,280
1960,400,1,1,49,22,-10.85,0.05,0,1,281
1961,67,2,2,30,9,1.03,0.05,1,0,281
1962,83,1,1,26,10,0.22,0.05,0,0,281
1963,223,3,3,45,23,-0.58,0.05,1,0,281
1964,50,0,0,21,7,-5.1,0.05,1,0,281
1965,126,1,1,45,16,-0.86,0.05,0,0,281
1966,173,0,0,39,15,-3.43,0.05,1,0,281
1967,400,2,2,42,24,-16.9,0.05,0,1,281
1968,123,1,1,36,13,2.42,0.05,1,0,281
1969,100,0,0,25,13,-6.15,0.05,1,0,281
1970,120,1,1,33,13,-0.15,0.05,0,0,281
1971,36,1,1,16,5,-1.96,0.05,1,0,281
1972,104,1,1,36,13,-0.24,0.05,0,0,281
1973,30,1,1,12,4,-4.0,0.05,1,0,281
1974,97,3,3,32,12,2.53,0.05,1,0,281
1975,48,1,1,18,7,-3.43,0.05,1,0,281
1976,139,2,2,31,10,0.81,0.05,0,0,281
1977,197,2,2,35,14,-0.72,0.05,1,0,281
1978,107,3,3,30,11,-1.57,0.05,1,0,281
1979,400,2,2,45,23,-4.2,0.05,0,1,281
1980,32,1,1,16,4,-0.62,0.05,1,0,281
1981,6,0,0,2,1,-4.96,0.05,1,0,281
1982,76,3,3,26,10,1.74,0.05,1,0,281
1983,153,7,2,44,18,3.37,0.05,1,0,281
1984,79,2,2,30,11,-2.54,0.05,0,0,281
1985,44,1,1,17,5,-2.04,0.05,1,0,281
1986,111,7,2,29,13,2.09,0.05,1,0,281
1987,59,0,0,28,8,-0.89,0.05,1,0,281
1988,69,0,0,33,9,-0.84,0.05,1,0,281
1989,50,0,0,24,7,-3.2,0.05,1,0,281
1990,144,4,4,49,17,7.11,0.05,1,0,281
1991,23,0,0,10,3,-4.08,0.05,1,0,281
1992,28,1,1,13,4,-3.93,0.05,1,0,281
1993,8,0,0,3,1,-4.43,0.05,1,0,281
1994,86,0,0,35,11,-2.46,0.05,1,0,281
1995,62,0,0,24,8,-2.57,0.05,0,0,281
1996,48,0,0,16,6,-5.68,0.05,0,0,281
1997,287,5,5,32,17,-5.02,0.05,1,0,281
1998,76,0,0,28,10,-2.76,0.05,1,0,281
1999,65,0,0,25,8,-0.85,0.05,1,0,281
2000,20,0,0,7,3,-6.25,0.05,1,0,281
2001,59,1,1,24,8,-1.09,0.05,1,0,281
2002,195,2,2,36,15,-8.15,0.05,0,0,281
2003,103,0,0,38,13,-0.53,0.05,1,0,281
2004,203,2,2,41,14,-7.88,0.05,0,0,281
2005,34,0,0,16,5,-3.34,0.05,1,0,281
2006,87,3,3,23,10,-2.22,0.05,0,0,281
2007,60,0,0,23,8,-1.0,0.05,1,0,281
2008,73,1,1,36,10,2.72,0.05,1,0,281
2009,137,1,1,47,16,3.43,0.05,1,0,281
2010,52,1,1,18,7,-3.47,0.05,1,0,281
2011,70,2,2,23,8,-0.2,0.05,0,0,281
2012,189,3,3,35,19,-2.04,0.05,0,0,281
2013,56,0,0,28,7,-2.61,0.05,1,0,281
2014,236,2,2,51,22,-3.26,0.05,0,0,281
2015,400,2,2,53,23,-8.95,0.05,0,1,281
2016,32,0,0,14,4,-2.87,0.05,1,0,281
2017,59,1,1,23,7,-3.44,0.05,1,0,281
2018,400,2,2,37,22,-16.1,0.05,0,1,281
2019,81,1,1,26,10,-1.86,0.05,1,0,281
2020,29,0,0,12,4,-3.39,0.05,1,0,281
2021,138,3,3,39,17,-2.73,0.05,0,0,281
2022,80,2,2,26,10,-1.3,0.05,0,0,281
2023,258,1,1,23,17,-12.48,0.05,1,0,281
2024,118,5,0,20,7,1.07,0.05,1,0,281
2025,156,1,1,17,11,-6.86,0.05,0,0,281
2026,68,1,1,37,9,3.72,0.05,1,0,281
2027,5,0,0,4,1,-4.0,0.05,1,0,281
2028,82,0,0,24,10,-4.62,0.05,1,0,281
2029,102,1,1,32,13,-1.42,0.05,1,0,281
2030,43,0,0,18,6,-2.18,0.05,1,0,281
2031,21,0,0,11,3,-4.01,0.05,1,0,281
2032,180,2,2,38,18,-0.8,0.05,0,0,281
2033,159,2,2,40,16,-3.29,0.05,0,0,281
2034,103,1,1,25,12,-4.28,0.05,1,0,281
2035,176,2,2,46,18,-0.16,0.05,0,0,281
2036,82,0,0,30,10,-3.32,0.05,1,0,281
2037,121,1,1,34,15,-1.06,0.05,1,0,281
2038,144,1,1,33,14,-4.69,0.05,1,0,282
2039,400,6,1,41,19,-13.3,0.05,0,1,282
2040,6,0,0,2,1,-4.51,0.05,1,0,282
2041,400,1,1,33,19,-15.6,0.05,0,1,282
2042,28,1,1,14,4,-2.98,0.05,1,0,282
2043,183,1,1,44,18,-1.18,0.05,0,0,282
2044,37,0,0,20,5,-1.07,0.05,1,0,282
2045,155,0,0,31,16,-3.25,0.05,1,0,282
2046,400,0,0,39,23,-12.2,0.05,0,1,282
2047,7,0,0,2,1,-5.02,0.05,1,0,282
2048,260,4,4,52,30,-14.75,0.05,1,0,282
2049,72,1,1,32,10,-1.87,0.05,1,0,282
2050,71,0,0,21,8,-3.81,0.05,0,0,282
2051,80,2,2,23,7,-0.85,0.05,1,0,282
2052,179,2,2,41,16,-1.84,0.05,0,0,282
2053,30,0,0,8,4,-3.55,0.05,1,0,282
2054,79,2,2,25,10,-1.99,0.05,1,0,282
2055,123,3,3,32,13,-0.58,0.05,1,0,282
2056,77,0,0,28,10,2.83,0.05,1,0,282
2057,212,2,2,45,17,-3.52,0.05,1,0,282
2058,80,1,1,34,11,-1.05,0.05,1,0,282
2059,23,0,0,8,3,-4.18,0.05,1,0,282
2060,64,2,2,26,8,1.46,0.05,1,0,282
2061,126,2,2,42,14,2.94,0.05,1,0,282
2062,56,2,2,28,7,1.69,0.05,1,0,282
2063,13,0,0,5,2,-4.28,0.05,1,0,282
2064,20,0,0,11,3,-3.55,0.05,1,0,282
2065,46,1,1,16,5,-2.26,0.05,1,0,282
2066,122,1,1,39,15,-0.37,0.05,1,0,282
2067,170,1,1,53,17,-4.05,0.05,0,0,282
2068,52,1,1,23,7,-0.47,0.05,1,0,282
2069,130,0,0,31,14,-5.8,0.05,1,0,282
2070,135,2,2,30,12,-0.45,0.05,0,0,282
2071,90,1,1,31,9,0.7,0.05,0,0,283
2072,400,4,4,42,23,-14.75,0.05,0,1,283
2073,55,0,0,20,6,-4.5,0.05,0,0,283
2074,7,0,0,2,1,-4.47,0.05,1,0,283
2075,400,3,3,42,19,-8.65,0.05,0,1,283
2076,75,0,0,35,10,1.3,0.05,1,0,283
2077,57,0,0,25,8,-0.82,0.05,1,0,283
2078,51,0,0,23,7,-0.46,0.05,1,0,283
2079,90,0,0,30,10,-1.15,0.05,1,0,283
2080,27,1,1,9,4,-4.67,0.05,1,0,283
2081,76,2,2,25,10,-3.26,0.05,1,0,283
2082,175,0,0,42,18,-1.3,0.05,1,0,283
2083,109,1,1,43,14,-1.54,0.05,1,0,283
2084,97,2,2,31,11,-1.22,0.05,0,0,283
2085,41,2,2,12,5,-1.41,0.05,1,0,283
2086,37,0,0,13,5,-5.27,0.05,1,0,283
2087,163,4,4,33,13,-4.23,0.05,0,0,283
2088,120,1,1,40,15,-2.95,0.05,1,0,283
2089,88,3,3,26,11,-0.88,0.05,1,0,284
2090,400,3,3,41,18,-5.45,0.05,0,1,284
2091,152,1,1,26,11,-0.37,0.05,1,0,284
2092,400,3,3,36,17,-18.6,0.05,0,1,284
2093,34,0,0,15,5,-4.19,0.05,1,0,284
2094,59,0,0,24,8,-2.19,0.05,1,0,284
2095,232,2,2,41,19,-4.42,0.05,1,0,284
2096,68,1,1,23,9,-3.58,0.05,1,0,284
2097,57,6,1,16,8,0.38,0.05,1,0,284
2098,143,7,2,40,16,5.62,0.05,1,0,284
2099,60,2,2,29,8,2.45,0.05,1,0,284
2100,100,0,0,32,13,-4.95,0.05,1,0,284
2101,71,1,1,24,9,-0.81,0.05,1,0,284
2102,57,1,1,24,8,-2.72,0.05,1,0,284
2103,108,2,2,40,13,3.22,0.05,1,0,284
2104,85,0,0,29,10,-4.0,0.05,1,0,284
2105,83,2,2,32,11,-1.18,0.05,0,0,284
2106,400,2,2,51,20,-11.05,0.05,0,1,284
2107,57,0,0,23,8,-3.82,0.05,1,0,284
2108,28,0,0,11,4,-4.28,0.05,1,0,284
2109,54,0,0,25,7,-1.84,0.05,1,0,284
2110,51,1,1,23,7,-0.26,0.05,1,0,284
2111,56,2,2,20,8,-3.76,0.05,0,0,284
2112,58,0,0,26,8,-1.13,0.05,1,0,284
2113,82,1,1,28,11,0.13,0.05,1,0,284
2114,104,2,2,29,12,-1.59,0.05,1,0,284
2115,20,0,0,6,3,-5.65,0.05,1,0,284
2116,116,1,1,28,14,-2.46,0.05,1,0,284
2117,119,2,2,33,13,-1.54,0.05,1,0,284
2118,86,0,0,35,10,-2.06,0.05,1,0,284
2119,138,2,2,31,15,-2.23,0.05,0,0,284
2120,253,1,1,46,25,-9.53,0.05,1,0,284
2121,44,4,4,18,6,2.26,0.05,0,0,284
2122,110,1,1,28,10,-2.6,0.05,0,0,285
2123,5,0,0,2,1,-4.4,0.05,1,0,285
2124,49,0,0,12,5,-6.84,0.05,1,0,285
2125,336,3,3,44,22,-9.91,0.05,1,0,285
2126,130,0,0,41,14,-2.05,0.05,0,0,285
2127,76,1,1,27,9,2.09,0.05,1,0,285
2128,79,2,2,35,10,2.26,0.05,1,0,285
2129,174,1,1,39,19,-6.39,0.05,1,0,285
2130,57,1,1,22,8,-1.77,0.05,1,0,285
2131,13,0,0,5,2,-4.78,0.05,1,0,285
2132,270,3,3,46,26,-10.5,0.05,1,0,285
2133,205,1,1,41,24,-9.9,0.05,1,0,285
2134,220,5,0,42,24,-7.65,0.05,1,0,285
2135,71,1,1,26,9,-0.81,0.05,1,0,285
2136,235,0,0,46,26,-7.95,0.05,1,0,285
2137,182,1,1,25,15,-7.02,0.05,0,0,285
2138,139,2,2,40,14,-4.59,0.05,1,0,285
2139,314,2,2,25,18,-22.69,0.05,1,0,285
2140,66,0,0,32,9,-1.06,0.05,1,0,285
2141,20,0,0,9,3,-4.25,0.05,1,0,285
2142,59,1,1,25,8,-0.79,0.05,1,0,285
2143,238,1,1,42,28,-17.63,0.05,1,0,285
2144,67,0,0,27,9,-0.97,0.05,1,0,285
2145,109,1,1,34,12,-0.34,0.05,1,0,285
2146,13,0,0,7,2,-4.08,0.05,1,0,285
2147,22,1,1,7,3,-3.27,0.05,1,0,285
2148,97,0,0,35,12,-1.92,0.05,1,0,285
2149,338,1,1,34,31,-31.43,0.05,1,0,285
2150,7,0,0,3,1,-4.82,0.05,1,0,285
2151,240,6,1,41,24,0.5,0.05,1,0,285
2152,82,1,1,32,10,-0.72,0.05,1,0,285
2153,96,1,1,28,11,1.19,0.05,1,0,285
2154,55,7,2,22,7,3.3,0.05,1,0,285
2155,27,0,0,16,4,-3.07,0.05,1,0,285
2156,77,0,0,28,10,-2.07,0.05,0,0,286
2157,111,1,1,35,13,0.69,0.05,1,0,286
2158,120,1,1,26,12,-3.0,0.05,1,0,286
2159,30,0,0,14,4,-2.75,0.05,1,0,286
2160,400,2,2,39,18,-13.85,0.05,0,1,286
2161,72,0,0,7,4,-5.97,0.05,1,0,286
2162,64,0,0,29,9,-2.04,0.05,1,0,286
2163,73,0,0,29,10,-1.13,0.05,1,0,286
2164,101,3,3,25,11,-2.16,0.05,0,0,286
2165,56,0,0,20,6,-2.31,0.05,1,0,286
2166,89,1,1,31,11,0.46,0.05,1,0,286
2167,115,0,0,24,9,-1.8,0.05,0,0,288
2168,52,1,1,20,7,-2.92,0.05,1,0,288
2169,140,3,3,41,15,-0.5,0.05,1,0,288
2170,77,3,3,28,11,-3.37,0.05,0,0,288
2171,60,0,0,28,8,-1.6,0.05,0,0,288
2172,231,3,3,34,21,-3.21,0.05,0,0,288
2173,100,2,2,28,10,-2.25,0.05,1,0,288
2174,115,1,1,39,13,-2.2,0.05,1,0,288
2175,98,1,1,26,11,-2.18,0.05,1,0,288
2176,400,1,1,37,25,-20.9,0.05,0,1,288
2177,199,3,3,37,16,-4.19,0.05,0,0,288
2178,48,1,1,20,5,-1.43,0.05,0,0,288
2179,347,8,3,48,23,-12.72,0.05,1,0,288
2180,368,2,2,41,21,-13.03,0.05,1,0,288
2181,69,0,0,25,9,-1.59,0.05,1,0,288
2182,400,1,1,42,22,-13.15,0.05,0,1,288
2183,103,1,1,32,14,-1.98,0.05,1,0,288
2184,50,2,2,19,7,-1.95,0.05,1,0,288
2185,14,0,0,8,2,-3.74,0.05,1,0,288
2186,6,0,0,2,1,-5.06,0.05,1,0,288
2187,244,2,2,33,18,-10.84,0.05,1,0,288
2188,27,1,1,12,4,-3.77,0.05,1,0,288
2189,66,2,2,24,9,-1.81,0.05,1,0,288
2190,80,1,1,21,9,-3.3,0.05,1,0,288
2191,27,0,0,11,4,-4.67,0.05,1,0,288
2192,109,1,1,29,14,-1.59,0.05,1,0,288
2193,121,1,1,39,13,-0.46,0.05,1,0,288
2194,123,3,3,33,14,-0.68,0.05,1,0,288
2195,400,0,0,39,23,-13.05,0.05,0,1,288
2196,158,2,2,38,17,-4.78,0.05,0,0,288
2197,220,2,2,51,23,-0.85,0.05,1,0,288
2198,144,3,3,53,15,4.86,0.05,1,0,288
2199,268,2,2,39,21,-4.08,0.05,0,0,288
2200,41,2,2,12,5,-3.36,0.05,0,0,288
2201,102,0,0,25,9,-4.57,0.05,1,0,288
2202,169,3,3,46,16,3.21,0.05,0,0,289
2203,41,0,0,16,6,-4.46,0.05,1,0,289
2204,141,3,3,38,16,1.49,0.05,0,0,289
2205,76,1,1,17,9,-3.11,0.05,1,0,289
2206,132,3,3,31,14,-1.47,0.05,0,0,289
2207,95,0,0,22,12,-7.55,0.05,0,0,289
2208,30,0,0,10,4,-5.9,0.05,1,0,289
2209,82,1,1,26,9,-0.47,0.05,1,0,289
2210,141,2,2,35,15,-4.36,0.05,0,0,289
2211,95,2,2,34,11,1.4,0.05,0,0,289
2212,57,0,0,23,8,-6.32,0.05,1,0,289
2213,23,0,0,8,3,-4.28,0.05,1,0,289
2214,14,0,0,2,2,-6.19,0.05,1,0,289
2215,328,1,1,30,15,-16.58,0.05,1,0,289
2216,177,2,2,33,15,-3.22,0.05,1,0,289
2217,162,2,2,32,18,-3.47,0.05,0,0,290
2218,20,0,0,10,3,-4.25,0.05,1,0,290
2219,106,1,1,29,12,-3.66,0.05,0,0,290
2220,95,0,0,14,6,-7.6,0.05,0,0,290
2221,56,0,0,25,8,-3.76,0.05,1,0,290
2222,38,0,0,13,5,-3.83,0.05,1,0,290
2223,161,0,0,30,13,0.34,0.05,1,0,290
2224,400,0,0,39,16,-13.45,0.05,0,1,290
2225,71,2,2,23,9,0.89,0.05,0,0,290
2226,233,2,2,38,27,-18.18,0.05,1,0,290
2227,114,3,3,23,7,0.26,0.05,1,0,290
2228,6,0,0,3,1,-4.21,0.05,1,0,290
2229,39,0,0,14,4,-4.49,0.05,0,0,290
2230,21,0,0,9,3,-4.56,0.05,1,0,290
2231,117,2,2,40,14,2.83,0.05,1,0,290
2232,43,1,1,18,6,-1.38,0.05,1,0,290
2233,185,0,0,32,20,-4.15,0.05,1,0,290
2234,111,2,2,37,13,1.04,0.05,1,0,290
2235,267,5,5,54,30,-7.07,0.05,1,0,290
2236,194,1,1,36,21,-5.39,0.05,1,0,290
2237,35,0,0,15,5,-2.5,0.05,1,0,290
2238,135,2,2,35,16,-0.75,0.05,0,0,290
2239,81,1,1,27,10,-3.06,0.05,0,0,290
2240,124,0,0,44,15,-0.64,0.05,0,0,290
2241,120,2,2,38,16,-0.95,0.05,1,0,290
2242,159,7,2,40,18,3.56,0.05,1,0,290
2243,9,0,0,5,1,-4.14,0.05,1,0,290
2244,13,0,0,9,2,-2.88,0.05,1,0,290
2245,61,1,1,23,8,-1.46,0.05,1,0,290
2246,57,2,2,17,7,-1.77,0.05,1,0,290
2247,93,2,2,36,11,2.12,0.05,0,0,290
2248,103,2,2,27,12,-1.28,0.05,0,0,290
2249,400,1,1,39,19,-7.65,0.05,0,1,290
2250,126,0,0,32,15,-3.66,0.05,1,0,290
2251,54,0,0,20,7,-4.89,0.05,1,0,290
2252,82,3,3,33,10,3.98,0.05,0,0,290
2253,176,1,1,48,20,-1.71,0.05,1,0,290
2254,69,0,0,25,8,2.91,0.05,1,0,290
2255,139,3,3,43,15,0.96,0.05,1,0,290
2256,56,1,1,25,8,0.39,0.05,1,0,290
2257,7,0,0,5,1,-4.02,0.05,1,0,290
2258,302,7,2,43,24,-7.37,0.05,1,0,290
2259,20,0,0,9,3,-5.2,0.05,1,0,290
2260,5,0,0,3,1,-4.2,0.05,1,0,290
2261,21,0,0,9,3,-3.76,0.05,1,0,290
2262,27,1,1,11,4,-4.12,0.05,1,0,290
2263,73,2,2,25,9,-1.98,0.05,0,0,290
2264,400,2,2,34,19,-23.4,0.05,0,1,290
2265,6,0,0,1,1,-5.76,0.05,1,0,290
2266,162,0,0,31,17,-9.27,0.05,1,0,290
2267,174,0,0,42,18,-5.39,0.05,0,0,290
2268,6,0,0,3,1,-4.76,0.05,1,0,290
2269,20,0,0,9,3,-4.2,0.05,1,0,290
2270,317,1,1,41,19,-14.77,0.05,1,0,290
2271,40,0,0,20,5,-1.1,0.05,1,0,290
2272,78,1,1,25,10,-1.28,0.05,0,0,290
2273,20,0,0,11,3,-3.05,0.05,1,0,290
2274,22,0,0,13,3,-2.72,0.05,1,0,290
2275,88,6,1,24,9,-0.13,0.05,1,0,290
2276,189,0,0,39,19,-6.99,0.05,0,0,290
2277,133,3,3,37,16,-1.68,0.05,0,0,290
2278,72,3,3,32,9,0.83,0.05,0,0,290
2279,8,0,0,3,1,-4.23,0.05,1,0,290
2280,241,2,2,50,27,-11.26,0.05,1,0,290
2281,114,0,0,24,14,-6.74,0.05,0,0,290
2282,107,3,3,28,13,-2.02,0.05,0,0,290
2283,143,2,2,36,16,-4.73,0.05,0,0,290
2284,177,1,1,45,21,-7.17,0.05,1,0,290
2285,67,1,1,27,8,-1.17,0.05,0,0,290
2286,48,0,0,17,7,-6.38,0.05,0,0,290
2287,91,3,3,33,11,-0.21,0.05,1,0,290
2288,107,2,2,38,14,-0.97,0.05,1,0,290
2289,81,1,1,34,11,1.34,0.05,1,0,290
2290,20,0,0,9,3,-3.65,0.05,1,0,290
2291,22,0,0,12,3,-3.82,0.05,1,0,290
2292,123,3,3,34,15,2.62,0.05,1,0,290
2293,61,0,0,27,8,-1.41,0.05,0,0,290
2294,194,2,2,48,21,-4.79,0.05,1,0,290
2295,94,0,0,40,11,-1.74,0.05,1,0,290
2296,25,1,1,9,3,-4.2,0.05,1,0,290
2297,30,0,0,10,4,-5.55,0.05,1,0,290
2298,72,0,0,28,9,-2.02,0.05,1,0,290
2299,134,1,1,44,17,0.66,0.05,1,0,290
2300,61,0,0,24,8,-1.66,0.05,1,0,290
2301,185,2,2,37,18,0.3,0.05,1,0,290
2302,55,6,1,17,7,1.45,0.05,0,0,290
2303,179,3,3,54,19,5.81,0.05,0,0,291
2304,188,2,2,48,22,-5.63,0.05,1,0,291
2305,29,0,0,12,4,-4.29,0.05,1,0,291
2306,104,2,2,38,12,4.21,0.05,1,0,291
2307,7,0,0,3,1,-4.72,0.05,1,0,291
2308,28,0,0,10,4,-4.08,0.05,1,0,291
2309,35,1,1,15,5,-2.5,0.05,1,0,291
2310,178,1,1,40,21,-8.18,0.05,1,0,291
2311,84,1,1,32,11,-0.89,0.05,1,0,291
2312,295,3,3,48,38,-25.9,0.05,1,0,291
2313,77,0,0,28,10,-1.82,0.05,0,0,291
2314,95,3,3,37,13,-1.45,0.05,1,0,291
2315,158,0,0,41,18,0.37,0.05,1,0,291
2316,116,1,1,40,15,0.64,0.05,1,0,291
2317,106,0,0,38,14,-2.91,0.05,0,0,291
2318,50,1,1,21,7,-1.95,0.05,1,0,291
2319,50,0,0,22,7,-2.8,0.05,1,0,291
2320,64,0,0,25,8,-2.44,0.05,1,0,291
2321,281,0,0,47,29,-9.41,0.05,1,0,291
2322,144,2,2,38,16,-1.34,0.05,0,0,291
2323,400,0,0,28,24,-22.55,0.05,0,1,291
2324,150,0,0,40,17,-0.35,0.05,1,0,291
2325,74,2,2,33,10,0.81,0.05,1,0,291
2326,400,15,5,42,21,-6.05,0.05,0,1,291
2327,142,0,0,44,16,-1.12,0.05,1,0,291
2328,400,1,1,39,21,-12.9,0.05,0,1,291
2329,331,3,3,54,29,-10.01,0.05,1,0,291
2330,20,0,0,9,3,-3.55,0.05,1,0,291
2331,7,0,0,2,1,-4.57,0.05,1,0,291
2332,42,0,0,20,6,-4.07,0.05,1,0,291
2333,76,3,3,28,10,2.04,0.05,1,0,291
2334,169,1,1,45,19,-1.24,0.05,1,0,292
2335,27,0,0,10,4,-5.87,0.05,1,0,292
2336,27,0,0,13,4,-3.87,0.05,1,0,292
2337,41,1,1,21,5,-0.11,0.05,1,0,292
2338,24,0,0,9,3,-4.09,0.05,1,0,292
2339,400,5,5,44,23,-9.05,0.05,0,1,292
2340,138,2,2,37,14,0.67,0.05,0,0,292
2341,69,1,1,24,8,-2.74,0.05,1,0,293
2342,29,0,0,12,4,-3.94,0.05,1,0,293
2343,58,0,0,30,8,-1.98,0.05,1,0,293
2344,86,2,2,24,10,-2.56,0.05,1,0,293
2345,75,0,0,30,10,-0.3,0.05,1,0,293
2346,80,0,0,27,10,-2.75,0.05,0,0,293
2347,223,1,1,42,19,-2.73,0.05,1,0,293
2348,161,3,3,37,15,-5.11,0.05,0,0,293
2349,6,0,0,2,1,-4.51,0.05,1,0,293
2350,29,1,1,11,4,-3.19,0.05,1,0,293
2351,99,0,0,38,13,-2.39,0.05,1,0,293
2352,13,0,0,8,2,-3.23,0.05,1,0,293
2353,296,3,3,44,18,-3.96,0.05,0,0,293
2354,215,9,4,58,20,8.1,0.05,0,0,293
2355,58,0,0,21,8,-5.13,0.05,1,0,293
2356,44,1,1,21,6,-1.74,0.05,1,0,293
2357,144,8,3,30,13,1.46,0.05,1,0,293
2358,319,0,0,37,17,-19.29,0.05,0,0,293
2359,51,0,0,20,7,-5.81,0.05,0,0,293
2360,201,8,3,39,20,2.84,0.05,0,0,293
2361,70,1,1,25,9,-1.8,0.05,0,0,293
2362,106,4,4,36,12,5.89,0.05,1,0,293
2363,20,0,0,9,3,-4.0,0.05,1,0,293
2364,75,1,1,28,9,1.15,0.05,0,0,293
2365,13,0,0,7,2,-3.33,0.05,1,0,293
2366,400,2,2,47,23,-8.6,0.05,0,1,293
2367,29,0,0,14,4,-4.19,0.05,1,0,293
2368,400,0,0,36,19,-12.8,0.05,0,1,293
2369,85,1,1,26,11,-6.4,0.05,0,0,293
2370,168,6,1,36,18,-0.13,0.05,1,0,293
2371,131,2,2,33,14,-6.51,0.05,1,0,293
2372,62,0,0,25,8,-2.22,0.05,0,0,293
2373,79,0,0,21,8,-6.49,0.05,0,0,293
2374,340,4,4,42,20,-7.75,0.05,1,0,293
2375,192,2,2,39,14,2.03,0.05,0,0,293
2376,86,2,2,25,10,-1.41,0.05,1,0,293
2377,76,1,1,27,10,-0.71,0.05,1,0,293
2378,110,0,0,35,12,-2.1,0.05,0,0,293
2379,27,0,0,10,4,-5.02,0.05,1,0,293
2380,28,0,0,14,4,-1.73,0.05,1,0,293
2381,95,0,0,29,10,-0.9,0.05,1,0,293
2382,23,0,0,6,3,-4.68,0.05,1,0,293
2383,185,8,3,42,18,7.0,0.05,0,0,293
2384,281,2,2,45,20,-9.86,0.05,0,0,293
2385,82,4,4,34,11,1.88,0.05,1,0,294
2386,14,0,0,6,2,-4.44,0.05,1,0,294
2387,116,1,1,38,14,-0.96,0.05,0,0,294
2388,50,0,0,21,7,-3.1,0.05,1,0,294
2389,285,2,2,38,19,-18.2,0.05,0,0,294
2390,79,0,0,30,11,-1.14,0.05,0,0,294
2391,146,2,2,44,15,0.29,0.05,1,0,294
2392,400,3,3,49,19,-5.5,0.05,0,1,294
2393,20,0,0,10,3,-4.1,0.05,1,0,294
2394,13,0,0,7,2,-4.53,0.05,1,0,294
2395,94,2,2,21,8,-1.74,0.05,0,0,295
2396,83,1,1,28,10,-1.33,0.05,1,0,295
2397,75,2,2,28,9,2.45,0.05,1,0,295
2398,146,3,3,40,14,0.64,0.05,0,0,295
2399,36,0,0,18,5,-1.71,0.05,1,0,295
2400,80,1,1,33,10,0.6,0.05,1,0,295
2401,37,0,0,12,5,-5.17,0.05,1,0,295
2402,90,1,1,39,12,2.95,0.05,1,0,295
2403,109,1,1,37,13,0.26,0.05,1,0,295
2404,68,0,0,30,9,-0.48,0.05,1,0,295
2405,207,1,1,44,18,-2.27,0.05,1,0,295
2406,178,8,3,41,18,6.02,0.05,0,0,295
2407,121,0,0,33,14,-0.56,0.05,1,0,295
2408,41,0,0,17,6,-5.56,0.05,1,0,295
2409,400,3,3,42,20,-6.8,0.05,0,1,295
2410,63,5,0,26,9,-1.88,0.05,1,0,295
2411,161,3,3,43,17,2.59,0.05,1,0,295
2412,188,3,3,45,19,-3.13,0.05,1,0,295
2413,52,1,1,18,7,-2.27,0.05,1,0,295
2414,20,0,0,8,3,-5.2,0.05,1,0,295
2415,79,2,2,30,10,1.26,0.05,1,0,295
2416,147,1,1,46,17,-0.62,0.05,0,0,295
2417,85,0,0,29,10,-1.2,0.05,1,0,295
2418,128,1,1,39,16,-1.88,0.05,1,0,295
2419,124,2,2,41,14,2.71,0.05,1,0,295
2420,46,0,0,17,6,-3.21,0.05,1,0,295
2421,293,3,3,37,17,-8.53,0.05,1,0,295
2422,104,0,0,33,13,0.21,0.05,1,0,295
2423,163,1,1,46,19,-3.63,0.05,1,0,295
2424,44,1,1,17,6,-1.64,0.05,1,0,295
2425,146,2,2,29,14,-2.41,0.05,1,0,295
2426,81,1,1,30,10,-0.81,0.05,0,0,295
2427,53,0,0,15,7,-5.98,0.05,1,0,295
2428,400,2,2,48,22,-5.55,0.05,0,1,295
2429,188,1,1,36,14,-7.43,0.05,0,0,295
2430,400,1,1,44,15,-16.65,0.05,0,1,295
2431,56,1,1,20,7,-1.01,0.05,1,0,295
2432,86,0,0,32,11,-0.81,0.05,1,0,295
2433,400,2,2,37,17,-11.0,0.05,0,1,295
2434,400,1,1,50,20,-15.65,0.05,0,1,295
2435,204,2,2,53,22,-0.44,0.05,1,0,295
2436,230,2,2,40,23,-5.45,0.05,1,0,295
2437,251,0,0,40,31,-25.46,0.05,1,0,295
2438,177,1,1,39,20,-5.07,0.05,0,0,295
2439,28,0,0,9,4,-4.18,0.05,1,0,295
2440,93,1,1,31,11,-1.13,0.05,1,0,295
2441,90,0,0,31,12,-5.3,0.05,1,0,295
2442,81,2,2,25,8,-2.31,0.05,0,0,295
2443,31,0,0,18,4,-1.06,0.05,1,0,295
2444,13,0,0,8,2,-3.23,0.05,1,0,295
2445,31,0,0,11,4,-3.21,0.05,1,0,295
2446,165,3,3,30,19,-9.35,0.05,0,0,295
2447,7,0,0,4,1,-4.02,0.05,1,0,295
2448,94,1,1,36,12,-1.14,0.05,1,0,295
2449,188,4,4,42,20,0.82,0.05,1,0,295
2450,224,6,1,47,24,-5.54,0.05,1,0,295
2451,28,0,0,13,4,-3.28,0.05,1,0,295
2452,7,0,0,5,1,-4.37,0.05,1,0,295
2453,127,2,2,29,12,-3.22,0.05,1,0,295
2454,49,0,0,24,6,-1.09,0.05,1,0,295
2455,60,0,0,20,8,-4.0,0.05,1,0,295
2456,100,2,2,36,11,3.55,0.05,1,0,295
2457,76,1,1,22,8,-1.46,0.05,0,0,295
2458,72,2,2,28,9,-1.22,0.05,1,0,295
2459,28,0,0,11,4,-3.08,0.05,1,0,295
2460,97,2,2,33,11,0.73,0.05,1,0,295
2461,147,4,4,41,17,0.78,0.05,0,0,295
2462,61,0,0,19,7,-2.86,0.05,0,0,295
2463,133,2,2,41,16,2.77,0.05,0,0,295
2464,70,1,1,30,9,0.25,0.05,1,0,295
2465,36,0,0,16,5,-3.36,0.05,1,0,295
2466,75,1,1,29,10,-0.95,0.05,1,0,295
2467,21,0,0,7,3,-5.31,0.05,1,0,295
2468,98,0,0,26,11,-6.93,0.05,0,0,295
2469,51,1,1,20,7,-3.21,0.05,1,0,295
2470,123,3,3,37,13,1.57,0.05,0,0,295
2471,115,0,0,27,11,-8.2,0.05,1,0,295
2472,139,2,2,16,10,-4.84,0.05,1,0,295
2473,50,1,1,26,7,0.15,0.05,1,0,295
2474,146,0,0,37,15,-3.46,0.05,1,0,295
2475,21,0,0,9,3,-4.61,0.05,1,0,295
2476,274,2,2,47,27,-12.74,0.05,1,0,295
2477,37,0,0,17,5,-2.97,0.05,0,0,296
2478,53,0,0,22,7,-1.38,0.05,1,0,296
2479,77,0,0,30,11,-7.12,0.05,1,0,296
2480,142,2,2,35,16,-5.27,0.05,1,0,296
2481,79,2,2,30,9,1.21,0.05,1,0,296
2482,136,3,3,46,15,5.94,0.05,1,0,296
2483,187,0,0,45,20,-7.77,0.05,1,0,296
2484,51,0,0,20,7,-4.06,0.05,1,0,296
2485,34,0,0,19,5,-3.74,0.05,1,0,296
2486,227,0,0,35,25,-17.72,0.05,1,0,296
2487,7,0,0,2,1,-4.57,0.05,1,0,296
2488,113,0,0,27,13,-4.43,0.05,0,0,296
2489,56,1,1,22,7,0.79,0.05,1,0,296
2490,21,0,0,10,3,-3.31,0.05,1,0,296
2491,66,1,1,29,9,-2.06,0.05,1,0,296
2492,89,3,3,31,10,-0.39,0.05,1,0,296
2493,223,1,1,44,27,-14.43,0.05,1,0,296
2494,88,0,0,35,11,-1.93,0.05,0,0,297
2495,114,3,3,27,12,-2.04,0.05,0,0,297
2496,228,2,2,49,24,-5.03,0.05,0,0,297
2497,208,1,1,56,25,-2.08,0.05,1,0,297
2498,60,1,1,24,8,1.05,0.05,1,0,297
2499,78,6,1,28,10,2.22,0.05,0,0,297
2500,168,1,1,33,20,-10.08,0.05,1,0,297
2501,69,0,0,30,9,-1.29,0.05,0,0,297
2502,134,6,1,46,16,5.31,0.05,1,0,297
2503,143,4,4,48,16,3.52,0.05,1,0,297
2504,330,3,3,45,35,-27.4,0.05,1,0,297
2505,165,2,2,38,16,-3.65,0.05,1,0,297
2506,210,8,3,41,19,3.45,0.05,0,0,297
2507,200,2,2,47,18,-9.05,0.05,0,0,297
2508,38,1,1,13,5,-3.28,0.05,1,0,297
2509,196,4,4,44,21,-1.06,0.05,1,0,297
2510,5,0,0,4,1,-4.0,0.05,1,0,297
2511,69,1,1,28,10,-2.89,0.05,0,0,297
2512,103,2,2,33,12,1.82,0.05,1,0,297
2513,13,0,0,6,2,-4.38,0.05,1,0,297
2514,400,3,3,44,24,-30.2,0.05,0,1,297
2515,86,0,0,27,10,-3.81,0.05,1,0,298
2516,113,0,0,33,12,-3.23,0.05,1,0,298
2517,45,6,1,15,6,-0.55,0.05,1,0,298
2518,188,3,3,50,19,4.92,0.05,1,0,298
2519,167,1,1,53,20,1.78,0.05,1,0,298
2520,82,0,0,31,11,-1.27,0.05,1,0,298
2521,61,1,1,25,8,-1.46,0.05,1,0,298
2522,92,2,2,33,11,-0.12,0.05,1,0,298
2523,167,0,0,36,16,-5.57,0.05,0,0,298
2524,97,8,3,32,12,7.28,0.05,1,0,298
2525,43,0,0,20,6,-1.23,0.05,1,0,298
2526,93,1,1,33,12,1.07,0.05,1,0,298
2527,37,1,1,20,5,0.33,0.05,1,0,298
2528,20,0,0,10,3,-3.25,0.05,1,0,298
2529,400,0,0,30,18,-14.5,0.05,0,1,298
2530,21,0,0,9,3,-3.66,0.05,1,0,298
2531,75,0,0,27,9,-2.6,0.05,1,0,298
2532,45,0,0,16,6,-3.1,0.05,1,0,298
2533,200,2,2,43,16,-5.2,0.05,0,0,298
2534,67,1,1,24,9,-3.77,0.05,0,0,298
2535,148,1,1,42,16,-1.23,0.05,1,0,298
2536,195,1,1,33,17,-4.25,0.05,0,0,298
2537,168,2,2,32,16,-4.63,0.05,0,0,298
2538,400,2,2,36,16,-12.05,0.05,0,1,298
2539,160,2,2,40,17,-2.0,0.05,1,0,298
2540,68,1,1,26,9,-1.23,0.05,1,0,298
2541,58,0,0,23,8,-3.13,0.05,1,0,298
2542,17,0,0,8,2,-3.57,0.05,1,0,298
2543,173,2,2,32,15,-4.88,0.05,1,0,298
2544,143,2,2,30,15,-7.78,0.05,0,0,298
2545,80,2,2,29,10,0.8,0.05,0,0,298
2546,22,0,0,8,3,-4.57,0.05,1,0,298
2547,400,3,3,41,23,-12.2,0.05,0,1,298
2548,101,1,1,31,12,-2.91,0.05,1,0,298
2549,42,0,0,17,6,-3.27,0.05,1,0,298
2550,400,2,2,48,21,-14.35,0.05,0,1,298
2551,118,0,0,27,13,-9.83,0.05,1,0,298
2552,56,0,0,22,8,-3.26,0.05,1,0,298
2553,105,0,0,35,12,-0.95,0.05,1,0,298
2554,400,3,3,57,27,-6.55,0.05,0,1,298
2555,21,0,0,10,3,-4.31,0.05,1,0,298
2556,55,0,0,18,7,-3.65,0.05,1,0,298
2557,369,2,2,43,19,-9.89,0.05,1,0,298
2558,217,5,0,35,20,-4.67,0.05,0,0,298
2559,52,1,1,21,7,-1.82,0.05,1,0,298
2560,38,0,0,17,5,-2.78,0.05,1,0,298
2561,136,1,1,39,14,-7.76,0.05,1,0,298
2562,20,0,0,11,3,-3.05,0.05,1,0,298
2563,51,1,1,21,7,-4.61,0.05,1,0,298
2564,400,1,1,45,19,-13.35,0.05,0,1,298
2565,173,3,3,47,20,1.97,0.05,0,0,298
2566,136,1,1,38,16,-2.16,0.05,0,0,298
2567,202,9,4,37,17,4.68,0.05,0,0,298
2568,152,8,3,37,14,6.33,0.05,1,0,298
2569,108,3,3,30,11,1.22,0.05,1,0,299
2570,136,2,2,32,14,-1.91,0.05,1,0,299
2571,53,1,1,21,7,-0.63,0.05,1,0,299
2572,110,2,2,42,14,1.65,0.05,1,0,299
2573,109,1,1,30,14,-6.19,0.05,0,0,299
2574,127,0,0,36,15,-4.27,0.05,1,0,299
2575,149,1,1,40,16,-5.39,0.05,0,0,299
2576,14,0,0,5,2,-5.29,0.05,1,0,299
2577,6,0,0,3,1,-4.61,0.05,1,0,299
2578,400,7,2,54,23,-8.4,0.05,0,1,299
2579,5,0,0,4,1,-4.0,0.05,1,0,299
2580,34,0,0,16,5,-3.79,0.05,1,0,299
2581,400,5,5,47,24,-6.5,0.05,0,1,299
2582,53,0,0,20,7,-2.03,0.05,1,0,299
2583,40,0,0,22,5,-1.0,0.05,1,0,299
2584,80,1,1,22,9,-0.85,0.05,1,0,299
2585,21,1,1,8,3,-3.76,0.05,1,0,299
2586,167,2,2,32,15,-3.57,0.05,0,0,299
2587,38,0,0,18,5,-1.43,0.05,1,0,299
2588,400,1,1,35,17,-16.2,0.05,0,1,299
2589,119,1,1,31,14,0.01,0.05,1,0,299
2590,134,1,1,31,13,-0.04,0.05,1,0,299
2591,144,7,2,46,17,4.16,0.05,0,0,299
2592,21,0,0,7,3,-6.31,0.05,1,0,299
2593,64,2,2,26,8,0.41,0.05,1,0,299
2594,121,0,0,40,15,-1.41,0.05,0,0,299
2595,53,2,2,23,7,-0.53,0.05,1,0,299
2596,400,1,1,41,20,-16.5,0.05,0,1,299
2597,278,0,0,18,10,-17.28,0.05,0,0,299
2598,92,1,1,28,12,-2.77,0.05,0,0,299
2599,62,0,0,25,8,-1.97,0.05,1,0,299
2600,209,2,2,58,23,6.06,0.05,0,1,299
2601,400,2,2,41,20,-16.3,0.05,0,1,299
2602,41,0,0,13,6,-5.96,0.05,1,0,299
2603,400,2,2,36,19,-16.35,0.05,0,1,299
2604,138,1,1,35,15,-1.63,0.05,1,0,299
2605,152,1,1,34,12,-2.92,0.05,0,0,299
2606,115,1,1,40,14,0.55,0.05,0,0,299
2607,110,2,2,32,13,-0.05,0.05,1,0,299
2608,244,1,1,46,23,-9.34,0.05,1,0,299
2609,325,0,0,39,19,-14.55,0.05,1,0,299
2610,58,0,0,22,7,-3.38,0.05,1,0,299
2611,99,1,1,39,12,2.76,0.05,0,0,299
2612,45,1,1,15,5,-2.65,0.05,1,0,299
2613,36,0,0,20,5,-1.06,0.05,1,0,299
2614,51,1,1,24,7,0.59,0.05,1,0,299
2615,27,0,0,10,4,-4.52,0.05,1,0,299
2616,91,1,1,34,12,-2.36,0.05,1,0,299
2617,400,3,3,42,21,-12.9,0.05,0,1,299
2618,197,3,3,50,20,1.08,0.05,1,0,299
2619,20,1,1,11,3,-2.0,0.05,1,0,299
2620,160,4,4,43,18,6.5,0.05,1,0,299
2621,51,1,1,17,7,-2.61,0.05,1,0,299
2622,20,0,0,8,3,-3.95,0.05,1,0,299
2623,59,1,1,20,8,-2.74,0.05,1,0,299
2624,54,0,0,26,7,-0.54,0.05,1,0,299
2625,49,1,1,17,7,-3.19,0.05,1,0,299
2626,43,0,0,19,6,-2.53,0.05,1,0,299
2627,178,1,1,58,20,-1.18,0.05,1,0,299
2628,151,2,2,43,19,-0.86,0.05,1,0,299
2629,52,1,1,23,7,-0.77,0.05,1,0,299
2630,14,0,0,5,2,-5.74,0.05,1,0,299
2631,129,1,1,41,16,-1.39,0.05,1,0,299
2632,269,1,1,37,33,-27.49,0.05,1,0,299
2633,79,1,1,33,9,-3.19,0.05,1,0,299
2634,137,1,1,37,15,-0.82,0.05,0,0,299
2635,20,0,0,10,3,-4.85,0.05,1,0,299
2636,305,1,1,39,21,-19.15,0.05,1,0,299
2637,161,2,2,44,19,-4.46,0.05,1,0,299
2638,400,2,2,44,20,-6.95,0.05,0,1,299
2639,6,0,0,4,1,-3.96,0.05,1,0,299
2640,36,0,0,13,5,-4.81,0.05,1,0,299
2641,62,1,1,20,8,-3.42,0.05,1,0,299
2642,47,2,2,14,6,-2.52,0.05,1,0,299
2643,25,0,0,10,3,-3.9,0.05,1,0,299
2644,134,0,0,34,14,-4.64,0.05,0,0,299
2645,20,0,0,8,3,-4.55,0.05,1,0,299
2646,82,1,1,31,10,0.98,0.05,1,0,299
2647,38,0,0,19,5,-1.98,0.05,1,0,299
2648,231,1,1,35,18,-5.61,0.05,1,0,299
2649,167,2,2,57,20,4.93,0.05,1,0,299
2650,177,2,2,46,19,2.33,0.05,1,0,299
2651,36,0,0,18,5,-1.21,0.05,1,0,299
2652,90,3,3,32,10,0.95,0.05,1,0,299
2653,6,0,0,3,1,-4.76,0.05,1,0,299
2654,400,3,3,37,25,-21.5,0.05,0,1,299
2655,400,4,4,32,16,-20.15,0.05,0,1,299
2656,86,1,1,27,10,-1.31,0.05,1,0,299
2657,96,3,3,26,10,-3.81,0.05,0,0,299
2658,60,0,0,18,8,-4.15,0.05,0,0,299
2659,112,2,2,25,13,-2.57,0.05,0,0,299
2660,65,0,0,28,9,-0.75,0.05,1,0,299
2661,191,2,2,28,17,-6.76,0.05,0,0,299
2662,319,0,0,33,22,-20.04,0.05,1,0,299
2663,210,8,3,44,20,12.5,0.05,0,1,299
2664,5,0,0,2,1,-4.5,0.05,1,0,299
2665,72,1,1,41,10,0.98,0.05,0,0,299
2666,20,1,1,11,3,-2.5,0.05,1,0,299
2667,102,2,2,28,12,-4.22,0.05,0,0,299
2668,68,0,0,36,9,-1.78,0.05,1,0,299
2669,76,0,0,17,8,-3.06,0.05,1,0,299
2670,143,2,2,37,15,2.52,0.05,0,0,299
2671,179,1,1,31,13,-4.99,0.05,1,0,299
2672,400,4,4,32,19,-13.9,0.05,0,1,299
2673,29,0,0,11,4,-3.94,0.05,1,0,299
2674,206,0,0,39,18,-8.31,0.05,1,0,299
2675,97,3,3,30,12,0.13,0.05,1,0,299
2676,84,1,1,32,11,-1.94,0.05,1,0,299
2677,234,5,5,51,20,-1.19,0.05,0,0,299
2678,130,3,3,37,14,1.8,0.05,0,0,299
2679,151,3,3,33,14,-0.81,0.05,1,0,299
2680,43,2,2,17,5,1.07,0.05,1,0,299
2681,23,0,0,7,3,-4.38,0.05,1,0,299
2682,400,5,5,53,19,-9.75,0.05,0,1,299
2683,36,1,1,11,5,-4.21,0.05,1,0,299
2684,82,1,1,27,11,-2.87,0.05,1,0,299
2685,334,2,2,44,18,-14.59,0.05,1,0,299
2686,188,0,0,48,19,1.42,0.05,1,0,299
2687,169,6,1,32,13,-5.34,0.05,0,0,299
2688,114,3,3,27,12,-0.94,0.05,1,0,299
2689,15,0,0,6,2,-4.4,0.05,1,0,299
2690,400,1,1,37,18,-20.75,0.05,0,1,299
2691,53,1,1,20,7,-1.73,0.05,1,0,299
2692,66,1,1,21,8,3.09,0.05,1,0,299
2693,69,1,1,25,9,-2.84,0.05,1,0,299
2694,100,1,1,17,7,-3.6,0.05,1,0,299
2695,13,0,0,5,2,-4.78,0.05,1,0,299
2696,400,1,1,29,16,-15.9,0.05,0,1,299
2697,7,0,0,3,1,-4.27,0.05,1,0,299
2698,29,0,0,14,4,-2.94,0.05,1,0,299
2699,49,0,0,12,6,-3.84,0.05,0,0,299
2700,234,7,2,23,15,-3.59,0.05,0,0,299
2701,98,1,1,32,12,-0.33,0.05,1,0,299
2702,208,2,2,39,16,-10.18,0.05,1,0,299
2703,154,3,3,34,16,-2.29,0.05,0,0,299
2704,138,3,3,35,13,0.12,0.05,0,0,299
2705,67,1,1,22,9,-3.77,0.05,1,0,299
2706,175,8,3,47,17,5.55,0.05,0,0,299
2707,122,0,0,44,15,-0.67,0.05,1,0,299
2708,22,0,0,9,3,-4.27,0.05,1,0,299
2709,142,3,3,38,15,-1.07,0.05,1,0,299
2710,205,8,3,35,18,0.15,0.05,0,0,299
2711,121,0,0,32,14,-3.46,0.05,1,0,299
2712,400,0,0,41,19,-19.85,0.05,0,1,299
2713,355,5,5,47,20,-6.1,0.05,1,0,299
2714,146,4,4,24,13,-0.46,0.05,0,0,299
2715,325,3,3,37,19,-15.8,0.05,0,0,299
2716,43,0,0,18,6,-0.93,0.05,1,0,299
2717,22,0,0,9,3,-5.22,0.05,1,0,299
2718,42,1,1,17,5,-1.37,0.05,1,0,299
2719,128,1,1,38,16,-1.48,0.05,1,0,299
2720,73,2,2,19,9,-3.08,0.05,1,0,299
2721,32,1,1,14,4,-2.17,0.05,1,0,299
2722,154,3,3,39,17,-3.19,0.05,0,0,299
2723,77,0,0,25,10,-3.77,0.05,0,0,299
2724,61,0,0,25,8,-0.11,0.05,1,0,299
2725,117,2,2,45,14,1.93,0.05,1,0,299
2726,400,5,5,48,22,-9.9,0.05,0,1,299
2727,53,1,1,25,7,0.72,0.05,1,0,299
2728,128,0,0,45,16,0.27,0.05,0,0,299
2729,94,1,1,33,12,-0.59,0.05,1,0,299
2730,235,2,2,49,23,-6.9,0.05,0,0,299
2731,76,0,0,32,10,-4.26,0.05,1,0,299
2732,201,3,3,52,20,1.19,0.05,0,0,299
2733,20,1,1,8,3,-2.9,0.05,1,0,299
2734,20,1,1,9,3,-4.45,0.05,1,0,299
2735,168,1,1,43,17,-7.68,0.05,0,0,299
2736,339,4,4,46,23,-9.49,0.05,0,0,299
2737,28,0,0,15,4,-2.28,0.05,1,0,299
2738,72,2,2,18,7,-3.77,0.05,0,0,299
2739,28,2,2,16,4,-1.33,0.05,1,0,299
2740,236,1,1,33,15,-8.86,0.05,0,0,299
2741,132,1,1,38,16,-4.07,0.05,1,0,299
2742,21,1,1,10,3,-2.81,0.05,1,0,299
2743,24,0,0,9,3,-4.84,0.05,1,0,299
2744,109,1,1,34,11,0.06,0.05,1,0,299
2745,22,0,0,12,3,-2.22,0.05,1,0,299
2746,52,3,3,19,7,0.48,0.05,1,0,299
2747,69,0,0,28,9,-2.54,0.05,1,0,299
2748,22,0,0,9,3,-3.62,0.05,1,0,299
2749,72,1,1,28,9,-1.77,0.05,1,0,299
2750,400,2,2,46,19,-6.1,0.05,0,1,299
2751,75,2,2,34,10,4.15,0.05,1,0,299
2752,400,2,2,36,20,-20.85,0.05,0,1,299
2753,195,2,2,38,18,-7.2,0.05,0,0,299
2754,107,2,2,45,13,6.63,0.05,0,0,299
2755,37,0,0,20,5,-1.92,0.05,1,0,299
2756,82,0,0,23,9,-3.52,0.05,0,0,299
2757,94,8,3,32,12,7.61,0.05,1,0,299
2758,5,0,0,3,1,-4.3,0.05,1,0,299
2759,400,2,2,46,22,-13.85,0.05,0,1,299
2760,6,0,0,3,1,-4.21,0.05,1,0,299
2761,64,1,1,27,8,-2.29,0.05,1,0,299
2762,64,0,0,24,8,-4.24,0.05,1,0,299
2763,127,2,2,40,14,3.63,0.05,1,0,299
2764,53,2,2,23,7,1.52,0.05,1,0,299
2765,185,1,1,30,15,-6.9,0.05,0,0,302
2766,102,2,2,40,13,1.33,0.05,1,0,302
2767,84,1,1,34,11,-0.64,0.05,0,0,302
2768,14,0,0,5,2,-4.84,0.05,1,0,302
2769,14,0,0,6,2,-4.54,0.05,1,0,302
2770,180,0,0,28,18,-9.1,0.05,1,0,302
2771,130,2,2,43,16,0.4,0.05,0,0,302
2772,31,0,0,12,4,-2.76,0.05,1,0,302
2773,34,0,0,14,5,-5.04,0.05,1,0,302
2774,14,0,0,7,2,-3.59,0.05,1,0,302
2775,87,1,1,24,10,5.63,0.05,1,0,302
2776,400,2,2,38,22,-19.5,0.05,0,1,302
2777,130,1,1,38,14,1.0,0.05,1,0,302
2778,109,2,2,38,14,1.66,0.05,1,0,302
2779,138,0,0,26,13,-5.63,0.05,0,0,302
2780,80,2,2,34,9,2.75,0.05,1,0,302
2781,146,2,2,53,16,4.74,0.05,1,0,302
2782,35,1,1,13,5,-3.2,0.05,1,0,302
2783,121,0,0,40,15,-3.81,0.05,1,0,302
2784,142,0,0,37,15,-2.77,0.05,0,0,302
2785,79,0,0,40,11,1.06,0.05,1,0,302
2786,198,2,2,42,17,-4.23,0.05,1,0,302
2787,220,3,3,42,26,-12.3,0.05,1,0,302
2788,27,0,0,10,4,-5.32,0.05,1,0,302
2789,65,2,2,19,8,-3.3,0.05,0,0,302
2790,66,1,1,26,9,-2.91,0.05,1,0,302
2791,103,1,1,32,13,0.12,0.05,1,0,302
2792,25,0,0,10,3,-3.55,0.05,1,0,302
2793,61,2,2,21,7,1.04,0.05,1,0,302
2794,312,2,2,46,38,-30.37,0.05,0,0,302
2795,203,2,2,50,23,0.32,0.05,1,0,302
2796,37,0,0,15,5,-3.32,0.05,1,0,302
2797,89,2,2,30,10,0.76,0.05,1,0,302
2798,55,0,0,14,7,-3.8,0.05,0,0,302
2799,29,0,0,15,4,-3.89,0.05,1,0,302
2800,13,0,0,8,2,-3.93,0.05,1,0,302
2801,58,1,1,25,8,-0.78,0.05,1,0,302
2802,167,3,3,45,19,-1.57,0.05,1,0,302
2803,186,2,2,42,20,-4.36,0.05,1,0,302
2804,20,1,1,9,3,-4.05,0.05,1,0,302
2805,100,1,1,32,13,-2.0,0.05,1,0,302
2806,100,1,1,36,12,-2.4,0.05,1,0,302
2807,125,1,1,31,13,-1.4,0.05,1,0,302
2808,80,1,1,32,10,-4.0,0.05,0,0,302
2809,206,4,4,45,24,-4.16,0.05,1,0,302
2810,7,0,0,3,1,-4.27,0.05,1,0,302
2811,280,1,1,37,32,-26.55,0.05,1,0,302
2812,175,0,0,40,18,-4.7,0.05,0,0,302
2813,91,2,2,32,11,-1.46,0.05,1,0,302
2814,76,1,1,27,10,-2.01,0.05,1,0,302
2815,22,0,0,11,3,-3.52,0.05,1,0,302
2816,27,0,0,12,4,-4.72,0.05,1,0,302
2817,120,1,1,31,15,-5.65,0.05,0,0,302
2818,110,2,2,39,14,0.9,0.05,1,0,302
2819,38,0,0,11,5,-4.93,0.05,1,0,302
2820,55,0,0,24,7,-1.35,0.05,1,0,302
2821,6,0,0,2,1,-4.51,0.05,1,0,302
2822,43,1,1,20,6,-0.78,0.05,1,0,302
2823,44,1,1,21,6,-0.54,0.05,1,0,302
2824,33,0,0,13,4,-4.28,0.05,0,0,302
2825,36,1,1,14,5,-2.21,0.05,1,0,302
2826,69,0,0,22,9,-1.79,0.05,1,0,302
2827,6,0,0,3,1,-4.11,0.05,1,0,302
2828,400,5,5,39,20,-10.9,0.05,0,1,302
2829,400,3,3,38,20,-10.45,0.05,0,1,302
2830,277,3,3,41,26,-13.67,0.05,1,0,302
2831,188,1,1,47,21,-4.28,0.05,1,0,302
2832,93,2,2,32,12,0.22,0.05,0,0,302
2833,5,0,0,2,1,-4.6,0.05,1,0,302
2834,36,0,0,14,5,-3.51,0.05,1,0,302
2835,64,1,1,23,8,-2.34,0.05,1,0,302
2836,30,1,1,14,4,-2.75,0.05,1,0,302
2837,22,0,0,11,3,-3.62,0.05,1,0,302
2838,14,0,0,7,2,-4.04,0.05,1,0,302
2839,22,0,0,12,3,-2.77,0.05,1,0,302
2840,84,1,1,33,11,-0.59,0.05,1,0,302
2841,50,0,0,19,7,-3.1,0.05,1,0,302
2842,20,0,0,10,3,-3.8,0.05,1,0,302
2843,65,1,1,26,9,-2.35,0.05,1,0,302
2844,144,2,2,38,16,-1.54,0.05,1,0,302
2845,75,0,0,33,10,1.1,0.05,1,0,302
2846,182,1,1,44,19,1.33,0.05,0,0,302
2847,7,0,0,3,1,-4.27,0.05,1,0,302
2848,279,13,3,49,32,-8.99,0.05,1,0,302
2849,27,0,0,11,4,-5.12,0.05,1,0,302
2850,133,2,2,46,16,1.32,0.05,1,0,302
2851,38,1,1,14,5,-1.83,0.05,1,0,302
2852,400,1,1,34,25,-20.55,0.05,0,1,302
2853,72,0,0,26,8,-2.57,0.05,0,0,302
2854,122,2,2,34,11,2.08,0.05,1,0,302
2855,167,3,3,44,17,2.33,0.05,1,0,302
2856,35,0,0,16,5,-2.9,0.05,1,0,302
2857,110,1,1,37,13,-0.75,0.05,0,0,302
2858,65,1,1,32,9,0.65,0.05,1,0,302
2859,44,0,0,17,6,-1.29,0.05,1,0,302
2860,93,2,2,39,12,3.47,0.05,1,0,302
2861,30,0,0,15,4,-3.15,0.05,1,0,302
2862,204,4,4,56,20,8.36,0.05,0,0,302
2863,66,1,1,37,9,0.24,0.05,1,0,302
2864,57,0,0,25,8,-2.32,0.05,1,0,302
2865,195,1,1,52,22,-4.55,0.05,1,0,302
2866,135,4,4,42,14,5.9,0.05,1,0,302
2867,104,2,2,25,12,-2.19,0.05,0,0,302
2868,93,2,2,33,11,3.82,0.05,1,0,302
2869,115,3,3,28,10,-2.25,0.05,1,0,302
2870,103,1,1,28,11,-2.68,0.05,1,0,302
2871,128,2,2,20,8,-3.43,0.05,1,0,302
2872,271,1,1,26,17,-11.81,0.05,1,0,302
2873,16,0,0,8,2,-4.36,0.05,1,0,302
2874,28,0,0,14,4,-2.58,0.05,1,0,302
2875,29,0,0,13,4,-3.54,0.05,1,0,302
2876,185,7,2,36,19,1.95,0.05,1,0,302
2877,24,0,0,12,3,-2.29,0.05,1,0,302
2878,161,8,3,43,17,8.74,0.05,1,0,302
2879,139,3,3,37,15,0.21,0.05,0,0,302
2880,45,1,1,19,6,-2.3,0.05,1,0,302
2881,6,0,0,3,1,-5.21,0.05,1,0,302
2882,45,0,0,19,6,-2.9,0.05,1,0,302
2883,5,0,0,4,1,-3.9,0.05,1,0,302
2884,57,1,1,32,8,2.83,0.05,1,0,302
2885,178,3,3,41,18,1.52,0.05,0,0,302
2886,149,2,2,30,14,-3.14,0.05,0,0,302
2887,140,0,0,40,16,-0.25,0.05,1,0,302
2888,166,2,2,44,18,-2.36,0.05,1,0,302
2889,68,1,1,24,8,-0.93,0.05,1,0,302
2890,51,3,3,28,7,3.99,0.05,0,0,302
2891,80,2,2,35,10,2.3,0.05,1,0,302
2892,130,2,2,45,16,1.75,0.05,1,0,303
2893,181,3,3,52,20,2.19,0.05,1,0,303
2894,67,0,0,32,9,0.48,0.05,1,0,303
2895,21,0,0,10,3,-3.31,0.05,1,0,303
2896,165,1,1,48,18,1.45,0.05,1,0,303
2897,244,3,3,52,29,-12.34,0.05,1,0,303
2898,27,0,0,9,4,-4.92,0.05,1,0,303
2899,70,0,0,27,9,-4.1,0.05,0,0,303
2900,29,0,0,13,4,-2.04,0.05,1,0,303
2901,137,2,2,44,17,2.18,0.05,1,0,303
2902,81,0,0,30,10,-1.76,0.05,1,0,303
2903,85,0,0,30,11,-2.55,0.05,1,0,303
2904,140,0,0,35,17,-4.45,0.05,1,0,303
2905,112,3,3,44,13,1.53,0.05,1,0,303
2906,118,1,1,38,15,2.02,0.05,1,0,303
2907,56,0,0,27,8,-1.86,0.05,1,0,303
2908,21,0,0,9,3,-4.66,0.05,1,0,303
2909,119,1,1,42,15,-0.79,0.05,1,0,303
2910,119,2,2,36,14,-0.74,0.05,0,0,303
2911,21,0,0,11,3,-3.06,0.05,1,0,303
2912,104,0,0,33,12,-3.04,0.05,0,0,303
2913,57,1,1,22,8,-4.87,0.05,1,0,303
2914,115,3,3,39,14,3.05,0.05,1,0,303
2915,27,0,0,11,4,-4.32,0.05,1,0,303
2916,24,0,0,11,3,-4.34,0.05,1,0,303
2917,60,0,0,18,8,-5.35,0.05,1,0,303
2918,209,5,5,48,21,0.81,0.05,0,0,303
2919,44,1,1,16,6,-2.04,0.05,0,0,303
2920,48,2,2,22,7,-1.28,0.05,0,0,303
2921,47,1,1,23,6,-0.27,0.05,1,0,303
2922,87,1,1,28,11,-4.57,0.05,1,0,303
2923,27,0,0,11,4,-4.67,0.05,1,0,303
2924,20,0,0,10,3,-3.8,0.05,1,0,303
2925,90,2,2,22,9,0.7,0.05,1,0,303
2926,110,1,1,40,13,3.3,0.05,1,0,303
2927,243,1,1,44,30,-24.23,0.05,1,0,303
2928,13,0,0,8,2,-3.83,0.05,1,0,303
2929,92,2,2,33,12,2.13,0.05,1,0,303
2930,174,2,2,37,17,-4.04,0.05,1,0,303
2931,21,0,0,12,3,-2.76,0.05,1,0,303
2932,278,3,3,41,27,-20.13,0.05,1,0,303
2933,400,4,4,54,24,-1.9,0.05,0,1,303
2934,63,2,2,31,8,4.17,0.05,1,0,303
2935,215,5,0,37,20,-9.75,0.05,0,0,303
2936,108,1,1,33,12,-0.63,0.05,0,0,303
2937,76,0,0,39,10,2.19,0.05,1,0,303
2938,51,0,0,21,7,-2.46,0.05,1,0,303
2939,211,1,1,46,20,-2.51,0.05,0,0,303
2940,110,1,1,32,13,-3.65,0.05,1,0,303
2941,400,2,2,52,23,-8.0,0.05,0,1,303
2942,123,2,2,29,11,1.67,0.05,1,0,303
2943,37,1,1,17,5,-2.97,0.05,1,0,303
2944,74,0,0,22,7,-3.84,0.05,1,0,303
2945,40,0,0,13,6,-4.65,0.05,0,0,303
2946,14,0,0,6,2,-4.54,0.05,1,0,303
2947,119,2,2,24,9,-0.44,0.05,1,0,303
2948,54,1,1,21,7,-2.54,0.05,1,0,303
2949,128,5,5,37,16,4.42,0.05,1,0,303
2950,6,0,0,3,1,-4.66,0.05,1,0,303
2951,152,0,0,24,15,-8.27,0.05,0,0,303
2952,63,3,3,26,8,3.27,0.05,1,0,303
2953,59,1,1,28,8,-0.99,0.05,1,0,303
2954,5,0,0,3,1,-4.3,0.05,1,0,303
2955,55,1,1,28,7,-1.7,0.05,0,0,303
2956,180,1,1,49,20,2.75,0.05,1,0,303
2957,64,0,0,26,9,-2.24,0.05,1,0,303
2958,265,1,1,46,25,-9.55,0.05,0,0,303
2959,67,0,0,27,9,-0.47,0.05,1,0,303
2960,400,3,3,40,21,-10.4,0.05,0,1,303
2961,78,1,1,26,9,-1.58,0.05,1,0,303
2962,28,0,0,13,4,-4.13,0.05,1,0,303
2963,193,3,3,44,18,-0.93,0.05,0,0,303
2964,97,4,4,37,12,4.53,0.05,1,0,303
2965,400,1,1,42,19,-25.3,0.05,0,1,303
2966,56,0,0,22,8,-4.61,0.05,1,0,303
2967,13,0,0,5,2,-4.78,0.05,1,0,303
2968,81,0,0,32,11,-2.41,0.05,1,0,303
2969,242,2,2,49,23,-5.27,0.05,1,0,303
2970,62,2,2,20,8,-1.82,0.05,0,0,303
2971,400,2,2,47,22,-11.05,0.05,0,1,303
2972,48,1,1,18,7,-4.73,0.05,1,0,303
2973,141,1,1,53,16,-1.86,0.05,0,0,303
2974,169,7,2,38,19,3.61,0.05,1,0,303
2975,82,0,0,26,10,-3.72,0.05,1,0,303
2976,72,1,1,22,9,-4.02,0.05,1,0,303
2977,13,0,0,5,2,-5.23,0.05,1,0,303
2978,47,0,0,15,6,-4.32,0.05,1,0,303
2979,65,0,0,29,9,-1.75,0.05,1,0,303
2980,67,0,0,24,9,-1.57,0.05,1,0,303
2981,61,0,0,23,8,-3.76,0.05,1,0,303
2982,44,1,1,23,6,0.46,0.05,1,0,303
2983,6,0,0,3,1,-4.11,0.05,1,0,303
2984,43,0,0,19,6,-1.98,0.05,0,0,303
2985,104,0,0,31,12,-1.84,0.05,0,0,303
2986,400,2,2,30,19,-11.9,0.05,0,1,303
2987,80,0,0,35,11,0.9,0.05,1,0,303
2988,36,0,0,22,5,-1.16,0.05,1,0,303
2989,104,0,0,27,13,-8.19,0.05,0,0,303
2990,70,2,2,31,9,2.65,0.05,1,0,303
2991,214,8,3,33,16,0.71,0.05,0,0,303
2992,109,0,0,35,13,-0.84,0.05,1,0,303
2993,91,3,3,33,12,0.04,0.05,1,0,303
2994,110,2,2,28,13,-3.9,0.05,0,0,303
2995,24,0,0,10,3,-5.54,0.05,1,0,303
2996,88,2,2,40,12,0.82,0.05,0,0,303
2997,79,0,0,31,9,-1.04,0.05,1,0,303
2998,201,2,2,45,19,-4.51,0.05,0,0,303
2999,279,7,2,30,18,-8.59,0.05,1,0,303
3000,222,2,2,38,14,-6.37,0.05,0,0,303
3001,49,1,1,19,7,-3.59,0.05,1,0,303
3002,400,0,0,46,21,-14.9,0.05,0,1,303
3003,33,1,1,16,4,-1.53,0.05,1,0,303
3004,13,0,0,3,2,-5.38,0.05,1,0,303
3005,400,0,0,35,21,-15.65,0.05,0,1,303
3006,31,0,0,10,4,-5.11,0.05,1,0,303
3007,74,7,2,29,10,2.26,0.05,1,0,303
3008,88,0,0,33,12,-2.63,0.05,1,0,303
3009,71,2,2,21,8,-1.56,0.05,0,0,303
3010,73,0,0,19,8,-3.98,0.05,0,0,303
3011,85,1,1,30,9,1.85,0.05,1,0,303
3012,151,2,2,44,17,2.24,0.05,1,0,303
3013,88,2,2,24,10,-0.53,0.05,0,0,303
3014,109,5,5,31,10,5.56,0.05,0,0,303
3015,134,1,1,39,16,1.11,0.05,1,0,303
3016,82,3,3,29,11,1.13,0.05,0,0,303
3017,61,1,1,23,7,-1.76,0.05,0,0,303
3018,93,2,2,37,12,4.72,0.05,1,0,303
3019,83,1,1,26,10,-1.53,0.05,1,0,303
3020,137,1,1,40,14,2.43,0.05,0,0,303
3021,59,2,2,30,8,1.86,0.05,1,0,303
3022,20,0,0,8,3,-4.55,0.05,1,0,303
3023,113,0,0,48,14,2.02,0.05,1,0,303
3024,161,1,1,39,17,-2.06,0.05,0,0,303
3025,14,0,0,4,2,-5.14,0.05,1,0,303
3026,103,0,0,27,11,-5.73,0.05,0,0,303
3027,63,1,1,24,9,-5.28,0.05,1,0,303
3028,28,1,1,14,4,-1.68,0.05,1,0,303
3029,400,1,1,33,28,-23.4,0.05,0,1,303
3030,137,0,0,37,15,-2.02,0.05,1,0,303
3031,20,0,0,8,3,-5.5,0.05,1,0,303
3032,8,0,0,2,1,-4.63,0.05,1,0,303
3033,324,0,0,32,17,-24.74,0.05,0,0,303
3034,400,10,5,45,20,-8.0,0.05,0,1,303
3035,118,2,2,38,12,1.57,0.05,1,0,303
3036,58,1,1,21,7,-2.13,0.05,1,0,303
3037,43,0,0,22,6,-3.53,0.05,1,0,303
3038,69,1,1,22,8,-2.09,0.05,1,0,303
3039,52,0,0,21,7,-2.97,0.05,1,0,303
3040,64,1,1,31,8,0.16,0.05,1,0,303
3041,123,6,1,40,13,4.92,0.05,1,0,303
3042,29,0,0,15,4,-2.94,0.05,1,0,303
3043,122,4,4,39,14,4.28,0.05,1,0,303
3044,193,5,0,41,18,-0.83,0.05,0,0,303
3045,400,0,0,40,20,-15.2,0.05,0,1,303
3046,139,2,2,38,15,1.01,0.05,1,0,303
3047,28,0,0,9,4,-3.78,0.05,1,0,303
3048,36,1,1,15,5,-1.11,0.05,1,0,303
3049,171,2,2,35,17,-1.21,0.05,1,0,303
3050,79,3,3,31,10,3.41,0.05,1,0,303
3051,69,0,0,32,9,-0.49,0.05,1,0,303
3052,143,3,3,33,15,-1.63,0.05,1,0,303
3053,14,0,0,6,2,-3.94,0.05,1,0,303
3054,160,3,3,32,13,-0.25,0.05,0,0,303
3055,50,1,1,23,7,-1.9,0.05,1,0,303
3056,9,0,0,4,1,-4.49,0.05,1,0,303
3057,400,4,4,36,19,-15.75,0.05,0,1,303
3058,76,3,3,33,10,4.64,0.05,0,0,303
3059,222,1,1,41,17,-5.12,0.05,0,0,303
3060,43,0,0,17,6,-4.33,0.05,1,0,303
3061,80,1,1,31,11,-2.4,0.05,0,0,303
3062,141,2,2,36,15,-0.51,0.05,0,0,303
3063,71,2,2,29,9,1.24,0.05,1,0,303
3064,130,3,3,41,15,3.0,0.05,0,0,303
3065,94,0,0,31,11,-4.74,0.05,1,0,303
3066,53,0,0,20,7,-2.93,0.05,1,0,303
3067,94,1,1,34,11,0.86,0.05,1,0,303
3068,20,0,0,8,3,-4.55,0.05,1,0,303
3069,34,0,0,9,5,-5.84,0.05,1,0,303
3070,86,1,1,30,11,1.14,0.05,0,0,303
3071,118,3,3,26,13,-1.88,0.05,1,0,303
3072,22,1,1,7,3,-3.32,0.05,1,0,303
3073,62,1,1,19,7,-1.22,0.05,1,0,303
3074,400,2,2,44,19,-9.5,0.05,0,1,303
3075,66,0,0,30,9,0.79,0.05,1,0,303
3076,45,1,1,20,6,-1.65,0.05,1,0,303
3077,84,2,2,30,11,-0.99,0.05,1,0,303
3078,82,4,4,31,10,2.08,0.05,1,0,303
3079,81,0,0,30,11,-2.66,0.05,1,0,303
3080,400,7,2,42,23,-9.55,0.05,0,1,303
3081,123,2,2,37,15,-1.38,0.05,1,0,303
3082,185,0,0,36,16,-9.4,0.05,0,0,303
3083,400,6,1,41,17,-6.0,0.05,0,1,303
3084,59,2,2,28,8,1.11,0.05,1,0,303
3085,85,1,1,27,10,1.35,0.05,1,0,303
3086,56,0,0,17,7,-3.66,0.05,0,0,303
3087,140,0,0,37,16,-3.05,0.05,0,0,303
3088,83,2,2,23,8,-0.73,0.05,1,0,303
3089,400,3,3,45,18,-8.7,0.05,0,1,303
3090,119,1,1,32,14,-2.39,0.05,1,0,303
3091,72,0,0,37,10,-0.12,0.05,1,0,303
3092,165,9,4,44,18,14.95,0.05,0,1,303
3093,80,0,0,33,10,-1.1,0.05,1,0,303
3094,91,1,1,30,11,-1.11,0.05,1,0,303
3095,58,0,0,25,8,-1.38,0.05,1,0,303
3096,6,0,0,3,1,-4.21,0.05,1,0,303
3097,196,3,3,40,21,0.34,0.05,0,0,303
3098,70,2,2,26,9,-1.15,0.05,1,0,303
3099,20,0,0,4,3,-5.25,0.05,1,0,303
3100,183,7,2,45,19,1.47,0.05,1,0,303
3101,261,6,1,39,27,-15.16,0.05,0,0,303
3102,7,0,0,2,1,-4.57,0.05,1,0,303
3103,107,1,1,38,13,-0.42,0.05,1,0,303
3104,149,2,2,25,10,0.06,0.05,1,0,303
3105,323,3,4,59,21,8.17,0.05,0,1,303
3106,160,2,2,41,18,-0.75,0.05,1,0,303
3107,114,0,0,31,12,-2.69,0.05,1,0,303
3108,21,1,1,9,3,-2.56,0.05,1,0,303
3109,136,0,0,42,15,2.24,0.05,1,0,303
3110,233,1,1,50,27,-8.43,0.05,1,0,303
3111,281,0,0,43,30,-14.91,0.05,1,0,303
3112,63,1,1,16,5,-1.08,0.05,1,0,303
3113,57,2,2,28,8,0.08,0.05,1,0,303
3114,130,2,2,32,13,-1.4,0.05,0,0,303
3115,262,3,3,52,33,-18.12,0.05,1,0,303
3116,171,2,2,50,18,4.29,0.05,0,0,303
3117,390,0,0,38,28,-30.4,0.05,1,0,303
3118,106,0,0,31,13,-1.96,0.05,1,0,303
3119,53,0,0,19,7,-5.23,0.05,1,0,303
3120,102,2,2,33,12,2.13,0.05,1,0,303
3121,13,0,0,4,2,-5.53,0.05,1,0,303
3122,102,0,0,28,12,-2.57,0.05,1,0,303
3123,180,1,1,38,20,-6.45,0.05,0,0,303
3124,51,1,1,21,7,-2.01,0.05,1,0,303
3125,50,0,0,15,7,-5.35,0.05,1,0,303
3126,46,1,1,21,6,-1.86,0.05,1,0,303
3127,50,2,2,25,7,-0.45,0.05,1,0,303
3128,120,2,2,30,14,-5.2,0.05,1,0,303
3129,64,1,1,32,8,1.71,0.05,1,0,303
3130,36,1,1,17,5,-1.81,0.05,1,0,303
3131,400,3,3,35,29,-25.3,0.05,0,1,303
3132,71,1,1,17,8,-7.21,0.05,1,0,303
3133,230,3,3,50,22,-2.65,0.05,0,0,303
3134,37,2,2,15,5,-1.37,0.05,1,0,303
3135,14,0,0,6,2,-4.54,0.05,1,0,303
3136,228,2,2,33,12,-5.18,0.05,0,0,303
3137,51,2,2,28,7,1.39,0.05,1,0,303
3138,98,0,0,19,6,-5.83,0.05,1,0,304
3139,21,1,1,11,3,-2.96,0.05,1,0,304
3140,50,1,1,19,7,-1.5,0.05,0,0,304
3141,58,2,2,26,8,-0.03,0.05,1,0,304
3142,265,1,1,16,16,-16.65,0.05,1,0,304
3143,36,0,0,17,5,-2.01,0.05,1,0,304
3144,161,2,2,35,16,-2.16,0.05,1,0,304
3145,92,2,2,27,12,-1.32,0.05,1,0,304
3146,29,0,0,17,4,-1.94,0.05,1,0,304
3147,50,2,2,18,7,-1.9,0.05,1,0,304
3148,400,0,0,38,13,-14.6,0.05,0,1,304
3149,195,3,3,41,18,1.6,0.05,0,0,304
3150,153,2,2,33,18,-1.93,0.05,1,0,304
3151,132,2,2,39,15,2.93,0.05,1,0,304
3152,131,3,3,40,15,4.29,0.05,1,0,304
3153,146,0,0,43,16,-2.01,0.05,1,0,304
3154,79,1,1,37,11,3.41,0.05,1,0,304
3155,400,0,0,34,18,-20.25,0.05,0,1,304
3156,233,2,2,33,22,-9.78,0.05,1,0,304
3157,66,0,0,21,8,-2.81,0.05,1,0,304
3158,83,0,0,31,10,-2.63,0.05,1,0,304
3159,372,3,3,45,22,-13.22,0.05,1,0,304
3160,28,1,1,14,4,-0.58,0.05,1,0,304
3161,17,0,0,6,2,-6.07,0.05,1,0,304
3162,400,0,0,34,19,-17.15,0.05,0,1,304
3163,123,2,2,47,17,-1.53,0.05,1,0,304
3164,30,0,0,15,4,-2.85,0.05,1,0,304
3165,136,1,1,44,16,-0.61,0.05,0,0,304
3166,400,1,1,35,19,-22.4,0.05,0,1,304
3167,156,1,1,42,18,-0.26,0.05,1,0,304
3168,94,1,1,33,11,-1.04,0.05,1,0,304
3169,112,2,2,37,14,3.43,0.05,1,0,304
3170,400,8,3,35,20,-12.15,0.05,0,1,304
3171,288,2,2,54,25,-7.28,0.05,1,0,304
3172,400,0,0,42,15,-9.45,0.05,0,1,304
3173,85,1,1,40,12,0.2,0.05,0,0,304
3174,16,0,0,7,2,-4.16,0.05,1,0,304
3175,20,0,0,8,3,-5.05,0.05,1,0,304
3176,20,0,0,9,3,-3.6,0.05,1,0,304
3177,75,0,0,28,9,-2.8,0.05,1,0,304
3178,97,1,1,30,12,-1.07,0.05,1,0,304
3179,45,0,0,18,6,-3.85,0.05,0,0,304
3180,7,0,0,4,1,-5.37,0.05,1,0,304
3181,209,2,2,37,21,-7.64,0.05,1,0,304
3182,28,0,0,13,4,-3.63,0.05,1,0,304
3183,201,2,2,51,24,-1.91,0.05,1,0,304
3184,287,3,3,45,31,-15.77,0.05,1,0,304
3185,13,0,0,8,2,-2.93,0.05,1,0,304
3186,103,1,1,40,13,-0.33,0.05,1,0,304
3187,6,0,0,1,1,-5.36,0.05,1,0,304
3188,76,2,2,33,10,2.34,0.05,1,0,304
3189,225,2,2,34,17,-8.05,0.05,1,0,304
3190,69,1,1,32,9,-0.24,0.05,1,0,304
3191,32,1,1,15,4,-1.42,0.05,1,0,304
3192,123,1,1,34,15,-3.68,0.05,1,0,304
3193,171,3,3,43,18,1.89,0.05,1,0,304
3194,41,0,0,20,6,-4.21,0.05,1,0,304
3195,299,3,3,44,29,-18.64,0.05,1,0,305
3196,74,0,0,34,10,-0.99,0.05,1,0,305
3197,89,0,0,12,4,-5.99,0.05,1,0,305
3198,251,3,3,47,25,-8.36,0.05,1,0,305
3199,66,1,1,21,7,-1.76,0.05,1,0,305
3200,152,1,1,40,17,-1.37,0.05,1,0,305
3201,148,2,2,38,17,-4.58,0.05,1,0,305
3202,118,0,0,34,13,-2.73,0.05,0,0,305
3203,152,1,1,44,16,-4.92,0.05,1,0,305
3204,348,9,4,38,34,-17.23,0.05,1,0,305
3205,210,1,1,27,13,-6.1,0.05,1,0,305
3206,322,1,1,27,14,-6.72,0.05,1,0,305
3207,198,3,3,52,22,-1.58,0.05,1,0,305
3208,143,2,2,42,15,2.87,0.05,1,0,305
3209,57,0,0,32,8,-2.27,0.05,1,0,305
3210,111,0,0,40,14,-0.31,0.05,1,0,305
3211,143,1,1,43,16,1.57,0.05,1,0,305
3212,44,0,0,14,6,-4.44,0.05,1,0,305
3213,154,2,2,29,18,-7.64,0.05,1,0,305
3214,89,0,0,34,11,-1.94,0.05,1,0,305
3215,20,0,0,7,3,-5.35,0.05,1,0,305
3216,134,1,1,44,16,1.61,0.05,0,0,305
3217,67,1,1,27,9,-1.87,0.05,1,0,305
3218,176,2,2,40,19,-2.46,0.05,1,0,305
3219,177,1,1,42,20,-4.87,0.05,0,0,305
3220,214,6,1,45,25,-5.59,0.05,1,0,305
3221,114,2,2,46,15,1.01,0.05,1,0,305
3222,98,1,1,38,13,-0.33,0.05,1,0,306
3223,170,3,3,36,18,-7.05,0.05,0,0,306
3224,94,0,0,41,13,0.16,0.05,0,0,306
3225,35,1,1,19,5,-1.35,0.05,1,0,306
3226,177,1,1,43,19,1.03,0.05,0,0,306
3227,56,1,1,23,8,-2.81,0.05,1,0,306
3228,176,2,2,42,20,-1.61,0.05,1,0,306
3229,129,5,5,41,16,3.11,0.05,1,0,306
3230,96,1,1,25,11,-1.41,0.05,0,0,306
3231,131,2,2,34,14,-3.06,0.05,1,0,306
3232,58,0,0,24,8,2.27,0.05,1,0,306
3233,22,0,0,12,3,-3.82,0.05,1,0,306
3234,108,2,2,43,13,2.57,0.05,1,0,306
3235,160,0,0,38,15,-3.95,0.05,1,0,306
3236,190,1,1,35,22,-10.6,0.05,1,0,306
3237,217,0,0,40,21,-7.52,0.05,1,0,306
3238,93,0,0,30,12,-0.78,0.05,1,0,306
3239,114,1,1,35,13,-4.44,0.05,0,0,306
3240,114,4,4,32,12,2.26,0.05,1,0,306
3241,43,0,0,13,6,-4.78,0.05,0,0,306
3242,109,0,0,33,13,-2.74,0.05,0,0,306
3243,182,3,3,28,11,0.13,0.05,0,0,306
3244,173,0,0,32,15,-8.23,0.05,1,0,306
3245,57,0,0,29,8,-0.57,0.05,1,0,306
3246,15,0,0,6,2,-4.4,0.05,1,0,306
3247,367,4,4,29,27,-17.07,0.05,1,0,306
3248,98,2,2,32,11,0.22,0.05,1,0,306
3249,179,2,2,54,21,1.51,0.05,1,0,306
3250,247,0,0,37,30,-21.67,0.05,1,0,306
3251,400,2,2,45,40,-30.85,0.05,0,1,306
3252,270,0,0,46,21,-11.85,0.05,0,0,306
3253,99,2,2,38,13,1.61,0.05,1,0,306
3254,34,1,1,13,5,-4.04,0.05,1,0,306
3255,148,2,2,40,16,2.32,0.05,0,0,306
3256,136,2,2,34,15,-3.26,0.05,1,0,306
3257,59,0,0,18,8,-4.24,0.05,0,0,306
3258,25,1,1,8,3,-3.5,0.05,1,0,306
3259,26,1,1,12,3,-1.41,0.05,1,0,306
3260,222,0,0,38,18,-2.87,0.05,0,0,306
3261,133,2,2,43,16,2.47,0.05,1,0,306
3262,93,1,1,24,11,-3.43,0.05,1,0,306
3263,68,4,4,24,9,2.97,0.05,1,0,306
3264,400,2,2,42,20,-9.05,0.05,0,1,306
3265,196,1,1,30,18,-7.11,0.05,1,0,306
3266,29,0,0,13,4,-3.59,0.05,1,0,306
3267,46,0,0,17,6,-4.21,0.05,1,0,306
3268,82,0,0,31,11,-4.07,0.05,1,0,306
3269,97,2,2,41,11,3.53,0.05,1,0,306
3270,400,3,3,41,21,-10.2,0.05,0,1,306
3271,112,0,0,37,13,0.68,0.05,1,0,306
3272,393,2,2,36,19,-15.63,0.05,0,0,306
3273,13,0,0,8,2,-3.73,0.05,1,0,306
3274,96,0,0,27,11,-2.61,0.05,1,0,306
3275,55,1,1,23,7,-0.75,0.05,1,0,306
3276,181,1,1,57,21,1.79,0.05,1,0,306
3277,108,1,1,37,12,1.27,0.05,1,0,306
3278,111,1,1,36,13,0.29,0.05,1,0,306
3279,338,3,3,44,19,-12.18,0.05,0,0,306
3280,179,3,3,46,20,0.81,0.05,1,0,306
3281,29,0,0,15,4,-2.54,0.05,1,0,306
3282,20,0,0,8,3,-4.85,0.05,1,0,306
3283,91,1,1,32,12,-0.51,0.05,1,0,306
3284,15,0,0,10,2,-2.8,0.05,1,0,306
3285,66,0,0,25,9,-2.11,0.05,1,0,306
3286,157,2,2,42,17,2.38,0.05,1,0,306
3287,74,3,3,28,9,3.01,0.05,1,0,306
3288,6,0,0,2,1,-4.96,0.05,1,0,306
3289,111,0,0,33,12,-2.71,0.05,1,0,306
3290,61,1,1,22,8,-2.06,0.05,1,0,306
3291,24,0,0,9,3,-3.84,0.05,1,0,306
3292,111,3,3,32,11,2.29,0.05,0,0,306
3293,128,4,4,41,15,3.92,0.05,1,0,306
3294,76,1,1,34,10,-1.66,0.05,1,0,306
3295,174,3,3,39,17,1.91,0.05,0,0,306
3296,400,6,1,38,20,-7.2,0.05,0,1,306
3297,400,2,2,45,18,-9.25,0.05,0,1,306
3298,60,5,0,26,8,4.85,0.05,1,0,306
3299,69,1,1,19,9,-4.09,0.05,1,0,306
3300,5,0,0,3,1,-4.1,0.05,1,0,306
3301,30,0,0,12,4,-4.0,0.05,1,0,306
3302,207,1,1,44,18,-4.72,0.05,0,0,306
3303,400,3,3,48,19,-7.8,0.05,0,1,306
3304,46,1,1,21,6,-2.61,0.05,1,0,306
3305,172,7,2,57,17,10.48,0.05,0,0,306
3306,351,2,2,45,22,-16.26,0.05,0,0,306
3307,97,1,1,43,12,4.78,0.05,1,0,306
3308,29,0,0,12,4,-4.04,0.05,1,0,306
3309,400,1,1,43,19,-10.4,0.05,0,1,306
3310,96,0,0,23,11,-4.76,0.05,1,0,306
3311,141,3,3,46,17,4.19,0.05,1,0,306
3312,74,2,2,29,10,-0.69,0.05,0,0,306
3313,400,2,2,46,16,-13.65,0.05,0,1,306
3314,148,3,3,40,16,1.92,0.05,0,0,306
3315,30,0,0,14,4,-3.75,0.05,1,0,306
3316,68,1,1,26,9,-1.33,0.05,1,0,306
3317,400,2,2,36,19,-14.25,0.05,0,1,306
3318,146,2,2,46,17,2.34,0.05,1,0,306
3319,41,0,0,17,6,-4.21,0.05,0,0,306
3320,217,3,3,45,17,-0.42,0.05,0,0,306
3321,77,2,2,29,10,1.08,0.05,1,0,306
3322,20,0,0,8,3,-5.9,0.05,1,0,306
3323,400,2,2,37,20,-13.9,0.05,0,1,306
3324,303,8,3,50,22,0.17,0.05,1,0,306
3325,112,2,2,32,12,1.53,0.05,0,0,306
3326,21,0,0,10,3,-2.91,0.05,1,0,306
3327,58,0,0,27,7,0.07,0.05,1,0,306
3328,56,0,0,17,8,-3.86,0.05,0,0,306
3329,72,2,2,23,9,-0.22,0.05,1,0,306
3330,160,0,0,38,18,-6.4,0.05,1,0,306
3331,400,2,2,46,22,1.45,0.05,0,1,306
3332,87,1,1,22,11,-3.42,0.05,1,0,306
3333,269,1,1,36,17,-11.89,0.05,0,0,307
3334,174,0,0,46,16,1.06,0.05,0,0,308
3335,119,2,2,38,14,0.96,0.05,1,0,308
3336,102,0,0,29,13,-3.92,0.05,1,0,308
3337,44,1,1,19,6,-1.54,0.05,1,0,308
3338,102,3,3,37,13,3.03,0.05,1,0,308
3339,400,3,3,43,22,-12.25,0.05,0,1,308
3340,40,0,0,16,5,-4.05,0.05,1,0,308
3341,241,2,2,35,18,-2.11,0.05,1,0,308
3342,133,1,1,12,5,-6.58,0.05,0,0,308
3343,57,0,0,21,8,-3.22,0.05,1,0,308
3344,90,0,0,31,11,-9.05,0.05,1,0,308
3345,347,3,3,40,21,-1.22,0.05,1,0,308
3346,7,0,0,4,1,-4.42,0.05,1,0,308
3347,400,4,4,39,15,-11.05,0.05,0,1,308
3348,20,0,0,6,3,-5.6,0.05,1,0,308
3349,29,0,0,12,4,-3.49,0.05,1,0,308
3350,20,0,0,10,3,-4.8,0.05,1,0,308
3351,21,0,0,10,3,-4.31,0.05,1,0,308
3352,131,0,0,41,17,-2.31,0.05,1,0,308
3353,122,2,2,24,13,-5.87,0.05,0,0,308
3354,123,3,3,30,11,1.12,0.05,1,0,308
3355,88,2,2,21,9,-0.93,0.05,1,0,308
3356,107,0,0,21,8,-4.57,0.05,0,0,308
3357,18,0,0,7,2,-4.28,0.05,1,0,308
3358,21,0,0,10,3,-3.01,0.05,1,0,308
3359,133,1,1,24,10,-4.83,0.05,1,0,308
3360,67,1,1,25,9,-3.57,0.05,1,0,308
3361,86,3,3,30,10,-1.61,0.05,0,0,308
3362,45,0,0,18,6,-2.3,0.05,1,0,308
3363,127,1,1,37,14,0.18,0.05,1,0,308
3364,133,3,3,26,12,-1.03,0.05,1,0,308
3365,193,7,2,42,21,6.02,0.05,0,0,308
3366,400,0,0,26,17,-14.5,0.05,0,1,308
3367,168,2,2,33,17,-0.98,0.05,0,0,308
3368,189,7,2,28,12,1.06,0.05,0,0,308
3369,13,0,0,7,2,-3.68,0.05,1,0,308
3370,14,0,0,5,2,-4.84,0.05,1,0,308
3371,6,0,0,3,1,-4.21,0.05,1,0,308
3372,76,0,0,30,10,-4.26,0.05,1,0,308
3373,400,6,1,44,17,-11.2,0.05,1,0,308
3374,64,2,2,29,9,-0.29,0.05,1,0,308
3375,64,0,0,21,8,-3.99,0.05,1,0,308
3376,73,0,0,35,10,1.17,0.05,1,0,308
3377,71,1,1,25,8,0.39,0.05,1,0,308
3378,13,0,0,7,2,-4.63,0.05,1,0,308
3379,15,0,0,5,2,-5.25,0.05,1,0,308
3380,156,1,1,42,17,-4.61,0.05,1,0,308
3381,13,0,0,6,2,-5.38,0.05,1,0,308
3382,100,1,1,31,12,-2.3,0.05,0,0,308
3383,400,3,3,41,22,-11.65,0.05,0,1,308
3384,116,1,1,41,15,2.59,0.05,1,0,308
3385,60,0,0,22,8,-2.4,0.05,1,0,308
3386,142,1,1,30,12,-4.52,0.05,0,0,308
3387,75,0,0,34,10,-1.25,0.05,1,0,308
3388,10,0,0,3,1,-4.45,0.05,1,0,308
3389,22,0,0,9,3,-4.37,0.05,1,0,308
3390,99,1,1,28,11,-3.54,0.05,1,0,308
3391,292,3,3,42,18,-9.37,0.05,1,0,308
3392,192,0,0,24,14,-8.47,0.05,0,0,308
3393,20,0,0,10,3,-3.35,0.05,1,0,308
3394,93,1,1,27,11,-3.08,0.05,1,0,308
3395,37,0,0,11,5,-5.52,0.05,1,0,308
3396,180,1,1,38,18,-2.95,0.05,1,0,308
3397,43,0,0,16,6,-2.38,0.05,1,0,308
3398,47,1,1,20,6,-0.07,0.05,1,0,308
3399,69,2,2,30,9,0.56,0.05,1,0,308
3400,7,0,0,5,1,-4.12,0.05,1,0,308
3401,63,0,0,24,8,-1.68,0.05,1,0,308
3402,42,1,1,15,6,-1.62,0.05,1,0,308
3403,78,1,1,30,10,0.72,0.05,1,0,308
3404,58,0,0,20,7,-2.08,0.05,1,0,308
3405,50,0,0,17,7,-2.9,0.05,1,0,308
3406,21,0,0,7,3,-4.86,0.05,1,0,308
3407,146,2,2,41,14,-1.86,0.05,0,0,308
3408,84,3,3,31,10,1.01,0.05,1,0,308
3409,197,2,2,31,14,-8.72,0.05,0,0,308
3410,109,2,2,31,12,-5.64,0.05,1,0,308
3411,400,2,2,41,25,-11.15,0.05,0,1,308
3412,348,2,2,19,18,-17.78,0.05,0,0,308
3413,400,1,1,33,19,-15.4,0.05,0,1,308
3414,30,0,0,15,4,-2.95,0.05,1,0,308
3415,150,0,0,51,17,1.25,0.05,1,0,308
3416,83,2,2,33,10,2.57,0.05,1,0,308
3417,356,2,2,54,23,-8.71,0.05,1,0,308
3418,50,2,2,22,7,0.6,0.05,1,0,308
3419,30,1,1,14,4,-2.7,0.05,1,0,308
3420,82,0,0,34,11,-0.77,0.05,1,0,308
3421,74,0,0,24,8,-2.49,0.05,0,0,308
3422,92,2,2,37,11,4.33,0.05,1,0,308
3423,90,2,2,27,11,-0.7,0.05,1,0,308
3424,288,1,1,40,18,-12.03,0.05,1,0,308
3425,92,1,1,38,12,0.13,0.05,1,0,308
3426,44,0,0,18,6,-3.34,0.05,1,0,308
3427,71,1,1,27,9,-0.01,0.05,1,0,308
3428,209,3,3,53,19,0.06,0.05,0,0,308
3429,59,1,1,23,7,0.06,0.05,1,0,308
3430,393,3,3,34,17,-16.88,0.05,1,0,308
3431,94,2,2,30,10,-1.69,0.05,0,0,308
3432,57,0,0,16,7,-4.42,0.05,0,0,308
3433,190,2,2,36,18,-5.75,0.05,1,0,308
3434,383,2,2,37,20,-20.58,0.05,1,0,308
3435,27,0,0,10,4,-3.97,0.05,1,0,308
3436,74,1,1,23,9,-1.34,0.05,1,0,308
3437,164,1,1,28,14,-4.29,0.05,0,0,308
3438,42,1,1,20,6,-0.22,0.05,1,0,308
3439,96,1,1,31,12,-0.61,0.05,0,0,308
3440,121,3,3,35,15,-2.01,0.05,1,0,308
3441,100,0,0,32,10,-0.9,0.05,1,0,308
3442,188,4,4,41,21,-2.78,0.05,1,0,308
3443,103,2,2,33,11,-2.33,0.05,1,0,308
3444,141,1,1,40,15,0.84,0.05,1,0,308
3445,14,0,0,9,2,-2.89,0.05,1,0,308
3446,49,0,0,21,7,-3.69,0.05,1,0,308
3447,105,2,2,20,10,-4.95,0.05,1,0,308
3448,82,1,1,25,10,-3.27,0.05,1,0,308
3449,43,3,3,20,6,0.92,0.05,1,0,308
3450,44,0,0,16,6,-3.39,0.05,0,0,308
3451,310,2,2,34,36,-33.45,0.05,1,0,308
3452,400,1,1,41,52,-51.8,0.05,0,1,308
3453,86,2,2,27,11,-3.16,0.05,1,0,308
3454,77,0,0,35,10,-1.52,0.05,1,0,308
3455,120,1,1,39,15,-1.8,0.05,1,0,308
3456,46,0,0,22,6,-1.51,0.05,1,0,308
3457,191,2,2,31,17,-6.46,0.05,0,0,308
3458,195,3,3,46,19,2.2,0.05,1,0,308
3459,80,0,0,36,10,1.5,0.05,0,0,308
3460,158,2,2,42,17,0.07,0.05,1,0,308
3461,41,0,0,24,5,-0.86,0.05,1,0,308
3462,52,0,0,16,7,-4.12,0.05,1,0,308
3463,182,5,5,45,15,2.93,0.05,0,0,308
3464,400,1,1,37,18,-15.55,0.05,0,1,308
3465,98,1,1,26,11,-5.28,0.05,1,0,308
3466,108,1,1,18,6,-3.53,0.05,0,0,308
3467,57,0,0,20,8,-8.52,0.05,1,0,308
3468,58,2,2,21,7,-0.93,0.05,1,0,308
3469,28,0,0,10,3,-5.78,0.05,1,0,308
3470,93,1,1,23,8,-4.13,0.05,1,0,308
3471,74,2,2,19,8,-4.79,0.05,0,0,308
3472,66,1,1,21,8,-3.31,0.05,0,0,308
3473,96,0,0,22,8,-3.71,0.05,1,0,308
3474,400,4,4,46,20,-5.3,0.05,0,1,308
3475,400,3,3,39,19,-12.05,0.05,0,1,308
3476,84,3,3,24,8,2.66,0.05,1,0,308
3477,20,1,1,10,3,-2.7,0.05,1,0,308
3478,39,1,1,14,5,-2.29,0.05,1,0,308
3479,53,0,0,27,7,-1.78,0.05,0,0,308
3480,206,4,4,51,20,2.04,0.05,0,0,308
3481,13,0,0,5,2,-5.78,0.05,1,0,308
3482,400,3,3,42,19,-11.25,0.05,0,1,308
3483,184,2,2,43,19,-0.79,0.05,0,0,308
3484,111,0,0,21,12,-7.56,0.05,1,0,308
3485,21,0,0,6,3,-5.61,0.05,1,0,308
3486,164,2,2,38,16,2.06,0.05,0,0,308
3487,200,0,0,47,22,-1.9,0.05,1,0,308
3488,99,0,0,31,12,-3.39,0.05,1,0,308
3489,98,2,2,31,11,0.97,0.05,1,0,308
3490,212,0,0,39,22,-13.42,0.05,0,0,308
3491,219,1,1,33,19,-11.59,0.05,1,0,309
3492,27,0,0,12,4,-4.87,0.05,1,0,309
3493,115,1,1,35,13,2.0,0.05,1,0,309
3494,400,0,0,39,19,-21.0,0.05,0,1,309
3495,43,1,1,22,6,-2.43,0.05,1,0,309
3496,58,0,0,20,8,-3.08,0.05,1,0,309
3497,20,0,0,7,3,-5.3,0.05,1,0,309
3498,42,1,1,16,5,-1.37,0.05,1,0,309
3499,400,1,1,45,18,-13.55,0.05,0,1,309
3500,357,3,3,49,22,-13.77,0.05,0,0,309
3501,39,0,0,13,5,-5.24,0.05,1,0,309
3502,400,1,1,30,20,-16.3,0.05,0,1,309
3503,159,3,3,37,16,4.21,0.05,1,0,309
3504,205,2,2,44,18,-1.55,0.05,0,0,309
3505,133,2,2,29,15,-3.23,0.05,1,0,309
3506,197,2,2,44,20,-1.42,0.05,0,0,309
3507,290,0,0,34,16,-12.85,0.05,1,0,309
3508,114,2,2,35,14,1.06,0.05,1,0,309
3509,80,1,1,22,8,0.3,0.05,0,0,309
3510,64,3,3,23,8,0.61,0.05,1,0,309
3511,189,3,3,34,17,-2.89,0.05,0,0,309
3512,74,0,0,25,9,-3.04,0.05,1,0,309
3513,93,1,1,42,13,-0.78,0.05,1,0,309
3514,36,0,0,11,5,-4.21,0.05,1,0,309
3515,400,0,0,38,16,-16.45,0.05,0,1,309
3516,80,0,0,35,11,-4.1,0.05,1,0,309
3517,63,0,0,30,8,0.12,0.05,1,0,309
3518,169,1,1,32,17,-2.84,0.05,0,0,309
3519,108,1,1,41,13,1.52,0.05,1,0,309
3520,60,1,1,29,8,1.65,0.05,1,0,309
3521,400,6,6,40,19,-11.0,0.05,0,1,309
3522,87,1,1,28,10,1.38,0.05,0,0,309
3523,70,1,1,26,9,-5.0,0.05,1,0,309
3524,30,0,0,13,4,-4.2,0.05,1,0,309
3525,300,7,2,46,26,-2.0,0.05,1,0,309
3526,43,0,0,16,6,-5.23,0.05,1,0,309
3527,84,2,2,34,11,3.36,0.05,1,0,309
3528,400,1,1,45,20,-0.55,0.05,0,1,309
3529,105,1,1,13,7,-4.75,0.05,0,0,309
3530,31,0,0,12,4,-3.71,0.05,1,0,309
3531,272,0,0,43,22,-18.87,0.05,0,0,309
3532,400,3,3,39,18,-10.25,0.05,0,1,309
3533,400,1,1,51,26,-13.1,0.05,0,1,309
3534,209,8,3,35,13,-0.59,0.05,0,0,309
3535,126,1,1,34,15,-1.81,0.05,1,0,309
3536,81,0,0,27,7,-3.46,0.05,0,0,309
3537,139,1,1,21,9,-7.54,0.05,1,0,309
3538,77,2,2,28,9,1.23,0.05,1,0,309
3539,294,6,1,19,8,0.71,0.05,1,0,309
3540,190,2,2,30,13,-6.45,0.05,1,0,309
3541,400,3,3,35,25,-18.9,0.05,0,1,309
3542,113,1,1,48,14,2.57,0.05,1,0,309
3543,65,1,1,24,7,-3.7,0.05,1,0,309
3544,77,0,0,29,10,-2.77,0.05,1,0,309
3545,345,3,3,31,23,-20.45,0.05,1,0,309
3546,216,5,5,39,25,-10.86,0.05,1,0,309
3547,74,0,0,22,10,-4.44,0.05,1,0,309
3548,215,7,2,48,24,-1.6,0.05,1,0,309
3549,35,1,1,14,5,-3.25,0.05,1,0,309
3550,196,6,1,34,21,-0.26,0.05,1,0,309
3551,64,0,0,21,8,-2.64,0.05,1,0,309
3552,69,1,1,29,9,1.21,0.05,1,0,309
3553,73,2,2,27,8,0.07,0.05,1,0,309
3554,56,0,0,20,7,-1.46,0.05,1,0,309
3555,99,1,1,40,12,3.71,0.05,1,0,309
3556,188,2,2,46,22,-6.53,0.05,1,0,309
3557,13,0,0,8,2,-3.33,0.05,1,0,309
3558,71,0,0,24,9,-3.96,0.05,1,0,309
3559,101,2,2,37,12,0.59,0.05,1,0,309
3560,45,0,0,18,6,-4.2,0.05,0,0,309
3561,20,0,0,9,3,-4.75,0.05,1,0,309
3562,58,1,1,25,8,-1.73,0.05,1,0,309
3563,36,0,0,15,5,-4.16,0.05,1,0,309
3564,136,3,3,33,15,-0.46,0.05,0,0,309
3565,95,3,3,31,10,1.45,0.05,0,0,309
3566,309,1,1,37,32,-26.79,0.05,1,0,309
3567,99,2,2,31,11,-0.54,0.05,0,0,309
3568,310,2,2,42,37,-29.0,0.05,1,0,309
3569,400,1,1,32,26,-21.5,0.05,0,1,309
3570,78,1,1,22,9,-2.68,0.05,0,0,309
3571,37,0,0,14,5,-3.32,0.05,1,0,309
3572,149,3,3,38,15,2.36,0.05,1,0,309
3573,80,0,0,19,8,-3.8,0.05,1,0,309
3574,54,2,2,22,7,-0.69,0.05,1,0,309
3575,82,0,0,38,11,-1.07,0.05,1,0,309
3576,53,2,2,22,7,0.52,0.05,1,0,309
3577,83,0,0,36,11,-0.58,0.05,1,0,309
3578,72,1,1,30,10,-2.77,0.05,1,0,309
3579,39,1,1,14,5,-3.79,0.05,1,0,309
3580,29,0,0,10,4,-5.44,0.05,1,0,309
3581,154,4,4,39,17,3.46,0.05,1,0,309
3582,55,0,0,26,7,-0.45,0.05,1,0,309
3583,103,0,0,37,13,-0.48,0.05,0,0,309
3584,60,2,2,26,8,-0.8,0.05,1,0,309
3585,400,2,2,47,18,-8.55,0.05,0,1,309
3586,57,1,1,23,8,-3.12,0.05,1,0,309
3587,80,1,1,29,10,-1.15,0.05,0,0,309
3588,71,2,2,15,5,-1.46,0.05,1,0,309
3589,110,2,2,33,13,0.75,0.05,1,0,309
3590,20,0,0,8,3,-4.35,0.05,1,0,309
3591,400,0,0,46,20,-15.3,0.05,0,1,309
3592,124,2,2,37,13,2.36,0.05,1,0,309
3593,114,2,2,32,12,-0.79,0.05,1,0,309
3594,20,0,0,10,3,-3.85,0.05,1,0,309
3595,107,1,1,36,13,0.63,0.05,1,0,309
3596,83,1,1,25,10,-1.03,0.05,1,0,309
3597,54,0,0,22,7,-2.89,0.05,1,0,309
3598,89,1,1,34,11,-0.09,0.05,1,0,309
3599,400,3,3,42,18,-8.8,0.05,0,1,309
3600,35,0,0,19,5,-1.45,0.05,1,0,309
3601,95,2,2,27,11,-1.55,0.05,0,0,309
3602,66,1,1,26,9,-0.76,0.05,0,0,309
3603,7,0,0,2,1,-5.02,0.05,1,0,309
3604,157,4,4,40,16,0.53,0.05,1,0,309
3605,170,0,0,43,19,-3.8,0.05,1,0,309
3606,381,3,3,44,17,-13.81,0.05,1,0,309
3607,120,2,2,44,13,4.35,0.05,1,0,309
3608,82,1,1,29,11,-1.67,0.05,1,0,309
3609,388,2,2,41,22,-18.68,0.05,1,0,309
3610,20,0,0,10,3,-3.85,0.05,1,0,309
3611,140,2,2,39,17,-2.85,0.05,1,0,309
3612,74,0,0,34,10,1.21,0.05,1,0,309
3613,250,4,4,41,27,-9.55,0.05,1,0,309
3614,118,1,1,41,15,-0.58,0.05,1,0,309
3615,13,0,0,8,2,-3.18,0.05,1,0,309
3616,211,1,1,40,25,-12.51,0.05,1,0,309
3617,52,0,0,22,7,-2.57,0.05,1,0,309
3618,27,0,0,12,4,-4.37,0.05,1,0,309
3619,30,0,0,13,4,-5.05,0.05,1,0,309
3620,172,2,2,44,18,1.83,0.05,1,0,309
3621,155,2,2,42,18,-1.8,0.05,1,0,310
3622,122,2,2,37,13,-0.17,0.05,0,0,310
3623,81,1,1,30,11,-0.06,0.05,1,0,310
3624,59,0,0,27,8,-3.24,0.05,0,0,310
3625,121,5,5,40,14,5.54,0.05,1,0,310
3626,29,0,0,8,4,-6.09,0.05,1,0,310
3627,21,0,0,9,3,-3.06,0.05,1,0,310
3628,36,0,0,18,5,-0.71,0.05,1,0,310
3629,81,1,1,34,11,0.89,0.05,1,0,310
3630,194,2,2,37,21,-9.89,0.05,1,0,311
3631,27,0,0,11,4,-4.82,0.05,1,0,311
3632,67,1,1,27,9,-1.12,0.05,1,0,311
3633,263,3,3,39,31,-19.33,0.05,1,0,311
3634,169,2,2,52,20,1.26,0.05,1,0,311
3635,93,1,1,27,11,-2.23,0.05,1,0,311
3636,48,1,1,24,7,-3.38,0.05,1,0,311
3637,113,3,3,30,12,1.72,0.05,1,0,311
3638,103,1,1,34,12,-1.13,0.05,1,0,311
3639,83,1,1,33,11,-4.88,0.05,1,0,311
3640,30,0,0,8,4,-6.6,0.05,1,0,311
3641,65,0,0,21,9,-2.75,0.05,0,0,311
3642,205,3,3,45,22,-5.2,0.05,1,0,311
3643,172,2,2,45,19,0.28,0.05,0,0,311
3644,114,1,1,40,13,2.61,0.05,0,0,311
3645,270,1,1,42,32,-24.8,0.05,1,0,311
3646,20,0,0,9,3,-4.7,0.05,1,0,311
3647,87,1,1,32,11,-2.27,0.05,1,0,311
3648,84,2,2,24,10,-1.79,0.05,1,0,311
3649,88,0,0,30,11,-2.23,0.05,0,0,311
3650,158,2,2,35,17,-4.03,0.05,1,0,311
3651,181,1,1,58,21,6.04,0.05,1,0,311
3652,93,5,0,23,11,0.32,0.05,1,0,311
3653,124,1,1,31,13,-1.99,0.05,0,0,311
3654,164,1,1,32,18,-8.04,0.05,0,0,311
3655,75,1,1,28,9,-2.3,0.05,0,0,311
3656,6,0,0,3,1,-4.21,0.05,1,0,311
3657,260,2,2,36,20,-7.45,0.05,0,0,311
3658,29,0,0,11,4,-3.14,0.05,1,0,311
3659,30,1,1,16,4,-1.05,0.05,1,0,311
3660,50,0,0,12,5,-4.5,0.05,1,0,311
3661,99,0,0,14,4,-4.54,0.05,1,0,311
3662,171,8,3,39,15,5.94,0.05,1,0,311
3663,116,2,2,38,13,1.34,0.05,1,0,311
3664,51,0,0,21,7,-3.01,0.05,1,0,311
3665,53,1,1,25,7,0.22,0.05,1,0,311
3666,5,0,0,2,1,-5.05,0.05,1,0,311
3667,214,2,2,36,26,-14.89,0.05,1,0,311
3668,205,2,2,42,20,-7.5,0.05,1,0,311
3669,400,2,2,48,29,-19.55,0.05,0,1,311
3670,22,0,0,8,3,-4.62,0.05,1,0,311
3671,13,0,0,9,2,-3.08,0.05,1,0,311
3672,21,0,0,9,3,-3.76,0.05,1,0,311
3673,90,0,0,24,10,-2.3,0.05,1,0,311
3674,120,3,3,24,10,-3.1,0.05,1,0,311
3675,93,2,2,27,11,-1.93,0.05,1,0,311
3676,89,2,2,43,11,4.86,0.05,1,0,311
3677,150,2,2,38,14,4.05,0.05,1,0,311
3678,77,0,0,29,10,-1.07,0.05,1,0,311
3679,66,0,0,23,8,-2.01,0.05,1,0,311
3680,20,0,0,5,3,-6.9,0.05,1,0,311
3681,175,3,3,43,18,1.95,0.05,1,0,311
3682,56,1,1,26,8,-0.96,0.05,0,0,311
3683,136,2,2,40,15,1.44,0.05,1,0,311
3684,177,1,1,32,19,-6.62,0.05,1,0,311
3685,43,0,0,15,5,-2.03,0.05,1,0,311
3686,190,1,1,43,21,-3.5,0.05,1,0,311
3687,85,1,1,29,10,-5.0,0.05,0,0,311
3688,91,3,3,33,11,2.59,0.05,1,0,311
3689,71,1,1,30,10,-5.66,0.05,1,0,311
3690,65,0,0,16,8,-5.9,0.05,1,0,311
3691,156,2,2,32,14,-3.91,0.05,1,0,311
3692,27,0,0,10,4,-5.07,0.05,1,0,311
3693,386,0,0,37,50,-50.76,0.05,1,0,311
3694,14,0,0,8,2,-3.39,0.05,1,0,311
3695,147,1,1,43,16,-0.27,0.05,1,0,311
3696,145,1,1,34,16,-0.8,0.05,1,0,311
3697,159,6,6,41,17,7.11,0.05,1,0,311
3698,130,1,1,25,13,-3.85,0.05,0,0,311
3699,134,1,1,36,14,-2.19,0.05,0,0,311
3700,161,2,2,44,18,-0.76,0.05,1,0,311
3701,150,2,2,40,16,-0.65,0.05,1,0,311
3702,14,0,0,6,2,-4.54,0.05,1,0,311
3703,22,0,0,9,3,-4.77,0.05,1,0,311
3704,130,2,2,34,14,-0.25,0.05,0,0,311
3705,100,0,0,23,8,-5.9,0.05,1,0,311
3706,20,0,0,8,3,-4.0,0.05,1,0,311
3707,29,1,1,14,4,-2.29,0.05,1,0,311
3708,113,0,0,35,14,0.52,0.05,1,0,311
3709,101,2,2,46,13,3.39,0.05,1,0,311
3710,77,1,1,24,9,-0.47,0.05,1,0,311
3711,400,3,3,41,50,-40.65,0.05,0,1,311
3712,167,1,1,49,18,-0.37,0.05,1,0,311
3713,58,2,2,21,8,-2.38,0.05,1,0,311
3714,400,1,1,37,47,-27.35,0.05,0,1,311
3715,400,4,4,52,28,-8.45,0.05,0,1,311
3716,36,1,1,17,5,-1.01,0.05,1,0,311
3717,62,0,0,26,8,0.38,0.05,1,0,311
3718,96,3,3,30,10,-1.41,0.05,1,0,311
3719,121,4,4,31,11,2.39,0.05,0,0,311
3720,35,0,0,13,5,-4.1,0.05,1,0,311
3721,178,1,1,37,21,-10.08,0.05,1,0,311
3722,207,2,2,41,17,-8.47,0.05,0,0,311
3723,20,0,0,10,3,-4.35,0.05,1,0,311
3724,197,3,3,36,13,1.33,0.05,1,0,311
3725,74,1,1,20,8,-3.19,0.05,0,0,311
3726,30,0,0,10,4,-5.65,0.05,1,0,311
3727,76,0,0,32,10,-2.71,0.05,1,0,311
3728,39,0,0,11,5,-4.39,0.05,1,0,311
3729,400,4,4,40,40,-25.45,0.05,0,1,311
3730,350,1,1,40,19,-13.25,0.05,0,0,311
3731,400,2,2,42,23,-10.0,0.05,0,1,311
3732,6,0,0,2,1,-4.51,0.05,1,0,311
3733,162,3,3,25,11,-3.12,0.05,0,0,311
3734,37,1,1,12,5,-2.47,0.05,1,0,311
3735,13,0,0,5,2,-4.78,0.05,1,0,311
3736,36,0,0,12,5,-5.76,0.05,1,0,311
3737,138,0,0,40,16,-0.83,0.05,1,0,311
3738,47,0,0,17,6,-3.17,0.05,1,0,311
3739,54,1,1,20,7,-1.39,0.05,1,0,311
3740,115,1,1,37,13,1.5,0.05,1,0,311
3741,29,0,0,12,4,-2.94,0.05,1,0,311
3742,87,0,0,28,10,-2.72,0.05,1,0,311
3743,91,0,0,30,11,-0.66,0.05,1,0,311
3744,61,1,1,23,8,-1.51,0.05,1,0,311
3745,91,2,2,32,12,-1.31,0.05,1,0,311
3746,88,1,1,32,10,-0.73,0.05,1,0,311
3747,90,2,2,34,11,2.15,0.05,1,0,311
3748,98,1,1,43,13,2.47,0.05,1,0,311
3749,14,0,0,10,2,-2.64,0.05,1,0,311
3750,134,1,1,38,15,-0.04,0.05,0,0,311
3751,286,0,0,35,17,-15.21,0.05,1,0,311
3752,20,0,0,6,3,-5.65,0.05,1,0,311
3753,220,2,2,36,28,-20.6,0.05,1,0,311
3754,74,0,0,33,10,-2.94,0.05,1,0,311
3755,218,0,0,40,23,-9.88,0.05,1,0,311
3756,194,0,0,43,21,-3.74,0.05,1,0,311
3757,138,3,3,29,13,0.47,0.05,1,0,311
3758,400,2,2,49,39,-21.55,0.05,0,1,311
3759,21,0,0,10,3,-3.96,0.05,1,0,311
3760,81,1,1,28,8,-1.76,0.05,1,0,311
3761,117,1,1,24,11,-4.92,0.05,1,0,311
3762,28,0,0,14,4,-3.88,0.05,1,0,311
3763,128,2,2,41,14,1.17,0.05,1,0,311
3764,103,3,3,31,12,2.42,0.05,1,0,311
3765,102,2,2,28,12,-2.07,0.05,1,0,311
3766,88,2,2,32,12,-0.78,0.05,1,0,311
3767,181,3,3,48,18,-3.76,0.05,0,0,311
3768,8,0,0,6,1,-3.23,0.05,1,0,311
3769,160,1,1,33,14,-4.0,0.05,1,0,311
3770,51,2,2,19,7,-1.51,0.05,1,0,311
3771,400,3,3,38,25,-15.6,0.05,0,1,311
3772,143,0,0,33,16,-3.63,0.05,1,0,311
3773,85,5,0,32,11,3.25,0.05,1,0,311
3774,400,1,1,31,17,-17.6,0.05,0,1,311
3775,126,4,4,36,13,3.49,0.05,1,0,311
3776,110,1,1,43,13,-0.35,0.05,1,0,311
3777,28,0,0,14,4,-1.93,0.05,1,0,311
3778,147,2,2,35,16,0.93,0.05,0,0,311
3779,6,0,0,1,1,-4.81,0.05,1,0,311
3780,199,2,2,19,9,-6.14,0.05,0,0,311
3781,65,0,0,28,8,0.45,0.05,1,0,311
3782,53,1,1,19,7,-3.18,0.05,1,0,311
3783,108,2,2,35,12,-1.13,0.05,1,0,311
3784,88,1,1,25,10,-3.68,0.05,0,0,311
3785,131,2,2,31,15,0.54,0.05,1,0,311
3786,86,1,1,32,11,0.89,0.05,1,0,311
3787,97,0,0,24,11,-6.62,0.05,1,0,311
3788,5,0,0,3,1,-4.3,0.05,1,0,311
3789,77,0,0,35,10,1.58,0.05,1,0,311
3790,95,0,0,35,11,-0.95,0.05,0,0,311
3791,29,0,0,15,4,-2.34,0.05,1,0,311
3792,128,1,1,30,12,-0.63,0.05,1,0,311
3793,75,0,0,22,8,-6.6,0.05,0,0,311
3794,400,1,1,40,18,-13.35,0.05,0,1,311
3795,120,0,0,39,14,-0.6,0.05,1,0,311
3796,98,2,2,34,11,1.47,0.05,0,0,311
3797,51,2,2,16,6,-2.76,0.05,1,0,311
3798,28,0,0,14,4,-3.38,0.05,1,0,311
3799,21,0,0,9,3,-3.81,0.05,1,0,311
3800,55,0,0,17,6,-4.0,0.05,1,0,311
3801,105,0,0,25,10,-6.65,0.05,0,0,311
3802,146,3,3,28,15,-2.61,0.05,0,0,311
3803,69,0,0,27,8,-2.09,0.05,1,0,311
3804,112,1,1,26,13,-2.02,0.05,1,0,311
3805,36,0,0,10,5,-4.71,0.05,1,0,311
3806,91,3,3,34,12,0.34,0.05,1,0,311
3807,400,0,0,28,14,-12.05,0.05,0,1,311
3808,96,2,2,33,12,0.44,0.05,1,0,311
3809,133,1,1,48,16,2.47,0.05,1,0,311
3810,186,4,4,48,20,2.19,0.05,1,0,311
3811,29,0,0,11,4,-4.74,0.05,1,0,311
3812,62,0,0,26,8,-0.82,0.05,1,0,311
3813,148,0,0,28,12,-4.28,0.05,1,0,311
3814,74,1,1,27,10,-1.59,0.05,1,0,311
3815,29,0,0,16,4,-1.99,0.05,1,0,311
3816,166,7,2,39,19,6.64,0.05,1,0,311
3817,121,1,1,45,14,2.19,0.05,0,0,311
3818,119,1,1,32,14,-2.99,0.05,1,0,311
3819,62,0,0,27,8,-0.67,0.05,1,0,311
3820,7,0,0,3,1,-4.27,0.05,1,0,311
3821,46,0,0,20,6,-2.56,0.05,0,0,311
3822,400,2,2,41,16,-6.9,0.05,0,1,311
3823,354,1,1,35,16,-19.74,0.05,1,0,311
3824,51,0,0,26,7,0.99,0.05,1,0,311
3825,181,1,1,49,17,2.49,0.05,1,0,311
3826,37,0,1,16,5,-2.72,0.05,1,0,311
3827,400,1,1,31,15,-14.7,0.05,0,1,311
3828,22,0,0,8,3,-5.07,0.05,1,0,311
3829,400,2,2,42,21,-8.7,0.05,0,1,311
3830,230,2,2,34,26,-14.05,0.05,1,0,311
3831,156,2,2,44,17,3.14,0.05,1,0,311
3832,159,0,0,37,15,-4.79,0.05,0,0,311
3833,72,2,2,32,9,3.18,0.05,1,0,311
3834,71,0,0,29,10,-2.76,0.05,1,0,311
3835,34,0,0,13,5,-5.69,0.05,1,0,311
3836,153,0,0,36,17,-7.18,0.05,1,0,311
3837,400,2,2,47,50,-32.85,0.05,0,1,311
3838,118,1,1,39,14,1.62,0.05,1,0,311
3839,400,3,3,39,31,-20.45,0.05,0,1,311
3840,37,2,2,12,5,-2.32,0.05,1,0,311
3841,97,0,0,29,11,-5.67,0.05,0,0,311
3842,15,0,0,5,2,-5.35,0.05,1,0,311
3843,400,3,3,38,21,-10.75,0.05,0,1,311
3844,400,3,3,46,20,-14.75,0.05,0,1,311
3845,36,0,0,14,5,-4.21,0.05,1,0,311
3846,27,0,0,9,4,-4.32,0.05,1,0,311
3847,7,0,0,6,1,-3.37,0.05,1,0,311
3848,7,0,0,5,1,-3.62,0.05,1,0,311
3849,68,2,2,22,8,-1.38,0.05,1,0,311
3850,56,0,0,21,8,-4.21,0.05,1,0,311
3851,71,1,1,32,9,1.59,0.05,1,0,311
3852,27,0,0,12,4,-4.82,0.05,1,0,311
3853,87,0,0,29,11,-0.57,0.05,1,0,311
3854,51,0,0,18,7,-4.86,0.05,1,0,311
3855,254,1,1,35,18,-9.24,0.05,0,0,311
3856,35,0,0,12,5,-5.6,0.05,1,0,311
3857,232,2,2,40,18,-8.37,0.05,0,0,311
3858,294,2,2,55,21,-5.89,0.05,0,0,311
3859,158,1,1,41,17,0.62,0.05,1,0,311
3860,36,2,2,16,5,-0.16,0.05,1,0,311
3861,159,3,3,41,16,0.76,0.05,0,0,311
3862,34,0,0,11,5,-4.29,0.05,1,0,311
3863,82,0,0,29,10,-3.52,0.05,1,0,311
3864,276,4,4,40,31,-19.61,0.05,1,0,311
3865,58,2,2,27,8,-1.08,0.05,1,0,311
3866,23,1,1,11,3,-2.13,0.05,1,0,311
3867,91,2,2,21,9,-4.31,0.05,0,0,311
3868,55,1,1,25,7,-0.35,0.05,1,0,311
3869,257,1,1,46,29,-6.62,0.05,0,0,311
3870,148,8,3,37,18,2.47,0.05,0,0,311
3871,400,1,1,42,42,-33.05,0.05,0,1,311
3872,77,2,2,28,10,0.28,0.05,1,0,311
3873,5,0,0,2,1,-4.5,0.05,1,0,311
3874,67,4,4,25,9,6.83,0.05,1,0,311
3875,225,2,2,39,20,-5.65,0.05,0,0,311
3876,23,1,1,9,3,-4.08,0.05,1,0,311
3877,141,4,4,57,16,6.24,0.05,0,0,311
3878,21,1,1,11,3,-2.06,0.05,1,0,311
3879,24,0,0,10,3,-3.64,0.05,1,0,311
3880,32,0,0,10,4,-4.17,0.05,1,0,311
3881,34,0,0,13,4,-3.99,0.05,1,0,311
3882,25,0,0,8,3,-4.25,0.05,1,0,311
3883,25,0,0,11,3,-2.75,0.05,1,0,311
3884,63,2,2,29,8,0.42,0.05,1,0,311
3885,91,2,2,23,10,-4.51,0.05,1,0,311
3886,259,1,1,34,15,-11.89,0.05,0,0,311
3887,50,0,0,16,7,-6.7,0.05,1,0,311
3888,232,4,4,42,22,-1.27,0.05,1,0,311
3889,20,1,1,9,3,-2.95,0.05,1,0,311
3890,195,4,4,35,16,-0.65,0.05,0,0,311
3891,103,2,2,28,10,-1.48,0.05,0,0,311
3892,400,1,1,46,21,-16.8,0.05,0,1,311
3893,49,1,1,18,6,-1.34,0.05,1,0,311
3894,400,8,3,44,21,0.05,0.05,0,1,311
3895,400,6,1,42,21,-5.7,0.05,0,1,311
3896,39,1,1,17,5,-2.64,0.05,1,0,311
3897,133,1,1,31,12,-1.13,0.05,1,0,311
3898,6,0,0,2,1,-4.51,0.05,1,0,311
3899,53,0,0,24,7,-1.73,0.05,1,0,311
3900,400,2,2,43,17,-11.5,0.05,0,1,311
3901,5,0,0,3,1,-4.3,0.05,1,0,311
3902,86,1,1,26,11,-3.26,0.05,0,0,311
3903,59,0,0,26,8,-0.14,0.05,1,0,311
3904,81,3,3,35,11,1.84,0.05,1,0,311
3905,46,1,1,21,6,-1.36,0.05,1,0,311
3906,29,0,0,8,4,-5.24,0.05,1,0,311
3907,139,1,1,50,15,3.51,0.05,0,0,311
3908,56,2,2,18,7,-2.86,0.05,1,0,311
3909,261,1,1,35,22,-8.16,0.05,1,0,311
3910,87,0,0,27,11,-4.57,0.05,1,0,311
3911,52,0,0,21,7,-2.12,0.05,1,0,311
3912,400,3,3,39,26,-10.2,0.05,0,1,311
3913,400,2,2,33,23,-15.05,0.05,0,1,311
3914,266,2,2,38,16,-3.61,0.05,1,0,311
3915,102,2,2,35,13,-0.07,0.05,1,0,311
3916,81,0,0,24,10,-2.96,0.05,1,0,311
3917,7,0,0,2,1,-5.02,0.05,1,0,311
3918,5,0,0,3,1,-4.1,0.05,1,0,311
3919,102,1,1,29,10,-4.17,0.05,1,0,311
3920,116,3,3,32,14,3.69,0.05,1,0,311
3921,84,2,2,32,11,0.96,0.05,1,0,311
3922,264,3,3,48,27,-6.09,0.05,1,0,311
3923,167,3,3,51,19,3.28,0.05,1,0,311
3924,400,0,0,39,15,-15.4,0.05,0,1,311
3925,142,1,1,37,17,-0.62,0.05,1,0,311
3926,305,1,1,38,20,-11.35,0.05,1,0,311
3927,31,1,1,15,4,-1.86,0.05,1,0,311
3928,357,1,1,32,17,-16.42,0.05,0,0,311
3929,156,2,2,55,18,7.34,0.05,1,0,311
3930,137,2,2,43,15,-0.72,0.05,0,0,311
3931,189,2,2,35,17,-5.29,0.05,1,0,311
3932,46,0,0,25,6,0.54,0.05,1,0,311
3933,69,0,0,28,9,-1.34,0.05,0,0,311
3934,400,2,2,52,25,-9.1,0.05,0,1,311
3935,154,0,0,41,16,-2.59,0.05,0,0,311
3936,35,0,0,11,4,-2.85,0.05,1,0,311
3937,156,3,3,32,11,0.39,0.05,0,0,311
3938,319,2,2,36,18,-11.49,0.05,1,0,311
3939,271,2,2,26,15,-9.56,0.05,1,0,311
3940,111,0,0,36,15,-2.91,0.05,1,0,311
3941,88,1,1,30,11,1.87,0.05,1,0,311
3942,6,0,0,2,1,-4.96,0.05,1,0,311
3943,95,1,1,37,11,2.0,0.05,1,0,311
3944,84,0,0,24,11,-3.74,0.05,1,0,311
3945,37,1,1,15,5,-3.42,0.05,1,0,311
3946,46,6,1,19,6,2.04,0.05,1,0,311
3947,111,0,0,34,13,4.49,0.05,1,0,311
3948,20,0,0,9,3,-3.65,0.05,1,0,311
3949,84,1,1,24,10,-1.59,0.05,1,0,311
3950,24,1,1,10,3,-2.24,0.05,1,0,311
3951,57,0,0,20,8,-4.57,0.05,1,0,311
3952,35,1,1,16,5,-2.2,0.05,1,0,311
3953,103,0,0,42,12,2.47,0.05,1,0,311
3954,37,1,1,13,5,-1.52,0.05,1,0,311
3955,22,0,0,8,3,-4.57,0.05,1,0,311
3956,47,0,0,18,6,-3.87,0.05,1,0,311
3957,37,1,1,15,5,-1.52,0.05,1,0,311
3958,182,2,2,39,16,-3.47,0.05,1,0,311
3959,44,0,0,18,6,-2.44,0.05,1,0,311
3960,120,1,1,34,14,-1.7,0.05,1,0,311
3961,191,2,2,48,20,-2.86,0.05,0,0,311
3962,69,1,1,28,9,-1.44,0.05,1,0,311
3963,22,0,0,10,3,-3.02,0.05,1,0,311
3964,135,2,2,34,15,-1.75,0.05,0,0,311
3965,88,1,1,35,12,-2.53,0.05,0,0,311
3966,20,0,0,10,3,-3.75,0.05,1,0,311
3967,13,0,0,4,2,-4.98,0.05,1,0,311
3968,27,0,0,7,3,-4.02,0.05,1,0,311
3969,27,0,0,7,3,-5.62,0.05,1,0,311
3970,400,2,2,40,32,-27.9,0.05,0,1,311
3971,104,1,1,41,13,0.11,0.05,1,0,311
3972,29,0,0,16,4,-1.54,0.05,1,0,311
3973,13,0,0,9,2,-3.93,0.05,1,0,311
3974,79,1,1,38,11,1.31,0.05,1,0,311
3975,20,0,0,11,3,-2.4,0.05,1,0,311
3976,143,1,1,36,16,-1.88,0.05,1,0,311
3977,14,0,0,6,2,-4.44,0.05,1,0,311
3978,160,2,2,43,17,3.15,0.05,0,0,311
3979,64,1,1,29,8,-0.09,0.05,1,0,311
3980,46,0,0,24,6,-1.66,0.05,1,0,311
3981,397,7,2,54,31,0.18,0.05,0,1,311
3982,186,4,4,44,18,8.64,0.05,0,1,311
3983,43,0,0,22,6,-2.08,0.05,1,0,311
3984,20,1,1,12,3,-2.5,0.05,1,0,311
3985,47,0,0,13,5,-3.92,0.05,0,0,311
3986,208,6,2,51,22,9.92,0.05,0,1,311
3987,92,1,1,24,10,-2.62,0.05,1,0,311
3988,129,3,3,41,16,4.36,0.05,1,0,311
3989,400,4,4,44,22,-13.15,0.05,0,1,311
3990,165,4,4,42,16,2.35,0.05,1,0,311
3991,27,0,0,10,4,-3.97,0.05,1,0,311
3992,400,3,3,47,20,-5.95,0.05,0,1,311
3993,88,1,1,26,10,-3.28,0.05,1,0,311
3994,23,0,0,8,3,-4.53,0.05,1,0,311
3995,124,1,1,39,15,-1.84,0.05,0,0,311
3996,49,0,0,24,7,-1.29,0.05,1,0,311
3997,152,2,2,44,17,1.83,0.05,0,0,311
3998,70,0,0,33,9,-0.3,0.05,1,0,311
3999,78,2,2,28,10,-2.98,0.05,0,0,311
4000,89,0,0,29,12,-6.29,0.05,0,0,311
4001,62,1,1,24,8,-2.62,0.05,1,0,311
4002,400,1,1,42,23,-14.25,0.05,0,1,311
4003,52,1,1,15,6,-5.72,0.05,0,0,311
4004,27,0,0,10,4,-4.02,0.05,1,0,311
4005,165,0,0,33,15,-4.2,0.05,0,0,311
4006,24,0,0,7,3,-4.84,0.05,1,0,311
4007,132,3,3,35,14,3.78,0.05,1,0,311
4008,6,0,0,3,1,-5.21,0.05,1,0,311
4009,400,2,2,41,28,-8.4,0.05,0,1,311
4010,101,1,1,33,12,-3.11,0.05,1,0,311
4011,87,2,2,33,12,-1.82,0.05,0,0,311
4012,143,1,1,37,16,-0.48,0.05,1,0,311
4013,156,0,0,44,17,-0.31,0.05,1,0,311
4014,28,0,0,7,4,-5.43,0.05,1,0,311
4015,87,3,3,36,11,2.63,0.05,1,0,311
4016,65,0,0,22,8,-4.05,0.05,1,0,311
4017,128,2,2,39,14,2.37,0.05,1,0,311
4018,142,2,2,39,15,-0.02,0.05,1,0,311
4019,21,0,0,11,3,-4.81,0.05,1,0,311
4020,73,1,1,35,10,-0.13,0.05,0,0,311
4021,16,0,0,6,2,-3.66,0.05,1,0,311
4022,68,0,0,22,9,-4.63,0.05,1,0,311
4023,20,0,0,8,3,-4.4,0.05,1,0,311
4024,86,2,2,42,11,5.44,0.05,1,0,311
4025,62,0,0,18,8,-5.17,0.05,1,0,311
4026,29,0,0,13,4,-3.74,0.05,1,0,311
4027,89,0,0,37,11,0.16,0.05,1,0,311
4028,400,2,2,44,19,-8.6,0.05,0,1,311
4029,301,10,5,49,22,-1.56,0.05,1,0,311
4030,50,1,1,23,7,-2.35,0.05,1,0,311
4031,122,1,1,42,14,-2.57,0.05,0,0,311
4032,400,3,3,53,20,-5.45,0.05,0,1,311
4033,35,0,0,16,5,-3.35,0.05,1,0,311
4034,70,1,1,26,8,1.1,0.05,0,0,311
4035,138,3,3,34,13,2.47,0.05,1,0,311
4036,164,3,3,34,14,-1.44,0.05,0,0,311
4037,67,0,0,29,8,0.03,0.05,1,0,311
4038,121,2,2,33,14,0.09,0.05,1,0,311
4039,7,0,0,2,1,-4.62,0.05,1,0,311
4040,400,2,2,39,31,-21.45,0.05,0,1,311
4041,400,0,0,41,18,-8.9,0.05,0,1,311
4042,36,1,1,14,5,-2.76,0.05,1,0,311
4043,75,3,3,30,9,3.05,0.05,1,0,311
4044,13,0,0,9,2,-2.93,0.05,1,0,311
4045,207,0,0,36,21,-11.17,0.05,0,0,311
4046,82,2,2,28,10,0.18,0.05,1,0,311
4047,86,1,1,29,11,-0.61,0.05,1,0,311
4048,142,0,0,35,17,-3.82,0.05,1,0,311
4049,28,1,1,12,4,-2.88,0.05,1,0,311
4050,93,1,1,31,10,-1.63,0.05,0,0,311
4051,74,0,0,37,10,0.56,0.05,1,0,311
4052,7,0,0,4,1,-4.52,0.05,1,0,311
4053,355,4,4,43,25,-10.35,0.05,0,0,311
4054,52,1,1,18,7,-1.87,0.05,1,0,311
4055,118,4,4,36,12,3.27,0.05,1,0,311
4056,101,3,3,24,11,-2.01,0.05,1,0,311
4057,114,2,2,38,15,-0.39,0.05,1,0,311
4058,98,2,2,30,11,1.62,0.05,0,0,311
4059,140,8,3,42,17,7.2,0.05,1,0,311
4060,62,1,1,22,7,-3.32,0.05,1,0,311
4061,225,3,3,46,20,-0.05,0.05,0,0,311
4062,112,0,0,12,6,-6.97,0.05,0,0,311
4063,193,2,2,66,23,6.87,0.05,1,0,311
4064,14,0,0,8,2,-3.19,0.05,1,0,311
4065,119,1,1,40,14,1.26,0.05,1,0,311
4066,161,4,4,39,17,1.59,0.05,1,0,311
4067,99,2,2,32,12,2.26,0.05,1,0,311
4068,148,2,2,36,16,1.72,0.05,1,0,311
4069,30,0,0,14,4,-2.15,0.05,1,0,311
4070,400,0,0,37,16,-12.4,0.05,0,1,311
4071,100,2,2,30,10,0.95,0.05,1,0,311
4072,186,4,4,43,19,-0.36,0.05,0,0,311
4073,237,3,3,42,18,-5.67,0.05,0,0,311
4074,42,2,2,18,6,-1.72,0.05,1,0,311
4075,7,0,0,2,1,-4.47,0.05,1,0,311
4076,271,2,2,48,24,-2.11,0.05,1,0,312
4077,252,2,2,46,22,-3.32,0.05,0,0,312
4078,74,2,2,27,9,0.46,0.05,1,0,312
4079,99,3,3,37,12,3.56,0.05,1,0,312
4080,39,0,0,19,5,-1.29,0.05,1,0,312
4081,68,2,2,32,9,1.67,0.05,1,0,312
4082,109,3,3,35,13,-1.34,0.05,0,0,312
4083,22,0,0,9,3,-4.67,0.05,1,0,312
4084,111,0,0,33,13,-2.56,0.05,1,0,312
4085,175,0,0,35,18,-2.9,0.05,0,0,312
4086,59,1,1,33,8,-0.74,0.05,1,0,312
4087,384,4,4,46,20,-10.04,0.05,1,0,313
4088,91,2,2,33,11,0.04,0.05,0,0,313
4089,27,1,1,12,4,-2.72,0.05,1,0,313
4090,86,2,2,33,11,5.69,0.05,1,0,313
4091,85,0,0,32,10,-4.5,0.05,0,0,313
4092,83,5,0,27,10,3.22,0.05,1,0,313
4093,6,0,0,3,1,-5.21,0.05,1,0,313
4094,13,0,0,6,2,-3.83,0.05,1,0,313
4095,400,1,1,33,29,-19.45,0.05,0,1,313
4096,207,1,1,49,21,-5.12,0.05,1,0,313
4097,115,2,2,32,13,-0.6,0.05,0,0,313
4098,58,0,0,15,7,-6.08,0.05,1,0,313
4099,78,2,2,34,10,-0.23,0.05,1,0,313
4100,400,1,1,46,18,-7.1,0.05,0,1,313
4101,372,2,2,49,20,-11.37,0.05,1,0,313
4102,400,3,3,39,18,-13.3,0.05,0,1,313
4103,97,2,2,30,10,1.43,0.05,1,0,313
4104,400,4,4,50,30,-2.05,0.05,0,1,313
4105,21,1,1,9,3,-3.86,0.05,1,0,313
4106,83,3,3,38,10,3.92,0.05,1,0,313
4107,400,2,2,36,21,-12.35,0.05,0,1,313
4108,400,3,3,45,20,-12.45,0.05,0,1,313
4109,285,4,4,37,20,-9.4,0.05,0,0,313
4110,60,1,1,19,8,-3.3,0.05,1,0,313
4111,228,6,6,58,22,5.37,0.05,0,0,313
4112,400,1,1,38,25,-10.1,0.05,0,1,313
4113,170,5,5,46,17,1.05,0.05,1,0,313
4114,271,0,0,39,22,-12.36,0.05,0,0,313
4115,400,2,2,39,21,-10.3,0.05,0,1,313
4116,20,0,0,8,3,-4.5,0.05,1,0,313
4117,356,2,2,42,20,-10.36,0.05,1,0,313
4118,15,0,0,8,2,-4.15,0.05,1,0,313
4119,23,0,0,8,3,-5.53,0.05,1,0,313
4120,400,2,2,50,32,-19.15,0.05,0,1,313
4121,22,0,0,10,3,-2.92,0.05,1,0,313
4122,77,1,1,28,10,-2.77,0.05,1,0,313
4123,194,5,5,43,19,8.96,0.05,0,1,313
4124,400,3,3,40,28,-11.35,0.05,0,1,313
4125,36,0,0,18,5,-2.31,0.05,1,0,313
4126,7,0,0,2,1,-4.57,0.05,1,0,313
4127,87,2,2,34,11,0.03,0.05,1,0,313
4128,97,1,1,39,12,2.88,0.05,1,0,313
4129,36,1,1,14,5,-1.86,0.05,1,0,313
4130,161,2,2,34,17,0.29,0.05,0,0,313
4131,65,1,1,27,8,0.7,0.05,1,0,313
4132,141,5,5,37,15,4.84,0.05,0,0,313
4133,35,1,1,19,5,0.2,0.05,1,0,313
4134,37,0,0,14,5,-4.27,0.05,1,0,313
4135,56,1,1,21,7,-0.71,0.05,1,0,313
4136,203,4,4,40,19,-2.28,0.05,0,0,313
4137,52,0,0,20,7,-1.62,0.05,1,0,313
4138,203,1,1,28,18,-7.08,0.05,0,0,313
4139,87,0,0,33,11,0.28,0.05,1,0,313
4140,274,0,0,53,20,-3.74,0.05,0,0,313
4141,72,0,0,27,10,-3.22,0.05,1,0,313
4142,115,3,3,29,10,-0.35,0.05,1,0,313
4143,13,0,0,8,2,-3.78,0.05,1,0,313
4144,400,1,1,42,18,-5.0,0.05,0,1,313
4145,45,1,1,19,6,-2.55,0.05,1,0,313
4146,64,2,2,24,8,-0.29,0.05,1,0,313
4147,187,6,1,38,19,1.33,0.05,1,0,313
4148,23,0,0,7,3,-3.33,0.05,1,0,313
4149,400,0,0,38,18,-11.2,0.05,0,1,313
4150,92,2,2,32,11,-1.67,0.05,0,0,313
4151,122,3,3,46,15,4.03,0.05,1,0,313
4152,63,0,0,21,9,-3.38,0.05,1,0,313
4153,400,2,2,34,24,-9.9,0.05,0,1,313
4154,79,0,0,33,10,0.01,0.05,1,0,313
4155,98,0,0,40,13,0.57,0.05,1,0,313
4156,131,3,3,39,15,0.69,0.05,0,0,313
4157,108,1,1,35,13,-0.03,0.05,1,0,313
4158,106,2,2,41,14,3.24,0.05,1,0,313
4159,27,0,0,12,4,-4.82,0.05,1,0,313
4160,168,3,3,44,17,4.97,0.05,1,0,313
4161,52,1,1,16,7,-2.52,0.05,1,0,313
4162,87,1,1,34,12,-4.02,0.05,1,0,313
4163,22,0,0,12,3,-2.72,0.05,1,0,313
4164,14,0,0,5,2,-4.84,0.05,1,0,313
4165,329,3,3,44,26,-6.44,0.05,1,0,313
4166,243,0,0,53,26,-1.33,0.05,0,0,313
4167,93,7,2,38,11,5.72,0.05,1,0,313
4168,81,4,4,35,10,4.64,0.05,1,0,313
4169,103,0,0,31,12,1.07,0.05,1,0,313
4170,14,0,0,9,2,-2.99,0.05,1,0,313
4171,13,0,0,7,2,-3.68,0.05,1,0,313
4172,400,8,3,45,25,-4.35,0.05,0,1,313
4173,153,2,2,33,16,-4.78,0.05,1,0,313
4174,79,2,2,23,9,-0.44,0.05,1,0,313
4175,400,0,0,38,25,-18.4,0.05,0,1,313
4176,28,0,0,14,4,-2.43,0.05,1,0,313
4177,400,1,1,35,22,-19.4,0.05,0,1,313
4178,54,2,2,23,7,2.21,0.05,1,0,313
4179,13,0,0,4,2,-5.08,0.05,1,0,313
4180,109,1,1,42,14,1.41,0.05,0,0,313
4181,105,2,2,33,13,-1.55,0.05,1,0,313
4182,87,2,2,34,11,2.38,0.05,1,0,313
4183,37,0,0,16,5,-4.42,0.05,1,0,313
4184,43,0,0,18,6,-1.08,0.05,1,0,313
4185,222,2,2,51,24,-1.77,0.05,0,0,313
4186,44,0,0,18,6,-3.79,0.05,1,0,313
4187,64,0,0,29,8,0.76,0.05,1,0,313
4188,87,0,0,30,11,-1.27,0.05,1,0,313
4189,172,4,4,40,18,0.33,0.05,0,0,313
4190,135,2,2,35,14,0.05,0.05,1,0,313
4191,169,1,1,42,16,-2.59,0.05,1,0,313
4192,339,8,3,42,22,-6.39,0.05,1,0,313
4193,123,3,3,38,14,1.92,0.05,1,0,313
4194,400,1,1,40,20,-12.1,0.05,0,1,313
4195,85,2,2,21,10,-2.45,0.05,1,0,313
4196,79,0,0,27,9,-0.99,0.05,1,0,313
4197,246,2,2,55,24,0.59,0.05,1,0,313
4198,228,3,3,35,19,-2.18,0.05,0,0,313
4199,88,1,1,26,11,-2.18,0.05,1,0,313
4200,57,0,0,19,8,-3.97,0.05,1,0,313
4201,44,0,0,16,6,-4.29,0.05,1,0,313
4202,80,0,0,24,10,-6.05,0.05,0,0,313
4203,90,5,5,30,10,4.1,0.05,1,0,313
4204,49,1,1,20,7,-2.94,0.05,1,0,313
4205,77,1,1,32,10,-0.42,0.05,1,0,313
4206,178,2,2,45,17,-4.88,0.05,0,0,313
4207,75,0,0,27,9,-1.3,0.05,1,0,313
4208,51,2,2,16,7,-2.31,0.05,0,0,313
4209,179,0,0,49,21,-2.09,0.05,1,0,313
4210,70,2,2,29,9,2.2,0.05,1,0,313
4211,54,2,2,27,7,2.01,0.05,0,0,313
4212,400,3,3,43,29,-10.4,0.05,0,1,313
4213,92,1,1,43,12,4.18,0.05,1,0,313
4214,400,2,2,39,20,-10.45,0.05,0,1,313
4215,173,3,3,43,18,4.97,0.05,1,0,313
4216,20,0,0,9,3,-4.2,0.05,1,0,313
4217,102,1,1,26,11,-1.47,0.05,1,0,313
4218,90,2,2,40,12,1.65,0.05,1,0,313
4219,55,2,2,15,6,-0.9,0.05,1,0,313
4220,197,3,3,35,20,-4.42,0.05,1,0,313
4221,35,0,0,16,5,-3.75,0.05,1,0,313
4222,51,0,0,20,7,-2.46,0.05,1,0,313
4223,7,0,0,2,1,-4.37,0.05,1,0,313
4224,129,1,1,36,13,-2.74,0.05,0,0,313
4225,123,2,2,33,14,0.07,0.05,1,0,313
4226,97,6,1,33,10,5.13,0.05,1,0,313
4227,73,1,1,28,9,-0.78,0.05,0,0,313
4228,145,3,3,42,14,0.95,0.05,0,0,313
4229,21,0,0,8,3,-6.01,0.05,1,0,313
4230,120,1,1,42,15,2.2,0.05,0,0,313
4231,70,0,0,28,9,-2.8,0.05,1,0,313
4232,173,2,2,45,19,0.77,0.05,0,0,313
4233,54,3,3,19,7,-1.99,0.05,1,0,313
4234,183,2,2,39,20,-3.68,0.05,0,0,313
4235,272,5,5,56,25,2.58,0.05,0,0,314
4236,170,2,2,41,16,-0.2,0.05,0,0,314
4237,50,0,0,17,7,-2.85,0.05,1,0,314
4238,99,1,1,40,13,1.81,0.05,1,0,314
4239,102,1,1,34,13,2.28,0.05,1,0,314
4240,181,0,0,45,19,-1.71,0.05,1,0,314
4241,140,1,1,39,17,1.6,0.05,1,0,314
4242,166,1,1,44,18,-3.96,0.05,1,0,314
4243,167,7,2,43,19,2.38,0.05,1,0,314
4244,86,2,2,29,11,3.59,0.05,1,0,314
4245,14,0,0,6,2,-4.44,0.05,1,0,314
4246,75,1,1,24,9,-2.2,0.05,1,0,314
4247,5,0,0,4,1,-4.0,0.05,1,0,314
4248,55,1,1,26,7,1.25,0.05,1,0,314
4249,77,2,2,20,8,-2.57,0.05,0,0,314
4250,122,3,3,35,13,0.63,0.05,1,0,314
4251,176,1,1,37,16,-1.51,0.05,0,0,314
4252,68,2,2,25,9,1.12,0.05,1,0,314
4253,74,1,1,25,9,-0.44,0.05,0,0,315
4254,81,1,1,36,11,1.14,0.05,1,0,315
4255,400,4,4,30,12,-9.85,0.05,0,1,315
4256,400,2,2,41,31,-7.1,0.05,0,1,315
4257,68,0,0,14,6,-7.33,0.05,0,0,316
4258,143,0,0,46,18,-1.88,0.05,0,0,316
4259,53,0,0,18,8,-5.18,0.05,0,0,316
4260,400,6,6,49,23,0.75,0.05,0,1,316
4261,43,0,0,16,6,-4.78,0.05,1,0,316
4262,305,2,2,33,23,-14.4,0.05,1,0,316
4263,400,2,2,33,18,-14.2,0.05,0,1,316
4264,14,0,0,6,2,-4.54,0.05,1,0,316
4265,113,1,1,20,8,-2.73,0.05,1,0,316
4266,86,3,3,23,10,-0.61,0.05,1,0,316
4267,70,2,2,23,6,-0.65,0.05,1,0,316
4268,391,11,1,36,28,-3.16,0.05,1,0,316
4269,400,0,0,43,16,-4.35,0.05,0,1,316
4270,63,0,0,19,6,-3.08,0.05,1,0,316
4271,200,1,1,47,20,0.85,0.05,0,0,316
4272,104,0,0,26,13,-5.24,0.05,1,0,316
4273,215,3,3,39,21,-1.1,0.05,1,0,316
4274,239,1,1,25,13,-5.84,0.05,1,0,316
4275,21,0,0,9,3,-4.21,0.05,1,0,316
4276,400,3,3,39,18,-8.65,0.05,0,1,316
4277,225,1,1,38,20,-5.8,0.05,0,0,316
4278,100,1,1,35,13,-0.45,0.05,1,0,316
4279,13,0,0,8,2,-3.33,0.05,1,0,316
4280,70,0,0,32,9,-2.0,0.05,1,0,316
4281,72,2,2,29,9,1.28,0.05,1,0,316
4282,100,1,1,34,12,-0.3,0.05,1,0,316
4283,7,0,0,5,1,-3.97,0.05,1,0,316
4284,65,2,2,27,9,1.15,0.05,1,0,316
4285,107,0,0,31,12,-5.07,0.05,1,0,316
4286,400,0,0,39,18,-10.5,0.05,0,1,316
4287,133,1,1,37,15,-0.98,0.05,0,0,316
4288,182,1,1,40,18,-2.72,0.05,1,0,316
4289,100,2,2,34,13,1.65,0.05,1,0,316
4290,400,2,2,51,28,-4.65,0.05,0,1,316
4291,76,2,2,28,9,-1.61,0.05,1,0,316
4292,400,2,2,51,23,-8.9,0.05,0,1,316
4293,138,1,1,37,16,1.47,0.05,1,0,316
4294,104,1,1,34,13,-0.19,0.05,1,0,316
4295,400,0,0,48,20,-8.2,0.05,0,1,316
4296,36,0,0,16,5,-2.81,0.05,1,0,316
4297,103,8,3,29,12,3.37,0.05,1,0,316
4298,89,0,0,21,7,-1.44,0.05,1,0,316
4299,199,6,1,38,21,2.06,0.05,0,0,316
4300,119,0,0,33,14,-1.99,0.05,0,0,316
4301,14,0,0,4,2,-6.04,0.05,1,0,316
4302,5,0,0,3,1,-4.75,0.05,1,0,316
4303,65,0,0,28,8,1.4,0.05,1,0,316
4304,154,2,2,45,18,4.61,0.05,1,0,316
4305,20,0,0,7,3,-4.35,0.05,1,0,316
4306,155,1,1,38,17,0.8,0.05,1,0,316
4307,6,0,0,2,1,-5.51,0.05,1,0,316
4308,242,2,2,49,19,-0.87,0.05,1,0,316
4309,269,5,0,42,21,0.91,0.05,1,0,316
4310,45,1,1,18,6,-0.95,0.05,1,0,316
4311,21,0,0,9,3,-3.51,0.05,1,0,316
4312,93,3,3,29,11,-2.33,0.05,1,0,316
4313,108,1,1,39,13,0.67,0.05,0,0,316
4314,365,2,2,28,21,-17.7,0.05,1,0,316
4315,121,3,3,43,15,5.39,0.05,1,0,316
4316,27,1,1,12,4,-3.62,0.05,1,0,316
4317,179,1,1,45,19,0.16,0.05,1,0,316
4318,179,2,2,51,16,-0.79,0.05,1,0,316
4319,186,2,2,53,19,3.29,0.05,1,0,316
4320,243,1,1,43,22,-3.33,0.05,0,0,316
4321,6,0,0,3,1,-4.21,0.05,1,0,316
4322,132,2,2,32,12,-1.12,0.05,1,0,316
4323,169,4,4,30,16,-1.69,0.05,0,0,316
4324,42,1,1,20,6,-0.32,0.05,1,0,316
4325,90,1,1,27,12,-0.95,0.05,1,0,316
4326,400,7,2,42,17,-4.2,0.05,0,1,316
4327,134,2,2,43,15,1.01,0.05,1,0,316
4328,400,1,1,36,21,-12.9,0.05,0,1,316
4329,140,8,3,41,15,7.8,0.05,0,0,316
4330,221,1,1,47,21,-1.36,0.05,0,0,316
4331,20,0,0,9,3,-4.0,0.05,1,0,316
4332,14,0,0,5,2,-4.84,0.05,1,0,316
4333,58,0,0,19,8,-3.53,0.05,1,0,316
4334,91,6,1,41,12,3.59,0.05,1,0,316
4335,61,2,2,27,8,1.09,0.05,0,0,316
4336,35,0,0,15,5,-4.05,0.05,1,0,316
4337,400,2,2,41,19,-8.35,0.05,0,1,316
4338,55,0,0,17,7,-5.3,0.05,0,0,316
4339,36,1,1,11,5,-3.21,0.05,1,0,316
4340,13,0,0,8,2,-3.68,0.05,1,0,316
4341,118,3,3,32,13,1.67,0.05,1,0,316
4342,224,2,2,41,23,-6.19,0.05,1,0,316
4343,114,1,1,46,15,-0.24,0.05,1,0,316
4344,52,1,1,24,7,-1.57,0.05,1,0,316
4345,59,1,1,22,8,-2.79,0.05,1,0,316
4346,109,0,0,43,13,2.56,0.05,1,0,316
4347,62,1,1,28,8,1.58,0.05,1,0,316
4348,102,4,4,27,13,0.58,0.05,1,0,316
4349,21,0,0,8,3,-5.91,0.05,1,0,316
4350,188,3,3,48,19,-2.53,0.05,0,0,316
4351,400,1,1,47,20,-9.7,0.05,0,1,316
4352,135,1,1,58,18,3.85,0.05,1,0,316
4353,400,3,3,45,27,-12.35,0.05,0,1,316
4354,20,0,0,9,3,-4.1,0.05,1,0,316
4355,231,2,2,48,24,1.99,0.05,1,0,316
4356,400,1,1,38,18,-10.4,0.05,0,1,316
4357,66,1,1,29,9,-1.41,0.05,1,0,316
4358,138,1,1,39,16,1.17,0.05,1,0,316
4359,200,1,1,37,18,-8.5,0.05,0,0,316
4360,238,2,2,45,25,1.57,0.05,0,0,316
4361,400,4,4,46,20,-3.75,0.05,0,1,316
4362,69,0,0,21,8,-3.24,0.05,1,0,316
4363,105,3,3,33,10,9.95,0.05,1,0,316
4364,91,2,2,29,11,-2.51,0.05,0,0,316
4365,160,2,2,31,17,-8.6,0.05,1,0,316
4366,23,0,0,9,3,-5.18,0.05,1,0,316
4367,226,1,1,46,19,-1.81,0.05,1,0,316
4368,81,2,2,33,11,1.54,0.05,1,0,316
4369,83,0,0,26,10,-1.28,0.05,1,0,316
4370,268,1,1,38,19,-6.63,0.05,1,0,316
4371,126,2,2,28,11,-3.06,0.05,1,0,316
4372,109,2,2,25,8,1.71,0.05,1,0,316
4373,400,2,2,47,22,-20.35,0.05,0,1,316
4374,91,1,1,22,10,-5.46,0.05,1,0,316
4375,13,0,0,7,2,-5.03,0.05,1,0,316
4376,77,1,1,32,10,3.13,0.05,1,0,316
4377,86,2,2,35,11,1.59,0.05,1,0,316
4378,5,0,0,3,1,-4.6,0.05,1,0,316
4379,36,1,1,14,5,-2.66,0.05,1,0,316
4380,66,2,2,26,8,-0.56,0.05,0,0,316
4381,34,1,1,10,4,-3.59,0.05,0,0,316
4382,88,0,0,43,12,-0.38,0.05,1,0,316
4383,400,10,5,35,19,-3.1,0.05,0,1,316
4384,192,3,3,50,21,4.98,0.05,1,0,316
4385,188,2,2,39,18,-2.63,0.05,0,0,316
4386,78,3,3,38,11,1.97,0.05,0,0,316
4387,98,2,2,40,12,1.07,0.05,1,0,316
4388,400,1,1,53,21,-15.55,0.05,0,1,316
4389,205,0,0,38,20,-11.45,0.05,0,0,316
4390,80,2,2,27,10,5.65,0.05,1,0,316
4391,100,0,0,38,12,1.1,0.05,1,0,316
4392,366,5,5,58,31,-2.86,0.05,0,0,316
4393,74,0,0,30,9,-3.64,0.05,1,0,316
4394,173,1,1,37,20,-2.78,0.05,1,0,316
4395,130,3,3,29,15,-1.35,0.05,0,0,316
4396,120,3,3,37,13,3.7,0.05,1,0,316
4397,57,1,1,27,8,-1.22,0.05,1,0,316
4398,56,2,2,26,8,0.24,0.05,0,0,316
4399,80,1,1,31,11,1.25,0.05,1,0,316
4400,123,3,3,29,14,-3.18,0.05,1,0,316
4401,61,0,0,22,8,-0.96,0.05,1,0,316
4402,398,2,2,56,28,-11.03,0.05,1,0,316
4403,85,0,0,22,12,-5.45,0.05,1,0,316
4404,64,1,1,25,8,1.01,0.05,1,0,316
4405,192,3,3,49,19,-0.57,0.05,0,0,316
4406,196,1,1,34,21,-6.01,0.05,1,0,316
4407,20,0,0,8,3,-5.05,0.05,1,0,316
4408,44,1,1,22,6,-0.39,0.05,1,0,316
4409,22,0,0,13,3,-1.82,0.05,1,0,316
4410,136,3,3,38,14,2.54,0.05,1,0,316
4411,124,1,1,33,14,-3.99,0.05,1,0,316
4412,194,1,1,41,21,-2.79,0.05,1,0,316
4413,5,0,0,4,1,-4.0,0.05,1,0,316
4414,42,0,0,17,6,-5.17,0.05,1,0,316
4415,110,1,1,28,12,-2.5,0.05,1,0,316
4416,20,0,0,6,3,-5.55,0.05,1,0,316
4417,106,1,1,32,12,-1.56,0.05,0,0,316
4418,70,1,1,25,9,0.95,0.05,1,0,316
4419,116,1,1,37,12,0.24,0.05,1,0,316
4420,88,1,1,30,11,-3.08,0.05,1,0,316
4421,122,2,2,34,15,0.88,0.05,0,0,316
4422,74,2,2,27,9,1.91,0.05,1,0,316
4423,175,0,0,34,16,-3.15,0.05,0,0,316
4424,400,0,0,36,18,-16.6,0.05,0,1,316
4425,22,1,1,10,3,-2.22,0.05,1,0,316
4426,400,3,3,50,21,-3.85,0.05,0,1,316
4427,116,2,2,33,13,-3.66,0.05,1,0,318
4428,37,0,0,13,5,-6.22,0.05,1,0,318
4429,54,0,0,18,7,-5.14,0.05,1,0,318
4430,41,0,0,20,6,-3.71,0.05,1,0,318
4431,400,1,1,30,22,-17.9,0.05,0,1,318
4432,175,1,1,35,19,-4.35,0.05,0,0,318
4433,132,1,1,34,14,-0.37,0.05,0,0,318
4434,63,0,0,20,9,-5.13,0.05,0,0,318
4435,30,0,0,10,4,-4.1,0.05,1,0,318
4436,39,1,1,14,5,-1.99,0.05,1,0,318
4437,173,2,2,25,14,-5.88,0.05,1,0,318
4438,209,1,1,34,20,-4.74,0.05,1,0,318
4439,61,2,2,24,8,-2.11,0.05,1,0,318
4440,65,1,1,25,9,-1.45,0.05,1,0,318
4441,44,1,1,18,6,-1.64,0.05,1,0,318
4442,47,1,1,17,6,-2.27,0.05,1,0,318
4443,195,0,0,37,17,-4.1,0.05,0,0,319
4444,65,0,0,20,8,-2.85,0.05,0,0,319
4445,119,1,1,39,14,1.06,0.05,0,0,319
4446,44,2,2,25,6,1.81,0.05,1,0,319
4447,67,2,2,23,8,-2.57,0.05,1,0,319
4448,291,2,2,24,26,-26.96,0.05,1,0,319
4449,137,2,2,38,16,0.53,0.05,1,0,319
4450,400,3,3,40,23,-6.95,0.05,0,1,319
4451,118,1,1,31,14,-2.68,0.05,1,0,319
4452,134,1,1,34,14,-2.69,0.05,0,0,319
4453,191,3,3,37,20,-3.76,0.05,0,0,319
4454,82,1,1,28,10,-1.37,0.05,1,0,319
4455,80,1,1,25,8,-3.25,0.05,0,0,319
4456,388,2,2,35,22,-16.48,0.05,1,0,319
4457,202,1,1,23,16,-8.92,0.05,0,0,319
4458,400,1,1,41,24,-11.5,0.05,0,1,319
4459,400,0,0,41,20,-8.45,0.05,0,1,319
4460,83,2,2,21,8,-4.88,0.05,0,0,319
4461,111,1,1,34,13,-3.86,0.05,1,0,319
4462,52,1,1,22,7,-1.72,0.05,1,0,319
4463,299,2,2,43,22,-7.04,0.05,1,0,319
4464,126,2,2,40,15,-1.36,0.05,1,0,319
4465,400,2,2,48,21,-4.95,0.05,0,1,319
4466,156,1,1,48,18,3.24,0.05,1,0,319
4467,160,4,4,38,18,1.2,0.05,0,0,319
4468,181,2,2,27,16,-8.46,0.05,0,0,319
4469,203,2,2,35,17,-1.98,0.05,0,0,319
4470,46,1,1,18,6,-1.91,0.05,1,0,319
4471,77,1,1,37,10,-0.17,0.05,1,0,319
4472,400,2,2,37,28,-9.85,0.05,0,1,319
4473,70,1,1,23,9,-3.3,0.05,1,0,319
4474,148,0,0,39,15,0.22,0.05,0,0,319
4475,20,0,0,9,3,-4.75,0.05,1,0,319
4476,110,2,2,42,13,1.4,0.05,1,0,319
4477,101,1,1,29,12,-3.76,0.05,1,0,319
4478,400,2,2,41,18,-6.9,0.05,0,1,319
4479,157,0,0,39,17,-3.07,0.05,1,0,319
4480,70,1,1,30,9,-3.9,0.05,0,0,319
4481,60,0,0,25,7,-1.45,0.05,1,0,319
4482,45,0,0,14,6,-6.7,0.05,1,0,319
4483,104,2,2,34,13,1.51,0.05,0,0,319
4484,68,3,3,23,9,-0.03,0.05,0,0,319
4485,179,0,0,47,21,2.41,0.05,0,0,319
4486,241,1,1,48,21,-1.66,0.05,1,0,319
4487,107,3,3,36,13,-0.92,0.05,0,0,319
4488,79,2,2,28,10,0.26,0.05,1,0,319
4489,211,3,3,43,20,-1.21,0.05,0,0,319
4490,58,4,4,19,7,3.07,0.05,1,0,319
4491,6,0,0,3,1,-5.11,0.05,1,0,319
4492,112,0,0,35,13,0.48,0.05,1,0,319
4493,38,0,0,13,5,-5.63,0.05,1,0,319
4494,35,0,0,15,5,-3.55,0.05,1,0,319
4495,70,3,3,21,9,-2.2,0.05,1,0,319
4496,232,3,3,48,24,-1.52,0.05,0,0,319
4497,289,2,2,36,17,-12.24,0.05,0,0,319
4498,327,8,3,48,26,0.28,0.05,1,0,319
4499,84,2,2,31,11,1.01,0.05,1,0,319
4500,104,1,1,28,12,-2.99,0.05,1,0,319
4501,180,2,2,34,16,-3.25,0.05,0,0,319
4502,316,1,1,37,25,-15.16,0.05,1,0,319
4503,136,0,0,12,7,-5.86,0.05,1,0,319
4504,20,0,0,6,3,-4.55,0.05,1,0,319
4505,65,0,0,30,9,-1.25,0.05,1,0,319
4506,194,1,1,40,17,-0.59,0.05,0,0,319
4507,123,1,1,24,12,-4.43,0.05,1,0,319
4508,28,0,0,11,4,-4.73,0.05,1,0,319
4509,128,0,0,36,14,-1.03,0.05,1,0,320
4510,13,0,0,7,2,-4.43,0.05,1,0,320
4511,68,2,2,31,9,0.12,0.05,1,0,320
4512,77,0,0,22,8,-6.07,0.05,1,0,320
4513,109,1,1,32,14,-2.59,0.05,0,0,320
4514,121,7,2,39,14,7.49,0.05,1,0,320
4515,66,0,0,28,9,0.24,0.05,1,0,320
4516,197,1,1,45,19,-2.67,0.05,0,0,320
4517,99,0,0,28,11,-4.19,0.05,1,0,320
4518,210,3,3,38,21,1.6,0.05,1,0,320
4519,73,1,1,36,9,0.32,0.05,0,0,321
4520,225,0,0,38,19,-8.9,0.05,1,0,321
4521,14,0,0,8,2,-3.89,0.05,1,0,321
4522,13,0,0,7,2,-4.63,0.05,1,0,321
4523,400,2,2,39,17,-10.85,0.05,0,1,321
4524,400,3,3,42,20,-11.45,0.05,0,1,321
4525,14,0,0,6,2,-4.54,0.05,1,0,321
4526,184,1,1,38,20,-9.09,0.05,0,0,321
4527,94,11,1,37,13,7.41,0.05,0,0,321
4528,106,1,1,41,14,2.14,0.05,1,0,321
4529,63,0,0,25,8,-1.58,0.05,0,0,321
4530,84,2,2,32,10,-0.04,0.05,0,0,321
4531,179,2,2,44,18,-0.89,0.05,1,0,321
4532,299,6,1,48,32,-13.39,0.05,1,0,321
4533,50,0,0,16,7,-5.95,0.05,1,0,321
4534,197,4,4,56,20,3.58,0.05,0,0,321
4535,8,0,0,5,1,-3.63,0.05,1,0,321
4536,235,2,2,37,27,-13.7,0.05,1,0,321
4537,198,1,1,44,22,-5.73,0.05,1,0,321
4538,7,0,0,1,1,-4.87,0.05,1,0,321
4539,84,0,0,32,11,-0.34,0.05,1,0,321
4540,75,0,0,30,10,-1.3,0.05,1,0,321
4541,20,0,0,10,3,-3.9,0.05,1,0,321
4542,64,2,2,28,8,0.51,0.05,0,0,321
4543,168,6,1,39,17,1.92,0.05,1,0,321
4544,30,1,1,16,4,-1.1,0.05,1,0,321
4545,180,1,1,46,16,-0.7,0.05,0,0,321
4546,303,3,3,33,14,-5.38,0.05,1,0,321
4547,160,2,2,46,18,2.5,0.05,1,0,321
4548,30,0,0,15,4,-2.4,0.05,1,0,321
4549,170,2,2,36,18,-3.9,0.05,0,0,321
4550,112,0,0,30,14,-2.27,0.05,1,0,321
4551,400,3,3,36,31,-22.2,0.05,0,1,321
4552,400,0,0,36,17,-13.45,0.05,0,1,321
4553,63,1,1,21,7,-4.43,0.05,0,0,321
4554,189,1,1,43,21,-0.84,0.05,1,0,321
4555,169,2,2,37,16,-1.19,0.05,0,0,321
4556,22,1,1,9,3,-3.02,0.05,1,0,321
4557,183,2,2,43,24,-7.93,0.05,0,0,321
4558,20,0,0,9,3,-4.2,0.05,1,0,321
4559,110,3,3,37,13,1.5,0.05,1,0,321
4560,208,3,3,44,23,-3.13,0.05,1,0,321
4561,51,0,0,19,7,-2.66,0.05,1,0,321
4562,58,7,2,22,7,3.92,0.05,0,0,321
4563,36,0,0,14,5,-2.96,0.05,1,0,321
4564,6,0,0,3,1,-4.21,0.05,1,0,321
4565,125,1,2,44,13,2.1,0.05,0,0,321
4566,400,3,3,39,26,-13.35,0.05,0,1,321
4567,114,1,1,36,13,0.61,0.05,1,0,321
4568,35,1,1,14,5,-2.5,0.05,1,0,321
4569,137,1,1,29,13,-3.47,0.05,0,0,321
4570,400,1,1,41,24,-13.1,0.05,0,1,321
4571,53,2,2,20,7,1.22,0.05,1,0,321
4572,400,1,1,44,21,-12.1,0.05,0,1,321
4573,400,5,5,53,28,1.2,0.05,0,1,321
4574,304,1,1,45,24,-12.89,0.05,1,0,321
4575,400,2,2,39,21,-9.5,0.05,0,1,321
4576,40,1,1,17,5,-2.65,0.05,1,0,321
4577,71,2,2,25,9,-0.61,0.05,1,0,321
4578,28,0,0,9,4,-5.13,0.05,1,0,321
4579,51,1,1,20,7,-1.36,0.05,1,0,321
4580,164,6,1,51,19,9.36,0.05,1,0,321
4581,69,3,3,29,9,2.91,0.05,1,0,321
4582,51,1,1,19,7,-0.26,0.05,1,0,321
4583,28,1,1,11,4,-3.13,0.05,1,0,321
4584,186,7,2,53,20,16.64,0.05,0,1,321
4585,400,1,1,43,26,-18.1,0.05,0,1,321
4586,76,0,0,23,9,-4.81,0.05,0,0,321
4587,107,2,2,35,12,1.33,0.05,1,0,321
4588,119,1,1,48,16,2.11,0.05,0,0,321
4589,129,3,3,52,16,5.31,0.05,1,0,321
4590,173,1,1,53,18,2.97,0.05,1,0,321
4591,65,0,0,24,9,-6.1,0.05,1,0,321
4592,87,0,0,22,10,-4.82,0.05,1,0,321
4593,113,3,3,32,13,0.82,0.05,1,0,321
4594,49,1,1,19,7,-2.14,0.05,1,0,321
4595,400,1,1,42,22,-8.65,0.05,0,1,321
4596,56,1,1,21,6,-1.21,0.05,0,0,321
4597,52,0,0,24,7,-3.32,0.05,1,0,321
4598,98,4,4,40,13,2.12,0.05,1,0,321
4599,400,5,5,50,24,-2.05,0.05,0,1,321
4600,400,2,2,29,21,-13.9,0.05,0,1,321
4601,168,4,4,36,17,-0.23,0.05,0,0,321
4602,50,1,1,20,7,-3.05,0.05,1,0,321
4603,8,0,0,2,1,-4.63,0.05,1,0,321
4604,400,0,0,31,18,-13.15,0.05,0,1,321
4605,41,1,1,16,6,-3.21,0.05,1,0,321
4606,72,2,2,23,9,-2.52,0.05,0,0,321
4607,36,1,1,10,5,-4.06,0.05,1,0,321
4608,90,2,2,34,11,2.5,0.05,1,0,321
4609,83,1,1,34,11,-3.28,0.05,0,0,321
4610,131,2,2,44,16,4.34,0.05,1,0,321
4611,78,0,0,32,11,-2.03,0.05,1,0,321
4612,147,2,2,34,15,-4.97,0.05,0,0,321
4613,119,1,1,26,13,-4.69,0.05,1,0,321
4614,56,1,1,23,8,-3.86,0.05,1,0,321
4615,59,0,0,23,8,-3.69,0.05,1,0,321
4616,78,1,1,37,10,1.82,0.05,1,0,321
4617,46,0,0,22,6,0.24,0.05,1,0,321
4618,174,1,1,47,20,-0.99,0.05,1,0,321
4619,153,3,3,28,12,0.02,0.05,1,0,321
4620,79,1,1,29,9,-0.94,0.05,1,0,321
4621,49,1,1,23,7,-2.84,0.05,1,0,321
4622,23,0,0,9,3,-4.33,0.05,1,0,321
4623,57,0,0,21,7,-2.87,0.05,1,0,321
4624,400,3,3,42,25,-3.65,0.05,0,1,321
4625,13,0,0,6,2,-3.93,0.05,1,0,321
4626,28,0,0,13,4,-4.58,0.05,1,0,321
4627,126,1,1,50,15,2.14,0.05,0,0,321
4628,209,1,1,44,23,-4.34,0.05,0,0,321
4629,76,2,2,30,10,-0.51,0.05,0,0,321
4630,182,2,2,35,18,-2.07,0.05,0,0,321
4631,79,1,1,24,10,-3.69,0.05,1,0,321
4632,202,4,4,44,22,1.73,0.05,0,0,321
4633,267,5,5,41,24,-0.12,0.05,1,0,321
4634,188,1,1,40,19,-2.63,0.05,0,0,321
4635,75,1,1,37,10,-1.45,0.05,0,0,321
4636,13,0,0,9,2,-2.93,0.05,1,0,321
4637,36,0,0,15,5,-5.11,0.05,1,0,321
4638,14,0,0,5,2,-5.74,0.05,1,0,321
4639,156,3,3,39,18,-1.26,0.05,1,0,321
4640,52,0,0,20,7,-2.87,0.05,1,0,321
4641,7,0,0,3,1,-4.17,0.05,1,0,321
4642,37,0,0,12,5,-4.62,0.05,1,0,321
4643,35,0,0,15,5,-2.75,0.05,1,0,321
4644,39,0,0,15,5,-2.39,0.05,1,0,321
4645,130,2,2,48,15,0.9,0.05,0,0,321
4646,5,0,0,2,1,-4.5,0.05,1,0,321
4647,55,0,0,18,7,-2.75,0.05,1,0,321
4648,164,1,1,43,16,2.01,0.05,1,0,321
4649,51,0,0,22,7,-2.26,0.05,1,0,321
4650,400,3,3,39,21,-8.2,0.05,0,1,321
4651,400,1,1,33,20,-14.45,0.05,0,1,321
4652,120,1,1,35,13,1.35,0.05,0,0,321
4653,36,0,0,17,5,-2.96,0.05,1,0,321
4654,62,1,1,25,8,-2.32,0.05,1,0,321
4655,74,3,3,26,10,0.16,0.05,0,0,321
4656,87,1,1,27,10,-3.87,0.05,0,0,321
4657,134,3,3,45,15,0.06,0.05,1,0,321
4658,161,2,2,45,15,2.89,0.05,0,0,321
4659,190,3,3,46,20,3.0,0.05,0,0,321
4660,91,0,0,21,11,-9.31,0.05,0,0,321
4661,84,0,0,28,10,-0.99,0.05,0,0,321
4662,116,2,2,31,12,0.69,0.05,0,0,321
4663,92,2,2,17,8,-2.27,0.05,1,0,321
4664,265,3,3,29,17,-5.45,0.05,1,0,321
4665,60,0,0,20,8,-4.65,0.05,1,0,321
4666,400,0,0,46,22,-13.45,0.05,0,1,321
4667,201,2,2,38,17,-0.66,0.05,1,0,321
4668,13,0,0,6,2,-4.38,0.05,1,0,321
4669,29,0,0,11,4,-5.14,0.05,1,0,321
4670,86,0,0,31,12,-1.71,0.05,1,0,321
4671,44,0,0,16,6,-3.39,0.05,1,0,321
4672,181,0,0,32,19,-5.46,0.05,0,0,321
4673,49,0,0,21,6,-1.49,0.05,1,0,321
4674,211,2,2,46,22,-0.86,0.05,0,0,321
4675,110,1,1,34,13,-6.35,0.05,0,0,321
4676,70,0,0,25,9,-4.0,0.05,1,0,321
4677,400,2,2,38,21,-11.25,0.05,0,1,321
4678,131,2,2,41,15,2.84,0.05,0,0,321
4679,226,3,3,30,14,-4.86,0.05,1,0,321
4680,141,1,1,34,16,-4.36,0.05,0,0,321
4681,103,1,1,36,13,1.27,0.05,1,0,321
4682,49,1,1,16,7,-2.09,0.05,1,0,321
4683,50,1,1,17,7,-4.85,0.05,1,0,321
4684,85,1,1,32,12,-1.9,0.05,0,0,321
4685,69,0,0,23,9,-3.34,0.05,1,0,321
4686,56,0,0,20,8,-6.91,0.05,1,0,321
4687,53,1,1,25,7,-0.13,0.05,1,0,321
4688,239,3,3,53,24,-4.79,0.05,0,0,321
4689,83,1,1,30,11,-0.08,0.05,0,0,321
4690,68,1,1,31,9,0.27,0.05,1,0,321
4691,21,0,0,8,3,-4.56,0.05,1,0,321
4692,132,3,3,28,12,-3.12,0.05,0,0,321
4693,149,6,1,40,17,3.26,0.05,1,0,321
4694,49,1,1,22,7,-1.59,0.05,1,0,321
4695,400,2,2,45,19,-6.75,0.05,0,1,321
4696,74,0,0,22,10,-2.74,0.05,1,0,321
4697,182,2,2,33,14,-0.42,0.05,0,0,321
4698,177,0,0,30,18,-7.37,0.05,1,0,321
4699,141,3,3,32,13,1.39,0.05,1,0,321
4700,213,1,1,39,20,-4.88,0.05,0,0,321
4701,128,2,2,35,14,-0.88,0.05,1,0,321
4702,72,2,2,28,9,2.53,0.05,1,0,321
4703,66,0,0,32,9,-0.01,0.05,1,0,321
4704,70,0,0,26,9,-0.25,0.05,1,0,321
4705,159,5,0,34,17,-0.99,0.05,0,0,321
4706,34,1,1,13,5,-2.49,0.05,1,0,321
4707,267,1,1,41,25,-6.97,0.05,1,0,321
4708,255,2,2,39,21,-5.6,0.05,1,0,321
4709,240,3,3,33,19,-4.6,0.05,0,0,321
4710,92,1,1,28,11,-2.17,0.05,1,0,321
4711,153,0,0,45,18,-0.33,0.05,1,0,321
4712,52,0,0,28,7,1.53,0.05,1,0,321
4713,27,0,0,9,4,-5.82,0.05,1,0,321
4714,61,2,2,24,8,0.89,0.05,1,0,321
4715,81,1,1,24,10,4.24,0.05,0,0,321
4716,142,1,1,45,16,1.03,0.05,1,0,321
4717,6,0,0,2,1,-4.51,0.05,1,0,321
4718,210,1,1,29,16,-10.45,0.05,0,0,321
4719,125,2,2,43,15,4.15,0.05,0,0,321
4720,43,2,2,18,6,-1.08,0.05,1,0,321
4721,205,4,4,37,18,-4.6,0.05,1,0,322
4722,140,4,4,35,15,-0.15,0.05,0,0,322
4723,118,3,3,35,14,0.37,0.05,1,0,322
4724,109,0,0,39,13,0.06,0.05,1,0,322
4725,114,1,1,35,13,-1.94,0.05,1,0,322
4726,400,5,5,34,24,-9.05,0.05,0,1,322
4727,155,2,2,35,15,-3.2,0.05,1,0,322
4728,6,0,0,1,1,-4.91,0.05,1,0,322
4729,117,1,1,32,12,-3.37,0.05,1,0,322
4730,70,1,1,34,10,-1.7,0.05,1,0,322
4731,83,2,3,33,11,2.27,0.05,0,0,322
4732,5,0,0,2,1,-4.5,0.05,1,0,322
4733,105,1,1,36,13,-0.75,0.05,1,0,322
4734,54,3,3,20,7,-0.94,0.05,1,0,322
4735,64,1,1,24,7,-0.94,0.05,0,0,322
4736,91,2,2,22,10,-2.51,0.05,1,0,322
4737,7,0,0,4,1,-3.77,0.05,1,0,322
4738,96,1,1,43,13,2.94,0.05,1,0,322
4739,133,2,2,36,15,1.27,0.05,1,0,322
4740,182,1,1,41,19,0.58,0.05,1,0,322
4741,50,0,0,17,6,-3.5,0.05,1,0,322
4742,219,6,1,41,21,-2.74,0.05,1,0,322
4743,70,1,1,26,9,-0.6,0.05,1,0,322
4744,70,1,1,25,9,-1.3,0.05,1,0,322
4745,20,0,0,7,3,-5.35,0.05,1,0,322
4746,28,1,1,10,4,-2.98,0.05,1,0,322
4747,22,0,0,7,3,-3.72,0.05,1,0,322
4748,24,0,0,7,3,-4.44,0.05,1,0,322
4749,29,0,0,6,2,-5.24,0.05,1,0,322
4750,218,5,5,46,21,6.12,0.05,1,0,322
4751,39,1,1,15,5,-3.69,0.05,1,0,322
4752,400,4,4,55,34,-7.3,0.05,0,1,322
4753,156,4,4,36,15,3.39,0.05,1,0,322
4754,308,3,3,34,20,-9.23,0.05,1,0,322
4755,128,4,4,38,14,3.72,0.05,1,0,322
4756,169,1,1,36,19,-3.04,0.05,1,0,322
4757,7,0,0,2,1,-5.02,0.05,1,0,322
4758,16,0,0,6,2,-5.41,0.05,1,0,322
4759,400,0,0,36,23,-10.75,0.05,0,1,322
4760,61,0,0,29,8,-1.91,0.05,1,0,322
4761,211,2,2,54,22,1.24,0.05,1,0,322
4762,37,0,0,12,5,-5.12,0.05,1,0,322
4763,400,4,4,43,21,-4.6,0.05,0,1,322
4764,225,3,3,49,24,-1.8,0.05,1,0,322
4765,172,3,3,42,19,0.68,0.05,1,0,322
4766,42,0,0,16,6,-3.07,0.05,1,0,322
4767,123,2,2,35,14,-0.33,0.05,0,0,322
4768,88,1,1,22,10,-3.28,0.05,1,0,322
4769,138,6,1,45,18,4.22,0.05,1,0,322
4770,20,0,0,9,3,-5.1,0.05,1,0,322
4771,59,0,0,27,8,-3.04,0.05,1,0,322
4772,22,0,0,8,3,-4.42,0.05,1,0,322
4773,27,0,0,12,4,-2.97,0.05,1,0,322
4774,71,1,1,27,10,-3.36,0.05,1,0,322
4775,14,0,0,8,2,-3.84,0.05,1,0,322
4776,216,3,3,51,23,0.99,0.05,1,0,322
4777,21,0,0,9,3,-3.31,0.05,1,0,322
4778,400,0,0,36,19,-12.9,0.05,0,1,322
4779,323,4,4,48,29,-6.38,0.05,1,0,322
4780,103,1,1,27,12,-4.58,0.05,1,0,322
4781,13,0,0,5,2,-4.68,0.05,1,0,322
4782,191,2,2,43,19,-2.06,0.05,1,0,322
4783,121,1,1,35,14,-2.16,0.05,0,0,322
4784,72,1,1,37,10,-0.07,0.05,1,0,322
4785,366,4,4,38,28,-8.41,0.05,0,0,323
4786,27,0,0,10,4,-4.57,0.05,1,0,323
4787,129,2,2,25,10,-0.74,0.05,1,0,323
4788,102,1,1,34,13,-3.62,0.05,0,0,323
4789,67,0,0,17,6,-4.02,0.05,1,0,323
4790,7,0,0,2,1,-4.57,0.05,1,0,323
4791,73,0,0,21,9,-4.53,0.05,1,0,323
4792,118,3,3,40,13,4.22,0.05,1,0,323
4793,164,2,2,35,16,0.91,0.05,1,0,323
4794,96,1,1,30,12,-4.06,0.05,0,0,323
4795,400,2,2,43,21,-11.75,0.05,0,1,323
4796,120,2,2,36,14,-1.15,0.05,1,0,323
4797,39,0,0,14,5,-4.44,0.05,1,0,323
4798,124,2,2,38,13,1.91,0.05,0,0,323
4799,185,2,2,44,19,3.4,0.05,1,0,323
4800,88,0,0,30,9,-3.98,0.05,1,0,323
4801,20,1,1,9,3,-5.5,0.05,1,0,323
4802,169,3,3,42,18,1.21,0.05,0,0,323
4803,60,1,1,22,7,-2.4,0.05,1,0,323
4804,51,2,2,24,7,1.14,0.05,1,0,323
4805,77,0,0,30,9,0.73,0.05,1,0,323
4806,82,1,1,26,11,-1.47,0.05,1,0,323
4807,131,1,1,33,14,-2.51,0.05,1,0,323
4808,101,2,2,28,11,-3.21,0.05,0,0,323
4809,218,1,1,42,23,-5.43,0.05,1,0,323
4810,58,2,2,20,8,-2.38,0.05,1,0,323
4811,212,4,4,34,20,-2.32,0.05,1,0,323
4812,120,7,2,37,14,7.5,0.05,0,0,323
4813,42,0,0,19,5,-2.12,0.05,1,0,323
4814,87,1,1,29,9,0.23,0.05,0,0,323
4815,88,1,1,36,12,-2.18,0.05,0,0,323
4816,20,1,1,10,3,-4.25,0.05,1,0,323
4817,28,0,0,13,4,-3.58,0.05,1,0,323
4818,54,1,1,17,7,-3.14,0.05,1,0,323
4819,272,1,1,48,27,-11.07,0.05,1,0,323
4820,63,0,0,40,9,0.52,0.05,1,0,323
4821,39,0,0,17,5,-2.84,0.05,1,0,323
4822,135,6,1,43,16,7.95,0.05,1,0,323
4823,53,0,0,22,7,-2.78,0.05,1,0,323
4824,181,3,3,37,17,1.14,0.05,1,0,323
4825,20,0,0,7,3,-4.75,0.05,1,0,323
4826,175,1,1,47,20,-0.65,0.05,1,0,323
4827,28,0,0,10,4,-5.03,0.05,1,0,323
4828,28,0,0,10,4,-4.93,0.05,1,0,323
4829,30,0,0,13,4,-3.1,0.05,1,0,323
4830,8,0,0,1,1,-4.83,0.05,1,0,323
4831,27,0,0,12,4,-4.92,0.05,1,0,323
4832,143,2,2,35,16,-1.68,0.05,0,0,323
4833,32,0,0,10,4,-5.12,0.05,1,0,323
4834,25,0,0,7,3,-5.15,0.05,1,0,323
4835,61,0,0,18,8,-4.06,0.05,1,0,323
4836,82,6,1,28,9,3.23,0.05,0,0,323
4837,96,2,2,32,11,-0.36,0.05,1,0,323
4838,7,0,0,2,1,-4.57,0.05,1,0,323
4839,177,2,2,39,18,0.43,0.05,0,0,323
4840,244,1,1,42,23,-4.09,0.05,1,0,323
4841,6,0,0,2,1,-4.51,0.05,1,0,323
4842,62,2,2,19,8,-2.07,0.05,1,0,323
4843,36,0,0,15,5,-3.61,0.05,1,0,323
4844,262,9,4,52,28,5.63,0.05,1,0,323
4845,7,0,0,2,1,-4.92,0.05,1,0,323
4846,37,0,0,16,5,-2.77,0.05,1,0,323
4847,113,1,1,47,15,1.32,0.05,1,0,323
4848,133,2,2,40,15,2.12,0.05,1,0,323
4849,97,4,4,27,10,1.38,0.05,1,0,323
4850,120,0,0,42,14,-3.85,0.05,0,0,323
4851,63,2,2,22,8,0.17,0.05,1,0,323
4852,56,0,0,24,7,-0.71,0.05,1,0,323
4853,216,3,3,33,22,-3.06,0.05,1,0,323
4854,49,0,0,15,6,-5.94,0.05,0,0,323
4855,162,0,0,32,16,-5.02,0.05,0,0,323
4856,7,0,0,3,1,-4.27,0.05,1,0,323
4857,28,0,0,10,4,-4.08,0.05,1,0,323
4858,349,0,0,34,24,-15.19,0.05,1,0,323
4859,45,0,0,14,6,-4.7,0.05,1,0,323
4860,85,2,2,35,11,1.75,0.05,1,0,323
4861,129,1,1,33,14,-0.59,0.05,1,0,323
4862,46,0,0,20,6,-2.31,0.05,1,0,323
4863,69,1,1,21,9,-1.14,0.05,1,0,323
4864,101,2,2,41,12,3.94,0.05,1,0,323
4865,34,0,0,13,5,-6.74,0.05,1,0,323
4866,162,1,1,30,15,-4.47,0.05,0,0,323
4867,54,1,1,23,7,0.21,0.05,1,0,323
4868,196,3,3,37,21,0.64,0.05,0,0,323
4869,28,0,0,15,4,-2.53,0.05,1,0,323
4870,190,1,1,26,15,-4.0,0.05,1,0,323
4871,89,1,1,26,9,-1.54,0.05,0,0,323
4872,39,1,1,16,5,-2.74,0.05,1,0,323
4873,184,2,2,42,20,0.01,0.05,0,0,323
4874,71,0,0,26,9,-3.01,0.05,1,0,323
4875,51,1,1,24,7,-0.01,0.05,1,0,323
4876,53,3,3,24,7,2.47,0.05,1,0,323
4877,87,2,2,25,10,0.83,0.05,1,0,323
4878,400,7,2,31,19,-5.55,0.05,0,1,323
4879,400,1,1,38,16,-12.65,0.05,0,1,323
4880,93,1,1,31,12,-3.73,0.05,1,0,323
4881,20,0,0,9,3,-3.65,0.05,1,0,323
4882,67,2,2,24,9,-2.37,0.05,1,0,323
4883,91,1,1,25,12,-3.11,0.05,1,0,323
4884,400,1,1,40,22,-11.2,0.05,0,1,323
4885,48,2,2,16,6,-2.73,0.05,0,0,323
4886,42,1,1,20,6,-2.32,0.05,1,0,323
4887,16,0,0,7,2,-3.96,0.05,1,0,323
4888,85,0,0,26,10,-3.3,0.05,0,0,323
4889,400,3,3,39,20,-7.8,0.05,0,1,323
4890,57,0,0,29,8,-2.32,0.05,1,0,323
4891,13,0,0,5,2,-4.78,0.05,1,0,323
4892,120,8,3,45,14,7.9,0.05,0,0,323
4893,130,0,0,36,16,-2.8,0.05,1,0,323
4894,35,1,1,16,4,-0.05,0.05,0,0,323
4895,112,8,3,37,12,4.53,0.05,1,0,323
4896,109,0,0,40,15,-2.39,0.05,0,0,323
4897,159,2,2,33,16,-1.89,0.05,0,0,324
4898,49,0,0,22,7,-1.79,0.05,1,0,324
4899,160,1,1,45,17,0.15,0.05,0,0,324
4900,43,1,1,20,6,-0.13,0.05,1,0,324
4901,38,1,1,14,5,-2.33,0.05,1,0,324
4902,400,3,3,39,22,-5.95,0.05,0,1,324
4903,64,2,2,28,8,2.66,0.05,1,0,324
4904,101,2,2,29,12,0.44,0.05,0,0,324
4905,59,2,2,21,8,-1.44,0.05,1,0,324
4906,14,0,0,3,2,-5.89,0.05,1,0,324
4907,185,5,0,28,14,-4.1,0.05,1,0,324
4908,161,0,0,45,14,-2.31,0.05,0,0,324
4909,68,0,0,23,9,-4.53,0.05,1,0,324
4910,218,1,1,40,21,-2.93,0.05,1,0,324
4911,166,1,1,34,17,-6.96,0.05,0,0,324
4912,28,0,0,11,4,-5.73,0.05,1,0,325
4913,50,0,0,15,6,-5.4,0.05,1,0,325
4914,54,0,0,22,7,-1.69,0.05,1,0,325
4915,88,2,2,25,10,-1.68,0.05,1,0,325
4916,5,0,0,3,1,-4.1,0.05,1,0,325
4917,400,0,0,42,21,-14.2,0.05,0,1,325
4918,20,0,0,8,3,-4.65,0.05,1,0,325
4919,96,0,0,15,5,-6.16,0.05,1,0,325
4920,45,1,1,18,6,-5.5,0.05,1,0,325
4921,123,1,1,37,12,-1.48,0.05,1,0,325
4922,51,1,1,15,6,-3.96,0.05,0,0,325
4923,120,1,1,38,13,0.75,0.05,1,0,325
4924,205,1,1,58,21,2.75,0.05,1,0,325
4925,55,0,0,17,8,-8.25,0.05,1,0,325
4926,184,2,2,45,20,3.66,0.05,0,0,325
4927,100,1,1,42,12,3.9,0.05,1,0,325
4928,69,1,1,28,9,0.41,0.05,1,0,325
4929,21,0,0,9,3,-4.86,0.05,1,0,325
4930,216,0,0,27,17,-4.51,0.05,0,0,325
4931,91,1,1,40,12,0.39,0.05,1,0,325
4932,189,1,1,46,23,-3.64,0.05,1,0,325
4933,400,3,3,41,21,-8.3,0.05,0,1,325
4934,66,0,0,25,8,-2.16,0.05,1,0,325
4935,77,0,0,30,9,0.88,0.05,1,0,325
4936,277,8,3,46,25,1.98,0.05,1,0,325
4937,180,0,0,45,21,-3.15,0.05,0,0,325
4938,158,1,1,45,19,-3.13,0.05,1,0,325
4939,43,0,0,16,6,-2.93,0.05,1,0,325
4940,38,1,1,13,5,-1.73,0.05,1,0,325
4941,8,0,0,4,1,-3.83,0.05,1,0,325
4942,36,0,0,15,5,-3.51,0.05,1,0,325
4943,116,3,3,41,15,2.64,0.05,1,0,325
4944,88,1,1,23,10,-2.83,0.05,1,0,325
4945,53,1,1,21,7,4.42,0.05,1,0,325
4946,56,1,1,24,7,-1.66,0.05,0,0,325
4947,188,1,1,47,21,2.07,0.05,1,0,325
4948,215,2,2,55,23,0.8,0.05,1,0,325
4949,63,0,0,24,8,-0.78,0.05,1,0,325
4950,98,2,2,36,12,-0.03,0.05,1,0,325
4951,136,2,2,29,14,-1.41,0.05,1,0,325
4952,21,0,0,11,3,-2.46,0.05,1,0,325
4953,45,2,2,18,6,-3.3,0.05,1,0,325
4954,166,3,3,43,18,4.19,0.05,1,0,325
4955,107,2,2,28,11,-4.32,0.05,0,0,325
4956,230,0,0,34,18,-4.25,0.05,0,0,325
4957,8,0,0,6,1,-3.33,0.05,1,0,325
4958,268,2,2,46,24,-5.58,0.05,1,0,325
4959,400,4,4,36,16,-9.65,0.05,0,1,325
4960,80,1,1,29,10,-1.3,0.05,1,0,325
4961,22,0,0,13,3,-2.97,0.05,1,0,325
4962,27,0,0,11,4,-4.72,0.05,1,0,325
4963,400,0,0,34,19,-9.3,0.05,0,1,325
4964,85,2,2,29,10,0.9,0.05,1,0,325
4965,88,0,0,33,12,0.42,0.05,0,0,325
4966,94,2,2,35,11,0.66,0.05,1,0,325
4967,7,0,0,2,1,-4.47,0.05,1,0,325
4968,107,1,1,36,14,-0.72,0.05,1,0,325
4969,145,1,1,37,16,0.9,0.05,1,0,325
4970,5,0,0,3,1,-4.3,0.05,1,0,325
4971,164,2,2,36,18,-0.24,0.05,1,0,325
4972,150,1,1,40,17,0.95,0.05,1,0,325
4973,69,2,2,21,9,-0.59,0.05,0,0,325
4974,227,2,2,45,19,-0.22,0.05,0,0,325
4975,85,1,1,20,8,-5.15,0.05,1,0,325
4976,400,2,2,54,27,-5.8,0.05,0,1,325
4977,57,0,0,22,8,-1.57,0.05,1,0,325
4978,162,4,4,41,17,1.43,0.05,1,0,325
4979,260,7,2,55,21,3.35,0.05,1,0,325
4980,20,1,1,10,3,-3.7,0.05,1,0,325
4981,399,1,1,44,30,-11.84,0.05,1,0,325
4982,46,2,2,20,6,0.64,0.05,1,0,325
4983,85,3,3,25,9,-0.6,0.05,1,0,325
4984,125,3,3,37,14,2.85,0.05,1,0,325
4985,21,0,0,9,3,-5.61,0.05,1,0,325
4986,60,0,0,29,8,-0.65,0.05,1,0,325
4987,173,2,2,43,19,-0.18,0.05,1,0,325
4988,76,1,1,34,10,3.14,0.05,1,0,325
4989,301,0,0,46,30,-6.21,0.05,0,0,325
4990,152,0,0,37,14,-1.87,0.05,1,0,325
4991,119,2,2,30,13,-1.99,0.05,0,0,325
4992,256,2,2,52,23,-3.46,0.05,1,0,325
4993,182,4,4,30,18,-5.37,0.05,0,0,325
4994,81,3,3,33,9,4.24,0.05,0,0,325
4995,136,1,1,39,15,-3.16,0.05,1,0,325
4996,145,4,4,47,16,3.25,0.05,1,0,325
4997,112,0,0,30,11,-5.17,0.05,0,0,325
4998,27,1,1,11,4,-3.17,0.05,1,0,325
4999,56,0,0,27,8,-3.06,0.05,1,0,325
5000,34,0,0,15,5,-2.69,0.05,1,0,325
5001,128,2,2,42,15,0.47,0.05,0,0,325
5002,36,1,1,19,5,0.19,0.05,1,0,325
5003,72,1,1,25,9,-1.97,0.05,1,0,325
5004,113,1,1,27,11,-4.78,0.05,0,0,325
5005,400,1,1,43,18,-10.3,0.05,0,1,325
5006,307,3,3,50,22,-3.07,0.05,0,0,325
5007,400,1,1,48,21,-5.5,0.05,0,1,325
5008,196,8,3,45,20,5.59,0.05,0,0,325
5009,35,1,1,14,5,-1.6,0.05,1,0,325
5010,65,1,1,30,9,-1.0,0.05,1,0,325
5011,50,2,2,20,7,-0.1,0.05,1,0,325
5012,386,3,3,44,28,-15.11,0.05,0,0,325
5013,37,0,0,17,5,-1.57,0.05,1,0,325
5014,62,1,1,24,8,-0.87,0.05,1,0,325
5015,95,1,1,28,12,-1.65,0.05,1,0,325
5016,36,1,1,15,5,-2.16,0.05,1,0,325
5017,164,4,4,34,18,1.41,0.05,1,0,325
5018,81,1,1,28,10,-3.86,0.05,1,0,325
5019,400,0,0,47,22,-12.8,0.05,0,1,325
5020,68,2,2,25,8,0.72,0.05,1,0,325
5021,127,0,0,37,15,-3.62,0.05,1,0,325
5022,84,2,2,26,11,-0.39,0.05,0,0,325
5023,59,1,1,21,8,-2.24,0.05,1,0,325
5024,302,2,2,35,23,-12.62,0.05,1,0,325
5025,161,0,0,36,16,-1.96,0.05,1,0,325
5026,57,1,1,20,7,-2.87,0.05,0,0,325
5027,20,1,1,8,3,-4.9,0.05,1,0,325
5028,59,0,0,23,8,-1.09,0.05,1,0,325
5029,381,1,1,37,19,-17.31,0.05,1,0,325
5030,42,0,0,22,6,-1.27,0.05,1,0,325
5031,87,1,1,27,11,-1.67,0.05,1,0,325
5032,165,2,2,46,18,3.25,0.05,1,0,325
5033,14,0,0,10,2,-3.14,0.05,1,0,325
5034,36,0,0,18,5,-2.21,0.05,1,0,325
5035,100,1,1,33,12,-2.2,0.05,0,0,325
5036,61,0,0,23,8,-3.06,0.05,1,0,325
5037,64,1,1,26,9,-2.64,0.05,1,0,325
5038,253,1,1,48,23,-5.03,0.05,1,0,325
5039,30,1,1,15,4,-2.9,0.05,1,0,325
5040,46,1,1,14,6,-3.61,0.05,1,0,325
5041,33,0,0,13,4,-3.38,0.05,1,0,325
5042,129,2,2,36,14,3.21,0.05,1,0,325
5043,82,0,0,36,10,1.53,0.05,1,0,325
5044,174,1,1,50,20,3.51,0.05,1,0,325
5045,43,0,0,13,5,-4.98,0.05,1,0,325
5046,38,1,1,21,5,-0.58,0.05,1,0,325
5047,94,0,0,35,13,-2.39,0.05,1,0,325
5048,46,1,1,16,6,-2.86,0.05,1,0,325
5049,82,1,1,41,11,5.08,0.05,1,0,325
5050,400,3,3,47,22,-5.85,0.05,0,1,325
5051,364,2,2,45,22,-8.14,0.05,1,0,325
5052,27,0,0,8,4,-7.02,0.05,0,0,325
5053,47,1,1,17,6,-2.22,0.05,1,0,325
5054,15,0,0,5,2,-3.95,0.05,1,0,325
5055,205,2,2,26,19,-8.5,0.05,1,0,325
5056,215,2,2,43,21,-0.9,0.05,0,0,325
5057,41,2,2,18,6,-2.71,0.05,1,0,325
5058,400,2,2,42,24,-13.25,0.05,0,1,325
5059,197,3,3,42,19,0.83,0.05,0,0,325
5060,157,4,4,46,17,3.63,0.05,1,0,325
5061,53,1,1,25,7,0.72,0.05,1,0,325
5062,85,2,2,27,11,-2.15,0.05,1,0,325
5063,21,0,0,8,3,-4.96,0.05,1,0,325
5064,47,1,1,14,6,-2.77,0.05,1,0,325
5065,201,1,1,36,18,-6.16,0.05,1,0,325
5066,64,0,0,17,9,-5.09,0.05,1,0,325
5067,96,1,1,34,11,1.34,0.05,1,0,325
5068,64,0,0,21,8,-1.54,0.05,1,0,325
5069,400,3,3,44,25,-5.1,0.05,0,1,325
5070,35,1,1,18,5,-0.4,0.05,1,0,325
5071,71,5,0,26,9,2.99,0.05,1,0,325
5072,37,0,0,15,5,-3.22,0.05,1,0,325
5073,400,0,0,33,24,-15.75,0.05,0,1,325
5074,20,0,0,9,3,-3.65,0.05,1,0,325
5075,91,1,1,33,11,-1.61,0.05,1,0,325
5076,123,2,2,33,14,-3.83,0.05,1,0,325
5077,37,1,1,16,5,-0.82,0.05,1,0,325
5078,37,1,1,16,5,-0.32,0.05,1,0,325
5079,101,1,1,35,13,1.44,0.05,1,0,325
5080,41,0,0,17,6,-3.76,0.05,1,0,325
5081,400,2,2,44,22,-8.15,0.05,0,1,325
5082,6,0,0,0,1,-5.61,0.05,1,0,325
5083,37,0,0,16,5,-3.82,0.05,1,0,325
5084,106,5,0,24,11,1.69,0.05,0,0,325
5085,35,1,1,13,5,-3.5,0.05,1,0,325
5086,44,1,1,18,5,-0.69,0.05,1,0,325
5087,54,2,2,23,7,0.06,0.05,1,0,325
5088,128,0,0,17,11,-6.43,0.05,0,0,325
5089,109,1,1,31,13,-2.34,0.05,1,0,325
5090,160,2,2,40,17,-0.75,0.05,1,0,325
5091,69,1,1,27,9,0.11,0.05,1,0,325
5092,14,0,0,5,2,-4.29,0.05,1,0,325
5093,185,4,4,42,20,-5.2,0.05,1,0,325
5094,53,0,0,20,7,-4.08,0.05,1,0,325
5095,80,2,2,47,11,5.3,0.05,1,0,325
5096,115,1,1,28,11,-4.4,0.05,0,0,325
5097,400,2,2,29,20,-9.65,0.05,0,1,325
5098,227,4,4,47,22,-0.17,0.05,0,0,325
5099,400,3,3,32,26,-9.55,0.05,0,1,325
5100,37,1,1,14,5,-3.37,0.05,1,0,325
5101,75,1,1,42,10,2.1,0.05,1,0,325
5102,155,2,2,36,16,-4.5,0.05,1,0,325
5103,66,0,0,25,9,-2.16,0.05,0,0,325
5104,24,0,0,8,3,-5.04,0.05,1,0,325
5105,29,0,0,11,3,-3.34,0.05,1,0,325
5106,75,0,0,26,9,-3.05,0.05,1,0,325
5107,164,2,2,43,17,2.51,0.05,1,0,325
5108,49,0,0,19,6,-1.94,0.05,1,0,325
5109,73,0,0,31,8,-0.73,0.05,1,0,325
5110,161,1,1,35,14,-2.61,0.05,1,0,325
5111,14,0,0,4,2,-5.59,0.05,1,0,325
5112,31,0,0,14,4,-1.81,0.05,1,0,325
5113,73,3,3,17,6,-2.88,0.05,1,0,325
5114,5,0,0,3,1,-4.3,0.05,1,0,325
5115,52,6,1,20,7,1.78,0.05,1,0,325
5116,400,0,0,38,17,-16.45,0.05,0,1,325
5117,74,1,1,29,10,-1.64,0.05,1,0,325
5118,134,1,1,47,16,-2.04,0.05,1,0,325
5119,53,2,2,19,6,-1.03,0.05,1,0,325
5120,8,0,0,5,1,-3.63,0.05,1,0,325
5121,97,1,1,31,9,1.03,0.05,1,0,325
5122,103,1,1,35,12,2.02,0.05,1,0,325
5123,52,0,0,15,6,-5.42,0.05,1,0,325
5124,22,0,0,9,3,-3.72,0.05,1,0,325
5125,85,2,2,35,12,-0.8,0.05,1,0,325
5126,13,0,0,7,2,-3.58,0.05,1,0,325
5127,207,4,4,59,23,10.03,0.05,0,1,325
5128,151,1,1,44,16,0.59,0.05,1,0,325
5129,20,0,0,12,3,-3.6,0.05,1,0,325
5130,78,1,1,32,10,-0.68,0.05,0,0,325
5131,77,1,1,37,10,2.63,0.05,1,0,325
5132,55,0,0,24,7,-1.35,0.05,1,0,325
5133,23,0,0,9,3,-3.88,0.05,1,0,325
5134,158,1,1,31,13,-1.03,0.05,0,0,325
5135,75,1,1,26,8,-1.4,0.05,1,0,325
5136,44,0,0,16,5,-3.69,0.05,1,0,325
5137,400,3,3,42,20,-9.4,0.05,0,1,325
5138,53,0,0,21,7,-2.58,0.05,1,0,325
5139,50,1,1,18,6,-2.45,0.05,0,0,325
5140,327,3,3,40,21,-4.92,0.05,1,0,325
5141,138,2,2,31,15,-1.28,0.05,0,0,325
5142,28,0,0,13,4,-3.68,0.05,1,0,325
5143,88,2,2,38,11,0.37,0.05,1,0,325
5144,129,0,0,40,16,-1.19,0.05,1,0,325
5145,74,2,2,28,10,0.46,0.05,0,0,325
5146,82,1,1,23,8,-4.67,0.05,0,0,325
5147,72,1,1,21,8,-3.42,0.05,0,0,325
5148,110,3,3,31,13,-1.1,0.05,1,0,325
5149,59,1,1,24,8,-0.34,0.05,1,0,325
5150,125,3,3,33,15,-1.45,0.05,1,0,325
5151,147,1,1,43,17,-1.37,0.05,1,0,325
5152,77,5,0,25,10,1.83,0.05,0,0,325
5153,114,2,2,44,14,0.36,0.05,1,0,325
5154,123,1,1,33,15,-6.53,0.05,1,0,325
5155,210,4,4,47,21,2.65,0.05,0,0,325
5156,79,3,3,23,11,-2.94,0.05,1,0,325
5157,307,2,2,40,23,-9.07,0.05,1,0,325
5158,43,0,0,14,5,-4.78,0.05,1,0,325
5159,23,0,0,10,3,-3.63,0.05,1,0,325
5160,91,0,0,30,11,-6.31,0.05,1,0,325
5161,59,0,0,25,8,-0.74,0.05,1,0,325
5162,15,0,0,4,2,-5.65,0.05,1,0,325
5163,400,3,3,40,20,-10.1,0.05,0,1,325
5164,83,3,3,27,11,-2.03,0.05,1,0,325
5165,71,2,2,37,10,-0.81,0.05,1,0,325
5166,79,0,0,20,10,-4.69,0.05,0,0,325
5167,52,1,1,20,7,-1.52,0.05,1,0,325
5168,81,1,1,30,10,-2.21,0.05,1,0,325
5169,135,2,2,45,14,3.55,0.05,1,0,325
5170,400,2,2,41,27,-12.4,0.05,0,1,325
5171,93,1,1,26,10,-2.28,0.05,1,0,325
5172,79,1,1,31,10,0.41,0.05,1,0,325
5173,177,2,2,41,16,-0.87,0.05,0,0,325
5174,138,1,1,42,14,1.72,0.05,1,0,325
5175,400,8,3,34,21,-8.2,0.05,0,1,325
5176,222,0,0,36,18,-6.62,0.05,1,0,325
5177,83,1,1,35,11,0.82,0.05,1,0,325
5178,110,1,1,20,7,-6.45,0.05,1,0,325
5179,141,2,2,26,12,-0.76,0.05,0,0,325
5180,400,1,1,33,24,-12.05,0.05,0,1,325
5181,9,0,0,3,1,-4.39,0.05,1,0,325
5182,68,5,5,26,9,4.77,0.05,1,0,325
5183,27,0,0,12,4,-4.42,0.05,1,0,325
5184,84,0,0,35,11,-0.59,0.05,1,0,325
5185,24,0,0,11,3,-3.44,0.05,1,0,325
5186,45,1,1,20,6,-0.85,0.05,1,0,325
5187,20,0,0,10,3,-2.95,0.05,1,0,325
5188,234,1,1,41,20,-2.29,0.05,0,0,325
5189,104,1,1,28,13,-3.19,0.05,1,0,325
5190,119,6,1,36,14,4.76,0.05,1,0,325
5191,71,0,0,30,10,-3.26,0.05,1,0,325
5192,222,3,3,45,22,-4.97,0.05,0,0,325
5193,97,1,1,40,12,4.38,0.05,1,0,325
5194,71,0,0,28,9,-1.76,0.05,1,0,325
5195,69,2,2,22,7,-2.14,0.05,0,0,325
5196,67,0,0,23,8,-2.02,0.05,1,0,325
5197,85,2,2,37,11,3.0,0.05,1,0,325
5198,23,0,0,12,3,-2.13,0.05,1,0,325
5199,46,0,0,16,6,-5.51,0.05,1,0,325
5200,400,1,1,42,23,-14.85,0.05,0,1,325
5201,400,1,1,46,20,-11.7,0.05,0,1,325
5202,400,0,0,32,26,-17.3,0.05,0,1,325
5203,20,0,0,10,3,-4.0,0.05,1,0,325
5204,93,1,1,27,13,-3.93,0.05,1,0,325
5205,207,1,1,35,20,-8.47,0.05,1,0,325
5206,97,2,2,34,11,2.88,0.05,1,0,325
5207,299,1,1,50,22,-6.34,0.05,1,0,325
5208,104,0,0,30,12,-2.89,0.05,1,0,325
5209,105,1,1,35,13,-3.95,0.05,0,0,325
5210,6,0,0,3,1,-4.21,0.05,1,0,325
5211,198,4,4,42,20,2.92,0.05,0,0,325
5212,28,0,0,10,4,-4.33,0.05,1,0,325
5213,30,0,0,12,4,-3.85,0.05,1,0,325
5214,50,1,1,28,7,0.8,0.05,1,0,325
5215,29,0,0,10,4,-5.14,0.05,1,0,325
5216,109,1,1,43,14,1.36,0.05,1,0,325
5217,29,0,0,15,4,-3.29,0.05,1,0,325
5218,139,6,1,45,16,2.56,0.05,1,0,325
5219,15,0,0,8,2,-4.7,0.05,1,0,325
5220,176,2,2,41,17,0.19,0.05,0,0,325
5221,95,2,2,41,12,6.3,0.05,1,0,325
5222,68,0,0,19,8,-2.48,0.05,1,0,325
5223,20,0,0,7,3,-4.85,0.05,1,0,325
5224,35,0,0,11,5,-6.3,0.05,1,0,325
5225,49,0,0,18,6,-4.09,0.05,1,0,325
5226,400,2,2,40,23,-11.9,0.05,0,1,325
5227,46,0,0,17,6,-3.91,0.05,1,0,325
5228,173,5,5,35,16,-2.13,0.05,1,0,325
5229,56,1,1,17,7,-2.26,0.05,1,0,325
5230,67,2,2,31,9,1.43,0.05,1,0,325
5231,98,0,0,32,12,-0.63,0.05,1,0,325
5232,28,0,0,13,4,-3.13,0.05,1,0,325
5233,36,0,0,19,5,-0.81,0.05,1,0,325
5234,123,1,1,31,12,-4.48,0.05,0,0,325
5235,56,1,1,16,7,-5.16,0.05,1,0,325
5236,139,2,2,47,15,5.91,0.05,1,0,325
5237,67,2,2,26,9,-0.52,0.05,1,0,325
5238,400,2,2,40,17,-8.8,0.05,0,1,325
5239,93,1,1,26,10,-2.83,0.05,1,0,325
5240,60,0,0,25,8,-1.9,0.05,1,0,325
5241,22,0,0,10,3,-3.42,0.05,1,0,325
5242,27,0,0,10,4,-4.47,0.05,1,0,325
5243,83,3,3,30,11,0.37,0.05,1,0,325
5244,21,0,0,7,3,-5.21,0.05,1,0,325
5245,74,0,0,29,9,-3.19,0.05,1,0,325
5246,400,1,1,37,23,-9.5,0.05,0,1,325
5247,20,0,0,10,3,-4.3,0.05,1,0,325
5248,78,1,1,29,9,1.22,0.05,1,0,325
5249,6,0,0,2,1,-5.06,0.05,1,0,325
5250,35,0,0,11,5,-6.7,0.05,1,0,325
5251,56,0,0,25,8,-2.51,0.05,0,0,325
5252,94,2,2,27,11,-1.74,0.05,1,0,325
5253,7,0,0,2,1,-4.57,0.05,1,0,325
5254,254,0,0,47,22,-8.19,0.05,1,0,325
5255,140,2,2,32,16,0.05,0.05,0,0,325
5256,182,3,3,47,19,1.38,0.05,1,0,325
5257,348,3,3,44,40,-27.98,0.05,1,0,325
5258,56,0,0,28,8,-2.41,0.05,1,0,325
5259,209,2,2,44,18,-3.84,0.05,0,0,325
5260,400,4,4,38,49,-48.9,0.05,0,1,325
5261,13,0,0,7,2,-4.58,0.05,1,0,325
5262,74,2,2,22,8,-0.79,0.05,0,0,325
5263,100,1,1,35,12,-0.15,0.05,1,0,325
5264,68,0,0,21,9,-4.23,0.05,0,0,325
5265,181,1,1,41,20,-2.61,0.05,1,0,325
5266,109,0,0,25,10,-3.04,0.05,1,0,325
5267,260,2,2,35,28,-15.2,0.05,1,0,325
5268,41,0,0,17,5,-3.46,0.05,0,0,325
5269,70,2,2,28,8,0.5,0.05,1,0,326
5270,116,2,2,35,12,-1.06,0.05,1,0,326
5271,72,2,2,30,9,1.53,0.05,0,0,326
5272,90,0,0,28,11,-2.0,0.05,1,0,326
5273,84,1,1,28,11,-0.89,0.05,0,0,326
5274,151,2,2,49,17,-3.86,0.05,0,0,326
5275,21,0,0,10,3,-3.76,0.05,1,0,326
5276,79,2,2,28,9,-0.74,0.05,1,0,326
5277,58,0,0,18,6,-2.63,0.05,1,0,326
5278,108,1,1,34,13,-0.38,0.05,0,0,326
5279,238,3,3,36,24,-10.68,0.05,1,0,326
5280,124,1,1,37,15,-0.49,0.05,1,0,326
5281,35,0,0,17,4,-3.4,0.05,0,0,326
5282,14,0,0,5,2,-5.19,0.05,1,0,326
5283,297,1,1,40,35,-27.87,0.05,1,0,326
5284,110,1,1,38,13,1.2,0.05,1,0,326
5285,98,2,2,31,12,0.37,0.05,1,0,326
5286,20,0,0,10,3,-3.85,0.05,1,0,326
5287,149,1,1,50,19,0.51,0.05,1,0,326
5288,70,0,0,18,8,-4.75,0.05,1,0,326
5289,45,1,1,19,6,-2.05,0.05,1,0,326
5290,7,0,0,2,1,-4.57,0.05,1,0,326
5291,85,2,2,24,10,-1.0,0.05,1,0,326
5292,75,1,1,30,9,-0.95,0.05,1,0,326
5293,85,1,1,31,12,-4.45,0.05,1,0,326
5294,28,0,0,11,4,-4.18,0.05,1,0,326
5295,74,1,1,24,9,-2.39,0.05,1,0,326
5296,314,2,2,38,38,-26.59,0.05,1,0,327
5297,157,2,2,44,18,-4.97,0.05,1,0,327
5298,144,1,1,38,17,-0.59,0.05,1,0,327
5299,85,1,1,34,10,-0.55,0.05,1,0,327
5300,400,2,2,43,25,-16.3,0.05,0,1,327
5301,155,1,1,24,11,-4.75,0.05,1,0,327
5302,43,1,1,17,6,-0.53,0.05,1,0,327
5303,118,2,2,31,13,-0.93,0.05,1,0,327
5304,400,0,0,36,21,-12.5,0.05,0,1,327
5305,21,0,0,10,3,-2.91,0.05,1,0,327
5306,70,1,1,28,9,-3.45,0.05,1,0,327
5307,94,2,2,33,11,1.06,0.05,1,0,327
5308,223,3,3,59,23,5.57,0.05,0,0,327
5309,35,1,1,16,5,-1.9,0.05,1,0,327
5310,121,4,4,37,12,2.34,0.05,1,0,327
5311,291,1,1,32,22,-11.36,0.05,1,0,327
5312,164,0,0,43,17,0.41,0.05,1,0,327
5313,27,0,0,13,4,-4.62,0.05,1,0,327
5314,217,3,3,42,19,-0.97,0.05,1,0,327
5315,42,0,0,14,6,-4.12,0.05,1,0,327
5316,87,7,2,35,11,6.18,0.05,1,0,327
5317,15,0,0,4,2,-6.1,0.05,1,0,327
5318,36,0,0,18,5,-2.76,0.05,1,0,327
5319,15,0,0,5,2,-4.85,0.05,1,0,327
5320,99,3,3,29,11,-1.09,0.05,0,0,327
5321,120,1,1,40,15,-1.35,0.05,1,0,327
5322,29,0,0,12,4,-2.94,0.05,1,0,327
5323,173,0,0,45,17,-5.48,0.05,0,0,327
5324,8,0,0,4,1,-3.93,0.05,1,0,327
5325,194,2,2,45,21,-1.69,0.05,1,0,327
5326,20,0,0,9,3,-4.55,0.05,1,0,327
5327,80,1,1,25,10,-0.75,0.05,1,0,327
5328,68,2,2,31,9,0.97,0.05,1,0,327
5329,105,0,0,37,12,-5.0,0.05,1,0,327
5330,400,5,0,38,26,-6.85,0.05,0,1,327
5331,13,0,0,6,2,-4.38,0.05,1,0,327
5332,51,0,0,19,7,-4.21,0.05,1,0,327
5333,207,1,1,44,21,-1.52,0.05,0,0,327
5334,30,0,0,11,4,-3.85,0.05,1,0,327
5335,39,0,0,10,5,-5.14,0.05,1,0,327
5336,21,1,1,8,3,-3.31,0.05,1,0,327
5337,25,0,0,12,3,-2.7,0.05,1,0,327
5338,208,2,2,39,20,0.47,0.05,0,0,327
5339,21,0,0,9,3,-4.61,0.05,1,0,327
5340,51,0,0,22,7,-3.01,0.05,1,0,327
5341,106,2,2,29,13,-2.41,0.05,1,0,327
5342,190,2,2,47,22,1.75,0.05,1,0,327
5343,21,0,0,8,3,-4.11,0.05,1,0,327
5344,6,0,0,3,1,-4.21,0.05,1,0,327
5345,400,1,1,48,24,-10.4,0.05,0,1,327
5346,174,5,5,51,19,6.46,0.05,1,0,327
5347,317,2,2,42,22,-12.02,0.05,1,0,327
5348,273,6,1,40,17,-2.43,0.05,0,0,327
5349,140,2,2,41,16,-0.35,0.05,1,0,327
5350,177,6,1,42,19,10.68,0.05,0,1,327
5351,87,1,1,44,12,2.48,0.05,1,0,327
5352,69,1,1,26,9,0.61,0.05,1,0,327
5353,168,1,1,36,17,-1.18,0.05,0,0,327
5354,84,5,5,32,11,5.41,0.05,1,0,327
5355,114,1,1,50,15,3.01,0.05,1,0,327
5356,293,1,1,51,21,-7.78,0.05,1,0,327
5357,400,3,3,35,20,-11.35,0.05,0,1,327
5358,144,1,1,43,15,3.26,0.05,1,0,327
5359,72,1,1,32,10,0.13,0.05,1,0,327
5360,22,0,0,8,3,-5.67,0.05,1,0,327
5361,14,0,0,7,2,-3.64,0.05,1,0,327
5362,71,1,1,17,8,-2.56,0.05,1,0,327
5363,400,2,2,47,25,-10.65,0.05,0,1,327
5364,42,0,0,19,6,-2.07,0.05,1,0,327
5365,121,0,0,34,14,-1.86,0.05,1,0,327
5366,35,0,0,14,5,-3.35,0.05,1,0,327
5367,400,1,1,41,20,-15.15,0.05,0,1,327
5368,117,1,1,24,12,-5.37,0.05,0,0,327
5369,68,2,2,25,9,-1.03,0.05,1,0,327
5370,14,0,0,6,2,-4.44,0.05,1,0,327
5371,239,1,1,31,15,-8.74,0.05,1,0,327
5372,20,0,0,8,3,-4.65,0.05,1,0,327
5373,339,2,2,43,21,-11.14,0.05,1,0,327
5374,87,2,2,26,10,-0.37,0.05,1,0,327
5375,32,0,0,12,4,-3.52,0.05,1,0,327
5376,125,4,4,34,15,1.9,0.05,0,0,327
5377,60,0,0,27,8,0.5,0.05,1,0,327
5378,5,0,0,4,1,-4.0,0.05,1,0,327
5379,62,0,0,20,8,-6.07,0.05,0,0,327
5380,13,0,0,7,2,-4.13,0.05,1,0,327
5381,20,0,0,10,3,-4.45,0.05,1,0,327
5382,89,0,0,30,11,-3.24,0.05,1,0,327
5383,152,2,2,51,18,3.88,0.05,1,0,327
5384,154,3,3,36,17,-0.39,0.05,1,0,327
5385,171,4,4,43,19,2.49,0.05,1,0,327
5386,42,0,0,20,6,-2.72,0.05,1,0,327
5387,28,0,0,11,4,-4.28,0.05,1,0,327
5388,80,0,0,29,10,-2.55,0.05,1,0,327
5389,31,0,0,14,4,-4.16,0.05,1,0,327
5390,161,3,3,46,18,-2.96,0.05,1,0,327
5391,108,2,2,33,12,-0.23,0.05,0,0,327
5392,95,1,1,29,12,-4.05,0.05,0,0,327
5393,7,0,0,5,1,-4.07,0.05,1,0,327
5394,40,0,0,12,5,-5.0,0.05,1,0,327
5395,123,3,3,51,16,3.27,0.05,1,0,327
5396,13,0,0,5,2,-6.13,0.05,1,0,327
5397,400,1,1,41,18,-9.4,0.05,0,1,327
5398,7,0,0,6,1,-3.37,0.05,1,0,327
5399,192,2,2,45,21,-1.82,0.05,0,0,327
5400,187,3,3,41,19,2.38,0.05,1,0,327
5401,36,1,1,17,5,-3.01,0.05,1,0,327
5402,159,1,1,42,17,-0.09,0.05,1,0,327
5403,73,1,1,30,10,-2.23,0.05,1,0,327
5404,133,6,1,46,14,9.37,0.05,1,0,327
5405,54,1,1,20,7,0.16,0.05,1,0,327
5406,6,0,0,3,1,-4.21,0.05,1,0,327
5407,214,6,6,50,19,6.61,0.05,0,0,327
5408,23,0,0,13,3,-3.93,0.05,1,0,327
5409,400,1,1,43,21,-10.65,0.05,0,1,327
5410,76,2,2,27,9,1.94,0.05,1,0,327
5411,59,2,2,30,7,2.36,0.05,1,0,327
5412,119,0,0,34,14,-3.34,0.05,1,0,327
5413,14,0,0,6,2,-4.44,0.05,1,0,327
5414,161,4,4,43,17,0.69,0.05,1,0,327
5415,102,1,1,32,12,-2.47,0.05,1,0,327
5416,95,2,2,33,11,1.2,0.05,1,0,327
5417,90,1,1,37,12,-1.7,0.05,1,0,327
5418,13,0,0,8,2,-3.88,0.05,1,0,327
5419,155,4,4,35,15,1.1,0.05,1,0,327
5420,80,1,1,38,11,1.7,0.05,1,0,327
5421,158,4,4,35,18,3.12,0.05,0,0,327
5422,23,0,0,8,3,-4.18,0.05,1,0,327
5423,28,0,0,11,4,-3.73,0.05,1,0,327
5424,58,2,2,27,8,1.27,0.05,1,0,327
5425,43,0,0,6,3,-5.98,0.05,1,0,327
5426,22,0,0,9,3,-4.27,0.05,1,0,327
5427,27,0,0,10,3,-3.57,0.05,1,0,327
5428,21,0,0,6,3,-5.11,0.05,1,0,327
5429,84,0,0,25,9,-3.09,0.05,0,0,327
5430,113,1,1,31,12,-2.38,0.05,0,0,327
5431,90,1,1,39,11,4.35,0.05,1,0,327
5432,79,1,1,29,10,-0.14,0.05,1,0,327
5433,173,3,3,40,17,3.67,0.05,0,0,327
5434,22,0,0,9,3,-4.27,0.05,1,0,327
5435,66,2,2,23,9,-3.11,0.05,0,0,327
5436,59,0,0,26,8,-0.54,0.05,1,0,327
5437,189,2,2,22,11,-4.39,0.05,1,0,327
5438,36,2,2,16,5,-0.56,0.05,1,0,327
5439,255,1,1,27,15,-10.25,0.05,1,0,327
5440,20,1,1,8,3,-4.8,0.05,1,0,327
5441,102,2,2,40,12,2.08,0.05,1,0,327
5442,13,0,0,6,2,-3.88,0.05,1,0,327
5443,13,0,0,6,2,-4.48,0.05,1,0,327
5444,198,1,1,36,16,-5.78,0.05,0,0,327
5445,58,0,0,18,8,-3.48,0.05,0,0,327
5446,79,1,1,32,10,-2.84,0.05,1,0,327
5447,28,0,0,13,4,-4.08,0.05,1,0,327
5448,161,2,2,40,18,-2.46,0.05,1,0,327
5449,88,1,1,27,11,-1.53,0.05,0,0,327
5450,77,0,0,23,8,-1.42,0.05,1,0,327
5451,80,0,0,28,10,-1.6,0.05,1,0,327
5452,156,3,3,29,15,0.19,0.05,1,0,327
5453,20,0,0,8,3,-4.05,0.05,1,0,327
5454,109,1,1,30,12,0.56,0.05,1,0,327
5455,21,0,0,11,3,-3.91,0.05,1,0,327
5456,75,2,2,23,8,-0.55,0.05,1,0,327
5457,400,3,3,49,16,-6.7,0.05,0,1,327
5458,297,2,2,44,23,-10.32,0.05,1,0,327
5459,21,0,0,13,3,-2.81,0.05,1,0,327
5460,191,1,1,43,19,-1.01,0.05,1,0,327
5461,50,3,3,24,7,1.35,0.05,1,0,327
5462,34,0,0,12,5,-4.49,0.05,1,0,327
5463,21,0,0,12,3,-3.21,0.05,1,0,327
5464,51,0,0,23,7,-2.36,0.05,1,0,327
5465,400,4,4,37,21,-7.2,0.05,0,1,327
5466,20,0,0,9,3,-4.7,0.05,1,0,327
5467,159,3,3,32,14,-0.94,0.05,1,0,327
5468,108,1,1,33,12,-0.28,0.05,0,0,327
5469,52,0,0,27,7,0.83,0.05,1,0,327
5470,55,1,1,20,7,-2.05,0.05,1,0,327
5471,52,1,1,17,7,-4.22,0.05,1,0,327
5472,259,2,2,48,22,-1.49,0.05,1,0,327
5473,64,2,2,31,9,2.36,0.05,1,0,327
5474,110,4,4,45,14,9.2,0.05,1,0,327
5475,294,2,2,49,18,-4.89,0.05,1,0,327
5476,76,1,1,35,10,3.29,0.05,1,0,327
5477,55,1,1,21,7,-2.55,0.05,1,0,327
5478,400,3,3,45,21,-6.85,0.05,0,1,327
5479,400,1,1,42,23,-10.6,0.05,0,1,327
5480,166,1,1,54,20,1.59,0.05,1,0,327
5481,57,1,1,27,8,-1.02,0.05,1,0,327
5482,73,1,1,28,10,0.77,0.05,1,0,327
5483,312,2,2,50,25,-5.32,0.05,0,0,327
5484,73,2,2,32,10,0.37,0.05,1,0,327
5485,37,0,0,15,5,-2.67,0.05,1,0,327
5486,60,1,1,25,8,-0.55,0.05,1,0,327
5487,97,4,4,33,12,2.83,0.05,0,0,327
5488,400,2,2,48,28,-5.85,0.05,0,1,327
5489,23,1,1,11,3,-1.33,0.05,1,0,327
5490,95,0,0,17,8,-6.7,0.05,1,0,327
5491,162,1,1,42,15,-0.62,0.05,0,0,327
5492,13,0,0,6,2,-4.18,0.05,1,0,327
5493,400,2,2,49,21,-7.7,0.05,0,1,327
5494,82,1,1,29,9,-0.17,0.05,0,0,327
5495,86,1,1,33,9,-0.36,0.05,1,0,327
5496,54,1,1,23,7,-0.14,0.05,1,0,327
5497,111,1,1,30,13,-0.21,0.05,1,0,327
5498,149,1,1,46,19,3.06,0.05,1,0,327
5499,150,1,1,32,13,-3.0,0.05,1,0,327
5500,50,2,2,19,7,-1.85,0.05,1,0,327
5501,43,0,0,22,6,-2.08,0.05,1,0,327
5502,163,9,4,47,19,9.92,0.05,0,0,327
5503,96,1,1,34,11,-1.81,0.05,1,0,327
5504,23,0,0,10,3,-2.43,0.05,1,0,327
5505,62,0,0,23,8,-1.17,0.05,1,0,327
5506,194,7,2,39,19,7.26,0.05,0,0,327
5507,50,0,0,26,6,-1.95,0.05,1,0,327
5508,57,0,0,26,8,-1.82,0.05,1,0,327
5509,129,3,3,31,11,-1.14,0.05,0,0,327
5510,201,4,4,43,19,1.24,0.05,1,0,327
5511,92,2,2,36,12,0.48,0.05,1,0,327
5512,5,0,0,4,1,-4.0,0.05,1,0,327
5513,95,2,2,26,9,-0.55,0.05,1,0,327
5514,400,5,5,45,23,-6.25,0.05,0,1,327
5515,189,3,3,45,20,0.26,0.05,1,0,327
5516,76,6,1,31,10,6.39,0.05,1,0,327
5517,36,1,1,16,5,-2.61,0.05,1,0,327
5518,361,3,3,35,20,-10.46,0.05,1,0,327
5519,103,1,1,27,10,-1.18,0.05,1,0,327
5520,59,1,1,18,8,-1.64,0.05,1,0,327
5521,112,2,2,36,14,0.58,0.05,1,0,327
5522,308,1,1,49,23,-10.43,0.05,0,0,327
5523,59,0,0,24,8,-2.79,0.05,1,0,327
5524,56,2,2,15,5,-2.26,0.05,1,0,327
5525,21,1,1,7,3,-5.21,0.05,1,0,327
5526,72,0,0,26,9,-2.42,0.05,0,0,327
5527,194,1,1,52,19,0.16,0.05,0,0,327
5528,77,0,0,29,10,-3.17,0.05,1,0,327
5529,245,3,3,43,20,-2.45,0.05,1,0,327
5530,51,1,1,20,7,-3.36,0.05,1,0,327
5531,145,1,1,41,16,2.35,0.05,1,0,327
5532,14,0,0,5,2,-4.84,0.05,1,0,327
5533,13,0,0,5,2,-3.68,0.05,1,0,327
5534,108,1,1,28,12,0.02,0.05,1,0,327
5535,77,0,0,26,10,-1.42,0.05,1,0,327
5536,34,1,1,12,5,-4.94,0.05,1,0,327
5537,45,1,1,18,6,-1.25,0.05,1,0,327
5538,146,2,2,31,13,-0.41,0.05,0,0,327
5539,158,7,2,55,18,8.42,0.05,1,0,327
5540,112,1,1,24,12,-4.27,0.05,1,0,327
5541,248,1,1,42,18,-5.58,0.05,0,0,327
5542,133,0,0,21,14,-4.78,0.05,1,0,327
5543,319,2,2,52,24,-5.89,0.05,1,0,327
5544,168,8,3,46,18,8.22,0.05,0,0,327
5545,373,3,3,32,25,-15.18,0.05,1,0,327
5546,108,1,1,35,12,-1.48,0.05,0,0,327
5547,104,2,2,20,9,-3.89,0.05,0,0,327
5548,400,0,0,36,17,-10.45,0.05,0,1,327
5549,14,0,0,7,2,-4.29,0.05,1,0,327
5550,112,1,1,38,13,1.03,0.05,1,0,327
5551,43,0,0,20,6,-1.23,0.05,1,0,327
5552,121,2,2,37,12,-0.36,0.05,1,0,328
5553,68,1,1,25,9,-2.53,0.05,1,0,328
5554,52,1,1,17,6,-1.72,0.05,1,0,328
5555,94,2,2,16,8,-6.44,0.05,0,0,328
5556,264,2,2,32,18,-7.29,0.05,1,0,328
5557,54,1,1,19,7,-0.34,0.05,1,0,328
5558,35,0,0,14,5,-4.05,0.05,1,0,328
5559,82,0,0,25,11,-6.62,0.05,1,0,328
5560,76,0,0,23,10,-4.96,0.05,0,0,328
5561,21,0,0,11,3,-3.56,0.05,1,0,328
5562,104,1,1,28,12,-1.04,0.05,0,0,328
5563,171,1,1,37,18,-0.71,0.05,1,0,328
5564,94,2,2,31,11,-1.29,0.05,1,0,328
5565,159,3,3,29,14,-4.24,0.05,1,0,328
5566,20,0,0,9,3,-5.7,0.05,1,0,328
5567,192,0,0,37,21,-4.32,0.05,1,0,328
5568,65,0,0,21,9,-2.4,0.05,0,0,328
5569,66,0,0,23,8,-2.21,0.05,1,0,328
5570,196,4,4,46,23,1.79,0.05,1,0,328
5571,94,3,3,35,11,2.71,0.05,0,0,328
5572,78,3,3,31,10,1.77,0.05,1,0,328
5573,45,0,0,19,6,-1.75,0.05,1,0,328
5574,14,0,0,7,2,-3.64,0.05,1,0,328
5575,115,1,1,28,13,-2.9,0.05,0,0,328
5576,14,0,0,6,2,-3.84,0.05,1,0,328
5577,45,1,1,13,6,-3.35,0.05,1,0,328
5578,94,2,2,36,12,2.01,0.05,1,0,328
5579,66,1,1,24,8,-3.26,0.05,1,0,328
5580,35,0,0,16,5,-3.35,0.05,1,0,328
5581,66,1,2,26,9,1.29,0.05,0,0,328
5582,211,9,4,53,22,10.24,0.05,0,1,328
5583,7,0,0,5,1,-4.17,0.05,1,0,328
5584,37,0,0,13,4,-3.22,0.05,1,0,328
5585,65,0,0,26,9,-1.95,0.05,1,0,328
5586,170,4,4,35,17,0.15,0.05,0,0,328
5587,211,2,2,37,15,-5.66,0.05,1,0,328
5588,192,3,3,32,20,-5.92,0.05,1,0,328
5589,44,0,0,21,6,-3.89,0.05,1,0,328
5590,108,2,2,41,13,3.67,0.05,1,0,328
5591,98,0,0,43,13,-0.23,0.05,1,0,328
5592,73,1,1,31,8,2.62,0.05,1,0,328
5593,136,3,3,40,15,2.19,0.05,1,0,328
5594,84,4,4,26,10,0.36,0.05,1,0,328
5595,400,3,3,44,24,-10.1,0.05,0,1,328
5596,52,0,0,20,7,-4.82,0.05,1,0,328
5597,107,4,4,40,14,3.43,0.05,1,0,328
5598,238,2,2,35,16,-3.38,0.05,0,0,328
5599,49,1,1,27,7,-0.49,0.05,1,0,328
5600,162,1,1,42,17,-2.17,0.05,0,0,328
5601,400,2,2,41,22,-7.4,0.05,0,1,328
5602,400,4,4,40,22,-12.55,0.05,0,1,328
5603,142,1,1,37,13,-0.12,0.05,0,0,328
5604,400,1,1,36,18,-3.45,0.05,0,1,328
5605,50,0,0,20,7,-2.0,0.05,1,0,328
5606,54,0,0,16,7,-6.19,0.05,1,0,328
5607,110,0,0,39,13,0.95,0.05,1,0,328
5608,69,1,1,30,9,0.21,0.05,1,0,328
5609,194,2,2,44,22,0.01,0.05,1,0,328
5610,188,2,2,36,17,-1.83,0.05,1,0,328
5611,94,2,2,33,12,0.66,0.05,0,0,328
5612,97,2,2,21,8,-1.47,0.05,1,0,328
5613,55,0,0,18,6,-5.95,0.05,1,0,328
5614,13,0,0,5,2,-4.78,0.05,1,0,328
5615,213,1,1,33,17,-6.98,0.05,0,0,328
5616,29,1,1,13,4,-1.59,0.05,1,0,328
5617,55,5,5,27,7,5.35,0.05,0,0,328
5618,202,3,3,41,18,3.73,0.05,1,0,328
5619,400,5,0,40,23,-5.5,0.05,0,1,328
5620,95,0,0,40,12,2.05,0.05,1,0,328
5621,21,0,0,10,3,-4.91,0.05,1,0,328
5622,52,1,1,19,7,-2.07,0.05,1,0,328
5623,103,2,2,30,11,0.77,0.05,1,0,328
5624,124,2,2,29,12,-2.54,0.05,0,0,328
5625,400,2,2,44,19,-6.5,0.05,0,1,328
5626,400,0,0,44,22,-9.35,0.05,0,1,328
5627,71,0,0,26,8,-2.36,0.05,1,0,328
5628,49,0,0,24,7,-2.29,0.05,1,0,328
5629,13,0,0,8,2,-3.78,0.05,1,0,328
5630,149,2,2,36,15,0.81,0.05,1,0,328
5631,90,1,1,31,11,1.4,0.05,1,0,328
5632,32,0,0,12,4,-3.77,0.05,0,0,328
5633,51,1,1,25,7,-0.86,0.05,1,0,328
5634,119,1,1,40,14,0.11,0.05,1,0,328
5635,37,0,0,12,5,-5.42,0.05,1,0,328
5636,262,2,2,42,20,0.98,0.05,1,0,328
5637,400,8,3,30,20,-3.2,0.05,0,1,328
5638,156,0,0,36,13,-1.46,0.05,1,0,328
5639,61,1,1,28,8,0.59,0.05,1,0,328
5640,55,1,1,17,6,-3.65,0.05,0,0,328
5641,79,2,2,32,10,3.06,0.05,0,0,328
5642,207,2,2,39,17,-5.07,0.05,1,0,328
5643,79,1,1,28,10,-0.89,0.05,0,0,328
5644,43,0,0,17,6,-1.43,0.05,1,0,328
5645,57,0,0,19,7,-4.07,0.05,1,0,328
5646,400,1,1,41,18,-9.35,0.05,0,1,328
5647,125,5,0,40,13,2.55,0.05,1,0,328
5648,37,0,0,14,5,-3.42,0.05,1,0,328
5649,97,1,1,23,10,-2.12,0.05,1,0,328
5650,98,1,1,32,11,-0.43,0.05,1,0,328
5651,107,2,2,37,12,2.63,0.05,1,0,328
5652,98,1,1,25,12,-0.58,0.05,0,0,328
5653,165,3,3,38,18,-0.25,0.05,1,0,328
5654,400,1,1,49,20,-9.55,0.05,0,1,328
5655,21,0,0,6,3,-5.16,0.05,1,0,328
5656,59,2,2,21,8,0.46,0.05,1,0,328
5657,64,0,0,29,9,-0.04,0.05,0,0,328
5658,29,0,0,14,4,-3.79,0.05,1,0,328
5659,289,1,1,35,19,-10.19,0.05,1,0,328
5660,149,6,1,33,14,2.46,0.05,0,0,328
5661,114,1,1,34,12,1.01,0.05,0,0,328
5662,334,1,1,38,19,-11.84,0.05,1,0,328
5663,87,1,1,32,10,-1.22,0.05,0,0,328
5664,193,2,2,27,10,-4.53,0.05,1,0,328
5665,57,0,0,24,8,-1.92,0.05,1,0,328
5666,6,0,0,3,1,-4.21,0.05,1,0,328
5667,38,0,0,12,5,-5.53,0.05,1,0,328
5668,400,3,3,40,22,-8.0,0.05,0,1,328
5669,168,2,2,40,16,-0.18,0.05,1,0,328
5670,70,2,2,22,9,0.2,0.05,0,0,328
5671,21,0,0,11,3,-3.16,0.05,1,0,328
5672,38,0,0,16,5,-3.48,0.05,1,0,328
5673,27,0,0,11,4,-3.72,0.05,1,0,328
5674,400,2,2,38,23,-11.3,0.05,0,1,328
5675,84,1,1,34,11,-0.04,0.05,1,0,328
5676,161,2,2,40,16,-1.31,0.05,1,0,328
5677,65,0,0,24,8,-1.65,0.05,1,0,328
5678,23,1,1,9,3,-3.63,0.05,1,0,328
5679,274,0,0,42,22,-6.04,0.05,1,0,328
5680,174,1,1,41,18,-3.94,0.05,0,0,328
5681,171,2,2,42,17,-2.01,0.05,0,0,328
5682,5,0,0,3,1,-4.2,0.05,1,0,328
5683,36,0,0,13,5,-4.66,0.05,1,0,328
5684,20,0,0,10,3,-4.4,0.05,1,0,328
5685,143,3,3,48,16,5.67,0.05,1,0,328
5686,158,3,3,32,15,-5.13,0.05,0,0,328
5687,107,1,1,26,10,-2.97,0.05,1,0,328
5688,7,0,0,6,1,-3.32,0.05,1,0,328
5689,250,4,4,42,20,-2.7,0.05,0,0,328
5690,109,1,1,28,10,-3.69,0.05,1,0,328
5691,20,0,0,10,3,-3.35,0.05,1,0,328
5692,178,1,1,44,19,0.82,0.05,1,0,328
5693,153,4,4,39,15,2.72,0.05,1,0,328
5694,212,1,1,38,18,-3.32,0.05,0,0,328
5695,184,1,1,47,19,-4.19,0.05,0,0,328
5696,336,2,2,35,21,-8.16,0.05,1,0,328
5697,278,4,4,38,23,-9.03,0.05,1,0,328
5698,161,0,0,45,16,-4.26,0.05,0,0,328
5699,7,0,0,3,1,-4.27,0.05,1,0,328
5700,99,1,1,28,11,-3.44,0.05,1,0,328
5701,72,1,1,26,8,-1.82,0.05,0,0,328
5702,29,0,0,14,4,-2.59,0.05,1,0,328
5703,5,0,0,3,1,-4.2,0.05,1,0,328
5704,84,1,1,36,11,1.11,0.05,1,0,328
5705,224,1,1,45,23,-6.79,0.05,1,0,328
5706,177,2,2,51,18,2.53,0.05,1,0,328
5707,196,2,2,30,17,-5.31,0.05,1,0,329
5708,101,2,2,30,11,-1.66,0.05,1,0,330
5709,51,0,0,32,7,-0.21,0.05,1,0,330
5710,73,2,2,22,9,-3.53,0.05,1,0,330
5711,41,1,1,20,6,-3.91,0.05,1,0,330
5712,106,0,0,38,13,0.09,0.05,1,0,330
5713,14,0,0,6,2,-4.99,0.05,1,0,330
5714,62,0,0,17,8,-5.22,0.05,1,0,330
5715,123,1,1,32,13,-2.13,0.05,1,0,330
5716,124,1,1,39,15,3.36,0.05,1,0,330
5717,126,1,1,40,15,0.84,0.05,0,0,330
5718,72,1,1,34,10,-0.52,0.05,1,0,330
5719,22,0,0,9,3,-4.87,0.05,1,0,330
5720,223,2,2,39,21,-2.48,0.05,1,0,330
5721,108,0,0,36,13,-2.78,0.05,1,0,330
5722,98,4,4,34,12,4.52,0.05,1,0,330
5723,35,1,1,16,5,-1.8,0.05,1,0,330
5724,156,2,2,50,19,0.29,0.05,0,0,330
5725,185,3,3,41,17,-1.2,0.05,1,0,330
5726,20,0,0,10,3,-3.45,0.05,1,0,330
5727,20,0,0,10,3,-4.8,0.05,1,0,330
5728,7,0,0,4,1,-4.12,0.05,1,0,330
5729,27,0,0,7,4,-5.97,0.05,1,0,330
5730,92,6,1,27,11,0.28,0.05,1,0,330
5731,34,0,0,15,5,-3.49,0.05,1,0,330
5732,252,7,2,34,18,-1.37,0.05,1,0,330
5733,27,0,0,9,4,-5.17,0.05,1,0,330
5734,339,2,2,29,19,-13.89,0.05,1,0,330
5735,7,0,0,2,1,-4.57,0.05,1,0,330
5736,400,2,2,38,22,-10.7,0.05,0,1,330
5737,96,1,1,30,10,-3.31,0.05,0,0,330
5738,140,7,2,33,15,1.25,0.05,1,0,330
5739,277,2,2,42,20,-5.97,0.05,1,0,330
5740,313,2,2,51,22,-7.38,0.05,1,0,330
5741,37,0,0,14,4,-3.37,0.05,1,0,330
5742,192,1,1,56,23,3.28,0.05,1,0,330
5743,90,1,1,25,11,-0.5,0.05,1,0,330
5744,23,0,0,9,3,-4.23,0.05,1,0,330
5745,21,0,0,11,3,-3.06,0.05,1,0,330
5746,21,1,1,12,3,-2.11,0.05,1,0,330
5747,25,0,0,5,3,-5.1,0.05,1,0,330
5748,400,5,0,24,24,-10.2,0.05,0,1,330
5749,5,0,0,4,1,-3.9,0.05,1,0,330
5750,72,2,2,28,9,1.88,0.05,1,0,330
5751,43,0,0,18,6,-2.23,0.05,1,0,330
5752,168,4,4,55,20,1.57,0.05,1,0,330
5753,156,1,1,42,17,-3.91,0.05,1,0,330
5754,74,1,1,26,10,-1.94,0.05,1,0,330
5755,53,1,1,17,6,-1.38,0.05,1,0,330
5756,61,0,0,22,8,-3.36,0.05,1,0,330
5757,33,0,0,11,4,-5.88,0.05,0,0,330
5758,156,1,1,34,14,-1.76,0.05,0,0,330
5759,36,0,0,12,5,-4.61,0.05,1,0,330
5760,172,4,4,47,18,3.63,0.05,1,0,330
5761,173,1,1,33,16,-3.43,0.05,1,0,330
5762,382,2,2,49,25,-11.92,0.05,1,0,330
5763,152,4,4,36,14,1.83,0.05,1,0,330
5764,49,0,0,20,7,-4.39,0.05,1,0,330
5765,29,1,1,12,4,-1.74,0.05,1,0,330
5766,124,2,2,33,13,-1.89,0.05,0,0,330
5767,72,0,0,20,9,-2.97,0.05,1,0,330
5768,102,2,2,42,12,1.28,0.05,1,0,330
5769,178,3,3,41,18,-0.58,0.05,1,0,330
5770,163,2,2,32,13,-0.98,0.05,0,0,330
5771,161,10,0,21,10,3.59,0.05,0,0,330
5772,112,3,3,44,13,7.38,0.05,1,0,330
5773,14,0,0,5,2,-4.84,0.05,1,0,330
5774,20,0,0,8,3,-5.0,0.05,1,0,330
5775,324,2,2,43,25,-6.44,0.05,1,0,330
5776,28,0,0,11,4,-2.78,0.05,1,0,330
5777,89,2,2,34,12,2.06,0.05,1,0,330
5778,239,0,0,38,21,-6.04,0.05,1,0,330
5779,119,3,3,34,14,1.11,0.05,0,0,330
5780,124,3,3,43,15,4.26,0.05,1,0,330
5781,87,1,1,27,11,-2.92,0.05,0,0,330
5782,48,0,0,17,7,-4.23,0.05,1,0,330
5783,53,2,2,24,7,-1.63,0.05,1,0,330
5784,184,2,2,50,19,-0.94,0.05,0,0,330
5785,199,8,3,26,17,-1.54,0.05,1,0,330
5786,141,1,1,29,15,-6.21,0.05,1,0,330
5787,61,1,1,20,7,-1.56,0.05,1,0,330
5788,13,0,0,6,2,-4.78,0.05,1,0,330
5789,81,1,1,23,8,-4.26,0.05,1,0,330
5790,102,1,1,35,13,-1.97,0.05,1,0,330
5791,156,2,2,47,17,3.69,0.05,0,0,330
5792,155,3,3,38,15,0.5,0.05,1,0,330
5793,83,2,2,22,8,-2.08,0.05,1,0,330
5794,54,0,0,21,7,-3.74,0.05,1,0,330
5795,334,8,3,44,20,-3.89,0.05,1,0,330
5796,6,0,0,2,1,-5.96,0.05,1,0,330
5797,22,0,0,11,3,-2.47,0.05,1,0,330
5798,63,1,1,21,8,-4.58,0.05,0,0,330
5799,168,1,1,38,16,-1.63,0.05,0,0,330
5800,383,1,1,37,23,-15.53,0.05,0,0,330
5801,118,1,1,35,14,0.77,0.05,1,0,330
5802,329,2,2,37,19,-10.39,0.05,1,0,330
5803,100,1,1,31,11,-0.75,0.05,1,0,330
5804,28,0,0,12,4,-3.88,0.05,1,0,330
5805,332,1,1,50,24,-11.27,0.05,1,0,330
5806,332,1,1,49,18,-9.67,0.05,1,0,330
5807,83,2,2,29,10,1.17,0.05,1,0,330
5808,27,0,0,10,4,-4.82,0.05,1,0,330
5809,175,2,2,47,19,2.8,0.05,0,0,330
5810,115,2,2,38,14,1.55,0.05,1,0,330
5811,294,0,0,54,22,-2.24,0.05,0,0,330
5812,113,2,2,38,14,1.37,0.05,1,0,330
5813,264,0,0,44,19,-5.94,0.05,0,0,330
5814,269,10,5,47,23,5.76,0.05,1,0,331
5815,319,1,1,37,17,-7.99,0.05,1,0,331
5816,69,1,1,28,9,-2.04,0.05,1,0,331
5817,150,0,0,33,15,-5.35,0.05,0,0,331
5818,58,1,1,27,8,0.97,0.05,1,0,331
5819,13,0,0,8,2,-2.73,0.05,1,0,331
5820,400,1,1,44,23,-7.65,0.05,0,1,331
5821,53,6,1,24,7,3.27,0.05,1,0,331
5822,123,0,0,36,15,-4.38,0.05,1,0,331
5823,176,4,4,45,18,5.19,0.05,1,0,331
5824,20,0,0,9,3,-4.2,0.05,1,0,331
5825,101,2,2,42,13,4.69,0.05,1,0,331
5826,82,2,2,29,11,1.08,0.05,1,0,331
5827,194,2,2,50,19,0.96,0.05,0,0,331
5828,59,3,3,35,8,3.81,0.05,1,0,331
5829,107,1,1,35,12,0.53,0.05,1,0,331
5830,94,2,2,33,11,-1.79,0.05,1,0,331
5831,53,0,0,28,7,1.22,0.05,1,0,331
5832,199,2,2,44,16,0.36,0.05,0,0,331
5833,162,3,3,36,15,-5.62,0.05,0,0,331
5834,28,0,0,13,4,-2.73,0.05,1,0,331
5835,22,0,0,9,3,-6.57,0.05,1,0,331
5836,72,1,1,29,10,-2.42,0.05,1,0,331
5837,400,2,2,45,23,-7.3,0.05,0,1,331
5838,111,4,4,29,12,0.89,0.05,1,0,331
5839,297,4,4,37,18,-5.42,0.05,0,0,331
5840,47,0,0,16,6,-4.02,0.05,1,0,331
5841,6,0,0,3,1,-4.21,0.05,1,0,331
5842,61,0,0,20,8,-2.66,0.05,1,0,331
5843,56,3,3,22,8,-0.66,0.05,1,0,331
5844,168,1,1,33,18,-6.63,0.05,1,0,331
5845,51,0,0,23,7,-1.91,0.05,1,0,331
5846,100,0,0,41,12,2.8,0.05,1,0,331
5847,28,1,1,11,4,-5.08,0.05,1,0,331
5848,262,2,2,40,17,-12.22,0.05,1,0,331
5849,115,5,0,26,12,-2.5,0.05,1,0,331
5850,251,0,0,20,12,-8.21,0.05,0,0,331
5851,22,0,0,12,3,-2.67,0.05,1,0,331
5852,65,0,0,26,9,-2.25,0.05,1,0,331
5853,166,1,1,41,19,-1.76,0.05,0,0,331
5854,13,0,0,9,2,-3.58,0.05,1,0,331
5855,69,1,1,32,8,1.66,0.05,1,0,331
5856,152,2,2,37,17,0.23,0.05,1,0,331
5857,42,2,2,21,5,1.18,0.05,1,0,331
5858,13,0,0,3,2,-5.83,0.05,1,0,331
5859,181,3,3,46,16,2.24,0.05,0,0,331
5860,94,2,2,33,10,1.51,0.05,1,0,331
5861,278,0,0,41,20,-10.23,0.05,0,0,331
5862,263,4,4,43,18,-1.18,0.05,0,0,331
5863,103,0,0,31,12,-1.73,0.05,1,0,331
5864,20,0,0,9,3,-4.25,0.05,1,0,331
5865,66,2,2,20,8,-1.36,0.05,1,0,331
5866,94,0,0,28,11,-2.39,0.05,1,0,331
5867,20,0,0,9,3,-5.6,0.05,1,0,331
5868,400,1,1,34,19,-12.25,0.05,0,1,331
5869,59,2,2,30,8,2.86,0.05,1,0,331
5870,69,2,2,26,9,-0.49,0.05,1,0,331
5871,400,4,4,37,18,-7.1,0.05,0,1,331
5872,261,1,1,56,25,-3.26,0.05,0,0,331
5873,35,1,1,17,5,-1.25,0.05,1,0,331
5874,6,0,0,3,1,-4.21,0.05,1,0,331
5875,6,0,0,2,1,-5.51,0.05,1,0,331
5876,143,4,4,44,15,7.17,0.05,1,0,331
5877,122,2,2,31,13,-3.02,0.05,0,0,331
5878,142,1,1,42,16,-0.17,0.05,1,0,331
5879,154,1,1,38,16,-1.89,0.05,1,0,331
5880,62,1,1,16,6,-4.42,0.05,0,0,331
5881,166,2,2,50,19,1.24,0.05,1,0,331
5882,208,0,0,39,22,-5.23,0.05,1,0,331
5883,183,2,2,42,19,0.62,0.05,1,0,331
5884,84,0,0,35,11,-0.09,0.05,1,0,331
5885,229,1,1,46,18,-2.44,0.05,1,0,331
5886,312,1,1,49,21,-9.97,0.05,1,0,331
5887,184,1,1,43,19,-0.74,0.05,1,0,331
5888,157,1,1,26,17,-6.42,0.05,1,0,331
5889,149,2,2,48,19,1.91,0.05,1,0,331
5890,88,1,1,29,11,-3.48,0.05,0,0,331
5891,91,1,1,39,12,1.39,0.05,1,0,331
5892,21,0,0,11,3,-2.61,0.05,1,0,331
5893,37,0,0,11,5,-3.47,0.05,1,0,331
5894,127,2,2,33,14,-2.37,0.05,0,0,331
5895,80,1,1,34,10,1.8,0.05,1,0,331
5896,227,1,1,50,24,-1.62,0.05,1,0,331
5897,91,1,1,33,12,-2.91,0.05,0,0,331
5898,54,0,0,15,7,-3.69,0.05,1,0,331
5899,182,0,0,39,19,-3.22,0.05,1,0,331
5900,268,4,4,51,21,0.47,0.05,1,0,331
5901,108,1,1,41,13,4.67,0.05,1,0,331
5902,84,2,2,16,6,-3.34,0.05,0,0,331
5903,75,1,1,22,8,-3.05,0.05,0,0,331
5904,59,1,1,19,7,-2.29,0.05,0,0,331
5905,400,3,3,48,26,-0.7,0.05,0,1,331
5906,21,1,1,9,3,-2.91,0.05,1,0,331
5907,393,3,3,39,19,-12.93,0.05,1,0,331
5908,6,0,0,3,1,-5.66,0.05,1,0,331
5909,29,0,0,11,4,-3.59,0.05,1,0,331
5910,56,0,0,24,8,-4.01,0.05,1,0,331
5911,195,3,3,37,19,-1.15,0.05,0,0,331
5912,8,0,0,5,1,-4.08,0.05,1,0,331
5913,104,1,1,38,12,1.16,0.05,0,0,331
5914,286,1,1,33,18,-9.96,0.05,1,0,331
5915,74,0,0,25,10,-2.74,0.05,1,0,331
5916,106,0,0,39,13,0.99,0.05,1,0,331
5917,86,0,0,39,11,2.39,0.05,1,0,331
5918,64,1,1,24,8,0.11,0.05,1,0,331
5919,23,1,1,12,3,-2.08,0.05,1,0,331
5920,36,0,0,15,5,-1.91,0.05,1,0,331
5921,37,0,0,15,5,-3.72,0.05,1,0,331
5922,37,0,0,13,5,-4.77,0.05,1,0,331
5923,42,1,1,18,5,-2.72,0.05,0,0,331
5924,114,2,2,37,13,2.31,0.05,1,0,331
5925,21,0,0,6,3,-5.61,0.05,1,0,331
5926,97,1,1,38,13,2.28,0.05,1,0,331
5927,20,0,0,8,3,-4.05,0.05,1,0,331
5928,45,0,0,17,6,-5.6,0.05,1,0,331
5929,179,0,0,46,18,1.61,0.05,1,0,331
5930,155,2,2,36,16,-1.1,0.05,0,0,331
5931,172,1,1,35,18,-2.32,0.05,0,0,331
5932,53,1,1,21,7,-0.63,0.05,1,0,331
5933,194,0,0,45,21,-4.84,0.05,0,0,331
5934,67,1,1,23,9,-0.22,0.05,0,0,331
5935,400,1,1,42,28,-8.45,0.05,0,1,331
5936,35,0,0,13,5,-4.1,0.05,1,0,331
5937,35,0,0,14,5,-3.4,0.05,1,0,331
5938,72,1,1,27,9,-2.97,0.05,1,0,331
5939,76,2,2,32,10,0.99,0.05,1,0,331
5940,117,1,1,34,13,-2.37,0.05,1,0,331
5941,77,1,1,23,9,-3.72,0.05,1,0,331
5942,79,2,2,27,10,-1.99,0.05,1,0,331
5943,99,1,1,44,13,2.26,0.05,1,0,331
5944,35,0,0,17,5,-3.55,0.05,1,0,331
5945,13,0,0,5,2,-4.78,0.05,1,0,331
5946,117,1,1,42,14,0.93,0.05,1,0,331
5947,23,0,0,6,3,-4.73,0.05,1,0,331
5948,108,0,0,34,13,0.37,0.05,1,0,331
5949,69,0,0,28,9,-4.14,0.05,1,0,331
5950,221,6,1,57,23,3.14,0.05,1,0,331
5951,125,2,2,31,13,-0.7,0.05,0,0,331
5952,137,6,1,45,16,7.48,0.05,0,0,331
5953,39,0,0,19,5,-1.44,0.05,1,0,331
5954,20,0,0,8,3,-4.95,0.05,1,0,331
5955,87,5,0,24,11,-1.52,0.05,1,0,331
5956,157,1,1,43,18,-0.72,0.05,1,0,331
5957,192,3,3,41,17,-0.87,0.05,1,0,331
5958,57,1,1,26,8,-0.67,0.05,1,0,331
5959,190,1,1,41,16,-1.2,0.05,1,0,331
5960,129,0,0,38,16,-5.64,0.05,1,0,331
5961,14,0,0,4,2,-4.59,0.05,1,0,331
5962,35,1,1,14,5,-2.8,0.05,1,0,331
5963,35,1,1,16,5,-2.35,0.05,1,0,331
5964,42,0,0,21,6,-1.47,0.05,1,0,331
5965,400,1,1,37,20,-15.25,0.05,0,1,331
5966,102,1,1,37,13,-1.07,0.05,1,0,331
5967,69,2,2,26,9,1.26,0.05,0,0,331
5968,62,1,1,28,8,1.48,0.05,1,0,331
5969,27,0,0,12,4,-4.72,0.05,1,0,331
5970,49,1,1,18,7,-1.64,0.05,1,0,331
5971,270,2,2,52,22,-2.25,0.05,1,0,332
5972,57,1,1,26,8,-3.02,0.05,0,0,332
5973,7,0,0,2,1,-5.12,0.05,1,0,332
5974,56,1,1,17,7,-5.16,0.05,1,0,332
5975,77,1,1,35,11,-2.67,0.05,1,0,332
5976,21,0,0,7,3,-5.26,0.05,1,0,332
5977,63,1,1,27,8,0.77,0.05,1,0,332
5978,133,2,2,39,15,-0.63,0.05,1,0,332
5979,69,1,1,30,9,2.01,0.05,1,0,332
5980,115,2,2,40,13,0.9,0.05,0,0,332
5981,13,0,0,6,2,-3.43,0.05,1,0,332
5982,21,0,0,10,3,-4.31,0.05,1,0,332
5983,37,0,0,16,5,-1.97,0.05,1,0,332
5984,120,1,1,45,15,0.75,0.05,1,0,332
5985,54,3,3,24,7,2.46,0.05,1,0,332
5986,195,9,4,49,22,8.2,0.05,0,0,332
5987,211,3,3,48,23,0.44,0.05,1,0,332
5988,51,1,1,22,7,-1.16,0.05,1,0,332
5989,95,2,2,32,11,0.7,0.05,1,0,332
5990,241,3,3,51,25,-4.11,0.05,1,0,332
5991,60,0,0,18,7,-3.65,0.05,0,0,332
5992,400,2,2,56,28,-6.3,0.05,0,1,332
5993,38,0,0,14,5,-4.08,0.05,1,0,332
5994,78,0,0,29,11,-5.43,0.05,1,0,332
5995,178,2,2,41,17,2.22,0.05,1,0,332
5996,62,0,0,24,9,-5.97,0.05,1,0,332
5997,25,0,0,11,3,-4.05,0.05,1,0,332
5998,127,1,1,40,16,-3.37,0.05,0,0,332
5999,166,5,0,37,16,1.34,0.05,1,0,332
6000,20,0,0,7,3,-5.35,0.05,1,0,332
