episode,steps,score,coins,crates,bombs,reward,epsilon,killed_self,survived,states_visited
1,5,0,0,2,1,-5.3,0.9995,1,0,5
2,23,0,0,2,1,-10.23,0.999,1,0,10
3,6,0,0,1,1,-5.36,0.9986,1,0,15
4,13,0,0,2,1,-7.68,0.9981,1,0,15
5,10,0,0,3,1,-6.25,0.9976,1,0,15
6,5,0,0,4,1,-5.35,0.9971,1,0,15
7,7,0,0,1,1,-6.32,0.9967,1,0,15
8,8,0,0,2,1,-7.03,0.9962,1,0,15
9,6,0,0,4,1,-5.76,0.9957,1,0,15
10,16,0,0,2,1,-7.11,0.9952,1,0,15
11,7,0,0,4,1,-6.42,0.9948,1,0,18
12,6,0,0,2,1,-4.96,0.9943,1,0,21
13,10,0,0,3,1,-7.75,0.9938,1,0,21
14,12,0,0,3,1,-7.72,0.9933,1,0,21
15,8,0,0,3,1,-6.73,0.9929,1,0,21
16,18,0,0,5,2,-8.83,0.9924,1,0,23
17,5,0,0,2,1,-5.95,0.9919,1,0,23
18,47,0,0,2,1,-16.22,0.9915,1,0,24
19,5,0,0,3,1,-5.55,0.991,1,0,24
20,22,0,0,3,1,-11.47,0.9905,1,0,24
21,11,0,0,3,1,-6.91,0.99,1,0,24
22,8,0,0,3,1,-4.93,0.9896,1,0,24
23,5,0,0,3,1,-4.7,0.9891,1,0,25
24,11,0,0,4,1,-6.36,0.9886,1,0,28
25,9,0,0,3,1,-6.19,0.9881,1,0,29
26,8,0,0,3,1,-5.73,0.9877,1,0,29
27,12,0,0,3,1,-6.32,0.9872,1,0,29
28,6,0,0,4,1,-4.51,0.9867,1,0,29
29,5,0,0,1,1,-6.25,0.9862,1,0,29
30,10,0,0,4,1,-6.95,0.9858,1,0,29
31,8,0,0,2,1,-6.98,0.9853,1,0,29
32,11,0,0,3,1,-6.76,0.9848,1,0,29
33,7,0,0,3,1,-5.27,0.9843,1,0,29
34,6,0,0,2,1,-5.06,0.9839,1,0,29
35,16,0,0,4,2,-7.91,0.9834,1,0,32
36,5,0,0,2,1,-5.95,0.9829,1,0,32
37,10,0,0,4,1,-5.05,0.9824,1,0,32
38,5,0,0,2,1,-5.5,0.9819,1,0,32
39,10,0,0,1,1,-7.85,0.9815,1,0,32
40,13,0,0,4,1,-6.53,0.981,1,0,33
41,11,0,0,3,1,-7.36,0.9805,1,0,33
42,6,0,0,1,1,-6.26,0.98,1,0,33
43,13,0,0,3,1,-8.83,0.9796,1,0,33
44,17,0,0,2,1,-8.62,0.9791,1,0,33
45,8,0,0,3,1,-6.73,0.9786,1,0,33
46,7,0,0,2,1,-6.02,0.9781,1,0,33
47,10,0,0,2,1,-6.55,0.9777,1,0,33
48,8,0,0,1,1,-5.83,0.9772,1,0,34
49,7,0,0,2,1,-6.02,0.9767,1,0,35
50,5,0,0,3,1,-5.65,0.9762,1,0,35
51,16,0,0,4,1,-9.01,0.9758,1,0,35
52,6,0,0,3,1,-6.16,0.9753,1,0,35
53,10,0,0,4,1,-5.1,0.9748,1,0,35
54,11,0,0,3,1,-7.76,0.9744,1,0,35
55,5,0,0,4,1,-5.4,0.9739,1,0,35
56,11,0,0,1,1,-6.01,0.9734,1,0,35
57,7,0,0,2,1,-6.47,0.9729,1,0,35
58,11,0,0,3,1,-7.71,0.9725,1,0,35
59,5,0,0,4,1,-5.4,0.972,1,0,35
60,8,0,0,4,1,-6.03,0.9715,1,0,35
61,12,0,0,4,1,-6.92,0.971,1,0,36
62,6,0,0,3,1,-5.16,0.9706,1,0,36
63,22,0,0,2,1,-12.27,0.9701,1,0,36
64,9,0,0,1,1,-7.29,0.9696,1,0,36
65,5,0,0,1,1,-6.3,0.9691,1,0,36
66,13,0,0,5,2,-7.08,0.9687,1,0,36
67,7,0,0,1,1,-5.92,0.9682,1,0,36
68,11,0,0,2,1,-7.56,0.9677,1,0,36
69,10,0,0,2,1,-7.9,0.9672,1,0,38
70,6,0,0,2,1,-6.51,0.9667,1,0,38
71,10,0,0,3,1,-7.2,0.9663,1,0,38
72,5,0,0,3,1,-4.75,0.9658,1,0,38
73,7,0,0,4,1,-5.37,0.9653,1,0,38
74,5,0,0,3,1,-5.65,0.9648,1,0,38
75,7,0,0,4,1,-6.37,0.9644,1,0,38
76,11,0,0,3,1,-8.26,0.9639,1,0,38
77,5,0,0,3,1,-6.15,0.9634,1,0,38
78,5,0,0,3,1,-5.7,0.9629,1,0,38
79,14,0,0,3,1,-7.79,0.9625,1,0,38
80,8,0,0,1,1,-6.33,0.962,1,0,38
81,5,0,0,3,1,-5.65,0.9615,1,0,38
82,25,0,0,3,2,-10.0,0.961,1,0,38
83,7,0,0,3,1,-5.72,0.9606,1,0,38
84,9,0,0,3,1,-6.24,0.9601,1,0,38
85,5,0,0,4,1,-5.35,0.9596,1,0,38
86,9,0,0,1,1,-7.34,0.9591,1,0,38
87,11,0,0,3,1,-5.81,0.9587,1,0,38
88,5,0,0,3,1,-5.65,0.9582,1,0,38
89,20,0,0,3,1,-9.5,0.9577,1,0,38
90,50,0,0,4,2,-18.05,0.9573,1,0,38
91,11,0,0,1,1,-7.36,0.9568,1,0,39
92,9,0,0,4,1,-5.49,0.9563,1,0,39
93,7,0,0,2,1,-6.52,0.9558,1,0,39
94,5,0,0,3,1,-5.65,0.9554,1,0,39
95,7,0,0,1,1,-6.77,0.9549,1,0,39
96,5,0,0,3,1,-5.7,0.9544,1,0,39
97,8,0,0,2,1,-6.53,0.9539,1,0,40
98,19,0,0,3,1,-10.89,0.9535,1,0,40
99,6,0,0,4,1,-5.41,0.953,1,0,40
100,10,0,0,3,1,-7.05,0.9525,1,0,40
101,6,0,0,2,1,-6.46,0.952,1,0,40
102,13,0,0,3,1,-6.43,0.9516,1,0,40
103,8,0,0,4,1,-5.88,0.9511,1,0,40
104,51,0,0,8,3,-17.86,0.9506,1,0,45
105,6,0,0,3,1,-5.26,0.9501,1,0,45
106,35,0,0,5,2,-10.25,0.9496,1,0,47
107,9,0,0,6,1,-4.24,0.9492,1,0,48
108,16,0,0,2,1,-8.16,0.9487,1,0,48
109,10,0,0,4,1,-5.55,0.9482,1,0,48
110,7,0,0,3,1,-5.27,0.9477,1,0,48
111,22,0,0,3,1,-10.42,0.9473,1,0,48
112,5,0,0,3,1,-5.65,0.9468,1,0,48
113,24,0,0,1,1,-10.64,0.9463,1,0,48
114,6,0,0,3,1,-5.21,0.9458,1,0,48
115,14,0,0,3,1,-7.34,0.9454,1,0,48
116,12,0,0,2,1,-7.02,0.9449,1,0,48
117,6,0,0,2,1,-6.46,0.9444,1,0,48
118,8,0,0,2,1,-7.03,0.9439,1,0,48
119,6,0,0,4,1,-4.96,0.9435,1,0,48
120,9,0,0,2,1,-7.04,0.943,1,0,48
121,21,0,0,3,2,-9.01,0.9425,1,0,48
122,11,0,0,4,1,-5.51,0.9421,1,0,48
123,13,0,0,4,1,-7.08,0.9416,1,0,48
124,10,0,0,2,1,-5.6,0.9411,1,0,48
125,8,0,0,4,1,-5.43,0.9406,1,0,48
126,7,0,0,2,1,-5.57,0.9402,1,0,48
127,16,0,0,4,2,-8.01,0.9397,1,0,48
128,24,0,0,5,2,-9.34,0.9392,1,0,48
129,5,0,0,2,1,-5.5,0.9387,1,0,48
130,7,0,0,3,1,-6.12,0.9383,1,0,48
131,5,0,0,2,1,-5.5,0.9378,1,0,48
132,12,0,0,4,1,-7.52,0.9373,1,0,48
133,6,0,0,2,1,-5.46,0.9368,1,0,48
134,5,0,0,2,1,-5.95,0.9364,1,0,48
135,7,0,0,4,1,-4.57,0.9359,1,0,48
136,7,0,0,2,1,-5.57,0.9354,1,0,48
137,13,0,0,3,1,-6.78,0.9349,1,0,48
138,10,0,0,4,1,-5.55,0.9345,1,0,48
139,12,0,0,3,1,-6.87,0.934,1,0,48
140,9,0,0,2,1,-7.54,0.9335,1,0,48
141,5,0,0,2,1,-6.0,0.933,1,0,48
142,5,0,0,3,1,-5.55,0.9325,1,0,48
143,8,0,0,3,1,-6.73,0.9321,1,0,48
144,9,0,0,3,1,-5.29,0.9316,1,0,48
145,10,0,0,2,1,-6.05,0.9311,1,0,48
146,22,0,0,3,2,-9.92,0.9306,1,0,48
147,11,0,0,3,1,-7.26,0.9302,1,0,48
148,5,0,0,4,1,-5.35,0.9297,1,0,48
149,5,0,0,4,1,-5.4,0.9292,1,0,48
150,8,0,0,3,1,-6.13,0.9287,1,0,48
151,8,0,0,2,1,-6.58,0.9283,1,0,48
152,5,0,0,4,1,-5.4,0.9278,1,0,48
153,5,0,0,4,1,-5.35,0.9273,1,0,48
154,15,0,0,4,2,-7.6,0.9268,1,0,48
155,5,0,0,3,1,-5.7,0.9264,1,0,48
156,10,0,0,2,1,-5.9,0.9259,1,0,48
157,24,0,0,6,2,-9.54,0.9254,1,0,49
158,5,0,0,3,1,-5.2,0.925,1,0,49
159,6,0,0,2,1,-5.11,0.9245,1,0,49
160,10,0,0,4,1,-6.4,0.924,1,0,49
161,22,0,0,4,2,-9.77,0.9235,1,0,49
162,6,0,0,3,1,-5.26,0.9231,1,0,49
163,22,0,0,4,1,-10.67,0.9226,1,0,49
164,6,0,0,3,1,-5.51,0.9221,1,0,49
165,19,0,0,3,1,-8.54,0.9216,1,0,49
166,10,0,0,3,1,-8.2,0.9212,1,0,49
167,9,0,0,1,1,-6.34,0.9207,1,0,49
168,23,0,0,10,3,-6.28,0.9202,1,0,49
169,12,0,0,2,1,-7.62,0.9197,1,0,49
170,7,0,0,3,1,-5.22,0.9193,1,0,49
171,10,0,0,1,1,-7.4,0.9188,1,0,49
172,6,0,0,3,1,-5.71,0.9183,1,0,49
173,11,0,0,4,1,-7.91,0.9178,1,0,50
174,5,0,0,0,1,-6.1,0.9173,1,0,50
175,5,0,0,3,1,-5.2,0.9169,1,0,50
176,8,0,0,3,1,-5.58,0.9164,1,0,50
177,7,0,0,3,1,-5.07,0.9159,1,0,50
178,10,0,0,4,1,-6.9,0.9154,1,0,50
179,6,0,0,3,1,-5.66,0.915,1,0,50
180,8,0,0,3,1,-5.73,0.9145,1,0,50
181,7,0,0,2,1,-7.02,0.914,1,0,50
182,5,0,0,4,1,-4.9,0.9135,1,0,50
183,7,0,0,3,1,-6.72,0.9131,1,0,50
184,6,0,0,4,1,-5.41,0.9126,1,0,50
185,6,0,0,2,1,-5.81,0.9121,1,0,50
186,7,0,0,3,1,-6.12,0.9116,1,0,50
187,6,0,0,3,1,-6.16,0.9112,1,0,50
188,6,0,0,1,1,-5.36,0.9107,1,0,50
189,6,0,0,3,1,-5.26,0.9102,1,0,50
190,5,0,0,3,1,-5.65,0.9098,1,0,50
191,5,0,0,4,1,-5.35,0.9093,1,0,50
192,6,0,0,4,1,-5.91,0.9088,1,0,50
193,13,0,0,3,1,-6.68,0.9083,1,0,50
194,8,0,0,2,1,-7.03,0.9079,1,0,50
195,11,0,0,3,1,-6.21,0.9074,1,0,50
196,13,0,0,6,2,-5.38,0.9069,1,0,50
197,15,0,0,2,1,-8.7,0.9064,1,0,50
198,12,0,0,2,1,-7.62,0.906,1,0,50
199,5,0,0,4,1,-5.85,0.9055,1,0,50
200,6,0,0,2,1,-5.91,0.905,1,0,51
201,5,0,0,4,1,-4.9,0.9045,1,0,51
202,13,0,0,4,1,-6.08,0.9041,1,0,51
203,5,0,0,4,1,-4.9,0.9036,1,0,51
204,5,0,0,4,1,-5.35,0.9031,1,0,51
205,8,0,0,3,1,-6.73,0.9026,1,0,51
206,5,0,0,3,1,-5.65,0.9022,1,0,51
207,6,0,0,3,1,-5.71,0.9017,1,0,51
208,5,0,0,3,1,-5.2,0.9012,1,0,51
209,17,0,0,4,1,-7.67,0.9007,1,0,51
210,14,0,0,2,1,-7.04,0.9002,1,0,51
211,6,0,0,2,1,-6.01,0.8998,1,0,51
212,5,0,0,4,1,-4.9,0.8993,1,0,51
213,5,0,0,3,1,-5.2,0.8988,1,0,51
214,16,0,0,2,1,-9.21,0.8983,1,0,51
215,6,0,0,2,1,-6.06,0.8979,1,0,51
216,5,0,0,3,1,-6.15,0.8974,1,0,51
217,15,0,0,9,2,-6.4,0.8969,1,0,51
218,8,0,0,3,1,-6.13,0.8964,1,0,51
219,9,0,0,3,1,-5.79,0.896,1,0,51
220,7,0,0,3,1,-6.12,0.8955,1,0,51
221,7,0,0,3,1,-5.77,0.895,1,0,51
222,7,0,0,3,1,-6.67,0.8945,1,0,51
223,10,0,0,5,1,-5.6,0.8941,1,0,51
224,8,0,0,4,1,-5.43,0.8936,1,0,51
225,19,0,0,5,2,-7.49,0.8931,1,0,51
226,13,0,0,3,1,-8.28,0.8926,1,0,51
227,6,0,0,3,1,-5.66,0.8922,1,0,51
228,9,0,0,5,1,-6.09,0.8917,1,0,51
229,13,0,0,3,1,-6.43,0.8912,1,0,51
230,12,0,0,2,1,-8.12,0.8908,1,0,51
231,9,0,0,2,1,-5.69,0.8903,1,0,51
232,11,0,0,3,1,-6.61,0.8898,1,0,51
233,14,0,0,5,2,-6.74,0.8893,1,0,51
234,15,0,0,2,1,-8.2,0.8889,1,0,51
235,13,0,0,3,1,-6.88,0.8884,1,0,51
236,31,0,0,4,1,-12.31,0.8879,1,0,51
237,5,0,0,3,1,-5.2,0.8874,1,0,51
238,10,0,0,3,1,-7.75,0.887,1,0,51
239,24,0,0,1,1,-8.69,0.8865,1,0,51
240,22,0,0,2,1,-12.22,0.886,1,0,51
241,8,0,0,3,1,-6.73,0.8855,1,0,51
242,7,0,0,2,1,-6.52,0.8851,1,0,51
243,23,0,0,3,1,-9.98,0.8846,1,0,51
244,5,0,0,2,1,-5.95,0.8841,1,0,51
245,5,0,0,1,1,-5.35,0.8836,1,0,51
246,12,0,0,3,1,-6.27,0.8831,1,0,51
247,13,0,0,4,1,-8.33,0.8827,1,0,51
248,9,0,0,2,1,-6.19,0.8822,1,0,51
249,16,0,0,2,1,-8.51,0.8817,1,0,51
250,8,0,0,4,1,-5.43,0.8812,1,0,51
251,5,0,0,3,1,-5.2,0.8808,1,0,51
252,12,0,0,2,1,-7.52,0.8803,1,0,51
253,13,0,0,2,1,-8.58,0.8798,1,0,51
254,5,0,0,2,1,-5.85,0.8793,1,0,51
255,5,0,0,3,1,-5.25,0.8789,1,0,51
256,21,0,0,5,2,-7.91,0.8784,1,0,51
257,5,0,0,3,1,-5.65,0.8779,1,0,51
258,10,0,0,2,1,-5.65,0.8775,1,0,51
259,17,0,0,1,1,-7.52,0.877,1,0,51
260,10,0,0,3,1,-5.9,0.8765,1,0,51
261,49,0,0,12,3,-10.34,0.876,1,0,52
262,30,0,0,5,3,-10.05,0.8756,1,0,52
263,8,0,0,3,1,-5.68,0.8751,1,0,52
264,6,0,0,2,1,-6.36,0.8746,1,0,52
265,8,0,0,3,1,-6.18,0.8741,1,0,52
266,8,0,0,4,1,-4.98,0.8737,1,0,52
267,6,0,0,2,1,-5.96,0.8732,1,0,52
268,24,0,0,3,1,-9.14,0.8727,1,0,52
269,6,0,0,3,1,-5.26,0.8722,1,0,52
270,15,0,0,3,1,-8.85,0.8718,1,0,52
271,11,0,0,3,1,-7.36,0.8713,1,0,52
272,7,0,0,2,1,-6.52,0.8708,1,0,52
273,7,0,0,1,1,-6.37,0.8703,1,0,52
274,6,0,0,3,1,-5.21,0.8699,1,0,52
275,5,0,0,3,1,-5.65,0.8694,1,0,52
276,17,0,0,3,1,-7.87,0.8689,1,0,52
277,10,0,0,2,1,-7.45,0.8684,1,0,52
278,16,0,0,8,2,-6.66,0.8679,1,0,52
279,11,0,0,6,1,-4.56,0.8675,1,0,52
280,8,0,0,2,1,-6.98,0.867,1,0,52
281,11,0,0,2,1,-7.11,0.8665,1,0,52
282,5,0,0,4,1,-4.9,0.866,1,0,52
283,6,0,0,1,1,-6.36,0.8656,1,0,52
284,6,0,0,4,1,-5.31,0.8651,1,0,52
285,10,0,0,2,1,-8.0,0.8646,1,0,52
286,15,0,0,2,1,-8.65,0.8641,1,0,52
287,8,0,0,2,1,-6.98,0.8637,1,0,52
288,13,0,0,1,1,-8.38,0.8632,1,0,52
289,10,0,0,4,1,-6.9,0.8627,1,0,52
290,6,0,0,2,1,-6.01,0.8622,1,0,52
291,7,0,0,2,1,-6.87,0.8618,1,0,52
292,8,0,0,2,1,-6.08,0.8613,1,0,52
293,17,0,0,4,2,-8.17,0.8608,1,0,52
294,6,0,0,3,1,-5.71,0.8603,1,0,52
295,16,0,0,2,1,-8.66,0.8599,1,0,52
296,11,0,0,2,1,-7.91,0.8594,1,0,52
297,9,0,0,2,1,-6.59,0.8589,1,0,52
298,7,0,0,2,1,-6.07,0.8585,1,0,52
299,7,0,0,6,1,-4.27,0.858,1,0,52
300,5,0,0,4,1,-5.35,0.8575,1,0,52
301,12,0,0,5,1,-6.12,0.857,1,0,52
302,12,0,0,6,1,-5.82,0.8566,1,0,52
303,6,0,0,1,1,-6.31,0.8561,1,0,52
304,8,0,0,5,1,-5.58,0.8556,1,0,52
305,10,0,0,3,1,-6.7,0.8551,1,0,52
306,9,0,0,3,1,-6.24,0.8547,1,0,52
307,10,0,0,1,1,-7.3,0.8542,1,0,52
308,14,0,0,2,1,-7.14,0.8537,1,0,52
309,8,0,0,1,1,-6.83,0.8532,1,0,52
310,8,0,0,6,1,-4.83,0.8528,1,0,52
311,8,0,0,2,1,-6.98,0.8523,1,0,52
312,6,0,0,4,1,-5.86,0.8518,1,0,52
313,33,0,0,11,3,-5.33,0.8513,1,0,53
314,8,0,0,3,1,-7.18,0.8508,1,0,53
315,7,0,0,3,1,-6.17,0.8504,1,0,53
316,6,0,0,4,1,-5.76,0.8499,1,0,53
317,5,0,0,4,1,-5.35,0.8494,1,0,53
318,17,0,0,4,2,-7.07,0.8489,1,0,53
319,8,0,0,3,1,-6.18,0.8485,1,0,53
320,6,0,0,2,1,-6.46,0.848,1,0,53
321,16,0,0,3,1,-7.91,0.8475,1,0,53
322,6,0,0,4,1,-4.96,0.847,1,0,53
323,5,0,0,3,1,-5.2,0.8466,1,0,53
324,6,0,0,2,1,-6.01,0.8461,1,0,53
325,7,0,0,2,1,-5.07,0.8456,1,0,53
326,7,0,0,2,1,-5.57,0.8452,1,0,53
327,6,0,0,3,1,-6.16,0.8447,1,0,53
328,14,0,0,1,1,-8.84,0.8442,1,0,53
329,23,0,0,9,3,-7.58,0.8437,1,0,55
330,10,0,0,3,1,-4.85,0.8433,1,0,57
331,7,0,0,3,1,-6.12,0.8428,1,0,57
332,8,0,0,3,1,-5.33,0.8423,1,0,57
333,10,0,0,4,1,-6.45,0.8418,1,0,57
334,5,0,0,2,1,-4.55,0.8414,1,0,57
335,13,0,0,2,1,-8.08,0.8409,1,0,57
336,11,0,0,3,1,-6.61,0.8404,1,0,57
337,10,0,0,5,1,-6.15,0.8399,1,0,57
338,15,0,0,2,1,-8.75,0.8395,1,0,57
339,11,0,0,3,1,-7.31,0.839,1,0,57
340,19,0,0,3,1,-8.79,0.8385,1,0,57
341,13,0,0,3,1,-7.23,0.838,1,0,57
342,33,0,0,5,3,-12.08,0.8376,1,0,57
343,13,0,0,6,2,-5.48,0.8371,1,0,57
344,7,0,0,1,1,-6.77,0.8366,1,0,57
345,24,0,0,5,2,-8.44,0.8361,1,0,57
346,17,0,0,6,2,-8.92,0.8357,1,0,57
347,7,0,0,2,1,-6.52,0.8352,1,0,57
348,6,0,0,4,1,-5.36,0.8347,1,0,57
349,11,0,0,4,1,-6.41,0.8342,1,0,57
350,5,0,0,3,1,-5.65,0.8337,1,0,57
351,10,0,0,4,1,-6.5,0.8333,1,0,57
352,8,0,0,3,1,-7.18,0.8328,1,0,57
353,5,0,0,4,1,-4.8,0.8323,1,0,57
354,10,0,0,3,1,-7.75,0.8318,1,0,57
355,8,0,0,4,1,-4.98,0.8314,1,0,57
356,8,0,0,2,1,-5.98,0.8309,1,0,57
357,6,0,0,3,1,-5.66,0.8304,1,0,57
358,11,0,0,2,1,-7.06,0.8299,1,0,57
359,7,0,0,4,1,-4.92,0.8295,1,0,57
360,5,0,0,4,1,-4.9,0.829,1,0,57
361,31,0,0,1,3,-12.26,0.8285,1,0,57
362,6,0,0,3,1,-5.66,0.828,1,0,57
363,9,0,0,2,1,-5.54,0.8276,1,0,57
364,27,0,0,6,3,-9.27,0.8271,1,0,57
365,17,0,0,6,2,-7.42,0.8266,1,0,57
366,21,0,0,5,1,-8.71,0.8262,1,0,57
367,7,0,0,4,1,-5.47,0.8257,1,0,57
368,10,0,0,3,1,-7.75,0.8252,1,0,57
369,25,0,0,4,2,-10.3,0.8247,1,0,57
370,6,0,0,2,1,-6.01,0.8243,1,0,57
371,11,0,0,4,1,-6.51,0.8238,1,0,57
372,20,0,0,5,2,-8.3,0.8233,1,0,57
373,7,0,0,2,1,-6.02,0.8228,1,0,57
374,26,0,0,3,2,-7.16,0.8224,1,0,57
375,11,0,0,2,1,-7.61,0.8219,1,0,57
376,9,0,0,5,1,-5.04,0.8214,1,0,57
377,8,0,0,3,1,-6.23,0.8209,1,0,57
378,9,0,0,2,1,-7.99,0.8205,1,0,57
379,20,0,0,2,1,-11.25,0.82,1,0,57
380,5,0,0,2,1,-5.95,0.8195,1,0,57
381,5,0,0,2,1,-5.5,0.819,1,0,57
382,20,0,0,4,2,-8.55,0.8185,1,0,57
383,9,0,0,2,1,-6.59,0.8181,1,0,57
384,9,0,0,3,1,-7.24,0.8176,1,0,57
385,8,0,0,2,1,-5.63,0.8171,1,0,57
386,7,0,0,3,1,-5.62,0.8166,1,0,57
387,36,0,0,4,2,-13.26,0.8162,1,0,59
388,9,0,0,1,1,-7.34,0.8157,1,0,59
389,15,0,0,5,2,-7.25,0.8152,1,0,59
390,9,0,0,2,1,-6.59,0.8147,1,0,59
391,6,0,0,4,1,-6.26,0.8143,1,0,59
392,18,0,0,4,2,-7.28,0.8138,1,0,59
393,8,0,0,3,1,-5.48,0.8133,1,0,59
394,6,0,0,3,1,-6.16,0.8128,1,0,59
395,5,0,0,4,1,-4.95,0.8124,1,0,59
396,10,0,0,3,1,-7.2,0.8119,1,0,59
397,13,0,0,2,1,-8.48,0.8114,1,0,59
398,22,0,0,2,1,-8.82,0.811,1,0,59
399,16,0,0,6,2,-7.81,0.8105,1,0,59
400,11,0,0,2,1,-5.61,0.81,1,0,59
401,12,0,0,5,1,-5.82,0.8095,1,0,59
402,6,0,0,3,1,-5.21,0.8091,1,0,59
403,5,0,0,4,1,-4.45,0.8086,1,0,59
404,20,0,0,1,1,-7.75,0.8081,1,0,59
405,22,0,0,5,2,-8.87,0.8076,1,0,59
406,10,0,0,2,1,-7.1,0.8072,1,0,59
407,9,0,0,6,1,-4.89,0.8067,1,0,59
408,6,0,0,4,1,-4.91,0.8062,1,0,59
409,19,0,0,6,2,-6.04,0.8057,1,0,59
410,5,0,0,3,1,-5.2,0.8053,1,0,59
411,25,0,0,4,2,-10.1,0.8048,1,0,59
412,5,0,0,3,1,-5.2,0.8043,1,0,59
413,5,0,0,3,1,-5.65,0.8038,1,0,59
414,8,0,0,2,1,-6.03,0.8034,1,0,59
415,5,0,0,3,1,-5.65,0.8029,1,0,59
416,6,0,0,3,1,-5.76,0.8024,1,0,59
417,5,0,0,3,1,-5.2,0.8019,1,0,59
418,5,0,0,3,1,-5.5,0.8014,1,0,59
419,6,0,0,3,1,-6.06,0.801,1,0,59
420,8,0,0,4,1,-4.98,0.8005,1,0,59
421,5,0,0,2,1,-5.05,0.8,1,0,59
422,12,0,0,1,1,-8.87,0.7995,1,0,59
423,5,0,0,4,1,-5.4,0.7991,1,0,59
424,8,0,0,4,1,-5.78,0.7986,1,0,59
425,29,0,0,10,3,-10.04,0.7981,1,0,60
426,6,0,0,3,1,-6.16,0.7976,1,0,60
427,51,0,0,8,3,-14.26,0.7972,1,0,60
428,5,0,0,3,1,-5.2,0.7967,1,0,60
429,9,0,0,3,1,-7.69,0.7962,1,0,60
430,5,0,0,3,1,-5.65,0.7957,1,0,60
431,13,0,0,3,1,-8.83,0.7953,1,0,60
432,5,0,0,4,1,-4.9,0.7948,1,0,60
433,31,0,0,3,1,-9.36,0.7943,1,0,61
434,7,0,0,2,1,-5.47,0.7938,1,0,61
435,7,0,0,4,1,-5.92,0.7934,1,0,61
436,7,0,0,4,1,-6.27,0.7929,1,0,61
437,20,0,0,8,2,-7.45,0.7924,1,0,61
438,5,0,0,2,1,-5.4,0.792,1,0,61
439,17,0,0,2,1,-7.62,0.7915,1,0,61
440,8,0,0,4,1,-6.78,0.791,1,0,61
441,14,0,0,3,1,-5.14,0.7905,1,0,61
442,16,0,0,3,1,-6.46,0.7901,1,0,61
443,6,0,0,0,1,-6.21,0.7896,1,0,61
444,11,0,0,2,1,-6.71,0.7891,1,0,61
445,8,0,0,2,1,-6.58,0.7886,1,0,61
446,12,0,0,4,1,-7.02,0.7882,1,0,61
447,6,0,0,4,1,-4.96,0.7877,1,0,61
448,8,0,0,4,1,-4.98,0.7872,1,0,61
449,9,0,0,1,1,-7.39,0.7867,1,0,61
450,10,0,0,3,1,-6.35,0.7863,1,0,61
451,6,0,0,3,1,-5.11,0.7858,1,0,61
452,24,0,0,2,2,-8.84,0.7853,1,0,61
453,29,0,0,3,3,-8.04,0.7848,1,0,61
454,15,0,0,3,1,-7.9,0.7843,1,0,61
455,19,0,0,8,2,-5.89,0.7839,1,0,61
456,10,0,0,4,1,-5.6,0.7834,1,0,61
457,22,0,0,4,2,-9.12,0.7829,1,0,61
458,7,0,0,3,1,-5.57,0.7824,1,0,61
459,25,0,0,10,3,-6.55,0.782,1,0,61
460,5,0,0,3,1,-4.65,0.7815,1,0,61
461,6,0,0,3,1,-5.26,0.781,1,0,61
462,16,0,0,6,2,-6.91,0.7805,1,0,61
463,24,0,0,4,1,-8.84,0.7801,1,0,61
464,6,0,0,3,1,-5.11,0.7796,1,0,62
465,8,0,0,5,1,-5.63,0.7791,1,0,62
466,9,0,0,2,1,-6.64,0.7787,1,0,62
467,6,0,0,1,1,-5.81,0.7782,1,0,62
468,11,0,0,2,1,-6.71,0.7777,1,0,62
469,10,0,0,5,1,-5.25,0.7772,1,0,62
470,11,0,0,2,1,-8.51,0.7768,1,0,62
471,12,0,0,4,1,-7.97,0.7763,1,0,62
472,8,0,0,5,1,-5.13,0.7758,1,0,62
473,8,0,0,3,1,-4.78,0.7753,1,0,62
474,12,0,0,1,1,-7.52,0.7749,1,0,62
475,6,0,0,1,1,-5.81,0.7744,1,0,62
476,7,0,0,3,1,-5.77,0.7739,1,0,62
477,9,0,0,3,1,-7.69,0.7734,1,0,62
478,6,0,0,2,1,-5.56,0.773,1,0,62
479,11,0,0,2,1,-6.21,0.7725,1,0,62
480,6,0,0,4,1,-4.96,0.772,1,0,62
481,13,0,0,5,1,-4.78,0.7715,1,0,62
482,18,0,0,4,2,-6.68,0.7711,1,0,62
483,6,0,0,2,1,-5.51,0.7706,1,0,62
484,6,0,0,1,1,-5.81,0.7701,1,0,62
485,11,0,0,5,1,-6.71,0.7696,1,0,62
486,8,0,0,1,1,-6.83,0.7692,1,0,62
487,19,0,0,4,2,-9.04,0.7687,1,0,62
488,8,0,0,4,1,-5.43,0.7682,1,0,62
489,20,0,0,6,2,-7.4,0.7677,1,0,62
490,11,0,0,5,1,-7.61,0.7672,1,0,62
491,8,0,0,3,1,-5.83,0.7668,1,0,62
492,7,0,0,1,1,-6.77,0.7663,1,0,62
493,5,0,0,4,1,-4.9,0.7658,1,0,62
494,9,0,0,4,1,-5.94,0.7653,1,0,62
495,7,0,0,5,1,-5.07,0.7649,1,0,62
496,51,0,0,8,3,-11.71,0.7644,1,0,62
497,11,0,0,3,1,-7.76,0.7639,1,0,62
498,15,0,0,7,2,-4.65,0.7634,1,0,62
499,6,0,0,4,1,-3.96,0.763,1,0,62
500,5,0,0,4,1,-4.8,0.7625,1,0,62
501,36,0,0,7,3,-7.61,0.762,1,0,62
502,16,0,0,2,1,-6.66,0.7615,1,0,62
503,11,0,0,2,1,-6.26,0.7611,1,0,62
504,15,0,0,4,2,-7.55,0.7606,1,0,62
505,15,0,0,2,1,-8.15,0.7601,1,0,62
506,6,0,0,3,1,-5.66,0.7597,1,0,62
507,17,0,0,3,1,-8.82,0.7592,1,0,62
508,13,0,0,1,1,-8.43,0.7587,1,0,62
509,8,0,0,2,1,-6.03,0.7582,1,0,62
510,14,0,0,6,2,-5.99,0.7578,1,0,62
511,10,0,0,2,1,-7.05,0.7573,1,0,62
512,6,0,0,3,1,-5.21,0.7568,1,0,62
513,15,0,0,2,1,-6.75,0.7563,1,0,62
514,14,0,0,2,1,-9.14,0.7559,1,0,62
515,14,0,0,5,1,-5.84,0.7554,1,0,62
516,9,0,0,1,1,-7.79,0.7549,1,0,62
517,8,0,0,3,1,-6.68,0.7544,1,0,62
518,12,0,0,5,2,-5.67,0.754,1,0,63
519,7,0,0,3,1,-5.17,0.7535,1,0,63
520,6,0,0,3,1,-5.71,0.753,1,0,63
521,6,0,0,3,1,-4.81,0.7525,1,0,63
522,11,0,0,5,1,-5.66,0.752,1,0,63
523,21,0,0,2,1,-10.81,0.7516,1,0,63
524,13,0,0,5,2,-6.58,0.7511,1,0,63
525,6,0,0,3,1,-5.61,0.7506,1,0,63
526,5,0,0,2,1,-5.05,0.7501,1,0,63
527,6,0,0,3,1,-5.16,0.7497,1,0,63
528,9,0,0,4,1,-5.84,0.7492,1,0,63
529,7,0,0,3,1,-5.67,0.7487,1,0,63
530,5,0,0,3,1,-4.75,0.7483,1,0,63
531,14,0,0,3,1,-9.74,0.7478,1,0,63
532,8,0,0,3,1,-5.83,0.7473,1,0,63
533,8,0,0,2,1,-5.53,0.7468,1,0,63
534,5,0,0,2,1,-5.05,0.7464,1,0,63
535,7,0,0,3,1,-5.72,0.7459,1,0,63
536,10,0,0,3,1,-7.7,0.7454,1,0,63
537,13,0,0,6,2,-5.28,0.7449,1,0,63
538,9,0,0,3,1,-6.29,0.7445,1,0,63
539,16,0,0,7,2,-5.91,0.744,1,0,63
540,9,0,0,3,1,-7.19,0.7435,1,0,63
541,7,0,0,3,1,-5.77,0.743,1,0,63
542,5,0,0,2,1,-5.5,0.7426,1,0,63
543,7,0,0,2,1,-6.52,0.7421,1,0,63
544,6,0,0,2,1,-4.51,0.7416,1,0,63
545,14,0,0,2,1,-9.14,0.7411,1,0,63
546,5,0,0,2,1,-5.95,0.7407,1,0,63
547,6,0,0,3,1,-5.21,0.7402,1,0,63
548,14,0,0,5,1,-6.24,0.7397,1,0,63
549,8,0,0,3,1,-5.78,0.7392,1,0,63
550,8,0,0,3,1,-5.48,0.7388,1,0,63
551,6,0,0,2,1,-5.41,0.7383,1,0,63
552,8,0,0,4,1,-4.98,0.7378,1,0,63
553,6,0,0,2,1,-5.51,0.7373,1,0,63
554,11,0,0,1,1,-7.36,0.7369,1,0,63
555,16,0,0,5,2,-7.61,0.7364,1,0,63
556,24,0,0,4,3,-7.24,0.7359,1,0,63
557,8,0,0,3,1,-6.78,0.7354,1,0,63
558,6,0,0,3,1,-4.81,0.7349,1,0,63
559,7,0,0,2,1,-6.52,0.7345,1,0,63
560,7,0,0,3,1,-5.77,0.734,1,0,63
561,8,0,0,3,1,-6.73,0.7335,1,0,63
562,20,0,0,2,1,-8.7,0.733,1,0,63
563,8,0,0,1,1,-5.38,0.7326,1,0,63
564,16,0,0,8,2,-4.86,0.7321,1,0,63
565,9,0,0,2,1,-6.09,0.7316,1,0,63
566,39,0,0,9,3,-11.54,0.7311,1,0,63
567,25,0,0,4,1,-9.65,0.7307,1,0,63
568,15,0,0,5,2,-5.8,0.7302,1,0,63
569,20,0,0,4,2,-7.15,0.7297,1,0,63
570,5,0,0,3,1,-4.75,0.7292,1,0,63
571,15,0,0,6,2,-8.25,0.7288,1,0,63
572,12,0,0,3,1,-7.72,0.7283,1,0,63
573,12,0,0,3,1,-7.77,0.7278,1,0,63
574,6,0,0,2,1,-5.51,0.7274,1,0,63
575,6,0,0,2,1,-5.51,0.7269,1,0,63
576,9,0,0,2,1,-7.04,0.7264,1,0,63
577,7,0,0,5,1,-4.57,0.7259,1,0,63
578,7,0,0,2,1,-5.62,0.7255,1,0,63
579,21,0,0,8,2,-7.36,0.725,1,0,63
580,8,0,0,3,1,-5.63,0.7245,1,0,63
581,21,0,0,5,2,-9.21,0.724,1,0,63
582,9,0,0,1,1,-5.79,0.7236,1,0,63
583,7,0,0,3,1,-5.32,0.7231,1,0,63
584,7,0,0,2,1,-5.47,0.7226,1,0,63
585,21,0,0,4,2,-8.11,0.7221,1,0,63
586,26,0,0,4,2,-10.16,0.7217,1,0,63
587,11,0,0,2,1,-8.56,0.7212,1,0,63
588,5,0,0,4,1,-4.25,0.7207,1,0,63
589,7,0,0,2,1,-6.02,0.7202,1,0,63
590,6,0,0,2,1,-5.06,0.7198,1,0,63
591,5,0,0,3,1,-5.6,0.7193,1,0,63
592,6,0,0,2,1,-6.01,0.7188,1,0,63
593,18,0,0,8,2,-4.48,0.7183,1,0,63
594,6,0,0,2,1,-5.86,0.7179,1,0,63
595,14,0,0,4,2,-6.49,0.7174,1,0,63
596,8,0,0,3,1,-6.73,0.7169,1,0,63
597,7,0,0,5,1,-4.57,0.7164,1,0,63
598,8,0,0,2,1,-5.68,0.716,1,0,63
599,5,0,0,3,1,-4.65,0.7155,1,0,63
600,8,0,0,3,1,-5.68,0.715,1,0,63
601,5,0,0,4,1,-4.9,0.7145,1,0,63
602,6,0,0,2,1,-5.06,0.7141,1,0,63
603,9,0,0,3,1,-6.34,0.7136,1,0,63
604,7,0,0,3,1,-5.27,0.7131,1,0,63
605,5,0,0,3,1,-4.75,0.7126,1,0,63
606,11,0,0,5,1,-7.06,0.7122,1,0,63
607,14,0,0,3,1,-7.29,0.7117,1,0,63
608,8,0,0,5,1,-4.18,0.7112,1,0,63
609,23,0,0,7,2,-8.13,0.7107,1,0,63
610,12,0,0,3,1,-7.77,0.7103,1,0,63
611,20,0,0,5,2,-7.5,0.7098,1,0,63
612,6,0,0,1,1,-5.36,0.7093,1,0,63
613,6,0,0,3,1,-5.71,0.7088,1,0,63
614,9,0,0,3,1,-6.29,0.7084,1,0,63
615,8,0,0,3,1,-6.23,0.7079,1,0,63
616,8,0,0,3,1,-5.78,0.7074,1,0,63
617,15,0,0,6,2,-5.4,0.7069,1,0,63
618,13,0,0,3,2,-6.83,0.7065,1,0,63
619,7,0,0,3,1,-6.22,0.706,1,0,63
620,5,0,0,3,1,-5.2,0.7055,1,0,63
621,5,0,0,3,1,-5.65,0.705,1,0,63
622,10,0,0,4,1,-6.45,0.7046,1,0,63
623,5,0,0,2,1,-5.95,0.7041,1,0,63
624,19,0,0,4,2,-8.59,0.7036,1,0,63
625,8,0,0,2,1,-6.13,0.7031,1,0,63
626,5,0,0,3,1,-5.2,0.7026,1,0,63
627,9,0,0,4,1,-4.84,0.7022,1,0,63
628,37,0,0,10,3,-7.02,0.7017,1,0,63
629,9,0,0,3,1,-5.74,0.7012,1,0,63
630,15,0,0,3,1,-6.45,0.7007,1,0,63
631,18,0,0,5,2,-7.33,0.7003,1,0,63
632,7,0,0,3,1,-5.22,0.6998,1,0,63
633,9,0,0,2,1,-6.59,0.6993,1,0,63
634,5,0,0,2,1,-5.5,0.6988,1,0,63
635,7,0,0,3,1,-5.27,0.6984,1,0,63
636,9,0,0,5,1,-5.19,0.6979,1,0,63
637,5,0,0,3,1,-5.65,0.6974,1,0,63
638,10,0,0,3,1,-6.3,0.6969,1,0,63
639,8,0,0,2,1,-5.18,0.6965,1,0,63
640,6,0,0,2,1,-6.46,0.696,1,0,63
641,9,0,0,2,1,-5.59,0.6955,1,0,63
642,22,0,0,6,2,-8.67,0.695,1,0,63
643,14,0,0,2,1,-7.24,0.6946,1,0,63
644,5,0,0,3,1,-5.65,0.6941,1,0,63
645,6,0,0,3,1,-5.21,0.6936,1,0,63
646,8,0,0,3,1,-6.28,0.6931,1,0,63
647,9,0,0,2,1,-7.04,0.6927,1,0,63
648,5,0,0,4,1,-5.4,0.6922,1,0,63
649,7,0,0,3,1,-5.67,0.6917,1,0,63
650,9,0,0,2,1,-6.99,0.6913,1,0,63
651,5,0,0,2,1,-5.05,0.6908,1,0,63
652,12,0,0,4,1,-7.02,0.6903,1,0,63
653,15,0,0,5,2,-5.7,0.6898,1,0,65
654,14,0,0,6,2,-5.84,0.6894,1,0,65
655,8,0,0,3,1,-6.78,0.6889,1,0,65
656,7,0,0,2,1,-6.37,0.6884,1,0,65
657,5,0,0,4,1,-4.35,0.6879,1,0,65
658,6,0,0,2,1,-6.01,0.6875,1,0,65
659,7,0,0,3,1,-6.22,0.687,1,0,65
660,7,0,0,3,1,-5.77,0.6865,1,0,65
661,16,0,0,4,2,-7.66,0.686,1,0,65
662,6,0,0,2,1,-5.96,0.6855,1,0,65
663,6,0,0,3,1,-5.76,0.6851,1,0,65
664,6,0,0,2,1,-5.56,0.6846,1,0,65
665,5,0,0,4,1,-4.9,0.6841,1,0,65
666,14,0,0,6,2,-6.44,0.6836,1,0,65
667,6,0,0,1,1,-5.81,0.6832,1,0,65
668,11,0,0,3,1,-6.81,0.6827,1,0,65
669,15,0,0,6,2,-7.0,0.6822,1,0,65
670,16,0,0,5,2,-8.21,0.6818,1,0,65
671,8,0,0,2,1,-6.43,0.6813,1,0,65
672,18,0,0,7,2,-6.33,0.6808,1,0,65
673,9,0,0,2,1,-7.44,0.6803,1,0,65
674,7,0,0,2,1,-5.47,0.6799,1,0,65
675,12,0,0,2,1,-7.17,0.6794,1,0,65
676,6,0,0,3,1,-5.66,0.6789,1,0,65
677,7,0,0,1,1,-7.17,0.6784,1,0,65
678,5,0,0,3,1,-6.15,0.678,1,0,65
679,8,0,0,2,1,-6.58,0.6775,1,0,65
680,33,0,0,4,3,-10.33,0.677,1,0,65
681,20,0,0,7,2,-7.2,0.6765,1,0,65
682,5,0,0,3,1,-5.65,0.6761,1,0,65
683,6,0,0,2,1,-6.46,0.6756,1,0,65
684,25,0,0,6,2,-9.15,0.6751,1,0,65
685,9,0,0,3,1,-6.74,0.6746,1,0,65
686,9,0,0,6,1,-4.29,0.6742,1,0,65
687,7,0,0,5,1,-4.97,0.6737,1,0,65
688,6,0,0,4,1,-5.01,0.6732,1,0,65
689,6,0,0,3,1,-5.71,0.6727,1,0,65
690,8,0,0,3,1,-6.23,0.6723,1,0,65
691,10,0,0,2,1,-5.65,0.6718,1,0,65
692,7,0,0,2,1,-6.02,0.6713,1,0,65
693,6,0,0,2,1,-5.51,0.6708,1,0,65
694,15,0,0,6,2,-5.95,0.6704,1,0,65
695,6,0,0,3,1,-5.21,0.6699,1,0,65
696,7,0,0,3,1,-6.67,0.6694,1,0,65
697,6,0,0,3,1,-6.16,0.6689,1,0,65
698,5,0,0,3,1,-5.7,0.6684,1,0,65
699,19,0,0,3,1,-6.59,0.668,1,0,65
700,15,0,0,4,2,-6.0,0.6675,1,0,65
701,7,0,0,3,1,-5.27,0.667,1,0,65
702,6,0,0,4,1,-5.91,0.6665,1,0,65
703,20,0,0,5,2,-6.35,0.6661,1,0,65
704,8,0,0,3,1,-6.18,0.6656,1,0,65
705,6,0,0,3,1,-5.56,0.6651,1,0,65
706,7,0,0,2,1,-5.57,0.6646,1,0,65
707,6,0,0,2,1,-5.96,0.6642,1,0,65
708,11,0,0,2,1,-6.96,0.6637,1,0,65
709,8,0,0,2,1,-6.53,0.6632,1,0,65
710,6,0,0,2,1,-5.51,0.6627,1,0,65
711,14,0,0,9,2,-5.39,0.6623,1,0,65
712,6,0,0,2,1,-5.56,0.6618,1,0,65
713,8,0,0,4,1,-5.48,0.6613,1,0,65
714,9,0,0,2,1,-6.49,0.6609,1,0,65
715,15,0,0,6,2,-6.35,0.6604,1,0,65
716,7,0,0,2,1,-6.02,0.6599,1,0,65
717,11,0,0,6,1,-4.41,0.6594,1,0,65
718,7,0,0,3,1,-4.82,0.659,1,0,65
719,10,0,0,2,1,-6.65,0.6585,1,0,65
720,14,0,0,5,2,-6.29,0.658,1,0,65
721,6,0,0,2,1,-5.01,0.6575,1,0,65
722,6,0,0,3,1,-5.21,0.6571,1,0,65
723,16,0,0,5,2,-6.86,0.6566,1,0,65
724,8,0,0,2,1,-6.53,0.6561,1,0,65
725,6,0,0,3,1,-5.66,0.6556,1,0,65
726,6,0,0,3,1,-5.16,0.6552,1,0,65
727,9,0,0,1,1,-6.34,0.6547,1,0,65
728,6,0,0,4,1,-5.41,0.6542,1,0,65
729,14,0,0,5,2,-4.74,0.6537,1,0,65
730,5,0,0,4,1,-4.8,0.6532,1,0,65
731,7,0,0,2,1,-5.02,0.6528,1,0,65
732,5,0,0,4,1,-4.9,0.6523,1,0,65
733,6,0,0,3,1,-5.66,0.6518,1,0,65
734,6,0,0,3,1,-5.71,0.6514,1,0,65
735,10,0,0,3,1,-5.35,0.6509,1,0,65
736,31,0,0,9,3,-8.71,0.6504,1,0,65
737,9,0,0,4,1,-5.49,0.6499,1,0,65
738,6,0,0,2,1,-4.61,0.6495,1,0,65
739,17,0,0,6,2,-6.62,0.649,1,0,65
740,5,0,0,3,1,-5.7,0.6485,1,0,65
741,8,0,0,2,1,-5.98,0.648,1,0,65
742,6,0,0,3,1,-5.71,0.6476,1,0,65
743,14,0,0,6,2,-5.94,0.6471,1,0,65
744,10,0,0,2,1,-5.6,0.6466,1,0,65
745,7,0,0,2,1,-6.02,0.6461,1,0,65
746,8,0,0,2,1,-6.08,0.6457,1,0,65
747,10,0,0,2,1,-7.1,0.6452,1,0,65
748,33,1,1,7,3,-5.83,0.6447,1,0,65
749,5,0,0,4,1,-5.35,0.6442,1,0,65
750,5,0,0,4,1,-4.9,0.6438,1,0,65
751,5,0,0,4,1,-4.9,0.6433,1,0,65
752,10,0,0,3,1,-4.35,0.6428,1,0,65
753,11,0,0,2,1,-6.51,0.6423,1,0,65
754,12,0,0,6,1,-4.52,0.6419,1,0,65
755,17,0,0,6,2,-6.52,0.6414,1,0,65
756,7,0,0,3,1,-6.22,0.6409,1,0,65
757,6,0,0,3,1,-4.66,0.6404,1,0,65
758,22,0,0,6,2,-8.12,0.64,1,0,65
759,5,0,0,3,1,-5.2,0.6395,1,0,65
760,12,0,0,2,1,-7.57,0.639,1,0,65
761,14,0,0,8,2,-5.24,0.6385,1,0,65
762,17,0,0,4,2,-8.57,0.6381,1,0,65
763,15,0,0,2,1,-7.25,0.6376,1,0,65
764,12,0,0,1,1,-6.52,0.6371,1,0,65
765,5,0,0,4,1,-4.45,0.6366,1,0,65
766,6,0,0,2,1,-6.06,0.6361,1,0,65
767,5,0,0,3,1,-5.2,0.6357,1,0,65
768,6,0,0,2,1,-4.51,0.6352,1,0,65
769,6,0,0,2,1,-5.06,0.6347,1,0,65
770,6,0,0,3,1,-5.21,0.6342,1,0,65
771,19,0,0,8,2,-5.84,0.6338,1,0,65
772,11,0,0,3,1,-5.56,0.6333,1,0,65
773,8,0,0,2,1,-6.03,0.6328,1,0,65
774,8,0,0,3,1,-6.23,0.6323,1,0,65
775,13,0,0,3,1,-6.43,0.6319,1,0,65
776,12,0,0,3,1,-6.77,0.6314,1,0,65
777,9,0,0,3,1,-4.84,0.6309,1,0,65
778,28,0,0,8,3,-9.03,0.6304,1,0,65
779,10,0,0,3,1,-5.8,0.63,1,0,65
780,8,0,0,3,1,-5.33,0.6295,1,0,65
781,9,0,0,3,1,-5.84,0.629,1,0,65
782,6,0,0,2,1,-5.96,0.6285,1,0,65
783,5,0,0,1,1,-4.8,0.6281,1,0,65
784,24,0,0,9,3,-6.09,0.6276,1,0,65
785,6,0,0,2,1,-5.11,0.6271,1,0,65
786,8,0,0,2,1,-5.43,0.6266,1,0,65
787,7,0,0,2,1,-5.57,0.6262,1,0,65
788,15,0,0,5,2,-5.8,0.6257,1,0,65
789,23,0,0,6,2,-6.23,0.6252,1,0,65
790,15,0,0,2,1,-8.1,0.6248,1,0,65
791,8,0,0,3,1,-6.13,0.6243,1,0,65
792,8,0,0,2,1,-6.53,0.6238,1,0,65
793,7,0,0,2,1,-6.02,0.6233,1,0,65
794,5,0,0,3,1,-5.25,0.6229,1,0,65
795,9,0,0,4,1,-5.04,0.6224,1,0,65
796,6,0,0,3,1,-5.21,0.6219,1,0,65
797,5,0,0,4,1,-4.9,0.6214,1,0,65
798,8,0,0,3,1,-6.23,0.621,1,0,65
799,22,0,0,7,2,-10.12,0.6205,1,0,65
800,8,0,0,3,1,-5.78,0.62,1,0,65
801,21,0,0,8,3,-6.01,0.6195,1,0,65
802,8,0,0,2,1,-6.08,0.619,1,0,65
803,5,0,0,3,1,-5.65,0.6186,1,0,65
804,13,0,0,6,2,-6.83,0.6181,1,0,65
805,6,0,0,3,1,-5.26,0.6176,1,0,65
806,6,0,0,2,1,-6.01,0.6171,1,0,65
807,10,0,0,2,1,-5.55,0.6167,1,0,65
808,23,1,1,5,2,-7.18,0.6162,1,0,65
809,7,0,0,3,1,-4.72,0.6157,1,0,65
810,5,0,0,4,1,-4.8,0.6153,1,0,65
811,7,0,0,3,1,-6.17,0.6148,1,0,65
812,5,0,0,4,1,-4.45,0.6143,1,0,65
813,10,0,0,5,1,-5.15,0.6138,1,0,65
814,20,0,0,5,2,-7.8,0.6134,1,0,65
815,22,0,0,2,1,-6.22,0.6129,1,0,65
816,5,0,0,4,1,-5.35,0.6124,1,0,65
817,9,0,0,3,1,-6.79,0.6119,1,0,65
818,14,0,0,5,2,-5.74,0.6115,1,0,65
819,6,0,0,2,1,-5.51,0.611,1,0,65
820,8,0,0,3,1,-5.63,0.6105,1,0,65
821,16,0,0,4,2,-7.06,0.61,1,0,65
822,19,0,0,5,2,-5.84,0.6096,1,0,65
823,7,0,0,2,1,-6.02,0.6091,1,0,65
824,27,0,0,5,3,-8.92,0.6086,1,0,66
825,13,0,0,5,2,-6.73,0.6081,1,0,66
826,6,0,0,2,1,-5.06,0.6077,1,0,66
827,17,0,0,6,2,-7.52,0.6072,1,0,66
828,5,0,0,3,1,-4.3,0.6067,1,0,66
829,16,0,0,5,2,-6.76,0.6062,1,0,66
830,14,0,0,4,1,-7.59,0.6058,1,0,66
831,35,0,0,8,3,-10.95,0.6053,1,0,68
832,7,0,0,3,1,-4.67,0.6048,1,0,68
833,18,0,0,5,2,-7.68,0.6043,1,0,68
834,35,0,0,8,3,-7.6,0.6038,1,0,70
835,14,0,0,5,2,-6.29,0.6034,1,0,70
836,5,0,0,4,1,-5.35,0.6029,1,0,70
837,5,0,0,4,1,-5.35,0.6024,1,0,70
838,37,0,0,5,3,-10.57,0.6019,1,0,70
839,15,0,0,4,1,-8.45,0.6015,1,0,70
840,38,0,0,9,4,-8.33,0.601,1,0,70
841,15,0,0,4,2,-6.45,0.6005,1,0,70
842,5,0,0,3,1,-4.75,0.6,1,0,70
843,9,0,0,3,1,-6.24,0.5996,1,0,70
844,13,0,0,9,2,-4.93,0.5991,1,0,70
845,6,0,0,3,1,-5.71,0.5986,1,0,70
846,5,0,0,2,1,-4.4,0.5981,1,0,70
847,24,0,0,7,2,-5.84,0.5977,1,0,70
848,16,0,0,5,2,-5.76,0.5972,1,0,70
849,17,0,0,5,2,-6.92,0.5967,1,0,70
850,8,0,0,2,1,-5.53,0.5962,1,0,70
851,10,0,0,4,1,-5.8,0.5958,1,0,70
852,9,0,0,3,1,-5.84,0.5953,1,0,70
853,6,0,0,2,1,-5.51,0.5948,1,0,70
854,17,0,0,4,2,-7.07,0.5944,1,0,70
855,5,0,0,2,1,-5.95,0.5939,1,0,70
856,6,0,0,2,1,-4.96,0.5934,1,0,70
857,6,0,0,3,1,-5.21,0.5929,1,0,70
858,9,0,0,3,1,-6.14,0.5925,1,0,70
859,9,0,0,3,1,-5.84,0.592,1,0,70
860,11,0,0,3,1,-4.76,0.5915,1,0,70
861,13,0,0,2,1,-6.13,0.591,1,0,70
862,6,0,0,3,1,-5.21,0.5906,1,0,70
863,6,0,0,3,1,-4.21,0.5901,1,0,70
864,7,0,0,3,1,-5.62,0.5896,1,0,70
865,7,0,0,3,1,-5.62,0.5891,1,0,70
866,6,0,0,3,1,-4.76,0.5887,1,0,70
867,13,0,0,5,1,-5.68,0.5882,1,0,70
868,10,0,0,3,1,-5.8,0.5877,1,0,70
869,10,0,0,3,1,-6.7,0.5872,1,0,70
870,6,0,0,2,1,-6.01,0.5867,1,0,70
871,13,0,0,8,2,-4.33,0.5863,1,0,70
872,18,0,0,5,2,-8.73,0.5858,1,0,70
873,16,0,0,5,2,-5.41,0.5853,1,0,70
874,5,0,0,2,1,-4.95,0.5849,1,0,70
875,8,0,0,3,1,-6.73,0.5844,1,0,70
876,10,0,0,2,1,-7.0,0.5839,1,0,70
877,8,0,0,3,1,-5.23,0.5834,1,0,70
878,6,0,0,3,1,-4.66,0.583,1,0,70
879,11,0,0,2,1,-6.16,0.5825,1,0,70
880,6,0,0,3,1,-4.76,0.582,1,0,70
881,12,0,0,5,1,-4.27,0.5815,1,0,70
882,6,0,0,3,1,-5.66,0.5811,1,0,70
883,7,0,0,3,1,-4.82,0.5806,1,0,70
884,9,0,0,2,1,-7.09,0.5801,1,0,70
885,6,0,0,4,1,-5.46,0.5796,1,0,70
886,17,0,0,6,2,-6.97,0.5792,1,0,70
887,9,0,0,2,1,-6.14,0.5787,1,0,70
888,5,0,0,2,1,-5.95,0.5782,1,0,70
889,7,0,0,2,1,-6.47,0.5777,1,0,70
890,8,0,0,5,1,-5.08,0.5773,1,0,70
891,15,0,0,4,2,-5.55,0.5768,1,0,70
892,11,0,0,3,1,-6.36,0.5763,1,0,70
893,33,0,0,7,3,-6.48,0.5758,1,0,70
894,19,0,0,5,2,-8.39,0.5754,1,0,70
895,9,0,0,4,1,-4.99,0.5749,1,0,70
896,6,0,0,3,1,-4.81,0.5744,1,0,70
897,5,0,0,2,1,-5.95,0.5739,1,0,70
898,6,0,0,3,1,-4.71,0.5735,1,0,70
899,11,0,0,3,1,-6.66,0.573,1,0,70
900,9,0,0,3,1,-5.64,0.5725,1,0,70
901,19,0,0,5,2,-6.24,0.572,1,0,70
902,6,0,0,3,1,-5.11,0.5716,1,0,70
903,7,0,0,3,1,-5.77,0.5711,1,0,70
904,20,0,0,7,2,-6.15,0.5706,1,0,70
905,6,0,0,1,1,-5.26,0.5701,1,0,70
906,5,0,0,4,1,-5.35,0.5696,1,0,70
907,6,0,0,2,1,-5.46,0.5692,1,0,70
908,13,0,0,5,2,-6.73,0.5687,1,0,70
909,17,0,0,7,2,-5.32,0.5682,1,0,70
910,9,0,0,5,1,-5.24,0.5677,1,0,70
911,17,0,0,6,2,-7.57,0.5673,1,0,70
912,32,0,0,10,3,-5.47,0.5668,1,0,70
913,13,0,0,5,1,-6.08,0.5663,1,0,70
914,21,0,0,5,2,-6.86,0.5658,1,0,70
915,6,0,0,2,1,-5.06,0.5654,1,0,70
916,8,0,0,4,1,-5.78,0.5649,1,0,70
917,7,0,0,3,1,-5.77,0.5644,1,0,70
918,5,0,0,4,1,-4.9,0.5639,1,0,70
919,10,0,0,3,1,-5.85,0.5635,1,0,70
920,14,0,0,2,1,-8.14,0.563,1,0,70
921,5,0,0,2,1,-4.5,0.5625,1,0,70
922,9,0,0,3,1,-4.84,0.562,1,0,70
923,24,0,0,7,3,-5.84,0.5616,1,0,70
924,8,0,0,1,1,-5.83,0.5611,1,0,70
925,6,0,0,3,1,-5.26,0.5606,1,0,70
926,5,0,0,3,1,-5.65,0.5601,1,0,70
927,14,0,0,6,2,-6.49,0.5597,1,0,70
928,21,0,0,6,2,-6.56,0.5592,1,0,70
929,6,0,0,3,1,-5.11,0.5587,1,0,70
930,6,0,0,1,1,-5.86,0.5583,1,0,70
931,7,0,0,3,1,-4.72,0.5578,1,0,70
932,6,0,0,3,1,-5.21,0.5573,1,0,70
933,14,0,0,9,2,-4.89,0.5568,1,0,70
934,17,0,0,4,2,-6.57,0.5564,1,0,70
935,11,0,0,2,1,-6.11,0.5559,1,0,70
936,6,0,0,4,1,-5.86,0.5554,1,0,70
937,82,0,0,7,6,-11.87,0.5549,1,0,71
938,6,0,0,3,1,-6.16,0.5545,1,0,71
939,8,0,0,3,1,-6.13,0.554,1,0,71
940,7,0,0,3,1,-5.67,0.5535,1,0,71
941,17,0,0,5,2,-6.47,0.553,1,0,71
942,7,0,0,2,1,-5.92,0.5526,1,0,71
943,8,0,0,3,1,-6.23,0.5521,1,0,71
944,22,0,0,12,3,-4.27,0.5516,1,0,71
945,6,0,0,2,1,-5.51,0.5511,1,0,71
946,13,0,0,9,2,-4.03,0.5507,1,0,71
947,8,0,0,3,1,-5.78,0.5502,1,0,71
948,6,0,0,2,1,-5.96,0.5497,1,0,71
949,16,0,0,8,2,-4.46,0.5492,1,0,71
950,15,0,0,5,2,-6.8,0.5488,1,0,71
951,6,0,0,1,1,-5.81,0.5483,1,0,71
952,6,0,0,3,1,-5.21,0.5478,1,0,71
953,6,0,0,3,1,-5.26,0.5473,1,0,71
954,6,0,0,3,1,-4.21,0.5469,1,0,72
955,41,0,0,8,4,-8.66,0.5464,1,0,72
956,16,0,0,4,2,-7.61,0.5459,1,0,72
957,31,0,0,9,3,-7.71,0.5454,1,0,72
958,41,0,0,15,5,-9.66,0.545,1,0,72
959,9,0,0,2,1,-6.49,0.5445,1,0,72
960,9,0,0,5,1,-4.59,0.544,1,0,72
961,22,0,0,5,3,-5.47,0.5435,1,0,72
962,14,0,0,5,2,-4.84,0.5431,1,0,72
963,7,0,0,3,1,-5.27,0.5426,1,0,72
964,6,0,0,2,1,-5.11,0.5421,1,0,72
965,5,0,0,4,1,-4.35,0.5416,1,0,72
966,8,0,0,3,1,-6.23,0.5412,1,0,72
967,7,0,0,3,1,-5.77,0.5407,1,0,72
968,5,0,0,2,1,-5.4,0.5402,1,0,72
969,80,1,1,12,4,-10.7,0.5397,1,0,75
970,6,0,0,2,1,-4.61,0.5393,1,0,75
971,5,0,0,2,1,-5.55,0.5388,1,0,75
972,18,0,0,3,2,-6.73,0.5383,1,0,75
973,6,0,0,2,1,-5.06,0.5378,1,0,75
974,6,0,0,2,1,-5.51,0.5373,1,0,75
975,7,0,0,3,1,-5.27,0.5369,1,0,75
976,61,0,0,14,5,-7.76,0.5364,1,0,75
977,7,0,0,2,1,-6.07,0.5359,1,0,75
978,7,0,0,3,1,-4.72,0.5354,1,0,75
979,16,0,0,8,2,-4.81,0.535,1,0,75
980,8,0,0,3,1,-4.23,0.5345,1,0,75
981,14,0,0,6,2,-6.04,0.534,1,0,75
982,17,0,0,6,2,-5.57,0.5335,1,0,75
983,7,0,0,3,1,-4.72,0.5331,1,0,75
984,28,0,0,9,4,-6.48,0.5326,1,0,75
985,5,0,0,3,1,-4.3,0.5321,1,0,75
986,29,0,0,9,3,-6.74,0.5316,1,0,75
987,15,0,0,3,1,-7.45,0.5312,1,0,75
988,9,0,0,2,1,-6.64,0.5307,1,0,75
989,38,0,0,9,3,-9.33,0.5302,1,0,75
990,9,0,0,3,1,-5.89,0.5297,1,0,75
991,7,0,0,2,1,-6.52,0.5293,1,0,75
992,51,0,0,3,3,-11.46,0.5288,1,0,75
993,18,0,0,2,1,-7.83,0.5283,1,0,75
994,6,0,0,2,1,-6.01,0.5279,1,0,75
995,7,0,0,3,1,-5.72,0.5274,1,0,75
996,24,0,0,9,3,-7.14,0.5269,1,0,75
997,20,0,0,5,2,-7.8,0.5264,1,0,75
998,27,0,0,11,3,-6.22,0.526,1,0,75
999,5,0,0,4,1,-4.45,0.5255,1,0,75
1000,14,0,0,2,1,-6.34,0.525,1,0,75
1001,6,0,0,3,1,-4.31,0.5245,1,0,75
1002,7,0,0,3,1,-5.62,0.5241,1,0,75
1003,11,0,0,3,1,-5.86,0.5236,1,0,75
1004,8,0,0,3,1,-6.28,0.5231,1,0,75
1005,16,0,0,4,2,-6.31,0.5226,1,0,75
1006,6,0,0,2,1,-5.51,0.5222,1,0,75
1007,6,0,0,2,1,-6.01,0.5217,1,0,75
1008,14,0,0,6,2,-4.99,0.5212,1,0,75
1009,14,0,0,5,2,-6.29,0.5207,1,0,75
1010,5,0,0,4,1,-4.9,0.5203,1,0,75
1011,17,0,0,6,2,-6.42,0.5198,1,0,75
1012,16,0,0,6,2,-7.36,0.5193,1,0,75
1013,8,0,0,2,1,-6.53,0.5188,1,0,75
1014,6,0,0,2,1,-5.51,0.5184,1,0,75
1015,40,0,0,3,2,-9.35,0.5179,1,0,75
1016,14,0,0,7,2,-5.54,0.5174,1,0,75
1017,14,0,0,8,2,-4.44,0.5169,1,0,75
1018,6,0,0,3,1,-4.76,0.5165,1,0,75
1019,7,0,0,3,1,-4.72,0.516,1,0,75
1020,29,0,1,9,3,-7.59,0.5155,1,0,75
1021,5,0,0,3,1,-5.2,0.515,1,0,75
1022,14,0,0,2,1,-6.19,0.5146,1,0,75
1023,9,0,0,3,1,-5.29,0.5141,1,0,75
1024,6,0,0,1,1,-5.81,0.5136,1,0,75
1025,15,0,0,4,2,-7.1,0.5131,1,0,75
1026,9,0,0,5,1,-4.14,0.5127,1,0,75
1027,6,0,0,3,1,-4.66,0.5122,1,0,75
1028,5,0,0,3,1,-5.65,0.5117,1,0,75
1029,7,0,0,6,1,-4.32,0.5112,1,0,75
1030,15,0,0,6,2,-5.05,0.5108,1,0,75
1031,7,0,0,3,1,-5.07,0.5103,1,0,75
1032,16,0,0,6,2,-4.61,0.5098,1,0,75
1033,6,0,0,2,1,-5.51,0.5093,1,0,75
1034,14,0,0,8,2,-5.34,0.5089,1,0,75
1035,22,0,0,10,3,-6.12,0.5084,1,0,75
1036,6,0,0,3,1,-6.16,0.5079,1,0,75
1037,8,0,0,3,1,-5.78,0.5074,1,0,75
1038,30,0,0,6,3,-5.8,0.507,1,0,75
1039,7,0,0,1,1,-6.82,0.5065,1,0,75
1040,7,0,0,3,1,-4.27,0.506,1,0,75
1041,14,0,0,4,2,-6.59,0.5055,1,0,75
1042,17,0,0,5,2,-6.72,0.505,1,0,75
1043,13,0,0,9,2,-4.48,0.5046,1,0,75
1044,5,0,0,3,1,-4.75,0.5041,1,0,75
1045,7,0,0,2,1,-5.12,0.5036,1,0,75
1046,8,0,0,2,1,-5.53,0.5031,1,0,75
1047,5,0,0,4,1,-5.85,0.5027,1,0,75
1048,52,0,0,8,4,-6.97,0.5022,1,0,75
1049,16,0,0,3,2,-6.36,0.5017,1,0,75
1050,8,0,0,3,1,-6.68,0.5012,1,0,75
1051,30,0,0,3,2,-7.95,0.5008,1,0,75
1052,8,0,0,3,1,-5.78,0.5003,1,0,75
1053,7,0,0,6,1,-4.77,0.4998,1,0,75
1054,6,0,0,3,1,-5.16,0.4993,1,0,75
1055,28,0,0,9,3,-6.73,0.4989,1,0,75
1056,6,0,0,3,1,-4.76,0.4984,1,0,75
1057,33,0,0,11,4,-6.53,0.4979,1,0,75
1058,22,0,0,10,3,-5.92,0.4974,1,0,75
1059,14,0,0,4,2,-6.04,0.497,1,0,75
1060,5,0,0,3,1,-4.75,0.4965,1,0,75
1061,7,0,0,3,1,-5.72,0.496,1,0,75
1062,8,0,0,2,1,-4.98,0.4956,1,0,75
1063,7,0,0,5,1,-3.62,0.4951,1,0,75
1064,7,0,0,3,1,-5.77,0.4946,1,0,75
1065,14,0,0,6,1,-6.44,0.4941,1,0,75
1066,7,0,0,4,1,-6.37,0.4937,1,0,75
1067,6,0,0,3,1,-5.11,0.4932,1,0,75
1068,16,0,0,9,2,-5.16,0.4927,1,0,75
1069,7,0,0,3,1,-4.82,0.4922,1,0,75
1070,17,0,0,4,2,-7.12,0.4918,1,0,75
1071,8,0,0,2,1,-7.03,0.4913,1,0,75
1072,7,0,0,3,1,-5.27,0.4908,1,0,75
1073,7,0,0,2,1,-5.97,0.4903,1,0,75
1074,7,0,0,2,1,-5.12,0.4899,1,0,75
1075,13,0,0,7,2,-3.63,0.4894,1,0,75
1076,6,0,0,3,1,-4.76,0.4889,1,0,75
1077,6,0,0,2,1,-5.96,0.4884,1,0,75
1078,24,0,0,9,3,-7.54,0.4879,1,0,75
1079,9,0,0,2,1,-6.04,0.4875,1,0,75
1080,7,0,0,2,1,-6.37,0.487,1,0,75
1081,16,0,0,5,2,-5.41,0.4865,1,0,75
1082,7,0,0,2,1,-6.02,0.486,1,0,75
1083,22,0,0,14,3,-3.62,0.4856,1,0,75
1084,8,0,0,5,1,-5.18,0.4851,1,0,75
1085,13,0,0,5,2,-5.18,0.4846,1,0,75
1086,10,0,0,3,1,-5.35,0.4841,1,0,75
1087,6,0,0,3,1,-5.66,0.4837,1,0,75
1088,5,0,0,3,1,-4.65,0.4832,1,0,75
1089,6,0,0,2,1,-4.96,0.4827,1,0,75
1090,34,0,0,8,4,-7.24,0.4822,1,0,75
1091,14,0,0,4,2,-6.49,0.4818,1,0,75
1092,7,0,0,3,1,-5.72,0.4813,1,0,75
1093,75,0,0,5,3,-11.6,0.4808,1,0,75
1094,6,0,0,3,1,-5.21,0.4803,1,0,75
1095,44,0,0,12,3,-6.19,0.4799,1,0,75
1096,21,1,1,9,3,-4.51,0.4794,1,0,75
1097,28,0,0,5,3,-5.93,0.4789,1,0,75
1098,42,0,0,7,3,-10.82,0.4784,1,0,75
1099,26,0,0,13,3,-4.06,0.478,1,0,75
1100,29,0,0,10,3,-6.84,0.4775,1,0,75
1101,50,0,0,18,5,-6.3,0.477,1,0,75
1102,6,0,0,2,1,-4.86,0.4766,1,0,75
1103,22,0,0,11,3,-3.47,0.4761,1,0,75
1104,6,0,0,3,1,-4.76,0.4756,1,0,75
1105,6,0,0,2,1,-5.51,0.4751,1,0,75
1106,6,0,0,3,1,-5.21,0.4747,1,0,75
1107,29,0,0,11,3,-6.24,0.4742,1,0,75
1108,14,0,0,5,1,-7.19,0.4737,1,0,75
1109,18,0,0,2,1,-8.48,0.4732,1,0,75
1110,7,0,0,3,1,-4.87,0.4728,1,0,75
1111,22,0,0,5,2,-7.67,0.4723,1,0,75
1112,8,0,0,2,1,-6.08,0.4718,1,0,75
1113,13,0,0,4,2,-6.08,0.4713,1,0,75
1114,15,0,0,5,2,-5.8,0.4708,1,0,75
1115,53,0,0,11,5,-12.73,0.4704,1,0,77
1116,57,0,0,9,3,-10.52,0.4699,1,0,77
1117,10,0,0,3,1,-6.75,0.4694,1,0,77
1118,14,0,0,9,2,-5.04,0.4689,1,0,77
1119,6,0,0,2,1,-5.51,0.4685,1,0,77
1120,26,0,0,8,3,-6.96,0.468,1,0,77
1121,26,0,0,10,3,-5.06,0.4675,1,0,77
1122,7,0,0,3,1,-5.27,0.467,1,0,77
1123,13,0,0,3,2,-4.73,0.4666,1,0,77
1124,12,0,0,4,1,-5.07,0.4661,1,0,77
1125,14,0,0,7,2,-4.64,0.4656,1,0,77
1126,8,0,0,1,1,-6.83,0.4652,1,0,77
1127,5,0,0,3,1,-5.1,0.4647,1,0,77
1128,8,0,0,3,1,-5.73,0.4642,1,0,77
1129,18,0,0,5,2,-8.38,0.4637,1,0,77
1130,9,0,0,3,1,-4.39,0.4633,1,0,77
1131,14,0,0,9,2,-3.54,0.4628,1,0,77
1132,19,0,0,3,2,-7.54,0.4623,1,0,77
1133,7,0,0,4,1,-5.52,0.4618,1,0,77
1134,19,0,0,5,2,-7.04,0.4614,1,0,77
1135,8,0,0,2,1,-6.08,0.4609,1,0,77
1136,8,0,0,5,1,-4.68,0.4604,1,0,77
1137,7,0,0,2,1,-6.02,0.4599,1,0,77
1138,9,0,0,3,1,-4.94,0.4595,1,0,77
1139,16,0,0,3,2,-6.46,0.459,1,0,77
1140,7,0,0,3,1,-5.62,0.4585,1,0,77
1141,28,0,0,8,3,-6.58,0.458,1,0,77
1142,7,0,0,2,1,-4.92,0.4576,1,0,77
1143,6,0,0,4,1,-5.31,0.4571,1,0,77
1144,25,0,0,8,3,-7.85,0.4566,1,0,77
1145,14,0,0,3,2,-7.39,0.4561,1,0,77
1146,25,0,0,6,3,-6.2,0.4557,1,0,77
1147,6,0,0,3,1,-4.21,0.4552,1,0,77
1148,19,0,0,6,2,-6.14,0.4547,1,0,77
1149,6,0,0,3,1,-5.11,0.4542,1,0,77
1150,6,0,0,3,1,-5.66,0.4538,1,0,77
1151,53,0,0,10,3,-8.28,0.4533,1,0,77
1152,30,0,0,10,3,-6.35,0.4528,1,0,77
1153,15,0,0,9,2,-3.65,0.4523,1,0,77
1154,6,0,0,2,1,-5.06,0.4519,1,0,77
1155,25,0,0,6,3,-6.05,0.4514,1,0,77
1156,10,0,0,2,1,-5.3,0.4509,1,0,77
1157,6,0,0,2,1,-5.51,0.4504,1,0,77
1158,21,0,0,8,3,-6.76,0.45,1,0,77
1159,13,0,0,8,2,-4.23,0.4495,1,0,77
1160,37,0,0,8,2,-7.17,0.449,1,0,77
1161,15,0,0,2,1,-6.7,0.4485,1,0,77
1162,20,0,0,6,3,-5.95,0.4481,1,0,79
1163,9,0,0,3,1,-5.29,0.4476,1,0,79
1164,6,0,0,1,1,-5.81,0.4471,1,0,79
1165,5,0,0,3,1,-4.75,0.4466,1,0,79
1166,30,0,0,9,3,-8.85,0.4462,1,0,79
1167,6,0,0,3,1,-5.21,0.4457,1,0,79
1168,15,0,0,8,2,-4.85,0.4452,1,0,79
1169,37,0,0,6,3,-7.77,0.4447,1,0,79
1170,8,0,0,3,1,-5.68,0.4443,1,0,79
1171,5,0,0,2,1,-5.4,0.4438,1,0,79
1172,44,0,0,6,3,-8.34,0.4433,1,0,79
1173,10,0,0,6,1,-4.8,0.4428,1,0,79
1174,8,0,0,2,1,-6.53,0.4424,1,0,79
1175,17,0,0,5,2,-6.67,0.4419,1,0,79
1176,7,0,0,5,1,-5.57,0.4414,1,0,79
1177,5,0,0,2,1,-4.5,0.4409,1,0,79
1178,6,0,0,3,1,-4.76,0.4405,1,0,79
1179,30,0,0,11,3,-3.7,0.44,1,0,79
1180,6,0,0,2,1,-6.01,0.4395,1,0,79
1181,6,0,0,2,1,-5.51,0.439,1,0,79
1182,14,0,0,6,2,-6.44,0.4386,1,0,79
1183,6,0,0,3,1,-4.66,0.4381,1,0,79
1184,11,0,0,3,1,-5.76,0.4376,1,0,79
1185,102,0,0,12,6,-13.17,0.4371,1,0,79
1186,5,0,0,3,1,-4.65,0.4367,1,0,79
1187,7,0,0,3,1,-5.72,0.4362,1,0,79
1188,26,1,1,9,3,-5.06,0.4357,1,0,79
1189,7,0,0,2,1,-5.57,0.4352,1,0,79
1190,7,0,0,3,1,-4.82,0.4348,1,0,79
1191,15,0,0,5,2,-6.7,0.4343,1,0,79
1192,15,0,0,3,2,-6.05,0.4338,1,0,79
1193,100,1,1,18,6,-9.3,0.4333,1,0,79
1194,6,0,0,2,1,-5.96,0.4329,1,0,79
1195,6,0,0,3,1,-5.71,0.4324,1,0,79
1196,13,0,0,5,2,-5.78,0.4319,1,0,79
1197,7,0,0,3,1,-5.72,0.4314,1,0,79
1198,7,0,0,3,1,-4.62,0.431,1,0,79
1199,6,0,0,2,1,-6.01,0.4305,1,0,79
1200,9,0,0,3,1,-5.39,0.43,1,0,79
1201,6,0,0,3,1,-5.21,0.4295,1,0,79
1202,14,0,0,7,2,-5.04,0.4291,1,0,79
1203,7,0,0,2,1,-6.07,0.4286,1,0,79
1204,41,0,0,10,3,-8.66,0.4281,1,0,79
1205,12,0,0,2,1,-6.57,0.4276,1,0,79
1206,7,0,0,3,1,-5.72,0.4272,1,0,79
1207,61,0,0,10,6,-9.81,0.4267,1,0,79
1208,6,0,0,3,1,-5.21,0.4262,1,0,79
1209,13,0,0,6,2,-5.38,0.4257,1,0,79
1210,6,0,0,2,1,-5.06,0.4253,1,0,79
1211,9,0,0,4,1,-5.04,0.4248,1,0,79
1212,6,0,0,2,1,-5.51,0.4243,1,0,79
1213,7,0,0,3,1,-5.27,0.4238,1,0,79
1214,20,0,0,4,3,-7.1,0.4234,1,0,79
1215,15,0,0,5,2,-6.35,0.4229,1,0,79
1216,51,1,1,6,5,-8.51,0.4224,1,0,79
1217,7,0,0,2,1,-5.02,0.4219,1,0,79
1218,18,0,0,5,2,-8.18,0.4214,1,0,79
1219,7,0,0,3,1,-5.32,0.421,1,0,79
1220,17,0,0,5,2,-6.92,0.4205,1,0,79
1221,7,0,0,3,1,-5.27,0.42,1,0,79
1222,7,0,0,6,1,-4.22,0.4196,1,0,79
1223,7,0,0,3,1,-5.67,0.4191,1,0,79
1224,23,0,0,3,2,-6.03,0.4186,1,0,79
1225,9,0,0,2,1,-6.54,0.4181,1,0,79
1226,5,0,0,1,1,-5.75,0.4177,1,0,79
1227,15,0,0,4,2,-6.65,0.4172,1,0,79
1228,13,0,0,5,2,-6.23,0.4167,1,0,79
1229,44,0,0,8,3,-9.74,0.4162,1,0,79
1230,28,0,0,11,3,-5.58,0.4158,1,0,80
1231,64,0,0,10,4,-8.69,0.4153,1,0,81
1232,21,0,0,4,3,-7.26,0.4148,1,0,81
1233,7,0,0,3,1,-4.82,0.4143,1,0,81
1234,6,0,0,2,1,-4.61,0.4139,1,0,81
1235,13,0,0,9,2,-3.53,0.4134,1,0,81
1236,17,0,0,5,2,-6.37,0.4129,1,0,81
1237,6,0,0,2,1,-5.51,0.4124,1,0,81
1238,8,0,0,1,1,-6.83,0.412,1,0,81
1239,6,0,0,1,1,-6.76,0.4115,1,0,81
1240,7,0,0,3,1,-4.82,0.411,1,0,81
1241,20,0,0,7,2,-5.25,0.4105,1,0,81
1242,6,0,0,3,1,-4.76,0.4101,1,0,81
1243,25,0,0,6,3,-7.2,0.4096,1,0,81
1244,5,0,0,2,1,-5.05,0.4091,1,0,81
1245,8,0,0,3,1,-5.78,0.4086,1,0,81
1246,16,0,0,5,2,-5.81,0.4082,1,0,81
1247,14,0,0,6,2,-5.44,0.4077,1,0,81
1248,25,0,0,11,3,-3.5,0.4072,1,0,81
1249,5,0,0,4,1,-4.9,0.4067,1,0,81
1250,16,0,0,4,2,-7.51,0.4062,1,0,81
1251,13,0,0,5,2,-6.23,0.4058,1,0,81
1252,22,0,0,11,3,-6.47,0.4053,1,0,81
1253,17,0,0,7,2,-5.67,0.4048,1,0,81
1254,6,0,0,3,1,-4.76,0.4043,1,0,81
1255,6,0,0,2,1,-6.01,0.4039,1,0,81
1256,6,0,0,2,1,-5.41,0.4034,1,0,81
1257,6,0,0,3,1,-4.76,0.4029,1,0,81
1258,28,0,0,6,3,-7.53,0.4024,1,0,81
1259,7,0,0,2,1,-4.57,0.402,1,0,81
1260,16,0,0,4,2,-6.11,0.4015,1,0,81
1261,13,0,0,5,2,-4.78,0.401,1,0,81
1262,41,1,1,13,4,-4.01,0.4006,1,0,82
1263,13,0,0,6,2,-5.03,0.4001,1,0,82
1264,22,1,1,7,2,-4.22,0.3996,1,0,82
1265,8,0,0,2,1,-6.98,0.3991,1,0,82
1266,10,0,0,3,1,-5.15,0.3987,1,0,82
1267,15,0,0,8,2,-6.25,0.3982,1,0,82
1268,33,0,0,6,2,-5.83,0.3977,1,0,82
1269,8,0,0,5,1,-5.08,0.3972,1,0,82
1270,14,0,0,5,2,-6.29,0.3968,1,0,82
1271,16,0,0,5,2,-5.76,0.3963,1,0,82
1272,8,0,0,3,1,-4.68,0.3958,1,0,82
1273,13,0,0,4,2,-6.53,0.3953,1,0,82
1274,13,0,0,4,2,-6.98,0.3949,1,0,82
1275,8,0,0,3,1,-5.78,0.3944,1,0,82
1276,23,1,1,9,3,-5.08,0.3939,1,0,83
1277,5,0,0,2,1,-5.45,0.3934,1,0,83
1278,7,0,0,5,1,-3.97,0.393,1,0,83
1279,23,1,1,7,3,-5.68,0.3925,1,0,83
1280,28,0,0,5,3,-5.38,0.392,1,0,83
1281,7,0,0,2,1,-5.57,0.3915,1,0,83
1282,6,0,0,3,1,-4.21,0.3911,1,0,83
1283,6,0,0,2,1,-4.96,0.3906,1,0,83
1284,6,0,0,3,1,-6.16,0.3901,1,0,83
1285,15,0,0,5,2,-5.25,0.3896,1,0,83
1286,8,0,0,3,1,-6.28,0.3891,1,0,83
1287,13,0,0,7,2,-4.68,0.3887,1,0,83
1288,6,0,0,2,1,-4.61,0.3882,1,0,83
1289,5,0,0,2,1,-5.95,0.3877,1,0,83
1290,5,0,0,4,1,-4.9,0.3872,1,0,83
1291,31,0,0,12,3,-4.76,0.3868,1,0,83
1292,6,0,0,3,1,-4.76,0.3863,1,0,83
1293,14,0,0,5,2,-4.74,0.3858,1,0,83
1294,9,0,0,2,1,-6.14,0.3853,1,0,83
1295,11,0,0,1,1,-5.36,0.3849,1,0,83
1296,50,0,0,6,3,-8.95,0.3844,1,0,83
1297,6,0,0,3,1,-4.76,0.3839,1,0,83
1298,14,0,0,9,2,-3.14,0.3834,1,0,83
1299,10,0,0,2,1,-6.05,0.383,1,0,83
1300,17,0,0,7,2,-5.22,0.3825,1,0,83
1301,45,0,0,12,4,-6.45,0.382,1,0,83
1302,7,0,0,1,1,-5.77,0.3816,1,0,83
1303,10,0,0,2,1,-7.55,0.3811,1,0,83
1304,25,0,0,8,3,-6.6,0.3806,1,0,83
1305,11,0,0,4,1,-4.96,0.3801,1,0,83
1306,8,0,0,2,1,-5.08,0.3797,1,0,83
1307,7,0,0,3,1,-5.72,0.3792,1,0,83
1308,13,0,0,5,2,-5.78,0.3787,1,0,83
1309,28,0,0,11,3,-3.48,0.3782,1,0,83
1310,7,0,0,1,1,-5.87,0.3778,1,0,83
1311,7,0,0,2,1,-6.02,0.3773,1,0,83
1312,6,0,0,3,1,-4.76,0.3768,1,0,83
1313,26,0,0,11,3,-5.11,0.3763,1,0,83
1314,6,0,0,2,1,-4.61,0.3759,1,0,83
1315,15,0,0,5,2,-6.35,0.3754,1,0,83
1316,7,0,0,3,1,-5.27,0.3749,1,0,83
1317,13,0,0,8,2,-4.83,0.3744,1,0,83
1318,7,0,0,3,1,-5.17,0.374,1,0,83
1319,39,0,0,14,5,-4.94,0.3735,1,0,83
1320,5,0,0,3,1,-4.2,0.373,1,0,83
1321,16,0,0,3,2,-5.56,0.3725,1,0,83
1322,31,1,1,4,3,-5.31,0.372,1,0,83
1323,17,0,0,7,2,-4.22,0.3716,1,0,83
1324,23,0,0,9,3,-5.23,0.3711,1,0,83
1325,7,0,0,3,1,-5.27,0.3706,1,0,83
1326,9,0,0,2,1,-5.94,0.3701,1,0,83
1327,36,0,0,19,4,-0.81,0.3697,1,0,84
1328,6,0,0,3,1,-4.76,0.3692,1,0,84
1329,5,0,0,1,1,-4.85,0.3687,1,0,84
1330,25,0,0,12,3,-4.35,0.3682,1,0,84
1331,28,0,0,9,3,-5.33,0.3678,1,0,84
1332,7,0,0,3,1,-5.17,0.3673,1,0,84
1333,7,0,0,2,1,-4.57,0.3668,1,0,84
1334,19,0,0,7,3,-5.64,0.3663,1,0,84
1335,6,0,0,2,1,-5.51,0.3659,1,0,84
1336,7,0,0,1,1,-6.32,0.3654,1,0,84
1337,17,0,0,6,2,-6.17,0.3649,1,0,84
1338,22,0,0,13,3,-2.57,0.3644,1,0,84
1339,22,0,0,5,2,-9.47,0.364,1,0,84
1340,8,0,0,2,1,-6.03,0.3635,1,0,84
1341,30,0,0,7,2,-4.4,0.363,1,0,84
1342,13,0,0,9,2,-3.93,0.3626,1,0,84
1343,7,0,0,3,1,-5.72,0.3621,1,0,84
1344,6,0,0,3,1,-5.21,0.3616,1,0,84
1345,15,0,0,6,2,-6.2,0.3611,1,0,84
1346,63,0,0,6,5,-8.88,0.3607,1,0,84
1347,6,0,0,2,1,-4.96,0.3602,1,0,84
1348,26,0,0,9,3,-5.81,0.3597,1,0,84
1349,5,0,0,2,1,-5.0,0.3592,1,0,84
1350,6,0,0,3,1,-5.11,0.3588,1,0,84
1351,26,0,0,10,3,-5.86,0.3583,1,0,84
1352,6,0,0,3,1,-5.21,0.3578,1,0,84
1353,13,0,0,7,2,-5.43,0.3573,1,0,84
1354,54,0,0,10,4,-9.34,0.3569,1,0,84
1355,19,0,0,5,2,-7.04,0.3564,1,0,84
1356,7,0,0,3,1,-5.17,0.3559,1,0,84
1357,36,1,1,9,3,-6.21,0.3554,1,0,85
1358,18,0,0,6,2,-5.03,0.3549,1,0,85
1359,7,0,0,2,1,-5.12,0.3545,1,0,85
1360,8,0,0,2,1,-5.53,0.354,1,0,85
1361,15,0,0,7,2,-5.7,0.3535,1,0,85
1362,7,0,0,2,1,-4.92,0.353,1,0,85
1363,7,0,0,2,1,-5.12,0.3526,1,0,85
1364,13,0,0,5,2,-6.68,0.3521,1,0,85
1365,13,0,0,7,2,-5.13,0.3516,1,0,85
1366,16,0,0,2,2,-7.66,0.3511,1,0,85
1367,14,0,0,4,2,-5.14,0.3507,1,0,85
1368,26,2,2,9,3,-4.06,0.3502,1,0,85
1369,6,0,0,2,1,-4.96,0.3497,1,0,85
1370,16,0,0,5,2,-6.31,0.3492,1,0,85
1371,23,0,0,9,3,-4.63,0.3488,1,0,85
1372,6,0,0,2,1,-5.06,0.3483,1,0,85
1373,20,0,0,7,2,-4.8,0.3478,1,0,85
1374,5,0,0,3,1,-5.2,0.3473,1,0,85
1375,15,0,0,6,2,-6.05,0.3469,1,0,85
1376,22,0,0,12,3,-3.67,0.3464,1,0,85
1377,5,0,0,1,1,-4.8,0.3459,1,0,85
1378,15,0,0,6,2,-6.4,0.3455,1,0,85
1379,14,0,0,5,2,-5.29,0.345,1,0,85
1380,23,0,0,8,3,-5.08,0.3445,1,0,85
1381,14,0,0,4,2,-6.59,0.344,1,0,85
1382,8,0,0,2,1,-5.53,0.3436,1,0,85
1383,5,0,0,3,1,-5.65,0.3431,1,0,85
1384,33,0,0,9,3,-5.43,0.3426,1,0,85
1385,8,0,0,2,1,-6.53,0.3421,1,0,85
1386,14,0,0,7,2,-4.54,0.3417,1,0,85
1387,7,0,0,2,1,-5.02,0.3412,1,0,85
1388,25,0,0,8,2,-4.4,0.3407,1,0,85
1389,6,0,0,2,1,-5.96,0.3402,1,0,85
1390,8,0,0,3,1,-6.23,0.3398,1,0,85
1391,25,0,0,11,3,-6.6,0.3393,1,0,85
1392,14,0,0,5,2,-7.19,0.3388,1,0,85
1393,13,0,0,8,2,-4.28,0.3383,1,0,85
1394,6,0,0,2,1,-5.06,0.3379,1,0,85
1395,14,0,0,8,2,-5.84,0.3374,1,0,85
1396,22,0,0,10,3,-5.32,0.3369,1,0,85
1397,18,0,0,5,2,-6.43,0.3364,1,0,85
1398,14,0,0,7,2,-4.69,0.336,1,0,85
1399,13,0,0,3,2,-5.48,0.3355,1,0,85
1400,13,0,0,8,2,-4.28,0.335,1,0,85
1401,8,0,0,3,1,-4.78,0.3345,1,0,85
1402,54,0,0,10,4,-6.39,0.3341,1,0,85
1403,22,0,0,7,2,-6.72,0.3336,1,0,85
1404,8,0,0,5,1,-4.68,0.3331,1,0,85
1405,6,0,0,2,1,-5.06,0.3326,1,0,85
1406,14,0,0,6,2,-4.89,0.3322,1,0,85
1407,8,0,0,2,1,-5.18,0.3317,1,0,85
1408,52,0,0,11,5,-6.47,0.3312,1,0,85
1409,7,0,0,3,1,-5.27,0.3307,1,0,85
1410,8,0,0,2,1,-5.08,0.3303,1,0,85
1411,17,0,0,5,2,-4.87,0.3298,1,0,85
1412,7,0,0,6,1,-4.32,0.3293,1,0,85
1413,76,2,2,12,6,-4.91,0.3288,1,0,86
1414,5,0,0,4,1,-4.45,0.3284,1,0,86
1415,22,1,1,8,3,-4.42,0.3279,1,0,86
1416,13,0,0,5,2,-5.78,0.3274,1,0,86
1417,8,0,0,3,1,-5.23,0.3269,1,0,86
1418,31,0,0,2,1,-5.36,0.3265,1,0,86
1419,6,0,0,3,1,-4.31,0.326,1,0,86
1420,26,0,0,11,3,-5.66,0.3255,1,0,86
1421,8,0,0,3,1,-5.23,0.325,1,0,86
1422,13,0,0,5,2,-5.33,0.3246,1,0,86
1423,32,0,0,8,3,-5.17,0.3241,1,0,86
1424,7,0,0,3,1,-5.77,0.3236,1,0,86
1425,18,0,0,5,2,-8.33,0.3231,1,0,86
1426,36,0,0,7,3,-5.86,0.3227,1,0,86
1427,6,0,0,3,1,-4.31,0.3222,1,0,86
1428,16,0,0,5,2,-6.31,0.3217,1,0,86
1429,64,0,0,14,6,-7.39,0.3212,1,0,86
1430,112,1,1,21,9,-8.47,0.3208,1,0,90
1431,7,0,0,3,1,-4.27,0.3203,1,0,90
1432,6,0,0,2,1,-5.56,0.3198,1,0,90
1433,6,0,0,3,1,-5.71,0.3193,1,0,90
1434,49,0,0,10,3,-6.69,0.3189,1,0,90
1435,7,0,0,6,1,-3.72,0.3184,1,0,90
1436,7,0,0,1,1,-5.77,0.3179,1,0,90
1437,33,0,0,16,4,-3.58,0.3174,1,0,90
1438,7,0,0,3,1,-5.27,0.317,1,0,90
1439,6,0,0,1,1,-5.36,0.3165,1,0,90
1440,5,0,0,3,1,-4.65,0.316,1,0,90
1441,27,0,0,7,2,-6.37,0.3155,1,0,91
1442,6,0,0,3,1,-4.76,0.3151,1,0,91
1443,30,0,0,10,3,-5.5,0.3146,1,0,91
1444,14,0,0,2,1,-5.49,0.3141,1,0,91
1445,17,0,0,8,2,-4.17,0.3136,1,0,91
1446,12,0,0,2,1,-5.77,0.3132,1,0,91
1447,67,0,0,11,3,-5.72,0.3127,1,0,91
1448,12,0,0,2,1,-5.87,0.3122,1,0,91
1449,37,0,0,13,4,-4.22,0.3117,1,0,94
1450,15,0,0,5,2,-5.35,0.3113,1,0,94
1451,8,0,0,1,1,-6.38,0.3108,1,0,94
1452,17,0,0,5,2,-5.27,0.3103,1,0,94
1453,23,0,0,8,3,-4.98,0.3098,1,0,94
1454,29,0,0,3,1,-5.99,0.3094,1,0,94
1455,15,0,0,6,2,-6.0,0.3089,1,0,94
1456,19,0,0,5,2,-6.29,0.3084,1,0,94
1457,13,0,0,9,2,-3.38,0.3079,1,0,94
1458,13,0,0,4,2,-6.08,0.3075,1,0,94
1459,6,0,0,2,1,-5.51,0.307,1,0,94
1460,26,0,0,11,3,-6.66,0.3065,1,0,94
1461,29,0,0,9,2,-5.19,0.306,1,0,94
1462,9,0,0,3,1,-6.69,0.3056,1,0,94
1463,24,0,0,6,3,-6.54,0.3051,1,0,94
1464,17,0,0,6,2,-5.27,0.3046,1,0,94
1465,16,0,0,6,2,-5.56,0.3041,1,0,94
1466,36,1,1,9,4,-6.31,0.3037,1,0,94
1467,7,0,0,5,1,-3.62,0.3032,1,0,94
1468,13,0,0,5,2,-7.03,0.3027,1,0,94
1469,125,0,0,20,7,-10.55,0.3022,1,0,94
1470,39,1,1,12,3,-6.74,0.3018,1,0,94
1471,15,0,0,7,2,-4.25,0.3013,1,0,94
1472,15,0,0,5,2,-6.35,0.3008,1,0,94
1473,27,0,0,15,3,-3.02,0.3003,1,0,94
1474,51,0,0,13,5,-5.71,0.2999,1,0,95
1475,19,0,0,3,1,-5.94,0.2994,1,0,95
1476,11,0,0,2,1,-5.26,0.2989,1,0,95
1477,14,0,0,6,2,-5.79,0.2984,1,0,95
1478,6,0,0,3,1,-4.76,0.298,1,0,95
1479,42,0,0,8,3,-6.27,0.2975,1,0,95
1480,43,1,1,12,3,-4.43,0.297,1,0,95
1481,90,0,0,9,5,-11.95,0.2965,1,0,95
1482,13,0,0,8,2,-3.93,0.2961,1,0,95
1483,23,0,0,10,3,-4.78,0.2956,1,0,95
1484,14,0,0,6,2,-5.54,0.2951,1,0,95
1485,26,0,0,10,3,-6.41,0.2946,1,0,95
1486,43,0,0,12,3,-4.33,0.2942,1,0,95
1487,22,0,0,7,3,-5.82,0.2937,1,0,95
1488,6,0,0,1,1,-4.81,0.2932,1,0,95
1489,6,0,0,3,1,-4.81,0.2927,1,0,95
1490,13,0,0,8,2,-5.18,0.2923,1,0,95
1491,14,0,0,7,2,-5.44,0.2918,1,0,95
1492,6,0,0,2,1,-4.96,0.2913,1,0,95
1493,22,1,1,10,3,-3.12,0.2908,1,0,95
1494,7,0,0,3,1,-5.57,0.2903,1,0,95
1495,9,0,0,2,1,-4.54,0.2899,1,0,95
1496,5,0,0,4,1,-5.3,0.2894,1,0,95
1497,6,0,0,2,1,-4.61,0.2889,1,0,95
1498,13,0,0,8,2,-3.88,0.2884,1,0,95
1499,6,0,0,3,1,-4.81,0.288,1,0,95
1500,139,0,0,28,8,-9.04,0.2875,1,0,95
1501,13,0,0,6,2,-5.53,0.287,1,0,95
1502,24,0,0,7,3,-6.84,0.2866,1,0,95
1503,32,0,0,4,2,-7.22,0.2861,1,0,95
1504,147,0,0,18,6,-8.12,0.2856,1,0,95
1505,16,0,0,7,2,-3.76,0.2851,1,0,95
1506,36,0,0,11,4,-2.61,0.2847,1,0,95
1507,24,0,0,8,3,-5.09,0.2842,1,0,95
1508,10,0,0,6,1,-3.95,0.2837,1,0,95
1509,6,0,0,3,1,-4.76,0.2832,1,0,95
1510,68,0,0,17,5,-6.88,0.2828,1,0,95
1511,76,1,1,15,7,-5.96,0.2823,1,0,95
1512,79,0,0,10,4,-8.09,0.2818,1,0,95
1513,28,0,0,8,3,-7.63,0.2813,1,0,95
1514,11,0,0,3,1,-6.36,0.2809,1,0,95
1515,9,0,0,3,1,-4.74,0.2804,1,0,95
1516,71,0,0,12,3,-7.76,0.2799,1,0,95
1517,16,0,0,4,2,-5.11,0.2794,1,0,95
1518,7,0,0,3,1,-5.27,0.279,1,0,95
1519,13,0,0,6,2,-3.78,0.2785,1,0,95
1520,6,0,0,3,1,-5.11,0.278,1,0,95
1521,13,0,0,6,2,-5.33,0.2775,1,0,95
1522,13,0,0,7,2,-3.83,0.2771,1,0,95
1523,29,0,0,14,4,-3.44,0.2766,1,0,95
1524,13,0,0,4,2,-6.08,0.2761,1,0,95
1525,6,0,0,2,1,-5.06,0.2756,1,0,95
1526,56,0,0,11,5,-7.51,0.2752,1,0,95
1527,15,0,0,6,2,-5.75,0.2747,1,0,95
1528,14,0,0,8,2,-5.34,0.2742,1,0,95
1529,101,0,0,25,9,-6.46,0.2737,1,0,96
1530,32,0,0,11,3,-7.67,0.2732,1,0,96
1531,24,0,0,7,2,-4.74,0.2728,1,0,96
1532,22,1,1,9,3,-3.72,0.2723,1,0,96
1533,61,0,0,12,5,-10.36,0.2718,1,0,96
1534,46,0,0,12,4,-7.46,0.2713,1,0,96
1535,55,0,0,13,5,-7.35,0.2709,1,0,99
1536,10,0,0,3,1,-5.25,0.2704,1,0,99
1537,39,0,0,6,3,-6.94,0.2699,1,0,99
1538,47,0,0,9,3,-6.47,0.2694,1,0,99
1539,15,0,0,8,2,-4.3,0.269,1,0,99
1540,6,0,0,2,1,-5.11,0.2685,1,0,99
1541,13,0,0,4,2,-6.08,0.268,1,0,99
1542,33,0,0,12,3,-4.93,0.2676,1,0,101
1543,7,0,0,2,1,-5.62,0.2671,1,0,101
1544,23,0,0,11,3,-4.63,0.2666,1,0,101
1545,7,0,0,3,1,-5.27,0.2661,1,0,101
1546,81,0,0,19,7,-5.16,0.2657,1,0,101
1547,20,1,1,9,2,-1.65,0.2652,1,0,101
1548,22,0,0,8,3,-6.07,0.2647,1,0,101
1549,22,1,1,14,3,-2.02,0.2642,1,0,101
1550,8,0,0,2,1,-5.48,0.2638,1,0,101
1551,53,0,0,8,2,-6.83,0.2633,1,0,102
1552,26,0,0,8,3,-7.41,0.2628,1,0,102
1553,40,2,2,9,4,-3.75,0.2623,1,0,102
1554,17,0,0,5,2,-5.87,0.2619,1,0,102
1555,6,0,0,2,1,-5.06,0.2614,1,0,102
1556,41,0,0,13,4,-5.31,0.2609,1,0,102
1557,7,0,0,5,1,-3.62,0.2604,1,0,102
1558,8,0,0,3,1,-4.78,0.26,1,0,102
1559,7,0,0,3,1,-5.17,0.2595,1,0,102
1560,15,0,0,6,2,-5.0,0.259,1,0,102
1561,5,0,0,4,1,-4.0,0.2585,1,0,102
1562,24,1,1,10,3,-4.44,0.2581,1,0,102
1563,9,0,0,3,1,-5.19,0.2576,1,0,102
1564,105,0,0,23,9,-10.4,0.2571,1,0,102
1565,6,0,0,2,1,-5.11,0.2566,1,0,102
1566,22,0,0,10,3,-4.87,0.2561,1,0,102
1567,31,0,0,8,3,-5.61,0.2557,1,0,102
1568,7,0,0,2,1,-5.47,0.2552,1,0,102
1569,16,0,0,4,2,-4.71,0.2547,1,0,102
1570,11,0,0,4,1,-6.36,0.2542,1,0,102
1571,6,0,0,3,1,-4.21,0.2538,1,0,102
1572,68,0,0,8,3,-5.63,0.2533,1,0,102
1573,6,0,0,4,1,-4.51,0.2528,1,0,102
1574,69,1,1,11,3,-5.04,0.2523,1,0,102
1575,6,0,0,3,1,-5.26,0.2519,1,0,102
1576,67,0,0,10,3,-5.37,0.2514,1,0,102
1577,7,0,0,5,1,-3.72,0.2509,1,0,102
1578,18,0,0,6,2,-6.48,0.2504,1,0,102
1579,171,0,0,12,7,-13.96,0.25,1,0,102
1580,6,0,0,2,1,-4.96,0.2495,1,0,102
1581,6,0,0,2,1,-5.56,0.249,1,0,102
1582,7,0,0,5,1,-4.17,0.2486,1,0,102
1583,11,0,0,3,1,-5.26,0.2481,1,0,102
1584,7,0,0,3,1,-4.27,0.2476,1,0,102
1585,7,0,0,3,1,-4.72,0.2471,1,0,102
1586,8,0,0,4,1,-4.53,0.2467,1,0,102
1587,7,0,0,6,1,-3.82,0.2462,1,0,102
1588,6,0,0,3,1,-4.76,0.2457,1,0,102
1589,6,0,0,3,1,-4.76,0.2452,1,0,102
1590,15,0,0,6,2,-5.6,0.2448,1,0,102
1591,63,0,0,9,4,-6.08,0.2443,1,0,102
1592,90,0,0,15,7,-8.4,0.2438,1,0,102
1593,5,0,0,3,1,-5.2,0.2433,1,0,102
1594,14,0,0,6,2,-4.64,0.2429,1,0,102
1595,6,0,0,2,1,-5.46,0.2424,1,0,102
1596,14,0,0,6,2,-5.54,0.2419,1,0,102
1597,5,0,0,2,1,-5.0,0.2414,1,0,102
1598,43,0,0,11,4,-6.93,0.2409,1,0,102
1599,57,0,0,25,6,-2.62,0.2405,1,0,106
1600,30,1,1,8,3,-5.45,0.24,1,0,106
1601,7,0,0,6,1,-3.87,0.2395,1,0,106
1602,5,0,0,3,1,-5.1,0.239,1,0,106
1603,7,0,0,2,1,-5.57,0.2386,1,0,106
1604,166,0,0,14,8,-14.76,0.2381,1,0,106
1605,8,0,0,5,1,-4.58,0.2376,1,0,106
1606,13,0,0,4,2,-6.08,0.2371,1,0,106
1607,44,0,0,14,5,-5.34,0.2367,1,0,106
1608,28,0,0,5,1,-4.98,0.2362,1,0,106
1609,8,0,0,1,1,-5.78,0.2357,1,0,106
1610,6,0,0,3,1,-4.76,0.2352,1,0,106
1611,33,0,0,4,2,-6.08,0.2348,1,0,106
1612,14,0,0,8,2,-4.74,0.2343,1,0,106
1613,48,0,0,7,4,-5.03,0.2338,1,0,106
1614,37,0,0,11,3,-5.62,0.2333,1,0,106
1615,61,1,1,25,7,-1.26,0.2329,1,0,106
1616,32,0,0,7,3,-4.92,0.2324,1,0,106
1617,6,0,0,3,1,-5.21,0.2319,1,0,106
1618,25,0,0,9,3,-4.8,0.2314,1,0,106
1619,43,0,0,6,3,-7.08,0.231,1,0,106
1620,7,0,0,5,1,-4.67,0.2305,1,0,106
1621,10,0,0,4,1,-5.45,0.23,1,0,106
1622,224,0,0,24,9,-10.79,0.2296,1,0,107
1623,6,0,0,3,1,-5.16,0.2291,1,0,107
1624,39,0,0,9,4,-6.74,0.2286,1,0,107
1625,72,0,0,8,4,-9.32,0.2281,1,0,107
1626,35,0,0,13,4,-5.25,0.2277,1,0,108
1627,15,0,0,5,2,-4.25,0.2272,1,0,108
1628,6,0,0,3,1,-4.56,0.2267,1,0,108
1629,5,0,0,2,1,-4.55,0.2262,1,0,108
1630,10,0,0,1,1,-5.5,0.2258,1,0,108
1631,107,0,0,19,5,-6.67,0.2253,1,0,108
1632,7,0,0,2,1,-4.57,0.2248,1,0,108
1633,152,0,0,10,4,-10.52,0.2243,1,0,108
1634,20,0,0,5,1,-5.75,0.2239,1,0,108
1635,45,0,0,5,2,-7.55,0.2234,1,0,108
1636,6,0,0,4,1,-5.41,0.2229,1,0,108
1637,108,1,1,29,9,-2.73,0.2224,1,0,108
1638,10,0,0,3,1,-5.35,0.222,1,0,108
1639,212,1,1,23,10,-9.72,0.2215,1,0,108
1640,17,0,0,7,2,-5.12,0.221,1,0,108
1641,7,0,0,3,1,-4.72,0.2205,1,0,108
1642,21,0,0,8,3,-5.06,0.2201,1,0,108
1643,19,0,0,6,2,-4.64,0.2196,1,0,108
1644,25,0,0,3,2,-7.45,0.2191,1,0,108
1645,15,0,0,6,2,-5.05,0.2186,1,0,108
1646,25,0,0,5,3,-6.4,0.2182,1,0,108
1647,48,1,1,17,6,-1.68,0.2177,1,0,108
1648,55,1,1,19,7,-4.95,0.2172,1,0,108
1649,38,0,0,12,4,-4.13,0.2167,1,0,108
1650,39,1,1,10,3,-5.09,0.2163,1,0,108
1651,7,0,0,3,1,-5.27,0.2158,1,0,108
1652,6,0,0,3,1,-4.76,0.2153,1,0,108
1653,7,0,0,2,1,-5.62,0.2148,1,0,108
1654,6,0,0,2,1,-5.51,0.2144,1,0,108
1655,38,1,1,10,4,-4.08,0.2139,1,0,108
1656,43,0,0,13,4,-5.18,0.2134,1,0,108
1657,17,0,0,6,2,-3.42,0.2129,1,0,108
1658,14,0,0,4,2,-5.14,0.2125,1,0,108
1659,13,0,0,4,2,-5.53,0.212,1,0,108
1660,71,0,0,21,8,-6.31,0.2115,1,0,108
1661,7,0,0,3,1,-4.27,0.211,1,0,108
1662,92,0,0,9,6,-9.02,0.2106,1,0,108
1663,13,0,0,5,2,-4.88,0.2101,1,0,108
1664,13,0,0,7,2,-4.63,0.2096,1,0,108
1665,7,0,0,3,1,-4.72,0.2091,1,0,108
1666,126,0,0,28,10,-4.81,0.2087,1,0,109
1667,6,0,0,3,1,-4.76,0.2082,1,0,109
1668,8,0,0,3,1,-4.78,0.2077,1,0,109
1669,8,0,0,6,1,-3.33,0.2072,1,0,109
1670,25,0,0,12,3,-3.85,0.2068,1,0,109
1671,6,0,0,2,1,-5.51,0.2063,1,0,109
1672,21,0,0,11,3,-3.11,0.2058,1,0,109
1673,55,0,0,20,7,-5.45,0.2053,1,0,109
1674,30,0,0,13,4,-4.65,0.2049,1,0,109
1675,24,0,0,10,3,-5.84,0.2044,1,0,109
1676,22,0,0,7,3,-5.37,0.2039,1,0,109
1677,26,0,0,10,3,-4.56,0.2034,1,0,109
1678,24,0,0,6,3,-5.14,0.203,1,0,109
1679,13,0,0,9,2,-3.03,0.2025,1,0,109
1680,44,0,0,10,3,-6.69,0.202,1,0,109
1681,10,0,0,3,1,-5.1,0.2015,1,0,109
1682,13,0,0,6,2,-5.03,0.2011,1,0,109
1683,22,0,0,10,3,-5.37,0.2006,1,0,109
1684,13,0,0,3,1,-4.43,0.2001,1,0,109
1685,146,0,0,14,6,-7.81,0.1996,1,0,109
1686,50,0,0,8,5,-7.85,0.1992,1,0,109
1687,5,0,0,3,1,-4.25,0.1987,1,0,109
1688,39,1,1,13,5,-3.04,0.1982,1,0,111
1689,10,0,0,4,1,-4.05,0.1977,1,0,111
1690,46,0,0,12,5,-4.66,0.1973,1,0,111
1691,36,0,0,16,5,-2.66,0.1968,1,0,112
1692,7,0,0,4,1,-4.02,0.1963,1,0,112
1693,9,0,0,5,1,-4.14,0.1958,1,0,112
1694,13,0,0,6,2,-5.38,0.1954,1,0,112
1695,7,0,0,4,1,-4.92,0.1949,1,0,112
1696,31,0,0,8,3,-6.11,0.1944,1,0,112
1697,14,0,0,5,2,-5.29,0.1939,1,0,112
1698,109,0,0,22,10,-6.24,0.1935,1,0,112
1699,22,0,0,15,3,-2.32,0.193,1,0,112
1700,93,0,1,24,8,-1.23,0.1925,1,0,113
1701,7,0,0,3,1,-4.82,0.192,1,0,113
1702,83,1,1,24,8,-4.98,0.1916,1,0,113
1703,25,0,0,8,3,-6.6,0.1911,1,0,113
1704,6,0,0,3,1,-4.31,0.1906,1,0,113
1705,25,1,1,12,3,-1.35,0.1901,1,0,113
1706,40,0,0,6,3,-7.95,0.1897,1,0,113
1707,6,0,0,2,1,-5.06,0.1892,1,0,113
1708,13,0,0,3,2,-5.93,0.1887,1,0,113
1709,6,0,0,3,1,-5.21,0.1882,1,0,113
1710,7,0,0,6,1,-3.42,0.1878,1,0,113
1711,40,0,0,3,1,-5.65,0.1873,1,0,113
1712,6,0,0,2,1,-4.61,0.1868,1,0,113
1713,25,0,0,6,2,-6.5,0.1863,1,0,113
1714,229,1,1,34,12,-4.34,0.1859,1,0,113
1715,13,0,0,7,2,-5.13,0.1854,1,0,113
1716,15,0,0,5,2,-6.85,0.1849,1,0,113
1717,38,0,0,12,4,-5.03,0.1844,1,0,113
1718,7,0,0,4,1,-4.92,0.184,1,0,113
1719,14,0,0,8,2,-4.89,0.1835,1,0,113
1720,112,1,1,31,12,-4.22,0.183,1,0,117
1721,13,0,0,4,2,-6.08,0.1825,1,0,117
1722,13,0,0,6,2,-5.48,0.1821,1,0,117
1723,30,0,0,10,4,-6.1,0.1816,1,0,117
1724,20,0,0,11,3,-3.0,0.1811,1,0,117
1725,71,1,1,26,9,-1.21,0.1806,1,0,117
1726,14,0,0,5,2,-4.84,0.1802,1,0,117
1727,7,0,0,3,1,-5.72,0.1797,1,0,117
1728,51,0,0,12,4,-6.66,0.1792,1,0,117
1729,39,0,0,12,5,-4.59,0.1787,1,0,117
1730,69,1,1,20,7,-2.44,0.1783,1,0,117
1731,22,0,0,10,3,-5.02,0.1778,1,0,117
1732,13,0,0,8,2,-4.88,0.1773,1,0,117
1733,13,0,0,9,2,-4.08,0.1768,1,0,117
1734,28,0,0,15,4,-4.08,0.1764,1,0,117
1735,90,1,1,12,6,-5.85,0.1759,1,0,117
1736,52,0,0,11,4,-6.02,0.1754,1,0,117
1737,21,0,0,12,3,-3.81,0.1749,1,0,117
1738,22,0,0,10,3,-4.97,0.1744,1,0,117
1739,45,0,0,12,4,-5.75,0.174,1,0,117
1740,21,0,0,9,3,-4.66,0.1735,1,0,117
1741,9,0,0,4,1,-3.84,0.173,1,0,117
1742,42,0,0,15,4,-3.52,0.1726,1,0,117
1743,169,0,0,24,9,-5.34,0.1721,1,0,117
1744,48,0,0,11,3,-4.93,0.1716,1,0,117
1745,21,0,0,10,3,-2.61,0.1711,1,0,117
1746,21,0,0,5,2,-4.66,0.1707,1,0,117
1747,22,0,0,9,3,-5.52,0.1702,1,0,117
1748,102,0,0,13,6,-10.12,0.1697,1,0,117
1749,14,0,0,4,2,-7.04,0.1692,1,0,117
1750,20,0,0,10,3,-3.5,0.1688,1,0,117
1751,16,0,0,8,2,-4.96,0.1683,1,0,117
1752,317,1,2,38,17,-6.52,0.1678,1,0,118
1753,43,0,0,18,5,-6.08,0.1673,1,0,118
1754,13,0,0,4,2,-5.08,0.1669,1,0,118
1755,38,0,0,11,5,-5.83,0.1664,1,0,118
1756,15,0,0,7,2,-4.8,0.1659,1,0,118
1757,255,2,2,40,14,-4.65,0.1654,1,0,118
1758,24,0,0,6,2,-5.09,0.165,1,0,118
1759,110,2,2,23,8,-4.4,0.1645,1,0,119
1760,7,0,0,5,1,-4.22,0.164,1,0,119
1761,59,0,0,19,6,-0.84,0.1635,1,0,119
1762,42,1,1,20,6,-3.57,0.1631,1,0,119
1763,50,0,0,16,5,-3.45,0.1626,1,0,120
1764,27,1,1,11,4,-4.47,0.1621,1,0,120
1765,49,2,2,12,3,-3.54,0.1616,1,0,120
1766,23,1,1,9,3,-3.48,0.1612,1,0,120
1767,65,0,0,7,3,-8.25,0.1607,1,0,120
1768,21,1,1,6,3,-3.41,0.1602,1,0,120
1769,6,0,0,2,1,-5.06,0.1597,1,0,120
1770,7,0,0,3,1,-4.27,0.1593,1,0,120
1771,190,1,1,18,8,-8.2,0.1588,1,0,120
1772,28,0,0,7,3,-5.38,0.1583,1,0,120
1773,14,0,0,8,2,-3.84,0.1578,1,0,120
1774,22,0,0,8,3,-6.52,0.1573,1,0,120
1775,37,0,0,20,5,-3.97,0.1569,1,0,120
1776,54,0,0,18,5,-2.44,0.1564,1,0,120
1777,27,0,0,6,3,-6.22,0.1559,1,0,120
1778,64,0,0,7,3,-6.39,0.1554,1,0,120
1779,24,0,0,9,3,-4.59,0.155,1,0,120
1780,8,0,0,2,1,-5.63,0.1545,1,0,120
1781,36,0,0,8,3,-7.11,0.154,1,0,120
1782,11,0,0,2,1,-5.36,0.1536,1,0,120
1783,23,0,0,9,3,-6.53,0.1531,1,0,120
1784,7,0,0,5,1,-4.07,0.1526,1,0,120
1785,86,0,0,14,6,-9.16,0.1521,1,0,120
1786,235,1,1,34,15,-9.55,0.1517,1,0,123
1787,7,0,0,5,1,-4.12,0.1512,1,0,123
1788,27,0,0,11,4,-4.67,0.1507,1,0,123
1789,31,0,0,17,4,-3.26,0.1502,1,0,123
1790,31,0,0,11,4,-5.66,0.1498,1,0,123
1791,162,1,1,33,15,-6.22,0.1493,1,0,124
1792,7,0,0,3,1,-4.17,0.1488,1,0,124
1793,87,2,2,15,6,-4.07,0.1483,1,0,124
1794,43,0,0,15,5,-5.28,0.1479,1,0,124
1795,7,0,0,3,1,-5.27,0.1474,1,0,124
1796,23,0,0,9,3,-4.08,0.1469,1,0,124
1797,23,1,1,10,3,-2.88,0.1464,1,0,124
1798,92,1,1,14,6,-3.57,0.146,1,0,126
1799,21,0,0,11,3,-3.66,0.1455,1,0,126
1800,22,0,0,10,3,-4.42,0.145,1,0,126
1801,173,2,2,17,8,-9.13,0.1445,1,0,127
1802,183,0,0,23,9,-5.08,0.1441,1,0,127
1803,30,1,1,13,4,-3.55,0.1436,1,0,127
1804,46,0,0,13,4,-4.96,0.1431,1,0,127
1805,22,0,0,10,3,-4.47,0.1426,1,0,127
1806,13,0,0,4,2,-5.63,0.1421,1,0,127
1807,8,0,0,3,1,-4.88,0.1417,1,0,127
1808,180,0,0,20,9,-12.0,0.1412,1,0,127
1809,16,0,0,7,2,-4.11,0.1407,1,0,127
1810,15,0,0,8,2,-4.25,0.1402,1,0,127
1811,81,3,3,29,8,0.69,0.1398,1,0,127
1812,102,1,1,13,6,-6.87,0.1393,1,0,127
1813,23,0,0,12,3,-2.33,0.1388,1,0,127
1814,25,0,0,13,3,-2.6,0.1383,1,0,127
1815,36,0,0,13,4,-4.26,0.1379,1,0,127
1816,28,1,1,8,3,-4.18,0.1374,1,0,127
1817,22,0,0,9,3,-3.87,0.1369,1,0,127
1818,253,0,0,5,5,-19.68,0.1364,1,0,127
1819,74,2,2,17,7,-4.39,0.136,1,0,127
1820,400,3,3,50,18,-2.85,0.1355,0,1,127
1821,14,0,0,6,2,-4.79,0.135,1,0,127
1822,97,0,0,29,8,-0.17,0.1346,1,0,127
1823,14,0,0,6,2,-4.54,0.1341,1,0,127
1824,14,0,0,10,2,-3.04,0.1336,1,0,127
1825,28,0,0,11,4,-4.08,0.1331,1,0,127
1826,42,0,0,14,5,-6.12,0.1327,1,0,127
1827,30,0,0,11,4,-3.85,0.1322,1,0,127
1828,22,0,0,11,3,-5.07,0.1317,1,0,127
1829,37,0,0,19,5,-1.92,0.1312,1,0,127
1830,36,0,0,11,4,-6.26,0.1308,1,0,127
1831,5,0,0,3,1,-4.75,0.1303,1,0,127
1832,6,0,0,3,1,-5.21,0.1298,1,0,127
1833,96,0,0,43,11,0.49,0.1293,1,0,127
1834,43,1,1,23,6,-0.18,0.1289,1,0,127
1835,20,1,1,8,3,-4.4,0.1284,1,0,127
1836,22,0,0,8,3,-4.97,0.1279,1,0,127
1837,28,0,0,15,4,-3.23,0.1274,1,0,127
1838,119,0,0,30,10,-3.94,0.127,1,0,127
1839,42,2,2,20,5,-1.77,0.1265,1,0,128
1840,196,3,3,53,19,0.74,0.126,1,0,128
1841,45,0,0,21,6,-4.9,0.1255,1,0,128
1842,6,0,0,2,1,-4.96,0.125,1,0,128
1843,175,4,4,46,17,4.25,0.1246,1,0,128
1844,13,0,0,5,2,-5.58,0.1241,1,0,128
1845,17,0,0,7,2,-6.67,0.1236,1,0,128
1846,35,0,0,15,5,-4.2,0.1231,1,0,128
1847,20,0,0,9,3,-4.7,0.1227,1,0,128
1848,400,4,4,31,13,1.15,0.1222,0,1,128
1849,28,1,1,9,3,-3.23,0.1217,1,0,128
1850,127,0,0,35,10,-1.82,0.1212,1,0,129
1851,13,0,0,4,2,-6.48,0.1208,1,0,129
1852,20,0,0,8,3,-4.5,0.1203,1,0,129
1853,8,0,0,6,1,-4.38,0.1198,1,0,129
1854,126,1,1,20,7,-3.06,0.1193,1,0,129
1855,149,1,1,29,10,-4.04,0.1189,1,0,129
1856,14,0,0,8,2,-3.24,0.1184,1,0,129
1857,90,1,1,21,9,-4.1,0.1179,1,0,129
1858,367,1,1,37,13,-9.42,0.1174,1,0,129
1859,29,0,0,11,4,-4.59,0.117,1,0,129
1860,237,1,1,28,14,-6.62,0.1165,1,0,129
1861,78,0,0,22,8,-4.23,0.116,1,0,129
1862,300,2,2,61,22,1.5,0.1156,1,0,129
1863,119,0,0,25,9,-2.89,0.1151,1,0,129
1864,6,0,0,2,1,-4.96,0.1146,1,0,129
1865,74,1,1,29,9,-1.29,0.1141,1,0,129
1866,84,3,3,34,10,2.81,0.1137,1,0,129
1867,82,0,0,37,11,-0.37,0.1132,1,0,129
1868,38,0,0,16,5,-2.63,0.1127,1,0,129
1869,222,0,0,28,10,-4.97,0.1122,1,0,129
1870,65,0,0,25,9,-2.45,0.1118,1,0,129
1871,134,3,3,50,14,3.16,0.1113,1,0,129
1872,6,0,0,2,1,-5.06,0.1108,1,0,129
1873,47,0,0,9,5,-8.22,0.1103,1,0,129
1874,31,0,0,19,4,-1.36,0.1099,1,0,129
1875,61,0,0,25,8,-3.46,0.1094,1,0,129
1876,30,0,0,9,3,-4.8,0.1089,1,0,129
1877,21,0,0,10,3,-4.01,0.1084,1,0,129
1878,6,0,0,2,1,-5.51,0.108,1,0,129
1879,20,0,0,8,3,-5.55,0.1075,1,0,129
1880,21,0,0,9,3,-5.21,0.107,1,0,129
1881,6,0,0,3,1,-4.76,0.1065,1,0,129
1882,27,0,0,12,4,-3.92,0.1061,1,0,129
1883,264,2,2,31,11,-2.89,0.1056,1,0,129
1884,35,1,1,13,5,-2.8,0.1051,1,0,129
1885,94,0,0,25,8,-1.44,0.1046,1,0,129
1886,6,0,0,3,1,-4.76,0.1042,1,0,129
1887,30,0,0,13,4,-3.15,0.1037,1,0,129
1888,29,1,1,11,4,-5.59,0.1032,1,0,129
1889,177,0,0,35,10,-5.32,0.1027,1,0,129
1890,20,1,1,8,3,-3.45,0.1023,1,0,129
1891,50,0,0,22,7,-1.2,0.1018,1,0,129
1892,87,0,0,21,8,-5.82,0.1013,1,0,129
1893,7,0,0,5,1,-4.02,0.1008,1,0,129
1894,400,0,0,29,13,-4.3,0.1004,0,1,129
1895,13,0,0,5,2,-5.23,0.0999,1,0,129
1896,58,1,1,23,7,-0.43,0.0994,1,0,129
1897,13,0,0,7,2,-4.53,0.0989,1,0,129
1898,309,1,1,69,22,-4.04,0.0985,1,0,129
1899,51,1,1,22,6,-0.06,0.098,1,0,129
1900,6,0,0,3,1,-5.21,0.0975,1,0,129
1901,37,0,0,16,5,-1.72,0.097,1,0,129
1902,6,0,0,3,1,-4.76,0.0966,1,0,129
1903,13,0,0,6,2,-4.53,0.0961,1,0,129
1904,15,0,0,7,2,-4.0,0.0956,1,0,129
1905,6,0,0,3,1,-4.31,0.0951,1,0,129
1906,208,2,2,37,11,1.72,0.0947,1,0,129
1907,400,1,1,50,18,-3.5,0.0942,0,1,129
1908,242,4,4,46,13,-1.07,0.0937,1,0,129
1909,69,0,0,17,4,-2.29,0.0932,1,0,129
1910,400,1,1,49,14,5.0,0.0928,0,1,129
1911,209,0,0,27,9,-6.34,0.0923,1,0,129
1912,28,0,0,11,4,-4.53,0.0918,1,0,129
1913,45,0,0,23,6,-1.3,0.0913,1,0,129
1914,13,0,0,3,2,-5.93,0.0909,1,0,129
1915,78,1,1,16,6,-5.48,0.0904,1,0,129
1916,50,0,0,20,7,-1.95,0.0899,1,0,129
1917,27,0,0,11,4,-5.27,0.0894,1,0,129
1918,172,1,1,26,9,-5.17,0.089,1,0,129
1919,5,0,0,4,1,-4.9,0.0885,1,0,129
1920,13,0,0,4,2,-5.63,0.088,1,0,129
1921,117,1,1,54,15,4.43,0.0875,1,0,129
1922,93,2,2,40,12,1.32,0.0871,1,0,129
1923,14,0,0,6,2,-5.54,0.0866,1,0,129
1924,59,0,0,20,6,-3.24,0.0861,1,0,129
1925,116,1,1,22,8,-2.16,0.0856,1,0,129
1926,400,1,1,40,13,1.05,0.0852,0,1,129
1927,15,0,0,10,2,-2.65,0.0847,1,0,129
1928,14,0,0,5,2,-3.84,0.0842,1,0,129
1929,61,1,1,11,3,-4.46,0.0837,1,0,129
1930,8,0,0,6,1,-3.33,0.0833,1,0,129
1931,375,1,1,32,13,-9.3,0.0828,1,0,129
1932,20,0,0,9,3,-5.0,0.0823,1,0,129
1933,368,1,1,35,11,-5.23,0.0818,1,0,129
1934,140,0,0,33,12,-3.3,0.0814,1,0,129
1935,191,3,3,47,14,1.34,0.0809,1,0,130
1936,79,1,1,35,11,-0.59,0.0804,1,0,130
1937,92,1,1,40,10,0.63,0.0799,1,0,130
1938,400,5,5,60,24,6.0,0.0795,0,1,130
1939,41,2,2,21,6,1.29,0.079,1,0,130
1940,400,3,3,66,23,9.05,0.0785,0,1,130
1941,13,0,0,7,2,-4.23,0.078,1,0,130
1942,155,3,3,35,13,-2.4,0.0776,1,0,130
1943,27,0,0,14,4,-3.17,0.0771,1,0,130
1944,115,2,2,37,10,1.2,0.0766,1,0,130
1945,400,3,3,50,14,4.1,0.0761,0,1,130
1946,95,0,0,20,7,-5.05,0.0757,1,0,130
1947,62,0,0,31,8,-0.02,0.0752,1,0,130
1948,27,0,0,11,4,-4.57,0.0747,1,0,130
1949,20,0,0,8,3,-4.55,0.0742,1,0,130
1950,400,1,1,55,19,3.75,0.0738,0,1,130
1951,400,0,0,41,13,-2.45,0.0733,0,1,130
1952,13,0,0,8,2,-3.68,0.0728,1,0,130
1953,346,0,0,21,9,-10.76,0.0723,1,0,130
1954,6,0,0,3,1,-4.76,0.0719,1,0,130
1955,327,0,0,32,11,-6.67,0.0714,1,0,130
1956,35,0,0,13,5,-4.75,0.0709,1,0,130
1957,43,1,1,23,6,-0.28,0.0704,1,0,130
1958,79,1,1,20,7,-3.99,0.07,1,0,130
1959,13,0,0,9,2,-3.63,0.0695,1,0,130
1960,58,0,0,22,7,-3.28,0.069,1,0,130
1961,95,2,2,21,9,-3.3,0.0685,1,0,130
1962,400,3,3,45,18,3.3,0.0681,0,1,130
1963,400,0,0,25,11,-9.05,0.0676,0,1,130
1964,34,0,0,14,5,-5.49,0.0671,1,0,130
1965,364,2,2,62,20,-0.89,0.0666,1,0,131
1966,109,2,2,41,14,3.06,0.0662,1,0,131
1967,43,1,1,19,6,-1.23,0.0657,1,0,131
1968,47,0,0,23,6,-0.42,0.0652,1,0,131
1969,207,1,1,34,10,-0.92,0.0647,1,0,131
1970,13,0,0,5,2,-5.33,0.0643,1,0,131
1971,44,0,0,18,6,-2.74,0.0638,1,0,131
1972,400,0,0,49,16,-0.8,0.0633,0,1,131
1973,400,0,0,39,13,0.75,0.0628,0,1,131
1974,400,1,1,36,13,-3.2,0.0624,0,1,131
1975,13,0,0,5,2,-4.88,0.0619,1,0,131
1976,224,3,3,25,8,-1.34,0.0614,1,0,131
1977,28,0,0,11,4,-4.58,0.0609,1,0,131
1978,400,6,6,78,24,11.7,0.0605,0,1,131
1979,349,1,1,55,21,-5.99,0.06,1,0,131
1980,254,3,3,29,9,-2.09,0.0595,1,0,131
1981,66,2,2,32,9,0.64,0.059,1,0,131
1982,100,0,0,25,7,-3.25,0.0586,1,0,131
1983,21,0,0,11,3,-3.26,0.0581,1,0,131
1984,27,0,0,16,4,-1.92,0.0576,1,0,131
1985,185,0,0,25,11,-4.15,0.0571,1,0,131
1986,13,0,0,8,2,-3.43,0.0567,1,0,131
1987,102,0,0,13,5,-5.32,0.0562,1,0,131
1988,27,0,0,10,4,-5.47,0.0557,1,0,131
1989,13,0,0,8,2,-3.13,0.0552,1,0,131
1990,400,1,1,35,13,0.2,0.0548,0,1,131
1991,342,0,0,22,8,-7.82,0.0543,1,0,131
1992,13,0,0,5,2,-4.83,0.0538,1,0,131
1993,34,1,1,15,5,-2.94,0.0533,1,0,131
1994,34,1,1,17,5,-0.84,0.0529,1,0,131
1995,20,0,0,8,3,-5.5,0.0524,1,0,131
1996,28,0,0,15,4,-3.98,0.0519,1,0,131
1997,248,2,2,47,15,-2.28,0.0514,1,0,132
1998,400,1,1,24,14,-4.6,0.051,0,1,132
1999,306,3,3,47,14,-0.56,0.0505,1,0,132
2000,47,0,0,19,6,-2.32,0.05,1,0,132
2001,34,0,0,15,5,-4.99,0.05,1,0,132
2002,400,2,2,64,24,1.0,0.05,0,1,132
2003,28,1,1,12,4,-2.68,0.05,1,0,132
2004,6,0,0,1,1,-4.91,0.05,1,0,132
2005,50,0,0,16,7,-5.9,0.05,1,0,132
2006,27,0,0,11,4,-4.67,0.05,1,0,132
2007,223,2,2,30,9,-2.18,0.05,1,0,132
2008,400,2,2,69,22,9.55,0.05,0,1,132
2009,400,2,2,68,20,9.45,0.05,0,1,132
2010,13,0,0,5,2,-5.33,0.05,1,0,132
2011,13,0,0,6,2,-4.48,0.05,1,0,132
2012,41,0,0,19,6,-4.51,0.05,1,0,132
2013,330,1,1,34,14,-5.65,0.05,1,0,134
2014,400,2,2,28,9,0.5,0.05,0,1,134
2015,6,0,0,3,1,-5.11,0.05,1,0,134
2016,400,0,0,17,4,-2.2,0.05,0,1,134
2017,311,6,6,85,24,14.39,0.05,1,0,134
2018,60,1,1,29,8,0.75,0.05,1,0,134
2019,59,0,0,29,8,-0.69,0.05,1,0,134
2020,14,0,0,5,2,-4.84,0.05,1,0,134
2021,77,3,3,34,10,2.58,0.05,1,0,134
2022,354,1,1,55,17,-1.69,0.05,1,0,134
2023,400,3,3,31,11,1.45,0.05,0,1,134
2024,197,0,0,24,8,-4.37,0.05,1,0,134
2025,137,1,1,28,10,-3.52,0.05,1,0,134
2026,400,1,1,48,20,0.05,0.05,0,1,134
2027,59,1,1,24,8,-1.09,0.05,1,0,134
2028,23,0,0,11,3,-3.98,0.05,1,0,134
2029,6,0,0,1,1,-4.91,0.05,1,0,134
2030,75,0,0,33,10,-2.8,0.05,1,0,134
2031,293,2,2,45,13,1.82,0.05,1,0,134
2032,328,4,4,79,26,11.97,0.05,1,0,134
2033,14,0,0,5,2,-4.84,0.05,1,0,134
2034,164,1,1,49,17,0.06,0.05,1,0,134
2035,51,0,0,18,6,-3.31,0.05,1,0,134
2036,13,0,0,4,2,-5.18,0.05,1,0,134
2037,53,0,0,22,7,-3.28,0.05,1,0,134
2038,400,2,2,47,16,5.65,0.05,0,1,136
2039,400,1,1,32,14,-1.9,0.05,0,1,136
2040,330,8,8,111,36,24.0,0.05,1,0,136
2041,244,3,3,103,30,13.46,0.05,1,0,136
2042,20,0,0,11,3,-3.35,0.05,1,0,136
2043,7,0,0,2,1,-4.57,0.05,1,0,136
2044,132,1,1,58,16,4.58,0.05,1,0,136
2045,400,4,4,111,38,23.7,0.05,0,1,136
2046,36,0,0,16,5,-3.21,0.05,1,0,136
2047,29,0,0,15,4,-2.04,0.05,1,0,136
2048,27,0,0,18,4,-2.02,0.05,1,0,136
2049,65,0,0,28,9,-2.75,0.05,1,0,136
2050,192,2,2,78,24,9.23,0.05,1,0,136
2051,39,0,0,18,5,-2.54,0.05,1,0,136
2052,400,5,5,94,31,18.6,0.05,0,1,136
2053,196,4,4,69,23,9.44,0.05,1,0,136
2054,135,2,2,54,17,4.35,0.05,1,0,136
2055,56,0,0,24,8,-2.76,0.05,1,0,136
2056,338,5,5,81,28,12.27,0.05,1,0,136
2057,74,1,1,32,9,2.06,0.05,1,0,136
2058,111,1,1,42,14,2.44,0.05,1,0,136
2059,37,0,0,19,5,-1.87,0.05,1,0,136
2060,27,0,0,14,4,-4.12,0.05,1,0,136
2061,6,0,0,3,1,-5.21,0.05,1,0,136
2062,147,4,4,69,18,14.03,0.05,1,0,136
2063,176,5,5,74,22,10.09,0.05,1,0,136
2064,28,1,1,13,4,-3.48,0.05,1,0,136
2065,103,4,4,50,13,6.47,0.05,1,0,136
2066,21,0,0,13,3,-1.91,0.05,1,0,136
2067,400,1,1,47,16,1.2,0.05,0,1,136
2068,146,3,3,66,18,10.24,0.05,1,0,136
2069,68,1,1,37,9,2.97,0.05,1,0,136
2070,400,5,5,84,27,16.55,0.05,0,1,136
2071,136,1,1,60,17,7.89,0.05,1,0,136
2072,86,0,0,10,3,-3.91,0.05,1,0,138
2073,13,0,0,6,2,-5.03,0.05,1,0,138
2074,8,0,0,6,1,-3.68,0.05,1,0,138
2075,248,3,3,68,23,7.87,0.05,1,0,138
2076,178,2,2,67,21,4.72,0.05,1,0,138
2077,76,0,0,27,10,-3.46,0.05,1,0,138
2078,400,5,5,104,39,20.05,0.05,0,1,138
2079,44,1,1,23,6,0.26,0.05,1,0,138
2080,400,6,6,98,34,20.6,0.05,0,1,139
2081,148,2,2,67,18,11.07,0.05,1,0,139
2082,94,2,2,42,12,1.26,0.05,1,0,139
2083,42,0,0,20,6,-2.37,0.05,1,0,139
2084,42,0,0,17,6,-5.07,0.05,1,0,139
2085,65,2,2,27,9,-0.75,0.05,1,0,139
2086,13,0,0,8,2,-3.43,0.05,1,0,139
2087,81,1,1,35,11,-0.86,0.05,1,0,139
2088,66,0,0,26,9,-4.41,0.05,1,0,139
2089,35,1,1,16,5,-2.35,0.05,1,0,139
2090,108,0,0,54,14,4.07,0.05,1,0,139
2091,75,1,1,36,10,1.25,0.05,1,0,139
2092,136,5,5,62,16,14.29,0.05,1,0,139
2093,217,3,3,100,26,13.38,0.05,1,0,139
2094,241,3,3,54,17,4.84,0.05,1,0,139
2095,400,6,6,100,30,20.5,0.05,0,1,139
2096,14,0,0,9,2,-3.09,0.05,1,0,139
2097,200,3,3,83,23,13.3,0.05,1,0,139
2098,235,5,5,60,19,9.0,0.05,1,0,139
2099,13,0,0,8,2,-3.43,0.05,1,0,139
2100,382,8,8,127,43,24.53,0.05,1,0,140
2101,7,0,0,2,1,-4.57,0.05,1,0,140
2102,339,2,2,73,26,6.61,0.05,1,0,140
2103,118,1,1,51,15,2.02,0.05,1,0,140
2104,261,2,2,47,16,-0.61,0.05,1,0,140
2105,400,2,2,51,17,4.0,0.05,0,1,140
2106,196,6,6,70,19,12.74,0.05,1,0,140
2107,400,5,5,104,34,18.95,0.05,0,1,140
2108,162,3,3,49,17,3.78,0.05,1,0,140
2109,110,1,1,49,14,3.6,0.05,1,0,140
2110,170,3,3,55,20,2.85,0.05,1,0,140
2111,400,4,4,89,29,18.7,0.05,0,1,140
2112,73,2,2,34,10,-0.33,0.05,1,0,140
2113,96,1,1,45,12,4.64,0.05,1,0,140
2114,63,1,1,30,8,1.27,0.05,1,0,140
2115,35,1,1,14,5,-4.25,0.05,1,0,140
2116,218,3,3,72,23,8.37,0.05,1,0,140
2117,174,1,1,36,13,-0.94,0.05,1,0,140
2118,5,0,0,4,1,-3.9,0.05,1,0,140
2119,38,1,1,9,4,-3.38,0.05,1,0,140
2120,74,2,2,35,10,3.56,0.05,1,0,140
2121,204,5,5,80,25,15.16,0.05,1,0,140
2122,59,0,0,21,7,-3.44,0.05,1,0,140
2123,94,1,1,40,13,0.06,0.05,1,0,140
2124,49,0,0,21,6,-4.79,0.05,1,0,140
2125,64,3,3,27,8,3.71,0.05,1,0,140
2126,7,0,0,2,1,-4.57,0.05,1,0,140
2127,400,3,3,87,23,16.5,0.05,0,1,140
2128,284,3,3,101,32,9.46,0.05,1,0,140
2129,64,1,1,31,9,-0.64,0.05,1,0,140
2130,348,6,6,90,32,11.02,0.05,1,0,140
2131,85,1,1,47,11,5.0,0.05,1,0,140
2132,41,0,0,16,6,-5.36,0.05,1,0,140
2133,356,8,8,113,38,20.89,0.05,1,0,140
2134,57,0,0,28,8,-2.07,0.05,1,0,140
2135,21,0,0,12,3,-2.71,0.05,1,0,140
2136,210,1,1,27,9,-5.8,0.05,1,0,140
2137,400,0,0,35,14,-3.15,0.05,0,1,140
2138,347,5,5,76,25,6.53,0.05,1,0,140
2139,205,3,3,60,20,4.6,0.05,1,0,140
2140,252,2,2,33,11,-3.07,0.05,1,0,140
2141,400,0,0,23,9,-3.2,0.05,0,1,140
2142,27,0,0,10,4,-5.47,0.05,1,0,140
2143,38,2,2,15,5,0.07,0.05,1,0,140
2144,13,0,0,6,2,-4.93,0.05,1,0,140
2145,308,7,7,107,35,15.72,0.05,1,0,140
2146,142,3,3,56,16,8.88,0.05,1,0,140
2147,137,3,3,68,17,11.83,0.05,1,0,140
2148,15,0,0,5,2,-6.35,0.05,1,0,140
2149,342,4,4,76,22,10.88,0.05,1,0,140
2150,106,3,3,46,13,5.94,0.05,1,0,140
2151,14,0,0,5,2,-4.64,0.05,1,0,140
2152,64,0,0,32,9,0.11,0.05,1,0,140
2153,6,0,0,3,1,-4.76,0.05,1,0,140
2154,31,0,0,17,4,-1.46,0.05,1,0,140
2155,22,1,1,9,3,-2.12,0.05,1,0,140
2156,173,2,2,64,20,4.67,0.05,1,0,140
2157,336,8,8,118,38,21.74,0.05,1,0,141
2158,400,1,1,45,15,0.1,0.05,0,1,141
2159,51,1,1,24,7,-0.61,0.05,1,0,141
2160,222,0,0,22,9,-8.77,0.05,1,0,141
2161,44,0,0,17,6,-2.14,0.05,1,0,141
2162,42,1,1,19,6,-2.32,0.05,1,0,141
2163,49,2,2,21,7,-0.34,0.05,1,0,141
2164,400,8,8,120,40,31.85,0.05,0,1,141
2165,146,2,2,47,19,-0.96,0.05,1,0,141
2166,20,0,0,10,3,-3.85,0.05,1,0,141
2167,6,0,0,2,1,-5.06,0.05,1,0,141
2168,122,3,3,51,16,5.88,0.05,1,0,141
2169,31,0,0,14,4,-3.26,0.05,1,0,141
2170,82,0,0,41,11,1.53,0.05,1,0,141
2171,36,1,1,14,5,-2.21,0.05,1,0,141
2172,86,2,2,29,10,0.94,0.05,1,0,142
2173,131,4,4,48,16,4.99,0.05,1,0,142
2174,371,8,8,124,38,22.04,0.05,1,0,143
2175,20,0,0,7,3,-4.85,0.05,1,0,143
2176,113,0,0,14,6,-7.93,0.05,1,0,143
2177,13,0,0,8,2,-3.38,0.05,1,0,143
2178,124,3,3,59,16,8.26,0.05,1,0,143
2179,71,0,0,30,9,-0.11,0.05,1,0,143
2180,59,1,1,28,8,-0.34,0.05,1,0,143
2181,112,2,2,50,14,6.48,0.05,1,0,143
2182,218,6,6,92,25,20.12,0.05,1,0,143
2183,5,0,0,3,1,-4.35,0.05,1,0,143
2184,35,0,0,16,5,-2.35,0.05,1,0,143
2185,61,0,0,36,8,1.59,0.05,1,0,143
2186,122,3,3,39,15,1.38,0.05,1,0,143
2187,400,1,1,39,14,-3.1,0.05,0,1,143
2188,21,0,0,12,3,-2.16,0.05,1,0,143
2189,153,3,3,64,20,3.22,0.05,1,0,143
2190,254,4,4,59,19,9.11,0.05,1,0,143
2191,164,1,1,67,22,-1.09,0.05,1,0,143
2192,64,1,1,31,9,-1.59,0.05,1,0,143
2193,46,0,0,20,6,-1.86,0.05,1,0,143
2194,28,0,0,10,4,-4.03,0.05,1,0,143
2195,71,1,1,33,9,2.99,0.05,1,0,143
2196,67,0,0,31,9,-1.22,0.05,1,0,143
2197,72,2,2,34,9,1.08,0.05,1,0,143
2198,128,1,1,51,16,4.17,0.05,1,0,143
2199,400,4,4,98,32,14.25,0.05,0,1,143
2200,28,0,0,12,4,-2.78,0.05,1,0,143
2201,7,0,0,3,1,-4.17,0.05,1,0,143
2202,43,0,0,19,6,-3.88,0.05,1,0,143
2203,145,1,1,59,17,4.75,0.05,1,0,143
2204,257,4,4,66,19,7.43,0.05,1,0,143
2205,80,0,0,23,6,-3.0,0.05,1,0,143
2206,6,0,0,3,1,-4.76,0.05,1,0,143
2207,63,1,1,29,9,-1.28,0.05,1,0,143
2208,13,0,0,8,2,-3.38,0.05,1,0,143
2209,29,0,0,16,4,-2.19,0.05,1,0,143
2210,68,1,1,35,9,1.87,0.05,1,0,143
2211,123,5,5,47,15,1.92,0.05,1,0,143
2212,65,0,0,16,5,-4.15,0.05,1,0,143
2213,28,1,1,13,4,-2.43,0.05,1,0,143
2214,13,0,0,5,2,-5.33,0.05,1,0,143
2215,40,1,1,21,5,-0.25,0.05,1,0,143
2216,6,0,0,1,1,-5.26,0.05,1,0,143
2217,98,2,2,36,13,-1.58,0.05,1,0,143
2218,43,0,0,21,6,-1.83,0.05,1,0,143
2219,7,0,0,5,1,-4.12,0.05,1,0,143
2220,7,0,0,5,1,-4.12,0.05,1,0,143
2221,106,2,2,41,13,2.99,0.05,1,0,143
2222,21,0,0,7,3,-4.86,0.05,1,0,143
2223,140,1,1,56,17,6.2,0.05,1,0,143
2224,6,0,0,2,1,-5.06,0.05,1,0,143
2225,400,6,6,105,33,20.85,0.05,0,1,143
2226,119,2,2,55,15,5.86,0.05,1,0,143
2227,400,3,3,93,31,14.5,0.05,0,1,143
2228,20,0,0,9,3,-3.45,0.05,1,0,143
2229,5,0,0,4,1,-4.45,0.05,1,0,143
2230,164,0,0,16,5,-6.54,0.05,1,0,143
2231,82,1,1,41,11,1.33,0.05,1,0,143
2232,289,3,3,95,30,10.41,0.05,1,0,143
2233,301,7,7,118,35,20.79,0.05,1,0,143
2234,79,2,2,36,10,3.81,0.05,1,0,143
2235,13,0,0,7,2,-4.18,0.05,1,0,143
2236,53,0,0,27,7,0.82,0.05,1,0,143
2237,400,4,4,79,22,13.5,0.05,0,1,143
2238,36,0,0,17,5,-2.06,0.05,1,0,143
2239,20,0,0,10,3,-4.45,0.05,1,0,143
2240,43,0,0,20,6,-3.13,0.05,1,0,143
2241,51,1,1,21,7,-1.86,0.05,1,0,143
2242,21,0,0,12,3,-2.26,0.05,1,0,143
2243,116,2,2,47,14,3.54,0.05,1,0,143
2244,101,2,2,36,13,1.79,0.05,1,0,143
2245,128,5,5,52,15,9.12,0.05,1,0,143
2246,37,1,1,19,5,-0.87,0.05,1,0,143
2247,7,0,0,5,1,-4.12,0.05,1,0,143
2248,13,0,0,8,2,-3.68,0.05,1,0,143
2249,400,2,2,36,13,1.8,0.05,0,1,143
2250,44,0,0,16,5,-3.29,0.05,1,0,143
2251,400,8,8,120,41,25.9,0.05,0,1,143
2252,56,0,0,27,8,-1.36,0.05,1,0,143
2253,99,2,2,27,9,0.71,0.05,1,0,143
2254,88,2,2,42,12,1.42,0.05,1,0,143
2255,6,0,0,3,1,-4.76,0.05,1,0,143
2256,400,8,8,127,46,19.2,0.05,0,1,143
2257,316,1,1,24,10,-9.01,0.05,1,0,143
2258,296,1,1,30,8,-2.91,0.05,1,0,143
2259,20,1,1,9,3,-3.0,0.05,1,0,143
2260,400,7,7,99,32,20.25,0.05,0,1,143
2261,20,0,0,12,3,-2.8,0.05,1,0,143
2262,122,1,1,55,15,5.73,0.05,1,0,143
2263,106,2,2,49,14,2.64,0.05,1,0,143
2264,98,3,3,41,12,4.42,0.05,1,0,143
2265,397,9,9,125,43,23.43,0.05,1,0,145
2266,143,4,4,64,19,7.87,0.05,1,0,145
2267,59,0,0,22,7,-2.59,0.05,1,0,145
2268,28,0,0,11,4,-5.18,0.05,1,0,145
2269,99,1,1,44,12,4.41,0.05,1,0,145
2270,57,0,0,23,8,-2.57,0.05,1,0,145
2271,243,5,5,61,19,9.17,0.05,1,0,145
2272,75,2,2,39,10,3.0,0.05,1,0,145
2273,161,3,3,60,19,7.49,0.05,1,0,145
2274,205,5,5,75,24,13.85,0.05,1,0,145
2275,378,5,5,106,32,16.82,0.05,1,0,145
2276,84,1,1,20,8,-3.14,0.05,1,0,145
2277,158,3,3,69,20,6.72,0.05,1,0,145
2278,400,0,0,58,19,5.9,0.05,0,1,145
2279,84,0,0,38,11,1.36,0.05,1,0,145
2280,128,0,0,6,3,-6.08,0.05,1,0,145
2281,175,2,2,25,9,-0.6,0.05,1,0,145
2282,134,0,0,25,10,-4.99,0.05,1,0,145
2283,53,2,2,26,7,1.82,0.05,1,0,145
2284,65,1,1,30,9,0.4,0.05,1,0,145
2285,400,6,6,102,34,24.6,0.05,0,1,145
2286,119,4,4,53,15,8.26,0.05,1,0,145
2287,55,2,2,25,8,-1.55,0.05,1,0,145
2288,400,6,6,115,38,20.35,0.05,0,1,145
2289,81,0,0,25,10,-4.86,0.05,1,0,145
2290,159,2,2,50,17,-0.64,0.05,1,0,145
2291,400,0,0,65,20,3.35,0.05,0,1,145
2292,20,0,0,9,3,-3.55,0.05,1,0,145
2293,120,2,2,49,15,3.8,0.05,1,0,145
2294,201,5,5,84,25,12.04,0.05,1,0,145
2295,88,0,0,36,11,0.32,0.05,1,0,145
2296,69,1,1,32,9,1.26,0.05,1,0,145
2297,258,5,5,86,25,11.52,0.05,1,0,145
2298,342,6,6,107,31,19.93,0.05,1,0,145
2299,21,0,0,7,3,-5.81,0.05,1,0,145
2300,6,0,0,1,1,-5.36,0.05,1,0,145
2301,61,1,1,28,8,0.39,0.05,1,0,145
2302,69,2,2,32,9,2.91,0.05,1,0,145
2303,20,0,0,11,3,-3.45,0.05,1,0,145
2304,14,0,0,9,2,-3.54,0.05,1,0,145
2305,166,5,5,69,20,12.84,0.05,1,0,145
2306,22,0,0,10,3,-4.37,0.05,1,0,145
2307,400,7,7,101,33,24.3,0.05,0,1,145
2308,21,1,1,10,3,-2.86,0.05,1,0,145
2309,212,2,2,72,26,6.83,0.05,1,0,146
2310,21,0,0,10,3,-4.26,0.05,1,0,146
2311,14,0,0,8,2,-4.39,0.05,1,0,146
2312,400,4,4,112,36,20.9,0.05,0,1,146
2313,27,1,1,11,4,-4.02,0.05,1,0,146
2314,182,2,2,42,12,1.48,0.05,1,0,147
2315,79,0,0,14,5,-4.79,0.05,1,0,147
2316,6,0,0,3,1,-4.76,0.05,1,0,147
2317,187,5,5,76,24,10.08,0.05,1,0,147
2318,85,0,0,39,12,-1.95,0.05,1,0,147
2319,126,2,2,44,12,2.84,0.05,1,0,147
2320,44,0,0,21,6,-3.69,0.05,1,0,147
2321,400,8,8,111,36,22.35,0.05,0,1,147
2322,251,5,5,98,30,18.74,0.05,1,0,147
2323,68,1,1,31,9,2.12,0.05,1,0,147
2324,20,0,0,7,3,-4.8,0.05,1,0,147
2325,48,2,2,25,7,0.37,0.05,1,0,147
2326,265,6,6,97,31,15.05,0.05,1,0,147
2327,355,3,3,48,18,-2.4,0.05,1,0,147
2328,263,2,2,48,14,2.22,0.05,1,0,147
2329,50,1,1,25,7,-0.3,0.05,1,0,147
2330,6,0,0,3,1,-4.76,0.05,1,0,147
2331,6,0,0,1,1,-5.26,0.05,1,0,147
2332,28,0,0,13,4,-2.63,0.05,1,0,147
2333,7,0,0,3,1,-4.27,0.05,1,0,147
2334,27,0,0,10,4,-4.52,0.05,1,0,147
2335,400,5,5,89,30,16.55,0.05,0,1,147
2336,72,0,0,31,9,0.53,0.05,1,0,147
2337,400,8,8,110,39,18.6,0.05,0,1,147
2338,40,0,0,20,5,-2.0,0.05,1,0,147
2339,53,1,1,26,7,-0.38,0.05,1,0,147
2340,8,0,0,2,1,-5.53,0.05,1,0,147
2341,372,1,2,57,19,-1.02,0.05,1,0,147
2342,27,1,1,12,4,-3.27,0.05,1,0,147
2343,362,5,5,105,35,17.93,0.05,1,0,147
2344,7,0,0,2,1,-5.02,0.05,1,0,147
2345,180,1,1,17,5,-4.15,0.05,1,0,147
2346,52,1,1,21,7,-2.12,0.05,1,0,147
2347,249,4,4,71,23,10.46,0.05,1,0,147
2348,400,0,0,30,12,-5.7,0.05,0,1,147
2349,22,0,0,12,3,-4.02,0.05,1,0,147
2350,22,0,0,14,3,-2.47,0.05,1,0,147
2351,21,1,1,11,3,-1.61,0.05,1,0,147
2352,400,5,5,93,28,19.5,0.05,0,1,147
2353,81,2,2,33,11,1.34,0.05,1,0,147
2354,83,1,1,35,11,1.62,0.05,1,0,147
2355,44,0,0,23,6,-0.64,0.05,1,0,147
2356,85,1,1,31,11,-2.6,0.05,1,0,147
2357,173,3,3,69,21,5.62,0.05,1,0,147
2358,183,4,4,63,20,8.27,0.05,1,0,147
2359,106,0,0,11,4,-5.06,0.05,1,0,147
2360,30,0,0,12,4,-4.5,0.05,1,0,147
2361,95,1,1,45,11,3.65,0.05,1,0,147
2362,64,1,1,25,9,-2.14,0.05,1,0,147
2363,183,1,1,73,21,9.17,0.05,1,0,147
2364,310,6,6,106,33,21.2,0.05,1,0,148
2365,106,1,1,42,13,1.19,0.05,1,0,148
2366,71,0,0,32,10,-2.46,0.05,1,0,148
2367,50,1,1,23,7,-1.85,0.05,1,0,148
2368,400,8,8,112,34,30.45,0.05,0,1,148
2369,15,0,0,8,2,-3.8,0.05,1,0,148
2370,23,0,0,14,3,-2.18,0.05,1,0,148
2371,13,0,0,5,2,-5.33,0.05,1,0,148
2372,34,0,0,14,5,-3.79,0.05,1,0,148
2373,400,6,6,97,28,24.4,0.05,0,1,148
2374,61,1,1,33,8,2.84,0.05,1,0,148
2375,125,0,0,12,5,-5.05,0.05,1,0,148
2376,35,0,0,15,5,-3.35,0.05,1,0,148
2377,149,2,2,40,11,2.11,0.05,1,0,148
2378,400,3,3,90,29,13.5,0.05,0,1,148
2379,13,0,0,6,2,-5.03,0.05,1,0,148
2380,400,7,7,95,34,18.8,0.05,0,1,148
2381,13,0,0,5,2,-4.88,0.05,1,0,148
2382,13,0,0,8,2,-3.88,0.05,1,0,148
2383,44,1,1,23,6,0.11,0.05,1,0,148
2384,90,2,2,36,11,2.1,0.05,1,0,148
2385,80,0,0,48,10,5.8,0.05,1,0,148
2386,400,0,0,19,9,-5.9,0.05,0,1,148
2387,88,0,0,11,3,-3.73,0.05,1,0,148
2388,400,5,5,104,32,23.95,0.05,0,1,148
2389,400,4,4,84,28,13.95,0.05,0,1,148
2390,127,5,5,56,16,11.08,0.05,1,0,148
2391,142,4,4,58,17,6.13,0.05,1,0,148
2392,300,3,3,89,27,10.8,0.05,1,0,149
2393,95,0,0,41,12,-0.65,0.05,1,0,149
2394,357,9,9,119,41,19.83,0.05,1,0,152
2395,42,0,0,20,6,-2.67,0.05,1,0,152
2396,400,4,4,86,25,17.1,0.05,0,1,152
2397,6,0,0,2,1,-5.06,0.05,1,0,152
2398,20,1,1,8,3,-2.9,0.05,1,0,152
2399,50,1,1,22,7,-2.1,0.05,1,0,152
2400,166,2,2,56,18,6.69,0.05,1,0,152
2401,7,0,0,3,1,-4.37,0.05,1,0,152
2402,168,6,6,78,20,14.82,0.05,1,0,152
2403,6,0,0,1,1,-5.36,0.05,1,0,152
2404,89,2,2,42,11,4.36,0.05,1,0,152
2405,400,4,4,104,26,17.05,0.05,0,1,152
2406,50,0,0,23,7,-2.85,0.05,1,0,152
2407,400,6,6,88,32,15.95,0.05,0,1,152
2408,29,0,0,14,4,-2.79,0.05,1,0,152
2409,42,0,0,18,6,-2.27,0.05,1,0,152
2410,124,3,3,52,16,7.56,0.05,1,0,152
2411,104,1,1,43,14,-0.99,0.05,1,0,152
2412,399,7,7,123,41,22.31,0.05,1,0,152
2413,99,3,3,43,12,5.56,0.05,1,0,152
2414,72,0,0,16,5,-3.82,0.05,1,0,152
2415,49,0,0,18,7,-4.94,0.05,1,0,152
2416,225,3,3,57,18,6.6,0.05,1,0,152
2417,263,2,2,53,16,2.12,0.05,1,0,152
2418,28,0,0,13,4,-3.73,0.05,1,0,152
2419,145,2,2,58,18,6.65,0.05,1,0,152
2420,39,0,0,17,5,-2.39,0.05,1,0,152
2421,58,1,1,27,8,0.62,0.05,1,0,152
2422,28,0,0,12,4,-4.43,0.05,1,0,152
2423,27,0,0,16,4,-3.62,0.05,1,0,152
2424,302,4,4,74,26,7.53,0.05,1,0,152
2425,116,1,1,40,11,2.49,0.05,1,0,152
2426,255,2,2,63,19,2.95,0.05,1,0,152
2427,80,2,2,36,10,2.65,0.05,1,0,152
2428,47,0,0,23,6,0.18,0.05,1,0,152
2429,151,3,3,29,11,-2.21,0.05,1,0,152
2430,145,3,3,60,18,6.7,0.05,1,0,153
2431,80,1,1,35,11,0.7,0.05,1,0,153
2432,96,1,1,49,13,4.14,0.05,1,0,153
2433,291,5,5,85,26,10.64,0.05,1,0,153
2434,391,9,9,127,44,22.89,0.05,1,0,155
2435,117,2,2,54,15,3.53,0.05,1,0,155
2436,386,2,2,61,18,1.69,0.05,1,0,155
2437,195,5,5,77,24,12.85,0.05,1,0,155
2438,38,0,0,5,3,-6.13,0.05,1,0,155
2439,72,0,0,33,10,-1.22,0.05,1,0,155
2440,42,0,0,22,6,-1.07,0.05,1,0,155
2441,71,1,1,33,10,-0.31,0.05,1,0,155
2442,186,2,2,61,21,4.59,0.05,1,0,155
2443,140,1,1,56,18,2.35,0.05,1,0,155
2444,5,0,0,3,1,-5.1,0.05,1,0,155
2445,217,7,7,77,26,13.63,0.05,1,0,155
2446,117,2,2,42,14,2.93,0.05,1,0,155
2447,271,4,4,92,31,14.64,0.05,1,0,155
2448,74,0,0,31,10,-0.44,0.05,1,0,155
2449,7,0,0,3,1,-4.27,0.05,1,0,155
2450,192,1,1,49,13,2.43,0.05,1,0,155
2451,73,2,2,32,10,0.67,0.05,1,0,155
2452,6,0,0,3,1,-4.76,0.05,1,0,155
2453,30,0,0,12,4,-3.8,0.05,1,0,155
2454,22,0,0,12,3,-3.17,0.05,1,0,155
2455,13,0,0,9,2,-3.48,0.05,1,0,155
2456,400,8,8,115,42,26.65,0.05,0,1,155
2457,30,1,1,14,4,-1.6,0.05,1,0,155
2458,20,0,0,9,3,-4.55,0.05,1,0,155
2459,66,3,3,29,8,3.39,0.05,1,0,155
2460,332,5,5,82,27,11.13,0.05,1,0,155
2461,13,0,0,8,2,-3.43,0.05,1,0,155
2462,63,2,2,35,8,5.07,0.05,1,0,155
2463,5,0,0,3,1,-4.3,0.05,1,0,155
2464,400,8,8,107,37,22.45,0.05,0,1,155
2465,13,0,0,7,2,-4.18,0.05,1,0,155
2466,37,0,0,20,5,-1.57,0.05,1,0,155
2467,400,4,4,70,26,1.75,0.05,0,1,155
2468,400,4,4,79,30,11.55,0.05,0,1,155
2469,6,0,0,1,1,-5.36,0.05,1,0,155
2470,239,4,4,80,27,10.91,0.05,1,0,155
2471,222,2,2,69,22,7.03,0.05,1,0,155
2472,91,1,1,39,12,-0.61,0.05,1,0,155
2473,102,1,1,44,13,1.23,0.05,1,0,155
2474,64,0,0,27,9,-0.69,0.05,1,0,155
2475,159,2,2,56,19,5.41,0.05,1,0,155
2476,101,1,1,48,13,3.09,0.05,1,0,155
2477,287,4,4,102,32,16.08,0.05,1,0,155
2478,63,0,0,24,9,-2.98,0.05,1,0,155
2479,5,0,0,1,1,-5.8,0.05,1,0,155
2480,58,0,0,30,8,-0.13,0.05,1,0,156
2481,41,0,0,14,5,-4.01,0.05,1,0,156
2482,13,0,0,6,2,-4.58,0.05,1,0,156
2483,127,5,5,51,15,10.53,0.05,1,0,156
2484,29,1,1,11,4,-3.24,0.05,1,0,156
2485,50,0,0,22,7,-2.1,0.05,1,0,156
2486,194,2,2,79,25,8.46,0.05,1,0,156
2487,102,1,1,26,8,-0.52,0.05,1,0,156
2488,6,0,0,2,1,-5.06,0.05,1,0,156
2489,400,7,7,95,28,19.8,0.05,0,1,156
2490,366,3,3,49,14,3.04,0.05,1,0,156
2491,127,4,4,48,16,7.13,0.05,1,0,156
2492,5,0,0,3,1,-4.3,0.05,1,0,156
2493,129,4,4,51,16,7.01,0.05,1,0,156
2494,93,0,0,33,12,-2.78,0.05,1,0,156
2495,42,0,0,21,6,-1.42,0.05,1,0,156
2496,54,1,1,24,7,-0.14,0.05,1,0,156
2497,41,0,0,19,6,-3.51,0.05,1,0,156
2498,110,1,1,50,14,5.45,0.05,1,0,156
2499,153,0,0,38,11,-1.38,0.05,1,0,156
2500,94,1,1,47,12,4.66,0.05,1,0,156
2501,109,2,2,46,14,2.01,0.05,1,0,156
2502,138,4,4,51,16,10.37,0.05,1,0,156
2503,98,0,0,13,5,-5.38,0.05,1,0,156
2504,175,3,3,60,21,4.1,0.05,1,0,156
2505,38,1,1,14,5,-2.38,0.05,1,0,156
2506,13,0,0,7,2,-4.23,0.05,1,0,156
2507,130,2,2,63,17,6.9,0.05,1,0,156
2508,232,3,3,98,28,14.83,0.05,1,0,156
2509,194,5,5,75,22,13.11,0.05,1,0,156
2510,37,0,0,15,5,-3.97,0.05,1,0,156
2511,120,3,3,57,15,6.95,0.05,1,0,156
2512,45,0,0,21,6,-0.85,0.05,1,0,156
2513,334,8,8,111,36,23.16,0.05,1,0,156
2514,93,0,0,46,12,2.67,0.05,1,0,156
2515,58,3,3,30,8,-0.13,0.05,1,0,156
2516,97,3,3,39,13,1.28,0.05,1,0,156
2517,319,1,1,53,16,0.51,0.05,1,0,156
2518,117,1,1,54,15,3.33,0.05,1,0,156
2519,367,7,7,119,40,22.23,0.05,1,0,156
2520,28,0,0,15,4,-3.53,0.05,1,0,156
2521,55,1,2,24,7,1.5,0.05,1,0,156
2522,13,0,0,3,2,-5.93,0.05,1,0,156
2523,147,2,2,38,11,1.58,0.05,1,0,156
2524,400,4,4,97,31,17.85,0.05,0,1,156
2525,134,0,0,13,5,-4.89,0.05,1,0,156
2526,28,0,0,13,4,-4.13,0.05,1,0,156
2527,303,2,2,64,20,6.02,0.05,1,0,156
2528,15,0,0,7,2,-3.55,0.05,1,0,156
2529,126,3,3,50,16,3.44,0.05,1,0,156
2530,400,9,9,123,42,30.05,0.05,0,1,157
2531,150,2,2,59,19,5.95,0.05,1,0,157
2532,251,1,1,55,17,0.59,0.05,1,0,157
2533,400,0,0,27,10,-1.5,0.05,0,1,157
2534,21,0,0,8,3,-4.36,0.05,1,0,157
2535,53,0,0,22,7,-1.78,0.05,1,0,157
2536,63,1,1,25,8,-0.43,0.05,1,0,157
2537,7,0,0,3,1,-4.37,0.05,1,0,157
2538,153,3,3,65,19,7.77,0.05,1,0,157
2539,28,0,0,13,4,-3.08,0.05,1,0,157
2540,70,3,3,31,9,3.45,0.05,1,0,157
2541,400,6,6,108,32,24.6,0.05,0,1,157
2542,6,0,0,3,1,-5.21,0.05,1,0,157
2543,62,0,0,22,6,-1.57,0.05,1,0,157
2544,13,0,0,8,2,-3.43,0.05,1,0,157
2545,44,0,0,24,6,-0.54,0.05,1,0,157
2546,226,3,3,68,18,11.79,0.05,1,0,157
2547,400,4,4,73,23,10.05,0.05,0,1,157
2548,243,3,3,58,18,2.77,0.05,1,0,157
2549,381,7,7,125,40,20.79,0.05,1,0,157
2550,56,1,1,23,8,-0.21,0.05,1,0,157
2551,218,2,2,55,21,-1.98,0.05,1,0,157
2552,7,0,0,1,1,-4.87,0.05,1,0,157
2553,85,1,1,22,6,-0.85,0.05,1,0,157
2554,257,6,6,92,31,15.43,0.05,1,0,158
2555,400,5,5,85,23,18.9,0.05,0,1,158
2556,400,9,9,113,43,27.75,0.05,0,1,158
2557,119,3,3,51,16,4.16,0.05,1,0,158
2558,13,0,0,5,2,-5.23,0.05,1,0,158
2559,14,0,0,4,2,-5.14,0.05,1,0,158
2560,400,1,1,54,22,0.6,0.05,0,1,158
2561,265,5,5,73,24,3.4,0.05,1,0,158
2562,56,1,1,29,7,0.29,0.05,1,0,158
2563,400,6,6,83,27,15.6,0.05,0,1,158
2564,75,1,1,36,9,4.15,0.05,1,0,158
2565,183,4,4,69,21,11.47,0.05,1,0,158
2566,28,0,0,9,4,-4.88,0.05,1,0,158
2567,13,0,0,9,2,-3.58,0.05,1,0,158
2568,84,0,0,16,5,-4.39,0.05,1,0,158
2569,36,0,0,11,5,-5.36,0.05,1,0,158
2570,400,8,8,93,32,17.85,0.05,0,1,158
2571,14,0,0,6,2,-5.89,0.05,1,0,158
2572,225,2,2,76,26,9.7,0.05,1,0,158
2573,169,5,5,54,15,7.36,0.05,1,0,158
2574,103,1,1,45,14,0.02,0.05,1,0,158
2575,400,6,6,95,35,18.85,0.05,0,1,158
2576,400,4,4,102,32,19.25,0.05,0,1,158
2577,213,3,3,84,26,9.57,0.05,1,0,158
2578,211,5,5,55,19,8.99,0.05,1,0,158
2579,400,7,7,114,41,26.8,0.05,0,1,158
2580,400,8,8,114,37,30.2,0.05,0,1,158
2581,5,0,0,4,1,-4.9,0.05,1,0,158
2582,155,1,1,25,7,-1.8,0.05,1,0,158
2583,290,3,3,108,33,16.1,0.05,1,0,158
2584,13,0,0,5,2,-5.78,0.05,1,0,158
2585,36,0,0,11,4,-4.66,0.05,1,0,158
2586,28,1,1,15,4,-1.53,0.05,1,0,158
2587,32,0,0,7,3,-5.47,0.05,1,0,158
2588,96,3,3,39,12,4.54,0.05,1,0,158
2589,28,0,0,12,4,-4.53,0.05,1,0,158
2590,199,4,4,69,24,6.61,0.05,1,0,158
2591,83,1,1,42,11,2.42,0.05,1,0,158
2592,58,0,0,17,8,-4.98,0.05,1,0,158
2593,400,3,3,93,29,23.4,0.05,0,1,158
2594,13,0,0,6,2,-4.43,0.05,1,0,158
2595,7,0,0,3,1,-4.27,0.05,1,0,158
2596,400,6,7,109,35,21.3,0.05,0,1,158
2597,91,0,0,45,12,2.29,0.05,1,0,158
2598,76,0,0,37,10,0.84,0.05,1,0,158
2599,34,0,0,15,5,-5.69,0.05,1,0,158
2600,35,0,0,17,5,-2.7,0.05,1,0,158
2601,7,0,0,3,1,-4.72,0.05,1,0,158
2602,110,2,2,46,15,-1.8,0.05,1,0,158
2603,319,3,3,101,31,13.21,0.05,1,0,158
2604,126,3,3,51,15,8.44,0.05,1,0,158
2605,43,1,1,18,6,-1.68,0.05,1,0,158
2606,81,4,4,39,11,5.19,0.05,1,0,158
2607,123,5,5,53,15,9.42,0.05,1,0,158
2608,7,0,0,3,1,-4.17,0.05,1,0,158
2609,226,4,4,84,27,9.74,0.05,1,0,158
2610,400,4,4,110,36,21.6,0.05,0,1,158
2611,13,0,0,8,2,-4.03,0.05,1,0,158
2612,400,6,6,79,26,16.15,0.05,0,1,158
2613,75,0,0,35,10,-0.9,0.05,1,0,158
2614,290,3,3,59,17,5.45,0.05,1,0,158
2615,7,0,0,2,1,-5.57,0.05,1,0,158
2616,81,1,1,37,11,-0.91,0.05,1,0,158
2617,373,7,7,118,34,22.72,0.05,1,0,158
2618,21,0,0,13,3,-2.51,0.05,1,0,158
2619,172,1,1,54,18,-1.12,0.05,1,0,158
2620,171,0,0,19,6,-3.71,0.05,1,0,158
2621,20,0,0,9,3,-4.7,0.05,1,0,158
2622,73,1,1,28,10,-4.03,0.05,1,0,158
2623,135,4,4,48,17,4.4,0.05,1,0,158
2624,13,0,0,9,2,-3.38,0.05,1,0,158
2625,66,1,1,25,7,0.99,0.05,1,0,158
2626,128,1,1,36,9,0.17,0.05,1,0,158
2627,204,3,3,37,13,0.71,0.05,1,0,158
2628,7,0,0,5,1,-4.12,0.05,1,0,158
2629,106,2,2,43,13,2.84,0.05,1,0,158
2630,384,8,9,124,43,25.16,0.05,0,1,158
2631,400,9,9,126,41,25.35,0.05,0,1,158
2632,205,4,4,64,18,9.45,0.05,1,0,158
2633,137,4,4,61,17,13.03,0.05,1,0,158
2634,400,7,7,99,32,19.15,0.05,0,1,158
2635,240,5,5,80,25,14.45,0.05,1,0,158
2636,14,0,0,8,2,-4.19,0.05,1,0,158
2637,319,3,3,99,25,13.26,0.05,1,0,158
2638,76,1,1,31,9,-0.76,0.05,1,0,158
2639,228,5,5,86,26,16.77,0.05,1,0,158
2640,125,0,0,18,6,-7.5,0.05,1,0,158
2641,361,3,3,80,22,8.19,0.05,1,0,158
2642,69,0,0,27,9,-3.09,0.05,1,0,158
2643,349,5,5,86,26,13.91,0.05,1,0,158
2644,400,4,4,61,17,12.2,0.05,0,1,158
2645,85,1,1,32,11,-2.2,0.05,1,0,158
2646,154,3,3,57,20,2.76,0.05,1,0,158
2647,35,0,0,15,5,-3.75,0.05,1,0,158
2648,262,1,1,30,11,-4.27,0.05,1,0,158
2649,203,3,3,61,20,7.42,0.05,1,0,158
2650,314,3,3,91,27,11.96,0.05,1,0,158
2651,20,0,0,7,3,-4.9,0.05,1,0,158
2652,127,2,2,54,15,7.08,0.05,1,0,158
2653,54,3,3,15,7,-0.69,0.05,1,0,158
2654,400,5,5,96,33,20.8,0.05,0,1,158
2655,43,1,1,24,6,1.57,0.05,1,0,158
2656,150,3,3,65,19,4.8,0.05,1,0,158
2657,29,0,0,7,4,-5.89,0.05,1,0,158
2658,13,0,0,8,2,-3.88,0.05,1,0,158
2659,71,0,0,34,10,-2.31,0.05,1,0,158
2660,359,8,8,125,40,27.06,0.05,1,0,159
2661,400,4,4,55,17,7.25,0.05,0,1,159
2662,6,0,0,2,1,-4.61,0.05,1,0,159
2663,50,1,1,22,7,-0.5,0.05,1,0,159
2664,6,0,0,1,1,-5.26,0.05,1,0,159
2665,208,4,4,70,21,11.62,0.05,1,0,159
2666,99,2,2,48,12,6.11,0.05,1,0,159
2667,28,0,0,14,4,-2.28,0.05,1,0,159
2668,35,0,0,16,5,-3.1,0.05,1,0,159
2669,143,8,8,65,18,12.87,0.05,1,0,159
2670,35,0,0,14,5,-3.8,0.05,1,0,159
2671,56,1,1,26,8,-0.16,0.05,1,0,159
2672,118,3,3,50,15,5.47,0.05,1,0,159
2673,190,1,1,41,14,-0.45,0.05,1,0,159
2674,13,0,0,5,2,-4.78,0.05,1,0,159
2675,115,0,0,51,15,-0.65,0.05,1,0,159
2676,28,0,0,14,4,-3.28,0.05,1,0,159
2677,243,5,5,76,26,13.32,0.05,1,0,159
2678,187,3,3,62,23,1.83,0.05,1,0,159
2679,78,2,2,38,10,4.37,0.05,1,0,159
2680,376,3,3,91,31,9.79,0.05,1,0,159
2681,400,4,4,37,10,6.35,0.05,0,1,159
2682,391,9,9,132,43,27.89,0.05,1,0,159
2683,400,4,4,51,16,7.45,0.05,0,1,159
2684,237,1,1,67,19,3.38,0.05,1,0,159
2685,154,0,0,13,5,-7.54,0.05,1,0,159
2686,253,3,3,72,22,9.77,0.05,1,0,159
2687,233,7,7,84,26,14.27,0.05,1,0,159
2688,41,0,0,22,6,-3.46,0.05,1,0,159
2689,20,0,0,9,3,-4.45,0.05,1,0,159
2690,67,0,0,15,6,-4.97,0.05,1,0,159
2691,141,1,1,62,18,3.64,0.05,1,0,159
2692,400,4,4,62,22,8.8,0.05,0,1,159
2693,375,8,9,119,39,30.25,0.05,0,1,159
2694,400,5,5,75,24,14.7,0.05,0,1,159
2695,256,2,2,54,18,2.14,0.05,1,0,159
2696,400,0,0,31,10,-0.9,0.05,0,1,159
2697,96,0,0,45,12,2.54,0.05,1,0,159
2698,400,9,9,111,41,17.8,0.05,0,1,159
2699,177,6,6,71,21,14.83,0.05,1,0,159
2700,400,6,7,93,32,19.0,0.05,0,1,159
2701,28,1,1,13,4,-4.03,0.05,1,0,159
2702,292,1,1,52,15,1.38,0.05,1,0,159
2703,214,4,4,87,26,12.16,0.05,1,0,159
2704,13,0,0,5,2,-5.78,0.05,1,0,159
2705,113,3,3,49,14,6.02,0.05,1,0,159
2706,400,1,1,37,12,-1.65,0.05,0,1,159
2707,6,0,0,3,1,-4.31,0.05,1,0,159
2708,52,2,2,22,6,1.18,0.05,1,0,159
2709,113,2,2,51,15,4.42,0.05,1,0,159
2710,7,0,0,3,1,-4.27,0.05,1,0,159
2711,56,0,0,27,8,-1.86,0.05,1,0,159
2712,163,5,5,73,20,14.62,0.05,1,0,159
2713,400,6,6,54,19,9.3,0.05,0,1,159
2714,139,2,2,54,16,3.06,0.05,1,0,159
2715,100,2,2,44,13,1.25,0.05,1,0,159
2716,5,0,0,4,1,-4.95,0.05,1,0,159
2717,20,0,0,10,3,-3.25,0.05,1,0,159
2718,227,3,3,81,26,9.53,0.05,1,0,159
2719,58,0,0,27,8,-1.03,0.05,1,0,159
2720,13,0,0,9,2,-4.03,0.05,1,0,159
2721,177,6,6,69,20,12.48,0.05,1,0,159
2722,74,1,1,37,10,1.81,0.05,1,0,159
2723,162,3,3,70,20,10.63,0.05,1,0,159
2724,13,0,0,6,2,-4.38,0.05,1,0,159
2725,82,4,4,36,11,2.58,0.05,1,0,159
2726,57,1,1,27,8,-1.22,0.05,1,0,159
2727,400,9,9,120,43,28.85,0.05,0,1,159
2728,92,2,2,39,12,4.38,0.05,1,0,159
2729,400,4,4,106,37,21.6,0.05,0,1,159
2730,13,0,0,8,2,-3.78,0.05,1,0,159
2731,82,2,2,39,11,2.58,0.05,1,0,159
2732,400,7,7,99,29,23.9,0.05,0,1,159
2733,143,1,1,73,18,10.22,0.05,1,0,159
2734,113,1,1,49,14,2.42,0.05,1,0,159
2735,13,0,0,8,2,-3.88,0.05,1,0,159
2736,7,0,0,2,1,-5.57,0.05,1,0,159
2737,73,1,1,30,10,-3.38,0.05,1,0,159
2738,35,0,0,15,5,-3.95,0.05,1,0,159
2739,15,0,0,5,2,-6.35,0.05,1,0,159
2740,65,0,0,25,9,-4.5,0.05,1,0,159
2741,104,1,1,40,14,0.41,0.05,1,0,159
2742,189,3,3,60,20,5.41,0.05,1,0,159
2743,60,1,1,29,8,-0.4,0.05,1,0,159
2744,359,3,3,39,16,-1.79,0.05,1,0,159
2745,254,2,2,67,21,-0.84,0.05,1,0,159
2746,130,3,3,63,16,9.75,0.05,1,0,159
2747,13,0,0,7,2,-4.18,0.05,1,0,159
2748,28,1,1,14,4,-2.18,0.05,1,0,159
2749,35,1,1,18,5,-0.6,0.05,1,0,159
2750,49,0,0,25,7,-2.54,0.05,1,0,159
2751,256,5,5,96,31,13.64,0.05,1,0,159
2752,382,7,7,107,38,15.03,0.05,1,0,159
2753,169,3,3,63,21,7.21,0.05,1,0,159
2754,400,8,8,108,40,21.75,0.05,0,1,159
2755,20,0,0,9,3,-4.6,0.05,1,0,159
2756,6,0,0,2,1,-4.51,0.05,1,0,159
2757,14,0,0,4,2,-5.19,0.05,1,0,159
2758,278,3,3,64,23,6.97,0.05,1,0,159
2759,169,1,1,23,8,-4.24,0.05,1,0,159
2760,400,8,8,120,44,24.45,0.05,0,1,159
2761,400,8,8,110,34,29.45,0.05,0,1,159
2762,82,0,0,42,11,1.38,0.05,1,0,159
2763,138,3,3,52,17,6.52,0.05,1,0,159
2764,60,0,0,24,8,-2.65,0.05,1,0,159
2765,28,0,0,12,4,-2.88,0.05,1,0,159
2766,400,4,4,59,21,6.1,0.05,0,1,159
2767,83,1,1,38,11,1.87,0.05,1,0,159
2768,14,0,0,4,2,-5.14,0.05,1,0,159
2769,35,1,1,15,5,-3.6,0.05,1,0,159
2770,5,0,0,3,1,-5.6,0.05,1,0,159
2771,96,1,1,37,11,2.64,0.05,1,0,159
2772,353,5,5,83,28,8.47,0.05,1,0,159
2773,51,2,2,21,7,-0.81,0.05,1,0,159
2774,21,0,0,10,3,-3.16,0.05,1,0,159
2775,50,0,0,27,7,-0.45,0.05,1,0,159
2776,62,3,3,29,8,2.53,0.05,1,0,159
2777,130,3,3,63,16,11.5,0.05,1,0,159
2778,174,4,4,73,20,13.01,0.05,1,0,159
2779,400,7,7,119,40,20.5,0.05,0,1,159
2780,21,1,1,9,3,-4.11,0.05,1,0,159
2781,20,0,0,8,3,-5.0,0.05,1,0,159
2782,400,3,3,75,26,10.35,0.05,0,1,159
2783,113,1,1,55,15,2.67,0.05,1,0,159
2784,13,0,0,7,2,-3.73,0.05,1,0,159
2785,173,2,2,75,20,11.77,0.05,1,0,159
2786,14,0,0,6,2,-4.99,0.05,1,0,159
2787,105,0,0,43,13,0.8,0.05,1,0,159
2788,193,6,6,86,24,12.52,0.05,1,0,159
2789,400,0,0,51,17,3.35,0.05,0,1,159
2790,35,0,0,23,5,-0.7,0.05,1,0,159
2791,324,3,3,54,20,1.26,0.05,1,0,159
2792,400,8,8,120,37,27.25,0.05,0,1,159
2793,88,4,4,39,11,6.42,0.05,1,0,159
2794,127,0,0,58,17,2.33,0.05,1,0,159
2795,400,2,2,49,14,5.95,0.05,0,1,159
2796,20,0,0,7,3,-5.3,0.05,1,0,159
2797,13,0,0,8,2,-3.88,0.05,1,0,159
2798,247,5,5,67,22,9.38,0.05,1,0,159
2799,45,0,0,22,6,-2.65,0.05,1,0,159
2800,400,5,5,114,40,22.1,0.05,0,1,159
2801,86,2,2,41,11,4.59,0.05,1,0,159
2802,65,0,0,16,5,-3.2,0.05,1,0,159
2803,186,4,4,86,22,16.84,0.05,1,0,159
2804,286,3,3,101,33,14.99,0.05,1,0,159
2805,243,7,7,103,28,23.77,0.05,1,0,159
2806,259,2,2,36,13,-4.29,0.05,1,0,159
2807,14,0,0,6,2,-5.44,0.05,1,0,159
2808,28,0,0,14,4,-3.18,0.05,1,0,159
2809,128,0,0,41,14,0.07,0.05,1,0,159
2810,121,1,1,33,11,-0.76,0.05,1,0,159
2811,55,0,0,22,8,-2.5,0.05,1,0,159
2812,28,0,0,12,4,-3.38,0.05,1,0,159
2813,95,2,2,36,12,-0.6,0.05,1,0,159
2814,68,1,1,32,9,1.32,0.05,1,0,159
2815,59,1,1,32,8,1.71,0.05,1,0,159
2816,400,2,2,107,32,22.3,0.05,0,1,159
2817,384,6,6,110,34,16.71,0.05,1,0,159
2818,196,5,5,67,22,7.24,0.05,1,0,159
2819,147,1,1,66,18,8.43,0.05,1,0,159
2820,100,2,2,42,13,2.3,0.05,1,0,159
2821,202,3,3,46,15,1.13,0.05,1,0,159
2822,400,7,7,93,33,15.65,0.05,0,1,159
2823,58,1,1,25,8,-0.78,0.05,1,0,159
2824,58,1,1,27,8,-1.73,0.05,1,0,159
2825,132,2,2,27,8,-1.17,0.05,1,0,159
2826,28,0,0,13,4,-3.53,0.05,1,0,159
2827,13,0,0,5,2,-5.33,0.05,1,0,159
2828,112,2,2,37,13,2.03,0.05,1,0,159
2829,332,3,3,87,28,7.83,0.05,1,0,159
2830,130,1,1,50,15,4.05,0.05,1,0,159
2831,28,0,0,14,4,-2.88,0.05,1,0,159
2832,97,2,2,43,13,3.13,0.05,1,0,159
2833,20,0,0,10,3,-3.8,0.05,1,0,159
2834,13,0,0,4,2,-5.08,0.05,1,0,159
2835,6,0,0,3,1,-4.76,0.05,1,0,159
2836,238,3,3,78,28,10.37,0.05,1,0,159
2837,5,0,0,4,1,-4.8,0.05,1,0,159
2838,27,0,0,10,4,-4.52,0.05,1,0,159
2839,7,0,0,2,1,-4.57,0.05,1,0,159
2840,268,5,5,95,31,15.57,0.05,1,0,159
2841,272,3,3,75,27,7.08,0.05,1,0,159
2842,156,3,3,71,20,8.39,0.05,1,0,159
2843,400,5,5,70,20,14.5,0.05,0,1,159
2844,400,5,5,112,38,21.55,0.05,0,1,159
2845,13,0,0,5,2,-5.33,0.05,1,0,159
2846,36,0,0,18,5,-2.21,0.05,1,0,159
2847,73,0,0,33,10,-1.53,0.05,1,0,159
2848,58,1,1,30,8,-0.98,0.05,1,0,159
2849,93,2,2,31,10,0.82,0.05,1,0,159
2850,90,0,0,40,12,-0.6,0.05,1,0,159
2851,301,2,2,79,22,9.54,0.05,1,0,159
2852,28,0,0,14,4,-3.83,0.05,1,0,159
2853,76,2,2,38,10,4.29,0.05,1,0,159
2854,42,1,1,21,6,-0.42,0.05,1,0,159
2855,351,9,9,124,40,21.04,0.05,1,0,159
2856,400,6,6,113,34,24.6,0.05,0,1,159
2857,151,3,3,52,13,8.59,0.05,1,0,159
2858,13,0,0,5,2,-5.33,0.05,1,0,159
2859,400,9,9,116,40,31.4,0.05,0,1,159
2860,28,1,1,15,4,-1.98,0.05,1,0,159
2861,59,0,0,10,4,-5.44,0.05,1,0,159
2862,84,2,2,46,11,5.11,0.05,1,0,159
2863,53,2,2,26,7,1.62,0.05,1,0,159
2864,21,0,0,8,3,-4.01,0.05,1,0,159
2865,120,3,3,54,16,4.95,0.05,1,0,159
2866,118,3,3,58,14,9.32,0.05,1,0,159
2867,112,2,2,44,13,3.38,0.05,1,0,159
2868,400,5,5,93,35,14.05,0.05,0,1,159
2869,6,0,0,3,1,-5.21,0.05,1,0,159
2870,305,3,3,98,34,12.9,0.05,1,0,159
2871,96,2,2,50,13,4.29,0.05,1,0,159
2872,22,0,0,8,3,-4.42,0.05,1,0,159
2873,83,0,0,37,11,-1.08,0.05,1,0,159
2874,75,0,0,34,10,-0.9,0.05,1,0,159
2875,159,2,2,60,19,7.16,0.05,1,0,159
2876,82,1,1,39,11,2.48,0.05,1,0,159
2877,137,1,1,39,11,0.38,0.05,1,0,159
2878,59,1,1,26,8,-1.74,0.05,1,0,159
2879,400,1,1,87,27,14.6,0.05,0,1,159
2880,229,2,2,97,26,12.36,0.05,1,0,159
2881,58,1,1,23,8,-1.78,0.05,1,0,159
2882,5,0,0,4,1,-5.4,0.05,1,0,159
2883,36,1,1,17,5,-2.36,0.05,1,0,159
2884,13,0,0,4,2,-5.63,0.05,1,0,159
2885,166,4,4,67,19,8.34,0.05,1,0,159
2886,400,7,7,90,32,21.0,0.05,0,1,159
2887,113,0,0,27,9,-2.88,0.05,1,0,159
2888,84,1,1,31,8,0.61,0.05,1,0,159
2889,59,1,1,28,8,-1.09,0.05,1,0,159
2890,105,1,1,53,13,5.35,0.05,1,0,159
2891,6,0,0,3,1,-4.31,0.05,1,0,159
2892,145,2,2,63,19,6.5,0.05,1,0,159
2893,14,0,0,8,2,-3.29,0.05,1,0,159
2894,99,0,0,17,5,-3.34,0.05,1,0,159
2895,152,1,1,42,11,0.88,0.05,1,0,159
2896,49,0,0,19,7,-4.44,0.05,1,0,159
2897,400,5,5,86,27,19.05,0.05,0,1,159
2898,84,2,2,37,11,-0.09,0.05,1,0,159
2899,400,7,7,88,30,15.1,0.05,0,1,159
2900,21,0,0,10,3,-3.36,0.05,1,0,159
2901,400,6,6,88,30,10.85,0.05,0,1,159
2902,138,2,2,33,12,2.07,0.05,1,0,159
2903,196,3,3,93,25,10.99,0.05,1,0,159
2904,13,0,0,8,2,-3.88,0.05,1,0,159
2905,100,1,1,42,13,1.75,0.05,1,0,159
2906,314,5,5,106,36,17.06,0.05,1,0,159
2907,39,0,0,17,5,-3.19,0.05,1,0,159
2908,49,1,1,22,7,-2.09,0.05,1,0,159
2909,64,0,0,33,8,0.26,0.05,1,0,159
2910,6,0,0,2,1,-5.06,0.05,1,0,159
2911,30,0,0,10,4,-3.95,0.05,1,0,159
2912,14,0,0,9,2,-3.94,0.05,1,0,159
2913,151,2,2,33,10,2.04,0.05,1,0,159
2914,50,1,1,19,7,-5.05,0.05,1,0,159
2915,93,0,0,41,13,-2.28,0.05,1,0,159
2916,317,6,6,96,29,14.03,0.05,1,0,159
2917,6,0,0,3,1,-5.21,0.05,1,0,159
2918,85,0,0,26,9,-3.05,0.05,1,0,159
2919,308,4,4,107,36,17.57,0.05,1,0,159
2920,400,7,7,112,35,22.25,0.05,0,1,159
2921,385,4,4,106,32,16.75,0.05,1,0,159
2922,302,3,3,72,26,8.68,0.05,1,0,159
2923,75,1,1,37,10,2.15,0.05,1,0,159
2924,84,3,3,33,11,3.21,0.05,1,0,159
2925,20,1,1,8,3,-2.65,0.05,1,0,159
2926,37,0,0,17,5,-3.82,0.05,1,0,159
2927,5,0,0,3,1,-4.2,0.05,1,0,159
2928,35,0,0,19,5,-1.35,0.05,1,0,159
2929,59,1,1,23,8,-3.14,0.05,1,0,159
2930,140,2,2,60,18,6.8,0.05,1,0,159
2931,35,0,0,14,5,-3.95,0.05,1,0,159
2932,35,0,0,20,5,-2.2,0.05,1,0,159
2933,26,0,0,14,4,-3.16,0.05,1,0,159
2934,271,3,3,75,22,9.79,0.05,1,0,159
2935,42,1,1,20,6,-2.12,0.05,1,0,159
2936,79,1,1,42,10,5.31,0.05,1,0,159
2937,23,0,0,11,3,-3.13,0.05,1,0,159
2938,6,0,0,2,1,-4.96,0.05,1,0,159
2939,110,3,3,44,14,4.75,0.05,1,0,159
2940,53,0,0,18,7,-2.33,0.05,1,0,159
2941,31,0,0,15,4,-2.31,0.05,1,0,159
2942,400,8,8,121,43,25.45,0.05,0,1,159
2943,153,4,4,61,18,9.62,0.05,1,0,159
2944,274,2,2,49,18,0.21,0.05,1,0,159
2945,122,2,2,51,15,6.33,0.05,1,0,159
2946,110,2,2,40,14,2.35,0.05,1,0,159
2947,21,0,0,9,3,-4.16,0.05,1,0,159
2948,368,9,9,117,39,23.82,0.05,1,0,159
2949,176,1,1,34,12,-3.11,0.05,1,0,159
2950,13,0,0,7,2,-4.18,0.05,1,0,159
2951,123,5,5,56,16,9.72,0.05,1,0,159
2952,60,1,1,27,8,-0.25,0.05,1,0,159
2953,45,1,1,17,6,-1.6,0.05,1,0,159
2954,44,0,0,19,6,-3.49,0.05,1,0,159
2955,400,1,1,30,11,-4.15,0.05,0,1,159
2956,274,6,6,88,30,14.71,0.05,1,0,159
2957,13,0,0,7,2,-4.18,0.05,1,0,159
2958,5,0,0,2,1,-5.05,0.05,1,0,159
2959,152,2,2,48,17,3.58,0.05,1,0,159
2960,51,1,1,29,7,1.54,0.05,1,0,159
2961,89,2,2,41,12,2.56,0.05,1,0,159
2962,93,1,1,38,12,1.67,0.05,1,0,159
2963,216,2,2,84,25,12.44,0.05,1,0,159
2964,364,5,5,74,25,8.86,0.05,1,0,159
2965,146,1,1,37,11,0.24,0.05,1,0,159
2966,72,3,3,31,9,3.53,0.05,1,0,159
2967,400,2,2,75,20,11.55,0.05,0,1,159
2968,21,0,0,13,3,-2.41,0.05,1,0,159
2969,13,0,0,6,2,-5.03,0.05,1,0,159
2970,56,1,1,23,8,-2.96,0.05,1,0,159
2971,177,3,3,44,14,1.33,0.05,1,0,159
2972,23,0,0,13,3,-2.48,0.05,1,0,159
2973,46,3,3,22,6,2.14,0.05,1,0,159
2974,136,6,6,55,17,8.24,0.05,1,0,159
2975,36,0,0,16,5,-2.66,0.05,1,0,159
2976,273,6,6,88,27,16.42,0.05,1,0,159
2977,20,0,0,8,3,-5.0,0.05,1,0,159
2978,261,8,8,96,30,18.79,0.05,1,0,159
2979,400,5,5,93,33,17.2,0.05,0,1,159
2980,359,7,7,114,38,21.06,0.05,1,0,159
2981,144,0,0,24,8,-2.79,0.05,1,0,159
2982,21,0,0,10,3,-3.36,0.05,1,0,159
2983,56,0,0,22,8,-4.51,0.05,1,0,159
2984,162,2,2,59,20,1.78,0.05,1,0,159
2985,20,0,0,11,3,-3.55,0.05,1,0,159
2986,136,0,0,59,18,1.94,0.05,1,0,159
2987,7,0,0,3,1,-4.27,0.05,1,0,159
2988,22,0,0,11,3,-3.52,0.05,1,0,159
2989,44,1,1,24,6,0.06,0.05,1,0,159
2990,113,0,0,16,6,-4.58,0.05,1,0,159
2991,134,4,4,59,16,10.96,0.05,1,0,159
2992,108,0,0,42,13,1.17,0.05,1,0,159
2993,107,2,2,47,14,5.03,0.05,1,0,159
2994,7,0,0,3,1,-4.17,0.05,1,0,159
2995,34,0,0,18,5,-4.09,0.05,1,0,159
2996,250,5,5,85,27,12.85,0.05,1,0,159
2997,30,0,0,15,4,-2.95,0.05,1,0,159
2998,400,4,4,83,28,14.9,0.05,0,1,159
2999,235,4,4,67,22,4.75,0.05,1,0,159
3000,159,1,1,56,18,2.01,0.05,1,0,159
3001,81,1,1,39,11,0.34,0.05,1,0,159
3002,400,5,5,97,32,20.3,0.05,0,1,159
3003,112,1,1,45,13,2.68,0.05,1,0,159
3004,83,0,0,36,11,-0.63,0.05,1,0,159
3005,400,2,2,89,29,14.05,0.05,0,1,159
3006,84,2,2,40,11,3.96,0.05,1,0,159
3007,400,8,8,104,33,22.75,0.05,0,1,159
3008,249,5,5,70,22,13.66,0.05,1,0,159
3009,336,8,8,103,35,21.49,0.05,1,0,159
3010,64,0,0,29,8,0.66,0.05,1,0,159
3011,27,1,1,12,4,-3.27,0.05,1,0,159
3012,20,0,0,10,3,-4.0,0.05,1,0,159
3013,400,5,5,115,39,21.85,0.05,0,1,159
3014,6,0,0,2,1,-4.96,0.05,1,0,159
3015,178,4,4,76,22,11.82,0.05,1,0,159
3016,106,0,0,43,13,3.24,0.05,1,0,159
3017,6,0,0,3,1,-4.76,0.05,1,0,159
3018,86,2,2,39,12,1.84,0.05,1,0,159
3019,95,2,2,42,12,4.45,0.05,1,0,159
3020,20,0,0,6,3,-5.65,0.05,1,0,159
3021,186,5,5,72,22,14.14,0.05,1,0,159
3022,44,0,0,20,6,-2.89,0.05,1,0,159
3023,20,0,0,10,3,-4.7,0.05,1,0,159
3024,37,1,1,16,5,-1.92,0.05,1,0,159
3025,14,0,0,4,2,-6.14,0.05,1,0,159
3026,30,0,0,17,4,-1.2,0.05,1,0,159
3027,76,1,1,30,10,-1.11,0.05,1,0,159
3028,99,3,3,48,13,5.91,0.05,1,0,159
3029,97,1,1,41,12,2.23,0.05,1,0,159
3030,79,3,3,32,10,2.56,0.05,1,0,159
3031,6,0,0,3,1,-4.76,0.05,1,0,159
3032,37,0,0,16,5,-3.87,0.05,1,0,159
3033,50,1,1,23,7,-0.4,0.05,1,0,159
3034,14,0,0,5,2,-4.84,0.05,1,0,159
3035,13,0,0,6,2,-5.03,0.05,1,0,159
3036,400,9,9,122,43,31.2,0.05,0,1,159
3037,35,1,1,14,5,-3.3,0.05,1,0,159
3038,200,3,3,62,25,6.1,0.05,1,0,159
3039,20,0,0,9,3,-4.6,0.05,1,0,159
3040,73,1,1,32,10,-0.48,0.05,1,0,159
3041,36,0,0,16,5,-3.51,0.05,1,0,159
3042,115,1,1,40,13,2.1,0.05,1,0,159
3043,6,0,0,3,1,-4.76,0.05,1,0,159
3044,400,7,7,103,36,21.75,0.05,0,1,159
3045,280,2,2,59,21,2.85,0.05,1,0,159
3046,118,2,2,45,16,1.47,0.05,1,0,159
3047,199,2,2,77,24,6.36,0.05,1,0,159
3048,51,2,2,30,7,3.29,0.05,1,0,159
3049,249,4,4,89,28,8.06,0.05,1,0,159
3050,400,8,8,100,36,19.1,0.05,0,1,159
3051,296,4,4,73,25,5.99,0.05,1,0,159
3052,13,0,0,5,2,-5.33,0.05,1,0,159
3053,50,1,1,22,7,-2.05,0.05,1,0,159
3054,137,2,2,64,17,6.78,0.05,1,0,159
3055,145,2,2,65,18,8.5,0.05,1,0,159
3056,44,0,0,22,6,-1.94,0.05,1,0,159
3057,261,5,5,76,25,8.54,0.05,1,0,159
3058,13,0,0,6,2,-4.58,0.05,1,0,159
3059,122,1,1,38,15,-0.07,0.05,1,0,159
3060,283,6,6,100,33,18.02,0.05,1,0,159
3061,91,2,2,37,12,0.84,0.05,1,0,159
3062,28,1,1,14,4,-2.13,0.05,1,0,159
3063,65,0,0,25,9,-5.25,0.05,1,0,159
3064,82,0,0,13,4,-4.12,0.05,1,0,159
3065,162,2,2,56,15,4.93,0.05,1,0,159
3066,5,0,0,3,1,-4.65,0.05,1,0,159
3067,29,0,0,14,4,-2.89,0.05,1,0,159
3068,162,1,1,74,20,9.63,0.05,1,0,159
3069,160,4,4,62,17,12.4,0.05,1,0,159
3070,65,0,0,26,9,-3.55,0.05,1,0,159
3071,250,3,3,67,23,4.8,0.05,1,0,159
3072,110,3,3,36,10,2.45,0.05,1,0,159
3073,97,2,2,42,13,0.68,0.05,1,0,159
3074,7,0,0,5,1,-4.12,0.05,1,0,159
3075,128,3,3,61,16,11.92,0.05,1,0,159
3076,254,2,2,42,13,-0.04,0.05,1,0,159
3077,29,0,0,11,4,-3.39,0.05,1,0,159
3078,192,3,3,82,24,14.18,0.05,1,0,159
3079,257,3,3,82,31,9.88,0.05,1,0,159
3080,76,2,2,36,10,3.69,0.05,1,0,159
3081,214,2,2,82,25,13.21,0.05,1,0,159
3082,65,0,0,31,9,0.1,0.05,1,0,159
3083,13,0,0,5,2,-4.78,0.05,1,0,159
3084,13,0,0,8,2,-3.88,0.05,1,0,159
3085,400,1,1,66,30,1.4,0.05,0,1,159
3086,363,5,5,122,38,20.97,0.05,1,0,159
3087,28,2,2,12,4,-1.78,0.05,1,0,159
3088,58,0,0,28,8,-2.48,0.05,1,0,159
3089,302,4,4,95,29,15.48,0.05,1,0,159
3090,7,0,0,4,1,-4.32,0.05,1,0,159
3091,183,3,3,44,18,-1.93,0.05,1,0,159
3092,124,2,2,46,16,3.71,0.05,1,0,159
3093,89,4,4,35,11,5.36,0.05,1,0,159
3094,13,0,0,8,2,-3.93,0.05,1,0,159
3095,109,1,1,44,14,2.41,0.05,1,0,159
3096,22,0,0,9,3,-4.37,0.05,1,0,159
3097,73,1,1,29,10,-1.03,0.05,1,0,159
3098,221,4,4,82,24,11.79,0.05,1,0,159
3099,86,1,1,21,7,-1.61,0.05,1,0,159
3100,28,0,0,13,4,-3.28,0.05,1,0,159
3101,157,1,1,21,6,-2.02,0.05,1,0,159
3102,29,1,1,10,4,-3.44,0.05,1,0,159
3103,62,0,0,31,9,-3.47,0.05,1,0,159
3104,6,0,0,3,1,-4.31,0.05,1,0,159
3105,28,0,0,13,4,-2.98,0.05,1,0,159
3106,400,9,9,119,42,29.5,0.05,0,1,159
3107,44,2,2,22,6,0.16,0.05,1,0,159
3108,60,2,2,33,8,2.85,0.05,1,0,159
3109,64,2,2,31,8,4.06,0.05,1,0,159
3110,27,0,0,11,4,-5.22,0.05,1,0,159
3111,88,0,0,37,12,-1.83,0.05,1,0,159
3112,186,0,0,23,5,-5.36,0.05,1,0,159
3113,13,0,0,7,2,-4.03,0.05,1,0,159
3114,13,0,0,5,2,-5.23,0.05,1,0,159
3115,23,1,1,10,3,-3.48,0.05,1,0,159
3116,365,8,8,112,36,19.55,0.05,1,0,159
3117,253,2,2,78,25,7.97,0.05,1,0,159
3118,79,3,3,40,10,4.36,0.05,1,0,159
3119,400,1,1,48,16,3.05,0.05,0,1,159
3120,6,0,0,2,1,-5.06,0.05,1,0,159
3121,28,0,0,14,4,-3.63,0.05,1,0,159
3122,365,9,9,125,41,23.8,0.05,1,0,159
3123,69,1,1,28,9,0.96,0.05,1,0,159
3124,20,0,0,7,3,-5.3,0.05,1,0,159
3125,400,8,8,119,40,26.55,0.05,0,1,159
3126,400,7,7,115,43,23.05,0.05,0,1,159
3127,65,1,1,30,9,0.15,0.05,1,0,159
3128,81,2,2,38,11,1.29,0.05,1,0,159
3129,124,3,3,58,16,3.71,0.05,1,0,159
3130,44,0,0,23,6,-2.44,0.05,1,0,159
3131,146,3,3,67,19,7.19,0.05,1,0,159
3132,44,1,1,23,6,-0.84,0.05,1,0,159
3133,27,1,1,12,4,-2.62,0.05,1,0,159
3134,122,2,2,32,9,-0.92,0.05,1,0,159
3135,291,1,1,84,26,8.19,0.05,1,0,159
3136,75,3,3,34,9,3.2,0.05,1,0,159
3137,84,2,2,33,11,1.71,0.05,1,0,159
3138,21,0,0,10,3,-3.36,0.05,1,0,159
3139,130,4,4,58,15,9.1,0.05,1,0,159
3140,195,4,4,58,18,7.3,0.05,1,0,159
3141,28,2,2,16,4,0.47,0.05,1,0,159
3142,294,4,4,59,21,4.06,0.05,1,0,159
3143,13,0,0,8,2,-3.28,0.05,1,0,159
3144,28,0,0,10,4,-4.93,0.05,1,0,159
3145,66,0,0,30,9,-0.86,0.05,1,0,159
3146,400,7,7,100,32,23.0,0.05,0,1,159
3147,20,0,0,8,3,-4.9,0.05,1,0,159
3148,90,0,0,45,11,3.45,0.05,1,0,159
3149,171,5,5,77,22,10.09,0.05,1,0,159
3150,237,0,0,56,18,2.48,0.05,1,0,159
3151,134,1,1,53,17,4.01,0.05,1,0,159
3152,76,0,0,25,9,-3.31,0.05,1,0,159
3153,400,5,5,72,23,12.65,0.05,0,1,159
3154,230,2,2,64,20,3.7,0.05,1,0,159
3155,20,0,0,8,3,-4.3,0.05,1,0,159
3156,14,0,0,5,2,-5.39,0.05,1,0,159
3157,92,3,3,35,11,4.38,0.05,1,0,159
3158,13,0,0,7,2,-5.03,0.05,1,0,159
3159,96,2,2,52,12,8.24,0.05,1,0,159
3160,400,6,6,106,39,20.35,0.05,0,1,159
3161,98,2,2,42,12,2.47,0.05,1,0,159
3162,141,1,1,59,15,2.89,0.05,1,0,159
3163,80,3,3,36,10,4.3,0.05,1,0,159
3164,104,1,1,36,13,-2.49,0.05,1,0,159
3165,52,0,0,10,4,-4.97,0.05,1,0,159
3166,108,2,2,44,14,1.92,0.05,1,0,159
3167,35,0,0,15,5,-4.6,0.05,1,0,159
3168,13,0,0,7,2,-3.63,0.05,1,0,159
3169,75,1,1,29,9,-0.9,0.05,1,0,159
3170,200,4,4,78,23,12.75,0.05,1,0,159
3171,88,0,0,7,4,-5.53,0.05,1,0,159
3172,263,1,1,75,26,6.97,0.05,1,0,159
3173,104,0,0,13,4,-5.24,0.05,1,0,159
3174,65,2,2,30,9,1.45,0.05,1,0,159
3175,72,4,4,37,10,4.78,0.05,1,0,159
3176,185,4,4,72,21,11.15,0.05,1,0,159
3177,251,2,2,66,21,6.79,0.05,1,0,159
3178,46,0,0,22,6,-0.41,0.05,1,0,159
3179,400,8,8,114,35,28.65,0.05,0,1,159
3180,60,2,2,28,8,0.7,0.05,1,0,159
3181,20,0,0,10,3,-3.35,0.05,1,0,159
3182,78,3,3,33,10,4.12,0.05,1,0,159
3183,42,1,1,19,6,-1.07,0.05,1,0,159
3184,400,4,4,69,23,13.75,0.05,0,1,159
3185,88,1,1,37,11,0.77,0.05,1,0,159
3186,333,7,7,105,36,16.62,0.05,1,0,159
3187,400,3,3,71,21,11.7,0.05,0,1,159
3188,28,0,0,15,4,-2.13,0.05,1,0,159
3189,41,1,1,16,6,-5.31,0.05,1,0,159
3190,400,6,6,111,37,19.6,0.05,0,1,159
3191,51,2,2,23,7,0.69,0.05,1,0,159
3192,54,2,2,24,7,0.01,0.05,1,0,159
3193,133,5,5,69,17,12.92,0.05,1,0,159
3194,222,5,5,68,22,6.38,0.05,1,0,159
3195,314,2,2,77,27,4.61,0.05,1,0,159
3196,400,4,4,98,32,17.8,0.05,0,1,159
3197,212,3,3,83,25,13.83,0.05,1,0,159
3198,6,0,0,2,1,-5.06,0.05,1,0,159
3199,192,1,1,56,19,-0.67,0.05,1,0,159
3200,161,2,2,27,8,1.34,0.05,1,0,159
3201,107,0,0,19,6,-3.52,0.05,1,0,159
3202,42,0,0,21,6,-4.57,0.05,1,0,159
3203,42,1,1,21,6,-1.57,0.05,1,0,159
3204,21,2,2,10,3,-1.71,0.05,1,0,159
3205,349,1,1,46,15,-3.19,0.05,1,0,159
3206,107,1,1,48,14,2.28,0.05,1,0,159
3207,99,0,0,56,14,1.46,0.05,1,0,159
3208,93,2,2,47,12,5.62,0.05,1,0,159
3209,138,2,2,54,17,5.37,0.05,1,0,159
3210,195,5,5,63,21,8.45,0.05,1,0,159
3211,111,2,2,52,14,5.34,0.05,1,0,159
3212,105,0,0,45,14,-2.15,0.05,1,0,159
3213,400,9,9,120,42,27.55,0.05,0,1,159
3214,175,1,1,53,16,2.6,0.05,1,0,159
3215,129,2,2,63,17,6.76,0.05,1,0,159
3216,6,0,0,3,1,-4.31,0.05,1,0,159
3217,400,2,2,43,12,6.35,0.05,0,1,159
3218,121,1,1,23,6,-0.56,0.05,1,0,159
3219,174,5,5,63,19,9.76,0.05,1,0,159
3220,24,0,0,16,3,-1.49,0.05,1,0,159
3221,13,0,0,7,2,-4.08,0.05,1,0,159
3222,38,1,1,21,5,-0.73,0.05,1,0,159
3223,189,2,2,29,12,-1.34,0.05,1,0,159
3224,13,0,0,6,2,-4.08,0.05,1,0,159
3225,252,6,6,93,28,15.43,0.05,1,0,159
3226,37,1,1,15,5,-2.92,0.05,1,0,159
3227,60,0,0,25,8,-2.0,0.05,1,0,159
3228,13,0,0,4,2,-6.08,0.05,1,0,159
3229,13,0,0,6,2,-5.03,0.05,1,0,159
3230,323,5,5,77,27,5.12,0.05,1,0,159
3231,179,4,4,74,23,8.71,0.05,1,0,159
3232,134,1,1,57,17,5.96,0.05,1,0,159
3233,400,1,1,41,13,-1.15,0.05,0,1,159
3234,400,4,4,78,26,15.5,0.05,0,1,159
3235,8,0,0,3,1,-4.78,0.05,1,0,159
3236,173,2,2,41,14,1.82,0.05,1,0,159
3237,115,3,3,46,14,5.25,0.05,1,0,159
3238,99,1,1,23,7,0.01,0.05,1,0,159
3239,400,5,5,87,28,17.65,0.05,0,1,159
3240,82,2,2,39,11,3.93,0.05,1,0,159
3241,14,0,0,6,2,-4.94,0.05,1,0,159
3242,72,2,2,35,9,2.48,0.05,1,0,159
3243,20,0,0,6,3,-6.15,0.05,1,0,159
3244,20,0,0,9,3,-3.7,0.05,1,0,159
3245,36,3,3,26,5,2.99,0.05,1,0,159
3246,13,0,0,8,2,-3.78,0.05,1,0,159
3247,36,1,1,17,5,-2.46,0.05,1,0,159
3248,66,1,1,36,9,-0.36,0.05,1,0,159
3249,282,3,3,109,33,17.03,0.05,1,0,159
3250,260,3,3,44,14,1.9,0.05,1,0,159
3251,13,0,0,5,2,-5.78,0.05,1,0,159
3252,154,2,2,56,18,6.96,0.05,1,0,159
3253,62,2,2,30,8,1.78,0.05,1,0,159
3254,169,5,5,55,20,9.56,0.05,1,0,159
3255,180,5,5,62,21,5.65,0.05,1,0,159
3256,28,0,0,10,4,-4.38,0.05,1,0,159
3257,27,1,1,10,4,-4.47,0.05,1,0,159
3258,35,0,0,17,5,-2.7,0.05,1,0,159
3259,170,3,3,75,20,12.8,0.05,1,0,159
3260,153,3,3,63,19,8.72,0.05,1,0,159
3261,13,0,0,9,2,-3.18,0.05,1,0,159
3262,384,8,8,117,43,17.31,0.05,1,0,159
3263,72,1,1,32,10,-1.77,0.05,1,0,159
3264,171,3,3,81,22,10.34,0.05,1,0,159
3265,21,0,0,10,3,-4.46,0.05,1,0,159
3266,67,1,1,27,9,-0.82,0.05,1,0,159
3267,49,0,0,22,7,-5.69,0.05,1,0,159
3268,220,2,2,84,26,11.65,0.05,1,0,159
3269,138,2,2,54,18,3.72,0.05,1,0,159
3270,29,0,0,13,4,-2.84,0.05,1,0,159
3271,190,5,5,72,22,8.7,0.05,1,0,159
3272,196,4,4,90,24,18.09,0.05,1,0,159
3273,28,0,0,11,4,-4.18,0.05,1,0,159
3274,22,0,0,9,3,-3.67,0.05,1,0,159
3275,269,3,3,65,20,8.01,0.05,1,0,159
3276,174,3,3,51,17,3.91,0.05,1,0,159
3277,288,3,3,71,21,7.02,0.05,1,0,159
3278,60,0,0,30,8,-0.6,0.05,1,0,159
3279,63,1,1,22,8,-1.33,0.05,1,0,159
3280,28,0,0,17,4,-2.28,0.05,1,0,159
3281,6,0,0,3,1,-4.76,0.05,1,0,159
3282,40,0,0,11,4,-3.9,0.05,1,0,159
3283,21,0,0,8,3,-3.86,0.05,1,0,159
3284,119,1,1,45,15,1.96,0.05,1,0,159
3285,243,5,5,94,27,18.97,0.05,1,0,159
3286,35,1,1,17,5,-1.6,0.05,1,0,159
3287,35,0,0,13,5,-4.5,0.05,1,0,159
3288,75,3,3,37,10,4.9,0.05,1,0,159
3289,400,6,6,124,46,23.95,0.05,0,1,159
3290,99,4,4,42,12,7.31,0.05,1,0,159
3291,400,8,8,114,42,24.1,0.05,0,1,159
3292,5,0,0,3,1,-4.1,0.05,1,0,159
3293,64,2,2,26,9,-0.14,0.05,1,0,159
3294,127,1,1,32,10,0.48,0.05,1,0,159
3295,103,3,3,47,13,3.72,0.05,1,0,159
3296,57,1,1,25,8,-1.32,0.05,1,0,159
3297,81,0,0,43,11,2.54,0.05,1,0,159
3298,400,9,9,113,43,26.25,0.05,0,1,159
3299,125,5,5,55,16,7.1,0.05,1,0,159
3300,13,0,0,7,2,-4.23,0.05,1,0,159
3301,56,2,2,26,7,2.04,0.05,1,0,159
3302,83,2,2,33,10,3.77,0.05,1,0,159
3303,143,4,4,66,17,13.37,0.05,1,0,159
3304,13,0,0,4,2,-5.53,0.05,1,0,159
3305,43,0,0,21,6,-1.23,0.05,1,0,159
3306,27,0,0,10,4,-4.32,0.05,1,0,159
3307,13,0,0,8,2,-3.83,0.05,1,0,159
3308,116,3,3,47,15,5.39,0.05,1,0,159
3309,98,2,2,36,13,0.32,0.05,1,0,159
3310,20,0,0,7,3,-5.35,0.05,1,0,159
3311,76,1,1,39,9,4.74,0.05,1,0,159
3312,13,0,0,8,2,-3.93,0.05,1,0,159
3313,58,0,0,25,8,-3.53,0.05,1,0,159
3314,13,0,0,7,2,-3.73,0.05,1,0,159
3315,20,0,0,9,3,-5.15,0.05,1,0,159
3316,20,0,0,7,3,-5.7,0.05,1,0,159
3317,400,8,8,127,45,27.15,0.05,0,1,159
3318,14,0,0,5,2,-4.24,0.05,1,0,159
3319,98,0,0,51,13,4.12,0.05,1,0,159
3320,52,0,0,25,7,-1.22,0.05,1,0,159
3321,57,0,0,29,8,-0.52,0.05,1,0,159
3322,16,0,0,9,2,-2.91,0.05,1,0,159
3323,21,1,1,8,3,-2.91,0.05,1,0,159
3324,62,2,2,29,8,-0.17,0.05,1,0,159
3325,119,2,2,43,15,0.91,0.05,1,0,159
3326,13,0,0,3,2,-5.93,0.05,1,0,159
3327,30,0,0,12,4,-2.65,0.05,1,0,159
3328,77,1,1,35,10,1.48,0.05,1,0,159
3329,13,0,0,8,2,-3.83,0.05,1,0,159
3330,102,0,0,42,14,-3.17,0.05,1,0,159
3331,51,0,0,19,7,-3.51,0.05,1,0,159
3332,396,8,9,115,41,26.84,0.05,0,1,159
3333,35,1,1,15,5,-2.55,0.05,1,0,159
3334,149,3,3,63,18,9.71,0.05,1,0,159
3335,58,1,1,25,8,-1.38,0.05,1,0,159
3336,338,3,3,70,45,-9.83,0.05,1,0,159
3337,13,0,0,7,2,-4.13,0.05,1,0,159
3338,175,1,1,59,22,3.8,0.05,1,0,159
3339,150,3,3,56,18,5.85,0.05,1,0,159
3340,21,0,0,10,3,-4.01,0.05,1,0,159
3341,241,5,5,91,29,14.59,0.05,1,0,159
3342,329,6,6,85,25,12.41,0.05,1,0,159
3343,64,0,0,32,9,-0.44,0.05,1,0,159
3344,400,6,6,111,33,22.1,0.05,0,1,159
3345,91,2,2,47,13,1.54,0.05,1,0,159
3346,13,0,0,5,2,-5.33,0.05,1,0,159
3347,67,1,1,35,9,1.13,0.05,1,0,159
3348,400,7,7,112,48,15.55,0.05,0,1,159
3349,78,1,1,35,10,2.67,0.05,1,0,159
3350,104,0,0,43,14,-0.59,0.05,1,0,159
3351,117,1,1,43,15,0.43,0.05,1,0,159
3352,84,2,2,35,11,1.26,0.05,1,0,159
3353,132,2,2,46,18,-1.27,0.05,1,0,159
3354,165,6,6,65,21,9.35,0.05,1,0,159
3355,20,0,0,10,3,-3.4,0.05,1,0,159
3356,8,0,0,5,1,-4.23,0.05,1,0,159
3357,220,6,6,81,26,16.15,0.05,1,0,159
3358,21,0,0,7,3,-5.21,0.05,1,0,159
3359,45,0,0,17,6,-2.8,0.05,1,0,159
3360,400,3,3,67,20,7.35,0.05,0,1,159
3361,98,3,3,42,12,5.07,0.05,1,0,159
3362,346,9,9,116,39,21.89,0.05,1,0,159
3363,145,0,0,48,19,-0.3,0.05,1,0,159
3364,168,3,3,64,21,3.77,0.05,1,0,159
3365,49,0,0,20,7,-4.14,0.05,1,0,160
3366,28,1,1,11,4,-3.28,0.05,1,0,160
3367,84,1,1,42,11,3.31,0.05,1,0,160
3368,92,2,2,40,12,0.48,0.05,1,0,160
3369,20,0,0,7,3,-5.3,0.05,1,0,160
3370,49,2,2,23,7,0.76,0.05,1,0,160
3371,14,0,0,10,2,-2.79,0.05,1,0,160
3372,21,0,0,9,3,-4.26,0.05,1,0,160
3373,99,0,0,41,14,-3.79,0.05,1,0,160
3374,194,3,3,52,16,3.51,0.05,1,0,160
3375,42,1,1,20,6,-1.12,0.05,1,0,160
3376,157,3,3,73,20,11.63,0.05,1,0,160
3377,56,0,0,22,8,-2.91,0.05,1,0,160
3378,27,1,1,12,4,-2.72,0.05,1,0,160
3379,259,4,4,95,30,15.01,0.05,1,0,160
3380,13,0,0,7,2,-4.48,0.05,1,0,160
3381,62,3,3,28,8,3.03,0.05,1,0,160
3382,133,1,1,56,17,5.62,0.05,1,0,160
3383,127,0,0,54,16,2.93,0.05,1,0,160
3384,13,0,0,4,2,-5.53,0.05,1,0,160
3385,84,1,1,45,11,3.71,0.05,1,0,160
3386,128,2,2,53,17,2.97,0.05,1,0,160
3387,400,8,8,122,41,28.5,0.05,0,1,160
3388,50,1,1,19,7,-3.2,0.05,1,0,160
3389,13,0,0,6,2,-4.38,0.05,1,0,160
3390,53,0,0,25,7,-1.03,0.05,1,0,160
3391,154,4,4,54,20,5.61,0.05,1,0,160
3392,27,0,0,11,4,-4.12,0.05,1,0,160
3393,126,3,3,50,16,6.99,0.05,1,0,160
3394,200,5,5,69,23,10.35,0.05,1,0,160
3395,128,1,1,50,16,0.32,0.05,1,0,160
3396,13,0,0,5,2,-4.43,0.05,1,0,160
3397,68,0,0,34,9,1.57,0.05,1,0,160
3398,37,0,0,15,5,-4.12,0.05,1,0,160
3399,111,2,2,49,14,4.74,0.05,1,0,160
3400,159,2,2,24,8,-0.89,0.05,1,0,160
3401,50,0,0,21,7,-3.15,0.05,1,0,160
3402,70,0,0,34,9,1.2,0.05,1,0,160
3403,197,3,3,89,23,16.98,0.05,1,0,160
3404,49,1,1,17,7,-1.84,0.05,1,0,160
3405,61,0,0,25,8,-1.41,0.05,1,0,160
3406,400,9,9,126,44,26.05,0.05,0,1,160
3407,177,3,3,60,22,4.78,0.05,1,0,160
3408,13,0,0,8,2,-3.38,0.05,1,0,160
3409,7,0,0,5,1,-3.67,0.05,1,0,160
3410,139,2,2,53,17,3.31,0.05,1,0,160
3411,15,0,0,8,2,-3.85,0.05,1,0,160
3412,37,0,0,17,5,-2.72,0.05,1,0,160
3413,400,7,7,122,45,25.6,0.05,0,1,160
3414,155,2,2,59,20,3.35,0.05,1,0,160
3415,64,0,0,31,9,-1.39,0.05,1,0,160
3416,82,0,0,38,11,0.43,0.05,1,0,160
3417,116,3,3,47,15,4.84,0.05,1,0,160
3418,170,1,1,62,20,6.55,0.05,1,0,160
3419,20,0,0,9,3,-4.6,0.05,1,0,160
3420,196,3,3,69,25,3.74,0.05,1,0,160
3421,183,3,3,73,23,7.42,0.05,1,0,160
3422,148,2,2,64,19,3.67,0.05,1,0,160
3423,215,3,3,85,27,9.55,0.05,1,0,160
3424,6,0,0,1,1,-4.91,0.05,1,0,160
3425,7,0,0,2,1,-4.57,0.05,1,0,160
3426,104,3,3,45,13,5.56,0.05,1,0,160
3427,112,1,1,26,9,-2.62,0.05,1,0,160
3428,50,1,1,21,7,-1.55,0.05,1,0,160
3429,133,2,2,50,17,2.92,0.05,1,0,160
3430,68,0,0,35,9,0.87,0.05,1,0,160
3431,47,0,0,24,6,0.43,0.05,1,0,160
3432,6,0,0,4,1,-4.06,0.05,1,0,160
3433,365,9,9,118,42,22.7,0.05,1,0,161
3434,51,1,1,21,7,-0.86,0.05,1,0,161
3435,27,0,0,11,4,-4.12,0.05,1,0,161
3436,94,2,2,34,13,-1.09,0.05,1,0,161
3437,59,2,2,31,8,1.71,0.05,1,0,161
3438,35,0,0,12,5,-6.05,0.05,1,0,161
3439,6,0,0,2,1,-5.06,0.05,1,0,161
3440,363,7,7,111,41,19.82,0.05,1,0,161
3441,336,6,6,118,39,18.74,0.05,1,0,161
3442,177,3,3,67,21,11.03,0.05,1,0,161
3443,130,5,5,55,17,7.45,0.05,1,0,161
3444,388,8,9,124,41,33.32,0.05,0,1,161
3445,57,1,1,26,8,-2.52,0.05,1,0,161
3446,114,3,4,50,14,7.71,0.05,1,0,161
3447,77,2,2,32,10,1.88,0.05,1,0,161
3448,245,4,4,92,31,9.4,0.05,1,0,161
3449,400,7,7,121,43,26.8,0.05,0,1,161
3450,13,0,0,4,2,-5.53,0.05,1,0,161
3451,125,2,2,55,16,4.25,0.05,1,0,161
3452,137,5,5,64,17,10.83,0.05,1,0,161
3453,36,0,0,15,5,-3.16,0.05,1,0,161
3454,65,0,0,27,9,-1.95,0.05,1,0,161
3455,381,9,9,120,44,19.19,0.05,1,0,162
3456,53,0,0,22,7,-4.23,0.05,1,0,162
3457,49,0,0,22,7,-1.29,0.05,1,0,162
3458,136,2,2,60,17,5.69,0.05,1,0,162
3459,337,7,7,119,37,25.13,0.05,1,0,162
3460,126,3,3,57,16,6.84,0.05,1,0,162
3461,54,0,0,22,7,-2.24,0.05,1,0,162
3462,58,0,0,29,8,-0.73,0.05,1,0,162
3463,255,5,5,101,32,13.8,0.05,1,0,162
3464,21,0,0,14,3,-1.61,0.05,1,0,162
3465,43,1,1,25,6,0.92,0.05,1,0,162
3466,36,0,0,14,5,-3.41,0.05,1,0,162
3467,43,1,1,25,6,0.42,0.05,1,0,162
3468,96,2,2,35,13,0.54,0.05,1,0,162
3469,203,4,4,77,25,11.97,0.05,1,0,162
3470,28,0,0,12,4,-4.53,0.05,1,0,162
3471,28,0,0,11,4,-4.23,0.05,1,0,162
3472,7,0,0,5,1,-4.12,0.05,1,0,162
3473,217,6,6,82,25,16.08,0.05,1,0,162
3474,276,6,6,96,33,14.39,0.05,1,0,162
3475,66,0,0,26,9,-2.26,0.05,1,0,162
3476,6,0,0,3,1,-4.76,0.05,1,0,162
3477,400,8,8,118,46,20.7,0.05,0,1,162
3478,21,1,1,10,3,-2.81,0.05,1,0,162
3479,28,0,0,12,4,-4.43,0.05,1,0,162
3480,6,0,0,3,1,-4.76,0.05,1,0,162
3481,14,0,0,8,2,-3.34,0.05,1,0,162
3482,131,3,3,56,17,7.94,0.05,1,0,162
3483,48,0,0,21,7,-4.93,0.05,1,0,162
3484,58,2,2,27,8,1.82,0.05,1,0,162
3485,61,1,1,25,8,-1.41,0.05,1,0,162
3486,94,2,2,38,12,2.56,0.05,1,0,162
3487,7,0,0,5,1,-4.07,0.05,1,0,162
3488,249,4,4,84,29,11.31,0.05,1,0,162
3489,69,2,2,26,9,-0.54,0.05,1,0,162
3490,97,2,2,37,13,1.03,0.05,1,0,162
3491,53,0,0,24,7,-1.43,0.05,1,0,162
3492,28,0,0,12,4,-3.88,0.05,1,0,162
3493,172,4,4,67,20,12.58,0.05,1,0,162
3494,20,0,0,9,3,-3.7,0.05,1,0,162
3495,83,1,1,35,10,2.42,0.05,1,0,162
3496,13,0,0,6,2,-4.93,0.05,1,0,162
3497,254,2,2,66,24,4.86,0.05,1,0,162
3498,13,0,0,7,2,-4.23,0.05,1,0,162
3499,179,1,1,84,23,11.56,0.05,1,0,162
3500,155,1,1,67,19,8.0,0.05,1,0,162
3501,278,6,6,82,31,10.32,0.05,1,0,162
3502,13,0,0,5,2,-5.68,0.05,1,0,162
3503,186,2,2,40,12,0.94,0.05,1,0,162
3504,51,0,0,23,7,-3.31,0.05,1,0,162
3505,151,5,5,66,18,12.79,0.05,1,0,162
3506,386,9,9,122,42,23.29,0.05,1,0,163
3507,56,0,0,27,8,-0.81,0.05,1,0,163
3508,15,0,0,8,2,-4.95,0.05,1,0,163
3509,7,0,0,3,1,-4.27,0.05,1,0,163
3510,400,6,6,123,43,23.05,0.05,0,1,163
3511,72,2,2,30,10,-0.57,0.05,1,0,163
3512,13,0,0,4,2,-5.53,0.05,1,0,163
3513,160,5,5,80,20,12.85,0.05,1,0,163
3514,86,3,3,37,12,1.69,0.05,1,0,163
3515,53,2,2,26,7,2.22,0.05,1,0,163
3516,192,2,2,78,24,8.13,0.05,1,0,163
3517,197,7,7,82,24,12.63,0.05,1,0,163
3518,75,2,2,39,10,1.2,0.05,1,0,163
3519,21,0,0,9,3,-3.71,0.05,1,0,163
3520,260,3,3,107,33,11.75,0.05,1,0,163
3521,58,1,1,29,8,-0.58,0.05,1,0,163
3522,133,2,2,58,16,7.22,0.05,1,0,163
3523,6,0,0,2,1,-4.61,0.05,1,0,163
3524,400,8,8,132,47,29.45,0.05,0,1,163
3525,400,8,8,119,39,28.0,0.05,0,1,163
3526,164,4,4,64,19,9.91,0.05,1,0,163
3527,142,3,3,61,17,10.53,0.05,1,0,163
3528,56,1,1,26,8,-0.36,0.05,1,0,163
3529,35,1,1,14,5,-1.35,0.05,1,0,163
3530,218,4,4,74,26,11.77,0.05,1,0,163
3531,48,0,0,20,7,-4.83,0.05,1,0,163
3532,13,0,0,8,2,-3.78,0.05,1,0,163
3533,375,4,4,97,32,12.45,0.05,1,0,163
3534,67,0,0,24,9,-2.17,0.05,1,0,163
3535,13,0,0,9,2,-3.38,0.05,1,0,163
3536,261,8,8,81,28,16.34,0.05,1,0,163
3537,156,3,3,64,20,7.39,0.05,1,0,163
3538,235,6,6,91,29,16.25,0.05,1,0,163
3539,13,0,0,8,2,-3.88,0.05,1,0,163
3540,79,1,1,35,11,0.66,0.05,1,0,163
3541,400,9,9,117,45,22.0,0.05,0,1,164
3542,102,2,2,51,13,5.88,0.05,1,0,164
3543,102,0,0,44,13,2.03,0.05,1,0,164
3544,90,4,4,42,11,8.0,0.05,1,0,164
3545,400,9,9,113,46,18.2,0.05,0,1,164
3546,259,1,1,43,13,1.66,0.05,1,0,164
3547,252,6,6,100,31,15.83,0.05,1,0,164
3548,21,0,0,8,3,-5.56,0.05,1,0,164
3549,21,0,0,7,3,-4.86,0.05,1,0,164
3550,51,3,3,22,7,2.49,0.05,1,0,164
3551,75,1,1,38,10,1.25,0.05,1,0,164
3552,107,2,2,39,14,0.93,0.05,1,0,164
3553,92,2,2,37,12,1.73,0.05,1,0,164
3554,49,0,0,21,7,-5.94,0.05,1,0,164
3555,15,0,0,4,2,-5.1,0.05,1,0,164
3556,63,1,1,26,9,-1.28,0.05,1,0,164
3557,211,3,3,82,27,4.94,0.05,1,0,164
3558,13,0,0,6,2,-4.48,0.05,1,0,164
3559,6,0,0,3,1,-4.76,0.05,1,0,164
3560,400,9,9,123,44,23.95,0.05,0,1,164
3561,372,8,9,112,42,24.43,0.05,0,1,164
3562,292,5,5,115,33,23.43,0.05,1,0,164
3563,105,2,2,46,13,3.9,0.05,1,0,164
3564,110,0,0,54,14,4.95,0.05,1,0,164
3565,28,1,1,12,4,-2.88,0.05,1,0,164
3566,68,1,1,26,9,-1.58,0.05,1,0,164
3567,400,5,5,114,41,22.3,0.05,0,1,164
3568,104,4,4,42,13,4.56,0.05,1,0,164
3569,68,2,2,31,9,0.52,0.05,1,0,164
3570,13,0,0,9,2,-3.58,0.05,1,0,164
3571,102,2,2,38,13,2.38,0.05,1,0,164
3572,20,0,0,10,3,-3.85,0.05,1,0,164
3573,362,8,9,124,43,24.43,0.05,0,1,164
3574,103,3,3,38,13,2.07,0.05,1,0,164
3575,400,9,9,116,37,30.3,0.05,0,1,164
3576,202,2,2,82,25,10.03,0.05,1,0,164
3577,180,4,4,78,21,11.0,0.05,1,0,164
3578,83,0,0,39,11,0.67,0.05,1,0,164
3579,87,1,1,42,11,2.38,0.05,1,0,164
3580,47,2,2,20,6,-1.32,0.05,1,0,164
3581,27,0,0,12,4,-4.17,0.05,1,0,164
3582,6,0,0,2,1,-5.51,0.05,1,0,164
3583,158,3,3,68,20,7.12,0.05,1,0,164
3584,44,1,1,20,6,-1.54,0.05,1,0,164
3585,73,1,1,25,10,-2.13,0.05,1,0,164
3586,27,0,0,10,4,-4.87,0.05,1,0,164
3587,54,2,2,27,7,3.61,0.05,1,0,164
3588,37,0,0,16,5,-2.92,0.05,1,0,164
3589,56,3,3,26,8,1.64,0.05,1,0,164
3590,6,0,0,2,1,-4.61,0.05,1,0,164
3591,57,0,0,26,8,-2.82,0.05,1,0,164
3592,13,0,0,8,2,-3.43,0.05,1,0,164
3593,29,1,1,10,4,-3.39,0.05,1,0,164
3594,21,1,1,11,3,-2.51,0.05,1,0,164
3595,117,3,3,53,15,6.03,0.05,1,0,164
3596,141,5,5,67,17,13.69,0.05,1,0,164
3597,58,1,1,29,8,-0.28,0.05,1,0,164
3598,202,5,5,85,24,18.13,0.05,1,0,164
3599,136,3,3,60,17,9.14,0.05,1,0,164
3600,400,6,6,120,38,23.15,0.05,0,1,164
3601,22,0,0,9,3,-4.17,0.05,1,0,164
3602,20,0,0,9,3,-3.6,0.05,1,0,164
3603,6,0,0,2,1,-5.06,0.05,1,0,164
3604,58,2,2,27,8,-0.13,0.05,1,0,164
3605,21,0,0,12,3,-2.26,0.05,1,0,164
3606,50,1,1,18,7,-1.8,0.05,1,0,164
3607,14,0,0,6,2,-4.54,0.05,1,0,164
3608,119,2,2,60,15,8.71,0.05,1,0,164
3609,75,1,1,38,10,2.15,0.05,1,0,164
3610,287,2,2,44,16,2.63,0.05,1,0,164
3611,28,1,1,14,4,-2.53,0.05,1,0,164
3612,14,0,0,5,2,-4.24,0.05,1,0,164
3613,42,1,1,17,6,-2.07,0.05,1,0,164
3614,123,3,3,52,16,4.37,0.05,1,0,164
3615,7,0,0,2,1,-4.57,0.05,1,0,164
3616,67,1,1,37,9,1.98,0.05,1,0,164
3617,120,3,3,53,15,5.15,0.05,1,0,164
3618,400,6,6,100,33,20.0,0.05,0,1,164
3619,69,3,3,37,9,6.21,0.05,1,0,164
3620,27,0,0,9,4,-4.87,0.05,1,0,164
3621,13,0,0,9,2,-3.48,0.05,1,0,164
3622,44,0,0,15,6,-5.69,0.05,1,0,164
3623,114,2,2,53,15,4.31,0.05,1,0,164
3624,117,2,2,51,15,6.43,0.05,1,0,164
3625,110,0,0,40,15,-3.15,0.05,1,0,164
3626,133,2,2,34,11,1.07,0.05,1,0,164
3627,50,2,2,23,7,-1.9,0.05,1,0,164
3628,150,2,2,53,19,2.6,0.05,1,0,164
3629,87,1,1,29,11,-0.22,0.05,1,0,164
3630,28,0,0,16,4,-2.18,0.05,1,0,164
3631,20,0,0,7,3,-5.15,0.05,1,0,164
3632,376,8,9,124,42,29.34,0.05,0,1,164
3633,400,6,6,98,32,16.35,0.05,0,1,164
3634,400,8,8,115,39,26.75,0.05,0,1,164
3635,169,2,2,54,20,5.66,0.05,1,0,164
3636,43,0,0,26,6,-0.88,0.05,1,0,164
3637,113,5,5,44,15,4.62,0.05,1,0,164
3638,400,8,8,123,45,26.35,0.05,0,1,164
3639,170,2,2,62,20,7.45,0.05,1,0,164
3640,84,1,1,34,11,0.16,0.05,1,0,164
3641,248,5,5,89,30,11.82,0.05,1,0,164
3642,134,2,2,51,18,0.61,0.05,1,0,164
3643,35,0,0,15,5,-3.55,0.05,1,0,164
3644,400,8,8,123,46,24.25,0.05,0,1,164
3645,27,0,0,18,4,-3.02,0.05,1,0,164
3646,222,3,3,63,24,7.28,0.05,1,0,164
3647,56,1,1,24,8,-1.71,0.05,1,0,164
3648,400,5,5,106,36,21.35,0.05,0,1,164
3649,98,2,2,45,13,2.92,0.05,1,0,164
3650,272,6,6,109,31,23.28,0.05,1,0,164
3651,89,1,1,34,11,0.51,0.05,1,0,164
3652,163,3,3,59,20,7.12,0.05,1,0,164
3653,400,7,7,105,33,21.75,0.05,0,1,164
3654,175,4,4,71,21,13.3,0.05,1,0,164
3655,124,2,2,39,16,1.76,0.05,1,0,164
3656,249,6,6,91,30,14.81,0.05,1,0,164
3657,37,0,0,12,5,-5.07,0.05,1,0,164
3658,70,0,0,35,9,1.45,0.05,1,0,164
3659,165,1,1,41,13,3.8,0.05,1,0,164
3660,43,2,2,19,6,-0.43,0.05,1,0,164
3661,156,1,1,29,11,-1.56,0.05,1,0,164
3662,106,1,1,39,13,-1.36,0.05,1,0,164
3663,35,0,0,17,5,-2.45,0.05,1,0,164
3664,83,1,1,39,11,1.42,0.05,1,0,164
3665,50,0,0,25,7,-0.8,0.05,1,0,164
3666,117,4,4,48,14,5.93,0.05,1,0,164
3667,177,3,3,78,22,10.43,0.05,1,0,164
3668,28,1,1,9,4,-3.78,0.05,1,0,164
3669,92,0,0,43,12,1.13,0.05,1,0,164
3670,141,2,2,57,17,4.64,0.05,1,0,164
3671,208,5,5,86,25,11.97,0.05,1,0,164
3672,177,2,2,73,22,6.23,0.05,1,0,164
3673,35,0,0,17,5,-2.45,0.05,1,0,164
3674,7,0,0,5,1,-4.02,0.05,1,0,164
3675,86,3,3,41,11,5.04,0.05,1,0,164
3676,22,0,0,7,3,-5.82,0.05,1,0,164
3677,400,9,9,121,47,16.9,0.05,0,1,165
3678,13,0,0,6,2,-4.93,0.05,1,0,165
3679,67,1,1,30,9,0.03,0.05,1,0,165
3680,75,1,1,33,10,1.1,0.05,1,0,165
3681,198,2,2,73,24,6.92,0.05,1,0,165
3682,346,8,8,114,38,23.39,0.05,1,0,165
3683,114,5,5,47,14,8.11,0.05,1,0,165
3684,20,0,0,7,3,-4.85,0.05,1,0,165
3685,58,2,2,25,8,-0.28,0.05,1,0,165
3686,65,0,0,31,9,-1.25,0.05,1,0,165
3687,266,8,8,93,31,18.74,0.05,1,0,165
3688,264,6,6,92,31,17.31,0.05,1,0,165
3689,300,4,4,100,35,16.4,0.05,1,0,165
3690,375,7,7,74,28,9.6,0.05,1,0,165
3691,236,3,3,82,28,9.14,0.05,1,0,165
3692,200,1,1,80,24,9.65,0.05,1,0,165
3693,21,0,0,6,3,-5.46,0.05,1,0,165
3694,57,0,0,25,8,-2.67,0.05,1,0,165
3695,13,0,0,4,2,-5.18,0.05,1,0,165
3696,6,0,0,3,1,-4.31,0.05,1,0,165
3697,28,0,0,10,4,-5.03,0.05,1,0,165
3698,330,4,4,71,19,9.3,0.05,1,0,165
3699,42,0,0,19,6,-2.32,0.05,1,0,165
3700,400,4,4,100,36,18.3,0.05,0,1,165
3701,150,4,4,61,17,11.4,0.05,1,0,165
3702,212,3,3,73,22,10.08,0.05,1,0,165
3703,35,2,2,17,5,-1.7,0.05,1,0,165
3704,29,2,2,16,4,0.41,0.05,1,0,165
3705,70,0,0,31,9,-0.4,0.05,1,0,165
3706,51,1,1,24,7,-0.11,0.05,1,0,165
3707,138,5,5,53,17,7.62,0.05,1,0,165
3708,89,1,1,37,12,0.66,0.05,1,0,165
3709,319,9,9,112,35,25.01,0.05,1,0,165
3710,13,0,0,6,2,-5.03,0.05,1,0,165
3711,42,1,1,23,6,-1.27,0.05,1,0,165
3712,228,1,1,32,10,-2.18,0.05,1,0,165
3713,120,3,3,51,15,6.1,0.05,1,0,165
3714,36,0,0,13,5,-5.26,0.05,1,0,165
3715,328,7,7,113,36,21.12,0.05,1,0,165
3716,60,3,3,31,8,3.75,0.05,1,0,165
3717,69,2,2,31,9,1.36,0.05,1,0,165
3718,277,8,8,96,31,20.98,0.05,1,0,165
3719,35,0,0,15,5,-3.3,0.05,1,0,165
3720,42,1,1,19,5,-2.52,0.05,1,0,165
3721,28,0,0,9,4,-6.73,0.05,1,0,165
3722,28,1,1,18,4,0.12,0.05,1,0,165
3723,380,9,9,119,44,19.1,0.05,1,0,165
3724,29,1,1,13,4,-2.29,0.05,1,0,165
3725,20,0,0,6,3,-5.0,0.05,1,0,165
3726,13,0,0,8,2,-3.78,0.05,1,0,165
3727,36,0,0,17,5,-2.11,0.05,1,0,165
3728,105,2,2,41,14,0.5,0.05,1,0,165
3729,400,6,6,92,52,0.0,0.05,0,1,165
3730,13,0,0,6,2,-4.38,0.05,1,0,165
3731,400,7,7,115,35,28.75,0.05,0,1,165
3732,75,0,0,33,10,-1.6,0.05,1,0,165
3733,27,0,0,11,4,-4.67,0.05,1,0,165
3734,65,1,1,29,9,0.25,0.05,1,0,165
3735,82,2,2,41,10,5.93,0.05,1,0,165
3736,87,1,1,36,11,0.58,0.05,1,0,165
3737,387,7,7,119,45,20.48,0.05,1,0,165
3738,249,5,5,102,31,17.56,0.05,1,0,165
3739,6,0,0,3,1,-4.76,0.05,1,0,165
3740,313,2,2,86,20,11.92,0.05,1,0,165
3741,138,2,2,60,17,6.32,0.05,1,0,165
3742,169,3,3,59,19,5.76,0.05,1,0,165
3743,13,0,0,6,2,-4.83,0.05,1,0,165
3744,50,0,0,20,7,-1.85,0.05,1,0,165
3745,7,0,0,3,1,-5.27,0.05,1,0,165
3746,21,0,0,12,3,-2.81,0.05,1,0,165
3747,29,1,1,12,4,-1.74,0.05,1,0,165
3748,5,0,0,4,1,-4.0,0.05,1,0,165
3749,35,0,0,15,5,-5.6,0.05,1,0,165
3750,223,4,4,93,27,13.27,0.05,1,0,165
3751,87,1,1,37,11,1.93,0.05,1,0,165
3752,5,0,0,3,1,-4.3,0.05,1,0,165
3753,34,0,0,17,5,-4.59,0.05,1,0,165
3754,13,0,0,6,2,-4.58,0.05,1,0,165
3755,213,5,5,78,24,14.62,0.05,1,0,165
3756,20,0,0,8,3,-5.0,0.05,1,0,165
3757,82,2,2,36,10,4.63,0.05,1,0,165
3758,123,1,1,55,15,7.27,0.05,1,0,165
3759,94,2,2,37,13,-1.19,0.05,1,0,165
3760,159,1,1,74,20,8.81,0.05,1,0,165
3761,207,8,8,77,24,17.93,0.05,1,0,165
3762,295,4,4,105,34,19.15,0.05,1,0,165
3763,49,0,0,19,7,-3.74,0.05,1,0,165
3764,13,0,0,5,2,-5.23,0.05,1,0,165
3765,53,1,1,23,7,-1.38,0.05,1,0,165
3766,61,0,0,23,8,-2.86,0.05,1,0,165
3767,6,0,0,3,1,-4.76,0.05,1,0,165
3768,114,2,2,60,15,7.76,0.05,1,0,165
3769,198,6,6,80,24,11.22,0.05,1,0,165
3770,27,0,0,12,4,-3.92,0.05,1,0,165
3771,95,1,1,41,12,2.95,0.05,1,0,165
3772,144,1,1,73,18,9.66,0.05,1,0,165
3773,56,0,0,23,8,-3.06,0.05,1,0,165
3774,270,4,4,77,25,11.45,0.05,1,0,165
3775,234,6,6,90,28,16.01,0.05,1,0,165
3776,50,3,3,22,7,0.1,0.05,1,0,165
3777,400,8,8,123,44,31.9,0.05,0,1,165
3778,21,0,0,10,3,-3.86,0.05,1,0,165
3779,20,0,0,9,3,-4.5,0.05,1,0,165
3780,72,1,1,29,10,-3.52,0.05,1,0,165
3781,293,2,2,98,28,12.92,0.05,1,0,165
3782,400,8,8,122,44,29.5,0.05,0,1,165
3783,248,2,2,69,29,4.77,0.05,1,0,165
3784,37,0,0,18,5,-3.27,0.05,1,0,165
3785,6,0,0,3,1,-5.21,0.05,1,0,165
3786,114,3,3,51,14,7.31,0.05,1,0,165
3787,6,0,0,3,1,-4.76,0.05,1,0,165
3788,117,4,4,55,16,6.28,0.05,1,0,165
3789,133,4,4,58,17,7.72,0.05,1,0,165
3790,6,0,0,3,1,-5.21,0.05,1,0,165
3791,400,6,6,87,32,12.25,0.05,0,1,165
3792,180,4,4,79,21,16.25,0.05,1,0,165
3793,38,0,0,17,5,-1.43,0.05,1,0,165
3794,110,3,3,43,14,5.85,0.05,1,0,165
3795,400,6,6,127,42,21.5,0.05,0,1,165
3796,38,1,1,19,5,-0.58,0.05,1,0,165
3797,150,4,4,72,19,9.55,0.05,1,0,165
3798,271,5,5,96,31,18.34,0.05,1,0,165
3799,165,1,1,69,20,7.3,0.05,1,0,165
3800,87,0,0,41,12,0.23,0.05,1,0,165
3801,400,4,4,97,33,11.9,0.05,0,1,165
3802,235,6,6,101,29,20.0,0.05,1,0,165
3803,61,2,2,28,8,0.94,0.05,1,0,165
3804,175,1,1,77,22,4.9,0.05,1,0,165
3805,208,3,3,73,26,7.77,0.05,1,0,165
3806,7,0,0,6,1,-3.22,0.05,1,0,165
3807,400,5,5,110,43,15.05,0.05,0,1,165
3808,20,0,0,8,3,-5.5,0.05,1,0,165
3809,58,0,0,26,8,-1.23,0.05,1,0,165
3810,129,2,2,44,16,2.41,0.05,1,0,165
3811,211,0,0,18,30,-19.06,0.05,1,0,165
3812,376,6,6,120,43,20.94,0.05,1,0,165
3813,162,6,6,63,20,7.98,0.05,1,0,165
3814,188,4,4,75,23,10.42,0.05,1,0,165
3815,172,5,5,72,20,12.58,0.05,1,0,165
3816,82,2,2,38,11,3.08,0.05,1,0,165
3817,168,2,2,69,21,7.82,0.05,1,0,165
3818,15,0,0,4,2,-5.65,0.05,1,0,165
3819,302,7,7,112,34,23.63,0.05,1,0,165
3820,44,1,1,22,6,0.16,0.05,1,0,165
3821,6,0,0,2,1,-5.06,0.05,1,0,165
3822,13,0,0,5,2,-4.88,0.05,1,0,165
3823,170,4,4,73,20,14.65,0.05,1,0,165
3824,378,9,9,125,43,25.17,0.05,1,0,165
3825,66,0,0,21,9,-4.36,0.05,1,0,165
3826,119,0,0,52,16,1.96,0.05,1,0,165
3827,180,5,5,73,19,16.1,0.05,1,0,165
3828,200,2,2,87,25,10.0,0.05,1,0,165
3829,23,0,0,11,3,-3.83,0.05,1,0,165
3830,79,2,2,37,10,4.26,0.05,1,0,165
3831,324,8,8,109,38,18.36,0.05,1,0,165
3832,6,0,0,3,1,-4.31,0.05,1,0,165
3833,66,1,1,29,9,-1.41,0.05,1,0,165
3834,136,3,3,57,17,7.24,0.05,1,0,165
3835,105,1,1,43,14,-0.1,0.05,1,0,165
3836,159,3,3,57,20,3.76,0.05,1,0,165
3837,259,5,5,94,28,18.26,0.05,1,0,165
3838,58,2,2,26,8,-0.98,0.05,1,0,165
3839,106,0,0,46,14,2.09,0.05,1,0,165
3840,111,2,2,46,14,3.74,0.05,1,0,165
3841,13,0,0,6,2,-5.48,0.05,1,0,165
3842,88,0,0,41,12,-0.68,0.05,1,0,165
3843,43,1,1,17,6,-1.63,0.05,1,0,165
3844,400,4,4,90,27,19.15,0.05,0,1,165
3845,6,0,0,3,1,-4.21,0.05,1,0,165
3846,194,2,2,90,24,12.16,0.05,1,0,165
3847,5,0,0,2,1,-4.6,0.05,1,0,165
3848,54,1,1,21,7,0.16,0.05,1,0,165
3849,340,7,7,106,39,17.1,0.05,1,0,165
3850,78,1,1,33,10,2.17,0.05,1,0,165
3851,96,2,2,45,12,6.64,0.05,1,0,165
3852,400,5,5,112,39,21.95,0.05,0,1,165
3853,381,8,8,123,43,20.94,0.05,1,0,165
3854,389,6,6,112,44,17.31,0.05,1,0,165
3855,229,5,5,93,27,15.81,0.05,1,0,165
3856,118,1,1,18,6,-3.03,0.05,1,0,165
3857,196,2,2,81,24,11.74,0.05,1,0,165
3858,14,0,0,6,2,-3.89,0.05,1,0,165
3859,7,0,0,1,1,-4.87,0.05,1,0,165
3860,7,0,0,2,1,-4.47,0.05,1,0,165
3861,38,1,1,16,5,-2.18,0.05,1,0,165
3862,28,0,0,14,4,-2.33,0.05,1,0,165
3863,379,7,7,125,43,19.06,0.05,1,0,165
3864,58,0,0,27,8,-1.48,0.05,1,0,165
3865,158,3,3,75,20,11.52,0.05,1,0,165
3866,6,0,0,2,1,-5.06,0.05,1,0,165
3867,14,0,0,4,2,-6.14,0.05,1,0,165
3868,186,2,2,74,25,6.34,0.05,1,0,165
3869,42,0,0,17,6,-4.12,0.05,1,0,165
3870,166,1,1,70,21,5.24,0.05,1,0,165
3871,107,2,2,38,13,3.03,0.05,1,0,165
3872,138,2,2,48,18,-1.98,0.05,1,0,165
3873,53,0,0,24,7,-2.08,0.05,1,0,165
3874,76,1,1,30,10,-1.11,0.05,1,0,165
3875,245,2,2,88,29,7.95,0.05,1,0,165
3876,383,8,9,118,46,22.77,0.05,0,1,165
3877,14,0,0,6,2,-4.99,0.05,1,0,165
3878,84,0,0,38,11,0.61,0.05,1,0,165
3879,172,0,1,13,6,-6.57,0.05,1,0,165
3880,187,4,4,72,22,10.23,0.05,1,0,165
3881,331,6,6,119,38,21.89,0.05,1,0,165
3882,180,0,0,62,22,2.7,0.05,1,0,165
3883,341,5,5,94,35,12.54,0.05,1,0,165
3884,214,2,2,77,27,5.81,0.05,1,0,165
3885,333,6,6,120,38,23.27,0.05,1,0,165
3886,8,0,0,4,1,-3.93,0.05,1,0,165
3887,95,0,0,32,13,-3.95,0.05,1,0,165
3888,400,5,5,96,29,19.6,0.05,0,1,165
3889,163,5,5,69,21,4.82,0.05,1,0,165
3890,13,0,0,5,2,-5.33,0.05,1,0,165
3891,219,5,5,79,26,11.61,0.05,1,0,165
3892,60,1,1,27,8,0.25,0.05,1,0,165
3893,269,4,4,87,31,9.46,0.05,1,0,165
3894,77,2,2,36,10,2.43,0.05,1,0,165
3895,200,3,3,76,24,12.2,0.05,1,0,165
3896,13,0,0,9,2,-3.48,0.05,1,0,165
3897,185,4,4,67,23,7.45,0.05,1,0,165
3898,129,3,3,52,17,1.81,0.05,1,0,165
3899,46,2,2,25,6,2.49,0.05,1,0,165
3900,99,4,4,42,12,6.56,0.05,1,0,165
3901,6,0,0,1,1,-5.36,0.05,1,0,165
3902,370,9,9,125,41,18.55,0.05,1,0,165
3903,176,3,3,72,20,9.89,0.05,1,0,165
3904,55,2,2,26,8,-1.6,0.05,1,0,165
3905,7,0,0,4,1,-3.87,0.05,1,0,165
3906,167,5,5,73,20,14.18,0.05,1,0,165
3907,48,0,0,22,7,-3.83,0.05,1,0,165
3908,400,6,6,107,35,24.3,0.05,0,1,165
3909,141,2,2,54,18,2.14,0.05,1,0,165
3910,46,0,0,25,6,0.19,0.05,1,0,165
3911,20,0,0,10,3,-3.5,0.05,1,0,165
3912,7,0,0,3,1,-4.72,0.05,1,0,165
3913,224,3,3,86,27,12.21,0.05,1,0,165
3914,59,0,0,29,8,-1.84,0.05,1,0,165
3915,7,0,0,3,1,-4.27,0.05,1,0,165
3916,48,0,0,19,7,-5.18,0.05,1,0,165
3917,7,0,0,2,1,-4.92,0.05,1,0,165
3918,232,5,5,90,29,9.93,0.05,1,0,165
3919,71,0,0,38,10,0.29,0.05,1,0,165
3920,52,1,1,24,7,0.38,0.05,1,0,165
3921,142,0,0,61,17,3.98,0.05,1,0,165
3922,14,0,0,11,2,-2.94,0.05,1,0,165
3923,287,2,2,101,34,11.03,0.05,1,0,165
3924,400,8,8,120,43,23.75,0.05,0,1,165
3925,176,3,3,81,21,13.89,0.05,1,0,165
3926,13,0,0,4,2,-5.63,0.05,1,0,165
3927,305,7,7,108,36,14.35,0.05,1,0,165
3928,76,0,0,35,10,-0.26,0.05,1,0,165
3929,126,2,2,57,16,6.24,0.05,1,0,165
3930,208,4,4,68,25,8.22,0.05,1,0,165
3931,387,4,4,91,28,12.28,0.05,1,0,165
3932,400,8,8,99,33,21.65,0.05,0,1,165
3933,102,3,3,42,13,3.78,0.05,1,0,165
3934,94,2,2,45,12,5.11,0.05,1,0,165
3935,151,2,2,53,19,3.99,0.05,1,0,165
3936,44,0,0,23,6,-0.74,0.05,1,0,165
3937,290,6,6,90,34,10.85,0.05,1,0,165
3938,170,4,4,61,21,4.9,0.05,1,0,165
3939,42,0,0,20,6,-2.72,0.05,1,0,165
3940,94,2,2,44,12,4.81,0.05,1,0,165
3941,62,1,1,28,9,-3.17,0.05,1,0,165
3942,49,0,0,16,7,-4.94,0.05,1,0,165
3943,49,0,0,23,7,-1.94,0.05,1,0,165
3944,52,1,1,22,7,-1.17,0.05,1,0,165
3945,130,3,3,57,16,8.95,0.05,1,0,165
3946,400,2,2,64,19,7.0,0.05,0,1,165
3947,36,0,0,20,5,-2.41,0.05,1,0,165
3948,29,0,0,11,4,-4.79,0.05,1,0,165
3949,95,3,3,44,12,3.9,0.05,1,0,165
3950,389,8,9,122,42,26.11,0.05,0,1,165
3951,29,0,0,15,4,-2.39,0.05,1,0,165
3952,20,0,0,7,3,-5.05,0.05,1,0,165
3953,165,2,2,46,14,2.5,0.05,1,0,165
3954,168,4,4,80,21,13.12,0.05,1,0,165
3955,13,0,0,7,2,-4.18,0.05,1,0,165
3956,83,1,1,29,11,-2.53,0.05,1,0,165
3957,204,5,5,77,25,12.66,0.05,1,0,165
3958,214,3,3,51,20,-0.49,0.05,1,0,165
3959,346,6,6,118,41,15.59,0.05,1,0,165
3960,28,0,0,11,4,-4.28,0.05,1,0,165
3961,110,2,2,52,13,8.7,0.05,1,0,165
3962,35,0,0,18,5,-4.65,0.05,1,0,165
3963,15,0,0,7,2,-3.7,0.05,1,0,165
3964,115,3,3,51,15,4.15,0.05,1,0,165
3965,13,0,0,5,2,-5.23,0.05,1,0,165
3966,113,3,3,45,14,4.82,0.05,1,0,165
3967,93,1,1,41,12,1.12,0.05,1,0,165
3968,350,5,5,91,28,15.35,0.05,1,0,165
3969,38,1,1,19,5,-1.93,0.05,1,0,165
3970,381,8,9,132,44,30.34,0.05,0,1,165
3971,106,0,0,41,14,-0.51,0.05,1,0,165
3972,118,1,1,41,16,-1.43,0.05,1,0,165
3973,366,8,8,117,42,20.64,0.05,1,0,165
3974,112,1,1,43,14,2.63,0.05,1,0,165
3975,28,2,2,13,4,-1.33,0.05,1,0,165
3976,73,3,3,32,10,1.97,0.05,1,0,165
3977,119,3,3,46,14,7.76,0.05,1,0,165
3978,27,0,0,10,4,-5.02,0.05,1,0,165
3979,29,0,0,11,4,-3.04,0.05,1,0,165
3980,212,6,6,86,25,14.43,0.05,1,0,165
3981,7,0,0,3,1,-4.27,0.05,1,0,165
3982,164,4,4,76,21,9.16,0.05,1,0,165
3983,167,1,1,65,21,5.33,0.05,1,0,165
3984,135,3,3,51,17,2.15,0.05,1,0,165
3985,49,0,0,21,7,-4.09,0.05,1,0,165
3986,400,5,5,74,29,8.75,0.05,0,1,166
3987,42,1,1,19,6,-3.47,0.05,1,0,166
3988,93,0,0,34,12,-4.18,0.05,1,0,166
3989,49,1,1,20,7,-3.79,0.05,1,0,166
3990,21,0,0,8,3,-4.46,0.05,1,0,166
3991,140,5,5,53,17,9.8,0.05,1,0,166
3992,13,0,0,9,2,-2.98,0.05,1,0,166
3993,56,0,0,26,7,-0.16,0.05,1,0,166
3994,6,0,0,2,1,-5.06,0.05,1,0,166
3995,35,0,0,16,5,-3.65,0.05,1,0,166
3996,35,0,0,16,5,-4.95,0.05,1,0,166
3997,213,3,3,82,25,10.82,0.05,1,0,166
3998,294,9,9,112,36,20.01,0.05,1,0,166
3999,23,0,0,15,3,-1.08,0.05,1,0,166
4000,154,1,1,63,20,1.76,0.05,1,0,166
4001,108,0,0,50,15,-2.43,0.05,1,0,166
4002,78,3,3,32,10,2.42,0.05,1,0,166
4003,14,0,0,4,2,-5.59,0.05,1,0,166
4004,96,0,0,51,13,1.69,0.05,1,0,166
4005,42,1,1,23,6,0.68,0.05,1,0,166
4006,82,3,3,33,10,4.08,0.05,1,0,166
4007,400,9,9,112,44,22.5,0.05,0,1,166
4008,237,6,6,82,29,12.03,0.05,1,0,166
4009,220,6,6,78,26,11.65,0.05,1,0,166
4010,40,0,0,15,5,-3.85,0.05,1,0,166
4011,76,0,0,10,4,-3.91,0.05,1,0,166
4012,56,0,0,27,8,-0.36,0.05,1,0,166
4013,14,0,0,7,2,-4.69,0.05,1,0,166
4014,130,2,2,43,18,-3.25,0.05,1,0,166
4015,27,1,1,11,4,-3.12,0.05,1,0,166
4016,7,0,0,2,1,-5.57,0.05,1,0,166
4017,400,8,8,116,39,28.8,0.05,0,1,166
4018,63,0,0,30,9,-0.28,0.05,1,0,166
4019,44,1,1,18,6,-1.69,0.05,1,0,166
4020,88,2,2,30,9,0.87,0.05,1,0,166
4021,13,0,0,9,2,-3.48,0.05,1,0,166
4022,400,9,9,111,44,20.75,0.05,0,1,166
4023,95,1,1,38,12,2.65,0.05,1,0,166
4024,42,0,0,21,6,-1.42,0.05,1,0,166
4025,376,8,9,126,40,30.49,0.05,0,1,166
4026,6,0,0,2,1,-5.06,0.05,1,0,166
4027,87,2,2,39,11,4.58,0.05,1,0,166
4028,217,4,4,73,26,9.73,0.05,1,0,166
4029,36,0,0,15,5,-4.01,0.05,1,0,166
4030,259,5,5,100,31,17.41,0.05,1,0,166
4031,13,0,0,6,2,-4.38,0.05,1,0,166
4032,76,1,1,37,10,1.89,0.05,1,0,166
4033,75,0,0,37,10,0.25,0.05,1,0,166
4034,51,0,0,24,7,-2.06,0.05,1,0,166
4035,43,1,1,22,6,-2.48,0.05,1,0,166
4036,50,1,1,19,7,-3.2,0.05,1,0,166
4037,7,0,0,5,1,-4.12,0.05,1,0,166
4038,29,0,0,9,4,-3.29,0.05,1,0,166
4039,165,4,4,67,19,12.85,0.05,1,0,166
4040,48,0,0,10,5,-4.83,0.05,1,0,166
4041,276,6,6,88,32,11.39,0.05,1,0,166
4042,92,4,4,43,12,5.28,0.05,1,0,166
4043,379,8,8,114,41,21.81,0.05,1,0,166
4044,35,1,1,15,5,-2.8,0.05,1,0,166
4045,21,0,0,8,3,-5.01,0.05,1,0,166
4046,57,1,1,29,8,0.33,0.05,1,0,166
4047,80,1,1,34,11,-1.75,0.05,1,0,166
4048,20,0,0,9,3,-4.7,0.05,1,0,166
4049,66,1,1,34,9,2.84,0.05,1,0,166
4050,250,5,5,68,20,10.2,0.05,1,0,166
4051,20,0,0,7,3,-4.25,0.05,1,0,166
4052,349,9,9,109,39,23.86,0.05,1,0,166
4053,99,1,1,39,12,2.56,0.05,1,0,166
4054,74,0,0,32,10,-1.74,0.05,1,0,166
4055,28,1,1,8,4,-4.08,0.05,1,0,166
4056,259,6,6,102,30,21.76,0.05,1,0,166
4057,400,8,8,120,39,28.8,0.05,0,1,166
4058,89,1,1,39,12,-1.84,0.05,1,0,166
4059,80,2,2,33,10,3.2,0.05,1,0,166
4060,114,1,1,41,15,-1.89,0.05,1,0,166
4061,50,0,1,21,7,-2.85,0.05,1,0,166
4062,400,7,7,115,43,22.4,0.05,0,1,166
4063,306,6,6,101,36,18.44,0.05,1,0,166
4064,62,1,1,27,8,0.48,0.05,1,0,166
4065,400,8,8,127,41,30.65,0.05,0,1,166
4066,44,1,1,21,6,-0.84,0.05,1,0,166
4067,300,6,6,102,36,16.3,0.05,1,0,166
4068,86,1,1,31,11,-1.81,0.05,1,0,166
4069,6,0,0,3,1,-4.76,0.05,1,0,166
4070,92,1,1,43,12,3.53,0.05,1,0,166
4071,362,8,9,126,40,29.08,0.05,0,1,166
4072,400,9,9,111,45,19.5,0.05,0,1,166
4073,22,0,0,9,3,-4.32,0.05,1,0,166
4074,65,0,0,27,9,-2.15,0.05,1,0,166
4075,102,1,1,51,13,5.68,0.05,1,0,166
4076,400,4,4,59,18,10.55,0.05,0,1,166
4077,67,1,1,26,9,-3.77,0.05,1,0,166
4078,13,0,0,8,2,-3.88,0.05,1,0,166
4079,112,3,3,50,15,5.38,0.05,1,0,166
4080,63,1,1,31,8,2.87,0.05,1,0,166
4081,43,2,2,15,6,-2.63,0.05,1,0,166
4082,89,3,3,35,12,3.86,0.05,1,0,166
4083,76,2,2,33,10,0.44,0.05,1,0,166
4084,87,2,2,43,12,2.73,0.05,1,0,166
4085,141,2,2,56,17,5.59,0.05,1,0,166
4086,84,2,2,31,10,-0.19,0.05,1,0,166
4087,125,2,2,52,16,3.8,0.05,1,0,166
4088,400,3,3,111,35,21.85,0.05,0,1,166
4089,72,2,2,30,9,1.68,0.05,1,0,166
4090,400,1,1,60,18,7.9,0.05,0,1,166
4091,83,1,1,39,11,1.87,0.05,1,0,166
4092,20,0,0,8,3,-4.4,0.05,1,0,166
4093,5,0,0,3,1,-4.3,0.05,1,0,166
4094,6,0,0,3,1,-5.21,0.05,1,0,166
4095,28,0,0,16,4,-1.98,0.05,1,0,166
4096,6,0,0,3,1,-4.31,0.05,1,0,166
4097,104,3,3,38,12,3.06,0.05,1,0,166
4098,64,0,0,29,9,-1.34,0.05,1,0,166
4099,211,4,4,90,26,13.29,0.05,1,0,166
4100,91,0,0,34,12,-1.41,0.05,1,0,166
4101,244,5,5,76,29,7.66,0.05,1,0,166
4102,178,6,6,61,20,7.37,0.05,1,0,166
4103,76,2,2,38,10,5.04,0.05,1,0,166
4104,110,0,0,35,15,-5.35,0.05,1,0,166
4105,27,0,0,10,4,-4.87,0.05,1,0,166
4106,78,1,1,36,11,-1.58,0.05,1,0,166
4107,13,0,0,8,2,-3.78,0.05,1,0,166
4108,132,1,1,53,17,3.48,0.05,1,0,166
4109,81,2,2,35,11,0.19,0.05,1,0,166
4110,145,4,4,73,17,15.9,0.05,1,0,166
4111,58,0,0,23,8,-3.23,0.05,1,0,166
4112,23,1,1,12,3,-3.73,0.05,1,0,166
4113,129,1,1,41,12,0.41,0.05,1,0,166
4114,123,3,3,46,16,4.92,0.05,1,0,166
4115,14,0,0,6,2,-4.54,0.05,1,0,166
4116,190,4,4,73,23,8.25,0.05,1,0,166
4117,66,0,0,32,9,-0.71,0.05,1,0,166
4118,57,2,2,23,8,-0.42,0.05,1,0,166
4119,110,2,2,49,14,6.45,0.05,1,0,166
4120,158,2,2,62,19,8.17,0.05,1,0,166
4121,197,2,2,97,25,11.23,0.05,1,0,166
4122,65,2,2,33,8,2.4,0.05,1,0,166
4123,48,2,2,21,7,-3.43,0.05,1,0,166
4124,56,1,1,28,8,-0.41,0.05,1,0,166
4125,199,4,4,73,23,11.31,0.05,1,0,166
4126,400,6,6,96,31,18.75,0.05,0,1,166
4127,73,0,0,32,10,-2.48,0.05,1,0,166
4128,150,2,2,58,20,1.8,0.05,1,0,166
4129,99,0,0,44,13,2.61,0.05,1,0,166
4130,5,0,0,4,1,-4.0,0.05,1,0,166
4131,320,7,7,112,39,13.4,0.05,1,0,166
4132,141,2,2,67,18,8.84,0.05,1,0,166
4133,400,9,9,114,43,23.25,0.05,0,1,166
4134,164,1,1,65,21,4.31,0.05,1,0,166
4135,71,1,1,26,9,-0.96,0.05,1,0,166
4136,6,0,0,2,1,-5.06,0.05,1,0,166
4137,207,3,3,74,25,6.33,0.05,1,0,166
4138,193,5,5,84,23,18.12,0.05,1,0,166
4139,35,0,0,15,5,-2.95,0.05,1,0,166
4140,70,2,2,27,9,0.55,0.05,1,0,166
4141,42,0,0,20,6,-2.12,0.05,1,0,166
4142,95,2,2,41,12,3.45,0.05,1,0,166
4143,400,9,9,128,46,27.9,0.05,0,1,166
4144,20,1,1,11,3,-2.25,0.05,1,0,166
4145,400,9,9,123,45,23.2,0.05,0,1,168
4146,50,1,1,21,7,-2.75,0.05,1,0,168
4147,176,2,2,70,21,11.34,0.05,1,0,168
4148,22,0,0,8,3,-5.52,0.05,1,0,168
4149,84,0,0,30,11,-3.49,0.05,1,0,168
4150,72,1,1,35,9,0.88,0.05,1,0,168
4151,38,0,0,20,5,-1.53,0.05,1,0,168
4152,66,0,0,27,9,-2.11,0.05,1,0,168
4153,265,5,5,94,31,11.7,0.05,1,0,168
4154,60,1,1,26,8,0.1,0.05,1,0,168
4155,84,0,0,42,11,1.91,0.05,1,0,168
4156,21,0,0,7,3,-4.86,0.05,1,0,168
4157,103,2,2,35,12,1.17,0.05,1,0,168
4158,63,0,0,25,8,-2.53,0.05,1,0,168
4159,41,0,0,13,6,-7.31,0.05,1,0,168
4160,22,1,1,8,3,-3.97,0.05,1,0,168
4161,310,8,8,112,37,15.7,0.05,1,0,168
4162,233,3,3,65,22,4.87,0.05,1,0,168
4163,49,1,1,24,7,-0.39,0.05,1,0,168
4164,20,0,0,10,3,-3.25,0.05,1,0,168
4165,112,1,1,49,14,0.78,0.05,1,0,168
4166,28,0,0,14,4,-2.08,0.05,1,0,168
4167,168,4,4,78,21,12.17,0.05,1,0,168
4168,43,1,1,19,6,-0.33,0.05,1,0,168
4169,184,4,4,76,22,13.36,0.05,1,0,168
4170,93,0,0,37,11,1.17,0.05,1,0,168
4171,6,0,0,3,1,-5.21,0.05,1,0,168
4172,369,8,9,132,41,32.66,0.05,0,1,168
4173,127,1,1,54,16,3.13,0.05,1,0,168
4174,335,7,7,104,39,12.5,0.05,1,0,168
4175,128,3,3,55,16,7.82,0.05,1,0,168
4176,66,2,2,31,9,1.69,0.05,1,0,168
4177,114,2,2,50,15,4.06,0.05,1,0,168
4178,238,5,5,81,28,11.67,0.05,1,0,168
4179,29,1,1,12,4,-2.09,0.05,1,0,168
4180,167,3,3,65,21,7.33,0.05,1,0,168
4181,230,2,2,73,19,11.3,0.05,1,0,168
4182,355,8,9,122,41,24.4,0.05,0,1,168
4183,94,1,1,41,12,4.01,0.05,1,0,168
4184,14,0,0,8,2,-2.79,0.05,1,0,168
4185,315,6,6,109,37,15.25,0.05,1,0,168
4186,114,2,2,45,14,1.76,0.05,1,0,168
4187,104,4,4,44,12,9.26,0.05,1,0,168
4188,20,0,0,6,3,-5.0,0.05,1,0,168
4189,67,0,0,30,9,-1.12,0.05,1,0,168
4190,22,0,0,11,3,-2.57,0.05,1,0,168
4191,59,0,0,28,8,-2.39,0.05,1,0,168
4192,336,5,5,109,36,16.89,0.05,1,0,168
4193,30,0,0,11,4,-4.2,0.05,1,0,168
4194,73,2,2,36,10,1.97,0.05,1,0,168
4195,263,4,4,83,31,9.77,0.05,1,0,168
4196,54,2,2,25,7,1.21,0.05,1,0,168
4197,80,0,0,36,10,2.1,0.05,1,0,168
4198,20,0,0,6,3,-5.05,0.05,1,0,168
4199,34,0,0,12,5,-5.99,0.05,1,0,168
4200,391,4,4,92,29,10.24,0.05,1,0,168
4201,27,0,0,10,4,-4.52,0.05,1,0,168
4202,68,1,1,20,9,-2.78,0.05,1,0,168
4203,50,1,1,23,7,-1.85,0.05,1,0,168
4204,6,0,0,1,1,-5.81,0.05,1,0,168
4205,122,2,2,52,15,6.83,0.05,1,0,168
4206,20,1,1,9,3,-3.5,0.05,1,0,168
4207,159,2,2,62,20,7.21,0.05,1,0,168
4208,49,0,0,26,7,-1.09,0.05,1,0,168
4209,228,1,1,90,27,13.67,0.05,1,0,168
4210,241,3,3,105,29,18.59,0.05,1,0,168
4211,105,2,2,45,13,4.25,0.05,1,0,168
4212,57,1,1,30,8,0.68,0.05,1,0,168
4213,29,1,1,13,4,-1.99,0.05,1,0,168
4214,104,2,2,46,14,2.81,0.05,1,0,168
4215,28,0,0,11,4,-4.83,0.05,1,0,168
4216,68,2,2,35,9,3.22,0.05,1,0,168
4217,29,0,0,14,4,-3.79,0.05,1,0,168
4218,21,0,0,8,3,-4.46,0.05,1,0,168
4219,214,3,3,82,26,11.26,0.05,1,0,168
4220,53,0,0,16,7,-5.13,0.05,1,0,168
4221,56,0,0,26,8,-2.61,0.05,1,0,168
4222,157,3,3,58,17,6.18,0.05,1,0,168
4223,174,2,2,70,22,10.01,0.05,1,0,168
4224,60,1,1,23,8,-0.75,0.05,1,0,168
4225,115,2,2,54,15,3.9,0.05,1,0,168
4226,71,1,1,27,10,-1.06,0.05,1,0,168
4227,7,0,0,3,1,-4.27,0.05,1,0,168
4228,43,2,2,21,6,0.82,0.05,1,0,168
4229,358,8,9,125,41,28.97,0.05,0,1,168
4230,400,9,9,122,45,25.25,0.05,0,1,168
4231,341,7,7,101,30,18.19,0.05,1,0,168
4232,74,1,1,35,10,0.41,0.05,1,0,168
4233,87,2,2,42,11,4.28,0.05,1,0,168
4234,6,0,0,1,1,-5.81,0.05,1,0,168
4235,6,0,0,3,1,-5.21,0.05,1,0,168
4236,103,0,0,56,13,5.92,0.05,1,0,168
4237,400,9,9,121,45,23.9,0.05,0,1,168
4238,13,0,0,7,2,-3.73,0.05,1,0,168
4239,54,0,0,23,7,-1.49,0.05,1,0,168
4240,92,1,1,44,12,1.13,0.05,1,0,168
4241,6,0,0,3,1,-4.66,0.05,1,0,168
4242,266,6,6,96,30,17.69,0.05,1,0,168
4243,13,0,0,8,2,-3.43,0.05,1,0,168
4244,76,1,1,34,10,1.24,0.05,1,0,168
4245,56,1,1,26,8,-0.76,0.05,1,0,168
4246,72,0,0,36,10,-1.02,0.05,1,0,168
4247,37,0,0,14,5,-4.07,0.05,1,0,168
4248,103,2,2,42,13,3.62,0.05,1,0,168
4249,74,0,0,42,9,4.46,0.05,1,0,168
4250,95,2,2,35,12,-1.45,0.05,1,0,168
4251,54,0,0,26,7,-0.74,0.05,1,0,168
4252,13,0,0,4,2,-5.63,0.05,1,0,168
4253,93,2,2,31,13,-1.68,0.05,1,0,168
4254,7,0,0,3,1,-4.27,0.05,1,0,168
4255,70,1,2,38,9,5.35,0.05,1,0,168
4256,52,0,0,22,7,-4.77,0.05,1,0,168
4257,81,0,0,28,11,-0.96,0.05,1,0,168
4258,140,2,2,50,18,-1.1,0.05,1,0,168
4259,282,5,5,105,33,16.38,0.05,1,0,168
4260,35,1,1,15,5,-2.0,0.05,1,0,168
4261,42,1,1,17,6,-2.47,0.05,1,0,168
4262,21,0,0,14,3,-1.81,0.05,1,0,168
4263,141,5,5,51,18,2.64,0.05,1,0,168
4264,20,0,0,8,3,-4.5,0.05,1,0,168
4265,259,5,5,97,31,14.76,0.05,1,0,168
4266,113,2,2,43,15,1.02,0.05,1,0,168
4267,377,9,9,132,42,25.53,0.05,1,0,168
4268,35,1,1,14,5,-3.35,0.05,1,0,168
4269,13,0,0,6,2,-5.03,0.05,1,0,168
4270,28,1,1,14,4,-2.08,0.05,1,0,168
4271,268,4,4,106,33,11.42,0.05,1,0,168
4272,40,1,1,21,5,0.2,0.05,1,0,168
4273,15,0,0,5,2,-4.35,0.05,1,0,168
4274,65,1,1,26,9,-2.85,0.05,1,0,168
4275,129,3,3,53,16,5.46,0.05,1,0,168
4276,270,5,5,105,31,19.15,0.05,1,0,168
4277,257,6,6,87,29,17.08,0.05,1,0,168
4278,80,2,2,34,10,3.1,0.05,1,0,168
4279,266,5,5,97,32,11.54,0.05,1,0,168
4280,142,5,5,55,14,7.68,0.05,1,0,168
4281,233,4,4,86,27,15.77,0.05,1,0,168
4282,311,4,4,99,36,10.49,0.05,1,0,168
4283,51,0,0,24,7,-2.61,0.05,1,0,168
4284,50,2,2,22,7,0.25,0.05,1,0,168
4285,28,0,0,14,4,-2.78,0.05,1,0,168
4286,20,0,0,8,3,-4.55,0.05,1,0,168
4287,68,1,1,29,9,1.17,0.05,1,0,168
4288,400,7,7,106,38,17.95,0.05,0,1,168
4289,82,1,1,42,11,3.48,0.05,1,0,168
4290,154,4,4,56,19,4.51,0.05,1,0,168
4291,28,0,0,11,4,-4.18,0.05,1,0,168
4292,115,2,2,40,15,0.35,0.05,1,0,168
4293,168,4,4,67,20,9.72,0.05,1,0,168
4294,261,6,6,82,31,8.94,0.05,1,0,168
4295,156,4,4,57,20,4.79,0.05,1,0,168
4296,13,0,0,6,2,-5.03,0.05,1,0,168
4297,335,8,8,112,38,20.85,0.05,1,0,168
4298,209,5,5,87,26,11.36,0.05,1,0,168
4299,141,1,1,59,17,3.94,0.05,1,0,168
4300,6,0,0,3,1,-4.21,0.05,1,0,168
4301,57,0,0,31,8,-0.02,0.05,1,0,168
4302,7,0,0,2,1,-5.12,0.05,1,0,168
4303,13,0,0,8,2,-3.88,0.05,1,0,168
4304,27,0,0,11,4,-4.52,0.05,1,0,168
4305,23,1,1,11,3,-1.58,0.05,1,0,168
4306,6,0,0,2,1,-5.06,0.05,1,0,168
4307,89,1,1,37,11,0.41,0.05,1,0,168
4308,210,5,5,89,25,18.2,0.05,1,0,168
4309,114,2,2,45,14,3.01,0.05,1,0,168
4310,20,0,0,7,3,-4.15,0.05,1,0,168
4311,60,2,2,32,8,3.4,0.05,1,0,168
4312,204,2,2,70,21,6.26,0.05,1,0,168
4313,6,0,0,2,1,-5.06,0.05,1,0,168
4314,363,6,6,118,42,23.32,0.05,1,0,168
4315,73,2,2,25,9,0.57,0.05,1,0,168
4316,175,1,1,75,21,10.1,0.05,1,0,168
4317,57,1,1,23,8,-2.82,0.05,1,0,168
4318,43,0,0,15,6,-4.68,0.05,1,0,168
4319,273,7,7,98,32,18.02,0.05,1,0,168
4320,46,3,3,22,6,1.14,0.05,1,0,168
4321,175,4,4,65,22,5.85,0.05,1,0,168
4322,58,1,1,27,8,-1.28,0.05,1,0,168
4323,400,8,8,129,46,24.0,0.05,0,1,168
4324,93,0,0,43,12,2.27,0.05,1,0,168
4325,234,3,3,94,30,9.31,0.05,1,0,168
4326,400,9,9,113,38,25.35,0.05,0,1,168
4327,13,0,0,9,2,-3.28,0.05,1,0,168
4328,51,0,0,20,7,-4.31,0.05,1,0,168
4329,64,0,0,24,9,-3.39,0.05,1,0,168
4330,90,1,1,40,12,1.75,0.05,1,0,168
4331,13,0,0,5,2,-4.88,0.05,1,0,168
4332,400,8,8,129,46,30.1,0.05,0,1,168
4333,400,6,6,111,37,25.4,0.05,0,1,168
4334,6,0,0,3,1,-4.76,0.05,1,0,168
4335,68,0,0,34,9,-0.53,0.05,1,0,168
4336,36,0,0,19,5,-1.71,0.05,1,0,168
4337,265,4,4,92,32,6.9,0.05,1,0,168
4338,35,1,1,15,5,-2.95,0.05,1,0,168
4339,61,2,2,28,8,1.44,0.05,1,0,168
4340,134,1,1,57,18,1.31,0.05,1,0,168
4341,27,1,1,11,4,-2.67,0.05,1,0,168
4342,338,9,9,113,38,17.12,0.05,1,0,168
4343,36,1,1,15,5,-3.01,0.05,1,0,168
4344,336,7,7,112,38,19.39,0.05,1,0,168
4345,71,0,0,33,10,-2.91,0.05,1,0,168
4346,49,1,1,22,7,-1.64,0.05,1,0,168
4347,92,2,2,32,12,-1.82,0.05,1,0,168
4348,21,0,0,10,3,-3.31,0.05,1,0,168
4349,28,0,0,13,4,-4.03,0.05,1,0,168
4350,43,0,0,24,6,-1.43,0.05,1,0,168
4351,66,1,1,26,9,-2.86,0.05,1,0,168
4352,44,2,2,21,6,-0.79,0.05,1,0,168
4353,322,6,6,113,36,20.93,0.05,1,0,168
4354,400,5,5,111,42,20.5,0.05,0,1,168
4355,49,0,0,24,7,-2.14,0.05,1,0,168
4356,331,6,6,112,39,15.79,0.05,1,0,168
4357,42,0,0,21,6,-3.37,0.05,1,0,168
4358,22,0,0,8,3,-5.02,0.05,1,0,168
4359,371,8,9,130,40,31.79,0.05,0,1,168
4360,142,2,2,52,18,0.93,0.05,1,0,168
4361,6,0,0,2,1,-4.61,0.05,1,0,168
4362,97,1,1,39,13,-1.42,0.05,1,0,168
4363,78,1,1,37,10,2.07,0.05,1,0,168
4364,35,1,1,16,5,-1.9,0.05,1,0,168
4365,221,2,2,75,27,8.29,0.05,1,0,168
4366,36,0,0,17,5,-3.51,0.05,1,0,168
4367,234,4,4,90,28,10.76,0.05,1,0,168
4368,96,2,2,39,12,1.84,0.05,1,0,168
4369,103,4,4,44,13,6.77,0.05,1,0,168
4370,6,0,0,3,1,-4.76,0.05,1,0,168
4371,35,0,0,16,5,-5.3,0.05,1,0,168
4372,44,0,0,18,6,-2.19,0.05,1,0,168
4373,13,0,0,4,2,-5.63,0.05,1,0,168
4374,104,2,2,40,14,0.31,0.05,1,0,168
4375,36,0,0,13,5,-3.81,0.05,1,0,168
4376,400,9,9,127,43,28.4,0.05,0,1,168
4377,66,1,1,30,9,-3.16,0.05,1,0,168
4378,6,0,0,3,1,-4.76,0.05,1,0,168
4379,13,0,0,6,2,-5.93,0.05,1,0,168
4380,77,3,3,35,10,3.03,0.05,1,0,168
4381,35,0,0,15,5,-3.2,0.05,1,0,168
4382,13,0,0,3,2,-5.93,0.05,1,0,168
4383,81,3,3,30,10,-0.11,0.05,1,0,168
4384,139,2,2,51,18,1.91,0.05,1,0,168
4385,270,4,4,68,26,6.4,0.05,1,0,168
4386,198,4,4,73,24,11.87,0.05,1,0,168
4387,144,3,3,58,18,7.56,0.05,1,0,168
4388,395,8,8,121,45,15.95,0.05,1,0,168
4389,99,2,2,34,13,-1.74,0.05,1,0,168
4390,65,1,1,27,9,-2.4,0.05,1,0,168
4391,55,1,1,25,8,-1.8,0.05,1,0,168
4392,257,7,7,97,31,17.73,0.05,1,0,168
4393,71,0,0,32,10,-0.71,0.05,1,0,168
4394,189,4,4,82,24,11.06,0.05,1,0,168
4395,96,2,2,34,12,1.54,0.05,1,0,168
4396,6,0,0,3,1,-4.76,0.05,1,0,168
4397,42,0,0,19,6,-2.62,0.05,1,0,168
4398,248,7,7,81,26,15.12,0.05,1,0,168
4399,115,0,0,50,14,3.65,0.05,1,0,168
4400,60,3,3,29,8,2.05,0.05,1,0,168
4401,20,0,0,7,3,-4.8,0.05,1,0,168
4402,100,1,1,47,12,4.0,0.05,1,0,168
4403,147,3,3,53,20,0.93,0.05,1,0,168
4404,60,0,0,27,8,-0.2,0.05,1,0,168
4405,7,0,0,2,1,-5.57,0.05,1,0,168
4406,21,0,0,9,3,-3.51,0.05,1,0,168
4407,20,0,0,7,3,-5.75,0.05,1,0,168
4408,14,0,0,8,2,-3.29,0.05,1,0,168
4409,6,0,0,3,1,-4.66,0.05,1,0,168
4410,38,0,0,20,5,-1.73,0.05,1,0,168
4411,184,3,3,85,23,12.81,0.05,1,0,168
4412,28,0,0,15,4,-2.98,0.05,1,0,168
4413,43,0,0,25,6,-0.73,0.05,1,0,168
4414,51,1,1,19,7,-1.66,0.05,1,0,168
4415,258,2,2,94,29,13.32,0.05,1,0,168
4416,225,3,3,92,27,13.65,0.05,1,0,168
4417,400,8,9,119,42,24.4,0.05,0,1,168
4418,400,6,6,88,28,17.0,0.05,0,1,168
4419,21,0,0,8,3,-4.51,0.05,1,0,168
4420,13,0,0,5,2,-4.78,0.05,1,0,168
4421,400,8,8,112,42,20.1,0.05,0,1,168
4422,102,2,2,45,13,4.23,0.05,1,0,168
4423,7,0,0,2,1,-5.57,0.05,1,0,168
4424,400,8,8,114,42,24.15,0.05,0,1,168
4425,37,0,0,17,5,-4.42,0.05,1,0,168
4426,66,2,2,30,9,2.29,0.05,1,0,168
4427,124,2,2,59,15,9.36,0.05,1,0,168
4428,6,0,0,2,1,-5.06,0.05,1,0,168
4429,7,0,0,3,1,-4.72,0.05,1,0,168
4430,103,3,3,38,13,2.57,0.05,1,0,168
4431,107,4,4,44,13,9.28,0.05,1,0,168
4432,70,1,1,29,10,-2.8,0.05,1,0,168
4433,49,0,0,27,7,0.21,0.05,1,0,168
4434,67,2,2,30,9,1.03,0.05,1,0,168
4435,205,6,6,80,24,16.25,0.05,1,0,168
4436,158,2,2,58,20,3.57,0.05,1,0,168
4437,278,5,5,86,25,13.52,0.05,1,0,168
4438,400,8,8,121,41,20.75,0.05,0,1,168
4439,64,1,1,28,9,-0.19,0.05,1,0,168
4440,345,8,9,126,38,28.9,0.05,0,1,168
4441,15,0,0,6,2,-3.95,0.05,1,0,168
4442,13,0,0,6,2,-4.53,0.05,1,0,168
4443,80,1,1,42,10,2.6,0.05,1,0,168
4444,63,2,2,37,8,4.97,0.05,1,0,168
4445,106,1,1,43,14,2.34,0.05,1,0,168
4446,121,2,2,55,15,5.79,0.05,1,0,168
4447,112,1,1,50,14,4.83,0.05,1,0,168
4448,226,4,4,84,27,10.74,0.05,1,0,168
4449,6,0,0,3,1,-4.66,0.05,1,0,168
4450,54,0,0,18,7,-3.94,0.05,1,0,168
4451,70,0,0,32,10,-1.3,0.05,1,0,168
4452,96,3,3,38,12,3.19,0.05,1,0,168
4453,174,3,3,75,21,11.11,0.05,1,0,168
4454,99,3,3,46,12,6.86,0.05,1,0,168
4455,7,0,0,2,1,-4.47,0.05,1,0,168
4456,34,0,0,18,5,-2.64,0.05,1,0,168
4457,117,1,1,43,14,2.28,0.05,1,0,168
4458,283,6,6,102,32,17.97,0.05,1,0,168
4459,20,0,0,8,3,-5.0,0.05,1,0,168
4460,102,3,3,40,12,4.78,0.05,1,0,168
4461,13,0,0,8,2,-3.93,0.05,1,0,168
4462,400,4,4,90,33,14.1,0.05,0,1,168
4463,23,0,0,14,3,-2.03,0.05,1,0,168
4464,96,1,1,45,13,2.64,0.05,1,0,168
4465,20,1,1,10,3,-2.15,0.05,1,0,168
4466,60,1,1,30,8,2.15,0.05,1,0,168
4467,109,2,2,47,14,2.76,0.05,1,0,168
4468,52,0,0,19,7,-3.72,0.05,1,0,168
4469,28,1,1,15,4,-1.83,0.05,1,0,168
4470,147,5,5,68,17,12.63,0.05,1,0,168
4471,87,2,2,42,11,6.33,0.05,1,0,168
4472,43,0,0,23,6,-1.68,0.05,1,0,168
4473,118,4,4,45,15,3.32,0.05,1,0,168
4474,400,8,8,121,41,27.75,0.05,0,1,168
4475,400,7,7,122,40,26.15,0.05,0,1,168
4476,189,4,4,70,24,7.26,0.05,1,0,168
4477,68,1,1,28,9,-2.08,0.05,1,0,168
4478,317,9,9,117,37,23.18,0.05,1,0,168
4479,326,6,6,103,31,17.69,0.05,1,0,168
4480,87,1,1,32,11,-0.32,0.05,1,0,168
4481,206,6,6,82,25,15.54,0.05,1,0,168
4482,76,3,3,30,10,2.64,0.05,1,0,168
4483,140,3,3,58,17,5.65,0.05,1,0,168
4484,192,5,5,77,24,11.38,0.05,1,0,168
4485,64,0,0,31,9,-0.24,0.05,1,0,168
4486,14,0,0,6,2,-4.99,0.05,1,0,168
4487,21,0,0,7,3,-4.56,0.05,1,0,168
4488,363,8,9,109,39,25.92,0.05,0,1,168
4489,278,7,7,90,33,17.97,0.05,1,0,168
4490,198,3,3,66,23,4.12,0.05,1,0,168
4491,59,1,1,30,8,-0.84,0.05,1,0,168
4492,79,1,1,36,10,0.26,0.05,1,0,168
4493,107,4,4,44,13,3.83,0.05,1,0,168
4494,347,8,8,119,40,21.33,0.05,1,0,168
4495,200,4,4,70,23,10.35,0.05,1,0,168
4496,400,2,2,86,30,11.75,0.05,0,1,168
4497,400,6,6,107,34,23.25,0.05,0,1,168
4498,320,7,7,120,38,19.55,0.05,1,0,168
4499,124,4,4,46,15,8.01,0.05,1,0,168
4500,400,4,4,83,29,9.3,0.05,0,1,168
4501,29,1,1,14,4,-2.74,0.05,1,0,168
4502,126,3,3,53,16,6.54,0.05,1,0,168
4503,213,4,4,85,25,16.02,0.05,1,0,168
4504,21,0,0,10,3,-3.86,0.05,1,0,168
4505,68,1,1,29,9,-2.23,0.05,1,0,168
4506,176,5,5,76,21,14.39,0.05,1,0,168
4507,43,0,0,19,6,-3.83,0.05,1,0,168
4508,253,5,5,103,31,16.72,0.05,1,0,168
4509,30,0,0,16,4,-2.6,0.05,1,0,168
4510,7,0,0,2,1,-4.57,0.05,1,0,168
4511,112,2,2,40,14,2.38,0.05,1,0,168
4512,13,0,0,6,2,-4.53,0.05,1,0,168
4513,6,0,0,2,1,-5.06,0.05,1,0,168
4514,15,0,0,9,2,-3.4,0.05,1,0,168
4515,400,7,7,131,44,31.15,0.05,0,1,168
4516,67,1,1,32,9,0.98,0.05,1,0,168
4517,170,4,4,85,21,17.25,0.05,1,0,168
4518,49,0,0,25,7,-0.44,0.05,1,0,168
4519,13,0,0,6,2,-5.03,0.05,1,0,168
4520,42,0,0,19,6,-2.67,0.05,1,0,168
4521,20,0,0,10,3,-3.95,0.05,1,0,168
4522,28,0,0,14,4,-3.78,0.05,1,0,168
4523,35,0,0,18,5,-3.3,0.05,1,0,168
4524,173,2,2,68,21,5.87,0.05,1,0,168
4525,57,0,0,29,8,-2.12,0.05,1,0,168
4526,400,4,4,95,27,17.55,0.05,0,1,168
4527,114,3,3,49,14,9.06,0.05,1,0,168
4528,87,0,0,47,11,3.38,0.05,1,0,168
4529,85,0,0,31,11,-3.05,0.05,1,0,168
4530,143,3,3,67,18,6.97,0.05,1,0,168
4531,301,4,4,110,34,20.34,0.05,1,0,168
4532,256,6,6,100,31,13.69,0.05,1,0,168
4533,7,0,0,3,1,-4.27,0.05,1,0,168
4534,145,2,2,61,18,6.7,0.05,1,0,168
4535,200,4,4,68,25,6.0,0.05,1,0,168
4536,400,7,7,125,43,27.95,0.05,0,1,168
4537,392,8,8,139,45,24.68,0.05,1,0,168
4538,400,9,9,127,44,26.1,0.05,0,1,168
4539,42,0,0,17,6,-3.67,0.05,1,0,168
4540,88,2,2,41,11,3.82,0.05,1,0,168
4541,95,3,3,32,11,2.95,0.05,1,0,168
4542,52,1,1,16,5,-1.37,0.05,1,0,168
4543,400,8,8,122,44,22.15,0.05,0,1,168
4544,63,0,0,27,8,-0.73,0.05,1,0,168
4545,22,0,0,9,3,-5.07,0.05,1,0,168
4546,35,0,0,16,5,-3.0,0.05,1,0,168
4547,217,5,5,86,26,13.33,0.05,1,0,168
4548,228,4,4,88,27,12.17,0.05,1,0,168
4549,400,9,9,122,45,21.5,0.05,0,1,168
4550,41,0,0,19,6,-4.36,0.05,1,0,168
4551,13,0,0,5,2,-5.33,0.05,1,0,168
4552,85,4,4,38,11,3.9,0.05,1,0,168
4553,400,8,8,117,42,24.95,0.05,0,1,168
4554,51,0,0,12,5,-4.06,0.05,1,0,168
4555,376,7,7,117,39,16.34,0.05,1,0,168
4556,50,0,0,21,7,-3.9,0.05,1,0,168
4557,28,0,0,14,4,-3.63,0.05,1,0,168
4558,400,9,9,114,44,25.55,0.05,0,1,168
4559,78,0,0,36,11,-0.78,0.05,1,0,168
4560,273,5,5,98,33,15.92,0.05,1,0,168
4561,55,2,2,22,7,0.3,0.05,1,0,168
4562,15,0,0,6,2,-4.9,0.05,1,0,168
4563,400,9,9,116,48,12.0,0.05,0,1,168
4564,125,1,1,58,15,5.55,0.05,1,0,168
4565,279,5,5,100,32,18.06,0.05,1,0,168
4566,6,0,0,2,1,-4.51,0.05,1,0,168
4567,52,1,1,18,7,-3.27,0.05,1,0,168
4568,294,5,5,113,34,19.01,0.05,1,0,168
4569,14,0,0,10,2,-3.04,0.05,1,0,168
4570,234,8,8,93,26,19.96,0.05,1,0,168
4571,264,5,5,96,33,12.36,0.05,1,0,168
4572,14,0,0,8,2,-3.84,0.05,1,0,168
4573,295,4,4,42,14,3.55,0.05,1,0,168
4574,376,6,6,115,39,14.19,0.05,1,0,168
4575,36,1,1,15,5,-3.51,0.05,1,0,168
4576,400,7,7,121,44,25.8,0.05,0,1,168
4577,6,0,0,2,1,-5.06,0.05,1,0,168
4578,78,2,2,31,10,-0.23,0.05,1,0,168
4579,140,2,2,52,18,3.95,0.05,1,0,168
4580,196,3,3,73,25,5.99,0.05,1,0,168
4581,62,3,3,29,8,3.48,0.05,1,0,168
4582,67,2,2,35,9,3.83,0.05,1,0,168
4583,44,0,0,19,6,-4.29,0.05,1,0,168
4584,17,0,0,9,2,-3.07,0.05,1,0,168
4585,400,7,7,121,42,24.9,0.05,0,1,168
4586,29,0,0,13,4,-4.09,0.05,1,0,168
4587,105,0,0,12,5,-4.7,0.05,1,0,168
4588,365,8,8,110,41,17.85,0.05,1,0,168
4589,199,3,3,80,24,10.51,0.05,1,0,168
4590,400,8,8,112,39,23.6,0.05,0,1,168
4591,35,0,0,16,5,-2.9,0.05,1,0,168
4592,59,0,0,29,8,-1.84,0.05,1,0,168
4593,119,5,5,47,14,7.91,0.05,1,0,168
4594,6,0,0,2,1,-5.06,0.05,1,0,168
4595,61,1,1,28,8,-1.16,0.05,1,0,168
4596,34,0,0,17,5,-3.64,0.05,1,0,168
4597,247,5,5,86,29,11.53,0.05,1,0,168
4598,105,3,3,50,14,5.0,0.05,1,0,168
4599,106,1,1,47,14,1.39,0.05,1,0,168
4600,128,1,1,56,16,6.02,0.05,1,0,168
4601,21,0,0,11,3,-3.11,0.05,1,0,168
4602,34,0,0,16,5,-3.84,0.05,1,0,168
4603,258,3,3,76,25,7.72,0.05,1,0,168
4604,61,0,0,8,5,-5.36,0.05,1,0,168
4605,6,0,0,2,1,-4.61,0.05,1,0,168
4606,6,0,0,3,1,-4.66,0.05,1,0,168
4607,400,9,9,127,48,17.75,0.05,0,1,168
4608,234,6,6,82,28,10.91,0.05,1,0,168
4609,400,6,6,126,44,23.75,0.05,0,1,168
4610,164,3,3,59,21,3.66,0.05,1,0,168
4611,400,9,9,111,43,27.05,0.05,0,1,168
4612,268,6,6,95,32,14.32,0.05,1,0,168
4613,318,9,9,112,37,23.17,0.05,1,0,168
4614,53,0,0,20,7,-2.28,0.05,1,0,168
4615,209,5,5,87,25,13.76,0.05,1,0,168
4616,221,6,6,84,27,14.74,0.05,1,0,168
4617,400,8,8,124,47,23.7,0.05,0,1,168
4618,400,8,8,121,46,27.25,0.05,0,1,168
4619,245,5,5,99,29,16.35,0.05,1,0,168
4620,400,3,3,65,19,11.3,0.05,0,1,168
4621,209,4,4,75,26,7.61,0.05,1,0,168
4622,20,0,0,11,3,-3.45,0.05,1,0,168
4623,194,4,4,88,23,19.16,0.05,1,0,168
4624,141,3,3,55,17,6.14,0.05,1,0,168
4625,6,0,0,2,1,-5.06,0.05,1,0,168
4626,35,3,3,15,5,-0.8,0.05,1,0,168
4627,240,3,3,90,28,10.15,0.05,1,0,168
4628,14,0,0,4,2,-5.14,0.05,1,0,168
4629,6,0,0,3,1,-4.76,0.05,1,0,168
4630,400,6,6,124,42,23.6,0.05,0,1,168
4631,171,1,1,62,21,5.64,0.05,1,0,168
4632,342,5,5,118,40,20.58,0.05,1,0,168
4633,400,6,6,113,38,20.95,0.05,0,1,168
4634,400,9,9,120,43,20.05,0.05,0,1,168
4635,257,5,5,95,30,17.93,0.05,1,0,168
4636,27,0,0,12,4,-4.72,0.05,1,0,168
4637,161,1,1,78,20,9.59,0.05,1,0,168
4638,167,5,5,65,20,11.83,0.05,1,0,168
4639,224,6,6,81,28,10.26,0.05,1,0,168
4640,57,0,0,24,8,-2.12,0.05,1,0,168
4641,400,9,9,123,46,21.8,0.05,0,1,168
4642,21,0,0,13,3,-2.96,0.05,1,0,168
4643,265,3,3,103,30,18.5,0.05,1,0,168
4644,400,8,8,118,43,27.0,0.05,0,1,168
4645,58,0,0,27,8,-1.83,0.05,1,0,168
4646,143,1,1,34,8,1.27,0.05,1,0,168
4647,171,3,3,69,21,9.29,0.05,1,0,168
4648,43,2,2,18,6,0.87,0.05,1,0,168
4649,400,5,5,117,40,23.45,0.05,0,1,168
4650,43,0,0,18,6,-2.78,0.05,1,0,168
4651,129,3,3,52,17,1.41,0.05,1,0,168
4652,88,2,2,39,12,1.42,0.05,1,0,168
4653,97,2,2,42,13,-0.32,0.05,1,0,168
4654,150,3,3,62,19,6.55,0.05,1,0,168
4655,338,6,6,122,40,19.92,0.05,1,0,168
4656,318,6,6,96,31,14.72,0.05,1,0,168
4657,65,3,3,27,9,1.15,0.05,1,0,168
4658,211,4,4,87,27,11.64,0.05,1,0,168
4659,274,8,8,94,31,17.06,0.05,1,0,168
4660,256,4,4,93,30,14.34,0.05,1,0,168
4661,60,1,1,25,8,-0.85,0.05,1,0,168
4662,250,6,6,87,29,15.55,0.05,1,0,168
4663,30,1,1,14,4,-2.45,0.05,1,0,168
4664,207,3,3,96,26,13.23,0.05,1,0,168
4665,74,2,2,29,10,0.56,0.05,1,0,168
4666,400,9,9,117,43,23.35,0.05,0,1,168
4667,36,0,0,11,5,-4.86,0.05,1,0,168
4668,13,0,0,8,2,-3.38,0.05,1,0,168
4669,14,0,0,5,2,-5.84,0.05,1,0,168
4670,114,3,3,52,14,6.16,0.05,1,0,168
4671,49,0,0,23,7,-2.39,0.05,1,0,168
4672,35,0,0,16,5,-2.75,0.05,1,0,168
4673,280,8,8,103,32,22.5,0.05,1,0,168
4674,100,0,0,46,13,1.7,0.05,1,0,168
4675,28,0,0,13,4,-2.63,0.05,1,0,168
4676,7,0,0,3,1,-5.72,0.05,1,0,168
4677,400,7,7,123,43,30.65,0.05,0,1,168
4678,59,1,1,26,7,0.66,0.05,1,0,168
4679,104,1,1,46,13,4.16,0.05,1,0,168
4680,92,1,1,41,12,3.83,0.05,1,0,168
4681,122,3,3,48,16,3.68,0.05,1,0,168
4682,187,3,3,77,23,11.33,0.05,1,0,168
4683,35,1,1,17,5,-1.9,0.05,1,0,168
4684,44,0,0,22,6,-0.54,0.05,1,0,168
4685,34,1,1,13,5,-2.84,0.05,1,0,168
4686,400,6,6,115,35,21.5,0.05,0,1,168
4687,191,3,3,77,23,10.84,0.05,1,0,168
4688,185,3,3,80,22,12.3,0.05,1,0,168
4689,14,0,0,8,2,-3.94,0.05,1,0,168
4690,29,0,0,11,4,-4.69,0.05,1,0,168
4691,146,2,2,55,18,1.34,0.05,1,0,168
4692,175,1,1,67,21,6.85,0.05,1,0,168
4693,35,0,0,16,5,-2.9,0.05,1,0,168
4694,156,2,2,61,19,4.19,0.05,1,0,168
4695,105,2,2,41,14,2.15,0.05,1,0,168
4696,6,0,0,3,1,-4.76,0.05,1,0,168
4697,94,3,3,39,11,5.96,0.05,1,0,168
4698,267,4,4,106,32,17.43,0.05,1,0,168
4699,14,0,0,8,2,-3.19,0.05,1,0,168
4700,13,0,0,7,2,-4.18,0.05,1,0,168
4701,354,7,7,115,40,21.06,0.05,1,0,168
4702,91,0,0,36,12,-2.91,0.05,1,0,168
4703,321,6,6,107,37,11.69,0.05,1,0,168
4704,13,0,0,4,2,-5.18,0.05,1,0,168
4705,6,0,0,2,1,-5.06,0.05,1,0,168
4706,37,0,0,14,5,-3.77,0.05,1,0,168
4707,52,1,1,24,7,0.58,0.05,1,0,168
4708,42,1,1,17,6,-3.87,0.05,1,0,168
4709,13,0,0,6,2,-4.48,0.05,1,0,168
4710,89,2,2,40,11,4.46,0.05,1,0,168
4711,183,2,2,79,23,10.17,0.05,1,0,168
4712,204,4,4,78,24,10.91,0.05,1,0,168
4713,263,7,7,97,31,18.07,0.05,1,0,168
4714,13,0,0,7,2,-3.73,0.05,1,0,168
4715,142,4,4,66,19,7.03,0.05,1,0,168
4716,27,0,0,9,4,-4.82,0.05,1,0,168
4717,101,1,1,44,12,3.14,0.05,1,0,168
4718,388,9,9,126,43,27.77,0.05,1,0,168
4719,34,0,0,15,5,-4.49,0.05,1,0,168
4720,400,9,9,124,45,27.3,0.05,0,1,168
4721,158,2,2,63,20,6.17,0.05,1,0,168
4722,132,2,2,44,17,-1.12,0.05,1,0,168
4723,176,4,4,69,22,9.64,0.05,1,0,168
4724,27,0,0,9,4,-4.82,0.05,1,0,168
4725,164,1,1,61,22,-2.34,0.05,1,0,168
4726,400,9,9,123,44,25.0,0.05,0,1,168
4727,39,0,0,16,5,-2.79,0.05,1,0,168
4728,13,0,0,8,2,-3.33,0.05,1,0,168
4729,7,0,0,2,1,-4.47,0.05,1,0,168
4730,28,0,0,15,4,-1.98,0.05,1,0,168
4731,13,0,0,6,2,-5.03,0.05,1,0,168
4732,173,2,2,65,21,7.82,0.05,1,0,168
4733,224,2,2,81,29,6.81,0.05,1,0,168
4734,206,4,4,73,26,5.49,0.05,1,0,168
4735,7,0,0,3,1,-5.27,0.05,1,0,168
4736,186,5,5,73,23,9.29,0.05,1,0,168
4737,7,0,0,3,1,-4.82,0.05,1,0,168
4738,34,0,0,17,5,-3.94,0.05,1,0,168
4739,280,7,7,89,33,11.25,0.05,1,0,168
4740,63,2,2,22,9,-1.08,0.05,1,0,168
4741,21,1,1,9,3,-3.16,0.05,1,0,168
4742,179,4,4,73,23,8.41,0.05,1,0,168
4743,199,2,2,82,25,7.06,0.05,1,0,168
4744,14,0,0,6,2,-4.99,0.05,1,0,168
4745,6,0,0,2,1,-4.61,0.05,1,0,168
4746,5,0,0,3,1,-4.3,0.05,1,0,168
4747,146,2,2,58,18,3.04,0.05,1,0,168
4748,88,3,3,38,11,4.17,0.05,1,0,168
4749,65,3,3,26,8,2.8,0.05,1,0,168
4750,211,4,4,82,25,11.19,0.05,1,0,168
4751,359,7,7,100,43,15.01,0.05,1,0,168
4752,248,2,2,97,29,13.37,0.05,1,0,168
4753,35,1,1,18,5,-0.65,0.05,1,0,168
4754,400,9,9,126,45,27.3,0.05,0,1,168
4755,249,8,8,98,27,19.46,0.05,1,0,168
4756,13,0,0,7,2,-5.13,0.05,1,0,168
4757,168,4,4,66,20,8.37,0.05,1,0,168
4758,13,0,0,8,2,-3.78,0.05,1,0,168
4759,210,5,5,87,25,13.6,0.05,1,0,168
4760,112,1,1,46,13,4.88,0.05,1,0,168
4761,48,0,0,25,7,-3.33,0.05,1,0,168
4762,229,6,6,84,26,13.61,0.05,1,0,168
4763,50,1,1,19,7,-4.25,0.05,1,0,168
4764,6,0,0,3,1,-4.31,0.05,1,0,168
4765,131,1,1,54,16,5.39,0.05,1,0,168
4766,13,0,0,7,2,-4.08,0.05,1,0,168
4767,20,0,0,7,3,-5.75,0.05,1,0,168
4768,311,7,7,105,35,22.74,0.05,1,0,168
4769,95,1,1,41,12,2.0,0.05,1,0,168
4770,292,3,3,100,36,9.08,0.05,1,0,168
4771,13,0,0,5,2,-5.33,0.05,1,0,168
4772,188,6,6,73,22,13.72,0.05,1,0,168
4773,181,4,4,60,21,7.34,0.05,1,0,168
4774,21,0,0,8,3,-5.01,0.05,1,0,168
4775,392,8,9,126,41,27.73,0.05,0,1,168
4776,27,1,1,16,4,-2.17,0.05,1,0,168
4777,400,9,9,130,46,20.75,0.05,0,1,168
4778,7,0,0,3,1,-4.27,0.05,1,0,168
4779,251,6,6,98,29,18.84,0.05,1,0,168
4780,44,1,1,21,6,-0.59,0.05,1,0,168
4781,80,1,1,32,10,0.35,0.05,1,0,168
4782,87,2,2,40,11,3.08,0.05,1,0,168
4783,133,1,1,56,18,-0.08,0.05,1,0,168
4784,253,6,6,88,31,11.12,0.05,1,0,168
4785,6,0,0,3,1,-4.76,0.05,1,0,168
4786,400,9,9,122,44,28.8,0.05,0,1,168
4787,260,6,6,105,31,12.55,0.05,1,0,168
4788,34,0,0,14,5,-5.44,0.05,1,0,168
4789,202,3,3,66,24,6.98,0.05,1,0,168
4790,114,4,4,47,15,3.96,0.05,1,0,168
4791,57,2,2,23,8,-1.47,0.05,1,0,168
4792,7,0,0,3,1,-4.72,0.05,1,0,168
4793,114,3,3,50,14,8.06,0.05,1,0,168
4794,141,2,2,53,18,3.84,0.05,1,0,168
4795,393,9,9,118,44,20.07,0.05,1,0,168
4796,28,1,1,14,4,-3.08,0.05,1,0,168
4797,71,4,4,34,9,6.24,0.05,1,0,168
4798,56,0,0,25,8,-3.01,0.05,1,0,168
4799,69,0,0,25,10,-6.34,0.05,1,0,168
4800,100,0,0,47,13,2.75,0.05,1,0,168
4801,233,4,4,96,27,16.02,0.05,1,0,168
4802,62,1,1,20,8,-2.02,0.05,1,0,168
4803,97,3,3,45,11,7.78,0.05,1,0,168
4804,400,9,9,125,43,29.7,0.05,0,1,168
4805,20,1,1,8,3,-3.2,0.05,1,0,168
4806,28,0,0,16,4,-2.28,0.05,1,0,168
4807,182,1,1,71,23,4.88,0.05,1,0,168
4808,400,9,9,116,45,27.35,0.05,0,1,168
4809,6,0,0,3,1,-4.76,0.05,1,0,168
4810,108,1,1,45,13,3.97,0.05,1,0,168
4811,13,0,0,5,2,-5.33,0.05,1,0,168
4812,42,1,1,16,6,-2.82,0.05,1,0,168
4813,400,9,9,123,43,26.75,0.05,0,1,168
4814,211,4,4,77,25,8.44,0.05,1,0,168
4815,182,3,3,59,22,3.93,0.05,1,0,168
4816,45,1,1,23,6,0.15,0.05,1,0,168
4817,168,5,5,64,21,9.07,0.05,1,0,168
4818,107,2,2,43,13,4.43,0.05,1,0,168
4819,44,1,1,19,6,-2.49,0.05,1,0,168
4820,79,1,1,30,10,0.51,0.05,1,0,168
4821,27,0,0,12,4,-3.92,0.05,1,0,168
4822,210,4,4,71,23,11.55,0.05,1,0,168
4823,94,3,3,40,12,2.21,0.05,1,0,168
4824,14,0,0,4,2,-5.14,0.05,1,0,168
4825,329,7,7,116,37,22.31,0.05,1,0,168
4826,52,1,1,22,7,-2.22,0.05,1,0,168
4827,189,6,6,78,22,14.26,0.05,1,0,168
4828,177,4,4,62,22,4.63,0.05,1,0,168
4829,332,8,8,119,37,23.33,0.05,1,0,168
4830,28,0,0,13,4,-3.03,0.05,1,0,168
4831,7,0,0,3,1,-4.27,0.05,1,0,168
4832,400,9,9,121,44,24.7,0.05,0,1,168
4833,20,0,0,9,3,-4.25,0.05,1,0,168
4834,120,2,2,48,16,1.95,0.05,1,0,168
4835,212,3,3,82,26,9.43,0.05,1,0,168
4836,29,0,0,14,4,-3.29,0.05,1,0,168
4837,294,5,5,108,34,19.61,0.05,1,0,168
4838,80,2,2,37,10,5.5,0.05,1,0,168
4839,215,3,3,76,26,10.7,0.05,1,0,168
4840,232,2,2,85,27,10.63,0.05,1,0,168
4841,13,0,0,6,2,-4.83,0.05,1,0,168
4842,7,0,0,1,1,-4.77,0.05,1,0,168
4843,143,2,2,58,16,7.82,0.05,1,0,168
4844,77,2,2,37,10,3.98,0.05,1,0,168
4845,67,2,2,28,9,0.88,0.05,1,0,168
4846,124,1,1,46,16,0.41,0.05,1,0,168
4847,13,0,0,6,2,-4.93,0.05,1,0,168
4848,27,0,0,9,4,-5.32,0.05,1,0,168
4849,110,1,1,49,15,3.15,0.05,1,0,168
4850,6,0,0,3,1,-4.81,0.05,1,0,168
4851,6,0,0,2,1,-5.06,0.05,1,0,168
4852,335,6,6,112,38,19.2,0.05,1,0,168
4853,14,0,0,7,2,-3.59,0.05,1,0,168
4854,400,9,9,124,44,22.15,0.05,0,1,168
4855,77,0,0,30,10,-0.82,0.05,1,0,168
4856,27,0,0,12,4,-3.92,0.05,1,0,168
4857,50,0,0,20,7,-3.3,0.05,1,0,168
4858,335,9,9,116,36,28.1,0.05,1,0,168
4859,50,0,0,25,7,-0.35,0.05,1,0,168
4860,75,2,2,38,10,4.05,0.05,1,0,168
4861,28,0,0,14,4,-3.68,0.05,1,0,168
4862,384,6,6,119,43,17.56,0.05,1,0,168
4863,262,3,3,93,31,13.53,0.05,1,0,168
4864,6,0,0,3,1,-4.76,0.05,1,0,168
4865,400,8,8,123,45,24.55,0.05,0,1,168
4866,375,9,9,123,43,19.9,0.05,1,0,168
4867,85,0,0,39,11,1.4,0.05,1,0,168
4868,13,0,0,7,2,-3.33,0.05,1,0,168
4869,400,0,0,19,57,-30.05,0.05,0,1,168
4870,90,2,2,40,11,5.4,0.05,1,0,168
4871,111,1,1,41,15,-2.81,0.05,1,0,168
4872,400,9,9,119,44,29.05,0.05,0,1,168
4873,7,0,0,3,1,-4.17,0.05,1,0,168
4874,55,0,0,24,7,-1.2,0.05,1,0,168
4875,399,9,9,125,44,30.71,0.05,0,1,168
4876,153,5,5,64,19,13.62,0.05,1,0,168
4877,138,2,2,56,17,6.62,0.05,1,0,168
4878,133,2,2,53,17,6.02,0.05,1,0,168
4879,177,3,3,63,20,8.18,0.05,1,0,168
4880,7,0,0,5,1,-3.57,0.05,1,0,168
4881,41,0,0,8,6,-6.81,0.05,1,0,168
4882,95,4,4,41,12,5.85,0.05,1,0,168
4883,109,1,1,48,13,5.81,0.05,1,0,168
4884,87,3,3,38,11,3.33,0.05,1,0,168
4885,159,2,2,61,20,4.36,0.05,1,0,168
4886,400,9,9,122,45,27.4,0.05,0,1,168
4887,73,1,1,33,10,0.17,0.05,1,0,168
4888,104,2,2,43,13,3.16,0.05,1,0,168
4889,137,3,3,55,16,7.43,0.05,1,0,168
4890,324,6,6,112,37,15.81,0.05,1,0,168
4891,57,0,0,33,7,2.33,0.05,1,0,168
4892,22,0,0,11,3,-4.07,0.05,1,0,168
4893,67,1,1,27,9,-1.42,0.05,1,0,168
4894,52,0,0,23,7,-4.62,0.05,1,0,168
4895,7,0,0,3,1,-5.17,0.05,1,0,168
4896,273,4,4,98,33,9.72,0.05,1,0,168
4897,29,1,1,14,4,-1.04,0.05,1,0,168
4898,169,2,2,68,21,6.91,0.05,1,0,168
4899,151,5,5,62,20,7.79,0.05,1,0,168
4900,300,7,7,117,33,25.6,0.05,1,0,168
4901,354,5,5,117,41,18.76,0.05,1,0,168
4902,21,0,0,9,3,-3.61,0.05,1,0,168
4903,54,0,0,22,7,-2.14,0.05,1,0,168
4904,246,3,3,84,29,13.24,0.05,1,0,168
4905,37,0,0,19,5,-2.42,0.05,1,0,168
4906,28,0,0,13,4,-4.18,0.05,1,0,168
4907,146,2,2,58,18,5.09,0.05,1,0,168
4908,307,7,7,108,36,22.58,0.05,1,0,168
4909,81,1,1,33,11,-0.56,0.05,1,0,168
4910,57,1,1,27,8,-1.87,0.05,1,0,168
4911,34,0,0,17,5,-3.89,0.05,1,0,168
4912,257,3,3,99,31,15.23,0.05,1,0,168
4913,400,8,8,126,41,30.45,0.05,0,1,168
4914,122,3,3,53,15,4.93,0.05,1,0,168
4915,92,1,1,44,12,2.28,0.05,1,0,168
4916,400,9,9,117,43,24.8,0.05,0,1,168
4917,220,5,5,79,25,14.05,0.05,1,0,168
4918,237,3,3,94,27,16.88,0.05,1,0,168
4919,71,1,1,41,10,0.69,0.05,1,0,168
4920,20,0,0,10,3,-3.95,0.05,1,0,168
4921,13,0,0,4,2,-5.63,0.05,1,0,168
4922,115,4,4,53,14,8.35,0.05,1,0,168
4923,70,0,0,35,9,1.2,0.05,1,0,168
4924,5,0,0,2,1,-6.0,0.05,1,0,168
4925,130,5,5,58,16,7.75,0.05,1,0,168
4926,363,8,9,109,40,24.97,0.05,0,1,168
4927,242,2,2,81,28,8.88,0.05,1,0,168
4928,400,9,9,117,44,24.45,0.05,0,1,168
4929,317,6,6,113,37,16.58,0.05,1,0,168
4930,46,2,2,25,6,2.49,0.05,1,0,168
4931,400,9,9,116,44,23.6,0.05,0,1,168
4932,150,2,2,51,20,-1.9,0.05,1,0,168
4933,171,1,1,62,20,6.79,0.05,1,0,168
4934,119,4,4,57,14,10.21,0.05,1,0,168
4935,397,8,9,125,44,27.43,0.05,0,1,168
4936,50,0,0,24,7,-2.65,0.05,1,0,168
4937,190,5,5,77,22,16.95,0.05,1,0,168
4938,22,0,0,10,3,-4.37,0.05,1,0,168
4939,163,4,4,55,20,5.12,0.05,1,0,168
4940,149,3,3,60,18,9.91,0.05,1,0,168
4941,171,4,4,63,22,3.99,0.05,1,0,168
4942,238,3,3,57,32,-0.98,0.05,1,0,168
4943,261,3,3,82,32,4.99,0.05,1,0,168
4944,263,6,6,80,31,5.82,0.05,1,0,168
4945,123,1,1,58,17,2.37,0.05,1,0,168
4946,200,3,3,78,24,7.95,0.05,1,0,168
4947,121,2,2,48,16,3.64,0.05,1,0,168
4948,138,1,1,63,17,6.57,0.05,1,0,168
4949,6,0,0,2,1,-5.06,0.05,1,0,168
4950,103,1,1,41,13,1.77,0.05,1,0,168
4951,217,2,2,45,29,-9.42,0.05,1,0,168
4952,13,0,0,7,2,-3.63,0.05,1,0,168
4953,6,0,0,3,1,-4.76,0.05,1,0,168
4954,90,2,2,40,12,2.8,0.05,1,0,168
4955,93,1,1,42,12,4.17,0.05,1,0,168
4956,46,1,1,22,6,0.04,0.05,1,0,168
4957,292,5,5,109,33,21.63,0.05,1,0,168
4958,400,9,9,122,43,30.4,0.05,0,1,168
4959,167,4,4,74,21,11.93,0.05,1,0,168
4960,116,2,2,47,14,4.99,0.05,1,0,168
4961,15,0,0,6,2,-4.4,0.05,1,0,168
4962,57,1,1,24,8,-4.17,0.05,1,0,168
4963,215,2,2,88,27,8.45,0.05,1,0,168
4964,77,1,1,34,10,2.03,0.05,1,0,168
4965,28,1,1,13,4,-1.43,0.05,1,0,168
4966,34,1,1,14,5,-4.44,0.05,1,0,168
4967,325,6,6,113,38,14.3,0.05,1,0,168
4968,65,0,0,33,9,-1.85,0.05,1,0,168
4969,60,1,1,23,8,-2.1,0.05,1,0,168
4970,13,0,0,6,2,-4.48,0.05,1,0,168
4971,6,0,0,3,1,-4.76,0.05,1,0,168
4972,58,1,1,24,8,-2.08,0.05,1,0,168
4973,105,5,5,47,14,6.35,0.05,1,0,168
4974,103,0,0,47,13,3.27,0.05,1,0,168
4975,400,9,9,123,44,29.4,0.05,0,1,168
4976,66,0,0,31,9,-1.81,0.05,1,0,168
4977,187,4,4,65,24,5.58,0.05,1,0,168
4978,6,0,0,3,1,-4.76,0.05,1,0,168
4979,295,6,6,104,35,15.4,0.05,1,0,168
4980,165,2,2,64,19,6.3,0.05,1,0,168
4981,76,2,2,32,10,1.29,0.05,1,0,168
4982,130,4,4,45,16,4.15,0.05,1,0,168
4983,20,0,0,9,3,-5.1,0.05,1,0,168
4984,151,4,4,60,19,6.34,0.05,1,0,168
4985,119,4,4,41,14,5.66,0.05,1,0,168
4986,132,3,3,57,16,8.03,0.05,1,0,168
4987,20,0,0,9,3,-4.15,0.05,1,0,168
4988,250,6,6,106,31,17.0,0.05,1,0,168
4989,45,2,2,18,6,-1.2,0.05,1,0,168
4990,133,1,1,47,17,1.77,0.05,1,0,168
4991,45,0,0,16,6,-2.7,0.05,1,0,168
4992,43,1,1,19,6,-1.73,0.05,1,0,168
4993,387,9,9,110,43,14.78,0.05,1,0,168
4994,47,2,2,24,6,2.48,0.05,1,0,168
4995,73,0,0,27,10,-4.58,0.05,1,0,168
4996,30,1,1,14,4,-1.65,0.05,1,0,168
4997,13,0,0,9,2,-3.58,0.05,1,0,168
4998,150,1,1,52,20,0.2,0.05,1,0,168
4999,86,1,1,39,12,-0.96,0.05,1,0,168
5000,388,8,9,135,44,29.22,0.05,0,1,168
5001,357,8,8,120,40,20.38,0.05,1,0,168
5002,92,0,0,38,12,1.03,0.05,1,0,168
5003,28,0,0,16,4,-1.73,0.05,1,0,168
5004,162,4,4,63,19,10.63,0.05,1,0,168
5005,190,6,6,84,22,15.8,0.05,1,0,168
5006,91,2,2,39,11,4.24,0.05,1,0,168
5007,206,5,5,91,26,15.74,0.05,1,0,168
5008,139,4,4,57,17,8.01,0.05,1,0,168
5009,284,6,6,95,34,10.96,0.05,1,0,168
5010,121,1,1,46,16,1.29,0.05,1,0,168
5011,13,0,0,6,2,-4.43,0.05,1,0,168
5012,111,2,2,42,15,-1.31,0.05,1,0,168
5013,60,1,1,27,8,-0.25,0.05,1,0,168
5014,5,0,0,4,1,-4.0,0.05,1,0,168
5015,159,2,2,71,20,10.26,0.05,1,0,168
5016,122,2,2,50,14,7.08,0.05,1,0,168
5017,7,0,0,2,1,-5.57,0.05,1,0,168
5018,13,0,0,7,2,-4.23,0.05,1,0,168
5019,199,4,4,78,25,11.61,0.05,1,0,168
5020,182,6,6,79,21,19.78,0.05,1,0,168
5021,374,9,9,123,42,26.16,0.05,1,0,168
5022,140,2,2,51,18,2.1,0.05,1,0,168
5023,6,0,0,2,1,-4.61,0.05,1,0,168
5024,261,4,4,106,33,11.99,0.05,1,0,168
5025,92,4,4,43,11,6.48,0.05,1,0,168
5026,202,4,4,78,23,13.63,0.05,1,0,168
5027,209,4,4,87,25,16.21,0.05,1,0,168
5028,116,2,2,47,15,3.94,0.05,1,0,168
5029,375,8,8,120,43,20.2,0.05,1,0,168
5030,63,1,1,29,9,-0.43,0.05,1,0,168
5031,14,0,0,5,2,-5.74,0.05,1,0,168
5032,192,2,2,73,22,10.73,0.05,1,0,168
5033,369,8,9,114,39,27.26,0.05,0,1,168
5034,20,0,0,7,3,-4.8,0.05,1,0,168
5035,226,3,3,82,27,10.74,0.05,1,0,168
5036,211,7,7,75,23,14.49,0.05,1,0,168
5037,50,1,1,21,7,-1.9,0.05,1,0,168
5038,14,0,0,3,2,-5.89,0.05,1,0,168
5039,13,0,0,4,2,-5.63,0.05,1,0,168
5040,13,0,0,5,2,-5.33,0.05,1,0,168
5041,45,0,0,20,6,-2.2,0.05,1,0,168
5042,200,1,1,42,28,-11.05,0.05,1,0,168
5043,276,4,4,100,33,13.84,0.05,1,0,168
5044,400,9,9,124,45,23.15,0.05,0,1,168
5045,23,0,0,13,3,-2.98,0.05,1,0,168
5046,29,0,0,14,4,-2.34,0.05,1,0,168
5047,6,0,0,3,1,-4.31,0.05,1,0,168
5048,400,8,8,122,45,24.9,0.05,0,1,168
5049,185,3,3,66,22,8.6,0.05,1,0,168
5050,156,2,2,70,20,10.09,0.05,1,0,168
5051,180,6,6,72,22,10.1,0.05,1,0,168
5052,310,5,5,108,36,18.9,0.05,1,0,168
5053,299,5,5,99,33,19.76,0.05,1,0,168
5054,231,5,5,90,26,17.19,0.05,1,0,168
5055,24,0,0,13,3,-2.74,0.05,1,0,168
5056,400,7,7,121,45,28.5,0.05,0,1,168
5057,312,7,7,119,37,19.48,0.05,1,0,168
5058,21,0,0,10,3,-3.96,0.05,1,0,168
5059,56,0,0,25,8,-3.96,0.05,1,0,168
5060,29,0,0,12,4,-2.94,0.05,1,0,168
5061,21,0,0,13,3,-1.81,0.05,1,0,168
5062,400,9,9,119,45,27.35,0.05,0,1,168
5063,174,4,4,73,22,8.36,0.05,1,0,168
5064,400,9,9,131,45,21.2,0.05,0,1,168
5065,206,1,1,85,26,8.14,0.05,1,0,168
5066,64,1,1,26,8,-1.94,0.05,1,0,168
5067,110,2,2,47,14,3.35,0.05,1,0,168
5068,63,1,1,26,9,-5.13,0.05,1,0,168
5069,153,3,3,65,19,9.17,0.05,1,0,168
5070,146,2,2,68,18,5.39,0.05,1,0,168
5071,59,0,0,20,8,-4.49,0.05,1,0,168
5072,400,9,9,130,46,23.45,0.05,0,1,168
5073,13,0,0,7,2,-4.18,0.05,1,0,168
5074,49,0,0,24,7,-0.24,0.05,1,0,168
5075,59,1,1,26,8,-0.84,0.05,1,0,168
5076,155,1,1,65,19,6.85,0.05,1,0,168
5077,77,3,3,38,10,5.33,0.05,1,0,168
5078,21,0,0,8,3,-4.46,0.05,1,0,168
5079,7,0,0,4,1,-3.87,0.05,1,0,168
5080,7,0,0,5,1,-4.07,0.05,1,0,168
5081,30,0,0,12,4,-4.45,0.05,1,0,168
5082,397,8,9,127,45,25.28,0.05,0,1,168
5083,13,0,0,9,2,-3.93,0.05,1,0,168
5084,144,5,5,60,17,11.31,0.05,1,0,168
5085,211,6,6,95,25,19.84,0.05,1,0,168
5086,106,5,5,41,13,6.04,0.05,1,0,168
5087,116,2,2,28,15,-2.86,0.05,1,0,168
5088,6,0,0,1,1,-5.36,0.05,1,0,168
5089,400,6,6,127,45,23.5,0.05,0,1,168
5090,34,0,0,16,5,-2.39,0.05,1,0,168
5091,400,8,8,124,43,25.85,0.05,0,1,168
5092,254,2,2,99,31,11.56,0.05,1,0,168
5093,119,0,0,43,16,-2.04,0.05,1,0,168
5094,21,0,0,7,3,-4.66,0.05,1,0,168
5095,400,9,9,123,45,22.3,0.05,0,1,168
5096,13,0,0,5,2,-5.33,0.05,1,0,168
5097,309,6,6,106,34,21.11,0.05,1,0,168
5098,49,1,1,23,7,-1.39,0.05,1,0,168
5099,63,1,1,22,8,-0.38,0.05,1,0,168
5100,50,1,1,27,7,-0.7,0.05,1,0,168
5101,128,3,3,50,16,6.57,0.05,1,0,168
5102,5,0,0,3,1,-4.75,0.05,1,0,168
5103,361,9,9,119,40,22.34,0.05,1,0,168
5104,400,9,9,119,43,23.0,0.05,0,1,168
5105,59,0,0,27,8,-2.14,0.05,1,0,168
5106,281,5,5,103,33,14.19,0.05,1,0,168
5107,147,2,2,52,18,2.38,0.05,1,0,168
5108,35,0,0,13,5,-4.7,0.05,1,0,168
5109,42,1,1,16,6,-2.72,0.05,1,0,168
5110,389,9,9,120,43,22.71,0.05,1,0,168
5111,398,9,9,119,42,24.02,0.05,1,0,168
5112,62,3,3,25,8,2.28,0.05,1,0,168
5113,219,2,2,96,27,14.26,0.05,1,0,168
5114,76,1,1,31,10,-0.01,0.05,1,0,168
5115,114,2,2,44,14,2.66,0.05,1,0,168
5116,36,0,0,17,5,-1.81,0.05,1,0,168
5117,69,3,3,24,9,-0.54,0.05,1,0,168
5118,52,1,1,20,7,-3.32,0.05,1,0,168
5119,6,0,0,3,1,-4.76,0.05,1,0,168
5120,50,0,0,22,7,-1.95,0.05,1,0,168
5121,6,0,0,3,1,-4.76,0.05,1,0,168
5122,21,1,1,8,3,-3.31,0.05,1,0,168
5123,6,0,0,2,1,-5.06,0.05,1,0,168
5124,74,0,0,37,10,2.41,0.05,1,0,168
5125,135,0,0,53,18,-0.15,0.05,1,0,168
5126,27,0,0,10,4,-4.92,0.05,1,0,168
5127,6,0,0,3,1,-4.66,0.05,1,0,168
5128,99,3,3,45,13,4.46,0.05,1,0,168
5129,400,7,7,121,43,22.1,0.05,0,1,168
5130,400,9,9,112,43,23.4,0.05,0,1,168
5131,400,5,5,64,54,-6.95,0.05,0,1,168
5132,121,5,5,54,15,10.14,0.05,1,0,168
5133,59,0,0,24,8,-4.84,0.05,1,0,168
5134,65,1,1,30,9,0.15,0.05,1,0,168
5135,200,3,3,84,25,5.4,0.05,1,0,168
5136,356,9,9,127,40,31.69,0.05,0,1,168
5137,362,6,6,119,40,18.88,0.05,1,0,168
5138,400,9,9,118,44,23.65,0.05,0,1,168
5139,58,0,0,24,8,-2.83,0.05,1,0,168
5140,28,0,0,9,4,-4.78,0.05,1,0,168
5141,189,2,2,78,23,9.41,0.05,1,0,168
5142,142,1,1,64,17,7.23,0.05,1,0,168
5143,399,8,9,121,43,29.76,0.05,0,1,168
5144,45,1,1,24,6,-0.05,0.05,1,0,168
5145,20,0,0,8,3,-5.5,0.05,1,0,168
5146,13,0,0,9,2,-3.48,0.05,1,0,168
5147,146,4,4,59,18,3.64,0.05,1,0,168
5148,6,0,0,3,1,-4.66,0.05,1,0,168
5149,270,5,5,88,32,12.25,0.05,1,0,168
5150,96,2,2,39,12,3.34,0.05,1,0,168
5151,54,0,0,22,7,-2.24,0.05,1,0,168
5152,28,0,0,16,4,-1.88,0.05,1,0,168
5153,35,0,0,13,5,-4.7,0.05,1,0,168
5154,188,5,5,79,23,12.72,0.05,1,0,168
5155,238,4,4,94,28,12.17,0.05,1,0,168
5156,249,5,5,97,29,20.56,0.05,1,0,168
5157,144,6,6,57,17,12.31,0.05,1,0,168
5158,104,1,1,43,13,3.31,0.05,1,0,168
5159,383,9,9,120,42,24.97,0.05,1,0,168
5160,115,1,1,45,14,2.45,0.05,1,0,168
5161,279,5,5,111,32,22.86,0.05,1,0,168
5162,5,0,0,3,1,-4.65,0.05,1,0,168
5163,13,0,0,5,2,-4.68,0.05,1,0,168
5164,219,4,4,73,26,10.66,0.05,1,0,168
5165,65,1,1,26,9,-1.75,0.05,1,0,168
5166,365,8,8,119,42,17.95,0.05,1,0,168
5167,123,0,0,53,16,3.92,0.05,1,0,168
5168,400,9,9,112,45,23.35,0.05,0,1,168
5169,251,4,4,87,29,11.74,0.05,1,0,168
5170,6,0,0,1,1,-4.81,0.05,1,0,168
5171,312,5,5,104,35,14.63,0.05,1,0,168
5172,165,2,2,70,19,9.1,0.05,1,0,168
5173,128,3,3,50,16,3.37,0.05,1,0,168
5174,7,0,0,2,1,-4.57,0.05,1,0,168
5175,6,0,0,3,1,-4.76,0.05,1,0,168
5176,285,5,5,103,33,15.35,0.05,1,0,168
5177,87,0,0,37,12,-1.87,0.05,1,0,168
5178,133,3,3,45,16,3.02,0.05,1,0,168
5179,42,0,0,16,6,-4.47,0.05,1,0,168
5180,400,9,9,121,42,28.35,0.05,0,1,168
5181,196,4,4,75,23,13.39,0.05,1,0,168
5182,7,0,0,3,1,-4.22,0.05,1,0,168
5183,89,0,0,32,12,-2.74,0.05,1,0,168
5184,400,9,9,123,45,24.2,0.05,0,1,168
5185,94,1,1,42,13,1.21,0.05,1,0,168
5186,88,3,3,33,11,3.72,0.05,1,0,168
5187,187,5,5,75,23,9.28,0.05,1,0,168
5188,99,1,1,39,13,-0.34,0.05,1,0,168
5189,22,1,1,8,3,-4.42,0.05,1,0,168
5190,6,0,0,2,1,-5.06,0.05,1,0,168
5191,107,3,3,41,14,1.98,0.05,1,0,168
5192,400,9,9,124,45,26.7,0.05,0,1,168
5193,135,2,2,59,17,6.8,0.05,1,0,168
5194,84,0,0,38,11,1.46,0.05,1,0,168
5195,44,0,0,21,6,-2.34,0.05,1,0,168
5196,20,0,0,10,3,-3.85,0.05,1,0,168
5197,6,0,0,3,1,-4.76,0.05,1,0,168
5198,203,4,4,76,24,10.12,0.05,1,0,168
5199,90,1,1,39,12,-2.85,0.05,1,0,168
5200,22,0,0,15,3,-2.87,0.05,1,0,168
5201,86,2,2,40,11,2.54,0.05,1,0,168
5202,193,2,2,72,22,11.67,0.05,1,0,168
5203,85,2,2,32,11,-0.05,0.05,1,0,168
5204,37,0,0,13,5,-4.67,0.05,1,0,168
5205,29,0,0,13,4,-2.84,0.05,1,0,168
5206,28,0,0,15,4,-3.43,0.05,1,0,168
5207,73,0,0,33,10,-2.18,0.05,1,0,168
5208,131,4,4,66,17,8.24,0.05,1,0,168
5209,62,0,0,29,9,-3.92,0.05,1,0,168
5210,77,2,2,37,10,4.18,0.05,1,0,168
5211,152,3,3,61,19,8.38,0.05,1,0,168
5212,329,7,7,110,37,19.66,0.05,1,0,168
5213,21,0,0,7,3,-4.86,0.05,1,0,168
5214,63,2,2,38,8,3.72,0.05,1,0,168
5215,345,9,9,123,38,27.8,0.05,1,0,168
5216,250,4,4,102,31,10.85,0.05,1,0,168
5217,27,0,0,14,4,-3.22,0.05,1,0,168
5218,85,2,2,34,11,0.95,0.05,1,0,168
5219,81,1,1,33,10,0.34,0.05,1,0,168
5220,400,8,8,121,47,23.75,0.05,0,1,168
5221,101,1,1,49,12,7.24,0.05,1,0,168
5222,103,2,2,48,13,6.17,0.05,1,0,168
5223,152,4,4,54,18,8.08,0.05,1,0,168
5224,37,1,1,19,5,-0.42,0.05,1,0,168
5225,400,9,9,118,44,17.55,0.05,0,1,168
5226,306,6,6,112,35,21.64,0.05,1,0,168
5227,389,8,9,126,39,28.01,0.05,0,1,168
5228,38,0,0,19,5,-2.43,0.05,1,0,168
5229,149,3,3,62,17,9.61,0.05,1,0,168
5230,105,0,0,40,13,0.5,0.05,1,0,168
5231,37,0,0,11,5,-4.32,0.05,1,0,168
5232,242,5,5,90,30,12.13,0.05,1,0,168
5233,139,2,2,52,17,5.76,0.05,1,0,168
5234,57,3,3,27,8,-0.07,0.05,1,0,168
5235,92,3,3,48,12,6.93,0.05,1,0,168
5236,13,0,1,5,2,-3.63,0.05,1,0,168
5237,56,0,0,21,8,-3.61,0.05,1,0,168
5238,21,0,0,9,3,-4.26,0.05,1,0,168
5239,94,0,0,44,12,0.36,0.05,1,0,168
5240,148,4,4,55,18,7.17,0.05,1,0,168
5241,265,4,4,75,34,1.85,0.05,1,0,168
5242,60,1,1,30,8,0.75,0.05,1,0,168
5243,171,2,2,65,22,6.49,0.05,1,0,168
5244,16,0,0,6,2,-5.56,0.05,1,0,168
5245,330,8,9,111,37,27.35,0.05,0,1,168
5246,36,1,1,19,5,-1.31,0.05,1,0,168
5247,360,9,9,121,41,18.8,0.05,1,0,168
5248,59,1,1,26,8,-1.79,0.05,1,0,168
5249,35,0,0,16,5,-2.65,0.05,1,0,168
5250,400,7,7,122,44,25.7,0.05,0,1,168
5251,335,5,5,120,36,19.3,0.05,1,0,168
5252,51,1,1,22,7,-1.66,0.05,1,0,168
5253,116,2,2,50,15,3.59,0.05,1,0,168
5254,41,0,0,18,5,-2.76,0.05,1,0,168
5255,71,1,1,33,10,-0.21,0.05,1,0,168
5256,269,6,6,99,31,15.76,0.05,1,0,168
5257,154,1,1,59,19,5.76,0.05,1,0,168
5258,31,1,1,15,4,-1.86,0.05,1,0,168
5259,107,1,1,52,14,1.88,0.05,1,0,168
5260,36,0,0,14,5,-2.96,0.05,1,0,168
5261,22,0,0,13,3,-2.42,0.05,1,0,168
5262,14,0,0,7,2,-5.04,0.05,1,0,168
5263,101,0,0,41,13,-1.31,0.05,1,0,168
5264,163,2,2,72,21,7.97,0.05,1,0,168
5265,281,6,6,96,32,14.04,0.05,1,0,168
5266,188,3,3,65,23,3.62,0.05,1,0,168
5267,130,4,4,50,16,3.4,0.05,1,0,168
5268,7,0,0,6,1,-3.72,0.05,1,0,168
5269,51,1,1,21,7,-1.96,0.05,1,0,168
5270,36,1,1,12,5,-4.41,0.05,1,0,168
5271,93,2,2,45,12,6.22,0.05,1,0,168
5272,400,9,9,122,45,23.0,0.05,0,1,168
5273,234,4,4,94,27,17.71,0.05,1,0,168
5274,8,0,0,3,1,-5.78,0.05,1,0,168
5275,279,4,4,94,32,10.41,0.05,1,0,168
5276,376,8,9,112,41,26.34,0.05,0,1,168
5277,6,0,0,3,1,-4.76,0.05,1,0,168
5278,173,4,4,60,21,6.37,0.05,1,0,168
5279,332,7,7,116,36,22.93,0.05,1,0,168
5280,93,0,0,41,12,0.02,0.05,1,0,168
5281,35,0,0,17,5,-2.35,0.05,1,0,168
5282,210,5,5,80,25,11.95,0.05,1,0,168
5283,34,1,1,14,5,-3.39,0.05,1,0,168
5284,112,1,1,52,15,0.18,0.05,1,0,168
5285,239,5,5,101,28,21.01,0.05,1,0,168
5286,36,0,0,16,5,-2.81,0.05,1,0,168
5287,162,2,2,64,19,9.18,0.05,1,0,168
5288,148,4,4,61,19,6.97,0.05,1,0,168
5289,42,1,1,17,6,-3.07,0.05,1,0,168
5290,231,7,7,97,28,17.44,0.05,1,0,168
5291,108,2,2,44,14,3.67,0.05,1,0,168
5292,400,9,9,122,42,30.7,0.05,0,1,169
5293,184,3,3,74,22,10.06,0.05,1,0,169
5294,89,3,3,39,11,4.41,0.05,1,0,169
5295,13,0,0,5,2,-5.78,0.05,1,0,169
5296,104,2,2,42,13,3.81,0.05,1,0,169
5297,69,2,2,33,9,3.36,0.05,1,0,169
5298,117,1,1,52,15,4.93,0.05,1,0,169
5299,167,3,3,62,20,8.38,0.05,1,0,169
5300,202,5,5,74,25,9.33,0.05,1,0,169
5301,28,0,0,13,4,-2.48,0.05,1,0,169
5302,35,1,1,15,5,-2.55,0.05,1,0,169
5303,6,0,0,2,1,-5.06,0.05,1,0,169
5304,78,3,3,29,10,1.12,0.05,1,0,169
5305,284,5,5,110,34,20.91,0.05,1,0,169
5306,360,9,9,126,42,21.6,0.05,1,0,169
5307,35,0,0,13,5,-5.85,0.05,1,0,169
5308,265,8,8,91,32,14.1,0.05,1,0,169
5309,81,3,3,43,10,7.39,0.05,1,0,169
5310,13,0,0,6,2,-5.03,0.05,1,0,169
5311,41,1,1,15,6,-3.56,0.05,1,0,169
5312,21,0,0,9,3,-4.26,0.05,1,0,169
5313,298,4,4,92,35,6.92,0.05,1,0,169
5314,299,6,6,109,34,21.11,0.05,1,0,169
5315,102,3,3,43,13,5.98,0.05,1,0,169
5316,21,0,0,9,3,-4.06,0.05,1,0,169
5317,152,4,4,56,18,9.33,0.05,1,0,169
5318,400,7,7,121,44,27.7,0.05,0,1,169
5319,157,4,4,63,19,10.43,0.05,1,0,169
5320,48,0,0,21,7,-4.68,0.05,1,0,169
5321,51,0,0,22,7,-1.86,0.05,1,0,169
5322,29,0,0,10,4,-4.54,0.05,1,0,169
5323,66,2,2,29,9,1.19,0.05,1,0,169
5324,209,5,5,75,26,10.31,0.05,1,0,169
5325,13,0,0,6,2,-4.93,0.05,1,0,169
5326,34,0,0,14,5,-5.29,0.05,1,0,169
5327,195,2,2,82,24,10.95,0.05,1,0,169
5328,35,0,0,14,5,-4.45,0.05,1,0,169
5329,206,4,4,79,25,8.24,0.05,1,0,169
5330,125,0,0,49,16,2.25,0.05,1,0,169
5331,29,0,0,12,4,-4.04,0.05,1,0,169
5332,37,0,0,15,5,-3.97,0.05,1,0,169
5333,117,1,1,43,15,0.38,0.05,1,0,169
5334,241,5,5,102,29,14.99,0.05,1,0,169
5335,13,0,0,8,2,-3.78,0.05,1,0,169
5336,190,5,5,77,22,15.05,0.05,1,0,169
5337,50,0,0,23,7,-3.15,0.05,1,0,169
5338,117,0,0,45,16,-1.07,0.05,1,0,169
5339,97,3,3,35,12,1.83,0.05,1,0,169
5340,181,2,2,67,23,5.29,0.05,1,0,169
5341,50,0,0,21,7,-3.25,0.05,1,0,169
5342,305,7,7,107,34,20.45,0.05,1,0,169
5343,355,6,6,117,41,18.05,0.05,1,0,169
5344,42,0,0,17,6,-4.62,0.05,1,0,169
5345,13,0,0,8,2,-3.83,0.05,1,0,169
5346,51,1,1,18,7,-2.21,0.05,1,0,169
5347,310,8,8,113,36,15.3,0.05,1,0,169
5348,400,7,7,123,44,20.05,0.05,0,1,169
5349,105,1,1,43,14,2.1,0.05,1,0,169
5350,290,6,6,97,35,12.0,0.05,1,0,169
5351,143,3,3,54,19,2.27,0.05,1,0,169
5352,84,1,1,39,11,2.41,0.05,1,0,169
5353,106,2,2,47,13,4.29,0.05,1,0,169
5354,7,0,0,2,1,-5.12,0.05,1,0,169
5355,122,1,1,46,16,0.88,0.05,1,0,169
5356,105,2,2,51,13,5.15,0.05,1,0,169
5357,91,3,3,39,12,1.34,0.05,1,0,169
5358,55,0,0,25,7,-1.3,0.05,1,0,169
5359,58,0,0,24,8,-2.83,0.05,1,0,169
5360,117,5,5,53,14,11.68,0.05,1,0,169
5361,369,8,8,122,41,22.81,0.05,1,0,169
5362,72,0,0,30,9,0.23,0.05,1,0,169
5363,182,4,4,69,23,7.93,0.05,1,0,169
5364,23,0,0,13,3,-2.98,0.05,1,0,169
5365,204,4,4,79,25,15.71,0.05,1,0,169
5366,145,4,4,79,18,16.25,0.05,1,0,169
5367,59,0,0,16,8,-4.69,0.05,1,0,169
5368,48,0,0,21,7,-5.53,0.05,1,0,169
5369,22,1,1,10,3,-2.67,0.05,1,0,169
5370,182,5,5,75,22,13.98,0.05,1,0,169
5371,120,1,1,47,16,-1.35,0.05,1,0,169
5372,298,6,6,101,33,16.62,0.05,1,0,169
5373,224,4,4,78,28,10.96,0.05,1,0,169
5374,338,7,7,118,38,21.27,0.05,1,0,169
5375,155,1,1,61,20,4.55,0.05,1,0,169
5376,35,0,0,14,5,-3.35,0.05,1,0,169
5377,400,9,9,137,44,33.9,0.05,0,1,169
5378,59,0,0,23,8,-2.74,0.05,1,0,169
5379,133,3,3,45,17,-0.28,0.05,1,0,169
5380,36,0,0,16,5,-4.21,0.05,1,0,169
5381,35,0,0,15,5,-5.25,0.05,1,0,169
5382,52,0,0,23,7,-2.02,0.05,1,0,169
5383,400,9,9,124,45,21.7,0.05,0,1,169
5384,6,0,0,3,1,-4.31,0.05,1,0,169
5385,6,0,0,3,1,-4.31,0.05,1,0,169
5386,13,0,0,8,2,-4.33,0.05,1,0,169
5387,43,1,1,20,6,-1.63,0.05,1,0,169
5388,400,7,7,123,44,24.9,0.05,0,1,169
5389,134,5,5,50,16,9.51,0.05,1,0,169
5390,400,7,7,124,43,29.55,0.05,0,1,169
5391,400,9,9,132,45,23.55,0.05,0,1,169
5392,386,9,9,122,44,17.49,0.05,1,0,169
5393,77,1,1,37,10,0.68,0.05,1,0,169
5394,37,2,2,18,5,-0.47,0.05,1,0,169
5395,6,0,0,2,1,-4.61,0.05,1,0,169
5396,29,0,0,12,4,-3.99,0.05,1,0,169
5397,7,0,0,4,1,-4.42,0.05,1,0,169
5398,310,4,4,101,35,9.75,0.05,1,0,169
5399,400,9,9,126,45,28.75,0.05,0,1,169
5400,6,0,0,3,1,-4.76,0.05,1,0,169
5401,61,1,1,32,8,1.14,0.05,1,0,169
5402,45,1,1,18,6,-0.85,0.05,1,0,169
5403,88,3,3,34,11,0.72,0.05,1,0,169
5404,158,3,3,59,20,6.97,0.05,1,0,169
5405,41,1,1,23,5,1.14,0.05,1,0,169
5406,353,8,9,119,41,24.42,0.05,0,1,169
5407,328,7,7,117,37,24.52,0.05,1,0,169
5408,6,0,0,2,1,-4.51,0.05,1,0,169
5409,97,1,1,51,12,5.63,0.05,1,0,169
5410,149,1,1,67,18,8.06,0.05,1,0,169
5411,13,0,0,8,2,-3.88,0.05,1,0,169
5412,308,2,2,73,38,-1.23,0.05,1,0,169
5413,13,0,0,7,2,-3.63,0.05,1,0,169
5414,46,1,1,17,6,-6.11,0.05,1,0,169
5415,6,0,0,3,1,-4.76,0.05,1,0,169
5416,46,3,3,22,6,1.49,0.05,1,0,169
5417,37,0,0,16,5,-1.87,0.05,1,0,169
5418,6,0,0,3,1,-4.76,0.05,1,0,169
5419,342,6,6,104,40,12.63,0.05,1,0,169
5420,326,6,6,106,38,12.49,0.05,1,0,169
5421,21,0,0,8,3,-4.56,0.05,1,0,169
5422,38,1,1,20,5,-0.38,0.05,1,0,169
5423,395,8,9,123,44,26.25,0.05,0,1,169
5424,184,5,5,68,22,9.36,0.05,1,0,169
5425,348,7,7,108,39,20.02,0.05,1,0,169
5426,90,0,0,39,12,-0.1,0.05,1,0,169
5427,244,4,4,95,30,13.81,0.05,1,0,169
5428,400,9,9,118,44,26.0,0.05,0,1,169
5429,42,0,0,18,6,-5.42,0.05,1,0,169
5430,112,2,2,43,13,4.78,0.05,1,0,169
5431,400,9,9,123,46,24.35,0.05,0,1,169
5432,156,3,3,64,18,9.64,0.05,1,0,169
5433,157,4,4,63,19,8.08,0.05,1,0,169
5434,128,4,4,55,16,9.17,0.05,1,0,169
5435,177,4,4,86,22,15.38,0.05,1,0,169
5436,23,0,0,8,3,-4.48,0.05,1,0,169
5437,29,1,1,14,4,-2.69,0.05,1,0,169
5438,187,4,4,77,22,13.63,0.05,1,0,169
5439,400,9,9,119,47,15.9,0.05,0,1,169
5440,44,0,0,23,6,-1.19,0.05,1,0,169
5441,45,1,1,20,6,-0.75,0.05,1,0,169
5442,29,0,0,10,4,-4.44,0.05,1,0,169
5443,75,2,2,37,10,3.05,0.05,1,0,169
5444,385,8,9,116,41,30.3,0.05,0,1,169
5445,135,1,1,45,18,-1.95,0.05,1,0,169
5446,45,0,0,18,6,-2.35,0.05,1,0,169
5447,224,3,3,90,29,9.96,0.05,1,0,169
5448,13,0,0,6,2,-5.38,0.05,1,0,169
5449,330,8,8,127,36,26.2,0.05,1,0,169
5450,35,0,0,16,5,-3.8,0.05,1,0,169
5451,29,0,0,12,4,-3.34,0.05,1,0,169
5452,400,7,7,115,47,20.95,0.05,0,1,169
5453,111,4,4,46,14,8.79,0.05,1,0,169
5454,250,4,4,103,31,15.25,0.05,1,0,169
5455,136,4,4,54,17,8.79,0.05,1,0,169
5456,42,1,1,19,6,-2.37,0.05,1,0,169
5457,35,0,0,11,5,-5.15,0.05,1,0,169
5458,20,0,0,6,3,-5.15,0.05,1,0,169
5459,6,0,0,2,1,-4.96,0.05,1,0,169
5460,198,6,6,76,23,11.82,0.05,1,0,169
5461,400,9,9,113,46,21.3,0.05,0,1,169
5462,311,6,6,107,35,21.14,0.05,1,0,169
5463,101,2,2,40,12,3.64,0.05,1,0,169
5464,344,7,7,101,39,15.31,0.05,1,0,169
5465,146,1,1,64,18,6.64,0.05,1,0,169
5466,13,0,0,8,2,-3.43,0.05,1,0,169
5467,35,0,0,16,5,-3.65,0.05,1,0,169
5468,28,0,0,13,4,-4.48,0.05,1,0,169
5469,116,2,2,49,16,-0.16,0.05,1,0,169
5470,7,0,0,3,1,-4.27,0.05,1,0,169
5471,15,0,0,4,2,-5.55,0.05,1,0,169
5472,6,0,0,3,1,-4.66,0.05,1,0,169
5473,196,5,5,65,23,10.99,0.05,1,0,169
5474,196,3,3,74,24,9.84,0.05,1,0,169
5475,114,2,2,45,14,3.41,0.05,1,0,169
5476,342,9,9,128,38,30.13,0.05,1,0,169
5477,28,0,0,14,4,-2.93,0.05,1,0,169
5478,70,1,1,24,9,-1.85,0.05,1,0,169
5479,202,6,6,71,25,9.33,0.05,1,0,169
5480,147,3,3,53,18,3.33,0.05,1,0,169
5481,90,3,3,36,12,0.7,0.05,1,0,169
5482,6,0,0,2,1,-4.61,0.05,1,0,169
5483,171,3,3,77,22,9.49,0.05,1,0,169
5484,36,1,1,16,5,-2.21,0.05,1,0,169
5485,400,9,9,120,45,27.65,0.05,0,1,169
5486,123,2,2,49,16,2.87,0.05,1,0,169
5487,37,1,1,15,5,-2.97,0.05,1,0,169
5488,74,3,3,28,10,2.11,0.05,1,0,169
5489,6,0,0,2,1,-5.06,0.05,1,0,169
5490,37,0,0,17,5,-2.12,0.05,1,0,169
5491,215,3,3,78,26,8.3,0.05,1,0,169
5492,6,0,0,3,1,-4.31,0.05,1,0,169
5493,63,0,0,24,9,-5.48,0.05,1,0,169
5494,253,5,5,91,32,8.52,0.05,1,0,169
5495,30,0,0,10,4,-3.6,0.05,1,0,169
5496,6,0,0,3,1,-4.76,0.05,1,0,169
5497,175,3,3,81,23,6.65,0.05,1,0,169
5498,72,1,1,29,10,-1.77,0.05,1,0,169
5499,208,5,5,83,25,14.12,0.05,1,0,169
5500,158,3,3,70,19,10.22,0.05,1,0,169
5501,20,0,0,8,3,-4.5,0.05,1,0,169
5502,13,0,0,8,2,-3.88,0.05,1,0,169
5503,7,0,0,6,1,-3.37,0.05,1,0,169
5504,44,0,0,18,6,-3.74,0.05,1,0,169
5505,28,0,0,15,4,-2.33,0.05,1,0,169
5506,20,0,0,8,3,-4.9,0.05,1,0,169
5507,8,0,0,5,1,-3.63,0.05,1,0,169
5508,400,9,9,124,47,20.6,0.05,0,1,169
5509,13,0,0,7,2,-4.18,0.05,1,0,169
5510,270,7,7,91,30,17.6,0.05,1,0,169
5511,354,8,9,120,40,26.46,0.05,0,1,169
5512,50,0,0,21,7,-3.5,0.05,1,0,169
5513,7,0,0,2,1,-4.57,0.05,1,0,169
5514,193,2,2,72,24,10.82,0.05,1,0,169
5515,400,7,7,123,44,22.45,0.05,0,1,169
5516,67,1,1,32,9,0.63,0.05,1,0,169
5517,120,2,2,50,14,5.1,0.05,1,0,169
5518,65,0,0,26,9,-6.15,0.05,1,0,169
5519,110,2,2,45,14,2.9,0.05,1,0,169
5520,14,0,0,5,2,-5.29,0.05,1,0,169
5521,89,1,1,31,12,-0.79,0.05,1,0,169
5522,91,1,1,40,12,0.64,0.05,1,0,169
5523,35,1,1,14,5,-3.35,0.05,1,0,169
5524,56,3,3,29,8,0.49,0.05,1,0,169
5525,35,0,0,17,5,-3.45,0.05,1,0,169
5526,56,0,0,25,8,-2.96,0.05,1,0,169
5527,396,8,8,117,43,21.69,0.05,1,0,169
5528,13,0,0,5,2,-5.33,0.05,1,0,169
5529,60,0,0,25,8,-4.0,0.05,1,0,169
5530,195,3,3,73,24,7.0,0.05,1,0,169
5531,41,0,0,17,6,-4.21,0.05,1,0,169
5532,224,9,9,87,27,21.26,0.05,1,0,169
5533,6,0,0,2,1,-5.06,0.05,1,0,169
5534,125,2,2,45,16,1.05,0.05,1,0,169
5535,400,7,7,118,44,26.5,0.05,0,1,169
5536,303,7,7,109,37,16.72,0.05,1,0,169
5537,84,0,0,33,11,-1.94,0.05,1,0,169
5538,27,0,0,12,4,-4.32,0.05,1,0,169
5539,15,0,0,7,2,-3.1,0.05,1,0,169
5540,7,0,0,2,1,-4.47,0.05,1,0,169
5541,195,4,4,72,23,10.35,0.05,1,0,169
5542,381,9,9,123,42,21.34,0.05,1,0,169
5543,68,1,1,33,9,2.32,0.05,1,0,169
5544,6,0,0,2,1,-5.06,0.05,1,0,169
5545,43,0,0,22,6,-1.43,0.05,1,0,169
5546,400,9,9,121,46,21.9,0.05,0,1,169
5547,6,0,0,2,1,-5.06,0.05,1,0,169
5548,27,0,0,10,4,-5.02,0.05,1,0,169
5549,81,1,1,34,10,1.94,0.05,1,0,169
5550,6,0,0,2,1,-4.61,0.05,1,0,169
5551,36,1,1,17,5,-1.11,0.05,1,0,169
5552,20,1,1,10,3,-2.05,0.05,1,0,169
5553,162,2,2,71,21,6.98,0.05,1,0,169
5554,13,0,0,7,2,-3.98,0.05,1,0,169
5555,400,8,8,127,43,26.8,0.05,0,1,169
5556,97,1,1,36,12,1.58,0.05,1,0,169
5557,27,0,0,10,4,-5.52,0.05,1,0,169
5558,252,4,4,92,30,11.18,0.05,1,0,169
5559,65,2,2,31,9,1.3,0.05,1,0,169
5560,126,2,2,48,16,3.19,0.05,1,0,169
5561,6,0,0,2,1,-4.96,0.05,1,0,169
5562,190,2,2,77,24,8.0,0.05,1,0,169
5563,269,8,8,94,31,17.06,0.05,1,0,169
5564,36,1,1,19,5,-0.31,0.05,1,0,169
5565,112,2,2,55,14,6.83,0.05,1,0,169
5566,58,1,1,29,8,-0.78,0.05,1,0,169
5567,372,9,9,118,41,21.13,0.05,1,0,169
5568,287,6,6,100,32,18.98,0.05,1,0,169
5569,6,0,0,2,1,-5.06,0.05,1,0,169
5570,63,1,1,26,8,-1.63,0.05,1,0,169
5571,156,0,0,63,19,5.44,0.05,1,0,169
5572,236,5,5,91,29,9.84,0.05,1,0,169
5573,80,2,2,32,11,-0.2,0.05,1,0,169
5574,234,3,3,85,29,7.51,0.05,1,0,169
5575,130,3,3,53,16,5.85,0.05,1,0,169
5576,199,5,5,75,24,10.66,0.05,1,0,169
5577,122,3,3,55,16,6.28,0.05,1,0,169
5578,13,0,0,7,2,-3.63,0.05,1,0,169
5579,314,6,6,110,33,21.26,0.05,1,0,169
5580,142,3,3,51,17,6.53,0.05,1,0,169
5581,400,9,9,115,42,25.85,0.05,0,1,169
5582,223,6,6,90,27,14.42,0.05,1,0,169
5583,96,1,1,41,12,3.34,0.05,1,0,169
5584,399,8,8,131,43,23.01,0.05,1,0,169
5585,73,4,4,30,9,4.22,0.05,1,0,169
5586,20,0,0,9,3,-4.1,0.05,1,0,169
5587,287,4,4,114,34,18.63,0.05,1,0,169
5588,155,3,3,71,20,4.35,0.05,1,0,169
5589,92,2,2,37,12,1.28,0.05,1,0,169
5590,20,1,1,10,3,-3.3,0.05,1,0,169
5591,121,1,1,47,16,0.69,0.05,1,0,169
5592,35,0,0,18,5,-1.6,0.05,1,0,169
5593,66,0,0,22,9,-4.56,0.05,1,0,169
5594,49,0,0,26,7,-0.54,0.05,1,0,169
5595,324,8,8,116,37,22.96,0.05,1,0,169
5596,35,0,0,17,5,-3.6,0.05,1,0,169
5597,400,9,9,127,44,24.9,0.05,0,1,169
5598,400,7,7,101,50,11.35,0.05,0,1,169
5599,335,6,6,120,39,21.5,0.05,1,0,169
5600,138,3,3,56,18,4.72,0.05,1,0,169
5601,111,4,4,47,15,6.69,0.05,1,0,169
5602,60,1,1,23,8,-1.7,0.05,1,0,169
5603,13,0,0,5,2,-4.88,0.05,1,0,169
5604,99,1,1,38,12,0.21,0.05,1,0,169
5605,246,5,5,90,29,15.29,0.05,1,0,169
5606,29,0,0,14,4,-3.29,0.05,1,0,169
5607,400,6,6,125,44,24.65,0.05,0,1,169
5608,57,0,0,20,8,-4.82,0.05,1,0,169
5609,120,2,2,52,15,3.8,0.05,1,0,169
5610,400,9,9,128,44,24.1,0.05,0,1,169
5611,13,0,0,4,2,-5.63,0.05,1,0,169
5612,35,0,0,14,5,-4.9,0.05,1,0,169
5613,53,0,0,21,7,-4.28,0.05,1,0,169
5614,15,0,0,5,2,-4.9,0.05,1,0,169
5615,82,2,2,42,11,4.28,0.05,1,0,169
5616,116,0,0,48,15,1.39,0.05,1,0,169
5617,136,3,3,49,16,5.24,0.05,1,0,169
5618,77,0,0,40,10,2.43,0.05,1,0,169
5619,51,0,0,25,7,-1.26,0.05,1,0,169
5620,400,9,9,125,45,25.8,0.05,0,1,169
5621,373,8,9,118,40,28.82,0.05,0,1,169
5622,42,0,0,18,6,-2.87,0.05,1,0,169
5623,204,3,3,75,24,6.36,0.05,1,0,169
5624,400,9,9,128,47,20.25,0.05,0,1,169
5625,28,0,0,15,4,-2.48,0.05,1,0,169
5626,80,0,0,32,11,-4.25,0.05,1,0,169
5627,400,9,9,127,46,28.1,0.05,0,1,169
5628,14,0,0,9,2,-3.54,0.05,1,0,169
5629,42,0,0,15,6,-3.22,0.05,1,0,169
5630,172,3,3,65,20,8.88,0.05,1,0,169
5631,236,6,6,90,29,13.34,0.05,1,0,169
5632,13,0,0,4,2,-6.08,0.05,1,0,169
5633,161,4,4,79,19,14.49,0.05,1,0,169
5634,13,0,0,5,2,-4.43,0.05,1,0,169
5635,6,0,0,3,1,-4.31,0.05,1,0,169
5636,63,0,0,26,9,-3.93,0.05,1,0,169
5637,87,1,1,41,11,2.58,0.05,1,0,169
5638,13,0,0,9,2,-3.58,0.05,1,0,169
5639,64,0,0,31,9,-0.64,0.05,1,0,169
5640,134,1,1,60,17,6.86,0.05,1,0,169
5641,61,1,1,25,8,-0.96,0.05,1,0,169
5642,68,2,2,27,9,1.17,0.05,1,0,169
5643,56,0,0,25,8,-2.11,0.05,1,0,169
5644,400,9,9,120,46,24.2,0.05,0,1,169
5645,14,0,0,6,2,-5.99,0.05,1,0,169
5646,116,3,3,53,15,6.29,0.05,1,0,169
5647,194,4,4,75,24,12.46,0.05,1,0,169
5648,210,3,3,76,26,8.85,0.05,1,0,169
5649,84,0,0,35,11,-2.34,0.05,1,0,169
5650,324,7,7,113,35,23.66,0.05,1,0,169
5651,184,3,3,74,22,9.66,0.05,1,0,169
5652,102,1,1,42,13,1.53,0.05,1,0,169
5653,31,4,4,19,4,3.04,0.05,1,0,169
5654,56,2,2,17,7,-2.61,0.05,1,0,169
5655,400,8,8,121,42,29.7,0.05,0,1,169
5656,94,1,1,42,13,-1.49,0.05,1,0,169
5657,189,3,3,81,23,11.26,0.05,1,0,169
5658,164,3,3,61,20,8.81,0.05,1,0,169
5659,400,8,8,135,44,32.0,0.05,0,1,169
5660,49,1,1,22,7,-2.64,0.05,1,0,169
5661,74,1,1,33,10,-0.24,0.05,1,0,169
5662,201,4,4,77,25,8.19,0.05,1,0,169
5663,6,0,0,3,1,-4.76,0.05,1,0,169
5664,299,3,3,100,36,10.71,0.05,1,0,169
5665,65,1,1,31,9,-0.45,0.05,1,0,169
5666,35,0,0,14,5,-3.7,0.05,1,0,169
5667,35,0,0,16,5,-3.25,0.05,1,0,169
5668,30,0,0,14,4,-2.1,0.05,1,0,169
5669,245,7,7,96,27,19.8,0.05,1,0,169
5670,371,9,9,118,41,20.94,0.05,1,0,169
5671,123,1,1,46,16,0.62,0.05,1,0,169
5672,138,3,3,54,18,4.67,0.05,1,0,169
5673,14,0,0,9,2,-3.09,0.05,1,0,169
5674,21,1,1,10,3,-2.76,0.05,1,0,169
5675,51,0,0,16,7,-5.26,0.05,1,0,169
5676,286,7,7,99,32,20.84,0.05,1,0,169
5677,280,7,7,91,32,15.5,0.05,1,0,169
5678,219,3,3,91,26,17.61,0.05,1,0,169
5679,88,2,2,34,11,2.87,0.05,1,0,169
5680,27,1,1,11,4,-3.57,0.05,1,0,169
5681,333,7,7,114,39,17.67,0.05,1,0,169
5682,173,3,3,71,21,12.07,0.05,1,0,169
5683,146,1,1,60,18,6.39,0.05,1,0,169
5684,85,0,0,46,11,5.1,0.05,1,0,169
5685,36,0,0,13,5,-6.16,0.05,1,0,169
5686,8,0,0,3,1,-4.78,0.05,1,0,169
5687,258,6,6,94,29,15.57,0.05,1,0,169
5688,400,9,9,130,45,30.9,0.05,0,1,169
5689,400,9,9,116,46,20.7,0.05,0,1,169
5690,259,5,5,99,31,18.01,0.05,1,0,169
5691,270,7,7,86,32,10.05,0.05,1,0,169
5692,172,1,1,65,21,7.93,0.05,1,0,169
5693,82,1,1,38,10,3.93,0.05,1,0,169
5694,385,9,9,129,44,25.1,0.05,1,0,169
5695,141,1,1,62,18,4.84,0.05,1,0,169
5696,400,9,9,125,43,29.55,0.05,0,1,169
5697,184,4,4,68,22,8.46,0.05,1,0,169
5698,172,2,2,63,22,2.48,0.05,1,0,169
5699,400,7,7,114,44,23.2,0.05,0,1,169
5700,32,0,0,19,4,-1.17,0.05,1,0,169
5701,106,1,1,42,14,0.44,0.05,1,0,169
5702,28,1,1,16,4,-1.18,0.05,1,0,169
5703,115,0,0,47,15,-1.6,0.05,1,0,169
5704,111,1,1,41,13,2.14,0.05,1,0,169
5705,44,0,0,25,6,-0.69,0.05,1,0,169
5706,400,8,8,128,43,29.9,0.05,0,1,169
5707,91,0,0,34,12,-1.91,0.05,1,0,169
5708,7,0,0,6,1,-3.82,0.05,1,0,169
5709,145,1,1,53,18,2.4,0.05,1,0,169
5710,98,2,2,39,13,0.62,0.05,1,0,169
5711,400,8,8,120,44,21.7,0.05,0,1,169
5712,378,9,9,108,41,22.47,0.05,0,1,169
5713,400,9,9,114,44,21.95,0.05,0,1,169
5714,6,0,0,3,1,-5.21,0.05,1,0,169
5715,217,4,4,90,26,16.78,0.05,1,0,169
5716,400,8,8,126,44,26.75,0.05,0,1,169
5717,228,5,5,75,27,10.62,0.05,1,0,169
5718,82,2,2,36,11,0.03,0.05,1,0,169
5719,20,0,0,10,3,-3.75,0.05,1,0,169
5720,203,6,6,90,23,20.82,0.05,1,0,169
5721,21,1,1,10,3,-3.26,0.05,1,0,169
5722,89,2,2,42,11,5.96,0.05,1,0,169
5723,13,0,0,4,2,-5.63,0.05,1,0,169
5724,399,8,9,121,41,28.86,0.05,0,1,169
5725,245,3,3,89,29,9.95,0.05,1,0,169
5726,308,7,7,107,36,19.27,0.05,1,0,169
5727,89,2,2,35,11,2.36,0.05,1,0,169
5728,399,8,9,108,42,27.71,0.05,0,1,169
5729,400,8,8,127,46,28.2,0.05,0,1,169
5730,246,8,8,88,31,14.94,0.05,1,0,169
5731,13,0,0,4,2,-5.63,0.05,1,0,169
5732,43,0,0,16,6,-3.88,0.05,1,0,169
5733,35,1,1,12,5,-2.85,0.05,1,0,169
5734,190,2,2,78,24,8.4,0.05,1,0,169
5735,255,7,7,90,31,11.1,0.05,1,0,169
5736,179,3,3,69,22,9.36,0.05,1,0,169
5737,35,0,0,15,5,-3.7,0.05,1,0,169
5738,191,4,4,73,23,9.54,0.05,1,0,169
5739,269,6,6,112,32,19.76,0.05,1,0,169
5740,93,2,2,44,12,2.92,0.05,1,0,169
5741,154,3,3,64,19,8.71,0.05,1,0,169
5742,86,2,2,31,11,1.99,0.05,1,0,169
5743,130,3,3,51,16,4.85,0.05,1,0,169
5744,69,1,1,28,9,-1.09,0.05,1,0,169
5745,42,0,0,25,6,-0.57,0.05,1,0,169
5746,61,1,1,23,8,-2.26,0.05,1,0,169
5747,52,0,0,26,7,-1.47,0.05,1,0,169
5748,31,0,0,16,4,-2.36,0.05,1,0,169
5749,56,0,0,23,8,-4.51,0.05,1,0,169
5750,130,2,2,59,17,5.25,0.05,1,0,169
5751,80,0,0,35,10,1.5,0.05,1,0,169
5752,252,7,7,101,28,22.08,0.05,1,0,169
5753,126,3,3,54,15,3.89,0.05,1,0,169
5754,143,2,2,59,17,7.47,0.05,1,0,169
5755,288,3,3,99,34,13.07,0.05,1,0,169
5756,137,3,3,56,18,4.33,0.05,1,0,169
5757,150,4,4,55,18,5.4,0.05,1,0,169
5758,65,0,0,29,9,-1.7,0.05,1,0,169
5759,58,0,0,25,8,-1.93,0.05,1,0,169
5760,37,1,1,14,5,-2.52,0.05,1,0,169
5761,90,1,1,35,12,-4.55,0.05,1,0,169
5762,375,8,9,126,42,27.4,0.05,0,1,169
5763,228,6,6,82,27,15.17,0.05,1,0,169
5764,61,1,1,27,8,-0.26,0.05,1,0,169
5765,35,0,0,12,5,-5.6,0.05,1,0,169
5766,195,3,3,86,24,11.4,0.05,1,0,169
5767,400,9,9,113,45,15.6,0.05,0,1,169
5768,47,1,1,23,6,-1.62,0.05,1,0,169
5769,64,2,2,29,8,1.86,0.05,1,0,169
5770,194,2,2,85,25,7.11,0.05,1,0,169
5771,73,0,0,29,10,-1.73,0.05,1,0,169
5772,59,2,2,26,8,1.41,0.05,1,0,169
5773,61,0,0,25,8,-2.01,0.05,1,0,169
5774,400,9,9,123,42,26.9,0.05,0,1,169
5775,103,2,2,44,13,2.57,0.05,1,0,169
5776,27,0,0,13,4,-4.02,0.05,1,0,169
5777,400,9,9,122,47,12.45,0.05,0,1,169
5778,104,2,2,48,13,4.01,0.05,1,0,169
5779,53,0,0,27,7,0.67,0.05,1,0,169
5780,36,1,1,12,5,-3.46,0.05,1,0,169
5781,135,4,4,50,16,6.4,0.05,1,0,169
5782,77,1,1,30,10,-1.02,0.05,1,0,169
5783,20,0,0,10,3,-3.9,0.05,1,0,169
5784,207,3,3,80,27,8.18,0.05,1,0,169
5785,53,0,0,24,7,-1.28,0.05,1,0,169
5786,190,5,5,91,23,14.9,0.05,1,0,169
5787,84,1,1,34,11,-0.09,0.05,1,0,169
5788,28,0,0,11,4,-4.28,0.05,1,0,169
5789,35,0,0,15,5,-4.4,0.05,1,0,169
5790,6,0,0,3,1,-4.76,0.05,1,0,169
5791,5,0,0,4,1,-4.0,0.05,1,0,169
5792,37,1,1,17,5,-3.02,0.05,1,0,169
5793,383,8,9,118,41,26.62,0.05,0,1,169
5794,224,2,2,81,26,8.06,0.05,1,0,169
5795,64,1,1,35,8,3.31,0.05,1,0,169
5796,84,0,0,35,11,0.06,0.05,1,0,169
5797,400,9,9,134,44,25.15,0.05,0,1,169
5798,235,3,3,88,30,10.7,0.05,1,0,169
5799,220,5,5,84,26,14.65,0.05,1,0,169
5800,142,3,3,55,17,6.48,0.05,1,0,169
5801,21,0,0,12,3,-2.66,0.05,1,0,169
5802,6,0,0,2,1,-5.06,0.05,1,0,169
5803,183,2,2,68,23,5.77,0.05,1,0,169
5804,64,0,0,31,9,-1.94,0.05,1,0,169
5805,350,8,8,124,41,23.8,0.05,1,0,169
5806,22,0,0,7,3,-5.82,0.05,1,0,169
5807,91,2,2,43,12,1.99,0.05,1,0,169
5808,22,0,0,10,3,-4.87,0.05,1,0,169
5809,50,0,0,24,7,-1.7,0.05,1,0,169
5810,171,3,3,72,21,8.49,0.05,1,0,169
5811,389,9,9,116,43,27.26,0.05,0,1,169
5812,89,3,3,42,11,5.51,0.05,1,0,169
5813,384,8,9,115,42,26.71,0.05,0,1,169
5814,400,9,9,123,45,24.2,0.05,0,1,169
5815,28,1,1,10,4,-4.03,0.05,1,0,169
5816,76,0,0,35,10,0.94,0.05,1,0,169
5817,68,1,1,30,9,-2.13,0.05,1,0,169
5818,400,9,9,126,44,24.9,0.05,0,1,169
5819,51,0,0,24,7,-0.66,0.05,1,0,169
5820,366,8,9,121,39,27.39,0.05,0,1,169
5821,36,1,1,16,5,-1.21,0.05,1,0,169
5822,169,2,2,63,20,9.06,0.05,1,0,169
5823,397,8,9,132,44,31.63,0.05,0,1,169
5824,360,8,9,123,39,32.7,0.05,0,1,169
5825,59,0,0,28,8,-2.34,0.05,1,0,169
5826,6,0,0,3,1,-4.76,0.05,1,0,169
5827,400,8,8,128,46,26.6,0.05,0,1,169
5828,65,2,2,27,9,0.7,0.05,1,0,169
5829,91,1,1,41,12,3.74,0.05,1,0,169
5830,194,5,5,81,24,15.66,0.05,1,0,169
5831,325,6,6,119,39,16.75,0.05,1,0,169
5832,70,0,0,30,9,-0.2,0.05,1,0,169
5833,400,9,9,119,47,23.15,0.05,0,1,169
5834,13,0,0,9,2,-3.48,0.05,1,0,169
5835,59,0,0,28,8,-1.54,0.05,1,0,169
5836,400,9,9,112,44,20.05,0.05,0,1,169
5837,218,1,1,78,25,8.17,0.05,1,0,169
5838,43,0,0,19,6,-2.98,0.05,1,0,169
5839,27,1,1,10,4,-3.77,0.05,1,0,169
5840,36,0,0,16,5,-3.16,0.05,1,0,169
5841,124,5,5,42,16,0.81,0.05,1,0,169
5842,42,1,1,13,6,-3.42,0.05,1,0,169
5843,59,1,1,21,8,-2.69,0.05,1,0,169
5844,273,9,9,100,33,19.37,0.05,1,0,169
5845,77,0,0,29,10,-1.52,0.05,1,0,169
5846,218,5,5,72,26,12.82,0.05,1,0,169
5847,194,5,5,85,24,16.31,0.05,1,0,169
5848,234,6,6,88,29,14.01,0.05,1,0,169
5849,159,2,2,56,19,1.16,0.05,1,0,169
5850,20,0,0,10,3,-3.8,0.05,1,0,169
5851,20,0,0,8,3,-4.3,0.05,1,0,169
5852,98,2,2,36,12,1.92,0.05,1,0,169
5853,6,0,0,2,1,-5.06,0.05,1,0,169
5854,400,7,7,124,43,26.8,0.05,0,1,169
5855,270,6,6,103,32,13.75,0.05,1,0,169
5856,71,2,2,40,9,5.19,0.05,1,0,169
5857,101,2,2,43,13,2.74,0.05,1,0,169
5858,13,0,0,6,2,-3.53,0.05,1,0,169
5859,395,9,9,121,46,16.9,0.05,1,0,170
5860,120,3,3,57,16,8.35,0.05,1,0,170
5861,13,0,0,8,2,-4.38,0.05,1,0,170
5862,242,4,4,98,29,16.28,0.05,1,0,170
5863,223,5,5,89,26,16.02,0.05,1,0,170
5864,400,8,9,123,43,31.45,0.05,0,1,170
5865,289,4,4,93,34,11.01,0.05,1,0,170
5866,88,1,1,41,11,2.52,0.05,1,0,170
5867,197,1,1,74,25,6.98,0.05,1,0,170
5868,27,2,2,12,4,-2.57,0.05,1,0,170
5869,59,0,0,22,8,-3.09,0.05,1,0,170
5870,74,2,2,37,9,2.61,0.05,1,0,170
5871,59,1,1,21,8,-2.94,0.05,1,0,170
5872,13,0,0,6,2,-4.38,0.05,1,0,170
5873,28,0,0,16,4,-1.48,0.05,1,0,170
5874,85,2,2,44,12,2.5,0.05,1,0,170
5875,160,3,3,73,20,9.5,0.05,1,0,170
5876,128,2,2,61,16,9.22,0.05,1,0,170
5877,115,1,1,40,14,1.35,0.05,1,0,170
5878,13,0,0,9,2,-3.58,0.05,1,0,170
5879,109,1,1,45,14,1.61,0.05,1,0,170
5880,54,2,2,28,7,1.66,0.05,1,0,170
5881,80,1,1,34,10,2.1,0.05,1,0,170
5882,113,2,2,50,14,5.67,0.05,1,0,170
5883,400,8,8,124,44,31.1,0.05,0,1,170
5884,50,0,0,21,7,-3.5,0.05,1,0,170
5885,89,3,3,41,12,4.51,0.05,1,0,170
5886,6,0,0,3,1,-4.76,0.05,1,0,170
5887,65,3,3,32,8,3.0,0.05,1,0,170
5888,400,9,9,116,44,24.25,0.05,0,1,170
5889,228,4,4,91,27,15.72,0.05,1,0,170
5890,400,8,9,125,45,28.35,0.05,0,1,170
5891,49,1,1,20,6,-1.44,0.05,1,0,170
5892,347,7,7,116,41,15.13,0.05,1,0,170
5893,113,5,5,43,14,4.52,0.05,1,0,170
5894,102,1,1,40,13,1.13,0.05,1,0,170
5895,86,0,0,36,12,-2.56,0.05,1,0,170
5896,89,3,3,37,12,2.86,0.05,1,0,170
5897,70,1,1,29,10,-4.4,0.05,1,0,170
5898,170,3,3,66,20,8.65,0.05,1,0,170
5899,215,5,5,90,26,15.3,0.05,1,0,170
5900,186,2,2,79,23,7.69,0.05,1,0,170
5901,400,9,9,120,44,25.65,0.05,0,1,170
5902,400,9,9,105,43,15.55,0.05,0,1,170
5903,27,0,0,9,4,-5.37,0.05,1,0,170
5904,109,2,2,40,15,-1.84,0.05,1,0,170
5905,115,2,2,49,14,3.7,0.05,1,0,170
5906,104,3,3,45,13,3.21,0.05,1,0,170
5907,44,1,1,19,6,-2.59,0.05,1,0,170
5908,72,1,1,32,9,1.98,0.05,1,0,170
5909,6,0,0,2,1,-4.96,0.05,1,0,170
5910,57,0,0,27,8,-0.62,0.05,1,0,170
5911,42,0,0,20,6,-4.17,0.05,1,0,170
5912,82,1,1,37,10,1.83,0.05,1,0,170
5913,34,0,0,21,5,-2.39,0.05,1,0,170
5914,15,0,0,7,2,-4.0,0.05,1,0,170
5915,28,0,0,11,4,-4.63,0.05,1,0,170
5916,35,1,1,16,5,-0.85,0.05,1,0,170
5917,6,0,0,2,1,-5.56,0.05,1,0,170
5918,153,1,1,53,20,-0.58,0.05,1,0,170
5919,139,1,1,52,18,0.66,0.05,1,0,170
5920,6,0,0,2,1,-5.06,0.05,1,0,170
5921,195,4,4,74,23,11.9,0.05,1,0,170
5922,362,9,9,126,40,27.53,0.05,1,0,170
5923,184,3,3,68,22,6.41,0.05,1,0,170
5924,44,0,0,18,6,-1.79,0.05,1,0,170
5925,206,3,3,79,26,9.24,0.05,1,0,170
5926,397,8,9,131,44,33.43,0.05,0,1,170
5927,194,5,5,66,23,8.11,0.05,1,0,170
5928,30,0,0,11,4,-3.2,0.05,1,0,170
5929,223,6,6,84,26,13.47,0.05,1,0,170
5930,6,0,0,2,1,-4.96,0.05,1,0,170
5931,58,0,0,21,8,-4.13,0.05,1,0,170
5932,122,3,3,52,16,4.33,0.05,1,0,170
5933,38,2,2,16,5,-0.18,0.05,1,0,170
5934,60,0,0,29,8,-0.1,0.05,1,0,170
5935,6,0,0,2,1,-5.06,0.05,1,0,170
5936,75,3,3,31,10,3.3,0.05,1,0,170
5937,232,3,3,87,29,7.48,0.05,1,0,170
5938,76,1,1,37,10,0.84,0.05,1,0,170
5939,68,0,0,33,9,0.72,0.05,1,0,170
5940,121,2,2,57,15,7.59,0.05,1,0,170
5941,158,3,3,71,21,8.22,0.05,1,0,170
5942,400,9,9,119,43,28.35,0.05,0,1,170
5943,400,8,8,125,44,26.2,0.05,0,1,170
5944,152,0,0,19,9,-5.27,0.05,1,0,170
5945,13,0,0,9,2,-3.58,0.05,1,0,170
5946,111,0,0,20,7,-3.41,0.05,1,0,170
5947,36,1,1,15,5,-1.96,0.05,1,0,170
5948,64,0,0,24,7,-1.94,0.05,1,0,170
5949,400,2,2,21,9,-0.35,0.05,0,1,170
5950,243,3,3,51,15,2.37,0.05,1,0,170
5951,22,1,1,11,3,-2.32,0.05,1,0,170
5952,34,0,0,15,5,-4.64,0.05,1,0,170
5953,152,3,3,37,13,2.18,0.05,1,0,170
5954,394,5,5,70,29,3.86,0.05,1,0,170
5955,195,6,6,64,16,12.45,0.05,1,0,170
5956,400,1,1,44,19,-2.65,0.05,0,1,170
5957,13,0,0,4,2,-5.63,0.05,1,0,170
5958,340,3,3,47,20,-0.45,0.05,1,0,170
5959,200,2,2,48,18,-2.3,0.05,1,0,170
5960,400,6,6,56,19,9.4,0.05,0,1,170
5961,80,2,2,35,10,3.7,0.05,1,0,170
5962,21,0,0,9,3,-4.01,0.05,1,0,170
5963,189,4,4,66,23,9.81,0.05,1,0,170
5964,332,8,8,116,37,24.28,0.05,1,0,170
5965,380,9,9,120,43,27.4,0.05,0,1,170
5966,6,0,0,1,1,-4.91,0.05,1,0,170
5967,6,0,0,2,1,-5.06,0.05,1,0,170
5968,20,0,0,9,3,-4.2,0.05,1,0,170
5969,400,9,9,121,43,27.1,0.05,0,1,170
5970,13,0,0,4,2,-5.63,0.05,1,0,170
5971,208,6,6,80,24,16.52,0.05,1,0,170
5972,219,2,2,82,26,9.01,0.05,1,0,170
5973,191,2,2,79,22,12.94,0.05,1,0,170
5974,147,2,2,47,18,-1.07,0.05,1,0,170
5975,35,0,0,16,5,-3.4,0.05,1,0,170
5976,400,8,8,123,45,24.05,0.05,0,1,170
5977,192,0,0,73,24,3.33,0.05,1,0,170
5978,159,4,4,72,19,13.76,0.05,1,0,170
5979,114,2,2,49,14,6.96,0.05,1,0,170
5980,130,3,3,58,15,10.3,0.05,1,0,170
5981,300,8,8,117,37,18.55,0.05,1,0,170
5982,100,2,2,43,13,0.8,0.05,1,0,170
5983,20,0,0,10,3,-3.15,0.05,1,0,170
5984,208,5,5,81,25,13.17,0.05,1,0,170
5985,99,3,3,38,12,4.71,0.05,1,0,170
5986,21,0,0,9,3,-4.61,0.05,1,0,170
5987,41,0,0,18,6,-5.46,0.05,1,0,170
5988,7,0,0,3,1,-4.27,0.05,1,0,170
5989,400,9,9,127,45,25.05,0.05,0,1,170
5990,76,3,3,33,9,4.44,0.05,1,0,170
5991,13,0,0,8,2,-3.93,0.05,1,0,170
5992,358,8,9,111,40,22.92,0.05,0,1,170
5993,13,0,0,6,2,-5.03,0.05,1,0,170
5994,119,2,2,49,15,1.86,0.05,1,0,170
5995,20,1,1,8,3,-4.25,0.05,1,0,170
5996,77,1,1,38,10,1.08,0.05,1,0,170
5997,41,0,0,15,6,-5.71,0.05,1,0,170
5998,400,9,9,124,44,28.6,0.05,0,1,170
5999,344,7,7,104,39,17.41,0.05,1,0,170
6000,400,9,9,124,47,17.05,0.05,0,1,170
6001,59,0,0,26,8,-2.19,0.05,1,0,170
6002,45,1,1,22,6,-1.05,0.05,1,0,170
6003,95,0,0,35,13,-4.25,0.05,1,0,170
6004,224,5,5,94,26,16.41,0.05,1,0,170
6005,21,1,1,10,3,-2.81,0.05,1,0,170
6006,6,0,0,2,1,-5.06,0.05,1,0,170
6007,8,0,0,4,1,-3.93,0.05,1,0,170
6008,6,0,0,3,1,-4.76,0.05,1,0,170
6009,35,1,1,13,5,-4.05,0.05,1,0,170
6010,383,8,9,127,40,32.52,0.05,0,1,170
6011,27,0,0,12,4,-3.72,0.05,1,0,170
6012,178,4,4,76,20,16.87,0.05,1,0,170
6013,42,0,0,20,6,-2.62,0.05,1,0,170
6014,79,2,2,34,10,2.11,0.05,1,0,170
6015,81,0,0,40,11,2.34,0.05,1,0,170
6016,44,1,1,19,6,-1.04,0.05,1,0,170
6017,6,0,0,3,1,-4.76,0.05,1,0,170
6018,128,1,1,49,16,3.62,0.05,1,0,170
6019,21,0,0,12,3,-2.16,0.05,1,0,170
6020,27,1,1,9,4,-3.62,0.05,1,0,170
6021,324,6,6,114,39,17.11,0.05,1,0,170
6022,58,2,2,24,7,2.37,0.05,1,0,170
6023,190,4,4,72,21,11.95,0.05,1,0,170
6024,225,8,8,77,26,11.85,0.05,1,0,170
6025,376,8,9,123,41,30.19,0.05,0,1,170
6026,5,0,0,2,1,-5.0,0.05,1,0,170
6027,216,8,8,85,25,20.79,0.05,1,0,170
6028,114,2,2,40,14,2.61,0.05,1,0,170
6029,226,5,5,87,25,16.64,0.05,1,0,170
6030,45,0,0,21,6,-1.4,0.05,1,0,170
6031,22,0,0,13,3,-2.57,0.05,1,0,170
6032,400,9,9,116,45,23.35,0.05,0,1,170
6033,15,0,0,10,2,-2.65,0.05,1,0,170
6034,6,0,0,2,1,-4.61,0.05,1,0,170
6035,21,0,0,10,3,-3.36,0.05,1,0,170
6036,191,3,3,75,23,9.89,0.05,1,0,170
6037,400,9,9,128,44,30.8,0.05,0,1,170
6038,400,6,6,112,47,16.8,0.05,0,1,170
6039,218,6,6,87,26,17.92,0.05,1,0,170
6040,7,0,0,2,1,-4.47,0.05,1,0,170
6041,21,0,0,11,3,-3.66,0.05,1,0,170
6042,187,3,3,70,22,11.18,0.05,1,0,170
6043,6,0,0,2,1,-5.06,0.05,1,0,170
6044,400,9,9,123,43,22.6,0.05,0,1,170
6045,295,5,5,103,34,16.15,0.05,1,0,170
6046,49,1,1,20,7,-2.14,0.05,1,0,170
6047,133,3,3,54,18,4.77,0.05,1,0,170
6048,6,0,0,3,1,-4.76,0.05,1,0,170
6049,153,0,0,57,20,-0.48,0.05,1,0,170
6050,47,1,1,24,6,0.58,0.05,1,0,170
6051,13,0,0,7,2,-4.18,0.05,1,0,170
6052,146,1,1,63,19,3.49,0.05,1,0,170
6053,121,4,4,51,15,8.79,0.05,1,0,170
6054,286,5,5,98,36,13.24,0.05,1,0,170
6055,113,3,3,43,15,2.82,0.05,1,0,170
6056,7,0,0,2,1,-4.57,0.05,1,0,170
6057,139,1,1,52,18,2.01,0.05,1,0,170
6058,87,1,1,47,11,5.83,0.05,1,0,170
6059,102,1,1,45,13,3.78,0.05,1,0,170
6060,114,5,5,50,14,9.66,0.05,1,0,170
6061,13,0,0,7,2,-3.78,0.05,1,0,170
6062,27,0,0,10,4,-4.52,0.05,1,0,170
6063,159,3,3,59,19,9.06,0.05,1,0,170
6064,255,3,3,88,30,9.25,0.05,1,0,170
6065,46,0,0,22,6,-0.31,0.05,1,0,170
6066,13,0,0,4,2,-5.63,0.05,1,0,170
6067,86,1,1,43,12,1.79,0.05,1,0,170
6068,183,2,2,73,22,11.17,0.05,1,0,170
6069,20,0,0,7,3,-6.25,0.05,1,0,170
6070,166,4,4,56,20,7.29,0.05,1,0,170
6071,399,8,9,122,44,25.21,0.05,0,1,170
6072,214,3,3,88,26,12.36,0.05,1,0,170
6073,368,8,9,126,43,27.72,0.05,0,1,170
6074,21,0,0,10,3,-3.86,0.05,1,0,170
6075,218,4,4,75,26,8.97,0.05,1,0,170
6076,350,8,8,118,37,27.55,0.05,1,0,170
6077,21,0,0,10,3,-3.31,0.05,1,0,170
6078,212,4,4,81,26,11.13,0.05,1,0,170
6079,86,2,2,35,11,2.49,0.05,1,0,170
6080,13,0,0,4,2,-6.08,0.05,1,0,170
6081,108,1,1,46,14,1.47,0.05,1,0,170
6082,178,3,3,74,21,9.22,0.05,1,0,170
6083,130,1,1,62,16,7.05,0.05,1,0,170
6084,134,3,3,54,16,6.46,0.05,1,0,170
6085,104,1,1,44,13,3.36,0.05,1,0,170
6086,146,3,3,55,18,3.74,0.05,1,0,170
6087,36,1,1,14,5,-2.16,0.05,1,0,170
6088,400,8,8,128,45,23.1,0.05,0,1,170
6089,37,0,0,13,5,-4.77,0.05,1,0,170
6090,84,3,3,33,11,2.56,0.05,1,0,170
6091,59,2,2,27,8,2.01,0.05,1,0,170
6092,287,7,7,104,33,20.63,0.05,1,0,170
6093,58,0,0,21,8,-5.03,0.05,1,0,170
6094,126,3,3,50,17,4.74,0.05,1,0,170
6095,112,1,1,45,14,2.03,0.05,1,0,170
6096,229,4,4,72,27,8.01,0.05,1,0,170
6097,48,1,1,25,6,1.37,0.05,1,0,170
6098,39,1,1,19,5,-0.99,0.05,1,0,170
6099,37,1,1,14,5,-2.42,0.05,1,0,170
6100,6,0,0,3,1,-4.76,0.05,1,0,170
6101,51,0,0,24,7,-1.46,0.05,1,0,170
6102,400,9,9,117,45,23.9,0.05,0,1,170
6103,261,4,4,89,32,9.59,0.05,1,0,170
6104,51,0,0,29,7,0.34,0.05,1,0,170
6105,395,8,9,133,45,27.1,0.05,0,1,170
6106,58,0,0,25,8,-2.98,0.05,1,0,170
6107,362,6,6,115,39,21.18,0.05,1,0,170
6108,13,0,0,5,2,-5.33,0.05,1,0,170
6109,105,2,2,39,15,-3.5,0.05,1,0,170
6110,212,4,4,84,28,6.88,0.05,1,0,170
6111,132,0,0,55,16,2.53,0.05,1,0,170
6112,27,0,0,9,4,-5.32,0.05,1,0,170
6113,257,4,4,103,31,15.38,0.05,1,0,170
6114,200,3,3,65,25,5.4,0.05,1,0,170
6115,400,8,8,108,43,22.95,0.05,0,1,170
6116,5,0,0,3,1,-4.7,0.05,1,0,170
6117,15,0,0,6,2,-4.9,0.05,1,0,170
6118,43,0,0,18,6,-3.78,0.05,1,0,170
6119,190,2,2,75,24,6.2,0.05,1,0,170
6120,117,4,4,54,14,11.13,0.05,1,0,170
6121,340,8,9,113,38,30.9,0.05,0,1,170
6122,23,0,0,10,3,-4.38,0.05,1,0,170
6123,76,1,1,29,10,1.14,0.05,1,0,170
6124,282,6,6,107,35,12.48,0.05,1,0,170
6125,297,7,7,107,35,18.63,0.05,1,0,170
6126,241,5,5,93,28,17.09,0.05,1,0,170
6127,400,6,6,112,45,19.5,0.05,0,1,170
6128,196,1,1,72,23,7.79,0.05,1,0,170
6129,231,5,5,83,26,12.69,0.05,1,0,170
6130,54,1,1,23,7,-0.44,0.05,1,0,170
6131,58,0,0,27,8,-1.83,0.05,1,0,170
6132,400,9,9,128,44,31.1,0.05,0,1,170
6133,5,0,0,3,1,-4.3,0.05,1,0,170
6134,72,1,1,36,10,2.33,0.05,1,0,170
6135,159,4,4,68,19,8.11,0.05,1,0,170
6136,204,4,4,75,23,12.81,0.05,1,0,170
6137,61,1,1,36,8,3.39,0.05,1,0,170
6138,400,9,9,117,45,23.95,0.05,0,1,170
6139,347,9,9,124,37,32.18,0.05,0,1,170
6140,20,0,0,9,3,-4.1,0.05,1,0,170
6141,283,6,6,95,34,11.62,0.05,1,0,170
6142,35,0,0,15,5,-4.05,0.05,1,0,170
6143,51,2,2,27,7,1.24,0.05,1,0,170
6144,190,6,6,69,22,12.9,0.05,1,0,170
6145,44,1,1,16,6,-2.84,0.05,1,0,170
6146,358,8,9,123,38,27.42,0.05,0,1,170
6147,308,6,6,113,37,12.32,0.05,1,0,170
6148,103,1,1,39,13,1.77,0.05,1,0,170
6149,65,0,0,28,9,-2.65,0.05,1,0,170
6150,144,3,3,61,18,7.91,0.05,1,0,170
6151,229,7,7,84,27,18.61,0.05,1,0,170
6152,13,0,0,6,2,-4.48,0.05,1,0,170
6153,20,0,0,10,3,-3.9,0.05,1,0,170
6154,98,3,3,41,12,4.57,0.05,1,0,170
6155,35,1,1,16,5,-3.1,0.05,1,0,170
6156,397,9,9,113,41,26.33,0.05,1,0,170
6157,400,9,9,125,43,29.55,0.05,0,1,170
6158,187,3,3,74,21,10.88,0.05,1,0,170
6159,70,0,0,36,10,-2.7,0.05,1,0,170
6160,20,0,0,10,3,-3.8,0.05,1,0,170
6161,344,9,9,108,38,21.66,0.05,1,0,170
6162,80,2,2,40,10,4.1,0.05,1,0,170
6163,60,1,1,23,8,-1.45,0.05,1,0,170
6164,186,6,6,75,24,4.74,0.05,1,0,170
6165,149,1,1,45,19,0.16,0.05,1,0,170
6166,108,1,1,48,13,4.17,0.05,1,0,170
6167,56,0,0,23,8,-3.81,0.05,1,0,170
6168,246,7,7,88,29,17.19,0.05,1,0,170
6169,52,1,1,23,7,-0.87,0.05,1,0,170
6170,122,0,0,49,15,1.03,0.05,1,0,170
6171,400,9,9,124,43,32.85,0.05,0,1,170
6172,66,0,0,31,9,0.09,0.05,1,0,170
6173,147,0,0,64,18,8.28,0.05,1,0,170
6174,400,6,6,87,30,14.25,0.05,0,1,170
6175,400,5,5,45,16,5.55,0.05,0,1,170
6176,20,0,0,8,3,-5.0,0.05,1,0,170
6177,400,2,2,55,16,6.95,0.05,0,1,170
6178,386,1,1,19,9,-8.71,0.05,1,0,170
6179,400,1,1,44,15,1.35,0.05,0,1,170
6180,400,2,2,47,15,5.25,0.05,0,1,170
6181,84,3,3,28,9,-0.24,0.05,1,0,170
6182,400,1,1,51,18,-0.75,0.05,0,1,170
6183,400,4,4,56,21,3.8,0.05,0,1,170
6184,400,1,1,27,8,0.8,0.05,0,1,170
6185,14,0,0,9,2,-3.54,0.05,1,0,170
6186,76,1,1,22,7,-2.91,0.05,1,0,170
6187,58,1,1,22,8,-2.98,0.05,1,0,170
6188,177,2,2,40,13,0.93,0.05,1,0,170
6189,400,3,3,46,14,3.95,0.05,0,1,170
6190,71,1,1,28,9,-1.71,0.05,1,0,170
6191,7,0,0,4,1,-3.92,0.05,1,0,170
6192,210,4,4,75,25,14.15,0.05,1,0,170
6193,294,7,7,108,35,22.31,0.05,1,0,170
6194,13,0,0,6,2,-5.28,0.05,1,0,170
6195,43,0,0,22,6,-2.98,0.05,1,0,170
6196,250,4,4,88,28,12.05,0.05,1,0,170
6197,356,4,4,108,41,14.74,0.05,1,0,170
6198,42,0,0,20,6,-1.62,0.05,1,0,170
6199,35,0,0,14,5,-4.9,0.05,1,0,170
6200,211,5,5,88,25,14.39,0.05,1,0,170
6201,293,7,7,94,33,14.62,0.05,1,0,170
6202,341,4,4,121,39,18.89,0.05,1,0,170
6203,13,0,0,5,2,-5.33,0.05,1,0,170
6204,357,9,9,120,40,31.38,0.05,0,1,170
6205,37,0,0,13,5,-5.12,0.05,1,0,170
6206,65,0,0,31,9,-2.25,0.05,1,0,170
6207,154,2,2,75,20,9.51,0.05,1,0,170
6208,6,0,0,3,1,-4.76,0.05,1,0,170
6209,87,2,2,40,11,5.63,0.05,1,0,170
6210,236,4,4,96,30,6.84,0.05,1,0,170
6211,157,0,0,81,20,9.18,0.05,1,0,170
6212,35,0,0,12,5,-5.05,0.05,1,0,170
6213,399,9,9,123,43,26.86,0.05,0,1,170
6214,6,0,0,2,1,-5.51,0.05,1,0,170
6215,199,5,5,83,24,13.41,0.05,1,0,170
6216,80,1,1,47,11,3.4,0.05,1,0,170
6217,301,6,6,99,34,16.89,0.05,1,0,170
6218,59,1,1,26,8,-2.79,0.05,1,0,170
6219,70,1,1,33,9,0.95,0.05,1,0,170
6220,106,3,3,45,13,5.74,0.05,1,0,170
6221,13,0,0,7,2,-4.18,0.05,1,0,170
6222,6,0,0,2,1,-4.51,0.05,1,0,170
6223,13,0,0,7,2,-4.23,0.05,1,0,170
6224,190,3,3,65,22,8.8,0.05,1,0,170
6225,20,0,0,9,3,-4.1,0.05,1,0,170
6226,151,6,6,63,19,11.29,0.05,1,0,170
6227,13,0,0,5,2,-5.33,0.05,1,0,170
6228,118,2,2,47,15,1.02,0.05,1,0,170
6229,34,0,0,16,5,-2.79,0.05,1,0,170
6230,28,0,0,9,4,-4.78,0.05,1,0,170
6231,127,1,1,61,16,4.63,0.05,1,0,170
6232,21,0,0,10,3,-3.41,0.05,1,0,170
6233,151,5,5,58,18,8.79,0.05,1,0,170
6234,116,1,1,51,15,1.54,0.05,1,0,170
6235,49,3,3,21,6,1.81,0.05,1,0,170
6236,206,5,5,73,25,10.44,0.05,1,0,170
6237,7,0,0,2,1,-4.57,0.05,1,0,170
6238,23,0,0,9,3,-4.83,0.05,1,0,170
6239,400,9,9,125,46,23.45,0.05,0,1,170
6240,28,0,0,11,4,-3.83,0.05,1,0,170
6241,348,5,5,119,38,15.37,0.05,1,0,170
6242,280,5,5,89,32,12.3,0.05,1,0,170
6243,36,0,0,15,5,-3.46,0.05,1,0,170
6244,49,0,0,24,7,-1.54,0.05,1,0,170
6245,50,1,1,20,7,-1.4,0.05,1,0,170
6246,56,0,0,22,8,-2.96,0.05,1,0,170
6247,346,9,9,118,37,30.44,0.05,0,1,170
6248,187,3,3,80,23,13.83,0.05,1,0,170
6249,178,2,2,78,24,4.42,0.05,1,0,170
6250,6,0,0,2,1,-5.06,0.05,1,0,170
6251,55,1,1,22,7,-0.4,0.05,1,0,170
6252,84,1,1,31,11,-2.99,0.05,1,0,170
6253,13,0,0,6,2,-5.03,0.05,1,0,170
6254,6,0,0,3,1,-4.66,0.05,1,0,170
6255,38,1,1,20,5,0.67,0.05,1,0,170
6256,54,0,0,23,7,-1.04,0.05,1,0,170
6257,263,5,5,85,32,10.82,0.05,1,0,170
6258,6,0,0,2,1,-5.06,0.05,1,0,170
6259,72,0,0,24,10,-6.67,0.05,1,0,170
6260,49,0,0,17,7,-5.84,0.05,1,0,170
6261,13,0,0,4,2,-5.18,0.05,1,0,170
6262,35,0,0,12,5,-5.05,0.05,1,0,170
6263,355,7,7,126,40,26.55,0.05,1,0,170
6264,65,0,0,25,9,-3.25,0.05,1,0,170
6265,225,4,4,96,28,11.4,0.05,1,0,170
6266,207,4,4,82,25,12.38,0.05,1,0,170
6267,110,2,2,42,15,-1.6,0.05,1,0,170
6268,125,2,2,50,16,3.75,0.05,1,0,170
6269,83,2,2,29,11,-1.38,0.05,1,0,170
6270,148,2,2,56,19,3.07,0.05,1,0,170
6271,6,0,0,2,1,-5.06,0.05,1,0,170
6272,52,0,0,25,7,-0.62,0.05,1,0,170
6273,202,3,3,84,25,11.33,0.05,1,0,170
6274,55,1,1,29,7,1.9,0.05,1,0,170
6275,109,3,3,46,14,2.91,0.05,1,0,170
6276,76,0,0,35,10,0.49,0.05,1,0,170
6277,51,0,0,21,7,-3.56,0.05,1,0,170
6278,168,1,1,59,20,2.67,0.05,1,0,170
6279,6,0,0,3,1,-4.76,0.05,1,0,170
6280,21,0,0,12,3,-2.71,0.05,1,0,170
6281,378,8,8,123,43,20.47,0.05,1,0,170
6282,13,0,0,7,2,-3.63,0.05,1,0,170
6283,45,1,1,19,6,-2.0,0.05,1,0,170
6284,81,1,1,36,10,2.09,0.05,1,0,170
6285,189,4,4,62,23,6.31,0.05,1,0,170
6286,234,4,4,80,28,9.66,0.05,1,0,170
6287,70,1,1,29,9,-0.95,0.05,1,0,170
6288,272,5,5,90,32,15.43,0.05,1,0,170
6289,400,8,8,121,44,26.25,0.05,0,1,170
6290,53,0,0,23,7,-2.33,0.05,1,0,170
6291,8,0,0,2,1,-6.08,0.05,1,0,170
6292,142,3,3,57,17,7.33,0.05,1,0,170
6293,53,1,1,26,7,-0.18,0.05,1,0,170
6294,14,0,0,6,2,-5.89,0.05,1,0,170
6295,393,8,9,113,43,21.72,0.05,0,1,170
6296,75,1,1,29,10,0.7,0.05,1,0,170
6297,52,0,0,26,7,-1.17,0.05,1,0,170
6298,61,1,1,26,8,0.24,0.05,1,0,170
6299,15,0,0,10,2,-3.3,0.05,1,0,170
6300,89,0,0,37,12,-0.79,0.05,1,0,170
6301,188,7,7,77,24,14.42,0.05,1,0,170
6302,13,0,0,6,2,-5.03,0.05,1,0,170
6303,53,2,2,20,7,0.32,0.05,1,0,170
6304,365,9,9,125,40,33.5,0.05,0,1,170
6305,20,1,1,9,3,-2.6,0.05,1,0,170
6306,105,4,4,44,13,6.75,0.05,1,0,170
6307,100,0,0,47,13,1.1,0.05,1,0,170
6308,27,0,0,9,4,-5.27,0.05,1,0,170
6309,54,1,1,21,7,-2.49,0.05,1,0,170
6310,400,7,7,122,46,20.85,0.05,0,1,170
6311,166,6,6,69,20,11.99,0.05,1,0,170
6312,100,3,3,48,13,5.1,0.05,1,0,170
6313,20,0,0,8,3,-5.0,0.05,1,0,170
6314,13,0,0,6,2,-4.83,0.05,1,0,170
6315,14,0,0,5,2,-5.29,0.05,1,0,170
6316,60,1,1,23,8,-2.55,0.05,1,0,170
6317,384,8,9,121,41,30.76,0.05,0,1,170
6318,64,2,2,31,9,1.51,0.05,1,0,170
6319,20,0,0,10,3,-3.25,0.05,1,0,170
6320,113,1,1,43,15,-2.03,0.05,1,0,170
6321,63,3,3,33,8,3.07,0.05,1,0,170
6322,146,4,4,56,17,7.89,0.05,1,0,170
6323,125,1,1,55,15,5.35,0.05,1,0,170
6324,143,3,3,53,18,4.02,0.05,1,0,170
6325,208,3,3,87,26,9.57,0.05,1,0,170
6326,380,8,9,132,41,30.9,0.05,0,1,170
6327,97,2,2,45,13,5.48,0.05,1,0,170
6328,13,0,0,5,2,-4.88,0.05,1,0,170
6329,20,0,0,10,3,-3.5,0.05,1,0,170
6330,64,0,0,29,9,-1.29,0.05,1,0,170
6331,54,1,1,24,7,-0.44,0.05,1,0,170
6332,204,4,4,77,25,10.61,0.05,1,0,170
6333,100,1,1,42,13,1.55,0.05,1,0,170
6334,330,7,7,94,37,10.5,0.05,1,0,170
6335,7,0,0,3,1,-4.27,0.05,1,0,170
6336,29,0,0,15,4,-1.99,0.05,1,0,170
6337,50,1,1,20,7,-2.15,0.05,1,0,170
6338,14,0,0,8,2,-3.74,0.05,1,0,170
6339,109,0,0,41,13,3.26,0.05,1,0,170
6340,399,9,9,120,50,14.11,0.05,1,0,170
6341,84,0,0,35,11,-2.34,0.05,1,0,170
6342,43,0,0,20,6,-3.33,0.05,1,0,170
6343,69,2,2,31,10,1.26,0.05,1,0,170
6344,6,0,0,3,1,-4.76,0.05,1,0,170
6345,142,0,0,52,19,-0.77,0.05,1,0,170
6346,100,1,1,31,14,-3.85,0.05,1,0,170
6347,49,1,1,23,7,-2.54,0.05,1,0,170
6348,6,0,0,1,1,-5.36,0.05,1,0,170
6349,48,1,1,20,7,-4.23,0.05,1,0,170
6350,194,4,4,81,25,8.41,0.05,1,0,170
6351,34,0,0,15,5,-4.69,0.05,1,0,170
6352,13,0,0,8,2,-3.78,0.05,1,0,170
6353,333,5,5,119,38,17.47,0.05,1,0,170
6354,36,0,0,15,5,-4.91,0.05,1,0,170
6355,288,6,6,104,33,20.02,0.05,1,0,170
6356,39,1,1,14,5,-3.94,0.05,1,0,170
6357,62,1,1,30,9,-2.02,0.05,1,0,170
6358,298,5,5,105,33,17.07,0.05,1,0,170
6359,14,0,0,8,2,-3.74,0.05,1,0,170
6360,57,0,0,26,8,-1.07,0.05,1,0,170
6361,42,1,1,15,6,-4.67,0.05,1,0,170
6362,250,6,6,83,30,9.05,0.05,1,0,170
6363,41,0,0,16,6,-5.71,0.05,1,0,170
6364,129,2,2,60,16,8.66,0.05,1,0,170
6365,74,0,0,33,10,-0.34,0.05,1,0,170
6366,296,7,7,109,33,21.49,0.05,1,0,170
6367,6,0,0,2,1,-5.06,0.05,1,0,170
6368,173,3,3,67,21,5.82,0.05,1,0,170
6369,6,0,0,3,1,-4.66,0.05,1,0,170
6370,78,0,0,32,11,-4.08,0.05,1,0,170
6371,28,0,0,15,4,-2.43,0.05,1,0,170
6372,21,0,0,8,3,-4.51,0.05,1,0,170
6373,151,2,2,61,19,7.34,0.05,1,0,170
6374,14,0,0,5,2,-5.39,0.05,1,0,170
6375,210,5,5,86,24,14.2,0.05,1,0,170
6376,35,2,2,16,5,-0.7,0.05,1,0,170
6377,377,9,9,121,43,27.68,0.05,0,1,170
6378,389,8,9,115,44,22.21,0.05,0,1,170
6379,167,2,2,80,21,8.73,0.05,1,0,170
6380,21,0,0,14,3,-2.21,0.05,1,0,170
6381,327,9,9,117,38,23.33,0.05,1,0,170
6382,257,5,5,86,29,17.93,0.05,1,0,170
6383,14,0,0,5,2,-5.39,0.05,1,0,170
6384,58,1,1,28,8,2.02,0.05,1,0,170
6385,84,2,2,35,11,1.41,0.05,1,0,170
6386,193,2,2,70,24,7.12,0.05,1,0,170
6387,362,9,9,117,39,28.33,0.05,0,1,170
6388,224,7,7,85,25,19.11,0.05,1,0,170
6389,48,0,0,18,7,-4.53,0.05,1,0,170
6390,50,0,0,20,7,-3.5,0.05,1,0,170
6391,400,8,8,119,45,22.85,0.05,0,1,170
6392,22,0,0,13,3,-2.87,0.05,1,0,170
6393,130,3,3,51,16,6.5,0.05,1,0,170
6394,204,4,4,88,25,15.51,0.05,1,0,170
6395,84,0,0,36,11,-0.29,0.05,1,0,170
6396,53,1,1,19,7,-2.63,0.05,1,0,170
6397,197,3,3,78,25,7.78,0.05,1,0,170
6398,13,0,0,5,2,-4.23,0.05,1,0,170
6399,106,2,2,54,13,8.34,0.05,1,0,170
6400,20,0,0,8,3,-4.65,0.05,1,0,170
6401,145,2,2,59,19,2.2,0.05,1,0,170
6402,130,0,0,19,18,-11.2,0.05,1,0,170
6403,14,0,0,9,2,-2.99,0.05,1,0,170
6404,248,5,5,104,29,22.42,0.05,1,0,170
6405,41,0,0,17,6,-4.76,0.05,1,0,170
6406,57,0,0,26,8,-2.32,0.05,1,0,170
6407,13,0,0,8,2,-4.23,0.05,1,0,170
6408,247,6,6,97,29,19.53,0.05,1,0,170
6409,30,0,0,10,4,-5.5,0.05,1,0,170
6410,156,3,3,62,19,4.39,0.05,1,0,170
6411,160,1,1,71,20,5.8,0.05,1,0,170
6412,29,0,0,14,4,-2.79,0.05,1,0,170
6413,13,0,0,7,2,-3.73,0.05,1,0,170
6414,134,4,4,55,17,7.41,0.05,1,0,170
6415,35,0,0,15,5,-3.55,0.05,1,0,170
6416,132,3,3,61,16,10.38,0.05,1,0,170
6417,14,0,0,7,2,-3.59,0.05,1,0,170
6418,7,0,0,2,1,-4.57,0.05,1,0,170
6419,79,2,2,39,10,5.11,0.05,1,0,170
6420,21,0,0,9,3,-4.21,0.05,1,0,170
6421,27,1,1,10,4,-4.87,0.05,1,0,170
6422,64,0,0,30,9,-1.09,0.05,1,0,170
6423,87,2,2,47,11,5.13,0.05,1,0,170
6424,37,1,1,15,5,-2.52,0.05,1,0,170
6425,383,9,9,116,42,23.17,0.05,0,1,170
6426,276,7,7,100,31,21.24,0.05,1,0,170
6427,139,2,2,62,17,6.06,0.05,1,0,170
6428,35,0,0,10,5,-5.55,0.05,1,0,170
6429,211,6,6,81,25,9.54,0.05,1,0,170
6430,287,5,5,105,32,21.13,0.05,1,0,170
6431,345,9,9,117,39,22.65,0.05,0,1,170
6432,13,0,0,6,2,-5.38,0.05,1,0,170
6433,121,3,3,43,15,4.19,0.05,1,0,170
6434,83,1,1,39,11,2.37,0.05,1,0,170
6435,51,2,2,21,7,-1.06,0.05,1,0,170
6436,392,7,7,106,46,8.83,0.05,1,0,170
6437,13,0,0,4,2,-5.53,0.05,1,0,170
6438,73,0,0,37,9,2.72,0.05,1,0,170
6439,249,4,4,88,30,14.56,0.05,1,0,170
6440,170,2,2,60,22,2.8,0.05,1,0,170
6441,125,2,2,54,16,3.35,0.05,1,0,170
6442,34,0,0,13,5,-5.74,0.05,1,0,170
6443,264,6,6,99,31,16.11,0.05,1,0,170
6444,6,0,0,2,1,-5.06,0.05,1,0,170
6445,6,0,0,2,1,-4.96,0.05,1,0,170
6446,72,1,1,36,9,2.28,0.05,1,0,170
6447,226,8,8,81,27,15.94,0.05,1,0,170
6448,35,0,0,12,5,-3.55,0.05,1,0,170
6449,281,5,5,91,33,13.54,0.05,1,0,170
6450,6,0,0,3,1,-4.31,0.05,1,0,170
6451,80,3,3,26,11,-1.35,0.05,1,0,170
6452,258,5,5,92,32,9.52,0.05,1,0,170
6453,49,0,0,15,7,-7.39,0.05,1,0,170
6454,400,9,9,121,45,27.7,0.05,0,1,170
6455,183,5,5,89,23,15.37,0.05,1,0,170
6456,131,1,1,47,16,2.14,0.05,1,0,170
6457,56,0,0,25,8,-2.01,0.05,1,0,170
6458,75,1,1,39,10,3.0,0.05,1,0,170
6459,390,9,9,127,43,32.05,0.05,0,1,170
6460,45,0,0,16,6,-4.75,0.05,1,0,170
6461,204,4,4,79,25,10.86,0.05,1,0,170
6462,20,0,0,8,3,-4.5,0.05,1,0,170
6463,330,7,7,116,37,21.8,0.05,1,0,170
6464,27,1,1,12,4,-3.27,0.05,1,0,170
6465,381,9,9,116,42,27.74,0.05,0,1,170
6466,13,0,0,8,2,-3.33,0.05,1,0,170
6467,202,3,3,82,24,12.93,0.05,1,0,170
6468,60,0,0,26,8,-2.35,0.05,1,0,170
6469,124,3,3,48,15,5.96,0.05,1,0,170
6470,99,0,0,46,13,2.61,0.05,1,0,170
6471,21,1,1,10,3,-2.21,0.05,1,0,170
6472,14,0,0,7,2,-3.59,0.05,1,0,170
6473,61,2,2,26,8,0.59,0.05,1,0,170
6474,176,3,3,74,21,13.14,0.05,1,0,170
6475,110,2,2,46,13,4.8,0.05,1,0,170
6476,14,0,0,5,2,-4.64,0.05,1,0,170
6477,291,6,6,100,34,15.84,0.05,1,0,170
6478,77,1,1,31,10,0.68,0.05,1,0,170
6479,169,1,1,72,20,7.26,0.05,1,0,170
6480,127,1,1,50,15,3.68,0.05,1,0,170
6481,238,5,5,95,29,14.72,0.05,1,0,170
6482,20,0,0,7,3,-4.25,0.05,1,0,170
6483,348,9,9,125,40,25.12,0.05,1,0,170
6484,76,0,0,29,10,-1.46,0.05,1,0,170
6485,216,3,3,85,27,10.24,0.05,1,0,170
6486,36,1,1,10,5,-4.06,0.05,1,0,170
6487,7,0,0,3,1,-4.27,0.05,1,0,170
6488,400,9,9,126,46,28.1,0.05,0,1,171
6489,121,2,2,48,15,3.64,0.05,1,0,171
6490,186,4,4,85,22,12.84,0.05,1,0,171
6491,14,0,0,6,2,-4.89,0.05,1,0,171
6492,36,1,1,20,5,0.04,0.05,1,0,171
6493,154,4,4,60,19,8.26,0.05,1,0,171
6494,64,0,0,34,8,1.36,0.05,1,0,171
6495,264,4,4,96,31,15.91,0.05,1,0,171
6496,204,4,4,77,23,13.71,0.05,1,0,171
6497,160,4,4,70,19,12.95,0.05,1,0,171
6498,120,3,3,48,16,2.7,0.05,1,0,171
6499,126,1,1,47,15,4.39,0.05,1,0,171
6500,65,2,2,23,9,-2.05,0.05,1,0,171
6501,69,0,0,32,9,0.16,0.05,1,0,171
6502,323,7,7,123,38,22.62,0.05,1,0,171
6503,21,0,0,12,3,-3.31,0.05,1,0,171
6504,7,0,0,2,1,-4.57,0.05,1,0,171
6505,103,0,0,41,13,1.02,0.05,1,0,171
6506,36,0,0,15,5,-3.16,0.05,1,0,171
6507,49,1,1,21,7,-1.49,0.05,1,0,171
6508,328,8,8,115,35,25.97,0.05,1,0,171
6509,21,0,0,10,3,-3.86,0.05,1,0,171
6510,71,1,1,30,10,-0.96,0.05,1,0,171
6511,60,2,2,26,8,0.1,0.05,1,0,171
6512,6,0,0,3,1,-4.76,0.05,1,0,171
6513,13,0,0,5,2,-5.33,0.05,1,0,171
6514,131,4,4,49,16,6.34,0.05,1,0,171
6515,95,0,0,38,13,-2.5,0.05,1,0,171
6516,60,1,1,25,8,0.65,0.05,1,0,171
6517,20,0,0,10,3,-3.4,0.05,1,0,171
6518,22,0,0,9,3,-4.27,0.05,1,0,171
6519,182,6,6,69,23,9.23,0.05,1,0,171
6520,195,2,2,68,27,0.25,0.05,1,0,171
6521,43,1,1,21,6,-0.28,0.05,1,0,171
6522,94,2,2,39,12,3.81,0.05,1,0,171
6523,379,8,9,116,41,25.46,0.05,0,1,171
6524,400,8,8,131,45,29.2,0.05,0,1,171
6525,86,3,3,37,11,2.59,0.05,1,0,171
6526,173,2,2,67,21,5.22,0.05,1,0,171
6527,6,0,0,3,1,-4.76,0.05,1,0,171
6528,267,6,6,108,31,23.28,0.05,1,0,171
6529,44,0,0,22,6,-1.59,0.05,1,0,171
6530,157,0,0,65,19,5.28,0.05,1,0,171
6531,263,0,0,88,34,0.87,0.05,1,0,171
6532,77,1,1,40,10,3.28,0.05,1,0,171
6533,210,4,4,87,25,16.15,0.05,1,0,171
6534,397,8,9,131,44,34.73,0.05,0,1,171
6535,166,1,1,74,19,12.49,0.05,1,0,171
6536,143,3,3,60,18,5.22,0.05,1,0,171
6537,76,1,1,33,10,1.94,0.05,1,0,171
6538,129,1,1,54,17,3.46,0.05,1,0,171
6539,387,9,9,117,42,25.98,0.05,0,1,171
6540,90,0,0,34,12,-2.0,0.05,1,0,171
6541,50,1,1,23,7,-1.3,0.05,1,0,171
6542,51,0,0,17,7,-3.76,0.05,1,0,171
6543,90,2,2,39,12,3.05,0.05,1,0,171
6544,76,1,1,26,10,-2.81,0.05,1,0,171
6545,37,1,1,15,5,-2.62,0.05,1,0,171
6546,14,0,0,7,2,-3.69,0.05,1,0,171
6547,224,6,6,78,27,12.81,0.05,1,0,171
6548,169,4,4,71,22,7.91,0.05,1,0,171
6549,50,0,0,23,7,-1.5,0.05,1,0,171
6550,393,8,9,120,45,26.82,0.05,0,1,171
6551,102,1,1,38,12,4.33,0.05,1,0,171
6552,6,0,0,1,1,-5.36,0.05,1,0,171
6553,390,8,9,113,43,25.4,0.05,0,1,171
6554,79,0,0,40,10,1.76,0.05,1,0,171
6555,112,1,1,53,14,4.08,0.05,1,0,171
6556,30,0,0,10,4,-4.4,0.05,1,0,171
6557,133,0,0,51,17,-0.73,0.05,1,0,171
6558,50,1,1,23,7,-2.4,0.05,1,0,171
6559,14,0,0,9,2,-3.99,0.05,1,0,171
6560,65,1,1,31,8,1.5,0.05,1,0,171
6561,13,0,0,8,2,-2.83,0.05,1,0,171
6562,150,1,1,62,19,3.25,0.05,1,0,171
6563,197,7,7,78,24,10.78,0.05,1,0,171
6564,21,0,0,7,3,-5.31,0.05,1,0,171
6565,351,8,9,116,39,26.94,0.05,0,1,171
6566,106,2,2,40,13,1.94,0.05,1,0,171
6567,159,3,3,79,20,11.81,0.05,1,0,171
6568,6,0,0,3,1,-4.76,0.05,1,0,171
6569,209,3,3,85,24,13.81,0.05,1,0,171
6570,373,9,9,122,41,28.52,0.05,0,1,171
6571,35,0,0,11,5,-4.75,0.05,1,0,171
6572,375,9,9,130,42,31.35,0.05,0,1,171
6573,30,0,0,14,4,-3.35,0.05,1,0,171
6574,284,7,7,102,33,19.21,0.05,1,0,171
6575,7,0,0,6,1,-3.27,0.05,1,0,171
6576,35,0,0,17,5,-3.15,0.05,1,0,171
6577,95,1,1,42,13,1.25,0.05,1,0,171
6578,42,0,0,19,6,-2.12,0.05,1,0,171
6579,58,0,0,27,8,-1.03,0.05,1,0,171
6580,56,0,0,27,8,-2.86,0.05,1,0,171
6581,251,5,5,91,31,9.99,0.05,1,0,171
6582,21,0,0,10,3,-3.96,0.05,1,0,171
6583,146,2,2,58,19,5.09,0.05,1,0,171
6584,28,0,0,12,4,-4.83,0.05,1,0,171
6585,180,3,3,71,23,5.35,0.05,1,0,171
6586,113,2,2,41,15,-2.33,0.05,1,0,171
6587,357,8,9,114,39,29.08,0.05,0,1,171
6588,372,9,9,129,42,25.23,0.05,1,0,171
6589,380,8,9,123,41,29.6,0.05,0,1,171
6590,259,6,6,96,32,15.21,0.05,1,0,171
6591,28,0,0,9,4,-5.33,0.05,1,0,171
6592,398,9,9,119,43,23.12,0.05,0,1,171
6593,362,9,9,120,40,25.28,0.05,0,1,171
6594,6,0,0,3,1,-4.21,0.05,1,0,171
6595,50,1,1,24,7,-1.2,0.05,1,0,171
6596,42,0,0,16,6,-3.47,0.05,1,0,171
6597,74,1,1,32,9,1.46,0.05,1,0,171
6598,104,2,2,47,13,5.41,0.05,1,0,171
6599,6,0,0,3,1,-4.31,0.05,1,0,171
6600,67,0,0,26,9,-2.97,0.05,1,0,171
6601,27,0,0,14,4,-4.32,0.05,1,0,171
6602,51,2,2,19,7,-0.91,0.05,1,0,171
6603,330,8,8,117,39,21.3,0.05,1,0,171
6604,28,0,0,14,4,-2.68,0.05,1,0,171
6605,190,5,5,70,24,5.8,0.05,1,0,171
6606,86,3,3,35,11,2.49,0.05,1,0,171
6607,262,1,1,89,34,1.63,0.05,1,0,171
6608,20,0,0,9,3,-4.65,0.05,1,0,171
6609,35,0,0,12,5,-4.45,0.05,1,0,171
6610,75,0,0,22,10,-5.3,0.05,1,0,171
6611,21,1,1,8,3,-3.91,0.05,1,0,171
6612,6,0,0,3,1,-4.76,0.05,1,0,171
6613,82,0,0,33,11,-0.17,0.05,1,0,171
6614,72,2,2,34,10,2.73,0.05,1,0,171
6615,118,2,2,43,15,2.07,0.05,1,0,171
6616,13,0,0,6,2,-4.48,0.05,1,0,171
6617,156,0,0,20,22,-15.11,0.05,1,0,171
6618,14,0,0,9,2,-3.89,0.05,1,0,171
6619,217,6,6,87,26,19.18,0.05,1,0,171
6620,30,0,0,11,4,-4.3,0.05,1,0,171
6621,42,0,0,18,6,-2.27,0.05,1,0,171
6622,387,9,9,120,42,27.88,0.05,0,1,171
6623,172,2,2,63,20,4.93,0.05,1,0,171
6624,82,1,1,35,11,-0.37,0.05,1,0,171
6625,156,2,2,62,19,6.94,0.05,1,0,171
6626,284,8,8,105,33,19.86,0.05,1,0,171
6627,84,2,2,35,11,0.31,0.05,1,0,171
6628,88,1,1,37,11,2.22,0.05,1,0,171
6629,56,1,1,26,8,-1.56,0.05,1,0,171
6630,21,0,0,9,3,-3.71,0.05,1,0,171
6631,20,0,0,8,3,-5.5,0.05,1,0,171
6632,192,4,4,70,24,8.33,0.05,1,0,171
6633,13,0,0,6,2,-4.83,0.05,1,0,171
6634,21,1,1,11,3,-1.46,0.05,1,0,171
6635,52,1,1,23,7,-1.42,0.05,1,0,171
6636,14,0,0,8,2,-3.84,0.05,1,0,171
6637,65,1,1,30,9,0.0,0.05,1,0,171
6638,127,1,1,49,17,0.03,0.05,1,0,171
6639,14,0,0,8,2,-3.84,0.05,1,0,171
6640,393,9,9,137,43,31.42,0.05,0,1,171
6641,205,3,3,72,24,7.9,0.05,1,0,171
6642,13,0,0,4,2,-6.08,0.05,1,0,171
6643,36,1,1,15,5,-3.46,0.05,1,0,171
6644,247,6,6,96,28,19.88,0.05,1,0,171
6645,50,0,0,23,7,-4.2,0.05,1,0,171
6646,13,0,0,8,2,-3.68,0.05,1,0,171
6647,61,0,0,27,8,-0.76,0.05,1,0,171
6648,67,0,0,26,8,-1.52,0.05,1,0,171
6649,250,7,7,92,30,16.45,0.05,1,0,171
6650,68,0,0,34,9,-0.33,0.05,1,0,171
6651,13,0,0,6,2,-5.03,0.05,1,0,171
6652,6,0,0,2,1,-4.61,0.05,1,0,171
6653,224,5,5,93,27,15.06,0.05,1,0,171
6654,7,0,0,3,1,-4.27,0.05,1,0,171
6655,239,5,5,86,28,15.16,0.05,1,0,171
6656,55,1,1,24,7,-0.75,0.05,1,0,171
6657,34,0,0,14,5,-3.99,0.05,1,0,171
6658,22,0,0,11,3,-4.12,0.05,1,0,171
6659,20,0,0,9,3,-3.5,0.05,1,0,171
6660,307,6,6,106,36,15.83,0.05,1,0,171
6661,13,0,0,6,2,-5.03,0.05,1,0,171
6662,331,8,8,117,37,25.29,0.05,1,0,171
6663,225,3,3,80,26,9.6,0.05,1,0,171
6664,88,3,3,41,11,6.72,0.05,1,0,171
6665,20,0,0,8,3,-4.85,0.05,1,0,171
6666,14,0,0,8,2,-3.84,0.05,1,0,171
6667,98,3,3,41,12,4.57,0.05,1,0,171
6668,392,9,9,119,44,27.03,0.05,0,1,171
6669,293,5,5,119,34,21.17,0.05,1,0,171
6670,42,0,0,17,6,-3.57,0.05,1,0,171
6671,6,0,0,2,1,-4.96,0.05,1,0,171
6672,21,0,0,9,3,-3.61,0.05,1,0,171
6673,51,2,2,24,7,0.14,0.05,1,0,171
6674,35,0,0,14,5,-4.05,0.05,1,0,171
6675,35,1,1,13,5,-3.5,0.05,1,0,171
6676,103,1,1,41,12,4.37,0.05,1,0,171
6677,330,6,6,120,39,20.3,0.05,1,0,171
6678,126,2,2,50,16,4.64,0.05,1,0,171
6679,364,7,7,115,40,20.86,0.05,1,0,171
6680,388,9,9,139,44,30.52,0.05,0,1,171
6681,71,1,1,42,9,4.59,0.05,1,0,171
6682,247,4,4,92,31,7.48,0.05,1,0,171
6683,325,8,8,112,37,22.4,0.05,1,0,171
6684,44,0,0,21,6,-3.54,0.05,1,0,171
6685,72,3,3,26,9,1.78,0.05,1,0,171
6686,367,9,9,114,39,28.43,0.05,0,1,171
6687,136,3,3,58,17,5.79,0.05,1,0,171
6688,56,2,2,24,8,-0.91,0.05,1,0,171
6689,275,7,7,91,31,15.0,0.05,1,0,171
6690,137,3,3,57,17,7.43,0.05,1,0,171
6691,101,0,0,39,13,-0.36,0.05,1,0,171
6692,108,1,1,43,14,1.77,0.05,1,0,171
6693,267,7,7,107,31,25.13,0.05,1,0,171
6694,400,9,9,123,45,27.3,0.05,0,1,171
6695,148,2,2,67,18,12.82,0.05,1,0,171
6696,24,1,1,14,3,-0.59,0.05,1,0,171
6697,336,7,7,117,39,16.64,0.05,1,0,171
6698,153,6,6,50,19,3.97,0.05,1,0,171
6699,72,0,0,30,10,-1.97,0.05,1,0,171
6700,164,2,2,71,21,6.51,0.05,1,0,171
6701,68,1,1,25,9,-3.98,0.05,1,0,171
6702,34,0,0,14,5,-5.39,0.05,1,0,171
6703,149,1,1,59,18,7.11,0.05,1,0,171
6704,383,7,7,131,41,28.87,0.05,1,0,171
6705,35,0,0,14,5,-3.75,0.05,1,0,171
6706,147,1,1,56,18,5.03,0.05,1,0,171
6707,399,8,9,119,42,27.51,0.05,0,1,171
6708,313,6,6,112,35,20.47,0.05,1,0,171
6709,13,0,0,7,2,-4.18,0.05,1,0,171
6710,42,0,0,17,6,-3.62,0.05,1,0,171
6711,29,0,0,14,4,-3.39,0.05,1,0,171
6712,269,6,6,98,30,19.91,0.05,1,0,171
6713,58,1,1,28,8,-1.33,0.05,1,0,171
6714,139,2,2,66,18,6.86,0.05,1,0,171
6715,225,3,3,91,26,15.25,0.05,1,0,171
6716,319,8,8,107,37,22.06,0.05,1,0,171
6717,6,0,0,3,1,-4.76,0.05,1,0,171
6718,9,0,0,6,1,-4.29,0.05,1,0,171
6719,399,9,9,124,45,26.71,0.05,0,1,171
6720,75,1,1,36,10,1.7,0.05,1,0,171
6721,114,1,1,49,14,2.26,0.05,1,0,171
6722,343,6,6,124,41,19.92,0.05,1,0,171
6723,44,1,1,20,6,-1.19,0.05,1,0,171
6724,365,9,9,122,41,27.2,0.05,0,1,171
6725,384,9,9,123,41,28.56,0.05,0,1,171
6726,234,3,3,101,29,14.81,0.05,1,0,171
6727,13,0,0,5,2,-5.33,0.05,1,0,171
6728,22,0,0,10,3,-4.42,0.05,1,0,171
6729,236,4,4,82,27,14.04,0.05,1,0,171
6730,154,2,2,68,20,5.81,0.05,1,0,171
6731,105,2,2,40,14,0.8,0.05,1,0,171
6732,78,0,0,34,10,-0.48,0.05,1,0,171
6733,112,2,2,47,14,4.48,0.05,1,0,171
6734,32,0,0,17,4,-2.02,0.05,1,0,171
6735,22,1,1,13,3,-1.82,0.05,1,0,171
6736,233,1,1,86,26,10.67,0.05,1,0,171
6737,138,3,3,61,17,9.37,0.05,1,0,171
6738,400,8,8,112,45,20.75,0.05,0,1,171
6739,125,2,2,58,16,3.0,0.05,1,0,171
6740,14,0,0,6,2,-4.54,0.05,1,0,171
6741,84,1,1,36,11,1.06,0.05,1,0,171
6742,6,0,0,2,1,-5.06,0.05,1,0,171
6743,30,0,0,14,4,-4.2,0.05,1,0,171
6744,151,3,3,59,20,2.89,0.05,1,0,171
6745,399,8,9,122,43,26.61,0.05,0,1,171
6746,121,3,3,48,15,2.89,0.05,1,0,171
6747,6,0,0,3,1,-4.66,0.05,1,0,171
6748,384,9,9,122,43,24.11,0.05,0,1,171
6749,67,0,0,30,9,-0.42,0.05,1,0,171
6750,39,0,0,19,5,-1.94,0.05,1,0,171
6751,241,5,5,88,29,9.89,0.05,1,0,171
6752,28,0,0,13,4,-3.58,0.05,1,0,171
6753,6,0,0,3,1,-4.66,0.05,1,0,171
6754,35,0,0,15,5,-3.05,0.05,1,0,171
6755,112,0,0,50,14,2.73,0.05,1,0,171
6756,126,2,2,47,16,1.69,0.05,1,0,171
6757,197,3,3,79,23,12.58,0.05,1,0,171
6758,13,0,0,5,2,-4.28,0.05,1,0,171
6759,187,4,4,72,23,10.33,0.05,1,0,171
6760,13,0,0,5,2,-4.73,0.05,1,0,171
6761,36,1,1,14,5,-2.86,0.05,1,0,171
6762,21,0,0,11,3,-3.01,0.05,1,0,171
6763,271,7,7,111,32,23.34,0.05,1,0,171
6764,149,6,6,70,18,15.06,0.05,1,0,171
6765,164,3,3,62,20,7.96,0.05,1,0,171
6766,47,4,4,15,6,-1.32,0.05,1,0,171
6767,36,1,1,12,5,-2.31,0.05,1,0,171
6768,78,2,2,30,10,-0.23,0.05,1,0,171
6769,84,0,0,40,11,1.31,0.05,1,0,171
6770,6,0,0,3,1,-4.76,0.05,1,0,171
6771,260,6,6,93,30,14.95,0.05,1,0,171
6772,275,5,5,96,32,16.4,0.05,1,0,171
6773,36,0,0,19,5,-1.71,0.05,1,0,171
6774,123,3,3,49,16,1.32,0.05,1,0,171
6775,94,1,1,44,12,3.86,0.05,1,0,171
6776,21,1,1,12,3,-1.66,0.05,1,0,171
6777,400,8,8,130,45,24.3,0.05,0,1,171
6778,83,3,3,41,11,5.37,0.05,1,0,171
6779,301,5,5,109,35,20.54,0.05,1,0,171
6780,14,0,0,8,2,-3.74,0.05,1,0,171
6781,387,9,9,124,41,29.78,0.05,0,1,171
6782,80,3,3,31,10,2.3,0.05,1,0,171
6783,118,2,2,58,15,6.37,0.05,1,0,171
6784,186,3,3,66,22,9.39,0.05,1,0,171
6785,6,0,0,3,1,-4.76,0.05,1,0,171
6786,13,0,0,4,2,-5.53,0.05,1,0,171
6787,138,1,1,54,17,3.82,0.05,1,0,171
6788,227,6,6,75,26,13.38,0.05,1,0,171
6789,89,2,2,37,11,2.81,0.05,1,0,171
6790,171,3,3,74,20,12.29,0.05,1,0,171
6791,379,9,9,116,40,22.36,0.05,1,0,171
6792,22,0,0,9,3,-3.62,0.05,1,0,171
6793,261,6,6,97,30,17.09,0.05,1,0,171
6794,15,0,0,6,2,-4.95,0.05,1,0,171
6795,78,1,1,35,10,1.02,0.05,1,0,171
6796,123,3,3,54,15,8.52,0.05,1,0,171
6797,44,1,1,20,6,-1.64,0.05,1,0,171
6798,394,8,9,125,42,30.01,0.05,0,1,171
6799,374,9,9,124,41,32.31,0.05,0,1,171
6800,87,2,2,38,12,2.58,0.05,1,0,171
6801,6,0,0,3,1,-4.76,0.05,1,0,171
6802,150,2,2,58,18,6.1,0.05,1,0,171
6803,13,0,0,4,2,-5.98,0.05,1,0,171
6804,6,0,0,2,1,-5.06,0.05,1,0,171
6805,21,0,0,8,3,-4.56,0.05,1,0,171
6806,393,9,9,118,42,21.87,0.05,0,1,171
6807,128,1,1,50,17,-0.93,0.05,1,0,171
6808,156,3,3,70,19,11.79,0.05,1,0,171
6809,72,2,2,39,9,4.33,0.05,1,0,171
6810,400,9,9,128,44,24.45,0.05,0,1,171
6811,393,8,9,126,42,30.72,0.05,0,1,171
6812,339,9,9,106,39,22.86,0.05,1,0,171
6813,27,1,1,12,4,-2.87,0.05,1,0,171
6814,45,0,0,21,6,-1.95,0.05,1,0,171
6815,253,5,5,93,30,15.42,0.05,1,0,171
6816,170,3,3,77,21,8.55,0.05,1,0,171
6817,309,6,6,106,35,23.21,0.05,1,0,171
6818,57,0,0,17,8,-7.27,0.05,1,0,171
6819,20,0,0,8,3,-4.45,0.05,1,0,171
6820,221,3,3,98,27,14.14,0.05,1,0,171
6821,373,9,9,122,41,29.77,0.05,0,1,171
6822,212,4,4,68,24,8.73,0.05,1,0,171
6823,378,8,9,114,39,25.47,0.05,0,1,171
6824,142,2,2,54,18,4.43,0.05,1,0,171
6825,20,0,0,11,3,-4.0,0.05,1,0,171
6826,60,0,0,20,8,-2.55,0.05,1,0,171
6827,21,0,0,9,3,-4.16,0.05,1,0,171
6828,398,8,9,120,45,26.17,0.05,0,1,171
6829,20,1,1,11,3,-2.0,0.05,1,0,171
6830,22,0,0,10,3,-4.07,0.05,1,0,171
6831,342,9,9,121,39,22.98,0.05,1,0,171
6832,15,0,0,6,2,-4.0,0.05,1,0,171
6833,6,0,0,2,1,-5.06,0.05,1,0,171
6834,117,2,2,56,14,6.18,0.05,1,0,171
6835,225,4,4,78,27,10.15,0.05,1,0,171
6836,13,0,0,8,2,-3.78,0.05,1,0,171
6837,102,2,2,38,14,-2.12,0.05,1,0,171
6838,270,4,4,103,32,13.9,0.05,1,0,171
6839,141,1,1,56,17,4.89,0.05,1,0,171
6840,15,0,0,7,2,-3.75,0.05,1,0,171
6841,154,2,2,63,19,6.36,0.05,1,0,171
6842,239,3,3,77,30,2.41,0.05,1,0,171
6843,91,2,2,48,11,7.74,0.05,1,0,171
6844,110,2,2,42,14,2.15,0.05,1,0,171
6845,274,3,3,103,33,12.01,0.05,1,0,171
6846,15,0,0,3,2,-5.95,0.05,1,0,171
6847,81,1,1,33,10,0.59,0.05,1,0,171
6848,234,6,6,86,29,14.26,0.05,1,0,171
6849,41,0,0,15,6,-4.71,0.05,1,0,171
6850,138,2,2,67,19,1.67,0.05,1,0,171
6851,206,3,3,69,25,4.34,0.05,1,0,171
6852,359,9,9,121,38,29.46,0.05,0,1,171
6853,123,0,0,62,15,6.77,0.05,1,0,171
6854,96,2,2,43,12,6.24,0.05,1,0,171
6855,226,5,5,75,27,10.74,0.05,1,0,171
6856,44,0,0,15,6,-3.79,0.05,1,0,171
6857,29,0,0,12,4,-3.34,0.05,1,0,171
6858,7,0,0,3,1,-4.72,0.05,1,0,171
6859,139,4,4,48,16,5.56,0.05,1,0,171
6860,263,6,6,109,31,15.77,0.05,1,0,171
6861,400,9,9,128,44,32.95,0.05,0,1,171
6862,222,2,2,86,27,10.53,0.05,1,0,171
6863,27,1,1,10,4,-3.87,0.05,1,0,171
6864,399,9,9,123,45,27.96,0.05,0,1,171
6865,371,6,6,104,47,12.24,0.05,1,0,171
6866,87,2,2,32,12,-2.47,0.05,1,0,171
6867,124,1,1,52,15,5.16,0.05,1,0,171
6868,13,0,0,4,2,-5.63,0.05,1,0,171
6869,13,0,0,5,2,-5.33,0.05,1,0,171
6870,20,0,0,10,3,-4.35,0.05,1,0,171
6871,122,0,0,48,16,-2.82,0.05,1,0,171
6872,335,7,7,115,37,22.5,0.05,1,0,171
6873,59,1,1,26,8,-0.39,0.05,1,0,171
6874,36,0,0,15,5,-3.56,0.05,1,0,171
6875,30,1,1,15,4,-2.25,0.05,1,0,171
6876,162,4,4,62,21,4.48,0.05,1,0,171
6877,27,0,0,12,4,-4.37,0.05,1,0,171
6878,135,3,3,55,17,3.75,0.05,1,0,171
6879,98,2,2,51,13,4.97,0.05,1,0,171
6880,44,1,1,20,6,-2.64,0.05,1,0,171
6881,353,9,9,127,40,29.97,0.05,0,1,171
6882,5,0,0,4,1,-4.0,0.05,1,0,171
6883,90,1,1,34,12,-2.15,0.05,1,0,171
6884,193,2,2,78,24,8.22,0.05,1,0,171
6885,400,9,9,124,45,27.3,0.05,0,1,171
6886,119,3,3,50,15,3.36,0.05,1,0,171
6887,96,3,3,37,12,2.69,0.05,1,0,171
6888,383,9,9,124,43,26.72,0.05,0,1,171
6889,14,0,0,5,2,-4.84,0.05,1,0,171
6890,66,1,1,25,9,-1.66,0.05,1,0,171
6891,107,1,1,53,15,0.13,0.05,1,0,171
6892,43,2,2,22,6,0.97,0.05,1,0,171
6893,64,1,1,29,9,-0.44,0.05,1,0,171
6894,349,7,7,123,39,23.91,0.05,1,0,171
6895,27,0,0,16,4,-3.17,0.05,1,0,171
6896,315,4,4,78,41,-2.45,0.05,1,0,171
6897,103,0,0,51,14,-1.83,0.05,1,0,171
6898,296,6,6,103,36,15.89,0.05,1,0,171
6899,217,4,4,79,25,13.68,0.05,1,0,171
6900,28,0,0,17,4,-2.28,0.05,1,0,171
6901,59,2,2,25,8,-1.89,0.05,1,0,171
6902,81,1,1,33,11,-0.41,0.05,1,0,171
6903,179,3,3,70,21,8.86,0.05,1,0,171
6904,321,7,7,112,37,20.09,0.05,1,0,171
6905,244,6,6,83,28,14.66,0.05,1,0,171
6906,100,1,1,39,13,2.1,0.05,1,0,171
6907,108,2,2,46,14,2.87,0.05,1,0,171
6908,28,0,0,12,4,-3.98,0.05,1,0,171
6909,274,6,6,96,33,12.96,0.05,1,0,171
6910,119,1,1,54,15,3.46,0.05,1,0,171
6911,226,5,5,92,26,15.99,0.05,1,0,171
6912,217,4,4,86,26,13.98,0.05,1,0,171
6913,400,8,8,123,45,27.65,0.05,0,1,171
6914,76,2,2,42,9,6.79,0.05,1,0,171
6915,97,1,1,41,12,4.83,0.05,1,0,171
6916,121,2,2,50,15,5.39,0.05,1,0,171
6917,35,0,0,16,5,-3.3,0.05,1,0,171
6918,296,8,8,104,32,23.89,0.05,1,0,171
6919,63,2,2,28,8,2.77,0.05,1,0,171
6920,314,6,6,106,34,19.76,0.05,1,0,171
6921,84,1,1,33,11,-0.34,0.05,1,0,171
6922,390,8,9,118,42,29.3,0.05,0,1,171
6923,43,1,1,19,6,-1.93,0.05,1,0,171
6924,110,1,1,49,14,4.9,0.05,1,0,171
6925,400,9,9,112,45,24.85,0.05,0,1,171
6926,28,0,0,13,4,-3.58,0.05,1,0,171
6927,387,8,9,121,41,28.98,0.05,0,1,171
6928,242,4,4,96,29,14.18,0.05,1,0,171
6929,362,9,9,125,42,17.68,0.05,1,0,171
6930,308,8,8,105,35,19.37,0.05,1,0,171
6931,400,7,7,113,45,18.4,0.05,0,1,171
6932,92,2,2,36,12,1.98,0.05,1,0,171
6933,73,0,0,32,10,-2.33,0.05,1,0,171
6934,87,1,1,40,11,3.53,0.05,1,0,171
6935,172,2,2,66,20,7.48,0.05,1,0,171
6936,73,0,0,24,10,-4.98,0.05,1,0,171
6937,95,2,2,33,12,-0.5,0.05,1,0,171
6938,204,3,3,68,26,4.61,0.05,1,0,171
6939,74,0,0,28,10,-4.19,0.05,1,0,171
6940,73,1,1,36,10,-0.23,0.05,1,0,171
6941,15,0,0,7,2,-3.9,0.05,1,0,171
6942,58,1,1,22,8,-1.28,0.05,1,0,171
6943,148,4,4,55,18,8.02,0.05,1,0,171
6944,283,5,5,109,32,18.97,0.05,1,0,171
6945,152,5,5,47,18,5.73,0.05,1,0,171
6946,154,1,1,66,20,5.71,0.05,1,0,171
6947,71,1,1,34,9,0.99,0.05,1,0,171
6948,6,0,0,2,1,-4.61,0.05,1,0,171
6949,75,2,2,33,10,2.5,0.05,1,0,171
6950,115,2,2,47,13,7.0,0.05,1,0,171
6951,183,2,2,71,22,8.57,0.05,1,0,171
6952,20,0,0,9,3,-4.65,0.05,1,0,171
6953,357,6,6,112,40,16.68,0.05,1,0,171
6954,116,2,2,58,15,6.79,0.05,1,0,171
6955,238,8,8,88,27,19.62,0.05,1,0,171
6956,8,0,0,2,1,-5.08,0.05,1,0,171
6957,383,8,9,124,40,31.67,0.05,0,1,171
6958,287,4,4,111,35,14.33,0.05,1,0,171
6959,21,0,0,8,3,-4.51,0.05,1,0,171
6960,108,2,2,44,14,1.07,0.05,1,0,171
6961,244,6,6,96,29,15.71,0.05,1,0,171
6962,83,2,2,30,11,0.67,0.05,1,0,171
6963,269,4,4,93,32,11.96,0.05,1,0,171
6964,326,9,9,115,38,20.04,0.05,1,0,171
6965,146,3,3,62,19,6.14,0.05,1,0,171
6966,35,0,0,16,5,-3.35,0.05,1,0,171
6967,13,0,0,6,2,-5.03,0.05,1,0,171
6968,28,0,0,12,4,-3.33,0.05,1,0,171
6969,20,0,0,8,3,-4.8,0.05,1,0,171
6970,27,1,1,12,4,-2.37,0.05,1,0,171
6971,130,2,2,59,16,7.8,0.05,1,0,171
6972,140,4,4,48,18,1.8,0.05,1,0,171
6973,35,0,0,12,5,-4.5,0.05,1,0,171
6974,373,8,9,117,41,22.72,0.05,0,1,171
6975,21,0,0,10,3,-3.96,0.05,1,0,171
6976,13,0,0,8,2,-3.43,0.05,1,0,171
6977,51,2,2,24,7,-0.46,0.05,1,0,171
6978,21,0,0,9,3,-4.26,0.05,1,0,171
6979,262,8,8,104,31,19.43,0.05,1,0,171
6980,384,8,9,123,43,23.46,0.05,0,1,171
6981,58,2,2,20,8,0.32,0.05,1,0,171
6982,101,0,0,43,13,2.14,0.05,1,0,171
6983,400,9,9,129,45,30.5,0.05,0,1,171
6984,35,0,0,15,5,-4.1,0.05,1,0,171
6985,129,3,3,47,16,4.06,0.05,1,0,171
6986,13,0,0,9,2,-3.48,0.05,1,0,171
6987,98,0,0,40,12,-1.23,0.05,1,0,171
6988,316,8,8,118,37,21.29,0.05,1,0,171
6989,142,3,3,54,18,6.33,0.05,1,0,171
6990,184,6,6,72,21,13.46,0.05,1,0,171
6991,51,0,0,22,7,-2.21,0.05,1,0,171
6992,224,5,5,86,27,12.66,0.05,1,0,171
6993,29,0,0,18,4,-1.04,0.05,1,0,171
6994,400,9,9,112,46,17.75,0.05,0,1,171
6995,388,9,9,120,40,28.22,0.05,0,1,171
6996,399,8,9,126,44,26.51,0.05,0,1,171
6997,59,1,1,28,8,0.11,0.05,1,0,171
6998,7,0,0,3,1,-5.27,0.05,1,0,171
6999,331,7,7,112,37,20.74,0.05,1,0,171
7000,162,5,5,66,19,12.08,0.05,1,0,171
7001,41,0,0,23,5,-0.61,0.05,1,0,171
7002,122,1,1,49,15,4.03,0.05,1,0,171
7003,45,0,0,20,6,-1.7,0.05,1,0,171
7004,27,0,0,10,4,-4.47,0.05,1,0,171
7005,377,9,9,117,42,23.88,0.05,0,1,171
7006,298,5,5,104,34,17.67,0.05,1,0,171
7007,119,0,0,48,14,2.81,0.05,1,0,171
7008,283,4,4,102,32,18.97,0.05,1,0,171
7009,299,6,6,100,34,18.76,0.05,1,0,171
7010,209,3,3,73,26,8.41,0.05,1,0,171
7011,153,3,3,68,19,9.82,0.05,1,0,171
7012,72,1,1,28,10,-0.57,0.05,1,0,171
7013,44,1,1,18,6,-2.69,0.05,1,0,171
7014,202,1,1,72,25,1.48,0.05,1,0,171
7015,76,1,1,32,10,-0.51,0.05,1,0,171
7016,112,1,1,44,15,0.33,0.05,1,0,171
7017,64,0,0,29,9,-1.49,0.05,1,0,171
7018,343,5,5,128,39,21.02,0.05,1,0,171
7019,316,7,7,123,37,24.79,0.05,1,0,171
7020,233,5,5,97,29,13.92,0.05,1,0,171
7021,246,6,6,90,29,16.84,0.05,1,0,171
7022,200,4,4,85,24,16.05,0.05,1,0,171
7023,100,1,1,42,13,1.25,0.05,1,0,171
7024,102,0,0,44,14,-0.37,0.05,1,0,171
7025,167,5,5,61,20,9.88,0.05,1,0,171
7026,305,6,6,113,35,18.05,0.05,1,0,171
7027,394,9,9,134,44,28.96,0.05,0,1,171
7028,22,0,0,10,3,-3.32,0.05,1,0,171
7029,36,0,0,14,5,-4.66,0.05,1,0,171
7030,50,0,0,18,7,-4.15,0.05,1,0,171
7031,377,9,9,115,40,24.98,0.05,0,1,171
7032,366,9,9,117,43,19.79,0.05,1,0,171
7033,173,2,2,59,20,4.12,0.05,1,0,171
7034,296,6,6,122,35,22.94,0.05,1,0,171
7035,28,0,0,13,4,-3.13,0.05,1,0,171
7036,362,8,8,119,42,19.43,0.05,1,0,171
7037,77,0,0,33,10,-0.22,0.05,1,0,171
7038,249,2,2,90,29,12.96,0.05,1,0,171
7039,203,4,4,72,24,8.62,0.05,1,0,171
7040,108,4,4,40,14,4.12,0.05,1,0,171
7041,61,1,1,25,8,-0.81,0.05,1,0,171
7042,389,8,9,116,41,29.06,0.05,0,1,171
7043,20,1,1,10,3,-2.7,0.05,1,0,171
7044,280,7,7,103,32,21.1,0.05,1,0,171
7045,212,3,3,96,26,11.23,0.05,1,0,171
7046,107,2,2,44,14,0.48,0.05,1,0,171
7047,6,0,0,2,1,-4.61,0.05,1,0,171
7048,300,5,5,101,36,12.3,0.05,1,0,171
7049,377,9,9,119,41,22.73,0.05,0,1,171
7050,48,0,0,18,7,-4.53,0.05,1,0,171
7051,170,4,4,70,21,11.7,0.05,1,0,171
7052,13,0,0,6,2,-5.48,0.05,1,0,171
7053,20,0,0,8,3,-3.8,0.05,1,0,171
7054,234,5,5,83,27,11.61,0.05,1,0,171
7055,36,0,0,14,5,-4.51,0.05,1,0,171
7056,29,0,0,12,4,-2.34,0.05,1,0,171
7057,278,6,6,92,31,13.37,0.05,1,0,171
7058,57,0,0,20,8,-4.17,0.05,1,0,171
7059,182,4,4,73,23,8.58,0.05,1,0,171
7060,13,0,0,8,2,-3.78,0.05,1,0,171
7061,23,0,0,11,3,-2.98,0.05,1,0,171
7062,38,1,1,17,5,-0.53,0.05,1,0,171
7063,60,1,1,25,8,-1.55,0.05,1,0,171
7064,185,2,2,68,23,5.9,0.05,1,0,171
7065,56,1,1,24,8,-0.81,0.05,1,0,171
7066,56,0,0,26,8,-1.06,0.05,1,0,171
7067,35,0,0,15,5,-4.15,0.05,1,0,171
7068,62,2,2,20,8,-0.87,0.05,1,0,171
7069,121,1,1,54,16,0.79,0.05,1,0,171
7070,365,9,9,128,41,27.35,0.05,0,1,171
7071,105,1,1,42,14,-1.55,0.05,1,0,171
7072,313,7,7,102,37,14.77,0.05,1,0,171
7073,50,1,1,22,7,-1.25,0.05,1,0,171
7074,400,8,8,130,44,27.2,0.05,1,0,171
7075,119,4,4,49,15,6.66,0.05,1,0,171
7076,148,1,1,21,21,-10.13,0.05,1,0,171
7077,42,2,2,17,6,-1.32,0.05,1,0,171
7078,208,5,5,77,23,13.62,0.05,1,0,171
7079,14,0,0,5,2,-4.84,0.05,1,0,171
7080,37,0,0,15,5,-4.52,0.05,1,0,171
7081,22,0,0,12,3,-3.37,0.05,1,0,171
7082,375,9,9,123,41,25.15,0.05,0,1,171
7083,6,0,0,2,1,-5.06,0.05,1,0,171
7084,150,5,5,67,18,12.65,0.05,1,0,171
7085,77,0,0,25,10,-2.27,0.05,1,0,171
7086,238,7,7,89,29,15.87,0.05,1,0,171
7087,59,0,0,21,8,-3.19,0.05,1,0,171
7088,228,3,3,84,28,12.17,0.05,1,0,171
7089,191,3,3,91,24,14.44,0.05,1,0,171
7090,64,0,0,28,9,-4.24,0.05,1,0,171
7091,115,4,4,43,14,6.3,0.05,1,0,171
7092,67,1,1,27,9,-1.97,0.05,1,0,171
7093,6,0,0,2,1,-5.51,0.05,1,0,171
7094,91,3,3,37,11,4.84,0.05,1,0,171
7095,400,6,6,118,44,23.45,0.05,0,1,171
7096,22,0,0,12,3,-2.72,0.05,1,0,171
7097,65,1,1,32,8,1.75,0.05,1,0,171
7098,5,0,0,3,1,-4.2,0.05,1,0,171
7099,54,1,1,22,7,-0.14,0.05,1,0,171
7100,13,0,0,4,2,-5.18,0.05,1,0,171
7101,240,5,5,90,29,10.2,0.05,1,0,171
7102,7,0,0,3,1,-4.27,0.05,1,0,171
7103,6,0,0,3,1,-4.76,0.05,1,0,171
7104,20,0,0,10,3,-3.7,0.05,1,0,171
7105,264,7,7,90,30,17.56,0.05,1,0,171
7106,126,1,1,45,16,1.89,0.05,1,0,171
7107,360,8,8,119,41,24.45,0.05,1,0,171
7108,397,8,9,121,44,25.63,0.05,0,1,171
7109,322,6,6,95,37,12.48,0.05,1,0,171
7110,21,1,1,13,3,-1.36,0.05,1,0,171
7111,395,8,9,118,43,25.3,0.05,0,1,171
7112,78,1,1,29,11,-6.63,0.05,1,0,171
7113,350,8,8,120,40,21.95,0.05,1,0,171
7114,225,3,3,92,26,14.5,0.05,1,0,171
7115,6,0,0,3,1,-4.66,0.05,1,0,171
7116,385,9,9,117,44,24.2,0.05,0,1,171
7117,6,0,0,2,1,-5.06,0.05,1,0,171
7118,13,0,0,8,2,-3.88,0.05,1,0,171
7119,83,1,1,30,11,-0.18,0.05,1,0,171
7120,72,0,0,39,10,-0.32,0.05,1,0,171
7121,21,0,0,13,3,-1.91,0.05,1,0,171
7122,76,0,0,35,9,0.89,0.05,1,0,171
7123,174,2,2,64,21,7.76,0.05,1,0,171
7124,58,0,0,29,8,-1.28,0.05,1,0,171
7125,36,0,0,16,5,-3.16,0.05,1,0,171
7126,35,0,0,12,5,-4.55,0.05,1,0,171
7127,269,5,5,104,31,19.11,0.05,1,0,171
7128,201,2,2,79,25,8.79,0.05,1,0,171
7129,320,6,6,102,37,18.4,0.05,1,0,171
7130,209,5,5,76,25,14.21,0.05,1,0,171
7131,27,0,0,10,4,-4.52,0.05,1,0,171
7132,48,0,0,20,7,-5.78,0.05,1,0,171
7133,255,5,5,86,30,15.2,0.05,1,0,171
7134,51,1,1,19,7,-2.96,0.05,1,0,171
7135,212,6,6,75,25,11.43,0.05,1,0,171
7136,212,3,3,82,26,3.83,0.05,1,0,171
7137,114,1,1,45,14,3.81,0.05,1,0,171
7138,184,4,4,74,22,12.46,0.05,1,0,171
7139,370,9,9,117,39,28.0,0.05,0,1,171
7140,262,4,4,107,32,15.33,0.05,1,0,171
7141,55,0,0,23,7,-1.5,0.05,1,0,171
7142,382,8,8,114,44,14.43,0.05,1,0,171
7143,37,0,0,15,5,-3.62,0.05,1,0,171
7144,128,2,2,48,16,5.07,0.05,1,0,171
7145,82,0,0,37,11,-1.72,0.05,1,0,171
7146,79,2,2,37,10,3.06,0.05,1,0,171
7147,247,5,5,100,30,19.83,0.05,1,0,171
7148,28,2,2,13,4,-0.38,0.05,1,0,171
7149,94,0,0,42,13,-0.99,0.05,1,0,171
7150,43,0,0,14,6,-5.13,0.05,1,0,171
7151,269,6,6,101,32,19.01,0.05,1,0,171
7152,13,0,0,9,2,-3.58,0.05,1,0,171
7153,36,0,0,12,5,-4.61,0.05,1,0,171
7154,155,3,3,66,19,9.3,0.05,1,0,171
7155,59,1,1,22,8,-1.34,0.05,1,0,171
7156,144,3,3,56,19,3.16,0.05,1,0,171
7157,130,3,3,48,16,5.6,0.05,1,0,171
7158,13,0,0,8,2,-3.43,0.05,1,0,171
7159,259,3,3,102,31,15.71,0.05,1,0,171
7160,27,0,0,10,4,-5.97,0.05,1,0,171
7161,29,1,1,11,4,-4.04,0.05,1,0,171
7162,14,0,0,10,2,-3.04,0.05,1,0,171
7163,317,9,9,109,35,23.28,0.05,1,0,171
7164,359,8,8,118,39,24.41,0.05,1,0,171
7165,184,6,6,89,23,17.56,0.05,1,0,171
7166,6,0,0,3,1,-5.21,0.05,1,0,171
7167,64,1,1,21,9,-5.34,0.05,1,0,171
7168,56,0,0,27,8,-1.56,0.05,1,0,171
7169,400,8,8,117,44,21.0,0.05,0,1,171
7170,58,0,0,23,8,-5.08,0.05,1,0,171
7171,248,6,6,85,29,10.07,0.05,1,0,171
7172,253,3,3,93,29,11.82,0.05,1,0,171
7173,20,1,1,7,3,-3.65,0.05,1,0,171
7174,13,0,0,9,2,-3.58,0.05,1,0,171
7175,28,0,0,11,4,-4.08,0.05,1,0,171
7176,246,6,6,87,30,11.59,0.05,1,0,171
7177,79,3,3,37,11,1.51,0.05,1,0,171
7178,6,0,0,2,1,-5.06,0.05,1,0,171
7179,396,8,9,121,43,30.19,0.05,0,1,171
7180,140,3,3,59,17,6.7,0.05,1,0,171
7181,85,1,1,35,11,1.35,0.05,1,0,171
7182,35,0,0,13,5,-4.25,0.05,1,0,171
7183,400,9,9,123,47,22.9,0.05,0,1,171
7184,169,3,3,72,21,8.76,0.05,1,0,171
7185,13,0,0,8,2,-3.88,0.05,1,0,171
7186,375,9,9,119,40,28.5,0.05,0,1,171
7187,51,1,1,23,7,-1.96,0.05,1,0,171
7188,231,5,5,80,27,10.14,0.05,1,0,171
7189,281,6,6,103,32,17.74,0.05,1,0,171
7190,14,0,0,5,2,-4.19,0.05,1,0,171
7191,29,0,0,13,4,-4.09,0.05,1,0,171
7192,102,1,1,44,14,-0.12,0.05,1,0,171
7193,6,0,0,3,1,-4.76,0.05,1,0,171
7194,13,0,0,4,2,-5.63,0.05,1,0,171
7195,176,7,7,72,21,14.59,0.05,1,0,171
7196,223,3,3,79,27,9.47,0.05,1,0,171
7197,400,7,7,123,45,24.15,0.05,0,1,171
7198,59,0,0,24,8,-1.64,0.05,1,0,171
7199,393,9,9,123,45,21.02,0.05,1,0,171
7200,211,6,6,84,24,17.84,0.05,1,0,171
7201,72,2,2,30,9,0.63,0.05,1,0,171
7202,217,7,7,97,27,20.58,0.05,1,0,171
7203,305,4,4,106,36,13.6,0.05,1,0,171
7204,6,0,0,3,1,-4.76,0.05,1,0,171
7205,397,8,9,130,44,27.48,0.05,0,1,171
7206,129,4,4,49,17,2.36,0.05,1,0,171
7207,184,2,2,67,23,6.51,0.05,1,0,171
7208,22,0,0,13,3,-2.57,0.05,1,0,171
7209,117,2,2,45,15,2.28,0.05,1,0,171
7210,65,2,2,29,9,-1.1,0.05,1,0,171
7211,249,3,3,86,28,13.66,0.05,1,0,171
7212,14,0,0,6,2,-4.89,0.05,1,0,171
7213,141,1,1,58,17,4.89,0.05,1,0,171
7214,382,9,9,125,44,29.93,0.05,0,1,171
7215,13,0,0,8,2,-3.78,0.05,1,0,171
7216,238,4,4,83,28,12.22,0.05,1,0,171
7217,7,0,0,1,1,-4.87,0.05,1,0,171
7218,37,0,0,17,5,-2.97,0.05,1,0,171
7219,245,7,7,81,29,12.4,0.05,1,0,171
7220,78,1,1,39,10,3.17,0.05,1,0,171
7221,13,0,0,5,2,-5.33,0.05,1,0,171
7222,14,0,0,5,2,-5.19,0.05,1,0,171
7223,159,2,2,56,19,6.26,0.05,1,0,171
7224,220,3,3,90,26,11.05,0.05,1,0,171
7225,35,0,0,15,5,-2.95,0.05,1,0,171
7226,21,0,0,9,3,-4.26,0.05,1,0,171
7227,86,2,2,37,11,1.89,0.05,1,0,171
7228,95,0,0,44,13,0.65,0.05,1,0,171
7229,365,9,9,120,40,29.2,0.05,0,1,171
7230,260,7,7,97,31,18.75,0.05,1,0,171
7231,150,1,1,50,17,1.3,0.05,1,0,171
7232,28,0,0,13,4,-3.03,0.05,1,0,171
7233,86,0,0,36,12,-3.31,0.05,1,0,171
7234,7,0,0,2,1,-4.57,0.05,1,0,171
7235,156,4,4,59,19,8.24,0.05,1,0,171
7236,313,7,7,115,36,19.02,0.05,1,0,171
7237,154,5,5,66,19,9.71,0.05,1,0,171
7238,182,3,3,63,22,5.03,0.05,1,0,171
7239,358,9,9,127,41,28.52,0.05,0,1,171
7240,131,2,2,53,17,4.89,0.05,1,0,171
7241,252,5,5,106,29,20.43,0.05,1,0,171
7242,362,7,7,113,39,21.98,0.05,1,0,171
7243,86,1,1,38,11,-0.51,0.05,1,0,171
7244,400,9,9,126,44,26.35,0.05,0,1,171
7245,170,3,3,56,20,4.9,0.05,1,0,171
7246,117,1,1,20,16,-8.27,0.05,1,0,171
7247,13,0,0,4,2,-5.63,0.05,1,0,171
7248,90,0,0,36,12,-0.4,0.05,1,0,171
7249,93,1,1,32,12,0.32,0.05,1,0,171
7250,43,0,0,18,6,-3.63,0.05,1,0,171
7251,13,0,0,5,2,-5.33,0.05,1,0,171
7252,121,3,3,55,15,6.79,0.05,1,0,171
7253,390,8,9,116,42,20.9,0.05,0,1,171
7254,22,0,0,9,3,-4.22,0.05,1,0,171
7255,249,4,4,100,31,11.91,0.05,1,0,171
7256,396,8,9,132,41,33.59,0.05,0,1,171
7257,48,1,1,22,6,0.52,0.05,1,0,171
7258,48,0,0,17,7,-4.03,0.05,1,0,171
7259,251,3,3,105,30,18.99,0.05,1,0,171
7260,13,0,0,9,2,-3.58,0.05,1,0,171
7261,353,8,9,114,41,23.02,0.05,0,1,171
7262,320,9,9,115,37,18.95,0.05,1,0,171
7263,311,8,8,108,36,18.39,0.05,1,0,171
7264,14,0,0,6,2,-4.99,0.05,1,0,171
7265,231,5,5,85,27,13.44,0.05,1,0,171
7266,6,0,0,2,1,-5.06,0.05,1,0,171
7267,252,5,5,105,30,19.18,0.05,1,0,171
7268,118,2,2,43,15,3.92,0.05,1,0,171
7269,247,5,5,90,29,13.08,0.05,1,0,171
7270,97,3,3,39,12,4.38,0.05,1,0,171
7271,383,9,9,124,42,32.52,0.05,0,1,171
7272,27,1,1,13,4,-2.52,0.05,1,0,171
7273,20,0,0,10,3,-3.8,0.05,1,0,171
7274,6,0,0,2,1,-5.06,0.05,1,0,171
7275,107,2,2,42,13,4.23,0.05,1,0,171
7276,21,0,0,7,3,-5.31,0.05,1,0,171
7277,153,3,3,61,19,6.27,0.05,1,0,171
7278,82,2,2,43,10,6.23,0.05,1,0,171
7279,86,1,1,37,10,-0.26,0.05,1,0,171
7280,210,3,3,90,25,13.9,0.05,1,0,171
7281,120,1,1,48,15,2.75,0.05,1,0,171
7282,74,1,1,37,10,1.61,0.05,1,0,171
7283,239,7,7,81,29,12.21,0.05,1,0,171
7284,28,0,0,16,4,-2.48,0.05,1,0,171
7285,13,0,0,7,2,-4.43,0.05,1,0,171
7286,6,0,0,2,1,-5.06,0.05,1,0,171
7287,35,0,0,12,5,-5.05,0.05,1,0,171
7288,116,0,0,47,15,2.64,0.05,1,0,171
7289,200,4,4,82,24,12.55,0.05,1,0,171
7290,175,4,4,64,21,8.85,0.05,1,0,171
7291,27,0,0,11,4,-4.27,0.05,1,0,171
7292,233,6,6,84,28,16.17,0.05,1,0,171
7293,50,0,0,21,7,-4.45,0.05,1,0,171
7294,58,1,1,18,8,-1.18,0.05,1,0,171
7295,42,0,0,20,6,-1.77,0.05,1,0,171
7296,365,9,9,121,41,24.55,0.05,0,1,171
7297,400,9,9,119,45,28.25,0.05,0,1,171
7298,131,7,7,50,16,8.34,0.05,1,0,171
7299,187,4,4,74,22,12.93,0.05,1,0,171
7300,140,2,2,57,17,5.6,0.05,1,0,171
7301,396,9,9,120,43,27.89,0.05,0,1,171
7302,6,0,0,2,1,-5.06,0.05,1,0,171
7303,373,9,9,122,42,23.32,0.05,1,0,171
7304,69,1,1,31,9,2.06,0.05,1,0,171
7305,13,0,0,4,2,-5.63,0.05,1,0,171
7306,14,0,0,6,2,-4.44,0.05,1,0,171
7307,35,0,0,15,5,-4.15,0.05,1,0,171
7308,384,8,9,114,43,29.46,0.05,0,1,171
7309,86,4,4,31,11,2.74,0.05,1,0,171
7310,203,3,3,78,25,6.67,0.05,1,0,171
7311,400,8,8,118,44,26.35,0.05,0,1,171
7312,20,0,0,9,3,-3.7,0.05,1,0,171
7313,6,0,0,3,1,-5.11,0.05,1,0,171
7314,58,0,0,20,8,-2.28,0.05,1,0,171
7315,226,3,3,93,28,7.74,0.05,1,0,171
7316,243,3,3,89,29,8.62,0.05,1,0,171
7317,9,0,0,3,1,-4.84,0.05,1,0,171
7318,249,6,6,87,29,15.26,0.05,1,0,171
7319,166,4,4,56,20,2.09,0.05,1,0,171
7320,400,8,8,125,44,28.0,0.05,0,1,171
7321,110,2,2,40,14,-0.5,0.05,1,0,171
7322,56,1,1,27,8,-1.16,0.05,1,0,171
7323,187,3,3,79,24,8.13,0.05,1,0,171
7324,83,3,3,39,11,6.12,0.05,1,0,171
7325,137,2,2,56,17,5.28,0.05,1,0,171
7326,380,8,9,128,42,32.5,0.05,0,1,171
7327,292,5,5,103,34,15.13,0.05,1,0,171
7328,13,0,0,6,2,-4.53,0.05,1,0,171
7329,13,0,0,5,2,-5.33,0.05,1,0,171
7330,214,3,3,85,27,9.51,0.05,1,0,171
7331,105,1,1,45,13,2.4,0.05,1,0,171
7332,140,2,2,68,19,6.3,0.05,1,0,171
7333,183,1,1,74,23,7.12,0.05,1,0,171
7334,98,0,0,38,13,-2.23,0.05,1,0,171
7335,6,0,0,3,1,-4.76,0.05,1,0,171
7336,107,3,3,46,14,5.18,0.05,1,0,171
7337,28,0,0,14,4,-3.28,0.05,1,0,171
7338,5,0,0,4,1,-5.85,0.05,1,0,171
7339,74,2,2,37,10,3.51,0.05,1,0,171
7340,100,1,1,45,13,2.7,0.05,1,0,171
7341,43,0,0,19,6,-2.48,0.05,1,0,171
7342,233,4,4,98,28,13.47,0.05,1,0,171
7343,14,0,0,7,2,-3.69,0.05,1,0,171
7344,35,0,0,16,5,-3.9,0.05,1,0,171
7345,217,5,5,103,25,22.93,0.05,1,0,171
7346,379,8,9,121,41,28.36,0.05,0,1,171
7347,36,0,0,13,5,-3.76,0.05,1,0,171
7348,392,8,9,120,43,28.13,0.05,0,1,171
7349,58,4,4,29,8,0.97,0.05,1,0,171
7350,400,9,9,123,45,30.05,0.05,0,1,171
7351,204,2,2,97,24,17.31,0.05,1,0,171
7352,14,0,0,10,2,-3.24,0.05,1,0,171
7353,228,4,4,84,28,10.62,0.05,1,0,171
7354,146,5,5,53,17,7.39,0.05,1,0,171
7355,53,1,1,24,7,-2.08,0.05,1,0,171
7356,13,0,0,6,2,-4.93,0.05,1,0,171
7357,328,9,9,109,38,18.47,0.05,1,0,171
7358,97,0,0,46,13,2.58,0.05,1,0,171
7359,42,0,0,18,6,-3.37,0.05,1,0,171
7360,232,7,7,82,29,8.78,0.05,1,0,171
7361,381,9,9,120,40,25.94,0.05,0,1,171
7362,330,6,6,113,40,19.8,0.05,1,0,171
7363,14,0,0,9,2,-3.89,0.05,1,0,171
7364,214,3,3,84,28,8.61,0.05,1,0,171
7365,290,8,8,111,32,22.85,0.05,1,0,171
7366,400,7,7,116,45,24.5,0.05,0,1,171
7367,276,4,4,102,33,15.69,0.05,1,0,171
7368,6,0,0,3,1,-5.21,0.05,1,0,171
7369,7,0,0,3,1,-4.27,0.05,1,0,171
7370,35,0,0,12,5,-4.85,0.05,1,0,171
7371,202,3,3,74,24,5.48,0.05,1,0,171
7372,7,0,0,5,1,-3.67,0.05,1,0,171
7373,59,1,1,23,8,-1.59,0.05,1,0,171
7374,120,1,1,47,15,1.0,0.05,1,0,171
7375,5,0,0,3,1,-4.2,0.05,1,0,171
7376,400,8,8,122,44,24.65,0.05,0,1,171
7377,13,0,0,5,2,-4.38,0.05,1,0,171
7378,346,8,8,113,41,17.84,0.05,1,0,171
7379,13,0,0,7,2,-3.73,0.05,1,0,171
7380,64,0,0,25,8,-1.39,0.05,1,0,171
7381,276,6,6,101,32,18.89,0.05,1,0,171
7382,399,9,9,130,42,34.31,0.05,0,1,171
7383,263,7,7,98,34,11.77,0.05,1,0,171
7384,308,6,6,107,36,17.47,0.05,1,0,171
7385,139,3,3,57,17,5.51,0.05,1,0,171
7386,13,0,0,8,2,-3.33,0.05,1,0,171
7387,141,2,2,61,18,6.14,0.05,1,0,171
7388,35,1,1,15,5,-3.4,0.05,1,0,171
7389,15,0,0,9,2,-3.05,0.05,1,0,171
7390,237,4,4,96,27,18.03,0.05,1,0,171
7391,83,2,2,35,11,1.37,0.05,1,0,171
7392,139,2,2,54,17,3.81,0.05,1,0,171
7393,234,6,6,89,28,15.21,0.05,1,0,171
7394,116,2,2,47,14,4.34,0.05,1,0,171
7395,187,3,3,87,24,10.73,0.05,1,0,171
7396,203,3,3,61,25,5.37,0.05,1,0,171
7397,367,9,9,130,41,29.48,0.05,0,1,171
7398,400,7,7,127,47,23.75,0.05,0,1,171
7399,21,0,0,11,3,-3.01,0.05,1,0,171
7400,49,0,0,23,7,-5.49,0.05,1,0,171
7401,400,9,9,125,45,25.6,0.05,0,1,171
7402,375,9,9,116,42,21.8,0.05,0,1,171
7403,64,0,0,30,9,-1.24,0.05,1,0,171
7404,310,7,7,113,35,22.9,0.05,1,0,171
7405,153,3,3,56,20,3.42,0.05,1,0,171
7406,36,0,0,15,5,-3.66,0.05,1,0,171
7407,91,1,1,43,13,-2.41,0.05,1,0,171
7408,20,0,0,10,3,-4.35,0.05,1,0,171
7409,159,3,3,58,20,4.66,0.05,1,0,171
7410,35,0,0,13,5,-5.1,0.05,1,0,171
7411,138,2,2,69,17,10.32,0.05,1,0,171
7412,295,8,8,102,33,18.65,0.05,1,0,171
7413,13,0,0,7,2,-4.53,0.05,1,0,171
7414,108,4,4,43,14,6.47,0.05,1,0,171
7415,28,1,1,12,4,-2.88,0.05,1,0,171
7416,42,0,0,20,6,-2.57,0.05,1,0,171
7417,174,2,2,63,21,6.81,0.05,1,0,171
7418,6,0,0,3,1,-4.76,0.05,1,0,171
7419,20,0,0,9,3,-4.7,0.05,1,0,171
7420,59,1,1,26,8,-0.94,0.05,1,0,171
7421,34,0,0,15,5,-4.14,0.05,1,0,171
7422,226,2,2,92,26,14.49,0.05,1,0,171
7423,54,2,2,24,7,0.91,0.05,1,0,171
7424,398,8,9,115,44,27.72,0.05,0,1,171
7425,259,4,4,81,31,9.56,0.05,1,0,171
7426,373,8,9,116,41,26.07,0.05,0,1,171
7427,69,1,1,35,9,2.51,0.05,1,0,171
7428,83,1,1,40,11,1.82,0.05,1,0,171
7429,400,9,9,120,46,25.25,0.05,0,1,171
7430,400,8,8,117,44,23.9,0.05,0,1,171
7431,336,8,8,101,38,19.49,0.05,1,0,171
7432,58,0,0,28,8,-0.93,0.05,1,0,171
7433,72,0,0,25,9,-0.57,0.05,1,0,171
7434,183,3,3,70,23,4.62,0.05,1,0,171
7435,105,0,0,51,13,4.05,0.05,1,0,171
7436,38,0,0,17,5,-2.58,0.05,1,0,171
7437,13,0,0,5,2,-4.88,0.05,1,0,171
7438,91,1,1,39,11,2.04,0.05,1,0,171
7439,315,8,8,121,37,20.6,0.05,1,0,171
7440,146,5,5,59,17,9.24,0.05,1,0,171
7441,256,3,3,80,30,6.34,0.05,1,0,171
7442,400,9,9,127,45,28.95,0.05,0,1,171
7443,105,1,1,50,13,2.9,0.05,1,0,171
7444,163,2,2,67,20,9.72,0.05,1,0,171
7445,49,0,0,19,7,-3.59,0.05,1,0,171
7446,294,6,6,101,34,16.36,0.05,1,0,171
7447,67,0,0,34,9,0.83,0.05,1,0,171
7448,27,0,0,5,4,-6.47,0.05,1,0,171
7449,175,4,4,75,21,13.2,0.05,1,0,171
7450,400,9,9,127,42,33.9,0.05,0,1,171
7451,22,1,1,11,3,-2.47,0.05,1,0,171
7452,291,4,4,109,35,16.39,0.05,1,0,171
7453,66,1,1,26,9,-1.66,0.05,1,0,171
7454,218,6,6,87,25,19.62,0.05,1,0,171
7455,15,0,0,5,2,-6.35,0.05,1,0,171
7456,41,2,2,20,6,-2.06,0.05,1,0,171
7457,27,0,0,10,4,-4.87,0.05,1,0,171
7458,311,7,7,104,34,19.99,0.05,1,0,171
7459,6,0,0,2,1,-4.96,0.05,1,0,171
7460,400,8,9,124,45,25.15,0.05,0,1,171
7461,27,0,0,8,4,-5.67,0.05,1,0,171
7462,14,0,0,10,2,-2.74,0.05,1,0,171
7463,27,0,0,11,4,-5.12,0.05,1,0,171
7464,114,4,4,45,14,4.46,0.05,1,0,171
7465,390,9,9,121,42,23.6,0.05,1,0,171
7466,358,8,8,110,40,18.52,0.05,1,0,171
7467,284,5,5,96,33,13.26,0.05,1,0,171
7468,21,0,0,9,3,-4.51,0.05,1,0,171
7469,28,0,0,8,4,-5.63,0.05,1,0,171
7470,125,2,2,54,16,3.75,0.05,1,0,171
7471,351,6,6,126,40,23.49,0.05,1,0,171
7472,126,1,1,52,16,3.29,0.05,1,0,171
7473,93,3,3,39,12,1.52,0.05,1,0,171
7474,15,0,0,10,2,-3.75,0.05,1,0,171
7475,13,0,0,8,2,-3.83,0.05,1,0,171
7476,123,1,1,52,16,2.22,0.05,1,0,171
7477,194,1,1,77,23,9.41,0.05,1,0,171
7478,28,0,0,15,4,-3.03,0.05,1,0,171
7479,126,3,3,48,15,4.34,0.05,1,0,171
7480,290,5,5,109,35,17.65,0.05,1,0,171
7481,306,6,6,98,34,13.74,0.05,1,0,171
7482,305,6,6,119,35,24.9,0.05,1,0,171
7483,54,1,1,27,7,-0.99,0.05,1,0,171
7484,361,9,9,124,40,31.34,0.05,0,1,171
7485,22,0,0,13,3,-3.42,0.05,1,0,171
7486,52,0,0,24,7,-1.67,0.05,1,0,171
7487,109,4,4,54,13,12.11,0.05,1,0,171
7488,7,0,0,5,1,-3.67,0.05,1,0,171
7489,225,5,5,87,27,14.3,0.05,1,0,171
7490,13,0,0,6,2,-5.03,0.05,1,0,171
7491,400,9,9,127,45,30.55,0.05,0,1,171
7492,90,5,5,34,11,5.25,0.05,1,0,171
7493,400,8,8,125,46,27.75,0.05,0,1,171
7494,396,9,9,118,44,20.29,0.05,1,0,171
7495,121,1,1,50,15,5.14,0.05,1,0,171
7496,155,4,4,64,18,7.8,0.05,1,0,171
7497,6,0,0,3,1,-4.76,0.05,1,0,171
7498,6,0,0,2,1,-5.51,0.05,1,0,171
7499,13,0,0,9,2,-3.48,0.05,1,0,171
7500,21,0,0,6,3,-5.16,0.05,1,0,171
7501,71,1,1,25,10,-2.26,0.05,1,0,171
7502,210,6,6,69,25,10.3,0.05,1,0,171
7503,102,2,2,42,13,3.58,0.05,1,0,171
7504,359,9,9,121,40,26.46,0.05,0,1,171
7505,110,3,3,47,15,0.85,0.05,1,0,171
7506,284,6,6,113,34,20.06,0.05,1,0,171
7507,7,0,0,1,1,-6.32,0.05,1,0,171
7508,66,1,1,25,9,-2.96,0.05,1,0,171
7509,64,1,1,34,8,3.36,0.05,1,0,171
7510,159,2,2,62,19,7.61,0.05,1,0,171
7511,288,5,5,97,34,13.47,0.05,1,0,171
7512,95,1,1,34,12,-2.75,0.05,1,0,171
7513,314,6,6,113,35,23.51,0.05,1,0,171
7514,42,0,0,22,6,-1.42,0.05,1,0,171
7515,76,1,1,29,10,-1.36,0.05,1,0,171
7516,178,2,2,78,22,9.52,0.05,1,0,171
7517,120,2,2,43,15,2.3,0.05,1,0,171
7518,290,5,5,115,33,22.75,0.05,1,0,171
7519,159,4,4,57,20,4.81,0.05,1,0,171
7520,28,0,0,10,4,-4.58,0.05,1,0,171
7521,236,7,7,90,29,16.89,0.05,1,0,171
7522,128,1,1,45,17,-1.43,0.05,1,0,171
7523,213,3,3,75,24,11.67,0.05,1,0,171
7524,82,2,2,35,11,-0.12,0.05,1,0,171
7525,400,8,8,122,46,23.15,0.05,0,1,171
7526,73,2,2,32,9,0.57,0.05,1,0,171
7527,163,1,1,63,20,4.47,0.05,1,0,171
7528,119,1,1,53,15,4.56,0.05,1,0,171
7529,6,0,0,2,1,-5.06,0.05,1,0,171
7530,152,5,5,54,18,8.23,0.05,1,0,171
7531,348,9,9,119,41,20.47,0.05,1,0,171
7532,6,0,0,3,1,-4.76,0.05,1,0,171
7533,81,1,1,34,11,0.29,0.05,1,0,171
7534,96,2,2,50,12,6.14,0.05,1,0,171
7535,6,0,0,3,1,-4.66,0.05,1,0,171
7536,22,0,0,9,3,-4.12,0.05,1,0,171
7537,76,3,3,31,10,3.79,0.05,1,0,171
7538,386,9,9,128,44,26.04,0.05,0,1,171
7539,374,9,9,119,42,24.21,0.05,0,1,171
7540,93,3,3,43,13,1.12,0.05,1,0,171
7541,328,8,8,116,37,21.57,0.05,1,0,171
7542,102,2,2,46,13,3.98,0.05,1,0,171
7543,60,1,1,29,8,0.3,0.05,1,0,171
7544,21,0,0,9,3,-4.01,0.05,1,0,171
7545,13,0,0,9,2,-3.58,0.05,1,0,171
7546,35,1,1,15,5,-2.95,0.05,1,0,171
7547,28,0,0,14,4,-2.28,0.05,1,0,171
7548,49,0,0,20,7,-2.49,0.05,1,0,171
7549,202,3,3,77,24,7.98,0.05,1,0,171
7550,80,0,0,32,11,-0.95,0.05,1,0,171
7551,51,1,1,20,7,-2.71,0.05,1,0,171
7552,78,0,0,40,10,1.82,0.05,1,0,171
7553,6,0,0,3,1,-4.76,0.05,1,0,171
7554,78,1,1,39,11,1.02,0.05,1,0,171
7555,83,2,2,31,11,-0.48,0.05,1,0,171
7556,96,3,3,40,12,3.24,0.05,1,0,171
7557,135,4,4,54,17,5.25,0.05,1,0,171
7558,49,2,2,25,7,1.06,0.05,1,0,171
7559,359,9,9,119,37,27.01,0.05,0,1,171
7560,36,0,0,18,5,-2.36,0.05,1,0,171
7561,35,0,0,14,5,-4.9,0.05,1,0,171
7562,68,1,1,39,9,2.67,0.05,1,0,171
7563,93,1,1,37,12,1.72,0.05,1,0,171
7564,13,0,0,6,2,-4.58,0.05,1,0,171
7565,49,1,1,22,7,-1.14,0.05,1,0,171
7566,119,2,2,42,16,0.56,0.05,1,0,171
7567,38,1,1,13,5,-2.28,0.05,1,0,171
7568,170,5,5,73,21,14.9,0.05,1,0,171
7569,253,4,4,97,31,13.47,0.05,1,0,171
7570,246,6,6,89,29,12.74,0.05,1,0,171
7571,36,0,0,17,5,-1.86,0.05,1,0,171
7572,38,1,1,21,5,-0.13,0.05,1,0,171
7573,165,5,5,74,19,16.25,0.05,1,0,171
7574,297,6,6,111,34,19.93,0.05,1,0,171
7575,113,0,0,48,15,0.12,0.05,1,0,171
7576,58,1,1,25,8,-2.28,0.05,1,0,171
7577,14,0,0,4,2,-6.49,0.05,1,0,171
7578,157,3,3,63,20,3.63,0.05,1,0,171
7579,21,1,1,12,3,-2.26,0.05,1,0,171
7580,231,5,5,93,28,13.69,0.05,1,0,171
7581,219,2,2,83,26,10.76,0.05,1,0,171
7582,36,0,0,13,5,-4.21,0.05,1,0,171
7583,142,2,2,56,17,7.18,0.05,1,0,171
7584,400,7,7,124,45,24.8,0.05,0,1,171
7585,89,2,2,50,12,6.71,0.05,1,0,171
7586,180,1,1,64,22,4.55,0.05,1,0,171
7587,53,1,1,27,7,0.87,0.05,1,0,171
7588,97,0,0,44,12,2.23,0.05,1,0,171
7589,35,0,0,14,5,-3.95,0.05,1,0,171
7590,119,1,1,48,15,1.06,0.05,1,0,171
7591,20,0,0,9,3,-4.05,0.05,1,0,171
7592,13,0,0,7,2,-4.18,0.05,1,0,171
7593,192,4,4,75,23,9.88,0.05,1,0,171
7594,13,0,0,3,2,-4.33,0.05,1,0,171
7595,85,2,2,37,11,2.0,0.05,1,0,171
7596,79,0,0,31,11,-2.34,0.05,1,0,171
7597,21,0,0,11,3,-2.86,0.05,1,0,171
7598,6,0,0,2,1,-5.06,0.05,1,0,171
7599,303,6,6,111,37,15.42,0.05,1,0,171
7600,68,1,1,34,9,2.17,0.05,1,0,171
7601,14,0,0,8,2,-3.39,0.05,1,0,171
7602,51,0,0,29,7,0.99,0.05,1,0,171
7603,216,5,5,83,26,17.69,0.05,1,0,171
7604,36,0,0,18,5,-2.01,0.05,1,0,171
7605,28,0,0,12,4,-4.43,0.05,1,0,171
7606,158,3,3,71,20,10.87,0.05,1,0,171
7607,205,7,7,73,24,14.0,0.05,1,0,171
7608,21,0,0,9,3,-3.21,0.05,1,0,171
7609,29,0,0,15,4,-2.39,0.05,1,0,171
7610,13,0,0,7,2,-3.78,0.05,1,0,171
7611,20,0,0,9,3,-3.55,0.05,1,0,171
7612,20,0,0,9,3,-5.65,0.05,1,0,171
7613,142,5,5,54,17,7.73,0.05,1,0,171
7614,249,4,4,100,30,17.31,0.05,1,0,171
7615,28,0,0,11,4,-3.68,0.05,1,0,171
7616,346,9,9,113,38,28.99,0.05,0,1,171
7617,35,1,1,13,5,-2.55,0.05,1,0,171
7618,6,0,0,3,1,-4.31,0.05,1,0,171
7619,157,2,2,55,19,5.23,0.05,1,0,171
7620,385,7,7,124,42,24.55,0.05,1,0,171
7621,6,0,0,3,1,-4.76,0.05,1,0,171
7622,129,1,1,59,17,1.31,0.05,1,0,171
7623,141,0,0,50,19,-2.01,0.05,1,0,171
7624,7,0,0,2,1,-5.57,0.05,1,0,171
7625,35,1,1,17,5,-2.05,0.05,1,0,171
7626,82,2,2,33,11,-0.27,0.05,1,0,171
7627,251,4,4,106,31,15.69,0.05,1,0,171
7628,393,8,8,115,45,19.62,0.05,1,0,171
7629,221,4,4,91,28,15.69,0.05,1,0,171
7630,187,4,4,75,23,6.43,0.05,1,0,171
7631,156,4,4,75,20,10.24,0.05,1,0,171
7632,45,0,0,16,6,-2.7,0.05,1,0,171
7633,99,1,1,38,12,1.96,0.05,1,0,171
7634,400,8,8,115,44,24.35,0.05,0,1,171
7635,208,6,6,82,25,12.92,0.05,1,0,171
7636,59,1,1,28,8,0.46,0.05,1,0,171
7637,114,4,4,49,15,3.11,0.05,1,0,171
7638,226,0,0,86,27,8.94,0.05,1,0,171
7639,393,8,9,120,44,22.02,0.05,0,1,171
7640,59,0,0,25,8,-3.34,0.05,1,0,171
7641,103,1,1,40,14,-2.78,0.05,1,0,171
7642,44,0,0,18,6,-5.84,0.05,1,0,171
7643,14,0,0,4,2,-5.04,0.05,1,0,171
7644,56,1,1,26,8,-1.56,0.05,1,0,171
7645,174,5,5,58,21,3.66,0.05,1,0,171
7646,13,0,0,7,2,-4.18,0.05,1,0,171
7647,14,0,0,11,2,-2.84,0.05,1,0,171
7648,98,1,1,39,13,1.52,0.05,1,0,171
7649,137,1,1,49,17,1.43,0.05,1,0,171
7650,69,1,1,21,9,-2.39,0.05,1,0,171
7651,137,3,3,55,18,3.93,0.05,1,0,171
7652,400,5,5,130,45,28.65,0.05,0,1,171
7653,20,0,0,8,3,-4.9,0.05,1,0,171
7654,110,2,2,45,14,1.9,0.05,1,0,171
7655,58,0,0,29,7,0.42,0.05,1,0,171
7656,159,4,4,61,18,11.71,0.05,1,0,171
7657,375,8,9,117,40,32.95,0.05,0,1,171
7658,22,1,1,10,3,-1.67,0.05,1,0,171
7659,400,9,9,108,44,24.6,0.05,0,1,171
7660,307,7,7,102,34,16.83,0.05,1,0,171
7661,138,0,0,49,17,-1.63,0.05,1,0,171
7662,345,8,9,120,40,26.35,0.05,0,1,171
7663,49,0,0,22,7,-3.84,0.05,1,0,171
7664,131,2,2,58,16,5.99,0.05,1,0,171
7665,179,2,2,88,21,14.06,0.05,1,0,171
7666,81,2,2,34,10,2.04,0.05,1,0,171
7667,143,2,2,61,18,6.27,0.05,1,0,171
7668,172,3,3,69,21,7.88,0.05,1,0,171
7669,109,2,2,48,14,3.96,0.05,1,0,171
7670,7,0,0,3,1,-4.72,0.05,1,0,171
7671,95,2,2,41,12,4.35,0.05,1,0,171
7672,190,4,4,76,23,10.0,0.05,1,0,171
7673,71,1,1,32,10,-0.46,0.05,1,0,171
7674,200,3,3,86,24,11.95,0.05,1,0,171
7675,164,5,5,59,20,8.51,0.05,1,0,171
7676,88,0,0,38,12,-1.98,0.05,1,0,171
7677,147,3,3,61,18,8.68,0.05,1,0,171
7678,184,3,3,66,23,5.06,0.05,1,0,171
7679,101,2,2,47,12,7.19,0.05,1,0,171
7680,303,8,8,110,34,18.42,0.05,1,0,171
7681,299,5,5,109,35,16.31,0.05,1,0,171
7682,374,9,9,124,41,30.86,0.05,0,1,171
7683,255,6,6,92,31,16.4,0.05,1,0,171
7684,129,4,4,53,17,5.51,0.05,1,0,171
7685,400,7,7,118,43,24.25,0.05,0,1,171
7686,177,5,5,65,22,11.58,0.05,1,0,171
7687,208,4,4,83,26,8.07,0.05,1,0,171
7688,236,4,4,75,28,7.54,0.05,1,0,171
7689,195,4,4,76,24,8.2,0.05,1,0,171
7690,13,0,0,4,2,-5.08,0.05,1,0,171
7691,127,3,3,50,15,8.33,0.05,1,0,171
7692,51,2,2,22,7,-0.26,0.05,1,0,171
7693,394,8,9,121,43,26.86,0.05,0,1,171
7694,59,0,0,25,8,-2.84,0.05,1,0,171
7695,153,3,3,61,19,7.62,0.05,1,0,171
7696,57,0,0,21,8,-3.77,0.05,1,0,171
7697,148,2,2,68,20,3.52,0.05,1,0,171
7698,66,1,1,28,9,-2.61,0.05,1,0,171
7699,27,0,0,11,4,-4.67,0.05,1,0,171
7700,27,0,0,14,4,-3.22,0.05,1,0,171
7701,6,0,0,3,1,-4.66,0.05,1,0,171
7702,157,1,1,58,19,4.48,0.05,1,0,171
7703,230,5,5,88,26,13.1,0.05,1,0,171
7704,230,7,7,95,27,21.05,0.05,1,0,171
7705,197,5,5,85,24,16.88,0.05,1,0,171
7706,34,1,1,15,5,-3.04,0.05,1,0,171
7707,106,4,4,58,14,9.94,0.05,1,0,171
7708,14,0,0,6,2,-3.99,0.05,1,0,171
7709,95,0,0,43,12,2.4,0.05,1,0,171
7710,21,0,0,9,3,-4.26,0.05,1,0,171
7711,97,2,2,39,13,1.83,0.05,1,0,171
7712,208,3,3,78,26,7.17,0.05,1,0,171
7713,6,0,0,2,1,-4.61,0.05,1,0,171
7714,397,8,9,126,44,29.38,0.05,0,1,171
7715,140,3,3,64,19,5.15,0.05,1,0,171
7716,362,9,9,121,40,30.48,0.05,0,1,171
7717,96,0,0,38,12,-0.06,0.05,1,0,171
7718,90,1,1,42,12,0.45,0.05,1,0,171
7719,172,5,5,68,21,7.98,0.05,1,0,171
7720,257,8,8,100,29,21.33,0.05,1,0,171
7721,400,9,9,117,45,24.95,0.05,0,1,171
7722,51,2,2,18,7,-1.91,0.05,1,0,171
7723,22,0,0,8,3,-4.37,0.05,1,0,171
7724,58,0,0,32,8,-0.33,0.05,1,0,171
7725,135,2,2,60,17,7.15,0.05,1,0,171
7726,35,0,0,14,5,-3.45,0.05,1,0,171
7727,63,1,1,28,8,-1.18,0.05,1,0,171
7728,6,0,0,2,1,-5.51,0.05,1,0,171
7729,400,7,7,125,44,28.4,0.05,0,1,171
7730,13,0,0,3,2,-5.83,0.05,1,0,171
7731,308,7,7,112,36,16.22,0.05,1,0,171
7732,6,0,0,3,1,-4.31,0.05,1,0,171
7733,83,1,1,37,11,0.77,0.05,1,0,171
7734,314,6,6,103,37,17.01,0.05,1,0,171
7735,175,4,4,68,22,7.65,0.05,1,0,171
7736,366,8,9,116,39,27.84,0.05,0,1,171
7737,28,0,0,12,4,-3.88,0.05,1,0,171
7738,35,0,0,15,5,-3.65,0.05,1,0,171
7739,22,0,0,11,3,-3.52,0.05,1,0,171
7740,142,2,2,62,17,7.23,0.05,1,0,171
7741,361,8,9,122,40,28.24,0.05,0,1,171
7742,124,4,4,52,15,8.91,0.05,1,0,171
7743,72,2,2,35,9,3.83,0.05,1,0,171
7744,232,5,5,85,29,9.38,0.05,1,0,171
7745,66,1,1,19,9,-5.76,0.05,1,0,171
7746,41,0,0,16,6,-5.91,0.05,1,0,171
7747,169,4,4,65,19,11.56,0.05,1,0,171
7748,85,2,2,34,11,2.45,0.05,1,0,171
7749,52,0,0,24,7,-2.67,0.05,1,0,171
7750,400,9,9,120,44,27.1,0.05,0,1,171
7751,400,9,9,126,43,22.65,0.05,0,1,171
7752,14,0,0,7,2,-4.14,0.05,1,0,171
7753,174,6,6,69,21,12.41,0.05,1,0,171
7754,122,0,0,46,16,0.58,0.05,1,0,171
7755,94,1,1,43,12,1.96,0.05,1,0,171
7756,88,2,2,42,11,4.27,0.05,1,0,171
7757,51,0,0,19,7,-3.56,0.05,1,0,171
7758,139,1,1,61,18,3.96,0.05,1,0,171
7759,122,2,2,53,15,5.98,0.05,1,0,171
7760,63,2,2,31,8,3.52,0.05,1,0,171
7761,400,8,8,118,44,25.9,0.05,0,1,171
7762,382,8,9,116,40,28.98,0.05,0,1,171
7763,142,3,3,61,17,6.93,0.05,1,0,171
7764,87,2,2,38,11,1.68,0.05,1,0,171
7765,28,2,2,14,4,-1.43,0.05,1,0,171
7766,400,8,8,120,43,24.35,0.05,0,1,171
7767,20,1,1,10,3,-2.3,0.05,1,0,171
7768,13,0,0,6,2,-4.58,0.05,1,0,171
7769,400,9,9,118,46,26.8,0.05,0,1,171
7770,7,0,0,2,1,-5.12,0.05,1,0,171
7771,7,0,0,5,1,-4.02,0.05,1,0,171
7772,251,5,5,93,30,12.89,0.05,1,0,171
7773,6,0,0,1,1,-5.36,0.05,1,0,171
7774,192,3,3,73,25,7.58,0.05,1,0,171
7775,7,0,0,2,1,-5.02,0.05,1,0,171
7776,78,1,1,35,10,1.97,0.05,1,0,171
7777,13,0,0,8,2,-3.43,0.05,1,0,171
7778,80,1,1,37,10,1.95,0.05,1,0,171
7779,231,7,7,96,27,17.99,0.05,1,0,171
7780,93,2,2,46,12,5.67,0.05,1,0,171
7781,6,0,0,3,1,-4.31,0.05,1,0,171
7782,400,8,8,134,44,31.2,0.05,0,1,171
7783,300,5,5,99,34,11.6,0.05,1,0,171
7784,174,1,1,58,20,3.86,0.05,1,0,171
7785,170,3,3,86,21,12.55,0.05,1,0,171
7786,315,6,6,113,37,20.25,0.05,1,0,171
7787,375,8,9,125,42,28.55,0.05,0,1,171
7788,225,8,8,90,26,20.15,0.05,1,0,171
7789,35,0,0,14,5,-4.9,0.05,1,0,171
7790,330,5,5,114,37,19.3,0.05,1,0,171
7791,173,3,3,64,20,8.87,0.05,1,0,171
7792,103,1,1,46,13,2.22,0.05,1,0,171
7793,7,0,0,3,1,-5.27,0.05,1,0,171
7794,6,0,0,3,1,-4.76,0.05,1,0,171
7795,141,6,6,66,17,13.14,0.05,1,0,171
7796,20,0,0,9,3,-4.1,0.05,1,0,171
7797,352,8,9,115,39,29.68,0.05,0,1,171
7798,85,3,3,36,10,6.8,0.05,1,0,171
7799,97,3,3,45,12,5.38,0.05,1,0,171
7800,30,0,0,11,4,-4.05,0.05,1,0,171
7801,147,3,3,55,18,5.78,0.05,1,0,171
7802,159,4,4,70,19,11.11,0.05,1,0,171
7803,320,7,7,111,37,15.45,0.05,1,0,171
7804,75,0,0,34,10,-2.1,0.05,1,0,171
7805,255,5,5,86,30,13.5,0.05,1,0,171
7806,50,0,0,20,7,-3.0,0.05,1,0,171
7807,20,0,0,8,3,-4.5,0.05,1,0,171
7808,147,4,4,50,19,4.83,0.05,1,0,171
7809,400,7,7,126,45,23.8,0.05,0,1,171
7810,77,0,0,34,10,1.48,0.05,1,0,171
7811,400,8,8,118,44,27.3,0.05,0,1,171
7812,43,1,1,18,6,-2.58,0.05,1,0,171
7813,172,3,3,61,20,7.78,0.05,1,0,171
7814,35,0,0,16,5,-3.75,0.05,1,0,171
7815,13,0,0,7,2,-3.68,0.05,1,0,171
7816,143,5,5,52,18,4.42,0.05,1,0,171
7817,53,0,0,28,7,0.12,0.05,1,0,171
7818,177,3,3,72,21,8.08,0.05,1,0,171
7819,57,2,2,28,8,-2.27,0.05,1,0,171
7820,42,0,0,20,6,-1.87,0.05,1,0,171
7821,182,6,6,70,22,10.68,0.05,1,0,171
7822,67,0,0,26,9,-1.17,0.05,1,0,171
7823,139,2,2,60,17,8.96,0.05,1,0,171
7824,52,0,0,19,7,-4.62,0.05,1,0,171
7825,122,1,1,56,14,7.28,0.05,1,0,171
7826,28,0,0,15,4,-1.93,0.05,1,0,171
7827,141,2,2,60,17,8.19,0.05,1,0,171
7828,376,8,9,121,41,28.49,0.05,0,1,171
7829,190,5,5,70,23,12.05,0.05,1,0,171
7830,323,6,6,122,37,22.87,0.05,1,0,171
7831,123,2,2,46,15,1.07,0.05,1,0,171
7832,6,0,0,3,1,-4.31,0.05,1,0,171
7833,50,2,2,24,7,0.4,0.05,1,0,171
7834,20,0,0,11,3,-3.1,0.05,1,0,171
7835,6,0,0,1,1,-5.36,0.05,1,0,171
7836,94,5,5,40,12,4.96,0.05,1,0,171
7837,78,1,1,35,10,0.97,0.05,1,0,171
7838,57,1,1,30,8,0.68,0.05,1,0,171
7839,104,2,2,44,13,5.56,0.05,1,0,171
7840,400,8,8,117,43,24.75,0.05,0,1,171
7841,20,0,0,8,3,-4.45,0.05,1,0,171
7842,74,1,1,26,10,-3.29,0.05,1,0,171
7843,27,0,0,11,4,-4.47,0.05,1,0,171
7844,400,8,8,122,44,26.1,0.05,0,1,171
7845,147,1,1,50,18,1.63,0.05,1,0,171
7846,137,0,0,55,17,1.23,0.05,1,0,171
7847,28,0,0,14,4,-2.18,0.05,1,0,171
7848,151,0,0,57,19,1.59,0.05,1,0,171
7849,13,0,0,7,2,-3.73,0.05,1,0,171
7850,28,0,0,12,4,-3.43,0.05,1,0,171
7851,80,2,2,39,10,3.6,0.05,1,0,171
7852,21,1,1,10,3,-2.81,0.05,1,0,171
7853,333,8,8,114,37,22.72,0.05,1,0,171
7854,226,3,3,87,27,13.84,0.05,1,0,171
7855,49,1,1,26,7,0.56,0.05,1,0,171
7856,20,0,0,9,3,-4.25,0.05,1,0,171
7857,281,6,6,86,34,5.44,0.05,1,0,171
7858,20,0,0,7,3,-4.75,0.05,1,0,171
7859,169,4,4,58,20,8.41,0.05,1,0,171
7860,27,0,0,15,4,-4.27,0.05,1,0,171
7861,101,2,2,48,13,3.99,0.05,1,0,171
7862,166,5,5,85,22,11.09,0.05,1,0,171
7863,362,9,9,121,40,23.63,0.05,1,0,171
7864,172,2,2,68,22,4.98,0.05,1,0,171
7865,215,4,4,86,25,13.6,0.05,1,0,171
7866,181,5,5,76,22,12.59,0.05,1,0,171
7867,372,8,9,119,40,30.03,0.05,0,1,171
7868,199,3,3,89,25,13.26,0.05,1,0,171
7869,95,2,2,34,13,0.2,0.05,1,0,171
7870,71,2,2,31,10,-1.21,0.05,1,0,171
7871,143,2,2,65,17,7.57,0.05,1,0,171
7872,14,0,0,7,2,-3.69,0.05,1,0,171
7873,58,1,1,26,8,-0.03,0.05,1,0,171
7874,55,1,1,20,7,-1.3,0.05,1,0,171
7875,107,2,2,46,13,5.78,0.05,1,0,171
7876,36,0,0,14,5,-3.41,0.05,1,0,171
7877,161,3,3,67,20,8.44,0.05,1,0,171
7878,78,3,3,26,9,2.27,0.05,1,0,171
7879,377,8,9,127,40,30.88,0.05,0,1,171
7880,81,1,1,31,11,-2.46,0.05,1,0,171
7881,139,2,2,56,17,8.91,0.05,1,0,171
7882,206,6,6,76,24,11.69,0.05,1,0,171
7883,400,4,4,88,51,1.0,0.05,0,1,171
7884,35,0,0,16,5,-2.2,0.05,1,0,171
7885,73,1,1,29,9,0.22,0.05,1,0,171
7886,28,0,0,13,4,-3.48,0.05,1,0,171
7887,305,8,8,100,34,19.85,0.05,1,0,171
7888,35,0,0,12,5,-5.5,0.05,1,0,171
7889,345,8,8,105,39,19.3,0.05,1,0,171
7890,123,3,3,61,16,9.97,0.05,1,0,171
7891,305,6,6,99,33,17.65,0.05,1,0,171
7892,183,4,4,71,23,5.67,0.05,1,0,171
7893,327,7,7,109,37,19.38,0.05,1,0,171
7894,374,9,9,125,42,20.36,0.05,1,0,171
7895,215,5,5,81,25,12.7,0.05,1,0,171
7896,330,6,6,114,38,19.25,0.05,1,0,171
7897,269,6,6,107,32,15.26,0.05,1,0,171
7898,14,0,0,5,2,-4.84,0.05,1,0,171
7899,13,0,0,9,2,-3.48,0.05,1,0,171
7900,21,0,0,10,3,-3.86,0.05,1,0,171
7901,69,1,1,26,9,0.26,0.05,1,0,171
7902,13,0,0,6,2,-4.98,0.05,1,0,171
7903,60,1,1,28,8,0.05,0.05,1,0,171
7904,113,1,1,55,15,4.97,0.05,1,0,171
7905,350,6,6,116,40,15.5,0.05,1,0,171
7906,78,1,1,32,11,-3.63,0.05,1,0,171
7907,6,0,0,3,1,-4.76,0.05,1,0,171
7908,340,8,8,117,39,23.55,0.05,1,0,171
7909,167,1,1,69,21,4.58,0.05,1,0,171
7910,351,8,9,116,40,24.74,0.05,0,1,171
7911,69,1,1,24,9,-0.99,0.05,1,0,171
7912,21,1,1,12,3,-2.71,0.05,1,0,171
7913,379,8,9,119,42,27.81,0.05,0,1,171
7914,52,0,0,19,7,-3.62,0.05,1,0,171
7915,400,8,8,118,45,21.7,0.05,0,1,171
7916,186,6,6,82,23,14.09,0.05,1,0,171
7917,171,3,3,66,20,7.89,0.05,1,0,171
7918,26,0,0,10,3,-3.31,0.05,1,0,171
7919,183,5,5,75,21,14.57,0.05,1,0,171
7920,75,1,1,31,10,0.3,0.05,1,0,171
7921,102,0,0,47,14,-0.42,0.05,1,0,171
7922,89,0,0,29,12,-5.39,0.05,1,0,171
7923,329,8,8,117,37,22.36,0.05,1,0,171
7924,358,9,9,118,39,27.22,0.05,0,1,171
7925,20,0,0,11,3,-4.05,0.05,1,0,171
7926,80,4,4,37,10,6.95,0.05,1,0,171
7927,135,1,1,66,17,8.2,0.05,1,0,171
7928,7,0,0,2,1,-4.57,0.05,1,0,171
7929,37,1,1,19,5,-0.52,0.05,1,0,171
7930,92,1,1,37,11,2.73,0.05,1,0,171
7931,74,2,2,35,10,0.41,0.05,1,0,171
7932,304,6,6,113,36,12.11,0.05,1,0,171
7933,57,0,0,18,8,-4.42,0.05,1,0,171
7934,82,1,1,27,10,-1.07,0.05,1,0,171
7935,400,8,8,119,45,24.85,0.05,0,1,171
7936,14,0,0,6,2,-4.54,0.05,1,0,171
7937,20,0,0,8,3,-4.05,0.05,1,0,171
7938,92,3,3,44,11,8.13,0.05,1,0,171
7939,20,0,0,11,3,-3.1,0.05,1,0,171
7940,7,0,0,4,1,-4.47,0.05,1,0,171
7941,59,1,1,27,8,-1.79,0.05,1,0,171
7942,308,7,7,114,36,18.17,0.05,1,0,171
7943,125,5,5,52,16,7.9,0.05,1,0,171
7944,125,3,3,53,16,4.4,0.05,1,0,171
7945,220,2,2,73,26,2.95,0.05,1,0,171
7946,37,0,0,14,5,-4.02,0.05,1,0,171
7947,388,8,9,120,42,27.82,0.05,0,1,171
7948,92,3,3,33,12,2.18,0.05,1,0,171
7949,353,8,9,120,39,30.32,0.05,0,1,171
7950,355,8,9,132,39,36.05,0.05,0,1,171
7951,6,0,0,2,1,-5.06,0.05,1,0,171
7952,7,0,0,6,1,-3.82,0.05,1,0,171
7953,66,1,1,31,9,-1.26,0.05,1,0,171
7954,283,4,4,107,33,18.62,0.05,1,0,171
7955,60,0,0,25,8,-1.3,0.05,1,0,171
7956,20,0,0,9,3,-4.1,0.05,1,0,171
7957,130,1,1,61,17,1.4,0.05,1,0,171
7958,6,0,0,2,1,-4.96,0.05,1,0,171
7959,126,2,2,65,17,7.49,0.05,1,0,171
7960,142,2,2,59,17,8.03,0.05,1,0,171
7961,351,8,8,109,39,22.59,0.05,1,0,171
7962,97,0,0,41,13,-1.07,0.05,1,0,171
7963,323,4,4,115,37,17.57,0.05,1,0,171
7964,123,3,3,48,15,5.77,0.05,1,0,171
7965,111,3,3,52,14,6.49,0.05,1,0,171
7966,6,0,0,3,1,-4.31,0.05,1,0,171
7967,312,8,8,98,35,19.13,0.05,1,0,171
7968,313,0,0,46,44,-18.63,0.05,1,0,171
7969,28,0,0,11,4,-4.78,0.05,1,0,171
7970,395,9,9,117,42,21.7,0.05,0,1,171
7971,6,0,0,2,1,-4.61,0.05,1,0,171
7972,204,2,2,81,26,7.21,0.05,1,0,171
7973,369,8,9,122,39,26.21,0.05,0,1,171
7974,52,1,1,27,7,0.08,0.05,1,0,171
7975,72,1,1,33,10,0.88,0.05,1,0,171
7976,163,4,4,64,22,1.22,0.05,1,0,171
7977,36,0,0,20,5,-1.11,0.05,1,0,171
7978,395,8,9,115,44,21.8,0.05,0,1,171
7979,398,9,9,122,43,29.17,0.05,0,1,173
7980,151,4,4,70,18,14.34,0.05,1,0,173
7981,400,8,8,116,47,20.8,0.05,0,1,173
7982,13,0,0,7,2,-4.08,0.05,1,0,173
7983,6,0,0,3,1,-4.66,0.05,1,0,173
7984,219,6,6,86,27,15.21,0.05,1,0,173
7985,79,2,2,31,10,-1.74,0.05,1,0,173
7986,6,0,0,3,1,-4.66,0.05,1,0,173
7987,298,5,5,104,35,16.02,0.05,1,0,173
7988,61,2,2,31,8,2.84,0.05,1,0,173
7989,13,0,0,6,2,-4.48,0.05,1,0,173
7990,28,1,1,12,4,-4.28,0.05,1,0,173
7991,321,6,6,111,38,15.54,0.05,1,0,173
7992,22,0,0,11,3,-4.02,0.05,1,0,173
7993,28,0,0,12,4,-4.88,0.05,1,0,173
7994,89,1,1,47,11,6.66,0.05,1,0,173
7995,395,8,9,120,43,23.55,0.05,0,1,173
7996,201,5,5,69,23,10.49,0.05,1,0,173
7997,183,3,3,81,22,9.52,0.05,1,0,173
7998,81,1,1,34,11,-3.36,0.05,1,0,173
7999,13,0,0,9,2,-3.48,0.05,1,0,173
8000,13,0,0,5,2,-4.78,0.05,1,0,173
8001,13,0,0,8,2,-4.23,0.05,1,0,173
8002,160,0,0,60,20,2.65,0.05,1,0,173
8003,176,4,4,75,21,15.14,0.05,1,0,173
8004,266,6,6,84,31,10.54,0.05,1,0,173
8005,41,0,0,18,6,-2.81,0.05,1,0,173
8006,21,1,1,7,3,-4.16,0.05,1,0,173
8007,207,4,4,91,26,13.28,0.05,1,0,173
8008,28,0,0,12,4,-4.03,0.05,1,0,173
8009,56,1,1,22,8,-2.26,0.05,1,0,173
8010,131,1,1,49,16,-0.76,0.05,1,0,173
8011,400,9,9,123,46,20.75,0.05,0,1,173
8012,41,0,0,17,6,-4.91,0.05,1,0,173
8013,5,0,0,3,1,-4.65,0.05,1,0,173
8014,48,1,1,20,7,-4.18,0.05,1,0,173
8015,6,0,0,3,1,-4.76,0.05,1,0,173
8016,56,3,3,32,8,3.64,0.05,1,0,173
8017,371,8,9,118,42,24.74,0.05,0,1,173
8018,48,0,0,22,7,-4.03,0.05,1,0,173
8019,190,4,4,80,25,7.75,0.05,1,0,173
8020,107,0,0,50,14,1.48,0.05,1,0,173
8021,116,1,1,48,15,-1.66,0.05,1,0,173
8022,124,2,2,52,15,5.36,0.05,1,0,173
8023,182,4,4,64,24,5.68,0.05,1,0,173
8024,152,1,1,61,19,6.48,0.05,1,0,173
8025,263,5,5,98,30,14.32,0.05,1,0,173
8026,177,1,1,72,22,4.53,0.05,1,0,173
8027,20,1,1,8,3,-4.4,0.05,1,0,173
8028,29,1,1,14,4,-0.84,0.05,1,0,173
8029,268,6,6,93,32,14.02,0.05,1,0,173
8030,162,2,2,60,20,8.88,0.05,1,0,173
8031,14,0,0,9,2,-3.09,0.05,1,0,173
8032,13,0,0,8,2,-3.78,0.05,1,0,173
8033,34,0,0,14,5,-3.64,0.05,1,0,173
8034,22,0,0,13,3,-2.37,0.05,1,0,173
8035,35,3,3,17,5,-0.15,0.05,1,0,173
8036,48,0,0,20,7,-3.63,0.05,1,0,173
8037,13,0,0,6,2,-3.98,0.05,1,0,173
8038,129,2,2,56,17,4.96,0.05,1,0,173
8039,60,3,3,27,8,2.5,0.05,1,0,173
8040,165,4,4,70,21,6.05,0.05,1,0,173
8041,123,1,1,47,16,-1.93,0.05,1,0,173
8042,97,0,0,42,12,0.13,0.05,1,0,173
8043,68,1,1,31,9,-0.88,0.05,1,0,173
8044,325,4,4,110,38,14.8,0.05,1,0,173
8045,329,5,5,106,39,10.91,0.05,1,0,173
8046,399,9,9,122,43,26.76,0.05,0,1,173
8047,60,1,1,26,8,-0.05,0.05,1,0,173
8048,77,1,1,35,11,-0.77,0.05,1,0,173
8049,6,0,0,3,1,-4.76,0.05,1,0,173
8050,253,5,5,94,28,14.27,0.05,1,0,173
8051,400,8,8,123,45,23.2,0.05,0,1,173
8052,138,2,2,55,18,0.62,0.05,1,0,173
8053,246,5,5,94,28,15.64,0.05,1,0,173
8054,169,2,2,63,22,2.11,0.05,1,0,173
8055,13,0,0,7,2,-3.63,0.05,1,0,173
8056,20,0,0,9,3,-4.15,0.05,1,0,173
8057,109,0,0,14,15,-10.59,0.05,1,0,173
8058,386,9,9,123,43,28.24,0.05,0,1,173
8059,20,0,0,8,3,-4.45,0.05,1,0,173
8060,72,2,2,32,10,0.08,0.05,1,0,173
8061,57,0,0,28,7,-1.47,0.05,1,0,173
8062,6,0,0,3,1,-4.26,0.05,1,0,173
8063,6,0,0,3,1,-4.31,0.05,1,0,173
8064,52,2,2,26,7,2.33,0.05,1,0,173
8065,326,9,9,113,37,25.49,0.05,1,0,173
8066,28,0,0,13,4,-3.43,0.05,1,0,173
8067,21,0,0,8,3,-3.71,0.05,1,0,173
8068,118,1,1,52,15,5.17,0.05,1,0,173
8069,20,0,0,10,3,-4.4,0.05,1,0,173
8070,21,1,1,10,3,-1.71,0.05,1,0,173
8071,186,4,4,74,22,12.14,0.05,1,0,173
8072,13,0,0,8,2,-3.88,0.05,1,0,173
8073,400,6,6,120,43,23.15,0.05,0,1,173
8074,7,0,0,3,1,-4.27,0.05,1,0,173
8075,6,0,0,2,1,-5.51,0.05,1,0,173
8076,118,3,3,52,15,5.52,0.05,1,0,173
8077,51,0,0,25,7,-0.71,0.05,1,0,173
8078,265,5,5,92,31,10.05,0.05,1,0,173
8079,400,9,9,131,44,27.25,0.05,0,1,173
8080,113,3,3,45,14,4.37,0.05,1,0,173
8081,58,2,2,24,8,-0.13,0.05,1,0,173
8082,188,4,4,81,23,14.07,0.05,1,0,173
8083,155,2,2,67,20,5.7,0.05,1,0,173
8084,211,4,4,77,25,10.44,0.05,1,0,173
8085,76,2,2,35,10,2.54,0.05,1,0,173
8086,35,0,0,14,5,-4.35,0.05,1,0,173
8087,151,4,4,62,18,8.64,0.05,1,0,173
8088,100,3,3,44,13,3.75,0.05,1,0,173
8089,189,4,4,69,23,6.06,0.05,1,0,173
8090,46,2,2,22,6,0.79,0.05,1,0,173
8091,60,0,0,27,8,-1.35,0.05,1,0,173
8092,50,0,0,23,7,-2.9,0.05,1,0,173
8093,400,8,8,127,45,22.3,0.05,0,1,173
8094,194,0,0,21,27,-15.34,0.05,1,0,173
8095,41,0,0,20,6,-4.11,0.05,1,0,173
8096,311,6,6,111,35,22.79,0.05,1,0,173
8097,6,0,0,3,1,-5.21,0.05,1,0,173
8098,109,0,0,59,14,5.51,0.05,1,0,173
8099,68,1,1,31,9,0.02,0.05,1,0,173
8100,50,1,1,18,7,-5.0,0.05,1,0,173
8101,163,3,3,57,20,7.17,0.05,1,0,173
8102,117,1,1,47,15,1.98,0.05,1,0,173
8103,35,0,0,13,5,-4.25,0.05,1,0,173
8104,119,4,4,43,15,4.21,0.05,1,0,173
8105,69,1,1,23,9,-1.74,0.05,1,0,173
8106,51,0,0,20,7,-3.66,0.05,1,0,173
8107,147,3,3,70,19,9.83,0.05,1,0,173
8108,222,5,5,92,27,16.98,0.05,1,0,173
8109,20,0,0,9,3,-3.95,0.05,1,0,173
8110,21,0,0,10,3,-3.41,0.05,1,0,173
8111,250,6,6,98,29,17.4,0.05,1,0,173
8112,74,0,0,29,10,-2.89,0.05,1,0,173
8113,400,9,9,125,43,30.5,0.05,0,1,173
8114,6,0,0,2,1,-5.06,0.05,1,0,173
8115,187,3,3,73,24,8.98,0.05,1,0,173
8116,121,0,0,48,15,0.49,0.05,1,0,173
8117,132,3,3,48,17,2.23,0.05,1,0,173
8118,212,5,5,79,24,15.23,0.05,1,0,173
8119,67,1,1,33,9,1.93,0.05,1,0,173
8120,142,3,3,54,17,5.03,0.05,1,0,173
8121,194,1,1,72,24,-1.34,0.05,1,0,173
8122,77,1,1,27,10,-1.82,0.05,1,0,173
8123,95,1,1,38,12,2.4,0.05,1,0,173
8124,400,8,8,120,43,26.9,0.05,0,1,173
8125,84,2,2,39,11,3.11,0.05,1,0,173
8126,271,5,5,93,30,18.99,0.05,1,0,173
8127,280,3,3,102,35,10.25,0.05,1,0,173
8128,7,0,0,4,1,-3.77,0.05,1,0,173
8129,171,2,2,69,21,8.19,0.05,1,0,173
8130,110,0,0,45,15,-0.5,0.05,1,0,173
8131,14,0,0,6,2,-4.99,0.05,1,0,173
8132,6,0,0,3,1,-4.76,0.05,1,0,173
8133,400,7,7,119,44,22.3,0.05,0,1,173
8134,138,3,3,56,16,7.42,0.05,1,0,173
8135,38,1,1,19,5,-0.28,0.05,1,0,173
8136,234,7,7,88,29,15.16,0.05,1,0,173
8137,36,1,1,17,5,-0.96,0.05,1,0,173
8138,120,2,2,52,15,5.85,0.05,1,0,173
8139,248,6,6,100,30,15.42,0.05,1,0,173
8140,184,3,3,66,22,6.96,0.05,1,0,173
8141,6,0,0,3,1,-4.66,0.05,1,0,173
8142,35,0,0,13,5,-3.8,0.05,1,0,173
8143,20,0,0,11,3,-3.15,0.05,1,0,173
8144,7,0,0,4,1,-4.02,0.05,1,0,173
8145,44,2,2,24,6,-0.59,0.05,1,0,173
8146,383,9,9,122,42,34.17,0.05,0,1,173
8147,385,9,9,127,44,30.35,0.05,0,1,173
8148,193,4,4,76,23,12.52,0.05,1,0,173
8149,80,2,2,33,11,0.1,0.05,1,0,173
8150,51,1,1,23,7,-0.96,0.05,1,0,173
8151,119,1,1,48,15,1.51,0.05,1,0,173
8152,53,1,1,24,7,-1.03,0.05,1,0,173
8153,6,0,0,3,1,-4.66,0.05,1,0,173
8154,128,3,3,63,16,9.07,0.05,1,0,173
8155,106,2,2,43,13,5.89,0.05,1,0,173
8156,73,1,1,29,10,-0.78,0.05,1,0,173
8157,36,1,1,18,5,-2.56,0.05,1,0,173
8158,36,0,0,16,5,-2.96,0.05,1,0,173
8159,81,3,3,35,10,5.39,0.05,1,0,173
8160,43,1,1,20,6,-2.18,0.05,1,0,173
8161,141,5,5,62,17,10.84,0.05,1,0,173
8162,13,0,0,5,2,-5.23,0.05,1,0,173
8163,15,0,0,8,2,-3.9,0.05,1,0,173
8164,129,3,3,58,16,8.91,0.05,1,0,173
8165,180,3,3,90,22,13.25,0.05,1,0,173
8166,6,0,0,3,1,-4.76,0.05,1,0,173
8167,146,1,1,60,18,5.89,0.05,1,0,173
8168,20,0,0,8,3,-4.1,0.05,1,0,173
8169,6,0,0,2,1,-5.06,0.05,1,0,173
8170,314,5,5,113,37,18.26,0.05,1,0,173
8171,217,3,3,77,25,13.48,0.05,1,0,173
8172,13,0,0,6,2,-5.33,0.05,1,0,173
8173,194,3,3,71,25,6.71,0.05,1,0,173
8174,52,0,0,21,7,-3.67,0.05,1,0,173
8175,21,0,0,10,3,-3.31,0.05,1,0,173
8176,310,6,6,106,36,16.1,0.05,1,0,173
8177,75,0,0,34,10,0.4,0.05,1,0,173
8178,52,1,1,22,7,-0.97,0.05,1,0,173
8179,336,6,6,106,40,12.89,0.05,1,0,173
8180,106,1,1,42,13,2.64,0.05,1,0,173
8181,7,0,0,2,1,-4.47,0.05,1,0,173
8182,5,0,0,4,1,-3.9,0.05,1,0,173
8183,193,5,5,72,23,10.22,0.05,1,0,173
8184,7,0,0,3,1,-4.82,0.05,1,0,173
8185,267,7,7,102,30,20.58,0.05,1,0,173
8186,6,0,0,2,1,-4.96,0.05,1,0,173
8187,52,2,2,25,7,-0.52,0.05,1,0,173
8188,330,4,4,104,37,18.0,0.05,1,0,173
8189,7,0,0,2,1,-4.47,0.05,1,0,173
8190,35,1,1,18,5,-3.7,0.05,1,0,173
8191,57,0,0,23,8,-2.67,0.05,1,0,173
8192,81,1,1,33,10,-0.16,0.05,1,0,173
8193,128,2,2,57,16,4.22,0.05,1,0,173
8194,400,8,8,125,45,29.85,0.05,0,1,173
8195,330,7,7,117,37,22.15,0.05,1,0,173
8196,125,2,2,54,16,3.0,0.05,1,0,173
8197,64,2,2,29,9,0.11,0.05,1,0,173
8198,71,1,1,33,9,2.89,0.05,1,0,173
8199,101,2,2,44,13,1.84,0.05,1,0,173
8200,59,0,0,27,8,-0.34,0.05,1,0,173
8201,384,9,9,126,42,23.21,0.05,0,1,173
8202,371,9,9,118,41,29.49,0.05,0,1,173
8203,64,1,1,30,9,0.01,0.05,1,0,173
8204,393,9,9,127,44,27.17,0.05,0,1,173
8205,60,2,2,29,8,2.1,0.05,1,0,173
8206,169,2,2,61,22,3.11,0.05,1,0,175
8207,7,0,0,5,1,-4.02,0.05,1,0,175
8208,6,0,0,3,1,-4.76,0.05,1,0,175
8209,62,3,3,27,8,2.88,0.05,1,0,175
8210,361,9,9,112,39,23.44,0.05,0,1,175
8211,79,1,1,35,10,1.36,0.05,1,0,175
8212,21,1,1,10,3,-2.26,0.05,1,0,175
8213,13,0,0,4,2,-5.63,0.05,1,0,175
8214,386,9,9,128,41,34.74,0.05,0,1,175
8215,28,0,0,11,4,-4.33,0.05,1,0,175
8216,55,0,0,21,7,-1.05,0.05,1,0,175
8217,187,3,3,79,22,13.78,0.05,1,0,175
8218,63,1,1,29,8,0.42,0.05,1,0,175
8219,13,0,0,9,2,-3.58,0.05,1,0,175
8220,6,0,0,3,1,-4.76,0.05,1,0,175
8221,75,1,1,27,10,-1.2,0.05,1,0,175
8222,52,0,0,26,7,-2.57,0.05,1,0,175
8223,74,2,2,34,10,3.56,0.05,1,0,175
8224,50,0,0,25,7,-3.6,0.05,1,0,175
8225,264,5,5,104,31,18.61,0.05,1,0,175
8226,108,1,1,15,15,-9.68,0.05,1,0,175
8227,56,1,1,21,8,-2.16,0.05,1,0,175
8228,346,7,7,117,39,22.89,0.05,1,0,175
8229,36,1,1,16,5,-2.31,0.05,1,0,175
8230,194,5,5,79,23,16.16,0.05,1,0,175
8231,221,7,7,89,25,15.99,0.05,1,0,175
8232,180,6,6,71,22,13.0,0.05,1,0,175
8233,277,7,7,98,32,17.43,0.05,1,0,175
8234,61,1,1,24,8,0.09,0.05,1,0,175
8235,237,4,4,81,27,13.98,0.05,1,0,175
8236,62,1,1,30,8,0.53,0.05,1,0,175
8237,36,0,0,16,5,-1.86,0.05,1,0,175
8238,215,5,5,75,27,9.9,0.05,1,0,175
8239,122,0,0,51,15,3.13,0.05,1,0,175
8240,141,1,1,54,18,2.39,0.05,1,0,175
8241,28,0,0,13,4,-3.03,0.05,1,0,175
8242,5,0,0,3,1,-4.2,0.05,1,0,175
8243,58,2,2,28,7,3.12,0.05,1,0,175
8244,178,4,4,62,22,6.42,0.05,1,0,175
8245,130,0,0,61,17,2.8,0.05,1,0,175
8246,65,3,3,28,9,0.5,0.05,1,0,175
8247,150,3,3,62,18,7.95,0.05,1,0,175
8248,196,2,2,74,22,8.84,0.05,1,0,175
8249,200,6,6,76,23,15.35,0.05,1,0,175
8250,5,0,0,4,1,-4.45,0.05,1,0,175
8251,6,0,0,3,1,-4.66,0.05,1,0,175
8252,134,0,0,60,17,2.91,0.05,1,0,175
8253,379,8,8,124,42,24.11,0.05,1,0,175
8254,391,9,9,128,43,25.94,0.05,0,1,175
8255,210,3,3,71,26,5.55,0.05,1,0,175
8256,68,0,0,26,9,-2.23,0.05,1,0,175
8257,5,0,0,3,1,-4.2,0.05,1,0,175
8258,7,0,0,3,1,-4.27,0.05,1,0,175
8259,41,0,0,19,6,-4.91,0.05,1,0,175
8260,51,1,1,26,7,1.04,0.05,1,0,175
8261,197,3,3,75,25,9.13,0.05,1,0,175
8262,159,4,4,63,19,8.06,0.05,1,0,175
8263,111,2,2,42,13,4.19,0.05,1,0,175
8264,6,0,0,3,1,-4.76,0.05,1,0,175
8265,185,3,3,77,24,5.45,0.05,1,0,175
8266,35,0,0,16,5,-3.0,0.05,1,0,175
8267,139,1,1,54,18,3.51,0.05,1,0,175
8268,6,0,0,3,1,-4.21,0.05,1,0,175
8269,6,0,0,3,1,-5.21,0.05,1,0,175
8270,85,3,3,36,10,4.35,0.05,1,0,175
8271,322,5,5,117,39,15.53,0.05,1,0,175
8272,35,0,0,19,5,-1.4,0.05,1,0,175
8273,108,4,4,43,13,6.07,0.05,1,0,175
8274,86,1,1,36,10,3.59,0.05,1,0,175
8275,81,1,1,32,10,1.49,0.05,1,0,175
8276,150,1,1,61,18,6.25,0.05,1,0,175
8277,5,0,0,1,1,-4.8,0.05,1,0,175
8278,21,0,0,12,3,-2.26,0.05,1,0,175
8279,157,4,4,55,19,7.78,0.05,1,0,175
8280,50,1,1,23,7,-0.95,0.05,1,0,175
8281,319,1,1,62,42,-9.09,0.05,1,0,175
8282,206,4,4,88,25,13.59,0.05,1,0,175
8283,301,7,7,100,35,17.49,0.05,1,0,175
8284,365,8,9,126,41,30.05,0.05,0,1,175
8285,356,9,9,120,41,29.19,0.05,0,1,175
8286,148,2,2,56,18,6.62,0.05,1,0,175
8287,20,0,0,8,3,-5.0,0.05,1,0,175
8288,91,2,2,44,12,3.74,0.05,1,0,175
8289,31,1,1,15,4,-1.76,0.05,1,0,175
8290,270,6,6,106,31,22.1,0.05,1,0,175
8291,7,0,0,3,1,-4.32,0.05,1,0,175
8292,104,1,1,41,13,-0.34,0.05,1,0,175
8293,14,0,0,9,2,-3.59,0.05,1,0,175
8294,108,0,0,54,14,3.82,0.05,1,0,175
8295,6,0,0,3,1,-4.76,0.05,1,0,175
8296,388,9,9,127,42,31.72,0.05,0,1,175
8297,120,1,1,53,15,4.6,0.05,1,0,175
8298,106,1,1,44,13,4.04,0.05,1,0,175
8299,103,2,2,32,12,0.72,0.05,1,0,175
8300,220,7,7,78,26,14.0,0.05,1,0,175
8301,13,0,0,5,2,-5.33,0.05,1,0,175
8302,398,9,9,119,44,26.67,0.05,0,1,175
8303,64,2,2,29,8,0.96,0.05,1,0,175
8304,71,1,1,29,10,-2.46,0.05,1,0,175
8305,394,6,6,119,45,17.81,0.05,1,0,175
8306,97,1,1,38,14,-4.62,0.05,1,0,175
8307,375,8,9,123,42,24.95,0.05,0,1,175
8308,21,0,0,8,3,-4.56,0.05,1,0,175
8309,83,2,2,30,11,-1.18,0.05,1,0,175
8310,106,3,3,43,14,-0.06,0.05,1,0,175
8311,72,0,0,32,10,-1.87,0.05,1,0,175
8312,306,8,8,106,36,17.99,0.05,1,0,175
8313,86,1,1,33,11,0.14,0.05,1,0,175
8314,400,9,9,120,45,24.2,0.05,0,1,175
8315,71,2,2,30,10,1.04,0.05,1,0,175
8316,96,3,3,46,12,7.09,0.05,1,0,175
8317,315,4,4,114,38,12.95,0.05,1,0,175
8318,113,4,4,53,14,9.22,0.05,1,0,175
8319,400,8,8,113,46,24.7,0.05,0,1,175
8320,6,0,0,2,1,-5.06,0.05,1,0,175
8321,125,2,2,62,16,3.0,0.05,1,0,175
8322,166,3,3,58,20,6.94,0.05,1,0,175
8323,14,0,0,3,2,-5.89,0.05,1,0,175
8324,88,2,2,38,11,2.92,0.05,1,0,175
8325,70,1,1,27,9,-0.4,0.05,1,0,175
8326,14,0,0,4,2,-5.14,0.05,1,0,175
8327,58,0,0,30,8,-0.43,0.05,1,0,175
8328,170,3,3,61,22,-0.65,0.05,1,0,175
8329,20,0,0,9,3,-3.35,0.05,1,0,175
8330,129,0,0,56,15,5.91,0.05,1,0,175
8331,14,0,0,8,2,-3.74,0.05,1,0,175
8332,50,0,0,28,7,-1.25,0.05,1,0,175
8333,397,8,8,133,44,24.53,0.05,1,0,175
8334,175,2,2,76,21,12.0,0.05,1,0,175
8335,79,1,1,34,10,2.06,0.05,1,0,175
8336,157,2,2,59,19,8.28,0.05,1,0,175
8337,29,1,1,9,4,-4.74,0.05,1,0,175
8338,113,3,3,45,14,3.82,0.05,1,0,175
8339,13,0,0,7,2,-4.08,0.05,1,0,175
8340,28,1,1,13,4,-2.58,0.05,1,0,175
8341,214,6,6,77,27,10.56,0.05,1,0,175
8342,35,0,0,15,5,-4.05,0.05,1,0,175
8343,346,9,9,118,39,23.94,0.05,1,0,175
8344,8,0,0,5,1,-4.63,0.05,1,0,175
8345,142,4,4,61,18,9.78,0.05,1,0,175
8346,105,2,2,47,14,2.1,0.05,1,0,175
8347,254,4,4,84,29,12.66,0.05,1,0,175
8348,37,0,0,18,5,-2.17,0.05,1,0,175
8349,52,0,0,20,7,-1.32,0.05,1,0,175
8350,13,0,0,8,2,-3.78,0.05,1,0,175
8351,35,0,0,15,5,-4.15,0.05,1,0,175
8352,335,7,7,122,37,23.7,0.05,1,0,175
8353,141,5,5,67,17,13.04,0.05,1,0,175
8354,373,8,8,124,42,22.82,0.05,1,0,175
8355,215,3,3,93,28,10.6,0.05,1,0,175
8356,42,0,0,18,6,-3.32,0.05,1,0,175
8357,35,0,0,18,5,-2.55,0.05,1,0,175
8358,14,0,0,5,2,-5.74,0.05,1,0,175
8359,136,1,1,50,17,3.99,0.05,1,0,175
8360,400,8,8,118,44,23.1,0.05,0,1,175
8361,27,0,0,10,4,-4.52,0.05,1,0,175
8362,7,0,0,3,1,-4.72,0.05,1,0,175
8363,348,4,4,127,41,18.37,0.05,1,0,175
8364,164,4,4,61,21,5.41,0.05,1,0,175
8365,5,0,0,2,1,-4.6,0.05,1,0,175
8366,21,1,1,10,3,-2.76,0.05,1,0,175
8367,375,8,9,107,40,27.85,0.05,0,1,175
8368,96,2,2,38,13,1.64,0.05,1,0,175
8369,197,4,4,83,24,14.08,0.05,1,0,175
8370,307,6,6,107,35,16.43,0.05,1,0,175
8371,28,0,0,14,4,-3.63,0.05,1,0,175
8372,400,6,6,129,45,29.15,0.05,0,1,175
8373,351,9,9,123,41,24.74,0.05,0,1,175
8374,126,2,2,58,16,6.29,0.05,1,0,175
8375,14,0,0,7,2,-3.69,0.05,1,0,175
8376,38,1,1,15,5,-3.03,0.05,1,0,175
8377,400,8,8,123,45,26.7,0.05,0,1,175
8378,58,2,2,31,8,0.82,0.05,1,0,175
8379,149,3,3,58,18,6.26,0.05,1,0,175
8380,71,0,0,33,10,-0.16,0.05,1,0,175
8381,22,0,0,10,3,-4.32,0.05,1,0,175
8382,13,0,0,5,2,-5.33,0.05,1,0,175
8383,77,2,2,30,10,0.63,0.05,1,0,175
8384,34,0,0,12,5,-5.64,0.05,1,0,175
8385,6,0,0,2,1,-5.06,0.05,1,0,175
8386,130,4,4,51,16,3.6,0.05,1,0,175
8387,247,6,6,91,29,15.58,0.05,1,0,175
8388,34,1,1,15,5,-3.54,0.05,1,0,175
8389,230,4,4,90,27,11.8,0.05,1,0,175
8390,89,1,1,37,10,4.11,0.05,1,0,175
8391,13,0,0,7,2,-4.18,0.05,1,0,175
8392,6,0,0,3,1,-4.76,0.05,1,0,175
8393,20,0,0,6,3,-5.1,0.05,1,0,175
8394,101,4,4,42,14,2.09,0.05,1,0,175
8395,20,0,0,8,3,-5.35,0.05,1,0,175
8396,36,1,1,15,5,-3.16,0.05,1,0,175
8397,20,1,1,11,3,-2.45,0.05,1,0,175
8398,364,9,9,125,39,31.81,0.05,0,1,175
8399,298,5,5,101,34,17.47,0.05,1,0,175
8400,81,0,0,29,11,-2.71,0.05,1,0,175
8401,184,2,2,67,23,4.41,0.05,1,0,175
8402,73,0,0,32,10,-2.03,0.05,1,0,175
8403,20,0,0,6,3,-5.6,0.05,1,0,175
8404,237,6,6,104,28,21.78,0.05,1,0,175
8405,400,8,8,118,43,25.55,0.05,0,1,175
8406,7,0,0,5,1,-4.57,0.05,1,0,175
8407,107,1,1,40,14,0.83,0.05,1,0,175
8408,99,1,1,40,13,-1.94,0.05,1,0,175
8409,85,0,0,39,11,1.4,0.05,1,0,175
8410,20,0,0,10,3,-4.35,0.05,1,0,175
8411,21,0,0,9,3,-4.26,0.05,1,0,175
8412,28,0,0,10,4,-4.88,0.05,1,0,175
8413,21,0,0,10,3,-2.76,0.05,1,0,175
8414,35,0,0,14,5,-3.35,0.05,1,0,175
8415,251,8,8,95,29,19.89,0.05,1,0,175
8416,42,0,0,20,6,-2.32,0.05,1,0,175
8417,54,1,1,25,7,0.11,0.05,1,0,175
8418,264,6,6,90,31,16.61,0.05,1,0,175
8419,89,4,4,36,11,4.61,0.05,1,0,175
8420,96,0,0,40,13,-1.41,0.05,1,0,175
8421,21,0,0,10,3,-4.36,0.05,1,0,175
8422,84,0,0,41,11,1.31,0.05,1,0,175
8423,67,0,0,33,9,-0.17,0.05,1,0,175
8424,134,2,2,50,18,-0.89,0.05,1,0,175
8425,202,3,3,84,22,12.03,0.05,1,0,175
8426,384,9,9,116,43,25.41,0.05,0,1,175
8427,208,5,5,73,24,8.37,0.05,1,0,175
8428,13,0,0,7,2,-4.23,0.05,1,0,175
8429,36,0,0,13,5,-3.06,0.05,1,0,175
8430,400,9,9,113,45,25.45,0.05,0,1,175
8431,27,1,1,12,4,-3.32,0.05,1,0,175
8432,7,0,0,2,1,-4.92,0.05,1,0,175
8433,37,0,0,15,5,-4.52,0.05,1,0,175
8434,124,1,1,45,15,1.41,0.05,1,0,175
8435,209,5,5,74,25,11.31,0.05,1,0,175
8436,275,7,7,96,31,18.8,0.05,1,0,175
8437,42,1,1,19,6,-3.27,0.05,1,0,175
8438,90,1,1,42,12,1.3,0.05,1,0,175
8439,101,3,3,43,13,5.99,0.05,1,0,175
8440,68,1,1,28,9,-0.63,0.05,1,0,175
8441,400,9,9,114,42,24.0,0.05,0,1,175
8442,105,1,1,38,14,-2.55,0.05,1,0,175
8443,7,0,0,2,1,-4.57,0.05,1,0,175
8444,340,9,9,123,38,25.05,0.05,1,0,175
8445,5,0,0,4,1,-4.0,0.05,1,0,175
8446,20,0,0,9,3,-5.2,0.05,1,0,175
8447,94,0,0,19,13,-8.14,0.05,1,0,175
8448,36,1,1,16,5,-2.16,0.05,1,0,175
8449,127,1,1,50,16,1.18,0.05,1,0,175
8450,388,8,9,124,44,27.57,0.05,0,1,175
8451,400,9,9,127,46,26.8,0.05,0,1,175
8452,155,5,5,59,20,5.9,0.05,1,0,175
8453,15,0,0,6,2,-3.5,0.05,1,0,175
8454,239,5,5,86,29,10.76,0.05,1,0,175
8455,106,3,3,55,13,9.19,0.05,1,0,175
8456,20,1,1,8,3,-2.85,0.05,1,0,175
8457,13,0,0,5,2,-3.63,0.05,1,0,175
8458,191,5,5,67,23,7.69,0.05,1,0,175
8459,132,3,3,47,18,2.68,0.05,1,0,175
8460,89,0,0,34,12,-2.09,0.05,1,0,175
8461,400,9,9,115,46,26.0,0.05,0,1,175
8462,342,7,7,108,38,21.93,0.05,1,0,175
8463,57,0,0,25,8,-2.87,0.05,1,0,175
8464,149,1,1,59,18,6.96,0.05,1,0,175
8465,56,0,0,25,8,-2.56,0.05,1,0,175
8466,66,0,0,31,9,-0.81,0.05,1,0,175
8467,229,6,6,90,28,14.11,0.05,1,0,175
8468,5,0,0,4,1,-3.9,0.05,1,0,175
8469,127,2,2,44,17,-2.07,0.05,1,0,175
8470,137,5,5,57,18,7.33,0.05,1,0,175
8471,279,5,5,99,32,17.51,0.05,1,0,175
8472,57,0,0,20,8,-3.92,0.05,1,0,175
8473,45,1,1,15,6,-2.55,0.05,1,0,175
8474,389,9,9,132,44,27.81,0.05,0,1,175
8475,7,0,0,3,1,-4.27,0.05,1,0,175
8476,100,0,0,45,14,-1.9,0.05,1,0,175
8477,186,1,1,83,23,10.34,0.05,1,0,175
8478,385,8,8,113,42,23.65,0.05,1,0,175
8479,134,2,2,64,17,5.41,0.05,1,0,175
8480,301,5,5,102,33,17.69,0.05,1,0,175
8481,400,9,9,118,43,29.9,0.05,0,1,175
8482,400,1,1,46,14,4.45,0.05,0,1,175
8483,13,0,0,6,2,-4.83,0.05,1,0,175
8484,400,1,1,46,15,2.0,0.05,0,1,175
8485,126,1,1,38,10,0.04,0.05,1,0,175
8486,140,1,1,32,13,-4.35,0.05,1,0,175
8487,400,4,4,65,24,9.1,0.05,0,1,175
8488,92,1,1,39,12,0.73,0.05,1,0,175
8489,70,0,0,29,10,-0.9,0.05,1,0,175
8490,20,0,0,8,3,-4.55,0.05,1,0,175
8491,396,9,9,118,44,27.94,0.05,0,1,175
8492,265,4,4,98,31,15.2,0.05,1,0,175
8493,143,0,0,58,17,6.12,0.05,1,0,175
8494,36,0,0,11,5,-5.66,0.05,1,0,175
8495,115,1,1,54,16,-0.15,0.05,1,0,175
8496,108,2,2,41,14,1.07,0.05,1,0,175
8497,27,0,0,12,4,-3.92,0.05,1,0,175
8498,52,0,0,19,7,-3.17,0.05,1,0,175
8499,13,0,0,4,2,-5.53,0.05,1,0,175
8500,13,0,0,6,2,-4.03,0.05,1,0,175
8501,36,0,0,13,5,-3.61,0.05,1,0,175
8502,21,0,0,11,3,-3.41,0.05,1,0,175
8503,14,0,0,8,2,-4.29,0.05,1,0,175
8504,5,0,0,3,1,-4.1,0.05,1,0,175
8505,28,0,0,11,4,-4.28,0.05,1,0,175
8506,107,0,0,49,14,3.33,0.05,1,0,175
8507,13,0,0,5,2,-5.68,0.05,1,0,175
8508,7,0,0,3,1,-4.17,0.05,1,0,175
8509,338,8,8,123,39,26.52,0.05,1,0,175
8510,371,9,9,123,42,29.34,0.05,0,1,175
8511,7,0,0,3,1,-4.27,0.05,1,0,175
8512,59,1,1,25,8,-1.04,0.05,1,0,175
8513,86,0,0,35,11,-0.16,0.05,1,0,175
8514,255,2,2,91,30,12.4,0.05,1,0,175
8515,188,4,4,70,23,11.12,0.05,1,0,175
8516,20,0,0,8,3,-5.0,0.05,1,0,175
8517,127,2,2,56,16,4.88,0.05,1,0,175
8518,54,1,1,30,7,1.71,0.05,1,0,175
8519,89,3,3,36,12,2.71,0.05,1,0,175
8520,382,9,9,118,42,22.93,0.05,0,1,175
8521,13,0,0,7,2,-4.18,0.05,1,0,175
8522,142,3,3,61,18,9.23,0.05,1,0,175
8523,35,0,0,15,5,-3.15,0.05,1,0,175
8524,14,0,0,5,2,-4.84,0.05,1,0,175
8525,396,9,9,116,44,19.09,0.05,1,0,175
8526,327,7,7,111,37,17.73,0.05,1,0,175
8527,362,8,8,118,40,21.93,0.05,1,0,175
8528,136,1,1,59,17,4.29,0.05,1,0,175
8529,77,0,0,36,10,0.58,0.05,1,0,175
8530,236,2,2,87,27,10.24,0.05,1,0,175
8531,217,4,4,81,26,13.18,0.05,1,0,175
8532,53,0,0,19,7,-3.43,0.05,1,0,175
8533,22,0,0,9,3,-4.37,0.05,1,0,175
8534,237,5,5,88,28,12.78,0.05,1,0,175
8535,28,1,1,12,4,-2.88,0.05,1,0,175
8536,42,0,0,18,6,-2.97,0.05,1,0,175
8537,150,0,0,55,19,-0.05,0.05,1,0,175
8538,392,9,9,116,43,27.88,0.05,0,1,175
8539,394,9,9,121,43,24.01,0.05,0,1,175
8540,16,0,0,8,2,-3.96,0.05,1,0,175
8541,340,8,8,113,38,20.1,0.05,1,0,175
8542,20,0,0,9,3,-4.2,0.05,1,0,175
8543,61,1,1,27,8,0.59,0.05,1,0,175
8544,6,0,0,3,1,-4.76,0.05,1,0,175
8545,376,9,9,128,42,29.54,0.05,0,1,175
8546,7,0,0,3,1,-5.27,0.05,1,0,175
8547,50,1,1,20,6,-0.3,0.05,1,0,175
8548,163,4,4,79,21,13.27,0.05,1,0,175
8549,67,1,1,33,9,-0.17,0.05,1,0,175
8550,50,0,1,20,7,-3.1,0.05,1,0,175
8551,70,0,0,28,9,-0.75,0.05,1,0,175
8552,400,8,8,120,44,26.9,0.05,0,1,175
8553,52,0,0,21,7,-4.42,0.05,1,0,175
8554,6,0,0,2,1,-5.06,0.05,1,0,175
8555,149,2,2,79,19,9.96,0.05,1,0,175
8556,382,9,9,126,41,32.73,0.05,0,1,175
8557,13,0,0,7,2,-3.63,0.05,1,0,175
8558,28,2,2,16,4,0.02,0.05,1,0,175
8559,100,3,3,40,13,2.3,0.05,1,0,175
8560,107,1,1,46,14,1.58,0.05,1,0,175
8561,94,5,5,35,11,5.61,0.05,1,0,175
8562,63,2,2,29,8,1.97,0.05,1,0,175
8563,20,0,0,6,3,-5.6,0.05,1,0,175
8564,13,0,0,8,2,-3.78,0.05,1,0,175
8565,76,0,0,27,9,-1.71,0.05,1,0,175
8566,60,0,0,26,8,-2.9,0.05,1,0,175
8567,149,0,0,60,19,2.41,0.05,1,0,175
8568,350,7,7,117,38,23.7,0.05,1,0,175
8569,386,9,9,126,42,27.44,0.05,0,1,175
8570,13,0,0,7,2,-4.23,0.05,1,0,175
8571,77,0,0,36,10,0.13,0.05,1,0,175
8572,203,3,3,74,25,8.02,0.05,1,0,175
8573,35,1,1,16,5,-1.2,0.05,1,0,175
8574,13,0,0,5,2,-5.33,0.05,1,0,175
8575,55,1,1,21,7,-1.4,0.05,1,0,175
8576,157,1,1,65,20,7.28,0.05,1,0,175
8577,20,0,0,10,3,-3.35,0.05,1,0,175
8578,152,2,2,62,19,7.88,0.05,1,0,175
8579,20,0,0,10,3,-4.3,0.05,1,0,175
8580,13,0,0,4,2,-5.53,0.05,1,0,175
8581,36,0,0,14,5,-3.96,0.05,1,0,175
8582,44,1,1,24,6,0.86,0.05,1,0,175
8583,104,1,1,40,13,2.26,0.05,1,0,175
8584,41,1,1,19,6,-2.96,0.05,1,0,175
8585,101,2,2,51,12,7.39,0.05,1,0,175
8586,95,0,0,37,11,-0.9,0.05,1,0,175
8587,27,0,0,11,4,-4.17,0.05,1,0,175
8588,51,1,1,25,7,-1.46,0.05,1,0,175
8589,235,9,9,81,26,18.4,0.05,1,0,175
8590,13,0,0,6,2,-5.03,0.05,1,0,175
8591,83,2,2,37,11,2.37,0.05,1,0,175
8592,50,0,0,27,7,-1.65,0.05,1,0,175
8593,36,0,0,13,5,-4.26,0.05,1,0,175
8594,236,4,4,94,29,9.99,0.05,1,0,175
8595,13,0,0,4,2,-5.98,0.05,1,0,175
8596,34,0,0,14,5,-5.84,0.05,1,0,175
8597,271,4,4,90,32,8.39,0.05,1,0,175
8598,137,3,3,48,16,5.93,0.05,1,0,175
8599,44,2,2,16,6,-2.29,0.05,1,0,175
8600,308,6,6,102,36,15.57,0.05,1,0,175
8601,114,0,0,58,15,5.21,0.05,1,0,175
8602,65,1,1,25,9,-2.9,0.05,1,0,175
8603,261,7,7,99,30,18.79,0.05,1,0,175
8604,36,0,0,15,5,-3.66,0.05,1,0,175
8605,67,0,0,26,9,-4.72,0.05,1,0,175
8606,6,0,0,2,1,-4.61,0.05,1,0,175
8607,362,7,7,123,42,23.13,0.05,1,0,175
8608,34,1,1,16,5,-3.49,0.05,1,0,175
8609,13,0,0,9,2,-3.88,0.05,1,0,175
8610,20,0,0,9,3,-4.15,0.05,1,0,175
8611,108,1,1,51,13,5.87,0.05,1,0,175
8612,49,1,1,25,7,-0.29,0.05,1,0,175
8613,225,4,4,84,26,12.85,0.05,1,0,175
8614,126,3,3,51,16,3.79,0.05,1,0,175
8615,21,0,0,9,3,-4.66,0.05,1,0,175
8616,13,0,0,6,2,-5.38,0.05,1,0,175
8617,7,0,0,3,1,-4.27,0.05,1,0,175
8618,133,2,2,62,16,7.97,0.05,1,0,175
8619,43,1,1,21,6,-1.28,0.05,1,0,175
8620,400,8,8,132,44,33.1,0.05,0,1,175
8621,51,0,0,21,7,-3.51,0.05,1,0,175
8622,62,1,1,27,8,1.13,0.05,1,0,175
8623,136,2,2,59,18,3.64,0.05,1,0,175
8624,36,1,1,14,5,-2.71,0.05,1,0,175
8625,367,8,9,124,40,26.13,0.05,0,1,175
8626,393,9,9,121,43,25.47,0.05,0,1,175
8627,400,9,9,112,44,25.25,0.05,0,1,175
8628,13,0,0,5,2,-5.33,0.05,1,0,175
8629,196,4,4,78,24,9.44,0.05,1,0,175
8630,44,2,2,22,6,2.06,0.05,1,0,175
8631,227,6,6,85,27,16.28,0.05,1,0,175
8632,44,2,2,16,6,-0.64,0.05,1,0,175
8633,66,0,0,33,9,-1.21,0.05,1,0,175
8634,366,9,9,114,42,19.34,0.05,0,1,175
8635,7,0,0,3,1,-4.17,0.05,1,0,175
8636,400,9,9,130,44,31.3,0.05,0,1,175
8637,21,0,0,11,3,-3.01,0.05,1,0,175
8638,50,0,0,18,7,-5.35,0.05,1,0,175
8639,7,0,0,3,1,-4.82,0.05,1,0,175
8640,121,2,2,48,15,4.99,0.05,1,0,175
8641,362,6,6,115,40,16.23,0.05,1,0,175
8642,5,0,0,4,1,-3.9,0.05,1,0,175
8643,283,6,6,109,33,20.57,0.05,1,0,175
8644,55,0,0,28,7,-0.9,0.05,1,0,175
8645,75,0,0,32,10,-1.7,0.05,1,0,175
8646,6,0,0,2,1,-5.06,0.05,1,0,175
8647,54,0,0,25,7,-1.74,0.05,1,0,175
8648,29,0,0,13,4,-4.19,0.05,1,0,175
8649,165,5,5,60,19,7.35,0.05,1,0,175
8650,27,1,1,14,4,-1.62,0.05,1,0,175
8651,51,0,0,24,7,-0.71,0.05,1,0,175
8652,57,0,0,24,8,-3.62,0.05,1,0,175
8653,400,8,8,121,45,26.2,0.05,0,1,175
8654,14,0,0,4,2,-5.14,0.05,1,0,175
8655,265,6,6,95,31,15.3,0.05,1,0,175
8656,114,2,2,53,15,5.86,0.05,1,0,175
8657,28,0,0,15,4,-3.53,0.05,1,0,175
8658,45,0,0,20,6,-2.75,0.05,1,0,175
8659,145,2,2,58,18,5.3,0.05,1,0,175
8660,81,1,1,38,10,3.24,0.05,1,0,175
8661,158,6,6,59,19,9.37,0.05,1,0,175
8662,35,0,0,14,5,-4.45,0.05,1,0,175
8663,43,1,1,18,6,-2.33,0.05,1,0,175
8664,7,0,0,5,1,-3.62,0.05,1,0,175
8665,58,2,2,26,8,-0.08,0.05,1,0,175
8666,250,7,7,82,30,7.65,0.05,1,0,175
8667,35,0,0,17,5,-2.5,0.05,1,0,175
8668,13,0,0,8,2,-3.38,0.05,1,0,175
8669,202,3,3,72,25,5.93,0.05,1,0,175
8670,50,0,0,18,7,-3.7,0.05,1,0,175
8671,21,0,0,8,3,-4.01,0.05,1,0,175
8672,79,2,2,32,10,2.56,0.05,1,0,175
8673,260,4,4,95,31,10.4,0.05,1,0,175
8674,275,3,3,91,33,13.55,0.05,1,0,175
8675,48,0,0,20,7,-4.78,0.05,1,0,175
8676,43,1,1,16,6,-3.23,0.05,1,0,175
8677,378,8,9,126,41,29.07,0.05,0,1,175
8678,44,0,0,18,6,-5.14,0.05,1,0,175
8679,14,0,0,6,2,-5.09,0.05,1,0,175
8680,105,1,1,40,13,0.8,0.05,1,0,175
8681,7,0,0,5,1,-3.67,0.05,1,0,175
8682,107,2,2,49,14,2.08,0.05,1,0,175
8683,308,6,6,104,35,15.72,0.05,1,0,175
8684,54,1,1,24,7,0.56,0.05,1,0,175
8685,6,0,0,2,1,-4.61,0.05,1,0,175
8686,117,3,3,47,15,3.93,0.05,1,0,175
8687,44,0,0,18,6,-3.84,0.05,1,0,175
8688,6,0,0,2,1,-5.51,0.05,1,0,175
8689,205,4,4,87,25,13.9,0.05,1,0,175
8690,78,0,0,35,11,-3.73,0.05,1,0,175
8691,6,0,0,3,1,-5.21,0.05,1,0,175
8692,21,0,0,12,3,-2.81,0.05,1,0,175
8693,388,8,9,120,43,27.62,0.05,0,1,175
8694,149,2,2,60,19,6.26,0.05,1,0,175
8695,259,7,7,97,30,19.01,0.05,1,0,175
8696,13,0,0,5,2,-5.78,0.05,1,0,175
8697,367,8,9,116,39,23.28,0.05,0,1,175
8698,221,3,3,87,28,11.54,0.05,1,0,175
8699,132,2,2,53,17,3.78,0.05,1,0,175
8700,87,1,1,31,11,1.03,0.05,1,0,175
8701,336,9,9,108,36,25.09,0.05,0,1,175
8702,143,2,2,53,19,3.87,0.05,1,0,175
8703,230,7,7,93,29,11.0,0.05,1,0,175
8704,356,9,9,122,39,24.64,0.05,0,1,175
8705,34,0,0,15,5,-5.64,0.05,1,0,175
8706,64,0,0,29,8,1.31,0.05,1,0,175
8707,13,0,0,5,2,-4.88,0.05,1,0,175
8708,99,4,4,46,12,9.21,0.05,1,0,175
8709,163,2,2,63,21,5.17,0.05,1,0,175
8710,304,6,6,111,36,18.51,0.05,1,0,175
8711,100,2,2,36,12,2.5,0.05,1,0,175
8712,29,1,1,15,4,-1.19,0.05,1,0,175
8713,13,0,0,5,2,-4.78,0.05,1,0,175
8714,108,2,2,42,14,1.97,0.05,1,0,175
8715,390,9,9,114,43,23.85,0.05,0,1,175
8716,112,2,2,50,14,5.73,0.05,1,0,175
8717,97,3,3,44,13,4.38,0.05,1,0,175
8718,35,0,0,16,5,-2.9,0.05,1,0,175
8719,29,1,1,12,4,-2.24,0.05,1,0,175
8720,400,9,9,119,45,23.6,0.05,0,1,175
8721,75,2,2,38,9,1.75,0.05,1,0,175
8722,113,2,2,46,14,3.67,0.05,1,0,175
8723,106,2,2,49,14,2.44,0.05,1,0,175
8724,121,1,1,44,17,-0.86,0.05,1,0,175
8725,20,0,0,9,3,-4.1,0.05,1,0,175
8726,171,2,2,68,21,5.49,0.05,1,0,175
8727,382,9,9,124,42,29.53,0.05,0,1,175
8728,38,0,0,15,5,-4.18,0.05,1,0,175
8729,181,4,4,77,21,14.24,0.05,1,0,175
8730,344,7,7,108,40,16.66,0.05,1,0,175
8731,44,1,1,17,6,-2.04,0.05,1,0,175
8732,226,4,4,87,28,7.84,0.05,1,0,175
8733,64,1,1,28,9,-2.49,0.05,1,0,175
8734,160,2,2,67,20,6.6,0.05,1,0,175
8735,7,0,0,2,1,-5.57,0.05,1,0,175
8736,44,1,1,23,6,1.01,0.05,1,0,175
8737,242,5,5,99,28,17.08,0.05,1,0,175
8738,339,8,8,101,38,16.06,0.05,1,0,175
8739,137,2,2,69,17,9.83,0.05,1,0,175
8740,7,0,0,3,1,-4.27,0.05,1,0,175
8741,102,2,2,43,13,4.83,0.05,1,0,175
8742,49,0,0,23,7,-1.94,0.05,1,0,175
8743,119,1,1,44,14,0.66,0.05,1,0,175
8744,20,0,0,8,3,-5.05,0.05,1,0,175
8745,13,0,0,8,2,-3.78,0.05,1,0,175
8746,178,1,1,64,22,2.07,0.05,1,0,175
8747,389,9,9,129,43,29.31,0.05,0,1,175
8748,105,2,2,42,13,3.45,0.05,1,0,175
8749,13,0,0,9,2,-3.58,0.05,1,0,175
8750,400,9,9,119,44,29.55,0.05,0,1,175
8751,6,0,0,3,1,-4.66,0.05,1,0,175
8752,111,1,1,43,14,0.89,0.05,1,0,175
8753,6,0,0,2,1,-5.06,0.05,1,0,175
8754,181,2,2,68,23,2.49,0.05,1,0,175
8755,64,1,1,25,9,-2.14,0.05,1,0,175
8756,329,8,8,122,38,25.21,0.05,1,0,175
8757,158,3,3,55,19,6.82,0.05,1,0,175
8758,13,0,0,5,2,-5.33,0.05,1,0,175
8759,13,0,0,6,2,-5.38,0.05,1,0,175
8760,56,0,0,24,8,-2.76,0.05,1,0,175
8761,13,0,0,7,2,-4.18,0.05,1,0,175
8762,21,1,1,13,3,-1.41,0.05,1,0,175
8763,366,9,9,120,41,29.29,0.05,0,1,175
8764,283,4,4,96,34,15.37,0.05,1,0,175
8765,56,0,0,27,8,-2.01,0.05,1,0,175
8766,58,0,0,26,8,-1.78,0.05,1,0,175
8767,363,9,9,121,39,27.07,0.05,1,0,175
8768,20,1,1,9,3,-2.55,0.05,1,0,175
8769,119,1,1,49,15,3.91,0.05,1,0,175
8770,153,2,2,63,18,7.47,0.05,1,0,175
8771,7,0,0,3,1,-4.27,0.05,1,0,175
8772,28,1,1,15,4,-1.98,0.05,1,0,175
8773,142,3,3,68,17,10.38,0.05,1,0,175
8774,78,3,3,39,10,4.72,0.05,1,0,175
8775,119,1,1,49,16,-1.79,0.05,1,0,175
8776,363,8,8,116,42,18.07,0.05,1,0,175
8777,6,0,0,3,1,-5.21,0.05,1,0,175
8778,13,0,0,8,2,-3.33,0.05,1,0,175
8779,114,2,2,45,15,3.26,0.05,1,0,175
8780,14,0,0,9,2,-3.54,0.05,1,0,175
8781,42,2,2,19,6,-1.52,0.05,1,0,175
8782,63,2,2,33,8,4.47,0.05,1,0,175
8783,20,0,0,8,3,-4.5,0.05,1,0,175
8784,28,0,0,14,4,-3.88,0.05,1,0,175
8785,6,0,0,3,1,-4.66,0.05,1,0,175
8786,14,0,0,5,2,-4.84,0.05,1,0,175
8787,123,1,1,58,16,4.72,0.05,1,0,175
8788,124,2,2,51,15,7.31,0.05,1,0,175
8789,72,1,1,33,9,1.83,0.05,1,0,175
8790,44,0,0,14,6,-6.64,0.05,1,0,175
8791,193,4,4,67,25,5.52,0.05,1,0,175
8792,158,6,6,83,19,19.87,0.05,1,0,175
8793,68,0,0,24,9,-5.03,0.05,1,0,175
8794,21,0,0,10,3,-3.86,0.05,1,0,175
8795,13,0,0,9,2,-3.58,0.05,1,0,175
8796,400,8,8,124,45,28.25,0.05,0,1,175
8797,35,0,0,14,5,-4.3,0.05,1,0,175
8798,23,0,0,15,3,-2.38,0.05,1,0,175
8799,69,1,1,32,9,0.61,0.05,1,0,175
8800,89,3,3,43,11,6.11,0.05,1,0,175
8801,31,0,0,14,4,-4.26,0.05,1,0,175
8802,37,0,0,11,5,-5.32,0.05,1,0,175
8803,112,4,4,54,13,9.78,0.05,1,0,175
8804,210,3,3,79,25,12.45,0.05,1,0,175
8805,35,0,0,14,5,-3.85,0.05,1,0,175
8806,69,1,1,31,9,-0.79,0.05,1,0,175
8807,214,4,4,85,27,10.51,0.05,1,0,175
8808,177,4,4,74,21,14.83,0.05,1,0,175
8809,114,2,2,42,15,0.66,0.05,1,0,175
8810,275,4,4,99,31,14.1,0.05,1,0,175
8811,66,4,4,27,9,2.44,0.05,1,0,175
8812,149,2,2,59,18,6.96,0.05,1,0,175
8813,50,0,0,20,7,-3.25,0.05,1,0,175
8814,64,1,1,26,9,-2.89,0.05,1,0,175
8815,93,0,0,35,12,-0.58,0.05,1,0,175
8816,77,1,1,36,10,2.78,0.05,1,0,175
8817,230,3,3,78,27,11.1,0.05,1,0,175
8818,117,1,1,48,16,-2.27,0.05,1,0,175
8819,115,1,1,47,14,3.9,0.05,1,0,175
8820,20,0,0,8,3,-4.9,0.05,1,0,175
8821,20,0,0,9,3,-4.65,0.05,1,0,175
8822,91,1,1,41,11,3.54,0.05,1,0,175
8823,159,4,4,61,19,10.91,0.05,1,0,175
8824,237,7,7,94,28,19.13,0.05,1,0,175
8825,160,4,4,60,20,7.25,0.05,1,0,175
8826,55,1,1,27,7,0.75,0.05,1,0,175
8827,63,2,2,31,9,-0.23,0.05,1,0,175
8828,78,0,0,40,10,3.47,0.05,1,0,175
8829,6,0,0,1,1,-5.36,0.05,1,0,175
8830,27,0,0,14,4,-4.32,0.05,1,0,175
8831,35,0,0,15,5,-5.2,0.05,1,0,175
8832,400,8,8,127,45,22.95,0.05,0,1,175
8833,6,0,0,2,1,-4.61,0.05,1,0,175
8834,7,0,0,5,1,-4.12,0.05,1,0,175
8835,105,2,2,50,13,4.9,0.05,1,0,175
8836,43,0,0,19,6,-2.68,0.05,1,0,175
8837,335,7,7,112,38,21.25,0.05,1,0,175
8838,273,4,4,91,31,14.87,0.05,1,0,175
8839,98,2,2,37,12,1.32,0.05,1,0,175
8840,364,8,9,117,40,26.11,0.05,0,1,175
8841,196,3,3,64,24,4.89,0.05,1,0,175
8842,108,2,2,43,13,4.42,0.05,1,0,175
8843,36,0,0,21,5,-0.91,0.05,1,0,175
8844,400,7,7,120,47,14.95,0.05,0,1,175
8845,243,6,6,92,28,16.92,0.05,1,0,175
8846,158,2,2,63,21,2.67,0.05,1,0,175
8847,13,0,0,5,2,-5.33,0.05,1,0,175
8848,49,0,0,24,7,-2.54,0.05,1,0,175
8849,389,8,9,119,44,21.21,0.05,0,1,175
8850,81,1,1,38,11,-0.31,0.05,1,0,175
8851,72,2,2,43,9,6.83,0.05,1,0,175
8852,369,9,9,117,44,15.46,0.05,1,0,175
8853,65,0,0,23,9,-5.7,0.05,1,0,175
8854,78,2,2,34,10,1.12,0.05,1,0,175
8855,6,0,0,2,1,-5.06,0.05,1,0,175
8856,356,9,9,126,39,29.14,0.05,1,0,175
8857,20,0,0,8,3,-4.3,0.05,1,0,175
8858,263,8,8,92,29,19.27,0.05,1,0,175
8859,52,2,2,25,7,0.23,0.05,1,0,175
8860,113,5,5,42,15,0.62,0.05,1,0,175
8861,13,0,0,8,2,-3.48,0.05,1,0,175
8862,30,0,0,16,4,-2.05,0.05,1,0,175
8863,20,0,0,8,3,-4.45,0.05,1,0,175
8864,13,0,0,6,2,-5.38,0.05,1,0,175
8865,381,9,9,123,41,29.54,0.05,0,1,175
8866,20,0,0,9,3,-4.15,0.05,1,0,175
8867,53,2,2,25,7,0.32,0.05,1,0,175
8868,60,0,0,26,8,-3.4,0.05,1,0,175
8869,385,8,9,121,41,28.95,0.05,0,1,175
8870,42,1,1,16,6,-2.62,0.05,1,0,175
8871,308,5,5,115,36,17.57,0.05,1,0,175
8872,400,9,9,128,44,31.45,0.05,0,1,175
8873,364,8,9,125,40,28.41,0.05,0,1,175
8874,251,6,6,96,29,14.99,0.05,1,0,175
8875,266,5,5,88,31,13.74,0.05,1,0,175
8876,58,1,1,30,8,0.22,0.05,1,0,175
8877,371,9,9,122,42,27.09,0.05,0,1,175
8878,58,1,1,19,8,-2.73,0.05,1,0,175
8879,377,9,9,119,41,24.68,0.05,0,1,175
8880,397,9,9,115,43,27.58,0.05,0,1,175
8881,297,5,5,84,33,14.18,0.05,1,0,175
8882,143,2,2,64,18,6.77,0.05,1,0,175
8883,173,5,5,70,21,12.47,0.05,1,0,175
8884,186,5,5,85,22,15.74,0.05,1,0,175
8885,262,5,5,102,33,15.73,0.05,1,0,175
8886,14,0,0,5,2,-5.74,0.05,1,0,175
8887,21,0,0,10,3,-3.41,0.05,1,0,175
8888,35,1,1,21,5,1.05,0.05,1,0,175
8889,49,0,0,20,7,-4.74,0.05,1,0,175
8890,231,5,5,76,27,9.54,0.05,1,0,175
8891,13,0,0,8,2,-3.88,0.05,1,0,175
8892,301,5,5,105,36,16.74,0.05,1,0,175
8893,50,2,2,18,7,-3.2,0.05,1,0,175
8894,375,8,8,126,41,26.8,0.05,1,0,175
8895,52,0,0,27,7,-0.57,0.05,1,0,175
8896,35,0,0,14,5,-3.35,0.05,1,0,175
8897,82,1,1,35,11,-0.42,0.05,1,0,175
8898,37,0,0,16,5,-3.82,0.05,1,0,175
8899,35,0,0,14,5,-2.25,0.05,1,0,175
8900,134,0,0,53,17,-1.04,0.05,1,0,175
8901,207,4,4,82,26,12.73,0.05,1,0,175
8902,247,5,5,98,31,9.58,0.05,1,0,175
8903,299,7,7,89,34,14.46,0.05,1,0,175
8904,20,0,0,7,3,-5.3,0.05,1,0,175
8905,59,0,0,22,8,-1.34,0.05,1,0,175
8906,20,0,0,5,3,-5.3,0.05,1,0,175
8907,207,5,5,85,25,14.13,0.05,1,0,175
8908,14,0,0,5,2,-4.84,0.05,1,0,175
8909,37,0,0,16,5,-4.32,0.05,1,0,175
8910,400,8,8,131,47,26.1,0.05,0,1,175
8911,107,1,1,45,14,-0.17,0.05,1,0,175
8912,81,3,3,37,10,5.99,0.05,1,0,175
8913,13,0,0,6,2,-4.48,0.05,1,0,175
8914,90,3,3,35,11,4.35,0.05,1,0,175
8915,166,4,4,72,20,11.79,0.05,1,0,175
8916,362,8,9,116,39,25.73,0.05,0,1,175
8917,157,2,2,66,19,9.78,0.05,1,0,175
8918,111,1,1,44,14,2.99,0.05,1,0,175
8919,158,1,1,56,20,4.47,0.05,1,0,175
8920,115,3,3,42,14,4.8,0.05,1,0,175
8921,400,8,8,119,46,28.7,0.05,0,1,175
8922,380,9,9,125,41,31.8,0.05,0,1,175
8923,7,0,0,6,1,-3.82,0.05,1,0,175
8924,43,0,0,18,6,-2.83,0.05,1,0,175
8925,317,7,7,110,37,21.73,0.05,1,0,175
8926,173,4,4,69,22,5.12,0.05,1,0,175
8927,73,1,1,33,10,2.07,0.05,1,0,175
8928,134,4,4,57,17,11.21,0.05,1,0,175
8929,383,8,9,118,41,31.17,0.05,0,1,175
8930,136,0,0,53,17,3.59,0.05,1,0,175
8931,400,7,7,116,45,24.75,0.05,0,1,175
8932,56,0,0,23,8,-3.06,0.05,1,0,175
8933,165,6,6,63,19,14.2,0.05,1,0,175
8934,115,4,4,53,13,9.2,0.05,1,0,175
8935,13,0,0,4,2,-4.03,0.05,1,0,175
8936,342,8,9,125,38,32.98,0.05,0,1,175
8937,29,0,0,12,4,-2.79,0.05,1,0,175
8938,73,2,2,28,10,-2.98,0.05,1,0,175
8939,220,5,5,76,28,7.45,0.05,1,0,175
8940,35,1,1,15,5,-2.45,0.05,1,0,175
8941,43,0,0,21,6,-1.48,0.05,1,0,175
8942,207,3,3,82,26,11.08,0.05,1,0,175
8943,199,6,6,65,23,13.16,0.05,1,0,175
8944,73,0,0,34,10,-0.23,0.05,1,0,175
8945,162,4,4,61,20,7.33,0.05,1,0,175
8946,216,2,2,76,25,12.24,0.05,1,0,175
8947,36,0,0,12,5,-3.51,0.05,1,0,175
8948,166,2,2,68,21,6.19,0.05,1,0,175
8949,35,1,1,15,5,-1.75,0.05,1,0,175
8950,185,1,1,77,22,11.35,0.05,1,0,175
8951,6,0,0,2,1,-4.61,0.05,1,0,175
8952,356,9,9,122,40,30.84,0.05,0,1,175
8953,61,2,2,25,8,1.64,0.05,1,0,175
8954,7,0,0,5,1,-4.02,0.05,1,0,175
8955,175,5,5,74,22,11.8,0.05,1,0,175
8956,386,8,9,122,43,28.39,0.05,0,1,175
8957,172,3,3,75,21,11.83,0.05,1,0,175
8958,7,0,0,2,1,-5.02,0.05,1,0,175
8959,13,0,0,4,2,-5.63,0.05,1,0,175
8960,20,0,0,4,3,-5.7,0.05,1,0,175
8961,371,7,7,114,42,19.29,0.05,1,0,175
8962,112,0,0,48,14,0.88,0.05,1,0,175
8963,136,2,2,55,18,5.04,0.05,1,0,175
8964,29,2,2,12,4,-0.74,0.05,1,0,175
8965,28,0,0,14,4,-2.78,0.05,1,0,175
8966,395,9,9,127,42,33.8,0.05,0,1,175
8967,13,0,0,6,2,-4.93,0.05,1,0,175
8968,232,2,2,94,27,15.98,0.05,1,0,175
8969,379,8,9,126,43,27.16,0.05,0,1,175
8970,112,3,3,43,15,4.23,0.05,1,0,175
8971,112,0,0,38,15,-2.32,0.05,1,0,175
8972,376,8,9,134,41,35.64,0.05,0,1,175
8973,99,0,0,52,13,4.46,0.05,1,0,175
8974,121,2,2,53,16,5.59,0.05,1,0,175
8975,63,2,2,34,8,3.32,0.05,1,0,175
8976,339,7,7,121,41,19.66,0.05,1,0,175
8977,136,3,3,58,17,6.74,0.05,1,0,175
8978,342,9,9,118,37,29.83,0.05,0,1,175
8979,56,2,2,31,8,1.89,0.05,1,0,175
8980,76,1,1,31,11,-3.66,0.05,1,0,175
8981,13,0,0,6,2,-3.83,0.05,1,0,175
8982,14,0,0,8,2,-3.29,0.05,1,0,175
8983,127,3,3,46,15,5.03,0.05,1,0,175
8984,21,0,0,11,3,-2.96,0.05,1,0,175
8985,252,7,7,83,31,13.68,0.05,1,0,175
8986,13,0,0,6,2,-4.93,0.05,1,0,175
8987,208,4,4,79,24,13.82,0.05,1,0,175
8988,54,2,2,24,7,2.11,0.05,1,0,175
8989,51,0,0,23,7,-3.11,0.05,1,0,175
8990,72,3,3,28,9,1.18,0.05,1,0,175
8991,208,6,6,78,24,12.42,0.05,1,0,175
8992,97,2,2,49,12,7.18,0.05,1,0,175
8993,400,8,9,127,43,29.7,0.05,0,1,175
8994,400,5,5,121,47,17.25,0.05,0,1,175
8995,27,0,0,11,4,-4.77,0.05,1,0,175
8996,182,5,5,74,21,15.13,0.05,1,0,175
8997,396,9,9,119,45,24.19,0.05,0,1,175
8998,237,8,8,83,27,16.28,0.05,1,0,175
8999,91,1,1,37,12,-0.81,0.05,1,0,175
9000,110,2,2,47,14,5.6,0.05,1,0,175
9001,48,1,1,20,6,-0.03,0.05,1,0,175
9002,400,9,9,120,43,30.7,0.05,0,1,175
9003,121,2,2,53,15,4.99,0.05,1,0,175
9004,400,9,9,129,45,29.7,0.05,0,1,175
9005,120,2,2,52,16,3.05,0.05,1,0,175
9006,27,0,0,8,4,-4.47,0.05,1,0,175
9007,14,0,0,8,2,-3.64,0.05,1,0,175
9008,35,0,0,15,5,-2.7,0.05,1,0,175
9009,354,6,6,116,41,18.66,0.05,1,0,175
9010,58,1,1,25,8,0.12,0.05,1,0,175
9011,145,4,4,59,19,3.8,0.05,1,0,175
9012,400,7,7,117,45,24.6,0.05,0,1,175
9013,400,8,8,121,45,25.95,0.05,0,1,175
9014,43,1,1,16,6,-5.88,0.05,1,0,175
9015,400,9,9,123,45,31.35,0.05,0,1,175
9016,350,7,7,96,40,14.7,0.05,1,0,175
9017,148,2,2,59,18,6.52,0.05,1,0,175
9018,153,3,3,67,19,9.97,0.05,1,0,175
9019,278,8,8,104,32,23.22,0.05,1,0,175
9020,336,1,1,40,47,-22.06,0.05,1,0,175
9021,254,6,6,92,31,15.46,0.05,1,0,175
9022,230,2,2,87,27,8.85,0.05,1,0,175
9023,380,8,9,121,40,27.3,0.05,0,1,175
9024,101,0,0,48,13,2.79,0.05,1,0,175
9025,82,2,2,32,10,1.93,0.05,1,0,175
9026,366,9,9,112,39,21.74,0.05,1,0,175
9027,22,0,0,13,3,-2.47,0.05,1,0,175
9028,212,3,3,84,25,15.98,0.05,1,0,175
9029,88,1,1,36,11,1.22,0.05,1,0,175
9030,113,5,5,49,14,10.32,0.05,1,0,175
9031,211,2,2,85,25,12.14,0.05,1,0,175
9032,65,2,2,24,8,1.2,0.05,1,0,175
9033,141,2,2,59,17,9.24,0.05,1,0,175
9034,44,0,0,18,6,-2.44,0.05,1,0,175
9035,7,0,0,5,1,-4.02,0.05,1,0,175
9036,398,9,9,123,43,27.17,0.05,1,0,175
9037,248,5,5,100,29,20.22,0.05,1,0,175
9038,152,4,4,65,19,9.23,0.05,1,0,175
9039,14,0,0,7,2,-4.09,0.05,1,0,175
9040,64,2,2,30,8,2.06,0.05,1,0,175
9041,279,7,7,106,33,20.16,0.05,1,0,175
9042,342,7,7,124,40,21.53,0.05,1,0,175
9043,7,0,0,5,1,-4.12,0.05,1,0,175
9044,185,5,5,73,22,12.3,0.05,1,0,175
9045,66,0,0,29,9,-1.76,0.05,1,0,175
9046,400,7,7,119,43,28.15,0.05,0,1,175
9047,20,0,0,9,3,-3.7,0.05,1,0,175
9048,354,9,9,121,39,25.76,0.05,1,0,175
9049,400,7,8,127,46,29.1,0.05,0,1,175
9050,178,4,4,69,22,9.07,0.05,1,0,175
9051,13,0,0,6,2,-4.83,0.05,1,0,175
9052,179,4,4,67,22,7.56,0.05,1,0,175
9053,44,0,0,23,6,-0.84,0.05,1,0,175
9054,375,9,9,114,41,27.6,0.05,0,1,175
9055,58,0,0,23,8,-1.08,0.05,1,0,175
9056,90,1,1,37,12,-0.4,0.05,1,0,175
9057,13,0,0,8,2,-3.68,0.05,1,0,175
9058,20,1,1,9,3,-3.05,0.05,1,0,175
9059,14,0,0,9,2,-3.44,0.05,1,0,175
9060,21,0,0,8,3,-5.91,0.05,1,0,175
9061,198,4,4,81,24,12.72,0.05,1,0,175
9062,318,7,7,110,36,22.32,0.05,1,0,175
9063,391,8,9,122,43,30.49,0.05,0,1,175
9064,144,1,1,52,18,5.31,0.05,1,0,175
9065,227,5,5,87,27,14.93,0.05,1,0,175
9066,400,8,8,126,45,30.25,0.05,0,1,175
9067,125,1,1,53,16,5.1,0.05,1,0,175
9068,276,5,5,98,33,16.19,0.05,1,0,175
9069,236,3,3,87,30,7.39,0.05,1,0,175
9070,64,1,1,27,8,0.16,0.05,1,0,175
9071,6,0,0,3,1,-4.76,0.05,1,0,175
9072,28,1,1,14,4,-1.68,0.05,1,0,175
9073,93,0,0,40,12,1.57,0.05,1,0,175
9074,117,3,3,45,15,0.73,0.05,1,0,175
9075,286,5,5,104,33,18.74,0.05,1,0,175
9076,43,0,0,17,6,-6.13,0.05,1,0,175
9077,82,1,1,38,11,1.83,0.05,1,0,175
9078,185,3,3,61,24,3.6,0.05,1,0,175
9079,213,2,2,83,25,13.67,0.05,1,0,175
9080,163,4,4,63,20,12.57,0.05,1,0,175
9081,27,2,2,11,4,-2.52,0.05,1,0,175
9082,83,0,0,38,11,0.52,0.05,1,0,175
9083,84,2,2,39,11,2.96,0.05,1,0,175
9084,396,8,8,123,44,21.04,0.05,1,0,175
9085,183,4,4,72,22,7.82,0.05,1,0,175
9086,111,5,5,45,14,6.04,0.05,1,0,175
9087,303,5,5,98,36,11.42,0.05,1,0,175
9088,44,0,0,19,6,-2.94,0.05,1,0,175
9089,400,8,8,121,44,31.15,0.05,0,1,175
9090,373,8,9,126,43,23.97,0.05,0,1,175
9091,14,0,0,10,2,-3.24,0.05,1,0,175
9092,58,2,2,19,7,0.77,0.05,1,0,175
9093,21,0,0,8,3,-4.56,0.05,1,0,175
9094,36,0,0,17,5,-0.96,0.05,1,0,175
9095,400,8,8,125,45,26.6,0.05,0,1,175
9096,127,2,2,47,16,2.88,0.05,1,0,175
9097,280,6,6,103,32,17.55,0.05,1,0,175
9098,37,0,0,14,5,-4.52,0.05,1,0,175
9099,199,2,2,77,25,8.96,0.05,1,0,175
9100,5,0,0,4,1,-4.0,0.05,1,0,175
9101,191,7,7,76,24,15.04,0.05,1,0,175
9102,38,1,1,20,5,-2.08,0.05,1,0,175
9103,189,4,4,77,25,4.61,0.05,1,0,175
9104,383,8,9,125,40,30.07,0.05,0,1,175
9105,20,1,1,8,3,-3.8,0.05,1,0,175
9106,375,9,9,117,41,31.15,0.05,0,1,175
9107,174,7,7,66,20,15.76,0.05,1,0,175
9108,36,0,0,17,5,-2.41,0.05,1,0,175
9109,148,2,2,56,18,5.02,0.05,1,0,175
9110,23,0,0,9,3,-4.83,0.05,1,0,175
9111,28,1,1,14,4,-3.08,0.05,1,0,175
9112,389,8,9,118,44,22.56,0.05,0,1,175
9113,195,3,3,71,24,8.8,0.05,1,0,175
9114,275,7,7,99,32,19.5,0.05,1,0,175
9115,140,2,2,57,17,6.85,0.05,1,0,175
9116,51,1,1,23,7,-0.21,0.05,1,0,175
9117,162,5,5,62,19,9.63,0.05,1,0,175
9118,201,5,5,83,25,11.59,0.05,1,0,175
9119,81,2,2,44,10,7.14,0.05,1,0,175
9120,316,7,7,104,38,19.44,0.05,1,0,175
9121,350,8,9,122,38,27.55,0.05,0,1,175
9122,22,0,0,10,3,-4.82,0.05,1,0,175
9123,37,1,1,20,5,0.28,0.05,1,0,175
9124,6,0,0,3,1,-4.31,0.05,1,0,175
9125,6,0,0,3,1,-4.76,0.05,1,0,175
9126,371,8,9,125,41,24.19,0.05,0,1,175
9127,36,0,0,14,5,-3.51,0.05,1,0,175
9128,248,6,6,95,29,18.32,0.05,1,0,175
9129,14,0,0,7,2,-4.04,0.05,1,0,175
9130,35,0,0,12,5,-4.5,0.05,1,0,175
9131,20,0,0,8,3,-4.6,0.05,1,0,175
9132,15,0,0,6,2,-5.05,0.05,1,0,175
9133,69,1,1,27,9,0.46,0.05,1,0,175
9134,21,1,1,11,3,-1.91,0.05,1,0,175
9135,13,0,0,7,2,-4.18,0.05,1,0,175
9136,126,2,2,55,16,7.84,0.05,1,0,175
9137,61,1,1,22,8,-1.31,0.05,1,0,175
9138,96,1,1,38,12,3.39,0.05,1,0,175
9139,61,0,0,25,8,-3.11,0.05,1,0,175
9140,378,9,9,121,42,30.37,0.05,0,1,175
9141,13,0,0,6,2,-4.48,0.05,1,0,175
9142,290,4,4,97,34,15.35,0.05,1,0,175
9143,222,3,3,77,28,5.63,0.05,1,0,175
9144,114,2,2,44,14,2.81,0.05,1,0,175
9145,274,4,4,104,32,20.16,0.05,1,0,175
9146,120,3,3,62,16,6.55,0.05,1,0,175
9147,104,1,1,47,13,3.91,0.05,1,0,175
9148,400,8,8,124,44,30.05,0.05,0,1,175
9149,36,1,1,20,5,-1.06,0.05,1,0,175
9150,400,9,9,123,44,31.95,0.05,0,1,175
9151,319,8,8,121,36,29.56,0.05,1,0,175
9152,396,8,9,123,42,32.64,0.05,0,1,175
9153,85,0,0,40,12,-0.85,0.05,1,0,175
9154,328,8,9,122,36,31.82,0.05,0,1,175
9155,152,4,4,66,18,9.33,0.05,1,0,175
9156,141,2,2,68,18,9.19,0.05,1,0,175
9157,6,0,0,2,1,-5.06,0.05,1,0,175
9158,200,1,1,71,26,5.55,0.05,1,0,175
9159,84,3,3,36,11,2.96,0.05,1,0,175
9160,20,0,0,9,3,-4.2,0.05,1,0,175
9161,305,5,5,106,37,10.05,0.05,1,0,175
9162,13,0,0,4,2,-5.08,0.05,1,0,175
9163,376,9,9,122,41,27.69,0.05,0,1,175
9164,237,5,5,92,27,18.03,0.05,1,0,175
9165,13,0,0,7,2,-3.68,0.05,1,0,175
9166,13,0,0,6,2,-5.03,0.05,1,0,175
9167,156,2,2,63,18,6.19,0.05,1,0,175
9168,163,2,2,76,20,10.32,0.05,1,0,175
9169,42,0,0,19,6,-1.82,0.05,1,0,175
9170,30,0,0,9,4,-4.9,0.05,1,0,175
9171,117,2,2,46,16,-0.02,0.05,1,0,175
9172,36,0,0,21,5,-1.36,0.05,1,0,175
9173,54,2,2,25,7,2.21,0.05,1,0,175
9174,396,8,9,126,45,28.04,0.05,0,1,175
9175,89,0,0,36,11,0.61,0.05,1,0,175
9176,89,2,2,23,12,-1.89,0.05,1,0,175
9177,304,5,5,107,36,17.86,0.05,1,0,175
9178,21,0,0,10,3,-3.91,0.05,1,0,175
9179,114,0,0,53,14,4.51,0.05,1,0,175
9180,20,0,0,8,3,-4.85,0.05,1,0,175
9181,274,7,7,108,31,25.66,0.05,1,0,175
9182,14,0,0,10,2,-3.24,0.05,1,0,175
9183,199,4,4,67,24,8.16,0.05,1,0,175
9184,99,1,1,40,13,-0.54,0.05,1,0,175
9185,34,0,0,21,5,-2.44,0.05,1,0,175
9186,20,0,0,10,3,-4.35,0.05,1,0,175
9187,44,0,0,16,6,-2.04,0.05,1,0,175
9188,79,2,2,31,10,-0.39,0.05,1,0,175
9189,182,4,4,73,22,9.88,0.05,1,0,175
9190,21,0,0,8,3,-4.96,0.05,1,0,175
9191,110,1,1,53,13,6.45,0.05,1,0,175
9192,64,1,1,34,8,1.51,0.05,1,0,175
9193,399,9,9,121,45,26.51,0.05,0,1,175
9194,52,0,0,20,7,-3.12,0.05,1,0,175
9195,323,7,7,124,36,26.57,0.05,1,0,175
9196,362,9,9,121,40,30.38,0.05,0,1,175
9197,395,9,9,126,44,31.4,0.05,0,1,175
9198,20,0,0,11,3,-3.4,0.05,1,0,175
9199,21,0,0,8,3,-4.01,0.05,1,0,175
9200,386,9,9,124,39,30.09,0.05,0,1,175
9201,22,1,1,9,3,-3.22,0.05,1,0,175
9202,13,0,0,4,2,-5.63,0.05,1,0,175
9203,13,0,0,6,2,-4.98,0.05,1,0,175
9204,331,8,8,116,38,20.94,0.05,1,0,175
9205,118,2,2,54,15,8.12,0.05,1,0,175
9206,362,9,9,117,40,27.48,0.05,0,1,175
9207,172,4,4,62,20,9.68,0.05,1,0,175
9208,112,1,1,44,14,1.83,0.05,1,0,175
9209,132,2,2,45,17,0.43,0.05,1,0,175
9210,14,0,0,7,2,-3.69,0.05,1,0,175
9211,13,0,0,6,2,-4.93,0.05,1,0,175
9212,44,1,1,16,6,-2.39,0.05,1,0,175
9213,381,9,9,125,42,27.34,0.05,0,1,175
9214,149,4,4,58,19,7.66,0.05,1,0,175
9215,100,1,1,42,12,-1.0,0.05,1,0,175
9216,373,8,8,114,41,19.62,0.05,1,0,175
9217,68,1,1,29,9,-1.88,0.05,1,0,175
9218,211,2,2,80,25,10.29,0.05,1,0,175
9219,377,9,9,123,42,28.33,0.05,0,1,175
9220,6,0,0,3,1,-4.76,0.05,1,0,175
9221,13,0,0,8,2,-3.08,0.05,1,0,175
9222,249,4,4,106,31,14.66,0.05,1,0,175
9223,7,0,0,2,1,-4.57,0.05,1,0,175
9224,6,0,0,2,1,-4.51,0.05,1,0,175
9225,21,0,0,10,3,-3.31,0.05,1,0,175
9226,252,8,8,91,28,17.78,0.05,1,0,175
9227,400,9,9,114,47,22.0,0.05,0,1,175
9228,103,1,1,40,13,2.92,0.05,1,0,175
9229,400,8,8,124,44,27.7,0.05,0,1,175
9230,50,2,2,19,7,-1.05,0.05,1,0,175
9231,400,8,8,121,45,25.7,0.05,0,1,175
9232,13,0,0,5,2,-5.23,0.05,1,0,175
9233,6,0,0,2,1,-4.96,0.05,1,0,175
9234,394,9,9,121,42,31.86,0.05,0,1,175
9235,13,0,0,6,2,-4.93,0.05,1,0,175
9236,396,9,9,120,41,28.69,0.05,0,1,175
9237,97,0,0,42,13,2.03,0.05,1,0,175
9238,373,9,9,119,44,30.22,0.05,0,1,175
9239,265,5,5,101,32,18.85,0.05,1,0,175
9240,36,0,0,20,5,-0.96,0.05,1,0,175
9241,13,0,0,7,2,-3.63,0.05,1,0,175
9242,14,0,0,8,2,-3.74,0.05,1,0,175
9243,48,1,1,20,7,-2.28,0.05,1,0,175
9244,397,9,9,129,44,31.28,0.05,0,1,175
9245,391,9,9,110,43,24.14,0.05,0,1,175
9246,104,3,3,46,14,-0.54,0.05,1,0,175
9247,65,0,0,29,9,-2.05,0.05,1,0,175
9248,109,1,1,50,13,6.01,0.05,1,0,175
9249,146,4,4,66,18,10.94,0.05,1,0,175
9250,97,1,1,38,12,2.28,0.05,1,0,175
9251,20,0,0,8,3,-6.0,0.05,1,0,175
9252,86,0,0,32,12,-4.21,0.05,1,0,175
9253,192,5,5,83,23,14.33,0.05,1,0,175
9254,105,2,2,53,13,8.0,0.05,1,0,175
9255,7,0,0,2,1,-5.02,0.05,1,0,175
9256,43,0,0,15,6,-3.83,0.05,1,0,175
9257,218,6,6,88,26,18.42,0.05,1,0,175
9258,6,0,0,1,1,-5.36,0.05,1,0,175
9259,260,7,7,101,31,17.1,0.05,1,0,175
9260,20,0,0,8,3,-5.0,0.05,1,0,175
9261,51,1,1,21,7,-0.51,0.05,1,0,175
9262,145,3,3,67,19,5.5,0.05,1,0,175
9263,49,0,0,24,7,-1.14,0.05,1,0,175
9264,80,2,2,36,11,2.35,0.05,1,0,175
9265,146,1,1,57,18,8.24,0.05,1,0,175
9266,91,1,1,41,12,2.24,0.05,1,0,175
9267,114,1,1,54,14,6.51,0.05,1,0,175
9268,77,0,0,36,10,1.48,0.05,1,0,175
9269,57,1,1,28,8,-2.07,0.05,1,0,175
9270,7,0,0,2,1,-4.57,0.05,1,0,175
9271,58,0,0,26,8,-1.53,0.05,1,0,175
9272,147,1,1,54,18,4.23,0.05,1,0,175
9273,209,4,4,82,25,15.26,0.05,1,0,175
9274,400,9,9,119,45,26.3,0.05,0,1,175
9275,78,2,2,32,10,0.97,0.05,1,0,175
9276,313,7,7,112,37,18.72,0.05,1,0,175
9277,162,5,5,63,19,12.43,0.05,1,0,175
9278,400,8,8,121,43,31.05,0.05,0,1,175
9279,345,8,9,116,37,29.45,0.05,0,1,175
9280,27,0,0,11,4,-4.22,0.05,1,0,175
9281,74,2,2,36,9,5.11,0.05,1,0,175
9282,400,9,9,116,44,28.25,0.05,0,1,175
9283,289,9,9,101,34,19.66,0.05,1,0,175
9284,6,0,0,2,1,-5.06,0.05,1,0,175
9285,137,0,0,61,17,7.48,0.05,1,0,175
9286,366,8,9,123,39,31.74,0.05,0,1,175
9287,29,0,0,14,4,-3.34,0.05,1,0,175
9288,113,5,5,48,14,6.92,0.05,1,0,175
9289,161,5,5,68,20,12.19,0.05,1,0,175
9290,259,7,7,109,29,26.26,0.05,1,0,175
9291,201,1,1,73,24,8.29,0.05,1,0,175
9292,107,4,4,54,15,8.03,0.05,1,0,175
9293,390,8,9,120,42,30.15,0.05,0,1,175
9294,13,0,0,9,2,-3.13,0.05,1,0,175
9295,28,2,2,14,4,-0.08,0.05,1,0,175
9296,58,0,0,22,8,-3.33,0.05,1,0,175
9297,234,6,6,91,29,12.71,0.05,1,0,175
9298,28,0,0,12,4,-3.38,0.05,1,0,175
9299,391,9,9,121,42,33.04,0.05,0,1,175
9300,82,1,1,37,11,0.83,0.05,1,0,175
9301,13,0,0,9,2,-3.13,0.05,1,0,175
9302,29,0,0,14,4,-2.24,0.05,1,0,175
9303,86,1,1,40,11,3.24,0.05,1,0,175
9304,398,9,9,127,44,29.37,0.05,0,1,175
9305,27,1,1,11,4,-4.52,0.05,1,0,175
9306,13,0,0,4,2,-5.53,0.05,1,0,175
9307,118,4,4,49,15,7.07,0.05,1,0,175
9308,314,6,6,114,37,15.81,0.05,1,0,175
9309,258,4,4,94,31,10.72,0.05,1,0,175
9310,295,7,7,103,34,21.75,0.05,1,0,175
9311,24,1,1,8,3,-3.99,0.05,1,0,175
9312,356,8,8,104,41,20.79,0.05,1,0,175
9313,307,5,5,111,36,19.23,0.05,1,0,175
9314,21,0,0,10,3,-3.71,0.05,1,0,175
9315,62,0,0,27,8,-1.62,0.05,1,0,175
9316,369,9,9,117,39,29.41,0.05,0,1,175
9317,22,0,0,10,3,-4.02,0.05,1,0,175
9318,162,2,2,66,21,5.98,0.05,1,0,175
9319,66,2,2,33,8,4.59,0.05,1,0,175
9320,184,3,3,62,23,6.26,0.05,1,0,175
9321,61,2,2,30,8,3.54,0.05,1,0,175
9322,128,1,1,60,16,9.32,0.05,1,0,175
9323,376,8,9,112,40,28.54,0.05,0,1,175
9324,7,0,0,2,1,-5.57,0.05,1,0,175
9325,391,8,9,126,43,28.59,0.05,0,1,175
9326,372,6,6,116,42,18.83,0.05,1,0,175
9327,400,9,9,114,44,24.05,0.05,0,1,175
9328,94,2,2,36,13,0.36,0.05,1,0,175
9329,383,8,9,118,42,32.32,0.05,0,1,175
9330,232,5,5,71,27,9.38,0.05,1,0,175
9331,188,5,5,73,22,11.72,0.05,1,0,175
9332,185,3,3,88,24,12.35,0.05,1,0,175
9333,179,2,2,79,23,9.81,0.05,1,0,175
9334,6,0,0,3,1,-4.21,0.05,1,0,175
9335,21,0,0,9,3,-4.66,0.05,1,0,175
9336,141,4,4,53,15,8.99,0.05,1,0,175
9337,300,3,3,100,35,11.7,0.05,1,0,175
9338,5,0,0,3,1,-4.65,0.05,1,0,175
9339,180,4,4,84,24,8.0,0.05,1,0,175
9340,6,0,0,3,1,-4.76,0.05,1,0,175
9341,146,4,4,63,18,10.39,0.05,1,0,175
9342,105,5,5,43,13,8.55,0.05,1,0,175
9343,175,2,2,71,23,4.05,0.05,1,0,175
9344,192,1,1,78,26,8.28,0.05,1,0,175
9345,73,0,0,30,10,-2.78,0.05,1,0,175
9346,234,4,4,85,27,15.66,0.05,1,0,175
9347,166,2,2,61,20,5.14,0.05,1,0,175
9348,6,0,0,3,1,-4.76,0.05,1,0,175
9349,28,1,1,10,4,-3.83,0.05,1,0,175
9350,139,2,2,55,19,2.66,0.05,1,0,175
9351,21,0,0,8,3,-4.36,0.05,1,0,175
9352,205,4,4,84,26,8.65,0.05,1,0,175
9353,126,2,2,53,16,6.24,0.05,1,0,175
9354,90,1,1,40,11,5.1,0.05,1,0,175
9355,157,3,3,68,20,7.08,0.05,1,0,175
9356,65,1,1,25,8,0.1,0.05,1,0,175
9357,301,7,7,116,34,24.94,0.05,1,0,175
9358,29,0,0,9,4,-4.24,0.05,1,0,175
9359,381,8,9,120,43,26.24,0.05,0,1,175
9360,318,8,8,111,35,25.12,0.05,1,0,175
9361,106,1,1,44,13,1.89,0.05,1,0,175
9362,13,0,0,7,2,-4.23,0.05,1,0,175
9363,41,1,1,19,6,-2.36,0.05,1,0,175
9364,94,3,3,46,12,7.06,0.05,1,0,175
9365,400,8,9,124,44,30.15,0.05,0,1,175
9366,132,5,5,46,15,7.93,0.05,1,0,175
9367,129,2,2,53,16,6.71,0.05,1,0,175
9368,191,8,8,70,23,15.89,0.05,1,0,175
9369,83,1,1,37,11,2.42,0.05,1,0,175
9370,227,6,6,83,27,12.28,0.05,1,0,175
9371,212,6,6,98,26,18.93,0.05,1,0,175
9372,150,3,3,67,18,9.5,0.05,1,0,175
9373,133,3,3,51,17,4.32,0.05,1,0,175
9374,295,6,6,91,34,18.7,0.05,1,0,175
9375,28,0,0,12,4,-3.88,0.05,1,0,175
9376,375,9,9,130,41,29.8,0.05,1,0,175
9377,39,2,2,21,5,0.26,0.05,1,0,175
9378,242,4,4,93,28,15.08,0.05,1,0,175
9379,97,2,2,45,12,6.08,0.05,1,0,175
9380,27,0,0,13,4,-3.62,0.05,1,0,175
9381,374,8,9,129,38,36.31,0.05,0,1,175
9382,208,1,1,91,25,12.62,0.05,1,0,175
9383,7,0,0,2,1,-5.02,0.05,1,0,175
9384,6,0,0,3,1,-4.76,0.05,1,0,175
9385,351,7,7,113,39,20.79,0.05,1,0,175
9386,36,1,1,17,5,-1.96,0.05,1,0,175
9387,69,3,3,34,9,4.16,0.05,1,0,175
9388,5,0,0,3,1,-4.3,0.05,1,0,175
9389,145,3,3,50,18,6.45,0.05,1,0,175
9390,90,4,4,38,11,5.65,0.05,1,0,175
9391,6,0,0,3,1,-4.66,0.05,1,0,175
9392,197,2,2,64,25,0.48,0.05,1,0,175
9393,93,1,1,40,12,2.62,0.05,1,0,175
9394,238,5,5,91,27,17.42,0.05,1,0,175
9395,143,2,2,63,17,8.42,0.05,1,0,175
9396,62,2,2,23,8,0.08,0.05,1,0,175
9397,13,0,0,7,2,-4.13,0.05,1,0,175
9398,69,1,1,29,9,1.06,0.05,1,0,175
9399,50,1,1,24,7,0.35,0.05,1,0,175
9400,233,2,2,91,27,14.42,0.05,1,0,175
9401,398,8,9,126,42,33.97,0.05,0,1,175
9402,328,6,6,114,38,19.87,0.05,1,0,175
9403,6,0,0,3,1,-4.76,0.05,1,0,175
9404,9,0,0,6,1,-4.19,0.05,1,0,175
9405,80,1,1,19,11,-6.0,0.05,1,0,175
9406,400,8,8,111,43,22.85,0.05,0,1,175
9407,13,0,0,6,2,-4.93,0.05,1,0,175
9408,118,1,1,55,16,3.57,0.05,1,0,175
9409,28,1,1,11,4,-4.53,0.05,1,0,175
9410,7,0,0,6,1,-3.32,0.05,1,0,175
9411,34,0,0,12,5,-5.64,0.05,1,0,175
9412,38,0,0,11,5,-4.23,0.05,1,0,175
9413,400,9,9,116,45,25.7,0.05,0,1,175
9414,337,8,8,100,39,17.13,0.05,1,0,175
9415,394,8,9,133,43,31.66,0.05,0,1,175
9416,114,2,2,45,15,3.61,0.05,1,0,175
9417,95,4,4,40,12,4.35,0.05,1,0,175
9418,196,5,5,72,23,10.04,0.05,1,0,175
9419,42,0,0,17,6,-5.72,0.05,1,0,175
9420,164,1,1,69,20,8.91,0.05,1,0,175
9421,400,8,8,115,44,26.55,0.05,0,1,175
9422,46,1,1,25,6,0.84,0.05,1,0,175
9423,114,2,2,51,15,4.91,0.05,1,0,175
9424,400,3,3,63,53,-7.2,0.05,0,1,175
9425,73,0,0,35,10,-0.18,0.05,1,0,175
9426,234,4,4,88,29,9.16,0.05,1,0,175
9427,161,5,5,69,18,13.09,0.05,1,0,175
9428,14,0,0,6,2,-5.04,0.05,1,0,175
9429,43,0,0,24,6,0.07,0.05,1,0,175
9430,177,6,6,61,21,12.03,0.05,1,0,175
9431,74,0,0,37,10,1.91,0.05,1,0,175
9432,13,0,0,6,2,-4.48,0.05,1,0,175
9433,297,5,5,109,34,17.78,0.05,1,0,175
9434,212,3,3,89,25,16.73,0.05,1,0,175
9435,105,2,2,45,13,6.3,0.05,1,0,175
9436,43,0,0,19,6,-2.08,0.05,1,0,175
9437,161,4,4,71,21,9.34,0.05,1,0,175
9438,14,0,0,5,2,-4.24,0.05,1,0,175
9439,400,5,5,116,54,5.05,0.05,0,1,175
9440,13,0,0,6,2,-4.58,0.05,1,0,175
9441,195,2,2,76,25,4.75,0.05,1,0,175
9442,50,1,1,24,7,-0.55,0.05,1,0,175
9443,14,0,0,7,2,-3.59,0.05,1,0,175
9444,35,0,0,14,5,-3.5,0.05,1,0,175
9445,60,1,1,25,8,0.0,0.05,1,0,175
9446,20,0,0,8,3,-4.45,0.05,1,0,175
9447,303,5,5,106,37,13.62,0.05,1,0,175
9448,82,0,0,37,10,-1.37,0.05,1,0,175
9449,28,0,0,16,4,-1.53,0.05,1,0,175
9450,30,0,0,9,4,-4.9,0.05,1,0,175
9451,257,1,1,64,32,1.53,0.05,1,0,175
9452,42,1,1,23,6,-1.02,0.05,1,0,175
9453,314,8,8,108,37,18.26,0.05,1,0,175
9454,110,3,3,48,13,7.85,0.05,1,0,175
9455,170,4,4,63,21,8.35,0.05,1,0,175
9456,399,9,9,129,43,29.46,0.05,0,1,175
9457,182,3,3,64,22,11.28,0.05,1,0,175
9458,384,9,9,124,43,31.91,0.05,0,1,175
9459,160,3,3,70,19,15.3,0.05,1,0,175
9460,23,0,0,12,3,-2.43,0.05,1,0,175
9461,136,1,1,59,17,7.54,0.05,1,0,175
9462,331,9,9,114,37,26.04,0.05,1,0,175
9463,110,1,1,53,14,3.85,0.05,1,0,175
9464,37,0,0,16,5,-3.42,0.05,1,0,175
9465,133,2,2,51,16,5.97,0.05,1,0,175
9466,360,9,9,132,39,33.05,0.05,0,1,175
9467,81,1,1,38,11,2.19,0.05,1,0,175
9468,152,0,0,58,19,3.18,0.05,1,0,175
9469,50,0,0,20,7,-2.75,0.05,1,0,175
9470,83,2,2,34,11,-0.43,0.05,1,0,175
9471,76,2,2,27,10,-0.16,0.05,1,0,175
9472,63,1,1,30,8,1.92,0.05,1,0,175
9473,183,4,4,85,22,16.57,0.05,1,0,175
9474,377,9,9,126,41,33.28,0.05,0,1,175
9475,6,0,0,3,1,-4.76,0.05,1,0,175
9476,221,4,4,85,27,12.44,0.05,1,0,175
9477,87,0,0,39,11,2.78,0.05,1,0,175
9478,129,4,4,50,17,4.46,0.05,1,0,175
9479,215,7,7,76,25,13.1,0.05,1,0,175
9480,20,0,0,7,3,-4.7,0.05,1,0,175
9481,49,1,1,22,7,-0.84,0.05,1,0,175
9482,266,4,4,89,32,11.99,0.05,1,0,175
9483,328,8,8,115,37,23.82,0.05,1,0,175
9484,35,1,1,14,5,-2.25,0.05,1,0,175
9485,5,0,0,4,1,-4.0,0.05,1,0,175
9486,290,6,6,102,34,17.2,0.05,1,0,175
9487,70,1,1,29,9,2.1,0.05,1,0,175
9488,34,0,0,15,5,-4.74,0.05,1,0,175
9489,382,9,9,126,45,26.98,0.05,0,1,175
9490,92,0,0,49,12,3.38,0.05,1,0,175
9491,13,0,0,6,2,-4.48,0.05,1,0,175
9492,221,3,3,100,27,16.14,0.05,1,0,175
9493,134,3,3,60,16,9.31,0.05,1,0,175
9494,400,8,8,120,45,25.4,0.05,0,1,175
9495,138,2,2,56,17,6.47,0.05,1,0,175
9496,84,1,1,34,11,-0.24,0.05,1,0,175
9497,106,4,4,48,13,8.44,0.05,1,0,175
9498,15,0,0,5,2,-5.35,0.05,1,0,175
9499,35,0,0,15,5,-3.65,0.05,1,0,175
9500,370,7,7,122,40,25.3,0.05,1,0,175
9501,6,0,0,2,1,-5.51,0.05,1,0,175
9502,13,0,0,7,2,-3.73,0.05,1,0,175
9503,378,8,9,126,42,32.67,0.05,0,1,175
9504,22,0,0,9,3,-3.47,0.05,1,0,175
9505,231,4,4,83,29,12.29,0.05,1,0,175
9506,116,2,2,46,15,1.74,0.05,1,0,175
9507,200,3,3,91,23,17.45,0.05,1,0,175
9508,13,0,0,5,2,-5.23,0.05,1,0,175
9509,49,1,1,21,7,-2.84,0.05,1,0,175
9510,46,0,0,18,6,-3.36,0.05,1,0,175
9511,35,0,0,13,5,-4.55,0.05,1,0,175
9512,112,4,4,43,14,6.18,0.05,1,0,175
9513,117,1,1,54,15,3.43,0.05,1,0,175
9514,214,3,3,83,25,13.51,0.05,1,0,175
9515,400,9,9,124,44,28.05,0.05,0,1,175
9516,232,4,4,103,28,17.23,0.05,1,0,175
9517,207,3,3,87,25,14.03,0.05,1,0,175
9518,329,9,9,108,36,24.86,0.05,1,0,175
9519,29,0,0,14,4,-3.24,0.05,1,0,175
9520,105,2,2,48,13,7.95,0.05,1,0,175
9521,358,9,9,119,39,24.92,0.05,1,0,175
9522,7,0,0,2,1,-4.57,0.05,1,0,175
9523,7,0,0,5,1,-4.12,0.05,1,0,175
9524,42,0,0,17,6,-5.52,0.05,1,0,175
9525,220,4,4,81,26,11.55,0.05,1,0,175
9526,133,2,2,52,16,3.67,0.05,1,0,175
9527,34,0,0,15,5,-4.64,0.05,1,0,175
9528,23,0,0,10,3,-3.88,0.05,1,0,175
9529,64,1,1,30,9,0.81,0.05,1,0,175
9530,191,3,3,69,23,10.54,0.05,1,0,175
9531,50,0,0,21,7,-2.95,0.05,1,0,175
9532,206,4,4,75,24,14.34,0.05,1,0,175
9533,6,0,0,3,1,-4.76,0.05,1,0,175
9534,52,1,1,24,7,-1.62,0.05,1,0,175
9535,35,0,0,17,5,-2.9,0.05,1,0,175
9536,14,0,0,8,2,-4.24,0.05,1,0,175
9537,118,1,1,50,15,5.17,0.05,1,0,175
9538,294,7,7,112,33,24.61,0.05,1,0,175
9539,35,1,1,14,5,-2.3,0.05,1,0,175
9540,227,3,3,87,27,15.08,0.05,1,0,175
9541,57,0,0,22,8,-4.07,0.05,1,0,175
9542,6,0,0,2,1,-4.96,0.05,1,0,175
9543,36,1,1,14,5,-2.86,0.05,1,0,175
9544,279,5,5,74,33,2.91,0.05,1,0,175
9545,13,0,0,5,2,-5.23,0.05,1,0,175
9546,124,2,2,58,15,6.76,0.05,1,0,175
9547,217,2,2,85,27,9.68,0.05,1,0,175
9548,35,0,0,17,5,-1.6,0.05,1,0,175
9549,103,3,3,45,13,6.52,0.05,1,0,175
9550,389,8,9,119,43,29.96,0.05,0,1,175
9551,161,2,2,60,20,7.89,0.05,1,0,175
9552,139,3,3,60,17,10.16,0.05,1,0,175
9553,20,0,0,7,3,-5.25,0.05,1,0,175
9554,20,0,0,7,3,-5.3,0.05,1,0,175
9555,288,3,3,101,34,19.92,0.05,1,0,175
9556,13,0,0,5,2,-5.33,0.05,1,0,175
9557,37,1,1,22,5,-0.42,0.05,1,0,175
9558,14,0,0,6,2,-3.89,0.05,1,0,175
9559,13,0,0,8,2,-3.33,0.05,1,0,175
9560,241,3,3,93,29,14.19,0.05,1,0,175
9561,54,0,0,18,7,-5.39,0.05,1,0,175
9562,161,1,1,68,20,1.29,0.05,1,0,175
9563,57,0,0,20,8,-5.27,0.05,1,0,175
9564,112,3,3,38,14,3.28,0.05,1,0,175
9565,6,0,0,2,1,-5.51,0.05,1,0,175
9566,155,4,4,53,19,5.65,0.05,1,0,175
9567,36,1,1,16,5,-3.21,0.05,1,0,175
9568,13,0,0,6,2,-4.93,0.05,1,0,175
9569,375,8,9,130,40,32.1,0.05,0,1,175
9570,47,1,1,25,6,0.88,0.05,1,0,175
9571,128,4,4,50,17,2.07,0.05,1,0,175
9572,219,4,4,79,26,11.51,0.05,1,0,175
9573,66,1,1,31,9,0.34,0.05,1,0,175
9574,176,2,2,77,21,13.04,0.05,1,0,175
9575,299,7,7,107,35,15.66,0.05,1,0,175
9576,280,4,4,101,31,16.5,0.05,1,0,175
9577,22,1,1,8,3,-4.47,0.05,1,0,175
9578,68,1,1,29,9,0.12,0.05,1,0,175
9579,400,9,9,113,44,28.65,0.05,0,1,175
9580,397,9,9,127,43,30.18,0.05,0,1,175
9581,85,2,2,42,11,5.35,0.05,1,0,175
9582,28,0,0,12,4,-3.48,0.05,1,0,175
9583,223,7,7,78,26,13.12,0.05,1,0,175
9584,64,1,1,26,9,-2.29,0.05,1,0,175
9585,14,0,0,9,2,-2.99,0.05,1,0,175
9586,166,2,2,53,21,2.29,0.05,1,0,175
9587,193,5,5,82,24,10.72,0.05,1,0,175
9588,75,1,1,33,10,0.35,0.05,1,0,175
9589,94,2,2,36,12,2.71,0.05,1,0,175
9590,13,0,0,5,2,-5.23,0.05,1,0,175
9591,144,3,3,76,18,10.66,0.05,1,0,175
9592,28,0,0,13,4,-2.28,0.05,1,0,175
9593,13,0,0,8,2,-3.88,0.05,1,0,175
9594,400,9,9,126,44,25.7,0.05,0,1,175
9595,14,0,0,9,2,-4.09,0.05,1,0,175
9596,370,8,8,111,43,17.2,0.05,1,0,175
9597,70,1,1,38,10,-0.35,0.05,1,0,175
9598,248,4,4,88,29,14.92,0.05,1,0,175
9599,184,4,4,80,23,12.46,0.05,1,0,175
9600,194,3,3,71,24,8.71,0.05,1,0,175
9601,59,0,0,25,8,-0.99,0.05,1,0,175
9602,138,3,3,54,16,8.97,0.05,1,0,175
9603,400,9,9,123,42,33.35,0.05,0,1,175
9604,363,6,6,116,41,21.52,0.05,1,0,175
9605,105,3,3,48,14,5.2,0.05,1,0,175
9606,294,4,4,92,35,6.06,0.05,1,0,175
9607,104,2,2,49,14,2.51,0.05,1,0,175
9608,75,2,2,36,10,2.25,0.05,1,0,175
9609,14,0,0,7,2,-3.69,0.05,1,0,175
9610,365,5,5,115,44,14.7,0.05,1,0,175
9611,380,9,9,122,40,30.95,0.05,0,1,175
9612,6,0,0,2,1,-5.06,0.05,1,0,175
9613,379,5,5,120,44,21.11,0.05,1,0,175
9614,7,0,0,3,1,-4.17,0.05,1,0,175
9615,42,0,0,25,6,-1.62,0.05,1,0,175
9616,400,6,6,117,44,26.1,0.05,0,1,175
9617,279,5,5,90,32,13.61,0.05,1,0,175
9618,123,1,1,42,15,-0.43,0.05,1,0,175
9619,400,9,9,126,45,31.75,0.05,0,1,175
9620,151,1,1,57,19,5.04,0.05,1,0,175
9621,281,2,2,97,33,15.94,0.05,1,0,175
9622,85,2,2,30,11,1.85,0.05,1,0,175
9623,319,6,6,108,36,19.66,0.05,1,0,175
9624,220,3,3,89,26,14.85,0.05,1,0,175
9625,211,3,3,80,26,6.54,0.05,1,0,175
9626,14,0,0,7,2,-4.59,0.05,1,0,175
9627,83,1,1,39,11,2.37,0.05,1,0,175
9628,37,0,0,15,5,-3.67,0.05,1,0,175
9629,212,4,4,78,26,11.08,0.05,1,0,175
9630,106,2,2,44,13,5.09,0.05,1,0,175
9631,136,2,2,53,17,5.34,0.05,1,0,175
9632,13,0,0,4,2,-4.53,0.05,1,0,175
9633,60,0,0,26,8,-2.3,0.05,1,0,175
9634,144,2,2,62,17,9.51,0.05,1,0,175
9635,76,2,2,37,9,3.04,0.05,1,0,175
9636,136,1,1,52,18,1.14,0.05,1,0,175
9637,118,2,2,50,15,5.32,0.05,1,0,175
9638,50,1,1,27,7,1.8,0.05,1,0,175
9639,384,9,9,137,42,31.06,0.05,1,0,175
9640,6,0,0,3,1,-4.31,0.05,1,0,175
9641,370,6,6,122,42,22.05,0.05,1,0,175
9642,21,0,0,8,3,-5.01,0.05,1,0,175
9643,400,8,8,104,50,13.05,0.05,0,1,175
9644,27,0,0,11,4,-4.72,0.05,1,0,175
9645,364,9,9,114,39,30.66,0.05,0,1,175
9646,280,5,5,100,32,19.35,0.05,1,0,175
9647,152,4,4,67,19,9.78,0.05,1,0,175
9648,364,9,9,117,41,27.11,0.05,0,1,175
9649,13,0,0,6,2,-3.83,0.05,1,0,175
9650,157,3,3,66,20,5.53,0.05,1,0,175
9651,388,9,9,122,43,24.02,0.05,0,1,175
9652,84,1,1,40,11,3.71,0.05,1,0,175
9653,255,3,3,102,30,17.35,0.05,1,0,175
9654,67,0,0,32,9,0.53,0.05,1,0,175
9655,13,0,0,7,2,-4.08,0.05,1,0,175
9656,145,2,2,58,19,2.7,0.05,1,0,175
9657,35,0,0,18,5,-1.6,0.05,1,0,175
9658,170,3,3,69,21,11.15,0.05,1,0,175
9659,311,6,6,90,37,13.74,0.05,1,0,175
9660,21,0,0,11,3,-3.16,0.05,1,0,175
9661,59,1,1,20,8,-4.54,0.05,1,0,175
9662,348,5,5,124,42,18.17,0.05,1,0,175
9663,67,1,1,31,9,2.88,0.05,1,0,175
9664,21,0,0,12,3,-2.86,0.05,1,0,175
9665,71,0,0,29,9,-1.01,0.05,1,0,175
9666,146,1,1,69,19,6.24,0.05,1,0,175
9667,374,9,9,117,41,31.01,0.05,0,1,175
9668,258,2,2,105,32,12.57,0.05,1,0,175
9669,400,8,8,129,42,29.8,0.05,0,1,175
9670,257,7,7,106,31,22.13,0.05,1,0,175
9671,400,8,8,119,44,26.7,0.05,0,1,175
9672,384,9,9,124,42,31.51,0.05,0,1,175
9673,13,0,0,7,2,-4.18,0.05,1,0,175
9674,155,2,2,55,20,4.2,0.05,1,0,175
9675,28,0,0,12,4,-4.23,0.05,1,0,175
9676,54,1,1,24,7,1.46,0.05,1,0,175
9677,21,2,2,14,3,0.09,0.05,1,0,175
9678,222,5,5,87,28,9.43,0.05,1,0,175
9679,395,8,9,128,44,31.6,0.05,0,1,175
9680,143,3,3,51,18,4.52,0.05,1,0,175
9681,112,2,2,51,14,5.13,0.05,1,0,175
9682,102,2,2,50,13,8.43,0.05,1,0,175
9683,201,3,3,82,25,12.49,0.05,1,0,175
9684,29,0,0,10,4,-5.09,0.05,1,0,175
9685,74,0,0,35,10,0.81,0.05,1,0,175
9686,138,2,2,50,16,5.37,0.05,1,0,175
9687,187,1,1,76,25,3.08,0.05,1,0,175
9688,14,0,0,9,2,-2.89,0.05,1,0,175
9689,74,2,2,32,9,3.96,0.05,1,0,175
9690,51,0,0,24,7,-1.16,0.05,1,0,175
9691,46,1,1,22,6,0.49,0.05,1,0,175
9692,13,0,0,6,2,-4.53,0.05,1,0,175
9693,212,3,3,74,26,7.33,0.05,1,0,175
9694,6,0,0,2,1,-5.06,0.05,1,0,175
9695,274,3,3,105,33,16.86,0.05,1,0,175
9696,79,2,2,31,10,2.51,0.05,1,0,175
9697,44,0,0,18,6,-1.94,0.05,1,0,175
9698,43,0,0,19,6,-3.13,0.05,1,0,175
9699,140,3,3,51,17,5.7,0.05,1,0,175
9700,6,0,0,2,1,-5.06,0.05,1,0,175
9701,117,0,0,43,15,2.38,0.05,1,0,175
9702,20,0,0,9,3,-4.25,0.05,1,0,175
9703,23,0,0,9,3,-3.18,0.05,1,0,175
9704,174,4,4,64,21,11.16,0.05,1,0,175
9705,7,0,0,6,1,-3.62,0.05,1,0,175
9706,153,4,4,59,19,7.12,0.05,1,0,175
9707,264,5,5,94,30,16.41,0.05,1,0,175
9708,310,7,7,110,37,14.9,0.05,1,0,175
9709,391,9,9,120,44,27.54,0.05,0,1,175
9710,13,0,0,4,2,-5.63,0.05,1,0,175
9711,44,0,0,17,6,-3.19,0.05,1,0,175
9712,400,8,8,121,44,30.7,0.05,0,1,175
9713,130,1,1,50,16,4.95,0.05,1,0,175
9714,62,1,1,26,8,-0.12,0.05,1,0,175
9715,43,1,1,22,6,-0.08,0.05,1,0,175
9716,105,1,1,50,13,5.85,0.05,1,0,175
9717,217,4,4,78,24,16.38,0.05,1,0,175
9718,21,0,0,10,3,-4.41,0.05,1,0,175
9719,365,8,8,126,40,25.25,0.05,1,0,175
9720,253,3,3,98,29,17.07,0.05,1,0,175
9721,69,1,1,32,10,-3.99,0.05,1,0,175
9722,277,4,4,92,33,10.58,0.05,1,0,175
9723,140,4,4,58,17,11.05,0.05,1,0,175
9724,226,5,5,101,27,21.39,0.05,1,0,175
9725,14,0,0,5,2,-5.29,0.05,1,0,175
9726,400,9,9,136,43,36.65,0.05,0,1,175
9727,29,2,2,9,4,-2.54,0.05,1,0,175
9728,342,8,8,104,39,15.33,0.05,1,0,175
9729,400,7,7,124,44,30.25,0.05,0,1,175
9730,176,3,3,78,21,12.79,0.05,1,0,175
9731,65,0,0,26,9,-1.7,0.05,1,0,175
9732,157,4,4,61,20,7.88,0.05,1,0,175
9733,13,0,0,8,2,-3.88,0.05,1,0,175
9734,400,8,8,123,44,28.55,0.05,0,1,175
9735,14,0,0,10,2,-3.74,0.05,1,0,175
9736,357,8,8,121,41,28.38,0.05,1,0,175
9737,134,2,2,55,17,7.26,0.05,1,0,175
9738,36,1,1,16,5,-1.26,0.05,1,0,175
9739,76,1,1,31,10,0.64,0.05,1,0,175
9740,368,8,9,126,40,33.37,0.05,0,1,175
9741,89,3,3,37,12,2.21,0.05,1,0,175
9742,13,0,0,9,2,-3.58,0.05,1,0,175
9743,356,8,8,113,40,20.44,0.05,1,0,175
9744,21,0,0,14,3,-2.21,0.05,1,0,175
9745,13,0,0,8,2,-3.88,0.05,1,0,175
9746,6,0,0,2,1,-5.06,0.05,1,0,175
9747,78,2,2,35,10,0.22,0.05,1,0,175
9748,235,5,5,83,27,15.05,0.05,1,0,175
9749,130,3,3,58,17,5.9,0.05,1,0,175
9750,122,1,1,56,15,6.73,0.05,1,0,175
9751,13,0,0,4,2,-5.18,0.05,1,0,175
9752,184,3,3,65,23,7.26,0.05,1,0,175
9753,6,0,0,3,1,-4.76,0.05,1,0,175
9754,125,4,4,60,15,11.3,0.05,1,0,175
9755,100,1,1,42,12,4.0,0.05,1,0,175
9756,50,1,1,23,7,0.85,0.05,1,0,175
9757,13,0,0,5,2,-5.23,0.05,1,0,175
9758,400,9,9,128,45,30.1,0.05,0,1,175
9759,28,1,1,13,4,-1.93,0.05,1,0,175
9760,247,7,7,87,28,19.58,0.05,1,0,175
9761,21,1,1,9,3,-3.06,0.05,1,0,175
9762,400,9,9,114,46,26.55,0.05,0,1,175
9763,57,0,0,19,8,-4.32,0.05,1,0,175
9764,142,6,6,61,17,13.33,0.05,1,0,175
9765,72,1,1,25,9,-0.22,0.05,1,0,175
9766,78,1,1,26,10,-2.58,0.05,1,0,175
9767,58,1,1,27,8,-0.63,0.05,1,0,175
9768,34,0,0,17,5,-3.19,0.05,1,0,175
9769,28,1,1,10,4,-4.03,0.05,1,0,175
9770,20,0,0,9,3,-4.7,0.05,1,0,175
9771,96,2,2,40,12,5.54,0.05,1,0,175
9772,144,3,3,67,18,11.06,0.05,1,0,175
9773,278,5,5,87,30,13.77,0.05,1,0,175
9774,153,3,3,70,18,14.27,0.05,1,0,175
9775,118,2,2,46,15,0.52,0.05,1,0,175
9776,359,9,9,119,41,22.61,0.05,0,1,175
9777,106,2,2,48,14,4.29,0.05,1,0,175
9778,214,5,5,82,24,14.21,0.05,1,0,175
9779,400,9,9,125,42,29.75,0.05,0,1,175
9780,44,0,0,14,6,-3.34,0.05,1,0,175
9781,335,5,5,60,43,-3.6,0.05,1,0,175
9782,14,0,0,7,2,-3.69,0.05,1,0,175
9783,168,3,3,60,21,5.37,0.05,1,0,175
9784,108,3,3,41,15,2.67,0.05,1,0,175
9785,370,9,9,126,40,33.9,0.05,0,1,175
9786,400,8,8,125,43,27.0,0.05,0,1,175
9787,42,0,0,16,6,-2.17,0.05,1,0,175
9788,28,1,1,14,4,-1.83,0.05,1,0,175
9789,118,3,3,47,15,6.27,0.05,1,0,175
9790,6,0,0,3,1,-5.21,0.05,1,0,175
9791,110,1,1,48,14,5.35,0.05,1,0,175
9792,329,6,6,119,38,19.21,0.05,1,0,175
9793,142,2,2,66,18,6.93,0.05,1,0,175
9794,105,2,2,38,14,0.9,0.05,1,0,175
9795,286,7,7,90,32,18.94,0.05,1,0,175
9796,115,3,3,47,13,8.1,0.05,1,0,175
9797,50,0,0,19,7,-3.3,0.05,1,0,175
9798,57,1,1,22,8,-3.12,0.05,1,0,175
9799,362,9,9,121,40,29.68,0.05,0,1,175
9800,103,2,2,44,13,5.67,0.05,1,0,175
9801,211,3,3,69,23,8.59,0.05,1,0,175
9802,35,0,0,13,5,-4.15,0.05,1,0,175
9803,391,8,9,123,44,28.54,0.05,0,1,175
9804,73,1,1,35,10,1.27,0.05,1,0,175
9805,14,0,0,6,2,-4.44,0.05,1,0,175
9806,49,0,0,20,7,-4.39,0.05,1,0,175
9807,321,7,7,108,37,23.84,0.05,1,0,175
9808,215,8,8,80,25,15.6,0.05,1,0,175
9809,13,0,0,9,2,-3.58,0.05,1,0,175
9810,56,0,0,24,8,-3.11,0.05,1,0,175
9811,247,5,5,94,29,16.68,0.05,1,0,175
9812,329,9,9,112,37,26.51,0.05,1,0,175
9813,216,7,7,78,26,14.44,0.05,1,0,175
9814,209,6,6,79,24,15.66,0.05,1,0,175
9815,121,2,2,54,14,9.54,0.05,1,0,175
9816,164,3,3,75,21,11.21,0.05,1,0,175
9817,22,0,0,9,3,-4.67,0.05,1,0,175
9818,95,1,1,43,12,3.4,0.05,1,0,175
9819,226,4,4,90,27,15.79,0.05,1,0,175
9820,146,2,2,61,19,3.44,0.05,1,0,175
9821,49,1,1,22,7,-1.09,0.05,1,0,175
9822,172,3,3,66,21,8.13,0.05,1,0,175
9823,393,9,9,124,43,30.42,0.05,0,1,175
9824,216,3,3,84,26,13.39,0.05,1,0,175
9825,29,0,0,14,4,-4.24,0.05,1,0,175
9826,80,1,1,38,11,1.6,0.05,1,0,175
9827,92,1,1,36,12,0.23,0.05,1,0,175
9828,27,0,0,12,4,-4.87,0.05,1,0,175
9829,20,0,0,10,3,-3.15,0.05,1,0,175
9830,80,3,3,35,10,5.5,0.05,1,0,175
9831,64,0,0,30,9,-1.69,0.05,1,0,175
9832,133,1,1,46,18,3.17,0.05,1,0,175
9833,13,0,0,4,2,-5.18,0.05,1,0,175
9834,201,4,4,78,24,14.19,0.05,1,0,175
9835,143,2,2,59,18,8.02,0.05,1,0,175
9836,20,0,0,8,3,-5.05,0.05,1,0,175
9837,51,0,0,20,7,-3.01,0.05,1,0,175
9838,28,0,0,11,4,-4.73,0.05,1,0,175
9839,30,0,0,12,4,-3.8,0.05,1,0,175
9840,35,0,0,14,5,-4.45,0.05,1,0,175
9841,73,2,2,27,9,2.67,0.05,1,0,175
9842,395,8,9,124,44,28.85,0.05,0,1,175
9843,177,3,3,69,22,10.98,0.05,1,0,175
9844,393,9,9,121,42,29.02,0.05,0,1,175
9845,61,0,0,35,8,-0.41,0.05,1,0,175
9846,87,1,1,36,11,1.23,0.05,1,0,175
9847,102,2,2,39,13,1.53,0.05,1,0,175
9848,13,0,0,6,2,-4.93,0.05,1,0,175
9849,13,0,0,6,2,-3.93,0.05,1,0,175
9850,37,0,0,18,5,-1.77,0.05,1,0,175
9851,114,1,1,45,15,1.51,0.05,1,0,175
9852,301,4,4,101,36,12.64,0.05,1,0,175
9853,111,2,2,45,14,5.54,0.05,1,0,175
9854,367,9,9,124,41,31.58,0.05,0,1,175
9855,21,0,0,9,3,-4.71,0.05,1,0,175
9856,75,0,0,38,10,1.75,0.05,1,0,175
9857,77,0,0,36,10,0.58,0.05,1,0,175
9858,13,0,0,7,2,-4.43,0.05,1,0,175
9859,15,0,0,5,2,-4.35,0.05,1,0,175
9860,20,0,0,8,3,-3.85,0.05,1,0,175
9861,226,5,5,81,26,15.49,0.05,1,0,175
9862,400,9,9,114,45,25.15,0.05,0,1,175
9863,44,0,0,21,6,-1.79,0.05,1,0,175
9864,22,0,0,9,3,-4.82,0.05,1,0,175
9865,57,0,0,23,8,-3.47,0.05,1,0,175
9866,203,6,6,71,24,14.47,0.05,1,0,175
9867,344,7,7,118,40,15.91,0.05,1,0,175
9868,172,6,6,64,21,10.28,0.05,1,0,175
9869,323,5,5,109,35,25.37,0.05,1,0,175
9870,366,7,7,124,42,24.39,0.05,1,0,175
9871,176,3,3,75,21,10.84,0.05,1,0,175
9872,184,4,4,75,22,14.31,0.05,1,0,175
9873,247,6,6,94,28,20.58,0.05,1,0,175
9874,91,2,2,39,11,4.79,0.05,1,0,175
9875,338,8,9,122,36,29.42,0.05,0,1,175
9876,398,9,9,123,42,32.72,0.05,0,1,175
9877,400,7,7,124,46,22.1,0.05,0,1,175
9878,134,2,2,58,17,6.76,0.05,1,0,175
9879,313,6,6,111,36,21.82,0.05,1,0,175
9880,28,0,0,13,4,-3.58,0.05,1,0,175
9881,400,8,8,114,45,26.1,0.05,0,1,175
9882,319,8,8,110,35,25.31,0.05,1,0,175
9883,13,0,0,6,2,-5.03,0.05,1,0,175
9884,251,5,5,87,30,12.39,0.05,1,0,175
9885,75,1,1,38,10,2.1,0.05,1,0,175
9886,315,5,5,104,36,17.5,0.05,1,0,175
9887,27,0,0,11,4,-5.02,0.05,1,0,175
9888,375,8,9,133,41,33.4,0.05,0,1,175
9889,400,8,8,121,45,30.85,0.05,0,1,175
9890,381,9,9,117,41,31.09,0.05,0,1,175
9891,85,3,3,37,11,4.95,0.05,1,0,175
9892,400,8,8,118,44,26.0,0.05,0,1,175
9893,137,0,0,61,17,5.78,0.05,1,0,175
9894,50,0,0,23,7,-3.5,0.05,1,0,175
9895,212,5,5,80,25,13.63,0.05,1,0,175
9896,288,6,6,106,33,17.42,0.05,1,0,175
9897,220,3,3,71,28,3.4,0.05,1,0,175
9898,384,8,9,119,45,18.16,0.05,0,1,175
9899,96,1,1,45,12,4.89,0.05,1,0,175
9900,67,2,2,33,8,2.18,0.05,1,0,175
9901,91,1,1,32,11,0.84,0.05,1,0,175
9902,68,0,0,38,9,2.82,0.05,1,0,175
9903,29,1,1,12,4,-1.39,0.05,1,0,175
9904,13,0,0,5,2,-5.33,0.05,1,0,175
9905,140,0,0,59,18,5.3,0.05,1,0,175
9906,161,3,3,60,20,7.64,0.05,1,0,175
9907,44,1,1,18,6,-1.59,0.05,1,0,175
9908,397,9,9,122,44,29.18,0.05,0,1,175
9909,5,0,0,2,1,-4.6,0.05,1,0,175
9910,50,0,0,22,7,-1.8,0.05,1,0,175
9911,92,1,1,41,12,-0.42,0.05,1,0,175
9912,323,8,8,104,36,22.17,0.05,1,0,175
9913,90,2,2,47,11,8.5,0.05,1,0,175
9914,20,0,0,7,3,-5.8,0.05,1,0,175
9915,400,9,9,125,44,34.55,0.05,0,1,175
9916,390,9,9,131,43,32.85,0.05,0,1,175
9917,276,6,6,91,31,17.69,0.05,1,0,175
9918,79,0,0,30,10,0.51,0.05,1,0,175
9919,400,8,9,113,44,27.3,0.05,0,1,175
9920,275,8,8,104,33,17.1,0.05,1,0,175
9921,229,5,5,88,27,17.91,0.05,1,0,175
9922,55,1,1,23,8,-3.95,0.05,1,0,175
9923,274,6,6,98,32,18.46,0.05,1,0,175
9924,72,1,1,32,10,0.43,0.05,1,0,175
9925,378,8,9,119,43,25.02,0.05,0,1,175
9926,338,7,7,110,38,20.82,0.05,1,0,175
9927,28,0,0,11,4,-3.18,0.05,1,0,175
9928,145,3,3,64,19,4.3,0.05,1,0,175
9929,113,1,1,43,14,3.52,0.05,1,0,175
9930,109,0,0,39,14,-2.29,0.05,1,0,175
9931,21,0,0,8,3,-4.46,0.05,1,0,175
9932,218,3,3,85,28,11.67,0.05,1,0,175
9933,59,1,1,29,8,1.76,0.05,1,0,175
9934,6,0,0,3,1,-4.76,0.05,1,0,175
9935,7,0,0,2,1,-4.57,0.05,1,0,175
9936,399,9,9,117,43,28.06,0.05,0,1,175
9937,53,2,2,25,7,0.22,0.05,1,0,175
9938,13,0,0,7,2,-3.63,0.05,1,0,175
9939,400,8,8,127,42,30.9,0.05,0,1,175
9940,7,0,0,4,1,-3.87,0.05,1,0,175
9941,74,1,1,36,10,1.61,0.05,1,0,175
9942,6,0,0,2,1,-5.51,0.05,1,0,175
9943,179,2,2,79,22,12.61,0.05,1,0,175
9944,92,4,4,42,12,7.93,0.05,1,0,175
9945,296,6,6,110,36,18.54,0.05,1,0,175
9946,28,0,0,12,4,-3.88,0.05,1,0,175
9947,400,7,7,116,45,24.45,0.05,0,1,175
9948,400,8,8,118,47,21.4,0.05,0,1,175
9949,286,6,6,98,33,17.59,0.05,1,0,175
9950,98,2,2,44,13,5.12,0.05,1,0,175
9951,80,2,2,41,10,5.7,0.05,1,0,175
9952,6,0,0,2,1,-5.06,0.05,1,0,175
9953,74,3,3,33,10,0.86,0.05,1,0,175
9954,14,0,0,5,2,-4.84,0.05,1,0,175
9955,35,2,2,13,5,-3.1,0.05,1,0,175
9956,219,5,5,88,26,17.16,0.05,1,0,175
9957,174,5,5,72,20,16.76,0.05,1,0,175
9958,371,8,8,121,41,24.69,0.05,1,0,175
9959,22,0,0,8,3,-5.07,0.05,1,0,175
9960,140,3,3,56,18,5.95,0.05,1,0,175
9961,208,6,6,82,24,15.72,0.05,1,0,175
9962,20,0,0,7,3,-4.8,0.05,1,0,175
9963,51,1,1,23,7,-1.06,0.05,1,0,175
9964,36,0,0,15,5,-2.66,0.05,1,0,175
9965,20,0,0,8,3,-4.45,0.05,1,0,175
9966,6,0,0,2,1,-5.06,0.05,1,0,175
9967,264,6,6,97,30,18.16,0.05,1,0,175
9968,105,1,1,45,13,1.25,0.05,1,0,175
9969,6,0,0,3,1,-4.76,0.05,1,0,175
9970,6,0,0,3,1,-5.11,0.05,1,0,175
9971,42,0,0,18,6,-3.32,0.05,1,0,175
9972,120,2,2,49,15,4.3,0.05,1,0,175
9973,400,8,8,122,45,25.7,0.05,0,1,175
9974,400,9,9,121,45,28.55,0.05,0,1,175
9975,172,2,2,69,21,8.58,0.05,1,0,175
9976,212,5,5,78,25,14.53,0.05,1,0,175
9977,178,3,3,65,22,8.17,0.05,1,0,175
9978,38,1,1,17,5,-1.78,0.05,1,0,175
9979,89,1,1,32,11,-2.24,0.05,1,0,175
9980,121,2,2,41,16,1.99,0.05,1,0,175
9981,6,0,0,3,1,-4.76,0.05,1,0,175
9982,81,3,3,36,10,3.19,0.05,1,0,175
9983,22,0,0,8,3,-5.42,0.05,1,0,175
9984,46,0,0,23,6,-0.96,0.05,1,0,175
9985,366,9,9,115,40,29.99,0.05,0,1,175
9986,54,3,3,24,7,1.51,0.05,1,0,175
9987,28,0,0,11,4,-2.68,0.05,1,0,175
9988,373,8,9,129,43,29.82,0.05,0,1,175
9989,205,4,4,66,24,11.65,0.05,1,0,175
9990,234,5,5,92,26,19.56,0.05,1,0,175
9991,376,8,9,118,41,24.84,0.05,0,1,175
9992,86,0,0,49,12,1.94,0.05,1,0,175
9993,294,4,4,99,33,18.86,0.05,1,0,175
9994,113,4,4,42,15,3.02,0.05,1,0,175
9995,394,8,9,122,43,29.31,0.05,0,1,175
9996,57,1,1,27,8,0.53,0.05,1,0,175
9997,95,2,2,40,12,4.6,0.05,1,0,175
9998,13,0,0,8,2,-3.78,0.05,1,0,175
9999,168,3,3,65,20,6.62,0.05,1,0,175
10000,171,4,4,70,21,5.84,0.05,1,0,175
10001,171,3,3,60,22,3.34,0.05,1,0,175
10002,290,4,4,108,35,15.6,0.05,1,0,175
10003,13,0,0,6,2,-4.48,0.05,1,0,175
10004,20,1,1,9,3,-3.15,0.05,1,0,175
10005,28,0,0,11,4,-3.98,0.05,1,0,175
10006,205,4,4,75,24,14.2,0.05,1,0,175
10007,7,0,0,3,1,-5.27,0.05,1,0,175
10008,303,6,6,95,36,13.82,0.05,1,0,175
10009,266,4,4,104,31,16.64,0.05,1,0,175
10010,201,3,3,85,24,14.54,0.05,1,0,175
10011,200,4,4,70,25,6.9,0.05,1,0,175
10012,5,0,0,2,1,-4.5,0.05,1,0,175
10013,42,0,0,21,6,-1.37,0.05,1,0,175
10014,20,0,0,7,3,-6.15,0.05,1,0,175
10015,20,0,0,7,3,-4.35,0.05,1,0,175
10016,72,1,1,25,9,-3.32,0.05,1,0,175
10017,71,1,1,31,9,0.74,0.05,1,0,175
10018,36,0,0,15,5,-3.21,0.05,1,0,175
10019,400,9,9,118,45,26.5,0.05,0,1,175
10020,185,2,2,85,24,7.8,0.05,1,0,175
10021,92,1,1,40,12,3.03,0.05,1,0,175
10022,14,0,0,6,2,-3.44,0.05,1,0,175
10023,220,3,3,86,27,12.65,0.05,1,0,175
10024,165,3,3,63,20,8.1,0.05,1,0,175
10025,6,0,0,2,1,-5.06,0.05,1,0,175
10026,193,3,3,78,23,13.12,0.05,1,0,175
10027,136,1,1,51,17,2.59,0.05,1,0,175
10028,296,4,4,102,35,14.79,0.05,1,0,175
10029,57,1,1,25,8,-1.67,0.05,1,0,175
10030,170,4,4,74,21,11.65,0.05,1,0,175
10031,14,0,0,8,2,-3.84,0.05,1,0,175
10032,262,4,4,92,31,15.88,0.05,1,0,175
10033,120,0,0,42,15,2.0,0.05,1,0,175
10034,13,0,0,4,2,-5.63,0.05,1,0,175
10035,373,9,9,119,41,23.72,0.05,1,0,175
10036,230,3,3,82,28,9.65,0.05,1,0,175
10037,14,0,0,6,2,-4.54,0.05,1,0,175
10038,50,0,0,23,7,-3.3,0.05,1,0,175
10039,98,2,2,37,13,0.67,0.05,1,0,175
10040,15,0,0,5,2,-4.8,0.05,1,0,175
10041,113,0,0,59,14,7.72,0.05,1,0,175
10042,74,2,2,27,10,-1.59,0.05,1,0,175
10043,389,9,9,131,43,29.46,0.05,0,1,175
10044,117,2,2,55,15,6.83,0.05,1,0,175
10045,20,0,0,9,3,-4.65,0.05,1,0,175
10046,290,9,9,103,32,23.95,0.05,1,0,175
10047,87,3,3,29,11,2.43,0.05,1,0,175
10048,400,9,9,133,43,31.8,0.05,0,1,175
10049,52,3,3,23,7,2.23,0.05,1,0,175
10050,118,1,1,39,15,0.37,0.05,1,0,175
10051,116,4,4,46,14,8.29,0.05,1,0,175
10052,182,6,6,74,21,16.38,0.05,1,0,175
10053,147,1,1,52,18,3.18,0.05,1,0,175
10054,367,7,7,121,44,18.33,0.05,1,0,175
10055,129,3,3,53,16,5.86,0.05,1,0,175
10056,264,6,6,111,31,22.96,0.05,1,0,175
10057,6,0,0,3,1,-4.76,0.05,1,0,175
10058,392,9,9,129,44,29.08,0.05,0,1,175
10059,29,1,1,13,4,-1.89,0.05,1,0,175
10060,130,4,4,57,16,9.1,0.05,1,0,175
10061,6,0,0,3,1,-4.76,0.05,1,0,175
10062,51,0,0,26,7,-1.56,0.05,1,0,175
10063,21,1,1,8,3,-3.46,0.05,1,0,175
10064,143,3,3,55,18,7.32,0.05,1,0,175
10065,89,1,1,38,12,0.61,0.05,1,0,175
10066,101,1,1,44,12,4.14,0.05,1,0,175
10067,181,4,4,64,22,9.99,0.05,1,0,175
10068,172,2,2,63,21,7.63,0.05,1,0,175
10069,99,2,2,40,12,3.31,0.05,1,0,175
10070,13,0,0,6,2,-4.93,0.05,1,0,175
10071,13,0,0,6,2,-4.03,0.05,1,0,175
10072,42,2,2,21,6,-0.22,0.05,1,0,175
10073,21,0,0,9,3,-4.71,0.05,1,0,175
10074,228,3,3,89,28,15.67,0.05,1,0,175
10075,56,1,1,23,8,-1.11,0.05,1,0,175
10076,22,0,0,9,3,-5.17,0.05,1,0,175
10077,393,9,9,125,42,34.02,0.05,0,1,175
10078,364,9,9,117,40,28.26,0.05,0,1,175
10079,38,0,0,13,5,-3.83,0.05,1,0,175
10080,35,0,0,16,5,-4.25,0.05,1,0,175
10081,14,0,0,5,2,-5.09,0.05,1,0,175
10082,187,4,4,79,24,8.18,0.05,1,0,175
10083,106,1,1,48,13,5.74,0.05,1,0,175
10084,146,3,3,65,18,8.44,0.05,1,0,175
10085,283,5,5,93,34,9.82,0.05,1,0,175
10086,93,1,1,37,12,2.97,0.05,1,0,175
10087,48,0,0,20,6,-1.33,0.05,1,0,175
10088,13,0,0,8,2,-3.88,0.05,1,0,175
10089,21,0,0,13,3,-1.96,0.05,1,0,175
10090,6,0,0,3,1,-4.66,0.05,1,0,175
10091,115,0,0,49,15,1.4,0.05,1,0,175
10092,321,4,4,113,39,19.09,0.05,1,0,175
10093,6,0,0,3,1,-4.76,0.05,1,0,175
10094,14,0,0,7,2,-4.04,0.05,1,0,175
10095,76,1,1,35,10,2.89,0.05,1,0,175
10096,186,4,4,68,22,12.19,0.05,1,0,175
10097,27,0,0,11,4,-4.27,0.05,1,0,175
10098,28,0,0,12,4,-3.78,0.05,1,0,175
10099,56,1,1,27,8,-1.86,0.05,1,0,175
10100,13,0,0,6,2,-4.58,0.05,1,0,175
10101,102,3,3,47,13,6.78,0.05,1,0,175
10102,295,6,6,101,35,15.4,0.05,1,0,175
10103,76,1,1,29,10,1.54,0.05,1,0,175
10104,87,2,2,38,11,4.28,0.05,1,0,175
10105,268,3,3,93,31,15.97,0.05,1,0,175
10106,94,1,1,45,12,6.16,0.05,1,0,175
10107,203,5,5,81,25,13.47,0.05,1,0,175
10108,104,2,2,47,13,5.16,0.05,1,0,175
10109,187,2,2,75,23,10.88,0.05,1,0,175
10110,350,7,7,118,39,20.8,0.05,1,0,175
10111,226,5,5,97,27,17.39,0.05,1,0,175
10112,376,9,9,118,41,29.74,0.05,0,1,175
10113,27,0,0,8,4,-5.17,0.05,1,0,175
10114,36,0,0,13,5,-3.61,0.05,1,0,175
10115,153,5,5,56,18,6.17,0.05,1,0,175
10116,70,3,3,27,9,2.7,0.05,1,0,175
10117,135,2,2,51,17,3.1,0.05,1,0,175
10118,97,4,4,46,12,8.43,0.05,1,0,175
10119,81,0,0,35,11,-4.51,0.05,1,0,175
10120,192,6,6,65,24,9.58,0.05,1,0,175
10121,6,0,0,2,1,-4.61,0.05,1,0,175
10122,166,2,2,59,21,5.84,0.05,1,0,175
10123,13,0,0,4,2,-5.53,0.05,1,0,175
10124,13,0,0,6,2,-4.48,0.05,1,0,175
10125,400,8,8,121,44,29.6,0.05,0,1,175
10126,110,1,1,49,13,5.85,0.05,1,0,175
10127,151,4,4,59,19,7.54,0.05,1,0,175
10128,55,0,0,20,7,-2.4,0.05,1,0,175
10129,169,5,5,70,20,16.06,0.05,1,0,175
10130,179,3,3,71,22,10.31,0.05,1,0,175
10131,35,1,1,11,5,-5.25,0.05,1,0,175
10132,222,5,5,81,29,6.58,0.05,1,0,175
10133,131,2,2,50,16,4.14,0.05,1,0,175
10134,49,0,0,20,7,-1.94,0.05,1,0,175
10135,89,1,1,43,12,2.81,0.05,1,0,175
10136,103,1,1,36,13,-1.83,0.05,1,0,175
10137,149,2,2,75,19,9.61,0.05,1,0,175
10138,74,3,3,29,10,0.76,0.05,1,0,175
10139,273,5,5,96,31,18.17,0.05,1,0,175
10140,133,3,3,56,17,6.57,0.05,1,0,175
10141,29,0,0,13,4,-2.99,0.05,1,0,175
10142,400,7,7,122,45,24.4,0.05,0,1,175
10143,53,2,2,19,7,-2.08,0.05,1,0,175
10144,6,0,0,3,1,-4.76,0.05,1,0,175
10145,158,1,1,62,20,2.77,0.05,1,0,175
10146,46,0,0,18,6,-1.91,0.05,1,0,175
10147,349,7,7,116,41,16.06,0.05,1,0,175
10148,63,2,2,28,8,0.72,0.05,1,0,175
10149,63,1,1,29,8,2.27,0.05,1,0,175
10150,225,5,5,81,27,11.7,0.05,1,0,175
10151,284,5,5,101,34,14.81,0.05,1,0,175
10152,95,4,4,45,12,6.2,0.05,1,0,175
10153,20,0,0,9,3,-5.1,0.05,1,0,175
10154,55,2,2,27,7,1.2,0.05,1,0,175
10155,153,2,2,67,19,11.32,0.05,1,0,175
10156,272,6,6,94,29,17.18,0.05,1,0,175
10157,397,8,9,118,44,22.43,0.05,0,1,175
10158,43,1,1,15,6,-2.38,0.05,1,0,175
10159,77,2,2,34,11,-2.57,0.05,1,0,175
10160,377,8,9,123,42,25.83,0.05,0,1,175
10161,147,4,4,64,17,12.63,0.05,1,0,175
10162,13,0,0,8,2,-3.88,0.05,1,0,175
10163,13,0,0,4,2,-5.63,0.05,1,0,175
10164,57,0,0,22,8,-3.52,0.05,1,0,175
10165,22,0,0,10,3,-3.97,0.05,1,0,175
10166,37,0,0,16,5,-4.32,0.05,1,0,175
10167,371,9,9,122,42,24.29,0.05,1,0,175
10168,106,0,0,43,14,1.84,0.05,1,0,175
10169,400,8,8,128,43,29.1,0.05,0,1,175
10170,21,0,0,13,3,-1.86,0.05,1,0,175
10171,157,0,0,7,22,-17.42,0.05,1,0,175
10172,185,2,2,71,23,9.45,0.05,1,0,175
10173,400,8,9,124,43,30.15,0.05,0,1,175
10174,55,0,0,25,8,-3.2,0.05,1,0,175
10175,69,1,1,34,9,1.66,0.05,1,0,175
10176,76,0,0,40,10,1.29,0.05,1,0,175
10177,394,8,9,129,42,34.96,0.05,0,1,175
10178,6,0,0,1,1,-5.36,0.05,1,0,175
10179,55,1,1,19,7,-2.75,0.05,1,0,175
10180,137,3,3,54,17,7.23,0.05,1,0,175
10181,27,0,0,11,4,-5.57,0.05,1,0,175
10182,104,1,1,40,14,0.21,0.05,1,0,175
10183,397,9,9,129,45,26.33,0.05,0,1,175
10184,393,9,9,125,46,25.72,0.05,0,1,175
10185,42,1,1,20,6,-0.22,0.05,1,0,175
10186,74,1,1,36,10,-0.89,0.05,1,0,175
10187,221,4,4,84,25,16.44,0.05,1,0,175
10188,72,2,2,33,10,-0.27,0.05,1,0,175
10189,320,8,8,106,36,19.9,0.05,1,0,175
10190,6,0,0,3,1,-4.76,0.05,1,0,175
10191,27,0,0,9,4,-4.27,0.05,1,0,175
10192,117,1,1,50,15,1.28,0.05,1,0,175
10193,172,2,2,68,21,9.18,0.05,1,0,175
10194,77,1,1,37,9,4.83,0.05,1,0,175
10195,43,0,0,17,6,-4.83,0.05,1,0,175
10196,108,0,0,52,14,3.82,0.05,1,0,175
10197,253,7,7,91,29,19.12,0.05,1,0,175
10198,58,0,0,22,8,-3.28,0.05,1,0,175
10199,337,6,6,108,38,20.18,0.05,1,0,175
10200,6,0,0,2,1,-5.06,0.05,1,0,175
10201,14,0,0,7,2,-3.69,0.05,1,0,175
10202,45,0,0,21,6,-1.55,0.05,1,0,175
10203,378,9,9,122,42,28.57,0.05,1,0,175
10204,13,0,0,8,2,-3.28,0.05,1,0,175
10205,57,0,0,29,8,1.18,0.05,1,0,175
10206,61,0,0,30,8,1.04,0.05,1,0,175
10207,53,1,1,22,7,-1.33,0.05,1,0,175
10208,158,4,4,58,19,10.52,0.05,1,0,175
10209,20,0,0,9,3,-4.2,0.05,1,0,175
10210,64,0,0,26,9,-4.49,0.05,1,0,175
10211,13,0,0,2,2,-5.78,0.05,1,0,175
10212,102,1,1,46,12,4.38,0.05,1,0,175
10213,391,9,9,129,43,27.39,0.05,0,1,175
10214,43,1,1,23,6,-0.18,0.05,1,0,175
10215,182,3,3,68,23,6.18,0.05,1,0,175
10216,175,5,5,74,21,13.9,0.05,1,0,175
10217,93,0,0,42,12,1.67,0.05,1,0,175
10218,117,2,2,44,15,1.38,0.05,1,0,175
10219,57,0,0,28,8,0.48,0.05,1,0,175
10220,93,0,0,37,12,1.52,0.05,1,0,175
10221,13,0,0,3,2,-5.48,0.05,1,0,175
10222,141,1,1,48,19,0.44,0.05,1,0,175
10223,115,0,0,52,15,1.45,0.05,1,0,175
10224,27,0,0,12,4,-3.82,0.05,1,0,175
10225,130,1,1,49,16,4.5,0.05,1,0,175
10226,27,0,0,11,4,-4.57,0.05,1,0,175
10227,110,2,2,51,14,7.55,0.05,1,0,175
10228,120,2,2,44,15,2.8,0.05,1,0,175
10229,43,1,1,20,6,-1.73,0.05,1,0,175
10230,8,0,0,3,1,-4.78,0.05,1,0,175
10231,163,6,6,68,19,14.52,0.05,1,0,175
10232,21,0,0,15,3,-1.31,0.05,1,0,175
10233,90,2,2,41,12,2.65,0.05,1,0,175
10234,51,1,1,23,7,-2.01,0.05,1,0,175
10235,166,3,3,71,20,8.99,0.05,1,0,175
10236,374,6,6,111,42,12.21,0.05,1,0,175
10237,6,0,0,3,1,-4.31,0.05,1,0,175
10238,58,1,1,23,7,-0.93,0.05,1,0,175
10239,51,0,0,28,7,0.64,0.05,1,0,175
10240,84,3,3,38,11,5.41,0.05,1,0,175
10241,366,9,9,117,40,31.24,0.05,0,1,175
10242,5,0,0,4,1,-4.45,0.05,1,0,175
10243,53,0,0,18,7,-3.88,0.05,1,0,175
10244,22,0,0,9,3,-4.22,0.05,1,0,175
10245,20,0,0,9,3,-6.1,0.05,1,0,175
10246,51,0,0,19,7,-3.26,0.05,1,0,175
10247,72,0,0,34,9,-0.42,0.05,1,0,175
10248,104,2,2,47,14,4.11,0.05,1,0,175
10249,92,0,0,31,12,-0.42,0.05,1,0,175
10250,226,5,5,93,27,16.79,0.05,1,0,175
10251,400,8,8,130,44,32.6,0.05,0,1,175
10252,48,1,1,23,6,-0.33,0.05,1,0,175
10253,53,0,0,24,7,-0.13,0.05,1,0,175
10254,29,0,0,9,4,-4.94,0.05,1,0,175
10255,188,2,2,65,22,10.12,0.05,1,0,175
10256,63,1,1,27,9,-0.83,0.05,1,0,175
10257,75,0,0,34,10,-0.35,0.05,1,0,175
10258,205,3,3,83,24,14.3,0.05,1,0,175
10259,155,0,0,64,18,8.7,0.05,1,0,175
10260,275,9,9,107,30,25.15,0.05,1,0,175
10261,6,0,0,2,1,-4.61,0.05,1,0,175
10262,13,0,0,8,2,-3.78,0.05,1,0,175
10263,80,2,2,33,11,0.75,0.05,1,0,175
10264,158,1,1,70,19,10.42,0.05,1,0,175
10265,6,0,0,2,1,-5.06,0.05,1,0,175
10266,51,0,0,22,7,-4.76,0.05,1,0,175
10267,30,0,0,12,4,-3.95,0.05,1,0,175
10268,184,3,3,64,21,8.26,0.05,1,0,175
10269,258,6,6,99,32,17.72,0.05,1,0,175
10270,44,1,1,25,6,-0.49,0.05,1,0,175
10271,204,5,5,72,24,9.21,0.05,1,0,175
10272,175,2,2,64,22,7.45,0.05,1,0,175
10273,99,2,2,41,13,4.81,0.05,1,0,175
10274,6,0,0,2,1,-4.96,0.05,1,0,175
10275,13,0,0,8,2,-4.38,0.05,1,0,175
10276,6,0,0,3,1,-4.66,0.05,1,0,175
10277,35,0,0,13,5,-4.4,0.05,1,0,175
10278,104,3,3,46,13,6.21,0.05,1,0,175
10279,106,0,0,38,13,0.49,0.05,1,0,175
10280,131,2,2,53,16,6.74,0.05,1,0,175
10281,258,4,4,95,31,12.07,0.05,1,0,175
10282,35,1,1,14,5,-3.4,0.05,1,0,175
10283,400,8,8,129,45,30.25,0.05,0,1,175
10284,51,1,1,25,7,-0.71,0.05,1,0,175
10285,96,0,0,37,13,-1.21,0.05,1,0,175
10286,29,0,0,11,4,-3.14,0.05,1,0,175
10287,109,4,4,44,13,7.16,0.05,1,0,175
10288,113,1,1,46,15,2.42,0.05,1,0,175
10289,308,7,7,102,36,18.47,0.05,1,0,175
10290,374,9,9,128,40,32.26,0.05,0,1,175
10291,116,1,1,47,14,4.19,0.05,1,0,175
10292,194,6,6,83,23,17.21,0.05,1,0,175
10293,334,7,7,109,39,19.41,0.05,1,0,175
10294,96,2,2,43,13,2.94,0.05,1,0,175
10295,21,0,0,9,3,-3.71,0.05,1,0,175
10296,20,0,0,8,3,-4.4,0.05,1,0,175
10297,14,0,0,5,2,-3.84,0.05,1,0,175
10298,154,1,1,64,19,4.81,0.05,1,0,175
10299,400,6,6,131,45,25.95,0.05,0,1,175
10300,51,0,0,25,7,-3.36,0.05,1,0,175
10301,71,0,0,28,9,-1.06,0.05,1,0,175
10302,397,9,9,121,42,26.53,0.05,0,1,175
10303,309,6,6,111,34,23.66,0.05,1,0,175
10304,78,2,2,37,11,3.87,0.05,1,0,175
10305,14,0,0,9,2,-2.79,0.05,1,0,175
10306,149,4,4,58,18,10.06,0.05,1,0,175
10307,14,0,0,4,2,-5.14,0.05,1,0,175
10308,175,3,3,83,21,11.8,0.05,1,0,175
10309,50,0,0,20,7,-2.3,0.05,1,0,175
10310,400,9,9,122,43,30.55,0.05,0,1,175
10311,120,0,0,39,16,-3.05,0.05,1,0,175
10312,20,0,0,9,3,-3.65,0.05,1,0,175
10313,81,1,1,34,10,0.54,0.05,1,0,175
10314,13,0,0,6,2,-4.48,0.05,1,0,175
10315,50,1,1,23,7,-1.95,0.05,1,0,175
10316,147,4,4,59,19,7.43,0.05,1,0,175
10317,113,2,2,45,14,3.67,0.05,1,0,175
10318,28,0,0,11,4,-4.78,0.05,1,0,175
10319,399,8,8,108,45,19.41,0.05,1,0,175
10320,14,0,0,6,2,-4.34,0.05,1,0,175
10321,392,9,9,126,43,33.53,0.05,0,1,175
10322,400,8,8,121,44,27.75,0.05,0,1,175
10323,75,0,0,35,9,2.45,0.05,1,0,175
10324,196,1,1,68,24,1.39,0.05,1,0,175
10325,96,0,0,36,13,-1.81,0.05,1,0,175
10326,28,1,1,12,4,-2.28,0.05,1,0,175
10327,211,3,3,94,25,15.09,0.05,1,0,175
10328,81,2,2,37,11,1.54,0.05,1,0,175
10329,21,0,0,11,3,-3.06,0.05,1,0,175
10330,374,9,9,123,42,27.46,0.05,0,1,175
10331,22,1,1,11,3,-2.57,0.05,1,0,175
10332,372,9,9,124,41,26.03,0.05,1,0,175
10333,15,0,0,6,2,-5.05,0.05,1,0,175
10334,13,0,0,6,2,-4.93,0.05,1,0,175
10335,143,1,1,63,20,3.62,0.05,1,0,175
10336,20,0,0,9,3,-3.7,0.05,1,0,175
10337,88,2,2,38,12,4.12,0.05,1,0,175
10338,98,3,3,43,13,4.47,0.05,1,0,175
10339,247,7,7,85,29,16.03,0.05,1,0,175
10340,364,6,6,120,44,14.96,0.05,1,0,175
10341,109,2,2,45,15,0.06,0.05,1,0,175
10342,128,1,1,46,16,1.62,0.05,1,0,175
10343,35,1,1,14,5,-3.2,0.05,1,0,175
10344,115,3,3,47,14,6.8,0.05,1,0,175
10345,50,0,0,28,7,-2.15,0.05,1,0,175
10346,211,5,5,85,25,17.39,0.05,1,0,175
10347,230,7,7,94,28,21.15,0.05,1,0,175
10348,116,1,1,51,15,1.59,0.05,1,0,175
10349,34,0,0,13,5,-5.24,0.05,1,0,175
10350,48,2,2,23,7,-0.83,0.05,1,0,175
10351,7,0,0,2,1,-4.47,0.05,1,0,175
10352,6,0,0,2,1,-5.06,0.05,1,0,175
10353,400,9,9,119,46,28.15,0.05,0,1,175
10354,362,9,9,121,41,31.88,0.05,0,1,175
10355,208,4,4,82,25,15.37,0.05,1,0,175
10356,80,1,1,33,11,-0.25,0.05,1,0,175
10357,117,2,2,58,16,2.93,0.05,1,0,175
10358,287,7,7,95,33,10.73,0.05,1,0,175
10359,37,0,0,14,5,-3.82,0.05,1,0,175
10360,41,0,0,19,6,-4.51,0.05,1,0,175
10361,45,0,0,16,6,-2.9,0.05,1,0,175
10362,221,4,4,91,27,12.49,0.05,1,0,175
10363,13,0,0,7,2,-3.53,0.05,1,0,175
10364,42,1,1,16,6,-4.27,0.05,1,0,175
10365,193,3,3,77,23,13.52,0.05,1,0,175
10366,283,4,4,101,33,15.87,0.05,1,0,175
10367,13,0,0,7,2,-4.08,0.05,1,0,175
10368,20,0,0,9,3,-3.55,0.05,1,0,175
10369,247,6,6,106,29,23.83,0.05,1,0,175
10370,6,0,0,1,1,-4.91,0.05,1,0,175
10371,400,7,7,121,45,22.05,0.05,0,1,175
10372,233,4,4,81,29,9.12,0.05,1,0,175
10373,40,1,1,19,5,-0.2,0.05,1,0,175
10374,38,3,3,10,5,-1.88,0.05,1,0,175
10375,36,0,0,19,5,-1.01,0.05,1,0,175
10376,400,9,9,117,44,28.8,0.05,0,1,175
10377,351,8,8,127,39,26.54,0.05,1,0,175
10378,37,1,1,17,5,-0.47,0.05,1,0,175
10379,27,0,0,10,4,-5.02,0.05,1,0,175
10380,51,0,0,28,7,-1.91,0.05,1,0,175
10381,382,9,9,126,41,31.28,0.05,0,1,175
10382,280,7,7,112,36,17.7,0.05,1,0,175
10383,34,0,0,16,5,-3.94,0.05,1,0,175
10384,81,0,0,35,11,-1.26,0.05,1,0,175
10385,222,4,4,79,26,11.48,0.05,1,0,175
10386,53,0,0,22,7,-1.98,0.05,1,0,175
10387,79,2,2,36,10,3.21,0.05,1,0,175
10388,142,3,3,54,17,9.58,0.05,1,0,175
10389,127,2,2,51,15,5.73,0.05,1,0,175
10390,155,3,3,75,19,13.25,0.05,1,0,175
10391,150,2,2,60,19,6.55,0.05,1,0,175
10392,269,6,6,97,30,21.71,0.05,1,0,175
10393,110,3,3,44,14,4.5,0.05,1,0,175
10394,298,6,6,89,35,11.87,0.05,1,0,175
10395,297,7,7,102,36,17.28,0.05,1,0,175
10396,6,0,0,3,1,-4.76,0.05,1,0,175
10397,35,0,0,17,5,-3.45,0.05,1,0,175
10398,7,0,0,6,1,-3.37,0.05,1,0,175
10399,56,1,1,23,8,-1.11,0.05,1,0,175
10400,6,0,0,2,1,-4.96,0.05,1,0,175
10401,148,1,1,66,18,8.17,0.05,1,0,175
10402,22,0,0,8,3,-4.47,0.05,1,0,175
10403,218,3,3,79,26,8.67,0.05,1,0,175
10404,336,9,9,119,38,20.14,0.05,1,0,175
10405,400,8,8,122,43,30.35,0.05,0,1,175
10406,253,3,3,96,31,10.72,0.05,1,0,175
10407,151,5,5,63,18,13.69,0.05,1,0,175
10408,286,6,6,91,33,15.69,0.05,1,0,175
10409,150,5,5,59,18,9.8,0.05,1,0,175
10410,241,6,6,79,28,14.79,0.05,1,0,175
10411,59,0,0,24,8,-1.34,0.05,1,0,175
10412,366,9,9,118,42,23.64,0.05,0,1,175
10413,109,1,1,49,14,5.61,0.05,1,0,175
10414,35,0,0,16,5,-3.2,0.05,1,0,175
10415,14,0,0,4,2,-5.14,0.05,1,0,175
10416,396,9,9,117,43,28.94,0.05,0,1,175
10417,27,0,0,12,4,-3.82,0.05,1,0,175
10418,400,9,9,115,43,29.45,0.05,0,1,175
10419,354,9,9,125,38,31.76,0.05,0,1,175
10420,188,2,2,82,24,13.07,0.05,1,0,175
10421,14,0,0,5,2,-4.19,0.05,1,0,175
10422,380,8,9,121,43,25.7,0.05,0,1,175
10423,88,4,4,37,11,4.42,0.05,1,0,175
10424,400,9,9,114,44,29.85,0.05,0,1,175
10425,57,1,1,33,8,2.63,0.05,1,0,175
10426,186,1,1,67,22,9.14,0.05,1,0,175
10427,400,7,7,129,44,29.85,0.05,0,1,175
10428,99,1,1,47,13,4.01,0.05,1,0,175
10429,27,0,0,11,4,-4.27,0.05,1,0,175
10430,94,0,0,41,12,2.71,0.05,1,0,175
10431,148,5,5,59,18,11.22,0.05,1,0,175
10432,176,5,5,73,22,9.89,0.05,1,0,175
10433,37,0,0,16,5,-3.42,0.05,1,0,175
10434,106,1,1,44,14,-1.96,0.05,1,0,175
10435,46,0,0,24,6,-1.71,0.05,1,0,175
10436,42,1,1,19,6,-3.57,0.05,1,0,175
10437,102,1,1,45,13,2.28,0.05,1,0,175
10438,121,0,0,49,16,2.04,0.05,1,0,175
10439,400,8,8,127,44,32.15,0.05,0,1,175
10440,165,5,5,61,20,11.45,0.05,1,0,175
10441,34,0,0,17,5,-4.39,0.05,1,0,175
10442,394,8,9,118,41,26.86,0.05,0,1,175
10443,256,4,4,91,29,16.04,0.05,1,0,175
10444,42,0,0,19,6,-1.12,0.05,1,0,175
10445,13,0,0,3,2,-6.38,0.05,1,0,175
10446,52,0,0,22,7,-1.92,0.05,1,0,175
10447,400,8,8,132,46,28.9,0.05,0,1,175
10448,20,0,0,9,3,-4.25,0.05,1,0,175
10449,13,0,0,3,2,-5.93,0.05,1,0,175
10450,13,0,0,7,2,-4.18,0.05,1,0,175
10451,20,0,0,11,3,-2.95,0.05,1,0,175
10452,380,8,9,122,43,25.05,0.05,0,1,175
10453,21,0,0,11,3,-2.91,0.05,1,0,175
10454,112,2,2,43,14,1.93,0.05,1,0,175
10455,27,0,0,9,4,-5.82,0.05,1,0,175
10456,300,6,6,100,33,19.25,0.05,1,0,175
10457,302,7,7,100,33,21.98,0.05,1,0,175
10458,286,4,4,108,35,16.64,0.05,1,0,175
10459,6,0,0,3,1,-4.76,0.05,1,0,175
10460,400,9,9,109,45,27.2,0.05,0,1,175
10461,124,1,1,55,15,6.16,0.05,1,0,175
10462,84,2,2,34,11,0.81,0.05,1,0,175
10463,42,0,0,17,6,-2.97,0.05,1,0,175
10464,289,7,7,102,34,17.36,0.05,1,0,175
10465,180,4,4,79,22,11.65,0.05,1,0,175
10466,108,1,1,44,15,0.22,0.05,1,0,175
10467,29,0,0,13,4,-4.14,0.05,1,0,175
10468,155,3,3,64,19,10.55,0.05,1,0,175
10469,51,2,2,19,7,-1.56,0.05,1,0,175
10470,385,9,9,120,42,32.05,0.05,0,1,175
10471,235,5,5,90,28,15.05,0.05,1,0,175
10472,21,0,0,10,3,-3.41,0.05,1,0,175
10473,110,1,1,47,14,3.45,0.05,1,0,175
10474,20,0,0,7,3,-5.4,0.05,1,0,175
10475,7,0,0,1,1,-5.42,0.05,1,0,175
10476,254,5,5,97,28,19.41,0.05,1,0,175
10477,70,3,3,28,10,1.0,0.05,1,0,175
10478,249,2,2,84,30,5.86,0.05,1,0,175
10479,134,2,2,52,17,6.06,0.05,1,0,175
10480,392,9,9,125,43,32.23,0.05,0,1,175
10481,287,6,6,104,34,16.13,0.05,1,0,175
10482,68,2,2,31,9,0.32,0.05,1,0,175
10483,38,1,1,19,5,-0.48,0.05,1,0,175
10484,20,0,0,8,3,-4.4,0.05,1,0,175
10485,28,0,0,13,4,-2.48,0.05,1,0,175
10486,69,3,3,29,9,1.91,0.05,1,0,175
10487,13,0,0,7,2,-3.53,0.05,1,0,175
10488,399,8,9,125,44,28.36,0.05,0,1,175
10489,270,7,7,103,30,25.65,0.05,1,0,175
10490,166,2,2,77,21,10.39,0.05,1,0,175
10491,109,3,3,48,13,8.26,0.05,1,0,175
10492,68,1,1,34,9,2.92,0.05,1,0,175
10493,324,8,8,114,38,25.91,0.05,1,0,175
10494,13,0,0,5,2,-5.33,0.05,1,0,175
10495,74,0,0,33,10,0.41,0.05,1,0,175
10496,44,2,2,22,6,1.56,0.05,1,0,175
10497,114,0,0,41,16,-5.84,0.05,1,0,175
10498,8,0,0,5,1,-3.63,0.05,1,0,175
10499,31,0,0,16,4,-1.66,0.05,1,0,175
10500,21,0,0,10,3,-4.81,0.05,1,0,175
10501,211,4,4,82,25,14.04,0.05,1,0,175
10502,50,0,0,20,7,-2.5,0.05,1,0,175
10503,92,5,5,40,11,8.38,0.05,1,0,175
10504,6,0,0,2,1,-4.51,0.05,1,0,175
10505,351,7,7,120,42,20.74,0.05,1,0,175
10506,27,1,1,11,4,-3.12,0.05,1,0,175
10507,50,0,0,23,7,-0.95,0.05,1,0,175
10508,121,2,2,45,15,2.24,0.05,1,0,175
10509,36,0,0,15,5,-3.81,0.05,1,0,175
10510,67,0,0,23,9,-4.27,0.05,1,0,175
10511,132,1,1,52,17,1.18,0.05,1,0,175
10512,213,7,7,88,25,17.67,0.05,1,0,175
10513,400,7,7,131,45,29.4,0.05,0,1,175
10514,152,2,2,64,19,8.38,0.05,1,0,175
10515,64,3,3,30,8,3.91,0.05,1,0,175
10516,65,1,1,31,9,0.45,0.05,1,0,175
10517,64,1,1,25,8,-1.29,0.05,1,0,175
10518,22,0,0,10,3,-4.32,0.05,1,0,175
10519,20,0,0,8,3,-4.85,0.05,1,0,175
10520,63,1,1,27,8,-0.33,0.05,1,0,175
10521,224,4,4,93,28,14.36,0.05,1,0,175
10522,28,0,0,10,4,-4.93,0.05,1,0,175
10523,84,0,0,41,11,1.31,0.05,1,0,175
10524,99,1,1,44,12,5.31,0.05,1,0,175
10525,65,0,0,23,9,-1.25,0.05,1,0,175
10526,60,1,1,25,8,-0.3,0.05,1,0,175
10527,400,9,9,130,43,33.95,0.05,0,1,175
10528,49,1,1,18,7,-4.79,0.05,1,0,175
10529,311,6,6,112,36,19.74,0.05,1,0,175
10530,21,0,0,9,3,-3.76,0.05,1,0,175
10531,223,4,4,100,29,11.22,0.05,1,0,175
10532,21,0,0,9,3,-4.66,0.05,1,0,175
10533,368,8,8,122,40,24.52,0.05,1,0,175
10534,128,1,1,43,17,-1.33,0.05,1,0,175
10535,220,3,3,69,26,7.85,0.05,1,0,175
10536,285,6,6,108,32,18.2,0.05,1,0,175
10537,93,0,0,41,11,2.42,0.05,1,0,175
10538,20,0,0,12,3,-3.05,0.05,1,0,175
10539,223,4,4,82,27,9.57,0.05,1,0,175
10540,58,1,1,24,8,-0.73,0.05,1,0,175
10541,51,0,0,27,7,-0.76,0.05,1,0,175
10542,66,0,0,30,9,-2.81,0.05,1,0,175
10543,340,9,9,115,37,22.75,0.05,1,0,175
10544,120,2,2,51,16,3.35,0.05,1,0,175
10545,53,2,2,31,7,4.17,0.05,1,0,175
10546,260,5,5,94,32,16.35,0.05,1,0,175
10547,214,4,4,95,26,17.71,0.05,1,0,175
10548,105,2,2,48,13,5.6,0.05,1,0,175
10549,182,3,3,68,21,8.48,0.05,1,0,175
10550,125,2,2,56,16,3.45,0.05,1,0,175
10551,368,9,9,121,40,29.02,0.05,0,1,175
10552,215,6,6,78,25,16.1,0.05,1,0,175
10553,43,1,1,23,6,0.82,0.05,1,0,175
10554,96,2,2,45,12,5.24,0.05,1,0,175
10555,243,6,6,86,28,15.02,0.05,1,0,175
10556,5,0,0,3,1,-4.3,0.05,1,0,175
10557,52,1,1,19,6,-1.02,0.05,1,0,175
10558,158,6,6,67,17,15.02,0.05,1,0,175
10559,367,9,9,117,39,25.63,0.05,0,1,175
10560,326,8,8,98,37,15.79,0.05,1,0,175
10561,13,0,0,4,2,-5.63,0.05,1,0,175
10562,80,3,3,38,10,6.35,0.05,1,0,175
10563,28,1,1,16,4,-0.88,0.05,1,0,175
10564,14,0,0,5,2,-4.84,0.05,1,0,175
10565,153,3,3,62,20,5.47,0.05,1,0,175
10566,191,3,3,81,24,13.74,0.05,1,0,175
10567,56,1,1,27,7,0.64,0.05,1,0,175
10568,20,0,0,10,3,-3.4,0.05,1,0,175
10569,230,3,3,88,27,15.5,0.05,1,0,175
10570,50,0,0,24,7,-2.9,0.05,1,0,175
10571,171,1,1,73,21,10.44,0.05,1,0,175
10572,36,0,0,12,5,-4.01,0.05,1,0,175
10573,80,3,3,41,10,5.45,0.05,1,0,175
10574,361,8,9,121,40,28.09,0.05,0,1,175
10575,374,8,9,122,40,27.96,0.05,0,1,175
10576,21,1,1,10,3,-2.86,0.05,1,0,175
10577,28,0,0,14,4,-2.33,0.05,1,0,175
10578,49,0,0,23,7,-2.54,0.05,1,0,175
10579,14,0,0,5,2,-5.84,0.05,1,0,175
10580,56,1,1,24,7,-0.66,0.05,1,0,175
10581,146,3,3,59,19,7.24,0.05,1,0,175
10582,88,2,2,34,12,0.87,0.05,1,0,175
10583,348,9,9,117,38,27.97,0.05,0,1,175
10584,191,3,3,69,23,9.39,0.05,1,0,175
10585,217,5,5,77,27,9.38,0.05,1,0,175
10586,43,0,0,14,6,-4.83,0.05,1,0,175
10587,252,5,5,96,31,16.43,0.05,1,0,175
10588,52,0,0,23,7,-1.97,0.05,1,0,175
10589,54,0,0,26,7,-0.14,0.05,1,0,175
10590,64,1,1,30,9,-2.34,0.05,1,0,175
10591,6,0,0,3,1,-4.76,0.05,1,0,175
10592,58,1,1,25,8,-2.28,0.05,1,0,175
10593,28,0,0,15,4,-2.58,0.05,1,0,175
10594,311,5,5,98,35,16.19,0.05,1,0,175
10595,151,4,4,60,19,8.14,0.05,1,0,175
10596,22,0,0,7,3,-4.82,0.05,1,0,175
10597,374,7,7,96,44,9.41,0.05,1,0,175
10598,36,1,1,18,5,-0.11,0.05,1,0,175
10599,400,7,7,116,45,25.15,0.05,0,1,175
10600,36,0,0,13,5,-3.71,0.05,1,0,175
10601,305,5,5,111,36,15.25,0.05,1,0,175
10602,318,9,9,107,36,23.82,0.05,1,0,175
10603,105,3,3,53,14,6.75,0.05,1,0,175
10604,35,0,0,14,5,-3.9,0.05,1,0,175
10605,397,8,9,119,42,31.88,0.05,0,1,175
10606,74,0,0,36,10,0.36,0.05,1,0,175
10607,149,3,3,55,19,0.41,0.05,1,0,175
10608,198,4,4,86,25,13.47,0.05,1,0,175
10609,13,0,0,4,2,-5.03,0.05,1,0,175
10610,54,1,1,25,7,1.56,0.05,1,0,175
10611,188,5,5,79,23,13.47,0.05,1,0,175
10612,27,1,1,14,4,-2.62,0.05,1,0,175
10613,66,2,2,23,9,-1.01,0.05,1,0,175
10614,400,9,9,123,41,32.85,0.05,0,1,175
10615,114,2,2,46,14,6.71,0.05,1,0,175
10616,6,0,0,3,1,-5.21,0.05,1,0,175
10617,21,0,0,8,3,-4.46,0.05,1,0,175
10618,171,7,7,70,21,13.19,0.05,1,0,175
10619,73,0,0,32,10,-1.63,0.05,1,0,175
10620,68,2,2,33,9,4.42,0.05,1,0,175
10621,257,4,4,102,31,17.23,0.05,1,0,175
10622,20,0,0,10,3,-4.25,0.05,1,0,175
10623,13,0,0,6,2,-5.03,0.05,1,0,175
10624,66,0,0,33,9,-0.11,0.05,1,0,175
10625,98,1,1,44,12,4.12,0.05,1,0,175
10626,244,5,5,88,27,15.91,0.05,1,0,175
10627,381,9,9,125,42,24.34,0.05,1,0,175
10628,58,1,1,24,8,-0.28,0.05,1,0,175
10629,271,6,6,94,33,10.79,0.05,1,0,175
10630,45,1,1,19,6,-2.0,0.05,1,0,175
10631,59,0,0,24,8,-1.54,0.05,1,0,175
10632,22,0,0,9,3,-3.42,0.05,1,0,175
10633,59,2,2,28,8,0.96,0.05,1,0,175
10634,64,0,0,25,8,0.41,0.05,1,0,175
10635,88,2,2,30,12,-1.78,0.05,1,0,175
10636,222,3,3,85,27,11.33,0.05,1,0,175
10637,364,9,9,109,39,30.36,0.05,0,1,175
10638,66,0,0,25,9,-1.36,0.05,1,0,175
10639,223,4,4,79,27,11.32,0.05,1,0,175
10640,84,2,2,44,11,5.61,0.05,1,0,175
10641,134,2,2,65,17,6.31,0.05,1,0,175
10642,21,1,1,9,3,-4.01,0.05,1,0,175
10643,42,0,0,14,6,-3.97,0.05,1,0,175
10644,29,0,0,13,4,-3.24,0.05,1,0,175
10645,70,3,3,32,9,3.75,0.05,1,0,175
10646,46,2,2,22,6,1.09,0.05,1,0,175
10647,400,5,5,117,45,24.05,0.05,0,1,175
10648,163,2,2,60,20,7.87,0.05,1,0,175
10649,148,2,2,58,20,3.62,0.05,1,0,175
10650,165,5,5,64,19,12.4,0.05,1,0,175
10651,20,0,0,6,3,-5.6,0.05,1,0,175
10652,52,1,1,27,7,0.63,0.05,1,0,175
10653,89,1,1,47,11,7.36,0.05,1,0,175
10654,386,8,9,127,42,30.94,0.05,0,1,175
10655,28,0,0,11,4,-4.53,0.05,1,0,175
10656,63,0,0,25,8,-0.93,0.05,1,0,175
10657,6,0,0,3,1,-4.76,0.05,1,0,175
10658,6,0,0,3,1,-4.76,0.05,1,0,175
10659,146,4,4,52,17,7.99,0.05,1,0,175
10660,13,0,0,6,2,-4.48,0.05,1,0,175
10661,209,5,5,82,25,13.51,0.05,1,0,175
10662,41,1,1,18,6,-3.36,0.05,1,0,175
10663,126,2,2,44,16,0.54,0.05,1,0,175
10664,269,6,6,112,34,16.91,0.05,1,0,175
10665,376,9,9,121,41,28.19,0.05,0,1,175
10666,7,0,0,5,1,-3.62,0.05,1,0,175
10667,20,0,0,8,3,-5.0,0.05,1,0,175
10668,138,7,7,54,16,12.92,0.05,1,0,175
10669,13,0,0,7,2,-3.78,0.05,1,0,175
10670,400,9,9,118,44,27.3,0.05,0,1,175
10671,400,8,8,117,46,23.05,0.05,0,1,175
10672,76,1,1,39,10,2.59,0.05,1,0,175
10673,55,1,1,22,7,0.85,0.05,1,0,175
10674,167,4,4,60,21,6.43,0.05,1,0,175
10675,43,1,1,18,6,-1.98,0.05,1,0,175
10676,400,8,8,125,44,32.4,0.05,0,1,175
10677,400,8,8,109,44,25.65,0.05,0,1,175
10678,257,5,5,109,32,17.73,0.05,1,0,175
10679,6,0,0,3,1,-4.66,0.05,1,0,175
10680,220,5,5,74,25,11.85,0.05,1,0,175
10681,208,4,4,84,25,15.57,0.05,1,0,175
10682,111,1,1,52,14,3.79,0.05,1,0,175
10683,112,2,2,42,15,-1.37,0.05,1,0,175
10684,37,1,1,14,5,-1.37,0.05,1,0,175
10685,8,0,0,3,1,-4.68,0.05,1,0,175
10686,310,9,9,101,35,21.55,0.05,1,0,175
10687,7,0,0,3,1,-5.27,0.05,1,0,175
10688,13,0,0,8,2,-3.78,0.05,1,0,175
10689,14,0,0,4,2,-5.04,0.05,1,0,175
10690,400,9,9,127,47,29.4,0.05,0,1,175
10691,265,8,8,106,33,16.8,0.05,1,0,175
10692,175,6,6,64,20,13.55,0.05,1,0,175
10693,400,7,7,116,45,21.15,0.05,0,1,175
10694,7,0,0,3,1,-4.07,0.05,1,0,175
10695,41,0,0,16,6,-4.01,0.05,1,0,175
10696,21,0,0,11,3,-3.16,0.05,1,0,175
10697,379,8,9,119,42,29.66,0.05,0,1,175
10698,70,2,2,28,9,1.9,0.05,1,0,175
10699,6,0,0,3,1,-4.76,0.05,1,0,175
10700,355,6,6,110,40,18.85,0.05,1,0,175
10701,14,0,0,9,2,-3.59,0.05,1,0,175
10702,57,0,0,25,8,-2.42,0.05,1,0,175
10703,7,0,0,3,1,-4.27,0.05,1,0,175
10704,28,1,1,13,4,-2.53,0.05,1,0,175
10705,387,9,9,132,42,32.83,0.05,0,1,175
10706,87,1,1,39,12,-0.17,0.05,1,0,175
10707,75,2,2,28,10,-0.1,0.05,1,0,175
10708,73,0,0,37,10,0.37,0.05,1,0,175
10709,120,1,1,47,14,5.75,0.05,1,0,175
10710,13,0,0,6,2,-4.58,0.05,1,0,175
10711,105,3,3,44,14,2.6,0.05,1,0,175
10712,203,5,5,86,25,17.27,0.05,1,0,175
10713,141,4,4,52,18,6.94,0.05,1,0,175
10714,220,6,6,69,26,11.95,0.05,1,0,175
10715,8,0,0,5,1,-4.63,0.05,1,0,175
10716,257,4,4,95,31,14.93,0.05,1,0,175
10717,52,1,1,18,7,-2.37,0.05,1,0,175
10718,53,1,1,27,7,2.37,0.05,1,0,175
10719,20,0,0,9,3,-4.7,0.05,1,0,175
10720,400,9,9,126,46,27.9,0.05,0,1,175
10721,132,1,1,57,16,7.83,0.05,1,0,175
10722,108,1,1,42,14,2.92,0.05,1,0,175
10723,13,0,0,5,2,-5.33,0.05,1,0,175
10724,71,1,1,25,9,-2.21,0.05,1,0,175
10725,70,2,2,23,9,-2.05,0.05,1,0,175
10726,65,1,1,24,9,-2.75,0.05,1,0,175
10727,42,0,0,19,6,-2.17,0.05,1,0,175
10728,36,0,0,18,5,-1.71,0.05,1,0,175
10729,218,3,3,82,28,7.77,0.05,1,0,175
10730,192,3,3,86,25,1.38,0.05,1,0,175
10731,6,0,0,2,1,-5.41,0.05,1,0,175
10732,400,9,9,121,43,25.45,0.05,0,1,175
10733,329,7,7,115,39,19.11,0.05,1,0,175
10734,367,9,9,124,41,30.03,0.05,0,1,175
10735,321,7,7,118,36,22.54,0.05,1,0,175
10736,110,1,1,55,14,3.55,0.05,1,0,175
10737,125,2,2,61,17,4.65,0.05,1,0,175
10738,376,9,9,124,42,29.59,0.05,0,1,175
10739,186,2,2,71,23,4.99,0.05,1,0,175
10740,13,0,0,4,2,-5.63,0.05,1,0,175
10741,311,7,7,106,37,18.04,0.05,1,0,175
10742,368,7,7,110,40,21.12,0.05,1,0,175
10743,380,9,9,117,42,32.45,0.05,0,1,175
10744,387,8,9,116,42,31.48,0.05,0,1,175
10745,167,3,3,62,20,7.68,0.05,1,0,175
10746,386,9,9,121,43,27.69,0.05,0,1,175
10747,50,1,1,23,7,-0.8,0.05,1,0,175
10748,51,1,1,20,7,-1.41,0.05,1,0,175
10749,400,8,8,128,46,19.85,0.05,0,1,175
10750,145,2,2,52,18,6.8,0.05,1,0,175
10751,84,1,1,38,12,-1.19,0.05,1,0,175
10752,396,9,9,121,44,30.29,0.05,0,1,175
10753,60,1,1,25,8,-0.1,0.05,1,0,175
10754,312,6,6,113,37,21.23,0.05,1,0,175
10755,41,0,0,19,6,-2.56,0.05,1,0,175
10756,14,0,0,3,2,-5.44,0.05,1,0,175
10757,339,9,9,112,37,26.66,0.05,0,1,175
10758,286,8,8,101,33,19.64,0.05,1,0,175
10759,124,2,2,56,16,5.66,0.05,1,0,175
10760,400,9,9,124,45,32.65,0.05,0,1,175
10761,53,0,0,23,7,-2.63,0.05,1,0,175
10762,154,2,2,59,18,8.11,0.05,1,0,175
10763,306,4,4,106,36,12.39,0.05,1,0,175
10764,122,4,4,51,15,7.63,0.05,1,0,175
10765,6,0,0,2,1,-5.06,0.05,1,0,175
10766,57,0,0,23,8,-2.22,0.05,1,0,175
10767,115,3,3,47,14,7.35,0.05,1,0,175
10768,35,0,0,16,5,-1.65,0.05,1,0,175
10769,14,0,0,6,2,-4.54,0.05,1,0,175
10770,29,0,0,11,4,-4.24,0.05,1,0,175
10771,238,3,3,110,29,19.57,0.05,1,0,175
10772,14,0,0,7,2,-4.04,0.05,1,0,175
10773,28,0,0,9,4,-5.33,0.05,1,0,175
10774,151,3,3,57,19,4.34,0.05,1,0,175
10775,166,2,2,63,20,6.84,0.05,1,0,175
10776,82,1,1,33,11,-0.82,0.05,1,0,175
10777,114,4,4,42,14,4.96,0.05,1,0,175
10778,6,0,0,3,1,-4.31,0.05,1,0,175
10779,28,1,1,12,4,-2.68,0.05,1,0,175
10780,299,8,8,105,36,20.31,0.05,1,0,175
10781,138,3,3,56,18,6.82,0.05,1,0,175
10782,64,1,1,31,8,1.26,0.05,1,0,175
10783,131,0,0,16,18,-11.36,0.05,1,0,175
10784,400,7,7,122,44,27.4,0.05,0,1,175
10785,100,0,0,35,13,-2.55,0.05,1,0,175
10786,53,0,0,29,7,0.87,0.05,1,0,175
10787,155,3,3,63,19,9.65,0.05,1,0,175
10788,6,0,0,2,1,-5.06,0.05,1,0,175
10789,119,3,3,49,15,2.61,0.05,1,0,175
10790,21,0,0,9,3,-4.61,0.05,1,0,175
10791,45,0,0,20,6,-2.5,0.05,1,0,175
10792,7,0,0,2,1,-4.57,0.05,1,0,175
10793,89,4,4,45,12,3.71,0.05,1,0,175
10794,400,9,9,126,43,30.45,0.05,0,1,175
10795,7,0,0,5,1,-4.12,0.05,1,0,175
10796,45,0,0,20,6,-0.7,0.05,1,0,175
10797,79,2,2,39,10,4.36,0.05,1,0,175
10798,193,6,6,74,23,16.37,0.05,1,0,175
10799,29,0,0,12,4,-4.39,0.05,1,0,175
10800,343,8,8,111,39,23.67,0.05,1,0,175
10801,333,8,8,122,40,23.62,0.05,1,0,175
10802,400,8,8,120,44,28.15,0.05,0,1,175
10803,178,3,3,68,21,10.47,0.05,1,0,175
10804,14,0,0,6,2,-4.89,0.05,1,0,175
10805,225,4,4,81,26,13.65,0.05,1,0,175
10806,27,0,0,11,4,-4.67,0.05,1,0,175
10807,52,0,0,29,7,0.53,0.05,1,0,175
10808,222,5,5,86,28,10.93,0.05,1,0,175
10809,152,5,5,70,19,10.18,0.05,1,0,175
10810,42,1,1,23,6,-0.42,0.05,1,0,175
10811,21,0,0,12,3,-2.76,0.05,1,0,175
10812,51,1,1,23,7,-2.01,0.05,1,0,175
10813,98,4,4,47,13,7.22,0.05,1,0,175
10814,287,5,5,112,34,19.83,0.05,1,0,175
10815,120,2,2,48,14,6.05,0.05,1,0,175
10816,50,0,0,13,7,-4.35,0.05,1,0,175
10817,338,4,4,105,42,10.97,0.05,1,0,175
10818,156,3,3,68,19,13.54,0.05,1,0,175
10819,21,0,0,9,3,-2.76,0.05,1,0,175
10820,116,1,1,43,15,1.64,0.05,1,0,175
10821,6,0,0,2,1,-5.06,0.05,1,0,175
10822,88,1,1,39,12,2.77,0.05,1,0,175
10823,304,6,6,111,35,17.86,0.05,1,0,175
10824,29,1,1,13,4,-1.69,0.05,1,0,175
10825,52,1,1,20,7,-1.67,0.05,1,0,175
10826,117,4,4,52,15,8.78,0.05,1,0,175
10827,196,5,5,86,24,13.04,0.05,1,0,175
10828,376,9,9,123,41,30.89,0.05,0,1,175
10829,83,0,0,35,11,-1.33,0.05,1,0,175
10830,23,0,0,13,3,-1.98,0.05,1,0,175
10831,13,0,0,4,2,-5.63,0.05,1,0,175
10832,296,6,6,105,34,22.14,0.05,1,0,175
10833,147,1,1,52,20,2.63,0.05,1,0,175
10834,55,1,1,25,7,-0.35,0.05,1,0,175
10835,237,4,4,81,27,15.28,0.05,1,0,175
10836,387,9,9,126,42,30.38,0.05,0,1,175
10837,260,6,6,90,30,17.65,0.05,1,0,175
10838,24,0,0,12,3,-2.64,0.05,1,0,175
10839,94,2,2,39,12,3.41,0.05,1,0,175
10840,102,0,0,61,14,4.68,0.05,1,0,175
10841,188,0,0,69,24,2.32,0.05,1,0,175
10842,194,3,3,74,24,8.56,0.05,1,0,175
10843,49,0,0,21,7,-2.59,0.05,1,0,175
10844,20,0,0,10,3,-3.75,0.05,1,0,175
10845,147,4,4,55,19,3.88,0.05,1,0,175
10846,6,0,0,3,1,-4.31,0.05,1,0,175
10847,375,9,9,124,42,26.45,0.05,0,1,175
10848,161,6,6,59,19,11.49,0.05,1,0,175
10849,7,0,0,3,1,-4.27,0.05,1,0,175
10850,171,4,4,67,21,11.99,0.05,1,0,175
10851,6,0,0,2,1,-5.06,0.05,1,0,175
10852,29,0,0,16,4,-2.74,0.05,1,0,175
10853,124,1,1,49,16,3.01,0.05,1,0,175
10854,95,1,1,43,12,3.7,0.05,1,0,175
10855,138,5,5,51,17,8.92,0.05,1,0,175
10856,397,9,9,122,42,33.28,0.05,0,1,175
10857,21,0,0,11,3,-3.16,0.05,1,0,175
10858,373,8,8,118,42,22.47,0.05,1,0,175
10859,50,1,1,18,7,-1.4,0.05,1,0,175
10860,6,0,0,2,1,-5.06,0.05,1,0,175
10861,88,0,0,37,11,1.22,0.05,1,0,175
10862,368,8,9,131,39,35.72,0.05,0,1,175
10863,126,1,1,64,16,8.19,0.05,1,0,175
10864,52,0,0,28,7,1.43,0.05,1,0,175
10865,142,4,4,56,17,9.28,0.05,1,0,175
10866,361,8,8,114,40,22.64,0.05,1,0,175
10867,219,4,4,90,26,15.96,0.05,1,0,175
10868,51,1,1,21,7,-2.86,0.05,1,0,175
10869,22,0,0,9,3,-4.77,0.05,1,0,175
10870,320,8,8,112,37,23.5,0.05,1,0,175
10871,219,4,4,88,26,14.06,0.05,1,0,175
10872,165,4,4,60,21,9.45,0.05,1,0,175
10873,13,0,0,5,2,-5.33,0.05,1,0,175
10874,43,2,2,18,6,-1.58,0.05,1,0,175
10875,182,3,3,79,23,9.93,0.05,1,0,175
10876,53,1,1,25,7,-0.23,0.05,1,0,175
10877,162,5,5,65,20,9.78,0.05,1,0,175
10878,20,0,0,8,3,-5.0,0.05,1,0,175
10879,6,0,0,3,1,-4.76,0.05,1,0,175
10880,106,1,1,45,14,1.74,0.05,1,0,175
10881,5,0,0,3,1,-4.2,0.05,1,0,175
10882,6,0,0,3,1,-4.31,0.05,1,0,175
10883,14,0,0,5,2,-4.84,0.05,1,0,175
10884,48,0,0,20,7,-5.43,0.05,1,0,175
10885,13,0,0,8,2,-3.78,0.05,1,0,175
10886,65,1,1,36,9,2.25,0.05,1,0,175
10887,166,4,4,83,20,16.49,0.05,1,0,175
10888,399,8,9,133,43,34.21,0.05,0,1,175
10889,20,0,0,9,3,-4.2,0.05,1,0,175
10890,21,0,0,7,3,-4.86,0.05,1,0,175
10891,97,3,3,34,12,0.43,0.05,1,0,175
10892,75,1,1,38,10,2.5,0.05,1,0,175
10893,38,2,2,14,5,-1.73,0.05,1,0,175
10894,400,8,8,119,44,29.6,0.05,0,1,175
10895,71,1,1,30,9,-0.46,0.05,1,0,175
10896,45,0,0,18,6,-2.4,0.05,1,0,175
10897,114,2,2,48,14,4.76,0.05,1,0,175
10898,208,3,3,57,28,1.82,0.05,1,0,175
10899,27,0,0,12,4,-4.32,0.05,1,0,175
10900,13,0,0,9,2,-3.03,0.05,1,0,175
10901,244,6,6,87,28,16.46,0.05,1,0,175
10902,137,1,1,60,17,4.58,0.05,1,0,175
10903,169,3,3,63,19,10.46,0.05,1,0,175
10904,122,5,5,53,15,7.23,0.05,1,0,175
10905,157,3,3,73,19,11.68,0.05,1,0,175
10906,261,5,5,89,31,13.69,0.05,1,0,175
10907,90,2,2,31,12,-1.0,0.05,1,0,175
10908,79,0,0,38,10,1.41,0.05,1,0,175
10909,70,0,0,31,10,-3.35,0.05,1,0,175
10910,400,7,7,126,47,25.6,0.05,0,1,175
10911,13,0,0,7,2,-4.08,0.05,1,0,175
10912,6,0,0,3,1,-4.76,0.05,1,0,175
10913,184,3,3,67,22,7.81,0.05,1,0,175
10914,71,0,0,30,10,-2.46,0.05,1,0,175
10915,263,7,7,97,31,19.22,0.05,1,0,175
10916,360,8,9,130,40,36.2,0.05,0,1,175
10917,201,4,4,79,24,9.74,0.05,1,0,175
10918,13,0,0,6,2,-4.93,0.05,1,0,175
10919,13,0,0,6,2,-5.03,0.05,1,0,175
10920,292,6,6,104,33,24.18,0.05,1,0,175
10921,185,1,1,79,23,9.6,0.05,1,0,175
10922,56,1,1,24,8,-0.71,0.05,1,0,175
10923,110,1,1,49,14,4.6,0.05,1,0,175
10924,103,3,3,41,14,-0.18,0.05,1,0,175
10925,102,1,1,39,13,-0.87,0.05,1,0,175
10926,43,1,1,19,6,-1.83,0.05,1,0,175
10927,69,1,1,32,9,0.96,0.05,1,0,175
10928,149,3,3,61,19,8.56,0.05,1,0,175
10929,73,1,1,25,9,-0.58,0.05,1,0,175
10930,375,9,9,126,41,25.45,0.05,1,0,175
10931,308,6,6,117,37,18.72,0.05,1,0,175
10932,74,1,1,30,10,-0.94,0.05,1,0,175
10933,20,0,0,9,3,-4.75,0.05,1,0,175
10934,338,5,5,114,39,19.57,0.05,1,0,175
10935,50,1,1,20,7,-3.4,0.05,1,0,175
10936,42,0,0,18,6,-2.32,0.05,1,0,175
10937,20,0,0,9,3,-4.2,0.05,1,0,175
10938,22,0,0,12,3,-2.82,0.05,1,0,175
10939,13,0,0,8,2,-3.78,0.05,1,0,175
10940,142,4,4,52,18,6.93,0.05,1,0,175
10941,66,1,1,30,9,-1.46,0.05,1,0,175
10942,87,1,1,30,12,-2.47,0.05,1,0,175
10943,347,6,6,116,40,21.83,0.05,1,0,175
10944,261,4,4,93,30,15.69,0.05,1,0,175
10945,206,7,7,80,25,16.34,0.05,1,0,175
10946,58,1,1,25,8,-1.88,0.05,1,0,175
10947,74,0,0,33,10,-1.34,0.05,1,0,175
10948,67,1,1,28,9,0.23,0.05,1,0,175
10949,124,1,1,43,17,0.26,0.05,1,0,175
10950,7,0,0,2,1,-5.57,0.05,1,0,175
10951,391,9,9,123,42,27.19,0.05,0,1,175
10952,159,5,5,62,20,7.36,0.05,1,0,175
10953,13,0,0,8,2,-3.88,0.05,1,0,175
10954,400,8,8,120,45,29.05,0.05,0,1,175
10955,257,6,6,106,31,15.48,0.05,1,0,175
10956,233,5,5,86,27,15.82,0.05,1,0,175
10957,247,3,3,87,29,12.73,0.05,1,0,175
10958,356,9,9,119,37,32.09,0.05,0,1,175
10959,37,1,1,14,5,-3.52,0.05,1,0,175
10960,232,4,4,85,27,13.38,0.05,1,0,175
10961,20,0,0,7,3,-5.35,0.05,1,0,175
10962,128,2,2,52,16,5.52,0.05,1,0,175
10963,386,9,9,130,43,30.94,0.05,0,1,175
10964,134,2,2,62,17,7.96,0.05,1,0,175
10965,78,2,2,38,10,4.97,0.05,1,0,175
10966,13,0,0,7,2,-4.08,0.05,1,0,175
10967,151,2,2,59,18,5.99,0.05,1,0,175
10968,14,0,0,6,2,-4.54,0.05,1,0,175
10969,28,0,0,12,4,-3.43,0.05,1,0,175
10970,292,6,6,99,33,18.98,0.05,1,0,175
10971,299,7,7,109,33,21.96,0.05,1,0,175
10972,105,4,4,43,13,6.55,0.05,1,0,175
10973,268,7,7,98,31,20.77,0.05,1,0,175
10974,114,2,2,51,14,7.36,0.05,1,0,175
10975,195,3,3,72,24,4.95,0.05,1,0,175
10976,77,1,1,33,10,0.13,0.05,1,0,175
10977,13,0,0,5,2,-5.33,0.05,1,0,175
10978,298,7,7,100,32,23.22,0.05,1,0,175
10979,75,1,1,33,10,1.8,0.05,1,0,175
10980,20,0,0,9,3,-4.25,0.05,1,0,175
10981,378,9,9,127,42,28.07,0.05,1,0,175
10982,47,2,2,23,7,-1.32,0.05,1,0,175
10983,336,7,7,118,37,23.84,0.05,1,0,175
10984,6,0,0,1,1,-5.36,0.05,1,0,175
10985,196,3,3,79,23,13.69,0.05,1,0,175
10986,108,0,0,46,15,-2.58,0.05,1,0,175
10987,103,1,1,53,13,6.72,0.05,1,0,175
10988,115,2,2,42,14,0.05,0.05,1,0,175
10989,120,2,2,52,16,6.2,0.05,1,0,175
10990,273,4,4,87,32,13.37,0.05,1,0,175
10991,176,2,2,69,22,9.39,0.05,1,0,175
10992,27,0,0,11,4,-4.72,0.05,1,0,175
10993,13,0,0,6,2,-4.58,0.05,1,0,175
10994,20,0,0,9,3,-4.6,0.05,1,0,175
10995,198,6,6,78,23,17.07,0.05,1,0,175
10996,43,1,1,20,6,-1.13,0.05,1,0,175
10997,20,0,0,9,3,-5.1,0.05,1,0,175
10998,28,0,0,8,4,-5.08,0.05,1,0,175
10999,21,0,0,12,3,-3.26,0.05,1,0,175
11000,42,0,0,22,6,-0.72,0.05,1,0,175
11001,356,8,9,113,39,24.09,0.05,0,1,175
11002,6,0,0,2,1,-5.06,0.05,1,0,175
11003,144,2,2,65,18,10.86,0.05,1,0,175
11004,20,0,0,8,3,-4.55,0.05,1,0,175
11005,44,0,0,19,6,-3.64,0.05,1,0,175
11006,58,1,1,30,8,0.62,0.05,1,0,175
11007,204,5,5,87,24,15.56,0.05,1,0,175
11008,161,2,2,66,20,6.89,0.05,1,0,175
11009,20,0,0,6,3,-6.1,0.05,1,0,175
11010,281,7,7,97,31,20.49,0.05,1,0,175
11011,64,0,0,23,9,-5.04,0.05,1,0,175
11012,20,0,0,7,3,-4.8,0.05,1,0,175
11013,28,0,0,15,4,-3.98,0.05,1,0,175
11014,13,0,0,7,2,-4.08,0.05,1,0,175
11015,201,3,3,71,24,8.49,0.05,1,0,175
11016,36,0,0,16,5,-2.51,0.05,1,0,175
11017,225,6,6,78,26,13.75,0.05,1,0,175
11018,50,1,1,22,7,-1.5,0.05,1,0,175
11019,28,0,0,13,4,-2.58,0.05,1,0,175
11020,120,2,2,51,15,6.2,0.05,1,0,175
11021,92,1,1,43,11,3.13,0.05,1,0,175
11022,14,0,0,7,2,-4.04,0.05,1,0,175
11023,111,4,4,54,14,9.19,0.05,1,0,175
11024,41,0,0,20,6,-2.56,0.05,1,0,175
11025,22,0,0,11,3,-3.62,0.05,1,0,175
11026,23,0,0,11,3,-3.73,0.05,1,0,175
11027,87,1,1,34,12,-3.57,0.05,1,0,175
11028,324,8,8,107,38,20.16,0.05,1,0,175
11029,400,8,8,136,44,32.95,0.05,0,1,175
11030,77,1,1,37,10,1.63,0.05,1,0,175
11031,385,9,9,123,43,28.75,0.05,0,1,175
11032,164,2,2,55,20,5.16,0.05,1,0,175
11033,62,2,2,29,8,2.88,0.05,1,0,175
11034,113,2,2,47,14,4.37,0.05,1,0,175
11035,224,5,5,74,26,12.81,0.05,1,0,175
11036,42,2,2,19,5,0.43,0.05,1,0,175
11037,98,0,0,52,13,4.47,0.05,1,0,175
11038,20,0,0,8,3,-4.95,0.05,1,0,175
11039,7,0,0,5,1,-4.17,0.05,1,0,175
11040,85,1,1,34,12,-1.65,0.05,1,0,175
11041,137,0,0,51,18,-1.42,0.05,1,0,175
11042,400,9,9,113,44,24.7,0.05,0,1,175
11043,6,0,0,1,1,-5.36,0.05,1,0,175
11044,128,1,1,53,16,6.72,0.05,1,0,175
11045,28,0,0,10,4,-3.83,0.05,1,0,175
11046,74,1,1,30,10,1.16,0.05,1,0,175
11047,223,5,5,84,26,16.52,0.05,1,0,175
11048,36,1,1,18,5,-0.56,0.05,1,0,175
11049,94,0,0,37,12,2.01,0.05,1,0,175
11050,78,1,1,29,11,-4.73,0.05,1,0,175
11051,56,0,0,25,8,-3.36,0.05,1,0,175
11052,240,5,5,88,28,15.85,0.05,1,0,175
11053,388,8,9,116,42,24.07,0.05,0,1,175
11054,317,8,8,111,37,22.08,0.05,1,0,175
11055,14,0,0,6,2,-3.89,0.05,1,0,175
11056,71,1,1,32,9,1.44,0.05,1,0,175
11057,13,0,0,8,2,-4.23,0.05,1,0,175
11058,6,0,0,1,1,-5.36,0.05,1,0,175
11059,27,0,0,10,4,-4.52,0.05,1,0,175
11060,222,5,5,95,27,15.58,0.05,1,0,175
11061,7,0,0,3,1,-4.27,0.05,1,0,175
11062,6,0,0,1,1,-5.26,0.05,1,0,175
11063,6,0,0,2,1,-4.61,0.05,1,0,175
11064,13,0,0,7,2,-3.88,0.05,1,0,175
11065,70,0,0,32,9,1.45,0.05,1,0,175
11066,327,4,4,117,38,19.88,0.05,1,0,175
11067,73,2,2,36,10,0.72,0.05,1,0,175
11068,400,6,6,121,46,22.2,0.05,0,1,175
11069,123,3,3,47,16,4.12,0.05,1,0,175
11070,351,6,6,103,41,12.39,0.05,1,0,175
11071,5,0,0,3,1,-4.3,0.05,1,0,175
11072,13,0,0,6,2,-4.93,0.05,1,0,175
11073,21,0,0,8,3,-4.06,0.05,1,0,175
11074,15,0,0,6,2,-5.6,0.05,1,0,175
11075,359,8,9,123,39,33.66,0.05,0,1,175
11076,254,4,4,96,31,11.56,0.05,1,0,175
11077,230,3,3,83,27,11.9,0.05,1,0,175
11078,70,2,2,28,9,0.25,0.05,1,0,175
11079,46,0,0,16,6,-2.96,0.05,1,0,175
11080,162,5,5,62,19,12.78,0.05,1,0,175
11081,13,0,0,8,2,-4.33,0.05,1,0,175
11082,93,1,1,39,12,-0.88,0.05,1,0,175
11083,126,2,2,54,16,2.99,0.05,1,0,175
11084,138,2,2,65,17,10.87,0.05,1,0,175
11085,378,8,9,121,43,30.82,0.05,0,1,175
11086,6,0,0,3,1,-4.66,0.05,1,0,175
11087,384,9,9,119,43,25.61,0.05,0,1,175
11088,379,9,9,127,41,29.71,0.05,0,1,175
11089,13,0,0,4,2,-5.98,0.05,1,0,175
11090,13,0,0,6,2,-5.03,0.05,1,0,175
11091,7,0,0,3,1,-4.17,0.05,1,0,175
11092,128,3,3,44,16,-0.23,0.05,1,0,175
11093,239,5,5,95,27,22.11,0.05,1,0,175
11094,13,0,0,4,2,-5.53,0.05,1,0,175
11095,33,3,3,14,4,0.92,0.05,1,0,175
11096,304,6,6,108,36,22.06,0.05,1,0,175
11097,177,5,5,82,21,17.03,0.05,1,0,175
11098,82,0,0,34,11,-2.47,0.05,1,0,175
11099,154,1,1,57,19,2.16,0.05,1,0,175
11100,28,0,0,10,4,-4.03,0.05,1,0,175
11101,7,0,0,5,1,-4.02,0.05,1,0,175
11102,20,0,0,9,3,-4.75,0.05,1,0,175
11103,370,9,9,126,41,28.65,0.05,0,1,175
11104,306,5,5,110,35,21.09,0.05,1,0,175
11105,107,2,2,46,14,4.83,0.05,1,0,175
11106,22,0,0,9,3,-4.57,0.05,1,0,175
11107,107,2,2,46,12,7.48,0.05,1,0,175
11108,6,0,0,2,1,-5.06,0.05,1,0,175
11109,155,3,3,52,19,5.85,0.05,1,0,175
11110,81,0,0,34,11,-2.21,0.05,1,0,175
11111,87,1,1,44,11,5.68,0.05,1,0,175
11112,72,1,1,33,10,-0.67,0.05,1,0,175
11113,31,0,0,17,4,-1.46,0.05,1,0,175
11114,99,3,3,40,13,4.51,0.05,1,0,175
11115,44,0,0,17,6,-3.59,0.05,1,0,175
11116,27,0,0,11,4,-4.22,0.05,1,0,175
11117,21,0,0,9,3,-4.26,0.05,1,0,175
11118,71,1,1,34,9,2.29,0.05,1,0,175
11119,400,6,6,121,44,24.25,0.05,0,1,175
11120,173,2,2,74,21,10.82,0.05,1,0,175
11121,13,0,0,6,2,-5.03,0.05,1,0,175
11122,195,5,5,78,24,10.95,0.05,1,0,175
11123,292,9,9,107,34,24.83,0.05,1,0,175
11124,28,0,0,13,4,-2.63,0.05,1,0,175
11125,113,2,2,49,14,5.77,0.05,1,0,175
11126,13,0,0,7,2,-4.18,0.05,1,0,175
11127,309,5,5,107,37,12.91,0.05,1,0,175
11128,117,2,2,48,15,4.28,0.05,1,0,175
11129,38,2,2,11,5,-2.23,0.05,1,0,175
11130,397,8,9,123,43,32.18,0.05,0,1,175
11131,176,6,6,70,21,14.59,0.05,1,0,175
11132,365,7,7,119,43,20.8,0.05,1,0,175
11133,37,0,0,14,5,-3.62,0.05,1,0,175
11134,42,0,0,14,6,-4.52,0.05,1,0,175
11135,224,1,1,79,27,8.11,0.05,1,0,175
11136,139,4,4,51,17,6.86,0.05,1,0,175
11137,233,2,2,70,28,8.42,0.05,1,0,175
11138,13,0,0,6,2,-5.03,0.05,1,0,175
11139,7,0,0,2,1,-4.57,0.05,1,0,175
11140,13,0,0,8,2,-3.38,0.05,1,0,175
11141,16,0,0,9,2,-3.56,0.05,1,0,175
11142,126,2,2,61,16,8.74,0.05,1,0,175
11143,194,6,6,72,24,7.86,0.05,1,0,175
11144,64,0,0,21,9,-4.69,0.05,1,0,175
11145,20,0,0,6,3,-4.55,0.05,1,0,175
11146,21,0,0,12,3,-4.11,0.05,1,0,175
11147,337,9,9,104,39,20.68,0.05,1,0,175
11148,397,9,9,121,44,30.43,0.05,0,1,175
11149,115,3,3,47,15,3.75,0.05,1,0,175
11150,14,0,0,6,2,-4.44,0.05,1,0,175
11151,129,1,1,59,16,4.81,0.05,1,0,175
11152,242,3,3,95,29,15.03,0.05,1,0,175
11153,263,3,3,100,31,16.87,0.05,1,0,175
11154,78,1,1,36,10,2.92,0.05,1,0,175
11155,218,4,4,84,28,9.72,0.05,1,0,175
11156,284,3,3,100,34,12.76,0.05,1,0,175
11157,42,0,0,21,6,-0.32,0.05,1,0,175
11158,85,0,0,43,11,2.45,0.05,1,0,175
11159,30,1,1,13,4,-2.4,0.05,1,0,175
11160,85,1,1,46,11,5.0,0.05,1,0,175
11161,21,1,1,11,3,-2.56,0.05,1,0,175
11162,29,0,0,11,4,-4.29,0.05,1,0,175
11163,66,1,1,26,9,-2.66,0.05,1,0,175
11164,93,2,2,45,13,0.62,0.05,1,0,175
11165,133,1,1,61,16,6.82,0.05,1,0,175
11166,5,0,0,4,1,-3.9,0.05,1,0,175
11167,393,8,9,122,42,28.87,0.05,0,1,175
11168,45,0,0,22,6,-1.65,0.05,1,0,175
11169,28,0,0,15,4,-2.43,0.05,1,0,175
11170,112,2,2,51,13,6.18,0.05,1,0,175
11171,36,0,0,17,5,-2.56,0.05,1,0,175
11172,285,5,5,99,33,18.9,0.05,1,0,175
11173,198,3,3,71,25,4.52,0.05,1,0,175
11174,173,3,3,66,20,11.12,0.05,1,0,175
11175,51,1,1,24,7,-1.36,0.05,1,0,175
11176,46,0,0,14,6,-4.66,0.05,1,0,175
11177,370,8,8,119,41,21.25,0.05,1,0,175
11178,35,0,0,14,5,-6.1,0.05,1,0,175
11179,393,8,9,116,43,26.97,0.05,0,1,175
11180,267,7,7,101,31,20.83,0.05,1,0,175
11181,159,1,1,60,19,7.26,0.05,1,0,175
11182,262,8,8,89,31,15.83,0.05,1,0,175
11183,87,2,2,40,12,1.23,0.05,1,0,175
11184,49,1,1,19,7,-1.54,0.05,1,0,175
11185,159,1,1,55,20,4.46,0.05,1,0,175
11186,74,1,1,30,10,-0.39,0.05,1,0,175
11187,20,0,0,9,3,-4.2,0.05,1,0,175
11188,6,0,0,2,1,-5.06,0.05,1,0,175
11189,223,4,4,77,26,11.17,0.05,1,0,175
11190,44,0,0,22,6,-1.04,0.05,1,0,175
11191,100,0,0,42,13,-0.05,0.05,1,0,175
11192,110,0,0,45,14,-0.05,0.05,1,0,175
11193,13,0,0,7,2,-4.23,0.05,1,0,175
11194,20,0,0,10,3,-3.4,0.05,1,0,175
11195,169,3,3,63,21,8.11,0.05,1,0,175
11196,79,1,1,32,11,-1.39,0.05,1,0,175
11197,111,2,2,45,14,2.89,0.05,1,0,175
11198,57,1,1,21,8,-3.77,0.05,1,0,175
11199,388,8,9,123,41,33.92,0.05,0,1,175
11200,6,0,0,3,1,-4.76,0.05,1,0,175
11201,400,8,8,117,45,27.0,0.05,0,1,175
11202,67,0,0,28,9,-0.92,0.05,1,0,175
11203,205,4,4,79,26,12.15,0.05,1,0,175
11204,8,0,0,6,1,-4.33,0.05,1,0,175
11205,115,3,3,49,14,7.85,0.05,1,0,175
11206,154,5,5,59,18,8.56,0.05,1,0,175
11207,13,0,0,6,2,-5.03,0.05,1,0,175
11208,108,1,1,43,13,2.87,0.05,1,0,175
11209,13,0,0,6,2,-3.98,0.05,1,0,175
11210,349,8,9,112,38,29.66,0.05,0,1,175
11211,132,4,4,57,15,12.13,0.05,1,0,175
11212,160,3,3,68,19,8.15,0.05,1,0,175
11213,24,0,0,11,3,-1.99,0.05,1,0,175
11214,374,8,9,125,42,33.96,0.05,0,1,175
11215,20,0,0,10,3,-3.65,0.05,1,0,175
11216,243,5,5,95,28,17.07,0.05,1,0,175
11217,20,0,0,9,3,-4.75,0.05,1,0,175
11218,36,0,0,11,5,-3.91,0.05,1,0,175
11219,320,7,7,114,38,18.6,0.05,1,0,175
11220,400,9,9,120,45,27.65,0.05,0,1,175
11221,339,6,6,118,37,21.61,0.05,1,0,175
11222,122,3,3,50,15,8.13,0.05,1,0,175
11223,400,9,9,111,45,25.35,0.05,0,1,175
11224,170,6,6,62,21,9.75,0.05,1,0,175
11225,82,0,0,38,11,-2.77,0.05,1,0,175
11226,233,6,6,83,27,15.52,0.05,1,0,175
11227,69,1,1,28,9,-1.79,0.05,1,0,175
11228,57,0,0,23,8,-3.82,0.05,1,0,175
11229,57,0,0,23,8,-3.12,0.05,1,0,175
11230,132,1,1,57,17,6.78,0.05,1,0,175
11231,13,0,0,7,2,-4.68,0.05,1,0,175
11232,142,2,2,56,17,5.08,0.05,1,0,175
11233,178,5,5,75,21,12.67,0.05,1,0,175
11234,98,0,0,46,12,3.57,0.05,1,0,175
11235,306,7,7,106,36,19.34,0.05,1,0,175
11236,6,0,0,3,1,-4.76,0.05,1,0,175
11237,140,2,2,65,17,10.1,0.05,1,0,175
11238,253,7,7,95,30,20.17,0.05,1,0,175
11239,316,6,6,109,35,22.34,0.05,1,0,175
11240,94,3,3,39,12,4.36,0.05,1,0,175
11241,229,6,6,71,26,14.16,0.05,1,0,175
11242,301,6,6,104,34,19.29,0.05,1,0,175
11243,78,0,0,34,11,-2.53,0.05,1,0,175
11244,140,0,0,61,18,3.7,0.05,1,0,175
11245,121,1,1,41,15,0.59,0.05,1,0,175
11246,67,1,1,31,9,1.78,0.05,1,0,175
11247,382,8,9,128,40,32.53,0.05,0,1,175
11248,117,3,3,44,14,4.03,0.05,1,0,175
11249,267,4,4,104,32,15.23,0.05,1,0,175
11250,281,6,6,108,32,23.44,0.05,1,0,175
11251,392,9,9,124,42,32.88,0.05,0,1,175
11252,20,0,0,6,3,-5.65,0.05,1,0,175
11253,6,0,0,3,1,-4.76,0.05,1,0,175
11254,27,0,0,10,4,-4.92,0.05,1,0,175
11255,153,3,3,56,19,5.57,0.05,1,0,175
11256,7,0,0,2,1,-4.57,0.05,1,0,175
11257,263,3,3,90,30,14.92,0.05,1,0,175
11258,224,5,5,84,26,15.86,0.05,1,0,175
11259,51,1,1,17,7,-4.16,0.05,1,0,175
11260,15,0,0,5,2,-5.8,0.05,1,0,175
11261,188,6,6,64,23,10.02,0.05,1,0,175
11262,349,6,6,109,39,18.51,0.05,1,0,175
11263,140,4,4,59,17,7.25,0.05,1,0,175
11264,213,2,2,88,26,10.27,0.05,1,0,175
11265,139,3,3,54,18,4.06,0.05,1,0,175
11266,6,0,0,3,1,-5.11,0.05,1,0,175
11267,150,3,3,59,20,3.65,0.05,1,0,175
11268,237,3,3,84,28,13.53,0.05,1,0,175
11269,111,2,2,41,13,3.14,0.05,1,0,175
11270,155,2,2,70,20,6.25,0.05,1,0,175
11271,5,0,0,2,1,-4.5,0.05,1,0,175
11272,57,0,0,28,8,-0.77,0.05,1,0,175
11273,59,1,1,25,8,-2.54,0.05,1,0,175
11274,66,2,2,24,9,-1.26,0.05,1,0,175
11275,110,2,2,48,14,4.0,0.05,1,0,175
11276,92,2,2,40,12,2.53,0.05,1,0,175
11277,29,0,0,12,4,-2.79,0.05,1,0,175
11278,236,7,7,84,27,15.99,0.05,1,0,175
11279,21,0,0,9,3,-4.66,0.05,1,0,175
11280,253,4,4,89,31,11.32,0.05,1,0,175
11281,250,4,4,88,29,13.7,0.05,1,0,175
11282,65,1,1,29,9,-0.7,0.05,1,0,175
11283,13,0,0,6,2,-5.03,0.05,1,0,175
11284,57,0,0,24,7,-2.22,0.05,1,0,175
11285,34,0,0,17,5,-2.74,0.05,1,0,175
11286,20,0,0,7,3,-5.35,0.05,1,0,175
11287,13,0,0,3,2,-5.93,0.05,1,0,175
11288,68,0,0,30,9,1.42,0.05,1,0,175
11289,100,1,1,44,13,2.0,0.05,1,0,175
11290,232,2,2,98,28,16.13,0.05,1,0,175
11291,100,1,1,48,13,4.75,0.05,1,0,175
11292,13,0,0,7,2,-4.08,0.05,1,0,175
11293,6,0,0,3,1,-4.11,0.05,1,0,175
11294,20,0,0,8,3,-4.55,0.05,1,0,175
11295,102,1,1,43,13,5.13,0.05,1,0,175
11296,396,9,9,138,42,37.69,0.05,0,1,175
11297,50,2,2,19,7,-1.45,0.05,1,0,175
11298,375,9,9,123,42,24.15,0.05,0,1,175
11299,227,4,4,94,26,17.83,0.05,1,0,175
11300,13,0,0,5,2,-5.33,0.05,1,0,175
11301,67,1,1,31,9,-0.82,0.05,1,0,175
11302,85,1,1,34,11,1.75,0.05,1,0,175
11303,117,1,1,53,15,5.08,0.05,1,0,175
11304,400,7,7,118,47,24.4,0.05,0,1,175
11305,189,0,0,82,24,7.46,0.05,1,0,175
11306,59,1,1,23,8,-2.49,0.05,1,0,175
11307,353,7,7,114,40,21.92,0.05,1,0,175
11308,159,3,3,77,20,15.76,0.05,1,0,175
11309,160,2,2,60,18,6.5,0.05,1,0,175
11310,27,0,0,13,4,-3.52,0.05,1,0,175
11311,13,0,0,8,2,-3.88,0.05,1,0,175
11312,27,0,0,9,4,-5.37,0.05,1,0,175
11313,215,5,5,76,25,12.1,0.05,1,0,175
11314,6,0,0,3,1,-4.66,0.05,1,0,175
11315,15,0,0,6,2,-3.85,0.05,1,0,175
11316,393,9,9,130,43,26.27,0.05,1,0,175
11317,291,5,5,94,34,16.04,0.05,1,0,175
11318,13,0,0,4,2,-5.63,0.05,1,0,175
11319,107,3,3,45,14,1.43,0.05,1,0,175
11320,6,0,0,2,1,-5.06,0.05,1,0,175
11321,147,5,5,68,19,8.78,0.05,1,0,175
11322,28,1,1,11,4,-3.63,0.05,1,0,175
11323,170,3,3,67,21,8.55,0.05,1,0,175
11324,103,2,2,46,13,6.22,0.05,1,0,175
11325,122,2,2,42,17,-1.92,0.05,1,0,175
11326,13,0,0,6,2,-4.03,0.05,1,0,175
11327,163,3,3,59,20,7.42,0.05,1,0,175
11328,90,2,2,41,12,3.1,0.05,1,0,175
11329,99,3,3,43,12,5.56,0.05,1,0,175
11330,78,2,2,40,10,3.92,0.05,1,0,175
11331,125,0,0,60,16,6.0,0.05,1,0,175
11332,366,8,8,119,41,22.79,0.05,1,0,175
11333,27,0,0,13,4,-4.17,0.05,1,0,175
11334,6,0,0,3,1,-4.76,0.05,1,0,175
11335,336,9,9,114,38,20.09,0.05,1,0,175
11336,20,0,0,9,3,-3.55,0.05,1,0,175
11337,230,6,6,81,28,15.9,0.05,1,0,175
11338,325,8,8,116,37,19.25,0.05,1,0,175
11339,225,5,5,94,27,17.5,0.05,1,0,175
11340,238,5,5,95,29,12.07,0.05,1,0,175
11341,51,1,1,26,7,0.84,0.05,1,0,175
11342,37,0,0,16,5,-3.47,0.05,1,0,175
11343,50,0,0,21,7,-4.65,0.05,1,0,175
11344,393,9,9,121,42,26.52,0.05,1,0,175
11345,71,0,0,32,9,0.04,0.05,1,0,175
11346,124,2,2,50,15,5.11,0.05,1,0,175
11347,13,0,0,8,2,-4.33,0.05,1,0,175
11348,132,1,1,47,16,2.98,0.05,1,0,175
11349,41,1,1,12,6,-3.61,0.05,1,0,175
11350,64,0,0,29,9,-0.29,0.05,1,0,175
11351,303,7,7,114,35,23.87,0.05,1,0,175
11352,45,0,0,21,6,-1.95,0.05,1,0,175
11353,140,3,3,60,16,9.95,0.05,1,0,175
11354,331,8,9,124,36,32.24,0.05,0,1,175
11355,134,2,2,51,16,6.41,0.05,1,0,175
11356,153,3,3,64,19,7.42,0.05,1,0,175
11357,35,0,0,14,5,-3.8,0.05,1,0,175
11358,286,6,6,111,34,16.59,0.05,1,0,175
11359,71,2,2,33,9,4.19,0.05,1,0,175
11360,49,1,1,24,7,-0.59,0.05,1,0,175
11361,69,0,0,30,9,0.76,0.05,1,0,175
11362,98,0,0,37,13,-1.13,0.05,1,0,175
11363,87,3,3,41,12,1.18,0.05,1,0,175
11364,92,2,2,45,12,3.58,0.05,1,0,175
11365,92,3,3,38,12,3.58,0.05,1,0,175
11366,400,6,6,115,44,20.1,0.05,0,1,175
11367,391,9,9,120,40,33.39,0.05,0,1,175
11368,75,1,1,30,10,0.8,0.05,1,0,175
11369,43,0,0,18,6,-3.93,0.05,1,0,175
11370,265,5,5,107,31,19.15,0.05,1,0,175
11371,69,2,2,36,10,-0.84,0.05,1,0,175
11372,400,7,7,109,47,17.7,0.05,0,1,175
11373,182,3,3,80,22,13.33,0.05,1,0,175
11374,318,3,3,92,36,10.82,0.05,1,0,175
11375,28,0,0,16,4,-1.68,0.05,1,0,175
11376,73,2,2,30,10,0.47,0.05,1,0,175
11377,92,2,2,34,12,1.13,0.05,1,0,175
11378,191,4,4,78,22,13.99,0.05,1,0,175
11379,399,9,9,128,45,31.36,0.05,0,1,175
11380,196,5,5,66,22,8.49,0.05,1,0,175
11381,400,8,8,125,42,32.8,0.05,0,1,175
11382,400,8,8,128,44,26.0,0.05,0,1,175
11383,51,0,0,24,7,-2.06,0.05,1,0,175
11384,62,1,1,33,8,3.08,0.05,1,0,175
11385,51,0,0,20,7,-4.41,0.05,1,0,175
11386,7,0,0,2,1,-5.02,0.05,1,0,175
11387,42,0,0,16,6,-3.47,0.05,1,0,175
11388,21,0,0,9,3,-4.76,0.05,1,0,175
11389,21,0,0,11,3,-2.61,0.05,1,0,175
11390,152,3,3,60,19,5.53,0.05,1,0,175
11391,64,1,1,26,9,-1.19,0.05,1,0,175
11392,366,9,9,110,39,25.09,0.05,0,1,175
11393,134,3,3,52,16,5.51,0.05,1,0,175
11394,133,4,4,52,16,9.82,0.05,1,0,175
11395,14,0,0,6,2,-3.94,0.05,1,0,175
11396,107,2,2,42,13,4.48,0.05,1,0,175
11397,221,4,4,82,28,14.04,0.05,1,0,175
11398,130,1,1,57,17,3.35,0.05,1,0,175
11399,22,0,0,6,3,-5.12,0.05,1,0,175
11400,14,0,0,8,2,-3.29,0.05,1,0,175
11401,123,3,3,51,16,4.62,0.05,1,0,175
11402,182,3,3,70,23,11.13,0.05,1,0,175
11403,196,5,5,67,25,7.19,0.05,1,0,175
11404,176,4,4,58,22,6.29,0.05,1,0,175
11405,20,0,0,9,3,-4.15,0.05,1,0,175
11406,246,5,5,99,27,19.34,0.05,1,0,175
11407,223,2,2,83,27,9.72,0.05,1,0,175
11408,174,5,5,63,19,13.96,0.05,1,0,175
11409,92,0,0,22,13,-7.57,0.05,1,0,175
11410,258,6,6,99,29,24.07,0.05,1,0,175
11411,97,0,0,46,12,5.23,0.05,1,0,175
11412,7,0,0,3,1,-4.17,0.05,1,0,175
11413,21,0,0,9,3,-4.41,0.05,1,0,175
11414,162,2,2,57,20,5.48,0.05,1,0,175
11415,202,1,1,74,24,6.43,0.05,1,0,175
11416,28,0,0,16,4,-2.48,0.05,1,0,175
11417,278,7,7,97,31,21.42,0.05,1,0,175
11418,86,2,2,31,11,1.09,0.05,1,0,175
11419,114,2,2,46,14,6.26,0.05,1,0,175
11420,120,1,1,51,15,5.75,0.05,1,0,175
11421,169,2,2,63,20,6.56,0.05,1,0,175
11422,36,0,0,17,5,-2.61,0.05,1,0,175
11423,90,0,0,34,12,-0.5,0.05,1,0,175
11424,206,4,4,92,25,16.94,0.05,1,0,175
11425,45,1,1,21,6,-0.4,0.05,1,0,175
11426,20,0,0,9,3,-6.1,0.05,1,0,175
11427,388,9,9,113,42,23.22,0.05,1,0,175
11428,55,0,0,25,7,-0.45,0.05,1,0,175
11429,13,0,0,5,2,-4.23,0.05,1,0,175
11430,72,2,2,35,9,3.58,0.05,1,0,175
11431,5,0,0,3,1,-5.55,0.05,1,0,175
11432,20,0,0,8,3,-5.1,0.05,1,0,175
11433,21,0,0,13,3,-2.31,0.05,1,0,175
11434,66,0,0,33,9,-0.56,0.05,1,0,175
11435,125,2,2,52,15,7.7,0.05,1,0,175
11436,400,8,8,126,44,33.3,0.05,0,1,175
11437,232,4,4,93,28,15.18,0.05,1,0,175
11438,325,6,6,100,37,15.45,0.05,1,0,175
11439,202,5,5,82,25,16.13,0.05,1,0,175
11440,208,3,3,81,25,12.27,0.05,1,0,175
11441,172,1,1,59,21,4.43,0.05,1,0,175
11442,46,0,0,20,6,-2.31,0.05,1,0,175
11443,13,0,0,6,2,-4.38,0.05,1,0,175
11444,307,6,6,111,36,16.78,0.05,1,0,175
11445,35,0,0,12,5,-4.5,0.05,1,0,175
11446,26,0,0,12,3,-3.71,0.05,1,0,175
11447,384,9,9,125,41,23.31,0.05,1,0,175
11448,400,8,8,128,46,27.25,0.05,0,1,175
11449,386,8,8,120,43,25.19,0.05,1,0,175
11450,87,1,1,31,12,-4.87,0.05,1,0,175
11451,68,1,1,33,9,0.77,0.05,1,0,175
11452,400,7,7,116,44,25.35,0.05,0,1,175
11453,84,1,1,38,11,3.01,0.05,1,0,175
11454,174,3,3,75,22,9.86,0.05,1,0,175
11455,50,0,0,26,7,-1.05,0.05,1,0,175
11456,396,8,9,114,44,28.29,0.05,0,1,175
11457,125,2,2,50,15,7.2,0.05,1,0,175
11458,186,4,4,68,23,7.84,0.05,1,0,175
11459,13,0,0,6,2,-5.48,0.05,1,0,175
11460,311,5,5,102,37,13.44,0.05,1,0,175
11461,21,1,1,8,3,-4.36,0.05,1,0,175
11462,90,1,1,41,12,2.45,0.05,1,0,175
11463,145,2,2,60,17,9.2,0.05,1,0,175
11464,13,0,0,6,2,-4.33,0.05,1,0,175
11465,395,8,9,124,43,34.45,0.05,0,1,175
11466,127,2,2,52,17,3.78,0.05,1,0,175
11467,6,0,0,2,1,-4.61,0.05,1,0,175
11468,233,8,8,95,27,19.72,0.05,1,0,175
11469,94,1,1,42,13,0.96,0.05,1,0,175
11470,182,3,3,66,22,7.28,0.05,1,0,175
11471,23,0,0,9,3,-4.73,0.05,1,0,175
11472,79,1,1,32,10,0.26,0.05,1,0,175
11473,121,2,2,51,15,7.54,0.05,1,0,175
11474,400,9,9,113,44,24.6,0.05,0,1,175
11475,13,0,0,8,2,-3.88,0.05,1,0,175
11476,86,1,1,43,12,0.89,0.05,1,0,175
11477,139,2,2,68,19,6.46,0.05,1,0,175
11478,189,5,5,73,24,10.71,0.05,1,0,175
11479,22,0,0,12,3,-3.32,0.05,1,0,175
11480,159,5,5,67,20,11.41,0.05,1,0,175
11481,74,0,0,29,10,-1.99,0.05,1,0,175
11482,159,6,6,63,19,8.81,0.05,1,0,175
11483,89,1,1,46,11,5.11,0.05,1,0,175
11484,48,0,0,25,7,-2.43,0.05,1,0,175
11485,7,0,0,3,1,-4.27,0.05,1,0,175
11486,74,1,1,37,10,3.71,0.05,1,0,175
11487,61,0,0,19,8,-3.81,0.05,1,0,175
11488,68,0,0,24,9,-0.98,0.05,1,0,175
11489,380,8,9,135,43,26.0,0.05,0,1,175
11490,63,1,1,26,8,-0.53,0.05,1,0,175
11491,93,1,1,39,13,-1.23,0.05,1,0,175
11492,50,1,1,20,7,-1.85,0.05,1,0,175
11493,179,1,1,81,24,6.36,0.05,1,0,175
11494,68,1,1,30,9,-0.13,0.05,1,0,175
11495,86,2,2,33,11,2.14,0.05,1,0,175
11496,52,2,2,16,7,-2.57,0.05,1,0,175
11497,97,0,0,42,12,3.08,0.05,1,0,175
11498,175,4,4,67,23,8.0,0.05,1,0,175
11499,22,0,0,14,3,-2.62,0.05,1,0,175
11500,84,4,4,42,11,6.56,0.05,1,0,175
11501,109,1,1,42,14,1.86,0.05,1,0,175
11502,295,7,7,118,34,25.3,0.05,1,0,175
11503,146,5,5,56,17,9.89,0.05,1,0,175
11504,13,0,0,5,2,-4.88,0.05,1,0,175
11505,42,0,0,19,6,-6.02,0.05,1,0,175
11506,151,1,1,56,18,4.99,0.05,1,0,175
11507,384,9,9,118,41,30.56,0.05,0,1,175
11508,78,1,1,39,10,2.87,0.05,1,0,175
11509,45,1,1,19,6,-0.7,0.05,1,0,175
11510,7,0,0,2,1,-4.57,0.05,1,0,175
11511,9,0,0,3,1,-4.69,0.05,1,0,175
11512,27,0,0,7,4,-5.42,0.05,1,0,175
11513,13,0,0,7,2,-3.63,0.05,1,0,175
11514,398,9,9,128,44,27.47,0.05,0,1,175
11515,15,0,0,9,2,-4.5,0.05,1,0,175
11516,155,1,1,69,19,8.8,0.05,1,0,175
11517,20,0,0,8,3,-5.0,0.05,1,0,175
11518,6,0,0,3,1,-4.56,0.05,1,0,175
11519,393,9,9,122,42,31.22,0.05,0,1,175
11520,14,0,0,5,2,-4.34,0.05,1,0,175
11521,60,0,0,25,8,-4.0,0.05,1,0,175
11522,36,1,1,13,5,-2.66,0.05,1,0,175
11523,37,1,1,18,5,-1.57,0.05,1,0,175
11524,386,8,8,121,43,21.59,0.05,1,0,175
11525,49,0,0,23,7,-2.34,0.05,1,0,175
11526,348,8,9,124,41,26.37,0.05,0,1,175
11527,250,5,5,87,29,12.25,0.05,1,0,175
11528,13,0,0,7,2,-4.18,0.05,1,0,175
11529,370,8,9,120,40,30.2,0.05,0,1,175
11530,385,8,9,113,41,26.3,0.05,0,1,175
11531,197,4,4,76,23,12.83,0.05,1,0,175
11532,22,0,0,13,3,-1.62,0.05,1,0,175
11533,22,0,0,10,3,-3.77,0.05,1,0,175
11534,216,7,7,79,26,14.64,0.05,1,0,175
11535,81,1,1,30,10,0.29,0.05,1,0,175
11536,297,5,5,99,35,16.73,0.05,1,0,175
11537,391,9,9,119,42,28.24,0.05,0,1,175
11538,381,9,9,126,42,29.89,0.05,0,1,175
11539,243,7,7,92,28,16.77,0.05,1,0,175
11540,166,2,2,64,20,7.74,0.05,1,0,175
11541,110,4,4,47,14,8.25,0.05,1,0,175
11542,43,0,0,18,6,-1.83,0.05,1,0,175
11543,89,2,2,38,11,3.66,0.05,1,0,175
11544,22,1,1,11,3,-1.52,0.05,1,0,175
11545,215,2,2,83,25,13.95,0.05,1,0,175
11546,29,0,0,12,4,-3.39,0.05,1,0,175
11547,87,2,2,41,11,4.58,0.05,1,0,175
11548,20,0,0,9,3,-4.7,0.05,1,0,175
11549,132,3,3,52,16,7.28,0.05,1,0,175
11550,92,2,2,36,12,2.93,0.05,1,0,175
11551,392,8,9,121,42,30.53,0.05,0,1,175
11552,49,0,0,20,7,-1.89,0.05,1,0,175
11553,41,0,0,17,6,-5.21,0.05,1,0,175
11554,58,0,0,30,7,1.37,0.05,1,0,175
11555,28,0,0,13,4,-3.48,0.05,1,0,175
11556,115,0,0,47,15,2.9,0.05,1,0,175
11557,160,4,4,63,20,8.4,0.05,1,0,175
11558,169,3,3,65,21,4.76,0.05,1,0,175
11559,28,0,0,10,4,-4.93,0.05,1,0,175
11560,14,0,0,5,2,-4.84,0.05,1,0,175
11561,21,0,0,5,3,-5.91,0.05,1,0,175
11562,334,7,7,110,38,15.01,0.05,1,0,175
11563,369,6,6,109,42,14.91,0.05,1,0,175
11564,13,0,0,8,2,-4.33,0.05,1,0,175
11565,170,0,0,63,22,1.55,0.05,1,0,175
11566,7,0,0,1,1,-4.87,0.05,1,0,175
11567,114,2,2,52,15,3.56,0.05,1,0,175
11568,148,2,2,59,19,3.37,0.05,1,0,175
11569,78,0,0,35,10,2.57,0.05,1,0,175
11570,65,1,1,30,9,0.85,0.05,1,0,175
11571,97,0,0,38,12,0.33,0.05,1,0,175
11572,111,0,0,41,14,2.79,0.05,1,0,175
11573,129,1,1,57,17,2.76,0.05,1,0,175
11574,34,0,0,13,5,-5.79,0.05,1,0,175
11575,203,2,2,67,24,7.52,0.05,1,0,175
11576,139,2,2,61,17,8.66,0.05,1,0,175
11577,68,1,1,29,9,-0.53,0.05,1,0,175
11578,13,0,0,8,2,-3.38,0.05,1,0,175
11579,117,1,1,49,15,5.48,0.05,1,0,175
11580,400,9,9,126,43,29.85,0.05,0,1,175
11581,13,0,0,6,2,-3.98,0.05,1,0,175
11582,48,0,0,15,6,-2.93,0.05,1,0,175
11583,50,1,1,21,7,-1.7,0.05,1,0,175
11584,7,0,0,2,1,-5.47,0.05,1,0,175
11585,328,5,5,109,38,18.97,0.05,1,0,175
11586,92,0,0,32,13,-5.87,0.05,1,0,175
11587,156,1,1,63,19,6.79,0.05,1,0,175
11588,21,0,0,11,3,-3.11,0.05,1,0,175
11589,281,6,6,103,32,18.39,0.05,1,0,175
11590,383,9,9,128,41,33.07,0.05,0,1,175
11591,36,0,0,16,5,-1.91,0.05,1,0,175
11592,77,0,0,35,10,2.38,0.05,1,0,175
11593,13,0,0,5,2,-4.28,0.05,1,0,175
11594,14,0,0,6,2,-3.99,0.05,1,0,175
11595,86,1,1,35,12,-1.46,0.05,1,0,175
11596,187,1,1,73,23,7.73,0.05,1,0,175
11597,309,5,5,107,34,21.61,0.05,1,0,175
11598,14,0,0,5,2,-4.84,0.05,1,0,175
11599,241,3,3,79,28,9.29,0.05,1,0,175
11600,57,1,1,28,8,1.98,0.05,1,0,175
11601,87,2,2,43,11,6.53,0.05,1,0,175
11602,27,0,0,10,4,-6.07,0.05,1,0,175
11603,20,1,1,9,3,-3.05,0.05,1,0,175
11604,6,0,0,3,1,-5.21,0.05,1,0,175
11605,65,2,2,24,9,-2.3,0.05,1,0,175
11606,93,0,0,33,13,-3.63,0.05,1,0,175
11607,159,2,2,62,19,7.56,0.05,1,0,175
11608,232,4,4,82,27,11.73,0.05,1,0,175
11609,324,6,6,118,36,25.01,0.05,1,0,175
11610,272,8,8,93,31,20.23,0.05,1,0,175
11611,259,5,5,95,31,14.16,0.05,1,0,175
11612,22,1,1,14,3,-1.12,0.05,1,0,175
11613,134,2,2,57,16,6.01,0.05,1,0,175
11614,74,1,1,35,10,1.91,0.05,1,0,175
11615,400,9,9,125,42,29.7,0.05,0,1,175
11616,386,9,9,111,42,24.94,0.05,0,1,175
11617,157,3,3,71,20,6.88,0.05,1,0,175
11618,58,0,0,23,8,-3.03,0.05,1,0,175
11619,13,0,0,6,2,-3.93,0.05,1,0,175
11620,64,0,0,23,9,-4.64,0.05,1,0,175
11621,176,2,2,84,22,13.99,0.05,1,0,175
11622,13,0,0,7,2,-3.63,0.05,1,0,175
11623,56,1,1,23,8,-1.51,0.05,1,0,175
11624,53,2,2,23,7,1.27,0.05,1,0,175
11625,376,8,9,122,41,33.19,0.05,0,1,175
11626,195,3,3,85,24,14.5,0.05,1,0,175
11627,197,7,7,75,22,17.33,0.05,1,0,175
11628,27,0,0,8,4,-4.97,0.05,1,0,175
11629,20,0,0,5,3,-5.8,0.05,1,0,175
11630,179,6,6,76,21,15.51,0.05,1,0,175
11631,169,5,5,69,21,12.06,0.05,1,0,175
11632,80,1,1,29,10,-0.9,0.05,1,0,175
11633,43,0,0,19,6,-1.88,0.05,1,0,175
11634,179,5,5,63,21,10.81,0.05,1,0,175
11635,195,6,6,84,24,16.8,0.05,1,0,175
11636,45,0,0,23,6,-0.85,0.05,1,0,175
11637,103,2,2,43,12,7.07,0.05,1,0,175
11638,93,3,3,44,12,7.57,0.05,1,0,175
11639,378,8,9,116,40,28.52,0.05,0,1,175
11640,6,0,0,3,1,-4.76,0.05,1,0,175
11641,70,2,2,29,10,-1.3,0.05,1,0,175
11642,400,9,9,116,44,19.55,0.05,1,0,175
11643,86,2,2,38,11,2.99,0.05,1,0,175
11644,97,1,1,45,12,5.53,0.05,1,0,175
11645,129,1,1,57,16,6.06,0.05,1,0,175
11646,360,7,7,119,42,19.55,0.05,1,0,175
11647,177,3,3,66,21,10.83,0.05,1,0,175
11648,323,8,8,108,36,22.82,0.05,1,0,175
11649,13,0,0,5,2,-4.88,0.05,1,0,175
11650,52,0,0,24,7,-1.17,0.05,1,0,175
11651,329,7,7,105,37,18.91,0.05,1,0,175
11652,7,0,0,6,1,-3.82,0.05,1,0,175
11653,163,3,3,61,20,6.72,0.05,1,0,175
11654,188,3,3,75,22,11.22,0.05,1,0,175
11655,87,2,2,34,11,3.28,0.05,1,0,175
11656,36,1,1,13,5,-2.66,0.05,1,0,175
11657,80,1,1,39,11,2.55,0.05,1,0,175
11658,27,0,0,9,4,-5.62,0.05,1,0,175
11659,61,3,3,25,8,0.69,0.05,1,0,175
11660,392,8,9,117,43,21.88,0.05,0,1,175
11661,47,2,2,19,6,-1.37,0.05,1,0,175
11662,77,2,2,31,10,0.73,0.05,1,0,175
11663,49,0,0,20,7,-5.54,0.05,1,0,175
11664,185,5,5,84,25,7.1,0.05,1,0,175
11665,327,4,4,102,37,17.63,0.05,1,0,175
11666,130,3,3,51,16,5.75,0.05,1,0,175
11667,13,0,0,6,2,-4.58,0.05,1,0,175
11668,400,8,8,126,47,26.7,0.05,0,1,175
11669,333,5,5,111,37,18.17,0.05,1,0,175
11670,138,2,2,57,17,7.17,0.05,1,0,175
11671,161,3,3,71,20,8.29,0.05,1,0,175
11672,28,0,0,15,4,-3.33,0.05,1,0,175
11673,12,0,0,5,2,-5.27,0.05,1,0,175
11674,358,8,9,118,38,31.12,0.05,0,1,175
11675,14,0,0,10,2,-3.14,0.05,1,0,175
11676,149,1,1,62,19,6.21,0.05,1,0,175
11677,171,3,3,63,22,7.14,0.05,1,0,175
11678,400,8,8,122,46,27.15,0.05,0,1,175
11679,166,1,1,53,22,-3.56,0.05,1,0,175
11680,181,3,3,67,23,8.29,0.05,1,0,175
11681,193,2,2,79,23,12.32,0.05,1,0,175
11682,328,7,7,105,37,21.67,0.05,1,0,175
11683,181,4,4,86,23,11.59,0.05,1,0,175
11684,21,0,0,10,3,-3.86,0.05,1,0,175
11685,133,3,3,64,17,6.27,0.05,1,0,175
11686,43,0,0,15,6,-3.83,0.05,1,0,175
11687,42,0,0,23,6,-0.82,0.05,1,0,175
11688,36,1,1,15,5,-1.06,0.05,1,0,175
11689,28,0,0,10,4,-5.53,0.05,1,0,175
11690,255,7,7,87,30,15.95,0.05,1,0,175
11691,6,0,0,2,1,-5.06,0.05,1,0,175
11692,57,0,0,27,8,-1.17,0.05,1,0,175
11693,14,0,0,5,2,-6.09,0.05,1,0,175
11694,83,0,0,29,11,-0.63,0.05,1,0,175
11695,28,1,1,15,4,-1.98,0.05,1,0,175
11696,75,0,0,34,10,-4.25,0.05,1,0,175
11697,145,1,1,64,18,6.35,0.05,1,0,175
11698,375,9,9,117,41,28.7,0.05,0,1,175
11699,383,8,9,121,43,31.32,0.05,0,1,175
11700,400,9,9,118,44,25.45,0.05,0,1,175
11701,238,4,4,94,27,18.77,0.05,1,0,175
11702,46,0,0,23,6,-0.36,0.05,1,0,175
11703,45,1,1,22,6,0.4,0.05,1,0,175
11704,185,2,2,74,24,7.2,0.05,1,0,175
11705,337,7,7,126,40,19.88,0.05,1,0,175
11706,365,9,9,120,41,24.95,0.05,1,0,175
11707,259,7,7,95,30,21.41,0.05,1,0,175
11708,6,0,0,3,1,-4.76,0.05,1,0,175
11709,124,3,3,60,15,10.26,0.05,1,0,175
11710,58,1,1,24,8,-0.78,0.05,1,0,175
11711,107,1,1,42,14,-1.12,0.05,1,0,175
11712,53,0,0,26,7,-1.23,0.05,1,0,175
11713,400,8,8,113,44,28.05,0.05,0,1,175
11714,102,3,3,45,13,5.68,0.05,1,0,175
11715,396,9,9,124,44,27.74,0.05,0,1,175
11716,141,4,4,56,17,9.99,0.05,1,0,175
11717,376,9,9,127,40,26.14,0.05,1,0,175
11718,62,1,1,26,8,-2.22,0.05,1,0,175
11719,20,0,0,9,3,-3.45,0.05,1,0,175
11720,42,1,1,17,6,-4.07,0.05,1,0,175
11721,89,1,1,33,11,1.41,0.05,1,0,175
11722,162,2,2,48,21,-1.72,0.05,1,0,175
11723,110,3,3,52,13,9.5,0.05,1,0,175
11724,400,9,9,114,43,30.2,0.05,0,1,175
11725,58,0,0,31,8,0.72,0.05,1,0,175
11726,373,9,9,117,39,30.17,0.05,0,1,175
11727,20,0,0,9,3,-4.2,0.05,1,0,175
11728,20,0,0,9,3,-5.15,0.05,1,0,175
11729,131,3,3,51,16,6.34,0.05,1,0,175
11730,323,7,7,112,36,25.57,0.05,1,0,175
11731,30,0,0,9,4,-5.0,0.05,1,0,175
11732,86,1,1,40,11,2.04,0.05,1,0,175
11733,50,2,2,23,7,-0.4,0.05,1,0,175
11734,359,9,9,120,39,31.86,0.05,0,1,175
11735,301,8,8,108,34,26.19,0.05,1,0,175
11736,196,5,5,93,25,14.64,0.05,1,0,175
11737,259,7,7,87,30,11.56,0.05,1,0,175
11738,101,2,2,44,13,4.74,0.05,1,0,175
11739,6,0,0,3,1,-4.66,0.05,1,0,175
11740,6,0,0,3,1,-5.21,0.05,1,0,175
11741,363,9,9,117,37,30.52,0.05,0,1,175
11742,13,0,0,6,2,-4.48,0.05,1,0,175
11743,20,0,0,7,3,-5.3,0.05,1,0,175
11744,400,9,9,122,42,29.0,0.05,0,1,175
11745,6,0,0,3,1,-4.31,0.05,1,0,175
11746,27,1,1,12,4,-2.87,0.05,1,0,175
11747,54,0,0,21,7,-1.59,0.05,1,0,175
11748,134,3,3,57,17,8.91,0.05,1,0,175
11749,227,3,3,84,27,10.33,0.05,1,0,175
11750,132,5,5,55,16,8.68,0.05,1,0,175
11751,373,9,9,116,40,30.92,0.05,0,1,175
11752,70,1,1,35,10,-1.35,0.05,1,0,175
11753,240,4,4,93,28,14.45,0.05,1,0,175
11754,255,5,5,99,30,18.0,0.05,1,0,175
11755,123,1,1,52,15,7.32,0.05,1,0,175
11756,87,2,2,40,11,5.18,0.05,1,0,175
11757,82,1,1,39,10,5.83,0.05,1,0,175
11758,7,0,0,5,1,-4.12,0.05,1,0,175
11759,58,0,0,24,8,-1.88,0.05,1,0,175
11760,186,2,2,43,24,-2.61,0.05,1,0,175
11761,20,0,0,10,3,-4.35,0.05,1,0,175
11762,13,0,0,9,2,-4.53,0.05,1,0,175
11763,136,2,2,61,16,9.39,0.05,1,0,175
11764,56,0,0,23,8,-3.01,0.05,1,0,175
11765,126,3,3,53,17,4.29,0.05,1,0,175
11766,53,0,0,25,7,-0.53,0.05,1,0,175
11767,36,0,0,15,5,-3.11,0.05,1,0,175
11768,235,4,4,80,30,8.95,0.05,1,0,175
11769,52,1,1,22,7,-2.22,0.05,1,0,175
11770,20,0,0,8,3,-4.5,0.05,1,0,175
11771,22,0,0,9,3,-4.07,0.05,1,0,175
11772,367,8,8,120,41,24.13,0.05,1,0,175
11773,400,9,9,125,43,31.55,0.05,0,1,175
11774,51,2,2,19,7,-2.56,0.05,1,0,175
11775,13,0,0,5,2,-4.88,0.05,1,0,175
11776,28,0,0,9,4,-5.78,0.05,1,0,175
11777,6,0,0,3,1,-4.76,0.05,1,0,175
11778,13,0,0,5,2,-5.33,0.05,1,0,175
11779,6,0,0,3,1,-4.76,0.05,1,0,175
11780,199,1,1,77,24,9.96,0.05,1,0,175
11781,13,0,0,6,2,-4.38,0.05,1,0,175
11782,43,2,2,19,6,0.17,0.05,1,0,175
11783,329,7,7,107,39,15.91,0.05,1,0,175
11784,400,9,9,130,45,32.0,0.05,0,1,175
11785,111,3,3,41,14,3.29,0.05,1,0,175
11786,386,9,9,120,41,29.69,0.05,0,1,175
11787,6,0,0,3,1,-4.76,0.05,1,0,175
11788,13,0,0,5,2,-4.28,0.05,1,0,175
11789,92,2,2,34,12,0.63,0.05,1,0,175
11790,114,0,0,48,14,4.36,0.05,1,0,175
11791,300,5,5,107,34,20.8,0.05,1,0,175
11792,5,0,0,3,1,-4.65,0.05,1,0,175
11793,380,8,8,129,42,26.1,0.05,1,0,175
11794,28,0,0,13,4,-3.28,0.05,1,0,175
11795,328,5,5,97,39,9.27,0.05,1,0,175
11796,180,3,3,64,22,5.7,0.05,1,0,175
11797,51,3,3,27,7,1.39,0.05,1,0,175
11798,40,0,0,18,5,-1.8,0.05,1,0,175
11799,127,0,0,54,16,1.23,0.05,1,0,175
11800,374,8,8,122,41,24.86,0.05,1,0,175
11801,136,1,1,48,16,4.44,0.05,1,0,175
11802,66,0,0,29,9,-1.71,0.05,1,0,175
11803,64,0,0,28,9,-2.64,0.05,1,0,175
11804,212,6,6,90,26,18.33,0.05,1,0,175
11805,150,2,2,59,19,4.9,0.05,1,0,175
11806,400,9,9,120,43,27.65,0.05,0,1,175
11807,6,0,0,3,1,-4.76,0.05,1,0,175
11808,387,9,9,126,42,32.48,0.05,0,1,175
11809,5,0,0,3,1,-4.2,0.05,1,0,175
11810,13,0,0,5,2,-5.23,0.05,1,0,175
11811,42,0,0,17,6,-4.82,0.05,1,0,175
11812,400,8,8,122,47,19.95,0.05,0,1,175
11813,96,2,2,50,12,6.19,0.05,1,0,175
11814,146,3,3,60,17,9.29,0.05,1,0,175
11815,240,7,7,88,26,19.35,0.05,1,0,175
11816,155,2,2,63,19,9.55,0.05,1,0,175
11817,171,5,5,67,22,7.74,0.05,1,0,175
11818,13,0,0,6,2,-4.38,0.05,1,0,175
11819,123,0,0,52,16,-0.83,0.05,1,0,175
11820,27,0,0,11,4,-5.12,0.05,1,0,175
11821,28,1,1,12,4,-2.13,0.05,1,0,175
11822,73,2,2,33,10,0.37,0.05,1,0,175
11823,378,9,9,124,43,29.77,0.05,0,1,175
11824,380,8,9,126,41,33.3,0.05,0,1,175
11825,58,1,1,26,8,-1.73,0.05,1,0,175
11826,400,9,9,127,45,28.8,0.05,0,1,175
11827,282,5,5,103,32,22.23,0.05,1,0,175
11828,400,9,9,127,44,30.35,0.05,0,1,175
11829,65,1,1,30,9,0.5,0.05,1,0,175
11830,400,8,8,118,44,24.65,0.05,0,1,175
11831,144,4,4,52,18,7.86,0.05,1,0,175
11832,378,9,9,120,42,32.17,0.05,0,1,175
11833,22,0,0,9,3,-4.27,0.05,1,0,175
11834,43,1,1,21,6,-1.98,0.05,1,0,175
11835,57,0,0,27,8,0.08,0.05,1,0,175
11836,380,9,9,134,43,28.0,0.05,1,0,175
11837,373,9,9,119,41,29.57,0.05,0,1,175
11838,28,0,0,14,4,-2.23,0.05,1,0,175
11839,169,1,1,64,21,6.71,0.05,1,0,175
11840,250,5,5,81,30,13.95,0.05,1,0,175
11841,185,4,4,67,22,6.6,0.05,1,0,175
11842,270,3,3,99,33,11.95,0.05,1,0,175
11843,6,0,0,3,1,-4.76,0.05,1,0,175
11844,29,0,0,16,4,-2.19,0.05,1,0,175
11845,400,9,9,116,45,25.75,0.05,0,1,175
11846,204,4,4,77,24,12.01,0.05,1,0,175
11847,299,7,7,102,35,21.31,0.05,1,0,175
11848,329,7,7,115,37,24.26,0.05,1,0,175
11849,92,1,1,39,12,1.38,0.05,1,0,175
11850,60,1,1,30,8,2.7,0.05,1,0,175
11851,369,7,7,123,42,21.91,0.05,1,0,175
11852,351,5,5,122,39,23.24,0.05,1,0,175
11853,27,0,0,10,4,-4.52,0.05,1,0,175
11854,5,0,0,3,1,-4.3,0.05,1,0,175
11855,330,7,7,107,35,19.55,0.05,1,0,175
11856,44,1,1,22,6,-1.14,0.05,1,0,175
11857,13,0,0,5,2,-5.23,0.05,1,0,175
11858,286,4,4,103,32,19.84,0.05,1,0,175
11859,337,6,6,106,40,13.38,0.05,1,0,175
11860,118,2,2,49,14,7.32,0.05,1,0,175
11861,84,1,1,43,10,5.51,0.05,1,0,175
11862,20,0,0,5,3,-5.95,0.05,1,0,175
11863,144,2,2,57,18,4.66,0.05,1,0,175
11864,47,1,1,28,6,2.83,0.05,1,0,175
11865,132,3,3,55,16,8.78,0.05,1,0,175
11866,84,0,0,30,11,-1.49,0.05,1,0,175
11867,128,2,2,55,16,8.42,0.05,1,0,175
11868,163,3,3,65,20,7.37,0.05,1,0,175
11869,6,0,0,3,1,-4.31,0.05,1,0,175
11870,137,2,2,55,17,4.28,0.05,1,0,175
11871,6,0,0,3,1,-4.76,0.05,1,0,175
11872,168,4,4,68,20,11.57,0.05,1,0,175
11873,28,1,1,9,4,-5.08,0.05,1,0,175
11874,14,0,0,7,2,-3.69,0.05,1,0,175
11875,6,0,0,3,1,-4.66,0.05,1,0,175
11876,67,1,1,24,9,-1.82,0.05,1,0,175
11877,57,2,2,29,8,0.88,0.05,1,0,175
11878,351,5,5,105,42,11.69,0.05,1,0,175
11879,396,8,9,123,43,27.99,0.05,0,1,175
11880,162,4,4,66,20,8.48,0.05,1,0,175
11881,392,8,9,121,41,29.68,0.05,0,1,175
11882,288,6,6,98,34,15.72,0.05,1,0,175
11883,228,3,3,84,28,6.87,0.05,1,0,175
11884,392,8,9,133,44,31.68,0.05,0,1,175
11885,35,0,0,16,5,-3.6,0.05,1,0,175
11886,256,6,6,99,31,17.99,0.05,1,0,175
11887,310,9,9,117,36,22.45,0.05,1,0,175
11888,150,2,2,56,20,1.1,0.05,1,0,175
11889,176,4,4,70,21,11.44,0.05,1,0,175
11890,211,3,3,84,25,11.59,0.05,1,0,175
11891,36,0,0,20,5,-1.76,0.05,1,0,175
11892,79,1,1,29,10,0.96,0.05,1,0,175
11893,20,0,0,9,3,-4.15,0.05,1,0,175
11894,249,5,5,90,31,13.21,0.05,1,0,175
11895,101,3,3,47,13,6.79,0.05,1,0,175
11896,96,3,3,38,13,4.79,0.05,1,0,175
11897,73,1,1,29,10,-0.48,0.05,1,0,175
11898,61,1,1,28,8,-0.26,0.05,1,0,175
11899,145,2,2,58,18,6.3,0.05,1,0,175
11900,71,1,1,34,10,-2.06,0.05,1,0,175
11901,21,0,0,9,3,-4.66,0.05,1,0,175
11902,367,8,9,121,43,27.18,0.05,0,1,175
11903,57,1,1,29,8,-0.42,0.05,1,0,175
11904,85,1,1,34,11,0.8,0.05,1,0,175
11905,74,4,4,39,10,6.41,0.05,1,0,175
11906,85,2,2,36,11,2.7,0.05,1,0,175
11907,113,2,2,51,15,3.77,0.05,1,0,175
11908,355,7,7,123,39,23.85,0.05,1,0,175
11909,5,0,0,4,1,-4.45,0.05,1,0,175
11910,386,8,9,122,42,26.24,0.05,0,1,175
11911,383,9,9,128,43,22.92,0.05,1,0,175
11912,133,2,2,54,17,3.72,0.05,1,0,175
11913,35,0,0,13,5,-3.75,0.05,1,0,175
11914,92,2,2,38,12,3.88,0.05,1,0,175
11915,102,3,3,40,13,1.98,0.05,1,0,175
11916,30,0,0,15,4,-3.25,0.05,1,0,175
11917,20,0,0,8,3,-3.95,0.05,1,0,175
11918,364,9,9,135,41,33.06,0.05,0,1,175
11919,399,8,9,124,43,27.56,0.05,0,1,175
11920,175,1,1,53,21,2.0,0.05,1,0,175
11921,400,8,8,118,46,27.6,0.05,0,1,175
11922,250,5,5,89,29,12.4,0.05,1,0,175
11923,13,0,0,5,2,-5.33,0.05,1,0,175
11924,400,8,8,122,45,27.1,0.05,0,1,175
11925,185,4,4,84,23,12.25,0.05,1,0,175
11926,304,5,5,109,34,17.51,0.05,1,0,175
11927,120,3,3,62,15,9.05,0.05,1,0,175
11928,336,9,9,106,38,22.29,0.05,1,0,175
11929,44,0,0,19,6,-3.09,0.05,1,0,175
11930,90,1,1,37,12,1.95,0.05,1,0,175
11931,190,4,4,70,22,11.95,0.05,1,0,175
11932,6,0,0,2,1,-5.06,0.05,1,0,175
11933,6,0,0,3,1,-4.76,0.05,1,0,175
11934,322,8,8,116,38,22.33,0.05,1,0,175
11935,49,0,0,19,7,-3.69,0.05,1,0,175
11936,283,6,6,92,33,13.47,0.05,1,0,175
11937,102,2,2,37,13,3.08,0.05,1,0,175
11938,36,0,0,13,5,-3.66,0.05,1,0,175
11939,282,5,5,95,32,18.83,0.05,1,0,175
11940,392,8,9,122,43,18.28,0.05,0,1,175
11941,35,0,0,12,5,-5.45,0.05,1,0,175
11942,58,1,1,22,8,-0.28,0.05,1,0,175
11943,13,0,0,7,2,-4.08,0.05,1,0,175
11944,36,0,0,19,5,-1.91,0.05,1,0,175
11945,118,1,1,44,15,2.32,0.05,1,0,175
11946,116,2,2,52,15,3.34,0.05,1,0,175
11947,111,2,2,46,14,2.04,0.05,1,0,175
11948,13,0,0,4,2,-5.63,0.05,1,0,175
11949,6,0,0,1,1,-5.36,0.05,1,0,175
11950,376,8,9,117,43,22.19,0.05,0,1,175
11951,20,0,0,8,3,-5.0,0.05,1,0,175
11952,258,6,6,92,29,17.42,0.05,1,0,175
11953,37,0,0,17,5,-1.37,0.05,1,0,175
11954,69,0,0,30,9,-0.54,0.05,1,0,175
11955,97,1,1,42,13,1.83,0.05,1,0,175
11956,28,0,0,15,4,-1.88,0.05,1,0,175
11957,158,3,3,56,20,4.92,0.05,1,0,175
11958,379,9,9,124,42,28.96,0.05,0,1,175
11959,196,3,3,76,24,10.49,0.05,1,0,175
11960,184,4,4,71,23,12.26,0.05,1,0,175
11961,130,2,2,58,17,5.55,0.05,1,0,175
11962,151,3,3,67,19,9.24,0.05,1,0,175
11963,58,1,1,26,8,0.57,0.05,1,0,175
11964,22,0,0,9,3,-4.82,0.05,1,0,175
11965,399,8,9,121,43,31.06,0.05,0,1,175
11966,52,0,0,20,7,-2.42,0.05,1,0,175
11967,254,4,4,94,28,19.36,0.05,1,0,175
11968,21,0,0,12,3,-2.81,0.05,1,0,175
11969,59,1,1,26,8,-1.69,0.05,1,0,175
11970,37,0,0,15,5,-3.17,0.05,1,0,175
11971,49,1,1,24,7,-0.14,0.05,1,0,175
11972,201,2,2,80,25,8.99,0.05,1,0,175
11973,87,1,1,36,12,1.28,0.05,1,0,175
11974,14,0,0,6,2,-4.89,0.05,1,0,175
11975,20,0,0,7,3,-5.3,0.05,1,0,175
11976,13,0,0,7,2,-4.08,0.05,1,0,175
11977,120,0,0,52,15,4.15,0.05,1,0,175
11978,20,0,0,7,3,-5.35,0.05,1,0,175
11979,177,1,1,79,22,9.88,0.05,1,0,175
11980,400,7,7,126,43,31.05,0.05,0,1,175
11981,164,3,3,67,19,12.66,0.05,1,0,175
11982,380,7,7,120,44,15.35,0.05,1,0,175
11983,400,9,9,124,45,28.75,0.05,0,1,175
11984,7,0,0,3,1,-4.27,0.05,1,0,175
11985,51,0,0,25,7,-1.31,0.05,1,0,175
11986,163,2,2,59,20,5.47,0.05,1,0,175
11987,193,1,1,84,25,4.57,0.05,1,0,175
11988,13,0,0,4,2,-5.53,0.05,1,0,175
11989,51,0,0,19,7,-3.56,0.05,1,0,175
11990,233,7,7,94,26,20.42,0.05,1,0,175
11991,87,1,1,35,12,-1.02,0.05,1,0,175
11992,141,4,4,54,18,8.04,0.05,1,0,175
11993,235,6,6,80,27,13.2,0.05,1,0,175
11994,6,0,0,1,1,-5.36,0.05,1,0,175
11995,85,1,1,45,11,4.15,0.05,1,0,175
11996,253,5,5,79,30,11.62,0.05,1,0,175
11997,400,9,9,126,44,31.3,0.05,0,1,175
11998,133,0,0,48,17,1.97,0.05,1,0,175
11999,20,0,0,10,3,-4.45,0.05,1,0,175
12000,60,0,0,24,8,-1.5,0.05,1,0,175
