round,steps,score,coins,crates,bombs,invalid,killed_self,got_killed,survived,epsilon,mean_abs_td,total_reward
1,18,0,0,7,2,9,1,1,0,1.0,1.14028,-19.025
2,13,0,0,3,1,9,1,1,0,0.9997,1.59193,-20.95
3,9,0,0,2,1,4,1,1,0,0.9994,1.58505,-18.69
4,6,0,0,0,1,4,1,1,0,0.9991,3.35167,-20.11
5,11,0,0,3,1,2,1,1,0,0.9988,1.81389,-19.761
6,33,0,0,4,1,19,1,1,0,0.9985,0.67326,-26.873
7,6,0,0,3,1,3,1,1,0,0.9982,2.44626,-20.201
8,18,0,0,3,1,8,1,1,0,0.9979,1.00521,-19.339
9,11,0,0,3,1,7,1,1,0,0.9976,1.53263,-18.772
10,7,0,0,3,1,3,1,1,0,0.9972,2.58191,-18.15
11,5,0,0,4,1,3,1,1,0,0.9969,3.6899,-19.72
12,9,0,0,3,1,4,1,1,0,0.9966,1.88646,-17.86
13,6,0,0,1,1,1,1,1,0,0.9963,3.08409,-19.873
14,5,0,0,4,1,4,1,1,0,0.996,3.71713,-19.82
15,20,0,0,3,1,10,1,1,0,0.9957,0.65883,-20.713
16,8,0,0,1,1,3,1,1,0,0.9954,2.31919,-18.39
17,15,0,0,4,1,7,1,1,0,0.9951,1.23519,-21.175
18,9,0,0,3,1,3,1,1,0,0.9948,1.95112,-20.165
19,7,0,0,4,1,5,1,1,0,0.9945,1.88586,-20.516
20,8,0,0,4,1,5,1,1,0,0.9942,2.20078,-20.361
21,6,0,0,3,1,3,1,1,0,0.9939,3.0256,-20.687
22,10,0,0,3,1,6,1,1,0,0.9936,1.47149,-19.825
23,18,0,0,3,1,8,1,1,0,0.9933,0.66371,-19.886
24,9,0,0,2,1,6,1,1,0,0.993,2.00746,-21.739
25,6,0,0,4,1,4,1,1,0,0.9927,2.98093,-20.38
26,13,0,0,1,1,9,1,1,0,0.9923,1.05113,-21.401
27,8,0,0,2,1,4,1,1,0,0.992,2.2911,-18.43
28,6,0,0,3,1,2,1,1,0,0.9917,2.96493,-20.223
29,6,0,0,3,1,2,1,1,0,0.9914,2.80504,-16.76
30,19,0,0,3,2,10,1,1,0,0.9911,1.07312,-21.47
31,20,0,0,2,1,13,1,1,0,0.9908,0.92005,-22.1
32,22,0,0,5,2,9,1,1,0,0.9905,0.54576,-19.235
33,32,1,1,6,2,13,1,1,0,0.9902,0.58597,-20.03
34,5,0,0,4,1,3,1,1,0,0.9899,2.68939,-24.438
35,5,0,0,3,1,3,1,1,0,0.9896,2.90302,-24.432
36,7,0,0,4,1,5,1,1,0,0.9893,1.66737,-20.774
37,15,0,0,3,1,10,1,1,0,0.989,0.50693,-21.307
38,6,0,0,3,1,3,1,1,0,0.9887,2.76107,-24.183
39,5,0,0,3,1,2,1,1,0,0.9884,2.52008,-19.451
40,5,0,0,3,1,2,1,1,0,0.9881,2.50041,-24.324
41,10,0,0,3,1,5,1,1,0,0.9878,0.49979,-18.737
42,6,0,0,3,1,4,1,1,0,0.9874,0.65611,-18.333
43,41,0,0,5,1,23,1,1,0,0.9871,0.32929,-32.466
44,8,0,0,4,1,5,1,1,0,0.9868,1.62568,-20.834
45,26,0,0,3,1,13,1,1,0,0.9865,0.097,-21.898
46,5,0,0,3,1,3,1,1,0,0.9862,2.2431,-22.486
47,11,0,0,4,1,6,1,1,0,0.9859,0.81329,-25.352
48,25,0,0,3,1,13,1,1,0,0.9856,0.35457,-22.135
49,11,0,0,3,1,4,1,1,0,0.9853,0.80765,-20.213
50,9,0,0,3,1,3,1,1,0,0.985,1.68305,-24.699
51,10,0,0,2,1,5,1,1,0,0.9847,1.68378,-23.917
52,5,0,0,3,1,2,1,1,0,0.9844,3.38771,-20.381
53,11,0,0,5,1,3,1,1,0,0.9841,0.84261,-17.03
54,6,0,0,4,1,1,1,1,0,0.9838,1.95092,-19.27
55,38,0,0,5,2,19,1,1,0,0.9835,0.58062,-29.873
56,25,0,0,5,3,11,1,1,0,0.9832,0.76702,-19.615
57,7,0,0,2,1,5,1,1,0,0.9829,0.3911,-19.184
58,9,0,0,2,1,5,1,1,0,0.9825,0.74925,-18.835
59,14,0,0,3,1,7,1,1,0,0.9822,0.12309,-18.913
60,11,0,0,2,1,5,1,1,0,0.9819,1.10777,-17.965
61,13,0,0,2,1,6,1,1,0,0.9816,1.30899,-19.455
62,6,0,0,2,1,3,1,1,0,0.9813,2.73073,-22.741
63,10,0,0,3,1,3,1,1,0,0.981,0.92317,-20.473
64,7,0,0,3,1,2,1,1,0,0.9807,1.03906,-21.954
65,17,0,0,5,2,6,1,1,0,0.9804,0.68273,-17.842
66,5,0,0,4,1,3,1,1,0,0.9801,1.21166,-20.055
67,9,0,0,3,1,5,1,1,0,0.9798,0.69524,-23.461
68,5,0,0,4,1,4,1,1,0,0.9795,1.78327,-20.955
69,5,0,0,3,1,3,1,1,0,0.9792,3.32084,-28.223
70,5,0,0,4,1,3,1,1,0,0.9789,2.26945,-20.29
71,11,0,0,2,1,3,1,1,0,0.9786,1.59614,-17.512
72,10,0,0,2,1,4,1,1,0,0.9783,0.901,-17.301
73,9,0,0,2,1,5,1,1,0,0.9779,2.0454,-19.007
74,10,0,0,3,1,3,1,1,0,0.9776,1.1711,-16.543
75,5,0,0,3,1,3,1,1,0,0.9773,1.32706,-18.655
76,7,0,0,4,1,5,1,1,0,0.977,1.85017,-29.829
77,5,0,0,3,1,3,1,1,0,0.9767,2.48513,-29.675
78,7,0,0,4,1,2,1,1,0,0.9764,1.28624,-27.858
79,13,0,0,2,1,8,1,1,0,0.9761,0.94596,-19.173
80,16,0,0,3,1,8,1,1,0,0.9758,0.41325,-30.864
81,15,0,0,3,1,8,1,1,0,0.9755,0.36022,-24.524
82,10,0,0,2,1,6,1,1,0,0.9752,0.88321,-18.383
83,8,0,0,2,1,3,1,1,0,0.9749,1.19896,-21.214
84,7,0,0,3,1,4,1,1,0,0.9746,2.11956,-29.609
85,9,0,0,3,1,2,1,1,0,0.9743,0.83973,-27.882
86,20,0,0,5,2,13,1,1,0,0.974,0.61014,-26.394
87,10,0,0,4,1,6,1,1,0,0.9737,0.79689,-21.69
88,8,0,0,2,1,7,1,1,0,0.9734,1.05219,-20.238
89,5,0,0,3,1,3,1,1,0,0.973,3.68123,-20.498
90,5,0,0,4,1,2,1,1,0,0.9727,1.80227,-29.16
91,20,0,0,3,1,6,1,1,0,0.9724,0.91775,-17.3
92,12,0,0,4,1,5,1,1,0,0.9721,0.97528,-21.148
93,22,0,0,3,1,12,1,1,0,0.9718,0.51881,-34.367
94,10,0,0,1,1,5,1,1,0,0.9715,1.78994,-18.022
95,6,0,0,3,1,4,1,1,0,0.9712,2.51557,-18.957
96,5,0,0,4,1,3,1,1,0,0.9709,1.73926,-29.487
97,8,0,0,4,1,2,1,1,0,0.9706,0.75904,-20.524
98,16,0,0,3,1,5,1,1,0,0.9703,0.3991,-17.616
99,6,0,0,2,1,3,1,1,0,0.97,3.03104,-17.982
100,5,0,0,4,1,3,1,1,0,0.9697,3.23871,-29.812
101,8,0,0,3,1,4,1,1,0,0.9694,1.40008,-22.694
102,7,0,0,3,1,3,1,1,0,0.9691,1.75164,-32.841
103,7,0,0,4,1,2,1,1,0,0.9688,1.68702,-32.111
104,5,0,0,3,1,3,1,1,0,0.9685,2.0707,-21.279
105,9,0,0,3,1,2,1,1,0,0.9681,1.98543,-17.8
106,18,0,0,2,1,8,1,1,0,0.9678,0.66695,-35.241
107,10,0,0,3,1,6,1,1,0,0.9675,0.87684,-17.953
108,8,0,0,1,1,4,1,1,0,0.9672,0.86711,-17.54
109,6,0,0,3,1,3,1,1,0,0.9669,1.75197,-30.371
110,20,0,0,5,2,8,1,1,0,0.9666,0.95693,-16.357
111,7,0,0,3,1,4,1,1,0,0.9663,2.12519,-22.913
112,5,0,0,3,1,1,1,1,0,0.966,1.88873,-32.274
113,8,0,0,3,1,5,1,1,0,0.9657,1.63692,-26.073
114,5,0,0,3,1,3,1,1,0,0.9654,3.20364,-33.074
115,10,0,0,6,1,4,1,1,0,0.9651,0.75675,-16.681
116,8,0,0,4,1,2,1,1,0,0.9648,0.35651,-20.414
117,15,0,0,3,1,12,1,1,0,0.9645,0.55459,-20.217
118,8,0,0,3,1,4,1,1,0,0.9642,1.32555,-30.366
119,8,0,0,3,1,4,1,1,0,0.9639,1.36281,-27.373
120,8,0,0,2,1,4,1,1,0,0.9636,1.95033,-34.287
121,6,0,0,2,1,4,1,1,0,0.9633,2.99151,-22.514
122,5,0,0,1,1,2,1,1,0,0.9629,2.50323,-38.03
123,12,0,0,3,1,5,1,1,0,0.9626,1.07696,-34.757
124,11,0,0,2,1,6,1,1,0,0.9623,1.09019,-17.852
125,7,0,0,3,1,2,1,1,0,0.962,1.3822,-26.884
126,9,0,0,2,1,6,1,1,0,0.9617,1.46398,-29.093
127,18,0,0,2,1,8,1,1,0,0.9614,0.84625,-31.362
128,18,0,0,1,1,7,1,1,0,0.9611,0.72893,-19.012
129,6,0,0,3,1,3,1,1,0,0.9608,2.2616,-37.755
130,13,0,0,3,1,8,1,1,0,0.9605,0.90343,-29.695
131,6,0,0,2,1,4,1,1,0,0.9602,2.22083,-38.495
132,40,0,0,4,1,19,1,1,0,0.9599,0.24661,-40.843
133,6,0,0,1,1,2,1,1,0,0.9596,2.95678,-18.056
134,6,0,0,0,1,3,1,1,0,0.9593,2.20183,-29.318
135,6,0,0,3,1,4,1,1,0,0.959,1.91557,-26.751
136,5,0,0,2,1,2,1,1,0,0.9587,2.81591,-38.503
137,10,0,0,1,1,3,1,1,0,0.9584,0.95571,-16.285
138,5,0,0,3,1,3,1,1,0,0.958,1.85708,-26.227
139,7,0,0,3,1,4,1,1,0,0.9577,1.62977,-27.803
140,11,0,0,2,1,3,1,1,0,0.9574,0.89574,-29.209
141,16,0,0,3,1,5,1,1,0,0.9571,0.75228,-22.483
142,14,0,0,3,1,5,1,1,0,0.9568,0.42857,-17.236
143,5,0,0,2,1,3,1,1,0,0.9565,1.78887,-27.312
144,9,0,0,2,1,4,1,1,0,0.9562,1.23079,-29.772
145,6,0,0,2,1,4,1,1,0,0.9559,2.20173,-39.749
146,10,0,0,3,1,6,1,1,0,0.9556,0.85853,-27.921
147,7,0,0,3,1,2,1,1,0,0.9553,0.62462,-15.732
148,10,0,0,4,1,6,1,1,0,0.955,0.65795,-27.701
149,11,0,0,2,1,5,1,1,0,0.9547,0.42303,-16.853
150,10,0,0,2,1,3,1,1,0,0.9544,0.47719,-16.184
151,24,0,0,3,1,10,1,1,0,0.9541,0.61564,-31.297
152,5,0,0,4,1,3,1,1,0,0.9538,1.75709,-38.476
153,6,0,0,3,1,3,1,1,0,0.9535,1.71856,-38.93
154,7,0,0,3,1,2,1,1,0,0.9531,1.11109,-37.851
155,13,0,0,4,1,4,1,1,0,0.9528,1.47193,-18.544
156,5,0,0,2,1,2,1,1,0,0.9525,2.28143,-27.142
157,10,0,0,3,1,5,1,1,0,0.9522,1.18331,-28.967
158,8,0,0,2,1,5,1,1,0,0.9519,1.1437,-29.488
159,7,0,0,3,1,1,1,1,0,0.9516,1.45334,-37.848
160,13,0,0,3,1,5,1,1,0,0.9513,1.01065,-16.14
161,8,0,0,3,1,3,1,1,0,0.951,0.8919,-35.158
162,5,0,0,2,1,2,1,1,0,0.9507,1.66976,-21.53
163,13,0,0,3,1,5,1,1,0,0.9504,0.51471,-28.684
164,5,0,0,1,1,4,1,1,0,0.9501,1.76255,-24.531
165,5,0,0,4,1,2,1,1,0,0.9498,1.3448,-26.157
166,8,0,0,1,1,5,1,1,0,0.9495,0.97707,-30.285
167,15,0,0,2,1,7,1,1,0,0.9492,0.55805,-27.215
168,13,0,0,2,1,5,1,1,0,0.9489,0.60847,-17.417
169,11,0,0,3,1,3,1,1,0,0.9486,0.68959,-38.768
170,5,0,0,4,1,2,1,1,0,0.9482,2.31904,-39.448
171,17,0,0,2,1,8,1,1,0,0.9479,0.43085,-30.824
172,10,0,0,3,1,4,1,1,0,0.9476,0.79965,-29.026
173,12,0,0,4,1,4,1,1,0,0.9473,0.49874,-17.894
174,15,0,0,6,1,10,1,1,0,0.947,0.78551,-30.111
175,11,0,0,4,1,6,1,1,0,0.9467,1.07445,-36.676
176,6,0,0,3,1,4,1,1,0,0.9464,1.39613,-28.757
177,25,0,0,2,1,8,1,1,0,0.9461,0.16786,-17.658
178,8,0,0,2,1,6,1,1,0,0.9458,1.01713,-31.179
179,7,0,0,2,1,4,1,1,0,0.9455,0.9784,-37.081
180,5,0,0,4,1,3,1,1,0,0.9452,2.09713,-40.31
181,20,0,0,2,1,8,1,1,0,0.9449,0.31928,-31.961
182,7,0,0,1,1,4,1,1,0,0.9446,1.53465,-38.147
183,9,0,0,4,1,4,1,1,0,0.9443,0.88536,-40.097
184,5,0,0,2,1,1,1,1,0,0.944,0.98385,-17.368
185,9,0,0,2,1,2,1,1,0,0.9436,0.31761,-15.512
186,6,0,0,2,1,2,1,1,0,0.9433,0.42992,-15.465
187,8,0,0,4,1,5,1,1,0,0.943,0.81169,-28.847
188,5,0,0,3,1,2,1,1,0,0.9427,1.11776,-28.517
189,9,0,0,2,1,3,1,1,0,0.9424,0.71199,-15.632
190,7,0,0,3,1,4,1,1,0,0.9421,0.91994,-30.27
191,8,0,0,4,1,3,1,1,0,0.9418,0.58022,-28.273
192,5,0,0,4,1,4,1,1,0,0.9415,0.79715,-29.473
193,9,0,0,2,1,5,1,1,0,0.9412,1.02075,-31.154
194,6,0,0,4,1,3,1,1,0,0.9409,1.13197,-37.757
195,20,0,0,2,2,9,1,1,0,0.9406,0.54765,-15.288
196,9,0,0,3,1,6,1,1,0,0.9403,0.30966,-15.915
197,8,0,0,3,1,6,1,1,0,0.94,0.61922,-31.198
198,5,0,0,2,1,3,1,1,0,0.9397,2.49099,-17.739
199,6,0,0,2,1,4,1,1,0,0.9394,1.22673,-25.256
200,5,0,0,3,1,3,1,1,0,0.9391,1.54561,-41.043
201,16,0,0,3,2,5,1,1,0,0.9387,1.2864,-15.124
202,7,0,0,4,1,4,1,1,0,0.9384,0.92771,-39.173
203,5,0,0,3,1,3,1,1,0,0.9381,0.9,-21.313
204,5,0,0,3,1,1,1,1,0,0.9378,1.12341,-34.06
205,8,0,0,3,1,2,1,1,0,0.9375,0.0947,-14.402
206,8,0,0,2,1,4,1,1,0,0.9372,0.99349,-30.664
207,21,0,0,2,1,6,1,1,0,0.9369,0.36139,-15.721
208,12,0,0,3,1,4,1,1,0,0.9366,0.60287,-25.195
209,7,0,0,3,1,4,1,1,0,0.9363,1.3504,-41.329
210,9,0,0,3,1,5,1,1,0,0.936,0.27232,-15.982
211,7,0,0,2,1,1,1,1,0,0.9357,0.82883,-28.871
212,6,0,0,4,1,3,1,1,0,0.9354,0.85126,-40.884
213,6,0,0,4,1,4,1,1,0,0.9351,1.66252,-41.603
214,8,0,0,3,1,5,1,1,0,0.9348,0.48257,-29.774
215,6,0,0,2,1,3,1,1,0,0.9345,1.14964,-31.249
216,14,0,0,5,1,6,1,1,0,0.9342,1.14019,-36.312
217,13,0,0,3,1,3,1,1,0,0.9338,0.23988,-29.389
218,6,0,0,2,1,4,1,1,0,0.9335,0.79535,-30.153
219,9,0,0,5,1,2,1,1,0,0.9332,0.49114,-16.952
220,5,0,0,4,1,2,1,1,0,0.9329,0.78091,-30.009
221,35,0,0,3,1,15,1,1,0,0.9326,0.13339,-17.403
222,7,0,0,4,1,3,1,1,0,0.9323,1.3345,-44.001
223,9,0,0,3,1,2,1,1,0,0.932,0.40165,-28.759
224,6,0,0,3,1,4,1,1,0,0.9317,1.11,-44.705
225,8,0,0,4,1,4,1,1,0,0.9314,1.90126,-30.495
226,8,0,0,2,1,5,1,1,0,0.9311,0.46939,-30.524
227,5,0,0,3,1,3,1,1,0,0.9308,1.29221,-44.447
228,7,0,0,3,1,4,1,1,0,0.9305,0.19615,-15.162
229,9,0,0,3,1,5,1,1,0,0.9302,0.63564,-41.058
230,6,0,0,1,1,3,1,1,0,0.9299,0.69822,-30.218
231,6,0,0,2,1,3,1,1,0,0.9296,1.17013,-41.631
232,6,0,0,3,1,2,1,1,0,0.9293,1.31163,-43.856
233,18,0,0,3,1,6,1,1,0,0.929,0.24428,-13.837
234,14,0,0,5,1,4,1,1,0,0.9286,1.183,-15.102
235,6,0,0,4,1,4,1,1,0,0.9283,1.31766,-44.531
236,19,0,0,2,1,7,1,1,0,0.928,0.83048,-29.272
237,13,0,0,3,1,5,1,1,0,0.9277,0.09009,-13.897
238,8,0,0,4,1,3,1,1,0,0.9274,1.46931,-35.572
239,7,0,0,6,1,1,1,1,0,0.9271,2.21809,-14.355
240,7,0,0,3,1,4,1,1,0,0.9268,0.66209,-29.706
241,58,0,0,3,3,32,1,1,0,0.9265,0.42151,-24.208
242,8,0,0,4,1,4,1,1,0,0.9262,1.08024,-36.008
243,5,0,0,2,1,2,1,1,0,0.9259,2.09668,-44.576
244,5,0,0,4,1,3,1,1,0,0.9256,2.39158,-46.336
245,6,0,0,3,1,2,1,1,0,0.9253,0.52882,-14.048
246,7,0,0,3,1,4,1,1,0,0.925,0.52602,-29.719
247,10,0,0,4,1,4,1,1,0,0.9247,1.0006,-46.636
248,8,0,0,5,1,4,1,1,0,0.9244,2.17105,-29.786
249,5,0,0,3,1,3,1,1,0,0.9241,2.12753,-47.665
250,8,0,0,2,1,5,1,1,0,0.9237,0.41373,-30.702
251,11,0,0,2,1,5,1,1,0,0.9234,1.19522,-41.859
252,25,0,0,5,1,10,1,1,0,0.9231,0.30755,-17.017
253,9,0,0,2,1,6,1,1,0,0.9228,0.36179,-30.949
254,5,0,0,3,1,2,1,1,0,0.9225,2.2553,-30.923
255,7,0,0,2,1,2,1,1,0,0.9222,0.50811,-14.508
256,10,0,0,3,1,5,1,1,0,0.9219,0.14663,-14.308
257,7,0,0,4,1,4,1,1,0,0.9216,1.90209,-36.484
258,13,0,0,3,1,9,1,1,0,0.9213,0.47669,-31.73
259,34,0,0,4,1,14,1,1,0,0.921,0.2784,-35.489
260,6,0,0,3,1,3,1,1,0,0.9207,2.59656,-27.925
261,33,0,0,6,3,10,1,1,0,0.9204,0.27033,-26.77
262,6,0,0,4,1,3,1,1,0,0.9201,1.44474,-47.238
263,5,0,0,4,1,2,1,1,0,0.9198,1.47156,-48.453
264,6,0,0,2,1,5,1,1,0,0.9195,1.60276,-40.095
265,10,0,0,4,1,5,1,1,0,0.9192,1.06579,-38.13
266,8,0,0,3,1,5,1,1,0,0.9188,0.38479,-17.859
267,10,0,0,3,1,6,1,1,0,0.9185,1.3798,-35.179
268,9,0,0,2,1,7,1,1,0,0.9182,0.64138,-31.684
269,16,0,0,2,1,8,1,1,0,0.9179,0.23981,-30.717
270,10,0,0,3,1,7,1,1,0,0.9176,1.01981,-42.189
271,14,0,0,3,1,9,1,1,0,0.9173,0.21306,-31.414
272,16,0,0,3,1,4,1,1,0,0.917,0.27126,-12.755
273,8,0,0,3,1,3,1,1,0,0.9167,0.29672,-29.497
274,33,0,0,3,1,15,1,1,0,0.9164,0.33133,-47.455
275,17,0,0,3,1,10,1,1,0,0.9161,0.11284,-30.859
276,6,0,0,3,1,2,1,1,0,0.9158,0.69243,-29.263
277,5,0,0,4,1,3,1,1,0,0.9155,1.44843,-48.572
278,7,0,0,4,1,4,1,1,0,0.9152,1.27307,-49.035
279,6,0,0,4,1,3,1,1,0,0.9149,1.78304,-41.53
280,6,0,0,4,1,3,1,1,0,0.9146,1.80788,-49.002
281,33,1,1,6,3,17,1,1,0,0.9143,0.69,-34.214
282,15,0,0,3,1,7,1,1,0,0.9139,0.22691,-30.626
283,8,0,0,2,1,4,1,1,0,0.9136,0.28732,-14.667
284,8,0,0,2,1,7,1,1,0,0.9133,1.46905,-37.508
285,8,0,0,3,1,4,1,1,0,0.913,2.31866,-18.354
286,6,0,0,4,1,4,1,1,0,0.9127,1.29619,-42.286
287,10,0,0,2,1,5,1,1,0,0.9124,0.19782,-15.026
288,6,0,0,3,1,2,1,1,0,0.9121,0.33875,-29.911
289,22,0,0,4,1,11,1,1,0,0.9118,0.08096,-16.553
290,9,0,0,5,1,4,1,1,0,0.9115,1.89939,-16.434
291,6,0,0,2,1,4,1,1,0,0.9112,0.35506,-30.983
292,9,0,0,3,1,4,1,1,0,0.9109,1.35921,-49.261
293,19,0,0,4,1,10,1,1,0,0.9106,0.54615,-43.03
294,7,0,0,2,1,4,1,1,0,0.9103,0.37554,-30.853
295,5,0,0,3,1,3,1,1,0,0.91,1.73001,-43.905
296,16,0,0,2,1,11,1,1,0,0.9097,0.12538,-32.314
297,17,0,0,2,1,6,1,1,0,0.9093,0.12189,-29.216
298,5,0,0,1,1,2,1,1,0,0.909,3.85418,-38.686
299,8,0,0,3,1,3,1,1,0,0.9087,0.16717,-14.335
300,17,0,0,5,1,9,1,1,0,0.9084,0.35422,-20.33
301,7,0,0,2,1,1,1,1,0,0.9081,0.26382,-29.589
302,8,0,0,1,1,3,1,1,0,0.9078,1.55112,-31.359
303,32,0,0,3,1,16,1,1,0,0.9075,0.08181,-28.904
304,13,0,0,3,1,8,1,1,0,0.9072,0.09592,-30.385
305,12,0,0,2,1,3,1,1,0,0.9069,0.11435,-28.625
306,13,0,0,2,1,6,1,1,0,0.9066,1.07608,-32.476
307,8,0,0,3,1,4,1,1,0,0.9063,0.23933,-29.956
308,6,0,0,2,1,3,1,1,0,0.906,0.20812,-15.071
309,12,0,0,3,1,6,1,1,0,0.9057,0.67306,-50.413
310,5,0,0,3,1,3,1,1,0,0.9054,2.59279,-21.546
311,15,0,0,3,1,4,1,1,0,0.9051,0.3846,-47.438
312,6,0,0,2,1,4,1,1,0,0.9048,0.25296,-31.194
313,9,0,0,4,1,4,1,1,0,0.9044,1.4132,-44.744
314,9,0,0,3,1,2,1,1,0,0.9041,0.10232,-28.877
315,13,0,0,2,1,7,1,1,0,0.9038,0.07836,-30.542
316,12,0,0,5,1,5,1,1,0,0.9035,0.83327,-29.904
317,18,0,0,4,2,7,1,1,0,0.9032,0.9334,-35.428
318,17,0,0,2,1,9,1,1,0,0.9029,0.04967,-29.921
319,9,0,0,3,1,6,1,1,0,0.9026,0.1519,-30.982
320,9,0,0,2,1,4,1,1,0,0.9023,0.42935,-14.901
321,14,0,0,3,1,6,1,1,0,0.902,0.05681,-29.312
322,5,0,0,3,1,3,1,1,0,0.9017,1.35976,-52.212
323,5,0,0,3,1,2,1,1,0,0.9014,2.34566,-46.904
324,10,0,0,2,1,3,1,1,0,0.9011,0.19201,-13.857
325,7,0,0,3,1,3,1,1,0,0.9008,0.19282,-14.076
326,9,0,0,3,1,4,1,1,0,0.9005,1.4509,-49.464
327,8,0,0,3,1,3,1,1,0,0.9002,0.16541,-14.375
328,18,0,0,3,1,7,1,1,0,0.8999,0.0844,-27.905
329,5,0,0,2,1,3,1,1,0,0.8995,2.1647,-47.869
330,12,0,0,3,1,6,1,1,0,0.8992,1.28227,-44.878
331,6,0,0,3,1,3,1,1,0,0.8989,1.9875,-53.273
332,16,0,0,5,2,10,1,1,0,0.8986,0.07519,-13.037
333,10,0,0,2,1,5,1,1,0,0.8983,0.65806,-52.972
334,8,0,0,4,1,2,1,1,0,0.898,1.10487,-51.633
335,10,0,0,3,1,3,1,1,0,0.8977,0.1615,-29.321
336,7,0,0,2,1,5,1,1,0,0.8974,0.1616,-30.897
337,9,0,0,2,1,5,1,1,0,0.8971,0.12711,-14.589
338,15,0,0,3,1,8,1,1,0,0.8968,0.14358,-13.465
339,16,0,0,4,1,7,1,1,0,0.8965,0.54452,-47.254
340,5,0,0,3,1,3,1,1,0,0.8962,1.72935,-48.018
341,5,0,0,4,1,3,1,1,0,0.8959,2.16943,-52.46
342,7,0,0,3,1,3,1,1,0,0.8956,0.15278,-13.91
343,9,0,0,3,1,5,1,1,0,0.8953,1.22178,-52.717
344,12,0,0,4,1,4,1,1,0,0.895,0.71315,-46.59
345,10,0,0,4,1,5,1,1,0,0.8946,1.88975,-18.106
346,10,0,0,3,1,4,1,1,0,0.8943,0.93354,-38.572
347,8,0,0,3,1,4,1,1,0,0.894,0.06933,-14.267
348,5,0,0,1,1,2,1,1,0,0.8937,4.12938,-27.129
349,17,0,0,2,1,9,1,1,0,0.8934,0.08676,-29.457
350,5,0,0,3,1,1,1,1,0,0.8931,3.27529,-15.914
351,6,0,0,3,1,2,1,1,0,0.8928,0.12493,-13.889
352,11,0,0,2,1,8,1,1,0,0.8925,0.09512,-31.194
353,8,0,0,3,1,3,1,1,0,0.8922,0.06362,-29.702
354,39,0,0,2,2,22,1,1,0,0.8919,0.39193,-44.609
355,5,0,0,2,1,3,1,1,0,0.8916,1.46568,-50.784
356,17,0,0,1,1,10,1,1,0,0.8913,0.12239,-30.251
357,5,0,0,4,1,3,1,1,0,0.891,1.29448,-53.291
358,15,0,0,2,1,7,1,1,0,0.8907,0.05543,-29.733
359,6,0,0,3,1,3,1,1,0,0.8904,0.16923,-29.949
360,8,0,0,3,1,5,1,1,0,0.8901,0.05091,-30.663
361,5,0,0,2,1,2,1,1,0,0.8898,1.36265,-54.704
362,9,0,0,4,1,5,1,1,0,0.8894,0.96026,-53.671
363,12,0,0,1,1,5,1,1,0,0.8891,0.14719,-29.681
364,6,0,0,2,1,4,1,1,0,0.8888,0.14124,-30.869
365,7,0,0,4,1,5,1,1,0,0.8885,1.6283,-51.703
366,8,0,0,3,1,3,1,1,0,0.8882,0.09639,-29.485
367,7,0,0,3,1,4,1,1,0,0.8879,0.15083,-30.318
368,29,0,0,5,3,6,1,1,0,0.8876,0.86195,-10.507
369,8,0,0,1,1,6,1,1,0,0.8873,0.14688,-31.532
370,8,0,0,3,1,4,1,1,0,0.887,0.32679,-14.389
371,9,0,0,2,1,4,1,1,0,0.8867,0.10777,-30.095
372,15,0,0,3,1,6,1,1,0,0.8864,0.08658,-12.283
373,14,0,0,3,1,9,1,1,0,0.8861,0.06092,-30.448
374,10,0,0,3,1,8,1,1,0,0.8858,0.52901,-30.826
375,12,0,0,3,1,4,1,1,0,0.8855,0.06175,-13.049
376,5,0,0,4,1,2,1,1,0,0.8852,1.64331,-53.237
377,6,0,0,3,1,2,1,1,0,0.8849,0.11962,-29.745
378,11,0,0,3,1,5,1,1,0,0.8845,0.06935,-13.578
379,9,0,0,4,1,5,1,1,0,0.8842,1.08801,-54.828
380,11,0,0,2,1,5,1,1,0,0.8839,0.18448,-14.127
381,6,0,0,1,1,2,1,1,0,0.8836,2.17275,-17.067
382,8,0,0,3,1,4,1,1,0,0.8833,1.29679,-26.667
383,9,0,0,2,1,6,1,1,0,0.883,0.41505,-31.104
384,17,0,0,3,1,7,1,1,0,0.8827,0.07103,-27.759
385,6,0,0,3,1,3,1,1,0,0.8824,0.81527,-54.752
386,20,0,0,3,1,13,1,1,0,0.8821,0.02234,-29.823
387,5,0,0,4,1,3,1,1,0,0.8818,1.16938,-50.919
388,5,0,0,3,1,2,1,1,0,0.8815,1.77563,-26.386
389,16,0,0,1,1,6,1,1,0,0.8812,0.1918,-28.756
390,6,0,0,2,1,3,1,1,0,0.8809,0.1073,-30.705
391,10,0,0,1,1,3,1,1,0,0.8806,0.39422,-16.017
392,12,0,0,2,1,8,1,1,0,0.8803,0.10353,-16.007
393,19,0,0,2,1,11,1,1,0,0.88,0.09233,-29.853
394,5,0,0,3,1,2,1,1,0,0.8796,2.02686,-40.388
395,9,0,0,2,1,6,1,1,0,0.8793,0.051,-30.844
396,18,0,0,3,1,7,1,1,0,0.879,1.06828,-30.768
397,5,0,0,2,1,3,1,1,0,0.8787,5.28969,-32.483
398,9,0,0,2,1,4,1,1,0,0.8784,0.04719,-30.212
399,8,0,0,3,1,3,1,1,0,0.8781,0.173,-14.148
400,31,0,0,3,1,11,1,1,0,0.8778,0.61814,-16.071
401,9,0,0,2,1,5,1,1,0,0.8775,0.03285,-30.866
402,5,0,0,2,1,4,1,1,0,0.8772,1.33499,-49.881
403,6,0,0,3,1,3,1,1,0,0.8769,1.13669,-48.689
404,10,0,0,1,1,3,1,1,0,0.8766,0.22489,-30.03
405,29,0,0,4,2,13,1,1,0,0.8763,0.13765,-28.815
406,16,0,0,4,1,8,1,1,0,0.876,0.32427,-48.397
407,8,0,0,1,1,5,1,1,0,0.8757,0.26036,-15.603
408,20,0,0,3,1,9,1,1,0,0.8754,0.31376,-50.932
409,9,0,0,1,1,6,1,1,0,0.875,0.08684,-31.733
410,15,0,0,4,1,6,1,1,0,0.8747,0.61679,-53.743
411,11,0,0,2,1,5,1,1,0,0.8744,0.24269,-14.282
412,14,0,0,7,2,5,1,1,0,0.8741,1.34048,-22.816
413,9,0,0,2,1,5,1,1,0,0.8738,0.06428,-14.933
414,11,0,0,3,1,7,1,1,0,0.8735,0.05851,-31.149
415,11,0,0,2,1,3,1,1,0,0.8732,1.29193,-48.879
416,15,0,0,2,1,5,1,1,0,0.8729,0.07092,-12.621
417,12,0,0,2,1,7,1,1,0,0.8726,0.10259,-15.12
418,5,0,0,3,1,4,1,1,0,0.8723,1.04702,-51.362
419,22,0,0,2,1,15,1,1,0,0.872,0.06133,-30.44
420,6,0,0,2,1,2,1,1,0,0.8717,0.08547,-30.38
421,35,1,1,6,2,15,1,1,0,0.8714,0.53315,-18.36
422,5,0,0,3,1,3,1,1,0,0.8711,2.17676,-57.158
423,15,0,0,1,1,6,1,1,0,0.8708,0.18332,-13.565
424,9,0,0,2,1,3,1,1,0,0.8705,0.07673,-29.804
425,9,0,0,1,1,3,1,1,0,0.8701,0.0755,-30.715
426,9,0,0,4,1,7,1,1,0,0.8698,1.337,-57.152
427,7,0,0,2,1,3,1,1,0,0.8695,0.07467,-14.713
428,9,0,0,3,1,5,1,1,0,0.8692,0.10106,-14.386
429,13,0,0,5,1,8,1,1,0,0.8689,1.34231,-30.872
430,6,0,0,3,1,3,1,1,0,0.8686,0.05466,-30.931
431,26,0,0,4,2,9,1,1,0,0.8683,0.90453,-16.119
432,5,0,0,2,1,4,1,1,0,0.868,0.93589,-52.885
433,8,0,0,3,1,6,1,1,0,0.8677,0.12053,-31.445
434,11,0,0,2,1,7,1,1,0,0.8674,0.04429,-30.794
435,6,0,0,3,1,1,1,1,0,0.8671,0.09268,-29.651
436,29,0,0,3,2,15,1,1,0,0.8668,0.08502,-28.797
437,6,0,0,2,1,4,1,1,0,0.8665,0.08407,-31.197
438,16,0,0,2,1,4,1,1,0,0.8662,1.09835,-12.513
439,18,0,0,1,1,6,1,1,0,0.8659,0.81022,-19.849
440,7,0,0,3,1,2,1,1,0,0.8656,1.40151,-57.902
441,6,0,0,3,1,3,1,1,0,0.8652,0.05756,-30.665
442,9,0,0,5,1,4,1,1,0,0.8649,1.59636,-23.499
443,25,0,0,5,2,10,1,1,0,0.8646,0.67841,-42.516
444,8,0,0,2,1,6,1,1,0,0.8643,0.10586,-31.721
445,10,0,0,4,1,5,1,1,0,0.864,1.0684,-52.778
446,14,0,0,5,1,6,1,1,0,0.8637,0.88846,-23.345
447,5,0,0,4,1,2,1,1,0,0.8634,1.994,-53.039
448,21,0,0,4,2,8,1,1,0,0.8631,0.631,-44.547
449,20,0,0,2,2,6,1,1,0,0.8628,0.14815,-12.719
450,7,0,0,3,1,3,1,1,0,0.8625,0.04714,-14.665
451,12,0,0,3,1,4,1,1,0,0.8622,0.06604,-13.619
452,9,0,0,3,1,4,1,1,0,0.8619,0.04003,-30.433
453,8,0,0,3,1,3,1,1,0,0.8616,0.03409,-14.258
454,6,0,0,2,1,2,1,1,0,0.8613,2.53504,-38.92
455,6,0,0,2,1,1,1,1,0,0.861,1.88644,-44.424
456,6,0,0,1,1,4,1,1,0,0.8607,3.58036,-34.524
457,5,0,0,2,1,3,1,1,0,0.8603,4.00776,-35.705
458,5,0,0,2,1,3,1,1,0,0.86,1.4519,-56.769
459,13,0,0,3,1,6,1,1,0,0.8597,0.41647,-52.175
460,5,0,0,2,1,2,1,1,0,0.8594,2.47531,-36.637
461,15,2,2,3,2,5,1,1,0,0.8591,0.93259,-27.679
462,13,0,0,3,1,4,1,1,0,0.8588,0.03255,-13.642
463,15,0,0,2,1,8,1,1,0,0.8585,0.03821,-14.58
464,14,0,0,3,1,6,1,1,0,0.8582,0.65426,-34.707
465,5,0,0,4,1,3,1,1,0,0.8579,1.08246,-52.145
466,10,0,0,3,1,6,1,1,0,0.8576,0.00906,-31.165
467,20,0,0,3,1,8,1,1,0,0.8573,0.64745,-27.964
468,9,0,0,3,1,6,1,1,0,0.857,0.48436,-51.177
469,11,0,0,4,1,6,1,1,0,0.8567,0.54293,-50.897
470,6,0,0,2,1,2,1,1,0,0.8564,1.33488,-56.594
471,18,0,0,2,1,10,1,1,0,0.8561,0.96063,-20.97
472,19,0,0,2,1,11,1,1,0,0.8558,0.38316,-33.263
473,25,0,0,1,1,13,1,1,0,0.8555,0.05114,-31.737
474,20,0,0,2,1,13,1,1,0,0.8551,0.03017,-32.948
475,8,0,0,4,1,3,1,1,0,0.8548,0.44426,-51.288
476,6,0,0,4,1,3,1,1,0,0.8545,2.03015,-56.107
477,6,0,0,3,1,4,1,1,0,0.8542,0.07552,-31.359
478,19,0,0,1,1,9,1,1,0,0.8539,0.0863,-14.514
479,10,0,0,6,1,3,1,1,0,0.8536,0.7359,-26.21
480,5,0,0,3,1,3,1,1,0,0.8533,1.53908,-53.808
481,6,0,0,3,1,3,1,1,0,0.853,0.13045,-14.3
482,7,0,0,3,1,2,1,1,0,0.8527,1.08402,-53.263
483,8,0,0,2,1,5,1,1,0,0.8524,0.05405,-31.672
484,6,0,0,2,1,1,1,1,0,0.8521,0.07859,-14.285
485,15,0,0,6,2,8,1,1,0,0.8518,0.9129,-13.57
486,8,0,0,3,1,4,1,1,0,0.8515,0.11555,-30.852
487,13,0,0,3,1,6,1,1,0,0.8512,0.11136,-30.172
488,7,0,0,4,1,2,1,1,0,0.8509,1.58104,-44.115
489,7,0,0,2,1,2,1,1,0,0.8506,0.05175,-30.659
490,5,0,0,2,1,0,1,1,0,0.8502,3.71313,-36.935
491,7,0,0,2,1,4,1,1,0,0.8499,0.08572,-31.502
492,6,0,0,2,1,2,1,1,0,0.8496,0.18435,-14.869
493,10,0,0,1,1,2,1,1,0,0.8493,1.02132,-41.38
494,8,0,0,2,1,4,1,1,0,0.849,0.0531,-31.365
495,8,0,0,3,1,4,1,1,0,0.8487,0.04188,-30.968
496,7,0,0,2,1,3,1,1,0,0.8484,0.0806,-31.038
497,7,0,0,4,1,5,1,1,0,0.8481,0.68105,-56.894
498,16,0,0,5,2,6,1,1,0,0.8478,0.1047,-29.61
499,11,0,0,4,1,7,1,1,0,0.8475,1.05407,-57.519
500,17,0,0,3,1,4,1,1,0,0.8472,0.56048,-52.689
501,5,0,0,3,1,3,1,1,0,0.8469,2.08358,-59.771
502,14,0,0,2,1,7,1,1,0,0.8466,0.04601,-31.471
503,36,1,1,4,2,19,1,1,0,0.8463,0.6614,-19.435
504,5,0,0,2,1,3,1,1,0,0.846,2.2354,-60.73
505,9,0,0,2,1,4,1,1,0,0.8457,0.88709,-57.557
506,10,0,0,3,1,7,1,1,0,0.8453,0.03906,-15.42
507,9,0,0,3,1,7,1,1,0,0.845,0.06032,-31.667
508,6,0,0,4,1,2,1,1,0,0.8447,1.42122,-60.135
509,16,0,0,3,1,8,1,1,0,0.8444,0.02088,-30.294
510,7,0,0,1,1,2,1,1,0,0.8441,1.80761,-14.561
511,6,0,0,2,1,2,1,1,0,0.8438,2.36952,-42.488
512,9,0,0,4,1,5,1,1,0,0.8435,1.91889,-31.55
513,10,0,0,1,1,5,1,1,0,0.8432,0.07266,-31.491
514,7,0,0,3,1,5,1,1,0,0.8429,1.063,-58.404
515,6,0,0,3,1,2,1,1,0,0.8426,1.37127,-61.948
516,11,0,0,3,1,4,1,1,0,0.8423,0.07749,-13.783
517,6,0,0,3,1,1,1,1,0,0.842,1.28355,-61.623
518,6,0,0,2,1,3,1,1,0,0.8417,0.10414,-15.298
519,6,0,0,3,1,4,1,1,0,0.8414,2.50809,-29.287
520,9,0,0,2,1,6,1,1,0,0.8411,0.05537,-15.198
521,11,0,0,3,1,5,1,1,0,0.8407,0.06643,-31.059
522,5,0,0,3,1,1,1,1,0,0.8404,1.6725,-61.89
523,7,0,0,3,1,3,1,1,0,0.8401,0.10511,-30.562
524,7,0,0,1,1,3,1,1,0,0.8398,0.14555,-15.12
525,22,0,0,7,2,6,1,1,0,0.8395,0.94368,-10.328
526,7,0,0,1,1,4,1,1,0,0.8392,1.79926,-57.128
527,10,0,0,3,1,5,1,1,0,0.8389,0.71312,-58.545
528,13,0,0,3,1,6,1,1,0,0.8386,0.01807,-14.447
529,6,0,0,3,1,3,1,1,0,0.8383,3.91034,-40.242
530,9,0,0,2,1,5,1,1,0,0.838,0.05417,-14.547
531,14,0,0,6,1,5,1,1,0,0.8377,1.09415,-28.292
532,26,0,0,4,2,17,1,1,0,0.8374,0.78123,-29.212
533,8,0,0,3,1,3,1,1,0,0.8371,0.11038,-14.049
534,6,0,0,3,1,4,1,1,0,0.8368,1.05423,-58.54
535,7,0,0,3,1,4,1,1,0,0.8365,0.08944,-14.85
536,6,0,0,3,1,2,1,1,0,0.8362,0.94089,-58.145
537,13,0,0,4,1,6,1,1,0,0.8358,0.55659,-61.661
538,5,0,0,3,1,2,1,1,0,0.8355,1.04022,-42.531
539,9,0,0,4,1,5,1,1,0,0.8352,0.75356,-58.739
540,16,0,0,5,2,8,1,1,0,0.8349,0.09415,-12.184
541,9,0,0,3,1,2,1,1,0,0.8346,1.15445,-35.761
542,5,0,0,2,1,3,1,1,0,0.8343,1.10735,-63.678
543,21,0,0,4,1,9,1,1,0,0.834,0.23237,-57.072
544,5,0,0,2,1,3,1,1,0,0.8337,1.23649,-60.217
545,6,0,0,2,1,2,1,1,0,0.8334,0.13445,-14.754
546,6,0,0,3,1,2,1,1,0,0.8331,0.17654,-30.474
547,11,0,0,3,1,5,1,1,0,0.8328,0.7963,-37.242
548,8,0,0,2,1,3,1,1,0,0.8325,0.12111,-30.472
549,12,0,0,6,1,5,1,1,0,0.8322,1.16128,-27.843
550,5,0,0,2,1,3,1,1,0,0.8319,1.06509,-63.478
551,42,1,1,6,2,15,1,1,0,0.8316,0.52756,-19.457
552,7,0,0,3,1,2,1,1,0,0.8313,0.07689,-13.957
553,12,0,0,3,1,3,1,1,0,0.831,1.25635,-49.489
554,9,0,0,4,1,4,1,1,0,0.8306,0.41759,-57.113
555,5,0,0,2,1,3,1,1,0,0.8303,0.72777,-63.739
556,5,0,0,3,1,3,1,1,0,0.83,0.60858,-58.3
557,6,0,0,2,1,1,1,1,0,0.8297,0.10687,-14.444
558,6,0,0,4,1,4,1,1,0,0.8294,1.16304,-59.945
559,6,0,0,3,1,0,1,1,0,0.8291,0.1829,-29.183
560,11,0,0,2,1,7,1,1,0,0.8288,0.05403,-15.68
561,17,0,0,2,1,6,1,1,0,0.8285,0.03998,-13.962
562,5,0,0,3,1,2,1,1,0,0.8282,1.53155,-62.839
563,34,1,1,5,2,16,1,1,0,0.8279,0.45306,-24.176
564,7,0,0,1,1,4,1,1,0,0.8276,0.12249,-15.638
565,32,0,0,4,3,9,1,1,0,0.8273,0.69308,-9.202
566,12,0,0,3,1,5,1,1,0,0.827,0.07195,-29.46
567,18,0,0,3,1,11,1,1,0,0.8267,0.05842,-15.065
568,6,0,0,4,1,2,1,1,0,0.8264,1.04758,-60.47
569,5,0,0,1,1,3,1,1,0,0.826,1.31454,-62.467
570,6,0,0,3,1,4,1,1,0,0.8257,0.7872,-62.922
571,9,0,0,3,1,4,1,1,0,0.8254,0.02886,-13.993
572,5,0,0,2,1,3,1,1,0,0.8251,0.73096,-61.729
573,5,0,0,4,1,2,1,1,0,0.8248,0.80939,-63.971
574,44,1,1,8,4,16,1,1,0,0.8245,0.55311,-8.463
575,5,0,0,3,1,3,1,1,0,0.8242,3.94208,-50.903
576,10,0,0,1,1,4,1,1,0,0.8239,0.13621,-14.398
577,13,0,0,1,1,1,1,1,0,0.8236,1.3899,-14.69
578,22,0,0,5,2,8,1,1,0,0.8233,0.46482,-11.229
579,22,0,0,3,1,10,1,1,0,0.823,0.97546,-40.561
580,6,0,0,2,1,4,1,1,0,0.8227,0.1185,-31.385
581,7,0,0,3,1,2,1,1,0,0.8224,1.23037,-29.66
582,35,1,1,8,3,9,1,1,0,0.8221,0.36372,-7.425
583,19,0,0,6,2,8,1,1,0,0.8218,1.00062,-10.997
584,12,0,0,3,1,8,1,1,0,0.8215,0.04874,-31.157
585,6,0,0,3,1,4,1,1,0,0.8212,0.16691,-31.302
586,20,0,0,2,1,8,1,1,0,0.8208,0.28156,-59.884
587,5,0,0,4,1,3,1,1,0,0.8205,1.77924,-63.104
588,5,0,0,3,1,3,1,1,0,0.8202,4.32758,-44.017
589,21,0,0,5,2,7,1,1,0,0.8199,0.57235,-24.923
590,6,0,0,2,1,3,1,1,0,0.8196,0.10291,-31.201
591,15,0,0,3,1,8,1,1,0,0.8193,0.46989,-29.45
592,7,0,0,3,1,1,1,1,0,0.819,0.07308,-29.747
593,13,0,0,4,2,5,1,1,0,0.8187,0.1319,-12.382
594,10,0,0,4,1,4,1,1,0,0.8184,0.89463,-61.158
595,6,0,0,3,1,2,1,1,0,0.8181,0.09296,-13.942
596,5,0,0,3,1,2,1,1,0,0.8178,0.74326,-64.621
597,5,0,0,3,1,2,1,1,0,0.8175,0.67003,-61.122
598,6,0,0,3,1,3,1,1,0,0.8172,0.38981,-60.965
599,19,0,0,3,2,9,1,1,0,0.8169,1.74589,-13.907
600,8,0,0,3,1,2,1,1,0,0.8166,0.04736,-29.537
601,6,0,0,3,1,4,1,1,0,0.8163,0.08663,-31.332
602,8,0,0,3,1,3,1,1,0,0.8159,0.05747,-29.819
603,11,0,0,2,1,5,1,1,0,0.8156,0.43498,-59.154
604,8,0,0,2,1,2,1,1,0,0.8153,0.10149,-14.287
605,41,1,1,2,2,17,1,1,0,0.815,0.53461,-22.326
606,6,0,0,3,1,3,1,1,0,0.8147,0.87043,-30.204
607,18,0,0,6,2,8,1,1,0,0.8144,0.12596,-28.217
608,19,0,0,5,2,7,1,1,0,0.8141,0.07153,-10.581
609,6,0,0,2,1,3,1,1,0,0.8138,0.04188,-30.699
610,10,0,0,3,1,4,1,1,0,0.8135,0.09515,-14.526
611,18,1,1,3,2,4,1,1,0,0.8132,0.99831,-29.204
612,6,0,0,2,1,2,1,1,0,0.8129,0.07262,-14.512
613,24,0,0,4,3,9,1,1,0,0.8126,0.89804,-15.497
614,6,0,0,3,1,1,1,1,0,0.8123,0.04356,-29.931
615,5,0,0,4,1,1,1,1,0,0.812,0.62007,-63.95
616,20,1,1,9,2,8,1,1,0,0.8117,0.57859,-29.025
617,18,0,0,6,2,8,1,1,0,0.8114,0.12953,-11.885
618,26,0,0,7,3,11,1,1,0,0.811,0.42015,-25.478
619,11,0,0,3,1,6,1,1,0,0.8107,1.19169,-56.071
620,16,0,0,4,1,6,1,1,0,0.8104,0.22792,-58.191
621,8,0,0,3,1,4,1,1,0,0.8101,0.08113,-30.443
622,6,0,0,3,1,3,1,1,0,0.8098,0.08578,-30.309
623,5,0,0,3,1,3,1,1,0,0.8095,3.94188,-44.297
624,8,0,0,2,1,5,1,1,0,0.8092,0.26689,-15.344
625,8,0,0,3,1,3,1,1,0,0.8089,1.65024,-48.463
626,8,0,0,2,1,1,1,1,0,0.8086,0.27193,-13.825
627,7,0,0,5,1,4,1,1,0,0.8083,1.48361,-34.582
628,21,0,0,5,2,11,1,1,0,0.808,0.77147,-30.997
629,18,0,0,3,1,9,1,1,0,0.8077,0.03535,-12.857
630,13,0,0,1,1,3,1,1,0,0.8074,1.07371,-35.907
631,11,0,0,5,1,3,1,1,0,0.8071,1.47787,-29.407
632,7,0,0,3,1,5,1,1,0,0.8068,0.1606,-30.688
633,8,0,0,3,1,3,1,1,0,0.8065,0.45851,-29.663
634,6,0,0,4,1,4,1,1,0,0.8061,1.61238,-63.311
635,14,0,0,3,1,5,1,1,0,0.8058,0.73803,-28.856
636,6,0,0,1,1,2,1,1,0,0.8055,0.19967,-30.748
637,6,0,0,2,1,2,1,1,0,0.8052,0.42171,-30.45
638,7,0,0,3,1,5,1,1,0,0.8049,0.06844,-30.76
639,5,0,0,2,1,3,1,1,0,0.8046,1.3327,-59.801
640,10,0,0,3,1,8,1,1,0,0.8043,0.10514,-31.394
641,7,0,0,1,1,2,1,1,0,0.804,0.20612,-14.681
642,6,0,0,2,1,2,1,1,0,0.8037,0.06219,-14.347
643,36,1,1,8,4,10,1,1,0,0.8034,0.77956,0.68
644,6,0,0,3,1,3,1,1,0,0.8031,0.42587,-30.554
645,19,0,0,1,2,3,1,1,0,0.8028,0.16486,-10.732
646,5,0,0,3,1,2,1,1,0,0.8025,0.92078,-58.956
647,11,0,0,3,1,5,1,1,0,0.8022,0.0359,-14.296
648,10,0,0,3,1,5,1,1,0,0.8019,0.18732,-30.413
649,7,0,0,3,1,4,1,1,0,0.8015,0.03564,-15.098
650,6,0,0,3,1,2,1,1,0,0.8012,0.09289,-30.288
651,5,0,0,2,1,1,1,1,0,0.8009,4.2218,-39.351
652,5,0,0,4,1,2,1,1,0,0.8006,1.85798,-57.959
653,8,0,0,3,1,3,1,1,0,0.8003,1.15723,-63.249
654,8,0,0,3,1,4,1,1,0,0.8,0.1918,-30.453
655,11,0,0,0,1,2,1,1,0,0.7997,1.69783,-16.893
656,20,0,0,5,2,8,1,1,0,0.7994,0.04819,-27.977
657,8,0,0,3,1,3,1,1,0,0.7991,0.07949,-13.964
658,7,0,0,3,1,1,1,1,0,0.7988,0.26335,-29.562
659,11,0,0,2,1,2,1,1,0,0.7985,0.83937,-55.006
660,26,1,1,6,2,9,1,1,0,0.7982,0.4659,-30.124
661,32,2,2,6,4,16,1,1,0,0.7979,0.57518,-28.185
662,7,0,0,1,1,2,1,1,0,0.7976,0.15844,-15.017
663,10,0,0,3,1,4,1,1,0,0.7973,0.05452,-30.048
664,38,0,0,12,4,16,1,1,0,0.797,0.74023,-5.607
665,8,0,0,3,1,2,1,1,0,0.7967,0.03025,-30.234
666,23,0,0,2,1,9,1,1,0,0.7963,0.04205,-13.753
667,19,0,0,2,1,9,1,1,0,0.796,0.05986,-15.287
668,12,0,0,2,1,2,1,1,0,0.7957,0.04875,-13.726
669,10,0,0,3,1,3,1,1,0,0.7954,0.44935,-60.202
670,11,0,0,2,1,3,1,1,0,0.7951,0.10292,-13.409
671,12,0,0,5,1,6,1,1,0,0.7948,0.32868,-29.218
672,14,0,0,1,1,6,1,1,0,0.7945,0.09965,-31.27
673,17,0,0,4,1,10,1,1,0,0.7942,0.25826,-60.871
674,8,0,0,4,1,3,1,1,0,0.7939,0.45166,-64.591
675,16,0,0,2,1,8,1,1,0,0.7936,0.20051,-62.19
676,10,0,0,3,1,6,1,1,0,0.7933,0.25015,-61.508
677,8,0,0,4,1,3,1,1,0,0.793,0.78372,-30.529
678,16,0,0,3,1,8,1,1,0,0.7927,0.96778,-46.277
679,5,0,0,3,1,3,1,1,0,0.7924,1.15139,-65.614
680,7,0,0,3,1,2,1,1,0,0.7921,0.06372,-14.819
681,13,0,0,2,1,4,1,1,0,0.7917,1.13996,-53.453
682,7,0,0,1,1,4,1,1,0,0.7914,0.10604,-15.328
683,10,0,0,2,1,0,1,1,0,0.7911,0.04252,-12.541
684,26,2,2,5,2,6,1,1,0,0.7908,0.68819,-15.373
685,16,0,0,3,1,5,1,1,0,0.7905,0.0762,-29.451
686,8,0,0,2,1,4,1,1,0,0.7902,0.079,-31.457
687,6,0,0,3,1,4,1,1,0,0.7899,0.34282,-31.075
688,7,0,0,2,1,4,1,1,0,0.7896,0.05423,-15.609
689,5,0,0,4,1,3,1,1,0,0.7893,1.40096,-62.844
690,7,0,0,4,1,3,1,1,0,0.789,0.82971,-64.183
691,6,0,0,3,1,2,1,1,0,0.7887,0.10056,-14.421
692,32,0,0,4,2,16,1,1,0,0.7884,0.42129,-54.578
693,7,0,0,3,1,4,1,1,0,0.7881,0.08164,-31.094
694,7,0,0,1,1,2,1,1,0,0.7878,1.42907,-35.556
695,14,0,0,3,2,5,1,1,0,0.7875,1.17015,-42.012
696,8,0,0,2,1,5,1,1,0,0.7872,0.06568,-15.888
697,7,0,0,5,1,1,1,1,0,0.7869,0.63253,-28.926
698,8,0,0,2,1,3,1,1,0,0.7865,0.25268,-15.626
699,7,0,0,2,1,2,1,1,0,0.7862,0.04242,-14.448
700,5,0,0,1,1,3,1,1,0,0.7859,0.96362,-65.661
701,13,0,0,2,1,4,1,1,0,0.7856,0.07238,-30.258
702,17,1,1,4,2,7,1,1,0,0.7853,2.21651,-15.376
703,9,0,0,1,1,0,1,1,0,0.785,0.08897,-29.651
704,5,0,0,2,1,2,1,1,0,0.7847,0.85201,-64.961
705,15,0,0,2,2,6,1,1,0,0.7844,1.11273,-22.81
706,9,0,0,3,1,2,1,1,0,0.7841,1.27311,-14.339
707,5,0,0,4,1,1,1,1,0,0.7838,1.00151,-63.262
708,11,0,0,2,1,4,1,1,0,0.7835,0.0699,-14.825
709,7,0,0,2,1,3,1,1,0,0.7832,0.04412,-15.0
710,11,0,0,3,1,6,1,1,0,0.7829,0.05222,-31.584
711,16,1,1,3,2,5,1,1,0,0.7826,0.60903,-30.926
712,7,0,0,3,1,4,1,1,0,0.7823,0.10314,-14.682
713,8,0,0,3,1,2,1,1,0,0.782,0.2349,-29.693
714,8,0,0,3,1,2,1,1,0,0.7816,0.05235,-30.109
715,6,0,0,1,1,1,1,1,0,0.7813,1.16653,-35.523
716,7,0,0,3,1,3,1,1,0,0.781,0.08811,-14.545
717,5,0,0,3,1,2,1,1,0,0.7807,2.56876,-45.0
718,17,0,0,2,1,6,1,1,0,0.7804,1.03463,-14.826
719,6,0,0,2,1,1,1,1,0,0.7801,0.06925,-14.168
720,16,0,0,8,2,6,1,1,0,0.7798,0.6522,-32.802
721,9,0,0,2,1,4,1,1,0,0.7795,1.47821,-23.515
722,8,0,0,2,1,4,1,1,0,0.7792,0.07339,-30.877
723,9,0,0,2,1,6,1,1,0,0.7789,0.05707,-15.746
724,9,0,0,2,1,5,1,1,0,0.7786,0.06096,-31.347
725,10,0,0,2,1,7,1,1,0,0.7783,0.09977,-32.04
726,7,0,0,3,1,4,1,1,0,0.778,0.04098,-15.064
727,17,0,0,2,1,8,1,1,0,0.7777,0.04171,-30.579
728,17,0,0,5,2,4,1,1,0,0.7774,0.82641,-9.429
729,17,0,0,4,1,9,1,1,0,0.7771,0.56563,-34.952
730,16,0,0,5,1,4,1,1,0,0.7767,0.64208,-26.911
731,7,0,0,3,1,0,1,1,0,0.7764,0.13061,-12.947
732,5,0,0,3,1,2,1,1,0,0.7761,3.44602,-16.106
733,32,1,1,3,2,10,1,1,0,0.7758,0.13198,-6.378
734,12,0,0,1,1,7,1,1,0,0.7755,0.10051,-31.89
735,6,0,0,4,1,2,1,1,0,0.7752,0.87154,-63.509
736,8,0,0,3,1,3,1,1,0,0.7749,0.0806,-14.035
737,6,0,0,1,1,3,1,1,0,0.7746,4.07983,-47.322
738,6,0,0,2,1,2,1,1,0,0.7743,0.12901,-14.273
739,7,0,0,2,1,2,1,1,0,0.774,0.10131,-14.06
740,5,0,0,4,1,1,1,1,0,0.7737,0.29943,-62.764
741,12,0,0,3,1,4,1,1,0,0.7734,0.11318,-12.66
742,26,0,0,3,2,13,1,1,0,0.7731,0.98224,-17.421
743,10,0,0,6,1,3,1,1,0,0.7728,0.27852,-27.737
744,8,0,0,2,1,6,1,1,0,0.7725,0.2841,-31.415
745,5,0,0,3,1,3,1,1,0,0.7722,1.13011,-66.473
746,8,0,0,3,1,2,1,1,0,0.7718,1.27618,-53.178
747,14,0,0,5,1,6,1,1,0,0.7715,0.5069,-27.939
748,8,0,0,5,1,3,1,1,0,0.7712,0.91336,-34.423
749,6,0,0,2,1,2,1,1,0,0.7709,0.06166,-30.094
750,13,0,0,3,1,4,1,1,0,0.7706,0.08917,-28.031
751,21,1,1,6,3,10,1,1,0,0.7703,0.96287,-27.252
752,10,0,0,3,1,6,1,1,0,0.77,0.05543,-30.496
753,7,0,0,2,1,1,1,1,0,0.7697,0.05566,-13.64
754,6,0,0,4,1,3,1,1,0,0.7694,0.5086,-61.757
755,7,0,0,0,1,4,1,1,0,0.7691,0.25324,-16.006
756,7,0,0,1,1,3,1,1,0,0.7688,0.09543,-30.544
757,6,0,0,2,1,2,1,1,0,0.7685,0.35116,-30.01
758,5,0,0,4,1,2,1,1,0,0.7682,0.28921,-66.119
759,5,0,0,2,1,3,1,1,0,0.7679,0.44743,-67.066
760,8,0,0,2,1,4,1,1,0,0.7676,0.28247,-67.003
761,19,0,0,4,2,6,1,1,0,0.7672,0.84439,-21.255
762,6,0,0,3,1,1,1,1,0,0.7669,0.13133,-13.42
763,6,0,0,3,1,3,1,1,0,0.7666,0.28235,-29.997
764,8,0,0,1,1,4,1,1,0,0.7663,0.07799,-14.232
765,16,0,0,5,2,5,1,1,0,0.766,0.94496,-50.537
766,11,0,0,4,1,5,1,1,0,0.7657,0.29143,-61.039
767,5,0,0,4,1,2,1,1,0,0.7654,0.56271,-61.435
768,8,0,0,4,1,5,1,1,0,0.7651,0.84775,-62.133
769,8,0,0,2,1,2,1,1,0,0.7648,0.45499,-13.617
770,7,0,0,3,1,2,1,1,0,0.7645,0.10663,-29.219
771,16,0,0,3,2,6,1,1,0,0.7642,0.10563,-12.04
772,7,0,0,3,1,2,1,1,0,0.7639,0.1023,-13.308
773,8,0,0,3,1,2,1,1,0,0.7636,0.10418,-12.587
774,21,0,0,7,2,4,1,1,0,0.7633,0.7912,-29.702
775,19,0,0,2,1,6,1,1,0,0.763,0.05666,-10.884
776,7,0,0,3,1,4,1,1,0,0.7627,0.12336,-30.208
777,17,1,1,7,2,3,1,1,0,0.7623,0.46525,-19.246
778,21,0,0,2,1,6,1,1,0,0.762,0.07331,-26.306
779,11,0,0,4,1,4,1,1,0,0.7617,0.76069,-28.674
780,6,0,0,2,1,3,1,1,0,0.7614,0.29703,-30.173
781,10,0,0,4,1,4,1,1,0,0.7611,0.49805,-62.378
782,13,0,0,3,1,5,1,1,0,0.7608,0.06321,-12.002
783,8,0,0,2,1,4,1,1,0,0.7605,0.13429,-13.909
784,9,0,0,4,1,3,1,1,0,0.7602,0.54054,-62.874
785,5,0,0,1,1,3,1,1,0,0.7599,2.49513,-56.386
786,6,0,0,2,1,2,1,1,0,0.7596,0.0743,-29.887
787,5,0,0,4,1,2,1,1,0,0.7593,0.99128,-64.901
788,10,0,0,3,1,5,1,1,0,0.759,0.16683,-28.924
789,54,0,0,6,3,16,1,1,0,0.7587,0.37091,-9.684
790,5,0,0,3,1,3,1,1,0,0.7584,0.25415,-67.78
791,6,0,0,3,1,3,1,1,0,0.7581,0.06133,-30.213
792,28,0,0,3,1,16,1,1,0,0.7578,0.04786,-27.185
793,8,0,0,3,1,3,1,1,0,0.7574,0.15037,-13.066
794,9,0,0,3,1,3,1,1,0,0.7571,0.08481,-28.928
795,8,0,0,6,1,3,1,1,0,0.7568,2.10531,-36.126
796,7,0,0,3,1,2,1,1,0,0.7565,0.08697,-12.764
797,7,0,0,3,1,5,1,1,0,0.7562,0.12142,-30.426
798,17,0,0,4,1,7,1,1,0,0.7559,0.26288,-64.512
799,8,0,0,1,1,5,1,1,0,0.7556,0.41563,-30.409
800,22,0,0,0,1,8,1,1,0,0.7553,0.10359,-11.406
801,13,0,0,3,1,4,1,1,0,0.755,0.29481,-11.575
802,19,1,1,5,2,6,1,1,0,0.7547,1.0534,-8.389
803,7,0,0,3,1,5,1,1,0,0.7544,0.35674,-30.093
804,33,1,1,5,2,10,1,1,0,0.7541,0.58702,-11.165
805,19,0,0,6,2,11,1,1,0,0.7538,0.08073,-26.737
806,13,0,0,3,1,6,1,1,0,0.7535,0.05202,-28.594
807,9,0,0,3,1,3,1,1,0,0.7532,0.42166,-64.015
808,30,1,1,8,2,7,1,1,0,0.7529,0.56406,-19.944
809,13,0,0,6,2,6,1,1,0,0.7526,0.81699,-9.301
810,13,0,0,2,1,8,1,1,0,0.7522,0.05071,-13.614
811,6,0,0,2,1,2,1,1,0,0.7519,0.10091,-13.896
812,12,0,0,2,1,5,1,1,0,0.7516,0.22685,-29.184
813,7,0,0,2,1,3,1,1,0,0.7513,0.08815,-13.9
814,6,0,0,3,1,2,1,1,0,0.751,0.12629,-13.421
815,5,0,0,4,1,3,1,1,0,0.7507,0.78849,-65.621
816,5,0,0,4,1,0,1,1,0,0.7504,0.86406,-65.379
817,9,0,0,3,1,2,1,1,0,0.7501,0.39943,-65.442
818,9,0,0,2,1,4,1,1,0,0.7498,0.1403,-13.653
819,6,0,0,1,1,2,1,1,0,0.7495,2.52489,-23.681
820,7,0,0,5,1,3,1,1,0,0.7492,1.93994,-28.531
821,9,0,0,3,1,5,1,1,0,0.7489,0.26791,-67.718
822,10,0,0,3,1,6,1,1,0,0.7486,0.10054,-13.373
823,29,0,0,3,2,12,1,1,0,0.7483,1.0358,-1.011
824,14,0,0,3,1,5,1,1,0,0.748,0.31737,-64.991
825,11,0,0,5,1,2,1,1,0,0.7476,0.25672,-26.79
826,8,0,0,3,1,1,1,1,0,0.7473,0.38102,-66.75
827,9,0,0,2,1,5,1,1,0,0.747,0.10053,-30.57
828,9,0,0,2,1,3,1,1,0,0.7467,0.08559,-13.532
829,25,1,1,3,2,9,1,1,0,0.7464,0.95557,-5.229
830,18,0,0,3,1,4,1,1,0,0.7461,0.07133,-26.946
831,6,0,0,1,1,1,1,1,0,0.7458,0.3486,-29.996
832,9,0,0,2,1,4,1,1,0,0.7455,0.10002,-12.81
833,8,0,0,3,1,4,1,1,0,0.7452,0.2263,-30.139
834,19,0,0,2,2,9,1,1,0,0.7449,0.21165,-10.048
835,6,0,0,2,1,2,1,1,0,0.7446,0.15616,-13.79
836,7,0,0,3,1,4,1,1,0,0.7443,0.07938,-30.223
837,5,0,0,3,1,3,1,1,0,0.744,0.77994,-67.276
838,19,0,0,3,1,10,1,1,0,0.7437,0.85414,-43.146
839,6,0,0,4,1,3,1,1,0,0.7434,0.60049,-66.709
840,5,0,0,2,1,1,1,1,0,0.7431,0.72992,-68.661
841,7,0,0,3,1,2,1,1,0,0.7428,0.14433,-29.289
842,20,1,1,9,2,4,1,1,0,0.7424,0.79735,-17.809
843,6,0,0,3,1,1,1,1,0,0.7421,0.12259,-29.064
844,12,0,0,2,1,7,1,1,0,0.7418,0.06763,-14.819
845,10,0,0,3,1,5,1,1,0,0.7415,0.10032,-13.515
846,7,0,0,6,1,1,1,1,0,0.7412,1.5385,-12.582
847,8,0,0,2,1,4,1,1,0,0.7409,0.47774,-67.661
848,21,0,0,6,2,8,1,1,0,0.7406,0.16032,-25.262
849,6,0,0,2,1,4,1,1,0,0.7403,3.00455,-45.107
850,7,0,0,2,1,1,1,1,0,0.74,0.71648,-12.939
851,7,0,0,3,1,2,1,1,0,0.7397,2.0167,-57.369
852,6,0,0,2,1,4,1,1,0,0.7394,0.48995,-69.14
853,10,0,0,2,1,3,1,1,0,0.7391,0.06053,-13.313
854,10,0,0,1,1,4,1,1,0,0.7388,0.08735,-30.171
855,5,0,0,2,1,2,1,1,0,0.7385,0.45152,-66.068
856,7,0,0,3,1,3,1,1,0,0.7382,0.11843,-13.546
857,7,0,0,2,1,3,1,1,0,0.7379,1.32852,-43.68
858,14,0,0,5,2,7,1,1,0,0.7375,0.26014,-24.685
859,7,0,0,2,1,3,1,1,0,0.7372,0.11042,-29.937
860,5,0,0,3,1,2,1,1,0,0.7369,0.42532,-65.52
861,19,2,2,5,2,5,1,1,0,0.7366,1.06985,-12.124
862,10,0,0,3,1,4,1,1,0,0.7363,0.05756,-28.71
863,6,0,0,3,1,4,1,1,0,0.736,0.0738,-30.275
864,9,0,0,2,1,5,1,1,0,0.7357,0.17134,-13.514
865,5,0,0,1,1,3,1,1,0,0.7354,2.24495,-45.696
866,8,0,0,3,1,4,1,1,0,0.7351,0.08444,-29.364
867,14,0,0,3,1,6,1,1,0,0.7348,0.15921,-11.297
868,5,0,0,3,1,2,1,1,0,0.7345,0.3703,-66.176
869,8,0,0,2,1,3,1,1,0,0.7342,0.05765,-13.008
870,7,0,0,3,1,4,1,1,0,0.7339,0.54581,-30.769
871,6,0,0,2,1,4,1,1,0,0.7336,1.82663,-57.569
872,8,0,0,2,1,3,1,1,0,0.7333,0.13744,-29.394
873,8,0,0,3,1,2,1,1,0,0.7329,0.22886,-67.195
874,8,0,0,4,1,3,1,1,0,0.7326,0.19257,-67.277
875,9,0,0,1,1,6,1,1,0,0.7323,0.19791,-30.687
876,5,0,0,2,1,0,1,1,0,0.732,2.72523,-54.83
877,9,0,0,2,1,4,1,1,0,0.7317,0.14496,-12.57
878,7,0,0,3,1,2,1,1,0,0.7314,0.14465,-28.428
879,8,0,0,2,1,1,1,1,0,0.7311,0.19162,-28.365
880,14,0,0,3,1,6,1,1,0,0.7308,0.10208,-10.998
881,14,0,0,3,1,3,1,1,0,0.7305,0.09892,-9.28
882,6,0,0,2,1,1,1,1,0,0.7302,0.18715,-13.184
883,14,0,0,4,2,6,1,1,0,0.7299,0.8728,-39.006
884,8,0,0,3,1,4,1,1,0,0.7296,0.16049,-12.459
885,12,0,0,3,1,5,1,1,0,0.7293,0.08091,-28.005
886,5,0,0,3,1,3,1,1,0,0.729,0.29958,-68.405
887,17,0,0,4,2,6,1,1,0,0.7287,0.93962,-36.125
888,11,0,0,2,1,4,1,1,0,0.7284,0.35688,-11.305
889,7,0,0,3,1,4,1,1,0,0.728,0.10179,-29.586
890,8,0,0,3,1,3,1,1,0,0.7277,0.13677,-11.908
891,12,0,0,3,1,6,1,1,0,0.7274,0.08613,-11.405
892,16,0,0,6,2,5,1,1,0,0.7271,0.13439,-23.082
893,9,0,0,3,1,3,1,1,0,0.7268,0.0916,-28.109
894,5,0,0,2,1,2,1,1,0,0.7265,2.18398,-57.89
895,8,0,0,3,1,5,1,1,0,0.7262,0.12542,-12.53
896,35,0,0,3,2,14,1,1,0,0.7259,0.57047,-27.591
897,10,0,0,4,1,2,1,1,0,0.7256,0.86425,-42.93
898,7,0,0,2,1,2,1,1,0,0.7253,0.11974,-28.868
899,6,0,0,3,1,3,1,1,0,0.725,0.197,-28.873
900,8,0,0,3,1,2,1,1,0,0.7247,1.92476,-39.812
901,7,0,0,3,1,3,1,1,0,0.7244,0.16051,-28.806
902,7,0,0,1,1,1,1,1,0,0.7241,0.30091,-12.44
903,10,0,0,3,1,5,1,1,0,0.7238,0.09079,-28.253
904,13,0,0,2,1,5,1,1,0,0.7235,0.0878,-27.208
905,6,0,0,3,1,1,1,1,0,0.7231,0.68918,-62.016
906,10,0,0,2,1,4,1,1,0,0.7228,0.09763,-11.498
907,8,0,0,2,1,5,1,1,0,0.7225,0.07262,-29.214
908,8,0,0,2,1,1,1,1,0,0.7222,0.21913,-13.104
909,6,0,0,3,1,3,1,1,0,0.7219,1.55658,-62.166
910,6,0,0,2,1,0,1,1,0,0.7216,0.0754,-28.043
911,5,0,0,3,1,1,1,1,0,0.7213,0.3313,-63.423
912,8,0,0,3,1,5,1,1,0,0.721,0.07782,-29.062
913,5,0,0,2,1,3,1,1,0,0.7207,3.23239,-45.837
914,8,0,0,3,1,4,1,1,0,0.7204,0.16719,-12.093
915,6,0,0,3,1,0,1,1,0,0.7201,0.10539,-11.832
916,8,0,0,3,1,4,1,1,0,0.7198,0.06205,-12.35
917,13,0,0,5,2,2,1,1,0,0.7195,0.11392,-23.679
918,10,0,0,2,1,5,1,1,0,0.7192,0.97803,-52.724
919,9,0,0,3,1,2,1,1,0,0.7189,0.12173,-10.793
920,26,0,0,3,2,10,1,1,0,0.7186,0.5087,-37.113
921,7,0,0,3,1,4,1,1,0,0.7183,0.15799,-28.946
922,9,0,0,3,1,2,1,1,0,0.7179,0.12766,-27.38
923,11,0,0,6,1,7,1,1,0,0.7176,1.19242,-37.913
924,15,0,0,2,2,7,1,1,0,0.7173,0.95222,-18.792
925,29,0,0,5,2,10,1,1,0,0.717,0.46824,-16.238
926,8,0,0,3,1,2,1,1,0,0.7167,0.04722,-11.619
927,7,0,0,2,1,3,1,1,0,0.7164,0.12782,-13.297
928,6,0,0,3,1,3,1,1,0,0.7161,0.02989,-29.582
929,9,0,0,3,1,6,1,1,0,0.7158,0.56369,-61.16
930,43,0,0,4,4,13,1,1,0,0.7155,0.53839,-8.719
931,7,0,0,2,1,4,1,1,0,0.7152,0.07878,-29.958
932,7,0,0,2,1,3,1,1,0,0.7149,0.11166,-13.306
933,5,0,0,4,1,4,1,1,0,0.7146,0.72073,-62.285
934,6,0,0,4,1,3,1,1,0,0.7143,0.47105,-61.183
935,9,0,0,2,1,5,1,1,0,0.714,0.40892,-29.408
936,5,0,0,3,1,2,1,1,0,0.7137,1.29444,-30.404
937,22,0,0,4,2,8,1,1,0,0.7134,0.5187,-28.249
938,8,0,0,6,1,3,1,1,0,0.713,0.4477,-27.467
939,18,0,0,3,1,6,1,1,0,0.7127,0.05377,-25.086
940,6,0,0,2,1,3,1,1,0,0.7124,0.06959,-29.777
941,35,1,1,5,2,4,1,1,0,0.7121,0.60805,4.116
942,10,0,0,3,1,3,1,1,0,0.7118,0.10726,-11.779
943,8,0,0,1,1,3,1,1,0,0.7115,0.1265,-29.554
944,6,0,0,4,1,4,1,1,0,0.7112,0.67895,-60.9
945,20,0,0,1,1,5,1,1,0,0.7109,0.87918,-20.363
946,13,0,0,3,1,5,1,1,0,0.7106,0.05985,-10.734
947,7,0,0,2,1,3,1,1,0,0.7103,0.07628,-13.407
948,8,0,0,2,1,4,1,1,0,0.71,1.2979,-24.66
949,16,0,0,5,2,3,1,1,0,0.7097,0.23922,-23.253
950,8,0,0,3,1,5,1,1,0,0.7094,0.09162,-29.211
951,24,0,0,5,2,8,1,1,0,0.7091,0.57485,-15.867
952,5,0,0,3,1,1,1,1,0,0.7088,0.43133,-66.28
953,7,0,0,3,1,3,1,1,0,0.7085,0.31231,-60.619
954,5,0,0,3,1,1,1,1,0,0.7081,0.61834,-59.95
955,18,0,0,6,1,10,1,1,0,0.7078,0.71404,-36.309
956,8,0,0,3,1,4,1,1,0,0.7075,0.2238,-60.338
957,24,0,0,5,2,7,1,1,0,0.7072,0.17315,-15.31
958,7,0,0,3,1,3,1,1,0,0.7069,0.27565,-28.801
959,7,0,0,3,1,3,1,1,0,0.7066,0.0442,-29.022
960,34,1,1,5,2,10,1,1,0,0.7063,0.50318,-7.888
961,7,0,0,3,1,3,1,1,0,0.706,0.26212,-12.46
962,9,0,0,3,1,2,1,1,0,0.7057,0.09936,-11.219
963,10,0,0,5,1,5,1,1,0,0.7054,1.63247,-20.515
964,22,0,0,4,2,6,1,1,0,0.7051,0.79318,-19.266
965,7,0,0,3,1,4,1,1,0,0.7048,0.09234,-29.031
966,9,0,0,2,1,2,1,1,0,0.7045,0.03259,-11.157
967,17,0,0,5,2,6,1,1,0,0.7042,0.096,-6.835
968,8,0,0,3,1,3,1,1,0,0.7039,0.44126,-12.119
969,8,0,0,1,1,2,1,1,0,0.7036,3.29466,-13.571
970,15,0,0,7,2,6,1,1,0,0.7032,1.093,-15.559
971,6,0,0,3,1,2,1,1,0,0.7029,0.11227,-12.672
972,7,0,0,3,1,4,1,1,0,0.7026,0.09729,-12.928
973,6,0,0,2,1,1,1,1,0,0.7023,1.70984,-28.461
974,15,0,0,4,2,6,1,1,0,0.702,0.88849,-19.082
975,5,0,0,3,1,2,1,1,0,0.7017,1.24674,-52.154
976,20,1,1,7,2,3,1,1,0,0.7014,0.71241,-27.638
977,5,0,0,4,1,2,1,1,0,0.7011,0.25759,-66.269
978,7,0,0,3,1,4,1,1,0,0.7008,0.1297,-29.403
979,7,0,0,3,1,3,1,1,0,0.7005,0.12638,-12.911
980,7,0,0,3,1,4,1,1,0,0.7002,0.09422,-29.482
981,6,0,0,3,1,3,1,1,0,0.6999,0.13218,-12.878
982,24,0,0,5,2,9,1,1,0,0.6996,0.72932,-17.511
983,9,0,0,2,1,2,1,1,0,0.6993,0.14578,-28.07
984,43,2,2,9,3,14,1,1,0,0.699,0.29889,-4.889
985,11,0,0,4,1,5,1,1,0,0.6986,0.82847,-58.271
986,10,0,0,3,1,5,1,1,0,0.6983,0.09714,-28.719
987,20,0,0,3,1,10,1,1,0,0.698,0.05824,-26.901
988,10,0,0,2,1,6,1,1,0,0.6977,0.09488,-29.883
989,7,0,0,2,1,3,1,1,0,0.6974,0.07628,-29.479
990,6,0,0,2,1,3,1,1,0,0.6971,0.08609,-29.902
991,8,0,0,3,1,4,1,1,0,0.6968,0.32084,-29.036
992,8,0,0,3,1,4,1,1,0,0.6965,1.07912,-52.46
993,29,0,0,9,3,13,1,1,0,0.6962,0.60399,-28.617
994,14,0,0,4,2,4,1,1,0,0.6959,1.15923,-38.21
995,5,0,0,4,1,1,1,1,0,0.6956,0.1213,-60.426
996,9,0,0,2,1,4,1,1,0,0.6953,0.05649,-29.076
997,18,0,0,6,2,7,1,1,0,0.695,0.17443,-7.488
998,8,0,0,2,1,2,1,1,0,0.6947,0.10908,-11.622
999,6,0,0,2,1,4,1,1,0,0.6944,0.90515,-54.162
1000,6,0,0,2,1,3,1,1,0,0.6941,0.12672,-29.907
1001,5,0,0,4,1,2,1,1,0,0.6937,1.62722,-60.59
1002,8,0,0,3,1,1,1,1,0,0.6934,0.06242,-11.357
1003,23,1,1,2,2,9,1,1,0,0.6931,0.67557,-26.003
1004,5,0,0,4,1,3,1,1,0,0.6928,0.49012,-61.964
1005,7,0,0,3,1,2,1,1,0,0.6925,0.12175,-12.429
1006,6,0,0,2,1,1,1,1,0,0.6922,0.10616,-12.195
1007,6,0,0,2,1,1,1,1,0,0.6919,0.15687,-28.859
1008,28,1,1,5,2,10,1,1,0,0.6916,0.10045,-0.985
1009,7,0,0,2,1,3,1,1,0,0.6913,0.2082,-12.486
1010,15,0,0,3,1,5,1,1,0,0.691,0.45911,-51.008
1011,6,0,0,2,1,1,1,1,0,0.6907,0.31546,-28.949
1012,6,0,0,4,1,3,1,1,0,0.6904,1.10949,-61.089
1013,5,0,0,4,1,3,1,1,0,0.6901,0.25899,-66.663
1014,6,0,0,3,1,3,1,1,0,0.6898,0.0999,-12.683
1015,23,1,1,5,2,3,1,1,0,0.6895,0.79516,-17.578
1016,6,0,0,3,1,4,1,1,0,0.6892,0.12705,-29.471
1017,12,0,0,2,1,5,1,1,0,0.6888,0.80037,-55.574
1018,20,1,1,4,2,4,1,1,0,0.6885,0.86195,-1.002
1019,7,0,0,2,1,1,1,1,0,0.6882,0.09869,-11.622
1020,7,0,0,2,1,3,1,1,0,0.6879,0.08366,-12.505
1021,6,0,0,2,1,2,1,1,0,0.6876,0.44588,-12.649
1022,42,1,1,6,3,12,1,1,0,0.6873,0.20031,-2.749
1023,7,0,0,2,1,4,1,1,0,0.687,0.08165,-29.321
1024,5,0,0,3,1,2,1,1,0,0.6867,1.45293,-55.472
1025,6,0,0,2,1,3,1,1,0,0.6864,0.26137,-13.168
1026,8,0,0,3,1,0,1,1,0,0.6861,0.07303,-10.694
1027,22,1,1,4,2,5,1,1,0,0.6858,0.88711,-2.218
1028,6,0,0,3,1,2,1,1,0,0.6855,0.09291,-28.888
1029,15,0,0,3,2,5,1,1,0,0.6852,0.59348,-52.261
1030,8,0,0,3,1,3,1,1,0,0.6849,0.11673,-11.587
1031,19,0,0,4,2,7,1,1,0,0.6846,0.92514,-2.662
1032,6,0,0,2,1,2,1,1,0,0.6843,0.09673,-12.815
1033,5,0,0,4,1,1,1,1,0,0.684,0.28733,-66.229
1034,5,0,0,2,1,3,1,1,0,0.6836,1.66991,-58.348
1035,6,0,0,3,1,2,1,1,0,0.6833,0.18024,-61.579
1036,7,0,0,4,1,0,1,1,0,0.683,0.2049,-59.623
1037,6,0,0,2,1,2,1,1,0,0.6827,0.16995,-12.804
1038,19,0,0,3,1,7,1,1,0,0.6824,0.13966,-7.118
1039,17,0,0,4,1,9,1,1,0,0.6821,0.43591,-58.43
1040,7,0,0,1,1,3,1,1,0,0.6818,0.18602,-13.209
1041,8,0,0,3,1,4,1,1,0,0.6815,0.16743,-12.574
1042,6,0,0,3,1,4,1,1,0,0.6812,0.16915,-29.835
1043,19,0,0,3,2,2,1,1,0,0.6809,0.19456,-4.633
1044,29,0,0,5,3,9,1,1,0,0.6806,0.7177,-13.637
1045,16,1,1,3,2,2,1,1,0,0.6803,0.62219,-24.405
1046,8,0,0,2,1,5,1,1,0,0.68,0.18583,-13.368
1047,12,0,0,3,1,6,1,1,0,0.6797,0.08886,-10.774
1048,45,2,2,8,3,12,1,1,0,0.6794,0.21708,7.222
1049,6,0,0,1,1,3,1,1,0,0.679,2.92079,-41.344
1050,25,3,3,8,2,8,1,1,0,0.6787,0.72209,-17.798
1051,6,0,0,3,1,3,1,1,0,0.6784,0.15018,-13.104
1052,5,0,0,3,1,2,1,1,0,0.6781,1.1746,-63.665
1053,9,0,0,2,1,4,1,1,0,0.6778,0.14786,-28.552
1054,5,0,0,2,1,2,1,1,0,0.6775,0.21437,-67.474
1055,6,0,0,3,1,2,1,1,0,0.6772,0.47853,-64.285
1056,8,0,0,3,1,4,1,1,0,0.6769,0.09366,-12.607
1057,8,0,0,2,1,2,1,1,0,0.6766,3.31761,-46.125
1058,6,0,0,1,1,0,1,1,0,0.6763,0.10417,-12.222
1059,13,0,0,2,1,4,1,1,0,0.676,0.08486,-9.355
1060,31,1,1,8,3,7,1,1,0,0.6757,0.7487,12.323
1061,6,0,0,2,1,2,1,1,0,0.6754,0.06462,-12.58
1062,7,0,0,2,1,3,1,1,0,0.6751,0.07922,-12.808
1063,15,0,0,3,2,4,1,1,0,0.6748,1.00983,-28.206
1064,19,0,0,3,2,8,1,1,0,0.6745,0.51632,-22.877
1065,5,0,0,3,1,1,1,1,0,0.6742,0.8173,-66.986
1066,17,0,0,2,1,10,1,1,0,0.6738,0.03358,-10.75
1067,5,0,0,4,1,2,1,1,0,0.6735,0.6097,-67.124
1068,11,0,0,4,1,3,1,1,0,0.6732,0.29357,-11.336
1069,9,0,0,4,1,5,1,1,0,0.6729,1.54608,-38.637
1070,7,0,0,3,1,1,1,1,0,0.6726,0.06827,-28.087
1071,17,1,1,7,2,5,1,1,0,0.6723,1.01096,-27.236
1072,7,0,0,3,1,3,1,1,0,0.672,0.09209,-28.805
1073,20,0,0,6,2,9,1,1,0,0.6717,0.21864,-21.97
1074,33,2,2,4,2,10,1,1,0,0.6714,0.87421,9.947
1075,8,0,0,3,1,4,1,1,0,0.6711,0.04155,-28.614
1076,10,0,0,3,1,4,1,1,0,0.6708,1.53461,-41.903
1077,16,0,0,4,2,1,1,1,0,0.6705,0.83456,-26.287
1078,6,0,0,2,1,1,1,1,0,0.6702,0.05951,-28.763
1079,7,0,0,2,1,3,1,1,0,0.6699,0.10338,-29.012
1080,9,0,0,3,1,3,1,1,0,0.6696,0.06157,-27.724
1081,7,0,0,2,1,1,1,1,0,0.6693,0.06961,-28.54
1082,7,0,0,3,1,3,1,1,0,0.6689,0.24032,-11.871
1083,5,0,0,2,1,1,1,1,0,0.6686,2.47504,-58.654
1084,11,0,0,3,1,3,1,1,0,0.6683,0.04254,-26.7
1085,5,0,0,2,1,1,1,1,0,0.668,0.12344,-67.15
1086,9,0,0,3,1,3,1,1,0,0.6677,0.11333,-10.446
1087,14,0,0,3,1,5,1,1,0,0.6674,0.03693,-25.716
1088,6,0,0,3,1,3,1,1,0,0.6671,0.11384,-12.557
1089,11,0,0,3,1,7,1,1,0,0.6668,0.22233,-27.857
1090,18,0,0,4,2,8,1,1,0,0.6665,0.20406,-6.263
1091,6,0,0,2,1,1,1,1,0,0.6662,0.09258,-11.869
1092,6,0,0,3,1,1,1,1,0,0.6659,0.26829,-13.141
1093,23,0,0,5,2,8,1,1,0,0.6656,0.11976,-19.516
1094,5,0,0,4,1,0,1,1,0,0.6653,0.0932,-66.369
1095,8,0,0,3,1,3,1,1,0,0.665,0.09281,-11.089
1096,11,0,0,3,1,3,1,1,0,0.6647,0.04911,-10.145
1097,7,0,0,2,1,5,1,1,0,0.6643,0.20292,-29.303
1098,7,0,0,2,1,3,1,1,0,0.664,0.0723,-12.214
1099,14,0,0,4,2,5,1,1,0,0.6637,0.50292,-51.995
1100,20,1,1,3,2,7,1,1,0,0.6634,0.42753,-3.295
1101,9,0,0,3,1,2,1,1,0,0.6631,0.0745,-26.692
1102,16,0,0,2,1,6,1,1,0,0.6628,0.06939,-24.705
1103,5,0,0,2,1,3,1,1,0,0.6625,0.94275,-59.227
1104,13,0,0,3,1,4,1,1,0,0.6622,0.06754,-25.597
1105,6,0,0,3,1,1,1,1,0,0.6619,0.14673,-11.514
1106,14,0,0,2,1,4,1,1,0,0.6616,0.13205,-24.957
1107,5,0,0,2,1,3,1,1,0,0.6613,1.7497,-31.261
1108,5,0,0,2,1,2,1,1,0,0.661,3.89748,-41.754
1109,7,0,0,2,1,1,1,1,0,0.6607,0.17576,-11.674
1110,8,0,0,3,1,4,1,1,0,0.6604,0.04095,-28.53
1111,7,0,0,3,1,3,1,1,0,0.6601,0.19582,-62.443
1112,7,0,0,3,1,3,1,1,0,0.6598,0.08313,-28.669
1113,8,0,0,2,1,2,1,1,0,0.6595,0.10181,-11.347
1114,29,0,0,4,2,10,1,1,0,0.6591,0.0538,-0.41
1115,8,0,0,3,1,2,1,1,0,0.6588,0.0273,-11.547
1116,6,0,0,2,1,2,1,1,0,0.6585,0.0691,-29.022
1117,5,0,0,4,1,1,1,1,0,0.6582,0.2864,-62.346
1118,9,0,0,2,1,5,1,1,0,0.6579,0.0389,-12.229
1119,5,0,0,3,1,1,1,1,0,0.6576,1.67482,-57.635
1120,6,0,0,3,1,2,1,1,0,0.6573,0.08041,-28.378
1121,6,0,0,3,1,1,1,1,0,0.657,0.11471,-11.621
1122,5,0,0,3,1,3,1,1,0,0.6567,0.15835,-63.319
1123,10,0,0,2,1,4,1,1,0,0.6564,0.06016,-27.19
1124,7,0,0,2,1,2,1,1,0,0.6561,0.06905,-11.841
1125,9,0,0,1,1,2,1,1,0,0.6558,0.08362,-11.192
1126,7,0,0,3,1,2,1,1,0,0.6555,0.11693,-11.565
1127,28,2,2,7,3,3,1,1,0,0.6552,1.02048,-32.225
1128,8,0,0,3,1,4,1,1,0,0.6549,0.57961,-27.967
1129,12,0,0,1,1,3,1,1,0,0.6545,1.24182,-46.227
1130,9,0,0,3,1,7,1,1,0,0.6542,0.38224,-28.754
1131,46,2,2,8,3,11,1,1,0,0.6539,0.46758,12.566
1132,8,0,0,3,1,2,1,1,0,0.6536,0.04379,-10.866
1133,8,0,0,3,1,2,1,1,0,0.6533,0.09437,-10.964
1134,6,0,0,3,1,4,1,1,0,0.653,0.11231,-63.543
1135,8,0,0,2,1,4,1,1,0,0.6527,0.07548,-28.521
1136,8,0,0,3,1,4,1,1,0,0.6524,0.3198,-28.136
1137,19,0,0,2,2,4,1,1,0,0.6521,0.15902,-4.589
1138,11,0,0,3,1,6,1,1,0,0.6518,0.07853,-10.919
1139,5,0,0,4,1,1,1,1,0,0.6515,0.13139,-66.946
1140,11,0,0,2,1,6,1,1,0,0.6512,0.03402,-10.924
1141,6,0,0,3,1,2,1,1,0,0.6509,0.03862,-12.177
1142,6,0,0,3,1,2,1,1,0,0.6506,0.08586,-28.489
1143,8,0,0,2,1,3,1,1,0,0.6503,0.04897,-11.831
1144,11,0,0,2,1,3,1,1,0,0.65,0.03345,-9.801
1145,6,0,0,3,1,3,1,1,0,0.6497,0.05264,-29.104
1146,23,0,0,2,2,4,1,1,0,0.6493,0.15749,3.521
1147,24,0,0,3,2,5,1,1,0,0.649,0.30988,4.134
1148,30,0,0,5,3,9,1,1,0,0.6487,0.64351,-20.355
1149,8,0,0,2,1,5,1,1,0,0.6484,0.04422,-28.982
1150,14,0,0,2,2,3,1,1,0,0.6481,0.22277,-4.44
1151,9,0,0,2,1,3,1,1,0,0.6478,0.02659,-11.128
1152,10,0,0,2,1,4,1,1,0,0.6475,0.02755,-27.604
1153,9,0,0,3,1,3,1,1,0,0.6472,0.0399,-11.075
1154,6,0,0,3,1,4,1,1,0,0.6469,0.05621,-29.594
1155,6,0,0,3,1,4,1,1,0,0.6466,0.0502,-29.592
1156,9,0,0,3,1,2,1,1,0,0.6463,0.06678,-26.833
1157,11,0,0,3,1,5,1,1,0,0.646,0.02351,-10.144
1158,33,0,0,5,3,10,1,1,0,0.6457,0.40279,9.543
1159,22,2,2,5,2,3,1,1,0,0.6454,0.80304,-23.381
1160,9,0,0,3,1,3,1,1,0,0.6451,0.07712,-10.752
1161,5,0,0,3,1,1,1,1,0,0.6447,0.11442,-67.583
1162,8,0,0,3,1,3,1,1,0,0.6444,0.18119,-10.782
1163,11,0,0,3,1,4,1,1,0,0.6441,0.04257,-26.456
1164,20,0,0,5,2,7,1,1,0,0.6438,1.0988,-4.934
1165,6,0,0,2,1,2,1,1,0,0.6435,0.08081,-29.065
1166,9,0,0,1,1,3,1,1,0,0.6432,0.08453,-11.088
1167,14,0,0,4,2,4,1,1,0,0.6429,0.19186,-23.019
1168,7,0,0,3,1,1,1,1,0,0.6426,0.06935,-10.86
1169,8,0,0,2,1,3,1,1,0,0.6423,0.043,-11.28
1170,7,0,0,2,1,2,1,1,0,0.642,0.04498,-11.499
1171,7,0,0,2,1,4,1,1,0,0.6417,1.88334,-14.6
1172,11,0,0,2,1,2,1,1,0,0.6414,0.11013,-26.462
1173,18,0,0,4,2,2,1,1,0,0.6411,0.21488,-2.915
1174,8,0,0,3,1,3,1,1,0,0.6408,0.18162,-62.091
1175,8,0,0,3,1,5,1,1,0,0.6405,0.14606,-63.016
1176,5,0,0,3,1,1,1,1,0,0.6402,0.96714,-62.823
1177,5,0,0,4,1,3,1,1,0,0.6399,0.98548,-64.545
1178,6,0,0,3,1,2,1,1,0,0.6395,0.08573,-11.544
1179,6,0,0,3,1,2,1,1,0,0.6392,0.13036,-11.717
1180,8,0,0,2,1,4,1,1,0,0.6389,0.10692,-28.687
1181,16,0,0,9,2,6,1,1,0,0.6386,1.05911,-4.714
1182,36,0,0,2,3,14,1,1,0,0.6383,0.61511,-7.459
1183,37,0,0,4,4,6,1,1,0,0.638,0.28977,21.204
1184,5,0,0,2,1,3,1,1,0,0.6377,2.05835,-45.195
1185,12,0,0,1,1,6,1,1,0,0.6374,1.3475,-49.633
1186,7,0,0,3,1,2,1,1,0,0.6371,0.09892,-11.812
1187,9,0,0,2,1,4,1,1,0,0.6368,0.05744,-11.951
1188,6,0,0,2,1,1,1,1,0,0.6365,0.04838,-12.45
1189,6,0,0,3,1,2,1,1,0,0.6362,0.18518,-12.363
1190,6,0,0,4,1,0,1,1,0,0.6359,0.27876,-62.816
1191,7,0,0,3,1,3,1,1,0,0.6356,0.36241,-28.656
1192,11,0,0,6,1,3,1,1,0,0.6353,1.5942,-36.791
1193,6,0,0,3,1,1,1,1,0,0.635,0.04017,-28.543
1194,7,0,0,3,1,1,1,1,0,0.6346,0.1034,-11.563
1195,11,0,0,2,1,5,1,1,0,0.6343,0.15482,-11.618
1196,5,0,0,2,1,2,1,1,0,0.634,0.14003,-67.819
1197,9,0,0,3,1,3,1,1,0,0.6337,0.38567,-28.041
1198,9,0,0,2,1,3,1,1,0,0.6334,0.0579,-28.41
1199,7,0,0,1,1,3,1,1,0,0.6331,0.19372,-12.733
1200,5,0,0,3,1,3,1,1,0,0.6328,0.38524,-65.376
1201,5,0,0,4,1,2,1,1,0,0.6325,0.37733,-65.246
1202,5,0,0,4,1,2,1,1,0,0.6322,0.52401,-68.078
1203,8,0,0,2,1,2,1,1,0,0.6319,0.10437,-11.688
1204,6,0,0,3,1,2,1,1,0,0.6316,0.07303,-12.484
1205,6,0,0,3,1,2,1,1,0,0.6313,0.14031,-12.02
1206,41,0,0,5,3,9,1,1,0,0.631,0.38786,-6.095
1207,8,0,0,2,1,2,1,1,0,0.6307,0.04208,-28.128
1208,10,0,0,2,1,8,1,1,0,0.6304,0.04791,-29.874
1209,7,0,0,2,1,3,1,1,0,0.63,0.0586,-29.271
1210,11,0,0,3,1,3,1,1,0,0.6297,0.07049,-9.923
1211,14,0,0,4,2,3,1,1,0,0.6294,0.62395,-37.919
1212,6,0,0,3,1,3,1,1,0,0.6291,0.04105,-13.128
1213,35,1,1,8,2,8,1,1,0,0.6288,0.23173,-6.616
1214,13,0,0,4,1,3,1,1,0,0.6285,1.40732,-12.18
1215,29,1,1,6,3,10,1,1,0,0.6282,0.71476,-13.911
1216,9,0,0,3,1,3,1,1,0,0.6279,0.13924,-11.672
1217,7,0,0,2,1,2,1,1,0,0.6276,0.43529,-12.55
1218,7,0,0,1,1,2,1,1,0,0.6273,0.13406,-12.872
1219,8,0,0,3,1,5,1,1,0,0.627,0.20282,-29.278
1220,7,0,0,3,1,2,1,1,0,0.6267,0.12578,-11.708
1221,6,0,0,3,1,1,1,1,0,0.6264,0.37138,-67.262
1222,7,0,0,3,1,2,1,1,0,0.6261,0.05549,-11.38
1223,8,0,0,3,1,2,1,1,0,0.6258,0.07127,-11.107
1224,11,0,0,2,1,3,1,1,0,0.6255,0.11676,-11.489
1225,10,0,0,3,1,5,1,1,0,0.6251,0.03068,-28.2
1226,7,0,0,4,1,2,1,1,0,0.6248,0.62656,-64.065
1227,8,0,0,2,1,2,1,1,0,0.6245,0.07334,-11.497
1228,5,0,0,3,1,4,1,1,0,0.6242,0.57178,-67.331
1229,7,0,0,1,1,3,1,1,0,0.6239,0.08769,-29.417
1230,8,0,0,2,1,3,1,1,0,0.6236,0.08578,-11.623
1231,6,0,0,1,1,1,1,1,0,0.6233,2.82112,-45.966
1232,16,0,0,4,2,4,1,1,0,0.623,0.12536,-6.105
1233,6,0,0,3,1,1,1,1,0,0.6227,0.0803,-11.508
1234,13,0,0,4,2,4,1,1,0,0.6224,0.13369,-24.634
1235,8,0,0,2,1,6,1,1,0,0.6221,0.15572,-29.939
1236,6,0,0,2,1,3,1,1,0,0.6218,0.83759,-63.898
1237,6,0,0,3,1,3,1,1,0,0.6215,0.08107,-13.106
1238,5,0,0,2,1,0,1,1,0,0.6212,0.51408,-29.161
1239,17,1,1,5,2,4,1,1,0,0.6209,0.39848,-16.79
1240,8,0,0,2,1,2,1,1,0,0.6206,0.09165,-27.941
1241,12,0,0,2,1,5,1,1,0,0.6202,0.54717,-26.916
1242,16,1,1,7,2,4,1,1,0,0.6199,0.75466,0.221
1243,6,0,0,3,1,3,1,1,0,0.6196,0.11338,-29.298
1244,7,0,0,6,1,1,1,1,0,0.6193,2.37,-39.267
1245,6,0,0,1,1,4,1,1,0,0.619,0.49678,-67.246
1246,10,0,0,2,1,3,1,1,0,0.6187,0.12351,-10.896
1247,5,0,0,3,1,1,1,1,0,0.6184,0.40953,-68.198
1248,6,0,0,3,1,1,1,1,0,0.6181,0.12506,-11.793
1249,7,0,0,3,1,3,1,1,0,0.6178,0.10576,-11.889
1250,8,0,0,2,1,3,1,1,0,0.6175,0.05121,-11.834
1251,7,0,0,1,1,3,1,1,0,0.6172,0.37532,-13.199
1252,20,0,0,6,2,7,1,1,0,0.6169,0.89324,-37.796
1253,10,0,0,3,1,7,1,1,0,0.6166,0.07613,-12.571
1254,7,0,0,3,1,3,1,1,0,0.6163,0.15741,-28.819
1255,16,0,0,4,2,6,1,1,0,0.616,0.70625,-48.081
1256,9,0,0,3,1,2,1,1,0,0.6157,0.08297,-10.959
1257,5,0,0,4,1,1,1,1,0,0.6154,0.78677,-65.892
1258,10,0,0,2,1,6,1,1,0,0.615,0.08188,-29.475
1259,5,0,0,4,1,2,1,1,0,0.6147,0.59312,-66.574
1260,10,0,0,3,1,5,1,1,0,0.6144,1.6368,-41.497
1261,17,0,0,6,2,8,1,1,0,0.6141,0.11849,-23.448
1262,8,0,0,2,1,4,1,1,0,0.6138,0.06741,-29.149
1263,7,0,0,1,1,4,1,1,0,0.6135,0.1838,-30.385
1264,7,0,0,3,1,3,1,1,0,0.6132,0.07429,-12.465
1265,6,0,0,2,1,3,1,1,0,0.6129,0.06625,-30.19
1266,7,0,0,3,1,4,1,1,0,0.6126,0.07953,-30.036
1267,7,0,0,3,1,2,1,1,0,0.6123,0.07227,-11.843
1268,10,0,0,2,1,5,1,1,0,0.612,0.4771,-62.662
1269,5,0,0,2,1,1,1,1,0,0.6117,0.93749,-58.189
1270,27,1,1,7,2,8,1,1,0,0.6114,0.61745,-19.671
1271,6,0,0,2,1,1,1,1,0,0.6111,0.1767,-12.529
1272,14,0,0,4,2,2,1,1,0,0.6108,1.39778,-21.293
1273,6,0,0,3,1,3,1,1,0,0.6104,0.10799,-29.703
1274,14,0,0,3,2,2,1,1,0,0.6101,1.02331,-39.297
1275,8,0,0,6,1,4,1,1,0,0.6098,1.72074,-41.245
1276,8,0,0,6,1,0,1,1,0,0.6095,1.36251,-39.347
1277,23,3,3,9,2,8,1,1,0,0.6092,0.94094,-25.945
1278,15,1,1,6,2,4,1,1,0,0.6089,1.08584,-31.58
1279,5,0,0,4,1,2,1,1,0,0.6086,0.6447,-66.349
1280,6,0,0,3,1,2,1,1,0,0.6083,0.08941,-11.983
1281,17,0,0,6,2,2,1,1,0,0.608,0.98266,-39.766
1282,8,0,0,3,1,3,1,1,0,0.6077,0.07363,-12.456
1283,8,0,0,2,1,3,1,1,0,0.6074,0.27063,-12.01
1284,10,0,0,2,1,3,1,1,0,0.6071,0.27144,-11.046
1285,27,2,2,10,2,5,1,1,0,0.6068,0.99494,8.994
1286,7,0,0,3,1,1,1,1,0,0.6065,0.2212,-12.668
1287,8,0,0,3,1,0,1,1,0,0.6062,0.12262,-66.503
1288,14,0,0,8,2,6,1,1,0,0.6059,1.12473,-36.759
1289,40,1,1,5,3,11,1,1,0,0.6056,0.54982,17.062
1290,6,0,0,4,1,3,1,1,0,0.6052,0.41544,-66.08
1291,17,0,0,3,2,7,1,1,0,0.6049,0.64495,-23.297
1292,6,0,0,2,1,3,1,1,0,0.6046,0.05581,-12.708
1293,6,0,0,3,1,3,1,1,0,0.6043,0.69193,-12.654
1294,10,0,0,2,1,4,1,1,0,0.604,0.06745,-10.837
1295,6,0,0,4,1,3,1,1,0,0.6037,0.39133,-66.531
1296,19,0,0,1,2,6,1,1,0,0.6034,0.14238,-0.418
1297,8,0,0,2,1,3,1,1,0,0.6031,0.2768,-12.069
1298,7,0,0,2,1,4,1,1,0,0.6028,0.16858,-29.134
1299,7,0,0,2,1,4,1,1,0,0.6025,0.60554,-29.322
1300,18,0,0,3,2,7,1,1,0,0.6022,0.23902,-0.618
1301,5,0,0,3,1,2,1,1,0,0.6019,0.38848,-67.174
1302,7,0,0,2,1,3,1,1,0,0.6016,1.05873,-28.556
1303,20,0,0,4,2,8,1,1,0,0.6013,0.27197,-16.131
1304,10,0,0,3,1,2,1,1,0,0.601,0.13678,-8.687
1305,5,0,0,3,1,2,1,1,0,0.6007,0.31151,-69.36
1306,18,1,1,2,2,2,1,1,0,0.6003,1.48914,-18.432
1307,15,1,1,5,2,4,1,1,0,0.6,1.36761,-20.476
1308,7,0,0,1,1,4,1,1,0,0.5997,0.26415,-12.513
1309,5,0,0,3,1,3,1,1,0,0.5994,0.30093,-67.601
1310,7,0,0,3,1,4,1,1,0,0.5991,0.72964,-28.998
1311,14,0,0,6,1,3,1,1,0,0.5988,1.28333,-26.369
1312,5,0,0,3,1,2,1,1,0,0.5985,0.30091,-67.395
1313,7,0,0,3,1,4,1,1,0,0.5982,0.24232,-67.262
1314,6,0,0,3,1,2,1,1,0,0.5979,0.13715,-11.517
1315,6,0,0,3,1,2,1,1,0,0.5976,0.20109,-66.724
1316,6,0,0,3,1,3,1,1,0,0.5973,0.49866,-67.407
1317,5,0,0,3,1,2,1,1,0,0.597,0.59124,-68.112
1318,9,0,0,1,1,3,1,1,0,0.5967,1.34491,-47.792
1319,6,0,0,3,1,1,1,1,0,0.5964,0.24482,-11.285
1320,16,0,0,5,2,6,1,1,0,0.5961,0.94441,-35.478
1321,7,0,0,4,1,3,1,1,0,0.5958,0.36359,-66.859
1322,24,0,0,7,2,5,1,1,0,0.5954,0.73948,-18.345
1323,6,0,0,1,1,3,1,1,0,0.5951,0.13534,-12.88
1324,20,0,0,6,2,7,1,1,0,0.5948,0.46215,0.431
1325,10,0,0,3,1,5,1,1,0,0.5945,0.19905,-66.615
1326,28,2,2,8,2,9,1,1,0,0.5942,0.42678,-12.562
1327,14,0,0,5,2,2,1,1,0,0.5939,1.33067,-25.901
1328,6,0,0,2,1,3,1,1,0,0.5936,0.66352,-12.302
1329,35,3,3,9,2,12,1,1,0,0.5933,0.57779,-20.176
1330,10,0,0,3,1,4,1,1,0,0.593,0.20687,-26.812
1331,7,0,0,2,1,2,1,1,0,0.5927,0.16254,-11.435
1332,5,0,0,3,1,1,1,1,0,0.5924,1.28455,-62.696
1333,14,0,0,3,2,5,1,1,0,0.5921,1.65745,-21.792
1334,6,0,0,2,1,3,1,1,0,0.5918,0.13775,-12.272
1335,21,1,1,7,2,7,1,1,0,0.5915,0.85863,-20.423
1336,14,0,0,5,2,5,1,1,0,0.5912,0.54941,-22.589
1337,6,0,0,3,1,2,1,1,0,0.5909,0.26681,-11.77
1338,6,0,0,3,1,0,1,1,0,0.5905,0.29268,-11.334
1339,16,0,0,9,2,7,1,1,0,0.5902,1.35381,-7.999
1340,10,0,0,1,1,6,1,1,0,0.5899,0.30624,-11.674
1341,17,1,1,4,2,7,1,1,0,0.5896,1.19741,-13.109
1342,14,0,0,4,2,6,1,1,0,0.5893,0.06287,-6.442
1343,36,2,2,6,3,11,1,1,0,0.589,0.94558,-3.141
1344,9,0,0,2,1,4,1,1,0,0.5887,0.13057,-28.138
1345,6,0,0,2,1,2,1,1,0,0.5884,0.52274,-28.834
1346,25,0,0,2,2,9,1,1,0,0.5881,0.80004,-39.675
1347,7,0,0,3,1,3,1,1,0,0.5878,0.41259,-28.652
1348,33,1,1,5,2,10,1,1,0,0.5875,0.67591,8.134
1349,17,0,0,5,2,8,1,1,0,0.5872,0.44179,-23.086
1350,8,0,0,3,1,5,1,1,0,0.5869,0.10154,-11.744
1351,5,0,0,3,1,1,1,1,0,0.5866,3.98049,-14.217
1352,10,0,0,2,1,7,1,1,0,0.5863,0.65637,-28.893
1353,7,0,0,2,1,3,1,1,0,0.5859,0.05186,-11.687
1354,39,1,1,8,4,7,1,1,0,0.5856,0.59147,-0.501
1355,17,0,0,7,2,8,1,1,0,0.5853,0.71007,-35.964
1356,29,0,0,3,2,12,1,1,0,0.585,0.51882,-19.73
1357,6,0,0,3,1,0,1,1,0,0.5847,0.13428,-10.478
1358,20,0,0,2,2,7,1,1,0,0.5844,0.19941,2.085
1359,5,0,0,4,1,1,1,1,0,0.5841,0.33963,-66.234
1360,7,0,0,2,1,3,1,1,0,0.5838,0.22711,-11.639
1361,6,0,0,3,1,1,1,1,0,0.5835,0.40707,-11.209
1362,13,0,0,5,2,1,1,1,0,0.5832,1.12241,-47.155
1363,33,1,1,6,2,8,1,1,0,0.5829,0.52505,-14.964
1364,8,0,0,3,1,4,1,1,0,0.5826,1.12467,-28.058
1365,16,0,0,4,2,4,1,1,0,0.5823,0.80437,-29.148
1366,22,0,0,4,3,6,1,1,0,0.582,0.85513,-35.533
1367,7,0,0,5,1,1,1,1,0,0.5817,0.38825,-26.166
1368,8,0,0,3,1,2,1,1,0,0.5814,0.1244,-10.018
1369,6,0,0,3,1,2,1,1,0,0.5811,0.08013,-11.448
1370,8,0,0,2,1,3,1,1,0,0.5807,1.46517,-23.668
1371,44,0,0,1,2,8,1,1,0,0.5804,0.40783,-21.248
1372,5,0,0,3,1,2,1,1,0,0.5801,0.15899,-69.703
1373,8,0,0,3,1,3,1,1,0,0.5798,0.28431,-10.593
1374,21,3,3,6,2,5,1,1,0,0.5795,0.79929,-24.64
1375,5,0,0,4,1,3,1,1,0,0.5792,0.21356,-67.062
1376,6,0,0,4,1,2,1,1,0,0.5789,0.19472,-65.635
1377,15,0,0,4,2,3,1,1,0,0.5786,1.14406,-37.8
1378,5,0,0,2,1,1,1,1,0,0.5783,0.26087,-66.868
1379,19,0,0,5,2,6,1,1,0,0.578,0.60337,-33.045
1380,8,0,0,3,1,0,1,1,0,0.5777,0.11479,-8.957
1381,7,0,0,3,1,2,1,1,0,0.5774,0.12126,-10.369
1382,6,0,0,3,1,3,1,1,0,0.5771,0.09993,-11.72
1383,42,1,1,6,4,10,1,1,0,0.5768,0.79866,21.969
1384,21,1,1,8,2,3,1,1,0,0.5765,0.78584,-29.99
1385,11,0,0,3,1,2,1,1,0,0.5761,0.08174,-65.249
1386,13,0,0,3,1,7,1,1,0,0.5758,1.07966,-46.292
1387,7,0,0,3,1,2,1,1,0,0.5755,0.14984,-10.695
1388,27,0,0,3,3,11,1,1,0,0.5752,0.9898,-1.703
1389,6,0,0,2,1,1,1,1,0,0.5749,0.64093,-11.846
1390,6,0,0,3,1,2,1,1,0,0.5746,0.14302,-11.691
1391,6,0,0,2,1,1,1,1,0,0.5743,0.50224,-11.821
1392,7,0,0,3,1,4,1,1,0,0.574,0.43525,-62.04
1393,5,0,0,2,1,3,1,1,0,0.5737,0.40466,-31.046
1394,21,1,1,6,2,5,1,1,0,0.5734,0.79593,-23.45
1395,6,0,0,2,1,2,1,1,0,0.5731,0.0916,-11.987
1396,10,0,0,4,1,4,1,1,0,0.5728,0.45217,-27.424
1397,7,0,0,3,1,4,1,1,0,0.5725,0.49143,-29.106
1398,21,0,0,5,2,5,1,1,0,0.5722,0.16572,-2.554
1399,7,0,0,2,1,3,1,1,0,0.5719,0.51165,-12.439
1400,8,0,0,3,1,2,1,1,0,0.5716,0.14896,-64.633
1401,30,1,1,4,3,8,1,1,0,0.5713,0.79192,-20.235
1402,10,0,0,3,1,4,1,1,0,0.5709,0.30182,-10.996
1403,13,0,0,5,1,3,1,1,0,0.5706,0.39251,-24.985
1404,21,0,0,3,2,4,1,1,0,0.5703,0.43896,-5.414
1405,5,0,0,3,1,1,1,1,0,0.57,0.10845,-69.014
1406,7,0,0,2,1,3,1,1,0,0.5697,0.18377,-12.215
1407,28,1,1,5,2,5,1,1,0,0.5694,0.7482,-23.66
1408,106,2,2,11,5,18,1,1,0,0.5691,0.39816,85.659
1409,6,0,0,3,1,3,1,1,0,0.5688,1.54403,-29.495
1410,24,1,1,5,2,9,1,1,0,0.5685,0.24057,-6.427
1411,8,0,0,4,1,2,1,1,0,0.5682,0.20202,-64.08
1412,5,0,0,3,1,3,1,1,0,0.5679,0.35532,-66.21
1413,122,5,5,21,8,30,1,1,0,0.5676,0.56145,78.59
1414,8,0,0,3,1,2,1,1,0,0.5673,0.19481,-11.273
1415,9,0,0,1,1,1,1,1,0,0.567,0.17239,-10.443
1416,6,0,0,2,1,2,1,1,0,0.5667,0.18035,-29.651
1417,8,0,0,3,1,2,1,1,0,0.5664,0.24387,-11.377
1418,8,0,0,3,1,3,1,1,0,0.566,0.17912,-11.474
1419,11,0,0,3,1,6,1,1,0,0.5657,2.52296,-12.226
1420,7,0,0,2,1,1,1,1,0,0.5654,0.12513,-11.286
1421,26,1,1,4,2,7,1,1,0,0.5651,1.00431,-22.808
1422,6,0,0,3,1,1,1,1,0,0.5648,0.11829,-11.218
1423,5,0,0,2,1,0,1,1,0,0.5645,4.33207,-56.62
1424,10,0,0,2,1,6,1,1,0,0.5642,0.09387,-29.304
1425,7,0,0,1,1,1,1,1,0,0.5639,2.14869,-42.528
1426,22,0,0,5,3,5,1,1,0,0.5636,1.51432,-31.731
1427,9,0,0,3,1,3,1,1,0,0.5633,0.10317,-11.223
1428,6,0,0,2,1,2,1,1,0,0.563,3.17302,-42.788
1429,15,1,1,7,2,4,1,1,0,0.5627,0.44053,-16.131
1430,6,0,0,2,1,3,1,1,0,0.5624,0.18206,-11.954
1431,26,1,1,2,2,6,1,1,0,0.5621,0.57153,-5.501
1432,7,0,0,3,1,4,1,1,0,0.5618,0.28673,-10.816
1433,8,0,0,2,1,3,1,1,0,0.5615,0.78549,-27.955
1434,19,1,1,5,2,4,1,1,0,0.5611,1.03677,-11.53
1435,6,0,0,2,1,1,1,1,0,0.5608,0.13378,-10.465
1436,7,0,0,3,1,2,1,1,0,0.5605,0.71491,-67.606
1437,6,0,0,3,1,2,1,1,0,0.5602,0.1566,-10.651
1438,35,2,2,9,3,14,1,1,0,0.5599,0.74386,-14.28
1439,8,0,0,2,1,2,1,1,0,0.5596,0.14881,-9.925
1440,6,0,0,2,1,2,1,1,0,0.5593,0.50107,-28.173
1441,8,0,0,2,1,1,1,1,0,0.559,0.19387,-63.496
1442,7,0,0,2,1,1,1,1,0,0.5587,0.43601,-9.815
1443,7,0,0,4,1,1,1,1,0,0.5584,0.16872,-66.897
1444,27,1,1,4,2,10,1,1,0,0.5581,0.70743,-25.084
1445,20,1,1,2,2,8,1,1,0,0.5578,0.60337,-12.735
1446,11,0,0,1,1,6,1,1,0,0.5575,0.24844,-10.932
1447,6,0,0,2,1,3,1,1,0,0.5572,0.85783,-11.157
1448,6,0,0,2,1,1,1,1,0,0.5569,0.15359,-10.273
1449,21,0,0,5,2,9,1,1,0,0.5565,0.29785,-16.072
1450,81,1,1,10,5,25,1,1,0,0.5562,0.48326,44.141
1451,47,2,2,6,4,15,1,1,0,0.5559,0.5549,28.709
1452,7,0,0,3,1,2,1,1,0,0.5556,0.65596,-26.71
1453,19,1,1,6,2,6,1,1,0,0.5553,0.9433,-14.056
1454,8,0,0,2,1,2,1,1,0,0.555,0.1539,-8.773
1455,6,0,0,2,1,3,1,1,0,0.5547,0.63553,-64.271
1456,7,0,0,2,1,2,1,1,0,0.5544,0.43501,-10.169
1457,27,1,1,9,2,8,1,1,0,0.5541,0.73721,-22.162
1458,29,1,1,7,3,6,1,1,0,0.5538,0.64698,-17.293
1459,40,2,2,4,3,6,1,1,0,0.5535,0.44952,-19.798
1460,5,0,0,3,1,2,1,1,0,0.5532,0.14295,-65.91
1461,6,0,0,2,1,3,1,1,0,0.5529,0.62964,-11.472
1462,33,2,2,9,4,9,1,1,0,0.5526,0.54623,13.729
1463,10,0,0,2,1,1,1,1,0,0.5523,0.2561,-7.427
1464,20,1,1,4,2,5,1,1,0,0.552,0.95532,-25.15
1465,7,0,0,1,1,4,1,1,0,0.5516,1.30658,-28.671
1466,32,0,0,4,3,11,1,1,0,0.5513,0.42555,-30.283
1467,36,2,2,9,2,8,1,1,0,0.551,0.52224,-12.297
1468,12,0,0,3,1,5,1,1,0,0.5507,0.32046,-24.653
1469,8,0,0,1,1,2,1,1,0,0.5504,1.29411,-25.948
1470,20,1,1,5,2,8,1,1,0,0.5501,0.90452,-28.431
1471,16,0,0,5,2,5,1,1,0,0.5498,1.20529,-5.989
1472,22,1,1,4,2,7,1,1,0,0.5495,0.82308,-35.616
1473,21,1,1,5,2,8,1,1,0,0.5492,0.75518,-41.209
1474,8,0,0,4,1,3,1,1,0,0.5489,0.11624,-63.845
1475,21,1,1,2,2,6,1,1,0,0.5486,0.99318,-26.172
1476,13,0,0,2,1,5,1,1,0,0.5483,0.12817,-9.153
1477,10,0,0,2,1,3,1,1,0,0.548,0.76708,-26.468
1478,9,0,0,3,1,1,1,1,0,0.5477,0.27765,-8.883
1479,10,0,0,4,1,1,1,1,0,0.5474,0.37276,-62.879
1480,6,0,0,2,1,2,1,1,0,0.5471,0.21939,-11.988
1481,7,0,0,3,1,4,1,1,0,0.5468,0.61935,-28.806
1482,5,0,0,4,1,2,1,1,0,0.5464,0.71538,-68.664
1483,8,0,0,1,1,4,1,1,0,0.5461,0.69717,-28.939
1484,17,0,0,6,2,6,1,1,0,0.5458,0.59445,-19.216
1485,15,0,0,2,1,8,1,1,0,0.5455,0.15967,-64.048
1486,16,0,0,2,1,5,1,1,0,0.5452,0.11126,-8.11
1487,24,1,1,3,2,3,1,1,0,0.5449,0.61363,-25.079
1488,14,0,0,3,2,2,1,1,0,0.5446,0.85579,-48.221
1489,6,0,0,2,1,3,1,1,0,0.5443,0.93578,-12.766
1490,5,0,0,4,1,1,1,1,0,0.544,0.4494,-69.084
1491,13,0,0,4,2,5,1,1,0,0.5437,2.68576,-52.265
1492,5,0,0,3,1,2,1,1,0,0.5434,2.41007,-13.992
1493,5,0,0,3,1,2,1,1,0,0.5431,0.62973,-67.059
1494,16,0,0,1,1,2,1,1,0,0.5428,0.80513,-23.879
1495,13,0,0,5,2,5,1,1,0,0.5425,0.12092,-6.402
1496,7,0,0,2,1,2,1,1,0,0.5422,1.14112,-57.09
1497,5,0,0,2,1,0,1,1,0,0.5418,0.36937,-67.502
1498,7,0,0,3,1,2,1,1,0,0.5415,0.15037,-11.192
1499,13,0,0,5,2,4,1,1,0,0.5412,0.75425,-23.44
1500,10,0,0,1,1,7,1,1,0,0.5409,0.48678,-29.548
1501,7,0,0,2,1,3,1,1,0,0.5406,0.19587,-11.931
1502,15,0,0,5,2,5,1,1,0,0.5403,0.38618,-5.291
1503,6,0,0,3,1,0,1,1,0,0.54,0.17328,-11.189
1504,11,0,0,3,1,6,1,1,0,0.5397,0.90999,-27.849
1505,13,0,0,4,2,4,1,1,0,0.5394,1.15132,-36.823
1506,17,1,1,7,2,5,1,1,0,0.5391,0.84545,2.073
1507,15,0,0,4,2,7,1,1,0,0.5388,0.32917,-25.765
1508,34,1,1,7,3,12,1,1,0,0.5385,0.58048,-19.136
1509,7,0,0,3,1,3,1,1,0,0.5382,0.68915,-28.831
1510,5,0,0,3,1,3,1,1,0,0.5379,0.74593,-67.293
1511,15,0,0,5,2,7,1,1,0,0.5376,0.33103,-7.141
1512,7,0,0,3,1,3,1,1,0,0.5373,0.07941,-12.246
1513,30,1,1,8,3,7,1,1,0,0.537,0.578,-5.303
1514,22,1,1,4,2,4,1,1,0,0.5366,0.58867,-24.343
1515,5,0,0,2,1,2,1,1,0,0.5363,0.29548,-68.344
1516,5,0,0,3,1,1,1,1,0,0.536,0.60929,-67.845
1517,6,0,0,2,1,2,1,1,0,0.5357,1.07819,-29.481
1518,6,0,0,2,1,1,1,1,0,0.5354,0.15741,-29.05
1519,10,0,0,2,1,3,1,1,0,0.5351,0.16855,-28.13
1520,13,0,0,5,2,4,1,1,0,0.5348,0.35133,-24.276
1521,8,0,0,2,1,4,1,1,0,0.5345,0.18633,-29.384
1522,25,1,1,7,3,7,1,1,0,0.5342,0.73409,-13.781
1523,8,0,0,2,1,3,1,1,0,0.5339,0.34737,-28.373
1524,6,0,0,3,1,2,1,1,0,0.5336,0.20966,-12.17
1525,7,0,0,4,1,3,1,1,0,0.5333,0.42234,-68.032
1526,34,2,2,6,4,8,1,1,0,0.533,1.26232,4.951
1527,11,0,0,4,1,3,1,1,0,0.5327,0.65157,-26.716
1528,7,0,0,3,1,1,1,1,0,0.5324,0.8363,-27.563
1529,20,0,0,4,2,6,1,1,0,0.5321,0.24572,-2.207
1530,24,2,2,4,2,6,1,1,0,0.5317,0.8715,-32.57
1531,10,0,0,3,1,3,1,1,0,0.5314,0.15652,-10.075
1532,10,0,0,2,1,6,1,1,0,0.5311,0.13497,-12.587
1533,7,0,0,2,1,2,1,1,0,0.5308,0.25778,-11.677
1534,7,0,0,2,1,5,1,1,0,0.5305,1.36703,-28.085
1535,6,0,0,2,1,0,1,1,0,0.5302,0.51965,-12.385
1536,6,0,0,3,1,2,1,1,0,0.5299,0.21524,-29.125
1537,6,0,0,2,1,3,1,1,0,0.5296,1.20618,-27.984
1538,17,0,0,6,2,6,1,1,0,0.5293,0.21746,-21.896
1539,8,0,0,2,1,3,1,1,0,0.529,0.27597,-10.927
1540,6,0,0,3,1,3,1,1,0,0.5287,0.24629,-12.601
1541,65,3,3,13,4,18,1,1,0,0.5284,0.4492,20.031
1542,8,0,0,2,1,4,1,1,0,0.5281,0.15519,-11.444
1543,9,0,0,2,1,3,1,1,0,0.5278,0.52868,-28.323
1544,6,0,0,3,1,3,1,1,0,0.5275,0.60179,-28.984
1545,8,0,0,3,1,2,1,1,0,0.5272,0.29841,-66.974
1546,8,0,0,2,1,1,1,1,0,0.5268,0.17155,-10.773
1547,7,0,0,1,1,3,1,1,0,0.5265,0.86808,-27.513
1548,37,0,0,6,3,12,1,1,0,0.5262,0.54227,-24.264
1549,6,0,0,2,1,2,1,1,0,0.5259,0.24615,-12.573
1550,7,0,0,1,1,2,1,1,0,0.5256,0.22739,-11.558
1551,6,0,0,3,1,2,1,1,0,0.5253,0.18597,-12.168
1552,14,0,0,4,2,4,1,1,0,0.525,1.96043,-23.059
1553,8,0,0,3,1,4,1,1,0,0.5247,0.17384,-11.599
1554,25,1,1,5,3,6,1,1,0,0.5244,0.8501,-35.681
1555,8,0,0,2,1,1,1,1,0,0.5241,3.12729,-10.474
1556,5,0,0,3,1,1,1,1,0,0.5238,0.56965,-68.988
1557,21,0,0,4,2,4,1,1,0,0.5235,0.22985,-1.546
1558,6,0,0,1,1,2,1,1,0,0.5232,1.06194,-28.141
1559,18,2,2,5,2,6,1,1,0,0.5229,0.98262,-28.885
1560,8,0,0,2,1,2,1,1,0,0.5226,0.20698,-11.448
1561,67,5,5,13,5,14,1,1,0,0.5222,0.43485,25.913
1562,5,0,0,3,1,2,1,1,0,0.5219,0.44562,-69.053
1563,12,0,0,2,1,3,1,1,0,0.5216,0.34683,-26.54
1564,20,1,1,4,2,3,1,1,0,0.5213,1.13896,-23.871
1565,5,0,0,3,1,2,1,1,0,0.521,0.56581,-69.856
1566,33,1,1,9,3,5,1,1,0,0.5207,0.7046,19.607
1567,35,0,0,3,3,4,1,1,0,0.5204,0.32412,-9.446
1568,7,0,0,2,1,2,1,1,0,0.5201,0.58838,-11.954
1569,6,0,0,3,1,4,1,1,0,0.5198,0.37395,-29.819
1570,17,0,0,4,2,9,1,1,0,0.5195,1.98869,-16.234
1571,6,0,0,2,1,1,1,1,0,0.5192,0.37385,-11.741
1572,22,2,2,4,2,8,1,1,0,0.5189,0.91886,-9.419
1573,51,1,1,7,4,15,1,1,0,0.5186,0.32129,12.496
1574,5,0,0,4,1,1,1,1,0,0.5183,0.50168,-70.118
1575,10,0,0,1,1,0,1,1,0,0.518,0.16335,-9.623
1576,5,0,0,1,1,1,1,1,0,0.5177,1.49481,-58.915
1577,33,2,2,8,3,12,1,1,0,0.5173,0.59817,-23.934
1578,7,0,0,2,1,2,1,1,0,0.517,0.20393,-11.926
1579,20,0,0,3,2,7,1,1,0,0.5167,0.66984,-31.615
1580,11,0,0,1,1,7,1,1,0,0.5164,0.21606,-10.605
1581,33,1,1,5,3,10,1,1,0,0.5161,0.70655,15.486
1582,7,0,0,2,1,3,1,1,0,0.5158,1.64045,-57.823
1583,21,1,1,6,2,5,1,1,0,0.5155,0.21818,-13.114
1584,8,0,0,3,1,2,1,1,0,0.5152,0.1513,-10.103
1585,16,1,1,4,2,1,1,1,0,0.5149,0.9337,-25.732
1586,19,1,1,4,2,4,1,1,0,0.5146,1.09277,-11.44
1587,6,0,0,1,1,1,1,1,0,0.5143,0.1821,-12.226
1588,9,0,0,3,1,3,1,1,0,0.514,0.30772,-68.712
1589,25,1,1,3,2,6,1,1,0,0.5137,0.20458,5.916
1590,24,1,1,6,3,3,1,1,0,0.5134,0.55329,-22.101
1591,9,0,0,2,1,5,1,1,0,0.5131,0.11176,-11.07
1592,44,1,1,8,4,11,1,1,0,0.5128,0.76195,22.303
1593,6,0,0,3,1,1,1,1,0,0.5125,0.34106,-10.62
1594,7,0,0,3,1,0,1,1,0,0.5121,0.25383,-10.397
1595,14,0,0,4,2,1,1,1,0,0.5118,0.86541,-16.939
1596,71,5,5,9,6,15,1,1,0,0.5115,0.65068,48.298
1597,7,0,0,2,1,1,1,1,0,0.5112,0.30651,-9.786
1598,7,0,0,1,1,3,1,1,0,0.5109,0.21492,-10.626
1599,10,0,0,3,1,5,1,1,0,0.5106,0.16098,-9.576
1600,20,2,2,7,2,4,1,1,0,0.5103,1.37539,5.915
1601,6,0,0,3,1,3,1,1,0,0.51,0.34753,-28.45
1602,8,0,0,2,1,4,1,1,0,0.5097,1.04764,-42.556
1603,14,0,0,3,2,4,1,1,0,0.5094,0.28807,-0.933
1604,32,2,2,9,3,6,1,1,0,0.5091,0.64236,-8.325
1605,8,0,0,2,1,1,1,1,0,0.5088,0.32376,-8.561
1606,7,0,0,2,1,4,1,1,0,0.5085,3.79488,-11.701
1607,21,1,1,6,2,7,1,1,0,0.5082,0.2206,-10.006
1608,64,4,4,12,4,17,1,1,0,0.5079,0.31961,56.856
1609,6,0,0,3,1,2,1,1,0,0.5076,0.2693,-10.531
1610,34,2,2,5,4,10,1,1,0,0.5072,0.35244,1.841
1611,6,0,0,2,1,2,1,1,0,0.5069,1.02749,-42.985
1612,30,2,2,9,3,6,1,1,0,0.5066,0.77152,-4.627
1613,29,0,0,2,2,8,1,1,0,0.5063,0.62519,3.154
1614,25,1,1,3,2,6,1,1,0,0.506,0.7419,-24.211
1615,14,0,0,3,2,3,1,1,0,0.5057,0.97933,-28.27
1616,7,0,0,3,1,4,1,1,0,0.5054,0.34843,-9.923
1617,27,1,1,4,3,5,1,1,0,0.5051,0.75177,-21.134
1618,6,0,0,3,1,0,1,1,0,0.5048,0.13595,-9.369
1619,10,0,0,2,1,3,1,1,0,0.5045,0.17334,-7.343
1620,7,0,0,1,1,2,1,1,0,0.5042,1.45172,-9.714
1621,6,0,0,3,1,1,1,1,0,0.5039,0.17663,-9.648
1622,5,0,0,3,1,0,1,1,0,0.5036,0.38755,-69.552
1623,53,2,2,5,4,18,1,1,0,0.5033,0.61161,42.783
1624,6,0,0,2,1,1,1,1,0,0.503,0.11963,-9.673
1625,15,0,0,2,2,3,1,1,0,0.5027,0.24757,0.327
1626,7,0,0,5,1,2,1,1,0,0.5023,0.55621,-25.846
1627,15,0,0,5,2,7,1,1,0,0.502,1.15662,-29.844
1628,6,0,0,2,1,3,1,1,0,0.5017,1.16145,-11.117
1629,28,1,1,11,3,6,1,1,0,0.5014,0.65169,-5.085
1630,6,0,0,2,1,3,1,1,0,0.5011,0.21884,-9.938
1631,74,3,3,6,4,13,1,1,0,0.5008,0.50734,70.427
1632,123,6,6,17,7,20,1,1,0,0.5005,0.54581,64.621
1633,41,2,2,6,3,6,1,1,0,0.5002,0.67161,34.887
1634,50,2,2,10,5,16,1,1,0,0.4999,0.51229,0.871
1635,6,0,0,2,1,3,1,1,0,0.4996,2.21355,-28.288
1636,16,0,0,2,2,6,1,1,0,0.4993,0.26467,-2.094
1637,5,0,0,4,1,1,1,1,0,0.499,0.57392,-69.839
1638,28,1,1,8,3,5,1,1,0,0.4987,0.59516,-14.325
1639,53,0,0,13,6,14,1,1,0,0.4984,0.58531,38.11
1640,17,1,1,5,2,4,1,1,0,0.4981,0.69746,-0.022
1641,18,1,1,4,2,4,1,1,0,0.4978,0.64681,-28.335
1642,23,2,2,7,2,7,1,1,0,0.4974,0.84848,-18.922
1643,8,0,0,3,1,3,1,1,0,0.4971,0.18305,-10.258
1644,7,0,0,2,1,3,1,1,0,0.4968,0.0761,-10.811
1645,5,0,0,4,1,2,1,1,0,0.4965,0.4968,-69.795
1646,15,0,0,2,2,2,1,1,0,0.4962,0.14564,0.653
1647,8,0,0,3,1,3,1,1,0,0.4959,0.07346,-10.245
1648,8,0,0,3,1,2,1,1,0,0.4956,0.2232,-68.555
1649,9,0,0,5,1,2,1,1,0,0.4953,1.53926,-40.042
1650,14,0,0,4,2,4,1,1,0,0.495,0.42464,-46.951
1651,6,0,0,2,1,1,1,1,0,0.4947,2.33339,-27.725
1652,17,1,1,5,2,3,1,1,0,0.4944,0.43025,-14.222
1653,6,0,0,3,1,3,1,1,0,0.4941,0.07843,-11.319
1654,6,0,0,3,1,2,1,1,0,0.4938,0.09992,-11.105
1655,19,0,0,5,2,7,1,1,0,0.4935,0.81871,-11.559
1656,11,0,0,4,1,3,1,1,0,0.4932,0.20877,-66.879
1657,6,0,0,2,1,3,1,1,0,0.4929,0.05149,-11.571
1658,26,1,1,7,3,5,1,1,0,0.4925,0.76253,-15.889
1659,7,0,0,3,1,3,1,1,0,0.4922,0.07457,-10.821
1660,8,0,0,2,1,3,1,1,0,0.4919,0.09314,-10.187
1661,6,0,0,3,1,1,1,1,0,0.4916,0.18185,-11.007
1662,21,1,1,5,2,5,1,1,0,0.4913,0.81225,-30.471
1663,5,0,0,4,1,1,1,1,0,0.491,0.16149,-70.52
1664,9,0,0,2,1,0,1,1,0,0.4907,0.21419,-6.394
1665,7,0,0,2,1,3,1,1,0,0.4904,0.04775,-11.294
1666,7,0,0,3,1,4,1,1,0,0.4901,0.73318,-28.266
1667,11,0,0,2,1,3,1,1,0,0.4898,0.1796,-6.2
1668,8,0,0,4,1,2,1,1,0,0.4895,0.21661,-68.419
1669,8,0,0,1,1,4,1,1,0,0.4892,0.16762,-9.41
1670,19,0,0,5,2,5,1,1,0,0.4889,0.6405,-0.371
1671,21,2,2,6,2,5,1,1,0,0.4886,0.80488,-21.568
1672,7,0,0,2,1,3,1,1,0,0.4883,0.08265,-9.762
1673,26,1,1,8,3,5,1,1,0,0.4879,0.34566,-3.633
1674,7,0,0,2,1,4,1,1,0,0.4876,1.08318,-28.511
1675,22,2,2,4,2,7,1,1,0,0.4873,0.5742,-4.425
1676,38,2,2,5,3,10,1,1,0,0.487,0.36534,12.667
1677,6,0,0,3,1,2,1,1,0,0.4867,0.12771,-10.64
1678,14,0,0,2,2,3,1,1,0,0.4864,1.1764,-38.395
1679,28,0,0,4,3,9,1,1,0,0.4861,0.40132,-30.962
1680,15,0,0,5,2,1,1,1,0,0.4858,0.36837,-1.147
1681,6,0,0,1,1,1,1,1,0,0.4855,0.18379,-11.586
1682,5,0,0,4,1,2,1,1,0,0.4852,0.24643,-70.178
1683,16,0,0,2,2,3,1,1,0,0.4849,0.28899,0.927
1684,51,2,2,7,4,12,1,1,0,0.4846,0.3847,33.503
1685,16,1,1,5,2,3,1,1,0,0.4843,1.35867,-1.901
1686,48,2,2,9,4,9,1,1,0,0.484,0.64469,34.505
1687,39,1,1,7,4,8,1,1,0,0.4837,0.57972,-15.21
1688,17,1,1,6,2,3,1,1,0,0.4834,0.29819,3.715
1689,21,0,0,3,2,4,1,1,0,0.4831,0.63526,-20.284
1690,6,0,0,3,1,2,1,1,0,0.4827,0.25093,-69.735
1691,15,0,0,3,2,3,1,1,0,0.4824,1.03269,-43.733
1692,18,1,1,4,2,5,1,1,0,0.4821,0.783,-25.642
1693,13,0,0,4,1,7,1,1,0,0.4818,0.15123,-24.072
1694,43,1,1,5,3,10,1,1,0,0.4815,0.53037,7.54
1695,7,0,0,3,1,4,1,1,0,0.4812,0.08278,-10.581
1696,6,0,0,3,1,1,1,1,0,0.4809,0.66105,-10.296
1697,14,0,0,4,2,5,1,1,0,0.4806,0.61406,-20.153
1698,15,1,1,2,2,3,1,1,0,0.4803,0.78846,-30.527
1699,30,0,0,5,2,8,1,1,0,0.48,0.76333,-10.658
1700,75,6,6,18,5,13,1,1,0,0.4797,0.51053,62.806
1701,15,0,0,5,2,4,1,1,0,0.4794,0.64663,1.685
1702,24,3,3,8,2,7,1,1,0,0.4791,0.85607,-12.311
1703,35,0,0,11,3,10,1,1,0,0.4788,0.76477,20.447
1704,6,0,0,2,1,3,1,1,0,0.4785,0.16794,-10.865
1705,5,0,0,3,1,2,1,1,0,0.4782,2.92266,-60.363
1706,7,0,0,2,1,3,1,1,0,0.4778,0.06436,-10.736
1707,25,0,0,3,3,7,1,1,0,0.4775,1.16625,-20.906
1708,7,0,0,3,1,2,1,1,0,0.4772,0.17644,-10.301
1709,11,0,0,3,1,4,1,1,0,0.4769,0.07692,-8.101
1710,21,0,0,4,2,10,1,1,0,0.4766,0.84411,6.216
1711,8,0,0,2,1,3,1,1,0,0.4763,0.07346,-10.495
1712,24,2,2,6,2,7,1,1,0,0.476,0.45106,-15.186
1713,57,1,1,15,7,15,1,1,0,0.4757,0.54314,-3.944
1714,7,0,0,2,1,1,1,1,0,0.4754,0.20281,-9.651
1715,20,1,1,3,2,3,1,1,0,0.4751,0.33467,-8.761
1716,16,0,0,5,2,6,1,1,0,0.4748,1.17734,-1.316
1717,14,0,0,4,2,5,1,1,0,0.4745,0.92989,-48.903
1718,6,0,0,2,1,4,1,1,0,0.4742,1.10328,-29.816
1719,26,1,1,5,3,5,1,1,0,0.4739,0.73326,-16.28
1720,8,0,0,2,1,3,1,1,0,0.4736,0.11753,-10.885
1721,5,0,0,3,1,2,1,1,0,0.4733,1.11122,-28.668
1722,28,2,2,5,3,7,1,1,0,0.4729,1.13216,-9.675
1723,14,0,0,3,2,3,1,1,0,0.4726,1.31054,-31.89
1724,6,0,0,2,1,3,1,1,0,0.4723,2.05951,-52.939
1725,7,0,0,3,1,3,1,1,0,0.472,0.45091,-11.047
1726,34,1,1,7,4,7,1,1,0,0.4717,0.24159,20.292
1727,81,3,3,10,6,19,1,1,0,0.4714,0.58488,81.937
1728,9,0,0,2,1,3,1,1,0,0.4711,0.56094,-10.248
1729,8,0,0,2,1,2,1,1,0,0.4708,0.50412,-41.13
1730,6,0,0,2,1,3,1,1,0,0.4705,0.13423,-11.492
1731,7,0,0,2,1,1,1,1,0,0.4702,1.18358,-56.17
1732,7,0,0,3,1,1,1,1,0,0.4699,0.82737,-27.376
1733,6,0,0,3,1,1,1,1,0,0.4696,0.21953,-10.749
1734,6,0,0,3,1,3,1,1,0,0.4693,2.28908,-28.808
1735,17,0,0,3,2,4,1,1,0,0.469,1.01769,-30.332
1736,5,0,0,4,1,2,1,1,0,0.4687,1.17751,-68.817
1737,17,1,1,3,2,3,1,1,0,0.4684,0.30794,3.991
1738,22,2,2,5,2,7,1,1,0,0.468,0.71175,-27.629
1739,5,0,0,2,1,2,1,1,0,0.4677,0.63282,-66.93
1740,16,0,0,5,2,4,1,1,0,0.4674,0.56477,-15.874
1741,15,0,0,6,2,3,1,1,0,0.4671,1.19966,-50.008
1742,18,0,0,4,2,4,1,1,0,0.4668,0.3715,-12.55
1743,6,0,0,2,1,1,1,1,0,0.4665,0.10891,-11.539
1744,5,0,0,2,1,1,1,1,0,0.4662,2.62154,-59.913
1745,40,1,1,6,4,13,1,1,0,0.4659,0.49533,11.049
1746,6,0,0,3,1,1,1,1,0,0.4656,0.74815,-27.79
1747,82,2,2,11,6,12,1,1,0,0.4653,0.44368,83.068
1748,18,0,0,7,2,4,1,1,0,0.465,0.89454,-37.1
1749,7,0,0,3,1,1,1,1,0,0.4647,1.12673,-11.252
1750,13,0,0,5,2,5,1,1,0,0.4644,0.46501,-19.821
1751,6,0,0,2,1,1,1,1,0,0.4641,1.07021,-57.04
1752,8,0,0,2,1,3,1,1,0,0.4638,0.42661,-27.115
1753,7,0,0,3,1,2,1,1,0,0.4635,0.08244,-10.825
1754,15,0,0,6,2,1,1,1,0,0.4631,1.41949,-1.841
1755,6,0,0,3,1,1,1,1,0,0.4628,0.34213,-11.119
1756,21,0,0,5,3,7,1,1,0,0.4625,0.46634,-15.517
1757,88,4,4,10,6,20,1,1,0,0.4622,0.43674,84.452
1758,15,0,0,6,2,5,1,1,0,0.4619,0.1237,-3.788
1759,27,1,1,6,3,4,1,1,0,0.4616,0.36608,-21.112
1760,7,0,0,2,1,4,1,1,0,0.4613,0.05585,-11.673
1761,5,0,0,3,1,1,1,1,0,0.461,0.76157,-66.994
1762,7,0,0,3,1,3,1,1,0,0.4607,0.12013,-11.216
1763,17,0,0,3,2,5,1,1,0,0.4604,0.66626,-30.309
1764,7,0,0,2,1,3,1,1,0,0.4601,0.84307,-28.569
1765,9,0,0,2,1,3,1,1,0,0.4598,0.94665,-26.94
1766,6,0,0,2,1,2,1,1,0,0.4595,0.26945,-11.596
1767,37,2,2,9,4,9,1,1,0,0.4592,0.21496,22.407
1768,7,0,0,2,1,2,1,1,0,0.4589,0.04546,-11.114
1769,22,0,0,6,2,7,1,1,0,0.4586,0.46698,-8.168
1770,14,0,0,5,2,5,1,1,0,0.4582,0.69348,-39.385
1771,31,3,3,4,3,7,1,1,0,0.4579,1.00585,14.996
1772,9,0,0,4,1,1,1,1,0,0.4576,1.30801,-7.97
1773,24,0,0,4,3,7,1,1,0,0.4573,0.49004,-15.883
1774,8,0,0,4,1,2,1,1,0,0.457,0.85321,-9.114
1775,7,0,0,2,1,3,1,1,0,0.4567,0.18173,-10.82
1776,8,0,0,2,1,3,1,1,0,0.4564,0.04017,-10.408
1777,7,0,0,3,1,1,1,1,0,0.4561,0.55365,-9.832
1778,32,1,1,7,3,8,1,1,0,0.4558,0.70408,-22.495
1779,7,0,0,3,1,2,1,1,0,0.4555,0.13398,-10.059
1780,35,0,0,6,3,8,1,1,0,0.4552,0.38418,11.059
1781,19,1,1,6,2,5,1,1,0,0.4549,0.88797,-36.135
1782,39,2,2,9,3,11,1,1,0,0.4546,0.24655,27.267
1783,8,0,0,5,1,2,1,1,0,0.4543,0.54888,-25.569
1784,46,3,3,12,4,7,1,1,0,0.454,0.57563,17.829
1785,19,0,0,4,2,6,1,1,0,0.4536,0.77576,-31.71
1786,102,3,3,18,8,14,1,1,0,0.4533,0.45063,86.289
1787,16,1,1,5,2,3,1,1,0,0.453,0.42869,0.82
1788,22,3,3,7,2,5,1,1,0,0.4527,0.87249,-29.83
1789,6,0,0,3,1,3,1,1,0,0.4524,2.83834,-44.13
1790,7,0,0,2,1,5,1,1,0,0.4521,1.05229,-29.538
1791,5,0,0,2,1,3,1,1,0,0.4518,2.71143,-58.967
1792,6,0,0,2,1,4,1,1,0,0.4515,1.79137,-57.92
1793,16,1,1,5,2,3,1,1,0,0.4512,0.22134,-15.333
1794,15,0,0,3,1,6,1,1,0,0.4509,0.33553,-8.26
1795,40,1,1,12,5,6,1,1,0,0.4506,0.62983,-13.178
1796,33,1,1,12,3,6,1,1,0,0.4503,0.67153,27.183
1797,29,2,2,8,2,11,1,1,0,0.45,0.58334,-27.999
1798,58,3,3,8,4,12,1,1,0,0.4497,0.45907,39.606
1799,5,0,0,1,1,3,1,1,0,0.4494,1.93966,-57.633
1800,7,0,0,3,1,4,1,1,0,0.4491,0.38079,-11.709
1801,8,0,0,3,1,3,1,1,0,0.4487,0.09184,-10.954
1802,11,0,0,3,1,2,1,1,0,0.4484,0.18307,-8.851
1803,6,0,0,1,1,2,1,1,0,0.4481,0.46208,-12.269
1804,19,0,0,3,2,5,1,1,0,0.4478,0.19376,-1.816
1805,22,2,2,7,2,2,1,1,0,0.4475,0.97454,4.26
1806,16,1,1,5,2,2,1,1,0,0.4472,0.75331,-23.547
1807,5,0,0,3,1,0,1,1,0,0.4469,0.6142,-63.986
1808,7,0,0,3,1,2,1,1,0,0.4466,0.29256,-26.849
1809,5,0,0,3,1,2,1,1,0,0.4463,0.54314,-65.214
1810,6,0,0,2,1,2,1,1,0,0.446,2.08703,-56.193
1811,23,0,0,3,3,5,1,1,0,0.4457,0.30106,-5.81
1812,25,1,1,5,3,9,1,1,0,0.4454,1.39836,3.34
1813,24,0,0,4,3,5,1,1,0,0.4451,0.36886,-8.596
1814,26,2,2,6,3,5,1,1,0,0.4448,0.63694,16.036
1815,23,1,1,6,3,5,1,1,0,0.4445,0.37327,12.196
1816,5,0,0,4,1,1,1,1,0,0.4442,0.60056,-64.411
1817,11,0,0,3,1,4,1,1,0,0.4438,0.16049,-8.887
1818,40,1,1,13,3,8,1,1,0,0.4435,0.56787,34.373
1819,28,2,2,7,3,10,1,1,0,0.4432,0.4005,3.438
1820,7,0,0,2,1,3,1,1,0,0.4429,0.83383,-10.967
1821,7,0,0,2,1,4,1,1,0,0.4426,0.28169,-11.145
1822,18,1,1,5,2,2,1,1,0,0.4423,0.78428,-28.808
1823,5,0,0,3,1,1,1,1,0,0.442,2.88458,-43.291
1824,16,0,0,4,2,7,1,1,0,0.4417,0.47679,-1.875
1825,5,0,0,4,1,1,1,1,0,0.4414,1.63672,-65.439
1826,7,0,0,3,1,2,1,1,0,0.4411,0.81629,-66.499
1827,22,1,1,6,2,6,1,1,0,0.4408,0.89342,-7.341
1828,16,0,0,3,2,3,1,1,0,0.4405,0.26159,1.617
1829,8,0,0,5,1,2,1,1,0,0.4402,1.96229,-30.016
1830,30,1,1,9,3,4,1,1,0,0.4399,0.28006,9.203
1831,24,1,1,7,2,4,1,1,0,0.4396,0.79336,14.706
1832,8,0,0,3,1,1,1,1,0,0.4393,0.10019,-8.648
1833,7,0,0,2,1,4,1,1,0,0.4389,0.14765,-11.02
1834,6,0,0,3,1,1,1,1,0,0.4386,0.19571,-10.428
1835,9,0,0,1,1,2,1,1,0,0.4383,0.38352,-41.715
1836,13,0,0,3,2,4,1,1,0,0.438,0.43601,-3.753
1837,49,3,3,8,4,6,1,1,0,0.4377,0.51757,15.314
1838,18,2,2,3,2,3,1,1,0,0.4374,0.24623,7.11
1839,7,0,0,1,1,1,1,1,0,0.4371,0.73982,-53.724
1840,34,2,2,8,3,8,1,1,0,0.4368,0.92128,30.038
1841,11,0,0,2,1,4,1,1,0,0.4365,0.12446,-7.905
1842,21,0,0,5,2,7,1,1,0,0.4362,0.17284,-7.993
1843,7,0,0,3,1,5,1,1,0,0.4359,0.47052,-28.376
1844,18,0,0,6,2,3,1,1,0,0.4356,0.36808,-0.445
1845,8,0,0,2,1,4,1,1,0,0.4353,0.13794,-10.139
1846,18,0,0,4,2,5,1,1,0,0.435,0.88859,-27.875
1847,7,0,0,3,1,0,1,1,0,0.4347,0.31321,-9.177
1848,16,1,1,4,2,2,1,1,0,0.4344,0.60403,-26.145
1849,6,0,0,3,1,1,1,1,0,0.4341,0.16893,-9.874
1850,17,1,1,3,2,5,1,1,0,0.4337,1.16939,-16.221
1851,29,0,0,7,3,6,1,1,0,0.4334,0.23572,1.186
1852,54,4,4,20,6,4,1,1,0,0.4331,0.59942,58.434
1853,10,0,0,3,1,5,1,1,0,0.4328,0.14658,-8.426
1854,57,6,6,12,4,14,1,1,0,0.4325,0.41843,34.77
1855,10,0,0,4,1,1,1,1,0,0.4322,0.82659,-6.587
1856,8,0,0,2,1,4,1,1,0,0.4319,0.32132,-9.99
1857,7,0,0,2,1,3,1,1,0,0.4316,0.76455,-27.394
1858,9,0,0,5,1,3,1,1,0,0.4313,0.20882,-24.545
1859,16,0,0,4,2,5,1,1,0,0.431,0.23292,-1.05
1860,6,0,0,2,1,2,1,1,0,0.4307,0.27181,-10.711
1861,7,0,0,5,1,2,1,1,0,0.4304,1.16174,-8.444
1862,39,2,2,7,3,8,1,1,0,0.4301,0.35359,37.456
1863,56,2,2,10,3,12,1,1,0,0.4298,0.51455,48.988
1864,6,0,0,2,1,1,1,1,0,0.4295,0.26765,-10.503
1865,31,1,1,5,3,8,1,1,0,0.4292,0.37513,-25.645
1866,20,0,0,3,2,5,1,1,0,0.4288,0.7109,-7.042
1867,27,1,1,9,3,8,1,1,0,0.4285,0.64033,-24.318
1868,26,1,1,7,2,5,1,1,0,0.4282,0.44037,1.501
1869,21,1,1,6,2,5,1,1,0,0.4279,0.17536,-5.115
1870,47,1,1,9,4,11,1,1,0,0.4276,0.48073,0.249
1871,62,4,4,16,4,14,1,1,0,0.4273,0.54974,34.444
1872,26,0,0,5,3,8,1,1,0,0.427,0.76268,-11.951
1873,6,0,0,4,1,2,1,1,0,0.4267,0.90347,-68.148
1874,15,0,0,6,2,3,1,1,0,0.4264,0.56433,-2.947
1875,5,0,0,3,1,3,1,1,0,0.4261,2.67879,-61.164
1876,105,5,5,16,7,14,1,1,0,0.4258,0.20386,102.609
1877,43,3,3,9,4,7,1,1,0,0.4255,0.37197,14.986
1878,5,0,0,4,1,2,1,1,0,0.4252,0.42876,-67.547
1879,9,0,0,2,1,3,1,1,0,0.4249,0.1689,-10.628
1880,15,0,0,6,2,3,1,1,0,0.4246,0.40924,-17.565
1881,8,0,0,3,1,2,1,1,0,0.4243,0.23232,-10.727
1882,22,0,0,6,3,4,1,1,0,0.4239,0.99998,-25.54
1883,6,0,0,3,1,1,1,1,0,0.4236,0.20919,-11.019
1884,8,0,0,2,1,0,1,1,0,0.4233,0.13318,-8.802
1885,48,3,3,10,4,3,1,1,0,0.423,0.28095,50.622
1886,5,0,0,3,1,1,1,1,0,0.4227,1.98942,-59.564
1887,37,2,2,7,3,8,1,1,0,0.4224,0.67828,28.93
1888,17,2,2,7,2,3,1,1,0,0.4221,0.88412,-23.766
1889,63,3,3,13,5,9,1,1,0,0.4218,0.4415,61.828
1890,6,0,0,2,1,2,1,1,0,0.4215,0.12453,-10.817
1891,6,0,0,3,1,1,1,1,0,0.4212,1.19292,-9.971
1892,7,0,0,3,1,1,1,1,0,0.4209,0.20318,-9.772
1893,6,0,0,3,1,0,1,1,0,0.4206,0.21163,-10.251
1894,6,0,0,2,1,3,1,1,0,0.4203,0.17045,-11.257
1895,27,1,1,9,3,4,1,1,0,0.42,0.18957,0.686
1896,21,2,2,4,2,5,1,1,0,0.4197,0.39031,-7.988
1897,6,0,0,2,1,2,1,1,0,0.4194,0.17884,-10.633
1898,42,3,3,10,3,7,1,1,0,0.419,0.24008,40.215
1899,25,2,2,5,3,3,1,1,0,0.4187,0.38912,14.684
1900,7,0,0,2,1,4,1,1,0,0.4184,0.42793,-11.02
1901,27,0,0,10,3,7,1,1,0,0.4181,0.82552,17.875
1902,16,0,0,4,2,5,1,1,0,0.4178,0.75539,-18.062
1903,16,0,0,7,2,4,1,1,0,0.4175,0.47251,0.192
1904,6,0,0,1,1,1,1,1,0,0.4172,0.21617,-10.975
1905,34,2,2,11,4,3,1,1,0,0.4169,0.65458,31.651
1906,10,0,0,3,1,3,1,1,0,0.4166,0.20289,-8.297
1907,18,0,0,5,2,5,1,1,0,0.4163,0.41434,6.592
1908,16,1,1,5,2,3,1,1,0,0.416,0.1579,-12.224
1909,17,1,1,7,2,5,1,1,0,0.4157,1.08007,-18.39
1910,51,3,3,17,5,11,1,1,0,0.4154,0.61803,7.121
1911,104,5,5,18,9,19,1,1,0,0.4151,0.48719,128.004
1912,5,0,0,4,1,1,1,1,0,0.4148,1.2402,-66.742
1913,22,1,1,3,2,7,1,1,0,0.4144,0.87545,-22.944
1914,7,0,0,1,1,3,1,1,0,0.4141,0.14713,-10.061
1915,37,1,1,4,3,13,1,1,0,0.4138,0.65591,16.975
1916,6,0,0,2,1,3,1,1,0,0.4135,1.01433,-57.954
1917,18,0,0,3,2,4,1,1,0,0.4132,0.66201,-40.883
1918,5,0,0,4,1,1,1,1,0,0.4129,0.96647,-68.362
1919,16,1,1,7,2,4,1,1,0,0.4126,0.34064,3.69
1920,6,0,0,2,1,1,1,1,0,0.4123,0.18991,-10.481
1921,6,0,0,3,1,1,1,1,0,0.412,0.14928,-10.709
1922,19,1,1,5,2,5,1,1,0,0.4117,0.36243,7.121
1923,7,0,0,2,1,1,1,1,0,0.4114,0.04457,-8.947
1924,10,0,0,3,1,5,1,1,0,0.4111,0.06666,-8.202
1925,8,0,0,3,1,2,1,1,0,0.4108,0.10569,-9.338
1926,23,0,0,4,3,6,1,1,0,0.4105,0.60364,-27.242
1927,31,1,1,7,3,8,1,1,0,0.4102,0.33904,20.6
1928,14,0,0,4,2,3,1,1,0,0.4099,1.05716,-30.115
1929,7,0,0,1,1,3,1,1,0,0.4095,0.13852,-10.921
1930,21,3,3,6,2,1,1,1,0,0.4092,0.25523,15.155
1931,6,0,0,2,1,1,1,1,0,0.4089,0.08474,-10.336
1932,6,0,0,1,1,0,1,1,0,0.4086,0.53029,-57.057
1933,20,1,1,6,2,8,1,1,0,0.4083,0.82121,-15.052
1934,57,2,2,14,6,9,1,1,0,0.408,0.45791,10.913
1935,30,3,3,8,3,9,1,1,0,0.4077,0.77214,-18.636
1936,7,0,0,2,1,2,1,1,0,0.4074,2.175,-60.816
1937,23,0,0,1,2,5,1,1,0,0.4071,0.2365,15.741
1938,26,2,2,6,3,4,1,1,0,0.4068,0.61474,18.932
1939,93,6,6,17,7,11,1,1,0,0.4065,0.49071,122.831
1940,13,0,0,4,2,2,1,1,0,0.4062,0.34582,-1.213
1941,7,0,0,1,1,3,1,1,0,0.4059,0.81415,-28.01
1942,17,0,0,5,2,5,1,1,0,0.4056,0.87505,4.531
1943,8,0,0,3,1,3,1,1,0,0.4053,0.12496,-9.137
1944,17,0,0,6,2,7,1,1,0,0.405,0.75876,-0.566
1945,6,0,0,2,1,1,1,1,0,0.4046,0.09592,-9.766
1946,6,0,0,2,1,2,1,1,0,0.4043,0.27842,-10.463
1947,6,0,0,1,1,3,1,1,0,0.404,0.42599,-11.004
1948,6,0,0,2,1,0,1,1,0,0.4037,0.07978,-9.209
1949,6,0,0,2,1,3,1,1,0,0.4034,0.10166,-10.39
1950,14,0,0,2,1,6,1,1,0,0.4031,0.14219,-5.561
1951,7,0,0,4,1,2,1,1,0,0.4028,2.3141,-31.693
1952,5,0,0,3,1,2,1,1,0,0.4025,0.91275,-68.77
1953,9,0,0,1,1,1,1,1,0,0.4022,0.21673,-7.177
1954,8,0,0,4,1,2,1,1,0,0.4019,0.59483,-66.766
1955,15,0,0,5,2,3,1,1,0,0.4016,0.14571,1.192
1956,24,1,1,5,2,6,1,1,0,0.4013,0.65997,14.741
1957,6,0,0,3,1,1,1,1,0,0.401,0.11281,-8.984
1958,15,0,0,4,2,3,1,1,0,0.4007,0.8099,-44.446
1959,15,0,0,5,2,4,1,1,0,0.4004,0.51016,-27.333
1960,6,0,0,3,1,4,1,1,0,0.4001,1.09857,-28.508
1961,6,0,0,2,1,1,1,1,0,0.3997,0.41369,-56.842
1962,17,0,0,5,2,4,1,1,0,0.3994,0.22359,2.707
1963,17,1,1,8,2,4,1,1,0,0.3991,0.89962,-34.004
1964,21,1,1,6,2,6,1,1,0,0.3988,1.02034,12.752
1965,6,0,0,2,1,2,1,1,0,0.3985,0.15011,-10.036
1966,31,1,1,5,4,4,1,1,0,0.3982,0.56276,2.594
1967,6,0,0,3,1,2,1,1,0,0.3979,0.82624,-9.953
1968,54,1,1,14,6,11,1,1,0,0.3976,0.50287,42.772
1969,31,1,1,6,3,4,1,1,0,0.3973,0.65966,2.612
1970,15,0,0,4,2,1,1,1,0,0.397,0.14481,1.091
1971,20,1,1,6,2,2,1,1,0,0.3967,0.86175,-18.563
1972,9,0,0,3,1,3,1,1,0,0.3964,0.12864,-7.578
1973,17,0,0,5,2,4,1,1,0,0.3961,0.659,-16.521
1974,44,1,1,10,5,9,1,1,0,0.3958,0.57097,-9.668
1975,25,1,1,9,3,8,1,1,0,0.3955,0.19654,14.304
1976,6,0,0,2,1,4,1,1,0,0.3952,1.16008,-28.959
1977,6,0,0,2,1,1,1,1,0,0.3948,0.24929,-11.116
1978,7,0,0,3,1,1,1,1,0,0.3945,0.65449,-8.973
1979,21,3,3,8,2,6,1,1,0,0.3942,0.96262,-19.88
1980,75,6,6,19,6,15,1,1,0,0.3939,0.40725,63.438
1981,6,0,0,3,1,3,1,1,0,0.3936,0.78986,-10.96
1982,16,0,0,5,2,5,1,1,0,0.3933,1.10791,-0.924
1983,30,2,2,7,3,5,1,1,0,0.393,0.48637,-8.54
1984,17,1,1,7,2,5,1,1,0,0.3927,0.92604,-34.525
1985,9,0,0,3,1,2,1,1,0,0.3924,1.01428,-8.346
1986,68,2,2,10,4,13,1,1,0,0.3921,0.42724,41.375
1987,27,2,2,8,3,5,1,1,0,0.3918,1.04908,3.155
1988,38,1,1,12,4,8,1,1,0,0.3915,0.54749,10.619
1989,50,4,4,11,5,11,1,1,0,0.3912,0.72542,54.742
1990,9,0,0,2,1,2,1,1,0,0.3909,0.32495,-8.837
1991,5,0,0,4,1,2,1,1,0,0.3906,0.79349,-70.417
1992,9,0,0,3,1,1,1,1,0,0.3903,0.42086,-8.109
1993,22,1,1,4,2,5,1,1,0,0.3899,0.69819,-20.803
1994,20,2,2,5,2,6,1,1,0,0.3896,0.90281,-21.556
1995,34,1,1,5,3,6,1,1,0,0.3893,0.30278,10.461
1996,11,0,0,1,1,2,1,1,0,0.389,0.1831,-8.429
1997,30,3,3,6,3,5,1,1,0,0.3887,0.79428,20.327
1998,17,1,1,5,2,5,1,1,0,0.3884,0.18513,3.101
1999,17,0,0,1,2,4,1,1,0,0.3881,0.79704,1.258
2000,20,1,1,5,2,3,1,1,0,0.3878,0.65422,-35.382
2001,10,0,0,3,1,4,1,1,0,0.3875,0.58093,-26.236
2002,55,4,4,9,6,6,1,1,0,0.3872,0.69974,38.636
2003,6,0,0,3,1,1,1,1,0,0.3869,0.07008,-10.4
2004,24,1,1,4,2,4,1,1,0,0.3866,0.65598,16.087
2005,10,0,0,3,1,4,1,1,0,0.3863,0.22776,-9.136
2006,39,1,1,8,4,6,1,1,0,0.386,0.57167,7.579
2007,6,0,0,1,1,2,1,1,0,0.3857,0.66139,-11.378
2008,29,1,1,7,3,6,1,1,0,0.3854,0.64509,-8.015
2009,49,4,4,14,4,10,1,1,0,0.3851,0.62505,35.49
2010,60,4,4,21,5,13,1,1,0,0.3847,0.60528,37.348
2011,30,1,1,8,3,4,1,1,0,0.3844,0.87338,24.301
2012,21,2,2,7,3,6,1,1,0,0.3841,0.96023,-18.337
2013,5,0,0,2,1,1,1,1,0,0.3838,1.4455,-55.971
2014,39,3,3,9,3,5,1,1,0,0.3835,0.39861,-2.983
2015,6,0,0,3,1,1,1,1,0,0.3832,0.16968,-11.13
2016,7,0,0,2,1,3,1,1,0,0.3829,0.35318,-57.427
2017,22,1,1,4,2,4,1,1,0,0.3826,0.8828,-10.637
2018,7,0,0,3,1,1,1,1,0,0.3823,0.21835,-10.584
2019,28,2,2,12,3,5,1,1,0,0.382,0.8151,-23.06
2020,22,2,2,3,2,5,1,1,0,0.3817,0.96161,-11.177
2021,30,3,3,6,3,6,1,1,0,0.3814,0.31467,-20.451
2022,91,5,5,20,7,17,1,1,0,0.3811,0.46662,88.242
2023,17,1,1,5,2,2,1,1,0,0.3808,1.01454,5.519
2024,9,0,0,3,1,2,1,1,0,0.3805,0.19389,-9.234
2025,30,3,3,13,3,5,1,1,0,0.3802,0.32433,13.08
2026,18,2,2,3,2,2,1,1,0,0.3798,0.72386,-22.744
2027,77,6,6,20,8,9,1,1,0,0.3795,0.57822,68.31
2028,36,2,2,5,3,10,1,1,0,0.3792,0.3249,34.331
2029,20,1,1,9,2,4,1,1,0,0.3789,0.83077,-32.491
2030,6,0,0,3,1,1,1,1,0,0.3786,0.19918,-9.971
2031,5,0,0,4,1,2,1,1,0,0.3783,0.59886,-70.087
2032,9,0,0,2,1,0,1,1,0,0.378,0.12819,-6.816
2033,7,0,0,2,1,3,1,1,0,0.3777,0.73699,-10.46
2034,19,1,1,5,2,6,1,1,0,0.3774,0.33121,-8.822
2035,30,1,1,7,3,11,1,1,0,0.3771,0.7317,-26.844
2036,5,0,0,3,1,2,1,1,0,0.3768,0.6678,-71.088
2037,6,0,0,3,1,0,1,1,0,0.3765,0.16382,-9.464
2038,17,0,0,5,2,5,1,1,0,0.3762,0.46497,-10.382
2039,55,3,3,11,6,9,1,1,0,0.3759,0.46736,43.029
2040,6,0,0,2,1,3,1,1,0,0.3756,2.49782,-27.728
2041,7,0,0,3,1,1,1,1,0,0.3753,0.20004,-9.508
2042,6,0,0,2,1,1,1,1,0,0.3749,0.14821,-10.052
2043,8,0,0,2,1,3,1,1,0,0.3746,0.13231,-9.377
2044,25,0,0,7,3,6,1,1,0,0.3743,0.23576,-5.818
2045,5,0,0,4,1,0,1,1,0,0.374,0.58625,-70.777
2046,9,0,0,3,1,2,1,1,0,0.3737,0.27193,-67.799
2047,6,0,0,3,1,3,1,1,0,0.3734,0.39824,-70.147
2048,28,2,2,7,3,5,1,1,0,0.3731,0.85439,-8.498
2049,7,0,0,3,1,2,1,1,0,0.3728,0.22047,-8.054
2050,21,1,1,3,2,2,1,1,0,0.3725,0.2031,-8.401
2051,15,1,1,7,2,1,1,1,0,0.3722,0.63817,-25.505
2052,7,0,0,3,1,4,1,1,0,0.3719,0.6327,-26.826
2053,20,1,1,5,2,1,1,1,0,0.3716,0.46126,12.768
2054,20,3,3,6,2,5,1,1,0,0.3713,1.01253,-30.026
2055,6,0,0,1,1,2,1,1,0,0.371,1.04496,-27.642
2056,6,0,0,3,1,1,1,1,0,0.3707,0.25447,-9.055
2057,23,0,0,4,3,5,1,1,0,0.3704,0.44956,12.639
2058,16,1,1,6,2,2,1,1,0,0.37,0.9557,-11.436
2059,16,0,0,4,2,4,1,1,0,0.3697,0.30082,2.185
2060,6,0,0,3,1,1,1,1,0,0.3694,0.2284,-9.683
2061,59,3,3,14,6,5,1,1,0,0.3691,0.42062,24.478
2062,8,0,0,2,1,1,1,1,0,0.3688,0.29058,-8.846
2063,19,2,2,3,2,3,1,1,0,0.3685,0.42741,11.962
2064,45,3,3,11,4,3,1,1,0,0.3682,0.65011,24.648
2065,9,0,0,2,1,2,1,1,0,0.3679,0.18899,-8.435
2066,19,1,1,5,2,3,1,1,0,0.3676,0.17637,-5.011
2067,22,1,1,7,2,2,1,1,0,0.3673,0.8004,-12.582
2068,28,2,2,4,3,6,1,1,0,0.367,0.23319,6.83
2069,6,0,0,2,1,2,1,1,0,0.3667,0.35618,-10.518
2070,15,0,0,4,2,0,1,1,0,0.3664,0.27527,1.307
2071,134,6,6,26,12,23,1,1,0,0.3661,0.46036,145.445
2072,8,0,0,3,1,2,1,1,0,0.3658,0.58064,-8.042
2073,18,1,1,3,2,4,1,1,0,0.3655,0.42767,-10.321
2074,50,2,2,9,5,11,1,1,0,0.3651,0.51286,27.05
2075,6,0,0,2,1,2,1,1,0,0.3648,0.10368,-10.099
2076,17,0,0,6,2,3,1,1,0,0.3645,0.95005,6.162
2077,19,1,1,5,2,2,1,1,0,0.3642,0.83983,-23.089
2078,17,1,1,6,2,5,1,1,0,0.3639,1.04581,-18.832
2079,45,3,3,7,4,10,1,1,0,0.3636,0.35565,51.373
2080,66,3,3,18,6,12,1,1,0,0.3633,0.74016,50.093
2081,31,1,1,4,3,7,1,1,0,0.363,0.54128,2.935
2082,45,2,2,10,5,7,1,1,0,0.3627,0.64514,13.391
2083,6,0,0,2,1,1,1,1,0,0.3624,0.44239,-10.395
2084,6,0,0,3,1,1,1,1,0,0.3621,0.16758,-9.764
2085,7,0,0,1,1,2,1,1,0,0.3618,0.64045,-27.838
2086,14,0,0,4,2,4,1,1,0,0.3615,1.09599,1.43
2087,25,1,1,8,3,5,1,1,0,0.3612,0.38805,17.986
2088,5,0,0,4,1,1,1,1,0,0.3609,0.46196,-70.254
2089,5,0,0,4,1,3,1,1,0,0.3606,0.46691,-71.274
2090,6,0,0,3,1,1,1,1,0,0.3602,0.41965,-69.266
2091,6,0,0,3,1,3,1,1,0,0.3599,0.96333,-28.259
2092,34,0,0,10,4,5,1,1,0,0.3596,0.20681,2.169
2093,9,0,0,3,1,3,1,1,0,0.3593,0.2023,-8.102
2094,19,0,0,6,2,4,1,1,0,0.359,0.33014,-8.113
2095,40,1,1,7,4,5,1,1,0,0.3587,0.66728,4.436
2096,17,1,1,4,2,5,1,1,0,0.3584,0.84734,-26.185
2097,6,0,0,2,1,2,1,1,0,0.3581,0.2798,-10.536
2098,20,1,1,4,2,4,1,1,0,0.3578,0.26757,7.881
2099,41,2,2,7,4,9,1,1,0,0.3575,0.22397,22.215
2100,6,0,0,3,1,3,1,1,0,0.3572,0.83727,-10.956
2101,5,0,0,3,1,1,1,1,0,0.3569,0.3265,-71.029
2102,50,2,2,10,6,7,1,1,0,0.3566,0.62654,40.093
2103,13,0,0,9,2,0,1,1,0,0.3563,1.36461,-15.547
2104,7,0,0,3,1,2,1,1,0,0.356,0.15162,-9.719
2105,19,1,1,2,2,3,1,1,0,0.3557,0.15706,-9.39
2106,13,0,0,3,2,0,1,1,0,0.3553,1.46405,-1.248
2107,6,0,0,1,1,1,1,1,0,0.355,0.22021,-10.842
2108,13,0,0,4,2,3,1,1,0,0.3547,1.39829,-17.98
2109,31,2,2,12,3,3,1,1,0,0.3544,0.67516,-14.554
2110,23,2,2,7,2,4,1,1,0,0.3541,0.73229,-25.166
2111,5,0,0,2,1,2,1,1,0,0.3538,0.38066,-71.547
2112,14,1,1,4,2,3,1,1,0,0.3535,1.78848,-28.564
2113,65,3,3,9,6,16,1,1,0,0.3532,0.25598,52.081
2114,6,0,0,3,1,1,1,1,0,0.3529,0.60132,-9.668
2115,22,2,2,8,2,6,1,1,0,0.3526,0.86233,-11.04
2116,54,4,4,11,6,8,1,1,0,0.3523,0.39497,62.474
2117,20,1,1,5,2,2,1,1,0,0.352,0.237,-5.593
2118,35,2,2,9,4,7,1,1,0,0.3517,0.35345,32.283
2119,6,0,0,2,1,1,1,1,0,0.3514,0.15027,-10.051
2120,19,2,2,5,2,1,1,1,0,0.3511,0.44055,11.816
2121,8,0,0,2,1,3,1,1,0,0.3508,0.27374,-8.47
2122,8,0,0,2,1,4,1,1,0,0.3504,1.16392,-27.277
2123,11,0,0,4,1,6,1,1,0,0.3501,0.14616,-23.67
2124,14,1,1,4,2,3,1,1,0,0.3498,0.6148,4.049
2125,49,4,4,7,4,6,1,1,0,0.3495,0.8969,53.942
2126,16,1,1,4,2,1,1,1,0,0.3492,0.28787,6.831
2127,38,2,2,8,4,5,1,1,0,0.3489,0.4244,20.406
2128,46,4,4,12,5,4,1,1,0,0.3486,0.4951,38.254
2129,6,0,0,2,1,1,1,1,0,0.3483,0.16963,-9.645
2130,30,2,2,9,3,7,1,1,0,0.348,0.75325,3.227
2131,19,1,1,5,2,3,1,1,0,0.3477,1.08044,-14.772
2132,17,1,1,6,2,4,1,1,0,0.3474,0.11946,8.588
2133,9,0,0,4,1,4,1,1,0,0.3471,0.23126,-67.91
2134,18,2,2,9,2,1,1,1,0,0.3468,1.01428,11.891
2135,50,3,3,8,4,10,1,1,0,0.3465,0.48561,37.419
2136,7,0,0,2,1,2,1,1,0,0.3462,0.22331,-9.415
2137,32,2,2,8,3,7,1,1,0,0.3458,0.41342,15.901
2138,25,1,1,8,3,6,1,1,0,0.3455,0.74813,-5.946
2139,21,0,0,7,3,4,1,1,0,0.3452,0.26826,9.728
2140,18,0,0,9,2,3,1,1,0,0.3449,0.19563,5.218
2141,17,0,0,5,2,4,1,1,0,0.3446,0.21717,1.583
2142,21,1,1,8,2,3,1,1,0,0.3443,0.67558,14.943
2143,7,0,0,3,1,1,1,1,0,0.344,0.21,-7.761
2144,24,1,1,7,3,2,1,1,0,0.3437,0.82384,-10.63
2145,35,1,1,7,4,5,1,1,0,0.3434,0.24607,27.024
2146,14,1,1,5,2,2,1,1,0,0.3431,0.86447,-12.385
2147,18,1,1,5,2,7,1,1,0,0.3428,0.26451,-10.355
2148,5,0,0,3,1,0,1,1,0,0.3425,2.1158,-65.217
2149,5,0,0,4,1,2,1,1,0,0.3422,0.36734,-69.707
2150,7,0,0,2,1,3,1,1,0,0.3419,0.0382,-9.72
2151,7,0,0,1,1,0,1,1,0,0.3416,0.27867,-9.637
2152,22,2,2,8,2,5,1,1,0,0.3413,0.78627,-26.272
2153,17,0,0,6,2,5,1,1,0,0.3409,0.11754,2.861
2154,41,1,1,6,5,10,1,1,0,0.3406,0.68593,18.077
2155,13,0,0,4,2,7,1,1,0,0.3403,0.91114,-20.505
2156,6,0,0,3,1,3,1,1,0,0.34,0.24532,-26.94
2157,25,0,0,5,3,4,1,1,0,0.3397,0.21623,16.601
2158,19,3,3,9,2,2,1,1,0,0.3394,0.49969,17.027
2159,22,0,0,10,3,4,1,1,0,0.3391,0.13957,11.61
2160,27,2,2,7,3,7,1,1,0,0.3388,0.65437,-10.386
2161,18,1,1,7,2,2,1,1,0,0.3385,1.0382,-24.862
2162,15,0,0,6,2,4,1,1,0,0.3382,0.15274,0.421
2163,5,0,0,2,1,2,1,1,0,0.3379,1.78827,-64.91
2164,5,0,0,4,1,2,1,1,0,0.3376,0.90873,-69.623
2165,17,2,2,8,2,3,1,1,0,0.3373,0.2111,-5.681
2166,6,0,0,3,1,3,1,1,0,0.337,0.0899,-10.524
2167,22,1,1,7,2,3,1,1,0,0.3367,0.71375,-18.027
2168,55,3,3,9,5,10,1,1,0,0.3364,0.49144,63.969
2169,7,0,0,2,1,2,1,1,0,0.3361,0.10029,-9.911
2170,6,0,0,3,1,1,1,1,0,0.3357,0.13796,-9.763
2171,18,1,1,4,2,7,1,1,0,0.3354,0.18295,-10.306
2172,5,0,0,4,1,2,1,1,0,0.3351,0.517,-70.103
2173,52,2,2,13,5,10,1,1,0,0.3348,0.20565,37.913
2174,5,0,0,2,1,2,1,1,0,0.3345,1.76552,-65.947
2175,16,0,0,6,2,3,1,1,0,0.3342,0.1864,6.908
2176,23,2,2,6,2,4,1,1,0,0.3339,0.89706,-28.38
2177,33,1,1,10,4,3,1,1,0,0.3336,0.79277,35.361
2178,63,5,5,15,4,11,1,1,0,0.3333,0.50383,83.103
2179,15,0,0,5,2,4,1,1,0,0.333,0.5793,-0.504
2180,5,0,0,3,1,1,1,1,0,0.3327,0.2899,-69.16
2181,6,0,0,1,1,2,1,1,0,0.3324,0.10454,-10.855
2182,19,2,2,7,2,4,1,1,0,0.3321,0.42772,11.742
2183,17,1,1,5,2,4,1,1,0,0.3318,0.15167,-9.779
2184,10,0,0,2,1,3,1,1,0,0.3315,0.06451,-7.723
2185,36,1,1,9,4,5,1,1,0,0.3312,0.32983,31.592
2186,39,0,0,9,5,5,1,1,0,0.3308,0.31644,12.969
2187,32,1,1,6,3,6,1,1,0,0.3305,0.54798,-2.404
2188,17,0,0,5,2,8,1,1,0,0.3302,0.11297,-0.604
2189,8,0,0,2,1,2,1,1,0,0.3299,0.14886,-8.465
2190,6,0,0,1,1,2,1,1,0,0.3296,0.1608,-10.767
2191,21,1,1,5,2,5,1,1,0,0.3293,0.65564,-19.236
2192,14,0,0,4,2,4,1,1,0,0.329,0.93705,-30.162
2193,7,0,0,2,1,3,1,1,0,0.3287,0.06377,-10.212
2194,6,0,0,2,1,3,1,1,0,0.3284,0.20449,-11.287
2195,19,2,2,7,2,4,1,1,0,0.3281,0.93754,-20.732
2196,10,0,0,3,1,2,1,1,0,0.3278,0.1375,-6.389
2197,5,0,0,2,1,1,1,1,0,0.3275,3.70446,-42.8
2198,24,3,3,8,2,7,1,1,0,0.3272,0.78683,-12.047
2199,20,1,1,5,2,2,1,1,0,0.3269,0.17435,13.432
2200,32,2,2,5,3,3,1,1,0,0.3266,0.80441,37.294
2201,6,0,0,3,1,2,1,1,0,0.3263,0.08879,-10.531
2202,15,1,1,4,2,2,1,1,0,0.3259,1.31828,3.073
2203,6,0,0,3,1,2,1,1,0,0.3256,0.14994,-10.349
2204,6,0,0,3,1,2,1,1,0,0.3253,0.80673,-10.086
2205,7,0,0,1,1,2,1,1,0,0.325,0.47431,-10.11
2206,20,1,1,8,3,2,1,1,0,0.3247,0.8937,-18.188
2207,6,0,0,1,1,2,1,1,0,0.3244,0.18615,-11.142
2208,17,3,3,8,2,3,1,1,0,0.3241,1.12662,-21.71
2209,32,3,3,8,3,4,1,1,0,0.3238,0.76979,6.545
2210,23,0,0,4,3,4,1,1,0,0.3235,0.71673,-40.444
2211,6,0,0,3,1,1,1,1,0,0.3232,0.2081,-10.518
2212,26,1,1,3,3,3,1,1,0,0.3229,0.39536,-10.864
2213,63,2,2,14,7,6,1,1,0,0.3226,0.25519,58.02
2214,31,3,3,7,2,4,1,1,0,0.3223,0.5195,36.06
2215,6,0,0,2,1,1,1,1,0,0.322,0.94069,-57.081
2216,35,4,4,9,3,4,1,1,0,0.3217,0.51034,7.589
2217,33,0,0,7,4,7,1,1,0,0.3214,0.42446,9.781
2218,21,1,1,4,2,4,1,1,0,0.321,0.95003,-16.304
2219,21,1,1,5,2,5,1,1,0,0.3207,0.17493,11.598
2220,8,0,0,3,1,1,1,1,0,0.3204,0.41038,-8.993
2221,6,0,0,2,1,1,1,1,0,0.3201,0.22469,-11.113
2222,19,2,2,7,2,5,1,1,0,0.3198,1.4766,-32.999
2223,9,0,0,3,1,0,1,1,0,0.3195,0.19454,-8.012
2224,19,2,2,7,2,5,1,1,0,0.3192,1.32968,6.491
2225,6,0,0,2,1,1,1,1,0,0.3189,0.33106,-42.695
2226,25,1,1,6,3,6,1,1,0,0.3186,0.35896,2.393
2227,6,0,0,3,1,2,1,1,0,0.3183,0.78181,-10.426
2228,32,3,3,11,3,5,1,1,0,0.318,0.68283,-19.446
2229,38,2,2,10,4,3,1,1,0,0.3177,0.33806,43.282
2230,27,2,2,4,3,4,1,1,0,0.3174,1.01895,29.68
2231,7,0,0,1,1,3,1,1,0,0.3171,0.33784,-10.66
2232,36,1,1,9,4,5,1,1,0,0.3168,1.00934,4.251
2233,36,4,4,9,4,5,1,1,0,0.3165,0.74487,44.556
2234,7,0,0,2,1,1,1,1,0,0.3161,0.55762,-56.545
2235,6,0,0,3,1,0,1,1,0,0.3158,0.38157,-9.787
2236,5,0,0,3,1,1,1,1,0,0.3155,0.61725,-70.011
2237,13,0,0,3,2,2,1,1,0,0.3152,1.19985,-32.586
2238,16,1,1,6,2,3,1,1,0,0.3149,1.02917,-20.914
2239,17,1,1,3,2,2,1,1,0,0.3146,1.00268,-20.551
2240,13,0,0,3,2,1,1,1,0,0.3143,1.23741,-31.975
2241,9,0,0,1,1,2,1,1,0,0.314,0.38411,-55.557
2242,24,1,1,4,3,5,1,1,0,0.3137,0.85113,-13.378
2243,6,0,0,2,1,1,1,1,0,0.3134,0.41916,-57.424
2244,6,0,0,3,1,1,1,1,0,0.3131,0.6556,-9.846
2245,19,0,0,5,3,2,1,1,0,0.3128,0.32225,-9.327
2246,6,0,0,3,1,1,1,1,0,0.3125,1.02928,-10.015
2247,6,0,0,3,1,1,1,1,0,0.3122,0.12653,-10.334
2248,19,1,1,8,2,4,1,1,0,0.3119,0.23823,15.79
2249,59,4,4,11,6,14,1,1,0,0.3115,0.57676,64.071
2250,6,0,0,1,1,2,1,1,0,0.3112,0.17359,-10.522
2251,8,0,0,3,1,3,1,1,0,0.3109,0.11341,-9.086
2252,49,5,5,10,4,5,1,1,0,0.3106,0.3985,22.717
2253,34,2,2,7,3,10,1,1,0,0.3103,0.96504,32.16
2254,13,0,0,5,2,4,1,1,0,0.31,0.93174,-47.396
2255,17,0,0,3,2,5,1,1,0,0.3097,0.89434,-29.999
2256,22,0,0,6,3,7,1,1,0,0.3094,0.7575,-21.915
2257,87,9,9,22,8,8,1,1,0,0.3091,0.59395,133.629
2258,17,1,1,5,2,3,1,1,0,0.3088,0.17786,-8.808
2259,14,0,0,8,2,2,1,1,0,0.3085,0.22125,1.178
2260,6,0,0,2,1,1,1,1,0,0.3082,0.18578,-10.545
2261,14,0,0,3,2,3,1,1,0,0.3079,0.14066,-0.686
2262,13,0,0,5,2,1,1,1,0,0.3076,0.5328,-44.836
2263,36,2,2,8,3,5,1,1,0,0.3073,0.76726,15.728
2264,6,0,0,2,1,2,1,1,0,0.307,0.55054,-10.119
2265,34,2,2,12,4,9,1,1,0,0.3066,0.81223,2.886
2266,6,0,0,1,1,2,1,1,0,0.3063,0.41498,-58.073
2267,14,0,0,4,2,1,1,1,0,0.306,1.15261,-29.936
2268,28,3,3,6,3,6,1,1,0,0.3057,0.41102,27.382
2269,5,0,0,3,1,2,1,1,0,0.3054,0.49825,-71.385
2270,14,0,0,5,2,2,1,1,0,0.3051,0.73726,-30.308
2271,5,0,0,3,1,2,1,1,0,0.3048,0.24762,-71.619
2272,20,2,2,5,2,1,1,1,0,0.3045,0.83772,-15.806
2273,13,0,0,3,2,4,1,1,0,0.3042,1.81662,-0.789
2274,15,0,0,3,2,0,1,1,0,0.3039,0.49497,-14.047
2275,13,0,0,2,2,2,1,1,0,0.3036,0.26963,-48.06
2276,5,0,0,2,1,2,1,1,0,0.3033,1.2321,-57.752
2277,29,0,0,3,3,9,1,1,0,0.303,0.52643,3.057
2278,21,1,1,8,2,5,1,1,0,0.3027,0.45348,-3.091
2279,6,0,0,2,1,2,1,1,0,0.3024,0.93033,-9.556
2280,6,0,0,3,1,3,1,1,0,0.3021,0.3508,-9.934
2281,6,0,0,3,1,1,1,1,0,0.3017,0.24834,-9.466
2282,7,0,0,1,1,1,1,1,0,0.3014,0.19829,-8.196
2283,10,0,0,5,1,4,1,1,0,0.3011,0.15624,-6.712
2284,8,0,0,2,1,3,1,1,0,0.3008,0.3209,-9.089
2285,6,0,0,2,1,0,1,1,0,0.3005,0.173,-9.646
2286,13,0,0,4,2,1,1,1,0,0.3002,1.47391,-31.651
2287,16,1,1,4,2,3,1,1,0,0.2999,1.04459,-24.226
2288,6,0,0,2,1,1,1,1,0,0.2996,0.14201,-9.574
2289,7,0,0,1,1,3,1,1,0,0.2993,0.17041,-9.46
2290,32,1,1,9,4,4,1,1,0,0.299,0.81708,5.277
2291,8,0,0,3,1,1,1,1,0,0.2987,0.13336,-7.37
2292,39,4,4,11,3,6,1,1,0,0.2984,0.49494,22.975
2293,8,0,0,3,1,2,1,1,0,0.2981,0.1286,-8.668
2294,37,3,3,11,3,4,1,1,0,0.2978,0.53437,15.781
2295,19,1,1,5,2,3,1,1,0,0.2975,0.11638,-2.888
2296,7,0,0,1,1,1,1,1,0,0.2972,0.17054,-9.367
2297,25,1,1,6,3,4,1,1,0,0.2968,0.20936,20.332
2298,25,1,1,4,2,3,1,1,0,0.2965,0.40527,21.808
2299,30,2,2,7,3,4,1,1,0,0.2962,0.5997,-2.222
2300,14,0,0,6,2,3,1,1,0,0.2959,0.57831,0.944
2301,19,1,1,5,2,3,1,1,0,0.2956,0.67019,-18.329
2302,19,0,0,2,2,4,1,1,0,0.2953,0.08303,6.801
2303,41,2,2,13,5,11,1,1,0,0.295,0.91328,41.863
2304,17,1,1,6,2,2,1,1,0,0.2947,1.0006,-36.239
2305,18,1,1,6,2,3,1,1,0,0.2944,0.62262,-22.57
2306,30,2,2,9,3,5,1,1,0,0.2941,0.21952,17.666
2307,22,1,1,8,2,3,1,1,0,0.2938,0.27856,0.943
2308,35,2,2,11,4,6,1,1,0,0.2935,0.42905,9.086
2309,54,5,5,17,5,4,1,1,0,0.2932,0.51671,79.477
2310,42,4,4,11,4,5,1,1,0,0.2929,0.50252,10.088
2311,35,1,1,8,4,2,1,1,0,0.2926,0.89902,5.045
2312,48,2,2,9,5,10,1,1,0,0.2923,0.38244,52.395
2313,5,0,0,2,1,1,1,1,0,0.2919,0.89501,-58.252
2314,6,0,0,3,1,2,1,1,0,0.2916,0.4389,-9.378
2315,35,1,1,6,4,6,1,1,0,0.2913,0.42999,35.036
2316,19,2,2,8,2,4,1,1,0,0.291,0.92447,15.246
2317,74,8,8,18,6,10,1,1,0,0.2907,0.23192,96.723
2318,5,0,0,3,1,1,1,1,0,0.2904,2.05419,-42.981
2319,23,2,2,6,2,2,1,1,0,0.2901,0.17458,23.601
2320,5,0,0,2,1,2,1,1,0,0.2898,0.6554,-27.697
2321,5,0,0,2,1,1,1,1,0,0.2895,1.61312,-56.676
2322,6,0,0,2,1,2,1,1,0,0.2892,1.62365,-27.196
2323,7,0,0,2,1,3,1,1,0,0.2889,0.25046,-9.258
2324,34,4,4,6,3,4,1,1,0,0.2886,0.17078,26.478
2325,26,0,0,7,3,9,1,1,0,0.2883,0.93682,-32.321
2326,68,6,6,17,6,7,1,1,0,0.288,0.55629,95.897
2327,72,3,3,12,7,9,1,1,0,0.2877,0.47703,97.581
2328,13,0,0,4,2,1,1,1,0,0.2874,0.5168,-1.107
2329,24,1,1,7,3,4,1,1,0,0.2871,0.43935,0.516
2330,16,0,0,3,2,9,1,1,0,0.2867,0.73307,-47.465
2331,15,1,1,6,2,3,1,1,0,0.2864,0.73288,-23.211
2332,6,0,0,1,1,1,1,1,0,0.2861,2.03616,-26.28
2333,7,0,0,1,1,2,1,1,0,0.2858,0.22829,-41.657
2334,14,0,0,3,2,1,1,1,0,0.2855,0.48214,-47.494
2335,7,0,0,1,1,2,1,1,0,0.2852,0.18428,-10.416
2336,6,0,0,2,1,1,1,1,0,0.2849,0.0971,-10.567
2337,16,2,2,3,2,3,1,1,0,0.2846,0.99517,-38.747
2338,49,2,2,8,4,11,1,1,0,0.2843,0.20586,59.967
2339,17,0,0,3,2,4,1,1,0,0.284,0.82154,-30.453
2340,5,0,0,2,1,1,1,1,0,0.2837,2.02748,-65.068
2341,6,0,0,2,1,1,1,1,0,0.2834,1.80615,-64.002
2342,14,1,1,4,2,0,1,1,0,0.2831,0.97036,5.675
2343,51,4,4,15,6,3,1,1,0,0.2828,0.6562,63.844
2344,34,3,3,8,3,8,1,1,0,0.2825,0.48294,8.16
2345,5,0,0,3,1,2,1,1,0,0.2822,2.24652,-27.891
2346,16,1,1,5,2,3,1,1,0,0.2818,0.74311,-25.359
2347,13,0,0,4,2,1,1,1,0,0.2815,0.35549,-47.549
2348,6,0,0,2,1,1,1,1,0,0.2812,1.55537,-9.803
2349,25,3,3,9,3,2,1,1,0,0.2809,0.57551,-23.556
2350,7,0,0,2,1,0,1,1,0,0.2806,0.1664,-8.835
2351,30,2,2,5,3,7,1,1,0,0.2803,0.51481,13.585
2352,49,1,1,18,6,6,1,1,0,0.28,0.61309,4.866
2353,26,1,1,8,3,6,1,1,0,0.2797,0.19988,0.473
2354,16,1,1,5,2,5,1,1,0,0.2794,0.20245,6.759
2355,35,3,3,10,4,2,1,1,0,0.2791,0.28167,36.47
2356,17,1,1,6,2,4,1,1,0,0.2788,0.24884,8.278
2357,19,1,1,8,2,4,1,1,0,0.2785,0.99458,-19.231
2358,41,5,5,12,3,3,1,1,0,0.2782,0.61091,61.208
2359,7,0,0,2,1,1,1,1,0,0.2779,0.18169,-9.27
2360,5,0,0,3,1,3,1,1,0,0.2776,3.70393,-43.145
2361,6,0,0,3,1,1,1,1,0,0.2772,1.25488,-9.405
2362,25,2,2,10,3,2,1,1,0,0.2769,0.81925,-7.33
2363,100,10,10,23,8,11,1,1,0,0.2766,0.43522,154.023
2364,123,11,11,32,11,10,1,1,0,0.2763,0.69286,163.486
2365,74,5,5,19,8,6,1,1,0,0.276,0.26034,100.951
2366,105,7,7,16,8,11,1,1,0,0.2757,0.33771,146.966
2367,17,1,1,7,2,2,1,1,0,0.2754,0.22942,8.69
2368,20,1,1,7,2,3,1,1,0,0.2751,0.83077,-30.185
2369,36,4,4,6,3,3,1,1,0,0.2748,0.2477,44.836
2370,5,0,0,3,1,1,1,1,0,0.2745,2.96932,-10.413
2371,18,2,2,6,2,3,1,1,0,0.2742,1.00864,-15.789
2372,5,0,0,4,1,1,1,1,0,0.2739,0.72027,-70.032
2373,20,0,0,8,3,4,1,1,0,0.2736,0.24936,-9.127
2374,22,2,2,5,2,0,1,1,0,0.2733,0.46731,21.282
2375,20,0,0,6,3,4,1,1,0,0.273,0.82112,-21.779
2376,7,0,0,2,1,2,1,1,0,0.2727,0.49639,-9.138
2377,6,0,0,2,1,3,1,1,0,0.2723,0.24223,-11.071
2378,25,1,1,8,2,6,1,1,0,0.272,0.60321,-24.742
2379,6,0,0,2,1,2,1,1,0,0.2717,1.08546,-10.424
2380,6,0,0,3,1,0,1,1,0,0.2714,0.32403,-9.937
2381,18,1,1,4,2,2,1,1,0,0.2711,0.33786,8.367
2382,24,2,2,8,3,4,1,1,0,0.2708,0.82562,-10.068
2383,6,0,0,1,1,3,1,1,0,0.2705,0.50376,-11.043
2384,5,0,0,3,1,1,1,1,0,0.2702,0.55416,-70.938
2385,99,10,10,22,8,13,1,1,0,0.2699,0.3714,140.373
2386,41,1,1,17,5,6,1,1,0,0.2696,0.61115,6.029
2387,34,3,3,11,4,4,1,1,0,0.2693,0.60159,5.339
2388,6,0,0,2,1,1,1,1,0,0.269,0.25229,-9.998
2389,12,0,0,5,2,1,1,1,0,0.2687,1.78892,1.575
2390,18,0,0,2,2,5,1,1,0,0.2684,0.2924,8.031
2391,7,0,0,2,1,0,1,1,0,0.2681,0.25113,-8.599
2392,5,0,0,2,1,1,1,1,0,0.2678,1.32021,-10.413
2393,53,6,6,11,4,7,1,1,0,0.2674,0.52039,32.695
2394,19,1,1,7,2,2,1,1,0,0.2671,0.65958,15.456
2395,18,1,1,4,2,1,1,1,0,0.2668,0.17408,10.149
2396,8,0,0,3,1,3,1,1,0,0.2665,0.41603,-8.846
2397,27,2,2,6,3,3,1,1,0,0.2662,0.51515,4.782
2398,32,3,3,8,3,4,1,1,0,0.2659,0.55268,5.752
2399,150,3,3,22,14,18,1,1,0,0.2656,0.46246,155.4
2400,6,0,0,3,1,1,1,1,0,0.2653,0.17807,-9.2
2401,7,0,0,1,1,0,1,1,0,0.265,0.21533,-8.043
2402,24,2,2,5,3,5,1,1,0,0.2647,0.17213,19.417
2403,20,1,1,7,2,2,1,1,0,0.2644,0.304,18.134
2404,5,0,0,2,1,2,1,1,0,0.2641,1.55283,-57.975
2405,95,6,6,21,8,13,1,1,0,0.2638,0.29863,130.74
2406,17,0,0,3,2,1,1,1,0,0.2635,0.46964,-8.275
2407,22,1,1,5,3,5,1,1,0,0.2632,0.29922,-1.287
2408,5,0,0,4,1,1,1,1,0,0.2629,0.51401,-70.094
2409,13,0,0,4,2,3,1,1,0,0.2626,1.01131,-17.277
2410,82,4,4,16,9,10,1,1,0,0.2622,0.60395,51.328
2411,6,0,0,1,1,0,1,1,0,0.2619,0.41513,-41.75
2412,6,0,0,3,1,1,1,1,0,0.2616,1.44858,-65.443
2413,13,0,0,4,2,0,1,1,0,0.2613,0.29084,-33.61
2414,30,3,3,12,3,5,1,1,0,0.261,0.46444,15.53
2415,24,2,2,7,3,5,1,1,0,0.2607,0.63488,21.82
2416,13,0,0,4,2,3,1,1,0,0.2604,1.12794,-16.388
2417,6,0,0,1,1,1,1,1,0,0.2601,0.19267,-9.756
2418,50,6,6,12,4,7,1,1,0,0.2598,0.66211,70.104
2419,13,0,0,4,2,1,1,1,0,0.2595,0.88279,-15.214
2420,6,0,0,2,1,2,1,1,0,0.2592,0.07859,-9.645
2421,24,3,3,10,3,5,1,1,0,0.2589,1.09691,-7.933
2422,49,3,3,11,5,5,1,1,0,0.2586,0.43122,27.428
2423,6,0,0,3,1,1,1,1,0,0.2583,0.34753,-9.234
2424,40,2,2,11,4,6,1,1,0,0.258,0.82694,14.969
2425,13,0,0,3,2,0,1,1,0,0.2577,1.25499,-30.719
2426,91,6,6,22,9,7,1,1,0,0.2573,0.49884,96.616
2427,17,1,1,4,2,3,1,1,0,0.257,0.28465,11.569
2428,6,0,0,3,1,2,1,1,0,0.2567,0.20845,-9.675
2429,5,0,0,4,1,1,1,1,0,0.2564,0.67809,-69.596
2430,14,0,0,4,2,3,1,1,0,0.2561,0.55954,1.47
2431,15,1,1,5,2,4,1,1,0,0.2558,0.75621,-24.629
2432,22,0,0,5,3,1,1,1,0,0.2555,0.26827,11.876
2433,6,0,0,3,1,0,1,1,0,0.2552,1.26574,-8.321
2434,32,1,1,10,3,5,1,1,0,0.2549,0.65968,17.521
2435,96,1,1,10,12,14,1,1,0,0.2546,0.4131,96.295
2436,45,3,3,9,4,9,1,1,0,0.2543,0.55064,24.42
2437,14,0,0,7,2,3,1,1,0,0.254,0.6235,1.369
2438,18,0,0,6,2,5,1,1,0,0.2537,0.41847,1.875
2439,7,0,0,4,1,2,1,1,0,0.2534,0.27001,-24.628
2440,31,3,3,8,3,4,1,1,0,0.2531,0.40692,-13.42
2441,6,0,0,2,1,2,1,1,0,0.2528,0.16981,-10.502
2442,13,0,0,4,2,5,1,1,0,0.2524,1.18858,-33.732
2443,76,7,7,14,6,5,1,1,0,0.2521,0.32098,102.127
2444,37,1,1,11,4,8,1,1,0,0.2518,0.23589,41.22
2445,52,4,4,12,5,8,1,1,0,0.2515,0.50474,39.457
2446,6,0,0,3,1,1,1,1,0,0.2512,0.18323,-10.149
2447,8,0,0,3,1,1,1,1,0,0.2509,0.51339,-7.294
2448,18,1,1,8,2,3,1,1,0,0.2506,0.88131,-20.201
2449,12,0,0,4,2,1,1,1,0,0.2503,0.51648,-1.195
2450,19,2,2,4,2,5,1,1,0,0.25,0.73225,-22.72
2451,20,2,2,6,2,2,1,1,0,0.2497,0.98655,15.89
2452,16,1,1,6,2,2,1,1,0,0.2494,0.17377,8.967
2453,6,0,0,2,1,1,1,1,0,0.2491,0.18605,-10.012
2454,8,0,0,1,1,2,1,1,0,0.2488,0.15147,-8.005
2455,5,0,0,3,1,1,1,1,0,0.2485,0.37323,-70.542
2456,8,0,0,2,1,1,1,1,0,0.2482,0.08962,-7.422
2457,18,0,0,4,2,2,1,1,0,0.2479,0.22886,-6.022
2458,57,3,3,18,6,5,1,1,0,0.2475,0.44641,69.434
2459,6,0,0,2,1,1,1,1,0,0.2472,0.39119,-9.779
2460,23,1,1,12,3,4,1,1,0,0.2469,1.18338,-25.582
2461,5,0,0,2,1,1,1,1,0,0.2466,2.25791,-41.948
2462,13,0,0,4,2,1,1,1,0,0.2463,0.30042,-46.664
2463,38,3,3,9,4,6,1,1,0,0.246,0.22634,27.44
2464,50,3,3,10,4,7,1,1,0,0.2457,0.48452,39.404
2465,21,1,1,6,2,6,1,1,0,0.2454,1.1227,-30.895
2466,6,0,0,1,1,1,1,1,0,0.2451,0.26842,-10.271
2467,24,2,2,7,3,4,1,1,0,0.2448,0.53229,-11.949
2468,6,0,0,3,1,0,1,1,0,0.2445,0.13642,-8.764
2469,17,1,1,5,2,1,1,1,0,0.2442,0.55557,-23.077
2470,43,2,2,14,5,5,1,1,0,0.2439,0.33084,1.753
2471,39,3,3,8,4,7,1,1,0,0.2436,0.23665,32.914
2472,18,2,2,6,2,1,1,1,0,0.2433,0.9001,-34.914
2473,19,1,1,3,2,5,1,1,0,0.2429,1.52077,9.281
2474,14,0,0,5,2,3,1,1,0,0.2426,1.10786,-45.808
2475,5,0,0,1,1,1,1,1,0,0.2423,1.53458,-67.739
2476,17,1,1,5,2,2,1,1,0,0.242,1.79977,9.755
2477,27,2,2,5,3,4,1,1,0,0.2417,0.55299,-4.176
2478,22,1,1,3,2,3,1,1,0,0.2414,0.13228,16.535
2479,21,0,0,7,3,4,1,1,0,0.2411,0.75889,-21.969
2480,31,3,3,8,3,3,1,1,0,0.2408,0.4936,-12.121
2481,60,3,3,14,6,3,1,1,0,0.2405,0.35701,67.934
2482,29,2,2,7,3,4,1,1,0,0.2402,0.33695,-2.344
2483,25,1,1,6,3,4,1,1,0,0.2399,0.09556,21.073
2484,43,2,2,12,5,6,1,1,0,0.2396,0.23661,33.1
2485,25,3,3,10,3,5,1,1,0,0.2393,0.84328,-23.817
2486,6,0,0,3,1,1,1,1,0,0.239,0.10995,-9.143
2487,34,4,4,9,3,1,1,1,0,0.2387,0.21288,26.896
2488,21,1,1,3,2,3,1,1,0,0.2384,0.2157,13.063
2489,37,1,1,7,4,2,1,1,0,0.2381,0.62231,37.8
2490,36,4,4,10,3,0,1,1,0,0.2377,0.59874,49.536
2491,44,4,4,15,4,3,1,1,0,0.2374,0.23105,64.3
2492,7,0,0,2,1,0,1,1,0,0.2371,0.35295,-7.61
2493,17,1,1,8,2,4,1,1,0,0.2368,0.92387,-20.963
2494,19,1,1,6,2,3,1,1,0,0.2365,0.15253,15.557
2495,6,0,0,3,1,3,1,1,0,0.2362,1.54376,-9.942
2496,5,0,0,3,1,1,1,1,0,0.2359,1.62897,-9.934
2497,65,4,4,13,7,6,1,1,0,0.2356,0.4312,83.6
2498,5,0,0,4,1,0,1,1,0,0.2353,0.54407,-69.301
2499,51,5,5,17,4,1,1,1,0,0.235,0.53475,64.341
2500,6,0,0,3,1,0,1,1,0,0.2347,0.22581,-9.885
2501,6,0,0,3,1,1,1,1,0,0.2344,0.12345,-9.318
2502,7,0,0,2,1,2,1,1,0,0.2341,0.14167,-8.966
2503,6,0,0,3,1,1,1,1,0,0.2338,0.13247,-9.009
2504,7,0,0,2,1,1,1,1,0,0.2335,0.0609,-7.982
2505,5,0,0,2,1,1,1,1,0,0.2332,1.48017,-25.891
2506,6,0,0,2,1,2,1,1,0,0.2328,1.70874,-10.606
2507,74,5,5,19,7,9,1,1,0,0.2325,0.6884,99.864
2508,65,5,5,17,6,10,1,1,0,0.2322,0.73641,60.0
2509,6,0,0,2,1,1,1,1,0,0.2319,0.11246,-9.533
2510,43,2,2,9,4,7,1,1,0,0.2316,0.69104,16.329
2511,6,0,0,2,1,2,1,1,0,0.2313,0.06343,-9.42
2512,23,0,0,5,3,5,1,1,0,0.231,0.69619,-19.83
2513,78,5,5,14,7,15,1,1,0,0.2307,0.61368,95.291
2514,6,0,0,4,1,1,1,1,0,0.2304,0.28961,-69.275
2515,150,8,8,29,13,18,1,1,0,0.2301,0.26864,188.868
2516,13,0,0,2,2,1,1,1,0,0.2298,0.67323,-46.209
2517,20,1,1,3,2,6,1,1,0,0.2295,0.73095,-19.693
2518,18,1,1,4,2,2,1,1,0,0.2292,1.12877,-21.525
2519,29,0,0,4,3,3,1,1,0,0.2289,0.81642,26.764
2520,24,1,1,8,3,3,1,1,0,0.2286,0.38758,3.398
2521,7,0,0,3,1,1,1,1,0,0.2283,0.24394,-68.686
2522,6,0,0,3,1,1,1,1,0,0.2279,0.30481,-69.733
2523,58,3,3,10,6,6,1,1,0,0.2276,0.40149,71.938
2524,28,2,2,10,3,0,1,1,0,0.2273,0.38136,31.526
2525,17,1,1,3,2,1,1,1,0,0.227,0.1658,-8.209
2526,15,0,0,5,2,2,1,1,0,0.2267,1.03683,2.362
2527,14,0,0,3,2,2,1,1,0,0.2264,1.4567,0.849
2528,5,0,0,3,1,1,1,1,0,0.2261,0.28903,-71.272
2529,103,7,7,23,10,14,1,1,0,0.2258,0.53027,77.913
2530,13,0,0,3,2,0,1,1,0,0.2255,0.2935,-46.432
2531,6,0,0,2,1,1,1,1,0,0.2252,0.19886,-10.241
2532,7,0,0,2,1,3,1,1,0,0.2249,0.16721,-10.051
2533,15,1,1,7,2,2,1,1,0,0.2246,0.82595,-37.214
2534,13,0,0,3,2,1,1,1,0,0.2243,1.27812,-31.233
2535,63,4,4,17,6,6,1,1,0,0.224,0.40767,82.488
2536,5,0,0,3,1,2,1,1,0,0.2237,1.43825,-67.632
2537,18,1,1,5,2,1,1,1,0,0.2234,0.94824,-6.88
2538,36,1,1,8,4,4,1,1,0,0.223,0.52405,0.091
2539,6,0,0,3,1,1,1,1,0,0.2227,0.18553,-9.64
2540,13,0,0,3,2,0,1,1,0,0.2224,0.66651,-0.146
2541,8,0,0,2,1,1,1,1,0,0.2221,0.11565,-8.281
2542,18,2,2,7,2,1,1,1,0,0.2218,0.76778,-33.437
2543,6,0,0,2,1,1,1,1,0,0.2215,0.09021,-10.011
2544,15,1,1,6,2,2,1,1,0,0.2212,0.31217,5.282
2545,6,0,0,2,1,1,1,1,0,0.2209,0.07707,-9.562
2546,15,0,0,3,2,4,1,1,0,0.2206,0.17765,1.893
2547,53,4,4,12,4,0,1,1,0,0.2203,0.29418,60.353
2548,13,0,0,4,2,2,1,1,0,0.22,0.75327,-47.198
2549,29,4,4,10,3,2,1,1,0,0.2197,0.46614,18.109
2550,30,1,1,9,4,3,1,1,0,0.2194,0.40644,-17.086
2551,53,5,5,12,5,3,1,1,0,0.2191,0.34733,29.513
2552,47,4,4,11,4,2,1,1,0,0.2188,0.61653,63.842
2553,13,0,0,3,2,1,1,1,0,0.2185,0.58083,-46.227
2554,6,0,0,3,1,1,1,1,0,0.2181,0.22228,-9.39
2555,20,0,0,12,3,3,1,1,0,0.2178,0.5455,10.779
2556,9,0,0,3,1,1,1,1,0,0.2175,0.13318,-6.625
2557,85,9,9,26,7,10,1,1,0,0.2172,0.5045,105.482
2558,49,5,5,11,4,7,1,1,0,0.2169,0.25739,49.711
2559,42,2,2,12,4,7,1,1,0,0.2166,0.20276,48.969
2560,16,1,1,5,2,2,1,1,0,0.2163,1.17489,7.082
2561,19,1,1,3,2,3,1,1,0,0.216,0.80883,-34.329
2562,53,5,5,15,5,4,1,1,0,0.2157,0.23991,29.681
2563,30,1,1,6,3,7,1,1,0,0.2154,0.21038,13.031
2564,6,0,0,2,1,1,1,1,0,0.2151,2.22696,-10.19
2565,16,1,1,5,2,3,1,1,0,0.2148,0.09397,5.954
2566,43,2,2,10,5,4,1,1,0,0.2145,0.23107,47.571
2567,51,9,9,16,4,3,1,1,0,0.2142,0.34978,78.958
2568,20,1,1,6,2,5,1,1,0,0.2139,0.8667,-15.737
2569,30,0,0,7,4,2,1,1,0,0.2136,0.97188,25.111
2570,14,0,0,4,2,3,1,1,0,0.2132,1.16512,-30.908
2571,13,0,0,4,2,2,1,1,0,0.2129,0.24324,-48.809
2572,55,4,4,11,5,5,1,1,0,0.2126,0.30139,45.056
2573,6,0,0,2,1,1,1,1,0,0.2123,0.19148,-10.788
2574,13,0,0,3,2,0,1,1,0,0.212,0.67459,0.502
2575,107,9,9,34,10,11,1,1,0,0.2117,0.4849,161.823
2576,16,1,1,4,2,2,1,1,0,0.2114,0.13947,-9.498
2577,101,2,2,18,8,7,1,1,0,0.2111,0.19451,113.208
2578,17,1,1,4,2,2,1,1,0,0.2108,0.46992,6.81
2579,7,0,0,1,1,1,1,1,0,0.2105,0.1655,-9.586
2580,125,10,10,29,10,14,1,1,0,0.2102,0.21476,191.446
2581,78,10,10,17,6,6,1,1,0,0.2099,0.27797,122.563
2582,15,1,1,6,2,1,1,1,0,0.2096,0.12943,6.899
2583,7,0,0,3,1,2,1,1,0,0.2093,0.50622,-9.061
2584,26,1,1,6,3,5,1,1,0,0.209,0.46002,-8.547
2585,55,5,5,15,5,8,1,1,0,0.2087,0.51089,42.158
2586,18,1,1,4,2,0,1,1,0,0.2083,0.20862,-6.149
2587,6,0,0,1,1,2,1,1,0,0.208,0.37623,-10.348
2588,64,4,4,13,6,7,1,1,0,0.2077,0.26671,57.459
2589,20,0,0,8,3,1,1,1,0,0.2074,1.41791,2.228
2590,13,0,0,6,2,2,1,1,0,0.2071,0.49398,0.59
2591,49,5,5,14,4,4,1,1,0,0.2068,0.34044,56.205
2592,20,0,0,5,3,2,1,1,0,0.2065,0.32589,10.9
2593,13,0,0,4,2,1,1,1,0,0.2062,0.29764,-46.913
2594,19,1,1,4,2,2,1,1,0,0.2059,0.35714,11.742
2595,91,9,9,27,9,10,1,1,0,0.2056,0.54059,102.99
2596,7,0,0,3,1,1,1,1,0,0.2053,0.16493,-8.604
2597,191,17,17,36,14,22,1,1,0,0.205,0.41319,311.474
2598,18,1,1,8,2,3,1,1,0,0.2047,1.03064,-32.859
2599,6,0,0,1,1,2,1,1,0,0.2044,1.68594,-10.951
2600,30,2,2,9,3,4,1,1,0,0.2041,0.52814,-14.383
2601,115,12,12,34,11,8,1,1,0,0.2037,0.38203,182.345
2602,61,3,3,15,7,4,1,1,0,0.2034,0.28007,81.355
2603,50,3,3,8,5,5,1,1,0,0.2031,0.45847,34.039
2604,32,2,2,8,3,1,1,1,0,0.2028,0.30355,37.291
2605,28,2,2,8,3,2,1,1,0,0.2025,0.26601,31.583
2606,7,0,0,3,1,2,1,1,0,0.2022,0.0956,-8.539
2607,32,2,2,7,4,4,1,1,0,0.2019,0.20252,33.267
2608,43,2,2,11,4,2,1,1,0,0.2016,0.39894,51.59
2609,13,0,0,5,2,1,1,1,0,0.2013,0.18966,-45.175
2610,19,1,1,5,2,3,1,1,0,0.201,0.31047,-2.067
2611,6,0,0,3,1,0,1,1,0,0.2007,0.15294,-8.316
2612,76,7,7,22,7,7,1,1,0,0.2004,0.37594,94.115
2613,115,5,5,15,8,8,1,1,0,0.2001,0.25225,122.2
2614,8,0,0,1,1,1,1,1,0,0.1998,0.12056,-7.139
2615,135,16,16,31,10,15,1,1,0,0.1995,0.37326,192.414
2616,5,0,0,2,1,0,1,1,0,0.1992,1.74323,-10.243
2617,16,2,2,5,2,3,1,1,0,0.1988,0.64243,-22.804
2618,32,2,2,6,3,4,1,1,0,0.1985,0.47827,-10.725
2619,57,4,4,18,4,8,1,1,0,0.1982,0.26048,90.623
2620,46,4,4,9,4,6,1,1,0,0.1979,0.33821,19.748
2621,5,0,0,4,1,1,1,1,0,0.1976,0.52339,-70.352
2622,18,1,1,4,2,3,1,1,0,0.1973,0.16507,-6.704
2623,47,3,3,9,5,5,1,1,0,0.197,0.42043,27.84
2624,23,1,1,9,3,2,1,1,0,0.1967,0.67546,19.225
2625,53,6,6,16,4,0,1,1,0,0.1964,0.49671,54.283
2626,6,0,0,3,1,1,1,1,0,0.1961,0.15705,-8.85
2627,7,0,0,2,1,0,1,1,0,0.1958,0.76971,-7.244
2628,7,0,0,2,1,1,1,1,0,0.1955,0.28967,-7.297
2629,41,5,5,9,3,3,1,1,0,0.1952,0.56093,26.796
2630,17,1,1,3,2,5,1,1,0,0.1949,1.03323,-27.497
2631,21,1,1,4,2,2,1,1,0,0.1946,0.35481,-13.569
2632,233,10,10,28,19,19,1,1,0,0.1943,0.3081,274.363
2633,13,0,0,3,2,1,1,1,0,0.1939,1.13631,-30.493
2634,32,2,2,5,4,3,1,1,0,0.1936,0.58634,16.934
2635,80,4,4,16,9,8,1,1,0,0.1933,0.363,102.577
2636,196,18,18,41,17,15,1,1,0,0.193,0.42637,281.886
2637,17,3,3,7,2,1,1,1,0,0.1927,0.81674,-20.001
2638,146,14,14,36,11,11,1,1,0,0.1924,0.43097,256.374
2639,5,0,0,2,1,1,1,1,0,0.1921,1.27148,-67.313
2640,35,2,2,10,4,2,1,1,0,0.1918,0.30324,21.543
2641,6,0,0,3,1,2,1,1,0,0.1915,0.1359,-9.428
2642,89,8,8,23,8,9,1,1,0,0.1912,0.32561,119.404
2643,111,7,7,26,11,9,1,1,0,0.1909,0.62553,176.692
2644,40,3,3,11,3,4,1,1,0,0.1906,0.16225,55.508
2645,54,6,6,13,4,2,1,1,0,0.1903,0.36091,51.821
2646,19,1,1,4,2,3,1,1,0,0.19,0.9479,-32.368
2647,13,0,0,5,2,3,1,1,0,0.1897,1.23655,-33.028
2648,59,4,4,15,5,7,1,1,0,0.1894,0.23039,69.037
2649,43,4,4,7,4,2,1,1,0,0.1891,0.57359,51.039
2650,84,6,6,18,9,5,1,1,0,0.1887,0.48441,85.599
2651,13,1,1,4,2,0,1,1,0,0.1884,1.48268,2.123
2652,5,0,0,3,1,1,1,1,0,0.1881,0.95571,-27.296
2653,169,15,15,39,14,9,1,1,0,0.1878,0.27813,268.417
2654,13,0,0,8,2,3,1,1,0,0.1875,0.42872,3.197
2655,6,0,0,3,1,1,1,1,0,0.1872,0.23906,-8.408
2656,38,2,2,7,4,3,1,1,0,0.1869,0.38865,32.524
2657,7,0,0,2,1,0,1,1,0,0.1866,0.35573,-7.482
2658,47,2,2,11,5,2,1,1,0,0.1863,0.48686,17.706
2659,41,3,3,14,5,4,1,1,0,0.186,0.36515,20.073
2660,6,0,0,3,1,1,1,1,0,0.1857,0.51535,-9.065
2661,25,1,1,7,3,2,1,1,0,0.1854,0.49257,19.618
2662,5,0,0,2,1,1,1,1,0,0.1851,0.87576,-56.295
2663,16,1,1,3,2,3,1,1,0,0.1848,0.41673,8.069
2664,6,0,0,2,1,1,1,1,0,0.1845,0.14257,-9.249
2665,14,0,0,4,2,1,1,1,0,0.1842,0.61046,-41.835
2666,34,1,1,9,4,2,1,1,0,0.1838,0.27205,33.562
2667,7,0,0,3,1,0,1,1,0,0.1835,0.15898,-7.108
2668,57,2,2,8,6,7,1,1,0,0.1832,0.45604,72.313
2669,20,2,2,4,2,3,1,1,0,0.1829,0.71295,-30.684
2670,17,2,2,3,2,2,1,1,0,0.1826,0.48402,10.893
2671,158,17,17,30,15,12,1,1,0,0.1823,0.34942,262.994
2672,36,4,4,9,3,4,1,1,0,0.182,0.22243,33.794
2673,183,8,8,15,21,12,1,1,0,0.1817,0.48144,258.477
2674,5,0,0,4,1,0,1,1,0,0.1814,0.34228,-69.607
2675,85,4,4,17,8,13,1,1,0,0.1811,0.51203,119.121
2676,16,1,1,7,2,4,1,1,0,0.1808,0.17931,-8.082
2677,13,0,0,3,2,1,1,1,0,0.1805,0.74532,-46.058
2678,33,4,4,8,3,1,1,1,0,0.1802,0.24215,43.497
2679,128,10,10,30,12,14,1,1,0,0.1799,0.33915,202.71
2680,33,2,2,8,3,4,1,1,0,0.1796,0.32009,-8.831
2681,13,0,0,4,2,0,1,1,0,0.1793,0.68822,-14.595
2682,58,5,5,13,6,7,1,1,0,0.1789,0.26584,82.478
2683,6,0,0,2,1,1,1,1,0,0.1786,0.17545,-10.526
2684,17,1,1,5,2,4,1,1,0,0.1783,0.65837,-24.759
2685,48,4,4,10,5,6,1,1,0,0.178,0.56357,65.567
2686,7,0,0,3,1,1,1,1,0,0.1777,0.5204,-7.458
2687,47,6,6,12,4,2,1,1,0,0.1774,0.53213,71.65
2688,83,8,8,24,7,10,1,1,0,0.1771,0.40319,100.262
2689,17,1,1,7,2,3,1,1,0,0.1768,0.81582,-35.192
2690,6,0,0,2,1,1,1,1,0,0.1765,0.15026,-9.316
2691,44,5,5,19,4,3,1,1,0,0.1762,0.51481,64.754
2692,15,1,1,5,2,0,1,1,0,0.1759,0.15194,8.428
2693,30,3,3,7,3,2,1,1,0,0.1756,0.62613,36.551
2694,29,3,3,8,3,2,1,1,0,0.1753,0.70033,2.966
2695,13,1,1,5,2,2,1,1,0,0.175,0.78062,5.44
2696,24,1,1,5,3,2,1,1,0,0.1747,0.70598,-10.608
2697,121,9,9,24,11,6,1,1,0,0.1744,0.36901,177.73
2698,16,1,1,6,2,0,1,1,0,0.174,0.17369,10.55
2699,110,12,12,27,9,12,1,1,0,0.1737,0.29558,174.405
2700,86,5,5,13,8,8,1,1,0,0.1734,0.43509,116.342
2701,24,1,1,7,3,3,1,1,0,0.1731,0.91285,20.598
2702,6,0,0,1,1,1,1,1,0,0.1728,0.28873,-9.385
2703,149,9,9,27,16,9,1,1,0,0.1725,0.36486,235.984
2704,25,2,2,4,3,1,1,1,0,0.1722,0.29313,22.099
2705,163,13,13,41,14,7,1,1,0,0.1719,0.3335,282.013
2706,16,1,1,6,2,2,1,1,0,0.1716,0.37515,10.028
2707,13,0,0,3,2,4,1,1,0,0.1713,1.47867,-31.812
2708,38,3,3,15,4,3,1,1,0,0.171,0.33045,29.712
2709,69,9,9,18,6,6,1,1,0,0.1707,0.30185,110.493
2710,46,3,3,9,5,3,1,1,0,0.1704,0.4275,31.656
2711,122,9,9,30,11,12,1,1,0,0.1701,0.37064,199.3
2712,26,2,2,7,3,1,1,1,0,0.1698,0.48122,28.398
2713,52,1,1,15,6,4,1,1,0,0.1694,0.37825,43.41
2714,213,17,17,47,19,11,1,1,0,0.1691,0.43515,375.423
2715,6,0,0,2,1,1,1,1,0,0.1688,0.23059,-9.422
2716,25,1,1,5,3,5,1,1,0,0.1685,0.32852,21.333
2717,90,3,3,11,7,8,1,1,0,0.1682,0.34706,105.43
2718,130,12,12,27,12,12,1,1,0,0.1679,0.27551,224.054
2719,132,4,4,25,13,5,1,1,0,0.1676,0.28304,182.134
2720,17,2,2,4,2,2,1,1,0,0.1673,1.13201,-21.502
2721,5,0,0,3,1,2,1,1,0,0.167,0.27954,-69.354
2722,6,0,0,3,1,1,1,1,0,0.1667,0.52139,-9.305
2723,52,3,3,8,5,3,1,1,0,0.1664,0.31749,77.251
2724,19,1,1,4,2,5,1,1,0,0.1661,0.90778,-26.808
2725,6,0,0,3,1,1,1,1,0,0.1658,0.20907,-9.028
2726,13,0,0,5,2,1,1,1,0,0.1655,0.38407,-12.645
2727,7,0,0,3,1,0,1,1,0,0.1652,0.19528,-6.875
2728,7,0,0,3,1,1,1,1,0,0.1649,0.17447,-7.053
2729,6,0,0,3,1,1,1,1,0,0.1645,0.1311,-8.911
2730,8,0,0,3,1,2,1,1,0,0.1642,0.94704,-7.111
2731,21,3,3,5,2,5,1,1,0,0.1639,0.77758,-26.559
2732,36,3,3,12,3,5,1,1,0,0.1636,0.15565,31.319
2733,7,0,0,2,1,0,1,1,0,0.1633,0.12167,-7.341
2734,6,0,0,2,1,1,1,1,0,0.163,0.0979,-9.176
2735,80,7,7,16,7,4,1,1,0,0.1627,0.15026,130.666
2736,6,0,0,3,1,1,1,1,0,0.1624,0.25104,-9.624
2737,51,2,2,17,6,5,1,1,0,0.1621,0.56454,61.052
2738,41,3,3,11,4,4,1,1,0,0.1618,0.19522,58.367
2739,7,0,0,3,1,2,1,1,0,0.1615,0.24333,-8.59
2740,20,1,1,4,2,2,1,1,0,0.1612,0.60659,-32.956
2741,6,0,0,2,1,1,1,1,0,0.1609,0.61179,-8.843
2742,26,1,1,8,3,4,1,1,0,0.1606,0.41799,9.824
2743,6,0,0,2,1,3,1,1,0,0.1603,0.65545,-9.784
2744,6,0,0,3,1,0,1,1,0,0.16,0.1887,-8.093
2745,13,0,0,5,2,2,1,1,0,0.1596,0.93959,1.292
2746,287,28,28,64,23,26,1,1,0,0.1593,0.2716,501.042
2747,119,11,11,25,9,8,1,1,0,0.159,0.26653,182.58
2748,59,5,5,17,6,7,1,1,0,0.1587,0.50889,53.787
2749,6,0,0,3,1,1,1,1,0,0.1584,0.16075,-9.256
2750,24,2,2,6,3,3,1,1,0,0.1581,0.18877,22.148
2751,13,0,0,4,2,1,1,1,0,0.1578,0.31893,1.372
2752,45,2,2,10,5,4,1,1,0,0.1575,0.40361,56.415
2753,15,1,1,7,2,1,1,1,0,0.1572,0.17297,8.45
2754,9,0,0,3,1,3,1,1,0,0.1569,0.24157,-7.289
2755,111,11,11,39,11,5,1,1,0,0.1566,0.43505,179.149
2756,17,1,1,7,2,2,1,1,0,0.1563,0.43029,12.468
2757,27,2,2,7,3,3,1,1,0,0.156,0.23601,13.653
2758,42,1,1,7,5,4,1,1,0,0.1557,0.44315,54.893
2759,65,7,7,19,7,5,1,1,0,0.1554,0.30833,54.291
2760,13,0,0,3,2,1,1,1,0,0.1551,0.72148,1.675
2761,101,10,10,16,9,3,1,1,0,0.1547,0.32687,173.946
2762,153,12,12,34,15,7,1,1,0,0.1544,0.33744,230.397
2763,56,6,6,13,6,8,1,1,0,0.1541,0.29173,79.303
2764,6,0,0,2,1,1,1,1,0,0.1538,0.12428,-8.678
2765,73,7,7,21,7,7,1,1,0,0.1535,0.36759,88.6
2766,92,11,11,26,8,7,1,1,0,0.1532,0.40915,161.517
2767,150,14,14,39,12,13,1,1,0,0.1529,0.32902,245.943
2768,111,7,7,19,10,12,1,1,0,0.1526,0.37135,181.227
2769,121,13,13,35,11,10,1,1,0,0.1523,0.30503,166.96
2770,19,2,2,8,2,1,1,1,0,0.152,0.5785,1.62
2771,19,2,2,4,2,2,1,1,0,0.1517,0.21099,16.855
2772,21,1,1,9,2,5,1,1,0,0.1514,0.26014,17.855
2773,61,6,6,17,6,6,1,1,0,0.1511,0.24184,96.525
2774,6,0,0,2,1,0,1,1,0,0.1508,0.1824,-8.445
2775,6,0,0,3,1,1,1,1,0,0.1505,0.14509,-7.996
2776,103,10,10,17,11,5,1,1,0,0.1502,0.44042,128.638
2777,13,0,0,8,2,2,1,1,0,0.1498,0.87083,2.681
2778,20,1,1,7,2,3,1,1,0,0.1495,0.50519,0.394
2779,5,0,0,3,1,1,1,1,0,0.1492,0.48043,-70.279
2780,6,0,0,2,1,1,1,1,0,0.1489,0.13401,-8.837
2781,21,1,1,2,2,1,1,1,0,0.1486,0.12385,20.538
2782,176,12,12,34,17,12,1,1,0,0.1483,0.44411,283.522
2783,66,7,7,18,5,5,1,1,0,0.148,0.2678,115.711
2784,39,2,2,10,4,1,1,1,0,0.1477,0.53699,19.487
2785,5,0,0,2,1,0,1,1,0,0.1474,0.31593,-56.991
2786,37,2,2,11,3,6,1,1,0,0.1471,0.34783,18.26
2787,6,0,0,3,1,1,1,1,0,0.1468,0.09903,-8.617
2788,181,10,10,34,20,12,1,1,0,0.1465,0.25228,285.449
2789,123,4,4,19,14,4,1,1,0,0.1462,0.32281,162.285
2790,5,0,0,2,1,1,1,1,0,0.1459,0.35446,-9.731
2791,13,0,0,5,2,2,1,1,0,0.1456,0.21244,1.169
2792,79,8,8,25,7,8,1,1,0,0.1453,0.54156,97.681
2793,13,0,0,5,2,1,1,1,0,0.1449,0.98546,-43.751
2794,17,1,1,5,2,2,1,1,0,0.1446,0.40028,-22.125
2795,74,8,8,24,7,6,1,1,0,0.1443,0.41846,92.267
2796,6,0,0,3,1,3,1,1,0,0.144,1.81092,-10.359
2797,13,0,0,4,2,1,1,1,0,0.1437,1.37662,-28.914
2798,145,14,14,34,13,6,1,1,0,0.1434,0.2505,244.378
2799,19,2,2,8,2,4,1,1,0,0.1431,0.50146,18.162
2800,56,5,5,12,6,5,1,1,0,0.1428,0.1484,63.911
2801,55,3,3,15,6,6,1,1,0,0.1425,0.53912,43.507
2802,23,2,2,8,3,0,1,1,0,0.1422,0.18456,23.189
2803,319,20,20,56,25,19,1,1,0,0.1419,0.2647,494.848
2804,17,1,1,5,2,1,1,1,0,0.1416,0.78974,13.671
2805,105,11,11,27,10,6,1,1,0,0.1413,0.25841,182.068
2806,55,6,6,20,6,2,1,1,0,0.141,0.40523,70.909
2807,43,6,6,11,3,2,1,1,0,0.1407,0.52235,33.065
2808,82,7,7,18,7,4,1,1,0,0.1404,0.30374,113.301
2809,14,0,0,5,2,2,1,1,0,0.1401,0.38976,4.69
2810,99,7,7,22,9,7,1,1,0,0.1397,0.35518,158.259
2811,42,2,2,13,5,4,1,1,0,0.1394,0.63868,54.047
2812,101,10,10,29,9,9,1,1,0,0.1391,0.3097,170.914
2813,34,2,2,12,4,2,1,1,0,0.1388,0.22128,44.765
2814,16,1,1,4,2,1,1,1,0,0.1385,0.12144,10.779
2815,13,0,0,5,2,2,1,1,0,0.1382,0.93985,-43.587
2816,82,8,8,19,7,7,1,1,0,0.1379,0.23079,131.538
2817,58,1,1,9,4,2,1,1,0,0.1376,0.19836,61.318
2818,97,7,7,24,9,8,1,1,0,0.1373,0.24812,154.381
2819,17,2,2,4,2,4,1,1,0,0.137,1.06397,-27.786
2820,13,0,0,4,2,1,1,1,0,0.1367,0.8432,-13.127
2821,25,1,1,6,3,2,1,1,0,0.1364,0.47427,22.182
2822,103,6,6,28,11,6,1,1,0,0.1361,0.39609,124.407
2823,58,5,5,16,5,5,1,1,0,0.1358,0.3896,74.754
2824,33,1,1,7,4,2,1,1,0,0.1355,0.56056,38.369
2825,5,0,0,4,1,0,1,1,0,0.1352,0.40009,-69.864
2826,23,2,2,9,2,1,1,1,0,0.1348,0.41765,9.601
2827,13,0,0,4,2,1,1,1,0,0.1345,0.35309,-14.317
2828,28,1,1,7,3,4,1,1,0,0.1342,0.56811,1.262
2829,103,12,12,29,9,5,1,1,0,0.1339,0.2237,169.021
2830,80,8,8,22,6,3,1,1,0,0.1336,0.27678,128.144
2831,6,0,0,2,1,1,1,1,0,0.1333,0.20342,-8.67
2832,105,9,9,28,10,5,1,1,0,0.133,0.26434,178.276
2833,159,12,12,35,14,8,1,1,0,0.1327,0.27271,259.955
2834,17,2,2,9,2,0,1,1,0,0.1324,0.39348,-0.077
2835,48,3,3,11,5,2,1,1,0,0.1321,0.25836,37.008
2836,17,1,1,5,2,2,1,1,0,0.1318,0.6132,10.52
2837,85,8,8,28,8,9,1,1,0,0.1315,0.40237,145.194
2838,86,8,8,20,8,2,1,1,0,0.1312,0.16502,146.252
2839,400,25,25,49,36,22,0,0,1,0.1309,0.25725,641.04
2840,61,4,4,10,6,1,1,1,0,0.1306,0.28604,90.149
2841,17,1,1,5,2,3,1,1,0,0.1303,0.1254,9.001
2842,70,3,3,11,7,6,1,1,0,0.1299,0.1562,97.928
2843,70,9,9,18,6,6,1,1,0,0.1296,0.36843,80.591
2844,251,12,12,33,28,10,1,1,0,0.1293,0.28847,371.46
2845,17,1,1,6,2,3,1,1,0,0.129,0.95113,-35.029
2846,13,0,0,4,2,2,1,1,0,0.1287,2.0157,-32.265
2847,109,12,12,30,8,8,1,1,0,0.1284,0.22231,187.904
2848,41,4,4,9,4,2,1,1,0,0.1281,0.20766,40.144
2849,111,12,12,37,11,7,1,1,0,0.1278,0.37976,187.182
2850,261,28,28,58,24,4,1,1,0,0.1275,0.4015,460.708
2851,27,2,2,8,3,1,1,1,0,0.1272,0.68166,-14.242
2852,25,3,3,6,3,1,1,1,0,0.1269,0.20466,12.111
2853,13,0,0,5,2,0,1,1,0,0.1266,0.54336,4.078
2854,17,1,1,9,2,0,1,1,0,0.1263,0.28477,16.917
2855,97,10,10,26,9,7,1,1,0,0.126,0.44708,152.261
2856,6,0,0,2,1,1,1,1,0,0.1257,0.25697,-9.007
2857,74,7,7,19,7,4,1,1,0,0.1254,0.37691,114.147
2858,24,1,1,6,3,2,1,1,0,0.125,0.23479,22.134
2859,5,0,0,2,1,2,1,1,0,0.1247,3.34512,-42.228
2860,56,5,5,14,5,4,1,1,0,0.1244,0.27999,59.846
2861,70,6,6,16,7,6,1,1,0,0.1241,0.44612,68.874
2862,129,17,17,32,11,5,1,1,0,0.1238,0.50328,240.224
2863,19,1,1,5,2,5,1,1,0,0.1235,0.81254,-27.278
2864,5,0,0,3,1,0,1,1,0,0.1232,1.06223,-67.973
2865,13,0,0,4,2,1,1,1,0,0.1229,0.76001,-12.502
2866,13,0,0,3,2,2,1,1,0,0.1226,0.69607,-12.727
2867,13,0,0,4,2,1,1,1,0,0.1223,0.63563,-12.797
2868,23,1,1,3,3,1,1,1,0,0.122,0.79624,22.848
2869,68,7,7,14,5,5,1,1,0,0.1217,0.51739,77.543
2870,35,2,2,9,4,3,1,1,0,0.1214,0.77885,44.372
2871,32,2,2,8,3,3,1,1,0,0.1211,0.26368,41.442
2872,94,8,8,22,9,6,1,1,0,0.1208,0.4874,141.935
2873,45,4,4,14,4,5,1,1,0,0.1205,0.49038,33.567
2874,46,5,5,11,5,0,1,1,0,0.1201,0.26425,66.798
2875,5,0,0,2,1,0,1,1,0,0.1198,2.71894,-41.352
2876,33,2,2,11,4,1,1,1,0,0.1195,0.65238,-2.386
2877,17,1,1,4,2,1,1,1,0,0.1192,0.52754,-18.794
2878,32,1,1,11,4,0,1,1,0,0.1189,0.88301,21.448
2879,117,8,8,27,12,4,1,1,0,0.1186,0.39008,194.729
2880,20,1,1,8,2,3,1,1,0,0.1183,0.90571,-12.124
2881,99,6,6,15,9,3,1,1,0,0.118,0.1982,174.735
2882,13,0,0,3,2,2,1,1,0,0.1177,0.95481,-30.218
2883,6,0,0,3,1,1,1,1,0,0.1174,0.05682,-8.381
2884,6,0,0,3,1,1,1,1,0,0.1171,0.19946,-8.291
2885,61,3,3,14,6,4,1,1,0,0.1168,0.29384,84.523
2886,19,1,1,4,2,0,1,1,0,0.1165,0.13116,15.927
2887,58,6,6,14,5,3,1,1,0,0.1162,0.48749,97.632
2888,153,15,15,42,13,10,1,1,0,0.1159,0.27032,285.893
2889,130,8,8,24,12,7,1,1,0,0.1156,0.27279,176.8
2890,15,1,1,4,2,1,1,1,0,0.1152,0.18022,-9.264
2891,149,15,15,36,12,7,1,1,0,0.1149,0.30915,224.757
2892,23,1,1,6,3,1,1,1,0,0.1146,0.19984,22.346
2893,32,2,2,10,4,0,1,1,0,0.1143,0.19471,41.756
2894,6,0,0,2,1,1,1,1,0,0.114,0.22859,-8.482
2895,80,10,10,19,8,6,1,1,0,0.1137,0.36055,135.619
2896,15,1,1,6,2,0,1,1,0,0.1134,0.09217,10.553
2897,199,19,19,52,17,7,1,1,0,0.1131,0.23976,375.113
2898,235,21,21,65,21,10,1,1,0,0.1128,0.28777,424.982
2899,6,0,0,2,1,1,1,1,0,0.1125,0.20682,-8.285
2900,37,1,1,8,4,2,1,1,0,0.1122,0.3617,46.414
2901,48,3,3,16,5,3,1,1,0,0.1119,0.36011,70.493
2902,277,24,24,66,24,12,1,1,0,0.1116,0.25315,453.234
2903,5,0,0,4,1,0,1,1,0,0.1113,0.47022,-69.501
2904,59,2,2,14,6,2,1,1,0,0.111,0.30459,81.843
2905,89,6,6,16,7,3,1,1,0,0.1107,0.33475,129.779
2906,6,0,0,3,1,1,1,1,0,0.1103,0.21245,-8.132
2907,95,10,10,32,8,1,1,1,0,0.11,0.28123,176.385
2908,36,2,2,7,4,3,1,1,0,0.1097,0.67378,16.138
2909,13,0,0,4,2,1,1,1,0,0.1094,1.33558,-28.647
2910,17,3,3,8,2,1,1,1,0,0.1091,0.61312,-0.798
2911,168,13,13,34,14,8,1,1,0,0.1088,0.32254,292.687
2912,30,4,4,6,3,0,1,1,0,0.1085,0.23519,41.146
2913,32,3,3,10,3,1,1,1,0,0.1082,0.30041,14.064
2914,63,6,6,14,6,0,1,1,0,0.1079,0.19326,103.837
2915,17,2,2,6,2,1,1,1,0,0.1076,0.95443,-30.521
2916,13,0,0,3,2,1,1,1,0,0.1073,0.27024,-43.819
2917,79,8,8,17,7,8,1,1,0,0.107,0.25218,104.032
2918,5,0,0,3,1,1,1,1,0,0.1067,0.17457,-8.994
2919,93,8,8,26,9,7,1,1,0,0.1064,0.559,166.878
2920,332,35,35,88,28,14,1,1,0,0.1061,0.26298,651.501
2921,106,9,9,26,9,7,1,1,0,0.1058,0.21165,189.842
2922,17,1,1,8,2,1,1,1,0,0.1054,1.02159,-17.042
2923,13,0,0,3,2,0,1,1,0,0.1051,0.49965,-11.399
2924,99,8,8,22,11,6,1,1,0,0.1048,0.45571,146.857
2925,60,5,5,13,4,4,1,1,0,0.1045,0.22253,85.421
2926,24,1,1,8,3,2,1,1,0,0.1042,0.35799,27.021
2927,368,26,26,77,33,19,1,1,0,0.1039,0.2697,624.009
2928,23,1,1,7,3,1,1,1,0,0.1036,0.69888,-9.626
2929,17,2,2,9,2,1,1,1,0,0.1033,0.98595,-30.886
2930,37,3,3,11,4,2,1,1,0,0.103,0.38355,39.446
2931,64,5,5,12,6,5,1,1,0,0.1027,0.33722,61.822
2932,6,0,0,2,1,1,1,1,0,0.1024,0.35626,-8.441
2933,14,0,0,4,2,0,1,1,0,0.1021,0.12637,5.362
2934,42,4,4,7,4,4,1,1,0,0.1018,0.23557,41.684
2935,24,1,1,7,3,3,1,1,0,0.1015,0.36637,24.687
2936,20,0,0,6,3,1,1,1,0,0.1012,0.46286,14.63
2937,63,7,7,14,5,3,1,1,0,0.1008,0.37547,108.493
2938,17,1,1,7,2,2,1,1,0,0.1005,0.97243,-17.702
2939,117,13,13,26,11,5,1,1,0,0.1002,0.3483,165.757
2940,17,2,2,9,2,0,1,1,0,0.0999,0.18096,17.912
2941,88,8,8,17,9,2,1,1,0,0.0996,0.31559,143.059
2942,400,30,30,77,36,17,0,0,1,0.0993,0.29597,730.581
2943,25,1,1,10,3,3,1,1,0,0.099,0.2381,28.065
2944,43,3,3,9,5,2,1,1,0,0.0987,0.38033,55.611
2945,207,15,15,40,18,15,1,1,0,0.0984,0.26412,360.887
2946,20,1,1,7,2,2,1,1,0,0.0981,0.24047,19.762
2947,29,2,2,5,3,1,1,1,0,0.0978,0.44872,18.412
2948,36,2,2,7,4,1,1,1,0,0.0975,0.14242,30.895
2949,134,10,10,28,13,6,1,1,0,0.0972,0.23125,234.831
2950,43,2,2,13,4,3,1,1,0,0.0969,0.62539,20.736
2951,140,17,17,33,10,6,1,1,0,0.0966,0.22706,243.257
2952,86,7,7,22,8,5,1,1,0,0.0963,0.28699,148.065
2953,85,6,6,17,7,4,1,1,0,0.0959,0.25277,150.74
2954,7,0,0,3,1,0,1,1,0,0.0956,0.16259,-5.463
2955,96,6,6,25,11,4,1,1,0,0.0953,0.35988,138.486
2956,26,2,2,11,3,2,1,1,0,0.095,0.69286,32.703
2957,6,0,0,3,1,0,1,1,0,0.0947,0.17651,-7.47
2958,134,10,10,25,12,7,1,1,0,0.0944,0.19871,220.649
2959,40,2,2,10,4,7,1,1,0,0.0941,0.5554,48.83
2960,17,1,1,4,2,1,1,1,0,0.0938,0.55329,12.774
2961,87,5,5,17,9,3,1,1,0,0.0935,0.32169,105.958
2962,33,1,1,10,4,2,1,1,0,0.0932,0.22095,40.854
2963,34,4,4,8,3,2,1,1,0,0.0929,0.19373,49.271
2964,14,0,0,2,2,1,1,1,0,0.0926,0.31355,-9.403
2965,13,0,0,5,2,2,1,1,0,0.0923,0.6631,3.89
2966,38,3,3,13,4,2,1,1,0,0.092,0.49605,19.622
2967,19,1,1,8,2,2,1,1,0,0.0917,0.81106,-28.507
2968,13,0,0,4,2,1,1,1,0,0.0914,0.63681,-13.652
2969,135,8,8,24,11,8,1,1,0,0.0911,0.31814,208.604
2970,6,0,0,3,1,0,1,1,0,0.0907,0.20044,-8.235
2971,16,1,1,4,2,2,1,1,0,0.0904,0.75395,-37.267
2972,280,27,27,66,24,15,1,1,0,0.0901,0.30176,512.988
2973,17,1,1,5,2,1,1,1,0,0.0898,0.56036,-35.096
2974,309,23,23,64,26,6,1,1,0,0.0895,0.25335,549.438
2975,71,5,5,16,7,4,1,1,0,0.0892,0.54893,74.464
2976,143,18,18,38,13,3,1,1,0,0.0889,0.24822,224.298
2977,131,13,13,32,11,3,1,1,0,0.0886,0.221,243.327
2978,52,2,2,14,5,2,1,1,0,0.0883,0.39884,77.09
2979,203,21,21,45,16,4,1,1,0,0.088,0.29746,391.737
2980,120,13,13,34,10,6,1,1,0,0.0877,0.34858,227.02
2981,45,2,2,13,5,0,1,1,0,0.0874,0.17838,63.799
2982,286,24,24,71,26,11,1,1,0,0.0871,0.2318,541.532
2983,20,0,0,5,3,0,1,1,0,0.0868,0.72794,14.325
2984,259,25,25,59,22,9,1,1,0,0.0865,0.24067,479.425
2985,400,15,15,41,31,12,0,0,1,0.0862,0.23877,597.738
2986,36,1,1,11,4,1,1,1,0,0.0858,0.277,30.506
2987,24,2,2,8,3,3,1,1,0,0.0855,0.23678,23.757
2988,6,0,0,2,1,1,1,1,0,0.0852,0.17351,-8.646
2989,77,6,6,19,7,5,1,1,0,0.0849,0.19479,127.763
2990,28,3,3,9,3,1,1,1,0,0.0846,0.21494,36.969
2991,260,24,24,56,25,7,1,1,0,0.0843,0.28057,408.627
2992,31,3,3,9,3,4,1,1,0,0.084,0.35822,-6.562
2993,76,13,13,29,6,1,1,1,0,0.0837,0.48991,150.805
2994,13,0,0,4,2,1,1,1,0,0.0834,0.5257,4.404
2995,183,19,19,44,15,3,1,1,0,0.0831,0.27227,330.141
2996,6,0,0,2,1,1,1,1,0,0.0828,0.1705,-8.532
2997,97,11,11,24,8,2,1,1,0,0.0825,0.24503,187.039
2998,81,5,5,17,7,1,1,1,0,0.0822,0.33786,88.293
2999,99,9,9,27,10,7,1,1,0,0.0819,0.3782,165.298
3000,100,15,15,26,9,4,1,1,0,0.0816,0.44313,184.091
3001,53,5,5,11,5,3,1,1,0,0.0813,0.20054,79.874
3002,120,12,12,34,11,4,1,1,0,0.0809,0.36314,216.714
3003,190,15,15,42,18,4,1,1,0,0.0806,0.21799,358.928
3004,153,18,18,49,14,6,1,1,0,0.0803,0.38004,305.815
3005,400,37,37,97,35,14,0,0,1,0.08,0.31907,773.96
3006,44,3,3,20,5,1,1,1,0,0.0797,0.40641,73.521
3007,71,5,5,22,8,3,1,1,0,0.0794,0.37195,61.179
3008,153,15,15,33,14,8,1,1,0,0.0791,0.26194,270.005
3009,35,4,4,8,3,2,1,1,0,0.0788,0.18366,37.652
3010,5,0,0,3,1,0,1,1,0,0.0785,0.65588,-24.237
3011,126,15,15,39,11,6,1,1,0,0.0782,0.30485,238.781
3012,41,1,1,10,5,4,1,1,0,0.0779,0.3668,8.987
3013,129,8,8,22,9,3,1,1,0,0.0776,0.34629,170.908
3014,82,11,11,24,7,2,1,1,0,0.0773,0.49402,153.417
3015,192,12,12,35,17,3,1,1,0,0.077,0.28505,314.242
3016,143,15,15,40,13,2,1,1,0,0.0767,0.32988,280.846
3017,91,10,10,21,6,9,1,1,0,0.0764,0.40056,174.428
3018,179,17,17,37,16,4,1,1,0,0.076,0.38505,330.886
3019,48,6,6,12,4,2,1,1,0,0.0757,0.22186,70.357
3020,72,8,8,22,8,2,1,1,0,0.0754,0.24976,128.232
3021,48,7,7,18,4,2,1,1,0,0.0751,0.2516,68.383
3022,5,0,0,2,1,1,1,1,0,0.0748,1.2643,-8.458
3023,185,14,14,49,18,7,1,1,0,0.0745,0.2836,345.797
3024,40,4,4,11,4,1,1,1,0,0.0742,0.34535,17.777
3025,47,4,4,17,5,3,1,1,0,0.0739,0.5177,35.848
3026,6,0,0,3,1,2,1,1,0,0.0736,2.04289,-8.81
3027,116,15,15,28,10,2,1,1,0,0.0733,0.261,226.152
3028,13,0,0,3,2,2,1,1,0,0.073,0.8469,-12.522
3029,68,7,7,24,6,5,1,1,0,0.0727,0.32327,88.788
3030,35,3,3,7,4,1,1,1,0,0.0724,0.27706,33.362
3031,18,1,1,5,2,0,1,1,0,0.0721,1.03997,18.502
3032,35,1,1,13,4,1,1,1,0,0.0718,0.27277,50.074
3033,263,23,23,58,21,7,1,1,0,0.0715,0.19781,492.955
3034,116,9,9,23,13,4,1,1,0,0.0711,0.30731,204.08
3035,17,1,1,7,2,2,1,1,0,0.0708,0.30165,16.855
3036,204,21,21,63,20,7,1,1,0,0.0705,0.25455,391.218
3037,136,9,9,35,10,8,1,1,0,0.0702,0.2132,238.054
3038,13,0,0,2,2,1,1,1,0,0.0699,0.59546,-40.105
3039,98,9,9,24,8,5,1,1,0,0.0696,0.2101,182.772
3040,6,0,0,3,1,1,1,1,0,0.0693,0.182,-7.963
3041,21,0,0,5,3,1,1,1,0,0.069,0.3783,17.883
3042,102,9,9,33,9,2,1,1,0,0.0687,0.30662,163.037
3043,111,11,11,28,11,4,1,1,0,0.0684,0.31532,159.118
3044,152,5,5,17,12,6,1,1,0,0.0681,0.342,218.716
3045,16,1,1,3,2,1,1,1,0,0.0678,0.67711,-21.882
3046,132,16,16,33,11,2,1,1,0,0.0675,0.21967,260.189
3047,400,31,31,82,33,20,0,0,1,0.0672,0.2481,740.987
3048,400,30,30,72,37,10,0,0,1,0.0669,0.25733,729.316
3049,18,1,1,8,2,3,1,1,0,0.0665,0.34325,-0.535
3050,138,14,14,39,13,3,1,1,0,0.0662,0.25733,253.583
3051,210,24,24,61,18,0,1,1,0,0.0659,0.299,401.958
3052,250,28,28,61,21,6,1,1,0,0.0656,0.31701,452.293
3053,58,6,6,22,6,3,1,1,0,0.0653,0.25483,97.396
3054,26,3,3,7,3,2,1,1,0,0.065,0.20893,12.501
3055,5,0,0,3,1,0,1,1,0,0.0647,0.20392,-8.732
3056,400,32,32,98,37,16,0,0,1,0.0644,0.24954,776.367
3057,211,19,19,51,17,13,1,1,0,0.0641,0.29992,405.837
3058,53,4,4,13,6,1,1,1,0,0.0638,0.52678,67.743
3059,400,34,34,85,35,7,0,0,1,0.0635,0.24052,779.542
3060,165,16,16,55,15,4,1,1,0,0.0632,0.29268,298.663
3061,260,24,24,63,23,8,1,1,0,0.0629,0.19949,509.89
3062,201,17,17,46,20,4,1,1,0,0.0626,0.28669,374.117
3063,13,0,0,3,2,0,1,1,0,0.0623,0.3823,4.924
3064,72,6,6,19,7,3,1,1,0,0.062,0.36068,121.975
3065,400,37,37,87,32,9,0,0,1,0.0616,0.21735,739.374
3066,392,38,38,85,37,8,1,1,0,0.0613,0.23613,744.922
3067,5,0,0,2,1,1,1,1,0,0.061,1.21397,-25.949
3068,16,2,2,4,2,2,1,1,0,0.0607,0.34053,11.936
3069,210,25,25,62,19,4,1,1,0,0.0604,0.27789,421.196
3070,368,37,37,83,31,8,1,1,0,0.0601,0.24916,716.306
3071,175,20,20,47,14,7,1,1,0,0.0598,0.32967,312.844
3072,308,28,28,67,29,8,1,1,0,0.0595,0.25359,564.141
3073,104,10,10,26,9,4,1,1,0,0.0592,0.27107,163.613
3074,111,14,14,35,10,2,1,1,0,0.0589,0.24577,204.839
3075,258,23,23,72,22,1,1,1,0,0.0586,0.29116,512.458
3076,42,2,2,8,5,1,1,1,0,0.0583,0.18153,61.394
3077,29,3,3,6,3,1,1,1,0,0.058,0.57249,5.271
3078,81,6,6,20,8,1,1,1,0,0.0577,0.19145,137.759
3079,12,0,0,5,2,3,1,1,0,0.0574,0.77434,-11.18
3080,19,2,2,7,2,1,1,1,0,0.0571,0.25091,20.181
3081,251,27,27,71,21,6,1,1,0,0.0567,0.28037,458.44
3082,156,16,16,44,12,2,1,1,0,0.0564,0.34536,317.413
3083,5,0,0,3,1,0,1,1,0,0.0561,0.75109,-67.995
3084,400,41,41,97,36,6,0,0,1,0.0558,0.22332,839.054
3085,400,35,35,87,35,10,0,0,1,0.0555,0.29908,808.229
3086,13,0,0,3,2,1,1,1,0,0.0552,1.32472,-27.743
3087,17,1,1,6,2,1,1,1,0,0.0549,0.1729,16.588
3088,400,31,31,76,29,7,0,0,1,0.0546,0.26555,756.719
3089,13,0,0,6,2,1,1,1,0,0.0543,0.45204,5.811
3090,291,30,30,73,26,5,1,1,0,0.054,0.24517,560.453
3091,260,30,30,66,20,5,1,1,0,0.0537,0.22399,540.35
3092,40,2,2,10,4,3,1,1,0,0.0534,0.20348,64.96
3093,178,17,17,45,16,3,1,1,0,0.0531,0.18161,333.438
3094,93,6,6,20,9,3,1,1,0,0.0528,0.25788,164.965
3095,61,2,2,13,7,4,1,1,0,0.0525,0.27223,39.887
3096,121,10,10,32,13,4,1,1,0,0.0522,0.25099,213.981
3097,14,0,0,4,2,1,1,1,0,0.0518,0.74777,-40.025
3098,400,25,25,52,28,11,0,0,1,0.0515,0.18952,675.18
3099,400,35,35,74,30,11,0,0,1,0.0512,0.20848,751.262
3100,15,1,1,5,2,0,1,1,0,0.0509,0.25872,-5.374
3101,180,16,16,43,16,4,1,1,0,0.0506,0.25486,342.048
3102,49,3,3,10,5,1,1,1,0,0.0503,0.1786,59.544
3103,53,4,4,10,5,2,1,1,0,0.05,0.44444,88.175
3104,5,0,0,1,1,0,1,1,0,0.0497,0.36709,-8.781
3105,13,0,0,3,2,1,1,1,0,0.0494,1.40692,-28.29
3106,33,2,2,7,4,2,1,1,0,0.0491,0.23921,41.372
3107,78,11,11,26,6,3,1,1,0,0.0488,0.31468,137.284
3108,18,1,1,7,2,0,1,1,0,0.0485,0.8103,2.616
3109,18,2,2,3,2,1,1,1,0,0.0482,0.76979,-28.317
3110,27,1,1,6,3,1,1,1,0,0.0479,0.15879,34.343
3111,192,21,21,53,16,4,1,1,0,0.0476,0.2159,386.36
3112,400,18,18,48,36,12,0,0,1,0.0473,0.23048,617.198
3113,160,7,7,21,19,6,1,1,0,0.0469,0.29974,243.054
3114,17,1,1,4,2,3,1,1,0,0.0466,0.14343,12.132
3115,400,40,40,97,38,10,0,0,1,0.0463,0.27669,774.064
3116,196,15,15,43,18,3,1,1,0,0.046,0.19833,325.705
3117,207,21,21,56,19,13,1,1,0,0.0457,0.3319,331.955
3118,13,0,0,4,2,2,1,1,0,0.0454,0.69281,-13.354
3119,400,30,30,76,33,9,0,0,1,0.0451,0.23056,706.208
3120,136,14,14,34,13,6,1,1,0,0.0448,0.28166,221.799
3121,23,3,3,12,3,2,1,1,0,0.0445,0.88246,29.043
3122,118,14,14,30,10,4,1,1,0,0.0442,0.20468,211.742
3123,235,19,19,48,22,4,1,1,0,0.0439,0.28927,417.343
3124,381,31,31,71,31,10,1,1,0,0.0436,0.25005,690.908
3125,92,9,9,22,8,2,1,1,0,0.0433,0.3348,139.749
3126,74,11,11,23,6,0,1,1,0,0.043,0.37435,108.291
3127,13,0,0,5,2,1,1,1,0,0.0427,0.50951,-12.835
3128,158,15,15,30,14,3,1,1,0,0.0424,0.32245,254.252
3129,29,2,2,5,3,1,1,1,0,0.0421,0.5395,36.646
3130,13,0,0,5,2,0,1,1,0,0.0417,0.39055,5.282
3131,53,2,2,11,6,1,1,1,0,0.0414,0.2182,70.968
3132,104,14,14,32,9,5,1,1,0,0.0411,0.2658,157.731
3133,33,4,4,9,3,1,1,1,0,0.0408,0.66542,12.585
3134,70,5,5,18,7,4,1,1,0,0.0405,0.29308,85.539
3135,62,3,3,15,7,2,1,1,0,0.0402,0.24343,45.644
3136,37,3,3,12,4,1,1,1,0,0.0399,0.16635,40.43
3137,13,0,0,3,2,1,1,1,0,0.0396,1.17844,-28.264
3138,6,0,0,3,1,1,1,1,0,0.0393,0.17783,-7.721
3139,113,13,13,38,10,2,1,1,0,0.039,0.33977,185.139
3140,400,34,34,86,36,5,0,0,1,0.0387,0.24104,744.428
3141,17,1,1,4,2,3,1,1,0,0.0384,0.20671,13.598
3142,330,25,25,64,26,11,1,1,0,0.0381,0.21158,556.76
3143,85,6,6,23,9,3,1,1,0,0.0378,0.38164,137.049
3144,65,4,4,17,7,2,1,1,0,0.0375,0.4348,97.041
3145,65,9,9,22,5,3,1,1,0,0.0372,0.35504,87.757
3146,93,12,12,18,9,3,1,1,0,0.0368,0.23014,164.828
3147,400,35,35,90,33,12,0,0,1,0.0365,0.23541,774.013
3148,5,0,0,2,1,0,1,1,0,0.0362,0.57456,-67.138
3149,191,20,20,52,16,2,1,1,0,0.0359,0.21866,358.431
3150,250,23,23,60,22,6,1,1,0,0.0356,0.26614,486.385
3151,400,31,31,90,32,6,0,0,1,0.0353,0.2146,772.05
3152,288,28,28,58,21,3,1,1,0,0.035,0.18705,528.126
3153,368,30,30,76,32,11,1,1,0,0.0347,0.19487,685.104
3154,159,18,18,47,15,4,1,1,0,0.0344,0.23917,305.887
3155,76,6,6,20,7,1,1,1,0,0.0341,0.3627,90.53
3156,249,23,23,51,23,5,1,1,0,0.0338,0.26663,476.819
3157,400,38,38,88,32,5,0,0,1,0.0335,0.2307,741.485
3158,124,11,11,37,12,4,1,1,0,0.0332,0.22272,233.17
3159,13,0,0,2,2,1,1,1,0,0.0329,0.37575,-12.742
3160,400,36,36,85,32,4,0,0,1,0.0326,0.22837,743.766
3161,390,38,38,91,33,11,1,1,0,0.0323,0.21657,739.183
3162,123,9,9,25,11,2,1,1,0,0.0319,0.23194,209.831
3163,102,9,9,27,10,2,1,1,0,0.0316,0.27938,176.633
3164,187,20,20,49,16,4,1,1,0,0.0313,0.29188,359.8
3165,70,8,8,23,6,2,1,1,0,0.031,0.18697,112.281
3166,266,20,20,64,22,5,1,1,0,0.0307,0.31194,470.274
3167,17,1,1,8,2,0,1,1,0,0.0304,1.05932,-16.204
3168,126,8,8,27,12,3,1,1,0,0.0301,0.2573,221.467
3169,164,16,16,36,15,4,1,1,0,0.0298,0.24403,319.469
3170,196,20,20,53,17,6,1,1,0,0.0295,0.26468,342.482
3171,400,39,39,96,34,12,0,0,1,0.0292,0.23051,784.176
3172,23,1,1,8,3,0,1,1,0,0.0289,0.26324,25.345
3173,236,23,23,54,22,3,1,1,0,0.0286,0.20434,449.721
3174,329,29,29,69,29,3,1,1,0,0.0283,0.20308,581.89
3175,30,4,4,10,3,2,1,1,0,0.028,0.25905,44.423
3176,361,32,32,85,32,10,1,1,0,0.0277,0.25362,696.196
3177,232,25,25,65,22,6,1,1,0,0.0273,0.19269,443.136
3178,59,3,3,18,6,1,1,1,0,0.027,0.17911,96.884
3179,35,4,4,11,3,0,1,1,0,0.0267,0.152,40.636
3180,72,6,6,17,6,3,1,1,0,0.0264,0.22003,86.58
3181,29,2,2,9,3,0,1,1,0,0.0261,0.1243,39.912
3182,48,5,5,16,5,2,1,1,0,0.0258,0.27841,80.479
3183,16,1,1,4,2,1,1,1,0,0.0255,0.14708,11.581
3184,400,32,32,82,39,3,0,0,1,0.0252,0.19898,765.074
3185,15,1,1,6,2,1,1,1,0,0.0249,0.17122,10.982
3186,279,30,30,65,24,3,1,1,0,0.0246,0.20433,515.964
3187,37,2,2,5,4,2,1,1,0,0.0243,0.62507,19.024
3188,133,14,14,33,12,0,1,1,0,0.024,0.20035,250.986
3189,400,38,38,99,36,7,0,0,1,0.0237,0.21281,802.591
3190,29,4,4,10,3,1,1,1,0,0.0234,0.38901,26.116
3191,400,41,41,87,35,7,0,0,1,0.0231,0.2193,800.137
3192,400,40,40,94,38,8,0,0,1,0.0228,0.27213,801.605
3193,400,36,36,96,37,6,0,0,1,0.0224,0.19497,796.983
3194,128,18,18,38,10,2,1,1,0,0.0221,0.34314,232.614
3195,310,31,31,80,27,11,1,1,0,0.0218,0.22949,629.434
3196,400,40,40,96,37,9,0,0,1,0.0215,0.20975,796.528
3197,271,24,24,57,25,3,1,1,0,0.0212,0.19264,523.934
3198,6,0,0,1,1,0,1,1,0,0.0209,0.48823,-5.118
3199,238,21,21,61,22,5,1,1,0,0.0206,0.21803,461.506
3200,188,10,10,42,19,4,1,1,0,0.0203,0.22275,329.027
3201,391,35,35,96,36,10,1,1,0,0.02,0.18973,752.02
3202,400,36,36,103,36,6,0,0,1,0.02,0.21351,794.169
3203,400,43,43,100,37,5,0,0,1,0.02,0.20983,791.338
3204,285,21,21,56,27,4,1,1,0,0.02,0.27204,524.342
3205,90,10,10,26,8,2,1,1,0,0.02,0.2936,134.466
3206,244,22,22,60,23,6,1,1,0,0.02,0.21541,468.209
3207,358,34,34,85,33,8,1,1,0,0.02,0.21406,673.876
3208,17,1,1,8,2,1,1,1,0,0.02,0.84712,-33.62
3209,352,39,39,92,30,4,1,1,0,0.02,0.22215,701.589
3210,400,31,31,93,35,4,0,0,1,0.02,0.21956,779.771
3211,400,35,35,83,36,8,0,0,1,0.02,0.20888,756.531
3212,26,1,1,6,3,1,1,1,0,0.02,0.22137,15.964
3213,400,34,34,87,36,14,0,0,1,0.02,0.19698,777.781
3214,168,15,15,48,15,1,1,1,0,0.02,0.19197,300.592
3215,256,30,30,82,22,6,1,1,0,0.02,0.22152,495.786
3216,355,28,28,91,33,6,1,1,0,0.02,0.20305,686.831
3217,400,44,44,103,36,6,0,0,1,0.02,0.1937,813.905
3218,400,39,39,95,35,8,0,0,1,0.02,0.19606,805.775
3219,53,3,3,17,6,1,1,1,0,0.02,0.4808,86.192
3220,400,37,37,104,37,10,0,0,1,0.02,0.19772,785.352
3221,17,2,2,7,2,1,1,1,0,0.02,0.95944,-15.358
3222,400,39,39,93,36,6,0,0,1,0.02,0.20938,789.991
3223,16,1,1,5,2,0,1,1,0,0.02,0.16178,11.701
3224,400,34,34,94,36,8,0,0,1,0.02,0.20495,783.709
3225,400,38,38,102,38,6,0,0,1,0.02,0.26471,768.494
3226,400,34,34,100,38,6,0,0,1,0.02,0.2073,790.736
3227,38,5,5,12,4,3,1,1,0,0.02,0.56772,14.496
3228,13,0,0,4,2,1,1,1,0,0.02,0.35254,5.162
3229,400,35,35,91,36,10,0,0,1,0.02,0.21883,778.891
3230,145,14,14,38,12,2,1,1,0,0.02,0.30265,261.716
3231,400,42,42,101,36,6,0,0,1,0.02,0.23124,802.446
3232,126,11,11,41,11,2,1,1,0,0.02,0.16795,241.079
3233,379,38,38,90,34,5,1,1,0,0.02,0.19772,724.569
3234,400,40,40,91,36,6,0,0,1,0.02,0.22885,792.818
3235,400,35,35,88,37,5,0,0,1,0.02,0.2033,778.515
3236,224,27,27,61,21,1,1,1,0,0.02,0.18218,394.438
3237,193,19,19,50,18,3,1,1,0,0.02,0.18612,366.251
3238,400,41,41,86,35,11,0,0,1,0.02,0.22193,800.419
3239,152,20,20,38,14,2,1,1,0,0.02,0.19954,296.073
3240,400,41,41,97,35,13,0,0,1,0.02,0.19107,818.171
3241,400,40,40,103,37,8,0,0,1,0.02,0.21935,805.239
3242,400,40,40,109,36,9,0,0,1,0.02,0.21178,814.034
3243,135,9,9,31,15,1,1,1,0,0.02,0.30753,215.415
3244,158,19,19,42,12,5,1,1,0,0.02,0.2256,275.676
3245,400,45,45,101,35,7,0,0,1,0.02,0.21683,825.631
3246,315,36,36,87,29,8,1,1,0,0.02,0.24231,649.17
3247,128,13,13,37,12,4,1,1,0,0.02,0.21938,245.127
3248,400,35,35,93,38,11,0,0,1,0.02,0.22576,809.274
3249,76,8,8,27,7,2,1,1,0,0.02,0.1543,146.216
3250,89,10,10,24,8,3,1,1,0,0.02,0.17793,153.55
3251,400,38,38,91,36,5,0,0,1,0.02,0.22125,806.171
3252,253,24,24,64,23,4,1,1,0,0.02,0.18085,499.159
3253,133,16,16,39,12,3,1,1,0,0.02,0.18969,265.259
3254,382,34,34,95,35,5,1,1,0,0.02,0.18587,747.523
3255,400,35,35,97,36,11,0,0,1,0.02,0.22002,789.891
3256,400,39,39,86,35,8,0,0,1,0.02,0.18932,804.077
3257,87,8,8,25,9,0,1,1,0,0.02,0.4142,163.722
3258,400,32,32,87,37,7,0,0,1,0.02,0.23014,755.604
3259,400,38,38,94,37,7,0,0,1,0.02,0.21332,803.994
3260,400,38,38,87,33,7,0,0,1,0.02,0.19089,786.21
3261,27,1,1,5,3,2,1,1,0,0.02,0.40505,-16.824
3262,58,6,6,11,5,2,1,1,0,0.02,0.1812,85.559
3263,318,30,30,75,28,9,1,1,0,0.02,0.16926,626.456
3264,400,40,40,96,36,7,0,0,1,0.02,0.21848,799.106
3265,400,39,39,102,36,10,0,0,1,0.02,0.20333,799.028
3266,400,38,38,100,37,10,0,0,1,0.02,0.20051,793.613
3267,83,9,9,25,8,1,1,1,0,0.02,0.21226,155.476
3268,212,19,19,63,20,3,1,1,0,0.02,0.24939,409.416
3269,400,39,39,93,36,9,0,0,1,0.02,0.20339,796.466
3270,101,7,7,32,10,2,1,1,0,0.02,0.26084,183.092
3271,87,7,7,26,8,3,1,1,0,0.02,0.23758,159.567
3272,77,8,8,16,7,2,1,1,0,0.02,0.18113,137.333
3273,400,41,41,87,38,8,0,0,1,0.02,0.20851,782.193
3274,400,40,40,95,37,6,0,0,1,0.02,0.20205,794.077
3275,102,12,12,26,9,2,1,1,0,0.02,0.20435,195.401
3276,80,3,3,20,9,1,1,1,0,0.02,0.39897,87.085
3277,400,39,39,98,36,9,0,0,1,0.02,0.21825,812.723
3278,43,4,4,10,4,3,1,1,0,0.02,0.38426,36.068
3279,400,37,37,87,37,4,0,0,1,0.02,0.22751,781.072
3280,43,4,4,14,5,2,1,1,0,0.02,0.13736,68.291
3281,400,36,36,97,37,12,0,0,1,0.02,0.1905,797.894
3282,233,23,23,60,22,7,1,1,0,0.02,0.2544,396.314
3283,101,13,13,35,9,4,1,1,0,0.02,0.32242,175.28
3284,39,4,4,12,5,3,1,1,0,0.02,0.41175,57.603
3285,6,0,0,2,1,1,1,1,0,0.02,0.14523,-7.956
3286,50,3,3,13,5,4,1,1,0,0.02,0.15112,72.255
3287,400,40,40,82,36,10,0,0,1,0.02,0.20647,787.0
3288,269,19,19,57,26,2,1,1,0,0.02,0.24175,480.831
3289,5,0,0,2,1,0,1,1,0,0.02,2.84789,-40.838
3290,17,2,2,5,2,1,1,1,0,0.02,0.17103,-1.322
3291,400,38,38,93,36,11,0,0,1,0.02,0.1995,783.831
3292,400,43,43,96,35,13,0,0,1,0.02,0.22845,801.92
3293,149,12,12,43,14,4,1,1,0,0.02,0.23219,279.218
3294,400,42,42,99,37,8,0,0,1,0.02,0.19567,807.694
3295,400,36,36,89,36,10,0,0,1,0.02,0.22435,781.419
3296,41,6,6,15,4,2,1,1,0,0.02,0.32794,69.248
3297,400,35,35,87,40,4,0,0,1,0.02,0.22032,764.729
3298,164,21,21,50,14,3,1,1,0,0.02,0.2449,332.448
3299,400,40,40,94,36,8,0,0,1,0.02,0.22031,808.681
3300,79,6,6,19,9,0,1,1,0,0.02,0.21608,131.216
3301,110,14,14,35,9,3,1,1,0,0.02,0.25801,188.017
3302,74,6,6,15,7,3,1,1,0,0.02,0.23472,125.31
3303,352,35,35,87,32,6,1,1,0,0.02,0.21166,712.495
3304,400,42,42,93,37,8,0,0,1,0.02,0.19549,812.463
3305,400,40,40,92,36,4,0,0,1,0.02,0.19123,813.818
3306,17,1,1,3,2,2,1,1,0,0.02,0.17883,12.011
3307,400,42,42,98,36,9,0,0,1,0.02,0.22614,822.989
3308,66,8,8,18,6,1,1,1,0,0.02,0.2075,118.724
3309,94,6,6,27,10,1,1,1,0,0.02,0.2676,161.84
3310,400,35,35,96,37,10,0,0,1,0.02,0.21482,795.571
3311,77,5,5,19,8,2,1,1,0,0.02,0.20951,112.973
3312,171,21,21,61,15,2,1,1,0,0.02,0.27479,308.1
3313,101,7,7,36,10,4,1,1,0,0.02,0.27165,185.35
3314,317,29,29,84,29,4,1,1,0,0.02,0.22586,627.544
3315,123,11,11,28,11,2,1,1,0,0.02,0.17338,235.452
3316,380,34,34,96,34,10,1,1,0,0.02,0.21111,743.235
3317,400,42,42,93,36,10,0,0,1,0.02,0.2169,805.104
3318,400,44,44,98,35,5,0,0,1,0.02,0.19785,824.289
3319,68,9,9,17,6,1,1,1,0,0.02,0.34546,128.568
3320,400,36,36,92,36,6,0,0,1,0.02,0.19386,806.651
3321,400,41,41,100,36,9,0,0,1,0.02,0.20376,812.752
3322,400,41,41,103,35,5,0,0,1,0.02,0.18632,813.093
3323,400,39,39,92,37,3,0,0,1,0.02,0.20509,815.691
3324,400,40,40,92,38,7,0,0,1,0.02,0.19583,809.404
3325,400,42,42,93,34,8,0,0,1,0.02,0.2036,823.122
3326,111,10,10,37,11,3,1,1,0,0.02,0.27483,211.424
3327,64,5,5,17,7,1,1,1,0,0.02,0.17823,106.195
3328,363,41,41,96,33,5,1,1,0,0.02,0.17864,738.031
3329,28,1,1,6,3,0,1,1,0,0.02,0.19979,37.436
3330,400,40,40,88,36,6,0,0,1,0.02,0.20849,794.876
3331,320,30,30,74,29,8,1,1,0,0.02,0.18463,634.583
3332,205,24,24,59,17,4,1,1,0,0.02,0.22146,417.188
3333,87,8,8,25,8,1,1,1,0,0.02,0.42174,159.757
3334,212,27,27,63,18,2,1,1,0,0.02,0.20448,420.502
3335,84,7,7,22,9,1,1,1,0,0.02,0.27505,145.324
3336,400,38,38,90,34,5,0,0,1,0.02,0.21627,809.917
3337,38,2,2,12,4,2,1,1,0,0.02,0.57457,22.219
3338,287,30,30,71,24,5,1,1,0,0.02,0.22207,598.891
3339,400,41,41,96,38,9,0,0,1,0.02,0.18644,818.91
3340,271,27,27,65,25,7,1,1,0,0.02,0.18397,535.219
3341,15,1,1,6,2,1,1,1,0,0.02,0.17922,11.425
3342,189,22,22,55,17,4,1,1,0,0.02,0.16537,383.485
3343,278,31,31,81,24,4,1,1,0,0.02,0.20892,579.757
3344,400,44,44,107,35,3,0,0,1,0.02,0.18818,852.63
3345,400,41,41,93,36,5,0,0,1,0.02,0.21434,826.608
3346,140,11,11,31,13,2,1,1,0,0.02,0.25604,270.202
3347,400,39,39,94,38,8,0,0,1,0.02,0.22055,804.127
3348,293,30,30,78,26,8,1,1,0,0.02,0.2242,593.761
3349,377,34,34,90,35,6,1,1,0,0.02,0.22558,725.101
3350,400,43,43,108,35,9,0,0,1,0.02,0.22706,845.954
3351,400,32,32,86,36,9,0,0,1,0.02,0.25114,789.901
3352,400,40,40,92,36,12,0,0,1,0.02,0.2143,808.252
3353,46,7,7,16,4,2,1,1,0,0.02,0.62427,40.506
3354,294,32,32,81,27,7,1,1,0,0.02,0.21584,603.425
3355,22,0,0,6,3,0,1,1,0,0.02,0.24526,21.739
3356,359,32,32,74,33,2,1,1,0,0.02,0.20433,695.728
3357,42,1,1,11,5,1,1,1,0,0.02,0.21208,44.372
3358,152,14,14,38,15,4,1,1,0,0.02,0.26685,241.661
3359,400,43,43,100,34,6,0,0,1,0.02,0.22928,840.556
3360,400,42,42,101,35,17,0,0,1,0.02,0.19669,845.464
3361,400,36,36,92,39,5,0,0,1,0.02,0.21101,798.107
3362,400,33,33,86,36,7,0,0,1,0.02,0.2282,793.574
3363,216,24,24,54,19,4,1,1,0,0.02,0.20936,435.434
3364,400,35,35,87,37,7,0,0,1,0.02,0.18886,790.553
3365,93,11,11,26,8,3,1,1,0,0.02,0.15942,165.184
3366,400,39,39,102,36,5,0,0,1,0.02,0.19273,813.803
3367,39,2,2,10,4,0,1,1,0,0.02,0.16848,58.464
3368,400,35,35,92,37,8,0,0,1,0.02,0.17422,789.952
3369,400,40,40,99,36,11,0,0,1,0.02,0.19043,808.96
3370,273,30,30,70,24,8,1,1,0,0.02,0.1879,554.418
3371,400,41,41,100,37,15,0,0,1,0.02,0.19523,802.949
3372,13,0,0,3,2,1,1,1,0,0.02,0.516,5.061
3373,123,6,6,34,12,3,1,1,0,0.02,0.23123,209.51
3374,400,36,36,95,37,12,0,0,1,0.02,0.21595,789.897
3375,400,40,40,101,36,10,0,0,1,0.02,0.20815,808.747
3376,23,1,1,6,3,1,1,1,0,0.02,0.26761,7.206
3377,400,37,37,95,38,13,0,0,1,0.02,0.23648,787.096
3378,189,21,21,45,16,2,1,1,0,0.02,0.27508,353.688
3379,138,14,14,39,13,3,1,1,0,0.02,0.25688,247.356
3380,400,45,45,94,37,7,0,0,1,0.02,0.21914,813.374
3381,26,3,3,11,3,2,1,1,0,0.02,0.19731,36.307
3382,400,39,39,103,35,8,0,0,1,0.02,0.20537,809.257
3383,151,14,14,39,14,1,1,1,0,0.02,0.19757,271.37
3384,400,38,38,93,36,5,0,0,1,0.02,0.20134,800.35
3385,44,4,4,16,5,2,1,1,0,0.02,0.63952,64.206
3386,400,37,37,100,36,11,0,0,1,0.02,0.20858,795.335
3387,400,37,37,98,37,5,0,0,1,0.02,0.21191,786.953
3388,69,6,6,14,7,1,1,1,0,0.02,0.35839,88.39
3389,57,4,4,16,6,2,1,1,0,0.02,0.33834,58.547
3390,152,17,17,43,13,1,1,1,0,0.02,0.20719,290.815
3391,167,22,22,60,14,4,1,1,0,0.02,0.31942,314.274
3392,400,36,36,90,35,7,0,0,1,0.02,0.19434,800.885
3393,400,37,37,106,38,5,0,0,1,0.02,0.18149,793.733
3394,400,44,44,105,35,8,0,0,1,0.02,0.22389,824.501
3395,223,23,23,62,19,5,1,1,0,0.02,0.19727,450.093
3396,400,42,42,102,34,6,0,0,1,0.02,0.20843,838.061
3397,35,1,1,9,4,1,1,1,0,0.02,0.23119,50.034
3398,18,2,2,7,2,1,1,1,0,0.02,0.23846,3.558
3399,123,9,9,38,13,2,1,1,0,0.02,0.24831,229.188
3400,400,43,43,105,34,6,0,0,1,0.02,0.20074,833.191
3401,400,37,37,94,36,4,0,0,1,0.02,0.19139,814.501
3402,400,38,38,98,35,6,0,0,1,0.02,0.21637,806.196
3403,110,11,11,27,10,1,1,1,0,0.02,0.20952,204.024
3404,31,1,1,8,4,0,1,1,0,0.02,0.38321,5.494
3405,400,36,36,94,34,6,0,0,1,0.02,0.18944,816.236
3406,46,4,4,17,5,3,1,1,0,0.02,0.48964,35.951
3407,400,41,41,103,36,11,0,0,1,0.02,0.22644,820.386
3408,390,39,39,111,36,15,1,1,0,0.02,0.24238,763.994
3409,105,13,13,30,9,3,1,1,0,0.02,0.25616,202.533
3410,400,38,38,96,36,12,0,0,1,0.02,0.22881,815.804
3411,400,37,37,105,36,9,0,0,1,0.02,0.20771,818.929
3412,105,10,10,20,10,3,1,1,0,0.02,0.19397,188.078
3413,400,42,42,92,35,7,0,0,1,0.02,0.22527,792.523
3414,219,24,24,58,20,6,1,1,0,0.02,0.2737,403.233
3415,6,0,0,2,1,1,1,1,0,0.02,0.17874,-7.839
3416,150,16,16,45,14,1,1,1,0,0.02,0.20381,297.283
3417,17,2,2,6,2,0,1,1,0,0.02,0.1688,0.504
3418,321,34,34,81,27,10,1,1,0,0.02,0.19674,650.088
3419,277,26,26,69,21,8,1,1,0,0.02,0.19254,534.606
3420,400,35,35,95,35,12,0,0,1,0.02,0.21307,780.895
3421,400,38,38,100,34,13,0,0,1,0.02,0.21914,812.645
3422,357,35,35,90,31,12,1,1,0,0.02,0.1892,671.88
3423,255,29,29,66,23,8,1,1,0,0.02,0.29472,502.648
3424,59,7,7,16,5,3,1,1,0,0.02,0.38852,75.334
3425,222,22,22,59,19,6,1,1,0,0.02,0.19324,444.065
3426,191,19,19,52,17,6,1,1,0,0.02,0.33432,333.726
3427,400,39,39,103,37,6,0,0,1,0.02,0.2377,798.959
3428,193,18,18,53,18,5,1,1,0,0.02,0.19988,377.066
3429,188,19,19,41,16,6,1,1,0,0.02,0.18689,368.275
3430,297,28,28,75,28,5,1,1,0,0.02,0.19305,579.682
3431,217,19,19,59,21,6,1,1,0,0.02,0.26199,388.986
3432,116,12,12,28,10,5,1,1,0,0.02,0.22629,217.718
3433,286,25,25,73,28,3,1,1,0,0.02,0.23396,538.978
3434,6,0,0,3,1,1,1,1,0,0.02,0.27844,-7.623
3435,17,2,2,9,2,2,1,1,0,0.02,1.00608,-31.364
3436,400,39,39,104,37,9,0,0,1,0.02,0.22335,806.566
3437,400,43,43,102,35,7,0,0,1,0.02,0.20005,833.35
3438,400,41,41,100,37,8,0,0,1,0.02,0.27004,799.748
3439,400,42,42,102,36,9,0,0,1,0.02,0.22227,816.839
3440,199,24,24,59,18,7,1,1,0,0.02,0.22535,387.922
3441,16,2,2,5,2,0,1,1,0,0.02,0.22967,-3.999
3442,344,35,35,88,32,3,1,1,0,0.02,0.20445,684.166
3443,400,37,37,90,37,5,0,0,1,0.02,0.23465,806.509
3444,400,35,35,102,37,6,0,0,1,0.02,0.18994,815.403
3445,328,28,28,77,29,5,1,1,0,0.02,0.17326,641.577
3446,400,39,39,98,33,10,0,0,1,0.02,0.21994,826.314
3447,400,31,31,82,34,5,0,0,1,0.02,0.18562,747.936
3448,16,1,1,5,2,2,1,1,0,0.02,1.0814,-31.476
3449,62,4,4,19,6,0,1,1,0,0.02,0.21906,91.881
3450,193,23,23,53,17,5,1,1,0,0.02,0.20068,378.52
3451,29,3,3,7,3,1,1,1,0,0.02,0.25652,38.017
3452,25,1,1,9,3,2,1,1,0,0.02,0.16817,31.068
3453,49,4,4,13,5,0,1,1,0,0.02,0.13368,75.477
3454,41,4,4,15,4,1,1,1,0,0.02,0.13987,52.054
3455,126,9,9,30,12,3,1,1,0,0.02,0.21541,228.53
3456,155,13,13,40,15,9,1,1,0,0.02,0.22547,288.516
3457,400,37,37,93,36,7,0,0,1,0.02,0.18808,771.055
3458,5,0,0,3,1,1,1,1,0,0.02,0.28035,-8.827
3459,400,31,31,85,33,4,0,0,1,0.02,0.20203,753.229
3460,400,39,39,93,35,6,0,0,1,0.02,0.1915,785.046
3461,327,32,32,83,30,7,1,1,0,0.02,0.19812,621.503
3462,400,39,39,97,37,10,0,0,1,0.02,0.22942,777.1
3463,400,39,39,92,36,11,0,0,1,0.02,0.2187,799.973
3464,400,37,37,79,36,8,0,0,1,0.02,0.20843,781.593
3465,293,24,24,65,27,7,1,1,0,0.02,0.24296,557.555
3466,138,13,13,32,13,2,1,1,0,0.02,0.22712,259.589
3467,400,45,45,100,36,10,0,0,1,0.02,0.20552,823.663
3468,400,47,47,101,35,8,0,0,1,0.02,0.21914,827.759
3469,400,37,37,90,34,4,0,0,1,0.02,0.18833,812.21
3470,40,5,5,9,4,1,1,1,0,0.02,0.17839,59.861
3471,17,2,2,8,2,0,1,1,0,0.02,0.2368,19.025
3472,23,2,2,5,3,1,1,1,0,0.02,0.3017,26.452
3473,400,29,29,83,37,7,0,0,1,0.02,0.19808,766.276
3474,400,35,35,87,36,4,0,0,1,0.02,0.20885,792.318
3475,73,6,6,16,7,1,1,1,0,0.02,0.1832,134.941
3476,234,30,30,71,22,1,1,1,0,0.02,0.18799,472.28
3477,242,19,19,51,23,4,1,1,0,0.02,0.24243,439.621
3478,400,37,37,100,35,9,0,0,1,0.02,0.21083,816.189
3479,400,43,43,101,35,11,0,0,1,0.02,0.2193,803.281
3480,352,32,32,90,33,4,1,1,0,0.02,0.21084,682.959
3481,400,34,34,90,36,9,0,0,1,0.02,0.18608,797.605
3482,157,16,16,40,14,5,1,1,0,0.02,0.20702,298.653
3483,154,17,17,50,14,1,1,1,0,0.02,0.2577,284.751
3484,299,24,24,65,27,3,1,1,0,0.02,0.16828,570.476
3485,318,33,33,84,28,7,1,1,0,0.02,0.2042,617.204
3486,224,20,20,50,22,3,1,1,0,0.02,0.25853,414.673
3487,113,13,13,29,10,3,1,1,0,0.02,0.27093,219.954
3488,244,30,30,73,22,4,1,1,0,0.02,0.18825,506.555
3489,184,16,16,40,19,2,1,1,0,0.02,0.17342,324.573
3490,400,39,39,98,33,10,0,0,1,0.02,0.20316,830.315
3491,400,41,41,104,37,12,0,0,1,0.02,0.22821,794.948
3492,400,46,46,105,34,9,0,0,1,0.02,0.17368,841.583
3493,400,39,39,101,36,9,0,0,1,0.02,0.21077,812.714
3494,104,8,8,29,11,4,1,1,0,0.02,0.2723,185.326
3495,196,22,22,57,18,5,1,1,0,0.02,0.17242,374.863
3496,400,37,37,98,38,5,0,0,1,0.02,0.19077,803.243
3497,400,32,32,89,39,6,0,0,1,0.02,0.22188,766.054
3498,400,35,35,94,36,9,0,0,1,0.02,0.20046,797.382
3499,54,6,6,16,5,3,1,1,0,0.02,0.16948,91.211
3500,126,17,17,36,9,6,1,1,0,0.02,0.24395,248.372
3501,353,37,37,84,31,8,1,1,0,0.02,0.20328,707.502
3502,270,29,29,65,22,5,1,1,0,0.02,0.17497,549.526
3503,294,32,32,79,26,3,1,1,0,0.02,0.19243,565.128
3504,400,40,40,105,34,8,0,0,1,0.02,0.19938,815.797
3505,140,13,13,44,15,4,1,1,0,0.02,0.22708,245.285
3506,223,16,16,56,21,3,1,1,0,0.02,0.25179,394.038
3507,400,39,39,100,36,7,0,0,1,0.02,0.18244,810.535
3508,181,22,22,40,15,3,1,1,0,0.02,0.16412,340.741
3509,161,16,16,41,14,7,1,1,0,0.02,0.18451,298.682
3510,400,41,41,102,36,9,0,0,1,0.02,0.19919,813.83
3511,157,11,11,42,16,2,1,1,0,0.02,0.1748,292.671
3512,77,11,11,29,7,2,1,1,0,0.02,0.27973,150.793
3513,346,35,35,94,32,9,1,1,0,0.02,0.22504,629.873
3514,400,40,40,102,35,7,0,0,1,0.02,0.19986,826.756
3515,75,7,7,23,7,2,1,1,0,0.02,0.2173,141.465
3516,296,29,29,76,26,11,1,1,0,0.02,0.20989,599.292
3517,17,1,1,6,2,2,1,1,0,0.02,0.52248,-17.32
3518,400,40,40,96,37,5,0,0,1,0.02,0.21326,806.178
3519,59,8,8,17,5,1,1,1,0,0.02,0.15416,112.281
3520,232,24,24,65,22,8,1,1,0,0.02,0.24386,429.113
3521,400,39,39,93,36,5,0,0,1,0.02,0.19811,811.464
3522,400,43,43,98,35,9,0,0,1,0.02,0.21716,836.593
3523,46,7,7,17,4,2,1,1,0,0.02,0.33565,52.476
3524,16,2,2,5,2,0,1,1,0,0.02,0.78253,-34.207
3525,400,42,42,107,35,9,0,0,1,0.02,0.21833,840.836
3526,64,5,5,17,7,2,1,1,0,0.02,0.17225,108.337
3527,400,41,41,93,36,8,0,0,1,0.02,0.21456,810.308
3528,17,1,1,4,2,1,1,1,0,0.02,0.14092,13.795
3529,56,3,3,12,6,3,1,1,0,0.02,0.36454,41.518
3530,33,1,1,9,4,2,1,1,0,0.02,0.53638,12.0
3531,23,1,1,6,3,0,1,1,0,0.02,0.21889,25.709
3532,400,40,40,86,36,8,0,0,1,0.02,0.21097,810.068
3533,59,6,6,17,6,0,1,1,0,0.02,0.41258,55.694
3534,37,4,4,8,4,1,1,1,0,0.02,0.52739,12.411
3535,275,32,32,71,24,5,1,1,0,0.02,0.19337,568.946
3536,35,3,3,9,3,1,1,1,0,0.02,0.11029,38.13
3537,253,21,21,56,23,2,1,1,0,0.02,0.22167,469.48
3538,47,3,3,12,5,0,1,1,0,0.02,0.15682,72.067
3539,400,37,37,94,39,6,0,0,1,0.02,0.23258,795.637
3540,67,5,5,14,7,0,1,1,0,0.02,0.29679,96.049
3541,149,12,12,43,15,5,1,1,0,0.02,0.22468,279.271
3542,332,33,33,90,30,8,1,1,0,0.02,0.21718,673.011
3543,7,0,0,3,1,2,1,1,0,0.02,0.2321,-7.085
3544,106,8,8,24,11,2,1,1,0,0.02,0.18503,189.425
3545,58,6,6,17,6,0,1,1,0,0.02,0.27129,85.364
3546,118,10,10,33,12,1,1,1,0,0.02,0.20155,219.059
3547,120,11,11,31,11,6,1,1,0,0.02,0.2813,223.567
3548,200,23,23,53,17,4,1,1,0,0.02,0.18171,406.858
3549,17,2,2,5,2,0,1,1,0,0.02,0.21301,15.45
3550,234,28,28,69,20,9,1,1,0,0.02,0.17617,461.682
3551,306,29,29,72,28,6,1,1,0,0.02,0.20895,602.975
3552,289,25,25,76,29,4,1,1,0,0.02,0.23556,507.14
3553,400,33,33,96,37,7,0,0,1,0.02,0.16839,813.011
3554,106,11,11,30,10,2,1,1,0,0.02,0.19858,170.634
3555,96,9,9,25,9,3,1,1,0,0.02,0.26286,146.297
3556,69,5,5,26,7,1,1,1,0,0.02,0.19014,105.589
3557,299,32,32,75,27,2,1,1,0,0.02,0.18128,613.36
3558,17,2,2,6,2,1,1,1,0,0.02,0.62701,-30.412
3559,191,19,19,54,16,5,1,1,0,0.02,0.18371,387.591
3560,252,26,26,60,22,10,1,1,0,0.02,0.20978,491.844
3561,167,14,14,44,15,2,1,1,0,0.02,0.22623,278.622
3562,400,40,40,88,39,5,0,0,1,0.02,0.20735,804.346
3563,400,42,42,109,34,10,0,0,1,0.02,0.214,837.983
3564,315,31,31,88,28,6,1,1,0,0.02,0.17614,650.592
3565,13,0,0,4,2,1,1,1,0,0.02,1.50559,-26.143
3566,193,24,24,51,16,3,1,1,0,0.02,0.19516,410.156
3567,155,16,16,39,13,1,1,1,0,0.02,0.25483,294.237
3568,6,0,0,3,1,1,1,1,0,0.02,0.23263,-7.339
3569,400,43,43,94,36,7,0,0,1,0.02,0.19112,830.224
3570,400,38,38,96,37,8,0,0,1,0.02,0.19181,822.571
3571,400,36,36,89,36,11,0,0,1,0.02,0.23888,800.477
3572,282,31,31,74,25,6,1,1,0,0.02,0.19437,586.424
3573,128,11,11,36,12,2,1,1,0,0.02,0.20938,241.757
3574,400,41,41,103,36,9,0,0,1,0.02,0.19642,849.203
3575,400,39,39,91,36,7,0,0,1,0.02,0.21351,811.668
3576,261,27,27,72,23,6,1,1,0,0.02,0.19754,542.39
3577,314,34,34,86,28,5,1,1,0,0.02,0.19173,635.418
3578,50,6,6,19,5,1,1,1,0,0.02,0.25122,90.867
3579,158,16,16,44,15,4,1,1,0,0.02,0.21866,311.684
3580,400,38,38,91,36,6,0,0,1,0.02,0.21767,822.87
3581,301,21,21,69,30,7,1,1,0,0.02,0.21091,571.764
3582,400,39,39,89,36,4,0,0,1,0.02,0.22173,818.657
3583,109,14,14,32,10,4,1,1,0,0.02,0.2039,217.388
3584,343,35,35,87,31,4,1,1,0,0.02,0.20898,678.749
3585,61,6,6,14,6,2,1,1,0,0.02,0.23409,105.858
3586,400,38,38,97,35,11,0,0,1,0.02,0.20407,818.828
3587,262,27,27,60,24,4,1,1,0,0.02,0.18086,527.515
3588,400,37,37,87,35,6,0,0,1,0.02,0.17747,819.587
3589,400,40,40,106,36,11,0,0,1,0.02,0.20143,825.248
3590,349,28,28,85,33,7,1,1,0,0.02,0.20236,671.278
3591,104,10,10,34,9,1,1,1,0,0.02,0.19472,190.507
3592,30,2,2,14,3,0,1,1,0,0.02,0.26447,46.483
3593,277,25,25,73,27,4,1,1,0,0.02,0.20261,536.831
3594,164,13,13,34,15,4,1,1,0,0.02,0.19969,304.428
3595,400,40,40,95,37,9,0,0,1,0.02,0.21479,823.569
3596,400,43,43,102,37,13,0,0,1,0.02,0.18809,799.994
3597,155,21,21,41,13,3,1,1,0,0.02,0.23297,317.315
3598,400,43,43,95,34,9,0,0,1,0.02,0.1833,840.561
3599,154,22,22,49,13,2,1,1,0,0.02,0.27229,328.336
3600,116,13,13,31,11,4,1,1,0,0.02,0.27525,223.432
3601,400,42,42,103,36,6,0,0,1,0.02,0.18595,834.496
3602,400,39,39,99,36,6,0,0,1,0.02,0.2151,821.388
3603,400,37,37,86,35,7,0,0,1,0.02,0.21979,822.026
3604,400,34,34,93,38,6,0,0,1,0.02,0.21566,798.517
3605,17,3,3,9,2,1,1,1,0,0.02,1.11221,-28.222
3606,400,41,41,97,35,11,0,0,1,0.02,0.20205,808.223
3607,162,14,14,40,17,3,1,1,0,0.02,0.24131,259.139
3608,106,13,13,34,9,1,1,1,0,0.02,0.29195,217.466
3609,337,32,32,89,31,6,1,1,0,0.02,0.212,678.285
3610,13,0,0,4,2,1,1,1,0,0.02,1.27904,-40.629
3611,372,34,34,74,35,3,1,1,0,0.02,0.18592,675.561
3612,26,1,1,3,3,1,1,1,0,0.02,0.52239,-0.359
3613,119,16,16,36,10,3,1,1,0,0.02,0.27006,211.178
3614,400,38,38,100,34,8,0,0,1,0.02,0.20535,812.861
3615,400,38,38,96,35,3,0,0,1,0.02,0.22296,795.626
3616,74,9,9,27,7,4,1,1,0,0.02,0.31903,120.743
3617,203,24,24,52,17,5,1,1,0,0.02,0.16189,419.868
3618,188,20,20,51,18,6,1,1,0,0.02,0.3309,373.447
3619,238,25,25,61,20,8,1,1,0,0.02,0.20062,479.146
3620,193,15,15,41,19,1,1,1,0,0.02,0.21376,358.102
3621,140,17,17,35,12,3,1,1,0,0.02,0.2442,240.655
3622,392,36,36,99,34,16,1,1,0,0.02,0.18817,761.23
3623,343,35,35,85,29,15,1,1,0,0.02,0.19262,681.902
3624,214,28,28,68,19,8,1,1,0,0.02,0.20523,443.816
3625,68,3,3,19,8,1,1,1,0,0.02,0.33912,110.504
3626,230,27,27,67,20,3,1,1,0,0.02,0.22061,483.583
3627,16,2,2,5,2,3,1,1,0,0.02,1.17887,-31.174
3628,400,42,42,93,38,16,0,0,1,0.02,0.22435,821.188
3629,221,20,20,64,21,6,1,1,0,0.02,0.3151,391.433
3630,184,15,15,51,17,10,1,1,0,0.02,0.33895,327.472
3631,400,34,34,73,35,4,0,0,1,0.02,0.22966,792.358
3632,16,2,2,3,2,1,1,1,0,0.02,0.50752,-20.968
3633,91,8,8,30,9,3,1,1,0,0.02,0.259,171.306
3634,400,41,41,104,36,9,0,0,1,0.02,0.18542,841.777
3635,117,14,14,35,11,2,1,1,0,0.02,0.31316,198.389
3636,400,43,43,94,36,5,0,0,1,0.02,0.1906,834.67
3637,354,33,33,82,32,6,1,1,0,0.02,0.19748,699.636
3638,211,17,17,52,19,5,1,1,0,0.02,0.20874,412.548
3639,323,37,37,91,27,9,1,1,0,0.02,0.25504,665.643
3640,400,37,37,94,35,5,0,0,1,0.02,0.22837,820.757
3641,255,29,29,69,21,6,1,1,0,0.02,0.21321,509.748
3642,400,35,35,92,38,5,0,0,1,0.02,0.19278,802.135
3643,207,24,24,57,18,4,1,1,0,0.02,0.2245,384.114
3644,206,23,23,58,18,3,1,1,0,0.02,0.18404,406.248
3645,84,8,8,25,9,0,1,1,0,0.02,0.4526,102.504
3646,71,7,7,19,7,1,1,1,0,0.02,0.38765,101.338
3647,400,41,41,102,34,9,0,0,1,0.02,0.17994,848.016
3648,400,37,37,99,38,6,0,0,1,0.02,0.20199,818.711
3649,62,8,8,17,6,1,1,1,0,0.02,0.45498,112.307
3650,15,0,0,5,2,1,1,1,0,0.02,0.25549,-7.886
3651,400,31,31,81,36,7,0,0,1,0.02,0.20403,793.328
3652,141,12,12,41,14,3,1,1,0,0.02,0.1781,263.511
3653,400,39,39,89,36,6,0,0,1,0.02,0.20491,802.114
3654,241,21,21,64,23,6,1,1,0,0.02,0.25133,433.639
3655,122,14,14,37,11,4,1,1,0,0.02,0.27294,227.638
3656,400,32,32,85,38,3,0,0,1,0.02,0.23837,783.381
3657,13,0,0,2,2,0,1,1,0,0.02,0.50185,-39.482
3658,45,4,4,12,4,2,1,1,0,0.02,0.42385,44.398
3659,17,2,2,6,2,1,1,1,0,0.02,0.24607,1.567
3660,400,39,39,104,35,12,0,0,1,0.02,0.20536,814.089
3661,183,20,20,53,16,3,1,1,0,0.02,0.19821,372.914
3662,400,38,38,83,37,8,0,0,1,0.02,0.2558,787.012
3663,400,43,43,102,34,7,0,0,1,0.02,0.19919,834.136
3664,25,1,1,11,3,3,1,1,0,0.02,0.24108,26.609
3665,13,0,0,3,2,1,1,1,0,0.02,0.28482,-11.783
3666,286,26,26,76,25,7,1,1,0,0.02,0.19085,555.411
3667,30,4,4,8,3,1,1,1,0,0.02,0.25714,45.68
3668,334,34,34,89,31,10,1,1,0,0.02,0.204,679.893
3669,239,24,24,65,22,9,1,1,0,0.02,0.17272,467.917
3670,109,12,12,28,10,2,1,1,0,0.02,0.30463,162.496
3671,109,11,11,30,10,2,1,1,0,0.02,0.15295,190.476
3672,48,3,3,10,5,2,1,1,0,0.02,0.1575,58.823
3673,400,38,38,90,35,7,0,0,1,0.02,0.19915,824.134
3674,78,8,8,25,8,0,1,1,0,0.02,0.16602,140.234
3675,400,41,41,89,33,5,0,0,1,0.02,0.22366,815.074
3676,364,40,40,101,33,11,1,1,0,0.02,0.18356,730.497
3677,172,15,15,48,16,1,1,1,0,0.02,0.1829,333.398
3678,6,0,0,3,1,0,1,1,0,0.02,0.28025,-7.519
3679,400,39,39,94,36,5,0,0,1,0.02,0.20478,819.505
3680,400,34,34,85,39,5,0,0,1,0.02,0.21063,777.057
3681,311,39,39,72,27,7,1,1,0,0.02,0.18968,620.891
3682,36,5,5,9,3,1,1,1,0,0.02,0.16366,43.069
3683,400,38,38,91,34,7,0,0,1,0.02,0.20561,783.778
3684,400,42,42,103,35,9,0,0,1,0.02,0.21804,830.193
3685,30,0,0,9,4,0,1,1,0,0.02,0.46413,19.321
3686,61,5,5,15,6,1,1,1,0,0.02,0.17399,102.496
3687,400,37,37,84,34,5,0,0,1,0.02,0.19107,807.799
3688,400,31,31,83,37,6,0,0,1,0.02,0.20871,770.657
3689,18,1,1,6,2,1,1,1,0,0.02,0.22387,16.88
3690,400,36,36,93,36,5,0,0,1,0.02,0.18707,795.225
3691,400,42,42,98,36,5,0,0,1,0.02,0.27555,803.043
3692,400,38,38,109,38,7,0,0,1,0.02,0.25814,803.624
3693,400,38,38,91,36,8,0,0,1,0.02,0.22549,795.796
3694,400,40,40,97,37,10,0,0,1,0.02,0.25844,802.212
3695,25,1,1,8,3,0,1,1,0,0.02,0.73294,-17.686
3696,154,14,14,39,14,3,1,1,0,0.02,0.25014,290.387
3697,26,2,2,8,3,1,1,1,0,0.02,0.24189,33.418
3698,61,7,7,16,6,1,1,1,0,0.02,0.2991,104.074
3699,16,2,2,3,2,0,1,1,0,0.02,0.23069,12.528
3700,400,38,38,95,35,5,0,0,1,0.02,0.18055,822.328
3701,128,5,5,28,13,1,1,1,0,0.02,0.18459,217.844
3702,303,22,22,66,27,8,1,1,0,0.02,0.22883,570.234
3703,162,19,19,46,14,4,1,1,0,0.02,0.21498,319.224
3704,400,35,35,87,35,9,0,0,1,0.02,0.18717,778.032
3705,110,6,6,21,11,2,1,1,0,0.02,0.27385,160.897
3706,29,0,0,7,4,0,1,1,0,0.02,0.26962,30.584
3707,400,39,39,87,34,6,0,0,1,0.02,0.20944,803.255
3708,400,34,34,76,33,5,0,0,1,0.02,0.19293,747.018
3709,400,36,36,97,38,8,0,0,1,0.02,0.24893,774.784
3710,35,2,2,8,4,1,1,1,0,0.02,0.18719,47.946
3711,400,41,41,99,37,6,0,0,1,0.02,0.1829,805.686
3712,400,35,35,91,36,3,0,0,1,0.02,0.19442,775.263
3713,232,23,23,48,22,3,1,1,0,0.02,0.2527,372.318
3714,204,13,13,50,20,2,1,1,0,0.02,0.17549,363.148
3715,242,24,24,60,23,2,1,1,0,0.02,0.2013,465.216
3716,400,37,37,92,35,7,0,0,1,0.02,0.17209,785.393
3717,383,38,38,93,36,6,1,1,0,0.02,0.21124,737.631
3718,153,16,16,39,15,1,1,1,0,0.02,0.17628,283.339
3719,400,37,37,87,35,7,0,0,1,0.02,0.20248,777.308
3720,400,36,36,95,36,6,0,0,1,0.02,0.18232,769.696
3721,400,40,40,94,37,11,0,0,1,0.02,0.18312,788.594
3722,400,40,40,94,38,5,0,0,1,0.02,0.19945,780.486
3723,49,4,4,15,6,2,1,1,0,0.02,0.28213,66.39
3724,400,32,32,95,36,9,0,0,1,0.02,0.24475,753.302
3725,110,11,11,29,10,4,1,1,0,0.02,0.24416,201.143
3726,400,40,40,97,34,7,0,0,1,0.02,0.20254,784.76
3727,299,27,27,78,26,9,1,1,0,0.02,0.21589,553.772
3728,223,19,19,46,21,3,1,1,0,0.02,0.17635,414.388
3729,249,21,21,69,23,8,1,1,0,0.02,0.2144,473.473
3730,372,34,34,87,34,8,1,1,0,0.02,0.19123,704.176
3731,400,40,40,91,36,9,0,0,1,0.02,0.19826,779.024
3732,49,9,9,15,4,2,1,1,0,0.02,0.22877,73.7
3733,400,41,41,87,36,7,0,0,1,0.02,0.18474,789.448
3734,171,16,16,39,16,3,1,1,0,0.02,0.30053,274.197
3735,400,38,38,100,37,10,0,0,1,0.02,0.1949,796.289
3736,400,35,35,88,35,13,0,0,1,0.02,0.21928,776.192
3737,280,26,26,71,26,7,1,1,0,0.02,0.20974,528.322
3738,400,41,41,96,36,4,0,0,1,0.02,0.19258,806.862
3739,392,34,34,86,34,7,1,1,0,0.02,0.16999,750.946
3740,136,20,20,40,12,3,1,1,0,0.02,0.21928,264.841
3741,203,20,20,52,19,5,1,1,0,0.02,0.18698,391.103
3742,397,41,41,103,33,7,1,1,0,0.02,0.21269,789.389
3743,400,38,38,87,36,9,0,0,1,0.02,0.18544,794.02
3744,190,19,19,54,18,3,1,1,0,0.02,0.19506,357.541
3745,400,32,32,83,35,6,0,0,1,0.02,0.21224,744.139
3746,15,1,1,4,2,0,1,1,0,0.02,0.16186,10.81
3747,81,8,8,19,7,1,1,1,0,0.02,0.36942,122.348
3748,67,7,7,20,7,3,1,1,0,0.02,0.2296,107.491
3749,382,34,34,80,34,6,1,1,0,0.02,0.20592,728.213
3750,36,3,3,12,4,1,1,1,0,0.02,0.18964,37.243
3751,400,41,41,108,39,4,0,0,1,0.02,0.23725,781.369
3752,400,42,42,108,36,10,0,0,1,0.02,0.22438,812.409
3753,161,12,12,42,16,1,1,1,0,0.02,0.26959,287.565
3754,227,23,23,54,19,3,1,1,0,0.02,0.22301,433.487
3755,5,0,0,1,1,1,1,1,0,0.02,2.85611,-40.753
3756,400,37,37,103,37,12,0,0,1,0.02,0.26136,791.59
3757,13,0,0,5,2,1,1,1,0,0.02,0.71917,-11.055
3758,373,39,39,93,35,6,1,1,0,0.02,0.2229,732.853
3759,38,2,2,13,4,1,1,1,0,0.02,0.23638,58.992
3760,104,10,10,28,9,2,1,1,0,0.02,0.30941,147.131
3761,270,32,32,82,22,2,1,1,0,0.02,0.21649,547.549
3762,400,35,35,86,33,9,0,0,1,0.02,0.20302,762.658
3763,232,24,24,65,22,7,1,1,0,0.02,0.22386,446.484
3764,400,36,36,95,33,7,0,0,1,0.02,0.19626,797.803
3765,400,39,39,95,36,9,0,0,1,0.02,0.21266,821.537
3766,400,41,41,100,34,3,0,0,1,0.02,0.20519,805.769
3767,249,27,27,65,21,9,1,1,0,0.02,0.19512,483.803
3768,330,36,36,82,30,2,1,1,0,0.02,0.20256,665.676
3769,400,37,37,93,41,9,0,0,1,0.02,0.18597,777.231
3770,192,20,20,39,18,2,1,1,0,0.02,0.26324,347.626
3771,265,24,24,61,24,4,1,1,0,0.02,0.17266,519.177
3772,17,1,1,6,2,1,1,1,0,0.02,0.1654,-1.664
3773,162,14,14,36,15,4,1,1,0,0.02,0.16036,310.534
3774,36,2,2,10,4,1,1,1,0,0.02,0.19645,49.895
3775,348,33,33,79,33,5,1,1,0,0.02,0.25121,628.944
3776,249,30,30,63,21,5,1,1,0,0.02,0.18764,483.251
3777,400,36,36,85,36,7,0,0,1,0.02,0.214,786.467
3778,400,38,38,104,37,5,0,0,1,0.02,0.18759,816.498
3779,382,36,36,94,33,5,1,1,0,0.02,0.23037,763.859
3780,400,40,40,98,36,6,0,0,1,0.02,0.21444,809.507
3781,52,9,9,19,5,1,1,1,0,0.02,0.51865,64.927
3782,64,2,2,17,7,1,1,1,0,0.02,0.18548,101.411
3783,400,40,40,99,36,10,0,0,1,0.02,0.19964,789.194
3784,34,1,1,8,4,1,1,1,0,0.02,0.58317,12.997
3785,400,35,35,75,34,8,0,0,1,0.02,0.1785,781.672
3786,6,0,0,3,1,1,1,1,0,0.02,0.24171,-7.785
3787,106,12,12,37,9,2,1,1,0,0.02,0.309,167.547
3788,232,17,17,58,22,8,1,1,0,0.02,0.17405,415.358
3789,174,20,20,51,15,7,1,1,0,0.02,0.23959,303.686
3790,228,25,25,67,20,5,1,1,0,0.02,0.17915,454.895
3791,283,28,28,61,24,5,1,1,0,0.02,0.21815,577.501
3792,154,18,18,45,14,2,1,1,0,0.02,0.19025,302.486
3793,303,34,34,83,27,5,1,1,0,0.02,0.18487,614.678
3794,400,29,29,77,39,4,0,0,1,0.02,0.18288,776.433
3795,273,27,27,76,24,5,1,1,0,0.02,0.22858,517.456
3796,29,3,3,8,3,0,1,1,0,0.02,0.47501,-5.922
3797,400,38,38,94,36,4,0,0,1,0.02,0.18064,811.967
3798,400,38,38,100,35,6,0,0,1,0.02,0.20598,813.91
3799,400,37,37,97,37,6,0,0,1,0.02,0.20318,788.597
3800,15,1,1,5,2,1,1,1,0,0.02,0.89498,-34.599
3801,400,41,41,105,37,6,0,0,1,0.02,0.20264,799.411
3802,92,10,10,31,8,4,1,1,0,0.02,0.20816,179.711
3803,400,40,40,93,34,8,0,0,1,0.02,0.18752,802.58
3804,400,35,35,89,35,9,0,0,1,0.02,0.20469,777.687
3805,6,0,0,2,1,1,1,1,0,0.02,0.22002,-7.973
3806,400,37,37,97,36,6,0,0,1,0.02,0.21963,796.686
3807,288,32,32,76,24,7,1,1,0,0.02,0.21833,586.483
3808,400,41,41,104,35,7,0,0,1,0.02,0.1877,810.471
3809,400,35,35,95,37,7,0,0,1,0.02,0.19019,796.491
3810,67,10,10,22,6,1,1,1,0,0.02,0.42757,130.133
3811,249,23,23,54,22,1,1,1,0,0.02,0.17079,494.926
3812,242,23,23,64,22,4,1,1,0,0.02,0.22973,425.967
3813,60,5,5,14,6,1,1,1,0,0.02,0.14568,103.762
3814,400,38,38,90,37,3,0,0,1,0.02,0.21042,811.182
3815,400,41,41,87,36,7,0,0,1,0.02,0.18648,807.651
3816,108,9,9,30,11,4,1,1,0,0.02,0.20102,203.365
3817,400,35,35,88,38,4,0,0,1,0.02,0.20254,801.853
3818,400,32,32,88,37,8,0,0,1,0.02,0.20091,778.528
3819,400,47,47,104,35,3,0,0,1,0.02,0.1883,834.936
3820,400,39,39,98,37,9,0,0,1,0.02,0.20924,793.006
3821,201,19,19,55,19,5,1,1,0,0.02,0.17131,388.372
3822,13,0,0,3,2,0,1,1,0,0.02,0.4435,-11.64
3823,400,38,38,101,36,6,0,0,1,0.02,0.18636,813.769
3824,99,10,10,27,9,1,1,1,0,0.02,0.36494,180.758
3825,198,19,19,49,19,6,1,1,0,0.02,0.2611,327.367
3826,269,25,25,62,24,5,1,1,0,0.02,0.17207,518.046
3827,400,40,40,111,37,7,0,0,1,0.02,0.19877,805.982
3828,400,41,41,102,34,6,0,0,1,0.02,0.18824,823.899
3829,400,33,33,89,38,7,0,0,1,0.02,0.19379,783.836
3830,400,38,38,86,36,8,0,0,1,0.02,0.19976,794.808
3831,400,40,40,100,38,7,0,0,1,0.02,0.21686,808.854
3832,331,34,34,86,30,6,1,1,0,0.02,0.18444,655.955
3833,400,39,39,97,37,8,0,0,1,0.02,0.20212,804.753
3834,285,29,29,62,25,4,1,1,0,0.02,0.22639,531.711
3835,400,39,39,93,35,5,0,0,1,0.02,0.17546,809.655
3836,400,38,38,79,38,7,0,0,1,0.02,0.19466,780.362
3837,17,2,2,5,2,0,1,1,0,0.02,0.12181,17.796
3838,400,38,38,97,37,3,0,0,1,0.02,0.21205,789.285
3839,400,34,34,94,36,9,0,0,1,0.02,0.18659,785.964
3840,400,41,41,92,37,4,0,0,1,0.02,0.18285,796.893
3841,400,37,37,93,39,6,0,0,1,0.02,0.17073,783.504
3842,400,39,39,100,35,10,0,0,1,0.02,0.20327,817.057
3843,88,10,10,30,8,2,1,1,0,0.02,0.25557,133.774
3844,400,34,34,85,34,9,0,0,1,0.02,0.17499,794.901
3845,268,32,32,72,23,2,1,1,0,0.02,0.17736,536.69
3846,400,41,41,101,37,11,0,0,1,0.02,0.19702,801.643
3847,158,18,18,49,14,4,1,1,0,0.02,0.21311,294.01
3848,400,40,40,88,36,6,0,0,1,0.02,0.19083,804.446
3849,400,38,38,76,36,6,0,0,1,0.02,0.18184,809.295
3850,400,41,41,102,36,8,0,0,1,0.02,0.19997,826.022
3851,400,40,40,106,35,9,0,0,1,0.02,0.19697,816.742
3852,330,36,36,87,29,4,1,1,0,0.02,0.21777,666.746
3853,400,36,36,101,37,9,0,0,1,0.02,0.19111,798.231
3854,17,2,2,6,2,0,1,1,0,0.02,0.23995,18.406
3855,400,39,39,98,37,7,0,0,1,0.02,0.20315,800.047
3856,5,0,0,3,1,1,1,1,0,0.02,0.38326,-25.511
3857,272,24,24,71,25,4,1,1,0,0.02,0.18805,528.666
3858,259,24,24,66,24,4,1,1,0,0.02,0.2197,488.061
3859,60,5,5,20,6,3,1,1,0,0.02,0.20434,101.938
3860,285,27,27,67,26,5,1,1,0,0.02,0.17499,543.494
3861,287,34,34,79,25,10,1,1,0,0.02,0.1829,590.079
3862,400,41,41,90,35,12,0,0,1,0.02,0.18476,791.734
3863,89,9,9,31,9,2,1,1,0,0.02,0.30421,162.614
3864,400,30,30,84,36,8,0,0,1,0.02,0.17593,790.48
3865,6,0,0,3,1,1,1,1,0,0.02,0.1801,-7.773
3866,400,32,32,98,39,3,0,0,1,0.02,0.19001,787.12
3867,6,0,0,3,1,1,1,1,0,0.02,0.3018,-7.787
3868,167,17,17,43,15,5,1,1,0,0.02,0.21983,301.809
3869,155,12,12,39,15,6,1,1,0,0.02,0.25634,267.421
3870,47,1,1,13,5,1,1,1,0,0.02,0.42443,33.714
3871,17,1,1,8,2,1,1,1,0,0.02,0.17734,16.979
3872,73,8,8,20,6,4,1,1,0,0.02,0.20863,118.949
3873,6,0,0,2,1,0,1,1,0,0.02,0.14912,-7.006
3874,113,11,11,23,10,5,1,1,0,0.02,0.18849,211.784
3875,400,42,42,98,36,8,0,0,1,0.02,0.18447,801.868
3876,400,39,39,98,35,6,0,0,1,0.02,0.21227,783.751
3877,400,41,41,98,37,3,0,0,1,0.02,0.19503,799.211
3878,400,36,36,104,34,8,0,0,1,0.02,0.20535,827.051
3879,85,9,9,24,8,2,1,1,0,0.02,0.30578,122.393
3880,323,32,32,78,27,8,1,1,0,0.02,0.17876,627.046
3881,400,38,38,108,35,12,0,0,1,0.02,0.22709,803.085
3882,39,2,2,11,4,2,1,1,0,0.02,0.58181,24.289
3883,105,9,9,31,10,2,1,1,0,0.02,0.19338,195.146
3884,16,2,2,5,2,2,1,1,0,0.02,1.08857,-31.629
3885,400,36,36,91,36,7,0,0,1,0.02,0.20056,778.868
3886,400,34,34,91,35,7,0,0,1,0.02,0.2162,773.236
3887,400,37,37,86,36,4,0,0,1,0.02,0.18264,809.218
3888,98,7,7,27,11,0,1,1,0,0.02,0.2743,154.37
3889,240,20,20,57,23,2,1,1,0,0.02,0.16449,446.981
3890,400,36,36,86,36,10,0,0,1,0.02,0.17116,768.082
3891,400,36,36,97,37,13,0,0,1,0.02,0.1849,800.441
3892,400,43,43,109,35,2,0,0,1,0.02,0.17725,830.793
3893,150,17,17,39,13,4,1,1,0,0.02,0.24045,294.982
3894,313,32,32,75,29,7,1,1,0,0.02,0.17605,603.15
3895,182,16,16,46,18,5,1,1,0,0.02,0.22743,302.109
3896,6,0,0,3,1,1,1,1,0,0.02,0.25056,-7.61
3897,395,37,37,92,36,8,1,1,0,0.02,0.16775,775.127
3898,306,38,38,80,25,4,1,1,0,0.02,0.21746,634.845
3899,37,2,2,8,4,1,1,1,0,0.02,0.20269,50.776
3900,55,4,4,19,6,3,1,1,0,0.02,0.3458,92.598
3901,64,9,9,20,5,2,1,1,0,0.02,0.16857,122.547
3902,400,36,36,94,34,10,0,0,1,0.02,0.17315,799.658
3903,400,36,36,80,35,6,0,0,1,0.02,0.15958,784.991
3904,6,0,0,2,1,0,1,1,0,0.02,0.28971,-7.917
3905,400,37,37,90,36,9,0,0,1,0.02,0.18516,792.528
3906,88,13,13,28,7,5,1,1,0,0.02,0.35148,130.345
3907,155,18,18,48,14,4,1,1,0,0.02,0.22564,308.893
3908,171,18,18,48,16,3,1,1,0,0.02,0.18552,324.526
3909,334,43,43,83,29,10,1,1,0,0.02,0.2056,678.199
3910,35,6,6,12,3,2,1,1,0,0.02,0.43752,60.248
3911,400,37,37,93,37,7,0,0,1,0.02,0.20395,799.325
3912,117,15,15,31,11,1,1,1,0,0.02,0.25361,209.967
3913,296,27,27,68,26,2,1,1,0,0.02,0.21586,548.246
3914,50,6,6,17,5,2,1,1,0,0.02,0.48893,84.938
3915,400,42,42,92,36,1,0,0,1,0.02,0.18114,831.727
3916,18,2,2,9,2,2,1,1,0,0.02,0.41634,2.944
3917,400,38,38,87,36,3,0,0,1,0.02,0.19393,790.354
3918,187,16,16,41,17,5,1,1,0,0.02,0.20383,356.351
3919,400,40,40,97,36,6,0,0,1,0.02,0.19477,829.577
3920,400,40,40,99,37,5,0,0,1,0.02,0.18619,821.245
3921,400,37,37,100,35,5,0,0,1,0.02,0.19857,810.475
3922,20,0,0,8,3,0,1,1,0,0.02,0.64881,4.721
3923,306,23,23,67,29,6,1,1,0,0.02,0.26102,527.396
3924,327,35,35,81,28,4,1,1,0,0.02,0.19875,667.297
3925,201,22,22,63,18,2,1,1,0,0.02,0.26362,388.74
3926,111,9,9,26,10,2,1,1,0,0.02,0.1854,204.051
3927,148,16,16,43,13,3,1,1,0,0.02,0.21245,293.622
3928,75,3,3,19,8,2,1,1,0,0.02,0.19214,122.703
3929,400,31,31,80,39,4,0,0,1,0.02,0.22193,751.761
3930,13,0,0,4,2,0,1,1,0,0.02,0.33404,5.327
3931,79,8,8,23,7,2,1,1,0,0.02,0.2071,145.538
3932,400,36,36,103,36,4,0,0,1,0.02,0.18448,818.823
3933,89,9,9,26,9,2,1,1,0,0.02,0.22537,136.234
3934,13,0,0,3,2,1,1,1,0,0.02,0.29989,5.302
3935,147,15,15,39,14,3,1,1,0,0.02,0.20683,275.365
3936,225,21,21,56,21,3,1,1,0,0.02,0.20023,435.224
3937,400,40,40,89,36,7,0,0,1,0.02,0.21477,795.965
3938,400,34,34,87,37,7,0,0,1,0.02,0.18316,780.013
3939,298,35,35,83,26,6,1,1,0,0.02,0.22886,560.833
3940,197,20,20,50,18,5,1,1,0,0.02,0.18799,379.209
3941,332,36,36,91,29,11,1,1,0,0.02,0.18619,671.803
3942,400,38,38,95,38,5,0,0,1,0.02,0.2102,790.249
3943,188,18,18,54,17,5,1,1,0,0.02,0.18045,345.644
3944,400,34,34,99,39,4,0,0,1,0.02,0.19177,776.802
3945,75,7,7,22,7,3,1,1,0,0.02,0.19231,130.642
3946,400,43,43,106,36,8,0,0,1,0.02,0.21938,815.463
3947,268,25,25,72,25,4,1,1,0,0.02,0.15913,531.997
3948,157,19,19,49,14,3,1,1,0,0.02,0.18709,313.634
3949,400,33,33,85,36,3,0,0,1,0.02,0.18257,794.831
3950,235,24,24,69,20,4,1,1,0,0.02,0.19803,460.185
3951,46,5,5,15,5,1,1,1,0,0.02,0.24937,72.957
3952,213,20,20,53,20,3,1,1,0,0.02,0.16934,420.559
3953,400,40,40,101,36,7,0,0,1,0.02,0.17738,820.81
3954,400,38,38,91,37,6,0,0,1,0.02,0.24522,789.194
3955,388,37,37,96,36,8,1,1,0,0.02,0.19565,772.976
3956,6,0,0,2,1,1,1,1,0,0.02,0.26508,-7.925
3957,400,37,37,96,38,4,0,0,1,0.02,0.2024,803.415
3958,133,14,14,32,12,3,1,1,0,0.02,0.20365,257.01
3959,36,2,2,16,4,2,1,1,0,0.02,0.44007,23.401
3960,17,3,3,7,2,1,1,1,0,0.02,1.08209,-13.427
3961,400,37,37,93,36,10,0,0,1,0.02,0.21252,796.028
3962,370,40,40,91,32,4,1,1,0,0.02,0.20062,706.314
3963,139,8,8,35,14,1,1,1,0,0.02,0.17473,244.041
3964,78,8,8,19,7,1,1,1,0,0.02,0.27983,99.119
3965,400,45,45,103,35,6,0,0,1,0.02,0.21702,822.436
3966,400,31,31,90,37,8,0,0,1,0.02,0.19835,772.456
3967,400,36,36,98,36,8,0,0,1,0.02,0.18478,789.012
3968,400,42,42,99,35,8,0,0,1,0.02,0.17537,824.057
3969,72,11,11,24,6,1,1,1,0,0.02,0.21872,140.884
3970,263,20,20,66,25,8,1,1,0,0.02,0.26949,492.466
3971,68,7,7,17,6,2,1,1,0,0.02,0.32123,87.23
3972,135,12,12,35,12,3,1,1,0,0.02,0.17945,261.11
3973,400,35,35,95,37,6,0,0,1,0.02,0.19442,793.29
3974,124,15,15,41,11,3,1,1,0,0.02,0.19242,243.162
3975,400,38,38,91,35,5,0,0,1,0.02,0.20361,800.836
3976,400,43,43,107,38,9,0,0,1,0.02,0.20438,813.061
3977,400,44,44,94,35,9,0,0,1,0.02,0.22002,826.186
3978,359,36,36,89,33,9,1,1,0,0.02,0.19371,698.727
3979,400,40,40,92,36,5,0,0,1,0.02,0.19187,813.969
3980,73,4,4,17,8,3,1,1,0,0.02,0.36047,71.862
3981,400,37,37,96,37,5,0,0,1,0.02,0.17865,802.083
3982,17,1,1,4,2,3,1,1,0,0.02,1.07863,-23.446
3983,138,11,11,27,13,3,1,1,0,0.02,0.18854,247.313
3984,326,26,26,78,29,6,1,1,0,0.02,0.18163,629.531
3985,400,42,42,101,34,10,0,0,1,0.02,0.19496,810.17
3986,189,21,21,50,17,3,1,1,0,0.02,0.19942,354.555
3987,400,44,44,98,36,7,0,0,1,0.02,0.23059,807.197
3988,124,12,12,38,11,2,1,1,0,0.02,0.18654,248.66
3989,369,33,33,82,34,4,1,1,0,0.02,0.19012,717.623
3990,400,47,47,108,35,8,0,0,1,0.02,0.20124,837.387
3991,5,0,0,1,1,1,1,1,0,0.02,0.41391,-7.117
3992,185,18,18,49,17,2,1,1,0,0.02,0.17849,373.171
3993,17,2,2,8,2,1,1,1,0,0.02,0.47459,1.461
3994,123,10,10,35,12,1,1,1,0,0.02,0.1964,224.836
3995,264,28,28,69,24,3,1,1,0,0.02,0.22238,524.086
3996,400,35,35,87,37,10,0,0,1,0.02,0.17013,801.7
3997,101,8,8,27,10,1,1,1,0,0.02,0.3636,184.082
3998,166,16,16,48,15,2,1,1,0,0.02,0.20878,308.481
3999,400,37,37,105,36,11,0,0,1,0.02,0.2071,817.42
4000,36,3,3,13,4,1,1,1,0,0.02,0.53239,56.145
