round,steps,score,coins,crates,bombs,invalid,killed_self,got_killed,survived,epsilon,mean_abs_td,total_reward
1,21,0,0,10,3,3,1,1,0,0.25,0.3859,41.303
2,6,0,0,1,1,1,1,1,0,0.2499,0.38641,5.51
3,27,0,0,10,4,3,1,1,0,0.2499,0.5,59.077
4,31,1,1,7,3,3,1,1,0,0.2498,0.21097,85.217
5,21,0,0,7,3,1,1,1,0,0.2497,0.47577,14.368
6,86,0,0,24,11,8,1,1,0,0.2497,0.34782,247.714
7,133,0,0,22,17,10,1,1,0,0.2496,0.34913,372.726
8,25,1,1,7,3,4,1,1,0,0.2496,0.48606,38.936
9,21,0,0,7,3,3,1,1,0,0.2495,0.1871,49.48
10,7,0,0,2,1,0,1,1,0,0.2494,0.2247,8.56
11,6,0,0,2,1,1,1,1,0,0.2494,0.16307,5.58
12,77,0,0,25,10,9,1,1,0,0.2493,0.50445,216.332
13,6,0,0,3,1,1,1,1,0,0.2492,0.24023,6.084
14,52,1,1,10,6,5,1,1,0,0.2492,0.49544,145.498
15,114,0,0,20,15,12,1,1,0,0.2491,0.43586,318.299
16,21,0,0,6,2,2,1,1,0,0.2491,0.20154,48.244
17,23,0,0,10,3,7,1,1,0,0.249,0.37599,53.313
18,15,0,0,4,2,2,1,1,0,0.2489,0.47034,31.253
19,25,1,1,9,3,6,1,1,0,0.2489,0.2597,65.562
20,6,0,0,3,1,0,1,1,0,0.2488,0.17243,6.092
21,13,0,0,5,2,2,1,1,0,0.2487,0.24135,27.784
22,116,1,1,22,14,10,1,1,0,0.2487,0.2876,337.601
23,28,0,0,10,4,4,1,1,0,0.2486,0.40334,41.974
24,14,0,0,3,2,2,1,1,0,0.2486,0.90397,27.754
25,9,0,0,1,1,1,1,1,0,0.2485,0.23105,12.753
26,14,0,0,4,2,1,1,1,0,0.2484,0.20114,28.787
27,13,0,0,6,2,1,1,1,0,0.2484,1.32757,15.117
28,25,0,0,10,3,5,1,1,0,0.2483,0.29621,58.837
29,98,2,2,34,12,9,1,1,0,0.2482,0.36788,247.836
30,65,0,0,19,9,14,1,1,0,0.2482,0.46697,138.28
31,7,0,0,1,1,0,1,1,0,0.2481,0.18367,8.356
32,126,2,2,38,16,13,1,1,0,0.2481,0.30152,360.978
33,22,0,0,8,3,5,1,1,0,0.248,0.28155,38.077
34,6,0,0,3,1,1,1,1,0,0.2479,0.27162,5.501
35,7,0,0,1,1,1,1,1,0,0.2479,0.25472,8.201
36,29,0,0,9,4,4,1,1,0,0.2478,0.42012,59.841
37,25,1,1,9,3,6,1,1,0,0.2477,0.69427,41.516
38,6,0,0,3,1,1,1,1,0,0.2477,0.1853,5.347
39,73,2,2,17,8,8,1,1,0,0.2476,0.3447,177.394
40,44,0,0,10,6,3,1,1,0,0.2476,0.24109,99.16
41,15,0,0,5,2,1,1,1,0,0.2475,0.21356,31.314
42,31,0,0,10,4,6,1,1,0,0.2474,0.36046,77.43
43,23,0,0,7,3,4,1,1,0,0.2474,0.4195,26.475
44,50,0,0,17,7,7,1,1,0,0.2473,0.25719,119.932
45,20,0,0,8,3,4,1,1,0,0.2472,0.54009,18.842
46,47,0,0,14,6,5,1,1,0,0.2472,0.35638,119.445
47,38,1,1,11,4,4,1,1,0,0.2471,0.28659,102.518
48,15,0,0,4,2,5,1,1,0,0.2471,1.24011,15.349
49,6,0,0,1,1,2,1,1,0,0.247,0.23386,4.083
50,23,0,0,5,3,5,1,1,0,0.2469,0.20139,49.502
51,25,0,0,9,3,5,1,1,0,0.2469,0.3011,45.323
52,189,4,4,35,21,18,1,1,0,0.2468,0.39203,548.438
53,8,0,0,2,1,1,1,1,0,0.2467,0.73918,-39.606
54,15,0,0,6,2,0,1,1,0,0.2467,0.1716,31.824
55,5,0,0,3,1,0,1,1,0,0.2466,0.31363,-50.349
56,16,0,0,4,2,4,1,1,0,0.2466,0.23923,31.777
57,6,0,0,3,1,1,1,1,0,0.2465,0.22125,4.877
58,5,0,0,2,1,1,1,1,0,0.2464,1.11832,-47.972
59,5,0,0,4,1,0,1,1,0,0.2464,0.30603,-49.88
60,5,0,0,4,1,1,1,1,0,0.2463,0.11473,-50.215
61,15,0,0,7,2,1,1,1,0,0.2462,0.20024,18.733
62,21,0,0,9,3,3,1,1,0,0.2462,0.21153,48.994
63,98,2,2,23,8,14,1,1,0,0.2461,0.35165,279.118
64,30,0,0,8,4,5,1,1,0,0.2461,0.76821,46.075
65,24,0,0,6,3,6,1,1,0,0.246,0.53505,53.614
66,8,0,0,3,1,0,1,1,0,0.2459,0.07645,10.872
67,8,0,0,4,1,1,1,1,0,0.2459,0.41893,10.568
68,15,0,0,5,2,1,1,1,0,0.2458,1.02459,6.218
69,6,0,0,1,1,0,1,1,0,0.2457,1.37621,-34.436
70,15,0,0,5,2,2,1,1,0,0.2457,0.17405,29.263
71,32,0,0,9,4,5,1,1,0,0.2456,0.1952,77.15
72,25,0,0,7,3,3,1,1,0,0.2456,0.19727,55.594
73,7,0,0,1,1,2,1,1,0,0.2455,0.18205,6.878
74,68,3,3,22,8,7,1,1,0,0.2454,0.38587,154.659
75,18,1,1,3,2,2,1,1,0,0.2454,0.17691,44.609
76,79,2,2,13,7,13,1,1,0,0.2453,0.30689,212.915
77,50,2,2,12,5,4,1,1,0,0.2452,0.23917,138.627
78,60,2,2,15,7,7,1,1,0,0.2452,0.44637,168.904
79,7,0,0,6,1,0,1,1,0,0.2451,0.20145,-2.753
80,149,3,3,37,15,10,1,1,0,0.2451,0.36881,424.465
81,53,1,1,13,7,6,1,1,0,0.245,0.51384,118.448
82,51,2,2,13,5,10,1,1,0,0.2449,0.43327,123.185
83,14,0,0,4,2,3,1,1,0,0.2449,0.43417,27.778
84,46,1,1,13,5,7,1,1,0,0.2448,0.46877,97.064
85,22,0,0,10,3,2,1,1,0,0.2447,0.44611,51.079
86,6,0,0,3,1,1,1,1,0,0.2447,0.23722,4.668
87,26,1,1,9,3,2,1,1,0,0.2446,0.50602,59.726
88,22,0,0,6,3,3,1,1,0,0.2446,0.82865,21.765
89,23,0,0,9,3,3,1,1,0,0.2445,0.33655,52.135
90,24,0,0,7,3,3,1,1,0,0.2444,0.20277,54.368
91,24,1,1,8,3,2,1,1,0,0.2444,0.40872,35.625
92,9,0,0,3,1,1,1,1,0,0.2443,0.05911,12.256
93,24,0,0,4,3,3,1,1,0,0.2442,0.31143,63.09
94,24,0,0,8,3,6,1,1,0,0.2442,0.65383,28.334
95,46,0,0,11,6,6,1,1,0,0.2441,0.6378,103.4
96,23,0,0,8,3,4,1,1,0,0.2441,0.22021,53.169
97,23,0,0,5,3,3,1,1,0,0.244,0.81463,23.931
98,39,0,0,13,5,3,1,1,0,0.2439,0.25057,102.142
99,6,0,0,1,1,0,1,1,0,0.2439,0.21691,4.715
100,19,1,1,5,2,2,1,1,0,0.2438,0.30729,22.394
101,124,2,2,26,13,13,1,1,0,0.2437,0.44776,321.854
102,7,0,0,3,1,2,1,1,0,0.2437,0.20843,6.988
103,7,0,0,2,1,1,1,1,0,0.2436,0.45311,7.449
104,76,1,1,19,8,11,1,1,0,0.2436,0.58506,193.314
105,70,2,2,23,8,3,1,1,0,0.2435,0.30134,186.563
106,41,1,1,12,5,6,1,1,0,0.2434,0.2755,106.561
107,82,0,0,32,10,6,1,1,0,0.2434,0.36061,203.812
108,28,0,0,6,3,2,1,1,0,0.2433,0.25133,62.29
109,23,0,0,7,3,1,1,1,0,0.2432,0.2249,52.105
110,23,0,0,6,3,3,1,1,0,0.2432,0.77806,24.642
111,8,0,0,2,1,2,1,1,0,0.2431,0.18319,9.749
112,19,1,1,8,2,4,1,1,0,0.2431,0.69774,8.591
113,22,0,0,7,3,3,1,1,0,0.243,0.42413,48.612
114,7,0,0,3,1,3,1,1,0,0.2429,0.1555,6.133
115,6,0,0,2,1,1,1,1,0,0.2429,0.20024,3.544
116,14,0,0,3,2,1,1,1,0,0.2428,0.74582,14.98
117,13,0,0,3,2,2,1,1,0,0.2427,0.96898,-0.97
118,6,0,0,3,1,1,1,1,0,0.2427,0.10968,-48.286
119,7,0,0,3,1,1,1,1,0,0.2426,0.13001,6.826
120,26,1,1,9,3,2,1,1,0,0.2426,0.47239,73.861
121,30,0,0,9,4,4,1,1,0,0.2425,0.17785,71.586
122,5,0,0,4,1,0,1,1,0,0.2424,0.23002,-50.314
123,26,1,1,11,3,3,1,1,0,0.2424,0.44983,40.913
124,6,0,0,1,1,1,1,1,0,0.2423,0.19586,3.84
125,6,0,0,3,1,1,1,1,0,0.2422,0.14574,4.449
126,6,0,0,3,1,0,1,1,0,0.2422,0.10819,4.857
127,58,0,0,15,7,5,1,1,0,0.2421,0.21548,149.699
128,49,0,0,13,6,3,1,1,0,0.2421,0.37381,121.657
129,35,0,0,12,5,6,1,1,0,0.242,0.15135,71.017
130,40,0,0,10,5,9,1,1,0,0.2419,0.38112,82.899
131,17,0,0,5,2,3,1,1,0,0.2419,0.13093,33.499
132,29,1,1,5,3,3,1,1,0,0.2418,0.1226,71.635
133,114,2,2,25,10,7,1,1,0,0.2417,0.29189,275.803
134,6,0,0,2,1,1,1,1,0,0.2417,0.03436,4.445
135,9,0,0,3,1,0,1,1,0,0.2416,0.13885,12.514
136,30,0,0,10,4,3,1,1,0,0.2416,0.49899,47.31
137,7,0,0,3,1,0,1,1,0,0.2415,0.18208,7.688
138,23,0,0,6,3,8,1,1,0,0.2414,0.23196,46.764
139,6,0,0,2,1,1,1,1,0,0.2414,0.15925,4.53
140,6,0,0,3,1,2,1,1,0,0.2413,0.07379,4.3
141,29,0,0,4,4,4,1,1,0,0.2412,0.35663,39.394
142,37,2,2,11,4,4,1,1,0,0.2412,0.51506,84.608
143,21,0,0,5,3,4,1,1,0,0.2411,0.77302,5.734
144,61,1,1,17,7,6,1,1,0,0.2411,0.30519,163.032
145,32,0,0,12,4,2,1,1,0,0.241,0.26945,78.036
146,22,0,0,6,3,1,1,1,0,0.2409,0.37864,36.949
147,59,0,0,9,6,3,1,1,0,0.2409,0.33064,102.085
148,24,0,0,5,3,4,1,1,0,0.2408,0.54588,38.748
149,49,0,0,9,6,3,1,1,0,0.2407,0.56952,121.446
150,30,1,1,11,3,3,1,1,0,0.2407,0.5856,38.05
151,51,1,1,12,6,4,1,1,0,0.2406,0.25972,120.134
152,37,1,1,7,4,3,1,1,0,0.2406,0.25799,89.66
153,15,0,0,4,2,2,1,1,0,0.2405,0.16988,28.789
154,15,0,0,2,2,3,1,1,0,0.2404,1.1035,-10.282
155,60,0,0,8,6,12,1,1,0,0.2404,0.29125,124.792
156,143,0,0,35,17,18,1,1,0,0.2403,0.37606,330.96
157,34,1,1,6,4,5,1,1,0,0.2402,0.23969,87.369
158,32,0,0,14,4,3,1,1,0,0.2402,0.46837,79.301
159,38,1,1,9,5,3,1,1,0,0.2401,0.25678,87.624
160,17,1,1,5,2,3,1,1,0,0.2401,0.13649,40.378
161,5,0,0,2,1,0,1,1,0,0.24,0.93757,-48.168
162,26,1,1,7,3,5,1,1,0,0.2399,0.13357,51.446
163,29,0,0,9,4,4,1,1,0,0.2399,0.65157,36.568
164,15,1,1,5,2,3,1,1,0,0.2398,0.50626,19.913
165,6,0,0,3,1,2,1,1,0,0.2397,0.08011,3.986
166,160,7,7,41,14,18,1,1,0,0.2397,0.2621,492.831
167,15,0,0,6,2,4,1,1,0,0.2396,0.16726,27.823
168,32,0,0,10,4,5,1,1,0,0.2396,0.25079,76.602
169,23,0,0,6,3,4,1,1,0,0.2395,0.45197,22.416
170,44,0,0,13,5,7,1,1,0,0.2394,0.35972,68.57
171,6,0,0,3,1,1,1,1,0,0.2394,0.26284,3.533
172,7,0,0,3,1,2,1,1,0,0.2393,0.19152,6.108
173,30,0,0,9,4,4,1,1,0,0.2392,0.25872,70.261
174,26,0,0,8,3,5,1,1,0,0.2392,0.19182,57.787
175,14,0,0,3,2,1,1,1,0,0.2391,0.8687,31.016
176,36,1,1,13,4,8,1,1,0,0.2391,0.4843,70.195
177,22,0,0,7,3,0,1,1,0,0.239,0.24889,48.791
178,78,2,2,23,8,9,1,1,0,0.2389,0.15388,214.559
179,7,0,0,2,1,1,1,1,0,0.2389,0.10052,6.381
180,196,3,3,51,22,28,1,1,0,0.2388,0.36479,540.073
181,38,1,1,7,4,8,1,1,0,0.2387,0.21503,87.933
182,9,0,0,2,1,2,1,1,0,0.2387,0.15456,11.514
183,6,0,0,3,1,1,1,1,0,0.2386,0.20509,4.463
184,76,2,2,18,10,8,1,1,0,0.2386,0.44042,187.65
185,32,1,1,9,4,3,1,1,0,0.2385,0.28473,81.872
186,39,0,0,13,5,2,1,1,0,0.2384,0.49527,94.677
187,14,0,0,5,2,0,1,1,0,0.2384,0.16871,26.59
188,36,0,0,11,5,3,1,1,0,0.2383,0.23241,87.727
189,6,0,0,3,1,1,1,1,0,0.2382,0.13266,4.518
190,6,0,0,2,1,0,1,1,0,0.2382,1.97977,-20.969
191,75,2,2,22,8,7,1,1,0,0.2381,0.19814,196.974
192,15,0,0,3,2,3,1,1,0,0.2381,0.20595,27.526
193,14,0,0,4,2,1,1,1,0,0.238,0.25288,26.295
194,28,0,0,7,3,5,1,1,0,0.2379,0.20979,60.614
195,8,0,0,2,1,1,1,1,0,0.2379,0.13696,8.411
196,16,0,0,7,2,4,1,1,0,0.2378,0.18268,31.313
197,5,0,0,4,1,0,1,1,0,0.2377,0.39629,-50.145
198,114,0,0,27,12,6,1,1,0,0.2377,0.25462,293.318
199,17,0,0,5,2,1,1,1,0,0.2376,0.35702,33.854
200,26,1,1,8,3,5,1,1,0,0.2376,0.26505,63.315
201,6,0,0,3,1,2,1,1,0,0.2375,1.92569,-9.108
202,14,0,0,5,2,2,1,1,0,0.2374,0.22309,24.756
203,28,0,0,5,3,5,1,1,0,0.2374,0.59024,60.767
204,19,1,1,9,2,2,1,1,0,0.2373,0.83227,21.181
205,40,0,0,15,5,4,1,1,0,0.2372,0.24241,95.569
206,6,0,0,2,1,2,1,1,0,0.2372,0.2262,-9.378
207,6,0,0,3,1,1,1,1,0,0.2371,0.1717,4.253
208,31,0,0,10,4,3,1,1,0,0.2371,0.16544,71.336
209,6,0,0,2,1,1,1,1,0,0.237,0.09718,4.299
210,45,3,3,17,5,2,1,1,0,0.2369,0.1824,116.061
211,49,2,2,12,5,5,1,1,0,0.2369,0.23454,108.669
212,7,0,0,3,1,0,1,1,0,0.2368,0.2235,6.685
213,24,1,1,9,3,1,1,1,0,0.2367,0.36962,58.515
214,6,0,0,2,1,1,1,1,0,0.2367,0.19891,3.955
215,37,0,0,10,4,4,1,1,0,0.2366,0.61756,86.517
216,17,1,1,7,2,1,1,1,0,0.2366,0.21862,27.924
217,32,1,1,10,4,6,1,1,0,0.2365,0.219,79.949
218,22,0,0,8,3,5,1,1,0,0.2364,0.34401,44.413
219,7,0,0,2,1,1,1,1,0,0.2364,0.10086,-6.479
220,5,0,0,3,1,2,1,1,0,0.2363,0.25004,-51.594
221,77,1,1,23,9,2,1,1,0,0.2362,0.19013,211.517
222,8,0,0,1,1,1,1,1,0,0.2362,0.17112,8.257
223,8,0,0,2,1,1,1,1,0,0.2361,0.15639,8.786
224,23,0,0,9,3,4,1,1,0,0.2361,0.14622,37.469
225,8,0,0,1,1,1,1,1,0,0.236,0.11764,8.346
226,107,3,3,35,12,11,1,1,0,0.2359,0.37111,267.782
227,16,0,0,5,2,5,1,1,0,0.2359,0.27237,17.349
228,15,0,0,6,2,1,1,1,0,0.2358,0.29875,28.772
229,6,0,0,2,1,1,1,1,0,0.2358,0.21778,3.986
230,22,0,0,8,3,3,1,1,0,0.2357,0.17198,34.771
231,29,0,0,11,4,7,1,1,0,0.2356,0.2094,50.609
232,25,1,1,8,3,5,1,1,0,0.2356,0.19049,58.116
233,6,0,0,3,1,2,1,1,0,0.2355,0.40195,4.141
234,65,2,2,17,8,5,1,1,0,0.2354,0.23135,179.659
235,23,0,0,6,3,5,1,1,0,0.2354,0.75262,11.832
236,38,1,1,12,5,5,1,1,0,0.2353,0.63269,95.803
237,56,0,0,18,7,7,1,1,0,0.2353,0.1884,137.374
238,19,2,2,4,2,4,1,1,0,0.2352,0.19861,33.449
239,6,0,0,2,1,2,1,1,0,0.2351,0.39141,4.321
240,23,1,1,10,3,4,1,1,0,0.2351,0.17595,41.29
241,5,0,0,4,1,2,1,1,0,0.235,0.29268,-51.397
242,24,0,0,8,3,1,1,1,0,0.2349,0.19917,40.118
243,72,1,1,15,7,9,1,1,0,0.2349,0.2941,172.239
244,23,0,0,11,3,3,1,1,0,0.2348,0.54639,49.762
245,122,1,1,40,15,12,1,1,0,0.2348,0.31242,316.547
246,7,0,0,1,1,1,1,1,0,0.2347,0.11401,6.701
247,91,1,1,29,10,10,1,1,0,0.2346,0.25627,230.62
248,22,0,0,8,3,3,1,1,0,0.2346,0.73711,24.968
249,35,0,0,13,4,5,1,1,0,0.2345,0.34484,92.322
250,100,1,1,23,11,10,1,1,0,0.2344,0.31476,256.177
251,22,0,0,7,3,4,1,1,0,0.2344,0.69915,24.71
252,21,0,0,7,3,4,1,1,0,0.2343,0.83579,20.124
253,21,0,0,7,3,1,1,1,0,0.2343,0.12707,31.572
254,16,0,0,5,2,5,1,1,0,0.2342,1.15962,15.495
255,18,1,1,5,2,2,1,1,0,0.2341,0.72387,2.448
256,13,0,0,5,2,4,1,1,0,0.2341,0.24092,23.917
257,13,0,0,5,2,2,1,1,0,0.234,1.06862,-1.596
258,6,0,0,2,1,1,1,1,0,0.2339,1.35886,-35.407
259,22,0,0,5,3,2,1,1,0,0.2339,0.24132,47.851
260,15,0,0,5,2,1,1,1,0,0.2338,0.11716,29.718
261,15,1,1,7,2,1,1,1,0,0.2338,0.16695,34.353
262,36,1,1,7,4,4,1,1,0,0.2337,0.61596,72.678
263,50,1,1,19,6,7,1,1,0,0.2336,0.22968,128.816
264,17,2,2,7,2,1,1,1,0,0.2336,0.42163,43.168
265,14,0,0,4,2,5,1,1,0,0.2335,0.7391,-14.998
266,13,0,0,5,2,1,1,1,0,0.2334,0.45638,11.941
267,7,0,0,3,1,0,1,1,0,0.2334,0.31761,7.01
268,15,0,0,7,2,4,1,1,0,0.2333,0.20935,27.932
269,13,0,0,5,2,0,1,1,0,0.2333,0.67496,12.01
270,14,0,0,4,2,4,1,1,0,0.2332,1.02565,-0.536
271,13,0,0,3,2,2,1,1,0,0.2331,0.92651,-15.528
272,14,0,0,3,2,3,1,1,0,0.2331,0.5782,-13.531
273,6,0,0,1,1,2,1,1,0,0.233,0.54733,3.366
274,54,1,1,17,6,8,1,1,0,0.2329,0.30271,142.138
275,22,0,0,7,3,3,1,1,0,0.2329,0.16815,46.452
276,215,3,3,36,20,17,1,1,0,0.2328,0.32247,584.275
277,75,1,1,29,10,12,1,1,0,0.2328,0.31876,195.428
278,41,1,1,9,5,6,1,1,0,0.2327,0.55064,76.323
279,37,1,1,10,4,5,1,1,0,0.2326,0.20871,80.716
280,5,0,0,3,1,0,1,1,0,0.2326,0.2166,-51.309
281,6,0,0,3,1,1,1,1,0,0.2325,0.09798,4.529
282,6,0,0,3,1,3,1,1,0,0.2324,0.34699,3.418
283,14,0,0,4,2,1,1,1,0,0.2324,0.22646,13.754
284,24,1,1,10,3,3,1,1,0,0.2323,0.65892,34.73
285,22,0,0,6,3,2,1,1,0,0.2323,0.21333,36.051
286,172,1,1,44,18,23,1,1,0,0.2322,0.27621,443.363
287,5,0,0,3,1,0,1,1,0,0.2321,1.08921,-48.713
288,35,1,1,13,4,5,1,1,0,0.2321,0.33101,76.184
289,18,1,1,3,2,1,1,1,0,0.232,0.46655,15.384
290,13,0,0,5,2,1,1,1,0,0.2319,0.11424,10.408
291,13,0,0,8,2,2,1,1,0,0.2319,0.86224,-2.56
292,13,0,0,3,2,1,1,1,0,0.2318,0.23654,24.205
293,37,0,0,7,5,7,1,1,0,0.2318,0.32068,85.604
294,14,0,0,5,2,1,1,1,0,0.2317,0.21822,27.597
295,20,0,0,7,3,4,1,1,0,0.2316,0.69571,15.826
296,13,0,0,5,2,1,1,1,0,0.2316,0.93108,-14.67
297,86,1,1,22,10,16,1,1,0,0.2315,0.19384,218.471
298,6,0,0,3,1,1,1,1,0,0.2314,0.10317,4.152
299,21,0,0,5,3,1,1,1,0,0.2314,0.52278,4.109
300,13,0,0,3,2,1,1,1,0,0.2313,0.13341,22.341
301,21,0,0,6,3,4,1,1,0,0.2313,0.25276,31.704
302,46,2,2,14,5,4,1,1,0,0.2312,0.38872,96.647
303,7,0,0,3,1,0,1,1,0,0.2311,0.20861,6.519
304,20,0,0,7,3,1,1,1,0,0.2311,0.16161,29.414
305,13,0,0,7,2,2,1,1,0,0.231,0.21924,24.021
306,48,1,1,18,6,4,1,1,0,0.2309,0.34086,112.04
307,6,0,0,1,1,0,1,1,0,0.2309,1.1636,-35.006
308,251,4,4,84,30,26,1,1,0,0.2308,0.27831,677.197
309,35,0,0,7,4,7,1,1,0,0.2308,0.3706,48.755
310,29,1,1,7,3,3,1,1,0,0.2307,0.22245,74.456
311,18,1,1,8,2,3,1,1,0,0.2306,0.82941,4.36
312,22,0,0,5,3,1,1,1,0,0.2306,0.16304,45.902
313,39,0,0,13,5,4,1,1,0,0.2305,0.39064,71.305
314,5,0,0,3,1,2,1,1,0,0.2304,1.00813,-48.473
315,44,0,0,14,6,7,1,1,0,0.2304,0.40747,109.053
316,6,0,0,1,1,2,1,1,0,0.2303,0.11882,3.534
317,40,0,0,11,5,6,1,1,0,0.2303,0.31883,102.751
318,13,0,0,4,2,3,1,1,0,0.2302,0.81491,-16.942
319,6,0,0,2,1,1,1,1,0,0.2301,0.46818,4.318
320,13,0,0,4,2,1,1,1,0,0.2301,0.23356,22.76
321,103,2,2,31,12,7,1,1,0,0.23,0.27218,285.786
322,22,1,1,2,2,4,1,1,0,0.2299,0.55481,27.689
323,37,0,0,12,5,4,1,1,0,0.2299,0.13651,74.82
324,13,0,0,5,2,1,1,1,0,0.2298,0.20331,22.934
325,6,0,0,2,1,1,1,1,0,0.2298,0.22864,4.01
326,50,1,1,14,6,6,1,1,0,0.2297,0.26189,112.533
327,18,1,1,4,2,1,1,1,0,0.2296,0.16756,42.473
328,15,0,0,3,2,1,1,1,0,0.2296,0.16139,28.167
329,43,1,1,15,5,6,1,1,0,0.2295,0.58842,72.179
330,6,0,0,2,1,1,1,1,0,0.2294,0.10811,3.783
331,31,0,0,8,4,2,1,1,0,0.2294,0.15474,72.395
332,45,0,0,8,6,6,1,1,0,0.2293,0.33104,108.267
333,15,0,0,4,2,1,1,1,0,0.2293,0.30501,28.055
334,14,0,0,5,2,3,1,1,0,0.2292,0.5382,12.253
335,22,0,0,8,3,2,1,1,0,0.2291,0.25255,47.266
336,16,0,0,5,2,6,1,1,0,0.2291,0.93863,1.655
337,13,0,0,5,2,1,1,1,0,0.229,0.45972,10.781
338,5,0,0,3,1,1,1,1,0,0.2289,0.55304,2.492
339,14,0,0,4,2,2,1,1,0,0.2289,1.10125,-0.548
340,13,0,0,3,2,2,1,1,0,0.2288,0.90535,-2.791
341,5,0,0,4,1,1,1,1,0,0.2288,0.36655,-50.942
342,40,0,0,10,5,8,1,1,0,0.2287,0.41557,79.046
343,23,0,0,8,3,1,1,1,0,0.2286,0.16609,50.725
344,30,0,0,13,4,5,1,1,0,0.2286,0.21687,53.737
345,24,0,0,6,3,4,1,1,0,0.2285,0.60284,13.442
346,28,0,0,7,4,1,1,1,0,0.2284,0.15735,64.709
347,5,0,0,2,1,1,1,1,0,0.2284,0.91906,-48.824
348,13,0,0,4,2,3,1,1,0,0.2283,0.6936,-18.702
349,14,0,0,3,2,1,1,1,0,0.2283,0.98178,-0.711
350,13,0,0,6,2,3,1,1,0,0.2282,0.9708,21.385
351,20,0,0,3,3,3,1,1,0,0.2281,0.18184,26.429
352,22,0,0,7,3,2,1,1,0,0.2281,0.10047,47.832
353,49,0,0,16,6,7,1,1,0,0.228,0.35782,116.9
354,42,2,2,13,5,2,1,1,0,0.2279,0.21341,115.477
355,6,0,0,2,1,1,1,1,0,0.2279,0.16558,3.456
356,5,0,0,2,1,2,1,1,0,0.2278,0.81258,-11.634
357,18,1,1,5,2,1,1,1,0,0.2278,0.1285,41.164
358,63,0,0,21,8,11,1,1,0,0.2277,0.26809,144.521
359,30,0,0,9,4,1,1,1,0,0.2276,0.14204,67.827
360,20,0,0,9,3,1,1,1,0,0.2276,0.74912,44.729
361,6,0,0,2,1,0,1,1,0,0.2275,0.10818,4.483
362,16,1,1,2,2,2,1,1,0,0.2274,0.93777,-1.979
363,5,0,0,2,1,1,1,1,0,0.2274,2.26988,-24.008
364,7,0,0,2,1,0,1,1,0,0.2273,0.14642,6.422
365,43,1,1,12,5,8,1,1,0,0.2273,0.28888,90.19
366,6,0,0,3,1,0,1,1,0,0.2272,0.1558,4.125
367,55,1,1,15,6,5,1,1,0,0.2271,0.37935,129.151
368,25,1,1,7,3,4,1,1,0,0.2271,0.644,36.521
369,7,0,0,3,1,0,1,1,0,0.227,0.1506,6.749
370,16,0,0,5,2,3,1,1,0,0.2269,0.36499,29.14
371,6,0,0,2,1,1,1,1,0,0.2269,0.07957,3.607
372,30,0,0,11,4,3,1,1,0,0.2268,0.86005,30.005
373,51,0,0,10,4,6,1,1,0,0.2268,0.48022,87.679
374,73,4,4,28,7,9,1,1,0,0.2267,0.35156,205.124
375,13,0,0,2,2,1,1,1,0,0.2266,0.79637,-16.151
376,8,0,0,3,1,4,1,1,0,0.2266,0.02481,7.152
377,9,0,0,1,1,2,1,1,0,0.2265,0.1544,10.475
378,75,3,3,26,8,8,1,1,0,0.2264,0.41018,176.841
379,33,1,1,8,4,3,1,1,0,0.2264,0.25836,57.703
380,6,0,0,3,1,2,1,1,0,0.2263,1.33714,3.333
381,15,0,0,4,2,4,1,1,0,0.2263,0.77468,-13.742
382,20,0,0,5,3,4,1,1,0,0.2262,0.52379,26.8
383,13,0,0,7,2,2,1,1,0,0.2261,0.37926,24.21
384,66,2,2,17,6,4,1,1,0,0.2261,0.25028,175.526
385,21,0,0,7,3,2,1,1,0,0.226,0.32852,31.949
386,17,1,1,5,2,0,1,1,0,0.2259,0.7654,27.41
387,75,2,2,15,8,7,1,1,0,0.2259,0.29325,198.358
388,23,0,0,6,3,2,1,1,0,0.2258,0.44941,19.39
389,35,1,1,10,4,5,1,1,0,0.2258,0.19777,82.876
390,20,0,0,5,3,1,1,1,0,0.2257,0.72323,1.984
391,63,3,3,19,6,4,1,1,0,0.2256,0.17904,177.791
392,6,0,0,3,1,1,1,1,0,0.2256,0.13607,3.582
393,6,0,0,3,1,1,1,1,0,0.2255,0.1595,3.789
394,54,1,1,20,7,3,1,1,0,0.2254,0.39827,114.599
395,100,3,3,33,11,8,1,1,0,0.2254,0.27407,258.535
396,5,0,0,4,1,0,1,1,0,0.2253,0.18521,-50.624
397,13,0,0,4,2,1,1,1,0,0.2253,0.4929,23.129
398,52,2,2,20,6,10,1,1,0,0.2252,0.43175,110.109
399,44,0,0,9,6,3,1,1,0,0.2251,0.29784,88.632
400,13,0,0,4,2,3,1,1,0,0.2251,0.84052,9.177
401,7,0,0,3,1,2,1,1,0,0.225,0.11515,5.413
402,13,0,0,5,2,1,1,1,0,0.2249,0.23744,22.866
403,6,0,0,2,1,2,1,1,0,0.2249,1.20096,-36.014
404,29,1,1,5,3,4,1,1,0,0.2248,0.65596,43.064
405,6,0,0,3,1,2,1,1,0,0.2248,0.23014,3.201
406,40,2,2,8,3,2,1,1,0,0.2247,0.13243,112.622
407,13,0,0,3,2,1,1,1,0,0.2246,0.26284,22.604
408,84,1,1,21,10,11,1,1,0,0.2246,0.319,223.828
409,91,3,3,23,9,13,1,1,0,0.2245,0.37251,212.923
410,93,3,3,24,10,9,1,1,0,0.2244,0.2514,248.97
411,43,0,0,14,6,6,1,1,0,0.2244,0.59003,91.327
412,32,0,0,12,4,3,1,1,0,0.2243,0.24328,72.659
413,26,1,1,7,3,3,1,1,0,0.2243,0.63574,35.355
414,147,3,3,42,16,18,1,1,0,0.2242,0.27806,405.412
415,13,0,0,5,2,3,1,1,0,0.2241,1.51955,-4.188
416,22,0,0,7,3,5,1,1,0,0.2241,0.2688,31.03
417,23,1,1,7,3,2,1,1,0,0.224,0.41722,53.158
418,6,0,0,2,1,2,1,1,0,0.2239,0.41094,3.291
419,46,1,1,12,5,3,1,1,0,0.2239,0.18367,103.702
420,31,0,0,10,4,6,1,1,0,0.2238,0.53768,32.812
421,5,0,0,4,1,1,1,1,0,0.2238,0.40952,-50.995
422,6,0,0,3,1,2,1,1,0,0.2237,0.34767,3.445
423,61,0,0,17,8,2,1,1,0,0.2236,0.1824,150.809
424,34,0,0,7,4,3,1,1,0,0.2236,0.17339,76.159
425,14,0,0,4,2,1,1,1,0,0.2235,0.21888,11.99
426,15,0,0,4,2,0,1,1,0,0.2234,0.13646,27.205
427,14,0,0,4,2,4,1,1,0,0.2234,0.79129,-15.293
428,13,0,0,2,2,3,1,1,0,0.2233,0.26682,21.002
429,20,0,0,4,3,1,1,1,0,0.2233,0.72161,4.089
430,38,1,1,10,4,7,1,1,0,0.2232,0.2217,90.205
431,54,2,2,14,6,4,1,1,0,0.2231,0.36184,109.885
432,23,0,0,9,3,5,1,1,0,0.2231,0.84281,19.757
433,29,2,2,8,3,3,1,1,0,0.223,0.60899,38.702
434,22,0,0,7,3,2,1,1,0,0.2229,0.41731,45.407
435,14,0,0,5,2,2,1,1,0,0.2229,0.6113,-14.405
436,57,1,1,15,7,3,1,1,0,0.2228,0.44851,150.089
437,42,0,0,13,6,4,1,1,0,0.2228,0.53767,63.622
438,13,0,0,5,2,2,1,1,0,0.2227,0.79627,-16.842
439,75,1,1,21,9,5,1,1,0,0.2226,0.18118,190.501
440,46,0,0,13,6,2,1,1,0,0.2226,0.16453,105.73
441,14,0,0,5,2,2,1,1,0,0.2225,0.25551,25.624
442,5,0,0,4,1,1,1,1,0,0.2224,0.29918,-51.189
443,81,1,1,24,8,9,1,1,0,0.2224,0.22461,202.288
444,20,0,0,5,3,1,1,1,0,0.2223,0.75804,14.532
445,13,0,0,3,2,0,1,1,0,0.2223,0.5948,-17.865
446,36,0,0,10,5,2,1,1,0,0.2222,0.48355,43.749
447,14,0,0,5,2,3,1,1,0,0.2221,0.70753,-15.891
448,14,0,0,4,2,5,1,1,0,0.2221,0.7354,-16.398
449,5,0,0,2,1,0,1,1,0,0.222,0.16143,-51.75
450,23,1,1,9,3,2,1,1,0,0.2219,0.24276,54.505
451,109,2,2,33,13,12,1,1,0,0.2219,0.32356,268.03
452,28,1,1,9,3,4,1,1,0,0.2218,0.46947,29.871
453,13,0,0,4,2,3,1,1,0,0.2218,0.74605,22.18
454,29,1,1,10,3,4,1,1,0,0.2217,0.15909,58.07
455,36,0,0,16,5,2,1,1,0,0.2216,0.2876,69.954
456,112,4,4,25,11,11,1,1,0,0.2216,0.2367,312.346
457,6,0,0,3,1,1,1,1,0,0.2215,0.11909,3.825
458,34,0,0,10,5,3,1,1,0,0.2214,0.29871,65.562
459,6,0,0,1,1,3,1,1,0,0.2214,1.40337,1.984
460,6,0,0,3,1,1,1,1,0,0.2213,0.24893,3.887
461,38,0,0,11,4,4,1,1,0,0.2213,0.5776,77.861
462,6,0,0,2,1,1,1,1,0,0.2212,0.07339,-9.314
463,57,0,0,15,7,7,1,1,0,0.2211,0.33952,136.142
464,13,0,0,2,2,1,1,1,0,0.2211,0.97305,-18.065
465,19,1,1,4,2,3,1,1,0,0.221,0.60515,15.31
466,32,0,0,8,4,2,1,1,0,0.2209,0.237,59.089
467,64,1,1,17,8,6,1,1,0,0.2209,0.22283,162.043
468,16,0,0,2,2,2,1,1,0,0.2208,0.40102,37.461
469,13,0,0,5,2,3,1,1,0,0.2208,0.60975,-18.82
470,36,0,0,10,5,4,1,1,0,0.2207,0.19648,77.886
471,5,0,0,4,1,1,1,1,0,0.2206,0.25732,-51.672
472,6,0,0,2,1,0,1,1,0,0.2206,0.22914,3.533
473,39,0,0,11,5,3,1,1,0,0.2205,0.28831,88.366
474,18,1,1,7,2,2,1,1,0,0.2204,0.37134,39.448
475,14,0,0,2,2,3,1,1,0,0.2204,0.51427,-17.108
476,13,0,0,6,2,1,1,1,0,0.2203,0.89951,22.019
477,5,0,0,3,1,2,1,1,0,0.2203,0.33415,-52.162
478,6,0,0,2,1,2,1,1,0,0.2202,1.12574,-35.352
479,13,0,0,3,2,1,1,1,0,0.2201,0.87807,-17.057
480,28,0,0,9,4,5,1,1,0,0.2201,0.561,59.568
481,33,0,0,10,4,3,1,1,0,0.22,0.19654,72.108
482,5,0,0,3,1,1,1,1,0,0.2199,1.01531,-38.179
483,6,0,0,2,1,1,1,1,0,0.2199,0.57581,-9.822
484,13,0,0,6,2,3,1,1,0,0.2198,0.14587,21.282
485,6,0,0,3,1,1,1,1,0,0.2198,0.47507,3.748
486,24,1,1,9,3,1,1,1,0,0.2197,0.34203,17.869
487,36,2,2,7,4,3,1,1,0,0.2196,0.22845,97.04
488,8,0,0,2,1,1,1,1,0,0.2196,0.13639,8.285
489,41,0,0,11,4,5,1,1,0,0.2195,0.33463,91.056
490,85,0,0,17,9,9,1,1,0,0.2194,0.23461,199.572
491,6,0,0,2,1,1,1,1,0,0.2194,0.09479,3.313
492,13,0,0,4,2,0,1,1,0,0.2193,0.33564,22.389
493,6,0,0,2,1,1,1,1,0,0.2193,0.0512,-9.284
494,15,0,0,3,2,3,1,1,0,0.2192,0.21465,12.848
495,49,1,1,14,5,0,1,1,0,0.2191,0.18661,123.113
496,87,3,3,19,9,9,1,1,0,0.2191,0.36409,229.79
497,28,2,2,12,3,1,1,1,0,0.219,0.2358,72.551
498,15,0,0,2,2,1,1,1,0,0.2189,0.30762,12.835
499,6,0,0,2,1,1,1,1,0,0.2189,0.20939,3.13
500,45,1,1,12,5,3,1,1,0,0.2188,0.21171,96.732
501,24,0,0,9,3,1,1,1,0,0.2188,0.22799,50.211
502,7,0,0,3,1,2,1,1,0,0.2187,0.17108,5.162
503,13,0,0,5,2,0,1,1,0,0.2186,0.69434,-16.251
504,7,0,0,3,1,0,1,1,0,0.2186,0.21112,-47.409
505,13,0,0,4,2,1,1,1,0,0.2185,0.49499,-17.595
506,21,0,0,9,3,2,1,1,0,0.2184,0.40278,30.002
507,27,0,0,7,3,3,1,1,0,0.2184,0.4609,54.0
508,32,1,1,7,4,4,1,1,0,0.2183,0.1238,63.615
509,59,1,1,11,7,5,1,1,0,0.2182,0.28404,148.248
510,39,0,0,15,5,10,1,1,0,0.2182,0.18038,88.011
511,21,0,0,6,3,1,1,1,0,0.2181,0.94145,5.942
512,54,1,1,15,7,0,1,1,0,0.2181,0.23872,123.629
513,23,0,0,8,3,3,1,1,0,0.218,0.20225,43.607
514,14,0,0,5,2,1,1,1,0,0.2179,0.20383,24.173
515,17,0,0,3,2,4,1,1,0,0.2179,0.88694,-7.777
516,8,0,0,3,1,2,1,1,0,0.2178,0.16981,6.653
517,7,0,0,3,1,0,1,1,0,0.2177,0.16625,6.291
518,6,0,0,3,1,1,1,1,0,0.2177,0.18578,3.434
519,29,0,0,11,4,1,1,1,0,0.2176,0.24827,64.427
520,20,0,0,11,3,5,1,1,0,0.2176,1.0259,27.403
521,6,0,0,2,1,2,1,1,0,0.2175,0.1052,2.845
522,6,0,0,2,1,1,1,1,0,0.2174,0.71,-9.297
523,13,0,0,4,2,1,1,1,0,0.2174,0.1809,8.529
524,5,0,0,3,1,0,1,1,0,0.2173,0.07064,-10.805
525,6,0,0,1,1,2,1,1,0,0.2172,0.30002,3.234
526,72,0,0,16,9,4,1,1,0,0.2172,0.22577,173.045
527,41,0,0,13,5,2,1,1,0,0.2171,0.36176,68.96
528,6,0,0,1,1,0,1,1,0,0.2171,0.09203,4.016
529,6,0,0,1,1,1,1,1,0,0.217,1.11866,-22.744
530,42,3,3,14,4,5,1,1,0,0.2169,0.51437,75.397
531,19,1,1,4,2,4,1,1,0,0.2169,0.25192,41.111
532,30,0,0,6,4,3,1,1,0,0.2168,0.19663,63.91
533,7,0,0,1,1,2,1,1,0,0.2167,0.23098,4.537
534,6,0,0,3,1,1,1,1,0,0.2167,0.18321,3.417
535,93,2,2,15,8,8,1,1,0,0.2166,0.17525,229.264
536,30,0,0,7,4,3,1,1,0,0.2166,0.27469,50.538
537,13,0,0,4,2,2,1,1,0,0.2165,0.62514,-18.327
538,48,1,1,13,5,3,1,1,0,0.2164,0.26698,120.785
539,16,1,1,5,2,3,1,1,0,0.2164,0.23331,33.649
540,18,2,2,7,2,2,1,1,0,0.2163,0.20823,43.301
541,29,1,1,5,3,3,1,1,0,0.2162,0.13753,56.493
542,13,0,0,4,2,1,1,1,0,0.2162,1.1129,-3.603
543,13,0,0,2,2,1,1,1,0,0.2161,1.05534,-3.864
544,5,0,0,3,1,2,1,1,0,0.2161,0.29383,-52.773
545,28,0,0,7,4,1,1,1,0,0.216,0.53928,22.074
546,20,1,1,4,2,2,1,1,0,0.2159,0.43728,22.543
547,21,0,0,4,3,3,1,1,0,0.2159,0.69159,14.362
548,13,0,0,4,2,4,1,1,0,0.2158,0.36878,8.405
549,120,2,2,27,12,7,1,1,0,0.2157,0.2345,308.983
550,23,0,0,5,3,5,1,1,0,0.2157,0.52862,30.449
551,13,0,0,3,2,0,1,1,0,0.2156,0.19497,9.345
552,7,0,0,1,1,2,1,1,0,0.2156,0.19589,4.771
553,26,1,1,9,3,3,1,1,0,0.2155,0.546,61.345
554,7,0,0,3,1,2,1,1,0,0.2154,0.13666,5.038
555,78,1,1,15,8,10,1,1,0,0.2154,0.30977,188.967
556,13,0,0,4,2,2,1,1,0,0.2153,0.44459,-17.504
557,9,0,0,2,1,1,1,1,0,0.2152,0.11608,10.126
558,7,0,0,3,1,2,1,1,0,0.2152,0.1114,5.064
559,6,0,0,2,1,1,1,1,0,0.2151,0.11489,3.38
560,5,0,0,3,1,0,1,1,0,0.2151,0.08941,-10.868
561,13,0,0,4,2,3,1,1,0,0.215,0.47261,-18.757
562,104,0,0,25,12,9,1,1,0,0.2149,0.27911,251.1
563,101,2,2,26,11,4,1,1,0,0.2149,0.24749,265.486
564,13,0,0,3,2,2,1,1,0,0.2148,0.50882,-18.483
565,13,0,0,5,2,3,1,1,0,0.2147,0.94824,-4.612
566,25,1,1,7,3,5,1,1,0,0.2147,0.14998,57.202
567,19,1,1,3,2,1,1,1,0,0.2146,0.57855,-0.89
568,138,2,2,23,12,6,1,1,0,0.2146,0.23502,331.905
569,14,0,0,2,2,2,1,1,0,0.2145,0.4488,10.099
570,5,0,0,3,1,1,1,1,0,0.2144,0.25928,-52.772
571,71,1,1,12,7,5,1,1,0,0.2144,0.21325,168.685
572,13,0,0,5,2,0,1,1,0,0.2143,0.6347,-17.074
573,17,0,0,4,2,4,1,1,0,0.2142,0.37522,-10.449
574,30,1,1,7,4,2,1,1,0,0.2142,0.23828,72.497
575,22,0,0,7,3,1,1,1,0,0.2141,0.16176,45.764
576,48,1,1,8,5,12,1,1,0,0.2141,0.27118,124.008
577,7,0,0,2,1,0,1,1,0,0.214,0.05957,5.978
578,58,0,0,16,7,7,1,1,0,0.2139,0.31245,135.815
579,5,0,0,4,1,1,1,1,0,0.2139,0.43052,-52.447
580,100,3,3,27,12,10,1,1,0,0.2138,0.26762,238.647
581,62,0,0,19,8,6,1,1,0,0.2137,0.29014,145.699
582,61,1,1,16,7,4,1,1,0,0.2137,0.45634,118.488
583,6,0,0,2,1,1,1,1,0,0.2136,0.08151,3.416
584,22,0,0,6,3,2,1,1,0,0.2136,0.24558,45.255
585,31,0,0,10,4,4,1,1,0,0.2135,0.32042,40.391
586,24,0,0,5,3,2,1,1,0,0.2134,0.40615,48.479
587,51,0,0,13,6,5,1,1,0,0.2134,0.2291,102.968
588,16,1,1,3,2,1,1,1,0,0.2133,0.60039,7.51
589,5,0,0,3,1,1,1,1,0,0.2132,0.74323,-38.48
590,15,0,0,5,2,1,1,1,0,0.2132,0.13375,13.645
591,14,0,0,5,2,2,1,1,0,0.2131,0.397,-15.231
592,42,0,0,12,5,6,1,1,0,0.2131,0.23821,79.088
593,6,0,0,1,1,0,1,1,0,0.213,1.03704,3.223
594,6,0,0,3,1,1,1,1,0,0.2129,0.06666,3.596
595,7,0,0,1,1,1,1,1,0,0.2129,0.12875,5.495
596,32,0,0,9,4,3,1,1,0,0.2128,0.16137,70.422
597,82,2,2,19,8,4,1,1,0,0.2127,0.29671,194.94
598,15,0,0,5,2,4,1,1,0,0.2127,0.23212,23.781
599,58,0,0,17,7,7,1,1,0,0.2126,0.35266,117.537
600,13,0,0,4,2,0,1,1,0,0.2126,0.9617,-6.026
601,15,0,0,4,2,2,1,1,0,0.2125,0.91803,26.158
602,5,0,0,2,1,0,1,1,0,0.2124,0.34181,1.758
603,6,0,0,2,1,0,1,1,0,0.2124,0.16385,2.686
604,78,3,3,20,8,6,1,1,0,0.2123,0.42052,166.66
605,13,0,0,4,2,1,1,1,0,0.2122,0.84449,-4.405
606,6,0,0,3,1,1,1,1,0,0.2122,0.14933,3.371
607,24,1,1,8,3,2,1,1,0,0.2121,0.1621,53.021
608,16,1,1,5,2,2,1,1,0,0.2121,0.22765,32.246
609,6,0,0,3,1,0,1,1,0,0.212,0.20181,3.621
610,35,2,2,7,3,0,1,1,0,0.2119,0.26637,95.062
611,84,1,1,16,8,9,1,1,0,0.2119,0.27345,193.867
612,147,3,3,45,16,10,1,1,0,0.2118,0.28367,374.226
613,20,0,0,6,3,1,1,1,0,0.2117,0.74505,2.755
614,8,0,0,2,1,1,1,1,0,0.2117,0.08846,-5.34
615,45,1,1,14,5,5,1,1,0,0.2116,0.24336,107.256
616,6,0,0,3,1,1,1,1,0,0.2116,0.18664,3.23
617,33,0,0,10,4,1,1,1,0,0.2115,0.17111,72.917
618,40,0,0,13,5,3,1,1,0,0.2114,0.20151,75.612
619,14,0,0,5,2,1,1,1,0,0.2114,0.28526,24.561
620,6,0,0,3,1,2,1,1,0,0.2113,0.94657,2.655
621,6,0,0,2,1,2,1,1,0,0.2112,0.86226,-23.203
622,39,0,0,12,5,4,1,1,0,0.2112,0.1717,72.974
623,28,0,0,14,4,0,1,1,0,0.2111,0.25696,59.588
624,20,0,0,7,3,2,1,1,0,0.2111,0.51186,38.72
625,6,0,0,3,1,1,1,1,0,0.211,0.15689,3.515
626,198,4,4,50,20,10,1,1,0,0.2109,0.22468,505.592
627,60,1,1,14,7,8,1,1,0,0.2109,0.22339,133.016
628,23,0,0,6,3,1,1,1,0,0.2108,0.20365,45.069
629,6,0,0,3,1,2,1,1,0,0.2107,0.46123,2.863
630,5,0,0,1,1,1,1,1,0,0.2107,1.32439,-11.834
631,57,2,2,16,6,10,1,1,0,0.2106,0.20677,127.361
632,17,1,1,4,2,2,1,1,0,0.2106,0.44056,35.526
633,5,0,0,2,1,0,1,1,0,0.2105,0.20985,-52.737
634,6,0,0,3,1,1,1,1,0,0.2104,0.1561,3.436
635,13,0,0,4,2,0,1,1,0,0.2104,0.35869,9.666
636,43,1,1,13,5,7,1,1,0,0.2103,0.17567,99.734
637,14,0,0,4,2,2,1,1,0,0.2102,0.53149,-15.155
638,62,0,0,23,8,5,1,1,0,0.2102,0.41955,144.789
639,23,0,0,7,3,2,1,1,0,0.2101,0.13194,32.529
640,14,0,0,3,2,3,1,1,0,0.2101,0.24791,22.751
641,29,0,0,8,4,3,1,1,0,0.21,0.21127,61.782
642,7,0,0,2,1,2,1,1,0,0.2099,0.09261,4.731
643,28,0,0,9,4,3,1,1,0,0.2099,0.38464,44.483
644,20,0,0,9,3,3,1,1,0,0.2098,0.85817,0.941
645,13,0,0,2,2,0,1,1,0,0.2097,0.2273,22.178
646,88,2,2,23,10,8,1,1,0,0.2097,0.29591,227.737
647,19,0,0,4,2,5,1,1,0,0.2096,0.17605,32.929
648,20,0,0,6,3,3,1,1,0,0.2096,0.19003,26.116
649,56,1,1,9,6,6,1,1,0,0.2095,0.35758,146.896
650,71,0,0,19,9,8,1,1,0,0.2094,0.18477,161.18
651,15,1,1,7,2,1,1,1,0,0.2094,0.2196,31.127
652,132,1,1,35,16,15,1,1,0,0.2093,0.41708,325.597
653,75,1,1,19,9,8,1,1,0,0.2092,0.19151,181.337
654,5,0,0,3,1,1,1,1,0,0.2092,0.2572,-51.861
655,81,2,2,25,10,8,1,1,0,0.2091,0.27765,160.937
656,5,0,0,3,1,1,1,1,0,0.2091,0.06001,1.449
657,94,2,2,24,11,6,1,1,0,0.209,0.17998,232.027
658,22,1,1,3,2,2,1,1,0,0.2089,0.73073,11.435
659,13,0,0,4,2,2,1,1,0,0.2089,0.52992,-17.727
660,38,1,1,10,5,2,1,1,0,0.2088,0.22063,85.245
661,37,1,1,13,5,2,1,1,0,0.2087,0.39987,88.156
662,6,0,0,3,1,1,1,1,0,0.2087,0.17709,3.316
663,45,0,0,11,5,3,1,1,0,0.2086,0.15203,101.374
664,135,4,4,36,16,13,1,1,0,0.2086,0.21745,344.637
665,65,1,1,24,8,2,1,1,0,0.2085,0.3244,161.597
666,13,0,0,4,2,1,1,1,0,0.2084,0.23284,22.104
667,36,1,1,7,4,6,1,1,0,0.2084,0.31332,84.749
668,15,0,0,5,2,4,1,1,0,0.2083,0.17352,25.609
669,30,0,0,11,4,7,1,1,0,0.2082,0.21385,60.42
670,7,0,0,4,1,0,1,1,0,0.2082,0.09241,7.062
671,37,0,0,13,5,4,1,1,0,0.2081,0.31392,76.966
672,76,1,1,20,10,7,1,1,0,0.2081,0.2097,175.296
673,13,0,0,6,2,3,1,1,0,0.208,0.21815,20.539
674,37,0,0,13,5,3,1,1,0,0.2079,0.2166,84.97
675,22,0,0,7,3,6,1,1,0,0.2079,0.71694,2.466
676,14,1,1,4,2,1,1,1,0,0.2078,0.20634,30.767
677,15,0,0,5,2,0,1,1,0,0.2077,0.15199,14.212
678,6,0,0,3,1,1,1,1,0,0.2077,0.18586,3.348
679,57,1,1,20,7,8,1,1,0,0.2076,0.42831,100.597
680,16,0,0,2,2,1,1,1,0,0.2076,0.81748,8.26
681,8,0,0,2,1,1,1,1,0,0.2075,0.1368,7.438
682,13,0,0,4,2,1,1,1,0,0.2074,0.165,6.983
683,6,0,0,1,1,1,1,1,0,0.2074,0.21024,2.693
684,96,3,3,31,10,7,1,1,0,0.2073,0.53198,236.574
685,7,0,0,3,1,2,1,1,0,0.2072,0.1379,5.115
686,8,0,0,2,1,0,1,1,0,0.2072,0.10786,7.935
687,6,0,0,3,1,1,1,1,0,0.2071,0.13552,3.41
688,19,1,1,5,2,3,1,1,0,0.2071,0.14321,42.086
689,75,2,2,18,8,9,1,1,0,0.207,0.15407,192.983
690,20,0,0,5,3,3,1,1,0,0.2069,0.14491,39.188
691,18,1,1,8,2,2,1,1,0,0.2069,0.79999,0.076
692,6,0,0,3,1,1,1,1,0,0.2068,0.4115,3.54
693,29,0,0,9,4,5,1,1,0,0.2067,0.49971,23.519
694,13,0,0,3,2,1,1,1,0,0.2067,1.04809,-4.321
695,13,0,0,4,2,2,1,1,0,0.2066,0.64895,-18.51
696,139,1,1,51,17,9,1,1,0,0.2066,0.39497,299.456
697,13,0,0,5,2,0,1,1,0,0.2065,0.17155,9.45
698,13,0,0,3,2,1,1,1,0,0.2064,0.71879,-17.808
699,13,0,0,5,2,2,1,1,0,0.2064,0.15584,21.483
700,23,0,0,8,3,4,1,1,0,0.2063,0.16281,45.525
701,6,0,0,4,1,1,1,1,0,0.2062,0.2468,-49.4
702,13,0,0,5,2,1,1,1,0,0.2062,0.80382,9.682
703,30,0,0,9,4,4,1,1,0,0.2061,0.28649,37.821
704,20,0,0,10,3,5,1,1,0,0.2061,0.93976,7.17
705,20,0,0,8,3,4,1,1,0,0.206,0.18281,40.528
706,6,0,0,3,1,1,1,1,0,0.2059,0.37788,3.297
707,6,0,0,2,1,1,1,1,0,0.2059,0.40228,3.012
708,90,3,3,26,10,8,1,1,0,0.2058,0.32367,215.027
709,22,0,0,9,3,4,1,1,0,0.2057,0.2917,41.583
710,65,1,1,16,8,9,1,1,0,0.2057,0.27223,128.87
711,6,0,0,3,1,1,1,1,0,0.2056,0.20571,3.161
712,74,2,2,17,8,9,1,1,0,0.2056,0.2082,191.757
713,13,0,0,5,2,2,1,1,0,0.2055,1.15499,-4.633
714,33,1,1,8,4,2,1,1,0,0.2054,0.14393,80.406
715,28,0,0,8,4,3,1,1,0,0.2054,0.23136,45.132
716,13,0,0,5,2,2,1,1,0,0.2053,0.52557,8.744
717,7,0,0,3,1,1,1,1,0,0.2052,0.14901,5.259
718,15,1,1,7,2,0,1,1,0,0.2052,0.24898,18.352
719,12,0,0,5,2,3,1,1,0,0.2051,2.11388,9.429
720,73,1,1,22,9,5,1,1,0,0.2051,0.24647,174.876
721,56,0,0,15,7,6,1,1,0,0.205,0.17972,112.087
722,7,0,0,3,1,4,1,1,0,0.2049,2.70571,-9.325
723,16,1,1,5,2,2,1,1,0,0.2049,0.68642,32.939
724,51,2,2,21,6,2,1,1,0,0.2048,0.45504,113.342
725,13,0,0,4,2,3,1,1,0,0.2047,0.50183,8.269
726,29,0,0,9,4,3,1,1,0,0.2047,0.27605,64.381
727,15,1,1,6,2,3,1,1,0,0.2046,0.15867,17.287
728,13,0,0,2,2,2,1,1,0,0.2046,0.66986,-6.605
729,12,0,0,7,2,4,1,1,0,0.2045,1.52134,-7.153
730,6,0,0,2,1,0,1,1,0,0.2044,0.21451,3.675
731,14,0,0,4,2,3,1,1,0,0.2044,0.92588,-3.858
732,21,0,0,7,3,0,1,1,0,0.2043,0.56951,47.836
733,44,0,0,12,6,9,1,1,0,0.2042,0.21048,97.453
734,13,0,0,3,2,2,1,1,0,0.2042,0.71417,8.388
735,22,0,0,6,3,2,1,1,0,0.2041,0.23508,31.379
736,17,1,1,7,2,3,1,1,0,0.2041,0.77,10.056
737,7,0,0,1,1,2,1,1,0,0.204,0.10172,4.883
738,203,4,4,54,21,21,1,1,0,0.2039,0.28803,530.817
739,6,0,0,1,1,1,1,1,0,0.2039,0.32375,2.811
740,68,1,1,20,8,7,1,1,0,0.2038,0.277,164.668
741,28,0,0,12,4,4,1,1,0,0.2037,0.31444,46.408
742,52,1,1,18,6,1,1,1,0,0.2037,0.30132,90.181
743,14,0,0,5,2,3,1,1,0,0.2036,0.38475,24.217
744,5,0,0,4,1,1,1,1,0,0.2036,0.2598,-51.517
745,22,0,0,3,3,3,1,1,0,0.2035,0.64859,2.921
746,23,0,0,12,3,1,1,1,0,0.2034,0.28926,33.634
747,43,1,1,8,5,2,1,1,0,0.2034,0.48374,79.302
748,40,1,1,12,5,5,1,1,0,0.2033,0.41652,69.32
749,13,0,0,5,2,1,1,1,0,0.2032,0.17112,6.979
750,115,3,3,41,13,10,1,1,0,0.2032,0.29478,295.247
751,54,3,3,25,6,6,1,1,0,0.2031,0.28014,146.733
752,14,0,0,5,2,4,1,1,0,0.2031,0.74224,22.765
753,14,0,0,4,2,0,1,1,0,0.203,0.27488,11.364
754,14,0,0,5,2,2,1,1,0,0.2029,0.58141,-13.215
755,7,0,0,2,1,0,1,1,0,0.2029,0.19903,5.33
756,132,2,2,31,16,11,1,1,0,0.2028,0.35258,305.773
757,6,0,0,3,1,2,1,1,0,0.2027,0.1119,3.71
758,56,1,1,22,7,8,1,1,0,0.2027,0.31845,124.715
759,24,1,1,4,2,3,1,1,0,0.2026,0.28525,45.717
760,6,0,0,3,1,2,1,1,0,0.2026,0.21956,3.231
761,13,0,0,3,2,1,1,1,0,0.2025,0.39038,-18.495
762,14,0,0,3,2,1,1,1,0,0.2024,0.22549,26.468
763,5,0,0,2,1,0,1,1,0,0.2024,0.17627,2.345
764,30,0,0,9,4,6,1,1,0,0.2023,0.28035,62.909
765,42,0,0,13,6,3,1,1,0,0.2022,0.24092,81.886
766,20,0,0,7,3,2,1,1,0,0.2022,0.88676,41.279
767,6,0,0,3,1,1,1,1,0,0.2021,0.19965,3.332
768,76,1,1,17,9,4,1,1,0,0.2021,0.22957,188.439
769,22,0,0,8,3,5,1,1,0,0.202,0.37483,29.272
770,29,0,0,8,4,3,1,1,0,0.2019,0.17467,61.946
771,43,1,1,16,5,6,1,1,0,0.2019,0.54433,78.601
772,13,0,0,4,2,2,1,1,0,0.2018,0.89925,9.125
773,28,0,0,9,4,1,1,1,0,0.2017,0.21405,62.818
774,41,0,0,12,5,4,1,1,0,0.2017,0.51188,54.39
775,105,5,5,23,9,11,1,1,0,0.2016,0.18491,277.028
776,6,0,0,2,1,2,1,1,0,0.2016,0.07579,2.977
777,13,0,0,4,2,1,1,1,0,0.2015,1.17339,-3.806
778,5,0,0,2,1,3,1,1,0,0.2014,0.35563,-52.888
779,45,1,1,16,6,7,1,1,0,0.2014,0.26304,99.09
780,13,0,0,5,2,2,1,1,0,0.2013,0.91044,-3.659
781,14,0,0,5,2,3,1,1,0,0.2012,0.21008,22.963
782,22,0,0,6,3,6,1,1,0,0.2012,0.31711,42.378
783,16,0,0,4,2,2,1,1,0,0.2011,0.18159,26.995
784,6,0,0,3,1,1,1,1,0,0.2011,0.16038,3.352
785,5,0,0,2,1,0,1,1,0,0.201,1.03692,-49.601
786,20,0,0,7,3,1,1,1,0,0.2009,0.18037,40.61
787,6,0,0,3,1,1,1,1,0,0.2009,0.14698,3.447
788,14,1,1,3,2,1,1,1,0,0.2008,0.90681,2.344
789,52,1,1,13,6,8,1,1,0,0.2007,0.18748,123.572
790,5,0,0,3,1,1,1,1,0,0.2007,0.89495,-49.511
791,5,0,0,4,1,0,1,1,0,0.2006,0.40636,-51.704
792,5,0,0,3,1,1,1,1,0,0.2006,0.84141,-49.806
793,13,1,1,3,2,1,1,1,0,0.2005,0.85395,0.231
794,13,0,0,4,2,1,1,1,0,0.2004,0.81729,-3.828
795,20,0,0,6,3,4,1,1,0,0.2004,0.75809,1.331
796,28,2,2,10,3,3,1,1,0,0.2003,0.18345,69.313
797,5,0,0,1,1,1,1,1,0,0.2002,0.57897,1.173
798,18,1,1,8,2,2,1,1,0,0.2002,0.13582,42.828
799,8,0,0,2,1,2,1,1,0,0.2001,0.11292,6.986
800,42,1,1,16,5,3,1,1,0,0.2001,0.23325,103.529
801,15,1,1,3,2,2,1,1,0,0.2,0.22202,31.308
802,37,1,1,11,5,3,1,1,0,0.1999,0.52329,62.533
803,5,0,0,4,1,1,1,1,0,0.1999,0.32153,-51.482
804,5,0,0,3,1,1,1,1,0,0.1998,0.79324,-49.672
805,23,0,0,9,3,1,1,1,0,0.1998,0.52379,45.863
806,6,0,0,2,1,1,1,1,0,0.1997,0.18616,2.32
807,94,1,1,22,11,9,1,1,0,0.1996,0.36006,223.024
808,6,0,0,2,1,0,1,1,0,0.1996,0.11512,4.744
809,13,0,0,4,2,1,1,1,0,0.1995,0.44172,-17.064
810,27,1,1,5,3,1,1,1,0,0.1994,0.14075,51.525
811,46,0,0,8,6,5,1,1,0,0.1994,0.2128,102.698
812,14,0,0,4,2,1,1,1,0,0.1993,0.15774,23.762
813,27,0,0,10,4,4,1,1,0,0.1993,0.16377,58.561
814,20,0,0,6,3,2,1,1,0,0.1992,0.65028,12.309
815,6,0,0,2,1,2,1,1,0,0.1991,0.41903,2.799
816,20,0,0,5,3,3,1,1,0,0.1991,0.68244,42.295
817,31,0,0,12,4,6,1,1,0,0.199,0.6419,41.827
818,61,0,0,14,7,4,1,1,0,0.1989,0.20885,137.972
819,83,1,1,21,9,7,1,1,0,0.1989,0.23942,207.538
820,36,0,0,8,5,1,1,1,0,0.1988,0.48844,40.042
821,13,0,0,4,2,1,1,1,0,0.1988,0.5524,9.343
822,84,2,2,23,9,8,1,1,0,0.1987,0.23159,180.294
823,6,0,0,3,1,1,1,1,0,0.1986,0.18139,3.226
824,14,0,0,6,2,3,1,1,0,0.1986,0.19592,10.064
825,49,0,0,10,6,5,1,1,0,0.1985,0.22655,97.008
826,202,4,4,61,24,21,1,1,0,0.1984,0.2857,492.085
827,23,1,1,9,3,1,1,1,0,0.1984,0.20902,42.853
828,5,0,0,1,1,1,1,1,0,0.1983,1.46855,-11.414
829,49,1,1,17,6,7,1,1,0,0.1983,0.30219,112.888
830,80,2,2,20,8,2,1,1,0,0.1982,0.29997,191.342
831,46,0,0,19,6,4,1,1,0,0.1981,0.16637,105.655
832,13,0,0,5,2,0,1,1,0,0.1981,1.13096,-3.278
833,102,1,1,40,13,4,1,1,0,0.198,0.43972,237.819
834,36,1,1,9,5,6,1,1,0,0.1979,0.64507,41.898
835,27,0,0,8,4,3,1,1,0,0.1979,0.31355,58.137
836,65,2,2,18,8,3,1,1,0,0.1978,0.19378,168.11
837,5,0,0,3,1,0,1,1,0,0.1978,0.26568,1.692
838,7,0,0,2,1,0,1,1,0,0.1977,0.21144,5.541
839,21,0,0,6,3,0,1,1,0,0.1976,0.18303,44.342
840,30,1,1,14,4,3,1,1,0,0.1976,0.15702,69.315
841,13,0,0,5,2,2,1,1,0,0.1975,1.12066,-4.195
842,60,1,1,24,7,8,1,1,0,0.1974,0.2759,148.894
843,13,0,0,3,2,1,1,1,0,0.1974,0.44568,21.863
844,16,1,1,5,2,2,1,1,0,0.1973,0.22158,32.84
845,13,0,0,5,2,0,1,1,0,0.1973,0.17805,22.19
846,13,0,0,5,2,2,1,1,0,0.1972,0.89631,-18.52
847,42,0,0,20,6,4,1,1,0,0.1971,0.621,53.546
848,54,1,1,18,7,4,1,1,0,0.1971,0.24001,134.158
849,30,0,0,12,4,5,1,1,0,0.197,0.20882,51.978
850,5,0,0,3,1,1,1,1,0,0.1969,0.11598,1.886
851,5,0,0,1,1,1,1,1,0,0.1969,0.24176,1.463
852,19,1,1,8,2,1,1,1,0,0.1968,0.63746,18.233
853,21,0,0,6,3,3,1,1,0,0.1968,0.16038,41.527
854,42,1,1,15,5,5,1,1,0,0.1967,0.24941,88.624
855,43,0,0,13,6,6,1,1,0,0.1966,0.29347,83.685
856,28,0,0,5,4,2,1,1,0,0.1966,0.73303,31.786
857,6,0,0,3,1,2,1,1,0,0.1965,0.11715,2.881
858,13,0,0,3,2,1,1,1,0,0.1964,0.74401,-3.989
859,13,0,0,3,2,1,1,1,0,0.1964,0.70277,-17.394
860,28,0,0,6,4,1,1,1,0,0.1963,0.20638,60.921
861,54,0,0,13,7,4,1,1,0,0.1963,0.35706,123.39
862,183,4,4,51,20,13,1,1,0,0.1962,0.29371,449.001
863,5,0,0,0,1,1,1,1,0,0.1961,2.89067,-25.141
864,22,1,1,4,3,0,1,1,0,0.1961,0.1939,48.524
865,84,1,1,28,10,6,1,1,0,0.196,0.18932,211.475
866,6,0,0,3,1,1,1,1,0,0.1959,0.23713,3.326
867,14,0,0,3,2,2,1,1,0,0.1959,0.56523,-3.94
868,14,0,0,5,2,3,1,1,0,0.1958,0.71185,-16.024
869,38,0,0,9,5,5,1,1,0,0.1958,0.67776,80.644
870,21,0,0,10,3,3,1,1,0,0.1957,0.66996,15.994
871,51,2,2,16,6,5,1,1,0,0.1956,0.45485,97.677
872,13,0,0,2,2,2,1,1,0,0.1956,0.31664,-19.157
873,13,0,0,7,2,1,1,1,0,0.1955,0.23944,22.107
874,98,3,3,30,12,8,1,1,0,0.1954,0.40158,229.596
875,13,0,0,4,2,0,1,1,0,0.1954,0.25754,8.744
876,26,1,1,11,3,3,1,1,0,0.1953,0.1937,62.164
877,13,0,0,5,2,1,1,1,0,0.1953,0.24818,-18.046
878,22,0,0,6,3,3,1,1,0,0.1952,0.48052,17.217
879,58,1,1,16,6,6,1,1,0,0.1951,0.31066,147.746
880,6,0,0,3,1,2,1,1,0,0.1951,0.36007,3.127
881,20,0,0,5,3,2,1,1,0,0.195,0.35443,11.733
882,13,0,0,5,2,1,1,1,0,0.1949,0.39068,8.5
883,46,1,1,16,5,3,1,1,0,0.1949,0.13323,115.998
884,13,0,0,5,2,2,1,1,0,0.1948,0.53318,22.417
885,149,4,4,43,18,10,1,1,0,0.1948,0.25261,388.215
886,13,0,0,5,2,2,1,1,0,0.1947,0.20119,-18.669
887,13,0,0,5,2,1,1,1,0,0.1946,0.24066,-18.436
888,8,0,0,4,1,0,1,1,0,0.1946,0.27042,-44.789
889,43,2,2,20,5,2,1,1,0,0.1945,0.48004,77.533
890,14,0,0,8,2,4,1,1,0,0.1944,0.32684,24.408
891,6,0,0,2,1,1,1,1,0,0.1944,0.19487,3.039
892,20,0,0,6,3,2,1,1,0,0.1943,0.87756,-2.059
893,58,0,0,14,7,5,1,1,0,0.1943,0.42337,131.138
894,5,0,0,3,1,1,1,1,0,0.1942,0.65184,-49.717
895,5,0,0,3,1,1,1,1,0,0.1941,0.20491,1.618
896,35,1,1,10,4,2,1,1,0,0.1941,0.13867,82.977
897,31,1,1,9,4,3,1,1,0,0.194,0.22523,69.952
898,6,0,0,3,1,1,1,1,0,0.1939,0.16317,3.137
899,14,0,0,8,2,6,1,1,0,0.1939,0.18786,23.07
900,7,0,0,3,1,0,1,1,0,0.1938,0.16455,5.871
901,13,0,0,5,2,0,1,1,0,0.1938,0.19984,7.324
902,21,0,0,9,3,3,1,1,0,0.1937,0.14674,27.343
903,13,0,0,4,2,2,1,1,0,0.1936,0.3435,-17.708
904,44,0,0,20,6,5,1,1,0,0.1936,0.28942,98.719
905,102,2,2,27,12,5,1,1,0,0.1935,0.20526,263.941
906,20,0,0,5,3,2,1,1,0,0.1934,0.63794,10.866
907,6,0,0,2,1,1,1,1,0,0.1934,0.53641,-47.918
908,13,0,0,3,2,2,1,1,0,0.1933,1.28898,-18.717
909,30,1,1,8,3,4,1,1,0,0.1933,0.1173,56.697
910,38,0,0,12,5,3,1,1,0,0.1932,0.28055,78.151
911,43,1,1,10,5,2,1,1,0,0.1931,0.33281,65.757
912,6,0,0,3,1,1,1,1,0,0.1931,0.17824,2.222
913,62,2,2,17,8,6,1,1,0,0.193,0.36662,113.714
914,40,1,1,13,5,4,1,1,0,0.1929,0.17817,95.681
915,106,5,5,31,12,5,1,1,0,0.1929,0.5012,276.319
916,14,0,0,5,2,1,1,1,0,0.1928,0.24289,23.129
917,30,1,1,7,3,0,1,1,0,0.1928,0.57361,37.405
918,21,0,0,7,3,4,1,1,0,0.1927,0.70966,2.207
919,13,0,0,2,2,2,1,1,0,0.1926,0.20637,21.158
920,5,0,0,2,1,2,1,1,0,0.1926,0.1761,1.247
921,49,0,0,19,6,4,1,1,0,0.1925,0.26277,108.414
922,16,0,0,5,2,3,1,1,0,0.1924,0.36059,14.184
923,6,0,0,3,1,1,1,1,0,0.1924,0.17576,3.241
924,83,3,3,32,9,7,1,1,0,0.1923,0.33631,175.093
925,15,0,0,6,2,2,1,1,0,0.1923,0.20186,24.508
926,5,0,0,1,1,2,1,1,0,0.1922,0.78196,-50.347
927,6,0,0,2,1,2,1,1,0,0.1921,0.3853,2.569
928,13,0,0,4,2,1,1,1,0,0.1921,0.26031,20.808
929,30,0,0,11,4,3,1,1,0,0.192,0.1645,64.08
930,23,0,0,8,3,2,1,1,0,0.1919,0.20749,33.408
931,64,1,1,20,8,7,1,1,0,0.1919,0.20476,140.221
932,55,2,2,16,5,6,1,1,0,0.1918,0.37483,103.04
933,36,0,0,11,5,4,1,1,0,0.1918,0.2494,53.471
934,160,5,5,54,17,17,1,1,0,0.1917,0.25098,424.225
935,18,1,1,7,2,2,1,1,0,0.1916,0.12209,39.353
936,28,0,0,8,4,3,1,1,0,0.1916,0.34194,58.818
937,13,0,0,2,2,2,1,1,0,0.1915,0.14772,6.507
938,6,0,0,2,1,1,1,1,0,0.1914,0.22401,2.898
939,31,0,0,11,4,1,1,1,0,0.1914,0.23562,67.058
940,78,2,2,21,8,4,1,1,0,0.1913,0.26659,161.614
941,13,0,0,5,2,2,1,1,0,0.1913,0.32038,21.8
942,18,1,1,5,2,3,1,1,0,0.1912,0.73023,-0.669
943,13,0,0,4,2,0,1,1,0,0.1911,0.17419,9.104
944,88,0,0,32,11,8,1,1,0,0.1911,0.27605,206.432
945,13,0,0,3,2,2,1,1,0,0.191,0.18611,7.968
946,18,1,1,8,2,3,1,1,0,0.1909,0.30963,25.05
947,32,1,1,11,4,6,1,1,0,0.1909,0.49246,34.659
948,5,0,0,2,1,1,1,1,0,0.1908,0.28048,-38.713
949,28,0,0,11,4,3,1,1,0,0.1908,0.35443,48.267
950,20,0,0,5,3,1,1,1,0,0.1907,0.65147,12.121
951,107,4,4,38,12,7,1,1,0,0.1906,0.37236,245.91
952,85,2,2,20,10,5,1,1,0,0.1906,0.24871,195.675
953,6,0,0,2,1,1,1,1,0,0.1905,0.14952,-36.494
954,33,1,1,9,4,6,1,1,0,0.1904,0.15492,74.945
955,20,0,0,6,3,2,1,1,0,0.1904,0.16151,38.484
956,22,0,0,9,3,3,1,1,0,0.1903,0.21157,29.762
957,51,1,1,15,6,6,1,1,0,0.1903,0.20717,120.373
958,20,0,0,6,3,2,1,1,0,0.1902,0.28499,38.697
959,21,1,1,8,2,3,1,1,0,0.1901,0.70986,21.291
960,63,1,1,14,7,4,1,1,0,0.1901,0.32182,142.08
961,6,0,0,3,1,1,1,1,0,0.19,0.132,3.201
962,50,0,0,14,7,4,1,1,0,0.1899,0.11474,116.648
963,8,0,0,2,1,3,1,1,0,0.1899,0.10431,6.352
964,14,0,0,5,2,0,1,1,0,0.1898,0.14322,24.43
965,30,0,0,11,4,2,1,1,0,0.1898,0.27327,64.104
966,15,0,0,4,2,0,1,1,0,0.1897,0.17054,27.754
967,20,0,0,8,3,3,1,1,0,0.1896,0.17067,37.252
968,90,2,2,24,9,5,1,1,0,0.1896,0.19449,222.344
969,77,3,3,23,8,6,1,1,0,0.1895,0.23587,183.074
970,13,0,0,2,2,0,1,1,0,0.1894,0.22827,21.713
971,45,0,0,8,5,3,1,1,0,0.1894,0.18932,99.235
972,23,1,1,7,3,1,1,1,0,0.1893,0.46887,25.305
973,14,0,0,5,2,6,1,1,0,0.1893,0.7982,21.032
974,17,1,1,9,2,1,1,1,0,0.1892,0.85724,-1.918
975,13,0,0,5,2,2,1,1,0,0.1891,0.28971,6.751
976,45,1,1,19,5,2,1,1,0,0.1891,0.19076,112.509
977,76,1,1,18,9,8,1,1,0,0.189,0.18426,164.362
978,44,2,2,12,5,3,1,1,0,0.1889,0.20027,104.74
979,6,0,0,3,1,1,1,1,0,0.1889,0.17833,3.04
980,13,0,0,5,2,0,1,1,0,0.1888,0.71843,-17.2
981,70,2,2,16,7,9,1,1,0,0.1888,0.31927,132.955
982,67,1,1,18,8,9,1,1,0,0.1887,0.21101,157.708
983,296,5,5,69,30,24,1,1,0,0.1886,0.35433,750.678
984,80,1,1,18,8,9,1,1,0,0.1886,0.22452,189.209
985,13,0,0,5,2,2,1,1,0,0.1885,0.1841,8.431
986,6,0,0,3,1,2,1,1,0,0.1884,1.82914,2.672
987,25,1,1,8,3,3,1,1,0,0.1884,0.54776,14.278
988,87,3,3,29,11,8,1,1,0,0.1883,0.50312,178.355
989,7,0,0,3,1,1,1,1,0,0.1883,0.43471,5.585
990,13,0,0,5,2,1,1,1,0,0.1882,0.23238,21.462
991,188,1,1,45,21,10,1,1,0,0.1881,0.25527,454.412
992,13,0,0,3,2,2,1,1,0,0.1881,1.18927,-5.083
993,75,1,1,21,9,4,1,1,0,0.188,0.31253,182.949
994,42,1,1,12,5,2,1,1,0,0.1879,0.3705,102.891
995,38,0,0,9,5,8,1,1,0,0.1879,0.29623,66.56
996,13,0,0,3,2,2,1,1,0,0.1878,0.23889,-19.549
997,13,0,0,5,2,3,1,1,0,0.1878,0.4347,8.256
998,73,1,1,28,9,7,1,1,0,0.1877,0.57697,149.607
999,6,0,0,2,1,1,1,1,0,0.1876,0.21913,2.746
1000,13,0,0,4,2,1,1,1,0,0.1876,0.18476,21.013
1001,108,1,1,31,13,7,1,1,0,0.1875,0.31069,269.591
1002,28,0,0,8,4,2,1,1,0,0.1874,0.45121,32.345
1003,20,0,0,8,3,3,1,1,0,0.1874,0.21343,37.809
1004,49,0,0,15,7,2,1,1,0,0.1873,0.21191,115.456
1005,109,3,3,30,11,8,1,1,0,0.1872,0.20482,248.107
1006,7,0,0,2,1,0,1,1,0,0.1872,0.07725,-6.235
1007,6,0,0,3,1,1,1,1,0,0.1871,0.22601,3.226
1008,73,0,0,25,10,6,1,1,0,0.1871,0.40277,171.752
1009,13,0,0,3,2,4,1,1,0,0.187,1.17135,-7.499
1010,6,0,0,2,1,0,1,1,0,0.1869,0.09666,3.274
1011,8,0,0,3,1,2,1,1,0,0.1869,0.7665,6.715
1012,38,1,1,8,4,4,1,1,0,0.1868,0.20962,95.386
1013,8,0,0,4,1,1,1,1,0,0.1867,0.17652,-44.224
1014,14,0,0,4,2,0,1,1,0,0.1867,0.13354,23.601
1015,13,0,0,5,2,0,1,1,0,0.1866,0.21094,21.316
1016,8,0,0,3,1,3,1,1,0,0.1866,0.16669,6.448
1017,71,1,1,19,8,8,1,1,0,0.1865,0.44961,151.084
1018,23,0,0,7,3,4,1,1,0,0.1864,0.54339,17.535
1019,64,2,2,18,8,1,1,1,0,0.1864,0.17576,160.773
1020,29,0,0,11,4,4,1,1,0,0.1863,0.22062,46.271
1021,146,3,3,42,17,10,1,1,0,0.1862,0.32867,365.892
1022,18,1,1,7,2,2,1,1,0,0.1862,0.1764,26.163
1023,5,0,0,3,1,1,1,1,0,0.1861,0.41635,-51.852
1024,27,0,0,7,4,4,1,1,0,0.1861,1.10225,15.189
1025,146,4,4,52,17,13,1,1,0,0.186,0.22017,369.534
1026,27,0,0,8,4,2,1,1,0,0.1859,0.55072,15.826
1027,6,0,0,3,1,1,1,1,0,0.1859,0.13562,3.351
1028,10,0,0,2,1,1,1,1,0,0.1858,0.16306,11.721
1029,30,2,2,7,3,3,1,1,0,0.1857,0.17843,67.212
1030,24,0,0,8,3,2,1,1,0,0.1857,0.4379,8.864
1031,13,0,0,4,2,2,1,1,0,0.1856,0.29039,7.54
1032,46,0,0,13,6,2,1,1,0,0.1856,0.39761,89.81
1033,13,0,0,5,2,3,1,1,0,0.1855,1.00626,-5.316
1034,6,0,0,3,1,1,1,1,0,0.1854,0.18675,3.496
1035,32,2,2,15,4,3,1,1,0,0.1854,0.2088,77.1
1036,41,0,0,9,5,3,1,1,0,0.1853,0.18003,73.454
1037,15,0,0,3,2,5,1,1,0,0.1852,0.51531,9.634
1038,14,0,0,3,2,1,1,1,0,0.1852,0.23935,23.555
1039,19,1,1,3,2,5,1,1,0,0.1851,0.45085,13.669
1040,12,0,0,6,2,1,1,1,0,0.1851,0.28425,19.163
1041,20,0,0,7,3,3,1,1,0,0.185,0.78202,10.428
1042,14,0,0,8,2,3,1,1,0,0.1849,0.14864,23.417
1043,22,0,0,7,3,3,1,1,0,0.1849,0.1653,40.883
1044,22,0,0,7,3,1,1,1,0,0.1848,0.20248,44.954
1045,13,0,0,4,2,1,1,1,0,0.1847,0.29534,7.675
1046,46,0,0,8,6,3,1,1,0,0.1847,0.28256,61.483
1047,20,0,0,6,3,1,1,1,0,0.1846,0.8079,-2.7
1048,55,1,1,17,6,2,1,1,0,0.1846,0.15935,130.89
1049,6,0,0,2,1,1,1,1,0,0.1845,0.17274,2.603
1050,29,1,1,7,4,2,1,1,0,0.1844,0.21449,62.141
1051,6,0,0,1,1,1,1,1,0,0.1844,0.1417,2.692
1052,36,0,0,14,5,6,1,1,0,0.1843,0.39172,76.948
1053,32,0,0,9,4,4,1,1,0,0.1842,0.13062,67.164
1054,23,0,0,10,3,4,1,1,0,0.1842,0.4241,43.845
1055,14,0,0,3,2,4,1,1,0,0.1841,0.84481,-17.064
1056,35,1,1,11,4,4,1,1,0,0.1841,0.56339,39.218
1057,6,0,0,1,1,0,1,1,0,0.184,0.17948,2.733
1058,5,0,0,1,1,2,1,1,0,0.1839,2.33526,-25.566
1059,39,0,0,9,5,3,1,1,0,0.1839,0.39489,46.462
1060,13,0,0,4,2,2,1,1,0,0.1838,0.68549,-18.917
1061,47,1,1,12,5,3,1,1,0,0.1837,0.40134,89.816
1062,13,0,0,4,2,1,1,1,0,0.1837,0.19403,-20.08
1063,15,0,0,4,2,0,1,1,0,0.1836,0.72219,13.02
1064,32,1,1,10,4,5,1,1,0,0.1836,0.23564,57.931
1065,19,1,1,4,2,3,1,1,0,0.1835,0.45535,13.881
1066,47,2,2,13,5,3,1,1,0,0.1834,0.24031,112.307
1067,29,0,0,10,4,2,1,1,0,0.1834,0.14893,45.606
1068,20,0,0,7,3,3,1,1,0,0.1833,0.26615,37.929
1069,74,0,0,22,9,3,1,1,0,0.1832,0.39949,127.99
1070,22,0,0,7,3,1,1,1,0,0.1832,0.30265,30.252
1071,20,0,0,5,3,3,1,1,0,0.1831,0.20391,37.852
1072,22,0,0,5,3,2,1,1,0,0.1831,0.3262,15.648
1073,6,0,0,2,1,1,1,1,0,0.183,0.15568,2.517
1074,72,3,3,13,7,3,1,1,0,0.1829,0.16719,178.861
1075,142,1,1,33,16,10,1,1,0,0.1829,0.20617,310.536
1076,20,0,0,8,3,4,1,1,0,0.1828,0.75782,10.169
1077,13,0,0,3,2,0,1,1,0,0.1827,0.66694,8.265
1078,6,0,0,3,1,1,1,1,0,0.1827,0.16437,2.837
1079,14,0,0,3,2,1,1,1,0,0.1826,0.2106,22.521
1080,22,1,1,9,3,4,1,1,0,0.1826,0.33873,46.016
1081,118,1,1,26,13,11,1,1,0,0.1825,0.20275,275.342
1082,13,0,0,5,2,2,1,1,0,0.1824,0.85381,-5.065
1083,20,1,1,4,2,3,1,1,0,0.1824,0.25925,44.078
1084,63,1,1,23,8,6,1,1,0,0.1823,0.27756,111.625
1085,29,0,0,8,4,4,1,1,0,0.1822,0.19136,45.043
1086,7,0,0,5,1,2,1,1,0,0.1822,1.96755,-20.667
1087,24,1,1,5,2,1,1,1,0,0.1821,0.12539,50.908
1088,6,0,0,1,1,1,1,1,0,0.1821,0.25721,2.259
1089,123,3,3,45,14,10,1,1,0,0.182,0.4491,316.942
1090,153,2,2,30,17,10,1,1,0,0.1819,0.23237,344.843
1091,14,0,0,3,2,3,1,1,0,0.1819,0.25518,9.016
1092,5,0,0,3,1,1,1,1,0,0.1818,0.22342,-51.218
1093,28,1,1,8,3,3,1,1,0,0.1817,0.14753,59.848
1094,28,1,1,6,3,3,1,1,0,0.1817,0.09826,51.304
1095,41,1,1,7,4,4,1,1,0,0.1816,0.2723,70.261
1096,20,1,1,8,2,3,1,1,0,0.1816,0.25116,31.488
1097,42,0,0,13,6,3,1,1,0,0.1815,0.41426,50.757
1098,28,0,0,8,4,4,1,1,0,0.1814,0.61937,31.261
1099,21,0,0,7,3,2,1,1,0,0.1814,0.46059,13.144
1100,20,0,0,8,3,1,1,1,0,0.1813,0.14336,23.504
1101,61,1,1,16,7,3,1,1,0,0.1812,0.17644,131.696
1102,80,0,0,19,9,8,1,1,0,0.1812,0.20379,175.672
1103,16,0,0,3,2,0,1,1,0,0.1811,0.65786,26.627
1104,15,0,0,6,2,4,1,1,0,0.1811,0.20459,8.693
1105,14,0,0,5,2,2,1,1,0,0.181,0.16132,21.917
1106,37,0,0,12,5,4,1,1,0,0.1809,0.50911,46.179
1107,48,0,0,14,6,3,1,1,0,0.1809,0.17705,101.375
1108,13,0,0,5,2,1,1,1,0,0.1808,1.0774,-5.337
1109,32,1,1,12,4,1,1,1,0,0.1807,0.44734,57.225
1110,125,1,1,32,14,8,1,1,0,0.1807,0.18346,290.769
1111,14,0,0,3,2,1,1,1,0,0.1806,0.19383,8.721
1112,23,1,1,8,3,3,1,1,0,0.1806,0.65423,22.336
1113,13,0,0,9,2,2,1,1,0,0.1805,0.59867,20.279
1114,70,0,0,14,8,5,1,1,0,0.1804,0.18807,149.775
1115,29,0,0,13,4,2,1,1,0,0.1804,0.55123,35.769
1116,14,0,0,4,2,1,1,1,0,0.1803,0.55947,21.399
1117,35,1,1,8,4,5,1,1,0,0.1802,0.41638,53.871
1118,94,2,2,32,12,12,1,1,0,0.1802,0.30676,219.694
1119,14,0,0,3,2,2,1,1,0,0.1801,0.14152,20.68
1120,44,0,0,15,6,5,1,1,0,0.1801,0.47227,71.907
1121,13,0,0,7,2,3,1,1,0,0.18,0.50246,-20.188
1122,45,0,0,17,6,4,1,1,0,0.1799,0.24468,97.076
1123,6,0,0,3,1,0,1,1,0,0.1799,0.16435,2.856
1124,27,0,0,9,4,2,1,1,0,0.1798,0.38113,28.152
1125,5,0,0,4,1,1,1,1,0,0.1797,0.38232,-51.592
1126,22,0,0,8,3,1,1,1,0,0.1797,0.35942,4.055
1127,6,0,0,2,1,1,1,1,0,0.1796,0.10006,2.297
1128,20,0,0,7,3,4,1,1,0,0.1796,0.94414,3.821
1129,8,0,0,2,1,2,1,1,0,0.1795,0.09014,6.057
1130,13,0,0,3,2,2,1,1,0,0.1794,0.20927,19.193
1131,8,0,0,1,1,0,1,1,0,0.1794,0.92116,-32.111
1132,13,0,0,4,2,1,1,1,0,0.1793,0.24802,6.855
1133,20,0,0,7,3,0,1,1,0,0.1792,0.1403,37.851
1134,6,0,0,3,1,1,1,1,0,0.1792,0.14791,2.428
1135,7,0,0,2,1,4,1,1,0,0.1791,0.09552,2.949
1136,6,0,0,2,1,1,1,1,0,0.1791,0.13855,2.138
1137,9,0,0,3,1,3,1,1,0,0.179,0.75034,8.112
1138,16,0,0,4,2,3,1,1,0,0.1789,0.47703,-13.292
1139,5,0,0,2,1,0,1,1,0,0.1789,0.20087,1.445
1140,13,0,0,4,2,2,1,1,0,0.1788,1.14231,-7.124
1141,20,0,0,9,3,2,1,1,0,0.1787,0.22335,37.223
1142,22,0,0,7,3,3,1,1,0,0.1787,0.64439,14.756
1143,7,0,0,2,1,4,1,1,0,0.1786,0.08913,3.097
1144,38,0,0,11,5,1,1,1,0,0.1786,0.27622,80.046
1145,6,0,0,2,1,1,1,1,0,0.1785,0.05054,2.349
1146,13,0,0,3,2,2,1,1,0,0.1784,0.98282,-6.801
1147,75,1,1,21,9,6,1,1,0,0.1784,0.1949,163.159
1148,32,1,1,12,4,2,1,1,0,0.1783,0.17588,61.125
1149,23,0,0,10,3,4,1,1,0,0.1782,0.25417,42.11
1150,6,0,0,2,1,2,1,1,0,0.1782,0.06693,1.741
1151,13,0,0,4,2,3,1,1,0,0.1781,0.09448,5.994
1152,13,0,0,4,2,1,1,1,0,0.1781,0.57556,-18.857
1153,56,0,0,11,7,4,1,1,0,0.178,0.27624,120.27
1154,16,0,0,6,2,4,1,1,0,0.1779,0.89898,-14.608
1155,12,0,0,5,2,3,1,1,0,0.1779,0.20657,17.22
1156,180,5,5,43,19,14,1,1,0,0.1778,0.35739,449.515
1157,14,0,0,4,2,3,1,1,0,0.1777,0.26697,20.012
1158,50,1,1,13,6,3,1,1,0,0.1777,0.32235,110.449
1159,13,0,0,4,2,3,1,1,0,0.1776,0.1766,18.822
1160,5,0,0,3,1,1,1,1,0,0.1776,0.21313,1.013
1161,13,0,0,4,2,1,1,1,0,0.1775,0.48139,-18.465
1162,6,0,0,3,1,1,1,1,0,0.1774,0.1452,2.443
1163,18,1,1,6,2,3,1,1,0,0.1774,0.87902,5.677
1164,6,0,0,2,1,1,1,1,0,0.1773,0.14595,2.16
1165,26,1,1,6,3,2,1,1,0,0.1772,0.91137,32.484
1166,13,0,0,4,2,1,1,1,0,0.1772,0.92571,-6.012
1167,19,1,1,7,2,1,1,1,0,0.1771,0.19798,39.016
1168,6,0,0,3,1,0,1,1,0,0.1771,0.11802,3.521
1169,23,0,0,8,3,3,1,1,0,0.177,0.19833,42.099
1170,76,1,1,19,9,3,1,1,0,0.1769,0.21111,167.346
1171,6,0,0,2,1,1,1,1,0,0.1769,0.19852,2.394
1172,13,0,0,4,2,2,1,1,0,0.1768,1.04395,-6.452
1173,6,0,0,3,1,2,1,1,0,0.1767,0.31531,2.074
1174,22,1,1,3,2,4,1,1,0,0.1767,0.49403,21.315
1175,6,0,0,3,1,1,1,1,0,0.1766,0.20162,2.719
1176,55,1,1,14,7,8,1,1,0,0.1766,0.20357,122.22
1177,13,0,0,4,2,1,1,1,0,0.1765,0.21506,6.564
1178,15,0,0,4,2,2,1,1,0,0.1764,0.09955,23.129
1179,13,0,0,5,2,0,1,1,0,0.1764,0.14235,-19.05
1180,35,1,1,12,4,1,1,1,0,0.1763,0.51211,56.625
1181,6,0,0,3,1,1,1,1,0,0.1762,0.12257,2.421
1182,38,1,1,8,4,4,1,1,0,0.1762,0.31,74.146
1183,179,5,5,38,19,13,1,1,0,0.1761,0.21374,453.928
1184,26,1,1,7,3,4,1,1,0,0.1761,0.29819,44.183
1185,6,0,0,3,1,1,1,1,0,0.176,0.04721,2.462
1186,24,1,1,10,3,1,1,1,0,0.1759,0.17006,51.772
1187,6,0,0,3,1,1,1,1,0,0.1759,0.09631,2.729
1188,55,0,0,20,7,4,1,1,0,0.1758,0.51346,124.099
1189,6,0,0,3,1,1,1,1,0,0.1757,0.07884,2.796
1190,41,1,1,10,4,4,1,1,0,0.1757,0.38913,57.84
1191,107,5,5,41,11,11,1,1,0,0.1756,0.35423,234.848
1192,6,0,0,3,1,2,1,1,0,0.1756,0.34947,2.266
1193,14,0,0,6,2,1,1,1,0,0.1755,0.32328,22.434
1194,142,3,3,37,13,10,1,1,0,0.1754,0.18219,347.295
1195,30,0,0,7,4,2,1,1,0,0.1754,0.20056,60.019
1196,21,0,0,8,3,4,1,1,0,0.1753,0.70463,-1.822
1197,6,0,0,2,1,0,1,1,0,0.1752,0.20667,2.523
1198,6,0,0,3,1,0,1,1,0,0.1752,0.21738,2.035
1199,6,0,0,1,1,0,1,1,0,0.1751,0.23132,2.23
1200,13,0,0,4,2,2,1,1,0,0.1751,0.21132,6.243
1201,13,0,0,5,2,2,1,1,0,0.175,0.20877,-19.466
1202,13,0,0,5,2,3,1,1,0,0.1749,0.16693,4.477
1203,73,1,1,16,8,6,1,1,0,0.1749,0.30878,139.198
1204,56,0,0,12,6,4,1,1,0,0.1748,0.21646,118.46
1205,13,0,0,4,2,1,1,1,0,0.1748,0.1574,18.827
1206,21,0,0,3,3,1,1,1,0,0.1747,0.20354,25.8
1207,66,3,3,19,5,4,1,1,0,0.1746,0.30171,145.496
1208,13,0,0,4,2,1,1,1,0,0.1746,0.45819,-19.24
1209,16,1,1,5,2,1,1,1,0,0.1745,0.13236,31.336
1210,13,0,0,3,2,0,1,1,0,0.1744,0.202,19.747
1211,170,3,3,33,17,11,1,1,0,0.1744,0.2473,405.37
1212,30,1,1,10,4,2,1,1,0,0.1743,0.59068,30.75
1213,42,1,1,7,5,2,1,1,0,0.1743,0.42316,67.882
1214,49,2,2,13,5,3,1,1,0,0.1742,0.32261,103.299
1215,20,0,0,9,3,2,1,1,0,0.1741,0.20026,23.664
1216,7,0,0,2,1,1,1,1,0,0.1741,0.13491,4.063
1217,101,1,1,26,12,10,1,1,0,0.174,0.27566,227.805
1218,13,0,0,4,2,3,1,1,0,0.1739,0.19107,5.707
1219,73,2,2,19,8,4,1,1,0,0.1739,0.38023,136.558
1220,36,1,1,11,4,4,1,1,0,0.1738,0.44959,81.071
1221,13,0,0,7,2,4,1,1,0,0.1738,0.76716,7.205
1222,29,0,0,7,4,2,1,1,0,0.1737,0.60998,19.203
1223,93,2,2,15,10,10,1,1,0,0.1736,0.16548,226.314
1224,21,0,0,9,3,1,1,1,0,0.1736,0.12982,39.772
1225,28,1,1,6,3,4,1,1,0,0.1735,0.2532,55.425
1226,21,0,0,5,3,5,1,1,0,0.1734,0.41145,8.918
1227,6,0,0,3,1,2,1,1,0,0.1734,0.53528,1.877
1228,13,0,0,6,2,1,1,1,0,0.1733,0.15163,19.292
1229,66,0,0,15,6,8,1,1,0,0.1733,0.31294,122.784
1230,20,0,0,10,3,2,1,1,0,0.1732,0.66564,-1.253
1231,13,0,0,2,2,0,1,1,0,0.1731,0.27921,7.087
1232,21,0,0,6,3,0,1,1,0,0.1731,0.14791,25.83
1233,13,0,0,4,2,3,1,1,0,0.173,1.0196,-6.196
1234,7,0,0,3,1,1,1,1,0,0.1729,0.17961,3.57
1235,19,1,1,5,2,3,1,1,0,0.1729,0.68809,-2.418
1236,33,1,1,12,4,3,1,1,0,0.1728,0.27537,59.604
1237,9,0,0,3,1,3,1,1,0,0.1728,1.37925,7.566
1238,30,0,0,12,4,2,1,1,0,0.1727,0.36977,19.489
1239,30,0,0,7,3,5,1,1,0,0.1726,0.20836,55.115
1240,22,0,0,5,3,2,1,1,0,0.1726,0.50361,13.964
1241,6,0,0,3,1,2,1,1,0,0.1725,0.65583,2.318
1242,6,0,0,3,1,2,1,1,0,0.1724,0.55511,2.142
1243,13,0,0,4,2,1,1,1,0,0.1724,0.16938,6.512
1244,7,0,0,2,1,2,1,1,0,0.1723,0.13583,3.564
1245,35,0,0,11,4,7,1,1,0,0.1723,0.38098,53.423
1246,5,0,0,2,1,1,1,1,0,0.1722,0.17998,0.475
1247,7,0,0,4,1,1,1,1,0,0.1721,0.33883,5.264
1248,85,3,3,28,9,9,1,1,0,0.1721,0.22257,197.326
1249,31,1,1,9,3,4,1,1,0,0.172,0.23416,54.267
1250,13,0,0,5,2,1,1,1,0,0.1719,1.01392,-5.066
1251,36,0,0,9,5,3,1,1,0,0.1719,0.41869,32.087
1252,21,0,0,6,3,2,1,1,0,0.1718,0.42999,-1.255
1253,160,3,3,35,15,9,1,1,0,0.1718,0.23058,372.042
1254,57,2,2,14,6,4,1,1,0,0.1717,0.19874,138.228
1255,74,1,1,16,9,5,1,1,0,0.1716,0.27053,165.099
1256,13,0,0,7,2,2,1,1,0,0.1716,0.34063,6.185
1257,13,0,0,3,2,1,1,1,0,0.1715,0.24856,-20.456
1258,49,0,0,13,6,3,1,1,0,0.1714,0.18772,99.402
1259,6,0,0,2,1,1,1,1,0,0.1714,0.16385,1.954
1260,7,0,0,2,1,2,1,1,0,0.1713,0.13618,3.574
1261,6,0,0,2,1,1,1,1,0,0.1713,0.7173,2.197
1262,52,0,0,8,5,8,1,1,0,0.1712,0.16522,91.534
1263,6,0,0,3,1,1,1,1,0,0.1711,0.25742,2.247
1264,54,1,1,14,6,4,1,1,0,0.1711,0.14078,102.898
1265,63,1,1,16,7,8,1,1,0,0.171,0.14847,132.111
1266,13,0,0,5,2,2,1,1,0,0.1709,0.4364,-18.638
1267,21,0,0,8,3,3,1,1,0,0.1709,0.35171,37.761
1268,13,0,0,3,2,1,1,1,0,0.1708,0.14025,-21.722
1269,28,0,0,7,4,4,1,1,0,0.1708,0.57613,16.305
1270,29,0,0,12,4,4,1,1,0,0.1707,0.1887,55.149
1271,13,0,0,4,2,1,1,1,0,0.1706,0.12449,18.841
1272,86,1,1,19,10,4,1,1,0,0.1706,0.19006,196.704
1273,6,0,0,1,1,1,1,1,0,0.1705,0.2635,-10.54
1274,69,3,3,17,7,2,1,1,0,0.1704,0.13345,168.104
1275,30,0,0,7,4,2,1,1,0,0.1704,0.55814,20.215
1276,20,0,0,6,3,2,1,1,0,0.1703,0.69092,21.775
1277,26,1,1,9,3,1,1,1,0,0.1703,0.44099,36.482
1278,27,1,1,8,3,2,1,1,0,0.1702,0.1423,43.281
1279,84,4,4,21,8,9,1,1,0,0.1701,0.34538,212.236
1280,203,4,4,44,21,13,1,1,0,0.1701,0.21602,477.569
1281,69,2,2,13,8,4,1,1,0,0.17,0.16747,143.698
1282,42,0,0,13,5,4,1,1,0,0.1699,0.29317,58.068
1283,13,0,0,4,2,1,1,1,0,0.1699,0.16283,18.483
1284,73,3,3,23,8,5,1,1,0,0.1698,0.22771,178.414
1285,13,0,0,4,2,1,1,1,0,0.1698,0.23448,6.523
1286,115,2,2,32,12,11,1,1,0,0.1697,0.23128,283.276
1287,20,0,0,5,3,4,1,1,0,0.1696,0.71836,-2.318
1288,6,0,0,2,1,0,1,1,0,0.1696,0.1654,2.274
1289,17,1,1,5,2,3,1,1,0,0.1695,0.10692,33.319
1290,14,0,0,2,2,3,1,1,0,0.1694,0.29822,7.636
1291,59,0,0,10,7,3,1,1,0,0.1694,0.18539,127.401
1292,13,0,0,5,2,2,1,1,0,0.1693,0.22241,19.826
1293,75,2,2,27,9,3,1,1,0,0.1693,0.23463,177.109
1294,13,0,0,7,2,1,1,1,0,0.1692,0.19305,19.153
1295,17,1,1,7,2,1,1,1,0,0.1691,0.83454,9.543
1296,26,1,1,10,3,0,1,1,0,0.1691,0.18905,54.371
1297,13,0,0,4,2,1,1,1,0,0.169,0.16663,6.761
1298,200,5,5,61,21,11,1,1,0,0.1689,0.24242,494.71
1299,168,2,2,43,20,13,1,1,0,0.1689,0.22421,394.274
1300,35,1,1,9,4,1,1,1,0,0.1688,0.15726,66.378
1301,7,0,0,3,1,1,1,1,0,0.1688,0.21752,3.532
1302,43,0,0,10,6,2,1,1,0,0.1687,0.18091,77.138
1303,20,0,0,11,3,1,1,1,0,0.1686,0.22778,25.101
1304,37,1,1,14,4,5,1,1,0,0.1686,0.4121,44.784
1305,13,0,0,5,2,3,1,1,0,0.1685,1.16011,-7.448
1306,19,0,0,9,3,2,1,1,0,0.1684,0.59662,34.914
1307,20,0,0,8,3,2,1,1,0,0.1684,0.23041,35.146
1308,20,0,0,5,3,2,1,1,0,0.1683,0.16351,22.823
1309,21,0,0,9,3,2,1,1,0,0.1683,0.88031,13.273
1310,24,0,0,10,3,4,1,1,0,0.1682,0.46559,18.591
1311,64,1,1,22,7,9,1,1,0,0.1681,0.39029,104.17
1312,40,1,1,10,4,6,1,1,0,0.1681,0.41946,75.842
1313,35,0,0,13,5,7,1,1,0,0.168,0.33196,71.434
1314,13,0,0,5,2,1,1,1,0,0.1679,0.21363,18.377
1315,35,1,1,8,4,4,1,1,0,0.1679,0.20653,73.053
1316,17,1,1,7,2,1,1,1,0,0.1678,0.1702,34.656
1317,27,0,0,8,4,2,1,1,0,0.1678,0.14228,51.97
1318,28,0,0,9,4,3,1,1,0,0.1677,0.1663,52.938
1319,21,0,0,8,3,3,1,1,0,0.1676,0.14615,24.143
1320,75,0,0,21,9,5,1,1,0,0.1676,0.27632,164.212
1321,14,0,0,5,2,3,1,1,0,0.1675,0.14966,19.448
1322,24,0,0,6,3,3,1,1,0,0.1674,0.19119,42.229
1323,20,0,0,8,3,2,1,1,0,0.1674,0.51636,-1.838
1324,22,0,0,7,3,5,1,1,0,0.1673,0.13001,37.036
1325,68,2,2,21,8,6,1,1,0,0.1673,0.338,156.476
1326,13,0,0,5,2,1,1,1,0,0.1672,0.71573,7.234
1327,7,0,0,3,1,0,1,1,0,0.1671,0.1956,5.147
1328,32,2,2,9,3,4,1,1,0,0.1671,0.23283,50.765
1329,32,1,1,7,3,6,1,1,0,0.167,0.28493,68.491
1330,13,0,0,5,2,1,1,1,0,0.1669,1.14125,-18.324
1331,22,0,0,5,3,2,1,1,0,0.1669,0.22774,27.371
1332,13,0,0,5,2,0,1,1,0,0.1668,0.15666,20.468
1333,70,2,2,16,7,4,1,1,0,0.1668,0.30166,157.94
1334,29,0,0,8,4,1,1,1,0,0.1667,0.14566,56.805
1335,20,0,0,5,3,1,1,1,0,0.1666,0.26005,9.944
1336,24,1,1,7,3,4,1,1,0,0.1666,0.33297,11.432
1337,60,1,1,12,7,3,1,1,0,0.1665,0.25479,126.534
1338,14,0,0,4,2,1,1,1,0,0.1664,0.22774,21.436
1339,24,1,1,10,3,3,1,1,0,0.1664,0.68751,11.811
1340,17,1,1,7,2,2,1,1,0,0.1663,0.15396,34.031
1341,50,1,1,13,6,4,1,1,0,0.1663,0.37806,71.597
1342,42,1,1,9,5,7,1,1,0,0.1662,0.30948,74.774
1343,129,4,4,40,14,8,1,1,0,0.1661,0.20255,309.795
1344,152,4,4,40,17,7,1,1,0,0.1661,0.15326,374.106
1345,90,3,3,24,9,6,1,1,0,0.166,0.22522,218.935
1346,126,3,3,33,15,12,1,1,0,0.1659,0.34537,290.359
1347,6,0,0,3,1,1,1,1,0,0.1659,0.76656,3.211
1348,13,0,0,4,2,0,1,1,0,0.1658,0.16025,19.529
1349,6,0,0,3,1,0,1,1,0,0.1658,0.34177,2.742
1350,28,2,2,7,3,2,1,1,0,0.1657,0.17049,64.162
1351,55,1,1,18,6,6,1,1,0,0.1656,0.20663,123.792
1352,31,0,0,9,4,2,1,1,0,0.1656,0.16609,60.439
1353,126,3,3,36,14,5,1,1,0,0.1655,0.2035,317.566
1354,13,0,0,4,2,1,1,1,0,0.1654,0.46405,18.986
1355,6,0,0,3,1,1,1,1,0,0.1654,0.2569,2.407
1356,6,0,0,3,1,0,1,1,0,0.1653,0.06733,3.359
1357,13,0,0,5,2,1,1,1,0,0.1653,0.19433,19.195
1358,48,1,1,17,6,3,1,1,0,0.1652,0.35449,71.83
1359,53,1,1,12,6,4,1,1,0,0.1651,0.22437,122.15
1360,141,0,0,34,16,7,1,1,0,0.1651,0.27677,313.647
1361,60,0,0,15,7,4,1,1,0,0.165,0.28833,126.43
1362,57,2,2,13,5,6,1,1,0,0.1649,0.19278,132.741
1363,20,0,0,5,3,2,1,1,0,0.1649,0.74851,-2.764
1364,13,0,0,5,2,2,1,1,0,0.1648,0.74062,-18.776
1365,108,3,3,29,13,6,1,1,0,0.1648,0.24387,223.369
1366,28,1,1,7,3,3,1,1,0,0.1647,0.11886,60.229
1367,16,0,0,4,2,1,1,1,0,0.1646,0.36011,25.161
1368,77,2,2,22,8,11,1,1,0,0.1646,0.23357,173.905
1369,14,0,0,6,2,0,1,1,0,0.1645,0.13048,22.763
1370,46,1,1,15,6,3,1,1,0,0.1644,0.28854,99.883
1371,60,0,0,16,8,5,1,1,0,0.1644,0.34938,91.926
1372,50,0,0,16,6,3,1,1,0,0.1643,0.36494,105.406
1373,21,1,1,5,2,2,1,1,0,0.1643,0.09855,32.072
1374,19,1,1,3,2,1,1,1,0,0.1642,0.18248,37.996
1375,31,0,0,15,4,2,1,1,0,0.1641,0.6073,23.3
1376,5,0,0,3,1,1,1,1,0,0.1641,0.04055,1.04
1377,13,0,0,4,2,1,1,1,0,0.164,0.92248,-5.835
1378,5,0,0,1,1,0,1,1,0,0.1639,0.45393,-50.644
1379,42,0,0,11,5,2,1,1,0,0.1639,0.19713,98.904
1380,6,0,0,3,1,1,1,1,0,0.1638,0.13322,2.552
1381,88,2,2,26,11,3,1,1,0,0.1638,0.20145,200.42
1382,108,2,2,22,12,7,1,1,0,0.1637,0.19703,237.612
1383,6,0,0,3,1,0,1,1,0,0.1636,0.20936,2.694
1384,14,0,0,4,2,2,1,1,0,0.1636,0.35703,7.786
1385,6,0,0,3,1,1,1,1,0,0.1635,0.19907,2.331
1386,23,0,0,8,3,3,1,1,0,0.1634,0.10973,43.342
1387,5,0,0,3,1,1,1,1,0,0.1634,0.27856,-52.575
1388,101,1,1,31,13,5,1,1,0,0.1633,0.21616,194.866
1389,15,0,0,4,2,2,1,1,0,0.1633,0.10754,23.158
1390,7,0,0,1,1,2,1,1,0,0.1632,0.1738,3.923
1391,45,0,0,11,6,4,1,1,0,0.1631,0.15526,92.483
1392,13,0,0,3,2,2,1,1,0,0.1631,0.78867,-19.181
1393,13,0,0,4,2,1,1,1,0,0.163,0.17641,19.913
1394,7,0,0,3,1,2,1,1,0,0.1629,0.70173,4.132
1395,20,0,0,5,3,3,1,1,0,0.1629,0.44415,6.811
1396,13,0,0,3,2,1,1,1,0,0.1628,0.76434,-6.622
1397,5,0,0,4,1,2,1,1,0,0.1628,0.35675,-52.89
1398,5,0,0,2,1,1,1,1,0,0.1627,0.2111,-39.128
1399,23,0,0,9,3,4,1,1,0,0.1626,0.38193,28.22
1400,73,1,1,16,8,4,1,1,0,0.1626,0.18723,168.849
1401,20,0,0,5,3,1,1,1,0,0.1625,0.27256,22.929
1402,28,0,0,7,4,2,1,1,0,0.1624,0.22037,39.873
1403,22,1,1,10,3,2,1,1,0,0.1624,0.24004,30.719
1404,21,0,0,8,3,2,1,1,0,0.1623,0.15121,37.115
1405,25,1,1,7,3,2,1,1,0,0.1623,0.2632,13.528
1406,28,0,0,7,4,3,1,1,0,0.1622,0.16821,54.041
1407,39,3,3,7,3,2,1,1,0,0.1621,0.26093,97.123
1408,13,0,0,3,2,3,1,1,0,0.1621,1.05365,-6.897
1409,5,0,0,2,1,0,1,1,0,0.162,0.09267,0.8
1410,7,0,0,2,1,0,1,1,0,0.1619,0.13168,4.926
1411,22,0,0,6,3,4,1,1,0,0.1619,0.08834,38.679
1412,44,3,3,11,4,2,1,1,0,0.1618,0.303,108.495
1413,86,2,2,21,10,7,1,1,0,0.1618,0.19323,187.502
1414,121,3,3,33,14,8,1,1,0,0.1617,0.15625,300.965
1415,28,0,0,8,4,2,1,1,0,0.1616,0.14655,40.988
1416,21,0,0,7,3,3,1,1,0,0.1616,0.43221,11.216
1417,95,2,2,21,10,3,1,1,0,0.1615,0.2188,214.179
1418,7,0,0,3,1,0,1,1,0,0.1614,0.1534,5.241
1419,23,1,1,7,3,1,1,1,0,0.1614,0.16239,48.136
1420,30,0,0,7,4,3,1,1,0,0.1613,0.23008,43.818
1421,74,2,2,15,8,5,1,1,0,0.1613,0.33124,146.825
1422,20,0,0,5,3,4,1,1,0,0.1612,0.24712,-4.496
1423,30,0,0,9,4,4,1,1,0,0.1611,0.26512,56.314
1424,13,0,0,5,2,1,1,1,0,0.1611,1.22202,-5.824
1425,14,0,0,5,2,0,1,1,0,0.161,0.14554,-17.709
1426,5,0,0,2,1,2,1,1,0,0.1609,2.25251,-25.677
1427,5,0,0,3,1,2,1,1,0,0.1609,0.4893,-53.53
1428,108,2,2,33,13,12,1,1,0,0.1608,0.26649,248.735
1429,35,1,1,11,4,2,1,1,0,0.1608,0.4767,38.696
1430,42,0,0,14,6,6,1,1,0,0.1607,0.29819,73.331
1431,81,2,2,17,9,3,1,1,0,0.1606,0.18035,189.716
1432,26,1,1,8,3,1,1,1,0,0.1606,0.65046,31.162
1433,20,0,0,9,3,5,1,1,0,0.1605,0.70454,-3.229
1434,21,0,0,7,3,2,1,1,0,0.1604,0.30508,36.636
1435,109,1,1,26,12,5,1,1,0,0.1604,0.2952,249.478
1436,117,0,0,20,10,5,1,1,0,0.1603,0.18173,229.906
1437,7,0,0,2,1,2,1,1,0,0.1603,0.23495,3.995
1438,6,0,0,2,1,1,1,1,0,0.1602,0.38935,-10.867
1439,72,2,2,16,7,1,1,1,0,0.1601,0.21617,169.073
1440,21,0,0,6,3,2,1,1,0,0.1601,0.33823,-2.303
1441,26,1,1,6,3,4,1,1,0,0.16,0.31007,43.057
1442,115,3,3,27,13,8,1,1,0,0.1599,0.22381,266.018
1443,13,0,0,4,2,2,1,1,0,0.1599,0.41372,-19.868
1444,61,0,0,12,6,5,1,1,0,0.1598,0.31362,122.912
1445,31,0,0,10,4,2,1,1,0,0.1598,0.14315,61.113
1446,73,2,2,26,9,5,1,1,0,0.1597,0.29579,161.571
1447,7,0,0,3,1,0,1,1,0,0.1596,0.17959,4.789
1448,13,0,0,4,2,1,1,1,0,0.1596,0.25897,7.221
1449,42,0,0,12,5,3,1,1,0,0.1595,0.38118,60.197
1450,23,0,0,7,3,2,1,1,0,0.1594,0.54587,14.866
1451,13,0,0,5,2,2,1,1,0,0.1594,0.74872,-19.271
1452,25,1,1,8,3,2,1,1,0,0.1593,0.1551,51.756
1453,6,0,0,3,1,1,1,1,0,0.1593,0.17504,2.231
1454,7,0,0,3,1,1,1,1,0,0.1592,0.15644,4.241
1455,13,0,0,4,2,3,1,1,0,0.1591,0.15454,18.158
1456,15,0,0,2,2,2,1,1,0,0.1591,0.19018,9.363
1457,21,0,0,4,3,3,1,1,0,0.159,0.59182,-3.522
1458,6,0,0,2,1,1,1,1,0,0.1589,0.15623,1.865
1459,14,0,0,4,2,1,1,1,0,0.1589,0.14696,8.26
1460,15,0,0,5,2,3,1,1,0,0.1588,0.23868,9.781
1461,29,0,0,10,4,4,1,1,0,0.1588,0.14236,56.143
1462,6,0,0,2,1,0,1,1,0,0.1587,0.126,2.311
1463,21,0,0,7,3,2,1,1,0,0.1586,0.12051,25.289
1464,180,4,4,48,22,11,1,1,0,0.1586,0.27779,418.713
1465,13,0,0,5,2,2,1,1,0,0.1585,0.19636,18.698
1466,20,0,0,6,3,1,1,1,0,0.1584,0.36392,8.513
1467,21,0,0,5,3,4,1,1,0,0.1584,0.18257,33.258
1468,13,0,0,3,2,1,1,1,0,0.1583,0.23048,17.01
1469,26,1,1,7,3,2,1,1,0,0.1583,0.16084,43.445
1470,55,2,2,18,6,0,1,1,0,0.1582,0.15956,112.602
1471,113,2,2,30,13,11,1,1,0,0.1581,0.21605,248.458
1472,5,0,0,2,1,1,1,1,0,0.1581,2.38932,-36.858
1473,50,0,0,13,6,10,1,1,0,0.158,0.37978,60.853
1474,13,0,0,7,2,2,1,1,0,0.1579,0.5563,5.617
1475,7,0,0,2,1,1,1,1,0,0.1579,0.18981,4.37
1476,6,0,0,1,1,0,1,1,0,0.1578,0.64025,-37.265
1477,40,2,2,9,4,2,1,1,0,0.1578,0.17211,81.77
1478,6,0,0,3,1,2,1,1,0,0.1577,1.79784,1.283
1479,13,0,0,3,2,1,1,1,0,0.1576,0.17668,18.306
1480,6,0,0,2,1,1,1,1,0,0.1576,0.14749,1.802
1481,83,2,2,31,9,8,1,1,0,0.1575,0.21193,194.807
1482,161,4,4,57,18,15,1,1,0,0.1574,0.29687,382.046
1483,241,8,8,78,27,18,1,1,0,0.1574,0.30094,600.54
1484,14,0,0,3,2,2,1,1,0,0.1573,1.02336,-4.772
1485,13,0,0,4,2,1,1,1,0,0.1573,0.47799,-19.438
1486,5,0,0,2,1,0,1,1,0,0.1572,0.10852,-39.026
1487,20,0,0,5,3,2,1,1,0,0.1571,0.20879,34.215
1488,22,0,0,7,3,2,1,1,0,0.1571,0.18639,38.393
1489,13,0,0,7,2,2,1,1,0,0.157,0.23706,18.717
1490,109,2,2,34,13,5,1,1,0,0.1569,0.26243,251.292
1491,87,1,1,39,11,6,1,1,0,0.1569,0.31685,194.042
1492,13,0,0,5,2,0,1,1,0,0.1568,0.13398,19.84
1493,303,4,4,87,36,19,1,1,0,0.1568,0.26596,701.01
1494,21,1,1,9,2,1,1,1,0,0.1567,0.19592,47.246
1495,6,0,0,3,1,1,1,1,0,0.1566,0.27778,1.709
1496,36,0,0,11,5,4,1,1,0,0.1566,0.31616,31.935
1497,53,0,0,12,7,6,1,1,0,0.1565,0.12711,94.556
1498,13,0,0,5,2,2,1,1,0,0.1564,0.48426,-19.422
1499,6,0,0,3,1,1,1,1,0,0.1564,0.28442,2.54
1500,102,2,2,33,12,9,1,1,0,0.1563,0.4884,239.415
1501,311,3,3,72,35,25,1,1,0,0.1562,0.294,724.138
1502,13,0,0,3,2,4,1,1,0,0.1562,0.1684,15.606
1503,42,1,1,16,5,5,1,1,0,0.1561,0.23767,94.052
1504,13,0,0,4,2,1,1,1,0,0.1561,0.23264,6.42
1505,34,0,0,14,5,2,1,1,0,0.156,0.1874,55.18
1506,28,0,0,9,4,1,1,1,0,0.1559,0.16519,53.454
1507,22,0,0,7,3,4,1,1,0,0.1559,0.1739,38.597
1508,17,1,1,6,2,1,1,1,0,0.1558,0.23234,33.222
1509,14,0,0,5,2,2,1,1,0,0.1557,0.17319,19.582
1510,15,0,0,4,2,0,1,1,0,0.1557,0.16334,10.696
1511,20,0,0,7,3,4,1,1,0,0.1556,0.28992,34.849
1512,6,0,0,2,1,1,1,1,0,0.1556,0.16291,1.911
1513,13,0,0,4,2,2,1,1,0,0.1555,0.98562,-6.944
1514,13,0,0,4,2,0,1,1,0,0.1554,0.12151,-20.286
1515,39,1,1,9,5,4,1,1,0,0.1554,0.36765,58.158
1516,6,0,0,3,1,1,1,1,0,0.1553,0.14814,2.195
1517,6,0,0,3,1,3,1,1,0,0.1552,0.14153,1.236
1518,7,0,0,3,1,2,1,1,0,0.1552,0.67722,3.128
1519,13,0,0,4,2,0,1,1,0,0.1551,0.23288,19.633
1520,65,1,1,19,7,4,1,1,0,0.1551,0.18458,145.615
1521,21,0,0,6,3,1,1,1,0,0.155,0.15368,24.713
1522,5,0,0,3,1,2,1,1,0,0.1549,2.28084,-0.037
1523,21,1,1,6,3,4,1,1,0,0.1549,0.94708,3.313
1524,7,0,0,4,1,3,1,1,0,0.1548,0.36274,-49.747
1525,7,0,0,2,1,2,1,1,0,0.1547,0.11998,3.713
1526,16,0,0,5,2,2,1,1,0,0.1547,0.18249,24.329
1527,5,0,0,4,1,1,1,1,0,0.1546,0.46705,-52.912
1528,54,1,1,16,7,4,1,1,0,0.1546,0.16017,118.09
1529,6,0,0,3,1,1,1,1,0,0.1545,0.13125,2.214
1530,13,0,0,3,2,4,1,1,0,0.1544,0.46592,5.075
1531,85,1,1,23,10,9,1,1,0,0.1544,0.26226,188.27
1532,40,1,1,16,4,2,1,1,0,0.1543,0.44932,52.994
1533,153,2,2,44,19,13,1,1,0,0.1542,0.22092,348.601
1534,6,0,0,2,1,1,1,1,0,0.1542,0.12048,2.074
1535,5,0,0,4,1,0,1,1,0,0.1541,0.32512,-52.024
1536,5,0,0,1,1,0,1,1,0,0.1541,0.253,-52.457
1537,16,0,0,5,2,2,1,1,0,0.154,0.23458,23.653
1538,13,0,0,5,2,1,1,1,0,0.1539,0.72378,-19.359
1539,14,0,0,5,2,1,1,1,0,0.1539,0.12545,21.451
1540,22,0,0,7,3,1,1,1,0,0.1538,0.12931,40.475
1541,13,0,0,5,2,1,1,1,0,0.1537,0.17551,-20.317
1542,39,0,0,14,5,2,1,1,0,0.1537,0.2428,66.654
1543,34,1,1,9,4,2,1,1,0,0.1536,0.2328,74.138
1544,19,1,1,7,2,4,1,1,0,0.1536,0.12994,37.706
1545,13,0,0,7,2,5,1,1,0,0.1535,0.18654,17.59
1546,5,0,0,2,1,1,1,1,0,0.1534,4.08059,-24.277
1547,95,4,4,26,10,6,1,1,0,0.1534,0.19441,231.499
1548,13,0,0,5,2,1,1,1,0,0.1533,0.12107,19.34
1549,92,1,1,23,11,6,1,1,0,0.1532,0.31074,179.058
1550,86,2,2,26,10,2,1,1,0,0.1532,0.20112,202.514
1551,14,0,0,5,2,1,1,1,0,0.1531,0.28392,21.247
1552,13,0,0,7,2,2,1,1,0,0.1531,0.09908,20.013
1553,13,0,0,4,2,1,1,1,0,0.153,0.20202,18.958
1554,20,1,1,5,3,3,1,1,0,0.1529,0.29508,40.783
1555,5,0,0,4,1,2,1,1,0,0.1529,0.40428,-52.265
1556,158,4,4,47,19,7,1,1,0,0.1528,0.2236,375.559
1557,6,0,0,3,1,2,1,1,0,0.1527,0.13864,2.149
1558,20,0,0,6,3,3,1,1,0,0.1527,0.72695,-3.063
1559,155,1,1,35,17,8,1,1,0,0.1526,0.18385,338.657
1560,71,1,1,20,8,4,1,1,0,0.1526,0.1954,157.015
1561,5,0,0,4,1,0,1,1,0,0.1525,0.27033,-52.678
1562,6,0,0,3,1,1,1,1,0,0.1524,0.12988,2.502
1563,43,0,0,13,6,1,1,1,0,0.1524,0.18977,87.659
1564,13,0,0,4,2,4,1,1,0,0.1523,0.34486,3.956
1565,39,2,2,10,4,3,1,1,0,0.1522,0.17456,98.237
1566,98,3,3,28,11,8,1,1,0,0.1522,0.19651,223.984
1567,13,0,0,4,2,2,1,1,0,0.1521,1.09084,-6.219
1568,6,0,0,2,1,1,1,1,0,0.1521,0.23003,1.902
1569,15,0,0,5,2,1,1,1,0,0.152,0.10835,23.855
1570,6,0,0,2,1,0,1,1,0,0.1519,0.05433,2.764
1571,6,0,0,3,1,0,1,1,0,0.1519,0.19742,2.629
1572,21,0,0,5,3,4,1,1,0,0.1518,1.14725,-3.641
1573,49,2,2,16,5,2,1,1,0,0.1517,0.13468,113.87
1574,20,0,0,8,3,3,1,1,0,0.1517,0.77957,19.512
1575,80,1,1,27,9,5,1,1,0,0.1516,0.18421,183.263
1576,27,1,1,12,3,2,1,1,0,0.1516,0.4835,33.584
1577,13,0,0,4,2,0,1,1,0,0.1515,0.61892,-19.085
1578,15,0,0,3,2,3,1,1,0,0.1514,0.50275,-16.849
1579,37,0,0,11,5,2,1,1,0,0.1514,0.1536,75.142
1580,39,0,0,9,5,4,1,1,0,0.1513,0.18154,78.24
1581,27,0,0,8,4,1,1,1,0,0.1512,0.13188,39.135
1582,64,2,2,17,7,4,1,1,0,0.1512,0.11633,139.383
1583,98,1,1,32,12,7,1,1,0,0.1511,0.28646,221.672
1584,154,3,3,33,17,13,1,1,0,0.1511,0.2332,350.73
1585,28,0,0,9,4,1,1,1,0,0.151,0.42319,54.735
1586,6,0,0,3,1,1,1,1,0,0.1509,0.42135,2.665
1587,97,3,3,22,11,7,1,1,0,0.1509,0.22274,226.707
1588,21,0,0,8,3,0,1,1,0,0.1508,0.13777,38.769
1589,18,1,1,5,2,4,1,1,0,0.1507,0.82857,17.848
1590,47,0,0,18,6,5,1,1,0,0.1507,0.23425,95.209
1591,42,0,0,7,6,4,1,1,0,0.1506,0.37224,69.672
1592,20,0,0,7,3,0,1,1,0,0.1506,0.75667,-2.535
1593,20,0,0,6,3,2,1,1,0,0.1505,0.55718,-3.451
1594,5,0,0,2,1,2,1,1,0,0.1504,0.08243,-39.433
1595,60,0,0,17,8,5,1,1,0,0.1504,0.18676,125.737
1596,27,0,0,7,4,2,1,1,0,0.1503,0.21133,49.39
1597,101,1,1,26,11,13,1,1,0,0.1502,0.16598,208.478
1598,38,0,0,12,5,1,1,1,0,0.1502,0.16787,76.399
1599,13,0,0,3,2,2,1,1,0,0.1501,1.17383,-7.458
1600,13,0,0,3,2,3,1,1,0,0.1501,0.99319,-7.076
1601,13,0,0,3,2,0,1,1,0,0.15,0.15449,18.541
1602,23,0,0,8,3,6,1,1,0,0.1499,0.88621,-0.035
1603,6,0,0,3,1,1,1,1,0,0.1499,0.18715,2.192
1604,6,0,0,0,1,2,1,1,0,0.1498,0.65284,-36.542
1605,20,0,0,6,3,1,1,1,0,0.1497,0.10369,21.449
1606,99,0,0,33,13,6,1,1,0,0.1497,0.24015,218.618
1607,138,4,4,44,15,9,1,1,0,0.1496,0.22628,308.468
1608,35,1,1,18,4,0,1,1,0,0.1496,0.20289,83.214
1609,22,0,0,9,3,3,1,1,0,0.1495,0.22182,24.029
1610,249,2,2,69,31,17,1,1,0,0.1494,0.2638,557.018
1611,13,0,0,5,2,1,1,1,0,0.1494,0.20761,18.918
1612,20,0,0,5,3,3,1,1,0,0.1493,0.90232,-4.399
1613,161,3,3,44,18,10,1,1,0,0.1492,0.21214,373.216
1614,20,0,0,4,3,1,1,1,0,0.1492,0.55251,6.576
1615,20,0,0,8,3,2,1,1,0,0.1491,0.75863,-3.775
1616,36,1,1,11,4,3,1,1,0,0.1491,0.15102,64.855
1617,7,0,0,2,1,1,1,1,0,0.149,0.14949,2.747
1618,81,3,3,25,10,4,1,1,0,0.1489,0.17737,184.443
1619,25,1,1,8,3,3,1,1,0,0.1489,0.61068,28.174
1620,46,1,1,12,5,3,1,1,0,0.1488,0.14161,99.371
1621,30,0,0,7,4,3,1,1,0,0.1487,0.51343,26.118
1622,14,0,0,4,2,3,1,1,0,0.1487,0.18895,-20.598
1623,93,3,3,23,11,6,1,1,0,0.1486,0.21239,212.545
1624,149,4,4,49,16,7,1,1,0,0.1486,0.21135,357.59
1625,13,0,0,4,2,1,1,1,0,0.1485,0.19348,18.837
1626,14,0,0,4,2,2,1,1,0,0.1484,0.16045,20.839
1627,20,0,0,9,3,3,1,1,0,0.1484,0.67622,8.121
1628,7,0,0,1,1,0,1,1,0,0.1483,0.19489,3.996
1629,14,0,0,5,2,0,1,1,0,0.1482,0.131,21.995
1630,87,1,1,25,11,5,1,1,0,0.1482,0.19454,187.275
1631,6,0,0,3,1,1,1,1,0,0.1481,0.1702,2.081
1632,44,1,1,13,6,1,1,1,0,0.1481,0.17858,96.058
1633,29,0,0,7,4,0,1,1,0,0.148,0.1603,52.299
1634,20,0,0,8,3,3,1,1,0,0.1479,0.8107,9.958
1635,110,1,1,30,13,8,1,1,0,0.1479,0.27776,249.072
1636,31,1,1,10,3,3,1,1,0,0.1478,0.14398,70.481
1637,68,2,2,24,8,4,1,1,0,0.1477,0.32787,127.274
1638,21,0,0,7,3,4,1,1,0,0.1477,0.74381,1.001
1639,15,0,0,8,2,2,1,1,0,0.1476,0.43712,24.222
1640,37,1,1,12,4,2,1,1,0,0.1476,0.21604,70.063
1641,20,0,0,10,3,1,1,1,0,0.1475,0.27202,22.503
1642,36,0,0,16,5,6,1,1,0,0.1474,0.53604,45.715
1643,106,2,2,28,12,6,1,1,0,0.1474,0.20541,244.3
1644,20,0,0,6,3,1,1,1,0,0.1473,0.77641,20.858
1645,8,0,0,4,1,1,1,1,0,0.1472,0.17123,-47.12
1646,20,0,0,7,3,3,1,1,0,0.1472,0.26189,33.342
1647,22,0,0,8,3,1,1,1,0,0.1471,0.16977,40.386
1648,57,2,2,19,7,2,1,1,0,0.1471,0.24696,136.747
1649,6,0,0,3,1,2,1,1,0,0.147,0.39537,2.045
1650,59,0,0,20,8,4,1,1,0,0.1469,0.22535,123.828
1651,20,0,0,6,3,2,1,1,0,0.1469,0.45342,9.317
1652,28,0,0,9,4,5,1,1,0,0.1468,0.53169,39.368
1653,21,0,0,5,3,1,1,1,0,0.1467,0.17334,23.717
1654,16,0,0,5,2,6,1,1,0,0.1467,0.62317,-15.619
1655,5,0,0,4,1,1,1,1,0,0.1466,0.27714,-51.971
1656,13,0,0,5,2,2,1,1,0,0.1466,0.60786,-20.5
1657,15,1,1,7,2,2,1,1,0,0.1465,0.19689,27.719
1658,29,0,0,9,4,1,1,1,0,0.1464,0.20176,42.962
1659,13,0,0,5,2,1,1,1,0,0.1464,0.65243,19.521
1660,31,0,0,9,4,3,1,1,0,0.1463,0.15396,59.051
1661,28,0,0,7,3,3,1,1,0,0.1462,0.1817,62.982
1662,7,0,0,3,1,2,1,1,0,0.1462,0.15508,3.728
1663,113,1,1,29,13,6,1,1,0,0.1461,0.24599,231.68
1664,85,0,0,21,11,5,1,1,0,0.1461,0.2441,184.49
1665,15,1,1,4,2,1,1,1,0,0.146,0.24311,16.858
1666,98,2,2,30,12,6,1,1,0,0.1459,0.2015,213.831
1667,13,0,0,3,2,2,1,1,0,0.1459,1.07951,-7.131
1668,203,5,5,49,21,7,1,1,0,0.1458,0.25862,480.235
1669,36,0,0,9,5,2,1,1,0,0.1457,0.57007,45.725
1670,6,0,0,2,1,0,1,1,0,0.1457,0.21897,2.294
1671,34,0,0,11,5,2,1,1,0,0.1456,0.13885,57.045
1672,28,0,0,11,4,0,1,1,0,0.1456,0.52712,16.221
1673,15,0,0,4,2,4,1,1,0,0.1455,0.74815,-3.864
1674,21,0,0,6,3,0,1,1,0,0.1454,0.12882,36.846
1675,6,0,0,3,1,1,1,1,0,0.1454,0.18118,2.125
1676,29,0,0,10,4,4,1,1,0,0.1453,0.35155,28.069
1677,13,0,0,4,2,2,1,1,0,0.1452,0.82606,6.512
1678,13,0,0,4,2,1,1,1,0,0.1452,0.17223,19.012
1679,13,0,0,5,2,2,1,1,0,0.1451,0.93157,-19.723
1680,51,0,0,18,6,2,1,1,0,0.1451,0.19589,103.074
1681,81,2,2,24,9,3,1,1,0,0.145,0.14618,193.963
1682,51,1,1,19,6,1,1,1,0,0.1449,0.22848,113.072
1683,22,0,0,9,3,5,1,1,0,0.1449,0.40409,24.517
1684,20,0,0,4,3,3,1,1,0,0.1448,0.42649,33.46
1685,98,1,1,35,13,5,1,1,0,0.1447,0.18613,227.136
1686,20,0,0,6,3,1,1,1,0,0.1447,0.21097,35.049
1687,13,0,0,5,2,1,1,1,0,0.1446,0.91014,-5.976
1688,40,1,1,13,5,2,1,1,0,0.1446,0.12248,87.677
1689,144,4,4,39,17,9,1,1,0,0.1445,0.18575,337.012
1690,63,1,1,17,7,5,1,1,0,0.1444,0.3391,100.227
1691,135,1,1,42,16,2,1,1,0,0.1444,0.1632,311.421
1692,54,1,1,16,7,5,1,1,0,0.1443,0.19335,113.753
1693,5,0,0,2,1,3,1,1,0,0.1442,1.88052,-13.145
1694,74,1,1,20,9,1,1,1,0,0.1442,0.1342,167.089
1695,92,0,0,22,12,3,1,1,0,0.1441,0.16021,200.24
1696,53,0,0,16,7,4,1,1,0,0.1441,0.23042,108.745
1697,17,1,1,4,2,2,1,1,0,0.144,1.09433,-6.858
1698,281,3,3,71,31,19,1,1,0,0.1439,0.21758,619.061
1699,47,0,0,16,6,6,1,1,0,0.1439,0.21701,93.404
1700,17,0,0,6,2,1,1,1,0,0.1438,0.16171,26.841
1701,48,0,0,13,6,4,1,1,0,0.1437,0.14505,95.52
1702,150,3,3,40,17,9,1,1,0,0.1437,0.20827,324.36
1703,13,0,0,4,2,1,1,1,0,0.1436,0.18039,6.451
1704,82,2,2,22,9,4,1,1,0,0.1436,0.15648,186.146
1705,92,1,1,23,11,12,1,1,0,0.1435,0.26807,194.285
1706,13,0,0,3,2,1,1,1,0,0.1434,0.32164,-18.729
1707,6,0,0,3,1,1,1,1,0,0.1434,0.20799,2.039
1708,197,3,3,45,21,10,1,1,0,0.1433,0.23508,446.634
1709,31,0,0,10,4,2,1,1,0,0.1432,0.20539,57.198
1710,46,0,0,16,6,2,1,1,0,0.1432,0.35145,68.051
1711,37,0,0,13,5,5,1,1,0,0.1431,0.21297,69.899
1712,27,0,0,10,4,3,1,1,0,0.1431,0.17571,48.782
1713,56,0,0,18,7,4,1,1,0,0.143,0.15381,113.345
1714,13,0,0,7,2,1,1,1,0,0.1429,0.4543,6.966
1715,98,3,3,28,11,5,1,1,0,0.1429,0.26809,218.758
1716,137,2,2,33,16,9,1,1,0,0.1428,0.27356,298.434
1717,98,4,4,43,11,6,1,1,0,0.1427,0.25812,227.799
1718,5,0,0,3,1,2,1,1,0,0.1427,0.82665,0.002
1719,30,0,0,8,4,4,1,1,0,0.1426,0.41556,17.433
1720,49,1,1,20,6,5,1,1,0,0.1426,0.19553,107.405
1721,49,1,1,19,6,3,1,1,0,0.1425,0.13292,106.797
1722,6,0,0,3,1,2,1,1,0,0.1424,0.45895,1.921
1723,45,0,0,17,6,5,1,1,0,0.1424,0.17165,79.841
1724,88,3,3,28,9,6,1,1,0,0.1423,0.19308,200.536
1725,13,0,0,3,2,2,1,1,0,0.1422,0.23624,18.006
1726,14,0,0,4,2,2,1,1,0,0.1422,0.15271,7.982
1727,56,1,1,15,7,6,1,1,0,0.1421,0.23818,116.547
1728,13,0,0,3,2,2,1,1,0,0.1421,0.52096,-21.132
1729,7,0,0,1,1,0,1,1,0,0.142,0.17851,4.161
1730,32,1,1,13,4,1,1,1,0,0.1419,0.16971,56.841
1731,13,0,0,5,2,0,1,1,0,0.1419,0.17421,19.75
1732,8,0,0,2,1,1,1,1,0,0.1418,0.10357,5.834
1733,7,0,0,3,1,0,1,1,0,0.1417,0.16163,4.961
1734,161,3,3,51,18,14,1,1,0,0.1417,0.29755,363.371
1735,63,2,2,18,8,4,1,1,0,0.1416,0.17003,142.796
1736,13,0,0,5,2,1,1,1,0,0.1416,1.05651,-6.044
1737,165,5,5,45,18,7,1,1,0,0.1415,0.2452,389.06
1738,37,1,1,12,4,7,1,1,0,0.1414,0.39682,82.061
1739,39,0,0,10,5,6,1,1,0,0.1414,0.1439,63.091
1740,56,2,2,19,6,3,1,1,0,0.1413,0.26432,134.847
1741,42,0,0,12,6,2,1,1,0,0.1412,0.28397,84.868
1742,48,1,1,11,6,0,1,1,0,0.1412,0.15771,107.64
1743,13,0,0,4,2,2,1,1,0,0.1411,0.1447,17.966
1744,66,1,1,17,9,2,1,1,0,0.1411,0.25035,141.764
1745,15,0,0,4,2,0,1,1,0,0.141,0.22379,23.454
1746,56,1,1,17,7,3,1,1,0,0.1409,0.26388,109.531
1747,20,0,0,3,3,1,1,1,0,0.1409,0.2589,34.316
1748,80,1,1,26,10,7,1,1,0,0.1408,0.16593,178.231
1749,22,0,0,7,3,2,1,1,0,0.1407,0.13771,38.786
1750,6,0,0,3,1,1,1,1,0,0.1407,0.21262,1.982
1751,23,0,0,8,3,3,1,1,0,0.1406,0.23362,26.95
1752,30,1,1,6,3,3,1,1,0,0.1406,0.09868,60.025
1753,8,0,0,3,1,0,1,1,0,0.1405,0.13719,6.231
1754,13,0,0,4,2,2,1,1,0,0.1404,0.09624,5.108
1755,37,0,0,13,5,3,1,1,0,0.1404,0.52679,48.376
1756,14,0,0,4,2,3,1,1,0,0.1403,0.8584,-5.3
1757,47,2,2,12,5,2,1,1,0,0.1402,0.39046,99.539
1758,13,0,0,3,2,0,1,1,0,0.1402,0.72268,-19.966
1759,50,1,1,14,6,5,1,1,0,0.1401,0.1455,104.642
1760,14,0,0,4,2,2,1,1,0,0.1401,0.18272,-20.238
1761,105,1,1,27,13,6,1,1,0,0.14,0.23958,197.652
1762,400,8,8,84,43,16,0,0,1,0.1399,0.20038,975.69
1763,42,0,0,16,6,5,1,1,0,0.1399,0.48177,47.692
1764,88,2,2,24,10,4,1,1,0,0.1398,0.24994,198.948
1765,29,0,0,12,4,2,1,1,0,0.1397,0.26018,44.002
1766,29,0,0,10,4,2,1,1,0,0.1397,0.50152,17.258
1767,43,2,2,14,5,2,1,1,0,0.1396,0.43177,58.871
1768,27,0,0,11,4,4,1,1,0,0.1396,0.33963,49.436
1769,28,2,2,8,3,0,1,1,0,0.1395,0.57574,30.966
1770,6,0,0,2,1,1,1,1,0,0.1394,0.24795,1.736
1771,34,1,1,15,4,4,1,1,0,0.1394,0.50671,73.742
1772,7,0,0,3,1,0,1,1,0,0.1393,0.07818,5.223
1773,14,0,0,4,2,3,1,1,0,0.1392,0.17131,19.75
1774,33,1,1,9,4,1,1,1,0,0.1392,0.18529,55.669
1775,5,0,0,2,1,1,1,1,0,0.1391,3.62843,-24.233
1776,53,2,2,19,6,1,1,1,0,0.1391,0.36458,83.837
1777,13,0,0,3,2,0,1,1,0,0.139,0.25277,17.871
1778,21,0,0,7,3,1,1,1,0,0.1389,0.14434,36.87
1779,14,0,0,4,2,1,1,1,0,0.1389,0.14458,20.793
1780,21,0,0,5,3,2,1,1,0,0.1388,0.3748,10.86
1781,5,0,0,4,1,0,1,1,0,0.1387,0.17003,-51.535
1782,130,1,1,40,16,7,1,1,0,0.1387,0.25463,291.59
1783,134,3,3,38,16,6,1,1,0,0.1386,0.27032,318.979
1784,114,2,2,34,13,3,1,1,0,0.1386,0.22341,253.806
1785,13,0,0,5,2,1,1,1,0,0.1385,0.83761,-19.283
1786,15,0,0,4,2,1,1,1,0,0.1384,0.89777,-16.387
1787,8,0,0,3,1,1,1,1,0,0.1384,0.06852,6.546
1788,67,0,0,19,9,5,1,1,0,0.1383,0.28979,130.411
1789,13,0,0,5,2,0,1,1,0,0.1382,0.1101,19.538
1790,6,0,0,3,1,1,1,1,0,0.1382,0.06394,2.415
1791,16,1,1,5,2,1,1,1,0,0.1381,0.21926,28.165
1792,13,0,0,5,2,1,1,1,0,0.1381,0.44397,-19.278
1793,33,1,1,5,4,2,1,1,0,0.138,0.09587,70.579
1794,35,1,1,11,4,2,1,1,0,0.1379,0.143,76.22
1795,6,0,0,2,1,1,1,1,0,0.1379,0.21761,1.703
1796,144,3,3,44,17,14,1,1,0,0.1378,0.20857,311.472
1797,25,1,1,6,3,1,1,1,0,0.1377,0.50549,13.181
1798,49,1,1,11,6,5,1,1,0,0.1377,0.34441,93.975
1799,52,2,2,13,5,3,1,1,0,0.1376,0.29128,126.466
1800,13,0,0,4,2,2,1,1,0,0.1376,0.97525,-7.184
1801,6,0,0,3,1,1,1,1,0,0.1375,0.15845,1.956
1802,14,0,0,4,2,1,1,1,0,0.1374,0.44974,-5.676
1803,13,0,0,4,2,2,1,1,0,0.1374,0.95633,-8.301
1804,8,0,0,2,1,1,1,1,0,0.1373,0.03286,5.989
1805,14,0,0,5,2,3,1,1,0,0.1372,1.02489,-6.305
1806,39,0,0,14,5,3,1,1,0,0.1372,0.14111,76.681
1807,72,1,1,19,10,1,1,1,0,0.1371,0.18744,158.726
1808,13,0,0,4,2,0,1,1,0,0.1371,0.53463,-20.176
1809,6,0,0,3,1,1,1,1,0,0.137,0.17691,2.16
1810,37,0,0,13,5,2,1,1,0,0.1369,0.14815,74.388
1811,6,0,0,3,1,0,1,1,0,0.1369,0.05224,2.711
1812,14,0,0,4,2,3,1,1,0,0.1368,0.10826,18.674
1813,56,0,0,23,7,3,1,1,0,0.1367,0.24493,118.444
1814,7,0,0,2,1,3,1,1,0,0.1367,1.51841,-10.464
1815,75,1,1,24,9,8,1,1,0,0.1366,0.21341,161.173
1816,13,0,0,4,2,1,1,1,0,0.1366,0.33627,6.124
1817,78,1,1,16,9,4,1,1,0,0.1365,0.17718,158.585
1818,151,5,5,44,15,7,1,1,0,0.1364,0.21574,391.453
1819,23,1,1,9,3,0,1,1,0,0.1364,0.14864,47.601
1820,55,2,2,17,6,5,1,1,0,0.1363,0.3291,94.108
1821,143,5,5,34,14,14,1,1,0,0.1362,0.18498,343.312
1822,58,1,1,14,7,1,1,1,0,0.1362,0.29179,89.239
1823,24,1,1,7,3,2,1,1,0,0.1361,0.37077,9.542
1824,14,0,0,5,2,3,1,1,0,0.1361,0.97328,-5.835
1825,132,3,3,39,16,7,1,1,0,0.136,0.15664,300.317
1826,13,0,0,4,2,2,1,1,0,0.1359,1.04264,-6.909
1827,58,2,2,14,6,7,1,1,0,0.1359,0.26241,114.972
1828,14,0,0,4,2,0,1,1,0,0.1358,0.11708,21.634
1829,30,1,1,8,4,3,1,1,0,0.1357,0.33703,60.275
1830,13,0,0,5,2,0,1,1,0,0.1357,0.10477,18.918
1831,20,0,0,5,3,2,1,1,0,0.1356,0.33831,7.964
1832,13,0,0,4,2,2,1,1,0,0.1356,0.83249,-7.25
1833,13,0,0,5,2,0,1,1,0,0.1355,0.66836,6.913
1834,7,0,0,1,1,2,1,1,0,0.1354,0.22341,2.998
1835,66,1,1,22,8,4,1,1,0,0.1354,0.17324,148.256
1836,15,0,0,4,2,1,1,1,0,0.1353,0.68132,-2.885
1837,140,4,4,44,16,10,1,1,0,0.1352,0.20522,318.047
1838,36,2,2,12,4,2,1,1,0,0.1352,0.13961,80.524
1839,22,0,0,5,3,3,1,1,0,0.1351,0.22414,38.632
1840,23,0,0,3,3,0,1,1,0,0.1351,0.61903,15.043
1841,45,1,1,11,6,3,1,1,0,0.135,0.15184,79.918
1842,6,0,0,3,1,1,1,1,0,0.1349,0.17708,1.964
1843,50,1,1,12,6,5,1,1,0,0.1349,0.16773,111.991
1844,35,1,1,13,4,1,1,1,0,0.1348,0.36249,66.108
1845,13,1,1,6,2,1,1,1,0,0.1347,0.13382,21.736
1846,20,1,1,6,3,1,1,1,0,0.1347,0.36498,13.455
1847,60,0,0,19,8,4,1,1,0,0.1346,0.15404,127.264
1848,13,0,0,8,2,3,1,1,0,0.1346,0.75703,-6.812
1849,49,0,0,19,7,3,1,1,0,0.1345,0.31867,101.743
1850,78,0,0,22,10,4,1,1,0,0.1344,0.166,150.224
1851,37,0,0,9,5,2,1,1,0,0.1344,0.14075,72.269
1852,119,2,2,30,13,8,1,1,0,0.1343,0.2059,229.66
1853,98,1,1,24,11,11,1,1,0,0.1342,0.24464,209.448
1854,58,2,2,20,7,2,1,1,0,0.1342,0.18172,127.204
1855,53,2,2,12,6,4,1,1,0,0.1341,0.1679,117.122
1856,15,0,0,6,2,1,1,1,0,0.1341,0.15457,10.666
1857,62,0,0,15,7,6,1,1,0,0.134,0.22329,113.399
1858,20,0,0,4,3,0,1,1,0,0.1339,0.50503,-4.159
1859,13,0,0,3,2,0,1,1,0,0.1339,0.16877,18.908
1860,92,2,2,32,11,6,1,1,0,0.1338,0.24155,197.789
1861,100,1,1,27,11,3,1,1,0,0.1337,0.17547,219.979
1862,14,0,0,4,2,1,1,1,0,0.1337,0.16695,20.399
1863,41,1,1,15,5,2,1,1,0,0.1336,0.14578,87.998
1864,17,1,1,4,2,0,1,1,0,0.1336,0.20164,31.47
1865,20,0,0,4,3,0,1,1,0,0.1335,0.40125,-4.734
1866,106,2,2,35,12,6,1,1,0,0.1334,0.1855,229.945
1867,34,1,1,14,4,0,1,1,0,0.1334,0.22677,74.784
1868,80,2,2,20,9,5,1,1,0,0.1333,0.33703,142.419
1869,30,0,0,11,4,2,1,1,0,0.1332,0.34331,57.811
1870,41,0,0,10,5,4,1,1,0,0.1332,0.22973,79.185
1871,61,1,1,18,7,2,1,1,0,0.1331,0.1795,133.57
1872,13,0,0,4,2,1,1,1,0,0.1331,0.63613,-19.463
1873,47,1,1,16,6,4,1,1,0,0.133,0.18151,85.931
1874,25,1,1,9,3,0,1,1,0,0.1329,0.31254,13.457
1875,15,0,0,5,2,2,1,1,0,0.1329,0.14246,10.033
1876,96,4,4,37,12,4,1,1,0,0.1328,0.23796,226.991
1877,114,2,2,33,13,12,1,1,0,0.1327,0.4309,249.145
1878,14,0,0,4,2,4,1,1,0,0.1327,0.39796,20.233
1879,123,3,3,28,13,4,1,1,0,0.1326,0.17118,279.636
1880,6,0,0,2,1,3,1,1,0,0.1326,0.09788,0.749
1881,13,0,0,4,2,2,1,1,0,0.1325,1.1253,-6.972
1882,40,0,0,8,5,3,1,1,0,0.1324,0.17989,76.771
1883,30,0,0,10,4,2,1,1,0,0.1324,0.30751,45.333
1884,48,0,0,14,6,3,1,1,0,0.1323,0.139,96.659
1885,20,0,0,5,3,2,1,1,0,0.1322,0.21186,33.937
1886,13,0,0,4,2,2,1,1,0,0.1322,0.18665,-22.118
1887,16,1,1,6,2,0,1,1,0,0.1321,0.14808,29.062
1888,86,0,0,19,11,3,1,1,0,0.1321,0.31533,170.102
1889,25,1,1,10,3,0,1,1,0,0.132,0.18108,52.826
1890,82,2,2,27,10,5,1,1,0,0.1319,0.21077,190.831
1891,20,0,0,7,3,0,1,1,0,0.1319,0.62572,9.427
1892,119,4,4,33,12,8,1,1,0,0.1318,0.20514,287.278
1893,6,0,0,2,1,2,1,1,0,0.1317,0.09531,1.277
1894,13,0,0,5,2,1,1,1,0,0.1317,0.20073,18.744
1895,13,0,0,5,2,1,1,1,0,0.1316,0.29931,6.212
1896,106,4,4,38,10,2,1,1,0,0.1316,0.17657,269.281
1897,13,0,0,3,2,2,1,1,0,0.1315,0.22484,17.879
1898,5,0,0,2,1,0,1,1,0,0.1314,0.08643,1.334
1899,153,3,3,42,18,7,1,1,0,0.1314,0.30197,344.722
1900,6,0,0,3,1,1,1,1,0,0.1313,0.22877,2.095
1901,31,1,1,6,4,0,1,1,0,0.1312,0.11254,65.034
1902,7,0,0,3,1,3,1,1,0,0.1312,0.08655,3.071
1903,35,0,0,12,5,2,1,1,0,0.1311,0.15333,68.564
1904,13,0,0,5,2,0,1,1,0,0.1311,0.22682,10.644
1905,6,0,0,3,1,1,1,1,0,0.131,0.27068,2.413
1906,22,0,0,6,3,0,1,1,0,0.1309,0.12364,39.355
1907,20,1,1,5,3,2,1,1,0,0.1309,0.66068,12.993
1908,48,1,1,20,6,5,1,1,0,0.1308,0.28135,103.942
1909,6,0,0,3,1,4,1,1,0,0.1308,1.98602,-12.804
1910,23,1,1,10,3,3,1,1,0,0.1307,0.38482,51.601
1911,27,0,0,8,4,3,1,1,0,0.1306,0.14347,51.672
1912,36,2,2,12,4,4,1,1,0,0.1306,0.14258,66.326
1913,71,1,1,19,9,4,1,1,0,0.1305,0.16541,154.291
1914,249,7,7,70,27,6,1,1,0,0.1304,0.22826,595.019
1915,17,0,0,6,2,2,1,1,0,0.1304,0.17579,26.762
1916,157,2,2,40,18,5,1,1,0,0.1303,0.22562,342.134
1917,96,1,1,26,11,5,1,1,0,0.1302,0.20105,212.928
1918,53,1,1,18,7,7,1,1,0,0.1302,0.38689,113.487
1919,120,3,3,30,13,7,1,1,0,0.1301,0.23559,266.287
1920,89,2,2,18,10,1,1,1,0,0.1301,0.1686,197.151
1921,14,0,0,4,2,1,1,1,0,0.13,0.18809,21.429
1922,25,1,1,6,3,1,1,1,0,0.1299,0.62998,13.458
1923,207,1,1,60,24,7,1,1,0,0.1299,0.20409,456.924
1924,36,1,1,12,5,1,1,1,0,0.1298,0.15759,74.983
1925,5,0,0,3,1,1,1,1,0,0.1298,0.10511,-52.112
1926,6,0,0,3,1,1,1,1,0,0.1297,0.23844,1.951
1927,13,0,0,5,2,1,1,1,0,0.1296,0.70005,-19.481
1928,84,2,2,21,10,3,1,1,0,0.1296,0.3536,146.214
1929,28,1,1,12,4,2,1,1,0,0.1295,0.37061,44.712
1930,14,0,0,5,2,0,1,1,0,0.1294,0.21838,21.325
1931,13,0,0,3,2,2,1,1,0,0.1294,0.14561,8.804
1932,20,0,0,4,3,2,1,1,0,0.1293,0.87104,-4.58
1933,6,0,0,3,1,1,1,1,0,0.1292,0.17951,2.003
1934,33,0,0,9,4,1,1,1,0,0.1292,0.17401,62.484
1935,310,6,6,67,31,12,1,1,0,0.1291,0.23473,723.718
1936,38,0,0,11,5,1,1,1,0,0.1291,0.27996,36.813
1937,35,0,0,11,5,2,1,1,0,0.129,0.52,29.858
1938,73,1,1,19,8,4,1,1,0,0.1289,0.13509,159.958
1939,7,0,0,3,1,1,1,1,0,0.1289,0.4642,4.556
1940,20,0,0,6,3,0,1,1,0,0.1288,0.16805,23.187
1941,90,3,3,27,10,8,1,1,0,0.1288,0.34651,167.523
1942,21,0,0,10,3,2,1,1,0,0.1287,0.1919,36.553
1943,13,0,0,7,2,3,1,1,0,0.1286,0.47216,17.504
1944,13,0,0,4,2,3,1,1,0,0.1286,0.82118,5.32
1945,9,0,0,4,1,2,1,1,0,0.1285,0.13452,-44.888
1946,128,2,2,33,15,5,1,1,0,0.1284,0.26123,275.117
1947,20,0,0,8,3,1,1,1,0,0.1284,0.44946,-3.771
1948,47,1,1,17,6,4,1,1,0,0.1283,0.25649,75.542
1949,22,0,0,4,3,2,1,1,0,0.1282,0.5556,11.073
1950,72,2,2,20,8,3,1,1,0,0.1282,0.19922,156.56
1951,13,0,0,5,2,1,1,1,0,0.1281,0.89621,5.737
1952,200,5,5,73,23,9,1,1,0,0.1281,0.21776,464.211
1953,20,0,0,5,3,2,1,1,0,0.128,0.22485,31.79
1954,71,2,2,16,7,5,1,1,0,0.1279,0.18339,150.342
1955,22,0,0,8,3,1,1,1,0,0.1279,0.18544,39.395
1956,67,0,0,16,8,5,1,1,0,0.1278,0.1965,141.079
1957,13,0,0,3,2,1,1,1,0,0.1278,1.04311,-7.421
1958,63,5,5,23,6,1,1,1,0,0.1277,0.15858,161.027
1959,20,1,1,7,2,4,1,1,0,0.1276,0.76812,13.635
1960,13,0,0,4,2,1,1,1,0,0.1276,0.56638,-19.967
1961,32,1,1,12,4,4,1,1,0,0.1275,0.7309,27.336
1962,23,1,1,8,2,3,1,1,0,0.1274,0.21514,50.244
1963,20,0,0,10,3,1,1,1,0,0.1274,0.2267,35.923
1964,13,0,0,5,2,0,1,1,0,0.1273,0.14895,6.738
1965,14,0,0,5,2,2,1,1,0,0.1272,0.1911,19.787
1966,21,0,0,9,3,2,1,1,0,0.1272,0.2319,24.371
1967,114,3,3,28,13,5,1,1,0,0.1271,0.16932,256.688
1968,57,1,1,21,7,6,1,1,0,0.1271,0.1553,106.271
1969,34,0,0,11,5,3,1,1,0,0.127,0.17398,66.31
1970,13,0,0,4,2,2,1,1,0,0.1269,0.15324,18.22
1971,53,2,2,18,6,4,1,1,0,0.1269,0.14941,101.053
1972,29,0,0,10,4,0,1,1,0,0.1268,0.11044,55.753
1973,46,0,0,8,6,3,1,1,0,0.1268,0.17846,90.32
1974,29,0,0,11,4,3,1,1,0,0.1267,0.1918,53.17
1975,43,1,1,13,5,4,1,1,0,0.1266,0.23992,97.722
1976,15,0,0,6,2,1,1,1,0,0.1266,0.14277,22.299
1977,170,5,5,45,17,5,1,1,0,0.1265,0.18931,381.087
1978,100,1,1,31,13,7,1,1,0,0.1264,0.32336,217.858
1979,136,2,2,37,16,11,1,1,0,0.1264,0.21575,309.265
1980,6,0,0,3,1,1,1,1,0,0.1263,0.2152,1.81
1981,20,0,0,9,3,1,1,1,0,0.1262,0.20844,22.942
1982,6,0,0,2,1,1,1,1,0,0.1262,0.06494,1.78
1983,13,0,0,4,2,2,1,1,0,0.1261,1.10349,-8.255
1984,6,0,0,3,1,0,1,1,0,0.1261,0.1737,2.197
1985,13,0,0,5,2,1,1,1,0,0.126,0.1424,18.529
1986,37,0,0,10,5,2,1,1,0,0.1259,0.44894,38.71
1987,13,0,0,3,2,2,1,1,0,0.1259,1.02276,-6.826
1988,51,1,1,15,6,0,1,1,0,0.1258,0.12644,114.02
1989,36,0,0,14,5,3,1,1,0,0.1258,0.4494,37.75
1990,13,0,0,3,2,0,1,1,0,0.1257,1.11527,-7.138
1991,61,2,2,16,6,5,1,1,0,0.1256,0.19079,139.88
1992,24,1,1,6,3,1,1,1,0,0.1256,0.57741,22.62
1993,36,1,1,11,4,2,1,1,0,0.1255,0.11843,77.389
1994,6,0,0,1,1,1,1,1,0,0.1254,0.24057,1.172
1995,13,0,0,5,2,1,1,1,0,0.1254,0.12153,18.158
1996,29,0,0,9,4,1,1,1,0,0.1253,0.2016,53.15
1997,315,5,5,77,36,17,1,1,0,0.1252,0.23446,735.404
1998,159,3,3,40,18,7,1,1,0,0.1252,0.17678,353.017
1999,102,2,2,23,11,7,1,1,0,0.1251,0.15678,227.83
2000,208,1,1,52,24,8,1,1,0,0.1251,0.1911,455.501
2001,45,1,1,12,5,1,1,1,0,0.125,0.13199,84.845
2002,20,0,0,7,3,2,1,1,0,0.1249,0.21908,20.728
2003,85,1,1,21,10,2,1,1,0,0.1249,0.27509,174.227
2004,6,0,0,3,1,2,1,1,0,0.1248,0.18825,1.672
2005,20,0,0,6,3,2,1,1,0,0.1247,0.2351,21.18
2006,200,3,3,53,23,13,1,1,0,0.1247,0.37728,446.393
2007,13,1,1,6,2,1,1,1,0,0.1246,0.22052,21.096
2008,38,2,2,8,4,5,1,1,0,0.1246,0.20963,86.738
2009,15,0,0,5,2,1,1,1,0,0.1245,0.96651,-5.623
2010,45,2,2,11,5,2,1,1,0,0.1244,0.18992,101.908
2011,5,0,0,3,1,0,1,1,0,0.1244,0.09704,-38.216
2012,51,2,2,10,5,2,1,1,0,0.1243,0.20807,116.24
2013,20,0,0,7,3,3,1,1,0,0.1242,0.51788,7.185
2014,46,1,1,13,6,3,1,1,0,0.1242,0.16909,96.888
2015,24,0,0,5,3,0,1,1,0,0.1241,0.1521,40.861
2016,6,0,0,2,1,0,1,1,0,0.1241,0.14604,2.012
2017,6,0,0,2,1,1,1,1,0,0.124,0.20136,1.483
2018,13,0,0,4,2,2,1,1,0,0.1239,0.18706,16.863
2019,13,0,0,4,2,1,1,1,0,0.1239,0.35839,17.584
2020,49,0,0,15,6,2,1,1,0,0.1238,0.14408,98.283
2021,119,0,0,22,14,5,1,1,0,0.1237,0.28807,249.224
2022,20,0,0,5,3,1,1,1,0,0.1237,0.49391,-5.341
2023,78,0,0,22,10,4,1,1,0,0.1236,0.16142,157.299
2024,253,5,5,61,26,10,1,1,0,0.1236,0.21352,567.792
2025,23,0,0,9,3,0,1,1,0,0.1235,0.17425,40.895
2026,65,2,2,12,8,4,1,1,0,0.1234,0.20323,133.23
2027,32,0,0,9,4,2,1,1,0,0.1234,0.16593,58.906
2028,33,0,0,12,4,0,1,1,0,0.1233,0.26251,24.624
2029,21,0,0,10,3,1,1,1,0,0.1232,0.31819,36.494
2030,6,0,0,2,1,2,1,1,0,0.1232,0.18129,1.078
2031,71,0,0,14,8,2,1,1,0,0.1231,0.18712,142.17
2032,42,1,1,11,5,3,1,1,0,0.1231,0.1582,86.715
2033,221,7,7,46,22,15,1,1,0,0.123,0.19546,503.288
2034,360,5,5,82,39,22,1,1,0,0.1229,0.19506,788.343
2035,104,2,2,41,13,4,1,1,0,0.1229,0.16454,231.242
2036,6,0,0,3,1,1,1,1,0,0.1228,0.23037,1.59
2037,8,0,0,2,1,2,1,1,0,0.1227,0.18264,4.604
2038,140,4,4,56,15,6,1,1,0,0.1227,0.26439,325.258
2039,126,0,0,31,16,9,1,1,0,0.1226,0.14434,253.756
2040,104,1,1,29,12,9,1,1,0,0.1226,0.19596,220.506
2041,36,0,0,11,5,2,1,1,0,0.1225,0.25699,29.569
2042,176,2,2,42,20,10,1,1,0,0.1224,0.18238,372.264
2043,60,0,0,23,8,2,1,1,0,0.1224,0.17919,123.639
2044,85,4,4,26,9,8,1,1,0,0.1223,0.34474,158.02
2045,108,3,3,29,12,7,1,1,0,0.1222,0.15651,249.292
2046,58,0,0,16,8,5,1,1,0,0.1222,0.17277,114.685
2047,170,4,4,51,20,8,1,1,0,0.1221,0.29232,388.406
2048,93,3,3,27,10,5,1,1,0,0.1221,0.22678,204.17
2049,14,0,0,3,2,0,1,1,0,0.122,0.26119,19.722
2050,13,0,0,4,2,2,1,1,0,0.1219,0.63935,16.224
2051,20,0,0,7,3,2,1,1,0,0.1219,0.49848,6.082
2052,95,2,2,29,11,9,1,1,0,0.1218,0.32673,177.928
2053,48,0,0,18,7,2,1,1,0,0.1217,0.37248,73.123
2054,6,0,0,2,1,2,1,1,0,0.1217,0.1908,1.337
2055,72,1,1,20,8,4,1,1,0,0.1216,0.19087,139.67
2056,5,0,0,4,1,0,1,1,0,0.1216,0.17761,-51.749
2057,111,0,0,32,14,7,1,1,0,0.1215,0.26983,219.104
2058,13,0,0,5,2,0,1,1,0,0.1214,0.37511,5.635
2059,93,3,3,34,10,1,1,1,0,0.1214,0.15384,217.819
2060,6,0,0,2,1,1,1,1,0,0.1213,0.2422,1.142
2061,5,0,0,3,1,1,1,1,0,0.1212,0.10197,0.024
2062,13,0,0,4,2,1,1,1,0,0.1212,1.118,-7.705
2063,7,0,0,2,1,0,1,1,0,0.1211,0.17888,3.534
2064,21,0,0,8,3,2,1,1,0,0.1211,0.23832,34.936
2065,50,1,1,18,6,5,1,1,0,0.121,0.41093,106.489
2066,20,0,0,3,3,0,1,1,0,0.1209,0.18104,32.239
2067,302,5,5,69,36,9,1,1,0,0.1209,0.17904,688.559
2068,15,0,0,5,2,2,1,1,0,0.1208,0.14113,20.63
2069,42,0,0,15,6,1,1,1,0,0.1207,0.23548,79.944
2070,56,1,1,17,7,1,1,1,0,0.1207,0.12792,118.928
2071,186,3,3,59,24,7,1,1,0,0.1206,0.25276,411.672
2072,29,0,0,10,4,5,1,1,0,0.1206,0.26228,38.199
2073,20,0,0,7,3,2,1,1,0,0.1205,0.1686,17.953
2074,17,1,1,8,2,0,1,1,0,0.1204,0.15694,32.415
2075,133,5,5,37,14,9,1,1,0,0.1204,0.23956,278.24
2076,36,1,1,7,4,3,1,1,0,0.1203,0.18182,62.695
2077,35,0,0,11,5,2,1,1,0,0.1202,0.20673,52.985
2078,7,0,0,2,1,0,1,1,0,0.1202,0.15252,3.801
2079,5,0,0,1,1,1,1,1,0,0.1201,1.75338,-38.456
2080,266,5,5,58,30,9,1,1,0,0.1201,0.25676,583.63
2081,35,0,0,10,5,2,1,1,0,0.12,0.19151,65.391
2082,23,0,0,8,3,0,1,1,0,0.1199,0.1484,39.56
2083,143,4,4,40,15,9,1,1,0,0.1199,0.14764,332.945
2084,14,0,0,4,2,1,1,1,0,0.1198,0.27501,5.647
2085,6,0,0,2,1,1,1,1,0,0.1197,0.18783,1.086
2086,23,0,0,9,3,4,1,1,0,0.1197,0.54547,11.344
2087,5,0,0,1,1,1,1,1,0,0.1196,2.39944,-25.712
2088,139,3,3,42,15,9,1,1,0,0.1196,0.21057,292.895
2089,121,2,2,35,14,7,1,1,0,0.1195,0.22602,238.392
2090,249,2,2,57,25,16,1,1,0,0.1194,0.17944,515.594
2091,71,0,0,22,9,6,1,1,0,0.1194,0.31985,143.919
2092,7,0,0,2,1,0,1,1,0,0.1193,0.16788,3.635
2093,23,0,0,8,3,1,1,1,0,0.1192,0.16793,39.744
2094,5,0,0,3,1,1,1,1,0,0.1192,0.48699,-51.808
2095,35,0,0,13,5,5,1,1,0,0.1191,0.41312,26.317
2096,183,1,1,38,20,11,1,1,0,0.1191,0.28624,343.755
2097,134,3,3,31,15,9,1,1,0,0.119,0.27669,277.053
2098,13,0,0,5,2,1,1,1,0,0.1189,1.01399,-4.01
2099,66,1,1,25,8,4,1,1,0,0.1189,0.18975,123.414
2100,20,0,0,5,3,1,1,1,0,0.1188,0.79121,-8.183
2101,5,0,0,2,1,1,1,1,0,0.1187,0.12424,-0.203
2102,123,5,5,46,12,5,1,1,0,0.1187,0.17261,302.681
2103,13,0,0,4,2,1,1,1,0,0.1186,0.17331,-21.234
2104,43,0,0,14,6,3,1,1,0,0.1186,0.33729,68.788
2105,5,0,0,2,1,2,1,1,0,0.1185,0.22627,-0.619
2106,6,0,0,1,1,1,1,1,0,0.1184,0.32069,1.067
2107,19,0,0,7,3,1,1,1,0,0.1184,0.16657,30.19
2108,52,0,0,18,7,3,1,1,0,0.1183,0.20975,99.714
2109,5,0,0,4,1,2,1,1,0,0.1182,0.29095,-52.206
2110,20,0,0,5,3,0,1,1,0,0.1182,0.17016,19.4
2111,22,0,0,8,3,5,1,1,0,0.1181,0.66352,8.472
2112,38,0,0,8,5,1,1,1,0,0.1181,0.35515,43.348
2113,53,0,0,14,7,1,1,1,0,0.118,0.31105,64.662
2114,22,0,0,6,3,0,1,1,0,0.1179,0.14872,36.341
2115,54,0,0,15,7,5,1,1,0,0.1179,0.15532,105.204
2116,6,0,0,2,1,0,1,1,0,0.1178,0.21106,1.563
2117,24,0,0,6,3,4,1,1,0,0.1177,0.11486,38.689
2118,13,0,0,5,2,0,1,1,0,0.1177,0.16195,18.039
2119,100,1,1,29,13,4,1,1,0,0.1176,0.26158,201.105
2120,57,1,1,13,7,3,1,1,0,0.1176,0.13873,118.712
2121,6,0,0,2,1,1,1,1,0,0.1175,0.0968,1.327
2122,28,0,0,10,4,3,1,1,0,0.1174,0.1068,49.75
2123,47,2,2,12,5,3,1,1,0,0.1174,0.28238,78.863
2124,5,0,0,2,1,0,1,1,0,0.1173,0.0346,0.11
2125,5,0,0,3,1,0,1,1,0,0.1172,0.13297,-52.23
2126,30,0,0,8,4,2,1,1,0,0.1172,0.37168,53.491
2127,20,0,0,7,3,2,1,1,0,0.1171,0.76842,7.595
2128,113,3,3,34,13,8,1,1,0,0.1171,0.2252,245.976
2129,85,2,2,30,10,3,1,1,0,0.117,0.14457,186.976
2130,13,0,0,4,2,1,1,1,0,0.1169,0.18469,-22.428
2131,38,1,1,13,4,4,1,1,0,0.1169,0.36785,79.637
2132,5,0,0,3,1,0,1,1,0,0.1168,0.09089,-52.542
2133,6,0,0,2,1,1,1,1,0,0.1167,0.20503,1.446
2134,21,0,0,5,3,4,1,1,0,0.1167,0.4404,8.1
2135,16,1,1,7,2,0,1,1,0,0.1166,0.47304,-8.395
2136,23,0,0,8,3,1,1,1,0,0.1166,0.2544,37.899
2137,137,2,2,34,14,10,1,1,0,0.1165,0.17305,291.663
2138,5,0,0,3,1,0,1,1,0,0.1164,0.12526,-52.311
2139,154,4,4,55,18,14,1,1,0,0.1164,0.38043,333.166
2140,6,0,0,3,1,1,1,1,0,0.1163,0.27928,1.669
2141,35,0,0,17,5,3,1,1,0,0.1162,0.27479,67.407
2142,102,1,1,26,11,6,1,1,0,0.1162,0.32043,209.164
2143,161,2,2,44,19,5,1,1,0,0.1161,0.2759,328.359
2144,6,0,0,1,1,1,1,1,0,0.1161,0.24685,1.113
2145,13,0,0,4,2,1,1,1,0,0.116,0.18271,-21.325
2146,78,3,3,33,9,3,1,1,0,0.1159,0.19642,172.401
2147,174,2,2,48,21,10,1,1,0,0.1159,0.20058,371.689
2148,29,0,0,10,4,3,1,1,0,0.1158,0.21464,51.514
2149,115,2,2,26,12,6,1,1,0,0.1157,0.19715,247.141
2150,150,4,4,33,16,4,1,1,0,0.1157,0.28286,310.17
2151,5,0,0,4,1,0,1,1,0,0.1156,0.15692,-51.802
2152,23,0,0,8,3,4,1,1,0,0.1156,0.40251,25.832
2153,14,0,0,5,2,0,1,1,0,0.1155,0.17395,20.595
2154,20,0,0,5,3,0,1,1,0,0.1154,0.74583,20.749
2155,122,2,2,31,15,5,1,1,0,0.1154,0.21084,259.089
2156,64,0,0,16,8,3,1,1,0,0.1153,0.18484,124.649
2157,20,0,0,9,3,2,1,1,0,0.1152,0.7345,8.357
2158,65,3,3,26,7,2,1,1,0,0.1152,0.25637,153.269
2159,34,1,1,8,4,3,1,1,0,0.1151,0.23724,67.812
2160,31,0,0,13,4,3,1,1,0,0.1151,0.23054,56.23
2161,126,4,4,33,14,6,1,1,0,0.115,0.20814,270.884
2162,97,2,2,26,11,5,1,1,0,0.1149,0.20545,201.917
2163,48,1,1,14,6,1,1,1,0,0.1149,0.17638,94.853
2164,130,2,2,34,15,7,1,1,0,0.1148,0.19417,279.598
2165,38,1,1,9,4,5,1,1,0,0.1147,0.28943,73.794
2166,191,3,3,49,21,9,1,1,0,0.1147,0.21155,406.923
2167,21,0,0,6,3,0,1,1,0,0.1146,0.18448,35.327
2168,13,0,0,3,2,1,1,1,0,0.1146,0.38305,5.086
2169,13,0,0,4,2,0,1,1,0,0.1145,0.30701,5.147
2170,7,0,0,2,1,0,1,1,0,0.1144,0.21786,3.431
2171,21,0,0,6,3,2,1,1,0,0.1144,0.19464,33.004
2172,13,0,0,3,2,0,1,1,0,0.1143,0.16996,18.353
2173,28,0,0,7,4,2,1,1,0,0.1142,0.45973,10.112
2174,341,5,5,65,33,10,1,1,0,0.1142,0.19607,724.986
2175,8,0,0,3,1,2,1,1,0,0.1141,0.19024,4.448
2176,6,0,0,3,1,1,1,1,0,0.1141,0.24323,1.602
2177,322,5,5,83,36,11,1,1,0,0.114,0.2526,702.421
2178,50,2,2,12,6,1,1,1,0,0.1139,0.13553,95.681
2179,13,0,0,5,2,1,1,1,0,0.1139,0.15794,16.662
2180,103,3,3,28,12,4,1,1,0,0.1138,0.25001,220.198
2181,13,0,0,4,2,1,1,1,0,0.1137,0.94002,-7.904
2182,21,0,0,5,3,1,1,1,0,0.1137,0.17391,31.74
2183,13,0,0,4,2,2,1,1,0,0.1136,0.5177,4.416
2184,271,5,5,67,29,7,1,1,0,0.1136,0.20128,608.024
2185,95,3,3,23,10,10,1,1,0,0.1135,0.22498,208.902
2186,13,0,0,5,2,2,1,1,0,0.1134,0.34624,4.262
2187,55,1,1,13,6,4,1,1,0,0.1134,0.40514,96.352
2188,6,0,0,2,1,1,1,1,0,0.1133,0.20328,1.108
2189,154,2,2,41,17,6,1,1,0,0.1132,0.19944,332.845
2190,32,1,1,7,4,2,1,1,0,0.1132,0.53742,25.991
2191,13,0,0,2,2,1,1,1,0,0.1131,1.02918,-20.739
2192,182,3,3,56,20,10,1,1,0,0.1131,0.21123,404.43
2193,7,0,0,2,1,0,1,1,0,0.113,0.16544,3.7
2194,16,0,0,4,2,3,1,1,0,0.1129,0.27774,9.529
2195,153,0,0,31,17,4,1,1,0,0.1129,0.18003,312.397
2196,32,1,1,9,4,1,1,1,0,0.1128,0.49943,25.067
2197,5,0,0,3,1,0,1,1,0,0.1127,0.13933,-52.4
2198,6,0,0,2,1,0,1,1,0,0.1127,0.19574,1.476
2199,20,0,0,5,3,2,1,1,0,0.1126,0.78016,-5.789
2200,28,0,0,9,4,2,1,1,0,0.1126,0.71818,24.653
2201,29,2,2,9,3,2,1,1,0,0.1125,0.51872,36.532
2202,151,3,3,45,17,8,1,1,0,0.1124,0.22247,312.851
2203,34,1,1,11,4,2,1,1,0,0.1124,0.17549,64.71
2204,21,0,0,7,3,1,1,1,0,0.1123,0.14056,21.583
2205,114,1,1,32,13,6,1,1,0,0.1122,0.25653,223.679
2206,13,0,0,4,2,1,1,1,0,0.1122,0.20508,4.589
2207,169,4,4,52,19,6,1,1,0,0.1121,0.29966,353.745
2208,13,0,0,3,2,2,1,1,0,0.1121,0.74523,-4.993
2209,6,0,0,3,1,2,1,1,0,0.112,0.48005,1.268
2210,13,0,0,4,2,1,1,1,0,0.1119,0.28625,4.569
2211,29,0,0,7,4,2,1,1,0,0.1119,0.21445,49.823
2212,13,0,0,4,2,1,1,1,0,0.1118,0.25166,4.512
2213,111,2,2,31,13,7,1,1,0,0.1117,0.16455,233.967
2214,251,5,5,76,29,14,1,1,0,0.1117,0.26052,563.835
2215,27,0,0,8,4,4,1,1,0,0.1116,0.1635,45.309
2216,13,0,0,4,2,0,1,1,0,0.1116,0.19266,17.974
2217,13,0,0,3,2,2,1,1,0,0.1115,0.95203,-8.311
2218,6,0,0,2,1,0,1,1,0,0.1114,0.202,1.493
2219,6,0,0,2,1,1,1,1,0,0.1114,0.17756,1.109
2220,216,3,3,58,25,16,1,1,0,0.1113,0.2319,469.838
2221,28,0,0,8,4,1,1,1,0,0.1112,0.3398,23.948
2222,13,0,0,2,2,1,1,1,0,0.1112,0.22618,-21.377
2223,12,0,0,5,2,2,1,1,0,0.1111,0.2506,16.179
2224,154,1,1,37,17,3,1,1,0,0.1111,0.19347,330.746
2225,5,0,0,2,1,2,1,1,0,0.111,1.04109,-0.236
2226,27,0,0,12,4,3,1,1,0,0.1109,0.58681,9.246
2227,21,0,0,7,3,3,1,1,0,0.1109,0.10787,19.639
2228,21,0,0,7,3,1,1,1,0,0.1108,0.19225,34.668
2229,21,0,0,4,3,2,1,1,0,0.1107,0.15483,32.149
2230,58,1,1,19,7,8,1,1,0,0.1107,0.30282,117.221
2231,59,0,0,16,7,3,1,1,0,0.1106,0.15168,114.267
2232,99,0,0,28,12,3,1,1,0,0.1106,0.16242,202.192
2233,30,1,1,11,4,2,1,1,0,0.1105,0.2543,55.651
2234,13,0,0,4,2,1,1,1,0,0.1104,0.87458,-20.261
2235,163,2,2,41,19,5,1,1,0,0.1104,0.19577,349.001
2236,71,0,0,18,9,5,1,1,0,0.1103,0.24807,134.401
2237,103,2,2,36,12,1,1,1,0,0.1102,0.18137,222.505
2238,29,0,0,8,4,1,1,1,0,0.1102,0.17604,50.79
2239,32,1,1,10,4,2,1,1,0,0.1101,0.21863,64.197
2240,29,0,0,7,4,1,1,1,0,0.1101,0.11419,51.79
2241,20,0,0,9,3,1,1,1,0,0.11,0.73341,4.824
2242,72,2,2,15,8,2,1,1,0,0.1099,0.21144,156.144
2243,6,0,0,3,1,1,1,1,0,0.1099,0.15493,1.42
2244,20,0,0,6,3,1,1,1,0,0.1098,0.14423,19.259
2245,104,1,1,28,13,0,1,1,0,0.1097,0.14887,204.263
2246,62,0,0,13,8,4,1,1,0,0.1097,0.18247,119.155
2247,123,2,2,31,15,5,1,1,0,0.1096,0.1907,252.605
2248,7,0,0,3,1,2,1,1,0,0.1096,0.21898,2.533
2249,21,0,0,7,3,1,1,1,0,0.1095,0.11161,33.623
2250,29,0,0,8,4,1,1,1,0,0.1094,0.35286,50.46
2251,157,2,2,36,18,7,1,1,0,0.1094,0.28052,324.497
2252,13,0,0,8,2,0,1,1,0,0.1093,0.26021,17.554
2253,57,0,0,16,8,3,1,1,0,0.1092,0.1214,99.174
2254,61,1,1,24,8,2,1,1,0,0.1092,0.35531,127.975
2255,5,0,0,3,1,1,1,1,0,0.1091,0.08595,-0.019
2256,5,0,0,2,1,1,1,1,0,0.1091,0.1071,-12.401
2257,15,1,1,5,2,3,1,1,0,0.109,0.47549,-15.235
2258,13,0,0,4,2,1,1,1,0,0.1089,0.23711,4.138
2259,54,1,1,18,7,1,1,1,0,0.1089,0.16751,109.182
2260,86,2,2,33,11,2,1,1,0,0.1088,0.30012,169.037
2261,114,2,2,35,15,7,1,1,0,0.1087,0.22493,218.011
2262,26,1,1,5,3,1,1,1,0,0.1087,0.65924,11.655
2263,76,2,2,14,9,2,1,1,0,0.1086,0.16762,163.651
2264,21,0,0,5,3,2,1,1,0,0.1086,0.15929,30.835
2265,27,1,1,8,4,1,1,1,0,0.1085,0.12738,51.227
2266,15,0,0,5,2,1,1,1,0,0.1084,0.47192,19.599
2267,13,0,0,2,2,2,1,1,0,0.1084,0.17911,2.165
2268,13,0,0,4,2,1,1,1,0,0.1083,0.52256,-20.938
2269,13,0,0,5,2,0,1,1,0,0.1082,0.43012,-20.311
2270,5,0,0,2,1,1,1,1,0,0.1082,2.08538,-25.666
2271,36,0,0,12,5,1,1,1,0,0.1081,0.15588,54.229
2272,27,1,1,10,4,1,1,1,0,0.1081,0.17589,53.223
2273,49,2,2,13,5,7,1,1,0,0.108,0.30451,79.606
2274,196,3,3,55,21,10,1,1,0,0.1079,0.22491,384.768
2275,6,0,0,3,1,1,1,1,0,0.1079,0.21692,0.379
2276,13,0,0,3,2,2,1,1,0,0.1078,0.49161,-21.417
2277,21,0,0,6,3,0,1,1,0,0.1077,0.36522,34.107
2278,69,3,3,23,8,5,1,1,0,0.1077,0.36413,143.333
2279,28,0,0,8,4,0,1,1,0,0.1076,0.1769,46.836
2280,6,0,0,3,1,1,1,1,0,0.1076,0.16119,1.134
2281,6,0,0,2,1,1,1,1,0,0.1075,0.14134,1.047
2282,93,3,3,25,11,3,1,1,0,0.1074,0.17094,183.381
2283,20,0,0,8,3,3,1,1,0,0.1074,0.46295,19.314
2284,13,0,0,4,2,1,1,1,0,0.1073,0.64479,-9.502
2285,13,0,0,5,2,1,1,1,0,0.1072,0.18312,4.136
2286,6,0,0,3,1,1,1,1,0,0.1072,0.0683,1.384
2287,13,0,0,3,2,1,1,1,0,0.1071,0.34766,3.553
2288,6,0,0,3,1,1,1,1,0,0.1071,0.12464,1.138
2289,71,3,3,18,8,2,1,1,0,0.107,0.23301,153.89
2290,44,0,0,16,6,3,1,1,0,0.1069,0.15161,84.054
2291,56,1,1,16,7,0,1,1,0,0.1069,0.15034,116.58
2292,55,1,1,25,7,0,1,1,0,0.1068,0.19233,115.182
2293,26,1,1,5,3,1,1,1,0,0.1067,0.12956,50.536
2294,6,0,0,3,1,1,1,1,0,0.1067,0.18369,1.124
2295,44,2,2,13,5,2,1,1,0,0.1066,0.20195,95.587
2296,20,0,0,4,3,3,1,1,0,0.1066,0.13765,30.507
2297,156,2,2,42,19,8,1,1,0,0.1065,0.21307,337.581
2298,61,2,2,14,7,6,1,1,0,0.1064,0.14218,130.624
2299,37,1,1,9,5,1,1,1,0,0.1064,0.18969,72.537
2300,20,0,0,9,3,2,1,1,0,0.1063,0.1926,18.994
2301,61,0,0,14,8,2,1,1,0,0.1062,0.18597,107.515
2302,14,0,0,4,2,2,1,1,0,0.1062,1.12123,22.349
2303,101,3,3,36,11,6,1,1,0,0.1061,0.26415,228.624
2304,214,3,3,45,27,10,1,1,0,0.1061,0.1721,451.191
2305,18,1,1,4,2,3,1,1,0,0.106,0.16106,29.358
2306,20,0,0,7,3,1,1,1,0,0.1059,0.39019,6.157
2307,29,1,1,8,4,1,1,1,0,0.1059,0.17921,58.951
2308,14,0,0,4,2,2,1,1,0,0.1058,1.1248,-6.717
2309,14,0,0,4,2,0,1,1,0,0.1058,0.44553,18.356
2310,52,2,2,18,6,0,1,1,0,0.1057,0.15473,114.999
2311,58,0,0,19,8,5,1,1,0,0.1056,0.20019,100.186
2312,91,2,2,26,10,4,1,1,0,0.1056,0.14172,197.69
2313,13,0,0,3,2,1,1,1,0,0.1055,0.16478,14.981
2314,29,0,0,8,4,2,1,1,0,0.1054,0.12528,50.426
2315,120,3,3,35,14,3,1,1,0,0.1054,0.14406,263.899
2316,6,0,0,1,1,0,1,1,0,0.1053,0.78516,2.48
2317,21,0,0,9,3,2,1,1,0,0.1052,0.13691,33.562
2318,57,0,0,16,7,1,1,1,0,0.1052,0.20067,111.834
2319,143,5,5,31,14,4,1,1,0,0.1051,0.20946,314.932
2320,29,0,0,7,4,1,1,1,0,0.1051,0.14574,56.397
2321,44,1,1,12,5,1,1,1,0,0.105,0.26777,74.291
2322,111,1,1,24,13,4,1,1,0,0.1049,0.18057,214.393
2323,83,2,2,26,9,9,1,1,0,0.1049,0.17646,175.062
2324,20,0,0,6,3,1,1,1,0,0.1048,0.14928,31.52
2325,16,1,1,5,2,1,1,1,0,0.1048,0.31522,1.763
2326,14,0,0,5,2,1,1,1,0,0.1047,0.87381,-6.244
2327,142,3,3,42,16,4,1,1,0,0.1046,0.17171,311.083
2328,6,0,0,3,1,0,1,1,0,0.1046,0.21393,1.681
2329,101,2,2,29,12,8,1,1,0,0.1045,0.19997,187.649
2330,13,0,0,5,2,1,1,1,0,0.1044,0.78936,-7.84
2331,7,0,0,2,1,1,1,1,0,0.1044,0.17373,2.203
2332,6,0,0,2,1,1,1,1,0,0.1043,0.2052,1.0
2333,256,5,5,75,29,13,1,1,0,0.1042,0.22154,577.593
2334,92,0,0,24,12,5,1,1,0,0.1042,0.29846,146.669
2335,27,0,0,4,4,2,1,1,0,0.1041,0.65299,6.08
2336,34,1,1,11,4,3,1,1,0,0.1041,0.14023,71.453
2337,14,0,0,3,2,3,1,1,0,0.104,0.67778,9.753
2338,82,1,1,34,10,4,1,1,0,0.1039,0.21255,174.663
2339,14,0,0,2,2,2,1,1,0,0.1039,0.98384,-7.529
2340,7,0,0,3,1,2,1,1,0,0.1038,0.19849,2.623
2341,158,4,4,47,20,7,1,1,0,0.1038,0.17324,344.517
2342,366,8,8,82,39,13,1,1,0,0.1037,0.1586,796.322
2343,46,0,0,15,6,2,1,1,0,0.1036,0.34437,89.232
2344,63,1,1,19,8,5,1,1,0,0.1036,0.14221,114.605
2345,13,0,0,4,2,1,1,1,0,0.1035,0.73084,-21.149
2346,49,1,1,14,6,2,1,1,0,0.1034,0.38609,62.532
2347,13,0,0,5,2,1,1,1,0,0.1034,0.84412,4.258
2348,27,0,0,10,4,0,1,1,0,0.1033,0.369,34.932
2349,6,0,0,2,1,1,1,1,0,0.1032,0.09311,1.266
2350,152,4,4,39,17,8,1,1,0,0.1032,0.16033,331.246
2351,23,1,1,7,3,0,1,1,0,0.1031,0.17545,41.391
2352,5,0,0,3,1,1,1,1,0,0.1031,3.49205,-25.142
2353,218,5,5,78,25,10,1,1,0,0.103,0.18646,479.065
2354,13,0,0,4,2,1,1,1,0,0.1029,0.37701,4.142
2355,204,7,7,57,21,9,1,1,0,0.1029,0.16827,454.413
2356,96,1,1,22,10,4,1,1,0,0.1028,0.20042,190.182
2357,91,1,1,31,11,7,1,1,0,0.1028,0.33046,184.65
2358,6,0,0,3,1,1,1,1,0,0.1027,0.24831,1.43
2359,128,2,2,30,14,5,1,1,0,0.1026,0.21643,267.535
2360,38,1,1,12,4,5,1,1,0,0.1026,0.17804,76.979
2361,49,0,0,11,6,1,1,1,0,0.1025,0.35314,54.472
2362,6,0,0,2,1,0,1,1,0,0.1024,0.20377,1.752
2363,13,0,0,3,2,2,1,1,0,0.1024,0.29827,2.619
2364,82,3,3,22,9,4,1,1,0,0.1023,0.18792,167.374
2365,117,2,2,37,13,6,1,1,0,0.1022,0.1881,252.406
2366,13,0,0,3,2,1,1,1,0,0.1022,0.91256,4.451
2367,37,1,1,11,4,0,1,1,0,0.1021,0.33056,61.692
2368,22,0,0,7,3,2,1,1,0,0.1021,0.39455,35.793
2369,13,0,0,5,2,3,1,1,0,0.102,0.1055,16.0
2370,59,1,1,16,7,3,1,1,0,0.1019,0.1731,118.522
2371,6,0,0,3,1,3,1,1,0,0.1019,2.99205,-12.353
2372,94,1,1,23,11,2,1,1,0,0.1018,0.19134,184.033
2373,13,0,0,4,2,2,1,1,0,0.1018,1.17308,-8.831
2374,13,0,0,4,2,1,1,1,0,0.1017,0.53984,-20.748
2375,20,0,0,5,3,0,1,1,0,0.1016,0.53065,-6.052
2376,52,3,3,19,6,4,1,1,0,0.1016,0.17188,111.67
2377,210,6,6,58,23,6,1,1,0,0.1015,0.18988,472.579
2378,13,0,0,4,2,1,1,1,0,0.1014,0.82586,-7.493
2379,13,0,0,4,2,0,1,1,0,0.1014,1.11679,-7.402
2380,20,0,0,7,3,1,1,1,0,0.1013,0.18491,34.068
2381,13,0,0,3,2,1,1,1,0,0.1012,0.7358,-7.86
2382,6,0,0,2,1,1,1,1,0,0.1012,0.1536,1.187
2383,20,0,0,6,3,2,1,1,0,0.1011,0.34578,-6.159
2384,156,1,1,45,18,9,1,1,0,0.1011,0.25084,331.567
2385,64,1,1,17,8,3,1,1,0,0.101,0.20954,129.879
2386,20,0,0,6,3,1,1,1,0,0.1009,0.37769,6.508
2387,57,1,1,19,7,1,1,1,0,0.1009,0.16149,116.988
2388,38,0,0,11,5,3,1,1,0,0.1008,0.21436,70.452
2389,75,2,2,21,9,3,1,1,0,0.1008,0.25448,162.13
2390,93,0,0,22,11,3,1,1,0,0.1007,0.19949,176.011
2391,20,0,0,10,3,1,1,1,0,0.1006,0.23474,33.727
2392,24,1,1,8,3,2,1,1,0,0.1006,0.23891,46.761
2393,147,4,4,35,17,10,1,1,0,0.1005,0.18397,328.734
2394,74,3,3,21,7,5,1,1,0,0.1004,0.31749,169.974
2395,172,5,5,48,20,7,1,1,0,0.1004,0.24381,374.368
2396,13,0,0,5,2,1,1,1,0,0.1003,1.1262,-7.935
2397,6,0,0,3,1,1,1,1,0,0.1002,0.1962,1.395
2398,46,1,1,10,6,3,1,1,0,0.1002,0.40832,55.104
2399,165,4,4,51,19,11,1,1,0,0.1001,0.21841,375.353
2400,32,1,1,8,4,4,1,1,0,0.1001,0.39428,53.207
2401,5,0,0,3,1,0,1,1,0,0.1,0.13264,0.367
2402,17,1,1,4,2,2,1,1,0,0.0999,0.16508,27.387
2403,23,0,0,6,3,3,1,1,0,0.0999,0.11513,36.392
2404,20,0,0,7,3,0,1,1,0,0.0998,0.14274,32.329
2405,6,0,0,3,1,1,1,1,0,0.0998,0.23719,1.482
2406,136,2,2,38,17,6,1,1,0,0.0997,0.23572,299.845
2407,64,2,2,15,7,1,1,1,0,0.0996,0.18292,141.318
2408,117,1,1,32,15,5,1,1,0,0.0996,0.14666,248.047
2409,20,0,0,8,3,3,1,1,0,0.0995,0.38997,19.517
2410,88,1,1,27,11,2,1,1,0,0.0994,0.15799,175.766
2411,51,1,1,19,6,4,1,1,0,0.0994,0.31743,62.895
2412,21,0,0,6,3,3,1,1,0,0.0993,0.66058,-4.67
2413,75,2,2,17,9,3,1,1,0,0.0992,0.19619,145.549
2414,20,0,0,6,3,1,1,1,0,0.0992,0.78154,-5.685
2415,35,1,1,8,4,1,1,1,0,0.0991,0.1392,57.166
2416,27,0,0,9,4,2,1,1,0,0.0991,0.20557,46.77
2417,28,0,0,9,4,1,1,1,0,0.099,0.36523,23.028
2418,30,1,1,6,4,2,1,1,0,0.0989,0.18065,56.575
2419,28,0,0,6,4,1,1,1,0,0.0989,0.11378,48.38
2420,37,0,0,11,5,0,1,1,0,0.0988,0.26841,57.446
2421,6,0,0,2,1,0,1,1,0,0.0988,0.21632,1.446
2422,43,1,1,14,5,4,1,1,0,0.0987,0.4098,62.203
2423,55,0,0,14,7,1,1,1,0,0.0986,0.21633,107.336
2424,75,1,1,24,9,5,1,1,0,0.0986,0.17488,137.68
2425,13,0,0,4,2,1,1,1,0,0.0985,0.19305,17.505
2426,356,5,5,80,39,13,1,1,0,0.0984,0.18363,775.758
2427,51,2,2,12,6,3,1,1,0,0.0984,0.30088,82.597
2428,35,0,0,10,5,0,1,1,0,0.0983,0.13055,63.875
2429,66,0,0,26,9,4,1,1,0,0.0982,0.16233,134.936
2430,14,0,0,3,2,1,1,1,0,0.0982,0.21334,18.451
2431,13,0,0,2,2,2,1,1,0,0.0981,0.71782,-21.247
2432,20,0,0,5,3,3,1,1,0,0.0981,0.13428,17.085
2433,66,1,1,15,8,2,1,1,0,0.098,0.25231,134.129
2434,21,0,0,4,3,2,1,1,0,0.0979,0.14215,33.237
2435,77,1,1,24,9,3,1,1,0,0.0979,0.19375,160.55
2436,21,0,0,8,3,2,1,1,0,0.0978,0.28045,33.409
2437,273,3,3,53,32,12,1,1,0,0.0978,0.16138,576.637
2438,13,0,0,4,2,0,1,1,0,0.0977,0.1947,17.285
2439,13,0,0,5,2,2,1,1,0,0.0976,0.24787,16.768
2440,37,2,2,12,4,2,1,1,0,0.0976,0.15552,67.81
2441,25,2,2,7,3,3,1,1,0,0.0975,0.42977,10.274
2442,13,0,0,4,2,0,1,1,0,0.0974,0.10218,17.111
2443,20,0,0,7,3,0,1,1,0,0.0974,0.41392,7.238
2444,13,0,0,3,2,2,1,1,0,0.0973,0.18036,15.155
2445,21,0,0,7,3,2,1,1,0,0.0972,0.23184,32.856
2446,62,1,1,19,7,5,1,1,0,0.0972,0.14257,125.864
2447,46,0,0,17,6,2,1,1,0,0.0971,0.1329,88.107
2448,20,0,0,6,3,1,1,1,0,0.0971,0.13267,18.945
2449,13,0,0,5,2,2,1,1,0,0.097,0.89728,-22.633
2450,6,0,0,1,1,1,1,1,0,0.0969,0.08285,1.226
2451,81,2,2,21,10,2,1,1,0,0.0969,0.12674,171.133
2452,283,7,7,78,32,6,1,1,0,0.0968,0.17199,650.916
2453,50,0,0,17,7,0,1,1,0,0.0968,0.38801,84.688
2454,6,0,0,3,1,1,1,1,0,0.0967,0.27368,1.189
2455,42,2,2,18,5,1,1,1,0,0.0966,0.46716,97.467
2456,13,0,0,3,2,0,1,1,0,0.0966,1.1179,-8.208
2457,82,0,0,28,11,6,1,1,0,0.0965,0.22833,150.523
2458,13,0,0,5,2,1,1,1,0,0.0964,0.12878,17.599
2459,274,4,4,69,33,12,1,1,0,0.0964,0.1807,587.692
2460,104,1,1,24,13,6,1,1,0,0.0963,0.30909,177.2
2461,14,0,0,3,2,0,1,1,0,0.0962,0.13007,19.472
2462,14,0,0,3,2,4,1,1,0,0.0962,0.15841,17.356
2463,160,3,3,40,17,4,1,1,0,0.0961,0.20385,349.851
2464,84,0,0,21,10,2,1,1,0,0.0961,0.16706,167.965
2465,20,0,0,6,3,2,1,1,0,0.096,0.12513,31.18
2466,6,0,0,3,1,1,1,1,0,0.0959,0.13622,1.587
2467,84,4,4,27,9,3,1,1,0,0.0959,0.22491,194.512
2468,112,2,2,34,12,6,1,1,0,0.0958,0.3184,211.394
2469,81,2,2,24,10,2,1,1,0,0.0958,0.19772,171.769
2470,69,0,0,14,8,3,1,1,0,0.0957,0.15958,134.331
2471,103,0,0,23,12,2,1,1,0,0.0956,0.1573,206.568
2472,5,0,0,2,1,0,1,1,0,0.0956,0.10267,-52.362
2473,6,0,0,3,1,1,1,1,0,0.0955,0.18252,1.429
2474,5,0,0,2,1,0,1,1,0,0.0954,0.0994,-52.436
2475,36,0,0,11,5,0,1,1,0,0.0954,0.15359,66.472
2476,6,0,0,3,1,1,1,1,0,0.0953,0.19899,1.3
2477,91,2,2,19,9,2,1,1,0,0.0952,0.19414,179.989
2478,57,1,1,16,6,1,1,1,0,0.0952,0.17469,101.314
2479,87,1,1,22,10,4,1,1,0,0.0951,0.16501,175.23
2480,20,0,0,4,3,2,1,1,0,0.0951,0.45171,5.395
2481,25,0,0,6,3,1,1,1,0,0.095,0.1212,28.333
2482,32,1,1,7,4,2,1,1,0,0.0949,0.49189,24.726
2483,13,0,0,5,2,1,1,1,0,0.0949,1.05434,-9.118
2484,20,0,0,7,3,1,1,1,0,0.0948,0.54398,-5.759
2485,42,1,1,14,5,0,1,1,0,0.0948,0.132,85.033
2486,172,7,7,48,17,6,1,1,0,0.0947,0.14738,393.524
2487,235,4,4,71,28,7,1,1,0,0.0946,0.22531,474.02
2488,33,1,1,12,4,0,1,1,0,0.0946,0.18768,64.081
2489,14,0,0,7,2,2,1,1,0,0.0945,0.21184,17.987
2490,37,0,0,14,5,1,1,1,0,0.0944,0.39113,31.153
2491,67,0,0,29,9,2,1,1,0,0.0944,0.29145,98.199
2492,78,1,1,25,9,3,1,1,0,0.0943,0.13179,151.449
2493,28,0,0,8,4,3,1,1,0,0.0942,0.14581,47.544
2494,91,4,4,35,11,4,1,1,0,0.0942,0.21292,205.249
2495,14,0,0,3,2,0,1,1,0,0.0941,0.17332,19.458
2496,6,0,0,2,1,1,1,1,0,0.0941,0.22178,1.036
2497,115,2,2,33,13,5,1,1,0,0.094,0.18221,238.046
2498,35,0,0,15,5,1,1,1,0,0.0939,0.20256,64.367
2499,56,0,0,16,8,1,1,1,0,0.0939,0.18632,103.644
2500,6,0,0,3,1,1,1,1,0,0.0938,0.18691,1.28
2501,27,0,0,8,4,2,1,1,0,0.0938,0.13562,32.887
2502,22,0,0,7,3,2,1,1,0,0.0937,0.19132,21.462
2503,51,2,2,22,6,2,1,1,0,0.0936,0.17455,110.341
2504,30,1,1,9,4,1,1,1,0,0.0936,0.34862,16.184
2505,31,3,3,14,4,1,1,1,0,0.0935,0.27145,70.278
2506,13,0,0,4,2,0,1,1,0,0.0934,0.17581,17.73
2507,13,0,0,5,2,1,1,1,0,0.0934,0.18285,4.692
2508,25,1,1,11,3,1,1,1,0,0.0933,0.17181,46.323
2509,16,1,1,4,2,2,1,1,0,0.0932,0.36709,0.302
2510,349,8,8,96,39,11,1,1,0,0.0932,0.21912,779.878
2511,13,0,0,4,2,0,1,1,0,0.0931,1.01058,-7.49
2512,16,1,1,7,2,0,1,1,0,0.0931,0.38159,-8.798
2513,61,1,1,22,8,2,1,1,0,0.093,0.17727,116.577
2514,132,3,3,55,16,8,1,1,0,0.0929,0.23046,294.539
2515,9,0,0,2,1,2,1,1,0,0.0929,0.16648,6.206
2516,44,1,1,17,6,0,1,1,0,0.0928,0.21466,92.544
2517,6,0,0,1,1,1,1,1,0,0.0927,0.28599,0.856
2518,25,1,1,9,3,2,1,1,0,0.0927,0.2689,49.683
2519,106,4,4,36,13,3,1,1,0,0.0926,0.34769,202.15
2520,20,0,0,4,3,0,1,1,0,0.0926,0.17972,32.814
2521,69,0,0,23,9,2,1,1,0,0.0925,0.18132,125.722
2522,308,6,6,76,36,11,1,1,0,0.0924,0.21618,668.628
2523,112,3,3,29,14,3,1,1,0,0.0924,0.23636,203.513
2524,194,5,5,66,21,6,1,1,0,0.0923,0.17955,443.487
2525,20,0,0,9,3,0,1,1,0,0.0922,0.70949,9.72
2526,160,4,4,54,20,6,1,1,0,0.0922,0.15963,353.215
2527,20,0,0,6,3,1,1,1,0,0.0921,0.18266,20.377
2528,72,1,1,22,10,4,1,1,0,0.0921,0.19425,152.501
2529,33,1,1,13,4,2,1,1,0,0.092,0.15299,66.075
2530,116,4,4,39,15,5,1,1,0,0.0919,0.39973,216.479
2531,6,0,0,3,1,0,1,1,0,0.0919,0.22119,1.936
2532,26,1,1,7,3,1,1,1,0,0.0918,0.10157,52.637
2533,93,3,3,26,11,3,1,1,0,0.0917,0.29488,178.615
2534,5,0,0,3,1,1,1,1,0,0.0917,0.14136,-52.424
2535,118,2,2,42,15,6,1,1,0,0.0916,0.20696,254.727
2536,5,0,0,2,1,0,1,1,0,0.0916,0.10371,-38.134
2537,6,0,0,3,1,1,1,1,0,0.0915,0.22741,1.544
2538,176,4,4,62,22,6,1,1,0,0.0914,0.20396,411.395
2539,66,0,0,21,9,1,1,1,0,0.0914,0.22255,95.667
2540,5,0,0,2,1,1,1,1,0,0.0913,1.68682,-38.418
2541,69,2,2,23,8,2,1,1,0,0.0912,0.14877,154.052
2542,7,0,0,3,1,0,1,1,0,0.0912,0.20189,3.959
2543,249,7,7,85,30,7,1,1,0,0.0911,0.22501,579.894
2544,76,3,3,29,9,3,1,1,0,0.0911,0.24601,134.547
2545,28,0,0,12,4,2,1,1,0,0.091,0.5721,28.022
2546,29,0,0,8,4,2,1,1,0,0.0909,0.20687,50.955
2547,28,0,0,11,4,1,1,1,0,0.0909,0.54847,25.767
2548,66,0,0,20,9,4,1,1,0,0.0908,0.18705,116.967
2549,41,2,2,11,4,4,1,1,0,0.0907,0.43918,51.81
2550,34,1,1,11,4,0,1,1,0,0.0907,0.4729,56.522
2551,31,0,0,10,4,1,1,1,0,0.0906,0.14808,57.418
2552,42,2,2,17,6,3,1,1,0,0.0906,0.23401,81.407
2553,16,0,0,5,2,2,1,1,0,0.0905,0.20463,20.857
2554,7,0,0,3,1,0,1,1,0,0.0904,0.21691,3.249
2555,36,0,0,11,5,1,1,1,0,0.0904,0.17261,68.123
2556,9,0,0,2,1,1,1,1,0,0.0903,0.10995,6.774
2557,15,0,0,5,2,1,1,1,0,0.0902,0.92325,-3.354
2558,185,2,2,50,23,7,1,1,0,0.0902,0.22583,392.262
2559,14,0,0,4,2,2,1,1,0,0.0901,0.18016,19.235
2560,13,0,0,4,2,2,1,1,0,0.0901,0.23612,-21.827
2561,132,4,4,43,16,5,1,1,0,0.09,0.2655,273.843
2562,27,0,0,9,4,2,1,1,0,0.0899,0.2159,47.978
2563,114,2,2,38,14,7,1,1,0,0.0899,0.15345,255.119
2564,28,1,1,10,4,4,1,1,0,0.0898,0.4655,53.349
2565,5,0,0,4,1,1,1,1,0,0.0897,0.11008,-52.561
2566,35,0,0,10,5,1,1,1,0,0.0897,0.17197,64.851
2567,20,0,0,7,3,0,1,1,0,0.0896,0.39249,30.873
2568,13,0,0,5,2,1,1,1,0,0.0896,0.20631,17.913
2569,163,3,3,46,20,6,1,1,0,0.0895,0.24026,359.301
2570,197,6,6,65,22,7,1,1,0,0.0894,0.17799,454.16
2571,20,0,0,7,3,1,1,1,0,0.0894,0.14743,32.966
2572,6,0,0,2,1,1,1,1,0,0.0893,0.24183,1.157
2573,28,0,0,7,4,2,1,1,0,0.0892,0.18162,49.402
2574,88,2,2,31,10,1,1,1,0,0.0892,0.2052,202.174
2575,47,2,2,17,5,5,1,1,0,0.0891,0.21358,93.739
2576,22,0,0,7,3,2,1,1,0,0.0891,0.35542,33.475
2577,143,5,5,45,16,10,1,1,0,0.089,0.17663,319.973
2578,20,0,0,7,3,3,1,1,0,0.0889,0.4408,6.335
2579,103,3,3,33,12,2,1,1,0,0.0889,0.1546,234.081
2580,5,0,0,3,1,1,1,1,0,0.0888,0.21319,0.554
2581,101,4,4,33,11,7,1,1,0,0.0887,0.25268,199.884
2582,79,2,2,29,10,4,1,1,0,0.0887,0.17773,177.408
2583,42,1,1,12,5,2,1,1,0,0.0886,0.15581,77.727
2584,6,0,0,3,1,1,1,1,0,0.0886,0.24971,1.781
2585,128,4,4,45,15,9,1,1,0,0.0885,0.2016,257.538
2586,36,0,0,12,5,0,1,1,0,0.0884,0.49576,35.335
2587,6,0,0,2,1,0,1,1,0,0.0884,0.21476,1.704
2588,6,0,0,3,1,0,1,1,0,0.0883,0.03959,2.768
2589,79,2,2,27,10,4,1,1,0,0.0882,0.33059,150.809
2590,22,0,0,7,3,1,1,1,0,0.0882,0.13762,37.11
2591,42,1,1,15,5,2,1,1,0,0.0881,0.45768,50.726
2592,29,0,0,8,4,2,1,1,0,0.0881,0.1471,52.275
2593,43,0,0,15,6,3,1,1,0,0.088,0.14528,72.241
2594,13,0,0,4,2,1,1,1,0,0.0879,0.17127,5.008
2595,13,0,0,4,2,1,1,1,0,0.0879,0.15351,5.004
2596,85,1,1,23,11,3,1,1,0,0.0878,0.10672,186.479
2597,27,2,2,10,3,1,1,1,0,0.0877,0.18542,57.184
2598,13,0,0,4,2,1,1,1,0,0.0877,0.18568,16.405
2599,12,0,0,3,2,2,1,1,0,0.0876,0.25412,14.541
2600,20,0,0,6,3,4,1,1,0,0.0876,0.92035,0.132
2601,48,1,1,20,6,1,1,1,0,0.0875,0.15749,102.923
2602,178,2,2,65,23,13,1,1,0,0.0874,0.19169,395.776
2603,207,3,3,70,25,7,1,1,0,0.0874,0.17995,468.941
2604,13,0,0,3,2,1,1,1,0,0.0873,1.10266,-7.755
2605,179,3,3,50,22,11,1,1,0,0.0872,0.18874,396.775
2606,65,2,2,18,8,2,1,1,0,0.0872,0.19334,129.356
2607,23,1,1,6,3,1,1,1,0,0.0871,0.17957,43.669
2608,176,2,2,50,23,5,1,1,0,0.0871,0.24812,375.999
2609,44,1,1,11,5,0,1,1,0,0.087,0.12232,81.628
2610,256,5,5,75,31,10,1,1,0,0.0869,0.22187,592.468
2611,16,1,1,4,2,1,1,1,0,0.0869,0.87591,-10.276
2612,5,0,0,2,1,1,1,1,0,0.0868,0.1793,-52.848
2613,26,1,1,6,3,2,1,1,0,0.0867,0.25498,11.083
2614,21,0,0,8,3,1,1,1,0,0.0867,0.21409,34.414
2615,13,0,0,3,2,0,1,1,0,0.0866,0.62884,-20.286
2616,163,3,3,45,21,10,1,1,0,0.0866,0.17804,355.88
2617,272,3,3,66,32,7,1,1,0,0.0865,0.13578,615.923
2618,159,4,4,41,18,7,1,1,0,0.0864,0.2598,356.602
2619,64,0,0,22,9,0,1,1,0,0.0864,0.18199,132.658
2620,81,1,1,27,11,5,1,1,0,0.0863,0.14897,161.823
2621,136,5,5,40,15,5,1,1,0,0.0862,0.18994,319.244
2622,161,5,5,45,19,7,1,1,0,0.0862,0.20948,367.565
2623,51,1,1,14,7,3,1,1,0,0.0861,0.22996,88.27
2624,21,0,0,7,3,1,1,1,0,0.0861,0.15618,21.845
2625,145,2,2,49,18,5,1,1,0,0.086,0.16874,327.687
2626,50,0,0,14,7,3,1,1,0,0.0859,0.14763,85.582
2627,52,2,2,13,6,4,1,1,0,0.0859,0.29584,113.452
2628,13,0,0,5,2,1,1,1,0,0.0858,0.18834,-20.617
2629,13,0,0,5,2,1,1,1,0,0.0857,0.63403,-20.196
2630,51,0,0,13,7,3,1,1,0,0.0857,0.37334,75.16
2631,13,0,0,5,2,1,1,1,0,0.0856,0.18023,5.347
2632,90,2,2,28,11,4,1,1,0,0.0856,0.19065,194.763
2633,53,1,1,15,7,2,1,1,0,0.0855,0.19774,106.891
2634,21,0,0,5,3,1,1,1,0,0.0854,0.18289,33.942
2635,57,1,1,17,7,2,1,1,0,0.0854,0.14176,120.093
2636,128,1,1,49,16,2,1,1,0,0.0853,0.22275,267.683
2637,36,1,1,13,5,1,1,1,0,0.0852,0.20547,60.472
2638,207,4,4,86,24,9,1,1,0,0.0852,0.23543,483.965
2639,14,0,0,5,2,2,1,1,0,0.0851,0.45289,6.739
2640,62,2,2,23,7,2,1,1,0,0.0851,0.18069,147.557
2641,13,0,0,4,2,1,1,1,0,0.085,0.57867,-20.464
2642,162,2,2,58,19,7,1,1,0,0.0849,0.21813,361.115
2643,14,0,0,4,2,1,1,1,0,0.0849,1.06738,-5.474
2644,14,0,0,4,2,3,1,1,0,0.0848,1.0707,-7.364
2645,30,0,0,16,4,1,1,1,0,0.0847,0.11055,59.934
2646,40,0,0,15,5,3,1,1,0,0.0847,0.17748,74.71
2647,37,0,0,14,5,1,1,1,0,0.0846,0.30924,32.42
2648,13,0,0,4,2,1,1,1,0,0.0846,0.22267,17.833
2649,90,2,2,36,11,5,1,1,0,0.0845,0.26436,202.772
2650,36,1,1,16,4,1,1,1,0,0.0844,0.17345,78.192
2651,47,0,0,15,6,2,1,1,0,0.0844,0.41973,85.229
2652,198,7,7,77,20,4,1,1,0,0.0843,0.19741,518.213
2653,400,9,9,114,42,10,0,0,1,0.0842,0.19128,960.327
2654,78,1,1,28,10,4,1,1,0,0.0842,0.37444,145.948
2655,85,1,1,34,11,4,1,1,0,0.0841,0.17515,187.099
2656,64,1,1,31,8,2,1,1,0,0.0841,0.242,132.675
2657,151,4,4,54,17,6,1,1,0,0.084,0.21076,354.139
2658,69,0,0,29,9,2,1,1,0,0.0839,0.20318,146.542
2659,170,5,5,69,17,10,1,1,0,0.0839,0.18799,396.09
2660,171,3,3,62,19,4,1,1,0,0.0838,0.17331,398.285
2661,68,3,3,26,8,2,1,1,0,0.0837,0.17279,158.567
2662,5,0,0,2,1,0,1,1,0,0.0837,0.08323,-38.272
2663,5,0,0,2,1,0,1,1,0,0.0836,0.13002,0.266
2664,120,2,2,58,14,4,1,1,0,0.0836,0.33036,282.601
2665,16,0,0,10,2,1,1,1,0,0.0835,0.26474,26.645
2666,6,0,0,3,1,2,1,1,0,0.0834,0.17037,1.648
2667,56,1,1,26,7,2,1,1,0,0.0834,0.39311,87.208
2668,22,0,0,13,3,2,1,1,0,0.0833,0.67121,1.36
2669,52,0,0,21,7,3,1,1,0,0.0832,0.20266,95.986
2670,286,8,8,85,30,8,1,1,0,0.0832,0.18153,691.975
2671,13,0,0,5,2,1,1,1,0,0.0831,0.91574,-6.472
2672,318,7,7,105,36,15,1,1,0,0.0831,0.21121,757.458
2673,24,1,1,10,3,2,1,1,0,0.083,0.2201,33.095
2674,99,4,4,38,11,4,1,1,0,0.0829,0.39472,224.667
2675,6,0,0,2,1,1,1,1,0,0.0829,0.31261,1.696
2676,36,0,0,15,5,3,1,1,0,0.0828,0.58614,44.311
2677,44,2,2,20,4,1,1,1,0,0.0827,0.23933,93.38
2678,13,0,0,5,2,3,1,1,0,0.0827,0.2298,4.39
2679,89,2,2,34,10,5,1,1,0,0.0826,0.25401,205.019
2680,264,8,8,94,28,9,1,1,0,0.0826,0.22735,654.993
2681,51,2,2,19,5,4,1,1,0,0.0825,0.1465,108.095
2682,25,1,1,10,3,1,1,1,0,0.0824,0.16947,50.131
2683,63,1,1,28,8,1,1,1,0,0.0824,0.36321,120.386
2684,73,1,1,28,9,2,1,1,0,0.0823,0.30293,132.076
2685,156,4,4,58,17,5,1,1,0,0.0822,0.21549,371.356
2686,39,0,0,20,5,2,1,1,0,0.0822,0.51475,43.646
2687,23,0,0,10,3,2,1,1,0,0.0821,0.32682,30.456
2688,138,5,5,48,16,7,1,1,0,0.0821,0.17411,333.438
2689,37,0,0,17,5,0,1,1,0,0.082,0.48081,65.503
2690,27,2,2,8,3,1,1,1,0,0.0819,0.58169,33.344
2691,45,0,0,17,6,1,1,1,0,0.0819,0.18491,83.574
2692,31,0,0,15,4,4,1,1,0,0.0818,0.53064,64.479
2693,280,4,4,92,29,6,1,1,0,0.0817,0.1656,686.691
2694,29,0,0,9,4,0,1,1,0,0.0817,0.20182,56.96
2695,13,0,0,5,2,1,1,1,0,0.0816,0.16758,6.595
2696,81,3,3,29,9,2,1,1,0,0.0816,0.22839,155.012
2697,6,0,0,3,1,1,1,1,0,0.0815,0.23393,2.116
2698,45,2,2,22,5,3,1,1,0,0.0814,0.23929,105.846
2699,127,3,3,44,14,3,1,1,0,0.0814,0.26081,301.243
2700,73,1,1,29,9,3,1,1,0,0.0813,0.18452,170.388
2701,108,0,0,35,14,1,1,1,0,0.0812,0.19,246.512
2702,17,1,1,6,2,2,1,1,0,0.0812,0.73494,31.337
2703,182,6,6,63,20,4,1,1,0,0.0811,0.2108,451.776
2704,97,2,2,40,11,0,1,1,0,0.0811,0.15609,239.424
2705,7,0,0,3,1,1,1,1,0,0.081,0.07441,3.884
2706,21,0,0,7,3,1,1,1,0,0.0809,0.32121,25.675
2707,12,0,0,3,2,1,1,1,0,0.0809,0.94194,-8.709
2708,72,2,2,27,9,0,1,1,0,0.0808,0.15404,158.609
2709,6,0,0,2,1,1,1,1,0,0.0807,0.23959,2.116
2710,6,0,0,3,1,1,1,1,0,0.0807,0.2516,2.227
2711,42,1,1,13,5,2,1,1,0,0.0806,0.32554,75.338
2712,68,1,1,33,9,1,1,1,0,0.0806,0.31666,146.65
2713,261,6,6,91,29,6,1,1,0,0.0805,0.20363,651.893
2714,198,3,3,69,21,7,1,1,0,0.0804,0.20991,446.284
2715,29,2,2,9,3,0,1,1,0,0.0804,0.19534,62.601
2716,131,4,4,52,14,2,1,1,0,0.0803,0.20589,328.482
2717,92,1,1,36,11,2,1,1,0,0.0802,0.18029,217.046
2718,128,2,2,52,15,4,1,1,0,0.0802,0.33404,283.612
2719,166,5,5,51,18,8,1,1,0,0.0801,0.21893,408.725
2720,128,7,7,44,14,6,1,1,0,0.0801,0.19337,301.085
2721,6,0,0,3,1,2,1,1,0,0.08,0.69658,1.518
2722,51,2,2,16,6,1,1,1,0,0.0799,0.18949,119.887
2723,44,0,0,19,6,1,1,1,0,0.0799,0.46759,70.383
2724,5,0,0,2,1,1,1,1,0,0.0798,0.19828,1.31
2725,59,3,3,22,7,4,1,1,0,0.0797,0.33723,102.794
2726,6,0,0,3,1,0,1,1,0,0.0797,0.29922,2.935
2727,17,1,1,9,2,1,1,1,0,0.0796,0.87759,9.292
2728,121,4,4,49,14,5,1,1,0,0.0796,0.2813,262.894
2729,95,3,3,45,11,2,1,1,0,0.0795,0.24342,239.133
2730,34,1,1,12,4,3,1,1,0,0.0794,0.51282,46.957
2731,79,2,2,36,9,4,1,1,0,0.0794,0.15683,194.272
2732,13,0,0,5,2,1,1,1,0,0.0793,0.19758,7.211
2733,175,5,5,63,19,8,1,1,0,0.0792,0.23471,439.542
2734,22,1,1,6,3,0,1,1,0,0.0792,0.16872,45.955
2735,64,1,1,29,8,3,1,1,0,0.0791,0.21976,139.375
2736,87,3,3,28,9,2,1,1,0,0.0791,0.16979,216.649
2737,60,2,2,22,7,2,1,1,0,0.079,0.18712,128.665
2738,212,8,8,78,22,2,1,1,0,0.0789,0.17464,558.923
2739,400,9,9,124,40,13,0,0,1,0.0789,0.21668,1050.973
2740,13,0,0,4,2,1,1,1,0,0.0788,0.21604,19.891
2741,6,0,0,3,1,2,1,1,0,0.0787,0.17516,1.661
2742,14,0,0,4,2,1,1,1,0,0.0787,0.21502,22.593
2743,23,0,0,9,3,4,1,1,0,0.0786,0.69185,17.439
2744,43,1,1,17,5,1,1,1,0,0.0786,0.22063,97.083
2745,40,1,1,15,5,2,1,1,0,0.0785,0.23703,87.015
2746,13,0,0,3,2,0,1,1,0,0.0784,0.29854,7.411
2747,196,4,4,61,22,7,1,1,0,0.0784,0.21342,486.157
2748,76,1,1,33,10,3,1,1,0,0.0783,0.23507,175.937
2749,21,0,0,11,3,1,1,1,0,0.0782,0.60274,2.212
2750,104,2,2,43,11,2,1,1,0,0.0782,0.17587,262.51
2751,26,1,1,10,3,1,1,1,0,0.0781,0.34164,55.401
2752,5,0,0,2,1,1,1,1,0,0.0781,0.16607,-52.25
2753,94,3,3,33,11,5,1,1,0,0.078,0.18487,232.296
2754,6,0,0,3,1,1,1,1,0,0.0779,0.25023,2.585
2755,22,0,0,13,3,1,1,1,0,0.0779,0.69338,19.389
2756,29,0,0,11,4,1,1,1,0,0.0778,0.12803,46.197
2757,106,5,5,35,11,4,1,1,0,0.0777,0.2245,260.962
2758,22,0,0,9,3,2,1,1,0,0.0777,0.24067,43.136
2759,61,2,2,23,7,3,1,1,0,0.0776,0.35876,137.46
2760,21,0,0,8,3,0,1,1,0,0.0776,0.15961,40.205
2761,76,2,2,26,9,4,1,1,0,0.0775,0.33872,146.258
2762,108,2,2,40,13,2,1,1,0,0.0774,0.13642,271.51
2763,6,0,0,3,1,0,1,1,0,0.0774,0.09551,3.304
2764,51,3,3,13,5,3,1,1,0,0.0773,0.14424,126.504
2765,117,5,5,54,12,2,1,1,0,0.0772,0.18158,304.39
2766,38,0,0,22,5,2,1,1,0,0.0772,0.18395,87.804
2767,49,1,1,19,6,2,1,1,0,0.0771,0.15744,98.62
2768,13,0,0,4,2,1,1,1,0,0.0771,0.96265,-4.209
2769,13,0,0,5,2,1,1,1,0,0.077,0.18588,20.449
2770,21,0,0,11,3,0,1,1,0,0.0769,0.24259,41.805
2771,148,4,4,55,17,6,1,1,0,0.0769,0.18894,371.408
2772,213,4,4,74,24,3,1,1,0,0.0768,0.18737,542.701
2773,14,0,0,9,2,1,1,1,0,0.0767,0.28137,24.191
2774,5,0,0,4,1,0,1,1,0,0.0767,0.08757,-51.837
2775,36,1,1,11,4,5,1,1,0,0.0766,0.5633,49.789
2776,111,4,4,39,11,3,1,1,0,0.0766,0.24382,249.937
2777,30,0,0,13,4,1,1,1,0,0.0765,0.2101,61.416
2778,14,0,0,5,2,1,1,1,0,0.0764,0.19166,22.377
2779,29,0,0,11,4,2,1,1,0,0.0764,0.21619,61.436
2780,37,1,1,17,5,2,1,1,0,0.0763,0.35271,46.956
2781,60,1,1,28,7,5,1,1,0,0.0762,0.30009,144.749
2782,178,5,5,67,19,4,1,1,0,0.0762,0.18507,454.71
2783,22,0,0,13,3,1,1,1,0,0.0761,0.27427,31.432
2784,85,2,2,32,10,7,1,1,0,0.0761,0.20333,205.302
2785,13,0,0,5,2,1,1,1,0,0.076,0.66921,-17.609
2786,27,1,1,14,3,0,1,1,0,0.0759,0.1982,61.875
2787,104,2,2,43,12,6,1,1,0,0.0759,0.20189,259.641
2788,96,3,3,38,11,5,1,1,0,0.0758,0.21814,205.666
2789,75,1,1,28,9,0,1,1,0,0.0757,0.24618,182.67
2790,13,0,0,4,2,0,1,1,0,0.0757,0.19978,-18.242
2791,29,0,0,8,4,2,1,1,0,0.0756,0.15254,59.512
2792,13,0,0,4,2,1,1,1,0,0.0756,0.17056,20.929
2793,289,6,6,93,29,11,1,1,0,0.0755,0.25537,747.447
2794,13,0,0,4,2,0,1,1,0,0.0754,0.71236,-17.425
2795,59,0,0,23,8,0,1,1,0,0.0754,0.20615,123.263
2796,34,1,1,11,4,1,1,1,0,0.0753,0.50781,40.297
2797,74,3,3,26,8,1,1,1,0,0.0752,0.29356,175.711
2798,14,0,0,6,2,2,1,1,0,0.0752,0.46348,9.032
2799,62,1,1,25,8,2,1,1,0,0.0751,0.46209,132.157
2800,65,1,1,27,8,2,1,1,0,0.0751,0.25911,157.669
2801,200,7,7,69,21,6,1,1,0,0.075,0.19027,507.365
2802,76,3,3,32,8,4,1,1,0,0.0749,0.30275,155.048
2803,52,0,0,18,7,1,1,1,0,0.0749,0.15768,125.428
2804,22,0,0,12,3,1,1,1,0,0.0748,0.17102,45.327
2805,116,5,5,35,12,4,1,1,0,0.0747,0.1972,286.485
2806,14,0,0,5,2,0,1,1,0,0.0747,0.20741,23.832
2807,49,1,1,19,7,2,1,1,0,0.0746,0.22413,113.439
2808,24,1,1,9,3,0,1,1,0,0.0746,0.40705,13.2
2809,82,3,3,30,9,3,1,1,0,0.0745,0.28987,201.282
2810,64,2,2,28,7,1,1,1,0,0.0744,0.27995,122.769
2811,58,0,0,21,8,1,1,1,0,0.0744,0.17827,135.221
2812,5,0,0,4,1,0,1,1,0,0.0743,0.14309,-50.98
2813,19,2,2,9,2,1,1,1,0,0.0742,0.25117,42.464
2814,373,9,9,123,38,6,1,1,0,0.0742,0.20787,970.883
2815,89,2,2,31,10,1,1,1,0,0.0741,0.17673,223.594
2816,118,8,8,50,12,6,1,1,0,0.0741,0.28176,318.152
2817,372,7,7,123,39,12,1,1,0,0.074,0.21279,971.137
2818,49,3,3,21,5,2,1,1,0,0.0739,0.43205,100.5
2819,109,2,2,47,13,3,1,1,0,0.0739,0.18531,262.239
2820,72,1,1,31,9,2,1,1,0,0.0738,0.36892,141.717
2821,69,1,1,24,8,4,1,1,0,0.0737,0.28265,138.792
2822,87,2,2,38,10,1,1,1,0,0.0737,0.29437,218.986
2823,17,1,1,5,2,1,1,1,0,0.0736,0.54142,35.231
2824,400,9,9,116,43,9,0,0,1,0.0736,0.17988,1077.975
2825,140,2,2,61,17,4,1,1,0,0.0735,0.22394,338.08
2826,5,0,0,4,1,1,1,1,0,0.0734,0.06834,-51.686
2827,167,6,6,74,19,5,1,1,0,0.0734,0.20636,427.006
2828,105,4,4,34,11,3,1,1,0,0.0733,0.22699,279.637
2829,14,0,0,3,2,0,1,1,0,0.0732,0.62505,22.996
2830,73,1,1,25,9,2,1,1,0,0.0732,0.25859,180.118
2831,84,1,1,34,10,4,1,1,0,0.0731,0.18015,202.954
2832,59,1,1,24,7,2,1,1,0,0.0731,0.13874,145.839
2833,58,2,2,31,7,2,1,1,0,0.073,0.28574,108.251
2834,50,2,2,22,6,2,1,1,0,0.0729,0.267,100.328
2835,185,7,7,82,20,4,1,1,0,0.0729,0.17554,498.112
2836,132,6,6,53,14,3,1,1,0,0.0728,0.20363,363.604
2837,151,4,4,55,17,6,1,1,0,0.0727,0.20794,387.916
2838,21,0,0,7,3,2,1,1,0,0.0727,0.75698,16.27
2839,13,0,0,4,2,1,1,1,0,0.0726,0.20479,21.351
2840,6,0,0,2,1,0,1,1,0,0.0726,0.22847,3.187
2841,45,1,1,19,5,6,1,1,0,0.0725,0.45421,109.502
2842,21,0,0,7,3,2,1,1,0,0.0724,0.70077,15.713
2843,64,2,2,32,7,2,1,1,0,0.0724,0.28706,121.669
2844,226,5,5,74,25,8,1,1,0,0.0723,0.16575,595.673
2845,362,9,9,118,39,7,0,0,1,0.0722,0.18417,971.457
2846,162,4,4,55,18,5,1,1,0,0.0722,0.18162,422.445
2847,36,1,1,13,5,1,1,1,0,0.0721,0.19429,83.276
2848,388,9,9,119,39,10,0,0,1,0.0721,0.20296,1028.842
2849,53,1,1,23,6,9,1,1,0,0.072,0.18425,126.781
2850,7,0,0,3,1,1,1,1,0,0.0719,0.06003,4.72
2851,80,1,1,34,10,4,1,1,0,0.0719,0.20489,199.903
2852,190,6,6,67,20,7,1,1,0,0.0718,0.26286,475.447
2853,194,6,6,57,20,2,1,1,0,0.0717,0.18665,503.369
2854,83,1,1,28,10,6,1,1,0,0.0717,0.16259,204.2
2855,13,0,0,4,2,0,1,1,0,0.0716,0.24865,21.956
2856,181,7,7,66,20,6,1,1,0,0.0716,0.15861,485.698
2857,86,2,2,38,10,3,1,1,0,0.0715,0.25855,184.401
2858,51,2,2,19,6,2,1,1,0,0.0714,0.25127,86.962
2859,6,0,0,3,1,1,1,1,0,0.0714,0.6503,2.684
2860,112,2,2,39,13,6,1,1,0,0.0713,0.29241,270.355
2861,21,0,0,11,3,1,1,1,0,0.0712,0.16429,43.904
2862,56,1,1,26,7,0,1,1,0,0.0712,0.26303,130.328
2863,49,3,3,16,5,3,1,1,0,0.0711,0.19598,101.653
2864,13,0,0,4,2,2,1,1,0,0.0711,0.15215,8.937
2865,103,3,3,32,11,2,1,1,0,0.071,0.14231,268.068
2866,59,2,2,19,6,2,1,1,0,0.0709,0.19939,133.955
2867,114,2,2,43,13,5,1,1,0,0.0709,0.26772,277.152
2868,41,1,1,20,5,1,1,1,0,0.0708,0.12739,100.91
2869,166,4,4,62,19,5,1,1,0,0.0707,0.23758,441.08
2870,277,6,6,89,30,9,1,1,0,0.0707,0.18366,730.128
2871,7,0,0,3,1,1,1,1,0,0.0706,0.26942,5.163
2872,60,2,2,20,7,4,1,1,0,0.0706,0.18866,145.001
2873,183,3,3,74,21,5,1,1,0,0.0705,0.18677,488.265
2874,13,0,0,4,2,1,1,1,0,0.0704,1.11223,-3.576
2875,156,5,5,61,17,3,1,1,0,0.0704,0.14871,413.499
2876,13,0,0,5,2,1,1,1,0,0.0703,0.93897,-16.429
2877,7,0,0,5,1,0,1,1,0,0.0702,0.10294,-4.519
2878,201,6,6,76,22,8,1,1,0,0.0702,0.19371,531.352
2879,31,2,2,10,3,1,1,1,0,0.0701,0.17957,64.084
2880,14,0,0,6,2,0,1,1,0,0.0701,0.15614,25.265
2881,13,0,0,4,2,0,1,1,0,0.07,0.27239,22.179
2882,316,7,7,102,34,4,1,1,0,0.0699,0.16466,848.075
2883,28,0,0,10,4,0,1,1,0,0.0699,0.14806,47.093
2884,13,0,0,6,2,1,1,1,0,0.0698,0.22814,20.282
2885,126,7,7,41,13,5,1,1,0,0.0697,0.2082,340.466
2886,92,3,3,30,10,4,1,1,0,0.0697,0.21099,231.064
2887,152,2,2,57,17,5,1,1,0,0.0696,0.23234,393.033
2888,134,3,3,47,15,1,1,1,0,0.0696,0.28377,323.089
2889,42,1,1,18,5,2,1,1,0,0.0695,0.15551,90.753
2890,75,2,2,31,9,2,1,1,0,0.0694,0.17276,194.392
2891,25,1,1,12,3,3,1,1,0,0.0694,0.14395,57.843
2892,17,1,1,5,2,0,1,1,0,0.0693,0.15945,35.741
2893,20,0,0,10,3,2,1,1,0,0.0692,0.75507,15.805
2894,13,0,0,3,2,1,1,1,0,0.0692,0.90198,-3.638
2895,24,1,1,7,3,1,1,1,0,0.0691,0.18936,55.806
2896,68,4,4,24,7,3,1,1,0,0.0691,0.19976,182.274
2897,14,0,0,6,2,0,1,1,0,0.069,0.17612,12.037
2898,43,1,1,12,5,1,1,1,0,0.0689,0.12638,106.27
2899,102,4,4,44,11,4,1,1,0,0.0689,0.30595,224.42
2900,243,3,3,93,29,7,1,1,0,0.0688,0.25888,638.327
2901,13,0,0,3,2,0,1,1,0,0.0687,0.2228,-17.542
2902,6,0,0,3,1,1,1,1,0,0.0687,0.23791,3.083
2903,152,5,5,48,16,3,1,1,0,0.0686,0.17732,402.962
2904,49,2,2,20,5,2,1,1,0,0.0686,0.46574,112.714
2905,151,3,3,62,18,7,1,1,0,0.0685,0.28552,354.784
2906,103,3,3,47,12,3,1,1,0,0.0684,0.16051,275.817
2907,14,0,0,7,2,1,1,1,0,0.0684,0.16396,24.137
2908,73,1,1,37,9,2,1,1,0,0.0683,0.21537,189.656
2909,43,1,1,14,5,3,1,1,0,0.0683,0.17286,92.343
2910,79,5,5,32,9,2,1,1,0,0.0682,0.20977,194.367
2911,27,1,1,5,3,3,1,1,0,0.0681,0.57935,60.096
2912,108,3,3,43,13,5,1,1,0,0.0681,0.18334,267.337
2913,38,1,1,13,4,1,1,1,0,0.068,0.38297,81.6
2914,43,1,1,18,5,1,1,1,0,0.0679,0.4087,66.515
2915,279,9,9,103,30,7,1,1,0,0.0679,0.21888,758.123
2916,156,5,5,59,17,8,1,1,0,0.0678,0.19033,403.42
2917,150,5,5,61,18,6,1,1,0,0.0677,0.18083,405.711
2918,104,1,1,47,13,7,1,1,0,0.0677,0.22314,266.418
2919,30,0,0,10,4,2,1,1,0,0.0676,0.57031,38.338
2920,17,2,2,8,2,1,1,1,0,0.0676,0.2768,25.468
2921,46,2,2,17,5,2,1,1,0,0.0675,0.26243,103.593
2922,6,0,0,2,1,1,1,1,0,0.0674,0.26153,2.912
2923,21,0,0,6,3,2,1,1,0,0.0674,0.12123,27.645
2924,22,0,0,12,3,0,1,1,0,0.0673,0.18266,46.921
2925,13,0,0,3,2,1,1,1,0,0.0673,1.16124,-3.427
2926,183,4,4,64,20,5,1,1,0,0.0672,0.16691,485.631
2927,119,1,1,50,15,5,1,1,0,0.0671,0.25439,283.822
2928,39,0,0,16,5,2,1,1,0,0.0671,0.19047,74.251
2929,53,3,3,25,6,1,1,1,0,0.067,0.18421,126.52
2930,100,0,0,42,13,2,1,1,0,0.0669,0.14308,254.63
2931,170,5,5,63,19,3,1,1,0,0.0669,0.15222,458.744
2932,205,3,3,75,24,3,1,1,0,0.0668,0.19004,544.466
2933,47,2,2,20,5,0,1,1,0,0.0667,0.23954,121.832
2934,323,6,6,106,37,6,1,1,0,0.0667,0.21888,868.913
2935,140,5,5,57,15,3,1,1,0,0.0666,0.26373,343.651
2936,207,4,4,90,24,5,1,1,0,0.0666,0.14097,560.352
2937,79,2,2,28,9,3,1,1,0,0.0665,0.31994,180.31
2938,14,0,0,4,2,1,1,1,0,0.0664,0.1299,23.611
2939,196,5,5,64,21,5,1,1,0,0.0664,0.23346,527.442
2940,22,0,0,7,3,0,1,1,0,0.0663,0.19291,46.299
2941,42,2,2,14,5,1,1,1,0,0.0663,0.43906,63.742
2942,103,3,3,43,12,3,1,1,0,0.0662,0.1478,279.742
2943,64,1,1,28,8,1,1,1,0,0.0661,0.17727,161.725
2944,5,0,0,1,1,0,1,1,0,0.0661,0.33689,2.46
2945,288,9,9,90,31,8,1,1,0,0.066,0.17619,792.882
2946,20,0,0,9,3,0,1,1,0,0.0659,0.7876,12.554
2947,51,2,2,23,6,1,1,1,0,0.0659,0.17283,118.458
2948,5,0,0,1,1,0,1,1,0,0.0658,0.31494,-10.154
2949,132,4,4,43,14,4,1,1,0,0.0657,0.1876,356.244
2950,102,2,2,45,12,2,1,1,0,0.0657,0.16294,269.406
2951,80,1,1,37,10,4,1,1,0,0.0656,0.14998,194.252
2952,40,0,0,16,5,2,1,1,0,0.0656,0.17622,90.612
2953,89,2,2,39,10,5,1,1,0,0.0655,0.22185,225.292
2954,81,1,1,37,10,2,1,1,0,0.0654,0.14199,195.691
2955,126,6,6,46,13,5,1,1,0,0.0654,0.23563,349.866
2956,202,3,3,77,23,1,1,1,0,0.0653,0.15104,541.492
2957,30,0,0,7,4,1,1,1,0,0.0653,0.14944,52.268
2958,74,2,2,30,8,3,1,1,0,0.0652,0.1802,199.958
2959,38,0,0,16,5,0,1,1,0,0.0651,0.24678,84.962
2960,75,2,2,35,9,2,1,1,0,0.0651,0.15644,199.06
2961,216,1,1,84,26,1,1,1,0,0.065,0.14922,579.313
2962,169,6,6,68,19,3,1,1,0,0.0649,0.17765,468.208
2963,78,2,2,33,9,0,1,1,0,0.0649,0.17002,208.555
2964,73,1,1,29,9,1,1,1,0,0.0648,0.23143,150.235
2965,300,6,6,102,35,6,1,1,0,0.0647,0.19419,801.575
2966,14,0,0,3,2,0,1,1,0,0.0647,0.26975,12.486
2967,6,0,0,3,1,1,1,1,0,0.0646,0.28349,3.285
2968,140,2,2,52,16,4,1,1,0,0.0646,0.22351,352.543
2969,85,2,2,38,10,3,1,1,0,0.0645,0.22417,208.425
2970,155,5,5,51,16,3,1,1,0,0.0644,0.16003,414.21
2971,109,4,4,49,12,3,1,1,0,0.0644,0.15664,292.078
2972,14,0,0,7,2,1,1,1,0,0.0643,0.23071,25.191
2973,13,0,0,3,2,0,1,1,0,0.0643,0.22353,9.875
2974,130,4,4,54,15,1,1,1,0,0.0642,0.18937,343.214
2975,173,3,3,70,19,4,1,1,0,0.0641,0.15518,472.567
2976,5,0,0,2,1,0,1,1,0,0.0641,0.21463,-10.159
2977,47,1,1,19,6,2,1,1,0,0.064,0.15832,105.81
2978,216,9,9,73,23,5,1,1,0,0.0639,0.21154,594.601
2979,78,3,3,25,9,2,1,1,0,0.0639,0.15604,205.324
2980,7,0,0,5,1,1,1,1,0,0.0638,0.13234,7.624
2981,168,5,5,61,18,4,1,1,0,0.0637,0.17593,469.993
2982,94,2,2,37,11,4,1,1,0,0.0637,0.23038,214.287
2983,13,0,0,4,2,1,1,1,0,0.0636,0.1846,10.121
2984,5,0,0,3,1,0,1,1,0,0.0636,0.06526,-51.561
2985,22,0,0,10,3,1,1,1,0,0.0635,0.70395,6.915
2986,13,0,0,5,2,1,1,1,0,0.0634,0.17331,22.565
2987,136,5,5,51,15,2,1,1,0,0.0634,0.15721,383.732
2988,78,1,1,30,9,4,1,1,0,0.0633,0.14497,199.428
2989,30,0,0,15,4,4,1,1,0,0.0633,0.24403,53.243
2990,54,0,0,24,7,4,1,1,0,0.0632,0.234,131.819
2991,5,0,0,3,1,0,1,1,0,0.0631,0.16413,-9.497
2992,87,1,1,35,11,2,1,1,0,0.0631,0.18074,225.031
2993,7,0,0,3,1,0,1,1,0,0.063,0.25481,6.074
2994,384,9,9,118,42,10,1,1,0,0.0629,0.22591,1026.564
2995,92,2,2,39,11,3,1,1,0,0.0629,0.205,243.206
2996,14,0,0,9,2,1,1,1,0,0.0628,0.236,25.494
2997,17,1,1,8,2,0,1,1,0,0.0627,0.89017,-1.34
2998,105,2,2,31,12,2,1,1,0,0.0627,0.15705,276.089
2999,33,1,1,14,4,3,1,1,0,0.0626,0.14133,79.869
3000,29,0,0,10,4,2,1,1,0,0.0626,0.19222,49.593
3001,92,3,3,32,10,4,1,1,0,0.0625,0.26586,210.206
3002,400,9,9,125,43,6,0,0,1,0.0624,0.16587,1111.638
3003,22,0,0,10,3,3,1,1,0,0.0624,0.82278,20.67
3004,49,3,3,17,5,2,1,1,0,0.0623,0.20387,129.504
3005,7,0,0,4,1,1,1,1,0,0.0622,0.10927,6.864
3006,44,1,1,11,5,2,1,1,0,0.0622,0.26892,93.679
3007,32,0,0,11,4,0,1,1,0,0.0621,0.14569,72.047
3008,400,9,9,120,44,14,0,0,1,0.0621,0.20136,1098.452
3009,35,1,1,13,4,1,1,1,0,0.062,0.24778,69.39
3010,293,7,7,103,34,9,1,1,0,0.0619,0.18837,792.855
3011,13,0,0,4,2,1,1,1,0,0.0619,1.13328,-3.3
3012,139,4,4,44,15,6,1,1,0,0.0618,0.18013,375.847
3013,58,0,0,25,8,0,1,1,0,0.0617,0.21195,142.241
3014,51,2,2,21,6,0,1,1,0,0.0617,0.177,133.271
3015,172,4,4,74,20,4,1,1,0,0.0616,0.21534,452.667
3016,17,2,2,9,2,2,1,1,0,0.0616,0.91276,13.074
3017,111,2,2,51,14,3,1,1,0,0.0615,0.20958,291.04
3018,53,0,0,23,7,2,1,1,0,0.0614,0.19832,129.566
3019,122,4,4,55,14,0,1,1,0,0.0614,0.16244,320.89
3020,21,0,0,7,3,2,1,1,0,0.0613,0.30375,42.474
3021,102,3,3,37,12,3,1,1,0,0.0612,0.13849,260.45
3022,5,0,0,3,1,0,1,1,0,0.0612,0.15033,2.597
3023,160,3,3,65,19,4,1,1,0,0.0611,0.1964,427.301
3024,6,0,0,1,1,2,1,1,0,0.0611,0.48987,2.632
3025,147,4,4,53,17,8,1,1,0,0.061,0.19907,377.222
3026,61,0,0,21,8,0,1,1,0,0.0609,0.14371,137.138
3027,22,0,0,12,3,3,1,1,0,0.0609,0.42383,32.965
3028,22,0,0,12,3,1,1,1,0,0.0608,0.28228,46.587
3029,13,0,0,5,2,1,1,1,0,0.0607,0.18727,9.951
3030,13,0,0,3,2,0,1,1,0,0.0607,0.21981,22.332
3031,111,2,2,43,13,3,1,1,0,0.0606,0.1248,293.537
3032,74,2,2,29,8,7,1,1,0,0.0606,0.15711,194.252
3033,71,1,1,27,9,3,1,1,0,0.0605,0.21102,176.259
3034,109,3,3,34,12,3,1,1,0,0.0604,0.14996,291.49
3035,376,9,9,123,38,12,0,0,1,0.0604,0.1653,1044.194
3036,103,2,2,36,12,2,1,1,0,0.0603,0.15931,269.877
3037,342,8,8,103,37,13,1,1,0,0.0602,0.18846,940.817
3038,111,2,2,36,13,3,1,1,0,0.0602,0.19201,282.869
3039,55,4,4,29,5,3,1,1,0,0.0601,0.20964,156.081
3040,42,1,1,17,5,1,1,1,0,0.0601,0.19851,80.582
3041,58,2,2,22,7,2,1,1,0,0.06,0.1974,146.293
3042,355,9,9,123,40,13,0,0,1,0.0599,0.19824,961.402
3043,66,1,1,31,8,3,1,1,0,0.0599,0.22252,146.052
3044,244,5,5,79,28,9,1,1,0,0.0598,0.19879,618.247
3045,92,2,2,38,11,6,1,1,0,0.0597,0.18195,237.683
3046,110,2,2,43,12,5,1,1,0,0.0597,0.1431,289.838
3047,6,0,0,2,1,1,1,1,0,0.0596,0.27307,3.192
3048,30,0,0,13,4,0,1,1,0,0.0596,0.2495,55.656
3049,46,3,3,19,5,2,1,1,0,0.0595,0.24817,120.921
3050,27,2,2,10,3,0,1,1,0,0.0594,0.35986,53.508
3051,50,2,2,22,6,4,1,1,0,0.0594,0.17824,128.103
3052,97,2,2,38,11,2,1,1,0,0.0593,0.15642,253.26
3053,37,0,0,20,5,2,1,1,0,0.0592,0.24303,76.556
3054,13,0,0,5,2,2,1,1,0,0.0592,0.63743,-16.652
3055,174,5,5,55,18,4,1,1,0,0.0591,0.1953,473.214
3056,47,2,2,17,4,2,1,1,0,0.0591,0.14993,124.255
3057,5,0,0,4,1,0,1,1,0,0.059,0.08058,-51.318
3058,49,0,0,15,6,4,1,1,0,0.0589,0.20257,113.629
3059,30,0,0,12,4,0,1,1,0,0.0589,0.17033,69.113
3060,60,2,2,18,7,4,1,1,0,0.0588,0.4325,150.458
3061,40,2,2,18,4,2,1,1,0,0.0587,0.20546,107.516
3062,13,0,0,5,2,1,1,1,0,0.0587,0.1753,22.89
3063,292,5,5,87,31,12,1,1,0,0.0586,0.16175,776.747
3064,22,0,0,10,3,1,1,1,0,0.0586,0.70524,21.589
3065,196,4,4,84,22,6,1,1,0,0.0585,0.22059,533.456
3066,59,2,2,24,7,2,1,1,0,0.0584,0.19173,152.86
3067,166,4,4,67,18,5,1,1,0,0.0584,0.18333,413.708
3068,383,8,8,114,42,9,1,1,0,0.0583,0.16565,1030.956
3069,82,4,4,37,9,4,1,1,0,0.0582,0.20447,219.113
3070,45,0,0,18,6,2,1,1,0,0.0582,0.18047,105.503
3071,22,0,0,8,3,1,1,1,0,0.0581,0.69941,4.947
3072,166,6,6,61,18,2,1,1,0,0.0581,0.14579,454.745
3073,73,2,2,25,8,2,1,1,0,0.058,0.22847,151.825
3074,13,0,0,4,2,0,1,1,0,0.0579,1.0671,-2.621
3075,29,0,0,12,4,2,1,1,0,0.0579,0.27528,52.652
3076,290,9,9,100,30,7,1,1,0,0.0578,0.18619,799.083
3077,18,1,1,7,2,2,1,1,0,0.0577,0.13924,27.596
3078,147,3,3,56,17,6,1,1,0,0.0577,0.18184,388.921
3079,44,0,0,18,6,1,1,1,0,0.0576,0.42595,63.732
3080,13,0,0,5,2,0,1,1,0,0.0576,0.17056,10.541
3081,13,0,0,5,2,1,1,1,0,0.0575,0.16288,22.73
3082,34,1,1,13,4,3,1,1,0,0.0574,0.14216,67.741
3083,85,2,2,25,10,3,1,1,0,0.0574,0.14535,193.428
3084,46,1,1,25,5,2,1,1,0,0.0573,0.16442,115.912
3085,6,0,0,2,1,1,1,1,0,0.0572,0.24779,3.099
3086,340,9,9,112,36,14,1,1,0,0.0572,0.18366,927.485
3087,341,9,9,111,35,8,1,1,0,0.0571,0.17032,899.776
3088,94,2,2,40,11,4,1,1,0,0.0571,0.16881,235.291
3089,243,7,7,93,27,8,1,1,0,0.057,0.1786,669.242
3090,195,5,5,72,21,5,1,1,0,0.0569,0.16281,539.153
3091,203,6,6,84,22,8,1,1,0,0.0569,0.17929,540.77
3092,21,0,0,10,3,2,1,1,0,0.0568,0.26525,30.919
3093,56,2,2,23,6,2,1,1,0,0.0567,0.21271,145.543
3094,42,2,2,14,5,1,1,1,0,0.0567,0.33479,108.583
3095,154,3,3,57,18,1,1,1,0,0.0566,0.2015,372.456
3096,81,0,0,27,10,2,1,1,0,0.0566,0.18286,199.384
3097,90,4,4,28,9,3,1,1,0,0.0565,0.18372,211.3
3098,47,2,2,18,5,4,1,1,0,0.0564,0.36627,83.119
3099,162,4,4,53,18,2,1,1,0,0.0564,0.17225,440.004
3100,14,0,0,8,2,1,1,1,0,0.0563,0.3205,24.752
3101,21,0,0,9,3,2,1,1,0,0.0562,0.25641,30.344
3102,145,5,5,61,16,3,1,1,0,0.0562,0.16708,402.709
3103,6,0,0,2,1,1,1,1,0,0.0561,0.29561,3.186
3104,122,4,4,51,14,1,1,1,0,0.0561,0.23389,300.693
3105,201,5,5,76,22,3,1,1,0,0.056,0.17523,540.039
3106,21,0,0,6,3,2,1,1,0,0.0559,0.25636,27.891
3107,97,2,2,33,11,2,1,1,0,0.0559,0.15277,258.223
3108,56,2,2,21,6,2,1,1,0,0.0558,0.36845,120.76
3109,140,4,4,46,16,4,1,1,0,0.0557,0.15011,370.968
3110,112,4,4,49,13,3,1,1,0,0.0557,0.177,298.135
3111,176,4,4,63,21,3,1,1,0,0.0556,0.16319,488.597
3112,38,1,1,11,5,4,1,1,0,0.0556,0.6333,65.44
3113,5,0,0,3,1,0,1,1,0,0.0555,0.09517,-51.126
3114,21,0,0,10,3,3,1,1,0,0.0554,0.722,18.94
3115,33,1,1,16,4,2,1,1,0,0.0554,0.18719,82.38
3116,394,9,9,123,41,4,0,0,1,0.0553,0.1914,1103.018
3117,113,4,4,44,13,4,1,1,0,0.0552,0.30283,265.002
3118,5,0,0,4,1,0,1,1,0,0.0552,0.07594,-50.809
3119,204,1,1,72,25,4,1,1,0,0.0551,0.19413,543.064
3120,57,2,2,27,7,0,1,1,0,0.0551,0.21924,153.354
3121,196,4,4,66,22,8,1,1,0,0.055,0.1959,521.175
3122,225,6,6,72,24,8,1,1,0,0.0549,0.17636,621.176
3123,49,1,1,20,6,1,1,1,0,0.0549,0.48767,83.753
3124,17,1,1,6,2,0,1,1,0,0.0548,0.48183,-2.154
3125,400,8,8,121,44,8,0,0,1,0.0547,0.17347,1113.031
3126,80,0,0,38,10,3,1,1,0,0.0547,0.24931,198.978
3127,21,0,0,10,3,0,1,1,0,0.0546,0.23477,45.354
3128,45,2,2,15,5,0,1,1,0,0.0546,0.15001,116.837
3129,13,0,0,4,2,1,1,1,0,0.0545,0.77712,-16.326
3130,187,4,4,69,20,4,1,1,0,0.0544,0.14707,513.388
3131,44,1,1,17,5,2,1,1,0,0.0544,0.5191,97.804
3132,15,0,0,9,2,1,1,1,0,0.0543,0.19352,30.675
3133,32,1,1,11,4,0,1,1,0,0.0542,0.40799,64.004
3134,27,1,1,11,3,1,1,1,0,0.0542,0.12282,65.639
3135,45,3,3,11,5,1,1,1,0,0.0541,0.2088,115.534
3136,14,0,0,3,2,1,1,1,0,0.0541,0.22976,24.33
3137,72,2,2,20,8,3,1,1,0,0.054,0.17595,187.281
3138,106,4,4,37,12,4,1,1,0,0.0539,0.17305,286.357
3139,65,1,1,25,8,1,1,1,0,0.0539,0.17725,155.951
3140,78,2,2,31,9,4,1,1,0,0.0538,0.20593,205.595
3141,98,4,4,39,11,8,1,1,0,0.0537,0.16231,263.381
3142,108,4,4,45,12,2,1,1,0,0.0537,0.24491,301.144
3143,93,1,1,34,11,1,1,1,0,0.0536,0.12739,246.26
3144,155,6,6,63,16,4,1,1,0,0.0536,0.19683,424.574
3145,113,2,2,40,14,3,1,1,0,0.0535,0.18298,293.123
3146,89,2,2,35,10,8,1,1,0,0.0534,0.1855,221.515
3147,55,3,3,17,5,5,1,1,0,0.0534,0.37561,105.483
3148,248,8,8,77,26,4,1,1,0,0.0533,0.15945,676.333
3149,35,1,1,11,4,3,1,1,0,0.0532,0.15539,71.747
3150,255,6,6,85,27,6,1,1,0,0.0532,0.16286,692.606
3151,106,3,3,40,12,1,1,1,0,0.0531,0.19212,292.396
3152,169,5,5,68,18,4,1,1,0,0.0531,0.13389,470.514
3153,49,1,1,19,6,2,1,1,0,0.053,0.28585,96.963
3154,48,2,2,12,5,0,1,1,0,0.0529,0.09737,126.905
3155,5,0,0,4,1,0,1,1,0,0.0529,0.08678,-50.562
3156,21,0,0,8,3,0,1,1,0,0.0528,0.34904,5.859
3157,43,0,0,15,6,3,1,1,0,0.0527,0.14565,102.082
3158,298,9,9,107,32,12,1,1,0,0.0527,0.1942,835.366
3159,378,9,9,120,41,7,0,0,1,0.0526,0.20415,1047.318
3160,308,7,7,116,34,9,1,1,0,0.0526,0.19499,846.213
3161,7,0,0,2,1,0,1,1,0,0.0525,0.2353,-31.878
3162,50,1,1,20,6,1,1,1,0,0.0524,0.23275,130.34
3163,138,5,5,43,14,8,1,1,0,0.0524,0.21554,383.671
3164,208,5,5,80,24,6,1,1,0,0.0523,0.20932,553.982
3165,98,3,3,38,12,1,1,1,0,0.0522,0.16567,260.702
3166,128,2,2,45,15,1,1,1,0,0.0522,0.18216,343.847
3167,298,8,8,105,32,8,1,1,0,0.0521,0.16387,834.107
3168,22,0,0,9,3,2,1,1,0,0.0521,0.21891,34.413
3169,95,2,2,28,11,5,1,1,0,0.052,0.16896,222.364
3170,165,3,3,67,20,3,1,1,0,0.0519,0.18897,408.109
3171,384,9,9,123,41,8,1,1,0,0.0519,0.19382,1039.901
3172,14,0,0,9,2,1,1,1,0,0.0518,0.22704,26.019
3173,59,1,1,24,7,3,1,1,0,0.0517,0.18067,149.903
3174,7,0,0,6,1,1,1,1,0,0.0517,0.12614,7.976
3175,110,3,3,54,14,2,1,1,0,0.0516,0.17584,297.274
3176,42,1,1,16,5,0,1,1,0,0.0516,0.14467,94.306
3177,142,5,5,51,16,4,1,1,0,0.0515,0.14468,376.329
3178,14,0,0,5,2,0,1,1,0,0.0514,0.19431,26.242
3179,130,3,3,39,15,2,1,1,0,0.0514,0.16221,337.528
3180,5,0,0,3,1,0,1,1,0,0.0513,0.06221,-51.351
3181,84,3,3,32,10,2,1,1,0,0.0512,0.14392,227.513
3182,114,3,3,38,14,1,1,1,0,0.0512,0.15312,304.66
3183,249,8,8,78,27,10,1,1,0,0.0511,0.19351,674.419
3184,165,5,5,58,17,3,1,1,0,0.0511,0.17204,421.674
3185,65,1,1,24,8,2,1,1,0,0.051,0.35985,144.488
3186,29,0,0,14,4,1,1,1,0,0.0509,0.17972,65.433
3187,6,0,0,3,1,0,1,1,0,0.0509,0.23821,3.925
3188,31,2,2,10,4,1,1,1,0,0.0508,0.13255,77.578
3189,107,1,1,45,13,2,1,1,0,0.0507,0.17539,280.838
3190,21,0,0,7,3,2,1,1,0,0.0507,0.16019,30.722
3191,103,5,5,44,10,2,1,1,0,0.0506,0.26994,250.537
3192,35,1,1,10,4,1,1,1,0,0.0506,0.14933,85.788
3193,69,2,2,27,8,3,1,1,0,0.0505,0.15706,170.616
3194,31,2,2,11,3,1,1,1,0,0.0504,0.15233,69.055
3195,13,0,0,4,2,1,1,1,0,0.0504,0.2039,10.146
3196,29,0,0,11,4,2,1,1,0,0.0503,0.33868,64.029
3197,400,9,9,135,42,9,0,0,1,0.0502,0.20362,1118.204
3198,66,1,1,20,8,1,1,1,0,0.0502,0.15465,169.662
3199,6,0,0,3,1,1,1,1,0,0.0501,0.23963,3.469
3200,5,0,0,3,1,3,1,1,0,0.0501,0.11606,-11.35
3201,148,4,4,48,17,3,1,1,0,0.05,0.25241,402.996
3202,326,8,8,108,36,8,1,1,0,0.05,0.16778,896.243
3203,61,0,0,30,8,3,1,1,0,0.05,0.23214,124.781
3204,5,0,0,3,1,0,1,1,0,0.05,0.07128,-51.236
3205,14,0,0,4,2,1,1,1,0,0.05,0.17747,11.959
3206,18,2,2,7,2,1,1,1,0,0.05,0.78676,16.209
3207,360,7,7,115,39,7,1,1,0,0.05,0.15777,980.755
3208,20,0,0,7,3,1,1,1,0,0.05,0.23985,41.235
3209,276,7,7,102,29,8,1,1,0,0.05,0.15998,758.041
3210,63,3,3,18,6,2,1,1,0,0.05,0.10925,169.149
3211,234,8,8,78,25,5,1,1,0,0.05,0.21237,629.875
3212,22,0,0,12,3,0,1,1,0,0.05,0.20749,35.406
3213,187,5,5,80,22,2,1,1,0,0.05,0.16443,506.391
3214,207,4,4,81,24,8,1,1,0,0.05,0.19065,542.991
3215,29,0,0,9,4,1,1,1,0,0.05,0.60739,30.21
3216,28,0,0,12,4,1,1,1,0,0.05,0.34093,25.22
3217,144,7,7,59,15,1,1,1,0,0.05,0.15327,396.272
3218,21,0,0,10,3,3,1,1,0,0.05,0.22599,29.323
3219,264,8,8,102,29,7,1,1,0,0.05,0.20669,717.657
3220,212,4,4,77,24,3,1,1,0,0.05,0.18626,584.64
3221,92,1,1,35,11,2,1,1,0,0.05,0.15055,235.331
3222,368,9,9,112,39,6,0,0,1,0.05,0.15665,1035.47
3223,13,0,0,5,2,1,1,1,0,0.05,0.68789,-16.247
3224,396,9,9,120,41,4,0,0,1,0.05,0.16378,1099.352
3225,171,3,3,61,19,3,1,1,0,0.05,0.17976,463.206
3226,13,0,0,2,2,2,1,1,0,0.05,1.24957,-4.491
3227,231,6,6,82,25,3,1,1,0,0.05,0.17338,644.553
3228,70,1,1,30,9,3,1,1,0,0.05,0.24654,181.584
3229,140,5,5,62,15,5,1,1,0,0.05,0.16652,387.535
3230,32,1,1,15,4,1,1,1,0,0.05,0.15221,83.545
3231,22,0,0,9,3,0,1,1,0,0.05,0.0766,49.448
3232,31,0,0,16,4,0,1,1,0,0.05,0.26322,33.295
3233,78,0,0,34,10,3,1,1,0,0.05,0.13096,198.547
3234,276,8,8,92,29,8,1,1,0,0.05,0.16765,769.76
3235,137,3,3,46,16,2,1,1,0,0.05,0.1673,370.86
3236,392,9,9,122,42,3,0,0,1,0.05,0.14841,1084.799
3237,60,3,3,20,6,0,1,1,0,0.05,0.1303,166.004
3238,54,2,2,19,6,2,1,1,0,0.05,0.20689,139.612
3239,21,0,0,9,3,1,1,1,0,0.05,0.78234,18.822
3240,54,3,3,18,6,1,1,1,0,0.05,0.16581,141.472
3241,27,1,1,7,3,1,1,1,0,0.05,0.12622,64.973
3242,40,2,2,10,4,1,1,1,0,0.05,0.19023,79.333
3243,13,0,0,5,2,1,1,1,0,0.05,1.17507,-2.891
3244,37,0,0,15,5,1,1,1,0,0.05,0.17507,90.162
3245,49,1,1,17,6,0,1,1,0,0.05,0.23205,112.144
3246,13,0,0,4,2,1,1,1,0,0.05,1.02273,-3.211
3247,73,2,2,26,9,1,1,1,0,0.05,0.18073,175.085
3248,13,0,0,4,2,1,1,1,0,0.05,0.78603,-5.399
3249,6,0,0,3,1,1,1,1,0,0.05,0.24509,3.408
3250,34,2,2,9,4,1,1,1,0,0.05,0.15443,85.388
3251,137,3,3,53,16,5,1,1,0,0.05,0.16575,368.834
3252,140,3,3,46,16,3,1,1,0,0.05,0.12413,377.154
3253,177,4,4,56,20,4,1,1,0,0.05,0.17299,475.864
3254,278,7,7,89,30,6,1,1,0,0.05,0.18609,761.385
3255,105,1,1,38,13,2,1,1,0,0.05,0.16768,257.064
3256,22,0,0,10,3,1,1,1,0,0.05,0.17321,33.8
3257,55,2,2,23,6,2,1,1,0,0.05,0.18388,134.357
3258,226,5,5,78,25,3,1,1,0,0.05,0.17854,616.479
3259,119,2,2,53,14,1,1,1,0,0.05,0.16698,317.337
3260,57,1,1,29,7,3,1,1,0,0.05,0.24225,108.697
3261,30,0,0,11,4,1,1,1,0,0.05,0.14287,68.598
3262,201,3,3,73,23,4,1,1,0,0.05,0.21885,526.874
3263,35,0,0,17,5,0,1,1,0,0.05,0.38471,68.352
3264,36,0,0,15,5,1,1,1,0,0.05,0.1369,86.018
3265,13,0,0,4,2,0,1,1,0,0.05,0.19715,-16.247
3266,400,9,9,119,42,6,0,0,1,0.05,0.13748,1100.74
3267,6,0,0,3,1,1,1,1,0,0.05,0.23722,3.363
3268,111,3,3,43,12,4,1,1,0,0.05,0.13817,289.192
3269,59,2,2,20,7,2,1,1,0,0.05,0.14169,156.757
3270,47,1,1,18,6,2,1,1,0,0.05,0.14151,118.125
3271,14,0,0,8,2,1,1,1,0,0.05,0.20163,25.601
3272,146,5,5,49,16,5,1,1,0,0.05,0.15446,400.593
3273,44,2,2,17,5,2,1,1,0,0.05,0.2011,97.939
3274,134,6,6,56,14,5,1,1,0,0.05,0.23972,373.244
3275,249,7,7,82,27,4,1,1,0,0.05,0.13767,686.581
3276,122,6,6,41,13,2,1,1,0,0.05,0.18059,342.226
3277,36,0,0,13,5,2,1,1,0,0.05,0.2772,68.182
3278,6,0,0,2,1,1,1,1,0,0.05,0.30479,3.216
3279,381,9,9,114,41,5,0,0,1,0.05,0.1776,1043.284
3280,14,0,0,4,2,2,1,1,0,0.05,1.14134,-1.128
3281,29,0,0,10,4,2,1,1,0,0.05,0.19568,65.137
3282,392,9,9,133,42,10,0,0,1,0.05,0.18418,1085.206
3283,179,6,6,59,20,9,1,1,0,0.05,0.17164,480.241
3284,392,9,9,122,41,5,0,0,1,0.05,0.18307,1072.85
3285,148,4,4,52,16,1,1,1,0,0.05,0.13479,403.309
3286,139,3,3,57,16,4,1,1,0,0.05,0.17316,378.506
3287,109,4,4,43,12,4,1,1,0,0.05,0.3326,253.029
3288,110,2,2,51,13,2,1,1,0,0.05,0.1571,299.741
3289,237,7,7,83,24,7,1,1,0,0.05,0.15608,673.557
3290,284,7,7,91,31,6,1,1,0,0.05,0.1682,778.464
3291,111,2,2,45,13,2,1,1,0,0.05,0.18428,285.232
3292,13,0,0,3,2,1,1,1,0,0.05,0.95663,-16.978
3293,248,4,4,92,28,3,1,1,0,0.05,0.14138,676.298
3294,83,1,1,34,10,1,1,1,0,0.05,0.14476,218.747
3295,243,7,7,82,27,6,1,1,0,0.05,0.17855,664.114
3296,112,1,1,39,14,2,1,1,0,0.05,0.25039,279.752
3297,116,2,2,59,14,0,1,1,0,0.05,0.24244,314.297
3298,151,2,2,55,18,6,1,1,0,0.05,0.14801,390.811
3299,121,1,1,45,15,1,1,1,0,0.05,0.13724,308.572
3300,94,4,4,35,10,2,1,1,0,0.05,0.16734,251.337
3301,93,1,1,39,11,4,1,1,0,0.05,0.29312,199.937
3302,40,1,1,14,5,2,1,1,0,0.05,0.16066,82.656
3303,19,1,1,4,2,0,1,1,0,0.05,0.08961,44.764
3304,47,0,0,16,6,1,1,1,0,0.05,0.15118,111.389
3305,81,3,3,37,9,2,1,1,0,0.05,0.18194,220.731
3306,34,1,1,14,4,3,1,1,0,0.05,0.20712,81.364
3307,223,6,6,72,24,6,1,1,0,0.05,0.21061,594.356
3308,349,9,9,128,36,6,0,0,1,0.05,0.15877,974.968
3309,400,9,9,132,42,8,0,0,1,0.05,0.15863,1104.598
3310,85,2,2,31,10,1,1,1,0,0.05,0.19733,221.094
3311,243,7,7,85,25,7,1,1,0,0.05,0.21066,667.128
3312,291,5,5,107,32,7,1,1,0,0.05,0.19804,768.383
3313,13,0,0,4,2,1,1,1,0,0.05,0.60678,-16.489
3314,369,8,8,113,40,5,1,1,0,0.05,0.18112,1005.421
3315,158,4,4,56,18,1,1,1,0,0.05,0.13327,432.351
3316,120,4,4,60,13,5,1,1,0,0.05,0.18034,331.748
3317,6,0,0,2,1,1,1,1,0,0.05,0.28887,3.062
3318,54,1,1,20,6,1,1,1,0,0.05,0.18346,132.346
3319,127,5,5,51,14,3,1,1,0,0.05,0.18784,312.548
3320,41,1,1,14,5,1,1,1,0,0.05,0.13499,89.819
3321,6,0,0,3,1,0,1,1,0,0.05,0.26606,3.752
3322,20,0,0,7,3,3,1,1,0,0.05,0.55179,12.904
3323,172,5,5,60,19,1,1,1,0,0.05,0.14333,472.116
3324,265,6,6,102,30,5,1,1,0,0.05,0.17139,735.853
3325,94,4,4,39,10,1,1,1,0,0.05,0.15015,253.412
3326,35,1,1,12,4,3,1,1,0,0.05,0.15411,85.481
3327,135,2,2,53,16,1,1,1,0,0.05,0.16548,363.898
3328,400,9,9,115,42,3,0,0,1,0.05,0.15524,1125.119
3329,400,8,8,124,42,8,0,0,1,0.05,0.1617,1106.848
3330,70,0,0,24,9,0,1,1,0,0.05,0.18921,157.807
3331,244,6,6,92,27,4,1,1,0,0.05,0.19136,676.755
3332,91,3,3,35,10,5,1,1,0,0.05,0.22675,248.476
3333,179,5,5,59,18,6,1,1,0,0.05,0.14404,490.694
3334,370,9,9,118,39,6,0,0,1,0.05,0.16554,1021.506
3335,114,2,2,43,14,1,1,1,0,0.05,0.16143,297.388
3336,57,1,1,25,6,2,1,1,0,0.05,0.17785,132.946
3337,27,0,0,9,4,1,1,1,0,0.05,0.57444,20.982
3338,13,0,0,5,2,0,1,1,0,0.05,1.20074,-2.649
3339,29,0,0,10,4,1,1,1,0,0.05,0.32007,36.736
3340,47,1,1,20,6,2,1,1,0,0.05,0.15463,106.482
3341,106,2,2,42,12,4,1,1,0,0.05,0.1531,270.237
3342,400,8,8,121,44,10,0,0,1,0.05,0.17044,1092.489
3343,122,3,3,50,15,3,1,1,0,0.05,0.22167,311.496
3344,20,0,0,9,3,1,1,1,0,0.05,0.85637,16.014
3345,176,4,4,67,20,1,1,1,0,0.05,0.14647,464.758
3346,17,1,1,6,2,2,1,1,0,0.05,0.1666,22.657
3347,71,2,2,27,9,3,1,1,0,0.05,0.16059,170.409
3348,158,3,3,51,18,3,1,1,0,0.05,0.17144,415.518
3349,112,2,2,46,13,3,1,1,0,0.05,0.1615,281.197
3350,97,3,3,34,11,1,1,1,0,0.05,0.15842,260.413
3351,139,1,1,56,16,3,1,1,0,0.05,0.14512,364.326
3352,220,6,6,73,24,2,1,1,0,0.05,0.18013,563.503
3353,400,8,8,123,41,6,0,0,1,0.05,0.19971,1089.447
3354,7,0,0,3,1,0,1,1,0,0.05,0.2535,6.0
3355,67,0,0,24,9,3,1,1,0,0.05,0.16246,149.184
3356,343,9,9,114,37,5,1,1,0,0.05,0.21671,939.639
3357,155,6,6,61,16,5,1,1,0,0.05,0.18149,438.296
3358,28,0,0,12,4,2,1,1,0,0.05,0.17458,61.158
3359,32,1,1,15,4,1,1,1,0,0.05,0.19152,63.062
3360,241,7,7,82,28,4,1,1,0,0.05,0.16784,665.498
3361,359,7,7,121,40,9,1,1,0,0.05,0.17396,972.46
3362,28,0,0,9,4,1,1,1,0,0.05,0.17262,62.354
3363,5,0,0,1,1,0,1,1,0,0.05,0.2289,1.844
3364,360,9,9,129,40,9,1,1,0,0.05,0.17847,946.252
3365,94,1,1,40,11,3,1,1,0,0.05,0.20559,244.852
3366,113,2,2,48,13,2,1,1,0,0.05,0.14551,305.908
3367,97,1,1,31,12,1,1,1,0,0.05,0.21183,207.378
3368,393,9,9,128,42,12,0,0,1,0.05,0.18451,1075.261
3369,37,1,1,12,4,1,1,1,0,0.05,0.1604,90.207
3370,191,6,6,70,21,4,1,1,0,0.05,0.14971,526.255
3371,400,9,9,127,41,7,0,0,1,0.05,0.15842,1097.904
3372,13,0,0,5,2,2,1,1,0,0.05,0.52477,-16.244
3373,51,0,0,18,7,1,1,1,0,0.05,0.09942,124.607
3374,325,7,7,105,36,5,1,1,0,0.05,0.19309,841.756
3375,108,4,4,50,12,3,1,1,0,0.05,0.27993,261.435
3376,319,8,8,114,36,5,1,1,0,0.05,0.22957,875.723
3377,72,1,1,27,9,2,1,1,0,0.05,0.144,173.062
3378,13,0,0,5,2,1,1,1,0,0.05,0.22917,20.728
3379,99,2,2,44,12,4,1,1,0,0.05,0.16632,252.19
3380,255,8,8,99,28,9,1,1,0,0.05,0.1621,695.019
3381,7,0,0,2,1,0,1,1,0,0.05,0.34428,5.423
3382,21,0,0,9,3,2,1,1,0,0.05,0.70451,2.259
3383,33,1,1,16,4,2,1,1,0,0.05,0.4398,43.214
3384,42,1,1,13,5,0,1,1,0,0.05,0.13847,107.278
3385,117,3,3,47,13,4,1,1,0,0.05,0.17884,316.781
3386,247,6,6,96,29,6,1,1,0,0.05,0.18457,656.503
3387,5,0,0,2,1,0,1,1,0,0.05,0.19861,-51.213
3388,166,6,6,61,18,3,1,1,0,0.05,0.1303,461.402
3389,162,5,5,56,17,4,1,1,0,0.05,0.13542,445.777
3390,154,5,5,52,16,3,1,1,0,0.05,0.13827,436.042
3391,45,2,2,19,5,0,1,1,0,0.05,0.22733,116.24
3392,226,7,7,78,25,1,1,1,0,0.05,0.23114,619.938
3393,287,6,6,99,31,7,1,1,0,0.05,0.17481,792.732
3394,13,0,0,4,2,0,1,1,0,0.05,0.51354,10.284
3395,16,0,0,3,2,5,1,1,0,0.05,0.97009,2.874
3396,140,4,4,57,15,6,1,1,0,0.05,0.1955,393.953
3397,13,0,0,3,2,2,1,1,0,0.05,0.65586,8.296
3398,14,0,0,8,2,2,1,1,0,0.05,0.20443,24.898
3399,47,2,2,18,5,1,1,1,0,0.05,0.21254,126.128
3400,38,0,0,14,5,0,1,1,0,0.05,0.09675,90.854
3401,44,1,1,20,5,2,1,1,0,0.05,0.14756,114.548
3402,168,6,6,60,17,0,1,1,0,0.05,0.17884,469.633
3403,42,1,1,12,5,2,1,1,0,0.05,0.16773,102.43
3404,250,6,6,94,27,6,1,1,0,0.05,0.14562,688.002
3405,6,0,0,3,1,0,1,1,0,0.05,0.30598,3.889
3406,212,4,4,79,25,1,1,1,0,0.05,0.12917,565.354
3407,49,2,2,16,5,2,1,1,0,0.05,0.14149,129.125
3408,233,6,6,78,25,3,1,1,0,0.05,0.1655,640.089
3409,129,4,4,44,14,3,1,1,0,0.05,0.16237,362.05
3410,30,0,0,17,4,1,1,1,0,0.05,0.41495,57.167
3411,52,1,1,24,6,1,1,1,0,0.05,0.10792,123.951
3412,278,8,8,88,31,3,1,1,0,0.05,0.16475,778.291
3413,45,0,0,17,6,1,1,1,0,0.05,0.16797,108.152
3414,43,2,2,18,5,2,1,1,0,0.05,0.17227,110.528
3415,143,3,3,58,17,2,1,1,0,0.05,0.20005,393.499
3416,104,3,3,46,12,3,1,1,0,0.05,0.1714,282.599
3417,121,2,2,48,14,5,1,1,0,0.05,0.16134,327.738
3418,80,3,3,25,8,2,1,1,0,0.05,0.33818,194.97
3419,155,4,4,61,19,0,1,1,0,0.05,0.20075,422.329
3420,189,4,4,79,22,5,1,1,0,0.05,0.18661,515.373
3421,93,3,3,32,10,1,1,1,0,0.05,0.15829,254.659
3422,242,7,7,90,27,5,1,1,0,0.05,0.18171,670.582
3423,109,3,3,42,12,6,1,1,0,0.05,0.17093,283.913
3424,6,0,0,2,1,0,1,1,0,0.05,0.27904,3.718
3425,143,3,3,60,16,0,1,1,0,0.05,0.13356,397.078
3426,400,8,8,118,43,7,0,0,1,0.05,0.22717,1111.25
3427,95,3,3,46,11,3,1,1,0,0.05,0.14243,262.875
3428,22,0,0,12,3,1,1,1,0,0.05,0.33541,47.458
3429,84,3,3,34,9,3,1,1,0,0.05,0.11887,232.31
3430,109,2,2,36,13,2,1,1,0,0.05,0.26097,294.518
3431,357,8,8,115,38,7,1,1,0,0.05,0.15486,980.783
3432,333,7,7,119,37,8,1,1,0,0.05,0.14425,927.27
3433,36,0,0,17,5,1,1,1,0,0.05,0.19108,87.864
3434,113,5,5,56,12,5,1,1,0,0.05,0.29413,276.905
3435,84,4,4,31,9,5,1,1,0,0.05,0.14895,219.815
3436,83,1,1,32,10,2,1,1,0,0.05,0.11469,218.054
3437,35,1,1,6,4,2,1,1,0,0.05,0.17696,86.225
3438,109,4,4,53,12,6,1,1,0,0.05,0.19394,301.519
3439,204,4,4,68,23,6,1,1,0,0.05,0.14113,545.621
3440,75,4,4,25,8,3,1,1,0,0.05,0.20139,188.044
3441,400,9,9,118,42,8,0,0,1,0.05,0.17908,1114.984
3442,44,0,0,18,6,2,1,1,0,0.05,0.21909,95.089
3443,149,4,4,55,16,4,1,1,0,0.05,0.23483,387.691
3444,376,9,9,117,38,7,0,0,1,0.05,0.16259,1051.211
3445,148,4,4,47,16,2,1,1,0,0.05,0.15026,393.799
3446,7,0,0,4,1,1,1,1,0,0.05,0.0756,7.392
3447,139,2,2,62,16,3,1,1,0,0.05,0.16804,372.127
3448,183,5,5,71,21,5,1,1,0,0.05,0.17207,501.957
3449,5,0,0,2,1,0,1,1,0,0.05,0.18166,-9.862
3450,39,0,0,13,5,0,1,1,0,0.05,0.18004,98.23
3451,29,0,0,17,4,1,1,1,0,0.05,0.16263,69.893
3452,21,0,0,10,3,1,1,1,0,0.05,0.66194,5.625
3453,90,1,1,40,11,3,1,1,0,0.05,0.26449,210.284
3454,39,1,1,17,5,2,1,1,0,0.05,0.152,85.681
3455,176,6,6,66,20,2,1,1,0,0.05,0.14718,485.047
3456,82,2,2,31,9,2,1,1,0,0.05,0.1295,222.464
3457,311,8,8,106,34,4,1,1,0,0.05,0.15975,867.063
3458,359,8,8,113,40,4,1,1,0,0.05,0.13617,1000.616
3459,133,2,2,49,16,2,1,1,0,0.05,0.13037,359.733
3460,176,4,4,69,21,9,1,1,0,0.05,0.2213,478.755
3461,241,7,7,81,25,7,1,1,0,0.05,0.14803,658.442
3462,21,0,0,10,3,2,1,1,0,0.05,0.2408,30.842
3463,14,0,0,7,2,1,1,1,0,0.05,0.44953,-1.718
3464,32,2,2,13,4,1,1,1,0,0.05,0.22086,79.24
3465,241,8,8,77,25,4,1,1,0,0.05,0.13587,683.391
3466,7,0,0,3,1,0,1,1,0,0.05,0.24398,6.256
3467,84,1,1,38,10,1,1,1,0,0.05,0.15181,223.827
3468,77,2,2,28,9,5,1,1,0,0.05,0.15451,200.01
3469,395,9,9,127,43,7,0,0,1,0.05,0.17095,1098.832
3470,6,0,0,3,1,1,1,1,0,0.05,0.29683,3.515
3471,6,0,0,3,1,1,1,1,0,0.05,0.27723,3.524
3472,162,4,4,62,18,3,1,1,0,0.05,0.22638,454.514
3473,400,9,9,125,42,5,0,0,1,0.05,0.15111,1119.149
3474,13,0,0,3,2,2,1,1,0,0.05,1.26213,-3.724
3475,124,3,3,39,15,4,1,1,0,0.05,0.17318,332.337
3476,138,6,6,49,15,1,1,1,0,0.05,0.17119,380.421
3477,22,0,0,14,3,1,1,1,0,0.05,0.18238,48.755
3478,41,1,1,12,5,1,1,1,0,0.05,0.30071,77.504
3479,5,0,0,2,1,2,1,1,0,0.05,0.2436,-11.224
3480,20,1,1,8,2,2,1,1,0,0.05,0.1592,34.874
3481,326,9,9,117,35,9,1,1,0,0.05,0.16332,910.161
3482,6,0,0,2,1,0,1,1,0,0.05,0.12979,5.121
3483,13,0,0,6,2,0,1,1,0,0.05,0.15572,24.951
3484,124,4,4,46,14,1,1,1,0,0.05,0.18839,314.021
3485,46,1,1,14,6,0,1,1,0,0.05,0.24297,103.277
3486,229,3,3,96,28,2,1,1,0,0.05,0.17314,629.389
3487,79,3,3,30,8,6,1,1,0,0.05,0.15785,202.628
3488,21,0,0,10,3,0,1,1,0,0.05,0.23309,33.082
3489,156,4,4,68,18,2,1,1,0,0.05,0.16354,418.024
3490,284,6,6,100,32,3,1,1,0,0.05,0.14784,785.764
3491,7,0,0,3,1,0,1,1,0,0.05,0.26365,6.254
3492,13,0,0,4,2,1,1,1,0,0.05,0.79028,-16.381
3493,142,3,3,52,17,3,1,1,0,0.05,0.16757,383.207
3494,94,3,3,33,11,0,1,1,0,0.05,0.17792,254.358
3495,171,6,6,74,20,7,1,1,0,0.05,0.15369,483.298
3496,20,0,0,9,3,1,1,1,0,0.05,0.21608,30.364
3497,101,2,2,42,12,2,1,1,0,0.05,0.27204,233.088
3498,23,0,0,9,3,4,1,1,0,0.05,0.78787,26.114
3499,244,5,5,87,28,4,1,1,0,0.05,0.17461,677.935
3500,44,0,0,22,6,1,1,1,0,0.05,0.16519,98.046
3501,190,4,4,75,22,8,1,1,0,0.05,0.1609,522.283
3502,327,5,5,106,37,6,1,1,0,0.05,0.14852,892.209
3503,62,1,1,29,8,3,1,1,0,0.05,0.19951,155.321
3504,13,0,0,3,2,1,1,1,0,0.05,1.11257,-3.134
3505,42,1,1,17,5,2,1,1,0,0.05,0.41312,66.633
3506,67,3,3,27,7,3,1,1,0,0.05,0.21115,170.956
3507,33,1,1,11,4,0,1,1,0,0.05,0.36347,81.054
3508,240,6,6,88,26,5,1,1,0,0.05,0.15418,664.725
3509,26,1,1,10,3,1,1,1,0,0.05,0.09531,61.916
3510,131,4,4,43,14,1,1,1,0,0.05,0.16377,368.419
3511,375,9,9,118,39,3,0,0,1,0.05,0.18037,1037.606
3512,391,9,9,127,41,9,0,0,1,0.05,0.1767,1082.311
3513,58,2,2,21,7,1,1,1,0,0.05,0.15617,152.334
3514,61,5,5,20,6,3,1,1,0,0.05,0.1877,171.328
3515,45,1,1,16,5,2,1,1,0,0.05,0.13801,114.398
3516,228,7,7,86,24,5,1,1,0,0.05,0.20596,623.083
3517,244,6,6,80,27,6,1,1,0,0.05,0.16104,676.762
3518,250,5,5,82,26,7,1,1,0,0.05,0.14996,665.844
3519,144,3,3,55,17,1,1,1,0,0.05,0.23336,380.187
3520,97,3,3,44,11,1,1,1,0,0.05,0.14567,266.893
3521,29,0,0,12,4,1,1,1,0,0.05,0.17436,66.891
3522,112,5,5,38,12,4,1,1,0,0.05,0.28184,282.755
3523,108,2,2,36,13,2,1,1,0,0.05,0.16378,283.696
3524,257,6,6,94,29,7,1,1,0,0.05,0.17724,720.843
3525,45,1,1,18,6,1,1,1,0,0.05,0.1408,114.183
3526,115,4,4,51,14,5,1,1,0,0.05,0.27814,302.193
3527,114,1,1,45,14,3,1,1,0,0.05,0.13001,288.708
3528,366,8,8,110,38,4,1,1,0,0.05,0.18629,1006.02
3529,280,8,8,90,31,2,1,1,0,0.05,0.1548,770.062
3530,46,0,0,15,6,2,1,1,0,0.05,0.20582,109.823
3531,13,0,0,3,2,1,1,1,0,0.05,0.49936,-16.846
3532,400,9,9,119,45,7,0,0,1,0.05,0.15965,1111.081
3533,125,4,4,40,14,3,1,1,0,0.05,0.18866,326.442
3534,390,8,8,118,43,5,1,1,0,0.05,0.14885,1068.636
3535,67,2,2,30,7,2,1,1,0,0.05,0.16837,182.844
3536,354,8,8,119,37,6,1,1,0,0.05,0.13727,982.445
3537,356,9,9,122,38,10,1,1,0,0.05,0.1815,991.018
3538,39,1,1,18,5,1,1,1,0,0.05,0.11965,87.931
3539,170,5,5,66,19,3,1,1,0,0.05,0.17893,465.264
3540,140,3,3,49,16,1,1,1,0,0.05,0.15543,370.543
3541,175,4,4,68,20,2,1,1,0,0.05,0.14306,491.514
3542,13,0,0,4,2,2,1,1,0,0.05,0.26566,21.211
3543,13,0,0,4,2,1,1,1,0,0.05,0.31208,22.694
3544,93,4,4,37,10,2,1,1,0,0.05,0.2655,217.206
3545,72,2,2,28,8,2,1,1,0,0.05,0.17446,190.608
3546,62,0,0,24,8,1,1,1,0,0.05,0.18514,151.428
3547,357,9,9,114,40,10,1,1,0,0.05,0.15999,982.132
3548,220,6,6,83,26,6,1,1,0,0.05,0.18586,600.442
3549,13,0,0,3,2,0,1,1,0,0.05,0.27327,23.07
3550,79,2,2,29,9,3,1,1,0,0.05,0.12798,190.598
3551,57,1,1,15,7,3,1,1,0,0.05,0.18452,143.178
3552,48,1,1,21,6,0,1,1,0,0.05,0.16033,120.544
3553,50,2,2,15,6,1,1,1,0,0.05,0.17588,113.844
3554,6,0,0,2,1,1,1,1,0,0.05,0.26141,3.166
3555,13,0,0,5,2,1,1,1,0,0.05,0.20123,23.048
3556,400,9,9,122,43,6,0,0,1,0.05,0.16701,1117.492
3557,13,0,0,4,2,0,1,1,0,0.05,0.23714,10.847
3558,163,6,6,65,17,4,1,1,0,0.05,0.19283,448.244
3559,129,4,4,61,15,4,1,1,0,0.05,0.23187,316.11
3560,151,4,4,63,18,5,1,1,0,0.05,0.1892,392.733
3561,65,1,1,26,8,2,1,1,0,0.05,0.12373,167.966
3562,400,8,8,116,42,8,0,0,1,0.05,0.16146,1103.84
3563,79,3,3,30,9,3,1,1,0,0.05,0.17197,210.306
3564,92,2,2,33,11,3,1,1,0,0.05,0.20306,229.179
3565,58,2,2,17,6,2,1,1,0,0.05,0.15138,154.859
3566,86,1,1,35,11,3,1,1,0,0.05,0.41607,183.091
3567,264,9,9,104,28,5,1,1,0,0.05,0.19955,731.893
3568,385,9,9,133,41,6,0,0,1,0.05,0.17139,1069.164
3569,346,9,9,110,37,8,0,0,1,0.05,0.17434,965.214
3570,33,1,1,20,4,1,1,1,0,0.05,0.59194,59.397
3571,179,5,5,64,20,3,1,1,0,0.05,0.16346,493.286
3572,85,3,3,38,9,1,1,1,0,0.05,0.24025,222.706
3573,116,2,2,53,14,2,1,1,0,0.05,0.25083,287.144
3574,28,1,1,9,3,2,1,1,0,0.05,0.13181,68.661
3575,134,1,1,49,16,5,1,1,0,0.05,0.13314,338.075
3576,217,4,4,76,25,1,1,1,0,0.05,0.13804,593.444
3577,70,1,1,23,9,2,1,1,0,0.05,0.15982,166.088
3578,6,0,0,3,1,1,1,1,0,0.05,0.25121,3.561
3579,132,4,4,51,15,4,1,1,0,0.05,0.25439,359.338
3580,68,1,1,23,8,3,1,1,0,0.05,0.35419,164.799
3581,29,0,0,11,4,0,1,1,0,0.05,0.16726,66.99
3582,242,6,6,78,26,4,1,1,0,0.05,0.14668,676.175
3583,42,1,1,15,5,2,1,1,0,0.05,0.14036,106.226
3584,105,3,3,33,11,1,1,1,0,0.05,0.10762,275.707
3585,35,1,1,12,4,0,1,1,0,0.05,0.14274,86.191
3586,299,9,9,110,32,5,1,1,0,0.05,0.15284,834.012
3587,150,5,5,61,16,7,1,1,0,0.05,0.1323,415.977
3588,237,5,5,89,28,11,1,1,0,0.05,0.16103,628.132
3589,87,2,2,30,10,0,1,1,0,0.05,0.15063,234.106
3590,61,0,0,23,8,4,1,1,0,0.05,0.1675,147.49
3591,32,1,1,12,4,3,1,1,0,0.05,0.39489,50.35
3592,41,1,1,14,5,1,1,1,0,0.05,0.12133,89.983
3593,281,6,6,104,31,3,1,1,0,0.05,0.15185,760.628
3594,377,9,9,114,40,12,1,1,0,0.05,0.17918,1034.408
3595,13,0,0,5,2,3,1,1,0,0.05,1.17987,-3.307
3596,39,1,1,16,5,0,1,1,0,0.05,0.14863,96.814
3597,115,1,1,46,13,0,1,1,0,0.05,0.15,302.381
3598,21,0,0,9,3,0,1,1,0,0.05,0.18226,45.273
3599,140,2,2,50,17,1,1,1,0,0.05,0.13376,373.715
3600,393,9,9,125,42,3,1,1,0,0.05,0.14888,1088.241
3601,388,9,9,125,42,7,0,0,1,0.05,0.15651,1063.043
3602,89,3,3,31,10,2,1,1,0,0.05,0.15678,233.179
3603,400,7,7,119,45,6,0,0,1,0.05,0.19086,1084.455
3604,78,3,3,25,9,2,1,1,0,0.05,0.21402,198.731
3605,6,0,0,2,1,0,1,1,0,0.05,0.29715,3.707
3606,318,9,9,106,35,6,1,1,0,0.05,0.15281,853.491
3607,5,0,0,1,1,0,1,1,0,0.05,2.82188,-23.205
3608,353,8,8,111,39,8,1,1,0,0.05,0.15876,955.524
3609,34,1,1,15,4,1,1,1,0,0.05,0.44578,45.764
3610,41,1,1,20,5,2,1,1,0,0.05,0.39518,66.902
3611,111,3,3,47,12,4,1,1,0,0.05,0.14637,303.365
3612,18,1,1,8,2,0,1,1,0,0.05,0.16605,41.877
3613,14,0,0,5,2,0,1,1,0,0.05,0.18344,25.636
3614,399,9,9,116,41,7,0,0,1,0.05,0.15752,1096.085
3615,194,6,6,80,22,8,1,1,0,0.05,0.18587,535.035
3616,30,2,2,15,3,1,1,1,0,0.05,0.39872,38.292
3617,7,0,0,4,1,0,1,1,0,0.05,0.76448,-31.516
3618,47,1,1,22,6,3,1,1,0,0.05,0.32418,116.5
3619,81,3,3,33,10,4,1,1,0,0.05,0.20458,202.85
3620,201,6,6,81,23,6,1,1,0,0.05,0.17546,545.332
3621,65,3,3,27,7,5,1,1,0,0.05,0.3986,154.658
3622,276,4,4,95,31,6,1,1,0,0.05,0.21314,731.577
3623,226,5,5,82,24,5,1,1,0,0.05,0.16483,606.731
3624,7,0,0,2,1,0,1,1,0,0.05,0.27246,5.805
3625,13,0,0,7,2,1,1,1,0,0.05,0.20341,24.229
3626,338,7,7,97,31,5,1,1,0,0.05,0.17753,899.049
3627,193,3,3,67,22,3,1,1,0,0.05,0.21693,511.253
3628,26,1,1,13,3,3,1,1,0,0.05,0.23654,63.587
3629,21,0,0,10,3,0,1,1,0,0.05,0.26242,33.214
3630,46,1,1,19,6,1,1,1,0,0.05,0.21642,114.642
3631,400,9,9,127,40,11,0,0,1,0.05,0.18681,1086.434
3632,13,0,0,4,2,1,1,1,0,0.05,1.21349,-3.224
3633,145,3,3,50,18,1,1,1,0,0.05,0.24031,373.693
3634,21,0,0,9,3,0,1,1,0,0.05,0.2084,43.32
3635,5,0,0,4,1,0,1,1,0,0.05,0.13847,-50.548
3636,153,5,5,46,16,2,1,1,0,0.05,0.16433,430.818
3637,84,3,3,31,9,2,1,1,0,0.05,0.23687,210.845
3638,138,2,2,39,16,3,1,1,0,0.05,0.33235,309.127
3639,13,0,0,5,2,1,1,1,0,0.05,0.21375,22.808
3640,33,0,0,14,4,1,1,1,0,0.05,0.3825,62.895
3641,43,1,1,19,5,2,1,1,0,0.05,0.22858,94.174
3642,18,1,1,5,2,2,1,1,0,0.05,0.21965,36.858
3643,113,2,2,52,13,4,1,1,0,0.05,0.21533,272.537
3644,140,5,5,50,16,4,1,1,0,0.05,0.25569,344.825
3645,118,3,3,44,14,4,1,1,0,0.05,0.18347,318.795
3646,95,2,2,41,12,4,1,1,0,0.05,0.22206,248.072
3647,102,6,6,39,10,1,1,1,0,0.05,0.2038,294.121
3648,67,3,3,19,7,0,1,1,0,0.05,0.18623,167.845
3649,95,2,2,38,11,1,1,1,0,0.05,0.22668,245.174
3650,312,9,9,102,33,7,1,1,0,0.05,0.16648,861.064
3651,40,2,2,14,4,2,1,1,0,0.05,0.19976,89.608
3652,37,0,0,19,5,0,1,1,0,0.05,0.21601,88.638
3653,6,0,0,2,1,0,1,1,0,0.05,0.06316,3.253
3654,13,0,0,5,2,1,1,1,0,0.05,0.39823,-15.844
3655,173,4,4,73,20,3,1,1,0,0.05,0.16794,465.788
3656,13,0,0,4,2,1,1,1,0,0.05,1.14777,-2.991
3657,33,0,0,12,4,0,1,1,0,0.05,0.16019,76.088
3658,307,6,6,118,35,8,1,1,0,0.05,0.16152,849.869
3659,192,6,6,66,23,4,1,1,0,0.05,0.23346,517.787
3660,18,2,2,7,2,0,1,1,0,0.05,0.36663,28.929
3661,174,3,3,60,20,5,1,1,0,0.05,0.15209,469.106
3662,130,3,3,56,16,3,1,1,0,0.05,0.16189,340.969
3663,384,9,9,124,41,7,0,0,1,0.05,0.14014,1068.641
3664,21,0,0,10,3,0,1,1,0,0.05,0.83052,6.086
3665,34,1,1,10,4,2,1,1,0,0.05,0.18383,79.265
3666,108,5,5,48,12,2,1,1,0,0.05,0.17073,289.108
3667,61,0,0,22,8,1,1,1,0,0.05,0.12298,140.319
3668,45,0,0,21,6,1,1,1,0,0.05,0.41467,71.339
3669,257,8,8,99,31,6,1,1,0,0.05,0.19618,714.755
3670,13,0,0,5,2,0,1,1,0,0.05,0.21171,10.972
3671,13,0,0,3,2,0,1,1,0,0.05,0.21531,22.871
3672,32,1,1,12,4,0,1,1,0,0.05,0.16352,76.794
3673,13,0,0,2,2,3,1,1,0,0.05,1.09471,-5.368
3674,213,4,4,81,24,0,1,1,0,0.05,0.14019,583.339
3675,13,0,0,3,2,2,1,1,0,0.05,0.15984,22.305
3676,26,1,1,12,3,0,1,1,0,0.05,0.37549,64.841
3677,26,1,1,6,3,2,1,1,0,0.05,0.14298,60.945
3678,31,0,0,13,4,1,1,1,0,0.05,0.23263,58.467
3679,131,6,6,49,14,4,1,1,0,0.05,0.2531,364.37
3680,67,3,3,31,8,1,1,1,0,0.05,0.29017,164.098
3681,111,3,3,37,13,2,1,1,0,0.05,0.1458,289.044
3682,124,6,6,53,13,2,1,1,0,0.05,0.1633,356.583
3683,66,2,2,26,8,0,1,1,0,0.05,0.16325,160.271
3684,397,9,9,122,43,7,0,0,1,0.05,0.16765,1105.285
3685,64,1,1,29,8,1,1,1,0,0.05,0.24249,126.468
3686,201,5,5,82,23,6,1,1,0,0.05,0.1551,553.512
3687,245,6,6,97,28,5,1,1,0,0.05,0.16466,680.999
3688,51,3,3,17,5,1,1,1,0,0.05,0.16584,144.858
3689,21,0,0,7,3,0,1,1,0,0.05,0.54131,5.66
3690,13,0,0,5,2,1,1,1,0,0.05,1.16916,-2.454
3691,96,2,2,38,11,0,1,1,0,0.05,0.13793,259.185
3692,343,9,9,127,38,7,0,0,1,0.05,0.16858,964.552
3693,22,1,1,8,3,0,1,1,0,0.05,0.42324,11.8
3694,13,0,0,4,2,1,1,1,0,0.05,0.4189,-5.365
3695,266,8,8,97,29,4,1,1,0,0.05,0.21281,712.937
3696,59,1,1,26,7,2,1,1,0,0.05,0.3867,118.937
3697,75,2,2,35,9,1,1,1,0,0.05,0.19902,206.401
3698,15,0,0,4,2,2,1,1,0,0.05,0.93469,-14.342
3699,203,5,5,70,23,6,1,1,0,0.05,0.14478,549.838
3700,285,6,6,105,32,8,1,1,0,0.05,0.18338,787.294
3701,80,4,4,32,9,2,1,1,0,0.05,0.32419,224.359
3702,236,7,7,78,27,7,1,1,0,0.05,0.17792,662.6
3703,303,8,8,112,34,7,1,1,0,0.05,0.20009,852.263
3704,6,0,0,2,1,1,1,1,0,0.05,0.30477,3.277
3705,195,6,6,73,22,0,1,1,0,0.05,0.1676,543.847
3706,22,0,0,11,3,1,1,1,0,0.05,0.21606,48.101
3707,268,7,7,107,28,7,1,1,0,0.05,0.15229,746.56
3708,176,5,5,63,20,1,1,1,0,0.05,0.18756,484.589
3709,13,0,0,5,2,1,1,1,0,0.05,1.06303,-15.565
3710,91,3,3,42,10,1,1,1,0,0.05,0.12918,256.996
3711,40,1,1,19,5,1,1,1,0,0.05,0.16448,103.193
3712,62,2,2,19,7,2,1,1,0,0.05,0.20244,162.066
3713,29,0,0,13,4,2,1,1,0,0.05,0.19937,65.653
3714,51,3,3,15,5,1,1,1,0,0.05,0.09871,130.106
3715,117,2,2,53,15,2,1,1,0,0.05,0.22137,294.102
3716,374,9,9,119,40,4,0,0,1,0.05,0.1642,1050.8
3717,13,0,0,4,2,1,1,1,0,0.05,1.02629,-2.535
3718,122,4,4,39,13,3,1,1,0,0.05,0.13946,337.541
3719,21,0,0,8,3,0,1,1,0,0.05,0.17553,45.113
3720,6,0,0,2,1,1,1,1,0,0.05,0.23875,3.329
3721,28,0,0,12,4,1,1,1,0,0.05,0.19976,38.045
3722,35,1,1,11,4,0,1,1,0,0.05,0.14387,88.604
3723,5,0,0,2,1,0,1,1,0,0.05,0.11875,-51.573
3724,203,3,3,73,23,3,1,1,0,0.05,0.13524,542.69
3725,21,0,0,9,3,1,1,1,0,0.05,0.66516,4.054
3726,286,8,8,103,31,7,1,1,0,0.05,0.16777,791.672
3727,40,1,1,18,5,1,1,1,0,0.05,0.12009,103.915
3728,5,0,0,3,1,0,1,1,0,0.05,0.05446,-51.277
3729,92,4,4,42,10,2,1,1,0,0.05,0.17486,259.324
3730,145,4,4,57,17,2,1,1,0,0.05,0.1676,401.119
3731,128,4,4,39,13,5,1,1,0,0.05,0.15505,355.096
3732,210,5,5,77,23,5,1,1,0,0.05,0.15776,588.88
3733,44,0,0,17,6,1,1,1,0,0.05,0.17288,108.794
3734,42,1,1,19,5,3,1,1,0,0.05,0.1397,106.043
3735,94,4,4,32,10,1,1,1,0,0.05,0.13611,262.441
3736,387,9,9,121,43,7,0,0,1,0.05,0.16435,1088.377
3737,377,9,9,115,41,8,1,1,0,0.05,0.1728,1007.978
3738,128,2,2,57,16,4,1,1,0,0.05,0.17604,346.903
3739,400,9,9,117,42,5,0,0,1,0.05,0.15733,1115.478
3740,25,1,1,14,3,2,1,1,0,0.05,0.17397,47.797
3741,400,9,9,135,42,10,0,0,1,0.05,0.15984,1118.204
3742,389,9,9,122,41,4,0,0,1,0.05,0.18305,1073.19
3743,51,1,1,22,6,1,1,1,0,0.05,0.28911,128.27
3744,120,4,4,42,14,3,1,1,0,0.05,0.18915,330.502
3745,53,3,3,24,6,1,1,1,0,0.05,0.23323,137.101
3746,13,0,0,3,2,1,1,1,0,0.05,0.27464,9.91
3747,13,0,0,4,2,1,1,1,0,0.05,1.15495,-3.11
3748,400,9,9,114,42,5,0,0,1,0.05,0.16448,1101.895
3749,55,0,0,24,7,0,1,1,0,0.05,0.17435,135.512
3750,88,0,0,29,12,4,1,1,0,0.05,0.19285,215.512
3751,111,2,2,35,13,1,1,1,0,0.05,0.15987,269.817
3752,388,9,9,121,41,7,1,1,0,0.05,0.18334,1049.988
3753,106,2,2,29,10,2,1,1,0,0.05,0.14908,256.187
3754,60,2,2,27,7,1,1,1,0,0.05,0.16425,143.443
3755,21,0,0,9,3,2,1,1,0,0.05,0.78347,9.616
3756,6,0,0,3,1,1,1,1,0,0.05,0.25573,3.451
3757,62,0,0,27,8,2,1,1,0,0.05,0.15092,156.581
3758,244,5,5,83,24,7,1,1,0,0.05,0.19128,641.574
3759,297,7,7,88,28,7,1,1,0,0.05,0.1789,793.902
3760,50,1,1,22,6,1,1,1,0,0.05,0.2286,125.482
3761,5,0,0,4,1,0,1,1,0,0.05,0.08864,-50.257
3762,385,8,8,117,40,10,1,1,0,0.05,0.17924,1041.932
3763,6,0,0,3,1,1,1,1,0,0.05,0.2603,3.575
3764,61,1,1,28,8,1,1,1,0,0.05,0.16972,142.735
3765,101,3,3,35,12,2,1,1,0,0.05,0.23582,269.128
3766,29,1,1,12,4,1,1,1,0,0.05,0.21455,68.239
3767,29,0,0,12,4,1,1,1,0,0.05,0.19892,53.598
3768,132,4,4,44,14,2,1,1,0,0.05,0.19004,324.289
3769,13,0,0,5,2,3,1,1,0,0.05,0.18298,22.464
3770,200,5,5,79,23,3,1,1,0,0.05,0.20449,546.893
3771,20,0,0,8,3,0,1,1,0,0.05,0.30553,42.148
3772,13,0,0,5,2,0,1,1,0,0.05,1.20363,-2.116
3773,150,3,3,58,18,3,1,1,0,0.05,0.15342,393.53
3774,258,6,6,88,27,5,1,1,0,0.05,0.15432,712.756
3775,42,1,1,23,5,1,1,1,0,0.05,0.1946,107.553
3776,23,0,0,12,3,2,1,1,0,0.05,0.69092,23.127
3777,54,2,2,23,6,2,1,1,0,0.05,0.17893,139.289
3778,13,0,0,3,2,1,1,1,0,0.05,0.94757,-16.274
3779,21,0,0,11,3,4,1,1,0,0.05,0.49505,44.149
3780,53,0,0,23,7,1,1,1,0,0.05,0.20029,133.522
3781,103,2,2,46,12,1,1,1,0,0.05,0.18148,278.491
3782,80,1,1,34,10,0,1,1,0,0.05,0.16137,213.692
3783,20,0,0,6,3,0,1,1,0,0.05,0.25169,40.811
3784,23,0,0,12,3,1,1,1,0,0.05,0.44388,10.089
3785,21,0,0,7,3,1,1,1,0,0.05,0.73905,18.153
3786,6,0,0,2,1,2,1,1,0,0.05,0.15961,3.104
3787,400,9,9,127,40,7,0,0,1,0.05,0.16248,1102.841
3788,71,1,1,29,9,0,1,1,0,0.05,0.20583,186.87
3789,213,5,5,76,24,5,1,1,0,0.05,0.17674,576.736
3790,33,1,1,10,4,1,1,1,0,0.05,0.53185,54.087
3791,23,0,0,6,3,3,1,1,0,0.05,0.23346,46.567
3792,43,1,1,20,5,0,1,1,0,0.05,0.2956,109.998
3793,54,1,1,23,7,1,1,1,0,0.05,0.14315,138.451
3794,394,8,8,115,44,8,1,1,0,0.05,0.17882,1077.509
3795,164,6,6,56,18,5,1,1,0,0.05,0.17395,459.099
3796,68,0,0,24,9,1,1,1,0,0.05,0.15061,169.225
3797,123,3,3,52,14,2,1,1,0,0.05,0.16277,330.823
3798,382,9,9,123,40,7,0,0,1,0.05,0.17825,1053.393
3799,30,0,0,11,4,1,1,1,0,0.05,0.27017,67.733
3800,153,3,3,58,18,5,1,1,0,0.05,0.17992,400.579
3801,152,2,2,59,18,5,1,1,0,0.05,0.13748,398.442
3802,194,3,3,62,23,6,1,1,0,0.05,0.16249,520.109
3803,54,0,0,18,7,0,1,1,0,0.05,0.19324,130.287
3804,192,7,7,73,21,3,1,1,0,0.05,0.21858,492.359
3805,13,0,0,3,2,1,1,1,0,0.05,0.31918,9.547
3806,28,0,0,12,4,2,1,1,0,0.05,0.18421,62.934
3807,13,0,0,4,2,1,1,1,0,0.05,0.24132,22.357
3808,158,7,7,51,17,3,1,1,0,0.05,0.16368,432.678
3809,6,0,0,3,1,1,1,1,0,0.05,0.33008,3.889
3810,59,2,2,25,7,1,1,1,0,0.05,0.1639,141.481
3811,5,0,0,3,1,0,1,1,0,0.05,0.12531,2.086
3812,171,5,5,74,20,8,1,1,0,0.05,0.24418,430.189
3813,49,1,1,16,6,1,1,1,0,0.05,0.17803,122.247
3814,398,9,9,126,42,9,0,0,1,0.05,0.17639,1093.723
3815,250,7,7,94,27,6,1,1,0,0.05,0.15885,692.077
3816,389,9,9,115,40,7,0,0,1,0.05,0.17051,1062.085
3817,209,7,7,79,23,6,1,1,0,0.05,0.17003,588.716
3818,36,2,2,17,4,1,1,1,0,0.05,0.4851,53.921
3819,202,7,7,77,23,4,1,1,0,0.05,0.13908,561.418
3820,162,6,6,55,18,1,1,1,0,0.05,0.16384,452.336
3821,6,0,0,3,1,1,1,1,0,0.05,0.26986,3.449
3822,244,3,3,95,28,4,1,1,0,0.05,0.13032,668.021
3823,43,1,1,22,5,0,1,1,0,0.05,0.15349,111.059
3824,306,7,7,99,32,8,1,1,0,0.05,0.17362,836.434
3825,339,9,9,118,37,4,1,1,0,0.05,0.1582,952.003
3826,102,3,3,42,11,1,1,1,0,0.05,0.15334,283.867
3827,381,9,9,128,41,4,0,0,1,0.05,0.2074,1054.819
3828,249,5,5,87,26,5,1,1,0,0.05,0.15578,676.488
3829,204,6,6,77,23,2,1,1,0,0.05,0.15126,565.039
3830,86,2,2,34,10,2,1,1,0,0.05,0.14275,233.974
3831,71,0,0,25,9,1,1,1,0,0.05,0.12068,179.056
3832,137,3,3,60,16,2,1,1,0,0.05,0.14328,380.124
3833,130,4,4,50,15,5,1,1,0,0.05,0.17361,351.584
3834,23,0,0,10,3,1,1,1,0,0.05,0.30565,12.176
3835,303,8,8,110,33,4,1,1,0,0.05,0.1463,801.891
3836,60,0,0,24,8,3,1,1,0,0.05,0.24929,106.072
3837,234,8,8,87,25,3,1,1,0,0.05,0.16556,645.379
3838,93,3,3,45,10,4,1,1,0,0.05,0.30423,257.057
3839,389,9,9,116,40,3,0,0,1,0.05,0.15511,1071.602
3840,106,4,4,39,12,5,1,1,0,0.05,0.21643,285.672
3841,99,3,3,43,11,2,1,1,0,0.05,0.29485,246.015
3842,72,2,2,27,8,1,1,1,0,0.05,0.16985,193.24
3843,146,4,4,56,16,2,1,1,0,0.05,0.165,401.914
3844,194,3,3,67,22,6,1,1,0,0.05,0.16504,517.992
3845,379,9,9,123,38,7,0,0,1,0.05,0.22144,1062.527
3846,14,0,0,5,2,0,1,1,0,0.05,0.23549,25.134
3847,400,8,8,126,43,5,0,0,1,0.05,0.16502,1100.27
3848,37,1,1,18,5,0,1,1,0,0.05,0.14775,94.119
3849,222,6,6,72,24,4,1,1,0,0.05,0.17951,587.38
3850,116,2,2,43,15,3,1,1,0,0.05,0.16536,305.049
3851,269,9,9,96,29,4,1,1,0,0.05,0.15089,757.332
3852,17,0,0,5,2,2,1,1,0,0.05,0.21928,18.8
3853,119,3,3,43,14,2,1,1,0,0.05,0.2249,320.707
3854,13,0,0,4,2,0,1,1,0,0.05,0.26234,-17.211
3855,373,9,9,119,40,9,0,0,1,0.05,0.18266,1022.039
3856,21,0,0,5,3,1,1,1,0,0.05,0.28741,41.687
3857,28,1,1,11,3,1,1,1,0,0.05,0.16634,68.384
3858,49,1,1,22,6,1,1,1,0,0.05,0.18671,126.932
3859,400,9,9,115,44,5,0,0,1,0.05,0.17532,1098.916
3860,72,0,0,31,9,0,1,1,0,0.05,0.1498,182.327
3861,37,3,3,12,4,1,1,1,0,0.05,0.16728,97.481
3862,128,3,3,55,14,1,1,1,0,0.05,0.27387,352.469
3863,52,0,0,21,7,2,1,1,0,0.05,0.15559,127.486
3864,36,0,0,14,5,0,1,1,0,0.05,0.16022,84.993
3865,29,0,0,11,4,0,1,1,0,0.05,0.17235,64.837
3866,56,1,1,24,7,3,1,1,0,0.05,0.16927,140.98
3867,115,3,3,49,14,4,1,1,0,0.05,0.15729,311.441
3868,321,7,7,101,35,7,1,1,0,0.05,0.16318,874.948
3869,42,2,2,11,5,1,1,1,0,0.05,0.18255,106.715
3870,5,0,0,3,1,0,1,1,0,0.05,0.15883,-36.242
3871,21,0,0,10,3,1,1,1,0,0.05,0.20335,42.751
3872,89,2,2,34,10,3,1,1,0,0.05,0.12406,235.26
3873,303,8,8,109,32,5,1,1,0,0.05,0.15947,845.651
3874,394,9,9,129,40,5,0,0,1,0.05,0.16996,1078.75
3875,63,3,3,32,6,2,1,1,0,0.05,0.15961,177.436
3876,400,9,9,129,41,6,0,0,1,0.05,0.17622,1108.397
3877,6,0,0,3,1,1,1,1,0,0.05,0.19657,3.79
3878,116,2,2,42,13,4,1,1,0,0.05,0.15638,310.176
3879,7,0,0,1,1,0,1,1,0,0.05,0.33105,5.388
3880,340,9,9,117,36,12,1,1,0,0.05,0.18938,939.963
3881,7,0,0,3,1,1,1,1,0,0.05,0.23497,5.476
3882,125,4,4,53,13,2,1,1,0,0.05,0.14887,347.363
3883,90,3,3,31,10,2,1,1,0,0.05,0.23023,223.879
3884,15,1,1,7,2,0,1,1,0,0.05,0.19483,32.267
3885,14,0,0,4,2,2,1,1,0,0.05,0.21166,11.458
3886,21,0,0,9,3,2,1,1,0,0.05,0.81636,9.044
3887,13,0,0,5,2,1,1,1,0,0.05,1.18206,-2.857
3888,206,6,6,75,23,6,1,1,0,0.05,0.17015,543.694
3889,102,2,2,43,12,2,1,1,0,0.05,0.18892,258.531
3890,71,2,2,27,8,0,1,1,0,0.05,0.20894,183.01
3891,7,0,0,2,1,0,1,1,0,0.05,0.22088,5.76
3892,22,0,0,14,3,0,1,1,0,0.05,0.2244,48.679
3893,17,1,1,8,2,0,1,1,0,0.05,0.91616,11.663
3894,22,0,0,9,3,1,1,1,0,0.05,0.19104,47.519
3895,128,4,4,49,14,4,1,1,0,0.05,0.1328,352.691
3896,225,5,5,77,24,7,1,1,0,0.05,0.17459,615.301
3897,13,0,0,4,2,1,1,1,0,0.05,0.19772,9.992
3898,21,0,0,8,3,1,1,1,0,0.05,0.67531,17.716
3899,109,2,2,45,13,5,1,1,0,0.05,0.15366,273.782
3900,127,3,3,50,14,3,1,1,0,0.05,0.13498,341.683
3901,222,8,8,73,24,7,1,1,0,0.05,0.13031,600.066
3902,48,1,1,17,6,2,1,1,0,0.05,0.20348,116.398
3903,59,0,0,25,7,5,1,1,0,0.05,0.32874,131.998
3904,26,1,1,11,3,1,1,1,0,0.05,0.11866,63.009
3905,187,7,7,62,21,4,1,1,0,0.05,0.17281,514.005
3906,13,0,0,4,2,1,1,1,0,0.05,0.90822,-3.016
3907,218,4,4,74,24,3,1,1,0,0.05,0.14532,573.985
3908,48,3,3,12,5,0,1,1,0,0.05,0.11808,132.725
3909,188,5,5,67,21,1,1,1,0,0.05,0.12291,508.019
3910,14,0,0,3,2,0,1,1,0,0.05,0.45165,24.173
3911,7,0,0,3,1,2,1,1,0,0.05,0.21734,5.156
3912,345,7,7,100,36,9,1,1,0,0.05,0.16018,931.47
3913,148,5,5,48,15,2,1,1,0,0.05,0.20913,387.697
3914,359,9,9,121,39,7,1,1,0,0.05,0.18488,987.272
3915,340,9,9,121,37,5,0,0,1,0.05,0.16537,941.304
3916,5,0,0,3,1,0,1,1,0,0.05,0.14707,-50.969
3917,76,3,3,32,8,3,1,1,0,0.05,0.18625,205.981
3918,278,6,6,89,30,6,1,1,0,0.05,0.16479,757.79
3919,110,1,1,51,14,2,1,1,0,0.05,0.24567,275.976
3920,15,1,1,5,2,2,1,1,0,0.05,0.19192,29.549
3921,62,1,1,23,8,1,1,1,0,0.05,0.18213,155.52
3922,192,6,6,80,21,5,1,1,0,0.05,0.20344,525.359
3923,22,0,0,10,3,2,1,1,0,0.05,0.18083,45.521
3924,42,1,1,17,5,1,1,1,0,0.05,0.15012,104.634
3925,92,2,2,33,10,3,1,1,0,0.05,0.17028,219.338
3926,84,3,3,30,9,0,1,1,0,0.05,0.28403,187.37
3927,27,1,1,9,3,0,1,1,0,0.05,0.21787,65.412
3928,79,2,2,35,9,3,1,1,0,0.05,0.1773,195.985
3929,72,1,1,29,9,3,1,1,0,0.05,0.1715,186.128
3930,13,0,0,4,2,0,1,1,0,0.05,0.25458,23.174
3931,302,8,8,107,34,5,1,1,0,0.05,0.16761,829.151
3932,14,0,0,5,2,1,1,1,0,0.05,0.9063,-0.704
3933,57,1,1,29,7,3,1,1,0,0.05,0.39324,123.281
3934,228,5,5,77,25,3,1,1,0,0.05,0.13162,611.075
3935,400,9,9,127,42,3,0,0,1,0.05,0.17301,1101.811
3936,76,2,2,34,9,1,1,1,0,0.05,0.17848,201.874
3937,134,1,1,63,15,7,1,1,0,0.05,0.16606,356.528
3938,400,9,9,118,40,8,0,0,1,0.05,0.13684,1097.605
3939,120,3,3,45,13,1,1,1,0,0.05,0.14931,313.748
3940,52,1,1,19,6,2,1,1,0,0.05,0.27463,133.664
3941,329,9,9,123,34,9,1,1,0,0.05,0.17214,914.426
3942,44,1,1,11,5,0,1,1,0,0.05,0.17189,111.126
3943,37,1,1,17,4,1,1,1,0,0.05,0.28903,55.262
3944,167,4,4,54,19,6,1,1,0,0.05,0.16971,439.71
3945,136,4,4,49,15,4,1,1,0,0.05,0.15117,358.154
3946,210,6,6,79,24,1,1,1,0,0.05,0.18816,573.639
3947,130,3,3,47,14,4,1,1,0,0.05,0.14177,358.063
3948,111,3,3,39,11,2,1,1,0,0.05,0.1621,292.021
3949,309,7,7,93,31,6,1,1,0,0.05,0.19483,826.001
3950,306,7,7,95,35,4,1,1,0,0.05,0.19252,829.893
3951,80,1,1,38,10,3,1,1,0,0.05,0.16926,198.966
3952,15,0,0,9,2,1,1,1,0,0.05,0.27353,29.265
3953,133,4,4,54,14,0,1,1,0,0.05,0.17519,372.017
3954,68,0,0,29,9,2,1,1,0,0.05,0.14187,170.034
3955,21,0,0,9,3,1,1,1,0,0.05,0.2968,42.095
3956,326,9,9,114,35,5,0,0,1,0.05,0.18737,902.272
3957,20,0,0,7,3,0,1,1,0,0.05,0.22199,40.519
3958,118,2,2,49,14,1,1,1,0,0.05,0.19222,292.276
3959,33,1,1,13,4,0,1,1,0,0.05,0.51253,57.576
3960,139,5,5,46,16,4,1,1,0,0.05,0.17588,378.816
3961,46,0,0,16,6,1,1,1,0,0.05,0.10642,110.744
3962,239,6,6,76,26,5,1,1,0,0.05,0.12809,658.311
3963,151,6,6,54,17,7,1,1,0,0.05,0.15386,417.18
3964,6,0,0,3,1,1,1,1,0,0.05,0.28098,3.539
3965,376,9,9,126,40,6,0,0,1,0.05,0.16492,1036.718
3966,150,7,7,66,17,3,1,1,0,0.05,0.17064,386.473
3967,146,5,5,65,16,3,1,1,0,0.05,0.16298,412.517
3968,104,0,0,46,13,1,1,1,0,0.05,0.18425,259.17
3969,13,0,0,4,2,0,1,1,0,0.05,1.07142,-2.525
3970,223,5,5,89,24,3,1,1,0,0.05,0.14052,593.92
3971,5,0,0,1,1,0,1,1,0,0.05,0.28445,2.748
3972,34,1,1,12,4,2,1,1,0,0.05,0.12364,70.009
3973,48,1,1,21,6,3,1,1,0,0.05,0.42879,97.402
3974,65,3,3,26,7,1,1,1,0,0.05,0.18716,178.361
3975,195,3,3,64,23,4,1,1,0,0.05,0.16364,521.436
3976,36,0,0,15,5,2,1,1,0,0.05,0.17076,46.596
3977,81,4,4,31,9,2,1,1,0,0.05,0.14261,223.206
3978,38,1,1,12,5,1,1,1,0,0.05,0.15033,92.616
3979,13,0,0,4,2,0,1,1,0,0.05,0.23371,20.953
3980,125,5,5,41,14,4,1,1,0,0.05,0.15234,340.029
3981,23,1,1,8,3,2,1,1,0,0.05,0.15544,53.971
3982,47,1,1,22,6,1,1,1,0,0.05,0.14364,119.564
3983,181,5,5,71,20,2,1,1,0,0.05,0.16189,508.529
3984,6,0,0,1,1,0,1,1,0,0.05,0.18429,4.774
3985,257,8,8,83,27,5,1,1,0,0.05,0.14271,697.279
3986,154,3,3,71,18,2,1,1,0,0.05,0.27859,393.978
3987,91,1,1,33,11,4,1,1,0,0.05,0.23145,206.968
3988,217,6,6,67,24,5,1,1,0,0.05,0.14738,604.521
3989,36,0,0,18,5,0,1,1,0,0.05,0.38546,46.526
3990,229,5,5,92,26,3,1,1,0,0.05,0.14336,638.972
3991,334,9,9,114,33,3,1,1,0,0.05,0.16083,934.393
3992,6,0,0,2,1,1,1,1,0,0.05,0.16474,4.997
3993,59,1,1,21,7,0,1,1,0,0.05,0.1943,152.842
3994,58,1,1,27,7,1,1,1,0,0.05,0.37102,111.513
3995,218,5,5,78,24,3,1,1,0,0.05,0.16656,576.471
3996,13,0,0,4,2,2,1,1,0,0.05,1.2228,-2.98
3997,56,2,2,25,6,1,1,1,0,0.05,0.21924,150.222
3998,61,1,1,27,7,3,1,1,0,0.05,0.20072,159.716
3999,26,1,1,10,3,4,1,1,0,0.05,0.23874,23.423
4000,6,0,0,3,1,3,1,1,0,0.05,3.02697,-10.591
