round,steps,score,coins,crates,bombs,invalid,killed_self,got_killed,survived,epsilon,mean_abs_td,total_reward
1,20,0,0,6,3,1,1,1,0,0.25,0.39839,-17.176
2,6,0,0,1,1,1,1,1,0,0.2499,1.19373,-26.479
3,7,0,0,1,1,3,1,1,0,0.2499,2.78673,-26.581
4,6,0,0,3,1,1,1,1,0,0.2498,0.25583,-8.156
5,29,0,0,10,4,4,1,1,0,0.2497,0.26045,11.936
6,6,0,0,2,1,3,1,1,0,0.2496,0.7974,-54.619
7,43,0,0,15,6,9,1,1,0,0.2496,0.80071,42.307
8,14,0,0,6,2,1,1,1,0,0.2495,0.61039,-11.029
9,62,1,1,22,7,6,1,1,0,0.2494,0.38239,42.986
10,33,0,0,13,4,2,1,1,0,0.2494,0.51408,39.49
11,43,1,1,17,5,5,1,1,0,0.2493,0.31613,44.738
12,45,1,1,14,5,2,1,1,0,0.2492,0.35304,45.391
13,19,0,0,6,2,1,1,1,0,0.2491,0.13869,-2.602
14,13,0,0,4,2,3,1,1,0,0.2491,0.87348,-42.901
15,8,0,0,3,1,1,1,1,0,0.249,0.18208,-5.628
16,24,1,1,10,3,3,1,1,0,0.2489,0.27775,9.015
17,26,0,0,9,3,4,1,1,0,0.2488,0.19042,23.097
18,6,0,0,3,1,1,1,1,0,0.2488,0.26338,-7.931
19,6,0,0,3,1,1,1,1,0,0.2487,0.18269,-7.993
20,14,0,0,5,2,1,1,1,0,0.2486,0.2801,-10.327
21,15,0,0,7,2,2,1,1,0,0.2486,0.18374,8.828
22,21,0,0,9,3,5,1,1,0,0.2485,1.00511,4.223
23,11,0,0,2,1,3,1,1,0,0.2484,0.16433,-3.401
24,21,0,0,10,3,1,1,1,0,0.2483,0.27609,3.487
25,29,1,1,13,3,5,1,1,0,0.2483,0.24121,39.01
26,7,0,0,5,1,1,1,1,0,0.2482,0.15748,-4.969
27,22,1,1,7,2,5,1,1,0,0.2481,0.33599,4.437
28,6,0,0,3,1,0,1,1,0,0.2481,0.15093,-7.588
29,8,0,0,2,1,1,1,1,0,0.248,0.17041,-67.259
30,16,1,1,6,2,2,1,1,0,0.2479,0.14117,-5.492
31,15,0,0,3,2,4,1,1,0,0.2478,0.24531,6.248
32,44,0,0,8,5,5,1,1,0,0.2478,0.26905,57.955
33,44,1,1,17,5,5,1,1,0,0.2477,0.25417,41.481
34,7,0,0,3,1,0,1,1,0,0.2476,0.18606,-6.259
35,7,0,0,2,1,3,1,1,0,0.2476,2.06904,-8.3
36,24,0,0,8,3,5,1,1,0,0.2475,0.2522,19.776
37,13,0,0,4,2,0,1,1,0,0.2474,1.29844,-26.946
38,14,0,0,5,2,4,1,1,0,0.2473,0.22182,3.691
39,82,0,0,21,8,9,1,1,0,0.2473,0.45315,107.576
40,28,0,0,12,4,2,1,1,0,0.2472,0.36405,31.027
41,13,0,0,5,2,0,1,1,0,0.2471,0.42292,-42.712
42,17,1,1,8,2,5,1,1,0,0.2471,1.40903,-33.148
43,6,0,0,3,1,2,1,1,0,0.247,0.06417,-8.27
44,72,2,2,20,8,8,1,1,0,0.2469,0.35657,109.18
45,5,0,0,3,1,0,1,1,0,0.2468,0.23571,-70.344
46,49,0,0,13,6,11,1,1,0,0.2468,0.37214,57.198
47,13,0,0,4,2,0,1,1,0,0.2467,1.1248,4.847
48,28,1,1,8,3,3,1,1,0,0.2466,0.58333,-16.199
49,22,0,0,8,3,2,1,1,0,0.2465,0.16167,17.808
50,6,0,0,3,1,1,1,1,0,0.2465,0.18374,-8.268
51,5,0,0,2,1,1,1,1,0,0.2464,1.82172,-56.194
52,5,0,0,2,1,0,1,1,0,0.2463,2.2533,-41.573
53,6,0,0,2,1,0,1,1,0,0.2463,0.23094,-8.152
54,5,0,0,2,1,1,1,1,0,0.2462,0.17295,-9.535
55,6,0,0,3,1,2,1,1,0,0.2461,0.2934,-8.602
56,75,2,2,18,8,6,1,1,0,0.246,0.27067,115.272
57,6,0,0,3,1,2,1,1,0,0.246,0.18216,-8.657
58,77,2,2,24,9,10,1,1,0,0.2459,0.20825,111.035
59,148,2,2,41,16,15,1,1,0,0.2458,0.38702,212.851
60,224,4,4,58,25,17,1,1,0,0.2458,0.27051,366.485
61,6,0,0,2,1,2,1,1,0,0.2457,0.09177,-9.345
62,7,0,0,2,1,4,1,1,0,0.2456,2.00999,-8.879
63,6,0,0,3,1,2,1,1,0,0.2455,0.81895,-8.88
64,6,0,0,2,1,2,1,1,0,0.2455,0.13301,-8.759
65,5,0,0,2,1,0,1,1,0,0.2454,0.71985,-25.671
66,14,0,0,5,2,2,1,1,0,0.2453,0.33563,-42.92
67,41,2,2,12,4,2,1,1,0,0.2453,0.30739,31.253
68,19,1,1,4,2,5,1,1,0,0.2452,0.95253,-30.488
69,6,0,0,3,1,2,1,1,0,0.2451,1.69249,-8.076
70,50,1,1,15,6,6,1,1,0,0.245,0.76311,71.784
71,22,1,1,9,3,2,1,1,0,0.245,0.19475,21.343
72,35,0,0,10,5,3,1,1,0,0.2449,0.23735,37.708
73,68,2,2,15,7,11,1,1,0,0.2448,0.29895,66.726
74,14,0,0,5,2,3,1,1,0,0.2448,1.28101,-29.363
75,14,0,0,3,2,4,1,1,0,0.2447,0.33311,3.037
76,13,0,0,4,2,1,1,1,0,0.2446,1.03996,-43.609
77,19,2,2,8,2,3,1,1,0,0.2445,0.6877,3.142
78,25,1,1,9,3,1,1,1,0,0.2445,0.28931,8.717
79,46,1,1,12,6,7,1,1,0,0.2444,0.19837,57.916
80,6,0,0,2,1,3,1,1,0,0.2443,0.10714,-9.227
81,71,2,2,25,7,7,1,1,0,0.2442,0.27703,74.374
82,34,0,0,8,4,5,1,1,0,0.2442,0.45085,32.952
83,63,0,0,21,8,8,1,1,0,0.2441,0.63954,81.592
84,14,0,0,5,2,2,1,1,0,0.244,0.74984,4.763
85,15,0,0,3,2,3,1,1,0,0.244,0.23088,-43.07
86,8,0,0,2,1,1,1,1,0,0.2439,0.07759,-6.038
87,14,0,0,4,2,3,1,1,0,0.2438,0.21085,4.384
88,17,1,1,6,2,3,1,1,0,0.2437,0.46222,-2.658
89,13,0,0,4,2,2,1,1,0,0.2437,0.30637,2.456
90,13,0,0,4,2,3,1,1,0,0.2436,0.28168,1.964
91,19,1,1,8,2,4,1,1,0,0.2435,0.7541,-30.797
92,6,0,0,2,1,0,1,1,0,0.2435,0.16274,-8.176
93,5,0,0,2,1,1,1,1,0,0.2434,0.32229,-8.944
94,84,2,2,25,9,10,1,1,0,0.2433,0.37371,125.248
95,6,0,0,3,1,2,1,1,0,0.2432,0.04153,-8.941
96,22,0,0,7,3,2,1,1,0,0.2432,0.39677,17.767
97,13,0,0,8,2,1,1,1,0,0.2431,0.7359,4.506
98,29,1,1,5,4,4,1,1,0,0.243,0.19708,18.362
99,5,0,0,4,1,0,1,1,0,0.243,0.19388,-70.526
100,5,0,0,3,1,2,1,1,0,0.2429,0.65874,-26.071
101,8,0,0,2,1,2,1,1,0,0.2428,0.15889,-7.546
102,29,1,1,8,3,5,1,1,0,0.2427,0.18815,37.564
103,6,0,0,3,1,2,1,1,0,0.2427,0.24484,-8.596
104,43,0,0,12,6,2,1,1,0,0.2426,0.27803,51.321
105,22,0,0,7,3,3,1,1,0,0.2425,0.70036,-0.88
106,102,2,2,27,12,10,1,1,0,0.2425,0.26165,159.626
107,56,1,1,18,7,6,1,1,0,0.2424,0.32864,75.152
108,22,0,0,9,3,4,1,1,0,0.2423,0.2203,14.957
109,13,0,0,3,2,1,1,1,0,0.2422,0.90247,-45.309
110,7,0,0,2,1,0,1,1,0,0.2422,1.37922,-6.451
111,16,1,1,5,2,0,1,1,0,0.2421,0.17182,11.514
112,13,0,0,8,2,2,1,1,0,0.242,0.2418,-13.617
113,84,0,0,24,11,10,1,1,0,0.2419,0.2582,91.704
114,31,0,0,10,4,4,1,1,0,0.2419,0.29552,13.827
115,14,0,0,8,2,3,1,1,0,0.2418,1.24902,-27.617
116,24,0,0,9,3,2,1,1,0,0.2417,0.13167,21.008
117,15,0,0,4,2,1,1,1,0,0.2417,0.23198,-42.78
118,6,0,0,2,1,1,1,1,0,0.2416,0.22831,-8.971
119,12,0,0,5,2,1,1,1,0,0.2415,0.42705,1.919
120,15,0,0,5,2,2,1,1,0,0.2414,0.37266,-11.74
121,13,0,0,3,2,2,1,1,0,0.2414,1.31938,-31.319
122,46,1,1,22,6,3,1,1,0,0.2413,0.27543,62.722
123,54,0,0,14,7,5,1,1,0,0.2412,0.4423,64.387
124,108,2,2,36,13,9,1,1,0,0.2412,0.49134,161.349
125,6,0,0,1,1,1,1,1,0,0.2411,0.26216,-9.323
126,13,0,0,5,2,2,1,1,0,0.241,1.79385,-30.229
127,5,0,0,1,1,1,1,1,0,0.2409,0.21577,-71.587
128,7,0,0,3,1,1,1,1,0,0.2409,0.23788,-8.336
129,84,0,0,22,10,9,1,1,0,0.2408,0.19842,108.005
130,5,0,0,2,1,0,1,1,0,0.2407,0.47587,-26.142
131,26,0,0,7,3,3,1,1,0,0.2407,0.34186,20.838
132,7,0,0,2,1,2,1,1,0,0.2406,0.20006,-8.42
133,17,0,0,3,2,5,1,1,0,0.2405,0.393,-11.314
134,15,0,0,4,2,3,1,1,0,0.2404,0.79865,-42.922
135,6,0,0,3,1,1,1,1,0,0.2404,0.44458,-8.908
136,13,0,0,4,2,2,1,1,0,0.2403,0.90631,-45.381
137,13,0,0,7,2,2,1,1,0,0.2402,0.26183,2.947
138,83,1,1,25,10,10,1,1,0,0.2402,0.33317,80.315
139,6,0,0,2,1,1,1,1,0,0.2401,1.19039,-8.62
140,6,0,0,3,1,0,1,1,0,0.24,0.21364,-8.212
141,22,0,0,8,3,2,1,1,0,0.2399,0.8211,16.46
142,22,0,0,9,3,4,1,1,0,0.2399,0.84041,-24.221
143,5,0,0,4,1,2,1,1,0,0.2398,0.1346,-71.362
144,13,0,0,4,2,1,1,1,0,0.2397,0.3765,-14.599
145,33,1,1,9,4,5,1,1,0,0.2397,0.40414,37.426
146,5,0,0,2,1,2,1,1,0,0.2396,0.60355,-27.264
147,21,0,0,11,3,2,1,1,0,0.2395,0.62827,-31.656
148,5,0,0,3,1,3,1,1,0,0.2394,0.16396,-72.743
149,13,0,0,7,2,3,1,1,0,0.2394,0.98984,-13.968
150,14,0,0,3,2,2,1,1,0,0.2393,0.27903,2.904
151,24,1,1,7,3,3,1,1,0,0.2392,0.18222,23.432
152,5,0,0,2,1,1,1,1,0,0.2391,0.28004,-70.908
153,18,1,1,3,2,2,1,1,0,0.2391,0.19693,-4.236
154,6,0,0,2,1,2,1,1,0,0.239,0.04794,-9.647
155,56,1,1,18,7,4,1,1,0,0.2389,0.37112,54.393
156,25,0,0,7,3,1,1,1,0,0.2389,0.15328,20.35
157,14,0,0,4,2,4,1,1,0,0.2388,0.83782,-14.675
158,20,0,0,8,3,3,1,1,0,0.2387,0.26159,12.213
159,6,0,0,3,1,3,1,1,0,0.2386,0.117,-9.453
160,44,2,2,15,5,4,1,1,0,0.2386,0.281,37.811
161,13,0,0,4,2,4,1,1,0,0.2385,0.76296,0.508
162,14,0,0,5,2,3,1,1,0,0.2384,1.28055,-29.392
163,34,1,1,15,4,4,1,1,0,0.2384,0.59429,27.483
164,62,0,0,22,8,6,1,1,0,0.2383,0.25847,78.198
165,34,1,1,8,4,3,1,1,0,0.2382,0.32715,21.24
166,13,0,0,5,2,2,1,1,0,0.2381,0.79694,-45.096
167,5,0,0,3,1,1,1,1,0,0.2381,0.09994,-71.431
168,53,0,0,24,7,3,1,1,0,0.238,0.56905,31.391
169,5,0,0,3,1,0,1,1,0,0.2379,0.1225,-71.302
170,28,0,0,12,4,1,1,1,0,0.2379,0.17435,27.083
171,57,1,1,23,7,8,1,1,0,0.2378,0.23246,73.349
172,6,0,0,2,1,2,1,1,0,0.2377,0.37579,-9.392
173,98,0,0,43,13,9,1,1,0,0.2376,0.23485,135.242
174,20,0,0,7,3,2,1,1,0,0.2376,0.15319,-5.377
175,27,0,0,10,4,4,1,1,0,0.2375,0.32814,7.767
176,13,0,0,3,2,3,1,1,0,0.2374,1.39014,-32.736
177,6,0,0,2,1,1,1,1,0,0.2374,0.16255,-9.213
178,7,0,0,4,1,4,1,1,0,0.2373,0.18482,-69.836
179,53,2,2,18,6,5,1,1,0,0.2372,0.23498,60.205
180,15,0,0,4,2,2,1,1,0,0.2371,0.23025,4.463
181,64,0,0,17,8,8,1,1,0,0.2371,0.27235,80.924
182,20,0,0,7,3,5,1,1,0,0.237,0.54721,-6.912
183,14,0,0,4,2,1,1,1,0,0.2369,0.30872,-13.73
184,6,0,0,3,1,1,1,1,0,0.2368,0.16196,-8.958
185,22,0,0,6,3,2,1,1,0,0.2368,0.81915,-28.254
186,13,0,0,2,2,0,1,1,0,0.2367,0.94937,-45.519
187,5,0,0,4,1,1,1,1,0,0.2366,0.27497,-71.273
188,21,0,0,7,3,2,1,1,0,0.2366,0.17311,12.827
189,24,1,1,8,3,1,1,1,0,0.2365,0.39628,24.378
190,36,0,0,14,5,2,1,1,0,0.2364,0.61762,39.458
191,6,0,0,1,1,1,1,1,0,0.2363,2.5855,-42.145
192,5,0,0,2,1,0,1,1,0,0.2363,0.27588,-9.528
193,36,0,0,14,5,2,1,1,0,0.2362,0.18975,22.474
194,77,0,0,20,9,12,1,1,0,0.2361,0.30602,78.266
195,13,0,0,5,2,3,1,1,0,0.2361,0.15662,1.86
196,26,1,1,13,3,3,1,1,0,0.236,0.1645,28.554
197,14,0,0,7,2,6,1,1,0,0.2359,1.15582,-31.277
198,33,2,2,13,4,4,1,1,0,0.2358,0.41844,43.641
199,13,0,0,5,2,1,1,1,0,0.2358,0.79576,-45.035
200,13,0,0,3,2,1,1,1,0,0.2357,0.51388,1.709
201,22,0,0,7,3,5,1,1,0,0.2356,0.27279,-4.607
202,7,0,0,2,1,2,1,1,0,0.2356,0.17128,-8.588
203,122,2,2,41,16,10,1,1,0,0.2355,0.21844,163.342
204,13,0,0,6,2,2,1,1,0,0.2354,0.21683,-15.532
205,69,2,2,18,7,4,1,1,0,0.2353,0.18158,108.792
206,45,0,0,13,6,3,1,1,0,0.2353,0.48537,32.492
207,47,1,1,11,5,5,1,1,0,0.2352,0.44397,13.448
208,14,0,0,9,2,1,1,1,0,0.2351,1.40884,-29.366
209,88,3,3,18,8,6,1,1,0,0.2351,0.19757,141.597
210,15,0,0,3,2,0,1,1,0,0.235,0.22821,4.5
211,20,0,0,4,3,3,1,1,0,0.2349,0.65233,-22.811
212,6,0,0,1,1,1,1,1,0,0.2348,0.23619,-9.776
213,7,0,0,3,1,0,1,1,0,0.2348,0.136,-7.479
214,47,2,2,14,5,5,1,1,0,0.2347,0.11373,46.55
215,16,0,0,4,2,5,1,1,0,0.2346,0.33152,4.019
216,14,0,0,5,2,3,1,1,0,0.2345,0.49309,1.877
217,13,0,0,2,2,1,1,1,0,0.2345,0.1907,1.877
218,5,0,0,1,1,1,1,1,0,0.2344,2.58603,-42.796
219,168,4,4,43,17,15,1,1,0,0.2343,0.24706,238.658
220,7,0,0,2,1,1,1,1,0,0.2343,0.15162,-8.246
221,13,0,0,4,2,0,1,1,0,0.2342,0.2386,-45.981
222,21,0,0,6,3,2,1,1,0,0.2341,0.24863,14.187
223,58,0,0,15,7,5,1,1,0,0.234,0.59681,37.772
224,35,1,1,11,4,5,1,1,0,0.234,0.20525,39.305
225,6,0,0,2,1,1,1,1,0,0.2339,0.22323,-10.248
226,8,0,0,1,1,1,1,1,0,0.2338,0.5154,-6.893
227,74,1,1,19,9,8,1,1,0,0.2338,0.35495,74.392
228,53,2,2,15,6,7,1,1,0,0.2337,0.16418,47.492
229,5,0,0,2,1,1,1,1,0,0.2336,0.33973,-71.295
230,5,0,0,2,1,2,1,1,0,0.2335,0.29523,-71.668
231,6,0,0,1,1,1,1,1,0,0.2335,0.89284,-9.361
232,23,0,0,10,3,2,1,1,0,0.2334,0.26867,17.119
233,109,2,2,28,13,12,1,1,0,0.2333,0.35778,155.177
234,7,0,0,3,1,0,1,1,0,0.2333,0.20643,-6.941
235,41,0,0,9,5,5,1,1,0,0.2332,0.40526,42.156
236,28,0,0,9,4,4,1,1,0,0.2331,0.20338,23.193
237,14,0,0,3,2,3,1,1,0,0.233,0.81631,-46.119
238,20,0,0,6,3,4,1,1,0,0.233,0.8011,-33.149
239,40,0,0,10,5,5,1,1,0,0.2329,0.16688,38.209
240,41,1,1,16,5,2,1,1,0,0.2328,0.31381,19.53
241,74,2,2,21,8,5,1,1,0,0.2328,0.18404,91.786
242,33,0,0,11,4,4,1,1,0,0.2327,0.4698,10.948
243,6,0,0,3,1,1,1,1,0,0.2326,0.05306,-9.278
244,13,0,0,5,2,0,1,1,0,0.2325,0.66467,-45.674
245,5,0,0,2,1,1,1,1,0,0.2325,0.27348,-71.189
246,21,0,0,5,3,6,1,1,0,0.2324,0.86136,-21.649
247,46,0,0,9,6,4,1,1,0,0.2323,0.3424,48.555
248,5,0,0,4,1,1,1,1,0,0.2322,0.2056,-71.874
249,22,0,0,9,3,2,1,1,0,0.2322,0.83992,-16.443
250,5,0,0,2,1,2,1,1,0,0.2321,0.23988,-73.042
251,20,0,0,8,3,3,1,1,0,0.232,0.59782,-4.567
252,51,0,0,10,7,1,1,1,0,0.232,0.46527,44.813
253,6,0,0,1,1,1,1,1,0,0.2319,0.22562,-9.378
254,28,0,0,5,3,3,1,1,0,0.2318,0.27358,20.919
255,40,1,1,11,5,5,1,1,0,0.2317,0.79516,26.117
256,5,0,0,1,1,1,1,1,0,0.2317,0.27996,-10.337
257,42,2,2,14,5,6,1,1,0,0.2316,0.36887,47.853
258,22,0,0,7,3,2,1,1,0,0.2315,0.45933,13.555
259,6,0,0,2,1,0,1,1,0,0.2315,0.17532,-9.27
260,10,0,0,3,1,4,1,1,0,0.2314,0.34188,-6.018
261,127,2,2,29,13,17,1,1,0,0.2313,0.28774,155.968
262,6,0,0,3,1,2,1,1,0,0.2312,0.39046,-9.539
263,8,0,0,5,1,3,1,1,0,0.2312,0.12201,-23.926
264,5,0,0,2,1,1,1,1,0,0.2311,0.06214,-10.209
265,16,0,0,5,2,2,1,1,0,0.231,0.5386,-12.6
266,15,0,0,7,2,4,1,1,0,0.231,0.34826,3.205
267,23,0,0,6,3,3,1,1,0,0.2309,0.16368,13.217
268,51,0,0,17,7,6,1,1,0,0.2308,0.30996,56.514
269,5,0,0,4,1,1,1,1,0,0.2307,0.31508,-72.154
270,20,0,0,8,3,1,1,1,0,0.2307,0.10186,12.472
271,14,0,0,3,2,1,1,1,0,0.2306,0.20729,1.923
272,75,1,1,19,8,6,1,1,0,0.2305,0.1825,77.976
273,79,1,1,17,9,8,1,1,0,0.2304,0.2038,79.393
274,13,0,0,6,2,2,1,1,0,0.2304,0.1479,1.164
275,20,0,0,9,3,3,1,1,0,0.2303,0.15658,12.129
276,57,0,0,20,7,5,1,1,0,0.2302,0.16869,44.076
277,85,1,1,21,10,11,1,1,0,0.2302,0.22563,104.855
278,22,0,0,5,3,4,1,1,0,0.2301,0.15081,11.46
279,13,0,0,4,2,1,1,1,0,0.23,0.23542,-16.511
280,6,0,0,2,1,1,1,1,0,0.2299,0.91266,-25.497
281,6,0,0,2,1,2,1,1,0,0.2299,0.07857,-9.935
282,21,0,0,9,3,1,1,1,0,0.2298,0.16736,11.277
283,45,1,1,12,5,8,1,1,0,0.2297,0.30218,2.37
284,6,0,0,2,1,2,1,1,0,0.2297,0.27825,-9.961
285,13,0,0,4,2,2,1,1,0,0.2296,0.12446,-16.845
286,72,1,1,23,9,11,1,1,0,0.2295,0.23411,84.343
287,6,0,0,2,1,1,1,1,0,0.2294,0.15678,-9.855
288,15,0,0,5,2,3,1,1,0,0.2294,0.42212,-14.978
289,6,0,0,2,1,0,1,1,0,0.2293,0.11965,-8.272
290,5,0,0,3,1,0,1,1,0,0.2292,0.13487,-71.636
291,13,0,0,4,2,1,1,1,0,0.2292,0.678,-46.428
292,13,0,0,5,2,1,1,1,0,0.2291,0.22748,0.768
293,5,0,0,2,1,1,1,1,0,0.229,0.09529,-10.415
294,37,1,1,10,4,3,1,1,0,0.2289,0.50956,25.184
295,18,1,1,8,2,3,1,1,0,0.2289,0.88624,-28.422
296,5,0,0,3,1,2,1,1,0,0.2288,0.29466,-71.717
297,16,0,0,5,2,1,1,1,0,0.2287,0.16227,4.646
298,13,0,0,6,2,2,1,1,0,0.2287,0.20556,0.285
299,14,0,0,2,2,2,1,1,0,0.2286,1.37903,-31.568
300,19,0,0,5,2,1,1,1,0,0.2285,0.21362,7.869
301,31,0,0,9,4,5,1,1,0,0.2284,0.1554,24.862
302,98,2,2,29,12,9,1,1,0,0.2284,0.29779,131.648
303,17,1,1,5,2,2,1,1,0,0.2283,0.15898,-8.463
304,13,0,0,5,2,2,1,1,0,0.2282,0.25381,-16.637
305,78,0,0,20,9,8,1,1,0,0.2281,0.28262,45.631
306,23,0,0,6,3,3,1,1,0,0.2281,0.66968,14.486
307,13,0,0,3,2,3,1,1,0,0.228,0.1893,-0.216
308,7,0,0,3,1,0,1,1,0,0.2279,0.12065,-8.222
309,23,0,0,7,3,0,1,1,0,0.2279,0.17154,14.304
310,36,0,0,12,5,1,1,1,0,0.2278,0.21415,36.027
311,60,0,0,19,8,2,1,1,0,0.2277,0.23242,20.552
312,29,0,0,12,4,4,1,1,0,0.2276,0.18736,7.751
313,30,0,0,10,4,5,1,1,0,0.2276,0.18289,24.224
314,24,0,0,6,3,3,1,1,0,0.2275,0.11066,14.104
315,24,1,1,9,3,1,1,1,0,0.2274,0.19104,6.346
316,24,0,0,8,3,2,1,1,0,0.2274,0.13858,15.791
317,6,0,0,2,1,1,1,1,0,0.2273,0.21345,-9.313
318,22,0,0,6,3,3,1,1,0,0.2272,0.13668,-4.537
319,5,0,0,2,1,1,1,1,0,0.2271,0.72137,-27.332
320,14,0,0,9,2,2,1,1,0,0.2271,0.25421,3.203
321,24,0,0,8,3,3,1,1,0,0.227,0.70488,-2.766
322,83,0,0,19,9,8,1,1,0,0.2269,0.15826,93.394
323,20,0,0,5,3,4,1,1,0,0.2269,1.11614,-38.403
324,22,0,0,8,3,5,1,1,0,0.2268,0.47251,10.421
325,6,0,0,2,1,1,1,1,0,0.2267,0.142,-9.328
326,14,0,0,4,2,2,1,1,0,0.2266,1.23465,-31.326
327,22,0,0,6,3,2,1,1,0,0.2266,0.62569,-20.948
328,22,0,0,5,3,3,1,1,0,0.2265,0.75689,-21.842
329,121,3,3,32,13,8,1,1,0,0.2264,0.25934,151.398
330,14,0,0,3,2,2,1,1,0,0.2264,0.16382,-16.89
331,22,0,0,11,3,3,1,1,0,0.2263,0.61519,-19.379
332,5,0,0,3,1,1,1,1,0,0.2262,0.24773,-10.104
333,20,0,0,7,3,1,1,1,0,0.2261,0.16058,11.411
334,14,0,0,4,2,1,1,1,0,0.2261,0.88829,-15.119
335,6,0,0,3,1,1,1,1,0,0.226,0.13941,-9.698
336,23,1,1,5,3,1,1,1,0,0.2259,0.18787,2.124
337,20,0,0,5,2,2,1,1,0,0.2258,0.43791,6.858
338,5,0,0,2,1,1,1,1,0,0.2258,0.13985,-72.061
339,13,0,0,3,2,1,1,1,0,0.2257,0.21806,-16.535
340,6,0,0,2,1,1,1,1,0,0.2256,0.14972,-9.737
341,140,2,2,32,16,7,1,1,0,0.2256,0.26251,180.728
342,20,0,0,5,3,1,1,1,0,0.2255,0.81364,-34.327
343,71,1,1,16,8,4,1,1,0,0.2254,0.17445,83.296
344,46,1,1,14,5,1,1,1,0,0.2253,0.17145,52.108
345,57,1,1,12,6,5,1,1,0,0.2253,0.19206,62.765
346,40,0,0,17,5,5,1,1,0,0.2252,0.53635,36.3
347,5,0,0,3,1,1,1,1,0,0.2251,4.49844,-42.538
348,34,1,1,10,4,5,1,1,0,0.2251,0.24183,35.535
349,5,0,0,3,1,0,1,1,0,0.225,0.11724,-72.022
350,51,2,2,11,5,4,1,1,0,0.2249,0.32203,64.255
351,6,0,0,2,1,1,1,1,0,0.2248,0.16845,-9.816
352,55,2,2,14,6,6,1,1,0,0.2248,0.46025,48.309
353,71,2,2,24,8,5,1,1,0,0.2247,0.41197,88.626
354,7,0,0,2,1,2,1,1,0,0.2246,0.13338,-9.076
355,40,1,1,16,5,4,1,1,0,0.2246,0.32421,22.615
356,5,0,0,1,1,1,1,1,0,0.2245,0.32751,-11.213
357,15,0,0,4,2,2,1,1,0,0.2244,0.33146,-14.779
358,22,0,0,6,3,4,1,1,0,0.2243,0.214,9.908
359,13,0,0,5,2,2,1,1,0,0.2243,0.80938,-46.391
360,7,0,0,1,1,2,1,1,0,0.2242,0.08499,-10.12
361,28,1,1,9,3,6,1,1,0,0.2241,0.82263,-21.104
362,13,0,0,3,2,4,1,1,0,0.2241,0.64148,-18.174
363,14,0,0,2,2,2,1,1,0,0.224,1.01679,-32.225
364,62,3,3,15,6,5,1,1,0,0.2239,0.27562,75.115
365,21,0,0,9,3,2,1,1,0,0.2238,0.85528,-21.375
366,6,0,0,2,1,1,1,1,0,0.2238,0.68308,-9.655
367,6,0,0,3,1,2,1,1,0,0.2237,0.69952,-10.12
368,17,0,0,6,2,3,1,1,0,0.2236,0.25453,3.499
369,13,0,0,5,2,2,1,1,0,0.2235,1.0094,-32.796
370,13,0,0,5,2,2,1,1,0,0.2235,0.19621,-48.87
371,24,1,1,9,3,4,1,1,0,0.2234,0.89132,15.577
372,35,1,1,11,4,4,1,1,0,0.2233,0.25262,36.381
373,14,0,0,3,2,3,1,1,0,0.2233,0.18294,-47.845
374,51,0,0,13,5,6,1,1,0,0.2232,0.2645,29.264
375,74,1,1,21,8,7,1,1,0,0.2231,0.19771,67.416
376,21,0,0,10,3,3,1,1,0,0.223,0.81881,-36.214
377,13,0,0,4,2,0,1,1,0,0.223,0.18869,0.167
378,22,0,0,7,3,6,1,1,0,0.2229,0.53748,-37.087
379,24,1,1,5,3,4,1,1,0,0.2228,0.30581,15.23
380,5,0,0,2,1,1,1,1,0,0.2228,0.2049,-71.796
381,24,0,0,10,3,7,1,1,0,0.2227,0.93073,-20.047
382,8,0,0,3,1,1,1,1,0,0.2226,0.13279,-7.822
383,24,1,1,9,3,1,1,1,0,0.2225,0.17399,-27.542
384,6,0,0,1,1,2,1,1,0,0.2225,0.12337,-10.726
385,8,0,0,2,1,2,1,1,0,0.2224,0.05995,-7.682
386,6,0,0,3,1,1,1,1,0,0.2223,0.14942,-9.96
387,6,0,0,3,1,2,1,1,0,0.2223,1.5472,-10.085
388,20,0,0,5,3,2,1,1,0,0.2222,0.87515,-35.11
389,8,0,0,2,1,1,1,1,0,0.2221,0.08198,-7.316
390,34,0,0,10,4,3,1,1,0,0.222,0.39935,8.866
391,25,1,1,8,3,1,1,1,0,0.222,0.39962,4.918
392,7,0,0,3,1,1,1,1,0,0.2219,0.05189,-8.644
393,14,0,0,4,2,1,1,1,0,0.2218,1.24695,-31.787
394,58,1,1,19,7,7,1,1,0,0.2218,0.21622,62.264
395,6,0,0,1,1,2,1,1,0,0.2217,0.42849,-10.11
396,7,0,0,2,1,2,1,1,0,0.2216,0.15592,-9.152
397,37,0,0,13,5,5,1,1,0,0.2215,0.25509,13.388
398,63,0,0,14,8,3,1,1,0,0.2215,0.44159,67.453
399,104,2,2,28,12,10,1,1,0,0.2214,0.20537,114.142
400,34,1,1,12,4,7,1,1,0,0.2213,0.2673,33.694
401,6,0,0,1,1,2,1,1,0,0.2213,0.10634,-10.373
402,6,0,0,2,1,1,1,1,0,0.2212,0.11465,-9.893
403,6,0,0,3,1,2,1,1,0,0.2211,1.96975,-27.459
404,74,2,2,21,8,9,1,1,0,0.221,0.68369,86.636
405,5,0,0,2,1,1,1,1,0,0.221,1.81072,-57.717
406,19,1,1,6,2,2,1,1,0,0.2209,0.29921,-1.899
407,33,0,0,13,4,7,1,1,0,0.2208,0.62896,-6.824
408,13,0,0,4,2,1,1,1,0,0.2207,0.16534,-0.658
409,13,0,0,3,2,1,1,1,0,0.2207,0.16676,-0.96
410,19,1,1,4,2,6,1,1,0,0.2206,0.98983,-33.603
411,5,0,0,2,1,2,1,1,0,0.2205,0.43751,-10.916
412,24,1,1,8,3,2,1,1,0,0.2205,0.38124,2.498
413,161,3,3,48,16,17,1,1,0,0.2204,0.31481,228.328
414,21,0,0,6,3,0,1,1,0,0.2203,0.61594,-22.03
415,75,3,3,20,7,5,1,1,0,0.2202,0.36582,124.391
416,6,0,0,2,1,1,1,1,0,0.2202,0.68615,-9.989
417,31,1,1,5,3,6,1,1,0,0.2201,0.19505,36.655
418,22,0,0,7,3,4,1,1,0,0.22,0.61663,-24.515
419,13,0,0,4,2,1,1,1,0,0.22,0.20541,-17.405
420,7,0,0,2,1,2,1,1,0,0.2199,0.13908,-10.457
421,6,0,0,3,1,0,1,1,0,0.2198,0.14292,-9.539
422,7,0,0,3,1,0,1,1,0,0.2197,0.21348,-7.953
423,47,1,1,12,6,2,1,1,0,0.2197,0.35674,35.557
424,39,0,0,11,5,6,1,1,0,0.2196,0.11587,34.099
425,7,0,0,1,1,2,1,1,0,0.2195,0.14326,-9.761
426,13,0,0,4,2,2,1,1,0,0.2195,1.07516,-33.155
427,20,1,1,8,2,2,1,1,0,0.2194,0.139,15.704
428,7,0,0,6,1,0,1,1,0,0.2193,0.22827,-6.57
429,5,0,0,2,1,0,1,1,0,0.2192,0.11564,-58.103
430,35,0,0,9,4,5,1,1,0,0.2192,0.16119,25.56
431,23,0,0,6,3,1,1,1,0,0.2191,0.31363,-3.977
432,92,0,0,20,10,6,1,1,0,0.219,0.32623,103.139
433,13,0,0,4,2,1,1,1,0,0.219,1.25369,-32.04
434,7,0,0,3,1,3,1,1,0,0.2189,0.64638,-9.737
435,52,0,0,13,6,8,1,1,0,0.2188,0.29567,29.517
436,16,0,0,5,2,3,1,1,0,0.2187,0.4996,-44.805
437,72,1,1,21,8,8,1,1,0,0.2187,0.36817,47.07
438,31,0,0,11,4,3,1,1,0,0.2186,0.17766,22.986
439,39,0,0,13,5,3,1,1,0,0.2185,0.35137,35.733
440,49,0,0,16,6,5,1,1,0,0.2184,0.44339,-3.548
441,35,0,0,11,5,2,1,1,0,0.2184,0.15776,31.077
442,6,0,0,3,1,1,1,1,0,0.2183,0.50315,-9.698
443,7,0,0,3,1,3,1,1,0,0.2182,0.04837,-9.702
444,59,2,2,18,6,4,1,1,0,0.2182,0.26288,80.734
445,14,0,0,4,2,2,1,1,0,0.2181,1.17991,-32.545
446,15,0,0,7,2,6,1,1,0,0.218,1.17954,-46.655
447,22,1,1,9,3,3,1,1,0,0.2179,0.61847,-31.544
448,21,0,0,6,3,3,1,1,0,0.2179,0.56657,-37.614
449,13,0,0,4,2,0,1,1,0,0.2178,0.21983,-17.472
450,13,0,0,5,2,3,1,1,0,0.2177,0.45924,-47.913
451,6,0,0,2,1,2,1,1,0,0.2177,0.63133,-10.64
452,7,0,0,3,1,0,1,1,0,0.2176,0.14011,-69.583
453,20,0,0,7,3,1,1,1,0,0.2175,0.70731,-37.825
454,20,0,0,4,3,3,1,1,0,0.2174,0.99872,-10.458
455,13,0,0,4,2,3,1,1,0,0.2174,1.1624,-33.982
456,23,0,0,5,3,3,1,1,0,0.2173,0.76196,-35.999
457,37,1,1,13,5,4,1,1,0,0.2172,0.23842,34.885
458,55,0,0,17,7,7,1,1,0,0.2172,0.25394,54.8
459,21,0,0,8,3,1,1,1,0,0.2171,0.68543,-21.728
460,6,0,0,1,1,1,1,1,0,0.217,0.27861,-10.078
461,45,1,1,14,5,5,1,1,0,0.2169,0.30905,51.655
462,120,2,2,31,13,8,1,1,0,0.2169,0.23942,137.04
463,34,1,1,9,4,4,1,1,0,0.2168,0.1846,17.778
464,20,0,0,6,3,4,1,1,0,0.2167,0.30851,9.031
465,55,1,1,14,6,4,1,1,0,0.2167,0.1636,65.969
466,130,6,6,26,14,9,1,1,0,0.2166,0.22257,169.182
467,6,0,0,3,1,2,1,1,0,0.2165,0.62031,-10.221
468,22,0,0,6,3,2,1,1,0,0.2164,0.35637,11.08
469,6,0,0,2,1,1,1,1,0,0.2164,0.18758,-10.4
470,13,0,0,3,2,2,1,1,0,0.2163,1.17582,-33.502
471,22,0,0,6,3,5,1,1,0,0.2162,0.67522,-35.199
472,24,1,1,9,3,3,1,1,0,0.2161,0.50343,21.157
473,6,0,0,2,1,0,1,1,0,0.2161,0.16496,-10.025
474,42,2,2,9,4,5,1,1,0,0.216,0.53952,8.754
475,13,0,0,4,2,2,1,1,0,0.2159,0.56111,-47.872
476,16,1,1,4,2,5,1,1,0,0.2159,0.7701,-40.503
477,5,0,0,4,1,1,1,1,0,0.2158,0.21343,-72.317
478,33,0,0,7,3,1,1,1,0,0.2157,0.16164,2.936
479,13,0,0,6,2,0,1,1,0,0.2156,0.191,-17.041
480,6,0,0,1,1,2,1,1,0,0.2156,0.27604,-11.079
481,6,0,0,3,1,1,1,1,0,0.2155,0.15492,-9.979
482,40,0,0,18,4,6,1,1,0,0.2154,0.17839,34.249
483,6,0,0,3,1,1,1,1,0,0.2154,0.21743,-9.929
484,13,0,0,2,2,0,1,1,0,0.2153,0.65484,-17.794
485,15,0,0,5,2,2,1,1,0,0.2152,0.1701,0.469
486,17,0,0,6,2,5,1,1,0,0.2151,0.26489,-14.743
487,13,0,0,2,2,1,1,1,0,0.2151,0.22945,-18.275
488,6,0,0,2,1,1,1,1,0,0.215,0.15317,-10.509
489,31,0,0,7,4,5,1,1,0,0.2149,0.28469,19.314
490,15,0,0,3,2,3,1,1,0,0.2149,0.43664,-46.848
491,7,0,0,2,1,1,1,1,0,0.2148,0.12122,-9.566
492,13,0,0,5,2,0,1,1,0,0.2147,1.08857,-46.98
493,42,0,0,12,5,3,1,1,0,0.2146,0.48979,-7.949
494,5,0,0,2,1,0,1,1,0,0.2146,0.13317,-71.741
495,36,0,0,9,4,2,1,1,0,0.2145,0.19441,28.076
496,29,1,1,12,4,2,1,1,0,0.2144,0.45818,-4.321
497,6,0,0,2,1,0,1,1,0,0.2143,0.12621,-9.943
498,6,0,0,3,1,1,1,1,0,0.2143,0.1943,-10.934
499,6,0,0,2,1,1,1,1,0,0.2142,0.26403,-10.329
500,15,0,0,4,2,5,1,1,0,0.2141,0.72233,-48.482
501,6,0,0,2,1,1,1,1,0,0.2141,0.07974,-10.38
502,27,0,0,8,4,2,1,1,0,0.214,0.92542,20.004
503,31,0,0,10,4,5,1,1,0,0.2139,0.3496,20.582
504,30,0,0,6,4,2,1,1,0,0.2138,0.17789,20.918
505,72,3,3,23,7,5,1,1,0,0.2138,0.5514,80.171
506,34,0,0,11,4,2,1,1,0,0.2137,0.37393,-20.833
507,20,0,0,5,3,2,1,1,0,0.2136,0.71258,-25.249
508,6,0,0,3,1,1,1,1,0,0.2136,0.13329,-10.25
509,53,2,2,22,6,5,1,1,0,0.2135,0.23826,50.491
510,24,1,1,9,3,0,1,1,0,0.2134,0.2962,17.535
511,18,1,1,3,2,6,1,1,0,0.2133,0.69358,-36.991
512,70,1,1,18,9,10,1,1,0,0.2133,0.43077,61.267
513,13,0,0,4,2,1,1,1,0,0.2132,0.23346,-0.174
514,24,0,0,6,3,5,1,1,0,0.2131,0.84016,-34.367
515,20,0,0,5,3,1,1,1,0,0.2131,0.83901,-23.871
516,7,0,0,3,1,2,1,1,0,0.213,0.17691,-9.445
517,25,1,1,6,3,2,1,1,0,0.2129,0.1609,17.202
518,47,0,0,13,6,3,1,1,0,0.2128,0.21556,42.934
519,25,0,0,9,3,2,1,1,0,0.2128,0.2674,-4.319
520,23,0,0,9,3,0,1,1,0,0.2127,0.09243,13.579
521,22,0,0,5,3,4,1,1,0,0.2126,0.87919,-24.581
522,7,0,0,2,1,2,1,1,0,0.2126,0.13848,-9.955
523,6,0,0,2,1,2,1,1,0,0.2125,0.04727,-10.789
524,8,0,0,2,1,1,1,1,0,0.2124,0.1123,-8.46
525,6,0,0,2,1,1,1,1,0,0.2123,0.12622,-10.467
526,104,3,3,23,12,4,1,1,0,0.2123,0.17814,143.011
527,35,0,0,13,5,1,1,1,0,0.2122,0.16051,30.629
528,6,0,0,3,1,2,1,1,0,0.2121,0.20361,-10.525
529,14,0,0,5,2,2,1,1,0,0.212,0.24117,-0.595
530,116,2,2,24,13,8,1,1,0,0.212,0.1938,145.256
531,59,1,1,14,7,5,1,1,0,0.2119,0.44988,69.74
532,22,0,0,5,2,4,1,1,0,0.2118,0.14046,17.638
533,13,0,0,4,2,0,1,1,0,0.2118,0.17642,-17.533
534,29,0,0,9,4,7,1,1,0,0.2117,0.10406,18.706
535,22,0,0,11,3,4,1,1,0,0.2116,0.78819,-1.958
536,22,0,0,9,3,2,1,1,0,0.2115,0.17029,-8.824
537,45,0,0,19,6,3,1,1,0,0.2115,0.21095,45.507
538,97,1,1,30,12,14,1,1,0,0.2114,0.24926,94.916
539,30,0,0,11,4,7,1,1,0,0.2113,0.52796,-12.844
540,16,0,0,4,2,5,1,1,0,0.2113,0.66453,-47.522
541,20,0,0,5,3,2,1,1,0,0.2112,0.83712,-8.661
542,13,0,0,5,2,1,1,1,0,0.2111,0.51119,-17.431
543,28,0,0,6,3,2,1,1,0,0.211,0.29681,-32.011
544,46,2,2,12,5,6,1,1,0,0.211,0.14382,52.28
545,13,0,0,3,2,0,1,1,0,0.2109,0.19673,-0.037
546,20,0,0,7,3,1,1,1,0,0.2108,0.32145,8.982
547,54,0,0,17,7,4,1,1,0,0.2108,0.367,5.236
548,21,0,0,6,3,2,1,1,0,0.2107,0.75735,-39.517
549,21,0,0,8,3,1,1,1,0,0.2106,0.50767,10.988
550,52,0,0,12,6,4,1,1,0,0.2105,0.36229,49.565
551,6,0,0,3,1,1,1,1,0,0.2105,0.17128,-10.187
552,39,0,0,10,5,5,1,1,0,0.2104,0.21587,28.431
553,36,1,1,11,5,2,1,1,0,0.2103,0.54278,-7.544
554,46,0,0,16,6,4,1,1,0,0.2103,0.25007,41.281
555,6,0,0,4,1,2,1,1,0,0.2102,0.22507,-71.491
556,8,0,0,3,1,2,1,1,0,0.2101,0.10871,-8.616
557,70,1,1,22,8,4,1,1,0,0.21,0.30762,78.309
558,13,0,0,4,2,2,1,1,0,0.21,0.14494,-19.479
559,57,1,1,16,7,3,1,1,0,0.2099,0.16568,61.108
560,20,0,0,8,3,1,1,1,0,0.2098,0.83049,-22.875
561,31,0,0,11,4,1,1,1,0,0.2097,0.16211,22.218
562,48,1,1,15,6,4,1,1,0,0.2097,0.26991,45.841
563,5,0,0,4,1,0,1,1,0,0.2096,0.16318,-71.96
564,6,0,0,2,1,1,1,1,0,0.2095,0.14699,-10.081
565,34,0,0,10,4,2,1,1,0,0.2095,0.21685,26.577
566,13,0,0,4,2,1,1,1,0,0.2094,1.30477,-32.824
567,7,0,0,1,1,2,1,1,0,0.2093,0.16464,-9.831
568,6,0,0,3,1,1,1,1,0,0.2092,0.14349,-10.128
569,69,3,3,18,8,4,1,1,0,0.2092,0.20499,86.795
570,6,0,0,2,1,1,1,1,0,0.2091,0.12863,-10.365
571,13,0,0,5,2,2,1,1,0,0.209,1.05192,-33.392
572,17,0,0,8,2,1,1,1,0,0.209,0.18534,5.814
573,24,0,0,6,3,4,1,1,0,0.2089,0.11735,-6.332
574,36,0,0,11,5,5,1,1,0,0.2088,0.16669,26.59
575,12,0,0,3,2,0,1,1,0,0.2087,0.88507,-34.783
576,107,2,2,28,11,8,1,1,0,0.2087,0.16851,140.349
577,104,1,1,30,11,7,1,1,0,0.2086,0.21173,119.54
578,13,0,0,3,2,1,1,1,0,0.2085,0.38088,-47.295
579,6,0,0,2,1,0,1,1,0,0.2085,0.46577,-57.005
580,5,0,0,3,1,1,1,1,0,0.2084,0.14446,-27.662
581,20,1,1,3,2,3,1,1,0,0.2083,0.14668,11.266
582,13,0,0,4,2,1,1,1,0,0.2082,0.58207,-47.698
583,21,0,0,6,3,1,1,1,0,0.2082,0.11883,9.228
584,22,0,0,8,3,4,1,1,0,0.2081,0.27365,-6.285
585,56,2,2,12,6,4,1,1,0,0.208,0.16501,58.728
586,13,0,0,4,2,2,1,1,0,0.208,0.18099,-18.223
587,23,0,0,7,3,1,1,1,0,0.2079,0.19949,-34.651
588,6,0,0,1,1,1,1,1,0,0.2078,0.354,-57.342
589,20,0,0,6,3,0,1,1,0,0.2077,0.52683,-38.124
590,6,0,0,1,1,2,1,1,0,0.2077,0.15211,-10.546
591,47,1,1,10,6,4,1,1,0,0.2076,0.33383,49.535
592,20,0,0,6,3,2,1,1,0,0.2075,0.32567,8.524
593,20,0,0,5,3,2,1,1,0,0.2074,0.47989,-37.709
594,7,0,0,2,1,0,1,1,0,0.2074,0.14096,-9.034
595,24,0,0,8,3,2,1,1,0,0.2073,0.49987,-34.566
596,13,0,0,4,2,4,1,1,0,0.2072,0.55901,-49.477
597,32,1,1,8,4,3,1,1,0,0.2072,0.57169,-5.073
598,74,2,2,22,8,4,1,1,0,0.2071,0.36068,90.862
599,5,0,0,3,1,1,1,1,0,0.207,0.08417,-58.352
600,16,0,0,3,2,4,1,1,0,0.2069,1.05107,-31.457
601,14,0,0,4,2,4,1,1,0,0.2069,0.96238,-33.25
602,18,0,0,5,2,4,1,1,0,0.2068,0.34907,-9.15
603,6,0,0,2,1,1,1,1,0,0.2067,0.12578,-10.342
604,13,0,0,3,2,1,1,1,0,0.2067,1.08212,-33.375
605,5,0,0,3,1,0,1,1,0,0.2066,0.11339,-71.654
606,13,0,0,2,2,3,1,1,0,0.2065,0.42379,-49.843
607,67,2,2,17,8,9,1,1,0,0.2064,0.6262,74.108
608,53,2,2,17,6,4,1,1,0,0.2064,0.28619,47.776
609,16,0,0,5,2,2,1,1,0,0.2063,0.67058,-31.086
610,47,0,0,12,6,5,1,1,0,0.2062,0.20894,42.104
611,35,1,1,6,4,1,1,1,0,0.2062,0.13207,31.292
612,13,0,0,5,2,1,1,1,0,0.2061,0.37771,-0.731
613,13,1,1,5,2,1,1,1,0,0.206,0.17423,-13.882
614,13,0,0,5,2,4,1,1,0,0.2059,1.76005,-34.379
615,14,0,0,4,2,1,1,1,0,0.2059,0.1276,0.19
616,229,4,4,56,24,14,1,1,0,0.2058,0.33766,291.343
617,13,0,0,4,2,0,1,1,0,0.2057,0.76265,-47.37
618,16,1,1,5,2,2,1,1,0,0.2057,0.5702,-25.074
619,13,0,0,4,2,0,1,1,0,0.2056,0.20523,-0.099
620,14,0,0,6,2,0,1,1,0,0.2055,0.11446,1.635
621,13,0,0,5,2,0,1,1,0,0.2054,0.15085,-0.341
622,6,0,0,2,1,0,1,1,0,0.2054,0.13194,-9.794
623,27,1,1,10,3,4,1,1,0,0.2053,0.45314,-23.402
624,29,1,1,7,3,8,1,1,0,0.2052,0.21244,7.227
625,6,0,0,2,1,1,1,1,0,0.2051,1.34354,-57.574
626,22,0,0,6,3,1,1,1,0,0.2051,0.15225,-8.031
627,27,1,1,9,3,5,1,1,0,0.205,0.50583,-12.26
628,13,0,0,3,2,1,1,1,0,0.2049,1.28074,-33.193
629,5,0,0,4,1,2,1,1,0,0.2049,0.32475,-72.572
630,69,2,2,21,8,5,1,1,0,0.2048,0.4131,51.155
631,13,0,0,3,2,3,1,1,0,0.2047,0.69564,-48.987
632,20,0,0,10,3,4,1,1,0,0.2046,0.89775,-24.277
633,13,0,0,4,2,1,1,1,0,0.2046,1.02983,-33.026
634,7,0,0,2,1,3,1,1,0,0.2045,0.14822,-10.607
635,7,0,0,3,1,0,1,1,0,0.2044,0.12827,-8.754
636,46,2,2,11,5,4,1,1,0,0.2044,0.20374,50.145
637,36,1,1,10,4,5,1,1,0,0.2043,0.15724,30.339
638,21,0,0,6,3,2,1,1,0,0.2042,0.11155,-8.279
639,6,0,0,2,1,1,1,1,0,0.2041,0.14224,-10.078
640,18,1,1,8,2,1,1,1,0,0.2041,0.99798,-20.983
641,17,1,1,6,2,2,1,1,0,0.204,1.10261,-30.55
642,5,0,0,2,1,1,1,1,0,0.2039,2.15498,-27.835
643,29,0,0,7,4,2,1,1,0,0.2039,0.19279,2.378
644,38,0,0,10,5,3,1,1,0,0.2038,0.22602,30.719
645,6,0,0,2,1,1,1,1,0,0.2037,0.1038,-10.317
646,6,0,0,3,1,1,1,1,0,0.2036,1.16146,-9.944
647,15,0,0,3,2,1,1,1,0,0.2036,0.2473,-46.056
648,25,1,1,7,3,3,1,1,0,0.2035,0.63557,19.158
649,37,2,2,12,4,4,1,1,0,0.2034,0.16523,37.407
650,39,0,0,10,5,3,1,1,0,0.2034,0.28474,13.866
651,22,0,0,6,3,5,1,1,0,0.2033,0.17575,10.824
652,40,0,0,7,5,3,1,1,0,0.2032,0.15726,14.137
653,21,0,0,9,3,1,1,1,0,0.2031,0.21026,9.022
654,21,0,0,5,3,3,1,1,0,0.2031,0.15951,-9.254
655,21,0,0,4,3,6,1,1,0,0.203,0.85431,-38.655
656,7,0,0,2,1,2,1,1,0,0.2029,0.52868,-26.612
657,17,0,0,4,2,2,1,1,0,0.2029,0.12114,2.501
658,6,0,0,3,1,1,1,1,0,0.2028,0.16181,-10.355
659,5,0,0,2,1,2,1,1,0,0.2027,2.56714,-28.22
660,13,0,0,4,2,1,1,1,0,0.2026,0.1616,-49.827
661,13,0,0,4,2,0,1,1,0,0.2026,0.1172,-17.555
662,47,2,2,11,5,8,1,1,0,0.2025,0.17487,29.808
663,7,0,0,2,1,0,1,1,0,0.2024,0.10561,-9.191
664,71,2,2,25,8,8,1,1,0,0.2023,0.32405,84.727
665,41,1,1,15,5,4,1,1,0,0.2023,0.24758,36.831
666,7,0,0,3,1,0,1,1,0,0.2022,0.12584,-8.885
667,13,0,0,5,2,1,1,1,0,0.2021,0.5683,-48.169
668,6,0,0,3,1,1,1,1,0,0.2021,0.17932,-9.923
669,14,0,0,5,2,0,1,1,0,0.202,0.4735,0.39
670,7,0,0,1,1,0,1,1,0,0.2019,0.14219,-9.433
671,30,0,0,12,4,2,1,1,0,0.2018,0.16188,18.924
672,27,0,0,15,4,2,1,1,0,0.2018,0.16634,18.536
673,29,0,0,8,4,5,1,1,0,0.2017,0.48747,0.607
674,6,0,0,2,1,3,1,1,0,0.2016,1.1255,-11.599
675,13,0,0,4,2,0,1,1,0,0.2016,0.46826,-17.637
676,100,4,4,35,11,6,1,1,0,0.2015,0.29692,94.994
677,36,1,1,15,5,5,1,1,0,0.2014,0.83048,23.967
678,22,0,0,6,3,3,1,1,0,0.2013,0.23887,-9.42
679,8,0,0,2,1,1,1,1,0,0.2013,0.0847,-8.597
680,27,1,1,2,3,4,1,1,0,0.2012,0.79576,-21.282
681,13,0,0,2,2,1,1,1,0,0.2011,0.38502,-1.508
682,15,0,0,4,2,2,1,1,0,0.2011,0.15084,0.884
683,13,0,0,3,2,1,1,1,0,0.201,0.34484,-18.158
684,123,4,4,23,14,9,1,1,0,0.2009,0.29969,147.516
685,6,0,0,1,1,1,1,1,0,0.2008,0.16596,-10.763
686,14,0,0,5,2,2,1,1,0,0.2008,0.26743,-17.523
687,64,3,3,16,7,7,1,1,0,0.2007,0.24646,76.867
688,30,0,0,10,4,3,1,1,0,0.2006,0.70433,-26.376
689,54,0,0,18,7,3,1,1,0,0.2006,0.1992,34.971
690,21,0,0,7,3,2,1,1,0,0.2005,0.9152,-36.192
691,92,1,1,25,10,3,1,1,0,0.2004,0.20251,89.255
692,36,2,2,9,3,6,1,1,0,0.2003,0.50502,11.245
693,6,0,0,3,1,1,1,1,0,0.2003,0.49262,-10.139
694,21,0,0,7,3,0,1,1,0,0.2002,0.19805,11.501
695,23,0,0,8,3,1,1,1,0,0.2001,0.22523,10.377
696,13,0,0,4,2,1,1,1,0,0.2,1.10866,-33.548
697,13,0,0,5,2,1,1,1,0,0.2,1.10344,-33.328
698,107,3,3,23,12,9,1,1,0,0.1999,0.2679,135.109
699,6,0,0,1,1,0,1,1,0,0.1998,1.03854,-57.422
700,20,0,0,11,3,2,1,1,0,0.1998,0.36116,-9.344
701,29,1,1,10,3,3,1,1,0,0.1997,0.23401,26.3
702,112,2,2,39,14,11,1,1,0,0.1996,0.26836,147.657
703,7,0,0,3,1,1,1,1,0,0.1995,0.2215,-9.03
704,15,0,0,3,2,4,1,1,0,0.1995,0.3866,-0.2
705,21,0,0,7,3,1,1,1,0,0.1994,0.17938,9.375
706,95,1,1,31,12,8,1,1,0,0.1993,0.42931,89.328
707,77,3,3,22,9,4,1,1,0,0.1993,0.21291,94.525
708,13,0,0,5,2,2,1,1,0,0.1992,0.25335,-0.959
709,39,0,0,12,5,1,1,1,0,0.1991,0.18145,35.16
710,8,0,0,2,1,4,1,1,0,0.199,0.05717,-26.469
711,22,0,0,9,3,1,1,1,0,0.199,0.98061,-15.503
712,6,0,0,3,1,1,1,1,0,0.1989,0.40655,-10.243
713,24,0,0,8,3,3,1,1,0,0.1988,0.18032,10.47
714,12,0,0,4,2,0,1,1,0,0.1988,0.15106,-0.013
715,19,1,1,9,2,4,1,1,0,0.1987,1.06784,-33.912
716,128,2,2,41,15,6,1,1,0,0.1986,0.16359,164.427
717,35,2,2,13,4,2,1,1,0,0.1985,0.47272,5.669
718,5,0,0,2,1,0,1,1,0,0.1985,0.0901,-71.811
719,6,0,0,3,1,1,1,1,0,0.1984,0.22339,-9.989
720,28,0,0,9,4,3,1,1,0,0.1983,0.68603,-15.292
721,34,1,1,9,4,4,1,1,0,0.1982,0.48561,14.457
722,6,0,0,2,1,2,1,1,0,0.1982,1.01471,-10.361
723,29,0,0,9,4,5,1,1,0,0.1981,0.27206,19.414
724,21,0,0,7,3,3,1,1,0,0.198,0.13871,-7.979
725,16,1,1,6,2,3,1,1,0,0.198,0.37959,-10.406
726,15,0,0,5,2,3,1,1,0,0.1979,0.87059,-31.436
727,27,1,1,10,3,1,1,1,0,0.1978,0.58888,-3.207
728,37,1,1,11,5,4,1,1,0,0.1977,0.55996,-7.586
729,13,0,0,4,2,1,1,1,0,0.1977,0.17928,-17.491
730,6,0,0,3,1,1,1,1,0,0.1976,0.1673,-9.943
731,5,0,0,2,1,0,1,1,0,0.1975,0.50289,-27.254
732,35,0,0,12,5,1,1,1,0,0.1975,0.13475,29.176
733,16,0,0,6,2,3,1,1,0,0.1974,0.38681,2.142
734,128,4,4,43,13,7,1,1,0,0.1973,0.19191,178.32
735,17,1,1,6,2,1,1,1,0,0.1972,0.10664,-6.556
736,82,1,1,22,10,5,1,1,0,0.1972,0.23504,95.409
737,89,2,2,25,10,10,1,1,0,0.1971,0.14755,85.643
738,12,0,0,3,2,2,1,1,0,0.197,0.46708,-49.901
739,115,4,4,38,12,8,1,1,0,0.197,0.28604,158.214
740,29,0,0,9,4,7,1,1,0,0.1969,0.45674,16.044
741,28,0,0,5,4,3,1,1,0,0.1968,0.25833,17.866
742,20,0,0,8,3,2,1,1,0,0.1967,0.98563,-23.439
743,6,0,0,2,1,1,1,1,0,0.1967,0.16726,-10.145
744,13,0,0,4,2,2,1,1,0,0.1966,0.77569,-33.567
745,6,0,0,1,1,1,1,1,0,0.1965,0.19907,-10.417
746,44,0,0,14,6,4,1,1,0,0.1965,0.34103,39.876
747,19,1,1,4,2,0,1,1,0,0.1964,0.47977,-19.756
748,13,0,0,5,2,1,1,1,0,0.1963,0.15024,-0.245
749,15,0,0,4,2,1,1,1,0,0.1962,0.58671,-45.759
750,37,0,0,14,5,5,1,1,0,0.1962,0.21661,13.604
751,13,0,0,5,2,1,1,1,0,0.1961,0.14016,0.147
752,10,0,0,3,1,2,1,1,0,0.196,0.09861,-6.348
753,37,0,0,9,5,1,1,1,0,0.196,0.44422,-2.669
754,40,1,1,10,5,1,1,1,0,0.1959,0.16104,22.197
755,20,0,0,6,3,3,1,1,0,0.1958,0.12839,-9.229
756,14,0,0,4,2,1,1,1,0,0.1957,0.22991,-16.864
757,53,1,1,17,6,7,1,1,0,0.1957,0.53846,55.162
758,7,0,0,2,1,1,1,1,0,0.1956,0.05301,-8.661
759,13,0,0,3,2,2,1,1,0,0.1955,1.76642,-33.201
760,5,0,0,2,1,1,1,1,0,0.1954,0.2793,-57.571
761,13,0,0,5,2,1,1,1,0,0.1954,0.11367,-17.552
762,6,0,0,2,1,1,1,1,0,0.1953,0.07034,-9.972
763,6,0,0,2,1,3,1,1,0,0.1952,1.24458,-11.598
764,13,0,0,3,2,1,1,1,0,0.1952,0.21039,0.13
765,16,0,0,4,2,2,1,1,0,0.1951,0.45078,-45.198
766,5,0,0,2,1,1,1,1,0,0.195,4.27102,-43.11
767,106,2,2,22,11,11,1,1,0,0.1949,0.29854,133.378
768,6,0,0,2,1,2,1,1,0,0.1949,0.22887,-71.708
769,20,0,0,6,3,1,1,1,0,0.1948,0.21806,9.636
770,56,2,2,10,6,0,1,1,0,0.1947,0.28352,58.014
771,146,6,6,44,15,10,1,1,0,0.1947,0.21503,165.305
772,20,0,0,5,3,2,1,1,0,0.1946,0.65268,-37.484
773,66,2,2,24,7,6,1,1,0,0.1945,0.23341,76.511
774,13,0,0,4,2,1,1,1,0,0.1944,0.65598,-47.495
775,13,0,0,4,2,0,1,1,0,0.1944,0.41978,-47.691
776,58,1,1,12,7,9,1,1,0,0.1943,0.26231,56.865
777,20,1,1,7,3,0,1,1,0,0.1942,0.54147,13.379
778,6,0,0,2,1,0,1,1,0,0.1942,0.08786,-9.645
779,14,0,0,4,2,4,1,1,0,0.1941,1.08135,-34.116
780,21,0,0,7,3,4,1,1,0,0.194,0.83905,-36.432
781,13,0,0,4,2,1,1,1,0,0.1939,0.84656,-33.61
782,40,1,1,12,4,6,1,1,0,0.1939,0.12753,39.502
783,5,0,0,2,1,0,1,1,0,0.1938,0.06685,-10.456
784,5,0,0,3,1,1,1,1,0,0.1937,0.13395,-72.556
785,40,0,0,12,5,4,1,1,0,0.1936,0.18289,31.809
786,8,0,0,3,1,2,1,1,0,0.1936,0.13761,-8.631
787,30,0,0,7,4,3,1,1,0,0.1935,0.45956,20.074
788,17,1,1,8,2,2,1,1,0,0.1934,0.92042,-37.658
789,61,1,1,13,8,5,1,1,0,0.1934,0.34027,47.459
790,47,1,1,10,5,1,1,1,0,0.1933,0.10242,53.066
791,44,1,1,10,5,6,1,1,0,0.1932,0.4303,45.47
792,16,1,1,5,2,4,1,1,0,0.1931,0.23093,4.114
793,25,2,2,8,3,4,1,1,0,0.1931,0.20524,20.897
794,18,1,1,8,2,3,1,1,0,0.193,0.70411,-36.837
795,350,8,8,88,36,28,1,1,0,0.1929,0.3298,457.04
796,23,0,0,7,3,5,1,1,0,0.1929,0.18055,-9.518
797,24,1,1,14,3,3,1,1,0,0.1928,0.20777,18.799
798,6,0,0,3,1,0,1,1,0,0.1927,0.19508,-9.555
799,14,0,0,3,2,1,1,1,0,0.1926,0.1961,-16.326
800,20,0,0,4,3,2,1,1,0,0.1926,0.45337,-24.913
801,5,0,0,3,1,3,1,1,0,0.1925,0.17882,-28.461
802,7,0,0,1,1,0,1,1,0,0.1924,0.23536,-9.143
803,16,1,1,6,2,3,1,1,0,0.1924,0.28034,5.903
804,29,0,0,9,4,2,1,1,0,0.1923,0.2357,-27.773
805,13,0,0,7,2,1,1,1,0,0.1922,0.186,-17.343
806,15,0,0,7,2,3,1,1,0,0.1921,0.20816,-17.66
807,14,0,0,5,2,5,1,1,0,0.1921,1.09746,-29.228
808,13,0,0,5,2,2,1,1,0,0.192,0.70178,-47.89
809,23,0,0,9,3,5,1,1,0,0.1919,0.12044,10.087
810,35,3,3,8,3,3,1,1,0,0.1919,0.20219,43.221
811,20,0,0,6,3,2,1,1,0,0.1918,0.49837,-24.417
812,22,0,0,4,3,1,1,1,0,0.1917,0.37327,-38.551
813,29,0,0,9,4,6,1,1,0,0.1916,0.50723,16.744
814,20,0,0,5,3,2,1,1,0,0.1916,0.64126,-26.097
815,41,0,0,13,5,5,1,1,0,0.1915,0.57833,-14.721
816,79,2,2,28,9,8,1,1,0,0.1914,0.43152,72.322
817,13,0,0,6,2,1,1,1,0,0.1913,0.18534,-0.151
818,32,1,1,18,4,2,1,1,0,0.1913,0.19413,29.51
819,14,0,0,4,2,2,1,1,0,0.1912,0.29128,0.225
820,27,0,0,10,4,2,1,1,0,0.1911,0.48259,-15.816
821,15,0,0,4,2,1,1,1,0,0.1911,0.21103,5.903
822,47,0,0,15,6,3,1,1,0,0.191,0.49535,42.332
823,44,0,0,15,6,5,1,1,0,0.1909,0.43318,36.586
824,20,0,0,7,3,2,1,1,0,0.1908,0.67205,-37.401
825,13,0,0,8,2,5,1,1,0,0.1908,0.4641,-19.253
826,13,0,0,4,2,2,1,1,0,0.1907,0.68124,-48.368
827,60,0,0,18,8,6,1,1,0,0.1906,0.43584,54.656
828,15,0,0,4,2,2,1,1,0,0.1906,0.31044,-46.04
829,5,0,0,4,1,1,1,1,0,0.1905,0.19851,-72.591
830,13,0,0,5,2,1,1,1,0,0.1904,0.50235,-47.638
831,102,2,2,24,12,10,1,1,0,0.1903,0.33665,126.032
832,6,0,0,3,1,2,1,1,0,0.1903,0.388,-10.379
833,15,0,0,3,2,3,1,1,0,0.1902,0.35659,-47.185
834,36,1,1,6,4,2,1,1,0,0.1901,0.1076,20.078
835,31,1,1,8,3,5,1,1,0,0.1901,0.56443,-1.582
836,18,1,1,7,2,2,1,1,0,0.19,0.14806,9.053
837,51,2,2,16,6,2,1,1,0,0.1899,0.2695,54.053
838,60,1,1,15,7,6,1,1,0,0.1898,0.34687,18.843
839,21,0,0,7,3,5,1,1,0,0.1898,0.27015,7.028
840,13,0,0,4,2,2,1,1,0,0.1897,0.31074,-47.986
841,22,0,0,9,3,2,1,1,0,0.1896,0.73771,-31.625
842,21,0,0,9,3,2,1,1,0,0.1896,0.1517,-8.079
843,94,0,0,21,11,8,1,1,0,0.1895,0.29152,95.458
844,28,0,0,11,4,0,1,1,0,0.1894,0.18917,19.02
845,18,1,1,3,2,2,1,1,0,0.1893,0.79538,-37.509
846,96,2,2,29,11,11,1,1,0,0.1893,0.17549,90.034
847,98,2,2,27,11,4,1,1,0,0.1892,0.19598,117.285
848,13,0,0,6,2,1,1,1,0,0.1891,0.16029,-1.184
849,52,2,2,15,6,4,1,1,0,0.189,0.18481,41.458
850,33,0,0,11,4,5,1,1,0,0.189,0.16363,20.618
851,7,0,0,2,1,0,1,1,0,0.1889,0.20257,-9.272
852,67,2,2,30,9,9,1,1,0,0.1888,0.46548,75.14
853,37,0,0,12,5,5,1,1,0,0.1888,0.31488,10.169
854,114,2,2,31,13,7,1,1,0,0.1887,0.27742,139.156
855,6,0,0,2,1,0,1,1,0,0.1886,0.21334,-10.096
856,31,0,0,11,4,2,1,1,0,0.1885,0.12768,20.687
857,42,1,1,14,5,5,1,1,0,0.1885,0.57905,28.639
858,6,0,0,2,1,2,1,1,0,0.1884,0.26532,-10.816
859,13,0,0,3,2,3,1,1,0,0.1883,1.20287,-35.364
860,106,3,3,30,11,7,1,1,0,0.1883,0.34295,136.552
861,17,0,0,4,2,4,1,1,0,0.1882,0.1146,-15.0
862,26,1,1,8,3,1,1,1,0,0.1881,0.11048,22.387
863,29,1,1,8,3,4,1,1,0,0.188,0.29507,25.633
864,61,0,0,16,8,3,1,1,0,0.188,0.37659,56.268
865,12,0,0,5,2,2,1,1,0,0.1879,0.19295,-2.115
866,21,0,0,9,3,1,1,1,0,0.1878,0.39366,9.094
867,48,1,1,11,6,4,1,1,0,0.1878,0.25826,31.711
868,219,4,4,54,25,9,1,1,0,0.1877,0.22894,267.664
869,32,1,1,12,3,6,1,1,0,0.1876,0.53765,11.896
870,27,0,0,7,4,3,1,1,0,0.1875,0.17133,16.139
871,27,1,1,7,3,1,1,1,0,0.1875,0.09547,5.335
872,34,2,2,14,4,1,1,1,0,0.1874,0.22968,32.853
873,14,0,0,4,2,3,1,1,0,0.1873,0.6559,-48.401
874,13,0,0,5,2,3,1,1,0,0.1873,0.45873,-18.98
875,5,0,0,3,1,0,1,1,0,0.1872,0.12009,-72.478
876,20,0,0,7,3,6,1,1,0,0.1871,1.31342,-3.682
877,173,3,3,43,20,11,1,1,0,0.187,0.21876,201.332
878,38,0,0,11,5,6,1,1,0,0.187,0.26677,7.516
879,13,0,0,5,2,1,1,1,0,0.1869,0.55394,-48.0
880,58,1,1,15,7,3,1,1,0,0.1868,0.14987,48.862
881,114,2,2,34,13,6,1,1,0,0.1867,0.29196,135.844
882,13,0,0,5,2,1,1,1,0,0.1867,1.32393,-33.783
883,93,3,3,20,10,9,1,1,0,0.1866,0.27963,87.096
884,6,0,0,3,1,1,1,1,0,0.1865,0.07493,-10.045
885,5,0,0,4,1,0,1,1,0,0.1865,0.15676,-71.821
886,7,0,0,2,1,2,1,1,0,0.1864,0.20709,-10.059
887,6,0,0,3,1,0,1,1,0,0.1863,0.17964,-9.954
888,13,0,0,5,2,2,1,1,0,0.1862,0.77118,-34.039
889,108,2,2,27,12,3,1,1,0,0.1862,0.27588,137.06
890,14,0,0,4,2,3,1,1,0,0.1861,0.13361,-19.102
891,6,0,0,3,1,1,1,1,0,0.186,0.07514,-71.899
892,7,0,0,2,1,0,1,1,0,0.186,0.12416,-8.674
893,13,0,0,5,2,2,1,1,0,0.1859,0.13108,-1.226
894,44,2,2,15,5,3,1,1,0,0.1858,0.14379,48.002
895,28,0,0,4,3,1,1,1,0,0.1857,0.09784,10.807
896,6,0,0,3,1,1,1,1,0,0.1857,0.10631,-10.134
897,30,0,0,9,4,2,1,1,0,0.1856,0.17287,20.11
898,5,0,0,1,1,1,1,1,0,0.1855,0.25652,-11.097
899,26,2,2,8,3,3,1,1,0,0.1855,0.16918,25.27
900,7,0,0,2,1,0,1,1,0,0.1854,0.13635,-8.956
901,47,0,0,15,6,8,1,1,0,0.1853,0.19467,21.612
902,36,0,0,7,5,5,1,1,0,0.1852,0.44051,-21.475
903,37,0,0,9,5,5,1,1,0,0.1852,0.1806,8.839
904,21,0,0,7,3,3,1,1,0,0.1851,0.20636,7.598
905,21,0,0,6,3,1,1,1,0,0.185,0.1785,8.813
906,53,0,0,12,6,4,1,1,0,0.185,0.22544,55.709
907,27,1,1,5,3,2,1,1,0,0.1849,0.43162,-11.184
908,14,0,0,5,2,1,1,1,0,0.1848,0.1221,0.226
909,127,3,3,50,14,10,1,1,0,0.1847,0.28113,143.334
910,14,0,0,6,2,3,1,1,0,0.1847,0.09902,-11.11
911,143,4,4,45,16,8,1,1,0,0.1846,0.15786,169.924
912,6,0,0,2,1,0,1,1,0,0.1845,0.21204,-10.253
913,13,0,0,3,2,1,1,1,0,0.1845,0.79614,-48.375
914,31,0,0,11,4,4,1,1,0,0.1844,0.27925,3.388
915,25,0,0,6,3,2,1,1,0,0.1843,0.31755,-34.797
916,24,0,0,6,3,2,1,1,0,0.1842,0.14638,17.927
917,5,0,0,3,1,1,1,1,0,0.1842,0.06764,-72.242
918,7,0,0,1,1,1,1,1,0,0.1841,0.09392,-9.918
919,15,0,0,3,2,2,1,1,0,0.184,0.15988,-0.392
920,80,3,3,22,9,10,1,1,0,0.1839,0.20133,94.609
921,17,1,1,6,2,2,1,1,0,0.1839,0.59751,-40.082
922,20,0,0,7,3,0,1,1,0,0.1838,0.33971,-38.954
923,5,0,0,4,1,2,1,1,0,0.1837,0.19577,-72.406
924,14,0,0,5,2,2,1,1,0,0.1837,0.25113,-47.685
925,20,0,0,5,3,4,1,1,0,0.1836,0.24183,7.002
926,6,0,0,2,1,1,1,1,0,0.1835,0.15512,-10.651
927,36,1,1,8,4,6,1,1,0,0.1834,0.45249,-13.928
928,14,0,0,5,2,3,1,1,0,0.1834,0.10574,-0.636
929,7,0,0,3,1,3,1,1,0,0.1833,0.39793,-9.636
930,31,1,1,6,4,1,1,1,0,0.1832,1.1078,-2.347
931,6,0,0,1,1,1,1,1,0,0.1832,0.18283,-10.823
932,13,0,0,4,2,2,1,1,0,0.1831,0.12524,-1.484
933,7,0,0,3,1,0,1,1,0,0.183,0.15177,-8.632
934,20,0,0,8,3,2,1,1,0,0.1829,0.24212,8.944
935,13,0,0,5,2,3,1,1,0,0.1829,0.66188,-3.351
936,45,1,1,12,5,3,1,1,0,0.1828,0.2562,0.821
937,22,0,0,4,3,3,1,1,0,0.1827,0.45712,-36.925
938,13,0,0,5,2,1,1,1,0,0.1827,1.30302,-33.329
939,6,0,0,2,1,1,1,1,0,0.1826,0.14964,-10.61
940,14,0,0,6,2,1,1,1,0,0.1825,0.08345,-0.159
941,29,0,0,10,4,2,1,1,0,0.1824,0.12682,19.497
942,40,1,1,9,5,3,1,1,0,0.1824,0.19408,37.605
943,16,0,0,4,2,3,1,1,0,0.1823,0.15699,0.622
944,43,0,0,15,6,6,1,1,0,0.1822,0.17372,38.845
945,41,1,1,17,5,4,1,1,0,0.1822,0.15724,38.116
946,33,0,0,12,4,3,1,1,0,0.1821,0.1665,23.209
947,16,1,1,6,2,2,1,1,0,0.182,0.25363,5.455
948,34,1,1,10,4,4,1,1,0,0.1819,0.2948,-19.267
949,6,0,0,3,1,1,1,1,0,0.1819,0.15321,-10.129
950,29,0,0,10,4,2,1,1,0,0.1818,0.14496,18.051
951,13,0,0,5,2,0,1,1,0,0.1817,0.28115,-47.273
952,107,2,2,29,12,6,1,1,0,0.1816,0.19733,123.432
953,78,1,1,19,9,9,1,1,0,0.1816,0.21937,79.645
954,21,0,0,5,3,3,1,1,0,0.1815,1.0645,-31.109
955,23,0,0,7,3,2,1,1,0,0.1814,0.1858,10.789
956,13,0,0,5,2,2,1,1,0,0.1814,0.63167,-48.916
957,21,0,0,11,3,3,1,1,0,0.1813,0.36939,-8.036
958,6,0,0,3,1,3,1,1,0,0.1812,2.01207,-28.27
959,13,0,0,4,2,1,1,1,0,0.1811,0.83372,-19.083
960,6,0,0,2,1,2,1,1,0,0.1811,2.30331,-27.445
961,5,0,0,3,1,1,1,1,0,0.181,0.20573,-71.885
962,6,0,0,3,1,0,1,1,0,0.1809,0.18582,-9.733
963,26,1,1,9,3,1,1,1,0,0.1809,0.08261,21.359
964,54,2,2,19,6,4,1,1,0,0.1808,0.50987,21.775
965,104,4,4,30,11,6,1,1,0,0.1807,0.21172,103.542
966,57,0,0,13,7,5,1,1,0,0.1806,0.13507,47.612
967,14,0,0,5,2,3,1,1,0,0.1806,0.146,-2.036
968,15,0,0,5,2,1,1,1,0,0.1805,0.17204,-0.61
969,20,1,1,9,3,3,1,1,0,0.1804,0.97127,-27.767
970,5,0,0,3,1,1,1,1,0,0.1804,0.14895,-72.314
971,38,0,0,11,5,4,1,1,0,0.1803,0.23253,11.63
972,35,1,1,8,4,3,1,1,0,0.1802,0.23664,30.969
973,13,0,0,4,2,2,1,1,0,0.1801,0.48394,-48.742
974,20,0,0,9,3,1,1,1,0,0.1801,0.20474,7.723
975,7,0,0,2,1,0,1,1,0,0.18,0.139,-9.019
976,13,0,0,5,2,1,1,1,0,0.1799,0.13357,-1.088
977,22,0,0,6,3,5,1,1,0,0.1799,0.61331,7.131
978,13,0,0,3,2,1,1,1,0,0.1798,0.25636,-48.736
979,5,0,0,3,1,2,1,1,0,0.1797,0.16982,-72.644
980,7,0,0,3,1,2,1,1,0,0.1796,0.12923,-9.984
981,24,1,1,12,3,1,1,1,0,0.1796,0.37453,2.438
982,6,0,0,1,1,1,1,1,0,0.1795,0.21007,-10.99
983,14,0,0,5,2,1,1,1,0,0.1794,0.08707,-0.005
984,27,1,1,6,3,3,1,1,0,0.1793,0.20251,19.758
985,13,0,0,5,2,1,1,1,0,0.1793,1.21466,-33.051
986,13,0,0,3,2,1,1,1,0,0.1792,1.3921,-33.712
987,5,0,0,2,1,0,1,1,0,0.1791,0.10993,-58.294
988,32,0,0,9,4,0,1,1,0,0.1791,0.13069,22.432
989,7,0,0,3,1,2,1,1,0,0.179,0.17295,-9.929
990,13,0,0,5,2,1,1,1,0,0.1789,1.28757,-34.66
991,14,0,0,4,2,2,1,1,0,0.1788,0.96031,-33.429
992,15,0,0,4,2,2,1,1,0,0.1788,0.43577,0.08
993,12,0,0,6,2,0,1,1,0,0.1787,0.34716,-18.134
994,53,0,0,16,6,4,1,1,0,0.1786,0.129,46.034
995,20,0,0,6,3,1,1,1,0,0.1786,0.6373,-25.717
996,41,1,1,16,4,6,1,1,0,0.1785,0.31904,29.373
997,7,0,0,3,1,1,1,1,0,0.1784,0.11988,-9.013
998,34,1,1,9,4,8,1,1,0,0.1783,0.31763,-24.006
999,53,1,1,18,6,3,1,1,0,0.1783,0.16441,53.522
1000,24,0,0,6,3,3,1,1,0,0.1782,0.15903,14.864
1001,17,1,1,5,2,1,1,1,0,0.1781,0.1402,6.403
1002,66,5,5,19,6,2,1,1,0,0.1781,0.35361,88.517
1003,142,4,4,51,16,12,1,1,0,0.178,0.40679,139.042
1004,47,1,1,13,6,4,1,1,0,0.1779,0.29404,23.865
1005,6,0,0,2,1,1,1,1,0,0.1778,0.12516,-10.515
1006,6,0,0,1,1,0,1,1,0,0.1778,0.14133,-9.703
1007,60,1,1,18,7,6,1,1,0,0.1777,0.33758,12.332
1008,5,0,0,2,1,0,1,1,0,0.1776,0.07164,-72.826
1009,54,0,0,15,6,1,1,1,0,0.1775,0.21204,48.922
1010,21,0,0,6,3,2,1,1,0,0.1775,0.17078,7.728
1011,17,1,1,6,2,1,1,1,0,0.1774,0.84727,-23.806
1012,50,0,0,13,6,3,1,1,0,0.1773,0.15925,25.165
1013,180,4,4,63,22,11,1,1,0,0.1773,0.25516,197.488
1014,32,1,1,10,4,5,1,1,0,0.1772,0.24338,25.212
1015,13,0,0,5,2,1,1,1,0,0.1771,0.44797,-49.545
1016,6,0,0,2,1,1,1,1,0,0.177,0.23734,-10.837
1017,51,1,1,17,6,5,1,1,0,0.177,0.25457,50.679
1018,46,2,2,12,5,4,1,1,0,0.1769,0.16181,43.052
1019,5,0,0,3,1,0,1,1,0,0.1768,0.1425,-10.553
1020,6,0,0,2,1,2,1,1,0,0.1768,0.38583,-11.119
1021,72,1,1,24,8,2,1,1,0,0.1767,0.17052,74.941
1022,7,0,0,3,1,0,1,1,0,0.1766,0.25158,-9.171
1023,7,0,0,3,1,4,1,1,0,0.1765,0.06894,-10.857
1024,6,0,0,3,1,1,1,1,0,0.1765,0.16162,-10.482
1025,14,0,0,3,2,3,1,1,0,0.1764,0.30262,-48.55
1026,68,1,1,14,8,9,1,1,0,0.1763,0.18118,67.998
1027,13,0,0,4,2,0,1,1,0,0.1763,0.15053,-1.305
1028,60,1,1,20,8,5,1,1,0,0.1762,0.24524,59.147
1029,44,0,0,13,6,1,1,1,0,0.1761,0.22937,36.698
1030,28,0,0,9,4,3,1,1,0,0.176,0.40299,16.203
1031,17,1,1,6,2,1,1,1,0,0.176,0.1178,9.356
1032,366,8,8,98,38,22,1,1,0,0.1759,0.21706,505.528
1033,49,1,1,15,5,4,1,1,0,0.1758,0.17701,53.904
1034,53,1,1,12,6,4,1,1,0,0.1758,0.22652,38.35
1035,6,0,0,3,1,1,1,1,0,0.1757,0.23111,-10.352
1036,13,0,0,4,2,2,1,1,0,0.1756,0.31835,-1.651
1037,38,1,1,13,4,4,1,1,0,0.1755,0.12283,34.549
1038,61,1,1,13,6,3,1,1,0,0.1755,0.16052,73.03
1039,116,3,3,31,11,6,1,1,0,0.1754,0.13189,128.194
1040,15,0,0,5,2,3,1,1,0,0.1753,0.17076,-0.823
1041,151,2,2,41,18,11,1,1,0,0.1752,0.43989,131.368
1042,28,0,0,7,4,2,1,1,0,0.1752,0.30864,17.154
1043,17,1,1,5,2,3,1,1,0,0.1751,0.10059,-11.418
1044,32,1,1,13,4,1,1,1,0,0.175,0.33409,27.57
1045,13,0,0,4,2,1,1,1,0,0.175,0.19827,-1.249
1046,13,0,0,4,2,1,1,1,0,0.1749,0.74583,-18.675
1047,5,0,0,3,1,0,1,1,0,0.1748,4.06505,-43.446
1048,38,0,0,13,5,3,1,1,0,0.1747,0.15219,27.012
1049,6,0,0,3,1,2,1,1,0,0.1747,2.3841,-28.26
1050,13,0,0,3,2,2,1,1,0,0.1746,1.49905,-34.311
1051,6,0,0,2,1,0,1,1,0,0.1745,0.2044,-10.427
1052,7,0,0,3,1,2,1,1,0,0.1745,0.19734,-9.747
1053,28,3,3,8,3,3,1,1,0,0.1744,0.1875,25.3
1054,13,0,0,8,2,3,1,1,0,0.1743,0.15016,-17.808
1055,18,1,1,7,2,3,1,1,0,0.1742,0.11715,10.767
1056,62,3,3,15,5,3,1,1,0,0.1742,0.18649,69.599
1057,13,0,0,4,2,2,1,1,0,0.1741,0.20322,-0.7
1058,19,1,1,4,2,3,1,1,0,0.174,0.90588,-37.297
1059,13,0,0,3,2,3,1,1,0,0.174,0.19758,-19.662
1060,28,0,0,6,4,1,1,1,0,0.1739,0.1716,17.586
1061,13,0,0,4,2,1,1,1,0,0.1738,0.21598,-1.463
1062,7,0,0,3,1,0,1,1,0,0.1737,0.17939,-8.869
1063,5,0,0,4,1,0,1,1,0,0.1737,0.18587,-72.069
1064,15,0,0,7,2,0,1,1,0,0.1736,0.14777,2.305
1065,28,1,1,7,3,4,1,1,0,0.1735,0.15661,22.068
1066,55,0,0,12,7,9,1,1,0,0.1735,0.20947,45.965
1067,13,0,0,4,2,2,1,1,0,0.1734,1.44325,-34.089
1068,7,0,0,3,1,2,1,1,0,0.1733,0.12643,-9.894
1069,25,1,1,9,3,2,1,1,0,0.1732,0.1324,2.001
1070,27,0,0,7,4,0,1,1,0,0.1732,0.15932,16.053
1071,84,2,2,17,9,10,1,1,0,0.1731,0.37867,91.952
1072,5,0,0,2,1,0,1,1,0,0.173,0.08312,-10.853
1073,6,0,0,3,1,2,1,1,0,0.1729,0.3362,-10.56
1074,32,1,1,6,4,3,1,1,0,0.1729,0.25506,25.584
1075,20,0,0,7,3,1,1,1,0,0.1728,0.69241,-24.414
1076,6,0,0,3,1,0,1,1,0,0.1727,0.07906,-9.78
1077,47,2,2,13,5,3,1,1,0,0.1727,0.21168,48.427
1078,55,1,1,15,6,2,1,1,0,0.1726,0.25752,54.483
1079,7,0,0,1,1,1,1,1,0,0.1725,0.10883,-10.134
1080,13,1,1,5,2,3,1,1,0,0.1724,0.15853,1.095
1081,34,1,1,16,4,5,1,1,0,0.1724,0.50737,32.102
1082,7,0,0,2,1,1,1,1,0,0.1723,1.07587,-9.591
1083,13,0,0,5,2,2,1,1,0,0.1722,0.13078,-18.149
1084,6,0,0,3,1,0,1,1,0,0.1722,0.17186,-10.19
1085,28,0,0,6,4,1,1,1,0,0.1721,0.1921,16.678
1086,23,0,0,9,3,6,1,1,0,0.172,0.53914,8.779
1087,21,0,0,7,3,1,1,1,0,0.1719,0.18038,7.837
1088,13,0,0,3,2,1,1,1,0,0.1719,0.10507,-2.394
1089,30,2,2,9,3,4,1,1,0,0.1718,0.54083,-2.826
1090,75,1,1,15,9,5,1,1,0,0.1717,0.15083,73.359
1091,34,0,0,11,4,1,1,1,0,0.1717,0.19389,7.081
1092,40,0,0,9,5,7,1,1,0,0.1716,0.22675,28.746
1093,28,0,0,7,4,5,1,1,0,0.1715,0.67764,-21.551
1094,172,1,1,52,20,11,1,1,0,0.1714,0.38324,209.846
1095,6,0,0,3,1,0,1,1,0,0.1714,0.22732,-10.157
1096,5,0,0,1,1,1,1,1,0,0.1713,0.16338,-11.13
1097,65,2,2,25,8,6,1,1,0,0.1712,0.25284,69.523
1098,13,0,0,3,2,2,1,1,0,0.1712,0.19148,-3.112
1099,13,0,0,3,2,1,1,1,0,0.1711,1.32135,-33.817
1100,74,0,0,34,10,4,1,1,0,0.171,0.4876,77.262
1101,71,0,0,29,9,4,1,1,0,0.1709,0.36945,30.579
1102,6,0,0,3,1,1,1,1,0,0.1709,0.17696,-10.45
1103,25,1,1,8,3,1,1,1,0,0.1708,0.70619,-27.453
1104,14,0,0,5,2,3,1,1,0,0.1707,0.17659,-49.477
1105,38,1,1,13,4,5,1,1,0,0.1706,0.48547,-12.828
1106,54,0,0,20,7,4,1,1,0,0.1706,0.15678,50.068
1107,56,1,1,18,7,4,1,1,0,0.1705,0.44474,56.709
1108,7,0,0,2,1,2,1,1,0,0.1704,0.1564,-10.177
1109,41,1,1,11,5,4,1,1,0,0.1704,0.21608,34.968
1110,13,0,0,4,2,2,1,1,0,0.1703,0.30524,-18.383
1111,21,0,0,8,3,0,1,1,0,0.1702,0.11565,9.586
1112,42,2,2,13,4,2,1,1,0,0.1701,0.15219,46.715
1113,21,0,0,5,3,2,1,1,0,0.1701,0.56449,-25.599
1114,63,2,2,19,7,5,1,1,0,0.17,0.18014,72.443
1115,16,0,0,8,2,1,1,1,0,0.1699,0.19961,2.123
1116,54,1,1,15,7,2,1,1,0,0.1699,0.33297,8.556
1117,29,0,0,10,4,2,1,1,0,0.1698,0.1389,17.021
1118,13,0,0,5,2,1,1,1,0,0.1697,0.14673,-17.921
1119,20,1,1,3,2,3,1,1,0,0.1696,0.57533,-20.103
1120,39,0,0,13,5,1,1,1,0,0.1696,0.15009,31.252
1121,20,0,0,8,3,1,1,1,0,0.1695,0.15156,7.871
1122,56,2,2,13,6,5,1,1,0,0.1694,0.11404,45.134
1123,21,0,0,6,3,1,1,1,0,0.1694,0.12861,8.917
1124,14,0,0,3,2,1,1,1,0,0.1693,0.31635,-0.807
1125,28,1,1,5,3,1,1,1,0,0.1692,0.13048,24.288
1126,6,0,0,2,1,1,1,1,0,0.1691,0.08634,-10.255
1127,48,0,0,16,6,4,1,1,0,0.1691,0.43885,40.599
1128,28,0,0,11,4,4,1,1,0,0.169,0.32098,16.805
1129,25,0,0,8,3,2,1,1,0,0.1689,0.68687,-20.312
1130,13,0,0,3,2,0,1,1,0,0.1689,0.76351,-14.057
1131,37,1,1,8,4,3,1,1,0,0.1688,0.21986,31.937
1132,6,0,0,2,1,1,1,1,0,0.1687,0.03968,-10.758
1133,19,1,1,9,2,2,1,1,0,0.1686,0.21026,12.902
1134,6,0,0,3,1,1,1,1,0,0.1686,0.15826,-10.482
1135,6,0,0,3,1,2,1,1,0,0.1685,0.28162,-10.573
1136,7,0,0,3,1,0,1,1,0,0.1684,0.13527,-8.71
1137,32,0,0,15,4,6,1,1,0,0.1683,0.45899,-11.75
1138,13,0,0,5,2,1,1,1,0,0.1683,0.27245,-17.923
1139,23,1,1,7,3,3,1,1,0,0.1682,0.18978,12.138
1140,103,0,0,22,12,5,1,1,0,0.1681,0.18423,88.162
1141,80,2,2,21,8,9,1,1,0,0.1681,0.42301,87.606
1142,30,0,0,8,4,2,1,1,0,0.168,0.70696,25.926
1143,7,0,0,2,1,0,1,1,0,0.1679,0.12083,-9.487
1144,30,1,1,5,4,1,1,1,0,0.1678,0.14711,23.758
1145,13,0,0,4,2,0,1,1,0,0.1678,0.75293,-47.911
1146,34,0,0,12,4,1,1,1,0,0.1677,0.27486,7.477
1147,5,0,0,4,1,1,1,1,0,0.1676,0.17524,-72.187
1148,19,1,1,6,2,4,1,1,0,0.1676,0.68892,-37.291
1149,30,1,1,6,3,4,1,1,0,0.1675,0.4851,-6.902
1150,14,0,0,3,2,4,1,1,0,0.1674,1.3185,-34.295
1151,22,0,0,9,3,3,1,1,0,0.1673,0.7951,-18.397
1152,55,0,0,21,7,5,1,1,0,0.1673,0.20153,29.004
1153,50,0,0,10,6,3,1,1,0,0.1672,0.1325,40.563
1154,51,1,1,16,6,2,1,1,0,0.1671,0.23602,49.674
1155,13,0,0,3,2,1,1,1,0,0.1671,0.25182,-48.628
1156,14,1,1,5,2,1,1,1,0,0.167,0.85664,-27.737
1157,13,0,0,3,2,0,1,1,0,0.1669,0.25658,-18.163
1158,5,0,0,2,1,2,1,1,0,0.1668,0.24121,-58.288
1159,73,2,2,20,8,1,1,1,0,0.1668,0.15106,82.181
1160,7,0,0,3,1,2,1,1,0,0.1667,0.11625,-10.18
1161,47,1,1,12,6,2,1,1,0,0.1666,0.24042,27.044
1162,13,0,0,4,2,1,1,1,0,0.1666,0.56284,-48.471
1163,57,0,0,14,7,6,1,1,0,0.1665,0.18288,46.678
1164,70,1,1,23,8,8,1,1,0,0.1664,0.15796,62.571
1165,77,0,0,27,10,7,1,1,0,0.1663,0.15769,55.531
1166,48,0,0,16,6,4,1,1,0,0.1663,0.17944,40.104
1167,56,1,1,19,7,1,1,1,0,0.1662,0.21324,53.381
1168,43,0,0,13,5,4,1,1,0,0.1661,0.11398,32.763
1169,53,1,1,16,6,3,1,1,0,0.1661,0.38131,53.564
1170,277,6,6,60,31,18,1,1,0,0.166,0.21296,344.031
1171,143,2,2,40,18,9,1,1,0,0.1659,0.14547,164.396
1172,102,0,0,29,12,8,1,1,0,0.1658,0.28299,97.744
1173,6,0,0,2,1,1,1,1,0,0.1658,0.20088,-10.836
1174,164,3,3,43,18,15,1,1,0,0.1657,0.24694,192.107
1175,39,0,0,14,5,4,1,1,0,0.1656,0.14942,28.982
1176,33,2,2,10,4,3,1,1,0,0.1655,0.1709,31.339
1177,22,0,0,7,3,1,1,1,0,0.1655,0.13085,10.478
1178,28,0,0,9,4,1,1,1,0,0.1654,0.33708,-0.605
1179,44,1,1,14,5,1,1,1,0,0.1653,0.10743,26.459
1180,6,0,0,3,1,1,1,1,0,0.1653,0.1883,-10.487
1181,13,0,0,3,2,1,1,1,0,0.1652,0.2094,-18.205
1182,15,0,0,4,2,0,1,1,0,0.1651,0.08072,-46.904
1183,72,1,1,20,9,6,1,1,0,0.165,0.24412,70.726
1184,53,2,2,17,6,6,1,1,0,0.165,0.20573,55.087
1185,44,0,0,17,6,3,1,1,0,0.1649,0.18136,37.678
1186,5,0,0,4,1,0,1,1,0,0.1648,0.10824,-71.703
1187,40,1,1,9,5,3,1,1,0,0.1648,0.36028,37.089
1188,35,1,1,12,4,3,1,1,0,0.1647,0.16129,30.265
1189,118,5,5,36,13,5,1,1,0,0.1646,0.17812,124.821
1190,14,0,0,4,2,1,1,1,0,0.1645,0.12094,0.383
1191,14,0,0,5,2,1,1,1,0,0.1645,0.12341,-17.024
1192,21,0,0,11,3,0,1,1,0,0.1644,0.6809,-36.879
1193,15,0,0,3,2,3,1,1,0,0.1643,0.16516,-17.737
1194,20,0,0,7,3,2,1,1,0,0.1643,0.17461,-12.517
1195,127,4,4,42,14,8,1,1,0,0.1642,0.22279,99.768
1196,14,0,0,6,2,0,1,1,0,0.1641,0.18768,-0.184
1197,10,0,0,1,1,3,1,1,0,0.164,0.12642,-8.473
1198,73,1,1,27,9,3,1,1,0,0.164,0.17828,79.266
1199,7,0,0,3,1,0,1,1,0,0.1639,0.14054,-9.068
1200,40,0,0,13,5,6,1,1,0,0.1638,0.37318,28.629
1201,20,0,0,6,3,2,1,1,0,0.1638,0.64446,-26.378
1202,21,0,0,10,3,1,1,1,0,0.1637,0.15907,9.207
1203,29,0,0,13,4,1,1,1,0,0.1636,0.17761,20.264
1204,35,1,1,11,4,7,1,1,0,0.1635,0.62923,19.926
1205,5,0,0,2,1,2,1,1,0,0.1635,3.1891,-43.742
1206,56,1,1,17,7,5,1,1,0,0.1634,0.43683,52.955
1207,13,0,0,4,2,1,1,1,0,0.1633,0.18198,-48.754
1208,13,0,0,3,2,2,1,1,0,0.1632,0.40776,-2.091
1209,84,1,1,20,10,3,1,1,0,0.1632,0.27828,52.879
1210,45,2,2,13,5,5,1,1,0,0.1631,0.1463,44.1
1211,21,0,0,7,3,2,1,1,0,0.163,0.25384,7.981
1212,13,0,0,4,2,2,1,1,0,0.163,1.29687,-34.272
1213,13,0,0,6,2,1,1,1,0,0.1629,0.19983,-1.832
1214,13,0,0,5,2,2,1,1,0,0.1628,1.01822,-34.042
1215,5,0,0,3,1,1,1,1,0,0.1627,0.07481,-11.273
1216,6,0,0,3,1,2,1,1,0,0.1627,0.04256,-11.089
1217,6,0,0,4,1,0,1,1,0,0.1626,0.11504,-70.637
1218,6,0,0,2,1,2,1,1,0,0.1625,0.15946,-11.185
1219,14,0,0,3,2,2,1,1,0,0.1625,0.15372,-1.904
1220,44,2,2,14,5,2,1,1,0,0.1624,0.16046,30.815
1221,57,0,0,16,7,0,1,1,0,0.1623,0.15427,61.61
1222,28,0,0,7,4,3,1,1,0,0.1622,0.45183,14.717
1223,30,0,0,10,4,1,1,1,0,0.1622,0.67136,-14.038
1224,108,2,2,29,12,5,1,1,0,0.1621,0.40894,120.988
1225,48,1,1,11,5,6,1,1,0,0.162,0.28567,46.586
1226,15,0,0,2,2,2,1,1,0,0.162,0.1976,-0.217
1227,144,4,4,30,15,8,1,1,0,0.1619,0.17564,174.074
1228,14,0,0,5,2,2,1,1,0,0.1618,0.12096,-1.26
1229,89,1,1,25,10,8,1,1,0,0.1617,0.21917,70.348
1230,63,1,1,15,8,5,1,1,0,0.1617,0.18051,45.742
1231,42,1,1,13,5,3,1,1,0,0.1616,0.15256,34.234
1232,98,3,3,28,10,5,1,1,0,0.1615,0.31401,113.184
1233,7,0,0,3,1,0,1,1,0,0.1614,0.15439,-9.284
1234,6,0,0,3,1,0,1,1,0,0.1614,0.08326,-9.972
1235,20,0,0,4,3,4,1,1,0,0.1613,0.52606,-41.33
1236,5,0,0,4,1,1,1,1,0,0.1612,0.102,-71.94
1237,5,0,0,3,1,0,1,1,0,0.1612,0.25683,-27.623
1238,31,1,1,10,4,7,1,1,0,0.1611,0.19373,5.187
1239,46,0,0,15,6,3,1,1,0,0.161,0.17547,36.553
1240,14,0,0,5,2,3,1,1,0,0.1609,0.15851,-18.845
1241,21,0,0,10,3,4,1,1,0,0.1609,0.92733,-7.832
1242,106,1,1,28,13,9,1,1,0,0.1608,0.38751,107.802
1243,13,0,0,3,2,1,1,1,0,0.1607,0.1624,-2.655
1244,19,3,3,8,2,0,1,1,0,0.1607,0.34613,-3.685
1245,27,0,0,8,4,2,1,1,0,0.1606,0.66378,-32.955
1246,61,2,2,18,7,7,1,1,0,0.1605,0.1948,46.623
1247,5,0,0,3,1,0,1,1,0,0.1604,0.06712,-71.61
1248,16,0,0,2,2,1,1,1,0,0.1604,0.38406,-46.372
1249,7,0,0,3,1,1,1,1,0,0.1603,1.32371,-9.862
1250,70,0,0,21,9,5,1,1,0,0.1602,0.25584,15.719
1251,6,0,0,1,1,1,1,1,0,0.1602,0.20471,-11.254
1252,13,0,0,4,2,2,1,1,0,0.1601,0.55478,-48.817
1253,6,0,0,2,1,3,1,1,0,0.16,1.80239,-28.839
1254,43,0,0,15,6,0,1,1,0,0.1599,0.13884,34.24
1255,13,0,0,6,2,3,1,1,0,0.1599,0.37213,-19.223
1256,103,1,1,29,12,9,1,1,0,0.1598,0.16323,100.268
1257,21,0,0,6,3,1,1,1,0,0.1597,0.15435,7.931
1258,13,0,0,4,2,1,1,1,0,0.1597,0.9554,-34.3
1259,16,1,1,5,2,1,1,1,0,0.1596,0.14288,5.095
1260,38,0,0,12,5,3,1,1,0,0.1595,0.17239,27.998
1261,41,2,2,8,4,6,1,1,0,0.1594,0.13015,41.627
1262,7,0,0,2,1,0,1,1,0,0.1594,0.14232,-10.058
1263,93,3,3,38,11,9,1,1,0,0.1593,0.22678,108.526
1264,34,1,1,11,4,4,1,1,0,0.1592,0.12797,27.185
1265,17,1,1,5,2,3,1,1,0,0.1591,0.3498,-12.553
1266,32,0,0,15,4,5,1,1,0,0.1591,0.18447,20.137
1267,77,4,4,19,8,7,1,1,0,0.159,0.32433,63.182
1268,13,0,0,7,2,3,1,1,0,0.1589,0.2264,-19.502
1269,14,0,0,5,2,1,1,1,0,0.1589,0.10815,-17.412
1270,90,2,2,23,11,4,1,1,0,0.1588,0.27635,42.234
1271,14,0,0,4,2,2,1,1,0,0.1587,1.0099,-33.845
1272,13,0,0,6,2,1,1,1,0,0.1586,0.14134,-2.377
1273,13,0,0,4,2,2,1,1,0,0.1586,0.31823,-49.853
1274,13,0,0,5,2,2,1,1,0,0.1585,0.5378,-19.843
1275,42,0,0,12,6,5,1,1,0,0.1584,0.16006,33.31
1276,6,0,0,3,1,1,1,1,0,0.1584,0.1301,-10.776
1277,29,0,0,13,4,2,1,1,0,0.1583,0.18107,18.407
1278,140,3,3,46,16,9,1,1,0,0.1582,0.30374,134.185
1279,55,1,1,16,7,3,1,1,0,0.1581,0.3431,19.023
1280,66,2,2,21,8,2,1,1,0,0.1581,0.37574,39.073
1281,13,0,0,2,2,0,1,1,0,0.158,0.23149,-19.19
1282,59,2,2,15,6,6,1,1,0,0.1579,0.44919,67.836
1283,30,1,1,8,3,5,1,1,0,0.1579,0.73589,-7.446
1284,24,1,1,6,3,1,1,1,0,0.1578,0.5421,-32.152
1285,42,0,0,15,6,4,1,1,0,0.1577,0.17947,31.294
1286,6,0,0,2,1,2,1,1,0,0.1576,1.00108,-11.332
1287,101,3,3,21,10,12,1,1,0,0.1576,0.16801,116.498
1288,13,0,0,5,2,0,1,1,0,0.1575,0.19447,-18.478
1289,6,0,0,2,1,0,1,1,0,0.1574,0.10166,-9.923
1290,13,0,0,2,2,1,1,1,0,0.1574,0.4129,-20.291
1291,20,0,0,8,3,2,1,1,0,0.1573,0.17725,6.177
1292,120,4,4,38,14,9,1,1,0,0.1572,0.2383,155.012
1293,85,0,0,30,11,8,1,1,0,0.1571,0.35188,31.057
1294,40,1,1,13,5,4,1,1,0,0.1571,0.1564,15.385
1295,13,0,0,5,2,0,1,1,0,0.157,0.15265,-48.501
1296,60,1,1,17,8,4,1,1,0,0.1569,0.16562,55.392
1297,70,2,2,17,8,2,1,1,0,0.1568,0.29666,74.671
1298,13,0,0,4,2,0,1,1,0,0.1568,0.17814,-18.65
1299,13,0,0,4,2,1,1,1,0,0.1567,0.62428,-2.349
1300,7,0,0,1,1,2,1,1,0,0.1566,0.19307,-10.934
1301,43,0,0,12,6,4,1,1,0,0.1566,0.15397,32.948
1302,13,0,0,5,2,1,1,1,0,0.1565,0.14028,-2.6
1303,5,0,0,3,1,1,1,1,0,0.1564,0.03211,-11.324
1304,77,2,2,25,8,9,1,1,0,0.1563,0.16385,76.59
1305,89,2,2,30,11,5,1,1,0,0.1563,0.20725,83.431
1306,36,1,1,12,4,6,1,1,0,0.1562,0.25169,13.687
1307,23,1,1,7,3,5,1,1,0,0.1561,0.82075,10.585
1308,55,0,0,22,7,2,1,1,0,0.1561,0.19145,33.408
1309,52,0,0,19,7,5,1,1,0,0.156,0.49074,-2.348
1310,29,2,2,8,3,1,1,1,0,0.1559,0.10892,10.354
1311,33,1,1,9,4,2,1,1,0,0.1558,0.77996,28.052
1312,19,1,1,7,2,3,1,1,0,0.1558,0.83936,-21.804
1313,13,0,0,4,2,1,1,1,0,0.1557,0.12573,-48.899
1314,83,0,0,24,11,6,1,1,0,0.1556,0.26567,79.382
1315,14,0,0,4,2,3,1,1,0,0.1556,0.19261,-3.218
1316,53,0,0,14,7,5,1,1,0,0.1555,0.19845,43.673
1317,7,0,0,2,1,1,1,1,0,0.1554,0.15035,-10.356
1318,95,3,3,41,12,9,1,1,0,0.1553,0.44342,84.44
1319,7,0,0,2,1,0,1,1,0,0.1553,0.14181,-10.126
1320,21,0,0,8,3,2,1,1,0,0.1552,0.19556,5.214
1321,94,1,1,28,11,5,1,1,0,0.1551,0.16242,87.231
1322,13,0,0,2,2,1,1,1,0,0.1551,0.20541,-2.781
1323,13,0,0,4,2,2,1,1,0,0.155,0.16904,-19.329
1324,6,0,0,1,1,0,1,1,0,0.1549,0.25735,-10.757
1325,40,0,0,13,6,2,1,1,0,0.1548,0.17046,13.486
1326,14,0,0,4,2,2,1,1,0,0.1548,0.10654,-18.585
1327,21,0,0,7,3,0,1,1,0,0.1547,0.44068,-39.336
1328,6,0,0,2,1,3,1,1,0,0.1546,0.30984,-11.872
1329,20,0,0,5,3,0,1,1,0,0.1546,0.15916,6.324
1330,38,0,0,13,5,3,1,1,0,0.1545,0.15038,26.768
1331,51,1,1,16,7,3,1,1,0,0.1544,0.48392,13.093
1332,88,1,1,27,11,6,1,1,0,0.1543,0.21659,94.243
1333,13,0,0,4,2,2,1,1,0,0.1543,1.23426,-34.833
1334,102,2,2,34,12,11,1,1,0,0.1542,0.21058,117.106
1335,13,0,0,5,2,0,1,1,0,0.1541,0.17655,-18.529
1336,6,0,0,3,1,2,1,1,0,0.154,0.09666,-11.121
1337,84,4,4,27,9,4,1,1,0,0.154,0.20389,102.053
1338,19,1,1,5,2,3,1,1,0,0.1539,0.4227,-38.897
1339,29,0,0,14,4,1,1,1,0,0.1538,0.17503,19.135
1340,7,0,0,3,1,1,1,1,0,0.1538,0.15135,-10.045
1341,114,5,5,33,11,6,1,1,0,0.1537,0.50561,118.474
1342,17,0,0,6,2,1,1,1,0,0.1536,0.32797,2.024
1343,20,1,1,9,3,2,1,1,0,0.1535,0.16138,-5.224
1344,79,1,1,21,10,8,1,1,0,0.1535,0.48977,83.382
1345,64,1,1,19,7,3,1,1,0,0.1534,0.12233,64.08
1346,25,0,0,10,3,4,1,1,0,0.1533,0.18705,11.066
1347,23,1,1,6,3,3,1,1,0,0.1533,0.21749,10.544
1348,22,0,0,8,3,1,1,1,0,0.1532,0.51139,-6.939
1349,22,0,0,8,3,3,1,1,0,0.1531,0.34557,9.654
1350,13,0,0,5,2,0,1,1,0,0.153,0.15658,-1.035
1351,15,0,0,4,2,2,1,1,0,0.153,0.14127,-47.67
1352,29,1,1,5,3,1,1,1,0,0.1529,0.09214,25.587
1353,25,1,1,9,3,2,1,1,0,0.1528,0.12852,18.923
1354,6,0,0,1,1,1,1,1,0,0.1528,1.28562,-26.826
1355,40,1,1,10,5,2,1,1,0,0.1527,0.42909,33.564
1356,38,1,1,10,4,5,1,1,0,0.1526,0.12858,32.436
1357,13,0,0,4,2,1,1,1,0,0.1525,0.79966,-48.394
1358,92,4,4,27,10,6,1,1,0,0.1525,0.15844,91.28
1359,22,0,0,10,3,3,1,1,0,0.1524,0.16002,9.036
1360,13,0,0,9,2,2,1,1,0,0.1523,0.47209,-17.428
1361,181,4,4,40,21,10,1,1,0,0.1522,0.16044,210.892
1362,23,1,1,10,3,1,1,1,0,0.1522,0.18224,14.151
1363,116,2,2,29,13,6,1,1,0,0.1521,0.13948,133.943
1364,140,3,3,31,16,6,1,1,0,0.152,0.23784,160.858
1365,13,0,0,3,2,1,1,1,0,0.152,1.38406,-34.354
1366,14,0,0,7,2,0,1,1,0,0.1519,0.13904,-0.003
1367,13,0,0,8,2,1,1,1,0,0.1518,0.20216,-1.298
1368,8,0,0,2,1,2,1,1,0,0.1517,0.15918,-9.596
1369,5,0,0,4,1,0,1,1,0,0.1517,0.12648,-71.68
1370,5,0,0,2,1,1,1,1,0,0.1516,2.4792,-43.575
1371,84,2,2,22,9,3,1,1,0,0.1515,0.28015,83.747
1372,15,0,0,4,2,3,1,1,0,0.1515,0.1207,-17.614
1373,15,0,0,4,2,2,1,1,0,0.1514,1.13644,-33.948
1374,61,0,0,23,8,2,1,1,0,0.1513,0.21341,41.249
1375,30,1,1,6,3,4,1,1,0,0.1512,0.48038,-7.727
1376,13,0,0,3,2,0,1,1,0,0.1512,0.17443,-1.254
1377,14,0,0,5,2,4,1,1,0,0.1511,0.619,-49.63
1378,66,3,3,21,8,6,1,1,0,0.151,0.42705,36.321
1379,6,0,0,1,1,1,1,1,0,0.151,0.21524,-11.146
1380,76,3,3,28,9,3,1,1,0,0.1509,0.34145,42.78
1381,33,1,1,10,4,2,1,1,0,0.1508,0.19983,12.338
1382,118,2,2,32,14,8,1,1,0,0.1507,0.22988,130.025
1383,175,4,4,47,20,11,1,1,0,0.1507,0.24355,210.867
1384,31,1,1,10,4,1,1,1,0,0.1506,0.1422,8.335
1385,29,0,0,8,4,2,1,1,0,0.1505,0.37007,15.926
1386,73,2,2,14,7,2,1,1,0,0.1505,0.13132,93.359
1387,6,0,0,3,1,1,1,1,0,0.1504,0.2273,-10.561
1388,66,0,0,20,9,2,1,1,0,0.1503,0.16215,41.27
1389,20,0,0,8,3,2,1,1,0,0.1502,1.05879,-25.761
1390,191,4,4,59,22,11,1,1,0,0.1502,0.14664,241.021
1391,13,0,0,5,2,0,1,1,0,0.1501,0.13247,-48.322
1392,13,0,0,4,2,1,1,1,0,0.15,0.1591,-18.702
1393,60,2,2,15,7,4,1,1,0,0.1499,0.13399,62.782
1394,36,1,1,9,4,3,1,1,0,0.1499,0.07842,30.938
1395,31,0,0,8,4,2,1,1,0,0.1498,0.08796,18.654
1396,14,0,0,4,2,1,1,1,0,0.1497,1.40899,-0.334
1397,53,0,0,16,7,6,1,1,0,0.1497,0.60111,29.968
1398,51,1,1,15,7,3,1,1,0,0.1496,0.2338,42.259
1399,31,1,1,6,4,1,1,1,0,0.1495,0.13934,9.819
1400,20,0,0,6,3,1,1,1,0,0.1494,0.84433,-39.238
1401,5,0,0,3,1,1,1,1,0,0.1494,0.08794,-72.44
1402,13,0,0,4,2,1,1,1,0,0.1493,0.20576,-18.787
1403,16,0,0,7,2,2,1,1,0,0.1492,0.19316,0.657
1404,43,0,0,14,6,7,1,1,0,0.1492,0.15343,13.272
1405,30,0,0,11,4,2,1,1,0,0.1491,0.16491,1.432
1406,5,0,0,4,1,1,1,1,0,0.149,0.13247,-72.128
1407,43,0,0,13,5,2,1,1,0,0.1489,0.14806,39.034
1408,13,0,0,4,2,3,1,1,0,0.1489,0.19131,-49.172
1409,20,0,0,8,3,1,1,1,0,0.1488,0.14488,-9.889
1410,114,3,3,31,12,5,1,1,0,0.1487,0.26854,95.355
1411,58,1,1,22,7,3,1,1,0,0.1487,0.29929,27.493
1412,44,3,3,21,5,4,1,1,0,0.1486,0.2271,33.346
1413,5,0,0,3,1,1,1,1,0,0.1485,0.06051,-11.212
1414,24,1,1,9,3,1,1,1,0,0.1484,0.25062,15.001
1415,21,0,0,8,3,2,1,1,0,0.1484,0.21548,-10.66
1416,22,0,0,9,3,2,1,1,0,0.1483,0.43483,8.489
1417,251,5,5,72,29,17,1,1,0,0.1482,0.20804,312.338
1418,13,0,0,2,2,3,1,1,0,0.1482,0.13976,-20.591
1419,6,0,0,2,1,2,1,1,0,0.1481,0.0803,-11.451
1420,111,2,2,29,13,4,1,1,0,0.148,0.23223,122.956
1421,46,1,1,11,5,3,1,1,0,0.1479,0.42979,8.514
1422,37,0,0,11,5,0,1,1,0,0.1479,0.16125,10.764
1423,21,0,0,8,3,2,1,1,0,0.1478,0.8095,-39.719
1424,39,1,1,12,5,1,1,1,0,0.1477,0.13254,34.432
1425,65,2,2,13,7,4,1,1,0,0.1477,0.12818,69.023
1426,29,1,1,5,4,2,1,1,0,0.1476,0.14415,22.928
1427,30,0,0,11,4,4,1,1,0,0.1475,0.18348,17.664
1428,17,1,1,8,2,2,1,1,0,0.1474,0.93061,-39.258
1429,20,0,0,5,3,1,1,1,0,0.1474,0.60357,-26.459
1430,6,0,0,3,1,0,1,1,0,0.1473,0.18453,-10.339
1431,73,3,3,24,8,5,1,1,0,0.1472,0.13208,66.339
1432,34,2,2,11,4,2,1,1,0,0.1471,0.12546,32.927
1433,157,1,1,49,18,9,1,1,0,0.1471,0.18852,169.596
1434,6,0,0,3,1,1,1,1,0,0.147,0.17942,-10.724
1435,5,0,0,3,1,1,1,1,0,0.1469,0.04733,-11.374
1436,8,0,0,2,1,1,1,1,0,0.1469,0.13199,-9.226
1437,6,0,0,3,1,0,1,1,0,0.1468,0.19317,-10.108
1438,23,0,0,7,3,1,1,1,0,0.1467,0.13358,8.495
1439,83,2,2,25,10,4,1,1,0,0.1466,0.25604,90.903
1440,64,3,3,18,6,7,1,1,0,0.1466,0.3945,44.424
1441,20,0,0,5,3,2,1,1,0,0.1465,0.13958,-13.029
1442,67,1,1,26,8,9,1,1,0,0.1464,0.12698,71.19
1443,14,0,0,6,2,1,1,1,0,0.1464,1.17591,-48.723
1444,32,1,1,14,4,4,1,1,0,0.1463,0.27659,9.721
1445,20,0,0,7,3,3,1,1,0,0.1462,0.14008,4.781
1446,42,1,1,15,5,6,1,1,0,0.1461,0.57541,-5.674
1447,90,3,3,32,10,2,1,1,0,0.1461,0.14266,112.159
1448,13,0,0,4,2,0,1,1,0,0.146,1.30082,-33.755
1449,22,0,0,6,3,1,1,1,0,0.1459,0.14191,7.983
1450,60,1,1,19,7,4,1,1,0,0.1459,0.51202,55.457
1451,6,0,0,2,1,1,1,1,0,0.1458,0.1576,-11.13
1452,5,0,0,2,1,1,1,1,0,0.1457,2.62896,-43.272
1453,6,0,0,3,1,1,1,1,0,0.1456,0.18382,-10.821
1454,157,1,1,36,19,3,1,1,0,0.1456,0.29758,176.341
1455,117,5,5,29,12,14,1,1,0,0.1455,0.39454,130.247
1456,92,2,2,30,11,2,1,1,0,0.1454,0.26102,87.788
1457,38,1,1,10,4,1,1,1,0,0.1453,0.18079,40.122
1458,24,1,1,11,3,2,1,1,0,0.1453,0.20585,17.108
1459,30,1,1,11,4,3,1,1,0,0.1452,0.21647,20.543
1460,193,2,2,50,24,7,1,1,0,0.1451,0.19753,228.467
1461,29,0,0,6,4,2,1,1,0,0.1451,0.24549,15.356
1462,6,0,0,3,1,0,1,1,0,0.145,0.13092,-9.868
1463,16,1,1,4,2,2,1,1,0,0.1449,0.54078,-28.92
1464,68,3,3,17,7,2,1,1,0,0.1448,0.14448,60.549
1465,21,0,0,6,3,0,1,1,0,0.1448,0.43529,-19.512
1466,40,1,1,9,5,3,1,1,0,0.1447,0.21404,32.562
1467,13,0,0,4,2,0,1,1,0,0.1446,0.15419,-0.697
1468,5,0,0,2,1,0,1,1,0,0.1446,0.14129,-71.962
1469,50,2,2,15,5,3,1,1,0,0.1445,0.3813,16.483
1470,33,0,0,12,4,2,1,1,0,0.1444,0.13698,19.595
1471,65,2,2,18,7,4,1,1,0,0.1443,0.15156,66.61
1472,32,1,1,12,4,2,1,1,0,0.1443,0.14174,24.983
1473,92,4,4,33,10,4,1,1,0,0.1442,0.15991,114.937
1474,39,2,2,12,4,4,1,1,0,0.1441,0.11927,21.166
1475,6,0,0,3,1,1,1,1,0,0.1441,0.21566,-10.685
1476,138,2,2,30,15,6,1,1,0,0.144,0.28314,118.173
1477,5,0,0,3,1,0,1,1,0,0.1439,0.06649,-71.743
1478,48,1,1,13,5,6,1,1,0,0.1438,0.4139,38.237
1479,14,0,0,3,2,0,1,1,0,0.1438,0.29996,-0.21
1480,38,0,0,13,5,4,1,1,0,0.1437,0.22676,27.45
1481,12,0,0,5,2,1,1,1,0,0.1436,1.25644,-34.836
1482,20,0,0,5,3,1,1,1,0,0.1436,0.40106,-26.345
1483,21,0,0,6,3,3,1,1,0,0.1435,0.14622,6.455
1484,15,0,0,4,2,1,1,1,0,0.1434,0.13372,-47.323
1485,41,1,1,15,5,1,1,1,0,0.1433,0.2223,5.296
1486,55,0,0,22,7,8,1,1,0,0.1433,0.14862,44.796
1487,29,0,0,9,4,1,1,1,0,0.1432,0.18229,16.771
1488,21,0,0,10,3,3,1,1,0,0.1431,0.14321,7.679
1489,6,0,0,2,1,1,1,1,0,0.1431,0.18106,-10.966
1490,114,0,0,35,14,3,1,1,0,0.143,0.38863,100.448
1491,46,1,1,11,6,3,1,1,0,0.1429,0.15827,37.746
1492,116,4,4,40,13,7,1,1,0,0.1428,0.16156,138.702
1493,32,1,1,9,4,1,1,1,0,0.1428,0.14626,22.313
1494,37,0,0,14,5,4,1,1,0,0.1427,0.18713,25.247
1495,6,0,0,1,1,1,1,1,0,0.1426,0.2464,-11.336
1496,137,2,2,37,16,12,1,1,0,0.1425,0.25365,151.773
1497,53,0,0,18,7,4,1,1,0,0.1425,0.1504,29.023
1498,22,0,0,8,3,0,1,1,0,0.1424,0.21475,12.323
1499,13,0,0,4,2,2,1,1,0,0.1423,0.90276,-34.739
1500,12,0,0,4,2,1,1,1,0,0.1423,0.36935,-35.466
1501,21,0,0,9,3,3,1,1,0,0.1422,0.76438,-34.968
1502,13,0,0,3,2,0,1,1,0,0.1421,0.16201,-1.669
1503,13,0,0,3,2,0,1,1,0,0.142,0.77415,-18.546
1504,13,0,0,4,2,1,1,1,0,0.142,0.72973,-34.379
1505,40,1,1,13,5,3,1,1,0,0.1419,0.13721,34.687
1506,13,0,0,5,2,2,1,1,0,0.1418,0.19464,-2.653
1507,17,1,1,5,2,3,1,1,0,0.1418,0.67834,-40.721
1508,27,0,0,9,4,1,1,1,0,0.1417,0.09438,14.741
1509,99,3,3,34,11,9,1,1,0,0.1416,0.26529,92.271
1510,13,0,0,4,2,1,1,1,0,0.1415,0.17836,-2.283
1511,76,0,0,25,10,6,1,1,0,0.1415,0.26561,72.611
1512,30,1,1,9,4,2,1,1,0,0.1414,0.0981,3.859
1513,15,0,0,6,2,1,1,1,0,0.1413,0.30313,-16.959
1514,47,1,1,13,6,7,1,1,0,0.1413,0.11761,24.564
1515,20,0,0,8,3,2,1,1,0,0.1412,0.9029,-25.783
1516,28,0,0,10,4,1,1,1,0,0.1411,0.2114,-2.276
1517,20,0,0,8,3,2,1,1,0,0.141,0.29599,5.241
1518,42,1,1,15,5,1,1,1,0,0.141,0.52149,41.514
1519,25,0,0,8,3,1,1,1,0,0.1409,0.14002,9.342
1520,125,2,2,40,15,10,1,1,0,0.1408,0.17803,136.857
1521,22,0,0,5,3,3,1,1,0,0.1407,0.53596,5.814
1522,14,0,0,4,2,0,1,1,0,0.1407,0.15471,-1.379
1523,127,3,3,39,15,9,1,1,0,0.1406,0.14839,153.688
1524,36,0,0,14,5,3,1,1,0,0.1405,0.41476,24.474
1525,33,1,1,14,4,3,1,1,0,0.1405,0.52042,-18.832
1526,21,0,0,10,3,2,1,1,0,0.1404,0.5864,-38.499
1527,21,0,0,8,3,1,1,1,0,0.1403,0.06196,7.535
1528,24,1,1,11,3,1,1,1,0,0.1402,0.15423,0.138
1529,50,0,0,15,7,4,1,1,0,0.1402,0.15693,40.403
1530,7,0,0,3,1,2,1,1,0,0.1401,0.16737,-10.434
1531,6,0,0,3,1,1,1,1,0,0.14,0.2006,-10.767
1532,27,0,0,8,4,4,1,1,0,0.14,0.25255,-21.106
1533,21,0,0,6,3,2,1,1,0,0.1399,0.54864,-25.95
1534,26,1,1,7,3,3,1,1,0,0.1398,0.40838,-31.253
1535,102,3,3,28,12,7,1,1,0,0.1397,0.17738,117.274
1536,6,0,0,2,1,3,1,1,0,0.1397,2.01928,-12.392
1537,53,1,1,16,7,4,1,1,0,0.1396,0.28544,50.396
1538,15,1,1,7,2,3,1,1,0,0.1395,0.16762,-13.354
1539,24,2,2,6,3,0,1,1,0,0.1395,0.72753,-30.128
1540,14,0,0,4,2,4,1,1,0,0.1394,1.34749,-49.297
1541,14,0,0,8,2,3,1,1,0,0.1393,0.64026,-33.88
1542,38,2,2,15,4,1,1,1,0,0.1392,0.15458,37.729
1543,5,0,0,3,1,0,1,1,0,0.1392,0.03065,-71.285
1544,128,4,4,32,15,11,1,1,0,0.1391,0.18141,154.796
1545,83,1,1,29,10,4,1,1,0,0.139,0.19468,85.32
1546,5,0,0,3,1,0,1,1,0,0.139,1.82675,-10.77
1547,76,2,2,24,9,8,1,1,0,0.1389,0.42832,65.706
1548,49,2,2,13,6,4,1,1,0,0.1388,0.16395,42.472
1549,20,0,0,9,3,0,1,1,0,0.1387,0.15956,6.602
1550,16,1,1,3,2,1,1,1,0,0.1387,0.1551,4.621
1551,13,0,0,2,2,3,1,1,0,0.1386,0.53405,-49.702
1552,13,0,0,4,2,2,1,1,0,0.1385,0.12229,-3.344
1553,96,4,4,25,11,4,1,1,0,0.1385,0.26983,116.543
1554,184,4,4,60,22,7,1,1,0,0.1384,0.19504,226.31
1555,63,1,1,18,8,2,1,1,0,0.1383,0.37079,20.877
1556,46,1,1,13,6,1,1,1,0,0.1382,0.14308,40.606
1557,139,4,4,39,16,11,1,1,0,0.1382,0.19536,164.23
1558,94,2,2,22,10,7,1,1,0,0.1381,0.13904,117.497
1559,20,0,0,11,3,2,1,1,0,0.138,0.73457,-39.174
1560,50,2,2,14,6,4,1,1,0,0.1379,0.21829,50.72
1561,28,0,0,10,4,1,1,1,0,0.1379,0.16595,-0.681
1562,5,0,0,4,1,0,1,1,0,0.1378,0.13811,-71.625
1563,13,0,0,3,2,1,1,1,0,0.1377,1.37534,-34.122
1564,20,0,0,8,3,3,1,1,0,0.1377,0.64478,-26.932
1565,36,0,0,10,5,1,1,1,0,0.1376,0.16499,24.039
1566,20,0,0,7,3,0,1,1,0,0.1375,0.14382,7.064
1567,6,0,0,2,1,1,1,1,0,0.1374,0.16949,-11.091
1568,13,0,0,5,2,0,1,1,0,0.1374,0.58467,-18.157
1569,52,2,2,21,6,5,1,1,0,0.1373,0.33372,53.993
1570,43,0,0,12,6,1,1,1,0,0.1372,0.24985,-10.22
1571,16,1,1,4,2,0,1,1,0,0.1372,0.11863,5.197
1572,95,2,2,24,11,7,1,1,0,0.1371,0.27301,88.543
1573,131,3,3,46,16,8,1,1,0,0.137,0.31023,112.196
1574,114,2,2,29,13,7,1,1,0,0.1369,0.17617,132.573
1575,42,1,1,12,5,2,1,1,0,0.1369,0.33706,20.805
1576,30,0,0,10,4,3,1,1,0,0.1368,0.11215,16.161
1577,46,0,0,13,6,2,1,1,0,0.1367,0.12223,36.758
1578,59,0,0,19,7,1,1,1,0,0.1367,0.28376,36.343
1579,35,1,1,13,4,2,1,1,0,0.1366,0.15289,32.949
1580,27,1,1,6,3,3,1,1,0,0.1365,0.10342,20.705
1581,37,2,2,11,4,4,1,1,0,0.1364,0.33447,14.954
1582,41,0,0,15,5,3,1,1,0,0.1364,0.14705,12.209
1583,27,1,1,9,3,3,1,1,0,0.1363,0.28277,21.192
1584,52,1,1,8,6,1,1,1,0,0.1362,0.13164,52.424
1585,86,2,2,26,10,6,1,1,0,0.1361,0.36546,82.173
1586,70,0,0,22,10,3,1,1,0,0.1361,0.17156,49.938
1587,63,1,1,18,7,2,1,1,0,0.136,0.22693,64.788
1588,28,0,0,8,4,0,1,1,0,0.1359,0.19775,-1.679
1589,32,1,1,13,4,1,1,1,0,0.1359,0.07613,27.402
1590,28,0,0,9,4,3,1,1,0,0.1358,0.13715,15.383
1591,116,2,2,34,14,3,1,1,0,0.1357,0.1856,135.085
1592,25,1,1,6,3,1,1,1,0,0.1356,0.14322,17.096
1593,47,1,1,16,6,7,1,1,0,0.1356,0.16631,41.54
1594,89,1,1,33,11,7,1,1,0,0.1355,0.20621,97.678
1595,13,0,0,4,2,4,1,1,0,0.1354,1.9131,-36.516
1596,64,2,2,18,7,4,1,1,0,0.1354,0.30815,57.295
1597,6,0,0,2,1,3,1,1,0,0.1353,2.99039,-43.46
1598,58,0,0,18,8,3,1,1,0,0.1352,0.16819,51.709
1599,115,2,2,35,14,8,1,1,0,0.1351,0.16628,123.705
1600,16,1,1,4,2,1,1,1,0,0.1351,0.13001,5.418
1601,45,0,0,15,6,1,1,1,0,0.135,0.15186,35.794
1602,188,4,4,54,20,14,1,1,0,0.1349,0.18307,227.748
1603,13,0,0,3,2,1,1,1,0,0.1349,0.23423,-19.541
1604,20,0,0,8,3,2,1,1,0,0.1348,0.93517,-25.358
1605,56,1,1,22,7,4,1,1,0,0.1347,0.20177,52.96
1606,97,2,2,27,11,2,1,1,0,0.1346,0.2308,113.696
1607,21,0,0,8,3,0,1,1,0,0.1346,0.16394,8.543
1608,56,1,1,17,7,1,1,1,0,0.1345,0.16025,54.923
1609,13,0,0,4,2,1,1,1,0,0.1344,1.3491,-34.27
1610,37,1,1,11,4,3,1,1,0,0.1344,0.23313,34.713
1611,51,1,1,13,6,2,1,1,0,0.1343,0.23383,41.936
1612,21,0,0,8,3,2,1,1,0,0.1342,0.1354,7.557
1613,28,1,1,9,3,2,1,1,0,0.1341,0.1005,21.919
1614,24,2,2,8,3,3,1,1,0,0.1341,0.34677,-1.118
1615,40,1,1,11,5,6,1,1,0,0.134,0.20027,31.294
1616,20,0,0,7,3,2,1,1,0,0.1339,0.17803,-10.153
1617,82,1,1,26,10,6,1,1,0,0.1338,0.21393,81.244
1618,13,0,0,5,2,1,1,1,0,0.1338,0.18263,-1.741
1619,172,4,4,59,19,13,1,1,0,0.1337,0.26699,217.122
1620,45,2,2,15,5,5,1,1,0,0.1336,0.44667,-3.6
1621,51,1,1,18,6,3,1,1,0,0.1336,0.43929,19.722
1622,108,3,3,42,12,9,1,1,0,0.1335,0.32377,114.075
1623,61,0,0,25,8,4,1,1,0,0.1334,0.22326,59.854
1624,59,0,0,15,8,3,1,1,0,0.1333,0.34709,20.257
1625,6,0,0,1,1,1,1,1,0,0.1333,0.08388,-10.375
1626,20,1,1,4,2,5,1,1,0,0.1332,0.45332,-25.637
1627,13,0,0,5,2,1,1,1,0,0.1331,0.18278,-1.063
1628,28,0,0,8,4,4,1,1,0,0.1331,0.09936,14.665
1629,6,0,0,2,1,1,1,1,0,0.133,0.02631,-10.533
1630,14,0,0,4,2,4,1,1,0,0.1329,1.15794,-18.985
1631,37,2,2,11,4,4,1,1,0,0.1328,0.17789,37.681
1632,6,0,0,2,1,2,1,1,0,0.1328,0.58679,-11.347
1633,38,1,1,11,5,2,1,1,0,0.1327,0.50229,-12.137
1634,29,0,0,11,4,0,1,1,0,0.1326,0.14281,18.951
1635,14,0,0,5,2,1,1,1,0,0.1326,0.12286,-17.309
1636,28,0,0,10,4,3,1,1,0,0.1325,0.08417,15.278
1637,20,0,0,9,3,2,1,1,0,0.1324,0.78641,-25.257
1638,92,1,1,18,11,8,1,1,0,0.1323,0.12937,92.687
1639,23,1,1,6,3,1,1,1,0,0.1323,0.17712,12.504
1640,75,2,2,25,9,9,1,1,0,0.1322,0.42291,79.852
1641,22,1,1,9,2,6,1,1,0,0.1321,0.81012,-19.51
1642,5,0,0,2,1,1,1,1,0,0.1321,0.01538,-72.378
1643,46,0,0,13,6,5,1,1,0,0.132,0.23797,34.228
1644,14,0,0,4,2,0,1,1,0,0.1319,1.05254,-0.071
1645,13,0,0,4,2,0,1,1,0,0.1318,0.86136,-17.667
1646,16,1,1,7,2,1,1,1,0,0.1318,0.1786,5.69
1647,112,0,0,30,14,4,1,1,0,0.1317,0.30465,117.889
1648,118,2,2,32,14,12,1,1,0,0.1316,0.29567,125.22
1649,101,2,2,24,11,7,1,1,0,0.1316,0.13342,110.44
1650,22,0,0,7,3,2,1,1,0,0.1315,0.13277,8.813
1651,94,2,2,22,11,2,1,1,0,0.1314,0.1806,101.533
1652,6,0,0,2,1,1,1,1,0,0.1313,0.19886,-10.869
1653,13,0,0,4,2,1,1,1,0,0.1313,0.45714,-48.472
1654,13,0,0,4,2,1,1,1,0,0.1312,0.10887,-49.14
1655,6,0,0,2,1,1,1,1,0,0.1311,0.16026,-10.28
1656,46,1,1,13,6,2,1,1,0,0.131,0.11083,40.386
1657,13,0,0,3,2,1,1,1,0,0.131,0.90807,-48.676
1658,144,3,3,33,15,7,1,1,0,0.1309,0.19715,121.139
1659,35,2,2,11,4,2,1,1,0,0.1308,0.20778,17.015
1660,24,1,1,7,3,2,1,1,0,0.1308,0.13562,14.079
1661,13,0,0,4,2,1,1,1,0,0.1307,0.19535,-1.568
1662,16,1,1,3,2,2,1,1,0,0.1306,0.81662,-40.91
1663,13,0,0,4,2,1,1,1,0,0.1305,1.17329,-33.948
1664,24,0,0,7,3,4,1,1,0,0.1305,0.24883,8.151
1665,93,3,3,20,10,4,1,1,0,0.1304,0.12753,100.207
1666,68,0,0,21,8,2,1,1,0,0.1303,0.14751,59.799
1667,20,0,0,6,3,1,1,1,0,0.1303,0.14915,6.621
1668,74,3,3,22,8,1,1,1,0,0.1302,0.15131,88.457
1669,13,0,0,3,2,2,1,1,0,0.1301,0.13633,-3.203
1670,13,0,0,3,2,1,1,1,0,0.13,0.91359,-33.663
1671,94,3,3,25,10,0,1,1,0,0.13,0.14898,112.463
1672,49,1,1,18,6,2,1,1,0,0.1299,0.13987,46.364
1673,5,0,0,3,1,2,1,1,0,0.1298,0.1086,-11.612
1674,60,1,1,19,8,7,1,1,0,0.1298,0.67031,53.678
1675,64,1,1,23,8,2,1,1,0,0.1297,0.24329,68.066
1676,90,1,1,29,10,2,1,1,0,0.1296,0.20725,97.825
1677,13,0,0,3,2,2,1,1,0,0.1295,0.89724,-49.07
1678,13,0,0,4,2,1,1,1,0,0.1295,1.21289,-48.255
1679,91,3,3,37,10,7,1,1,0,0.1294,0.26393,107.59
1680,13,0,0,4,2,2,1,1,0,0.1293,0.48517,-2.103
1681,40,0,0,11,5,3,1,1,0,0.1292,0.19998,26.72
1682,5,0,0,4,1,0,1,1,0,0.1292,0.14811,-71.66
1683,148,2,2,35,16,9,1,1,0,0.1291,0.28128,145.515
1684,13,0,0,4,2,1,1,1,0,0.129,0.14432,-18.612
1685,83,4,4,29,9,5,1,1,0,0.129,0.15398,103.998
1686,14,0,0,5,2,1,1,1,0,0.1289,0.52093,-47.576
1687,61,0,0,27,8,4,1,1,0,0.1288,0.32641,57.779
1688,15,0,0,4,2,2,1,1,0,0.1287,1.18403,-32.358
1689,66,1,1,15,7,6,1,1,0,0.1287,0.18155,65.741
1690,145,3,3,40,16,9,1,1,0,0.1286,0.17476,127.103
1691,21,0,0,8,3,2,1,1,0,0.1285,0.13495,6.596
1692,59,3,3,26,7,2,1,1,0,0.1285,0.54677,33.171
1693,36,0,0,15,5,3,1,1,0,0.1284,0.35381,25.368
1694,102,1,1,33,13,5,1,1,0,0.1283,0.16699,90.963
1695,20,0,0,9,3,1,1,1,0,0.1282,0.89811,-24.675
1696,6,0,0,3,1,0,1,1,0,0.1282,0.07912,-70.768
1697,14,0,0,5,2,1,1,1,0,0.1281,0.57676,-1.659
1698,16,1,1,4,2,1,1,1,0,0.128,0.12326,4.073
1699,127,6,6,52,14,1,1,1,0,0.128,0.16258,167.112
1700,38,0,0,13,5,0,1,1,0,0.1279,0.14137,29.593
1701,5,0,0,2,1,0,1,1,0,0.1278,0.13123,-10.463
1702,40,2,2,13,4,5,1,1,0,0.1277,0.21941,41.372
1703,14,0,0,4,2,0,1,1,0,0.1277,0.15729,-0.172
1704,153,0,0,49,19,14,1,1,0,0.1276,0.33051,142.86
1705,63,1,1,20,8,2,1,1,0,0.1275,0.22524,61.018
1706,20,0,0,7,3,3,1,1,0,0.1275,0.11009,6.055
1707,77,2,2,16,9,5,1,1,0,0.1274,0.1302,65.432
1708,77,3,3,18,8,4,1,1,0,0.1273,0.30213,63.625
1709,22,0,0,10,3,3,1,1,0,0.1272,0.48515,7.802
1710,91,2,2,28,10,7,1,1,0,0.1272,0.13485,100.775
1711,7,0,0,2,1,1,1,1,0,0.1271,0.19623,-10.215
1712,5,0,0,2,1,0,1,1,0,0.127,0.08893,-72.158
1713,169,6,6,43,17,9,1,1,0,0.127,0.15354,215.345
1714,30,0,0,10,4,3,1,1,0,0.1269,0.09063,17.765
1715,14,0,0,5,2,1,1,1,0,0.1268,0.71974,-47.509
1716,27,0,0,6,4,2,1,1,0,0.1267,0.65078,-32.271
1717,62,0,0,13,8,5,1,1,0,0.1267,0.12593,51.544
1718,21,0,0,10,3,1,1,1,0,0.1266,0.29472,-38.995
1719,15,0,0,5,2,4,1,1,0,0.1265,1.04645,-33.524
1720,48,1,1,16,6,4,1,1,0,0.1264,0.24458,43.677
1721,6,0,0,2,1,1,1,1,0,0.1264,0.17991,-11.012
1722,241,7,7,57,24,11,1,1,0,0.1263,0.15854,291.887
1723,65,2,2,20,7,7,1,1,0,0.1262,0.12887,67.785
1724,6,0,0,2,1,1,1,1,0,0.1262,0.18764,-11.028
1725,13,0,0,4,2,0,1,1,0,0.1261,0.91629,-18.36
1726,5,0,0,2,1,0,1,1,0,0.126,0.10184,-10.336
1727,220,5,5,75,25,15,1,1,0,0.1259,0.23621,279.204
1728,89,3,3,28,11,8,1,1,0,0.1259,0.34181,49.875
1729,40,1,1,16,5,1,1,1,0,0.1258,0.14997,39.119
1730,219,3,3,66,25,11,1,1,0,0.1257,0.26521,265.147
1731,6,0,0,1,1,1,1,1,0,0.1257,0.26246,-11.263
1732,7,0,0,2,1,0,1,1,0,0.1256,0.17129,-9.618
1733,56,1,1,21,7,0,1,1,0,0.1255,0.35778,50.782
1734,14,0,0,4,2,1,1,1,0,0.1254,0.1385,-0.648
1735,13,0,0,5,2,1,1,1,0,0.1254,1.12069,-33.829
1736,6,0,0,3,1,1,1,1,0,0.1253,0.20929,-10.445
1737,6,0,0,3,1,0,1,1,0,0.1252,0.15458,-10.036
1738,120,3,3,45,14,11,1,1,0,0.1252,0.14243,124.501
1739,6,0,0,3,1,1,1,1,0,0.1251,0.2242,-10.456
1740,13,0,0,5,2,1,1,1,0,0.125,0.11874,-1.398
1741,75,4,4,19,8,1,1,1,0,0.1249,0.13147,91.71
1742,63,3,3,20,7,2,1,1,0,0.1249,0.20952,73.507
1743,65,3,3,19,7,3,1,1,0,0.1248,0.11559,75.504
1744,133,4,4,33,15,10,1,1,0,0.1247,0.26611,156.569
1745,53,1,1,13,6,4,1,1,0,0.1246,0.13092,52.38
1746,14,0,0,4,2,1,1,1,0,0.1246,0.33682,-48.133
1747,43,0,0,16,6,2,1,1,0,0.1245,0.21565,37.0
1748,32,1,1,8,4,1,1,1,0,0.1244,0.15983,23.335
1749,147,2,2,42,18,13,1,1,0,0.1244,0.31267,156.527
1750,65,2,2,17,7,4,1,1,0,0.1243,0.10196,72.535
1751,20,0,0,8,3,1,1,1,0,0.1242,0.18292,-10.434
1752,20,0,0,7,3,1,1,1,0,0.1241,0.76669,-26.729
1753,189,5,5,51,21,12,1,1,0,0.1241,0.1493,218.202
1754,64,1,1,28,8,2,1,1,0,0.124,0.29119,49.247
1755,7,0,0,3,1,0,1,1,0,0.1239,0.21241,-9.508
1756,21,0,0,9,3,0,1,1,0,0.1239,0.19186,8.743
1757,20,0,0,10,3,1,1,1,0,0.1238,0.82054,-38.544
1758,26,1,1,7,3,1,1,1,0,0.1237,0.08952,17.743
1759,73,0,0,24,10,4,1,1,0,0.1236,0.32863,51.399
1760,16,1,1,7,2,0,1,1,0,0.1236,0.15242,5.827
1761,56,0,0,20,8,2,1,1,0,0.1235,0.27861,33.162
1762,13,0,0,5,2,1,1,1,0,0.1234,0.51698,-17.585
1763,76,1,1,17,9,4,1,1,0,0.1234,0.1943,53.643
1764,6,0,0,3,1,1,1,1,0,0.1233,0.23329,-10.354
1765,20,0,0,6,3,2,1,1,0,0.1232,0.85751,-40.891
1766,5,0,0,1,1,1,1,1,0,0.1231,0.11235,-10.817
1767,14,0,0,3,2,0,1,1,0,0.1231,0.14521,-0.662
1768,14,0,0,3,2,2,1,1,0,0.123,0.19159,-1.741
1769,22,0,0,6,3,2,1,1,0,0.1229,0.1547,6.609
1770,44,2,2,14,5,1,1,1,0,0.1229,0.11062,45.875
1771,13,0,0,4,2,2,1,1,0,0.1228,0.3778,-2.038
1772,14,0,0,4,2,0,1,1,0,0.1227,0.09665,-0.26
1773,6,0,0,3,1,1,1,1,0,0.1226,0.17706,-10.393
1774,28,2,2,5,3,1,1,1,0,0.1226,0.23782,-8.213
1775,13,0,0,6,2,2,1,1,0,0.1225,0.09088,-2.623
1776,22,1,1,7,3,1,1,1,0,0.1224,0.13736,12.493
1777,6,0,0,2,1,0,1,1,0,0.1223,0.19058,-10.486
1778,122,1,1,32,15,4,1,1,0,0.1223,0.2098,138.024
1779,32,1,1,12,4,2,1,1,0,0.1222,0.1566,24.604
1780,78,2,2,29,9,6,1,1,0,0.1221,0.43909,58.395
1781,29,0,0,12,4,0,1,1,0,0.1221,0.1643,18.524
1782,92,1,1,31,11,7,1,1,0,0.122,0.28504,67.863
1783,162,3,3,48,20,12,1,1,0,0.1219,0.27484,172.828
1784,5,0,0,4,1,1,1,1,0,0.1218,0.13074,-71.896
1785,52,1,1,11,5,3,1,1,0,0.1218,0.16673,61.57
1786,12,0,0,4,2,1,1,1,0,0.1217,0.12199,-2.724
1787,57,1,1,17,7,3,1,1,0,0.1216,0.15716,55.109
1788,49,2,2,12,5,2,1,1,0,0.1216,0.24342,53.699
1789,20,0,0,8,3,6,1,1,0,0.1215,1.0209,-13.234
1790,29,0,0,9,4,1,1,1,0,0.1214,0.12515,17.108
1791,5,0,0,4,1,0,1,1,0,0.1213,0.07399,-71.428
1792,78,1,1,27,10,4,1,1,0,0.1213,0.34111,47.757
1793,58,1,1,17,7,4,1,1,0,0.1212,0.4478,52.432
1794,398,8,8,99,46,13,1,1,0,0.1211,0.19501,498.325
1795,5,0,0,3,1,0,1,1,0,0.1211,0.14694,-26.801
1796,292,8,8,71,30,11,1,1,0,0.121,0.15872,363.648
1797,20,0,0,4,3,2,1,1,0,0.1209,0.88069,-41.562
1798,58,2,2,24,7,2,1,1,0,0.1208,0.4656,60.431
1799,27,0,0,7,4,1,1,1,0,0.1208,0.17459,-3.201
1800,30,1,1,10,4,1,1,1,0,0.1207,0.54256,5.489
1801,13,0,0,5,2,1,1,1,0,0.1206,0.64228,-47.899
1802,124,5,5,37,14,7,1,1,0,0.1206,0.16066,149.662
1803,6,0,0,2,1,1,1,1,0,0.1205,0.21663,-10.903
1804,74,1,1,26,9,3,1,1,0,0.1204,0.12764,76.838
1805,21,0,0,6,3,1,1,1,0,0.1203,0.82972,-24.322
1806,13,0,0,6,2,1,1,1,0,0.1203,0.21543,-17.825
1807,20,0,0,7,3,3,1,1,0,0.1202,0.24784,6.172
1808,13,0,0,7,2,1,1,1,0,0.1201,0.42664,-18.264
1809,7,0,0,2,1,1,1,1,0,0.1201,0.06884,-10.161
1810,179,3,3,49,21,15,1,1,0,0.12,0.21444,198.03
1811,36,1,1,9,4,2,1,1,0,0.1199,0.13843,14.952
1812,108,2,2,41,12,4,1,1,0,0.1198,0.32013,121.172
1813,37,0,0,12,5,3,1,1,0,0.1198,0.48737,7.964
1814,119,3,3,48,14,7,1,1,0,0.1197,0.31605,140.779
1815,59,4,4,19,5,5,1,1,0,0.1196,0.21961,52.283
1816,22,0,0,11,3,4,1,1,0,0.1195,0.43602,7.279
1817,56,1,1,16,7,4,1,1,0,0.1195,0.13321,52.484
1818,14,0,0,4,2,1,1,1,0,0.1194,0.30877,-17.528
1819,5,0,0,2,1,0,1,1,0,0.1193,0.18239,-10.459
1820,13,0,0,4,2,1,1,1,0,0.1193,0.46686,-48.306
1821,36,0,0,16,5,1,1,1,0,0.1192,0.13062,9.948
1822,51,2,2,12,6,3,1,1,0,0.1191,0.41026,16.721
1823,21,0,0,7,3,3,1,1,0,0.119,0.12571,6.818
1824,23,1,1,5,3,1,1,1,0,0.119,0.13424,-33.821
1825,194,5,5,50,22,15,1,1,0,0.1189,0.24031,233.057
1826,35,1,1,10,4,2,1,1,0,0.1188,0.1414,32.679
1827,6,0,0,2,1,1,1,1,0,0.1188,0.1765,-11.01
1828,59,2,2,17,7,2,1,1,0,0.1187,0.14778,56.658
1829,80,1,1,34,11,2,1,1,0,0.1186,0.25099,87.873
1830,20,0,0,3,3,0,1,1,0,0.1185,0.7558,-26.613
1831,79,2,2,30,10,7,1,1,0,0.1185,0.15982,78.265
1832,20,0,0,7,3,3,1,1,0,0.1184,0.96991,-13.008
1833,12,0,0,7,2,0,1,1,0,0.1183,1.22819,-33.497
1834,14,0,0,5,2,2,1,1,0,0.1183,0.15539,-1.374
1835,110,1,1,32,13,5,1,1,0,0.1182,0.22455,118.994
1836,5,0,0,3,1,0,1,1,0,0.1181,0.07807,-26.891
1837,97,0,0,33,13,3,1,1,0,0.118,0.24607,102.095
1838,14,0,0,5,2,2,1,1,0,0.118,0.8891,-49.43
1839,58,1,1,19,7,1,1,1,0,0.1179,0.16925,55.845
1840,51,1,1,17,6,3,1,1,0,0.1178,0.4373,19.185
1841,36,1,1,9,4,0,1,1,0,0.1177,0.1247,12.916
1842,89,2,2,30,10,2,1,1,0,0.1177,0.16111,103.266
1843,74,3,3,24,8,2,1,1,0,0.1176,0.19852,86.664
1844,35,0,0,13,5,2,1,1,0,0.1175,0.16646,25.503
1845,63,0,0,21,9,4,1,1,0,0.1175,0.17294,40.392
1846,30,1,1,8,4,1,1,1,0,0.1174,0.16046,21.798
1847,16,1,1,5,2,1,1,1,0,0.1173,1.02823,-40.999
1848,15,0,0,3,2,1,1,1,0,0.1172,0.26229,-0.462
1849,228,6,6,88,25,12,1,1,0,0.1172,0.17332,289.465
1850,56,3,3,19,6,2,1,1,0,0.1171,0.3085,48.414
1851,7,0,0,3,1,2,1,1,0,0.117,0.19769,-10.427
1852,270,5,5,57,31,18,1,1,0,0.117,0.20214,290.76
1853,6,0,0,2,1,1,1,1,0,0.1169,0.23115,-11.05
1854,20,0,0,5,3,1,1,1,0,0.1168,0.21637,4.195
1855,121,0,0,39,16,6,1,1,0,0.1167,0.17066,126.823
1856,55,1,1,16,7,4,1,1,0,0.1167,0.53022,50.21
1857,72,2,2,22,8,4,1,1,0,0.1166,0.32725,76.166
1858,6,0,0,3,1,2,1,1,0,0.1165,0.30138,-10.683
1859,177,5,5,55,20,4,1,1,0,0.1165,0.20041,219.182
1860,166,3,3,67,20,11,1,1,0,0.1164,0.17773,189.287
1861,73,3,3,21,8,5,1,1,0,0.1163,0.19762,62.108
1862,14,0,0,5,2,1,1,1,0,0.1162,0.12569,-47.869
1863,21,0,0,7,3,0,1,1,0,0.1162,0.19817,6.883
1864,20,0,0,5,3,2,1,1,0,0.1161,0.14958,-11.497
1865,29,0,0,7,4,0,1,1,0,0.116,0.47627,-30.746
1866,20,0,0,7,3,1,1,1,0,0.116,0.16937,5.126
1867,17,1,1,6,2,1,1,1,0,0.1159,0.04989,8.6
1868,48,1,1,20,6,1,1,1,0,0.1158,0.15058,48.062
1869,148,1,1,36,17,7,1,1,0,0.1157,0.24797,156.746
1870,220,6,6,60,25,11,1,1,0,0.1157,0.18192,258.62
1871,6,0,0,3,1,1,1,1,0,0.1156,0.19511,-10.751
1872,21,0,0,5,3,1,1,1,0,0.1155,0.41732,-39.104
1873,218,4,4,65,26,8,1,1,0,0.1154,0.24995,224.792
1874,20,0,0,8,3,1,1,1,0,0.1154,0.15715,8.179
1875,20,0,0,7,3,1,1,1,0,0.1153,0.17278,-10.648
1876,46,2,2,12,5,4,1,1,0,0.1152,0.15223,48.28
1877,28,0,0,10,4,2,1,1,0,0.1152,0.12333,16.072
1878,54,2,2,15,7,2,1,1,0,0.1151,0.27796,54.845
1879,14,0,0,6,2,1,1,1,0,0.115,0.17771,-1.754
1880,13,1,1,4,2,1,1,1,0,0.1149,1.29634,-29.955
1881,6,0,0,3,1,0,1,1,0,0.1149,0.17364,-10.335
1882,48,1,1,14,6,2,1,1,0,0.1148,0.10258,47.315
1883,119,7,7,35,13,8,1,1,0,0.1147,0.22863,144.477
1884,51,0,0,17,7,5,1,1,0,0.1147,0.1533,44.502
1885,14,0,0,3,2,2,1,1,0,0.1146,0.1077,-2.89
1886,13,0,0,4,2,1,1,1,0,0.1145,1.35227,-33.472
1887,28,2,2,9,3,2,1,1,0,0.1144,0.33542,-7.964
1888,28,0,0,12,4,1,1,1,0,0.1144,0.1556,17.256
1889,5,0,0,2,1,0,1,1,0,0.1143,0.3518,-71.229
1890,13,0,0,5,2,2,1,1,0,0.1142,0.35111,-1.422
1891,104,0,0,29,13,4,1,1,0,0.1142,0.20283,92.321
1892,31,1,1,13,4,1,1,1,0,0.1141,0.12006,24.217
1893,13,0,0,4,2,0,1,1,0,0.114,0.43787,-17.979
1894,200,4,4,46,23,7,1,1,0,0.1139,0.2194,242.231
1895,18,0,0,4,2,2,1,1,0,0.1139,0.24206,-14.459
1896,24,1,1,5,3,0,1,1,0,0.1138,0.26715,-2.149
1897,5,0,0,3,1,0,1,1,0,0.1137,0.09868,-72.337
1898,35,1,1,9,4,2,1,1,0,0.1137,0.09117,29.802
1899,5,0,0,3,1,1,1,1,0,0.1136,0.20588,-71.819
1900,17,1,1,4,2,2,1,1,0,0.1135,0.21296,5.076
1901,167,5,5,61,19,8,1,1,0,0.1134,0.20102,209.424
1902,150,1,1,38,18,7,1,1,0,0.1134,0.20307,142.648
1903,20,0,0,6,3,1,1,1,0,0.1133,0.16162,6.522
1904,99,3,3,27,11,3,1,1,0,0.1132,0.1332,114.6
1905,86,2,2,27,10,4,1,1,0,0.1132,0.19827,103.025
1906,28,0,0,7,4,3,1,1,0,0.1131,0.16662,13.182
1907,51,0,0,11,7,6,1,1,0,0.113,0.16162,21.274
1908,143,1,1,36,14,6,1,1,0,0.1129,0.18141,163.561
1909,18,1,1,4,2,0,1,1,0,0.1129,0.14955,-10.522
1910,7,0,0,3,1,0,1,1,0,0.1128,0.20493,-9.055
1911,20,0,0,6,3,2,1,1,0,0.1127,0.18212,6.271
1912,20,0,0,6,3,3,1,1,0,0.1126,0.24641,5.926
1913,30,1,1,8,4,2,1,1,0,0.1126,0.11555,20.067
1914,13,0,0,4,2,1,1,1,0,0.1125,0.32925,-48.256
1915,18,1,1,4,2,3,1,1,0,0.1124,0.15314,3.682
1916,117,3,3,31,14,8,1,1,0,0.1124,0.16414,127.505
1917,67,0,0,22,9,4,1,1,0,0.1123,0.14799,61.534
1918,20,0,0,6,3,1,1,1,0,0.1122,0.15498,-9.985
1919,75,2,2,23,8,0,1,1,0,0.1121,0.13506,86.655
1920,6,0,0,2,1,1,1,1,0,0.1121,0.14987,-10.659
1921,161,3,3,62,19,9,1,1,0,0.112,0.29835,182.167
1922,116,4,4,44,14,7,1,1,0,0.1119,0.2121,112.194
1923,95,4,4,28,10,1,1,1,0,0.1119,0.17598,115.55
1924,16,1,1,5,2,0,1,1,0,0.1118,0.98264,-11.48
1925,25,1,1,7,3,0,1,1,0,0.1117,0.50632,1.531
1926,54,0,0,15,7,3,1,1,0,0.1116,0.16512,30.208
1927,66,1,1,18,8,2,1,1,0,0.1116,0.35584,65.984
1928,28,0,0,9,4,0,1,1,0,0.1115,0.17996,1.215
1929,27,1,1,7,3,1,1,1,0,0.1114,0.09846,21.642
1930,49,0,0,18,6,8,1,1,0,0.1114,0.11506,28.562
1931,14,0,0,4,2,2,1,1,0,0.1113,1.10643,-33.885
1932,20,0,0,6,3,2,1,1,0,0.1112,0.8224,-40.341
1933,5,0,0,4,1,0,1,1,0,0.1111,0.13987,-72.03
1934,20,0,0,6,3,3,1,1,0,0.1111,1.04379,-40.437
1935,13,0,0,3,2,0,1,1,0,0.111,0.48313,-48.967
1936,43,2,2,15,5,3,1,1,0,0.1109,0.45905,-4.96
1937,64,1,1,20,8,3,1,1,0,0.1109,0.27715,68.699
1938,29,1,1,11,3,1,1,1,0,0.1108,0.0969,25.983
1939,7,0,0,2,1,0,1,1,0,0.1107,0.10777,-9.08
1940,38,0,0,9,5,2,1,1,0,0.1106,0.13195,29.134
1941,32,1,1,8,4,3,1,1,0,0.1106,0.14787,21.921
1942,14,0,0,3,2,0,1,1,0,0.1105,0.17106,-0.873
1943,173,2,2,38,18,12,1,1,0,0.1104,0.18495,192.094
1944,160,4,4,57,18,6,1,1,0,0.1103,0.25236,200.806
1945,5,0,0,2,1,0,1,1,0,0.1103,0.07686,-71.859
1946,63,2,2,17,7,2,1,1,0,0.1102,0.12323,64.894
1947,76,1,1,22,9,5,1,1,0,0.1101,0.11811,75.686
1948,71,2,2,20,8,3,1,1,0,0.1101,0.32891,74.596
1949,28,0,0,10,4,3,1,1,0,0.11,0.13803,15.259
1950,13,0,0,4,2,1,1,1,0,0.1099,0.26585,-18.815
1951,35,1,1,16,4,3,1,1,0,0.1098,0.16377,28.7
1952,13,0,0,3,2,3,1,1,0,0.1098,1.04631,-49.663
1953,18,1,1,2,2,2,1,1,0,0.1097,0.73925,-38.221
1954,6,0,0,3,1,0,1,1,0,0.1096,0.16638,-10.304
1955,6,0,0,1,1,0,1,1,0,0.1096,0.13706,-11.681
1956,13,0,0,5,2,1,1,1,0,0.1095,0.63859,-48.21
1957,17,1,1,5,2,0,1,1,0,0.1094,0.05059,8.764
1958,29,0,0,8,4,2,1,1,0,0.1093,0.1231,16.944
1959,86,3,3,28,9,7,1,1,0,0.1093,0.16842,104.885
1960,20,0,0,9,3,0,1,1,0,0.1092,0.16154,7.893
1961,6,0,0,2,1,1,1,1,0,0.1091,0.17055,-11.023
1962,6,0,0,2,1,2,1,1,0,0.1091,0.0838,-11.367
1963,337,4,4,69,35,17,1,1,0,0.109,0.18589,363.325
1964,6,0,0,3,1,1,1,1,0,0.1089,0.18814,-10.602
1965,178,3,3,44,20,8,1,1,0,0.1088,0.24312,180.659
1966,6,0,0,4,1,1,1,1,0,0.1088,0.10045,-71.598
1967,22,0,0,12,3,3,1,1,0,0.1087,0.15018,10.104
1968,22,0,0,4,3,1,1,1,0,0.1086,0.15687,-10.077
1969,6,0,0,3,1,1,1,1,0,0.1086,0.20994,-10.492
1970,13,0,0,4,2,2,1,1,0,0.1085,0.13238,-2.406
1971,58,1,1,13,7,3,1,1,0,0.1084,0.28122,51.954
1972,68,1,1,23,9,0,1,1,0,0.1083,0.36187,68.778
1973,28,0,0,11,4,3,1,1,0,0.1083,0.14671,15.292
1974,27,0,0,9,4,1,1,1,0,0.1082,0.51261,-32.304
1975,8,0,0,2,1,1,1,1,0,0.1081,0.13125,-9.067
1976,67,1,1,15,8,3,1,1,0,0.108,0.23142,58.991
1977,223,6,6,71,26,9,1,1,0,0.108,0.20947,283.632
1978,27,2,2,6,3,3,1,1,0,0.1079,0.54535,-26.882
1979,141,2,2,46,18,5,1,1,0,0.1078,0.26292,156.54
1980,27,0,0,6,4,2,1,1,0,0.1078,0.12761,-3.593
1981,37,0,0,9,5,1,1,1,0,0.1077,0.09294,24.864
1982,73,1,1,25,9,3,1,1,0,0.1076,0.2749,61.026
1983,36,1,1,11,4,0,1,1,0,0.1075,0.12391,32.381
1984,13,0,0,5,2,1,1,1,0,0.1075,1.29117,-34.197
1985,7,0,0,2,1,1,1,1,0,0.1074,0.1442,-10.112
1986,58,1,1,15,7,6,1,1,0,0.1073,0.3225,19.37
1987,20,0,0,5,3,2,1,1,0,0.1073,0.96602,-27.663
1988,87,2,2,23,10,2,1,1,0,0.1072,0.13462,89.596
1989,61,2,2,17,7,2,1,1,0,0.1071,0.15355,60.907
1990,5,0,0,3,1,0,1,1,0,0.107,0.02795,-57.734
1991,42,0,0,8,5,2,1,1,0,0.107,0.22664,-17.007
1992,6,0,0,2,1,1,1,1,0,0.1069,0.08669,-10.93
1993,13,0,0,4,2,0,1,1,0,0.1068,0.15434,-1.321
1994,263,4,4,74,29,14,1,1,0,0.1068,0.16921,283.906
1995,41,1,1,16,5,1,1,1,0,0.1067,0.26157,37.931
1996,31,0,0,8,4,1,1,1,0,0.1066,0.1666,17.514
1997,296,5,5,75,30,14,1,1,0,0.1065,0.1661,353.145
1998,13,0,0,3,2,0,1,1,0,0.1065,0.5365,-48.938
1999,40,1,1,8,4,5,1,1,0,0.1064,0.12224,38.77
2000,51,2,2,16,6,1,1,1,0,0.1063,0.14587,51.095
2001,13,0,0,7,2,1,1,1,0,0.1062,0.4838,-2.182
2002,20,0,0,7,3,1,1,1,0,0.1062,0.20471,5.448
2003,14,0,0,4,2,0,1,1,0,0.1061,0.24103,-17.867
2004,28,0,0,10,4,4,1,1,0,0.106,0.14838,14.339
2005,302,7,7,75,31,13,1,1,0,0.106,0.2214,372.096
2006,21,0,0,7,3,1,1,1,0,0.1059,0.13954,-11.566
2007,52,2,2,16,6,1,1,1,0,0.1058,0.10573,54.383
2008,89,2,2,42,11,6,1,1,0,0.1057,0.21152,97.625
2009,14,0,0,5,2,3,1,1,0,0.1057,0.70547,-48.675
2010,123,3,3,41,13,9,1,1,0,0.1056,0.17326,150.171
2011,20,0,0,5,3,1,1,1,0,0.1055,0.16182,5.439
2012,62,3,3,14,6,3,1,1,0,0.1055,0.26563,36.345
2013,13,0,0,2,2,0,1,1,0,0.1054,0.52629,-49.241
2014,45,0,0,13,6,2,1,1,0,0.1053,0.12168,16.503
2015,245,4,4,55,29,9,1,1,0,0.1052,0.22461,280.364
2016,152,1,1,44,19,6,1,1,0,0.1052,0.14772,150.664
2017,60,1,1,18,8,3,1,1,0,0.1051,0.22295,55.949
2018,74,0,0,23,10,1,1,1,0,0.105,0.15073,66.019
2019,96,3,3,34,11,5,1,1,0,0.105,0.26959,109.09
2020,40,0,0,15,5,2,1,1,0,0.1049,0.16497,27.034
2021,69,1,1,19,9,2,1,1,0,0.1048,0.13178,69.188
2022,97,1,1,33,13,3,1,1,0,0.1047,0.38564,79.483
2023,135,2,2,38,17,6,1,1,0,0.1047,0.16535,128.85
2024,49,1,1,17,6,3,1,1,0,0.1046,0.13166,41.894
2025,42,0,0,19,6,0,1,1,0,0.1045,0.15766,33.703
2026,24,0,0,8,3,2,1,1,0,0.1045,0.21063,-7.716
2027,76,2,2,20,9,3,1,1,0,0.1044,0.17861,72.665
2028,7,0,0,3,1,0,1,1,0,0.1043,0.19936,-9.547
2029,27,0,0,7,4,2,1,1,0,0.1042,0.19294,-4.317
2030,6,0,0,3,1,1,1,1,0,0.1042,0.24218,-10.652
2031,6,0,0,2,1,1,1,1,0,0.1041,0.18976,-11.142
2032,27,0,0,7,4,3,1,1,0,0.104,0.13587,13.95
2033,5,0,0,2,1,1,1,1,0,0.1039,0.17832,-72.607
2034,81,1,1,18,10,2,1,1,0,0.1039,0.14171,77.308
2035,51,2,2,17,5,2,1,1,0,0.1038,0.22578,25.026
2036,28,1,1,8,3,4,1,1,0,0.1037,0.17733,20.334
2037,160,3,3,37,18,2,1,1,0,0.1037,0.12564,178.21
2038,74,3,3,23,8,3,1,1,0,0.1036,0.20766,80.172
2039,6,0,0,3,1,1,1,1,0,0.1035,0.24009,-10.59
2040,135,2,2,32,15,7,1,1,0,0.1034,0.22135,126.314
2041,5,0,0,3,1,1,1,1,0,0.1034,2.22001,-28.114
2042,192,4,4,52,23,8,1,1,0,0.1033,0.1416,201.223
2043,13,0,0,2,2,0,1,1,0,0.1032,0.67311,-49.186
2044,28,0,0,9,4,2,1,1,0,0.1032,0.18774,-3.415
2045,24,1,1,6,3,1,1,1,0,0.1031,0.12459,-33.652
2046,21,0,0,6,3,4,1,1,0,0.103,0.72195,-11.78
2047,20,0,0,6,3,1,1,1,0,0.1029,0.19694,-13.392
2048,34,0,0,12,5,1,1,1,0,0.1029,0.37744,5.222
2049,179,2,2,51,23,6,1,1,0,0.1028,0.16361,194.277
2050,116,3,3,29,13,2,1,1,0,0.1027,0.17348,133.131
2051,21,0,0,7,3,2,1,1,0,0.1027,0.16272,4.993
2052,13,0,0,4,2,1,1,1,0,0.1026,0.16383,-4.225
2053,57,0,0,22,8,3,1,1,0,0.1025,0.21984,47.959
2054,45,2,2,15,5,2,1,1,0,0.1024,0.46365,16.719
2055,20,1,1,7,2,0,1,1,0,0.1024,0.66685,-34.723
2056,41,1,1,9,5,7,1,1,0,0.1023,0.18401,12.471
2057,21,0,0,6,3,0,1,1,0,0.1022,0.13211,6.163
2058,28,0,0,10,4,1,1,1,0,0.1022,0.17236,13.841
2059,80,3,3,27,9,6,1,1,0,0.1021,0.29701,71.662
2060,146,1,1,55,19,7,1,1,0,0.102,0.16417,157.058
2061,35,0,0,13,5,2,1,1,0,0.1019,0.16554,23.76
2062,38,0,0,12,5,1,1,1,0,0.1019,0.13063,23.195
2063,7,0,0,3,1,0,1,1,0,0.1018,0.20584,-9.34
2064,13,0,0,4,2,0,1,1,0,0.1017,0.31839,-49.391
2065,16,1,1,4,2,2,1,1,0,0.1016,0.8882,-42.324
2066,215,4,4,59,24,11,1,1,0,0.1016,0.18939,252.594
2067,142,2,2,43,18,5,1,1,0,0.1015,0.15378,156.772
2068,197,5,5,60,22,8,1,1,0,0.1014,0.15095,234.451
2069,246,4,4,58,29,12,1,1,0,0.1014,0.21059,282.527
2070,163,5,5,50,18,5,1,1,0,0.1013,0.15224,182.704
2071,51,1,1,11,5,5,1,1,0,0.1012,0.1581,38.082
2072,20,0,0,7,3,1,1,1,0,0.1011,0.33684,-26.428
2073,231,5,5,70,27,5,1,1,0,0.1011,0.20064,275.928
2074,5,0,0,2,1,1,1,1,0,0.101,0.2673,-11.028
2075,13,0,0,7,2,2,1,1,0,0.1009,0.18375,-2.315
2076,54,1,1,16,6,3,1,1,0,0.1009,0.43094,18.735
2077,46,1,1,13,6,4,1,1,0,0.1008,0.22125,41.526
2078,126,2,2,39,16,4,1,1,0,0.1007,0.28689,108.253
2079,13,0,0,5,2,1,1,1,0,0.1006,0.23043,-2.892
2080,45,0,0,15,6,4,1,1,0,0.1006,0.24901,16.404
2081,28,0,0,10,4,1,1,1,0,0.1005,0.17603,13.985
2082,20,0,0,6,3,2,1,1,0,0.1004,0.17861,5.239
2083,60,0,0,20,8,4,1,1,0,0.1004,0.13015,50.025
2084,20,0,0,5,3,1,1,1,0,0.1003,0.27705,-27.082
2085,69,1,1,22,9,3,1,1,0,0.1002,0.14802,70.065
2086,6,0,0,3,1,0,1,1,0,0.1001,0.18857,-10.452
2087,252,7,7,77,29,7,1,1,0,0.1001,0.24024,305.62
2088,62,1,1,20,8,1,1,1,0,0.1,0.30394,61.32
2089,94,1,1,28,12,2,1,1,0,0.0999,0.13246,98.42
2090,63,0,0,23,9,4,1,1,0,0.0999,0.16481,36.925
2091,5,0,0,3,1,0,1,1,0,0.0998,0.08661,-72.424
2092,89,2,2,28,11,3,1,1,0,0.0997,0.15809,97.12
2093,154,1,1,45,20,2,1,1,0,0.0996,0.18531,147.909
2094,17,1,1,8,2,1,1,1,0,0.0996,0.15575,7.925
2095,19,1,1,7,2,2,1,1,0,0.0995,0.94041,-22.192
2096,233,3,3,62,25,10,1,1,0,0.0994,0.15836,251.159
2097,185,5,5,52,21,5,1,1,0,0.0993,0.15089,224.335
2098,38,1,1,10,5,3,1,1,0,0.0993,0.13489,12.073
2099,6,0,0,2,1,1,1,1,0,0.0992,0.25783,-11.07
2100,236,4,4,61,26,14,1,1,0,0.0991,0.13179,278.415
2101,188,4,4,56,23,11,1,1,0,0.0991,0.23643,182.457
2102,71,4,4,28,7,6,1,1,0,0.099,0.33702,52.404
2103,54,1,1,19,7,3,1,1,0,0.0989,0.33432,16.196
2104,17,1,1,6,2,3,1,1,0,0.0988,1.0405,-40.067
2105,38,0,0,15,5,3,1,1,0,0.0988,0.33429,25.683
2106,37,0,0,13,5,1,1,1,0,0.0987,0.25979,10.418
2107,6,0,0,3,1,0,1,1,0,0.0986,0.08629,-9.774
2108,24,0,0,10,3,2,1,1,0,0.0986,0.14594,9.695
2109,99,1,1,39,12,6,1,1,0,0.0985,0.28506,56.766
2110,118,1,1,32,14,8,1,1,0,0.0984,0.29136,102.379
2111,14,0,0,7,2,0,1,1,0,0.0983,0.21437,-0.67
2112,27,0,0,9,4,1,1,1,0,0.0983,0.5313,-19.176
2113,65,3,3,13,7,2,1,1,0,0.0982,0.15614,72.122
2114,153,4,4,49,18,6,1,1,0,0.0981,0.16449,183.83
2115,53,2,2,20,7,4,1,1,0,0.0981,0.19665,33.511
2116,30,2,2,10,3,0,1,1,0,0.098,0.11319,28.653
2117,42,1,1,14,5,1,1,1,0,0.0979,0.17272,34.165
2118,14,0,0,5,2,2,1,1,0,0.0978,0.48981,-48.199
2119,13,0,0,5,2,1,1,1,0,0.0978,1.21982,-34.291
2120,12,0,0,3,2,2,1,1,0,0.0977,1.21219,-49.794
2121,26,1,1,9,3,0,1,1,0,0.0976,0.13287,20.177
2122,7,0,0,2,1,0,1,1,0,0.0976,0.14785,-10.08
2123,51,0,0,18,7,3,1,1,0,0.0975,0.151,24.377
2124,20,0,0,6,3,1,1,1,0,0.0974,0.16113,6.046
2125,61,1,1,19,8,2,1,1,0,0.0973,0.4414,27.174
2126,66,2,2,22,8,4,1,1,0,0.0973,0.32752,50.325
2127,6,0,0,3,1,1,1,1,0,0.0972,0.19482,-10.739
2128,22,0,0,8,3,1,1,1,0,0.0971,0.64734,9.198
2129,34,1,1,10,4,2,1,1,0,0.097,0.1221,29.508
2130,111,0,0,29,15,1,1,1,0,0.097,0.14556,109.617
2131,21,0,0,8,3,1,1,1,0,0.0969,0.83962,-35.354
2132,212,3,3,51,26,11,1,1,0,0.0968,0.20199,215.491
2133,148,4,4,49,17,3,1,1,0,0.0968,0.19909,166.129
2134,193,4,4,50,21,3,1,1,0,0.0967,0.18564,234.878
2135,28,0,0,9,4,2,1,1,0,0.0966,0.55052,-32.271
2136,17,1,1,5,2,1,1,1,0,0.0965,0.12181,-10.95
2137,20,0,0,4,3,1,1,1,0,0.0965,0.39005,3.738
2138,21,0,0,4,3,1,1,1,0,0.0964,0.32671,5.719
2139,115,2,2,23,13,2,1,1,0,0.0963,0.27143,84.532
2140,62,0,0,20,8,4,1,1,0,0.0963,0.21851,4.942
2141,20,0,0,8,3,0,1,1,0,0.0962,0.15698,-8.7
2142,25,1,1,8,3,3,1,1,0,0.0961,0.15388,16.003
2143,98,1,1,29,13,5,1,1,0,0.096,0.21519,83.822
2144,63,1,1,16,8,1,1,1,0,0.096,0.15368,60.003
2145,49,0,0,16,6,7,1,1,0,0.0959,0.53198,27.494
2146,147,2,2,41,18,5,1,1,0,0.0958,0.14685,156.447
2147,13,0,0,4,2,1,1,1,0,0.0958,0.18449,-2.324
2148,6,0,0,2,1,0,1,1,0,0.0957,0.22885,-10.653
2149,13,0,0,3,2,3,1,1,0,0.0956,0.35957,-3.36
2150,177,3,3,38,21,4,1,1,0,0.0955,0.22694,193.409
2151,100,0,0,32,13,4,1,1,0,0.0955,0.13575,96.165
2152,257,3,3,62,30,11,1,1,0,0.0954,0.22848,291.816
2153,99,1,1,27,12,4,1,1,0,0.0953,0.26931,54.222
2154,25,2,2,11,3,2,1,1,0,0.0953,0.80955,-1.531
2155,64,1,1,13,8,1,1,1,0,0.0952,0.10986,60.734
2156,53,1,1,17,7,0,1,1,0,0.0951,0.46149,49.063
2157,83,3,3,27,9,2,1,1,0,0.095,0.13776,73.073
2158,110,2,2,24,12,1,1,1,0,0.095,0.1664,104.803
2159,37,0,0,11,5,2,1,1,0,0.0949,0.17858,24.528
2160,29,0,0,10,4,2,1,1,0,0.0948,0.19429,15.468
2161,143,2,2,35,16,5,1,1,0,0.0947,0.17144,136.835
2162,6,0,0,3,1,1,1,1,0,0.0947,0.2442,-10.868
2163,119,2,2,32,13,6,1,1,0,0.0946,0.26878,123.824
2164,21,0,0,10,3,1,1,1,0,0.0945,0.20623,8.429
2165,86,4,4,28,10,3,1,1,0,0.0945,0.15407,96.164
2166,66,1,1,23,8,8,1,1,0,0.0944,0.39813,43.311
2167,184,4,4,45,20,7,1,1,0,0.0943,0.15412,221.45
2168,65,0,0,17,9,2,1,1,0,0.0942,0.27676,23.544
2169,71,1,1,19,8,1,1,1,0,0.0942,0.10727,54.306
2170,15,1,1,7,2,1,1,1,0,0.0941,0.17906,3.461
2171,14,0,0,4,2,0,1,1,0,0.094,0.18302,-0.841
2172,171,2,2,47,21,7,1,1,0,0.094,0.17954,138.758
2173,56,0,0,19,8,2,1,1,0,0.0939,0.27966,26.774
2174,58,1,1,14,7,6,1,1,0,0.0938,0.18537,4.738
2175,72,1,1,23,9,3,1,1,0,0.0937,0.14425,69.897
2176,5,0,0,2,1,0,1,1,0,0.0937,0.07665,-72.242
2177,134,3,3,34,16,10,1,1,0,0.0936,0.18331,143.462
2178,54,1,1,23,7,0,1,1,0,0.0935,0.13539,50.85
2179,6,0,0,3,1,2,1,1,0,0.0935,0.39389,-11.377
2180,120,3,3,35,15,9,1,1,0,0.0934,0.32163,104.97
2181,21,0,0,10,3,3,1,1,0,0.0933,0.1749,5.592
2182,6,0,0,2,1,0,1,1,0,0.0932,0.42231,-57.433
2183,44,0,0,12,6,1,1,1,0,0.0932,0.12453,15.952
2184,6,0,0,3,1,1,1,1,0,0.0931,0.23122,-10.947
2185,84,3,3,25,9,8,1,1,0,0.093,0.15448,86.934
2186,92,1,1,28,11,1,1,1,0,0.093,0.19833,95.929
2187,36,0,0,13,5,4,1,1,0,0.0929,0.5126,-23.676
2188,93,0,0,26,12,3,1,1,0,0.0928,0.19428,72.817
2189,21,2,2,8,2,4,1,1,0,0.0927,0.24297,12.082
2190,20,0,0,7,3,1,1,1,0,0.0927,0.37331,-40.774
2191,13,0,0,4,2,1,1,1,0,0.0926,0.87417,-48.839
2192,13,0,0,4,2,1,1,1,0,0.0925,0.61422,-19.089
2193,13,0,0,4,2,1,1,1,0,0.0924,1.32811,-34.751
2194,196,4,4,66,24,8,1,1,0,0.0924,0.2354,199.749
2195,316,5,5,87,35,11,1,1,0,0.0923,0.17567,365.183
2196,52,1,1,18,6,1,1,1,0,0.0922,0.40331,3.956
2197,38,0,0,13,5,1,1,1,0,0.0922,0.32489,24.712
2198,59,0,0,13,8,0,1,1,0,0.0921,0.1666,2.569
2199,34,1,1,12,4,2,1,1,0,0.092,0.17061,29.062
2200,20,0,0,7,3,1,1,1,0,0.0919,0.15833,5.009
2201,5,0,0,2,1,2,1,1,0,0.0919,1.77588,-28.436
2202,400,7,7,90,44,11,0,0,1,0.0918,0.14656,503.271
2203,29,1,1,7,4,1,1,1,0,0.0917,0.16301,1.287
2204,42,1,1,14,5,3,1,1,0,0.0917,0.15206,38.717
2205,5,0,0,2,1,1,1,1,0,0.0916,3.81038,-43.052
2206,126,2,2,41,16,3,1,1,0,0.0915,0.14866,134.937
2207,305,5,5,85,37,9,1,1,0,0.0914,0.16819,361.062
2208,13,0,0,5,2,0,1,1,0,0.0914,1.09926,-18.099
2209,20,0,0,5,3,1,1,1,0,0.0913,0.52286,-27.19
2210,45,0,0,13,6,3,1,1,0,0.0912,0.2842,31.549
2211,20,0,0,5,3,2,1,1,0,0.0912,0.92333,-41.491
2212,21,0,0,8,3,1,1,1,0,0.0911,0.15059,-10.364
2213,400,6,6,85,42,21,0,0,1,0.091,0.16974,468.467
2214,28,1,1,11,3,2,1,1,0,0.0909,0.64297,-26.129
2215,46,1,1,22,6,4,1,1,0,0.0909,0.22527,23.498
2216,5,0,0,3,1,1,1,1,0,0.0908,0.14782,-11.437
2217,5,0,0,2,1,1,1,1,0,0.0907,0.08813,-11.364
2218,5,0,0,2,1,0,1,1,0,0.0907,0.11126,-11.043
2219,20,0,0,11,3,3,1,1,0,0.0906,0.16506,6.55
2220,21,0,0,7,3,0,1,1,0,0.0905,0.12418,-10.729
2221,140,3,3,50,17,4,1,1,0,0.0904,0.23929,152.367
2222,39,1,1,15,5,2,1,1,0,0.0904,0.56201,-18.692
2223,13,0,0,4,2,1,1,1,0,0.0903,1.34902,-33.874
2224,153,3,3,41,18,4,1,1,0,0.0902,0.16898,174.882
2225,13,0,0,8,2,2,1,1,0,0.0902,0.20582,-2.443
2226,46,1,1,17,6,3,1,1,0,0.0901,0.50662,35.31
2227,105,2,2,41,12,4,1,1,0,0.09,0.26445,103.002
2228,116,1,1,39,13,7,1,1,0,0.0899,0.22055,110.335
2229,44,1,1,17,5,5,1,1,0,0.0899,0.25772,24.852
2230,78,2,2,25,9,4,1,1,0,0.0898,0.32961,82.859
2231,132,1,1,47,17,6,1,1,0,0.0897,0.31096,136.954
2232,54,1,1,13,6,1,1,1,0,0.0896,0.21253,42.075
2233,21,0,0,11,3,1,1,1,0,0.0896,0.23053,8.624
2234,88,2,2,28,9,1,1,1,0,0.0895,0.18573,87.989
2235,206,4,4,64,25,8,1,1,0,0.0894,0.18972,245.605
2236,20,0,0,7,3,1,1,1,0,0.0894,0.7909,-11.328
2237,65,0,0,24,9,2,1,1,0,0.0893,0.17903,60.743
2238,6,0,0,1,1,1,1,1,0,0.0892,0.30163,-11.642
2239,15,0,0,5,2,1,1,1,0,0.0891,0.72626,-46.807
2240,90,3,3,36,10,1,1,1,0,0.0891,0.20436,107.261
2241,13,0,0,5,2,0,1,1,0,0.089,0.34701,-1.802
2242,25,1,1,11,3,1,1,1,0,0.0889,0.16362,19.198
2243,7,0,0,2,1,2,1,1,0,0.0889,0.39027,-10.842
2244,54,1,1,23,7,0,1,1,0,0.0888,0.14869,54.543
2245,5,0,0,2,1,0,1,1,0,0.0887,0.13786,-10.561
2246,51,0,0,21,7,1,1,1,0,0.0886,0.31163,12.729
2247,6,0,0,3,1,1,1,1,0,0.0886,0.2221,-10.936
2248,6,0,0,3,1,1,1,1,0,0.0885,0.18104,-10.925
2249,97,2,2,42,11,2,1,1,0,0.0884,0.297,72.75
2250,125,3,3,53,14,3,1,1,0,0.0884,0.18998,156.518
2251,6,0,0,2,1,1,1,1,0,0.0883,0.2408,-11.24
2252,211,5,5,85,24,7,1,1,0,0.0882,0.24546,269.348
2253,62,3,3,25,6,1,1,1,0,0.0881,0.1369,64.156
2254,84,3,3,33,9,3,1,1,0,0.0881,0.29862,85.2
2255,27,1,1,8,3,1,1,1,0,0.088,0.50398,17.697
2256,101,2,2,39,12,3,1,1,0,0.0879,0.26011,115.882
2257,92,2,2,31,10,5,1,1,0,0.0879,0.23996,113.201
2258,21,0,0,11,3,2,1,1,0,0.0878,0.28736,-10.463
2259,109,3,3,37,12,5,1,1,0,0.0877,0.15916,131.891
2260,21,0,0,7,3,1,1,1,0,0.0876,0.18436,7.82
2261,34,2,2,16,3,1,1,1,0,0.0876,0.14802,36.919
2262,52,0,0,20,7,2,1,1,0,0.0875,0.18473,46.559
2263,36,1,1,12,4,0,1,1,0,0.0874,0.16332,32.847
2264,238,7,7,76,24,8,1,1,0,0.0873,0.1665,321.877
2265,104,3,3,37,11,7,1,1,0,0.0873,0.12584,105.419
2266,6,0,0,3,1,2,1,1,0,0.0872,0.08136,-72.004
2267,18,0,0,5,2,2,1,1,0,0.0871,0.88103,-32.081
2268,13,0,0,5,2,1,1,1,0,0.0871,0.35766,-0.964
2269,6,0,0,2,1,0,1,1,0,0.087,0.25424,-10.54
2270,25,0,0,11,3,4,1,1,0,0.0869,0.79459,-32.603
2271,94,4,4,35,10,5,1,1,0,0.0868,0.31867,86.012
2272,13,0,0,4,2,2,1,1,0,0.0868,1.33599,-34.501
2273,141,4,4,56,16,4,1,1,0,0.0867,0.22939,176.914
2274,281,6,6,91,30,6,1,1,0,0.0866,0.16464,371.895
2275,33,1,1,13,4,2,1,1,0,0.0866,0.46866,-21.137
2276,135,4,4,44,14,2,1,1,0,0.0865,0.18173,159.012
2277,39,0,0,23,5,1,1,1,0,0.0864,0.19619,38.229
2278,37,0,0,10,5,3,1,1,0,0.0863,0.17482,6.585
2279,6,0,0,3,1,1,1,1,0,0.0863,0.26675,-10.828
2280,187,5,5,69,20,4,1,1,0,0.0862,0.13734,232.284
2281,38,1,1,15,4,4,1,1,0,0.0861,0.28635,32.336
2282,5,0,0,3,1,0,1,1,0,0.0861,0.15788,-10.287
2283,39,0,0,11,5,0,1,1,0,0.086,0.14955,28.865
2284,378,9,9,125,38,12,0,0,1,0.0859,0.19141,514.353
2285,13,0,0,5,2,0,1,1,0,0.0858,1.38689,-32.617
2286,18,1,1,4,2,1,1,1,0,0.0858,0.13117,-7.031
2287,127,2,2,46,15,8,1,1,0,0.0857,0.23121,154.357
2288,108,1,1,34,13,4,1,1,0,0.0856,0.20947,108.053
2289,15,0,0,10,2,2,1,1,0,0.0855,0.77267,-30.603
2290,13,0,0,5,2,0,1,1,0,0.0855,0.1264,-1.929
2291,68,3,3,25,7,3,1,1,0,0.0854,0.18544,65.776
2292,101,2,2,50,12,1,1,1,0,0.0853,0.17747,108.8
2293,100,3,3,44,12,3,1,1,0,0.0853,0.20197,124.029
2294,28,1,1,12,3,2,1,1,0,0.0852,0.16167,22.455
2295,6,0,0,3,1,1,1,1,0,0.0851,0.50306,-9.919
2296,159,4,4,44,17,3,1,1,0,0.085,0.13838,205.647
2297,13,0,0,4,2,2,1,1,0,0.085,0.64609,-49.921
2298,48,2,2,16,5,1,1,1,0,0.0849,0.28165,21.293
2299,71,1,1,35,9,3,1,1,0,0.0848,0.38381,45.761
2300,13,0,0,4,2,1,1,1,0,0.0848,0.24556,-1.228
2301,7,0,0,2,1,0,1,1,0,0.0847,0.2705,-9.715
2302,23,1,1,6,3,0,1,1,0,0.0846,0.17518,13.653
2303,13,0,0,4,2,0,1,1,0,0.0845,0.68641,-47.836
2304,151,4,4,48,16,4,1,1,0,0.0845,0.17085,194.536
2305,93,1,1,38,11,3,1,1,0,0.0844,0.14144,114.277
2306,40,1,1,19,5,2,1,1,0,0.0843,0.17943,38.825
2307,34,1,1,14,4,3,1,1,0,0.0843,0.63217,27.945
2308,45,1,1,18,5,5,1,1,0,0.0842,0.12614,29.006
2309,110,4,4,39,12,6,1,1,0,0.0841,0.15315,144.856
2310,6,0,0,3,1,1,1,1,0,0.084,0.22855,-10.597
2311,13,0,0,4,2,1,1,1,0,0.084,1.1249,-49.746
2312,14,0,0,5,2,2,1,1,0,0.0839,0.16822,-0.807
2313,21,0,0,10,3,1,1,1,0,0.0838,0.18018,-7.12
2314,13,0,0,4,2,0,1,1,0,0.0838,0.24305,-17.7
2315,22,0,0,12,3,1,1,1,0,0.0837,0.73958,-20.784
2316,92,3,3,36,10,7,1,1,0,0.0836,0.28001,113.806
2317,20,0,0,11,3,2,1,1,0,0.0835,0.21656,9.031
2318,123,3,3,47,14,5,1,1,0,0.0835,0.23437,121.73
2319,37,0,0,16,5,3,1,1,0,0.0834,0.4038,-20.192
2320,13,0,0,4,2,2,1,1,0,0.0833,0.52339,-19.252
2321,23,1,1,8,3,1,1,1,0,0.0832,0.16565,12.584
2322,82,4,4,28,8,5,1,1,0,0.0832,0.15327,110.892
2323,57,3,3,17,5,3,1,1,0,0.0831,0.09507,71.127
2324,14,0,0,3,2,2,1,1,0,0.083,1.16695,-33.424
2325,39,1,1,13,5,1,1,1,0,0.083,0.1579,36.83
2326,57,1,1,24,7,3,1,1,0,0.0829,0.22521,44.188
2327,211,4,4,57,23,8,1,1,0,0.0828,0.18025,249.62
2328,108,2,2,40,13,5,1,1,0,0.0827,0.25446,127.535
2329,6,0,0,3,1,0,1,1,0,0.0827,0.19495,-10.213
2330,14,0,0,5,2,0,1,1,0,0.0826,0.18374,0.504
2331,26,1,1,10,3,1,1,1,0,0.0825,0.15551,21.643
2332,38,0,0,16,5,5,1,1,0,0.0825,0.25285,28.034
2333,27,1,1,12,3,1,1,1,0,0.0824,0.38046,-25.074
2334,29,0,0,15,4,1,1,1,0,0.0823,0.20604,20.001
2335,79,3,3,24,8,8,1,1,0,0.0822,0.27144,75.956
2336,55,1,1,20,6,6,1,1,0,0.0822,0.12351,41.913
2337,22,0,0,10,3,2,1,1,0,0.0821,0.18526,-7.326
2338,22,0,0,12,3,1,1,1,0,0.082,0.66297,-20.649
2339,45,0,0,23,6,2,1,1,0,0.082,0.30842,43.475
2340,161,2,2,57,18,5,1,1,0,0.0819,0.18258,182.028
2341,159,7,7,58,16,10,1,1,0,0.0818,0.26603,181.721
2342,55,2,2,25,6,5,1,1,0,0.0817,0.19018,58.71
2343,21,0,0,8,3,2,1,1,0,0.0817,0.85893,-37.623
2344,6,0,0,3,1,1,1,1,0,0.0816,0.17635,-10.515
2345,34,1,1,13,4,1,1,1,0,0.0815,0.13644,33.234
2346,80,3,3,32,9,6,1,1,0,0.0815,0.15293,98.609
2347,64,2,2,21,7,1,1,1,0,0.0814,0.13855,72.776
2348,36,1,1,9,4,0,1,1,0,0.0813,0.43553,18.87
2349,72,2,2,25,8,5,1,1,0,0.0812,0.2747,62.572
2350,83,1,1,33,10,4,1,1,0,0.0812,0.26396,49.889
2351,63,1,1,26,8,5,1,1,0,0.0811,0.4976,58.48
2352,30,0,0,10,4,0,1,1,0,0.081,0.20907,20.469
2353,6,0,0,2,1,1,1,1,0,0.0809,0.22483,-11.076
2354,124,3,3,53,14,3,1,1,0,0.0809,0.13393,159.598
2355,49,1,1,16,6,3,1,1,0,0.0808,0.15716,46.809
2356,18,1,1,7,2,0,1,1,0,0.0807,0.16489,9.931
2357,100,5,5,46,10,4,1,1,0,0.0807,0.2897,92.715
2358,87,3,3,27,9,3,1,1,0,0.0806,0.16178,94.151
2359,15,1,1,5,2,1,1,1,0,0.0805,0.27806,4.226
2360,43,1,1,20,5,3,1,1,0,0.0804,0.14074,43.431
2361,336,9,9,114,35,6,1,1,0,0.0804,0.15541,464.132
2362,6,0,0,3,1,1,1,1,0,0.0803,0.1773,-10.73
2363,50,1,1,26,6,1,1,1,0,0.0802,0.13904,56.748
2364,82,3,3,31,9,6,1,1,0,0.0802,0.29375,70.892
2365,71,2,2,29,8,1,1,1,0,0.0801,0.28521,67.623
2366,41,2,2,15,4,6,1,1,0,0.08,0.31781,14.249
2367,138,2,2,61,15,5,1,1,0,0.0799,0.1756,180.583
2368,5,0,0,4,1,2,1,1,0,0.0799,0.08369,-72.549
2369,13,0,0,4,2,0,1,1,0,0.0798,0.20112,0.081
2370,13,0,0,3,2,1,1,1,0,0.0797,0.21175,-0.291
2371,84,3,3,37,9,3,1,1,0,0.0797,0.35519,104.057
2372,32,1,1,15,4,2,1,1,0,0.0796,0.16725,28.829
2373,134,3,3,41,14,4,1,1,0,0.0795,0.14145,160.362
2374,7,0,0,3,1,0,1,1,0,0.0794,0.22532,-9.013
2375,23,1,1,10,3,4,1,1,0,0.0794,0.80274,7.331
2376,45,1,1,13,5,3,1,1,0,0.0793,0.11526,46.541
2377,28,1,1,9,3,0,1,1,0,0.0792,0.12923,27.41
2378,41,1,1,21,5,3,1,1,0,0.0792,0.363,43.109
2379,21,0,0,8,3,2,1,1,0,0.0791,0.84294,-21.895
2380,45,4,4,19,4,2,1,1,0,0.079,0.1854,40.599
2381,53,1,1,22,7,1,1,1,0,0.0789,0.37714,26.561
2382,80,1,1,30,9,2,1,1,0,0.0789,0.12187,98.992
2383,6,0,0,2,1,1,1,1,0,0.0788,0.25783,-10.594
2384,23,0,0,9,3,5,1,1,0,0.0787,0.81081,-23.536
2385,66,2,2,25,8,1,1,1,0,0.0786,0.1343,61.194
2386,13,0,0,2,2,1,1,1,0,0.0786,0.24865,-0.837
2387,41,1,1,17,5,1,1,1,0,0.0785,0.13635,43.978
2388,230,6,6,75,25,9,1,1,0,0.0784,0.14788,299.541
2389,63,1,1,24,8,2,1,1,0,0.0784,0.29326,54.888
2390,91,0,0,43,12,3,1,1,0,0.0783,0.20449,61.48
2391,46,0,0,21,6,0,1,1,0,0.0782,0.1454,29.461
2392,400,9,9,122,41,11,0,0,1,0.0781,0.19878,583.182
2393,29,0,0,11,4,1,1,1,0,0.0781,0.1831,21.602
2394,21,0,0,9,3,0,1,1,0,0.078,0.60942,11.749
2395,105,1,1,47,13,4,1,1,0,0.0779,0.18565,132.86
2396,15,1,1,4,2,1,1,1,0,0.0779,0.24297,4.41
2397,158,1,1,76,19,8,1,1,0,0.0778,0.20496,202.074
2398,13,0,0,5,2,1,1,1,0,0.0777,1.14834,-31.955
2399,127,3,3,50,15,5,1,1,0,0.0776,0.25814,136.083
2400,71,2,2,28,8,3,1,1,0,0.0776,0.31932,41.517
2401,132,3,3,59,15,4,1,1,0,0.0775,0.25298,169.38
2402,156,6,6,60,17,3,1,1,0,0.0774,0.21297,223.53
2403,13,0,0,5,2,0,1,1,0,0.0774,0.56285,-46.594
2404,288,7,7,102,30,13,1,1,0,0.0773,0.15813,409.358
2405,47,2,2,19,5,4,1,1,0,0.0772,0.62011,23.525
2406,39,2,2,13,4,3,1,1,0,0.0771,0.1676,41.106
2407,44,1,1,14,5,3,1,1,0,0.0771,0.15273,43.868
2408,123,4,4,46,13,6,1,1,0,0.077,0.21875,135.183
2409,30,0,0,13,4,0,1,1,0,0.0769,0.12259,23.577
2410,167,5,5,72,19,3,1,1,0,0.0769,0.20725,237.475
2411,49,0,0,20,6,2,1,1,0,0.0768,0.16003,30.387
2412,94,3,3,42,11,4,1,1,0,0.0767,0.137,112.598
2413,5,0,0,4,1,1,1,1,0,0.0766,0.1208,-71.848
2414,56,0,0,28,7,1,1,1,0,0.0766,0.21785,61.483
2415,34,1,1,12,4,0,1,1,0,0.0765,0.61052,34.492
2416,22,0,0,6,3,0,1,1,0,0.0764,0.20622,10.469
2417,54,2,2,17,6,4,1,1,0,0.0764,0.2121,63.067
2418,13,0,0,5,2,1,1,1,0,0.0763,1.21735,-32.129
2419,14,0,0,8,2,1,1,1,0,0.0762,0.83736,-15.541
2420,86,1,1,27,11,1,1,1,0,0.0761,0.32647,107.33
2421,13,0,0,5,2,1,1,1,0,0.0761,0.59232,-34.152
2422,110,3,3,38,12,3,1,1,0,0.076,0.14642,145.43
2423,63,3,3,18,6,3,1,1,0,0.0759,0.13766,61.853
2424,34,1,1,17,4,0,1,1,0,0.0758,0.15145,34.48
2425,50,0,0,25,7,1,1,1,0,0.0758,0.27474,34.702
2426,16,1,1,5,2,3,1,1,0,0.0757,1.07538,-27.367
2427,13,0,0,4,2,0,1,1,0,0.0756,0.22475,0.023
2428,31,0,0,9,4,3,1,1,0,0.0756,0.17825,19.938
2429,150,5,5,55,15,10,1,1,0,0.0755,0.24825,208.441
2430,60,0,0,18,8,1,1,1,0,0.0754,0.21634,61.988
2431,114,3,3,45,14,4,1,1,0,0.0753,0.16388,151.505
2432,51,1,1,23,6,1,1,1,0,0.0753,0.15754,60.233
2433,13,0,0,4,2,0,1,1,0,0.0752,0.18695,-0.047
2434,22,0,0,11,3,2,1,1,0,0.0751,0.19129,-6.713
2435,96,1,1,34,12,1,1,1,0,0.0751,0.18037,119.409
2436,101,3,3,38,10,3,1,1,0,0.075,0.1455,122.653
2437,40,0,0,16,5,3,1,1,0,0.0749,0.14345,35.76
2438,6,0,0,3,1,0,1,1,0,0.0748,0.18804,-9.863
2439,49,1,1,16,6,1,1,1,0,0.0748,0.35724,50.955
2440,89,4,4,32,9,1,1,1,0,0.0747,0.13227,124.097
2441,101,3,3,39,12,2,1,1,0,0.0746,0.15464,136.762
2442,194,7,7,67,20,7,1,1,0,0.0746,0.16469,236.148
2443,56,1,1,23,7,1,1,1,0,0.0745,0.19957,64.251
2444,87,2,2,32,10,3,1,1,0,0.0744,0.13978,113.549
2445,93,1,1,34,11,2,1,1,0,0.0743,0.18317,119.406
2446,203,5,5,78,23,4,1,1,0,0.0743,0.1527,265.311
2447,13,0,0,3,2,1,1,1,0,0.0742,0.24413,-0.602
2448,70,1,1,33,9,3,1,1,0,0.0741,0.15172,67.446
2449,37,1,1,15,4,3,1,1,0,0.074,0.18913,36.396
2450,38,2,2,11,4,1,1,1,0,0.074,0.12993,43.099
2451,30,0,0,12,4,1,1,1,0,0.0739,0.52159,-24.605
2452,156,4,4,62,16,5,1,1,0,0.0738,0.15316,223.268
2453,13,0,0,5,2,1,1,1,0,0.0738,0.66677,-46.71
2454,79,4,4,35,9,5,1,1,0,0.0737,0.34105,73.203
2455,51,1,1,18,6,2,1,1,0,0.0736,0.14657,58.232
2456,35,1,1,14,4,1,1,1,0,0.0735,0.14901,19.564
2457,64,4,4,24,6,2,1,1,0,0.0735,0.15826,74.24
2458,172,6,6,54,19,1,1,1,0,0.0734,0.17384,240.813
2459,63,1,1,29,8,0,1,1,0,0.0733,0.15377,62.112
2460,83,3,3,31,9,4,1,1,0,0.0733,0.21889,75.669
2461,104,5,5,37,12,2,1,1,0,0.0732,0.13506,139.717
2462,40,1,1,16,5,4,1,1,0,0.0731,0.52336,31.196
2463,62,2,2,25,7,1,1,1,0,0.073,0.17808,60.771
2464,21,0,0,11,3,2,1,1,0,0.073,0.88113,-20.438
2465,6,0,0,3,1,1,1,1,0,0.0729,0.1219,-9.766
2466,27,0,0,11,4,1,1,1,0,0.0728,0.1269,19.801
2467,301,6,6,112,34,13,1,1,0,0.0728,0.19718,447.344
2468,118,6,6,42,11,5,1,1,0,0.0727,0.20723,158.799
2469,13,0,0,4,2,1,1,1,0,0.0726,1.1031,-48.678
2470,21,0,0,7,3,1,1,1,0,0.0725,0.76549,-21.593
2471,38,0,0,17,5,1,1,1,0,0.0725,0.26456,35.425
2472,46,1,1,16,5,0,1,1,0,0.0724,0.13796,50.421
2473,244,6,6,83,27,7,1,1,0,0.0723,0.1569,327.748
2474,17,1,1,4,2,1,1,1,0,0.0723,0.11607,10.729
2475,17,1,1,6,2,1,1,1,0,0.0722,0.4001,8.346
2476,24,1,1,13,3,0,1,1,0,0.0721,0.58342,-25.837
2477,101,3,3,51,12,2,1,1,0,0.072,0.27487,144.176
2478,13,0,0,9,2,3,1,1,0,0.072,0.52294,-16.781
2479,36,0,0,12,5,0,1,1,0,0.0719,0.1651,30.913
2480,134,3,3,44,15,6,1,1,0,0.0718,0.2313,176.615
2481,5,0,0,2,1,1,1,1,0,0.0717,0.13187,-58.074
2482,400,9,9,121,42,12,0,0,1,0.0717,0.16202,592.922
2483,14,0,0,3,2,1,1,1,0,0.0716,0.34481,-16.331
2484,14,0,0,8,2,1,1,1,0,0.0715,0.17086,2.022
2485,54,1,1,17,7,1,1,1,0,0.0715,0.15555,60.156
2486,28,0,0,13,4,0,1,1,0,0.0714,0.18667,22.403
2487,62,1,1,22,7,1,1,1,0,0.0713,0.16294,77.737
2488,7,0,0,1,1,0,1,1,0,0.0712,0.21207,-9.187
2489,389,9,9,124,41,6,1,1,0,0.0712,0.18827,565.478
2490,56,2,2,23,6,4,1,1,0,0.0711,0.31042,50.314
2491,100,2,2,34,11,4,1,1,0,0.071,0.20357,130.419
2492,315,7,7,105,33,9,1,1,0,0.071,0.16888,431.591
2493,13,0,0,5,2,1,1,1,0,0.0709,0.17935,-17.266
2494,67,2,2,26,7,2,1,1,0,0.0708,0.14686,86.706
2495,21,0,0,7,3,1,1,1,0,0.0707,0.14254,10.041
2496,37,1,1,13,5,2,1,1,0,0.0707,0.14965,39.469
2497,13,0,0,3,2,2,1,1,0,0.0706,0.46747,-49.801
2498,89,3,3,27,9,3,1,1,0,0.0705,0.23214,102.219
2499,84,0,0,42,11,1,1,1,0,0.0705,0.15374,101.542
2500,125,1,1,51,15,4,1,1,0,0.0704,0.31537,146.385
2501,21,0,0,8,3,0,1,1,0,0.0703,0.89623,-20.999
2502,28,1,1,10,3,1,1,1,0,0.0702,0.12593,24.561
2503,202,6,6,65,22,3,1,1,0,0.0702,0.1514,287.769
2504,98,0,0,41,12,4,1,1,0,0.0701,0.11451,118.436
2505,13,0,0,5,2,0,1,1,0,0.07,0.18553,0.479
2506,29,1,1,9,3,2,1,1,0,0.07,0.19477,25.659
2507,90,3,3,38,10,2,1,1,0,0.0699,0.1992,92.517
2508,7,0,0,2,1,2,1,1,0,0.0698,0.21829,-9.978
2509,48,3,3,15,5,4,1,1,0,0.0697,0.15267,57.368
2510,117,1,1,48,14,3,1,1,0,0.0697,0.15093,150.151
2511,14,0,0,5,2,0,1,1,0,0.0696,0.17244,1.241
2512,103,2,2,43,12,5,1,1,0,0.0695,0.28186,87.712
2513,129,4,4,47,14,5,1,1,0,0.0694,0.22073,180.651
2514,47,0,0,18,6,2,1,1,0,0.0694,0.31197,12.122
2515,119,3,3,40,13,5,1,1,0,0.0693,0.12696,158.24
2516,14,0,0,4,2,1,1,1,0,0.0692,0.29353,-16.088
2517,38,0,0,15,5,2,1,1,0,0.0692,0.11326,33.235
2518,5,0,0,3,1,0,1,1,0,0.0691,0.10201,-10.3
2519,18,1,1,8,2,2,1,1,0,0.069,0.1553,-7.401
2520,13,0,0,5,2,1,1,1,0,0.0689,0.81032,-47.03
2521,176,5,5,55,18,2,1,1,0,0.0689,0.13097,236.674
2522,164,5,5,59,17,5,1,1,0,0.0688,0.1293,231.071
2523,64,1,1,29,8,3,1,1,0,0.0687,0.1402,73.805
2524,15,0,0,4,2,2,1,1,0,0.0687,1.09865,-31.253
2525,103,2,2,38,12,3,1,1,0,0.0686,0.3491,134.896
2526,76,4,4,23,8,1,1,1,0,0.0685,0.12743,102.495
2527,21,0,0,10,3,1,1,1,0,0.0684,0.16622,11.25
2528,13,0,0,5,2,0,1,1,0,0.0684,0.19238,-16.172
2529,13,0,0,5,2,2,1,1,0,0.0683,1.14635,-33.15
2530,65,2,2,24,7,1,1,1,0,0.0682,0.17912,63.532
2531,33,1,1,13,3,5,1,1,0,0.0682,0.58362,-11.479
2532,63,1,1,25,8,1,1,1,0,0.0681,0.14846,73.108
2533,40,1,1,11,5,2,1,1,0,0.068,0.15756,23.617
2534,102,3,3,47,11,1,1,1,0,0.0679,0.3417,146.961
2535,89,0,0,43,12,4,1,1,0,0.0679,0.17647,90.199
2536,100,0,0,48,13,2,1,1,0,0.0678,0.13346,126.605
2537,22,0,0,11,3,0,1,1,0,0.0677,0.30757,13.816
2538,13,0,0,5,2,0,1,1,0,0.0677,0.21373,-15.012
2539,5,0,0,3,1,0,1,1,0,0.0676,0.15101,-71.627
2540,116,1,1,50,15,3,1,1,0,0.0675,0.20283,149.715
2541,37,0,0,17,5,1,1,1,0,0.0674,0.15551,35.029
2542,38,2,2,10,4,1,1,1,0,0.0674,0.2614,9.422
2543,42,1,1,19,5,2,1,1,0,0.0673,0.51767,31.361
2544,130,3,3,45,14,4,1,1,0,0.0672,0.13253,178.693
2545,77,3,3,33,9,4,1,1,0,0.0671,0.18088,99.942
2546,149,4,4,53,16,3,1,1,0,0.0671,0.13505,212.192
2547,22,0,0,9,3,0,1,1,0,0.067,0.17259,-3.734
2548,51,1,1,22,6,1,1,1,0,0.0669,0.30919,10.786
2549,62,1,1,26,8,0,1,1,0,0.0669,0.22016,56.187
2550,21,0,0,9,3,2,1,1,0,0.0668,0.82554,-37.498
2551,53,2,2,19,6,1,1,1,0,0.0667,0.19503,64.558
2552,7,0,0,3,1,0,1,1,0,0.0666,0.19158,-8.731
2553,14,0,0,6,2,0,1,1,0,0.0666,0.18004,-14.875
2554,167,4,4,70,19,3,1,1,0,0.0665,0.20644,234.046
2555,6,0,0,3,1,1,1,1,0,0.0664,0.22383,-10.074
2556,35,0,0,13,5,1,1,1,0,0.0664,0.34259,13.804
2557,77,1,1,28,10,1,1,1,0,0.0663,0.11527,94.084
2558,5,0,0,3,1,1,1,1,0,0.0662,0.10459,-10.782
2559,318,7,7,116,34,4,1,1,0,0.0661,0.14635,467.686
2560,14,0,0,4,2,3,1,1,0,0.0661,1.03863,-32.727
2561,400,9,9,126,43,12,0,0,1,0.066,0.16953,595.45
2562,37,1,1,13,4,4,1,1,0,0.0659,0.29873,17.382
2563,37,1,1,11,5,3,1,1,0,0.0659,0.41177,1.931
2564,13,0,0,3,2,1,1,1,0,0.0658,1.01872,-33.179
2565,6,0,0,1,1,2,1,1,0,0.0657,0.46486,-11.394
2566,134,2,2,54,16,3,1,1,0,0.0656,0.15771,178.522
2567,93,5,5,34,10,4,1,1,0,0.0656,0.29404,99.425
2568,111,6,6,36,11,6,1,1,0,0.0655,0.34389,144.679
2569,44,0,0,17,6,0,1,1,0,0.0654,0.155,44.483
2570,14,0,0,6,2,1,1,1,0,0.0654,0.22414,1.334
2571,21,1,1,6,2,1,1,1,0,0.0653,0.14344,16.851
2572,55,2,2,28,7,4,1,1,0,0.0652,0.18989,50.743
2573,91,3,3,39,11,4,1,1,0,0.0651,0.13992,122.203
2574,64,2,2,25,7,5,1,1,0,0.0651,0.42163,53.666
2575,303,9,9,114,32,8,1,1,0,0.065,0.17266,456.637
2576,162,2,2,67,20,4,1,1,0,0.0649,0.14357,216.956
2577,20,0,0,10,3,0,1,1,0,0.0648,0.19234,11.33
2578,400,9,9,124,42,9,0,0,1,0.0648,0.13798,592.637
2579,63,1,1,24,8,0,1,1,0,0.0647,0.13267,76.104
2580,39,2,2,15,4,1,1,1,0,0.0646,0.2987,-3.494
2581,125,3,3,52,15,1,1,1,0,0.0646,0.12994,173.73
2582,143,3,3,51,16,5,1,1,0,0.0645,0.23073,198.375
2583,101,1,1,41,13,0,1,1,0,0.0644,0.21212,114.483
2584,324,8,8,101,33,10,1,1,0,0.0643,0.18857,452.101
2585,115,4,4,46,13,6,1,1,0,0.0643,0.27703,155.476
2586,99,4,4,32,11,5,1,1,0,0.0642,0.15758,128.516
2587,21,0,0,5,3,0,1,1,0,0.0641,0.17213,9.283
2588,275,9,9,100,29,6,1,1,0,0.0641,0.1661,414.638
2589,61,2,2,18,7,3,1,1,0,0.064,0.33114,27.691
2590,6,0,0,3,1,1,1,1,0,0.0639,0.28486,-9.917
2591,133,2,2,54,16,3,1,1,0,0.0638,0.30469,178.996
2592,12,0,0,6,2,1,1,1,0,0.0638,0.15424,-0.442
2593,119,3,3,47,13,5,1,1,0,0.0637,0.27936,137.382
2594,23,0,0,8,3,4,1,1,0,0.0636,0.77945,-4.944
2595,120,1,1,41,15,5,1,1,0,0.0636,0.16844,146.812
2596,243,8,8,92,25,4,1,1,0,0.0635,0.13925,369.158
2597,101,2,2,35,12,4,1,1,0,0.0634,0.15793,131.217
2598,45,2,2,19,5,2,1,1,0,0.0633,0.11655,54.022
2599,6,0,0,3,1,0,1,1,0,0.0633,0.24293,-9.706
2600,54,2,2,19,5,5,1,1,0,0.0632,0.35884,42.399
2601,21,0,0,7,3,2,1,1,0,0.0631,0.14309,10.456
2602,21,0,0,10,3,1,1,1,0,0.0631,0.90839,-20.729
2603,6,0,0,3,1,1,1,1,0,0.063,0.23415,-10.074
2604,73,2,2,23,8,3,1,1,0,0.0629,0.21377,89.714
2605,35,2,2,15,4,1,1,1,0,0.0628,0.1211,37.612
2606,56,2,2,22,6,4,1,1,0,0.0628,0.14322,68.827
2607,45,0,0,11,6,3,1,1,0,0.0627,0.14713,39.992
2608,96,3,3,40,11,1,1,1,0,0.0626,0.188,79.303
2609,128,2,2,51,15,9,1,1,0,0.0625,0.11962,152.92
2610,39,1,1,20,5,0,1,1,0,0.0625,0.37864,-5.48
2611,30,0,0,11,4,0,1,1,0,0.0624,0.63722,-9.489
2612,6,0,0,3,1,1,1,1,0,0.0623,0.21042,-10.038
2613,22,0,0,7,3,1,1,1,0,0.0623,0.16007,11.695
2614,14,0,0,7,2,1,1,1,0,0.0622,0.18856,-15.695
2615,156,4,4,57,18,2,1,1,0,0.0621,0.14762,198.308
2616,21,0,0,5,3,0,1,1,0,0.062,0.14098,9.525
2617,47,1,1,16,5,1,1,1,0,0.062,0.40731,10.175
2618,116,4,4,43,13,1,1,1,0,0.0619,0.18592,141.906
2619,33,1,1,15,4,1,1,1,0,0.0618,0.16735,34.348
2620,175,6,6,69,19,3,1,1,0,0.0618,0.14106,259.913
2621,18,1,1,7,2,1,1,1,0,0.0617,0.0747,11.995
2622,100,4,4,38,11,4,1,1,0,0.0616,0.24605,135.329
2623,260,3,3,90,30,7,1,1,0,0.0615,0.18202,353.461
2624,129,2,2,58,16,3,1,1,0,0.0615,0.17177,158.509
2625,20,0,0,10,3,1,1,1,0,0.0614,0.15344,10.983
2626,36,0,0,15,5,1,1,1,0,0.0613,0.1371,32.462
2627,30,0,0,9,4,1,1,1,0,0.0613,0.85615,8.541
2628,373,9,9,120,39,8,1,1,0,0.0612,0.16737,544.682
2629,7,0,0,3,1,2,1,1,0,0.0611,0.21301,-9.566
2630,14,0,0,7,2,1,1,1,0,0.061,0.25808,0.749
2631,87,3,3,34,9,3,1,1,0,0.061,0.3035,119.768
2632,25,1,1,9,3,1,1,1,0,0.0609,0.2364,-12.766
2633,70,2,2,24,8,2,1,1,0,0.0608,0.39261,90.146
2634,13,0,0,3,2,0,1,1,0,0.0608,1.39209,-32.403
2635,123,5,5,45,12,4,1,1,0,0.0607,0.18526,143.063
2636,5,0,0,3,1,0,1,1,0,0.0606,0.16807,-71.406
2637,198,5,5,63,21,8,1,1,0,0.0605,0.15754,263.747
2638,387,9,9,115,40,6,1,1,0,0.0605,0.23032,551.963
2639,258,8,8,96,28,5,1,1,0,0.0604,0.20336,371.792
2640,154,4,4,53,17,7,1,1,0,0.0603,0.14982,198.804
2641,154,4,4,65,16,3,1,1,0,0.0602,0.14895,218.199
2642,75,2,2,38,9,2,1,1,0,0.0602,0.15295,82.889
2643,150,7,7,64,17,8,1,1,0,0.0601,0.22944,178.904
2644,21,0,0,9,3,3,1,1,0,0.06,0.84615,-33.047
2645,117,4,4,46,12,3,1,1,0,0.06,0.15529,169.508
2646,13,0,0,3,2,1,1,1,0,0.0599,0.3127,-17.362
2647,222,5,5,95,26,10,1,1,0,0.0598,0.14995,309.848
2648,154,5,5,67,18,3,1,1,0,0.0597,0.13664,204.554
2649,117,3,3,37,13,6,1,1,0,0.0597,0.25847,162.053
2650,86,2,2,40,10,2,1,1,0,0.0596,0.29022,101.021
2651,81,1,1,37,10,3,1,1,0,0.0595,0.1784,105.037
2652,53,1,1,22,6,2,1,1,0,0.0595,0.21109,29.063
2653,47,1,1,17,6,1,1,1,0,0.0594,0.09464,39.102
2654,42,1,1,21,5,2,1,1,0,0.0593,0.1373,31.009
2655,20,0,0,10,3,1,1,1,0,0.0592,0.22309,-5.961
2656,22,0,0,10,3,2,1,1,0,0.0592,0.7968,-19.638
2657,21,0,0,10,3,2,1,1,0,0.0591,0.30662,11.726
2658,67,2,2,26,8,3,1,1,0,0.059,0.15677,86.298
2659,6,0,0,2,1,2,1,1,0,0.059,0.55479,-11.076
2660,13,0,0,4,2,2,1,1,0,0.0589,0.15673,-0.798
2661,132,1,1,48,16,5,1,1,0,0.0588,0.17467,122.844
2662,6,0,0,3,1,1,1,1,0,0.0587,0.23131,-10.018
2663,100,1,1,34,12,3,1,1,0,0.0587,0.13266,126.173
2664,12,0,0,6,2,1,1,1,0,0.0586,0.30722,-47.025
2665,233,7,7,83,26,6,1,1,0,0.0585,0.19512,315.691
2666,71,1,1,31,9,1,1,1,0,0.0585,0.13909,88.776
2667,6,0,0,2,1,0,1,1,0,0.0584,0.115,-8.323
2668,70,2,2,28,8,3,1,1,0,0.0583,0.17803,85.738
2669,151,4,4,68,17,3,1,1,0,0.0582,0.17423,188.278
2670,159,2,2,70,19,1,1,1,0,0.0582,0.22361,224.191
2671,21,0,0,9,3,1,1,1,0,0.0581,0.20131,11.797
2672,72,4,4,24,8,1,1,1,0,0.058,0.12869,98.979
2673,96,1,1,42,12,0,1,1,0,0.058,0.16151,110.209
2674,64,1,1,23,8,2,1,1,0,0.0579,0.19219,74.926
2675,101,3,3,42,12,1,1,1,0,0.0578,0.23794,96.238
2676,68,0,0,23,9,1,1,1,0,0.0577,0.22726,58.701
2677,170,4,4,64,18,8,1,1,0,0.0577,0.14748,225.05
2678,41,1,1,16,5,3,1,1,0,0.0576,0.45969,12.441
2679,57,2,2,16,6,4,1,1,0,0.0575,0.11241,65.994
2680,21,0,0,7,3,1,1,1,0,0.0574,0.10385,10.036
2681,29,0,0,12,4,1,1,1,0,0.0574,0.10092,21.847
2682,177,4,4,77,21,6,1,1,0,0.0573,0.21807,209.09
2683,400,8,8,125,43,6,0,0,1,0.0572,0.14901,618.897
2684,200,5,5,78,23,5,1,1,0,0.0572,0.22007,295.503
2685,66,0,0,26,9,2,1,1,0,0.0571,0.13113,59.321
2686,123,2,2,56,14,2,1,1,0,0.057,0.18611,123.608
2687,190,6,6,78,21,3,1,1,0,0.0569,0.17618,272.191
2688,159,3,3,53,19,8,1,1,0,0.0569,0.24434,202.215
2689,177,5,5,69,21,5,1,1,0,0.0568,0.14813,254.965
2690,80,1,1,33,10,4,1,1,0,0.0567,0.1741,80.459
2691,27,0,0,14,4,0,1,1,0,0.0567,0.2324,-26.058
2692,117,4,4,44,12,1,1,1,0,0.0566,0.13774,170.712
2693,143,4,4,52,16,1,1,1,0,0.0565,0.11216,190.316
2694,34,1,1,16,4,1,1,1,0,0.0564,0.21434,35.473
2695,78,1,1,30,10,1,1,1,0,0.0564,0.15656,94.763
2696,30,2,2,14,3,2,1,1,0,0.0563,0.16596,34.002
2697,229,4,4,79,25,4,1,1,0,0.0562,0.14541,314.98
2698,85,3,3,39,10,1,1,1,0,0.0562,0.20169,117.237
2699,85,2,2,47,10,1,1,1,0,0.0561,0.22725,86.64
2700,50,1,1,21,6,2,1,1,0,0.056,0.13956,57.058
2701,123,4,4,45,12,5,1,1,0,0.0559,0.21833,142.154
2702,120,5,5,51,13,4,1,1,0,0.0559,0.26352,125.802
2703,193,5,5,75,22,8,1,1,0,0.0558,0.15916,274.346
2704,129,3,3,55,15,2,1,1,0,0.0557,0.29437,164.475
2705,6,0,0,3,1,1,1,1,0,0.0557,0.2393,-10.075
2706,116,2,2,47,14,2,1,1,0,0.0556,0.2351,158.734
2707,72,2,2,30,8,1,1,1,0,0.0555,0.21031,97.86
2708,13,0,0,6,2,2,1,1,0,0.0554,0.27655,0.561
2709,36,0,0,14,5,0,1,1,0,0.0554,0.19057,30.735
2710,7,0,0,3,1,2,1,1,0,0.0553,0.40379,-41.495
2711,37,0,0,16,5,2,1,1,0,0.0552,0.11438,18.295
2712,7,0,0,2,1,0,1,1,0,0.0551,0.2056,-9.018
2713,76,0,0,33,10,0,1,1,0,0.0551,0.21433,74.772
2714,6,0,0,2,1,1,1,1,0,0.055,0.23774,-10.356
2715,38,0,0,13,5,2,1,1,0,0.0549,0.15174,15.519
2716,43,1,1,18,5,2,1,1,0,0.0549,0.14653,45.939
2717,400,9,9,120,41,8,0,0,1,0.0548,0.16062,593.273
2718,120,3,3,38,13,4,1,1,0,0.0547,0.26688,142.64
2719,49,3,3,19,5,1,1,1,0,0.0546,0.15554,61.21
2720,21,0,0,8,3,1,1,1,0,0.0546,0.1817,10.314
2721,14,0,0,5,2,0,1,1,0,0.0545,0.76637,1.598
2722,77,3,3,30,9,1,1,1,0,0.0544,0.34057,52.862
2723,127,5,5,47,13,2,1,1,0,0.0544,0.24484,167.563
2724,177,5,5,73,20,1,1,1,0,0.0543,0.32761,249.816
2725,71,2,2,29,8,1,1,1,0,0.0542,0.15061,93.891
2726,123,4,4,44,14,3,1,1,0,0.0541,0.14253,171.695
2727,81,5,5,32,8,2,1,1,0,0.0541,0.34126,72.793
2728,5,0,0,2,1,0,1,1,0,0.054,0.28179,-26.587
2729,144,3,3,51,17,6,1,1,0,0.0539,0.17129,196.137
2730,43,0,0,16,6,1,1,1,0,0.0539,0.12256,25.0
2731,369,9,9,116,37,12,1,1,0,0.0538,0.18159,535.792
2732,186,3,3,61,21,9,1,1,0,0.0537,0.14629,250.826
2733,65,1,1,23,8,2,1,1,0,0.0536,0.27945,32.5
2734,15,0,0,7,2,0,1,1,0,0.0536,0.21923,3.509
2735,83,2,2,30,10,3,1,1,0,0.0535,0.15359,86.167
2736,18,1,1,7,2,1,1,1,0,0.0534,0.69268,-5.549
2737,361,9,9,113,38,12,1,1,0,0.0534,0.23615,525.926
2738,156,3,3,68,17,4,1,1,0,0.0533,0.24104,207.464
2739,162,5,5,55,18,2,1,1,0,0.0532,0.11966,221.402
2740,170,3,3,65,19,8,1,1,0,0.0531,0.1823,214.119
2741,398,9,9,119,44,16,1,1,0,0.0531,0.25723,560.949
2742,198,3,3,68,23,5,1,1,0,0.053,0.16156,270.989
2743,22,0,0,11,3,1,1,1,0,0.0529,0.21246,13.471
2744,46,2,2,19,5,3,1,1,0,0.0528,0.45315,13.417
2745,81,3,3,27,9,5,1,1,0,0.0528,0.13306,88.103
2746,304,7,7,104,32,12,1,1,0,0.0527,0.13989,427.717
2747,120,3,3,50,14,5,1,1,0,0.0526,0.14391,158.197
2748,150,6,6,62,16,7,1,1,0,0.0526,0.15423,219.472
2749,195,4,4,72,22,3,1,1,0,0.0525,0.15328,281.366
2750,42,1,1,13,5,1,1,1,0,0.0524,0.43125,-2.925
2751,41,1,1,11,5,2,1,1,0,0.0523,0.28299,26.582
2752,56,1,1,24,7,1,1,1,0,0.0523,0.16233,49.265
2753,22,1,1,7,3,0,1,1,0,0.0522,0.58482,0.028
2754,325,9,9,116,34,7,1,1,0,0.0521,0.14899,490.064
2755,21,0,0,10,3,1,1,1,0,0.0521,0.92233,-20.354
2756,5,0,0,1,1,1,1,1,0,0.052,2.64702,-42.584
2757,13,0,0,3,2,1,1,1,0,0.0519,1.30045,-32.766
2758,77,4,4,30,8,0,1,1,0,0.0518,0.13132,112.942
2759,129,3,3,48,15,5,1,1,0,0.0518,0.1643,169.869
2760,21,0,0,8,3,1,1,1,0,0.0517,0.7398,-36.527
2761,41,1,1,17,5,1,1,1,0,0.0516,0.11707,46.718
2762,60,1,1,18,7,1,1,1,0,0.0516,0.12524,69.918
2763,122,1,1,45,15,4,1,1,0,0.0515,0.12453,146.075
2764,89,1,1,30,11,3,1,1,0,0.0514,0.30262,88.95
2765,391,9,9,122,40,10,1,1,0,0.0513,0.16676,573.882
2766,30,0,0,13,4,1,1,1,0,0.0513,0.29148,7.731
2767,21,0,0,9,3,1,1,1,0,0.0512,0.37147,11.5
2768,43,1,1,9,5,0,1,1,0,0.0511,0.46725,30.981
2769,184,6,6,64,20,4,1,1,0,0.051,0.15002,265.965
2770,103,4,4,32,11,2,1,1,0,0.051,0.16496,147.048
2771,37,0,0,14,5,1,1,1,0,0.0509,0.12048,33.944
2772,388,9,9,116,40,4,1,1,0,0.0508,0.18807,578.081
2773,14,0,0,8,2,1,1,1,0,0.0508,0.203,1.922
2774,112,4,4,46,13,1,1,1,0,0.0507,0.19321,108.661
2775,102,2,2,35,12,3,1,1,0,0.0506,0.18154,131.188
2776,191,6,6,74,20,5,1,1,0,0.0505,0.14457,278.728
2777,27,1,1,8,3,1,1,1,0,0.0505,0.10948,7.328
2778,282,6,6,103,31,6,1,1,0,0.0504,0.19567,388.906
2779,51,0,0,19,7,3,1,1,0,0.0503,0.14563,53.673
2780,134,4,4,52,15,2,1,1,0,0.0503,0.14456,176.236
2781,26,2,2,7,3,1,1,1,0,0.0502,0.13732,24.336
2782,86,1,1,33,10,1,1,1,0,0.0501,0.12732,109.111
2783,120,3,3,50,14,4,1,1,0,0.05,0.24218,134.226
2784,132,3,3,52,15,5,1,1,0,0.05,0.18057,179.955
2785,391,9,9,127,40,6,1,1,0,0.0499,0.22005,561.946
2786,184,4,4,84,22,5,1,1,0,0.0498,0.15374,269.298
2787,13,0,0,3,2,0,1,1,0,0.0498,0.62038,-16.365
2788,13,0,0,5,2,0,1,1,0,0.0497,0.16408,1.037
2789,42,1,1,20,5,3,1,1,0,0.0496,0.17208,49.327
2790,15,0,0,7,2,0,1,1,0,0.0495,0.38619,-12.273
2791,21,0,0,9,3,1,1,1,0,0.0495,0.69877,-34.989
2792,68,2,2,36,8,1,1,1,0,0.0494,0.16014,93.994
2793,15,0,0,9,2,0,1,1,0,0.0493,0.21415,3.952
2794,6,0,0,3,1,2,1,1,0,0.0493,0.12417,-10.213
2795,64,1,1,29,8,0,1,1,0,0.0492,0.25674,75.412
2796,17,1,1,9,2,1,1,1,0,0.0491,1.0783,-22.312
2797,21,0,0,10,3,0,1,1,0,0.049,0.2114,11.69
2798,400,9,9,119,41,6,0,0,1,0.049,0.16624,595.033
2799,128,4,4,44,15,4,1,1,0,0.0489,0.28664,159.025
2800,6,0,0,2,1,1,1,1,0,0.0488,1.09811,-10.624
2801,391,9,9,120,39,6,0,0,1,0.0487,0.15661,609.412
2802,92,2,2,31,11,0,1,1,0,0.0487,0.22994,124.302
2803,108,3,3,43,12,0,1,1,0,0.0486,0.24675,135.748
2804,21,0,0,9,3,0,1,1,0,0.0485,0.27246,-4.646
2805,20,0,0,6,3,1,1,1,0,0.0485,0.8148,-21.755
2806,183,5,5,60,20,6,1,1,0,0.0484,0.251,243.412
2807,49,2,2,16,5,1,1,1,0,0.0483,0.09333,42.855
2808,37,0,0,20,5,2,1,1,0,0.0482,0.15262,36.241
2809,125,2,2,44,16,5,1,1,0,0.0482,0.15239,168.036
2810,270,8,8,93,28,11,1,1,0,0.0481,0.19934,398.989
2811,69,0,0,20,9,1,1,1,0,0.048,0.17503,74.471
2812,37,0,0,12,5,2,1,1,0,0.048,0.52326,0.111
2813,29,0,0,12,4,2,1,1,0,0.0479,0.144,23.018
2814,13,0,0,5,2,0,1,1,0,0.0478,0.45855,-15.714
2815,80,3,3,34,8,2,1,1,0,0.0477,0.12424,115.797
2816,369,9,9,106,35,10,0,0,1,0.0477,0.21652,549.936
2817,394,9,9,121,41,10,0,0,1,0.0476,0.15614,579.929
2818,192,4,4,71,21,8,1,1,0,0.0475,0.13607,271.322
2819,227,3,3,87,25,8,1,1,0,0.0475,0.19383,301.55
2820,377,9,9,111,40,4,0,0,1,0.0474,0.17871,570.182
2821,20,0,0,8,3,2,1,1,0,0.0473,0.77677,-22.401
2822,202,5,5,65,22,1,1,1,0,0.0472,0.15078,298.734
2823,6,0,0,3,1,0,1,1,0,0.0472,0.24909,-9.731
2824,13,0,0,5,2,0,1,1,0,0.0471,0.24392,0.803
2825,292,6,6,100,32,6,1,1,0,0.047,0.23084,419.01
2826,167,7,7,64,18,5,1,1,0,0.047,0.15076,243.896
2827,30,2,2,12,3,2,1,1,0,0.0469,0.46568,0.544
2828,277,8,8,99,30,5,1,1,0,0.0468,0.15882,414.782
2829,214,2,2,92,26,5,1,1,0,0.0467,0.15589,296.823
2830,134,2,2,43,16,3,1,1,0,0.0467,0.21964,154.78
2831,200,2,2,68,24,6,1,1,0,0.0466,0.17947,274.953
2832,199,7,7,62,21,2,1,1,0,0.0465,0.17762,293.585
2833,6,0,0,1,1,1,1,1,0,0.0464,0.34237,-10.676
2834,13,0,0,4,2,0,1,1,0,0.0464,0.2501,0.547
2835,7,0,0,3,1,0,1,1,0,0.0463,0.15288,-68.603
2836,132,2,2,46,16,2,1,1,0,0.0462,0.24791,159.067
2837,120,3,3,50,14,2,1,1,0,0.0462,0.15101,168.414
2838,392,9,9,118,42,7,0,0,1,0.0461,0.15618,587.182
2839,206,7,7,89,23,4,1,1,0,0.046,0.141,313.714
2840,400,8,8,123,42,4,0,0,1,0.0459,0.15079,598.289
2841,292,7,7,100,31,8,1,1,0,0.0459,0.13544,433.145
2842,126,3,3,47,15,2,1,1,0,0.0458,0.18719,152.492
2843,15,0,0,6,2,0,1,1,0,0.0457,0.47504,-44.323
2844,284,5,5,97,31,5,1,1,0,0.0457,0.2109,389.146
2845,315,8,8,110,36,8,1,1,0,0.0456,0.17462,451.019
2846,74,2,2,26,8,4,1,1,0,0.0455,0.12737,75.473
2847,90,2,2,37,10,1,1,1,0,0.0454,0.16732,120.334
2848,117,4,4,40,12,3,1,1,0,0.0454,0.23559,150.791
2849,281,6,6,107,30,10,1,1,0,0.0453,0.12934,389.508
2850,330,7,7,128,36,3,1,1,0,0.0452,0.15011,481.764
2851,80,2,2,32,9,5,1,1,0,0.0452,0.31886,72.079
2852,17,1,1,7,2,0,1,1,0,0.0451,0.33557,-37.017
2853,373,9,9,120,38,8,1,1,0,0.045,0.17617,563.347
2854,17,1,1,5,2,0,1,1,0,0.0449,0.31285,-39.038
2855,312,7,7,103,35,6,1,1,0,0.0449,0.19099,455.249
2856,21,0,0,10,3,3,1,1,0,0.0448,0.59331,-21.898
2857,397,9,9,122,43,6,0,0,1,0.0447,0.1686,592.633
2858,375,8,8,120,41,9,1,1,0,0.0447,0.1435,524.317
2859,21,0,0,9,3,1,1,1,0,0.0446,1.02488,-20.317
2860,115,4,4,46,13,7,1,1,0,0.0445,0.26244,140.13
2861,192,7,7,75,20,3,1,1,0,0.0444,0.19856,296.831
2862,288,5,5,106,32,5,1,1,0,0.0444,0.18216,417.365
2863,156,5,5,73,18,4,1,1,0,0.0443,0.15875,229.905
2864,64,2,2,25,7,2,1,1,0,0.0442,0.09646,62.505
2865,13,0,0,5,2,0,1,1,0,0.0441,1.05961,-18.347
2866,72,2,2,31,8,3,1,1,0,0.0441,0.17194,91.929
2867,108,3,3,41,12,2,1,1,0,0.044,0.32236,117.274
2868,77,3,3,28,9,2,1,1,0,0.0439,0.15689,105.354
2869,267,7,7,88,29,8,1,1,0,0.0439,0.1476,387.841
2870,66,2,2,21,7,3,1,1,0,0.0438,0.16743,82.161
2871,135,4,4,45,14,1,1,1,0,0.0437,0.22717,196.495
2872,149,2,2,51,17,4,1,1,0,0.0436,0.13051,202.839
2873,378,9,9,119,41,3,1,1,0,0.0436,0.14182,567.441
2874,51,0,0,22,7,2,1,1,0,0.0435,0.17408,37.382
2875,31,0,0,15,4,3,1,1,0,0.0434,0.16917,24.895
2876,37,0,0,9,5,2,1,1,0,0.0434,0.28579,32.023
2877,13,0,0,4,2,0,1,1,0,0.0433,1.39069,-31.222
2878,114,4,4,41,13,2,1,1,0,0.0432,0.14932,138.014
2879,13,0,0,3,2,1,1,1,0,0.0431,0.25459,-16.914
2880,383,9,9,131,39,4,0,0,1,0.0431,0.14097,586.709
2881,102,1,1,40,13,4,1,1,0,0.043,0.22938,131.99
2882,13,0,0,4,2,1,1,1,0,0.0429,1.14027,-32.071
2883,13,0,0,8,2,2,1,1,0,0.0429,0.21015,1.063
2884,136,5,5,44,15,3,1,1,0,0.0428,0.19914,191.268
2885,13,0,0,3,2,1,1,1,0,0.0427,0.19832,-17.213
2886,313,7,7,110,35,3,1,1,0,0.0426,0.14518,458.296
2887,339,6,6,115,37,8,1,1,0,0.0426,0.17594,484.839
2888,355,8,8,117,39,10,1,1,0,0.0425,0.14944,497.064
2889,13,0,0,4,2,1,1,1,0,0.0424,0.20501,0.077
2890,13,0,0,5,2,1,1,1,0,0.0424,0.81673,-46.379
2891,395,9,9,117,42,8,0,0,1,0.0423,0.18804,583.843
2892,13,0,0,5,2,1,1,1,0,0.0422,0.21062,0.168
2893,97,2,2,32,11,3,1,1,0,0.0421,0.17338,120.764
2894,29,0,0,12,4,0,1,1,0,0.0421,0.17196,23.651
2895,56,1,1,21,7,3,1,1,0,0.042,0.22186,61.907
2896,124,6,6,59,14,2,1,1,0,0.0419,0.18066,179.265
2897,167,5,5,62,18,5,1,1,0,0.0418,0.16786,243.539
2898,144,8,8,68,16,2,1,1,0,0.0418,0.26798,188.604
2899,386,8,8,126,42,3,1,1,0,0.0417,0.18539,555.724
2900,205,6,6,85,22,4,1,1,0,0.0416,0.14697,315.233
2901,145,4,4,69,16,1,1,1,0,0.0416,0.17659,208.778
2902,99,1,1,44,12,4,1,1,0,0.0415,0.16712,132.128
2903,25,1,1,9,3,0,1,1,0,0.0414,0.17298,24.349
2904,99,3,3,36,11,2,1,1,0,0.0413,0.29026,116.279
2905,60,0,0,24,8,0,1,1,0,0.0413,0.15166,66.946
2906,173,6,6,66,18,4,1,1,0,0.0412,0.19007,255.613
2907,142,3,3,59,16,5,1,1,0,0.0411,0.16011,152.677
2908,147,4,4,56,17,3,1,1,0,0.0411,0.14992,212.727
2909,13,0,0,3,2,1,1,1,0,0.041,0.15032,-17.564
2910,204,5,5,82,23,2,1,1,0,0.0409,0.12589,297.321
2911,134,2,2,50,16,5,1,1,0,0.0408,0.16937,178.564
2912,13,0,0,3,2,1,1,1,0,0.0408,1.29713,-32.748
2913,22,0,0,6,3,0,1,1,0,0.0407,0.15887,12.354
2914,141,4,4,50,16,2,1,1,0,0.0406,0.13266,201.506
2915,23,1,1,11,3,1,1,1,0,0.0406,0.1089,20.715
2916,79,3,3,19,8,1,1,1,0,0.0405,0.11129,105.275
2917,13,0,0,4,2,1,1,1,0,0.0404,1.22925,-32.454
2918,7,0,0,3,1,0,1,1,0,0.0403,0.2122,-8.735
2919,389,9,9,117,40,10,0,0,1,0.0403,0.15936,584.2
2920,382,9,9,128,41,7,1,1,0,0.0402,0.18339,560.516
2921,235,9,9,82,24,4,1,1,0,0.0401,0.12566,361.436
2922,93,1,1,41,11,1,1,1,0,0.0401,0.2382,108.678
2923,314,6,6,97,34,4,1,1,0,0.04,0.20015,420.472
2924,14,0,0,5,2,0,1,1,0,0.0399,0.19909,1.931
2925,17,1,1,7,2,0,1,1,0,0.0398,0.16657,10.336
2926,363,9,9,122,39,6,0,0,1,0.0398,0.16835,555.971
2927,8,0,0,2,1,1,1,1,0,0.0397,0.1882,-8.482
2928,77,2,2,31,9,1,1,1,0,0.0396,0.21123,70.105
2929,384,9,9,123,41,7,0,0,1,0.0395,0.15093,582.374
2930,400,9,9,127,41,11,0,0,1,0.0395,0.14226,593.54
2931,236,6,6,81,25,13,1,1,0,0.0394,0.13671,324.514
2932,146,2,2,52,16,2,1,1,0,0.0393,0.12582,200.308
2933,13,0,0,4,2,0,1,1,0,0.0393,0.19992,-16.06
2934,400,8,8,122,43,4,0,0,1,0.0392,0.16747,603.001
2935,48,1,1,21,6,2,1,1,0,0.0391,0.15431,54.527
2936,16,1,1,7,2,1,1,1,0,0.039,0.19154,7.822
2937,127,3,3,45,13,4,1,1,0,0.039,0.21595,177.49
2938,65,1,1,22,8,3,1,1,0,0.0389,0.13911,56.876
2939,388,9,9,117,39,5,0,0,1,0.0388,0.14907,587.136
2940,211,6,6,71,23,1,1,1,0,0.0388,0.14213,318.154
2941,13,0,0,3,2,0,1,1,0,0.0387,0.21219,0.353
2942,53,2,2,21,6,2,1,1,0,0.0386,0.30363,63.643
2943,100,3,3,41,11,1,1,1,0,0.0385,0.13802,121.29
2944,253,5,5,80,28,5,1,1,0,0.0385,0.19954,353.887
2945,226,4,4,76,25,4,1,1,0,0.0384,0.18945,313.923
2946,168,3,3,69,20,5,1,1,0,0.0383,0.16131,236.224
2947,112,4,4,42,12,4,1,1,0,0.0383,0.13767,157.961
2948,13,0,0,5,2,1,1,1,0,0.0382,0.71198,-46.438
2949,301,8,8,104,33,3,1,1,0,0.0381,0.19554,420.659
2950,41,1,1,16,5,2,1,1,0,0.038,0.14266,43.558
2951,29,0,0,11,4,1,1,1,0,0.038,0.15866,21.852
2952,51,0,0,22,7,1,1,1,0,0.0379,0.15819,53.172
2953,75,1,1,31,9,2,1,1,0,0.0378,0.15298,89.297
2954,151,3,3,56,17,2,1,1,0,0.0378,0.1275,213.753
2955,119,4,4,44,13,4,1,1,0,0.0377,0.22319,166.28
2956,69,0,0,25,9,2,1,1,0,0.0376,0.18666,78.141
2957,112,2,2,37,14,3,1,1,0,0.0375,0.11157,129.066
2958,237,7,7,84,26,5,1,1,0,0.0375,0.15051,327.051
2959,262,9,9,91,27,10,1,1,0,0.0374,0.16158,337.222
2960,138,4,4,56,16,1,1,1,0,0.0373,0.13952,199.14
2961,13,0,0,3,2,0,1,1,0,0.0372,0.2121,-16.701
2962,176,5,5,68,19,2,1,1,0,0.0372,0.15446,263.551
2963,193,6,6,84,21,2,1,1,0,0.0371,0.13853,288.33
2964,59,0,0,23,8,1,1,1,0,0.037,0.125,63.724
2965,113,3,3,47,13,5,1,1,0,0.037,0.19399,140.005
2966,398,9,9,119,41,6,0,0,1,0.0369,0.13125,598.937
2967,218,5,5,77,24,3,1,1,0,0.0368,0.14701,317.216
2968,49,2,2,18,5,1,1,1,0,0.0367,0.14347,12.944
2969,134,2,2,52,16,3,1,1,0,0.0367,0.13398,179.12
2970,386,9,9,113,39,5,1,1,0,0.0366,0.12994,578.71
2971,137,6,6,61,14,2,1,1,0,0.0365,0.2179,157.495
2972,400,8,8,114,42,7,0,0,1,0.0365,0.15291,590.814
2973,13,0,0,3,2,1,1,1,0,0.0364,1.2347,-32.681
2974,227,7,7,81,23,5,1,1,0,0.0363,0.15314,320.122
2975,27,1,1,8,3,1,1,1,0,0.0362,0.66469,-21.201
2976,394,9,9,114,41,7,0,0,1,0.0362,0.14951,579.633
2977,400,9,9,117,41,11,0,0,1,0.0361,0.193,588.493
2978,338,8,8,100,35,5,1,1,0,0.036,0.14682,496.745
2979,51,2,2,19,6,2,1,1,0,0.036,0.39003,26.847
2980,48,1,1,23,6,1,1,1,0,0.0359,0.17835,57.095
2981,231,8,8,83,23,2,1,1,0,0.0358,0.1448,345.43
2982,13,0,0,4,2,0,1,1,0,0.0357,0.2427,0.591
2983,350,9,9,124,37,9,1,1,0,0.0357,0.15636,505.395
2984,271,8,8,103,29,4,1,1,0,0.0356,0.1997,392.045
2985,341,9,9,115,36,9,1,1,0,0.0355,0.21097,479.108
2986,49,2,2,18,5,1,1,1,0,0.0355,0.15625,62.684
2987,13,0,0,4,2,1,1,1,0,0.0354,0.6779,-46.92
2988,236,7,7,88,24,8,1,1,0,0.0353,0.19569,346.665
2989,231,6,6,91,26,6,1,1,0,0.0352,0.16789,330.479
2990,5,0,0,2,1,0,1,1,0,0.0352,0.11757,-71.351
2991,400,9,9,127,43,4,0,0,1,0.0351,0.18579,619.517
2992,400,9,9,115,41,8,0,0,1,0.035,0.17032,601.467
2993,246,7,7,91,27,2,1,1,0,0.0349,0.15276,358.558
2994,51,1,1,16,6,1,1,1,0,0.0349,0.1209,58.787
2995,13,0,0,3,2,1,1,1,0,0.0348,0.29551,-17.389
2996,316,8,8,105,34,6,1,1,0,0.0347,0.15848,446.082
2997,156,6,6,59,16,2,1,1,0,0.0347,0.14625,229.513
2998,65,2,2,22,7,2,1,1,0,0.0346,0.21075,35.513
2999,400,9,9,121,42,6,0,0,1,0.0345,0.20226,600.904
3000,143,4,4,51,16,4,1,1,0,0.0344,0.1613,199.544
3001,17,1,1,7,2,1,1,1,0,0.0344,0.17304,9.168
3002,98,2,2,40,12,0,1,1,0,0.0343,0.15615,126.964
3003,169,3,3,69,19,2,1,1,0,0.0342,0.19448,241.451
3004,234,7,7,82,24,3,1,1,0,0.0342,0.14171,339.851
3005,148,5,5,47,16,4,1,1,0,0.0341,0.27508,161.929
3006,254,8,8,87,27,3,1,1,0,0.034,0.16435,354.244
3007,6,0,0,3,1,1,1,1,0,0.0339,0.27917,-10.08
3008,44,2,2,17,5,1,1,1,0,0.0339,0.21248,5.339
3009,400,8,8,124,43,5,0,0,1,0.0338,0.17193,589.448
3010,396,8,8,122,42,3,1,1,0,0.0337,0.15701,588.872
3011,36,2,2,9,4,2,1,1,0,0.0337,0.12272,39.831
3012,180,4,4,70,20,4,1,1,0,0.0336,0.23369,223.104
3013,69,0,0,24,9,2,1,1,0,0.0335,0.17536,77.161
3014,195,6,6,74,20,1,1,1,0,0.0334,0.14971,294.302
3015,400,9,9,118,41,5,0,0,1,0.0334,0.14475,593.862
3016,46,2,2,22,5,2,1,1,0,0.0333,0.18396,55.886
3017,92,3,3,32,10,5,1,1,0,0.0332,0.15447,104.865
3018,379,9,9,119,40,6,0,0,1,0.0332,0.16407,564.539
3019,168,3,3,54,19,2,1,1,0,0.0331,0.13967,230.261
3020,6,0,0,3,1,1,1,1,0,0.033,0.18573,-9.758
3021,395,9,9,128,41,8,0,0,1,0.0329,0.14849,574.196
3022,75,1,1,36,9,3,1,1,0,0.0329,0.17946,89.9
3023,13,0,0,4,2,1,1,1,0,0.0328,0.19867,-17.215
3024,43,1,1,16,5,2,1,1,0,0.0327,0.16643,49.15
3025,311,7,7,98,33,7,1,1,0,0.0327,0.14962,454.53
3026,180,6,6,70,20,3,1,1,0,0.0326,0.13996,262.259
3027,391,9,9,118,41,10,0,0,1,0.0325,0.16306,571.622
3028,85,4,4,46,9,3,1,1,0,0.0324,0.1799,105.737
3029,373,9,9,108,39,7,1,1,0,0.0324,0.13854,536.419
3030,400,9,9,118,43,8,0,0,1,0.0323,0.15863,578.545
3031,6,0,0,2,1,1,1,1,0,0.0322,0.14914,-10.117
3032,49,2,2,13,5,0,1,1,0,0.0321,0.11717,61.233
3033,396,9,9,124,41,3,0,0,1,0.0321,0.14285,580.777
3034,392,9,9,118,42,7,1,1,0,0.032,0.14798,566.582
3035,248,8,8,87,26,10,1,1,0,0.0319,0.14478,340.895
3036,17,1,1,6,2,1,1,1,0,0.0319,0.99938,-38.257
3037,274,8,8,81,28,1,1,1,0,0.0318,0.15223,357.022
3038,173,9,9,63,18,2,1,1,0,0.0317,0.14477,253.771
3039,400,9,9,124,44,8,0,0,1,0.0316,0.14994,582.717
3040,374,9,9,131,38,4,0,0,1,0.0316,0.17813,550.498
3041,117,3,3,41,14,1,1,1,0,0.0315,0.16408,156.241
3042,384,9,9,109,38,8,0,0,1,0.0314,0.1649,556.969
3043,314,9,9,96,33,5,1,1,0,0.0314,0.15604,456.447
3044,180,3,3,61,20,2,1,1,0,0.0313,0.11494,240.44
3045,181,3,3,63,21,4,1,1,0,0.0312,0.1784,229.407
3046,61,3,3,21,7,1,1,1,0,0.0311,0.28298,81.513
3047,90,2,2,45,10,0,1,1,0,0.0311,0.14356,120.734
3048,28,0,0,9,4,1,1,1,0,0.031,0.5154,-28.388
3049,250,5,5,88,29,3,1,1,0,0.0309,0.12902,344.951
3050,277,4,4,102,31,4,1,1,0,0.0309,0.14422,383.536
3051,21,0,0,9,3,0,1,1,0,0.0308,0.20352,13.232
3052,399,9,9,121,40,5,0,0,1,0.0307,0.14208,591.839
3053,66,2,2,29,7,1,1,1,0,0.0306,0.16604,86.249
3054,7,0,0,3,1,0,1,1,0,0.0306,0.24879,-8.805
3055,400,9,9,110,42,6,0,0,1,0.0305,0.14166,584.98
3056,392,9,9,120,40,10,0,0,1,0.0304,0.13198,571.814
3057,200,4,4,72,22,2,1,1,0,0.0303,0.15963,283.876
3058,48,0,0,25,6,3,1,1,0,0.0303,0.17157,49.298
3059,61,4,4,26,6,2,1,1,0,0.0302,0.37639,68.582
3060,6,0,0,1,1,1,1,1,0,0.0301,0.38689,-10.843
3061,93,2,2,40,12,2,1,1,0,0.0301,0.16263,117.032
3062,282,7,7,97,31,1,1,1,0,0.03,0.14082,407.151
3063,49,2,2,19,5,0,1,1,0,0.0299,0.14421,62.463
3064,387,9,9,132,41,3,0,0,1,0.0298,0.15825,575.839
3065,400,9,9,118,40,10,0,0,1,0.0298,0.14311,599.154
3066,144,4,4,62,16,0,1,1,0,0.0297,0.23992,192.592
3067,400,9,9,115,43,2,0,0,1,0.0296,0.16724,580.833
3068,56,1,1,22,7,1,1,1,0,0.0296,0.15535,46.665
3069,61,3,3,21,6,0,1,1,0,0.0295,0.32512,82.143
3070,383,9,9,127,41,5,0,0,1,0.0294,0.13852,575.192
3071,138,4,4,58,16,1,1,1,0,0.0293,0.13452,191.693
3072,13,0,0,2,2,1,1,1,0,0.0293,0.28735,-0.318
3073,29,0,0,11,4,0,1,1,0,0.0292,0.19355,-25.482
3074,387,9,9,130,41,2,0,0,1,0.0291,0.16095,566.781
3075,371,9,9,132,39,9,0,0,1,0.0291,0.1673,545.323
3076,400,8,8,113,45,8,0,0,1,0.029,0.14752,584.714
3077,351,9,9,102,38,1,1,1,0,0.0289,0.17865,507.976
3078,390,9,9,129,40,6,0,0,1,0.0288,0.14686,572.973
3079,86,0,0,29,11,2,1,1,0,0.0288,0.15486,102.26
3080,44,0,0,19,6,0,1,1,0,0.0287,0.38089,28.389
3081,228,5,5,85,25,3,1,1,0,0.0286,0.19299,317.157
3082,400,9,9,116,34,9,0,0,1,0.0286,0.15197,560.461
3083,400,7,7,117,36,2,0,0,1,0.0285,0.15019,549.209
3084,400,9,9,122,41,2,0,0,1,0.0284,0.14116,570.256
3085,312,8,8,95,28,5,1,1,0,0.0283,0.15041,418.824
3086,177,5,5,60,19,3,1,1,0,0.0283,0.13004,246.914
3087,173,1,1,65,21,2,1,1,0,0.0282,0.15863,224.126
3088,391,9,9,123,42,7,0,0,1,0.0281,0.13459,557.652
3089,400,9,9,124,45,6,0,0,1,0.028,0.19514,571.316
3090,394,9,9,135,40,13,1,1,0,0.028,0.19944,554.508
3091,345,9,9,115,36,8,1,1,0,0.0279,0.16513,486.0
3092,111,1,1,35,13,1,1,1,0,0.0278,0.148,139.04
3093,128,2,2,54,15,2,1,1,0,0.0278,0.24585,124.265
3094,62,2,2,24,7,1,1,1,0,0.0277,0.37197,31.418
3095,54,0,0,24,7,0,1,1,0,0.0276,0.15896,58.279
3096,56,0,0,23,7,1,1,1,0,0.0275,0.14767,41.803
3097,44,0,0,19,6,2,1,1,0,0.0275,0.10823,42.941
3098,151,5,5,56,17,2,1,1,0,0.0274,0.21856,207.295
3099,21,0,0,10,3,1,1,1,0,0.0273,0.73127,-35.759
3100,400,9,9,120,40,6,0,0,1,0.0273,0.13744,586.585
3101,14,0,0,7,2,1,1,1,0,0.0272,0.12762,1.917
3102,300,9,9,110,33,5,1,1,0,0.0271,0.1233,437.411
3103,6,0,0,3,1,1,1,1,0,0.027,0.15775,-9.73
3104,230,5,5,80,26,4,1,1,0,0.027,0.12718,321.016
3105,115,2,2,51,14,2,1,1,0,0.0269,0.12173,133.095
3106,166,5,5,64,17,3,1,1,0,0.0268,0.13017,237.136
3107,400,9,9,126,43,6,0,0,1,0.0268,0.17117,582.209
3108,153,4,4,70,17,3,1,1,0,0.0267,0.1383,213.89
3109,209,4,4,68,24,5,1,1,0,0.0266,0.1274,284.195
3110,384,9,9,126,40,7,0,0,1,0.0265,0.14844,560.998
3111,100,4,4,37,11,1,1,1,0,0.0265,0.16469,133.194
3112,381,9,9,115,41,2,0,0,1,0.0264,0.13536,556.325
3113,5,0,0,1,1,0,1,1,0,0.0263,1.53132,-26.594
3114,386,9,9,125,40,5,0,0,1,0.0263,0.13886,569.827
3115,374,9,9,122,40,8,0,0,1,0.0262,0.17606,544.628
3116,125,1,1,50,15,3,1,1,0,0.0261,0.26571,146.792
3117,13,0,0,5,2,0,1,1,0,0.026,0.27328,0.659
3118,28,0,0,10,4,0,1,1,0,0.026,0.18473,19.877
3119,26,1,1,10,3,0,1,1,0,0.0259,0.12858,21.353
3120,66,1,1,30,8,3,1,1,0,0.0258,0.1553,62.08
3121,51,1,1,18,6,2,1,1,0,0.0257,0.40333,10.685
3122,356,9,9,118,39,5,1,1,0,0.0257,0.15521,515.934
3123,400,9,9,121,42,5,0,0,1,0.0256,0.1723,585.196
3124,373,9,9,130,39,8,0,0,1,0.0255,0.14962,550.853
3125,380,9,9,122,42,4,0,0,1,0.0255,0.13716,550.455
3126,14,0,0,4,2,0,1,1,0,0.0254,0.84065,1.464
3127,377,9,9,118,41,4,0,0,1,0.0253,0.16368,553.107
3128,347,9,9,105,36,9,1,1,0,0.0252,0.12942,499.286
3129,189,4,4,80,22,9,1,1,0,0.0252,0.15892,260.375
3130,204,5,5,74,22,4,1,1,0,0.0251,0.16352,286.242
3131,44,0,0,19,6,1,1,1,0,0.025,0.18272,42.803
3132,5,0,0,4,1,0,1,1,0,0.025,0.10699,-70.1
3133,287,9,9,108,32,3,1,1,0,0.0249,0.18248,420.459
3134,110,2,2,46,12,2,1,1,0,0.0248,0.15641,150.187
3135,7,0,0,2,1,2,1,1,0,0.0247,0.25184,-10.001
3136,382,9,9,128,39,7,0,0,1,0.0247,0.14158,560.515
3137,377,9,9,125,40,5,0,0,1,0.0246,0.14226,552.926
3138,320,7,7,110,34,5,1,1,0,0.0245,0.14182,458.117
3139,374,9,9,109,38,7,0,0,1,0.0245,0.15523,538.846
3140,333,7,7,110,37,8,1,1,0,0.0244,0.17751,464.572
3141,400,9,9,122,42,4,0,0,1,0.0243,0.14945,585.142
3142,400,9,9,133,44,2,0,0,1,0.0242,0.12412,587.704
3143,400,9,9,121,45,4,0,0,1,0.0242,0.15294,577.423
3144,229,7,7,59,24,3,1,1,0,0.0241,0.1252,320.593
3145,400,9,9,117,42,5,0,0,1,0.024,0.13798,583.671
3146,14,0,0,6,2,1,1,1,0,0.024,0.10651,1.416
3147,383,9,9,113,38,3,0,0,1,0.0239,0.13393,564.448
3148,230,5,5,80,26,1,1,1,0,0.0238,0.11686,319.702
3149,92,3,3,40,11,2,1,1,0,0.0237,0.14687,123.222
3150,259,7,7,97,30,7,1,1,0,0.0237,0.13584,361.179
3151,314,8,8,116,34,7,1,1,0,0.0236,0.12908,451.998
3152,79,1,1,36,10,0,1,1,0,0.0235,0.12835,97.8
3153,144,5,5,61,16,1,1,1,0,0.0234,0.14712,206.23
3154,400,9,9,111,42,4,0,0,1,0.0234,0.14421,588.564
3155,383,9,9,129,40,4,0,0,1,0.0233,0.14222,567.914
3156,307,8,8,111,34,2,1,1,0,0.0232,0.15516,440.648
3157,400,9,9,110,42,4,0,0,1,0.0232,0.15398,582.858
3158,236,4,4,89,27,4,1,1,0,0.0231,0.15947,330.382
3159,13,0,0,4,2,0,1,1,0,0.023,0.2676,-47.027
3160,124,4,4,44,14,1,1,1,0,0.0229,0.14966,153.44
3161,384,9,9,127,40,12,1,1,0,0.0229,0.19241,547.129
3162,166,6,6,54,17,4,1,1,0,0.0228,0.13248,241.883
3163,44,0,0,19,6,1,1,1,0,0.0227,0.12255,42.178
3164,112,3,3,43,13,1,1,1,0,0.0227,0.10867,147.539
3165,368,9,9,122,41,6,1,1,0,0.0226,0.20259,517.626
3166,45,1,1,17,5,2,1,1,0,0.0225,0.38811,0.019
3167,30,0,0,12,4,0,1,1,0,0.0224,0.21544,25.61
3168,29,0,0,11,4,2,1,1,0,0.0224,0.1176,20.353
3169,54,2,2,24,6,0,1,1,0,0.0223,0.187,69.72
3170,65,1,1,27,8,2,1,1,0,0.0222,0.20845,30.644
3171,400,8,8,126,41,2,0,0,1,0.0222,0.14721,580.74
3172,247,6,6,85,27,6,1,1,0,0.0221,0.13085,342.48
3173,149,6,6,62,16,2,1,1,0,0.022,0.15667,219.464
3174,178,6,6,55,20,4,1,1,0,0.0219,0.13234,243.982
3175,383,9,9,122,41,5,0,0,1,0.0219,0.14814,558.016
3176,396,9,9,123,41,3,0,0,1,0.0218,0.15619,582.606
3177,214,3,3,91,25,3,1,1,0,0.0217,0.16425,302.578
3178,21,0,0,6,3,1,1,1,0,0.0217,0.16834,9.589
3179,74,4,4,28,8,2,1,1,0,0.0216,0.17955,100.413
3180,263,5,5,94,29,4,1,1,0,0.0215,0.1555,337.601
3181,36,0,0,17,5,1,1,1,0,0.0214,0.201,32.88
3182,378,9,9,122,39,4,0,0,1,0.0214,0.13351,559.16
3183,400,9,9,133,43,8,0,0,1,0.0213,0.14932,594.003
3184,400,9,9,117,42,8,0,0,1,0.0212,0.13864,576.057
3185,14,0,0,8,2,0,1,1,0,0.0212,0.40062,-44.882
3186,177,5,5,65,19,3,1,1,0,0.0211,0.1217,243.374
3187,187,7,7,78,20,1,1,1,0,0.021,0.19735,278.735
3188,100,1,1,32,11,4,1,1,0,0.0209,0.12691,101.669
3189,21,0,0,10,3,1,1,1,0,0.0209,0.75556,-35.623
3190,181,5,5,66,21,2,1,1,0,0.0208,0.13423,252.944
3191,400,9,9,128,41,4,0,0,1,0.0207,0.16315,589.02
3192,57,1,1,23,7,3,1,1,0,0.0206,0.21606,62.37
3193,162,2,2,63,20,2,1,1,0,0.0206,0.12847,213.612
3194,400,9,9,118,43,4,0,0,1,0.0205,0.1333,582.625
3195,376,9,9,123,40,3,0,0,1,0.0204,0.14826,551.931
3196,320,8,8,104,34,4,1,1,0,0.0204,0.13817,458.461
3197,395,9,9,119,43,6,1,1,0,0.0203,0.13845,562.276
3198,388,9,9,126,41,8,1,1,0,0.0202,0.12379,566.644
3199,96,1,1,44,12,0,1,1,0,0.0201,0.14816,119.396
3200,397,9,9,130,42,7,0,0,1,0.0201,0.15799,571.935
3201,223,5,5,76,25,6,1,1,0,0.02,0.12057,303.787
3202,22,0,0,10,3,0,1,1,0,0.02,0.17303,13.383
3203,383,9,9,121,39,10,0,0,1,0.02,0.14764,545.425
3204,291,6,6,104,31,1,1,1,0,0.02,0.13977,408.289
3205,400,8,8,123,42,5,0,0,1,0.02,0.1492,576.381
3206,358,9,9,126,38,5,0,0,1,0.02,0.14465,529.057
3207,400,9,9,119,41,5,0,0,1,0.02,0.12132,588.69
3208,251,5,5,85,27,7,1,1,0,0.02,0.12549,348.405
3209,241,7,7,87,26,5,1,1,0,0.02,0.16423,339.384
3210,367,9,9,119,38,2,1,1,0,0.02,0.15211,521.441
3211,382,9,9,110,40,6,0,0,1,0.02,0.15408,548.435
3212,52,1,1,17,6,1,1,1,0,0.02,0.42226,27.153
3213,105,3,3,34,12,1,1,1,0,0.02,0.11633,142.847
3214,400,8,8,120,41,6,0,0,1,0.02,0.16886,574.385
3215,68,1,1,27,8,0,1,1,0,0.02,0.13963,82.512
3216,31,0,0,18,4,1,1,1,0,0.02,0.17371,27.785
3217,349,9,9,122,38,1,0,0,1,0.02,0.13986,513.363
3218,122,3,3,52,14,0,1,1,0,0.02,0.14898,174.299
3219,20,0,0,6,3,1,1,1,0,0.02,1.04054,-22.786
3220,400,9,9,119,40,5,0,0,1,0.02,0.14143,580.544
3221,22,0,0,11,3,1,1,1,0,0.02,0.16562,13.633
3222,102,3,3,45,12,1,1,1,0,0.02,0.20631,104.047
3223,191,4,4,73,22,1,1,1,0,0.02,0.13005,267.905
3224,372,9,9,131,40,3,0,0,1,0.02,0.14724,558.026
3225,400,9,9,122,44,6,0,0,1,0.02,0.14553,572.739
3226,351,9,9,122,38,5,0,0,1,0.02,0.16614,521.454
3227,400,9,9,123,43,5,0,0,1,0.02,0.14727,589.638
3228,400,8,8,118,43,3,0,0,1,0.02,0.15468,592.316
3229,400,9,9,123,43,3,0,0,1,0.02,0.14911,587.653
3230,161,5,5,63,18,6,1,1,0,0.02,0.21807,168.519
3231,125,4,4,52,15,2,1,1,0,0.02,0.1646,178.47
3232,391,9,9,119,42,8,1,1,0,0.02,0.1749,544.925
3233,400,9,9,124,44,9,0,0,1,0.02,0.15066,590.428
3234,40,0,0,12,5,0,1,1,0,0.02,0.18626,36.188
3235,150,4,4,50,16,2,1,1,0,0.02,0.14205,207.201
3236,13,0,0,3,2,1,1,1,0,0.02,0.24665,-17.537
3237,400,9,9,116,42,6,0,0,1,0.02,0.1828,585.502
3238,7,0,0,2,1,0,1,1,0,0.02,0.27205,-9.219
3239,6,0,0,3,1,1,1,1,0,0.02,0.32621,-10.047
3240,14,0,0,4,2,0,1,1,0,0.02,0.2248,1.328
3241,217,8,8,80,23,3,1,1,0,0.02,0.14683,300.693
3242,364,9,9,126,37,2,0,0,1,0.02,0.14379,546.315
3243,382,9,9,116,41,4,0,0,1,0.02,0.15199,559.221
3244,375,9,9,126,39,2,0,0,1,0.02,0.15603,553.11
3245,72,0,0,32,9,2,1,1,0,0.02,0.17764,81.461
3246,60,2,2,24,7,1,1,1,0,0.02,0.17739,73.414
3247,108,2,2,47,13,3,1,1,0,0.02,0.15323,123.613
3248,170,4,4,71,19,2,1,1,0,0.02,0.21432,223.278
3249,400,8,8,128,42,3,0,0,1,0.02,0.15358,585.104
3250,53,3,3,23,6,1,1,1,0,0.02,0.32463,19.264
3251,244,7,7,86,28,4,1,1,0,0.02,0.15283,318.023
3252,252,8,8,96,26,3,1,1,0,0.02,0.10913,383.847
3253,105,1,1,43,13,2,1,1,0,0.02,0.14617,132.639
3254,43,1,1,18,5,0,1,1,0,0.02,0.13844,46.3
3255,398,9,9,126,43,6,0,0,1,0.02,0.15427,580.424
3256,125,4,4,58,14,1,1,1,0,0.02,0.17331,181.172
3257,52,1,1,17,6,0,1,1,0,0.02,0.15533,57.576
3258,127,5,5,44,14,1,1,1,0,0.02,0.20192,141.074
3259,14,0,0,8,2,0,1,1,0,0.02,0.16333,3.018
3260,6,0,0,3,1,1,1,1,0,0.02,0.30808,-10.138
3261,264,7,7,86,29,2,1,1,0,0.02,0.16246,372.482
3262,112,4,4,41,13,1,1,1,0,0.02,0.25108,134.468
3263,21,0,0,9,3,1,1,1,0,0.02,0.27444,-5.243
3264,182,4,4,74,20,3,1,1,0,0.02,0.11931,262.809
3265,243,8,8,88,27,4,1,1,0,0.02,0.17635,328.694
3266,272,7,7,94,29,3,1,1,0,0.02,0.14626,387.542
3267,143,2,2,57,17,1,1,1,0,0.02,0.1348,194.154
3268,377,9,9,117,41,7,0,0,1,0.02,0.14754,547.664
3269,183,5,5,71,21,4,1,1,0,0.02,0.13923,257.531
3270,188,3,3,73,21,1,1,1,0,0.02,0.14011,261.952
3271,400,9,9,113,44,3,0,0,1,0.02,0.13184,592.845
3272,238,8,8,79,26,3,1,1,0,0.02,0.15557,326.316
3273,400,9,9,125,43,4,0,0,1,0.02,0.13514,595.113
3274,7,0,0,3,1,0,1,1,0,0.02,0.30698,-8.446
3275,13,0,0,3,2,0,1,1,0,0.02,1.45031,-32.362
3276,66,2,2,23,7,1,1,1,0,0.02,0.13375,84.22
3277,195,7,7,81,22,3,1,1,0,0.02,0.15673,287.844
3278,384,9,9,121,40,6,0,0,1,0.02,0.13941,563.733
3279,400,8,8,118,43,3,0,0,1,0.02,0.12299,591.863
3280,73,2,2,31,8,1,1,1,0,0.02,0.33003,50.251
3281,314,9,9,113,34,3,1,1,0,0.02,0.15626,436.833
3282,212,3,3,86,24,2,1,1,0,0.02,0.29965,299.782
3283,379,9,9,118,40,4,0,0,1,0.02,0.14661,561.611
3284,22,0,0,11,3,1,1,1,0,0.02,0.1733,-3.65
3285,137,5,5,52,15,1,1,1,0,0.02,0.14301,201.072
3286,379,9,9,115,41,1,0,0,1,0.02,0.13697,560.043
3287,285,7,7,99,32,6,1,1,0,0.02,0.13739,397.528
3288,149,6,6,58,17,5,1,1,0,0.02,0.14035,194.093
3289,72,4,4,30,8,0,1,1,0,0.02,0.11744,96.447
3290,264,9,9,83,28,4,1,1,0,0.02,0.13439,384.198
3291,279,7,7,110,31,3,1,1,0,0.02,0.15013,406.266
3292,400,9,9,117,44,7,0,0,1,0.02,0.15519,593.736
3293,400,8,8,123,43,5,0,0,1,0.02,0.13059,588.946
3294,20,0,0,10,3,1,1,1,0,0.02,1.00122,-20.674
3295,400,9,9,120,41,1,0,0,1,0.02,0.13178,607.82
3296,58,1,1,28,7,1,1,1,0,0.02,0.15137,70.46
3297,72,1,1,29,9,0,1,1,0,0.02,0.14152,67.902
3298,99,1,1,38,12,1,1,1,0,0.02,0.14144,120.976
3299,6,0,0,3,1,1,1,1,0,0.02,0.31449,-10.144
3300,398,9,9,133,44,3,0,0,1,0.02,0.15507,581.982
3301,6,0,0,3,1,1,1,1,0,0.02,0.13058,-9.652
3302,35,2,2,10,4,0,1,1,0,0.02,0.24623,-9.467
3303,262,7,7,85,29,2,1,1,0,0.02,0.1432,372.594
3304,68,2,2,23,8,1,1,1,0,0.02,0.30319,66.67
3305,177,4,4,73,20,2,1,1,0,0.02,0.12811,251.751
3306,122,2,2,50,15,1,1,1,0,0.02,0.14129,142.03
3307,46,0,0,22,6,2,1,1,0,0.02,0.19571,49.054
3308,35,1,1,19,4,1,1,1,0,0.02,0.13733,38.105
3309,98,4,4,38,10,2,1,1,0,0.02,0.19405,104.711
3310,176,5,5,64,19,2,1,1,0,0.02,0.15957,255.327
3311,112,2,2,43,14,1,1,1,0,0.02,0.2264,125.578
3312,229,7,7,84,25,3,1,1,0,0.02,0.13363,327.575
3313,169,5,5,56,20,1,1,1,0,0.02,0.12848,235.982
3314,68,1,1,19,8,1,1,1,0,0.02,0.13313,79.869
3315,387,9,9,122,41,5,0,0,1,0.02,0.15722,563.238
3316,35,1,1,12,4,1,1,1,0,0.02,0.26782,3.351
3317,245,7,7,95,28,3,1,1,0,0.02,0.12897,355.21
3318,363,9,9,126,37,2,0,0,1,0.02,0.11051,554.965
3319,400,9,9,126,41,3,0,0,1,0.02,0.14087,592.906
3320,363,9,9,122,38,2,0,0,1,0.02,0.14936,545.723
3321,6,0,0,2,1,0,1,1,0,0.02,0.17684,-9.688
3322,393,9,9,124,42,7,0,0,1,0.02,0.1948,578.32
3323,394,9,9,123,41,8,0,0,1,0.02,0.1579,567.262
3324,358,9,9,113,38,4,1,1,0,0.02,0.14835,510.797
3325,20,1,1,9,2,0,1,1,0,0.02,0.41696,-16.618
3326,373,9,9,119,40,4,0,0,1,0.02,0.156,546.331
3327,345,9,9,103,36,4,1,1,0,0.02,0.15275,476.048
3328,148,5,5,50,16,0,1,1,0,0.02,0.13731,206.418
3329,400,9,9,123,42,7,0,0,1,0.02,0.18601,590.866
3330,53,2,2,18,6,1,1,1,0,0.02,0.13218,62.171
3331,20,0,0,8,3,0,1,1,0,0.02,0.92066,-20.873
3332,6,0,0,2,1,1,1,1,0,0.02,0.31213,-10.457
3333,21,0,0,10,3,0,1,1,0,0.02,0.76933,-36.413
3334,363,9,9,125,37,7,0,0,1,0.02,0.14468,538.28
3335,58,4,4,22,6,2,1,1,0,0.02,0.16407,59.754
3336,400,9,9,122,44,2,0,0,1,0.02,0.13025,594.695
3337,387,9,9,125,39,3,0,0,1,0.02,0.1596,571.093
3338,17,1,1,5,2,1,1,1,0,0.02,0.07308,-8.09
3339,354,9,9,113,38,5,1,1,0,0.02,0.14091,514.01
3340,184,5,5,71,20,1,1,1,0,0.02,0.14004,260.978
3341,361,9,9,130,38,4,0,0,1,0.02,0.14883,544.7
3342,382,9,9,121,37,6,0,0,1,0.02,0.14309,574.391
3343,259,5,5,94,30,1,1,1,0,0.02,0.15779,369.118
3344,400,9,9,115,42,6,0,0,1,0.02,0.17911,586.458
3345,376,9,9,125,40,2,0,0,1,0.02,0.14901,558.93
3346,369,9,9,113,38,5,0,0,1,0.02,0.12936,542.078
3347,390,9,9,126,40,4,0,0,1,0.02,0.14836,581.322
3348,92,1,1,40,12,3,1,1,0,0.02,0.1469,113.15
3349,21,0,0,10,3,1,1,1,0,0.02,0.22864,-4.542
3350,393,9,9,121,40,2,0,0,1,0.02,0.14616,573.826
3351,400,9,9,131,43,5,0,0,1,0.02,0.14375,598.823
3352,13,0,0,2,2,1,1,1,0,0.02,1.40498,-32.654
3353,400,9,9,116,42,3,0,0,1,0.02,0.14869,574.868
3354,49,2,2,21,6,1,1,1,0,0.02,0.15704,57.725
3355,132,4,4,46,14,2,1,1,0,0.02,0.11033,182.635
3356,331,9,9,120,36,6,1,1,0,0.02,0.16766,467.873
3357,88,0,0,31,11,4,1,1,0,0.02,0.13953,85.504
3358,21,0,0,10,3,2,1,1,0,0.02,0.20976,-5.602
3359,68,0,0,29,9,2,1,1,0,0.02,0.13116,58.168
3360,155,4,4,52,18,2,1,1,0,0.02,0.13571,208.702
3361,400,8,8,122,43,8,0,0,1,0.02,0.15213,581.449
3362,63,1,1,28,8,0,1,1,0,0.02,0.39308,41.095
3363,99,3,3,43,11,2,1,1,0,0.02,0.13876,138.395
3364,97,3,3,41,11,0,1,1,0,0.02,0.23481,87.198
3365,400,9,9,128,42,5,0,0,1,0.02,0.14602,587.264
3366,223,6,6,81,25,3,1,1,0,0.02,0.13363,318.283
3367,104,5,5,39,11,0,1,1,0,0.02,0.13229,149.587
3368,297,8,8,103,33,6,1,1,0,0.02,0.14989,411.385
3369,94,3,3,40,11,0,1,1,0,0.02,0.228,110.773
3370,87,4,4,39,9,0,1,1,0,0.02,0.18705,128.48
3371,366,9,9,123,38,5,0,0,1,0.02,0.14647,547.682
3372,369,9,9,119,38,4,0,0,1,0.02,0.16212,557.448
3373,29,2,2,9,3,1,1,1,0,0.02,0.16851,26.88
3374,400,8,8,106,35,4,0,0,1,0.02,0.15779,546.021
3375,181,3,3,66,19,2,1,1,0,0.02,0.13135,243.082
3376,387,9,9,120,40,3,1,1,0,0.02,0.19505,536.792
3377,99,4,4,45,11,2,1,1,0,0.02,0.28173,118.69
3378,14,0,0,3,2,0,1,1,0,0.02,0.6814,1.46
3379,92,0,0,45,12,1,1,1,0,0.02,0.16438,113.717
3380,256,8,8,110,29,2,1,1,0,0.02,0.1485,382.505
3381,209,4,4,88,25,3,1,1,0,0.02,0.14754,298.424
3382,5,0,0,2,1,0,1,1,0,0.02,0.88101,-56.255
3383,166,5,5,77,19,1,1,1,0,0.02,0.16136,238.797
3384,84,1,1,30,11,2,1,1,0,0.02,0.13552,98.764
3385,222,6,6,93,26,4,1,1,0,0.02,0.16379,266.337
3386,220,6,6,75,22,5,1,1,0,0.02,0.14093,311.253
3387,377,9,9,131,38,1,0,0,1,0.02,0.15287,561.613
3388,13,0,0,4,2,0,1,1,0,0.02,0.2398,0.584
3389,20,0,0,9,3,0,1,1,0,0.02,0.1794,10.251
3390,13,0,0,9,2,0,1,1,0,0.02,0.23684,0.794
3391,173,6,6,70,20,2,1,1,0,0.02,0.13062,252.57
3392,390,9,9,114,41,3,0,0,1,0.02,0.17992,577.851
3393,391,9,9,124,40,7,0,0,1,0.02,0.13378,582.565
3394,399,9,9,123,42,4,0,0,1,0.02,0.13142,590.692
3395,7,0,0,3,1,0,1,1,0,0.02,0.34322,-9.094
3396,90,2,2,39,11,2,1,1,0,0.02,0.18376,114.533
3397,356,9,9,127,38,6,0,0,1,0.02,0.16084,527.896
3398,139,5,5,52,15,3,1,1,0,0.02,0.17907,200.965
3399,181,6,6,69,20,2,1,1,0,0.02,0.17766,264.889
3400,72,2,2,29,9,3,1,1,0,0.02,0.16898,90.259
3401,229,8,8,91,24,2,1,1,0,0.02,0.21879,300.132
3402,387,9,9,115,41,9,0,0,1,0.02,0.15884,565.667
3403,67,3,3,26,7,1,1,1,0,0.02,0.13308,93.194
3404,223,5,5,73,25,3,1,1,0,0.02,0.18641,277.276
3405,273,7,7,92,29,4,1,1,0,0.02,0.139,395.762
3406,76,4,4,23,8,1,1,1,0,0.02,0.17382,83.254
3407,85,1,1,31,10,3,1,1,0,0.02,0.13236,106.58
3408,387,9,9,112,39,3,0,0,1,0.02,0.14458,567.706
3409,400,9,9,118,43,11,0,0,1,0.02,0.13917,580.118
3410,379,9,9,122,41,2,0,0,1,0.02,0.12596,568.306
3411,218,6,6,86,25,3,1,1,0,0.02,0.13468,301.762
3412,79,1,1,35,10,1,1,1,0,0.02,0.12917,100.127
3413,78,3,3,25,9,2,1,1,0,0.02,0.14969,98.947
3414,397,9,9,126,45,6,0,0,1,0.02,0.16008,583.969
3415,396,9,9,127,42,4,0,0,1,0.02,0.14608,581.062
3416,65,1,1,24,8,1,1,1,0,0.02,0.1467,73.719
3417,155,5,5,69,17,3,1,1,0,0.02,0.19501,194.964
3418,62,3,3,22,6,1,1,1,0,0.02,0.15416,86.333
3419,77,1,1,28,9,0,1,1,0,0.02,0.11149,95.149
3420,21,0,0,12,3,2,1,1,0,0.02,0.20459,11.63
3421,268,5,5,97,31,1,1,1,0,0.02,0.1585,386.61
3422,165,3,3,65,19,3,1,1,0,0.02,0.12946,229.983
3423,283,7,7,96,31,5,1,1,0,0.02,0.14002,400.647
3424,298,8,8,106,33,3,1,1,0,0.02,0.12374,421.467
3425,103,3,3,36,12,3,1,1,0,0.02,0.25181,137.696
3426,127,3,3,58,15,1,1,1,0,0.02,0.13346,180.821
3427,381,9,9,119,40,3,0,0,1,0.02,0.14976,563.643
3428,357,9,9,124,37,3,1,1,0,0.02,0.15768,513.811
3429,400,9,9,118,44,3,0,0,1,0.02,0.14476,597.478
3430,197,5,5,64,21,1,1,1,0,0.02,0.1159,284.901
3431,31,1,1,12,4,0,1,1,0,0.02,0.37198,13.566
3432,121,1,1,52,15,1,1,1,0,0.02,0.14359,156.346
3433,400,9,9,126,44,3,0,0,1,0.02,0.15844,588.64
3434,109,3,3,31,13,0,1,1,0,0.02,0.1664,146.678
3435,358,8,8,121,39,3,1,1,0,0.02,0.13194,517.338
3436,100,3,3,39,11,0,1,1,0,0.02,0.12274,119.857
3437,391,9,9,123,41,4,0,0,1,0.02,0.13441,581.673
3438,59,2,2,23,7,1,1,1,0,0.02,0.1915,68.229
3439,167,6,6,81,19,2,1,1,0,0.02,0.15818,246.517
3440,105,1,1,38,13,0,1,1,0,0.02,0.15649,114.665
3441,396,9,9,124,41,4,0,0,1,0.02,0.14971,582.846
3442,400,9,9,128,43,4,0,0,1,0.02,0.14063,599.056
3443,89,2,2,35,10,2,1,1,0,0.02,0.15214,113.299
3444,37,0,0,15,5,1,1,1,0,0.02,0.1681,33.495
3445,400,9,9,127,42,6,0,0,1,0.02,0.1495,589.939
3446,400,8,8,127,43,1,0,0,1,0.02,0.15429,583.385
3447,187,2,2,77,22,1,1,1,0,0.02,0.20632,257.058
3448,355,9,9,118,36,5,0,0,1,0.02,0.15461,530.429
3449,13,0,0,5,2,1,1,1,0,0.02,0.20685,0.389
3450,158,4,4,54,17,3,1,1,0,0.02,0.14708,227.201
3451,184,5,5,69,20,0,1,1,0,0.02,0.1225,267.415
3452,88,3,3,39,10,2,1,1,0,0.02,0.16909,86.4
3453,388,9,9,128,41,7,0,0,1,0.02,0.15543,572.624
3454,35,1,1,12,4,1,1,1,0,0.02,0.16282,33.77
3455,199,8,8,86,22,3,1,1,0,0.02,0.1619,275.307
3456,379,9,9,124,41,5,0,0,1,0.02,0.14633,562.111
3457,389,9,9,131,41,1,0,0,1,0.02,0.14867,579.431
3458,400,9,9,118,44,4,0,0,1,0.02,0.14603,597.474
3459,183,5,5,67,21,2,1,1,0,0.02,0.15166,259.237
3460,13,0,0,5,2,0,1,1,0,0.02,0.2573,0.688
3461,214,8,8,73,23,2,1,1,0,0.02,0.14208,314.452
3462,81,1,1,38,10,1,1,1,0,0.02,0.15672,103.724
3463,304,9,9,104,32,4,1,1,0,0.02,0.15689,431.22
3464,37,0,0,13,5,3,1,1,0,0.02,0.18251,31.727
3465,400,9,9,116,44,3,0,0,1,0.02,0.15038,588.384
3466,179,8,8,62,19,2,1,1,0,0.02,0.15805,269.085
3467,394,9,9,121,41,5,0,0,1,0.02,0.14411,578.577
3468,400,9,9,124,44,3,0,0,1,0.02,0.15118,592.711
3469,58,1,1,21,7,2,1,1,0,0.02,0.23918,34.208
3470,357,8,8,121,39,2,1,1,0,0.02,0.14667,512.836
3471,364,8,8,117,39,3,1,1,0,0.02,0.13005,519.804
3472,134,1,1,51,16,4,1,1,0,0.02,0.20171,165.996
3473,155,6,6,42,16,2,1,1,0,0.02,0.12564,205.48
3474,88,2,2,34,10,1,1,1,0,0.02,0.12096,117.02
3475,133,2,2,57,16,0,1,1,0,0.02,0.20803,166.23
3476,256,4,4,96,28,2,1,1,0,0.02,0.1364,364.944
3477,400,8,8,123,42,3,0,0,1,0.02,0.13985,589.768
3478,397,9,9,123,43,3,0,0,1,0.02,0.13818,583.429
3479,118,3,3,44,14,1,1,1,0,0.02,0.24837,109.958
3480,400,8,8,124,43,2,0,0,1,0.02,0.14311,591.788
3481,400,9,9,123,42,4,0,0,1,0.02,0.15827,582.946
3482,190,7,7,63,19,1,1,1,0,0.02,0.1293,275.25
3483,211,4,4,73,24,4,1,1,0,0.02,0.15641,273.209
3484,282,6,6,99,32,3,1,1,0,0.02,0.15726,400.182
3485,89,1,1,40,11,2,1,1,0,0.02,0.13673,112.69
3486,379,9,9,128,40,4,0,0,1,0.02,0.14456,561.574
3487,397,9,9,130,41,4,0,0,1,0.02,0.14702,582.607
3488,238,5,5,96,28,5,1,1,0,0.02,0.16361,329.057
3489,179,7,7,77,19,3,1,1,0,0.02,0.14405,247.496
3490,239,4,4,92,27,2,1,1,0,0.02,0.15566,346.096
3491,201,6,6,82,24,4,1,1,0,0.02,0.16895,283.452
3492,374,9,9,127,41,4,1,1,0,0.02,0.15846,532.271
3493,240,5,5,93,27,3,1,1,0,0.02,0.14568,343.668
3494,389,9,9,115,41,3,0,0,1,0.02,0.13698,573.832
3495,372,9,9,121,38,6,0,0,1,0.02,0.15851,560.496
3496,152,5,5,62,16,4,1,1,0,0.02,0.15072,216.183
3497,380,9,9,119,40,5,1,1,0,0.02,0.15616,543.197
3498,311,9,9,105,33,4,1,1,0,0.02,0.15879,440.181
3499,22,0,0,9,3,0,1,1,0,0.02,0.43631,-34.678
3500,74,2,2,33,9,1,1,1,0,0.02,0.2036,63.941
3501,41,1,1,16,5,0,1,1,0,0.02,0.15588,44.25
3502,271,6,6,95,29,5,1,1,0,0.02,0.13318,388.449
3503,400,9,9,124,43,1,0,0,1,0.02,0.16054,591.069
3504,198,4,4,70,22,3,1,1,0,0.02,0.13254,258.26
3505,288,8,8,105,29,2,1,1,0,0.02,0.13097,424.81
3506,396,9,9,121,42,8,0,0,1,0.02,0.14739,585.477
3507,400,9,9,118,41,5,0,0,1,0.02,0.15093,589.082
3508,331,9,9,104,35,5,1,1,0,0.02,0.14571,485.541
3509,199,5,5,68,22,5,1,1,0,0.02,0.13595,280.951
3510,238,6,6,78,26,2,1,1,0,0.02,0.13725,322.322
3511,295,8,8,93,32,4,1,1,0,0.02,0.14317,425.098
3512,217,7,7,79,23,2,1,1,0,0.02,0.2143,289.078
3513,400,9,9,113,44,6,0,0,1,0.02,0.15634,584.507
3514,171,6,6,61,19,3,1,1,0,0.02,0.14268,239.69
3515,35,0,0,14,5,1,1,1,0,0.02,0.18012,31.671
3516,25,1,1,13,3,2,1,1,0,0.02,0.14815,20.924
3517,21,0,0,8,3,2,1,1,0,0.02,0.83876,-36.416
3518,34,1,1,12,4,0,1,1,0,0.02,0.33352,17.478
3519,208,6,6,72,23,2,1,1,0,0.02,0.15521,296.891
3520,400,8,8,123,41,4,0,0,1,0.02,0.13557,591.985
3521,285,7,7,99,30,3,1,1,0,0.02,0.15368,407.921
3522,400,9,9,130,43,6,0,0,1,0.02,0.15498,589.689
3523,17,1,1,6,2,1,1,1,0,0.02,0.8638,-22.86
3524,230,5,5,79,26,0,1,1,0,0.02,0.13779,305.282
3525,400,8,8,117,43,6,0,0,1,0.02,0.13969,579.598
3526,14,0,0,8,2,1,1,1,0,0.02,0.21103,1.291
3527,400,8,8,128,43,2,0,0,1,0.02,0.18367,581.001
3528,400,9,9,116,43,4,0,0,1,0.02,0.1542,590.131
3529,388,9,9,113,40,4,0,0,1,0.02,0.13223,575.178
3530,70,1,1,31,9,1,1,1,0,0.02,0.17613,86.06
3531,384,9,9,129,41,6,0,0,1,0.02,0.17417,564.658
3532,197,4,4,94,23,2,1,1,0,0.02,0.16564,268.885
3533,389,9,9,120,40,2,0,0,1,0.02,0.15547,558.898
3534,387,9,9,126,42,6,0,0,1,0.02,0.1602,564.62
3535,400,9,9,115,41,9,0,0,1,0.02,0.13371,580.748
3536,63,0,0,22,8,0,1,1,0,0.02,0.1676,67.28
3537,238,4,4,72,25,4,1,1,0,0.02,0.15412,315.287
3538,21,0,0,11,3,0,1,1,0,0.02,0.92605,-19.936
3539,400,7,7,82,33,4,0,0,1,0.02,0.13808,516.858
3540,285,4,4,95,32,1,1,1,0,0.02,0.18511,389.779
3541,210,7,7,69,20,5,1,1,0,0.02,0.1964,275.732
3542,400,9,9,112,37,3,0,0,1,0.02,0.15185,571.719
3543,120,3,3,45,14,1,1,1,0,0.02,0.13352,161.86
3544,400,9,9,118,39,4,0,0,1,0.02,0.14449,569.651
3545,251,5,5,75,25,4,1,1,0,0.02,0.12539,327.781
3546,63,3,3,29,7,1,1,1,0,0.02,0.34855,32.533
3547,400,9,9,109,38,4,0,0,1,0.02,0.1478,546.876
3548,28,0,0,13,4,0,1,1,0,0.02,0.20078,22.191
3549,292,9,9,83,29,2,1,1,0,0.02,0.17433,402.261
3550,400,6,6,106,43,4,0,0,1,0.02,0.16004,561.502
3551,400,9,9,114,46,9,0,0,1,0.02,0.17151,547.041
3552,87,0,0,26,12,2,1,1,0,0.02,0.16062,96.868
3553,400,7,7,101,43,4,0,0,1,0.02,0.13032,538.565
3554,400,8,8,107,45,1,0,0,1,0.02,0.15717,552.974
3555,371,8,8,116,42,5,1,1,0,0.02,0.16529,488.095
3556,400,6,6,90,40,5,0,0,1,0.02,0.15137,508.294
3557,400,9,9,89,42,3,0,0,1,0.02,0.13802,563.288
3558,251,5,5,63,30,5,1,1,0,0.02,0.1509,323.935
3559,20,0,0,8,3,1,1,1,0,0.02,0.94157,-34.662
3560,36,0,0,13,5,2,1,1,0,0.02,0.20352,28.58
3561,400,7,7,80,36,6,0,0,1,0.02,0.14213,492.675
3562,400,9,9,108,38,3,0,0,1,0.02,0.13656,546.421
3563,145,5,5,50,18,4,1,1,0,0.02,0.18855,186.693
3564,19,0,0,8,3,1,1,1,0,0.02,0.16944,5.965
3565,58,0,0,17,8,1,1,1,0,0.02,0.17533,38.268
3566,400,8,8,104,44,0,0,0,1,0.02,0.143,537.819
3567,6,0,0,2,1,1,1,1,0,0.02,0.29621,-10.762
3568,400,9,9,121,38,0,0,0,1,0.02,0.1505,549.798
3569,81,1,1,28,10,2,1,1,0,0.02,0.19963,90.974
3570,52,1,1,25,6,2,1,1,0,0.02,0.22545,55.629
3571,380,9,9,126,41,2,0,0,1,0.02,0.18803,536.197
3572,72,5,5,31,8,0,1,1,0,0.02,0.27008,95.721
3573,387,9,9,124,41,3,0,0,1,0.02,0.17008,552.685
3574,98,3,3,47,11,2,1,1,0,0.02,0.36804,96.27
3575,400,9,9,122,42,5,0,0,1,0.02,0.15744,565.757
3576,15,0,0,10,2,1,1,1,0,0.02,0.15912,4.014
3577,99,3,3,39,11,1,1,1,0,0.02,0.13966,134.77
3578,313,9,9,117,34,5,0,0,1,0.02,0.14892,455.886
3579,320,9,9,119,35,4,1,1,0,0.02,0.14396,455.173
3580,140,5,5,51,15,3,1,1,0,0.02,0.24997,178.433
3581,391,9,9,107,41,1,0,0,1,0.02,0.14086,562.44
3582,18,1,1,7,2,1,1,1,0,0.02,0.86521,-20.737
3583,14,0,0,3,2,0,1,1,0,0.02,0.28267,0.365
3584,372,9,9,124,39,4,0,0,1,0.02,0.16407,531.23
3585,170,5,5,61,18,1,1,1,0,0.02,0.13119,240.254
3586,60,2,2,24,7,1,1,1,0,0.02,0.12448,74.803
3587,276,8,8,95,30,1,1,1,0,0.02,0.13572,391.197
3588,179,8,8,77,18,5,1,1,0,0.02,0.15869,262.944
3589,148,4,4,50,17,2,1,1,0,0.02,0.14003,198.17
3590,291,8,8,99,31,1,1,1,0,0.02,0.14758,381.851
3591,86,5,5,32,9,2,1,1,0,0.02,0.25157,67.174
3592,47,0,0,23,6,0,1,1,0,0.02,0.13027,48.141
3593,167,4,4,67,20,0,1,1,0,0.02,0.1358,225.388
3594,367,9,9,124,38,7,0,0,1,0.02,0.15534,533.735
3595,117,3,3,47,13,1,1,1,0,0.02,0.20185,113.589
3596,377,9,9,114,39,2,0,0,1,0.02,0.13446,543.552
3597,97,4,4,35,10,1,1,1,0,0.02,0.16122,112.685
3598,35,1,1,12,4,1,1,1,0,0.02,0.21927,31.51
3599,394,9,9,113,41,2,0,0,1,0.02,0.13513,573.77
3600,373,9,9,127,40,4,0,0,1,0.02,0.1344,543.41
3601,139,3,3,64,16,2,1,1,0,0.02,0.13801,196.784
3602,377,9,9,112,39,2,0,0,1,0.02,0.14164,553.963
3603,85,2,2,33,10,3,1,1,0,0.02,0.16933,107.833
3604,375,9,9,124,39,3,0,0,1,0.02,0.1395,553.776
3605,77,1,1,31,10,2,1,1,0,0.02,0.16902,92.072
3606,32,0,0,9,4,0,1,1,0,0.02,0.1815,23.249
3607,43,1,1,19,5,1,1,1,0,0.02,0.45681,0.31
3608,386,9,9,116,40,3,0,0,1,0.02,0.1352,560.364
3609,7,0,0,2,1,0,1,1,0,0.02,0.2558,-9.489
3610,26,1,1,11,3,0,1,1,0,0.02,0.15634,22.89
3611,99,3,3,41,11,0,1,1,0,0.02,0.14721,116.708
3612,394,9,9,121,42,3,0,0,1,0.02,0.14004,569.168
3613,26,1,1,12,3,0,1,1,0,0.02,0.16297,23.189
3614,62,2,2,25,7,2,1,1,0,0.02,0.31865,27.257
3615,400,9,9,122,45,2,0,0,1,0.02,0.14331,580.626
3616,237,8,8,92,26,1,1,1,0,0.02,0.14245,342.997
3617,208,6,6,80,23,4,1,1,0,0.02,0.18047,276.948
3618,13,0,0,9,2,1,1,1,0,0.02,0.31504,-16.565
3619,372,9,9,119,39,2,1,1,0,0.02,0.16275,540.235
3620,202,6,6,75,23,2,1,1,0,0.02,0.16374,288.075
3621,40,1,1,14,5,0,1,1,0,0.02,0.12984,40.616
3622,400,9,9,117,44,5,0,0,1,0.02,0.13702,579.241
3623,166,3,3,65,20,2,1,1,0,0.02,0.13699,223.962
3624,64,1,1,27,8,1,1,1,0,0.02,0.15149,77.499
3625,381,9,9,134,40,3,0,0,1,0.02,0.16295,571.396
3626,56,1,1,25,7,0,1,1,0,0.02,0.18606,66.564
3627,107,3,3,36,12,1,1,1,0,0.02,0.16308,140.539
3628,5,0,0,2,1,0,1,1,0,0.02,0.25213,-9.464
3629,208,8,8,75,22,0,1,1,0,0.02,0.13494,301.336
3630,173,6,6,70,19,1,1,1,0,0.02,0.14726,252.97
3631,157,5,5,65,18,0,1,1,0,0.02,0.14765,224.883
3632,400,9,9,127,42,2,0,0,1,0.02,0.13155,597.826
3633,13,0,0,2,2,1,1,1,0,0.02,0.30866,-17.554
3634,391,9,9,120,41,2,0,0,1,0.02,0.14264,575.496
3635,382,9,9,120,40,4,0,0,1,0.02,0.16041,567.183
3636,400,9,9,126,42,6,0,0,1,0.02,0.14023,592.101
3637,400,9,9,118,43,1,0,0,1,0.02,0.14633,590.104
3638,32,1,1,12,4,1,1,1,0,0.02,0.08769,28.171
3639,387,9,9,133,43,1,0,0,1,0.02,0.14645,574.095
3640,266,8,8,98,28,3,1,1,0,0.02,0.13135,376.857
3641,5,0,0,2,1,0,1,1,0,0.02,0.21873,-26.534
3642,395,9,9,128,43,3,0,0,1,0.02,0.14921,579.661
3643,188,5,5,71,21,1,1,1,0,0.02,0.13941,267.758
3644,379,9,9,129,40,2,0,0,1,0.02,0.14355,561.706
3645,183,4,4,55,21,3,1,1,0,0.02,0.14136,230.301
3646,205,7,7,70,22,1,1,1,0,0.02,0.1385,301.887
3647,360,9,9,113,39,6,1,1,0,0.02,0.14109,522.025
3648,63,2,2,23,7,0,1,1,0,0.02,0.22436,61.931
3649,400,9,9,122,44,3,0,0,1,0.02,0.14289,582.428
3650,316,9,9,110,34,3,1,1,0,0.02,0.1484,460.889
3651,124,4,4,39,14,2,1,1,0,0.02,0.14571,163.725
3652,53,0,0,19,7,0,1,1,0,0.02,0.17256,40.444
3653,264,9,9,105,30,3,1,1,0,0.02,0.14203,391.273
3654,387,9,9,116,41,0,0,0,1,0.02,0.14359,565.389
3655,205,4,4,79,25,2,1,1,0,0.02,0.14066,281.747
3656,109,3,3,40,12,2,1,1,0,0.02,0.13799,148.158
3657,373,9,9,121,39,3,0,0,1,0.02,0.16767,557.676
3658,78,2,2,26,10,1,1,1,0,0.02,0.17509,97.288
3659,151,4,4,62,17,2,1,1,0,0.02,0.15002,190.365
3660,121,3,3,46,14,2,1,1,0,0.02,0.26684,145.552
3661,400,8,8,114,40,5,0,0,1,0.02,0.15434,585.588
3662,69,0,0,27,9,1,1,1,0,0.02,0.14303,76.083
3663,228,6,6,76,25,3,1,1,0,0.02,0.14175,327.781
3664,400,9,9,123,44,5,0,0,1,0.02,0.14172,582.556
3665,376,9,9,128,39,0,0,0,1,0.02,0.15411,555.919
3666,389,9,9,127,42,5,0,0,1,0.02,0.12678,566.023
3667,400,9,9,131,44,2,0,0,1,0.02,0.15053,589.684
3668,399,9,9,125,42,3,0,0,1,0.02,0.1422,583.084
3669,105,4,4,43,12,3,1,1,0,0.02,0.16787,140.954
3670,397,9,9,126,42,2,0,0,1,0.02,0.13399,593.497
3671,311,8,8,110,35,0,1,1,0,0.02,0.16862,436.652
3672,18,1,1,5,2,1,1,1,0,0.02,0.14821,10.84
3673,309,8,8,108,35,2,1,1,0,0.02,0.13713,442.379
3674,36,2,2,14,4,1,1,1,0,0.02,0.12765,41.015
3675,398,9,9,126,42,1,0,0,1,0.02,0.1467,588.528
3676,387,9,9,123,42,4,0,0,1,0.02,0.12043,577.536
3677,385,9,9,117,39,5,0,0,1,0.02,0.13458,559.229
3678,358,9,9,112,37,3,0,0,1,0.02,0.1704,514.293
3679,170,6,6,62,18,2,1,1,0,0.02,0.16029,230.002
3680,400,9,9,122,44,3,0,0,1,0.02,0.16005,584.714
3681,325,9,9,113,37,4,1,1,0,0.02,0.13276,472.584
3682,258,8,8,107,28,0,1,1,0,0.02,0.15988,375.146
3683,373,9,9,124,40,3,0,0,1,0.02,0.13514,556.556
3684,328,8,8,109,35,4,1,1,0,0.02,0.17113,474.046
3685,400,8,8,110,43,3,0,0,1,0.02,0.14726,580.345
3686,400,9,9,125,44,5,0,0,1,0.02,0.13672,590.859
3687,70,3,3,25,8,2,1,1,0,0.02,0.3315,44.936
3688,368,9,9,114,40,5,0,0,1,0.02,0.14402,531.734
3689,49,1,1,20,6,0,1,1,0,0.02,0.24643,38.756
3690,168,4,4,64,18,1,1,1,0,0.02,0.14786,215.157
3691,364,9,9,127,39,1,0,0,1,0.02,0.15181,543.333
3692,352,9,9,120,36,2,0,0,1,0.02,0.16615,531.533
3693,73,2,2,30,9,0,1,1,0,0.02,0.24833,42.982
3694,400,9,9,115,42,3,0,0,1,0.02,0.16671,583.052
3695,205,6,6,77,22,2,1,1,0,0.02,0.14566,299.834
3696,345,9,9,104,39,5,1,1,0,0.02,0.21772,489.66
3697,17,1,1,7,2,1,1,1,0,0.02,0.1818,9.385
3698,78,3,3,33,9,1,1,1,0,0.02,0.22216,55.751
3699,20,0,0,10,3,1,1,1,0,0.02,0.22729,10.795
3700,58,2,2,27,7,0,1,1,0,0.02,0.16782,72.079
3701,399,9,9,126,42,2,0,0,1,0.02,0.14444,588.776
3702,43,1,1,15,5,0,1,1,0,0.02,0.11626,46.334
3703,362,9,9,110,39,4,0,0,1,0.02,0.13531,522.546
3704,226,8,8,89,24,0,1,1,0,0.02,0.15732,344.186
3705,400,9,9,122,44,2,0,0,1,0.02,0.12625,586.66
3706,51,1,1,25,6,0,1,1,0,0.02,0.26054,15.326
3707,195,4,4,70,22,4,1,1,0,0.02,0.14108,264.191
3708,13,0,0,5,2,1,1,1,0,0.02,1.386,-32.288
3709,397,9,9,129,40,1,0,0,1,0.02,0.13043,590.413
3710,136,3,3,46,16,2,1,1,0,0.02,0.11683,182.503
3711,294,8,8,93,33,4,1,1,0,0.02,0.15356,395.513
3712,376,9,9,115,39,2,0,0,1,0.02,0.13271,543.206
3713,191,5,5,65,21,3,1,1,0,0.02,0.12651,274.797
3714,7,0,0,6,1,0,1,1,0,0.02,0.20181,-23.234
3715,115,2,2,43,14,2,1,1,0,0.02,0.20772,114.335
3716,40,2,2,15,5,2,1,1,0,0.02,0.07894,25.85
3717,391,9,9,122,41,2,0,0,1,0.02,0.14754,561.158
3718,96,4,4,31,10,1,1,1,0,0.02,0.12905,130.144
3719,391,9,9,122,42,3,0,0,1,0.02,0.12445,572.506
3720,397,9,9,122,44,0,0,0,1,0.02,0.13354,577.139
3721,388,9,9,124,41,4,0,0,1,0.02,0.14243,559.704
3722,21,0,0,9,3,1,1,1,0,0.02,0.97701,-21.295
3723,368,9,9,126,40,2,0,0,1,0.02,0.16118,542.432
3724,386,9,9,124,43,0,1,1,0,0.02,0.13583,551.831
3725,140,3,3,53,17,2,1,1,0,0.02,0.10944,168.523
3726,6,0,0,3,1,0,1,1,0,0.02,0.27435,-9.874
3727,34,1,1,14,4,1,1,1,0,0.02,0.17497,0.911
3728,176,4,4,63,20,0,1,1,0,0.02,0.12373,240.047
3729,13,0,0,4,2,2,1,1,0,0.02,1.03667,-1.506
3730,148,4,4,68,18,3,1,1,0,0.02,0.13638,199.665
3731,400,9,9,132,44,3,0,0,1,0.02,0.13103,598.496
3732,377,9,9,123,40,4,0,0,1,0.02,0.14591,548.279
3733,155,6,6,59,17,3,1,1,0,0.02,0.13659,221.136
3734,155,3,3,61,17,0,1,1,0,0.02,0.1392,164.849
3735,149,4,4,55,18,2,1,1,0,0.02,0.15368,203.158
3736,370,9,9,128,39,1,0,0,1,0.02,0.12471,550.751
3737,400,9,9,122,44,3,0,0,1,0.02,0.13985,592.921
3738,388,9,9,119,42,5,1,1,0,0.02,0.1534,549.893
3739,84,1,1,42,10,1,1,1,0,0.02,0.22214,108.46
3740,358,7,7,123,40,3,1,1,0,0.02,0.13206,510.168
3741,84,4,4,32,9,2,1,1,0,0.02,0.12501,112.921
3742,330,8,8,113,36,2,1,1,0,0.02,0.13159,471.046
3743,397,9,9,132,41,5,0,0,1,0.02,0.12406,586.154
3744,60,2,2,30,7,1,1,1,0,0.02,0.32097,29.039
3745,374,9,9,126,40,1,0,0,1,0.02,0.14343,557.54
3746,101,2,2,43,12,2,1,1,0,0.02,0.15281,130.785
3747,131,4,4,48,15,0,1,1,0,0.02,0.13684,177.924
3748,361,9,9,122,38,0,0,0,1,0.02,0.11954,541.387
3749,400,9,9,118,44,1,0,0,1,0.02,0.13626,592.827
3750,62,2,2,20,7,2,1,1,0,0.02,0.19711,74.42
3751,132,5,5,61,15,1,1,1,0,0.02,0.14433,179.046
3752,29,0,0,13,4,0,1,1,0,0.02,0.19679,24.197
3753,40,1,1,19,5,1,1,1,0,0.02,0.15088,43.787
3754,376,9,9,120,41,2,0,0,1,0.02,0.13498,549.767
3755,54,2,2,19,6,1,1,1,0,0.02,0.13459,67.443
3756,13,0,0,5,2,0,1,1,0,0.02,0.2098,0.555
3757,380,9,9,117,41,2,0,0,1,0.02,0.14475,566.563
3758,390,9,9,113,41,3,0,0,1,0.02,0.14399,571.407
3759,69,3,3,26,8,0,1,1,0,0.02,0.1802,88.253
3760,241,6,6,92,28,0,1,1,0,0.02,0.12112,334.999
3761,400,9,9,120,42,2,0,0,1,0.02,0.14001,589.948
3762,264,6,6,97,28,0,1,1,0,0.02,0.12795,382.641
3763,395,9,9,117,43,3,0,0,1,0.02,0.13027,565.515
3764,156,5,5,69,18,0,1,1,0,0.02,0.16989,205.958
3765,137,5,5,54,15,2,1,1,0,0.02,0.15185,166.52
3766,391,9,9,127,41,2,0,0,1,0.02,0.12448,578.61
3767,384,9,9,125,42,3,0,0,1,0.02,0.14376,568.076
3768,61,0,0,19,8,0,1,1,0,0.02,0.19544,50.121
3769,385,9,9,125,42,0,0,0,1,0.02,0.14402,562.382
3770,400,9,9,126,43,2,0,0,1,0.02,0.16859,595.268
3771,48,2,2,24,5,1,1,1,0,0.02,0.50355,27.188
3772,400,9,9,119,43,2,0,0,1,0.02,0.12309,596.751
3773,254,8,8,96,27,3,1,1,0,0.02,0.13525,371.791
3774,236,5,5,75,27,2,1,1,0,0.02,0.18009,312.546
3775,117,3,3,44,13,0,1,1,0,0.02,0.14669,143.662
3776,229,3,3,77,27,4,1,1,0,0.02,0.13428,293.783
3777,273,8,8,106,31,0,1,1,0,0.02,0.18359,399.507
3778,400,9,9,128,41,1,0,0,1,0.02,0.13265,595.379
3779,42,1,1,17,5,0,1,1,0,0.02,0.17454,28.904
3780,30,0,0,15,4,1,1,1,0,0.02,0.23428,-22.477
3781,220,7,7,87,24,2,1,1,0,0.02,0.12869,322.61
3782,400,9,9,116,43,3,0,0,1,0.02,0.13616,593.289
3783,34,1,1,12,4,0,1,1,0,0.02,0.1583,33.296
3784,120,4,4,47,14,4,1,1,0,0.02,0.24248,138.177
3785,104,2,2,41,12,0,1,1,0,0.02,0.25129,91.99
3786,5,0,0,3,1,0,1,1,0,0.02,0.1731,-70.704
3787,9,0,0,5,1,0,1,1,0,0.02,0.39277,-51.792
3788,399,9,9,126,40,5,0,0,1,0.02,0.15358,583.722
3789,202,6,6,77,23,2,1,1,0,0.02,0.12274,268.689
3790,228,5,5,83,26,1,1,1,0,0.02,0.12885,315.552
3791,284,7,7,97,31,1,1,1,0,0.02,0.15632,388.107
3792,400,9,9,125,42,1,0,0,1,0.02,0.12955,588.418
3793,400,7,7,118,43,0,0,0,1,0.02,0.11685,580.797
3794,338,8,8,111,39,0,1,1,0,0.02,0.13082,483.832
3795,35,0,0,14,5,0,1,1,0,0.02,0.14913,13.7
3796,20,0,0,8,3,2,1,1,0,0.02,1.23013,-22.827
3797,70,2,2,30,8,0,1,1,0,0.02,0.1341,90.203
3798,127,5,5,45,14,1,1,1,0,0.02,0.25588,155.236
3799,6,0,0,3,1,1,1,1,0,0.02,0.26642,-9.574
3800,35,1,1,15,4,0,1,1,0,0.02,0.50491,-7.86
3801,103,3,3,35,12,0,1,1,0,0.02,0.29495,118.367
3802,39,1,1,14,5,0,1,1,0,0.02,0.13339,23.182
3803,383,9,9,118,40,1,0,0,1,0.02,0.13567,565.493
3804,138,2,2,58,17,3,1,1,0,0.02,0.14559,163.293
3805,13,0,0,5,2,0,1,1,0,0.02,0.22484,-15.947
3806,400,8,8,125,45,2,0,0,1,0.02,0.14002,587.796
3807,17,1,1,8,2,0,1,1,0,0.02,0.19405,9.418
3808,209,6,6,85,23,2,1,1,0,0.02,0.14078,301.667
3809,372,9,9,125,39,3,0,0,1,0.02,0.1424,551.451
3810,141,4,4,61,15,1,1,1,0,0.02,0.15872,153.975
3811,369,9,9,123,40,3,0,0,1,0.02,0.14205,549.968
3812,132,4,4,55,15,1,1,1,0,0.02,0.18982,170.616
3813,142,5,5,52,15,2,1,1,0,0.02,0.14599,189.939
3814,368,9,9,110,37,2,0,0,1,0.02,0.16055,542.929
3815,364,9,9,119,38,3,1,1,0,0.02,0.1756,520.262
3816,44,2,2,19,5,0,1,1,0,0.02,0.16136,53.655
3817,400,9,9,120,44,4,0,0,1,0.02,0.14362,591.926
3818,400,9,9,117,42,8,0,0,1,0.02,0.1819,586.588
3819,151,5,5,56,17,1,1,1,0,0.02,0.18037,191.36
3820,170,5,5,67,19,5,1,1,0,0.02,0.14271,224.61
3821,400,9,9,121,42,0,0,0,1,0.02,0.15318,601.093
3822,314,7,7,112,35,0,1,1,0,0.02,0.1531,428.218
3823,400,9,9,119,41,2,0,0,1,0.02,0.13694,591.759
3824,400,9,9,121,43,3,0,0,1,0.02,0.16139,593.019
3825,76,0,0,31,10,2,1,1,0,0.02,0.16405,88.389
3826,386,9,9,114,41,1,0,0,1,0.02,0.13393,566.754
3827,34,1,1,13,4,2,1,1,0,0.02,0.14646,35.076
3828,198,5,5,62,22,3,1,1,0,0.02,0.16585,264.432
3829,400,9,9,129,43,1,0,0,1,0.02,0.13242,596.648
3830,327,7,7,109,36,1,1,1,0,0.02,0.14762,467.505
3831,13,0,0,5,2,1,1,1,0,0.02,0.24535,-16.402
3832,336,7,7,117,37,3,1,1,0,0.02,0.14824,482.843
3833,92,1,1,35,12,1,1,1,0,0.02,0.17502,114.246
3834,13,0,0,4,2,1,1,1,0,0.02,0.29441,-0.062
3835,182,3,3,81,21,2,1,1,0,0.02,0.1332,257.615
3836,398,9,9,121,41,2,0,0,1,0.02,0.14285,603.689
3837,158,5,5,60,17,2,1,1,0,0.02,0.16484,194.023
3838,400,9,9,114,43,2,0,0,1,0.02,0.16336,595.259
3839,279,8,8,103,29,2,1,1,0,0.02,0.11953,419.201
3840,111,3,3,46,13,2,1,1,0,0.02,0.14494,149.351
3841,349,9,9,125,38,1,0,0,1,0.02,0.13653,515.573
3842,298,8,8,108,32,2,1,1,0,0.02,0.12596,426.982
3843,151,4,4,52,17,0,1,1,0,0.02,0.14106,216.231
3844,147,7,7,56,15,0,1,1,0,0.02,0.12252,221.82
3845,260,7,7,81,27,2,1,1,0,0.02,0.16565,326.405
3846,108,4,4,36,12,1,1,1,0,0.02,0.22027,120.95
3847,349,9,9,117,37,3,1,1,0,0.02,0.14274,522.31
3848,13,0,0,3,2,1,1,1,0,0.02,0.30511,-0.264
3849,400,9,9,120,43,4,0,0,1,0.02,0.14104,592.062
3850,216,5,5,75,25,3,1,1,0,0.02,0.12287,303.288
3851,162,5,5,53,18,2,1,1,0,0.02,0.143,234.908
3852,223,5,5,84,26,4,1,1,0,0.02,0.13454,291.82
3853,59,1,1,21,8,1,1,1,0,0.02,0.16376,62.172
3854,400,8,8,122,41,4,0,0,1,0.02,0.14318,580.202
3855,400,9,9,129,42,3,0,0,1,0.02,0.14278,592.982
3856,351,9,9,101,38,5,0,0,1,0.02,0.13318,511.492
3857,21,0,0,9,3,0,1,1,0,0.02,0.27214,12.265
3858,400,8,8,121,44,1,0,0,1,0.02,0.14532,575.75
3859,378,9,9,131,40,4,0,0,1,0.02,0.14576,560.231
3860,400,9,9,109,44,2,0,0,1,0.02,0.14236,583.141
3861,13,0,0,4,2,1,1,1,0,0.02,0.24389,-17.073
3862,291,7,7,100,33,2,1,1,0,0.02,0.12983,419.332
3863,29,0,0,11,4,0,1,1,0,0.02,0.17656,23.193
3864,400,9,9,134,42,1,0,0,1,0.02,0.13781,595.271
3865,185,4,4,65,20,0,1,1,0,0.02,0.15047,244.649
3866,27,0,0,14,4,1,1,1,0,0.02,0.16763,21.048
3867,177,5,5,64,20,1,1,1,0,0.02,0.16824,244.375
3868,195,7,7,82,22,2,1,1,0,0.02,0.13524,286.386
3869,400,9,9,116,43,8,0,0,1,0.02,0.1699,586.907
3870,400,9,9,121,44,4,0,0,1,0.02,0.13954,588.537
3871,400,9,9,134,45,3,0,0,1,0.02,0.13525,596.243
3872,37,0,0,12,5,0,1,1,0,0.02,0.14481,30.8
3873,170,5,5,64,19,2,1,1,0,0.02,0.13338,244.467
3874,188,4,4,82,22,1,1,1,0,0.02,0.219,247.33
3875,47,2,2,17,5,0,1,1,0,0.02,0.20158,57.974
3876,373,9,9,124,38,4,0,0,1,0.02,0.14574,558.773
3877,382,9,9,116,39,1,0,0,1,0.02,0.15577,560.149
3878,361,9,9,117,39,4,0,0,1,0.02,0.13528,529.963
3879,393,9,9,128,42,2,0,0,1,0.02,0.14383,587.283
3880,387,9,9,116,40,1,0,0,1,0.02,0.17791,563.378
3881,20,0,0,8,3,0,1,1,0,0.02,0.82091,-36.737
3882,37,1,1,13,4,1,1,1,0,0.02,0.37416,38.962
3883,88,1,1,28,11,0,1,1,0,0.02,0.22825,89.39
3884,400,9,9,123,42,2,0,0,1,0.02,0.13605,591.324
3885,380,9,9,121,40,3,0,0,1,0.02,0.14098,558.598
3886,54,2,2,20,6,1,1,1,0,0.02,0.16677,65.448
3887,188,2,2,76,22,2,1,1,0,0.02,0.18102,235.604
3888,73,2,2,27,9,2,1,1,0,0.02,0.20216,57.722
3889,220,6,6,75,24,5,1,1,0,0.02,0.12743,308.747
3890,21,0,0,11,3,1,1,1,0,0.02,0.23476,11.541
3891,204,5,5,83,23,0,1,1,0,0.02,0.13139,292.03
3892,208,5,5,76,23,2,1,1,0,0.02,0.13722,282.34
3893,204,7,7,80,23,2,1,1,0,0.02,0.13181,293.683
3894,281,8,8,108,31,0,1,1,0,0.02,0.12514,392.701
3895,24,1,1,11,3,1,1,1,0,0.02,0.15732,19.294
3896,106,2,2,35,12,4,1,1,0,0.02,0.14453,135.251
3897,60,3,3,20,6,2,1,1,0,0.02,0.11858,78.186
3898,20,0,0,8,3,1,1,1,0,0.02,0.22117,-6.956
3899,45,0,0,19,6,0,1,1,0,0.02,0.13322,45.914
3900,357,9,9,113,37,3,0,0,1,0.02,0.14925,529.22
3901,380,9,9,132,40,2,0,0,1,0.02,0.13969,574.723
3902,364,9,9,121,38,3,0,0,1,0.02,0.15809,541.828
3903,400,9,9,115,41,2,0,0,1,0.02,0.12502,604.556
3904,101,2,2,44,12,1,1,1,0,0.02,0.1664,134.808
3905,271,9,9,100,29,1,1,1,0,0.02,0.13929,398.92
3906,15,1,1,4,2,0,1,1,0,0.02,0.26959,5.339
3907,265,9,9,104,29,1,1,1,0,0.02,0.15819,391.49
3908,42,2,2,17,5,0,1,1,0,0.02,0.16665,30.649
3909,141,4,4,53,15,4,1,1,0,0.02,0.15619,198.454
3910,369,9,9,119,39,3,0,0,1,0.02,0.14998,564.096
3911,400,9,9,122,42,2,0,0,1,0.02,0.12428,591.196
3912,67,3,3,24,7,1,1,1,0,0.02,0.16503,86.626
3913,20,0,0,9,3,1,1,1,0,0.02,0.21773,10.234
3914,400,9,9,116,44,3,0,0,1,0.02,0.13525,588.5
3915,394,9,9,129,42,3,0,0,1,0.02,0.13527,586.724
3916,28,0,0,13,4,1,1,1,0,0.02,0.16489,22.226
3917,73,3,3,23,8,2,1,1,0,0.02,0.31228,48.763
3918,344,9,9,116,39,3,1,1,0,0.02,0.16988,483.418
3919,13,0,0,3,2,1,1,1,0,0.02,0.08621,-17.637
3920,21,0,0,10,3,1,1,1,0,0.02,0.19638,9.681
3921,24,1,1,7,3,0,1,1,0,0.02,0.16212,19.123
3922,395,9,9,125,42,3,0,0,1,0.02,0.15329,583.482
3923,339,7,7,118,37,4,1,1,0,0.02,0.12004,492.236
3924,96,4,4,43,10,2,1,1,0,0.02,0.18624,139.448
3925,330,9,9,114,37,3,1,1,0,0.02,0.1403,482.858
3926,65,1,1,29,8,1,1,1,0,0.02,0.13624,79.861
3927,37,0,0,17,5,0,1,1,0,0.02,0.18147,19.412
3928,400,8,8,114,44,1,0,0,1,0.02,0.12642,588.844
3929,69,0,0,28,9,0,1,1,0,0.02,0.15622,79.277
3930,374,9,9,120,40,3,0,0,1,0.02,0.13264,560.416
3931,230,6,6,93,27,0,1,1,0,0.02,0.14463,315.011
3932,400,9,9,118,42,0,0,0,1,0.02,0.1477,600.558
3933,110,1,1,38,14,0,1,1,0,0.02,0.12551,141.066
3934,128,3,3,55,15,0,1,1,0,0.02,0.14245,182.252
3935,64,3,3,21,7,2,1,1,0,0.02,0.15434,61.987
3936,218,7,7,77,24,4,1,1,0,0.02,0.13305,320.727
3937,236,6,6,84,26,0,1,1,0,0.02,0.13879,339.156
3938,13,0,0,4,2,0,1,1,0,0.02,0.26569,0.373
3939,248,4,4,87,26,2,1,1,0,0.02,0.1274,353.02
3940,270,8,8,94,29,0,1,1,0,0.02,0.16483,348.624
3941,340,9,9,120,37,6,1,1,0,0.02,0.12381,500.164
3942,66,3,3,28,7,1,1,1,0,0.02,0.15795,90.443
3943,205,7,7,67,22,5,1,1,0,0.02,0.12572,278.703
3944,400,9,9,131,42,2,0,0,1,0.02,0.15075,586.29
3945,399,9,9,129,42,1,0,0,1,0.02,0.15102,605.773
3946,91,1,1,35,11,0,1,1,0,0.02,0.11773,116.252
3947,29,0,0,11,4,1,1,1,0,0.02,0.14941,22.13
3948,356,9,9,121,38,0,0,0,1,0.02,0.14593,534.579
3949,400,8,8,120,43,3,0,0,1,0.02,0.12247,592.343
3950,5,0,0,2,1,0,1,1,0,0.02,0.18779,-71.118
3951,108,4,4,44,12,0,1,1,0,0.02,0.14484,148.889
3952,284,6,6,104,32,2,1,1,0,0.02,0.14749,407.046
3953,62,2,2,24,7,0,1,1,0,0.02,0.10888,77.885
3954,98,4,4,41,10,0,1,1,0,0.02,0.1198,127.505
3955,77,2,2,37,9,1,1,1,0,0.02,0.13854,102.455
3956,400,9,9,115,43,2,0,0,1,0.02,0.13004,596.529
3957,43,0,0,18,6,0,1,1,0,0.02,0.16035,26.012
3958,88,3,3,33,10,0,1,1,0,0.02,0.11506,119.13
3959,65,1,1,21,8,0,1,1,0,0.02,0.1326,77.446
3960,306,7,7,94,33,1,1,1,0,0.02,0.13014,420.703
3961,302,8,8,112,32,2,1,1,0,0.02,0.14256,430.744
3962,353,9,9,122,37,2,0,0,1,0.02,0.14973,531.057
3963,192,4,4,68,22,0,1,1,0,0.02,0.14376,271.597
3964,285,9,9,104,31,2,1,1,0,0.02,0.12759,423.454
3965,369,9,9,130,39,6,0,0,1,0.02,0.14119,549.795
3966,400,9,9,116,41,2,0,0,1,0.02,0.13907,593.968
3967,400,9,9,131,41,0,0,0,1,0.02,0.13783,611.019
3968,13,0,0,3,2,1,1,1,0,0.02,0.25828,-0.383
3969,203,3,3,74,24,3,1,1,0,0.02,0.15925,232.708
3970,400,8,8,121,44,2,0,0,1,0.02,0.14944,585.39
3971,400,9,9,116,43,2,0,0,1,0.02,0.13351,598.7
3972,16,1,1,7,2,3,1,1,0,0.02,0.705,-25.733
3973,155,4,4,65,18,3,1,1,0,0.02,0.28399,184.688
3974,151,4,4,56,17,1,1,1,0,0.02,0.14226,213.502
3975,397,9,9,121,41,5,0,0,1,0.02,0.12273,587.146
3976,37,0,0,18,5,0,1,1,0,0.02,0.17208,35.851
3977,346,9,9,119,36,1,0,0,1,0.02,0.17727,527.454
3978,107,6,6,37,11,2,1,1,0,0.02,0.12364,107.734
3979,71,3,3,29,8,1,1,1,0,0.02,0.20862,93.448
3980,92,4,4,29,10,0,1,1,0,0.02,0.10741,114.584
3981,28,0,0,11,4,1,1,1,0,0.02,0.18789,19.381
3982,267,5,5,92,30,2,1,1,0,0.02,0.13293,383.051
3983,6,0,0,2,1,0,1,1,0,0.02,0.30474,-10.04
3984,374,9,9,120,40,3,0,0,1,0.02,0.15504,552.14
3985,62,0,0,18,8,0,1,1,0,0.02,0.15883,68.301
3986,305,8,8,101,34,2,1,1,0,0.02,0.17658,438.136
3987,261,4,4,90,31,1,1,1,0,0.02,0.19781,349.12
3988,388,9,9,119,40,2,0,0,1,0.02,0.14081,572.838
3989,387,9,9,128,40,1,0,0,1,0.02,0.13351,576.464
3990,252,8,8,85,27,0,1,1,0,0.02,0.13904,372.213
3991,46,0,0,26,6,0,1,1,0,0.02,0.29189,32.252
3992,400,9,9,106,42,2,0,0,1,0.02,0.11971,592.341
3993,127,2,2,52,15,1,1,1,0,0.02,0.14678,171.822
3994,151,4,4,65,17,1,1,1,0,0.02,0.15672,218.998
3995,400,9,9,124,44,2,0,0,1,0.02,0.12435,603.257
3996,234,5,5,91,27,2,1,1,0,0.02,0.15216,321.109
3997,149,1,1,61,18,2,1,1,0,0.02,0.14493,200.897
3998,349,9,9,123,37,3,0,0,1,0.02,0.13473,529.983
3999,382,9,9,127,40,3,0,0,1,0.02,0.1408,566.719
4000,74,2,2,38,8,2,1,1,0,0.02,0.29009,54.848
