episode,steps,score,coins,crates,bombs,reward,epsilon,killed_self,survived,weight_norm
1,23,0,0,2,2,-5.23,0.9995,1,0,0.0163
2,7,0,0,4,1,-3.895,0.999,1,0,0.0225
3,9,0,0,3,1,-4.215,0.9986,1,0,0.0303
4,10,0,0,2,1,-4.725,0.9981,1,0,0.038
5,5,0,0,4,1,-3.775,0.9976,1,0,0.0445
6,6,0,0,2,1,-4.535,0.9971,1,0,0.0531
7,26,1,1,9,3,-1.5525,0.9967,1,0,0.0536
8,15,0,0,7,2,-2.7675,0.9962,1,0,0.0556
9,5,0,0,2,1,-4.425,0.9957,1,0,0.0625
10,29,2,2,5,2,-1.99,0.9952,1,0,0.071
11,5,0,0,4,1,-3.875,0.9948,1,0,0.0769
12,5,0,0,4,1,-3.875,0.9943,1,0,0.0829
13,8,0,0,4,1,-3.915,0.9938,1,0,0.0841
14,8,0,0,3,1,-4.305,0.9933,1,0,0.0884
15,16,0,0,3,2,-4.42,0.9929,1,0,0.0948
16,5,0,0,4,1,-3.875,0.9924,1,0,0.1003
17,12,0,0,1,1,-5.045,0.9919,1,0,0.1075
18,23,1,1,4,2,-3.1375,0.9915,1,0,0.1115
19,5,0,0,1,1,-4.775,0.991,1,0,0.1175
20,9,0,0,3,1,-4.165,0.9905,1,0,0.1225
21,11,0,0,3,1,-4.235,0.99,1,0,0.127
22,6,0,0,1,1,-4.735,0.9896,1,0,0.1296
23,13,0,0,3,1,-4.2125,0.9891,1,0,0.136
24,5,0,0,4,1,-3.575,0.9886,1,0,0.1399
25,7,0,0,2,1,-4.495,0.9881,1,0,0.1455
26,54,3,3,8,4,-0.475,0.9877,1,0,0.1503
27,13,0,0,5,2,-3.6475,0.9872,1,0,0.1545
28,7,0,0,5,1,-3.695,0.9867,1,0,0.158
29,14,0,0,4,2,-4.0075,0.9862,1,0,0.1572
30,7,0,0,4,1,-3.995,0.9858,1,0,0.1617
31,18,0,0,4,2,-3.99,0.9853,1,0,0.1655
32,7,0,0,3,1,-4.245,0.9848,1,0,0.1696
33,6,0,0,1,1,-4.885,0.9843,1,0,0.1755
34,5,0,0,4,1,-3.675,0.9839,1,0,0.1789
35,22,0,0,5,2,-3.8775,0.9834,1,0,0.1828
36,7,0,0,2,1,-4.595,0.9829,1,0,0.188
37,17,0,0,3,2,-4.43,0.9824,1,0,0.1907
38,6,0,0,3,1,-4.195,0.9819,1,0,0.1952
39,5,0,0,4,1,-3.775,0.9815,1,0,0.1985
40,7,0,0,3,1,-4.0625,0.981,1,0,0.2021
41,11,0,0,1,1,-4.9025,0.9805,1,0,0.2051
42,10,0,0,3,1,-4.2425,0.98,1,0,0.2089
43,7,0,0,4,1,-3.895,0.9796,1,0,0.2119
44,13,0,0,5,2,-3.83,0.9791,1,0,0.2162
45,7,0,0,2,1,-4.445,0.9786,1,0,0.2217
46,5,0,0,3,1,-4.075,0.9781,1,0,0.2252
47,10,0,0,5,1,-3.725,0.9777,1,0,0.2261
48,9,0,0,5,1,-3.175,0.9772,1,0,0.23
49,6,0,0,4,1,-3.935,0.9767,1,0,0.233
50,7,0,0,3,1,-4.145,0.9762,1,0,0.2345
51,7,0,0,2,1,-4.5525,0.9758,1,0,0.2398
52,5,0,0,3,1,-4.075,0.9753,1,0,0.242
53,7,0,0,3,1,-4.295,0.9748,1,0,0.2454
54,7,0,0,4,1,-3.695,0.9744,1,0,0.2472
55,6,0,0,3,1,-4.1025,0.9739,1,0,0.2519
56,8,0,0,4,1,-3.755,0.9734,1,0,0.2535
57,7,0,0,3,1,-4.0525,0.9729,1,0,0.2604
58,5,0,0,4,1,-3.875,0.9725,1,0,0.263
59,21,0,0,3,1,-4.685,0.972,1,0,0.2622
60,6,0,0,3,1,-4.085,0.9715,1,0,0.2653
61,11,0,0,2,1,-4.695,0.971,1,0,0.2695
62,6,0,0,1,1,-4.695,0.9706,1,0,0.2747
63,16,0,0,7,2,-2.91,0.9701,1,0,0.2751
64,8,0,0,3,1,-4.315,0.9696,1,0,0.2798
65,6,0,0,2,1,-4.635,0.9691,1,0,0.2832
66,5,0,0,4,1,-3.575,0.9687,1,0,0.2853
67,7,0,0,3,1,-4.2625,0.9682,1,0,0.289
68,10,0,0,3,1,-4.135,0.9677,1,0,0.2931
69,5,0,0,1,1,-4.725,0.9672,1,0,0.2955
70,11,0,0,3,1,-4.585,0.9667,1,0,0.297
71,6,0,0,3,1,-4.135,0.9663,1,0,0.2995
72,6,0,0,4,1,-3.935,0.9658,1,0,0.3016
73,6,0,0,3,1,-4.085,0.9653,1,0,0.3033
74,18,0,0,4,2,-3.9875,0.9648,1,0,0.3053
75,7,0,0,2,1,-4.555,0.9644,1,0,0.3102
76,8,0,0,2,1,-4.615,0.9639,1,0,0.3146
77,14,0,0,6,2,-3.3075,0.9634,1,0,0.3169
78,9,0,0,3,1,-4.315,0.9629,1,0,0.3182
79,13,0,0,2,1,-4.705,0.9625,1,0,0.3189
80,9,0,0,3,1,-4.415,0.962,1,0,0.3208
81,7,0,0,4,1,-3.845,0.9615,1,0,0.3225
82,7,0,0,3,1,-4.195,0.961,1,0,0.3245
83,6,0,0,3,1,-4.085,0.9606,1,0,0.3268
84,5,0,0,3,1,-4.075,0.9601,1,0,0.3296
85,6,0,0,2,1,-4.635,0.9596,1,0,0.3325
86,8,0,0,3,1,-4.105,0.9591,1,0,0.3371
87,9,0,0,3,1,-4.265,0.9587,1,0,0.3381
88,5,0,0,4,1,-3.975,0.9582,1,0,0.3403
89,8,0,0,3,1,-4.305,0.9577,1,0,0.3421
90,23,0,0,4,2,-4.3475,0.9573,1,0,0.3424
91,9,0,0,6,1,-3.015,0.9568,1,0,0.3425
92,6,0,0,2,1,-4.4925,0.9563,1,0,0.3471
93,9,0,0,4,1,-4.015,0.9558,1,0,0.3481
94,9,0,0,3,1,-4.265,0.9554,1,0,0.3496
95,7,0,0,3,1,-4.195,0.9549,1,0,0.3513
96,8,0,0,2,1,-4.505,0.9544,1,0,0.3536
97,9,0,0,3,1,-4.075,0.9539,1,0,0.357
98,8,0,0,2,1,-4.505,0.9535,1,0,0.359
99,9,0,0,4,1,-3.815,0.953,1,0,0.359
100,17,0,0,4,2,-3.8875,0.9525,1,0,0.3633
101,5,0,0,4,1,-3.775,0.952,1,0,0.3648
102,21,0,0,4,2,-4.36,0.9516,1,0,0.3658
103,5,0,0,2,1,-4.475,0.9511,1,0,0.3683
104,10,0,0,3,1,-4.225,0.9506,1,0,0.3698
105,8,0,0,3,1,-4.205,0.9501,1,0,0.3741
106,38,2,2,6,3,-1.7225,0.9496,1,0,0.3705
107,13,0,0,3,1,-4.455,0.9492,1,0,0.3713
108,7,0,0,2,1,-4.445,0.9487,1,0,0.3735
109,5,0,0,4,1,-3.975,0.9482,1,0,0.3754
110,7,0,0,6,1,-3.045,0.9477,1,0,0.3759
111,13,0,0,4,2,-4.13,0.9473,1,0,0.378
112,9,0,0,3,1,-4.165,0.9468,1,0,0.3821
113,26,0,0,1,1,-5.485,0.9463,1,0,0.3795
114,6,0,0,2,1,-4.385,0.9458,1,0,0.3821
115,5,0,0,3,1,-4.075,0.9454,1,0,0.3839
116,8,0,0,1,1,-4.805,0.9449,1,0,0.3866
117,5,0,0,4,1,-3.875,0.9444,1,0,0.388
118,5,0,0,4,1,-3.875,0.9439,1,0,0.3895
119,7,0,0,2,1,-4.5625,0.9435,1,0,0.3928
120,7,0,0,2,1,-4.545,0.943,1,0,0.3942
121,16,0,0,3,1,-4.185,0.9425,1,0,0.3939
122,8,0,0,3,1,-4.155,0.9421,1,0,0.3953
123,6,0,0,3,1,-4.185,0.9416,1,0,0.3999
124,8,0,0,2,1,-4.415,0.9411,1,0,0.4026
125,6,0,0,1,1,-4.7025,0.9406,1,0,0.4075
126,7,0,0,4,1,-3.995,0.9402,1,0,0.4087
127,10,0,0,4,1,-3.875,0.9397,1,0,0.4086
128,5,0,0,3,1,-4.175,0.9392,1,0,0.4107
129,8,0,0,3,1,-4.305,0.9387,1,0,0.4124
130,5,0,0,3,1,-4.175,0.9383,1,0,0.4141
131,6,0,0,3,1,-4.0925,0.9378,1,0,0.4178
132,6,0,0,3,1,-4.085,0.9373,1,0,0.4196
133,14,0,0,1,1,-5.115,0.9368,1,0,0.4208
134,10,0,0,6,1,-3.225,0.9364,1,0,0.4207
135,7,0,0,3,1,-4.0525,0.9359,1,0,0.4266
136,8,0,0,3,1,-4.055,0.9354,1,0,0.4274
137,7,0,0,2,1,-4.545,0.9349,1,0,0.4313
138,8,0,0,6,1,-3.305,0.9345,1,0,0.4315
139,9,0,0,3,1,-4.315,0.934,1,0,0.4324
140,28,0,0,11,4,-1.9575,0.9335,1,0,0.4314
141,5,0,0,3,1,-4.075,0.933,1,0,0.4329
142,7,0,0,3,1,-4.195,0.9325,1,0,0.4339
143,7,0,0,3,1,-4.395,0.9321,1,0,0.4355
144,7,0,0,4,1,-3.795,0.9316,1,0,0.4358
145,8,0,0,2,1,-4.4125,0.9311,1,0,0.4415
146,7,0,0,5,1,-3.445,0.9306,1,0,0.442
147,17,0,0,5,2,-3.5875,0.9302,1,0,0.4412
148,9,0,0,3,1,-4.265,0.9297,1,0,0.4453
149,5,0,0,4,1,-3.875,0.9292,1,0,0.4464
150,6,0,0,2,1,-4.535,0.9287,1,0,0.4483
151,6,0,0,1,1,-4.785,0.9283,1,0,0.4506
152,7,0,0,3,1,-4.155,0.9278,1,0,0.4549
153,26,0,0,6,3,-3.57,0.9273,1,0,0.4547
154,6,0,0,3,1,-4.185,0.9268,1,0,0.4556
155,10,0,0,2,1,-4.775,0.9264,1,0,0.4565
156,7,0,0,2,1,-4.455,0.9259,1,0,0.4608
157,20,0,0,4,2,-4.25,0.9254,1,0,0.4618
158,5,0,0,3,1,-4.175,0.925,1,0,0.4637
159,6,0,0,3,1,-4.185,0.9245,1,0,0.4649
160,7,0,0,2,1,-4.645,0.924,1,0,0.4667
161,20,0,0,4,2,-4.3175,0.9235,1,0,0.4666
162,7,0,0,3,1,-4.055,0.9231,1,0,0.4698
163,5,0,0,2,1,-4.325,0.9226,1,0,0.4717
164,15,0,0,2,2,-4.6675,0.9221,1,0,0.4767
165,12,0,0,4,1,-3.995,0.9216,1,0,0.476
166,8,0,0,3,1,-4.255,0.9212,1,0,0.4769
167,9,0,0,3,1,-4.115,0.9207,1,0,0.4776
168,20,0,0,3,1,-4.775,0.9202,1,0,0.4763
169,17,0,0,5,2,-3.77,0.9197,1,0,0.4799
170,5,0,0,2,1,-4.475,0.9193,1,0,0.4819
171,9,0,0,5,1,-3.475,0.9188,1,0,0.4846
172,9,0,0,5,1,-3.575,0.9183,1,0,0.4873
173,10,0,0,3,1,-4.3425,0.9178,1,0,0.4901
174,8,0,0,1,1,-4.8225,0.9173,1,0,0.4944
175,5,0,0,4,1,-3.575,0.9169,1,0,0.495
176,15,0,0,6,2,-3.55,0.9164,1,0,0.4961
177,7,0,0,3,1,-4.345,0.9159,1,0,0.4976
178,9,0,0,3,1,-4.065,0.9154,1,0,0.5016
179,8,0,0,6,1,-3.055,0.915,1,0,0.5018
180,11,0,0,1,1,-5.085,0.9145,1,0,0.5034
181,7,0,0,3,1,-4.255,0.914,1,0,0.5074
182,16,0,0,3,1,-4.495,0.9135,1,0,0.5098
183,5,0,0,3,1,-4.175,0.9131,1,0,0.511
184,5,0,0,3,1,-3.975,0.9126,1,0,0.5121
185,6,0,0,3,1,-4.185,0.9121,1,0,0.5137
186,14,0,0,4,2,-4.14,0.9116,1,0,0.5152
187,13,0,0,6,1,-3.555,0.9112,1,0,0.5153
188,8,0,0,4,1,-4.055,0.9107,1,0,0.5157
189,9,0,0,1,1,-4.965,0.9102,1,0,0.5173
190,5,0,0,2,1,-4.475,0.9098,1,0,0.519
191,8,0,0,3,1,-4.255,0.9093,1,0,0.5197
192,5,0,0,1,1,-4.775,0.9088,1,0,0.5216
193,23,0,0,3,1,-4.615,0.9083,1,0,0.5226
194,26,1,1,6,2,-2.71,0.9079,1,0,0.5203
195,34,0,1,2,2,-4.0575,0.9074,1,0,0.5175
196,7,0,0,3,1,-4.255,0.9069,1,0,0.5207
197,15,0,0,4,1,-3.725,0.9064,1,0,0.5229
198,6,0,0,3,1,-4.135,0.906,1,0,0.5241
199,8,0,0,1,1,-4.7225,0.9055,1,0,0.5281
200,12,0,0,2,1,-4.7625,0.905,1,0,0.5314
201,20,0,0,4,2,-4.21,0.9045,1,0,0.5301
202,7,0,0,3,1,-4.045,0.9041,1,0,0.5312
203,5,0,0,3,1,-4.275,0.9036,1,0,0.5325
204,8,0,0,1,1,-4.905,0.9031,1,0,0.5352
205,24,0,0,4,2,-4.49,0.9026,1,0,0.5357
206,23,0,0,4,2,-4.2375,0.9022,1,0,0.5373
207,7,0,0,4,1,-3.645,0.9017,1,0,0.5383
208,18,0,0,3,2,-4.3975,0.9012,1,0,0.54
209,5,0,0,2,1,-4.325,0.9007,1,0,0.5409
210,11,0,0,3,1,-4.1925,0.9002,1,0,0.5459
211,9,0,0,3,1,-4.015,0.8998,1,0,0.5465
212,6,0,0,3,1,-4.095,0.8993,1,0,0.5504
213,5,0,0,3,1,-4.175,0.8988,1,0,0.5516
214,6,0,0,3,1,-4.185,0.8983,1,0,0.5527
215,12,0,0,1,1,-4.8625,0.8979,1,0,0.556
216,7,0,0,3,1,-4.245,0.8974,1,0,0.5567
217,5,0,0,3,1,-4.175,0.8969,1,0,0.5578
218,5,0,0,2,1,-4.475,0.8964,1,0,0.5591
219,20,0,0,3,1,-4.5325,0.896,1,0,0.5626
220,7,0,0,3,1,-4.255,0.8955,1,0,0.5664
221,8,0,0,2,1,-4.455,0.895,1,0,0.5662
222,12,0,0,2,1,-4.745,0.8945,1,0,0.5672
223,23,0,0,7,2,-3.34,0.8941,1,0,0.5667
224,10,0,0,3,1,-4.175,0.8936,1,0,0.5669
225,13,0,0,3,1,-4.155,0.8931,1,0,0.5664
226,10,0,0,4,1,-4.075,0.8926,1,0,0.5663
227,6,0,0,3,1,-4.135,0.8922,1,0,0.5673
228,8,0,0,4,1,-3.955,0.8917,1,0,0.5676
229,6,0,0,1,1,-4.885,0.8912,1,0,0.5694
230,5,0,0,2,1,-4.475,0.8908,1,0,0.5707
231,9,0,0,3,1,-4.265,0.8903,1,0,0.5713
232,29,1,1,6,3,-2.89,0.8898,1,0,0.5738
233,17,0,0,3,1,-4.545,0.8893,1,0,0.5735
234,24,1,1,7,3,-2.325,0.8889,1,0,0.5751
235,7,0,0,3,1,-4.195,0.8884,1,0,0.5758
236,7,0,0,1,1,-4.845,0.8879,1,0,0.5775
237,7,0,0,3,1,-4.1625,0.8874,1,0,0.5803
238,7,0,0,3,1,-4.2525,0.887,1,0,0.5827
239,36,0,0,6,4,-3.8425,0.8865,1,0,0.5863
240,5,0,0,4,1,-3.775,0.886,1,0,0.5871
241,11,0,0,2,1,-4.585,0.8855,1,0,0.5904
242,19,0,0,1,1,-5.365,0.8851,1,0,0.5928
243,9,0,0,1,1,-5.065,0.8846,1,0,0.5937
244,5,0,0,3,1,-4.075,0.8841,1,0,0.5945
245,9,0,0,3,1,-4.365,0.8836,1,0,0.5952
246,17,0,0,5,1,-3.445,0.8831,1,0,0.5942
247,15,0,0,5,2,-3.5775,0.8827,1,0,0.597
248,16,0,0,3,1,-4.285,0.8822,1,0,0.5993
249,9,0,0,5,1,-3.475,0.8817,1,0,0.6016
250,16,0,0,5,2,-3.8275,0.8812,1,0,0.6028
251,6,0,0,2,1,-4.4025,0.8808,1,0,0.6065
252,6,0,0,3,1,-4.335,0.8803,1,0,0.6077
253,21,0,0,4,2,-4.31,0.8798,1,0,0.6095
254,6,0,0,4,1,-3.835,0.8793,1,0,0.6099
255,7,0,0,2,1,-4.355,0.8789,1,0,0.6136
256,11,0,0,4,1,-4.135,0.8784,1,0,0.6137
257,26,0,0,7,2,-3.21,0.8779,1,0,0.615
258,5,0,0,3,1,-4.275,0.8775,1,0,0.6164
259,9,0,0,4,1,-3.915,0.877,1,0,0.6163
260,5,0,0,4,1,-3.875,0.8765,1,0,0.6168
261,11,0,0,3,1,-4.235,0.876,1,0,0.6165
262,6,0,0,2,1,-4.3925,0.8756,1,0,0.619
263,14,0,0,8,2,-2.41,0.8751,1,0,0.6209
264,6,0,0,2,1,-4.535,0.8746,1,0,0.6222
265,5,0,0,1,1,-4.875,0.8741,1,0,0.6237
266,17,0,0,2,1,-4.745,0.8737,1,0,0.6227
267,10,0,0,4,1,-3.875,0.8732,1,0,0.6222
268,5,0,0,3,1,-4.175,0.8727,1,0,0.623
269,13,0,0,3,1,-4.355,0.8722,1,0,0.6226
270,17,0,0,3,1,-4.5525,0.8718,1,0,0.6238
271,8,0,0,2,1,-4.4125,0.8713,1,0,0.6285
272,18,0,0,3,1,-4.515,0.8708,1,0,0.6304
273,28,0,0,3,2,-4.88,0.8703,1,0,0.6304
274,6,0,0,2,1,-4.485,0.8699,1,0,0.6314
275,5,0,0,3,1,-4.075,0.8694,1,0,0.6321
276,16,0,0,5,2,-3.7275,0.8689,1,0,0.635
277,7,0,0,2,1,-4.445,0.8684,1,0,0.6362
278,17,0,0,5,2,-3.6775,0.8679,1,0,0.6388
279,8,0,0,2,1,-4.555,0.8675,1,0,0.6394
280,14,0,0,3,1,-4.215,0.867,1,0,0.6392
281,18,0,0,5,2,-3.88,0.8665,1,0,0.6408
282,5,0,0,3,1,-4.125,0.866,1,0,0.6414
283,5,0,0,3,1,-4.075,0.8656,1,0,0.6421
284,6,0,0,2,1,-4.485,0.8651,1,0,0.6431
285,14,0,0,2,1,-4.665,0.8646,1,0,0.6441
286,8,0,0,2,1,-4.6125,0.8641,1,0,0.6465
287,14,0,0,1,1,-5.115,0.8637,1,0,0.6472
288,16,0,0,3,1,-4.485,0.8632,1,0,0.6499
289,21,0,0,4,2,-4.46,0.8627,1,0,0.6513
290,6,0,0,4,1,-3.835,0.8622,1,0,0.6516
291,7,0,0,1,1,-4.745,0.8618,1,0,0.6532
292,7,0,0,2,1,-4.355,0.8613,1,0,0.6558
293,5,0,0,4,1,-3.925,0.8608,1,0,0.6566
294,11,0,0,2,1,-4.585,0.8603,1,0,0.6572
295,16,0,0,5,2,-3.9275,0.8599,1,0,0.6578
296,6,0,0,3,1,-4.085,0.8594,1,0,0.6585
297,17,0,0,4,2,-4.1375,0.8589,1,0,0.6589
298,7,0,0,3,1,-4.0525,0.8585,1,0,0.6633
299,7,0,0,3,1,-4.145,0.858,1,0,0.6637
300,13,0,0,1,1,-5.0125,0.8575,1,0,0.6658
301,9,0,0,3,1,-4.2825,0.857,1,0,0.6685
302,5,0,0,3,1,-4.025,0.8566,1,0,0.669
303,5,0,0,3,1,-4.075,0.8561,1,0,0.6698
304,7,0,0,1,1,-4.7525,0.8556,1,0,0.6724
305,5,0,0,2,1,-4.575,0.8551,1,0,0.6734
306,28,0,0,5,2,-4.23,0.8547,1,0,0.6743
307,7,0,0,2,1,-4.555,0.8542,1,0,0.6777
308,5,0,0,4,1,-3.675,0.8537,1,0,0.6779
309,5,0,0,2,1,-4.375,0.8532,1,0,0.6786
310,8,0,0,2,1,-4.705,0.8528,1,0,0.6796
311,5,0,0,4,1,-3.875,0.8523,1,0,0.6799
312,6,0,0,2,1,-4.485,0.8518,1,0,0.6808
313,9,0,0,4,1,-3.715,0.8513,1,0,0.681
314,5,0,0,3,1,-3.835,0.8508,1,0,0.6835
315,6,0,0,3,1,-4.085,0.8504,1,0,0.6842
316,7,0,0,4,1,-3.995,0.8499,1,0,0.6843
317,11,0,0,2,1,-4.635,0.8494,1,0,0.6849
318,5,0,0,3,1,-4.175,0.8489,1,0,0.6855
319,25,0,0,5,2,-4.15,0.8485,1,0,0.6869
320,8,0,0,3,1,-4.015,0.848,1,0,0.6886
321,13,0,0,6,2,-3.3975,0.8475,1,0,0.6895
322,5,0,0,3,1,-4.175,0.847,1,0,0.69
323,9,0,0,2,1,-4.515,0.8466,1,0,0.6905
324,5,0,0,4,1,-3.775,0.8461,1,0,0.6907
325,5,0,0,3,1,-4.175,0.8456,1,0,0.6914
326,9,0,0,2,1,-4.515,0.8452,1,0,0.6918
327,12,0,0,0,1,-5.245,0.8447,1,0,0.6919
328,11,0,0,6,1,-3.235,0.8442,1,0,0.6915
329,5,0,0,3,1,-4.025,0.8437,1,0,0.692
330,15,0,0,5,2,-3.76,0.8433,1,0,0.693
331,7,0,0,2,1,-4.545,0.8428,1,0,0.6957
332,22,1,1,8,3,-1.8125,0.8423,1,0,0.6972
333,8,0,0,3,1,-4.305,0.8418,1,0,0.6979
334,6,0,0,1,1,-4.835,0.8414,1,0,0.6991
335,5,0,0,3,1,-4.175,0.8409,1,0,0.6997
336,5,0,0,2,1,-4.375,0.8404,1,0,0.7002
337,9,0,0,3,1,-4.265,0.8399,1,0,0.7006
338,9,0,0,3,1,-4.265,0.8395,1,0,0.7011
339,6,0,0,4,1,-3.935,0.839,1,0,0.7013
340,10,0,0,2,1,-4.6425,0.8385,1,0,0.7041
341,14,0,0,2,1,-4.575,0.838,1,0,0.7067
342,11,0,0,3,1,-4.295,0.8376,1,0,0.7093
343,37,1,1,7,4,-2.5525,0.8371,1,0,0.7126
344,7,0,0,3,1,-4.295,0.8366,1,0,0.7132
345,9,0,0,3,1,-4.015,0.8361,1,0,0.7131
346,18,0,0,5,2,-3.83,0.8357,1,0,0.7138
347,9,0,0,2,1,-4.475,0.8352,1,0,0.7167
348,12,0,0,2,1,-4.695,0.8347,1,0,0.7171
349,6,0,0,3,1,-4.135,0.8342,1,0,0.7178
350,9,0,0,2,1,-4.6825,0.8337,1,0,0.7208
351,5,0,0,4,1,-3.675,0.8333,1,0,0.7209
352,8,0,0,4,1,-3.955,0.8328,1,0,0.7208
353,23,1,1,9,2,-1.39,0.8323,1,0,0.72
354,5,0,0,3,1,-4.075,0.8318,1,0,0.7205
355,7,0,0,4,1,-3.895,0.8314,1,0,0.7204
356,9,0,0,3,1,-4.115,0.8309,1,0,0.7207
357,5,0,0,2,1,-4.525,0.8304,1,0,0.7213
358,8,0,0,3,1,-4.155,0.8299,1,0,0.7216
359,6,0,0,1,1,-4.7025,0.8295,1,0,0.7249
360,12,0,0,2,1,-4.645,0.829,1,0,0.7252
361,6,0,0,2,1,-4.535,0.8285,1,0,0.7261
362,5,0,0,4,1,-3.775,0.828,1,0,0.7262
363,8,0,0,3,1,-4.2225,0.8276,1,0,0.7282
364,7,0,0,3,1,-4.0625,0.8271,1,0,0.7309
365,12,0,0,4,1,-3.895,0.8266,1,0,0.7301
366,24,0,0,6,2,-3.3475,0.8262,1,0,0.7316
367,8,0,0,3,1,-4.305,0.8257,1,0,0.7323
368,29,0,0,5,1,-4.215,0.8252,1,0,0.7311
369,16,0,0,3,1,-4.585,0.8247,1,0,0.7312
370,23,0,0,5,2,-4.2475,0.8243,1,0,0.7315
371,25,0,0,3,1,-4.635,0.8238,1,0,0.7324
372,12,0,0,4,1,-3.995,0.8233,1,0,0.7321
373,15,0,0,6,2,-3.3675,0.8228,1,0,0.7344
374,6,0,0,3,1,-4.1025,0.8224,1,0,0.7371
375,15,0,0,3,2,-4.45,0.8219,1,0,0.7382
376,11,0,0,2,1,-4.785,0.8214,1,0,0.7393
377,39,3,3,9,5,0.34,0.8209,1,0,0.7396
378,5,0,0,4,1,-3.675,0.8205,1,0,0.7397
379,5,0,0,3,1,-4.125,0.82,1,0,0.7401
380,7,0,0,3,1,-4.155,0.8195,1,0,0.743
381,9,0,0,3,1,-4.275,0.819,1,0,0.7458
382,12,0,0,3,1,-4.445,0.8185,1,0,0.7464
383,7,0,0,3,1,-4.095,0.8181,1,0,0.7465
384,24,0,0,3,1,-4.965,0.8176,1,0,0.7463
385,12,0,0,2,1,-4.745,0.8171,1,0,0.747
386,13,0,0,2,1,-4.605,0.8166,1,0,0.7492
387,5,0,0,3,1,-3.925,0.8162,1,0,0.7495
388,8,0,0,3,1,-4.205,0.8157,1,0,0.7502
389,5,0,0,4,1,-3.775,0.8152,1,0,0.7504
390,7,0,0,3,1,-4.145,0.8147,1,0,0.7511
391,11,0,0,2,1,-4.595,0.8143,1,0,0.754
392,32,0,0,4,3,-4.895,0.8138,1,0,0.757
393,6,0,0,1,1,-4.6925,0.8133,1,0,0.7591
394,12,0,0,3,1,-4.2525,0.8128,1,0,0.7629
395,11,0,0,3,1,-4.185,0.8124,1,0,0.7631
396,6,0,0,2,1,-4.3925,0.8119,1,0,0.7649
397,6,0,0,2,1,-4.4025,0.8114,1,0,0.7678
398,14,0,0,2,1,-4.865,0.811,1,0,0.7681
399,7,0,0,3,1,-4.195,0.8105,1,0,0.7685
400,8,0,0,3,1,-4.105,0.81,1,0,0.769
401,10,0,0,3,1,-4.3425,0.8095,1,0,0.771
402,6,0,0,1,1,-4.6925,0.8091,1,0,0.773
403,32,1,1,11,3,-1.1225,0.8086,1,0,0.7731
404,19,0,0,5,2,-3.7575,0.8081,1,0,0.7741
405,6,0,0,2,1,-4.485,0.8076,1,0,0.7748
406,7,0,0,3,1,-3.995,0.8072,1,0,0.7749
407,5,0,0,3,1,-4.275,0.8067,1,0,0.7755
408,5,0,0,3,1,-4.175,0.8062,1,0,0.776
409,6,0,0,3,1,-4.2025,0.8057,1,0,0.7787
410,16,0,0,3,2,-4.2675,0.8053,1,0,0.7803
411,14,0,0,3,1,-4.415,0.8048,1,0,0.7803
412,10,0,0,4,1,-4.075,0.8043,1,0,0.7803
413,5,0,0,3,1,-3.975,0.8038,1,0,0.7807
414,6,0,0,1,1,-4.885,0.8034,1,0,0.782
415,65,2,2,8,5,-1.7775,0.8029,1,0,0.7822
416,26,1,1,8,3,-1.8625,0.8024,1,0,0.7832
417,9,0,0,4,1,-3.815,0.8019,1,0,0.783
418,10,0,0,5,1,-3.725,0.8014,1,0,0.7834
419,34,1,1,9,4,-1.615,0.801,1,0,0.7857
420,17,1,1,4,2,-2.9375,0.8005,1,0,0.7861
421,7,0,0,4,1,-3.795,0.8,1,0,0.786
422,14,0,0,1,1,-5.015,0.7995,1,0,0.7861
423,8,0,0,2,1,-4.605,0.7991,1,0,0.7869
424,20,0,0,5,2,-4.16,0.7986,1,0,0.7877
425,8,0,0,2,1,-4.415,0.7981,1,0,0.7905
426,5,0,0,3,1,-4.075,0.7976,1,0,0.7909
427,10,0,0,4,1,-4.175,0.7972,1,0,0.791
428,26,0,0,6,3,-3.62,0.7967,1,0,0.7917
429,5,0,0,4,1,-3.775,0.7962,1,0,0.7918
430,12,0,0,1,1,-5.045,0.7957,1,0,0.7923
431,5,0,0,2,1,-4.475,0.7953,1,0,0.7931
432,7,0,0,1,1,-4.845,0.7948,1,0,0.7942
433,6,0,0,3,1,-4.235,0.7943,1,0,0.7947
434,5,0,0,4,1,-3.775,0.7938,1,0,0.7949
435,5,0,0,3,1,-4.075,0.7934,1,0,0.7947
436,49,1,1,11,3,-1.7225,0.7929,1,0,0.7969
437,6,0,0,3,1,-4.095,0.7924,1,0,0.7995
438,15,0,0,4,2,-4.25,0.792,1,0,0.8008
439,6,0,0,2,1,-4.3025,0.7915,1,0,0.8031
440,8,0,0,2,1,-4.455,0.791,1,0,0.8036
441,14,0,0,4,1,-4.115,0.7905,1,0,0.8033
442,14,0,0,3,1,-4.375,0.7901,1,0,0.8055
443,16,0,0,6,2,-3.3775,0.7896,1,0,0.806
444,5,0,0,3,1,-3.925,0.7891,1,0,0.8061
445,6,0,0,4,1,-3.635,0.7886,1,0,0.8061
446,5,0,0,1,1,-4.775,0.7882,1,0,0.8071
447,6,0,0,4,1,-3.935,0.7877,1,0,0.8073
448,7,0,0,3,1,-4.245,0.7872,1,0,0.8078
449,7,0,0,3,1,-4.195,0.7867,1,0,0.8081
450,9,0,0,3,1,-4.315,0.7863,1,0,0.8082
451,7,0,0,3,1,-4.145,0.7858,1,0,0.8086
452,15,0,0,5,2,-3.9175,0.7853,1,0,0.8098
453,7,0,0,3,1,-4.195,0.7848,1,0,0.8102
454,12,0,0,4,1,-4.195,0.7843,1,0,0.8102
455,21,0,0,2,1,-4.795,0.7839,1,0,0.8122
456,6,0,0,3,1,-4.285,0.7834,1,0,0.8128
457,19,0,0,6,2,-3.0975,0.7829,1,0,0.8144
458,10,0,0,4,1,-3.975,0.7824,1,0,0.8143
459,10,0,0,3,1,-4.475,0.782,1,0,0.8146
460,35,0,0,9,3,-2.995,0.7815,1,0,0.8157
461,5,0,0,2,1,-4.325,0.781,1,0,0.816
462,5,0,0,3,1,-4.075,0.7805,1,0,0.8164
463,11,0,0,1,1,-4.935,0.7801,1,0,0.8158
464,6,0,0,2,1,-4.295,0.7796,1,0,0.8185
465,20,0,0,4,2,-4.3,0.7791,1,0,0.8199
466,8,0,0,4,1,-4.055,0.7787,1,0,0.8199
467,8,0,0,3,1,-4.255,0.7782,1,0,0.8202
468,10,0,0,1,1,-4.925,0.7777,1,0,0.8222
469,8,0,0,1,1,-4.905,0.7772,1,0,0.823
470,7,0,0,4,1,-3.995,0.7768,1,0,0.8232
471,9,0,0,1,1,-4.815,0.7763,1,0,0.8239
472,7,0,0,2,1,-4.455,0.7758,1,0,0.8258
473,28,0,0,6,2,-3.6575,0.7753,1,0,0.8266
474,9,0,0,2,1,-4.5825,0.7749,1,0,0.8292
475,15,0,0,4,2,-3.9675,0.7744,1,0,0.8314
476,19,0,0,8,2,-2.9575,0.7739,1,0,0.8312
477,8,0,0,4,1,-3.955,0.7734,1,0,0.8312
478,6,0,0,2,1,-4.485,0.773,1,0,0.8318
479,10,0,0,3,1,-4.275,0.7725,1,0,0.8322
480,38,0,0,5,3,-4.555,0.772,1,0,0.8343
481,15,0,0,5,1,-3.925,0.7715,1,0,0.8344
482,11,0,0,3,1,-4.095,0.7711,1,0,0.8367
483,15,0,0,2,1,-4.6325,0.7706,1,0,0.8379
484,7,0,0,2,1,-4.595,0.7701,1,0,0.8386
485,5,0,0,2,1,-4.475,0.7696,1,0,0.8392
486,5,0,0,2,1,-4.475,0.7692,1,0,0.8399
487,18,0,0,4,2,-4.14,0.7687,1,0,0.8406
488,21,0,0,5,2,-3.96,0.7682,1,0,0.8419
489,6,0,0,1,1,-4.835,0.7677,1,0,0.8419
490,5,0,0,2,1,-4.475,0.7672,1,0,0.8427
491,7,0,0,3,1,-4.145,0.7668,1,0,0.8433
492,6,0,0,2,1,-4.435,0.7663,1,0,0.8439
493,39,0,0,12,3,-1.815,0.7658,1,0,0.844
494,5,0,0,3,1,-4.275,0.7653,1,0,0.8444
495,8,0,0,2,1,-4.515,0.7649,1,0,0.8473
496,6,0,0,2,1,-4.335,0.7644,1,0,0.8477
497,9,0,0,1,1,-4.965,0.7639,1,0,0.8486
498,32,1,1,7,3,-2.615,0.7634,1,0,0.8502
499,11,0,0,4,1,-3.635,0.763,1,0,0.8496
500,5,0,0,2,1,-4.375,0.7625,1,0,0.8502
501,5,0,0,4,1,-3.775,0.762,1,0,0.8503
502,34,1,1,7,3,-2.475,0.7615,1,0,0.8516
503,21,0,0,6,2,-3.56,0.7611,1,0,0.852
504,7,0,0,4,1,-3.795,0.7606,1,0,0.852
505,8,0,0,1,1,-4.955,0.7601,1,0,0.8529
506,12,0,0,2,1,-4.555,0.7597,1,0,0.8543
507,22,0,0,3,1,-4.8625,0.7592,1,0,0.8562
508,31,0,0,8,3,-3.1625,0.7587,1,0,0.8572
509,9,0,0,3,1,-4.065,0.7582,1,0,0.8594
510,7,0,0,3,1,-4.395,0.7578,1,0,0.8598
511,5,0,0,4,1,-3.675,0.7573,1,0,0.8599
512,28,0,0,6,2,-3.7875,0.7568,1,0,0.861
513,5,0,0,4,1,-3.775,0.7563,1,0,0.861
514,18,0,1,3,2,-3.5375,0.7559,1,0,0.8626
515,5,0,0,4,1,-3.875,0.7554,1,0,0.8628
516,7,0,0,2,1,-4.395,0.7549,1,0,0.8632
517,6,0,0,3,1,-4.1025,0.7544,1,0,0.8655
518,6,0,0,3,1,-4.195,0.754,1,0,0.8681
519,27,0,0,6,2,-3.87,0.7535,1,0,0.8694
520,36,1,1,4,2,-3.6775,0.753,1,0,0.8694
521,5,0,0,2,1,-4.575,0.7525,1,0,0.8701
522,7,0,0,2,1,-4.495,0.752,1,0,0.8705
523,36,0,0,5,4,-4.17,0.7516,1,0,0.8711
524,7,0,0,4,1,-3.895,0.7511,1,0,0.8712
525,17,0,0,4,2,-3.9875,0.7506,1,0,0.8717
526,15,0,0,5,2,-3.565,0.7501,1,0,0.8745
527,18,0,0,8,2,-2.74,0.7497,1,0,0.8751
528,5,0,0,2,1,-4.425,0.7492,1,0,0.8758
529,17,0,0,3,1,-4.345,0.7487,1,0,0.8756
530,16,0,0,3,1,-4.485,0.7483,1,0,0.8775
531,5,0,0,3,1,-4.275,0.7478,1,0,0.878
532,6,0,0,3,1,-4.195,0.7473,1,0,0.8805
533,32,1,1,11,3,-1.17,0.7468,1,0,0.8819
534,9,0,0,2,1,-4.675,0.7464,1,0,0.8834
535,9,0,0,3,1,-4.315,0.7459,1,0,0.8836
536,6,0,0,3,1,-4.135,0.7454,1,0,0.8842
537,6,0,0,2,1,-4.485,0.7449,1,0,0.8848
538,8,0,0,3,1,-4.155,0.7445,1,0,0.8851
539,7,0,0,4,1,-3.895,0.744,1,0,0.8851
540,7,0,0,2,1,-4.495,0.7435,1,0,0.8847
541,5,0,0,4,1,-3.775,0.743,1,0,0.8848
542,15,0,0,4,1,-4.025,0.7426,1,0,0.8847
543,8,0,0,3,1,-4.215,0.7421,1,0,0.8871
544,7,0,0,2,1,-4.555,0.7416,1,0,0.8898
545,6,0,0,2,1,-4.535,0.7411,1,0,0.8903
546,7,0,0,2,1,-4.4625,0.7407,1,0,0.8926
547,5,0,0,3,1,-4.175,0.7402,1,0,0.893
548,7,0,0,2,1,-4.495,0.7397,1,0,0.8937
549,14,0,0,4,1,-4.115,0.7392,1,0,0.8934
550,18,0,0,4,2,-4.1975,0.7388,1,0,0.8935
551,19,0,0,3,2,-4.6,0.7383,1,0,0.8972
552,9,0,0,6,1,-3.365,0.7378,1,0,0.897
553,12,0,0,3,1,-4.595,0.7373,1,0,0.8973
554,11,0,0,3,1,-4.335,0.7369,1,0,0.8975
555,27,0,0,7,3,-3.5725,0.7364,1,0,0.8981
556,48,1,1,7,4,-3.25,0.7359,1,0,0.8982
557,8,0,0,2,1,-4.6225,0.7354,1,0,0.8996
558,7,0,0,3,1,-4.0525,0.7349,1,0,0.9007
559,13,0,0,5,2,-3.4875,0.7345,1,0,0.9026
560,7,0,0,3,1,-4.1525,0.734,1,0,0.9053
561,7,0,0,2,1,-4.4525,0.7335,1,0,0.9079
562,23,2,2,5,2,-1.83,0.733,1,0,0.9096
563,10,0,0,5,1,-3.625,0.7326,1,0,0.9094
564,8,0,0,3,1,-4.255,0.7321,1,0,0.9096
565,30,0,0,4,1,-4.625,0.7316,1,0,0.9105
566,5,0,0,3,1,-4.175,0.7311,1,0,0.9108
567,11,0,0,1,1,-4.735,0.7307,1,0,0.9112
568,37,0,0,10,4,-2.7975,0.7302,1,0,0.9124
569,7,0,0,3,1,-4.1625,0.7297,1,0,0.9137
570,46,2,2,10,4,-1.0875,0.7292,1,0,0.9159
571,11,0,0,4,1,-3.935,0.7288,1,0,0.9156
572,5,0,0,4,1,-3.875,0.7283,1,0,0.9157
573,9,0,0,3,1,-4.315,0.7278,1,0,0.9158
574,6,0,0,2,1,-4.495,0.7274,1,0,0.9183
575,9,0,0,1,1,-4.865,0.7269,1,0,0.92
576,6,0,0,3,1,-4.285,0.7264,1,0,0.9206
577,6,0,0,2,1,-4.385,0.7259,1,0,0.9213
578,7,0,0,5,1,-3.395,0.7255,1,0,0.9211
579,8,0,0,3,1,-4.255,0.725,1,0,0.9212
580,5,0,0,2,1,-4.475,0.7245,1,0,0.9217
581,7,0,0,2,1,-4.455,0.724,1,0,0.9243
582,20,0,0,6,1,-3.825,0.7236,1,0,0.9243
583,7,0,0,3,1,-4.195,0.7231,1,0,0.9245
584,7,0,0,3,1,-4.055,0.7226,1,0,0.9261
585,5,0,0,3,1,-4.175,0.7221,1,0,0.9265
586,32,1,1,8,4,-2.205,0.7217,1,0,0.9282
587,9,0,0,3,1,-4.315,0.7212,1,0,0.9285
588,13,0,0,2,1,-4.715,0.7207,1,0,0.93
589,7,0,0,2,1,-4.545,0.7202,1,0,0.9308
590,5,0,0,3,1,-4.075,0.7198,1,0,0.931
591,14,0,0,4,1,-4.115,0.7193,1,0,0.9307
592,11,0,0,3,1,-4.435,0.7188,1,0,0.9311
593,5,0,0,3,1,-4.175,0.7183,1,0,0.9315
594,11,0,0,3,1,-4.295,0.7179,1,0,0.9336
595,17,0,0,3,2,-4.395,0.7174,1,0,0.9365
596,43,0,0,6,3,-4.19,0.7169,1,0,0.938
597,17,0,0,2,1,-4.855,0.7164,1,0,0.9394
598,29,0,0,7,3,-3.325,0.716,1,0,0.9423
599,6,0,0,2,1,-4.395,0.7155,1,0,0.9449
600,5,0,0,4,1,-3.875,0.715,1,0,0.945
601,8,0,0,2,1,-4.355,0.7145,1,0,0.9451
602,23,0,0,5,2,-3.83,0.7141,1,0,0.9458
603,5,0,0,3,1,-4.175,0.7136,1,0,0.9461
604,6,0,0,3,1,-4.0925,0.7131,1,0,0.9471
605,7,0,0,2,1,-4.3525,0.7126,1,0,0.9497
606,22,0,0,5,2,-4.0375,0.7122,1,0,0.9497
607,11,0,0,5,1,-3.585,0.7117,1,0,0.9496
608,9,0,0,3,1,-4.215,0.7112,1,0,0.9497
609,5,0,0,1,1,-4.675,0.7107,1,0,0.9495
610,8,0,0,3,1,-4.015,0.7103,1,0,0.9515
611,10,0,0,2,1,-4.525,0.7098,1,0,0.9519
612,9,0,0,3,1,-4.365,0.7093,1,0,0.9523
613,17,0,0,2,1,-4.695,0.7088,1,0,0.9514
614,19,0,0,3,2,-4.7075,0.7084,1,0,0.9523
615,7,0,0,2,1,-4.455,0.7079,1,0,0.9539
616,7,0,0,2,1,-4.495,0.7074,1,0,0.9543
617,8,0,0,3,1,-4.315,0.7069,1,0,0.9559
618,6,0,0,2,1,-4.435,0.7065,1,0,0.9563
619,16,0,0,5,2,-3.6275,0.706,1,0,0.9579
620,20,0,0,5,2,-3.81,0.7055,1,0,0.9581
621,11,0,0,1,1,-4.995,0.705,1,0,0.9596
622,9,0,0,2,1,-4.475,0.7046,1,0,0.9621
623,5,0,0,4,1,-3.775,0.7041,1,0,0.9621
624,9,0,0,4,1,-4.115,0.7036,1,0,0.9621
625,5,0,0,3,1,-4.075,0.7031,1,0,0.9624
626,5,0,0,2,1,-4.475,0.7026,1,0,0.9629
627,35,0,0,6,3,-3.9925,0.7022,1,0,0.9638
628,8,0,0,4,1,-3.955,0.7017,1,0,0.9637
629,15,0,0,9,2,-1.9175,0.7012,1,0,0.9638
630,28,0,0,2,1,-5.405,0.7007,1,0,0.9635
631,17,0,0,4,1,-3.795,0.7003,1,0,0.9632
632,12,0,0,2,1,-4.445,0.6998,1,0,0.965
633,6,0,0,2,1,-4.5025,0.6993,1,0,0.9673
634,14,0,0,1,1,-5.065,0.6988,1,0,0.9686
635,5,0,0,2,1,-4.475,0.6984,1,0,0.9691
636,5,0,0,4,1,-3.675,0.6979,1,0,0.9691
637,33,1,1,8,3,-1.9725,0.6974,1,0,0.97
638,9,0,0,2,1,-4.4825,0.6969,1,0,0.9714
639,7,0,0,3,1,-4.155,0.6965,1,0,0.973
640,17,0,0,2,1,-4.795,0.696,1,0,0.9729
641,17,0,0,1,1,-5.255,0.6955,1,0,0.9753
642,20,0,0,5,2,-3.76,0.695,1,0,0.976
643,11,0,0,2,1,-4.685,0.6946,1,0,0.9762
644,6,0,0,3,1,-4.235,0.6941,1,0,0.9767
645,6,0,0,1,1,-4.885,0.6936,1,0,0.9776
646,8,0,0,3,1,-4.255,0.6931,1,0,0.9781
647,18,2,2,6,2,-1.23,0.6927,1,0,0.9785
648,8,0,0,4,1,-3.705,0.6922,1,0,0.9787
649,13,0,0,3,1,-4.405,0.6917,1,0,0.9789
650,10,0,0,1,1,-4.835,0.6913,1,0,0.9813
651,11,0,0,2,1,-4.635,0.6908,1,0,0.9814
652,9,0,0,3,1,-4.175,0.6903,1,0,0.9824
653,9,0,0,6,1,-3.065,0.6898,1,0,0.9818
654,13,0,0,3,1,-4.355,0.6894,1,0,0.9823
655,6,0,0,2,1,-4.295,0.6889,1,0,0.9847
656,7,0,0,2,1,-4.545,0.6884,1,0,0.9854
657,6,0,0,1,1,-4.885,0.6879,1,0,0.9855
658,16,0,0,3,1,-4.435,0.6875,1,0,0.9854
659,5,0,0,1,1,-4.625,0.687,1,0,0.9857
660,10,0,0,2,1,-4.625,0.6865,1,0,0.986
661,25,0,0,6,2,-3.5,0.686,1,0,0.987
662,5,0,0,3,1,-4.075,0.6855,1,0,0.9872
663,5,0,0,2,1,-4.375,0.6851,1,0,0.9876
664,9,0,0,6,1,-3.165,0.6846,1,0,0.9872
665,24,0,0,8,2,-3.0975,0.6841,1,0,0.9897
666,8,0,0,3,1,-4.315,0.6836,1,0,0.9913
667,6,0,0,3,1,-3.995,0.6832,1,0,0.9924
668,13,0,0,3,1,-4.515,0.6827,1,0,0.9939
669,5,0,0,2,1,-4.375,0.6822,1,0,0.9943
670,12,0,0,2,1,-4.845,0.6818,1,0,0.9948
671,10,0,0,2,1,-4.625,0.6813,1,0,0.995
672,10,0,0,3,1,-4.135,0.6808,1,0,0.997
673,6,0,0,2,1,-4.5025,0.6803,1,0,0.9993
674,16,0,0,2,1,-4.895,0.6799,1,0,1.0015
675,7,0,0,4,1,-3.795,0.6794,1,0,1.0013
676,6,0,0,1,1,-4.6925,0.6789,1,0,1.0025
677,28,0,0,5,2,-4.14,0.6784,1,0,1.0028
678,5,0,0,4,1,-3.775,0.678,1,0,1.0028
679,6,0,0,2,1,-4.5025,0.6775,1,0,1.005
680,23,0,0,3,1,-4.905,0.677,1,0,1.005
681,34,2,2,11,3,0.1575,0.6765,1,0,1.0049
682,6,0,0,3,1,-4.0025,0.6761,1,0,1.0068
683,8,0,0,4,1,-3.955,0.6756,1,0,1.0067
684,6,0,0,1,1,-4.885,0.6751,1,0,1.0074
685,5,0,0,3,1,-3.975,0.6746,1,0,1.0075
686,18,0,0,3,1,-4.5125,0.6742,1,0,1.0078
687,5,0,0,2,1,-4.375,0.6737,1,0,1.0082
688,6,0,0,3,1,-4.095,0.6732,1,0,1.0103
689,18,0,1,4,2,-2.9875,0.6727,1,0,1.0112
690,6,0,0,0,1,-5.135,0.6723,1,0,1.0117
691,6,0,0,1,1,-4.785,0.6718,1,0,1.0122
692,20,0,0,7,2,-3.21,0.6713,1,0,1.0117
693,23,1,1,7,2,-2.2975,0.6708,1,0,1.0117
694,27,0,0,3,1,-5.055,0.6704,1,0,1.0131
695,7,0,0,2,1,-4.4625,0.6699,1,0,1.0145
696,7,0,0,3,1,-4.255,0.6694,1,0,1.016
697,7,0,0,1,1,-4.8625,0.6689,1,0,1.0184
698,5,0,0,2,1,-4.475,0.6684,1,0,1.0189
699,11,0,0,3,1,-4.185,0.668,1,0,1.0187
700,13,0,0,3,1,-4.555,0.6675,1,0,1.0187
701,42,1,1,7,3,-2.995,0.667,1,0,1.0204
702,21,0,0,9,2,-2.71,0.6665,1,0,1.0208
703,15,0,0,5,2,-3.5675,0.6661,1,0,1.0229
704,7,0,0,2,1,-4.4625,0.6656,1,0,1.0242
705,8,0,0,3,1,-4.255,0.6651,1,0,1.0244
706,25,0,0,5,3,-4.22,0.6646,1,0,1.0262
707,7,0,0,3,1,-4.245,0.6642,1,0,1.0283
708,11,0,0,4,1,-4.135,0.6637,1,0,1.0281
709,6,0,0,4,1,-4.035,0.6632,1,0,1.0282
710,5,0,0,3,1,-4.275,0.6627,1,0,1.0286
711,21,0,0,3,1,-4.785,0.6623,1,0,1.0284
712,9,0,0,4,1,-3.765,0.6618,1,0,1.0297
713,26,0,0,3,2,-5.01,0.6613,1,0,1.0304
714,18,0,0,5,2,-3.9875,0.6609,1,0,1.0321
715,12,0,0,2,1,-4.895,0.6604,1,0,1.0326
716,33,0,0,8,2,-3.7575,0.6599,1,0,1.0341
717,5,0,0,3,1,-4.075,0.6594,1,0,1.0344
718,5,0,0,4,1,-3.675,0.659,1,0,1.0343
719,6,0,0,3,1,-4.235,0.6585,1,0,1.0346
720,19,0,0,4,2,-4.29,0.658,1,0,1.0357
721,12,0,0,2,1,-4.745,0.6575,1,0,1.0359
722,6,0,0,3,1,-4.185,0.6571,1,0,1.0364
723,7,0,0,2,1,-4.645,0.6566,1,0,1.0369
724,8,0,0,4,1,-3.955,0.6561,1,0,1.0368
725,5,0,0,2,1,-4.475,0.6556,1,0,1.0373
726,30,0,1,11,3,-0.9025,0.6552,1,0,1.037
727,7,0,0,2,1,-4.455,0.6547,1,0,1.0393
728,6,0,0,1,1,-4.735,0.6542,1,0,1.0398
729,6,0,0,2,1,-4.395,0.6537,1,0,1.0421
730,7,0,0,2,1,-4.555,0.6532,1,0,1.0444
731,20,1,1,4,2,-3.06,0.6528,1,0,1.0455
732,27,0,0,7,2,-3.5375,0.6523,1,0,1.0455
733,7,0,0,3,1,-4.195,0.6518,1,0,1.0456
734,5,0,0,3,1,-4.175,0.6514,1,0,1.0458
735,7,0,0,2,1,-4.645,0.6509,1,0,1.0463
736,8,0,0,3,1,-4.205,0.6504,1,0,1.0464
737,21,0,0,2,1,-4.935,0.6499,1,0,1.0461
738,24,0,0,4,2,-4.5075,0.6495,1,0,1.0489
739,7,0,0,3,1,-4.095,0.649,1,0,1.0489
740,6,0,0,2,1,-4.4925,0.6485,1,0,1.05
741,39,2,2,8,4,-1.2775,0.648,1,0,1.0531
742,15,0,0,3,1,-4.4325,0.6476,1,0,1.0551
743,40,2,2,8,4,-1.385,0.6471,1,0,1.0573
744,11,0,0,3,1,-4.395,0.6466,1,0,1.0593
745,8,0,0,2,1,-4.705,0.6461,1,0,1.0598
746,5,0,0,4,1,-3.775,0.6457,1,0,1.0599
747,13,0,0,3,1,-4.255,0.6452,1,0,1.0596
748,9,0,0,2,1,-4.465,0.6447,1,0,1.0596
749,5,0,0,1,1,-4.825,0.6442,1,0,1.0601
750,12,0,0,3,1,-4.145,0.6438,1,0,1.0604
751,7,0,0,1,1,-4.855,0.6433,1,0,1.0628
752,14,0,0,5,2,-3.6075,0.6428,1,0,1.0654
753,9,0,0,6,1,-3.165,0.6423,1,0,1.0654
754,17,0,0,5,2,-3.7875,0.6419,1,0,1.0656
755,15,0,0,3,1,-4.2425,0.6414,1,0,1.0669
756,22,0,0,3,1,-4.795,0.6409,1,0,1.0664
757,7,0,0,4,1,-3.995,0.6404,1,0,1.0664
758,18,0,0,8,2,-2.89,0.64,1,0,1.0667
759,26,0,0,6,2,-3.86,0.6395,1,0,1.066
760,7,0,0,3,1,-4.295,0.639,1,0,1.0663
761,9,0,0,3,1,-4.265,0.6385,1,0,1.0683
762,5,0,0,2,1,-4.525,0.6381,1,0,1.0688
763,7,0,0,3,1,-4.0525,0.6376,1,0,1.071
764,32,0,0,6,3,-3.705,0.6371,1,0,1.0742
765,11,0,0,5,1,-3.585,0.6366,1,0,1.0741
766,22,0,0,4,2,-4.32,0.6361,1,0,1.0749
767,8,0,0,2,1,-4.5125,0.6357,1,0,1.0758
768,15,0,0,4,2,-4.41,0.6352,1,0,1.0769
769,21,1,2,4,3,-1.91,0.6347,1,0,1.0781
770,11,0,0,2,1,-4.485,0.6342,1,0,1.0789
771,10,0,0,3,1,-4.335,0.6338,1,0,1.081
772,22,2,2,2,2,-2.67,0.6333,1,0,1.0824
773,17,1,1,5,2,-2.5275,0.6328,1,0,1.0837
774,11,0,0,2,1,-4.435,0.6323,1,0,1.0837
775,10,0,0,5,1,-3.535,0.6319,1,0,1.0846
776,11,0,0,5,1,-3.735,0.6314,1,0,1.0846
777,29,1,1,5,2,-3.1475,0.6309,1,0,1.0854
778,15,0,0,2,1,-4.875,0.6304,1,0,1.0855
779,7,0,0,2,1,-4.455,0.63,1,0,1.0877
780,7,0,0,3,1,-4.195,0.6295,1,0,1.0878
781,38,0,0,10,4,-2.8,0.629,1,0,1.0897
782,10,0,0,2,1,-4.725,0.6285,1,0,1.0901
783,5,0,0,3,1,-4.225,0.6281,1,0,1.0904
784,11,0,0,3,1,-4.285,0.6276,1,0,1.0907
785,21,0,0,3,1,-4.685,0.6271,1,0,1.0905
786,36,1,1,14,4,-0.3875,0.6266,1,0,1.0939
787,5,0,0,4,1,-3.775,0.6262,1,0,1.0939
788,6,0,0,3,1,-4.095,0.6257,1,0,1.0958
789,25,0,1,5,2,-3.06,0.6252,1,0,1.0959
790,9,0,0,2,1,-4.515,0.6248,1,0,1.0959
791,7,0,0,3,1,-4.2625,0.6243,1,0,1.0977
792,9,0,0,3,1,-4.165,0.6238,1,0,1.0992
793,18,0,0,2,1,-5.155,0.6233,1,0,1.0994
794,8,0,0,3,1,-4.1225,0.6229,1,0,1.1006
795,13,0,0,6,2,-3.43,0.6224,1,0,1.1015
796,16,0,0,3,1,-4.485,0.6219,1,0,1.101
797,5,0,0,4,1,-3.675,0.6214,1,0,1.101
798,13,0,0,6,1,-3.405,0.621,1,0,1.1008
799,22,0,0,10,2,-2.03,0.6205,1,0,1.1009
800,32,1,1,8,3,-2.3125,0.62,1,0,1.1027
801,7,0,0,1,1,-4.795,0.6195,1,0,1.103
802,59,2,2,11,6,-0.345,0.619,1,0,1.1054
803,5,0,0,3,1,-4.075,0.6186,1,0,1.1054
804,7,0,0,1,1,-4.855,0.6181,1,0,1.1075
805,26,0,0,2,1,-5.1925,0.6176,1,0,1.1088
806,17,0,0,6,2,-3.4775,0.6171,1,0,1.1103
807,44,2,2,9,4,-1.0725,0.6167,1,0,1.112
808,73,1,1,12,4,-2.115,0.6162,1,0,1.1132
809,40,1,1,9,4,-2.1375,0.6157,1,0,1.1145
810,6,0,0,3,1,-4.195,0.6153,1,0,1.1165
811,13,0,0,3,1,-4.515,0.6148,1,0,1.1184
812,24,0,0,8,2,-3.19,0.6143,1,0,1.1192
813,5,0,0,4,1,-3.775,0.6138,1,0,1.1191
814,31,0,0,7,2,-3.6275,0.6134,1,0,1.1211
815,7,0,0,3,1,-4.155,0.6129,1,0,1.1224
816,28,1,1,8,3,-1.6925,0.6124,1,0,1.1243
817,25,0,0,7,2,-2.96,0.6119,1,0,1.1245
818,7,0,0,1,1,-4.755,0.6115,1,0,1.1269
819,22,1,1,4,2,-3.0875,0.611,1,0,1.127
820,46,2,2,10,5,-0.8125,0.6105,1,0,1.1285
821,35,2,2,8,4,-1.1625,0.61,1,0,1.1314
822,17,0,0,3,1,-4.395,0.6096,1,0,1.1312
823,8,0,0,2,1,-4.4225,0.6091,1,0,1.1331
824,8,0,0,1,1,-4.815,0.6086,1,0,1.1353
825,7,0,0,2,1,-4.545,0.6081,1,0,1.1357
826,36,2,2,6,3,-1.82,0.6077,1,0,1.1371
827,18,0,0,3,2,-4.59,0.6072,1,0,1.1379
828,24,0,0,3,1,-4.865,0.6067,1,0,1.1377
829,14,0,0,6,1,-3.565,0.6062,1,0,1.1373
830,7,0,0,3,1,-4.145,0.6058,1,0,1.1377
831,6,0,0,3,1,-4.0025,0.6053,1,0,1.1394
832,12,0,0,3,1,-4.495,0.6048,1,0,1.1395
833,36,0,0,9,3,-2.92,0.6043,1,0,1.1393
834,42,3,3,13,5,1.3675,0.6038,1,0,1.1406
835,6,0,0,4,1,-4.035,0.6034,1,0,1.1407
836,5,0,0,4,1,-3.775,0.6029,1,0,1.1407
837,45,0,0,4,3,-4.9525,0.6024,1,0,1.1417
838,18,0,0,6,2,-3.39,0.6019,1,0,1.1422
839,5,0,0,3,1,-4.175,0.6015,1,0,1.1424
840,5,0,0,4,1,-3.975,0.601,1,0,1.1425
841,42,3,3,16,4,2.11,0.6005,1,0,1.1449
842,13,0,0,3,1,-4.455,0.6,1,0,1.1448
843,20,0,0,4,2,-4.2,0.5996,1,0,1.1455
844,25,0,0,7,2,-3.56,0.5991,1,0,1.1458
845,7,0,0,3,1,-4.095,0.5986,1,0,1.146
846,5,0,0,3,1,-4.275,0.5981,1,0,1.1462
847,34,1,1,11,3,-1.475,0.5977,1,0,1.1475
848,8,0,0,2,1,-4.515,0.5972,1,0,1.1487
849,5,0,0,4,1,-3.775,0.5967,1,0,1.1487
850,6,0,0,3,1,-4.235,0.5962,1,0,1.1489
851,25,0,0,5,2,-4.2175,0.5958,1,0,1.1491
852,5,0,0,3,1,-3.925,0.5953,1,0,1.1491
853,27,2,2,6,3,-1.83,0.5948,1,0,1.1504
854,10,0,0,3,1,-4.375,0.5944,1,0,1.1504
855,15,0,0,3,1,-4.535,0.5939,1,0,1.1522
856,5,0,0,4,1,-3.875,0.5934,1,0,1.1522
857,37,0,0,6,3,-4.13,0.5929,1,0,1.1529
858,5,0,0,2,1,-4.575,0.5925,1,0,1.1533
859,8,0,0,2,1,-4.555,0.592,1,0,1.1537
860,10,0,0,2,1,-4.325,0.5915,1,0,1.1537
861,5,0,0,2,1,-4.275,0.591,1,0,1.1537
862,5,0,0,4,1,-3.875,0.5906,1,0,1.1538
863,16,0,0,2,1,-4.985,0.5901,1,0,1.1555
864,28,1,1,10,3,-1.1225,0.5896,1,0,1.1568
865,9,0,0,2,1,-4.5825,0.5891,1,0,1.1585
866,14,0,0,2,1,-4.815,0.5887,1,0,1.1586
867,28,2,2,4,2,-2.1975,0.5882,1,0,1.1596
868,25,0,0,11,2,-1.95,0.5877,1,0,1.1605
869,9,0,0,3,1,-4.275,0.5872,1,0,1.1616
870,36,0,0,9,3,-2.6125,0.5867,1,0,1.162
871,58,1,1,12,4,-1.2075,0.5863,1,0,1.1633
872,7,0,0,2,1,-4.555,0.5858,1,0,1.1646
873,15,0,0,2,1,-4.8325,0.5853,1,0,1.1652
874,13,0,0,3,1,-4.405,0.5849,1,0,1.1669
875,9,0,0,2,1,-4.665,0.5844,1,0,1.1674
876,27,1,1,8,3,-1.8125,0.5839,1,0,1.1696
877,33,0,0,8,3,-3.2825,0.5834,1,0,1.1704
878,28,1,1,7,3,-2.675,0.583,1,0,1.1721
879,17,0,0,2,1,-4.645,0.5825,1,0,1.1714
880,45,0,0,3,1,-5.775,0.582,1,0,1.1709
881,29,0,0,6,3,-4.125,0.5815,1,0,1.1719
882,5,0,0,3,1,-4.025,0.5811,1,0,1.172
883,19,0,0,3,1,-4.865,0.5806,1,0,1.1723
884,8,0,0,3,1,-4.305,0.5801,1,0,1.1726
885,9,0,0,4,1,-3.915,0.5796,1,0,1.1725
886,12,0,0,3,1,-4.395,0.5792,1,0,1.1725
887,15,0,0,3,1,-4.535,0.5787,1,0,1.1743
888,6,0,0,4,1,-3.935,0.5782,1,0,1.1743
889,10,0,0,2,1,-4.625,0.5777,1,0,1.1746
890,11,0,0,3,1,-4.4025,0.5773,1,0,1.1754
891,6,0,0,3,1,-4.135,0.5768,1,0,1.1756
892,9,0,0,4,1,-4.015,0.5763,1,0,1.1755
893,5,0,0,3,1,-4.275,0.5758,1,0,1.1758
894,12,0,0,3,1,-4.445,0.5754,1,0,1.1761
895,25,0,0,4,2,-4.7175,0.5749,1,0,1.176
896,7,0,0,2,1,-4.455,0.5744,1,0,1.1779
897,33,0,0,8,3,-3.1325,0.5739,1,0,1.1783
898,8,0,0,2,1,-4.605,0.5735,1,0,1.1787
899,21,0,0,6,2,-3.2275,0.573,1,0,1.1806
900,10,0,0,5,1,-3.525,0.5725,1,0,1.1803
901,31,0,0,3,2,-5.0275,0.572,1,0,1.1817
902,9,0,0,3,1,-4.375,0.5716,1,0,1.1829
903,46,2,2,13,4,0.22,0.5711,1,0,1.1839
904,10,0,0,2,1,-4.5425,0.5706,1,0,1.1855
905,29,0,0,6,3,-3.2425,0.5701,1,0,1.1865
906,8,0,0,5,1,-3.205,0.5696,1,0,1.1882
907,6,0,0,2,1,-4.385,0.5692,1,0,1.1894
908,11,0,0,3,1,-4.235,0.5687,1,0,1.1893
909,53,1,1,10,3,-2.34,0.5682,1,0,1.1888
910,22,0,0,7,2,-3.3375,0.5677,1,0,1.1887
911,67,3,3,10,7,0.315,0.5673,1,0,1.1915
912,5,0,0,3,1,-4.175,0.5668,1,0,1.1917
913,14,0,0,3,1,-4.4825,0.5663,1,0,1.1925
914,5,0,0,4,1,-3.875,0.5658,1,0,1.1925
915,5,0,0,2,1,-4.375,0.5654,1,0,1.1927
916,24,1,1,9,3,-1.75,0.5649,1,0,1.1934
917,10,0,0,2,1,-4.735,0.5644,1,0,1.1945
918,21,1,1,4,2,-3.0675,0.5639,1,0,1.1952
919,8,0,0,2,1,-4.4225,0.5635,1,0,1.1968
920,8,0,0,3,1,-4.115,0.563,1,0,1.1976
921,30,1,1,12,3,-0.8025,0.5625,1,0,1.1984
922,6,0,0,3,1,-4.1025,0.562,1,0,1.1999
923,16,0,0,3,1,-4.585,0.5616,1,0,1.2016
924,11,0,0,2,1,-4.5925,0.5611,1,0,1.2034
925,6,0,0,3,1,-3.895,0.5606,1,0,1.2051
926,9,0,0,1,1,-4.965,0.5601,1,0,1.2054
927,52,2,2,10,4,-0.865,0.5597,1,0,1.2051
928,25,0,0,4,2,-4.36,0.5592,1,0,1.2055
929,34,0,0,8,3,-2.8425,0.5587,1,0,1.2078
930,10,0,0,3,1,-4.3425,0.5583,1,0,1.2087
931,43,1,1,8,3,-2.9825,0.5578,1,0,1.2098
932,5,0,0,3,1,-4.275,0.5573,1,0,1.2101
933,6,0,0,3,1,-4.0925,0.5568,1,0,1.2106
934,50,0,0,9,4,-3.795,0.5564,1,0,1.2112
935,9,0,0,3,1,-4.265,0.5559,1,0,1.2128
936,16,0,0,3,1,-4.4925,0.5554,1,0,1.2145
937,29,0,0,4,3,-4.05,0.5549,1,0,1.2171
938,6,0,0,3,1,-4.185,0.5545,1,0,1.2173
939,28,0,0,6,2,-3.4475,0.554,1,0,1.2191
940,6,0,0,3,1,-4.195,0.5535,1,0,1.221
941,18,0,0,7,2,-2.99,0.553,1,0,1.2211
942,13,0,0,4,2,-4.09,0.5526,1,0,1.2211
943,19,0,0,4,2,-3.9975,0.5521,1,0,1.222
944,7,0,0,2,1,-4.455,0.5516,1,0,1.2238
945,86,3,3,13,5,0.56,0.5511,1,0,1.2245
946,5,0,0,2,1,-4.375,0.5507,1,0,1.2247
947,5,0,0,4,1,-3.975,0.5502,1,0,1.2248
948,24,1,1,5,2,-3.0475,0.5497,1,0,1.2263
949,11,0,0,2,1,-4.695,0.5492,1,0,1.2282
950,23,1,1,4,2,-2.9975,0.5488,1,0,1.227
951,33,1,1,6,4,-2.625,0.5483,1,0,1.2281
952,14,0,0,2,1,-4.6725,0.5478,1,0,1.2294
953,8,0,0,3,1,-4.255,0.5473,1,0,1.2295
954,12,0,0,3,1,-4.345,0.5469,1,0,1.2312
955,10,0,0,3,1,-4.175,0.5464,1,0,1.2312
956,5,0,0,3,1,-4.025,0.5459,1,0,1.2312
957,10,0,0,3,1,-4.1325,0.5454,1,0,1.233
958,10,0,0,3,1,-4.375,0.545,1,0,1.2331
959,14,1,1,5,2,-2.5475,0.5445,1,0,1.2336
960,19,0,0,3,1,-4.815,0.544,1,0,1.2336
961,9,0,0,3,1,-4.315,0.5435,1,0,1.2337
962,22,0,0,4,2,-4.2975,0.5431,1,0,1.2357
963,51,0,0,18,5,-0.4725,0.5426,1,0,1.2366
964,5,0,0,1,1,-4.875,0.5421,1,0,1.2372
965,54,2,2,13,5,0.08,0.5416,1,0,1.239
966,41,0,0,6,3,-3.87,0.5412,1,0,1.2396
967,5,0,0,3,1,-4.075,0.5407,1,0,1.2397
968,19,0,0,1,1,-5.1725,0.5402,1,0,1.2402
969,10,0,0,5,1,-3.425,0.5397,1,0,1.2401
970,23,0,0,3,1,-4.955,0.5393,1,0,1.24
971,15,0,0,4,1,-4.175,0.5388,1,0,1.2398
972,5,0,0,1,1,-4.875,0.5383,1,0,1.2404
973,74,0,0,11,5,-3.1025,0.5378,1,0,1.2412
974,7,0,0,3,1,-4.255,0.5373,1,0,1.2421
975,5,0,0,4,1,-3.875,0.5369,1,0,1.2421
976,34,1,1,11,3,-1.025,0.5364,1,0,1.2434
977,11,0,0,3,1,-4.195,0.5359,1,0,1.245
978,5,0,0,2,1,-4.325,0.5354,1,0,1.245
979,7,0,0,3,1,-4.045,0.535,1,0,1.2449
980,31,0,0,4,2,-4.8275,0.5345,1,0,1.2467
981,5,0,0,3,1,-4.075,0.534,1,0,1.2468
982,33,1,1,8,3,-2.34,0.5335,1,0,1.2475
983,26,0,0,10,2,-1.93,0.5331,1,0,1.2492
984,34,1,1,7,3,-2.35,0.5326,1,0,1.2501
985,20,0,0,5,2,-4.0575,0.5321,1,0,1.2511
986,18,0,0,2,1,-5.005,0.5316,1,0,1.2511
987,9,0,0,3,1,-4.2825,0.5312,1,0,1.2518
988,7,0,0,3,1,-4.155,0.5307,1,0,1.2527
989,7,0,0,3,1,-4.145,0.5302,1,0,1.2541
990,6,0,0,3,1,-4.185,0.5297,1,0,1.2544
991,9,0,0,2,1,-4.565,0.5293,1,0,1.2557
992,5,0,0,2,1,-4.325,0.5288,1,0,1.2558
993,10,0,0,2,1,-4.775,0.5283,1,0,1.2561
994,5,0,0,3,1,-4.025,0.5279,1,0,1.2559
995,31,0,0,10,3,-2.72,0.5274,1,0,1.256
996,10,0,0,3,1,-4.335,0.5269,1,0,1.2575
997,6,0,0,3,1,-4.185,0.5264,1,0,1.2575
998,14,0,0,4,2,-4.115,0.526,1,0,1.2594
999,19,1,1,6,2,-2.425,0.5255,1,0,1.2604
1000,23,0,0,4,2,-4.3475,0.525,1,0,1.2601
1001,5,0,0,4,1,-3.875,0.5245,1,0,1.2601
1002,12,0,0,3,1,-4.0525,0.5241,1,0,1.2618
1003,5,0,0,3,1,-4.275,0.5236,1,0,1.262
1004,106,2,2,6,7,-3.4125,0.5231,1,0,1.2653
1005,7,0,0,1,1,-4.8525,0.5226,1,0,1.266
1006,6,0,0,2,1,-4.395,0.5222,1,0,1.2677
1007,7,0,0,4,1,-3.795,0.5217,1,0,1.2677
1008,27,0,0,4,2,-4.5875,0.5212,1,0,1.2679
1009,37,0,0,7,3,-3.78,0.5207,1,0,1.268
1010,56,1,1,9,4,-2.645,0.5203,1,0,1.2692
1011,5,0,0,2,1,-4.225,0.5198,1,0,1.2693
1012,10,0,0,3,1,-4.425,0.5193,1,0,1.2695
1013,10,0,0,1,1,-4.675,0.5188,1,0,1.2696
1014,13,0,0,3,1,-4.505,0.5184,1,0,1.271
1015,25,0,0,5,2,-4.26,0.5179,1,0,1.2719
1016,46,0,0,7,4,-3.595,0.5174,1,0,1.2761
1017,12,0,0,4,1,-4.295,0.5169,1,0,1.2761
1018,7,0,0,3,1,-3.995,0.5165,1,0,1.2761
1019,62,4,4,16,7,2.89,0.516,1,0,1.2793
1020,13,0,0,2,1,-4.655,0.5155,1,0,1.2793
1021,8,0,0,3,1,-4.1125,0.515,1,0,1.2798
1022,7,0,0,2,1,-4.555,0.5146,1,0,1.2806
1023,42,0,0,7,3,-3.9325,0.5141,1,0,1.2818
1024,37,1,1,10,4,-1.1275,0.5136,1,0,1.2852
1025,28,0,0,4,2,-4.7475,0.5131,1,0,1.2856
1026,68,1,1,10,3,-2.575,0.5127,1,0,1.2885
1027,7,0,0,4,1,-3.895,0.5122,1,0,1.2885
1028,39,1,1,7,3,-3.05,0.5117,1,0,1.2893
1029,5,0,0,4,1,-3.675,0.5112,1,0,1.2893
1030,5,0,0,4,1,-3.775,0.5108,1,0,1.2893
1031,16,0,0,2,1,-4.935,0.5103,1,0,1.2894
1032,8,0,0,3,1,-4.115,0.5098,1,0,1.2909
1033,12,0,0,3,1,-4.595,0.5093,1,0,1.2911
1034,30,0,0,3,2,-5.16,0.5089,1,0,1.2918
1035,5,0,0,2,1,-4.325,0.5084,1,0,1.2918
1036,7,0,0,3,1,-4.0525,0.5079,1,0,1.2932
1037,26,0,0,6,2,-3.92,0.5074,1,0,1.2954
1038,21,1,1,6,2,-2.43,0.507,1,0,1.2966
1039,17,0,0,3,1,-4.295,0.5065,1,0,1.2962
1040,66,1,1,9,4,-2.695,0.506,1,0,1.2976
1041,12,0,0,2,1,-4.755,0.5055,1,0,1.2984
1042,20,0,0,8,2,-2.9675,0.505,1,0,1.3006
1043,10,0,0,3,1,-4.475,0.5046,1,0,1.301
1044,6,0,0,3,1,-4.135,0.5041,1,0,1.3011
1045,17,0,0,3,1,-4.5525,0.5036,1,0,1.3014
1046,5,0,0,4,1,-3.975,0.5031,1,0,1.3015
1047,36,0,0,4,2,-4.6775,0.5027,1,0,1.3015
1048,16,0,0,9,2,-2.0275,0.5022,1,0,1.3015
1049,28,0,0,10,3,-2.4225,0.5017,1,0,1.3019
1050,16,0,0,3,1,-4.495,0.5012,1,0,1.3033
1051,16,0,0,5,2,-3.72,0.5008,1,0,1.304
1052,56,1,1,13,4,-1.5375,0.5003,1,0,1.3052
1053,17,0,0,3,1,-4.645,0.4998,1,0,1.3053
1054,9,0,0,3,1,-4.115,0.4993,1,0,1.3053
1055,9,0,0,2,1,-4.4825,0.4989,1,0,1.3066
1056,64,1,1,4,2,-5.0,0.4984,1,0,1.307
1057,28,2,2,9,3,-0.5625,0.4979,1,0,1.3082
1058,10,0,0,3,1,-4.175,0.4974,1,0,1.3083
1059,32,0,0,5,2,-3.9975,0.497,1,0,1.3097
1060,18,0,0,6,1,-3.315,0.4965,1,0,1.3103
1061,34,0,0,9,4,-3.0,0.496,1,0,1.3126
1062,20,0,0,5,2,-3.8175,0.4956,1,0,1.3127
1063,5,0,0,4,1,-3.875,0.4951,1,0,1.3128
1064,53,2,2,6,4,-2.3325,0.4946,1,0,1.3136
1065,5,0,0,2,1,-4.375,0.4941,1,0,1.3137
1066,7,0,0,3,1,-4.2625,0.4937,1,0,1.3143
1067,14,0,0,2,1,-4.865,0.4932,1,0,1.3145
1068,27,0,0,5,3,-3.9325,0.4927,1,0,1.3156
1069,5,0,0,2,1,-4.425,0.4922,1,0,1.3158
1070,5,0,0,3,1,-4.175,0.4918,1,0,1.316
1071,54,0,0,7,4,-3.26,0.4913,1,0,1.3186
1072,76,3,3,13,5,0.4275,0.4908,1,0,1.3193
1073,8,0,0,3,1,-4.3225,0.4903,1,0,1.3199
1074,30,1,1,11,3,-1.005,0.4899,1,0,1.3222
1075,22,0,0,9,3,-2.23,0.4894,1,0,1.3249
1076,9,0,0,3,1,-4.1825,0.4889,1,0,1.3256
1077,14,0,0,6,1,-3.465,0.4884,1,0,1.3256
1078,6,0,0,3,1,-4.195,0.4879,1,0,1.3271
1079,36,0,0,7,3,-3.9125,0.4875,1,0,1.328
1080,14,0,0,7,2,-2.9175,0.487,1,0,1.3293
1081,15,0,0,3,2,-4.25,0.4865,1,0,1.3305
1082,9,0,0,2,1,-4.6825,0.486,1,0,1.3311
1083,5,0,0,4,1,-3.875,0.4856,1,0,1.3312
1084,15,0,0,8,2,-2.3675,0.4851,1,0,1.3335
1085,65,0,0,9,4,-3.92,0.4846,1,0,1.333
1086,5,0,0,3,1,-4.075,0.4841,1,0,1.3332
1087,8,0,0,1,1,-4.905,0.4837,1,0,1.3335
1088,5,0,0,2,1,-4.375,0.4832,1,0,1.3336
1089,19,0,0,8,2,-2.7,0.4827,1,0,1.3343
1090,34,2,2,8,3,-1.0425,0.4822,1,0,1.3354
1091,5,0,0,3,1,-4.275,0.4818,1,0,1.3356
1092,5,0,0,4,1,-3.875,0.4813,1,0,1.3357
1093,7,0,0,2,1,-4.645,0.4808,1,0,1.336
1094,7,0,0,3,1,-3.9525,0.4803,1,0,1.3373
1095,9,0,0,2,1,-4.765,0.4799,1,0,1.3377
1096,8,0,0,2,1,-4.6225,0.4794,1,0,1.3383
1097,12,0,0,3,1,-4.455,0.4789,1,0,1.3391
1098,13,0,0,3,1,-4.6225,0.4784,1,0,1.3397
1099,18,2,2,5,2,-1.54,0.478,1,0,1.3404
1100,6,0,0,3,1,-3.985,0.4775,1,0,1.342
1101,127,6,6,17,8,3.91,0.477,1,0,1.3465
1102,5,0,0,2,1,-4.375,0.4766,1,0,1.3469
1103,31,0,0,4,2,-4.66,0.4761,1,0,1.3478
1104,9,0,0,2,1,-4.565,0.4756,1,0,1.348
1105,19,0,0,7,2,-3.3075,0.4751,1,0,1.3482
1106,58,0,0,7,3,-3.175,0.4747,1,0,1.3492
1107,50,1,1,8,3,-2.7925,0.4742,1,0,1.3505
1108,20,0,0,2,1,-4.975,0.4737,1,0,1.3507
1109,18,0,0,4,2,-4.2575,0.4732,1,0,1.3517
1110,9,0,0,3,1,-4.0725,0.4728,1,0,1.353
1111,9,0,0,2,1,-4.665,0.4723,1,0,1.3533
1112,41,1,1,9,3,-1.9125,0.4718,1,0,1.3534
1113,26,0,0,5,2,-4.6375,0.4713,1,0,1.3553
1114,53,2,2,8,4,-1.765,0.4708,1,0,1.3573
1115,22,0,0,3,1,-4.955,0.4704,1,0,1.358
1116,16,0,0,3,1,-4.595,0.4699,1,0,1.3589
1117,37,1,1,4,3,-3.5325,0.4694,1,0,1.3606
1118,12,0,0,2,1,-4.755,0.4689,1,0,1.3622
1119,7,0,0,2,1,-4.645,0.4685,1,0,1.3625
1120,8,0,0,2,1,-4.415,0.468,1,0,1.364
1121,16,0,0,7,2,-3.3275,0.4675,1,0,1.3643
1122,24,0,0,4,2,-4.3075,0.467,1,0,1.3646
1123,5,0,0,3,1,-4.075,0.4666,1,0,1.3648
1124,7,0,0,2,1,-4.3625,0.4661,1,0,1.3654
1125,58,0,0,18,5,-0.595,0.4656,1,0,1.3661
1126,9,0,0,3,1,-4.3825,0.4652,1,0,1.3676
1127,12,0,0,3,1,-4.395,0.4647,1,0,1.3678
1128,19,0,0,3,1,-4.575,0.4642,1,0,1.3692
1129,9,0,0,3,1,-4.275,0.4637,1,0,1.3705
1130,39,0,0,9,3,-3.4925,0.4633,1,0,1.3706
1131,6,0,0,2,1,-4.385,0.4628,1,0,1.371
1132,28,0,0,11,3,-1.9225,0.4623,1,0,1.3714
1133,49,1,1,9,3,-2.35,0.4618,1,0,1.3718
1134,37,0,0,9,2,-2.78,0.4614,1,0,1.3724
1135,9,0,0,5,1,-3.565,0.4609,1,0,1.3724
1136,13,0,0,3,1,-4.505,0.4604,1,0,1.3726
1137,16,1,1,3,2,-3.3775,0.4599,1,0,1.3733
1138,8,0,0,3,1,-4.1225,0.4595,1,0,1.3739
1139,5,0,0,4,1,-3.775,0.459,1,0,1.3739
1140,5,0,0,2,1,-4.475,0.4585,1,0,1.3742
1141,5,0,0,2,1,-4.235,0.458,1,0,1.3757
1142,49,1,1,10,3,-1.3325,0.4576,1,0,1.3769
1143,24,0,0,4,1,-4.715,0.4571,1,0,1.3768
1144,75,2,2,8,4,-3.0375,0.4566,1,0,1.3781
1145,9,0,0,1,1,-4.865,0.4561,1,0,1.3785
1146,18,0,0,1,1,-5.3225,0.4557,1,0,1.3789
1147,5,0,0,4,1,-3.775,0.4552,1,0,1.379
1148,17,0,0,4,2,-4.1775,0.4547,1,0,1.3801
1149,5,0,0,1,1,-4.625,0.4542,1,0,1.3804
1150,5,0,0,2,1,-4.325,0.4538,1,0,1.3805
1151,62,1,1,8,5,-3.2225,0.4533,1,0,1.3829
1152,165,1,1,14,11,-2.1075,0.4528,1,0,1.3853
1153,14,0,0,1,1,-4.9825,0.4523,1,0,1.3857
1154,10,0,0,3,1,-4.425,0.4519,1,0,1.3861
1155,6,0,0,3,1,-4.195,0.4514,1,0,1.3876
1156,43,1,1,6,3,-3.04,0.4509,1,0,1.388
1157,6,0,0,3,1,-4.195,0.4504,1,0,1.3896
1158,5,0,0,4,1,-3.775,0.45,1,0,1.3896
1159,11,0,0,3,1,-4.335,0.4495,1,0,1.3897
1160,52,3,3,15,4,1.5925,0.449,1,0,1.3911
1161,18,0,0,3,1,-4.555,0.4485,1,0,1.391
1162,31,0,0,5,1,-4.185,0.4481,1,0,1.3906
1163,8,0,0,4,1,-3.755,0.4476,1,0,1.3906
1164,27,0,0,6,2,-3.89,0.4471,1,0,1.3924
1165,31,0,0,5,2,-4.4775,0.4466,1,0,1.3927
1166,40,1,1,10,3,-2.1025,0.4462,1,0,1.3935
1167,66,3,3,17,6,2.1275,0.4457,1,0,1.3966
1168,36,0,0,11,3,-2.5525,0.4452,1,0,1.3981
1169,10,0,0,3,1,-4.235,0.4447,1,0,1.3987
1170,23,1,1,5,2,-2.99,0.4443,1,0,1.3997
1171,9,0,0,3,1,-4.175,0.4438,1,0,1.4004
1172,5,0,0,3,1,-4.275,0.4433,1,0,1.4006
1173,13,0,0,3,1,-4.1125,0.4428,1,0,1.4018
1174,96,1,1,13,6,-1.8475,0.4424,1,0,1.4033
1175,16,0,0,8,2,-2.8775,0.4419,1,0,1.4035
1176,14,0,0,4,1,-3.865,0.4414,1,0,1.4048
1177,7,0,0,3,1,-4.095,0.4409,1,0,1.4048
1178,57,0,0,6,2,-5.33,0.4405,1,0,1.4049
1179,5,0,0,3,1,-4.075,0.44,1,0,1.405
1180,32,1,1,3,2,-3.805,0.4395,1,0,1.407
1181,20,0,0,5,2,-3.7675,0.439,1,0,1.4086
1182,5,0,0,4,1,-3.875,0.4386,1,0,1.4087
1183,15,0,0,3,1,-4.475,0.4381,1,0,1.4087
1184,32,0,0,6,3,-3.78,0.4376,1,0,1.4091
1185,20,0,0,4,2,-4.5075,0.4371,1,0,1.4103
1186,34,1,1,8,3,-2.0,0.4367,1,0,1.4109
1187,11,0,0,3,1,-4.295,0.4362,1,0,1.4122
1188,39,0,0,3,1,-5.475,0.4357,1,0,1.4133
1189,25,2,2,6,2,-1.4675,0.4352,1,0,1.4138
1190,23,0,1,4,2,-3.24,0.4348,1,0,1.4142
1191,11,0,0,3,1,-4.235,0.4343,1,0,1.4141
1192,14,0,0,9,2,-2.1075,0.4338,1,0,1.4144
1193,24,0,0,10,3,-2.35,0.4333,1,0,1.4166
1194,7,0,0,2,1,-4.455,0.4329,1,0,1.418
1195,10,0,0,6,1,-3.425,0.4324,1,0,1.4182
1196,40,0,0,7,3,-4.145,0.4319,1,0,1.4197
1197,37,2,2,6,3,-1.92,0.4314,1,0,1.4223
1198,10,0,0,3,1,-4.425,0.431,1,0,1.4227
1199,8,0,0,2,1,-4.6225,0.4305,1,0,1.424
1200,28,1,1,8,3,-1.59,0.43,1,0,1.4243
1201,8,0,0,3,1,-4.3225,0.4295,1,0,1.4248
1202,7,0,0,3,1,-4.255,0.4291,1,0,1.4258
1203,7,0,0,3,1,-4.095,0.4286,1,0,1.4259
1204,30,0,0,7,2,-4.0175,0.4281,1,0,1.4262
1205,10,0,0,2,1,-4.675,0.4276,1,0,1.4264
1206,6,0,0,2,1,-4.5025,0.4272,1,0,1.4277
1207,10,0,0,2,1,-4.4325,0.4267,1,0,1.4281
1208,28,0,0,9,2,-2.8475,0.4262,1,0,1.428
1209,57,1,1,14,3,-1.315,0.4257,1,0,1.4287
1210,5,0,0,2,1,-4.475,0.4253,1,0,1.4291
1211,5,0,0,4,1,-3.875,0.4248,1,0,1.4292
1212,8,0,0,2,1,-4.555,0.4243,1,0,1.4294
1213,24,1,1,11,3,-1.1925,0.4238,1,0,1.4303
1214,7,0,0,3,1,-4.0625,0.4234,1,0,1.4315
1215,70,2,2,8,3,-1.82,0.4229,1,0,1.4336
1216,12,0,0,5,1,-3.655,0.4224,1,0,1.4347
1217,14,0,0,2,1,-4.765,0.4219,1,0,1.4349
1218,20,0,0,3,1,-4.625,0.4214,1,0,1.4352
1219,9,0,0,3,1,-4.275,0.421,1,0,1.4359
1220,33,0,0,6,2,-4.1475,0.4205,1,0,1.4361
1221,44,2,2,11,4,0.0825,0.42,1,0,1.437
1222,91,1,1,10,4,-3.1975,0.4196,1,0,1.4384
1223,5,0,0,2,1,-4.375,0.4191,1,0,1.4382
1224,56,1,1,12,3,-1.905,0.4186,1,0,1.4386
1225,28,0,0,1,1,-5.0225,0.4181,1,0,1.4399
1226,39,2,2,7,2,-1.6,0.4177,1,0,1.4403
1227,39,1,1,5,4,-2.985,0.4172,1,0,1.4416
1228,25,0,0,2,1,-5.125,0.4167,1,0,1.4418
1229,5,0,0,4,1,-3.775,0.4162,1,0,1.4419
1230,22,0,0,5,1,-3.895,0.4158,1,0,1.4415
1231,5,0,0,3,1,-3.975,0.4153,1,0,1.4417
1232,39,1,1,14,4,-0.0175,0.4148,1,0,1.4437
1233,58,0,0,4,2,-5.69,0.4143,1,0,1.4445
1234,10,0,0,3,1,-4.325,0.4139,1,0,1.4449
1235,19,0,0,4,1,-4.315,0.4134,1,0,1.4449
1236,21,0,0,4,2,-4.4775,0.4129,1,0,1.4454
1237,63,0,0,5,4,-5.235,0.4124,1,0,1.4465
1238,20,0,0,3,1,-4.735,0.412,1,0,1.4478
1239,14,0,0,2,1,-4.875,0.4115,1,0,1.4493
1240,7,0,0,3,1,-4.0625,0.411,1,0,1.45
1241,18,0,0,2,1,-5.1225,0.4105,1,0,1.4513
1242,13,0,0,2,1,-4.815,0.4101,1,0,1.4527
1243,36,2,2,5,2,-2.2175,0.4096,1,0,1.4537
1244,7,0,0,2,1,-4.4625,0.4091,1,0,1.4549
1245,5,0,0,2,1,-4.575,0.4086,1,0,1.4553
1246,27,1,1,8,3,-1.98,0.4082,1,0,1.4557
1247,22,0,0,4,2,-4.305,0.4077,1,0,1.4563
1248,17,0,0,6,2,-3.4375,0.4072,1,0,1.4565
1249,5,0,0,4,1,-3.875,0.4067,1,0,1.4566
1250,16,0,0,6,1,-3.495,0.4062,1,0,1.4575
1251,39,1,1,5,4,-3.3925,0.4058,1,0,1.459
1252,56,1,1,7,3,-3.37,0.4053,1,0,1.4603
1253,30,0,0,5,2,-4.1675,0.4048,1,0,1.4616
1254,37,0,0,5,2,-4.69,0.4043,1,0,1.4635
1255,76,1,1,12,3,-2.5625,0.4039,1,0,1.4659
1256,23,0,0,4,2,-4.23,0.4034,1,0,1.467
1257,28,0,0,11,3,-1.89,0.4029,1,0,1.4673
1258,62,1,1,12,3,-2.0225,0.4024,1,0,1.4683
1259,27,0,0,11,3,-2.13,0.402,1,0,1.4687
1260,14,0,0,3,1,-4.5825,0.4015,1,0,1.4691
1261,22,0,0,5,2,-3.8875,0.401,1,0,1.4695
1262,141,6,6,15,9,3.2325,0.4006,1,0,1.4735
1263,12,0,0,5,1,-3.655,0.4001,1,0,1.474
1264,10,0,0,3,1,-4.325,0.3996,1,0,1.4745
1265,32,0,0,9,2,-3.1975,0.3991,1,0,1.4757
1266,34,3,3,9,4,0.585,0.3987,1,0,1.4771
1267,8,0,0,4,1,-3.855,0.3982,1,0,1.4771
1268,13,0,0,2,1,-4.855,0.3977,1,0,1.4774
1269,32,0,0,3,1,-5.195,0.3972,1,0,1.4774
1270,53,1,1,7,3,-3.49,0.3968,1,0,1.4781
1271,7,0,0,3,1,-4.0525,0.3963,1,0,1.479
1272,92,1,1,8,6,-3.3425,0.3958,1,0,1.4808
1273,28,0,0,8,2,-3.34,0.3953,1,0,1.4814
1274,21,1,1,5,2,-2.82,0.3949,1,0,1.4823
1275,58,1,1,11,5,-1.39,0.3944,1,0,1.4841
1276,114,2,2,21,7,0.84,0.3939,1,0,1.4885
1277,15,0,0,6,2,-3.3,0.3934,1,0,1.4896
1278,36,0,0,6,3,-4.355,0.393,1,0,1.4906
1279,30,2,2,12,3,-0.1025,0.3925,1,0,1.4916
1280,8,0,0,2,1,-4.5225,0.392,1,0,1.4928
1281,5,0,0,2,1,-4.575,0.3915,1,0,1.4931
1282,14,0,0,5,2,-3.5075,0.3911,1,0,1.4946
1283,16,0,0,3,2,-4.43,0.3906,1,0,1.4957
1284,37,0,0,10,3,-2.82,0.3901,1,0,1.4965
1285,37,1,1,10,3,-2.3725,0.3896,1,0,1.4976
1286,10,0,0,3,1,-4.275,0.3891,1,0,1.4977
1287,8,0,0,3,1,-4.115,0.3887,1,0,1.499
1288,30,1,1,9,3,-1.8425,0.3882,1,0,1.5001
1289,5,0,0,3,1,-4.075,0.3877,1,0,1.5002
1290,5,0,0,3,1,-3.975,0.3872,1,0,1.5005
1291,13,0,0,3,1,-4.355,0.3868,1,0,1.5005
1292,15,0,0,5,1,-3.725,0.3863,1,0,1.5004
1293,35,2,2,14,4,1.375,0.3858,1,0,1.5027
1294,37,0,0,6,2,-4.02,0.3853,1,0,1.5038
1295,35,1,1,8,3,-2.3525,0.3849,1,0,1.5048
1296,15,0,0,4,2,-4.15,0.3844,1,0,1.5059
1297,5,0,0,3,1,-4.125,0.3839,1,0,1.5063
1298,54,2,2,7,4,-2.4325,0.3834,1,0,1.508
1299,35,0,0,5,1,-4.525,0.383,1,0,1.508
1300,39,0,0,3,3,-5.1,0.3825,1,0,1.5087
1301,11,0,0,1,1,-4.835,0.382,1,0,1.5083
1302,10,0,0,2,1,-4.635,0.3816,1,0,1.5097
1303,7,0,0,2,1,-4.555,0.3811,1,0,1.5102
1304,5,0,0,1,1,-4.735,0.3806,1,0,1.5119
1305,17,0,0,7,2,-3.0875,0.3801,1,0,1.5119
1306,45,2,2,5,3,-2.0025,0.3797,1,0,1.5144
1307,8,0,0,3,1,-4.305,0.3792,1,0,1.5147
1308,6,0,0,4,1,-3.835,0.3787,1,0,1.5148
1309,43,1,1,9,3,-2.7725,0.3782,1,0,1.5163
1310,46,2,2,13,3,0.045,0.3778,1,0,1.5179
1311,5,0,0,2,1,-4.425,0.3773,1,0,1.5179
1312,15,0,0,5,2,-3.6575,0.3768,1,0,1.5188
1313,36,1,1,9,3,-2.1625,0.3763,1,0,1.5211
1314,52,1,1,12,3,-1.8125,0.3759,1,0,1.5225
1315,45,1,2,10,3,-0.795,0.3754,1,0,1.5232
1316,7,0,0,3,1,-4.1625,0.3749,1,0,1.5236
1317,58,0,0,9,3,-4.575,0.3744,1,0,1.5248
1318,52,1,1,8,3,-3.33,0.374,1,0,1.5269
1319,14,0,0,3,1,-4.6825,0.3735,1,0,1.528
1320,42,1,2,9,3,-1.205,0.373,1,0,1.5298
1321,11,0,0,3,1,-4.3025,0.3725,1,0,1.5308
1322,52,0,0,2,2,-6.5875,0.372,1,0,1.5318
1323,20,0,0,4,2,-4.2175,0.3716,1,0,1.5322
1324,5,0,0,2,1,-4.575,0.3711,1,0,1.5326
1325,42,2,2,11,3,-0.57,0.3706,1,0,1.5344
1326,54,3,3,13,3,1.15,0.3701,1,0,1.5347
1327,48,1,1,10,3,-2.5325,0.3697,1,0,1.5356
1328,5,0,0,4,1,-3.675,0.3692,1,0,1.5357
1329,54,0,0,10,3,-3.675,0.3687,1,0,1.5378
1330,150,8,8,23,9,6.9325,0.3682,1,0,1.5426
1331,14,0,0,3,1,-4.465,0.3678,1,0,1.5429
1332,46,2,2,9,3,-1.2725,0.3673,1,0,1.5451
1333,16,0,0,2,1,-4.985,0.3668,1,0,1.5454
1334,9,0,0,3,1,-4.265,0.3663,1,0,1.5457
1335,9,0,0,3,1,-4.165,0.3659,1,0,1.5469
1336,26,2,2,8,3,-1.0625,0.3654,1,0,1.5481
1337,5,0,0,2,1,-4.325,0.3649,1,0,1.5482
1338,6,0,0,2,1,-4.495,0.3644,1,0,1.5495
1339,76,2,2,10,3,-2.86,0.364,1,0,1.5509
1340,10,0,0,2,1,-4.535,0.3635,1,0,1.5523
1341,62,1,1,12,3,-1.8625,0.363,1,0,1.5532
1342,5,0,0,4,1,-3.875,0.3626,1,0,1.5533
1343,221,4,4,23,11,2.05,0.3621,1,0,1.5563
1344,77,1,1,9,4,-3.665,0.3616,1,0,1.5573
1345,26,1,1,10,3,-1.3125,0.3611,1,0,1.558
1346,29,2,2,8,3,-1.1825,0.3607,1,0,1.5587
1347,24,0,0,6,2,-3.8075,0.3602,1,0,1.5591
1348,32,0,0,5,2,-4.3775,0.3597,1,0,1.56
1349,72,3,3,11,4,-0.215,0.3592,1,0,1.5611
1350,44,0,0,2,1,-6.265,0.3588,1,0,1.5618
1351,20,0,0,3,2,-4.4675,0.3583,1,0,1.5625
1352,32,0,0,4,2,-4.805,0.3578,1,0,1.5632
1353,35,1,1,8,3,-2.2925,0.3573,1,0,1.5646
1354,27,0,0,8,2,-2.99,0.3569,1,0,1.5665
1355,12,0,0,3,1,-4.4625,0.3564,1,0,1.5669
1356,5,0,0,4,1,-3.775,0.3559,1,0,1.5669
1357,7,0,0,2,1,-4.455,0.3554,1,0,1.5674
1358,13,0,0,3,1,-4.3125,0.3549,1,0,1.5681
1359,8,0,0,3,1,-4.155,0.3545,1,0,1.5682
1360,79,2,2,12,5,-1.06,0.354,1,0,1.5705
1361,61,2,2,13,6,-0.3675,0.3535,1,0,1.575
1362,21,0,0,5,2,-3.57,0.353,1,0,1.5756
1363,51,1,1,9,4,-2.655,0.3526,1,0,1.5767
1364,41,0,0,4,2,-4.945,0.3521,1,0,1.5774
1365,27,0,0,3,1,-5.2625,0.3516,1,0,1.5784
1366,5,0,0,2,1,-4.325,0.3511,1,0,1.5786
1367,73,3,3,16,5,1.54,0.3507,1,0,1.5819
1368,57,2,3,16,5,1.72,0.3502,1,0,1.5832
1369,7,0,0,3,1,-4.255,0.3497,1,0,1.5836
1370,39,0,0,8,3,-3.1425,0.3492,1,0,1.5842
1371,161,5,5,20,10,1.9275,0.3488,1,0,1.588
1372,12,0,0,3,1,-4.295,0.3483,1,0,1.5882
1373,39,1,1,12,3,-1.3425,0.3478,1,0,1.5888
1374,36,0,0,1,1,-5.895,0.3473,1,0,1.5901
1375,9,0,0,2,1,-4.615,0.3469,1,0,1.5905
1376,14,0,0,2,1,-4.665,0.3464,1,0,1.5906
1377,5,0,0,1,1,-4.775,0.3459,1,0,1.5903
1378,43,0,0,6,2,-4.6975,0.3455,1,0,1.5908
1379,26,2,2,12,3,0.54,0.345,1,0,1.592
1380,6,0,0,3,1,-4.335,0.3445,1,0,1.5924
1381,8,0,0,3,1,-4.115,0.344,1,0,1.5928
1382,56,1,2,8,3,-1.8625,0.3436,1,0,1.5937
1383,15,0,0,3,1,-4.325,0.3431,1,0,1.5939
1384,33,1,1,10,3,-1.375,0.3426,1,0,1.5962
1385,48,1,1,10,4,-2.0425,0.3421,1,0,1.5976
1386,33,0,0,5,3,-4.19,0.3417,1,0,1.5985
1387,10,0,0,3,1,-4.325,0.3412,1,0,1.5989
1388,21,1,1,4,2,-3.1275,0.3407,1,0,1.5995
1389,24,1,1,5,3,-3.0575,0.3402,1,0,1.6019
1390,127,3,3,21,7,2.7225,0.3398,1,0,1.605
1391,41,1,1,9,3,-2.2625,0.3393,1,0,1.6059
1392,8,0,0,3,1,-4.2225,0.3388,1,0,1.6062
1393,66,0,1,7,4,-2.605,0.3383,1,0,1.6071
1394,22,1,1,10,3,-0.82,0.3379,1,0,1.6081
1395,19,0,0,3,1,-4.665,0.3374,1,0,1.6084
1396,42,1,1,12,3,-1.165,0.3369,1,0,1.6101
1397,60,0,0,10,3,-3.8,0.3364,1,0,1.6109
1398,29,0,0,13,3,-1.535,0.336,1,0,1.612
1399,15,0,0,7,2,-3.21,0.3355,1,0,1.6128
1400,6,0,0,2,1,-4.335,0.335,1,0,1.613
1401,6,0,0,3,1,-4.185,0.3345,1,0,1.6133
1402,13,0,0,3,1,-4.5225,0.3341,1,0,1.6136
1403,25,1,1,10,3,-1.31,0.3336,1,0,1.6144
1404,17,0,0,4,1,-4.095,0.3331,1,0,1.6144
1405,9,0,0,2,1,-4.4825,0.3326,1,0,1.6154
1406,13,0,0,5,2,-3.34,0.3322,1,0,1.616
1407,5,0,0,2,1,-4.335,0.3317,1,0,1.6173
1408,11,0,0,2,1,-4.635,0.3312,1,0,1.6176
1409,5,0,0,4,1,-3.775,0.3307,1,0,1.6177
1410,144,0,0,13,5,-6.07,0.3303,1,0,1.6189
1411,89,4,4,18,7,3.6625,0.3298,1,0,1.6227
1412,5,0,0,3,1,-4.075,0.3293,1,0,1.6229
1413,122,1,1,12,7,-2.1025,0.3288,1,0,1.6248
1414,52,0,0,7,3,-4.57,0.3284,1,0,1.6255
1415,82,1,1,9,3,-3.13,0.3279,1,0,1.6259
1416,7,0,0,3,1,-4.155,0.3274,1,0,1.6271
1417,5,0,0,4,1,-3.875,0.3269,1,0,1.6271
1418,52,0,0,3,1,-6.5625,0.3265,1,0,1.6281
1419,22,0,0,3,1,-4.655,0.326,1,0,1.6285
1420,152,4,4,20,7,1.2725,0.3255,1,0,1.6302
1421,86,1,1,7,4,-3.9125,0.325,1,0,1.631
1422,64,3,3,11,5,-0.01,0.3246,1,0,1.6337
1423,35,2,2,9,3,-0.8525,0.3241,1,0,1.6351
1424,24,0,0,3,1,-4.915,0.3236,1,0,1.6353
1425,52,1,1,9,3,-2.6225,0.3231,1,0,1.6366
1426,37,0,0,10,3,-3.1225,0.3227,1,0,1.6373
1427,25,0,0,2,1,-5.2425,0.3222,1,0,1.6374
1428,27,1,1,5,2,-3.2875,0.3217,1,0,1.6382
1429,49,0,0,11,3,-3.3425,0.3212,1,0,1.6388
1430,113,3,3,22,5,2.8375,0.3208,1,0,1.6436
1431,5,0,0,3,1,-4.225,0.3203,1,0,1.6438
1432,34,0,0,4,2,-4.8475,0.3198,1,0,1.6446
1433,19,0,0,5,2,-3.8075,0.3193,1,0,1.6454
1434,39,0,0,3,2,-5.6175,0.3189,1,0,1.6468
1435,6,0,0,3,1,-4.335,0.3184,1,0,1.647
1436,27,0,0,3,1,-4.845,0.3179,1,0,1.6473
1437,19,0,0,6,2,-3.4575,0.3174,1,0,1.6476
1438,66,1,1,7,3,-3.8125,0.317,1,0,1.6485
1439,38,3,3,8,3,-0.44,0.3165,1,0,1.6497
1440,23,0,0,6,1,-4.105,0.316,1,0,1.6498
1441,14,0,0,3,1,-4.265,0.3155,1,0,1.6502
1442,68,1,1,12,3,-2.07,0.3151,1,0,1.6515
1443,78,3,3,10,3,-1.69,0.3146,1,0,1.6526
1444,32,1,1,7,3,-2.7725,0.3141,1,0,1.6537
1445,13,0,0,3,1,-4.505,0.3136,1,0,1.6541
1446,31,1,1,7,3,-2.7625,0.3132,1,0,1.6553
1447,5,0,0,2,1,-4.475,0.3127,1,0,1.6556
1448,28,0,0,3,1,-5.1225,0.3122,1,0,1.6566
1449,82,0,0,10,4,-3.1075,0.3117,1,0,1.6579
1450,113,2,2,10,5,-3.5675,0.3113,1,0,1.6597
1451,19,0,0,7,2,-3.0575,0.3108,1,0,1.6599
1452,51,1,1,4,2,-4.9275,0.3103,1,0,1.6607
1453,97,0,0,12,5,-3.815,0.3098,1,0,1.6615
1454,11,0,0,2,1,-4.7025,0.3094,1,0,1.6617
1455,70,0,0,8,3,-5.3025,0.3089,1,0,1.6622
1456,92,1,1,11,5,-3.24,0.3084,1,0,1.6644
1457,5,0,0,2,1,-4.425,0.3079,1,0,1.6648
1458,17,0,0,3,2,-4.22,0.3075,1,0,1.6657
1459,53,2,2,11,3,-0.2225,0.307,1,0,1.6668
1460,23,0,0,8,2,-3.3475,0.3065,1,0,1.6672
1461,60,1,1,9,3,-2.795,0.306,1,0,1.6678
1462,34,1,1,8,3,-2.65,0.3056,1,0,1.6687
1463,119,0,0,17,6,-1.46,0.3051,1,0,1.67
1464,28,2,2,7,3,-1.09,0.3046,1,0,1.6712
1465,28,0,0,8,2,-3.55,0.3041,1,0,1.6729
1466,47,1,1,12,3,-1.8725,0.3037,1,0,1.6735
1467,5,0,0,2,1,-4.525,0.3032,1,0,1.6739
1468,23,0,0,4,1,-4.555,0.3027,1,0,1.6741
1469,5,0,0,3,1,-4.175,0.3022,1,0,1.6743
1470,41,1,1,5,3,-3.87,0.3018,1,0,1.6757
1471,49,1,1,7,3,-3.4425,0.3013,1,0,1.6768
1472,90,2,2,14,3,-0.9925,0.3008,1,0,1.6789
1473,27,0,0,8,2,-2.8975,0.3003,1,0,1.68
1474,77,2,2,15,7,0.4325,0.2999,1,0,1.6832
1475,5,0,0,2,1,-4.475,0.2994,1,0,1.6835
1476,29,0,0,7,2,-3.7,0.2989,1,0,1.6855
1477,18,0,0,5,1,-4.255,0.2984,1,0,1.6857
1478,62,0,0,8,3,-5.065,0.298,1,0,1.6867
1479,108,2,2,17,7,0.84,0.2975,1,0,1.6887
1480,5,0,0,4,1,-3.775,0.297,1,0,1.6888
1481,37,0,0,9,3,-3.4725,0.2965,1,0,1.6897
1482,52,0,0,5,4,-4.4625,0.2961,1,0,1.691
1483,24,2,2,8,2,-0.9075,0.2956,1,0,1.6916
1484,134,3,3,8,7,-1.32,0.2951,1,0,1.6941
1485,5,0,0,2,1,-4.325,0.2946,1,0,1.6944
1486,25,1,1,4,2,-3.25,0.2942,1,0,1.6958
1487,33,1,1,7,3,-2.4725,0.2937,1,0,1.6969
1488,27,0,0,3,1,-5.3625,0.2932,1,0,1.697
1489,52,2,2,8,4,-2.0825,0.2927,1,0,1.6983
1490,400,12,12,33,19,15.425,0.2923,0,1,1.7075
1491,185,3,3,23,8,2.365,0.2918,1,0,1.7108
1492,42,0,0,9,3,-3.44,0.2913,1,0,1.7121
1493,11,0,0,2,1,-4.735,0.2908,1,0,1.7123
1494,61,1,1,9,3,-3.145,0.2903,1,0,1.7131
1495,124,0,0,14,4,-3.895,0.2899,1,0,1.715
1496,14,0,0,5,2,-3.9,0.2894,1,0,1.7158
1497,37,0,0,5,2,-4.7375,0.2889,1,0,1.7162
1498,21,0,0,9,2,-2.6275,0.2884,1,0,1.7163
1499,33,0,0,3,2,-5.3575,0.288,1,0,1.7176
1500,17,0,0,5,2,-3.8375,0.2875,1,0,1.717
1501,45,2,2,10,3,-1.26,0.287,1,0,1.7179
1502,60,1,1,11,3,-2.61,0.2866,1,0,1.7184
1503,39,0,0,9,3,-2.875,0.2861,1,0,1.7204
1504,31,0,0,8,2,-3.2275,0.2856,1,0,1.7208
1505,8,0,0,3,1,-4.0225,0.2851,1,0,1.7217
1506,5,0,0,2,1,-4.575,0.2847,1,0,1.722
1507,208,3,3,28,11,0.9675,0.2842,1,0,1.7258
1508,220,6,6,30,14,4.885,0.2837,1,0,1.7317
1509,35,0,0,8,2,-3.9675,0.2832,1,0,1.732
1510,9,0,0,3,1,-4.1725,0.2828,1,0,1.7325
1511,77,1,1,13,5,-1.5925,0.2823,1,0,1.7344
1512,59,1,1,11,3,-2.7925,0.2818,1,0,1.7355
1513,65,3,3,12,4,0.265,0.2813,1,0,1.7369
1514,7,0,0,3,1,-4.295,0.2809,1,0,1.7371
1515,68,1,1,7,4,-3.2325,0.2804,1,0,1.7373
1516,112,3,3,14,5,-0.7975,0.2799,1,0,1.7402
1517,16,0,0,3,1,-4.6925,0.2794,1,0,1.7405
1518,96,3,3,17,5,-0.4825,0.279,1,0,1.7432
1519,14,0,0,3,1,-4.3825,0.2785,1,0,1.7441
1520,16,0,0,2,1,-4.885,0.278,1,0,1.7446
1521,89,2,2,10,5,-1.7275,0.2775,1,0,1.7475
1522,80,1,1,9,3,-3.26,0.2771,1,0,1.7483
1523,99,1,1,9,4,-3.625,0.2766,1,0,1.7501
1524,78,1,1,8,3,-3.24,0.2761,1,0,1.7509
1525,10,0,0,2,1,-4.6425,0.2756,1,0,1.7519
1526,88,1,1,12,5,-2.6575,0.2752,1,0,1.7539
1527,16,0,0,4,1,-4.185,0.2747,1,0,1.7543
1528,14,0,0,0,1,-5.215,0.2742,1,0,1.7549
1529,17,0,0,3,1,-4.6625,0.2737,1,0,1.7558
1530,8,0,0,4,1,-3.705,0.2732,1,0,1.7561
1531,103,0,0,8,6,-4.905,0.2728,1,0,1.7582
1532,102,3,3,20,6,1.41,0.2723,1,0,1.7618
1533,51,0,0,14,3,-2.2625,0.2718,1,0,1.7628
1534,44,0,0,5,2,-5.0075,0.2713,1,0,1.7633
1535,94,1,1,11,4,-2.42,0.2709,1,0,1.7657
1536,311,8,8,35,19,8.54,0.2704,1,0,1.7726
1537,51,0,0,7,2,-5.0275,0.2699,1,0,1.7731
1538,17,0,0,3,1,-4.5525,0.2694,1,0,1.7733
1539,19,0,0,1,1,-5.4825,0.269,1,0,1.7734
1540,31,0,0,6,2,-4.135,0.2685,1,0,1.7744
1541,52,1,1,7,3,-3.83,0.268,1,0,1.7753
1542,43,0,0,4,1,-5.855,0.2676,1,0,1.7754
1543,13,0,0,5,1,-3.615,0.2671,1,0,1.7763
1544,145,5,5,27,7,4.5275,0.2666,1,0,1.7821
1545,45,0,0,7,2,-3.7675,0.2661,1,0,1.7822
1546,10,0,0,2,1,-4.535,0.2657,1,0,1.7833
1547,46,2,2,8,3,-1.82,0.2652,1,0,1.7843
1548,81,0,0,10,4,-4.755,0.2647,1,0,1.7852
1549,5,0,0,3,1,-4.275,0.2642,1,0,1.7854
1550,5,0,0,4,1,-3.975,0.2638,1,0,1.7856
1551,92,2,2,9,5,-2.3925,0.2633,1,0,1.7877
1552,7,0,0,4,1,-3.795,0.2628,1,0,1.7878
1553,5,0,0,4,1,-3.675,0.2623,1,0,1.7879
1554,46,0,0,10,3,-3.405,0.2619,1,0,1.789
1555,80,2,2,9,4,-2.445,0.2614,1,0,1.7902
1556,38,2,2,10,3,-0.89,0.2609,1,0,1.7912
1557,36,0,0,2,1,-5.835,0.2604,1,0,1.7915
1558,8,0,0,2,1,-4.515,0.26,1,0,1.7919
1559,24,0,0,8,2,-3.2075,0.2595,1,0,1.7921
1560,14,0,0,3,1,-4.515,0.259,1,0,1.7923
1561,12,0,0,1,1,-4.9625,0.2585,1,0,1.7924
1562,72,0,0,6,3,-5.125,0.2581,1,0,1.7945
1563,271,2,2,15,9,-4.4925,0.2576,1,0,1.7984
1564,27,0,0,2,1,-5.3625,0.2571,1,0,1.7985
1565,13,0,0,3,1,-4.6225,0.2566,1,0,1.7986
1566,113,4,4,16,6,1.0475,0.2561,1,0,1.8011
1567,128,2,2,16,7,-0.2875,0.2557,1,0,1.8034
1568,130,4,4,16,6,0.5375,0.2552,1,0,1.8061
1569,14,0,0,2,1,-4.6825,0.2547,1,0,1.8062
1570,57,1,1,6,2,-4.2875,0.2542,1,0,1.8067
1571,92,2,2,17,6,-0.475,0.2538,1,0,1.8097
1572,9,0,0,3,1,-4.2825,0.2533,1,0,1.8098
1573,12,0,0,3,1,-4.455,0.2528,1,0,1.8109
1574,5,0,0,4,1,-3.675,0.2523,1,0,1.811
1575,129,7,7,18,5,5.28,0.2519,1,0,1.8138
1576,46,2,2,13,4,0.505,0.2514,1,0,1.815
1577,11,0,0,3,1,-4.435,0.2509,1,0,1.8152
1578,5,0,0,4,1,-3.675,0.2504,1,0,1.8153
1579,44,0,0,2,1,-6.415,0.25,1,0,1.8156
1580,7,0,0,2,1,-4.4525,0.2495,1,0,1.8159
1581,43,0,0,5,2,-5.055,0.249,1,0,1.8167
1582,27,1,1,8,3,-2.0625,0.2486,1,0,1.8183
1583,80,3,3,13,4,0.02,0.2481,1,0,1.8205
1584,18,0,0,3,1,-4.7225,0.2476,1,0,1.8213
1585,127,1,1,11,4,-4.565,0.2471,1,0,1.8227
1586,94,3,3,13,5,0.27,0.2467,1,0,1.8249
1587,7,0,0,3,1,-4.195,0.2462,1,0,1.8251
1588,71,1,1,7,3,-4.72,0.2457,1,0,1.8259
1589,87,2,2,9,3,-2.8725,0.2452,1,0,1.8271
1590,35,2,2,11,3,0.0475,0.2448,1,0,1.8283
1591,70,2,2,8,5,-1.6625,0.2443,1,0,1.8305
1592,320,6,6,29,13,3.5025,0.2438,1,0,1.837
1593,12,0,0,2,1,-4.7625,0.2433,1,0,1.8371
1594,16,0,0,3,1,-4.6025,0.2429,1,0,1.8372
1595,101,2,2,15,5,-1.755,0.2424,1,0,1.8391
1596,62,1,1,11,3,-2.9725,0.2419,1,0,1.8397
1597,13,0,0,2,1,-4.755,0.2414,1,0,1.84
1598,5,0,0,4,1,-3.675,0.2409,1,0,1.8401
1599,12,0,0,3,1,-4.445,0.2405,1,0,1.8404
1600,37,0,0,9,2,-3.0875,0.24,1,0,1.842
1601,19,0,0,4,1,-4.465,0.2395,1,0,1.8423
1602,5,0,0,4,1,-3.775,0.239,1,0,1.8424
1603,17,0,0,3,1,-4.655,0.2386,1,0,1.8434
1604,37,0,0,10,3,-2.7225,0.2381,1,0,1.8441
1605,32,1,1,7,3,-3.0225,0.2376,1,0,1.8451
1606,34,2,2,13,4,0.715,0.2371,1,0,1.8467
1607,10,0,0,2,1,-4.6325,0.2367,1,0,1.847
1608,47,1,1,6,3,-3.13,0.2362,1,0,1.8478
1609,29,2,2,8,3,-1.1,0.2357,1,0,1.8491
1610,93,2,2,12,4,-2.2175,0.2352,1,0,1.8509
1611,67,2,2,10,3,-2.48,0.2348,1,0,1.8516
1612,288,5,5,35,13,3.39,0.2343,1,0,1.8577
1613,49,0,0,6,2,-5.0575,0.2338,1,0,1.8582
1614,138,4,4,16,5,-0.41,0.2333,1,0,1.861
1615,37,1,1,10,3,-1.0325,0.2329,1,0,1.8639
1616,19,0,0,4,1,-4.315,0.2324,1,0,1.864
1617,5,0,0,3,1,-4.175,0.2319,1,0,1.8642
1618,36,1,1,5,3,-3.62,0.2314,1,0,1.8651
1619,27,0,0,5,2,-4.3875,0.231,1,0,1.8655
1620,18,0,0,8,2,-2.89,0.2305,1,0,1.8661
1621,75,1,1,8,3,-2.96,0.23,1,0,1.867
1622,153,4,4,17,9,2.0375,0.2296,1,0,1.8724
1623,193,3,3,22,8,1.2125,0.2291,1,0,1.8753
1624,110,2,2,18,7,-0.69,0.2286,1,0,1.8773
1625,11,0,0,2,1,-4.695,0.2281,1,0,1.8775
1626,31,0,0,6,2,-4.4175,0.2277,1,0,1.8783
1627,80,0,0,8,2,-5.0675,0.2272,1,0,1.8787
1628,36,0,0,6,2,-4.745,0.2267,1,0,1.8798
1629,24,2,2,10,3,-0.4425,0.2262,1,0,1.8811
1630,57,2,2,7,3,-2.2625,0.2258,1,0,1.8825
1631,49,0,0,7,3,-4.3425,0.2253,1,0,1.8835
1632,46,0,0,8,3,-3.67,0.2248,1,0,1.884
1633,348,4,4,30,15,0.8275,0.2243,1,0,1.8913
1634,47,1,1,11,3,-1.73,0.2239,1,0,1.8919
1635,23,0,0,3,1,-5.0225,0.2234,1,0,1.8921
1636,24,0,0,8,2,-3.2575,0.2229,1,0,1.8924
1637,29,0,0,5,2,-4.3575,0.2224,1,0,1.8929
1638,65,1,1,9,3,-3.31,0.222,1,0,1.8929
1639,11,0,0,3,1,-4.5025,0.2215,1,0,1.893
1640,31,1,1,10,3,-1.61,0.221,1,0,1.8939
1641,19,0,0,3,1,-4.6825,0.2205,1,0,1.8947
1642,97,0,0,6,2,-6.7375,0.2201,1,0,1.8951
1643,201,8,8,21,9,4.165,0.2196,1,0,1.9006
1644,208,5,5,19,9,1.4175,0.2191,1,0,1.9055
1645,46,0,0,10,3,-3.58,0.2186,1,0,1.9062
1646,69,1,1,9,3,-4.2,0.2182,1,0,1.9068
1647,42,0,0,7,2,-3.4875,0.2177,1,0,1.9072
1648,14,0,0,2,1,-4.915,0.2172,1,0,1.9075
1649,41,0,0,11,3,-2.67,0.2167,1,0,1.9079
1650,77,2,2,12,4,-0.9875,0.2163,1,0,1.9108
1651,5,0,0,3,1,-3.925,0.2158,1,0,1.9109
1652,19,0,0,2,1,-5.0725,0.2153,1,0,1.9112
1653,376,5,5,21,11,-0.915,0.2148,1,0,1.9147
1654,50,0,0,7,2,-4.8775,0.2144,1,0,1.9159
1655,26,0,0,3,1,-5.1025,0.2139,1,0,1.916
1656,114,3,3,14,5,-0.73,0.2134,1,0,1.9184
1657,40,1,1,10,3,-1.9,0.2129,1,0,1.9192
1658,69,0,0,4,2,-7.25,0.2125,1,0,1.9199
1659,36,1,2,4,3,-2.46,0.212,1,0,1.9203
1660,69,1,1,9,4,-3.1925,0.2115,1,0,1.9213
1661,76,0,0,5,3,-6.37,0.211,1,0,1.9221
1662,174,2,2,18,6,-0.0625,0.2106,1,0,1.9239
1663,13,0,0,3,1,-4.5225,0.2101,1,0,1.9247
1664,83,1,1,11,4,-3.1825,0.2096,1,0,1.9256
1665,9,0,0,2,1,-4.575,0.2091,1,0,1.9266
1666,35,0,0,9,3,-2.61,0.2087,1,0,1.9269
1667,7,0,0,5,1,-3.255,0.2082,1,0,1.9278
1668,5,0,0,3,1,-4.275,0.2077,1,0,1.928
1669,255,4,4,17,12,-0.7275,0.2072,1,0,1.9332
1670,16,0,0,5,1,-3.585,0.2068,1,0,1.9335
1671,83,3,3,18,5,1.475,0.2063,1,0,1.9343
1672,10,0,0,2,1,-4.575,0.2058,1,0,1.9346
1673,127,1,1,10,3,-5.715,0.2053,1,0,1.9355
1674,46,2,2,11,3,-1.3125,0.2049,1,0,1.9364
1675,53,0,0,4,1,-6.755,0.2044,1,0,1.9366
1676,53,0,0,7,3,-4.94,0.2039,1,0,1.9372
1677,21,0,0,7,2,-3.4275,0.2034,1,0,1.9376
1678,194,3,3,25,9,-0.025,0.203,1,0,1.9405
1679,223,4,4,22,9,3.2275,0.2025,1,0,1.9435
1680,54,0,0,9,2,-4.3575,0.202,1,0,1.9437
1681,36,0,0,10,3,-2.82,0.2015,1,0,1.9441
1682,6,0,0,2,1,-4.485,0.2011,1,0,1.9445
1683,31,0,0,3,1,-5.535,0.2006,1,0,1.9449
1684,89,0,0,8,4,-5.1175,0.2001,1,0,1.9465
1685,16,0,0,3,1,-4.735,0.1996,1,0,1.9467
1686,13,0,0,4,1,-4.255,0.1992,1,0,1.9468
1687,26,0,0,1,1,-6.0025,0.1987,1,0,1.9468
1688,93,2,2,9,5,-2.4075,0.1982,1,0,1.9484
1689,43,0,0,2,1,-6.4225,0.1977,1,0,1.9484
1690,345,6,6,33,12,1.88,0.1973,1,0,1.9536
1691,15,0,0,3,1,-4.5425,0.1968,1,0,1.9543
1692,11,0,0,1,1,-4.6925,0.1963,1,0,1.9546
1693,60,2,2,11,3,-1.52,0.1958,1,0,1.9561
1694,38,0,0,1,1,-6.655,0.1954,1,0,1.9564
1695,54,1,1,14,4,-0.985,0.1949,1,0,1.9577
1696,18,0,0,2,1,-4.915,0.1944,1,0,1.9587
1697,65,1,1,10,3,-3.7525,0.1939,1,0,1.9596
1698,12,0,0,2,1,-4.8625,0.1935,1,0,1.9605
1699,19,0,0,2,1,-4.8725,0.193,1,0,1.9608
1700,7,0,0,4,1,-3.695,0.1925,1,0,1.9609
1701,31,2,2,11,3,-0.12,0.192,1,0,1.9619
1702,59,1,1,11,4,-1.0775,0.1916,1,0,1.9643
1703,50,2,2,11,3,-0.6025,0.1911,1,0,1.9651
1704,26,0,0,11,2,-1.92,0.1906,1,0,1.9655
1705,112,1,1,11,4,-4.315,0.1901,1,0,1.9664
1706,75,0,0,11,4,-3.995,0.1897,1,0,1.9669
1707,89,1,1,13,3,-3.785,0.1892,1,0,1.9678
1708,120,4,4,18,6,0.935,0.1887,1,0,1.9706
1709,100,0,0,10,3,-5.3525,0.1882,1,0,1.9715
1710,61,0,0,11,3,-4.1125,0.1878,1,0,1.9719
1711,214,3,3,20,9,-1.1325,0.1873,1,0,1.9755
1712,59,1,1,7,3,-3.7925,0.1868,1,0,1.9764
1713,47,1,1,9,3,-2.7625,0.1863,1,0,1.9776
1714,70,2,2,11,5,-0.2375,0.1859,1,0,1.9787
1715,16,0,0,7,2,-2.8275,0.1854,1,0,1.9791
1716,5,0,0,2,1,-4.475,0.1849,1,0,1.9794
1717,158,2,2,11,4,-2.46,0.1844,1,0,1.9815
1718,5,0,0,3,1,-4.175,0.184,1,0,1.9817
1719,90,0,0,8,2,-6.9175,0.1835,1,0,1.9821
1720,198,7,7,27,10,6.5075,0.183,1,0,1.9872
1721,18,0,0,3,1,-4.7225,0.1825,1,0,1.9879
1722,43,0,0,14,3,-1.3325,0.1821,1,0,1.9888
1723,102,2,2,10,3,-4.68,0.1816,1,0,1.9894
1724,54,1,1,7,3,-3.8,0.1811,1,0,1.9901
1725,58,1,1,11,3,-2.84,0.1806,1,0,1.9905
1726,20,0,0,2,1,-5.2425,0.1802,1,0,1.9914
1727,194,2,2,14,7,-4.505,0.1797,1,0,1.994
1728,50,0,0,7,3,-4.86,0.1792,1,0,1.9945
1729,33,0,0,2,1,-5.8125,0.1787,1,0,1.9947
1730,98,3,3,8,3,-3.9825,0.1783,1,0,1.9961
1731,73,1,1,8,3,-4.24,0.1778,1,0,1.9968
1732,94,2,2,10,4,-3.425,0.1773,1,0,1.9979
1733,45,1,1,10,3,-2.05,0.1768,1,0,1.9986
1734,19,0,0,2,1,-4.9825,0.1764,1,0,1.9986
1735,55,1,1,8,3,-3.7175,0.1759,1,0,1.9996
1736,56,1,1,11,3,-2.205,0.1754,1,0,2.0007
1737,39,2,2,11,3,-0.7,0.1749,1,0,2.0014
1738,71,0,0,11,3,-4.505,0.1744,1,0,2.0023
1739,97,1,1,10,3,-5.18,0.174,1,0,2.0029
1740,140,3,3,10,4,-4.8775,0.1735,1,0,2.0056
1741,164,1,1,16,5,-4.56,0.173,1,0,2.0078
1742,353,7,7,19,11,0.1675,0.1726,1,0,2.0135
1743,100,1,1,8,5,-3.795,0.1721,1,0,2.0153
1744,25,0,0,5,2,-4.31,0.1716,1,0,2.0159
1745,5,0,0,3,1,-4.075,0.1711,1,0,2.0161
1746,251,1,1,17,5,-6.3625,0.1707,1,0,2.0189
1747,9,0,0,3,1,-4.1725,0.1702,1,0,2.0191
1748,52,1,1,10,4,-1.665,0.1697,1,0,2.0206
1749,151,2,2,10,3,-7.62,0.1692,1,0,2.0213
1750,5,0,0,3,1,-4.075,0.1688,1,0,2.0217
1751,35,0,0,5,2,-4.675,0.1683,1,0,2.023
1752,86,0,0,7,3,-5.9125,0.1678,1,0,2.0235
1753,57,0,0,8,2,-5.0375,0.1673,1,0,2.0235
1754,5,0,0,3,1,-4.175,0.1669,1,0,2.0238
1755,144,2,2,12,5,-5.0775,0.1664,1,0,2.0252
1756,97,1,1,11,3,-4.8725,0.1659,1,0,2.0259
1757,30,0,0,3,1,-5.535,0.1654,1,0,2.0268
1758,101,1,1,7,3,-6.2125,0.165,1,0,2.0277
1759,25,0,0,4,2,-4.7175,0.1645,1,0,2.0281
1760,117,0,0,7,3,-7.2625,0.164,1,0,2.0294
1761,56,2,2,9,3,-2.5125,0.1635,1,0,2.0302
1762,65,0,0,6,3,-4.66,0.1631,1,0,2.031
1763,31,0,0,7,2,-3.92,0.1626,1,0,2.0316
1764,79,0,0,13,4,-3.7275,0.1621,1,0,2.0327
1765,103,1,1,10,3,-5.84,0.1616,1,0,2.0332
1766,111,0,0,7,3,-7.895,0.1612,1,0,2.0349
1767,156,0,0,8,3,-10.28,0.1607,1,0,2.036
1768,74,2,2,11,3,-2.585,0.1602,1,0,2.0374
1769,90,2,2,7,2,-3.8775,0.1597,1,0,2.0381
1770,54,1,1,7,3,-3.79,0.1593,1,0,2.039
1771,215,4,4,25,8,-0.05,0.1588,1,0,2.0415
1772,35,0,0,10,3,-2.5425,0.1583,1,0,2.0428
1773,93,1,1,9,4,-3.365,0.1578,1,0,2.0438
1774,49,1,1,8,3,-3.3,0.1573,1,0,2.0443
1775,66,0,0,3,1,-7.335,0.1569,1,0,2.0445
1776,6,0,0,2,1,-4.335,0.1564,1,0,2.0448
1777,74,0,0,9,3,-5.485,0.1559,1,0,2.0459
1778,6,0,0,3,1,-4.035,0.1554,1,0,2.046
1779,37,1,1,11,3,-1.33,0.155,1,0,2.0466
1780,44,1,1,9,3,-2.0425,0.1545,1,0,2.0475
1781,28,0,0,3,1,-5.415,0.154,1,0,2.0476
1782,111,2,2,7,4,-5.6625,0.1536,1,0,2.0488
1783,36,0,0,7,2,-4.1775,0.1531,1,0,2.0489
1784,38,0,0,7,2,-4.5975,0.1526,1,0,2.0492
1785,136,0,0,9,3,-8.6125,0.1521,1,0,2.0501
1786,336,1,1,20,11,-3.92,0.1517,1,0,2.0532
1787,153,0,0,3,1,-12.755,0.1512,1,0,2.0533
1788,279,0,0,16,6,-8.3125,0.1507,1,0,2.0545
1789,400,6,6,34,13,10.5375,0.1502,0,1,2.0607
1790,400,4,4,19,9,-1.535,0.1498,0,1,2.0652
1791,84,0,0,4,1,-8.015,0.1493,1,0,2.0652
1792,400,4,4,22,11,0.68,0.1488,0,1,2.069
1793,89,1,1,6,3,-4.0,0.1483,1,0,2.0697
1794,384,5,5,25,11,2.215,0.1479,1,0,2.0726
1795,211,2,2,10,8,-5.315,0.1474,1,0,2.074
1796,60,0,0,12,3,-3.6925,0.1469,1,0,2.0756
1797,65,1,1,13,3,-2.185,0.1464,1,0,2.0773
1798,99,1,1,11,4,-4.6875,0.146,1,0,2.0795
1799,12,0,0,3,1,-4.395,0.1455,1,0,2.0797
1800,283,3,3,27,10,-0.38,0.145,1,0,2.0846
1801,82,2,2,9,3,-3.5325,0.1445,1,0,2.086
1802,400,7,7,23,9,5.0075,0.1441,0,1,2.09
1803,75,1,1,8,3,-3.66,0.1436,1,0,2.0906
1804,192,6,6,21,7,0.8225,0.1431,1,0,2.0951
1805,400,14,14,31,13,17.57,0.1426,0,1,2.1015
1806,36,2,2,7,3,-1.6525,0.1421,1,0,2.1023
1807,117,1,1,7,3,-4.7725,0.1417,1,0,2.1033
1808,237,1,1,9,4,-10.2225,0.1412,1,0,2.1037
1809,83,0,0,7,3,-6.2,0.1407,1,0,2.1049
1810,117,1,1,10,3,-6.58,0.1402,1,0,2.1053
1811,81,3,3,13,3,-0.6125,0.1398,1,0,2.107
1812,199,3,3,13,5,-4.8025,0.1393,1,0,2.1108
1813,7,0,0,1,1,-4.8625,0.1388,1,0,2.1116
1814,31,0,0,8,2,-3.9775,0.1383,1,0,2.112
1815,400,8,8,38,13,7.0925,0.1379,0,1,2.1172
1816,50,0,0,3,2,-5.685,0.1374,1,0,2.1182
1817,86,0,0,7,3,-6.72,0.1369,1,0,2.1186
1818,36,0,0,7,2,-4.42,0.1364,1,0,2.1193
1819,43,0,0,4,1,-6.055,0.136,1,0,2.1195
1820,59,1,1,11,3,-2.79,0.1355,1,0,2.1201
1821,54,0,0,3,1,-6.9825,0.135,1,0,2.1201
1822,5,0,0,2,1,-4.475,0.1346,1,0,2.1204
1823,167,4,4,22,7,0.6225,0.1341,1,0,2.1229
1824,63,2,2,10,3,-2.24,0.1336,1,0,2.1234
1825,228,1,1,12,3,-12.34,0.1331,1,0,2.1238
1826,53,0,0,10,3,-3.64,0.1327,1,0,2.1243
1827,67,2,2,8,4,-2.115,0.1322,1,0,2.1253
1828,141,1,1,20,6,-1.51,0.1317,1,0,2.1275
1829,42,0,0,3,1,-6.1625,0.1312,1,0,2.1275
1830,10,0,0,2,1,-4.6425,0.1308,1,0,2.1274
1831,111,2,2,12,3,-3.9125,0.1303,1,0,2.1283
1832,145,4,4,17,5,-0.13,0.1298,1,0,2.1303
1833,67,0,0,3,1,-7.4625,0.1293,1,0,2.1302
1834,400,8,8,21,11,8.4125,0.1289,0,1,2.1341
1835,60,0,0,5,2,-6.21,0.1284,1,0,2.1347
1836,19,0,0,6,1,-3.915,0.1279,1,0,2.1349
1837,44,0,0,10,2,-3.65,0.1274,1,0,2.1356
1838,153,0,0,6,4,-4.975,0.127,1,0,2.1365
1839,170,1,1,10,6,-5.8325,0.1265,1,0,2.1389
1840,27,0,0,3,1,-5.355,0.126,1,0,2.1398
1841,80,1,1,9,3,-4.86,0.1255,1,0,2.1403
1842,49,1,1,7,3,-3.59,0.125,1,0,2.1413
1843,400,4,4,16,5,1.8025,0.1246,0,1,2.1435
1844,150,0,0,15,4,-6.995,0.1241,1,0,2.1443
1845,79,0,0,3,1,-8.2825,0.1236,1,0,2.145
1846,100,0,0,10,3,-6.56,0.1231,1,0,2.1454
1847,50,0,0,5,2,-5.9675,0.1227,1,0,2.1459
1848,125,0,0,2,1,-11.0425,0.1222,1,0,2.1458
1849,126,2,2,14,5,-4.3975,0.1217,1,0,2.1472
1850,42,0,0,4,2,-5.59,0.1212,1,0,2.1484
1851,98,1,1,11,3,-4.5325,0.1208,1,0,2.1493
1852,237,4,4,18,7,-5.02,0.1203,1,0,2.1517
1853,5,0,0,2,1,-4.575,0.1198,1,0,2.152
1854,39,0,0,6,2,-4.8575,0.1193,1,0,2.1523
1855,239,3,3,14,4,-9.135,0.1189,1,0,2.1534
1856,197,2,2,16,4,-3.105,0.1184,1,0,2.1557
1857,400,7,7,29,12,1.065,0.1179,0,1,2.1593
1858,111,3,3,14,5,0.4275,0.1174,1,0,2.1632
1859,33,0,0,6,2,-4.19,0.117,1,0,2.1637
1860,26,0,0,2,1,-5.495,0.1165,1,0,2.1645
1861,99,1,1,17,4,-2.1275,0.116,1,0,2.1654
1862,72,1,1,15,3,-2.0725,0.1156,1,0,2.1659
1863,91,0,0,4,3,-7.4775,0.1151,1,0,2.1666
1864,30,0,0,3,1,-5.075,0.1146,1,0,2.1668
1865,38,0,0,7,2,-4.4975,0.1141,1,0,2.167
1866,15,0,0,4,1,-4.175,0.1137,1,0,2.1671
1867,400,7,7,27,11,8.2675,0.1132,0,1,2.1712
1868,64,0,0,9,3,-5.1,0.1127,1,0,2.1716
1869,155,1,1,8,4,-4.9525,0.1122,1,0,2.1725
1870,55,2,2,8,3,-2.46,0.1118,1,0,2.1731
1871,91,0,0,9,4,-4.9625,0.1113,1,0,2.1737
1872,7,0,0,3,1,-4.2625,0.1108,1,0,2.1745
1873,182,3,3,11,6,-4.185,0.1103,1,0,2.1757
1874,130,2,2,13,4,-2.5875,0.1099,1,0,2.1771
1875,400,9,9,33,12,7.1275,0.1094,0,1,2.1816
1876,112,2,2,11,4,-3.305,0.1089,1,0,2.1828
1877,267,1,1,11,3,-14.48,0.1084,1,0,2.1831
1878,400,3,3,14,15,2.6925,0.108,0,1,2.1865
1879,77,0,0,6,3,-5.6475,0.1075,1,0,2.1868
1880,25,0,0,3,1,-5.135,0.107,1,0,2.1877
1881,182,1,1,6,3,-11.52,0.1065,1,0,2.1886
1882,188,0,0,4,3,-8.24,0.1061,1,0,2.1888
1883,176,1,1,12,5,-4.35,0.1056,1,0,2.1905
1884,73,1,1,9,3,-3.54,0.1051,1,0,2.191
1885,244,1,1,10,4,-6.795,0.1046,1,0,2.1928
1886,400,4,4,19,8,-6.9075,0.1042,0,1,2.1951
1887,246,3,3,19,9,-2.105,0.1037,1,0,2.1981
1888,52,1,1,9,3,-3.08,0.1032,1,0,2.1986
1889,58,0,0,3,1,-7.355,0.1027,1,0,2.1988
1890,400,3,3,15,10,0.4475,0.1023,0,1,2.2015
1891,272,3,3,20,5,-9.5075,0.1018,1,0,2.2025
1892,400,3,3,13,8,-3.2575,0.1013,0,1,2.2048
1893,363,1,1,8,4,-10.375,0.1008,1,0,2.2057
1894,37,2,2,8,3,-1.68,0.1004,1,0,2.2065
1895,106,1,1,10,3,-5.705,0.0999,1,0,2.2079
1896,25,0,0,4,1,-5.075,0.0994,1,0,2.208
1897,155,1,1,7,3,-9.55,0.0989,1,0,2.2088
1898,400,5,5,25,9,5.255,0.0985,0,1,2.2126
1899,291,3,3,21,7,-9.4425,0.098,1,0,2.2147
1900,384,5,5,14,6,-5.8125,0.0975,1,0,2.2164
1901,28,0,0,2,1,-5.5225,0.097,1,0,2.2163
1902,400,3,3,22,6,-6.125,0.0966,0,1,2.2181
1903,12,0,0,2,1,-4.6625,0.0961,1,0,2.2181
1904,243,4,4,16,8,-4.9875,0.0956,1,0,2.2203
1905,13,0,0,2,1,-4.755,0.0951,1,0,2.2206
1906,174,1,1,11,3,-7.1925,0.0947,1,0,2.2214
1907,165,2,2,8,3,-5.9025,0.0942,1,0,2.2225
1908,333,5,5,18,8,-10.045,0.0937,1,0,2.2247
1909,280,3,3,13,4,-9.4875,0.0932,1,0,2.2258
1910,107,0,0,3,2,-10.0375,0.0928,1,0,2.2262
1911,187,1,1,6,3,-10.48,0.0923,1,0,2.2268
1912,85,1,1,8,2,-4.9175,0.0918,1,0,2.227
1913,12,0,0,3,1,-4.495,0.0913,1,0,2.2272
1914,261,3,3,16,5,-4.79,0.0909,1,0,2.2285
1915,141,2,2,12,4,-4.055,0.0904,1,0,2.2297
1916,205,0,0,8,3,-13.26,0.0899,1,0,2.23
1917,400,3,3,17,9,-5.085,0.0894,0,1,2.233
1918,142,2,2,14,3,-5.6225,0.089,1,0,2.2339
1919,400,5,5,23,9,2.435,0.0885,0,1,2.2398
1920,245,3,3,16,5,-6.5125,0.088,1,0,2.2411
1921,143,1,1,9,4,-4.275,0.0875,1,0,2.2418
1922,158,0,0,8,2,-11.2575,0.0871,1,0,2.2425
1923,257,5,5,22,8,2.44,0.0866,1,0,2.2463
1924,60,0,0,3,1,-7.375,0.0861,1,0,2.2465
1925,91,1,1,8,3,-5.92,0.0856,1,0,2.2471
1926,100,1,1,9,3,-5.1025,0.0852,1,0,2.2477
1927,343,3,3,16,6,-10.11,0.0847,1,0,2.2506
1928,244,2,2,11,6,-6.4275,0.0842,1,0,2.2522
1929,197,0,0,8,4,-12.4125,0.0837,1,0,2.2528
1930,84,0,0,3,2,-8.1575,0.0833,1,0,2.2532
1931,80,1,1,11,3,-4.26,0.0828,1,0,2.2536
1932,42,0,0,6,2,-4.7375,0.0823,1,0,2.2539
1933,141,3,3,9,3,-6.12,0.0818,1,0,2.2546
1934,237,0,0,5,2,-16.4375,0.0814,1,0,2.255
1935,222,3,3,22,5,-6.7575,0.0809,1,0,2.2563
1936,400,2,2,8,4,-4.4125,0.0804,0,1,2.2569
1937,164,0,0,15,5,-7.5775,0.0799,1,0,2.2578
1938,355,6,6,31,9,2.33,0.0795,1,0,2.2612
1939,400,2,2,17,6,-1.1175,0.079,0,1,2.2631
1940,400,4,4,17,9,3.0,0.0785,0,1,2.2655
1941,58,0,0,3,1,-7.1225,0.078,1,0,2.2654
1942,64,0,0,2,1,-7.7825,0.0776,1,0,2.2662
1943,58,0,0,8,2,-4.8975,0.0771,1,0,2.2665
1944,343,0,0,10,3,-20.44,0.0766,1,0,2.2668
1945,400,2,2,16,7,0.05,0.0761,0,1,2.2694
1946,75,1,1,12,3,-3.12,0.0757,1,0,2.2699
1947,341,5,5,16,7,-6.325,0.0752,1,0,2.2729
1948,400,4,4,18,8,-2.375,0.0747,0,1,2.275
1949,35,0,0,6,1,-4.475,0.0742,1,0,2.2752
1950,227,2,2,25,7,-3.9275,0.0738,1,0,2.2769
1951,39,0,0,2,1,-6.3825,0.0733,1,0,2.2776
1952,185,3,3,9,4,-1.555,0.0728,1,0,2.279
1953,143,2,2,8,3,-7.79,0.0723,1,0,2.2798
1954,196,2,2,13,4,-6.9475,0.0719,1,0,2.2811
1955,109,0,0,11,3,-7.0,0.0714,1,0,2.2812
1956,297,0,0,9,3,-18.0725,0.0709,1,0,2.2819
1957,368,3,3,9,5,-13.185,0.0704,1,0,2.2835
1958,15,0,0,3,1,-4.275,0.07,1,0,2.2837
1959,400,0,0,6,4,-2.1125,0.0695,0,1,2.284
1960,165,0,0,9,2,-10.6175,0.069,1,0,2.2841
1961,70,2,2,10,3,-2.195,0.0685,1,0,2.2854
1962,85,1,1,9,3,-5.26,0.0681,1,0,2.286
1963,141,0,0,10,3,-8.7125,0.0676,1,0,2.2863
1964,124,0,0,10,3,-8.3,0.0671,1,0,2.2867
1965,400,5,5,19,6,-8.275,0.0666,0,1,2.2885
1966,400,0,0,5,2,-6.435,0.0662,0,1,2.2885
1967,369,1,1,14,7,-9.545,0.0657,1,0,2.2906
1968,400,3,3,7,7,-4.375,0.0652,0,1,2.2922
1969,93,2,2,6,3,-3.94,0.0647,1,0,2.2929
1970,400,2,2,15,9,-3.685,0.0643,0,1,2.2949
1971,260,1,1,15,6,-4.6225,0.0638,1,0,2.2964
1972,337,0,0,16,8,-8.785,0.0633,1,0,2.2972
1973,162,1,1,9,3,-9.58,0.0628,1,0,2.2976
1974,120,0,0,6,2,-9.2175,0.0624,1,0,2.2979
1975,10,0,0,3,1,-4.475,0.0619,1,0,2.2981
1976,104,1,1,12,3,-4.885,0.0614,1,0,2.2992
1977,400,3,3,12,3,-4.7125,0.0609,0,1,2.3002
1978,400,7,7,13,8,-0.1975,0.0605,0,1,2.3033
1979,206,0,0,11,3,-6.48,0.06,1,0,2.3034
1980,134,0,0,8,2,-8.0575,0.0595,1,0,2.3035
1981,157,2,2,7,3,-6.0725,0.059,1,0,2.3042
1982,255,5,5,16,4,0.5125,0.0586,1,0,2.3053
1983,400,4,4,22,7,-1.5825,0.0581,0,1,2.3071
1984,400,2,2,14,5,-3.4475,0.0576,0,1,2.3078
1985,105,0,0,5,2,-4.385,0.0571,1,0,2.3078
1986,17,0,0,3,1,-4.1625,0.0567,1,0,2.3077
1987,29,0,0,2,1,-4.6825,0.0562,1,0,2.3076
1988,70,0,0,3,1,-5.075,0.0557,1,0,2.3074
1989,124,1,1,8,3,-2.7,0.0552,1,0,2.3076
1990,81,0,0,2,1,-5.135,0.0548,1,0,2.3075
1991,183,0,0,3,1,-6.155,0.0543,1,0,2.3068
1992,17,0,0,2,1,-4.5625,0.0538,1,0,2.3067
1993,63,0,0,4,1,-4.555,0.0533,1,0,2.3066
1994,29,0,0,2,1,-4.5725,0.0529,1,0,2.3066
1995,116,0,0,3,1,-5.235,0.0524,1,0,2.3064
1996,25,0,0,3,1,-4.4425,0.0519,1,0,2.3063
1997,300,0,0,4,1,-6.875,0.0514,1,0,2.3055
1998,11,0,0,4,1,-3.835,0.051,1,0,2.3056
1999,198,0,0,3,1,-6.4225,0.0505,1,0,2.305
2000,60,0,0,3,1,-4.575,0.05,1,0,2.305
2001,97,0,0,3,1,-5.1625,0.05,1,0,2.3047
2002,43,0,0,3,1,-4.5225,0.05,1,0,2.3045
2003,49,0,0,2,1,-4.915,0.05,1,0,2.3047
2004,161,0,0,2,1,-6.2025,0.05,1,0,2.3046
2005,138,0,0,3,1,-5.6225,0.05,1,0,2.3045
2006,170,0,0,3,1,-5.475,0.05,1,0,2.3047
2007,130,0,0,3,1,-5.4425,0.05,1,0,2.3044
2008,107,0,0,4,1,-4.695,0.05,1,0,2.3045
2009,40,0,0,3,1,-4.5425,0.05,1,0,2.3044
2010,39,0,0,4,1,-4.115,0.05,1,0,2.3045
2011,7,0,0,3,1,-4.195,0.05,1,0,2.3047
2012,39,0,0,2,1,-4.875,0.05,1,0,2.3047
2013,25,0,0,2,1,-4.6425,0.05,1,0,2.3045
2014,49,0,0,2,1,-4.9825,0.05,1,0,2.3044
2015,5,0,0,2,1,-4.475,0.05,1,0,2.3047
2016,119,0,0,3,1,-5.615,0.05,1,0,2.3047
2017,98,0,0,3,1,-5.155,0.05,1,0,2.3047
2018,342,0,0,4,1,-7.495,0.05,1,0,2.3042
2019,25,0,0,6,2,-3.4775,0.05,1,0,2.305
2020,13,0,0,2,1,-4.6225,0.05,1,0,2.3049
2021,400,0,0,2,1,-3.6425,0.05,0,1,2.3048
2022,126,0,0,2,1,-5.7025,0.05,1,0,2.3046
2023,186,0,0,1,1,-6.8025,0.05,1,0,2.3045
2024,16,0,0,5,1,-3.595,0.05,1,0,2.3046
2025,39,0,0,3,1,-4.3825,0.05,1,0,2.3046
2026,52,0,0,4,1,-4.395,0.05,1,0,2.3047
2027,17,0,0,2,1,-4.5625,0.05,1,0,2.3046
2028,17,0,0,4,1,-3.995,0.05,1,0,2.3048
2029,13,0,0,3,1,-4.055,0.05,1,0,2.305
2030,15,0,0,3,1,-4.1425,0.05,1,0,2.3049
2031,285,0,0,3,1,-7.2425,0.05,1,0,2.3045
2032,76,0,0,4,1,-4.635,0.05,1,0,2.3046
2033,98,0,0,4,1,-4.855,0.05,1,0,2.3046
2034,43,0,0,8,1,-2.515,0.05,1,0,2.305
2035,23,0,0,4,1,-3.955,0.05,1,0,2.3052
2036,126,0,0,2,1,-5.7025,0.05,1,0,2.3049
2037,42,0,0,6,1,-3.455,0.05,1,0,2.305
2038,172,0,0,9,3,-4.08,0.05,1,0,2.3054
2039,22,0,0,2,1,-4.6625,0.05,1,0,2.3053
2040,93,0,0,3,1,-4.855,0.05,1,0,2.3055
2041,179,0,0,4,1,-5.575,0.05,1,0,2.3056
2042,49,0,0,2,1,-4.8825,0.05,1,0,2.3055
2043,38,0,0,2,1,-4.8225,0.05,1,0,2.3054
2044,105,0,0,3,1,-5.1425,0.05,1,0,2.3058
2045,7,0,0,1,1,-4.7625,0.05,1,0,2.3057
2046,21,0,0,5,1,-3.635,0.05,1,0,2.3058
2047,52,0,0,2,1,-5.0625,0.05,1,0,2.3056
2048,156,1,1,15,3,-0.405,0.05,1,0,2.3065
2049,29,0,0,4,1,-4.015,0.05,1,0,2.3066
2050,7,0,0,2,1,-4.595,0.05,1,0,2.3069
2051,31,0,0,3,1,-4.335,0.05,1,0,2.3071
2052,381,0,0,2,1,-8.495,0.05,1,0,2.3075
2053,105,0,0,1,1,-5.8425,0.05,1,0,2.3074
2054,400,0,0,5,2,-2.3275,0.05,0,1,2.3073
2055,13,0,0,4,1,-3.955,0.05,1,0,2.3075
2056,400,2,2,23,7,5.2975,0.05,0,1,2.3092
2057,71,0,0,4,1,-4.535,0.05,1,0,2.3094
2058,175,0,0,14,4,-1.9875,0.05,1,0,2.3099
2059,86,0,0,3,1,-4.9025,0.05,1,0,2.3097
2060,13,0,0,3,1,-4.2225,0.05,1,0,2.3097
2061,32,0,0,5,1,-3.655,0.05,1,0,2.3098
2062,15,0,0,2,1,-4.6425,0.05,1,0,2.3097
2063,7,0,0,2,1,-4.5625,0.05,1,0,2.3096
2064,13,0,0,2,1,-4.5225,0.05,1,0,2.3096
2065,21,0,0,4,1,-3.935,0.05,1,0,2.3097
2066,113,0,0,3,1,-5.0225,0.05,1,0,2.3095
2067,93,0,0,4,1,-4.855,0.05,1,0,2.3095
2068,44,0,0,1,1,-5.1825,0.05,1,0,2.3094
2069,66,0,0,2,1,-5.1025,0.05,1,0,2.3093
2070,81,0,0,2,1,-5.3025,0.05,1,0,2.3091
2071,43,0,0,3,1,-4.555,0.05,1,0,2.3092
2072,233,1,1,10,2,-2.8975,0.05,1,0,2.3089
2073,9,0,0,2,1,-4.5825,0.05,1,0,2.3089
2074,83,0,0,4,1,-4.755,0.05,1,0,2.309
2075,91,0,0,4,1,-4.635,0.05,1,0,2.3091
2076,103,0,0,4,1,-4.755,0.05,1,0,2.3092
2077,20,0,0,5,1,-3.525,0.05,1,0,2.3101
2078,35,0,0,4,1,-3.975,0.05,1,0,2.3101
2079,45,0,0,2,1,-4.8425,0.05,1,0,2.3108
2080,23,0,0,2,1,-4.6225,0.05,1,0,2.3107
2081,75,0,0,5,2,-3.9175,0.05,1,0,2.311
2082,151,0,0,2,1,-6.1025,0.05,1,0,2.3108
2083,61,0,0,2,1,-5.0025,0.05,1,0,2.3107
2084,400,0,0,6,4,-2.3625,0.05,0,1,2.3108
2085,390,0,0,3,1,-8.275,0.05,1,0,2.3106
2086,46,0,0,3,1,-4.5025,0.05,1,0,2.3106
2087,83,0,0,3,1,-4.8225,0.05,1,0,2.3104
2088,170,0,0,5,1,-5.135,0.05,1,0,2.3106
2089,400,0,0,5,2,-2.485,0.05,0,1,2.3101
2090,48,0,0,2,1,-4.9225,0.05,1,0,2.3101
2091,204,0,0,3,1,-6.2825,0.05,1,0,2.3099
2092,123,0,0,4,2,-4.8975,0.05,1,0,2.3102
2093,86,0,0,1,1,-5.6025,0.05,1,0,2.3101
2094,124,1,1,14,3,-0.545,0.05,1,0,2.311
2095,139,0,0,3,1,-5.715,0.05,1,0,2.3111
2096,43,0,0,2,1,-4.7225,0.05,1,0,2.311
2097,400,0,0,9,2,-1.37,0.05,0,1,2.3113
2098,5,0,0,2,1,-4.375,0.05,1,0,2.3116
2099,37,0,0,3,1,-4.495,0.05,1,0,2.3118
2100,151,0,0,3,1,-5.8025,0.05,1,0,2.3117
2101,174,1,1,8,2,-3.1575,0.05,1,0,2.3118
2102,40,0,0,3,1,-4.6425,0.05,1,0,2.3117
2103,135,0,0,5,1,-4.835,0.05,1,0,2.3117
2104,61,0,0,3,1,-4.6025,0.05,1,0,2.3117
2105,128,0,0,4,1,-5.055,0.05,1,0,2.3117
2106,7,0,0,2,1,-4.5625,0.05,1,0,2.3116
2107,19,0,0,3,1,-4.215,0.05,1,0,2.3118
2108,192,0,0,0,1,-7.9625,0.05,1,0,2.3117
2109,26,0,0,2,1,-5.095,0.05,1,0,2.3118
2110,236,2,2,9,5,-3.505,0.05,1,0,2.3121
2111,132,0,0,3,1,-5.6625,0.05,1,0,2.312
2112,198,0,0,4,2,-5.89,0.05,1,0,2.3124
2113,35,0,0,1,1,-6.3425,0.05,1,0,2.3123
2114,71,0,0,2,1,-5.3025,0.05,1,0,2.3122
2115,7,0,0,3,1,-4.095,0.05,1,0,2.3124
2116,163,0,0,2,1,-6.6225,0.05,1,0,2.3122
2117,204,1,1,4,2,-13.9175,0.05,1,0,2.3123
2118,209,2,2,9,3,-6.4,0.05,1,0,2.3129
2119,156,2,2,8,3,-7.82,0.05,1,0,2.3134
2120,95,0,0,3,1,-5.075,0.05,1,0,2.3136
2121,67,0,0,5,1,-4.555,0.05,1,0,2.3136
2122,53,0,0,2,1,-7.0225,0.05,1,0,2.3136
2123,218,2,2,9,3,-11.64,0.05,1,0,2.314
2124,96,0,0,3,2,-6.6375,0.05,1,0,2.3142
2125,208,1,1,5,3,-7.04,0.05,1,0,2.3149
2126,64,1,1,5,3,-3.59,0.05,1,0,2.3156
2127,27,0,0,9,2,-2.7975,0.05,1,0,2.316
2128,134,0,0,4,1,-7.815,0.05,1,0,2.3161
2129,22,0,0,2,1,-5.1625,0.05,1,0,2.316
2130,110,2,2,10,3,-4.96,0.05,1,0,2.3165
2131,331,2,2,7,4,-9.4625,0.05,1,0,2.3172
2132,79,0,0,3,1,-4.8825,0.05,1,0,2.317
2133,155,0,0,10,3,-9.9025,0.05,1,0,2.3174
2134,124,0,0,3,1,-5.515,0.05,1,0,2.3171
2135,13,0,0,3,1,-4.1225,0.05,1,0,2.3171
2136,80,0,0,1,1,-5.6425,0.05,1,0,2.3169
2137,194,0,0,7,3,-11.7675,0.05,1,0,2.3169
2138,156,0,0,4,2,-11.8775,0.05,1,0,2.3172
2139,61,0,0,3,1,-4.8025,0.05,1,0,2.3171
2140,279,1,1,11,3,-10.7,0.05,1,0,2.3172
2141,44,2,2,9,2,-0.3575,0.05,1,0,2.3174
2142,13,0,0,2,1,-4.6225,0.05,1,0,2.3174
2143,125,0,0,4,1,-4.975,0.05,1,0,2.3174
2144,50,0,0,5,1,-3.835,0.05,1,0,2.3175
2145,107,0,0,4,1,-4.995,0.05,1,0,2.3175
2146,72,0,0,3,1,-4.9625,0.05,1,0,2.3174
2147,360,3,3,12,5,-10.645,0.05,1,0,2.3179
2148,5,0,0,4,1,-3.775,0.05,1,0,2.3181
2149,21,0,0,4,1,-4.035,0.05,1,0,2.3183
2150,29,0,0,2,1,-4.6825,0.05,1,0,2.3183
2151,49,0,0,2,1,-5.015,0.05,1,0,2.3186
2152,400,1,1,5,2,-3.685,0.05,0,1,2.3187
2153,30,0,0,2,1,-4.635,0.05,1,0,2.3187
2154,41,0,0,3,1,-5.735,0.05,1,0,2.3189
2155,350,1,1,8,3,-8.82,0.05,1,0,2.3187
2156,57,0,0,3,1,-4.7625,0.05,1,0,2.3186
2157,114,0,0,3,1,-5.4825,0.05,1,0,2.3185
2158,98,1,1,12,3,-5.1325,0.05,1,0,2.3189
2159,282,4,4,9,4,-6.615,0.05,1,0,2.3197
2160,67,0,0,2,1,-5.0625,0.05,1,0,2.3196
2161,150,1,1,8,3,-6.86,0.05,1,0,2.32
2162,107,0,0,2,1,-5.695,0.05,1,0,2.3202
2163,112,0,0,3,1,-5.795,0.05,1,0,2.3204
2164,92,0,0,3,1,-5.295,0.05,1,0,2.3207
2165,135,1,1,5,2,-4.61,0.05,1,0,2.3212
2166,107,0,0,5,1,-5.455,0.05,1,0,2.3212
2167,17,0,0,2,1,-4.5625,0.05,1,0,2.3211
2168,101,1,1,12,3,-5.02,0.05,1,0,2.3213
2169,50,0,0,5,1,-5.975,0.05,1,0,2.3214
2170,16,0,0,3,1,-4.5025,0.05,1,0,2.3214
2171,400,3,3,21,6,-5.89,0.05,0,1,2.3223
2172,163,0,0,4,1,-5.555,0.05,1,0,2.3223
2173,108,0,0,4,1,-5.055,0.05,1,0,2.3224
2174,400,1,1,8,3,-1.7625,0.05,0,1,2.3231
2175,29,0,0,1,1,-6.0825,0.05,1,0,2.323
2176,23,0,0,3,1,-4.255,0.05,1,0,2.3232
2177,13,0,0,2,1,-4.555,0.05,1,0,2.3235
2178,113,0,0,4,1,-5.055,0.05,1,0,2.3236
2179,222,0,0,4,1,-10.155,0.05,1,0,2.3234
2180,93,0,0,1,1,-7.1225,0.05,1,0,2.3233
2181,400,3,3,8,5,-0.14,0.05,0,1,2.3238
2182,77,0,0,2,1,-5.2625,0.05,1,0,2.3237
2183,49,0,0,1,1,-5.6825,0.05,1,0,2.3237
2184,79,0,0,2,1,-5.8825,0.05,1,0,2.3236
2185,243,0,0,3,2,-8.8975,0.05,1,0,2.3237
2186,105,0,0,5,1,-6.135,0.05,1,0,2.3237
2187,11,0,0,3,1,-4.235,0.05,1,0,2.324
2188,7,0,0,2,1,-4.5625,0.05,1,0,2.3239
2189,121,0,0,2,1,-5.7025,0.05,1,0,2.3238
2190,144,1,1,10,3,-5.6,0.05,1,0,2.324
2191,119,0,0,2,1,-6.9825,0.05,1,0,2.3239
2192,23,0,0,2,1,-4.7125,0.05,1,0,2.3239
2193,11,0,0,3,1,-4.3025,0.05,1,0,2.3239
2194,262,0,0,12,4,-5.915,0.05,1,0,2.3242
2195,197,0,0,11,3,-12.08,0.05,1,0,2.3243
2196,105,0,0,2,1,-9.375,0.05,1,0,2.3244
2197,400,2,2,12,3,1.6375,0.05,0,1,2.325
2198,9,0,0,2,1,-4.615,0.05,1,0,2.3253
2199,9,0,0,4,1,-3.915,0.05,1,0,2.3254
2200,219,2,2,10,4,-1.9025,0.05,1,0,2.3256
2201,105,0,0,4,1,-8.375,0.05,1,0,2.3257
2202,25,0,0,2,1,-4.675,0.05,1,0,2.3261
2203,47,0,0,2,1,-6.6625,0.05,1,0,2.326
2204,29,1,1,10,3,-1.38,0.05,1,0,2.3266
2205,152,1,1,7,2,-6.2375,0.05,1,0,2.3268
2206,90,0,0,6,1,-4.335,0.05,1,0,2.3269
2207,34,0,0,3,1,-4.515,0.05,1,0,2.3271
2208,81,0,0,4,1,-4.635,0.05,1,0,2.3272
2209,127,1,1,14,3,-1.665,0.05,1,0,2.3281
2210,18,0,0,4,1,-4.215,0.05,1,0,2.3282
2211,20,0,0,3,1,-4.7425,0.05,1,0,2.3282
2212,301,1,1,7,3,-14.02,0.05,1,0,2.3285
2213,41,0,0,2,1,-4.9025,0.05,1,0,2.3285
2214,160,1,1,7,3,-5.0525,0.05,1,0,2.3291
2215,135,0,0,4,1,-5.575,0.05,1,0,2.3292
2216,267,0,0,0,1,-8.6625,0.05,1,0,2.329
2217,194,1,1,7,3,-9.6,0.05,1,0,2.3293
2218,76,0,0,3,1,-4.8925,0.05,1,0,2.3294
2219,104,2,2,5,2,-5.8575,0.05,1,0,2.3298
2220,155,2,2,9,3,-8.46,0.05,1,0,2.3301
2221,26,0,0,3,1,-5.035,0.05,1,0,2.3303
2222,209,0,0,2,1,-6.775,0.05,1,0,2.3302
2223,78,0,0,10,3,-5.2325,0.05,1,0,2.3307
2224,237,2,2,5,2,-11.2875,0.05,1,0,2.3305
2225,62,0,0,6,1,-3.755,0.05,1,0,2.3306
2226,88,0,0,1,1,-8.0225,0.05,1,0,2.3305
2227,225,0,0,4,2,-13.1175,0.05,1,0,2.3306
2228,113,0,0,3,1,-5.455,0.05,1,0,2.3308
2229,91,0,0,3,1,-5.135,0.05,1,0,2.331
2230,99,0,0,3,1,-5.1825,0.05,1,0,2.3309
2231,177,2,2,14,3,-5.4725,0.05,1,0,2.3312
2232,11,0,0,3,1,-4.2025,0.05,1,0,2.3312
2233,107,1,1,9,3,-6.18,0.05,1,0,2.3313
2234,126,0,0,14,3,-1.905,0.05,1,0,2.332
2235,182,0,0,3,1,-6.0625,0.05,1,0,2.3319
2236,75,0,0,2,1,-6.875,0.05,1,0,2.3321
2237,142,0,0,3,1,-5.4625,0.05,1,0,2.332
2238,37,0,0,3,1,-5.6625,0.05,1,0,2.3319
2239,139,1,1,10,4,-5.735,0.05,1,0,2.3328
2240,386,2,2,9,4,-10.555,0.05,1,0,2.3335
2241,140,1,1,8,2,-5.4175,0.05,1,0,2.3336
2242,133,1,1,8,3,-2.34,0.05,1,0,2.334
2243,5,0,0,4,1,-3.875,0.05,1,0,2.3341
2244,103,0,0,3,1,-5.2225,0.05,1,0,2.334
2245,204,0,0,3,1,-6.1825,0.05,1,0,2.3338
2246,322,2,2,10,4,-5.915,0.05,1,0,2.3342
2247,400,2,2,7,4,-3.37,0.05,0,1,2.3345
2248,106,0,0,1,1,-5.8025,0.05,1,0,2.3344
2249,45,0,0,1,1,-5.6425,0.05,1,0,2.3343
2250,172,1,1,10,3,-3.0325,0.05,1,0,2.3346
2251,128,0,0,2,1,-9.855,0.05,1,0,2.3348
2252,47,0,0,2,1,-6.345,0.05,1,0,2.3351
2253,82,0,0,6,1,-5.795,0.05,1,0,2.3353
2254,102,0,0,2,1,-5.295,0.05,1,0,2.3356
2255,74,0,0,5,1,-5.475,0.05,1,0,2.3357
2256,249,1,1,4,2,-5.8575,0.05,1,0,2.3359
2257,225,0,0,3,1,-6.7425,0.05,1,0,2.3358
2258,79,2,2,8,3,-4.2925,0.05,1,0,2.3363
2259,291,3,3,13,5,-4.0875,0.05,1,0,2.3373
2260,146,0,0,3,1,-5.6025,0.05,1,0,2.3372
2261,86,0,0,3,1,-8.795,0.05,1,0,2.3372
2262,400,2,2,15,5,-2.3375,0.05,0,1,2.3388
2263,167,2,2,11,3,-3.2725,0.05,1,0,2.3392
2264,23,0,0,3,1,-4.355,0.05,1,0,2.3394
2265,250,1,1,8,3,-4.9525,0.05,1,0,2.3398
2266,25,0,0,2,1,-4.575,0.05,1,0,2.34
2267,278,0,0,4,1,-6.855,0.05,1,0,2.34
2268,23,0,0,4,1,-3.955,0.05,1,0,2.3402
2269,61,0,0,5,1,-4.135,0.05,1,0,2.3402
2270,124,0,0,3,1,-5.3825,0.05,1,0,2.3401
2271,35,0,0,3,1,-4.375,0.05,1,0,2.3404
2272,121,0,0,3,1,-5.4025,0.05,1,0,2.3403
2273,97,2,2,7,3,-3.93,0.05,1,0,2.3409
2274,106,0,0,3,1,-7.9025,0.05,1,0,2.3408
2275,400,3,3,15,5,-3.8975,0.05,0,1,2.3414
2276,11,0,0,4,1,-3.935,0.05,1,0,2.3415
2277,23,0,0,2,1,-4.5225,0.05,1,0,2.3415
2278,387,0,0,3,1,-8.295,0.05,1,0,2.3415
2279,112,0,0,2,1,-6.4625,0.05,1,0,2.3414
2280,53,0,0,9,2,-4.7975,0.05,1,0,2.3416
2281,134,1,1,11,4,-4.235,0.05,1,0,2.342
2282,27,0,0,2,1,-4.5625,0.05,1,0,2.342
2283,98,0,0,2,1,-9.655,0.05,1,0,2.342
2284,400,1,1,8,2,-9.1275,0.05,0,1,2.3424
2285,230,0,0,4,1,-6.275,0.05,1,0,2.3424
2286,171,0,0,1,1,-6.6025,0.05,1,0,2.3423
2287,300,3,3,7,2,-7.6775,0.05,1,0,2.3425
2288,400,4,4,14,4,-1.105,0.05,0,1,2.3435
2289,125,0,0,4,1,-4.935,0.05,1,0,2.3436
2290,339,2,2,10,4,-6.5425,0.05,1,0,2.3439
2291,113,0,0,4,1,-4.855,0.05,1,0,2.344
2292,47,0,0,3,1,-4.3625,0.05,1,0,2.344
2293,65,0,0,3,1,-4.675,0.05,1,0,2.3442
2294,210,2,2,8,3,-4.445,0.05,1,0,2.345
2295,123,0,0,5,1,-4.855,0.05,1,0,2.3449
2296,141,0,0,5,1,-6.595,0.05,1,0,2.3449
2297,142,0,0,4,1,-5.395,0.05,1,0,2.3451
2298,37,0,0,3,1,-4.555,0.05,1,0,2.3451
2299,121,0,0,3,1,-5.5025,0.05,1,0,2.3451
2300,113,0,0,2,1,-5.7225,0.05,1,0,2.345
2301,97,2,2,9,3,-2.88,0.05,1,0,2.3452
2302,275,1,1,6,4,-7.5025,0.05,1,0,2.3455
2303,37,0,0,2,1,-4.8625,0.05,1,0,2.3454
2304,400,0,0,8,2,-4.9275,0.05,0,1,2.3454
2305,61,0,0,4,1,-5.195,0.05,1,0,2.3455
2306,282,1,1,7,2,-12.8375,0.05,1,0,2.3456
2307,26,0,0,3,1,-4.5025,0.05,1,0,2.3456
2308,332,2,2,14,6,-4.5,0.05,1,0,2.346
2309,99,1,1,7,3,-3.6,0.05,1,0,2.3463
2310,19,0,0,3,1,-4.215,0.05,1,0,2.3465
2311,176,0,0,3,1,-5.9025,0.05,1,0,2.3464
2312,37,0,0,3,1,-5.2625,0.05,1,0,2.3464
2313,181,0,0,8,3,-12.32,0.05,1,0,2.3467
2314,65,0,0,3,1,-6.475,0.05,1,0,2.3468
2315,28,0,0,5,1,-3.715,0.05,1,0,2.347
2316,300,2,2,21,8,-6.01,0.05,1,0,2.3479
2317,201,1,1,14,3,-8.005,0.05,1,0,2.3486
2318,7,0,0,2,1,-4.5625,0.05,1,0,2.3486
2319,163,1,1,9,3,-9.24,0.05,1,0,2.3488
2320,21,0,0,2,1,-4.635,0.05,1,0,2.3491
2321,15,0,0,3,1,-4.275,0.05,1,0,2.3493
2322,13,0,0,4,1,-3.855,0.05,1,0,2.3494
2323,123,0,0,3,1,-5.3225,0.05,1,0,2.3493
2324,86,0,0,5,2,-7.8775,0.05,1,0,2.3497
2325,143,0,0,2,1,-10.9225,0.05,1,0,2.3496
2326,244,0,0,7,2,-13.3575,0.05,1,0,2.3497
2327,162,0,0,2,1,-6.1625,0.05,1,0,2.3495
2328,109,0,0,3,1,-8.8825,0.05,1,0,2.3495
2329,246,2,2,14,4,-9.0075,0.05,1,0,2.35
2330,400,2,2,8,3,-6.12,0.05,0,1,2.35
2331,60,0,0,4,1,-4.475,0.05,1,0,2.3502
2332,35,0,0,3,1,-4.5425,0.05,1,0,2.3502
2333,162,0,0,2,1,-5.955,0.05,1,0,2.3502
2334,66,0,0,3,1,-4.9025,0.05,1,0,2.3502
2335,103,0,0,6,2,-5.8975,0.05,1,0,2.3503
2336,104,0,0,2,1,-6.4825,0.05,1,0,2.3502
2337,293,3,3,16,4,-3.9675,0.05,1,0,2.351
2338,100,0,0,2,1,-8.4425,0.05,1,0,2.3509
2339,287,0,0,2,1,-15.0625,0.05,1,0,2.3508
2340,365,0,0,4,2,-11.0175,0.05,1,0,2.3511
2341,74,0,0,4,1,-6.015,0.05,1,0,2.3512
2342,7,0,0,4,1,-3.795,0.05,1,0,2.3513
2343,37,0,0,3,1,-4.5625,0.05,1,0,2.3513
2344,200,0,0,8,3,-11.96,0.05,1,0,2.3514
2345,9,0,0,2,1,-4.415,0.05,1,0,2.3517
2346,29,0,0,3,1,-4.315,0.05,1,0,2.352
2347,37,0,0,3,1,-4.5625,0.05,1,0,2.352
2348,171,2,2,12,3,-3.905,0.05,1,0,2.3529
2349,119,3,3,17,3,-1.885,0.05,1,0,2.3537
2350,93,0,0,2,1,-5.3225,0.05,1,0,2.3536
2351,150,0,0,4,2,-10.3175,0.05,1,0,2.3537
2352,73,0,0,4,1,-4.655,0.05,1,0,2.3538
2353,105,0,0,5,1,-4.335,0.05,1,0,2.3539
2354,89,0,0,3,1,-5.815,0.05,1,0,2.3541
2355,141,0,0,2,1,-5.735,0.05,1,0,2.3544
2356,45,0,0,3,1,-4.5425,0.05,1,0,2.3544
2357,100,0,0,4,1,-5.335,0.05,1,0,2.3544
2358,100,0,0,5,2,-8.385,0.05,1,0,2.3545
2359,379,2,2,11,3,-11.5925,0.05,1,0,2.3552
2360,96,0,0,2,2,-5.645,0.05,1,0,2.3552
2361,13,0,0,4,1,-3.855,0.05,1,0,2.3554
2362,34,0,0,5,1,-3.475,0.05,1,0,2.3555
2363,43,0,0,2,1,-4.7225,0.05,1,0,2.3555
2364,202,1,1,2,2,-11.095,0.05,1,0,2.3554
2365,188,1,1,9,3,-7.54,0.05,1,0,2.3557
2366,35,0,0,4,1,-4.075,0.05,1,0,2.3558
2367,332,0,0,2,1,-8.095,0.05,1,0,2.356
2368,119,0,0,4,1,-4.815,0.05,1,0,2.356
2369,81,0,0,3,1,-4.835,0.05,1,0,2.3562
2370,40,0,0,6,1,-3.535,0.05,1,0,2.3563
2371,180,3,3,16,4,-2.4875,0.05,1,0,2.3571
2372,292,0,0,2,1,-9.0625,0.05,1,0,2.3569
2373,250,0,0,7,2,-8.11,0.05,1,0,2.3572
2374,35,0,0,3,1,-4.4425,0.05,1,0,2.3572
2375,21,0,0,2,1,-4.7025,0.05,1,0,2.3572
2376,148,0,0,2,1,-5.9225,0.05,1,0,2.3571
2377,126,0,0,5,1,-5.795,0.05,1,0,2.3571
2378,82,0,0,7,2,-6.4375,0.05,1,0,2.3573
2379,32,0,0,6,2,-3.5375,0.05,1,0,2.3574
2380,99,0,0,3,1,-5.115,0.05,1,0,2.3576
2381,89,0,0,4,1,-4.715,0.05,1,0,2.3578
2382,94,0,0,5,1,-5.375,0.05,1,0,2.3578
2383,127,0,0,1,1,-7.9625,0.05,1,0,2.3577
2384,64,1,1,8,3,-4.3925,0.05,1,0,2.3582
2385,170,2,2,8,3,-5.8525,0.05,1,0,2.3587
2386,45,0,0,3,1,-4.5425,0.05,1,0,2.3587
2387,96,2,2,11,3,-4.12,0.05,1,0,2.359
2388,19,0,0,3,1,-4.415,0.05,1,0,2.3592
2389,113,0,0,6,1,-4.115,0.05,1,0,2.3593
2390,53,1,1,7,3,-3.84,0.05,1,0,2.3597
2391,12,0,0,3,1,-4.5625,0.05,1,0,2.3597
2392,63,3,3,14,5,0.5325,0.05,1,0,2.3606
2393,25,2,2,14,3,1.4475,0.05,1,0,2.3611
2394,5,0,0,2,1,-4.325,0.05,1,0,2.3614
2395,400,3,3,9,3,-0.1625,0.05,0,1,2.3628
2396,61,0,0,10,3,-2.72,0.05,1,0,2.363
2397,20,1,1,9,3,-1.36,0.05,1,0,2.3633
2398,20,1,1,11,3,-0.56,0.05,1,0,2.3635
2399,47,2,2,12,3,-0.365,0.05,1,0,2.3645
2400,348,1,1,4,3,-7.29,0.05,1,0,2.365
2401,7,0,0,3,1,-4.1625,0.05,1,0,2.365
2402,20,1,1,13,3,0.0475,0.05,1,0,2.3656
2403,20,1,1,9,3,-1.46,0.05,1,0,2.3661
2404,15,0,0,7,2,-3.11,0.05,1,0,2.3665
2405,30,0,0,6,3,-3.36,0.05,1,0,2.3669
2406,20,2,2,12,3,0.64,0.05,1,0,2.3672
2407,109,1,1,10,3,-1.9425,0.05,1,0,2.3677
2408,32,2,2,12,3,0.02,0.05,1,0,2.3679
2409,333,7,7,36,12,8.7175,0.05,1,0,2.3706
2410,20,2,2,11,3,0.14,0.05,1,0,2.371
2411,73,1,1,7,3,-2.54,0.05,1,0,2.3714
2412,400,2,2,6,4,-0.32,0.05,0,1,2.3716
2413,7,0,0,3,1,-4.0625,0.05,1,0,2.3716
2414,55,6,6,27,7,9.185,0.05,1,0,2.3729
2415,400,3,3,16,7,3.76,0.05,0,1,2.3734
2416,21,3,3,8,3,0.4375,0.05,1,0,2.3741
2417,160,3,3,21,6,2.9275,0.05,1,0,2.375
2418,62,3,3,9,4,0.2775,0.05,1,0,2.3756
2419,65,2,2,7,4,-1.3525,0.05,1,0,2.376
2420,125,3,3,15,4,1.8125,0.05,1,0,2.3768
2421,400,5,5,15,5,6.1025,0.05,0,1,2.3777
2422,7,0,0,3,1,-4.1625,0.05,1,0,2.3777
2423,20,1,1,9,3,-1.36,0.05,1,0,2.3781
2424,300,1,1,22,10,-0.55,0.05,1,0,2.379
2425,20,1,1,8,3,-1.56,0.05,1,0,2.3792
2426,203,2,2,11,4,-1.325,0.05,1,0,2.3797
2427,7,0,0,2,1,-4.5625,0.05,1,0,2.3797
2428,186,3,3,18,6,1.5025,0.05,1,0,2.38
2429,7,0,0,4,1,-3.895,0.05,1,0,2.3804
2430,20,1,1,11,3,-0.76,0.05,1,0,2.3806
2431,21,1,1,9,3,-1.5625,0.05,1,0,2.3813
2432,14,0,0,10,2,-1.95,0.05,1,0,2.3817
2433,73,1,1,10,3,-1.44,0.05,1,0,2.382
2434,14,0,0,6,2,-3.225,0.05,1,0,2.382
2435,400,3,3,7,5,0.845,0.05,0,1,2.3826
2436,20,2,2,11,3,0.24,0.05,1,0,2.383
2437,22,0,0,10,3,-2.08,0.05,1,0,2.3831
2438,400,0,0,4,3,-3.31,0.05,0,1,2.3836
2439,85,1,1,13,6,-1.63,0.05,1,0,2.3842
2440,98,5,5,16,4,4.4325,0.05,1,0,2.3855
2441,159,1,1,9,4,-2.725,0.05,1,0,2.3867
2442,13,0,0,9,2,-2.1875,0.05,1,0,2.3868
2443,179,0,0,6,3,-5.1,0.05,1,0,2.3871
2444,21,1,1,10,3,-1.0125,0.05,1,0,2.3876
2445,20,0,0,12,3,-1.4525,0.05,1,0,2.388
2446,35,4,4,18,5,4.6625,0.05,1,0,2.3889
2447,14,0,0,9,2,-2.3575,0.05,1,0,2.389
2448,124,2,2,9,3,-1.1825,0.05,1,0,2.3903
2449,32,1,1,10,3,-0.8725,0.05,1,0,2.3909
2450,122,1,1,9,3,-2.1725,0.05,1,0,2.3914
2451,21,0,0,4,3,-4.1625,0.05,1,0,2.392
2452,20,2,2,9,3,-0.26,0.05,1,0,2.3924
2453,215,7,7,23,7,7.6,0.05,1,0,2.3942
2454,20,2,2,10,3,-0.0525,0.05,1,0,2.3945
2455,20,0,0,9,3,-2.56,0.05,1,0,2.3947
2456,400,2,2,8,3,0.33,0.05,0,1,2.3951
2457,20,0,0,6,3,-3.26,0.05,1,0,2.3954
2458,160,4,4,12,4,1.215,0.05,1,0,2.3963
2459,51,0,0,6,2,-3.3775,0.05,1,0,2.3963
2460,25,1,1,7,2,-1.81,0.05,1,0,2.3968
2461,225,7,7,19,8,5.95,0.05,1,0,2.3988
2462,262,2,2,20,8,0.5225,0.05,1,0,2.3996
2463,228,2,2,28,9,3.735,0.05,1,0,2.4015
2464,89,0,0,6,3,-4.39,0.05,1,0,2.402
2465,7,0,0,2,1,-4.3625,0.05,1,0,2.402
2466,307,1,1,14,4,-2.915,0.05,1,0,2.4026
2467,192,1,1,10,3,-2.6725,0.05,1,0,2.403
2468,105,0,0,8,3,-3.7025,0.05,1,0,2.4033
2469,28,0,0,10,4,-2.175,0.05,1,0,2.4038
2470,161,2,2,19,6,1.6825,0.05,1,0,2.4054
2471,21,1,1,10,3,-1.02,0.05,1,0,2.4055
2472,106,2,2,8,4,-1.255,0.05,1,0,2.4051
2473,6,0,0,3,1,-4.1925,0.05,1,0,2.4053
2474,38,2,2,8,3,-0.63,0.05,1,0,2.4056
2475,20,1,1,9,3,-1.46,0.05,1,0,2.406
2476,400,2,2,12,7,1.6925,0.05,0,1,2.4071
2477,68,0,0,15,4,-0.965,0.05,1,0,2.4077
2478,246,4,4,21,7,3.44,0.05,1,0,2.4091
2479,13,0,0,7,2,-2.9975,0.05,1,0,2.4095
2480,22,0,0,10,3,-2.065,0.05,1,0,2.41
2481,15,0,0,4,2,-4.1175,0.05,1,0,2.4104
2482,20,1,1,11,3,-0.86,0.05,1,0,2.4107
2483,164,1,1,11,4,-1.7175,0.05,1,0,2.4121
2484,400,3,3,12,5,2.6025,0.05,0,1,2.4127
2485,20,0,0,14,3,-0.3425,0.05,1,0,2.4131
2486,131,2,2,10,4,-1.3475,0.05,1,0,2.4141
2487,33,1,1,16,4,0.8425,0.05,1,0,2.4143
2488,20,1,1,12,3,-0.3525,0.05,1,0,2.4147
2489,314,1,1,13,5,-2.8775,0.05,1,0,2.4153
2490,289,1,1,9,4,-4.1275,0.05,1,0,2.4159
2491,47,1,1,5,3,-3.03,0.05,1,0,2.4164
2492,153,3,3,16,6,1.3325,0.05,1,0,2.4174
2493,6,0,0,3,1,-4.2025,0.05,1,0,2.418
2494,5,0,0,4,1,-3.875,0.05,1,0,2.4181
2495,8,0,0,2,1,-4.455,0.05,1,0,2.4185
2496,20,1,1,12,3,-0.36,0.05,1,0,2.4187
2497,75,1,1,8,4,-1.9025,0.05,1,0,2.4191
2498,54,2,2,8,3,-1.0,0.05,1,0,2.4196
2499,34,1,1,15,5,0.6725,0.05,1,0,2.4203
2500,113,2,2,7,3,-1.99,0.05,1,0,2.4208
2501,20,1,1,13,3,-0.0525,0.05,1,0,2.4212
2502,13,0,0,6,2,-2.9975,0.05,1,0,2.4214
2503,400,3,3,8,4,1.8375,0.05,0,1,2.4218
2504,58,1,1,7,4,-2.1825,0.05,1,0,2.4222
2505,148,2,2,15,8,0.255,0.05,1,0,2.4227
2506,128,4,4,19,6,3.6975,0.05,1,0,2.424
2507,400,3,3,14,5,3.56,0.05,0,1,2.4247
2508,7,0,0,3,1,-4.0625,0.05,1,0,2.4247
2509,34,3,3,14,5,2.2725,0.05,1,0,2.4255
2510,60,1,1,9,3,-1.5525,0.05,1,0,2.4262
2511,20,1,1,8,3,-1.76,0.05,1,0,2.4266
2512,100,1,1,9,2,-2.1175,0.05,1,0,2.4267
2513,148,3,3,11,4,0.375,0.05,1,0,2.4275
2514,119,1,1,18,4,0.6725,0.05,1,0,2.4283
2515,142,5,5,23,6,5.9325,0.05,1,0,2.4292
2516,108,1,1,21,7,2.005,0.05,1,0,2.43
2517,224,0,0,9,3,-4.685,0.05,1,0,2.4307
2518,400,7,7,35,15,14.4675,0.05,0,1,2.4328
2519,34,2,2,14,5,1.43,0.05,1,0,2.4338
2520,20,2,2,13,3,0.8475,0.05,1,0,2.4345
2521,400,5,5,15,5,5.91,0.05,0,1,2.4354
2522,400,8,8,31,10,14.02,0.05,0,1,2.4373
2523,184,1,1,7,4,-3.725,0.05,1,0,2.438
2524,400,4,4,16,5,5.3025,0.05,0,1,2.4386
2525,8,0,0,3,1,-4.005,0.05,1,0,2.4388
2526,7,0,0,2,1,-4.3625,0.05,1,0,2.4388
2527,49,4,4,19,7,4.5875,0.05,1,0,2.4402
2528,74,1,1,8,5,-2.2775,0.05,1,0,2.441
2529,266,3,3,9,4,-1.9125,0.05,1,0,2.4414
2530,279,6,6,18,8,4.06,0.05,1,0,2.443
2531,34,3,3,11,5,1.0725,0.05,1,0,2.4439
2532,20,0,0,12,3,-1.46,0.05,1,0,2.4441
2533,6,0,0,3,1,-4.1025,0.05,1,0,2.4447
2534,20,2,2,8,3,-0.81,0.05,1,0,2.4451
2535,34,2,2,10,5,-0.535,0.05,1,0,2.4458
2536,20,1,1,9,3,-1.26,0.05,1,0,2.4461
2537,44,2,2,10,3,-0.3,0.05,1,0,2.4464
2538,21,1,1,9,3,-1.42,0.05,1,0,2.4466
2539,20,1,1,11,3,-0.66,0.05,1,0,2.4468
2540,74,1,1,6,4,-3.0425,0.05,1,0,2.4474
2541,400,2,2,9,6,0.8125,0.05,0,1,2.4482
2542,21,1,1,10,3,-1.0125,0.05,1,0,2.4485
2543,13,0,0,5,2,-3.3975,0.05,1,0,2.4488
2544,20,1,1,11,3,-0.86,0.05,1,0,2.449
2545,400,1,1,7,2,-0.5275,0.05,0,1,2.4494
2546,400,9,9,34,10,16.2625,0.05,0,1,2.4514
2547,76,0,0,11,5,-2.465,0.05,1,0,2.4517
2548,20,2,2,8,3,-0.66,0.05,1,0,2.4522
2549,20,1,1,12,3,-0.2525,0.05,1,0,2.4526
2550,250,2,2,8,3,-2.96,0.05,1,0,2.4532
2551,8,0,0,3,1,-4.2225,0.05,1,0,2.4532
2552,6,0,0,3,1,-4.0025,0.05,1,0,2.4537
2553,20,0,0,11,3,-1.96,0.05,1,0,2.4539
2554,20,0,0,11,3,-1.96,0.05,1,0,2.454
2555,32,2,2,12,3,0.5275,0.05,1,0,2.4547
2556,20,1,1,8,3,-1.71,0.05,1,0,2.4551
2557,21,0,0,9,3,-2.3625,0.05,1,0,2.4556
2558,20,2,2,8,3,-0.76,0.05,1,0,2.4561
2559,20,1,1,8,3,-1.61,0.05,1,0,2.4564
2560,20,1,1,7,3,-2.06,0.05,1,0,2.4568
2561,154,1,1,10,3,-2.4,0.05,1,0,2.4572
2562,77,1,1,9,3,-1.9725,0.05,1,0,2.4579
2563,207,3,3,22,7,3.0375,0.05,1,0,2.459
2564,20,0,0,12,3,-1.3525,0.05,1,0,2.4592
2565,13,0,0,6,2,-2.9975,0.05,1,0,2.4594
2566,233,1,1,8,3,-4.1075,0.05,1,0,2.4597
2567,20,1,1,10,3,-0.96,0.05,1,0,2.4599
2568,400,4,4,21,11,6.7125,0.05,0,1,2.4609
2569,20,1,1,10,3,-0.86,0.05,1,0,2.4611
2570,20,1,1,12,3,-0.56,0.05,1,0,2.4613
2571,20,0,0,10,3,-2.06,0.05,1,0,2.4615
2572,95,2,2,10,4,-0.8525,0.05,1,0,2.462
2573,20,0,0,14,3,-0.6525,0.05,1,0,2.4623
2574,400,3,3,15,8,3.3775,0.05,0,1,2.4627
2575,22,0,0,11,3,-2.18,0.05,1,0,2.4629
2576,20,0,0,10,3,-1.845,0.05,1,0,2.4634
2577,285,1,1,7,8,-4.9225,0.05,1,0,2.464
2578,20,1,1,11,3,-0.81,0.05,1,0,2.4642
2579,6,0,0,3,1,-4.0025,0.05,1,0,2.4648
2580,400,2,2,6,5,-0.4475,0.05,0,1,2.4652
2581,400,1,1,3,3,-2.2775,0.05,0,1,2.4651
2582,33,1,1,14,4,0.325,0.05,1,0,2.4658
2583,138,1,1,11,4,-2.175,0.05,1,0,2.4661
2584,274,4,4,21,8,2.695,0.05,1,0,2.4671
2585,23,0,0,5,3,-3.79,0.05,1,0,2.4674
2586,356,0,0,7,7,-6.69,0.05,1,0,2.4678
2587,20,1,1,9,3,-1.26,0.05,1,0,2.4679
2588,156,0,0,5,4,-5.1125,0.05,1,0,2.4683
2589,8,0,0,3,1,-4.155,0.05,1,0,2.4686
2590,20,1,1,11,3,-0.76,0.05,1,0,2.4687
2591,94,4,4,19,4,4.2725,0.05,1,0,2.4698
2592,56,2,2,10,3,-0.42,0.05,1,0,2.4702
2593,207,2,2,13,5,-0.8575,0.05,1,0,2.4711
2594,21,1,1,11,3,-1.02,0.05,1,0,2.4713
2595,207,5,5,19,8,4.115,0.05,1,0,2.4723
2596,88,5,5,16,6,4.6475,0.05,1,0,2.4739
2597,20,2,2,12,3,0.84,0.05,1,0,2.4741
2598,49,2,2,22,7,3.445,0.05,1,0,2.4751
2599,73,4,4,21,7,5.465,0.05,1,0,2.4768
2600,21,1,1,9,3,-1.52,0.05,1,0,2.4768
2601,84,1,1,10,5,-1.8675,0.05,1,0,2.4777
2602,35,1,1,10,3,-1.26,0.05,1,0,2.478
2603,60,1,1,8,5,-2.3875,0.05,1,0,2.4787
2604,50,2,2,9,3,-0.91,0.05,1,0,2.4792
2605,231,5,5,15,5,2.72,0.05,1,0,2.4807
2606,247,1,1,10,4,-3.0725,0.05,1,0,2.4811
2607,20,2,2,11,3,0.29,0.05,1,0,2.4815
2608,214,2,2,18,6,0.645,0.05,1,0,2.4828
2609,22,1,1,11,3,-0.1725,0.05,1,0,2.4829
2610,13,0,0,5,2,-3.2975,0.05,1,0,2.4832
2611,13,0,0,4,2,-3.8475,0.05,1,0,2.4835
2612,7,0,0,2,1,-4.4625,0.05,1,0,2.4835
2613,22,0,0,10,3,-1.9225,0.05,1,0,2.484
2614,121,3,3,20,4,3.3625,0.05,1,0,2.4846
2615,20,0,0,7,3,-3.16,0.05,1,0,2.485
2616,78,4,4,26,8,6.5625,0.05,1,0,2.4863
2617,13,0,0,9,2,-2.1975,0.05,1,0,2.4862
2618,150,5,5,20,6,4.885,0.05,1,0,2.4872
2619,255,0,0,6,2,-5.6175,0.05,1,0,2.4873
2620,20,2,2,6,3,-1.31,0.05,1,0,2.4878
2621,63,1,1,19,5,0.9825,0.05,1,0,2.4885
2622,224,0,0,5,4,-5.6925,0.05,1,0,2.4887
2623,76,2,2,22,6,3.1825,0.05,1,0,2.4899
2624,200,0,0,14,3,-2.595,0.05,1,0,2.4905
2625,20,1,1,9,3,-1.46,0.05,1,0,2.4909
2626,15,0,0,6,2,-3.2175,0.05,1,0,2.4911
2627,20,1,1,8,3,-1.7025,0.05,1,0,2.4916
2628,20,2,2,11,3,0.44,0.05,1,0,2.4918
2629,400,5,5,17,9,6.14,0.05,0,1,2.4927
2630,176,2,2,10,4,-1.505,0.05,1,0,2.4932
2631,5,0,0,3,1,-4.275,0.05,1,0,2.4934
2632,7,0,0,3,1,-4.055,0.05,1,0,2.4936
2633,20,0,0,12,3,-1.31,0.05,1,0,2.4937
2634,6,0,0,3,1,-4.1025,0.05,1,0,2.4942
2635,400,6,6,23,9,9.0325,0.05,0,1,2.4956
2636,400,1,1,13,5,0.9025,0.05,0,1,2.496
2637,51,0,0,7,3,-3.57,0.05,1,0,2.4963
2638,20,2,2,9,3,-0.26,0.05,1,0,2.4966
2639,20,1,1,11,3,-0.5025,0.05,1,0,2.4969
2640,20,1,1,9,3,-1.11,0.05,1,0,2.4972
2641,20,0,0,9,3,-2.5025,0.05,1,0,2.4975
2642,87,2,2,7,2,-1.7375,0.05,1,0,2.4979
2643,20,1,1,10,3,-1.16,0.05,1,0,2.4981
2644,151,2,2,8,4,-2.1625,0.05,1,0,2.4984
2645,20,1,1,12,3,-0.3025,0.05,1,0,2.4989
2646,400,2,2,8,7,0.3525,0.05,0,1,2.499
2647,34,1,1,13,5,-0.4275,0.05,1,0,2.4997
2648,271,2,2,12,6,-2.19,0.05,1,0,2.5006
2649,23,2,2,11,3,0.4175,0.05,1,0,2.5012
2650,150,3,3,9,5,-0.695,0.05,1,0,2.5018
2651,21,0,0,7,3,-3.18,0.05,1,0,2.5026
2652,199,3,3,10,5,-0.735,0.05,1,0,2.5031
2653,164,1,1,13,5,-1.7275,0.05,1,0,2.5035
2654,21,0,0,12,3,-1.3625,0.05,1,0,2.5038
2655,7,0,0,3,1,-4.1625,0.05,1,0,2.5038
2656,23,0,0,10,3,-2.215,0.05,1,0,2.5052
2657,20,0,0,7,3,-3.11,0.05,1,0,2.5055
2658,133,3,3,7,4,-1.125,0.05,1,0,2.5061
2659,7,0,0,3,1,-4.2625,0.05,1,0,2.5061
2660,20,1,1,8,3,-1.71,0.05,1,0,2.5065
2661,24,0,0,9,3,-2.2825,0.05,1,0,2.5073
2662,21,1,1,9,3,-1.47,0.05,1,0,2.5077
2663,400,0,0,14,5,-0.1975,0.05,0,1,2.5079
2664,20,1,1,10,3,-1.21,0.05,1,0,2.5083
2665,400,2,2,16,5,3.0525,0.05,0,1,2.5087
2666,342,3,3,14,5,-1.1075,0.05,1,0,2.5097
2667,53,1,1,9,3,-1.79,0.05,1,0,2.51
2668,20,0,0,9,3,-2.56,0.05,1,0,2.5102
2669,21,0,0,8,3,-2.77,0.05,1,0,2.5104
2670,13,0,0,4,2,-3.9475,0.05,1,0,2.5106
2671,35,2,2,11,4,0.005,0.05,1,0,2.5112
2672,29,0,0,12,4,-1.585,0.05,1,0,2.5118
2673,82,2,2,10,4,-0.5725,0.05,1,0,2.5125
2674,325,0,0,9,3,-5.5025,0.05,1,0,2.5129
2675,24,3,3,10,3,1.1075,0.05,1,0,2.5136
2676,13,0,0,4,2,-4.1575,0.05,1,0,2.5144
2677,201,0,0,10,3,-3.795,0.05,1,0,2.5154
2678,68,4,4,14,5,3.29,0.05,1,0,2.5165
2679,20,2,2,10,3,0.14,0.05,1,0,2.5168
2680,22,2,2,11,3,0.47,0.05,1,0,2.517
2681,20,0,0,11,3,-1.545,0.05,1,0,2.5175
2682,20,1,1,10,3,-1.11,0.05,1,0,2.5177
2683,20,0,0,9,3,-2.51,0.05,1,0,2.5179
2684,36,0,0,10,4,-2.3125,0.05,1,0,2.5182
2685,35,1,1,11,4,-0.745,0.05,1,0,2.5189
2686,20,1,1,7,3,-2.11,0.05,1,0,2.5193
2687,52,0,0,7,2,-3.3375,0.05,1,0,2.5191
2688,22,1,1,9,3,-1.23,0.05,1,0,2.5194
2689,20,0,0,8,3,-2.81,0.05,1,0,2.5197
2690,60,0,0,10,4,-2.645,0.05,1,0,2.52
2691,32,1,1,11,4,-0.755,0.05,1,0,2.5202
2692,303,0,0,13,5,-4.01,0.05,1,0,2.5209
2693,21,1,1,10,3,-0.97,0.05,1,0,2.5211
2694,400,2,2,18,7,3.7425,0.05,0,1,2.5223
2695,190,1,1,10,4,-2.645,0.05,1,0,2.5225
2696,192,1,1,9,5,-3.415,0.05,1,0,2.5223
2697,20,0,0,8,3,-2.56,0.05,1,0,2.5224
2698,20,2,2,11,3,0.7475,0.05,1,0,2.523
2699,227,2,2,19,7,0.7225,0.05,1,0,2.5239
2700,137,6,6,23,6,7.355,0.05,1,0,2.526
2701,66,0,0,8,2,-3.1775,0.05,1,0,2.526
2702,214,0,0,10,4,-4.135,0.05,1,0,2.5266
2703,36,2,2,10,4,-0.055,0.05,1,0,2.5271
2704,73,0,0,10,3,-2.49,0.05,1,0,2.5272
2705,14,0,0,6,2,-3.0575,0.05,1,0,2.5274
2706,20,1,1,8,3,-1.86,0.05,1,0,2.5277
2707,34,0,0,7,2,-2.8575,0.05,1,0,2.5278
2708,237,1,1,7,5,-4.615,0.05,1,0,2.5282
2709,21,1,1,11,3,-0.77,0.05,1,0,2.5284
2710,36,0,0,6,2,-3.1275,0.05,1,0,2.5286
2711,20,2,2,11,3,0.69,0.05,1,0,2.5288
2712,13,0,0,8,2,-2.3475,0.05,1,0,2.5289
2713,20,1,1,9,3,-1.41,0.05,1,0,2.5293
2714,7,0,0,2,1,-4.5625,0.05,1,0,2.5293
2715,400,2,2,2,3,-1.4325,0.05,0,1,2.5293
2716,22,0,0,10,3,-2.38,0.05,1,0,2.5294
2717,20,1,1,11,3,-0.6525,0.05,1,0,2.5297
2718,38,5,5,12,5,3.5325,0.05,1,0,2.5305
2719,82,3,3,8,4,-0.0725,0.05,1,0,2.531
2720,21,1,1,7,3,-1.97,0.05,1,0,2.5314
2721,7,0,0,3,1,-4.255,0.05,1,0,2.5315
2722,21,2,2,11,3,0.3375,0.05,1,0,2.532
2723,400,3,3,13,7,3.3675,0.05,0,1,2.5326
2724,68,4,4,16,4,3.7825,0.05,1,0,2.5334
2725,104,4,4,20,7,4.2875,0.05,1,0,2.5345
2726,20,0,0,11,3,-1.46,0.05,1,0,2.5345
2727,44,0,0,8,3,-2.65,0.05,1,0,2.5347
2728,100,0,0,8,3,-3.41,0.05,1,0,2.5349
2729,44,5,5,14,5,4.2725,0.05,1,0,2.5358
2730,20,1,1,9,3,-1.46,0.05,1,0,2.5357
2731,294,4,4,22,9,3.575,0.05,1,0,2.537
2732,22,1,1,11,3,-0.73,0.05,1,0,2.5372
2733,20,3,3,7,3,0.14,0.05,1,0,2.5376
2734,13,0,0,6,2,-3.2475,0.05,1,0,2.5379
2735,29,0,0,7,3,-3.15,0.05,1,0,2.5382
2736,20,1,1,10,3,-1.11,0.05,1,0,2.5384
2737,20,0,0,9,3,-2.4025,0.05,1,0,2.5387
2738,20,1,1,9,3,-1.31,0.05,1,0,2.5388
2739,310,3,3,23,11,2.315,0.05,1,0,2.5398
2740,100,1,1,12,4,-0.895,0.05,1,0,2.5403
2741,20,1,1,9,3,-1.56,0.05,1,0,2.5405
2742,238,1,1,13,4,-2.3675,0.05,1,0,2.541
2743,144,0,0,6,4,-4.385,0.05,1,0,2.5414
2744,22,1,1,11,3,-0.63,0.05,1,0,2.5416
2745,20,1,1,7,3,-1.86,0.05,1,0,2.542
2746,14,0,0,8,2,-2.3575,0.05,1,0,2.5422
2747,51,1,1,15,5,0.3525,0.05,1,0,2.5427
2748,48,2,2,19,7,2.2475,0.05,1,0,2.5435
2749,72,2,2,17,4,1.6925,0.05,1,0,2.5439
2750,400,6,6,24,9,9.6075,0.05,0,1,2.5459
2751,291,1,1,21,5,-0.0825,0.05,1,0,2.5468
2752,20,0,0,10,3,-2.4525,0.05,1,0,2.5472
2753,20,2,2,9,3,-0.46,0.05,1,0,2.5475
2754,8,0,0,3,1,-4.155,0.05,1,0,2.5477
2755,252,2,2,11,5,-2.2,0.05,1,0,2.5483
2756,400,6,6,24,8,9.9325,0.05,0,1,2.55
2757,7,0,0,3,1,-4.2625,0.05,1,0,2.55
2758,39,1,1,8,3,-1.8,0.05,1,0,2.5503
2759,8,0,0,3,1,-4.005,0.05,1,0,2.5505
2760,58,2,2,14,5,0.725,0.05,1,0,2.551
2761,21,3,3,10,3,1.2875,0.05,1,0,2.5516
2762,70,2,2,25,7,3.7425,0.05,1,0,2.553
2763,158,3,3,15,4,1.3925,0.05,1,0,2.5542
2764,5,0,0,3,1,-4.175,0.05,1,0,2.5544
2765,20,3,3,11,3,1.59,0.05,1,0,2.5547
2766,42,3,3,14,5,1.9925,0.05,1,0,2.5554
2767,7,0,0,3,1,-4.1625,0.05,1,0,2.5554
2768,22,0,0,8,3,-2.58,0.05,1,0,2.5557
2769,400,4,4,20,8,6.44,0.05,0,1,2.5568
2770,221,1,1,5,5,-4.2275,0.05,1,0,2.5577
2771,23,2,2,11,3,0.3175,0.05,1,0,2.5583
2772,20,0,0,11,3,-1.66,0.05,1,0,2.5584
2773,400,0,0,5,2,-2.785,0.05,0,1,2.5584
2774,233,5,5,29,8,7.2875,0.05,1,0,2.56
2775,92,2,2,9,3,-1.13,0.05,1,0,2.5604
2776,104,1,1,10,3,-1.8925,0.05,1,0,2.561
2777,128,1,1,9,4,-2.5825,0.05,1,0,2.5614
2778,35,1,1,17,5,1.0625,0.05,1,0,2.5618
2779,95,3,3,12,4,1.055,0.05,1,0,2.5626
2780,321,1,1,9,4,-4.5125,0.05,1,0,2.5629
2781,20,0,0,9,3,-2.51,0.05,1,0,2.563
2782,400,11,11,38,13,19.295,0.05,0,1,2.5655
2783,109,1,1,12,5,-1.235,0.05,1,0,2.5659
2784,315,0,0,10,4,-5.2525,0.05,1,0,2.5662
2785,8,0,0,2,1,-4.405,0.05,1,0,2.5664
2786,24,1,1,10,3,-1.05,0.05,1,0,2.5666
2787,20,2,2,7,3,-1.01,0.05,1,0,2.567
2788,161,0,0,9,3,-3.665,0.05,1,0,2.5672
2789,13,0,0,6,2,-3.0475,0.05,1,0,2.5674
2790,77,2,2,10,3,-0.63,0.05,1,0,2.5678
2791,20,2,2,10,3,-0.06,0.05,1,0,2.5681
2792,199,3,3,13,5,0.2975,0.05,1,0,2.5696
2793,20,1,1,7,3,-2.06,0.05,1,0,2.57
2794,13,0,0,5,2,-3.7475,0.05,1,0,2.5702
2795,174,4,4,22,7,4.7525,0.05,1,0,2.5713
2796,97,0,0,7,3,-3.87,0.05,1,0,2.5716
2797,400,9,9,33,13,15.07,0.05,0,1,2.5733
2798,386,1,1,10,5,-4.7975,0.05,1,0,2.5735
2799,155,3,3,14,5,0.955,0.05,1,0,2.5737
2800,20,1,1,13,3,0.0475,0.05,1,0,2.574
2801,20,2,2,9,3,-0.4525,0.05,1,0,2.5745
2802,7,0,0,2,1,-4.3625,0.05,1,0,2.5745
2803,217,3,3,16,6,0.8425,0.05,1,0,2.5751
2804,223,3,3,15,7,0.3475,0.05,1,0,2.576
2805,400,0,0,11,6,-0.54,0.05,0,1,2.5764
2806,20,1,1,11,3,-0.91,0.05,1,0,2.5766
2807,36,1,1,6,3,-2.36,0.05,1,0,2.577
2808,117,1,1,7,3,-3.18,0.05,1,0,2.5773
2809,40,1,1,10,3,-1.45,0.05,1,0,2.5777
2810,7,0,0,3,1,-4.1625,0.05,1,0,2.5777
2811,20,2,2,10,3,-0.11,0.05,1,0,2.578
2812,56,1,1,10,3,-1.5625,0.05,1,0,2.5783
2813,20,1,1,11,3,-0.71,0.05,1,0,2.5784
2814,191,1,1,10,3,-3.07,0.05,1,0,2.5786
2815,20,2,2,9,3,-0.31,0.05,1,0,2.579
2816,21,2,2,11,3,0.28,0.05,1,0,2.5792
2817,34,3,3,8,4,0.315,0.05,1,0,2.5799
2818,20,1,1,8,3,-1.5,0.05,1,0,2.5802
2819,110,2,2,23,8,3.2,0.05,1,0,2.5807
2820,14,0,0,7,2,-3.1175,0.05,1,0,2.5811
2821,13,0,0,3,2,-4.2475,0.05,1,0,2.5814
2822,20,2,2,11,3,0.39,0.05,1,0,2.5817
2823,372,2,2,5,3,-5.5475,0.05,1,0,2.5817
2824,112,1,1,9,3,-2.28,0.05,1,0,2.5821
2825,21,0,0,8,3,-2.71,0.05,1,0,2.5823
2826,400,8,8,32,14,14.81,0.05,0,1,2.5845
2827,22,1,1,8,3,-1.73,0.05,1,0,2.5848
2828,35,2,2,8,4,-0.695,0.05,1,0,2.5854
2829,27,1,1,9,3,-1.47,0.05,1,0,2.586
2830,154,1,1,8,4,-2.985,0.05,1,0,2.5863
2831,20,1,1,8,3,-1.5525,0.05,1,0,2.5868
2832,21,0,0,9,3,-2.37,0.05,1,0,2.587
2833,93,3,3,7,3,-0.64,0.05,1,0,2.5875
2834,22,1,1,7,3,-1.93,0.05,1,0,2.5879
2835,20,1,1,9,3,-1.46,0.05,1,0,2.5881
2836,156,3,3,8,3,-1.0625,0.05,1,0,2.5888
2837,80,0,0,7,2,-3.75,0.05,1,0,2.5898
2838,14,1,1,4,2,-2.925,0.05,1,0,2.5898
2839,20,1,1,6,3,-2.36,0.05,1,0,2.5903
2840,96,0,0,6,2,-4.27,0.05,1,0,2.5905
2841,20,1,1,10,3,-1.0025,0.05,1,0,2.5912
2842,14,0,0,4,2,-4.025,0.05,1,0,2.5913
2843,304,9,9,34,10,12.1325,0.05,1,0,2.5933
2844,208,0,0,9,3,-4.39,0.05,1,0,2.5935
2845,20,1,1,9,3,-1.26,0.05,1,0,2.5937
2846,20,0,0,10,3,-1.76,0.05,1,0,2.5939
2847,172,3,3,23,6,3.7075,0.05,1,0,2.595
2848,20,1,1,7,3,-1.91,0.05,1,0,2.5953
2849,20,0,0,10,3,-2.0025,0.05,1,0,2.5957
2850,100,2,2,16,5,0.92,0.05,1,0,2.5965
2851,21,0,0,11,3,-1.57,0.05,1,0,2.5966
2852,400,2,2,3,5,-1.1625,0.05,0,1,2.5967
2853,5,0,0,1,1,-4.875,0.05,1,0,2.5971
2854,22,1,1,11,3,-0.9725,0.05,1,0,2.5977
2855,400,7,7,29,12,11.805,0.05,0,1,2.5996
2856,20,2,2,8,3,-0.81,0.05,1,0,2.6
2857,400,2,2,9,3,0.78,0.05,0,1,2.6006
2858,13,0,0,6,2,-3.365,0.05,1,0,2.6012
2859,99,2,2,14,5,-0.2125,0.05,1,0,2.602
2860,400,3,3,10,5,2.1675,0.05,0,1,2.6022
2861,20,3,3,13,3,2.0975,0.05,1,0,2.6027
2862,290,2,2,11,5,-2.295,0.05,1,0,2.6032
2863,89,0,0,10,4,-3.0425,0.05,1,0,2.6036
2864,98,1,1,9,4,-2.175,0.05,1,0,2.604
2865,14,0,0,7,2,-2.8575,0.05,1,0,2.6041
2866,400,4,4,13,5,3.845,0.05,0,1,2.6045
2867,20,1,1,7,3,-1.91,0.05,1,0,2.6048
2868,20,1,1,11,3,-0.3025,0.05,1,0,2.6052
2869,115,0,0,9,3,-3.31,0.05,1,0,2.6054
2870,20,2,2,10,3,-0.01,0.05,1,0,2.6057
2871,400,6,6,28,12,10.62,0.05,0,1,2.607
2872,65,1,1,12,3,-0.785,0.05,1,0,2.6078
2873,7,0,0,2,1,-4.4625,0.05,1,0,2.6078
2874,148,2,2,17,6,0.79,0.05,1,0,2.608
2875,20,1,1,10,3,-1.06,0.05,1,0,2.6081
2876,400,3,3,18,9,4.2325,0.05,0,1,2.6092
2877,25,1,1,7,3,-2.31,0.05,1,0,2.6096
2878,7,0,0,3,1,-4.2625,0.05,1,0,2.6096
2879,29,0,0,9,3,-3.0,0.05,1,0,2.6098
2880,400,4,4,29,10,7.455,0.05,0,1,2.6108
2881,20,0,0,9,3,-2.66,0.05,1,0,2.611
2882,20,3,3,9,3,0.74,0.05,1,0,2.6114
2883,23,0,0,14,3,-0.675,0.05,1,0,2.6117
2884,20,2,2,7,3,-1.01,0.05,1,0,2.6121
2885,13,0,0,6,2,-3.1475,0.05,1,0,2.6123
2886,8,0,0,1,1,-4.655,0.05,1,0,2.6126
2887,20,1,1,11,3,-0.6525,0.05,1,0,2.6129
2888,20,2,2,7,3,-0.76,0.05,1,0,2.6134
2889,205,1,1,20,8,0.4,0.05,1,0,2.6144
2890,380,6,6,23,9,5.03,0.05,1,0,2.6159
2891,20,2,2,8,3,-0.76,0.05,1,0,2.6162
2892,14,0,0,6,2,-3.3075,0.05,1,0,2.616
2893,22,0,0,12,3,-1.215,0.05,1,0,2.6165
2894,20,2,2,10,3,0.29,0.05,1,0,2.6167
2895,20,2,2,8,3,-0.71,0.05,1,0,2.6171
2896,106,2,2,15,5,1.0025,0.05,1,0,2.6176
2897,120,3,3,13,4,1.3725,0.05,1,0,2.6184
2898,192,0,0,9,4,-4.3225,0.05,1,0,2.6188
2899,137,2,2,14,5,-0.0075,0.05,1,0,2.6195
2900,400,2,2,5,3,-0.6275,0.05,0,1,2.6196
2901,13,0,0,8,2,-2.3575,0.05,1,0,2.6201
2902,211,1,1,10,4,-3.205,0.05,1,0,2.6206
2903,39,1,1,7,3,-2.2,0.05,1,0,2.6211
2904,400,3,3,17,9,4.225,0.05,0,1,2.6218
2905,92,1,1,11,3,-1.48,0.05,1,0,2.6219
2906,400,5,5,20,11,7.2475,0.05,0,1,2.6231
2907,130,2,2,15,5,-0.095,0.05,1,0,2.6237
2908,400,0,0,5,4,-3.67,0.05,0,1,2.6237
2909,199,2,2,9,4,-2.7925,0.05,1,0,2.6241
2910,13,0,0,5,2,-3.6475,0.05,1,0,2.6243
2911,20,1,1,5,3,-2.71,0.05,1,0,2.6246
2912,22,0,0,8,3,-2.83,0.05,1,0,2.6249
2913,210,2,2,10,5,-1.895,0.05,1,0,2.6252
2914,400,10,10,35,12,18.1875,0.05,0,1,2.6279
2915,47,1,1,11,4,-0.815,0.05,1,0,2.6283
2916,320,5,5,17,6,2.32,0.05,1,0,2.6287
2917,21,1,1,12,3,-0.1525,0.05,1,0,2.6292
2918,20,0,0,11,3,-1.71,0.05,1,0,2.6293
2919,14,1,1,4,2,-2.925,0.05,1,0,2.6293
2920,21,0,0,13,3,-1.1625,0.05,1,0,2.6296
2921,20,1,1,9,3,-1.31,0.05,1,0,2.6297
2922,58,2,2,8,3,-1.19,0.05,1,0,2.6302
2923,57,0,0,4,3,-4.33,0.05,1,0,2.6305
2924,23,1,1,11,3,-0.78,0.05,1,0,2.6308
2925,209,5,5,23,9,4.925,0.05,1,0,2.6319
2926,34,1,1,12,3,-0.4925,0.05,1,0,2.6325
2927,82,2,2,6,4,-1.6825,0.05,1,0,2.6332
2928,131,0,0,5,1,-4.935,0.05,1,0,2.6332
2929,400,4,4,14,7,4.31,0.05,0,1,2.6336
2930,20,1,1,12,3,-0.31,0.05,1,0,2.6337
2931,20,2,2,8,3,-0.4925,0.05,1,0,2.6344
2932,159,3,3,18,6,2.215,0.05,1,0,2.6354
2933,13,0,0,7,2,-2.7475,0.05,1,0,2.6355
2934,20,2,2,9,3,-0.31,0.05,1,0,2.6357
2935,198,0,0,11,3,-3.7325,0.05,1,0,2.636
2936,21,0,0,7,3,-3.0625,0.05,1,0,2.6364
2937,64,4,4,15,5,3.54,0.05,1,0,2.637
2938,81,4,4,26,8,6.425,0.05,1,0,2.6379
2939,34,1,1,10,4,-1.2275,0.05,1,0,2.6383
2940,101,3,3,8,4,-0.255,0.05,1,0,2.6389
2941,20,0,0,9,3,-2.4025,0.05,1,0,2.6393
2942,36,0,0,10,4,-2.2375,0.05,1,0,2.6397
2943,20,1,1,8,3,-1.56,0.05,1,0,2.64
2944,21,1,1,8,3,-1.8625,0.05,1,0,2.6405
2945,400,1,1,8,4,-0.505,0.05,0,1,2.6406
2946,13,0,0,6,2,-3.0975,0.05,1,0,2.6408
2947,39,3,3,16,5,3.165,0.05,1,0,2.6413
2948,20,1,1,10,3,-1.11,0.05,1,0,2.6415
2949,6,0,0,3,1,-3.9025,0.05,1,0,2.642
2950,15,0,0,9,2,-1.9175,0.05,1,0,2.642
2951,20,1,1,11,3,-0.5025,0.05,1,0,2.6423
2952,49,3,3,15,6,2.4375,0.05,1,0,2.6427
2953,20,1,1,10,3,-0.91,0.05,1,0,2.6429
2954,168,1,1,11,5,-2.4675,0.05,1,0,2.6435
2955,13,0,0,5,2,-3.4475,0.05,1,0,2.6437
2956,82,1,1,12,5,-1.3075,0.05,1,0,2.6444
2957,20,1,1,10,3,-0.76,0.05,1,0,2.6445
2958,353,1,1,8,4,-5.425,0.05,1,0,2.6448
2959,20,0,0,10,3,-2.06,0.05,1,0,2.6449
2960,13,0,0,6,2,-3.1475,0.05,1,0,2.6451
2961,70,0,0,9,3,-3.01,0.05,1,0,2.6452
2962,283,1,1,16,6,-2.11,0.05,1,0,2.6457
2963,20,2,2,11,3,0.44,0.05,1,0,2.6459
2964,14,0,0,4,2,-3.925,0.05,1,0,2.6458
2965,13,0,0,6,2,-3.49,0.05,1,0,2.6463
2966,227,3,3,22,8,2.78,0.05,1,0,2.6472
2967,400,4,4,13,7,3.2775,0.05,0,1,2.6474
2968,80,0,0,7,4,-3.4925,0.05,1,0,2.6477
2969,59,1,1,14,5,-0.3775,0.05,1,0,2.6482
2970,20,2,2,10,3,-0.16,0.05,1,0,2.6485
2971,7,0,0,3,1,-4.195,0.05,1,0,2.6489
2972,8,0,0,2,1,-4.405,0.05,1,0,2.6491
2973,20,2,2,11,3,0.34,0.05,1,0,2.6493
2974,21,1,1,11,3,-0.3625,0.05,1,0,2.6496
2975,198,4,4,21,6,4.49,0.05,1,0,2.6501
2976,7,0,0,2,1,-4.5625,0.05,1,0,2.6501
2977,400,4,4,22,7,7.49,0.05,0,1,2.6516
2978,86,1,1,15,4,-0.055,0.05,1,0,2.6519
2979,200,6,6,20,8,5.6925,0.05,1,0,2.6531
2980,23,2,2,9,3,-0.4325,0.05,1,0,2.6536
2981,21,0,0,9,3,-2.52,0.05,1,0,2.6539
2982,400,9,9,26,12,13.76,0.05,0,1,2.6558
2983,7,0,0,2,1,-4.4625,0.05,1,0,2.6558
2984,400,3,3,6,6,0.9025,0.05,0,1,2.6564
2985,7,0,0,2,1,-4.3625,0.05,1,0,2.6564
2986,7,0,0,2,1,-4.3625,0.05,1,0,2.6562
2987,80,2,2,4,3,-2.5275,0.05,1,0,2.6563
2988,400,0,0,12,7,-1.275,0.05,0,1,2.6564
2989,57,2,2,11,3,-0.2225,0.05,1,0,2.657
2990,21,1,1,6,3,-2.37,0.05,1,0,2.6574
2991,20,0,0,14,3,-0.6025,0.05,1,0,2.6575
2992,20,1,1,13,3,-0.0025,0.05,1,0,2.6578
2993,14,0,0,5,2,-3.725,0.05,1,0,2.6577
2994,13,0,0,6,2,-3.2475,0.05,1,0,2.6579
2995,383,2,2,11,5,-3.81,0.05,1,0,2.6586
2996,271,3,3,19,8,0.8,0.05,1,0,2.66
2997,161,2,2,14,4,-0.7225,0.05,1,0,2.6608
2998,20,0,0,12,3,-1.86,0.05,1,0,2.661
2999,313,2,2,8,7,-4.6525,0.05,1,0,2.6616
3000,21,1,1,5,3,-2.67,0.05,1,0,2.662
3001,301,0,0,6,3,-6.52,0.05,1,0,2.6623
3002,27,0,0,9,3,-2.6225,0.05,1,0,2.6626
3003,20,1,1,10,3,-1.26,0.05,1,0,2.6628
3004,197,2,2,7,4,-2.9225,0.05,1,0,2.6633
3005,22,2,2,10,3,0.16,0.05,1,0,2.6635
3006,289,1,1,12,4,-3.235,0.05,1,0,2.6637
3007,21,0,0,12,3,-1.4125,0.05,1,0,2.6639
3008,20,0,0,9,3,-2.4025,0.05,1,0,2.6644
3009,23,0,0,7,3,-3.29,0.05,1,0,2.6647
3010,22,1,1,11,3,-0.84,0.05,1,0,2.6654
3011,141,0,0,5,4,-4.7125,0.05,1,0,2.6657
3012,21,1,1,11,3,-0.68,0.05,1,0,2.6658
3013,45,0,0,8,3,-3.3025,0.05,1,0,2.6662
3014,400,1,1,5,6,-2.405,0.05,0,1,2.6663
3015,292,6,6,31,8,8.2375,0.05,1,0,2.6674
3016,265,2,2,16,6,-0.555,0.05,1,0,2.6685
3017,42,1,1,12,3,-0.6225,0.05,1,0,2.6688
3018,311,4,4,23,8,2.7,0.05,1,0,2.6701
3019,20,2,2,7,2,-0.6675,0.05,1,0,2.6703
3020,21,1,1,9,3,-1.22,0.05,1,0,2.6705
3021,20,2,2,11,3,0.39,0.05,1,0,2.6707
3022,67,0,0,12,4,-1.99,0.05,1,0,2.6719
3023,57,2,2,8,3,-1.03,0.05,1,0,2.6723
3024,13,0,0,8,2,-2.49,0.05,1,0,2.6725
3025,20,1,1,14,3,0.3975,0.05,1,0,2.6729
3026,20,1,1,6,3,-2.26,0.05,1,0,2.6734
3027,400,7,7,35,10,14.405,0.05,0,1,2.675
3028,400,4,4,20,9,6.44,0.05,0,1,2.676
3029,7,0,0,3,1,-4.0625,0.05,1,0,2.676
3030,20,1,1,9,3,-1.56,0.05,1,0,2.6763
3031,20,1,1,14,3,-0.0525,0.05,1,0,2.6765
3032,21,1,1,12,3,-0.5125,0.05,1,0,2.6768
3033,400,0,0,5,2,-2.885,0.05,0,1,2.6768
3034,43,1,1,7,3,-2.1825,0.05,1,0,2.6774
3035,21,0,0,11,3,-1.47,0.05,1,0,2.6775
3036,55,1,1,10,3,-1.11,0.05,1,0,2.6777
3037,55,1,1,9,3,-1.91,0.05,1,0,2.6781
3038,21,2,2,9,3,-0.06,0.05,1,0,2.6785
3039,20,1,1,11,3,-0.51,0.05,1,0,2.6787
3040,169,3,3,7,3,-1.4,0.05,1,0,2.6792
3041,375,0,0,6,5,-7.495,0.05,1,0,2.6795
3042,21,1,1,8,3,-1.72,0.05,1,0,2.6797
3043,7,0,0,2,1,-4.3525,0.05,1,0,2.6796
3044,321,2,2,14,6,-1.815,0.05,1,0,2.681
3045,13,0,0,3,2,-4.1975,0.05,1,0,2.6813
3046,21,1,1,10,3,-1.0025,0.05,1,0,2.6818
3047,170,2,2,8,3,-2.42,0.05,1,0,2.6819
3048,22,0,0,10,3,-2.1225,0.05,1,0,2.6823
3049,39,0,1,10,3,-1.4425,0.05,1,0,2.6825
3050,20,1,1,11,3,-0.6025,0.05,1,0,2.6828
3051,373,1,1,8,5,-5.675,0.05,1,0,2.6831
3052,400,3,3,14,8,3.225,0.05,0,1,2.6836
3053,400,0,0,3,5,-4.0125,0.05,0,1,2.6835
3054,392,2,2,6,6,-5.7975,0.05,1,0,2.6839
3055,22,0,0,7,3,-3.23,0.05,1,0,2.6842
3056,20,1,1,12,3,-0.4025,0.05,1,0,2.6844
3057,7,0,0,5,1,-3.445,0.05,1,0,2.6845
3058,20,0,0,11,3,-1.66,0.05,1,0,2.6846
3059,7,0,0,3,1,-4.2625,0.05,1,0,2.6846
3060,400,0,0,4,5,-3.6125,0.05,0,1,2.6846
3061,22,1,1,10,3,-0.9225,0.05,1,0,2.6848
3062,20,0,0,9,3,-2.26,0.05,1,0,2.685
3063,56,1,1,10,4,-1.455,0.05,1,0,2.6855
3064,20,2,2,10,3,0.04,0.05,1,0,2.6857
3065,181,1,1,10,3,-3.07,0.05,1,0,2.686
3066,20,1,1,8,3,-1.81,0.05,1,0,2.6863
3067,7,0,0,3,1,-4.1625,0.05,1,0,2.6863
3068,400,3,3,17,6,3.77,0.05,0,1,2.6874
3069,154,2,2,10,3,-1.7825,0.05,1,0,2.6885
3070,20,1,1,11,3,-0.61,0.05,1,0,2.6886
3071,35,2,2,16,5,1.92,0.05,1,0,2.6894
3072,90,2,2,12,3,-0.2525,0.05,1,0,2.6898
3073,24,1,1,8,3,-1.85,0.05,1,0,2.69
3074,35,3,3,13,5,1.8125,0.05,1,0,2.6907
3075,400,0,0,23,7,3.335,0.05,0,1,2.6907
3076,46,2,2,6,3,-1.41,0.05,1,0,2.6912
3077,29,2,2,14,4,1.2975,0.05,1,0,2.6915
3078,7,0,0,2,1,-4.4625,0.05,1,0,2.6914
3079,14,0,0,5,2,-3.625,0.05,1,0,2.6913
3080,14,0,0,5,2,-3.825,0.05,1,0,2.6912
3081,5,0,0,3,1,-4.275,0.05,1,0,2.6914
3082,13,0,0,5,2,-3.755,0.05,1,0,2.6916
3083,27,0,0,6,3,-3.48,0.05,1,0,2.692
3084,14,1,1,6,2,-2.325,0.05,1,0,2.692
3085,13,0,0,4,2,-3.9475,0.05,1,0,2.6923
3086,82,2,2,11,5,-0.4575,0.05,1,0,2.6929
3087,14,0,0,5,2,-3.725,0.05,1,0,2.6929
3088,80,1,1,15,5,0.0125,0.05,1,0,2.6935
3089,119,3,3,6,4,-4.6775,0.05,1,0,2.6943
3090,41,0,0,8,3,-3.47,0.05,1,0,2.6946
3091,79,0,0,6,3,-4.5,0.05,1,0,2.6949
3092,88,1,1,8,3,-2.6825,0.05,1,0,2.6953
3093,36,0,0,10,3,-2.3625,0.05,1,0,2.6955
3094,23,0,0,2,1,-4.6225,0.05,1,0,2.6954
3095,5,0,0,4,1,-3.675,0.05,1,0,2.6955
3096,24,1,1,7,3,-2.3675,0.05,1,0,2.6955
3097,65,3,3,11,4,0.9475,0.05,1,0,2.6966
3098,22,1,1,7,3,-2.13,0.05,1,0,2.697
3099,20,1,1,9,3,-1.51,0.05,1,0,2.6971
3100,69,3,3,22,7,3.795,0.05,1,0,2.6976
3101,20,2,2,9,3,-0.11,0.05,1,0,2.698
3102,52,1,1,8,3,-2.13,0.05,1,0,2.6983
3103,80,3,3,14,7,1.635,0.05,1,0,2.699
3104,20,0,0,11,3,-1.86,0.05,1,0,2.6991
3105,177,0,0,9,4,-4.1725,0.05,1,0,2.6993
3106,35,1,1,6,3,-2.7275,0.05,1,0,2.6995
3107,354,4,4,27,10,3.6325,0.05,1,0,2.7009
3108,5,0,0,3,1,-4.175,0.05,1,0,2.7011
3109,20,2,2,12,3,0.74,0.05,1,0,2.7011
3110,400,3,3,14,5,3.645,0.05,0,1,2.7015
3111,35,3,3,10,3,0.89,0.05,1,0,2.702
3112,13,0,0,8,2,-2.6475,0.05,1,0,2.702
3113,32,2,2,8,3,-0.73,0.05,1,0,2.7023
3114,272,7,7,31,9,9.515,0.05,1,0,2.7041
3115,213,7,7,26,13,7.675,0.05,1,0,2.7063
3116,25,0,0,6,3,-3.76,0.05,1,0,2.7066
3117,200,6,6,21,8,5.8175,0.05,1,0,2.7084
3118,20,0,0,9,3,-2.51,0.05,1,0,2.7086
3119,20,1,1,11,3,-0.91,0.05,1,0,2.7087
3120,20,1,1,14,3,0.605,0.05,1,0,2.709
3121,21,1,1,9,3,-1.2625,0.05,1,0,2.7094
3122,20,1,1,9,3,-1.31,0.05,1,0,2.7097
3123,158,2,2,12,5,-0.4175,0.05,1,0,2.7094
3124,77,3,3,20,6,3.7275,0.05,1,0,2.71
3125,5,0,0,3,1,-4.175,0.05,1,0,2.7101
3126,212,0,0,4,2,-5.6375,0.05,1,0,2.7103
3127,20,2,2,9,3,-0.51,0.05,1,0,2.7107
3128,21,0,0,9,3,-2.27,0.05,1,0,2.7109
3129,14,0,0,8,2,-2.5075,0.05,1,0,2.7111
3130,90,5,5,17,6,4.9775,0.05,1,0,2.7119
3131,20,1,1,10,3,-0.91,0.05,1,0,2.7122
3132,298,3,3,30,9,3.6525,0.05,1,0,2.7128
3133,198,3,3,15,5,0.5325,0.05,1,0,2.7136
3134,20,2,2,10,3,0.04,0.05,1,0,2.7139
3135,24,2,2,9,3,-0.55,0.05,1,0,2.7142
3136,72,2,2,9,3,-0.58,0.05,1,0,2.7144
3137,59,1,1,11,4,-1.1925,0.05,1,0,2.7146
3138,6,0,0,2,1,-4.5025,0.05,1,0,2.7151
3139,241,3,3,14,5,0.17,0.05,1,0,2.7163
3140,20,2,2,8,3,-0.61,0.05,1,0,2.7167
3141,400,6,6,27,11,10.4725,0.05,0,1,2.7195
3142,60,3,3,11,3,0.34,0.05,1,0,2.7198
3143,246,5,5,27,7,6.075,0.05,1,0,2.7208
3144,20,1,1,15,3,0.9975,0.05,1,0,2.7209
3145,20,1,1,11,3,-0.5025,0.05,1,0,2.7211
3146,29,0,0,6,2,-3.4,0.05,1,0,2.7215
3147,25,0,0,5,2,-3.8675,0.05,1,0,2.7217
3148,14,1,1,6,2,-2.325,0.05,1,0,2.7218
3149,20,1,1,7,3,-1.91,0.05,1,0,2.7221
3150,20,0,0,12,3,-1.51,0.05,1,0,2.7221
3151,400,0,0,12,3,-0.2625,0.05,0,1,2.7222
3152,400,5,5,22,6,8.11,0.05,0,1,2.7226
3153,6,0,0,3,1,-3.9025,0.05,1,0,2.7231
3154,162,1,1,12,4,-1.6725,0.05,1,0,2.7233
3155,23,1,1,11,3,-0.875,0.05,1,0,2.7239
3156,164,2,2,24,5,3.4375,0.05,1,0,2.7246
3157,20,0,0,10,3,-2.11,0.05,1,0,2.7247
3158,27,1,1,11,4,-0.5125,0.05,1,0,2.7254
3159,13,0,0,4,2,-3.9475,0.05,1,0,2.7257
3160,45,3,3,15,5,2.4625,0.05,1,0,2.7264
3161,292,3,3,9,5,-2.1575,0.05,1,0,2.7262
3162,400,2,2,16,8,2.825,0.05,0,1,2.7264
3163,33,1,1,7,3,-2.09,0.05,1,0,2.7269
3164,205,4,4,10,4,0.1125,0.05,1,0,2.7275
3165,20,1,1,10,3,-1.0025,0.05,1,0,2.728
3166,208,0,0,6,3,-5.1725,0.05,1,0,2.7283
3167,20,1,1,14,3,0.4975,0.05,1,0,2.7284
3168,400,1,1,12,4,0.1875,0.05,0,1,2.7286
3169,48,2,2,6,3,-1.49,0.05,1,0,2.729
3170,53,2,2,14,5,0.93,0.05,1,0,2.7292
3171,38,2,2,6,3,-2.2075,0.05,1,0,2.7293
3172,279,2,2,15,5,-1.7275,0.05,1,0,2.7297
3173,20,0,0,12,3,-1.6025,0.05,1,0,2.7299
3174,395,5,5,15,7,1.1625,0.05,1,0,2.732
3175,99,1,1,8,3,-2.55,0.05,1,0,2.7323
3176,20,1,1,10,3,-1.01,0.05,1,0,2.7324
3177,21,1,1,6,3,-2.42,0.05,1,0,2.7327
3178,20,1,1,13,3,0.0975,0.05,1,0,2.7332
3179,283,2,2,11,5,-2.1,0.05,1,0,2.734
3180,190,1,1,9,3,-2.8925,0.05,1,0,2.7348
3181,5,0,0,3,1,-4.175,0.05,1,0,2.735
3182,13,0,0,8,2,-2.4475,0.05,1,0,2.7352
3183,23,0,0,8,3,-2.99,0.05,1,0,2.7354
3184,104,2,2,7,3,-1.75,0.05,1,0,2.736
3185,40,2,2,14,4,1.2375,0.05,1,0,2.7365
3186,22,1,1,11,3,-0.97,0.05,1,0,2.7367
3187,20,2,2,9,3,-0.16,0.05,1,0,2.7369
3188,56,2,2,12,5,0.095,0.05,1,0,2.7373
3189,18,0,0,7,2,-2.6975,0.05,1,0,2.7373
3190,20,1,1,12,3,-0.3525,0.05,1,0,2.7376
3191,28,0,0,7,3,-3.04,0.05,1,0,2.7377
3192,43,3,3,16,4,2.9325,0.05,1,0,2.7381
3193,49,1,1,10,3,-1.5425,0.05,1,0,2.7384
3194,20,0,0,13,3,-0.9025,0.05,1,0,2.7386
3195,7,0,0,2,1,-4.4625,0.05,1,0,2.7386
3196,252,2,2,22,7,1.18,0.05,1,0,2.7394
3197,22,1,1,6,3,-2.43,0.05,1,0,2.7396
3198,5,0,0,2,1,-4.375,0.05,1,0,2.7398
3199,400,5,5,28,7,10.5425,0.05,0,1,2.742
3200,20,1,1,11,3,-0.5,0.05,1,0,2.7421
3201,266,0,0,12,4,-4.0475,0.05,1,0,2.7426
3202,35,1,1,18,5,0.9625,0.05,1,0,2.7431
3203,111,1,1,10,4,-2.005,0.05,1,0,2.7435
3204,8,0,0,1,1,-4.805,0.05,1,0,2.7438
3205,267,3,3,22,6,2.5825,0.05,1,0,2.7453
3206,288,8,8,24,13,7.7,0.05,1,0,2.7468
3207,132,4,4,13,4,2.185,0.05,1,0,2.7473
3208,191,1,1,6,4,-3.8625,0.05,1,0,2.7477
3209,215,1,1,7,3,-4.01,0.05,1,0,2.7478
3210,13,0,0,9,2,-2.4975,0.05,1,0,2.7479
3211,51,0,0,8,3,-3.07,0.05,1,0,2.7482
3212,91,2,2,8,3,-1.5125,0.05,1,0,2.7486
3213,20,0,0,7,3,-3.16,0.05,1,0,2.7488
3214,22,1,1,11,3,-0.715,0.05,1,0,2.7492
3215,54,0,0,6,3,-3.8,0.05,1,0,2.7495
3216,315,2,2,17,7,-1.0675,0.05,1,0,2.7494
3217,236,4,4,9,8,-0.4025,0.05,1,0,2.7504
3218,7,0,0,3,1,-3.8525,0.05,1,0,2.7503
3219,20,2,2,12,3,0.7975,0.05,1,0,2.7508
3220,15,1,1,6,2,-2.385,0.05,1,0,2.7508
3221,104,3,3,8,5,-0.545,0.05,1,0,2.7514
3222,246,5,5,16,5,1.86,0.05,1,0,2.7522
3223,13,0,0,2,1,-4.505,0.05,1,0,2.7525
3224,41,0,0,6,2,-3.7375,0.05,1,0,2.7525
3225,204,2,2,9,4,-2.335,0.05,1,0,2.7526
3226,75,0,0,7,2,-3.5,0.05,1,0,2.7527
3227,325,2,2,7,4,-4.1875,0.05,1,0,2.7533
3228,14,1,1,5,2,-2.725,0.05,1,0,2.7533
3229,82,0,0,11,3,-2.33,0.05,1,0,2.7534
3230,72,0,0,5,3,-4.33,0.05,1,0,2.7532
3231,5,0,0,4,1,-3.975,0.05,1,0,2.7533
3232,181,0,0,7,5,-4.965,0.05,1,0,2.7534
3233,14,0,0,5,2,-3.8175,0.05,1,0,2.7535
3234,14,1,1,6,2,-2.225,0.05,1,0,2.7535
3235,30,0,0,8,3,-3.61,0.05,1,0,2.7539
3236,13,0,0,6,2,-2.8975,0.05,1,0,2.7541
3237,95,4,4,20,5,2.5775,0.05,1,0,2.7549
3238,21,2,2,12,3,0.5875,0.05,1,0,2.7553
3239,295,2,2,19,4,-0.0875,0.05,1,0,2.7564
3240,20,1,1,7,3,-2.11,0.05,1,0,2.7568
3241,278,5,5,16,9,-1.4375,0.05,1,0,2.7577
3242,7,0,0,3,1,-3.9625,0.05,1,0,2.7576
3243,26,2,2,11,3,0.08,0.05,1,0,2.7577
3244,20,0,0,11,3,-1.66,0.05,1,0,2.7579
3245,177,3,3,14,6,0.76,0.05,1,0,2.7595
3246,20,1,1,7,3,-2.06,0.05,1,0,2.7598
3247,263,6,6,18,6,4.815,0.05,1,0,2.761
3248,187,1,1,7,5,-3.765,0.05,1,0,2.7604
3249,238,6,6,18,7,3.5975,0.05,1,0,2.7616
3250,274,3,3,14,6,-0.4525,0.05,1,0,2.7626
3251,21,0,0,11,3,-2.0125,0.05,1,0,2.7629
3252,40,2,2,10,3,0.1975,0.05,1,0,2.7632
3253,8,0,0,3,1,-4.0225,0.05,1,0,2.7636
3254,185,0,0,9,3,-4.0525,0.05,1,0,2.7639
3255,5,0,0,4,1,-3.775,0.05,1,0,2.764
3256,14,1,1,5,2,-2.525,0.05,1,0,2.764
3257,279,3,3,10,5,-2.2775,0.05,1,0,2.7643
3258,279,1,1,11,5,-4.235,0.05,1,0,2.7647
3259,20,0,0,12,3,-1.2025,0.05,1,0,2.7648
3260,27,0,0,6,2,-3.1375,0.05,1,0,2.7651
3261,209,2,2,7,4,-3.1925,0.05,1,0,2.7655
3262,54,1,1,9,3,-1.8925,0.05,1,0,2.7658
3263,26,1,1,9,3,-1.37,0.05,1,0,2.766
3264,7,0,0,6,1,-3.145,0.05,1,0,2.766
3265,14,1,1,5,2,-2.525,0.05,1,0,2.7661
3266,151,3,3,16,5,1.0025,0.05,1,0,2.7667
3267,22,1,1,11,3,-0.8225,0.05,1,0,2.7669
3268,179,1,1,7,3,-3.65,0.05,1,0,2.7672
3269,138,1,1,11,3,-1.8325,0.05,1,0,2.7677
3270,400,3,3,14,8,2.5325,0.05,0,1,2.7681
3271,49,2,2,14,4,0.765,0.05,1,0,2.7684
3272,25,1,1,12,3,-0.71,0.05,1,0,2.7686
3273,120,0,0,8,2,-3.8175,0.05,1,0,2.7686
3274,157,0,0,7,3,-4.8625,0.05,1,0,2.7691
3275,147,2,2,12,3,-0.6225,0.05,1,0,2.7695
3276,13,0,0,5,2,-3.5975,0.05,1,0,2.7697
3277,7,0,0,3,1,-3.9625,0.05,1,0,2.7698
3278,27,0,0,13,3,-1.3225,0.05,1,0,2.7699
3279,115,1,1,8,3,-2.51,0.05,1,0,2.7701
3280,267,3,3,15,6,-0.035,0.05,1,0,2.7706
3281,400,1,1,15,8,1.2825,0.05,0,1,2.7714
3282,15,0,0,6,2,-3.1775,0.05,1,0,2.7718
3283,56,1,1,16,5,0.1525,0.05,1,0,2.7724
3284,296,5,5,20,7,3.9175,0.05,1,0,2.773
3285,61,1,1,12,3,-1.0625,0.05,1,0,2.7731
3286,89,3,3,17,6,2.6125,0.05,1,0,2.7742
3287,14,0,0,6,2,-3.325,0.05,1,0,2.7741
3288,67,3,3,18,6,3.1575,0.05,1,0,2.7749
3289,125,0,0,9,4,-3.6525,0.05,1,0,2.7751
3290,79,1,1,8,3,-2.1825,0.05,1,0,2.7761
3291,400,3,3,11,4,2.6375,0.05,0,1,2.7762
3292,101,6,6,20,8,6.475,0.05,1,0,2.7773
3293,20,2,2,11,3,0.34,0.05,1,0,2.7775
3294,13,0,0,6,2,-3.3475,0.05,1,0,2.7777
3295,106,0,0,12,3,-2.305,0.05,1,0,2.7778
3296,189,1,1,5,3,-4.55,0.05,1,0,2.7783
3297,39,2,2,9,3,-0.45,0.05,1,0,2.7785
3298,238,2,2,10,6,-2.2825,0.05,1,0,2.7787
3299,170,2,2,10,4,-1.595,0.05,1,0,2.7791
3300,21,0,0,8,3,-2.77,0.05,1,0,2.7794
3301,353,2,2,11,5,-3.2675,0.05,1,0,2.7798
3302,115,5,5,13,5,3.2625,0.05,1,0,2.7802
3303,70,3,3,8,3,-0.21,0.05,1,0,2.7807
3304,18,0,0,3,2,-4.265,0.05,1,0,2.7807
3305,20,1,1,11,3,-0.51,0.05,1,0,2.7808
3306,136,1,1,11,5,-2.04,0.05,1,0,2.7817
3307,22,3,3,9,3,1.2775,0.05,1,0,2.7823
3308,84,3,3,14,4,1.705,0.05,1,0,2.7825
3309,20,3,3,9,3,1.04,0.05,1,0,2.7829
3310,115,1,1,8,3,-2.71,0.05,1,0,2.7831
3311,37,1,1,9,3,-1.33,0.05,1,0,2.7834
3312,31,2,2,8,3,-0.77,0.05,1,0,2.7839
3313,50,2,2,9,2,-0.1675,0.05,1,0,2.7839
3314,400,5,5,19,6,7.0775,0.05,0,1,2.7849
3315,20,1,1,12,3,-0.0025,0.05,1,0,2.7851
3316,21,2,2,9,3,-0.17,0.05,1,0,2.7855
3317,50,0,0,9,3,-2.4025,0.05,1,0,2.7857
3318,22,1,1,11,3,-0.83,0.05,1,0,2.7859
3319,22,0,0,10,3,-2.23,0.05,1,0,2.786
3320,21,1,1,5,3,-2.77,0.05,1,0,2.7864
3321,35,2,2,18,5,2.8125,0.05,1,0,2.787
3322,145,7,7,22,7,7.935,0.05,1,0,2.7883
3323,20,3,3,9,3,0.79,0.05,1,0,2.7887
3324,20,2,2,11,3,0.19,0.05,1,0,2.7888
3325,133,0,0,7,3,-4.19,0.05,1,0,2.7891
3326,400,5,5,21,9,7.64,0.05,0,1,2.7899
3327,23,3,3,12,3,1.91,0.05,1,0,2.7901
3328,20,0,0,13,3,-1.2025,0.05,1,0,2.7902
3329,52,1,1,9,3,-1.73,0.05,1,0,2.7905
3330,20,1,1,10,3,-1.0025,0.05,1,0,2.7907
3331,400,0,0,12,6,-0.6475,0.05,0,1,2.791
3332,5,0,0,3,1,-3.975,0.05,1,0,2.7911
3333,134,1,1,11,4,-2.0925,0.05,1,0,2.7914
3334,108,0,0,21,7,0.045,0.05,1,0,2.7917
3335,257,3,3,14,5,-0.2075,0.05,1,0,2.7922
3336,400,5,5,22,11,7.4975,0.05,0,1,2.7932
3337,36,0,0,11,3,-2.22,0.05,1,0,2.7933
3338,6,0,0,3,1,-4.0025,0.05,1,0,2.7938
3339,400,2,2,10,5,0.6625,0.05,0,1,2.7939
3340,5,0,0,4,1,-3.675,0.05,1,0,2.794
3341,400,6,6,22,7,9.1825,0.05,0,1,2.7952
3342,20,2,2,11,3,0.44,0.05,1,0,2.7954
3343,36,2,2,22,5,3.51,0.05,1,0,2.7959
3344,267,3,3,9,5,-1.965,0.05,1,0,2.7963
3345,20,1,1,10,3,-1.06,0.05,1,0,2.7965
3346,57,1,1,4,2,-3.105,0.05,1,0,2.7964
3347,335,3,3,20,8,0.15,0.05,1,0,2.7975
3348,118,1,1,8,4,-3.9325,0.05,1,0,2.7978
3349,20,1,1,11,3,-0.76,0.05,1,0,2.798
3350,14,1,1,4,2,-2.925,0.05,1,0,2.798
3351,14,0,0,6,2,-3.225,0.05,1,0,2.798
3352,400,4,4,12,5,1.795,0.05,0,1,2.7985
3353,58,3,3,9,3,-0.08,0.05,1,0,2.799
3354,70,0,0,7,2,-4.7175,0.05,1,0,2.799
3355,88,1,1,9,3,-3.59,0.05,1,0,2.7993
3356,247,3,3,18,8,-0.135,0.05,1,0,2.7997
3357,133,5,5,27,10,7.5275,0.05,1,0,2.8007
3358,37,0,0,10,4,-2.2725,0.05,1,0,2.8011
3359,177,0,0,9,3,-3.93,0.05,1,0,2.8013
3360,20,0,0,11,3,-1.71,0.05,1,0,2.8014
3361,129,0,0,7,3,-4.3,0.05,1,0,2.8017
3362,400,0,0,5,2,-2.7275,0.05,0,1,2.8017
3363,104,0,0,8,3,-4.15,0.05,1,0,2.802
3364,31,1,1,8,3,-2.12,0.05,1,0,2.802
3365,400,4,4,17,8,3.525,0.05,0,1,2.8028
3366,400,2,2,8,2,-1.0775,0.05,0,1,2.8029
3367,71,0,0,7,2,-4.6275,0.05,1,0,2.8031
3368,33,0,0,8,3,-3.29,0.05,1,0,2.8032
3369,38,0,0,9,3,-3.19,0.05,1,0,2.8033
3370,53,2,2,8,3,-1.5,0.05,1,0,2.8039
3371,41,0,0,7,3,-3.37,0.05,1,0,2.8042
3372,21,0,0,11,3,-1.4625,0.05,1,0,2.8043
3373,6,0,0,2,1,-4.4025,0.05,1,0,2.8049
3374,34,2,2,15,4,1.3725,0.05,1,0,2.8052
3375,13,0,0,6,2,-3.1475,0.05,1,0,2.8054
3376,23,1,1,10,3,-1.09,0.05,1,0,2.8057
3377,109,2,2,9,4,-0.885,0.05,1,0,2.8061
3378,103,4,4,10,3,1.425,0.05,1,0,2.8071
3379,293,1,1,11,4,-3.7275,0.05,1,0,2.8073
3380,233,2,2,15,7,-0.76,0.05,1,0,2.808
3381,50,1,1,14,4,-0.2375,0.05,1,0,2.8086
3382,21,1,1,11,3,-0.4625,0.05,1,0,2.8089
3383,13,0,0,8,2,-2.3475,0.05,1,0,2.8091
3384,20,2,2,12,3,0.64,0.05,1,0,2.8093
3385,13,0,0,8,2,-2.4975,0.05,1,0,2.8094
3386,55,0,0,9,4,-3.0025,0.05,1,0,2.8098
3387,66,1,1,6,3,-2.66,0.05,1,0,2.8102
3388,173,1,1,9,3,-3.04,0.05,1,0,2.8104
3389,271,5,5,20,8,3.8075,0.05,1,0,2.811
3390,41,0,0,6,3,-4.57,0.05,1,0,2.8112
3391,20,0,0,11,3,-1.61,0.05,1,0,2.8113
3392,22,1,1,11,3,-0.5225,0.05,1,0,2.8117
3393,166,0,0,8,5,-4.455,0.05,1,0,2.8121
3394,40,1,1,11,3,-2.11,0.05,1,0,2.8122
3395,21,1,1,10,3,-1.02,0.05,1,0,2.8125
3396,193,1,1,10,3,-5.49,0.05,1,0,2.8128
3397,342,4,4,21,9,1.755,0.05,1,0,2.8141
3398,106,3,3,11,5,0.5525,0.05,1,0,2.8146
3399,6,0,0,3,1,-4.1025,0.05,1,0,2.8151
3400,26,2,2,10,3,0.2375,0.05,1,0,2.8153
3401,20,1,1,9,3,-1.41,0.05,1,0,2.8156
3402,400,3,3,10,6,1.0025,0.05,0,1,2.8159
3403,43,0,0,8,3,-4.09,0.05,1,0,2.8161
3404,231,0,0,8,4,-5.505,0.05,1,0,2.8165
3405,49,3,3,4,4,-0.935,0.05,1,0,2.8171
3406,111,2,2,11,3,-0.4125,0.05,1,0,2.8177
3407,43,0,0,12,4,-2.6325,0.05,1,0,2.818
3408,41,3,3,9,3,-0.42,0.05,1,0,2.8183
3409,41,1,1,9,3,-1.47,0.05,1,0,2.8185
3410,21,0,0,2,1,-4.435,0.05,1,0,2.8188
3411,40,3,3,9,4,0.455,0.05,1,0,2.8192
3412,37,2,2,19,5,2.9,0.05,1,0,2.8197
3413,133,2,2,16,5,0.89,0.05,1,0,2.82
3414,22,0,0,7,3,-3.18,0.05,1,0,2.8202
3415,107,5,5,18,6,4.8425,0.05,1,0,2.8205
3416,21,0,0,9,3,-2.47,0.05,1,0,2.8206
3417,20,3,3,13,3,2.5975,0.05,1,0,2.8209
3418,21,0,0,11,3,-1.92,0.05,1,0,2.821
3419,163,0,0,8,4,-4.2825,0.05,1,0,2.8212
3420,215,1,1,15,5,-2.3375,0.05,1,0,2.8216
3421,6,0,0,3,1,-4.0025,0.05,1,0,2.822
3422,62,1,1,14,3,-2.0725,0.05,1,0,2.8222
3423,210,1,1,6,4,-4.185,0.05,1,0,2.8231
3424,321,2,2,18,6,-0.675,0.05,1,0,2.8238
3425,139,3,3,20,7,1.4875,0.05,1,0,2.8244
3426,47,1,1,14,5,-0.5,0.05,1,0,2.825
3427,27,2,2,15,4,1.8325,0.05,1,0,2.826
3428,20,0,0,10,3,-2.21,0.05,1,0,2.8261
3429,107,2,2,12,3,0.3775,0.05,1,0,2.8263
3430,376,7,7,25,10,6.5375,0.05,1,0,2.8276
3431,34,1,2,7,3,-1.55,0.05,1,0,2.8279
3432,13,0,0,7,2,-2.5975,0.05,1,0,2.8279
3433,61,3,3,15,5,1.595,0.05,1,0,2.8283
3434,14,0,0,4,2,-3.6575,0.05,1,0,2.8286
3435,107,2,2,9,5,-1.025,0.05,1,0,2.8289
3436,68,2,2,18,5,2.1325,0.05,1,0,2.8294
3437,20,0,0,10,3,-2.36,0.05,1,0,2.8296
3438,201,2,2,8,3,-2.47,0.05,1,0,2.8298
3439,40,1,1,10,3,-2.36,0.05,1,0,2.8299
3440,262,1,1,22,10,-0.21,0.05,1,0,2.8302
3441,27,2,2,11,3,0.1275,0.05,1,0,2.8305
3442,37,2,2,12,3,-0.065,0.05,1,0,2.831
3443,38,1,1,4,3,-3.19,0.05,1,0,2.8314
3444,212,0,0,6,2,-5.6875,0.05,1,0,2.8318
3445,22,0,0,10,3,-2.0225,0.05,1,0,2.8321
3446,98,1,1,6,3,-3.34,0.05,1,0,2.8323
3447,13,0,0,6,2,-3.0975,0.05,1,0,2.8325
3448,63,1,1,9,3,-1.6325,0.05,1,0,2.8329
3449,276,0,0,5,4,-6.7125,0.05,1,0,2.8332
3450,248,1,1,14,6,-2.2525,0.05,1,0,2.8335
3451,27,1,1,7,3,-2.58,0.05,1,0,2.8338
3452,26,1,1,10,3,-1.57,0.05,1,0,2.8341
3453,87,3,3,18,7,2.3975,0.05,1,0,2.8344
3454,28,1,1,12,4,-0.335,0.05,1,0,2.8346
3455,21,1,1,12,3,-0.27,0.05,1,0,2.8347
3456,20,0,0,11,3,-1.9025,0.05,1,0,2.835
3457,20,1,1,9,3,-1.21,0.05,1,0,2.8353
3458,400,9,9,27,11,14.005,0.05,0,1,2.8364
3459,333,5,5,22,9,2.5725,0.05,1,0,2.8372
3460,40,4,4,16,5,3.8625,0.05,1,0,2.8375
3461,176,2,2,17,8,-0.125,0.05,1,0,2.8378
3462,26,1,1,9,3,-1.82,0.05,1,0,2.8381
3463,20,2,2,12,3,0.5975,0.05,1,0,2.8385
3464,13,0,0,8,2,-2.69,0.05,1,0,2.8387
3465,264,4,4,29,10,4.925,0.05,1,0,2.8399
3466,6,0,0,2,1,-4.5025,0.05,1,0,2.8404
3467,20,1,1,10,3,-1.16,0.05,1,0,2.8405
3468,82,2,2,17,8,0.5725,0.05,1,0,2.8414
3469,36,2,2,9,4,-0.8125,0.05,1,0,2.8419
3470,400,5,5,18,6,5.61,0.05,0,1,2.8423
3471,31,1,1,10,3,-1.5025,0.05,1,0,2.8427
3472,20,1,1,8,3,-1.76,0.05,1,0,2.843
3473,99,3,3,17,7,2.2875,0.05,1,0,2.8438
3474,20,1,1,7,3,-2.16,0.05,1,0,2.8442
3475,20,2,2,12,3,0.7975,0.05,1,0,2.8447
3476,54,2,2,11,4,-0.875,0.05,1,0,2.8451
3477,20,2,2,9,3,-0.51,0.05,1,0,2.8454
3478,14,0,0,5,2,-3.825,0.05,1,0,2.8454
3479,20,0,0,8,3,-2.96,0.05,1,0,2.8456
3480,20,1,1,9,3,-1.245,0.05,1,0,2.8462
3481,20,2,2,9,3,-0.56,0.05,1,0,2.8466
3482,47,2,2,9,3,-1.83,0.05,1,0,2.847
3483,21,3,3,15,3,2.895,0.05,1,0,2.8473
3484,20,3,3,7,3,-0.0525,0.05,1,0,2.848
3485,20,2,2,10,3,-0.16,0.05,1,0,2.8483
3486,6,0,0,3,1,-4.1025,0.05,1,0,2.8488
3487,49,3,3,23,6,4.3875,0.05,1,0,2.8495
3488,13,0,0,7,2,-3.0975,0.05,1,0,2.8496
3489,215,2,2,12,3,-1.7525,0.05,1,0,2.8497
3490,20,0,0,9,3,-2.71,0.05,1,0,2.85
3491,36,0,0,9,3,-3.37,0.05,1,0,2.8501
3492,20,2,2,8,3,-0.86,0.05,1,0,2.8505
3493,20,0,0,8,3,-3.01,0.05,1,0,2.8507
3494,43,3,3,17,5,2.5825,0.05,1,0,2.8512
3495,61,0,0,8,2,-3.3275,0.05,1,0,2.8513
3496,20,1,1,10,3,-1.0525,0.05,1,0,2.8516
3497,56,0,0,9,4,-3.0125,0.05,1,0,2.8519
3498,13,0,0,5,2,-3.7975,0.05,1,0,2.8519
3499,27,1,1,12,4,-0.865,0.05,1,0,2.8524
3500,27,0,0,11,4,-2.265,0.05,1,0,2.8527
3501,223,2,2,14,5,-1.725,0.05,1,0,2.8531
3502,33,2,2,8,3,-1.49,0.05,1,0,2.8535
3503,7,0,0,2,1,-4.4625,0.05,1,0,2.8535
3504,28,3,3,10,3,0.5175,0.05,1,0,2.854
3505,28,2,2,9,3,-0.84,0.05,1,0,2.8544
3506,102,2,2,10,4,-1.075,0.05,1,0,2.8546
3507,73,2,2,16,6,1.1475,0.05,1,0,2.8551
3508,29,1,1,6,3,-2.935,0.05,1,0,2.8558
3509,20,1,1,9,3,-1.61,0.05,1,0,2.8561
3510,6,0,0,2,1,-4.5025,0.05,1,0,2.8566
3511,13,0,0,6,2,-3.1975,0.05,1,0,2.8567
3512,18,0,0,8,2,-2.79,0.05,1,0,2.8568
3513,75,5,5,25,8,6.7425,0.05,1,0,2.8578
3514,13,0,0,6,2,-3.2975,0.05,1,0,2.8579
3515,26,1,1,7,3,-2.42,0.05,1,0,2.8582
3516,50,0,0,9,3,-3.4025,0.05,1,0,2.8586
3517,20,1,1,12,3,-0.1025,0.05,1,0,2.859
3518,400,1,1,13,11,0.37,0.05,0,1,2.8596
3519,212,7,7,26,9,7.0875,0.05,1,0,2.8606
3520,20,1,1,12,3,-0.5025,0.05,1,0,2.861
3521,20,1,1,8,3,-2.01,0.05,1,0,2.8613
3522,14,0,0,6,2,-3.425,0.05,1,0,2.8613
3523,21,1,1,11,3,-0.97,0.05,1,0,2.8615
3524,29,0,0,11,4,-2.0175,0.05,1,0,2.8616
3525,20,0,0,9,3,-2.51,0.05,1,0,2.8619
3526,20,2,2,9,3,-0.51,0.05,1,0,2.8623
3527,13,0,0,7,2,-2.8475,0.05,1,0,2.8623
3528,20,1,1,9,3,-1.61,0.05,1,0,2.8626
3529,138,4,4,22,10,3.41,0.05,1,0,2.8634
3530,20,2,2,10,3,-0.2025,0.05,1,0,2.8639
3531,13,0,0,7,2,-2.9975,0.05,1,0,2.8639
3532,5,0,0,4,1,-3.875,0.05,1,0,2.864
3533,148,0,0,6,21,-6.355,0.05,1,0,2.8644
3534,27,1,1,9,4,-1.9725,0.05,1,0,2.8647
3535,20,0,0,9,3,-2.71,0.05,1,0,2.865
3536,20,3,3,10,3,1.0975,0.05,1,0,2.8655
3537,27,1,1,15,4,0.2925,0.05,1,0,2.8657
3538,13,0,0,5,2,-3.7475,0.05,1,0,2.866
3539,20,1,1,9,3,-1.55,0.05,1,0,2.8663
3540,20,1,1,8,3,-1.71,0.05,1,0,2.8667
3541,101,3,3,10,13,-0.9275,0.05,1,0,2.8676
3542,27,3,3,12,4,1.4425,0.05,1,0,2.8684
3543,20,0,0,9,3,-2.56,0.05,1,0,2.8686
3544,128,2,2,22,11,1.8275,0.05,1,0,2.8691
3545,20,0,0,10,3,-2.0525,0.05,1,0,2.8694
3546,27,0,0,10,4,-2.265,0.05,1,0,2.8698
3547,5,0,0,3,1,-4.275,0.05,1,0,2.87
3548,20,1,1,8,3,-1.91,0.05,1,0,2.8704
3549,200,3,3,12,18,-0.8175,0.05,1,0,2.8718
3550,56,3,3,14,8,1.875,0.05,1,0,2.8719
3551,20,1,1,9,3,-1.5525,0.05,1,0,2.8723
3552,13,0,0,7,2,-3.0975,0.05,1,0,2.8724
3553,122,4,4,20,15,2.625,0.05,1,0,2.8731
3554,20,1,1,8,3,-1.96,0.05,1,0,2.8735
3555,27,0,0,4,4,-4.315,0.05,1,0,2.874
3556,400,8,8,23,17,10.7025,0.05,0,1,2.8762
3557,27,1,1,13,4,-0.255,0.05,1,0,2.8766
3558,20,2,2,9,3,-0.5525,0.05,1,0,2.8771
3559,274,7,7,23,11,4.515,0.05,1,0,2.8785
3560,27,1,1,10,4,-1.2125,0.05,1,0,2.8788
3561,20,1,1,8,3,-1.96,0.05,1,0,2.8791
3562,21,0,0,9,3,-2.5125,0.05,1,0,2.8794
3563,13,0,0,4,2,-3.9975,0.05,1,0,2.8795
3564,27,2,2,14,4,0.935,0.05,1,0,2.8799
3565,20,3,3,6,3,-0.21,0.05,1,0,2.8802
3566,55,2,2,9,8,-1.0575,0.05,1,0,2.8813
3567,7,0,0,3,1,-4.2625,0.05,1,0,2.8813
3568,28,0,0,6,4,-3.5325,0.05,1,0,2.8815
3569,57,2,2,23,7,3.365,0.05,1,0,2.8821
3570,20,1,1,8,3,-1.71,0.05,1,0,2.8824
3571,20,3,3,10,3,0.89,0.05,1,0,2.8829
3572,6,0,0,2,1,-4.485,0.05,1,0,2.8831
3573,20,1,1,7,3,-2.21,0.05,1,0,2.8835
3574,20,1,1,6,3,-2.61,0.05,1,0,2.8837
3575,29,2,2,12,4,0.2225,0.05,1,0,2.8843
3576,315,6,6,28,21,1.83,0.05,1,0,2.8859
3577,13,0,0,8,2,-2.7575,0.05,1,0,2.8863
3578,20,2,2,7,3,-1.21,0.05,1,0,2.8867
3579,20,3,3,9,3,0.69,0.05,1,0,2.8871
3580,190,4,4,14,19,0.2925,0.05,1,0,2.8893
3581,20,1,1,7,3,-2.26,0.05,1,0,2.8896
3582,27,1,1,13,4,-0.315,0.05,1,0,2.89
3583,134,2,2,19,15,0.2975,0.05,1,0,2.8911
3584,27,1,1,12,4,-0.655,0.05,1,0,2.8915
3585,7,0,0,3,1,-4.0625,0.05,1,0,2.8915
3586,20,1,1,8,3,-2.11,0.05,1,0,2.8918
3587,70,4,4,21,10,4.65,0.05,1,0,2.8923
3588,27,1,1,3,4,-3.5725,0.05,1,0,2.8926
3589,8,0,0,3,1,-4.1225,0.05,1,0,2.8931
3590,36,4,4,14,5,3.16,0.05,1,0,2.894
3591,28,1,1,9,4,-1.9325,0.05,1,0,2.8944
3592,20,1,1,8,3,-1.76,0.05,1,0,2.8947
3593,199,7,7,24,16,2.5225,0.05,1,0,2.8958
3594,42,3,3,19,6,3.2,0.05,1,0,2.8967
3595,21,2,2,9,3,-0.4625,0.05,1,0,2.8971
3596,13,0,0,8,2,-2.7475,0.05,1,0,2.8972
3597,105,6,6,20,15,5.8875,0.05,1,0,2.8988
3598,115,5,5,18,11,1.965,0.05,1,0,2.8998
3599,5,0,0,3,1,-4.075,0.05,1,0,2.8999
3600,13,0,0,5,2,-3.565,0.05,1,0,2.9005
3601,70,4,4,13,9,1.735,0.05,1,0,2.9011
3602,22,1,1,8,3,-1.93,0.05,1,0,2.9014
3603,34,3,3,17,5,3.0725,0.05,1,0,2.902
3604,43,3,3,7,4,-1.1325,0.05,1,0,2.9024
3605,20,0,0,10,3,-2.0525,0.05,1,0,2.9027
3606,111,3,3,10,13,-1.7975,0.05,1,0,2.9033
3607,49,5,5,22,7,6.145,0.05,1,0,2.9039
3608,27,3,3,10,4,0.7275,0.05,1,0,2.9043
3609,27,1,1,10,4,-1.265,0.05,1,0,2.9048
3610,42,3,3,20,6,3.75,0.05,1,0,2.9051
3611,21,0,0,8,3,-2.8625,0.05,1,0,2.9054
3612,20,1,1,7,3,-2.26,0.05,1,0,2.9057
3613,107,5,5,17,15,3.2675,0.05,1,0,2.9067
3614,13,0,0,7,2,-2.9975,0.05,1,0,2.9068
3615,20,0,0,7,3,-3.36,0.05,1,0,2.9071
3616,400,9,9,21,19,10.6225,0.05,0,1,2.91
3617,261,2,2,19,35,-2.77,0.05,1,0,2.9121
3618,20,1,1,8,3,-2.11,0.05,1,0,2.9124
3619,20,1,1,10,3,-1.1025,0.05,1,0,2.9127
3620,78,5,5,23,10,6.03,0.05,1,0,2.9138
3621,400,4,4,18,16,4.885,0.05,0,1,2.9151
3622,27,1,1,9,4,-1.7725,0.05,1,0,2.9154
3623,34,0,0,8,5,-3.335,0.05,1,0,2.9157
3624,20,1,1,6,3,-2.41,0.05,1,0,2.916
3625,20,0,0,7,3,-3.2125,0.05,1,0,2.9166
3626,120,4,4,14,8,0.485,0.05,1,0,2.9173
3627,13,0,0,7,2,-3.0975,0.05,1,0,2.9175
3628,20,1,1,9,3,-1.51,0.05,1,0,2.9178
3629,20,2,2,8,3,-0.91,0.05,1,0,2.9182
3630,20,2,2,9,3,-0.41,0.05,1,0,2.9185
3631,180,7,7,17,22,3.1,0.05,1,0,2.9205
3632,107,4,4,17,14,2.22,0.05,1,0,2.9215
3633,57,4,4,21,8,4.3825,0.05,1,0,2.9222
3634,20,1,1,8,3,-1.81,0.05,1,0,2.9225
3635,22,1,1,9,3,-1.53,0.05,1,0,2.9228
3636,20,1,1,9,3,-1.61,0.05,1,0,2.9231
3637,400,12,12,29,22,15.66,0.05,0,1,2.9258
3638,150,6,6,23,12,3.5425,0.05,1,0,2.9268
3639,20,1,1,8,3,-1.81,0.05,1,0,2.9272
3640,27,2,2,11,4,0.235,0.05,1,0,2.9276
3641,28,0,0,8,4,-3.2325,0.05,1,0,2.9279
3642,27,1,1,10,4,-1.315,0.05,1,0,2.9283
3643,13,0,0,4,2,-3.965,0.05,1,0,2.9289
3644,20,2,2,8,3,-0.81,0.05,1,0,2.9294
3645,20,1,1,10,3,-1.0425,0.05,1,0,2.9309
3646,20,1,1,10,3,-1.06,0.05,1,0,2.9311
3647,20,0,0,8,3,-2.91,0.05,1,0,2.9314
3648,20,1,1,9,3,-1.36,0.05,1,0,2.9317
3649,20,1,1,11,3,-0.7025,0.05,1,0,2.9321
3650,34,3,3,12,5,1.59,0.05,1,0,2.9328
3651,13,0,0,7,2,-3.1975,0.05,1,0,2.9329
3652,13,0,0,6,2,-2.9475,0.05,1,0,2.9331
3653,53,3,3,19,7,3.3375,0.05,1,0,2.9339
3654,20,1,1,10,3,-1.31,0.05,1,0,2.9342
3655,109,4,4,15,10,-0.1325,0.05,1,0,2.9352
3656,20,1,1,10,3,-1.1525,0.05,1,0,2.9355
3657,13,0,0,5,2,-3.5975,0.05,1,0,2.9356
3658,13,0,0,6,2,-3.3975,0.05,1,0,2.9356
3659,13,0,0,7,2,-2.9975,0.05,1,0,2.9357
3660,20,1,1,9,3,-1.71,0.05,1,0,2.936
3661,33,1,1,13,4,-0.675,0.05,1,0,2.9364
3662,20,2,2,9,3,-0.3025,0.05,1,0,2.9369
3663,88,5,5,26,9,6.77,0.05,1,0,2.9377
3664,20,1,1,10,3,-1.21,0.05,1,0,2.9379
3665,13,0,0,8,2,-2.5975,0.05,1,0,2.9379
3666,106,6,6,15,6,1.56,0.05,1,0,2.9386
3667,20,2,2,9,3,-0.51,0.05,1,0,2.939
3668,20,2,2,10,3,-0.0025,0.05,1,0,2.9395
3669,27,2,2,8,4,-0.8725,0.05,1,0,2.9398
3670,400,3,3,24,29,5.5975,0.05,0,1,2.9416
3671,20,0,0,9,3,-2.61,0.05,1,0,2.9418
3672,20,2,2,10,3,-0.0025,0.05,1,0,2.9423
3673,27,0,0,12,4,-1.6475,0.05,1,0,2.9427
3674,28,1,1,9,4,-1.925,0.05,1,0,2.9431
3675,20,0,0,8,3,-3.0025,0.05,1,0,2.9436
3676,22,2,2,9,3,-0.43,0.05,1,0,2.9439
3677,6,0,0,3,1,-4.0025,0.05,1,0,2.9443
3678,20,1,1,6,3,-2.31,0.05,1,0,2.9447
3679,400,5,5,21,25,6.8425,0.05,0,1,2.9475
3680,20,2,2,12,3,0.5975,0.05,1,0,2.948
3681,20,1,1,8,3,-1.96,0.05,1,0,2.9484
3682,20,1,1,8,3,-2.0025,0.05,1,0,2.9489
3683,34,2,2,12,5,0.2225,0.05,1,0,2.949
3684,20,2,2,7,3,-0.91,0.05,1,0,2.9494
3685,20,0,0,7,3,-3.11,0.05,1,0,2.9497
3686,20,0,0,11,3,-1.8025,0.05,1,0,2.9499
3687,28,1,1,9,4,-1.625,0.05,1,0,2.9504
3688,63,4,4,15,7,2.2975,0.05,1,0,2.9511
3689,20,1,2,9,3,-0.41,0.05,1,0,2.9513
3690,20,1,1,5,3,-2.76,0.05,1,0,2.9516
3691,20,0,0,8,3,-2.91,0.05,1,0,2.9519
3692,27,1,1,5,4,-2.9725,0.05,1,0,2.9522
3693,41,1,1,10,6,-1.6475,0.05,1,0,2.9526
3694,20,0,0,8,3,-2.96,0.05,1,0,2.9529
3695,41,1,1,10,6,-1.7825,0.05,1,0,2.9534
3696,400,3,3,16,8,3.3825,0.05,0,1,2.954
3697,20,2,2,9,3,-0.51,0.05,1,0,2.9544
3698,69,0,0,8,4,-5.5425,0.05,1,0,2.9545
3699,20,0,0,8,3,-2.81,0.05,1,0,2.9548
3700,49,0,0,11,7,-2.57,0.05,1,0,2.9552
3701,20,1,1,9,3,-1.61,0.05,1,0,2.9555
3702,20,2,2,7,3,-1.11,0.05,1,0,2.956
3703,20,0,0,11,3,-1.8025,0.05,1,0,2.9562
3704,13,0,0,7,2,-3.0975,0.05,1,0,2.9563
3705,20,0,0,8,3,-3.01,0.05,1,0,2.9566
3706,27,1,1,13,4,-0.215,0.05,1,0,2.9569
3707,134,6,6,40,13,9.39,0.05,1,0,2.9578
3708,20,0,0,12,3,-1.5025,0.05,1,0,2.958
3709,27,2,2,10,4,-0.2625,0.05,1,0,2.9583
3710,34,1,1,8,5,-2.035,0.05,1,0,2.9586
3711,41,1,1,13,6,-0.84,0.05,1,0,2.9589
3712,20,3,3,10,3,1.09,0.05,1,0,2.9593
3713,20,1,1,9,3,-1.5025,0.05,1,0,2.9597
3714,269,3,3,12,27,-6.2875,0.05,1,0,2.9602
3715,20,1,1,10,3,-1.01,0.05,1,0,2.9604
3716,44,2,2,11,5,-0.685,0.05,1,0,2.9608
3717,248,6,6,37,12,1.6475,0.05,1,0,2.962
3718,20,2,2,10,3,-0.0025,0.05,1,0,2.9623
3719,20,1,1,11,3,-0.8025,0.05,1,0,2.9627
3720,92,5,5,21,8,5.79,0.05,1,0,2.9637
3721,6,0,0,3,1,-4.1025,0.05,1,0,2.9641
3722,118,4,4,13,7,-1.87,0.05,1,0,2.9645
3723,21,1,1,5,3,-2.67,0.05,1,0,2.9648
3724,36,4,4,9,5,1.4275,0.05,1,0,2.965
3725,184,4,4,21,26,2.305,0.05,1,0,2.9664
3726,13,0,0,8,2,-2.4975,0.05,1,0,2.9665
3727,20,1,1,8,3,-1.81,0.05,1,0,2.9667
3728,22,1,1,9,3,-1.4225,0.05,1,0,2.9671
3729,20,1,1,9,3,-1.71,0.05,1,0,2.9674
3730,20,2,2,9,3,-0.51,0.05,1,0,2.9677
3731,20,2,2,10,3,-0.11,0.05,1,0,2.9681
3732,28,1,1,6,4,-2.3825,0.05,1,0,2.9684
3733,31,2,2,9,4,-0.905,0.05,1,0,2.9687
3734,65,2,2,17,8,0.985,0.05,1,0,2.9696
3735,20,1,1,8,3,-2.06,0.05,1,0,2.9699
3736,182,2,2,19,15,-2.0825,0.05,1,0,2.9702
3737,6,0,0,3,1,-4.285,0.05,1,0,2.9705
3738,28,3,3,9,4,0.1675,0.05,1,0,2.971
3739,7,0,0,2,1,-4.4625,0.05,1,0,2.9709
3740,13,0,0,7,2,-3.0475,0.05,1,0,2.9711
3741,72,4,4,20,7,4.565,0.05,1,0,2.9715
3742,35,2,2,13,5,0.8625,0.05,1,0,2.9718
3743,20,0,0,9,3,-2.61,0.05,1,0,2.9721
3744,7,0,0,3,1,-4.1625,0.05,1,0,2.9721
3745,248,11,11,31,25,12.7975,0.05,1,0,2.975
3746,13,0,0,6,2,-3.3975,0.05,1,0,2.9751
3747,20,2,2,9,3,-0.51,0.05,1,0,2.9754
3748,47,1,1,12,6,-1.05,0.05,1,0,2.976
3749,20,3,3,7,3,-0.06,0.05,1,0,2.9764
3750,16,3,3,6,2,-0.0775,0.05,1,0,2.9768
3751,20,1,1,7,3,-2.1525,0.05,1,0,2.9772
3752,20,1,1,9,3,-1.56,0.05,1,0,2.9775
3753,20,1,1,9,3,-1.51,0.05,1,0,2.9777
3754,5,0,0,4,1,-3.875,0.05,1,0,2.9778
3755,20,0,0,10,3,-1.9025,0.05,1,0,2.9781
3756,20,0,0,9,3,-2.76,0.05,1,0,2.9783
3757,20,1,1,9,3,-1.3025,0.05,1,0,2.9788
3758,90,1,1,7,13,-3.585,0.05,1,0,2.9791
3759,292,1,1,11,11,-5.74,0.05,1,0,2.9801
3760,134,4,4,18,10,2.9175,0.05,1,0,2.981
3761,111,1,1,13,9,-1.85,0.05,1,0,2.9815
3762,46,5,5,19,6,5.675,0.05,1,0,2.9824
3763,20,1,1,11,3,-0.8925,0.05,1,0,2.9833
3764,27,2,2,10,4,-0.315,0.05,1,0,2.9835
3765,60,6,6,24,8,8.05,0.05,1,0,2.9841
3766,99,3,3,19,13,2.1775,0.05,1,0,2.9853
3767,6,0,0,3,1,-4.1025,0.05,1,0,2.9857
3768,131,0,0,9,3,-3.655,0.05,1,0,2.9861
3769,21,2,2,9,3,-0.37,0.05,1,0,2.9864
3770,20,0,0,10,3,-2.3525,0.05,1,0,2.9867
3771,20,1,1,10,3,-1.1025,0.05,1,0,2.9869
3772,13,0,0,7,2,-2.9475,0.05,1,0,2.9873
3773,27,3,3,13,4,1.845,0.05,1,0,2.9886
3774,400,3,3,20,16,2.86,0.05,0,1,2.9899
3775,20,1,1,10,3,-0.9025,0.05,1,0,2.9902
3776,14,1,1,5,2,-2.615,0.05,1,0,2.9901
3777,20,1,1,9,3,-1.66,0.05,1,0,2.9905
3778,88,3,3,15,7,0.405,0.05,1,0,2.9912
3779,20,0,0,8,3,-3.01,0.05,1,0,2.9915
3780,20,0,0,8,3,-2.9525,0.05,1,0,2.9919
3781,20,1,1,10,3,-0.9525,0.05,1,0,2.9922
3782,338,6,6,18,19,2.6025,0.05,1,0,2.9937
3783,20,2,2,9,3,-0.61,0.05,1,0,2.994
3784,20,1,1,10,3,-0.9525,0.05,1,0,2.9944
3785,20,1,1,8,3,-1.91,0.05,1,0,2.9946
3786,20,1,1,8,3,-1.8025,0.05,1,0,2.995
3787,35,4,4,19,5,4.97,0.05,1,0,2.9954
3788,164,8,8,31,16,9.22,0.05,1,0,2.9974
3789,106,6,6,20,15,5.6325,0.05,1,0,2.9983
3790,20,1,1,4,3,-3.0525,0.05,1,0,2.9986
3791,13,0,0,5,2,-3.7475,0.05,1,0,2.9989
3792,27,1,1,10,4,-1.365,0.05,1,0,2.9992
3793,27,3,3,9,4,0.585,0.05,1,0,2.9997
3794,27,1,1,9,4,-1.6725,0.05,1,0,3.0
3795,13,0,0,5,2,-3.6475,0.05,1,0,3.0002
3796,400,8,8,36,38,6.1975,0.05,0,1,3.0029
3797,20,1,1,7,3,-2.26,0.05,1,0,3.0028
3798,6,0,0,2,1,-4.5025,0.05,1,0,3.0033
3799,102,1,1,9,8,-2.9225,0.05,1,0,3.0042
3800,20,1,1,8,3,-1.81,0.05,1,0,3.0045
3801,27,1,1,7,4,-2.4725,0.05,1,0,3.0048
3802,400,5,5,20,18,6.7725,0.05,0,1,3.0066
3803,21,0,0,9,3,-2.57,0.05,1,0,3.0068
3804,27,2,2,9,4,-0.765,0.05,1,0,3.0072
3805,21,2,2,9,3,-0.42,0.05,1,0,3.0075
3806,20,0,0,6,3,-3.21,0.05,1,0,3.0077
3807,27,0,0,5,4,-4.065,0.05,1,0,3.008
3808,27,0,0,8,4,-3.165,0.05,1,0,3.0084
3809,119,6,6,19,8,4.5175,0.05,1,0,3.0091
3810,27,2,2,12,4,0.335,0.05,1,0,3.0095
3811,27,2,2,9,4,-0.565,0.05,1,0,3.01
3812,27,4,4,9,4,1.4775,0.05,1,0,3.0105
3813,20,1,1,9,3,-1.51,0.05,1,0,3.0108
3814,133,3,3,14,11,-2.5925,0.05,1,0,3.0115
3815,20,0,0,8,3,-3.06,0.05,1,0,3.0117
3816,27,1,1,12,4,-0.655,0.05,1,0,3.0121
3817,22,2,2,10,3,-0.08,0.05,1,0,3.0122
3818,13,0,0,6,2,-3.39,0.05,1,0,3.0124
3819,20,0,0,9,3,-2.61,0.05,1,0,3.0126
3820,20,1,1,10,3,-1.2525,0.05,1,0,3.013
3821,20,1,1,9,3,-1.41,0.05,1,0,3.0132
3822,20,0,0,8,3,-2.71,0.05,1,0,3.0134
3823,215,4,4,17,22,-2.4125,0.05,1,0,3.0148
3824,20,1,1,9,3,-1.51,0.05,1,0,3.015
3825,76,2,2,14,7,-1.09,0.05,1,0,3.0155
3826,78,2,2,14,5,0.43,0.05,1,0,3.0157
3827,41,4,4,20,6,4.7775,0.05,1,0,3.0165
3828,20,1,1,8,3,-1.86,0.05,1,0,3.0168
3829,20,2,2,8,3,-0.71,0.05,1,0,3.0172
3830,20,1,1,11,3,-0.6025,0.05,1,0,3.0175
3831,295,7,7,22,26,2.21,0.05,1,0,3.0191
3832,166,5,5,24,23,3.91,0.05,1,0,3.0202
3833,400,3,3,14,19,2.0075,0.05,0,1,3.0222
3834,90,1,1,6,13,-5.06,0.05,1,0,3.0228
3835,153,0,0,12,22,-5.915,0.05,1,0,3.0231
3836,6,0,0,2,1,-4.4025,0.05,1,0,3.0236
3837,20,1,1,8,3,-1.66,0.05,1,0,3.024
3838,20,0,0,6,3,-3.51,0.05,1,0,3.0243
3839,106,1,1,15,15,-2.675,0.05,1,0,3.0249
3840,377,7,7,20,49,-3.68,0.05,1,0,3.025
3841,133,2,2,17,19,-1.8475,0.05,1,0,3.0257
3842,119,9,9,23,11,8.1825,0.05,1,0,3.0262
3843,13,0,0,6,2,-3.1975,0.05,1,0,3.0263
3844,42,0,0,6,6,-4.3675,0.05,1,0,3.0271
3845,28,1,1,8,4,-2.15,0.05,1,0,3.0272
3846,28,2,2,8,4,-0.94,0.05,1,0,3.0276
3847,400,4,4,19,14,4.27,0.05,0,1,3.0282
3848,20,0,0,8,3,-3.21,0.05,1,0,3.0285
3849,27,1,1,8,4,-2.1725,0.05,1,0,3.0288
3850,127,6,6,20,10,5.2625,0.05,1,0,3.0299
3851,20,1,1,7,3,-2.21,0.05,1,0,3.0302
3852,101,4,4,19,14,2.26,0.05,1,0,3.0307
3853,23,1,1,8,3,-1.89,0.05,1,0,3.0311
3854,28,1,1,8,4,-2.2325,0.05,1,0,3.0314
3855,20,1,1,6,3,-2.61,0.05,1,0,3.0317
3856,20,2,2,8,3,-0.81,0.05,1,0,3.032
3857,27,0,0,6,4,-4.0725,0.05,1,0,3.0323
3858,36,0,0,6,5,-4.0725,0.05,1,0,3.0329
3859,27,1,1,8,4,-2.0725,0.05,1,0,3.0332
3860,305,5,5,12,22,-1.52,0.05,1,0,3.0345
3861,71,0,0,11,10,-3.9775,0.05,1,0,3.0345
3862,20,2,2,8,3,-0.56,0.05,1,0,3.0346
3863,48,3,3,14,7,1.24,0.05,1,0,3.0351
3864,21,0,0,6,3,-3.6875,0.05,1,0,3.0351
3865,50,0,0,9,7,-3.78,0.05,1,0,3.0353
3866,20,1,1,6,3,-2.61,0.05,1,0,3.0356
3867,20,1,1,5,3,-2.91,0.05,1,0,3.036
3868,56,0,0,6,8,-4.89,0.05,1,0,3.0366
3869,13,0,0,5,2,-3.765,0.05,1,0,3.0371
3870,22,1,1,8,3,-1.93,0.05,1,0,3.0373
3871,34,2,2,15,5,1.2725,0.05,1,0,3.0377
3872,20,1,1,10,3,-1.5025,0.05,1,0,3.0381
3873,162,1,1,6,23,-7.5725,0.05,1,0,3.0382
3874,6,0,0,3,1,-4.0025,0.05,1,0,3.0386
3875,400,5,5,22,45,1.1075,0.05,0,1,3.0399
3876,42,2,2,10,6,-0.8675,0.05,1,0,3.0401
3877,400,6,6,22,40,3.2025,0.05,0,1,3.0406
3878,113,1,1,11,16,-4.235,0.05,1,0,3.041
3879,126,2,2,9,18,-4.4075,0.05,1,0,3.0412
3880,6,0,0,3,1,-4.0025,0.05,1,0,3.0416
3881,233,4,4,15,33,-3.9075,0.05,1,0,3.0419
3882,206,4,4,12,11,-0.32,0.05,1,0,3.0427
3883,20,1,1,6,3,-2.21,0.05,1,0,3.043
3884,14,0,0,4,2,-4.1075,0.05,1,0,3.043
3885,27,2,2,8,4,-0.9725,0.05,1,0,3.0433
3886,49,0,0,3,7,-5.73,0.05,1,0,3.0433
3887,20,1,1,8,3,-2.01,0.05,1,0,3.0436
3888,20,1,1,8,3,-1.91,0.05,1,0,3.0439
3889,48,1,1,6,7,-3.45,0.05,1,0,3.0443
3890,27,2,2,9,4,-0.7725,0.05,1,0,3.0446
3891,20,2,2,8,3,-0.71,0.05,1,0,3.045
3892,29,1,1,7,4,-2.385,0.05,1,0,3.0454
3893,62,1,1,6,9,-3.9175,0.05,1,0,3.046
3894,85,2,2,9,12,-2.775,0.05,1,0,3.0465
3895,20,1,1,7,3,-2.21,0.05,1,0,3.0468
3896,42,1,1,7,6,-2.9,0.05,1,0,3.0471
3897,20,2,2,10,3,-0.01,0.05,1,0,3.0473
3898,27,1,1,10,4,-1.7725,0.05,1,0,3.0476
3899,20,1,1,8,3,-2.01,0.05,1,0,3.0479
3900,400,2,2,11,57,-7.9575,0.05,0,1,3.0483
3901,20,1,1,7,3,-2.0525,0.05,1,0,3.0488
3902,27,2,2,12,4,0.225,0.05,1,0,3.0496
3903,49,0,0,5,7,-5.1375,0.05,1,0,3.0502
3904,400,2,2,15,57,-7.1825,0.05,0,1,3.051
3905,118,1,1,8,17,-5.62,0.05,1,0,3.0515
3906,36,1,1,7,5,-2.745,0.05,1,0,3.0518
3907,231,1,1,5,33,-10.4625,0.05,1,0,3.0523
3908,333,6,6,24,28,3.13,0.05,1,0,3.0545
3909,400,5,5,23,27,4.4325,0.05,0,1,3.0556
3910,83,3,3,13,12,-0.305,0.05,1,0,3.0562
3911,76,0,0,3,11,-6.71,0.05,1,0,3.0565
3912,21,0,0,5,3,-4.1875,0.05,1,0,3.0565
3913,90,1,1,8,13,-4.585,0.05,1,0,3.0567
3914,20,1,1,7,3,-2.31,0.05,1,0,3.057
3915,97,2,2,7,14,-4.04,0.05,1,0,3.0578
3916,20,1,1,9,3,-1.5025,0.05,1,0,3.0581
3917,120,2,2,12,9,-1.1425,0.05,1,0,3.0587
3918,112,8,8,22,13,8.435,0.05,1,0,3.0597
3919,137,4,4,16,9,2.28,0.05,1,0,3.0593
3920,155,1,1,10,22,-6.21,0.05,1,0,3.0599
3921,224,1,1,6,32,-9.91,0.05,1,0,3.0602
3922,21,1,2,5,3,-1.67,0.05,1,0,3.0604
3923,6,0,0,3,1,-4.2025,0.05,1,0,3.0609
3924,27,0,0,7,4,-3.5725,0.05,1,0,3.0611
3925,20,2,2,6,3,-1.51,0.05,1,0,3.0616
3926,20,2,2,8,3,-0.61,0.05,1,0,3.0619
3927,41,1,1,8,6,-2.5825,0.05,1,0,3.0625
3928,135,4,4,8,9,-0.2075,0.05,1,0,3.063
3929,34,0,0,7,5,-3.735,0.05,1,0,3.0633
3930,20,2,2,8,3,-0.71,0.05,1,0,3.0637
3931,43,1,1,12,6,-1.0275,0.05,1,0,3.0639
3932,20,1,1,8,3,-1.81,0.05,1,0,3.0642
3933,112,10,10,37,16,14.14,0.05,1,0,3.0653
3934,169,4,4,25,20,3.15,0.05,1,0,3.0665
3935,55,0,0,5,8,-5.44,0.05,1,0,3.067
3936,5,0,0,3,1,-4.075,0.05,1,0,3.0672
3937,95,0,0,9,13,-5.5275,0.05,1,0,3.0675
3938,13,0,0,5,2,-3.5475,0.05,1,0,3.0677
3939,34,3,3,13,5,1.665,0.05,1,0,3.0682
3940,27,3,3,8,4,0.0775,0.05,1,0,3.0686
3941,20,1,1,10,3,-1.31,0.05,1,0,3.0689
3942,276,7,7,17,30,0.905,0.05,1,0,3.0699
3943,141,2,2,14,20,-3.385,0.05,1,0,3.0703
3944,66,4,4,16,9,2.7825,0.05,1,0,3.0712
3945,105,1,1,14,8,-0.9875,0.05,1,0,3.0719
3946,34,1,1,9,5,-2.235,0.05,1,0,3.0722
3947,20,2,2,9,3,-0.41,0.05,1,0,3.0724
3948,15,0,0,5,2,-3.7675,0.05,1,0,3.0727
3949,70,1,1,8,10,-3.8075,0.05,1,0,3.0729
3950,27,2,2,12,4,0.435,0.05,1,0,3.0733
3951,20,1,1,9,3,-1.71,0.05,1,0,3.0735
3952,20,0,0,3,3,-4.61,0.05,1,0,3.0739
3953,112,0,0,3,16,-8.0,0.05,1,0,3.0738
3954,20,1,1,8,3,-2.06,0.05,1,0,3.074
3955,154,0,0,9,22,-7.44,0.05,1,0,3.0741
3956,142,6,6,20,20,3.5125,0.05,1,0,3.0753
3957,113,3,3,9,16,-2.225,0.05,1,0,3.0763
3958,259,4,4,14,37,-5.0825,0.05,1,0,3.0778
3959,21,2,2,8,3,-0.62,0.05,1,0,3.078
3960,290,2,2,16,41,-8.22,0.05,1,0,3.0782
3961,6,0,0,3,1,-4.1025,0.05,1,0,3.0786
3962,20,0,0,8,3,-3.01,0.05,1,0,3.079
3963,91,2,2,13,13,-1.445,0.05,1,0,3.0788
3964,85,0,0,9,12,-4.8825,0.05,1,0,3.079
3965,41,0,0,6,6,-4.315,0.05,1,0,3.0795
3966,55,1,1,7,8,-3.5225,0.05,1,0,3.0798
3967,85,0,0,4,12,-6.7025,0.05,1,0,3.0799
3968,27,1,1,8,4,-2.1725,0.05,1,0,3.0802
3969,20,1,1,8,3,-1.86,0.05,1,0,3.0804
3970,289,1,1,6,41,-12.5675,0.05,1,0,3.0807
3971,22,2,2,10,3,-0.13,0.05,1,0,3.081
3972,36,3,3,8,5,-0.165,0.05,1,0,3.081
3973,42,0,0,9,6,-3.6575,0.05,1,0,3.0813
3974,28,2,2,5,4,-1.9825,0.05,1,0,3.0817
3975,77,0,0,9,11,-4.97,0.05,1,0,3.0819
3976,13,0,0,5,2,-3.7575,0.05,1,0,3.0824
3977,49,4,4,17,7,3.6375,0.05,1,0,3.0827
3978,43,0,0,3,6,-5.235,0.05,1,0,3.0833
3979,310,1,1,10,27,-8.2225,0.05,1,0,3.0836
3980,20,2,2,8,3,-0.91,0.05,1,0,3.0839
3981,91,2,2,9,13,-3.2875,0.05,1,0,3.0843
3982,20,2,2,8,3,-0.91,0.05,1,0,3.0845
3983,157,1,1,4,22,-8.14,0.05,1,0,3.0848
3984,72,2,2,14,10,-0.3125,0.05,1,0,3.0852
3985,20,0,0,6,3,-3.61,0.05,1,0,3.0854
3986,20,1,1,8,3,-1.71,0.05,1,0,3.0857
3987,20,2,2,9,3,-0.41,0.05,1,0,3.086
3988,188,1,1,10,27,-7.4025,0.05,1,0,3.0868
3989,27,1,1,11,4,-1.165,0.05,1,0,3.0871
3990,20,2,2,9,3,-0.56,0.05,1,0,3.0874
3991,20,1,1,5,3,-2.81,0.05,1,0,3.0877
3992,48,0,0,4,7,-5.2775,0.05,1,0,3.0883
3993,237,0,0,8,34,-10.9825,0.05,1,0,3.0888
3994,27,2,2,10,4,-0.265,0.05,1,0,3.0891
3995,70,1,1,9,10,-3.525,0.05,1,0,3.0893
3996,20,2,2,8,3,-0.81,0.05,1,0,3.0896
3997,245,1,1,9,35,-9.4425,0.05,1,0,3.0901
3998,72,4,4,15,6,2.9575,0.05,1,0,3.0906
3999,209,1,1,6,30,-9.4875,0.05,1,0,3.0903
4000,30,1,1,6,4,-2.5525,0.05,1,0,3.0907
4001,275,4,4,19,36,-2.9075,0.05,1,0,3.093
4002,76,3,3,15,11,1.1075,0.05,1,0,3.0936
4003,400,4,4,19,29,2.38,0.05,0,1,3.0954
4004,280,3,3,14,12,-1.31,0.05,1,0,3.0965
4005,283,2,2,11,40,-8.84,0.05,1,0,3.0983
4006,20,3,3,9,3,0.64,0.05,1,0,3.0984
4007,88,0,0,2,12,-7.39,0.05,1,0,3.0983
4008,34,0,0,9,5,-3.385,0.05,1,0,3.0986
4009,20,1,1,9,3,-1.31,0.05,1,0,3.0988
4010,127,1,1,7,18,-6.04,0.05,1,0,3.099
4011,5,0,0,0,1,-5.025,0.05,1,0,3.0994
4012,34,1,1,5,5,-3.425,0.05,1,0,3.0997
4013,21,0,0,6,3,-3.5875,0.05,1,0,3.0997
4014,27,1,1,10,4,-1.5725,0.05,1,0,3.0999
4015,126,4,4,16,5,3.1125,0.05,1,0,3.1001
4016,70,1,1,7,10,-4.0075,0.05,1,0,3.1004
4017,28,1,1,10,4,-1.5325,0.05,1,0,3.1006
4018,34,0,0,10,5,-2.545,0.05,1,0,3.101
4019,76,1,1,8,11,-4.11,0.05,1,0,3.1012
4020,27,0,0,11,4,-2.065,0.05,1,0,3.1015
4021,27,1,1,7,4,-2.2125,0.05,1,0,3.1017
4022,27,2,2,9,4,-0.6725,0.05,1,0,3.102
4023,27,2,2,6,4,-1.6725,0.05,1,0,3.1024
4024,141,3,3,8,20,-3.55,0.05,1,0,3.1027
4025,34,2,2,14,5,0.8725,0.05,1,0,3.1032
4026,34,2,2,7,5,-1.6525,0.05,1,0,3.1039
4027,20,3,3,6,3,-0.51,0.05,1,0,3.1043
4028,303,0,0,8,43,-13.13,0.05,1,0,3.1044
4029,20,1,1,7,3,-2.26,0.05,1,0,3.1043
4030,7,0,0,2,1,-4.4625,0.05,1,0,3.1043
4031,20,2,2,10,3,0.19,0.05,1,0,3.1046
4032,5,0,0,2,1,-4.575,0.05,1,0,3.1048
4033,205,4,4,18,29,-1.71,0.05,1,0,3.1058
4034,34,4,4,9,5,1.315,0.05,1,0,3.1064
4035,20,3,3,7,3,-0.11,0.05,1,0,3.1067
4036,28,1,1,14,4,0.185,0.05,1,0,3.1069
4037,6,0,0,2,1,-4.5025,0.05,1,0,3.1074
4038,56,5,5,15,8,3.8825,0.05,1,0,3.1079
4039,27,1,1,13,4,-0.0975,0.05,1,0,3.1085
4040,21,2,2,8,3,-0.92,0.05,1,0,3.1088
4041,20,2,2,11,3,0.3475,0.05,1,0,3.1092
4042,70,6,6,25,10,7.9075,0.05,1,0,3.1102
4043,27,0,0,7,4,-3.5725,0.05,1,0,3.1104
4044,127,1,1,9,18,-5.5675,0.05,1,0,3.1106
4045,147,0,0,5,21,-8.9125,0.05,1,0,3.1106
4046,27,1,1,4,4,-3.3725,0.05,1,0,3.111
4047,112,3,3,18,13,1.265,0.05,1,0,3.1118
4048,27,0,0,4,4,-4.5725,0.05,1,0,3.1122
4049,234,1,1,11,33,-8.6025,0.05,1,0,3.1126
4050,226,1,1,7,32,-9.7875,0.05,1,0,3.1131
4051,56,1,1,3,8,-4.8,0.05,1,0,3.113
4052,55,0,0,17,8,-1.565,0.05,1,0,3.1132
4053,56,0,0,8,8,-4.5825,0.05,1,0,3.1135
4054,20,1,1,9,3,-1.41,0.05,1,0,3.1137
4055,169,6,6,16,18,2.635,0.05,1,0,3.1144
4056,21,0,0,5,3,-3.8875,0.05,1,0,3.1143
4057,34,2,2,13,5,0.59,0.05,1,0,3.1147
4058,5,0,0,2,1,-4.525,0.05,1,0,3.1149
4059,20,2,2,7,3,-1.21,0.05,1,0,3.1153
4060,400,2,2,9,7,0.0525,0.05,0,1,3.1154
4061,28,1,1,6,4,-2.8325,0.05,1,0,3.1157
4062,55,1,1,10,8,-2.4625,0.05,1,0,3.1161
4063,20,2,2,7,3,-1.11,0.05,1,0,3.1164
4064,76,1,1,6,11,-4.51,0.05,1,0,3.117
4065,34,2,2,10,5,-0.635,0.05,1,0,3.1173
4066,63,0,0,3,9,-6.1625,0.05,1,0,3.1172
4067,83,1,1,11,12,-3.1125,0.05,1,0,3.1175
4068,48,0,0,6,7,-4.4525,0.05,1,0,3.1178
4069,27,2,2,7,4,-1.4725,0.05,1,0,3.1183
4070,20,1,1,8,3,-2.01,0.05,1,0,3.1185
4071,55,4,4,14,8,2.185,0.05,1,0,3.1191
4072,400,0,0,4,57,-13.1525,0.05,0,1,3.119
4073,27,1,1,10,4,-1.6225,0.05,1,0,3.1193
4074,7,0,0,3,1,-4.1625,0.05,1,0,3.1193
4075,20,1,1,10,3,-1.31,0.05,1,0,3.1195
4076,20,1,1,6,3,-2.36,0.05,1,0,3.1198
4077,14,0,0,3,2,-4.325,0.05,1,0,3.1198
4078,180,3,3,17,6,1.37,0.05,1,0,3.1203
4079,27,1,1,10,4,-1.2475,0.05,1,0,3.1208
4080,190,1,1,11,27,-6.9125,0.05,1,0,3.1214
4081,20,1,1,7,3,-2.11,0.05,1,0,3.1216
4082,28,1,1,10,4,-1.2425,0.05,1,0,3.1216
4083,400,6,6,32,25,9.3925,0.05,0,1,3.1241
4084,55,3,3,11,8,0.0775,0.05,1,0,3.1245
4085,6,0,0,3,1,-4.1025,0.05,1,0,3.1249
4086,20,2,2,9,3,-0.3025,0.05,1,0,3.1253
4087,106,0,0,2,15,-8.0975,0.05,1,0,3.1258
4088,90,0,0,8,13,-5.535,0.05,1,0,3.126
4089,41,0,0,3,6,-5.3075,0.05,1,0,3.1267
4090,84,2,2,8,12,-3.225,0.05,1,0,3.127
4091,20,1,1,9,3,-1.71,0.05,1,0,3.1272
4092,20,2,2,9,3,-0.4025,0.05,1,0,3.1276
4093,230,1,1,8,22,-7.2125,0.05,1,0,3.128
4094,20,2,2,10,3,0.09,0.05,1,0,3.1283
4095,21,0,0,1,3,-5.22,0.05,1,0,3.1286
4096,34,0,0,7,5,-3.935,0.05,1,0,3.1289
4097,20,1,1,8,3,-1.56,0.05,1,0,3.1291
4098,119,1,1,17,17,-2.73,0.05,1,0,3.1297
4099,291,2,2,13,13,-3.13,0.05,1,0,3.1305
4100,98,0,0,6,14,-6.4475,0.05,1,0,3.1307
4101,20,1,1,8,3,-1.91,0.05,1,0,3.1309
4102,34,1,1,9,5,-2.245,0.05,1,0,3.1315
4103,27,4,4,8,4,1.2275,0.05,1,0,3.1319
4104,125,1,1,12,11,-2.7425,0.05,1,0,3.1323
4105,13,0,0,5,2,-3.7475,0.05,1,0,3.1326
4106,13,0,0,5,2,-3.6975,0.05,1,0,3.1327
4107,112,0,0,5,16,-7.275,0.05,1,0,3.1328
4108,41,6,6,16,6,5.4675,0.05,1,0,3.1333
4109,27,1,1,6,4,-2.9725,0.05,1,0,3.1338
4110,7,0,0,2,1,-4.4625,0.05,1,0,3.1338
4111,91,0,0,4,13,-7.005,0.05,1,0,3.1339
4112,20,1,1,8,3,-1.56,0.05,1,0,3.1341
4113,41,3,3,15,6,1.86,0.05,1,0,3.1344
4114,27,1,1,7,4,-2.5725,0.05,1,0,3.1347
4115,20,2,2,11,3,0.44,0.05,1,0,3.1349
4116,20,2,2,5,3,-1.81,0.05,1,0,3.1352
4117,105,0,0,4,15,-7.53,0.05,1,0,3.1352
4118,20,1,1,7,3,-2.26,0.05,1,0,3.1355
4119,6,0,0,2,1,-4.4025,0.05,1,0,3.1359
4120,20,0,0,4,3,-4.41,0.05,1,0,3.1363
4121,21,1,1,4,3,-3.27,0.05,1,0,3.1367
4122,174,4,4,20,25,-0.2175,0.05,1,0,3.1372
4123,27,3,3,7,4,-0.2725,0.05,1,0,3.1376
4124,285,4,4,13,10,-0.035,0.05,1,0,3.1372
4125,92,1,1,8,13,-4.345,0.05,1,0,3.1373
4126,139,0,0,10,20,-6.4725,0.05,1,0,3.1377
4127,20,1,1,6,3,-2.51,0.05,1,0,3.1381
4128,20,1,1,8,3,-1.66,0.05,1,0,3.1384
4129,87,0,0,8,12,-5.315,0.05,1,0,3.1391
4130,76,1,1,16,11,-1.285,0.05,1,0,3.1396
4131,20,1,1,6,3,-2.6025,0.05,1,0,3.1401
4132,42,0,0,7,6,-4.25,0.05,1,0,3.1405
4133,118,0,0,6,17,-7.025,0.05,1,0,3.1406
4134,189,2,2,20,26,-2.0525,0.05,1,0,3.14
4135,188,0,0,9,27,-8.935,0.05,1,0,3.1405
4136,49,2,2,14,7,0.3575,0.05,1,0,3.1409
4137,76,4,4,20,10,3.8325,0.05,1,0,3.1415
4138,42,0,0,6,6,-4.3575,0.05,1,0,3.1418
4139,20,1,1,8,3,-1.91,0.05,1,0,3.142
4140,27,2,2,9,4,-0.5225,0.05,1,0,3.1423
4141,69,1,1,7,10,-4.0325,0.05,1,0,3.1427
4142,77,3,3,19,11,1.645,0.05,1,0,3.1432
4143,20,1,1,8,3,-1.81,0.05,1,0,3.1434
4144,84,0,0,8,12,-5.15,0.05,1,0,3.144
4145,219,3,3,21,31,-2.6325,0.05,1,0,3.1445
4146,90,0,0,8,13,-5.7175,0.05,1,0,3.1449
4147,27,1,1,12,4,-0.455,0.05,1,0,3.1452
4148,13,0,0,2,2,-4.48,0.05,1,0,3.1455
4149,20,0,0,6,3,-3.6025,0.05,1,0,3.1459
4150,341,1,1,11,47,-12.595,0.05,1,0,3.147
4151,20,3,3,8,3,0.49,0.05,1,0,3.1474
4152,20,2,2,6,3,-1.61,0.05,1,0,3.1477
4153,83,3,3,14,8,0.455,0.05,1,0,3.1482
4154,50,3,3,6,4,-1.9525,0.05,1,0,3.1486
4155,99,0,0,4,14,-7.2175,0.05,1,0,3.1488
4156,14,0,0,4,2,-4.225,0.05,1,0,3.1487
4157,20,2,2,9,3,-0.46,0.05,1,0,3.1491
4158,20,2,2,9,3,-0.36,0.05,1,0,3.1493
4159,20,2,2,10,3,-0.31,0.05,1,0,3.1496
4160,85,3,3,17,12,0.805,0.05,1,0,3.1499
4161,20,1,1,6,3,-2.51,0.05,1,0,3.1502
4162,69,0,0,6,10,-5.4975,0.05,1,0,3.1505
4163,167,0,0,9,24,-8.0375,0.05,1,0,3.151
4164,20,2,3,8,3,0.29,0.05,1,0,3.1511
4165,253,4,4,16,18,0.2525,0.05,1,0,3.1517
4166,15,0,0,3,2,-4.3675,0.05,1,0,3.1519
4167,20,1,1,9,3,-1.51,0.05,1,0,3.1522
4168,56,1,1,8,8,-3.275,0.05,1,0,3.1526
4169,48,1,1,13,7,-1.3025,0.05,1,0,3.1528
4170,68,2,2,10,9,-1.935,0.05,1,0,3.1531
4171,42,0,0,6,5,-4.615,0.05,1,0,3.1535
4172,152,2,2,5,21,-6.1775,0.05,1,0,3.154
4173,84,2,2,12,12,-1.6075,0.05,1,0,3.1546
4174,20,3,3,9,3,0.99,0.05,1,0,3.1549
4175,155,2,2,9,22,-4.9825,0.05,1,0,3.1555
4176,97,0,0,8,14,-5.8475,0.05,1,0,3.1557
4177,20,1,1,8,3,-1.76,0.05,1,0,3.1559
4178,20,0,0,8,3,-3.01,0.05,1,0,3.156
4179,20,1,1,6,3,-2.66,0.05,1,0,3.1563
4180,7,0,0,3,1,-4.2625,0.05,1,0,3.1562
4181,44,2,2,12,4,-0.6425,0.05,1,0,3.1565
4182,41,3,3,20,6,3.36,0.05,1,0,3.1566
4183,13,0,0,7,2,-2.9475,0.05,1,0,3.1569
4184,83,0,0,5,12,-6.19,0.05,1,0,3.1574
4185,42,0,0,7,6,-4.2575,0.05,1,0,3.1577
4186,105,1,1,8,3,-7.01,0.05,1,0,3.1579
4187,104,0,0,3,15,-7.86,0.05,1,0,3.1584
4188,20,1,1,5,3,-2.81,0.05,1,0,3.1587
4189,20,1,1,10,3,-1.21,0.05,1,0,3.1589
4190,205,0,0,8,29,-9.3875,0.05,1,0,3.1591
4191,77,3,3,8,11,-1.5725,0.05,1,0,3.1595
4192,50,0,0,5,7,-5.08,0.05,1,0,3.1597
4193,20,1,1,5,3,-2.81,0.05,1,0,3.16
4194,27,1,1,7,4,-2.5725,0.05,1,0,3.1603
4195,229,6,6,16,21,1.18,0.05,1,0,3.1611
4196,20,3,3,9,3,0.54,0.05,1,0,3.1614
4197,7,0,0,2,1,-4.4625,0.05,1,0,3.1614
4198,62,0,0,8,9,-4.5775,0.05,1,0,3.1618
4199,169,1,1,6,24,-8.085,0.05,1,0,3.1621
4200,6,0,0,2,1,-4.4025,0.05,1,0,3.1625
4201,111,1,1,8,16,-5.2225,0.05,1,0,3.1626
4202,143,3,3,13,15,-1.31,0.05,1,0,3.1635
4203,367,1,1,9,30,-17.77,0.05,1,0,3.1645
4204,28,2,2,9,4,-0.525,0.05,1,0,3.1648
4205,62,0,0,8,9,-4.375,0.05,1,0,3.1649
4206,20,3,3,8,3,0.19,0.05,1,0,3.1652
4207,21,0,0,5,3,-3.9875,0.05,1,0,3.1652
4208,146,2,2,12,21,-4.0275,0.05,1,0,3.1657
4209,20,2,2,8,3,-0.81,0.05,1,0,3.1659
4210,113,2,2,14,12,-2.415,0.05,1,0,3.1661
4211,20,2,2,8,3,-1.01,0.05,1,0,3.1664
4212,91,0,0,9,13,-5.395,0.05,1,0,3.1666
4213,42,5,5,13,6,3.35,0.05,1,0,3.1674
4214,260,0,0,6,37,-12.6725,0.05,1,0,3.1673
4215,41,0,0,9,6,-3.2975,0.05,1,0,3.1675
4216,21,0,0,4,3,-4.3775,0.05,1,0,3.1674
4217,104,2,2,14,15,-1.995,0.05,1,0,3.1678
4218,69,0,0,8,10,-4.6975,0.05,1,0,3.168
4219,136,3,3,18,14,0.945,0.05,1,0,3.1686
4220,20,2,2,8,3,-0.71,0.05,1,0,3.1688
4221,55,1,1,8,8,-2.8475,0.05,1,0,3.1694
4222,27,2,2,12,4,0.435,0.05,1,0,3.1697
4223,22,2,2,11,3,0.32,0.05,1,0,3.1698
4224,21,1,1,6,3,-2.67,0.05,1,0,3.1702
4225,20,1,1,9,3,-1.41,0.05,1,0,3.1704
4226,5,0,0,3,1,-4.225,0.05,1,0,3.1707
4227,161,0,0,4,23,-9.52,0.05,1,0,3.1714
4228,41,4,4,15,6,2.9675,0.05,1,0,3.1716
4229,282,3,3,15,32,-7.2375,0.05,1,0,3.1724
4230,199,1,1,8,28,-8.315,0.05,1,0,3.1731
4231,34,0,0,6,5,-4.135,0.05,1,0,3.1735
4232,21,1,1,4,3,-3.1875,0.05,1,0,3.1735
4233,242,0,0,10,25,-12.065,0.05,1,0,3.1736
4234,27,1,1,5,4,-2.9825,0.05,1,0,3.1743
4235,41,0,0,8,6,-3.7975,0.05,1,0,3.1745
4236,7,0,0,2,1,-4.5625,0.05,1,0,3.1744
4237,20,1,1,8,3,-1.9025,0.05,1,0,3.1747
4238,34,1,1,9,5,-2.135,0.05,1,0,3.1749
4239,83,1,1,15,12,-2.1975,0.05,1,0,3.1752
4240,77,0,0,4,11,-6.5875,0.05,1,0,3.1752
4241,69,4,4,14,10,1.4525,0.05,1,0,3.1755
4242,35,0,0,4,5,-4.9125,0.05,1,0,3.176
4243,108,1,1,15,12,-2.9,0.05,1,0,3.1769
4244,41,0,0,6,6,-4.49,0.05,1,0,3.1773
4245,55,0,0,6,8,-4.94,0.05,1,0,3.1778
4246,22,1,1,10,3,-1.53,0.05,1,0,3.1781
4247,21,0,0,10,3,-2.17,0.05,1,0,3.1783
4248,27,1,1,9,4,-1.9225,0.05,1,0,3.1785
4249,20,1,1,6,3,-2.61,0.05,1,0,3.1788
4250,27,1,1,9,4,-1.7725,0.05,1,0,3.179
4251,41,1,1,5,6,-3.7475,0.05,1,0,3.1792
4252,116,2,2,7,16,-4.5225,0.05,1,0,3.1799
4253,20,2,2,9,3,-0.3025,0.05,1,0,3.1803
4254,22,1,1,10,3,-1.33,0.05,1,0,3.1805
4255,41,0,0,5,6,-4.9475,0.05,1,0,3.1808
4256,163,2,2,13,9,-2.4375,0.05,1,0,3.1813
4257,60,2,2,8,8,-2.2225,0.05,1,0,3.1816
4258,79,1,1,8,8,-4.48,0.05,1,0,3.1817
4259,265,5,5,21,14,3.1575,0.05,1,0,3.1829
4260,127,0,0,4,18,-8.3775,0.05,1,0,3.1835
4261,20,1,1,8,3,-2.01,0.05,1,0,3.1837
4262,27,2,2,7,4,-1.2725,0.05,1,0,3.184
4263,13,0,0,4,2,-4.0575,0.05,1,0,3.1846
4264,23,1,1,10,3,-1.0,0.05,1,0,3.185
4265,44,0,0,3,5,-5.6525,0.05,1,0,3.185
4266,27,2,2,9,4,-0.6725,0.05,1,0,3.1852
4267,72,2,2,9,8,-2.3925,0.05,1,0,3.1857
4268,28,2,2,9,4,-0.8325,0.05,1,0,3.186
4269,141,0,0,8,14,-8.455,0.05,1,0,3.1861
4270,48,1,1,6,7,-3.5775,0.05,1,0,3.1867
4271,21,1,1,7,3,-2.22,0.05,1,0,3.1867
4272,22,2,2,8,3,-0.68,0.05,1,0,3.1869
4273,23,0,0,6,2,-3.9975,0.05,1,0,3.187
4274,20,2,2,9,3,-0.41,0.05,1,0,3.1873
4275,100,0,0,5,14,-6.995,0.05,1,0,3.1878
4276,27,2,2,9,4,-0.7725,0.05,1,0,3.1882
4277,103,3,3,9,13,-1.6,0.05,1,0,3.1893
4278,108,5,5,16,8,2.27,0.05,1,0,3.1903
4279,27,1,1,8,4,-2.09,0.05,1,0,3.1909
4280,42,2,2,8,6,-1.5075,0.05,1,0,3.1912
4281,20,2,2,9,3,-0.6025,0.05,1,0,3.1917
4282,6,0,0,3,1,-4.2025,0.05,1,0,3.1921
4283,6,0,0,2,1,-4.4025,0.05,1,0,3.1926
4284,27,2,2,7,4,-1.365,0.05,1,0,3.1929
4285,20,2,2,8,3,-0.81,0.05,1,0,3.1932
4286,20,3,3,9,3,0.49,0.05,1,0,3.1935
4287,48,0,0,4,7,-5.37,0.05,1,0,3.1942
4288,20,1,1,7,3,-2.21,0.05,1,0,3.1944
4289,22,1,1,6,3,-2.63,0.05,1,0,3.1949
4290,13,1,1,6,2,-2.0575,0.05,1,0,3.1952
4291,70,0,0,4,10,-6.2075,0.05,1,0,3.1956
4292,88,2,2,18,10,0.21,0.05,1,0,3.1963
4293,22,1,1,6,3,-2.4325,0.05,1,0,3.1966
4294,27,2,2,7,4,-1.4725,0.05,1,0,3.1969
4295,22,1,1,9,3,-1.63,0.05,1,0,3.1971
4296,332,8,8,19,17,0.495,0.05,1,0,3.1987
4297,20,2,2,7,3,-1.06,0.05,1,0,3.1989
4298,35,1,1,7,5,-2.6875,0.05,1,0,3.1994
4299,90,0,0,3,13,-7.3525,0.05,1,0,3.1999
4300,21,1,1,5,3,-2.72,0.05,1,0,3.2002
4301,111,0,0,6,16,-7.1325,0.05,1,0,3.2007
4302,111,0,0,5,16,-7.4325,0.05,1,0,3.2013
4303,400,0,0,10,53,-11.9775,0.05,0,1,3.2015
4304,112,1,1,8,16,-5.3825,0.05,1,0,3.2018
4305,97,0,0,5,14,-6.915,0.05,1,0,3.2023
4306,36,2,2,12,5,-0.165,0.05,1,0,3.2024
4307,34,1,1,8,5,-2.335,0.05,1,0,3.2026
4308,20,2,2,10,3,0.04,0.05,1,0,3.2028
4309,27,2,2,10,4,-0.215,0.05,1,0,3.203
4310,20,3,3,9,3,0.39,0.05,1,0,3.2033
4311,20,2,2,8,3,-0.7525,0.05,1,0,3.2038
4312,107,2,2,19,13,-0.7375,0.05,1,0,3.2041
4313,20,1,1,7,3,-2.26,0.05,1,0,3.2044
4314,41,1,1,7,6,-3.1975,0.05,1,0,3.2047
4315,49,1,1,7,7,-3.42,0.05,1,0,3.2049
4316,55,1,1,9,8,-2.905,0.05,1,0,3.2053
4317,13,0,0,3,2,-4.2575,0.05,1,0,3.2058
4318,207,2,2,9,28,-7.485,0.05,1,0,3.2059
4319,5,0,0,1,1,-4.875,0.05,1,0,3.2062
4320,6,0,0,2,1,-4.4025,0.05,1,0,3.2066
4321,136,0,0,3,19,-8.835,0.05,1,0,3.2072
4322,284,1,1,5,33,-13.66,0.05,1,0,3.2076
4323,20,1,1,9,3,-1.61,0.05,1,0,3.2079
4324,20,1,1,9,3,-1.31,0.05,1,0,3.2081
4325,27,2,2,9,4,-0.7725,0.05,1,0,3.2084
4326,267,3,3,16,14,-4.69,0.05,1,0,3.2091
4327,20,2,2,6,3,-1.51,0.05,1,0,3.2094
4328,25,2,2,6,3,-1.51,0.05,1,0,3.2096
4329,57,0,0,8,8,-4.235,0.05,1,0,3.2099
4330,13,0,0,6,2,-3.2975,0.05,1,0,3.21
4331,126,0,0,8,18,-6.81,0.05,1,0,3.2106
4332,400,6,6,26,25,7.2675,0.05,0,1,3.2116
4333,27,2,2,8,4,-1.1725,0.05,1,0,3.2119
4334,41,3,3,17,6,2.56,0.05,1,0,3.2122
4335,35,0,0,3,5,-5.105,0.05,1,0,3.2123
4336,34,0,0,6,5,-4.135,0.05,1,0,3.2127
4337,108,6,6,20,13,5.305,0.05,1,0,3.2141
4338,55,1,1,9,8,-3.0325,0.05,1,0,3.2149
4339,27,1,1,8,4,-1.9725,0.05,1,0,3.2151
4340,127,3,3,13,18,-1.86,0.05,1,0,3.2155
4341,48,0,0,3,7,-5.66,0.05,1,0,3.2158
4342,35,0,0,5,5,-4.4125,0.05,1,0,3.2158
4343,170,2,2,14,24,-4.0625,0.05,1,0,3.2168
4344,51,3,3,20,7,3.625,0.05,1,0,3.2171
4345,111,0,0,9,16,-6.0125,0.05,1,0,3.2173
4346,20,1,1,6,3,-2.61,0.05,1,0,3.2175
4347,35,0,0,4,5,-4.9125,0.05,1,0,3.2175
4348,20,2,2,8,3,-0.91,0.05,1,0,3.2178
4349,98,0,0,5,14,-6.96,0.05,1,0,3.2178
4350,245,8,8,21,32,4.3025,0.05,1,0,3.2193
4351,203,2,2,10,29,-6.57,0.05,1,0,3.2202
4352,21,3,3,9,3,0.93,0.05,1,0,3.2206
4353,27,1,1,8,4,-2.2725,0.05,1,0,3.2208
4354,61,6,6,15,6,4.26,0.05,1,0,3.2211
4355,41,3,3,12,6,1.41,0.05,1,0,3.2214
4356,10,0,0,3,1,-4.0425,0.05,1,0,3.2218
4357,27,1,1,7,4,-2.4725,0.05,1,0,3.222
4358,27,2,2,8,4,-1.1725,0.05,1,0,3.2223
4359,64,0,0,4,9,-5.9225,0.05,1,0,3.2229
4360,27,2,2,6,4,-1.865,0.05,1,0,3.2234
4361,20,3,3,10,3,1.29,0.05,1,0,3.2235
4362,253,4,4,17,31,-4.6575,0.05,1,0,3.224
4363,27,1,1,9,4,-1.8725,0.05,1,0,3.2243
4364,20,1,1,9,3,-1.51,0.05,1,0,3.2245
4365,20,1,1,7,3,-2.21,0.05,1,0,3.2247
4366,133,3,3,17,8,1.705,0.05,1,0,3.2257
4367,214,1,1,10,28,-8.605,0.05,1,0,3.2259
4368,337,9,9,39,37,4.3225,0.05,1,0,3.2271
4369,20,1,1,4,3,-3.21,0.05,1,0,3.2274
4370,125,0,0,9,18,-6.74,0.05,1,0,3.2277
4371,21,2,2,8,3,-0.82,0.05,1,0,3.228
4372,70,2,2,18,10,0.8,0.05,1,0,3.2282
4373,79,1,1,10,9,-3.655,0.05,1,0,3.2284
4374,112,0,0,5,16,-7.3925,0.05,1,0,3.2284
4375,58,4,4,14,8,2.0725,0.05,1,0,3.2288
4376,27,1,1,10,4,-1.5725,0.05,1,0,3.229
4377,76,1,1,6,11,-4.3175,0.05,1,0,3.2299
4378,35,2,2,15,5,0.8625,0.05,1,0,3.2299
4379,400,3,3,17,22,2.4175,0.05,0,1,3.2311
4380,20,0,0,5,3,-4.1275,0.05,1,0,3.2316
4381,50,0,0,7,7,-4.2625,0.05,1,0,3.232
4382,20,2,2,9,3,-0.41,0.05,1,0,3.2323
4383,160,1,1,10,23,-6.35,0.05,1,0,3.2324
4384,20,1,1,9,3,-1.8025,0.05,1,0,3.2328
4385,21,2,2,9,3,-0.42,0.05,1,0,3.2331
4386,168,1,1,9,24,-6.975,0.05,1,0,3.2333
4387,56,1,1,12,8,-1.975,0.05,1,0,3.2336
4388,243,1,1,12,25,-10.1,0.05,1,0,3.2343
4389,27,0,0,9,4,-2.9725,0.05,1,0,3.2345
4390,20,3,3,8,3,0.3,0.05,1,0,3.2348
4391,304,1,1,8,43,-12.3275,0.05,1,0,3.2352
4392,108,1,1,7,3,-7.59,0.05,1,0,3.2354
4393,140,0,0,4,20,-8.95,0.05,1,0,3.2353
4394,27,1,1,13,4,0.255,0.05,1,0,3.2355
4395,69,0,0,6,10,-5.3875,0.05,1,0,3.2358
4396,48,0,0,4,7,-5.37,0.05,1,0,3.2364
4397,35,1,1,10,5,-1.905,0.05,1,0,3.2365
4398,27,2,2,7,4,-1.5725,0.05,1,0,3.2368
4399,41,0,0,8,6,-3.74,0.05,1,0,3.2371
4400,27,2,2,9,4,-0.665,0.05,1,0,3.2374
4401,259,2,2,10,9,-3.6475,0.05,1,0,3.2376
4402,60,5,5,16,8,3.985,0.05,1,0,3.2381
4403,53,3,3,15,7,1.9975,0.05,1,0,3.2384
4404,42,0,0,4,6,-5.075,0.05,1,0,3.2384
4405,7,0,0,3,1,-4.2625,0.05,1,0,3.2384
4406,20,2,2,8,3,-0.91,0.05,1,0,3.2386
4407,7,0,0,3,1,-4.1625,0.05,1,0,3.2386
4408,27,1,1,6,4,-2.7125,0.05,1,0,3.2387
4409,21,0,0,5,3,-3.7875,0.05,1,0,3.2391
4410,161,0,0,4,23,-9.5275,0.05,1,0,3.239
4411,387,3,3,12,48,-12.8375,0.05,1,0,3.2395
4412,77,0,0,5,11,-6.18,0.05,1,0,3.2396
4413,41,2,2,13,6,0.11,0.05,1,0,3.2401
4414,35,2,2,11,5,-0.145,0.05,1,0,3.2404
4415,20,2,2,9,3,-0.61,0.05,1,0,3.2407
4416,27,2,2,9,4,-0.9725,0.05,1,0,3.241
4417,191,4,4,22,20,1.74,0.05,1,0,3.2419
4418,13,0,0,4,2,-3.965,0.05,1,0,3.2424
4419,22,1,1,9,3,-1.73,0.05,1,0,3.2426
4420,154,3,3,16,22,-1.85,0.05,1,0,3.2435
4421,20,2,2,9,3,-0.41,0.05,1,0,3.2438
4422,97,5,5,25,14,5.7175,0.05,1,0,3.2445
4423,226,1,1,19,22,-3.07,0.05,1,0,3.2453
4424,14,0,0,5,2,-3.825,0.05,1,0,3.2453
4425,27,1,1,9,4,-1.6725,0.05,1,0,3.2455
4426,29,2,2,8,4,-0.9925,0.05,1,0,3.2458
4427,28,1,2,8,4,-1.2325,0.05,1,0,3.2461
4428,169,0,0,4,24,-9.6325,0.05,1,0,3.2466
4429,20,3,3,6,3,-0.31,0.05,1,0,3.2469
4430,90,0,0,4,13,-7.035,0.05,1,0,3.2473
4431,20,2,2,8,3,-0.61,0.05,1,0,3.2475
4432,118,2,2,12,17,-2.87,0.05,1,0,3.2481
4433,48,4,4,14,6,2.0825,0.05,1,0,3.2485
4434,20,1,1,8,3,-1.96,0.05,1,0,3.2487
4435,153,0,0,4,22,-9.105,0.05,1,0,3.2492
4436,20,1,1,8,3,-1.61,0.05,1,0,3.2494
4437,20,1,1,8,3,-1.61,0.05,1,0,3.2496
4438,100,1,1,4,14,-6.2275,0.05,1,0,3.2499
4439,189,1,1,4,18,-10.4975,0.05,1,0,3.2501
4440,53,1,1,7,3,-4.09,0.05,1,0,3.2503
4441,20,1,1,5,3,-2.71,0.05,1,0,3.2505
4442,76,0,0,7,11,-5.31,0.05,1,0,3.2507
4443,43,1,1,7,6,-3.2175,0.05,1,0,3.251
4444,47,2,2,11,4,-0.765,0.05,1,0,3.2514
4445,42,4,4,18,6,3.8075,0.05,1,0,3.252
4446,111,0,0,9,14,-6.3475,0.05,1,0,3.2525
4447,63,1,1,8,9,-3.445,0.05,1,0,3.2528
4448,35,2,2,14,5,0.5625,0.05,1,0,3.2529
4449,28,0,0,5,4,-4.14,0.05,1,0,3.2528
4450,400,7,7,33,20,11.9075,0.05,0,1,3.2534
4451,7,0,0,2,1,-4.3625,0.05,1,0,3.2534
4452,20,1,1,8,3,-1.96,0.05,1,0,3.2536
4453,295,5,5,18,20,0.525,0.05,1,0,3.2544
4454,20,2,2,8,3,-0.91,0.05,1,0,3.2547
4455,20,1,1,8,3,-1.81,0.05,1,0,3.255
4456,21,1,1,8,3,-1.77,0.05,1,0,3.2552
4457,57,1,1,5,8,-4.0925,0.05,1,0,3.2555
4458,35,3,4,10,5,1.605,0.05,1,0,3.256
4459,28,0,0,6,3,-4.29,0.05,1,0,3.2563
4460,20,1,1,9,3,-1.71,0.05,1,0,3.2565
4461,41,0,0,7,3,-4.32,0.05,1,0,3.2568
4462,56,1,1,7,8,-3.2825,0.05,1,0,3.2569
4463,7,0,0,2,1,-4.3625,0.05,1,0,3.2569
4464,84,0,0,6,12,-6.025,0.05,1,0,3.2574
4465,36,0,0,9,5,-3.105,0.05,1,0,3.2576
4466,6,0,0,3,1,-4.2025,0.05,1,0,3.258
4467,62,2,2,8,9,-2.3775,0.05,1,0,3.2584
4468,20,1,1,6,3,-2.41,0.05,1,0,3.2587
4469,27,0,0,6,4,-3.9825,0.05,1,0,3.2593
4470,112,2,2,5,16,-4.9825,0.05,1,0,3.2597
4471,49,1,1,9,7,-2.3125,0.05,1,0,3.2602
4472,27,2,2,9,4,-0.4725,0.05,1,0,3.2605
4473,20,3,3,9,3,0.59,0.05,1,0,3.2608
4474,76,0,0,7,11,-5.51,0.05,1,0,3.261
4475,13,0,0,4,2,-4.1475,0.05,1,0,3.2613
4476,35,3,3,9,5,0.32,0.05,1,0,3.2619
4477,27,1,1,6,4,-2.7225,0.05,1,0,3.2621
4478,27,2,2,12,4,0.435,0.05,1,0,3.2625
4479,161,1,1,10,23,-6.5125,0.05,1,0,3.2627
4480,7,0,0,2,1,-4.3625,0.05,1,0,3.2627
4481,63,2,2,14,9,-0.5875,0.05,1,0,3.2629
4482,23,0,0,9,3,-2.8,0.05,1,0,3.2629
4483,20,1,1,9,3,-1.5,0.05,1,0,3.263
4484,104,2,2,13,15,-2.035,0.05,1,0,3.2634
4485,133,0,0,8,19,-7.12,0.05,1,0,3.2637
4486,6,0,0,3,1,-4.1025,0.05,1,0,3.2641
4487,6,0,0,3,1,-4.195,0.05,1,0,3.2646
4488,27,1,1,7,4,-2.5725,0.05,1,0,3.2648
4489,20,1,1,7,3,-2.2025,0.05,1,0,3.2654
4490,70,4,4,20,8,4.6425,0.05,1,0,3.266
4491,182,0,0,6,26,-9.5075,0.05,1,0,3.2662
4492,27,3,3,8,4,-0.0725,0.05,1,0,3.2665
4493,28,0,0,8,4,-3.3325,0.05,1,0,3.2667
4494,20,1,1,6,3,-2.56,0.05,1,0,3.2669
4495,22,2,2,4,3,-2.13,0.05,1,0,3.2673
4496,27,1,1,10,4,-1.255,0.05,1,0,3.2678
4497,71,1,1,5,10,-4.785,0.05,1,0,3.2683
4498,6,0,0,2,1,-4.5025,0.05,1,0,3.2688
4499,20,2,2,9,3,-0.41,0.05,1,0,3.269
4500,155,8,8,22,20,6.955,0.05,1,0,3.2698
4501,183,0,0,8,26,-9.16,0.05,1,0,3.2702
4502,28,1,1,6,4,-2.8325,0.05,1,0,3.2704
4503,20,3,3,9,3,0.49,0.05,1,0,3.2707
4504,20,0,0,4,3,-4.2175,0.05,1,0,3.2709
4505,34,0,0,6,5,-4.085,0.05,1,0,3.2711
4506,27,2,2,8,4,-0.9725,0.05,1,0,3.2714
4507,41,0,0,6,6,-4.5975,0.05,1,0,3.2718
4508,27,1,1,7,4,-2.265,0.05,1,0,3.2721
4509,7,0,0,2,1,-4.5625,0.05,1,0,3.2721
4510,27,2,2,6,4,-1.8725,0.05,1,0,3.2724
4511,20,3,3,9,3,0.69,0.05,1,0,3.2727
4512,88,0,0,12,12,-3.845,0.05,1,0,3.2729
4513,91,2,2,11,13,-2.38,0.05,1,0,3.2733
4514,34,2,2,10,5,-0.535,0.05,1,0,3.2738
4515,27,1,1,12,4,-0.315,0.05,1,0,3.2738
4516,53,4,4,17,7,3.2975,0.05,1,0,3.274
4517,20,3,3,9,3,0.79,0.05,1,0,3.2743
4518,22,1,1,8,3,-1.83,0.05,1,0,3.2744
4519,48,6,6,20,7,6.8975,0.05,1,0,3.275
4520,13,0,0,4,2,-3.9475,0.05,1,0,3.2753
4521,64,0,0,5,9,-5.715,0.05,1,0,3.2753
4522,56,3,3,17,8,2.2825,0.05,1,0,3.2758
4523,41,1,1,9,6,-2.3975,0.05,1,0,3.276
4524,108,9,9,24,15,9.6125,0.05,1,0,3.2777
4525,27,1,1,6,4,-2.7725,0.05,1,0,3.278
4526,20,1,1,5,3,-2.81,0.05,1,0,3.2783
4527,27,2,2,9,4,-0.555,0.05,1,0,3.2787
4528,147,0,0,5,21,-8.605,0.05,1,0,3.2788
4529,27,3,3,12,4,1.535,0.05,1,0,3.2792
4530,77,0,0,6,11,-5.67,0.05,1,0,3.2793
4531,42,0,0,5,6,-4.875,0.05,1,0,3.2793
4532,123,3,3,14,17,-1.1275,0.05,1,0,3.2795
4533,48,1,1,8,7,-2.86,0.05,1,0,3.2797
4534,41,0,0,5,6,-4.715,0.05,1,0,3.2802
4535,48,0,0,8,7,-4.16,0.05,1,0,3.2803
4536,27,2,2,7,4,-1.3725,0.05,1,0,3.2806
4537,400,4,4,20,23,4.485,0.05,0,1,3.2819
4538,191,1,1,7,27,-8.675,0.05,1,0,3.2824
4539,64,0,0,6,9,-5.315,0.05,1,0,3.2825
4540,62,2,2,15,9,0.2825,0.05,1,0,3.2826
4541,400,6,6,23,49,2.13,0.05,0,1,3.2838
4542,34,2,2,10,5,-0.685,0.05,1,0,3.2841
4543,34,1,1,12,5,-0.9175,0.05,1,0,3.2844
4544,20,1,1,8,3,-1.76,0.05,1,0,3.2846
4545,41,0,0,7,6,-4.0975,0.05,1,0,3.2848
4546,6,0,0,3,1,-4.1025,0.05,1,0,3.2852
4547,148,2,2,19,21,-1.315,0.05,1,0,3.2858
4548,20,1,1,9,3,-1.71,0.05,1,0,3.286
4549,13,0,0,8,2,-2.7475,0.05,1,0,3.2862
4550,44,2,2,11,6,-0.7775,0.05,1,0,3.2865
4551,49,0,0,4,7,-5.4375,0.05,1,0,3.287
4552,41,0,0,7,6,-4.0975,0.05,1,0,3.2872
4553,112,4,4,22,10,4.395,0.05,1,0,3.2879
4554,105,5,5,16,8,3.645,0.05,1,0,3.2885
4555,104,3,3,7,15,-3.0425,0.05,1,0,3.2888
4556,142,2,2,13,20,-3.5375,0.05,1,0,3.2895
4557,156,0,0,7,22,-8.37,0.05,1,0,3.2897
4558,120,7,7,27,16,8.125,0.05,1,0,3.291
4559,85,0,0,4,12,-6.8,0.05,1,0,3.2909
4560,90,0,0,5,13,-6.325,0.05,1,0,3.2911
4561,21,0,0,4,3,-4.3875,0.05,1,0,3.2911
4562,20,1,1,8,3,-1.81,0.05,1,0,3.2913
4563,27,2,2,11,4,0.0275,0.05,1,0,3.2914
4564,400,3,3,16,9,3.2825,0.05,0,1,3.2917
4565,55,2,2,13,8,-0.215,0.05,1,0,3.2918
4566,35,3,3,10,5,0.4025,0.05,1,0,3.2925
4567,28,1,1,8,4,-1.9325,0.05,1,0,3.2928
4568,13,0,0,5,2,-3.865,0.05,1,0,3.2932
4569,7,0,0,3,1,-3.9625,0.05,1,0,3.2932
4570,27,0,0,6,4,-3.655,0.05,1,0,3.2936
4571,69,3,3,11,10,-0.4975,0.05,1,0,3.294
4572,20,1,1,4,3,-3.11,0.05,1,0,3.2943
4573,84,0,0,7,12,-5.6325,0.05,1,0,3.2947
4574,28,2,2,8,4,-1.2325,0.05,1,0,3.295
4575,27,1,1,12,4,-0.755,0.05,1,0,3.2953
4576,400,8,8,29,38,8.38,0.05,0,1,3.2961
4577,6,0,0,3,1,-4.0025,0.05,1,0,3.2965
4578,20,1,1,9,3,-1.61,0.05,1,0,3.2967
4579,341,3,3,18,48,-7.53,0.05,1,0,3.2982
4580,27,2,2,8,4,-1.1725,0.05,1,0,3.2985
4581,20,1,1,8,3,-1.81,0.05,1,0,3.2987
4582,34,4,4,12,5,2.515,0.05,1,0,3.299
4583,27,2,2,9,4,-0.8225,0.05,1,0,3.2993
4584,21,0,0,5,3,-4.1875,0.05,1,0,3.2993
4585,41,1,1,8,6,-2.6975,0.05,1,0,3.2995
4586,92,0,0,2,13,-7.64,0.05,1,0,3.2997
4587,56,0,0,4,8,-5.6,0.05,1,0,3.2997
4588,20,1,1,7,3,-2.21,0.05,1,0,3.2999
4589,20,2,2,9,3,-0.31,0.05,1,0,3.3001
4590,21,0,0,6,3,-3.78,0.05,1,0,3.3003
4591,20,2,2,7,3,-1.21,0.05,1,0,3.3005
4592,20,2,2,8,3,-0.81,0.05,1,0,3.3008
4593,20,1,1,5,3,-2.91,0.05,1,0,3.301
4594,76,2,2,11,11,-1.695,0.05,1,0,3.3018
4595,7,0,0,3,1,-3.9625,0.05,1,0,3.3018
4596,102,3,3,15,14,-0.185,0.05,1,0,3.3021
4597,57,1,1,4,8,-4.6425,0.05,1,0,3.3024
4598,20,3,3,10,3,0.89,0.05,1,0,3.3028
4599,20,2,2,6,3,-1.36,0.05,1,0,3.3031
4600,13,0,0,5,2,-3.765,0.05,1,0,3.3035
4601,20,2,2,8,3,-0.51,0.05,1,0,3.3037
4602,86,0,0,8,12,-5.27,0.05,1,0,3.3042
4603,42,4,4,10,6,1.54,0.05,1,0,3.3046
4604,20,0,0,7,3,-3.3025,0.05,1,0,3.3048
4605,20,1,1,7,3,-2.1,0.05,1,0,3.3051
4606,27,3,3,11,4,0.9425,0.05,1,0,3.3055
4607,118,1,1,8,17,-5.485,0.05,1,0,3.3056
4608,20,2,2,8,3,-1.01,0.05,1,0,3.3059
4609,106,2,2,7,15,-3.8625,0.05,1,0,3.3063
4610,20,3,3,9,3,0.59,0.05,1,0,3.3066
4611,41,3,3,14,6,1.77,0.05,1,0,3.3069
4612,7,0,0,2,1,-4.4625,0.05,1,0,3.3068
4613,99,1,1,7,14,-5.1175,0.05,1,0,3.3071
4614,21,1,1,7,3,-2.27,0.05,1,0,3.3073
4615,20,1,1,9,3,-1.4025,0.05,1,0,3.3076
4616,7,0,0,3,1,-4.1625,0.05,1,0,3.3076
4617,400,2,2,10,48,-6.8475,0.05,0,1,3.3081
4618,27,1,1,6,4,-2.8225,0.05,1,0,3.3084
4619,355,3,3,12,28,-6.055,0.05,1,0,3.3091
4620,239,3,3,15,33,-4.895,0.05,1,0,3.3093
4621,245,0,0,9,35,-11.18,0.05,1,0,3.31
4622,27,1,1,6,4,-2.7725,0.05,1,0,3.3103
4623,49,2,2,13,7,-0.0525,0.05,1,0,3.3107
4624,6,0,0,2,1,-4.3025,0.05,1,0,3.3111
4625,27,0,0,7,4,-3.5225,0.05,1,0,3.3113
4626,21,1,1,6,3,-2.32,0.05,1,0,3.3115
4627,48,3,3,15,7,1.8475,0.05,1,0,3.3121
4628,20,1,1,8,3,-1.71,0.05,1,0,3.3123
4629,27,1,1,9,4,-1.6725,0.05,1,0,3.3125
4630,149,3,4,19,20,-0.05,0.05,1,0,3.3128
4631,20,1,1,6,3,-2.3425,0.05,1,0,3.3132
4632,27,2,2,8,4,-1.0725,0.05,1,0,3.3135
4633,20,1,1,9,3,-1.5,0.05,1,0,3.3137
4634,28,2,2,7,4,-1.325,0.05,1,0,3.3139
4635,28,1,1,6,4,-2.7825,0.05,1,0,3.3143
4636,76,1,1,6,11,-4.66,0.05,1,0,3.3146
4637,20,1,1,4,3,-3.11,0.05,1,0,3.3149
4638,15,0,0,5,2,-3.885,0.05,1,0,3.3149
4639,183,0,0,7,26,-9.15,0.05,1,0,3.3151
4640,400,7,7,26,46,5.98,0.05,0,1,3.3164
4641,20,1,1,8,3,-2.01,0.05,1,0,3.3167
4642,27,1,1,9,4,-1.9125,0.05,1,0,3.3168
4643,20,2,2,7,3,-1.11,0.05,1,0,3.317
4644,20,0,0,5,3,-4.0275,0.05,1,0,3.3176
4645,20,1,1,8,3,-1.95,0.05,1,0,3.3177
4646,84,1,1,4,12,-5.4575,0.05,1,0,3.3182
4647,72,1,1,5,10,-4.9375,0.05,1,0,3.3182
4648,400,4,4,18,18,3.45,0.05,0,1,3.3193
4649,20,2,2,10,3,-0.31,0.05,1,0,3.3196
4650,27,1,1,7,4,-2.4725,0.05,1,0,3.3198
4651,76,1,1,8,11,-4.0025,0.05,1,0,3.3202
4652,41,0,0,7,6,-3.9975,0.05,1,0,3.3203
4653,76,2,2,12,11,-1.285,0.05,1,0,3.3209
4654,20,2,2,8,3,-0.86,0.05,1,0,3.3211
4655,27,1,1,8,4,-2.0725,0.05,1,0,3.3214
4656,20,1,1,9,3,-1.41,0.05,1,0,3.3216
4657,36,0,0,6,5,-4.265,0.05,1,0,3.3218
4658,70,0,0,7,10,-5.0475,0.05,1,0,3.3218
4659,98,3,3,12,14,-1.4675,0.05,1,0,3.3224
4660,20,1,1,7,3,-2.01,0.05,1,0,3.3226
4661,97,2,2,8,14,-3.715,0.05,1,0,3.3233
4662,55,0,0,6,8,-5.015,0.05,1,0,3.3235
4663,20,2,2,6,3,-1.21,0.05,1,0,3.3237
4664,5,0,0,3,1,-3.975,0.05,1,0,3.3238
4665,255,2,2,8,36,-9.09,0.05,1,0,3.3245
4666,83,4,4,18,12,2.435,0.05,1,0,3.3247
4667,196,0,0,7,28,-9.64,0.05,1,0,3.3258
4668,20,1,1,8,3,-2.11,0.05,1,0,3.326
4669,27,1,1,6,4,-2.8725,0.05,1,0,3.3263
4670,215,6,6,24,23,3.92,0.05,1,0,3.3276
4671,48,0,0,9,7,-3.46,0.05,1,0,3.3278
4672,20,2,2,7,3,-1.21,0.05,1,0,3.3281
4673,20,1,1,6,3,-2.61,0.05,1,0,3.3283
4674,20,1,1,7,3,-2.16,0.05,1,0,3.3285
4675,20,1,1,8,3,-1.91,0.05,1,0,3.3287
4676,27,1,1,10,4,-1.365,0.05,1,0,3.329
4677,20,2,2,8,3,-0.71,0.05,1,0,3.3291
4678,20,2,2,6,3,-1.4,0.05,1,0,3.3293
4679,70,0,0,5,10,-5.9175,0.05,1,0,3.3294
4680,20,2,2,9,3,-0.26,0.05,1,0,3.3297
4681,28,1,1,8,4,-2.1425,0.05,1,0,3.3297
4682,20,0,0,7,3,-3.21,0.05,1,0,3.3299
4683,27,1,1,8,4,-2.0575,0.05,1,0,3.3302
4684,36,0,0,7,5,-3.7475,0.05,1,0,3.3306
4685,101,0,0,5,14,-6.955,0.05,1,0,3.3311
4686,155,1,1,7,22,-7.15,0.05,1,0,3.3313
4687,27,2,2,7,4,-1.3725,0.05,1,0,3.3317
4688,104,2,2,15,15,-1.46,0.05,1,0,3.3318
4689,22,2,2,7,3,-1.13,0.05,1,0,3.332
4690,247,3,3,8,27,-6.135,0.05,1,0,3.3328
4691,64,1,1,5,9,-4.4075,0.05,1,0,3.333
4692,148,0,0,10,21,-7.155,0.05,1,0,3.3332
4693,20,3,3,9,3,0.59,0.05,1,0,3.3334
4694,20,2,2,9,3,-0.41,0.05,1,0,3.3336
4695,41,2,2,8,6,-1.4975,0.05,1,0,3.3338
4696,34,0,0,7,5,-3.835,0.05,1,0,3.334
4697,62,1,1,7,9,-3.595,0.05,1,0,3.3345
4698,182,2,2,14,26,-4.4675,0.05,1,0,3.3351
4699,27,2,2,6,4,-1.5725,0.05,1,0,3.3355
4700,27,2,2,8,4,-0.915,0.05,1,0,3.3358
4701,247,3,3,12,35,-6.7925,0.05,1,0,3.337
4702,27,3,3,14,4,2.1925,0.05,1,0,3.3372
4703,28,0,0,7,4,-3.625,0.05,1,0,3.3374
4704,185,3,3,14,12,0.165,0.05,1,0,3.3377
4705,20,2,2,8,3,-0.71,0.05,1,0,3.3379
4706,13,0,0,4,2,-4.065,0.05,1,0,3.3383
4707,70,0,0,6,10,-5.3075,0.05,1,0,3.3386
4708,13,0,0,6,2,-3.265,0.05,1,0,3.3389
4709,236,9,9,28,29,7.445,0.05,1,0,3.3413
4710,6,0,0,3,1,-4.2025,0.05,1,0,3.3416
4711,76,0,0,3,11,-6.5925,0.05,1,0,3.342
4712,20,2,2,8,3,-0.71,0.05,1,0,3.3423
4713,76,1,1,8,11,-3.76,0.05,1,0,3.3425
4714,84,2,2,14,12,-0.635,0.05,1,0,3.343
4715,48,2,2,16,7,1.105,0.05,1,0,3.3433
4716,34,2,2,14,5,0.9825,0.05,1,0,3.3436
4717,64,1,1,5,9,-4.4875,0.05,1,0,3.3441
4718,55,1,1,5,8,-4.1975,0.05,1,0,3.3447
4719,20,2,2,9,3,-0.51,0.05,1,0,3.345
4720,62,0,0,4,9,-5.985,0.05,1,0,3.3453
4721,211,5,5,13,14,0.745,0.05,1,0,3.3467
4722,363,8,8,20,24,3.4525,0.05,1,0,3.3479
4723,20,1,1,7,3,-2.11,0.05,1,0,3.3483
4724,62,1,1,6,9,-4.185,0.05,1,0,3.3487
4725,20,2,2,8,3,-0.86,0.05,1,0,3.349
4726,22,2,2,8,3,-0.73,0.05,1,0,3.3492
4727,71,0,0,9,10,-4.26,0.05,1,0,3.3496
4728,6,0,0,1,1,-4.7025,0.05,1,0,3.35
4729,20,2,2,7,3,-1.11,0.05,1,0,3.3503
4730,13,0,0,3,2,-4.4475,0.05,1,0,3.3506
4731,48,0,0,5,7,-5.16,0.05,1,0,3.3509
4732,45,4,4,18,6,4.27,0.05,1,0,3.3512
4733,20,2,2,8,3,-0.71,0.05,1,0,3.3515
4734,20,3,3,6,3,-0.21,0.05,1,0,3.3518
4735,27,2,2,7,4,-1.2225,0.05,1,0,3.3519
4736,13,0,0,5,2,-3.555,0.05,1,0,3.352
4737,43,6,6,20,6,6.74,0.05,1,0,3.3521
4738,140,0,0,12,20,-6.02,0.05,1,0,3.3528
4739,345,1,1,10,44,-13.835,0.05,1,0,3.3532
4740,20,2,2,10,3,0.09,0.05,1,0,3.3534
4741,20,1,1,9,3,-1.61,0.05,1,0,3.3536
4742,78,1,1,9,11,-3.5225,0.05,1,0,3.354
4743,41,4,4,14,6,2.66,0.05,1,0,3.3543
4744,21,0,0,2,3,-4.9875,0.05,1,0,3.3543
4745,13,0,0,5,2,-3.4975,0.05,1,0,3.3544
4746,34,1,1,3,5,-3.935,0.05,1,0,3.3548
4747,27,2,2,7,4,-1.165,0.05,1,0,3.3552
4748,175,2,2,11,25,-5.5075,0.05,1,0,3.356
4749,20,1,1,8,3,-1.91,0.05,1,0,3.3562
4750,7,0,0,2,1,-4.4625,0.05,1,0,3.3561
4751,20,2,2,8,3,-0.81,0.05,1,0,3.3564
4752,20,1,1,8,3,-1.81,0.05,1,0,3.3566
4753,34,1,1,6,5,-3.085,0.05,1,0,3.3569
4754,48,0,0,8,7,-4.06,0.05,1,0,3.357
4755,21,1,1,8,3,-1.67,0.05,1,0,3.3572
4756,286,4,4,18,39,-4.3025,0.05,1,0,3.3585
4757,55,0,0,5,8,-5.2225,0.05,1,0,3.3587
4758,76,0,0,9,11,-4.9025,0.05,1,0,3.3589
4759,97,0,0,7,14,-6.3975,0.05,1,0,3.3591
4760,27,1,1,9,4,-1.6825,0.05,1,0,3.3596
4761,21,0,0,5,3,-4.0875,0.05,1,0,3.3595
4762,20,1,1,10,3,-1.0025,0.05,1,0,3.3598
4763,111,4,4,16,5,2.9025,0.05,1,0,3.3601
4764,20,0,0,5,3,-4.1275,0.05,1,0,3.3606
4765,34,6,6,14,5,5.2225,0.05,1,0,3.3612
4766,6,0,0,2,1,-4.4025,0.05,1,0,3.3616
4767,111,3,3,9,16,-2.5125,0.05,1,0,3.3618
4768,20,1,1,8,3,-1.91,0.05,1,0,3.3621
4769,90,0,0,5,13,-6.6525,0.05,1,0,3.3626
4770,62,6,6,22,9,7.0725,0.05,1,0,3.3631
4771,43,2,2,8,6,-1.7175,0.05,1,0,3.3633
4772,20,1,1,10,3,-1.31,0.05,1,0,3.3635
4773,50,5,5,20,7,5.5775,0.05,1,0,3.3637
4774,56,5,5,20,7,5.9325,0.05,1,0,3.3642
4775,70,2,2,8,10,-2.2,0.05,1,0,3.3646
4776,48,0,0,6,7,-4.7775,0.05,1,0,3.3651
4777,30,0,0,6,4,-3.9525,0.05,1,0,3.3653
4778,37,2,2,13,5,0.7425,0.05,1,0,3.3658
4779,20,2,2,8,3,-0.61,0.05,1,0,3.366
4780,29,0,0,6,4,-3.91,0.05,1,0,3.366
4781,57,1,1,8,8,-3.1425,0.05,1,0,3.3661
4782,20,1,1,8,3,-2.01,0.05,1,0,3.3663
4783,20,1,1,7,3,-2.11,0.05,1,0,3.3665
4784,27,2,2,8,4,-1.0725,0.05,1,0,3.3669
4785,20,1,1,9,3,-1.61,0.05,1,0,3.3671
4786,13,0,0,6,2,-3.365,0.05,1,0,3.3675
4787,400,4,4,15,13,3.785,0.05,0,1,3.3685
4788,64,0,0,4,9,-5.805,0.05,1,0,3.3688
4789,27,0,0,4,4,-4.5725,0.05,1,0,3.3692
4790,20,1,1,9,3,-1.41,0.05,1,0,3.3694
4791,20,3,3,7,3,0.25,0.05,1,0,3.3696
4792,48,1,1,9,7,-2.6,0.05,1,0,3.3698
4793,20,1,1,6,3,-2.56,0.05,1,0,3.37
4794,48,4,4,19,7,4.3975,0.05,1,0,3.3701
4795,21,0,0,7,3,-3.21,0.05,1,0,3.3703
4796,214,5,5,15,30,-2.0925,0.05,1,0,3.3706
4797,203,0,0,7,29,-10.17,0.05,1,0,3.3714
4798,20,2,2,9,3,-0.26,0.05,1,0,3.3712
4799,28,1,1,8,4,-2.1425,0.05,1,0,3.3713
4800,36,0,0,5,5,-4.6725,0.05,1,0,3.3713
4801,20,1,1,8,3,-1.61,0.05,1,0,3.3714
4802,34,2,2,12,5,0.265,0.05,1,0,3.3718
4803,20,1,1,9,3,-1.71,0.05,1,0,3.372
4804,20,1,1,5,3,-2.76,0.05,1,0,3.3722
4805,20,1,1,5,3,-2.86,0.05,1,0,3.3725
4806,34,4,4,11,5,2.025,0.05,1,0,3.3728
4807,20,2,2,7,3,-1.16,0.05,1,0,3.373
4808,79,1,1,10,11,-3.19,0.05,1,0,3.3732
4809,83,1,1,8,12,-4.365,0.05,1,0,3.3735
4810,119,1,1,8,17,-5.6475,0.05,1,0,3.374
4811,6,0,0,1,1,-4.8025,0.05,1,0,3.3745
4812,98,1,1,9,14,-4.3575,0.05,1,0,3.3746
4813,6,0,0,2,1,-4.5025,0.05,1,0,3.375
4814,7,0,0,3,1,-4.1625,0.05,1,0,3.375
4815,20,1,1,6,3,-2.51,0.05,1,0,3.3753
4816,22,3,3,8,3,0.37,0.05,1,0,3.3757
4817,69,1,1,11,10,-2.6325,0.05,1,0,3.376
4818,20,2,2,9,3,-0.61,0.05,1,0,3.3763
4819,28,0,0,3,4,-4.95,0.05,1,0,3.3762
4820,21,2,2,10,3,0.33,0.05,1,0,3.3763
4821,29,0,0,5,4,-4.11,0.05,1,0,3.3768
4822,27,2,2,10,4,-0.365,0.05,1,0,3.3771
4823,62,1,1,18,9,0.4575,0.05,1,0,3.3778
4824,55,0,0,6,8,-5.0225,0.05,1,0,3.378
4825,20,1,1,8,3,-2.01,0.05,1,0,3.3783
4826,204,1,1,7,29,-8.6325,0.05,1,0,3.3785
4827,13,0,0,6,2,-3.4475,0.05,1,0,3.3787
4828,99,1,1,12,14,-3.41,0.05,1,0,3.3792
4829,274,1,1,7,39,-11.4125,0.05,1,0,3.3793
4830,5,0,0,4,1,-3.775,0.05,1,0,3.3794
4831,20,0,0,7,3,-3.26,0.05,1,0,3.3796
4832,27,2,2,9,4,-0.665,0.05,1,0,3.3798
4833,20,2,2,9,3,-0.25,0.05,1,0,3.38
4834,21,1,1,8,3,-1.82,0.05,1,0,3.3802
4835,157,4,4,15,22,-0.9075,0.05,1,0,3.3803
4836,6,0,0,3,1,-3.9025,0.05,1,0,3.3807
4837,27,1,1,8,4,-2.1575,0.05,1,0,3.381
4838,153,2,2,11,22,-4.6,0.05,1,0,3.3814
4839,20,3,3,8,3,0.29,0.05,1,0,3.3817
4840,125,0,0,9,18,-6.6475,0.05,1,0,3.3818
4841,13,0,0,3,2,-4.465,0.05,1,0,3.3823
4842,293,0,0,10,42,-12.4975,0.05,1,0,3.3824
4843,160,0,0,2,23,-10.2625,0.05,1,0,3.3829
4844,28,2,2,9,4,-1.0325,0.05,1,0,3.3832
4845,27,1,1,7,4,-2.465,0.05,1,0,3.3835
4846,20,3,3,9,3,0.69,0.05,1,0,3.3838
4847,76,0,0,8,11,-5.11,0.05,1,0,3.3839
4848,79,5,5,15,8,2.135,0.05,1,0,3.3847
4849,99,0,0,5,14,-7.035,0.05,1,0,3.3847
4850,20,1,1,9,3,-1.5025,0.05,1,0,3.385
4851,119,2,2,7,17,-4.5375,0.05,1,0,3.3856
4852,36,1,1,5,5,-3.355,0.05,1,0,3.386
4853,20,3,3,10,3,0.99,0.05,1,0,3.3862
4854,27,0,0,8,4,-3.265,0.05,1,0,3.3865
4855,20,2,3,9,3,0.59,0.05,1,0,3.3866
4856,235,0,0,8,33,-10.9725,0.05,1,0,3.3869
4857,400,7,7,20,12,8.78,0.05,0,1,3.388
4858,20,0,0,6,3,-3.61,0.05,1,0,3.3882
4859,139,5,5,19,13,1.63,0.05,1,0,3.3889
4860,55,0,0,4,8,-5.725,0.05,1,0,3.3897
4861,36,2,2,10,5,-0.165,0.05,1,0,3.3901
4862,105,3,3,12,15,-0.9925,0.05,1,0,3.3903
4863,163,0,0,5,23,-9.0475,0.05,1,0,3.3902
4864,111,3,3,18,9,1.9075,0.05,1,0,3.3906
4865,55,2,2,14,8,-0.215,0.05,1,0,3.391
4866,62,2,2,15,9,-0.0775,0.05,1,0,3.3913
4867,21,1,1,9,3,-1.67,0.05,1,0,3.3914
4868,22,3,3,8,3,0.47,0.05,1,0,3.3916
4869,20,1,1,8,3,-1.81,0.05,1,0,3.3918
4870,7,0,0,3,1,-4.0625,0.05,1,0,3.3918
4871,27,1,1,8,4,-2.2725,0.05,1,0,3.392
4872,27,2,3,10,4,0.6275,0.05,1,0,3.3921
4873,48,2,2,10,7,-1.46,0.05,1,0,3.3923
4874,76,0,0,3,11,-6.6275,0.05,1,0,3.3928
4875,48,3,3,15,7,1.74,0.05,1,0,3.3932
4876,20,0,0,7,3,-3.31,0.05,1,0,3.3933
4877,73,3,3,25,10,4.3275,0.05,1,0,3.394
4878,107,1,1,14,15,-2.83,0.05,1,0,3.394
4879,27,2,2,6,4,-1.715,0.05,1,0,3.3944
4880,5,0,0,3,1,-4.275,0.05,1,0,3.3945
4881,49,1,1,10,7,-2.23,0.05,1,0,3.3945
4882,13,0,0,6,2,-3.365,0.05,1,0,3.3949
4883,27,1,1,10,4,-1.5725,0.05,1,0,3.3951
4884,106,3,3,16,10,0.74,0.05,1,0,3.3955
4885,7,0,0,3,1,-4.1625,0.05,1,0,3.3955
4886,14,0,0,4,2,-3.925,0.05,1,0,3.3954
4887,90,2,2,8,13,-3.235,0.05,1,0,3.3961
4888,13,0,0,7,2,-2.9475,0.05,1,0,3.3963
4889,20,0,0,5,3,-3.86,0.05,1,0,3.3965
4890,167,1,1,7,24,-7.505,0.05,1,0,3.3967
4891,21,1,1,8,3,-2.02,0.05,1,0,3.3969
4892,34,0,0,4,5,-4.8525,0.05,1,0,3.3974
4893,21,1,1,6,3,-2.4625,0.05,1,0,3.3977
4894,27,2,2,9,4,-0.265,0.05,1,0,3.3981
4895,183,1,1,12,24,-5.9675,0.05,1,0,3.3986
4896,77,0,0,5,11,-6.0625,0.05,1,0,3.3989
4897,154,3,3,17,13,0.2325,0.05,1,0,3.3993
4898,21,0,0,4,3,-4.2875,0.05,1,0,3.3993
4899,21,0,0,4,3,-4.32,0.05,1,0,3.3995
4900,49,1,1,5,7,-3.7025,0.05,1,0,3.3998
4901,20,1,1,8,3,-2.01,0.05,1,0,3.4
4902,34,0,0,5,5,-4.535,0.05,1,0,3.4005
4903,68,1,1,5,9,-4.7625,0.05,1,0,3.4006
4904,21,1,1,8,3,-2.17,0.05,1,0,3.4008
4905,20,2,2,10,3,-0.1,0.05,1,0,3.401
4906,27,1,1,7,4,-2.3725,0.05,1,0,3.4011
4907,34,1,1,6,5,-2.935,0.05,1,0,3.4013
4908,20,1,1,7,3,-2.21,0.05,1,0,3.4015
4909,6,0,0,3,1,-4.1025,0.05,1,0,3.4019
4910,20,1,1,7,3,-2.11,0.05,1,0,3.4021
4911,107,0,0,6,15,-6.825,0.05,1,0,3.4028
4912,27,2,3,11,4,1.235,0.05,1,0,3.4031
4913,13,0,0,3,2,-4.465,0.05,1,0,3.4036
4914,20,2,2,10,3,0.14,0.05,1,0,3.4036
4915,5,0,0,4,1,-3.675,0.05,1,0,3.4036
4916,20,2,2,6,3,-1.31,0.05,1,0,3.4039
4917,20,1,1,7,3,-2.11,0.05,1,0,3.404
4918,20,0,0,7,3,-3.21,0.05,1,0,3.4042
4919,70,3,3,14,10,0.7,0.05,1,0,3.4048
4920,20,1,1,9,3,-1.61,0.05,1,0,3.405
4921,62,1,1,4,9,-4.685,0.05,1,0,3.4053
4922,90,2,2,5,13,-4.445,0.05,1,0,3.4062
4923,42,1,1,6,6,-3.2075,0.05,1,0,3.4064
4924,42,4,4,13,6,2.3075,0.05,1,0,3.4068
4925,84,0,0,8,12,-5.425,0.05,1,0,3.4071
4926,20,2,2,8,3,-0.81,0.05,1,0,3.4073
4927,5,0,0,3,1,-4.275,0.05,1,0,3.4074
4928,20,3,3,10,3,0.7975,0.05,1,0,3.4079
4929,20,2,2,8,3,-0.81,0.05,1,0,3.4081
4930,91,0,0,9,13,-5.2775,0.05,1,0,3.4086
4931,83,1,1,6,12,-4.8725,0.05,1,0,3.4088
4932,173,4,4,14,9,1.2275,0.05,1,0,3.409
4933,143,0,0,5,20,-8.515,0.05,1,0,3.4091
4934,20,1,1,8,3,-2.01,0.05,1,0,3.4094
4935,20,2,2,8,3,-0.91,0.05,1,0,3.4096
4936,27,1,1,9,4,-1.7725,0.05,1,0,3.4098
4937,400,4,4,15,16,3.8725,0.05,0,1,3.4109
4938,57,1,1,10,8,-2.4925,0.05,1,0,3.4111
4939,49,0,0,4,7,-5.3275,0.05,1,0,3.411
4940,76,0,0,3,11,-6.8275,0.05,1,0,3.4115
4941,56,2,2,9,8,-1.5925,0.05,1,0,3.4117
4942,28,2,2,10,4,-0.5325,0.05,1,0,3.4119
4943,157,0,0,5,22,-9.04,0.05,1,0,3.4125
4944,20,1,1,8,3,-1.81,0.05,1,0,3.4127
4945,209,1,1,4,30,-10.13,0.05,1,0,3.413
4946,193,1,1,6,27,-8.695,0.05,1,0,3.413
4947,16,0,0,5,2,-3.6775,0.05,1,0,3.4131
4948,267,5,5,18,24,-0.0925,0.05,1,0,3.4136
4949,20,2,2,10,3,-0.16,0.05,1,0,3.4138
4950,5,0,0,4,1,-3.875,0.05,1,0,3.4139
4951,20,1,1,8,3,-1.96,0.05,1,0,3.414
4952,21,1,1,2,3,-3.87,0.05,1,0,3.4144
4953,21,1,1,6,3,-2.5875,0.05,1,0,3.4144
4954,134,2,2,13,19,-3.365,0.05,1,0,3.4147
4955,48,1,1,9,7,-2.6,0.05,1,0,3.4148
4956,52,4,4,17,7,3.5575,0.05,1,0,3.415
4957,48,0,0,7,7,-4.3025,0.05,1,0,3.4153
4958,84,0,0,7,12,-5.7175,0.05,1,0,3.4157
4959,76,0,0,5,11,-5.91,0.05,1,0,3.4158
4960,5,0,0,4,1,-3.675,0.05,1,0,3.4159
4961,98,0,0,8,14,-6.0075,0.05,1,0,3.416
4962,149,1,1,8,21,-6.5075,0.05,1,0,3.4162
4963,27,1,1,6,4,-2.7725,0.05,1,0,3.4165
4964,20,1,1,9,3,-1.36,0.05,1,0,3.4166
4965,27,2,2,9,4,-0.8725,0.05,1,0,3.4168
4966,34,1,1,7,5,-2.935,0.05,1,0,3.4172
4967,27,0,0,8,4,-3.2725,0.05,1,0,3.4173
4968,127,1,1,7,18,-6.285,0.05,1,0,3.418
4969,37,3,3,9,5,0.235,0.05,1,0,3.4183
4970,400,14,14,58,35,25.1725,0.05,0,1,3.4198
4971,50,1,1,8,7,-3.0625,0.05,1,0,3.4201
4972,21,0,0,8,3,-2.97,0.05,1,0,3.4203
4973,27,1,1,4,4,-3.465,0.05,1,0,3.4207
4974,400,5,5,21,25,4.6475,0.05,0,1,3.4217
4975,20,3,3,7,3,-0.06,0.05,1,0,3.4219
4976,20,2,2,7,3,-1.01,0.05,1,0,3.4221
4977,20,3,3,9,3,0.6075,0.05,1,0,3.4224
4978,20,3,3,7,3,-0.01,0.05,1,0,3.4226
4979,48,2,2,8,7,-1.77,0.05,1,0,3.4234
4980,48,1,1,10,7,-2.4525,0.05,1,0,3.4236
4981,20,3,3,9,3,0.64,0.05,1,0,3.4239
4982,111,0,0,9,16,-6.25,0.05,1,0,3.4244
4983,400,2,2,15,37,-3.675,0.05,0,1,3.425
4984,69,3,3,12,10,-0.19,0.05,1,0,3.4252
4985,41,1,1,8,6,-2.5475,0.05,1,0,3.4254
4986,13,0,0,4,2,-4.065,0.05,1,0,3.4259
4987,76,0,0,5,11,-6.1275,0.05,1,0,3.4264
4988,58,1,1,3,8,-4.92,0.05,1,0,3.4264
4989,400,4,4,17,40,-0.3125,0.05,0,1,3.427
4990,20,2,3,8,3,0.19,0.05,1,0,3.427
4991,28,2,2,7,4,-1.6325,0.05,1,0,3.4273
4992,76,3,3,27,11,4.3625,0.05,1,0,3.428
4993,28,2,2,11,4,-0.025,0.05,1,0,3.4283
4994,111,3,3,10,16,-2.3325,0.05,1,0,3.429
4995,20,2,2,7,3,-1.0025,0.05,1,0,3.4294
4996,86,0,0,13,12,-3.9375,0.05,1,0,3.4298
4997,48,1,1,8,7,-2.96,0.05,1,0,3.43
4998,20,1,1,6,3,-2.6025,0.05,1,0,3.4304
4999,20,2,2,8,3,-1.01,0.05,1,0,3.4306
5000,21,1,1,9,3,-1.465,0.05,1,0,3.4306
5001,41,2,2,15,6,0.76,0.05,1,0,3.4307
5002,63,0,0,3,9,-6.355,0.05,1,0,3.4307
5003,83,1,1,8,12,-4.265,0.05,1,0,3.431
5004,27,2,2,10,4,-0.1725,0.05,1,0,3.4312
5005,41,0,0,9,6,-3.5975,0.05,1,0,3.4313
5006,29,2,2,12,4,0.515,0.05,1,0,3.4316
5007,84,1,1,5,12,-5.3175,0.05,1,0,3.4321
5008,5,0,0,3,1,-4.075,0.05,1,0,3.4322
5009,27,1,1,10,4,-1.5725,0.05,1,0,3.4323
5010,27,1,1,8,4,-1.9725,0.05,1,0,3.4325
5011,58,2,2,6,5,-1.8175,0.05,1,0,3.4329
5012,20,2,2,8,3,-0.76,0.05,1,0,3.4331
5013,21,1,1,10,3,-1.1725,0.05,1,0,3.4335
5014,77,0,0,8,11,-5.1625,0.05,1,0,3.4338
5015,400,5,5,14,18,3.6075,0.05,0,1,3.4342
5016,41,2,2,13,6,0.2175,0.05,1,0,3.4347
5017,6,0,0,3,1,-4.2025,0.05,1,0,3.435
5018,48,1,1,7,7,-3.16,0.05,1,0,3.4352
5019,20,1,1,8,3,-1.91,0.05,1,0,3.4354
5020,148,2,2,11,21,-4.2475,0.05,1,0,3.4358
5021,56,3,3,15,8,1.2825,0.05,1,0,3.4361
5022,189,0,0,4,27,-10.7725,0.05,1,0,3.4361
5023,97,0,0,8,14,-5.89,0.05,1,0,3.4364
5024,27,1,1,11,4,-1.105,0.05,1,0,3.4367
5025,49,4,4,16,7,3.295,0.05,1,0,3.4372
5026,5,0,0,3,1,-4.075,0.05,1,0,3.4373
5027,69,1,1,17,10,-0.53,0.05,1,0,3.4376
5028,20,1,1,8,3,-1.81,0.05,1,0,3.4377
5029,55,0,0,13,8,-2.305,0.05,1,0,3.438
5030,20,1,1,8,3,-1.81,0.05,1,0,3.4382
5031,5,0,0,4,1,-3.975,0.05,1,0,3.4382
5032,20,1,1,6,3,-2.51,0.05,1,0,3.4385
5033,43,3,3,19,6,3.54,0.05,1,0,3.4387
5034,90,1,1,7,13,-4.675,0.05,1,0,3.4389
5035,400,6,6,23,29,5.5625,0.05,0,1,3.4395
5036,121,2,2,15,17,-2.0,0.05,1,0,3.4399
5037,66,0,0,3,9,-6.325,0.05,1,0,3.4402
5038,36,0,0,5,5,-4.565,0.05,1,0,3.4402
5039,34,3,3,12,5,1.165,0.05,1,0,3.4406
5040,20,2,2,7,3,-1.16,0.05,1,0,3.4408
5041,20,2,2,8,3,-0.71,0.05,1,0,3.441
5042,339,2,2,10,28,-7.04,0.05,1,0,3.4417
5043,139,1,1,14,20,-3.8975,0.05,1,0,3.4418
5044,20,1,1,5,3,-2.96,0.05,1,0,3.4421
5045,27,1,1,7,4,-2.4225,0.05,1,0,3.4423
5046,27,2,2,7,4,-1.4225,0.05,1,0,3.4425
5047,400,5,5,17,18,4.5725,0.05,0,1,3.4435
5048,27,1,1,8,4,-2.2725,0.05,1,0,3.4437
5049,41,0,0,3,6,-5.2975,0.05,1,0,3.444
5050,73,2,2,12,7,-0.3525,0.05,1,0,3.4442
5051,27,2,2,8,4,-1.0725,0.05,1,0,3.444
5052,238,0,0,11,34,-10.0875,0.05,1,0,3.4449
5053,187,5,5,22,14,4.2225,0.05,1,0,3.4458
5054,21,2,2,7,3,-0.92,0.05,1,0,3.446
5055,20,1,1,7,3,-2.31,0.05,1,0,3.4462
5056,20,1,1,8,3,-1.86,0.05,1,0,3.4464
5057,62,0,0,5,9,-5.5925,0.05,1,0,3.4468
5058,20,0,0,7,3,-3.31,0.05,1,0,3.447
5059,41,0,0,8,6,-3.7975,0.05,1,0,3.4472
5060,115,0,0,5,16,-7.355,0.05,1,0,3.4477
5061,6,0,0,3,1,-4.2025,0.05,1,0,3.448
5062,20,1,1,6,3,-2.51,0.05,1,0,3.4482
5063,20,1,1,6,3,-2.5025,0.05,1,0,3.4485
5064,27,1,1,7,4,-2.3825,0.05,1,0,3.4488
5065,119,1,1,7,17,-5.835,0.05,1,0,3.4488
5066,188,1,1,10,25,-6.82,0.05,1,0,3.449
5067,70,0,0,3,10,-6.5075,0.05,1,0,3.4493
5068,20,1,1,9,3,-1.56,0.05,1,0,3.4495
5069,35,0,0,3,5,-5.145,0.05,1,0,3.4498
5070,20,0,0,6,3,-3.76,0.05,1,0,3.4501
5071,20,2,2,8,3,-0.6525,0.05,1,0,3.4505
5072,20,1,1,7,3,-2.26,0.05,1,0,3.4507
5073,27,2,2,7,4,-1.205,0.05,1,0,3.4512
5074,28,2,2,10,4,-0.215,0.05,1,0,3.4515
5075,34,4,4,17,5,4.1225,0.05,1,0,3.4517
5076,400,4,4,14,15,3.55,0.05,0,1,3.4529
5077,49,0,0,8,7,-4.12,0.05,1,0,3.453
5078,167,1,1,10,24,-6.915,0.05,1,0,3.4532
5079,57,3,3,15,8,1.4575,0.05,1,0,3.4534
5080,55,1,1,7,8,-3.615,0.05,1,0,3.4538
5081,14,0,0,5,2,-3.825,0.05,1,0,3.4538
5082,62,1,1,10,9,-2.985,0.05,1,0,3.454
5083,21,1,1,6,3,-2.57,0.05,1,0,3.4542
5084,6,0,0,3,1,-4.2025,0.05,1,0,3.4546
5085,64,0,0,8,9,-4.655,0.05,1,0,3.4548
5086,50,0,0,8,7,-3.99,0.05,1,0,3.4553
5087,27,3,3,10,4,0.8275,0.05,1,0,3.4555
5088,34,3,3,12,5,1.4725,0.05,1,0,3.4558
5089,63,0,0,4,9,-5.9625,0.05,1,0,3.4558
5090,295,4,4,18,28,-2.4075,0.05,1,0,3.4559
5091,20,0,0,4,3,-4.2275,0.05,1,0,3.4564
5092,365,3,3,18,40,-6.7975,0.05,1,0,3.4569
5093,62,1,1,16,9,-0.6275,0.05,1,0,3.457
5094,83,1,1,8,12,-3.88,0.05,1,0,3.4575
5095,20,2,2,8,3,-0.81,0.05,1,0,3.4578
5096,252,0,0,11,6,-4.3675,0.05,1,0,3.4582
5097,90,0,0,5,13,-6.525,0.05,1,0,3.4584
5098,59,1,1,18,7,1.1025,0.05,1,0,3.4585
5099,13,0,0,6,2,-3.0975,0.05,1,0,3.4585
5100,91,4,4,17,13,1.895,0.05,1,0,3.4587
5101,62,4,4,17,9,3.0225,0.05,1,0,3.4591
5102,34,2,2,8,5,-1.435,0.05,1,0,3.4593
5103,55,1,1,8,8,-3.1625,0.05,1,0,3.4595
5104,27,1,1,10,4,-1.5725,0.05,1,0,3.4597
5105,56,2,2,9,8,-1.875,0.05,1,0,3.46
5106,27,1,1,8,4,-2.1725,0.05,1,0,3.4603
5107,21,1,1,8,3,-1.52,0.05,1,0,3.4604
5108,35,2,2,9,5,-0.9975,0.05,1,0,3.4606
5109,20,2,2,9,3,-0.41,0.05,1,0,3.4608
5110,51,5,5,16,7,4.025,0.05,1,0,3.4611
5111,125,2,2,13,18,-3.04,0.05,1,0,3.4608
5112,27,2,2,12,4,0.285,0.05,1,0,3.4612
5113,22,1,1,8,3,-1.94,0.05,1,0,3.4612
5114,21,1,1,6,3,-2.38,0.05,1,0,3.4612
5115,76,1,1,9,11,-3.46,0.05,1,0,3.4614
5116,50,6,6,20,7,6.6925,0.05,1,0,3.462
5117,42,0,0,5,6,-4.875,0.05,1,0,3.462
5118,20,2,2,6,3,-1.31,0.05,1,0,3.4623
5119,20,2,2,6,3,-1.56,0.05,1,0,3.4625
5120,13,0,0,8,2,-2.8475,0.05,1,0,3.4627
5121,20,1,1,7,3,-2.16,0.05,1,0,3.4628
5122,139,2,2,13,20,-2.17,0.05,1,0,3.4644
5123,235,4,4,16,23,-1.395,0.05,1,0,3.4658
5124,69,0,0,2,10,-6.665,0.05,1,0,3.4663
5125,20,2,2,9,3,-0.61,0.05,1,0,3.4665
5126,20,2,2,9,3,-0.21,0.05,1,0,3.4667
5127,20,1,1,6,3,-2.31,0.05,1,0,3.467
5128,6,0,0,2,1,-4.5025,0.05,1,0,3.4674
5129,83,2,2,18,12,0.1925,0.05,1,0,3.4676
5130,34,1,1,8,5,-2.435,0.05,1,0,3.4679
5131,15,0,0,8,2,-2.7175,0.05,1,0,3.4679
5132,337,2,2,13,48,-10.555,0.05,1,0,3.4688
5133,269,5,5,23,35,-1.86,0.05,1,0,3.47
5134,106,2,2,9,15,-3.5725,0.05,1,0,3.4702
5135,128,1,1,6,18,-6.32,0.05,1,0,3.4706
5136,20,2,2,9,3,-0.51,0.05,1,0,3.4708
5137,35,0,0,5,5,-4.6125,0.05,1,0,3.4708
5138,27,2,2,9,4,-0.6725,0.05,1,0,3.471
5139,120,0,0,4,17,-7.915,0.05,1,0,3.4716
5140,113,3,3,18,13,1.2075,0.05,1,0,3.4722
5141,55,0,0,2,8,-6.205,0.05,1,0,3.4725
5142,6,0,0,2,1,-4.485,0.05,1,0,3.4727
5143,20,2,2,7,3,-1.11,0.05,1,0,3.473
5144,6,0,0,3,1,-4.1025,0.05,1,0,3.4733
5145,55,0,0,2,8,-6.325,0.05,1,0,3.4738
5146,188,3,3,9,27,-4.94,0.05,1,0,3.4747
5147,20,1,1,9,3,-1.5025,0.05,1,0,3.475
5148,77,0,0,7,11,-5.17,0.05,1,0,3.4751
5149,400,14,14,34,37,15.74,0.05,0,1,3.4777
5150,20,1,1,7,3,-2.41,0.05,1,0,3.4779
5151,78,0,0,6,11,-5.6975,0.05,1,0,3.4784
5152,20,2,2,6,3,-1.56,0.05,1,0,3.4788
5153,76,2,2,14,11,-0.9425,0.05,1,0,3.4788
5154,27,1,1,6,4,-2.7725,0.05,1,0,3.479
5155,20,1,1,6,3,-2.31,0.05,1,0,3.4792
5156,99,1,1,7,14,-4.81,0.05,1,0,3.4798
5157,29,1,1,9,4,-1.985,0.05,1,0,3.4801
5158,20,1,1,6,3,-2.56,0.05,1,0,3.4804
5159,34,0,0,10,5,-2.6175,0.05,1,0,3.4808
5160,20,2,2,8,3,-0.81,0.05,1,0,3.481
5161,159,2,2,15,19,-2.515,0.05,1,0,3.4813
5162,45,5,5,16,6,4.3275,0.05,1,0,3.4813
5163,20,2,2,8,3,-0.76,0.05,1,0,3.4814
5164,83,0,0,10,12,-4.615,0.05,1,0,3.4817
5165,20,1,1,4,3,-3.26,0.05,1,0,3.482
5166,34,1,1,6,5,-3.145,0.05,1,0,3.4825
5167,27,1,1,6,4,-2.7725,0.05,1,0,3.4827
5168,27,3,3,10,4,0.5275,0.05,1,0,3.4829
5169,20,1,1,7,3,-2.21,0.05,1,0,3.4831
5170,56,0,0,3,8,-6.1,0.05,1,0,3.4831
5171,20,3,3,10,3,1.09,0.05,1,0,3.4833
5172,49,0,0,5,7,-5.2375,0.05,1,0,3.4833
5173,77,0,0,5,11,-6.0875,0.05,1,0,3.4832
5174,66,5,5,16,6,4.61,0.05,1,0,3.4835
5175,140,1,1,11,20,-5.21,0.05,1,0,3.484
5176,126,0,0,5,18,-7.9075,0.05,1,0,3.4842
5177,21,1,1,9,3,-1.77,0.05,1,0,3.4844
5178,41,3,3,15,6,1.86,0.05,1,0,3.4846
5179,27,2,2,6,4,-1.7225,0.05,1,0,3.4849
5180,20,2,2,7,3,-1.0025,0.05,1,0,3.4853
5181,5,0,0,1,1,-4.675,0.05,1,0,3.4855
5182,69,1,1,10,10,-3.14,0.05,1,0,3.4858
5183,121,0,0,5,17,-7.5825,0.05,1,0,3.4863
5184,13,0,0,6,2,-3.2975,0.05,1,0,3.4863
5185,273,6,6,29,29,4.2325,0.05,1,0,3.4878
5186,70,2,2,9,10,-2.4075,0.05,1,0,3.488
5187,20,2,2,6,3,-1.41,0.05,1,0,3.4883
5188,21,2,2,7,3,-1.17,0.05,1,0,3.4885
5189,27,2,2,9,4,-0.5725,0.05,1,0,3.4887
5190,323,7,7,22,39,0.2425,0.05,1,0,3.4902
5191,153,0,0,3,22,-9.64,0.05,1,0,3.4906
5192,105,1,1,9,15,-4.73,0.05,1,0,3.4913
5193,125,0,0,6,18,-7.74,0.05,1,0,3.4916
5194,36,5,5,12,5,3.2525,0.05,1,0,3.492
5195,42,1,1,13,6,-1.05,0.05,1,0,3.4924
5196,27,2,2,8,4,-1.0725,0.05,1,0,3.4927
5197,20,3,3,9,3,0.74,0.05,1,0,3.4929
5198,20,1,1,6,3,-2.41,0.05,1,0,3.4931
5199,41,2,2,9,6,-1.34,0.05,1,0,3.4935
5200,141,1,1,4,20,-7.785,0.05,1,0,3.4938
5201,139,0,0,8,20,-7.315,0.05,1,0,3.4941
5202,20,1,1,6,3,-2.66,0.05,1,0,3.4943
5203,27,1,1,7,4,-2.2225,0.05,1,0,3.4945
5204,43,0,0,5,6,-4.9175,0.05,1,0,3.4948
5205,132,1,1,7,19,-6.2175,0.05,1,0,3.4952
5206,35,3,3,12,5,1.3625,0.05,1,0,3.4954
5207,20,1,1,7,3,-2.26,0.05,1,0,3.4956
5208,121,11,11,27,10,12.255,0.05,1,0,3.4968
5209,27,0,0,7,4,-3.7725,0.05,1,0,3.497
5210,42,4,4,18,6,4.0675,0.05,1,0,3.4975
5211,113,4,4,22,12,3.725,0.05,1,0,3.4984
5212,48,1,1,5,7,-4.06,0.05,1,0,3.4987
5213,78,0,0,8,11,-5.18,0.05,1,0,3.4988
5214,87,0,0,3,12,-6.92,0.05,1,0,3.4992
5215,70,0,0,3,10,-6.625,0.05,1,0,3.4992
5216,41,2,2,9,6,-1.115,0.05,1,0,3.4998
5217,20,2,2,8,3,-0.91,0.05,1,0,3.5
5218,20,1,1,9,3,-1.3025,0.05,1,0,3.5003
5219,13,0,0,6,2,-3.4475,0.05,1,0,3.5005
5220,14,0,0,4,2,-4.125,0.05,1,0,3.5004
5221,20,3,3,8,3,0.29,0.05,1,0,3.5007
5222,5,0,0,2,1,-4.525,0.05,1,0,3.5009
5223,20,1,1,8,3,-1.71,0.05,1,0,3.501
5224,20,2,2,9,3,-0.46,0.05,1,0,3.5011
5225,20,1,1,6,3,-2.51,0.05,1,0,3.5013
5226,90,2,2,11,13,-2.1675,0.05,1,0,3.5018
5227,20,2,2,9,3,-0.71,0.05,1,0,3.502
5228,118,0,0,3,17,-8.3025,0.05,1,0,3.5025
5229,107,0,0,5,15,-7.14,0.05,1,0,3.503
5230,42,3,3,18,6,3.45,0.05,1,0,3.5035
5231,49,1,1,11,7,-1.7125,0.05,1,0,3.5037
5232,27,1,1,7,4,-2.4725,0.05,1,0,3.5039
5233,76,0,0,7,11,-5.21,0.05,1,0,3.504
5234,20,2,2,8,3,-1.01,0.05,1,0,3.5042
5235,50,2,2,14,7,0.685,0.05,1,0,3.5045
5236,57,0,0,4,8,-5.76,0.05,1,0,3.5044
5237,106,0,0,4,15,-7.465,0.05,1,0,3.5049
5238,42,1,1,5,6,-3.6675,0.05,1,0,3.5049
5239,22,1,1,9,3,-1.63,0.05,1,0,3.505
5240,20,1,1,5,3,-2.8025,0.05,1,0,3.5052
5241,107,0,0,4,15,-7.44,0.05,1,0,3.5054
5242,20,1,1,8,3,-1.96,0.05,1,0,3.5055
5243,20,3,3,9,3,0.89,0.05,1,0,3.5057
5244,34,3,3,19,5,3.6225,0.05,1,0,3.5059
5245,62,3,3,12,9,0.305,0.05,1,0,3.5065
5246,41,2,2,8,6,-1.4825,0.05,1,0,3.5068
5247,27,3,3,8,4,-0.1725,0.05,1,0,3.5071
5248,27,2,2,8,4,-1.065,0.05,1,0,3.5074
5249,55,0,0,5,8,-5.34,0.05,1,0,3.5078
5250,20,2,2,9,3,-0.56,0.05,1,0,3.5079
5251,27,1,1,10,4,-1.7725,0.05,1,0,3.5081
5252,20,3,3,6,3,-0.41,0.05,1,0,3.5083
5253,83,0,0,9,12,-4.965,0.05,1,0,3.5085
5254,34,2,2,10,5,-0.285,0.05,1,0,3.5084
5255,20,1,1,10,3,-1.1025,0.05,1,0,3.5086
5256,248,4,4,24,35,-1.1625,0.05,1,0,3.5093
5257,22,1,1,7,3,-2.33,0.05,1,0,3.5095
5258,62,1,1,13,9,-1.6275,0.05,1,0,3.5096
5259,20,2,2,10,3,-0.36,0.05,1,0,3.5098
5260,118,2,2,7,17,-4.3775,0.05,1,0,3.5101
5261,20,1,1,8,3,-1.91,0.05,1,0,3.5102
5262,6,0,0,3,1,-4.0025,0.05,1,0,3.5105
5263,21,3,3,10,3,0.9375,0.05,1,0,3.5108
5264,118,0,0,8,17,-6.6775,0.05,1,0,3.511
5265,20,3,3,7,3,0.19,0.05,1,0,3.5113
5266,28,2,2,7,4,-1.4325,0.05,1,0,3.5115
5267,20,2,2,7,3,-1.01,0.05,1,0,3.5118
5268,6,0,0,2,1,-4.635,0.05,1,0,3.5121
5269,28,1,1,5,4,-3.1325,0.05,1,0,3.5124
5270,41,1,1,12,6,-1.34,0.05,1,0,3.5126
5271,20,2,2,8,3,-0.76,0.05,1,0,3.5128
5272,42,2,2,8,6,-1.5675,0.05,1,0,3.5128
5273,217,0,0,6,31,-10.7125,0.05,1,0,3.513
5274,20,1,1,6,3,-2.61,0.05,1,0,3.5132
5275,27,0,0,4,4,-4.4725,0.05,1,0,3.5134
5276,13,0,0,5,2,-3.7975,0.05,1,0,3.5135
5277,27,1,1,7,4,-2.4725,0.05,1,0,3.5137
5278,20,2,2,10,3,-0.0525,0.05,1,0,3.5139
5279,126,2,2,11,18,-3.4925,0.05,1,0,3.5142
5280,5,0,0,4,1,-3.775,0.05,1,0,3.5143
5281,27,1,1,8,4,-2.3725,0.05,1,0,3.5145
5282,20,1,1,6,3,-2.56,0.05,1,0,3.5147
5283,184,6,6,20,9,5.0775,0.05,1,0,3.5151
5284,41,3,3,15,6,2.21,0.05,1,0,3.5156
5285,20,1,1,8,3,-1.91,0.05,1,0,3.5159
5286,28,0,0,4,4,-4.65,0.05,1,0,3.5159
5287,224,3,3,14,32,-4.135,0.05,1,0,3.5167
5288,34,2,2,12,5,0.065,0.05,1,0,3.517
5289,198,2,2,13,28,-5.4525,0.05,1,0,3.5177
5290,20,1,1,7,3,-2.16,0.05,1,0,3.5179
5291,27,1,1,8,4,-2.0725,0.05,1,0,3.518
5292,202,1,1,11,29,-7.6025,0.05,1,0,3.5183
5293,20,1,1,5,3,-2.91,0.05,1,0,3.5185
5294,168,0,0,9,24,-8.1225,0.05,1,0,3.5185
5295,81,7,7,23,11,8.105,0.05,1,0,3.5195
5296,34,1,1,10,5,-1.885,0.05,1,0,3.5197
5297,27,3,3,8,4,0.2275,0.05,1,0,3.5198
5298,140,2,2,12,20,-3.8575,0.05,1,0,3.5202
5299,62,0,0,6,9,-5.075,0.05,1,0,3.5205
5300,34,0,0,8,5,-3.385,0.05,1,0,3.5206
5301,66,6,6,21,6,7.1675,0.05,1,0,3.5212
5302,176,1,1,10,25,-6.595,0.05,1,0,3.5219
5303,35,0,0,4,5,-4.705,0.05,1,0,3.5224
5304,147,1,1,9,21,-6.09,0.05,1,0,3.5231
5305,20,1,1,6,3,-2.61,0.05,1,0,3.5234
5306,96,4,4,19,13,2.27,0.05,1,0,3.5238
5307,161,1,1,9,23,-6.72,0.05,1,0,3.524
5308,93,1,1,11,13,-3.3175,0.05,1,0,3.5242
5309,105,2,2,11,15,-2.73,0.05,1,0,3.5248
5310,13,0,0,5,2,-3.4475,0.05,1,0,3.5252
5311,22,2,2,8,3,-0.8225,0.05,1,0,3.5254
5312,55,2,2,8,8,-2.1225,0.05,1,0,3.5256
5313,20,2,2,8,3,-0.86,0.05,1,0,3.5258
5314,34,1,1,6,5,-3.0525,0.05,1,0,3.5265
5315,22,3,3,10,3,0.97,0.05,1,0,3.5267
5316,20,2,2,9,3,-0.51,0.05,1,0,3.5269
5317,193,1,1,6,27,-8.61,0.05,1,0,3.5273
5318,27,1,1,8,4,-2.1725,0.05,1,0,3.5275
5319,400,6,6,18,56,-1.465,0.05,0,1,3.5287
5320,20,3,3,9,3,0.54,0.05,1,0,3.5289
5321,41,0,0,5,6,-4.715,0.05,1,0,3.5294
5322,160,5,5,15,23,0.1225,0.05,1,0,3.5298
5323,63,0,0,5,9,-5.495,0.05,1,0,3.5301
5324,20,0,0,4,3,-4.4275,0.05,1,0,3.5305
5325,125,2,2,12,18,-3.0625,0.05,1,0,3.5308
5326,7,0,0,3,1,-4.1625,0.05,1,0,3.5308
5327,20,1,1,9,3,-1.46,0.05,1,0,3.531
5328,20,1,1,8,3,-1.91,0.05,1,0,3.5313
5329,41,1,1,8,6,-2.6975,0.05,1,0,3.5315
5330,36,2,2,8,5,-1.355,0.05,1,0,3.532
5331,20,1,1,7,3,-2.06,0.05,1,0,3.5322
5332,400,5,5,19,38,1.6825,0.05,0,1,3.5335
5333,42,3,3,14,6,1.5325,0.05,1,0,3.5341
5334,21,2,2,6,3,-1.47,0.05,1,0,3.5344
5335,200,2,2,9,28,-6.8975,0.05,1,0,3.5345
5336,113,1,1,8,16,-5.2525,0.05,1,0,3.5346
5337,36,4,4,13,5,2.745,0.05,1,0,3.5348
5338,20,3,3,9,3,0.69,0.05,1,0,3.535
5339,135,6,6,25,8,7.65,0.05,1,0,3.5355
5340,22,1,1,5,3,-2.93,0.05,1,0,3.5357
5341,65,0,0,9,9,-4.115,0.05,1,0,3.5359
5342,20,1,1,7,3,-2.31,0.05,1,0,3.5361
5343,28,0,0,7,4,-3.5325,0.05,1,0,3.5362
5344,35,1,1,7,5,-2.795,0.05,1,0,3.5364
5345,28,0,0,9,4,-3.0325,0.05,1,0,3.5366
5346,27,1,1,8,4,-1.8225,0.05,1,0,3.5367
5347,35,0,0,9,5,-3.1975,0.05,1,0,3.5367
5348,48,2,2,10,7,-1.17,0.05,1,0,3.5373
5349,69,0,0,5,10,-5.89,0.05,1,0,3.5376
5350,14,0,0,7,2,-3.0575,0.05,1,0,3.5376
5351,63,0,0,4,9,-5.9375,0.05,1,0,3.5379
5352,20,0,0,9,3,-2.71,0.05,1,0,3.5381
5353,27,2,2,8,4,-0.9225,0.05,1,0,3.5383
5354,28,0,0,10,4,-2.315,0.05,1,0,3.5386
5355,42,0,0,5,6,-4.9675,0.05,1,0,3.5387
5356,104,0,0,7,15,-6.4425,0.05,1,0,3.5389
5357,231,7,7,30,19,5.8875,0.05,1,0,3.5399
5358,41,0,0,5,6,-4.815,0.05,1,0,3.5404
5359,62,2,2,19,9,1.3875,0.05,1,0,3.5407
5360,90,1,1,8,13,-4.445,0.05,1,0,3.5413
5361,28,2,2,11,4,-0.1825,0.05,1,0,3.5416
5362,43,1,1,8,6,-2.81,0.05,1,0,3.5419
5363,27,0,0,4,4,-4.49,0.05,1,0,3.5423
5364,34,2,2,7,5,-1.275,0.05,1,0,3.5426
5365,133,1,1,10,19,-5.47,0.05,1,0,3.5427
5366,41,5,5,15,6,3.81,0.05,1,0,3.5431
5367,85,4,4,12,12,0.325,0.05,1,0,3.5435
5368,79,2,2,12,11,-1.69,0.05,1,0,3.5439
5369,51,3,3,12,7,0.85,0.05,1,0,3.5439
5370,77,0,0,6,11,-5.87,0.05,1,0,3.5442
5371,181,4,4,15,26,-1.88,0.05,1,0,3.5445
5372,21,1,1,9,3,-1.72,0.05,1,0,3.5447
5373,34,0,0,4,5,-4.7525,0.05,1,0,3.5451
5374,125,2,2,13,18,-3.24,0.05,1,0,3.5455
5375,57,1,1,8,8,-3.1425,0.05,1,0,3.5456
5376,125,0,0,5,18,-7.94,0.05,1,0,3.5461
5377,23,2,2,10,3,-0.09,0.05,1,0,3.5462
5378,245,1,1,7,35,-9.875,0.05,1,0,3.5464
5379,20,3,3,9,3,0.74,0.05,1,0,3.5466
5380,20,1,1,8,3,-1.51,0.05,1,0,3.5466
5381,21,2,2,9,3,-0.57,0.05,1,0,3.5468
5382,20,1,1,9,3,-1.71,0.05,1,0,3.547
5383,20,2,2,7,3,-1.01,0.05,1,0,3.5472
5384,20,1,1,8,3,-1.66,0.05,1,0,3.5473
5385,20,0,0,8,3,-3.16,0.05,1,0,3.5475
5386,27,2,2,9,4,-0.555,0.05,1,0,3.5481
5387,400,4,4,13,57,-5.73,0.05,0,1,3.5486
5388,84,0,0,5,12,-6.4425,0.05,1,0,3.5486
5389,400,4,4,21,54,-3.705,0.05,0,1,3.5494
5390,28,0,0,4,4,-4.45,0.05,1,0,3.5494
5391,79,4,4,15,11,1.7775,0.05,1,0,3.5505
5392,400,10,10,25,15,13.8075,0.05,0,1,3.5516
5393,7,0,0,2,1,-4.4625,0.05,1,0,3.5516
5394,55,1,1,7,8,-3.34,0.05,1,0,3.5521
5395,27,1,1,8,4,-2.2225,0.05,1,0,3.5523
5396,147,4,4,18,18,-0.3525,0.05,1,0,3.5527
5397,41,3,3,11,6,0.56,0.05,1,0,3.5531
5398,20,1,1,5,3,-2.71,0.05,1,0,3.5533
5399,34,1,1,7,5,-2.735,0.05,1,0,3.5535
5400,34,3,3,14,5,1.7225,0.05,1,0,3.5538
5401,241,3,3,16,27,-6.7,0.05,1,0,3.5539
5402,28,0,0,5,4,-4.25,0.05,1,0,3.5544
5403,27,1,1,9,4,-1.965,0.05,1,0,3.5547
5404,70,1,1,11,10,-2.8,0.05,1,0,3.555
5405,20,1,1,10,3,-1.21,0.05,1,0,3.5552
5406,155,0,0,8,22,-8.0175,0.05,1,0,3.5559
5407,76,1,1,8,11,-3.9025,0.05,1,0,3.5561
5408,27,1,1,8,4,-2.2225,0.05,1,0,3.5564
5409,34,1,1,7,5,-2.835,0.05,1,0,3.5566
5410,27,3,3,6,4,-0.5225,0.05,1,0,3.5569
5411,58,3,3,12,8,0.355,0.05,1,0,3.5574
5412,43,2,2,13,6,-0.235,0.05,1,0,3.5578
5413,77,1,1,10,11,-3.2525,0.05,1,0,3.5583
5414,56,1,1,7,8,-3.6,0.05,1,0,3.5583
5415,400,6,6,25,14,8.3775,0.05,0,1,3.5591
5416,20,2,2,8,3,-0.61,0.05,1,0,3.5593
5417,22,1,1,7,3,-2.2225,0.05,1,0,3.5595
5418,50,1,1,8,7,-2.98,0.05,1,0,3.5597
5419,113,1,1,6,16,-5.735,0.05,1,0,3.5601
5420,83,0,0,9,12,-5.015,0.05,1,0,3.5603
5421,62,1,1,8,9,-3.385,0.05,1,0,3.5606
5422,20,1,1,8,3,-1.81,0.05,1,0,3.5609
5423,118,1,1,11,17,-4.4775,0.05,1,0,3.561
5424,27,2,2,8,4,-1.2725,0.05,1,0,3.5613
5425,20,0,0,8,3,-2.81,0.05,1,0,3.5614
5426,20,2,2,8,3,-0.56,0.05,1,0,3.5614
5427,119,2,2,11,17,-3.695,0.05,1,0,3.5616
5428,20,1,1,5,3,-2.71,0.05,1,0,3.5618
5429,358,0,0,12,51,-14.01,0.05,1,0,3.5622
5430,76,1,1,5,11,-4.7525,0.05,1,0,3.5624
5431,41,1,1,4,6,-3.84,0.05,1,0,3.5618
5432,7,0,0,2,1,-4.4625,0.05,1,0,3.5622
5433,105,2,2,12,15,-2.355,0.05,1,0,3.5625
5434,8,0,0,3,1,-4.1225,0.05,1,0,3.5624
5435,27,1,1,8,4,-2.0975,0.05,1,0,3.5628
5436,27,2,2,8,4,-1.0225,0.05,1,0,3.563
5437,20,1,1,9,3,-1.4025,0.05,1,0,3.5632
5438,34,0,0,4,5,-4.935,0.05,1,0,3.5635
5439,49,0,0,5,7,-4.86,0.05,1,0,3.5637
5440,20,1,1,6,3,-2.21,0.05,1,0,3.5639
5441,96,0,0,5,13,-6.7125,0.05,1,0,3.5639
5442,400,12,12,29,22,14.2525,0.05,0,1,3.566
5443,400,1,1,11,52,-10.725,0.05,0,1,3.566
5444,55,2,2,21,8,2.65,0.05,1,0,3.5663
5445,278,5,5,17,11,2.1075,0.05,1,0,3.5672
5446,20,2,2,9,3,-0.41,0.05,1,0,3.5674
5447,6,0,0,2,1,-4.4025,0.05,1,0,3.5678
5448,196,2,2,16,28,-4.26,0.05,1,0,3.5685
5449,27,1,1,8,4,-2.1725,0.05,1,0,3.5687
5450,90,1,1,6,13,-5.2275,0.05,1,0,3.569
5451,105,4,4,9,15,-1.1525,0.05,1,0,3.5695
5452,321,5,5,19,34,-2.065,0.05,1,0,3.5709
5453,27,1,1,8,4,-2.0825,0.05,1,0,3.5713
5454,139,2,2,8,20,-5.1725,0.05,1,0,3.5715
5455,186,0,0,8,26,-9.0475,0.05,1,0,3.5718
5456,63,0,0,3,9,-6.3625,0.05,1,0,3.5718
5457,20,1,1,9,3,-1.5025,0.05,1,0,3.5721
5458,20,1,1,7,3,-2.11,0.05,1,0,3.5723
5459,185,3,3,18,10,0.7575,0.05,1,0,3.5733
5460,20,2,2,9,3,-0.51,0.05,1,0,3.5735
5461,21,0,0,9,3,-2.46,0.05,1,0,3.5735
5462,20,1,1,9,3,-1.6025,0.05,1,0,3.5739
5463,41,4,5,18,6,5.31,0.05,1,0,3.5742
5464,233,2,2,9,33,-8.2525,0.05,1,0,3.575
5465,42,0,0,6,6,-4.475,0.05,1,0,3.5754
5466,58,1,1,10,8,-2.8025,0.05,1,0,3.5756
5467,104,1,1,9,15,-4.56,0.05,1,0,3.5757
5468,134,1,1,7,19,-6.54,0.05,1,0,3.5759
5469,27,2,2,10,4,-0.3725,0.05,1,0,3.5762
5470,184,0,0,3,26,-10.645,0.05,1,0,3.5766
5471,167,0,0,9,24,-8.1225,0.05,1,0,3.5767
5472,27,2,2,9,4,-0.6725,0.05,1,0,3.577
5473,50,2,2,19,7,2.035,0.05,1,0,3.5773
5474,258,3,3,15,37,-5.85,0.05,1,0,3.5777
5475,20,1,1,8,3,-1.96,0.05,1,0,3.5779
5476,21,2,2,8,3,-0.51,0.05,1,0,3.578
5477,400,5,5,13,33,-0.005,0.05,0,1,3.5793
5478,23,0,0,5,3,-4.1075,0.05,1,0,3.5793
5479,48,2,2,7,7,-2.16,0.05,1,0,3.5795
5480,27,3,3,9,4,0.5775,0.05,1,0,3.5797
5481,20,1,1,7,3,-2.21,0.05,1,0,3.58
5482,34,4,4,13,5,2.615,0.05,1,0,3.5803
5483,120,2,2,10,17,-3.9075,0.05,1,0,3.5809
5484,20,0,0,7,3,-3.41,0.05,1,0,3.5811
5485,97,1,1,7,14,-4.975,0.05,1,0,3.5815
5486,140,1,1,9,20,-6.025,0.05,1,0,3.5816
5487,108,4,4,20,15,2.5675,0.05,1,0,3.582
5488,27,1,1,8,4,-2.0725,0.05,1,0,3.5822
5489,27,0,0,4,4,-4.5725,0.05,1,0,3.5825
5490,20,0,0,4,3,-4.3275,0.05,1,0,3.5829
5491,73,3,3,16,8,1.9625,0.05,1,0,3.5833
5492,104,1,1,10,15,-4.0925,0.05,1,0,3.5835
5493,56,4,4,17,8,3.225,0.05,1,0,3.584
5494,34,3,3,9,5,0.215,0.05,1,0,3.5845
5495,41,0,0,6,6,-4.1975,0.05,1,0,3.5847
5496,291,0,0,9,41,-12.4025,0.05,1,0,3.5848
5497,28,1,1,8,4,-2.1325,0.05,1,0,3.585
5498,14,0,0,5,2,-3.7075,0.05,1,0,3.5852
5499,42,3,3,18,6,3.0,0.05,1,0,3.5854
5500,367,0,0,10,52,-15.0375,0.05,1,0,3.5858
5501,116,4,4,14,11,-0.3025,0.05,1,0,3.587
5502,62,5,5,19,9,4.7225,0.05,1,0,3.5875
5503,154,1,1,4,22,-8.0675,0.05,1,0,3.5876
5504,105,1,1,12,15,-3.73,0.05,1,0,3.5877
5505,20,0,0,8,3,-2.86,0.05,1,0,3.5878
5506,56,1,1,5,8,-4.0,0.05,1,0,3.5884
5507,27,2,2,12,4,0.6275,0.05,1,0,3.5887
5508,20,1,1,7,3,-2.16,0.05,1,0,3.5889
5509,400,4,4,19,25,2.535,0.05,0,1,3.5894
5510,93,2,2,8,13,-3.4225,0.05,1,0,3.5895
5511,41,0,0,5,6,-4.79,0.05,1,0,3.5898
5512,56,0,0,8,8,-4.2825,0.05,1,0,3.59
5513,224,2,2,9,32,-7.665,0.05,1,0,3.5902
5514,23,0,0,7,3,-3.0725,0.05,1,0,3.5903
5515,20,2,2,7,3,-1.1525,0.05,1,0,3.5907
5516,34,0,0,8,5,-3.275,0.05,1,0,3.5907
5517,56,0,0,5,8,-5.4,0.05,1,0,3.5907
5518,21,1,1,9,3,-1.38,0.05,1,0,3.5907
5519,27,2,2,9,4,-0.7725,0.05,1,0,3.5909
5520,203,2,2,14,29,-5.505,0.05,1,0,3.5914
5521,34,0,0,5,5,-4.335,0.05,1,0,3.5919
5522,266,0,0,8,38,-11.905,0.05,1,0,3.5919
5523,140,4,4,19,19,1.615,0.05,1,0,3.592
5524,126,2,2,7,18,-4.8175,0.05,1,0,3.5926
5525,69,0,0,4,10,-6.0975,0.05,1,0,3.5928
5526,191,0,0,5,27,-10.07,0.05,1,0,3.5926
5527,27,2,2,8,4,-0.965,0.05,1,0,3.593
5528,20,2,2,9,3,-0.46,0.05,1,0,3.5932
5529,27,2,2,9,4,-0.815,0.05,1,0,3.5933
5530,20,2,2,9,3,-0.26,0.05,1,0,3.5935
5531,119,0,0,5,17,-7.655,0.05,1,0,3.5935
5532,27,3,3,7,4,-0.4225,0.05,1,0,3.5937
5533,400,7,7,20,16,7.1025,0.05,0,1,3.595
5534,69,1,1,10,10,-3.2475,0.05,1,0,3.5951
5535,20,3,3,10,3,0.89,0.05,1,0,3.5953
5536,20,1,1,6,3,-2.61,0.05,1,0,3.5956
5537,57,1,1,5,8,-4.2525,0.05,1,0,3.5962
5538,27,2,2,9,4,-0.5725,0.05,1,0,3.5964
5539,83,1,1,10,12,-3.3725,0.05,1,0,3.5964
5540,104,3,3,12,15,-0.9025,0.05,1,0,3.5958
5541,204,0,0,2,29,-11.665,0.05,1,0,3.5958
5542,55,5,5,26,8,7.5925,0.05,1,0,3.5962
5543,41,0,0,5,6,-4.7975,0.05,1,0,3.5965
5544,29,3,3,9,4,0.2575,0.05,1,0,3.5967
5545,400,11,11,32,38,10.9825,0.05,0,1,3.5988
5546,156,3,3,7,22,-4.92,0.05,1,0,3.5992
5547,70,4,4,11,10,0.575,0.05,1,0,3.5998
5548,48,0,0,5,7,-4.96,0.05,1,0,3.5999
5549,151,3,3,9,21,-3.7175,0.05,1,0,3.6005
5550,27,2,2,8,4,-0.905,0.05,1,0,3.6007
5551,51,7,7,23,7,8.825,0.05,1,0,3.6016
5552,27,1,1,6,4,-2.7725,0.05,1,0,3.6018
5553,148,5,5,15,21,0.1525,0.05,1,0,3.6026
5554,120,0,0,7,17,-6.7975,0.05,1,0,3.6028
5555,20,0,0,5,3,-3.9275,0.05,1,0,3.6032
5556,34,2,2,8,5,-1.0775,0.05,1,0,3.6037
5557,20,1,1,8,3,-1.81,0.05,1,0,3.604
5558,20,2,2,7,3,-1.06,0.05,1,0,3.6043
5559,150,2,2,10,21,-4.965,0.05,1,0,3.6044
5560,20,1,1,7,3,-2.11,0.05,1,0,3.6046
5561,41,2,2,13,6,0.06,0.05,1,0,3.6047
5562,27,0,0,6,4,-4.065,0.05,1,0,3.6052
5563,36,0,0,4,5,-4.8725,0.05,1,0,3.6056
5564,27,1,1,9,4,-1.6725,0.05,1,0,3.6056
5565,27,1,1,9,4,-1.9225,0.05,1,0,3.6058
5566,13,0,0,6,2,-3.2975,0.05,1,0,3.6058
5567,41,1,1,6,6,-3.215,0.05,1,0,3.6063
5568,20,1,1,6,3,-2.41,0.05,1,0,3.6065
5569,20,3,3,8,3,0.44,0.05,1,0,3.6067
5570,20,1,1,6,3,-2.46,0.05,1,0,3.607
5571,49,3,3,16,7,2.0875,0.05,1,0,3.6072
5572,85,0,0,4,12,-6.695,0.05,1,0,3.6074
5573,106,0,0,3,15,-7.8825,0.05,1,0,3.6076
5574,5,0,0,3,1,-4.075,0.05,1,0,3.6077
5575,84,0,0,8,12,-5.065,0.05,1,0,3.6079
5576,48,1,1,6,7,-3.5775,0.05,1,0,3.6084
5577,318,2,2,14,45,-9.4425,0.05,1,0,3.6091
5578,20,1,1,7,3,-2.21,0.05,1,0,3.6093
5579,27,3,3,12,4,1.435,0.05,1,0,3.6096
5580,20,1,1,6,3,-2.41,0.05,1,0,3.6098
5581,34,2,2,5,5,-2.335,0.05,1,0,3.6101
5582,126,4,4,13,18,-0.5425,0.05,1,0,3.6106
5583,21,0,0,4,3,-4.3875,0.05,1,0,3.6105
5584,48,0,0,9,7,-3.96,0.05,1,0,3.6107
5585,74,3,3,22,10,3.3925,0.05,1,0,3.6112
5586,27,2,2,8,4,-1.0725,0.05,1,0,3.6115
5587,20,3,3,7,3,0.09,0.05,1,0,3.6118
5588,34,1,1,8,5,-2.635,0.05,1,0,3.6119
5589,98,0,0,4,14,-7.04,0.05,1,0,3.612
5590,69,0,0,4,10,-6.1575,0.05,1,0,3.6125
5591,72,1,1,9,10,-3.37,0.05,1,0,3.6127
5592,20,1,1,7,3,-2.12,0.05,1,0,3.6131
5593,34,2,2,13,5,0.3225,0.05,1,0,3.6133
5594,55,0,0,3,8,-5.815,0.05,1,0,3.6138
5595,6,0,0,1,1,-4.835,0.05,1,0,3.6141
5596,41,3,3,17,6,2.3925,0.05,1,0,3.6146
5597,20,0,0,5,3,-4.01,0.05,1,0,3.6149
5598,20,1,1,9,3,-1.71,0.05,1,0,3.615
5599,69,4,4,15,10,2.31,0.05,1,0,3.6152
5600,104,0,0,9,15,-5.7525,0.05,1,0,3.6155
5601,71,0,0,8,10,-4.8675,0.05,1,0,3.6156
5602,21,0,0,4,3,-4.1875,0.05,1,0,3.6156
5603,400,0,0,5,57,-12.845,0.05,0,1,3.6155
5604,20,1,1,5,3,-2.8525,0.05,1,0,3.6158
5605,20,1,1,7,3,-1.91,0.05,1,0,3.6159
5606,55,0,0,5,8,-5.0725,0.05,1,0,3.6161
5607,27,3,3,10,4,0.935,0.05,1,0,3.6165
5608,48,1,1,7,7,-3.3025,0.05,1,0,3.6168
5609,27,1,1,9,4,-1.6225,0.05,1,0,3.6169
5610,20,1,1,7,3,-2.21,0.05,1,0,3.6171
5611,361,2,2,12,50,-11.62,0.05,1,0,3.6177
5612,21,1,1,7,3,-2.1125,0.05,1,0,3.6181
5613,21,0,0,9,3,-2.67,0.05,1,0,3.6182
5614,27,2,2,10,4,0.035,0.05,1,0,3.6185
5615,20,2,2,9,3,-0.41,0.05,1,0,3.6187
5616,27,1,1,9,4,-1.6725,0.05,1,0,3.6188
5617,202,2,2,16,29,-4.8775,0.05,1,0,3.6191
5618,56,2,2,13,8,-0.01,0.05,1,0,3.6194
5619,99,2,2,14,14,-1.3525,0.05,1,0,3.6198
5620,153,0,0,5,22,-8.99,0.05,1,0,3.6204
5621,20,1,1,7,3,-2.16,0.05,1,0,3.6205
5622,119,0,0,8,17,-6.645,0.05,1,0,3.6206
5623,28,0,0,6,4,-3.9325,0.05,1,0,3.6208
5624,27,0,0,3,4,-4.99,0.05,1,0,3.6213
5625,35,0,0,5,5,-4.6125,0.05,1,0,3.6212
5626,55,1,1,8,8,-3.315,0.05,1,0,3.6215
5627,20,2,2,8,3,-0.91,0.05,1,0,3.6217
5628,22,2,2,12,3,0.8275,0.05,1,0,3.6219
5629,27,1,1,6,4,-2.89,0.05,1,0,3.6223
5630,104,1,1,13,15,-3.16,0.05,1,0,3.6225
5631,42,4,4,14,6,2.7425,0.05,1,0,3.6227
5632,200,1,1,8,28,-8.3475,0.05,1,0,3.6231
5633,27,2,2,9,4,-0.7225,0.05,1,0,3.6233
5634,55,3,3,9,8,-0.4225,0.05,1,0,3.6236
5635,27,2,2,12,4,0.7275,0.05,1,0,3.6239
5636,20,2,2,8,3,-0.81,0.05,1,0,3.6241
5637,20,1,1,8,3,-2.01,0.05,1,0,3.6243
5638,20,2,2,9,3,-0.51,0.05,1,0,3.6244
5639,100,1,1,9,14,-4.1875,0.05,1,0,3.6245
5640,42,0,0,4,6,-5.175,0.05,1,0,3.6244
5641,20,2,2,10,3,-0.21,0.05,1,0,3.6246
5642,186,3,3,15,26,-3.1425,0.05,1,0,3.625
5643,13,0,0,3,2,-4.3475,0.05,1,0,3.6251
5644,295,1,1,8,42,-11.77,0.05,1,0,3.6261
5645,48,3,3,17,7,2.605,0.05,1,0,3.6265
5646,7,0,0,3,1,-4.0625,0.05,1,0,3.6265
5647,63,0,0,2,9,-6.6625,0.05,1,0,3.6265
5648,27,4,4,10,4,1.835,0.05,1,0,3.6267
5649,27,1,1,8,4,-2.3725,0.05,1,0,3.6269
5650,56,0,0,4,8,-5.6925,0.05,1,0,3.627
5651,55,1,1,6,8,-3.9225,0.05,1,0,3.6272
5652,14,0,0,5,2,-3.9175,0.05,1,0,3.6273
5653,295,1,1,19,42,-8.23,0.05,1,0,3.628
5654,20,1,1,8,3,-1.96,0.05,1,0,3.6281
5655,35,1,1,8,5,-2.405,0.05,1,0,3.6282
5656,27,1,1,9,4,-1.9225,0.05,1,0,3.6284
5657,154,0,0,7,22,-8.3475,0.05,1,0,3.6284
5658,83,2,2,12,12,-1.675,0.05,1,0,3.6292
5659,76,1,1,7,11,-4.31,0.05,1,0,3.6294
5660,20,1,1,8,3,-1.96,0.05,1,0,3.6296
5661,29,0,0,9,4,-3.0925,0.05,1,0,3.6297
5662,38,5,5,14,5,3.8425,0.05,1,0,3.6303
5663,21,2,2,10,3,-0.12,0.05,1,0,3.6303
5664,52,5,5,14,6,3.64,0.05,1,0,3.6307
5665,21,1,1,7,3,-2.27,0.05,1,0,3.6309
5666,70,1,1,10,10,-3.0075,0.05,1,0,3.631
5667,34,0,0,9,5,-3.135,0.05,1,0,3.6311
5668,93,1,1,9,13,-4.11,0.05,1,0,3.6315
5669,134,8,8,17,9,6.8525,0.05,1,0,3.6325
5670,7,0,0,3,1,-4.2625,0.05,1,0,3.6325
5671,28,1,1,8,4,-2.1325,0.05,1,0,3.6326
5672,136,1,1,6,19,-6.6525,0.05,1,0,3.6333
5673,188,2,2,13,27,-5.3,0.05,1,0,3.6336
5674,20,2,2,7,3,-1.3025,0.05,1,0,3.6338
5675,27,1,1,9,4,-2.0725,0.05,1,0,3.634
5676,125,1,1,7,18,-6.1475,0.05,1,0,3.6342
5677,34,0,0,3,5,-5.035,0.05,1,0,3.6346
5678,23,0,0,7,3,-3.34,0.05,1,0,3.6348
5679,78,0,0,5,11,-6.2475,0.05,1,0,3.6348
5680,20,2,2,8,3,-0.91,0.05,1,0,3.635
5681,365,6,6,20,42,-2.4225,0.05,1,0,3.6361
5682,20,2,2,8,3,-0.91,0.05,1,0,3.6363
5683,23,1,1,8,3,-1.74,0.05,1,0,3.6365
5684,42,1,1,7,6,-2.8675,0.05,1,0,3.6366
5685,5,0,0,4,1,-3.875,0.05,1,0,3.6367
5686,42,3,4,14,6,2.55,0.05,1,0,3.6368
5687,91,0,0,9,13,-5.195,0.05,1,0,3.6369
5688,36,3,3,12,5,1.395,0.05,1,0,3.6371
5689,43,0,0,7,6,-4.21,0.05,1,0,3.6375
5690,366,6,6,20,39,-1.755,0.05,1,0,3.6391
5691,62,7,7,24,9,8.83,0.05,1,0,3.6396
5692,27,4,4,11,4,2.185,0.05,1,0,3.6399
5693,7,0,0,3,1,-4.2625,0.05,1,0,3.6399
5694,34,3,3,12,5,1.5225,0.05,1,0,3.6405
5695,7,0,0,3,1,-4.1625,0.05,1,0,3.6404
5696,149,1,1,8,21,-6.725,0.05,1,0,3.6411
5697,35,2,2,11,5,-0.005,0.05,1,0,3.6411
5698,56,0,0,5,8,-5.3925,0.05,1,0,3.6412
5699,48,0,0,6,7,-4.66,0.05,1,0,3.6414
5700,21,3,3,9,3,0.53,0.05,1,0,3.6416
5701,34,2,2,15,5,1.0225,0.05,1,0,3.6417
5702,151,2,2,14,21,-3.105,0.05,1,0,3.6418
5703,20,2,2,9,3,-0.36,0.05,1,0,3.6419
5704,124,4,4,17,17,1.0625,0.05,1,0,3.6421
5705,400,6,6,23,30,6.1975,0.05,0,1,3.6432
5706,34,4,4,16,5,3.4225,0.05,1,0,3.6436
5707,20,2,2,7,3,-1.31,0.05,1,0,3.6438
5708,192,1,1,9,27,-7.7525,0.05,1,0,3.6444
5709,63,1,1,8,9,-3.3625,0.05,1,0,3.6449
5710,13,0,0,4,2,-3.7375,0.05,1,0,3.6449
5711,126,0,0,5,18,-7.9075,0.05,1,0,3.6449
5712,28,0,0,5,4,-4.25,0.05,1,0,3.6449
5713,119,4,4,15,17,0.2675,0.05,1,0,3.6452
5714,22,2,2,8,3,-0.63,0.05,1,0,3.6454
5715,20,3,3,9,3,0.84,0.05,1,0,3.6457
5716,79,0,0,5,11,-6.1,0.05,1,0,3.6458
5717,58,1,1,7,8,-3.4125,0.05,1,0,3.6462
5718,34,3,3,14,5,1.6225,0.05,1,0,3.6463
5719,20,1,1,6,3,-2.5,0.05,1,0,3.6464
5720,28,1,1,11,4,-1.225,0.05,1,0,3.6466
5721,27,1,1,9,4,-1.9225,0.05,1,0,3.6468
5722,43,3,3,14,6,1.44,0.05,1,0,3.6471
5723,27,2,2,8,4,-1.165,0.05,1,0,3.6474
5724,105,0,0,1,15,-8.43,0.05,1,0,3.6475
5725,92,2,2,8,13,-3.3575,0.05,1,0,3.6476
5726,20,1,1,10,3,-1.3025,0.05,1,0,3.6479
5727,148,2,2,6,21,-5.94,0.05,1,0,3.6483
5728,7,0,0,2,1,-4.5625,0.05,1,0,3.6483
5729,162,1,1,12,23,-5.5125,0.05,1,0,3.6482
5730,20,2,2,8,3,-0.96,0.05,1,0,3.6484
5731,20,2,2,8,3,-0.86,0.05,1,0,3.6485
5732,27,0,0,4,4,-4.5725,0.05,1,0,3.6488
5733,29,2,2,10,4,0.015,0.05,1,0,3.6489
5734,341,4,4,15,35,-4.7075,0.05,1,0,3.6494
5735,62,1,1,5,9,-4.535,0.05,1,0,3.6497
5736,112,2,2,11,16,-2.8925,0.05,1,0,3.6502
5737,20,1,1,7,3,-2.16,0.05,1,0,3.6504
5738,21,0,0,2,3,-5.07,0.05,1,0,3.6507
5739,400,4,4,17,42,-1.205,0.05,0,1,3.6515
5740,28,1,1,9,4,-2.1325,0.05,1,0,3.6517
5741,20,2,2,6,3,-1.51,0.05,1,0,3.6519
5742,77,1,1,7,11,-4.47,0.05,1,0,3.6521
5743,400,3,3,15,26,-0.7475,0.05,0,1,3.6525
5744,27,1,1,9,4,-1.6125,0.05,1,0,3.6525
5745,6,0,0,3,1,-4.0025,0.05,1,0,3.6528
5746,27,2,2,12,4,0.345,0.05,1,0,3.653
5747,135,0,0,3,19,-8.7975,0.05,1,0,3.6529
5748,187,11,11,32,25,12.165,0.05,1,0,3.6537
5749,41,0,0,4,6,-5.115,0.05,1,0,3.6542
5750,125,0,0,8,18,-6.8475,0.05,1,0,3.6544
5751,75,1,1,9,10,-3.425,0.05,1,0,3.6549
5752,20,3,3,8,3,0.29,0.05,1,0,3.6551
5753,34,3,3,19,5,3.6225,0.05,1,0,3.6553
5754,14,0,0,8,2,-2.8575,0.05,1,0,3.6553
5755,147,3,3,17,21,-1.1625,0.05,1,0,3.656
5756,6,0,0,2,1,-4.5025,0.05,1,0,3.6564
5757,73,4,4,19,10,3.42,0.05,1,0,3.657
5758,77,1,1,10,11,-3.07,0.05,1,0,3.6573
5759,7,0,0,3,1,-4.0625,0.05,1,0,3.6576
5760,20,1,1,7,3,-2.11,0.05,1,0,3.6577
5761,70,0,0,9,10,-4.7,0.05,1,0,3.6579
5762,27,1,1,13,4,-0.105,0.05,1,0,3.6581
5763,20,1,1,6,3,-2.5025,0.05,1,0,3.6585
5764,106,5,5,24,14,5.0275,0.05,1,0,3.6593
5765,27,1,1,10,4,-1.465,0.05,1,0,3.6595
5766,20,2,2,8,3,-0.71,0.05,1,0,3.6597
5767,105,1,1,5,15,-5.9375,0.05,1,0,3.6597
5768,62,2,2,7,9,-2.835,0.05,1,0,3.6599
5769,36,3,3,16,5,2.51,0.05,1,0,3.66
5770,28,0,0,6,4,-3.8825,0.05,1,0,3.6602
5771,67,4,4,17,9,2.9725,0.05,1,0,3.6605
5772,36,0,0,12,5,-2.2875,0.05,1,0,3.6609
5773,43,0,0,6,6,-4.635,0.05,1,0,3.6609
5774,249,2,2,16,24,-4.055,0.05,1,0,3.6608
5775,400,8,8,22,20,10.6525,0.05,0,1,3.6616
5776,400,2,2,7,57,-9.745,0.05,0,1,3.6621
5777,397,4,4,16,56,-9.435,0.05,1,0,3.6628
5778,27,1,1,6,4,-2.8725,0.05,1,0,3.663
5779,307,1,1,9,43,-12.0225,0.05,1,0,3.6633
5780,105,0,0,8,15,-6.12,0.05,1,0,3.6634
5781,347,8,8,27,31,5.195,0.05,1,0,3.6647
5782,35,0,0,7,5,-3.895,0.05,1,0,3.6648
5783,362,2,2,11,51,-12.1725,0.05,1,0,3.6649
5784,20,2,2,9,3,-0.46,0.05,1,0,3.6651
5785,20,0,0,3,3,-4.81,0.05,1,0,3.6654
5786,20,2,2,10,3,0.0475,0.05,1,0,3.6656
5787,41,3,3,17,6,2.66,0.05,1,0,3.6657
5788,112,1,1,12,16,-3.575,0.05,1,0,3.6658
5789,72,1,1,8,10,-3.9275,0.05,1,0,3.666
5790,20,2,2,7,3,-0.91,0.05,1,0,3.6662
5791,20,1,1,9,3,-1.41,0.05,1,0,3.6664
5792,77,0,0,2,11,-7.18,0.05,1,0,3.6665
5793,42,2,2,8,6,-1.6575,0.05,1,0,3.6668
5794,400,8,8,26,37,7.1325,0.05,0,1,3.6681
5795,49,0,0,5,7,-5.03,0.05,1,0,3.6682
5796,6,0,0,3,1,-4.2025,0.05,1,0,3.6685
5797,20,2,2,4,3,-2.11,0.05,1,0,3.6687
5798,20,2,2,8,3,-1.01,0.05,1,0,3.6689
5799,114,6,6,28,16,7.8625,0.05,1,0,3.6698
5800,42,4,4,15,6,2.85,0.05,1,0,3.6703
5801,21,3,3,9,3,0.43,0.05,1,0,3.6706
5802,20,2,2,10,3,-0.01,0.05,1,0,3.6707
5803,27,0,0,7,4,-3.4725,0.05,1,0,3.6709
5804,55,0,0,3,8,-5.94,0.05,1,0,3.6713
5805,20,2,2,7,3,-0.81,0.05,1,0,3.6715
5806,20,1,1,8,3,-1.76,0.05,1,0,3.6717
5807,13,0,0,3,2,-4.365,0.05,1,0,3.672
5808,14,0,0,6,2,-3.3575,0.05,1,0,3.6721
5809,105,0,0,4,15,-7.215,0.05,1,0,3.6727
5810,41,2,2,13,6,-0.04,0.05,1,0,3.6729
5811,72,0,0,4,10,-6.245,0.05,1,0,3.6728
5812,42,0,0,6,6,-4.575,0.05,1,0,3.6728
5813,148,3,3,11,21,-3.5575,0.05,1,0,3.6732
5814,13,0,0,3,2,-4.4975,0.05,1,0,3.6735
5815,20,1,1,8,3,-1.81,0.05,1,0,3.6736
5816,111,1,1,6,16,-5.815,0.05,1,0,3.6738
5817,262,0,0,14,37,-9.4575,0.05,1,0,3.674
5818,20,3,3,8,3,0.29,0.05,1,0,3.6742
5819,42,1,1,10,6,-1.9575,0.05,1,0,3.6744
5820,20,1,1,7,3,-2.16,0.05,1,0,3.6745
5821,140,1,1,11,20,-5.025,0.05,1,0,3.6753
5822,20,0,0,6,3,-3.71,0.05,1,0,3.6755
5823,35,2,2,10,5,-0.53,0.05,1,0,3.6758
5824,15,2,2,5,2,-1.5675,0.05,1,0,3.676
5825,28,0,0,11,4,-1.925,0.05,1,0,3.6762
5826,15,0,0,2,2,-4.685,0.05,1,0,3.6766
5827,43,3,3,8,6,-0.1675,0.05,1,0,3.6762
5828,41,2,2,11,6,-0.2875,0.05,1,0,3.6764
5829,34,1,1,8,5,-2.535,0.05,1,0,3.6766
5830,134,2,2,10,19,-4.2325,0.05,1,0,3.6771
5831,400,9,9,28,30,11.13,0.05,0,1,3.679
5832,13,0,0,4,2,-3.7975,0.05,1,0,3.6793
5833,58,2,2,14,8,0.4975,0.05,1,0,3.6796
5834,27,1,1,8,4,-2.0725,0.05,1,0,3.6797
5835,41,6,6,18,6,6.1675,0.05,1,0,3.68
5836,76,0,0,5,11,-6.2025,0.05,1,0,3.6804
5837,27,1,1,7,4,-2.4725,0.05,1,0,3.6806
5838,20,2,2,7,3,-1.01,0.05,1,0,3.6808
5839,99,2,2,15,14,-1.41,0.05,1,0,3.681
5840,27,2,2,9,4,-0.6725,0.05,1,0,3.6813
5841,42,2,2,9,6,-1.1675,0.05,1,0,3.6818
5842,148,2,2,10,21,-4.83,0.05,1,0,3.682
5843,62,2,2,9,9,-1.8775,0.05,1,0,3.6822
5844,20,2,2,9,3,-0.21,0.05,1,0,3.6824
5845,6,0,0,2,1,-4.5025,0.05,1,0,3.6827
5846,69,0,0,7,10,-5.08,0.05,1,0,3.6828
5847,90,1,1,9,13,-4.0575,0.05,1,0,3.6829
5848,182,0,0,4,26,-10.1575,0.05,1,0,3.6831
5849,34,2,2,11,5,0.0225,0.05,1,0,3.6831
5850,252,0,0,3,36,-13.2275,0.05,1,0,3.6838
5851,85,6,6,23,12,6.515,0.05,1,0,3.6846
5852,246,6,6,23,34,0.86,0.05,1,0,3.6856
5853,13,0,0,4,2,-3.865,0.05,1,0,3.686
5854,183,2,2,11,26,-5.8525,0.05,1,0,3.6863
5855,55,1,1,10,8,-2.3075,0.05,1,0,3.6866
5856,20,1,1,8,3,-1.8025,0.05,1,0,3.6869
5857,43,4,4,15,6,3.0325,0.05,1,0,3.6871
5858,49,0,0,6,7,-4.7375,0.05,1,0,3.6874
5859,44,0,0,6,6,-4.3775,0.05,1,0,3.6876
5860,145,4,4,14,15,0.205,0.05,1,0,3.688
5861,20,2,2,6,3,-1.46,0.05,1,0,3.6882
5862,5,0,0,1,1,-4.875,0.05,1,0,3.6884
5863,70,0,0,6,10,-5.625,0.05,1,0,3.6888
5864,56,0,0,4,8,-5.6825,0.05,1,0,3.6891
5865,27,2,2,9,4,-0.7725,0.05,1,0,3.6893
5866,20,2,2,8,3,-0.81,0.05,1,0,3.6895
5867,92,1,1,6,13,-5.255,0.05,1,0,3.6897
5868,63,3,3,10,9,-0.855,0.05,1,0,3.6902
5869,138,2,2,10,19,-4.205,0.05,1,0,3.6905
5870,21,0,0,10,3,-2.22,0.05,1,0,3.6905
5871,49,4,4,10,7,1.27,0.05,1,0,3.6905
5872,48,4,4,16,7,3.2975,0.05,1,0,3.691
5873,177,3,3,14,25,-3.4975,0.05,1,0,3.6911
5874,20,1,1,6,3,-2.51,0.05,1,0,3.6913
5875,212,1,1,8,30,-8.9725,0.05,1,0,3.6921
5876,27,2,2,7,4,-1.465,0.05,1,0,3.6923
5877,28,1,1,12,4,-0.575,0.05,1,0,3.6924
5878,7,0,0,3,1,-4.1625,0.05,1,0,3.6924
5879,22,1,1,8,3,-1.98,0.05,1,0,3.6925
5880,164,0,0,9,23,-8.0425,0.05,1,0,3.6927
5881,90,6,6,17,12,4.605,0.05,1,0,3.6931
5882,49,7,7,18,7,6.9875,0.05,1,0,3.6934
5883,120,2,2,9,17,-4.1075,0.05,1,0,3.6941
5884,5,0,0,2,1,-4.575,0.05,1,0,3.6943
5885,37,2,2,12,5,-0.165,0.05,1,0,3.6945
5886,48,1,1,6,7,-3.66,0.05,1,0,3.6947
5887,183,0,0,5,26,-10.185,0.05,1,0,3.6946
5888,159,3,3,15,22,-1.9525,0.05,1,0,3.6953
5889,27,1,1,3,4,-3.79,0.05,1,0,3.6957
5890,13,0,0,9,2,-2.1475,0.05,1,0,3.6957
5891,400,1,1,12,57,-9.305,0.05,0,1,3.6963
5892,13,0,0,4,2,-4.0975,0.05,1,0,3.6966
5893,169,0,0,8,24,-8.485,0.05,1,0,3.697
5894,400,5,5,16,57,-3.4325,0.05,0,1,3.6974
5895,20,1,1,5,3,-2.9275,0.05,1,0,3.6978
5896,14,0,0,7,2,-2.7175,0.05,1,0,3.698
5897,105,0,0,8,15,-6.015,0.05,1,0,3.698
5898,34,0,0,7,5,-3.775,0.05,1,0,3.6981
5899,276,1,1,12,39,-10.0025,0.05,1,0,3.6981
5900,69,2,2,11,10,-1.59,0.05,1,0,3.6986
5901,260,6,6,29,34,2.6125,0.05,1,0,3.6994
5902,27,1,1,10,4,-1.6225,0.05,1,0,3.6995
5903,20,2,2,10,3,0.04,0.05,1,0,3.6996
5904,20,2,2,9,3,-0.46,0.05,1,0,3.6998
5905,97,5,5,20,14,4.0675,0.05,1,0,3.7002
5906,28,2,2,7,4,-1.3825,0.05,1,0,3.7004
5907,84,0,0,5,12,-6.165,0.05,1,0,3.7006
5908,55,1,1,4,8,-4.2625,0.05,1,0,3.7007
5909,98,1,1,9,14,-4.4075,0.05,1,0,3.701
5910,20,2,2,8,3,-0.76,0.05,1,0,3.7011
5911,27,2,2,6,4,-1.7225,0.05,1,0,3.7014
5912,112,3,3,12,16,-1.625,0.05,1,0,3.7019
5913,20,1,1,8,3,-1.81,0.05,1,0,3.702
5914,49,1,1,7,7,-3.4125,0.05,1,0,3.7024
5915,27,2,2,11,4,0.0775,0.05,1,0,3.7027
5916,20,1,1,8,3,-1.72,0.05,1,0,3.703
5917,136,0,0,8,19,-7.1825,0.05,1,0,3.7031
5918,69,0,0,3,10,-6.4575,0.05,1,0,3.7036
5919,20,1,1,9,3,-1.21,0.05,1,0,3.7037
5920,20,2,2,9,3,-0.31,0.05,1,0,3.7038
5921,22,0,0,8,3,-2.93,0.05,1,0,3.704
5922,183,2,2,10,26,-6.2675,0.05,1,0,3.7042
5923,34,0,0,4,5,-4.8525,0.05,1,0,3.7047
5924,20,1,1,8,3,-2.11,0.05,1,0,3.7048
5925,20,2,2,9,3,-0.21,0.05,1,0,3.7051
5926,14,0,0,8,2,-2.8575,0.05,1,0,3.7051
5927,35,0,0,5,5,-4.505,0.05,1,0,3.7051
5928,106,6,6,18,10,5.54,0.05,1,0,3.7064
5929,14,0,0,3,2,-4.21,0.05,1,0,3.7064
5930,21,0,0,4,3,-4.3875,0.05,1,0,3.7064
5931,34,0,0,5,5,-4.435,0.05,1,0,3.7066
5932,400,4,4,14,57,-4.935,0.05,0,1,3.7072
5933,123,4,4,14,17,-0.085,0.05,1,0,3.7074
5934,48,0,0,9,7,-3.5525,0.05,1,0,3.7076
5935,225,0,0,5,32,-11.335,0.05,1,0,3.708
5936,57,0,0,9,8,-3.8925,0.05,1,0,3.7081
5937,5,0,0,3,1,-4.275,0.05,1,0,3.7082
5938,20,1,1,6,3,-2.42,0.05,1,0,3.7086
5939,76,1,1,7,11,-4.31,0.05,1,0,3.7087
5940,22,1,1,9,3,-1.38,0.05,1,0,3.7089
5941,91,0,0,8,13,-5.295,0.05,1,0,3.7087
5942,56,3,3,12,8,0.5075,0.05,1,0,3.7093
5943,20,1,1,6,3,-2.6025,0.05,1,0,3.7096
5944,141,2,2,7,20,-5.585,0.05,1,0,3.7099
5945,21,0,0,5,3,-4.08,0.05,1,0,3.7099
5946,29,1,1,5,4,-3.0425,0.05,1,0,3.7102
5947,113,0,0,5,16,-7.5425,0.05,1,0,3.7104
5948,100,3,3,17,8,1.935,0.05,1,0,3.7108
5949,350,6,6,22,49,-3.085,0.05,1,0,3.7116
5950,27,1,1,8,4,-2.0225,0.05,1,0,3.7116
5951,20,2,2,7,3,-1.21,0.05,1,0,3.7118
5952,35,1,1,8,5,-2.295,0.05,1,0,3.7119
5953,20,1,1,9,3,-1.61,0.05,1,0,3.7121
5954,176,2,2,14,25,-4.255,0.05,1,0,3.7123
5955,20,1,1,8,3,-1.91,0.05,1,0,3.7126
5956,29,2,2,9,4,-0.4925,0.05,1,0,3.7129
5957,20,2,2,6,3,-1.46,0.05,1,0,3.7131
5958,218,1,1,13,31,-7.6825,0.05,1,0,3.7133
5959,76,0,0,3,11,-6.82,0.05,1,0,3.7138
5960,100,0,0,12,14,-4.57,0.05,1,0,3.714
5961,55,1,1,7,8,-3.5725,0.05,1,0,3.7142
5962,400,0,0,7,56,-11.9625,0.05,0,1,3.7146
5963,62,3,3,18,9,2.53,0.05,1,0,3.7148
5964,255,0,0,9,36,-11.1025,0.05,1,0,3.7149
5965,41,4,4,11,6,1.76,0.05,1,0,3.7151
5966,119,1,1,9,17,-5.1525,0.05,1,0,3.7151
5967,154,0,0,4,22,-9.3,0.05,1,0,3.7153
5968,20,1,1,10,3,-1.15,0.05,1,0,3.7154
5969,20,3,3,7,3,-0.01,0.05,1,0,3.7156
5970,48,0,0,4,7,-5.2775,0.05,1,0,3.716
5971,27,1,1,9,4,-1.4825,0.05,1,0,3.7163
5972,112,1,1,10,16,-4.1725,0.05,1,0,3.7161
5973,34,2,2,9,5,-0.985,0.05,1,0,3.7163
5974,155,0,0,5,22,-9.0275,0.05,1,0,3.7163
5975,349,8,8,26,49,0.6275,0.05,1,0,3.7172
5976,28,0,0,8,4,-3.3825,0.05,1,0,3.7173
5977,115,0,0,5,16,-7.4725,0.05,1,0,3.7174
5978,5,0,0,2,1,-4.475,0.05,1,0,3.7176
5979,20,2,2,8,3,-0.76,0.05,1,0,3.7177
5980,67,1,1,7,9,-3.695,0.05,1,0,3.7178
5981,27,1,1,8,4,-2.2225,0.05,1,0,3.718
5982,28,0,0,6,4,-4.15,0.05,1,0,3.718
5983,139,1,1,10,20,-5.5725,0.05,1,0,3.7183
5984,122,1,1,8,17,-5.475,0.05,1,0,3.7184
5985,21,2,2,8,3,-0.87,0.05,1,0,3.7186
5986,93,0,0,4,13,-7.0325,0.05,1,0,3.7186
5987,6,0,0,2,1,-4.5025,0.05,1,0,3.719
5988,20,1,1,6,3,-2.5025,0.05,1,0,3.7193
5989,49,0,0,6,7,-4.62,0.05,1,0,3.7195
5990,400,11,11,37,41,13.1475,0.05,0,1,3.7207
5991,21,1,1,7,3,-2.18,0.05,1,0,3.7207
5992,119,1,1,7,17,-5.9375,0.05,1,0,3.721
5993,20,2,2,10,3,-0.41,0.05,1,0,3.7211
5994,27,2,2,9,4,-0.7725,0.05,1,0,3.7213
5995,41,5,5,17,6,4.86,0.05,1,0,3.7219
5996,29,0,0,6,4,-3.81,0.05,1,0,3.7223
5997,27,1,1,8,4,-2.065,0.05,1,0,3.7225
5998,34,2,2,7,5,-1.5675,0.05,1,0,3.7229
5999,66,1,1,6,9,-4.1425,0.05,1,0,3.7229
6000,41,0,0,5,6,-4.8075,0.05,1,0,3.7234
